community,size,mean_pair_cosine,mean_cosine_silhouette,negative_silhouette_fraction,representatives,boundary_words,deterministic_sample,all_members,soft_mass,mean_max_membership,mean_normalized_membership_entropy,highest_membership_words,strongest_members_outside_hard_cluster
0,46,0.4196762784403127,0.07192381205269673,0.13043478260869565,别致 | 古朴 | 优美 | 质朴 | 精致 | 艳丽 | 迷人 | 纯朴 | 优雅 | 朴实 | 甜美 | 浓郁,地道 | 原汁原味 | 浓郁 | 欢快 | 鲜艳 | 洋溢 | 丰满 | 诱人,甜美 | 秀美 | 丰富多彩 | 新奇 | 古朴 | 优美 | 浓郁 | 优雅 | 地道 | 亮丽 | 富有 | 动感,别致 | 古朴 | 优美 | 质朴 | 精致 | 艳丽 | 迷人 | 纯朴 | 优雅 | 朴实 | 甜美 | 浓郁 | 细腻 | 高雅 | 新颖 | 精美 | 秀丽 | 清新 | 动听 | 鲜艳 | 奇特 | 华丽 | 欢快 | 浪漫 | 悦耳 | 可爱 | 活泼 | 秀美 | 新奇 | 朴素 | 缤纷 | 动感 | 风情 | 情调 | 亮丽 | 逼真 | 酣畅 | 富有 | 诱人 | 洋溢 | 原汁原味 | 丰富多彩 | 别具匠心 | 丰满 | 点缀 | 地道,46.02995780103604,0.9992229697723856,0.000728006509954373,精美:1.000000 | 别致:1.000000 | 缤纷:1.000000 | 浓郁:1.000000 | 诱人:1.000000 | 动感:1.000000 | 清新:1.000000 | 秀美:1.000000 | 丰富多彩:1.000000 | 优美:1.000000 | 秀丽:1.000000 | 纯朴:1.000000,高贵:0.037123 | 引人入胜:0.016843 | 梦幻:0.010236
1,70,0.3904450292134422,0.04986215849646352,0.11428571428571428,扔 | 踹 | 拽 | 叼 | 磕 | 蹦 | 拎 | 摔 | 揍 | 扯 | 砸 | 捡,穿 | 干 | 喷 | 刮 | 耍 | 吸 | 偷 | 捞,蹦 | 弄 | 挑 | 碰 | 摸 | 啃 | 撑 | 蹭 | 耍 | 砸 | 蹲 | 拎,扔 | 踹 | 拽 | 叼 | 磕 | 蹦 | 拎 | 摔 | 揍 | 扯 | 砸 | 捡 | 扒 | 捅 | 舔 | 摸 | 掏 | 抠 | 蹭 | 敲 | 躺 | 踢 | 瞅 | 揪 | 扛 | 耍 | 揣 | 弄 | 溜 | 丢 | 抖 | 打 | 搬 | 撕 | 捞 | 碰 | 搁 | 趴 | 挨 | 挑 | 蹲 | 啃 | 坐 | 搀 | 挤 | 撑 | 跳 | 摆 | 偷 | 翻 | 刮 | 跪 | 吹 | 搭 | 背 | 歪 | 挂 | 攒 | 凑 | 捂 | 抓 | 拣 | 盯 | 喷 | 干 | 哄 | 装 | 穿 | 扮 | 吸,70.45458878022968,0.9976030543803256,0.0023892485519363582,摆:1.000000 | 撕:1.000000 | 叼:1.000000 | 踢:1.000000 | 抠:1.000000 | 搭:1.000000 | 舔:1.000000 | 攒:1.000000 | 扯:1.000000 | 掏:1.000000 | 耍:1.000000 | 搁:1.000000,甩:0.337382 | 砍:0.072917 | 跑:0.054961 | 拔:0.039297 | 放:0.027200 | 掰:0.015782 | 摇:0.011007 | 捉:0.010311
2,52,0.35969308084350177,0.021695716719523497,0.3076923076923077,讹诈 | 阻挠 | 煽动 | 挑衅 | 诽谤 | 纵容 | 恐吓 | 迫害 | 欺骗 | 谋害 | 谴责 | 阴谋,闹事 | 决不 | 猖狂 | 制止 | 钻空子 | 辩护 | 捣乱 | 袖手旁观,辩护 | 插手 | 报复 | 勾结 | 拒绝 | 引诱 | 大肆 | 制止 | 打倒 | 推卸 | 抗拒 | 恐吓,讹诈 | 阻挠 | 煽动 | 挑衅 | 诽谤 | 纵容 | 恐吓 | 迫害 | 欺骗 | 谋害 | 谴责 | 阴谋 | 公然 | 勾结 | 侮辱 | 无理 | 捣乱 | 企图 | 报复 | 猖狂 | 殴打 | 怠工 | 竟敢 | 虐待 | 背叛 | 鼓动 | 揭露 | 闹事 | 揭发 | 强迫 | 乘人之危 | 引诱 | 制止 | 逼迫 | 惩罚 | 借口 | 反对 | 拒绝 | 无恶不作 | 大肆 | 抵制 | 抗拒 | 推卸 | 插手 | 打倒 | 辩护 | 钻空子 | 袖手旁观 | 不顾 | 决不 | 斩草除根 | 矛头,52.02328171863432,0.9987385116600381,0.001285704545336719,大肆:1.000000 | 怠工:1.000000 | 揭发:1.000000 | 企图:1.000000 | 公然:1.000000 | 猖狂:1.000000 | 阴谋:1.000000 | 推卸:1.000000 | 强迫:1.000000 | 借口:1.000000 | 乘人之危:1.000000 | 无恶不作:1.000000,干涉:0.051075 | 饶恕:0.010093
3,72,0.24893973423331694,-0.004849500904268321,0.5416666666666666,测算 | 依据 | 估算 | 推算 | 根据 | 推断 | 分析 | 判定 | 推测 | 确定 | 计算 | 预测,审定 | 简要 | 解析 | 施行 | 变更 | 举例 | 潜在 | 曝光,据此 | 潜在 | 一致 | 简要 | 举例 | 简称 | 原 | 判定 | 评估 | 归属 | 推算 | 后续,测算 | 依据 | 估算 | 推算 | 根据 | 推断 | 分析 | 判定 | 推测 | 确定 | 计算 | 预测 | 判断 | 统计 | 参照 | 评估 | 界定 | 认定 | 定义 | 如下 | 依照 | 显示 | 按照 | 具体 | 相关 | 披露 | 明确 | 据此 | 公布 | 评定 | 假设 | 解析 | 有关 | 参考 | 得出 | 基于 | 证实 | 发布 | 说明 | 上述 | 实际 | 举例 | 对比 | 简要 | 修正 | 相应 | 变更 | 针对 | 关联 | 审定 | 变动 | 后续 | 简称 | 及 | 一致 | 及其 | 经 | 包括 | 名称 | 关于 | 以下 | 来源 | 官方 | 参见 | 未经 | 对象 | 潜在 | 原 | 个案 | 曝光 | 归属 | 施行,72.0288220508777,0.9944441591885637,0.004577164003279663,经:1.000000 | 确定:1.000000 | 具体:1.000000 | 证实:1.000000 | 推算:1.000000 | 针对:1.000000 | 变动:1.000000 | 如下:1.000000 | 解析:0.999999 | 参照:0.999999 | 审定:0.999999 | 根据:0.999999,由:0.106560 | 公开:0.072963 | 其中:0.056570 | 率:0.045022 | 假定:0.021624 | 部分:0.014372
4,35,0.33953540884891126,0.032764601078327606,0.2857142857142857,荡漾 | 弥漫 | 流淌 | 闪烁 | 绽放 | 波涛 | 耸立 | 照耀 | 笼罩 | 光芒 | 汹涌 | 盛开,浓重 | 歌声 | 回首 | 寂静 | 往日 | 连绵 | 布满 | 摇摆,无边 | 如一 | 汹涌 | 荡漾 | 簇拥 | 摇摆 | 扑面而来 | 盛开 | 流淌 | 弥漫 | 跳动 | 笼罩,荡漾 | 弥漫 | 流淌 | 闪烁 | 绽放 | 波涛 | 耸立 | 照耀 | 笼罩 | 光芒 | 汹涌 | 盛开 | 朦胧 | 寂静 | 沸腾 | 布满 | 连绵 | 扑面而来 | 屹立 | 望见 | 跳动 | 歌声 | 徐徐 | 簇拥 | 浮现 | 起伏 | 无边 | 散发 | 显出 | 浓重 | 回首 | 如一 | 点燃 | 摇摆 | 往日,34.994938155718785,0.9997125954471668,0.0003783554585541103,耸立:1.000000 | 布满:1.000000 | 屹立:1.000000 | 荡漾:1.000000 | 徐徐:1.000000 | 连绵:1.000000 | 沸腾:1.000000 | 回首:1.000000 | 朦胧:1.000000 | 点燃:1.000000 | 显出:1.000000 | 如一:1.000000,
5,27,0.2843667556980027,-0.009223088462637563,0.5185185185185185,跳跃 | 奔跑 | 穿越 | 飞翔 | 探险 | 观赏 | 捕捉 | 触摸 | 撞击 | 行走 | 拍摄 | 操控,冲浪 | 环绕 | 观看 | 集结 | 搜寻 | 隐身 | 观测 | 驾驭,集结 | 冲浪 | 触摸 | 漫游 | 撞击 | 投射 | 跨越 | 隐身 | 操控 | 驾驭 | 搜寻 | 观赏,跳跃 | 奔跑 | 穿越 | 飞翔 | 探险 | 观赏 | 捕捉 | 触摸 | 撞击 | 行走 | 拍摄 | 操控 | 投射 | 漫游 | 冲浪 | 体验 | 观测 | 驾驭 | 观看 | 搜寻 | 环绕 | 跨越 | 碰撞 | 进化 | 隐身 | 传递 | 集结,26.997153745964283,0.9998896620548111,0.00015642149186786408,飞翔:1.000000 | 奔跑:1.000000 | 穿越:1.000000 | 触摸:1.000000 | 拍摄:1.000000 | 操控:1.000000 | 体验:1.000000 | 跳跃:1.000000 | 集结:1.000000 | 捕捉:1.000000 | 碰撞:1.000000 | 驾驭:1.000000,
6,55,0.415488224125693,0.05330124651662846,0.16363636363636364,薯片 | 饼干 | 饮料 | 果汁 | 薯条 | 零食 | 点心 | 卤味 | 巧克力 | 烤肉 | 水果 | 汽水,肥皂 | 彩电 | 洗衣粉 | 小吃 | 沐浴露 | 水果 | 红茶 | 牙膏,桑拿 | 葡萄酒 | 洗衣粉 | 蛋糕 | 盒饭 | 口香糖 | 肥皂 | 红茶 | 水果 | 餐 | 薯片 | 香水,薯片 | 饼干 | 饮料 | 果汁 | 薯条 | 零食 | 点心 | 卤味 | 巧克力 | 烤肉 | 水果 | 汽水 | 海鲜 | 咖啡 | 红酒 | 罐头 | 火锅 | 糖果 | 啤酒 | 月饼 | 小吃 | 快餐 | 寿司 | 中餐 | 冰棍儿 | 方便面 | 可乐 | 西餐 | 红茶 | 烧烤 | 早餐 | 盒饭 | 蛋糕 | 粽子 | 三明治 | 烤鸭 | 口香糖 | 酒水 | 矿泉水 | 喜糖 | 主食 | 葡萄酒 | 餐 | 沐浴露 | 牙膏 | 洗衣粉 | 料理 | 肥皂 | 香水 | 麻将 | 鞭炮 | 杯 | 桑拿 | 爆竹 | 彩电,55.0538261582702,0.9960173188564462,0.0032985657254147862,烧烤:1.000000 | 中餐:1.000000 | 快餐:1.000000 | 烤肉:1.000000 | 爆竹:1.000000 | 啤酒:1.000000 | 酒水:1.000000 | 海鲜:1.000000 | 喜糖:1.000000 | 西餐:1.000000 | 桑拿:1.000000 | 鞭炮:1.000000,酸奶:0.173592 | 塑料袋:0.030614 | 西瓜:0.013900 | 钞票:0.012038
7,51,0.31690113017545807,-0.005880414080167438,0.5490196078431373,贴切 | 简洁 | 恰当 | 精妙 | 生动 | 工整 | 清晰 | 准确 | 详尽 | 严谨 | 流畅 | 透彻,单一 | 透明 | 不同寻常 | 自如 | 十分 | 流畅 | 对称 | 生动,极其 | 简单 | 合乎 | 千变万化 | 精确 | 详尽 | 深奥 | 真实 | 对称 | 透彻 | 自如 | 恰当,贴切 | 简洁 | 恰当 | 精妙 | 生动 | 工整 | 清晰 | 准确 | 详尽 | 严谨 | 流畅 | 透彻 | 恰如其分 | 巧妙 | 简单 | 有趣 | 直观 | 精确 | 精练 | 鲜明 | 深奥 | 微妙 | 耐人寻味 | 简短 | 复杂 | 真实 | 恰到好处 | 紧凑 | 细微 | 宽泛 | 通俗 | 相似 | 醒目 | 吻合 | 极其 | 可信 | 千变万化 | 通顺 | 合乎 | 一目了然 | 不同寻常 | 极为 | 寻常 | 分明 | 十分 | 画龙点睛 | 熟悉 | 自如 | 对称 | 透明 | 单一,50.873988874339034,0.9966613393286704,0.003354945825851084,清晰:1.000000 | 精练:1.000000 | 醒目:1.000000 | 巧妙:1.000000 | 细微:1.000000 | 简短:1.000000 | 深奥:1.000000 | 恰到好处:1.000000 | 恰如其分:1.000000 | 精妙:1.000000 | 流畅:1.000000 | 紧凑:1.000000,相同:0.018989
8,78,0.2225499364719444,-0.035627425230372094,0.8333333333333334,从而 | 进而 | 使得 | 势必 | 必将 | 将 | 一方面 | 对于 | 由此 | 逐步 | 并且 | 使,确信 | 始终 | 必须 | 首先 | 即 | 认为 | 并且 | 外界,首先 | 在于 | 彻底 | 以 | 得以 | 为 | 始终 | 同等 | 一方面 | 使得 | 不利于 | 未来,从而 | 进而 | 使得 | 势必 | 必将 | 将 | 一方面 | 对于 | 由此 | 逐步 | 并且 | 使 | 意味着 | 同时 | 逐渐 | 取决于 | 另一方面 | 有望 | 不利于 | 致使 | 并 | 在于 | 反过来 | 最终 | 能否 | 对 | 以及 | 得以 | 鉴于 | 其 | 不断 | 表明 | 与此同时 | 无法 | 自身 | 随着 | 大大 | 源于 | 首先 | 未来 | 必须 | 继续 | 与其 | 后者 | 长期 | 即 | 与 | 决定 | 和 | 重新 | 出于 | 始终 | 双重 | 间接 | 今后 | 主要 | 彻底 | 以 | 视为 | 为此 | 从中 | 已 | 来源于 | 认为 | 得到 | 确信 | 除 | 首要 | 迟迟 | 分别 | 外界 | 为 | 各自 | 于 | 所 | 持有 | 变为 | 同等,78.86589420799783,0.997457562241309,0.00275466866295654,进而:1.000000 | 对:1.000000 | 使:1.000000 | 同时:1.000000 | 彻底:1.000000 | 重新:1.000000 | 得以:1.000000 | 以:1.000000 | 能否:1.000000 | 逐步:0.999999 | 逐渐:0.999999 | 与:0.999997,起到:0.270760 | 尚未:0.174452 | 潜在:0.118442 | 其中:0.117092 | 仍:0.087381 | 全部:0.030574 | 其余:0.028592 | 由于:0.026227
9,42,0.29684506134535243,-0.004570146074997434,0.5,艰苦奋斗 | 团结 | 发扬 | 自强不息 | 弘扬 | 祖国 | 富强 | 社会主义 | 中华民族 | 公仆 | 自力更生 | 爱国,学子 | 辛勤 | 一心 | 同舟共济 | 艰苦奋斗 | 自强不息 | 精神 | 干事,民主 | 事业 | 模范 | 一心 | 人民 | 干事 | 革命 | 成才 | 自强不息 | 爱国 | 同舟共济 | 同胞,艰苦奋斗 | 团结 | 发扬 | 自强不息 | 弘扬 | 祖国 | 富强 | 社会主义 | 中华民族 | 公仆 | 自力更生 | 爱国 | 人民 | 榜样 | 民主 | 觉悟 | 楷模 | 革命 | 志气 | 同舟共济 | 成才 | 争光 | 和平 | 党 | 精神 | 模范 | 辛勤 | 改革开放 | 造福 | 事业 | 保卫 | 表率 | 哺育 | 扎根 | 致富 | 大家庭 | 干事 | 互助 | 同胞 | 解放 | 学子 | 一心,41.73448760772132,0.9935461569039175,0.0046676830179345815,扎根:1.000000 | 造福:1.000000 | 争光:1.000000 | 学子:1.000000 | 辛勤:1.000000 | 保卫:1.000000 | 干事:1.000000 | 致富:0.999999 | 公仆:0.999999 | 大家庭:0.999999 | 弘扬:0.999998 | 艰苦奋斗:0.999997,
10,62,0.28984039825321534,-0.035217040991357064,0.8387096774193549,拦 | 爬 | 拉 | 撞 | 踏 | 走 | 窜 | 甩 | 抱 | 牵 | 追 | 冲,甩 | 闭 | 抽 | 爬 | 仰 | 捧 | 撬 | 抢,闪 | 倚 | 充 | 拐 | 歇 | 牵 | 爬 | 停 | 堵 | 聚 | 撞 | 望,拦 | 爬 | 拉 | 撞 | 踏 | 走 | 窜 | 甩 | 抱 | 牵 | 追 | 冲 | 扶 | 踩 | 奔 | 赶 | 仰 | 跑 | 掀 | 绕 | 挽 | 挡 | 倚 | 揽 | 推 | 撬 | 堵 | 抽 | 飘 | 骑 | 抢 | 插 | 拐 | 探 | 闪 | 挪 | 歇 | 寻 | 抛 | 停 | 钻 | 迎 | 守 | 掉头 | 进 | 开 | 捧 | 摇 | 围 | 驾 | 锁 | 见 | 望 | 转 | 护 | 闭 | 朝 | 隔 | 添 | 裸 | 聚 | 充,61.71327103024156,0.9913456074134569,0.005031122031388269,捧:1.000000 | 揽:1.000000 | 望:1.000000 | 踏:1.000000 | 寻:1.000000 | 迎:1.000000 | 护:1.000000 | 驾:1.000000 | 掀:1.000000 | 围:1.000000 | 添:1.000000 | 守:0.999999,藏:0.046646 | 排:0.044197 | 抬:0.014870 | 刮:0.014365 | 垂:0.013699 | 溅:0.012281
11,37,0.3438350668059991,0.06164141538509396,0.1891891891891892,功底 | 功力 | 天分 | 天赋 | 基本功 | 技巧 | 才华 | 特长 | 专长 | 本领 | 技能 | 技艺,前辈 | 角色 | 入门 | 作风 | 座右铭 | 诀窍 | 胜任 | 演技,才华 | 功底 | 功夫 | 技艺 | 一技之长 | 素质 | 演技 | 诀窍 | 学问 | 功力 | 天分 | 爱好,功底 | 功力 | 天分 | 天赋 | 基本功 | 技巧 | 才华 | 特长 | 专长 | 本领 | 技能 | 技艺 | 素养 | 口才 | 手艺 | 学问 | 一技之长 | 爱好 | 长处 | 精通 | 演技 | 素质 | 底子 | 诀窍 | 功夫 | 擅长 | 强项 | 心得 | 资历 | 要领 | 入门 | 胜任 | 作风 | 行家 | 前辈 | 座右铭 | 角色,36.92646921192815,0.9967233211048457,0.0024653438740603723,要领:1.000000 | 底子:1.000000 | 胜任:1.000000 | 功底:1.000000 | 学问:1.000000 | 技能:1.000000 | 天赋:1.000000 | 功力:1.000000 | 入门:1.000000 | 技巧:1.000000 | 才华:1.000000 | 天分:1.000000,人才:0.032105 | 经验:0.012939
12,78,0.34457668517417267,0.005108372586924007,0.4358974358974359,旁边 | 后边 | 扭头 | 前边 | 坐下 | 跟前 | 老远 | 发愣 | 一旁 | 走开 | 后面 | 门口,穿着 | 哪儿 | 楼上 | 关上 | 里面 | 打招呼 | 会意 | 上楼,里面 | 指着 | 左顾右盼 | 只见 | 右边 | 边 | 打招呼 | 站住 | 动静 | 哪儿 | 前边 | 把,旁边 | 后边 | 扭头 | 前边 | 坐下 | 跟前 | 老远 | 发愣 | 一旁 | 走开 | 后面 | 门口 | 挨着 | 前面 | 楼下 | 左边 | 对面 | 招呼 | 下边 | 上边 | 右边 | 一眼 | 站住 | 停下 | 底下 | 回头 | 指着 | 瞧 | 上楼 | 伸手 | 楼上 | 进去 | 示意 | 转身 | 上面 | 只见 | 后头 | 招手 | 递给 | 关上 | 车上 | 进来 | 东张西望 | 上去 | 边 | 前头 | 上头 | 过来 | 两边 | 台上 | 左顾右盼 | 打量 | 下面 | 低头 | 大模大样 | 顺着 | 连滚带爬 | 留神 | 里面 | 拐弯 | 抬头 | 打招呼 | 敲门 | 中间 | 放下 | 往 | 灵机一动 | 会意 | 推开 | 背着 | 举手 | 开口 | 哪儿 | 着 | 张扬 | 把 | 穿着 | 动静,77.9275801927885,0.9945722255391098,0.004018493250222172,下边:1.000000 | 前边:1.000000 | 穿着:1.000000 | 楼上:1.000000 | 上边:1.000000 | 门口:1.000000 | 后边:1.000000 | 示意:1.000000 | 楼下:1.000000 | 递给:1.000000 | 前面:1.000000 | 左边:1.000000,隔壁:0.093564 | 出去:0.064225 | 原地:0.051991 | 里边:0.045537 | 哪里:0.014553 | 来回:0.012769
13,82,0.3419315894309913,0.01504441276372473,0.36585365853658536,不要 | 怕 | 你 | 别 | 何必 | 免得 | 干吗 | 用不着 | 你们 | 想 | 何苦 | 不用,真心 | 敢情 | 你 | 俗话说 | 大伙儿 | 人家 | 自己 | 到头来,大伙儿 | 真心 | 谁 | 没事儿 | 怕 | 他们 | 老是 | 当 | 只管 | 不许 | 经常 | 总是,不要 | 怕 | 你 | 别 | 何必 | 免得 | 干吗 | 用不着 | 你们 | 想 | 何苦 | 不用 | 老是 | 咱 | 生怕 | 人家 | 巴不得 | 成天 | 宁愿 | 没事儿 | 懒得 | 只管 | 整天 | 要 | 别人 | 从来不 | 用得着 | 忍心 | 不许 | 咱们 | 没法儿 | 宁可 | 动不动 | 敢 | 有人 | 随便 | 一天到晚 | 谁 | 索性 | 休想 | 不必 | 干脆 | 只好 | 他们 | 就要 | 有时候 | 从不 | 好好 | 常常 | 拜托 | 假装 | 存心 | 总是 | 再 | 只顾 | 不至于 | 先 | 去 | 大伙儿 | 经常 | 不 | 趁早 | 指望 | 免不了 | 自己 | 故意 | 别的 | 不准 | 真心 | 敢情 | 到头来 | 当心 | 帮 | 让 | 有的 | 暗地里 | 于是 | 当 | 们 | 为了 | 来 | 俗话说,81.74307296946753,0.9898157244046635,0.00536792357145783,咱:1.000000 | 别人:1.000000 | 整天:1.000000 | 成天:1.000000 | 动不动:1.000000 | 再:1.000000 | 咱们:1.000000 | 先:1.000000 | 想:1.000000 | 别:1.000000 | 一天到晚:0.999999 | 好好:0.999999,没:0.090997 | 不如:0.081508 | 又:0.062113 | 都会:0.061739 | 有时:0.045890 | 有没有:0.038775 | 没有:0.030263 | 只能:0.029400
14,63,0.25801070385056574,-0.011646076087667826,0.6507936507936508,特性 | 特征 | 特点 | 规律 | 差异 | 方法 | 区别 | 差别 | 原理 | 属性 | 形态 | 优点,基因 | 常识 | 个人 | 题材 | 设想 | 先天 | 分量 | 内在,无关 | 分量 | 区分 | 共性 | 原型 | 用法 | 过程 | 个人 | 误区 | 先天 | 程度 | 方法,特性 | 特征 | 特点 | 规律 | 差异 | 方法 | 区别 | 差别 | 原理 | 属性 | 形态 | 优点 | 角度 | 共性 | 轨迹 | 结构 | 成分 | 缺点 | 脉络 | 功能 | 变化 | 区分 | 形式 | 长短 | 尺度 | 方式 | 顺序 | 因人而异 | 效果 | 产物 | 细节 | 好坏 | 有所不同 | 误区 | 场景 | 元素 | 内在 | 高低 | 层次 | 视角 | 局限 | 程度 | 过程 | 息息相关 | 方方面面 | 性 | 密不可分 | 背景 | 误差 | 选项 | 无关 | 曲线 | 分量 | 常识 | 题材 | 基因 | 标志 | 先天 | 分支 | 原型 | 设想 | 用法 | 个人,63.179936346282844,0.9980562643041765,0.002382697946755984,轨迹:1.000000 | 特性:1.000000 | 优点:1.000000 | 区别:0.999999 | 特征:0.999999 | 形式:0.999999 | 有所不同:0.999999 | 顺序:0.999999 | 原型:0.999999 | 规律:0.999998 | 分量:0.999998 | 效果:0.999997,对象:0.049172 | 等级:0.040012 | 与否:0.035412 | 性质:0.028217 | 要素:0.022894 | 缩影:0.019441 | 弊端:0.012471 | 起源:0.011280
15,46,0.2634017831718354,-0.035121626400908997,0.7608695652173914,黑暗 | 幻觉 | 苦难 | 伤痕 | 宇宙 | 灾难 | 阴影 | 灵魂 | 旋涡 | 火焰 | 浩劫 | 悲剧,灾难 | 瞬间 | 苦难 | 记忆 | 概念 | 裂缝 | 乌云 | 浩劫,幻影 | 概念 | 脚印 | 现实 | 世界 | 影子 | 乌云 | 生命 | 当下 | 灵魂 | 痕迹 | 幻觉,黑暗 | 幻觉 | 苦难 | 伤痕 | 宇宙 | 灾难 | 阴影 | 灵魂 | 旋涡 | 火焰 | 浩劫 | 悲剧 | 神话 | 错觉 | 生命 | 地狱 | 影子 | 幻影 | 人类 | 现实 | 时空 | 裂痕 | 痕迹 | 末日 | 裂缝 | 记忆 | 地球 | 脚印 | 荆棘 | 乌云 | 自然界 | 世界 | 陷阱 | 光环 | 巨人 | 火花 | 瞬间 | 历史 | 时代 | 无形 | 金字塔 | 概念 | 当下 | 何处 | 底层 | 中,45.99493835785667,0.9979932630870733,0.0022242708052285383,伤痕:1.000000 | 痕迹:1.000000 | 火花:1.000000 | 脚印:1.000000 | 幻觉:1.000000 | 影子:1.000000 | 末日:1.000000 | 裂缝:1.000000 | 裂痕:1.000000 | 火焰:1.000000 | 宇宙:1.000000 | 底层:1.000000,海底:0.039677 | 种:0.028264
16,43,0.32022081599911,-0.016105172934273083,0.627906976744186,实话 | 说 | 赐教 | 夸奖 | 问 | 不敢当 | 回答 | 有口无心 | 久仰 | 实话实说 | 听 | 请教,眼里 | 感触 | 深思 | 同感 | 老朋友 | 名字 | 表白 | 夸奖,不敢当 | 指点 | 头头是道 | 出口成章 | 认识 | 听 | 认得 | 冒昧 | 引经据典 | 实话实说 | 问 | 开场白,实话 | 说 | 赐教 | 夸奖 | 问 | 不敢当 | 回答 | 有口无心 | 久仰 | 实话实说 | 听 | 请教 | 心里话 | 脱口而出 | 一句话 | 请坐 | 指教 | 感触 | 过奖 | 句 | 同感 | 认得 | 冒昧 | 没说的 | 指点 | 告诉 | 感想 | 开场白 | 大意 | 诸位 | 表白 | 引经据典 | 出口成章 | 头头是道 | 琢磨 | 认识 | 见识 | 深思 | 老朋友 | 留心 | 名字 | 一番 | 眼里,42.83610351758791,0.9955092305932577,0.0028693453014868317,赐教:1.000000 | 过奖:1.000000 | 久仰:1.000000 | 请教:1.000000 | 指教:1.000000 | 听:1.000000 | 琢磨:1.000000 | 同感:1.000000 | 夸奖:1.000000 | 深思:1.000000 | 心里话:1.000000 | 眼里:1.000000,
17,49,0.38934709628384134,0.04502242084423706,0.1836734693877551,失眠 | 腹泻 | 呕吐 | 咳嗽 | 头晕 | 抑郁 | 发炎 | 感冒 | 抑郁症 | 疼痛 | 晕车 | 过敏,劳累 | 刷牙 | 输液 | 饥饿 | 患病 | 自杀 | 熬夜 | 骨折,睡眠 | 忌口 | 发炎 | 食欲 | 失明 | 戒烟 | 输液 | 酗酒 | 上瘾 | 患病 | 骨折 | 近视,失眠 | 腹泻 | 呕吐 | 咳嗽 | 头晕 | 抑郁 | 发炎 | 感冒 | 抑郁症 | 疼痛 | 晕车 | 过敏 | 出血 | 发作 | 生病 | 发烧 | 出汗 | 痴呆 | 昏迷 | 发热 | 患病 | 酗酒 | 打针 | 熬夜 | 忌口 | 休克 | 失明 | 食欲 | 劳累 | 疲劳 | 睡眠 | 不适 | 失恋 | 骨折 | 上瘾 | 刷牙 | 近视 | 安眠药 | 戒烟 | 怀孕 | 减肥 | 上火 | 口吃 | 饥饿 | 吸烟 | 催眠 | 青春期 | 输液 | 自杀,49.04910543362147,0.998045821508203,0.0018209868668408766,生病:1.000000 | 减肥:1.000000 | 抑郁:1.000000 | 抑郁症:1.000000 | 疲劳:1.000000 | 熬夜:1.000000 | 失眠:1.000000 | 发烧:1.000000 | 失恋:1.000000 | 晕车:1.000000 | 睡眠:1.000000 | 饥饿:1.000000,复发:0.029741 | 手术:0.028528 | 吸毒:0.027651 | 麻醉:0.018817 | 晕倒:0.014642
18,44,0.4072654634852849,0.052442159600467504,0.22727272727272727,嘲笑 | 责备 | 讥笑 | 责怪 | 取笑 | 挖苦 | 埋怨 | 指责 | 嘲弄 | 质问 | 反驳 | 讽刺,说谎 | 恼羞成怒 | 撒谎 | 反感 | 察觉 | 不服 | 笑话 | 争吵,嘲弄 | 讽刺 | 察觉 | 抱怨 | 埋怨 | 质问 | 讥笑 | 取笑 | 指责 | 打断 | 争执 | 刁难,嘲笑 | 责备 | 讥笑 | 责怪 | 取笑 | 挖苦 | 埋怨 | 指责 | 嘲弄 | 质问 | 反驳 | 讽刺 | 轻蔑 | 批评 | 调侃 | 反问 | 抱怨 | 理睬 | 刁难 | 恭维 | 辩解 | 议论 | 反感 | 争吵 | 怀疑 | 误会 | 撒谎 | 附和 | 冒犯 | 言辞 | 理会 | 误解 | 追问 | 笑话 | 恼羞成怒 | 争执 | 谎话 | 不满 | 得罪 | 说谎 | 打断 | 察觉 | 旁观 | 不服,44.00072722013211,0.9994751910272757,0.000616964114361323,察觉:1.000000 | 抱怨:1.000000 | 理睬:1.000000 | 争吵:1.000000 | 责怪:1.000000 | 恼羞成怒:1.000000 | 笑话:1.000000 | 议论:1.000000 | 误会:1.000000 | 责备:1.000000 | 不服:1.000000 | 轻蔑:1.000000,争论:0.016713
19,54,0.34442183526502246,0.02902272138252177,0.2962962962962963,忽然 | 猛然 | 突然 | 顿时 | 仿佛 | 不由得 | 时不时 | 不禁 | 渐渐 | 禁不住 | 忍不住 | 不由自主,一边 | 全都 | 心里 | 恨不得 | 往常 | 眼前 | 不禁 | 犹如,不禁 | 一瞬间 | 此时 | 翻来覆去 | 这时候 | 每当 | 忍不住 | 往常 | 顿时 | 仿佛 | 犹如 | 断断续续,忽然 | 猛然 | 突然 | 顿时 | 仿佛 | 不由得 | 时不时 | 不禁 | 渐渐 | 禁不住 | 忍不住 | 不由自主 | 不时 | 不一会儿 | 偶尔 | 这时 | 这时候 | 一下子 | 一会儿 | 好似 | 一瞬间 | 此刻 | 不知不觉 | 慢慢 | 便 | 一刹那 | 下意识 | 时常 | 隐约 | 不经意 | 时而 | 竟 | 此时 | 心里 | 然后 | 恨不得 | 有时 | 稍稍 | 孤零零 | 一边 | 犹如 | 再也 | 如同 | 赫然 | 眼前 | 翻来覆去 | 不曾 | 断断续续 | 每当 | 日复一日 | 直到 | 全都 | 往常 | 时,54.3479020235582,0.9967440882532708,0.0027299579878763947,时而:1.000000 | 不由得:1.000000 | 仿佛:1.000000 | 此刻:1.000000 | 突然:1.000000 | 此时:1.000000 | 顿时:1.000000 | 不由自主:1.000000 | 日复一日:1.000000 | 不禁:1.000000 | 忽然:1.000000 | 猛然:1.000000,于是:0.472182 | 从早到晚:0.011813
20,51,0.3843823939910879,0.02984672397716209,0.2549019607843137,没劲 | 好笑 | 丢人 | 没意思 | 别扭 | 害臊 | 难看 | 好玩儿 | 丢脸 | 好看 | 奇怪 | 无聊,粗心大意 | 扫兴 | 生气 | 粗心 | 可怜 | 舒服 | 冤枉 | 没完没了,费劲 | 过瘾 | 好笑 | 生气 | 糊涂 | 丢人 | 痛快 | 不怎么样 | 离谱儿 | 舒服 | 奇怪 | 起劲,没劲 | 好笑 | 丢人 | 没意思 | 别扭 | 害臊 | 难看 | 好玩儿 | 丢脸 | 好看 | 奇怪 | 无聊 | 舒服 | 费劲 | 吓人 | 难听 | 碍事 | 离谱儿 | 厉害 | 倒霉 | 恶心 | 痛快 | 扫兴 | 好听 | 生气 | 稀罕 | 不像话 | 过瘾 | 没用 | 稀奇 | 惨 | 有意思 | 要命 | 糊涂 | 冤枉 | 活该 | 可怜 | 起劲 | 不值 | 美滋滋 | 不怎么样 | 不对 | 岂有此理 | 一塌糊涂 | 孤陋寡闻 | 管用 | 没完没了 | 乱七八糟 | 粗心 | 马虎 | 粗心大意,51.041037037979876,0.9999178170451472,0.00012885916377107813,难看:1.000000 | 过瘾:1.000000 | 好看:1.000000 | 好玩儿:1.000000 | 不值:1.000000 | 没劲:1.000000 | 吓人:1.000000 | 恶心:1.000000 | 丢人:1.000000 | 惨:1.000000 | 费劲:1.000000 | 没意思:1.000000,难为情:0.020244 | 不行:0.016075
21,48,0.35661909271479325,0.06523883784538337,0.125,赶忙 | 急忙 | 赶紧 | 连忙 | 慌忙 | 赶快 | 立刻 | 马上 | 偷偷 | 匆匆 | 悄悄 | 立即,准时 | 不料 | 照常 | 下次 | 小心翼翼 | 给 | 待会儿 | 挨家挨户,一连 | 随手 | 偷偷 | 小心翼翼 | 立刻 | 匆匆 | 趁 | 顾不得 | 连夜 | 待会儿 | 照常 | 顺便,赶忙 | 急忙 | 赶紧 | 连忙 | 慌忙 | 赶快 | 立刻 | 马上 | 偷偷 | 匆匆 | 悄悄 | 立即 | 顺手 | 匆忙 | 火速 | 连夜 | 当即 | 顾不得 | 快点儿 | 来不及 | 顾不上 | 特意 | 待会儿 | 顺便 | 特地 | 来得及 | 迫不及待 | 接着 | 趁着 | 小心翼翼 | 改日 | 照例 | 随手 | 小心 | 趁 | 仔细 | 直奔 | 当场 | 准备 | 挨家挨户 | 不料 | 一连 | 准时 | 给 | 下次 | 照常 | 一一 | 轮流,47.963160645728394,0.9988519383860149,0.001241291338530874,急忙:1.000000 | 火速:1.000000 | 顺手:1.000000 | 轮流:1.000000 | 准时:1.000000 | 匆忙:1.000000 | 慌忙:1.000000 | 特意:1.000000 | 赶忙:1.000000 | 特地:1.000000 | 趁着:1.000000 | 马上:1.000000,
22,61,0.36521674888602124,0.08507682939681328,0.18032786885245902,体操 | 乒乓球 | 篮球 | 田径 | 网球 | 羽毛球 | 举重 | 排球 | 滑冰 | 游泳 | 摔跤 | 棒球,战斗 | 作战 | 化妆 | 唱歌 | 野营 | 跳舞 | 得分 | 体力,队 | 联赛 | 划船 | 帆船 | 得分 | 排球 | 篮球 | 外援 | 羽毛球 | 赛 | 网球 | 赛跑,体操 | 乒乓球 | 篮球 | 田径 | 网球 | 羽毛球 | 举重 | 排球 | 滑冰 | 游泳 | 摔跤 | 棒球 | 跳远 | 打球 | 台球 | 运动员 | 滑雪 | 跳高 | 武术 | 教练 | 射击 | 登山 | 单打 | 长跑 | 选手 | 跳伞 | 高尔夫球 | 竞技 | 双打 | 跑步 | 帆船 | 划船 | 训练 | 爬山 | 健身 | 体能 | 联赛 | 球员 | 太极拳 | 赛车 | 跳舞 | 啦啦队 | 球队 | 运动 | 龙舟 | 唱歌 | 队员 | 赛 | 比试 | 赛跑 | 上场 | 体力 | 野营 | 队 | 半场 | 航海 | 作战 | 战斗 | 外援 | 得分 | 化妆,60.957850465772246,0.9984451680772025,0.0014944363825066154,爬山:1.000000 | 跳远:1.000000 | 体能:1.000000 | 跑步:1.000000 | 划船:1.000000 | 摔跤:1.000000 | 运动:1.000000 | 滑雪:1.000000 | 跳高:1.000000 | 赛:1.000000 | 滑冰:1.000000 | 打球:1.000000,足球:0.020305
23,50,0.3947923332529432,0.07466931403031009,0.1,下班 | 回家 | 上班 | 睡觉 | 晚饭 | 放学 | 吃饭 | 午饭 | 早饭 | 出门 | 起床 | 上课,打牌 | 过年 | 开学 | 暑假 | 抽烟 | 趟 | 寒假 | 排队,堵车 | 出门 | 排队 | 趟 | 抽烟 | 出差 | 早饭 | 放假 | 修车 | 做饭 | 外出 | 夜班,下班 | 回家 | 上班 | 睡觉 | 晚饭 | 放学 | 吃饭 | 午饭 | 早饭 | 出门 | 起床 | 上课 | 下楼 | 午睡 | 加班 | 开车 | 骑车 | 洗澡 | 半夜 | 放假 | 开夜车 | 请假 | 夜班 | 休息 | 下课 | 做饭 | 出差 | 在家 | 堵车 | 下车 | 通宵 | 旷课 | 开会 | 寒假 | 打牌 | 过年 | 上车 | 抽烟 | 晚点 | 外出 | 迟到 | 暑假 | 顺路 | 开学 | 值班 | 搬家 | 修车 | 礼拜 | 趟 | 排队,50.03819289505895,0.9996573159354888,0.0004648359558534007,早饭:1.000000 | 寒假:1.000000 | 开会:1.000000 | 下班:1.000000 | 晚饭:1.000000 | 迟到:1.000000 | 顺路:1.000000 | 午饭:1.000000 | 开学:1.000000 | 休息:1.000000 | 暑假:1.000000 | 旷课:1.000000,上楼:0.033121 | 休假:0.010876
24,42,0.35427247892548647,0.001784678353053289,0.4523809523809524,聪明 | 老实 | 听话 | 懂事 | 勤快 | 能干 | 乖 | 人缘儿 | 倔 | 出息 | 小气 | 脾气,老大 | 拿手 | 敬业 | 小气 | 看得起 | 人品 | 耿直 | 高明,丑 | 耿直 | 勤快 | 出息 | 倔 | 一毛不拔 | 了不起 | 帅 | 见外 | 人缘儿 | 老实 | 内行,聪明 | 老实 | 听话 | 懂事 | 勤快 | 能干 | 乖 | 人缘儿 | 倔 | 出息 | 小气 | 脾气 | 耿直 | 娇气 | 心眼儿 | 机灵 | 笨 | 厚道 | 有两下子 | 胆子 | 精明 | 好学 | 丑 | 个头儿 | 懂 | 个儿 | 利索 | 争气 | 了不起 | 帅 | 看得起 | 内行 | 人品 | 高明 | 外行 | 敬业 | 见外 | 一毛不拔 | 老 | 老大 | 出头 | 拿手,41.97982662017653,0.998769605406301,0.0011512192849146875,小气:1.000000 | 看得起:1.000000 | 倔:1.000000 | 帅:1.000000 | 乖:1.000000 | 争气:1.000000 | 精明:1.000000 | 个头儿:1.000000 | 娇气:1.000000 | 懂:1.000000 | 脾气:1.000000 | 聪明:1.000000,能人:0.015263 | 蠢:0.012330
25,44,0.3348964970042292,0.027961839266839518,0.29545454545454547,住院 | 抚养 | 照料 | 赡养 | 收养 | 救治 | 疗养 | 看病 | 休养 | 养老院 | 领养 | 治病,住宿 | 休假 | 配偶 | 接济 | 亲属 | 遗体 | 门诊 | 接送,配偶 | 家属 | 监护 | 生育 | 体检 | 义工 | 食宿 | 亲属 | 子女 | 疗养 | 养老院 | 独身,住院 | 抚养 | 照料 | 赡养 | 收养 | 救治 | 疗养 | 看病 | 休养 | 养老院 | 领养 | 治病 | 出院 | 子女 | 照顾 | 求医 | 就诊 | 救助 | 就医 | 看护 | 孤儿 | 家属 | 抚恤 | 探亲 | 生育 | 亲属 | 监护 | 休假 | 接送 | 居住 | 门诊 | 独身 | 食宿 | 住宿 | 献血 | 定居 | 自理 | 体检 | 义工 | 遗体 | 流浪 | 接济 | 配偶 | 单身,43.985009691084386,0.9985181324575495,0.001445077977734769,疗养:1.000000 | 居住:1.000000 | 休养:1.000000 | 照料:1.000000 | 就诊:1.000000 | 领养:1.000000 | 看护:1.000000 | 监护:1.000000 | 就医:1.000000 | 治病:1.000000 | 生育:1.000000 | 求医:1.000000,急诊:0.016124 | 移民:0.012378
26,68,0.2822794599824275,0.009448180643031009,0.35294117647058826,拓展 | 构建 | 打造 | 推动 | 整合 | 开拓 | 培育 | 深化 | 探索 | 搭建 | 拓宽 | 引领,深化 | 能耗 | 着眼于 | 建立 | 提高 | 激发 | 专注 | 侧重,改造 | 瞄准 | 开拓 | 激发 | 致力于 | 配置 | 孵化 | 提高 | 普及 | 建设 | 互补 | 拓展,拓展 | 构建 | 打造 | 推动 | 整合 | 开拓 | 培育 | 深化 | 探索 | 搭建 | 拓宽 | 引领 | 提升 | 布局 | 建设 | 融合 | 创新 | 打通 | 引入 | 开发 | 带动 | 推广 | 挖掘 | 依托 | 延伸 | 建立 | 研发 | 致力于 | 着眼于 | 连接 | 驱动 | 引进 | 拉动 | 升级 | 结合 | 覆盖 | 涵盖 | 新型 | 瞄准 | 激活 | 定位 | 提高 | 配套 | 具备 | 孵化 | 激发 | 互补 | 面向 | 规划 | 围绕 | 改造 | 吸纳 | 具有 | 普及 | 匹配 | 示范 | 侧重 | 接轨 | 运作 | 配置 | 专注 | 纳入 | 现有 | 一体 | 制造 | 转向 | 多方面 | 能耗,68.36600406942917,0.9965397555513962,0.0034588359036098054,探索:1.000000 | 挖掘:1.000000 | 拓宽:1.000000 | 搭建:1.000000 | 瞄准:1.000000 | 延伸:1.000000 | 整合:1.000000 | 侧重:1.000000 | 打造:1.000000 | 规划:1.000000 | 带动:0.999999 | 打通:0.999999,从事:0.315276 | 落地:0.042063 | 起到:0.034024 | 扩大:0.030662 | 适用:0.030572 | 扩展:0.023529 | 符合:0.022011 | 生产:0.015557
27,53,0.3490904675727807,0.007290350871291212,0.4339622641509434,善良 | 诚实 | 正直 | 仁慈 | 忠贞 | 大公无私 | 宽容 | 无私 | 忠诚 | 自尊 | 孝顺 | 高尚,体面 | 富裕 | 自由 | 忠心 | 和睦 | 尊重 | 爱护 | 顺从,大公无私 | 宽容 | 为人 | 侠义 | 和睦 | 平等 | 廉洁 | 良心 | 正义 | 勇敢 | 忠于 | 公道,善良 | 诚实 | 正直 | 仁慈 | 忠贞 | 大公无私 | 宽容 | 无私 | 忠诚 | 自尊 | 孝顺 | 高尚 | 光明磊落 | 正义 | 节俭 | 勇敢 | 公道 | 美德 | 骨气 | 勤劳 | 纯洁 | 尊严 | 忠心 | 崇高 | 廉洁 | 忠于 | 善意 | 尊重 | 和睦 | 为人 | 诚信 | 崇尚 | 爱惜 | 本分 | 侠义 | 良心 | 包容 | 顺从 | 爱护 | 坚强 | 平等 | 廉正 | 人道 | 名利 | 体面 | 善 | 人情 | 独立自主 | 友好 | 自立 | 自由 | 远见 | 富裕,52.98617053908514,0.9990961820139937,0.0008790865002639684,爱惜:1.000000 | 节俭:1.000000 | 廉洁:1.000000 | 仁慈:1.000000 | 善意:1.000000 | 善良:1.000000 | 体面:1.000000 | 廉正:1.000000 | 人情:1.000000 | 勤劳:1.000000 | 勇敢:1.000000 | 善:1.000000,
28,37,0.30156661182219785,-0.02418526771376345,0.6756756756756757,愿望 | 缘分 | 命运 | 心愿 | 梦想 | 结局 | 人生 | 归宿 | 情怀 | 境界 | 念头 | 磨难,滋味 | 情谊 | 觉醒 | 勇气 | 烦恼 | 顺其自然 | 情怀 | 解脱,人生 | 情怀 | 情结 | 奢望 | 代价 | 恩怨 | 命运 | 愿望 | 顺其自然 | 磨难 | 诺言 | 平常心,愿望 | 缘分 | 命运 | 心愿 | 梦想 | 结局 | 人生 | 归宿 | 情怀 | 境界 | 念头 | 磨难 | 厄运 | 旅程 | 滋味 | 心声 | 烦恼 | 情谊 | 情结 | 勇气 | 日子 | 生死 | 恩怨 | 诺言 | 奢望 | 平常心 | 梦 | 兆头 | 时刻 | 降临 | 关头 | 顺其自然 | 得失 | 解脱 | 各奔前程 | 觉醒 | 代价,36.98543725557917,0.9995300589861329,0.0006134563953273869,滋味:1.000000 | 兆头:1.000000 | 归宿:1.000000 | 关头:1.000000 | 结局:1.000000 | 旅程:1.000000 | 奢望:1.000000 | 情结:1.000000 | 缘分:0.999999 | 心声:0.999998 | 梦想:0.999997 | 诺言:0.999997,
29,48,0.2622357414400508,-0.03922677328528756,0.8125,捎 | 留 | 放 | 寄 | 送 | 取 | 抄 | 递 | 换 | 填 | 摘 | 接,捐 | 刷 | 挖 | 放 | 栽 | 花 | 贴 | 扫,拨 | 发 | 选 | 换 | 剩 | 送 | 挖 | 借 | 改 | 排 | 寄 | 出,捎 | 留 | 放 | 寄 | 送 | 取 | 抄 | 递 | 换 | 填 | 摘 | 接 | 贴 | 捐 | 拾 | 刷 | 订 | 栽 | 催 | 拨 | 加 | 剩 | 认 | 发 | 扫 | 带 | 选 | 提 | 借 | 修 | 花 | 托 | 划 | 挖 | 揭 | 赐 | 办 | 改 | 藏 | 引 | 积 | 排 | 满 | 待 | 凭 | 出 | 蒙 | 成,47.63705765708131,0.9896426300931721,0.006263319868838178,送:1.000000 | 寄:1.000000 | 办:1.000000 | 捐:1.000000 | 取:1.000000 | 借:1.000000 | 选:1.000000 | 赐:1.000000 | 栽:1.000000 | 引:1.000000 | 捎:1.000000 | 订:1.000000,入:0.056329 | 起:0.013030 | 进:0.011150 | 结:0.010667
30,85,0.2954615146295924,-0.035839424712472236,0.7529411764705882,树叶 | 叶子 | 虫子 | 柳树 | 松树 | 桃树 | 茎 | 柏树 | 槐树 | 棵 | 草 | 芽,锅 | 开水 | 瓜 | 骨头 | 凉水 | 汗 | 勺 | 冷水,口 | 柏树 | 皮 | 母鸡 | 血 | 根 | 颗 | 冷水 | 桃树 | 株 | 柳树 | 禾苗,树叶 | 叶子 | 虫子 | 柳树 | 松树 | 桃树 | 茎 | 柏树 | 槐树 | 棵 | 草 | 芽 | 泥土 | 竹子 | 蛇 | 枝 | 粪 | 泥 | 花瓣 | 勺 | 杨树 | 公鸡 | 母鸡 | 蜡 | 盆 | 骨头 | 药水 | 青蛙 | 禾苗 | 树 | 筋 | 株 | 根 | 蚊子 | 锈 | 鸽子 | 灰 | 稻草 | 凉水 | 水 | 麻 | 卵 | 鼠 | 瓜 | 雪 | 庄稼 | 烟 | 开水 | 窝 | 霜 | 苍蝇 | 尿 | 肠 | 缕 | 牙 | 粒 | 橘子 | 果实 | 冷水 | 壶 | 针 | 芦花 | 盏 | 锅 | 毒 | 皮 | 炭 | 血 | 缸 | 丝 | 毛 | 土 | 冰 | 残 | 胶水 | 斤 | 丸 | 巫婆 | 样 | 口 | 颗 | 胎 | 顿 | 汗 | 红眼,85.01776548795115,0.9935737377957959,0.004664334359840773,凉水:1.000000 | 蚊子:1.000000 | 粪:1.000000 | 果实:1.000000 | 虫子:1.000000 | 柏树:1.000000 | 茎:1.000000 | 斤:1.000000 | 叶子:1.000000 | 株:1.000000 | 锈:1.000000 | 筋:1.000000,罐:0.163144 | 鸟:0.067185 | 毫升:0.056738 | 龟:0.031734 | 束:0.030178 | 焦:0.025341 | 大雁:0.016161 | 熊:0.015252
31,43,0.28619497654514753,-0.01225437166472233,0.6511627906976745,猜测 | 疑问 | 猜想 | 疑虑 | 传言 | 忧虑 | 担忧 | 传闻 | 隐情 | 困惑 | 谜团 | 质疑,情绪 | 困惑 | 分手 | 质疑 | 境遇 | 忧虑 | 例子 | 处境,质疑 | 疑问 | 分手 | 传闻 | 负面 | 隐情 | 风波 | 先例 | 心病 | 例子 | 巧合 | 疑虑,猜测 | 疑问 | 猜想 | 疑虑 | 传言 | 忧虑 | 担忧 | 传闻 | 隐情 | 困惑 | 谜团 | 质疑 | 预感 | 预兆 | 预言 | 消息 | 预料 | 真相 | 风波 | 巧合 | 意料之外 | 玄机 | 境遇 | 暗示 | 心病 | 意外 | 争议 | 事件 | 话题 | 境地 | 情绪 | 先例 | 处境 | 断定 | 负面 | 交集 | 反应 | 不得而知 | 例子 | 罪魁祸首 | 水落石出 | 特例 | 分手,43.264841316611154,0.9986044850784009,0.0014133811607479048,担忧:1.000000 | 困惑:1.000000 | 心病:1.000000 | 疑虑:1.000000 | 忧虑:1.000000 | 情绪:1.000000 | 意外:1.000000 | 风波:1.000000 | 巧合:1.000000 | 玄机:1.000000 | 消息:1.000000 | 隐情:1.000000,恐慌:0.278433 | 关系:0.033956
32,31,0.26999855664655176,0.006052114852268409,0.5483870967741935,耗费 | 报废 | 浪费 | 节省 | 损坏 | 花费 | 维修 | 修理 | 丢失 | 节约 | 更换 | 过期,过关 | 开销 | 按时 | 损坏 | 备用 | 人手 | 延误 | 过期,达标 | 花费 | 一次性 | 损坏 | 回收 | 完毕 | 工作量 | 更换 | 过期 | 多余 | 开销 | 修理,耗费 | 报废 | 浪费 | 节省 | 损坏 | 花费 | 维修 | 修理 | 丢失 | 节约 | 更换 | 过期 | 保管 | 耗时 | 作废 | 废品 | 回收 | 工作量 | 延误 | 多余 | 保修 | 额外 | 开销 | 不翼而飞 | 按时 | 一次性 | 备用 | 完毕 | 人手 | 达标 | 过关,31.022997999022806,0.9998010483554655,0.00029469741217430685,不翼而飞:1.000000 | 丢失:1.000000 | 过期:1.000000 | 多余:1.000000 | 耗费:1.000000 | 花费:1.000000 | 一次性:1.000000 | 报废:1.000000 | 按时:1.000000 | 保管:1.000000 | 节约:1.000000 | 节省:1.000000,配送:0.027613
33,63,0.30367481026069937,0.01474245946742791,0.38095238095238093,如果 | 倘若 | 譬如 | 假如 | 而且 | 譬如说 | 因而 | 比如说 | 因此 | 除非 | 假使 | 就是说,起码 | 不宜 | 多半 | 不再 | 基本上 | 暂时 | 是否 | 唯独,一旦 | 而 | 一般来说 | 皆 | 这样一来 | 尤其 | 换言之 | 亦 | 也就是说 | 除了 | 甚至 | 其次,如果 | 倘若 | 譬如 | 假如 | 而且 | 譬如说 | 因而 | 比如说 | 因此 | 除非 | 假使 | 就是说 | 比如 | 尤其 | 例如 | 甚至于 | 也就是说 | 或是 | 甚至 | 而 | 故 | 换言之 | 否则 | 若 | 一般来说 | 以致 | 且 | 或者 | 以至于 | 多半 | 起码 | 一旦 | 通常 | 其次 | 唯独 | 至少 | 大多 | 基本上 | 如 | 这就是说 | 加上 | 大都 | 亦 | 另外 | 假定 | 以免 | 除了 | 大体上 | 或 | 除此之外 | 这样一来 | 此外 | 前者 | 皆 | 或多或少 | 是否 | 等于 | 除去 | 大体 | 大致 | 不再 | 不宜 | 暂时,62.46440212694108,0.9887028884153006,0.008070419536257702,故:1.000000 | 大体:1.000000 | 若:1.000000 | 比如:1.000000 | 且:1.000000 | 除非:1.000000 | 加上:1.000000 | 以免:1.000000 | 大体上:1.000000 | 尤其:1.000000 | 例如:0.999999 | 以致:0.999999,但:0.097978 | 只能:0.034739
34,33,0.2978356481422876,-0.039434681478690226,0.7878787878787878,强硬 | 冷淡 | 谨慎 | 消极 | 理性 | 妥协 | 乐观 | 退让 | 克制 | 明智 | 迁就 | 严厉,安定 | 急迫 | 逞强 | 自负 | 公正 | 拘束 | 默契 | 过分,被动 | 乐观 | 强硬 | 公正 | 苛刻 | 克制 | 主观 | 安定 | 拘束 | 中庸 | 针锋相对 | 严厉,强硬 | 冷淡 | 谨慎 | 消极 | 理性 | 妥协 | 乐观 | 退让 | 克制 | 明智 | 迁就 | 严厉 | 苛刻 | 保守 | 客观 | 公正 | 让步 | 合情合理 | 中立 | 主观 | 过分 | 公平 | 中庸 | 拘束 | 自负 | 针锋相对 | 常理 | 急迫 | 被动 | 默契 | 逞强 | 内向 | 安定,33.020929993039296,0.9997339586408293,0.0003475892196760991,强硬:1.000000 | 严厉:1.000000 | 理性:1.000000 | 迁就:1.000000 | 冷淡:1.000000 | 乐观:1.000000 | 安定:1.000000 | 克制:1.000000 | 保守:1.000000 | 让步:1.000000 | 逞强:1.000000 | 谨慎:1.000000,过于:0.019506
35,38,0.3544666727301295,0.03171356568177978,0.2894736842105263,外边 | 外头 | 那儿 | 这儿 | 那里 | 外面 | 城里 | 那边 | 这边 | 里边 | 里头 | 到处,一家人 | 白天 | 无数 | 一大早 | 老家 | 隔壁 | 做梦 | 刮风,刮风 | 成群结队 | 海边 | 这儿 | 一起 | 城里 | 做梦 | 那边 | 风餐露宿 | 里边 | 遍地 | 一家人,外边 | 外头 | 那儿 | 这儿 | 那里 | 外面 | 城里 | 那边 | 这边 | 里边 | 里头 | 到处 | 乡下 | 这里 | 一块儿 | 海边 | 郊外 | 里 | 一年到头 | 从早到晚 | 一路上 | 老家 | 隔壁 | 路上 | 四处 | 白天 | 路过 | 家家户户 | 大街小巷 | 刮风 | 成群结队 | 一大早 | 一起 | 一家人 | 风餐露宿 | 做梦 | 遍地 | 无数,37.819393074158725,0.9950480913531967,0.0037366697810773987,成群结队:1.000000 | 遍地:1.000000 | 家家户户:1.000000 | 城里:1.000000 | 刮风:1.000000 | 一年到头:1.000000 | 路上:1.000000 | 大街小巷:1.000000 | 到处:1.000000 | 那边:1.000000 | 郊外:1.000000 | 那儿:1.000000,
36,45,0.33442309198150116,-0.025516114236423935,0.6444444444444445,父母 | 祖母 | 家人 | 继父 | 祖父 | 长辈 | 继母 | 女婿 | 亲生 | 爱人 | 弟 | 娶,她们 | 大人 | 大夫 | 寡妇 | 爱人 | 收留 | 住处 | 小时候,夫人 | 相依为命 | 岁数 | 终生 | 辈 | 朝夕相处 | 本人 | 祖母 | 她们 | 全家 | 父母 | 夫妻,父母 | 祖母 | 家人 | 继父 | 祖父 | 长辈 | 继母 | 女婿 | 亲生 | 爱人 | 弟 | 娶 | 辈 | 家境 | 年迈 | 亲友 | 夫妇 | 大人 | 寡妇 | 嫁 | 从小 | 小时候 | 成家 | 全家 | 夫人 | 长大 | 相依为命 | 亲朋好友 | 年纪 | 岁数 | 夫妻 | 生前 | 出生 | 她们 | 祖籍 | 师长 | 住处 | 收留 | 本人 | 朝夕相处 | 大夫 | 姓 | 终生 | 受过 | 自称,45.07496700771489,0.9932648075288155,0.0043425877488650335,娶:1.000000 | 嫁:1.000000 | 长大:1.000000 | 本人:1.000000 | 亲生:1.000000 | 祖父:1.000000 | 相依为命:1.000000 | 住处:1.000000 | 收留:1.000000 | 长辈:1.000000 | 亲友:1.000000 | 年纪:1.000000,亲戚:0.325933 | 岳父:0.015896
37,50,0.33061522069265975,-0.006605695509100467,0.54,罪恶 | 专制 | 丑恶 | 腐朽 | 剥削 | 封建 | 帝国主义 | 腐化 | 堕落 | 侵略 | 统治 | 反抗,迷惑 | 自私自利 | 叛逆 | 野蛮 | 丑恶 | 残酷 | 污秽 | 损人利己,不正之风 | 种种 | 妄想 | 腐朽 | 统治 | 腐化 | 迷信 | 奴隶 | 帝国主义 | 谎言 | 迷惑 | 野蛮,罪恶 | 专制 | 丑恶 | 腐朽 | 剥削 | 封建 | 帝国主义 | 腐化 | 堕落 | 侵略 | 统治 | 反抗 | 仇恨 | 资本主义 | 自私自利 | 残酷 | 官僚 | 阶级 | 战争 | 贫穷 | 斗争 | 暴力 | 官僚主义 | 腐败 | 损人利己 | 野蛮 | 妄想 | 迷信 | 毁灭 | 叛逆 | 污秽 | 教条 | 恐怖 | 奴隶 | 种族 | 抗争 | 种种 | 贫富 | 极端 | 谎言 | 冷战 | 政治 | 和平共处 | 孤立 | 空想 | 金钱 | 一切 | 泛滥 | 迷惑 | 不正之风,49.89163628925356,0.9969744726068945,0.0026063115997277913,罪恶:1.000000 | 贫穷:1.000000 | 污秽:1.000000 | 腐化:1.000000 | 孤立:1.000000 | 专制:1.000000 | 谎言:1.000000 | 叛逆:1.000000 | 极端:1.000000 | 资本主义:1.000000 | 统治:1.000000 | 暴力:1.000000,抗拒:0.017586 | 主义:0.010829
38,56,0.2598785447031009,-0.010379234343737736,0.5357142857142857,放置 | 制成 | 保存 | 添加 | 储存 | 含有 | 使用 | 存放 | 选用 | 填充 | 制作 | 摆放,揭示 | 摆放 | 陈列 | 旧 | 过滤 | 移植 | 传播 | 放到,标示 | 填充 | 改装 | 遗留 | 替换 | 隐藏 | 传播 | 生成 | 克隆 | 收集 | 携带 | 发明,放置 | 制成 | 保存 | 添加 | 储存 | 含有 | 使用 | 存放 | 选用 | 填充 | 制作 | 摆放 | 安装 | 去除 | 替换 | 收集 | 去掉 | 合成 | 采用 | 隐藏 | 提炼 | 保留 | 携带 | 过滤 | 生成 | 配备 | 取代 | 组装 | 采集 | 改装 | 带有 | 改良 | 复制 | 代替 | 挑选 | 借用 | 换成 | 陈列 | 埋藏 | 移植 | 容纳 | 衍生 | 标示 | 用于 | 还原 | 遗留 | 附带 | 放到 | 美化 | 发明 | 克隆 | 揭示 | 仿制 | 传播 | 透过 | 旧,56.045051756719715,0.9986144526460471,0.0014849303942001467,摆放:1.000000 | 挑选:1.000000 | 替换:1.000000 | 改装:1.000000 | 存放:1.000000 | 保存:1.000000 | 采集:1.000000 | 配备:1.000000 | 传播:1.000000 | 添加:1.000000 | 陈列:1.000000 | 含有:1.000000,发掘:0.041515 | 输入:0.036380 | 填补:0.023683
39,84,0.2882941604758803,0.04754170835626465,0.2619047619047619,主任 | 处长 | 秘书长 | 院长 | 部长 | 秘书 | 局长 | 总经理 | 委员 | 总监 | 负责人 | 组长,贺电 | 一行 | 高等 | 贺信 | 建交 | 教育部 | 学士 | 名,任 | 校长 | 人员 | 高等 | 发起人 | 聘 | 一把手 | 参谋 | 主管 | 资深 | 对外 | 带头人,主任 | 处长 | 秘书长 | 院长 | 部长 | 秘书 | 局长 | 总经理 | 委员 | 总监 | 负责人 | 组长 | 总裁 | 书记 | 会长 | 董事长 | 助理 | 顾问 | 校长 | 理事 | 所长 | 教授 | 司长 | 团长 | 主席 | 主管 | 首席 | 董事 | 经理 | 博士 | 领导 | 厂长 | 工程师 | 委员会 | 发言人 | 市长 | 兼 | 院士 | 导师 | 成员 | 任 | 主编 | 专职 | 资深 | 专家 | 司令 | 大使 | 创始人 | 参谋 | 研究所 | 董事会 | 员 | 律师 | 总部 | 办事处 | 带头人 | 人士 | 副 | 同志 | 一把手 | 协会 | 牵头 | 人员 | 高层 | 学士 | 发起人 | 下属 | 聘 | 事务所 | 部门 | 驻 | 贺信 | 教育部 | 助手 | 会计 | 骨干 | 贺电 | 一行 | 所属 | 对外 | 名 | 位 | 建交 | 高等,84.04063897994352,0.9947522686544688,0.003790885076300952,主任:1.000000 | 处长:1.000000 | 带头人:1.000000 | 组长:1.000000 | 所长:1.000000 | 院长:1.000000 | 理事:1.000000 | 会长:1.000000 | 书记:1.000000 | 兼:1.000000 | 教授:1.000000 | 研究所:1.000000,机构:0.128676 | 税务:0.085215 | 总理:0.041256 | 联邦:0.039748 | 大使馆:0.025763 | 机关:0.019747 | 元首:0.015558 | 干部:0.014339
40,90,0.310411177097252,0.0034197004942152598,0.4666666666666667,句子 | 歌词 | 文字 | 词汇 | 词语 | 题目 | 词 | 段落 | 字典 | 语法 | 生词 | 书,试题 | 表格 | 教材 | 诗 | 作品 | 占卜 | 真假 | 考题,括弧 | 汉字 | 题目 | 字体 | 名著 | 格式 | 剧本 | 繁体字 | 寓言 | 推理 | 文字 | 字迹,句子 | 歌词 | 文字 | 词汇 | 词语 | 题目 | 词 | 段落 | 字典 | 语法 | 生词 | 书 | 错别字 | 字体 | 谜语 | 剧本 | 汉字 | 小说 | 插图 | 图画 | 词典 | 音节 | 字幕 | 名著 | 成语 | 素材 | 教材 | 诗 | 书籍 | 符号 | 结尾 | 繁体字 | 文章 | 传记 | 作品 | 字母 | 故事 | 简体字 | 读音 | 字 | 语言 | 答案 | 笔记 | 寓言 | 篇幅 | 题 | 开头 | 考题 | 字迹 | 片段 | 试题 | 名言 | 字眼 | 教科书 | 剧情 | 公式 | 俗语 | 辞典 | 对白 | 画面 | 大纲 | 片子 | 篇 | 日记 | 记号 | 封面 | 情节 | 括弧 | 百科全书 | 表格 | 括号 | 命题 | 内容 | 格式 | 对联 | 回忆录 | 谜底 | 人物 | 外文 | 电子版 | 册 | 推理 | 序 | 页 | 全文 | 印刷术 | 反面 | 造纸术 | 占卜 | 真假,89.85125614818976,0.9941992538285065,0.0032088409044929186,字迹:1.000000 | 错别字:1.000000 | 片段:1.000000 | 段落:1.000000 | 字:1.000000 | 谜语:1.000000 | 大纲:1.000000 | 表格:1.000000 | 符号:1.000000 | 成语:1.000000 | 对白:1.000000 | 词:1.000000,说明书:0.071740 | 文:0.042568 | 论文:0.030914 | 画册:0.029836 | 主题歌:0.025501 | 中文:0.020762 | 句:0.019921 | 试卷:0.016211
41,42,0.35825541934273514,0.018621717952264645,0.35714285714285715,傻 | 小偷儿 | 蠢 | 笨蛋 | 鬼 | 坏人 | 贼 | 疯子 | 流氓 | 家伙 | 骗子 | 逼,胡说 | 蠢 | 惹 | 逗 | 家伙 | 瞎 | 枪毙 | 好家伙,骗 | 家伙 | 贼 | 枪毙 | 鬼 | 乱 | 错 | 逗 | 惹 | 假 | 黑心 | 傻,傻 | 小偷儿 | 蠢 | 笨蛋 | 鬼 | 坏人 | 贼 | 疯子 | 流氓 | 家伙 | 骗子 | 逼 | 骗人 | 傻瓜 | 怪 | 小人 | 瞎 | 恶 | 贱 | 妖怪 | 逗 | 黑心 | 坏 | 骗 | 凶 | 祸害 | 胡说 | 黑 | 错 | 狠 | 忽悠 | 乱 | 邪 | 阎王 | 枪毙 | 好家伙 | 假 | 迷 | 惹 | 马后炮 | 救命 | 坑,41.924652151499046,0.9978440453347559,0.00179132026367127,恶:1.000000 | 流氓:1.000000 | 黑心:1.000000 | 坏人:1.000000 | 错:1.000000 | 乱:1.000000 | 救命:1.000000 | 骗子:1.000000 | 小偷儿:1.000000 | 鬼:1.000000 | 傻瓜:1.000000 | 笨蛋:1.000000,
42,44,0.417220270083275,0.08364951111171172,0.022727272727272728,煮 | 拌 | 蘸 | 煎 | 烤 | 蒸 | 炖 | 熬 | 烫 | 浇 | 淋 | 涮,酥 | 榨 | 粘 | 吃 | 尝 | 喝 | 饱 | 剥,糊 | 喝 | 煎 | 酥 | 摊 | 泼 | 炖 | 淋 | 烧 | 炒 | 熏 | 粘,煮 | 拌 | 蘸 | 煎 | 烤 | 蒸 | 炖 | 熬 | 烫 | 浇 | 淋 | 涮 | 糊 | 烧 | 熏 | 泡 | 嚼 | 裹 | 吃 | 喝 | 酥 | 搅 | 沾 | 洗 | 掺 | 煲 | 洒 | 冻 | 泼 | 抹 | 撒 | 炒 | 沏 | 喂 | 剥 | 粘 | 灌 | 饱 | 榨 | 敷 | 滴 | 晒 | 尝 | 摊,44.03180601116899,0.9995515938267684,0.0006076501898997304,吃:1.000000 | 喝:1.000000 | 烤:1.000000 | 煮:1.000000 | 蒸:1.000000 | 炖:1.000000 | 榨:1.000000 | 蘸:1.000000 | 沏:1.000000 | 煎:1.000000 | 拌:1.000000 | 嚼:1.000000,湿:0.031482 | 涂:0.015660
43,81,0.2845626943329349,0.008323617038736367,0.35802469135802467,想法 | 态度 | 看法 | 动机 | 原则 | 问题 | 意图 | 立场 | 举动 | 行为 | 弊端 | 做法,偏见 | 对立 | 定论 | 冲突 | 隔阂 | 场合 | 性质 | 规则,后果 | 争端 | 举动 | 想法 | 规则 | 结论 | 条件 | 惯例 | 偏见 | 定论 | 关系 | 行动,想法 | 态度 | 看法 | 动机 | 原则 | 问题 | 意图 | 立场 | 举动 | 行为 | 弊端 | 做法 | 结论 | 事实 | 弊病 | 根源 | 用意 | 症结 | 目的 | 顾虑 | 观点 | 现象 | 说法 | 后果 | 出发点 | 措施 | 初衷 | 逻辑 | 理由 | 言论 | 原因 | 状况 | 分歧 | 本质 | 情况 | 情形 | 矛盾 | 途径 | 前提 | 步骤 | 手段 | 苗头 | 办法 | 本意 | 倾向 | 手法 | 偏见 | 主张 | 对策 | 关系 | 界限 | 所作所为 | 动向 | 障碍 | 意愿 | 实质 | 策略 | 时机 | 余地 | 规则 | 准则 | 性质 | 教训 | 偏差 | 决策 | 对立 | 隔阂 | 争端 | 行动 | 条件 | 定论 | 界线 | 冲突 | 惯例 | 事态 | 机会 | 底线 | 与否 | 限度 | 是非 | 场合,80.94817560707946,0.9971711787208984,0.0029144721053852734,本意:1.000000 | 说法:1.000000 | 后果:1.000000 | 举动:1.000000 | 限度:1.000000 | 原则:1.000000 | 意图:1.000000 | 症结:0.999999 | 理由:0.999999 | 手法:0.999999 | 立场:0.999999 | 结论:0.999999,个案:0.032829 | 政策:0.031271 | 边界:0.012945 | 尺度:0.012618
44,88,0.4331676116637401,0.08288640984079138,0.13636363636363635,豆腐 | 南瓜 | 茄子 | 红薯 | 辣椒 | 西红柿 | 白菜 | 黄瓜 | 米饭 | 酱 | 蜂蜜 | 柿子,酒 | 奶茶 | 面包 | 酸奶 | 佐料 | 鲜 | 饭 | 汤,奶 | 酱 | 馒头 | 果酱 | 葱 | 馅儿 | 鲜 | 百合 | 蜜 | 肉 | 味精 | 汤,豆腐 | 南瓜 | 茄子 | 红薯 | 辣椒 | 西红柿 | 白菜 | 黄瓜 | 米饭 | 酱 | 蜂蜜 | 柿子 | 果酱 | 橙汁 | 蒜 | 土豆 | 萝卜 | 牛奶 | 肉 | 饼 | 醋 | 汁 | 菜 | 花生 | 香肠 | 香油 | 粥 | 豆浆 | 香蕉 | 酸奶 | 葱 | 蘑菇 | 鸡蛋 | 番茄 | 饺子 | 面条儿 | 汤圆 | 核桃 | 酱油 | 包子 | 西瓜 | 虾 | 馅儿 | 馒头 | 桂花 | 莲子 | 火腿 | 芝士 | 椰子 | 砂糖 | 调料 | 佐料 | 枣 | 梨 | 鸡 | 面包 | 糖 | 豆子 | 碗 | 葡萄 | 绿茶 | 茶 | 奶茶 | 味精 | 鸭子 | 蛋 | 奶 | 饭 | 芝麻 | 汤 | 香料 | 鱼 | 蜜 | 菊花 | 桃 | 鹅 | 瓜子 | 玫瑰 | 鲜 | 盐 | 羊 | 百合 | 酒 | 粉 | 猪 | 兔 | 油 | 珍珠,88.16092934228186,0.9967135861242347,0.0025010671836319166,酒:1.000000 | 馅儿:1.000000 | 绿茶:1.000000 | 醋:1.000000 | 菜:1.000000 | 茶:1.000000 | 调料:1.000000 | 辣椒:1.000000 | 包子:1.000000 | 饼:1.000000 | 粥:1.000000 | 椰子:1.000000,土:0.173286 | 薯条:0.078263 | 巧克力:0.065213 | 橘子:0.047819 | 咖啡:0.024719 | 果汁:0.012838 | 淀粉:0.010328
45,63,0.2850369762716587,0.017261419636187915,0.42857142857142855,举办 | 创办 | 开办 | 组建 | 设立 | 兴建 | 成立 | 举行 | 创立 | 开设 | 承办 | 筹办,通车 | 就职 | 出席 | 任职 | 获奖 | 聘任 | 洽谈 | 参展,参加 | 主办 | 兴建 | 担任 | 扩建 | 概况 | 开设 | 开辟 | 在内 | 举办 | 加盟 | 展出,举办 | 创办 | 开办 | 组建 | 设立 | 兴建 | 成立 | 举行 | 创立 | 开设 | 承办 | 筹办 | 主办 | 创建 | 聘请 | 召开 | 建成 | 担任 | 修建 | 筹备 | 兼任 | 建造 | 聘任 | 动工 | 颁发 | 落户 | 参加 | 开业 | 任职 | 入选 | 荣获 | 聘用 | 推选 | 扩建 | 出席 | 竣工 | 展出 | 授予 | 开辟 | 签约 | 申办 | 特邀 | 命名 | 表彰 | 就职 | 筹划 | 改名 | 组成 | 参展 | 列入 | 加盟 | 参与 | 洽谈 | 首创 | 获奖 | 搬迁 | 招募 | 列为 | 通车 | 在内 | 简介 | 附属 | 概况,63.03920841237514,0.9987599385816747,0.0012501029821671773,兴建:1.000000 | 展出:1.000000 | 创办:1.000000 | 聘请:1.000000 | 修建:1.000000 | 落户:1.000000 | 建造:1.000000 | 开办:1.000000 | 建成:1.000000 | 动工:1.000000 | 开业:1.000000 | 开辟:1.000000,征集:0.039657 | 推出:0.036644
46,45,0.3185020252142085,0.016547350386837887,0.3333333333333333,魅力 | 韵味 | 底蕴 | 内涵 | 精髓 | 风范 | 气息 | 特质 | 风貌 | 风采 | 气魄 | 感染力,理想 | 色彩 | 韵味 | 起源 | 兴趣 | 共鸣 | 见解 | 潮流,气息 | 渊源 | 形象 | 魄力 | 风格 | 韵味 | 奥秘 | 变迁 | 特质 | 印象 | 兴趣 | 本色,魅力 | 韵味 | 底蕴 | 内涵 | 精髓 | 风范 | 气息 | 特质 | 风貌 | 风采 | 气魄 | 感染力 | 风格 | 气势 | 涵义 | 色彩 | 魄力 | 乐趣 | 写照 | 典范 | 感 | 渊源 | 意义 | 含义 | 形象 | 风尚 | 积淀 | 见解 | 面貌 | 灵感 | 印象 | 氛围 | 本色 | 寓意 | 奥秘 | 共鸣 | 观感 | 兴趣 | 潮流 | 精华 | 无穷 | 变迁 | 起源 | 结晶 | 理想,44.68307922486867,0.9916797296869063,0.0045901040264906545,韵味:1.000000 | 魅力:1.000000 | 乐趣:1.000000 | 风范:1.000000 | 风貌:1.000000 | 涵义:1.000000 | 气魄:1.000000 | 感染力:1.000000 | 风采:1.000000 | 观感:1.000000 | 本色:1.000000 | 共鸣:1.000000,萌芽:0.021563
47,71,0.2779168826116317,-0.018206781573332817,0.6338028169014085,哲学 | 儒学 | 宗教 | 儒家 | 文学 | 伦理 | 学术 | 道德 | 佛教 | 国学 | 思想 | 基督教,办学 | 青少年 | 商贾 | 文学 | 意识 | 方言 | 乡村 | 知识,民族 | 学说 | 穆斯林 | 风气 | 法制 | 佛教 | 学科 | 文明 | 主义 | 学者 | 基督教 | 著作,哲学 | 儒学 | 宗教 | 儒家 | 文学 | 伦理 | 学术 | 道德 | 佛教 | 国学 | 思想 | 基督教 | 观念 | 人文 | 道教 | 文化 | 文人 | 学科 | 学说 | 知识分子 | 学者 | 价值观 | 近代 | 理论 | 伊斯兰教 | 科学 | 主义 | 启蒙 | 社会 | 知识 | 教育 | 民族 | 文明 | 派别 | 文艺界 | 市场经济 | 阶层 | 西方 | 法制 | 当代 | 著作 | 实践 | 风气 | 天主教 | 国情 | 文献 | 事物 | 穆斯林 | 意识 | 体制 | 科研 | 青少年 | 地域 | 地理 | 群体 | 古今中外 | 天文 | 华人 | 乡村 | 办学 | 方言 | 范畴 | 华侨 | 民间 | 课题 | 都市 | 园地 | 公益 | 商贾 | 环境 | 指南,71.13493516346064,0.9979736217804707,0.0023161005200706135,宗教:1.000000 | 商贾:1.000000 | 风气:1.000000 | 基督教:1.000000 | 儒学:1.000000 | 佛教:1.000000 | 文明:1.000000 | 地理:1.000000 | 都市:0.999999 | 人文:0.999999 | 科学:0.999999 | 实践:0.999999,名著:0.063187 | 对象:0.049162 | 社会主义:0.024508 | 地质:0.015246 | 民主:0.011990 | 封建:0.010467
48,37,0.327118697715611,0.015137328471486636,0.4594594594594595,逃走 | 逃跑 | 躲藏 | 躲避 | 营救 | 开枪 | 挟持 | 埋伏 | 呼救 | 搜查 | 藏身 | 脱身,戒备 | 打猎 | 不慎 | 骚扰 | 冲撞 | 守株待兔 | 靠近 | 开枪,周旋 | 同伙 | 伪装 | 躲避 | 阻拦 | 监视 | 包围 | 解救 | 解围 | 逃跑 | 躲藏 | 下落,逃走 | 逃跑 | 躲藏 | 躲避 | 营救 | 开枪 | 挟持 | 埋伏 | 呼救 | 搜查 | 藏身 | 脱身 | 阻拦 | 歹徒 | 乔装 | 掩护 | 解救 | 同伙 | 求救 | 监视 | 凶手 | 包围 | 骚扰 | 隐蔽 | 解围 | 偷窥 | 伪装 | 周旋 | 戒备 | 看管 | 冲撞 | 下落 | 打猎 | 靠近 | 守株待兔 | 带路 | 不慎,36.94719788621247,0.9982144756861652,0.0015051373925844234,逃跑:1.000000 | 隐蔽:1.000000 | 呼救:1.000000 | 骚扰:1.000000 | 求救:1.000000 | 逃走:1.000000 | 藏身:1.000000 | 开枪:1.000000 | 监视:1.000000 | 阻拦:1.000000 | 冲撞:1.000000 | 解围:1.000000,下山:0.011663
49,101,0.2472081731371574,0.0008343012118698388,0.45544554455445546,金融 | 产业 | 业务 | 行业 | 投资 | 互联网 | 品牌 | 物流 | 零售 | 银行 | 房地产 | 产品,节水 | 分红 | 会员 | 收益 | 社区 | 账户 | 小康 | 茅台,主流 | 账户 | 联盟 | 集团 | 航天 | 房地产 | 用户 | 会员 | 海外 | 经营 | 内地 | 行业,金融 | 产业 | 业务 | 行业 | 投资 | 互联网 | 品牌 | 物流 | 零售 | 银行 | 房地产 | 产品 | 服务 | 商业 | 贸易 | 能源 | 服务业 | 公司 | 资产 | 科技 | 平台 | 外资 | 保险 | 工业 | 经营 | 客户 | 医药 | 高新技术 | 商品 | 新兴 | 厂商 | 合资 | 并购 | 巨头 | 外贸 | 消费者 | 海外 | 资源 | 全球 | 经济 | 增值 | 生态 | 电信 | 管理 | 实体 | 境外 | 环保 | 股票 | 集团 | 股东 | 用户 | 信用 | 理财 | 跨国 | 基金 | 厂家 | 二手车 | 石油 | 节能 | 国际 | 外汇 | 航空 | 机构 | 项目 | 国内 | 收益 | 配送 | 商务 | 进出口 | 创业 | 财富 | 本土 | 低碳 | 开发商 | 中介 | 规模 | 共享 | 价值 | 股份 | 账户 | 大众 | 中国 | 社区 | 电讯 | 核心 | 核能 | 牌照 | 分红 | 内地 | 节水 | 新 | 股民 | 航天 | 联盟 | 主流 | 开放 | 平价 | 茅台 | 会员 | 大陆 | 小康,100.61156774684865,0.9783700037676198,0.012380532970962787,本土:0.999996 | 小康:0.999996 | 公司:0.999996 | 价值:0.999990 | 巨头:0.999989 | 科技:0.999988 | 贸易:0.999987 | 股民:0.999976 | 节水:0.999972 | 环保:0.999972 | 创业:0.999968 | 内地:0.999931,资本:0.379447 | 信贷:0.346529 | 大宗:0.307224 | 权益:0.109810 | 海运:0.074434 | 销售:0.061345 | 成本:0.053673 | 家电:0.047021
50,42,0.4524419068358147,0.08217044358335016,0.07142857142857142,焦躁 | 恐惧 | 惊慌 | 茫然 | 慌张 | 绝望 | 慌乱 | 烦躁 | 悲伤 | 疲倦 | 胆怯 | 不安,同情 | 冷漠 | 流泪 | 喘息 | 苏醒 | 醒悟 | 怜惜 | 虚弱,恐慌 | 悲伤 | 漠然 | 怨恨 | 愤怒 | 疲惫 | 麻木 | 怜惜 | 发怒 | 慌张 | 畏缩 | 忧郁,焦躁 | 恐惧 | 惊慌 | 茫然 | 慌张 | 绝望 | 慌乱 | 烦躁 | 悲伤 | 疲倦 | 胆怯 | 不安 | 愤怒 | 悔恨 | 痛苦 | 焦虑 | 怨恨 | 心慌 | 疲惫 | 自责 | 畏惧 | 惊慌失措 | 忧郁 | 悲痛 | 烦闷 | 畏缩 | 哭泣 | 怜惜 | 冷漠 | 恐慌 | 漠然 | 麻木 | 发怒 | 沉默 | 虚弱 | 流泪 | 忍耐 | 醒悟 | 同情 | 清醒 | 苏醒 | 喘息,41.84372174896436,0.9931224258755359,0.003017161583410485,愤怒:1.000000 | 冷漠:1.000000 | 疲倦:1.000000 | 心慌:1.000000 | 苏醒:1.000000 | 惊慌:1.000000 | 畏惧:1.000000 | 漠然:1.000000 | 哭泣:1.000000 | 胆怯:1.000000 | 怨恨:1.000000 | 慌乱:1.000000,焦急:0.131593
51,57,0.2874523276707502,-0.002881013324420275,0.5263157894736842,打败 | 摧毁 | 消灭 | 抵抗 | 抛弃 | 压倒 | 摆脱 | 战胜 | 挽救 | 拯救 | 抵挡 | 夺取,压迫 | 分裂 | 追赶 | 陷入 | 扮演 | 受到 | 屈服 | 瓜分,抵抗 | 摆脱 | 牺牲 | 扫除 | 摧毁 | 靠拢 | 消灭 | 捍卫 | 支配 | 剥夺 | 瓜分 | 受到,打败 | 摧毁 | 消灭 | 抵抗 | 抛弃 | 压倒 | 摆脱 | 战胜 | 挽救 | 拯救 | 抵挡 | 夺取 | 征服 | 对抗 | 丧失 | 丢掉 | 失去 | 推翻 | 对付 | 捍卫 | 抗衡 | 抵御 | 主宰 | 粉碎 | 放弃 | 压迫 | 收复 | 剥夺 | 颠覆 | 遭受 | 挽回 | 束缚 | 重创 | 脱离 | 屈服 | 俘获 | 瓜分 | 挑起 | 遭到 | 激起 | 追随 | 支配 | 分裂 | 牺牲 | 复活 | 争夺 | 陷入 | 扫除 | 面对 | 追赶 | 卷入 | 伸张 | 埋没 | 受到 | 效仿 | 扮演 | 靠拢,57.182668460202386,0.9993934566935228,0.0007534976059751502,征服:1.000000 | 拯救:1.000000 | 追随:1.000000 | 战胜:1.000000 | 粉碎:1.000000 | 抵挡:1.000000 | 打败:1.000000 | 消灭:1.000000 | 挽救:1.000000 | 抗衡:1.000000 | 卷入:1.000000 | 抵抗:1.000000,毁灭:0.089383 | 发动:0.027791 | 歼灭:0.012575 | 波及:0.012524 | 付出:0.012269 | 废除:0.010464
52,103,0.18614357139573826,-0.04566297254213879,0.9029126213592233,宝 | 德 | 九 | 七 | 五 | 六 | 八 | 四 | 三 | 利 | 通 | 融,作者 | 卡 | 少林寺 | 太平 | 越 | 顶 | 主 | 独,〇 | 番 | 远 | 格 | 百 | 团 | 融 | 盘 | 轮 | 电 | 创 | 七,宝 | 德 | 九 | 七 | 五 | 六 | 八 | 四 | 三 | 利 | 通 | 融 | 银 | 金 | 百 | 信 | 格 | 富 | 优 | 胜 | 十 | 特 | 汇 | 方 | 双 | 洋 | 万 | 品 | 千 | 淘 | 文 | 美 | 创 | 科 | 享 | 网 | 云 | 业 | 乐 | 钢 | 大 | 集 | 货 | 公 | 平安 | 轮 | 立方 | 电 | 卡 | 盘 | 纯 | 兹 | 险 | 法 | 小 | 顶 | 台 | 国 | 码 | 吉利 | 库 | 广 | 团 | 服 | 太平 | 东方 | 圈 | 社 | 节 | 超 | 宗 | 料 | 番 | 碳 | 条 | 线 | 三角 | 组 | 凤凰 | 核 | 章 | 号 | 独 | 局 | 长城 | 乙 | 主 | 个 | 北京 | 第 | 全 | 世纪 | 旭日 | 越 | 部 | 远 | 桩 | 度 | 图 | 底 | 〇 | 少林寺 | 作者,102.92958461730123,0.991326681650606,0.00799282783767666,富:0.999999 | 底:0.999999 | 胜:0.999998 | 法:0.999997 | 利:0.999994 | 集:0.999993 | 金:0.999992 | 货:0.999992 | 太平:0.999991 | 节:0.999990 | 局:0.999983 | 码:0.999983,安:0.274029 | 二:0.157710 | 丙:0.028898 | 晚报:0.025214 | 新:0.022965 | 甲:0.022653 | 光:0.021651 | 图片:0.017715
53,46,0.3307219485378657,-0.021714354054891024,0.5652173913043478,楼房 | 居民楼 | 围墙 | 临街 | 人行道 | 屋顶 | 马路 | 烟囱 | 大楼 | 防盗门 | 幢 | 墙,角落 | 墙 | 池子 | 水槽 | 防盗门 | 横七竖八 | 灰尘 | 屋,电线 | 地下 | 临街 | 角落 | 栋 | 幢 | 大棚 | 马路 | 玻璃 | 路边 | 电灯 | 烟囱,楼房 | 居民楼 | 围墙 | 临街 | 人行道 | 屋顶 | 马路 | 烟囱 | 大楼 | 防盗门 | 幢 | 墙 | 水管 | 楼 | 路灯 | 栋 | 草坪 | 空地 | 炉灶 | 路面 | 路边 | 工地 | 街道 | 电线 | 大厦 | 立交桥 | 大街 | 电灯 | 屋 | 走廊 | 大棚 | 水槽 | 暖气 | 大门 | 地面 | 池子 | 仓库 | 水龙头 | 横七竖八 | 角落 | 地下 | 灰尘 | 玻璃 | 冷气 | 车间 | 层,45.99506554909746,0.9993248800768333,0.0007964194454885,暖气:1.000000 | 车间:1.000000 | 围墙:1.000000 | 临街:1.000000 | 防盗门:1.000000 | 大厦:1.000000 | 冷气:1.000000 | 幢:1.000000 | 楼房:1.000000 | 路灯:1.000000 | 池子:1.000000 | 烟囱:1.000000,
54,60,0.288272111365761,-0.026031001112103,0.7,钉 | 缝 | 锯 | 竖 | 镶 | 凹 | 钩 | 斜 | 剪 | 绣 | 弯 | 拱,曲 | 瓷 | 拆 | 扇 | 牡丹 | 纱 | 铲 | 扭,焊 | 鼓 | 束 | 纱 | 扇 | 平 | 拴 | 斜 | 扭 | 空 | 漆 | 捆,钉 | 缝 | 锯 | 竖 | 镶 | 凹 | 钩 | 斜 | 剪 | 绣 | 弯 | 拱 | 罩 | 凿 | 凸 | 横 | 雕 | 垂 | 弓 | 焊 | 拴 | 吊 | 扁 | 扇 | 叠 | 圆 | 鼓 | 扭 | 铺 | 盖 | 漆 | 叉 | 刻 | 铲 | 捆 | 尖 | 尺 | 织 | 遮 | 截 | 束 | 弹 | 弦 | 布 | 瓷 | 印 | 板 | 串 | 纱 | 车轴 | 寸 | 拆 | 曲 | 铁 | 瓦 | 卷 | 墨 | 平 | 空 | 牡丹,60.076238888256235,0.9924286746135382,0.005908097437016562,绣:1.000000 | 刻:1.000000 | 钉:1.000000 | 斜:1.000000 | 竖:1.000000 | 漆:1.000000 | 弹:1.000000 | 捆:0.999999 | 焊:0.999999 | 鼓:0.999999 | 缝:0.999999 | 镶:0.999998,藏:0.285615 | 梅花:0.074542 | 折:0.042890 | 钢:0.042368 | 桶:0.028641
55,41,0.27640215721975286,-0.0184472025880238,0.6341463414634146,少见 | 瞩目 | 引人注目 | 司空见惯 | 耳熟能详 | 家喻户晓 | 难得一见 | 耳目一新 | 层出不穷 | 记忆犹新 | 罕见 | 触目惊心,着迷 | 众多 | 难以置信 | 没落 | 记忆犹新 | 惊人 | 默默无闻 | 耳目一新,脱颖而出 | 一无所知 | 没落 | 难以想象 | 难以置信 | 面目全非 | 流行 | 耳熟能详 | 大同小异 | 寥寥无几 | 层出不穷 | 惊人,少见 | 瞩目 | 引人注目 | 司空见惯 | 耳熟能详 | 家喻户晓 | 难得一见 | 耳目一新 | 层出不穷 | 记忆犹新 | 罕见 | 触目惊心 | 轰动 | 比比皆是 | 举世瞩目 | 着迷 | 随处可见 | 沸沸扬扬 | 流传 | 难以想象 | 盛行 | 难以置信 | 惊人 | 前无古人 | 流行 | 失传 | 寥寥无几 | 默默无闻 | 翻天覆地 | 大同小异 | 耳闻目睹 | 不为人知 | 划时代 | 兴起 | 一无所知 | 面目全非 | 类似 | 问世 | 众多 | 脱颖而出 | 没落,41.03155039049646,0.9995508075476953,0.0006207967534529067,罕见:1.000000 | 盛行:1.000000 | 失传:1.000000 | 比比皆是:1.000000 | 层出不穷:1.000000 | 流传:1.000000 | 惊人:1.000000 | 瞩目:1.000000 | 触目惊心:1.000000 | 问世:1.000000 | 耳闻目睹:1.000000 | 着迷:1.000000,遍布:0.018016
56,47,0.3673352117926009,0.0571291571366083,0.1276595744680851,出游 | 郊游 | 游玩 | 野餐 | 假日 | 度假 | 假期 | 佳节 | 节日 | 旅游 | 游览 | 避暑,品尝 | 喜酒 | 午餐 | 晚餐 | 景点 | 燃放 | 庙会 | 旅途,午餐 | 燃放 | 欢聚 | 过节 | 游 | 节假日 | 购物 | 圣诞节 | 年夜饭 | 约会 | 野炊 | 新年,出游 | 郊游 | 游玩 | 野餐 | 假日 | 度假 | 假期 | 佳节 | 节日 | 旅游 | 游览 | 避暑 | 聚会 | 过节 | 用餐 | 中秋节 | 端午节 | 元宵节 | 晚餐 | 旅行 | 年夜饭 | 圣诞节 | 野炊 | 午餐 | 就餐 | 节假日 | 新年 | 购物 | 休闲 | 观光 | 蜜月 | 庙会 | 约会 | 团聚 | 扫墓 | 旅途 | 出行 | 吃喝玩乐 | 景点 | 游 | 欢聚 | 品尝 | 暑期 | 去处 | 相约 | 喜酒 | 燃放,47.09071159132675,0.9952723200909579,0.0023723177590426084,品尝:1.000000 | 去处:1.000000 | 晚餐:1.000000 | 出游:1.000000 | 度假:1.000000 | 喜酒:1.000000 | 休闲:1.000000 | 佳节:1.000000 | 圣诞节:1.000000 | 游玩:1.000000 | 观光:1.000000 | 欢聚:1.000000,春节:0.163382 | 除夕:0.083397 | 长假:0.025287
57,40,0.334187564702692,0.05268024415442145,0.15,诈骗 | 违法 | 非法 | 欺诈 | 涉嫌 | 假冒 | 犯罪 | 违规 | 造假 | 虚假 | 作弊 | 盗版,特权 | 私有 | 倾销 | 取缔 | 虚构 | 受骗 | 触犯 | 合法,黑客 | 团伙 | 特权 | 造假 | 违规 | 罪 | 违法 | 非法 | 盗版 | 内幕 | 集资 | 丑闻,诈骗 | 违法 | 非法 | 欺诈 | 涉嫌 | 假冒 | 犯罪 | 违规 | 造假 | 虚假 | 作弊 | 盗版 | 恶意 | 内幕 | 侵权 | 团伙 | 弄虚作假 | 泄密 | 查处 | 触犯 | 抄袭 | 违反 | 泄露 | 罪 | 编造 | 赌博 | 谣言 | 集资 | 暴利 | 丑闻 | 毒品 | 黑客 | 垄断 | 受骗 | 虚构 | 合法 | 倾销 | 取缔 | 特权 | 私有,40.00586023475082,0.9991595116158362,0.0010810114975015458,虚假:1.000000 | 抄袭:1.000000 | 盗版:1.000000 | 非法:1.000000 | 编造:1.000000 | 垄断:1.000000 | 私有:1.000000 | 造假:1.000000 | 欺诈:1.000000 | 泄露:1.000000 | 泄密:0.999999 | 侵权:0.999999,牵涉:0.021721
58,73,0.26520299671461367,-0.012184249201217625,0.6164383561643836,机遇 | 根基 | 契机 | 举措 | 使命 | 重任 | 责任感 | 理念 | 成效 | 突破口 | 步伐 | 活力,经验 | 下功夫 | 与时俱进 | 潜能 | 责任感 | 力度 | 抱负 | 前沿,共同体 | 重任 | 互信 | 难题 | 积极性 | 后盾 | 考验 | 责任感 | 启示 | 抱负 | 变革 | 根基,机遇 | 根基 | 契机 | 举措 | 使命 | 重任 | 责任感 | 理念 | 成效 | 突破口 | 步伐 | 活力 | 出路 | 难题 | 源泉 | 影响力 | 纽带 | 成果 | 作用 | 困境 | 缩影 | 信心 | 共识 | 实力 | 变革 | 宗旨 | 重中之重 | 积极性 | 构想 | 启示 | 软实力 | 瓶颈 | 载体 | 进步 | 进程 | 后盾 | 生命线 | 挑战 | 大局 | 地位 | 潜能 | 抱负 | 支柱 | 成就 | 经验 | 当务之急 | 迈进 | 动力 | 难关 | 互信 | 声誉 | 战略 | 信誉 | 后顾之忧 | 建树 | 担当 | 与时俱进 | 力度 | 双赢 | 呼声 | 共同体 | 前途 | 飞跃 | 下功夫 | 考验 | 伙伴 | 先锋 | 智慧 | 行列 | 人才 | 前沿 | 铺路 | 权威,73.2162254247259,0.9948794260429392,0.0045239240472465456,突破口:1.000000 | 积极性:1.000000 | 纽带:1.000000 | 难关:1.000000 | 使命:1.000000 | 信誉:0.999999 | 重任:0.999999 | 后顾之忧:0.999999 | 大局:0.999999 | 铺路:0.999998 | 机遇:0.999997 | 根基:0.999996,典范:0.230889 | 优势:0.209804 | 难点:0.034267 | 潜力:0.019398 | 导向:0.013765 | 动向:0.013103
59,82,0.30273836506893403,-0.0026902257750778653,0.5609756097560976,餐馆 | 饭馆 | 饭店 | 餐厅 | 旅馆 | 商场 | 酒楼 | 酒吧 | 旅店 | 宾馆 | 超市 | 酒店,厨房 | 餐桌 | 地下室 | 空调 | 医疗 | 游客 | 房东 | 游船,诊所 | 夜市 | 动物园 | 地方 | 商场 | 家政 | 食堂 | 小贩 | 私人 | 床位 | 医院 | 取款机,餐馆 | 饭馆 | 饭店 | 餐厅 | 旅馆 | 商场 | 酒楼 | 酒吧 | 旅店 | 宾馆 | 超市 | 酒店 | 舞厅 | 商店 | 书店 | 药店 | 电影院 | 网吧 | 菜市场 | 客房 | 夜总会 | 连锁店 | 食堂 | 诊所 | 餐饮 | 报亭 | 店 | 服务员 | 便利店 | 游泳池 | 专卖店 | 医院 | 五星级 | 夜市 | 厨房 | 写字楼 | 幼儿园 | 公共场所 | 邮局 | 连锁 | 图书馆 | 顾客 | 百货 | 家政 | 取款机 | 小贩 | 商贩 | 售货员 | 游船 | 别墅 | 动物园 | 地下室 | 客人 | 场所 | 清洁工 | 房东 | 街头 | 餐桌 | 导游 | 床位 | 装修 | 露天 | 监狱 | 校园 | 游客 | 市民 | 外企 | 电器 | 家电 | 热水器 | 城市 | 户外 | 私人 | 新房 | 家 | 空调 | 垃圾 | 人群 | 地方 | 医疗 | 核电站 | 外国,82.26043527288641,0.9963025621289958,0.0030519833702946156,酒楼:1.000000 | 旅馆:1.000000 | 饭店:1.000000 | 餐馆:1.000000 | 饭馆:1.000000 | 旅店:1.000000 | 餐厅:1.000000 | 酒吧:1.000000 | 商贩:1.000000 | 书店:1.000000 | 人群:1.000000 | 食堂:1.000000,商城:0.136490 | 公寓:0.074500 | 快递:0.069638 | 大陆:0.044494 | 二手车:0.032465 | 消费者:0.021006 | 车主:0.018985 | 农产品:0.017148
60,34,0.3508880142848026,0.04475904302980713,0.11764705882352941,生硬 | 荒诞 | 粗糙 | 荒谬 | 似是而非 | 枯燥 | 单调 | 冗长 | 拙劣 | 模糊 | 杂乱无章 | 片面,拙劣 | 荒谬 | 荒诞 | 尖锐 | 扭曲 | 刺耳 | 无关紧要 | 夸张,枯燥 | 片面 | 单薄 | 画蛇添足 | 颠倒 | 堆砌 | 粗糙 | 拙劣 | 笼统 | 模糊 | 荒诞 | 自相矛盾,生硬 | 荒诞 | 粗糙 | 荒谬 | 似是而非 | 枯燥 | 单调 | 冗长 | 拙劣 | 模糊 | 杂乱无章 | 片面 | 潦草 | 陈旧 | 自相矛盾 | 夸张 | 含糊 | 笼统 | 抽象 | 堆砌 | 刺耳 | 单薄 | 雷同 | 过时 | 画蛇添足 | 扭曲 | 一成不变 | 残缺 | 重复 | 颠倒 | 无关紧要 | 尖锐 | 刻舟求剑 | 约定俗成,33.9747643982128,0.999186764873245,0.0009101838279074671,潦草:1.000000 | 模糊:1.000000 | 枯燥:1.000000 | 自相矛盾:1.000000 | 单调:1.000000 | 颠倒:1.000000 | 杂乱无章:1.000000 | 残缺:1.000000 | 冗长:1.000000 | 生硬:1.000000 | 笼统:1.000000 | 单薄:1.000000,
61,22,0.31786415192340456,0.008204067149530744,0.5,热闹 | 红火 | 张灯结彩 | 喜庆 | 兴旺 | 欢声笑语 | 欣欣向荣 | 忙碌 | 喜洋洋 | 不亦乐乎 | 爆满 | 分外,浓厚 | 丰盛 | 隆重 | 风光 | 久违 | 忙碌 | 欢声笑语 | 不亦乐乎,浓厚 | 忙碌 | 欣欣向荣 | 爆满 | 格外 | 喜庆 | 张灯结彩 | 喜洋洋 | 火热 | 红火 | 络绎不绝 | 丰盛,热闹 | 红火 | 张灯结彩 | 喜庆 | 兴旺 | 欢声笑语 | 欣欣向荣 | 忙碌 | 喜洋洋 | 不亦乐乎 | 爆满 | 分外 | 有声有色 | 火热 | 隆重 | 丰盛 | 络绎不绝 | 格外 | 开张 | 浓厚 | 风光 | 久违,21.999978652464538,0.9999990294476514,2.3185505957533924e-6,张灯结彩:1.000000 | 热闹:1.000000 | 隆重:1.000000 | 红火:1.000000 | 开张:1.000000 | 忙碌:1.000000 | 丰盛:1.000000 | 欢声笑语:1.000000 | 络绎不绝:1.000000 | 欣欣向荣:1.000000 | 喜洋洋:1.000000 | 兴旺:1.000000,
62,60,0.32403006312630495,0.04890000999608526,0.16666666666666666,驳回 | 起诉 | 判决 | 裁决 | 上诉 | 裁定 | 控告 | 判处 | 辞退 | 拘留 | 诉讼 | 处罚,贪污 | 受贿 | 派遣 | 隐瞒 | 警告 | 无故 | 推迟 | 移交,驳回 | 惩处 | 罚款 | 原告 | 冻结 | 纠纷 | 撤换 | 取消 | 和解 | 控告 | 处分 | 裁定,驳回 | 起诉 | 判决 | 裁决 | 上诉 | 裁定 | 控告 | 判处 | 辞退 | 拘留 | 诉讼 | 处罚 | 赔偿 | 免职 | 罢免 | 法院 | 罚款 | 处分 | 被告 | 解雇 | 开除 | 吊销 | 惩处 | 中止 | 撤换 | 原告 | 拖欠 | 索赔 | 否决 | 追究 | 冻结 | 案件 | 解散 | 不予 | 终止 | 受贿 | 停业 | 免除 | 解除 | 纠纷 | 违约 | 归还 | 破产 | 退回 | 取消 | 废除 | 逾期 | 延期 | 暂停 | 和解 | 贪污 | 收回 | 警告 | 无故 | 移交 | 隐瞒 | 准许 | 推迟 | 派遣 | 管辖,59.91341690861033,0.9975783699552835,0.0022859614971761904,无故:1.000000 | 起诉:1.000000 | 解雇:1.000000 | 辞退:1.000000 | 延期:1.000000 | 判处:1.000000 | 中止:1.000000 | 驳回:1.000000 | 推迟:1.000000 | 免除:1.000000 | 逾期:1.000000 | 警告:1.000000,拆迁:0.015049
63,41,0.33888513839552503,0.034623105107918176,0.1951219512195122,屠杀 | 袭击 | 逮捕 | 暗杀 | 歼灭 | 攻击 | 武装 | 示威 | 敌人 | 进攻 | 骚乱 | 轰炸,制服 | 抗议 | 冒险 | 伙 | 防守 | 劫持 | 通缉 | 逃亡,核武器 | 驱逐 | 对峙 | 投降 | 屠杀 | 劫持 | 骚乱 | 制服 | 间谍 | 海盗 | 示威 | 通缉,屠杀 | 袭击 | 逮捕 | 暗杀 | 歼灭 | 攻击 | 武装 | 示威 | 敌人 | 进攻 | 骚乱 | 轰炸 | 入侵 | 土匪 | 逃亡 | 俘虏 | 劫持 | 反击 | 武力 | 哗变 | 强盗 | 投降 | 被捕 | 人质 | 封锁 | 自卫 | 驱逐 | 搏斗 | 间谍 | 抗议 | 通缉 | 海盗 | 对峙 | 发动 | 出动 | 罢工 | 核武器 | 制服 | 防守 | 冒险 | 伙,41.00039653547323,0.9988507877875668,0.001146760218392572,骚乱:1.000000 | 示威:1.000000 | 搏斗:1.000000 | 逃亡:1.000000 | 哗变:1.000000 | 轰炸:1.000000 | 抗议:1.000000 | 袭击:1.000000 | 被捕:1.000000 | 冒险:1.000000 | 自卫:1.000000 | 武装:1.000000,杀害:0.016455
64,42,0.36405706731580795,0.05974360302454906,0.23809523809523808,蔬菜 | 饲料 | 粮食 | 小麦 | 大米 | 水产品 | 肥料 | 茶叶 | 玉米 | 棉花 | 面粉 | 作物,纯净水 | 煤气 | 白酒 | 豆制品 | 面粉 | 疫苗 | 废物 | 奶粉,作物 | 面粉 | 制品 | 铅 | 肥料 | 木材 | 淀粉 | 化肥 | 煤气 | 药材 | 奶粉 | 棉,蔬菜 | 饲料 | 粮食 | 小麦 | 大米 | 水产品 | 肥料 | 茶叶 | 玉米 | 棉花 | 面粉 | 作物 | 化肥 | 农作物 | 水稻 | 豆制品 | 家禽 | 食品 | 淀粉 | 乳制品 | 药材 | 牲畜 | 木材 | 果树 | 药品 | 奶牛 | 奶粉 | 中药 | 棉 | 饮用水 | 原料 | 制品 | 疫苗 | 纯净水 | 种子 | 药 | 白酒 | 苗 | 自来水 | 铅 | 废物 | 煤气,42.003076288743166,0.9993009693415312,0.0008175351710517532,肥料:1.000000 | 粮食:1.000000 | 木材:1.000000 | 水稻:1.000000 | 原料:1.000000 | 药品:1.000000 | 棉花:1.000000 | 小麦:1.000000 | 药材:1.000000 | 白酒:1.000000 | 废物:0.999999 | 自来水:0.999999,葡萄:0.013932
65,35,0.3695138102832442,0.1065324658598769,0.17142857142857143,墓 | 遗址 | 宫殿 | 墓地 | 古迹 | 庙 | 寺庙 | 纪念碑 | 坟墓 | 墓碑 | 公墓 | 碑,山川 | 岛屿 | 幅 | 建筑物 | 地名 | 座 | 四合院 | 国徽,座 | 寺庙 | 公墓 | 烈士 | 纪念馆 | 寺 | 矿藏 | 出土 | 墓 | 皇宫 | 遗址 | 教堂,墓 | 遗址 | 宫殿 | 墓地 | 古迹 | 庙 | 寺庙 | 纪念碑 | 坟墓 | 墓碑 | 公墓 | 碑 | 教堂 | 纪念馆 | 坟 | 遗物 | 博物馆 | 壁画 | 清真寺 | 名胜 | 建筑物 | 文物 | 寺 | 皇宫 | 出土 | 烈士 | 四合院 | 地名 | 坐落 | 岛屿 | 国徽 | 座 | 矿藏 | 山川 | 幅,34.98717249825814,0.9994704729169764,0.0006244978440376938,墓碑:1.000000 | 坟:1.000000 | 坟墓:1.000000 | 遗物:1.000000 | 古迹:1.000000 | 碑:1.000000 | 墓地:1.000000 | 庙:1.000000 | 公墓:1.000000 | 纪念馆:1.000000 | 出土:1.000000 | 墓:1.000000,
66,50,0.29696780808635703,0.028451268089973086,0.38,下跌 | 回落 | 回升 | 上涨 | 下降 | 攀升 | 飙升 | 低迷 | 上升 | 贬值 | 反弹 | 升值,损失 | 滞后 | 退出 | 观望 | 不足 | 雪上加霜 | 出局 | 了结,淘汰 | 不景气 | 回升 | 上升 | 观望 | 不足 | 波动 | 高涨 | 物价 | 好转 | 损失 | 下降,下跌 | 回落 | 回升 | 上涨 | 下降 | 攀升 | 飙升 | 低迷 | 上升 | 贬值 | 反弹 | 升值 | 不景气 | 缩水 | 波动 | 高涨 | 下调 | 亏损 | 好转 | 过剩 | 涨价 | 短缺 | 降价 | 拖累 | 低谷 | 萧条 | 徘徊 | 供不应求 | 赤字 | 调整 | 紧缺 | 翻番 | 顺差 | 压力 | 不足 | 倒闭 | 失业率 | 损失 | 滞后 | 雪上加霜 | 出局 | 物价 | 观望 | 透支 | 逼近 | 了结 | 垫底 | 淘汰 | 止步 | 退出,50.00631177506898,0.9989644729632918,0.0012896267422257276,缩水:1.000000 | 贬值:1.000000 | 不景气:1.000000 | 损失:1.000000 | 了结:1.000000 | 失业率:1.000000 | 供不应求:1.000000 | 观望:1.000000 | 亏损:1.000000 | 飙升:0.999999 | 徘徊:0.999999 | 好转:0.999999,破产:0.015417
67,50,0.32630045190113255,0.04991814971992663,0.12,屏幕 | 按键 | 相机 | 电脑 | 摄像机 | 鼠标 | 硬盘 | 键盘 | 耳机 | 音响 | 显示器 | 打印机,手势 | 密码 | 方向盘 | 望远镜 | 打印 | 指南针 | 秒 | 耳机,网页 | 屏幕 | 磁带 | 光盘 | 显示器 | 耳机 | 硬盘 | 摄像 | 电视 | 音响 | 手机 | 光碟,屏幕 | 按键 | 相机 | 电脑 | 摄像机 | 鼠标 | 硬盘 | 键盘 | 耳机 | 音响 | 显示器 | 打印机 | 摄像 | 手机 | 磁盘 | 磁带 | 录音 | 音量 | 关机 | 闹钟 | 光盘 | 开关 | 铃声 | 光碟 | 语音 | 镜头 | 胶片 | 电视 | 拍照 | 录像 | 游戏机 | 焦距 | 键 | 照相 | 菜单 | 方向盘 | 手势 | 开机 | 计时 | 日历 | 天线 | 打印 | 手动 | 望远镜 | 密码 | 网页 | 地图 | 口令 | 指南针 | 秒,49.92545513092985,0.992288372145256,0.005162035299407788,铃声:1.000000 | 手势:1.000000 | 口令:1.000000 | 闹钟:1.000000 | 拍照:1.000000 | 照相:1.000000 | 镜头:1.000000 | 关机:1.000000 | 菜单:0.999999 | 音量:0.999999 | 鼠标:0.999999 | 键盘:0.999998,浏览器:0.275122 | 计算机:0.013462
68,50,0.33648713172764977,-0.023375803694920382,0.72,疲惫不堪 | 消沉 | 精疲力竭 | 狼狈 | 灰心 | 走投无路 | 气馁 | 挣扎 | 悲惨 | 不堪 | 窘迫 | 崩溃,忙乱 | 泄气 | 不平 | 消沉 | 动弹 | 窘迫 | 挣扎 | 吃力,折磨 | 无力 | 振作 | 惨重 | 沉重 | 挫折 | 动摇 | 动弹 | 崩溃 | 无所作为 | 失败 | 后退,疲惫不堪 | 消沉 | 精疲力竭 | 狼狈 | 灰心 | 走投无路 | 气馁 | 挣扎 | 悲惨 | 不堪 | 窘迫 | 崩溃 | 忍饥挨饿 | 无能为力 | 退缩 | 泄气 | 空虚 | 力不从心 | 惨重 | 动弹 | 受苦 | 无力 | 提心吊胆 | 一无所有 | 无所事事 | 一事无成 | 惨痛 | 一筹莫展 | 耻辱 | 任人宰割 | 挫折 | 无所作为 | 振作 | 吃力 | 折磨 | 忍受 | 沉重 | 失败 | 忙乱 | 身不由己 | 死心 | 退却 | 摇摇欲坠 | 倾家荡产 | 倒下 | 后退 | 流血 | 灭亡 | 动摇 | 不平,49.9786894564857,0.9990217467080946,0.0011912033633784424,受苦:1.000000 | 摇摇欲坠:1.000000 | 无所事事:1.000000 | 折磨:1.000000 | 狼狈:1.000000 | 忙乱:1.000000 | 耻辱:1.000000 | 任人宰割:1.000000 | 一无所有:1.000000 | 气馁:1.000000 | 无力:1.000000 | 振作:1.000000,挨打:0.019301
69,28,0.3841674862954377,0.09220602008564513,0.07142857142857142,奋勇 | 奋力 | 拼搏 | 勇往直前 | 齐心协力 | 顽强 | 全力以赴 | 英勇 | 不懈 | 坚持不懈 | 竭尽全力 | 斗志,鼓舞 | 毅然 | 竭尽全力 | 一心一意 | 朝气蓬勃 | 坚持不懈 | 第一线 | 全力以赴,争分夺秒 | 朝气蓬勃 | 带领 | 奋斗 | 决心 | 坚持不懈 | 投身 | 一鼓作气 | 拼搏 | 众志成城 | 一心一意 | 第一线,奋勇 | 奋力 | 拼搏 | 勇往直前 | 齐心协力 | 顽强 | 全力以赴 | 英勇 | 不懈 | 坚持不懈 | 竭尽全力 | 斗志 | 奋斗 | 发愤图强 | 一心一意 | 争分夺秒 | 前赴后继 | 夜以继日 | 勇于 | 决心 | 众志成城 | 一鼓作气 | 朝气蓬勃 | 投身 | 毅然 | 鼓舞 | 带领 | 第一线,27.986909610738213,0.9995279961086492,0.0005675181692047548,奋勇:1.000000 | 奋力:1.000000 | 朝气蓬勃:1.000000 | 拼搏:1.000000 | 顽强:1.000000 | 奋斗:1.000000 | 鼓舞:1.000000 | 一鼓作气:1.000000 | 争分夺秒:1.000000 | 斗志:1.000000 | 前赴后继:1.000000 | 决心:1.000000,
70,60,0.33950271152254274,0.05032968160130726,0.18333333333333332,拜访 | 拜会 | 接见 | 探望 | 看望 | 拜见 | 应邀 | 会见 | 参观 | 专程 | 陪同 | 前往,颁奖 | 致敬 | 留念 | 庆贺 | 报名 | 追悼会 | 祝贺 | 问候,参观 | 主持 | 庆贺 | 会面 | 邀请 | 率领 | 作客 | 邀 | 动身 | 瞻仰 | 赶往 | 悼念,拜访 | 拜会 | 接见 | 探望 | 看望 | 拜见 | 应邀 | 会见 | 参观 | 专程 | 陪同 | 前往 | 送行 | 慰问 | 前来 | 邀请 | 赶赴 | 访问 | 视察 | 来访 | 瞻仰 | 会面 | 出访 | 赶往 | 招待 | 赴 | 起程 | 送别 | 动身 | 光临 | 问候 | 祝贺 | 奔赴 | 赶到 | 做客 | 贵宾 | 带队 | 交谈 | 率领 | 见面 | 邀 | 会晤 | 采访 | 作客 | 合影 | 就座 | 接待 | 追悼会 | 召集 | 悼念 | 报到 | 派出 | 颁奖 | 来宾 | 庆贺 | 留念 | 致敬 | 主持 | 宣誓 | 报名,60.024081581808986,0.9992101013919725,0.0008855545297200707,留念:1.000000 | 看望:1.000000 | 参观:1.000000 | 探望:1.000000 | 访问:1.000000 | 会面:1.000000 | 赴:1.000000 | 拜会:1.000000 | 慰问:1.000000 | 来访:1.000000 | 派出:1.000000 | 接待:1.000000,领队:0.026144 | 嘉宾:0.010759
71,78,0.27825299233251455,0.013485240101415625,0.4358974358974359,北部 | 南部 | 沿岸 | 河 | 湖 | 东南 | 海岸 | 东部 | 西 | 岛 | 南 | 山,室 | 厅 | 塔 | 堂 | 果园 | 水域 | 内外 | 绿地,北 | 运河 | 筑 | 坡 | 海 | 地区 | 园林 | 河 | 北部 | 港 | 首府 | 水域,北部 | 南部 | 沿岸 | 河 | 湖 | 东南 | 海岸 | 东部 | 西 | 岛 | 南 | 山 | 北 | 西南 | 西北 | 西部 | 岸 | 中部 | 东 | 沿海 | 半岛 | 沟 | 运河 | 流域 | 坝 | 桥 | 堤 | 海湾 | 城 | 村 | 屯 | 花园 | 江 | 乡 | 园 | 滨海 | 水库 | 镇 | 交界 | 街 | 海域 | 县 | 东北 | 海 | 水域 | 海峡 | 南北 | 坡 | 地区 | 首府 | 大道 | 一带 | 泉 | 田 | 庄园 | 北方 | 农场 | 果园 | 市 | 牧场 | 港 | 塔 | 井 | 位于 | 南方 | 园林 | 绿地 | 环 | 窑 | 院 | 堂 | 全长 | 厅 | 筑 | 安 | 中央 | 室 | 内外,77.38826399565903,0.9910310139760984,0.004780867555664083,北方:1.000000 | 乡:1.000000 | 镇:1.000000 | 北:1.000000 | 南:1.000000 | 岸:1.000000 | 园:1.000000 | 室:1.000000 | 海湾:1.000000 | 半岛:1.000000 | 堤:1.000000 | 西:1.000000,社:0.048985 | 港口:0.016637 | 平原:0.010146
72,50,0.24888809903018497,-0.010231554486777596,0.62,减 | 赔 | 缴 | 跌 | 收 | 降 | 亏 | 退 | 涨 | 补 | 交 | 付,判 | 涨 | 扣 | 签 | 告 | 跌 | 折 | 耗,赔 | 限 | 续 | 折 | 销 | 管 | 判 | 领 | 增 | 废 | 报 | 罚,减 | 赔 | 缴 | 跌 | 收 | 降 | 亏 | 退 | 涨 | 补 | 交 | 付 | 罚 | 存 | 增 | 保 | 输 | 赎 | 判 | 销 | 扣 | 续 | 领 | 升 | 欠 | 定 | 赢 | 损 | 撤 | 押 | 耗 | 扩 | 免 | 投 | 租 | 限 | 报 | 告 | 折 | 签 | 筹 | 证 | 负 | 管 | 止 | 废 | 担 | 持 | 计 | 归,49.91209437532527,0.9973138434857828,0.0023226582776837285,赔:1.000000 | 跌:1.000000 | 涨:1.000000 | 减:1.000000 | 赎:1.000000 | 欠:1.000000 | 亏:1.000000 | 罚:1.000000 | 缴:1.000000 | 押:1.000000 | 退:1.000000 | 告:1.000000,认:0.024848
73,74,0.4225359822533704,0.014519598578534215,0.35135135135135137,诧异 | 气愤 | 惊讶 | 羞愧 | 吃惊 | 沮丧 | 惊诧 | 惋惜 | 心疼 | 惭愧 | 疑惑 | 不解,惊讶 | 沮丧 | 愣 | 震惊 | 焦急 | 惊诧 | 害怕 | 无精打采,大吃一惊 | 遗憾 | 恍然大悟 | 尴尬 | 万分 | 后悔 | 感到 | 心酸 | 抱歉 | 沮丧 | 厌烦 | 吃惊,诧异 | 气愤 | 惊讶 | 羞愧 | 吃惊 | 沮丧 | 惊诧 | 惋惜 | 心疼 | 惭愧 | 疑惑 | 不解 | 难过 | 叹气 | 痛心 | 苦笑 | 哭笑不得 | 难为情 | 为难 | 失望 | 难堪 | 苦恼 | 不服气 | 难受 | 不耐烦 | 无奈 | 焦急 | 委屈 | 厌烦 | 着急 | 纳闷儿 | 愁眉苦脸 | 无可奈何 | 迷惑不解 | 害怕 | 摇头 | 垂头丧气 | 心酸 | 恍然大悟 | 后悔 | 目瞪口呆 | 尴尬 | 迟疑 | 过意不去 | 犹豫 | 大吃一惊 | 冷笑 | 震惊 | 歉意 | 不好意思 | 半信半疑 | 遗憾 | 抱歉 | 不以为然 | 感到 | 无话可说 | 担心 | 庆幸 | 面红耳赤 | 大惊小怪 | 犹豫不决 | 心急如焚 | 愣 | 受不了 | 无精打采 | 怨言 | 怨气 | 莫名其妙 | 说道 | 思前想后 | 对不起 | 措手不及 | 意料 | 万分,73.86882327425815,0.9975935028997603,0.0017149039935610573,惊讶:1.000000 | 诧异:1.000000 | 哭笑不得:1.000000 | 惊诧:1.000000 | 尴尬:1.000000 | 歉意:1.000000 | 纳闷儿:1.000000 | 痛心:1.000000 | 心急如焚:1.000000 | 怨言:1.000000 | 失望:1.000000 | 吃惊:1.000000,脱口而出:0.014107
74,69,0.24473645802032598,-0.047201329537407286,0.9130434782608695,它 | 那些 | 它们 | 这些 | 真正 | 当成 | 普通人 | 统统 | 人们 | 当作 | 有没有 | 谈不上,不如说 | 小看 | 至于 | 想象 | 多么 | 处处 | 无形中 | 自然,所谓 | 用 | 常 | 可以 | 千万 | 永远 | 人们 | 一些 | 抛开 | 单纯 | 有朝一日 | 形形色色,它 | 那些 | 它们 | 这些 | 真正 | 当成 | 普通人 | 统统 | 人们 | 当作 | 有没有 | 谈不上 | 不论 | 无论 | 看成 | 纯粹 | 所谓 | 不如说 | 可以 | 一样 | 永远 | 我们 | 像 | 什么样 | 之类 | 一些 | 至于 | 抛开 | 多么 | 都会 | 各种 | 单纯 | 更 | 不妨 | 如何 | 能够 | 古人 | 变成 | 通通 | 形形色色 | 哪些 | 才能 | 看作 | 诸如此类 | 一定 | 用来 | 既 | 将来 | 凡是 | 看得见 | 老百姓 | 叫作 | 比喻 | 种 | 用 | 有朝一日 | 无形中 | 自然 | 少不了 | 想象 | 小看 | 有的是 | 无可厚非 | 离不开 | 处处 | 只 | 千万 | 常 | 的,68.32562073251884,0.985650708821361,0.010127577962221882,当成:1.000000 | 当作:1.000000 | 凡是:1.000000 | 之类:1.000000 | 人们:1.000000 | 它:1.000000 | 用来:1.000000 | 统统:1.000000 | 单纯:1.000000 | 处处:1.000000 | 通通:0.999999 | 它们:0.999999,这样:0.050980 | 特别:0.043527 | 而是:0.040156 | 完全:0.028490 | 在于:0.014156 | 当:0.012792 | 能:0.012679 | 算是:0.011736
75,53,0.46233063895228804,0.1363282271780146,0.05660377358490566,胳膊 | 手臂 | 脖子 | 肩膀 | 鼻子 | 嘴唇 | 手掌 | 脸颊 | 手指 | 舌头 | 腿 | 嘴巴,笛子 | 拐杖 | 绷带 | 鼻涕 | 杠铃 | 把手 | 浑身 | 怀里,脸颊 | 手脚 | 手掌 | 鼻涕 | 指甲 | 使劲 | 两手 | 眼 | 舌头 | 肚子 | 头发 | 手,胳膊 | 手臂 | 脖子 | 肩膀 | 鼻子 | 嘴唇 | 手掌 | 脸颊 | 手指 | 舌头 | 腿 | 嘴巴 | 脑袋 | 身子 | 爪子 | 眼睛 | 耳朵 | 手腕 | 膝盖 | 胸膛 | 双手 | 喉咙 | 眉毛 | 肚子 | 嘴 | 腰 | 指头 | 把手 | 脚 | 脸 | 头发 | 身躯 | 指甲 | 手脚 | 头顶 | 怀里 | 嗓子 | 浑身 | 用力 | 使劲 | 肩 | 手 | 鼻涕 | 两手 | 眼 | 头 | 绷带 | 胡子 | 身上 | 拐杖 | 鲜血 | 杠铃 | 笛子,53.11571001257885,0.999771727873543,0.0003036861303721005,手臂:1.000000 | 肩膀:1.000000 | 身躯:1.000000 | 胳膊:1.000000 | 手脚:1.000000 | 手掌:1.000000 | 胸膛:1.000000 | 鼻子:1.000000 | 脖子:1.000000 | 嘴唇:1.000000 | 双手:1.000000 | 身子:1.000000,弓:0.113357 | 针:0.011675
76,46,0.32946106058387414,0.001269336895896935,0.5,刻苦 | 兢兢业业 | 勤奋 | 虚心 | 钻研 | 努力 | 用心 | 吃苦 | 用功 | 苦心 | 认真 | 毅力,安心 | 充实 | 诚心诚意 | 踏实 | 力气 | 锻炼 | 动手 | 毅力,刻苦 | 不耻下问 | 虚心 | 懂得 | 踏实 | 苦心 | 精力 | 耐心 | 学会 | 善于 | 废寝忘食 | 全心全意,刻苦 | 兢兢业业 | 勤奋 | 虚心 | 钻研 | 努力 | 用心 | 吃苦 | 用功 | 苦心 | 认真 | 毅力 | 全心全意 | 踏实 | 苦练 | 废寝忘食 | 专心 | 诚心诚意 | 精益求精 | 持之以恒 | 辛苦 | 不耻下问 | 艰苦 | 精打细算 | 耐心 | 懂得 | 以身作则 | 自觉 | 顾全大局 | 善于 | 精力 | 操劳 | 实事求是 | 节衣缩食 | 端正 | 力气 | 安心 | 养成 | 锻炼 | 着想 | 有的放矢 | 力所能及 | 动手 | 学会 | 多劳多得 | 充实,46.0011898914719,0.9995825927682789,0.0005492852050993227,刻苦:1.000000 | 苦练:1.000000 | 认真:1.000000 | 虚心:1.000000 | 用功:1.000000 | 踏实:1.000000 | 节衣缩食:1.000000 | 兢兢业业:1.000000 | 钻研:1.000000 | 专心:1.000000 | 养成:1.000000 | 懂得:1.000000,
77,55,0.2615523700011317,-0.0012641495107265444,0.5454545454545454,尽量 | 酌情 | 随意 | 及时 | 严禁 | 应当 | 自行 | 适时 | 随时 | 便于 | 尽可能 | 须,习惯 | 私自 | 确保 | 配合 | 建议 | 采取 | 等 | 一概,采取 | 随意 | 需 | 严禁 | 做到 | 尽可能 | 就近 | 优先 | 随时 | 等 | 直接 | 注意,尽量 | 酌情 | 随意 | 及时 | 严禁 | 应当 | 自行 | 适时 | 随时 | 便于 | 尽可能 | 须 | 务必 | 应 | 以便 | 允许 | 一律 | 定时 | 事先 | 预先 | 擅自 | 专人 | 随时随地 | 需要 | 妥善 | 需 | 私自 | 注意 | 定期 | 就近 | 就地 | 加以 | 确保 | 即可 | 禁止 | 单独 | 保证 | 无须 | 采取 | 优先 | 必需 | 任意 | 做到 | 直接 | 负责 | 专门 | 相互 | 少量 | 按 | 建议 | 配合 | 日常 | 习惯 | 一概 | 等,54.98583512598784,0.9979268965862179,0.0018432982134562153,一律:1.000000 | 以便:1.000000 | 随意:1.000000 | 专人:1.000000 | 酌情:1.000000 | 私自:1.000000 | 便于:1.000000 | 严禁:1.000000 | 预先:1.000000 | 加以:1.000000 | 尽量:1.000000 | 专门:1.000000,互相:0.023554 | 起到:0.011447
78,94,0.351441127153983,0.058819039775945145,0.1595744680851064,入学 | 高中 | 研究生 | 大学 | 学校 | 初中 | 毕业生 | 就读 | 补习 | 报考 | 学生 | 毕业,剧团 | 退休 | 辅导 | 考试 | 笔试 | 经商 | 上学 | 打工,从业 | 求职 | 考生 | 留学生 | 硕士 | 选拔 | 函授 | 参军 | 就读 | 班 | 学生 | 毕业生,入学 | 高中 | 研究生 | 大学 | 学校 | 初中 | 毕业生 | 就读 | 补习 | 报考 | 学生 | 毕业 | 本科 | 升学 | 中学 | 转学 | 招生 | 小学 | 学业 | 念书 | 退学 | 教师 | 硕士 | 进修 | 求学 | 录取 | 年级 | 师范 | 考试 | 文凭 | 上学 | 学年 | 学期 | 函授 | 招收 | 理科 | 学位 | 读书 | 留学 | 攻读 | 补考 | 高考 | 工科 | 师资 | 在职 | 夜校 | 民办 | 班级 | 补课 | 学历 | 中小学 | 学员 | 私立 | 留学生 | 应聘 | 勤工俭学 | 文科 | 学院 | 中学生 | 学分 | 考生 | 面试 | 大学生 | 班 | 培训 | 实习 | 笔试 | 求职 | 兼职 | 小学生 | 学堂 | 培训班 | 出国 | 公立 | 子弟 | 公务员 | 学艺 | 打工 | 社团 | 志愿 | 讲学 | 招聘 | 业余 | 初等 | 辅导 | 选拔 | 文盲 | 及格 | 聋人 | 剧团 | 参军 | 退休 | 从业 | 经商,93.97535221301122,0.9971758359673683,0.0015977410424256795,就读:1.000000 | 念书:1.000000 | 小学:1.000000 | 中学:1.000000 | 学艺:1.000000 | 补课:1.000000 | 学员:1.000000 | 大学:1.000000 | 高考:1.000000 | 初中:1.000000 | 班级:1.000000 | 求学:1.000000,学时:0.114471 | 导游:0.051856 | 学士:0.015195 | 师生:0.010875
79,50,0.34402427348476805,0.006278654370663039,0.44,美妙 | 壮丽 | 奇妙 | 惊心动魄 | 动人 | 感人 | 壮观 | 神奇 | 宏伟 | 扣人心弦 | 引人入胜 | 惊险,美丽 | 圆满 | 引人入胜 | 充满 | 完美 | 古老 | 艰辛 | 无比,意想不到 | 可贵 | 惊险 | 伟大 | 引人入胜 | 美丽 | 漫长 | 似曾相识 | 宏伟 | 不可思议 | 壮观 | 梦幻,美妙 | 壮丽 | 奇妙 | 惊心动魄 | 动人 | 感人 | 壮观 | 神奇 | 宏伟 | 扣人心弦 | 引人入胜 | 惊险 | 美丽 | 伟大 | 宏大 | 不可思议 | 雄伟 | 可歌可泣 | 精彩 | 曲折 | 离奇 | 神秘 | 震撼 | 惊天动地 | 艰险 | 神圣 | 梦幻 | 虚幻 | 非凡 | 耀眼 | 艰辛 | 可贵 | 平凡 | 变幻莫测 | 遥远 | 艰难 | 庄严 | 深远 | 珍贵 | 完美 | 古老 | 漫长 | 错综复杂 | 无比 | 深刻 | 充满 | 意想不到 | 宝贵 | 似曾相识 | 圆满,50.072164560609814,0.9991958252288543,0.0009028762798338871,庄严:1.000000 | 惊心动魄:1.000000 | 艰险:1.000000 | 珍贵:1.000000 | 壮丽:1.000000 | 惊险:1.000000 | 神奇:1.000000 | 无比:1.000000 | 宏伟:1.000000 | 可贵:1.000000 | 深远:1.000000 | 宏大:1.000000,鲜明:0.041614 | 千变万化:0.011960 | 光荣:0.010818
80,50,0.28161061848005764,0.02323254607952019,0.32,有名 | 大名鼎鼎 | 驰名 | 著名 | 闻名 | 远近闻名 | 出名 | 举世闻名 | 当之无愧 | 名副其实 | 媲美 | 堪称,看中 | 深入人心 | 早年 | 祖传 | 酷似 | 特有 | 出身 | 深受,称作 | 看中 | 特有 | 显赫 | 早年 | 有名 | 名气 | 当之无愧 | 声望 | 典型 | 称为 | 知名,有名 | 大名鼎鼎 | 驰名 | 著名 | 闻名 | 远近闻名 | 出名 | 举世闻名 | 当之无愧 | 名副其实 | 媲美 | 堪称 | 号称 | 知名 | 公认 | 显赫 | 名气 | 杰出 | 举世无双 | 世界级 | 知名度 | 仅次于 | 土生土长 | 酷似 | 比不上 | 不亚于 | 泰斗 | 称为 | 昔日 | 不相上下 | 声望 | 相提并论 | 发源地 | 出身 | 深受 | 当今 | 称号 | 称作 | 典型 | 有着 | 出自 | 之一 | 特有 | 早年 | 海内外 | 一代 | 祖传 | 看中 | 来自 | 深入人心,50.11603375603906,0.9990801263401763,0.001164178519001093,有名:1.000000 | 远近闻名:1.000000 | 驰名:1.000000 | 酷似:1.000000 | 出名:1.000000 | 著名:1.000000 | 闻名:1.000000 | 媲美:1.000000 | 土生土长:1.000000 | 祖传:1.000000 | 显赫:1.000000 | 当之无愧:1.000000,创始人:0.129392
81,58,0.33239293045996726,-0.005715009290301455,0.4827586206896552,棍子 | 钳子 | 绳子 | 竹竿 | 剪子 | 棍 | 叉子 | 剪刀 | 梯子 | 铲子 | 木头 | 钩子,尾巴 | 拳头 | 木板 | 舱 | 灯 | 翅膀 | 梯子 | 路,剪刀 | 闸 | 铲子 | 路 | 风筝 | 洞 | 球 | 舱 | 棍子 | 螺丝 | 炸药 | 灯,棍子 | 钳子 | 绳子 | 竹竿 | 剪子 | 棍 | 叉子 | 剪刀 | 梯子 | 铲子 | 木头 | 钩子 | 枪 | 树枝 | 钉子 | 木板 | 船桨 | 刀 | 石头 | 螺丝 | 禅杖 | 斧子 | 橡皮 | 子弹 | 箭 | 杆 | 卡子 | 轮子 | 皮带 | 筒 | 伞 | 管子 | 沙子 | 拳头 | 球拍 | 剑 | 火药 | 风筝 | 手枪 | 炸药 | 车轮 | 气球 | 皮球 | 翅膀 | 尾巴 | 炮 | 球 | 灯 | 洞 | 温度计 | 槽 | 架 | 角 | 闸 | 门 | 帆 | 舱 | 路,58.26271710125473,0.9986408612566247,0.0016099394329346236,梯子:1.000000 | 箭:1.000000 | 棍:1.000000 | 手枪:1.000000 | 枪:1.000000 | 绳子:1.000000 | 船桨:1.000000 | 卡子:1.000000 | 灯:1.000000 | 棍子:1.000000 | 路:1.000000 | 竹竿:1.000000,根:0.142134 | 鹰:0.047406 | 筷子:0.030932 | 墨水:0.021635 | 胶水:0.016273 | 刷子:0.014348 | 望远镜:0.011944 | 盏:0.010429
82,47,0.28864002557084373,-0.018173603920648335,0.5957446808510638,杀 | 救 | 毁 | 逮 | 捉 | 害 | 逃 | 攻 | 败 | 劫 | 灭 | 斩,炸 | 昏 | 疯 | 炼 | 淹 | 放水 | 逮 | 落,放水 | 造 | 灭 | 赌 | 攻 | 轰 | 淹 | 避 | 飞 | 败 | 斗 | 炸,杀 | 救 | 毁 | 逮 | 捉 | 害 | 逃 | 攻 | 败 | 劫 | 灭 | 斩 | 炸 | 夺 | 淹 | 轰 | 吞 | 射 | 捕 | 盗 | 昏 | 狂 | 爆 | 伤 | 陷 | 避 | 斗 | 疯 | 闯 | 破 | 造 | 落 | 冒 | 逆 | 赌 | 犯 | 误 | 争 | 垮 | 治 | 反 | 防 | 渡 | 飞 | 荒 | 放水 | 炼,47.03575728276764,0.9994235113638008,0.0006768782857090487,毁:1.000000 | 反:1.000000 | 垮:1.000000 | 捕:1.000000 | 攻:1.000000 | 劫:1.000000 | 斗:1.000000 | 逃:1.000000 | 争:1.000000 | 夺:1.000000 | 败:1.000000 | 赌:1.000000,散:0.033403
83,51,0.3179969152306209,0.030687110597530137,0.27450980392156865,机票 | 话费 | 车票 | 付款 | 退票 | 挂号 | 预订 | 挂失 | 门票 | 信用卡 | 汇款 | 打折,身份证 | 外卖 | 租金 | 回扣 | 通行证 | 福利 | 消费 | 打车,取款 | 银行卡 | 抽奖 | 中奖 | 机票 | 打车 | 驾照 | 福利 | 专柜 | 钱包 | 通行证 | 预约,机票 | 话费 | 车票 | 付款 | 退票 | 挂号 | 预订 | 挂失 | 门票 | 信用卡 | 汇款 | 打折 | 交费 | 银行卡 | 折扣 | 优惠 | 预约 | 缴费 | 取款 | 兑换 | 押金 | 特价 | 收费 | 打车 | 签证 | 抽奖 | 票价 | 套餐 | 红包 | 自助 | 免费 | 外币 | 月票 | 钱包 | 促销 | 零钱 | 身份证 | 中奖 | 付费 | 回扣 | 驾照 | 通行证 | 专柜 | 购买 | 快递 | 消费 | 租金 | 福利 | 外卖 | 打包 | 上网,50.9942568175315,0.9973842953382771,0.0023109628516552695,交费:1.000000 | 打折:1.000000 | 预订:1.000000 | 特价:1.000000 | 退票:1.000000 | 打包:1.000000 | 免费:1.000000 | 促销:1.000000 | 中奖:1.000000 | 车票:1.000000 | 月票:1.000000 | 套餐:1.000000,管理费:0.081686 | 奖品:0.020053
84,68,0.2505731124093234,-0.023358151223204934,0.8235294117647058,暖 | 松 | 陡 | 沉 | 淡 | 缓 | 静 | 暗 | 顺 | 泻 | 猛 | 久,窄 | 震 | 开花 | 豁 | 稳 | 流水 | 静 | 沉,溢 | 变 | 开花 | 潮 | 流水 | 雨 | 暗 | 泄 | 焦 | 盛 | 缩 | 阔,暖 | 松 | 陡 | 沉 | 淡 | 缓 | 静 | 暗 | 顺 | 泻 | 猛 | 久 | 流 | 宽 | 润 | 紧 | 涌 | 虚 | 急 | 泄 | 阔 | 漫 | 亮 | 晴 | 雨 | 震 | 长 | 慢 | 浅 | 溢 | 雾 | 豁 | 窄 | 直 | 稳 | 腾 | 旺 | 气 | 动 | 绿 | 阴 | 浪 | 迟 | 快 | 深 | 清 | 热 | 扬 | 消 | 重 | 风 | 光 | 短 | 潮 | 盛 | 严 | 缩 | 变 | 景 | 足 | 立 | 齐 | 焦 | 迈 | 牢 | 化 | 流水 | 开花,68.41385585079124,0.9984163299596375,0.0017716104374042932,淡:1.000000 | 慢:1.000000 | 陡:1.000000 | 暖:1.000000 | 润:1.000000 | 急:1.000000 | 漫:1.000000 | 缓:1.000000 | 窄:1.000000 | 紧:1.000000 | 阔:1.000000 | 宽:1.000000,安:0.264526 | 广:0.054005 | 火:0.029253 | 聚:0.016948 | 冷:0.011340 | 青:0.010726
85,38,0.3643098109636035,0.021619919783074426,0.2894736842105263,大声 | 哄堂大笑 | 小声 | 鸦雀无声 | 交头接耳 | 眉开眼笑 | 欢呼 | 鼓掌 | 前仰后合 | 掌声 | 七嘴八舌 | 情不自禁,过头 | 热烈 | 如醉如痴 | 情不自禁 | 半真半假 | 一言不发 | 一声不吭 | 眉开眼笑,一言不发 | 情不自禁 | 滔滔不绝 | 得意扬扬 | 抑扬顿挫 | 哄堂大笑 | 目不转睛 | 前仰后合 | 鸦雀无声 | 鼓掌 | 大声 | 绘声绘色,大声 | 哄堂大笑 | 小声 | 鸦雀无声 | 交头接耳 | 眉开眼笑 | 欢呼 | 鼓掌 | 前仰后合 | 掌声 | 七嘴八舌 | 情不自禁 | 得意扬扬 | 一声不吭 | 异口同声 | 目不转睛 | 兴高采烈 | 滔滔不绝 | 经久不息 | 响起 | 一言不发 | 如醉如痴 | 喝彩 | 津津有味 | 热烈 | 叫好 | 绘声绘色 | 哗然 | 一阵 | 抑扬顿挫 | 半真半假 | 呐喊 | 在场 | 响亮 | 兴致 | 全场 | 传来 | 过头,38.00474726791557,0.9994790649710948,0.0006169676696496548,欢呼:1.000000 | 热烈:1.000000 | 兴高采烈:1.000000 | 喝彩:1.000000 | 叫好:1.000000 | 哄堂大笑:1.000000 | 眉开眼笑:1.000000 | 呐喊:1.000000 | 哗然:1.000000 | 津津有味:1.000000 | 鼓掌:1.000000 | 响起:1.000000,发愣:0.014977
86,42,0.3458593507468112,0.08146537494440632,0.09523809523809523,遇难 | 火灾 | 丧生 | 灾害 | 水灾 | 车祸 | 受伤 | 死亡 | 事故 | 倒塌 | 伤亡 | 重伤,尸体 | 迷路 | 霍乱 | 危险 | 瘫痪 | 中断 | 伤势 | 危急,突发 | 重伤 | 霍乱 | 抢救 | 着火 | 水灾 | 危急 | 伤势 | 解体 | 幸存 | 千钧一发 | 灾害,遇难 | 火灾 | 丧生 | 灾害 | 水灾 | 车祸 | 受伤 | 死亡 | 事故 | 倒塌 | 伤亡 | 重伤 | 失踪 | 遇险 | 旱灾 | 暴雨 | 爆炸 | 空难 | 地震 | 瘟疫 | 海啸 | 着火 | 停电 | 不幸 | 突发 | 幸存 | 无家可归 | 危急 | 伤势 | 抢救 | 受害 | 瘫痪 | 特大 | 霍乱 | 干旱 | 灭绝 | 危险 | 迷路 | 尸体 | 千钧一发 | 中断 | 解体,41.995521878073056,0.998996729682226,0.0010217883689707021,旱灾:1.000000 | 无家可归:1.000000 | 车祸:1.000000 | 水灾:1.000000 | 干旱:1.000000 | 瘟疫:1.000000 | 倒塌:1.000000 | 丧生:1.000000 | 伤亡:1.000000 | 火灾:1.000000 | 空难:1.000000 | 遇难:1.000000,灾:0.022887 | 风沙:0.011833
87,42,0.36557285142551865,0.023550020771406128,0.3333333333333333,英俊 | 俊俏 | 壮实 | 身材 | 健壮 | 强壮 | 气质 | 稳重 | 沉稳 | 长相 | 硬朗 | 刚毅,嗜好 | 绅士 | 沉稳 | 口音 | 健美 | 高超 | 亲和力 | 稳重,绅士 | 出众 | 口音 | 敏捷 | 身高 | 修长 | 健美 | 英俊 | 发型 | 敏锐 | 强壮 | 苗条,英俊 | 俊俏 | 壮实 | 身材 | 健壮 | 强壮 | 气质 | 稳重 | 沉稳 | 长相 | 硬朗 | 刚毅 | 苗条 | 外貌 | 修长 | 灵巧 | 性情 | 出众 | 外表 | 高大 | 高贵 | 坚韧 | 矮小 | 心灵手巧 | 个性 | 宽厚 | 足智多谋 | 敏捷 | 身高 | 健美 | 天生 | 敏锐 | 年轻 | 灵敏 | 绅士 | 个子 | 发型 | 高超 | 亲和力 | 一身 | 口音 | 嗜好,42.09868412406303,0.9982102852170796,0.001657898576939272,矮小:1.000000 | 强壮:1.000000 | 心灵手巧:1.000000 | 敏锐:1.000000 | 健美:1.000000 | 灵巧:1.000000 | 外貌:1.000000 | 身材:1.000000 | 灵敏:1.000000 | 口音:1.000000 | 亲和力:1.000000 | 健壮:1.000000,形象:0.102665 | 能人:0.037167 | 性格:0.020846
88,34,0.331349431048773,0.019274779995302166,0.3235294117647059,挣钱 | 挣 | 赚 | 买 | 省钱 | 钱 | 掏钱 | 赚钱 | 养活 | 卖 | 舍不得 | 买不起,偷懒 | 惦记 | 拿 | 折腾 | 拼 | 省事 | 舍不得 | 操心,搞 | 白白 | 折腾 | 钱 | 偷懒 | 舍得 | 买 | 赚钱 | 发财 | 算 | 靠 | 手头,挣钱 | 挣 | 赚 | 买 | 省钱 | 钱 | 掏钱 | 赚钱 | 养活 | 卖 | 舍不得 | 买不起 | 操心 | 拿 | 过日子 | 凑合 | 省事 | 发财 | 折腾 | 偷懒 | 惦记 | 价钱 | 搞 | 少 | 沾光 | 做 | 对得起 | 靠 | 算 | 舍得 | 拼 | 白白 | 缺 | 手头,33.94181485787937,0.998156276767565,0.0013901422490914211,搞:1.000000 | 省钱:1.000000 | 养活:1.000000 | 掏钱:1.000000 | 价钱:1.000000 | 赚:1.000000 | 舍得:1.000000 | 凑合:1.000000 | 拿:1.000000 | 卖:1.000000 | 缺:1.000000 | 赚钱:1.000000,
89,37,0.3779668837893494,0.035742140944392806,0.21621621621621623,聊天儿 | 溜达 | 打盹儿 | 玩儿 | 遛 | 转悠 | 睡 | 干活儿 | 玩耍 | 晒太阳 | 伺候 | 散步,凉快 | 走路 | 住 | 收拾 | 侃大山 | 使唤 | 躲 | 偷看,干活儿 | 晒太阳 | 呆 | 打扰 | 打听 | 打发 | 伺候 | 捉迷藏 | 溜达 | 侍候 | 光顾 | 躲,聊天儿 | 溜达 | 打盹儿 | 玩儿 | 遛 | 转悠 | 睡 | 干活儿 | 玩耍 | 晒太阳 | 伺候 | 散步 | 逛 | 串门 | 晃荡 | 侍候 | 陪 | 躲 | 呆 | 侃大山 | 打扫 | 偷看 | 找 | 下棋 | 忙活 | 打搅 | 打发 | 使唤 | 凉快 | 打扰 | 收拾 | 捉迷藏 | 光顾 | 走路 | 打听 | 问路 | 住,37.02051466761586,0.9997465358097972,0.00030877134518978024,转悠:1.000000 | 晃荡:1.000000 | 使唤:1.000000 | 溜达:1.000000 | 光顾:1.000000 | 走路:1.000000 | 逛:1.000000 | 侍候:1.000000 | 打发:1.000000 | 打扫:1.000000 | 散步:1.000000 | 找:1.000000,放过:0.028300
90,45,0.2587021372461931,-0.026975566190164082,0.6222222222222222,探讨 | 介绍 | 谈到 | 讨论 | 透露 | 畅谈 | 了解 | 指出 | 强调 | 解读 | 谈起 | 表示,峰会 | 好评 | 认可 | 互访 | 提起 | 咨询 | 所在 | 促成,解读 | 印证 | 推荐 | 表示 | 提起 | 回顾 | 获悉 | 互访 | 调研 | 接受 | 商讨 | 讨论,探讨 | 介绍 | 谈到 | 讨论 | 透露 | 畅谈 | 了解 | 指出 | 强调 | 解读 | 谈起 | 表示 | 听取 | 商讨 | 回顾 | 提到 | 交流 | 梳理 | 考察 | 评价 | 调研 | 反映 | 印证 | 沟通 | 获悉 | 报道 | 评判 | 看出 | 认可 | 关注 | 展望 | 合作 | 借鉴 | 点评 | 咨询 | 推荐 | 代表 | 接受 | 促成 | 提起 | 酝酿 | 好评 | 互访 | 峰会 | 所在,45.088919155704815,0.9992977648435308,0.0008750129331243693,介绍:1.000000 | 讨论:1.000000 | 接受:1.000000 | 交流:1.000000 | 探讨:1.000000 | 谈到:1.000000 | 回顾:1.000000 | 畅谈:1.000000 | 了解:1.000000 | 考察:1.000000 | 评价:0.999999 | 酝酿:0.999999,总经理:0.039516 | 论坛:0.030607 | 联系:0.011526 | 加盟:0.011070
91,36,0.4205292406318757,0.0766703397951844,0.1388888888888889,衷心 | 真诚 | 敬重 | 敬佩 | 感激 | 钦佩 | 诚挚 | 真挚 | 敬意 | 诚恳 | 尊敬 | 赞许,称赞 | 由衷 | 坦诚 | 满怀 | 钦佩 | 深情 | 感激 | 敬佩,赞赏 | 关心 | 深切 | 敬佩 | 感激 | 忠实 | 称赞 | 满怀 | 虔诚 | 热心 | 尊敬 | 赞扬,衷心 | 真诚 | 敬重 | 敬佩 | 感激 | 钦佩 | 诚挚 | 真挚 | 敬意 | 诚恳 | 尊敬 | 赞许 | 由衷 | 赞扬 | 赞赏 | 关怀 | 深情 | 深切 | 亲切 | 信任 | 敬爱 | 信赖 | 坦诚 | 拥护 | 称赞 | 虔诚 | 热情 | 慷慨 | 满怀 | 热心 | 关心 | 诚意 | 无微不至 | 坚定 | 郑重 | 忠实,36.04310248039438,0.9999568034651259,0.00007383556822281402,郑重:1.000000 | 诚挚:1.000000 | 钦佩:1.000000 | 衷心:1.000000 | 深情:1.000000 | 赞赏:1.000000 | 慷慨:1.000000 | 赞许:1.000000 | 赞扬:1.000000 | 敬重:1.000000 | 信赖:1.000000 | 诚意:1.000000,忠诚:0.035681
92,65,0.2988785051682497,-0.020853870380736318,0.6615384615384615,蛋白质 | 食物 | 营养 | 脂肪 | 海藻 | 植物 | 洗涤剂 | 细菌 | 钙 | 贮藏 | 食用 | 抗生素,烹调 | 气味 | 偏方 | 热水 | 禁忌 | 杂交 | 处方 | 烘干,贮藏 | 保质期 | 野生 | 害虫 | 二氧化碳 | 低温 | 保鲜 | 氧气 | 喂养 | 热水 | 酒精 | 蜜蜂,蛋白质 | 食物 | 营养 | 脂肪 | 海藻 | 植物 | 洗涤剂 | 细菌 | 钙 | 贮藏 | 食用 | 抗生素 | 液体 | 冷冻 | 热量 | 氧气 | 保鲜 | 富含 | 粪便 | 含量 | 酒精 | 纤维 | 烹调 | 维生素 | 氧 | 害虫 | 水分 | 喂养 | 昆虫 | 消毒 | 剂 | 繁殖 | 膳食 | 常温 | 低温 | 动物 | 热水 | 烘干 | 二氧化碳 | 物质 | 气味 | 保健 | 野生 | 止咳 | 饲养 | 空气 | 饮食 | 保质期 | 毫升 | 酿造 | 气泡 | 蜜蜂 | 栽培 | 适量 | 美容 | 生物 | 人造 | 膜 | 杂交 | 胶囊 | 再生 | 偏方 | 海绵 | 禁忌 | 处方,64.70480502803657,0.9931032718603275,0.0037590778627175922,食用:1.000000 | 气味:1.000000 | 栽培:1.000000 | 食物:1.000000 | 烹调:1.000000 | 营养:1.000000 | 酿造:1.000000 | 富含:1.000000 | 适量:1.000000 | 保质期:1.000000 | 膳食:1.000000 | 饮食:1.000000,护理:0.032674 | 土壤:0.019968 | 激素:0.014768 | 化石:0.011501 | 种植:0.010634
93,112,0.3663314925972189,0.04622266474603063,0.16964285714285715,就算 | 也许 | 毕竟 | 难道 | 当然 | 反正 | 要不然 | 只不过 | 不然 | 要是 | 何况 | 好歹,一不小心 | 非得 | 不算 | 没 | 不如 | 会 | 恰恰 | 这么,当然 | 无论如何 | 恐怕 | 本来 | 反正 | 迟早 | 没准儿 | 纵然 | 为什么 | 还 | 大概 | 但,就算 | 也许 | 毕竟 | 难道 | 当然 | 反正 | 要不然 | 只不过 | 不然 | 要是 | 何况 | 好歹 | 说不定 | 其实 | 要不 | 恐怕 | 可是 | 也 | 但是 | 好像 | 哪怕 | 是不是 | 别说 | 没准儿 | 确实 | 明明 | 既然 | 倒是 | 终究 | 虽说 | 或许 | 纵然 | 肯定 | 不过 | 的确 | 顶多 | 那 | 不见得 | 况且 | 那么 | 固然 | 只是 | 都 | 本来 | 即便 | 即使 | 说白了 | 不一定 | 虽然 | 所以 | 未必 | 按说 | 要么 | 就 | 还是 | 因为 | 按理说 | 不管 | 说到底 | 无非 | 大概 | 没错 | 但 | 怎么 | 说不上 | 应该 | 可不是 | 只要 | 非得 | 就是 | 总之 | 莫非 | 照样 | 为什么 | 必定 | 可能 | 恰恰 | 很难说 | 然而 | 不用说 | 而是 | 才 | 往往 | 好比 | 迟早 | 没关系 | 必然 | 这 | 无论如何 | 还 | 也好 | 没 | 总而言之 | 没什么 | 根本 | 什么 | 只能 | 这么 | 是 | 归根到底 | 总的来说 | 到底 | 又 | 不算 | 差不多 | 没有 | 一不小心 | 几乎 | 不如 | 怎么样 | 比方 | 会,112.57694031699626,0.9909493332403084,0.007643149041662036,要不然:1.000000 | 不过:1.000000 | 要是:1.000000 | 大概:0.999999 | 说白了:0.999999 | 当然:0.999999 | 归根到底:0.999997 | 况且:0.999997 | 说到底:0.999997 | 其实:0.999996 | 别说:0.999994 | 就算:0.999993,如果说:0.291369 | 实际上:0.183594 | 基本上:0.150433 | 真的:0.110412 | 实在:0.105804 | 唯独:0.091587 | 如果:0.056191 | 几:0.053889
94,52,0.43842828241397735,0.09668373363188351,0.019230769230769232,愚蠢 | 自私 | 狡猾 | 粗鲁 | 卑鄙 | 奸诈 | 可恶 | 残忍 | 虚伪 | 凶残 | 冷酷 | 丑陋,自卑 | 暴躁 | 世故 | 天真 | 无辜 | 盛气凌人 | 可怕 | 软弱,愚蠢 | 自卑 | 无知 | 无能 | 盛气凌人 | 虚伪 | 高傲 | 幼稚 | 自私 | 可耻 | 冷酷 | 卑鄙,愚蠢 | 自私 | 狡猾 | 粗鲁 | 卑鄙 | 奸诈 | 可恶 | 残忍 | 虚伪 | 凶残 | 冷酷 | 丑陋 | 可笑 | 傲慢 | 凶恶 | 无知 | 高傲 | 无情无义 | 贪婪 | 邪恶 | 幼稚 | 冷酷无情 | 鲁莽 | 固执 | 凶狠 | 暴躁 | 可悲 | 懒惰 | 古怪 | 自以为是 | 胆小 | 软弱 | 庸俗 | 无能 | 天真 | 可耻 | 狭隘 | 目中无人 | 可怕 | 世故 | 放肆 | 顽固 | 粗暴 | 怪异 | 渺小 | 自卑 | 盛气凌人 | 无情 | 滑稽 | 无辜 | 异想天开 | 骇人听闻,51.99200275327497,0.9989949184770506,0.0008302486547972113,狡猾:1.000000 | 凶残:1.000000 | 凶恶:1.000000 | 凶狠:1.000000 | 奸诈:1.000000 | 冷酷:1.000000 | 可笑:1.000000 | 庸俗:1.000000 | 自卑:1.000000 | 鲁莽:1.000000 | 无辜:1.000000 | 粗鲁:1.000000,倔强:0.015652 | 调皮:0.010294
95,34,0.28415396629010425,-0.005572757572077584,0.5,剧烈 | 急剧 | 缓慢 | 骤然 | 紧张 | 激烈 | 猛烈 | 短暂 | 频繁 | 大幅度 | 沉闷 | 轻微,令 | 出人意料 | 沉闷 | 放松 | 不定 | 松弛 | 缓和 | 局部,缓慢 | 骤然 | 突如其来 | 紧缩 | 急剧 | 轻微 | 短暂 | 正常 | 紧张 | 缓和 | 沉闷 | 微弱,剧烈 | 急剧 | 缓慢 | 骤然 | 紧张 | 激烈 | 猛烈 | 短暂 | 频繁 | 大幅度 | 沉闷 | 轻微 | 缓和 | 松弛 | 忽高忽低 | 极度 | 过度 | 停顿 | 强烈 | 异常 | 交替 | 微弱 | 紧缩 | 间断 | 反复 | 放松 | 密集 | 突如其来 | 过早 | 不定 | 正常 | 局部 | 出人意料 | 令,34.02043617864189,0.9999667103372206,0.00006279653498654141,轻微:1.000000 | 骤然:1.000000 | 极度:1.000000 | 松弛:1.000000 | 反复:1.000000 | 微弱:1.000000 | 密集:1.000000 | 猛烈:1.000000 | 放松:1.000000 | 缓慢:1.000000 | 过早:1.000000 | 短暂:1.000000,不良:0.014783
96,60,0.29478401379925107,-0.022874237362504306,0.6666666666666666,情愿 | 毫不犹豫 | 轻易 | 不肯 | 竭力 | 不惜 | 极力 | 无意 | 执意 | 刻意 | 理直气壮 | 愿意,不免 | 无所谓 | 未免 | 一时 | 一贯 | 拼命 | 容许 | 心安理得,不容 | 正当 | 坚决 | 迫使 | 试图 | 单方面 | 毫无 | 愿意 | 敢于 | 毫不 | 拼命 | 一再,情愿 | 毫不犹豫 | 轻易 | 不肯 | 竭力 | 不惜 | 极力 | 无意 | 执意 | 刻意 | 理直气壮 | 愿意 | 拼命 | 不得不 | 甘心 | 毫不 | 急于 | 乐意 | 一味 | 趁机 | 心安理得 | 理所当然 | 一再 | 坚决 | 盲目 | 强行 | 不得已 | 三番五次 | 有意 | 不假思索 | 不能不 | 敢于 | 试图 | 只得 | 轻而易举 | 勉强 | 暗中 | 顺理成章 | 随心所欲 | 伺机 | 单方面 | 毫无 | 不免 | 大胆 | 天经地义 | 大包大揽 | 不容 | 难免 | 果断 | 不可避免 | 无条件 | 无所谓 | 未免 | 容许 | 迫使 | 一贯 | 互相 | 一时 | 自始至终 | 正当,60.29664012716057,0.9991957567867653,0.0008937502285742053,坚决:1.000000 | 轻而易举:1.000000 | 毫不:1.000000 | 一贯:1.000000 | 毫不犹豫:1.000000 | 勉强:1.000000 | 果断:1.000000 | 敢于:1.000000 | 盲目:1.000000 | 只得:1.000000 | 极力:1.000000 | 有意:1.000000,暗地里:0.106670 | 只顾:0.058504 | 指望:0.044778 | 无可厚非:0.037219 | 不料:0.026167 | 无关紧要:0.016521
97,46,0.2545985757706145,0.010500140534556373,0.391304347826087,许多 | 大多数 | 绝大多数 | 越来越 | 大部分 | 大量 | 不少 | 日益 | 诸多 | 多数 | 日趋 | 愈来愈,巨大 | 尤为 | 备受 | 竞相 | 之外 | 与日俱增 | 以外 | 当中,愈来愈 | 与日俱增 | 近年来 | 日趋 | 许多 | 大部分 | 越来越 | 各个 | 传统 | 时期 | 近来 | 年代,许多 | 大多数 | 绝大多数 | 越来越 | 大部分 | 大量 | 不少 | 日益 | 诸多 | 多数 | 日趋 | 愈来愈 | 大批 | 普遍 | 长期以来 | 近年来 | 以往 | 成千上万 | 空前 | 少有 | 近来 | 各个 | 多年来 | 历来 | 前所未有 | 早期 | 一系列 | 多年 | 与日俱增 | 全世界 | 尤为 | 大面积 | 大规模 | 一部分 | 整个 | 传统 | 巨大 | 国外 | 备受 | 竞相 | 乃至 | 年代 | 以外 | 时期 | 当中 | 之外,46.21622021793905,0.99935967825582,0.0008995269885043679,竞相:1.000000 | 日趋:1.000000 | 大批:1.000000 | 各个:1.000000 | 普遍:1.000000 | 日益:1.000000 | 空前:1.000000 | 大量:0.999998 | 近来:0.999997 | 前所未有:0.999997 | 之外:0.999997 | 与日俱增:0.999995,初期:0.191380 | 以前:0.011163
98,43,0.31066127997562654,-0.009772161201149642,0.6046511627906976,否定 | 歪曲 | 忽视 | 抨击 | 夸大 | 忽略 | 吹捧 | 否认 | 宣扬 | 理解 | 正视 | 容忍,揣测 | 争论 | 抨击 | 反省 | 触动 | 认同 | 歧视 | 吹捧,掩饰 | 否定 | 归结 | 掩盖 | 触动 | 违背 | 抨击 | 牵扯 | 标榜 | 认同 | 容忍 | 对待,否定 | 歪曲 | 忽视 | 抨击 | 夸大 | 忽略 | 吹捧 | 否认 | 宣扬 | 理解 | 正视 | 容忍 | 排斥 | 掩饰 | 掩盖 | 揣测 | 谈论 | 承认 | 认同 | 违背 | 歧视 | 回避 | 批判 | 迎合 | 顾及 | 混淆 | 看待 | 误导 | 强加 | 对待 | 反思 | 标榜 | 争论 | 灌输 | 抵触 | 低估 | 牵扯 | 反省 | 归结 | 触动 | 炒作 | 破除 | 牵涉,42.94313192620291,0.9986061829270286,0.0015123503212424853,混淆:1.000000 | 忽略:1.000000 | 反思:1.000000 | 歪曲:1.000000 | 灌输:1.000000 | 迎合:1.000000 | 否定:1.000000 | 牵扯:1.000000 | 忽视:1.000000 | 否认:1.000000 | 夸大:1.000000 | 谈论:1.000000,
99,37,0.3200725543197616,-0.04277568576371031,0.7837837837837838,兜儿 | 瓶子 | 盘子 | 盖子 | 架子 | 本子 | 筐 | 棺材 | 口袋 | 笼子 | 渣子 | 炉子,炉子 | 房子 | 笼子 | 棺材 | 架子 | 位子 | 靴子 | 木匠,口子 | 手里 | 位子 | 木匠 | 一头 | 块 | 窟窿 | 尺子 | 金子 | 砖 | 本子 | 钞票,兜儿 | 瓶子 | 盘子 | 盖子 | 架子 | 本子 | 筐 | 棺材 | 口袋 | 笼子 | 渣子 | 炉子 | 帽子 | 饭碗 | 辫子 | 窟窿 | 尺子 | 画儿 | 靴子 | 手里 | 房子 | 牌子 | 担子 | 金子 | 算盘 | 钞票 | 包袱 | 钥匙 | 砖 | 位子 | 秤 | 口子 | 锤子 | 木匠 | 堆 | 块 | 一头,37.05660637562764,0.9989688880703269,0.0013036627071811159,尺子:1.000000 | 牌子:1.000000 | 兜儿:1.000000 | 担子:1.000000 | 架子:1.000000 | 房子:1.000000 | 盖子:1.000000 | 窟窿:1.000000 | 画儿:1.000000 | 位子:1.000000 | 金子:1.000000 | 钥匙:1.000000,管子:0.016582 | 筷子:0.014937 | 桩:0.013044 | 盒子:0.012978
100,55,0.31928321086571365,0.03111185819033874,0.3090909090909091,形状 | 圆形 | 花纹 | 线条 | 弯曲 | 尺寸 | 颜色 | 轮廓 | 厚度 | 外形 | 直径 | 体积,完好 | 雕刻 | 裸露 | 质地 | 一长一短 | 框 | 包裹 | 仿,物体 | 灰色 | 颜色 | 转动 | 静止 | 搭配 | 尺寸 | 背面 | 造型 | 侧面 | 宽度 | 表面,形状 | 圆形 | 花纹 | 线条 | 弯曲 | 尺寸 | 颜色 | 轮廓 | 厚度 | 外形 | 直径 | 体积 | 宽度 | 旋转 | 白色 | 造型 | 外观 | 长度 | 平面 | 变形 | 形 | 转动 | 棱角 | 伸缩 | 重量 | 背面 | 镶嵌 | 物体 | 遮盖 | 黑色 | 构造 | 灰色 | 雕刻 | 质地 | 摆动 | 黄色 | 切割 | 折叠 | 发光 | 荧光 | 表面 | 搭配 | 框 | 静止 | 裸露 | 一长一短 | 大小 | 黑白 | 侧面 | 变换 | 悬挂 | 光线 | 包裹 | 仿 | 完好,54.83938403130979,0.9960720827940033,0.003061015265330412,形状:1.000000 | 镶嵌:1.000000 | 花纹:1.000000 | 颜色:1.000000 | 棱角:1.000000 | 轮廓:1.000000 | 搭配:1.000000 | 裸露:1.000000 | 弯曲:1.000000 | 圆形:1.000000 | 外观:1.000000 | 旋转:1.000000,设计:0.014851 | 对称:0.010896
101,26,0.441881458462188,0.11000888598545691,0.11538461538461539,鲜美 | 可口 | 美味 | 风味 | 味道 | 口感 | 醇厚 | 好吃 | 香味 | 甜 | 味儿 | 麻辣,小曲 | 清凉 | 特产 | 素食 | 养生 | 浓 | 热腾腾 | 新鲜,好吃 | 醇厚 | 甜 | 素食 | 养生 | 特产 | 辣 | 小曲 | 麻辣 | 美食 | 可口 | 新鲜,鲜美 | 可口 | 美味 | 风味 | 味道 | 口感 | 醇厚 | 好吃 | 香味 | 甜 | 味儿 | 麻辣 | 口味 | 辣 | 香 | 美食 | 正宗 | 热腾腾 | 新鲜 | 清淡 | 素食 | 清凉 | 特产 | 浓 | 小曲 | 养生,25.998878724287042,0.9999439094510273,0.00009283534214672086,可口:1.000000 | 味儿:1.000000 | 清淡:1.000000 | 鲜美:1.000000 | 好吃:1.000000 | 味道:1.000000 | 特产:1.000000 | 麻辣:1.000000 | 风味:1.000000 | 正宗:1.000000 | 美味:1.000000 | 甜:1.000000,
102,42,0.36913442896272947,0.015525782599197027,0.42857142857142855,神情 | 眼神 | 笑容 | 表情 | 微笑 | 神态 | 语气 | 泪水 | 呜咽 | 笑声 | 嬉笑 | 点头,抚摸 | 吻 | 沉思 | 敬礼 | 心事 | 响声 | 众人 | 握手,道 | 脑海 | 握手 | 笑声 | 众人 | 口哨 | 泪 | 样子 | 声音 | 自言自语 | 目光 | 沉思,神情 | 眼神 | 笑容 | 表情 | 微笑 | 神态 | 语气 | 泪水 | 呜咽 | 笑声 | 嬉笑 | 点头 | 笑脸 | 口气 | 脸色 | 眼泪 | 声音 | 模样 | 自言自语 | 眼色 | 抚摸 | 目光 | 样子 | 沉思 | 鞠躬 | 泪 | 口哨 | 心事 | 声 | 注视 | 响声 | 俯首 | 心中 | 握手 | 众人 | 吻 | 敬礼 | 脑海 | 面前 | 一举一动 | 道 | 怀抱,42.000694181968946,0.999799684330886,0.00027707386351763426,微笑:1.000000 | 笑脸:1.000000 | 笑容:1.000000 | 口哨:1.000000 | 声音:1.000000 | 吻:1.000000 | 泪水:1.000000 | 眼泪:1.000000 | 眼色:1.000000 | 样子:1.000000 | 响声:1.000000 | 口气:1.000000,
103,52,0.2762652944877456,-0.007921481110565214,0.5961538461538461,飞行 | 导弹 | 航行 | 潜艇 | 侦察 | 转弯 | 飞船 | 发射 | 机动 | 刹车 | 军舰 | 救援,钓鱼 | 台风 | 急救 | 炸弹 | 野外 | 破案 | 紧急 | 向导,军舰 | 钓鱼 | 导弹 | 飞行 | 逃生 | 潜水 | 紧急 | 点火 | 倒车 | 熄火 | 报警 | 飞船,飞行 | 导弹 | 航行 | 潜艇 | 侦察 | 转弯 | 飞船 | 发射 | 机动 | 刹车 | 军舰 | 救援 | 坦克 | 搜救 | 驾驶 | 追尾 | 船只 | 起飞 | 急转弯 | 演习 | 炸弹 | 空中 | 逃生 | 潜水 | 倒车 | 车速 | 熄火 | 火箭 | 两栖 | 高空 | 超速 | 演练 | 时速 | 打捞 | 急救 | 报警 | 超车 | 红灯 | 指挥 | 绿灯 | 点火 | 紧急 | 台风 | 陨石 | 月球 | 野外 | 突击 | 闪电 | 钓鱼 | 破案 | 禁区 | 向导,51.98887057654748,0.9983626973141168,0.001832179382121258,钓鱼:1.000000 | 点火:1.000000 | 演练:1.000000 | 熄火:1.000000 | 潜水:1.000000 | 机动:1.000000 | 演习:1.000000 | 逃生:1.000000 | 侦察:1.000000 | 发射:1.000000 | 野外:1.000000 | 救援:1.000000,长途:0.022872 | 拐弯:0.010606
104,98,0.2200139709725388,-0.0626013591157518,0.9285714285714286,好久 | 半天 | 明天 | 今天 | 钟头 | 再说 | 以后 | 多久 | 转眼 | 整整 | 刚刚 | 最后,倒 | 但愿 | 再说 | 哪里 | 唯 | 大家 | 估计 | 请问,后天 | 次数 | 二 | 点 | 昨天 | 一半 | 眼看 | 从头 | 一口气 | 钟头 | 在 | 钟,好久 | 半天 | 明天 | 今天 | 钟头 | 再说 | 以后 | 多久 | 转眼 | 整整 | 刚刚 | 最后 | 之前 | 刚 | 完 | 星期 | 昨天 | 等到 | 之后 | 时候 | 接下来 | 前天 | 总算 | 一晃 | 一口气 | 终于 | 天 | 快要 | 过去 | 剩下 | 几 | 眼看 | 哪 | 往后 | 将近 | 出来 | 下来 | 最近 | 上次 | 结果 | 多少 | 估计 | 了 | 分钟 | 后 | 半 | 开始 | 大家 | 万一 | 从头 | 哪里 | 次 | 半路 | 前 | 回 | 起来 | 到 | 的话 | 小时 | 前年 | 一 | 一半 | 时间 | 后天 | 何时 | 钟 | 早晚 | 两 | 但愿 | 连 | 第二 | 点 | 稍候 | 上 | 倒 | 分 | 请问 | 在 | 万万 | 为何 | 下期 | 从 | 期末 | 另 | 被 | 远远 | 所有 | 次数 | 每 | 必 | 起 | 本 | 总 | 本期 | 上期 | 二 | 唯 | 表,98.75914806986856,0.9934738510727408,0.005513186291039844,明天:1.000000 | 期末:0.999999 | 请问:0.999999 | 分钟:0.999998 | 最后:0.999998 | 被:0.999996 | 完:0.999995 | 今天:0.999993 | 半:0.999992 | 一半:0.999992 | 昨天:0.999992 | 半路:0.999988,上个月:0.167787 | 有没有:0.136354 | 哪儿:0.121490 | 千万:0.101465 | 周:0.095862 | 非:0.080064 | 进去:0.058492 | 个:0.056550
105,67,0.34508150470690085,-0.010847091458587307,0.6268656716417911,拧 | 搓 | 捏 | 劈 | 蹬 | 揉 | 擦 | 绷 | 捶 | 缠 | 搂 | 绞,涂 | 伸 | 溅 | 握 | 筛 | 搂 | 扑 | 染,抬 | 绑 | 露 | 咬 | 漂 | 驮 | 扑 | 擦 | 掐 | 浮 | 梳 | 戴,拧 | 搓 | 捏 | 劈 | 蹬 | 揉 | 擦 | 绷 | 捶 | 缠 | 搂 | 绞 | 扳 | 咬 | 掐 | 刨 | 掰 | 绑 | 夹 | 砍 | 拔 | 兜 | 滚 | 卸 | 抡 | 扎 | 磨 | 割 | 剃 | 勾 | 握 | 压 | 碎 | 垫 | 挥 | 伸 | 抬 | 埋 | 削 | 拖 | 涂 | 脱 | 拄 | 梳 | 翘 | 刺 | 溅 | 挎 | 扑 | 切 | 断 | 坠 | 勒 | 漏 | 撇 | 塞 | 露 | 漂 | 卧 | 染 | 驮 | 筛 | 掉 | 戴 | 悬 | 浮 | 整,67.17516381908005,0.9966148682510495,0.0031983194715943827,掉:1.000000 | 坠:1.000000 | 染:1.000000 | 埋:1.000000 | 压:1.000000 | 垫:1.000000 | 割:1.000000 | 搓:0.999999 | 剃:0.999999 | 碎:0.999998 | 抡:0.999997 | 握:0.999997,扭:0.121713 | 吊:0.067830 | 顶:0.046636 | 闭:0.040858 | 拎:0.027871 | 积:0.027677 | 挽:0.013391
106,52,0.30099714267698763,0.0026915886650879096,0.4807692307692308,阻止 | 遏制 | 扰乱 | 削弱 | 阻碍 | 干扰 | 破坏 | 牵制 | 防止 | 损害 | 妨碍 | 妨害,纠缠 | 防卫 | 试探 | 滥用 | 干涉 | 投机 | 停止 | 拖延,施加 | 侵害 | 削弱 | 阻止 | 阻挡 | 侵犯 | 妨碍 | 损害 | 牵制 | 避免 | 控制 | 防止,阻止 | 遏制 | 扰乱 | 削弱 | 阻碍 | 干扰 | 破坏 | 牵制 | 防止 | 损害 | 妨碍 | 妨害 | 威胁 | 压制 | 打击 | 防范 | 侵害 | 干涉 | 阻挡 | 干预 | 危及 | 避免 | 侵犯 | 威慑 | 激化 | 切断 | 制裁 | 杜绝 | 约束 | 逃避 | 纠正 | 提防 | 清除 | 滥用 | 施压 | 排除 | 控制 | 化解 | 拖延 | 警惕 | 操纵 | 施加 | 平息 | 防御 | 暴露 | 纠缠 | 停止 | 强制 | 防卫 | 试探 | 投机 | 松绑,51.96515719430849,0.9985605880537654,0.0013385676662462384,防止:1.000000 | 施压:1.000000 | 纠正:1.000000 | 滥用:1.000000 | 切断:1.000000 | 阻止:1.000000 | 防卫:1.000000 | 逃避:1.000000 | 牵制:1.000000 | 激化:1.000000 | 杜绝:1.000000 | 暴露:1.000000,保护:0.018550
107,79,0.2385334359460089,-0.03551407167761161,0.7848101265822784,零件 | 部件 | 配件 | 设备 | 金属 | 加工 | 塑料 | 工艺 | 材料 | 机械 | 仪器 | 装备,内存 | 厘米 | 克 | 液晶 | 标签 | 尼龙 | 实物 | 定价,毫米 | 金属 | 高压 | 产值 | 口径 | 装备 | 成型 | 标签 | 化石 | 真空 | 桶 | 塑料,零件 | 部件 | 配件 | 设备 | 金属 | 加工 | 塑料 | 工艺 | 材料 | 机械 | 仪器 | 装备 | 陶瓷 | 非金属 | 型号 | 铸造 | 成品 | 印刷 | 尼龙 | 电池 | 包装 | 器材 | 样品 | 橡胶 | 阀门 | 轮胎 | 重型 | 发电机 | 混凝土 | 仪表 | 铝 | 生产 | 规格 | 液晶 | 机器 | 化纤 | 绝缘 | 轻型 | 成型 | 工序 | 芯片 | 气体 | 千克 | 纺织 | 铜 | 产值 | 器械 | 容量 | 真空 | 毫米 | 马力 | 造价 | 工具 | 公斤 | 磅 | 内存 | 输出 | 高压 | 壳 | 锡 | 口径 | 化石 | 标签 | 实物 | 标本 | 厘米 | 样本 | 专利 | 商标 | 桶 | 匹 | 套 | 隐形 | 定价 | 枚 | 空白 | 后备 | 支 | 克,79.2632661662742,0.9957056529153474,0.004336132315804922,器材:1.000000 | 成型:1.000000 | 磅:1.000000 | 铸造:1.000000 | 样品:1.000000 | 金属:1.000000 | 纺织:1.000000 | 配件:1.000000 | 毫米:0.999999 | 标本:0.999999 | 化纤:0.999999 | 千克:0.999999,基准:0.092832 | 显示器:0.067255 | 服务器:0.046637 | 复合:0.040151 | 吨:0.034901 | 流通:0.031014 | 商品:0.027470 | 功率:0.019925
108,57,0.2875387676285065,-0.012451385362086578,0.5789473684210527,军人 | 妇女 | 残疾 | 患者 | 病人 | 罪犯 | 残疾人 | 孕妇 | 士兵 | 儿童 | 女性 | 精神病,急诊 | 患者 | 家长 | 新生 | 病人 | 精神病 | 岁 | 肇事,华裔 | 宇航员 | 民警 | 警官 | 船员 | 伤残 | 家长 | 老年 | 人身 | 职业 | 青年 | 男性,军人 | 妇女 | 残疾 | 患者 | 病人 | 罪犯 | 残疾人 | 孕妇 | 士兵 | 儿童 | 女性 | 精神病 | 青年 | 老年 | 男性 | 囚犯 | 医生 | 警察 | 伤残 | 未成年人 | 盲人 | 成年 | 船员 | 吸毒 | 伤员 | 受害人 | 中年 | 志愿者 | 警官 | 战士 | 飞行员 | 成人 | 家长 | 华裔 | 民警 | 失业 | 下岗 | 年龄 | 宇航员 | 见义勇为 | 岁 | 职业 | 高龄 | 急诊 | 航天员 | 家庭 | 肇事 | 个体 | 科学家 | 性别 | 智力 | 退役 | 人身 | 船长 | 精英 | 新生 | 终身,57.00958538710454,0.9963326199965448,0.0031080101998097916,病人:1.000000 | 岁:1.000000 | 女性:1.000000 | 男性:1.000000 | 伤员:1.000000 | 警察:1.000000 | 儿童:1.000000 | 罪犯:1.000000 | 失业:1.000000 | 高龄:1.000000 | 航天员:1.000000 | 囚犯:1.000000,艾滋病:0.052010 | 空军:0.045348 | 灾区:0.041673 | 受害:0.029474 | 住院:0.026486
109,64,0.3061269911311549,-0.024991659308256777,0.671875,不行 | 没辙 | 慌 | 不要紧 | 吃不上 | 回去 | 够呛 | 完了 | 赔钱 | 完蛋 | 出毛病 | 回来,头疼 | 空儿 | 挨打 | 伤脑筋 | 打算 | 幸免 | 慌 | 麻烦,空儿 | 慌 | 够呛 | 完了 | 怎么办 | 幸免 | 不成 | 打算 | 碰钉子 | 挨打 | 出事 | 奔波,不行 | 没辙 | 慌 | 不要紧 | 吃不上 | 回去 | 够呛 | 完了 | 赔钱 | 完蛋 | 出毛病 | 回来 | 吃亏 | 发愁 | 碰钉子 | 办不到 | 得不偿失 | 过不去 | 耽误 | 伤脑筋 | 要紧 | 犯愁 | 算了 | 挨打 | 耽搁 | 怎么办 | 豁出去 | 走弯路 | 半途而废 | 干什么 | 不成 | 遭殃 | 不了了之 | 罢休 | 慢慢来 | 麻烦 | 下去 | 忙 | 亏本 | 出事 | 头疼 | 无济于事 | 一锅粥 | 赶不上 | 上当 | 跟不上 | 出去 | 成问题 | 着落 | 空儿 | 一干二净 | 东奔西走 | 不通 | 说干就干 | 得了 | 掉队 | 上来 | 盘算 | 走过场 | 可想而知 | 打算 | 奔波 | 幸免 | 亡羊补牢,64.01396472153601,0.9970350487233545,0.0028202798252953895,发愁:1.000000 | 出事:1.000000 | 犯愁:1.000000 | 吃不上:1.000000 | 亏本:1.000000 | 遭殃:1.000000 | 不通:1.000000 | 慌:1.000000 | 得不偿失:1.000000 | 耽搁:1.000000 | 着落:1.000000 | 跟不上:1.000000,过来:0.114698 | 前头:0.013780 | 料到:0.012793
110,26,0.44727994400131227,0.09460525091342618,0.038461538461538464,欣喜 | 欣慰 | 惊叹 | 赞叹 | 惊奇 | 兴奋 | 自豪 | 高兴 | 激动 | 感慨 | 赞叹不已 | 感动,容光焕发 | 好奇 | 恋恋不舍 | 得意 | 依依不舍 | 佩服 | 满意 | 感动,好奇 | 满意 | 喜出望外 | 赞不绝口 | 骄傲 | 惊奇 | 激动 | 自豪 | 欣喜 | 兴奋 | 惊叹 | 高兴,欣喜 | 欣慰 | 惊叹 | 赞叹 | 惊奇 | 兴奋 | 自豪 | 高兴 | 激动 | 感慨 | 赞叹不已 | 感动 | 感叹 | 佩服 | 振奋 | 不已 | 喜出望外 | 得意 | 赞不绝口 | 骄傲 | 恋恋不舍 | 好奇 | 依依不舍 | 满意 | 爱不释手 | 容光焕发,25.993612615769226,0.9997543178504711,0.0002853897212037069,振奋:1.000000 | 爱不释手:1.000000 | 欣喜:1.000000 | 好奇:1.000000 | 兴奋:1.000000 | 赞不绝口:1.000000 | 喜出望外:1.000000 | 自豪:1.000000 | 依依不舍:1.000000 | 骄傲:1.000000 | 满意:1.000000 | 恋恋不舍:1.000000,
111,57,0.34546555034882176,0.036153999941967156,0.2631578947368421,山岭 | 山坡 | 树林 | 山顶 | 山谷 | 峡谷 | 远处 | 小溪 | 丘陵 | 东边 | 山峰 | 西边,前方 | 波浪 | 城墙 | 天空 | 树荫 | 隔开 | 雨水 | 废墟,两侧 | 堤坝 | 山冈 | 雨水 | 穿过 | 岸上 | 山谷 | 前方 | 风沙 | 海水 | 远处 | 深处,山岭 | 山坡 | 树林 | 山顶 | 山谷 | 峡谷 | 远处 | 小溪 | 丘陵 | 东边 | 山峰 | 西边 | 树梢 | 沼泽 | 礁石 | 树荫 | 南边 | 小路 | 海面 | 河流 | 北边 | 悬崖 | 池塘 | 岸上 | 湖泊 | 堤坝 | 平原 | 岩石 | 山冈 | 水面 | 树木 | 深处 | 城墙 | 旁 | 穿过 | 上空 | 村庄 | 天空 | 地带 | 河畔 | 两侧 | 尽头 | 周围 | 海水 | 四周 | 沿 | 风沙 | 波浪 | 废墟 | 雨水 | 便道 | 通往 | 隔开 | 前方 | 十字路口 | 边缘 | 间,56.85445993896138,0.9968081589394224,0.002644716913397314,西边:1.000000 | 东边:1.000000 | 南边:1.000000 | 北边:1.000000 | 废墟:1.000000 | 树荫:1.000000 | 小路:1.000000 | 树林:1.000000 | 上空:1.000000 | 尽头:1.000000 | 远处:1.000000 | 通往:1.000000,中部:0.010408
112,39,0.38196988668570203,0.018931490969261475,0.3333333333333333,瞧不起 | 嫉妒 | 妒忌 | 嫌弃 | 看不起 | 讨厌 | 鄙视 | 羡慕 | 耻笑 | 不屑 | 在乎 | 介意,羡慕 | 耻笑 | 打扮 | 好感 | 夸夸其谈 | 不屑 | 出风头 | 朝三暮四,爱面子 | 耻笑 | 嫌弃 | 鄙视 | 宠爱 | 嫉妒 | 不屑 | 瞧不起 | 羡慕 | 打扮 | 炫耀 | 挑剔,瞧不起 | 嫉妒 | 妒忌 | 嫌弃 | 看不起 | 讨厌 | 鄙视 | 羡慕 | 耻笑 | 不屑 | 在乎 | 介意 | 娇惯 | 欺负 | 在意 | 挑剔 | 爱面子 | 喜欢 | 不在乎 | 眼红 | 炫耀 | 爱理不理 | 卖弄 | 计较 | 夸耀 | 算计 | 见钱眼开 | 宠爱 | 忌讳 | 出风头 | 沽名钓誉 | 冷落 | 夸夸其谈 | 好感 | 嫌 | 敬而远之 | 朝三暮四 | 惯 | 打扮,39.00587962298792,0.9997532575005462,0.0003467504918544519,瞧不起:1.000000 | 看不起:1.000000 | 羡慕:1.000000 | 喜欢:1.000000 | 炫耀:1.000000 | 宠爱:1.000000 | 在乎:1.000000 | 嫉妒:1.000000 | 挑剔:1.000000 | 娇惯:1.000000 | 嫌:1.000000 | 好感:1.000000,
113,30,0.42412000350614265,0.1100080619853644,0.13333333333333333,安逸 | 悠闲 | 宁静 | 安静 | 清静 | 平静 | 安稳 | 舒畅 | 自在 | 无忧无虑 | 愉快 | 快活,好客 | 明媚 | 从容 | 温暖 | 潇洒 | 温馨 | 融洽 | 和谐,安静 | 潇洒 | 和谐 | 无忧无虑 | 明媚 | 快活 | 悠闲 | 安稳 | 宁静 | 舒适 | 从容 | 舒畅,安逸 | 悠闲 | 宁静 | 安静 | 清静 | 平静 | 安稳 | 舒畅 | 自在 | 无忧无虑 | 愉快 | 快活 | 怡然自得 | 潇洒 | 安宁 | 富足 | 祥和 | 舒适 | 自由自在 | 知足 | 明媚 | 温馨 | 顺心 | 从容 | 温暖 | 轻松 | 平淡 | 和谐 | 融洽 | 好客,29.996100340407402,0.9998662202911438,0.00017575789203932567,清静:1.000000 | 温馨:1.000000 | 悠闲:1.000000 | 平淡:1.000000 | 好客:1.000000 | 自由自在:1.000000 | 安静:1.000000 | 愉快:1.000000 | 舒适:1.000000 | 安逸:1.000000 | 知足:1.000000 | 潇洒:1.000000,
114,40,0.24670967996152213,-0.04623499026259019,0.85,向着 | 紧紧 | 朝着 | 缓缓 | 不停 | 沿着 | 一齐 | 飞速 | 向前 | 聚精会神 | 迅速 | 争先恐后,无不 | 关掉 | 彻夜 | 时时 | 四面八方 | 千军万马 | 原地 | 聚精会神,抓住 | 敞开 | 争先恐后 | 顺势 | 下 | 四面八方 | 一手 | 无不 | 站 | 沿着 | 飞速 | 源源不断,向着 | 紧紧 | 朝着 | 缓缓 | 不停 | 沿着 | 一齐 | 飞速 | 向前 | 聚精会神 | 迅速 | 争先恐后 | 开动 | 地 | 牢牢 | 一面 | 顺势 | 抓住 | 四面八方 | 不约而同 | 敞开 | 打开 | 对准 | 正在 | 源源不断 | 正 | 一路 | 时时 | 一如既往 | 向 | 拉开 | 站 | 千军万马 | 彻夜 | 一道 | 一手 | 原地 | 无不 | 关掉 | 下,39.9727719334189,0.998363181472841,0.0014285123354848283,开动:1.000000 | 牢牢:1.000000 | 向着:1.000000 | 向:1.000000 | 顺势:1.000000 | 朝着:1.000000 | 缓缓:1.000000 | 千军万马:1.000000 | 敞开:1.000000 | 迅速:1.000000 | 四面八方:1.000000 | 飞速:1.000000,率先:0.030263
115,63,0.2429885591115463,-0.03619163035071258,0.7619047619047619,灌溉 | 水源 | 防治 | 地下水 | 治理 | 污水 | 绿化 | 土壤 | 防疫 | 开采 | 防汛 | 施工,农产品 | 种植 | 入口 | 养殖 | 建筑 | 预防 | 产地 | 卫星,风力 | 照明 | 应急 | 预报 | 温室 | 整治 | 入口 | 辐射 | 修复 | 疏通 | 开采 | 扩散,灌溉 | 水源 | 防治 | 地下水 | 治理 | 污水 | 绿化 | 土壤 | 防疫 | 开采 | 防汛 | 施工 | 养殖 | 防护 | 饮水 | 应急 | 地质 | 整治 | 勘探 | 净化 | 采矿 | 种植 | 排放 | 疏通 | 预防 | 气象 | 照明 | 消防 | 修复 | 疏导 | 清洁 | 处置 | 气候 | 建筑 | 预报 | 温室 | 开垦 | 通信 | 通讯 | 桥梁 | 农产品 | 辐射 | 源头 | 输送 | 监管 | 枢纽 | 流入 | 流向 | 贯通 | 重建 | 隔离 | 人工 | 卫星 | 取暖 | 扩散 | 流动 | 密度 | 风力 | 转移 | 产地 | 分离 | 入口 | 并行,62.93729026489155,0.9960886593845427,0.003972098945853934,疏通:1.000000 | 疏导:1.000000 | 取暖:1.000000 | 入口:1.000000 | 防治:1.000000 | 整治:1.000000 | 源头:0.999999 | 产地:0.999999 | 防疫:0.999999 | 水源:0.999998 | 开垦:0.999998 | 预防:0.999998,太阳能:0.088172 | 多功能:0.013316 | 调度:0.010133
116,65,0.2828537553148493,0.0018790134332289593,0.47692307692307695,决赛 | 冠军 | 夺冠 | 亚军 | 半决赛 | 比赛 | 夺魁 | 银牌 | 铜牌 | 金牌 | 预赛 | 奖杯,绝技 | 主演 | 跳水 | 出演 | 水准 | 上映 | 绯闻 | 叫板,胜负 | 绯闻 | 出道 | 勋章 | 搭档 | 铜牌 | 比分 | 冠军 | 出演 | 银牌 | 巨星 | 胜出,决赛 | 冠军 | 夺冠 | 亚军 | 半决赛 | 比赛 | 夺魁 | 银牌 | 铜牌 | 金牌 | 预赛 | 奖杯 | 获胜 | 奖牌 | 爆冷门 | 世界杯 | 胜出 | 入场券 | 大奖赛 | 角逐 | 取胜 | 奖项 | 交锋 | 较量 | 阵容 | 搭档 | 出场 | 无缘 | 胜负 | 比分 | 大腕儿 | 头衔 | 巨星 | 赢家 | 高手 | 巅峰 | 成绩 | 出道 | 主角 | 王牌 | 主演 | 奖 | 大师 | 开场 | 对弈 | 头号 | 新人 | 出演 | 亮相 | 生涯 | 代言人 | 票房 | 状元 | 上映 | 身价 | 绝技 | 叫板 | 场 | 绯闻 | 跳水 | 舵手 | 勋章 | 倒数 | 水准 | 阵营,65.05769222675822,0.9974177996826339,0.002381871575705608,奖杯:1.000000 | 爆冷门:1.000000 | 银牌:1.000000 | 铜牌:1.000000 | 金牌:1.000000 | 奖牌:1.000000 | 角逐:1.000000 | 冠军:1.000000 | 夺魁:1.000000 | 胜出:1.000000 | 出场:1.000000 | 叫板:1.000000,大赛:0.040303 | 连续剧:0.039679 | 球队:0.032831 | 球星:0.017894 | 角色:0.015149 | 奥运会:0.014056
117,27,0.3524679821131859,0.014982016977055894,0.4074074074074074,迷恋 | 放纵 | 沉迷 | 狂热 | 陶醉 | 痴迷 | 厌倦 | 颓废 | 迷失 | 浮躁 | 幻想 | 狂欢,压抑 | 怀旧 | 陶醉 | 喧哗 | 发泄 | 消遣 | 颓废 | 厌倦,压抑 | 浮躁 | 颓废 | 追求 | 陶醉 | 沉迷 | 发泄 | 沉浸 | 忘掉 | 幻想 | 宣泄 | 疯狂,迷恋 | 放纵 | 沉迷 | 狂热 | 陶醉 | 痴迷 | 厌倦 | 颓废 | 迷失 | 浮躁 | 幻想 | 狂欢 | 沉浸 | 追逐 | 宣泄 | 压抑 | 疯狂 | 忘掉 | 追求 | 怀旧 | 发泄 | 尽情 | 喧哗 | 消遣 | 遗忘 | 诱惑 | 远离,26.986108980547492,0.9988671790571497,0.0011217776492404884,尽情:1.000000 | 狂欢:1.000000 | 沉迷:1.000000 | 喧哗:1.000000 | 疯狂:1.000000 | 狂热:1.000000 | 发泄:1.000000 | 放纵:1.000000 | 远离:1.000000 | 追逐:1.000000 | 浮躁:1.000000 | 消遣:1.000000,
118,66,0.2754953453003714,-0.02244038742201607,0.7272727272727273,很 | 比较 | 非常 | 挺好 | 不怎么 | 够 | 挺 | 太 | 蛮 | 相当 | 不够 | 好,自然而然 | 平时 | 说老实话 | 好说 | 不同 | 讲究 | 实在 | 绝,最好 | 看上去 | 最 | 多 | 一概而论 | 说老实话 | 稍微 | 介于 | 美中不足 | 非常 | 容易 | 值得,很 | 比较 | 非常 | 挺好 | 不怎么 | 够 | 挺 | 太 | 蛮 | 相当 | 不够 | 好 | 不错 | 稍微 | 好说 | 实在 | 难说 | 容易 | 看起来 | 一点儿 | 如此 | 真 | 着实 | 足够 | 要好 | 得 | 显得 | 这样 | 更加 | 平常 | 那样 | 特别 | 要强 | 看上去 | 不难 | 难得 | 值得 | 见仁见智 | 比 | 难 | 讲究 | 适合 | 难以 | 能 | 差 | 最 | 说老实话 | 极 | 最好 | 一般 | 显而易见 | 平时 | 有 | 完全 | 怎样 | 足以 | 多 | 自然而然 | 截然不同 | 美中不足 | 绝 | 一概而论 | 可 | 不同 | 大于 | 介于,65.97667264636578,0.9915606748043198,0.006490677531965369,要强:1.000000 | 平时:1.000000 | 显得:1.000000 | 要好:1.000000 | 太:1.000000 | 挺好:1.000000 | 讲究:1.000000 | 适合:1.000000 | 难说:1.000000 | 不怎么:0.999999 | 绝:0.999999 | 难得:0.999999,有没有:0.240189 | 重要:0.090189 | 没什么:0.035757 | 无形中:0.024814 | 更:0.017240 | 多么:0.015557 | 这么:0.014585 | 十分:0.010927
119,71,0.25215463059677623,-0.021563552743735347,0.676056338028169,鹿 | 玉 | 虎 | 紫 | 玄 | 野 | 仙鹤 | 豹 | 白 | 马 | 龙 | 鹰,兄弟 | 姜 | 右 | 左 | 吉祥 | 官 | 火 | 拳,鸟 | 姜 | 鹰 | 神 | 之 | 猴 | 朵 | 密 | 红 | 右 | 罗 | 母,鹿 | 玉 | 虎 | 紫 | 玄 | 野 | 仙鹤 | 豹 | 白 | 马 | 龙 | 鹰 | 灵 | 鸟 | 神 | 青 | 琴 | 黄 | 猴 | 燕子 | 蓝 | 红 | 福 | 佛 | 龟 | 俊 | 熊 | 妙 | 王 | 魂 | 牛 | 梅花 | 巧 | 子 | 色 | 傲 | 桃花 | 姜 | 丁 | 铃 | 罗 | 拳 | 良 | 驯 | 火 | 如意 | 吉祥 | 功 | 棋 | 坛 | 古 | 兵 | 素 | 太极 | 菩萨 | 密 | 嫦娥 | 朵 | 母 | 官 | 胆 | 阵 | 右 | 左 | 许 | 谱 | 甲 | 天下 | 兄弟 | 伴 | 之,70.59642759569344,0.9920874116270342,0.006937275071586702,驯:1.000000 | 左:1.000000 | 妙:1.000000 | 右:1.000000 | 如意:1.000000 | 功:1.000000 | 兵:1.000000 | 豹:1.000000 | 吉祥:1.000000 | 棋:0.999999 | 拳:0.999999 | 母:0.999999,狼:0.067941 | 牡丹:0.015507 | 帆:0.011266
120,40,0.3145458034052573,0.00028132070013770795,0.5,怨 | 恨 | 馋 | 烦 | 忍 | 愁 | 冤 | 贪 | 苦 | 穷 | 忘 | 醉,情 | 祖宗 | 夸 | 爱 | 醉 | 馋 | 风流 | 活,闲 | 苦 | 顾 | 戒 | 贪 | 敬 | 馋 | 忘 | 求 | 死 | 饶 | 怨,怨 | 恨 | 馋 | 烦 | 忍 | 愁 | 冤 | 贪 | 苦 | 穷 | 忘 | 醉 | 懒 | 仇 | 死 | 俗 | 爱 | 敬 | 宠 | 养 | 累 | 瞒 | 夸 | 饶 | 戒 | 祖宗 | 亲 | 闲 | 风流 | 矣 | 宰 | 生 | 情 | 赖 | 求 | 君子 | 多心 | 讨 | 活 | 顾,40.10677444359289,0.9999180620315394,0.0001384487111999063,养:1.000000 | 怨:1.000000 | 穷:1.000000 | 宠:1.000000 | 苦:1.000000 | 烦:1.000000 | 贪:1.000000 | 夸:1.000000 | 忘:1.000000 | 敬:1.000000 | 情:1.000000 | 多心:1.000000,曰:0.063056 | 老:0.033648
121,30,0.3144669858611078,0.01807649917538523,0.4,阐述 | 论述 | 讲解 | 归纳 | 总结 | 编写 | 概括 | 表述 | 研讨 | 解答 | 撰写 | 论证,观摩 | 传达 | 温习 | 编排 | 书写 | 启发 | 推敲 | 举一反三,专著 | 总结 | 讲解 | 编写 | 启发 | 传达 | 演示 | 书写 | 撰写 | 研讨 | 列举 | 作,阐述 | 论述 | 讲解 | 归纳 | 总结 | 编写 | 概括 | 表述 | 研讨 | 解答 | 撰写 | 论证 | 列举 | 演示 | 解说 | 温习 | 编排 | 构思 | 推敲 | 传授 | 书写 | 引用 | 专著 | 启发 | 传达 | 观摩 | 概论 | 作 | 对照 | 举一反三,29.9959623470248,0.9998506225190587,0.00021108745102108338,编排:1.000000 | 演示:1.000000 | 论述:1.000000 | 表述:1.000000 | 讲解:1.000000 | 构思:1.000000 | 观摩:1.000000 | 作:1.000000 | 书写:1.000000 | 总结:1.000000 | 温习:1.000000 | 阐述:1.000000,
122,86,0.26951426458718025,-0.008524978375973073,0.5930232558139535,议会 | 议员 | 宪法 | 政党 | 国会 | 公民 | 内阁 | 总统 | 人权 | 外交官 | 军官 | 法官,代表团 | 势力 | 此致 | 慈善 | 东道主 | 法庭 | 外籍 | 裁判,舆论 | 条约 | 慈善 | 工会 | 空军 | 总理 | 军事 | 宣言 | 民意 | 元首 | 邻国 | 契约,议会 | 议员 | 宪法 | 政党 | 国会 | 公民 | 内阁 | 总统 | 人权 | 外交官 | 军官 | 法官 | 选民 | 首脑 | 首相 | 外交 | 政权 | 军队 | 官吏 | 政府 | 官员 | 元首 | 司法 | 法律 | 工会 | 大选 | 选举 | 权力 | 国民 | 民众 | 雇员 | 大臣 | 联合国 | 总理 | 军事 | 条约 | 领袖 | 国王 | 联邦 | 审判 | 竞选 | 纲领 | 工商界 | 领土 | 权利 | 陆军 | 海军 | 同盟 | 主权 | 法庭 | 刑法 | 邻国 | 民意 | 雇主 | 职员 | 国防 | 代表团 | 大使馆 | 舆论 | 势力 | 平民 | 空军 | 宣言 | 利益 | 团体 | 商人 | 裁判 | 财产 | 团员 | 契约 | 威信 | 社论 | 代理人 | 当事人 | 荣誉 | 责任 | 员工 | 国籍 | 名誉 | 东道主 | 慈善 | 此致 | 外籍 | 承诺 | 者 | 名义,85.93664263012099,0.9951282635497798,0.004716055927999914,军官:1.000000 | 军事:1.000000 | 领土:1.000000 | 势力:0.999999 | 团体:0.999999 | 责任:0.999999 | 首脑:0.999999 | 名誉:0.999999 | 雇员:0.999999 | 名义:0.999998 | 法庭:0.999998 | 契约:0.999998,名:0.151296 | 华裔:0.077285 | 领队:0.029012 | 团长:0.022211 | 政治:0.012528 | 机关:0.010449
123,55,0.22668410793743718,-0.03322328510142427,0.7636363636363637,划分 | 分割 | 设置 | 重叠 | 分散 | 简化 | 压缩 | 分配 | 分成 | 间隔 | 占用 | 限定,放大 | 限制 | 拆除 | 出入 | 应付 | 安置 | 通行 | 整理,交接 | 缩短 | 用途 | 限定 | 安置 | 重叠 | 分布 | 等级 | 封闭 | 追溯 | 关闭 | 间隔,划分 | 分割 | 设置 | 重叠 | 分散 | 简化 | 压缩 | 分配 | 分成 | 间隔 | 占用 | 限定 | 缩短 | 衔接 | 安排 | 限制 | 分布 | 排列 | 重合 | 改动 | 分开 | 精简 | 固定 | 迁移 | 安置 | 布置 | 轮换 | 封闭 | 集中 | 搁置 | 运转 | 流转 | 关闭 | 拆除 | 通行 | 循环 | 清理 | 交换 | 交接 | 相等 | 停留 | 放大 | 用途 | 附加 | 出入 | 过渡 | 纬度 | 等级 | 省略 | 经度 | 累积 | 整理 | 供 | 应付 | 追溯,55.33859443553748,0.9977040411470165,0.002474239245492181,布置:1.000000 | 经度:1.000000 | 安排:1.000000 | 重叠:1.000000 | 出入:1.000000 | 应付:1.000000 | 轮换:1.000000 | 整理:1.000000 | 占用:0.999999 | 改动:0.999999 | 封闭:0.999998 | 清理:0.999997,缩小:0.226398 | 转换:0.033836 | 更改:0.033653 | 分类:0.021117 | 次数:0.018309 | 抵消:0.018023 | 分离:0.017719 | 对称:0.010626
124,75,0.25497929297944383,-0.009271919893765539,0.5733333333333334,职责 | 履行 | 职权 | 法规 | 规定 | 职能 | 监督 | 制度 | 协商 | 纪律 | 协调 | 事项,给予 | 领事 | 会谈 | 仲裁 | 依法 | 调动 | 响应 | 会议,用人 | 方针 | 意向 | 计划 | 双边 | 事务 | 改革 | 予以 | 维护 | 分工 | 要求 | 执法,职责 | 履行 | 职权 | 法规 | 规定 | 职能 | 监督 | 制度 | 协商 | 纪律 | 协调 | 事项 | 协定 | 磋商 | 仲裁 | 监察 | 程序 | 条例 | 事务 | 规范 | 条款 | 事宜 | 行政 | 议程 | 公约 | 义务 | 执法 | 遵守 | 会议 | 依法 | 分工 | 秩序 | 改革 | 谈判 | 调解 | 多边 | 方针 | 检察 | 考核 | 负有 | 流程 | 方案 | 调度 | 整顿 | 行使 | 维护 | 纲要 | 要求 | 部署 | 任务 | 会谈 | 上级 | 计划 | 双边 | 人事 | 下级 | 把关 | 廉政 | 调动 | 作出 | 予以 | 服从 | 经贸 | 双方 | 领事 | 时间表 | 小组 | 指引 | 激励 | 联络 | 全局 | 意向 | 响应 | 用人 | 给予,75.0007168973117,0.9945189371222696,0.004014508195387531,监察:1.000000 | 纪律:1.000000 | 职权:0.999999 | 协调:0.999999 | 监督:0.999999 | 下级:0.999999 | 调解:0.999998 | 给予:0.999998 | 分工:0.999996 | 协商:0.999996 | 响应:0.999996 | 联络:0.999996,环节:0.161202 | 草案:0.040034 | 进度:0.034532 | 统筹:0.020017 | 会晤:0.019011 | 准则:0.015932 | 执行:0.012334
125,32,0.3023007401285404,0.02147647455337367,0.46875,赠送 | 送给 | 捐赠 | 捐献 | 捐助 | 转交 | 赠 | 捐款 | 无偿 | 募捐 | 交给 | 拿走,亲自 | 纪念 | 随身 | 预备 | 拿走 | 自费 | 嫁妆 | 换取,亲自 | 慰劳 | 嫁妆 | 珍藏 | 捐赠 | 预备 | 捐献 | 无偿 | 赠 | 赞助 | 拿走 | 自费,赠送 | 送给 | 捐赠 | 捐献 | 捐助 | 转交 | 赠 | 捐款 | 无偿 | 募捐 | 交给 | 拿走 | 慰劳 | 献 | 订购 | 索取 | 拿出 | 送到 | 赞助 | 自费 | 领取 | 珍藏 | 嫁妆 | 亲手 | 拿到 | 定做 | 亲自 | 自愿 | 换取 | 随身 | 纪念 | 预备,31.985951783044328,0.999553530135136,0.000521508663714771,珍藏:1.000000 | 送给:1.000000 | 慰劳:1.000000 | 拿到:1.000000 | 赠送:1.000000 | 嫁妆:1.000000 | 捐献:1.000000 | 亲手:1.000000 | 献:1.000000 | 捐赠:1.000000 | 拿走:1.000000 | 索取:1.000000,
126,66,0.29682969076986965,-0.012386569376162688,0.6060606060606061,遇见 | 见到 | 看见 | 碰见 | 目睹 | 想起 | 看到 | 见过 | 听见 | 亲眼 | 想到 | 听到,祈祷 | 不辞而别 | 念念不忘 | 记得 | 取经 | 迎接 | 身影 | 祭奠,见到 | 找到 | 遇见 | 渡过 | 等待 | 寻觅 | 错过 | 不辞而别 | 相识 | 听到 | 亲眼 | 赶上,遇见 | 见到 | 看见 | 碰见 | 目睹 | 想起 | 看到 | 见过 | 听见 | 亲眼 | 想到 | 听到 | 梦见 | 忘不了 | 来到 | 认出 | 结识 | 走过 | 找到 | 忘记 | 陪伴 | 相识 | 踏上 | 离开 | 相遇 | 回想 | 放过 | 度过 | 回到 | 记得 | 寻觅 | 有幸 | 走进 | 守候 | 记住 | 错过 | 了却 | 见证 | 走近 | 经历 | 赶上 | 投奔 | 相伴 | 不见 | 念念不忘 | 独自 | 亲身 | 渡过 | 不辞而别 | 风风雨雨 | 形影不离 | 寻找 | 心爱 | 告别 | 身影 | 留下 | 跟随 | 祭奠 | 迎接 | 归来 | 解开 | 如愿以偿 | 等待 | 祈祷 | 洗礼 | 取经,66.03941708071066,0.99902295025834,0.001050491367757678,想起:1.000000 | 目睹:1.000000 | 遇见:1.000000 | 找到:1.000000 | 梦见:1.000000 | 忘记:1.000000 | 有幸:1.000000 | 心爱:1.000000 | 亲眼:1.000000 | 碰见:1.000000 | 走进:1.000000 | 度过:1.000000,料到:0.029770 | 碰到:0.010221
127,102,0.45583918122197586,0.14003050178912105,0.0392156862745098,姑姑 | 爸 | 姐姐 | 爸爸 | 嫂子 | 奶奶 | 妈 | 舅舅 | 妈妈 | 闺女 | 妹妹 | 哥哥,脑子 | 身边 | 唉 | 家里 | 啊 | 哎呀 | 一辈子 | 哎,呀 | 爷爷 | 父亲 | 女孩儿 | 哥 | 女儿 | 老婆 | 丈夫 | 亲戚 | 阿姨 | 老公 | 大姐,姑姑 | 爸 | 姐姐 | 爸爸 | 嫂子 | 奶奶 | 妈 | 舅舅 | 妈妈 | 闺女 | 妹妹 | 哥哥 | 姥姥 | 爹 | 爷爷 | 姥爷 | 媳妇 | 老婆 | 大姐 | 叔叔 | 外婆 | 儿子 | 弟弟 | 母亲 | 阿姨 | 女儿 | 伯母 | 父亲 | 大爷 | 大哥 | 老公 | 姐 | 老太太 | 外公 | 她 | 孙女 | 伯伯 | 孩子 | 伯父 | 娘 | 男朋友 | 小孩儿 | 老头儿 | 姑娘 | 女朋友 | 老伴儿 | 丫头 | 姨 | 丈夫 | 岳母 | 孙子 | 大妈 | 我 | 妻子 | 妹 | 岳父 | 亲戚 | 师父 | 女孩儿 | 老汉 | 老人家 | 小伙子 | 他 | 同学 | 老师 | 两口子 | 朋友 | 师傅 | 胖子 | 男人 | 邻居 | 老王 | 女人 | 哎 | 老人 | 男孩儿 | 呀 | 俩 | 哎呀 | 家里 | 同事 | 女生 | 男生 | 哥 | 啊 | 徒弟 | 宝宝 | 哈哈 | 唉 | 小朋友 | 保姆 | 小王 | 班长 | 哇 | 护士 | 嘿 | 熟人 | 人 | 一辈子 | 身边 | 脑子 | 能人,101.7935185421988,0.9951109085497019,0.0029477096369932582,孩子:1.000000 | 老伴儿:1.000000 | 姥姥:1.000000 | 奶奶:1.000000 | 姥爷:1.000000 | 爸爸:1.000000 | 同学:1.000000 | 哇:1.000000 | 妈:1.000000 | 外婆:1.000000 | 爸:1.000000 | 儿子:1.000000,女婿:0.207943 | 弟:0.034686 | 老乡:0.027214
128,41,0.3733190454685222,0.05534583004378862,0.1951219512195122,恳求 | 劝说 | 劝 | 劝告 | 哀求 | 嘱咐 | 吩咐 | 劝阻 | 催促 | 叮嘱 | 答应 | 推辞,讨好 | 怠慢 | 有事 | 敬酒 | 坦白 | 上司 | 体谅 | 当众,劝说 | 告诫 | 说情 | 有事 | 关照 | 听从 | 请求 | 乞求 | 答应 | 怠慢 | 替 | 讨好,恳求 | 劝说 | 劝 | 劝告 | 哀求 | 嘱咐 | 吩咐 | 劝阻 | 催促 | 叮嘱 | 答应 | 推辞 | 说服 | 安慰 | 告辞 | 说情 | 告诫 | 再三 | 体谅 | 乞求 | 认错 | 当着 | 帮忙 | 请求 | 道歉 | 讨好 | 商量 | 照办 | 当面 | 听从 | 关照 | 安抚 | 交涉 | 敬酒 | 私下 | 当众 | 怠慢 | 上司 | 坦白 | 替 | 有事,40.99542905149254,0.9998240949010534,0.00026434674861787504,嘱咐:1.000000 | 劝:1.000000 | 劝说:1.000000 | 安抚:1.000000 | 叮嘱:1.000000 | 告辞:1.000000 | 当众:1.000000 | 推辞:1.000000 | 吩咐:1.000000 | 催促:1.000000 | 关照:1.000000 | 劝告:1.000000,
129,64,0.3297809697597093,0.009497044247675758,0.453125,情感 | 性格 | 人格 | 感情 | 内心 | 天性 | 心灵 | 审美 | 人性 | 品德 | 本性 | 自尊心,爱情 | 话语 | 冲动 | 生活 | 治学 | 修养 | 相处 | 喜怒哀乐,交往 | 冲动 | 认知 | 眼光 | 生活 | 欲望 | 话语 | 内心 | 心理 | 潜移默化 | 异性 | 智商,情感 | 性格 | 人格 | 感情 | 内心 | 天性 | 心灵 | 审美 | 人性 | 品德 | 本性 | 自尊心 | 理智 | 思维 | 感性 | 认知 | 欲望 | 直觉 | 自信心 | 信念 | 修养 | 言语 | 自我 | 教养 | 阅历 | 心胸 | 意志 | 心态 | 信仰 | 心理 | 爱情 | 品行 | 好奇心 | 身心 | 言行 | 本能 | 头脑 | 眼界 | 恋爱 | 交际 | 喜怒哀乐 | 智商 | 话语 | 思考 | 耐性 | 眼光 | 婚姻 | 生活 | 一言一行 | 交往 | 相处 | 冲动 | 常人 | 治学 | 异性 | 喜好 | 真理 | 潜移默化 | 圈子 | 伴侣 | 换位 | 衣食住行 | 他人 | 彼此,63.968723506244814,0.9973474159221067,0.0019615537746176474,生活:1.000000 | 异性:1.000000 | 欲望:1.000000 | 自我:1.000000 | 心理:1.000000 | 情感:1.000000 | 本能:1.000000 | 圈子:1.000000 | 相处:1.000000 | 审美:1.000000 | 眼光:1.000000 | 言语:1.000000,觉悟:0.026479 | 上帝:0.021045 | 价值观:0.019236 | 性情:0.017596 | 灵魂:0.015879 | 精神:0.012324
130,39,0.28023143825819374,-0.017374145250906067,0.6153846153846154,把柄 | 计策 | 招数 | 弱点 | 黑手 | 帮手 | 圈套 | 得手 | 对手 | 绝招 | 下场 | 靶子,作对 | 名声 | 功劳 | 化险为夷 | 野心 | 武器 | 主意 | 摆平,下手 | 野心 | 功劳 | 输家 | 靶子 | 化险为夷 | 替身 | 作对 | 帮手 | 对手 | 得手 | 武器,把柄 | 计策 | 招数 | 弱点 | 黑手 | 帮手 | 圈套 | 得手 | 对手 | 绝招 | 下场 | 靶子 | 棋子 | 主意 | 下手 | 替身 | 战术 | 架势 | 诱饵 | 出手 | 野心 | 武器 | 威力 | 筹码 | 威风 | 要害 | 盟友 | 摆平 | 小卒 | 作对 | 失误 | 输家 | 犯规 | 可乘之机 | 功劳 | 名声 | 化险为夷 | 呼风唤雨 | 幕后,39.01932390049946,0.9992890123654493,0.0008926571690098487,把柄:1.000000 | 威风:1.000000 | 帮手:1.000000 | 架势:1.000000 | 武器:1.000000 | 替身:1.000000 | 圈套:1.000000 | 诱饵:1.000000 | 弱点:1.000000 | 得手:1.000000 | 棋子:1.000000 | 失误:1.000000,跑龙套:0.018767 | 头号:0.011709
131,56,0.28964829257736996,-0.000818023111259165,0.4642857142857143,稳妥 | 合理 | 顺畅 | 可靠 | 高效 | 便捷 | 严密 | 扎实 | 通畅 | 完备 | 周密 | 可行,熟练 | 性价比 | 艰巨 | 务实 | 面面俱到 | 过硬 | 不易 | 细致,有力 | 慎重 | 有效 | 见效 | 高效 | 不易 | 有序 | 循序渐进 | 便利 | 细致 | 适宜 | 适度,稳妥 | 合理 | 顺畅 | 可靠 | 高效 | 便捷 | 严密 | 扎实 | 通畅 | 完备 | 周密 | 可行 | 细致 | 严格 | 有序 | 正确 | 快捷 | 畅通 | 健全 | 有力 | 合适 | 灵活 | 得当 | 有效 | 慎重 | 充足 | 得力 | 适宜 | 周到 | 必要 | 紧迫 | 过硬 | 有利 | 充分 | 适当 | 适度 | 安全 | 到位 | 万无一失 | 顺利 | 迫切 | 便利 | 有益 | 艰巨 | 超前 | 务实 | 熟练 | 繁重 | 持久 | 重要 | 循序渐进 | 面面俱到 | 见效 | 不易 | 灵通 | 性价比,55.824054492896316,0.9935851611104562,0.004347617785881822,便捷:1.000000 | 通畅:1.000000 | 畅通:1.000000 | 快捷:1.000000 | 万无一失:1.000000 | 有序:1.000000 | 得力:1.000000 | 有力:1.000000 | 可靠:1.000000 | 便利:1.000000 | 周密:1.000000 | 持久:1.000000,与时俱进:0.056859 | 一帆风顺:0.026311 | 恰当:0.015896 | 有限:0.012950 | 成熟:0.012156 | 优质:0.010992
132,42,0.4044271787568258,0.06034924998501847,0.09523809523809523,胡闹 | 吵嘴 | 打岔 | 骂 | 闹着玩儿 | 吵架 | 发脾气 | 唠叨 | 吵 | 说闲话 | 嚷 | 插嘴,骂 | 不理 | 哼 | 诉苦 | 贪玩儿 | 胡思乱想 | 喊 | 耳光,嚷 | 出洋相 | 闹 | 开玩笑 | 随大溜 | 打岔 | 吵架 | 指手画脚 | 贪玩儿 | 吓唬 | 出丑 | 唠叨,胡闹 | 吵嘴 | 打岔 | 骂 | 闹着玩儿 | 吵架 | 发脾气 | 唠叨 | 吵 | 说闲话 | 嚷 | 插嘴 | 逞能 | 吓唬 | 吹牛 | 絮叨 | 贪玩儿 | 说话 | 打架 | 耍赖 | 出洋相 | 开玩笑 | 闹 | 不理 | 告状 | 哼 | 胡思乱想 | 发火 | 敲边鼓 | 看热闹 | 出丑 | 随大溜 | 穿小鞋 | 搞鬼 | 指手画脚 | 诉苦 | 较劲 | 喊 | 泼冷水 | 出难题 | 耳光 | 壮胆,42.049339644277346,0.99993835706564,0.000112104893059607,嚷:1.000000 | 吵:1.000000 | 贪玩儿:1.000000 | 打架:1.000000 | 发脾气:1.000000 | 出丑:1.000000 | 泼冷水:1.000000 | 打岔:1.000000 | 敲边鼓:1.000000 | 吵嘴:1.000000 | 发火:1.000000 | 指手画脚:1.000000,捣乱:0.027952
133,70,0.29019540863068555,-0.013727255531059988,0.5857142857142857,大海 | 雪山 | 沙漠 | 沙滩 | 草原 | 海浪 | 海滩 | 高山 | 美景 | 景色 | 海滨 | 冰雪,洪水 | 黄昏 | 山路 | 海拔 | 朱红 | 红色 | 风雨 | 米,瀑布 | 风景 | 草原 | 太空 | 米 | 热带 | 海滨 | 巨型 | 高山 | 乐园 | 大地 | 高原,大海 | 雪山 | 沙漠 | 沙滩 | 草原 | 海浪 | 海滩 | 高山 | 美景 | 景色 | 海滨 | 冰雪 | 彩霞 | 蓝天 | 戈壁 | 海洋 | 瀑布 | 高原 | 风景 | 月亮 | 森林 | 星星 | 丛林 | 黑夜 | 彩虹 | 大地 | 大自然 | 太阳 | 奇花异草 | 陆地 | 喷泉 | 天上 | 草地 | 冰山 | 天鹅 | 景观 | 荷花 | 海底 | 焰火 | 热气球 | 大雁 | 远方 | 阳光 | 黄昏 | 火山 | 天堂 | 烟火 | 山路 | 温泉 | 北极 | 游人 | 南极 | 骏马 | 热带 | 蓝色 | 烟花 | 太空 | 乐园 | 海拔 | 天地 | 大片 | 风雨 | 大象 | 鸟巢 | 巨型 | 红色 | 洪水 | 朱红 | 片 | 米,69.93957345020307,0.9966957862998674,0.00289923949483255,景色:1.000000 | 美景:1.000000 | 阳光:1.000000 | 沙滩:1.000000 | 沙漠:1.000000 | 喷泉:1.000000 | 焰火:1.000000 | 远方:1.000000 | 风景:1.000000 | 高原:1.000000 | 游人:1.000000 | 丛林:1.000000,峡谷:0.065005 | 地球:0.024629 | 燕子:0.020984
134,47,0.38772915338206704,0.02870784287143392,0.2127659574468085,哆嗦 | 哭 | 疼 | 颤抖 | 吓 | 睁 | 睡着 | 发抖 | 咧嘴 | 晕 | 笑 | 惨白,受惊 | 口水 | 笑 | 痛 | 挠 | 皱 | 颤抖 | 眨眼,受惊 | 哑 | 喘 | 摔倒 | 笑 | 咽 | 一动不动 | 直视 | 睡着 | 哭 | 痛 | 瞪,哆嗦 | 哭 | 疼 | 颤抖 | 吓 | 睁 | 睡着 | 发抖 | 咧嘴 | 晕 | 笑 | 惨白 | 瞪 | 咳 | 惊醒 | 醒 | 瘫 | 憋 | 一动不动 | 摇晃 | 痒 | 通红 | 吐 | 淌 | 呛 | 喘 | 醒来 | 哑 | 咽 | 晃 | 僵 | 皱 | 痛 | 吼 | 眨眼 | 晕倒 | 摔倒 | 挠 | 惊 | 酣睡 | 受惊 | 口水 | 觉 | 响 | 聋 | 打雷 | 直视,47.06789277144245,0.9991530902510374,0.0009833516505787234,皱:1.000000 | 惊:1.000000 | 摔倒:1.000000 | 颤抖:1.000000 | 痛:1.000000 | 笑:1.000000 | 醒来:1.000000 | 酣睡:1.000000 | 咳:1.000000 | 睁:1.000000 | 醒:1.000000 | 摇晃:1.000000,蹲:0.049089 | 发愣:0.016993 | 歪:0.015189
135,42,0.29120219345349185,0.03700661766819881,0.2857142857142857,接连 | 相继 | 先后 | 随即 | 再度 | 屡次 | 随后 | 再次 | 频频 | 多次 | 陆续 | 紧接着,史无前例 | 至今 | 声称 | 下令 | 发出 | 一同 | 直至 | 前夕,发出 | 其后 | 即将 | 继而 | 随后 | 屡次 | 陆续 | 史无前例 | 屡 | 前不久 | 多次 | 随即,接连 | 相继 | 先后 | 随即 | 再度 | 屡次 | 随后 | 再次 | 频频 | 多次 | 陆续 | 紧接着 | 纷纷 | 此后 | 曾 | 不久 | 接二连三 | 其后 | 被迫 | 宣布 | 一度 | 传出 | 屡 | 继而 | 首次 | 同年 | 前不久 | 宣告 | 将要 | 即将 | 前夕 | 一同 | 下令 | 一举 | 一连串 | 声称 | 宣称 | 直至 | 集体 | 发出 | 史无前例 | 至今,42.02983967360527,0.9984624013547706,0.001558388310327932,发出:1.000000 | 声称:1.000000 | 宣布:1.000000 | 接连:1.000000 | 宣称:1.000000 | 宣告:1.000000 | 屡:1.000000 | 传出:1.000000 | 接二连三:1.000000 | 频频:1.000000 | 即将:1.000000 | 一度:1.000000,迄今为止:0.024250 | 据悉:0.022307 | 自从:0.014260
136,46,0.2857590555534333,0.015429153681643087,0.2826086956521739,偏 | 弱 | 平稳 | 强劲 | 稳健 | 相对 | 明显 | 强势 | 弱势 | 略微 | 温和 | 趋于,温和 | 良好 | 领先 | 充沛 | 活跃 | 力 | 明朗 | 不大,宽松 | 韧性 | 向上 | 收敛 | 略微 | 均衡 | 强势 | 不大 | 较 | 为主 | 有所 | 温和,偏 | 弱 | 平稳 | 强劲 | 稳健 | 相对 | 明显 | 强势 | 弱势 | 略微 | 温和 | 趋于 | 稳定 | 稍 | 显著 | 韧性 | 良好 | 整体 | 向上 | 旺盛 | 偏向 | 宽松 | 略 | 明朗 | 有所 | 中性 | 均衡 | 显 | 充沛 | 收敛 | 强 | 表现 | 不大 | 保持 | 低 | 弹性 | 平衡 | 较 | 高 | 支撑 | 有限 | 活跃 | 领先 | 端 | 为主 | 力,46.13094459649286,0.9985779601993144,0.0015843547525825864,收敛:1.000000 | 略:1.000000 | 温和:1.000000 | 偏:1.000000 | 活跃:1.000000 | 强劲:1.000000 | 韧性:1.000000 | 略微:1.000000 | 中性:1.000000 | 力:1.000000 | 稍:1.000000 | 强:1.000000,充足:0.185161
137,41,0.2863629213055194,-0.03434511919920655,0.7804878048780488,渴望 | 期盼 | 盼望 | 热爱 | 铭记 | 期望 | 执着 | 希望 | 珍惜 | 坚信 | 珍视 | 奉献,健康 | 汗水 | 热爱 | 深深 | 享受 | 关爱 | 珍视 | 永恒,渴望 | 怀着 | 愿 | 铭记 | 凭着 | 希望 | 深信 | 正能量 | 珍惜 | 坚信 | 鞭策 | 长久,渴望 | 期盼 | 盼望 | 热爱 | 铭记 | 期望 | 执着 | 希望 | 珍惜 | 坚信 | 珍视 | 奉献 | 怀着 | 关爱 | 呼唤 | 辜负 | 牢记 | 付出 | 呵护 | 深信 | 愿 | 盼 | 守护 | 默默 | 寄托 | 深深 | 鞭策 | 永恒 | 拥抱 | 回馈 | 正能量 | 永不 | 切身 | 凭着 | 汗水 | 长久 | 享受 | 无限 | 收获 | 尽 | 健康,41.00092316917548,0.9993539293220349,0.0007642046607799047,呵护:1.000000 | 健康:1.000000 | 拥抱:1.000000 | 奉献:1.000000 | 享受:1.000000 | 希望:1.000000 | 深深:1.000000 | 回馈:1.000000 | 正能量:1.000000 | 深信:1.000000 | 期望:0.999999 | 默默:0.999999,启迪:0.014904
138,32,0.2956581823589456,-0.004986338133250868,0.625,薄弱 | 脆弱 | 糟糕 | 严峻 | 恶劣 | 严重 | 混乱 | 低下 | 不利 | 困难 | 僵化 | 悬殊,凶猛 | 悲观 | 僵化 | 过于 | 反常 | 无足轻重 | 根深蒂固 | 例外,脱节 | 无足轻重 | 脆弱 | 严峻 | 僵化 | 反差 | 高昂 | 奏效 | 反常 | 时好时坏 | 困难 | 微不足道,薄弱 | 脆弱 | 糟糕 | 严峻 | 恶劣 | 严重 | 混乱 | 低下 | 不利 | 困难 | 僵化 | 悬殊 | 欠缺 | 劣势 | 棘手 | 脱节 | 悲观 | 落后 | 缺乏 | 敏感 | 根深蒂固 | 反常 | 微不足道 | 格格不入 | 无足轻重 | 过于 | 时好时坏 | 反差 | 高昂 | 凶猛 | 奏效 | 例外,31.997674785555237,0.9987025974067371,0.001405440663281832,凶猛:1.000000 | 脆弱:1.000000 | 恶劣:1.000000 | 低下:1.000000 | 根深蒂固:1.000000 | 严峻:1.000000 | 悬殊:1.000000 | 格格不入:1.000000 | 严重:1.000000 | 反差:1.000000 | 敏感:1.000000 | 欠缺:0.999999,缺少:0.019621
139,60,0.29849632411292376,0.013507706521044282,0.4166666666666667,加强 | 强化 | 促进 | 推进 | 着力 | 开展 | 落实 | 注重 | 加快 | 贯彻 | 完善 | 制定,力求 | 攻关 | 广大 | 担负 | 寻求 | 重视 | 谋求 | 促使,保障 | 开展 | 树立 | 协作 | 指导 | 着重 | 遵循 | 进一步 | 提倡 | 倡导 | 引导 | 至关重要,加强 | 强化 | 促进 | 推进 | 着力 | 开展 | 落实 | 注重 | 加快 | 贯彻 | 完善 | 制定 | 制订 | 倡导 | 增强 | 树立 | 巩固 | 有利于 | 实施 | 优化 | 推行 | 进一步 | 发挥 | 引导 | 实行 | 增进 | 着重 | 重视 | 提倡 | 谋求 | 有助于 | 遵循 | 顺应 | 立足 | 协同 | 统筹 | 着眼 | 深入 | 力求 | 密切 | 保障 | 全方位 | 寻求 | 协作 | 运用 | 组织 | 进行 | 旨在 | 促使 | 扶持 | 广泛 | 指导 | 起到 | 重点 | 应对 | 至关重要 | 共同 | 担负 | 广大 | 攻关,59.56957580585559,0.991734225088938,0.0053964251864621025,着重:1.000000 | 倡导:1.000000 | 密切:1.000000 | 组织:1.000000 | 重视:1.000000 | 注重:1.000000 | 增进:1.000000 | 制订:1.000000 | 力求:0.999999 | 着眼:0.999999 | 引导:0.999999 | 提倡:0.999999,推动:0.040574 | 结合:0.012282
140,51,0.3243076101252532,0.04628837142428443,0.0784313725490196,收据 | 支票 | 证件 | 信封 | 便条 | 欠条 | 存折 | 请柬 | 卡片 | 发票 | 信件 | 凭证,件 | 车牌 | 彩票 | 账 | 账单 | 磁卡 | 笔 | 锦旗,协议书 | 凭证 | 请帖 | 通知书 | 清单 | 锦旗 | 号码 | 便条 | 遗嘱 | 文件 | 笔 | 签名,收据 | 支票 | 证件 | 信封 | 便条 | 欠条 | 存折 | 请柬 | 卡片 | 发票 | 信件 | 凭证 | 护照 | 印章 | 借条 | 请帖 | 账单 | 相片 | 公函 | 签名 | 照片 | 遗嘱 | 证书 | 文件 | 通知书 | 签字 | 电报 | 告示 | 协议书 | 图纸 | 复印 | 磁卡 | 启事 | 档案 | 号码 | 执照 | 报纸 | 锦旗 | 住址 | 张 | 公证 | 问卷 | 简历 | 车牌 | 手册 | 清单 | 姓名 | 彩票 | 账 | 笔 | 件,51.11928982395231,0.9994164890940612,0.0007569592966995094,信件:1.000000 | 账单:1.000000 | 便条:1.000000 | 收据:1.000000 | 借条:1.000000 | 请帖:1.000000 | 住址:1.000000 | 欠条:1.000000 | 公函:1.000000 | 请柬:1.000000 | 签名:1.000000 | 支票:1.000000,传真:0.075173 | 来信:0.018847 | 杂志:0.015772
141,48,0.3287585737454038,-0.0011253847936648052,0.4791666666666667,脆 | 腥 | 冷 | 胀 | 肿 | 嫩 | 湿 | 烂 | 闷 | 熟 | 黏 | 稠,咸 | 爽 | 腥 | 嫩 | 困 | 渗 | 肿 | 脆,粗 | 闷 | 糟 | 壮 | 胀 | 裂 | 耐 | 精 | 塌 | 滑 | 渗 | 肿,脆 | 腥 | 冷 | 胀 | 肿 | 嫩 | 湿 | 烂 | 闷 | 熟 | 黏 | 稠 | 脏 | 瘦 | 凉 | 薄 | 糟 | 渴 | 粗 | 酸 | 稀 | 臭 | 胖 | 咸 | 软 | 秃 | 厚 | 爽 | 滑 | 硬 | 渗 | 肥 | 矮 | 塌 | 旱 | 细 | 透 | 饿 | 裂 | 壮 | 困 | 涝 | 耐 | 杂 | 轻 | 散 | 精 | 忌,47.91519300170167,0.9980681500461905,0.0018658608175367531,旱:1.000000 | 糟:1.000000 | 腥:1.000000 | 脆:1.000000 | 粗:1.000000 | 矮:1.000000 | 脏:1.000000 | 壮:1.000000 | 臭:1.000000 | 瘦:1.000000 | 透:1.000000 | 嫩:1.000000,
142,72,0.32251592367213666,-0.01352514008713307,0.4722222222222222,电影 | 歌手 | 喜剧 | 歌曲 | 演员 | 导演 | 音乐 | 电视剧 | 动画片 | 编剧 | 影片 | 歌星,足球 | 芭蕾 | 法语 | 小提琴 | 阿拉伯语 | 钢琴 | 木偶 | 歌,听众 | 电影 | 动画片 | 扑克 | 偶像 | 画家 | 导演 | 读者 | 戏 | 纪录片 | 足球 | 励志,电影 | 歌手 | 喜剧 | 歌曲 | 演员 | 导演 | 音乐 | 电视剧 | 动画片 | 编剧 | 影片 | 歌星 | 动画 | 漫画 | 剧 | 摇滚 | 相声 | 华语 | 纪录片 | 配音 | 影星 | 科幻 | 节目 | 短片 | 艺人 | 唱片 | 芭蕾 | 偶像 | 乐队 | 专辑 | 影迷 | 作家 | 戏 | 主题歌 | 歌迷 | 观众 | 吉他 | 搞笑 | 连续剧 | 童话 | 听众 | 模特儿 | 画家 | 木偶 | 卡通 | 小提琴 | 演艺圈 | 游戏 | 歌 | 钢琴 | 诗人 | 魔术 | 评委 | 励志 | 摄影 | 足球 | 球星 | 银幕 | 收视率 | 球迷 | 名人 | 同人 | 西班牙语 | 建筑师 | 法语 | 读者 | 猜谜 | 中文 | 爵士 | 扑克 | 阿拉伯语 | 男女,72.36110201909644,0.9953331155827682,0.0042888944239583985,摇滚:1.000000 | 音乐:1.000000 | 励志:1.000000 | 剧:1.000000 | 科幻:1.000000 | 观众:1.000000 | 魔术:1.000000 | 戏:1.000000 | 配音:1.000000 | 名人:0.999999 | 芭蕾:0.999999 | 喜剧:0.999999,外文:0.326753 | 点击率:0.079543 | 杂志:0.071398 | 华裔:0.044389 | 油画:0.039641 | 日语:0.028565 | 文学:0.011993 | 话剧:0.010995
143,50,0.3790968090293631,0.011985524677901259,0.42,伤感 | 思念 | 怀念 | 寂寞 | 甜蜜 | 想念 | 忧愁 | 快乐 | 伤心 | 凄凉 | 孤独 | 牵挂,芬芳 | 失落 | 悲哀 | 美满 | 伤心 | 忧愁 | 喜悦 | 快乐,挂念 | 亲情 | 美好 | 诀别 | 容颜 | 酸甜苦辣 | 心情 | 回味 | 岁月 | 芬芳 | 感恩 | 幸福,伤感 | 思念 | 怀念 | 寂寞 | 甜蜜 | 想念 | 忧愁 | 快乐 | 伤心 | 凄凉 | 孤独 | 牵挂 | 孤单 | 悲哀 | 欢乐 | 往事 | 留恋 | 辛酸 | 美好 | 回忆 | 幸福 | 时光 | 喜悦 | 挂念 | 失落 | 难忘 | 岁月 | 回味 | 沧桑 | 童年 | 真情 | 亲情 | 酸甜苦辣 | 青春 | 感恩 | 悲欢离合 | 向往 | 友情 | 诀别 | 激情 | 珍重 | 美满 | 心情 | 天长地久 | 芬芳 | 灿烂 | 容颜 | 痴心 | 人间 | 故乡,50.141342680631645,0.99958895095506,0.000569402128162563,挂念:1.000000 | 伤感:1.000000 | 孤单:1.000000 | 牵挂:1.000000 | 忧愁:1.000000 | 留恋:1.000000 | 容颜:1.000000 | 珍重:1.000000 | 回味:1.000000 | 向往:1.000000 | 喜悦:1.000000 | 快乐:1.000000,喜怒哀乐:0.123611 | 陶醉:0.020503
144,89,0.23703131372345074,-0.03398950760935011,0.797752808988764,电力 | 煤炭 | 港口 | 货运 | 发电 | 天然气 | 客运 | 航运 | 铁路 | 集装箱 | 燃气 | 供应,客车 | 高速公路 | 客运 | 房屋 | 区 | 公路 | 农业 | 外,开发区 | 劳务 | 海运 | 外 | 人次 | 供给 | 中心 | 开工 | 厂 | 供暖 | 航运 | 区域,电力 | 煤炭 | 港口 | 货运 | 发电 | 天然气 | 客运 | 航运 | 铁路 | 集装箱 | 燃气 | 供应 | 燃料 | 煤 | 公路 | 产量 | 电网 | 农业 | 水利 | 海运 | 水泥 | 出口 | 交通 | 管道 | 工程 | 煤矿 | 民用 | 设施 | 原材料 | 供暖 | 租赁 | 公顷 | 立方米 | 批发 | 工厂 | 公用 | 客车 | 进口 | 销售 | 住房 | 房屋 | 光缆 | 太阳能 | 高速公路 | 平方米 | 吨 | 汽油 | 开工 | 亩 | 采购 | 矿 | 开发区 | 供给 | 区域 | 上游 | 燃油 | 下游 | 增产 | 国有 | 公共 | 邮政 | 城区 | 大宗 | 面积 | 劳务 | 营业 | 大型 | 储备 | 基地 | 小型 | 流通 | 厂 | 户 | 网点 | 公里 | 中型 | 增收 | 工商 | 区 | 人次 | 收购 | 省 | 净 | 中心 | 一线 | 批 | 余 | 内 | 外,87.43884910156343,0.9773329060421129,0.013864034385132593,区域:1.000000 | 客运:1.000000 | 厂:0.999999 | 亩:0.999999 | 公顷:0.999998 | 平方米:0.999996 | 公用:0.999992 | 设施:0.999992 | 内:0.999987 | 营业:0.999975 | 开工:0.999972 | 区:0.999953,海关:0.078078 | 航空:0.068223 | 等:0.057630 | 设备:0.056997 | 市:0.036581 | 农产品:0.032055 | 公积金:0.027062 | 橡胶:0.015638
145,83,0.19907831505839962,-0.03775010545198407,0.891566265060241,特定 | 相同 | 普通 | 包含 | 类 | 种类 | 类型 | 特殊 | 常规 | 高于 | 限于 | 对应,完整 | 常用 | 粗略 | 正规 | 人为 | 正面 | 一经 | 过往,一经 | 独立 | 完整 | 正规 | 指 | 类别 | 包含 | 相差 | 涉及 | 以上 | 过往 | 特定,特定 | 相同 | 普通 | 包含 | 类 | 种类 | 类型 | 特殊 | 常规 | 高于 | 限于 | 对应 | 适用 | 属于 | 分为 | 同类 | 涉及 | 同一 | 构成 | 原有 | 符合 | 其他 | 个别 | 现行 | 多种 | 部分 | 外部 | 初级 | 通用 | 类别 | 设定 | 广义 | 原始 | 常用 | 隐性 | 兼容 | 级别 | 除外 | 基准 | 超出 | 非 | 含 | 混合 | 以上 | 少数 | 中等 | 任何 | 定向 | 属 | 型 | 复合 | 剔除 | 正规 | 占 | 集合 | 完整 | 粗略 | 相差 | 级 | 独立 | 内部 | 外来 | 项 | 若干 | 中级 | 指向 | 统一 | 式 | 组合 | 接近 | 定为 | 无 | 改为 | 一经 | 人为 | 该 | 系 | 过往 | 并列 | 某 | 永久 | 指 | 正面,82.44992497286955,0.9877649731710963,0.010037947553894063,正规:1.000000 | 初级:1.000000 | 指向:1.000000 | 含:0.999999 | 普通:0.999999 | 特殊:0.999999 | 改为:0.999999 | 中等:0.999998 | 组合:0.999997 | 并列:0.999997 | 特定:0.999996 | 个别:0.999996,组:0.085633 | 所有:0.039880 | 不同:0.039647 | 等:0.028436 | 于:0.024925 | 第:0.019573 | 透过:0.018338 | 本地:0.017460
146,50,0.2950256866886408,0.003918949308470315,0.48,雄厚 | 独特 | 优良 | 丰富 | 坚实 | 深厚 | 强大 | 得天独厚 | 优越 | 优异 | 丰厚 | 出色,鲜活 | 精心 | 大气 | 多样 | 广阔 | 贴近 | 精细 | 发达,坚固 | 日新月异 | 广阔 | 庞大 | 成熟 | 品质 | 多样 | 优秀 | 绿色 | 尖端 | 雄厚 | 优异,雄厚 | 独特 | 优良 | 丰富 | 坚实 | 深厚 | 强大 | 得天独厚 | 优越 | 优异 | 丰厚 | 出色 | 丰硕 | 广阔 | 卓越 | 优秀 | 一流 | 悠久 | 优质 | 先进 | 稳固 | 坚固 | 多样 | 成熟 | 庞大 | 精细 | 特色 | 可观 | 独一无二 | 崭新 | 紧密 | 牢固 | 突出 | 长足 | 现代化 | 顶尖 | 尖端 | 品质 | 发达 | 高科技 | 天然 | 立体 | 鲜活 | 日新月异 | 现代 | 贴近 | 绿色 | 精心 | 有机 | 大气,50.025475612824714,0.9991598634511368,0.0009773706799668163,坚实:1.000000 | 坚固:1.000000 | 牢固:1.000000 | 丰厚:1.000000 | 广阔:1.000000 | 得天独厚:1.000000 | 精心:1.000000 | 崭新:1.000000 | 绿色:1.000000 | 雄厚:0.999999 | 贴近:0.999999 | 高科技:0.999999,一体:0.011736
147,47,0.3042901806710484,0.03546234601807107,0.3617021276595745,辞职 | 出任 | 就任 | 职务 | 任命 | 离职 | 辞去 | 连任 | 当选 | 辞呈 | 任期 | 上任,官司 | 参赛 | 结婚 | 立功 | 订婚 | 抽签 | 领队 | 队长,出山 | 回国 | 辞职 | 出任 | 参赛 | 任命 | 席位 | 领队 | 连任 | 官司 | 缺席 | 任期,辞职 | 出任 | 就任 | 职务 | 任命 | 离职 | 辞去 | 连任 | 当选 | 辞呈 | 任期 | 上任 | 人选 | 提名 | 接替 | 下台 | 提拔 | 接班 | 候选人 | 现任 | 晋升 | 去世 | 职位 | 接班人 | 结婚 | 上台 | 回国 | 出走 | 接手 | 出山 | 逝世 | 离婚 | 年薪 | 队长 | 领队 | 资格 | 订婚 | 缺席 | 名额 | 露面 | 参赛 | 元老 | 席位 | 效力 | 抽签 | 官司 | 立功,46.97210085151849,0.9979152205415961,0.002137473941275805,逝世:1.000000 | 去世:1.000000 | 上任:1.000000 | 辞去:1.000000 | 接班:1.000000 | 离婚:1.000000 | 辞职:1.000000 | 就任:1.000000 | 接替:1.000000 | 结婚:1.000000 | 立功:1.000000 | 提拔:1.000000,功臣:0.033985 | 竞选:0.017222 | 退休:0.010972
148,51,0.40151843332442694,0.043371877716389555,0.21568627450980393,谦逊 | 和蔼 | 谦虚 | 礼貌 | 温柔 | 文雅 | 彬彬有礼 | 风趣 | 豁达 | 乖巧 | 客气 | 幽默,平和 | 洪亮 | 倔强 | 顽皮 | 殷勤 | 亲密 | 细心 | 神气,坦率 | 开朗 | 居高临下 | 亲热 | 得体 | 和气 | 倔强 | 温柔 | 友善 | 流利 | 洪亮 | 文雅,谦逊 | 和蔼 | 谦虚 | 礼貌 | 温柔 | 文雅 | 彬彬有礼 | 风趣 | 豁达 | 乖巧 | 客气 | 幽默 | 慈祥 | 开朗 | 得体 | 含蓄 | 体贴 | 坦率 | 大方 | 倔强 | 友善 | 风度 | 镇定 | 冷静 | 调皮 | 大大咧咧 | 沉着 | 坦然 | 神气 | 敦厚 | 和气 | 自信 | 殷勤 | 委婉 | 害羞 | 机智 | 顽皮 | 亲热 | 举止 | 平和 | 爽快 | 严肃 | 从容不迫 | 细心 | 淘气 | 亲近 | 胸有成竹 | 流利 | 亲密 | 居高临下 | 洪亮,51.095191544655705,0.9992895038655305,0.0008195522650262183,含蓄:1.000000 | 彬彬有礼:1.000000 | 礼貌:1.000000 | 和蔼:1.000000 | 委婉:1.000000 | 得体:1.000000 | 文雅:1.000000 | 慈祥:1.000000 | 幽默:1.000000 | 爽快:1.000000 | 细心:1.000000 | 胸有成竹:1.000000,天真:0.047595 | 活泼:0.030381 | 机灵:0.013333
149,33,0.40552963063228387,0.06656459865522549,0.030303030303030304,晶莹 | 柔软 | 碧绿 | 翠绿 | 明亮 | 红润 | 光滑 | 暖烘烘 | 凉爽 | 湿润 | 柔和 | 坚硬,五颜六色 | 清脆 | 饱满 | 结实 | 柔和 | 暖和 | 红扑扑 | 沉甸甸,灼热 | 结实 | 滋润 | 光泽 | 沉甸甸 | 柔和 | 红润 | 碧绿 | 均匀 | 凉爽 | 干净 | 暖和,晶莹 | 柔软 | 碧绿 | 翠绿 | 明亮 | 红润 | 光滑 | 暖烘烘 | 凉爽 | 湿润 | 柔和 | 坚硬 | 潮湿 | 灼热 | 红扑扑 | 光泽 | 结实 | 暖和 | 滋润 | 清脆 | 寒冷 | 热气 | 洁净 | 干净 | 水灵灵 | 混浊 | 火辣辣 | 刺骨 | 均匀 | 饱满 | 整齐 | 五颜六色 | 沉甸甸,33.02483618055989,0.9998702124344292,0.00018350661108922466,红润:1.000000 | 暖烘烘:1.000000 | 凉爽:1.000000 | 晶莹:1.000000 | 洁净:1.000000 | 水灵灵:1.000000 | 沉甸甸:1.000000 | 湿润:1.000000 | 火辣辣:1.000000 | 红扑扑:1.000000 | 碧绿:1.000000 | 柔和:1.000000,炎热:0.025879
150,85,0.25054116764496887,-0.016155706631325102,0.6235294117647059,趋势 | 机制 | 需求 | 模式 | 格局 | 优势 | 效益 | 导向 | 发展 | 潜力 | 层面 | 体系,水涨船高 | 能力 | 增长 | 企业 | 思路 | 数据 | 逐年 | 差距,供求 | 微观 | 相辅相成 | 需求 | 发展 | 效率 | 环节 | 百分点 | 出台 | 空间 | 落地 | 转型,趋势 | 机制 | 需求 | 模式 | 格局 | 优势 | 效益 | 导向 | 发展 | 潜力 | 层面 | 体系 | 领域 | 政策 | 效率 | 因素 | 难点 | 市场 | 要素 | 成本 | 水平 | 前景 | 效应 | 渠道 | 方面 | 板块 | 能力 | 思路 | 基础 | 转型 | 指标 | 增长 | 风险 | 技术 | 预期 | 环节 | 难度 | 空间 | 进展 | 周期 | 企业 | 供求 | 转变 | 进度 | 框架 | 总量 | 微观 | 门槛 | 质量 | 幅度 | 常态 | 比重 | 内需 | 宏观 | 良性 | 试点 | 热点 | 亮点 | 现状 | 长远 | 调控 | 标准 | 范围 | 落地 | 数据 | 长效 | 出台 | 差距 | 主体 | 关键 | 行情 | 要点 | 深度 | 相辅相成 | 大有可为 | 百分点 | 有待 | 逐年 | 焦点 | 入手 | 起步 | 重大 | 挂钩 | 水涨船高 | 多元,84.96613093573004,0.9881385882044121,0.008799701969978615,亮点:1.000000 | 难度:0.999999 | 格局:0.999998 | 多元:0.999998 | 趋势:0.999996 | 门槛:0.999995 | 热点:0.999994 | 常态:0.999992 | 比重:0.999986 | 预期:0.999985 | 板块:0.999978 | 要点:0.999964,核心:0.172571 | 规模:0.111549 | 基准:0.083806 | 至关重要:0.055893 | 示范:0.055786 | 重中之重:0.055715 | 项目:0.041443 | 订单:0.038265
151,53,0.26705986008352306,-0.012773075128556865,0.6037735849056604,序幕 | 高潮 | 波澜 | 迭起 | 愈演愈烈 | 局面 | 动荡 | 热潮 | 尾声 | 来临 | 结束 | 转折点,士气 | 暴风雨 | 景象 | 此起彼伏 | 气氛 | 泥潭 | 落下 | 未知数,波折 | 暴风雨 | 场面 | 局势 | 过半 | 景象 | 转折 | 此起彼伏 | 高潮 | 波澜 | 迹象 | 尾声,序幕 | 高潮 | 波澜 | 迭起 | 愈演愈烈 | 局面 | 动荡 | 热潮 | 尾声 | 来临 | 结束 | 转折点 | 景象 | 僵局 | 破灭 | 势头 | 此起彼伏 | 局势 | 到来 | 转折 | 导火索 | 形势 | 转机 | 气氛 | 波折 | 危机 | 场面 | 终结 | 警钟 | 暴风骤雨 | 迹象 | 峰回路转 | 泥潭 | 上演 | 悬念 | 势不可当 | 失利 | 之中 | 风暴 | 一帆风顺 | 暴风雨 | 搁浅 | 反响 | 倒计时 | 情景 | 纪录 | 日程 | 揭晓 | 过半 | 士气 | 落下 | 未知数 | 为止,53.07234432586815,0.9990561703751991,0.0010196789808023811,高潮:1.000000 | 来临:1.000000 | 倒计时:1.000000 | 尾声:1.000000 | 暴风雨:1.000000 | 序幕:1.000000 | 景象:1.000000 | 转折:1.000000 | 到来:1.000000 | 气氛:1.000000 | 转机:1.000000 | 峰回路转:1.000000,境地:0.036316 | 实况:0.018992 | 时间表:0.011195 | 焦点:0.011023 | 事态:0.010966
152,42,0.3858655531062517,-0.014855411156581627,0.5952380952380952,教室 | 房间 | 楼道 | 洗手间 | 卫生间 | 浴室 | 过道 | 病房 | 寝室 | 宿舍 | 楼梯 | 厕所,阳台 | 黑板 | 房间 | 楼梯 | 后备箱 | 过道 | 录音机 | 收音机,卫生间 | 厕所 | 操场 | 阳台 | 洗手间 | 轮椅 | 后备箱 | 宿舍 | 手术室 | 灯光 | 病房 | 行李,教室 | 房间 | 楼道 | 洗手间 | 卫生间 | 浴室 | 过道 | 病房 | 寝室 | 宿舍 | 楼梯 | 厕所 | 车厢 | 阳台 | 手术室 | 操场 | 机舱 | 更衣室 | 教学楼 | 大厅 | 阅览室 | 座位 | 电铃 | 病床 | 办公室 | 门铃 | 柜台 | 话筒 | 考场 | 看台 | 录音机 | 演播室 | 帐篷 | 黑板 | 后备箱 | 轮椅 | 滑梯 | 灯光 | 行李 | 前台 | 收音机 | 喇叭,41.97413253100512,0.9990455482174689,0.0010683150766022244,黑板:1.000000 | 话筒:1.000000 | 轮椅:1.000000 | 电铃:1.000000 | 灯光:1.000000 | 喇叭:1.000000 | 操场:1.000000 | 行李:1.000000 | 机舱:1.000000 | 病床:1.000000 | 门铃:1.000000 | 办公室:1.000000,
153,113,0.23252828808214948,-0.012767028556647141,0.584070796460177,月初 | 月底 | 年初 | 月份 | 今年 | 上旬 | 下旬 | 中旬 | 年底 | 上周 | 上个月 | 目前,提早 | 延长 | 工作日 | 逢 | 半数 | 随 | 总体 | 稍后,提早 | 明年 | 工作日 | 未 | 全国 | 年初 | 同期 | 拟 | 上周 | 当晚 | 月底 | 月初,月初 | 月底 | 年初 | 月份 | 今年 | 上旬 | 下旬 | 中旬 | 年底 | 上周 | 上个月 | 目前 | 近期 | 预计 | 去年 | 此前 | 全年 | 累计 | 截至 | 月 | 当日 | 迄今 | 同期 | 下个月 | 日 | 明年 | 共计 | 日前 | 季度 | 当天 | 今日 | 总共 | 届时 | 此次 | 近日 | 迄今为止 | 截止 | 前期 | 以来 | 周 | 明日 | 至此 | 年前 | 晚间 | 总计 | 一共 | 当晚 | 合计 | 次日 | 共 | 共有 | 当前 | 约 | 据 | 初步 | 年度 | 初期 | 中期 | 年 | 据悉 | 尚未 | 历时 | 继 | 时隔 | 仅 | 总体 | 为期 | 平均 | 正式 | 初 | 后年 | 前后 | 后期 | 大约 | 稍后 | 拟 | 其中 | 暂 | 日后 | 工作日 | 期 | 末 | 提前 | 自 | 其余 | 全国 | 季 | 早 | 未 | 至 | 由于 | 长达 | 全部 | 提早 | 因 | 综上所述 | 半数 | 基本 | 经过 | 相当于 | 首 | 人均 | 延长 | 受 | 由 | 各 | 初次 | 尚 | 依次 | 此 | 逢 | 随 | 致,112.01376578834503,0.986114961281373,0.009864962241479305,一共:1.000000 | 继:1.000000 | 当日:1.000000 | 今年:1.000000 | 次日:1.000000 | 总共:1.000000 | 大约:0.999999 | 全年:0.999999 | 月初:0.999999 | 年:0.999999 | 暂:0.999998 | 近期:0.999997,此外:0.094323 | 将近:0.057352 | 本:0.051589 | 期间:0.050435 | 高于:0.041558 | 为:0.040307 | 上期:0.035215 | 至今:0.026888
154,45,0.3317885383767025,-0.010218788989459354,0.5555555555555556,恩人 | 恩情 | 亲人 | 仇人 | 报答 | 宽恕 | 恩惠 | 好意 | 饶恕 | 亲爱 | 报仇 | 心意,老乡 | 主人 | 战友 | 儿女 | 皇上 | 好意 | 好心人 | 子孙,心 | 恩情 | 好意 | 性命 | 报仇 | 命 | 仇人 | 子孙 | 皇上 | 恩人 | 老乡 | 遗愿,恩人 | 恩情 | 亲人 | 仇人 | 报答 | 宽恕 | 恩惠 | 好意 | 饶恕 | 亲爱 | 报仇 | 心意 | 原谅 | 福气 | 心肠 | 孝敬 | 好心 | 儿女 | 命 | 遂心 | 好心人 | 知己 | 性命 | 保佑 | 子孙 | 皇上 | 托付 | 乡亲 | 恩赐 | 交情 | 好人 | 死心塌地 | 遗愿 | 老乡 | 发誓 | 战友 | 改邪归正 | 家乡 | 上帝 | 一生 | 主人 | 心 | 素不相识 | 从今以后 | 肯,44.96192217683185,0.9983944809375794,0.0016243592778120701,好心:1.000000 | 心意:1.000000 | 命:1.000000 | 遗愿:1.000000 | 恩人:1.000000 | 乡亲:1.000000 | 好心人:1.000000 | 恩惠:1.000000 | 报答:1.000000 | 遂心:1.000000 | 托付:1.000000 | 福气:1.000000,
155,43,0.2827593085776278,0.015490787385756283,0.3488372093023256,检测 | 检查 | 化验 | 验证 | 鉴定 | 检验 | 鉴别 | 辨别 | 查找 | 测定 | 辨认 | 试验,接到 | 接通 | 联系 | 补充 | 解剖 | 会诊 | 破解 | 记录,研制 | 检测 | 验证 | 破解 | 接触 | 第一手 | 复查 | 找出 | 查找 | 查出 | 接到 | 追踪,检测 | 检查 | 化验 | 验证 | 鉴定 | 检验 | 鉴别 | 辨别 | 查找 | 测定 | 辨认 | 试验 | 复查 | 研究 | 分辨 | 观察 | 筛选 | 搜集 | 实验 | 识别 | 查明 | 追踪 | 察看 | 查出 | 找出 | 调试 | 实地 | 会诊 | 跟踪 | 解剖 | 试用 | 改进 | 证明 | 记录 | 处理 | 研制 | 联系 | 破解 | 第一手 | 接通 | 接触 | 补充 | 接到,42.90601464599039,0.9972948877004933,0.00239700809316024,察看:1.000000 | 辨认:1.000000 | 查出:1.000000 | 试用:1.000000 | 分辨:1.000000 | 会诊:1.000000 | 观察:1.000000 | 检查:1.000000 | 辨别:1.000000 | 查明:1.000000 | 接触:1.000000 | 接到:1.000000,输入:0.010236
156,39,0.332596672629799,0.008812997208771128,0.46153846153846156,祝福 | 谢谢 | 祝 | 感谢 | 祝愿 | 恭喜 | 一路平安 | 朋友们 | 好运 | 开心 | 心想事成 | 哦,惊喜 | 放心 | 友人 | 团圆 | 荣幸 | 您 | 期待 | 萍水相逢,惊喜 | 放心 | 谢谢 | 喜事 | 萍水相逢 | 团圆 | 好运 | 保重 | 干杯 | 祝福 | 一路顺风 | 开心,祝福 | 谢谢 | 祝 | 感谢 | 祝愿 | 恭喜 | 一路平安 | 朋友们 | 好运 | 开心 | 心想事成 | 哦 | 保重 | 晚安 | 礼物 | 一路顺风 | 拜年 | 各位 | 荣幸 | 干杯 | 惊喜 | 捧场 | 加油 | 幸运 | 再见 | 欢迎 | 期待 | 喜事 | 团圆 | 生日 | 求婚 | 好友 | 爱心 | 萍水相逢 | 您 | 礼 | 友人 | 放心 | 定心丸,38.98986143093852,0.9991716333532599,0.0010463214021636737,惊喜:1.000000 | 恭喜:1.000000 | 喜事:1.000000 | 感谢:1.000000 | 加油:1.000000 | 爱心:1.000000 | 干杯:1.000000 | 谢谢:1.000000 | 礼物:1.000000 | 朋友们:1.000000 | 祝:1.000000 | 好运:1.000000,
157,92,0.29140352940872644,0.02226003297924484,0.30434782608695654,利息 | 学费 | 退休金 | 支出 | 费用 | 工资 | 生活费 | 补助 | 经费 | 税收 | 贷款 | 款项,公职 | 票 | 奖学金 | 买卖 | 公费 | 就业 | 岗位 | 低价,高额 | 合同 | 生活费 | 关税 | 抚养费 | 债务 | 筹措 | 抵押 | 工资 | 现金 | 养老金 | 经费,利息 | 学费 | 退休金 | 支出 | 费用 | 工资 | 生活费 | 补助 | 经费 | 税收 | 贷款 | 款项 | 补贴 | 开支 | 拨款 | 缴纳 | 数额 | 房租 | 报酬 | 奖金 | 抚养费 | 减免 | 手续费 | 财政 | 管理费 | 支付 | 津贴 | 交纳 | 偿还 | 报销 | 收支 | 还款 | 返还 | 债务 | 资助 | 薪水 | 预算 | 巨额 | 筹措 | 定金 | 资金 | 差额 | 担保 | 高额 | 补偿 | 现金 | 筹集 | 纳税 | 负担 | 公积金 | 奖学金 | 养老金 | 存款 | 征收 | 储蓄 | 抵押 | 奖励 | 费 | 利润 | 财力 | 关税 | 救济 | 公费 | 税 | 信贷 | 余额 | 援助 | 养老 | 大笔 | 财务 | 兑现 | 投入 | 回报 | 合同 | 活期 | 就业 | 公职 | 试用期 | 承包 | 权益 | 资本 | 一揽子 | 高价 | 私营 | 岗位 | 低价 | 合伙 | 购 | 买卖 | 权 | 单位 | 票,91.9243688005933,0.9856508878715711,0.008100971187885827,高价:1.000000 | 低价:1.000000 | 开支:1.000000 | 高额:1.000000 | 退休金:1.000000 | 大笔:1.000000 | 援助:1.000000 | 抚养费:1.000000 | 巨额:1.000000 | 生活费:1.000000 | 支出:1.000000 | 报酬:0.999998,外汇:0.471847 | 金额:0.347847 | 劳务:0.096865 | 理财:0.061740 | 信用:0.021020 | 会员:0.020229 | 抚恤:0.019952 | 方:0.018103
158,66,0.3450578170066997,0.01958946866527607,0.30303030303030304,幸亏 | 幸好 | 碰巧 | 没想到 | 听说 | 果然 | 知道 | 觉得 | 恰巧 | 那时候 | 怪不得 | 说真的,不得了 | 简直 | 算是 | 似的 | 叫 | 明白 | 莫过于 | 真的,说实话 | 得知 | 发现 | 幸亏 | 以为 | 那会儿 | 当真 | 看样子 | 果真 | 难怪 | 相信 | 跟,幸亏 | 幸好 | 碰巧 | 没想到 | 听说 | 果然 | 知道 | 觉得 | 恰巧 | 那时候 | 怪不得 | 说真的 | 真的 | 这会儿 | 居然 | 偏偏 | 可惜 | 那会儿 | 想不到 | 晓得 | 竟然 | 看样子 | 那时 | 要不是 | 当真 | 凑巧 | 好在 | 说实话 | 果真 | 刚好 | 碰上 | 难怪 | 发觉 | 感觉 | 当时 | 多亏 | 碰到 | 据说 | 正好 | 以为 | 料到 | 刚才 | 后来 | 不知 | 恰好 | 简直 | 遇上 | 现在 | 当初 | 遇到 | 明白 | 好多 | 得知 | 跟 | 发现 | 相信 | 以前 | 算是 | 似的 | 叫 | 不得了 | 偶然 | 还有 | 一模一样 | 过 | 莫过于,66.08517143201084,0.9943093614847404,0.005042831809582714,据说:1.000000 | 得知:1.000000 | 居然:1.000000 | 恰巧:1.000000 | 幸亏:1.000000 | 听说:1.000000 | 凑巧:1.000000 | 果然:1.000000 | 一模一样:1.000000 | 竟然:0.999999 | 碰巧:0.999999 | 晓得:0.999999,告诉:0.152061 | 这时候:0.083904 | 这么:0.065841 | 又:0.029182 | 从没:0.023564 | 可是:0.018229 | 原来:0.015545 | 好像:0.014296
159,59,0.27023733360689783,-0.004258235511159154,0.5932203389830508,孕育 | 造就 | 焕发 | 汇聚 | 体现 | 凝聚 | 涌现 | 创造 | 凸显 | 形成 | 呈现 | 汇集,展示 | 扩展 | 竞争 | 打破 | 发掘 | 发扬光大 | 革新 | 纵观,伴随 | 竞争 | 注入 | 发掘 | 涌现 | 蕴藏 | 浓缩 | 奠定 | 开创 | 渗透 | 传承 | 凸显,孕育 | 造就 | 焕发 | 汇聚 | 体现 | 凝聚 | 涌现 | 创造 | 凸显 | 形成 | 呈现 | 汇集 | 延续 | 蕴藏 | 确立 | 奠定 | 展示 | 融入 | 诞生 | 开创 | 再现 | 增添 | 承载 | 营造 | 重现 | 传承 | 壮大 | 聚集 | 演变 | 吸引 | 预示 | 掀起 | 折射 | 贯穿 | 渗透 | 秉承 | 带来 | 扩展 | 注入 | 崛起 | 占据 | 发扬光大 | 成为 | 伴随 | 转化 | 遍布 | 浓缩 | 历经 | 吸取 | 萌发 | 涌入 | 打破 | 发掘 | 主导 | 萌芽 | 竞争 | 革新 | 纵观 | 联想,58.99655601543306,0.9970432372649735,0.0029663029884437987,孕育:1.000000 | 焕发:1.000000 | 再现:1.000000 | 聚集:1.000000 | 诞生:1.000000 | 吸引:1.000000 | 蕴藏:1.000000 | 汇集:1.000000 | 涌入:1.000000 | 重现:1.000000 | 增添:1.000000 | 贯穿:1.000000,赢得:0.041517 | 扩张:0.027353 | 积淀:0.022019 | 效仿:0.010533
160,52,0.29899718850667906,0.001868280813873857,0.46153846153846156,答复 | 发言 | 表态 | 回信 | 汇报 | 公开信 | 意见 | 宣读 | 讲话 | 提议 | 谈话 | 演说,转告 | 交代 | 赞同 | 出面 | 转达 | 解释 | 谅解 | 表扬,拍板 | 公开信 | 汇报 | 声明 | 座谈 | 致辞 | 座谈会 | 检讨 | 表态 | 通告 | 答复 | 议,答复 | 发言 | 表态 | 回信 | 汇报 | 公开信 | 意见 | 宣读 | 讲话 | 提议 | 谈话 | 演说 | 座谈 | 提问 | 辩论 | 转达 | 通报 | 提出 | 决议 | 陈述 | 回应 | 转告 | 发表 | 来信 | 声明 | 致辞 | 征求 | 检讨 | 通告 | 答辩 | 解释 | 赞同 | 澄清 | 表扬 | 采纳 | 点名 | 倡议 | 异议 | 草案 | 座谈会 | 同意 | 此事 | 谅解 | 重申 | 起草 | 出面 | 议题 | 口头 | 赞成 | 议 | 交代 | 拍板,52.235012871050564,0.9983504644749014,0.0016229224234930247,转达:1.000000 | 转告:1.000000 | 宣读:1.000000 | 辩论:1.000000 | 澄清:1.000000 | 出面:1.000000 | 演说:1.000000 | 汇报:1.000000 | 赞同:1.000000 | 陈述:1.000000 | 检讨:1.000000 | 表扬:1.000000,议程:0.214589 | 大会:0.028933 | 贺信:0.023123 | 主张:0.012021
161,40,0.3125221925756264,-0.008592554184451092,0.45,加热 | 冲洗 | 干燥 | 浸泡 | 脱落 | 温度 | 凝固 | 溶解 | 磨损 | 清洗 | 愈合 | 搅拌,切除 | 搅拌 | 注射 | 斑点 | 按摩 | 浸泡 | 保暖 | 止血,切除 | 磨损 | 燃烧 | 干燥 | 寿命 | 温度 | 融化 | 加热 | 破碎 | 包扎 | 残留 | 振动,加热 | 冲洗 | 干燥 | 浸泡 | 脱落 | 温度 | 凝固 | 溶解 | 磨损 | 清洗 | 愈合 | 搅拌 | 湿度 | 缝合 | 包扎 | 水温 | 通风 | 透气 | 结冰 | 密封 | 融化 | 燃烧 | 止血 | 切除 | 保养 | 保暖 | 破碎 | 注射 | 修补 | 残留 | 生长 | 按摩 | 振动 | 复原 | 斑点 | 分解 | 减压 | 调节 | 休眠 | 寿命,40.02858973116112,0.999649738814344,0.0005040422429872397,浸泡:1.000000 | 包扎:1.000000 | 融化:1.000000 | 冲洗:1.000000 | 减压:1.000000 | 缝合:1.000000 | 水温:1.000000 | 保养:1.000000 | 通风:1.000000 | 复原:1.000000 | 保暖:1.000000 | 寿命:1.000000,新陈代谢:0.021626
162,48,0.28706216451892086,-0.031629342083960336,0.7916666666666666,做生意 | 应酬 | 大款 | 请客 | 零花钱 | 穷人 | 交朋友 | 送礼 | 便饭 | 乞丐 | 演戏 | 钱财,上班族 | 演戏 | 伙食 | 管教 | 打仗 | 理发 | 讨价还价 | 钱财,苦力 | 让座 | 私事 | 蓝领 | 演戏 | 炒股 | 理发 | 拍戏 | 请客 | 待遇 | 零花钱 | 门当户对,做生意 | 应酬 | 大款 | 请客 | 零花钱 | 穷人 | 交朋友 | 送礼 | 便饭 | 乞丐 | 演戏 | 钱财 | 私房钱 | 苦力 | 打官司 | 小费 | 私事 | 家务 | 富人 | 谋生 | 走后门 | 公事 | 打仗 | 家教 | 雇 | 富翁 | 乞讨 | 算账 | 理发 | 炒股 | 办事 | 拍戏 | 打交道 | 生意 | 讨价还价 | 白领 | 跑龙套 | 上班族 | 让座 | 富豪 | 管教 | 下海 | 门当户对 | 蓝领 | 跳槽 | 伙食 | 待遇 | 平日,48.03382757423498,0.9992044125013805,0.0009015897452454544,送礼:1.000000 | 小费:1.000000 | 公事:1.000000 | 苦力:1.000000 | 私事:1.000000 | 私房钱:1.000000 | 零花钱:1.000000 | 谋生:1.000000 | 乞丐:1.000000 | 应酬:1.000000 | 大款:1.000000 | 乞讨:1.000000,钱:0.059877
163,68,0.2665290055495228,-0.005033847901197513,0.5588235294117647,农民 | 群众 | 农村 | 山区 | 城乡 | 牧民 | 民工 | 干部 | 部队 | 职工 | 基层 | 居民,灾 | 运输 | 受灾 | 常年 | 外地 | 师生 | 报社 | 境内,医务 | 前线 | 物资 | 城乡 | 国家 | 官兵 | 公安局 | 队伍 | 卫生 | 后勤 | 市区 | 灾区,农民 | 群众 | 农村 | 山区 | 城乡 | 牧民 | 民工 | 干部 | 部队 | 职工 | 基层 | 居民 | 边远 | 官兵 | 城镇 | 农民工 | 渔民 | 工人 | 受灾 | 郊区 | 劳动 | 灾区 | 机关 | 医务 | 劳动力 | 治安 | 市区 | 修路 | 耕地 | 贫困 | 边疆 | 各地 | 师生 | 公安 | 救灾 | 当地 | 下乡 | 卫生 | 物资 | 边境 | 大队 | 人口 | 移民 | 沿线 | 后勤 | 合作社 | 前线 | 拆迁 | 土地 | 税务 | 外地 | 纳税人 | 千家万户 | 国土 | 公安局 | 灾 | 首都 | 本地 | 运输 | 人力 | 队伍 | 公益性 | 境内 | 报社 | 周边 | 国家 | 两岸 | 常年,68.5136075422565,0.9950704046250645,0.0045833789217910835,修路:1.000000 | 常年:1.000000 | 贫困:1.000000 | 边远:1.000000 | 牧民:1.000000 | 土地:1.000000 | 物资:1.000000 | 国土:0.999999 | 民工:0.999999 | 渔民:0.999999 | 工人:0.999998 | 农民:0.999997,海关:0.273805 | 改革开放:0.163779 | 邮政:0.121394 | 法院:0.047522 | 联邦:0.038074 | 过境:0.032199 | 城区:0.022724 | 公共:0.015481
164,59,0.28257601299939966,-0.0021374361745952106,0.5084745762711864,往返 | 乘坐 | 绕行 | 搭乘 | 乘车 | 抵达 | 步行 | 到达 | 行驶 | 途中 | 飞往 | 沿途,夜间 | 下山 | 日夜 | 此处 | 地段 | 停放 | 昼夜 | 疏散,沿途 | 运送 | 日夜 | 途中 | 临时 | 绕行 | 入境 | 往返 | 路程 | 行程 | 避难 | 地点,往返 | 乘坐 | 绕行 | 搭乘 | 乘车 | 抵达 | 步行 | 到达 | 行驶 | 途中 | 飞往 | 沿途 | 降落 | 路程 | 徒步 | 运送 | 路途 | 停泊 | 驾车 | 返回 | 过境 | 行程 | 滞留 | 直达 | 长途 | 乘 | 来回 | 进出 | 来往 | 登机 | 巡逻 | 中途 | 撤离 | 目的地 | 停放 | 等候 | 入境 | 疏散 | 距 | 下山 | 距离 | 避难 | 离 | 出发 | 越过 | 地点 | 往来 | 夜间 | 附近 | 昼夜 | 补给 | 预定 | 汇合 | 日夜 | 地段 | 此处 | 遇 | 临时 | 其间,59.00527030332389,0.9976169943864106,0.0025251041729759745,途中:1.000000 | 驾车:1.000000 | 到达:1.000000 | 路途:1.000000 | 路程:1.000000 | 返回:1.000000 | 遇:1.000000 | 运送:1.000000 | 日夜:1.000000 | 昼夜:1.000000 | 行程:1.000000 | 往返:1.000000,出境:0.042317 | 渡过:0.011366 | 交界:0.010716
165,38,0.26270785904578703,-0.027068567375388868,0.7368421052631579,证据 | 疑点 | 确凿 | 错误 | 过错 | 过失 | 证人 | 物证 | 机密 | 清楚 | 秘密 | 疏忽,命令 | 妥当 | 书面 | 嫌疑 | 匿名 | 清楚 | 详细 | 改正,情报 | 秘密 | 错误 | 疑点 | 过失 | 事后 | 可疑 | 改正 | 身份 | 无效 | 不便 | 匿名,证据 | 疑点 | 确凿 | 错误 | 过错 | 过失 | 证人 | 物证 | 机密 | 清楚 | 秘密 | 疏忽 | 可疑 | 差错 | 确切 | 保密 | 嫌疑 | 情报 | 如实 | 妥当 | 线索 | 无可奉告 | 隐私 | 来龙去脉 | 事后 | 指示 | 补救 | 不便 | 指令 | 书面 | 命令 | 改正 | 身份 | 去向 | 对方 | 匿名 | 详细 | 无效,38.035555086289335,0.9998208448384802,0.00028017893733831516,可疑:1.000000 | 命令:1.000000 | 补救:1.000000 | 去向:1.000000 | 隐私:1.000000 | 情报:1.000000 | 机密:1.000000 | 物证:1.000000 | 身份:1.000000 | 指令:1.000000 | 清楚:1.000000 | 证人:0.999999,一目了然:0.024271 | 凶手:0.010808
166,53,0.21739741997323755,-0.049527423502770854,0.9245283018867925,顶级 | 精品 | 畅销 | 经典 | 原装 | 新款 | 热门 | 全新 | 超级 | 山寨 | 明星 | 正版,老字号 | 附件 | 跑车 | 苹果 | 棒 | 流量 | 说明书 | 创意,成功 | 重量级 | 万能 | 排行榜 | 系列 | 山寨 | 环球 | 版 | 超级 | 顶级 | 成功率 | 全新,顶级 | 精品 | 畅销 | 经典 | 原装 | 新款 | 热门 | 全新 | 超级 | 山寨 | 明星 | 正版 | 国产 | 全能 | 水货 | 冷门 | 重量级 | 版 | 系列 | 无敌 | 口碑 | 酷 | 跑车 | 创意 | 人气 | 独家 | 排行榜 | 设计师 | 黑马 | 二手 | 家用 | 最佳 | 新手 | 万能 | 牌 | 袖珍 | 老字号 | 苹果 | 高级 | 商城 | 成功 | 合格 | 环球 | 流量 | 专用 | 团队 | 出厂 | 资讯 | 说明书 | 棒 | 成功率 | 代号 | 附件,52.835174979028324,0.9925915871388041,0.00596897990512425,热门:1.000000 | 无敌:1.000000 | 冷门:1.000000 | 超级:1.000000 | 最佳:1.000000 | 畅销:1.000000 | 万能:1.000000 | 全能:1.000000 | 酷:1.000000 | 高级:0.999999 | 成功率:0.999999 | 水货:0.999999,家电:0.097933 | 电器:0.038313 | 车展:0.020255 | 服务器:0.010713
167,41,0.2932691050872937,-0.010214631697241057,0.6097560975609756,写 | 学 | 读 | 唱 | 念 | 聊 | 练 | 讲 | 演 | 谈 | 考 | 教,戳 | 画 | 拍 | 考 | 八卦 | 唱 | 读 | 看,答 | 审 | 训 | 猜 | 八卦 | 曰 | 辞 | 传 | 识 | 教 | 闻 | 聊,写 | 学 | 读 | 唱 | 念 | 聊 | 练 | 讲 | 演 | 谈 | 考 | 教 | 猜 | 删 | 拍 | 辩 | 看 | 录 | 查 | 画 | 答 | 编 | 奏 | 识 | 辞 | 记 | 举 | 闻 | 搜 | 评 | 译 | 训 | 审 | 传 | 曰 | 遍 | 照 | 理 | 戳 | 赏 | 八卦,40.93332711136024,0.9980979873693148,0.0015151327318538425,读:1.000000 | 学:1.000000 | 念:1.000000 | 教:1.000000 | 唱:1.000000 | 考:1.000000 | 查:1.000000 | 写:1.000000 | 演:1.000000 | 聊:1.000000 | 辩:1.000000 | 训:1.000000,
168,33,0.39053569986457193,0.03983676328918027,0.24242424242424243,肌肉 | 颈部 | 皮肤 | 胸部 | 腹部 | 关节 | 肢体 | 身体 | 血管 | 全身 | 气管 | 心脏,伤口 | 站立 | 牙齿 | 下坠 | 姿势 | 浮力 | 身体 | 头部,心脏 | 颈部 | 气管 | 伤口 | 呼吸 | 知觉 | 嗅觉 | 站立 | 身体 | 大脑 | 下坠 | 肢体,肌肉 | 颈部 | 皮肤 | 胸部 | 腹部 | 关节 | 肢体 | 身体 | 血管 | 全身 | 气管 | 心脏 | 面部 | 呼吸 | 牙齿 | 伤口 | 动脉 | 部位 | 肌肤 | 大脑 | 神经 | 穴位 | 体温 | 头部 | 触觉 | 知觉 | 咽喉 | 嗅觉 | 姿势 | 站立 | 下坠 | 腔 | 浮力,32.99365763092363,0.9997709391807055,0.0003117106538106831,大脑:1.000000 | 颈部:1.000000 | 神经:1.000000 | 咽喉:1.000000 | 肢体:1.000000 | 身体:1.000000 | 头部:1.000000 | 知觉:1.000000 | 站立:1.000000 | 下坠:1.000000 | 面部:1.000000 | 肌肉:1.000000,
169,26,0.30729169014202884,-0.029059023900053063,0.7307692307692307,时髦 | 气派 | 阔绰 | 讨人喜欢 | 漂亮 | 抢眼 | 显眼 | 时尚 | 豪华 | 尊贵 | 奢侈 | 与众不同,看重 | 十足 | 感兴趣 | 漂亮 | 火暴 | 喜爱 | 讨人喜欢 | 装扮,尊贵 | 时髦 | 十足 | 鹤立鸡群 | 奢侈 | 显眼 | 阔绰 | 热衷 | 火暴 | 品位 | 气派 | 看重,时髦 | 气派 | 阔绰 | 讨人喜欢 | 漂亮 | 抢眼 | 显眼 | 时尚 | 豪华 | 尊贵 | 奢侈 | 与众不同 | 新潮 | 低调 | 装扮 | 热衷 | 喜爱 | 看重 | 鹤立鸡群 | 十足 | 高调 | 逊色 | 火暴 | 标致 | 品位 | 感兴趣,26.00484218360685,0.9999898339602306,0.0000215222769151066,阔绰:1.000000 | 奢侈:1.000000 | 气派:1.000000 | 豪华:1.000000 | 尊贵:1.000000 | 火暴:1.000000 | 十足:1.000000 | 高调:1.000000 | 喜爱:1.000000 | 热衷:1.000000 | 抢眼:1.000000 | 时髦:1.000000,
170,89,0.31073541120456405,0.027718323700228694,0.3595505617977528,公交车 | 车辆 | 出租车 | 公共汽车 | 列车 | 火车 | 电车 | 大巴 | 货车 | 私家车 | 停车场 | 警车,俱乐部 | 公园 | 办公 | 住户 | 场馆 | 小区 | 场地 | 公寓,艘 | 码头 | 货物 | 俱乐部 | 慢车 | 安检 | 船 | 路况 | 巴士 | 出租 | 警车 | 卧铺,公交车 | 车辆 | 出租车 | 公共汽车 | 列车 | 火车 | 电车 | 大巴 | 货车 | 私家车 | 停车场 | 警车 | 慢车 | 巴士 | 乘客 | 车站 | 车 | 卧铺 | 地铁 | 缆车 | 司机 | 地铁站 | 车道 | 停车位 | 路段 | 卡车 | 救护车 | 停车 | 电梯 | 辆 | 飞机 | 机场 | 自行车 | 航班 | 旅客 | 公车 | 车位 | 电动车 | 轿车 | 车主 | 快车 | 摩托 | 行人 | 机动车 | 高铁 | 码头 | 路口 | 交警 | 线路 | 客机 | 隧道 | 轮船 | 出租 | 马车 | 站台 | 船 | 售票 | 路况 | 加油站 | 特快 | 船舶 | 货物 | 渔船 | 小区 | 违章 | 天桥 | 吉普 | 景区 | 跑道 | 客流 | 安检 | 直升机 | 场馆 | 公园 | 物业 | 艘 | 公寓 | 旅行社 | 住户 | 场地 | 公务 | 保安 | 住宅 | 海关 | 领事馆 | 出境 | 无线电 | 办公 | 俱乐部,89.87056733638818,0.9936399210456178,0.004048137649246113,警车:1.000000 | 场地:1.000000 | 摩托:1.000000 | 电梯:1.000000 | 停车位:1.000000 | 停车场:1.000000 | 出租车:1.000000 | 大巴:1.000000 | 车站:1.000000 | 电车:1.000000 | 违章:0.999999 | 车位:0.999999,集装箱:0.403581 | 汽车:0.338581 | 公共:0.176806 | 高速公路:0.157467 | 航空:0.103120 | 货运:0.041301 | 海域:0.030385 | 坦克:0.029983
171,65,0.29971767495726914,0.02150769236340722,0.3384615384615385,加剧 | 增大 | 减弱 | 缓解 | 萎缩 | 降低 | 加重 | 减少 | 增加 | 恶化 | 减轻 | 升高,预见 | 抑制 | 复苏 | 困扰 | 制约 | 维持 | 衰退 | 发酵,出现 | 萎缩 | 饱和 | 引发 | 加剧 | 遭遇 | 升温 | 波及 | 加深 | 消化 | 缩小 | 维持,加剧 | 增大 | 减弱 | 缓解 | 萎缩 | 降低 | 加重 | 减少 | 增加 | 恶化 | 减轻 | 升高 | 改善 | 衰减 | 显现 | 缩小 | 消除 | 导致 | 抑制 | 抵消 | 升温 | 收缩 | 造成 | 衰退 | 扩大 | 影响 | 增多 | 加深 | 引发 | 延缓 | 扭转 | 产生 | 出现 | 挤压 | 膨胀 | 蔓延 | 改变 | 消失 | 降温 | 释放 | 引起 | 扩张 | 波及 | 制约 | 淡化 | 分化 | 刺激 | 发生 | 冲击 | 消化 | 爆发 | 恢复 | 复苏 | 流失 | 维持 | 发酵 | 饱和 | 面临 | 困扰 | 遭遇 | 存在 | 达到 | 处于 | 预见 | 处在,64.789984980281,0.9945941599413338,0.003558728111400807,抑制:1.000000 | 降温:1.000000 | 困扰:1.000000 | 缓解:1.000000 | 刺激:1.000000 | 升温:1.000000 | 消化:1.000000 | 发生:1.000000 | 导致:1.000000 | 挤压:1.000000 | 出现:1.000000 | 发酵:1.000000,延长:0.021216 | 打破:0.021002 | 保持:0.015734 | 衰竭:0.013448 | 弥补:0.012621 | 消耗:0.012285 | 接近:0.011387
172,47,0.2503521670923704,-0.018019495225579944,0.6595744680851063,承受 | 积累 | 弥补 | 掌握 | 适应 | 满足 | 承担 | 解决 | 依靠 | 经受 | 克服 | 拥有,坚守 | 缺失 | 保护 | 消耗 | 超越 | 打磨 | 摸索 | 成长,消耗 | 承受 | 肩负 | 沉淀 | 经受 | 保护 | 占有 | 考虑 | 成长 | 超越 | 获取 | 积蓄,承受 | 积累 | 弥补 | 掌握 | 适应 | 满足 | 承担 | 解决 | 依靠 | 经受 | 克服 | 拥有 | 依赖 | 兼顾 | 分担 | 培养 | 获取 | 填补 | 缺少 | 肩负 | 占有 | 消耗 | 赋予 | 衡量 | 利用 | 磨合 | 把握 | 提供 | 沉淀 | 继承 | 替代 | 权衡 | 缺失 | 接纳 | 考虑 | 生存 | 吸收 | 打磨 | 坚守 | 摸索 | 保护 | 享有 | 超越 | 从事 | 积蓄 | 成长 | 下一代,46.6007111520334,0.9904386000491465,0.005569800226497025,克服:1.000000 | 积累:1.000000 | 培养:1.000000 | 沉淀:1.000000 | 适应:1.000000 | 打磨:1.000000 | 成长:1.000000 | 接纳:1.000000 | 磨合:0.999999 | 依靠:0.999999 | 积蓄:0.999999 | 拥有:0.999999,担负:0.019451
173,51,0.26364032950459443,-0.020527308560892785,0.6470588235294118,辉煌 | 光辉 | 瑰宝 | 凯歌 | 脊梁 | 复兴 | 硕果 | 光彩 | 奇迹 | 宝库 | 胜利 | 昌盛,蓬勃 | 愚公移山 | 国宝 | 界 | 心血 | 生机 | 纪实 | 宝藏,昌盛 | 英雄 | 贡献 | 鹏程万里 | 中华 | 长征 | 半边天 | 历程 | 里程碑 | 愚公移山 | 万古长青 | 汪洋,辉煌 | 光辉 | 瑰宝 | 凯歌 | 脊梁 | 复兴 | 硕果 | 光彩 | 奇迹 | 宝库 | 胜利 | 昌盛 | 传奇 | 历程 | 光荣 | 繁荣 | 旗帜 | 英雄 | 万古长青 | 宝藏 | 生机 | 鹏程万里 | 友谊 | 光明 | 足迹 | 开天辟地 | 事迹 | 振兴 | 曙光 | 蓝图 | 里程碑 | 堡垒 | 摇篮 | 蓬勃 | 心血 | 血脉 | 丰收 | 半边天 | 长征 | 功臣 | 家园 | 栋梁 | 中华 | 贡献 | 愚公移山 | 国宝 | 风云 | 启迪 | 纪实 | 汪洋 | 界,50.99074680681813,0.9981196166569964,0.0019791988795130606,脊梁:1.000000 | 瑰宝:1.000000 | 旗帜:1.000000 | 硕果:1.000000 | 传奇:1.000000 | 摇篮:1.000000 | 生机:1.000000 | 半边天:1.000000 | 蓬勃:1.000000 | 国宝:1.000000 | 凯歌:1.000000 | 辉煌:1.000000,飞跃:0.022205 | 世纪:0.012336
174,70,0.33567658859466404,0.04341576068431533,0.22857142857142856,傍晚 | 夜晚 | 早晨 | 冬天 | 清晨 | 夜里 | 时节 | 晚上 | 中午 | 夏天 | 秋天 | 星期天,剧组 | 人数 | 长假 | 段 | 国庆 | 晚上 | 早上 | 春节,下雨 | 段 | 季节 | 剧组 | 冬季 | 来年 | 夏天 | 节气 | 国庆 | 早晨 | 零下 | 晚,傍晚 | 夜晚 | 早晨 | 冬天 | 清晨 | 夜里 | 时节 | 晚上 | 中午 | 夏天 | 秋天 | 星期天 | 清明节 | 腊月 | 阴天 | 除夕 | 季节 | 早上 | 晴朗 | 春节 | 下雪 | 下午 | 元旦 | 冬季 | 炎热 | 深夜 | 夏季 | 下雨 | 晴天 | 春天 | 周末 | 春季 | 天气 | 节气 | 星期日 | 凌晨 | 秋季 | 风和日丽 | 气温 | 上午 | 一早 | 农历 | 长假 | 清明 | 晚 | 旺季 | 国庆 | 每逢 | 初一 | 淡季 | 零下 | 四季 | 多云 | 高峰期 | 夜 | 黎明 | 过后 | 瑞雪 | 时段 | 高温 | 临近 | 摄氏度 | 高峰 | 往年 | 来年 | 期间 | 年终 | 剧组 | 段 | 人数,69.99202123487885,0.9946136340851205,0.0036617793225546267,冬天:1.000000 | 秋天:1.000000 | 夏季:1.000000 | 春季:1.000000 | 清晨:1.000000 | 夏天:1.000000 | 秋季:1.000000 | 冬季:1.000000 | 时节:1.000000 | 晴朗:1.000000 | 季节:1.000000 | 节气:1.000000,端午节:0.212518 | 一大早:0.029246 | 天:0.027035 | 工作日:0.024717 | 前夕:0.019357
175,78,0.295779022830362,-0.0009710297848639305,0.5,似乎 | 显然 | 却 | 反倒 | 实际上 | 仍旧 | 仍然 | 不仅 | 依然 | 却是 | 反而 | 依旧,如果说 | 从没 | 不光 | 究竟 | 看得出 | 当年 | 注定 | 原来,颇 | 从来 | 如果说 | 反倒 | 从此 | 恰恰相反 | 原先 | 并非 | 相对而言 | 之所以 | 仅仅 | 由此看来,似乎 | 显然 | 却 | 反倒 | 实际上 | 仍旧 | 仍然 | 不仅 | 依然 | 却是 | 反而 | 依旧 | 不但 | 虽 | 从来 | 看似 | 原本 | 不光 | 不仅仅 | 并非 | 同样 | 早已 | 仅仅 | 无疑 | 向来 | 事实上 | 更是 | 正是 | 早就 | 尽管 | 一向 | 可谓 | 一直 | 恰恰相反 | 看来 | 本身 | 则 | 原来 | 如今 | 仍 | 丝毫 | 比起 | 之所以 | 曾经 | 已经 | 相反 | 起初 | 如果说 | 绝对 | 究竟 | 原先 | 最初 | 相对而言 | 注定 | 相比之下 | 便是 | 由此看来 | 看得出 | 越发 | 眼下 | 取而代之 | 颇 | 可见 | 从前 | 从未 | 只有 | 由此可见 | 众所周知 | 正如 | 不止 | 自从 | 相比 | 从此 | 从没 | 先前 | 唯一 | 当年 | 背后,77.78726243905761,0.9891386847172359,0.007005252311714807,依旧:1.000000 | 一向:1.000000 | 相反:1.000000 | 向来:1.000000 | 可谓:1.000000 | 仍旧:1.000000 | 依然:1.000000 | 原先:1.000000 | 显然:0.999999 | 相对而言:0.999999 | 不仅:0.999999 | 曾经:0.999999,其次:0.127427 | 完全:0.116648 | 倒是:0.082123 | 难怪:0.058280 | 至少:0.026233 | 然而:0.018552 | 另:0.013297 | 恰恰:0.012239
176,46,0.21097271612905605,-0.035314013119235835,0.9347826086956522,验 | 移 | 试 | 登 | 合 | 建 | 裁 | 采 | 迁 | 征 | 运 | 调,勿 | 攀 | 披 | 派 | 播 | 映 | 封 | 行,产 | 置 | 解 | 采 | 代 | 派 | 混 | 设 | 附 | 迁 | 映 | 同,验 | 移 | 试 | 登 | 合 | 建 | 裁 | 采 | 迁 | 征 | 运 | 调 | 测 | 入 | 解 | 配 | 延 | 置 | 附 | 设 | 结 | 混 | 临 | 标 | 招 | 产 | 播 | 妥 | 制 | 准 | 攀 | 披 | 映 | 列 | 行 | 注 | 封 | 依 | 关 | 勿 | 代 | 凡 | 跨 | 丙 | 同 | 派,46.019653527571265,0.9968641028288879,0.0030254304751257317,配:1.000000 | 登:1.000000 | 设:1.000000 | 验:1.000000 | 迁:1.000000 | 裁:1.000000 | 依:1.000000 | 凡:1.000000 | 播:0.999999 | 试:0.999999 | 跨:0.999999 | 派:0.999999,六:0.048045 | 系:0.025881 | 原:0.023830 | 七:0.018366 | 号:0.011778 | 传:0.010482 | 探:0.010059
177,39,0.3436605665036331,0.026870183974867803,0.23076923076923078,描绘 | 描写 | 叙述 | 诉说 | 歌颂 | 表达 | 烘托 | 展现 | 领略 | 感受 | 讲述 | 领悟,崇拜 | 缅怀 | 赞美 | 思索 | 心目 | 打动 | 审视 | 熏陶,表达 | 揣摩 | 描绘 | 审视 | 领会 | 烘托 | 缅怀 | 呼应 | 叙述 | 歌颂 | 衬托 | 崇拜,描绘 | 描写 | 叙述 | 诉说 | 歌颂 | 表达 | 烘托 | 展现 | 领略 | 感受 | 讲述 | 领悟 | 赞美 | 勾画 | 欣赏 | 塑造 | 倾诉 | 流露 | 揣摩 | 体会 | 衬托 | 领会 | 演绎 | 思索 | 唤起 | 描述 | 探求 | 缅怀 | 倾听 | 打动 | 陶冶 | 蕴涵 | 审视 | 模仿 | 熏陶 | 崇拜 | 形容 | 呼应 | 心目,38.99967969337115,0.9998956788423539,0.00016867978518860993,叙述:1.000000 | 歌颂:1.000000 | 描写:1.000000 | 烘托:1.000000 | 呼应:1.000000 | 熏陶:1.000000 | 流露:1.000000 | 欣赏:1.000000 | 唤起:1.000000 | 模仿:1.000000 | 陶冶:1.000000 | 崇拜:1.000000,
178,47,0.42390179901290775,0.1364374453633401,0.0425531914893617,舞蹈 | 歌剧 | 戏剧 | 民歌 | 歌舞 | 戏曲 | 诗歌 | 演奏 | 独唱 | 演唱 | 乐曲 | 京剧,趣味 | 幕 | 改编 | 礼仪 | 国歌 | 古典 | 民俗 | 素描,民歌 | 演唱 | 散文 | 表演 | 独唱 | 诗歌 | 戏曲 | 改编 | 绘画 | 书法 | 文艺 | 幕,舞蹈 | 歌剧 | 戏剧 | 民歌 | 歌舞 | 戏曲 | 诗歌 | 演奏 | 独唱 | 演唱 | 乐曲 | 京剧 | 合唱 | 歌唱 | 绘画 | 话剧 | 杂技 | 交响乐 | 表演 | 艺术 | 伴奏 | 朗诵 | 秧歌 | 创作 | 国画 | 抒情 | 散文 | 剧目 | 旋律 | 书法 | 美术 | 歌咏 | 小品 | 中国画 | 舞 | 文艺 | 古典 | 马戏 | 素描 | 民俗 | 茶道 | 鉴赏 | 国歌 | 趣味 | 改编 | 礼仪 | 幕,46.97258556643651,0.9993271201555014,0.0008063279851846303,演奏:1.000000 | 歌唱:1.000000 | 演唱:1.000000 | 合唱:1.000000 | 歌咏:1.000000 | 歌舞:1.000000 | 独唱:1.000000 | 抒情:1.000000 | 鉴赏:1.000000 | 旋律:1.000000 | 茶道:1.000000 | 朗诵:1.000000,
179,49,0.27918166848404924,-0.0039141675883801645,0.5102040816326531,后裔 | 祭祀 | 祖先 | 皇室 | 传说 | 世袭 | 后代 | 古代 | 习俗 | 相传 | 供奉 | 后人,晚年 | 谜 | 陪葬 | 宫 | 主人公 | 葬 | 孪生 | 称呼,生平 | 族 | 宫廷 | 主人公 | 遗产 | 帝国 | 称呼 | 家族 | 皇室 | 葬 | 供奉 | 宫,后裔 | 祭祀 | 祖先 | 皇室 | 传说 | 世袭 | 后代 | 古代 | 习俗 | 相传 | 供奉 | 后人 | 姓氏 | 风俗 | 贵族 | 祭 | 宫廷 | 朝代 | 葬 | 家族 | 血缘 | 来历 | 记载 | 世代 | 圣贤 | 象征 | 陪葬 | 称呼 | 由来 | 化身 | 僧人 | 生平 | 王国 | 族 | 宫 | 遗产 | 晚年 | 使者 | 帝国 | 掌管 | 公元 | 主人公 | 风水 | 孪生 | 长寿 | 乃 | 干戈 | 上流 | 谜,49.16111456845439,0.9994897016095549,0.0006866019018542989,供奉:1.000000 | 祭祀:1.000000 | 相传:1.000000 | 葬:1.000000 | 来历:1.000000 | 皇室:1.000000 | 记载:1.000000 | 祭:1.000000 | 习俗:1.000000 | 后人:1.000000 | 长寿:1.000000 | 世袭:1.000000,之:0.047788 | 大片:0.038020 | 作者:0.021775 | 称作:0.012435 | 古今中外:0.011110
180,50,0.32488482837010335,-0.0008494755036512921,0.5,工艺品 | 首饰 | 刺绣 | 礼品 | 瓷器 | 家具 | 珠宝 | 服装 | 装饰 | 地毯 | 图案 | 古董,外衣 | 名片 | 乐器 | 油画 | 地毯 | 招牌 | 奖品 | 雕塑,花卉 | 时装 | 吉祥物 | 文具 | 肖像 | 特制 | 首饰 | 服饰 | 油画 | 贝壳 | 刺绣 | 藏品,工艺品 | 首饰 | 刺绣 | 礼品 | 瓷器 | 家具 | 珠宝 | 服装 | 装饰 | 地毯 | 图案 | 古董 | 服饰 | 玩具 | 丝绸 | 雕塑 | 文具 | 时装 | 邮票 | 婚纱 | 藏品 | 贺卡 | 物品 | 年画 | 宝石 | 油画 | 款式 | 花卉 | 画册 | 用品 | 道具 | 摆设 | 乐器 | 肖像 | 灯笼 | 手工 | 收藏 | 鲜花 | 水晶 | 吉祥物 | 海报 | 钻石 | 贝壳 | 彩色 | 奖品 | 花样 | 名片 | 特制 | 外衣 | 招牌,49.83860103049188,0.9945862065086384,0.0043604050590727575,道具:1.000000 | 刺绣:1.000000 | 招牌:1.000000 | 丝绸:1.000000 | 物品:1.000000 | 摆设:1.000000 | 服饰:1.000000 | 宝石:1.000000 | 鲜花:1.000000 | 特制:1.000000 | 文具:1.000000 | 外衣:1.000000,封面:0.037601 | 唱片:0.034894 | 图书:0.018510
181,45,0.2963631567368226,-0.010517391349851274,0.5777777777777777,损伤 | 紊乱 | 危害 | 污染 | 破裂 | 腐烂 | 腐蚀 | 堵塞 | 有害 | 副作用 | 老化 | 缺陷,衰弱 | 病毒 | 兴奋剂 | 衰竭 | 麻痹 | 窒息 | 漏洞 | 副作用,恶性 | 变异 | 失效 | 失灵 | 有毒 | 变质 | 腐烂 | 病毒 | 紊乱 | 噪音 | 伤害 | 震动,损伤 | 紊乱 | 危害 | 污染 | 破裂 | 腐烂 | 腐蚀 | 堵塞 | 有害 | 副作用 | 老化 | 缺陷 | 变异 | 诱发 | 泄漏 | 恶性 | 伤害 | 传染 | 断裂 | 后遗症 | 失灵 | 畸形 | 故障 | 隐患 | 变质 | 有毒 | 衰竭 | 噪音 | 失效 | 麻痹 | 失控 | 噪声 | 超标 | 窒息 | 衰弱 | 致命 | 根治 | 病毒 | 摩擦 | 不良 | 漏洞 | 震动 | 泡沫 | 尾气 | 兴奋剂,44.98068909243499,0.9988813909985704,0.0011981802301119762,老化:1.000000 | 破裂:1.000000 | 后遗症:1.000000 | 麻痹:1.000000 | 超标:1.000000 | 畸形:1.000000 | 腐烂:1.000000 | 根治:1.000000 | 有害:1.000000 | 泄漏:1.000000 | 污染:1.000000 | 有毒:1.000000,
182,93,0.2655493353446854,-0.011363853163502358,0.5483870967741935,专栏 | 播出 | 直播 | 频道 | 访谈 | 栏目 | 电视台 | 博客 | 广播 | 视频 | 转播 | 播放,大会 | 阅读 | 竞赛 | 体育 | 嘉年华 | 发布会 | 届 | 网址,卫视 | 编辑 | 车展 | 届 | 宣传 | 微博 | 网民 | 出版社 | 历届 | 点击率 | 嘉宾 | 预告,专栏 | 播出 | 直播 | 频道 | 访谈 | 栏目 | 电视台 | 博客 | 广播 | 视频 | 转播 | 播放 | 新闻 | 媒体 | 杂志 | 讲座 | 专题 | 卫视 | 报刊 | 广告 | 电台 | 微博 | 论坛 | 头条 | 收看 | 收听 | 投稿 | 演讲 | 录制 | 评论 | 改版 | 重播 | 刊登 | 刊物 | 出版 | 主页 | 晚报 | 互动 | 嘉宾 | 点击率 | 主持人 | 下载 | 评论员 | 沙龙 | 帖子 | 科普 | 转载 | 阅读 | 原创 | 实况 | 发布会 | 编辑 | 公众 | 评选 | 浏览 | 放映 | 传媒 | 宣传 | 图片 | 图书 | 娱乐 | 微信 | 社交 | 影视 | 活动 | 网友 | 分享 | 策划 | 少儿 | 网民 | 财经 | 音像 | 大赛 | 体育 | 标题 | 日报 | 主题 | 大会 | 嘉年华 | 车展 | 网址 | 投票 | 对话 | 征集 | 集邮 | 出版社 | 预告 | 公关 | 文娱 | 竞赛 | 届 | 历届 | 中外,93.36769319572176,0.9939722584946334,0.005438490301713791,播放:1.000000 | 收听:1.000000 | 互动:1.000000 | 宣传:1.000000 | 科普:1.000000 | 直播:1.000000 | 媒体:1.000000 | 阅读:1.000000 | 分享:1.000000 | 报刊:1.000000 | 广播:1.000000 | 收看:0.999999,大众:0.477580 | 奖:0.069856 | 全文:0.053784 | 竞技:0.033130 | 正版:0.032580 | 北京:0.032468 | 网上:0.030549 | 排行榜:0.025513
183,51,0.3817814585624464,0.08146397502256056,0.13725490196078433,课文 | 英语 | 口语 | 复习 | 背诵 | 预习 | 听写 | 外语 | 备课 | 课本 | 作文 | 写作,排练 | 上岗 | 工作 | 分组 | 稿子 | 学时 | 论文 | 分数,复习 | 写作 | 排练 | 背诵 | 试卷 | 学习 | 学时 | 作文 | 英文 | 分组 | 日语 | 练习,课文 | 英语 | 口语 | 复习 | 背诵 | 预习 | 听写 | 外语 | 备课 | 课本 | 作文 | 写作 | 讲课 | 课程 | 口试 | 课 | 选修 | 听力 | 朗读 | 自学 | 汉语 | 练习 | 试卷 | 教学 | 卷子 | 听讲 | 填空 | 默读 | 学习 | 功课 | 抄写 | 俄语 | 日语 | 必修 | 识字 | 测验 | 课堂 | 英文 | 学时 | 翻译 | 科目 | 普通话 | 稿子 | 论文 | 分数 | 排练 | 作业 | 时事 | 上岗 | 工作 | 分组,51.03051574643772,0.9953477250990227,0.003714865079541357,背诵:1.000000 | 默读:1.000000 | 抄写:1.000000 | 练习:1.000000 | 听讲:1.000000 | 写作:1.000000 | 稿子:1.000000 | 朗读:1.000000 | 预习:1.000000 | 讲课:1.000000 | 复习:1.000000 | 学习:1.000000,笔试:0.226916
184,32,0.37731088537049867,0.07004087651420762,0.125,宽阔 | 荒凉 | 僻静 | 宽敞 | 狭小 | 狭窄 | 偏僻 | 茂密 | 拥挤 | 辽阔 | 平坦 | 开阔,阴暗 | 整洁 | 破旧 | 熙熙攘攘 | 陌生 | 喧闹 | 川流不息 | 肥沃,宽阔 | 拥挤 | 狭小 | 茂密 | 陌生 | 僻静 | 相连 | 偏远 | 熙熙攘攘 | 川流不息 | 开阔 | 茂盛,宽阔 | 荒凉 | 僻静 | 宽敞 | 狭小 | 狭窄 | 偏僻 | 茂密 | 拥挤 | 辽阔 | 平坦 | 开阔 | 宽广 | 喧闹 | 空荡荡 | 整洁 | 简陋 | 熙熙攘攘 | 茂盛 | 繁华 | 阴暗 | 破旧 | 稠密 | 肥沃 | 纵横交错 | 偏远 | 繁忙 | 稀少 | 川流不息 | 陌生 | 相通 | 相连,31.998979924043834,0.9998941783386407,0.00013478040957602257,偏僻:1.000000 | 僻静:1.000000 | 宽敞:1.000000 | 拥挤:1.000000 | 熙熙攘攘:1.000000 | 偏远:1.000000 | 宽阔:1.000000 | 简陋:1.000000 | 川流不息:1.000000 | 喧闹:1.000000 | 狭小:1.000000 | 破旧:1.000000,
185,41,0.3440517342659581,0.026736026845486895,0.2926829268292683,抢劫 | 盗窃 | 收买 | 窃取 | 掠夺 | 敲诈 | 强占 | 抢夺 | 杀害 | 贩卖 | 扣留 | 倒卖,占领 | 贿赂 | 拉拢 | 伪造 | 公款 | 杀害 | 走私 | 散布,拉拢 | 兜售 | 绑架 | 招揽 | 敲诈 | 伪造 | 焚烧 | 分赃 | 杀害 | 扣留 | 侵占 | 毁坏,抢劫 | 盗窃 | 收买 | 窃取 | 掠夺 | 敲诈 | 强占 | 抢夺 | 杀害 | 贩卖 | 扣留 | 倒卖 | 侵占 | 藏匿 | 财物 | 出卖 | 扣押 | 毁坏 | 绑架 | 走私 | 烧毁 | 霸占 | 伪造 | 贿赂 | 遗弃 | 冒充 | 拉拢 | 兜售 | 分赃 | 没收 | 丢弃 | 销毁 | 雇佣 | 焚烧 | 占领 | 推销 | 招揽 | 公款 | 散布 | 动用 | 充当,41.07595204586861,0.9993558192081587,0.0006812400975362289,销毁:1.000000 | 推销:1.000000 | 兜售:1.000000 | 毁坏:1.000000 | 收买:1.000000 | 焚烧:1.000000 | 冒充:1.000000 | 遗弃:1.000000 | 招揽:1.000000 | 出卖:1.000000 | 霸占:1.000000 | 强占:1.000000,搜查:0.051657 | 拘留:0.038452
186,71,0.29145146957111534,-0.0355039479794576,0.7183098591549296,帅哥 | 仙女 | 少女 | 美女 | 公主 | 猫 | 情人 | 姐妹 | 王子 | 美人 | 母女 | 猩猩,太太 | 前任 | 老板 | 先生 | 同伴 | 娃娃 | 父子 | 女士,情侣 | 老板 | 新娘 | 女 | 群 | 帅哥 | 同伴 | 鳄鱼 | 酒鬼 | 宝贝 | 姐妹 | 绰号,帅哥 | 仙女 | 少女 | 美女 | 公主 | 猫 | 情人 | 姐妹 | 王子 | 美人 | 母女 | 猩猩 | 狗 | 小姐 | 新娘 | 狮子 | 情侣 | 太太 | 女 | 怪物 | 猎人 | 父女 | 野兽 | 同伴 | 宝贝 | 娃娃 | 小丑 | 男 | 狼 | 主妇 | 神仙 | 王后 | 双胞胎 | 鳄鱼 | 新郎 | 女子 | 男士 | 少年 | 猎犬 | 皇帝 | 母子 | 杀手 | 路人 | 厨师 | 魔鬼 | 鲨鱼 | 和尚 | 男子 | 水手 | 老板 | 宠物 | 皇后 | 酒鬼 | 外星人 | 摄影师 | 弟子 | 父子 | 天使 | 将军 | 恐龙 | 天才 | 大熊猫 | 粉丝 | 女士 | 星座 | 外号 | 先生 | 传人 | 绰号 | 群 | 前任,71.73405216849237,0.9984682472211444,0.0014457216852808098,女士:1.000000 | 宝贝:1.000000 | 杀手:1.000000 | 男士:1.000000 | 新郎:1.000000 | 传人:1.000000 | 新娘:1.000000 | 美女:1.000000 | 男子:1.000000 | 猎犬:1.000000 | 帅哥:1.000000 | 少女:0.999999,蜜蜂:0.318021 | 影星:0.071865 | 阎王:0.067515 | 大象:0.066024 | 鸟:0.045613 | 大师:0.037063 | 兄弟:0.029416 | 天鹅:0.029301
187,72,0.2808363496250279,0.00781620323281152,0.4166666666666667,提交 | 申请 | 批准 | 审批 | 办理 | 审核 | 公示 | 登记 | 审查 | 递交 | 填写 | 受理,撤销 | 调查 | 邮编 | 开通 | 出资 | 张贴 | 报告 | 资料,发放 | 公告 | 提交 | 开通 | 收取 | 交付 | 许可证 | 报告 | 试行 | 出具 | 核对 | 删除,提交 | 申请 | 批准 | 审批 | 办理 | 审核 | 公示 | 登记 | 审查 | 递交 | 填写 | 受理 | 申报 | 上报 | 签署 | 手续 | 出具 | 申领 | 核实 | 修订 | 生效 | 签订 | 验收 | 查询 | 许可证 | 修改 | 确认 | 许可 | 评审 | 出示 | 订立 | 撤销 | 协议 | 注册 | 公告 | 授权 | 核对 | 拟定 | 委托 | 表决 | 发放 | 颁布 | 更改 | 认证 | 转让 | 通知 | 指定 | 编制 | 约定 | 收取 | 交付 | 有效期 | 试行 | 名单 | 报告 | 开通 | 接收 | 公开 | 执行 | 代理 | 张贴 | 编号 | 收到 | 期限 | 调查 | 出售 | 日期 | 删除 | 资料 | 出资 | 目录 | 邮编,72.19513987448073,0.9969850805941272,0.003013757229925473,填写:1.000000 | 出示:1.000000 | 办理:1.000000 | 邮编:1.000000 | 受理:1.000000 | 递交:1.000000 | 认证:1.000000 | 开通:1.000000 | 张贴:0.999999 | 公示:0.999999 | 委托:0.999997 | 名单:0.999997,事项:0.072026 | 分类:0.063928 | 评估:0.044066 | 列入:0.043910 | 交易:0.020879 | 委员会:0.016985 | 税务:0.015882 | 收支:0.012883
188,33,0.5241183886108044,0.1999283805117997,0.0,柜子 | 书桌 | 桌子 | 椅子 | 凳子 | 窗子 | 书橱 | 书柜 | 写字台 | 屋子 | 窗台 | 窗户,书包 | 地上 | 被子 | 栏杆 | 客厅 | 柱子 | 箱子 | 卧室,窗子 | 窗帘 | 桌子 | 栏杆 | 书桌 | 抽屉 | 窗台 | 柜子 | 地板 | 柱子 | 床 | 被子,柜子 | 书桌 | 桌子 | 椅子 | 凳子 | 窗子 | 书橱 | 书柜 | 写字台 | 屋子 | 窗台 | 窗户 | 卧室 | 藤椅 | 沙发 | 书架 | 客厅 | 抽屉 | 墙壁 | 窗帘 | 箱子 | 帐子 | 书房 | 帘子 | 院子 | 被子 | 床 | 镜子 | 栏杆 | 地板 | 柱子 | 书包 | 地上,32.999418327061015,0.9999811909347809,0.000033222879608827644,书橱:1.000000 | 书架:1.000000 | 院子:1.000000 | 墙壁:1.000000 | 书房:1.000000 | 书柜:1.000000 | 书桌:1.000000 | 床:1.000000 | 镜子:1.000000 | 窗子:1.000000 | 藤椅:1.000000 | 客厅:1.000000,
189,29,0.3050996369290532,0.013991241687626188,0.3448275862068966,昂贵 | 便宜 | 贵重 | 廉价 | 值钱 | 实用 | 实惠 | 名贵 | 齐全 | 有用 | 划算 | 高档,美观 | 不起眼 | 划算 | 笨重 | 劣质 | 值钱 | 档次 | 方便,贵 | 档次 | 值钱 | 不起眼 | 便宜 | 常见 | 美观 | 高档 | 像样 | 现成 | 简易 | 贵重,昂贵 | 便宜 | 贵重 | 廉价 | 值钱 | 实用 | 实惠 | 名贵 | 齐全 | 有用 | 划算 | 高档 | 贵 | 方便 | 美观 | 简易 | 常见 | 应有尽有 | 笨重 | 现成 | 新式 | 五花八门 | 一应俱全 | 劣质 | 各式各样 | 不起眼 | 像样 | 必不可少 | 档次,28.99358071896389,0.9997450485133107,0.0003631819866272809,一应俱全:1.000000 | 便宜:1.000000 | 廉价:1.000000 | 昂贵:1.000000 | 贵重:1.000000 | 值钱:1.000000 | 各式各样:1.000000 | 应有尽有:1.000000 | 实惠:1.000000 | 划算:1.000000 | 劣质:1.000000 | 笨重:1.000000,
190,50,0.34462903945982987,0.04119459055612599,0.4,晚会 | 庆典 | 闭幕式 | 音乐会 | 开幕式 | 开幕 | 宴会 | 联欢 | 盛会 | 典礼 | 集会 | 演唱会,席 | 演出 | 殿堂 | 赛场 | 球场 | 礼堂 | 夏令营 | 助威,闭幕式 | 诞辰 | 开幕式 | 舞台 | 招待会 | 体育馆 | 展览会 | 葬礼 | 赛场 | 晚会 | 国旗 | 口号,晚会 | 庆典 | 闭幕式 | 音乐会 | 开幕式 | 开幕 | 宴会 | 联欢 | 盛会 | 典礼 | 集会 | 演唱会 | 招待会 | 展览会 | 展览 | 会场 | 演出 | 运动会 | 博览会 | 葬礼 | 闭幕 | 礼堂 | 游行 | 画展 | 体育场 | 婚礼 | 体育馆 | 盛大 | 仪式 | 庆祝 | 舞台 | 广场 | 剧院 | 纪念日 | 剧场 | 周年 | 奥运会 | 狂欢节 | 亚运会 | 诞辰 | 赛场 | 球场 | 夏令营 | 殿堂 | 国旗 | 助威 | 火炬 | 标语 | 口号 | 席,49.96427844222672,0.9986884042115353,0.001514360009146007,舞台:1.000000 | 殿堂:1.000000 | 联欢:1.000000 | 国旗:1.000000 | 晚会:1.000000 | 游行:1.000000 | 赛场:1.000000 | 盛大:1.000000 | 仪式:1.000000 | 口号:1.000000 | 葬礼:1.000000 | 画展:1.000000,大奖赛:0.012859
191,54,0.31451222069203777,0.005969909827677241,0.4074074074074074,嘛 | 道理 | 本事 | 坏处 | 好处 | 事情 | 毛病 | 事 | 用处 | 玩意儿 | 话 | 意思,火候 | 废话 | 功效 | 分寸 | 面子 | 秘方 | 胃口 | 运气,秘方 | 呢 | 话 | 好处 | 大事 | 啦 | 点子 | 短处 | 利害 | 事 | 本钱 | 瘾,嘛 | 道理 | 本事 | 坏处 | 好处 | 事情 | 毛病 | 事 | 用处 | 玩意儿 | 话 | 意思 | 呢 | 活儿 | 难处 | 窍门 | 本钱 | 心思 | 吧 | 东西 | 罢了 | 坏事 | 能耐 | 秘诀 | 废话 | 劲头 | 益处 | 啦 | 路子 | 工夫 | 好事 | 门路 | 短处 | 吗 | 脑筋 | 分寸 | 地步 | 面子 | 缘故 | 规矩 | 胃口 | 些 | 而已 | 大事 | 甜头 | 点子 | 秘方 | 俗话 | 运气 | 瘾 | 利害 | 功效 | 火候 | 药方,54.03968290192351,0.9984387549871231,0.0015188473162038158,火候:1.000000 | 秘方:1.000000 | 胃口:1.000000 | 东西:1.000000 | 门路:1.000000 | 药方:1.000000 | 玩意儿:1.000000 | 大事:1.000000 | 利害:1.000000 | 嘛:1.000000 | 劲头:1.000000 | 事:1.000000,诀窍:0.091438 | 偏方:0.011065
192,81,0.3768766665117261,0.04096991345243006,0.2716049382716049,肿瘤 | 炎症 | 急性 | 疾病 | 治疗 | 病症 | 慢性 | 癌症 | 糖尿病 | 肝脏 | 高血压 | 症状,人体 | 胃 | 中毒 | 服用 | 唾液 | 器官 | 视力 | 新陈代谢,激素 | 视力 | 肾 | 阳性 | 胚胎 | 脾 | 艾滋病 | 输血 | 分泌 | 患 | 血压 | 慢性,肿瘤 | 炎症 | 急性 | 疾病 | 治疗 | 病症 | 慢性 | 癌症 | 糖尿病 | 肝脏 | 高血压 | 症状 | 发病 | 心脏病 | 血栓 | 病 | 确诊 | 癌 | 复发 | 肝 | 免疫 | 病情 | 诊断 | 手术 | 传染病 | 血压 | 内科 | 临床 | 激素 | 肺 | 外科 | 脾 | 药物 | 患有 | 疗效 | 肥胖 | 治愈 | 患 | 胎儿 | 疗法 | 针灸 | 艾滋病 | 儿科 | 肾 | 口腔 | 细胞 | 血液 | 康复 | 西医 | 胃 | 中医 | 感染 | 流感 | 器官 | 胚胎 | 生理 | 分泌 | 痰 | 阳性 | 麻醉 | 创伤 | 阴性 | 体质 | 医学 | 唾液 | 中毒 | 衰老 | 人体 | 遗传 | 腺 | 服用 | 视力 | 职业病 | 护理 | 输血 | 新陈代谢 | 婴儿 | 晚期 | 发育 | 体重 | 矫正,80.88429194449358,0.9968355249700324,0.0029530255954987377,中医:1.000000 | 病:1.000000 | 阴性:1.000000 | 外科:1.000000 | 内科:1.000000 | 血液:1.000000 | 阳性:1.000000 | 矫正:1.000000 | 疾病:1.000000 | 患:1.000000 | 肝脏:1.000000 | 胎儿:1.000000,腹泻:0.039866 | 痴呆:0.020348 | 休克:0.020180 | 酒精:0.013102 | 抗生素:0.012166
193,86,0.4033320336977066,0.05683592179719875,0.2558139534883721,袜子 | 衬衣 | 毛衣 | 大衣 | 裤子 | 拖鞋 | 衬衫 | 衣服 | 围巾 | 外套 | 裙子 | 鞋,垫子 | 台灯 | 枕头 | 电视机 | 盒子 | 马桶 | 微波炉 | 衣架,背包 | 裤子 | 瓶 | 罐 | 圆珠笔 | 球鞋 | 毛笔 | 笔记本 | 墨水 | 外套 | 塑料袋 | 毯子,袜子 | 衬衣 | 毛衣 | 大衣 | 裤子 | 拖鞋 | 衬衫 | 衣服 | 围巾 | 外套 | 裙子 | 鞋 | 毛巾 | 上衣 | 皮鞋 | 领带 | 羽绒服 | 短裤 | 牛仔裤 | 衣架 | 凉鞋 | 毯子 | 雨衣 | 水壶 | 皮包 | 手套 | 球鞋 | 西装 | 杯子 | 内衣 | 枕头 | 牙刷 | 手帕 | 梳子 | 蚊帐 | 睡袋 | 背心 | 垫子 | 拉锁 | 纽扣 | 脸盆 | 铅笔 | 口罩 | 扇子 | 圆珠笔 | 高跟鞋 | 项链 | 背包 | 刷子 | 钢笔 | 台灯 | 手表 | 旗袍 | 眼镜 | 礼服 | 马桶 | 筷子 | 吸管 | 火柴 | 电饭锅 | 塑料袋 | 袋 | 盒子 | 戒指 | 胶带 | 灯泡 | 易拉罐 | 笔记本 | 香烟 | 瓶 | 毛笔 | 洗衣机 | 药片 | 蜡烛 | 充电器 | 墨水 | 冰箱 | 花瓶 | 包 | 电视机 | 罐 | 盒 | 纸 | 箱 | 微波炉 | 硬币,86.01702418172874,0.9961533219197586,0.0029616475517519245,西装:1.000000 | 衬衣:1.000000 | 拖鞋:1.000000 | 皮鞋:1.000000 | 毛衣:1.000000 | 短裤:1.000000 | 裙子:1.000000 | 牛仔裤:1.000000 | 羽绒服:1.000000 | 钢笔:1.000000 | 衬衫:1.000000 | 外套:1.000000,婚纱:0.104081 | 打印机:0.057192 | 胶水:0.046719 | 玩具:0.039527 | 塑料:0.016405 | 耳机:0.013589 | 碗:0.011152
194,75,0.26240563017550017,-0.012629325765002931,0.5866666666666667,软件 | 图像 | 传输 | 智能 | 计算机 | 系统 | 硬件 | 联网 | 遥控 | 监控 | 导航 | 应用,一卡通 | 汽车 | 专业 | 网站 | 浏览器 | 测量 | 实验室 | 设计,单元 | 转换 | 模拟 | 联网 | 运营 | 人工智能 | 汽车 | 输入 | 视觉 | 服务器 | 数据库 | 计算机,软件 | 图像 | 传输 | 智能 | 计算机 | 系统 | 硬件 | 联网 | 遥控 | 监控 | 导航 | 应用 | 远程 | 自动 | 数据库 | 多媒体 | 服务器 | 扫描 | 无线 | 监测 | 浏览器 | 模拟 | 图形 | 移动 | 人工智能 | 探测 | 影像 | 三维 | 性能 | 模型 | 网络 | 虚拟 | 测量 | 动态 | 测试 | 激光 | 杀毒 | 辅助 | 电源 | 多功能 | 机器人 | 引擎 | 装置 | 防盗 | 防火墙 | 搜索 | 视觉 | 功率 | 数字 | 充电 | 数码 | 微型 | 运行 | 在线 | 输入 | 海量 | 设计 | 实验室 | 运营 | 电动 | 汽车 | 一卡通 | 操作 | 网站 | 图表 | 专业 | 双向 | 综合 | 高速 | 分类 | 更新 | 单元 | 转换 | 随机 | 滚动,74.47826212013,0.9839564386181504,0.010084338906164171,防盗:1.000000 | 图像:1.000000 | 虚拟:0.999995 | 自动:0.999991 | 高速:0.999988 | 影像:0.999985 | 专业:0.999984 | 辅助:0.999984 | 实验室:0.999973 | 扫描:0.999970 | 遥控:0.999966 | 软件:0.999964,天线:0.196385 | 类别:0.119498 | 筛选:0.071146 | 定向:0.061288 | 合成:0.028481 | 芯片:0.023083 | 互联网:0.021793 | 配套:0.020136
195,37,0.3330847044625811,0.048526085277393737,0.13513513513513514,尽力 | 全力 | 尽快 | 设法 | 尽早 | 抓紧 | 千方百计 | 积极 | 想方设法 | 切实 | 及早 | 敦促,全体 | 搞好 | 踊跃 | 坚持 | 自发 | 带头 | 主动 | 全力,踊跃 | 及早 | 全体 | 搞好 | 遵照 | 协助 | 督促 | 敦促 | 下决心 | 急需 | 带头 | 千方百计,尽力 | 全力 | 尽快 | 设法 | 尽早 | 抓紧 | 千方百计 | 积极 | 想方设法 | 切实 | 及早 | 敦促 | 加紧 | 争取 | 协助 | 督促 | 大力 | 下决心 | 早日 | 力争 | 鼓励 | 呼吁 | 帮助 | 号召 | 动员 | 搞好 | 着手 | 本着 | 带头 | 主动 | 坚持 | 支援 | 踊跃 | 遵照 | 急需 | 自发 | 全体,37.002291075531225,0.999869526344832,0.0001959654597305909,抓紧:1.000000 | 加紧:1.000000 | 呼吁:1.000000 | 尽快:1.000000 | 协助:1.000000 | 搞好:1.000000 | 争取:1.000000 | 踊跃:1.000000 | 早日:1.000000 | 帮助:1.000000 | 着手:1.000000 | 鼓励:1.000000,
196,78,0.2276052753022362,-0.017656497694664722,0.6025641025641025,金额 | 价格 | 价 | 总额 | 成交 | 美元 | 数量 | 销量 | 售价 | 美金 | 人民币 | 利率,栏 | 连续 | 上调 | 份 | 收入 | 券 | 车型 | 预售,份 | 近 | 百分比 | 货币 | 进场 | 价格 | 收入 | 倍 | 左右 | 短期 | 品种 | 到期,金额 | 价格 | 价 | 总额 | 成交 | 美元 | 数量 | 销量 | 售价 | 美金 | 人民币 | 利率 | 汇率 | 价位 | 英镑 | 量 | 盈利 | 元 | 收入 | 业绩 | 份额 | 百分比 | 上限 | 合约 | 总数 | 指数 | 折合 | 低于 | 交易 | 订单 | 比例 | 数目 | 短期 | 扣除 | 值 | 超过 | 品种 | 房价 | 上调 | 到期 | 整数 | 排名 | 倍 | 股 | 预售 | 货币 | 上市 | 剩余 | 亿 | 股市 | 小于 | 招标 | 券 | 单边 | 数 | 单 | 率 | 发行 | 左右 | 车型 | 进场 | 年限 | 以内 | 黄金 | 封顶 | 入场 | 平方 | 债 | 连续 | 近 | 拍卖 | 期中 | 档 | 合并 | 重组 | 零 | 份 | 栏,77.95875148926265,0.9901043030075496,0.007323378079464551,剩余:1.000000 | 平方:1.000000 | 折合:1.000000 | 元:0.999999 | 入场:0.999999 | 合约:0.999999 | 美元:0.999998 | 数目:0.999998 | 券:0.999997 | 英镑:0.999990 | 总额:0.999989 | 近:0.999987,总量:0.135329 | 中期:0.118305 | 以上:0.093652 | 余额:0.076291 | 限:0.061315 | 收支:0.050056 | 基准:0.049435 | 延长:0.017366
197,51,0.24684146564453768,-0.012122319388396923,0.6274509803921569,开启 | 迎来 | 启动 | 进入 | 获得 | 推出 | 借助 | 加速 | 率先 | 实现 | 完成 | 携手,考量 | 支持 | 冲刺 | 看好 | 发起 | 接力 | 联合 | 全面,展开 | 取得 | 携手 | 实现 | 持续 | 加速 | 接力 | 通过 | 联合 | 借助 | 作为 | 发起,开启 | 迎来 | 启动 | 进入 | 获得 | 推出 | 借助 | 加速 | 率先 | 实现 | 完成 | 携手 | 步入 | 快速 | 展开 | 取得 | 凭借 | 达成 | 联手 | 持续 | 通过 | 全面 | 受益 | 提速 | 获 | 赢得 | 加入 | 突破 | 同步 | 得益于 | 介入 | 尝试 | 发起 | 刷新 | 登陆 | 首批 | 重返 | 支持 | 选择 | 回归 | 自主 | 冲刺 | 锁定 | 跟上 | 联合 | 看好 | 作为 | 领军 | 接力 | 主力 | 考量,50.93685979663288,0.9968387674352391,0.0031359983303270596,携手:1.000000 | 联手:1.000000 | 开启:1.000000 | 刷新:1.000000 | 看好:1.000000 | 选择:1.000000 | 登陆:1.000000 | 接力:1.000000 | 突破:0.999999 | 迎来:0.999999 | 冲刺:0.999999 | 尝试:0.999998,共同:0.013193 | 促成:0.012119 | 投入:0.011687
198,46,0.28381090237248524,0.008402888173909613,0.5,电话 | 拨打 | 打电话 | 短信 | 接听 | 电子邮件 | 邮件 | 拨通 | 热线 | 来电 | 信箱 | 留言,管家 | 车号 | 同行 | 告知 | 请 | 提醒 | 二维码 | 留意,电子邮件 | 登录 | 留言 | 网上 | 全程 | 告知 | 账号 | 地址 | 通话 | 邮件 | 热线 | 面对面,电话 | 拨打 | 打电话 | 短信 | 接听 | 电子邮件 | 邮件 | 拨通 | 热线 | 来电 | 信箱 | 留言 | 投诉 | 举报 | 发送 | 求助 | 邮箱 | 询问 | 登录 | 传真 | 告知 | 回复 | 通话 | 账号 | 反馈 | 提醒 | 求证 | 地址 | 信息 | 查看 | 上门 | 请 | 二维码 | 提示 | 敬请 | 后台 | 车号 | 现场 | 网上 | 请进 | 面对面 | 记者 | 管家 | 全程 | 留意 | 同行,46.072292703612334,0.9971966644734955,0.002332273145520442,接听:1.000000 | 信箱:1.000000 | 提醒:1.000000 | 询问:1.000000 | 拨打:1.000000 | 拨通:1.000000 | 热线:1.000000 | 提示:1.000000 | 电话:1.000000 | 管家:1.000000 | 打电话:1.000000 | 面对面:1.000000,在线:0.091994 | 动态:0.068431 | 微信:0.010472
199,62,0.2307449483815954,-0.03369878374766604,0.8387096774193549,方向 | 速度 | 位置 | 脚步 | 姿态 | 轨道 | 阻力 | 重心 | 纵深 | 节奏 | 惯性 | 空隙,地形 | 台阶 | 窗口 | 脉搏 | 处 | 视线 | 姿态 | 缺口,间隙 | 起跑线 | 通道 | 战场 | 速度 | 方向 | 终点 | 力量 | 风浪 | 节奏 | 位置 | 脚步,方向 | 速度 | 位置 | 脚步 | 姿态 | 轨道 | 阻力 | 重心 | 纵深 | 节奏 | 惯性 | 空隙 | 强度 | 台阶 | 起点 | 通道 | 道路 | 队形 | 前进 | 高度 | 视线 | 力量 | 视野 | 能量 | 动作 | 横向 | 频率 | 状态 | 倾斜 | 目标 | 减速 | 脉搏 | 起跑线 | 上方 | 间隙 | 极限 | 错位 | 信号 | 直线 | 落差 | 边界 | 终点 | 推移 | 阶段 | 步 | 路线 | 概率 | 上下 | 阶梯 | 几率 | 缺口 | 地形 | 侧 | 风浪 | 交叉 | 战场 | 窗口 | 之内 | 之下 | 天平 | 之间 | 处,62.401573617729575,0.9985000791520078,0.0017264924767065096,脉搏:1.000000 | 队形:1.000000 | 极限:1.000000 | 节奏:1.000000 | 起点:1.000000 | 脚步:1.000000 | 侧:1.000000 | 倾斜:1.000000 | 速度:1.000000 | 动作:1.000000 | 惯性:1.000000 | 几率:1.000000,光线:0.136373 | 生命线:0.083559 | 间:0.070827 | 范围:0.050665 | 桥梁:0.043281 | 前后:0.019873 | 栏:0.010616 | 曲线:0.010333
