community,size,mean_pair_cosine,mean_cosine_silhouette,negative_silhouette_fraction,representatives,boundary_words,deterministic_sample,all_members,soft_mass,mean_max_membership,mean_normalized_membership_entropy,highest_membership_words,strongest_members_outside_hard_cluster
0,110,0.25159958048529457,-0.00712251047129043,0.5818181818181818,汇率 | 资产 | 贷款 | 信贷 | 资金 | 收益 | 投资 | 外汇 | 货币 | 贬值 | 升值 | 利润,增收 | 席位 | 国家 | 金额 | 隐性 | 名义 | 政府 | 二手车,供求 | 潜在 | 货币 | 关税 | 债务 | 房地产 | 国家 | 价格 | 抵押 | 对外 | 短期 | 归属,汇率 | 资产 | 贷款 | 信贷 | 资金 | 收益 | 投资 | 外汇 | 货币 | 贬值 | 升值 | 利润 | 外币 | 税收 | 人民币 | 盈利 | 债务 | 交易 | 股票 | 银行 | 担保 | 房地产 | 抵押 | 利率 | 存款 | 贸易 | 财政 | 金额 | 价格 | 顺差 | 股市 | 商品 | 业绩 | 理财 | 信用 | 财务 | 短期 | 增值 | 经济 | 赤字 | 房价 | 资本 | 美元 | 消费 | 投机 | 期限 | 外资 | 基金 | 物价 | 价值 | 英镑 | 供求 | 大宗 | 亏损 | 财富 | 成交 | 转让 | 定价 | 风险 | 价 | 到期 | 买卖 | 权益 | 内需 | 保险 | 股东 | 份额 | 合约 | 关税 | 住房 | 政府 | 债 | 境外 | 回报 | 出售 | 指数 | 兑现 | 流通 | 周期 | 机构 | 流入 | 营业 | 持有 | 股份 | 黄金 | 净 | 涨价 | 增收 | 二手车 | 会计 | 单边 | 中介 | 发行 | 对外 | 潜在 | 开发商 | 实际 | 国有 | 年度 | 拍卖 | 本期 | 隐性 | 席位 | 茅台 | 上期 | 合伙 | 归属 | 国家 | 名义 | 集体,109.99995584611152,0.9999992195757911,1.8336662665015464e-6,业绩:1.000000 | 中介:1.000000 | 买卖:1.000000 | 亏损:1.000000 | 价:1.000000 | 价值:1.000000 | 会计:1.000000 | 兑现:1.000000 | 关税:1.000000 | 净:1.000000 | 出售:1.000000 | 单边:1.000000,
1,61,0.43144987688397457,0.06930790303945746,0.03278688524590164,悲哀 | 痛苦 | 难过 | 伤心 | 羞愧 | 悲伤 | 心酸 | 委屈 | 悔恨 | 伤感 | 绝望 | 痛心,忧愁 | 走投无路 | 失望 | 骄傲 | 狼狈 | 渺小 | 无可奈何 | 失落,折磨 | 遗憾 | 尴尬 | 苦 | 后悔 | 悲伤 | 心酸 | 骄傲 | 丢人 | 庆幸 | 无可奈何 | 身不由己,悲哀 | 痛苦 | 难过 | 伤心 | 羞愧 | 悲伤 | 心酸 | 委屈 | 悔恨 | 伤感 | 绝望 | 痛心 | 凄凉 | 惭愧 | 难堪 | 难受 | 心疼 | 可悲 | 悲惨 | 悲痛 | 自责 | 孤独 | 无奈 | 耻辱 | 狼狈 | 失落 | 孤单 | 寂寞 | 忧愁 | 失望 | 后悔 | 难为情 | 愤怒 | 遗憾 | 尴尬 | 可怜 | 哭泣 | 惨痛 | 丢脸 | 丢人 | 辛酸 | 惨 | 无可奈何 | 庆幸 | 苦难 | 受苦 | 倒霉 | 骄傲 | 苦 | 辛苦 | 渺小 | 冤 | 忍受 | 折磨 | 愁 | 走投无路 | 身不由己 | 不平 | 幸运 | 任人宰割 | 一无所有,61.00000522796638,0.9999999999677064,1.2890545931325414e-10,一无所有:1.000000 | 不平:1.000000 | 丢人:1.000000 | 丢脸:1.000000 | 任人宰割:1.000000 | 伤心:1.000000 | 伤感:1.000000 | 倒霉:1.000000 | 冤:1.000000 | 凄凉:1.000000 | 受苦:1.000000 | 可怜:1.000000,
2,53,0.38226154467915274,0.04582447054381143,0.1320754716981132,感激 | 体谅 | 敬重 | 怜惜 | 体贴 | 爱护 | 尊敬 | 关照 | 照顾 | 夸奖 | 安慰 | 好意,善意 | 管教 | 看得起 | 孝顺 | 饶恕 | 好感 | 亲爱 | 表扬,好意 | 宠爱 | 谢谢 | 感激 | 亲近 | 关照 | 尊敬 | 无微不至 | 陪伴 | 关怀 | 保重 | 好感,感激 | 体谅 | 敬重 | 怜惜 | 体贴 | 爱护 | 尊敬 | 关照 | 照顾 | 夸奖 | 安慰 | 好意 | 同情 | 关怀 | 亲爱 | 关爱 | 孝敬 | 报答 | 信任 | 宠爱 | 恩惠 | 感谢 | 赞美 | 尊重 | 孝顺 | 原谅 | 爱惜 | 宽恕 | 殷勤 | 呵护 | 谢谢 | 陪伴 | 无微不至 | 信赖 | 亲近 | 恩赐 | 辜负 | 好心 | 善意 | 饶恕 | 赐教 | 好感 | 表扬 | 照料 | 福气 | 收留 | 托付 | 看得起 | 指教 | 保重 | 保佑 | 管教 | 送给,53.00000000000013,0.9999999999999968,1.9722860891783688e-14,亲爱:1.000000 | 亲近:1.000000 | 体谅:1.000000 | 体贴:1.000000 | 保佑:1.000000 | 保重:1.000000 | 信任:1.000000 | 信赖:1.000000 | 关怀:1.000000 | 关照:1.000000 | 关爱:1.000000 | 原谅:1.000000,
3,48,0.2900137805475647,0.004284155577209409,0.5,楷模 | 典范 | 榜样 | 缩影 | 风采 | 写照 | 风范 | 旗帜 | 历程 | 序幕 | 脊梁 | 表率,脚印 | 辉煌 | 光辉 | 风范 | 潮流 | 曙光 | 纪实 | 风采,重任 | 脚步 | 脚印 | 先例 | 半边天 | 历程 | 里程碑 | 行列 | 本色 | 光辉 | 凯歌 | 纪实,楷模 | 典范 | 榜样 | 缩影 | 风采 | 写照 | 风范 | 旗帜 | 历程 | 序幕 | 脊梁 | 表率 | 凯歌 | 光辉 | 足迹 | 事迹 | 步伐 | 身影 | 行列 | 辉煌 | 先锋 | 脚步 | 硕果 | 里程碑 | 风尚 | 重任 | 本色 | 迈进 | 称号 | 面貌 | 警钟 | 摇篮 | 堡垒 | 功臣 | 先例 | 座右铭 | 脚印 | 潮流 | 象征 | 半边天 | 纪录 | 曙光 | 第一线 | 纪实 | 时代 | 铺路 | 飞跃 | 栋梁,48.00000000000007,1.0,8.596982011208894e-17,事迹:1.000000 | 先例:1.000000 | 先锋:1.000000 | 光辉:1.000000 | 典范:1.000000 | 写照:1.000000 | 凯歌:1.000000 | 功臣:1.000000 | 半边天:1.000000 | 历程:1.000000 | 堡垒:1.000000 | 序幕:1.000000,
4,75,0.3969716202365198,0.07691953584408528,0.02666666666666667,踹 | 拽 | 蹦 | 揍 | 拧 | 捅 | 咬 | 磕 | 砸 | 摔 | 叼 | 揪,使劲 | 冒 | 呛 | 吐 | 捏 | 捧 | 晃 | 啃,蹦 | 咬 | 碰 | 摸 | 啃 | 扑 | 爬 | 蹭 | 掐 | 砸 | 轰 | 撞,踹 | 拽 | 蹦 | 揍 | 拧 | 捅 | 咬 | 磕 | 砸 | 摔 | 叼 | 揪 | 捏 | 蹭 | 搂 | 舔 | 甩 | 踢 | 敲 | 扯 | 捶 | 摸 | 扒 | 掐 | 抠 | 撞 | 吓 | 掰 | 抖 | 碰 | 撕 | 溜 | 抡 | 打 | 砍 | 扑 | 爬 | 趴 | 跳 | 晃 | 挠 | 泼 | 踩 | 拦 | 拉 | 吐 | 挨 | 呛 | 使劲 | 逮 | 啃 | 吹 | 躲 | 抱 | 搀 | 捉 | 翻 | 掀 | 抽 | 抓 | 窜 | 喷 | 轰 | 跪 | 捂 | 追 | 冲 | 戳 | 盯 | 倒 | 猛 | 爆 | 捧 | 狂 | 冒,75.00000052054884,0.9999999978484093,6.85437385630975e-9,倒:1.000000 | 冒:1.000000 | 冲:1.000000 | 叼:1.000000 | 吓:1.000000 | 吹:1.000000 | 呛:1.000000 | 咬:1.000000 | 啃:1.000000 | 喷:1.000000 | 戳:1.000000 | 扑:1.000000,
5,111,0.26009328803324683,0.004462560911027399,0.44144144144144143,月初 | 月底 | 年初 | 年底 | 下旬 | 中旬 | 上旬 | 月份 | 今年 | 前夕 | 近期 | 之前,时段 | 明日 | 逢 | 日 | 高峰期 | 年终 | 高峰 | 四季,明年 | 其后 | 即将 | 年初 | 来年 | 上周 | 过半 | 月底 | 月初 | 月 | 此次 | 近年来,月初 | 月底 | 年初 | 年底 | 下旬 | 中旬 | 上旬 | 月份 | 今年 | 前夕 | 近期 | 之前 | 上个月 | 此前 | 以来 | 去年 | 此后 | 明年 | 前不久 | 年前 | 下个月 | 期间 | 上周 | 日前 | 之后 | 目前 | 过后 | 接下来 | 前年 | 以后 | 近日 | 后期 | 前期 | 随后 | 不久 | 其后 | 后 | 至此 | 月 | 最近 | 迄今 | 日后 | 届时 | 稍后 | 初期 | 初 | 今日 | 日 | 迄今为止 | 前 | 近来 | 后年 | 全年 | 即将 | 后续 | 眼下 | 季度 | 明日 | 至今 | 来年 | 前后 | 临近 | 周 | 年 | 同年 | 今后 | 当前 | 近年来 | 此次 | 预计 | 截至 | 当年 | 末 | 中期 | 往年 | 尾声 | 四季 | 期中 | 期末 | 最后 | 为止 | 年终 | 上次 | 底 | 截止 | 自从 | 何时 | 高峰期 | 期 | 时 | 早 | 季 | 完毕 | 下期 | 尚未 | 继 | 止 | 为此 | 时段 | 之内 | 过半 | 暂 | 倒计时 | 第二 | 直至 | 高峰 | 主力 | 此 | 该 | 第 | 逢,110.997721683311,0.9999709811058802,0.000037179512013665865,上个月:1.000000 | 上周:1.000000 | 上旬:1.000000 | 上次:1.000000 | 下个月:1.000000 | 下旬:1.000000 | 下期:1.000000 | 中旬:1.000000 | 中期:1.000000 | 临近:1.000000 | 为止:1.000000 | 主力:1.000000,
6,53,0.338829410028453,-0.014750988544694083,0.5849056603773585,蹬 | 腰 | 拄 | 把手 | 伸 | 仰 | 握 | 肩 | 扳 | 摆动 | 用力 | 扭,脚 | 轮椅 | 头 | 腰 | 手 | 把手 | 下坠 | 闭,抬 | 倚 | 转动 | 牵 | 撑 | 右 | 一手 | 摔倒 | 蹲 | 轮椅 | 扭 | 两手,蹬 | 腰 | 拄 | 把手 | 伸 | 仰 | 握 | 肩 | 扳 | 摆动 | 用力 | 扭 | 蹲 | 脚 | 站立 | 摇晃 | 两手 | 转动 | 撑 | 拐杖 | 抬 | 翘 | 挥 | 垂 | 拱 | 扶 | 挽 | 弓 | 摔倒 | 牵 | 旋转 | 杠铃 | 倚 | 钩 | 歪 | 挎 | 头 | 手 | 姿势 | 叉 | 一长一短 | 下坠 | 杆 | 摇 | 举 | 轮椅 | 右 | 紧紧 | 闭 | 左 | 皮球 | 原地 | 一手,53.00000014708139,0.9999999999081818,3.516965138341961e-10,一手:1.000000 | 一长一短:1.000000 | 下坠:1.000000 | 两手:1.000000 | 举:1.000000 | 仰:1.000000 | 伸:1.000000 | 倚:1.000000 | 原地:1.000000 | 叉:1.000000 | 右:1.000000 | 垂:1.000000,
7,56,0.33305011211762564,0.06982110074253496,0.17857142857142858,潜艇 | 军舰 | 飞机 | 导弹 | 飞船 | 直升机 | 飞行 | 船只 | 艘 | 坦克 | 客机 | 航行,子弹 | 火药 | 箭 | 炸药 | 地面 | 物体 | 气球 | 核能,物体 | 军舰 | 艘 | 导弹 | 核武器 | 宇航员 | 飞行 | 帆船 | 空军 | 舱 | 船 | 太空,潜艇 | 军舰 | 飞机 | 导弹 | 飞船 | 直升机 | 飞行 | 船只 | 艘 | 坦克 | 客机 | 航行 | 发射 | 火箭 | 飞行员 | 海军 | 渔船 | 空军 | 船 | 炸弹 | 降落 | 跳伞 | 热气球 | 宇航员 | 卫星 | 帆船 | 停泊 | 核武器 | 起飞 | 架 | 轮船 | 武器 | 空中 | 舱 | 气球 | 太空 | 月球 | 重型 | 两栖 | 子弹 | 高空 | 望远镜 | 陨石 | 陆军 | 炮 | 航海 | 船长 | 炸药 | 轻型 | 地面 | 核能 | 火药 | 箭 | 物体 | 核电站 | 队形,56.0009559152373,0.9999999999734038,1.0732531056020811e-10,两栖:1.000000 | 停泊:1.000000 | 军舰:1.000000 | 卫星:1.000000 | 发射:1.000000 | 地面:1.000000 | 坦克:1.000000 | 太空:1.000000 | 子弹:1.000000 | 客机:1.000000 | 导弹:1.000000 | 帆船:1.000000,
8,52,0.4138122815483424,0.14423617262306807,0.019230769230769232,晚上 | 早上 | 早晨 | 中午 | 下午 | 傍晚 | 夜里 | 清晨 | 上午 | 凌晨 | 一早 | 半夜,加班 | 周末 | 醒来 | 礼拜 | 下班 | 通宵 | 照常 | 夜班,后天 | 工作日 | 昨天 | 当晚 | 早晨 | 钟头 | 钟 | 晚 | 傍晚 | 往常 | 上午 | 照常,晚上 | 早上 | 早晨 | 中午 | 下午 | 傍晚 | 夜里 | 清晨 | 上午 | 凌晨 | 一早 | 半夜 | 深夜 | 白天 | 一大早 | 夜晚 | 起床 | 星期天 | 下班 | 当晚 | 昨天 | 明天 | 晚 | 前天 | 次日 | 夜间 | 星期日 | 当天 | 周末 | 今天 | 星期 | 钟头 | 天 | 晚间 | 通宵 | 醒来 | 夜班 | 夜 | 准时 | 当日 | 小时 | 工作日 | 礼拜 | 加班 | 往常 | 早晚 | 照常 | 钟 | 分钟 | 后天 | 平日 | 许,52.00321718199943,0.9999999999998749,6.466408362032077e-13,一大早:1.000000 | 一早:1.000000 | 上午:1.000000 | 下午:1.000000 | 中午:1.000000 | 今天:1.000000 | 傍晚:1.000000 | 准时:1.000000 | 凌晨:1.000000 | 分钟:1.000000 | 加班:1.000000 | 半夜:1.000000,
9,60,0.47544630437685637,0.20314242079482786,0.03333333333333333,衬衣 | 衬衫 | 毛衣 | 衣服 | 裙子 | 上衣 | 大衣 | 外套 | 短裤 | 裤子 | 袜子 | 围巾,地毯 | 沐浴露 | 睡袋 | 绷带 | 用品 | 香水 | 一身 | 背包,背包 | 裤子 | 时装 | 球鞋 | 外套 | 制服 | 背心 | 戴 | 香水 | 袜子 | 衣服 | 首饰,衬衣 | 衬衫 | 毛衣 | 衣服 | 裙子 | 上衣 | 大衣 | 外套 | 短裤 | 裤子 | 袜子 | 围巾 | 西装 | 牛仔裤 | 鞋 | 皮鞋 | 凉鞋 | 羽绒服 | 领带 | 内衣 | 拖鞋 | 穿着 | 球鞋 | 礼服 | 背心 | 旗袍 | 雨衣 | 服装 | 高跟鞋 | 手套 | 穿 | 服饰 | 毛巾 | 帽子 | 款式 | 婚纱 | 靴子 | 项链 | 口罩 | 制服 | 睡袋 | 装扮 | 发型 | 首饰 | 外衣 | 打扮 | 时装 | 眼镜 | 地毯 | 刺绣 | 背包 | 丝绸 | 绷带 | 戴 | 沐浴露 | 化妆 | 香水 | 尼龙 | 一身 | 用品,60.000051925873905,0.9999999999999996,4.097511512013374e-15,一身:1.000000 | 上衣:1.000000 | 丝绸:1.000000 | 内衣:1.000000 | 凉鞋:1.000000 | 制服:1.000000 | 刺绣:1.000000 | 化妆:1.000000 | 发型:1.000000 | 口罩:1.000000 | 围巾:1.000000 | 地毯:1.000000,
10,43,0.30722852808496026,0.03492113980335691,0.18604651162790697,出发点 | 根基 | 源泉 | 突破口 | 根源 | 首要 | 目的 | 重中之重 | 本质 | 载体 | 契机 | 基础,理念 | 路子 | 终点 | 目的 | 方向 | 纽带 | 要害 | 产物,后盾 | 方向 | 终点 | 实质 | 路子 | 根基 | 支柱 | 使命 | 本质 | 作用 | 生命线 | 至关重要,出发点 | 根基 | 源泉 | 突破口 | 根源 | 首要 | 目的 | 重中之重 | 本质 | 载体 | 契机 | 基础 | 宗旨 | 前提 | 导向 | 关键 | 归宿 | 生命线 | 纽带 | 重要 | 起点 | 意义 | 当务之急 | 途径 | 源头 | 支柱 | 核心 | 导火索 | 使命 | 理念 | 要害 | 作用 | 标志 | 实质 | 至关重要 | 方向 | 路子 | 罪魁祸首 | 后盾 | 产物 | 动力 | 终点 | 之一,43.0,1.0,5.820737741669255e-17,之一:1.000000 | 产物:1.000000 | 作用:1.000000 | 使命:1.000000 | 关键:1.000000 | 出发点:1.000000 | 前提:1.000000 | 动力:1.000000 | 后盾:1.000000 | 基础:1.000000 | 契机:1.000000 | 宗旨:1.000000,
11,35,0.3520045806606064,0.053025011119586296,0.17142857142857143,讨论 | 谈论 | 询问 | 探讨 | 谈 | 问 | 请教 | 议论 | 追问 | 提问 | 商讨 | 聊,反驳 | 话题 | 诉说 | 讲 | 了解 | 议论 | 考察 | 解答,汇报 | 检讨 | 打听 | 答 | 追问 | 提问 | 商讨 | 讨论 | 问 | 辩论 | 聊 | 关于,讨论 | 谈论 | 询问 | 探讨 | 谈 | 问 | 请教 | 议论 | 追问 | 提问 | 商讨 | 聊 | 谈起 | 畅谈 | 研讨 | 打听 | 谈到 | 听取 | 汇报 | 回答 | 诉说 | 讲 | 解答 | 反驳 | 辩论 | 倾听 | 征求 | 求证 | 考察 | 了解 | 检讨 | 话题 | 察看 | 答 | 关于,35.00000000018281,1.0,1.4346860418781013e-21,了解:1.000000 | 倾听:1.000000 | 关于:1.000000 | 反驳:1.000000 | 听取:1.000000 | 商讨:1.000000 | 回答:1.000000 | 察看:1.000000 | 征求:1.000000 | 打听:1.000000 | 探讨:1.000000 | 提问:1.000000,
12,40,0.26882494859345923,-0.021382294163409622,0.725,泥潭 | 困境 | 陷阱 | 僵局 | 阴影 | 输家 | 圈套 | 转折点 | 难关 | 低谷 | 窟窿 | 赢家,台阶 | 悬念 | 危机 | 棋子 | 口子 | 空白 | 失败 | 出路,起跑线 | 口子 | 输家 | 缺口 | 失败 | 压力 | 窟窿 | 包袱 | 破灭 | 门槛 | 挑战 | 赢家,泥潭 | 困境 | 陷阱 | 僵局 | 阴影 | 输家 | 圈套 | 转折点 | 难关 | 低谷 | 窟窿 | 赢家 | 旋涡 | 失败 | 出路 | 危机 | 出局 | 包袱 | 压力 | 失利 | 底线 | 裂痕 | 挑战 | 圈子 | 破灭 | 起跑线 | 筹码 | 阻力 | 悬念 | 门槛 | 台阶 | 缺口 | 垫底 | 棋子 | 掉队 | 禁区 | 之中 | 口子 | 几率 | 空白,40.00000000000071,1.0,3.1364831136185386e-16,之中:1.000000 | 低谷:1.000000 | 僵局:1.000000 | 几率:1.000000 | 出局:1.000000 | 出路:1.000000 | 包袱:1.000000 | 危机:1.000000 | 压力:1.000000 | 口子:1.000000 | 台阶:1.000000 | 困境:1.000000,
13,49,0.37886867181105194,0.05050807173370639,0.24489795918367346,女生 | 男人 | 女孩儿 | 男生 | 女人 | 姑娘 | 少女 | 女性 | 男士 | 男孩儿 | 妇女 | 男性,老人 | 新郎 | 宝宝 | 公主 | 家长 | 她们 | 小朋友 | 新娘,情侣 | 新娘 | 女孩儿 | 女 | 帅哥 | 她们 | 家长 | 男性 | 单身 | 异性 | 中学生 | 男,女生 | 男人 | 女孩儿 | 男生 | 女人 | 姑娘 | 少女 | 女性 | 男士 | 男孩儿 | 妇女 | 男性 | 小伙子 | 男女 | 女子 | 女 | 少年 | 老人 | 男子 | 小朋友 | 男 | 美女 | 孕妇 | 儿童 | 中学生 | 她们 | 帅哥 | 小学生 | 主妇 | 情侣 | 新娘 | 中年 | 青少年 | 婴儿 | 娃娃 | 宝宝 | 异性 | 家长 | 单身 | 人 | 上班族 | 白领 | 新郎 | 普通人 | 成人 | 人群 | 未成年人 | 伴侣 | 公主,49.000006689762294,0.9999999999514007,1.913673939849648e-10,上班族:1.000000 | 中学生:1.000000 | 中年:1.000000 | 主妇:1.000000 | 人:1.000000 | 人群:1.000000 | 伴侣:1.000000 | 儿童:1.000000 | 单身:1.000000 | 女:1.000000 | 女人:1.000000 | 女子:1.000000,
14,24,0.47365710944550293,0.12985876225432144,0.0,晚饭 | 午饭 | 晚餐 | 早饭 | 午餐 | 吃饭 | 早餐 | 饭 | 餐 | 用餐 | 便饭 | 就餐,主食 | 理发 | 做饭 | 饮食 | 喜酒 | 餐 | 盒饭 | 膳食,午餐 | 盒饭 | 食堂 | 早饭 | 餐 | 做饭 | 理发 | 用餐 | 请客 | 晚餐 | 喜酒 | 就餐,晚饭 | 午饭 | 晚餐 | 早饭 | 午餐 | 吃饭 | 早餐 | 饭 | 餐 | 用餐 | 便饭 | 就餐 | 食堂 | 盒饭 | 主食 | 伙食 | 做饭 | 请客 | 饮食 | 住宿 | 膳食 | 顿 | 喜酒 | 理发,24.000000000004214,1.0,5.639124421772183e-24,主食:1.000000 | 伙食:1.000000 | 住宿:1.000000 | 便饭:1.000000 | 做饭:1.000000 | 午餐:1.000000 | 午饭:1.000000 | 吃饭:1.000000 | 喜酒:1.000000 | 就餐:1.000000 | 早餐:1.000000 | 早饭:1.000000,
15,47,0.3527151897586996,0.06563167612612901,0.10638297872340426,阻止 | 抵抗 | 抵御 | 遏制 | 阻挡 | 制止 | 抵挡 | 对付 | 抑制 | 牵制 | 阻拦 | 抵制,妨碍 | 戒备 | 提防 | 容忍 | 诱惑 | 惩罚 | 掩盖 | 掩护,掩饰 | 掩盖 | 抵抗 | 保护 | 克制 | 躲避 | 维护 | 容忍 | 阻拦 | 监视 | 制止 | 阻止,阻止 | 抵抗 | 抵御 | 遏制 | 阻挡 | 制止 | 抵挡 | 对付 | 抑制 | 牵制 | 阻拦 | 抵制 | 防范 | 对抗 | 躲避 | 防止 | 阻挠 | 抗拒 | 打击 | 威慑 | 压制 | 威胁 | 阻碍 | 容忍 | 捍卫 | 保卫 | 应对 | 逃避 | 克制 | 掩饰 | 监视 | 干扰 | 防御 | 保护 | 惩罚 | 提防 | 掩盖 | 限制 | 妨碍 | 掩护 | 控制 | 维护 | 干预 | 戒备 | 应付 | 防 | 诱惑,47.00000000000043,0.9999999999999994,5.3589078118319785e-15,保卫:1.000000 | 保护:1.000000 | 克制:1.000000 | 制止:1.000000 | 压制:1.000000 | 妨碍:1.000000 | 威慑:1.000000 | 威胁:1.000000 | 容忍:1.000000 | 对付:1.000000 | 对抗:1.000000 | 干扰:1.000000,
16,114,0.35805307340806036,0.04212225801221843,0.14912280701754385,唉 | 哎 | 啊 | 嘛 | 呀 | 哎呀 | 挺好 | 哈哈 | 不行 | 没劲 | 吧 | 没意思,俩 | 脑子 | 起来 | 真 | 下去 | 无话可说 | 对得起 | 人缘儿,费劲 | 呢 | 不敢当 | 呀 | 没事儿 | 够呛 | 啦 | 完了 | 怎么办 | 不成 | 了不起 | 说老实话,唉 | 哎 | 啊 | 嘛 | 呀 | 哎呀 | 挺好 | 哈哈 | 不行 | 没劲 | 吧 | 没意思 | 没事儿 | 没用 | 没说的 | 哇 | 哼 | 没关系 | 不像话 | 好说 | 不要紧 | 没辙 | 再说 | 啦 | 没错 | 嘿 | 够 | 好玩儿 | 完了 | 离谱儿 | 够呛 | 不得了 | 哦 | 不好意思 | 活该 | 人缘儿 | 没什么 | 厉害 | 没法儿 | 受不了 | 不怎么样 | 碍事 | 废话 | 玩意儿 | 说不上 | 好 | 对不起 | 算了 | 不算 | 有两下子 | 实话 | 好听 | 不对 | 呢 | 懒得 | 难听 | 不敢当 | 拜托 | 干什么 | 凑合 | 一点儿 | 完蛋 | 要命 | 不怎么 | 费劲 | 好多 | 无话可说 | 真 | 吓人 | 不错 | 好久 | 瞎 | 太 | 舍不得 | 不值 | 也好 | 稀罕 | 吗 | 挺 | 俩 | 怎么办 | 说老实话 | 实话实说 | 好家伙 | 了不起 | 算 | 慢慢来 | 得 | 一塌糊涂 | 不够 | 要紧 | 脑子 | 豁出去 | 过不去 | 出毛病 | 蛮 | 过奖 | 叫 | 得了 | 懂 | 管用 | 岂有此理 | 坏 | 对得起 | 不成 | 比不上 | 赶不上 | 起来 | 了 | 下去 | 少 | 完 | 快 | 连,113.9939724476102,0.9999470960754535,0.00007328994450041651,一塌糊涂:1.000000 | 不像话:1.000000 | 不怎么样:1.000000 | 不成:1.000000 | 不敢当:1.000000 | 不行:1.000000 | 不错:1.000000 | 人缘儿:1.000000 | 凑合:1.000000 | 出毛病:1.000000 | 厉害:1.000000 | 吧:1.000000,
17,48,0.4667732228625053,0.1295892575716053,0.020833333333333332,红薯 | 茄子 | 南瓜 | 西红柿 | 黄瓜 | 辣椒 | 柿子 | 西瓜 | 白菜 | 香蕉 | 花生 | 核桃,肉 | 菜 | 特产 | 蛋 | 熟 | 菊花 | 桂花 | 鸡蛋,姜 | 葱 | 百合 | 麻 | 水果 | 蜜 | 肉 | 瓜 | 特产 | 西瓜 | 柿子 | 菜,红薯 | 茄子 | 南瓜 | 西红柿 | 黄瓜 | 辣椒 | 柿子 | 西瓜 | 白菜 | 香蕉 | 花生 | 核桃 | 萝卜 | 土豆 | 水果 | 梨 | 番茄 | 蔬菜 | 蘑菇 | 蒜 | 葡萄 | 瓜 | 椰子 | 莲子 | 枣 | 菜 | 葱 | 鸡蛋 | 桂花 | 桃 | 豆子 | 虾 | 茶叶 | 肉 | 橘子 | 芝麻 | 菊花 | 大米 | 瓜子 | 百合 | 熟 | 玫瑰 | 蜜 | 蛋 | 姜 | 特产 | 麻 | 苹果,48.000000084341096,1.0,1.3122122584368087e-15,南瓜:1.000000 | 土豆:1.000000 | 大米:1.000000 | 姜:1.000000 | 枣:1.000000 | 柿子:1.000000 | 核桃:1.000000 | 桂花:1.000000 | 桃:1.000000 | 梨:1.000000 | 椰子:1.000000 | 橘子:1.000000,
18,54,0.2647964922615911,-0.004467692202947162,0.6111111111111112,重叠 | 衔接 | 分开 | 分割 | 划分 | 区分 | 重合 | 交替 | 交叉 | 分离 | 并行 | 间隔,隔 | 隔开 | 流转 | 直线 | 衔接 | 紧密 | 迁移 | 混淆,区分 | 交接 | 转换 | 颠倒 | 互补 | 分工 | 重叠 | 分布 | 呼应 | 滚动 | 并列 | 对称,重叠 | 衔接 | 分开 | 分割 | 划分 | 区分 | 重合 | 交替 | 交叉 | 分离 | 并行 | 间隔 | 排列 | 隔开 | 错位 | 互补 | 混淆 | 顺序 | 界限 | 颠倒 | 融合 | 匹配 | 界线 | 分成 | 横向 | 分散 | 转换 | 紧密 | 分工 | 变换 | 隔离 | 同步 | 轮换 | 呼应 | 对称 | 重复 | 交接 | 分布 | 关联 | 合并 | 循环 | 并列 | 流动 | 统一 | 运转 | 流转 | 调节 | 迁移 | 隔 | 跨 | 滚动 | 过渡 | 上下 | 直线,54.00000000003449,1.0,2.476748578973017e-17,上下:1.000000 | 互补:1.000000 | 交叉:1.000000 | 交接:1.000000 | 交替:1.000000 | 关联:1.000000 | 分割:1.000000 | 分工:1.000000 | 分布:1.000000 | 分开:1.000000 | 分成:1.000000 | 分散:1.000000,
19,69,0.2964153547329641,0.020061834809437917,0.3333333333333333,法律 | 职权 | 法规 | 宪法 | 职责 | 规定 | 权利 | 规则 | 纪律 | 职能 | 权力 | 制度,要求 | 司法 | 依法 | 检察 | 指令 | 公务 | 公正 | 上级,条约 | 保障 | 公正 | 规则 | 法制 | 事务 | 特权 | 惯例 | 契约 | 要求 | 执法 | 廉政,法律 | 职权 | 法规 | 宪法 | 职责 | 规定 | 权利 | 规则 | 纪律 | 职能 | 权力 | 制度 | 司法 | 履行 | 监督 | 条例 | 规范 | 遵守 | 刑法 | 秩序 | 法制 | 执法 | 行政 | 依法 | 人权 | 程序 | 约束 | 违反 | 公约 | 义务 | 机关 | 准则 | 监察 | 责任 | 规矩 | 契约 | 公正 | 体制 | 特权 | 监管 | 行使 | 合法 | 条约 | 利益 | 公平 | 检察 | 事务 | 现行 | 税务 | 财产 | 负有 | 惯例 | 保障 | 部门 | 主权 | 组织 | 权 | 廉政 | 下级 | 指令 | 限度 | 管辖 | 联合国 | 要求 | 服从 | 联邦 | 上级 | 公务 | 效力,68.99999974244736,0.9999999962322614,1.2036304195121514e-8,上级:1.000000 | 下级:1.000000 | 主权:1.000000 | 义务:1.000000 | 事务:1.000000 | 人权:1.000000 | 依法:1.000000 | 保障:1.000000 | 公务:1.000000 | 公平:1.000000 | 准则:1.000000 | 刑法:1.000000,
20,60,0.3441976840523282,0.06405167974492838,0.1,常常 | 时常 | 总是 | 始终 | 一直 | 却 | 依然 | 仍然 | 仍旧 | 经常 | 依旧 | 从来,为何 | 一时 | 着实 | 早已 | 更是 | 一如既往 | 又 | 却,颇 | 常 | 始终 | 从来 | 老是 | 经常 | 总是 | 毫不 | 一再 | 屡次 | 一贯 | 无不,常常 | 时常 | 总是 | 始终 | 一直 | 却 | 依然 | 仍然 | 仍旧 | 经常 | 依旧 | 从来 | 不时 | 从来不 | 老是 | 从不 | 时不时 | 一向 | 屡次 | 向来 | 曾经 | 从未 | 竟 | 不免 | 一再 | 仍 | 再也 | 从没 | 时时 | 曾 | 偶尔 | 难免 | 不曾 | 频频 | 丝毫 | 屡 | 不能不 | 一度 | 历来 | 处处 | 常 | 无不 | 都会 | 又 | 一贯 | 时而 | 不再 | 着实 | 颇 | 早已 | 多次 | 毫不 | 自始至终 | 更是 | 越发 | 迟迟 | 免不了 | 一如既往 | 为何 | 一时,60.00226357247127,0.9999999881358493,3.4152747222602036e-8,一再:1.000000 | 一向:1.000000 | 一如既往:1.000000 | 一度:1.000000 | 一时:1.000000 | 一直:1.000000 | 一贯:1.000000 | 不免:1.000000 | 不再:1.000000 | 不时:1.000000 | 不曾:1.000000 | 不能不:1.000000,
21,43,0.33601931193112067,0.05956592253437787,0.11627906976744186,捐助 | 捐赠 | 捐款 | 筹集 | 拨款 | 捐献 | 筹措 | 募捐 | 资助 | 捐 | 款项 | 交纳,集资 | 接济 | 缴纳 | 赠送 | 退回 | 经费 | 没收 | 拆迁,发放 | 筹措 | 捐赠 | 安置 | 经费 | 捐献 | 拆迁 | 无偿 | 款项 | 交纳 | 赞助 | 征收,捐助 | 捐赠 | 捐款 | 筹集 | 拨款 | 捐献 | 筹措 | 募捐 | 资助 | 捐 | 款项 | 交纳 | 返还 | 缴纳 | 归还 | 援助 | 无偿 | 减免 | 救济 | 抚恤 | 补偿 | 偿还 | 经费 | 拖欠 | 征收 | 转交 | 发放 | 赞助 | 出资 | 接济 | 安置 | 移交 | 接收 | 集资 | 赠送 | 退回 | 收回 | 没收 | 拆迁 | 索取 | 分配 | 搬迁 | 动用,43.00000000005653,1.0,1.4659953295784475e-15,交纳:1.000000 | 偿还:1.000000 | 减免:1.000000 | 出资:1.000000 | 分配:1.000000 | 动用:1.000000 | 募捐:1.000000 | 发放:1.000000 | 安置:1.000000 | 归还:1.000000 | 征收:1.000000 | 抚恤:1.000000,
22,37,0.3326047269956717,0.03358946205623068,0.21621621621621623,探亲 | 求学 | 出国 | 出差 | 探望 | 打工 | 回国 | 定居 | 外出 | 休假 | 请假 | 结婚,订婚 | 领养 | 不辞而别 | 团聚 | 结婚 | 留学 | 上门 | 休假,回国 | 参军 | 讲学 | 出差 | 避难 | 下乡 | 不辞而别 | 留学 | 自费 | 经商 | 外出 | 居住,探亲 | 求学 | 出国 | 出差 | 探望 | 打工 | 回国 | 定居 | 外出 | 休假 | 请假 | 结婚 | 留学 | 投奔 | 出走 | 讲学 | 拜访 | 拜见 | 谋生 | 经商 | 休养 | 团聚 | 避难 | 学艺 | 看望 | 不辞而别 | 外地 | 搬家 | 自费 | 取经 | 下海 | 领养 | 居住 | 下乡 | 订婚 | 参军 | 上门,37.000000000000696,1.0,9.110546896942341e-19,上门:1.000000 | 下乡:1.000000 | 下海:1.000000 | 不辞而别:1.000000 | 休假:1.000000 | 休养:1.000000 | 出国:1.000000 | 出差:1.000000 | 出走:1.000000 | 参军:1.000000 | 取经:1.000000 | 回国:1.000000,
23,67,0.3686833582981528,0.025078627349326053,0.31343283582089554,房间 | 卧室 | 客厅 | 教室 | 宿舍 | 浴室 | 楼道 | 卫生间 | 楼房 | 病房 | 寝室 | 洗手间,餐桌 | 围墙 | 病床 | 草坪 | 座位 | 柜台 | 屋顶 | 书房,临街 | 卫生间 | 厕所 | 栋 | 操场 | 幢 | 洗手间 | 床位 | 住宅 | 厅 | 宿舍 | 大厦,房间 | 卧室 | 客厅 | 教室 | 宿舍 | 浴室 | 楼道 | 卫生间 | 楼房 | 病房 | 寝室 | 洗手间 | 楼 | 书房 | 教学楼 | 地下室 | 厨房 | 居民楼 | 大楼 | 客房 | 大厅 | 厕所 | 操场 | 礼堂 | 幢 | 临街 | 手术室 | 栋 | 阅览室 | 屋 | 办公室 | 房子 | 车厢 | 走廊 | 室 | 更衣室 | 电梯 | 围墙 | 住处 | 机舱 | 屋顶 | 别墅 | 大厦 | 上楼 | 草坪 | 座位 | 仓库 | 房屋 | 病床 | 四合院 | 看台 | 空地 | 场地 | 厅 | 住宅 | 办公 | 柜台 | 床位 | 工地 | 车间 | 装修 | 新房 | 餐桌 | 实验室 | 前台 | 露天 | 平方米,67.00000000000978,0.9999999999520751,1.9164967699122896e-10,上楼:1.000000 | 临街:1.000000 | 仓库:1.000000 | 住处:1.000000 | 住宅:1.000000 | 别墅:1.000000 | 前台:1.000000 | 办公:1.000000 | 办公室:1.000000 | 厅:1.000000 | 厕所:1.000000 | 厨房:1.000000,
24,47,0.3931739385538314,0.15626123201073464,0.02127659574468085,任命 | 职务 | 就任 | 辞职 | 出任 | 辞去 | 聘任 | 罢免 | 连任 | 任职 | 任期 | 担任,否决 | 董事会 | 辞 | 大选 | 退休 | 接班 | 上台 | 接手,任 | 聘 | 辞职 | 担任 | 出任 | 撤换 | 任命 | 辞退 | 连任 | 辞 | 任期 | 离职,任命 | 职务 | 就任 | 辞职 | 出任 | 辞去 | 聘任 | 罢免 | 连任 | 任职 | 任期 | 担任 | 免职 | 提名 | 撤换 | 当选 | 辞退 | 上任 | 离职 | 辞呈 | 公职 | 任 | 兼任 | 就职 | 接替 | 选举 | 现任 | 人选 | 提拔 | 解雇 | 职位 | 下台 | 候选人 | 推选 | 前任 | 聘 | 竞选 | 开除 | 退休 | 辞 | 接班 | 接手 | 董事会 | 上台 | 否决 | 大选 | 人事,47.000000004179746,0.9999999999991631,3.943747675781546e-12,上任:1.000000 | 上台:1.000000 | 下台:1.000000 | 人事:1.000000 | 人选:1.000000 | 任:1.000000 | 任命:1.000000 | 任期:1.000000 | 任职:1.000000 | 候选人:1.000000 | 免职:1.000000 | 公职:1.000000,
25,86,0.28251396276089197,0.022687311077722004,0.29069767441860467,业务 | 产业 | 运营 | 研发 | 产品 | 拓展 | 企业 | 发展 | 整合 | 创新 | 开发 | 应用,专利 | 优势 | 品种 | 数据 | 开放 | 效益 | 建设 | 治理,开拓 | 集团 | 经营 | 运营 | 配置 | 孵化 | 竞争 | 建设 | 品种 | 未来 | 拓展 | 发展,业务 | 产业 | 运营 | 研发 | 产品 | 拓展 | 企业 | 发展 | 整合 | 创新 | 开发 | 应用 | 服务 | 平台 | 领域 | 布局 | 转型 | 行业 | 品牌 | 技术 | 建设 | 销售 | 战略 | 市场 | 优化 | 经营 | 渠道 | 开拓 | 项目 | 竞争 | 推广 | 管理 | 协同 | 运作 | 公司 | 资源 | 物流 | 扩张 | 变革 | 零售 | 板块 | 驱动 | 并购 | 厂商 | 体系 | 优势 | 升级 | 客户 | 配送 | 系统 | 订单 | 巨头 | 租赁 | 配套 | 服务业 | 效益 | 合资 | 配置 | 孵化 | 落地 | 方面 | 采购 | 层面 | 扩展 | 储备 | 治理 | 工程 | 数据 | 上市 | 团队 | 设计 | 收购 | 集团 | 重组 | 转化 | 实体 | 输出 | 品种 | 攻关 | 未来 | 运行 | 专利 | 牌照 | 开放 | 化 | 起步,85.99353180072241,0.9999247622591375,0.00008672727819852246,专利:1.000000 | 业务:1.000000 | 产品:1.000000 | 体系:1.000000 | 储备:1.000000 | 创新:1.000000 | 化:1.000000 | 升级:1.000000 | 发展:1.000000 | 变革:1.000000 | 品牌:1.000000 | 品种:1.000000,
26,62,0.3168482808619037,-0.029798962289094323,0.6774193548387096,亲生 | 子女 | 后代 | 儿女 | 抚养 | 子孙 | 辈 | 后裔 | 娶 | 父子 | 夫妇 | 母子,师长 | 老家 | 乡下 | 夫人 | 全家 | 皇后 | 本人 | 母女,生平 | 夫人 | 相依为命 | 早年 | 配偶 | 辈 | 母 | 子弟 | 本人 | 亲属 | 全家 | 子女,亲生 | 子女 | 后代 | 儿女 | 抚养 | 子孙 | 辈 | 后裔 | 娶 | 父子 | 夫妇 | 母子 | 亲属 | 母女 | 父女 | 老家 | 夫妻 | 年迈 | 祖先 | 赡养 | 家境 | 成家 | 配偶 | 嫁 | 去世 | 家族 | 祖籍 | 收养 | 全家 | 家乡 | 出生 | 长大 | 晚年 | 祖宗 | 家庭 | 故乡 | 血缘 | 双胞胎 | 相依为命 | 婚姻 | 从小 | 独身 | 夫人 | 乡下 | 生前 | 子弟 | 孪生 | 遗嘱 | 遗愿 | 早年 | 成年 | 弟子 | 出身 | 世代 | 生平 | 王后 | 岁 | 姓 | 母 | 师长 | 皇后 | 本人,61.99999994881451,0.9999999991736048,2.7930204948621315e-9,世代:1.000000 | 乡下:1.000000 | 亲属:1.000000 | 亲生:1.000000 | 从小:1.000000 | 全家:1.000000 | 出生:1.000000 | 出身:1.000000 | 去世:1.000000 | 双胞胎:1.000000 | 后代:1.000000 | 后裔:1.000000,
27,75,0.3578387513154824,0.05152668541195481,0.21333333333333335,电视剧 | 电影 | 影片 | 剧 | 纪录片 | 节目 | 动画片 | 导演 | 播出 | 短片 | 喜剧 | 剧本,演唱会 | 舞台 | 创作 | 剧目 | 编排 | 演员 | 唱片 | 作品,电影 | 卫视 | 动画片 | 导演 | 剧组 | 剧本 | 纪录片 | 舞台 | 出演 | 电视 | 改编 | 转播,电视剧 | 电影 | 影片 | 剧 | 纪录片 | 节目 | 动画片 | 导演 | 播出 | 短片 | 喜剧 | 剧本 | 动画 | 片子 | 编剧 | 主演 | 连续剧 | 配音 | 剧情 | 播放 | 演员 | 放映 | 剧目 | 录制 | 上映 | 出演 | 字幕 | 拍摄 | 剧场 | 作品 | 电视 | 重播 | 电视台 | 主题歌 | 小说 | 画面 | 创作 | 剧组 | 片段 | 华语 | 卫视 | 演 | 转播 | 改编 | 录音 | 专辑 | 收视率 | 视频 | 影视 | 演技 | 搞笑 | 演唱会 | 唱片 | 对白 | 科幻 | 制作 | 银幕 | 直播 | 录像 | 播 | 票房 | 大片 | 演播室 | 情节 | 游戏 | 镜头 | 广播 | 舞台 | 编排 | 摄影师 | 实况 | 电台 | 原创 | 开场 | 幕,74.99997454462635,0.9999996599486254,7.701664731200003e-7,上映:1.000000 | 专辑:1.000000 | 主演:1.000000 | 主题歌:1.000000 | 出演:1.000000 | 创作:1.000000 | 制作:1.000000 | 剧:1.000000 | 剧情:1.000000 | 剧本:1.000000 | 剧组:1.000000 | 动画片:1.000000,
28,30,0.3525060956727153,0.08459925597623287,0.1,名声 | 名气 | 声望 | 声誉 | 知名度 | 威信 | 影响力 | 信誉 | 实力 | 地位 | 显赫 | 资历,软实力 | 士气 | 分量 | 威力 | 威风 | 面子 | 名利 | 建树,分量 | 显赫 | 功劳 | 名气 | 形象 | 声望 | 面子 | 实力 | 头衔 | 地位 | 成就 | 影响力,名声 | 名气 | 声望 | 声誉 | 知名度 | 威信 | 影响力 | 信誉 | 实力 | 地位 | 显赫 | 资历 | 荣誉 | 名誉 | 口碑 | 人气 | 形象 | 士气 | 头衔 | 面子 | 威风 | 功劳 | 光环 | 成就 | 名利 | 身价 | 分量 | 软实力 | 建树 | 威力,30.0,1.0,3.1539588076825032e-27,人气:1.000000 | 信誉:1.000000 | 光环:1.000000 | 分量:1.000000 | 功劳:1.000000 | 口碑:1.000000 | 名利:1.000000 | 名声:1.000000 | 名气:1.000000 | 名誉:1.000000 | 地位:1.000000 | 士气:1.000000,
29,25,0.32057318262519297,0.03230240897991967,0.4,关注 | 留意 | 注意 | 关心 | 重视 | 留心 | 看重 | 看好 | 注视 | 密切 | 观察 | 看待,追踪 | 感兴趣 | 对待 | 建议 | 望 | 关心 | 看 | 观察,看中 | 关心 | 考虑 | 推荐 | 望 | 对待 | 值得 | 专注 | 看好 | 追踪 | 注意 | 看,关注 | 留意 | 注意 | 关心 | 重视 | 留心 | 看重 | 看好 | 注视 | 密切 | 观察 | 看待 | 考虑 | 警惕 | 看 | 跟踪 | 值得 | 对待 | 看中 | 专注 | 追踪 | 感兴趣 | 建议 | 推荐 | 望,25.000000000000046,1.0,2.0332103973708806e-25,专注:1.000000 | 值得:1.000000 | 关心:1.000000 | 关注:1.000000 | 密切:1.000000 | 对待:1.000000 | 建议:1.000000 | 感兴趣:1.000000 | 推荐:1.000000 | 望:1.000000 | 注意:1.000000 | 注视:1.000000,
30,58,0.2930185245820308,-0.01296525239463765,0.603448275862069,挣钱 | 干活儿 | 赔钱 | 吃亏 | 做生意 | 赚钱 | 操心 | 发财 | 过日子 | 活儿 | 掏钱 | 出息,心眼儿 | 见钱眼开 | 随大溜 | 着落 | 家务 | 能干 | 后顾之忧 | 干活儿,干活儿 | 下手 | 拍板 | 出息 | 点子 | 随大溜 | 一毛不拔 | 碰钉子 | 本钱 | 赚钱 | 发财 | 炒股,挣钱 | 干活儿 | 赔钱 | 吃亏 | 做生意 | 赚钱 | 操心 | 发财 | 过日子 | 活儿 | 掏钱 | 出息 | 见钱眼开 | 本钱 | 门路 | 算账 | 碰钉子 | 随大溜 | 亏本 | 能干 | 算计 | 心眼儿 | 盘算 | 沾光 | 养活 | 打仗 | 脑筋 | 家务 | 着想 | 算盘 | 说干就干 | 倾家荡产 | 动手 | 上当 | 修路 | 致富 | 甜头 | 下手 | 帮手 | 办事 | 走弯路 | 饭碗 | 生意 | 多劳多得 | 手头 | 着落 | 节衣缩食 | 炒股 | 一毛不拔 | 出头 | 改邪归正 | 担子 | 后顾之忧 | 拍板 | 出手 | 各奔前程 | 点子 | 定心丸,57.99999999998806,0.9999999999997848,1.0607905269693024e-12,一毛不拔:1.000000 | 下手:1.000000 | 亏本:1.000000 | 修路:1.000000 | 倾家荡产:1.000000 | 做生意:1.000000 | 养活:1.000000 | 出头:1.000000 | 出息:1.000000 | 出手:1.000000 | 办事:1.000000 | 动手:1.000000,
31,33,0.3913898486050103,0.07285888507862147,0.09090909090909091,疑虑 | 疑惑 | 疑问 | 担忧 | 顾虑 | 忧虑 | 猜测 | 困惑 | 质疑 | 误解 | 怀疑 | 疑点,怨言 | 烦恼 | 困惑 | 怨气 | 担心 | 误会 | 隐情 | 风波,质疑 | 疑问 | 传闻 | 疑点 | 负面 | 隐情 | 风波 | 分歧 | 心病 | 争论 | 疑虑 | 猜想,疑虑 | 疑惑 | 疑问 | 担忧 | 顾虑 | 忧虑 | 猜测 | 困惑 | 质疑 | 误解 | 怀疑 | 疑点 | 争论 | 揣测 | 担心 | 谜团 | 误会 | 猜想 | 争议 | 烦恼 | 传言 | 困扰 | 隐情 | 怨气 | 分歧 | 矛盾 | 传闻 | 怨言 | 心病 | 谜 | 风波 | 玄机 | 负面,33.0000000000028,1.0,1.4703385715777532e-21,争议:1.000000 | 争论:1.000000 | 传言:1.000000 | 传闻:1.000000 | 分歧:1.000000 | 困惑:1.000000 | 困扰:1.000000 | 心病:1.000000 | 忧虑:1.000000 | 怀疑:1.000000 | 怨气:1.000000 | 怨言:1.000000,
32,71,0.4018419869239039,0.07261730626813259,0.04225352112676056,摇头 | 扭头 | 小声 | 苦笑 | 点头 | 冷笑 | 神情 | 叹气 | 咧嘴 | 笑 | 眼神 | 瞪,大声 | 哀求 | 迟疑 | 言语 | 皱 | 瞅 | 请坐 | 沉思,道 | 指着 | 一言不发 | 得意扬扬 | 站住 | 目不转睛 | 漠然 | 笑 | 直视 | 坐下 | 反问 | 大声,摇头 | 扭头 | 小声 | 苦笑 | 点头 | 冷笑 | 神情 | 叹气 | 咧嘴 | 笑 | 眼神 | 瞪 | 坐下 | 微笑 | 走开 | 一眼 | 大声 | 自言自语 | 一言不发 | 脸色 | 瞅 | 插嘴 | 眼色 | 招呼 | 说道 | 口气 | 一声不吭 | 示意 | 愣 | 迟疑 | 笑容 | 低头 | 打量 | 表情 | 反问 | 眨眼 | 语气 | 告辞 | 漠然 | 神气 | 转身 | 目不转睛 | 瞧 | 皱 | 神态 | 会意 | 回头 | 得意扬扬 | 招手 | 伸手 | 站住 | 哀求 | 过头 | 沉默 | 沉思 | 指着 | 递给 | 停下 | 俯首 | 开口 | 笑脸 | 抬头 | 请坐 | 举手 | 直视 | 道 | 放下 | 言语 | 手势 | 张扬 | 地,70.99999996866609,0.9999999995376833,1.593955579284062e-9,一声不吭:1.000000 | 一眼:1.000000 | 一言不发:1.000000 | 举手:1.000000 | 会意:1.000000 | 伸手:1.000000 | 低头:1.000000 | 俯首:1.000000 | 停下:1.000000 | 冷笑:1.000000 | 口气:1.000000 | 叹气:1.000000,
33,78,0.39295923854954273,0.07573449666756028,0.038461538461538464,难道 | 好像 | 可是 | 也许 | 就算 | 反正 | 要是 | 要不然 | 好歹 | 看样子 | 说不定 | 真的,说 | 眼里 | 晓得 | 知道 | 听说 | 以前 | 这会儿 | 想不到,本来 | 反正 | 没准儿 | 幸亏 | 以为 | 那会儿 | 为什么 | 大概 | 当真 | 看样子 | 果真 | 难怪,难道 | 好像 | 可是 | 也许 | 就算 | 反正 | 要是 | 要不然 | 好歹 | 看样子 | 说不定 | 真的 | 果然 | 没准儿 | 幸亏 | 居然 | 不然 | 幸好 | 要不 | 这会儿 | 是不是 | 莫非 | 明明 | 怪不得 | 说真的 | 别说 | 觉得 | 竟然 | 偏偏 | 要不是 | 按说 | 没想到 | 倒是 | 知道 | 当真 | 果真 | 既然 | 那 | 敢情 | 本来 | 那时候 | 确实 | 的确 | 难怪 | 可惜 | 据说 | 简直 | 听说 | 好在 | 以为 | 晓得 | 那时 | 那会儿 | 大概 | 想不到 | 为什么 | 估计 | 实在 | 可不是 | 现在 | 不知 | 原来 | 说 | 后来 | 看来 | 但愿 | 当时 | 这 | 才 | 总算 | 看得出 | 究竟 | 当初 | 到底 | 算是 | 以前 | 眼里 | 万万,78.00136130329153,0.9999910062247054,0.000014252231713516904,万万:1.000000 | 不知:1.000000 | 估计:1.000000 | 但愿:1.000000 | 偏偏:1.000000 | 原来:1.000000 | 可惜:1.000000 | 听说:1.000000 | 幸亏:1.000000 | 幸好:1.000000 | 当初:1.000000 | 当时:1.000000,
34,46,0.2742591042206644,0.003734845273375678,0.5869565217391305,优秀 | 顶尖 | 顶级 | 一流 | 杰出 | 世界级 | 优质 | 卓越 | 经典 | 优良 | 领先 | 最佳,抢眼 | 特色 | 突出 | 典型 | 全新 | 一代 | 划时代 | 全能,脱颖而出 | 主流 | 最好 | 成功 | 重量级 | 最 | 典型 | 同类 | 优秀 | 尖端 | 优异 | 优质,优秀 | 顶尖 | 顶级 | 一流 | 杰出 | 世界级 | 优质 | 卓越 | 经典 | 优良 | 领先 | 最佳 | 知名 | 优异 | 先进 | 精品 | 重量级 | 热门 | 领军 | 最好 | 尖端 | 主流 | 特色 | 前沿 | 本土 | 水准 | 全新 | 巅峰 | 划时代 | 典型 | 理想 | 当今 | 全能 | 同类 | 适合 | 冷门 | 抢眼 | 合格 | 像样 | 脱颖而出 | 突出 | 最 | 超级 | 棒 | 成功 | 一代,46.00000000347885,1.0,1.8095615490441132e-16,一代:1.000000 | 一流:1.000000 | 世界级:1.000000 | 主流:1.000000 | 优异:1.000000 | 优秀:1.000000 | 优良:1.000000 | 优质:1.000000 | 像样:1.000000 | 先进:1.000000 | 全新:1.000000 | 全能:1.000000,
35,37,0.2945931869651998,0.001672057400318756,0.5135135135135135,沿着 | 走 | 顺着 | 往 | 向前 | 越过 | 向着 | 穿过 | 朝着 | 沿 | 奔 | 踏,下 | 跑 | 站 | 踏 | 一路上 | 进 | 沿 | 顺势,顺势 | 拐 | 穿过 | 下 | 顺着 | 站 | 沿着 | 掉头 | 朝 | 往后 | 走过 | 越过,沿着 | 走 | 顺着 | 往 | 向前 | 越过 | 向着 | 穿过 | 朝着 | 沿 | 奔 | 踏 | 走过 | 掉头 | 绕 | 一路 | 拐 | 跑 | 闯 | 朝 | 一路上 | 往后 | 穿越 | 进 | 跟随 | 攀 | 顺势 | 一路顺风 | 探 | 迈 | 顺 | 步 | 随 | 越 | 带路 | 站 | 下,37.00000000000013,1.0,5.602322527075568e-18,一路:1.000000 | 一路上:1.000000 | 一路顺风:1.000000 | 下:1.000000 | 向前:1.000000 | 向着:1.000000 | 奔:1.000000 | 带路:1.000000 | 往:1.000000 | 往后:1.000000 | 拐:1.000000 | 掉头:1.000000,
36,56,0.339695893136533,0.031731782490995175,0.25,丧生 | 受伤 | 伤亡 | 倒塌 | 重伤 | 毁坏 | 死亡 | 惨重 | 遇难 | 袭击 | 事故 | 车祸,灾难 | 停电 | 火灾 | 突发 | 哗变 | 悲剧 | 无辜 | 浩劫,惨重 | 幸免 | 牺牲 | 突发 | 遭遇 | 骚乱 | 重伤 | 面目全非 | 波及 | 损失 | 出事 | 撞击,丧生 | 受伤 | 伤亡 | 倒塌 | 重伤 | 毁坏 | 死亡 | 惨重 | 遇难 | 袭击 | 事故 | 车祸 | 遭受 | 损坏 | 火灾 | 爆炸 | 失踪 | 烧毁 | 遭殃 | 重创 | 不幸 | 灾难 | 损失 | 浩劫 | 着火 | 倒下 | 出事 | 伤害 | 悲剧 | 毁 | 伤 | 幸存 | 受害 | 无辜 | 骚乱 | 空难 | 幸免 | 发生 | 破裂 | 厄运 | 撞击 | 断裂 | 停电 | 灭绝 | 遭遇 | 波及 | 遭到 | 倒闭 | 解体 | 事件 | 牺牲 | 哗变 | 卷入 | 突发 | 面目全非 | 垮,56.000000185965206,0.9999999999999994,3.824777180557522e-15,不幸:1.000000 | 丧生:1.000000 | 事件:1.000000 | 事故:1.000000 | 伤:1.000000 | 伤亡:1.000000 | 伤害:1.000000 | 倒下:1.000000 | 倒塌:1.000000 | 倒闭:1.000000 | 停电:1.000000 | 出事:1.000000,
37,35,0.34763136658926236,0.0698350000964847,0.02857142857142857,寻找 | 寻觅 | 探求 | 思索 | 琢磨 | 思考 | 揣摩 | 挖掘 | 摸索 | 找出 | 搜寻 | 探索,整理 | 打磨 | 找到 | 模仿 | 酝酿 | 研究 | 审视 | 提炼,找到 | 揣摩 | 发掘 | 审视 | 寻觅 | 找出 | 查找 | 摸索 | 搜寻 | 提炼 | 研究 | 反思,寻找 | 寻觅 | 探求 | 思索 | 琢磨 | 思考 | 揣摩 | 挖掘 | 摸索 | 找出 | 搜寻 | 探索 | 查找 | 搜集 | 审视 | 推敲 | 发掘 | 辨别 | 寻求 | 找到 | 分辨 | 捕捉 | 反思 | 梳理 | 辨认 | 研究 | 寻 | 挑选 | 权衡 | 提炼 | 尝试 | 打磨 | 模仿 | 酝酿 | 整理,35.000000000000824,1.0,1.0112595674204288e-20,分辨:1.000000 | 反思:1.000000 | 发掘:1.000000 | 审视:1.000000 | 寻:1.000000 | 寻找:1.000000 | 寻求:1.000000 | 寻觅:1.000000 | 尝试:1.000000 | 思索:1.000000 | 思考:1.000000 | 打磨:1.000000,
38,74,0.3088486691136275,-0.0016228503901683155,0.5405405405405406,溶解 | 加热 | 液体 | 搅拌 | 氧气 | 含量 | 蛋白质 | 气体 | 脂肪 | 热量 | 氧 | 水分,气味 | 酿造 | 适量 | 毫升 | 酸 | 营养 | 脂肪 | 冷冻,贮藏 | 保质期 | 二氧化碳 | 成型 | 燃烧 | 真空 | 浓缩 | 有毒 | 变质 | 腐烂 | 保鲜 | 氧气,溶解 | 加热 | 液体 | 搅拌 | 氧气 | 含量 | 蛋白质 | 气体 | 脂肪 | 热量 | 氧 | 水分 | 洗涤剂 | 二氧化碳 | 浸泡 | 酒精 | 气泡 | 凝固 | 钙 | 富含 | 细菌 | 有毒 | 过滤 | 燃烧 | 冷冻 | 常温 | 海藻 | 贮藏 | 含有 | 酸 | 冲洗 | 烘干 | 腐烂 | 粪便 | 有害 | 气味 | 成分 | 物质 | 剂 | 纤维 | 变质 | 营养 | 保鲜 | 浓缩 | 掺 | 密封 | 污染 | 融化 | 分解 | 尾气 | 净化 | 能量 | 发酵 | 均匀 | 腐蚀 | 制成 | 毫升 | 废物 | 结晶 | 保质期 | 浮力 | 排放 | 碳 | 超标 | 维生素 | 适量 | 酿造 | 有机 | 真空 | 天然 | 泡沫 | 成型 | 海绵 | 备用,73.9999999513185,0.9999999993421419,2.2160699642278037e-9,二氧化碳:1.000000 | 保质期:1.000000 | 保鲜:1.000000 | 冲洗:1.000000 | 冷冻:1.000000 | 净化:1.000000 | 凝固:1.000000 | 分解:1.000000 | 制成:1.000000 | 剂:1.000000 | 加热:1.000000 | 发酵:1.000000,
39,74,0.23739595032317656,-0.0067927654361708304,0.581081081081081,大部分 | 大多数 | 绝大多数 | 其余 | 多数 | 所有 | 部分 | 其他 | 原有 | 个别 | 各个 | 现有,背后 | 从前 | 中 | 正面 | 过去 | 外界 | 另 | 当中,全体 | 一半 | 外 | 原 | 内地 | 以上 | 过往 | 在内 | 部分 | 许多 | 一些 | 基本,大部分 | 大多数 | 绝大多数 | 其余 | 多数 | 所有 | 部分 | 其他 | 原有 | 个别 | 各个 | 现有 | 许多 | 原先 | 这些 | 一部分 | 上述 | 以往 | 全部 | 少数 | 以外 | 一些 | 半数 | 自身 | 不少 | 各 | 外部 | 先前 | 整个 | 剩余 | 内部 | 外 | 剩下 | 国外 | 最初 | 本地 | 主要 | 过往 | 除 | 任何 | 早期 | 外国 | 过去 | 一半 | 之外 | 外界 | 各自 | 内 | 多余 | 底层 | 全体 | 其 | 当中 | 哪些 | 以上 | 内地 | 内外 | 另 | 日常 | 当地 | 唯一 | 基本 | 某 | 从前 | 以内 | 原始 | 所 | 原 | 所属 | 在内 | 以下 | 背后 | 正面 | 中,74.00078483447773,0.9999999932880699,2.0632724050541845e-8,一半:1.000000 | 一部分:1.000000 | 上述:1.000000 | 不少:1.000000 | 个别:1.000000 | 中:1.000000 | 从前:1.000000 | 以上:1.000000 | 以下:1.000000 | 以内:1.000000 | 以外:1.000000 | 以往:1.000000,
40,62,0.3546412769454651,0.051507138724719966,0.12903225806451613,祝贺 | 庆贺 | 悼念 | 祝福 | 庆祝 | 送别 | 庆典 | 联欢 | 送行 | 致敬 | 典礼 | 祝愿,晚会 | 招待 | 鞠躬 | 此致 | 拜年 | 掌声 | 恭喜 | 捧场,慰劳 | 诞辰 | 勋章 | 欢聚 | 庆贺 | 葬礼 | 晚会 | 缅怀 | 悼念 | 鼓掌 | 集会 | 贵宾,祝贺 | 庆贺 | 悼念 | 祝福 | 庆祝 | 送别 | 庆典 | 联欢 | 送行 | 致敬 | 典礼 | 祝愿 | 祭奠 | 敬礼 | 问候 | 敬酒 | 葬礼 | 欢呼 | 宴会 | 纪念 | 贺信 | 贺电 | 缅怀 | 拜年 | 追悼会 | 慰问 | 招待 | 干杯 | 祝 | 鼓掌 | 诞辰 | 晚会 | 鞠躬 | 祈祷 | 隆重 | 仪式 | 留念 | 掌声 | 祭 | 集会 | 慰劳 | 周年 | 盛大 | 喝彩 | 婚礼 | 游行 | 宣誓 | 求婚 | 合影 | 捧场 | 迎接 | 贵宾 | 一路平安 | 欢聚 | 逝世 | 助威 | 献 | 表彰 | 礼 | 恭喜 | 此致 | 勋章,62.00000016204662,0.9999999999998523,7.624327132627567e-13,一路平安:1.000000 | 仪式:1.000000 | 典礼:1.000000 | 助威:1.000000 | 勋章:1.000000 | 合影:1.000000 | 喝彩:1.000000 | 婚礼:1.000000 | 宣誓:1.000000 | 宴会:1.000000 | 干杯:1.000000 | 庆典:1.000000,
41,40,0.36917566383855255,0.07789026154944538,0.05,劝说 | 劝告 | 劝 | 嘱咐 | 催促 | 恳求 | 吩咐 | 劝阻 | 叮嘱 | 告诫 | 说服 | 转告,带头 | 商量 | 说情 | 指点 | 鼓动 | 安抚 | 请求 | 亲自,亲自 | 带领 | 劝说 | 告诫 | 指点 | 说情 | 协助 | 督促 | 敦促 | 告知 | 听从 | 请求,劝说 | 劝告 | 劝 | 嘱咐 | 催促 | 恳求 | 吩咐 | 劝阻 | 叮嘱 | 告诫 | 说服 | 转告 | 敦促 | 答应 | 帮忙 | 督促 | 请求 | 再三 | 提醒 | 告知 | 协助 | 听从 | 鼓动 | 说情 | 转达 | 商量 | 出面 | 帮 | 警告 | 指点 | 命令 | 帮助 | 指示 | 照办 | 召集 | 安抚 | 替 | 带领 | 亲自 | 带头,40.0000000000038,1.0,1.0234401660331816e-18,亲自:1.000000 | 催促:1.000000 | 再三:1.000000 | 出面:1.000000 | 劝:1.000000 | 劝告:1.000000 | 劝说:1.000000 | 劝阻:1.000000 | 协助:1.000000 | 召集:1.000000 | 叮嘱:1.000000 | 吩咐:1.000000,
42,61,0.4254615482101262,0.09268339735566494,0.0,谦逊 | 豁达 | 和蔼 | 谦虚 | 诚恳 | 沉稳 | 文雅 | 善良 | 朴实 | 稳重 | 温柔 | 耿直,精明 | 包容 | 活泼 | 勇敢 | 纯朴 | 温柔 | 善良 | 宽容,坦率 | 开朗 | 得体 | 宽容 | 耿直 | 和气 | 为人 | 温柔 | 友善 | 文雅 | 勇敢 | 中庸,谦逊 | 豁达 | 和蔼 | 谦虚 | 诚恳 | 沉稳 | 文雅 | 善良 | 朴实 | 稳重 | 温柔 | 耿直 | 质朴 | 开朗 | 敦厚 | 礼貌 | 彬彬有礼 | 刚毅 | 诚实 | 风趣 | 幽默 | 坦诚 | 纯朴 | 慈祥 | 含蓄 | 正直 | 坦率 | 得体 | 友善 | 宽厚 | 宽容 | 仁慈 | 厚道 | 坚韧 | 平和 | 勇敢 | 冷静 | 风度 | 大方 | 沉着 | 坦然 | 机智 | 活泼 | 为人 | 镇定 | 和气 | 自信 | 光明磊落 | 慷慨 | 委婉 | 精明 | 严肃 | 好学 | 举止 | 从容不迫 | 好客 | 言辞 | 足智多谋 | 低调 | 包容 | 中庸,60.99999997377583,0.9999999995519387,1.5573567277225499e-9,严肃:1.000000 | 中庸:1.000000 | 为人:1.000000 | 举止:1.000000 | 仁慈:1.000000 | 低调:1.000000 | 光明磊落:1.000000 | 冷静:1.000000 | 刚毅:1.000000 | 勇敢:1.000000 | 包容:1.000000 | 厚道:1.000000,
43,47,0.32683883059732965,0.039564549191963075,0.2127659574468085,广阔 | 雄厚 | 蓬勃 | 丰富 | 丰厚 | 强大 | 坚实 | 强劲 | 丰硕 | 充沛 | 深厚 | 宽广,丰盛 | 活力 | 崭新 | 更加 | 有声有色 | 潜力 | 饱满 | 生机,有力 | 昌盛 | 朝气蓬勃 | 广阔 | 宽阔 | 庞大 | 雄厚 | 潜力 | 充实 | 生机 | 丰硕 | 活力,广阔 | 雄厚 | 蓬勃 | 丰富 | 丰厚 | 强大 | 坚实 | 强劲 | 丰硕 | 充沛 | 深厚 | 宽广 | 充足 | 宽阔 | 旺盛 | 可观 | 兴旺 | 得天独厚 | 稳固 | 良好 | 开阔 | 朝气蓬勃 | 庞大 | 欣欣向荣 | 壮大 | 饱满 | 繁荣 | 长足 | 优越 | 生机 | 巨大 | 活力 | 红火 | 丰盛 | 崭新 | 发达 | 深远 | 有力 | 充实 | 潜力 | 足够 | 活跃 | 宝贵 | 昌盛 | 大有可为 | 有声有色 | 更加,47.0,1.0,4.631841198306157e-16,丰厚:1.000000 | 丰富:1.000000 | 丰盛:1.000000 | 丰硕:1.000000 | 优越:1.000000 | 充实:1.000000 | 充沛:1.000000 | 充足:1.000000 | 兴旺:1.000000 | 发达:1.000000 | 可观:1.000000 | 坚实:1.000000,
44,35,0.3910898209872051,0.06327162204909248,0.05714285714285714,真挚 | 真诚 | 诚挚 | 衷心 | 忠诚 | 深情 | 情谊 | 敬意 | 忠心 | 忠贞 | 真情 | 深切,感恩 | 坚定 | 恩情 | 虔诚 | 珍重 | 珍惜 | 亲切 | 友情,真心 | 恩情 | 深切 | 忠实 | 铭记 | 忠于 | 虔诚 | 万古长青 | 感恩 | 全心全意 | 诚心诚意 | 珍惜,真挚 | 真诚 | 诚挚 | 衷心 | 忠诚 | 深情 | 情谊 | 敬意 | 忠心 | 忠贞 | 真情 | 深切 | 敬爱 | 诚心诚意 | 崇高 | 恩情 | 珍视 | 忠于 | 感恩 | 虔诚 | 真心 | 珍重 | 友情 | 铭记 | 全心全意 | 友谊 | 亲切 | 珍惜 | 深深 | 诚意 | 忠实 | 牢记 | 万古长青 | 坚定 | 郑重,35.000000000000824,1.0,1.607725560947537e-19,万古长青:1.000000 | 亲切:1.000000 | 全心全意:1.000000 | 友情:1.000000 | 友谊:1.000000 | 坚定:1.000000 | 崇高:1.000000 | 忠于:1.000000 | 忠实:1.000000 | 忠心:1.000000 | 忠诚:1.000000 | 忠贞:1.000000,
45,72,0.38069914305390495,0.029554478754350657,0.3194444444444444,钳子 | 梳子 | 棍子 | 刷子 | 剪子 | 叉子 | 剪刀 | 杯子 | 筷子 | 铲子 | 脸盆 | 绳子,纽扣 | 扇 | 皮包 | 书包 | 木头 | 花瓶 | 手帕 | 盖子,剪刀 | 圆珠笔 | 铲子 | 毛笔 | 棍子 | 墨水 | 塑料袋 | 螺丝 | 扇 | 肥皂 | 胶水 | 胶带,钳子 | 梳子 | 棍子 | 刷子 | 剪子 | 叉子 | 剪刀 | 杯子 | 筷子 | 铲子 | 脸盆 | 绳子 | 水壶 | 瓶子 | 扇子 | 牙刷 | 铅笔 | 竹竿 | 吸管 | 圆珠笔 | 橡皮 | 钢笔 | 手帕 | 钉子 | 皮包 | 拉锁 | 木头 | 棍 | 火柴 | 盖子 | 尺子 | 盒子 | 毛笔 | 肥皂 | 书包 | 钩子 | 本子 | 船桨 | 螺丝 | 斧子 | 刀 | 卡子 | 盘子 | 皮带 | 兜儿 | 石头 | 纽扣 | 禅杖 | 筐 | 药水 | 枪 | 管子 | 胶带 | 药片 | 易拉罐 | 球拍 | 口袋 | 沙子 | 伞 | 墨水 | 轮子 | 针 | 花瓶 | 塑料袋 | 锤子 | 硬币 | 胶水 | 手枪 | 秤 | 温度计 | 纸 | 扇,71.99999937892044,0.9999999913468677,2.50246215851057e-8,书包:1.000000 | 伞:1.000000 | 兜儿:1.000000 | 刀:1.000000 | 刷子:1.000000 | 剪刀:1.000000 | 剪子:1.000000 | 卡子:1.000000 | 叉子:1.000000 | 口袋:1.000000 | 吸管:1.000000 | 圆珠笔:1.000000,
46,61,0.321008834360043,0.05554805250629345,0.22950819672131148,测定 | 检测 | 测量 | 测算 | 评估 | 判定 | 估算 | 判断 | 计算 | 评定 | 监测 | 推算,预报 | 论证 | 筛选 | 评价 | 经度 | 考量 | 标示 | 误差,标示 | 检测 | 达标 | 模拟 | 预报 | 验证 | 判定 | 评估 | 推算 | 分析 | 界定 | 追溯,测定 | 检测 | 测量 | 测算 | 评估 | 判定 | 估算 | 判断 | 计算 | 评定 | 监测 | 推算 | 推断 | 检验 | 衡量 | 观测 | 测试 | 评判 | 分析 | 预测 | 鉴定 | 化验 | 验证 | 统计 | 界定 | 筛选 | 定义 | 假设 | 测 | 探测 | 确定 | 样品 | 模型 | 试验 | 认定 | 假定 | 鉴别 | 论证 | 得出 | 样本 | 考核 | 检查 | 实验 | 识别 | 基准 | 标准 | 指标 | 考量 | 评价 | 预报 | 监控 | 误差 | 粗略 | 模拟 | 采集 | 设定 | 标示 | 参考 | 达标 | 追溯 | 经度,60.99998625925686,0.9999997747221332,5.185184644524986e-7,估算:1.000000 | 假定:1.000000 | 假设:1.000000 | 判定:1.000000 | 判断:1.000000 | 化验:1.000000 | 基准:1.000000 | 定义:1.000000 | 实验:1.000000 | 得出:1.000000 | 指标:1.000000 | 探测:1.000000,
47,50,0.478600820754189,0.15666865228761007,0.0,柜子 | 椅子 | 凳子 | 桌子 | 窗子 | 书桌 | 书橱 | 垫子 | 窗台 | 窗户 | 书柜 | 藤椅,毯子 | 楼梯 | 院子 | 蚊帐 | 阳台 | 帐篷 | 过道 | 被子,窗子 | 窗帘 | 阳台 | 毯子 | 桌子 | 栏杆 | 书桌 | 马桶 | 抽屉 | 窗台 | 柜子 | 梯子,柜子 | 椅子 | 凳子 | 桌子 | 窗子 | 书桌 | 书橱 | 垫子 | 窗台 | 窗户 | 书柜 | 藤椅 | 写字台 | 屋子 | 墙壁 | 书架 | 箱子 | 沙发 | 帐子 | 窗帘 | 帘子 | 抽屉 | 衣架 | 枕头 | 毯子 | 被子 | 阳台 | 木板 | 过道 | 院子 | 蚊帐 | 梯子 | 栏杆 | 楼梯 | 床 | 台灯 | 柱子 | 地板 | 镜子 | 墙 | 炉子 | 架子 | 笼子 | 马桶 | 棺材 | 防盗门 | 黑板 | 帐篷 | 池子 | 滑梯,50.00000000305372,0.9999999999969867,1.401830650841929e-11,书架:1.000000 | 书柜:1.000000 | 书桌:1.000000 | 书橱:1.000000 | 写字台:1.000000 | 凳子:1.000000 | 台灯:1.000000 | 地板:1.000000 | 垫子:1.000000 | 墙:1.000000 | 墙壁:1.000000 | 帐子:1.000000,
48,63,0.4250181266452741,0.09404181891320502,0.047619047619047616,惊讶 | 诧异 | 吃惊 | 惊诧 | 惊奇 | 欣喜 | 惊叹 | 欣慰 | 不解 | 惋惜 | 赞叹 | 气愤,歉意 | 惋惜 | 措手不及 | 气愤 | 莫名其妙 | 扫兴 | 荣幸 | 兴奋,大吃一惊 | 恍然大悟 | 不禁 | 万分 | 好笑 | 惊喜 | 好奇 | 满意 | 喜出望外 | 赞不绝口 | 感到 | 敬佩,惊讶 | 诧异 | 吃惊 | 惊诧 | 惊奇 | 欣喜 | 惊叹 | 欣慰 | 不解 | 惋惜 | 赞叹 | 气愤 | 哭笑不得 | 敬佩 | 震惊 | 钦佩 | 感慨 | 目瞪口呆 | 迷惑不解 | 大吃一惊 | 兴奋 | 高兴 | 激动 | 佩服 | 恍然大悟 | 好笑 | 不已 | 感动 | 感叹 | 自豪 | 赞叹不已 | 不禁 | 扫兴 | 喜出望外 | 由衷 | 振奋 | 好奇 | 感到 | 纳闷儿 | 奇怪 | 不以为然 | 禁不住 | 惊喜 | 得意 | 不由得 | 半信半疑 | 恋恋不舍 | 同感 | 赞不绝口 | 难以置信 | 依依不舍 | 满意 | 深思 | 歉意 | 爱不释手 | 意料 | 惊 | 哗然 | 记忆犹新 | 荣幸 | 措手不及 | 莫名其妙 | 万分,63.00000001335576,0.9999999987347932,4.144039719289989e-9,万分:1.000000 | 不已:1.000000 | 不禁:1.000000 | 佩服:1.000000 | 依依不舍:1.000000 | 兴奋:1.000000 | 半信半疑:1.000000 | 吃惊:1.000000 | 同感:1.000000 | 哗然:1.000000 | 哭笑不得:1.000000 | 喜出望外:1.000000,
49,36,0.32197803279213794,0.009812718281907188,0.4166666666666667,无私 | 奉献 | 爱心 | 大公无私 | 高尚 | 正义 | 公仆 | 美德 | 敬业 | 廉洁 | 公益 | 诚信,勤劳 | 节俭 | 尊严 | 守护 | 回馈 | 平凡 | 侠义 | 廉正,模范 | 大公无私 | 慈善 | 侠义 | 廉洁 | 良心 | 义工 | 正义 | 爱国 | 励志 | 热心 | 公道,无私 | 奉献 | 爱心 | 大公无私 | 高尚 | 正义 | 公仆 | 美德 | 敬业 | 廉洁 | 公益 | 诚信 | 侠义 | 节俭 | 正能量 | 良心 | 本分 | 公道 | 热心 | 慈善 | 勤劳 | 义工 | 爱国 | 见义勇为 | 人道 | 励志 | 模范 | 尊严 | 廉正 | 平凡 | 担当 | 默默无闻 | 公益性 | 回馈 | 力所能及 | 守护,36.00000000000288,1.0,1.0003835266068775e-17,义工:1.000000 | 人道:1.000000 | 侠义:1.000000 | 公仆:1.000000 | 公益:1.000000 | 公益性:1.000000 | 公道:1.000000 | 力所能及:1.000000 | 励志:1.000000 | 勤劳:1.000000 | 回馈:1.000000 | 大公无私:1.000000,
50,26,0.3420369657293758,0.0803566504264967,0.038461538461538464,贯通 | 畅通 | 打通 | 连接 | 通畅 | 相通 | 通往 | 疏通 | 直达 | 相连 | 纵横交错 | 通道,入口 | 拓宽 | 跨越 | 切断 | 输送 | 不通 | 接轨 | 贯穿,通道 | 入口 | 封闭 | 疏通 | 跨越 | 通往 | 拓宽 | 堵塞 | 双向 | 通畅 | 相连 | 切断,贯通 | 畅通 | 打通 | 连接 | 通畅 | 相通 | 通往 | 疏通 | 直达 | 相连 | 纵横交错 | 通道 | 堵塞 | 桥梁 | 切断 | 枢纽 | 拓宽 | 延伸 | 不通 | 双向 | 贯穿 | 接轨 | 封闭 | 跨越 | 入口 | 输送,26.0,1.0,4.119913908370987e-24,不通:1.000000 | 入口:1.000000 | 切断:1.000000 | 双向:1.000000 | 堵塞:1.000000 | 封闭:1.000000 | 延伸:1.000000 | 打通:1.000000 | 拓宽:1.000000 | 接轨:1.000000 | 枢纽:1.000000 | 桥梁:1.000000,
51,66,0.28978055232094757,0.01310780466351047,0.4090909090909091,趋势 | 状况 | 格局 | 情况 | 局面 | 势头 | 形势 | 现象 | 特征 | 迹象 | 状态 | 思路,原因 | 特点 | 局部 | 流向 | 题材 | 兆头 | 景象 | 姿态,局势 | 景象 | 需求 | 过程 | 条件 | 概念 | 节奏 | 程度 | 特征 | 空间 | 现象 | 结构,趋势 | 状况 | 格局 | 情况 | 局面 | 势头 | 形势 | 现象 | 特征 | 迹象 | 状态 | 思路 | 规律 | 形态 | 现状 | 动向 | 模式 | 轨迹 | 逻辑 | 特点 | 苗头 | 情形 | 因素 | 节奏 | 效应 | 策略 | 局势 | 景象 | 结构 | 变化 | 需求 | 前景 | 机遇 | 背景 | 表现 | 时机 | 方式 | 脉络 | 环境 | 姿态 | 机会 | 条件 | 力度 | 阶段 | 倾向 | 兆头 | 信号 | 分化 | 水平 | 行情 | 过程 | 常态 | 概念 | 反应 | 原因 | 曲线 | 空间 | 转变 | 概率 | 题材 | 热点 | 展望 | 操作 | 程度 | 流向 | 局部,65.99999999982714,0.9999999999972048,1.2370558013131368e-11,信号:1.000000 | 倾向:1.000000 | 兆头:1.000000 | 分化:1.000000 | 前景:1.000000 | 力度:1.000000 | 动向:1.000000 | 势头:1.000000 | 原因:1.000000 | 反应:1.000000 | 变化:1.000000 | 因素:1.000000,
52,75,0.31690954218183864,0.044767822392678645,0.14666666666666667,利息 | 生活费 | 退休金 | 手续费 | 房租 | 费用 | 工资 | 支付 | 缴费 | 奖金 | 话费 | 管理费,红包 | 月票 | 私房钱 | 账户 | 逾期 | 补助 | 零钱 | 笔,高额 | 账户 | 生活费 | 抚养费 | 钱 | 工资 | 收入 | 现金 | 收取 | 养老金 | 人均 | 福利,利息 | 生活费 | 退休金 | 手续费 | 房租 | 费用 | 工资 | 支付 | 缴费 | 奖金 | 话费 | 管理费 | 支出 | 零花钱 | 租金 | 押金 | 开支 | 交费 | 小费 | 抚养费 | 补贴 | 数额 | 报销 | 报酬 | 补助 | 钱 | 现金 | 定金 | 津贴 | 收入 | 还款 | 付款 | 开销 | 费 | 收取 | 高额 | 缴 | 养老金 | 收费 | 收支 | 付 | 公积金 | 扣除 | 巨额 | 储蓄 | 负担 | 奖励 | 差额 | 福利 | 账户 | 预算 | 余额 | 零钱 | 税 | 分红 | 红包 | 纳税 | 私房钱 | 付费 | 账 | 活期 | 养老 | 额外 | 大笔 | 美金 | 逾期 | 兑换 | 元 | 封顶 | 笔 | 多元 | 一次性 | 月票 | 人均 | 券,75.00003940431577,0.9999999999468608,2.0885401670779498e-10,一次性:1.000000 | 交费:1.000000 | 人均:1.000000 | 付:1.000000 | 付款:1.000000 | 付费:1.000000 | 养老:1.000000 | 券:1.000000 | 多元:1.000000 | 大笔:1.000000 | 奖励:1.000000 | 奖金:1.000000,
53,64,0.380539391104689,0.0872106342624074,0.140625,山岭 | 沼泽 | 湖泊 | 礁石 | 峡谷 | 丘陵 | 山坡 | 海岸 | 山谷 | 沙漠 | 山峰 | 高山,茂密 | 树林 | 汪洋 | 地下 | 地下水 | 纬度 | 堤坝 | 冰雪,瀑布 | 地下 | 堤坝 | 山冈 | 草原 | 海边 | 水域 | 热带 | 山谷 | 海滨 | 海水 | 矿藏,山岭 | 沼泽 | 湖泊 | 礁石 | 峡谷 | 丘陵 | 山坡 | 海岸 | 山谷 | 沙漠 | 山峰 | 高山 | 树林 | 海面 | 河流 | 海滩 | 大海 | 岩石 | 沙滩 | 茂密 | 雪山 | 草原 | 平原 | 岛屿 | 山顶 | 海边 | 陆地 | 森林 | 海水 | 小溪 | 水域 | 海滨 | 池塘 | 高原 | 悬崖 | 海浪 | 海底 | 丛林 | 海域 | 海洋 | 水面 | 戈壁 | 草地 | 辽阔 | 瀑布 | 地形 | 海拔 | 堤坝 | 火山 | 山冈 | 海湾 | 肥沃 | 冰山 | 连绵 | 冰雪 | 地下水 | 热带 | 矿藏 | 地质 | 北极 | 南极 | 纬度 | 汪洋 | 地下,63.99999999456092,0.9999999999149973,3.220115551105668e-10,丘陵:1.000000 | 丛林:1.000000 | 冰山:1.000000 | 冰雪:1.000000 | 北极:1.000000 | 地下:1.000000 | 地下水:1.000000 | 地形:1.000000 | 地质:1.000000 | 大海:1.000000 | 小溪:1.000000 | 山冈:1.000000,
54,89,0.2834442824736316,0.007072725092313449,0.42696629213483145,加工 | 木材 | 原料 | 原材料 | 纺织 | 煤炭 | 运输 | 制品 | 生产 | 金属 | 工业 | 橡胶,珠宝 | 白酒 | 手工 | 家具 | 车轴 | 电力 | 玻璃 | 燃油,海运 | 货物 | 金属 | 装备 | 玻璃 | 私营 | 供给 | 外贸 | 厂 | 制品 | 塑料 | 石油,加工 | 木材 | 原料 | 原材料 | 纺织 | 煤炭 | 运输 | 制品 | 生产 | 金属 | 工业 | 橡胶 | 水泥 | 塑料 | 采矿 | 开采 | 零件 | 非金属 | 化纤 | 石油 | 陶瓷 | 铝 | 印刷 | 工艺 | 港口 | 家具 | 船舶 | 燃料 | 成品 | 进口 | 集装箱 | 进出口 | 机械 | 工厂 | 铸造 | 制造 | 出口 | 海运 | 玻璃 | 电力 | 货物 | 包装 | 轮胎 | 材料 | 矿 | 建筑 | 钢 | 铅 | 航运 | 铜 | 煤 | 混凝土 | 电池 | 厂家 | 下游 | 厂 | 家电 | 外贸 | 上游 | 组装 | 供应 | 工序 | 装备 | 煤矿 | 环保 | 医药 | 施工 | 勘探 | 芯片 | 批发 | 产地 | 民用 | 废品 | 锡 | 珠宝 | 光缆 | 回收 | 出厂 | 燃油 | 白酒 | 车轴 | 业 | 手工 | 快递 | 供给 | 仿制 | 海关 | 国产 | 私营,89.00587305213276,0.9999875502161064,0.000019564543769488043,上游:1.000000 | 下游:1.000000 | 业:1.000000 | 产地:1.000000 | 仿制:1.000000 | 光缆:1.000000 | 出厂:1.000000 | 出口:1.000000 | 制品:1.000000 | 制造:1.000000 | 加工:1.000000 | 包装:1.000000,
55,72,0.34120421085531194,0.04030820825985709,0.2222222222222222,学生 | 士兵 | 民众 | 群众 | 工人 | 官兵 | 市民 | 农民 | 民工 | 职工 | 乘客 | 学员,青年 | 法官 | 家属 | 护士 | 航天员 | 受害人 | 清洁工 | 水手,听众 | 医务 | 人员 | 民警 | 读者 | 留学生 | 警官 | 船员 | 人民 | 官兵 | 家属 | 网民,学生 | 士兵 | 民众 | 群众 | 工人 | 官兵 | 市民 | 农民 | 民工 | 职工 | 乘客 | 学员 | 居民 | 师生 | 游客 | 职员 | 渔民 | 军人 | 战士 | 员工 | 警察 | 大学生 | 队员 | 顾客 | 船员 | 观众 | 雇员 | 服务员 | 干部 | 公民 | 军官 | 留学生 | 听众 | 老百姓 | 客人 | 人员 | 民警 | 学子 | 牧民 | 囚犯 | 网民 | 读者 | 球迷 | 护士 | 医务 | 青年 | 住户 | 商贩 | 消费者 | 人民 | 选民 | 小贩 | 家属 | 法官 | 警官 | 志愿者 | 股民 | 人们 | 售货员 | 华侨 | 团员 | 僧人 | 清洁工 | 导游 | 纳税人 | 水手 | 雇主 | 保安 | 受害人 | 广大 | 者 | 航天员,72.00020026280816,0.9999999970380917,9.740561287091163e-9,人们:1.000000 | 人员:1.000000 | 住户:1.000000 | 保安:1.000000 | 公民:1.000000 | 军官:1.000000 | 农民:1.000000 | 医务:1.000000 | 受害人:1.000000 | 听众:1.000000 | 员工:1.000000 | 售货员:1.000000,
56,28,0.2987580962488548,0.021829630963067732,0.32142857142857145,关上 | 打开 | 关掉 | 推开 | 开启 | 对准 | 当成 | 拉开 | 钥匙 | 大门 | 敞开 | 接通,接通 | 大门 | 打断 | 窗口 | 钥匙 | 交给 | 锁 | 激活,瞄准 | 抓住 | 敞开 | 打断 | 开动 | 关上 | 拉开 | 锁 | 大门 | 当作 | 换成 | 请进,关上 | 打开 | 关掉 | 推开 | 开启 | 对准 | 当成 | 拉开 | 钥匙 | 大门 | 敞开 | 接通 | 当作 | 打断 | 拨通 | 瞄准 | 抓住 | 变成 | 放到 | 换成 | 开动 | 点燃 | 请进 | 激活 | 锁 | 交给 | 窗口 | 锁定,28.000014579829134,1.0,1.1246619345168348e-23,交给:1.000000 | 关上:1.000000 | 关掉:1.000000 | 变成:1.000000 | 大门:1.000000 | 对准:1.000000 | 开动:1.000000 | 开启:1.000000 | 当作:1.000000 | 当成:1.000000 | 打开:1.000000 | 打断:1.000000,
57,37,0.3236795973332686,0.05818869203109071,0.08108108108108109,展现 | 孕育 | 呈现 | 体现 | 涌现 | 显现 | 焕发 | 汇聚 | 再现 | 凸显 | 浮现 | 重现,遍布 | 屹立 | 塑造 | 展开 | 诞生 | 传递 | 演绎 | 崛起,展开 | 集结 | 出现 | 注入 | 涌现 | 蕴藏 | 凸显 | 重现 | 聚集 | 折射 | 凝聚 | 诞生,展现 | 孕育 | 呈现 | 体现 | 涌现 | 显现 | 焕发 | 汇聚 | 再现 | 凸显 | 浮现 | 重现 | 出现 | 造就 | 凝聚 | 演绎 | 汇集 | 上演 | 蕴藏 | 蕴涵 | 形成 | 迎来 | 聚集 | 诞生 | 塑造 | 延续 | 增添 | 折射 | 屹立 | 集结 | 演变 | 崛起 | 展开 | 注入 | 集中 | 遍布 | 传递,37.0,1.0,1.9565779819562426e-17,上演:1.000000 | 传递:1.000000 | 体现:1.000000 | 再现:1.000000 | 凝聚:1.000000 | 凸显:1.000000 | 出现:1.000000 | 呈现:1.000000 | 塑造:1.000000 | 增添:1.000000 | 孕育:1.000000 | 展开:1.000000,
58,64,0.3192612558089114,0.049806576702383205,0.203125,北部 | 南部 | 东部 | 中部 | 东南 | 西部 | 西北 | 市区 | 沿岸 | 郊区 | 山区 | 西南,周边 | 中央 | 海峡 | 国土 | 乡村 | 距 | 偏僻 | 郊外,北 | 开发区 | 地区 | 北部 | 市区 | 首府 | 边远 | 边境 | 区域 | 西北 | 西南 | 沿海,北部 | 南部 | 东部 | 中部 | 东南 | 西部 | 西北 | 市区 | 沿岸 | 郊区 | 山区 | 西南 | 地区 | 沿海 | 首府 | 城区 | 偏远 | 东北 | 边境 | 北 | 边远 | 交界 | 县 | 境内 | 沿线 | 城镇 | 区域 | 南 | 村庄 | 地带 | 区 | 流域 | 偏僻 | 郊外 | 半岛 | 西 | 东 | 河畔 | 北方 | 周边 | 镇 | 滨海 | 南北 | 城市 | 市 | 一带 | 首都 | 地段 | 位于 | 地域 | 乡村 | 开发区 | 省 | 坐落 | 边疆 | 南方 | 办事处 | 总部 | 国土 | 边界 | 海峡 | 驻 | 距 | 中央,64.46445880682228,0.9999999999885185,4.77532936993161e-11,一带:1.000000 | 东:1.000000 | 东北:1.000000 | 东南:1.000000 | 东部:1.000000 | 中央:1.000000 | 中部:1.000000 | 乡村:1.000000 | 交界:1.000000 | 位于:1.000000 | 偏僻:1.000000 | 偏远:1.000000,北京:0.464458
59,40,0.39697818677372815,0.0904638853840459,0.05,声音 | 响声 | 响起 | 声 | 听见 | 清脆 | 悦耳 | 刺耳 | 响 | 听到 | 笑声 | 电铃,歌声 | 口音 | 吼 | 喊 | 口哨 | 话筒 | 门铃 | 铃,发出 | 抑扬顿挫 | 笑声 | 动静 | 听 | 洪亮 | 口音 | 铃 | 口哨 | 听到 | 震动 | 声音,声音 | 响声 | 响起 | 声 | 听见 | 清脆 | 悦耳 | 刺耳 | 响 | 听到 | 笑声 | 电铃 | 呜咽 | 铃声 | 传来 | 歌声 | 口哨 | 洪亮 | 响亮 | 惊醒 | 喇叭 | 听 | 门铃 | 呼救 | 音量 | 一阵 | 吼 | 喊 | 抑扬顿挫 | 话筒 | 敲门 | 发出 | 呼唤 | 呐喊 | 震动 | 动静 | 传出 | 口令 | 口音 | 铃,39.999999999982066,0.9999999999995517,2.1791919859366913e-12,一阵:1.000000 | 传出:1.000000 | 传来:1.000000 | 刺耳:1.000000 | 动静:1.000000 | 发出:1.000000 | 口令:1.000000 | 口哨:1.000000 | 口音:1.000000 | 听:1.000000 | 听到:1.000000 | 听见:1.000000,
60,52,0.31435045523295535,0.049868134411380834,0.1346153846153846,举措 | 措施 | 方案 | 协议 | 议程 | 纲领 | 草案 | 计划 | 方针 | 协定 | 决议 | 政策,作出 | 倡议 | 构想 | 条款 | 意见 | 承诺 | 办法 | 协定,协议书 | 方针 | 计划 | 改革 | 宣言 | 行动 | 规划 | 文件 | 部署 | 条款 | 意见 | 纲要,举措 | 措施 | 方案 | 协议 | 议程 | 纲领 | 草案 | 计划 | 方针 | 协定 | 决议 | 政策 | 步骤 | 议题 | 事项 | 事宜 | 规划 | 纲要 | 协议书 | 框架 | 蓝图 | 构想 | 原则 | 倡议 | 进程 | 文件 | 意见 | 机制 | 进展 | 行动 | 条款 | 宣言 | 时间表 | 决策 | 成果 | 任务 | 工作 | 目标 | 日程 | 对策 | 办法 | 进度 | 改革 | 部署 | 流程 | 试点 | 成效 | 承诺 | 选项 | 一揽子 | 指引 | 作出,52.0000000994058,0.9999999999997721,1.1473187810296124e-12,一揽子:1.000000 | 举措:1.000000 | 事宜:1.000000 | 事项:1.000000 | 任务:1.000000 | 作出:1.000000 | 倡议:1.000000 | 决策:1.000000 | 决议:1.000000 | 办法:1.000000 | 协议:1.000000 | 协议书:1.000000,
61,32,0.3152975377782131,0.04250648320534203,0.25,保存 | 埋藏 | 丢弃 | 存放 | 遗留 | 珍藏 | 储存 | 放置 | 隐藏 | 丢失 | 遗弃 | 保管,残缺 | 暴露 | 珍贵 | 收集 | 沉淀 | 收藏 | 复制 | 滞留,沉淀 | 遗留 | 隐藏 | 珍藏 | 收集 | 携带 | 储存 | 存放 | 残留 | 存在 | 珍贵 | 藏,保存 | 埋藏 | 丢弃 | 存放 | 遗留 | 珍藏 | 储存 | 放置 | 隐藏 | 丢失 | 遗弃 | 保管 | 残留 | 遗忘 | 保留 | 藏 | 收藏 | 销毁 | 埋没 | 收集 | 留下 | 完好 | 滞留 | 珍贵 | 沉淀 | 存在 | 携带 | 残缺 | 不翼而飞 | 暴露 | 停留 | 复制,32.00000000000019,1.0,1.0703569062779137e-18,不翼而飞:1.000000 | 丢失:1.000000 | 丢弃:1.000000 | 保存:1.000000 | 保留:1.000000 | 保管:1.000000 | 停留:1.000000 | 储存:1.000000 | 埋没:1.000000 | 埋藏:1.000000 | 复制:1.000000 | 存在:1.000000,
62,39,0.31551021586730965,0.05533414587893457,0.07692307692307693,修补 | 修改 | 修理 | 改造 | 修复 | 拆除 | 改进 | 改良 | 更换 | 维修 | 整顿 | 改装,切割 | 取缔 | 补救 | 处理 | 旧 | 淘汰 | 调试 | 清洗,淘汰 | 改造 | 改装 | 替换 | 整治 | 改正 | 修改 | 修复 | 修订 | 复原 | 重建 | 旧,修补 | 修改 | 修理 | 改造 | 修复 | 拆除 | 改进 | 改良 | 更换 | 维修 | 整顿 | 改装 | 改动 | 清理 | 修正 | 修订 | 改正 | 替换 | 更改 | 调整 | 清洗 | 保养 | 补救 | 复原 | 报废 | 整治 | 恢复 | 革新 | 重建 | 调试 | 矫正 | 美化 | 简化 | 取缔 | 处理 | 切割 | 精简 | 淘汰 | 旧,39.000000002509914,1.0,4.987896459957578e-22,保养:1.000000 | 修复:1.000000 | 修改:1.000000 | 修正:1.000000 | 修理:1.000000 | 修补:1.000000 | 修订:1.000000 | 切割:1.000000 | 取缔:1.000000 | 处理:1.000000 | 复原:1.000000 | 恢复:1.000000,
63,74,0.25709684162451973,-0.03565207833816181,0.7837837837837838,紫 | 暗 | 灰 | 白 | 沉 | 黑 | 漫 | 透 | 红 | 绿 | 浮 | 淡,鼓 | 浓 | 射 | 紫 | 风 | 阵 | 伴 | 冰,溢 | 闪 | 露 | 鼓 | 密 | 红 | 流水 | 漂 | 暗 | 泄 | 霜 | 浮,紫 | 暗 | 灰 | 白 | 沉 | 黑 | 漫 | 透 | 红 | 绿 | 浮 | 淡 | 霜 | 流 | 亮 | 青 | 染 | 漂 | 泻 | 露 | 散 | 静 | 黄 | 锈 | 涌 | 润 | 虚 | 映 | 泄 | 溢 | 豁 | 浓 | 松 | 冰 | 毒 | 消 | 残 | 积 | 软 | 腾 | 火 | 震 | 稀 | 光 | 气 | 闪 | 飞 | 清 | 射 | 风 | 墨 | 阴 | 轻 | 密 | 直 | 鼓 | 披 | 扬 | 满 | 浪 | 空 | 云 | 蒙 | 荒 | 深 | 红眼 | 帆 | 聚 | 结 | 裸 | 足 | 阵 | 伴 | 流水,74.00000006397184,0.9999999999964265,1.566894212233711e-11,云:1.000000 | 亮:1.000000 | 伴:1.000000 | 光:1.000000 | 墨:1.000000 | 密:1.000000 | 帆:1.000000 | 扬:1.000000 | 披:1.000000 | 散:1.000000 | 映:1.000000 | 暗:1.000000,
64,28,0.4007192050414082,0.05782146804348494,0.03571428571428571,鼻涕 | 淌 | 泪水 | 眼泪 | 汗水 | 热气 | 鲜血 | 泪 | 灼热 | 污秽 | 泥土 | 口水,浑身 | 暖烘烘 | 惨白 | 伤痕 | 臭 | 刺骨 | 通红 | 泥土,灼热 | 血 | 尿 | 鼻涕 | 渗 | 泪 | 惨白 | 淌 | 灰尘 | 鲜血 | 臭 | 汗水,鼻涕 | 淌 | 泪水 | 眼泪 | 汗水 | 热气 | 鲜血 | 泪 | 灼热 | 污秽 | 泥土 | 口水 | 浑身 | 通红 | 血 | 惨白 | 暖烘烘 | 刺骨 | 混浊 | 灰尘 | 汗 | 渗 | 火辣辣 | 渣子 | 尿 | 脏 | 伤痕 | 臭,28.0,1.0,1.2780584843340286e-26,伤痕:1.000000 | 刺骨:1.000000 | 口水:1.000000 | 尿:1.000000 | 惨白:1.000000 | 暖烘烘:1.000000 | 汗:1.000000 | 汗水:1.000000 | 污秽:1.000000 | 泥土:1.000000 | 泪:1.000000 | 泪水:1.000000,
65,47,0.41502477338463806,0.1462205141264452,0.0,春节 | 中秋节 | 清明节 | 元宵节 | 节日 | 佳节 | 除夕 | 圣诞节 | 元旦 | 端午节 | 过年 | 新年,纪念日 | 吉祥 | 喜洋洋 | 扫墓 | 生日 | 喜事 | 张灯结彩 | 喜庆,季节 | 节气 | 国庆 | 过节 | 喜事 | 时节 | 团圆 | 节假日 | 圣诞节 | 放假 | 初一 | 新年,春节 | 中秋节 | 清明节 | 元宵节 | 节日 | 佳节 | 除夕 | 圣诞节 | 元旦 | 端午节 | 过年 | 新年 | 假期 | 国庆 | 长假 | 过节 | 节假日 | 暑假 | 农历 | 放假 | 腊月 | 假日 | 寒假 | 时节 | 清明 | 季节 | 喜庆 | 节气 | 每逢 | 庙会 | 暑期 | 旺季 | 团圆 | 扫墓 | 初一 | 生日 | 张灯结彩 | 纪念日 | 春季 | 狂欢节 | 淡季 | 来临 | 家家户户 | 秋季 | 喜事 | 吉祥 | 喜洋洋,47.00000000037241,1.0,1.793900405132033e-16,中秋节:1.000000 | 佳节:1.000000 | 假日:1.000000 | 假期:1.000000 | 元宵节:1.000000 | 元旦:1.000000 | 农历:1.000000 | 初一:1.000000 | 吉祥:1.000000 | 喜事:1.000000 | 喜庆:1.000000 | 喜洋洋:1.000000,
66,64,0.392968306718779,0.04516964039123089,0.21875,那儿 | 外边 | 后边 | 里边 | 这儿 | 那边 | 前边 | 外头 | 那里 | 上边 | 后面 | 里头,怀里 | 下边 | 隔壁 | 这时候 | 岸上 | 挨着 | 前边 | 出去,里面 | 空儿 | 手里 | 这时候 | 这儿 | 哪儿 | 前边 | 城里 | 岸上 | 那边 | 挨着 | 里边,那儿 | 外边 | 后边 | 里边 | 这儿 | 那边 | 前边 | 外头 | 那里 | 上边 | 后面 | 里头 | 外面 | 前面 | 上面 | 跟前 | 这边 | 里面 | 底下 | 下边 | 门口 | 楼下 | 一旁 | 楼上 | 里 | 下面 | 上头 | 怀里 | 老远 | 上去 | 进去 | 前头 | 哪儿 | 后头 | 身边 | 一块儿 | 这里 | 一边 | 岸上 | 回来 | 地上 | 城里 | 过来 | 手里 | 进来 | 台上 | 刚才 | 一会儿 | 身上 | 隔壁 | 上来 | 挨着 | 面前 | 这时候 | 这时 | 哪里 | 不一会儿 | 出来 | 似的 | 空儿 | 下来 | 上 | 出去 | 着,64.00095776110948,0.9999999999946265,2.323889076251084e-11,一会儿:1.000000 | 一块儿:1.000000 | 一旁:1.000000 | 一边:1.000000 | 上去:1.000000 | 上头:1.000000 | 上来:1.000000 | 上边:1.000000 | 上面:1.000000 | 下来:1.000000 | 下边:1.000000 | 下面:1.000000,
67,51,0.3697140901330447,0.07935723764043276,0.0784313725490196,杀害 | 逮捕 | 谋害 | 抢劫 | 逃走 | 逃跑 | 暗杀 | 挟持 | 凶手 | 劫持 | 被捕 | 绑架,无恶不作 | 财物 | 盗 | 黑手 | 偷窥 | 分赃 | 扣押 | 斩草除根,报复 | 同伙 | 劫持 | 性命 | 报仇 | 枪毙 | 间谍 | 绑架 | 逃跑 | 通缉 | 躲藏 | 盗,杀害 | 逮捕 | 谋害 | 抢劫 | 逃走 | 逃跑 | 暗杀 | 挟持 | 凶手 | 劫持 | 被捕 | 绑架 | 开枪 | 藏匿 | 逃亡 | 歹徒 | 同伙 | 殴打 | 人质 | 杀 | 搜查 | 罪犯 | 通缉 | 枪毙 | 报仇 | 俘虏 | 躲藏 | 扣留 | 逃 | 报复 | 扣押 | 虐待 | 无恶不作 | 乔装 | 抢夺 | 埋伏 | 间谍 | 伺机 | 藏身 | 脱身 | 财物 | 斩草除根 | 捕 | 盗 | 分赃 | 偷窥 | 黑手 | 俘获 | 得手 | 性命 | 伙,51.00000000000555,1.0,7.882325928224603e-16,乔装:1.000000 | 人质:1.000000 | 伙:1.000000 | 伺机:1.000000 | 俘获:1.000000 | 俘虏:1.000000 | 偷窥:1.000000 | 凶手:1.000000 | 分赃:1.000000 | 劫持:1.000000 | 同伙:1.000000 | 埋伏:1.000000,
68,68,0.3342771816415628,0.04395680469483108,0.20588235294117646,句子 | 词语 | 词 | 歌词 | 文字 | 词汇 | 音节 | 读音 | 汉字 | 字母 | 英文 | 错别字,歌词 | 流利 | 诗 | 题目 | 西班牙语 | 通俗 | 念 | 篇幅,括弧 | 汉字 | 题目 | 字体 | 繁体字 | 寓言 | 文字 | 字迹 | 谜底 | 流利 | 书写 | 称呼,句子 | 词语 | 词 | 歌词 | 文字 | 词汇 | 音节 | 读音 | 汉字 | 字母 | 英文 | 错别字 | 成语 | 句 | 名字 | 字 | 繁体字 | 俗语 | 题目 | 字眼 | 符号 | 谜语 | 段落 | 地名 | 字体 | 结尾 | 名言 | 写 | 诗 | 语言 | 开头 | 开场白 | 简体字 | 中文 | 话语 | 字迹 | 括号 | 稿子 | 记号 | 一句话 | 书写 | 方言 | 姓氏 | 对联 | 标题 | 括弧 | 称呼 | 大意 | 寓言 | 标语 | 答案 | 谜底 | 西班牙语 | 简短 | 篇幅 | 念 | 译 | 流利 | 省略 | 寓意 | 公式 | 通顺 | 俗话 | 外文 | 篇 | 通俗 | 作者 | 序,67.99656900243696,0.9999495378135597,0.00006369099584002094,一句话:1.000000 | 书写:1.000000 | 俗话:1.000000 | 俗语:1.000000 | 公式:1.000000 | 写:1.000000 | 句:1.000000 | 句子:1.000000 | 名字:1.000000 | 名言:1.000000 | 地名:1.000000 | 外文:1.000000,
69,61,0.42805828330746976,0.07871192331328125,0.01639344262295082,胆小 | 自私 | 暴躁 | 愚蠢 | 蠢 | 胆怯 | 懒惰 | 高傲 | 倔强 | 贪玩儿 | 聪明 | 粗鲁,颓废 | 胆怯 | 心肠 | 世故 | 老实 | 贱 | 粗鲁 | 愚蠢,愚蠢 | 爱面子 | 自卑 | 无知 | 无能 | 盛气凌人 | 倔强 | 高傲 | 倔 | 幼稚 | 自私 | 糊涂,胆小 | 自私 | 暴躁 | 愚蠢 | 蠢 | 胆怯 | 懒惰 | 高傲 | 倔强 | 贪玩儿 | 聪明 | 粗鲁 | 固执 | 娇惯 | 乖巧 | 鲁莽 | 调皮 | 傲慢 | 娇气 | 幼稚 | 无知 | 顽皮 | 小气 | 天真 | 自卑 | 冷漠 | 自以为是 | 无情无义 | 软弱 | 倔 | 老实 | 世故 | 爱面子 | 脾气 | 听话 | 乖 | 叛逆 | 懂事 | 粗心 | 害羞 | 大大咧咧 | 淘气 | 自私自利 | 目中无人 | 傻 | 糊涂 | 笨 | 无能 | 机灵 | 粗心大意 | 盛气凌人 | 自负 | 顺从 | 放纵 | 贱 | 心肠 | 颓废 | 逞强 | 孤陋寡闻 | 朝三暮四 | 内向,60.99999999896512,0.9999999999830318,6.946891620535339e-11,世故:1.000000 | 乖:1.000000 | 乖巧:1.000000 | 倔:1.000000 | 倔强:1.000000 | 傲慢:1.000000 | 傻:1.000000 | 内向:1.000000 | 叛逆:1.000000 | 听话:1.000000 | 固执:1.000000 | 大大咧咧:1.000000,
70,30,0.4513316022722803,0.0731417026300191,0.13333333333333333,海鲜 | 西餐 | 中餐 | 烤肉 | 火锅 | 小吃 | 卤味 | 烧烤 | 美食 | 烤鸭 | 点心 | 寿司,年夜饭 | 红酒 | 品尝 | 葡萄酒 | 素食 | 套餐 | 食品 | 自助,葡萄酒 | 素食 | 年夜饭 | 餐饮 | 小吃 | 点心 | 烧烤 | 自助 | 美食 | 食品 | 快餐 | 酒水,海鲜 | 西餐 | 中餐 | 烤肉 | 火锅 | 小吃 | 卤味 | 烧烤 | 美食 | 烤鸭 | 点心 | 寿司 | 快餐 | 月饼 | 餐饮 | 年夜饭 | 料理 | 烹调 | 品尝 | 红酒 | 厨师 | 素食 | 粽子 | 酒水 | 食品 | 葡萄酒 | 外卖 | 套餐 | 自助 | 麻将,30.000000571568197,0.9999999999999981,1.030114524817453e-14,中餐:1.000000 | 卤味:1.000000 | 厨师:1.000000 | 品尝:1.000000 | 外卖:1.000000 | 套餐:1.000000 | 寿司:1.000000 | 小吃:1.000000 | 年夜饭:1.000000 | 快餐:1.000000 | 料理:1.000000 | 月饼:1.000000,
71,61,0.313451838514416,0.020606723001774657,0.32786885245901637,救援 | 救治 | 急救 | 搜救 | 营救 | 抢救 | 应急 | 救助 | 巡逻 | 救灾 | 紧急 | 遇险,防汛 | 动员 | 看管 | 防守 | 监护 | 解救 | 安全 | 破案,运送 | 逃生 | 前线 | 物资 | 应急 | 公安局 | 紧急 | 监护 | 后勤 | 报警 | 机动 | 抢救,救援 | 救治 | 急救 | 搜救 | 营救 | 抢救 | 应急 | 救助 | 巡逻 | 救灾 | 紧急 | 遇险 | 防疫 | 消防 | 解救 | 疏散 | 伤员 | 侦察 | 防汛 | 求救 | 救 | 支援 | 危急 | 出动 | 逃生 | 演练 | 指挥 | 打捞 | 作战 | 治安 | 求助 | 部队 | 疏导 | 演习 | 机动 | 报警 | 运送 | 自卫 | 物资 | 看护 | 补给 | 防卫 | 动员 | 值班 | 防护 | 公安 | 破案 | 前线 | 救命 | 调度 | 处置 | 解围 | 后勤 | 监护 | 看管 | 公安局 | 安全 | 防守 | 突击 | 急需 | 千钧一发,61.000000000000014,1.0,2.761422376287191e-16,伤员:1.000000 | 作战:1.000000 | 侦察:1.000000 | 值班:1.000000 | 公安:1.000000 | 公安局:1.000000 | 出动:1.000000 | 前线:1.000000 | 动员:1.000000 | 千钧一发:1.000000 | 危急:1.000000 | 后勤:1.000000,
72,49,0.33947217414366504,0.05076797412435704,0.16326530612244897,乘车 | 车票 | 旅客 | 乘坐 | 机票 | 航班 | 搭乘 | 登机 | 往返 | 退票 | 行李 | 卧铺,食宿 | 步行 | 顺路 | 途中 | 出入 | 排队 | 缆车 | 旅途,途中 | 排队 | 安检 | 人次 | 入境 | 往返 | 机票 | 趟 | 打车 | 路程 | 食宿 | 行程,乘车 | 车票 | 旅客 | 乘坐 | 机票 | 航班 | 搭乘 | 登机 | 往返 | 退票 | 行李 | 卧铺 | 上车 | 长途 | 票价 | 接送 | 下车 | 晚点 | 售票 | 行程 | 趟 | 打车 | 出行 | 旅程 | 路程 | 机场 | 缆车 | 步行 | 旅途 | 乘 | 路途 | 客流 | 入境 | 特快 | 出境 | 预订 | 顺路 | 目的地 | 过境 | 安检 | 门票 | 食宿 | 途中 | 转机 | 进出 | 排队 | 人次 | 全程 | 出入,49.000000310903154,0.9999999999997448,1.2572986140536582e-12,上车:1.000000 | 下车:1.000000 | 乘:1.000000 | 乘坐:1.000000 | 乘车:1.000000 | 人次:1.000000 | 入境:1.000000 | 全程:1.000000 | 出入:1.000000 | 出境:1.000000 | 出行:1.000000 | 卧铺:1.000000,
73,43,0.4199705412349414,0.10112026210403297,0.0,凶残 | 凶恶 | 残忍 | 卑鄙 | 狡猾 | 可恶 | 丑恶 | 凶狠 | 邪恶 | 冷酷 | 奸诈 | 残酷,放肆 | 虚伪 | 强硬 | 贪婪 | 堕落 | 奸诈 | 冷酷无情 | 顽固,强硬 | 虚伪 | 腐朽 | 可耻 | 冷酷 | 严厉 | 卑鄙 | 凶狠 | 野蛮 | 可恶 | 丑陋 | 凶猛,凶残 | 凶恶 | 残忍 | 卑鄙 | 狡猾 | 可恶 | 丑恶 | 凶狠 | 邪恶 | 冷酷 | 奸诈 | 残酷 | 猖狂 | 丑陋 | 可怕 | 罪恶 | 野蛮 | 贪婪 | 虚伪 | 可耻 | 冷酷无情 | 恐怖 | 无情 | 恶 | 放肆 | 粗暴 | 阴暗 | 顽固 | 凶 | 严厉 | 疯狂 | 堕落 | 恶劣 | 凶猛 | 骇人听闻 | 腐朽 | 暴力 | 强硬 | 狠 | 尖锐 | 极端 | 危险 | 致命,43.00000000000102,1.0,7.297106861839706e-17,丑恶:1.000000 | 丑陋:1.000000 | 严厉:1.000000 | 冷酷:1.000000 | 冷酷无情:1.000000 | 凶:1.000000 | 凶恶:1.000000 | 凶残:1.000000 | 凶狠:1.000000 | 凶猛:1.000000 | 卑鄙:1.000000 | 危险:1.000000,
74,44,0.35513332373177914,0.06181801398492906,0.09090909090909091,想法 | 意思 | 举动 | 用意 | 说法 | 看法 | 念头 | 愿望 | 态度 | 道理 | 意图 | 做法,心意 | 行为 | 模样 | 意愿 | 来历 | 含义 | 结果 | 心愿,话 | 举动 | 想法 | 结论 | 事 | 动机 | 口号 | 样子 | 愿望 | 观点 | 诺言 | 初衷,想法 | 意思 | 举动 | 用意 | 说法 | 看法 | 念头 | 愿望 | 态度 | 道理 | 意图 | 做法 | 事情 | 本意 | 初衷 | 动机 | 主意 | 样子 | 言论 | 心意 | 心愿 | 见解 | 结论 | 事 | 话 | 观点 | 含义 | 计策 | 所作所为 | 立场 | 模样 | 架势 | 理由 | 涵义 | 事实 | 结局 | 言行 | 诺言 | 口号 | 设想 | 行为 | 意愿 | 来历 | 结果,44.000022312516506,1.0,4.438018892965859e-21,主意:1.000000 | 举动:1.000000 | 事:1.000000 | 事实:1.000000 | 事情:1.000000 | 做法:1.000000 | 初衷:1.000000 | 动机:1.000000 | 口号:1.000000 | 含义:1.000000 | 心意:1.000000 | 心愿:1.000000,
75,41,0.35597990974352517,0.035822984299616244,0.3170731707317073,枯燥 | 粗糙 | 简陋 | 单调 | 沉闷 | 笨重 | 生硬 | 陈旧 | 古怪 | 单薄 | 冗长 | 复杂,荒诞 | 吃力 | 无聊 | 拙劣 | 沉甸甸 | 紧迫 | 繁忙 | 荒凉,简单 | 枯燥 | 单薄 | 沉重 | 粗糙 | 拙劣 | 沉甸甸 | 深奥 | 模糊 | 荒诞 | 沉闷 | 无聊,枯燥 | 粗糙 | 简陋 | 单调 | 沉闷 | 笨重 | 生硬 | 陈旧 | 古怪 | 单薄 | 冗长 | 复杂 | 无聊 | 破旧 | 怪异 | 深奥 | 不堪 | 杂乱无章 | 荒诞 | 沉重 | 糟糕 | 拙劣 | 潦草 | 荒凉 | 吃力 | 简单 | 繁重 | 混乱 | 陌生 | 狭小 | 模糊 | 遥远 | 乱七八糟 | 棘手 | 过时 | 紧迫 | 熟悉 | 含糊 | 简易 | 繁忙 | 沉甸甸,41.0,1.0,2.5662548140766157e-19,不堪:1.000000 | 乱七八糟:1.000000 | 冗长:1.000000 | 单薄:1.000000 | 单调:1.000000 | 古怪:1.000000 | 吃力:1.000000 | 含糊:1.000000 | 复杂:1.000000 | 怪异:1.000000 | 拙劣:1.000000 | 无聊:1.000000,
76,75,0.2994366416103905,0.04739290258650735,0.2,下降 | 上升 | 增加 | 攀升 | 回升 | 降低 | 提升 | 回落 | 飙升 | 增长 | 上涨 | 减少,排名 | 贡献 | 产量 | 低估 | 失业率 | 左右 | 超过 | 衰减,百分比 | 远 | 同期 | 贡献 | 回升 | 上升 | 倍 | 提高 | 左右 | 增 | 波动 | 超越,下降 | 上升 | 增加 | 攀升 | 回升 | 降低 | 提升 | 回落 | 飙升 | 增长 | 上涨 | 减少 | 提高 | 高于 | 低于 | 下跌 | 增大 | 升高 | 幅度 | 缩水 | 扩大 | 涨 | 超过 | 下调 | 达到 | 翻番 | 缩小 | 大幅度 | 比重 | 小于 | 跌 | 超出 | 大于 | 显著 | 上调 | 预期 | 增 | 逐年 | 较 | 减 | 降 | 衰减 | 升 | 占 | 波动 | 百分比 | 放大 | 提速 | 有所 | 同期 | 比例 | 突破 | 接近 | 产量 | 水涨船高 | 变动 | 超越 | 百分点 | 上限 | 值 | 远远 | 比 | 超 | 刷新 | 倍 | 销量 | 远 | 率 | 低估 | 累积 | 至 | 失业率 | 排名 | 左右 | 贡献,75.00000093178423,0.9999999999982193,8.438038764229081e-12,上升:1.000000 | 上涨:1.000000 | 上调:1.000000 | 上限:1.000000 | 下调:1.000000 | 下跌:1.000000 | 下降:1.000000 | 低于:1.000000 | 低估:1.000000 | 倍:1.000000 | 值:1.000000 | 减:1.000000,
77,31,0.3261196041130712,0.04369549151297272,0.12903225806451613,详尽 | 清楚 | 直观 | 详细 | 清晰 | 准确 | 确切 | 确凿 | 真实 | 透彻 | 深刻 | 如实,触目惊心 | 看得见 | 侧面 | 可信 | 完整 | 细节 | 细微 | 切身,完整 | 第一手 | 详尽 | 仔细 | 清楚 | 明确 | 真实 | 侧面 | 透彻 | 触目惊心 | 充分 | 一一,详尽 | 清楚 | 直观 | 详细 | 清晰 | 准确 | 确切 | 确凿 | 真实 | 透彻 | 深刻 | 如实 | 明确 | 仔细 | 充分 | 具体 | 切身 | 完整 | 深入 | 细微 | 实地 | 一目了然 | 细节 | 第一手 | 触目惊心 | 可信 | 一一 | 实物 | 侧面 | 多方面 | 看得见,31.0,1.0,1.77823418696429e-20,一一:1.000000 | 一目了然:1.000000 | 仔细:1.000000 | 侧面:1.000000 | 充分:1.000000 | 具体:1.000000 | 准确:1.000000 | 切身:1.000000 | 可信:1.000000 | 多方面:1.000000 | 如实:1.000000 | 完整:1.000000,
78,35,0.33128336609553516,0.04470561896814437,0.2571428571428571,技巧 | 绝技 | 诀窍 | 绝招 | 招数 | 窍门 | 秘诀 | 要领 | 方法 | 高手 | 秘方 | 技能,魔术 | 禁忌 | 行家 | 特长 | 减压 | 手艺 | 新手 | 强项,秘方 | 功夫 | 方法 | 手段 | 经验 | 功效 | 手法 | 诀窍 | 基本功 | 心得 | 擅长 | 特长,技巧 | 绝技 | 诀窍 | 绝招 | 招数 | 窍门 | 秘诀 | 要领 | 方法 | 高手 | 秘方 | 技能 | 手法 | 基本功 | 心得 | 手艺 | 拿手 | 专长 | 特长 | 经验 | 传授 | 擅长 | 功夫 | 原理 | 手段 | 功效 | 强项 | 战术 | 动作 | 魔术 | 行家 | 花样 | 禁忌 | 新手 | 减压,35.0,1.0,1.5713798989436383e-16,专长:1.000000 | 传授:1.000000 | 减压:1.000000 | 功夫:1.000000 | 功效:1.000000 | 动作:1.000000 | 原理:1.000000 | 基本功:1.000000 | 强项:1.000000 | 心得:1.000000 | 战术:1.000000 | 手段:1.000000,
79,62,0.28196487176189416,0.041030206251103665,0.25806451612903225,根据 | 按照 | 基于 | 依照 | 借助 | 得益于 | 依靠 | 凭借 | 源于 | 来源于 | 随着 | 依据,借鉴 | 与其 | 对照 | 深受 | 以及 | 有着 | 遵循 | 双重,据此 | 以 | 为 | 伴随 | 在 | 通过 | 遵照 | 遵循 | 从 | 借助 | 依据 | 凭着,根据 | 按照 | 基于 | 依照 | 借助 | 得益于 | 依靠 | 凭借 | 源于 | 来源于 | 随着 | 依据 | 针对 | 依托 | 遵循 | 鉴于 | 遵照 | 通过 | 由 | 由于 | 凭着 | 参照 | 伴随 | 顺应 | 对 | 结合 | 取决于 | 出于 | 来自 | 符合 | 出自 | 经过 | 以 | 按 | 透过 | 与 | 依 | 从 | 属于 | 利用 | 经 | 凭 | 自 | 离不开 | 在 | 于 | 有着 | 作为 | 据 | 以及 | 配合 | 有关 | 与其 | 及 | 和 | 深受 | 据此 | 借鉴 | 双重 | 为 | 及其 | 对照,62.000066473187104,0.9999999918166722,2.3997146147211163e-8,与:1.000000 | 与其:1.000000 | 为:1.000000 | 于:1.000000 | 从:1.000000 | 以:1.000000 | 伴随:1.000000 | 作为:1.000000 | 依:1.000000 | 依托:1.000000 | 依据:1.000000 | 依照:1.000000,
80,36,0.32287084988193326,0.09431541069724309,0.16666666666666666,总共 | 共计 | 总计 | 一共 | 共 | 约 | 大约 | 累计 | 合计 | 共有 | 将近 | 仅,已经 | 全长 | 一举 | 大致 | 拟 | 初步 | 先后 | 依次,近 | 拟 | 累计 | 长达 | 共计 | 将近 | 大约 | 连续 | 历时 | 约 | 总数 | 为期,总共 | 共计 | 总计 | 一共 | 共 | 约 | 大约 | 累计 | 合计 | 共有 | 将近 | 仅 | 整整 | 平均 | 长达 | 近 | 历时 | 分别 | 先后 | 折合 | 总额 | 总数 | 已 | 连续 | 相当于 | 大致 | 已经 | 全长 | 为期 | 数 | 时隔 | 初步 | 首次 | 拟 | 一举 | 依次,36.0000000318112,0.999999999999996,2.1214249175650376e-14,一举:1.000000 | 一共:1.000000 | 为期:1.000000 | 仅:1.000000 | 依次:1.000000 | 先后:1.000000 | 全长:1.000000 | 共:1.000000 | 共有:1.000000 | 共计:1.000000 | 分别:1.000000 | 初步:1.000000,
81,38,0.39420232889992224,0.09007936748627503,0.10526315789473684,寒冷 | 凉爽 | 气温 | 炎热 | 潮湿 | 温度 | 湿度 | 干燥 | 暖和 | 高温 | 天气 | 湿润,雨水 | 保暖 | 夏季 | 大气 | 风力 | 冬季 | 冷水 | 桑拿,桑拿 | 风力 | 冷水 | 冬季 | 雨水 | 零下 | 低温 | 干燥 | 耐 | 热 | 适宜 | 温度,寒冷 | 凉爽 | 气温 | 炎热 | 潮湿 | 温度 | 湿度 | 干燥 | 暖和 | 高温 | 天气 | 湿润 | 水温 | 凉快 | 低温 | 摄氏度 | 气候 | 冷 | 结冰 | 零下 | 湿 | 保暖 | 凉 | 透气 | 雨水 | 冷气 | 降温 | 暖 | 空气 | 冬季 | 冷水 | 夏季 | 热 | 桑拿 | 适宜 | 风力 | 耐 | 大气,38.00000000020671,1.0,6.709861543594197e-16,低温:1.000000 | 保暖:1.000000 | 冬季:1.000000 | 冷:1.000000 | 冷气:1.000000 | 冷水:1.000000 | 凉:1.000000 | 凉快:1.000000 | 凉爽:1.000000 | 夏季:1.000000 | 大气:1.000000 | 天气:1.000000,
82,40,0.3737190954305235,0.09544575146215217,0.05,缺点 | 弊端 | 弊病 | 弱点 | 缺陷 | 毛病 | 短处 | 优点 | 错误 | 难处 | 好处 | 坏处,后果 | 错 | 共性 | 麻烦 | 问题 | 余地 | 教训 | 局限,后果 | 好处 | 难题 | 错误 | 共性 | 短处 | 过失 | 误区 | 不便 | 问题 | 症结 | 瓶颈,缺点 | 弊端 | 弊病 | 弱点 | 缺陷 | 毛病 | 短处 | 优点 | 错误 | 难处 | 好处 | 坏处 | 难点 | 长处 | 问题 | 难题 | 误区 | 过错 | 症结 | 劣势 | 失误 | 漏洞 | 益处 | 困难 | 麻烦 | 过失 | 隐患 | 障碍 | 偏差 | 瓶颈 | 疏忽 | 差错 | 亮点 | 不便 | 后果 | 共性 | 错 | 教训 | 局限 | 余地,40.00000000000006,1.0,6.496323550225751e-25,不便:1.000000 | 亮点:1.000000 | 优点:1.000000 | 余地:1.000000 | 偏差:1.000000 | 共性:1.000000 | 劣势:1.000000 | 后果:1.000000 | 困难:1.000000 | 坏处:1.000000 | 失误:1.000000 | 好处:1.000000,
83,55,0.4577091017748436,0.18639351493231493,0.0,舞蹈 | 演奏 | 演唱 | 独唱 | 伴奏 | 歌剧 | 合唱 | 乐曲 | 歌唱 | 歌曲 | 歌舞 | 民歌,武术 | 戏 | 唱歌 | 话剧 | 抒情 | 奏 | 文艺 | 演出,排练 | 民歌 | 戏 | 演唱 | 表演 | 独唱 | 诗歌 | 戏曲 | 芭蕾 | 文艺 | 演戏 | 话剧,舞蹈 | 演奏 | 演唱 | 独唱 | 伴奏 | 歌剧 | 合唱 | 乐曲 | 歌唱 | 歌曲 | 歌舞 | 民歌 | 交响乐 | 音乐 | 表演 | 戏剧 | 芭蕾 | 京剧 | 杂技 | 演出 | 朗诵 | 笛子 | 唱 | 旋律 | 戏曲 | 话剧 | 乐队 | 吉他 | 秧歌 | 唱歌 | 乐器 | 小提琴 | 音乐会 | 歌手 | 排练 | 诗歌 | 相声 | 歌 | 舞 | 钢琴 | 抒情 | 摇滚 | 戏 | 演戏 | 剧团 | 小曲 | 歌咏 | 马戏 | 小品 | 曲 | 木偶 | 国歌 | 武术 | 文艺 | 奏,55.000039994049004,0.9999999999932584,2.9278279516726355e-11,乐器:1.000000 | 乐曲:1.000000 | 乐队:1.000000 | 交响乐:1.000000 | 京剧:1.000000 | 伴奏:1.000000 | 剧团:1.000000 | 合唱:1.000000 | 吉他:1.000000 | 唱:1.000000 | 唱歌:1.000000 | 国歌:1.000000,
84,65,0.3605932698387996,0.053305598238654946,0.07692307692307693,毅力 | 魄力 | 勇气 | 才华 | 自信心 | 天分 | 天赋 | 志气 | 斗志 | 素养 | 气魄 | 骨气,胆子 | 自尊 | 人格 | 胃口 | 心胸 | 自尊心 | 兴趣 | 头脑,才华 | 功底 | 野心 | 积极性 | 力量 | 责任感 | 魄力 | 欲望 | 抱负 | 一技之长 | 素质 | 兴趣,毅力 | 魄力 | 勇气 | 才华 | 自信心 | 天分 | 天赋 | 志气 | 斗志 | 素养 | 气魄 | 骨气 | 品德 | 功力 | 责任感 | 自尊心 | 意志 | 修养 | 素质 | 本事 | 抱负 | 阅历 | 眼界 | 本领 | 耐性 | 功底 | 人品 | 心思 | 劲头 | 觉悟 | 体力 | 自尊 | 口才 | 能力 | 人格 | 心胸 | 力气 | 胆子 | 意识 | 智商 | 心态 | 欲望 | 好奇心 | 精力 | 野心 | 潜能 | 兴趣 | 精神 | 信心 | 力量 | 运气 | 境界 | 品行 | 能耐 | 头脑 | 体能 | 智力 | 积极性 | 胃口 | 一技之长 | 作风 | 心血 | 远见 | 底子 | 积蓄,65.00000000010296,1.0,2.8582248564799504e-17,一技之长:1.000000 | 人品:1.000000 | 人格:1.000000 | 体力:1.000000 | 体能:1.000000 | 作风:1.000000 | 信心:1.000000 | 修养:1.000000 | 兴趣:1.000000 | 力气:1.000000 | 力量:1.000000 | 功力:1.000000,
85,38,0.40739438155134927,0.08186871898943149,0.05263157894736842,壮实 | 俊俏 | 苗条 | 健壮 | 身材 | 英俊 | 强壮 | 结实 | 胖 | 修长 | 高大 | 矮小,可爱 | 讨人喜欢 | 利索 | 身高 | 容光焕发 | 难看 | 水灵灵 | 年轻,丑 | 结实 | 壮 | 岁数 | 帅 | 身高 | 修长 | 健美 | 英俊 | 红润 | 年纪 | 强壮,壮实 | 俊俏 | 苗条 | 健壮 | 身材 | 英俊 | 强壮 | 结实 | 胖 | 修长 | 高大 | 矮小 | 红润 | 好看 | 个儿 | 个头儿 | 红扑扑 | 瘦 | 漂亮 | 可爱 | 丰满 | 矮 | 水灵灵 | 讨人喜欢 | 硬朗 | 难看 | 丑 | 健美 | 壮 | 容光焕发 | 帅 | 个子 | 岁数 | 年纪 | 心灵手巧 | 年轻 | 身高 | 利索,38.000000000000014,1.0,5.292124047992025e-20,丑:1.000000 | 个儿:1.000000 | 个头儿:1.000000 | 个子:1.000000 | 丰满:1.000000 | 俊俏:1.000000 | 修长:1.000000 | 健壮:1.000000 | 健美:1.000000 | 利索:1.000000 | 可爱:1.000000 | 壮:1.000000,
86,57,0.27393093040445093,-0.004479589653684369,0.543859649122807,招聘 | 聘用 | 培训 | 应聘 | 岗位 | 雇佣 | 兼职 | 职业 | 选拔 | 求职 | 专职 | 年薪,群体 | 晋升 | 聘请 | 初次 | 在职 | 名额 | 人数 | 中等,从业 | 劳务 | 求职 | 用人 | 正规 | 选拔 | 队伍 | 应聘 | 家政 | 培训 | 加盟 | 预备,招聘 | 聘用 | 培训 | 应聘 | 岗位 | 雇佣 | 兼职 | 职业 | 选拔 | 求职 | 专职 | 年薪 | 薪水 | 人才 | 上岗 | 在职 | 公务员 | 蓝领 | 试用期 | 就业 | 派遣 | 跳槽 | 招募 | 晋升 | 培养 | 专业 | 待遇 | 外企 | 家政 | 聘请 | 从业 | 外籍 | 劳务 | 业余 | 队伍 | 招揽 | 初级 | 名额 | 中级 | 人数 | 骨干 | 加盟 | 创业 | 基层 | 用人 | 公关 | 群体 | 后备 | 正规 | 层次 | 人手 | 一线 | 级别 | 预备 | 名 | 中等 | 初次,57.00000136414333,0.9999999999412145,2.3383971065617394e-10,一线:1.000000 | 上岗:1.000000 | 专业:1.000000 | 专职:1.000000 | 业余:1.000000 | 中等:1.000000 | 中级:1.000000 | 人手:1.000000 | 人才:1.000000 | 人数:1.000000 | 从业:1.000000 | 公关:1.000000,
87,24,0.3962054661498354,0.08148974653316364,0.0,韵味 | 气息 | 浓郁 | 氛围 | 情调 | 情怀 | 气氛 | 魅力 | 感染力 | 浓厚 | 激情 | 底蕴,浓郁 | 色彩 | 亲和力 | 场面 | 情绪 | 兴致 | 热情 | 怀旧,浓厚 | 气息 | 场面 | 情怀 | 情结 | 韵味 | 烘托 | 浓郁 | 底蕴 | 感染力 | 激情 | 亲和力,韵味 | 气息 | 浓郁 | 氛围 | 情调 | 情怀 | 气氛 | 魅力 | 感染力 | 浓厚 | 激情 | 底蕴 | 气势 | 浓重 | 色彩 | 情结 | 热情 | 怀旧 | 情绪 | 烘托 | 兴致 | 内涵 | 亲和力 | 场面,24.0,1.0,3.7706297655255294e-29,亲和力:1.000000 | 兴致:1.000000 | 内涵:1.000000 | 场面:1.000000 | 底蕴:1.000000 | 怀旧:1.000000 | 情怀:1.000000 | 情结:1.000000 | 情绪:1.000000 | 情调:1.000000 | 感染力:1.000000 | 气势:1.000000,
88,58,0.32336332333941653,0.04541342047647311,0.1896551724137931,消除 | 摆脱 | 克服 | 破除 | 解决 | 去除 | 忘掉 | 消灭 | 扭转 | 清除 | 缓解 | 扫除,度过 | 回避 | 忽视 | 了结 | 正视 | 根治 | 忽略 | 解脱,彻底 | 摆脱 | 破解 | 扫除 | 消灭 | 渡过 | 抛开 | 消化 | 抵消 | 扭转 | 回避 | 正视,消除 | 摆脱 | 克服 | 破除 | 解决 | 去除 | 忘掉 | 消灭 | 扭转 | 清除 | 缓解 | 扫除 | 化解 | 减轻 | 弥补 | 去掉 | 避免 | 解除 | 抵消 | 抛弃 | 杜绝 | 免除 | 废除 | 解开 | 纠正 | 抛开 | 打破 | 破解 | 改变 | 挽救 | 平息 | 取代 | 根治 | 排除 | 脱离 | 拯救 | 摆平 | 挽回 | 战胜 | 丢掉 | 忽略 | 代替 | 除去 | 淡化 | 远离 | 解脱 | 忽视 | 终结 | 彻底 | 剔除 | 正视 | 回避 | 告别 | 填补 | 渡过 | 消化 | 度过 | 了结,58.000000442944234,0.9999999999999412,3.082096146104438e-13,丢掉:1.000000 | 了结:1.000000 | 代替:1.000000 | 克服:1.000000 | 免除:1.000000 | 减轻:1.000000 | 剔除:1.000000 | 化解:1.000000 | 去掉:1.000000 | 去除:1.000000 | 取代:1.000000 | 告别:1.000000,
89,34,0.40713874852899345,0.07606017213264124,0.11764705882352941,朋友 | 朋友们 | 亲朋好友 | 同事 | 亲友 | 友人 | 亲人 | 战友 | 家人 | 同学 | 老乡 | 好友,家人 | 恩人 | 亲 | 姐妹 | 老乡 | 兄弟 | 亲人 | 歌迷,大家 | 同伴 | 姐妹 | 粉丝 | 同胞 | 亲朋好友 | 路人 | 恩人 | 同行 | 老乡 | 亲 | 朋友,朋友 | 朋友们 | 亲朋好友 | 同事 | 亲友 | 友人 | 亲人 | 战友 | 家人 | 同学 | 老乡 | 好友 | 同伴 | 乡亲 | 老朋友 | 好心人 | 熟人 | 姐妹 | 前辈 | 路人 | 同行 | 知己 | 诸位 | 兄弟 | 恩人 | 影迷 | 歌迷 | 同胞 | 大家 | 各位 | 粉丝 | 们 | 素不相识 | 亲,34.000000513228926,0.9999999999999883,6.483413675620824e-14,乡亲:1.000000 | 亲:1.000000 | 亲人:1.000000 | 亲友:1.000000 | 亲朋好友:1.000000 | 们:1.000000 | 兄弟:1.000000 | 前辈:1.000000 | 友人:1.000000 | 各位:1.000000 | 同事:1.000000 | 同伴:1.000000,
90,34,0.26315008302657406,-0.036899998221011324,0.7647058823529411,地步 | 境地 | 去处 | 时候 | 日子 | 地方 | 时刻 | 处境 | 角落 | 例子 | 缘故 | 境遇,处 | 人身 | 位子 | 把柄 | 角落 | 一面 | 招牌 | 牌子,角落 | 位子 | 地方 | 靶子 | 位置 | 地点 | 例子 | 人身 | 一面 | 影子 | 处 | 境遇,地步 | 境地 | 去处 | 时候 | 日子 | 地方 | 时刻 | 处境 | 角落 | 例子 | 缘故 | 境遇 | 位置 | 下场 | 位子 | 关头 | 场所 | 牌子 | 东西 | 把柄 | 场合 | 痕迹 | 影子 | 靶子 | 地点 | 时期 | 招牌 | 一面 | 特例 | 处 | 年代 | 何处 | 人身 | 所在,34.00000000001343,1.0,1.1534515315234825e-19,一面:1.000000 | 下场:1.000000 | 东西:1.000000 | 人身:1.000000 | 位子:1.000000 | 位置:1.000000 | 何处:1.000000 | 例子:1.000000 | 关头:1.000000 | 去处:1.000000 | 地方:1.000000 | 地步:1.000000,
91,89,0.344207890313586,0.05022545443966931,0.15730337078651685,急忙 | 赶忙 | 连忙 | 立刻 | 慌忙 | 赶紧 | 马上 | 忽然 | 悄悄 | 随即 | 突然 | 猛然,匆忙 | 小心翼翼 | 情不自禁 | 照例 | 下意识 | 独自 | 不经意 | 早就,随手 | 偷偷 | 情不自禁 | 小心翼翼 | 争先恐后 | 立刻 | 匆匆 | 一口气 | 继而 | 顾不得 | 忍不住 | 顿时,急忙 | 赶忙 | 连忙 | 立刻 | 慌忙 | 赶紧 | 马上 | 忽然 | 悄悄 | 随即 | 突然 | 猛然 | 立即 | 偷偷 | 索性 | 便 | 当即 | 忍不住 | 毫不犹豫 | 赶快 | 匆匆 | 火速 | 情不自禁 | 毅然 | 迫不及待 | 趁机 | 一下子 | 顺手 | 纷纷 | 顿时 | 只好 | 干脆 | 匆忙 | 不由自主 | 慢慢 | 下意识 | 接着 | 渐渐 | 终于 | 连滚带爬 | 早就 | 只得 | 连夜 | 刚刚 | 一齐 | 特意 | 不约而同 | 迅速 | 然后 | 灵机一动 | 特地 | 刚 | 顾不得 | 恨不得 | 争先恐后 | 自然而然 | 不假思索 | 相继 | 来不及 | 果断 | 顺便 | 随手 | 紧接着 | 陆续 | 接连 | 再次 | 一口气 | 转眼 | 小心翼翼 | 不知不觉 | 开始 | 当场 | 来得及 | 快要 | 重新 | 照例 | 一鼓作气 | 一同 | 不经意 | 再度 | 率先 | 独自 | 亲手 | 继而 | 直接 | 准备 | 将要 | 正在 | 被,88.99787105446126,0.9999757950941155,0.000032625419047976576,一下子:1.000000 | 一口气:1.000000 | 一同:1.000000 | 一鼓作气:1.000000 | 一齐:1.000000 | 下意识:1.000000 | 不假思索:1.000000 | 不由自主:1.000000 | 不知不觉:1.000000 | 不约而同:1.000000 | 不经意:1.000000 | 争先恐后:1.000000,
92,31,0.3112247107736282,0.004210130156095127,0.5161290322580645,发育 | 胚胎 | 变异 | 生长 | 细胞 | 遗传 | 生理 | 进化 | 基因 | 新陈代谢 | 衰老 | 生育,细胞 | 体质 | 阳性 | 衰老 | 新陈代谢 | 青春期 | 苏醒 | 先天,变异 | 阳性 | 胚胎 | 生育 | 成长 | 先天 | 克隆 | 基因 | 移植 | 体质 | 生长 | 畸形,发育 | 胚胎 | 变异 | 生长 | 细胞 | 遗传 | 生理 | 进化 | 基因 | 新陈代谢 | 衰老 | 生育 | 畸形 | 体质 | 青春期 | 阴性 | 萌发 | 新生 | 移植 | 萌芽 | 阳性 | 克隆 | 休眠 | 再生 | 苏醒 | 个体 | 生存 | 先天 | 哺育 | 觉醒 | 成长,31.0,1.0,2.494305647052623e-16,个体:1.000000 | 休眠:1.000000 | 体质:1.000000 | 先天:1.000000 | 克隆:1.000000 | 再生:1.000000 | 发育:1.000000 | 变异:1.000000 | 哺育:1.000000 | 基因:1.000000 | 成长:1.000000 | 新生:1.000000,
93,88,0.2377590258762963,-0.024183886501638333,0.7159090909090909,智能 | 互联网 | 高科技 | 新型 | 科技 | 通信 | 多媒体 | 人工智能 | 金融 | 高新技术 | 计算机 | 医疗,气象 | 凤凰 | 少儿 | 创意 | 健康 | 医疗 | 航空 | 辐射,独立 | 全国 | 航天 | 海外 | 联网 | 人工智能 | 普及 | 面向 | 文娱 | 高新技术 | 辐射 | 跨国,智能 | 互联网 | 高科技 | 新型 | 科技 | 通信 | 多媒体 | 人工智能 | 金融 | 高新技术 | 计算机 | 医疗 | 移动 | 新兴 | 商业 | 通讯 | 硬件 | 能源 | 现代 | 全球 | 生态 | 节能 | 智慧 | 大型 | 数码 | 国际 | 数字 | 虚拟 | 三维 | 远程 | 低碳 | 航空 | 小型 | 联网 | 现代化 | 微型 | 多功能 | 激光 | 通用 | 电信 | 共享 | 国内 | 海外 | 跨国 | 生物 | 商务 | 电讯 | 公共 | 科研 | 文娱 | 机器人 | 航天 | 传媒 | 综合 | 自主 | 国防 | 环球 | 健康 | 创意 | 科普 | 下一代 | 在线 | 相关 | 中型 | 少儿 | 气象 | 深度 | 中国 | 大众 | 海量 | 面向 | 都市 | 宏观 | 新 | 全国 | 普及 | 动态 | 东方 | 中外 | 财经 | 世纪 | 凤凰 | 独立 | 大陆 | 辐射 | 附属 | 独家 | 长城,87.9996866319972,0.9999913879350987,0.000014267593083850534,三维:1.000000 | 下一代:1.000000 | 东方:1.000000 | 中型:1.000000 | 传媒:1.000000 | 低碳:1.000000 | 健康:1.000000 | 全球:1.000000 | 共享:1.000000 | 创意:1.000000 | 动态:1.000000 | 商务:1.000000,
94,58,0.3368684626564729,0.06718052493453609,0.034482758620689655,着力 | 加强 | 全力 | 大力 | 推进 | 强化 | 切实 | 构建 | 着眼于 | 积极 | 深化 | 注重,开创 | 扶持 | 全面 | 健全 | 围绕 | 提倡 | 推行 | 有序,采取 | 搞好 | 实现 | 致力于 | 树立 | 着重 | 有序 | 开创 | 着眼于 | 提倡 | 倡导 | 千方百计,着力 | 加强 | 全力 | 大力 | 推进 | 强化 | 切实 | 构建 | 着眼于 | 积极 | 深化 | 注重 | 加快 | 致力于 | 搞好 | 贯彻 | 树立 | 落实 | 力求 | 完善 | 坚持 | 本着 | 抓紧 | 着重 | 倡导 | 着眼 | 加紧 | 打造 | 力争 | 立足 | 确保 | 全力以赴 | 推行 | 谋求 | 确立 | 健全 | 千方百计 | 培育 | 提倡 | 秉承 | 巩固 | 实行 | 稳妥 | 围绕 | 营造 | 统筹 | 采取 | 争取 | 全方位 | 侧重 | 实现 | 着手 | 全面 | 开创 | 兼顾 | 旨在 | 有序 | 扶持,57.99999827516263,0.999999967761958,8.63384541389586e-8,争取:1.000000 | 侧重:1.000000 | 倡导:1.000000 | 健全:1.000000 | 全力:1.000000 | 全方位:1.000000 | 全面:1.000000 | 兼顾:1.000000 | 切实:1.000000 | 力争:1.000000 | 力求:1.000000 | 加强:1.000000,
95,113,0.32699115871588175,0.024255182204839982,0.3008849557522124,也 | 反倒 | 往往 | 反而 | 只不过 | 似乎 | 恐怕 | 多半 | 不仅 | 都 | 固然 | 终究,有时候 | 纵然 | 只 | 看上去 | 起码 | 看起来 | 到头来 | 起初,恐怕 | 看上去 | 皆 | 纵然 | 还 | 有的 | 有时候 | 无非 | 必然 | 只能 | 反倒 | 或许,也 | 反倒 | 往往 | 反而 | 只不过 | 似乎 | 恐怕 | 多半 | 不仅 | 都 | 固然 | 终究 | 必定 | 不但 | 或许 | 恰恰 | 显然 | 而且 | 不光 | 未必 | 甚至 | 而是 | 大多 | 肯定 | 必然 | 哪怕 | 大都 | 不仅仅 | 要么 | 无非 | 基本上 | 仅仅 | 既 | 起码 | 无疑 | 顶多 | 则 | 不见得 | 全都 | 不一定 | 纵然 | 应该 | 通常 | 只是 | 可能 | 同样 | 几乎 | 势必 | 并且 | 亦 | 有时 | 甚至于 | 因而 | 或是 | 还是 | 虽 | 并非 | 看似 | 它 | 唯独 | 有时候 | 未免 | 本身 | 或者 | 还 | 只能 | 却是 | 至少 | 皆 | 注定 | 且 | 原本 | 看起来 | 到头来 | 否则 | 或多或少 | 并 | 前者 | 完全 | 绝对 | 根本 | 更 | 有的 | 归根到底 | 看上去 | 自然 | 一般 | 可谓 | 看成 | 之所以 | 统统 | 大体上 | 后者 | 取而代之 | 无形中 | 它们 | 是否 | 以致 | 故 | 看作 | 特别 | 一概 | 反过来 | 或 | 起初 | 最终 | 不止 | 真正 | 有的是 | 只 | 凡是 | 即 | 等于,112.9743309833356,0.9997518977056611,0.0002896176327370347,一般:1.000000 | 不止:1.000000 | 仅仅:1.000000 | 全都:1.000000 | 则:1.000000 | 到头来:1.000000 | 前者:1.000000 | 反过来:1.000000 | 取而代之:1.000000 | 只:1.000000 | 后者:1.000000 | 多半:1.000000,
96,50,0.43715605446167183,0.09079800413739175,0.0,焦躁 | 沮丧 | 慌张 | 烦躁 | 焦急 | 茫然 | 慌乱 | 惊慌 | 疲倦 | 不安 | 疲惫 | 焦虑,压抑 | 苦恼 | 头疼 | 挣扎 | 恐惧 | 忧郁 | 空虚 | 伤脑筋,恐慌 | 压抑 | 慌 | 沮丧 | 一筹莫展 | 心急如焚 | 窘迫 | 紧张 | 疲惫 | 无所事事 | 苦恼 | 精疲力竭,焦躁 | 沮丧 | 慌张 | 烦躁 | 焦急 | 茫然 | 慌乱 | 惊慌 | 疲倦 | 不安 | 疲惫 | 焦虑 | 苦恼 | 惊慌失措 | 烦闷 | 慌 | 愁眉苦脸 | 着急 | 垂头丧气 | 疲惫不堪 | 消沉 | 恐惧 | 忙乱 | 畏缩 | 灰心 | 泄气 | 窘迫 | 犹豫 | 无精打采 | 精疲力竭 | 气馁 | 心急如焚 | 发愁 | 恐慌 | 忧郁 | 胡思乱想 | 劳累 | 提心吊胆 | 犹豫不决 | 紧张 | 头疼 | 犯愁 | 无所事事 | 一筹莫展 | 挣扎 | 伤脑筋 | 空虚 | 压抑 | 急迫 | 思前想后,50.0000000328147,0.9999999999999654,1.8541866794253364e-13,一筹莫展:1.000000 | 不安:1.000000 | 伤脑筋:1.000000 | 劳累:1.000000 | 压抑:1.000000 | 发愁:1.000000 | 垂头丧气:1.000000 | 头疼:1.000000 | 心急如焚:1.000000 | 忙乱:1.000000 | 忧郁:1.000000 | 思前想后:1.000000,
97,52,0.3769505967924385,0.06831511277079541,0.1346153846153846,果树 | 水稻 | 作物 | 种植 | 农作物 | 小麦 | 肥料 | 庄稼 | 牲畜 | 养殖 | 灌溉 | 饲料,植物 | 玉米 | 苗 | 野生 | 药材 | 花卉 | 喂养 | 绿化,野生 | 花卉 | 害虫 | 温室 | 大棚 | 作物 | 承包 | 牧场 | 肥料 | 喂养 | 丰收 | 化肥,果树 | 水稻 | 作物 | 种植 | 农作物 | 小麦 | 肥料 | 庄稼 | 牲畜 | 养殖 | 灌溉 | 饲料 | 栽培 | 饲养 | 粮食 | 果园 | 棉花 | 亩 | 家禽 | 耕地 | 农业 | 玉米 | 奶牛 | 化肥 | 大棚 | 害虫 | 水产品 | 繁殖 | 农场 | 杂交 | 合作社 | 花卉 | 开垦 | 公顷 | 农产品 | 土壤 | 药材 | 植物 | 喂养 | 牧场 | 野生 | 丰收 | 温室 | 水利 | 增产 | 苗 | 种子 | 肥 | 土地 | 绿化 | 园地 | 承包,51.99999999995561,0.9999999999991451,4.229000650880581e-12,丰收:1.000000 | 亩:1.000000 | 作物:1.000000 | 公顷:1.000000 | 养殖:1.000000 | 农业:1.000000 | 农产品:1.000000 | 农作物:1.000000 | 农场:1.000000 | 化肥:1.000000 | 合作社:1.000000 | 喂养:1.000000,
98,43,0.41380864324910155,0.06311760956526503,0.13953488372093023,头晕 | 咳嗽 | 呕吐 | 心慌 | 疼 | 疼痛 | 痒 | 肿 | 哆嗦 | 痛 | 咳 | 胀,受惊 | 流血 | 疲劳 | 咽 | 上火 | 心慌 | 流泪 | 哭,受惊 | 胀 | 哑 | 喘 | 动弹 | 咽 | 肿 | 哭 | 出汗 | 痛 | 发作 | 晕倒,头晕 | 咳嗽 | 呕吐 | 心慌 | 疼 | 疼痛 | 痒 | 肿 | 哆嗦 | 痛 | 咳 | 胀 | 发抖 | 颤抖 | 恶心 | 麻木 | 瘫 | 发烧 | 哭 | 昏迷 | 喘 | 发热 | 出汗 | 晕 | 虚弱 | 发作 | 流泪 | 憋 | 哑 | 僵 | 动弹 | 咽 | 晕倒 | 麻痹 | 窒息 | 不适 | 昏 | 流血 | 喘息 | 聋 | 疲劳 | 上火 | 受惊,43.00000000194834,0.9999999999999967,1.8860546536425902e-14,上火:1.000000 | 不适:1.000000 | 僵:1.000000 | 出汗:1.000000 | 动弹:1.000000 | 发作:1.000000 | 发抖:1.000000 | 发烧:1.000000 | 发热:1.000000 | 受惊:1.000000 | 呕吐:1.000000 | 咳:1.000000,
99,35,0.42977564899738335,0.13023125515312095,0.02857142857142857,柳树 | 桃树 | 松树 | 槐树 | 柏树 | 棵 | 树叶 | 叶子 | 树木 | 树枝 | 杨树 | 树梢,一头 | 果实 | 稻草 | 禾苗 | 树荫 | 芽 | 桃花 | 盛开,柏树 | 桃树 | 开花 | 朵 | 株 | 柳树 | 禾苗 | 一头 | 树枝 | 枝 | 树荫 | 盛开,柳树 | 桃树 | 松树 | 槐树 | 柏树 | 棵 | 树叶 | 叶子 | 树木 | 树枝 | 杨树 | 树梢 | 株 | 竹子 | 树 | 枝 | 茎 | 荷花 | 盛开 | 茂盛 | 树荫 | 禾苗 | 芽 | 花瓣 | 栽 | 草 | 果实 | 桃花 | 梅花 | 牡丹 | 开花 | 芦花 | 朵 | 稻草 | 一头,35.000000000024414,1.0,1.5638903916467437e-17,一头:1.000000 | 叶子:1.000000 | 开花:1.000000 | 朵:1.000000 | 杨树:1.000000 | 松树:1.000000 | 果实:1.000000 | 枝:1.000000 | 柏树:1.000000 | 柳树:1.000000 | 树:1.000000 | 树叶:1.000000,
100,73,0.3683269370255492,0.026822967367460447,0.2191780821917808,骂 | 胡闹 | 发脾气 | 打岔 | 吵嘴 | 撒谎 | 吵架 | 取笑 | 吓唬 | 唠叨 | 闹着玩儿 | 吹牛,应酬 | 上司 | 打招呼 | 挖苦 | 假装 | 恼羞成怒 | 取笑 | 让座,嚷 | 让座 | 出洋相 | 打招呼 | 闹 | 开玩笑 | 耍 | 打岔 | 质问 | 吵架 | 取笑 | 挨打,骂 | 胡闹 | 发脾气 | 打岔 | 吵嘴 | 撒谎 | 吵架 | 取笑 | 吓唬 | 唠叨 | 闹着玩儿 | 吹牛 | 耍赖 | 逞能 | 说闲话 | 开玩笑 | 欺负 | 挖苦 | 说话 | 出洋相 | 嚷 | 吵 | 耍 | 絮叨 | 说谎 | 打架 | 告状 | 出丑 | 捣乱 | 发怒 | 发火 | 认错 | 炫耀 | 笑话 | 质问 | 闹事 | 恼羞成怒 | 挨打 | 胡说 | 闹 | 逗 | 搞鬼 | 调侃 | 卖弄 | 诉苦 | 当着 | 逼 | 表白 | 偷看 | 辩解 | 穿小鞋 | 使唤 | 敲边鼓 | 打招呼 | 道歉 | 夸耀 | 打电话 | 出难题 | 发泄 | 夸 | 当众 | 出风头 | 假装 | 耳光 | 泼冷水 | 壮胆 | 上司 | 当面 | 扮 | 让座 | 应酬 | 公事 | 对方,72.99999990607158,0.9999999987000451,4.23728318847568e-9,使唤:1.000000 | 假装:1.000000 | 偷看:1.000000 | 公事:1.000000 | 出丑:1.000000 | 出洋相:1.000000 | 出难题:1.000000 | 出风头:1.000000 | 卖弄:1.000000 | 发怒:1.000000 | 发火:1.000000 | 发脾气:1.000000,
101,62,0.3336595664958997,0.07774519287292879,0.0967741935483871,设立 | 开办 | 组建 | 兴建 | 举办 | 成立 | 创办 | 建立 | 开设 | 制定 | 建成 | 制订,扩建 | 开业 | 开张 | 改名 | 落户 | 策划 | 首创 | 派出,研制 | 主办 | 兴建 | 开通 | 扩建 | 开展 | 开设 | 开辟 | 举办 | 联合 | 策划 | 设,设立 | 开办 | 组建 | 兴建 | 举办 | 成立 | 创办 | 建立 | 开设 | 制定 | 建成 | 制订 | 创立 | 修建 | 创建 | 推出 | 举行 | 建造 | 开展 | 颁布 | 召开 | 开通 | 签署 | 拟定 | 签订 | 启动 | 主办 | 出台 | 开辟 | 动工 | 实施 | 筹办 | 筹备 | 承办 | 搭建 | 订立 | 发起 | 起草 | 建 | 发布 | 扩建 | 研制 | 设置 | 开业 | 牵头 | 设 | 竣工 | 筹划 | 派出 | 施行 | 开工 | 引进 | 完成 | 落户 | 首创 | 开张 | 联合 | 命名 | 改名 | 专门 | 策划 | 问世,62.000000003956934,0.9999999999997634,1.1978749014805324e-12,专门:1.000000 | 主办:1.000000 | 举办:1.000000 | 举行:1.000000 | 修建:1.000000 | 兴建:1.000000 | 出台:1.000000 | 创办:1.000000 | 创建:1.000000 | 创立:1.000000 | 制定:1.000000 | 制订:1.000000,
102,52,0.4125672523242222,0.14355601187709946,0.038461538461538464,蛇 | 猫 | 狗 | 鹅 | 青蛙 | 狮子 | 鸽子 | 鸟 | 公鸡 | 鸭子 | 猴 | 鳄鱼,嫦娥 | 仙女 | 怪物 | 卵 | 动物园 | 鸡 | 鱼 | 驯,鸟 | 鹰 | 母鸡 | 猴 | 动物园 | 鼠 | 鳄鱼 | 青蛙 | 嫦娥 | 虫子 | 怪物 | 仙鹤,蛇 | 猫 | 狗 | 鹅 | 青蛙 | 狮子 | 鸽子 | 鸟 | 公鸡 | 鸭子 | 猴 | 鳄鱼 | 母鸡 | 兔 | 狼 | 鸡 | 羊 | 猩猩 | 动物 | 龟 | 虫子 | 鼠 | 鹿 | 鱼 | 天鹅 | 大象 | 蜜蜂 | 野兽 | 蚊子 | 鲨鱼 | 大雁 | 燕子 | 豹 | 仙鹤 | 猪 | 苍蝇 | 猎犬 | 鹰 | 虎 | 昆虫 | 恐龙 | 宠物 | 大熊猫 | 怪物 | 动物园 | 熊 | 驯 | 牛 | 仙女 | 骏马 | 卵 | 嫦娥,52.00000000447036,0.9999999999999994,2.2294077842517994e-15,仙女:1.000000 | 仙鹤:1.000000 | 兔:1.000000 | 公鸡:1.000000 | 动物:1.000000 | 动物园:1.000000 | 卵:1.000000 | 大熊猫:1.000000 | 大象:1.000000 | 大雁:1.000000 | 天鹅:1.000000 | 嫦娥:1.000000,
103,41,0.33730249220239167,0.04249202419109287,0.2926829268292683,曲折 | 磨难 | 艰险 | 艰辛 | 波折 | 风风雨雨 | 艰难 | 惊心动魄 | 风雨 | 艰苦 | 挫折 | 风浪,荆棘 | 风浪 | 暴风骤雨 | 种种 | 严峻 | 难以想象 | 惊天动地 | 其间,波折 | 种种 | 考验 | 惊险 | 难以想象 | 转折 | 挫折 | 风浪 | 化险为夷 | 千变万化 | 变迁 | 波澜,曲折 | 磨难 | 艰险 | 艰辛 | 波折 | 风风雨雨 | 艰难 | 惊心动魄 | 风雨 | 艰苦 | 挫折 | 风浪 | 惊险 | 变幻莫测 | 经历 | 沧桑 | 历经 | 错综复杂 | 起伏 | 动荡 | 漫长 | 艰巨 | 波澜 | 峰回路转 | 暴风骤雨 | 转折 | 考验 | 严峻 | 荆棘 | 一帆风顺 | 变迁 | 洗礼 | 千变万化 | 翻天覆地 | 惊天动地 | 化险为夷 | 风云 | 种种 | 难以想象 | 不为人知 | 其间,41.00000000011917,1.0,1.3835883952661673e-19,一帆风顺:1.000000 | 不为人知:1.000000 | 严峻:1.000000 | 其间:1.000000 | 动荡:1.000000 | 化险为夷:1.000000 | 千变万化:1.000000 | 历经:1.000000 | 变幻莫测:1.000000 | 变迁:1.000000 | 峰回路转:1.000000 | 惊天动地:1.000000,
104,94,0.2728191437103968,-0.0026639625060978288,0.5531914893617021,网站 | 下载 | 主页 | 博客 | 短信 | 电子邮件 | 网页 | 网址 | 邮件 | 微博 | 微信 | 留言,菜单 | 网友 | 记录 | 接听 | 收看 | 简历 | 中奖 | 更新,网页 | 编辑 | 公开信 | 黑客 | 抽奖 | 用户 | 格式 | 会员 | 中奖 | 微博 | 点击率 | 电子邮件,网站 | 下载 | 主页 | 博客 | 短信 | 电子邮件 | 网页 | 网址 | 邮件 | 微博 | 微信 | 留言 | 账号 | 登录 | 浏览 | 浏览器 | 邮箱 | 专栏 | 搜索 | 发送 | 投稿 | 查询 | 帖子 | 删除 | 信箱 | 文章 | 广告 | 电子版 | 评论 | 匿名 | 栏目 | 刊登 | 头条 | 转载 | 信息 | 收听 | 点击率 | 软件 | 扫描 | 新闻 | 用户 | 菜单 | 拨打 | 热线 | 频道 | 改版 | 网友 | 回复 | 查看 | 地址 | 公众 | 问卷 | 数据库 | 杀毒 | 媒体 | 服务器 | 社交 | 图片 | 网络 | 来电 | 抽奖 | 二维码 | 网上 | 编辑 | 更新 | 标签 | 简历 | 日历 | 收看 | 接听 | 黑客 | 资讯 | 后台 | 全文 | 格式 | 分享 | 投票 | 中奖 | 反馈 | 防火墙 | 官方 | 上网 | 会员 | 输入 | 公开信 | 晚报 | 正版 | 排行榜 | 记录 | 栏 | 页 | 预告 | 日报 | 稍候,94.00007990671126,0.9999999891982473,3.328739591332871e-8,上网:1.000000 | 下载:1.000000 | 专栏:1.000000 | 中奖:1.000000 | 主页:1.000000 | 信箱:1.000000 | 全文:1.000000 | 公开信:1.000000 | 分享:1.000000 | 刊登:1.000000 | 删除:1.000000 | 匿名:1.000000,
105,42,0.3730849955498859,0.06590097514713011,0.07142857142857142,游玩 | 郊游 | 滑雪 | 野餐 | 探险 | 度假 | 避暑 | 登山 | 野营 | 旅行 | 休闲 | 野炊,狂欢 | 聚会 | 养生 | 猜谜 | 约会 | 野外 | 夏令营 | 吃喝玩乐,钓鱼 | 划船 | 潜水 | 冲浪 | 漫游 | 游 | 购物 | 养生 | 疗养 | 乐园 | 约会 | 野炊,游玩 | 郊游 | 滑雪 | 野餐 | 探险 | 度假 | 避暑 | 登山 | 野营 | 旅行 | 休闲 | 野炊 | 旅游 | 冲浪 | 出游 | 钓鱼 | 游泳 | 健身 | 滑冰 | 潜水 | 打猎 | 划船 | 徒步 | 游 | 消遣 | 疗养 | 户外 | 聚会 | 约会 | 购物 | 夏令营 | 吃喝玩乐 | 蜜月 | 养生 | 娱乐 | 乐园 | 野外 | 狂欢 | 运动 | 漫游 | 猜谜 | 嘉年华,42.00000006445684,1.0,2.220139708490278e-18,乐园:1.000000 | 休闲:1.000000 | 健身:1.000000 | 养生:1.000000 | 冲浪:1.000000 | 出游:1.000000 | 划船:1.000000 | 吃喝玩乐:1.000000 | 嘉年华:1.000000 | 夏令营:1.000000 | 娱乐:1.000000 | 度假:1.000000,
106,100,0.351149564831183,0.06655597019336598,0.15,车辆 | 行驶 | 公交车 | 货车 | 车道 | 慢车 | 电车 | 公共汽车 | 警车 | 路段 | 堵车 | 车,客运 | 车上 | 路灯 | 线路 | 路上 | 便道 | 小路 | 跑道,堵车 | 路 | 慢车 | 倒车 | 熄火 | 绕行 | 路况 | 马路 | 汽车 | 巴士 | 警车 | 线路,车辆 | 行驶 | 公交车 | 货车 | 车道 | 慢车 | 电车 | 公共汽车 | 警车 | 路段 | 堵车 | 车 | 私家车 | 火车 | 列车 | 车速 | 出租车 | 路面 | 大巴 | 人行道 | 路口 | 公路 | 驾车 | 司机 | 马路 | 追尾 | 卡车 | 辆 | 高速公路 | 路况 | 转弯 | 停车 | 电动车 | 客车 | 道路 | 巴士 | 轿车 | 车上 | 刹车 | 救护车 | 行人 | 摩托 | 自行车 | 车主 | 通车 | 机动车 | 交警 | 拐弯 | 超速 | 停车位 | 汽车 | 立交桥 | 倒车 | 驾驶 | 车牌 | 超车 | 跑车 | 停放 | 绕行 | 马车 | 快车 | 客运 | 车站 | 公车 | 山路 | 隧道 | 时速 | 地铁 | 修车 | 路 | 铁路 | 肇事 | 交通 | 车轮 | 车号 | 车位 | 通行 | 路灯 | 路上 | 高铁 | 小路 | 红灯 | 货运 | 吉普 | 熄火 | 线路 | 绿灯 | 十字路口 | 急转弯 | 电动 | 车型 | 高速 | 站台 | 便道 | 跑道 | 轨道 | 天桥 | 驾 | 路线 | 公里,99.99999938932909,0.999999993891162,1.8720735095428437e-8,交通:1.000000 | 便道:1.000000 | 修车:1.000000 | 倒车:1.000000 | 停放:1.000000 | 停车:1.000000 | 停车位:1.000000 | 公交车:1.000000 | 公共汽车:1.000000 | 公路:1.000000 | 公车:1.000000 | 公里:1.000000,
107,39,0.36525340045918786,0.0647643867828271,0.15384615384615385,看见 | 见到 | 看到 | 遇见 | 想起 | 目睹 | 见过 | 认出 | 想到 | 认得 | 亲眼 | 望见,醒悟 | 似曾相识 | 察觉 | 小看 | 光顾 | 回首 | 久仰 | 亲身,见到 | 察觉 | 遇见 | 发现 | 认识 | 认得 | 光顾 | 似曾相识 | 小看 | 亲眼 | 见证 | 见过,看见 | 见到 | 看到 | 遇见 | 想起 | 目睹 | 见过 | 认出 | 想到 | 认得 | 亲眼 | 望见 | 梦见 | 忘记 | 认识 | 记得 | 忘不了 | 见识 | 发觉 | 回想 | 记住 | 明白 | 见 | 领略 | 发现 | 结识 | 有幸 | 放过 | 久仰 | 醒悟 | 察觉 | 耳闻目睹 | 亲身 | 见证 | 再见 | 小看 | 回首 | 似曾相识 | 光顾,39.0000000308962,0.9999999999982379,8.115220549409028e-12,久仰:1.000000 | 亲眼:1.000000 | 亲身:1.000000 | 似曾相识:1.000000 | 光顾:1.000000 | 再见:1.000000 | 发现:1.000000 | 发觉:1.000000 | 回想:1.000000 | 回首:1.000000 | 察觉:1.000000 | 小看:1.000000,
108,38,0.3173863554507217,0.030735687535567564,0.2894736842105263,湖 | 河 | 坝 | 沟 | 桥 | 堤 | 山 | 水库 | 村 | 寺 | 园 | 泉,绿地 | 鸟巢 | 宫 | 座 | 大道 | 海 | 寺 | 坑,座 | 闸 | 运河 | 码头 | 筑 | 坡 | 海 | 河 | 洞 | 绿地 | 寺 | 村,湖 | 河 | 坝 | 沟 | 桥 | 堤 | 山 | 水库 | 村 | 寺 | 园 | 泉 | 花园 | 井 | 江 | 岛 | 屯 | 城 | 坡 | 洞 | 岸 | 运河 | 塔 | 乡 | 闸 | 田 | 宫 | 码头 | 庄园 | 海 | 院 | 大道 | 坑 | 筑 | 大队 | 绿地 | 座 | 鸟巢,38.00000014710393,0.9999999999875296,5.2887345122842754e-11,井:1.000000 | 园:1.000000 | 坑:1.000000 | 坝:1.000000 | 坡:1.000000 | 城:1.000000 | 堤:1.000000 | 塔:1.000000 | 大道:1.000000 | 大队:1.000000 | 宫:1.000000 | 寺:1.000000,
109,51,0.28285521425618637,-0.010538189559533716,0.5490196078431373,宇宙 | 上帝 | 人间 | 永恒 | 黑暗 | 灵魂 | 人类 | 地狱 | 生命 | 神奇 | 魔鬼 | 大自然,黑暗 | 金子 | 金字塔 | 冒险 | 神圣 | 家园 | 好运 | 神秘,幻影 | 奥秘 | 好运 | 世界 | 魔鬼 | 奇迹 | 大自然 | 金子 | 生命 | 灵魂 | 巨人 | 金钱,宇宙 | 上帝 | 人间 | 永恒 | 黑暗 | 灵魂 | 人类 | 地狱 | 生命 | 神奇 | 魔鬼 | 大自然 | 奇迹 | 真理 | 自然界 | 神秘 | 神话 | 世界 | 天堂 | 外星人 | 末日 | 地球 | 奥秘 | 宝藏 | 童话 | 降临 | 神圣 | 化身 | 时空 | 天地 | 无敌 | 开天辟地 | 天使 | 幻影 | 光明 | 无穷 | 无限 | 巨人 | 王国 | 使者 | 极限 | 冒险 | 全世界 | 常人 | 无形 | 金子 | 好运 | 金钱 | 金字塔 | 一切 | 家园,50.999999999973504,0.9999999999994355,2.7515569016382517e-12,一切:1.000000 | 上帝:1.000000 | 世界:1.000000 | 人类:1.000000 | 人间:1.000000 | 使者:1.000000 | 光明:1.000000 | 全世界:1.000000 | 冒险:1.000000 | 化身:1.000000 | 地狱:1.000000 | 外星人:1.000000,
110,48,0.4178138727081442,0.09135286087257534,0.10416666666666667,肝脏 | 血管 | 炎症 | 皮肤 | 肝 | 胃 | 肺 | 脾 | 气管 | 肌肉 | 心脏 | 出血,全身 | 伤口 | 肢体 | 视力 | 食欲 | 痰 | 部位 | 发炎,切除 | 发炎 | 激素 | 心脏 | 视力 | 肾 | 食欲 | 脾 | 气管 | 伤口 | 分泌 | 呼吸,肝脏 | 血管 | 炎症 | 皮肤 | 肝 | 胃 | 肺 | 脾 | 气管 | 肌肉 | 心脏 | 出血 | 发炎 | 肾 | 动脉 | 关节 | 器官 | 血液 | 分泌 | 肠 | 伤口 | 唾液 | 神经 | 血压 | 腺 | 痰 | 人体 | 口腔 | 切除 | 全身 | 胎儿 | 损伤 | 肢体 | 止血 | 愈合 | 肌肤 | 激素 | 大脑 | 体温 | 呼吸 | 穴位 | 食欲 | 缝合 | 咽喉 | 部位 | 视力 | 腔 | 解剖,48.00001334514219,0.9999999999998425,8.090197191805322e-13,人体:1.000000 | 伤口:1.000000 | 体温:1.000000 | 全身:1.000000 | 关节:1.000000 | 出血:1.000000 | 分泌:1.000000 | 切除:1.000000 | 动脉:1.000000 | 口腔:1.000000 | 呼吸:1.000000 | 咽喉:1.000000,
111,85,0.2825111542551965,0.009991497720382526,0.4588235294117647,申请 | 公示 | 审核 | 审批 | 提交 | 审查 | 登记 | 办理 | 批准 | 受理 | 递交 | 申报,口头 | 试行 | 公证 | 受理 | 安排 | 临时 | 核对 | 执行,公告 | 合同 | 提交 | 临时 | 意向 | 通知书 | 交付 | 许可证 | 试行 | 通告 | 出具 | 答复,申请 | 公示 | 审核 | 审批 | 提交 | 审查 | 登记 | 办理 | 批准 | 受理 | 递交 | 申报 | 填写 | 上报 | 申领 | 手续 | 许可证 | 验收 | 评审 | 审定 | 通知书 | 证书 | 核实 | 颁发 | 签字 | 许可 | 出具 | 报名 | 出示 | 领取 | 书面 | 注册 | 预约 | 公证 | 报到 | 认证 | 不予 | 授权 | 答复 | 生效 | 资格 | 核对 | 执照 | 表决 | 复查 | 通知 | 委托 | 公告 | 申办 | 通报 | 答辩 | 合同 | 变更 | 公布 | 披露 | 指定 | 订购 | 预售 | 通告 | 约定 | 名单 | 交付 | 意向 | 咨询 | 招标 | 有效期 | 授予 | 正式 | 征集 | 代理 | 工商 | 公开 | 签 | 预定 | 把关 | 试行 | 未经 | 首批 | 执行 | 试用 | 编号 | 日期 | 安排 | 口头 | 临时,84.99999739129609,0.9999999693083593,8.038513987273594e-8,上报:1.000000 | 临时:1.000000 | 书面:1.000000 | 交付:1.000000 | 代理:1.000000 | 公布:1.000000 | 公开:1.000000 | 公示:1.000000 | 公证:1.000000 | 出具:1.000000 | 出示:1.000000 | 办理:1.000000,
112,71,0.3314684174757515,0.021882623992292276,0.3380281690140845,欺骗 | 诽谤 | 骗人 | 歪曲 | 讹诈 | 煽动 | 编造 | 误导 | 扰乱 | 侮辱 | 引诱 | 谎话,无理 | 辩护 | 害 | 滥用 | 迷惑 | 犯 | 嫌疑 | 损人利己,骗 | 辩护 | 违背 | 拉拢 | 宣传 | 伪装 | 妄想 | 勾结 | 引诱 | 兜售 | 大肆 | 侵害,欺骗 | 诽谤 | 骗人 | 歪曲 | 讹诈 | 煽动 | 编造 | 误导 | 扰乱 | 侮辱 | 引诱 | 谎话 | 骗 | 恶意 | 恐吓 | 伪造 | 谎言 | 纵容 | 窃取 | 虚假 | 乘人之危 | 收买 | 勾结 | 冒充 | 损人利己 | 夸大 | 钻空子 | 迷惑 | 沽名钓誉 | 吹捧 | 忽悠 | 妄想 | 侵犯 | 大肆 | 侵害 | 拉拢 | 妨害 | 骚扰 | 谣言 | 散布 | 触犯 | 出卖 | 祸害 | 损害 | 宣扬 | 借口 | 虚构 | 怠工 | 伪装 | 滥用 | 无理 | 兜售 | 违背 | 假 | 抄袭 | 操纵 | 嫌疑 | 受骗 | 危害 | 诱饵 | 害 | 炒作 | 推销 | 宣传 | 辩护 | 倾销 | 可乘之机 | 推卸 | 他人 | 犯 | 人为,71.00000016013044,0.9999999999999992,4.731533441380046e-15,乘人之危:1.000000 | 人为:1.000000 | 他人:1.000000 | 伪装:1.000000 | 伪造:1.000000 | 侮辱:1.000000 | 侵害:1.000000 | 侵犯:1.000000 | 借口:1.000000 | 倾销:1.000000 | 假:1.000000 | 兜售:1.000000,
113,38,0.421310821663207,0.07989549481617023,0.0,明媚 | 美丽 | 迷人 | 甜美 | 美妙 | 艳丽 | 晶莹 | 翠绿 | 碧绿 | 灿烂 | 动人 | 鲜艳,翠绿 | 动听 | 秀美 | 祥和 | 纯洁 | 宁静 | 动人 | 久违,甜美 | 滋润 | 秀美 | 美好 | 美丽 | 明媚 | 亮丽 | 柔和 | 梦幻 | 碧绿 | 动人 | 芬芳,明媚 | 美丽 | 迷人 | 甜美 | 美妙 | 艳丽 | 晶莹 | 翠绿 | 碧绿 | 灿烂 | 动人 | 鲜艳 | 缤纷 | 明亮 | 柔和 | 美好 | 芬芳 | 亮丽 | 浪漫 | 温暖 | 宁静 | 清新 | 甜蜜 | 欢快 | 柔软 | 温馨 | 耀眼 | 清凉 | 动听 | 秀美 | 诱人 | 梦幻 | 欢乐 | 纯洁 | 滋润 | 光彩 | 祥和 | 久违,38.000000000611905,0.9999999999998961,5.332691721758943e-13,久违:1.000000 | 亮丽:1.000000 | 光彩:1.000000 | 动人:1.000000 | 动听:1.000000 | 明亮:1.000000 | 明媚:1.000000 | 晶莹:1.000000 | 柔和:1.000000 | 柔软:1.000000 | 梦幻:1.000000 | 欢乐:1.000000,
114,43,0.38201736510687145,0.06963046461957145,0.09302325581395349,渴望 | 向往 | 迷恋 | 怀念 | 热爱 | 想念 | 痴迷 | 挂念 | 羡慕 | 期盼 | 盼望 | 思念,羡慕 | 陶醉 | 欣赏 | 满怀 | 着迷 | 死心塌地 | 怀着 | 沉浸,一心 | 挂念 | 渴望 | 奢望 | 怀着 | 追求 | 陶醉 | 满怀 | 羡慕 | 希望 | 念念不忘 | 热衷,渴望 | 向往 | 迷恋 | 怀念 | 热爱 | 想念 | 痴迷 | 挂念 | 羡慕 | 期盼 | 盼望 | 思念 | 留恋 | 执着 | 牵挂 | 着迷 | 喜欢 | 崇拜 | 惦记 | 期待 | 念念不忘 | 痴心 | 追求 | 梦想 | 陶醉 | 喜爱 | 幻想 | 热衷 | 怀着 | 爱 | 狂热 | 满怀 | 心爱 | 奢望 | 欣赏 | 盼 | 追逐 | 怀抱 | 沉浸 | 希望 | 寄托 | 死心塌地 | 一心,43.000000000088534,1.0,8.038898007988905e-22,一心:1.000000 | 向往:1.000000 | 喜欢:1.000000 | 喜爱:1.000000 | 奢望:1.000000 | 寄托:1.000000 | 崇拜:1.000000 | 希望:1.000000 | 幻想:1.000000 | 心爱:1.000000 | 念念不忘:1.000000 | 怀念:1.000000,
115,26,0.3858948747283,0.07391786199703519,0.23076923076923078,景色 | 美景 | 名胜 | 景观 | 风景 | 景点 | 游览 | 风光 | 观光 | 观赏 | 古迹 | 风情,奇花异草 | 风情 | 繁华 | 一应俱全 | 古迹 | 山川 | 风貌 | 赏,园林 | 风景 | 游船 | 景观 | 观光 | 观赏 | 美景 | 赏 | 奇花异草 | 景区 | 繁华 | 山川,景色 | 美景 | 名胜 | 景观 | 风景 | 景点 | 游览 | 风光 | 观光 | 观赏 | 古迹 | 风情 | 景区 | 游人 | 奇花异草 | 风貌 | 游船 | 温泉 | 山川 | 喷泉 | 园林 | 繁华 | 景 | 赏 | 应有尽有 | 一应俱全,26.0,1.0,7.966195996574919e-23,一应俱全:1.000000 | 古迹:1.000000 | 名胜:1.000000 | 喷泉:1.000000 | 园林:1.000000 | 奇花异草:1.000000 | 山川:1.000000 | 应有尽有:1.000000 | 景:1.000000 | 景区:1.000000 | 景点:1.000000 | 景色:1.000000,
116,36,0.37992796062292006,0.06195877759962551,0.1111111111111111,晴朗 | 晴天 | 阴天 | 天空 | 下雨 | 下雪 | 黑夜 | 刮风 | 雨 | 彩霞 | 黄昏 | 冬天,夏天 | 灯光 | 秋天 | 大地 | 冬天 | 黄昏 | 雨 | 春天,下雨 | 刮风 | 夏天 | 雨 | 秋天 | 瑞雪 | 多云 | 大地 | 乌云 | 灯光 | 晴天 | 打雷,晴朗 | 晴天 | 阴天 | 天空 | 下雨 | 下雪 | 黑夜 | 刮风 | 雨 | 彩霞 | 黄昏 | 冬天 | 乌云 | 星星 | 太阳 | 月亮 | 打雷 | 雪 | 晴 | 春天 | 阳光 | 天上 | 瑞雪 | 秋天 | 雾 | 蓝天 | 风和日丽 | 多云 | 彩虹 | 夏天 | 黎明 | 灯光 | 光线 | 闪电 | 大地 | 旭日,36.0,1.0,1.864941715456055e-17,下雨:1.000000 | 下雪:1.000000 | 乌云:1.000000 | 光线:1.000000 | 冬天:1.000000 | 刮风:1.000000 | 夏天:1.000000 | 多云:1.000000 | 大地:1.000000 | 天上:1.000000 | 天空:1.000000 | 太阳:1.000000,
117,18,0.47078430246776004,0.22362864628361287,0.0,旱灾 | 水灾 | 灾害 | 洪水 | 暴雨 | 干旱 | 旱 | 涝 | 台风 | 海啸 | 灾 | 地震,暴风雨 | 淹 | 风沙 | 瘟疫 | 特大 | 地震 | 旱 | 干旱,暴风雨 | 淹 | 风沙 | 水灾 | 涝 | 灾害 | 暴雨 | 风暴 | 洪水 | 干旱 | 地震 | 海啸,旱灾 | 水灾 | 灾害 | 洪水 | 暴雨 | 干旱 | 旱 | 涝 | 台风 | 海啸 | 灾 | 地震 | 暴风雨 | 瘟疫 | 风沙 | 淹 | 特大 | 风暴,18.0,1.0,1.912047917714355e-27,台风:1.000000 | 地震:1.000000 | 干旱:1.000000 | 旱:1.000000 | 旱灾:1.000000 | 暴雨:1.000000 | 暴风雨:1.000000 | 水灾:1.000000 | 洪水:1.000000 | 海啸:1.000000 | 涝:1.000000 | 淹:1.000000,
118,47,0.31652743267741185,0.03815186187869524,0.19148936170212766,互信 | 合作 | 磋商 | 协商 | 和解 | 和平共处 | 会谈 | 会晤 | 协作 | 双边 | 多边 | 互访,和谐 | 盟友 | 务实 | 伙伴 | 争端 | 一道 | 中立 | 大家庭,共同体 | 争端 | 互信 | 联盟 | 和睦 | 携手 | 双边 | 平等 | 和谐 | 协作 | 邻国 | 外交,互信 | 合作 | 磋商 | 协商 | 和解 | 和平共处 | 会谈 | 会晤 | 协作 | 双边 | 多边 | 互访 | 共识 | 同舟共济 | 友好 | 双赢 | 和睦 | 共同体 | 和平 | 达成 | 谈判 | 务实 | 谅解 | 同盟 | 经贸 | 平等 | 互助 | 伙伴 | 建交 | 争端 | 双方 | 共同 | 增进 | 盟友 | 协调 | 和谐 | 携手 | 邻国 | 联盟 | 外交 | 两岸 | 联手 | 良性 | 大家庭 | 中立 | 阵营 | 一道,47.00000000035177,0.9999999999999976,1.3918301549632595e-14,一道:1.000000 | 两岸:1.000000 | 中立:1.000000 | 争端:1.000000 | 互信:1.000000 | 互助:1.000000 | 互访:1.000000 | 伙伴:1.000000 | 会谈:1.000000 | 共同:1.000000 | 共同体:1.000000 | 共识:1.000000,
119,102,0.34919844334602146,0.05973732972709443,0.21568627450980393,然而 | 但是 | 况且 | 何况 | 当然 | 事实上 | 换言之 | 总而言之 | 如果说 | 总之 | 譬如 | 也就是说,虽说 | 请问 | 毕竟 | 虽然 | 还有 | 不管 | 从此 | 其实,当然 | 首先 | 无论如何 | 在于 | 所谓 | 而 | 一般来说 | 说实话 | 一方面 | 此时 | 这样一来 | 尤其,然而 | 但是 | 况且 | 何况 | 当然 | 事实上 | 换言之 | 总而言之 | 如果说 | 总之 | 譬如 | 也就是说 | 不过 | 譬如说 | 比如说 | 其实 | 就是说 | 毕竟 | 所以 | 说实话 | 比如 | 如果 | 因此 | 实际上 | 说白了 | 其次 | 但 | 假如 | 这就是说 | 例如 | 相比之下 | 总的来说 | 按理说 | 至于 | 另外 | 虽说 | 因为 | 除此之外 | 倘若 | 即便 | 此外 | 由此可见 | 相对而言 | 而 | 即使 | 一般来说 | 另一方面 | 由此看来 | 尤其 | 虽然 | 说到底 | 那么 | 假使 | 众所周知 | 尽管 | 相反 | 正如 | 这样一来 | 恰恰相反 | 不如说 | 于是 | 综上所述 | 如今 | 可见 | 对于 | 与此同时 | 不用说 | 无论如何 | 据悉 | 好比 | 就是 | 不管 | 比起 | 除非 | 一方面 | 除了 | 纵观 | 比方 | 正是 | 此时 | 俗话说 | 加上 | 无论 | 以至于 | 若 | 首先 | 如 | 请问 | 其中 | 不论 | 意味着 | 便是 | 直到 | 同时 | 是 | 诸如此类 | 只有 | 所谓 | 在于 | 还有 | 从此 | 莫过于,102.04111799048094,0.9999962215032363,6.70119291456202e-6,一般来说:1.000000 | 不论:1.000000 | 也就是说:1.000000 | 事实上:1.000000 | 从此:1.000000 | 众所周知:1.000000 | 例如:1.000000 | 俗话说:1.000000 | 倘若:1.000000 | 假使:1.000000 | 假如:1.000000 | 其次:1.000000,只要:0.011274 | 还是:0.011205
120,52,0.3364174499412541,0.05150914235493772,0.11538461538461539,弯曲 | 凹 | 光滑 | 窄 | 圆形 | 宽度 | 宽 | 坚硬 | 形状 | 直径 | 厚度 | 弯,边缘 | 稠密 | 脱落 | 狭窄 | 横 | 裸露 | 长 | 破碎,间隙 | 粗 | 毫米 | 磨损 | 裂 | 阔 | 斜 | 宽度 | 破碎 | 陡 | 短 | 三角,弯曲 | 凹 | 光滑 | 窄 | 圆形 | 宽度 | 宽 | 坚硬 | 形状 | 直径 | 厚度 | 弯 | 斜 | 棱角 | 厚 | 凸 | 形 | 厘米 | 长度 | 尖 | 粗 | 平坦 | 薄 | 裂 | 圆 | 扁 | 轮廓 | 狭窄 | 裂缝 | 平面 | 变形 | 伸缩 | 阔 | 脱落 | 尺 | 裸露 | 磨损 | 陡 | 横 | 长 | 角 | 毫米 | 浅 | 短 | 空隙 | 细 | 寸 | 边缘 | 稠密 | 破碎 | 间隙 | 三角,52.000000000262276,1.0,3.4479366929646076e-17,三角:1.000000 | 伸缩:1.000000 | 光滑:1.000000 | 凸:1.000000 | 凹:1.000000 | 厘米:1.000000 | 厚:1.000000 | 厚度:1.000000 | 变形:1.000000 | 圆:1.000000 | 圆形:1.000000 | 坚硬:1.000000,
121,67,0.3361996040065789,0.020357725098055477,0.29850746268656714,捡 | 掏 | 拿 | 扔 | 拎 | 买 | 搬 | 捎 | 挑 | 捞 | 拣 | 丢,花 | 炒 | 打发 | 挪 | 扔 | 扫 | 拍 | 晒,搞 | 用 | 弄 | 挑 | 驮 | 打发 | 换 | 剩 | 拎 | 送 | 挖 | 借,捡 | 掏 | 拿 | 扔 | 拎 | 买 | 搬 | 捎 | 挑 | 捞 | 拣 | 丢 | 挣 | 弄 | 揣 | 扛 | 攒 | 偷 | 放 | 卖 | 送 | 找 | 抢 | 赚 | 凑 | 换 | 抄 | 摘 | 拾 | 取 | 收拾 | 背 | 拿走 | 摆 | 拍 | 递 | 寄 | 搭 | 赶 | 刷 | 装 | 接 | 背着 | 揽 | 雇 | 拆 | 拼 | 带 | 搞 | 剩 | 晒 | 拿出 | 订 | 拿到 | 驮 | 借 | 炒 | 用 | 打发 | 花 | 挖 | 扫 | 做 | 淘 | 挪 | 开 | 打包,67.0000000054985,0.9999999999999979,1.3218247968728564e-14,丢:1.000000 | 买:1.000000 | 借:1.000000 | 做:1.000000 | 偷:1.000000 | 凑:1.000000 | 刷:1.000000 | 剩:1.000000 | 卖:1.000000 | 取:1.000000 | 寄:1.000000 | 带:1.000000,
122,66,0.33437625731284487,0.043219797709059635,0.13636363636363635,相处 | 交谈 | 争吵 | 见面 | 交往 | 对峙 | 会面 | 相遇 | 沟通 | 交锋 | 争执 | 对话,萍水相逢 | 握手 | 叫板 | 亲热 | 争执 | 相约 | 间 | 交朋友,对峙 | 亲热 | 交往 | 分手 | 周旋 | 握手 | 朝夕相处 | 会面 | 接触 | 萍水相逢 | 较量 | 关系,相处 | 交谈 | 争吵 | 见面 | 交往 | 对峙 | 会面 | 相遇 | 沟通 | 交锋 | 争执 | 对话 | 交流 | 朝夕相处 | 相识 | 亲密 | 打交道 | 隔阂 | 交朋友 | 周旋 | 融洽 | 较劲 | 作对 | 握手 | 较量 | 亲热 | 对立 | 交情 | 互相 | 接触 | 彼此 | 之间 | 纠缠 | 搏斗 | 相互 | 交集 | 关系 | 面对面 | 比试 | 针锋相对 | 冲突 | 抗衡 | 来往 | 联系 | 讨价还价 | 默契 | 对弈 | 往来 | 互动 | 形影不离 | 谈话 | 磨合 | 摩擦 | 萍水相逢 | 分手 | 通话 | 联络 | 相约 | 相伴 | 争夺 | 碰撞 | 叫板 | 交换 | 门当户对 | 汇合 | 间,65.99999990849207,0.999999998613142,4.504048769886547e-9,之间:1.000000 | 争夺:1.000000 | 互动:1.000000 | 互相:1.000000 | 交往:1.000000 | 交情:1.000000 | 交换:1.000000 | 交朋友:1.000000 | 交流:1.000000 | 交谈:1.000000 | 交锋:1.000000 | 交集:1.000000,
123,77,0.2540159413134925,-0.023575545831061317,0.6753246753246753,玄 | 善 | 妙 | 邪 | 灵 | 魂 | 敬 | 佛 | 俗 | 剑 | 识 | 命,多心 | 弦 | 马 | 琴 | 如意 | 风流 | 同人 | 闻,神 | 之 | 顾 | 罗 | 拳 | 戒 | 斗 | 精 | 敬 | 德 | 功 | 巧,玄 | 善 | 妙 | 邪 | 灵 | 魂 | 敬 | 佛 | 俗 | 剑 | 识 | 命 | 巧 | 福 | 玉 | 功 | 神 | 琴 | 劫 | 矣 | 乃 | 俊 | 仇 | 曰 | 君子 | 傲 | 戒 | 野 | 菩萨 | 理 | 宠 | 辩 | 生 | 棋 | 绝 | 迷 | 渡 | 拳 | 饶 | 兵 | 王 | 德 | 天下 | 风流 | 干戈 | 利 | 唯 | 子 | 之 | 胜 | 堂 | 斗 | 宝 | 力 | 精 | 闻 | 良 | 龙 | 马 | 兹 | 必 | 弦 | 公 | 太极 | 顾 | 胆 | 酷 | 八卦 | 谱 | 罗 | 忌 | 同人 | 多心 | 如意 | 法 | 界 | 少林寺,76.99999965294634,0.9999999936570053,1.8849975970790177e-8,之:1.000000 | 仇:1.000000 | 佛:1.000000 | 俗:1.000000 | 傲:1.000000 | 八卦:1.000000 | 公:1.000000 | 力:1.000000 | 功:1.000000 | 劫:1.000000 | 同人:1.000000 | 命:1.000000,
124,93,0.33790585769260906,0.0021138367106732277,0.5053763440860215,搓 | 擦 | 劈 | 绞 | 裹 | 浇 | 粘 | 刨 | 烫 | 揉 | 剪 | 缠,溅 | 扣 | 钻 | 洒 | 撬 | 劈 | 堵 | 挡,焊 | 糊 | 绑 | 擦 | 堵 | 梳 | 挤 | 拴 | 塌 | 摊 | 劈 | 滑,搓 | 擦 | 劈 | 绞 | 裹 | 浇 | 粘 | 刨 | 烫 | 揉 | 剪 | 缠 | 刮 | 糊 | 剥 | 绷 | 夹 | 滚 | 碎 | 洗 | 割 | 抹 | 淋 | 沾 | 烧 | 锯 | 埋 | 搅 | 涂 | 绑 | 磨 | 挤 | 拔 | 卸 | 压 | 吊 | 缝 | 铲 | 洒 | 垫 | 兜 | 搁 | 溅 | 扎 | 炸 | 筋 | 凿 | 撬 | 撒 | 剃 | 削 | 熏 | 灌 | 拖 | 漏 | 黏 | 脱 | 切 | 秃 | 勾 | 塌 | 拴 | 烂 | 捆 | 刺 | 焊 | 插 | 梳 | 断 | 堵 | 筛 | 包扎 | 敷 | 挡 | 落 | 滑 | 吞 | 斩 | 塞 | 坠 | 掉 | 勒 | 划 | 撇 | 截 | 摊 | 钻 | 抛 | 陷 | 扣 | 吸 | 硬 | 弹,92.99999914076508,0.999999990643425,2.7535658631744753e-8,兜:1.000000 | 凿:1.000000 | 切:1.000000 | 划:1.000000 | 刺:1.000000 | 剃:1.000000 | 削:1.000000 | 剥:1.000000 | 剪:1.000000 | 割:1.000000 | 勒:1.000000 | 勾:1.000000,
125,37,0.3339751673623997,0.08208886327667102,0.10810810810810811,有名 | 闻名 | 大名鼎鼎 | 举世闻名 | 远近闻名 | 驰名 | 名副其实 | 著名 | 当之无愧 | 出名 | 难得一见 | 堪称,酷似 | 鹤立鸡群 | 随处可见 | 呼风唤雨 | 引人注目 | 媲美 | 特有 | 轰动,称作 | 特有 | 有名 | 当之无愧 | 鹤立鸡群 | 耳熟能详 | 称为 | 著名 | 难得一见 | 呼风唤雨 | 随处可见 | 名副其实,有名 | 闻名 | 大名鼎鼎 | 举世闻名 | 远近闻名 | 驰名 | 名副其实 | 著名 | 当之无愧 | 出名 | 难得一见 | 堪称 | 瞩目 | 举世无双 | 独一无二 | 公认 | 罕见 | 家喻户晓 | 媲美 | 举世瞩目 | 少见 | 号称 | 引人注目 | 耳熟能详 | 少有 | 仅次于 | 轰动 | 酷似 | 土生土长 | 称为 | 不亚于 | 随处可见 | 特有 | 鹤立鸡群 | 称作 | 昔日 | 呼风唤雨,37.000000470576836,1.0,2.112338304077479e-17,不亚于:1.000000 | 举世无双:1.000000 | 举世瞩目:1.000000 | 举世闻名:1.000000 | 仅次于:1.000000 | 公认:1.000000 | 出名:1.000000 | 号称:1.000000 | 名副其实:1.000000 | 呼风唤雨:1.000000 | 土生土长:1.000000 | 堪称:1.000000,
126,47,0.32300425849789366,0.01405974234873958,0.2978723404255319,刻苦 | 兢兢业业 | 虚心 | 勤奋 | 细心 | 用心 | 钻研 | 认真 | 用功 | 善于 | 懂得 | 苦心,勤快 | 忍耐 | 马虎 | 端正 | 讲究 | 反省 | 习惯 | 勤奋,勤快 | 慎重 | 刻苦 | 做到 | 敢于 | 不耻下问 | 虚心 | 舍得 | 懂得 | 苦心 | 循序渐进 | 大胆,刻苦 | 兢兢业业 | 虚心 | 勤奋 | 细心 | 用心 | 钻研 | 认真 | 用功 | 善于 | 懂得 | 苦心 | 精益求精 | 勇于 | 吃苦 | 不耻下问 | 持之以恒 | 耐心 | 勤快 | 苦练 | 精打细算 | 专心 | 以身作则 | 自觉 | 顾全大局 | 实事求是 | 敢于 | 慎重 | 养成 | 讲究 | 忍耐 | 下功夫 | 精心 | 马虎 | 端正 | 肯 | 有的放矢 | 学会 | 大胆 | 反省 | 换位 | 习惯 | 做到 | 举一反三 | 工夫 | 舍得 | 循序渐进,47.00000000001907,1.0,1.9784222057913257e-16,下功夫:1.000000 | 不耻下问:1.000000 | 专心:1.000000 | 举一反三:1.000000 | 习惯:1.000000 | 以身作则:1.000000 | 做到:1.000000 | 兢兢业业:1.000000 | 养成:1.000000 | 刻苦:1.000000 | 勇于:1.000000 | 勤奋:1.000000,
127,47,0.3342675768165746,0.06059801980614712,0.1702127659574468,声称 | 表示 | 宣称 | 指出 | 证实 | 坚信 | 认为 | 承认 | 断定 | 透露 | 否认 | 表明,预兆 | 标榜 | 预感 | 告诉 | 印证 | 消息 | 提出 | 表态,声明 | 得知 | 指 | 表态 | 印证 | 标榜 | 表示 | 获悉 | 认为 | 相信 | 确认 | 断定,声称 | 表示 | 宣称 | 指出 | 证实 | 坚信 | 认为 | 承认 | 断定 | 透露 | 否认 | 表明 | 确信 | 强调 | 深信 | 重申 | 暗示 | 预言 | 相信 | 推测 | 证明 | 宣布 | 看出 | 告诉 | 得知 | 显示 | 提到 | 确认 | 表态 | 获悉 | 回应 | 预见 | 预感 | 提出 | 印证 | 预料 | 说明 | 宣告 | 澄清 | 报道 | 自称 | 声明 | 消息 | 标榜 | 预兆 | 记者 | 指,47.00001374095197,0.999999999978203,8.926945570773253e-11,印证:1.000000 | 否认:1.000000 | 告诉:1.000000 | 回应:1.000000 | 坚信:1.000000 | 声明:1.000000 | 声称:1.000000 | 宣告:1.000000 | 宣布:1.000000 | 宣称:1.000000 | 强调:1.000000 | 得知:1.000000,
128,35,0.34697179169377224,0.009665747035936893,0.4857142857142857,熙熙攘攘 | 空荡荡 | 发愣 | 喧闹 | 一动不动 | 孤零零 | 寂静 | 晃荡 | 转悠 | 酣睡 | 鸦雀无声 | 东张西望,忙碌 | 发愣 | 此刻 | 左顾右盼 | 眼前 | 不见 | 喧哗 | 不起眼,左顾右盼 | 只见 | 一动不动 | 鸦雀无声 | 簇拥 | 等待 | 不起眼 | 大模大样 | 忙碌 | 显眼 | 此刻 | 拥挤,熙熙攘攘 | 空荡荡 | 发愣 | 喧闹 | 一动不动 | 孤零零 | 寂静 | 晃荡 | 转悠 | 酣睡 | 鸦雀无声 | 东张西望 | 忙碌 | 喧哗 | 川流不息 | 只见 | 大模大样 | 拥挤 | 左顾右盼 | 横七竖八 | 僻静 | 热闹 | 守候 | 等候 | 欢声笑语 | 此刻 | 眼前 | 簇拥 | 显眼 | 一晃 | 不见 | 不起眼 | 守株待兔 | 赫然 | 等待,35.0,1.0,8.438353252586678e-19,一动不动:1.000000 | 一晃:1.000000 | 不见:1.000000 | 不起眼:1.000000 | 东张西望:1.000000 | 僻静:1.000000 | 发愣:1.000000 | 只见:1.000000 | 喧哗:1.000000 | 喧闹:1.000000 | 大模大样:1.000000 | 孤零零:1.000000,
129,63,0.3656786928342675,0.05580995634180597,0.15873015873015872,商场 | 饭店 | 饭馆 | 餐馆 | 餐厅 | 旅馆 | 酒楼 | 宾馆 | 酒吧 | 书店 | 旅店 | 商店,餐厅 | 游泳池 | 剧院 | 公寓 | 街 | 校园 | 监狱 | 夜市,诊所 | 夜市 | 俱乐部 | 商场 | 体育馆 | 出租 | 停车场 | 专柜 | 街 | 图书馆 | 酒吧 | 宾馆,商场 | 饭店 | 饭馆 | 餐馆 | 餐厅 | 旅馆 | 酒楼 | 宾馆 | 酒吧 | 书店 | 旅店 | 商店 | 超市 | 舞厅 | 电影院 | 菜市场 | 酒店 | 药店 | 网吧 | 店 | 停车场 | 夜总会 | 连锁店 | 报亭 | 公园 | 诊所 | 地铁站 | 专卖店 | 小区 | 便利店 | 加油站 | 公寓 | 广场 | 夜市 | 剧院 | 养老院 | 图书馆 | 邮局 | 游泳池 | 写字楼 | 场馆 | 百货 | 体育馆 | 连锁 | 五星级 | 街道 | 街 | 公共场所 | 社区 | 专柜 | 网点 | 体育场 | 大街 | 商城 | 大街小巷 | 街头 | 旅行社 | 出租 | 物业 | 俱乐部 | 报社 | 监狱 | 校园,63.00145647315862,0.9999999999966264,1.526879875437205e-11,专卖店:1.000000 | 专柜:1.000000 | 书店:1.000000 | 五星级:1.000000 | 体育场:1.000000 | 体育馆:1.000000 | 便利店:1.000000 | 停车场:1.000000 | 公共场所:1.000000 | 公园:1.000000 | 公寓:1.000000 | 养老院:1.000000,
130,60,0.31370069766515296,0.02722771074247302,0.31666666666666665,拼搏 | 奋斗 | 艰苦奋斗 | 奋勇 | 英勇 | 自强不息 | 勇往直前 | 发愤图强 | 不懈 | 顽强 | 团结 | 发扬,坚强 | 振作 | 信念 | 鞭策 | 竭尽全力 | 成才 | 加油 | 鹏程万里,事业 | 奋斗 | 振作 | 鹏程万里 | 决心 | 长征 | 伟大 | 坚持不懈 | 革命 | 成才 | 自强不息 | 投身,拼搏 | 奋斗 | 艰苦奋斗 | 奋勇 | 英勇 | 自强不息 | 勇往直前 | 发愤图强 | 不懈 | 顽强 | 团结 | 发扬 | 斗争 | 坚持不懈 | 奋力 | 齐心协力 | 信念 | 努力 | 伟大 | 弘扬 | 众志成城 | 自力更生 | 中华民族 | 辛勤 | 抗争 | 富强 | 胜利 | 坚强 | 祖国 | 鼓舞 | 光荣 | 战斗 | 决心 | 社会主义 | 可歌可泣 | 争光 | 争气 | 振作 | 竭尽全力 | 与时俱进 | 前赴后继 | 革命 | 独立自主 | 事业 | 愚公移山 | 鞭策 | 复兴 | 投身 | 成才 | 进步 | 改革开放 | 振兴 | 鹏程万里 | 党 | 造福 | 自立 | 加油 | 立功 | 长征 | 社论,59.99999982871916,0.9999999971453071,9.173654084848254e-9,不懈:1.000000 | 与时俱进:1.000000 | 中华民族:1.000000 | 争光:1.000000 | 争气:1.000000 | 事业:1.000000 | 众志成城:1.000000 | 伟大:1.000000 | 光荣:1.000000 | 决心:1.000000 | 前赴后继:1.000000 | 加油:1.000000,
131,24,0.4363851804385013,0.142657065302275,0.0,旁边 | 东边 | 南边 | 西边 | 左边 | 旁 | 北边 | 右边 | 两边 | 两侧 | 远处 | 对面,沿途 | 中间 | 边 | 旁边 | 路边 | 尽头 | 此处 | 侧,两侧 | 沿途 | 右边 | 边 | 前方 | 附近 | 路边 | 远处 | 南边 | 尽头 | 上方 | 东边,旁边 | 东边 | 南边 | 西边 | 左边 | 旁 | 北边 | 右边 | 两边 | 两侧 | 远处 | 对面 | 周围 | 前方 | 路边 | 边 | 中间 | 附近 | 四周 | 沿途 | 上方 | 此处 | 尽头 | 侧,24.0,1.0,8.833503675459932e-18,上方:1.000000 | 东边:1.000000 | 两侧:1.000000 | 两边:1.000000 | 中间:1.000000 | 侧:1.000000 | 前方:1.000000 | 北边:1.000000 | 南边:1.000000 | 右边:1.000000 | 周围:1.000000 | 四周:1.000000,
132,51,0.48280955821527316,0.1707332377126085,0.0196078431372549,胳膊 | 脖子 | 手臂 | 嘴唇 | 鼻子 | 脸颊 | 舌头 | 肩膀 | 手掌 | 嘴巴 | 耳朵 | 手指,辫子 | 睁 | 嗓子 | 腹部 | 抚摸 | 面部 | 牙 | 骨头,脸颊 | 手脚 | 颈部 | 手掌 | 指甲 | 眼 | 拳头 | 骨头 | 舌头 | 肚子 | 身体 | 头发,胳膊 | 脖子 | 手臂 | 嘴唇 | 鼻子 | 脸颊 | 舌头 | 肩膀 | 手掌 | 嘴巴 | 耳朵 | 手指 | 眼睛 | 脑袋 | 腿 | 爪子 | 喉咙 | 眉毛 | 胸膛 | 身子 | 颈部 | 膝盖 | 肚子 | 胸部 | 手腕 | 嘴 | 头发 | 指甲 | 身体 | 身躯 | 双手 | 指头 | 腹部 | 脸 | 牙齿 | 头顶 | 手脚 | 尾巴 | 骨头 | 嗓子 | 抚摸 | 拳头 | 面部 | 眼 | 睁 | 头部 | 胡子 | 辫子 | 吻 | 翅膀 | 牙,51.00000000486751,0.9999999999999994,2.6404969493245165e-15,双手:1.000000 | 吻:1.000000 | 喉咙:1.000000 | 嗓子:1.000000 | 嘴:1.000000 | 嘴唇:1.000000 | 嘴巴:1.000000 | 头发:1.000000 | 头部:1.000000 | 头顶:1.000000 | 尾巴:1.000000 | 手指:1.000000,
133,64,0.3435696139841121,0.04887171523565125,0.140625,画册 | 绘画 | 插图 | 图画 | 国画 | 油画 | 书籍 | 漫画 | 画 | 素描 | 美术 | 画展,卡通 | 散文 | 鉴赏 | 胶片 | 光盘 | 壁画 | 画儿 | 书法,专著 | 画家 | 名著 | 光盘 | 出版社 | 散文 | 肖像 | 册 | 书 | 书籍 | 报刊 | 著作,画册 | 绘画 | 插图 | 图画 | 国画 | 油画 | 书籍 | 漫画 | 画 | 素描 | 美术 | 画展 | 年画 | 壁画 | 图书 | 邮票 | 肖像 | 书法 | 雕塑 | 书 | 画家 | 中国画 | 出版 | 传记 | 散文 | 展览 | 照片 | 相片 | 名著 | 著作 | 封面 | 藏品 | 画儿 | 刊物 | 摄影 | 报刊 | 专著 | 文献 | 百科全书 | 图像 | 杂志 | 报纸 | 辞典 | 幅 | 论文 | 素材 | 册 | 海报 | 光碟 | 影像 | 回忆录 | 瓷器 | 集邮 | 鉴赏 | 出版社 | 音像 | 日记 | 光盘 | 图纸 | 胶片 | 地图 | 图形 | 卡通 | 标本,64.00000013823063,0.9999999998251696,6.590979351485379e-10,专著:1.000000 | 中国画:1.000000 | 书:1.000000 | 书法:1.000000 | 书籍:1.000000 | 传记:1.000000 | 光盘:1.000000 | 光碟:1.000000 | 册:1.000000 | 出版:1.000000 | 出版社:1.000000 | 刊物:1.000000,
134,34,0.26595496506999006,-0.014621610242105313,0.7058823529411765,眼光 | 大局 | 视角 | 角度 | 视野 | 目光 | 得失 | 全局 | 分寸 | 视线 | 一言一行 | 一举一动,平常心 | 分寸 | 嗅觉 | 舆论 | 目光 | 战场 | 前途 | 入手,舆论 | 大事 | 战场 | 眼光 | 利害 | 尺度 | 方方面面 | 嗅觉 | 当下 | 脉搏 | 定位 | 平常心,眼光 | 大局 | 视角 | 角度 | 视野 | 目光 | 得失 | 全局 | 分寸 | 视线 | 一言一行 | 一举一动 | 把握 | 长远 | 焦点 | 焦距 | 脉搏 | 高度 | 尺度 | 方方面面 | 重心 | 利害 | 嗅觉 | 大事 | 平常心 | 事态 | 当下 | 定位 | 舆论 | 前途 | 战场 | 介入 | 入手 | 天平,34.0,1.0,1.0064685293624032e-24,一举一动:1.000000 | 一言一行:1.000000 | 事态:1.000000 | 介入:1.000000 | 入手:1.000000 | 全局:1.000000 | 分寸:1.000000 | 利害:1.000000 | 前途:1.000000 | 嗅觉:1.000000 | 大事:1.000000 | 大局:1.000000,
135,43,0.34788374880494166,0.06884343251308303,0.06976744186046512,阐述 | 叙述 | 描绘 | 概括 | 描述 | 讲述 | 论述 | 表述 | 描写 | 揭示 | 解释 | 讲解,构思 | 歌颂 | 原型 | 撰写 | 揭露 | 记载 | 领会 | 讲解,表达 | 总结 | 归结 | 讲解 | 简要 | 举例 | 解读 | 传达 | 原型 | 描绘 | 演示 | 领会,阐述 | 叙述 | 描绘 | 概括 | 描述 | 讲述 | 论述 | 表述 | 描写 | 揭示 | 解释 | 讲解 | 列举 | 归纳 | 表达 | 总结 | 介绍 | 勾画 | 展示 | 解读 | 陈述 | 简要 | 解析 | 歌颂 | 举例 | 解说 | 揭露 | 反映 | 形容 | 演示 | 传达 | 回顾 | 领会 | 引用 | 记载 | 比喻 | 撰写 | 构思 | 归结 | 还原 | 作 | 借用 | 原型,43.00000000000056,1.0,3.744976708356446e-17,举例:1.000000 | 介绍:1.000000 | 传达:1.000000 | 作:1.000000 | 借用:1.000000 | 列举:1.000000 | 勾画:1.000000 | 原型:1.000000 | 反映:1.000000 | 叙述:1.000000 | 回顾:1.000000 | 展示:1.000000,
136,51,0.3406840214597331,0.023252740340976744,0.2549019607843137,爱情 | 心事 | 情感 | 感情 | 心灵 | 人生 | 往事 | 内心 | 悲欢离合 | 喜怒哀乐 | 回忆 | 心中,喜悦 | 情人 | 遂心 | 血脉 | 容颜 | 难忘 | 晚安 | 心里,人生 | 心 | 脑海 | 亲情 | 生活 | 主人公 | 诀别 | 容颜 | 酸甜苦辣 | 恩怨 | 心情 | 情人,爱情 | 心事 | 情感 | 感情 | 心灵 | 人生 | 往事 | 内心 | 悲欢离合 | 喜怒哀乐 | 回忆 | 心中 | 倾诉 | 记忆 | 童年 | 心情 | 亲情 | 时光 | 岁月 | 心声 | 心里 | 酸甜苦辣 | 心 | 心里话 | 青春 | 恋爱 | 缘分 | 情 | 一生 | 故事 | 情人 | 恩怨 | 容颜 | 难忘 | 诀别 | 喜悦 | 脑海 | 身心 | 天长地久 | 了却 | 命运 | 生死 | 遂心 | 梦 | 生活 | 主人公 | 晚安 | 心目 | 宣泄 | 血脉 | 往日,50.99999999999979,0.9999999999999928,3.980743437493575e-14,一生:1.000000 | 主人公:1.000000 | 了却:1.000000 | 亲情:1.000000 | 人生:1.000000 | 内心:1.000000 | 命运:1.000000 | 喜怒哀乐:1.000000 | 喜悦:1.000000 | 回忆:1.000000 | 天长地久:1.000000 | 宣泄:1.000000,
137,74,0.39652232970480816,0.0461472937229037,0.20270270270270271,厌烦 | 责怪 | 嫌弃 | 埋怨 | 瞧不起 | 嘲笑 | 妒忌 | 责备 | 嫉妒 | 怨恨 | 反感 | 讥笑,冤枉 | 冒昧 | 抱歉 | 恨 | 过意不去 | 害臊 | 害怕 | 不耐烦,嘲弄 | 讽刺 | 耻笑 | 嫌弃 | 鄙视 | 怕 | 打扰 | 抱怨 | 生气 | 嫉妒 | 不屑 | 埋怨,厌烦 | 责怪 | 嫌弃 | 埋怨 | 瞧不起 | 嘲笑 | 妒忌 | 责备 | 嫉妒 | 怨恨 | 反感 | 讥笑 | 不屑 | 看不起 | 轻蔑 | 讨厌 | 生气 | 害怕 | 鄙视 | 理睬 | 耻笑 | 介意 | 为难 | 不服气 | 畏惧 | 不耐烦 | 不理 | 害臊 | 客气 | 恨 | 刁难 | 怕 | 怠慢 | 抱怨 | 嘲弄 | 爱理不理 | 理会 | 冷淡 | 冒犯 | 讨好 | 在意 | 冤枉 | 别扭 | 在乎 | 怨 | 挑剔 | 恭维 | 厌倦 | 讽刺 | 得罪 | 计较 | 忌讳 | 推辞 | 排斥 | 过意不去 | 迁就 | 不在乎 | 大惊小怪 | 打扰 | 打搅 | 歧视 | 怪 | 不满 | 嫌 | 冷落 | 眼红 | 抱歉 | 拘束 | 敬而远之 | 抵触 | 惹 | 死心 | 冒昧 | 见外,74.00010109608283,0.9999999999812559,7.848208187173561e-11,不屑:1.000000 | 不服气:1.000000 | 不满:1.000000 | 不理:1.000000 | 不耐烦:1.000000 | 介意:1.000000 | 冒昧:1.000000 | 冒犯:1.000000 | 冷淡:1.000000 | 冷落:1.000000 | 刁难:1.000000 | 别扭:1.000000,
138,50,0.37596634830807074,0.07009705338884048,0.08,安逸 | 愉快 | 安稳 | 舒服 | 舒畅 | 自在 | 悠闲 | 痛快 | 开心 | 顺心 | 快乐 | 快活,从容 | 干净 | 潇洒 | 爽快 | 美满 | 如愿以偿 | 体面 | 尽情,安静 | 潇洒 | 放心 | 安定 | 无忧无虑 | 踏实 | 痛快 | 便利 | 舒服 | 快活 | 悠闲 | 自如,安逸 | 愉快 | 安稳 | 舒服 | 舒畅 | 自在 | 悠闲 | 痛快 | 开心 | 顺心 | 快乐 | 快活 | 潇洒 | 轻松 | 安静 | 安心 | 自由自在 | 无忧无虑 | 清静 | 心安理得 | 平静 | 舒适 | 怡然自得 | 踏实 | 知足 | 幸福 | 富足 | 从容 | 爽快 | 美满 | 放心 | 美滋滋 | 顺畅 | 安宁 | 方便 | 便捷 | 体面 | 自如 | 省事 | 自由 | 随心所欲 | 快捷 | 安定 | 干净 | 尽情 | 顺利 | 便利 | 圆满 | 心想事成 | 如愿以偿,50.00000002726269,0.9999999999985625,6.6096106962037436e-12,体面:1.000000 | 便利:1.000000 | 便捷:1.000000 | 圆满:1.000000 | 如愿以偿:1.000000 | 安宁:1.000000 | 安定:1.000000 | 安心:1.000000 | 安稳:1.000000 | 安逸:1.000000 | 安静:1.000000 | 富足:1.000000,
139,39,0.3060021357069035,0.020019338661255395,0.41025641025641024,巨星 | 影星 | 球星 | 偶像 | 歌星 | 明星 | 大腕儿 | 替身 | 搭档 | 艺人 | 人物 | 主角,爵士 | 状元 | 艺人 | 生涯 | 歌星 | 退役 | 王子 | 杀手,绯闻 | 偶像 | 出道 | 英雄 | 搭档 | 巨星 | 外援 | 绰号 | 替身 | 名人 | 大腕儿 | 退役,巨星 | 影星 | 球星 | 偶像 | 歌星 | 明星 | 大腕儿 | 替身 | 搭档 | 艺人 | 人物 | 主角 | 代言人 | 名人 | 新人 | 演艺圈 | 绯闻 | 模特儿 | 出道 | 杀手 | 角色 | 接班人 | 天才 | 王牌 | 跑龙套 | 传奇 | 英雄 | 阵容 | 王子 | 头号 | 外援 | 绰号 | 出场 | 外号 | 生涯 | 爵士 | 状元 | 黑马 | 退役,39.00000005439962,1.0,5.513943697396296e-18,主角:1.000000 | 人物:1.000000 | 代言人:1.000000 | 传奇:1.000000 | 偶像:1.000000 | 出场:1.000000 | 出道:1.000000 | 名人:1.000000 | 外号:1.000000 | 外援:1.000000 | 大腕儿:1.000000 | 天才:1.000000,
140,41,0.3453127741340391,0.04963705583263204,0.17073170731707318,整天 | 成天 | 一天到晚 | 从早到晚 | 夜以继日 | 不停 | 日复一日 | 日夜 | 彻夜 | 拼命 | 废寝忘食 | 奔波,不定 | 半天 | 操劳 | 聚精会神 | 成群结队 | 顾不上 | 默默 | 常年,争分夺秒 | 一连 | 日夜 | 成群结队 | 翻来覆去 | 拼命 | 断断续续 | 风餐露宿 | 遍地 | 奔波 | 废寝忘食 | 东奔西走,整天 | 成天 | 一天到晚 | 从早到晚 | 夜以继日 | 不停 | 日复一日 | 日夜 | 彻夜 | 拼命 | 废寝忘食 | 奔波 | 东奔西走 | 一年到头 | 翻来覆去 | 没完没了 | 忍饥挨饿 | 风餐露宿 | 昼夜 | 来回 | 忙活 | 四处 | 到处 | 一心一意 | 挨家挨户 | 默默 | 断断续续 | 顾不上 | 只顾 | 操劳 | 轮流 | 争分夺秒 | 反复 | 聚精会神 | 一连 | 成群结队 | 半天 | 遍地 | 常年 | 遍 | 不定,41.00000001076697,1.0,3.028817901176093e-16,一天到晚:1.000000 | 一年到头:1.000000 | 一心一意:1.000000 | 一连:1.000000 | 不停:1.000000 | 不定:1.000000 | 东奔西走:1.000000 | 争分夺秒:1.000000 | 从早到晚:1.000000 | 到处:1.000000 | 半天:1.000000 | 反复:1.000000,
141,67,0.3356973364032335,0.04275958142861902,0.16417910447761194,侵略 | 统治 | 掠夺 | 屠杀 | 占领 | 反抗 | 压迫 | 阴谋 | 摧毁 | 武力 | 毁灭 | 入侵,仇恨 | 冷战 | 束缚 | 屠杀 | 反 | 伸张 | 破坏 | 挑衅,驱逐 | 插手 | 灭 | 投降 | 屠杀 | 统治 | 摧毁 | 打倒 | 势力 | 包围 | 示威 | 领土,侵略 | 统治 | 掠夺 | 屠杀 | 占领 | 反抗 | 压迫 | 阴谋 | 摧毁 | 武力 | 毁灭 | 入侵 | 挑衅 | 帝国主义 | 迫害 | 歼灭 | 打倒 | 打败 | 侵占 | 强占 | 推翻 | 干涉 | 背叛 | 灭亡 | 攻击 | 势力 | 剥削 | 分裂 | 霸占 | 敌人 | 进攻 | 战争 | 政权 | 驱逐 | 封锁 | 反击 | 征服 | 包围 | 轰炸 | 武装 | 仇恨 | 领土 | 破坏 | 粉碎 | 投降 | 夺取 | 瓜分 | 孤立 | 颠覆 | 收复 | 发动 | 剥夺 | 支配 | 灭 | 示威 | 主宰 | 解放 | 压倒 | 挑起 | 复活 | 强加 | 束缚 | 插手 | 反 | 冷战 | 伸张 | 矛头,67.00000314240675,0.9999999999689623,1.2458792063488606e-10,主宰:1.000000 | 仇恨:1.000000 | 伸张:1.000000 | 侵占:1.000000 | 侵略:1.000000 | 入侵:1.000000 | 冷战:1.000000 | 分裂:1.000000 | 剥削:1.000000 | 剥夺:1.000000 | 势力:1.000000 | 包围:1.000000,
142,61,0.3090248576331159,0.020889582665376702,0.3114754098360656,衰弱 | 缺失 | 萎缩 | 紊乱 | 衰退 | 缺乏 | 脆弱 | 低迷 | 薄弱 | 僵化 | 丧失 | 崩溃,力不从心 | 迷失 | 被动 | 摇摇欲坠 | 无力 | 不利 | 时好时坏 | 扭曲,被动 | 不景气 | 脱节 | 无力 | 萎缩 | 没落 | 饱和 | 失效 | 失灵 | 不足 | 崩溃 | 紊乱,衰弱 | 缺失 | 萎缩 | 紊乱 | 衰退 | 缺乏 | 脆弱 | 低迷 | 薄弱 | 僵化 | 丧失 | 崩溃 | 欠缺 | 低下 | 不足 | 失灵 | 恶化 | 老化 | 短缺 | 极度 | 不景气 | 衰竭 | 减弱 | 瘫痪 | 陷入 | 松弛 | 脱节 | 跟不上 | 失控 | 严重 | 滞后 | 失去 | 趋于 | 力不从心 | 无力 | 萧条 | 紧缺 | 缺少 | 过度 | 失效 | 扭曲 | 流失 | 过剩 | 稀少 | 依赖 | 迷失 | 膨胀 | 没落 | 过于 | 缺 | 落后 | 饱和 | 雪上加霜 | 不利 | 摇摇欲坠 | 供不应求 | 处于 | 透支 | 时好时坏 | 处在 | 被动,60.99999959537014,0.9999999931112952,2.038995212001083e-8,不利:1.000000 | 不景气:1.000000 | 不足:1.000000 | 严重:1.000000 | 丧失:1.000000 | 低下:1.000000 | 低迷:1.000000 | 供不应求:1.000000 | 依赖:1.000000 | 僵化:1.000000 | 力不从心:1.000000 | 处于:1.000000,
143,81,0.380984995765886,0.09467902374966977,0.06172839506172839,高中 | 入学 | 学校 | 初中 | 大学 | 本科 | 研究生 | 报考 | 就读 | 补习 | 中学 | 招生,考试 | 上学 | 家教 | 读书 | 笔试 | 幼儿园 | 选修 | 驾照,高等 | 考生 | 硕士 | 函授 | 就读 | 班 | 毕业生 | 文凭 | 本科 | 学科 | 录取 | 驾照,高中 | 入学 | 学校 | 初中 | 大学 | 本科 | 研究生 | 报考 | 就读 | 补习 | 中学 | 招生 | 转学 | 小学 | 毕业 | 升学 | 录取 | 毕业生 | 学费 | 学期 | 年级 | 选修 | 理科 | 师范 | 学业 | 考试 | 学年 | 文凭 | 硕士 | 念书 | 学位 | 退学 | 补考 | 奖学金 | 考 | 开学 | 高考 | 学分 | 上学 | 班级 | 文科 | 函授 | 进修 | 教师 | 招收 | 学时 | 工科 | 学院 | 私立 | 师资 | 攻读 | 补课 | 民办 | 读书 | 考生 | 学历 | 中小学 | 班 | 夜校 | 笔试 | 幼儿园 | 公费 | 学科 | 面试 | 分数 | 办学 | 勤工俭学 | 公立 | 学堂 | 考场 | 实习 | 家教 | 学士 | 初等 | 教育部 | 志愿 | 及格 | 培训班 | 驾照 | 社团 | 高等,80.99979979658212,0.9999975283209755,4.439343323977291e-6,上学:1.000000 | 中学:1.000000 | 中小学:1.000000 | 入学:1.000000 | 公立:1.000000 | 公费:1.000000 | 函授:1.000000 | 分数:1.000000 | 初中:1.000000 | 初等:1.000000 | 办学:1.000000 | 勤工俭学:1.000000,
144,51,0.34554006419651967,0.07906579407336736,0.0392156862745098,支票 | 存折 | 身份证 | 收据 | 银行卡 | 证件 | 挂失 | 信封 | 汇款 | 卡片 | 发票 | 护照,挂号 | 签证 | 启事 | 钱包 | 回信 | 来信 | 账单 | 取款机,取款 | 凭证 | 银行卡 | 表格 | 取款机 | 号码 | 钱包 | 来信 | 通行证 | 便条 | 回信 | 签名,支票 | 存折 | 身份证 | 收据 | 银行卡 | 证件 | 挂失 | 信封 | 汇款 | 卡片 | 发票 | 护照 | 便条 | 账单 | 欠条 | 凭证 | 借条 | 信件 | 磁卡 | 印章 | 钞票 | 号码 | 信用卡 | 名片 | 取款 | 挂号 | 密码 | 表格 | 一卡通 | 通行证 | 电话 | 电报 | 公函 | 签名 | 签证 | 取款机 | 钱包 | 回信 | 传真 | 住址 | 复印 | 打印 | 邮政 | 告示 | 卡 | 彩票 | 姓名 | 张 | 来信 | 启事 | 邮编,51.000000331022804,0.9999999999998808,6.04036410064101e-13,一卡通:1.000000 | 传真:1.000000 | 住址:1.000000 | 便条:1.000000 | 信件:1.000000 | 信封:1.000000 | 信用卡:1.000000 | 借条:1.000000 | 公函:1.000000 | 凭证:1.000000 | 卡:1.000000 | 卡片:1.000000,
145,35,0.33928860673599814,0.0439003325637638,0.14285714285714285,细致 | 严谨 | 灵敏 | 严密 | 精细 | 周密 | 过硬 | 高超 | 出色 | 熟练 | 精确 | 灵巧,苛刻 | 宽泛 | 灵巧 | 出众 | 精确 | 精练 | 严谨 | 细致,苛刻 | 成熟 | 出众 | 高效 | 精确 | 敏捷 | 细致 | 周密 | 敏锐 | 万无一失 | 灵活 | 到位,细致 | 严谨 | 灵敏 | 严密 | 精细 | 周密 | 过硬 | 高超 | 出色 | 熟练 | 精确 | 灵巧 | 敏锐 | 完备 | 扎实 | 灵活 | 周到 | 精练 | 出众 | 敏捷 | 可靠 | 高明 | 得当 | 得力 | 高效 | 严格 | 成熟 | 苛刻 | 超前 | 精通 | 齐全 | 到位 | 宽泛 | 万无一失 | 灵通,35.0,1.0,1.4023635382503511e-19,万无一失:1.000000 | 严密:1.000000 | 严格:1.000000 | 严谨:1.000000 | 出众:1.000000 | 出色:1.000000 | 到位:1.000000 | 可靠:1.000000 | 周到:1.000000 | 周密:1.000000 | 完备:1.000000 | 宽泛:1.000000,
146,49,0.2982277430758833,0.019066877166304324,0.4489795918367347,便宜 | 廉价 | 价钱 | 昂贵 | 低价 | 性价比 | 特价 | 高档 | 实惠 | 打折 | 划算 | 高价,定做 | 标致 | 高调 | 时尚 | 时髦 | 阔绰 | 实用 | 免费,贵 | 档次 | 时髦 | 值钱 | 私人 | 山寨 | 奢侈 | 流行 | 便宜 | 平价 | 高档 | 阔绰,便宜 | 廉价 | 价钱 | 昂贵 | 低价 | 性价比 | 特价 | 高档 | 实惠 | 打折 | 划算 | 高价 | 奢侈 | 豪华 | 贵 | 时髦 | 省钱 | 折扣 | 买不起 | 降价 | 平价 | 售价 | 优惠 | 购买 | 新款 | 价位 | 名贵 | 原装 | 贵重 | 促销 | 值钱 | 古董 | 阔绰 | 实用 | 二手 | 时尚 | 畅销 | 新潮 | 水货 | 档次 | 山寨 | 免费 | 新式 | 流行 | 袖珍 | 定做 | 高调 | 私人 | 标致,49.00000001207321,1.0,9.031606748655867e-17,买不起:1.000000 | 二手:1.000000 | 价位:1.000000 | 价钱:1.000000 | 优惠:1.000000 | 低价:1.000000 | 便宜:1.000000 | 促销:1.000000 | 值钱:1.000000 | 免费:1.000000 | 划算:1.000000 | 原装:1.000000,
147,70,0.2629773330069984,-0.033228090954622,0.8142857142857143,袋 | 瓶 | 罐 | 盒 | 斤 | 粒 | 筒 | 箱 | 缸 | 块 | 壶 | 包,纱 | 丁 | 粪 | 油 | 棉 | 泥 | 胶囊 | 烟,瓶 | 口 | 罐 | 皮 | 根 | 颗 | 束 | 纱 | 焦 | 米 | 泥 | 桶,袋 | 瓶 | 罐 | 盒 | 斤 | 粒 | 筒 | 箱 | 缸 | 块 | 壶 | 包 | 砖 | 根 | 盏 | 泥 | 盆 | 炭 | 公斤 | 千克 | 桶 | 蜡 | 粉 | 粪 | 磅 | 吨 | 丝 | 枚 | 皮 | 堆 | 片 | 槽 | 瓦 | 束 | 烟 | 匹 | 土 | 瓷 | 布 | 串 | 立方 | 油 | 口 | 立方米 | 纱 | 坛 | 窑 | 丸 | 胎 | 件 | 颗 | 米 | 克 | 壳 | 棉 | 杂 | 素 | 膜 | 料 | 担 | 板 | 样 | 毛 | 铁 | 桩 | 圈 | 炼 | 胶囊 | 焦 | 丁,70.00000000123411,0.999999999999939,3.263270753397917e-13,丝:1.000000 | 串:1.000000 | 丸:1.000000 | 件:1.000000 | 克:1.000000 | 公斤:1.000000 | 包:1.000000 | 匹:1.000000 | 千克:1.000000 | 口:1.000000 | 吨:1.000000 | 圈:1.000000,
148,77,0.3129712676461368,0.031624804525842,0.2727272727272727,开幕 | 开幕式 | 出席 | 应邀 | 闭幕式 | 会见 | 颁奖 | 参观 | 闭幕 | 演讲 | 接见 | 致辞,活动 | 入选 | 来宾 | 开会 | 点名 | 演说 | 带队 | 陪同,闭幕式 | 参加 | 参观 | 车展 | 座谈 | 致辞 | 座谈会 | 届 | 历届 | 开幕式 | 主持 | 嘉宾,开幕 | 开幕式 | 出席 | 应邀 | 闭幕式 | 会见 | 颁奖 | 参观 | 闭幕 | 演讲 | 接见 | 致辞 | 大会 | 座谈 | 招待会 | 嘉宾 | 拜会 | 座谈会 | 会议 | 展览会 | 邀请 | 发言 | 观摩 | 访谈 | 代表团 | 盛会 | 参展 | 博览会 | 峰会 | 讲座 | 会场 | 发布会 | 论坛 | 参加 | 开会 | 出访 | 特邀 | 展出 | 视察 | 宣读 | 采访 | 访问 | 讲话 | 就座 | 获奖 | 洽谈 | 做客 | 来宾 | 来访 | 陪同 | 主持 | 演说 | 光临 | 亮相 | 观看 | 邀 | 沙龙 | 调研 | 届 | 带队 | 现场 | 评选 | 作客 | 发表 | 揭晓 | 车展 | 签约 | 露面 | 接待 | 率领 | 代表 | 点名 | 活动 | 历届 | 一行 | 荣获 | 入选,77.00001215634808,0.9999999978963401,6.605240271752079e-9,一行:1.000000 | 主持:1.000000 | 亮相:1.000000 | 代表:1.000000 | 会见:1.000000 | 作客:1.000000 | 做客:1.000000 | 光临:1.000000 | 入选:1.000000 | 出席:1.000000 | 出访:1.000000 | 博览会:1.000000,
149,80,0.521065286517477,0.23240621237305853,0.0,舅舅 | 姑姑 | 奶奶 | 爸爸 | 爸 | 爷爷 | 姐姐 | 姥姥 | 妹妹 | 哥哥 | 妈妈 | 母亲,亲戚 | 小孩儿 | 邻居 | 我 | 孩子 | 家里 | 爱人 | 房东,爷爷 | 父亲 | 哥 | 女儿 | 老婆 | 丈夫 | 亲戚 | 阿姨 | 老公 | 祖母 | 大姐 | 妹,舅舅 | 姑姑 | 奶奶 | 爸爸 | 爸 | 爷爷 | 姐姐 | 姥姥 | 妹妹 | 哥哥 | 妈妈 | 母亲 | 嫂子 | 父亲 | 姥爷 | 妈 | 爹 | 弟弟 | 外婆 | 儿子 | 闺女 | 媳妇 | 女儿 | 伯母 | 叔叔 | 老婆 | 伯父 | 大姐 | 外公 | 祖母 | 孙女 | 岳母 | 岳父 | 父母 | 丈夫 | 老公 | 阿姨 | 大哥 | 妻子 | 继父 | 伯伯 | 姐 | 孙子 | 大爷 | 太太 | 老太太 | 老伴儿 | 娘 | 姨 | 继母 | 她 | 女婿 | 亲戚 | 长辈 | 孩子 | 师父 | 弟 | 男朋友 | 妹 | 祖父 | 女朋友 | 爱人 | 老人家 | 小孩儿 | 大妈 | 邻居 | 老汉 | 他 | 我 | 两口子 | 大人 | 师傅 | 老师 | 家里 | 保姆 | 徒弟 | 一家人 | 小时候 | 哥 | 房东,80.00003748167136,0.9999999948250327,1.537046847170623e-8,丈夫:1.000000 | 两口子:1.000000 | 他:1.000000 | 伯伯:1.000000 | 伯母:1.000000 | 伯父:1.000000 | 保姆:1.000000 | 儿子:1.000000 | 叔叔:1.000000 | 哥:1.000000 | 哥哥:1.000000 | 外公:1.000000,
150,22,0.3076031420287809,0.04377388080906261,0.18181818181818182,长久 | 长期 | 终生 | 一辈子 | 牢固 | 永远 | 持久 | 终身 | 永久 | 扎根 | 多年 | 牢牢,长寿 | 坚固 | 坚守 | 永远 | 牢牢 | 根深蒂固 | 久 | 长效,坚固 | 终生 | 永远 | 永久 | 久 | 长效 | 长久 | 长期以来 | 扎根 | 长期 | 终身 | 一辈子,长久 | 长期 | 终生 | 一辈子 | 牢固 | 永远 | 持久 | 终身 | 永久 | 扎根 | 多年 | 牢牢 | 根深蒂固 | 永不 | 坚固 | 长期以来 | 坚守 | 牢 | 长效 | 久 | 多年来 | 长寿,22.000000000000394,1.0,1.2220740380305573e-23,一辈子:1.000000 | 久:1.000000 | 坚固:1.000000 | 坚守:1.000000 | 多年:1.000000 | 多年来:1.000000 | 扎根:1.000000 | 持久:1.000000 | 根深蒂固:1.000000 | 永不:1.000000 | 永久:1.000000 | 永远:1.000000,
151,45,0.3627994915542925,0.006871242238188196,0.4,小偷儿 | 疯子 | 流氓 | 家伙 | 坏人 | 老头儿 | 妖怪 | 丫头 | 乞丐 | 笨蛋 | 鬼 | 胖子,老王 | 小王 | 宝贝 | 老头儿 | 主人 | 丫头 | 寡妇 | 小姐,苦力 | 老板 | 家伙 | 贼 | 木匠 | 酒鬼 | 宝贝 | 海盗 | 鬼 | 老头儿 | 丫头 | 仇人,小偷儿 | 疯子 | 流氓 | 家伙 | 坏人 | 老头儿 | 妖怪 | 丫头 | 乞丐 | 笨蛋 | 鬼 | 胖子 | 巫婆 | 小人 | 小丑 | 阎王 | 土匪 | 傻瓜 | 寡妇 | 大款 | 贼 | 骗子 | 仇人 | 强盗 | 好人 | 老大 | 神仙 | 老板 | 猎人 | 酒鬼 | 和尚 | 老王 | 富翁 | 小姐 | 小卒 | 苦力 | 木匠 | 美人 | 主人 | 黑心 | 海盗 | 小王 | 宝贝 | 老 | 能人,44.99999999360839,0.9999999998562562,5.387573086122785e-10,主人:1.000000 | 乞丐:1.000000 | 仇人:1.000000 | 傻瓜:1.000000 | 土匪:1.000000 | 坏人:1.000000 | 大款:1.000000 | 好人:1.000000 | 宝贝:1.000000 | 家伙:1.000000 | 富翁:1.000000 | 寡妇:1.000000,
152,59,0.30597452513968326,0.015978694655152347,0.4067796610169492,贵族 | 官僚 | 官吏 | 文人 | 阶层 | 政党 | 封建 | 皇室 | 商人 | 富人 | 专制 | 议员,腐化 | 绅士 | 专制 | 诗人 | 皇帝 | 文艺界 | 内阁 | 总统,华裔 | 民主 | 民族 | 穆斯林 | 绅士 | 族 | 宫廷 | 腐化 | 元首 | 学者 | 基督教 | 帝国,贵族 | 官僚 | 官吏 | 文人 | 阶层 | 政党 | 封建 | 皇室 | 商人 | 富人 | 专制 | 议员 | 知识分子 | 议会 | 穆斯林 | 世袭 | 学者 | 平民 | 皇帝 | 阶级 | 国王 | 首脑 | 基督教 | 富豪 | 官员 | 奴隶 | 领袖 | 外交官 | 精英 | 绅士 | 民主 | 内阁 | 诗人 | 派别 | 宫廷 | 元首 | 作家 | 天主教 | 工商界 | 腐化 | 商贾 | 军队 | 华人 | 帝国 | 国会 | 总统 | 民族 | 种族 | 资本主义 | 西方 | 文艺界 | 国民 | 朝代 | 科学家 | 贫富 | 华裔 | 上流 | 族 | 私有,59.00164981340725,0.9999998898548869,2.6909649099297696e-7,上流:1.000000 | 专制:1.000000 | 世袭:1.000000 | 元首:1.000000 | 军队:1.000000 | 华裔:1.000000 | 商人:1.000000 | 商贾:1.000000 | 国会:1.000000 | 外交官:1.000000 | 天主教:1.000000 | 奴隶:1.000000,
153,61,0.28674891373075795,0.034634649096122926,0.18032786885245902,必须 | 尽量 | 须 | 应当 | 务必 | 应 | 以便 | 及早 | 可以 | 及时 | 尽早 | 酌情,继续 | 随意 | 保证 | 请 | 定时 | 优先 | 任意 | 单独,一经 | 未 | 及早 | 随意 | 需 | 严禁 | 可以 | 尽可能 | 就近 | 优先 | 予以 | 必须,必须 | 尽量 | 须 | 应当 | 务必 | 应 | 以便 | 及早 | 可以 | 及时 | 尽早 | 酌情 | 需 | 尽可能 | 不必 | 尽快 | 以免 | 随时 | 能够 | 即可 | 适当 | 适时 | 不宜 | 无须 | 便于 | 需要 | 自行 | 予以 | 无法 | 一律 | 不妨 | 请 | 可 | 随意 | 随时随地 | 严禁 | 必要 | 妥善 | 加以 | 预先 | 能否 | 定时 | 事先 | 按时 | 就近 | 勿 | 就地 | 敬请 | 未 | 定期 | 早日 | 专人 | 将 | 优先 | 保证 | 单独 | 任意 | 一经 | 继续 | 供 | 凡,61.000013987295716,0.9999999989995805,3.5048098413881945e-9,一律:1.000000 | 一经:1.000000 | 不妨:1.000000 | 不宜:1.000000 | 专人:1.000000 | 予以:1.000000 | 事先:1.000000 | 以便:1.000000 | 任意:1.000000 | 优先:1.000000 | 供:1.000000 | 便于:1.000000,
154,49,0.32619456512531697,0.0015323488196957934,0.4489795918367347,荡漾 | 闪烁 | 流淌 | 弥漫 | 光芒 | 绽放 | 仿佛 | 洋溢 | 照耀 | 波涛 | 好似 | 朦胧,流露 | 深处 | 远方 | 朦胧 | 环绕 | 绽放 | 洋溢 | 分外,一瞬间 | 无边 | 如一 | 静止 | 荡漾 | 仿佛 | 犹如 | 深处 | 扑面而来 | 投射 | 缓缓 | 流淌,荡漾 | 闪烁 | 流淌 | 弥漫 | 光芒 | 绽放 | 仿佛 | 洋溢 | 照耀 | 波涛 | 好似 | 朦胧 | 飘 | 笼罩 | 犹如 | 布满 | 缓缓 | 耸立 | 火焰 | 跳动 | 徐徐 | 一瞬间 | 跳跃 | 扑面而来 | 沸腾 | 散发 | 隐约 | 一刹那 | 飞翔 | 充满 | 无边 | 上空 | 瞬间 | 流露 | 缕 | 如同 | 深处 | 波浪 | 显出 | 环绕 | 消失 | 分外 | 远方 | 投射 | 火花 | 如一 | 静止 | 落下 | 分明,48.999999758042975,0.999999995062094,1.5130513560018624e-8,一刹那:1.000000 | 一瞬间:1.000000 | 上空:1.000000 | 仿佛:1.000000 | 充满:1.000000 | 光芒:1.000000 | 分明:1.000000 | 好似:1.000000 | 如一:1.000000 | 布满:1.000000 | 弥漫:1.000000 | 徐徐:1.000000,
155,56,0.3123143684269425,0.016861420346530424,0.3392857142857143,哲学 | 儒家 | 儒学 | 道德 | 伦理 | 宗教 | 文学 | 国学 | 思想 | 学问 | 学术 | 信仰,衣食住行 | 艺术 | 权威 | 风气 | 熏陶 | 崇尚 | 教养 | 军事,学说 | 风气 | 佛教 | 军事 | 传播 | 文明 | 民意 | 知识 | 理论 | 潜移默化 | 学问 | 信仰,哲学 | 儒家 | 儒学 | 道德 | 伦理 | 宗教 | 文学 | 国学 | 思想 | 学问 | 学术 | 信仰 | 文化 | 观念 | 艺术 | 价值观 | 治学 | 礼仪 | 教养 | 人文 | 佛教 | 知识 | 政治 | 风俗 | 科学 | 启蒙 | 学说 | 理论 | 圣贤 | 教育 | 熏陶 | 崇尚 | 文明 | 常识 | 人情 | 陶冶 | 伊斯兰教 | 实践 | 风气 | 市场经济 | 社会 | 灌输 | 国情 | 潜移默化 | 当代 | 风水 | 地理 | 古今中外 | 军事 | 传播 | 天文 | 民意 | 约定俗成 | 占卜 | 衣食住行 | 权威,55.99998254987953,0.9999996883076377,7.033873467552153e-7,人情:1.000000 | 人文:1.000000 | 价值观:1.000000 | 传播:1.000000 | 伦理:1.000000 | 信仰:1.000000 | 儒学:1.000000 | 儒家:1.000000 | 军事:1.000000 | 占卜:1.000000 | 古今中外:1.000000 | 启蒙:1.000000,
156,49,0.3505337149372752,-0.0025682795237376285,0.4897959183673469,睡 | 吃 | 馋 | 喝 | 躺 | 饱 | 睡着 | 渴 | 醉 | 熬 | 困 | 醒,吃 | 爽 | 滴 | 尝 | 懒 | 吃不上 | 沏 | 喝,闲 | 闷 | 折腾 | 呆 | 歇 | 喝 | 伺候 | 睡着 | 瘾 | 贪 | 侍候 | 馋,睡 | 吃 | 馋 | 喝 | 躺 | 饱 | 睡着 | 渴 | 醉 | 熬 | 困 | 醒 | 呆 | 伺候 | 闷 | 坐 | 饿 | 喂 | 懒 | 烦 | 忍 | 歇 | 爽 | 侍候 | 吃不上 | 冻 | 干 | 泡 | 卧 | 累 | 觉 | 养 | 忙 | 折腾 | 死 | 忘 | 疯 | 活 | 沏 | 哄 | 尝 | 惯 | 贪 | 闲 | 窝 | 住 | 滴 | 赖 | 瘾,49.0,1.0,2.934163911551373e-17,伺候:1.000000 | 住:1.000000 | 侍候:1.000000 | 养:1.000000 | 冻:1.000000 | 卧:1.000000 | 吃:1.000000 | 吃不上:1.000000 | 呆:1.000000 | 哄:1.000000 | 喂:1.000000 | 喝:1.000000,
157,34,0.36540216406571213,0.06597638707265475,0.058823529411764705,碰巧 | 碰上 | 恰巧 | 遇上 | 碰见 | 碰到 | 刚好 | 遇到 | 正好 | 凑巧 | 恰好 | 一不小心,料到 | 多亏 | 眼看 | 碰见 | 路过 | 万一 | 生怕 | 一旦,一旦 | 眼看 | 趁 | 当 | 每当 | 不慎 | 趁着 | 不料 | 赶上 | 碰到 | 半路 | 当心,碰巧 | 碰上 | 恰巧 | 遇上 | 碰见 | 碰到 | 刚好 | 遇到 | 正好 | 凑巧 | 恰好 | 一不小心 | 不料 | 生怕 | 路过 | 不慎 | 小心 | 留神 | 赶上 | 趁 | 半路 | 趁着 | 偶然 | 多亏 | 遇 | 万一 | 当心 | 当 | 每当 | 一旦 | 眼看 | 料到 | 误 | 等到,34.00000000107313,1.0,1.932810099992182e-17,一不小心:1.000000 | 一旦:1.000000 | 万一:1.000000 | 不慎:1.000000 | 不料:1.000000 | 偶然:1.000000 | 凑巧:1.000000 | 刚好:1.000000 | 半路:1.000000 | 多亏:1.000000 | 小心:1.000000 | 当:1.000000,
158,37,0.3252573311335527,0.01996367643358285,0.2972972972972973,镶 | 镶嵌 | 雕刻 | 罩 | 绣 | 钉 | 图案 | 雕 | 点缀 | 装饰 | 贴 | 竖,织 | 背面 | 摆放 | 框 | 遮 | 特制 | 点缀 | 钉,填充 | 堆砌 | 背面 | 特制 | 漆 | 刻 | 钉 | 遮盖 | 衬托 | 镶 | 布置 | 仿,镶 | 镶嵌 | 雕刻 | 罩 | 绣 | 钉 | 图案 | 雕 | 点缀 | 装饰 | 贴 | 竖 | 挂 | 刻 | 遮盖 | 悬挂 | 盖 | 漆 | 衬托 | 摆放 | 铺 | 背面 | 悬 | 叠 | 印 | 填充 | 堆砌 | 框 | 张贴 | 遮 | 特制 | 布置 | 国徽 | 织 | 包裹 | 仿 | 围,37.00000000000001,1.0,2.8939819506876404e-19,仿:1.000000 | 刻:1.000000 | 包裹:1.000000 | 印:1.000000 | 叠:1.000000 | 围:1.000000 | 国徽:1.000000 | 图案:1.000000 | 堆砌:1.000000 | 填充:1.000000 | 布置:1.000000 | 张贴:1.000000,
159,41,0.34588215226785496,0.0519325478168973,0.24390243902439024,煤气 | 燃气 | 自来水 | 水管 | 热水器 | 热水 | 污水 | 供暖 | 炉灶 | 管道 | 清洁 | 暖气,水槽 | 通风 | 烟囱 | 炉灶 | 电灯 | 洁净 | 节水 | 电线,电线 | 照明 | 点火 | 高压 | 卫生 | 电 | 电灯 | 供暖 | 烟囱 | 水 | 太阳能 | 热水,煤气 | 燃气 | 自来水 | 水管 | 热水器 | 热水 | 污水 | 供暖 | 炉灶 | 管道 | 清洁 | 暖气 | 饮水 | 水源 | 饮用水 | 水龙头 | 电灯 | 水槽 | 取暖 | 水 | 发电 | 电线 | 天然气 | 照明 | 节水 | 洁净 | 空调 | 通风 | 烟囱 | 太阳能 | 消毒 | 电网 | 公用 | 卫生 | 设施 | 汽油 | 垃圾 | 电 | 焚烧 | 点火 | 高压,41.000000224591034,1.0,1.6374373418404583e-16,供暖:1.000000 | 公用:1.000000 | 卫生:1.000000 | 发电:1.000000 | 取暖:1.000000 | 垃圾:1.000000 | 天然气:1.000000 | 太阳能:1.000000 | 暖气:1.000000 | 水:1.000000 | 水槽:1.000000 | 水源:1.000000,
160,44,0.3157368026991592,0.03209552356031282,0.22727272727272727,传承 | 瑰宝 | 古老 | 古代 | 失传 | 技艺 | 悠久 | 渊源 | 民俗 | 造纸术 | 起源 | 传人,老字号 | 古典 | 积淀 | 国宝 | 民俗 | 茶道 | 技艺 | 大师,渊源 | 中华 | 遗产 | 技艺 | 发明 | 传承 | 传统 | 造纸术 | 继承 | 古 | 精华 | 传说,传承 | 瑰宝 | 古老 | 古代 | 失传 | 技艺 | 悠久 | 渊源 | 民俗 | 造纸术 | 起源 | 传人 | 习俗 | 相传 | 精髓 | 古典 | 传说 | 发扬光大 | 发源地 | 祖传 | 道教 | 近代 | 茶道 | 流传 | 印刷术 | 古人 | 积淀 | 宝库 | 后人 | 传统 | 遗产 | 继承 | 老字号 | 泰斗 | 精华 | 国宝 | 民间 | 由来 | 历史 | 大师 | 古 | 发明 | 中华 | 公元,44.000017451518104,0.9999999999433679,2.2253191193592232e-10,中华:1.000000 | 传人:1.000000 | 传承:1.000000 | 传统:1.000000 | 传说:1.000000 | 公元:1.000000 | 印刷术:1.000000 | 历史:1.000000 | 发扬光大:1.000000 | 发明:1.000000 | 发源地:1.000000 | 古:1.000000,
161,94,0.3173258817355535,-0.0027226974722827355,0.5106382978723404,你 | 你们 | 怎么 | 干吗 | 咱 | 非得 | 想 | 咱们 | 谁 | 何必 | 人家 | 待会儿,皇上 | 一起 | 别人 | 人家 | 自己 | 通通 | 大伙儿 | 去,大伙儿 | 谁 | 白白 | 迟早 | 从头 | 他们 | 只管 | 千万 | 免得 | 一起 | 把 | 先,你 | 你们 | 怎么 | 干吗 | 咱 | 非得 | 想 | 咱们 | 谁 | 何必 | 人家 | 待会儿 | 不要 | 没 | 快点儿 | 别 | 用得着 | 要 | 好好 | 何苦 | 不用 | 别人 | 免得 | 回去 | 什么 | 再 | 用不着 | 就 | 他们 | 这么 | 巴不得 | 休想 | 有人 | 随便 | 只管 | 照样 | 有没有 | 就要 | 敢 | 哪 | 先 | 能 | 怎么样 | 只要 | 下次 | 去 | 跟 | 没有 | 怎样 | 指望 | 我们 | 自己 | 别的 | 大伙儿 | 您 | 改日 | 让 | 会 | 动不动 | 不如 | 这样 | 那些 | 不 | 多少 | 把 | 趁早 | 迟早 | 才能 | 不至于 | 如何 | 那样 | 给 | 什么样 | 些 | 多久 | 皇上 | 将来 | 的话 | 像 | 来 | 有朝一日 | 一定 | 有事 | 白白 | 过 | 有 | 从今以后 | 几 | 一起 | 从头 | 靠 | 千万 | 通通 | 的,93.9874801813473,0.999840033054274,0.0001836765133054378,些:1.000000 | 什么样:1.000000 | 从今以后:1.000000 | 从头:1.000000 | 何必:1.000000 | 何苦:1.000000 | 先:1.000000 | 再:1.000000 | 别:1.000000 | 别人:1.000000 | 动不动:1.000000 | 千万:1.000000,
162,66,0.2859354996329505,0.009593452994308797,0.3939393939393939,平稳 | 偏 | 弱 | 略微 | 温和 | 缓慢 | 稳健 | 谨慎 | 清淡 | 稳 | 宽松 | 乐观,敏感 | 要强 | 悲观 | 清淡 | 温和 | 正常 | 乐观 | 忽高忽低,缓慢 | 紧缩 | 乐观 | 宽松 | 韧性 | 轻微 | 观望 | 收敛 | 稍微 | 总体 | 好转 | 略微,平稳 | 偏 | 弱 | 略微 | 温和 | 缓慢 | 稳健 | 谨慎 | 清淡 | 稳 | 宽松 | 乐观 | 平淡 | 弱势 | 相对 | 缓和 | 稍 | 悲观 | 稳定 | 适度 | 中性 | 紧 | 强势 | 好转 | 明显 | 紧缩 | 韧性 | 略 | 反弹 | 稍稍 | 稍微 | 明朗 | 收缩 | 收敛 | 维持 | 复苏 | 整体 | 平衡 | 放松 | 总体 | 缓 | 比较 | 偏向 | 观望 | 低 | 保持 | 慢 | 均衡 | 轻微 | 显 | 缩 | 微弱 | 保守 | 要强 | 弹性 | 强 | 敏感 | 忽高忽低 | 调控 | 高 | 有限 | 严 | 松绑 | 正常 | 短暂 | 旺,65.9999990746966,0.9999999859797305,3.9412885373359765e-8,严:1.000000 | 中性:1.000000 | 乐观:1.000000 | 低:1.000000 | 保守:1.000000 | 保持:1.000000 | 偏:1.000000 | 偏向:1.000000 | 均衡:1.000000 | 复苏:1.000000 | 好转:1.000000 | 宽松:1.000000,
163,143,0.18078753444341178,-0.057343554955630115,0.9300699300699301,五 | 四 | 六 | 三 | 八 | 合 | 七 | 台 | 家 | 双 | 群 | 九,节 | 门 | 小 | 通 | 点 | 总 | 极 | 国,份 | 〇 | 段 | 番 | 产 | 格 | 二 | 百 | 点 | 折 | 团 | 群,五 | 四 | 六 | 三 | 八 | 合 | 七 | 台 | 家 | 双 | 群 | 九 | 首 | 格 | 百 | 万 | 宗 | 融 | 方 | 单 | 两 | 轮 | 条 | 套 | 次 | 货 | 信 | 盘 | 位 | 十 | 代 | 特 | 列 | 通 | 个 | 支 | 集 | 场 | 金 | 户 | 千 | 批 | 平 | 一 | 银 | 二 | 盛 | 安 | 重 | 本 | 顶 | 享 | 排 | 品 | 档 | 部 | 组 | 纯 | 点 | 层 | 折 | 富 | 甲 | 半 | 文 | 优 | 环 | 创 | 汇 | 码 | 段 | 洋 | 番 | 标 | 科 | 分 | 证 | 多 | 亿 | 大 | 产 | 秒 | 票 | 股 | 卷 | 份 | 险 | 港 | 线 | 门 | 全 | 网 | 丙 | 节 | 封 | 小 | 国 | 乙 | 团 | 平安 | 余 | 号 | 注 | 齐 | 局 | 独 | 席 | 极 | 乐 | 牌 | 库 | 零 | 美 | 端 | 整数 | 度 | 平方 | 太平 | 版 | 核 | 吉利 | 广 | 计 | 系 | 表 | 级 | 社 | 报 | 持 | 成 | 图 | 负 | 北京 | 无 | 派 | 致 | 正 | 尚 | 〇 | 总 | 起 | 每 | 归,142.53222890018904,0.9967288686504328,0.0009463037696068157,〇:1.000000 | 万:1.000000 | 乙:1.000000 | 享:1.000000 | 份:1.000000 | 余:1.000000 | 信:1.000000 | 分:1.000000 | 列:1.000000 | 单:1.000000 | 卷:1.000000 | 双:1.000000,
164,36,0.389636745135065,0.1199996705222979,0.0,墓 | 墓地 | 坟墓 | 公墓 | 墓碑 | 宫殿 | 遗址 | 坟 | 遗物 | 纪念碑 | 庙 | 纪念馆,大使馆 | 建筑物 | 领事馆 | 陈列 | 化石 | 废墟 | 殿堂 | 尸体,寺庙 | 公墓 | 化石 | 领事馆 | 烈士 | 纪念馆 | 瞻仰 | 大使馆 | 出土 | 殿堂 | 陈列 | 墓,墓 | 墓地 | 坟墓 | 公墓 | 墓碑 | 宫殿 | 遗址 | 坟 | 遗物 | 纪念碑 | 庙 | 纪念馆 | 教堂 | 葬 | 碑 | 寺庙 | 博物馆 | 陪葬 | 遗体 | 供奉 | 祭祀 | 瞻仰 | 清真寺 | 烈士 | 城墙 | 文物 | 尸体 | 出土 | 建筑物 | 皇宫 | 殿堂 | 废墟 | 陈列 | 领事馆 | 大使馆 | 化石,36.000000000001556,1.0,3.018568267881086e-18,供奉:1.000000 | 公墓:1.000000 | 出土:1.000000 | 化石:1.000000 | 博物馆:1.000000 | 坟:1.000000 | 坟墓:1.000000 | 城墙:1.000000 | 墓:1.000000 | 墓地:1.000000 | 墓碑:1.000000 | 大使馆:1.000000,
165,114,0.23264533094986714,-0.03850240097282993,0.8421052631578947,留 | 补 | 保 | 验 | 改 | 退 | 移 | 审 | 造 | 撤 | 删 | 存,急 | 服 | 推 | 催 | 猜 | 揭 | 乱 | 出,放水 | 赔 | 变 | 造 | 拨 | 发 | 置 | 限 | 充 | 解 | 续 | 采,留 | 补 | 保 | 验 | 改 | 退 | 移 | 审 | 造 | 撤 | 删 | 存 | 认 | 裁 | 推 | 定 | 押 | 收 | 夺 | 交 | 催 | 赔 | 争 | 修 | 调 | 填 | 提 | 征 | 攻 | 罚 | 讨 | 赎 | 充 | 赐 | 守 | 避 | 试 | 查 | 选 | 发 | 治 | 解 | 败 | 配 | 续 | 猜 | 瞒 | 录 | 拨 | 输 | 领 | 租 | 求 | 引 | 运 | 加 | 赌 | 迁 | 赠 | 招 | 销 | 欠 | 立 | 转 | 扩 | 宰 | 登 | 采 | 办 | 亏 | 评 | 投 | 急 | 破 | 揭 | 乱 | 动 | 添 | 损 | 传 | 入 | 搜 | 迎 | 训 | 护 | 逆 | 照 | 托 | 限 | 主 | 免 | 置 | 变 | 整 | 附 | 赢 | 购 | 筹 | 废 | 混 | 延 | 待 | 管 | 服 | 准 | 记 | 放水 | 行 | 编 | 尽 | 临 | 妥 | 关 | 出,113.9999964780477,0.999999964833042,9.344615858895214e-8,临:1.000000 | 主:1.000000 | 乱:1.000000 | 争:1.000000 | 亏:1.000000 | 交:1.000000 | 传:1.000000 | 保:1.000000 | 修:1.000000 | 催:1.000000 | 充:1.000000 | 入:1.000000,
166,51,0.30243351587162204,0.04677090284840108,0.19607843137254902,体积 | 重量 | 消耗 | 容量 | 成本 | 能耗 | 耗费 | 效率 | 工作量 | 速度 | 数量 | 总量,体重 | 内存 | 财力 | 浪费 | 压缩 | 投入 | 缩短 | 性能,消耗 | 缩短 | 次数 | 速度 | 产值 | 口径 | 代价 | 投入 | 尺寸 | 数目 | 寿命 | 效率,体积 | 重量 | 消耗 | 容量 | 成本 | 能耗 | 耗费 | 效率 | 工作量 | 速度 | 数量 | 总量 | 花费 | 功率 | 密度 | 节省 | 量 | 强度 | 尺寸 | 造价 | 规模 | 寿命 | 次数 | 频率 | 数目 | 节约 | 耗时 | 性能 | 质量 | 面积 | 缩短 | 难度 | 人力 | 时间 | 耗 | 占用 | 成功率 | 浪费 | 产值 | 体重 | 规格 | 投入 | 流量 | 压缩 | 年限 | 财力 | 代价 | 马力 | 距离 | 内存 | 口径,51.000001527823486,1.0,1.5374884643404615e-15,产值:1.000000 | 人力:1.000000 | 代价:1.000000 | 体积:1.000000 | 体重:1.000000 | 内存:1.000000 | 功率:1.000000 | 占用:1.000000 | 压缩:1.000000 | 口径:1.000000 | 容量:1.000000 | 密度:1.000000,
167,42,0.32037222328236553,0.05075685020488083,0.21428571428571427,推迟 | 中止 | 暂停 | 停止 | 延期 | 中断 | 耽搁 | 拖延 | 终止 | 耽误 | 搁置 | 放弃,解散 | 冻结 | 撤销 | 过期 | 罢工 | 迟到 | 因 | 错过,提早 | 冻结 | 停 | 延长 | 错过 | 无效 | 取消 | 关闭 | 退出 | 缺席 | 耽误 | 解散,推迟 | 中止 | 暂停 | 停止 | 延期 | 中断 | 耽搁 | 拖延 | 终止 | 耽误 | 搁置 | 放弃 | 取消 | 延误 | 延缓 | 中途 | 延长 | 关闭 | 停业 | 停顿 | 撤销 | 提早 | 错过 | 停 | 无故 | 缺席 | 搁浅 | 解散 | 提前 | 迟到 | 结束 | 作废 | 迟 | 过早 | 退出 | 间断 | 冻结 | 过期 | 暂时 | 无效 | 因 | 罢工,42.0,1.0,1.8506556155373592e-22,中断:1.000000 | 中止:1.000000 | 中途:1.000000 | 作废:1.000000 | 停:1.000000 | 停业:1.000000 | 停止:1.000000 | 停顿:1.000000 | 关闭:1.000000 | 冻结:1.000000 | 取消:1.000000 | 因:1.000000,
168,39,0.2718261538043748,-0.013769197789041279,0.6923076923076923,后退 | 靠拢 | 退却 | 退让 | 退缩 | 前进 | 妥协 | 靠近 | 屈服 | 向上 | 让步 | 冲撞,靠近 | 拥抱 | 阶梯 | 追随 | 渗透 | 下落 | 徘徊 | 摇摆,向上 | 动摇 | 靠拢 | 转向 | 摇摆 | 后退 | 渗透 | 退却 | 下落 | 推移 | 倾斜 | 之下,后退 | 靠拢 | 退却 | 退让 | 退缩 | 前进 | 妥协 | 靠近 | 屈服 | 向上 | 让步 | 冲撞 | 施压 | 追赶 | 逼近 | 倾斜 | 动摇 | 试探 | 追随 | 减速 | 摇摆 | 冲击 | 转向 | 止步 | 纵深 | 推移 | 徘徊 | 向 | 惯性 | 渗透 | 冲刺 | 指向 | 贴近 | 跟上 | 转移 | 下落 | 拥抱 | 之下 | 阶梯,39.0,1.0,1.1468866199516555e-20,下落:1.000000 | 之下:1.000000 | 倾斜:1.000000 | 冲击:1.000000 | 冲刺:1.000000 | 冲撞:1.000000 | 减速:1.000000 | 前进:1.000000 | 动摇:1.000000 | 后退:1.000000 | 向:1.000000 | 向上:1.000000,
169,64,0.28803886985821336,-0.00009564680503658363,0.484375,无济于事 | 办不到 | 难说 | 得不偿失 | 无所谓 | 无可厚非 | 无足轻重 | 无关紧要 | 见仁见智 | 不了了之 | 不得而知 | 天经地义,无所作为 | 无能为力 | 用处 | 面面俱到 | 罢休 | 顺其自然 | 罢了 | 稀奇,无足轻重 | 一无所知 | 画蛇添足 | 毫无 | 见效 | 一概而论 | 定论 | 不易 | 无所作为 | 无所谓 | 与否 | 容易,无济于事 | 办不到 | 难说 | 得不偿失 | 无所谓 | 无可厚非 | 无足轻重 | 无关紧要 | 见仁见智 | 不了了之 | 不得而知 | 天经地义 | 罢了 | 一概而论 | 很难说 | 无能为力 | 理所当然 | 不难 | 顺理成章 | 显而易见 | 稀奇 | 微不足道 | 不可避免 | 定论 | 坏事 | 一无所知 | 一事无成 | 谈不上 | 轻而易举 | 因人而异 | 成问题 | 不易 | 而已 | 寥寥无几 | 容易 | 好事 | 司空见惯 | 半途而废 | 一成不变 | 可想而知 | 画蛇添足 | 奏效 | 毫无 | 用处 | 必不可少 | 不大 | 难以 | 顺其自然 | 未知数 | 难 | 面面俱到 | 比比皆是 | 例外 | 无所作为 | 走过场 | 罢休 | 一干二净 | 有用 | 水落石出 | 亡羊补牢 | 见效 | 少不了 | 有待 | 与否,64.00006570548447,0.9999999999924829,3.206431928004856e-11,一事无成:1.000000 | 一干二净:1.000000 | 一成不变:1.000000 | 一无所知:1.000000 | 一概而论:1.000000 | 不了了之:1.000000 | 不可避免:1.000000 | 不大:1.000000 | 不得而知:1.000000 | 不易:1.000000 | 不难:1.000000 | 与否:1.000000,
170,56,0.381724433463076,0.04786401585396117,0.16071428571428573,别致 | 精致 | 优美 | 古朴 | 新颖 | 简洁 | 精美 | 奇特 | 优雅 | 细腻 | 高雅 | 壮丽,朴素 | 秀丽 | 高贵 | 整洁 | 十足 | 鲜活 | 精彩 | 优雅,尊贵 | 丰富多彩 | 新奇 | 十足 | 引人入胜 | 古朴 | 优美 | 多样 | 优雅 | 宏伟 | 造型 | 壮观,别致 | 精致 | 优美 | 古朴 | 新颖 | 简洁 | 精美 | 奇特 | 优雅 | 细腻 | 高雅 | 壮丽 | 华丽 | 逼真 | 精妙 | 生动 | 壮观 | 工整 | 引人入胜 | 流畅 | 美观 | 动感 | 独特 | 气派 | 雄伟 | 新奇 | 秀丽 | 宏伟 | 朴素 | 别具匠心 | 富有 | 酣畅 | 鲜明 | 宽敞 | 高贵 | 宏大 | 线条 | 感人 | 丰富多彩 | 紧凑 | 整洁 | 扣人心弦 | 造型 | 与众不同 | 完美 | 多样 | 夸张 | 醒目 | 精彩 | 整齐 | 非凡 | 庄严 | 尊贵 | 十足 | 鲜活 | 画龙点睛,55.99999999940225,0.9999999999893205,4.4967483122767764e-11,与众不同:1.000000 | 丰富多彩:1.000000 | 优雅:1.000000 | 别具匠心:1.000000 | 别致:1.000000 | 动感:1.000000 | 十足:1.000000 | 华丽:1.000000 | 古朴:1.000000 | 壮丽:1.000000 | 壮观:1.000000 | 多样:1.000000,
171,42,0.3425325192107381,0.09558013432413362,0.0,相同 | 相似 | 差别 | 相差 | 不相上下 | 不同 | 有所不同 | 一模一样 | 截然不同 | 差异 | 大同小异 | 差不多,落差 | 要好 | 对比 | 长短 | 大体 | 大小 | 好坏 | 相辅相成,无关 | 同等 | 相辅相成 | 相差 | 介于 | 有所不同 | 大同小异 | 截然不同 | 落差 | 同 | 大小 | 好坏,相同 | 相似 | 差别 | 相差 | 不相上下 | 不同 | 有所不同 | 一模一样 | 截然不同 | 差异 | 大同小异 | 差不多 | 区别 | 相等 | 雷同 | 差距 | 息息相关 | 一样 | 相比 | 吻合 | 无关 | 相提并论 | 同等 | 悬殊 | 格格不入 | 类似 | 相辅相成 | 逊色 | 差 | 密不可分 | 高低 | 挂钩 | 同一 | 长短 | 要好 | 大体 | 介于 | 好坏 | 对比 | 同 | 落差 | 大小,42.000008871145376,0.9999999999596114,1.61567004194209e-10,一样:1.000000 | 一模一样:1.000000 | 不同:1.000000 | 不相上下:1.000000 | 介于:1.000000 | 区别:1.000000 | 同:1.000000 | 同一:1.000000 | 同等:1.000000 | 吻合:1.000000 | 大同小异:1.000000 | 大小:1.000000,
172,51,0.39229305601512227,0.058544267144225275,0.0196078431372549,睡觉 | 散步 | 骑车 | 遛 | 聊天儿 | 爬山 | 溜达 | 玩耍 | 洗澡 | 晒太阳 | 出门 | 放学,跳舞 | 午睡 | 在家 | 回家 | 打扫 | 抽烟 | 刷牙 | 偷懒,晒太阳 | 偷懒 | 出门 | 抽烟 | 做梦 | 捉迷藏 | 溜达 | 骑 | 平时 | 拍戏 | 侃大山 | 在家,睡觉 | 散步 | 骑车 | 遛 | 聊天儿 | 爬山 | 溜达 | 玩耍 | 洗澡 | 晒太阳 | 出门 | 放学 | 上课 | 午睡 | 打盹儿 | 跳舞 | 下楼 | 跑步 | 打牌 | 走路 | 回家 | 上班 | 玩儿 | 打球 | 抽烟 | 开车 | 串门 | 刷牙 | 偷懒 | 下棋 | 休息 | 逛 | 在家 | 侃大山 | 陪 | 练 | 开夜车 | 下课 | 旷课 | 骑 | 捉迷藏 | 打扫 | 做梦 | 拍照 | 平时 | 拍戏 | 迷路 | 问路 | 奔跑 | 锻炼 | 行走,50.999999997772704,0.9999999999562167,1.730453401663511e-10,下棋:1.000000 | 下课:1.000000 | 串门:1.000000 | 休息:1.000000 | 侃大山:1.000000 | 做梦:1.000000 | 偷懒:1.000000 | 出门:1.000000 | 刷牙:1.000000 | 午睡:1.000000 | 回家:1.000000 | 在家:1.000000,
173,32,0.2932667037190272,0.006187842756090916,0.53125,泄密 | 秘密 | 泄露 | 隐瞒 | 机密 | 真相 | 内幕 | 证人 | 隐私 | 证据 | 情报 | 保密,坦白 | 内幕 | 私事 | 交代 | 隐蔽 | 来龙去脉 | 无可奉告 | 隐身,情报 | 秘密 | 私事 | 事后 | 可疑 | 身份 | 交代 | 隐身 | 机密 | 内幕 | 来龙去脉 | 无可奉告,泄密 | 秘密 | 泄露 | 隐瞒 | 机密 | 真相 | 内幕 | 证人 | 隐私 | 证据 | 情报 | 保密 | 泄漏 | 物证 | 交代 | 查明 | 隐蔽 | 幕后 | 身份 | 来龙去脉 | 线索 | 坦白 | 可疑 | 私事 | 档案 | 去向 | 隐身 | 无可奉告 | 曝光 | 真假 | 事后 | 隐形,32.0,1.0,2.78212655330462e-27,事后:1.000000 | 交代:1.000000 | 保密:1.000000 | 内幕:1.000000 | 去向:1.000000 | 可疑:1.000000 | 坦白:1.000000 | 幕后:1.000000 | 情报:1.000000 | 无可奉告:1.000000 | 曝光:1.000000 | 机密:1.000000,
174,64,0.2697115471771064,0.0027391313303705683,0.515625,承受 | 获得 | 经受 | 承担 | 拥有 | 受到 | 担负 | 赢得 | 获取 | 具备 | 享受 | 掌握,顾及 | 迎合 | 覆盖 | 掌管 | 胜任 | 牵扯 | 调动 | 发挥,取得 | 承受 | 肩负 | 经受 | 施加 | 占有 | 牵扯 | 从中 | 获取 | 接受 | 具备 | 加入,承受 | 获得 | 经受 | 承担 | 拥有 | 受到 | 担负 | 赢得 | 获取 | 具备 | 享受 | 掌握 | 得到 | 取得 | 享有 | 接受 | 赋予 | 承载 | 提供 | 肩负 | 满足 | 付出 | 吸纳 | 面临 | 发挥 | 创造 | 占据 | 容纳 | 扮演 | 占有 | 胜任 | 给予 | 融入 | 产生 | 吸引 | 接纳 | 运用 | 积累 | 顾及 | 吸取 | 施加 | 适应 | 驾驭 | 分担 | 受益 | 受过 | 面对 | 充当 | 受 | 牵涉 | 从事 | 参与 | 吸收 | 迎合 | 调动 | 收到 | 收获 | 牵扯 | 换取 | 获 | 从中 | 覆盖 | 掌管 | 加入,64.00000009861009,0.9999999999981379,8.383246506663647e-12,产生:1.000000 | 享受:1.000000 | 享有:1.000000 | 从中:1.000000 | 从事:1.000000 | 付出:1.000000 | 充当:1.000000 | 具备:1.000000 | 分担:1.000000 | 创造:1.000000 | 加入:1.000000 | 占据:1.000000,
175,82,0.4404965879830581,0.05826374049099654,0.07317073170731707,酸奶 | 牛奶 | 米饭 | 豆浆 | 橙汁 | 果汁 | 饼干 | 果酱 | 薯片 | 豆腐 | 汁 | 薯条,食物 | 饺子 | 零食 | 汤 | 烤 | 绿茶 | 豆腐 | 蘸,奶 | 酱 | 馒头 | 洗衣粉 | 果酱 | 蛋糕 | 煎 | 口香糖 | 面粉 | 红茶 | 薯片 | 牙膏,酸奶 | 牛奶 | 米饭 | 豆浆 | 橙汁 | 果汁 | 饼干 | 果酱 | 薯片 | 豆腐 | 汁 | 薯条 | 蜂蜜 | 粥 | 酱 | 香肠 | 酱油 | 罐头 | 醋 | 饼 | 香油 | 调料 | 面包 | 砂糖 | 芝士 | 面条儿 | 饺子 | 奶茶 | 巧克力 | 煮 | 红茶 | 饮料 | 馒头 | 面粉 | 包子 | 汽水 | 碗 | 汤圆 | 炖 | 咖啡 | 可乐 | 味精 | 烤 | 火腿 | 方便面 | 开水 | 勺 | 拌 | 豆制品 | 糖 | 零食 | 蘸 | 煎 | 糖果 | 绿茶 | 啤酒 | 冰棍儿 | 奶 | 茶 | 电饭锅 | 香料 | 食物 | 汤 | 矿泉水 | 纯净水 | 三明治 | 洗衣粉 | 锅 | 口香糖 | 蛋糕 | 酒 | 蒸 | 食用 | 凉水 | 淀粉 | 牙膏 | 煲 | 奶粉 | 盐 | 微波炉 | 榨 | 乳制品,82.00009025614072,0.9999999919964362,2.3666709108030476e-8,三明治:1.000000 | 乳制品:1.000000 | 冰棍儿:1.000000 | 勺:1.000000 | 包子:1.000000 | 口香糖:1.000000 | 可乐:1.000000 | 味精:1.000000 | 咖啡:1.000000 | 奶:1.000000 | 奶粉:1.000000 | 奶茶:1.000000,
176,30,0.3623702926928364,0.0873318797797663,0.13333333333333333,白色 | 蓝色 | 黄色 | 颜色 | 黑色 | 红色 | 灰色 | 花纹 | 色 | 彩色 | 荧光 | 五颜六色,立体 | 珍珠 | 质地 | 表面 | 光泽 | 花纹 | 五颜六色 | 贝壳,灰色 | 颜色 | 光泽 | 色 | 巨型 | 绿色 | 表面 | 黑白 | 蓝 | 荧光 | 贝壳 | 水晶,白色 | 蓝色 | 黄色 | 颜色 | 黑色 | 红色 | 灰色 | 花纹 | 色 | 彩色 | 荧光 | 五颜六色 | 光泽 | 斑点 | 蓝 | 宝石 | 绿色 | 水晶 | 发光 | 朱红 | 黑白 | 珍珠 | 透明 | 贝壳 | 质地 | 人造 | 钻石 | 立体 | 巨型 | 表面,30.000000000007603,1.0,1.4277169866378203e-18,五颜六色:1.000000 | 人造:1.000000 | 光泽:1.000000 | 发光:1.000000 | 宝石:1.000000 | 巨型:1.000000 | 彩色:1.000000 | 斑点:1.000000 | 朱红:1.000000 | 水晶:1.000000 | 灰色:1.000000 | 珍珠:1.000000,
177,63,0.3118184142116401,0.04572542760502704,0.14285714285714285,促使 | 促进 | 推动 | 导致 | 带动 | 使得 | 激发 | 有助于 | 引发 | 有利于 | 使 | 进而,扩散 | 逐步 | 释放 | 挤压 | 改善 | 主导 | 支撑 | 逐渐,激发 | 得以 | 迫使 | 有效 | 引发 | 加剧 | 持续 | 使得 | 加速 | 不利于 | 使 | 加深,促使 | 促进 | 推动 | 导致 | 带动 | 使得 | 激发 | 有助于 | 引发 | 有利于 | 使 | 进而 | 加剧 | 削弱 | 从而 | 不利于 | 致使 | 促成 | 增强 | 诱发 | 引起 | 造成 | 影响 | 加重 | 加速 | 拉动 | 迫使 | 制约 | 加深 | 引领 | 刺激 | 激起 | 拖累 | 进一步 | 引导 | 危及 | 预示 | 令 | 激化 | 奠定 | 起到 | 逐步 | 必将 | 改善 | 带来 | 逐渐 | 大大 | 持续 | 有望 | 由此 | 挤压 | 得以 | 成为 | 快速 | 足以 | 有效 | 释放 | 主导 | 支撑 | 乃至 | 间接 | 激励 | 扩散,63.00000041386877,0.9999999998892419,4.2842198070578745e-10,不利于:1.000000 | 主导:1.000000 | 乃至:1.000000 | 令:1.000000 | 使:1.000000 | 促使:1.000000 | 促成:1.000000 | 促进:1.000000 | 制约:1.000000 | 刺激:1.000000 | 削弱:1.000000 | 加剧:1.000000,
178,38,0.33953578156819325,0.009961605332826617,0.39473684210526316,眉开眼笑 | 嬉笑 | 交头接耳 | 七嘴八舌 | 面红耳赤 | 滔滔不绝 | 津津有味 | 有口无心 | 哄堂大笑 | 前仰后合 | 绘声绘色 | 半真半假,叫好 | 众人 | 如醉如痴 | 嬉笑 | 一锅粥 | 居高临下 | 附和 | 脱口而出,居高临下 | 滔滔不绝 | 哄堂大笑 | 头头是道 | 出口成章 | 前仰后合 | 众人 | 指手画脚 | 引经据典 | 内行 | 起劲 | 袖手旁观,眉开眼笑 | 嬉笑 | 交头接耳 | 七嘴八舌 | 面红耳赤 | 滔滔不绝 | 津津有味 | 有口无心 | 哄堂大笑 | 前仰后合 | 绘声绘色 | 半真半假 | 兴高采烈 | 看热闹 | 异口同声 | 头头是道 | 夸夸其谈 | 引经据典 | 旁观 | 如醉如痴 | 指手画脚 | 理直气壮 | 起劲 | 脱口而出 | 不亦乐乎 | 胸有成竹 | 附和 | 众人 | 出口成章 | 叫好 | 外行 | 袖手旁观 | 内行 | 在场 | 居高临下 | 大包大揽 | 一锅粥 | 一番,38.0,1.0,1.1302226109047798e-22,一番:1.000000 | 一锅粥:1.000000 | 七嘴八舌:1.000000 | 不亦乐乎:1.000000 | 交头接耳:1.000000 | 众人:1.000000 | 兴高采烈:1.000000 | 内行:1.000000 | 出口成章:1.000000 | 前仰后合:1.000000 | 半真半假:1.000000 | 叫好:1.000000,
179,63,0.3368829329856456,0.0420070839015501,0.14285714285714285,愿意 | 执意 | 情愿 | 不肯 | 宁愿 | 故意 | 不惜 | 强迫 | 竭力 | 拒绝 | 无意 | 不许,同意 | 三番五次 | 下令 | 乞求 | 逼迫 | 存心 | 愿 | 私下,坚决 | 试图 | 单方面 | 拒绝 | 愿意 | 不许 | 打算 | 愿 | 无意 | 为了 | 无条件 | 不得已,愿意 | 执意 | 情愿 | 不肯 | 宁愿 | 故意 | 不惜 | 强迫 | 竭力 | 拒绝 | 无意 | 不许 | 乐意 | 公然 | 极力 | 私自 | 忍心 | 强行 | 擅自 | 甘心 | 不得不 | 被迫 | 设法 | 企图 | 有意 | 逼迫 | 试图 | 急于 | 打算 | 存心 | 允许 | 刻意 | 决不 | 不得已 | 宁可 | 坚决 | 尽力 | 竟敢 | 想方设法 | 下决心 | 暗中 | 下令 | 准许 | 轻易 | 暗地里 | 同意 | 乞求 | 不准 | 私下 | 发誓 | 三番五次 | 容许 | 自愿 | 单方面 | 主动 | 禁止 | 勉强 | 愿 | 不顾 | 强制 | 决定 | 为了 | 无条件,63.00000188514909,0.9999999999994185,2.825061785610007e-12,下令:1.000000 | 下决心:1.000000 | 不准:1.000000 | 不得已:1.000000 | 不惜:1.000000 | 不肯:1.000000 | 不许:1.000000 | 不顾:1.000000 | 为了:1.000000 | 主动:1.000000 | 乐意:1.000000 | 乞求:1.000000,
180,56,0.230091203277019,-0.027576695723898204,0.8035714285714286,要点 | 目录 | 列入 | 涵盖 | 概况 | 概论 | 范畴 | 分类 | 内容 | 类别 | 范围 | 清单,指导 | 个案 | 环节 | 要素 | 重点 | 编制 | 分组 | 主题,单元 | 类别 | 简称 | 涉及 | 概况 | 清单 | 指导 | 报告 | 系列 | 中心 | 环节 | 列入,要点 | 目录 | 列入 | 涵盖 | 概况 | 概论 | 范畴 | 分类 | 内容 | 类别 | 范围 | 清单 | 附件 | 手册 | 专题 | 涉及 | 纳入 | 指南 | 名称 | 课题 | 如下 | 简介 | 重点 | 单元 | 包括 | 编制 | 图表 | 列为 | 主体 | 报告 | 要素 | 主题 | 对象 | 简称 | 资料 | 参见 | 提示 | 系列 | 单位 | 来源 | 章 | 点评 | 小组 | 指导 | 说明书 | 环节 | 中心 | 示范 | 重大 | 项 | 分支 | 基地 | 分组 | 定为 | 个案 | 代号,56.00000010331331,0.9999999999999944,3.3684456518729695e-14,专题:1.000000 | 个案:1.000000 | 中心:1.000000 | 主体:1.000000 | 主题:1.000000 | 代号:1.000000 | 内容:1.000000 | 分支:1.000000 | 分类:1.000000 | 分组:1.000000 | 列为:1.000000 | 列入:1.000000,
181,86,0.34174726333525296,0.08831942898380495,0.13953488372093023,比赛 | 决赛 | 田径 | 预赛 | 冠军 | 乒乓球 | 单打 | 网球 | 举重 | 羽毛球 | 选手 | 半决赛,太极拳 | 裁判 | 成绩 | 过关 | 赛车 | 啦啦队 | 扑克 | 杯,队 | 联赛 | 胜负 | 扑克 | 铜牌 | 比分 | 冠军 | 得分 | 球 | 银牌 | 排球 | 接力,比赛 | 决赛 | 田径 | 预赛 | 冠军 | 乒乓球 | 单打 | 网球 | 举重 | 羽毛球 | 选手 | 半决赛 | 亚军 | 夺冠 | 体操 | 世界杯 | 银牌 | 赛场 | 联赛 | 排球 | 双打 | 篮球 | 跳远 | 铜牌 | 摔跤 | 参赛 | 运动员 | 奖牌 | 棒球 | 台球 | 奥运会 | 赛 | 金牌 | 运动会 | 跳高 | 足球 | 球队 | 亚运会 | 大奖赛 | 教练 | 球员 | 夺魁 | 大赛 | 竞技 | 奖杯 | 获胜 | 爆冷门 | 球场 | 裁判 | 射击 | 东道主 | 竞赛 | 高尔夫球 | 啦啦队 | 比分 | 赛车 | 长跑 | 上场 | 胜负 | 球 | 入场券 | 半场 | 抽签 | 杯 | 角逐 | 犯规 | 龙舟 | 取胜 | 队 | 胜出 | 无缘 | 跳水 | 得分 | 成绩 | 对手 | 赛跑 | 奖项 | 太极拳 | 体育 | 扑克 | 团体 | 接力 | 奖 | 全场 | 过关 | 倒数,85.99998601876042,0.9999998374240383,3.765138053609043e-7,世界杯:1.000000 | 东道主:1.000000 | 举重:1.000000 | 乒乓球:1.000000 | 亚军:1.000000 | 亚运会:1.000000 | 体操:1.000000 | 入场券:1.000000 | 全场:1.000000 | 冠军:1.000000 | 决赛:1.000000 | 半决赛:1.000000,
182,28,0.3791593579718772,0.07201116857497371,0.14285714285714285,性格 | 个性 | 气质 | 特质 | 外貌 | 性情 | 天性 | 外表 | 长相 | 爱好 | 本性 | 喜好,趣味 | 风格 | 长相 | 年龄 | 品位 | 气质 | 天生 | 内在,风格 | 品质 | 特质 | 国籍 | 审美 | 爱好 | 本性 | 内在 | 趣味 | 品位 | 天生 | 天性,性格 | 个性 | 气质 | 特质 | 外貌 | 性情 | 天性 | 外表 | 长相 | 爱好 | 本性 | 喜好 | 外形 | 嗜好 | 审美 | 特性 | 外观 | 风格 | 属性 | 天生 | 品质 | 趣味 | 性别 | 年龄 | 星座 | 内在 | 品位 | 国籍,28.0,1.0,1.0573328708018931e-22,个性:1.000000 | 内在:1.000000 | 品位:1.000000 | 品质:1.000000 | 喜好:1.000000 | 嗜好:1.000000 | 国籍:1.000000 | 外形:1.000000 | 外表:1.000000 | 外观:1.000000 | 外貌:1.000000 | 天性:1.000000,
183,44,0.3896821885334074,0.13193138567247406,0.0,起诉 | 判决 | 诉讼 | 上诉 | 法院 | 裁决 | 驳回 | 裁定 | 控告 | 法庭 | 仲裁 | 赔偿,交涉 | 异议 | 调查 | 拘留 | 离婚 | 吊销 | 制裁 | 此事,驳回 | 罚款 | 原告 | 判 | 提起 | 纠纷 | 控告 | 处分 | 裁定 | 官司 | 处罚 | 案件,起诉 | 判决 | 诉讼 | 上诉 | 法院 | 裁决 | 驳回 | 裁定 | 控告 | 法庭 | 仲裁 | 赔偿 | 被告 | 索赔 | 官司 | 案件 | 原告 | 纠纷 | 处罚 | 判处 | 审判 | 侵权 | 调解 | 判 | 打官司 | 拘留 | 不服 | 提起 | 当事人 | 离婚 | 追究 | 罚款 | 投诉 | 处分 | 交涉 | 制裁 | 异议 | 破产 | 商标 | 告 | 违约 | 吊销 | 此事 | 调查,44.00000000002224,0.9999999999999993,5.5961902777505425e-15,上诉:1.000000 | 不服:1.000000 | 交涉:1.000000 | 仲裁:1.000000 | 侵权:1.000000 | 判:1.000000 | 判决:1.000000 | 判处:1.000000 | 制裁:1.000000 | 原告:1.000000 | 吊销:1.000000 | 告:1.000000,
184,31,0.4033402529078327,0.07290280499131313,0.03225806451612903,抑郁症 | 失眠 | 抑郁 | 酗酒 | 腹泻 | 肥胖 | 感冒 | 晕车 | 过敏 | 痴呆 | 戒烟 | 熬夜,晕车 | 腹泻 | 自杀 | 感冒 | 患有 | 口吃 | 忌口 | 沉迷,睡眠 | 忌口 | 失明 | 戒烟 | 酗酒 | 上瘾 | 中毒 | 近视 | 沉迷 | 减肥 | 痴呆 | 自杀,抑郁症 | 失眠 | 抑郁 | 酗酒 | 腹泻 | 肥胖 | 感冒 | 晕车 | 过敏 | 痴呆 | 戒烟 | 熬夜 | 生病 | 服用 | 上瘾 | 安眠药 | 患有 | 失恋 | 忌口 | 吸毒 | 近视 | 中毒 | 减肥 | 失明 | 怀孕 | 睡眠 | 吸烟 | 沉迷 | 口吃 | 自杀 | 催眠,31.000000439679646,1.0,1.6310767118137512e-16,上瘾:1.000000 | 中毒:1.000000 | 催眠:1.000000 | 减肥:1.000000 | 口吃:1.000000 | 吸毒:1.000000 | 吸烟:1.000000 | 失恋:1.000000 | 失明:1.000000 | 失眠:1.000000 | 安眠药:1.000000 | 忌口:1.000000,
185,86,0.3061067629569163,0.04270181221832195,0.26744186046511625,主任 | 院长 | 处长 | 局长 | 秘书长 | 总经理 | 部长 | 总监 | 秘书 | 总裁 | 校长 | 委员,班长 | 管家 | 女士 | 律师 | 将军 | 先生 | 同志 | 工会,校长 | 发起人 | 工会 | 一把手 | 参谋 | 主管 | 总理 | 资深 | 干事 | 带头人 | 事务所 | 协会,主任 | 院长 | 处长 | 局长 | 秘书长 | 总经理 | 部长 | 总监 | 秘书 | 总裁 | 校长 | 委员 | 组长 | 顾问 | 助理 | 董事长 | 团长 | 教授 | 书记 | 会长 | 负责人 | 司长 | 所长 | 主席 | 理事 | 经理 | 主管 | 首席 | 队长 | 董事 | 厂长 | 市长 | 工程师 | 领队 | 博士 | 导师 | 领导 | 班长 | 司令 | 发言人 | 院士 | 大使 | 大臣 | 官 | 主编 | 参谋 | 委员会 | 专家 | 兼 | 创始人 | 成员 | 员 | 律师 | 资深 | 干事 | 元老 | 先生 | 设计师 | 评委 | 总理 | 同志 | 建筑师 | 带头人 | 一把手 | 首相 | 女士 | 副 | 高级 | 主持人 | 领事 | 人士 | 助手 | 研究所 | 舵手 | 将军 | 发起人 | 评论员 | 高层 | 协会 | 管家 | 事务所 | 负责 | 下属 | 工会 | 代理人 | 向导,85.9983618199146,0.9999808723403935,0.000026756050173160148,一把手:1.000000 | 下属:1.000000 | 专家:1.000000 | 主任:1.000000 | 主席:1.000000 | 主管:1.000000 | 书记:1.000000 | 事务所:1.000000 | 人士:1.000000 | 代理人:1.000000 | 会长:1.000000 | 元老:1.000000,
186,75,0.27447069939136265,-0.008609314836137442,0.6,汹涌 | 愈演愈烈 | 日益 | 急剧 | 此起彼伏 | 日趋 | 迭起 | 高涨 | 层出不穷 | 空前 | 热潮 | 激烈,四面八方 | 猛烈 | 热烈 | 迫切 | 火暴 | 经久不息 | 突如其来 | 形形色色,骤然 | 愈来愈 | 突如其来 | 日新月异 | 踊跃 | 急剧 | 潮 | 与日俱增 | 四面八方 | 此起彼伏 | 日趋 | 汹涌,汹涌 | 愈演愈烈 | 日益 | 急剧 | 此起彼伏 | 日趋 | 迭起 | 高涨 | 层出不穷 | 空前 | 热潮 | 激烈 | 涌入 | 不断 | 增多 | 众多 | 越来越 | 兴起 | 愈来愈 | 频繁 | 与日俱增 | 热烈 | 掀起 | 接二连三 | 升温 | 猛烈 | 火热 | 广泛 | 剧烈 | 泛滥 | 骤然 | 飞速 | 络绎不绝 | 竞相 | 大规模 | 大批 | 大量 | 蔓延 | 源源不断 | 成千上万 | 势不可当 | 爆发 | 经久不息 | 踊跃 | 沸沸扬扬 | 强烈 | 无数 | 盛行 | 形形色色 | 日新月异 | 普遍 | 密集 | 一连串 | 高潮 | 迫切 | 诸多 | 五花八门 | 各地 | 四面八方 | 到来 | 潮 | 火暴 | 大面积 | 高昂 | 前所未有 | 史无前例 | 深入人心 | 爆满 | 一系列 | 备受 | 突如其来 | 千军万马 | 千家万户 | 海内外 | 自发,75.00000011864432,0.9999999999933353,2.9400488789533665e-11,一连串:1.000000 | 不断:1.000000 | 与日俱增:1.000000 | 五花八门:1.000000 | 众多:1.000000 | 兴起:1.000000 | 前所未有:1.000000 | 剧烈:1.000000 | 势不可当:1.000000 | 千军万马:1.000000 | 千家万户:1.000000 | 升温:1.000000,
187,30,0.3614718722842359,0.06105045494215852,0.13333333333333333,赞扬 | 赞同 | 赞许 | 赞赏 | 拥护 | 称赞 | 谴责 | 抨击 | 赞成 | 指责 | 认同 | 批评,期望 | 号召 | 呼声 | 提议 | 一致 | 议 | 鼓励 | 指责,赞赏 | 一致 | 抨击 | 认同 | 指责 | 议 | 称赞 | 响应 | 赞扬 | 反对 | 呼声 | 鼓励,赞扬 | 赞同 | 赞许 | 赞赏 | 拥护 | 称赞 | 谴责 | 抨击 | 赞成 | 指责 | 认同 | 批评 | 反对 | 认可 | 呼吁 | 主张 | 好评 | 支持 | 抗议 | 欢迎 | 采纳 | 提议 | 号召 | 鼓励 | 呼声 | 期望 | 一致 | 响应 | 议 | 效仿,30.000000000000007,1.0,1.144342352395932e-19,一致:1.000000 | 主张:1.000000 | 反对:1.000000 | 号召:1.000000 | 呼吁:1.000000 | 呼声:1.000000 | 响应:1.000000 | 好评:1.000000 | 批评:1.000000 | 抗议:1.000000 | 抨击:1.000000 | 拥护:1.000000,
188,32,0.3232778016250953,0.03542518988494377,0.1875,贫困 | 残疾人 | 残疾 | 贫穷 | 穷人 | 失业 | 孤儿 | 农民工 | 文盲 | 无家可归 | 农村 | 下岗,受灾 | 灾区 | 自理 | 穷 | 饥饿 | 富裕 | 高龄 | 老年,城乡 | 灾区 | 聋人 | 伤残 | 外来 | 老年 | 农民工 | 高龄 | 农村 | 残疾 | 贫困 | 流浪,贫困 | 残疾人 | 残疾 | 贫穷 | 穷人 | 失业 | 孤儿 | 农民工 | 文盲 | 无家可归 | 农村 | 下岗 | 乞讨 | 盲人 | 伤残 | 老年 | 流浪 | 聋人 | 劳动力 | 饥饿 | 人口 | 城乡 | 受灾 | 穷 | 劳动 | 移民 | 富裕 | 灾区 | 高龄 | 外来 | 自理 | 小康,32.00000000004033,1.0,2.3867138475371598e-17,下岗:1.000000 | 乞讨:1.000000 | 人口:1.000000 | 伤残:1.000000 | 农村:1.000000 | 农民工:1.000000 | 劳动:1.000000 | 劳动力:1.000000 | 受灾:1.000000 | 城乡:1.000000 | 外来:1.000000 | 失业:1.000000,
189,57,0.3109017247482969,0.0038939270316117403,0.543859649122807,有趣 | 荒谬 | 可笑 | 非常 | 合情合理 | 恰当 | 不同寻常 | 极其 | 不可思议 | 奇妙 | 出人意料 | 耐人寻味,荒谬 | 可笑 | 异想天开 | 巧妙 | 意外 | 奇妙 | 不可思议 | 平常,极其 | 不容 | 意想不到 | 正当 | 合乎 | 可贵 | 美中不足 | 非常 | 巧合 | 意料之外 | 不可思议 | 异常,有趣 | 荒谬 | 可笑 | 非常 | 合情合理 | 恰当 | 不同寻常 | 极其 | 不可思议 | 奇妙 | 出人意料 | 耐人寻味 | 极为 | 很 | 微妙 | 贴切 | 十分 | 多么 | 恰如其分 | 明智 | 有意思 | 相当 | 无比 | 反常 | 离奇 | 可贵 | 巧合 | 寻常 | 惊人 | 妥当 | 如此 | 意料之外 | 巧妙 | 常理 | 滑稽 | 难得 | 意想不到 | 恰到好处 | 异常 | 合理 | 合乎 | 格外 | 正确 | 合适 | 异想天开 | 自相矛盾 | 尤为 | 平常 | 显得 | 有益 | 前无古人 | 可行 | 意外 | 美中不足 | 有利 | 不容 | 正当,57.00000024213347,0.9999999999913897,3.7352669346380966e-11,不同寻常:1.000000 | 不容:1.000000 | 出人意料:1.000000 | 前无古人:1.000000 | 十分:1.000000 | 反常:1.000000 | 可笑:1.000000 | 可行:1.000000 | 可贵:1.000000 | 合乎:1.000000 | 合情合理:1.000000 | 合理:1.000000,
190,43,0.36917826487093924,0.08289062967537496,0.046511627906976744,诈骗 | 贪污 | 贿赂 | 受贿 | 违法 | 走私 | 犯罪 | 盗窃 | 敲诈 | 违规 | 非法 | 倒卖,兴奋剂 | 惩处 | 不良 | 垄断 | 罪 | 举报 | 贩卖 | 钱财,不正之风 | 惩处 | 团伙 | 造假 | 违规 | 罪 | 违法 | 非法 | 查出 | 敲诈 | 盗版 | 丑闻,诈骗 | 贪污 | 贿赂 | 受贿 | 违法 | 走私 | 犯罪 | 盗窃 | 敲诈 | 违规 | 非法 | 倒卖 | 假冒 | 查处 | 作弊 | 欺诈 | 涉嫌 | 团伙 | 腐败 | 回扣 | 造假 | 公款 | 惩处 | 盗版 | 弄虚作假 | 赌博 | 揭发 | 毒品 | 不正之风 | 贩卖 | 钱财 | 违章 | 举报 | 走后门 | 罪 | 暴利 | 丑闻 | 官僚主义 | 劣质 | 查出 | 兴奋剂 | 垄断 | 不良,42.9999999999987,0.9999999999999696,1.644470162946831e-13,不正之风:1.000000 | 不良:1.000000 | 丑闻:1.000000 | 举报:1.000000 | 作弊:1.000000 | 倒卖:1.000000 | 假冒:1.000000 | 公款:1.000000 | 兴奋剂:1.000000 | 劣质:1.000000 | 受贿:1.000000 | 回扣:1.000000,
191,91,0.3807825822004351,0.06256959006773814,0.17582417582417584,治疗 | 疾病 | 肿瘤 | 病症 | 患者 | 病人 | 急性 | 糖尿病 | 癌症 | 急诊 | 确诊 | 慢性,大夫 | 血栓 | 休克 | 精神病 | 止咳 | 副作用 | 按摩 | 美容,恶性 | 体检 | 艾滋病 | 输液 | 医院 | 输血 | 霍乱 | 患 | 慢性 | 病毒 | 针灸 | 儿科,治疗 | 疾病 | 肿瘤 | 病症 | 患者 | 病人 | 急性 | 糖尿病 | 癌症 | 急诊 | 确诊 | 慢性 | 病 | 手术 | 外科 | 高血压 | 内科 | 针灸 | 诊断 | 传染病 | 儿科 | 病情 | 临床 | 复发 | 住院 | 症状 | 药物 | 打针 | 发病 | 西医 | 心脏病 | 治愈 | 门诊 | 就诊 | 疗效 | 医生 | 患病 | 治病 | 疗法 | 中医 | 精神病 | 医院 | 康复 | 输液 | 血栓 | 艾滋病 | 癌 | 患 | 看病 | 求医 | 出院 | 流感 | 抗生素 | 骨折 | 医学 | 麻醉 | 会诊 | 免疫 | 疫苗 | 中药 | 注射 | 护理 | 职业病 | 创伤 | 感染 | 霍乱 | 保健 | 偏方 | 休克 | 防治 | 预防 | 就医 | 药品 | 后遗症 | 处方 | 药 | 传染 | 药方 | 副作用 | 体检 | 输血 | 大夫 | 止咳 | 恶性 | 伤势 | 献血 | 病毒 | 美容 | 按摩 | 晚期 | 器械,90.99998666238629,0.9999998505824454,3.4825769487683027e-7,中医:1.000000 | 中药:1.000000 | 临床:1.000000 | 休克:1.000000 | 会诊:1.000000 | 传染:1.000000 | 传染病:1.000000 | 伤势:1.000000 | 住院:1.000000 | 体检:1.000000 | 保健:1.000000 | 偏方:1.000000,
192,76,0.3163136085309131,0.027438288756310242,0.34210526315789475,音响 | 开关 | 显示器 | 充电器 | 录音机 | 电脑 | 按键 | 耳机 | 遥控 | 收音机 | 打印机 | 电视机,后备箱 | 灯 | 噪音 | 手表 | 冰箱 | 阀门 | 折叠 | 随身,屏幕 | 磁带 | 笔记本 | 显示器 | 耳机 | 硬盘 | 摄像 | 音响 | 灯 | 噪音 | 手机 | 配件,音响 | 开关 | 显示器 | 充电器 | 录音机 | 电脑 | 按键 | 耳机 | 遥控 | 收音机 | 打印机 | 电视机 | 硬盘 | 屏幕 | 摄像机 | 鼠标 | 灯泡 | 相机 | 液晶 | 电源 | 键盘 | 手机 | 设备 | 手表 | 笔记本 | 磁盘 | 配件 | 发电机 | 部件 | 磁带 | 关机 | 仪表 | 闹钟 | 仪器 | 游戏机 | 机器 | 摄像 | 无线 | 天线 | 洗衣机 | 冰箱 | 充电 | 防盗 | 灯 | 彩电 | 导航 | 语音 | 无线电 | 装置 | 器材 | 振动 | 方向盘 | 安装 | 故障 | 电器 | 家用 | 传输 | 后备箱 | 噪音 | 键 | 操控 | 自动 | 阀门 | 手动 | 型号 | 噪声 | 开机 | 随身 | 照相 | 计时 | 指南针 | 保修 | 折叠 | 引擎 | 绝缘 | 工具,76.00019408715622,0.9999997236379294,6.140670919717326e-7,仪器:1.000000 | 仪表:1.000000 | 传输:1.000000 | 保修:1.000000 | 充电:1.000000 | 充电器:1.000000 | 关机:1.000000 | 后备箱:1.000000 | 器材:1.000000 | 噪声:1.000000 | 噪音:1.000000 | 型号:1.000000,
193,46,0.32802695236936985,0.020074933844864216,0.2826086956521739,主观 | 理智 | 感性 | 理性 | 狭隘 | 直觉 | 片面 | 庸俗 | 抽象 | 客观 | 教条 | 思维,浮躁 | 冲动 | 理解 | 清醒 | 庸俗 | 批判 | 过分 | 马后炮,微观 | 否定 | 片面 | 冲动 | 认知 | 推理 | 个人 | 主观 | 偏见 | 主义 | 浮躁 | 迷信,主观 | 理智 | 感性 | 理性 | 狭隘 | 直觉 | 片面 | 庸俗 | 抽象 | 客观 | 教条 | 思维 | 人性 | 迷信 | 纯粹 | 消极 | 虚幻 | 认知 | 空想 | 似是而非 | 偏见 | 事物 | 本能 | 浮躁 | 盲目 | 单纯 | 知觉 | 自我 | 否定 | 笼统 | 一味 | 理解 | 主义 | 过分 | 现实 | 冲动 | 心理 | 推理 | 批判 | 马后炮 | 清醒 | 刻舟求剑 | 微观 | 是非 | 反面 | 个人,46.00000000092859,1.0,1.5822597284073313e-15,一味:1.000000 | 个人:1.000000 | 主义:1.000000 | 主观:1.000000 | 事物:1.000000 | 人性:1.000000 | 似是而非:1.000000 | 偏见:1.000000 | 冲动:1.000000 | 刻舟求剑:1.000000 | 单纯:1.000000 | 反面:1.000000,
194,33,0.33457578666563237,0.03206001864238465,0.2727272727272727,感受 | 感触 | 感觉 | 体会 | 震撼 | 感 | 观感 | 体验 | 启发 | 共鸣 | 感想 | 印象,情景 | 反响 | 打动 | 耳目一新 | 乐趣 | 反差 | 幻觉 | 感,触动 | 启发 | 启示 | 视觉 | 触摸 | 印象 | 反差 | 感触 | 幻觉 | 震撼 | 联想 | 错觉,感受 | 感触 | 感觉 | 体会 | 震撼 | 感 | 观感 | 体验 | 启发 | 共鸣 | 感想 | 印象 | 触动 | 错觉 | 领悟 | 触觉 | 耳目一新 | 启示 | 灵感 | 幻觉 | 乐趣 | 视觉 | 想象 | 反差 | 反响 | 情景 | 启迪 | 效果 | 唤起 | 打动 | 场景 | 触摸 | 联想,33.00000000000004,1.0,1.3868309270627426e-21,乐趣:1.000000 | 体会:1.000000 | 体验:1.000000 | 共鸣:1.000000 | 印象:1.000000 | 反响:1.000000 | 反差:1.000000 | 启发:1.000000 | 启示:1.000000 | 启迪:1.000000 | 唤起:1.000000 | 场景:1.000000,
195,38,0.3692309035262918,0.11444807325413962,0.05263157894736842,来到 | 前往 | 赶往 | 赶赴 | 奔赴 | 抵达 | 赶到 | 到达 | 离开 | 回到 | 起程 | 返回,下山 | 走近 | 出山 | 接到 | 入场 | 归来 | 离 | 出发,出山 | 进场 | 动身 | 到达 | 赶往 | 专程 | 下山 | 入场 | 接到 | 赴 | 返回 | 前来,来到 | 前往 | 赶往 | 赶赴 | 奔赴 | 抵达 | 赶到 | 到达 | 离开 | 回到 | 起程 | 返回 | 动身 | 踏上 | 飞往 | 走进 | 赴 | 直奔 | 重返 | 前来 | 专程 | 进入 | 送到 | 撤离 | 回 | 归来 | 出发 | 到 | 下山 | 走近 | 步入 | 出山 | 回归 | 离 | 登陆 | 接到 | 进场 | 入场,38.000000001368235,1.0,1.1379843214726314e-21,下山:1.000000 | 专程:1.000000 | 入场:1.000000 | 出发:1.000000 | 出山:1.000000 | 到:1.000000 | 到达:1.000000 | 前往:1.000000 | 前来:1.000000 | 动身:1.000000 | 回:1.000000 | 回到:1.000000,
196,36,0.45821949162885844,0.10861399563635044,0.027777777777777776,鲜美 | 可口 | 甜 | 口感 | 味道 | 醇厚 | 美味 | 好吃 | 香味 | 酥 | 风味 | 味儿,涮 | 馅儿 | 美味 | 佐料 | 热腾腾 | 鲜 | 正宗 | 糟,好吃 | 过瘾 | 醇厚 | 糟 | 甜 | 馅儿 | 酥 | 鲜 | 地道 | 回味 | 脆 | 辣,鲜美 | 可口 | 甜 | 口感 | 味道 | 醇厚 | 美味 | 好吃 | 香味 | 酥 | 风味 | 味儿 | 脆 | 麻辣 | 腥 | 辣 | 香 | 佐料 | 馅儿 | 滋味 | 口味 | 嫩 | 嚼 | 咸 | 涮 | 原汁原味 | 回味 | 热腾腾 | 过瘾 | 正宗 | 新鲜 | 鲜 | 地道 | 稠 | 糟 | 火候,36.00000000000179,0.9999999999999944,3.180109202873606e-14,佐料:1.000000 | 原汁原味:1.000000 | 口味:1.000000 | 口感:1.000000 | 可口:1.000000 | 味儿:1.000000 | 味道:1.000000 | 咸:1.000000 | 嚼:1.000000 | 回味:1.000000 | 地道:1.000000 | 好吃:1.000000,
197,84,0.22982086457528206,-0.02566141204134506,0.75,常见 | 常用 | 采用 | 种类 | 多种 | 用于 | 带有 | 性质 | 包含 | 形式 | 适用 | 辅助,搭配 | 元素 | 叫作 | 视为 | 补充 | 性 | 引入 | 变为,用途 | 限定 | 包含 | 用法 | 万能 | 特定 | 生成 | 混合 | 搭配 | 广义 | 功能 | 若干,常见 | 常用 | 采用 | 种类 | 多种 | 用于 | 带有 | 性质 | 包含 | 形式 | 适用 | 辅助 | 附加 | 用途 | 类型 | 选用 | 特定 | 使用 | 类 | 添加 | 具有 | 功能 | 分为 | 搭配 | 衍生 | 特殊 | 构成 | 常规 | 附带 | 种 | 合成 | 引入 | 单一 | 生成 | 兼容 | 用来 | 配备 | 少量 | 限定 | 型 | 各式各样 | 组成 | 专用 | 混合 | 构造 | 之类 | 限于 | 相应 | 替代 | 固定 | 性 | 式 | 为主 | 必需 | 现成 | 元素 | 各种 | 对应 | 复合 | 组合 | 普通 | 万能 | 等级 | 改为 | 选择 | 进行 | 含 | 广义 | 集合 | 一体 | 除外 | 用法 | 制 | 定向 | 人工 | 随机 | 视为 | 叫作 | 变为 | 等 | 若干 | 补充 | 非 | 属,83.99994852802473,0.9999993872235355,1.3886218972430475e-6,一体:1.000000 | 万能:1.000000 | 专用:1.000000 | 为主:1.000000 | 人工:1.000000 | 使用:1.000000 | 元素:1.000000 | 兼容:1.000000 | 功能:1.000000 | 包含:1.000000 | 单一:1.000000 | 合成:1.000000,
198,65,0.38420028243684284,0.08385034642773387,0.0,课文 | 口语 | 英语 | 复习 | 课本 | 背诵 | 听写 | 作文 | 预习 | 外语 | 写作 | 语法,课程 | 阿拉伯语 | 字典 | 读 | 教学 | 学 | 翻译 | 编写,复习 | 写作 | 编写 | 背诵 | 试卷 | 考题 | 学习 | 生词 | 作文 | 辅导 | 语法 | 日语,课文 | 口语 | 英语 | 复习 | 课本 | 背诵 | 听写 | 作文 | 预习 | 外语 | 写作 | 语法 | 教材 | 备课 | 课程 | 课 | 生词 | 听力 | 汉语 | 自学 | 讲课 | 试题 | 朗读 | 口试 | 试卷 | 练习 | 填空 | 默读 | 教学 | 考题 | 学习 | 卷子 | 俄语 | 抄写 | 听讲 | 必修 | 日语 | 识字 | 读 | 课堂 | 阅读 | 温习 | 功课 | 测验 | 法语 | 笔记 | 翻译 | 大纲 | 字典 | 科目 | 教科书 | 学 | 词典 | 题 | 普通话 | 训练 | 辅导 | 编写 | 教 | 交际 | 命题 | 阿拉伯语 | 入门 | 时事 | 作业,65.00343112140848,0.9999999988435486,4.001254647368749e-9,交际:1.000000 | 作业:1.000000 | 作文:1.000000 | 入门:1.000000 | 写作:1.000000 | 功课:1.000000 | 卷子:1.000000 | 口试:1.000000 | 口语:1.000000 | 听写:1.000000 | 听力:1.000000 | 听讲:1.000000,
199,31,0.3552668820390399,0.04392503051025237,0.1935483870967742,礼品 | 鞭炮 | 礼物 | 贺卡 | 爆竹 | 焰火 | 烟花 | 喜糖 | 蜡烛 | 请柬 | 灯笼 | 工艺品,戒指 | 摆设 | 嫁妆 | 国旗 | 文具 | 送礼 | 吉祥物 | 风筝,燃放 | 请帖 | 风筝 | 嫁妆 | 吉祥物 | 文具 | 锦旗 | 国旗 | 请柬 | 鞭炮 | 玩具 | 奖品,礼品 | 鞭炮 | 礼物 | 贺卡 | 爆竹 | 焰火 | 烟花 | 喜糖 | 蜡烛 | 请柬 | 灯笼 | 工艺品 | 鲜花 | 燃放 | 香烟 | 物品 | 请帖 | 玩具 | 烟火 | 文具 | 送礼 | 戒指 | 摆设 | 奖品 | 嫁妆 | 锦旗 | 道具 | 风筝 | 吉祥物 | 国旗 | 火炬,31.0,1.0,4.459018198538971e-21,吉祥物:1.000000 | 喜糖:1.000000 | 国旗:1.000000 | 奖品:1.000000 | 嫁妆:1.000000 | 工艺品:1.000000 | 戒指:1.000000 | 摆设:1.000000 | 文具:1.000000 | 火炬:1.000000 | 灯笼:1.000000 | 烟火:1.000000,
