community,size,mean_pair_cosine,mean_cosine_silhouette,negative_silhouette_fraction,representatives,boundary_words,deterministic_sample,all_members
0,1,,0.0,0.0,〇,〇,〇,〇
1,2,0.5304434643194063,0.13425970167085122,0.0,另 一,另 一,另 一,另 一
2,1,,0.0,0.0,一一,一一,一一,一一
3,9,0.5873708716024936,0.21506804318401918,0.0,忽然 猛然 突然 顿时 一瞬间 瞬间 骤然 一下子 一刹那,骤然 一刹那 忽然 猛然 突然 一下子 顿时 一瞬间,一瞬间 瞬间 一下子 骤然 突然 忽然 猛然 一刹那 顿时,忽然 猛然 突然 顿时 一瞬间 瞬间 骤然 一下子 一刹那
4,4,0.46923149351838606,0.013652647379430512,0.75,不慎 一不小心 不幸 误,误 一不小心 不幸 不慎,不幸 一不小心 不慎 误,不慎 一不小心 不幸 误
5,3,0.5014880134876297,0.13374775418149923,0.0,一鼓作气 一口气 一举,一举 一口气 一鼓作气,一鼓作气 一口气 一举,一鼓作气 一口气 一举
6,7,0.544008254035271,0.15362771339633938,0.0,言行 举动 一言一行 一举一动 举止 所作所为 行为,举止 行为 一言一行 举动 所作所为 言行 一举一动,举动 行为 举止 言行 一举一动 所作所为 一言一行,言行 举动 一言一行 一举一动 举止 所作所为 行为
7,4,0.5401232571250565,0.12279887164275005,0.25,无所事事 一事无成 一无所有 无所作为,一无所有 无所作为 无所事事 一事无成,无所作为 无所事事 一无所有 一事无成,无所事事 一事无成 一无所有 无所作为
8,10,0.5511993061559528,0.09536345699437128,0.3,许多 众多 不少 无数 大批 诸多 大量 好多 一些 成千上万,大量 成千上万 一些 诸多 大批 好多 无数 不少,不少 许多 无数 大批 大量 好多 众多 诸多 一些 成千上万,许多 众多 不少 无数 大批 诸多 大量 好多 一些 成千上万
9,4,0.5314095787166125,0.21186207926751466,0.0,一代 代 下一代 世代,世代 下一代 代 一代,代 世代 下一代 一代,一代 代 下一代 世代
10,4,0.5839915943748785,0.187678917020018,0.0,好久 半天 一会儿 多久,多久 一会儿 半天 好久,一会儿 多久 好久 半天,好久 半天 一会儿 多久
11,1,,0.0,0.0,一体,一体,一体,一体
12,10,0.5721271107716329,0.2320700012461186,0.1,共计 总共 总计 共 一共 合计 共有 累计 约 折合,约 累计 折合 共有 一共 总计 合计 总共,共有 共 约 总共 总计 合计 折合 共计 一共 累计,共计 总共 总计 共 一共 合计 共有 累计 约 折合
13,10,0.5141923126742369,0.07105294061428148,0.3,屡次 一再 多次 再次 频频 再度 三番五次 屡 再三 频繁,再度 再次 再三 频繁 频频 三番五次 屡 多次,屡 频繁 三番五次 再度 再三 再次 多次 频频 屡次 一再,屡次 一再 多次 再次 频频 再度 三番五次 屡 再三 频繁
14,3,0.4911121762458433,0.03427841588694621,0.3333333333333333,一概 一律 一切,一切 一律 一概,一概 一切 一律,一概 一律 一切
15,9,0.5548385126122553,0.10462456085901649,0.1111111111111111,哆嗦 发抖 颤抖 惨白 发愣 一动不动 通红 浑身 动弹,浑身 发愣 一动不动 通红 动弹 惨白 颤抖 哆嗦,浑身 一动不动 哆嗦 发愣 发抖 惨白 动弹 颤抖 通红,哆嗦 发抖 颤抖 惨白 发愣 一动不动 通红 浑身 动弹
16,2,0.5351153715144397,0.14391740533167824,0.0,一半 半,一半 半,半 一半,一半 半
17,2,0.5903927107260063,0.22733877704590855,0.0,一卡通 磁卡,一卡通 磁卡,一卡通 磁卡,一卡通 磁卡
18,6,0.5491336222770837,0.15367318700925311,0.0,俗话 俗语 一句话 句 名言 俗话说,俗话说 句 一句话 俗语 名言 俗话,俗话说 句 名言 俗话 俗语 一句话,俗话 俗语 一句话 句 名言 俗话说
19,4,0.6255158401783035,0.2936109315911455,0.0,一起 一同 一块儿 一齐,一齐 一块儿 一同 一起,一齐 一起 一块儿 一同,一起 一同 一块儿 一齐
20,5,0.5840423408863228,0.27462603399272434,0.0,一向 向来 一贯 历来 一如既往,一如既往 历来 一贯 向来 一向,历来 一贯 一如既往 向来 一向,一向 向来 一贯 历来 一如既往
21,6,0.5437728072870879,0.09168927410305333,0.16666666666666666,过分 过于 过度 盲目 过早 一味,一味 过早 盲目 过度 过于 过分,盲目 过度 过分 过于 一味 过早,过分 过于 过度 盲目 过早 一味
22,4,0.45979677297960714,-0.0337403247954828,0.75,一塌糊涂 够呛 一干二净 厉害,厉害 一干二净 够呛 一塌糊涂,厉害 够呛 一塌糊涂 一干二净,一塌糊涂 够呛 一干二净 厉害
23,8,0.5155734482051042,0.02916415133330738,0.125,一言不发 一声不吭 漠然 不耐烦 不理 爱理不理 冷淡 沉默,冷淡 沉默 不耐烦 爱理不理 不理 一声不吭 一言不发 漠然,一声不吭 一言不发 爱理不理 不理 冷淡 不耐烦 漠然 沉默,一言不发 一声不吭 漠然 不耐烦 不理 爱理不理 冷淡 沉默
24,28,0.549802330804468,0.04885915974972168,0.35714285714285715,晚上 傍晚 早晨 早上 中午 下午 清晨 夜里 上午 凌晨 一早 深夜,星期天 夜晚 黄昏 明天 当天 今天 次日 昨天,昨天 早晨 下午 凌晨 一大早 晚间 上午 晚 次日 晚上 中午 明天,晚上 傍晚 早晨 早上 中午 下午 清晨 夜里 上午 凌晨 一早 深夜 一大早 半夜 白天 夜晚 当晚 昨天 前天 晚 夜间 次日 当天 晚间 明天 今天 星期天 黄昏
25,8,0.5230389046657601,0.06936288094765677,0.5,一天到晚 整天 成天 一年到头 从早到晚 老是 日复一日 动不动,一年到头 日复一日 老是 动不动 从早到晚 成天 整天 一天到晚,动不动 一天到晚 一年到头 日复一日 成天 老是 整天 从早到晚,一天到晚 整天 成天 一年到头 从早到晚 老是 日复一日 动不动
26,1,,0.0,0.0,一头,一头,一头,一头
27,5,0.5782922325942819,0.22718086755644787,0.0,不一定 未必 不见得 肯定 一定,肯定 一定 不见得 未必 不一定,肯定 不一定 不见得 未必 一定,不一定 未必 不见得 肯定 一定
28,10,0.5702238143962156,0.13961191996427882,0.1,母女 父女 母子 夫妻 父子 两口子 夫妇 一家人 俩 姐妹,姐妹 一家人 父子 俩 两口子 夫妇 母子 夫妻,俩 母子 母女 姐妹 一家人 夫妇 夫妻 两口子 父女 父子,母女 父女 母子 夫妻 父子 两口子 夫妇 一家人 俩 姐妹
29,2,0.6472917619966876,0.3586082586507999,0.0,一帆风顺 一路顺风,一帆风顺 一路顺风,一帆风顺 一路顺风,一帆风顺 一路顺风
30,5,0.49873792577624443,0.10726609372874685,0.0,一路 一路上 沿途 一带 沿线,一路 一路上 沿线 沿途 一带,一路 沿途 一路上 沿线 一带,一路 一路上 沿途 一带 沿线
31,3,0.642681588181205,0.3615926872898068,0.0,一应俱全 应有尽有 齐全,齐全 应有尽有 一应俱全,齐全 一应俱全 应有尽有,一应俱全 应有尽有 齐全
32,4,0.5141913303765163,0.16405222575241246,0.25,曾经 曾 一度 过,过 一度 曾经 曾,曾 曾经 过 一度,曾经 曾 一度 过
33,1,,0.0,0.0,一心,一心,一心,一心
34,5,0.5540431735561022,0.0064238174272994945,0.4,一心一意 专心 全心全意 兢兢业业 聚精会神,一心一意 兢兢业业 专心 全心全意 聚精会神,专心 兢兢业业 聚精会神 一心一意 全心全意,一心一意 专心 全心全意 兢兢业业 聚精会神
35,2,0.5132176248918598,0.09065730077733049,0.0,僵化 一成不变,僵化 一成不变,僵化 一成不变,僵化 一成不变
36,4,0.5033756158315125,0.08319059610175576,0.25,两手 手 一手 握,握 一手 手 两手,手 握 两手 一手,两手 手 一手 握
37,8,0.5032645314209635,0.06291358899386862,0.375,爱好 嗜好 特长 专长 喜好 兴趣 座右铭 一技之长,兴趣 一技之长 座右铭 专长 喜好 特长 嗜好 爱好,一技之长 嗜好 专长 兴趣 座右铭 喜好 特长 爱好,爱好 嗜好 特长 专长 喜好 兴趣 座右铭 一技之长
38,4,0.48440600888080093,0.08322908731731735,0.25,领导 干部 同志 一把手,干部 一把手 领导 同志,同志 干部 一把手 领导,领导 干部 同志 一把手
39,1,,0.0,0.0,一揽子,一揽子,一揽子,一揽子
40,4,0.5635010453273125,0.15640374248688105,0.0,另一方面 一方面 同时 反过来,反过来 同时 一方面 另一方面,反过来 同时 另一方面 一方面,另一方面 一方面 同时 反过来
41,5,0.5196839443345411,0.015520280743936968,0.4,一旁 一边 路边 边 门口,一边 门口 路边 边 一旁,门口 一边 边 路边 一旁,一旁 一边 路边 边 门口
42,1,,0.0,0.0,一无所知,一无所知,一无所知,一无所知
43,12,0.5940016720016086,0.18199003595848454,0.08333333333333333,如果 假如 倘若 即使 假使 若 即便 除非 只要 一旦 既然 当,当 一旦 既然 假使 假如 只要 除非 即便,如果 倘若 当 除非 即使 即便 若 只要 既然 假使 一旦 假如,如果 假如 倘若 即使 假使 若 即便 除非 只要 一旦 既然 当
44,3,0.48653873561181754,0.08186299466803487,0.3333333333333333,暂时 暂 一时,暂 一时 暂时,暂时 暂 一时,暂时 暂 一时
45,4,0.4456936798431504,-0.07639228555720512,0.75,晃荡 晃 一晃 徘徊,徘徊 一晃 晃 晃荡,晃 徘徊 一晃 晃荡,晃荡 晃 一晃 徘徊
46,10,0.5780050061389633,0.2079136130593681,0.0,好似 如同 犹如 像 好像 仿佛 好比 似的 一样 如一,一样 好比 好像 如一 似的 仿佛 像 如同,似的 像 好比 好似 好像 犹如 一样 仿佛 如一 如同,好似 如同 犹如 像 好像 仿佛 好比 似的 一样 如一
47,2,0.5496559203628515,0.10820181344039373,0.0,因人而异 一概而论,因人而异 一概而论,一概而论 因人而异,因人而异 一概而论
48,9,0.5659665184940743,0.15747696634252267,0.0,相同 相似 截然不同 不同 大同小异 有所不同 一模一样 类似 雷同,不同 相同 类似 截然不同 雷同 一模一样 有所不同 相似,不同 一模一样 大同小异 雷同 有所不同 相同 类似 相似 截然不同,相同 相似 截然不同 不同 大同小异 有所不同 一模一样 类似 雷同
49,1,,0.0,0.0,一次性,一次性,一次性,一次性
50,1,,0.0,0.0,一毛不拔,一毛不拔,一毛不拔,一毛不拔
51,5,0.5586817846337343,0.18720261914221953,0.0,顶级 顶尖 世界级 一流 重量级,重量级 顶尖 一流 世界级 顶级,顶级 顶尖 重量级 世界级 一流,顶级 顶尖 世界级 一流 重量级
52,3,0.4961555637565864,0.04368946190877176,0.3333333333333333,一点儿 些 快点儿,快点儿 一点儿 些,快点儿 些 一点儿,一点儿 些 快点儿
53,5,0.4938146852556643,-0.010632411057310165,0.6,一生 生平 人生 生涯 生前,生前 一生 人生 生涯 生平,人生 生涯 生前 生平 一生,一生 生平 人生 生涯 生前
54,2,0.552211614295748,0.27462344427398255,0.0,番 一番,一番 番,番 一番,番 一番
55,1,,0.0,0.0,一目了然,一目了然,一目了然,一目了然
56,16,0.5361798725211583,0.05337113139255724,0.5625,仍然 仍旧 依然 依旧 仍 却 始终 还 还是 一直 终究 总是,始终 都 尚 终究 却 总是 照样 虽,始终 仍然 却 尚 仍 仍旧 照样 总是 还是 依旧 都 依然,仍然 仍旧 依然 依旧 仍 却 始终 还 还是 一直 终究 总是 虽 都 照样 尚
57,8,0.5277384699470259,0.041886130957204,0.375,瞅 瞧 一眼 瞪 打量 看 盯 眼,眼 瞪 盯 打量 看 瞧 一眼 瞅,瞪 瞧 瞅 看 眼 盯 打量 一眼,瞅 瞧 一眼 瞪 打量 看 盯 眼
58,8,0.49706891558977906,0.06785703600731308,0.375,发愁 犯愁 伤脑筋 头疼 操心 一筹莫展 愁 棘手,棘手 一筹莫展 愁 操心 头疼 犯愁 伤脑筋 发愁,愁 操心 犯愁 发愁 一筹莫展 棘手 头疼 伤脑筋,发愁 犯愁 伤脑筋 头疼 操心 一筹莫展 愁 棘手
59,2,0.7184022361162742,0.47195731688058673,0.0,一连串 一系列,一系列 一连串,一连串 一系列,一连串 一系列
60,3,0.5334316606185793,0.13564057261843007,0.0,第一线 一线 前线,前线 一线 第一线,第一线 前线 一线,第一线 一线 前线
61,1,,0.0,0.0,一经,一经,一经,一经
62,1,,0.0,0.0,一致,一致,一致,一致
63,13,0.5188822452978182,0.08951026063476183,0.38461538461538464,大多 大多数 绝大多数 多数 大部分 大都 多半 通常 半数 往往 一般 少数,少数 所有 半数 大部分 往往 一般 多半 通常,通常 一般 往往 大多 多数 绝大多数 多半 大都 大多数 所有 半数 大部分,大多 大多数 绝大多数 多数 大部分 大都 多半 通常 半数 往往 一般 少数 所有
64,24,0.5093659116482147,-0.06061980227803423,0.625,换言之 此外 总而言之 也就是说 除此之外 总之 事实上 由此可见 由此看来 这就是说 据悉 其次,由此可见 相对而言 至此 因此 与此同时 综上所述 说白了 事实上,总之 据悉 这就是说 就是说 相比之下 总而言之 也就是说 综上所述 因此 其次 这样一来 换言之,换言之 此外 总而言之 也就是说 除此之外 总之 事实上 由此可见 由此看来 这就是说 据悉 其次 相比之下 另外 与此同时 因此 总的来说 综上所述 这样一来 相对而言 一般来说 就是说 至此 说白了
65,1,,0.0,0.0,一行,一行,一行,一行
66,9,0.5396045352049472,0.08381235547245676,0.3333333333333333,祝愿 祝福 祝 祝贺 保佑 感谢 祈祷 一路平安 心想事成,一路平安 感谢 心想事成 祝贺 祈祷 祝 保佑 祝福,祝愿 祝福 祝 祈祷 一路平安 保佑 感谢 祝贺 心想事成,祝愿 祝福 祝 祝贺 保佑 感谢 祈祷 一路平安 心想事成
67,1,,0.0,0.0,一身,一身,一身,一身
68,3,0.6372206584046367,0.34987849826703393,0.0,终生 终身 一辈子,一辈子 终身 终生,一辈子 终身 终生,终生 终身 一辈子
69,3,0.5263196538094815,0.20189361825007812,0.0,一连 连续 连,连续 连 一连,一连 连续 连,一连 连续 连
70,1,,0.0,0.0,一道,一道,一道,一道
71,3,0.5500156133544467,0.15715002239714823,0.3333333333333333,部分 一部分 个别,个别 一部分 部分,部分 一部分 个别,部分 一部分 个别
72,3,0.4318477762412168,-0.06996642124719865,0.6666666666666666,搅 绞 一锅粥,绞 一锅粥 搅,一锅粥 绞 搅,搅 绞 一锅粥
73,1,,0.0,0.0,一长一短,一长一短,一长一短,一长一短
74,2,0.5579105869945906,0.1791458283101251,0.0,阵 一阵,一阵 阵,一阵 阵,阵 一阵
75,1,,0.0,0.0,一面,一面,一面,一面
76,2,0.6403743453298116,0.36216098633213323,0.0,丁 姜,丁 姜,姜 丁,丁 姜
77,13,0.6073419193396995,0.3304845859076559,0.15384615384615385,四 五 六 七 三 八 九 十 二 第二 两 几,几 两 十 第二 第 二 三 九,第二 六 八 几 十 四 二 五 九 两 七 三,四 五 六 七 三 八 九 十 二 第二 两 几 第
78,13,0.5069668170391649,-0.04440084848631351,0.6923076923076923,小声 插嘴 唠叨 打岔 大声 絮叨 叹气 嚷 自言自语 吵嘴 七嘴八舌 交头接耳,嚷 七嘴八舌 大声 叹气 吵嘴 说闲话 打岔 自言自语,插嘴 嚷 自言自语 唠叨 吵嘴 絮叨 七嘴八舌 叹气 大声 小声 打岔 说闲话,小声 插嘴 唠叨 打岔 大声 絮叨 叹气 嚷 自言自语 吵嘴 七嘴八舌 交头接耳 说闲话
79,5,0.532491785547317,0.12912810313399956,0.2,千 百 万 数 亿,亿 数 万 千 百,千 亿 万 百 数,千 百 万 数 亿
80,1,,0.0,0.0,万一,万一,万一,万一
81,1,,0.0,0.0,万万,万万,万万,万万
82,1,,0.0,0.0,万分,万分,万分,万分
83,4,0.4955200371168082,0.07274484174031275,0.25,友谊 万古长青 友好 干杯,干杯 友好 万古长青 友谊,干杯 友好 万古长青 友谊,友谊 万古长青 友好 干杯
84,1,,0.0,0.0,万无一失,万无一失,万无一失,万无一失
85,2,0.5551343701508054,0.2953446781486445,0.0,万能 全能,万能 全能,全能 万能,万能 全能
86,70,0.5530150639868932,0.0624128238428809,0.38571428571428573,姑姑 舅舅 奶奶 爸爸 姐姐 妹妹 爸 爷爷 母亲 姥姥 哥哥 妈妈,姐 师父 妹 孩子 小孩儿 大哥 她 老汉,爱人 太太 哥哥 老太太 她 妈 妹 姐 姨 娘 弟 弟弟,姑姑 舅舅 奶奶 爸爸 姐姐 妹妹 爸 爷爷 母亲 姥姥 哥哥 妈妈 嫂子 父亲 弟弟 姥爷 妈 儿子 爹 外婆 女儿 闺女 媳妇 伯母 老婆 伯父 叔叔 外公 孙女 祖母 大姐 岳母 丈夫 岳父 父母 老公 妻子 阿姨 继父 大哥 孙子 姐 太太 伯伯 娘 继母 老太太 老伴儿 大爷 姨 女婿 她 亲戚 长辈 孩子 家人 弟 妹 祖父 男朋友 爱人 师父 女朋友 老头儿 老人家 亲生 小孩儿 大妈 丫头 老汉
87,10,0.5313552389550709,0.058624119716616796,0.3,午餐 晚餐 早餐 餐 盒饭 便饭 用餐 年夜饭 快餐 三明治,用餐 三明治 年夜饭 便饭 快餐 餐 晚餐 盒饭,晚餐 便饭 三明治 快餐 午餐 餐 早餐 年夜饭 用餐 盒饭,午餐 晚餐 早餐 餐 盒饭 便饭 用餐 年夜饭 快餐 三明治
88,3,0.5241164331933246,0.1613568717396298,0.0,三维 立体 平面,平面 立体 三维,立体 平面 三维,三维 立体 平面
89,1,,0.0,0.0,三角,三角,三角,三角
90,1,,0.0,0.0,上,上,上,上
91,1,,0.0,0.0,上下,上下,上下,上下
92,11,0.5858100037822723,0.20813643347733188,0.2727272727272727,月初 下旬 月底 上旬 中旬 月份 月 年初 上个月 下个月 日,日 年初 下个月 上个月 月底 月 中旬 月份,年初 月 日 月底 月初 月份 上旬 中旬 上个月 下个月 下旬,月初 下旬 月底 上旬 中旬 月份 月 年初 上个月 下个月 日
93,16,0.5249024350611735,0.09162374815287608,0.3125,出任 就任 担任 任 兼任 现任 任命 任职 职务 辞去 就职 接替,接替 上任 兼 任期 辞去 职务 担任 任命,兼 任 任职 兼任 上任 现任 就任 任命 辞去 出任 任期 前任,出任 就任 担任 任 兼任 现任 任命 任职 职务 辞去 就职 接替 上任 前任 任期 兼
94,13,0.5462873895782667,0.022044789043667523,0.38461538461538464,上升 攀升 回升 上涨 飙升 下降 回落 下跌 反弹 升高 高涨 增长,升温 高涨 反弹 回升 下跌 上涨 升高 增长,上升 升温 上涨 升高 反弹 回落 回升 增长 高涨 攀升 下跌 下降,上升 攀升 回升 上涨 飙升 下降 回落 下跌 反弹 升高 高涨 增长 升温
95,13,0.5172076116959802,0.059160717399868716,0.23076923076923078,过来 回来 回去 进去 进来 出来 上去 出去 下来 上来 下去 去,出来 回来 下来 出去 去 下去 上去 上来,下去 去 进去 上去 来 进来 上来 回去 出去 回来 出来 下来,过来 回来 回去 进去 进来 出来 上去 出去 下来 上来 下去 去 来
96,2,0.6475530049189699,0.3850363596409835,0.0,下台 上台,下台 上台,下台 上台,下台 上台
97,3,0.6141418738042678,0.30389646989313635,0.0,上级 下级 上司,上司 下级 上级,上司 上级 下级,上级 下级 上司
98,4,0.4333307089069584,-0.006971597198187076,0.25,上周 周 本 上次,上次 周 上周 本,周 上周 本 上次,上周 周 本 上次
99,3,0.4520236185840147,-0.08261388450625681,0.6666666666666666,下场 结局 上场,上场 结局 下场,下场 上场 结局,下场 结局 上场
100,3,0.4694830685707303,-0.009104587214178584,0.6666666666666666,皇上 上头 上帝,上帝 上头 皇上,上头 上帝 皇上,皇上 上头 上帝
101,20,0.5136787453719691,0.00006255913343510832,0.45,小学 中学 初中 高中 学校 年级 大学 就读 转学 入学 学期 幼儿园,私立 念书 师范 幼儿园 入学 班级 中小学 开学,入学 开学 上学 幼儿园 年级 中学 班级 大学 小学 师范 初中 私立,小学 中学 初中 高中 学校 年级 大学 就读 转学 入学 学期 幼儿园 开学 上学 学年 中小学 念书 师范 班级 私立
102,3,0.5224867850285272,0.1537460760827472,0.0,岗位 职位 上岗,上岗 职位 岗位,岗位 上岗 职位,岗位 职位 上岗
103,1,,0.0,0.0,上市,上市,上市,上市
104,3,0.5143388398371445,0.10574455858926368,0.3333333333333333,受骗 上当 受害,受害 上当 受骗,上当 受骗 受害,受骗 上当 受害
105,5,0.5516976683958512,0.12665322189117326,0.2,提交 递交 申请 申报 上报,上报 申请 申报 递交 提交,上报 递交 提交 申请 申报,提交 递交 申请 申报 上报
106,3,0.50863270823593,0.08354180036425986,0.0,前方 上方 两侧,上方 两侧 前方,上方 前方 两侧,前方 上方 两侧
107,4,0.5020318810922053,0.09000179674114048,0.25,上映 票房 放映 华语,华语 票房 放映 上映,华语 上映 放映 票房,上映 票房 放映 华语
108,3,0.5354044043702277,0.1796490658741443,0.0,本期 上期 下期,上期 下期 本期,上期 本期 下期,本期 上期 下期
109,6,0.499056022439104,0.033803116169011264,0.3333333333333333,上车 下车 车上 上楼 乘客 楼上,乘客 楼上 下车 上楼 车上 上车,楼上 上楼 上车 车上 下车 乘客,上车 下车 车上 上楼 乘客 楼上
110,1,,0.0,0.0,上流,上流,上流,上流
111,2,0.7840290298431234,0.6126040624277168,0.0,上游 下游,下游 上游,上游 下游,上游 下游
112,3,0.5418505523662906,0.16178281782882387,0.0,上演 演绎 再现,再现 演绎 上演,再现 上演 演绎,上演 演绎 再现
113,1,,0.0,0.0,上火,上火,上火,上火
114,16,0.5547533481515571,0.059091766048439215,0.0625,晚饭 早饭 午饭 下班 起床 睡觉 吃饭 下楼 午睡 回家 洗澡 出门,午饭 下楼 回家 放学 做饭 晚饭 出门 上班,起床 晚饭 睡觉 洗澡 上班 做饭 刷牙 出门 午饭 放学 早饭 吃饭,晚饭 早饭 午饭 下班 起床 睡觉 吃饭 下楼 午睡 回家 洗澡 出门 放学 上班 刷牙 做饭
115,3,0.6094228727890315,0.30448133659307214,0.0,白领 上班族 蓝领,上班族 蓝领 白领,上班族 蓝领 白领,白领 上班族 蓝领
116,11,0.5051471560628787,0.023108165164650342,0.36363636363636365,迷恋 痴迷 着迷 热爱 喜欢 热衷 沉迷 喜爱 执着 上瘾 迷,上瘾 喜爱 执着 迷 着迷 喜欢 热衷 热爱,热爱 上瘾 执着 着迷 迷恋 迷 热衷 喜欢 喜爱 痴迷 沉迷,迷恋 痴迷 着迷 热爱 喜欢 热衷 沉迷 喜爱 执着 上瘾 迷
117,3,0.5705704229714375,0.24570112819429793,0.0,高空 空中 上空,空中 高空 上空,空中 上空 高空,高空 空中 上空
118,3,0.48732730846462946,0.1193820506945648,0.0,网上 上网 网络,网络 上网 网上,网上 网络 上网,网上 上网 网络
119,42,0.5591904727456888,0.1458613939997107,0.21428571428571427,衬衣 衬衫 毛衣 上衣 裙子 大衣 外套 裤子 短裤 衣服 袜子 西装,手套 帽子 婚纱 皮包 手帕 毛巾 纽扣 服装,背心 拖鞋 穿 婚纱 内衣 纽扣 球鞋 毛衣 穿着 上衣 礼服 制服,衬衣 衬衫 毛衣 上衣 裙子 大衣 外套 裤子 短裤 衣服 袜子 西装 牛仔裤 围巾 鞋 皮鞋 羽绒服 凉鞋 领带 拖鞋 内衣 穿着 背心 球鞋 礼服 旗袍 雨衣 高跟鞋 服装 穿 手套 毛巾 靴子 帽子 款式 皮包 纽扣 服饰 外衣 制服 婚纱 手帕
120,18,0.5402342120054572,0.032015134909541915,0.5,判决 法院 上诉 诉讼 法庭 裁定 裁决 起诉 驳回 仲裁 被告 审判,法官 判处 仲裁 审判 起诉 司法 案件 原告,驳回 裁决 裁定 法庭 法官 审判 起诉 判处 法院 判决 官司 上诉,判决 法院 上诉 诉讼 法庭 裁定 裁决 起诉 驳回 仲裁 被告 审判 法官 原告 案件 官司 司法 判处
121,15,0.5187881707111758,0.03529498611683625,0.26666666666666666,课 备课 课程 上课 课本 讲课 复习 预习 课堂 课文 补习 补课,课文 课程 教材 教学 课堂 上课 课本 补习,复习 补习 课本 课文 课程 课堂 功课 上课 备课 补课 讲课 课,课 备课 课程 上课 课本 讲课 复习 预习 课堂 课文 补习 补课 教学 教材 功课
122,4,0.561372883494678,0.21622558996741548,0.0,下调 上调 调整 调,调整 调 上调 下调,上调 调 调整 下调,下调 上调 调整 调
123,32,0.5153622300676336,-0.024416438484051953,0.46875,旁边 后边 前边 那边 里边 外边 下边 左边 后面 上边 前面 右边,里头 上面 远处 里面 旁 两边 右边 前面,旁边 旁 左边 北边 那儿 上面 那里 上边 那边 右边 东边 西边,旁边 后边 前边 那边 里边 外边 下边 左边 后面 上边 前面 右边 西边 东边 南边 那儿 底下 北边 里面 上面 这边 外面 对面 外头 里头 远处 下面 旁 两边 那里 中间 隔壁
124,1,,0.0,0.0,上述,上述,上述,上述
125,2,0.5338508037714068,0.14359364282898945,0.0,上门 挨家挨户,挨家挨户 上门,上门 挨家挨户,上门 挨家挨户
126,1,,0.0,0.0,上限,上限,上限,上限
127,2,0.7701053657327572,0.5969324995995835,0.0,之下 下,下 之下,下 之下,之下 下
128,1,,0.0,0.0,下乡,下乡,下乡,下乡
129,5,0.5007513763034742,0.10322482275597242,0.4,命令 指令 指示 下令 口令,口令 下令 指示 指令 命令,下令 指令 口令 命令 指示,命令 指令 指示 下令 口令
130,5,0.5187012153876424,0.0628753719290972,0.2,决心 下决心 坚决 发誓 坚定,坚定 发誓 下决心 坚决 决心,坚决 坚定 发誓 下决心 决心,决心 下决心 坚决 发誓 坚定
131,6,0.5176253221419638,0.11468172302001062,0.0,工夫 力气 功夫 心思 精力 下功夫,下功夫 精力 功夫 力气 心思 工夫,功夫 心思 下功夫 力气 工夫 精力,工夫 力气 功夫 心思 精力 下功夫
132,3,0.5285332033619462,0.1870949340700675,0.0,下坠 坠 下落,下落 坠 下坠,下坠 坠 下落,下坠 坠 下落
133,3,0.4660592059758561,0.07475496668357473,0.6666666666666666,所属 下属 所在,所在 下属 所属,下属 所在 所属,所属 下属 所在
134,2,0.655247892540106,0.34801121703494864,0.0,出山 下山,下山 出山,下山 出山,出山 下山
135,4,0.46114171434129564,-0.016615153021756424,0.75,退役 退休 下岗 报废,下岗 报废 退休 退役,下岗 报废 退休 退役,退役 退休 下岗 报废
136,8,0.6113852499578536,0.27147964825152626,0.0,情不自禁 禁不住 不由自主 不由得 不禁 忍不住 下意识 身不由己,下意识 身不由己 不禁 忍不住 情不自禁 不由得 禁不住 不由自主,禁不住 不禁 不由自主 不由得 忍不住 身不由己 情不自禁 下意识,情不自禁 禁不住 不由自主 不由得 不禁 忍不住 下意识 身不由己
137,2,0.5031527815674348,0.1043083602452371,0.0,动手 下手,下手 动手,动手 下手,动手 下手
138,4,0.48290580262303284,0.0028833670991557543,0.5,下棋 猜谜 捉迷藏 比试,猜谜 下棋 比试 捉迷藏,捉迷藏 猜谜 下棋 比试,下棋 猜谜 捉迷藏 比试
139,3,0.5884638961432794,0.2827316116729572,0.0,下次 待会儿 改日,待会儿 改日 下次,改日 待会儿 下次,下次 待会儿 改日
140,1,,0.0,0.0,下海,下海,下海,下海
141,3,0.502045742367768,0.08421191097420555,0.0,旷课 迟到 下课,迟到 下课 旷课,旷课 迟到 下课,旷课 迟到 下课
142,4,0.4918814602599133,0.046026490751701135,0.25,浏览器 下载 浏览 杀毒,杀毒 下载 浏览 浏览器,浏览 浏览器 杀毒 下载,浏览器 下载 浏览 杀毒
143,11,0.5567263815468861,0.09022249658285882,0.36363636363636365,阴天 下雨 晴天 下雪 晴朗 刮风 天气 多云 晴 雨 打雷,雨 晴朗 天气 打雷 晴 晴天 刮风 多云,刮风 打雷 晴 晴天 晴朗 多云 雨 天气 阴天 下雪 下雨,阴天 下雨 晴天 下雪 晴朗 刮风 天气 多云 晴 雨 打雷
144,10,0.5679847445597781,0.1405592591657439,0.2,从来不 从不 从没 从未 不曾 从来 没有 不肯 决不 不,没有 不肯 不 决不 从来 从未 不曾 从没,不 不曾 从未 从来 从没 没有 从不 不肯 从来不 决不,从来不 从不 从没 从未 不曾 从来 没有 不肯 决不 不
145,4,0.5673219266179272,0.15995110753400538,0.0,接着 紧接着 于是 不一会儿,于是 不一会儿 紧接着 接着,于是 不一会儿 紧接着 接着,接着 紧接着 于是 不一会儿
146,1,,0.0,0.0,不为人知,不为人知,不为人知,不为人知
147,10,0.5769057360498696,0.10816225100351655,0.1,之后 后 此后 随后 以后 其后 后来 过后 然后 不久,然后 后来 随后 以后 不久 此后 过后 其后,不久 后 以后 后来 然后 其后 之后 此后 随后 过后,之后 后 此后 随后 以后 其后 后来 过后 然后 不久
148,1,,0.0,0.0,不了了之,不了了之,不了了之,不了了之
149,4,0.5686678262885415,0.1893801072567986,0.0,予以 加以 不予 给予,给予 不予 加以 予以,不予 给予 加以 予以,予以 加以 不予 给予
150,6,0.5155286589868903,0.06334215246156562,0.3333333333333333,媲美 比不上 不相上下 逊色 不亚于 相提并论,不亚于 相提并论 比不上 逊色 不相上下 媲美,媲美 比不上 逊色 相提并论 不亚于 不相上下,媲美 比不上 不相上下 逊色 不亚于 相提并论
151,3,0.5216878336695625,0.1299232948783118,0.0,不亦乐乎 起劲 津津有味,津津有味 起劲 不亦乐乎,起劲 津津有味 不亦乐乎,不亦乐乎 起劲 津津有味
152,10,0.5332168994913249,0.05916174493351996,0.3,不仅 不但 不光 既 不仅仅 反倒 固然 恰恰 也 又,不仅仅 又 恰恰 也 不光 反倒 固然 既,不仅 不但 又 也 不光 既 恰恰 反倒 固然 不仅仅,不仅 不但 不光 既 不仅仅 反倒 固然 恰恰 也 又
153,2,0.5131294544301357,0.04983998104504013,0.5,不以为然 半信半疑,半信半疑 不以为然,半信半疑 不以为然,不以为然 半信半疑
154,3,0.48153210953065684,-0.010515907561005117,0.6666666666666666,麻烦 不便 碍事,碍事 麻烦 不便,不便 碍事 麻烦,麻烦 不便 碍事
155,3,0.5174916538867347,0.10706554556205446,0.0,过意不去 过不去 不值,不值 过意不去 过不去,不值 过意不去 过不去,过意不去 过不去 不值
156,2,0.5332616503265519,0.10686989107094845,0.0,不假思索 脱口而出,脱口而出 不假思索,脱口而出 不假思索,不假思索 脱口而出
157,2,0.5229543969703041,0.10044819986458378,0.0,没完没了 不停,不停 没完没了,不停 没完没了,没完没了 不停
158,5,0.5403058538878677,0.10207600792095842,0.0,不得了 不行 受不了 不像话 要命,不行 受不了 要命 不像话 不得了,不像话 不得了 受不了 不行 要命,不得了 不行 受不了 不像话 要命
159,7,0.5424843522081957,0.05595668385398929,0.14285714285714285,不免 难免 免不了 未免 免得 不可避免 不至于,免得 不可避免 不至于 未免 免不了 不免 难免,不免 免得 不可避免 免不了 未免 难免 不至于,不免 难免 免不了 未免 免得 不可避免 不至于
160,3,0.47218905740392286,0.05822324579965108,0.3333333333333333,再也 根本 不再,根本 不再 再也,不再 再也 根本,再也 根本 不再
161,9,0.5472656056362732,0.16680956739785904,0.0,不许 允许 不准 严禁 禁止 擅自 准许 私自 容许,不许 准许 容许 私自 严禁 擅自 禁止 不准,私自 不准 严禁 容许 允许 不许 擅自 准许 禁止,不许 允许 不准 严禁 禁止 擅自 准许 私自 容许
162,6,0.5598888666153626,0.1589579020313406,0.16666666666666666,有利于 不利于 有助于 有利 不利 便于,便于 不利 有助于 有利 不利于 有利于,不利 有助于 不利于 有利 便于 有利于,有利于 不利于 有助于 有利 不利 便于
163,4,0.5817625325906013,0.19452055479437275,0.0,难以置信 难以想象 不可思议 意想不到,意想不到 不可思议 难以想象 难以置信,难以想象 难以置信 意想不到 不可思议,难以置信 难以想象 不可思议 意想不到
164,5,0.5325785889618917,0.08172766615108368,0.2,独特 不同寻常 与众不同 特殊 特有,不同寻常 特殊 与众不同 特有 独特,不同寻常 独特 与众不同 特殊 特有,独特 不同寻常 与众不同 特殊 特有
165,7,0.5624115961668059,0.17181334711762178,0.2857142857142857,在乎 在意 不在乎 介意 计较 无所谓 理会,理会 无所谓 计较 介意 不在乎 在意 在乎,不在乎 计较 无所谓 理会 在乎 介意 在意,在乎 在意 不在乎 介意 计较 无所谓 理会
166,3,0.5218336917234166,0.06691505048983211,0.3333333333333333,糟糕 糟 不堪,不堪 糟 糟糕,不堪 糟 糟糕,糟糕 糟 不堪
167,4,0.5471179024140501,0.12731392082607598,0.0,不算 够 不够 算,不够 算 不算 够,够 不够 算 不算,不算 够 不够 算
168,1,,0.0,0.0,不大,不大,不大,不大
169,4,0.4693333190138209,-0.012374002524540337,0.5,不好意思 抱歉 冒昧 有意思,有意思 抱歉 冒昧 不好意思,抱歉 有意思 冒昧 不好意思,不好意思 抱歉 冒昧 有意思
170,4,0.4104739659012853,-0.040208498535855675,0.75,不如 不妨 不如说 不能不,不能不 不如说 不妨 不如,不妨 不如 不如说 不能不,不如 不妨 不如说 不能不
171,62,0.5040994907153548,-0.0802045829926362,0.7903225806451613,沮丧 羞愧 气愤 惊讶 难过 伤心 惋惜 诧异 痛心 伤感 悲伤 吃惊,害怕 苦恼 困惑 难堪 烦躁 怨恨 无奈 高兴,怜惜 吃惊 慌乱 沮丧 慌张 绝望 惊奇 不安 伤感 惋惜 激动 惊慌,沮丧 羞愧 气愤 惊讶 难过 伤心 惋惜 诧异 痛心 伤感 悲伤 吃惊 茫然 悲哀 惭愧 苦恼 悔恨 失望 惊诧 惊慌 愤怒 心疼 慌张 欣喜 绝望 痛苦 欣慰 焦急 自责 激动 委屈 不安 疑惑 心酸 焦躁 悲痛 难堪 恐惧 兴奋 生气 难受 怨恨 慌乱 烦躁 失落 害怕 难为情 不解 扫兴 惊奇 困惑 怜惜 忧愁 高兴 无奈 为难 后悔 着急 焦虑 遗憾 震惊 好笑
172,1,,0.0,0.0,不定,不定,不定,不定
173,4,0.58877835226247,0.2007714117473171,0.0,不要 勿 别 不宜,不宜 别 不要 勿,别 勿 不宜 不要,不要 勿 别 不宜
174,1,,0.0,0.0,不容,不容,不容,不容
175,1,,0.0,0.0,不对,不对,不对,不对
176,13,0.5502667111300343,0.011484803943261986,0.3076923076923077,瞧不起 鄙视 看不起 嫉妒 不屑 厌烦 妒忌 反感 讨厌 轻蔑 嫌弃 不服气,不服气 畏惧 反感 嫉妒 厌烦 鄙视 妒忌 轻蔑,嫌弃 鄙视 不屑 讨厌 妒忌 看不起 反感 瞧不起 畏惧 轻蔑 厌烦 不服气,瞧不起 鄙视 看不起 嫉妒 不屑 厌烦 妒忌 反感 讨厌 轻蔑 嫌弃 不服气 畏惧
177,7,0.5337709296445631,0.07598191386791897,0.14285714285714285,目瞪口呆 大吃一惊 哭笑不得 恍然大悟 迷惑不解 喜出望外 不已,迷惑不解 喜出望外 不已 恍然大悟 哭笑不得 目瞪口呆 大吃一惊,迷惑不解 不已 哭笑不得 恍然大悟 喜出望外 大吃一惊 目瞪口呆,目瞪口呆 大吃一惊 哭笑不得 恍然大悟 迷惑不解 喜出望外 不已
178,1,,0.0,0.0,不平,不平,不平,不平
179,7,0.5906459494857327,0.25014920048459965,0.0,只好 只得 不得不 不得已 索性 被迫 干脆,干脆 被迫 索性 不得不 不得已 只好 只得,不得不 不得已 只得 只好 被迫 干脆 索性,只好 只得 不得不 不得已 索性 被迫 干脆
180,2,0.5175530370162278,0.12261103657276835,0.0,未知数 不得而知,不得而知 未知数,不得而知 未知数,未知数 不得而知
181,7,0.5199355332772095,0.04406392817688985,0.2857142857142857,不用 用不着 不必 顾不得 顾不上 无须 不顾,不顾 用不着 不必 顾不上 无须 顾不得 不用,不必 无须 不用 用不着 不顾 顾不上 顾不得,不用 用不着 不必 顾不得 顾不上 无须 不顾
182,5,0.5741609559816971,0.16767094088242168,0.0,挺好 不错 不怎么样 不怎么 好,好 不怎么 不错 不怎么样 挺好,好 不怎么样 不错 不怎么 挺好,挺好 不错 不怎么样 不怎么 好
183,8,0.5380262868649577,0.13471405132618955,0.125,愿意 宁愿 情愿 乐意 宁可 甘心 愿 不惜,甘心 不惜 愿 宁可 愿意 乐意 宁愿 情愿,宁愿 不惜 愿 乐意 愿意 情愿 宁可 甘心,愿意 宁愿 情愿 乐意 宁可 甘心 愿 不惜
184,3,0.6873797716341894,0.417096305893436,0.0,坚持不懈 不懈 持之以恒,持之以恒 不懈 坚持不懈,不懈 持之以恒 坚持不懈,坚持不懈 不懈 持之以恒
185,1,,0.0,0.0,不成,不成,不成,不成
186,4,0.4447303112667045,-0.04653102839460428,0.75,请坐 久仰 不敢当 请问,请问 不敢当 久仰 请坐,请问 请坐 不敢当 久仰,请坐 久仰 不敢当 请问
187,4,0.6663422097786816,0.3649168080780461,0.0,没想到 想不到 料到 不料,不料 想不到 料到 没想到,不料 想不到 料到 没想到,没想到 想不到 料到 不料
188,11,0.5248205230220311,-0.0018467107066853707,0.5454545454545454,逐渐 逐步 渐渐 日益 日趋 慢慢 趋于 逐年 急剧 不断 开始,不断 开始 慢慢 急剧 日益 逐年 日趋 趋于,日益 不断 渐渐 开始 趋于 逐年 逐渐 逐步 慢慢 急剧 日趋,逐渐 逐步 渐渐 日益 日趋 慢慢 趋于 逐年 急剧 不断 开始
189,12,0.5571352473703022,0.09467590913313523,0.16666666666666666,时常 常常 时不时 经常 有时 不时 偶尔 有时候 时时 时而 常 随时,随时 时时 常 经常 有时候 时而 不时 时不时,时常 时时 常 不时 有时候 偶尔 时而 有时 经常 时不时 常常 随时,时常 常常 时不时 经常 有时 不时 偶尔 有时候 时时 时而 常 随时
190,5,0.5583821934395357,0.11630839408134877,0.2,不易 难 容易 难以 不难,难以 不难 容易 难 不易,不易 难 不难 容易 难以,不易 难 容易 难以 不难
191,6,0.527594077549837,0.08998366633563236,0.3333333333333333,低迷 不景气 衰退 萧条 萎缩 低谷,萎缩 低谷 衰退 萧条 不景气 低迷,不景气 萧条 低迷 低谷 衰退 萎缩,低迷 不景气 衰退 萧条 萎缩 低谷
192,1,,0.0,0.0,不服,不服,不服,不服
193,1,,0.0,0.0,不止,不止,不止,不止
194,4,0.5457999704010341,0.1131625274283547,0.25,作风 不正之风 风气 官僚主义,风气 官僚主义 不正之风 作风,官僚主义 风气 不正之风 作风,作风 不正之风 风气 官僚主义
195,5,0.5118441295416252,0.03469868039599531,0.2,怨气 怨言 抱怨 怨 不满,不满 怨 怨气 抱怨 怨言,抱怨 不满 怨 怨言 怨气,怨气 怨言 抱怨 怨 不满
196,20,0.5122024473489433,0.019442350105628663,0.4,要不 要不然 不然 说不定 就算 也许 没准儿 恐怕 难道 反正 哪怕 要是,好歹 要是 别说 顶多 可能 哪怕 就算 那,顶多 不然 否则 哪怕 要不然 就算 好歹 反正 那 要是 没准儿 要不,要不 要不然 不然 说不定 就算 也许 没准儿 恐怕 难道 反正 哪怕 要是 别说 或许 要么 顶多 那 好歹 否则 可能
197,7,0.5492985357498752,0.16499536916672355,0.14285714285714285,难说 说不上 好说 很难说 不用说 谈不上 再说,再说 谈不上 不用说 很难说 好说 说不上 难说,谈不上 再说 很难说 不用说 说不上 难说 好说,难说 说不上 好说 很难说 不用说 谈不上 再说
198,4,0.6933260998557832,0.388557672624669,0.0,不论 不管 无论 不知,不知 无论 不管 不论,无论 不知 不管 不论,不论 不管 无论 不知
199,4,0.5157460936698504,0.08001290588987697,0.25,不知不觉 潜移默化 无形中 不经意,无形中 潜移默化 不经意 不知不觉,不经意 不知不觉 潜移默化 无形中,不知不觉 潜移默化 无形中 不经意
200,4,0.5678182186725906,0.12920856164900185,0.25,纷纷 争先恐后 竞相 不约而同,不约而同 纷纷 争先恐后 竞相,争先恐后 竞相 不约而同 纷纷,纷纷 争先恐后 竞相 不约而同
201,1,,0.0,0.0,不翼而飞,不翼而飞,不翼而飞,不翼而飞
202,2,0.5984630141841514,0.28344290926982046,0.0,不耻下问 虚心,虚心 不耻下问,虚心 不耻下问,不耻下问 虚心
203,1,,0.0,0.0,不良,不良,不良,不良
204,3,0.5780339043042838,0.20078599234152686,0.0,要紧 不要紧 无关紧要,无关紧要 要紧 不要紧,不要紧 要紧 无关紧要,要紧 不要紧 无关紧要
205,2,0.5399522535255168,0.12408359395519908,0.0,不见 消失,消失 不见,不见 消失,不见 消失
206,2,0.5064530674148047,0.08295138981905169,0.0,默默无闻 不起眼,不起眼 默默无闻,不起眼 默默无闻,默默无闻 不起眼
207,7,0.5746405760321883,0.20405036318390193,0.14285714285714285,缺乏 缺少 欠缺 缺失 缺 不足 薄弱,薄弱 缺 缺失 不足 欠缺 缺少 缺乏,缺 欠缺 不足 薄弱 缺乏 缺少 缺失,缺乏 缺少 欠缺 缺失 缺 不足 薄弱
208,1,,0.0,0.0,不辞而别,不辞而别,不辞而别,不辞而别
209,24,0.5361790296907383,0.02577664289640128,0.375,但是 但 毕竟 虽然 然而 可是 不过 况且 何况 虽说 而且 好在,说实话 幸好 因为 而且 纵然 好在 虽说 只不过,纵然 幸好 但 说实话 虽说 而且 可是 可惜 然而 但愿 但是 只不过,但是 但 毕竟 虽然 然而 可是 不过 况且 何况 虽说 而且 好在 其实 幸好 当然 可惜 只不过 尽管 纵然 因为 所以 实际上 说实话 但愿
210,8,0.5674967932058375,0.1684166598630101,0.125,疲倦 疲惫 疲惫不堪 劳累 精疲力竭 疲劳 无精打采 不适,不适 无精打采 劳累 精疲力竭 疲劳 疲倦 疲惫不堪 疲惫,疲劳 疲倦 劳累 精疲力竭 不适 疲惫不堪 无精打采 疲惫,疲倦 疲惫 疲惫不堪 劳累 精疲力竭 疲劳 无精打采 不适
211,1,,0.0,0.0,不通,不通,不通,不通
212,4,0.5701872469688483,0.24361040115059238,0.0,与 跟 同 与其,与其 同 跟 与,同 与 跟 与其,与 跟 同 与其
213,2,0.5017671955377268,0.043927988457402346,0.0,与否 取决于,与否 取决于,与否 取决于,与否 取决于
214,2,0.5764436601070431,0.20527684274295707,0.0,与日俱增 增多,增多 与日俱增,增多 与日俱增,与日俱增 增多
215,2,0.5000987961316063,0.03699395923245277,0.0,实事求是 与时俱进,与时俱进 实事求是,实事求是 与时俱进,实事求是 与时俱进
216,5,0.5507558560905557,0.12540812443535573,0.0,好看 难看 丑 漂亮 帅,帅 丑 漂亮 难看 好看,帅 漂亮 丑 好看 难看,好看 难看 丑 漂亮 帅
217,24,0.5299123452449301,-0.02441490175205731,0.5416666666666666,凶残 狡猾 凶恶 奸诈 卑鄙 残忍 愚蠢 冷酷 可恶 邪恶 丑陋 丑恶,蠢 傲慢 罪恶 自私 高傲 凶狠 无情无义 冷漠,粗鲁 虚伪 卑鄙 贪婪 丑恶 冷酷无情 可恶 狡猾 冷酷 丑陋 奸诈 冷漠,凶残 狡猾 凶恶 奸诈 卑鄙 残忍 愚蠢 冷酷 可恶 邪恶 丑陋 丑恶 虚伪 自私 粗鲁 贪婪 凶狠 冷漠 冷酷无情 傲慢 无情无义 高傲 蠢 罪恶
218,3,0.5796213691550997,0.2451738779168514,0.0,风波 丑闻 事件,事件 风波 丑闻,事件 丑闻 风波,风波 丑闻 事件
219,1,,0.0,0.0,专业,专业,专业,专业
220,1,,0.0,0.0,专人,专人,专人,专人
221,2,0.6231563364566044,0.3432385920067068,0.0,商标 专利,商标 专利,专利 商标,商标 专利
222,8,0.5072440968184929,0.04969598165536568,0.25,剥削 压迫 掠夺 统治 帝国主义 侵略 专制 剥夺,剥夺 专制 侵略 帝国主义 统治 掠夺 压迫 剥削,专制 掠夺 帝国主义 压迫 剥夺 剥削 侵略 统治,剥削 压迫 掠夺 统治 帝国主义 侵略 专制 剥夺
223,13,0.5277826364612457,0.0715363541858559,0.38461538461538464,超市 连锁店 商场 专卖店 商店 店 药店 书店 便利店 百货 连锁 专柜,专柜 药店 超市 商场 商城 书店 便利店 商店,店 超市 商城 商场 商店 连锁店 专卖店 连锁 便利店 药店 百货 书店,超市 连锁店 商场 专卖店 商店 店 药店 书店 便利店 百货 连锁 专柜 商城
224,5,0.5558890742714171,0.09098832804464363,0.2,学者 科学家 教授 院士 专家,教授 科学家 专家 学者 院士,专家 科学家 院士 教授 学者,学者 科学家 教授 院士 专家
225,4,0.5447363593901714,0.13783387936052488,0.25,专栏 栏目 专题 访谈,访谈 专题 栏目 专栏,专题 栏目 访谈 专栏,专栏 栏目 专题 访谈
226,6,0.5089058944749637,0.05234402512390391,0.5,侧重 着重 注重 着眼于 专注 重点,着眼于 专注 重点 注重 着重 侧重,着眼于 注重 重点 侧重 着重 专注,侧重 着重 注重 着眼于 专注 重点
227,1,,0.0,0.0,专用,专用,专用,专用
228,17,0.5357023573495501,0.10261967785286503,0.29411764705882354,赶往 赶赴 前往 奔赴 抵达 赶到 来到 起程 飞往 到达 动身 赴,专程 返回 离开 直奔 前来 到达 飞往 动身,飞往 返回 离开 赶到 赶往 赴 前来 赶赴 抵达 到达 前往 奔赴,赶往 赶赴 前往 奔赴 抵达 赶到 来到 起程 飞往 到达 动身 赴 返回 离开 直奔 专程 前来
229,2,0.6082283959496873,0.24462572105546737,0.0,专职 兼职,专职 兼职,专职 兼职,专职 兼职
230,8,0.5157659483192816,0.03109385372976302,0.5,著作 专著 名著 论文 散文 传记 作品 文献,散文 文献 传记 作品 论文 名著 专著 著作,名著 论文 著作 专著 文献 作品 散文 传记,著作 专著 名著 论文 散文 传记 作品 文献
231,4,0.5554622512305242,0.16998555672779664,0.25,专辑 唱片 演唱会 摇滚,摇滚 演唱会 唱片 专辑,唱片 专辑 演唱会 摇滚,专辑 唱片 演唱会 摇滚
232,4,0.6042878402028858,0.20248878755498864,0.5,特意 特地 专门 亲自,亲自 专门 特意 特地,专门 亲自 特地 特意,特意 特地 专门 亲自
233,10,0.5625876950744406,0.1670596603765689,0.0,从而 进而 并且 因而 反而 而是 而 继而 并 且,反而 且 而是 因而 继而 从而 而 进而,并且 并 且 而是 而 从而 反而 因而 进而 继而,从而 进而 并且 因而 反而 而是 而 继而 并 且
234,20,0.49906299005881166,0.0008925108602689732,0.55,乖巧 调皮 可爱 顽皮 聪明 懂事 乖 温柔 天真 善良 听话 俊俏,聪明 娇惯 俊俏 善良 温柔 开朗 慈祥 英俊,俊俏 乖 懂事 开朗 顽皮 叛逆 可爱 温柔 讨人喜欢 世故 善良 淘气,乖巧 调皮 可爱 顽皮 聪明 懂事 乖 温柔 天真 善良 听话 俊俏 淘气 讨人喜欢 开朗 英俊 娇惯 慈祥 世故 叛逆
235,6,0.5306762092625377,0.13049030076822665,0.0,全球 世界 全世界 国内 全国 国际,国际 国内 全国 全球 世界 全世界,全国 国内 全球 世界 全世界 国际,全球 世界 全世界 国内 全国 国际
236,14,0.5242042823036485,0.038845711498243854,0.2857142857142857,决赛 比赛 预赛 半决赛 赛 联赛 世界杯 大奖赛 单打 大赛 赛场 参赛,世界杯 大赛 联赛 赛场 赛 参赛 双打 选手,参赛 选手 决赛 赛场 联赛 双打 赛 世界杯 大赛 大奖赛 单打 预赛,决赛 比赛 预赛 半决赛 赛 联赛 世界杯 大奖赛 单打 大赛 赛场 参赛 选手 双打
237,2,0.5191652771186921,0.14465753083274713,0.0,世纪 年代,年代 世纪,年代 世纪,世纪 年代
238,6,0.5223171973233248,0.04905440848020101,0.5,官僚 封建 贵族 官吏 世袭 阶级,官吏 阶级 贵族 世袭 封建 官僚,官僚 官吏 贵族 阶级 封建 世袭,官僚 封建 贵族 官吏 世袭 阶级
239,14,0.5451047939226601,0.09048992202408147,0.07142857142857142,山岭 山峰 山坡 山谷 山顶 高山 峡谷 雪山 山 丘陵 悬崖 山冈,山路 山谷 丘陵 海拔 山冈 峡谷 悬崖 雪山,丘陵 山 山谷 山路 海拔 山顶 雪山 峡谷 悬崖 高山 山冈 山坡,山岭 山峰 山坡 山谷 山顶 高山 峡谷 雪山 山 丘陵 悬崖 山冈 山路 海拔
240,3,0.7105063583108052,0.5525076112646299,0.0,乙 甲 丙,丙 甲 乙,乙 丙 甲,乙 甲 丙
241,1,,0.0,0.0,业,业,业,业
242,3,0.47164580542471213,0.03717169736299197,0.3333333333333333,职业 职业病 业余,业余 职业病 职业,职业病 业余 职业,职业 职业病 业余
243,6,0.47098125904746235,-0.05928853569644895,0.8333333333333334,行业 产业 企业 业务 板块 工业,行业 企业 板块 业务 工业 产业,板块 行业 企业 业务 产业 工业,行业 产业 企业 业务 板块 工业
244,6,0.5304856959971118,0.08913988590719361,0.16666666666666666,利润 盈利 业绩 收益 收入 效益,效益 利润 收益 收入 业绩 盈利,收益 效益 收入 盈利 利润 业绩,利润 盈利 业绩 收益 收入 效益
245,1,,0.0,0.0,丛林,丛林,丛林,丛林
246,13,0.5837415095428284,0.16367960468924547,0.15384615384615385,北部 南部 东南 西南 西北 东部 西 北 南 西部 中部 东,南 东北 北 东南 东 西 中部 南部,东北 东南 北 南 东 北部 东部 西部 西 南部 中部 西北,北部 南部 东南 西南 西北 东部 西 北 南 西部 中部 东 东北
247,2,0.5078587691896175,0.0891613813694154,0.0,东奔西走 四处,四处 东奔西走,四处 东奔西走,东奔西走 四处
248,2,0.6369277900879349,0.344881097379121,0.0,东张西望 左顾右盼,左顾右盼 东张西望,左顾右盼 东张西望,东张西望 左顾右盼
249,1,,0.0,0.0,东方,东方,东方,东方
250,1,,0.0,0.0,东西,东西,东西,东西
251,1,,0.0,0.0,东道主,东道主,东道主,东道主
252,2,0.5784634017400875,0.21271071687710505,0.0,缕 丝,缕 丝,丝 缕,缕 丝
253,4,0.5394109700778977,0.0938775715261849,0.5,毫无 丝毫 毫不 无,丝毫 无 毫不 毫无,无 丝毫 毫无 毫不,毫无 丝毫 毫不 无
254,4,0.533850594952113,0.13095403747813297,0.25,纺织 化纤 丝绸 纤维,纤维 丝绸 化纤 纺织,纺织 丝绸 化纤 纤维,纺织 化纤 丝绸 纤维
255,5,0.5103577567155027,0.08282856882992727,0.2,拿 拿走 掏 拿出 丢,丢 掏 拿出 拿走 拿,拿出 丢 拿 掏 拿走,拿 拿走 掏 拿出 丢
256,5,0.5614605972769932,0.1649244091006891,0.0,丢脸 丢人 耻辱 尴尬 狼狈,狼狈 耻辱 尴尬 丢人 丢脸,狼狈 丢人 耻辱 丢脸 尴尬,丢脸 丢人 耻辱 尴尬 狼狈
257,6,0.5107130081015235,0.08833953253382275,0.3333333333333333,丢掉 失去 丧失 放弃 丢失 放下,放下 丢失 丢掉 放弃 失去 丧失,丢失 丢掉 放弃 放下 失去 丧失,丢掉 失去 丧失 放弃 丢失 放下
258,4,0.6011820076799353,0.21333598282758756,0.0,遗弃 丢弃 抛弃 遗忘,抛弃 遗忘 丢弃 遗弃,丢弃 抛弃 遗忘 遗弃,遗弃 丢弃 抛弃 遗忘
259,1,,0.0,0.0,两岸,两岸,两岸,两岸
260,3,0.486151030742726,0.03457437199096542,0.3333333333333333,坦克 重型 两栖,重型 两栖 坦克,重型 坦克 两栖,坦克 重型 两栖
261,4,0.4773773658635782,0.00993282004962534,0.5,把关 严 严格 关,关 严格 严 把关,关 严 严格 把关,把关 严 严格 关
262,7,0.5554984880891426,0.13289246914258762,0.14285714285714285,惩处 惩罚 处罚 处分 严厉 追究 制裁,严厉 处罚 追究 处分 制裁 惩罚 惩处,制裁 追究 严厉 惩处 惩罚 处分 处罚,惩处 惩罚 处罚 处分 严厉 追究 制裁
263,8,0.5051267369185102,0.004608799034906665,0.5,细致 周密 严密 严谨 详尽 精细 周到 完备,完备 详尽 精细 严谨 周到 严密 细致 周密,详尽 周密 周到 严密 细致 完备 精细 严谨,细致 周密 严密 严谨 详尽 精细 周到 完备
264,4,0.5112517490798764,0.01274116571296314,0.5,严峻 严重 恶劣 恶化,恶化 严峻 严重 恶劣,严峻 恶化 恶劣 严重,严峻 严重 恶劣 恶化
265,1,,0.0,0.0,严肃,严肃,严肃,严肃
266,7,0.5964564783708232,0.22252287369980459,0.0,丧生 受伤 遇难 死亡 重伤 失踪 伤亡,死亡 遇难 丧生 重伤 伤亡 受伤 失踪,伤亡 失踪 死亡 受伤 遇难 丧生 重伤,丧生 受伤 遇难 死亡 重伤 失踪 伤亡
267,4,0.506749249997782,0.1054202100354461,0.25,个儿 个头儿 个子 个,个 个头儿 个儿 个子,个 个头儿 个儿 个子,个儿 个头儿 个子 个
268,3,0.43606955012494036,0.049675578021254045,0.6666666666666666,个人 本人 个体,个体 本人 个人,本人 个体 个人,个人 本人 个体
269,7,0.524261958428942,0.11576390519207466,0.2857142857142857,天性 性格 性情 本性 个性 为人 本能,本能 为人 本性 个性 性格 性情 天性,本性 天性 为人 个性 性格 性情 本能,天性 性格 性情 本性 个性 为人 本能
270,1,,0.0,0.0,个案,个案,个案,个案
271,4,0.6519694532625869,0.36753831433903467,0.0,中 当中 之中 里,里 之中 中 当中,中 当中 里 之中,中 当中 之中 里
272,1,,0.0,0.0,中介,中介,中介,中介
273,10,0.5613669013887856,0.13573812663638984,0.2,内科 儿科 中医 外科 针灸 西医 医学 临床 口腔 疗效,疗效 口腔 医学 针灸 外科 临床 儿科 中医,临床 疗效 口腔 中医 外科 内科 医学 西医 针灸 儿科,内科 儿科 中医 外科 针灸 西医 医学 临床 口腔 疗效
274,3,0.5246338338800064,0.15540676033331352,0.0,中华民族 民族 中华,中华 民族 中华民族,中华 民族 中华民族,中华民族 民族 中华
275,1,,0.0,0.0,中国,中国,中国,中国
276,17,0.546707596520286,0.12381255535338982,0.23529411764705882,绘画 国画 油画 中国画 素描 画 雕塑 画家 壁画 美术 书法 画展,图画 艺术 画展 肖像 书法 画 画儿 画家,雕塑 肖像 图画 画 艺术 画展 画家 画儿 年画 油画 美术 素描,绘画 国画 油画 中国画 素描 画 雕塑 画家 壁画 美术 书法 画展 年画 图画 艺术 肖像 画儿
277,6,0.5654588566632185,0.13558978912173023,0.16666666666666666,小型 中型 大型 微型 巨型 轻型,轻型 微型 巨型 大型 中型 小型,微型 中型 大型 小型 巨型 轻型,小型 中型 大型 微型 巨型 轻型
278,4,0.5115908288003378,0.11981369957183888,0.0,中外 海内外 内外 古今中外,内外 古今中外 海内外 中外,中外 海内外 古今中外 内外,中外 海内外 内外 古今中外
279,1,,0.0,0.0,中央,中央,中央,中央
280,4,0.5503551348198807,0.1440887637358599,0.25,中奖 抽奖 奖品 彩票,彩票 奖品 抽奖 中奖,抽奖 彩票 中奖 奖品,中奖 抽奖 奖品 彩票
281,10,0.5729456063974055,0.16020853207444247,0.1,学生 大学生 中学生 小学生 师生 学子 毕业生 留学生 学员 教师,教师 留学生 小学生 中学生 毕业生 学员 学子 大学生,留学生 大学生 小学生 师生 学生 学子 学员 中学生 教师 毕业生,学生 大学生 中学生 小学生 师生 学子 毕业生 留学生 学员 教师
282,7,0.5545849200495415,0.19712877892236916,0.0,年纪 年龄 岁数 年轻 岁 中年 年迈,年迈 中年 岁 年龄 年轻 岁数 年纪,年迈 年轻 岁 岁数 年纪 中年 年龄,年纪 年龄 岁数 年轻 岁 中年 年迈
283,1,,0.0,0.0,中庸,中庸,中庸,中庸
284,1,,0.0,0.0,中心,中心,中心,中心
285,1,,0.0,0.0,中性,中性,中性,中性
286,16,0.5673081662140024,0.11509867294699369,0.1875,汉语 英语 俄语 法语 日语 外语 口语 西班牙语 英文 普通话 语言 语法,翻译 英文 中文 语法 方言 语言 外语 口语,俄语 语言 语法 口语 中文 法语 西班牙语 英语 英文 方言 汉语 外语,汉语 英语 俄语 法语 日语 外语 口语 西班牙语 英文 普通话 语言 语法 中文 阿拉伯语 方言 翻译
287,4,0.45397383141523856,-0.04777213642696283,1.0,中断 断 切断 停顿,停顿 断 切断 中断,断 中断 切断 停顿,中断 断 切断 停顿
288,2,0.5371127472294037,0.14911634660051978,0.0,中期 短期,中期 短期,中期 短期,中期 短期
289,4,0.6310654727483823,0.3622920859159422,0.0,中止 停止 终止 暂停,暂停 停止 中止 终止,暂停 终止 停止 中止,中止 停止 终止 暂停
290,4,0.5371443768303691,0.12952518625748566,0.0,昏迷 休克 中毒 窒息,中毒 昏迷 窒息 休克,中毒 窒息 休克 昏迷,昏迷 休克 中毒 窒息
291,25,0.5433400792735137,0.02349519003469678,0.32,春节 中秋节 假期 清明节 元旦 元宵节 端午节 圣诞节 除夕 长假 节日 国庆,清明节 腊月 农历 周末 暑期 过年 假日 节假日,清明节 周末 中秋节 新年 元宵节 暑假 暑期 国庆 元旦 放假 寒假 腊月,春节 中秋节 假期 清明节 元旦 元宵节 端午节 圣诞节 除夕 长假 节日 国庆 佳节 过年 节假日 暑假 新年 放假 过节 寒假 假日 周末 农历 暑期 腊月
292,1,,0.0,0.0,中立,中立,中立,中立
293,3,0.5052591420896332,0.1476035921865294,0.0,高等 初等 中等,中等 初等 高等,中等 初等 高等,高等 初等 中等
294,3,0.5943723085523375,0.2582361797410253,0.0,中级 初级 高级,高级 初级 中级,中级 初级 高级,中级 初级 高级
295,10,0.490420449655694,0.0007308732802433382,0.6,药物 抗生素 药 疫苗 药品 中药 激素 免疫 注射 处方,处方 注射 药品 激素 免疫 中药 疫苗 抗生素,激素 免疫 药物 药品 药 处方 中药 疫苗 注射 抗生素,药物 抗生素 药 疫苗 药品 中药 激素 免疫 注射 处方
296,2,0.5358311654529366,0.2034463223838343,0.0,半路 中途,中途 半路,半路 中途,半路 中途
297,40,0.5213796022249997,0.01946096371116167,0.4,米饭 烤肉 卤味 饺子 火锅 海鲜 包子 好吃 豆腐 饼 小吃 香肠,汤圆 中餐 饼 吃 肉 饭 西餐 佐料,烧烤 汤圆 烤鸭 烤肉 吃 粥 烤 包子 涮 火腿 馒头 火锅,米饭 烤肉 卤味 饺子 火锅 海鲜 包子 好吃 豆腐 饼 小吃 香肠 美味 馅儿 薯条 烤鸭 寿司 菜 面条儿 烤 点心 芝士 汤圆 酱 饭 粥 肉 烧烤 吃 涮 酥 西餐 佐料 馒头 麻辣 中餐 美食 火腿 烹调 料理
298,6,0.5586330789174194,0.10370781272473518,0.3333333333333333,深厚 底蕴 积淀 雄厚 悠久 丰厚,雄厚 积淀 丰厚 底蕴 悠久 深厚,积淀 丰厚 深厚 底蕴 雄厚 悠久,深厚 底蕴 积淀 雄厚 悠久 丰厚
299,3,0.5274146240987504,0.11144949741204442,0.0,丰富 丰富多彩 充实,充实 丰富多彩 丰富,丰富 充实 丰富多彩,丰富 丰富多彩 充实
300,2,0.5586413748237447,0.180280448182354,0.0,收获 丰收,丰收 收获,丰收 收获,收获 丰收
301,12,0.5181847259140772,0.09078688752490006,0.08333333333333333,健壮 壮实 强壮 结实 苗条 修长 身材 矮小 高大 丰满 健美 壮,健美 身材 结实 苗条 壮 修长 丰满 高大,身材 壮 健美 健壮 苗条 强壮 矮小 丰满 修长 壮实 结实 高大,健壮 壮实 强壮 结实 苗条 修长 身材 矮小 高大 丰满 健美 壮
302,1,,0.0,0.0,丰盛,丰盛,丰盛,丰盛
303,3,0.5867097084587718,0.20456106591814935,0.0,硕果 丰硕 果实,果实 丰硕 硕果,果实 丰硕 硕果,硕果 丰硕 果实
304,1,,0.0,0.0,串,串,串,串
305,2,0.5532613156937709,0.16464198680265849,0.0,拜年 串门,串门 拜年,串门 拜年,拜年 串门
306,1,,0.0,0.0,临,临,临,临
307,1,,0.0,0.0,临时,临时,临时,临时
308,5,0.5177973279910273,0.027702466380792674,0.4,居民楼 临街 住户 小区 建筑物,住户 建筑物 临街 小区 居民楼,小区 建筑物 居民楼 住户 临街,居民楼 临街 住户 小区 建筑物
309,4,0.4904060050121168,0.031598194602008356,0.25,结束 尾声 终结 临近,临近 终结 结束 尾声,尾声 结束 临近 终结,结束 尾声 终结 临近
310,2,0.5214640515791664,0.1476371029145948,0.0,丸 胶囊,丸 胶囊,丸 胶囊,丸 胶囊
311,2,0.5061291410404496,0.1085613992766592,0.0,以 为,为 以,以 为,以 为
312,3,0.4614178894390557,-0.030961947498685836,0.6666666666666666,主导 牵头 为主,为主 牵头 主导,牵头 为主 主导,主导 牵头 为主
313,1,,0.0,0.0,为了,为了,为了,为了
314,5,0.5402739471381695,0.07960640283521532,0.4,为什么 为何 偏偏 之所以 何苦,何苦 偏偏 之所以 为什么 为何,偏偏 为什么 之所以 何苦 为何,为什么 为何 偏偏 之所以 何苦
315,3,0.49810043254651354,0.07810219618724205,0.0,长达 整整 为期,整整 为期 长达,长达 整整 为期,长达 整整 为期
316,4,0.6156257264410795,0.24438457392743979,0.25,迄今 迄今为止 至今 为止,为止 至今 迄今为止 迄今,迄今 迄今为止 为止 至今,迄今 迄今为止 至今 为止
317,2,0.5228122290691886,0.10294914078664558,0.0,据此 为此,据此 为此,据此 为此,据此 为此
318,1,,0.0,0.0,主,主,主,主
319,1,,0.0,0.0,主义,主义,主义,主义
320,2,0.5329526033914818,0.15280955461124618,0.0,主人 恩人,恩人 主人,主人 恩人,主人 恩人
321,6,0.4679133060137905,0.05707163185350158,0.16666666666666666,角色 主角 扮演 主人公 人物 充当,充当 人物 主人公 主角 扮演 角色,扮演 角色 人物 主人公 充当 主角,角色 主角 扮演 主人公 人物 充当
322,14,0.5099953968141582,0.06404298547440097,0.2857142857142857,局长 处长 主任 院长 部长 书记 校长 所长 秘书长 组长 司长 市长,校长 委员 秘书长 所长 厂长 组长 处长 院长,秘书长 院长 处长 司长 市长 局长 书记 厂长 部长 校长 委员 所长,局长 处长 主任 院长 部长 书记 校长 所长 秘书长 组长 司长 市长 委员 厂长
323,3,0.4275384762241929,-0.049248509242392456,0.6666666666666666,载体 主体 突破口,突破口 主体 载体,突破口 载体 主体,载体 主体 突破口
324,2,0.5057524950672111,0.16718786783939046,0.0,合约 主力,主力 合约,合约 主力,合约 主力
325,8,0.5552091640694817,0.14822949853388998,0.25,举办 开办 创办 承办 主办 筹办 办 开设,开设 办 筹办 创办 开办 举办 主办 承办,开设 办 开办 举办 创办 承办 主办 筹办,举办 开办 创办 承办 主办 筹办 办 开设
326,2,0.6213043533666234,0.3670790638345097,0.0,主动 被动,被动 主动,被动 主动,主动 被动
327,4,0.5327058736497339,0.08394300025332936,0.5,新娘 新郎 婚礼 主妇,主妇 婚礼 新娘 新郎,婚礼 新娘 新郎 主妇,新娘 新郎 婚礼 主妇
328,2,0.6305367241659637,0.33770446951015537,0.0,主宰 支配,支配 主宰,支配 主宰,主宰 支配
329,6,0.476873474423991,0.07432922196978166,0.16666666666666666,理事 会长 协会 学会 会员 主席,主席 会员 协会 会长 学会 理事,会长 理事 协会 学会 会员 主席,理事 会长 协会 学会 会员 主席
330,6,0.5145398934409394,0.03032144867433331,0.5,提倡 倡导 崇尚 宣扬 主张 讲究,宣扬 主张 讲究 倡导 崇尚 提倡,崇尚 宣扬 提倡 倡导 讲究 主张,提倡 倡导 崇尚 宣扬 主张 讲究
331,2,0.5925831782576003,0.26990805529117623,0.0,计策 主意,计策 主意,计策 主意,计策 主意
332,2,0.6040566493401748,0.2438216393769767,0.0,主持 主持人,主持人 主持,主持人 主持,主持 主持人
333,2,0.6402097980966253,0.35720173073887623,0.0,主权 领土,领土 主权,领土 主权,主权 领土
334,1,,0.0,0.0,主流,主流,主流,主流
335,24,0.5172435393281066,0.023977633350603527,0.4583333333333333,电视剧 电影 导演 影片 剧 剧本 编剧 喜剧 主演 话剧 动画片 片子,动画 短片 配音 小说 话剧 剧情 纪录片 戏,电视剧 剧 电影 戏 演 连续剧 小说 剧情 剧本 编剧 剧组 导演,电视剧 电影 导演 影片 剧 剧本 编剧 喜剧 主演 话剧 动画片 片子 演员 纪录片 出演 剧情 戏 连续剧 短片 动画 小说 配音 演 剧组
336,3,0.5257957153321847,0.09502675408661415,0.0,主管 掌管 负责,负责 掌管 主管,掌管 主管 负责,主管 掌管 负责
337,2,0.5070142086760917,0.027593840289535446,0.0,编辑 主编,编辑 主编,主编 编辑,编辑 主编
338,7,0.49546055180473897,0.07243534134740458,0.14285714285714285,首要 重要 关键 至关重要 重中之重 当务之急 主要,主要 重中之重 关键 当务之急 至关重要 重要 首要,重中之重 至关重要 关键 当务之急 主要 首要 重要,首要 重要 关键 至关重要 重中之重 当务之急 主要
339,3,0.5573219478855164,0.1966478901028429,0.0,客观 主观 直观,直观 主观 客观,客观 直观 主观,客观 主观 直观
340,4,0.5507369553530954,0.15185403014435847,0.0,网页 网站 网址 主页,网站 网页 网址 主页,网址 网站 网页 主页,网页 网站 网址 主页
341,2,0.5080209395608729,0.12780808565190518,0.0,主题歌 主题,主题 主题歌,主题 主题歌,主题歌 主题
342,6,0.5612773475496078,0.15450549635328603,0.0,膳食 饮食 食物 主食 素食 营养,营养 主食 素食 食物 膳食 饮食,营养 食物 饮食 素食 主食 膳食,膳食 饮食 食物 主食 素食 营养
343,3,0.5467971217635088,0.16109956743797024,0.0,列举 举例 举,举 举例 列举,举 举例 列举,列举 举例 举
344,1,,0.0,0.0,举一反三,举一反三,举一反三,举一反三
345,2,0.5682351815990496,0.17406984537465747,0.0,举世无双 独一无二,独一无二 举世无双,独一无二 举世无双,举世无双 独一无二
346,2,0.658106847643442,0.34887215267329985,0.0,举世瞩目 瞩目,瞩目 举世瞩目,举世瞩目 瞩目,举世瞩目 瞩目
347,9,0.5777667212382476,0.21636956117647219,0.2222222222222222,有名 著名 闻名 驰名 出名 远近闻名 大名鼎鼎 举世闻名 知名,知名 举世闻名 远近闻名 大名鼎鼎 著名 驰名 出名 有名,知名 著名 举世闻名 有名 出名 远近闻名 闻名 驰名 大名鼎鼎,有名 著名 闻名 驰名 出名 远近闻名 大名鼎鼎 举世闻名 知名
348,1,,0.0,0.0,举手,举手,举手,举手
349,4,0.4943176098956637,0.08958142054342982,0.25,投诉 控告 举报 告,告 控告 举报 投诉,投诉 告 举报 控告,投诉 控告 举报 告
350,4,0.5051391470177308,0.09064076498471704,0.5,措施 举措 对策 方案,方案 对策 举措 措施,对策 举措 措施 方案,措施 举措 对策 方案
351,10,0.5156057418253986,-0.03139743467127128,0.6,闭幕 会议 大会 开幕 召开 举行 峰会 盛会 出席 开会,开会 召开 举行 出席 峰会 盛会 开幕 闭幕,开会 举行 开幕 会议 盛会 大会 闭幕 召开 出席 峰会,闭幕 会议 大会 开幕 召开 举行 峰会 盛会 出席 开会
352,23,0.5465344944204651,0.07382556360047898,0.34782608695652173,乒乓球 田径 体操 排球 网球 羽毛球 举重 篮球 摔跤 滑冰 棒球 游泳,武术 运动会 跳高 射击 游泳 跳伞 足球 滑雪,网球 举重 武术 滑冰 游泳 羽毛球 乒乓球 跳高 跳远 射击 高尔夫球 滑雪,乒乓球 田径 体操 排球 网球 羽毛球 举重 篮球 摔跤 滑冰 棒球 游泳 台球 跳高 跳远 滑雪 足球 运动员 武术 高尔夫球 射击 运动会 跳伞
353,5,0.5002373847913207,0.04811556372761722,0.6,皆 亦 乃 故 无不,乃 故 无不 亦 皆,亦 乃 皆 故 无不,皆 亦 乃 故 无不
354,6,0.5645243238315186,0.19910678493322886,0.16666666666666666,甚至 或者 甚至于 或是 或 乃至,甚至于 甚至 乃至 或是 或 或者,或 乃至 甚至 或者 甚至于 或是,甚至 或者 甚至于 或是 或 乃至
355,1,,0.0,0.0,久,久,久,久
356,1,,0.0,0.0,久违,久违,久违,久违
357,5,0.502247538101541,0.08694729172399115,0.2,职责 职能 履行 义务 分工,分工 履行 义务 职能 职责,履行 义务 职责 职能 分工,职责 职能 履行 义务 分工
358,11,0.5605529164426033,0.08466381363726126,0.2727272727272727,捐助 捐赠 捐款 募捐 慈善 捐献 捐 公益 爱心 义工 赞助,义工 公益 爱心 捐献 赞助 募捐 慈善 捐,赞助 捐 捐助 捐款 捐献 义工 捐赠 慈善 公益 募捐 爱心,捐助 捐赠 捐款 募捐 慈善 捐献 捐 公益 爱心 义工 赞助
359,1,,0.0,0.0,之,之,之,之
360,1,,0.0,0.0,之一,之一,之一,之一
361,3,0.6392222718884307,0.35153107386772103,0.0,之内 以内 内,以内 内 之内,内 以内 之内,之内 以内 内
362,4,0.55065186142879,0.19232787033321036,0.0,前 之前 前夕 前后,之前 前后 前夕 前,前 前后 前夕 之前,前 之前 前夕 前后
363,5,0.6123796862338924,0.2553030845272785,0.0,之外 以外 外 除 除了,除 除了 以外 外 之外,外 以外 除 之外 除了,之外 以外 外 除 除了
364,4,0.4723544102218474,0.053416908646098264,0.5,之类 诸如此类 等 也好,也好 等 诸如此类 之类,等 诸如此类 也好 之类,之类 诸如此类 等 也好
365,3,0.5173823679700779,0.19184617654919303,0.0,之间 间 介于,介于 间 之间,间 之间 介于,之间 间 介于
366,4,0.43574971338409246,-0.039643876842859097,0.75,彩霞 乌云 彩虹 芦花,乌云 彩虹 芦花 彩霞,芦花 乌云 彩虹 彩霞,彩霞 乌云 彩虹 芦花
367,1,,0.0,0.0,乐,乐,乐,乐
368,36,0.5212961628621585,-0.011199528026960575,0.5555555555555556,演奏 演唱 乐曲 独唱 伴奏 合唱 歌曲 舞蹈 歌唱 旋律 歌剧 音乐,诗歌 唱歌 排练 笛子 演出 歌手 抒情 音乐会,交响乐 唱歌 乐队 唱 芭蕾 诗歌 朗诵 独唱 歌 伴奏 乐曲 音乐,演奏 演唱 乐曲 独唱 伴奏 合唱 歌曲 舞蹈 歌唱 旋律 歌剧 音乐 民歌 交响乐 唱 歌舞 吉他 朗诵 歌词 乐队 笛子 歌声 唱歌 歌手 小提琴 乐器 表演 歌 音乐会 钢琴 芭蕾 演出 诗歌 抒情 排练 舞
369,7,0.47799191485315184,0.00321366915405183,0.5714285714285714,公园 广场 花园 喷泉 园 乐园 地铁站,地铁站 园 乐园 喷泉 花园 广场 公园,园 喷泉 花园 乐园 广场 地铁站 公园,公园 广场 花园 喷泉 园 乐园 地铁站
370,4,0.5620586279219404,0.08965866903753666,0.25,乐观 悲观 谨慎 观望,谨慎 乐观 观望 悲观,乐观 观望 谨慎 悲观,乐观 悲观 谨慎 观望
371,3,0.506586843854616,0.09645883713892443,0.3333333333333333,趣味 乐趣 审美,审美 乐趣 趣味,乐趣 审美 趣味,趣味 乐趣 审美
372,1,,0.0,0.0,乔装,乔装,乔装,乔装
373,3,0.7394979493167447,0.5393272884673708,0.0,乘坐 搭乘 乘,乘坐 乘 搭乘,乘 搭乘 乘坐,乘坐 搭乘 乘
374,3,0.5320297892721789,0.12161896705163493,0.0,损人利己 沽名钓誉 乘人之危,乘人之危 沽名钓誉 损人利己,乘人之危 损人利己 沽名钓誉,损人利己 沽名钓誉 乘人之危
375,7,0.5649544930719925,0.014121400241563878,0.5714285714285714,骑车 开车 驾车 乘车 打车 步行 堵车,乘车 骑车 步行 堵车 驾车 打车 开车,开车 乘车 步行 打车 驾车 堵车 骑车,骑车 开车 驾车 乘车 打车 步行 堵车
376,9,0.4934083590907765,-0.08629602581589256,0.7777777777777778,小偷儿 坏人 疯子 流氓 家伙 笨蛋 小人 小丑 乞丐,乞丐 笨蛋 家伙 小人 小丑 流氓 疯子 坏人,疯子 笨蛋 流氓 乞丐 小人 小丑 家伙 坏人 小偷儿,小偷儿 坏人 疯子 流氓 家伙 笨蛋 小人 小丑 乞丐
377,6,0.5270378977575667,0.08052798733388065,0.16666666666666666,寻求 谋求 探求 求 追求 乞求,探求 乞求 追求 谋求 寻求 求,谋求 追求 探求 求 寻求 乞求,寻求 谋求 探求 求 追求 乞求
378,2,0.6485916200130497,0.4154602988372791,0.0,流浪 乞讨,乞讨 流浪,流浪 乞讨,流浪 乞讨
379,6,0.544918405710587,0.12763329224218964,0.3333333333333333,风俗 习俗 民俗 俗 礼仪 规矩,规矩 礼仪 民俗 俗 习俗 风俗,俗 规矩 礼仪 习俗 风俗 民俗,风俗 习俗 民俗 俗 礼仪 规矩
380,4,0.46279638615808755,0.0662363910337738,0.5,习惯 养成 惯 约定俗成,约定俗成 惯 养成 习惯,惯 习惯 养成 约定俗成,习惯 养成 惯 约定俗成
381,7,0.5309939754507007,0.1209994274760037,0.14285714285714285,村 乡 镇 街道 村庄 屯 社区,村庄 社区 街道 屯 镇 乡 村,屯 乡 村 村庄 街道 镇 社区,村 乡 镇 街道 村庄 屯 社区
382,5,0.5628622349259098,0.1287102755725042,0.0,郊区 城里 郊外 乡下 市区,市区 乡下 郊外 郊区 城里,乡下 城里 郊区 郊外 市区,郊区 城里 郊外 乡下 市区
383,16,0.5386445446627628,0.06177163348537051,0.1875,朋友 亲友 亲朋好友 同事 老乡 友人 战友 亲人 同学 朋友们 好友 同伴,朋友们 老朋友 同伴 同学 战友 亲人 好友 同事,朋友们 乡亲 老朋友 同事 同伴 同学 亲朋好友 好友 老乡 战友 朋友 邻居,朋友 亲友 亲朋好友 同事 老乡 友人 战友 亲人 同学 朋友们 好友 同伴 老朋友 乡亲 邻居 熟人
384,5,0.5440181990630419,0.0741002913577409,0.2,城乡 城镇 农村 乡村 城区,城区 城镇 乡村 农村 城乡,城镇 乡村 城区 城乡 农村,城乡 城镇 农村 乡村 城区
385,7,0.5260590671607702,0.06526743361767635,0.2857142857142857,书籍 图书 画册 书 册 出版 插图,出版 插图 册 画册 书 书籍 图书,插图 图书 册 书 画册 出版 书籍,书籍 图书 画册 书 册 出版 插图
386,6,0.5633848185519933,0.08413032063191246,0.3333333333333333,写 撰写 编写 书写 抄写 写作,抄写 编写 撰写 写作 写 书写,写作 写 编写 撰写 书写 抄写,写 撰写 编写 书写 抄写 写作
387,21,0.5336586251921626,0.01660747930119099,0.3333333333333333,垫子 椅子 毯子 凳子 被子 枕头 藤椅 沙发 帐子 蚊帐 窗帘 帘子,睡袋 蚊帐 书包 扇子 垫子 木板 箱子 地板,枕头 床 睡袋 帘子 凳子 藤椅 沙发 窗帘 地毯 地板 被子 帐子,垫子 椅子 毯子 凳子 被子 枕头 藤椅 沙发 帐子 蚊帐 窗帘 帘子 衣架 箱子 睡袋 床 地毯 木板 扇子 书包 地板
388,32,0.5472159235961713,0.0371623146752297,0.375,卧室 房间 客厅 屋子 柜子 卫生间 书桌 楼道 窗台 阳台 书房 窗户,教室 墙壁 过道 楼梯 楼下 桌子 屋子 院子,卫生间 寝室 宿舍 洗手间 阳台 抽屉 柜子 写字台 楼下 墙壁 院子 桌子,卧室 房间 客厅 屋子 柜子 卫生间 书桌 楼道 窗台 阳台 书房 窗户 书橱 窗子 书柜 浴室 桌子 厨房 写字台 洗手间 寝室 过道 院子 楼梯 墙壁 书架 教室 宿舍 抽屉 厕所 地下室 楼下
389,2,0.5514331749042373,0.2497252609239617,0.0,口头 书面,书面 口头,书面 口头,口头 书面
390,4,0.4702931255828555,-0.009693067934005838,0.75,买 卖 兜售 掏钱,兜售 掏钱 买 卖,卖 买 掏钱 兜售,买 卖 兜售 掏钱
391,2,0.5680951778581719,0.22619891835305428,0.0,吃不上 买不起,吃不上 买不起,吃不上 买不起,吃不上 买不起
392,2,0.525461648911141,0.1487166283149065,0.0,买卖 交易,买卖 交易,交易 买卖,买卖 交易
393,2,0.5163788816790666,0.09141485244690414,0.0,乱 瞎,乱 瞎,乱 瞎,乱 瞎
394,4,0.5375367742202628,0.1629819309726021,0.0,乱七八糟 横七竖八 五颜六色 杂乱无章,五颜六色 杂乱无章 乱七八糟 横七竖八,横七竖八 乱七八糟 五颜六色 杂乱无章,乱七八糟 横七竖八 五颜六色 杂乱无章
395,6,0.5445253795384649,0.13820644314234307,0.16666666666666666,乳制品 豆制品 食品 水产品 制品 奶粉,奶粉 制品 水产品 豆制品 食品 乳制品,食品 奶粉 水产品 乳制品 豆制品 制品,乳制品 豆制品 食品 水产品 制品 奶粉
396,3,0.46579017244904947,0.058927828496165395,0.3333333333333333,了 着 算了,算了 着 了,了 着 算了,了 着 算了
397,1,,0.0,0.0,了不起,了不起,了不起,了不起
398,1,,0.0,0.0,了却,了却,了却,了却
399,1,,0.0,0.0,了结,了结,了结,了结
400,4,0.5196736472338273,0.05023028446733382,0.0,认识 理解 认知 了解,了解 认知 认识 理解,了解 理解 认识 认知,认识 理解 认知 了解
401,5,0.5317705723943413,0.10900623845345458,0.2,夺 抢夺 抢 争 夺取,夺取 争 抢 抢夺 夺,夺 争 抢 夺取 抢夺,夺 抢夺 抢 争 夺取
402,2,0.5674420020248463,0.28571343924780535,0.0,争气 争光,争气 争光,争气 争光,争气 争光
403,7,0.5044689053072698,0.07778802453388432,0.14285714285714285,夜以继日 日夜 昼夜 彻夜 废寝忘食 争分夺秒 连夜,连夜 废寝忘食 争分夺秒 彻夜 昼夜 日夜 夜以继日,彻夜 废寝忘食 争分夺秒 连夜 夜以继日 昼夜 日夜,夜以继日 日夜 昼夜 彻夜 废寝忘食 争分夺秒 连夜
404,1,,0.0,0.0,争取,争取,争取,争取
405,9,0.5594643552778812,0.09104828744793439,0.2222222222222222,争执 冲突 争吵 争端 矛盾 纠纷 激化 分歧 争议,争议 分歧 激化 纠纷 矛盾 争吵 争端 争执,激化 冲突 争执 争端 纠纷 争吵 矛盾 分歧 争议,争执 冲突 争吵 争端 矛盾 纠纷 激化 分歧 争议
406,4,0.5828345997848374,0.1433042027454913,0.0,争夺 激烈 角逐 竞争,激烈 竞争 争夺 角逐,激烈 角逐 竞争 争夺,争夺 激烈 角逐 竞争
407,5,0.6015782516183739,0.1594416388513909,0.2,讨论 争论 议论 辩论 议,议 辩论 争论 讨论 议论,议论 议 讨论 争论 辩论,讨论 争论 议论 辩论 议
408,9,0.5172232112847586,0.10190791421431346,0.2222222222222222,事 事情 大事 好事 坏事 私事 喜事 件 公事,件 公事 事情 私事 喜事 坏事 事 好事,事情 件 事 大事 好事 私事 喜事 坏事 公事,事 事情 大事 好事 坏事 私事 喜事 件 公事
409,1,,0.0,0.0,事业,事业,事业,事业
410,2,0.7759440715173553,0.6207944241841816,0.0,事先 预先,事先 预先,事先 预先,事先 预先
411,1,,0.0,0.0,事务,事务,事务,事务
412,3,0.491260527577082,0.09057898944659004,0.0,律师 事务所 公证,事务所 公证 律师,事务所 公证 律师,律师 事务所 公证
413,1,,0.0,0.0,事后,事后,事后,事后
414,3,0.5130153467010314,0.09812242002501731,0.3333333333333333,事项 事宜 重大,重大 事宜 事项,重大 事宜 事项,事项 事宜 重大
415,4,0.581432208677811,0.19355895574545817,0.0,证据 确凿 物证 事实,事实 确凿 物证 证据,事实 确凿 证据 物证,证据 确凿 物证 事实
416,2,0.7064703891937321,0.438847755247898,0.0,事态 局势,事态 局势,事态 局势,事态 局势
417,6,0.5254660694082599,0.08366114482967063,0.16666666666666666,事故 车祸 追尾 肇事 出事 空难,空难 事故 出事 追尾 肇事 车祸,事故 追尾 肇事 空难 出事 车祸,事故 车祸 追尾 肇事 出事 空难
418,2,0.60376215656759,0.2343603646576177,0.0,物体 事物,物体 事物,物体 事物,物体 事物
419,6,0.5589896122702559,0.11559424069077444,0.3333333333333333,楷模 榜样 模范 典范 表率 事迹,表率 事迹 典范 模范 楷模 榜样,事迹 榜样 楷模 典范 模范 表率,楷模 榜样 模范 典范 表率 事迹
420,3,0.4876071102103401,0.07559242114010262,0.3333333333333333,二手车 二手 瓜子,瓜子 二手 二手车,二手 二手车 瓜子,二手车 二手 瓜子
421,5,0.541955159613361,0.053633295579216124,0.4,二氧化碳 气体 氧气 氧 温室,温室 氧 氧气 气体 二氧化碳,气体 氧气 氧 温室 二氧化碳,二氧化碳 气体 氧气 氧 温室
422,4,0.5405824537604033,0.12660492246512292,0.25,二维码 扫 扫描 码,码 扫 扫描 二维码,二维码 码 扫 扫描,二维码 扫 扫描 码
423,2,0.525894226554807,0.20868253809842507,0.0,在 于,于 在,在 于,在 于
424,4,0.588130554295184,0.24509878035262578,0.0,亏本 亏损 亏 赔钱,赔钱 亏损 亏 亏本,亏 亏本 亏损 赔钱,亏本 亏损 亏 赔钱
425,1,,0.0,0.0,云,云,云,云
426,7,0.5163418406653941,0.03916408993131911,0.42857142857142855,交往 往来 互访 来往 交流 互信 合作,互信 合作 交流 来往 交往 互访 往来,往来 互信 交往 交流 合作 互访 来往,交往 往来 互访 来往 交流 互信 合作
427,4,0.5030903758924946,0.06796379659301971,0.25,沟通 联络 联系 互动,互动 联系 沟通 联络,联络 联系 互动 沟通,沟通 联络 联系 互动
428,4,0.5000588826504782,0.01801407617246361,0.5,协作 协同 协调 互助,协调 互助 协同 协作,互助 协调 协作 协同,协作 协同 协调 互助
429,3,0.7958794333494467,0.647113589500895,0.0,互相 相互 彼此,彼此 相互 互相,互相 彼此 相互,互相 相互 彼此
430,3,0.465203807463757,0.021639862087897015,0.3333333333333333,互联网 移动 金融,金融 移动 互联网,移动 金融 互联网,互联网 移动 金融
431,2,0.5105395730932423,0.11258156002434866,0.0,双赢 互补,双赢 互补,双赢 互补,双赢 互补
432,17,0.5559054205164227,0.1676099139112898,0.23529411764705882,饭店 餐馆 旅馆 餐厅 饭馆 宾馆 酒楼 酒吧 旅店 酒店 舞厅 夜总会,餐饮 网吧 五星级 电影院 客房 饭馆 舞厅 餐厅,旅馆 网吧 饭店 旅店 五星级 电影院 舞厅 宾馆 酒楼 酒店 酒吧 夜总会,饭店 餐馆 旅馆 餐厅 饭馆 宾馆 酒楼 酒吧 旅店 酒店 舞厅 夜总会 客房 网吧 电影院 餐饮 五星级
433,7,0.5291521417696329,0.08752095396977977,0.2857142857142857,各种 各式各样 形形色色 多种 五花八门 种种 多样,多样 种种 五花八门 多种 形形色色 各式各样 各种,种种 形形色色 多样 多种 各式各样 五花八门 各种,各种 各式各样 形形色色 多种 五花八门 种种 多样
434,4,0.4299165271729164,-0.04813085776654996,0.75,泉 井 温泉 玉,井 玉 温泉 泉,井 玉 泉 温泉,泉 井 温泉 玉
435,10,0.5714651463359814,0.15782031916033945,0.1,银牌 铜牌 金牌 冠军 奖牌 亚军 夺冠 奖杯 夺魁 枚,枚 夺魁 奖杯 夺冠 亚军 奖牌 冠军 金牌,枚 铜牌 金牌 奖牌 奖杯 银牌 冠军 夺冠 亚军 夺魁,银牌 铜牌 金牌 冠军 奖牌 亚军 夺冠 奖杯 夺魁 枚
436,3,0.6052564245391824,0.2822870229146358,0.0,奥运会 亚运会 申办,申办 奥运会 亚运会,申办 奥运会 亚运会,奥运会 亚运会 申办
437,2,0.5155842734466931,0.1255744115244505,0.0,补救 亡羊补牢,补救 亡羊补牢,补救 亡羊补牢,补救 亡羊补牢
438,6,0.541373428733616,0.13966356088679863,0.0,缴纳 交纳 缴 缴费 交费 交,交 交费 缴费 交纳 缴纳 缴,交 缴费 缴 缴纳 交费 交纳,缴纳 交纳 缴 缴费 交费 交
439,3,0.517139607651791,0.11701182234565381,0.0,移交 交接 交付,交付 交接 移交,移交 交付 交接,移交 交接 交付
440,1,,0.0,0.0,交代,交代,交代,交代
441,4,0.4838789433217141,0.03756857397753602,0.5,重叠 重合 吻合 交叉,吻合 交叉 重合 重叠,重合 重叠 交叉 吻合,重叠 重合 吻合 交叉
442,2,0.528584665858109,0.15019108816807053,0.0,交情 知己,知己 交情,知己 交情,交情 知己
443,1,,0.0,0.0,交换,交换,交换,交换
444,4,0.4797450435789861,0.09615913945097393,0.25,轮换 交替 轮流 变换,变换 轮流 轮换 交替,轮换 轮流 交替 变换,轮换 交替 轮流 变换
445,6,0.5195376796069178,0.07373170160597196,0.16666666666666666,交朋友 交谈 见面 打交道 相处 接触,相处 交谈 见面 接触 交朋友 打交道,交朋友 交谈 相处 打交道 见面 接触,交朋友 交谈 见面 打交道 相处 接触
446,8,0.5314473184821453,0.12470158481034857,0.0,磋商 协商 商讨 谈判 交涉 洽谈 讨价还价 商量,商量 洽谈 讨价还价 交涉 协商 商讨 谈判 磋商,磋商 谈判 洽谈 交涉 讨价还价 协商 商量 商讨,磋商 协商 商讨 谈判 交涉 洽谈 讨价还价 商量
447,3,0.49378625034022566,0.1136876861170702,0.0,地带 地段 交界,交界 地段 地带,地带 交界 地段,地带 地段 交界
448,6,0.5595154472555315,0.15563626041519846,0.0,交给 送给 递给 转交 送到 给,转交 给 送到 送给 递给 交给,给 送给 送到 递给 交给 转交,交给 送给 递给 转交 送到 给
449,7,0.5649031936750769,0.1538859322183827,0.0,交警 公安 警察 民警 公安局 警官 消防,消防 警察 警官 公安局 公安 民警 交警,公安局 交警 民警 消防 公安 警察 警官,交警 公安 警察 民警 公安局 警官 消防
450,2,0.5239703812199121,0.1417334633315657,0.0,出行 交通,出行 交通,交通 出行,出行 交通
451,3,0.44239255620708207,-0.049847049722432736,0.6666666666666666,相遇 交锋 相约,相约 交锋 相遇,交锋 相遇 相约,相遇 交锋 相约
452,3,0.5181010537307237,0.11199804394989689,0.0,交际 应酬 社交,应酬 社交 交际,交际 应酬 社交,交际 应酬 社交
453,1,,0.0,0.0,交集,交集,交集,交集
454,5,0.4996129016795492,0.08665304830460029,0.0,产量 生产 增产 产值 产,产 生产 增产 产值 产量,增产 产 生产 产值 产量,产量 生产 增产 产值 产
455,3,0.4909988046659715,0.05647436413624357,0.3333333333333333,产品 品牌 品种,品牌 品种 产品,品牌 品种 产品,产品 品牌 品种
456,1,,0.0,0.0,产地,产地,产地,产地
457,3,0.4798821980616679,-0.0008824867117849244,0.3333333333333333,结晶 产物 沉淀,沉淀 产物 结晶,沉淀 产物 结晶,结晶 产物 沉淀
458,9,0.4985354451268535,0.02163692422068479,0.3333333333333333,引发 引起 激起 诱发 激发 造成 产生 唤起 带来,激发 带来 造成 唤起 产生 激起 诱发 引起,引起 诱发 激发 唤起 激起 产生 造成 引发 带来,引发 引起 激起 诱发 激发 造成 产生 唤起 带来
459,11,0.5014856194235601,-0.010746899459717095,0.6363636363636364,公斤 千克 公顷 斤 吨 亩 平方米 立方米 磅 元 面积,面积 立方米 元 亩 磅 平方米 千克 公顷,元 吨 亩 面积 磅 斤 平方米 公顷 千克 立方米 公斤,公斤 千克 公顷 斤 吨 亩 平方米 立方米 磅 元 面积
460,3,0.5803042167711586,0.22731305564085647,0.0,享受 享 享有,享有 享 享受,享 享受 享有,享受 享 享有
461,12,0.5421648030418242,0.11957020207058099,0.08333333333333333,戏曲 京剧 戏剧 杂技 剧团 剧目 马戏 木偶 剧院 相声 秧歌 剧场,马戏 秧歌 剧场 木偶 杂技 剧院 戏剧 剧目,剧团 剧场 剧目 相声 马戏 戏剧 剧院 戏曲 京剧 木偶 杂技 秧歌,戏曲 京剧 戏剧 杂技 剧团 剧目 马戏 木偶 剧院 相声 秧歌 剧场
462,4,0.47874717718716614,0.04972736184129126,0.25,暗 黑暗 阴暗 亮,亮 黑暗 阴暗 暗,亮 暗 黑暗 阴暗,暗 黑暗 阴暗 亮
463,12,0.5161685085713397,-0.004707481213909638,0.4166666666666667,艳丽 明媚 美丽 迷人 灿烂 亮丽 鲜艳 缤纷 美妙 耀眼 甜美 浪漫,浪漫 美妙 耀眼 灿烂 明媚 甜美 鲜艳 亮丽,耀眼 亮丽 明媚 甜美 浪漫 灿烂 艳丽 美丽 迷人 美妙 缤纷 鲜艳,艳丽 明媚 美丽 迷人 灿烂 亮丽 鲜艳 缤纷 美妙 耀眼 甜美 浪漫
464,3,0.5084835828708989,0.15621478673523806,0.0,焦点 热点 亮点,亮点 热点 焦点,亮点 热点 焦点,焦点 热点 亮点
465,2,0.641142832757533,0.33569232379718433,0.0,露面 亮相,亮相 露面,亮相 露面,露面 亮相
466,3,0.503889091519528,0.07282397340273389,0.0,亲爱 敬爱 亲,亲 敬爱 亲爱,亲 敬爱 亲爱,亲爱 敬爱 亲
467,14,0.5001935134435205,-0.020509715691734265,0.5714285714285714,诚恳 真诚 诚挚 坦诚 真挚 坦率 衷心 诚心诚意 深切 亲切 热烈 诚意,坦白 深切 亲切 坦然 热烈 诚心诚意 诚意 衷心,诚恳 诚意 诚挚 坦白 坦率 坦然 衷心 真挚 热烈 坦诚 真诚 深切,诚恳 真诚 诚挚 坦诚 真挚 坦率 衷心 诚心诚意 深切 亲切 热烈 诚意 坦然 坦白
468,2,0.629116605108917,0.3613838599064299,0.0,感染力 亲和力,感染力 亲和力,亲和力 感染力,感染力 亲和力
469,3,0.64470536804612,0.28565323639347134,0.0,亲密 亲热 亲近,亲热 亲近 亲密,亲近 亲热 亲密,亲密 亲热 亲近
470,5,0.5357068458871984,0.1752501405076566,0.0,子女 亲属 家属 配偶 子弟,子弟 配偶 子女 家属 亲属,子女 子弟 配偶 家属 亲属,子女 亲属 家属 配偶 子弟
471,11,0.5367781511467319,0.09207414281351985,0.18181818181818182,情谊 感情 亲情 情感 友情 情怀 真情 情 深情 恩情 情结,情怀 情结 恩情 友情 情谊 深情 真情 情感,情谊 真情 情 深情 友情 恩情 亲情 情结 情感 情怀 感情,情谊 感情 亲情 情感 友情 情怀 真情 情 深情 恩情 情结
472,3,0.467482592475069,-0.0023273539920864034,0.3333333333333333,精心 亲手 别具匠心,亲手 别具匠心 精心,别具匠心 亲手 精心,精心 亲手 别具匠心
473,5,0.5326426941760639,0.1748132654158711,0.0,目睹 亲眼 见证 耳闻目睹 有幸,耳闻目睹 有幸 见证 目睹 亲眼,耳闻目睹 目睹 有幸 见证 亲眼,目睹 亲眼 见证 耳闻目睹 有幸
474,9,0.5009420015896858,0.06293945575890647,0.3333333333333333,感受 体会 感触 亲身 体验 切身 感想 观感 领略,领略 亲身 观感 感触 感想 体验 体会 切身,体验 切身 感触 观感 亲身 体会 领略 感受 感想,感受 体会 感触 亲身 体验 切身 感想 观感 领略
475,1,,0.0,0.0,人,人,人,人
476,1,,0.0,0.0,人为,人为,人为,人为
477,1,,0.0,0.0,人事,人事,人事,人事
478,17,0.5357045692916849,0.04626339128074163,0.35294117647058826,他们 你们 你 我 他 她们 我们 咱们 咱 大家 人家 别人,别人 自己 人们 它 大家 人家 它们 你们,咱 它 他 你 我 你们 别人 我们 他们 人家 人们 大家,他们 你们 你 我 他 她们 我们 咱们 咱 大家 人家 别人 它们 它 大伙儿 自己 人们
479,6,0.4757776366074225,-0.06812613631216995,0.6666666666666666,肌肤 衰老 新陈代谢 分泌 人体 容颜,容颜 肌肤 分泌 人体 衰老 新陈代谢,新陈代谢 容颜 人体 肌肤 分泌 衰老,肌肤 衰老 新陈代谢 分泌 人体 容颜
480,3,0.5156270693630741,0.10615965797247733,0.0,人力 财力 人手,人手 财力 人力,人手 人力 财力,人力 财力 人手
481,3,0.487306029202574,0.09847057733244009,0.0,劳动力 人口 劳动,劳动 人口 劳动力,人口 劳动 劳动力,劳动力 人口 劳动
482,9,0.49372094167321645,0.045201752758552455,0.2222222222222222,职工 工人 员工 职员 雇员 民工 农民工 人员 工会,工会 人员 雇员 农民工 职员 民工 员工 工人,人员 员工 民工 农民工 雇员 工会 工人 职工 职员,职工 工人 员工 职员 雇员 民工 农民工 人员 工会
483,6,0.5738984936861506,0.15530713479383082,0.0,品德 品行 道德 人格 人品 美德,美德 人格 道德 人品 品德 品行,品德 人格 人品 美德 品行 道德,品德 品行 道德 人格 人品 美德
484,2,0.5670367574612281,0.26600360588031735,0.0,人均 平均,平均 人均,人均 平均,人均 平均
485,3,0.5134873271625747,0.11419186060296253,0.0,负责人 人士 发言人,发言人 人士 负责人,人士 负责人 发言人,负责人 人士 发言人
486,2,0.5921056043857107,0.30652464559209536,0.0,人造 人工,人工 人造,人工 人造,人造 人工
487,4,0.5195872184160175,0.07692528033177158,0.25,智能 人工智能 机器人 智慧,机器人 智慧 人工智能 智能,人工智能 智能 智慧 机器人,智能 人工智能 机器人 智慧
488,5,0.5272638784133884,0.07917847340262002,0.4,理智 理性 感性 人性 明智,明智 人性 感性 理智 理性,人性 明智 理智 理性 感性,理智 理性 感性 人性 明智
489,4,0.44791283182424513,-0.011894482368581906,0.5,面子 尊严 体面 人情,人情 尊严 体面 面子,人情 面子 体面 尊严,面子 尊严 体面 人情
490,3,0.46942906671610096,0.017579502711290856,0.6666666666666666,师资 办学 人才,办学 人才 师资,办学 人才 师资,师资 办学 人才
491,8,0.5415562880648638,0.0644032554250136,0.25,数量 总数 数目 人数 数额 总量 次数 总额,总额 总量 次数 人数 数额 数量 总数 数目,数目 次数 人数 总数 总额 总量 数额 数量,数量 总数 数目 人数 数额 总量 次数 总额
492,2,0.5307284295379896,0.12269662095740136,0.0,人文 文化,文化 人文,人文 文化,人文 文化
493,2,0.5865521647723277,0.22683022805362812,0.0,人道 人权,人权 人道,人权 人道,人道 人权
494,1,,0.0,0.0,人次,人次,人次,人次
495,8,0.5719836706390178,0.1747640947977147,0.0,群众 民众 老百姓 农民 居民 市民 人民 牧民,农民 民众 牧民 人民 市民 居民 老百姓 群众,人民 群众 牧民 市民 老百姓 居民 民众 农民,群众 民众 老百姓 农民 居民 市民 人民 牧民
496,4,0.6345290130449089,0.25628999293308646,0.0,贬值 升值 汇率 人民币,人民币 汇率 贬值 升值,汇率 升值 贬值 人民币,贬值 升值 汇率 人民币
497,11,0.5166782361685539,0.08986454035699497,0.45454545454545453,声誉 名声 声望 知名度 名气 威信 影响力 信誉 口碑 人气 显赫,信誉 显赫 口碑 影响力 人气 威信 名气 声誉,知名度 人气 显赫 影响力 声誉 口碑 威信 信誉 声望 名气 名声,声誉 名声 声望 知名度 名气 威信 影响力 信誉 口碑 人气 显赫
498,3,0.48728047464109986,0.10266838801270345,0.0,人类 外星人 进化,进化 外星人 人类,外星人 进化 人类,人类 外星人 进化
499,12,0.5083995935697724,0.0007257464551608054,0.5,玩儿 闹着玩儿 贪玩儿 好玩儿 聊天儿 逗 胡闹 耍 人缘儿 玩意儿 离谱儿 玩耍,玩意儿 玩耍 胡闹 离谱儿 聊天儿 贪玩儿 人缘儿 耍,离谱儿 胡闹 好玩儿 玩儿 闹着玩儿 逗 耍 玩耍 人缘儿 玩意儿 贪玩儿 聊天儿,玩儿 闹着玩儿 贪玩儿 好玩儿 聊天儿 逗 胡闹 耍 人缘儿 玩意儿 离谱儿 玩耍
500,3,0.6068097250998604,0.28557724565976406,0.0,群体 人群 阶层,阶层 人群 群体,人群 群体 阶层,群体 人群 阶层
501,8,0.5293503484659033,0.06957115528741571,0.25,大街 路口 马路 大道 路 人行道 街 立交桥,立交桥 路口 人行道 街 马路 路 大街 大道,人行道 路 街 大道 大街 马路 立交桥 路口,大街 路口 马路 大道 路 人行道 街 立交桥
502,5,0.4634175250774013,-0.023799019415454488,0.6,俘虏 囚犯 人质 奴隶 俘获,囚犯 俘获 奴隶 人质 俘虏,囚犯 奴隶 俘虏 俘获 人质,俘虏 囚犯 人质 奴隶 俘获
503,1,,0.0,0.0,人身,人身,人身,人身
504,10,0.5283186623557597,0.11220765522326892,0.2,选举 候选人 连任 竞选 当选 提名 大选 推选 人选 选民,人选 选民 推选 大选 连任 提名 当选 竞选,竞选 选民 选举 当选 连任 人选 提名 大选 候选人 推选,选举 候选人 连任 竞选 当选 提名 大选 推选 人选 选民
505,1,,0.0,0.0,人间,人间,人间,人间
506,19,0.5288250485799442,0.08042721491412345,0.2631578947368421,什么 怎么 哪儿 哪里 干什么 呢 怎样 哪 谁 究竟 怎么样 吗,干吗 到底 究竟 怎样 怎么样 何处 怎么办 哪些,怎么 到底 吗 呢 哪 哪儿 哪些 干什么 什么样 什么 多少 谁,什么 怎么 哪儿 哪里 干什么 呢 怎样 哪 谁 究竟 怎么样 吗 什么样 干吗 到底 怎么办 哪些 多少 何处
507,9,0.509319180231319,0.03841753405057351,0.3333333333333333,宽容 宽恕 原谅 包容 饶恕 仁慈 容忍 善意 友善,友善 容忍 善意 原谅 饶恕 仁慈 包容 宽容,包容 宽容 仁慈 宽恕 善意 原谅 容忍 饶恕 友善,宽容 宽恕 原谅 包容 饶恕 仁慈 容忍 善意 友善
508,5,0.5293557856921189,0.11700291311880322,0.2,仅仅 仅 只有 只能 只,只能 只 只有 仅仅 仅,只 仅 只有 只能 仅仅,仅仅 仅 只有 只能 只
509,1,,0.0,0.0,仅次于,仅次于,仅次于,仅次于
510,4,0.5395978840645413,0.11249282889910789,0.25,仇 仇恨 仇人 恩怨,仇人 恩怨 仇恨 仇,仇 仇人 仇恨 恩怨,仇 仇恨 仇人 恩怨
511,6,0.5463835606645079,0.13023676800431389,0.0,今后 未来 将来 接下来 后续 日后,将来 日后 接下来 今后 后续 未来,后续 将来 今后 接下来 未来 日后,今后 未来 将来 接下来 后续 日后
512,8,0.5154022996540415,0.012606467473392686,0.5,去年 前年 今年 年前 当年 年底 年 往年,年底 当年 往年 年 今年 年前 去年 前年,年 年底 年前 往年 当年 去年 今年 前年,去年 前年 今年 年前 当年 年底 年 往年
513,3,0.5943625592088978,0.2795285139543209,0.0,今日 明日 当日,当日 明日 今日,明日 当日 今日,今日 明日 当日
514,4,0.5449648527501038,0.19489276687538823,0.0,插手 干预 干涉 介入,介入 干涉 插手 干预,插手 干预 介入 干涉,插手 干预 干涉 介入
515,10,0.5090903163845317,0.036190789581767545,0.6,指出 表示 强调 说 透露 提到 介绍 告诉 重申 提出,提出 告诉 透露 介绍 重申 提到 说 表示,重申 告诉 提到 提出 说 指出 介绍 表示 透露 强调,指出 表示 强调 说 透露 提到 介绍 告诉 重申 提出
516,4,0.48508684524454093,0.0585993333816452,0.5,自从 自 从 继,从 继 自 自从,从 继 自 自从,自从 自 从 继
517,1,,0.0,0.0,从业,从业,从业,从业
518,1,,0.0,0.0,从中,从中,从中,从中
519,1,,0.0,0.0,从事,从事,从事,从事
520,1,,0.0,0.0,从今以后,从今以后,从今以后,从今以后
521,10,0.5153458500813416,0.04987614386487029,0.2,原先 先前 原来 最初 以前 原本 当初 从前 起初 以往,以往 原本 以前 从前 起初 当初 先前 原来,起初 以往 以前 当初 从前 原来 原本 原先 最初 先前,原先 先前 原来 最初 以前 原本 当初 从前 起初 以往
522,1,,0.0,0.0,从头,从头,从头,从头
523,6,0.5487945021615125,0.12996655548339756,0.0,从容 沉着 从容不迫 镇定 冷静 胸有成竹,冷静 从容 胸有成竹 从容不迫 镇定 沉着,镇定 胸有成竹 冷静 沉着 从容 从容不迫,从容 沉着 从容不迫 镇定 冷静 胸有成竹
524,5,0.522402224027801,0.14821761707789655,0.2,童年 早年 小时候 从小 晚年,晚年 童年 小时候 从小 早年,晚年 童年 从小 小时候 早年,童年 早年 小时候 从小 晚年
525,2,0.6176978267407014,0.2254988505057967,0.0,由此 从此,由此 从此,从此 由此,由此 从此
526,1,,0.0,0.0,仓库,仓库,仓库,仓库
527,5,0.5563074034696707,0.1562057629831141,0.0,仔细 细心 认真 用心 好好,认真 好好 用心 细心 仔细,细心 用心 好好 认真 仔细,仔细 细心 认真 用心 好好
528,1,,0.0,0.0,他人,他人,他人,他人
529,3,0.5852496898166131,0.23491456703817679,0.0,支付 付款 付,付 付款 支付,付 付款 支付,支付 付款 付
530,3,0.5655374826597822,0.18483998263205495,0.0,付出 代价 牺牲,代价 牺牲 付出,付出 代价 牺牲,付出 代价 牺牲
531,1,,0.0,0.0,付费,付费,付费,付费
532,10,0.4794324326486742,-0.03103958943638141,0.7,妖怪 鬼 怪物 巫婆 神仙 怪 仙女 猎人 野兽 阎王,猎人 神仙 野兽 仙女 怪 巫婆 阎王 怪物,怪 阎王 猎人 鬼 怪物 野兽 巫婆 神仙 妖怪 仙女,妖怪 鬼 怪物 巫婆 神仙 怪 仙女 猎人 野兽 阎王
533,23,0.5020877449792328,-0.0427748448791326,0.6086956521739131,鹅 鸭子 公鸡 狗 鸽子 猫 母鸡 鸡 兔 蛇 羊 狮子,蛇 狮子 鸡 狗 猩猩 猪 狼 青蛙,仙鹤 兔 羊 猴 猪 猫 狼 狗 狮子 猩猩 燕子 公鸡,鹅 鸭子 公鸡 狗 鸽子 猫 母鸡 鸡 兔 蛇 羊 狮子 青蛙 鸟 猴 天鹅 狼 鼠 大雁 猪 燕子 猩猩 仙鹤
534,2,0.5538340548856336,0.191288509433443,0.0,编号 代号,编号 代号,编号 代号,编号 代号
535,5,0.5980428675687612,0.3091664843047902,0.0,取代 代替 替代 替换 取而代之,替换 取而代之 取代 代替 替代,替换 替代 代替 取而代之 取代,取代 代替 替代 替换 取而代之
536,3,0.5248832518447845,0.17766587140645398,0.0,代理 委托 代理人,代理人 委托 代理,代理人 委托 代理,代理 委托 代理人
537,4,0.5121328884279994,0.0662980665634891,0.25,代表团 团长 团员 代表,团员 代表 团长 代表团,代表团 团员 代表 团长,代表团 团长 团员 代表
538,1,,0.0,0.0,代言人,代言人,代言人,代言人
539,9,0.6171921409874449,0.2351767066611633,0.1111111111111111,使 使得 致使 促使 迫使 导致 令 让 以致,促使 以致 导致 致使 让 迫使 令 使得,令 使 促使 使得 迫使 致使 让 以致 导致,使 使得 致使 促使 迫使 导致 令 让 以致
540,4,0.41253754738053816,-0.053706200596945024,0.75,以下 以上 左右 如下,如下 左右 以上 以下,以下 以上 左右 如下,以下 以上 左右 如下
541,7,0.5385900840002167,0.035400752137387845,0.42857142857142855,知道 晓得 明白 懂得 懂 觉得 以为,以为 懂 觉得 晓得 明白 懂得 知道,以为 懂 懂得 明白 觉得 知道 晓得,知道 晓得 明白 懂得 懂 觉得 以为
542,2,0.520762055148451,0.029204415929892376,0.5,才能 以便,才能 以便,以便 才能,才能 以便
543,5,0.5790893871313386,0.0890287706640728,0.4,避免 防止 杜绝 以免 确保,确保 以免 杜绝 防止 避免,以免 确保 防止 避免 杜绝,避免 防止 杜绝 以免 确保
544,4,0.606056790927859,0.2714933633074986,0.0,及 以及 和 及其,及其 和 以及 及,及 和 以及 及其,及 以及 和 及其
545,5,0.5628757128756792,0.14804777243504633,0.2,多年来 长期以来 近年来 多年 以来,以来 多年 近年来 长期以来 多年来,以来 多年来 长期以来 多年 近年来,多年来 长期以来 近年来 多年 以来
546,4,0.5516564176023419,0.15874214307962964,0.0,直到 直至 以至于 至于,至于 以至于 直至 直到,直至 以至于 直到 至于,直到 直至 以至于 至于
547,2,0.5831509240598224,0.2703113655114175,0.0,带头 以身作则,带头 以身作则,带头 以身作则,带头 以身作则
548,4,0.4891744879948254,0.054941537475486385,0.25,仪器 器材 器械 仪表,仪表 器材 器械 仪器,仪器 器材 器械 仪表,仪器 器材 器械 仪表
549,7,0.5605749206258972,0.07845291712641163,0.14285714285714285,开幕式 闭幕式 典礼 仪式 颁奖 致辞 晚会,颁奖 仪式 典礼 晚会 致辞 开幕式 闭幕式,颁奖 晚会 典礼 仪式 致辞 开幕式 闭幕式,开幕式 闭幕式 典礼 仪式 颁奖 致辞 晚会
550,4,0.5574752540167849,0.16761379149606268,0.25,诸位 各位 们 您,您 们 各位 诸位,们 您 诸位 各位,诸位 各位 们 您
551,4,0.4997143156649555,0.039264778042067114,0.0,仰 翘 垂 拱,仰 垂 拱 翘,垂 仰 翘 拱,仰 翘 垂 拱
552,7,0.5224057316858224,0.07440891973569051,0.2857142857142857,价格 售价 价 价位 价钱 定价 高价,高价 价钱 价 售价 价位 定价 价格,价 价钱 定价 价位 价格 高价 售价,价格 售价 价 价位 价钱 定价 高价
553,1,,0.0,0.0,价值,价值,价值,价值
554,8,0.5243379417660295,0.0604425297516425,0.375,观念 理念 思维 意识 思想 信念 价值观 思路,信念 思路 价值观 意识 思维 思想 理念 观念,思想 思维 思路 观念 理念 意识 信念 价值观,观念 理念 思维 意识 思想 信念 价值观 思路
555,1,,0.0,0.0,任人宰割,任人宰割,任人宰割,任人宰割
556,1,,0.0,0.0,任何,任何,任何,任何
557,2,0.5442120738946723,0.17803244884390512,0.0,目标 任务,任务 目标,目标 任务,目标 任务
558,5,0.5578164938020815,0.13286702169129674,0.2,随意 随便 随心所欲 任意 随手,随心所欲 任意 随手 随便 随意,任意 随心所欲 随手 随意 随便,随意 随便 随心所欲 任意 随手
559,1,,0.0,0.0,份,份,份,份
560,1,,0.0,0.0,份额,份额,份额,份额
561,2,0.6816435285681537,0.40690757905421227,0.0,仿制 仿,仿 仿制,仿 仿制,仿制 仿
562,3,0.6095591691334534,0.2686375488794647,0.0,企图 妄想 阴谋,妄想 阴谋 企图,企图 妄想 阴谋,企图 妄想 阴谋
563,8,0.5819777483989405,0.21247023461556816,0.0,宗教 基督教 佛教 伊斯兰教 道教 天主教 穆斯林 信仰,信仰 佛教 道教 穆斯林 天主教 伊斯兰教 宗教 基督教,宗教 穆斯林 天主教 基督教 伊斯兰教 信仰 道教 佛教,宗教 基督教 佛教 伊斯兰教 道教 天主教 穆斯林 信仰
564,4,0.6382447834666026,0.28992559003872354,0.0,休养 疗养 休假 休息,休假 休息 疗养 休养,休假 休养 休息 疗养,休养 疗养 休假 休息
565,3,0.5200242363768158,0.06524394477122265,0.3333333333333333,想 打算 休想,打算 休想 想,想 打算 休想,想 打算 休想
566,1,,0.0,0.0,休眠,休眠,休眠,休眠
567,10,0.5404607503121558,0.1025960746151648,0.2,旅游 游玩 游览 度假 出游 观光 避暑 游 旅行 休闲,旅行 度假 休闲 出游 避暑 游玩 游览 游,旅行 休闲 游玩 游 游览 旅游 观光 出游 避暑 度假,旅游 游玩 游览 度假 出游 观光 避暑 游 旅行 休闲
568,3,0.5138048079645439,0.13556100357725834,0.0,路人 行人 众人,众人 行人 路人,行人 众人 路人,路人 行人 众人
569,3,0.5633426250595016,0.22062035884636322,0.0,齐心协力 众志成城 同舟共济,同舟共济 齐心协力 众志成城,同舟共济 众志成城 齐心协力,齐心协力 众志成城 同舟共济
570,1,,0.0,0.0,众所周知,众所周知,众所周知,众所周知
571,1,,0.0,0.0,优,优,优,优
572,1,,0.0,0.0,优先,优先,优先,优先
573,12,0.5353293552638296,0.04473483663920044,0.3333333333333333,缺点 弱点 优点 弊病 弊端 长处 缺陷 短处 毛病 特点 优势 漏洞,毛病 特点 漏洞 优势 缺陷 弊端 长处 短处,优点 优势 漏洞 弱点 毛病 弊端 弊病 短处 缺陷 长处 缺点 特点,缺点 弱点 优点 弊病 弊端 长处 缺陷 短处 毛病 特点 优势 漏洞
574,12,0.5038663388778747,0.014801866241656669,0.5,加强 强化 深化 促进 完善 推进 加快 巩固 优化 进一步 增进 健全,加快 促进 健全 进一步 优化 增进 巩固 推进,优化 进一步 健全 完善 强化 加强 加快 深化 增进 巩固 促进 推进,加强 强化 深化 促进 完善 推进 加快 巩固 优化 进一步 增进 健全
575,7,0.5572448150156474,0.13079617264572635,0.0,出色 优异 杰出 卓越 出众 优秀 非凡,非凡 优秀 优异 出众 杰出 卓越 出色,优秀 优异 杰出 出色 出众 卓越 非凡,出色 优异 杰出 卓越 出众 优秀 非凡
576,7,0.5752852985548303,0.16579095592388313,0.14285714285714285,折扣 打折 优惠 促销 特价 降价 折,降价 特价 促销 折 优惠 打折 折扣,优惠 折 折扣 降价 促销 打折 特价,折扣 打折 优惠 促销 特价 降价 折
577,13,0.527590402796937,0.05893348107753261,0.23076923076923078,别致 精致 简洁 古朴 优美 优雅 精美 美观 高雅 新颖 工整 华丽,新颖 高雅 华丽 整洁 优雅 简洁 工整 精美,优雅 简洁 优美 古朴 精致 华丽 美观 高雅 新颖 整洁 别致 精美,别致 精致 简洁 古朴 优美 优雅 精美 美观 高雅 新颖 工整 华丽 整洁
578,3,0.5416261134530225,0.10177837362699042,0.3333333333333333,优良 良好 优质,优质 良好 优良,优质 优良 良好,优良 良好 优质
579,5,0.5388462078795927,0.12914697676502745,0.2,便捷 快捷 便利 高效 优越,优越 高效 便利 快捷 便捷,优越 快捷 便利 便捷 高效,便捷 快捷 便利 高效 优越
580,1,,0.0,0.0,伙,伙,伙,伙
581,3,0.5191820838966424,0.13356608999014594,0.0,盟友 伙伴 邻国,邻国 伙伴 盟友,伙伴 盟友 邻国,盟友 伙伴 邻国
582,5,0.5535485169271099,0.1107540944687555,0.0,伙食 食宿 住宿 就餐 食堂,食堂 就餐 食宿 住宿 伙食,伙食 食堂 食宿 就餐 住宿,伙食 食宿 住宿 就餐 食堂
583,8,0.5436956581776903,0.037790543592413656,0.375,必然 势必 必定 必将 迟早 注定 无疑 会,迟早 会 无疑 必定 注定 必然 必将 势必,会 无疑 必定 必将 必然 势必 迟早 注定,必然 势必 必定 必将 迟早 注定 无疑 会
584,2,0.5548536035329694,0.19385708503782756,0.0,会场 现场,现场 会场,现场 会场,会场 现场
585,1,,0.0,0.0,会意,会意,会意,会意
586,11,0.5208794629695491,0.046881737663933776,0.45454545454545453,会见 拜会 接见 会晤 会谈 会面 拜访 宴会 招待会 访问 拜见,访问 宴会 拜访 招待会 拜见 会面 会谈 接见,招待会 宴会 拜会 会面 会谈 会见 访问 会晤 接见 拜见 拜访,会见 拜会 接见 会晤 会谈 会面 拜访 宴会 招待会 访问 拜见
587,5,0.47640907505367436,0.02688158868785434,0.2,税务 纳税 纳税人 会计 财务,财务 纳税人 纳税 会计 税务,会计 纳税人 财务 纳税 税务,税务 纳税 纳税人 会计 财务
588,18,0.5349712845933899,-0.015318996140485104,0.5555555555555556,急诊 住院 门诊 医院 就诊 病房 病人 手术室 医生 手术 出院 挂号,手术 看病 医院 医生 输液 护士 出院 打针,看病 挂号 门诊 打针 会诊 病房 急诊 病人 病床 出院 护士 输液,急诊 住院 门诊 医院 就诊 病房 病人 手术室 医生 手术 出院 挂号 打针 看病 护士 输液 病床 会诊
589,1,,0.0,0.0,伞,伞,伞,伞
590,4,0.5197721554847052,0.08749454165061957,0.25,崇高 神圣 光荣 伟大,伟大 崇高 光荣 神圣,光荣 崇高 伟大 神圣,崇高 神圣 光荣 伟大
591,4,0.463804891876098,0.047020013546258656,0.25,流传 流行 盛行 传,传 盛行 流行 流传,流行 传 流传 盛行,流传 流行 盛行 传
592,5,0.5514773615376588,0.07745577620178076,0.4,徒弟 弟子 师傅 大师 传人,大师 师傅 传人 弟子 徒弟,弟子 大师 师傅 传人 徒弟,徒弟 弟子 师傅 大师 传人
593,6,0.5513505292319825,0.06659943281367538,0.3333333333333333,传闻 传言 消息 绯闻 传出 谣言,传出 消息 绯闻 谣言 传闻 传言,绯闻 传出 谣言 消息 传闻 传言,传闻 传言 消息 绯闻 传出 谣言
594,3,0.5486974092437782,0.1496456029705303,0.0,传奇 神话 奇迹,神话 传奇 奇迹,神话 奇迹 传奇,传奇 神话 奇迹
595,2,0.5783932996667215,0.2249556303755638,0.0,影视 传媒,影视 传媒,传媒 影视,影视 传媒
596,5,0.5893353486371836,0.24026666663384622,0.0,发扬 弘扬 发扬光大 传承 继承,传承 继承 弘扬 发扬 发扬光大,发扬 传承 发扬光大 弘扬 继承,发扬 弘扬 发扬光大 传承 继承
597,2,0.5355481661806445,0.15452456674620108,0.0,灌输 传授,传授 灌输,传授 灌输,灌输 传授
598,4,0.5146457150216005,0.11859492388057707,0.0,宣传 推广 推销 传播,推销 传播 推广 宣传,宣传 推广 传播 推销,宣传 推广 推销 传播
599,2,0.5830424140009136,0.2382297437359438,0.0,发出 传来,传来 发出,发出 传来,发出 传来
600,8,0.5693322793060622,0.20168314087700764,0.0,传染病 流感 传染 感染 艾滋病 霍乱 病毒 瘟疫,瘟疫 病毒 艾滋病 霍乱 感染 流感 传染病 传染,传染病 流感 病毒 瘟疫 传染 艾滋病 霍乱 感染,传染病 流感 传染 感染 艾滋病 霍乱 病毒 瘟疫
601,1,,0.0,0.0,传真,传真,传真,传真
602,2,0.534334595513168,0.12649470291544532,0.0,常规 传统,常规 传统,传统 常规,常规 传统
603,4,0.5007752259959938,0.01248594356231101,0.5,据说 相传 传说 难怪,难怪 传说 据说 相传,相传 据说 难怪 传说,据说 相传 传说 难怪
604,2,0.5113876986260195,0.07397140433646564,0.0,传输 光缆,传输 光缆,光缆 传输,传输 光缆
605,3,0.5757651537153602,0.21202829373876428,0.0,传达 转达 表达,转达 表达 传达,转达 表达 传达,传达 转达 表达
606,4,0.5569111648264121,0.24785180090272835,0.0,火炬 传递 接力 棒,棒 接力 火炬 传递,棒 火炬 接力 传递,火炬 传递 接力 棒
607,13,0.4755899392709782,-0.0668858050178156,0.6153846153846154,伤口 骨折 创伤 包扎 愈合 伤 损伤 伤痕 缝合 绷带 伤势 止血,止血 伤害 缝合 绷带 愈合 损伤 伤痕 伤势,损伤 骨折 伤痕 伤 包扎 伤害 伤势 伤口 愈合 绷带 创伤 缝合,伤口 骨折 创伤 包扎 愈合 伤 损伤 伤痕 缝合 绷带 伤势 止血 伤害
608,11,0.528765677949573,0.056542571413764425,0.2727272727272727,救援 救治 抢救 搜救 营救 急救 救助 遇险 伤员 救护车 打捞,营救 救护车 遇险 救助 伤员 救治 打捞 救援,抢救 伤员 营救 救护车 搜救 救治 救援 急救 打捞 救助 遇险,救援 救治 抢救 搜救 营救 急救 救助 遇险 伤员 救护车 打捞
609,5,0.6055604449244459,0.3045713822580003,0.0,残疾人 残疾 盲人 聋人 伤残,伤残 盲人 聋人 残疾 残疾人,伤残 聋人 盲人 残疾人 残疾,残疾人 残疾 盲人 聋人 伤残
610,8,0.5138334217822785,0.010197714015514328,0.5,儒学 哲学 儒家 文学 国学 学术 治学 伦理,文学 治学 伦理 儒家 学术 哲学 国学 儒学,伦理 哲学 国学 儒学 儒家 治学 学术 文学,儒学 哲学 儒家 文学 国学 学术 治学 伦理
611,4,0.606313957815913,0.2044326771480776,0.25,掩盖 掩饰 遮盖 伪装,伪装 遮盖 掩饰 掩盖,掩饰 遮盖 伪装 掩盖,掩盖 掩饰 遮盖 伪装
612,8,0.4783556993822366,-0.02626405347936664,0.375,虚假 伪造 编造 弄虚作假 造假 虚构 夸大 作弊,夸大 作弊 伪造 虚假 虚构 编造 弄虚作假 造假,虚假 虚构 伪造 造假 夸大 作弊 弄虚作假 编造,虚假 伪造 编造 弄虚作假 造假 虚构 夸大 作弊
613,8,0.5906854563857176,0.18300416128944996,0.0,估算 测算 推测 推算 预测 推断 估计 预计,预计 预测 推断 估计 测算 推算 估算 推测,估计 推算 推测 推断 测算 预测 估算 预计,估算 测算 推测 推算 预测 推断 估计 预计
614,1,,0.0,0.0,伴,伴,伴,伴
615,8,0.5103744381645672,0.025771263785834463,0.25,恋爱 爱情 情人 伴侣 婚姻 情侣 异性 失恋,情侣 婚姻 失恋 情人 爱情 恋爱 异性 伴侣,爱情 婚姻 恋爱 异性 伴侣 失恋 情侣 情人,恋爱 爱情 情人 伴侣 婚姻 情侣 异性 失恋
616,1,,0.0,0.0,伴随,伴随,伴随,伴随
617,6,0.518264635633169,0.06532820210230593,0.3333333333333333,把手 伸手 使劲 用力 顺手 伸,伸 顺手 用力 把手 使劲 伸手,把手 伸 顺手 用力 伸手 使劲,把手 伸手 使劲 用力 顺手 伸
618,1,,0.0,0.0,伸张,伸张,伸张,伸张
619,6,0.5657539233143569,0.10465259366831801,0.16666666666666666,转动 旋转 摆动 弯曲 伸缩 振动,振动 伸缩 摆动 转动 弯曲 旋转,摆动 伸缩 弯曲 振动 转动 旋转,转动 旋转 摆动 弯曲 伸缩 振动
620,7,0.5227647310227341,0.04863327375243915,0.42857142857142855,侍候 伺候 陪伴 照料 看护 陪 使唤,看护 陪伴 陪 使唤 照料 侍候 伺候,看护 照料 侍候 伺候 使唤 陪 陪伴,侍候 伺候 陪伴 照料 看护 陪 使唤
621,4,0.6198706286167311,0.29150515841035846,0.0,趁 趁机 趁着 伺机,伺机 趁机 趁着 趁,趁机 趁着 伺机 趁,趁 趁机 趁着 伺机
622,7,0.5590600064112103,0.1779806910384652,0.0,看起来 看上去 似乎 看似 看来 显然 看样子,显然 看样子 看来 看似 似乎 看上去 看起来,看来 看起来 看似 似乎 看样子 显然 看上去,看起来 看上去 似乎 看似 看来 显然 看样子
623,1,,0.0,0.0,似是而非,似是而非,似是而非,似是而非
624,1,,0.0,0.0,似曾相识,似曾相识,似曾相识,似曾相识
625,2,0.7023654010455636,0.47881045833646785,0.0,位 名,位 名,名 位,位 名
626,4,0.5518329847432396,0.17891968983574977,0.0,耸立 坐落 屹立 位于,位于 屹立 耸立 坐落,坐落 屹立 耸立 位于,耸立 坐落 屹立 位于
627,5,0.540183799965203,0.09354574013039621,0.0,坐下 座位 坐 位子 就座,位子 坐 坐下 就座 座位,坐 就座 位子 坐下 座位,坐下 座位 坐 位子 就座
628,2,0.5337340026158733,0.17061889453057466,0.0,位置 地位,地位 位置,地位 位置,位置 地位
629,4,0.5195973679003569,0.11890587274308077,0.5,低 高 高低 低下,高低 低下 高 低,低 高 低下 高低,低 高 高低 低下
630,9,0.5659107344593659,0.16447204675852128,0.1111111111111111,低于 高于 小于 超过 大于 超出 远远 超越 超,超 超越 超过 远远 小于 大于 高于 低于,超出 超过 超越 大于 小于 超 远远 低于 高于,低于 高于 小于 超过 大于 超出 远远 超越 超
631,3,0.5661636021176352,0.20763082727424256,0.0,廉价 低价 劣质,低价 劣质 廉价,廉价 劣质 低价,廉价 低价 劣质
632,4,0.5444473709196985,0.15071052999586299,0.0,忽视 忽略 小看 低估,低估 忽略 小看 忽视,小看 忽略 忽视 低估,忽视 忽略 小看 低估
633,4,0.5481766622320938,0.12930957306606292,0.0,抬头 回头 低头 过头,低头 过头 回头 抬头,回头 低头 过头 抬头,抬头 回头 低头 过头
634,11,0.5290386106407537,0.07940781454709898,0.2727272727272727,温度 气温 摄氏度 高温 零下 水温 低温 寒冷 炎热 体温 常温,体温 寒冷 炎热 常温 温度 气温 低温 水温,气温 零下 炎热 寒冷 温度 体温 水温 高温 常温 摄氏度 低温,温度 气温 摄氏度 高温 零下 水温 低温 寒冷 炎热 体温 常温
635,4,0.5564428056607621,0.22417519799783261,0.0,节能 环保 节水 低碳,环保 节水 低碳 节能,环保 节能 节水 低碳,节能 环保 节水 低碳
636,2,0.6964052439475528,0.49010853686961015,0.0,高调 低调,低调 高调,高调 低调,高调 低调
637,2,0.5170390627295662,0.13718086970125487,0.0,住 居住,居住 住,住 居住,住 居住
638,3,0.47639105136967247,-0.0065728763344082295,0.6666666666666666,住址 姓名 住处,住处 姓名 住址,姓名 住处 住址,住址 姓名 住处
639,12,0.5349800328326589,0.030644889811046568,0.4166666666666667,住宅 楼房 房屋 房子 别墅 公寓 栋 幢 新房 住房 写字楼 物业,幢 栋 物业 楼房 住房 别墅 房屋 公寓,房子 房屋 物业 幢 别墅 栋 新房 写字楼 楼房 住房 公寓 住宅,住宅 楼房 房屋 房子 别墅 公寓 栋 幢 新房 住房 写字楼 物业
640,4,0.6023670623340659,0.18406831184912567,0.25,体制 机制 制度 体系,体系 机制 体制 制度,机制 制度 体系 体制,体制 机制 制度 体系
641,3,0.611710647828331,0.2732701967505416,0.0,体能 体力 体质,体质 体力 体能,体能 体质 体力,体能 体力 体质
642,3,0.5930034346849699,0.24486578039311088,0.0,检查 复查 体检,体检 检查 复查,体检 复查 检查,检查 复查 体检
643,7,0.5213770941338753,0.0977001908376817,0.0,展现 体现 展示 反映 揭示 呈现 表现,呈现 揭示 反映 展示 表现 体现 展现,展示 展现 揭示 反映 体现 呈现 表现,展现 体现 展示 反映 揭示 呈现 表现
644,8,0.5697691825649456,0.09188510339257727,0.25,厚度 长度 宽度 尺寸 体积 直径 重量 形状,形状 长度 尺寸 重量 体积 直径 厚度 宽度,厚度 宽度 体积 形状 直径 尺寸 重量 长度,厚度 长度 宽度 尺寸 体积 直径 重量 形状
645,2,0.5474399058383976,0.10866027068519597,0.0,体育 竞技,体育 竞技,体育 竞技,体育 竞技
646,5,0.6008776810796863,0.22502478505630602,0.0,体育场 体育馆 场馆 球场 鸟巢,球场 体育馆 鸟巢 场馆 体育场,球场 鸟巢 体育馆 场馆 体育场,体育场 体育馆 场馆 球场 鸟巢
647,10,0.536707595580963,0.08179873661368176,0.2,关怀 照顾 关照 关爱 爱护 体贴 呵护 体谅 关心 无微不至,体谅 呵护 照顾 爱护 关心 体贴 无微不至 关爱,爱护 关心 关怀 关爱 关照 体谅 体贴 无微不至 照顾 呵护,关怀 照顾 关照 关爱 爱护 体贴 呵护 体谅 关心 无微不至
648,6,0.5134742112480614,0.0681898306228397,0.5,胖 瘦 肥胖 减肥 体重 矮,减肥 体重 矮 肥胖 胖 瘦,矮 瘦 肥胖 体重 减肥 胖,胖 瘦 肥胖 减肥 体重 矮
649,3,0.5881169351674919,0.21171132767536063,0.0,非得 何必 用得着,何必 用得着 非得,用得着 何必 非得,非得 何必 用得着
650,4,0.5638842502136512,0.1884831709186216,0.0,能否 是否 如何 何时,如何 何时 是否 能否,能否 何时 是否 如何,能否 是否 如何 何时
651,3,0.4198841168187462,-0.02092777905976793,0.6666666666666666,多 余 少,余 少 多,多 少 余,多 余 少
652,1,,0.0,0.0,余地,余地,余地,余地
653,1,,0.0,0.0,余额,余额,余额,余额
654,4,0.5628771955011788,0.19590720749303542,0.0,菩萨 和尚 佛 僧人,僧人 和尚 佛 菩萨,僧人 佛 和尚 菩萨,菩萨 和尚 佛 僧人
655,3,0.5417873577257813,0.18015847117123787,0.0,作 做 作出,做 作出 作,做 作 作出,作 做 作出
656,1,,0.0,0.0,作业,作业,作业,作业
657,11,0.5916276846769192,0.23900298149535618,0.0,当作 视为 称作 看作 当成 称为 看成 列为 叫作 定为 作为,列为 叫作 作为 定为 当成 称为 称作 看成,看成 看作 叫作 当作 当成 定为 视为 称作 称为 列为 作为,当作 视为 称作 看作 当成 称为 看成 列为 叫作 定为 作为
658,2,0.7717876351398814,0.5755933917852677,0.0,作客 做客,做客 作客,做客 作客,作客 做客
659,3,0.5366171056830499,0.14831929474374925,0.0,文艺 文艺界 作家,作家 文艺界 文艺,文艺 作家 文艺界,文艺 文艺界 作家
660,9,0.4873294395899788,-0.020256076635705535,0.6666666666666666,对抗 对峙 抗衡 较量 针锋相对 作对 对立 较劲 对弈,对弈 较量 较劲 对立 针锋相对 抗衡 对抗 作对,针锋相对 对弈 对峙 对抗 对立 抗衡 较量 作对 较劲,对抗 对峙 抗衡 较量 针锋相对 作对 对立 较劲 对弈
661,4,0.4723092153612374,0.010327503205491795,0.5,失效 无效 作废 生效,失效 无效 生效 作废,无效 生效 失效 作废,失效 无效 作废 生效
662,5,0.5579740238369848,0.11776309510279645,0.2,作战 战场 战斗 战争 打仗,战争 战斗 打仗 作战 战场,战场 战争 打仗 战斗 作战,作战 战场 战斗 战争 打仗
663,10,0.575520881883961,0.1637946753592497,0.1,试题 试卷 考题 题目 作文 卷子 题 填空 命题 考场,考场 命题 卷子 题 填空 题目 作文 试卷,命题 题目 试题 考场 题 考题 作文 填空 卷子 试卷,试题 试卷 考题 题目 作文 卷子 题 填空 命题 考场
664,15,0.5153488157079736,0.009604432174427958,0.4666666666666667,作物 水稻 小麦 农作物 玉米 棉花 粮食 庄稼 种植 肥料 禾苗 农业,肥料 种植 禾苗 灌溉 农产品 农业 大米 庄稼,玉米 种植 粮食 肥料 小麦 灌溉 大米 棉花 水稻 庄稼 农业 作物,作物 水稻 小麦 农作物 玉米 棉花 粮食 庄稼 种植 肥料 禾苗 农业 农产品 灌溉 大米
665,3,0.4813140434626073,0.08478456357570373,0.0,作用 起到 效应,起到 效应 作用,起到 效应 作用,作用 起到 效应
666,1,,0.0,0.0,作者,作者,作者,作者
667,22,0.5254916167068732,0.01690936992895258,0.5,钦佩 赞叹 敬佩 赞许 称赞 佩服 赞赏 惊叹 敬重 赞扬 感激 羡慕,羡慕 赞美 敬意 崇拜 赞扬 同情 称赞 赞不绝口,佩服 由衷 惊叹 赞叹 赞扬 赞美 敬佩 称赞 崇拜 敬意 同情 赞叹不已,钦佩 赞叹 敬佩 赞许 称赞 佩服 赞赏 惊叹 敬重 赞扬 感激 羡慕 由衷 赞美 尊敬 赞叹不已 敬意 感叹 感慨 同情 赞不绝口 崇拜
668,8,0.5330576434081825,0.033241252341946054,0.375,肩负 担负 承担 重任 担当 责任 负有 使命,责任 使命 负有 承担 重任 担当 担负 肩负,使命 担负 责任 负有 担当 承担 肩负 重任,肩负 担负 承担 重任 担当 责任 负有 使命
669,7,0.49961330514967983,0.027206258351917704,0.42857142857142855,运用 使用 用 采用 利用 动用 应用,应用 动用 利用 使用 采用 运用 用,运用 用 使用 应用 利用 采用 动用,运用 使用 用 采用 利用 动用 应用
670,1,,0.0,0.0,使者,使者,使者,使者
671,4,0.5294222705890377,0.04641696092079382,0.25,吹牛 打牌 侃大山 打架,打牌 吹牛 打架 侃大山,吹牛 侃大山 打牌 打架,吹牛 打牌 侃大山 打架
672,4,0.5358914354852071,0.13389508682581755,0.0,特例 例子 例外 先例,例子 先例 特例 例外,例外 例子 特例 先例,特例 例子 例外 先例
673,9,0.6365631415624682,0.3493252624243173,0.0,譬如 比如 比如说 例如 譬如说 如 如果说 比方 正如,如果说 比方 正如 如 譬如说 例如 譬如 比如说,譬如 如 如果说 譬如说 例如 比如说 比方 比如 正如,譬如 比如 比如说 例如 譬如说 如 如果说 比方 正如
674,1,,0.0,0.0,供,供,供,供
675,8,0.5314321294940431,0.157967522312324,0.125,供应 短缺 供给 供求 紧缺 供不应求 过剩 需求,需求 供给 供不应求 过剩 短缺 紧缺 供应 供求,供应 供求 供给 短缺 需求 供不应求 过剩 紧缺,供应 短缺 供给 供求 紧缺 供不应求 过剩 需求
676,5,0.6035586304179089,0.2051813895780777,0.0,祭祀 祭奠 祭 扫墓 供奉,供奉 扫墓 祭奠 祭祀 祭,祭 扫墓 祭奠 祭祀 供奉,祭祀 祭奠 祭 扫墓 供奉
677,4,0.5201383153488227,0.15800742050617128,0.25,暖气 供暖 取暖 冷气,冷气 取暖 暖气 供暖,取暖 冷气 供暖 暖气,暖气 供暖 取暖 冷气
678,1,,0.0,0.0,依,依,依,依
679,4,0.569248383887054,0.13148783326520114,0.5,恋恋不舍 依依不舍 舍不得 目不转睛,舍不得 目不转睛 依依不舍 恋恋不舍,舍不得 恋恋不舍 依依不舍 目不转睛,恋恋不舍 依依不舍 舍不得 目不转睛
680,2,0.5059944147568294,0.11188349463713748,0.0,围绕 依托,围绕 依托,依托 围绕,围绕 依托
681,9,0.5584495579863723,0.042475258846485925,0.5555555555555556,按照 依照 遵照 根据 遵循 按 依据 参照 遵守,参照 依据 遵循 依照 遵守 按 根据 遵照,按 参照 根据 依据 依照 遵照 遵守 遵循 按照,按照 依照 遵照 根据 遵循 按 依据 参照 遵守
682,3,0.4711377660466812,0.08520636354110193,0.3333333333333333,依次 顺序 分别,顺序 分别 依次,顺序 依次 分别,依次 顺序 分别
683,2,0.5358792219259008,0.11345598619485273,0.0,依法 合法,合法 依法,依法 合法,依法 合法
684,3,0.6452961966201084,0.3399813220268804,0.0,依靠 靠 依赖,靠 依赖 依靠,依赖 依靠 靠,依靠 靠 依赖
685,1,,0.0,0.0,侠义,侠义,侠义,侠义
686,3,0.42275581745299734,-0.10091007720650867,0.6666666666666666,侦察 间谍 机动,间谍 机动 侦察,机动 间谍 侦察,侦察 间谍 机动
687,2,0.5245104304228518,0.1997530355655458,0.0,端 侧,端 侧,侧 端,端 侧
688,4,0.5584939798346872,0.1621625748849968,0.0,反面 正面 侧面 背面,背面 侧面 正面 反面,背面 侧面 反面 正面,反面 正面 侧面 背面
689,12,0.5105445674190325,0.03838400321317755,0.5,侮辱 恐吓 骚扰 殴打 讹诈 虐待 挑衅 敲诈 诽谤 迫害 欺负 威胁,诽谤 欺负 挑衅 殴打 迫害 敲诈 威胁 讹诈,虐待 殴打 敲诈 威胁 迫害 欺负 讹诈 恐吓 骚扰 挑衅 诽谤 侮辱,侮辱 恐吓 骚扰 殴打 讹诈 虐待 挑衅 敲诈 诽谤 迫害 欺负 威胁
690,7,0.5213973915249189,0.07398046927466831,0.42857142857142855,侵占 强占 霸占 占领 瓜分 入侵 占用,瓜分 占用 入侵 占领 霸占 强占 侵占,占用 入侵 霸占 占领 强占 瓜分 侵占,侵占 强占 霸占 占领 瓜分 入侵 占用
691,4,0.5327932250453911,0.09336655169225379,0.25,侵犯 侵害 侵权 抄袭,抄袭 侵权 侵害 侵犯,抄袭 侵权 侵犯 侵害,侵犯 侵害 侵权 抄袭
692,17,0.5462237700583977,0.1048379680071437,0.29411764705882354,急忙 赶忙 连忙 赶紧 慌忙 立刻 立即 马上 当即 随即 赶快 火速,告辞 便 连滚带爬 转身 匆匆 随即 赶快 当即,转身 慌忙 便 立刻 立即 连忙 火速 当即 马上 告辞 赶忙 赶快,急忙 赶忙 连忙 赶紧 慌忙 立刻 立即 马上 当即 随即 赶快 火速 匆匆 便 转身 告辞 连滚带爬
693,6,0.5517994132444368,0.12822985706032822,0.16666666666666666,省钱 便宜 省事 划算 实惠 方便,方便 便宜 实惠 划算 省事 省钱,实惠 省钱 省事 便宜 方便 划算,省钱 便宜 省事 划算 实惠 方便
694,11,0.5312612495559225,0.09953528691097101,0.18181818181818182,就是 是 只是 倒是 却是 便是 可不是 正是 算是 是不是 无非,只是 无非 是不是 算是 倒是 便是 正是 可不是,是不是 正是 可不是 无非 是 只是 倒是 就是 便是 算是 却是,就是 是 只是 倒是 却是 便是 可不是 正是 算是 是不是 无非
695,8,0.5313284024139551,0.13438407893917387,0.125,收据 支票 欠条 发票 借条 凭证 账单 便条,账单 便条 支票 凭证 发票 借条 收据 欠条,欠条 凭证 收据 发票 借条 便条 支票 账单,收据 支票 欠条 发票 借条 凭证 账单 便条
696,3,0.43604401208566573,-0.010942426167807917,0.6666666666666666,小路 荆棘 便道,荆棘 便道 小路,便道 小路 荆棘,小路 荆棘 便道
697,1,,0.0,0.0,促成,促成,促成,促成
698,1,,0.0,0.0,俊,俊,俊,俊
699,1,,0.0,0.0,保,保,保,保
700,6,0.5335659789495818,0.13515720551265298,0.16666666666666666,修理 维修 保养 修车 保修 修补,修补 修车 保修 保养 维修 修理,维修 保养 保修 修补 修车 修理,修理 维修 保养 修车 保修 修补
701,6,0.5076659979304199,0.061164871259416186,0.3333333333333333,保健 美容 护理 按摩 养生 理发,养生 理发 保健 护理 按摩 美容,护理 保健 美容 理发 养生 按摩,保健 美容 护理 按摩 养生 理发
702,4,0.5851849157254049,0.21864722450655485,0.0,保卫 捍卫 维护 保护,保护 保卫 维护 捍卫,保护 保卫 维护 捍卫,保卫 捍卫 维护 保护
703,4,0.4692891942480826,-0.0614726331205577,0.75,保姆 家政 家教 房东,房东 保姆 家教 家政,保姆 家政 家教 房东,保姆 家政 家教 房东
704,7,0.5003288083846533,0.048112033731731195,0.42857142857142855,储存 贮藏 存放 保存 保鲜 保管 冷冻,冷冻 保存 保鲜 保管 存放 储存 贮藏,保鲜 贮藏 保管 保存 冷冻 存放 储存,储存 贮藏 存放 保存 保鲜 保管 冷冻
705,1,,0.0,0.0,保守,保守,保守,保守
706,2,0.5109727113827145,0.02039225494353157,0.5,保安 治安,治安 保安,保安 治安,保安 治安
707,4,0.5085885407753193,0.03942897670008665,0.25,机密 秘密 保密 情报,情报 保密 机密 秘密,机密 保密 秘密 情报,机密 秘密 保密 情报
708,5,0.546879827777143,0.18422405501131658,0.0,延续 持续 维持 保持 继续,继续 持续 延续 保持 维持,持续 延续 保持 维持 继续,延续 持续 维持 保持 继续
709,2,0.6230620733513773,0.2849413506910657,0.0,透气 保暖,透气 保暖,透气 保暖,透气 保暖
710,4,0.5305616710088142,0.1821600957026156,0.0,留 留下 遗留 保留,遗留 保留 留 留下,留 保留 遗留 留下,留 留下 遗留 保留
711,2,0.6654284639811293,0.34143987416907207,0.0,保障 保证,保证 保障,保障 保证,保障 保证
712,3,0.5594083498011843,0.18848302931344066,0.0,过期 保质期 变质,变质 保质期 过期,保质期 变质 过期,过期 保质期 变质
713,3,0.44254055090357847,-0.060907418207298634,0.6666666666666666,转告 告知 保重,保重 告知 转告,保重 转告 告知,转告 告知 保重
714,2,0.6351033991030526,0.36438270912912096,0.0,险 保险,险 保险,保险 险,险 保险
715,1,,0.0,0.0,信,信,信,信
716,8,0.5416871276477446,0.11843011938918815,0.125,信件 贺信 回信 电报 贺电 来信 公开信 封,封 信件 公开信 回信 来信 贺电 电报 贺信,封 电报 公开信 贺信 贺电 回信 信件 来信,信件 贺信 回信 电报 贺电 来信 公开信 封
717,4,0.6239764399498909,0.266171297510008,0.0,信任 认可 信赖 认同,认同 信赖 认可 信任,信赖 认同 认可 信任,信任 认可 信赖 认同
718,1,,0.0,0.0,信号,信号,信号,信号
719,11,0.477069280509898,-0.010391747945804152,0.45454545454545453,礼品 礼物 贺卡 请柬 请帖 喜糖 送礼 红包 信封 卡片 礼,卡片 送礼 喜糖 信封 礼 红包 请帖 请柬,礼 请帖 送礼 请柬 红包 礼物 卡片 礼品 贺卡 喜糖 信封,礼品 礼物 贺卡 请柬 请帖 喜糖 送礼 红包 信封 卡片 礼
720,5,0.5331513026016796,0.07315634617100406,0.2,斗志 士气 振作 振奋 信心,信心 振奋 斗志 振作 士气,斗志 振作 振奋 士气 信心,斗志 士气 振作 振奋 信心
721,1,,0.0,0.0,信息,信息,信息,信息
722,2,0.5464145907060223,0.13384173134112018,0.0,诚信 信用,诚信 信用,诚信 信用,诚信 信用
723,2,0.5541693655215327,0.1243109484636665,0.0,信用卡 卡,信用卡 卡,卡 信用卡,信用卡 卡
724,6,0.5553718245970323,0.11295156813862324,0.16666666666666666,邮件 电子邮件 短信 邮箱 信箱 发送,邮箱 电子邮件 发送 短信 信箱 邮件,邮件 邮箱 短信 电子邮件 发送 信箱,邮件 电子邮件 短信 邮箱 信箱 发送
725,4,0.6027408938796981,0.25462132721943076,0.0,贷款 抵押 担保 信贷,贷款 信贷 担保 抵押,抵押 贷款 信贷 担保,贷款 抵押 担保 信贷
726,2,0.5012722857966054,0.06860380296277445,0.0,修路 修,修路 修,修 修路,修路 修
727,4,0.6281721488846351,0.25518286985167116,0.0,素养 修养 素质 教养,教养 素质 修养 素养,素养 素质 修养 教养,素养 修养 素质 教养
728,4,0.5424169314556767,0.09608377256860638,0.25,恢复 修复 复原 重建,复原 重建 恢复 修复,恢复 重建 修复 复原,恢复 修复 复原 重建
729,10,0.5640682107339217,0.15449564259592832,0.0,兴建 修建 建成 动工 建造 扩建 竣工 建 建设 开工,建 开工 修建 竣工 建设 建造 动工 建成,建 竣工 开工 扩建 兴建 建成 建造 建设 修建 动工,兴建 修建 建成 动工 建造 扩建 竣工 建 建设 开工
730,5,0.5358136980050995,0.1029319637685375,0.4,修改 更改 改动 改变 修正,改变 修正 更改 改动 修改,改变 改动 更改 修改 修正,修改 更改 改动 改变 修正
731,8,0.5657016558561943,0.17448693597039186,0.125,制订 制定 颁布 起草 拟定 修订 出台 编制,编制 修订 出台 拟定 颁布 起草 制定 制订,颁布 制订 起草 编制 制定 修订 拟定 出台,制订 制定 颁布 起草 拟定 修订 出台 编制
732,2,0.5311709046078187,0.13254082473595608,0.0,俯首 跪,俯首 跪,俯首 跪,俯首 跪
733,1,,0.0,0.0,俱乐部,俱乐部,俱乐部,俱乐部
734,1,,0.0,0.0,倍,倍,倍,倍
735,4,0.5302077743532357,0.1586012495371905,0.0,摔倒 晕倒 倒下 倒,倒 倒下 晕倒 摔倒,倒 摔倒 倒下 晕倒,摔倒 晕倒 倒下 倒
736,8,0.5371192199941424,0.04727813886934549,0.125,走私 盗窃 诈骗 团伙 倒卖 贩卖 假冒 犯罪,假冒 诈骗 犯罪 盗窃 团伙 倒卖 贩卖 走私,犯罪 团伙 倒卖 贩卖 诈骗 盗窃 走私 假冒,走私 盗窃 诈骗 团伙 倒卖 贩卖 假冒 犯罪
737,6,0.5557552023079988,0.13206243436170126,0.16666666666666666,毁坏 损坏 毁 烧毁 倒塌 损,倒塌 损 烧毁 损坏 毁 毁坏,损 毁 毁坏 倒塌 损坏 烧毁,毁坏 损坏 毁 烧毁 倒塌 损
738,3,0.4683292724193809,0.05591241321456453,0.3333333333333333,倒计时 倒数 计时,倒数 计时 倒计时,倒计时 倒数 计时,倒计时 倒数 计时
739,9,0.49593334539621065,0.028247205195339235,0.4444444444444444,刹车 转弯 车速 倒车 减速 超车 超速 熄火 方向盘,转弯 方向盘 熄火 车速 减速 刹车 超车 超速,熄火 方向盘 车速 超车 超速 减速 刹车 转弯 倒车,刹车 转弯 车速 倒车 减速 超车 超速 熄火 方向盘
740,3,0.5706056389399914,0.20977044285815363,0.0,倒闭 破产 停业,停业 破产 倒闭,停业 破产 倒闭,倒闭 破产 停业
741,4,0.5208603386691997,0.0957075652069657,0.0,倒霉 完蛋 遭殃 活该,完蛋 活该 遭殃 倒霉,完蛋 活该 遭殃 倒霉,倒霉 完蛋 遭殃 活该
742,7,0.5686551301838242,0.16213373548120108,0.14285714285714285,发脾气 脾气 暴躁 发怒 发火 吵架 倔,吵架 倔 暴躁 脾气 发怒 发火 发脾气,倔 吵架 发怒 发火 脾气 发脾气 暴躁,发脾气 脾气 暴躁 发怒 发火 吵架 倔
743,5,0.605418478424081,0.17591851069870296,0.0,顽强 坚韧 坚强 倔强 勇敢,勇敢 坚强 倔强 顽强 坚韧,坚强 顽强 勇敢 坚韧 倔强,顽强 坚韧 坚强 倔强 勇敢
744,4,0.43071248837540094,-0.04551138135542732,0.5,挨 挨着 倚 打,打 倚 挨 挨着,倚 打 挨 挨着,挨 挨着 倚 打
745,3,0.4582781276775964,0.005336156202496153,0.6666666666666666,借用 借 引用,引用 借 借用,借 借用 引用,借用 借 引用
746,3,0.6103201931426452,0.264470212413497,0.0,通过 透过 借助,借助 通过 透过,通过 借助 透过,通过 透过 借助
747,2,0.6178036211033959,0.2993831663088029,0.0,借口 理由,借口 理由,借口 理由,借口 理由
748,2,0.5631587593566567,0.18615760394513886,0.0,借鉴 参考,借鉴 参考,参考 借鉴,借鉴 参考
749,3,0.5702959184326953,0.18153190626167418,0.0,号召 呼吁 倡议,呼吁 倡议 号召,呼吁 倡议 号召,号召 呼吁 倡议
750,1,,0.0,0.0,债,债,债,债
751,5,0.5161740049850033,0.11299072479490549,0.2,偿还 还款 归还 返还 债务,债务 还款 返还 归还 偿还,偿还 还款 债务 返还 归还,偿还 还款 归还 返还 债务
752,1,,0.0,0.0,值,值,值,值
753,1,,0.0,0.0,值得,值得,值得,值得
754,6,0.5336755065128145,0.14490178065094766,0.0,加班 夜班 通宵 熬夜 开夜车 值班,值班 通宵 开夜车 夜班 熬夜 加班,通宵 开夜车 加班 值班 熬夜 夜班,加班 夜班 通宵 熬夜 开夜车 值班
755,3,0.5501524107632816,0.18852963469223596,0.0,贵重 名贵 值钱,值钱 名贵 贵重,名贵 贵重 值钱,贵重 名贵 值钱
756,3,0.5840995746553576,0.20228477776175083,0.3333333333333333,偏向 倾向 偏,偏 倾向 偏向,偏向 偏 倾向,偏向 倾向 偏
757,4,0.49621990518282266,0.06531712498368508,0.25,听取 征求 倾听 意见,意见 倾听 征求 听取,征求 听取 倾听 意见,听取 征求 倾听 意见
758,1,,0.0,0.0,倾家荡产,倾家荡产,倾家荡产,倾家荡产
759,1,,0.0,0.0,倾斜,倾斜,倾斜,倾斜
760,7,0.5281256638336299,0.037444138690991995,0.2857142857142857,心声 心里话 心事 倾诉 心愿 心意 诉说,倾诉 诉说 心意 心愿 心事 心声 心里话,心里话 倾诉 心意 心愿 心事 心声 诉说,心声 心里话 心事 倾诉 心愿 心意 诉说
761,1,,0.0,0.0,倾销,倾销,倾销,倾销
762,2,0.5249075378884986,0.10958360946511533,0.0,冒充 假,冒充 假,假 冒充,冒充 假
763,2,0.8286152215173073,0.6831598302043053,0.0,假设 假定,假设 假定,假设 假定,假设 假定
764,1,,0.0,0.0,假装,假装,假装,假装
765,5,0.6273234386144612,0.27514990779687076,0.0,偏僻 偏远 边远 山区 僻静,僻静 山区 边远 偏僻 偏远,偏僻 僻静 偏远 边远 山区,偏僻 偏远 边远 山区 僻静
766,9,0.5106641696300224,0.03528598666000324,0.3333333333333333,错误 失误 过错 差错 偏差 疏忽 过失 错 误差,错 疏忽 误差 过失 失误 过错 偏差 错误,偏差 误差 疏忽 失误 错 错误 过错 差错 过失,错误 失误 过错 差错 偏差 疏忽 过失 错 误差
767,2,0.6160944907701682,0.32068604858851124,0.0,药方 偏方,偏方 药方,偏方 药方,药方 偏方
768,4,0.5736794056407556,0.16410706117632076,0.0,误解 误会 隔阂 偏见,偏见 隔阂 误解 误会,误会 偏见 隔阂 误解,误解 误会 隔阂 偏见
769,2,0.5394856793744878,0.19257588731282976,0.0,达到 做到,达到 做到,达到 做到,达到 做到
770,2,0.5780845601365578,0.21898354396068528,0.0,梦 做梦,梦 做梦,梦 做梦,梦 做梦
771,7,0.5219802992554632,0.11769991449769876,0.14285714285714285,看法 想法 观点 见解 说法 做法 立场,立场 想法 做法 见解 说法 观点 看法,看法 立场 想法 观点 说法 做法 见解,看法 想法 观点 见解 说法 做法 立场
772,5,0.5131897475654036,0.12865416107941885,0.0,做生意 谋生 经商 打工 生意,生意 打工 谋生 经商 做生意,谋生 做生意 生意 打工 经商,做生意 谋生 经商 打工 生意
773,2,0.5114517438028857,0.13707547104186935,0.0,停 歇,停 歇,停 歇,停 歇
774,5,0.46498847199671844,0.0035211481122849773,0.6,站住 停下 站立 走开 站,站立 走开 停下 站 站住,停下 站 站立 站住 走开,站住 停下 站立 走开 站
775,6,0.5673408938580347,0.2075036367372264,0.16666666666666666,停车位 车位 停车场 停车 停放 床位,床位 停放 停车 停车场 车位 停车位,床位 停放 车位 停车位 停车场 停车,停车位 车位 停车场 停车 停放 床位
776,15,0.5557077848193553,0.1190801843129349,0.26666666666666666,船只 渔船 船 艘 军舰 船舶 船员 停泊 轮船 航行 帆船 潜艇,帆船 船长 渔民 潜艇 游船 船员 船舶 停泊,帆船 停泊 船舶 潜艇 游船 船长 轮船 船员 船只 艘 船 军舰,船只 渔船 船 艘 军舰 船舶 船员 停泊 轮船 航行 帆船 潜艇 游船 船长 渔民
777,3,0.5317012814751594,0.12933862324060655,0.0,停电 故障 火灾,火灾 故障 停电,停电 火灾 故障,停电 故障 火灾
778,2,0.5428968118481878,0.20140903660059783,0.0,停留 滞留,滞留 停留,停留 滞留,停留 滞留
779,1,,0.0,0.0,健康,健康,健康,健康
780,2,0.5053554836435936,0.08901548002980039,0.0,健身 运动,健身 运动,运动 健身,健身 运动
781,7,0.5500797446371666,0.1637766614939969,0.0,歌星 影星 明星 巨星 艺人 偶像 大腕儿,大腕儿 艺人 偶像 巨星 歌星 明星 影星,艺人 明星 偶像 巨星 影星 大腕儿 歌星,歌星 影星 明星 巨星 艺人 偶像 大腕儿
782,8,0.6102357253243482,0.29478666900265216,0.0,恰巧 碰巧 恰好 刚好 正好 凑巧 偶然 巧合,巧合 偶然 刚好 凑巧 碰巧 恰好 正好 恰巧,恰巧 恰好 偶然 巧合 刚好 碰巧 凑巧 正好,恰巧 碰巧 恰好 刚好 正好 凑巧 偶然 巧合
783,5,0.525256430412062,0.09076727024744849,0.2,偷 偷看 偷窥 窃取 盗,窃取 盗 偷 偷看 偷窥,偷 窃取 盗 偷看 偷窥,偷 偷看 偷窥 窃取 盗
784,6,0.5426315340488496,0.14302562789076728,0.16666666666666666,偷偷 暗中 暗地里 悄悄 私下 默默,默默 私下 悄悄 偷偷 暗地里 暗中,暗中 偷偷 默默 私下 暗地里 悄悄,偷偷 暗中 暗地里 悄悄 私下 默默
785,4,0.4593507079595889,-0.020643019345355052,0.5,偷懒 懒 贪 耍赖,贪 耍赖 偷懒 懒,耍赖 懒 偷懒 贪,偷懒 懒 贪 耍赖
786,3,0.43397579242098017,0.013127409311878497,0.6666666666666666,后备 后备箱 储备,后备箱 储备 后备,后备 储备 后备箱,后备 后备箱 储备
787,5,0.523533660399323,0.09857167414935933,0.0,存款 储蓄 理财 活期 银行,活期 存款 理财 银行 储蓄,银行 储蓄 活期 理财 存款,存款 储蓄 理财 活期 银行
788,1,,0.0,0.0,催,催,催,催
789,14,0.5499223220565524,0.06722215416275287,0.2857142857142857,劝说 劝 劝告 恳求 催促 嘱咐 叮嘱 劝阻 告诫 哀求 吩咐 说服,催促 敦促 告诫 逼迫 吩咐 哀求 嘱咐 恳求,哀求 劝 敦促 告诫 劝阻 劝说 说服 叮嘱 催促 劝告 嘱咐 逼迫,劝说 劝 劝告 恳求 催促 嘱咐 叮嘱 劝阻 告诫 哀求 吩咐 说服 敦促 逼迫
790,2,0.5332404455931998,0.17688144661022048,0.0,催眠 麻醉,麻醉 催眠,催眠 麻醉,催眠 麻醉
791,1,,0.0,0.0,傲,傲,傲,傲
792,3,0.5472815484292468,0.09962247234372669,0.0,傻 傻瓜 笨,傻瓜 傻 笨,傻 笨 傻瓜,傻 傻瓜 笨
793,1,,0.0,0.0,像样,像样,像样,像样
794,1,,0.0,0.0,僵,僵,僵,僵
795,2,0.5050282377430433,0.1084473903916024,0.0,僵局 打破,僵局 打破,僵局 打破,僵局 打破
796,3,0.4825987688331664,0.02074369825576616,0.3333333333333333,哺育 孕育 儿女,儿女 孕育 哺育,哺育 孕育 儿女,哺育 孕育 儿女
797,7,0.5469610694765392,0.1374579978370649,0.14285714285714285,青少年 少年 儿童 青年 未成年人 少儿 妇女,妇女 未成年人 儿童 青年 少儿 少年 青少年,未成年人 青少年 妇女 青年 儿童 少年 少儿,青少年 少年 儿童 青年 未成年人 少儿 妇女
798,3,0.5170967754286498,0.07804286672807804,0.3333333333333333,符号 记号 元素,元素 记号 符号,元素 记号 符号,符号 记号 元素
799,1,,0.0,0.0,元老,元老,元老,元老
800,11,0.4933976281112038,0.09302131591147851,0.18181818181818182,议会 首相 内阁 国会 总统 议员 首脑 总理 元首 大臣 联邦,联邦 首脑 大臣 议员 元首 国会 总统 总理,内阁 总理 总统 联邦 国会 大臣 议员 议会 首相 首脑 元首,议会 首相 内阁 国会 总统 议员 首脑 总理 元首 大臣 联邦
801,1,,0.0,0.0,兄弟,兄弟,兄弟,兄弟
802,1,,0.0,0.0,充,充,充,充
803,3,0.5547033789444847,0.14496584599761214,0.0,充足 足够 充分,充足 足够 充分,足够 充足 充分,充足 足够 充分
804,4,0.5052694909406436,0.021112669397805546,0.25,充沛 旺盛 强劲 饱满,旺盛 强劲 充沛 饱满,旺盛 强劲 充沛 饱满,充沛 旺盛 强劲 饱满
805,3,0.5036848131085431,0.08106606046871757,0.0,充满 富有 十足,富有 十足 充满,充满 富有 十足,充满 富有 十足
806,4,0.6106909341118784,0.20359274560938298,0.0,充电器 充电 电池 电源,充电 电源 充电器 电池,充电器 电源 电池 充电,充电器 充电 电池 电源
807,5,0.534615803236776,0.11662527121335116,0.2,势头 迹象 苗头 趋势 兆头,兆头 趋势 迹象 苗头 势头,迹象 苗头 趋势 势头 兆头,势头 迹象 苗头 趋势 兆头
808,3,0.4721080271762175,0.05036353921555081,0.3333333333333333,先 首先 再,再 首先 先,先 再 首先,先 首先 再
809,6,0.5550402723245947,0.17833637845801364,0.0,相继 接连 陆续 先后 率先 接二连三,接二连三 率先 接连 陆续 相继 先后,接二连三 陆续 相继 率先 先后 接连,相继 接连 陆续 先后 率先 接二连三
810,5,0.4719174137052541,0.0554648554332741,0.4,先天 天生 得天独厚 天然 后天,天然 得天独厚 后天 天生 先天,得天独厚 后天 天然 天生 先天,先天 天生 得天独厚 天然 后天
811,3,0.5734023354280555,0.2539214279980733,0.0,女士 先生 小姐,小姐 先生 女士,小姐 女士 先生,女士 先生 小姐
812,4,0.44954961392492016,0.0637497299739889,0.0,领先 领军 先锋 先进,先进 先锋 领军 领先,先锋 先进 领军 领先,领先 领军 先锋 先进
813,1,,0.0,0.0,光,光,光,光
814,3,0.5394742351063871,0.16178403726594334,0.0,光临 光顾 捧场,捧场 光临 光顾,光临 光顾 捧场,光临 光顾 捧场
815,5,0.5530946611983779,0.10006371362339779,0.0,光辉 光芒 光彩 照耀 辉煌,照耀 辉煌 光芒 光彩 光辉,光彩 光芒 光辉 照耀 辉煌,光辉 光芒 光彩 照耀 辉煌
816,3,0.5147274662685255,0.14897693526586747,0.0,曙光 光明 黎明,黎明 光明 曙光,光明 黎明 曙光,曙光 光明 黎明
817,3,0.4760781919022133,0.010800093301089754,0.3333333333333333,大公无私 光明磊落 公仆,公仆 光明磊落 大公无私,光明磊落 大公无私 公仆,大公无私 光明磊落 公仆
818,12,0.5176219223763205,-0.013709596234692721,0.5,柔软 光滑 晶莹 光泽 细腻 坚硬 柔和 红润 明亮 粗糙 碧绿 质地,红润 碧绿 柔和 晶莹 明亮 粗糙 质地 细腻,粗糙 光滑 光泽 质地 红润 碧绿 细腻 明亮 柔和 晶莹 柔软 坚硬,柔软 光滑 晶莹 光泽 细腻 坚硬 柔和 红润 明亮 粗糙 碧绿 质地
819,2,0.5060337556107275,0.06725745091755687,0.0,光环 头衔,头衔 光环,光环 头衔,光环 头衔
820,5,0.609876537328368,0.2722155170804586,0.0,光盘 光碟 盗版 磁带 正版,磁带 正版 盗版 光盘 光碟,正版 光盘 光碟 磁带 盗版,光盘 光碟 盗版 磁带 正版
821,1,,0.0,0.0,光线,光线,光线,光线
822,1,,0.0,0.0,克,克,克,克
823,4,0.5144914949671099,0.09653046843319099,0.25,忍耐 耐性 耐心 克制,克制 耐心 忍耐 耐性,忍耐 克制 耐性 耐心,忍耐 耐性 耐心 克制
824,8,0.5077442301537101,0.016461905951643496,0.5,消除 破除 克服 解决 破解 扫除 化解 摆脱,摆脱 破解 扫除 化解 消除 破除 解决 克服,解决 克服 扫除 消除 破解 摆脱 破除 化解,消除 破除 克服 解决 破解 扫除 化解 摆脱
825,2,0.5172243838012204,0.12658376339560076,0.0,复制 克隆,克隆 复制,克隆 复制,复制 克隆
826,5,0.46074939908347384,0.015468624730245389,0.4,取消 免除 废除 撤销 免,免 撤销 取消 废除 免除,取消 免 废除 免除 撤销,取消 免除 废除 撤销 免
827,13,0.4965210537121999,0.04194532273450749,0.23076923076923078,辞职 辞退 离职 免职 解雇 开除 罢免 撤换 退学 辞呈 解散 出走,出走 跳槽 解散 退学 解雇 开除 撤换 罢免,撤换 开除 罢免 解散 辞退 辞职 出走 辞呈 退学 免职 离职 跳槽,辞职 辞退 离职 免职 解雇 开除 罢免 撤换 退学 辞呈 解散 出走 跳槽
828,1,,0.0,0.0,免费,免费,免费,免费
829,4,0.512622843998571,0.08001826437745166,0.0,外币 外汇 兑换 货币,货币 外币 兑换 外汇,货币 外汇 外币 兑换,外币 外汇 兑换 货币
830,3,0.5482080269484828,0.23083667598309077,0.0,承诺 诺言 兑现,兑现 诺言 承诺,诺言 承诺 兑现,承诺 诺言 兑现
831,4,0.44047885294137096,-0.01919801197167263,0.5,政党 政权 党 领袖,领袖 政权 党 政党,党 领袖 政党 政权,政党 政权 党 领袖
832,6,0.5295279557252524,0.07080592289972513,0.0,兜儿 拎 挎 揣 兜 筐,筐 挎 拎 揣 兜儿 兜,兜 筐 拎 挎 揣 兜儿,兜儿 拎 挎 揣 兜 筐
833,6,0.5059240306196011,0.1017393436627418,0.16666666666666666,进入 步入 走进 进 入 踏上,踏上 走进 进 入 步入 进入,入 进入 步入 进 踏上 走进,进入 步入 走进 进 入 踏上
834,1,,0.0,0.0,入口,入口,入口,入口
835,3,0.6289397354348022,0.29099549330743885,0.0,入场 进场 出场,出场 进场 入场,进场 入场 出场,入场 进场 出场
836,2,0.5165067706298205,0.12275540747677376,0.0,入场券 名额,名额 入场券,入场券 名额,入场券 名额
837,3,0.6448816150091524,0.3479630302433832,0.0,入境 出境 过境,过境 出境 入境,入境 出境 过境,入境 出境 过境
838,4,0.4891719673661193,0.07051550023228478,0.25,着手 抓紧 加紧 入手,入手 加紧 抓紧 着手,入手 着手 加紧 抓紧,着手 抓紧 加紧 入手
839,4,0.4924571358958924,0.07168424190627548,0.5,纳入 列入 入选 融入,融入 入选 列入 纳入,入选 纳入 融入 列入,纳入 列入 入选 融入
840,3,0.4498901745159552,0.0502165696171434,0.3333333333333333,新手 新人 入门,入门 新人 新手,入门 新手 新人,新手 新人 入门
841,5,0.5810897142069609,0.1953484865347919,0.0,全都 统统 通通 全部 全,全 统统 全部 通通 全都,全 通通 统统 全都 全部,全都 统统 通通 全部 全
842,2,0.5636784188864532,0.25747644458329266,0.0,全体 广大,广大 全体,全体 广大,全体 广大
843,14,0.5383019248509804,0.06808514698996346,0.2857142857142857,竭尽全力 竭力 尽力 全力 极力 想方设法 努力 千方百计 设法 全力以赴 拼命 奋力,致力于 奋力 拼命 试图 努力 全力 全力以赴 设法,致力于 全力 千方百计 极力 尽力 竭尽全力 想方设法 奋力 全力以赴 竭力 设法 试图,竭尽全力 竭力 尽力 全力 极力 想方设法 努力 千方百计 设法 全力以赴 拼命 奋力 试图 致力于
844,2,0.5573791245870017,0.1877308744423975,0.0,在场 全场,在场 全场,全场 在场,在场 全场
845,4,0.49078363583307977,0.04552386311515888,0.5,家里 在家 全家 家务,全家 家务 家里 在家,家里 全家 家务 在家,家里 在家 全家 家务
846,3,0.618360420923674,0.3119938840039556,0.0,大局 全局 顾全大局,顾全大局 全局 大局,大局 全局 顾全大局,大局 全局 顾全大局
847,3,0.5033272809483362,0.12339633374327992,0.3333333333333333,年度 年终 全年,全年 年终 年度,年度 年终 全年,年度 年终 全年
848,1,,0.0,0.0,全文,全文,全文,全文
849,4,0.5255433346808962,0.1077937474649644,0.25,全新 崭新 新 新款,新款 新 崭新 全新,新 新款 全新 崭新,全新 崭新 新 新款
850,2,0.5800708075846595,0.2525042655117766,0.0,全方位 全面,全面 全方位,全方位 全面,全方位 全面
851,1,,0.0,0.0,全程,全程,全程,全程
852,7,0.5240674515702155,0.060300570180616915,0.2857142857142857,肌肉 皮肤 关节 肢体 全身 面部 神经,面部 皮肤 神经 关节 全身 肌肉 肢体,肢体 关节 肌肉 神经 皮肤 面部 全身,肌肉 皮肤 关节 肢体 全身 面部 神经
853,1,,0.0,0.0,全长,全长,全长,全长
854,1,,0.0,0.0,八卦,八卦,八卦,八卦
855,1,,0.0,0.0,公,公,公,公
856,7,0.5545038133471281,0.14637885401891126,0.2857142857142857,王后 公主 皇后 国王 王子 皇帝 夫人,皇帝 夫人 国王 皇后 王子 公主 王后,皇帝 皇后 国王 夫人 公主 王子 王后,王后 公主 皇后 国王 王子 皇帝 夫人
857,11,0.5175667596552409,0.0753289431999461,0.09090909090909091,私家车 车辆 出租车 公交车 货车 警车 司机 车主 大巴 机动车 公车,大巴 货车 公车 机动车 公交车 警车 车辆 车主,出租车 车辆 司机 私家车 大巴 警车 公车 车主 公交车 货车 机动车,私家车 车辆 出租车 公交车 货车 警车 司机 车主 大巴 机动车 公车
858,2,0.5734771973250128,0.1832475308787182,0.0,微信 公众,公众 微信,微信 公众,微信 公众
859,1,,0.0,0.0,公元,公元,公元,公元
860,2,0.5668285412305143,0.18781231287737882,0.0,公用 公共,公共 公用,公共 公用,公用 公共
861,2,0.6102597363263709,0.24203684989108656,0.0,公共场所 场所,公共场所 场所,公共场所 场所,公共场所 场所
862,16,0.5153235419010452,0.08535728363496646,0.1875,列车 火车 慢车 电车 车站 车厢 公共汽车 卧铺 车票 快车 特快 缆车,车票 车厢 晚点 公共汽车 站台 巴士 缆车 地铁,缆车 晚点 火车 地铁 快车 站台 公共汽车 列车 车厢 车站 车票 巴士,列车 火车 慢车 电车 车站 车厢 公共汽车 卧铺 车票 快车 特快 缆车 地铁 巴士 站台 晚点
863,2,0.5096972342278728,0.16235058468267757,0.0,公关 广告,广告 公关,广告 公关,公关 广告
864,5,0.5240215041034512,0.10515451579345629,0.2,通知 通告 通知书 公函 通报,通报 公函 通告 通知书 通知,通告 通知书 公函 通报 通知,通知 通告 通知书 公函 通报
865,4,0.464766371123381,0.03415585792322606,0.25,公费 自费 报销 公务,公务 自费 报销 公费,公费 自费 报销 公务,公费 自费 报销 公务
866,2,0.5559471810986365,0.2411740671844645,0.0,公务员 公职,公职 公务员,公务员 公职,公务员 公职
867,1,,0.0,0.0,公司,公司,公司,公司
868,5,0.5353747456060729,0.09445279240095848,0.2,公布 披露 发布 公告 公示,公示 发布 披露 公告 公布,发布 披露 公告 公布 公示,公布 披露 发布 公告 公示
869,13,0.5475027025107473,0.12082822345903833,0.15384615384615385,墓 坟墓 墓地 坟 葬 墓碑 公墓 遗体 葬礼 尸体 陪葬 遗物,遗物 葬礼 棺材 尸体 遗体 公墓 墓碑 陪葬,尸体 墓地 坟 墓 葬礼 棺材 陪葬 遗体 葬 遗物 坟墓 公墓,墓 坟墓 墓地 坟 葬 墓碑 公墓 遗体 葬礼 尸体 陪葬 遗物 棺材
870,6,0.5472854860078321,0.1103830121923854,0.3333333333333333,公正 公平 正义 公道 正直 平等,平等 正直 正义 公道 公平 公正,平等 正直 公道 公平 公正 正义,公正 公平 正义 公道 正直 平等
871,1,,0.0,0.0,公开,公开,公开,公开
872,3,0.4408531096225867,-0.022667931151608024,0.3333333333333333,计算 计 公式,公式 计算 计,计算 计 公式,计算 计 公式
873,6,0.560203343836052,0.15751732003236255,0.0,受贿 贿赂 贪污 公款 回扣 腐败,腐败 回扣 公款 贪污 受贿 贿赂,贪污 贿赂 腐败 受贿 回扣 公款,受贿 贿赂 贪污 公款 回扣 腐败
874,2,0.5154695808975831,0.14361949272353436,0.0,公民 国民,公民 国民,国民 公民,公民 国民
875,5,0.5500727309573087,0.10182167597117311,0.2,猖狂 公然 放肆 竟敢 大肆,放肆 竟敢 大肆 猖狂 公然,猖狂 放肆 大肆 公然 竟敢,猖狂 公然 放肆 竟敢 大肆
876,1,,0.0,0.0,公益性,公益性,公益性,公益性
877,3,0.5690233577404857,0.22628463105910077,0.0,养老金 养老 公积金,公积金 养老 养老金,公积金 养老 养老金,养老金 养老 公积金
878,2,0.6142664826302936,0.2548231810408059,0.0,民办 公立,民办 公立,民办 公立,民办 公立
879,5,0.5663205598784236,0.1829579014925183,0.0,条约 协定 公约 宣言 条款,宣言 条款 协定 公约 条约,宣言 条约 条款 协定 公约,条约 协定 公约 宣言 条款
880,4,0.49495489436007284,0.0686145229107042,0.0,当之无愧 名副其实 堪称 公认,名副其实 公认 堪称 当之无愧,名副其实 公认 当之无愧 堪称,当之无愧 名副其实 堪称 公认
881,10,0.5160815391933845,0.08245469241378978,0.3,公路 高速公路 路段 铁路 通车 路面 隧道 车道 道路 高铁,高铁 道路 车道 隧道 路段 路面 铁路 通车,高速公路 通车 隧道 道路 车道 铁路 公路 路面 高铁 路段,公路 高速公路 路段 铁路 通车 路面 隧道 车道 道路 高铁
882,2,0.5053687564500207,0.07150678347534964,0.0,时速 公里,公里 时速,时速 公里,时速 公里
883,1,,0.0,0.0,共享,共享,共享,共享
884,4,0.6165749691093697,0.31439599074762153,0.0,联手 携手 共同 联合,共同 联合 携手 联手,联手 共同 联合 携手,联手 携手 共同 联合
885,3,0.5432469760692406,0.17200528938100823,0.0,同盟 联盟 共同体,共同体 同盟 联盟,联盟 同盟 共同体,同盟 联盟 共同体
886,1,,0.0,0.0,共性,共性,共性,共性
887,1,,0.0,0.0,共识,共识,共识,共识
888,3,0.5230364125274863,0.0897672673850758,0.0,同感 共鸣 好感,好感 共鸣 同感,同感 好感 共鸣,同感 共鸣 好感
889,4,0.5762382822199187,0.1462585347620471,0.0,关掉 关上 关闭 打开,关闭 打开 关上 关掉,关上 关掉 关闭 打开,关掉 关上 关闭 打开
890,3,0.5357914930769837,0.19580256438353483,0.0,有关 相关 关于,关于 相关 有关,关于 有关 相关,有关 相关 关于
891,4,0.5722466951669902,0.2501439991271244,0.0,关头 危急 千钧一发 时刻,时刻 危急 千钧一发 关头,时刻 关头 危急 千钧一发,关头 危急 千钧一发 时刻
892,2,0.7029968316251448,0.45789366702085765,0.0,开机 关机,关机 开机,关机 开机,开机 关机
893,5,0.4983853603603395,0.1195624398230009,0.0,看重 看好 重视 看中 关注,重视 关注 看好 看中 看重,看好 看中 关注 重视 看重,看重 看好 重视 看中 关注
894,5,0.559059383466096,0.11558146818905102,0.0,关税 征收 税收 减免 税,税收 减免 关税 征收 税,征收 税 关税 减免 税收,关税 征收 税收 减免 税
895,2,0.5076655530446619,0.130953857051136,0.0,关联 关系,关系 关联,关系 关联,关联 关系
896,1,,0.0,0.0,兴奋剂,兴奋剂,兴奋剂,兴奋剂
897,6,0.5470426818463808,0.11527037636416948,0.0,昌盛 繁荣 兴旺 富强 复兴 振兴,兴旺 富强 复兴 繁荣 振兴 昌盛,昌盛 兴旺 振兴 繁荣 富强 复兴,昌盛 繁荣 兴旺 富强 复兴 振兴
898,5,0.49955454136811045,0.01707527701110967,0.4,热情 积极性 劲头 兴致 意愿,意愿 劲头 兴致 积极性 热情,热情 积极性 意愿 劲头 兴致,热情 积极性 劲头 兴致 意愿
899,5,0.5292129312319034,0.03172193640762601,0.2,掀起 热潮 高潮 兴起 掀,兴起 掀 热潮 高潮 掀起,热潮 掀 掀起 兴起 高潮,掀起 热潮 高潮 兴起 掀
900,3,0.5772967394782458,0.2051808426552051,0.3333333333333333,满怀 怀着 兴高采烈,兴高采烈 怀着 满怀,兴高采烈 怀着 满怀,满怀 怀着 兴高采烈
901,5,0.5676590841318313,0.1758402676936213,0.0,士兵 官兵 战士 军人 兵,军人 战士 兵 官兵 士兵,兵 官兵 战士 士兵 军人,士兵 官兵 战士 军人 兵
902,1,,0.0,0.0,其,其,其,其
903,3,0.491856409939819,0.09553738167514726,0.3333333333333333,其余 其他 其中,其他 其中 其余,其余 其中 其他,其余 其他 其中
904,2,0.5372455277225094,0.1861112099872507,0.0,期间 其间,期间 其间,其间 期间,期间 其间
905,3,0.518036815362967,0.12464603893033394,0.0,详细 简要 具体,具体 简要 详细,简要 具体 详细,详细 简要 具体
906,5,0.5676237378718675,0.14359597773998375,0.2,具有 拥有 有着 具备 有,有 有着 具备 拥有 具有,有 拥有 有着 具备 具有,具有 拥有 有着 具备 有
907,4,0.4670306277913667,0.04215072947427828,0.5,常见 常用 典型 司空见惯,司空见惯 典型 常用 常见,典型 司空见惯 常用 常见,常见 常用 典型 司空见惯
908,4,0.4553535784129569,-0.025550553483927665,0.75,勒 扎 塞 兹,塞 扎 兹 勒,兹 勒 塞 扎,勒 扎 塞 兹
909,7,0.5028796947498044,0.029480463130998717,0.5714285714285714,收养 领养 抚养 收留 养 孤儿 养活,养活 养 抚养 孤儿 领养 收留 收养,养 收留 收养 领养 抚养 养活 孤儿,收养 领养 抚养 收留 养 孤儿 养活
910,8,0.5854184459960283,0.17880709263853878,0.0,饲养 家禽 养殖 喂养 奶牛 牲畜 饲料 繁殖,繁殖 饲料 奶牛 喂养 养殖 牲畜 家禽 饲养,奶牛 饲料 饲养 牲畜 繁殖 养殖 家禽 喂养,饲养 家禽 养殖 喂养 奶牛 牲畜 饲料 繁殖
911,2,0.5249182317072457,0.08810146103508104,0.0,养老院 诊所,诊所 养老院,诊所 养老院,养老院 诊所
912,1,,0.0,0.0,兼容,兼容,兼容,兼容
913,2,0.5801358441988043,0.21448667240724045,0.0,顾及 兼顾,顾及 兼顾,顾及 兼顾,顾及 兼顾
914,1,,0.0,0.0,内向,内向,内向,内向
915,3,0.5220382882705286,0.15402254711367533,0.0,本质 实质 内在,内在 实质 本质,内在 本质 实质,本质 实质 内在
916,2,0.5913040297438076,0.24473724951083187,0.0,内地 大陆,大陆 内地,大陆 内地,内地 大陆
917,4,0.6193698243060591,0.23320442454696014,0.0,硬盘 磁盘 内存 服务器,服务器 内存 磁盘 硬盘,服务器 硬盘 磁盘 内存,硬盘 磁盘 内存 服务器
918,1,,0.0,0.0,内容,内容,内容,内容
919,1,,0.0,0.0,内幕,内幕,内幕,内幕
920,7,0.5300012138688793,0.11151114109222758,0.14285714285714285,心中 心里 内心 脑海 心目 眼里 心,心 眼里 脑海 内心 心目 心里 心中,眼里 心 心目 心中 内心 心里 脑海,心中 心里 内心 脑海 心目 眼里 心
921,5,0.5878819667124183,0.2054776908942877,0.0,涵义 含义 内涵 意义 蕴涵,蕴涵 意义 内涵 含义 涵义,蕴涵 意义 涵义 内涵 含义,涵义 含义 内涵 意义 蕴涵
922,3,0.6394131550132014,0.3847842852514714,0.0,内行 外行 行家,行家 外行 内行,内行 行家 外行,内行 外行 行家
923,3,0.49392393623281006,0.11167866572573719,0.3333333333333333,外部 内部 外界,外界 内部 外部,内部 外部 外界,外部 内部 外界
924,1,,0.0,0.0,内需,内需,内需,内需
925,3,0.3874028367129836,-0.13123538428416456,0.6666666666666666,回收 收回 再生,收回 再生 回收,再生 收回 回收,回收 收回 再生
926,2,0.5118412897600135,0.14663931288143667,0.0,晚安 再见,再见 晚安,再见 晚安,晚安 再见
927,1,,0.0,0.0,冒,冒,冒,冒
928,4,0.4771525489380772,0.007551976819014473,0.5,得罪 冒犯 怠慢 惹,惹 怠慢 冒犯 得罪,得罪 惹 冒犯 怠慢,得罪 冒犯 怠慢 惹
929,3,0.5050595574413831,0.07780158362689006,0.0,冒险 惊险 危险,危险 惊险 冒险,危险 冒险 惊险,冒险 惊险 危险
930,4,0.5252582124194921,0.11527831996340865,0.25,枯燥 冗长 单调 简短,简短 单调 冗长 枯燥,简短 冗长 单调 枯燥,枯燥 冗长 单调 简短
931,2,0.6841475958450305,0.44202916072623205,0.0,写照 缩影,缩影 写照,写照 缩影,写照 缩影
932,10,0.5177089187776835,0.0014474752609509671,0.5,海军 陆军 空军 部队 军官 军队 军事 后勤 司令 参谋,司令 军事 军官 参谋 部队 后勤 军队 海军,参谋 海军 空军 后勤 司令 部队 军队 陆军 军官 军事,海军 陆军 空军 部队 军官 军队 军事 后勤 司令 参谋
933,4,0.5841257935353587,0.17255377341873718,0.0,牧场 农场 庄园 果园,农场 果园 庄园 牧场,果园 牧场 庄园 农场,牧场 农场 庄园 果园
934,3,0.5549887417189999,0.18309735109607583,0.0,冤枉 冤 无辜,无辜 冤 冤枉,无辜 冤 冤枉,冤枉 冤 无辜
935,11,0.6120590253164265,0.2231318732341948,0.2727272727272727,秋天 春季 秋季 夏季 冬季 夏天 冬天 春天 季节 时节 四季,四季 季节 时节 冬季 夏季 春天 冬天 秋季,冬季 冬天 四季 季节 时节 春天 春季 秋天 秋季 夏天 夏季,秋天 春季 秋季 夏季 冬季 夏天 冬天 春天 季节 时节 四季
936,3,0.5323920944621979,0.09928115706002259,0.0,冰 结冰 冻,冰 结冰 冻,冰 冻 结冰,冰 结冰 冻
937,2,0.5224159338952223,0.11377839889270376,0.0,冰山 冰雪,冰雪 冰山,冰雪 冰山,冰山 冰雪
938,28,0.5316345052203487,0.06400021353207408,0.25,果汁 酸奶 饮料 牛奶 橙汁 饼干 汽水 薯片 可乐 奶茶 巧克力 果酱,红酒 啤酒 面包 纯净水 喝 牛奶 糖果 饼干,纯净水 矿泉水 巧克力 喝 饼干 方便面 面包 果汁 酸奶 零食 可乐 红茶,果汁 酸奶 饮料 牛奶 橙汁 饼干 汽水 薯片 可乐 奶茶 巧克力 果酱 咖啡 豆浆 红茶 红酒 啤酒 罐头 面包 矿泉水 糖果 零食 喝 口香糖 方便面 冰棍儿 绿茶 纯净水
939,10,0.5473828509687972,0.14956779813245438,0.1,洗衣机 冰箱 彩电 热水器 空调 电视机 电饭锅 微波炉 家电 电器,电视机 电器 微波炉 彩电 空调 电饭锅 家电 热水器,热水器 微波炉 彩电 电器 洗衣机 空调 电饭锅 冰箱 家电 电视机,洗衣机 冰箱 彩电 热水器 空调 电视机 电饭锅 微波炉 家电 电器
940,1,,0.0,0.0,冲,冲,冲,冲
941,6,0.523775599352414,0.13087624005834955,0.3333333333333333,撞击 冲撞 碰撞 撞 摩擦 冲击,冲击 撞 摩擦 碰撞 冲撞 撞击,撞击 撞 冲击 冲撞 摩擦 碰撞,撞击 冲撞 碰撞 撞 摩擦 冲击
942,1,,0.0,0.0,冲刺,冲刺,冲刺,冲刺
943,3,0.5680777446308077,0.19725533394883046,0.0,冲动 欲望 念头,念头 欲望 冲动,冲动 欲望 念头,冲动 欲望 念头
944,8,0.5326232106495873,0.11429963831277684,0.125,清洗 干净 洗 冲洗 洁净 清洁 消毒 打扫,打扫 消毒 冲洗 清洁 洗 洁净 清洗 干净,洗 冲洗 清洁 清洗 洁净 消毒 打扫 干净,清洗 干净 洗 冲洗 洁净 清洁 消毒 打扫
945,3,0.5476114000107487,0.1949754997607223,0.0,冲浪 钓鱼 潜水,潜水 冲浪 钓鱼,潜水 冲浪 钓鱼,冲浪 钓鱼 潜水
946,1,,0.0,0.0,决定,决定,决定,决定
947,1,,0.0,0.0,决策,决策,决策,决策
948,2,0.5167203592997405,0.16271888378157545,0.0,声明 决议,决议 声明,决议 声明,声明 决议
949,5,0.5354380769709198,-0.030239747814524355,0.4,暖 暖和 冷 凉 温暖,温暖 冷 暖和 凉 暖,冷 凉 暖 温暖 暖和,暖 暖和 冷 凉 温暖
950,1,,0.0,0.0,冷战,冷战,冷战,冷战
951,2,0.5144503860150565,0.07907527201803735,0.0,冷水 泼冷水,冷水 泼冷水,冷水 泼冷水,冷水 泼冷水
952,8,0.5585469815676785,0.1133637878050465,0.25,摇头 苦笑 点头 冷笑 说道 扭头 道 皱,扭头 皱 道 点头 冷笑 摇头 说道 苦笑,皱 冷笑 道 苦笑 点头 扭头 摇头 说道,摇头 苦笑 点头 冷笑 说道 扭头 道 皱
953,1,,0.0,0.0,冷落,冷落,冷落,冷落
954,3,0.5651884585331824,0.15936140073925387,0.0,冷门 热门 爆冷门,爆冷门 热门 冷门,冷门 热门 爆冷门,冷门 热门 爆冷门
955,1,,0.0,0.0,冻结,冻结,冻结,冻结
956,1,,0.0,0.0,净,净,净,净
957,4,0.4585683748119839,-0.0025780952773559046,0.5,过滤 筛选 筛 净化,净化 筛选 筛 过滤,筛选 筛 净化 过滤,过滤 筛选 筛 净化
958,10,0.5196080730070134,0.05146529987304584,0.3,孤独 寂寞 孤单 凄凉 荒凉 寂静 孤零零 空荡荡 空虚 独自,独自 空虚 寂静 荒凉 孤零零 凄凉 空荡荡 寂寞,孤零零 荒凉 独自 空荡荡 寂静 寂寞 空虚 凄凉 孤单 孤独,孤独 寂寞 孤单 凄凉 荒凉 寂静 孤零零 空荡荡 空虚 独自
959,1,,0.0,0.0,准,准,准,准
960,3,0.5096004671238328,0.04113210032074912,0.3333333333333333,准则 原则 标准,标准 原则 准则,准则 原则 标准,准则 原则 标准
961,2,0.6333339331587493,0.34395698152069865,0.0,预备 准备,准备 预备,准备 预备,预备 准备
962,4,0.5134222166313088,0.1481545363112706,0.0,定时 按时 准时 定期,定期 定时 准时 按时,准时 定时 定期 按时,定时 按时 准时 定期
963,6,0.5543030258371666,0.12225168063873582,0.16666666666666666,准确 恰当 确切 精确 正确 贴切,恰当 正确 贴切 确切 精确 准确,正确 恰当 确切 准确 贴切 精确,准确 恰当 确切 精确 正确 贴切
964,10,0.5233125483999128,0.05888832084953605,0.2,舒服 凉快 凉爽 爽 痛快 舒畅 清凉 爽快 舒适 过瘾,过瘾 舒适 清凉 凉爽 凉快 痛快 爽快 舒畅,爽快 舒畅 舒服 爽 痛快 清凉 凉快 凉爽 舒适 过瘾,舒服 凉快 凉爽 爽 痛快 舒畅 清凉 爽快 舒适 过瘾
965,23,0.5279951182697057,0.025501288056353152,0.34782608695652173,煮 炖 煎 汁 拌 蒸 开水 锅 熬 煲 蘸 烫,凉水 香油 碗 调料 搅拌 淋 糊 浸泡,搅拌 勺 碗 糊 熬 煲 煮 煎 炖 烫 拌 汤,煮 炖 煎 汁 拌 蒸 开水 锅 熬 煲 蘸 烫 勺 汤 搅拌 碗 淋 凉水 香油 调料 浸泡 糊 泡
966,3,0.5761195630704813,0.2511925297728707,0.0,减 增 降,降 增 减,减 增 降,减 增 降
967,1,,0.0,0.0,减压,减压,减压,减压
968,14,0.525604255745512,0.028799917969780108,0.42857142857142855,增加 降低 增大 增强 提高 减少 减轻 减弱 加重 提升 削弱 加剧,增大 减弱 减轻 提升 削弱 扩大 加剧 加深,加重 增强 增大 增加 扩大 加深 加剧 提升 减轻 降低 减少 减弱,增加 降低 增大 增强 提高 减少 减轻 减弱 加重 提升 削弱 加剧 加深 扩大
969,3,0.5071629985969751,0.12625290774820827,0.0,凑合 勉强 凑,勉强 凑 凑合,凑 勉强 凑合,凑合 勉强 凑
970,4,0.4877231319546376,-0.009502006778630072,0.75,凝固 融化 溶解 静止,溶解 静止 融化 凝固,静止 溶解 融化 凝固,凝固 融化 溶解 静止
971,8,0.5254878715527859,0.1307085667668774,0.125,汇聚 汇集 聚集 集结 凝聚 集合 聚 汇合,集合 凝聚 汇合 集结 聚 聚集 汇集 汇聚,汇集 集结 汇聚 汇合 凝聚 聚 聚集 集合,汇聚 汇集 聚集 集结 凝聚 集合 聚 汇合
972,3,0.44625213493425325,-0.015716483940059506,0.6666666666666666,完全 彻底 几乎,几乎 彻底 完全,彻底 完全 几乎,完全 彻底 几乎
973,2,0.7783282002321593,0.6254952487332177,0.0,概率 几率,几率 概率,概率 几率,概率 几率
974,2,0.7177595778620118,0.4967588636032765,0.0,凡 凡是,凡 凡是,凡 凡是,凡 凡是
975,1,,0.0,0.0,凤凰,凤凰,凤凰,凤凰
976,3,0.6660456313615639,0.39040279828565044,0.0,凭着 凭借 凭,凭借 凭 凭着,凭 凭借 凭着,凭着 凭借 凭
977,1,,0.0,0.0,凯歌,凯歌,凯歌,凯歌
978,4,0.5209567189979563,0.06545068476866407,0.25,恶 凶 贼 贱,恶 凶 贼 贱,凶 恶 贼 贱,恶 凶 贼 贱
979,4,0.5768295497917445,0.1384048755186665,0.0,罪犯 歹徒 凶手 同伙,同伙 罪犯 凶手 歹徒,同伙 凶手 歹徒 罪犯,罪犯 歹徒 凶手 同伙
980,4,0.5412821761464405,0.17979745380753803,0.0,猛 猛烈 凶猛 狠,狠 猛烈 凶猛 猛,猛 狠 凶猛 猛烈,猛 猛烈 凶猛 狠
981,6,0.5296714886868233,0.14497483551092338,0.0,凹 圆形 圆 凸 形 扁,扁 凹 形 凸 圆形 圆,圆形 凹 凸 圆 形 扁,凹 圆形 圆 凸 形 扁
982,5,0.5450197092619004,0.14810153734734208,0.0,显 显出 凸显 显现 显得,显得 凸显 显现 显出 显,显 凸显 显现 显得 显出,显 显出 凸显 显现 显得
983,1,,0.0,0.0,出,出,出,出
984,3,0.5857565021425324,0.22236182368286986,0.0,出丑 出洋相 出风头,出风头 出洋相 出丑,出风头 出丑 出洋相,出丑 出洋相 出风头
985,5,0.5924620025030854,0.2302419987877616,0.0,来源于 源于 出自 来自 出于,出于 来源于 来自 出自 源于,出自 来自 出于 源于 来源于,来源于 源于 出自 来自 出于
986,5,0.5898850115354968,0.24647962873449042,0.0,意料之外 意料 出人意料 意外 惊喜,惊喜 意外 出人意料 意料 意料之外,惊喜 出人意料 意外 意料 意料之外,意料之外 意料 出人意料 意外 惊喜
987,2,0.6540465884222582,0.40412681567006403,0.0,进出 出入,进出 出入,进出 出入,进出 出入
988,2,0.5529603611760386,0.17260337329505326,0.0,出示 出具,出示 出具,出具 出示,出示 出具
989,4,0.5727435931722936,0.24292976791319612,0.0,派出 派遣 派 出动,出动 派遣 派 派出,派 派遣 出动 派出,派出 派遣 派 出动
990,2,0.5736161551936054,0.265976355530571,0.0,背叛 出卖,背叛 出卖,背叛 出卖,背叛 出卖
991,1,,0.0,0.0,出厂,出厂,出厂,出厂
992,3,0.4614516123487323,0.027773254046083513,0.3333333333333333,出发点 出发 宗旨,宗旨 出发 出发点,宗旨 出发 出发点,出发点 出发 宗旨
993,5,0.5543453508786966,0.11015626993380767,0.4,进出口 外贸 出口 贸易 海关,贸易 海关 出口 外贸 进出口,海关 贸易 出口 外贸 进出口,进出口 外贸 出口 贸易 海关
994,2,0.5430403216971977,0.12406210919990501,0.0,口才 出口成章,口才 出口成章,口才 出口成章,口才 出口成章
995,2,0.5825410712520297,0.21642638528456143,0.0,转让 出售,出售 转让,转让 出售,转让 出售
996,4,0.5241258323790517,0.04603484051452328,0.25,留学 出国 回国 勤工俭学,勤工俭学 回国 出国 留学,勤工俭学 回国 出国 留学,留学 出国 回国 勤工俭学
997,4,0.49557969459624757,0.04817560199253801,0.5,遗址 出土 发掘 古迹,发掘 古迹 出土 遗址,发掘 遗址 出土 古迹,遗址 出土 发掘 古迹
998,1,,0.0,0.0,出头,出头,出头,出头
999,3,0.46496457111814493,-0.03238365710748113,0.6666666666666666,淘汰 出局 落后,落后 出局 淘汰,落后 出局 淘汰,淘汰 出局 落后
1000,3,0.5518241657548292,0.14905465056350484,0.0,出差 探亲 外出,探亲 外出 出差,探亲 出差 外出,出差 探亲 外出
1001,3,0.506690240876382,0.06512030347678233,0.3333333333333333,本事 本钱 出息,出息 本钱 本事,本事 出息 本钱,本事 本钱 出息
1002,2,0.5180314439022565,0.09100585617379563,0.0,阔绰 出手,出手 阔绰,出手 阔绰,阔绰 出手
1003,1,,0.0,0.0,出毛病,出毛病,出毛病,出毛病
1004,22,0.5325597674949588,0.08836077796636903,0.13636363636363635,咳嗽 头晕 呕吐 疼痛 痒 腹泻 疼 发炎 心慌 发热 肿 感冒,晕车 恶心 肿 出血 心慌 胀 过敏 咳,咳 心慌 疼 痒 痛 腹泻 晕车 疼痛 发热 发烧 发炎 出血,咳嗽 头晕 呕吐 疼痛 痒 腹泻 疼 发炎 心慌 发热 肿 感冒 出血 发烧 痛 失眠 咳 出汗 胀 晕车 恶心 过敏
1005,2,0.5888532247854035,0.19917811727913176,0.0,出版社 报社,报社 出版社,报社 出版社,出版社 报社
1006,5,0.47114839758222704,-0.008826836924254377,0.6,出现 浮现 涌现 重现 发生,重现 发生 涌现 浮现 出现,涌现 重现 浮现 发生 出现,出现 浮现 涌现 重现 发生
1007,4,0.4768497629162634,-0.004529736292488956,0.75,出生 祖籍 出身 生,祖籍 出身 生 出生,祖籍 生 出身 出生,出生 祖籍 出身 生
1008,7,0.4700494848878717,0.020676260188129975,0.42857142857142855,租金 房租 租 租赁 出租 房价 利息,利息 房价 出租 租赁 房租 租 租金,房租 租 利息 租赁 租金 出租 房价,租金 房租 租 租赁 出租 房价 利息
1009,3,0.5038985770617487,0.07728394845090437,0.0,来访 出访 接待,接待 出访 来访,出访 来访 接待,来访 出访 接待
1010,2,0.5084019974094305,0.14456955005626254,0.0,拟 出资,出资 拟,拟 出资,拟 出资
1011,4,0.557748094200386,0.1392142999838044,0.25,门路 路子 出路 途径,途径 出路 门路 路子,门路 出路 路子 途径,门路 路子 出路 途径
1012,3,0.5043338382127179,0.09703428903413132,0.0,演艺圈 出道 模特儿,出道 模特儿 演艺圈,模特儿 演艺圈 出道,演艺圈 出道 模特儿
1013,2,0.551151915396078,0.11145205793039996,0.0,刁难 出难题,刁难 出难题,出难题 刁难,刁难 出难题
1014,1,,0.0,0.0,出面,出面,出面,出面
1015,13,0.5404673761298809,0.10791788012662695,0.23076923076923078,硕士 研究生 本科 学位 攻读 学士 学历 毕业 文凭 进修 函授 博士,本科 博士 进修 在职 毕业 学历 攻读 文凭,研究生 在职 博士 进修 本科 函授 硕士 毕业 攻读 学士 学历 文凭,硕士 研究生 本科 学位 攻读 学士 学历 毕业 文凭 进修 函授 博士 在职
1016,4,0.5157732339242642,0.05187673521633307,0.25,刻 凿 雕 碑,雕 凿 碑 刻,凿 刻 碑 雕,刻 凿 雕 碑
1017,16,0.5397325251975783,0.05092165305241128,0.375,棍子 钳子 剪子 剪刀 叉子 刷子 梳子 铲子 筷子 绳子 竹竿 斧子,尺子 斧子 刀 棍 绳子 钩子 梳子 竹竿,叉子 刀 筷子 棍 绳子 刷子 斧子 钳子 钩子 剪刀 剪子 竹竿,棍子 钳子 剪子 剪刀 叉子 刷子 梳子 铲子 筷子 绳子 竹竿 斧子 棍 刀 钩子 尺子
1018,1,,0.0,0.0,分,分,分,分
1019,2,0.7166479402095047,0.49110583613412523,0.0,分成 分为,分成 分为,分成 分为,分成 分为
1020,1,,0.0,0.0,分享,分享,分享,分享
1021,4,0.3984815030278124,-0.08307350880940431,0.75,切割 切 分割 激光,分割 激光 切 切割,切 激光 切割 分割,切割 切 分割 激光
1022,2,0.5330157209176021,0.13720785186781886,0.0,分化 分裂,分裂 分化,分裂 分化,分化 分裂
1023,21,0.5364865496281492,-0.017675619800815043,0.5238095238095238,非常 很 十分 极为 极其 比较 格外 更加 相当 越发 分外 多么,越来越 比较 异常 愈来愈 蛮 越发 更 相当,越发 越来越 尤为 太 很 愈来愈 无比 更 挺 异常 极为 极其,非常 很 十分 极为 极其 比较 格外 更加 相当 越发 分外 多么 越来越 尤为 愈来愈 无比 挺 蛮 太 更 异常
1024,5,0.4849801752782783,0.019569755292380354,0.4,恰到好处 恰如其分 分寸 巧妙 火候,巧妙 分寸 恰如其分 火候 恰到好处,巧妙 火候 恰到好处 恰如其分 分寸,恰到好处 恰如其分 分寸 巧妙 火候
1025,4,0.4866822304973528,0.04376496457946259,0.5,遍布 布满 覆盖 分布,布满 分布 覆盖 遍布,覆盖 遍布 布满 分布,遍布 布满 覆盖 分布
1026,2,0.6805108023756018,0.3846993539167588,0.0,分离 分开,分开 分离,分离 分开,分离 分开
1027,4,0.5536770171512293,0.15703353866642517,0.0,求婚 表白 约会 分手,分手 约会 求婚 表白,约会 分手 求婚 表白,求婚 表白 约会 分手
1028,3,0.4894856048285276,0.0546589003756572,0.3333333333333333,负担 分担 担子,担子 分担 负担,负担 分担 担子,负担 分担 担子
1029,1,,0.0,0.0,分支,分支,分支,分支
1030,2,0.5538921138269572,0.2249278990347583,0.0,集中 分散,分散 集中,集中 分散,集中 分散
1031,14,0.5387427565650525,0.005095259825509698,0.35714285714285715,考试 录取 高考 报考 考生 笔试 招生 考 口试 面试 理科 分数,理科 志愿 口试 考 面试 分数 笔试 考试,笔试 升学 口试 录取 考生 考 考试 高考 招生 理科 分数 报考,考试 录取 高考 报考 考生 笔试 招生 考 口试 面试 理科 分数 升学 志愿
1032,1,,0.0,0.0,分明,分明,分明,分明
1033,3,0.595646227255595,0.2643731683792916,0.0,解析 解读 分析,分析 解读 解析,解析 分析 解读,解析 解读 分析
1034,5,0.5241871705009385,0.15731609540321087,0.0,类型 类别 种类 类 分类,类型 类 分类 种类 类别,类 种类 类型 类别 分类,类型 类别 种类 类 分类
1035,1,,0.0,0.0,分红,分红,分红,分红
1036,2,0.5648924699546533,0.25542925452134685,0.0,分组 抽签,抽签 分组,抽签 分组,分组 抽签
1037,1,,0.0,0.0,分解,分解,分解,分解
1038,1,,0.0,0.0,分赃,分赃,分赃,分赃
1039,7,0.5910433209810654,0.225652432350457,0.0,辨别 分辨 辨认 鉴别 识别 区分 真假,区分 真假 识别 辨认 鉴别 分辨 辨别,辨认 区分 真假 分辨 辨别 识别 鉴别,辨别 分辨 辨认 鉴别 识别 区分 真假
1040,1,,0.0,0.0,分配,分配,分配,分配
1041,1,,0.0,0.0,分量,分量,分量,分量
1042,8,0.5211524944371637,0.08374739287828993,0.25,钟头 分钟 小时 星期 钟 天 礼拜 秒,秒 星期 礼拜 钟 钟头 天 小时 分钟,天 秒 礼拜 分钟 钟 小时 钟头 星期,钟头 分钟 小时 星期 钟 天 礼拜 秒
1043,3,0.44668549665955126,-0.00431854602404257,0.6666666666666666,落实 切实 执行,切实 执行 落实,落实 切实 执行,落实 切实 执行
1044,1,,0.0,0.0,切除,切除,切除,切除
1045,5,0.6099766564253273,0.19351590983729916,0.2,报刊 刊物 报纸 杂志 刊登,刊登 报纸 杂志 刊物 报刊,报刊 报纸 刊物 刊登 杂志,报刊 刊物 报纸 杂志 刊登
1046,5,0.5691530488584198,0.167673804605301,0.2,法律 宪法 法规 刑法 法制,法规 法制 刑法 宪法 法律,法律 法制 宪法 法规 刑法,法律 宪法 法规 刑法 法制
1047,1,,0.0,0.0,划,划,划,划
1048,5,0.581910436832434,0.14145003534399916,0.2,界线 界限 界定 划分 边界,划分 边界 界定 界限 界线,划分 界限 界线 边界 界定,界线 界限 界定 划分 边界
1049,2,0.5546526445753343,0.20702233794825048,0.0,里程碑 划时代,划时代 里程碑,里程碑 划时代,里程碑 划时代
1050,3,0.5281134270168523,0.13215368174929912,0.0,船桨 划船 龙舟,划船 船桨 龙舟,龙舟 船桨 划船,船桨 划船 龙舟
1051,3,0.45663561804869984,0.005952926619994072,0.6666666666666666,排列 整齐 列,列 整齐 排列,列 排列 整齐,排列 整齐 列
1052,4,0.4651289877822465,0.004781167305360443,0.75,更是 则 可谓 同样,可谓 同样 则 更是,则 同样 更是 可谓,更是 则 可谓 同样
1053,3,0.6526406811557908,0.3660823551604646,0.0,刚刚 刚 刚才,刚才 刚刚 刚,刚 刚才 刚刚,刚刚 刚 刚才
1054,20,0.5153307940969447,-0.018437143268905387,0.5,朴实 质朴 谦逊 沉稳 纯朴 稳重 文雅 敦厚 豁达 和蔼 风趣 含蓄,含蓄 谦虚 得体 幽默 刚毅 和蔼 沉稳 文雅,质朴 含蓄 纯朴 得体 宽厚 谦逊 和蔼 幽默 谦虚 沉稳 敦厚 活泼,朴实 质朴 谦逊 沉稳 纯朴 稳重 文雅 敦厚 豁达 和蔼 风趣 含蓄 朴素 幽默 谦虚 刚毅 耿直 得体 活泼 宽厚
1055,2,0.5547245253862768,0.20271377598762258,0.0,融 创,融 创,创 融,融 创
1056,2,0.573661696883731,0.2172474348842549,0.0,创新 创业,创新 创业,创业 创新,创新 创业
1057,4,0.47446580216279394,-0.011203097149034235,0.75,创作 原创 改编 制作,制作 改编 原创 创作,改编 制作 原创 创作,创作 原创 改编 制作
1058,3,0.4437377386262467,0.023144306933030028,0.6666666666666666,发起人 发起 创始人,发起 创始人 发起人,创始人 发起人 发起,发起人 发起 创始人
1059,8,0.5722465408122884,0.14907343757959501,0.0,建立 组建 创建 成立 设立 创立 构建 搭建,设立 创立 构建 搭建 创建 成立 组建 建立,组建 建立 搭建 成立 创建 创立 设立 构建,建立 组建 创建 成立 设立 创立 构建 搭建
1060,4,0.4969589774531596,0.01445379237988394,0.25,创意 构思 设计 灵感,设计 创意 构思 灵感,灵感 创意 设计 构思,创意 构思 设计 灵感
1061,6,0.5234199646099857,0.06872447058542958,0.16666666666666666,营造 塑造 打造 创造 造就 树立,造就 创造 营造 树立 打造 塑造,树立 打造 营造 创造 造就 塑造,营造 塑造 打造 创造 造就 树立
1062,2,0.5352175670638886,0.12112421144090846,0.0,初 末,末 初,初 末,初 末
1063,1,,0.0,0.0,初一,初一,初一,初一
1064,5,0.5485268361483066,0.16848041595302288,0.0,早期 初期 后期 前期 晚期,晚期 初期 前期 后期 早期,早期 晚期 后期 初期 前期,早期 初期 后期 前期 晚期
1065,2,0.6084388019145374,0.3255888851031856,0.0,首次 初次,首次 初次,初次 首次,首次 初次
1066,1,,0.0,0.0,初步,初步,初步,初步
1067,7,0.5562080805867641,0.12401184883333403,0.2857142857142857,用意 本意 目的 意图 初衷 意思 动机,动机 意思 初衷 意图 目的 本意 用意,用意 意图 意思 本意 初衷 目的 动机,用意 本意 目的 意图 初衷 意思 动机
1068,1,,0.0,0.0,删,删,删,删
1069,7,0.5446933964830697,0.06214590986756443,0.2857142857142857,去除 去掉 除去 剔除 清除 扣除 删除,删除 清除 扣除 去掉 剔除 除去 去除,剔除 删除 扣除 去掉 去除 清除 除去,去除 去掉 除去 剔除 清除 扣除 删除
1070,2,0.5051143972335284,0.0801922019854268,0.0,罚 判,判 罚,判 罚,罚 判
1071,4,0.5854143251624832,0.1409300484403157,0.25,认定 判定 评定 鉴定,评定 判定 鉴定 认定,判定 评定 鉴定 认定,认定 判定 评定 鉴定
1072,4,0.5475860640461964,0.051022040923855635,0.25,评判 衡量 判断 好坏,好坏 判断 评判 衡量,衡量 判断 评判 好坏,评判 衡量 判断 好坏
1073,7,0.4997543072761013,0.015539897435286562,0.2857142857142857,刨 锯 剥 扒 割 撬 铲,剥 铲 割 锯 扒 撬 刨,刨 剥 割 撬 扒 锯 铲,刨 锯 剥 扒 割 撬 铲
1074,1,,0.0,0.0,利,利,利,利
1075,3,0.4867121672565884,0.09706499406922593,0.3333333333333333,利害 得失 利益,利益 得失 利害,得失 利益 利害,利害 得失 利益
1076,3,0.4854292421760152,0.10594852221819062,0.0,失业率 物价 利率,物价 利率 失业率,物价 利率 失业率,失业率 物价 利率
1077,3,0.4345306257545843,-0.025774330895968256,0.6666666666666666,流利 口音 利索,口音 利索 流利,流利 口音 利索,流利 口音 利索
1078,4,0.5193769661355615,0.09972410331561535,0.25,吃力 费劲 别扭 力不从心,力不从心 别扭 费劲 吃力,力不从心 别扭 费劲 吃力,吃力 费劲 别扭 力不从心
1079,4,0.4950745271183748,0.0636396941904889,0.25,有的 别的 的 有的是,别的 有的 的 有的是,的 别的 有的 有的是,有的 别的 的 有的是
1080,2,0.5617130768517923,0.15003097252838132,0.0,吹 刮,吹 刮,刮 吹,吹 刮
1081,2,0.6569685683459277,0.44168522183584846,0.0,至 到,到 至,到 至,至 到
1082,1,,0.0,0.0,到位,到位,到位,到位
1083,5,0.4906319673948579,-0.0015388523260765647,0.4,到处 大街小巷 随处可见 处处 街头,到处 随处可见 街头 大街小巷 处处,到处 随处可见 街头 处处 大街小巷,到处 大街小巷 随处可见 处处 街头
1084,3,0.6568464353834164,0.36825267355468033,0.0,归根到底 说到底 到头来,到头来 说到底 归根到底,说到底 归根到底 到头来,归根到底 说到底 到头来
1085,4,0.4547322629571919,0.0036031367218970697,0.5,期限 有效期 年限 到期,年限 到期 期限 有效期,到期 有效期 期限 年限,期限 有效期 年限 到期
1086,4,0.5993053810651233,0.2259349633565998,0.0,来临 到来 降临 迎来,迎来 降临 来临 到来,到来 降临 迎来 来临,来临 到来 降临 迎来
1087,3,0.5234778522046429,0.15003854934678526,0.0,制成 特制 制,特制 制 制成,制 制成 特制,制成 特制 制
1088,6,0.5280915359835293,0.09795095662237911,0.3333333333333333,阻止 制止 遏制 抑制 阻拦 控制,阻拦 控制 阻止 抑制 遏制 制止,抑制 制止 控制 遏制 阻止 阻拦,阻止 制止 遏制 抑制 阻拦 控制
1089,4,0.5535189630531041,0.15399543008579603,0.25,束缚 约束 拘束 制约,制约 束缚 拘束 约束,约束 束缚 制约 拘束,束缚 约束 拘束 制约
1090,3,0.49104662989634235,0.05777701985486944,0.3333333333333333,制造 造 铸造,铸造 造 制造,制造 造 铸造,制造 造 铸造
1091,5,0.4994147038081511,0.04898170761074696,0.2,擦 蹭 沾 碰 刷,刷 沾 碰 擦 蹭,刷 碰 擦 沾 蹭,擦 蹭 沾 碰 刷
1092,3,0.4956158249738027,0.09571158305641887,0.0,纪录 刷新 历史,刷新 历史 纪录,刷新 纪录 历史,纪录 刷新 历史
1093,1,,0.0,0.0,券,券,券,券
1094,1,,0.0,0.0,刺,刺,刺,刺
1095,6,0.5379309617085727,0.07736839326932474,0.5,带动 拉动 推动 引领 驱动 刺激,驱动 刺激 推动 拉动 引领 带动,带动 刺激 驱动 推动 拉动 引领,带动 拉动 推动 引领 驱动 刺激
1096,7,0.5526421805940908,0.12668869231741037,0.14285714285714285,花纹 雕刻 图案 镶 刺绣 绣 镶嵌,雕刻 图案 刺绣 绣 镶 镶嵌 花纹,雕刻 刺绣 绣 图案 花纹 镶嵌 镶,花纹 雕刻 图案 镶 刺绣 绣 镶嵌
1097,13,0.5271511397718728,0.017013667633508152,0.46153846153846156,清脆 悦耳 响声 声音 刺耳 响起 响 声 洪亮 响亮 动听 铃声,动听 抑扬顿挫 响起 铃声 刺耳 声 响声 悦耳,响亮 响声 响 声 洪亮 抑扬顿挫 声音 悦耳 刺耳 清脆 铃声 动听,清脆 悦耳 响声 声音 刺耳 响起 响 声 洪亮 响亮 动听 铃声 抑扬顿挫
1098,7,0.5236543829851895,0.04264873703787973,0.14285714285714285,暖烘烘 火辣辣 热气 灼热 热腾腾 红扑扑 刺骨,红扑扑 热腾腾 刺骨 暖烘烘 灼热 热气 火辣辣,红扑扑 暖烘烘 热气 火辣辣 刺骨 热腾腾 灼热,暖烘烘 火辣辣 热气 灼热 热腾腾 红扑扑 刺骨
1099,5,0.568113890839642,0.20958083551370937,0.0,故意 有意 刻意 无意 存心,存心 故意 刻意 无意 有意,无意 有意 存心 故意 刻意,故意 有意 刻意 无意 存心
1100,1,,0.0,0.0,刻舟求剑,刻舟求剑,刻舟求剑,刻舟求剑
1101,9,0.5229636349256326,0.06624449433028294,0.3333333333333333,刻苦 用功 钻研 学习 勤奋 读书 好学 自学 听讲,听讲 勤奋 好学 读书 钻研 自学 学习 刻苦,刻苦 用功 读书 好学 钻研 勤奋 学习 自学 听讲,刻苦 用功 钻研 学习 勤奋 读书 好学 自学 听讲
1102,1,,0.0,0.0,剂,剂,剂,剂
1103,4,0.5146238039237775,0.09700870593531036,0.25,剃 剪 梳 秃,秃 剪 梳 剃,剃 剪 秃 梳,剃 剪 梳 秃
1104,1,,0.0,0.0,削,削,削,削
1105,7,0.5758680692309701,0.1962076970121453,0.14285714285714285,近日 近期 日前 近来 最近 前不久 此前,此前 近来 近期 前不久 日前 近日 最近,前不久 最近 此前 近日 近来 近期 日前,近日 近期 日前 近来 最近 前不久 此前
1106,10,0.5079406363168805,0.019759827997903105,0.4,笑声 嬉笑 笑 欢声笑语 笑脸 咧嘴 微笑 哄堂大笑 前仰后合 欢快,欢快 哄堂大笑 咧嘴 微笑 笑脸 笑 前仰后合 欢声笑语,欢快 哄堂大笑 前仰后合 笑 咧嘴 嬉笑 欢声笑语 微笑 笑脸 笑声,笑声 嬉笑 笑 欢声笑语 笑脸 咧嘴 微笑 哄堂大笑 前仰后合 欢快
1107,2,0.6250470156443699,0.34339722730171507,0.0,后台 前台,前台 后台,后台 前台,后台 前台
1108,4,0.5679697584247235,0.19887595194435276,0.0,面前 跟前 眼前 前头,跟前 前头 眼前 面前,跟前 面前 眼前 前头,面前 跟前 眼前 前头
1109,4,0.5914614153749008,0.2754471899101665,0.0,史无前例 前所未有 空前 前无古人,前无古人 前所未有 史无前例 空前,前无古人 前所未有 空前 史无前例,史无前例 前所未有 空前 前无古人
1110,2,0.5166979929493174,0.15098030160215956,0.0,背景 前提,背景 前提,背景 前提,背景 前提
1111,3,0.5439977960147485,0.19699823787716417,0.0,前景 前途 展望,展望 前途 前景,展望 前景 前途,前景 前途 展望
1112,3,0.4527512887769793,0.013857005150425658,0.6666666666666666,尖端 尖 前沿,尖 前沿 尖端,尖 尖端 前沿,尖端 尖 前沿
1113,2,0.8200359094416292,0.6963999969957573,0.0,后者 前者,后者 前者,前者 后者,后者 前者
1114,3,0.557127306500841,0.1809193289501857,0.0,勇往直前 奋勇 前赴后继,奋勇 勇往直前 前赴后继,前赴后继 奋勇 勇往直前,勇往直前 奋勇 前赴后继
1115,1,,0.0,0.0,前辈,前辈,前辈,前辈
1116,2,0.5239805299118163,0.11526962544587635,0.0,前进 进步,进步 前进,进步 前进,前进 进步
1117,5,0.5021663814565935,0.040895243233808436,0.4,弓 剑 箭 弦 琴,弦 琴 箭 剑 弓,剑 弦 弓 箭 琴,弓 剑 箭 弦 琴
1118,3,0.43483432196514854,-0.07857570840548202,0.6666666666666666,动荡 危机 剧烈,剧烈 危机 动荡,剧烈 危机 动荡,动荡 危机 剧烈
1119,4,0.5288307714570009,0.21093186503505074,0.0,剩下 剩余 剩 多余,多余 剩 剩下 剩余,剩余 剩下 剩 多余,剩下 剩余 剩 多余
1120,1,,0.0,0.0,副,副,副,副
1121,2,0.5504974417566751,0.1790026828594327,0.0,副作用 后遗症,后遗症 副作用,后遗症 副作用,副作用 后遗症
1122,17,0.5269752152063681,-0.012903411918869127,0.5882352941176471,踹 摔 砸 捅 踢 揍 磕 劈 捶 扔 敲 拽,蹬 蹦 劈 抡 揍 拽 甩 扔,劈 磕 砸 砍 甩 摔 敲 扔 拽 抡 捶 捅,踹 摔 砸 捅 踢 揍 磕 劈 捶 扔 敲 拽 蹬 砍 蹦 甩 抡
1123,4,0.3964959733812625,-0.09165875867065083,0.75,势力 力量 力 派别,派别 力 力量 势力,力 力量 势力 派别,势力 力量 力 派别
1124,5,0.4883901945014092,-0.08941628236447285,0.4,着力 力争 大力 力求 积极,力争 力求 着力 积极 大力,着力 大力 积极 力求 力争,着力 力争 大力 力求 积极
1125,3,0.4968872114827025,0.08610885661371503,0.0,力度 幅度 难度,难度 幅度 力度,幅度 力度 难度,力度 幅度 难度
1126,1,,0.0,0.0,力所能及,力所能及,力所能及,力所能及
1127,2,0.5311754507549985,0.13497138576555132,0.0,照办 办不到,办不到 照办,照办 办不到,照办 办不到
1128,1,,0.0,0.0,办事,办事,办事,办事
1129,2,0.5209921792440062,0.13240817660097123,0.0,办事处 总部,办事处 总部,办事处 总部,办事处 总部
1130,3,0.4817723550625666,0.03893408133347815,0.3333333333333333,办公室 办公 秘书,秘书 办公 办公室,办公 办公室 秘书,办公室 办公 秘书
1131,3,0.5280604092921241,0.11463415320519525,0.0,方法 办法 法,方法 办法 法,办法 法 方法,方法 办法 法
1132,5,0.5441866997596511,0.12421510909214131,0.2,办理 手续 审批 登记 受理,审批 受理 登记 手续 办理,办理 登记 审批 受理 手续,办理 手续 审批 登记 受理
1133,2,0.5087752236149437,0.05933806458702816,0.5,功劳 功,功劳 功,功 功劳,功劳 功
1134,7,0.5501770229962745,0.15605601270767205,0.0,天分 天赋 才华 功力 功底 演技 天才,演技 天才 功底 功力 才华 天赋 天分,演技 功力 功底 才华 天赋 天才 天分,天分 天赋 才华 功力 功底 演技 天才
1135,2,0.6197548096181824,0.2830470027827592,0.0,功效 止咳,功效 止咳,功效 止咳,功效 止咳
1136,3,0.4718993514040079,-0.002474895191770137,0.6666666666666666,功率 马力 频率,频率 马力 功率,功率 频率 马力,功率 马力 频率
1137,3,0.4777616569281204,0.06155639610488144,0.3333333333333333,多功能 功能 多媒体,多媒体 功能 多功能,功能 多功能 多媒体,多功能 功能 多媒体
1138,2,0.5564790555942761,0.14111066469527442,0.0,功臣 立功,功臣 立功,立功 功臣,功臣 立功
1139,3,0.5092018408782493,0.09203464266661843,0.3333333333333333,添加 加 加入,加入 添加 加,加 添加 加入,添加 加 加入
1140,5,0.541931332338641,-0.06656589429992742,0.4,由于 鉴于 得益于 随着 加上,随着 由于 得益于 鉴于 加上,得益于 加上 由于 随着 鉴于,由于 鉴于 得益于 随着 加上
1141,4,0.47517477763804655,0.01644394901928386,0.5,工艺 工序 加工 技术,技术 加工 工序 工艺,工艺 技术 加工 工序,工艺 工序 加工 技术
1142,2,0.5289701448486139,0.1483288653966586,0.0,加油 加油站,加油站 加油,加油站 加油,加油 加油站
1143,2,0.5487511592991314,0.17731129310076646,0.0,烘干 加热,烘干 加热,烘干 加热,烘干 加热
1144,1,,0.0,0.0,加盟,加盟,加盟,加盟
1145,5,0.5651897832994489,0.1277236423291009,0.2,快速 飞速 迅速 加速 高速,加速 高速 飞速 迅速 快速,加速 快速 飞速 迅速 高速,快速 飞速 迅速 加速 高速
1146,1,,0.0,0.0,务实,务实,务实,务实
1147,8,0.5954330711724847,0.24235336920015954,0.0,必须 须 应 应当 要 务必 需 应该,需 应该 务必 要 必须 须 应当 应,必须 务必 应 应该 应当 须 需 要,必须 须 应 应当 要 务必 需 应该
1148,4,0.4568207451136923,0.042959393535124034,0.5,弱势 强势 逞强 劣势,劣势 逞强 强势 弱势,劣势 逞强 强势 弱势,弱势 强势 逞强 劣势
1149,1,,0.0,0.0,动,动,动,动
1150,8,0.5267796887250062,0.048930215779403416,0.25,动人 感人 惊心动魄 扣人心弦 引人入胜 可歌可泣 耐人寻味 惊天动地,惊天动地 惊心动魄 可歌可泣 耐人寻味 引人入胜 感人 动人 扣人心弦,耐人寻味 惊心动魄 扣人心弦 惊天动地 动人 可歌可泣 引人入胜 感人,动人 感人 惊心动魄 扣人心弦 引人入胜 可歌可泣 耐人寻味 惊天动地
1151,3,0.5514742744785647,0.17322698682010004,0.0,姿势 动作 手势,手势 姿势 动作,姿势 手势 动作,姿势 动作 手势
1152,1,,0.0,0.0,动力,动力,动力,动力
1153,2,0.5364318617746513,0.16488054922139014,0.0,去向 动向,去向 动向,去向 动向,去向 动向
1154,3,0.5409187127289132,0.10248615136178096,0.0,动员 调动 发动,发动 调动 动员,发动 动员 调动,动员 调动 发动
1155,1,,0.0,0.0,动态,动态,动态,动态
1156,5,0.4968778390611822,0.01182220123922518,0.4,线条 硬朗 动感 流畅 棱角,流畅 棱角 线条 动感 硬朗,流畅 硬朗 线条 动感 棱角,线条 硬朗 动感 流畅 棱角
1157,1,,0.0,0.0,动摇,动摇,动摇,动摇
1158,6,0.4750333658740798,-0.0013938428205504116,0.5,动物 植物 野生 大熊猫 动物园 生物,动物园 动物 生物 大熊猫 野生 植物,生物 植物 野生 动物 动物园 大熊猫,动物 植物 野生 大熊猫 动物园 生物
1159,16,0.5453463731097099,0.07371707226131917,0.3125,肝 肺 脾 肝脏 血管 胃 肾 气管 心脏 动脉 肠 血栓,咽 血液 气管 痰 血压 肠 血栓 动脉,咽 气管 痰 脾 胃 肠 肾 肺 肝 血栓 血液 血管,肝 肺 脾 肝脏 血管 胃 肾 气管 心脏 动脉 肠 血栓 痰 血液 血压 咽
1160,1,,0.0,0.0,动静,动静,动静,动静
1161,3,0.46991919643293417,-0.05001361806732182,0.6666666666666666,助威 呐喊 壮胆,壮胆 呐喊 助威,呐喊 壮胆 助威,助威 呐喊 壮胆
1162,2,0.5271164211404158,0.12245616672942555,0.0,助手 语音,助手 语音,语音 助手,助手 语音
1163,9,0.5224391486219055,0.11611575031499966,0.3333333333333333,总经理 总裁 董事长 总监 董事 经理 首席 助理 董事会,董事会 首席 助理 经理 董事 总监 董事长 总裁,董事 董事长 总监 总裁 助理 首席 经理 总经理 董事会,总经理 总裁 董事长 总监 董事 经理 首席 助理 董事会
1164,2,0.5404172590681264,0.19629867955188285,0.0,浩劫 劫,劫 浩劫,劫 浩劫,浩劫 劫
1165,14,0.5226184121711756,0.033884173952049186,0.42857142857142855,杀害 逮捕 暗杀 谋害 屠杀 绑架 劫持 抢劫 挟持 被捕 开枪 杀,杀 被捕 逮捕 抢劫 袭击 枪毙 开枪 挟持,暗杀 枪毙 谋害 杀 开枪 挟持 逮捕 屠杀 绑架 被捕 杀害 袭击,杀害 逮捕 暗杀 谋害 屠杀 绑架 劫持 抢劫 挟持 被捕 开枪 杀 袭击 枪毙
1166,2,0.5318603883907975,0.12306065588607333,0.0,搞笑 励志,搞笑 励志,励志 搞笑,搞笑 励志
1167,2,0.502446183905237,0.1557198097827056,0.0,承包 劳务,劳务 承包,劳务 承包,承包 劳务
1168,1,,0.0,0.0,势不可当,势不可当,势不可当,势不可当
1169,5,0.5710938464496031,0.1886241520867354,0.2,敢于 勇于 敢 善于 大胆,善于 敢 大胆 勇于 敢于,敢 善于 勇于 敢于 大胆,敢于 勇于 敢 善于 大胆
1170,5,0.5866038082315047,0.11320830501991305,0.0,勇气 魄力 毅力 骨气 志气,志气 魄力 毅力 骨气 勇气,骨气 魄力 勇气 毅力 志气,勇气 魄力 毅力 骨气 志气
1171,3,0.5030696244000022,0.08667152158609277,0.3333333333333333,荣誉 名誉 勋章,勋章 名誉 荣誉,勋章 名誉 荣誉,荣誉 名誉 勋章
1172,8,0.5182904571004329,0.10856555731098978,0.125,开采 矿 煤矿 采矿 煤炭 勘探 石油 煤,勘探 煤 采矿 石油 开采 矿 煤炭 煤矿,开采 煤 矿 勘探 采矿 石油 煤炭 煤矿,开采 矿 煤矿 采矿 煤炭 勘探 石油 煤
1173,4,0.527649874455264,0.09449343005308308,0.25,勤劳 心灵手巧 勤快 好客,好客 勤快 心灵手巧 勤劳,好客 心灵手巧 勤快 勤劳,勤劳 心灵手巧 勤快 好客
1174,2,0.5431353173931475,0.12602602522972245,0.0,钩 勾,勾 钩,勾 钩,钩 勾
1175,2,0.5334888825378532,0.11938798554789751,0.0,轮廓 勾画,轮廓 勾画,轮廓 勾画,轮廓 勾画
1176,6,0.4803931500258367,-0.024367280679360143,0.5,拉拢 收买 引诱 招揽 吸引 勾结,勾结 吸引 引诱 招揽 收买 拉拢,引诱 吸引 收买 勾结 拉拢 招揽,拉拢 收买 引诱 招揽 吸引 勾结
1177,6,0.5551108463713671,0.14037378933826183,0.0,瓶 盒 袋 箱 罐 包,包 罐 瓶 箱 袋 盒,包 箱 罐 瓶 盒 袋,瓶 盒 袋 箱 罐 包
1178,5,0.5226742134119796,0.07086381469468961,0.4,包含 包括 涵盖 含 含有,含有 包括 涵盖 含 包含,含有 含 包括 包含 涵盖,包含 包括 涵盖 含 含有
1179,2,0.5448168573264703,0.1543181336294312,0.0,包围 围,包围 围,围 包围,包围 围
1180,1,,0.0,0.0,包袱,包袱,包袱,包袱
1181,3,0.48411881261723594,0.01471103564772,0.3333333333333333,包装 印刷 标签,印刷 标签 包装,标签 印刷 包装,包装 印刷 标签
1182,3,0.538574128040009,0.14422141374593964,0.0,裹 包裹 夹,夹 包裹 裹,夹 包裹 裹,裹 包裹 夹
1183,5,0.5205982876509795,0.10023450602114399,0.0,来不及 来得及 迫不及待 匆忙 急于,迫不及待 匆忙 急于 来不及 来得及,来不及 来得及 迫不及待 匆忙 急于,来不及 来得及 迫不及待 匆忙 急于
1184,1,,0.0,0.0,化,化,化,化
1185,5,0.5595227214040704,0.19163340635825954,0.0,装扮 打扮 发型 化妆 扮,扮 化妆 发型 打扮 装扮,扮 发型 化妆 装扮 打扮,装扮 打扮 发型 化妆 扮
1186,3,0.4914179592507766,0.08815557065345588,0.3333333333333333,恐龙 化石 龙,龙 化石 恐龙,恐龙 化石 龙,恐龙 化石 龙
1187,2,0.5517910419524142,0.16232178479271647,0.0,化肥 肥,化肥 肥,肥 化肥,化肥 肥
1188,1,,0.0,0.0,化身,化身,化身,化身
1189,1,,0.0,0.0,化险为夷,化险为夷,化险为夷,化险为夷
1190,7,0.5061593448881194,0.011636515459777326,0.5714285714285714,检测 测量 测定 化验 测 样品 诊断,样品 诊断 化验 测 测量 检测 测定,诊断 测 测量 测定 样品 化验 检测,检测 测量 测定 化验 测 样品 诊断
1191,1,,0.0,0.0,北京,北京,北京,北京
1192,2,0.7388990093219405,0.4932635152649125,0.0,南方 北方,北方 南方,南方 北方,南方 北方
1193,3,0.5796383904455223,0.2012871886079627,0.3333333333333333,北极 南极 地球,地球 南极 北极,南极 地球 北极,北极 南极 地球
1194,2,0.5666715785827827,0.21330293687047497,0.0,匹 骏马,匹 骏马,匹 骏马,匹 骏马
1195,1,,0.0,0.0,匹配,匹配,匹配,匹配
1196,4,0.5091450113145909,0.1188081095997569,0.25,区域 地区 区 地域,区 地域 地区 区域,区 区域 地区 地域,区域 地区 区 地域
1197,8,0.5553361801936938,0.17166296172417306,0.0,差别 差异 差距 相差 悬殊 落差 反差 区别,区别 反差 悬殊 落差 差距 相差 差异 差别,区别 落差 反差 相差 悬殊 差别 差异 差距,差别 差异 差距 相差 悬殊 落差 反差 区别
1198,3,0.557777644045799,0.17308987511502205,0.0,卫生 防疫 医务,医务 防疫 卫生,防疫 医务 卫生,卫生 防疫 医务
1199,2,0.5763883325176465,0.2300146950862039,0.0,医疗 医药,医疗 医药,医药 医疗,医疗 医药
1200,1,,0.0,0.0,匿名,匿名,匿名,匿名
1201,3,0.5825194417005038,0.24705630943678028,0.0,红灯 绿灯 十字路口,十字路口 绿灯 红灯,红灯 绿灯 十字路口,红灯 绿灯 十字路口
1202,1,,0.0,0.0,千万,千万,千万,千万
1203,1,,0.0,0.0,千军万马,千军万马,千军万马,千军万马
1204,4,0.5783626313143354,0.23386170081597513,0.0,错综复杂 千变万化 复杂 变幻莫测,变幻莫测 复杂 错综复杂 千变万化,变幻莫测 千变万化 错综复杂 复杂,错综复杂 千变万化 复杂 变幻莫测
1205,2,0.5872837187616358,0.2545906578167082,0.0,家家户户 千家万户,千家万户 家家户户,千家万户 家家户户,家家户户 千家万户
1206,4,0.5608382581472279,0.16007111742506736,0.0,跌 涨 升 收,收 升 涨 跌,升 收 涨 跌,跌 涨 升 收
1207,3,0.5686687977257835,0.21180558550594827,0.0,转型 升级 变革,变革 升级 转型,升级 转型 变革,转型 升级 变革
1208,3,0.5501176179461351,0.056955341645626316,0.3333333333333333,半场 比分 球,球 比分 半场,球 比分 半场,半场 比分 球
1209,5,0.5434724776788753,0.1444763792609282,0.0,岛屿 半岛 岛 海湾 海峡,海湾 岛屿 海峡 岛 半岛,岛 海峡 海湾 岛屿 半岛,岛屿 半岛 岛 海湾 海峡
1210,2,0.5370353828358655,0.12549858300561897,0.0,开玩笑 半真半假,半真半假 开玩笑,开玩笑 半真半假,开玩笑 半真半假
1211,1,,0.0,0.0,半边天,半边天,半边天,半边天
1212,3,0.4989329876565851,0.07426830480322999,0.0,走弯路 碰钉子 半途而废,碰钉子 半途而废 走弯路,半途而废 碰钉子 走弯路,走弯路 碰钉子 半途而废
1213,4,0.6002011260380934,0.23601714953480954,0.0,华人 华侨 华裔 同胞,华裔 同胞 华人 华侨,华裔 华侨 华人 同胞,华人 华侨 华裔 同胞
1214,5,0.5827170144994628,0.20395426050333737,0.0,帮 帮忙 帮助 协助 替,帮忙 协助 替 帮助 帮,帮 替 帮助 帮忙 协助,帮 帮忙 帮助 协助 替
1215,10,0.5353441299058042,0.08137207242154482,0.3,签订 签署 协议 协议书 订立 合同 签约 签 达成 签字,达成 签字 合同 签约 协议 协议书 签 订立,签订 协议书 签字 签 签署 签约 协议 订立 合同 达成,签订 签署 协议 协议书 订立 合同 签约 签 达成 签字
1216,2,0.5066010328168948,0.07661001406408784,0.0,空 单,单 空,单 空,空 单
1217,4,0.5465909126474812,0.11221085631396978,0.25,单纯 纯粹 简单 单一,单一 纯粹 简单 单纯,简单 纯粹 单纯 单一,单纯 纯粹 简单 单一
1218,4,0.4499970544698742,0.015188226082174993,0.25,机关 部门 单位 行政,行政 单位 部门 机关,机关 行政 部门 单位,机关 部门 单位 行政
1219,1,,0.0,0.0,单元,单元,单元,单元
1220,2,0.5501013419447445,0.1717188081164853,0.0,单方面 片面,片面 单方面,单方面 片面,单方面 片面
1221,1,,0.0,0.0,单独,单独,单独,单独
1222,3,0.4611931605557356,0.0040172040804693455,0.6666666666666666,脆弱 敏感 单薄,单薄 敏感 脆弱,单薄 脆弱 敏感,脆弱 敏感 单薄
1223,2,0.6859684693304655,0.42279941955286493,0.0,单身 独身,独身 单身,单身 独身,单身 独身
1224,3,0.5566061356870358,0.1725747390985791,0.0,双边 多边 单边,单边 多边 双边,单边 双边 多边,双边 多边 单边
1225,5,0.5457118779352598,0.12194174413660944,0.2,炫耀 夸耀 卖弄 逞能 夸夸其谈,逞能 夸夸其谈 夸耀 卖弄 炫耀,卖弄 逞能 夸耀 夸夸其谈 炫耀,炫耀 夸耀 卖弄 逞能 夸夸其谈
1226,1,,0.0,0.0,南北,南北,南北,南北
1227,32,0.5444478209529422,0.08549632718055393,0.1875,西红柿 黄瓜 红薯 茄子 南瓜 西瓜 香蕉 辣椒 柿子 白菜 核桃 萝卜,虾 鸡蛋 茶叶 葱 蜂蜜 花生 蔬菜 水果,莲子 瓜 枣 桃 梨 花生 香蕉 柿子 葡萄 红薯 蔬菜 辣椒,西红柿 黄瓜 红薯 茄子 南瓜 西瓜 香蕉 辣椒 柿子 白菜 核桃 萝卜 番茄 花生 土豆 水果 蔬菜 梨 葡萄 蘑菇 蒜 瓜 椰子 枣 莲子 蜂蜜 葱 鸡蛋 桃 虾 茶叶 橘子
1228,4,0.5400273508361001,0.13559575855680886,0.0,微博 博客 帖子 留言,博客 留言 微博 帖子,博客 微博 帖子 留言,微博 博客 帖子 留言
1229,8,0.49938604745391757,0.09259802439786463,0.25,藏品 收藏 珍藏 文物 博物馆 古董 国宝 藏,藏 文物 古董 博物馆 国宝 珍藏 收藏 藏品,珍藏 国宝 收藏 藏 博物馆 文物 藏品 古董,藏品 收藏 珍藏 文物 博物馆 古董 国宝 藏
1230,7,0.5558595124586796,0.22032711227420904,0.0,展览 展览会 展出 博览会 参展 车展 陈列,陈列 车展 博览会 展览会 参展 展出 展览,陈列 参展 展出 展览 展览会 车展 博览会,展览 展览会 展出 博览会 参展 车展 陈列
1231,3,0.6239657013507081,0.22851915040791249,0.3333333333333333,占据 占有 占,占 占有 占据,占据 占有 占,占据 占有 占
1232,1,,0.0,0.0,占卜,占卜,占卜,占卜
1233,4,0.5031493796543082,0.09792302875191716,0.0,拉锁 螺丝 卡子 皮带,皮带 卡子 螺丝 拉锁,螺丝 拉锁 卡子 皮带,拉锁 螺丝 卡子 皮带
1234,12,0.5333520173621594,0.013045395522740389,0.3333333333333333,轿车 车 卡车 电动车 跑车 汽车 车型 客车 辆 电动 吉普 摩托,摩托 跑车 辆 电动 车型 汽车 电动车 车,客车 电动 汽车 电动车 跑车 辆 车 卡车 轿车 车型 摩托 吉普,轿车 车 卡车 电动车 跑车 汽车 车型 客车 辆 电动 吉普 摩托
1235,3,0.4691290172019336,0.09594098118402324,0.0,漫画 卡通 同人,卡通 同人 漫画,同人 漫画 卡通,漫画 卡通 同人
1236,11,0.52012555506887,0.03826116556701032,0.2727272727272727,睡 躺 睡着 蹲 趴 打盹儿 瘫 呆 酣睡 躲 卧,瘫 躲 卧 酣睡 打盹儿 睡着 趴 蹲,卧 呆 睡 瘫 睡着 酣睡 趴 躲 躺 蹲 打盹儿,睡 躺 睡着 蹲 趴 打盹儿 瘫 呆 酣睡 躲 卧
1237,4,0.5640770355062689,0.10760918539678613,0.25,观测 探测 望远镜 卫星,卫星 望远镜 观测 探测,探测 观测 望远镜 卫星,观测 探测 望远镜 卫星
1238,15,0.5072167487886822,0.06871716853034758,0.2,播出 转播 电视台 重播 播放 节目 收看 广播 卫视 播 直播 电台,收视率 直播 节目 转播 频道 电台 电视台 播放,收视率 重播 电视台 卫视 电台 播 收看 收听 转播 频道 播出 播放,播出 转播 电视台 重播 播放 节目 收看 广播 卫视 播 直播 电台 收听 频道 收视率
1239,2,0.5018636374686134,0.12010054356597442,0.0,印 墨,墨 印,印 墨,印 墨
1240,3,0.6033002104155782,0.33544683093454797,0.0,造纸术 印刷术 发明,发明 造纸术 印刷术,印刷术 发明 造纸术,造纸术 印刷术 发明
1241,5,0.46819330896312383,0.056263977949127145,0.4,邮票 钞票 硬币 印章 集邮,印章 集邮 钞票 硬币 邮票,集邮 邮票 印章 硬币 钞票,邮票 钞票 硬币 印章 集邮
1242,8,0.4964147823544621,0.011864116035775417,0.5,表明 证明 印证 说明 证实 预示 验证 意味着,预示 验证 意味着 说明 表明 证实 证明 印证,验证 印证 说明 证明 证实 预示 意味着 表明,表明 证明 印证 说明 证实 预示 验证 意味着
1243,2,0.5009625580171635,0.05780869443468417,0.0,印象 形象,形象 印象,印象 形象,印象 形象
1244,11,0.5188021760751358,0.06909501253819288,0.18181818181818182,妨碍 妨害 阻碍 损害 扰乱 破坏 干扰 危及 阻挠 危害 影响,危害 阻挠 破坏 扰乱 干扰 影响 危及 妨害,扰乱 危害 危及 破坏 妨碍 影响 妨害 干扰 阻碍 阻挠 损害,妨碍 妨害 阻碍 损害 扰乱 破坏 干扰 危及 阻挠 危害 影响
1245,1,,0.0,0.0,即,即,即,即
1246,6,0.5474688155534245,0.11151798637042803,0.16666666666666666,可以 能 能够 可 足以 即可,即可 足以 能够 能 可 可以,可 可以 能够 足以 即可 能,可以 能 能够 可 足以 即可
1247,4,0.5776583908740623,0.19206254657483846,0.0,将要 即将 快要 就要,就要 快要 即将 将要,快要 即将 将要 就要,将要 即将 快要 就要
1248,4,0.4728492917900839,-0.005116529282389631,0.5,芽 茎 卵 蜜,蜜 卵 茎 芽,卵 蜜 茎 芽,芽 茎 卵 蜜
1249,1,,0.0,0.0,卷,卷,卷,卷
1250,4,0.5086345199566592,0.017807349863059804,0.5,处于 处在 陷入 卷入,卷入 陷入 处于 处在,处于 处在 陷入 卷入,处于 处在 陷入 卷入
1251,1,,0.0,0.0,卸,卸,卸,卸
1252,5,0.5591113207038475,0.08117831062721334,0.4,厂 工厂 厂家 厂商 车间,厂商 车间 工厂 厂家 厂,厂 车间 厂家 厂商 工厂,厂 工厂 厂家 厂商 车间
1253,7,0.5190700299749936,0.02719424436761404,0.42857142857142855,处境 境遇 困境 境地 厄运 命运 窘迫,境地 窘迫 命运 厄运 困境 处境 境遇,境地 窘迫 困境 命运 处境 厄运 境遇,处境 境遇 困境 境地 厄运 命运 窘迫
1254,6,0.544036699071761,0.13691803592249993,0.0,大楼 大厅 楼 大厦 室 厅,楼 厅 大楼 室 大厅 大厦,厅 室 楼 大厦 大厅 大楼,大楼 大厅 楼 大厦 室 厅
1255,2,0.5564803240451734,0.2641905215350131,0.0,届 历届,届 历届,届 历届,届 历届
1256,3,0.6107756401030108,0.2753731676304154,0.0,历时 耗时 时隔,历时 时隔 耗时,历时 时隔 耗时,历时 耗时 时隔
1257,2,0.5451220018061012,0.14750683552666344,0.0,历程 过程,过程 历程,历程 过程,历程 过程
1258,7,0.4957488708968918,-0.017613942850344563,0.2857142857142857,历经 磨难 风风雨雨 经历 波折 经过 沧桑,经过 沧桑 波折 磨难 历经 风风雨雨 经历,历经 经过 波折 磨难 经历 风风雨雨 沧桑,历经 磨难 风风雨雨 经历 波折 经过 沧桑
1259,2,0.5579073967386083,0.16435259397810814,0.0,抛 压,抛 压,压 抛,抛 压
1260,2,0.5043750705418267,0.06733906978313947,0.0,打倒 压倒,打倒 压倒,压倒 打倒,打倒 压倒
1261,4,0.5438192646177807,0.15237987286781082,0.25,阻力 压力 支撑 压制,压制 支撑 压力 阻力,压力 压制 支撑 阻力,阻力 压力 支撑 压制
1262,6,0.5484801044007982,0.09995919868228718,0.16666666666666666,抑郁 烦闷 忧郁 压抑 消沉 沉闷,沉闷 抑郁 消沉 烦闷 压抑 忧郁,压抑 烦闷 消沉 忧郁 抑郁 沉闷,抑郁 烦闷 忧郁 压抑 消沉 沉闷
1263,4,0.48874026711815155,0.04530628550883525,0.25,缩小 缩短 压缩 放大,压缩 放大 缩短 缩小,压缩 放大 缩小 缩短,缩小 缩短 压缩 放大
1264,3,0.4574744732052065,-0.03443076133228137,0.6666666666666666,麻木 麻痹 厌倦,厌倦 麻痹 麻木,麻痹 麻木 厌倦,麻木 麻痹 厌倦
1265,5,0.5567566259206149,0.20448805721232258,0.0,厘米 尺 米 寸 毫米,米 毫米 寸 尺 厘米,寸 尺 米 毫米 厘米,厘米 尺 米 寸 毫米
1266,4,0.5298494781123385,0.1452760152945851,0.0,厚 宽 薄 阔,阔 薄 宽 厚,厚 宽 阔 薄,厚 宽 薄 阔
1267,4,0.5421251239442905,0.12314397860502087,0.0,老实 诚实 踏实 厚道,厚道 诚实 踏实 老实,诚实 厚道 老实 踏实,老实 诚实 踏实 厚道
1268,2,0.5151111095812906,0.16907071863837614,0.0,原 标题,标题 原,原 标题,原 标题
1269,3,0.499933589890678,0.07721062083771986,0.0,原因 缘故 罪魁祸首,原因 罪魁祸首 缘故,罪魁祸首 缘故 原因,原因 缘故 罪魁祸首
1270,1,,0.0,0.0,原地,原地,原地,原地
1271,1,,0.0,0.0,原型,原型,原型,原型
1272,1,,0.0,0.0,原始,原始,原始,原始
1273,4,0.5526014317387862,0.14956201472524425,0.25,原料 原材料 材料 成品,成品 材料 原料 原材料,成品 原料 原材料 材料,原料 原材料 材料 成品
1274,3,0.6150043818190446,0.31723885289386305,0.0,现有 原有 现行,现行 原有 现有,现有 原有 现行,现有 原有 现行
1275,3,0.5671909403914627,0.2191158311153951,0.0,原汁原味 地道 正宗,正宗 地道 原汁原味,原汁原味 地道 正宗,原汁原味 地道 正宗
1276,3,0.44677748041703297,-0.0021114871767996487,0.6666666666666666,原理 规律 概论,规律 概论 原理,规律 原理 概论,原理 规律 概论
1277,3,0.4938503613086054,0.09478335518248664,0.0,进口 国产 原装,进口 原装 国产,进口 国产 原装,进口 国产 原装
1278,3,0.5417343757417702,0.1366106602286697,0.0,服务员 厨师 清洁工,厨师 服务员 清洁工,清洁工 服务员 厨师,服务员 厨师 清洁工
1279,2,0.835745689291679,0.6992248420480889,0.0,逝世 去世,去世 逝世,逝世 去世,逝世 去世
1280,2,0.5229594985195598,0.12253183132804382,0.0,归宿 去处,归宿 去处,去处 归宿,归宿 去处
1281,3,0.5770572027483457,0.2585529576112491,0.0,县 市 省,县 省 市,县 市 省,县 市 省
1282,2,0.6742781140074561,0.4399857361061512,0.0,参加 参与,参与 参加,参加 参与,参加 参与
1283,1,,0.0,0.0,参军,参军,参军,参军
1284,4,0.5528553831368449,0.23781531264375838,0.0,简介 概况 目录 参见,参见 概况 简介 目录,简介 概况 参见 目录,简介 概况 目录 参见
1285,8,0.5155500427164255,0.1095969785766586,0.25,参观 考察 视察 实地 察看 观摩 调研 观看,观看 调研 察看 视察 观摩 考察 参观 实地,参观 实地 察看 考察 观摩 观看 视察 调研,参观 考察 视察 实地 察看 观摩 调研 观看
1286,1,,0.0,0.0,叉,叉,叉,叉
1287,8,0.5131500884525575,0.07095500306599287,0.375,尽早 尽快 及早 早日 尽量 尽可能 及时 趁早,及时 趁早 早日 尽可能 及早 尽量 尽早 尽快,早日 趁早 尽早 尽快 及时 及早 尽量 尽可能,尽早 尽快 及早 早日 尽量 尽可能 及时 趁早
1288,2,0.56796994784085,0.1748137221308918,0.0,补考 及格,补考 及格,补考 及格,补考 及格
1289,1,,0.0,0.0,双,双,双,双
1290,1,,0.0,0.0,双向,双向,双向,双向
1291,40,0.5337009824701713,-0.033828655489029545,0.525,胳膊 手臂 脖子 嘴唇 鼻子 肩膀 手掌 脸颊 舌头 腿 嘴巴 手指,牙齿 腰 颈部 肩膀 胸部 身体 双手 腹部,爪子 肚子 脖子 嘴 喉咙 膝盖 耳朵 脸颊 颈部 牙齿 双手 身躯,胳膊 手臂 脖子 嘴唇 鼻子 肩膀 手掌 脸颊 舌头 腿 嘴巴 手指 耳朵 脑袋 喉咙 眼睛 身子 膝盖 爪子 胸膛 肚子 手腕 颈部 眉毛 胸部 双手 身体 嘴 腰 身躯 腹部 指甲 头发 指头 脸 脚 手脚 牙齿 头顶 嗓子
1292,3,0.4674869608621717,0.026785149563092497,0.6666666666666666,对方 对手 双方,双方 对手 对方,对方 对手 双方,对方 对手 双方
1293,2,0.6679493113390017,0.4371820481646774,0.0,孪生 双胞胎,双胞胎 孪生,孪生 双胞胎,孪生 双胞胎
1294,1,,0.0,0.0,双重,双重,双重,双重
1295,1,,0.0,0.0,反,反,反,反
1296,7,0.5415487988599269,0.09477076338582267,0.2857142857142857,进攻 反击 防守 攻击 攻 防御 战术,防御 战术 防守 攻 攻击 反击 进攻,攻 进攻 攻击 防御 防守 反击 战术,进攻 反击 防守 攻击 攻 防御 战术
1297,2,0.5875719442177205,0.1850110626622087,0.0,反响 好评,反响 好评,反响 好评,反响 好评
1298,3,0.4921068102628663,0.07667323539898613,0.0,反复 重复 翻来覆去,翻来覆去 重复 反复,重复 翻来覆去 反复,反复 重复 翻来覆去
1299,5,0.5740057512357978,0.20657557293111886,0.0,赞成 赞同 反对 同意 拥护,拥护 同意 反对 赞同 赞成,赞同 赞成 同意 拥护 反对,赞成 赞同 反对 同意 拥护
1300,1,,0.0,0.0,反常,反常,反常,反常
1301,2,0.513724411126705,0.1241096217046875,0.0,反馈 反应,反应 反馈,反应 反馈,反馈 反应
1302,8,0.554914122789168,0.10269481560535877,0.25,思索 思考 反思 深思 沉思 反省 审视 胡思乱想,胡思乱想 审视 反省 沉思 深思 思索 思考 反思,思索 胡思乱想 审视 沉思 思考 反思 反省 深思,思索 思考 反思 深思 沉思 反省 审视 胡思乱想
1303,6,0.5319503236717338,0.07830876701239155,0.16666666666666666,抗争 搏斗 斗争 反抗 英勇 挣扎,英勇 挣扎 搏斗 反抗 斗争 抗争,斗争 反抗 英勇 挣扎 搏斗 抗争,抗争 搏斗 斗争 反抗 英勇 挣扎
1304,6,0.5492743187749088,0.14321205732632084,0.16666666666666666,问 询问 追问 反问 提问 打听,提问 打听 反问 询问 问 追问,询问 追问 问 反问 打听 提问,问 询问 追问 反问 提问 打听
1305,21,0.5389302370948396,0.016902664069613733,0.47619047619047616,嘲笑 讥笑 挖苦 责备 指责 取笑 责怪 讽刺 嘲弄 骂 抨击 批评,夸奖 吹捧 质问 反驳 埋怨 骂 耻笑 恭维,取笑 挖苦 吹捧 批评 讥笑 质问 埋怨 讽刺 指责 责怪 恭维 责备,嘲笑 讥笑 挖苦 责备 指责 取笑 责怪 讽刺 嘲弄 骂 抨击 批评 埋怨 耻笑 调侃 质问 反驳 恭维 夸奖 吹捧 谴责
1306,1,,0.0,0.0,发,发,发,发
1307,26,0.5447663585962014,0.07444323867374301,0.15384615384615385,癌症 病症 疾病 急性 糖尿病 慢性 心脏病 抑郁症 发病 炎症 高血压 症状,治疗 肿瘤 确诊 患病 癌 患者 复发 病,肿瘤 糖尿病 病 癌 患 患有 患病 发作 精神病 病情 确诊 病症,癌症 病症 疾病 急性 糖尿病 慢性 心脏病 抑郁症 发病 炎症 高血压 症状 病 复发 患病 患有 患 患者 肿瘤 治疗 确诊 发作 病情 癌 精神病 痴呆
1308,2,0.6331487920478422,0.32345199771805094,0.0,发光 荧光,发光 荧光,发光 荧光,发光 荧光
1309,3,0.627535538158828,0.2724216256365355,0.0,发射 导弹 火箭,火箭 发射 导弹,发射 导弹 火箭,发射 导弹 火箭
1310,2,0.512727766416518,0.12007744540668103,0.0,发展 壮大,发展 壮大,发展 壮大,发展 壮大
1311,2,0.570258637950749,0.19259606026792464,0.0,新闻 发布会,发布会 新闻,发布会 新闻,新闻 发布会
1312,6,0.5298813248699551,0.11356210075521327,0.0,艰苦奋斗 拼搏 发愤图强 奋斗 自强不息 自力更生,拼搏 自力更生 奋斗 自强不息 发愤图强 艰苦奋斗,自强不息 自力更生 发愤图强 奋斗 拼搏 艰苦奋斗,艰苦奋斗 拼搏 发愤图强 奋斗 自强不息 自力更生
1313,4,0.49273290045990503,-0.0038605056835888402,0.25,焕发 活力 生机 发挥,发挥 生机 焕发 活力,发挥 焕发 生机 活力,焕发 活力 生机 发挥
1314,3,0.5857469602375169,0.2412043001202724,0.0,领取 申领 发放,发放 申领 领取,发放 领取 申领,领取 申领 发放
1315,2,0.8209516595541946,0.6748782172526582,0.0,发泄 宣泄,发泄 宣泄,宣泄 发泄,发泄 宣泄
1316,5,0.5557376578811855,0.22055931602572762,0.0,起源 由来 渊源 来历 发源地,发源地 渊源 来历 起源 由来,渊源 由来 发源地 来历 起源,起源 由来 渊源 来历 发源地
1317,4,0.571579145111007,0.13435689566886172,0.25,发觉 发现 察觉 得知,得知 察觉 发现 发觉,得知 发现 发觉 察觉,发觉 发现 察觉 得知
1318,6,0.5275899834513067,0.07138545424208974,0.16666666666666666,电力 能源 发电 太阳能 核能 电网,核能 电网 发电 太阳能 电力 能源,核能 太阳能 电力 电网 能源 发电,电力 能源 发电 太阳能 核能 电网
1319,2,0.5688551028097921,0.20845881682060585,0.0,风力 发电机,风力 发电机,风力 发电机,风力 发电机
1320,2,0.6048215132955548,0.25996225007842255,0.0,生长 发育,生长 发育,生长 发育,生长 发育
1321,1,,0.0,0.0,发行,发行,发行,发行
1322,1,,0.0,0.0,发表,发表,发表,发表
1323,7,0.527130024060213,0.10927250420474931,0.14285714285714285,讲话 发言 演讲 演说 言论 谈话 表态,表态 言论 谈话 演讲 发言 讲话 演说,演说 演讲 言论 讲话 谈话 发言 表态,讲话 发言 演讲 演说 言论 谈话 表态
1324,3,0.5113688323837123,0.0901548291691897,0.3333333333333333,致富 增收 发财,发财 增收 致富,增收 致富 发财,致富 增收 发财
1325,1,,0.0,0.0,发达,发达,发达,发达
1326,1,,0.0,0.0,发酵,发酵,发酵,发酵
1327,1,,0.0,0.0,取,取,取,取
1328,6,0.5792213540216153,0.06480123371368952,0.3333333333333333,获得 取得 得到 赢得 拿到 获取,获得 获取 拿到 赢得 得到 取得,拿到 得到 获得 获取 赢得 取得,获得 取得 得到 赢得 拿到 获取
1329,7,0.5276128947415332,0.026526935102006887,0.2857142857142857,银行卡 取款 存折 汇款 挂失 取款机 账户,账户 银行卡 存折 取款机 挂失 汇款 取款,取款 挂失 取款机 汇款 存折 银行卡 账户,银行卡 取款 存折 汇款 挂失 取款机 账户
1330,1,,0.0,0.0,取经,取经,取经,取经
1331,5,0.5720230886019179,0.1914804811568501,0.0,整顿 整治 取缔 查处 清理,查处 清理 整治 取缔 整顿,取缔 清理 查处 整治 整顿,整顿 整治 取缔 查处 清理
1332,7,0.5357102306794681,0.016580941927177104,0.2857142857142857,获胜 取胜 胜出 战胜 打败 败 胜负,打败 胜出 败 战胜 胜负 获胜 取胜,获胜 取胜 打败 败 战胜 胜出 胜负,获胜 取胜 胜出 战胜 打败 败 胜负
1333,7,0.5627822166403904,0.16841290663641378,0.0,受到 受 遭受 遭到 备受 深受 受过,受过 遭受 遭到 备受 深受 受 受到,受 备受 深受 受过 受到 遭到 遭受,受到 受 遭受 遭到 备受 深受 受过
1334,3,0.5311271863198108,0.10965843246570546,0.0,当事人 受害人 证人,证人 受害人 当事人,当事人 受害人 证人,当事人 受害人 证人
1335,2,0.5033101749548146,0.10722803295532411,0.0,惊 受惊,惊 受惊,惊 受惊,惊 受惊
1336,4,0.6248198785790604,0.28657335417195895,0.0,灾区 灾 受灾 地震,地震 灾区 受灾 灾,灾 地震 灾区 受灾,灾区 灾 受灾 地震
1337,1,,0.0,0.0,受益,受益,受益,受益
1338,5,0.4913752120399912,-0.01297563186225792,0.6,吃苦 受苦 挨打 吃亏 忍饥挨饿,忍饥挨饿 挨打 吃亏 受苦 吃苦,忍饥挨饿 吃苦 受苦 挨打 吃亏,吃苦 受苦 挨打 吃亏 忍饥挨饿
1339,6,0.526098265046648,0.1568220235182832,0.0,变成 变为 成为 成 换成 变,变 成为 换成 成 变为 变成,变 成 成为 换成 变成 变为,变成 变为 成为 成 换成 变
1340,4,0.5523044015155308,0.1935105514885351,0.0,变化 变动 波动 变迁,变迁 波动 变化 变动,波动 变迁 变化 变动,变化 变动 波动 变迁
1341,7,0.4821497136073299,0.05279364950198223,0.14285714285714285,基因 胚胎 细胞 遗传 变异 杂交 器官,器官 杂交 细胞 胚胎 变异 遗传 基因,细胞 器官 遗传 胚胎 杂交 变异 基因,基因 胚胎 细胞 遗传 变异 杂交 器官
1342,4,0.5435088382704105,0.1076053327048136,0.0,磨损 脱落 老化 变形,磨损 变形 脱落 老化,脱落 磨损 老化 变形,磨损 脱落 老化 变形
1343,3,0.48180989596810925,0.025851599270781987,0.6666666666666666,更换 换 变更,变更 换 更换,换 更换 变更,更换 换 变更
1344,10,0.5533452860486002,0.08743254306944803,0.3,叙述 阐述 描述 描绘 论述 描写 讲述 表述 概括 陈述,概括 描绘 陈述 描写 讲述 论述 阐述 表述,叙述 概括 描述 讲述 论述 阐述 表述 描绘 陈述 描写,叙述 阐述 描述 描绘 论述 描写 讲述 表述 概括 陈述
1345,1,,0.0,0.0,叠,叠,叠,叠
1346,2,0.5327128779265291,0.2118492062197414,0.0,口 开口,口 开口,口 开口,口 开口
1347,4,0.5223707977829292,0.09910602437755359,0.0,标语 旗帜 口号 锦旗,标语 锦旗 口号 旗帜,旗帜 标语 锦旗 口号,标语 旗帜 口号 锦旗
1348,2,0.5190232956490028,0.08316878380565361,0.0,忌口 口吃,忌口 口吃,口吃 忌口,忌口 口吃
1349,21,0.5215586440596879,0.047011090545401965,0.38095238095238093,香味 味道 鲜美 可口 醇厚 口感 甜 味儿 风味 滋味 腥 香,浓郁 芬芳 辣 品尝 嫩 脆 口味 咸,气味 咸 嫩 甜 品尝 鲜美 浓郁 醇厚 香味 风味 可口 香,香味 味道 鲜美 可口 醇厚 口感 甜 味儿 风味 滋味 腥 香 浓郁 口味 脆 气味 辣 芬芳 嫩 咸 品尝
1350,1,,0.0,0.0,口哨,口哨,口哨,口哨
1351,3,0.4753689788503373,0.045789782683017706,0.0,窟窿 口子 缺口,缺口 口子 窟窿,口子 缺口 窟窿,窟窿 口子 缺口
1352,1,,0.0,0.0,口径,口径,口径,口径
1353,12,0.5662578145816268,0.09412561906033684,0.3333333333333333,神情 神态 眼神 表情 神气 语气 笑容 模样 脸色 样子 口气 眼色,笑容 语气 眼色 样子 模样 口气 脸色 眼神,语气 脸色 模样 眼神 口气 样子 笑容 神态 神情 神气 表情 眼色,神情 神态 眼神 表情 神气 语气 笑容 模样 脸色 样子 口气 眼色
1354,10,0.5904214910585952,0.20322357659031232,0.0,眼泪 泪水 泪 流泪 哭 哭泣 呜咽 鼻涕 淌 口水,淌 鼻涕 哭 口水 呜咽 哭泣 流泪 泪,哭 流泪 泪水 泪 淌 眼泪 口水 呜咽 哭泣 鼻涕,眼泪 泪水 泪 流泪 哭 哭泣 呜咽 鼻涕 淌 口水
1355,2,0.5541697481866673,0.14502814993826213,0.0,口罩 戴,口罩 戴,戴 口罩,口罩 戴
1356,4,0.5426857100773247,0.13075500122029557,0.25,口袋 钱包 零钱 背包,背包 零钱 口袋 钱包,背包 钱包 口袋 零钱,口袋 钱包 零钱 背包
1357,8,0.45225370550609284,0.0037961449810671732,0.375,古代 近代 现代 古典 当代 古老 现代化 古,古典 现代化 古老 古 古代 当代 近代 现代,古 古典 古代 现代 现代化 当代 古老 近代,古代 近代 现代 古典 当代 古老 现代化 古
1358,4,0.3990780953693113,-0.12030911973451454,0.75,文人 名人 古人 知识分子,古人 知识分子 名人 文人,古人 知识分子 文人 名人,文人 名人 古人 知识分子
1359,13,0.5392072088037432,0.03637752488717108,0.46153846153846156,怪异 奇特 奇妙 古怪 奇怪 离奇 荒诞 新奇 神奇 有趣 荒谬 神秘,荒谬 奇怪 荒诞 新奇 滑稽 有趣 神奇 神秘,古怪 滑稽 新奇 离奇 荒谬 荒诞 有趣 奇妙 怪异 奇怪 奇特 神奇,怪异 奇特 奇妙 古怪 奇怪 离奇 荒诞 新奇 神奇 有趣 荒谬 神秘 滑稽
1360,9,0.5632709718558995,0.16776189542112843,0.1111111111111111,词语 词汇 词 句子 成语 读音 音节 生词 字眼,生词 读音 音节 成语 字眼 句子 词 词汇,成语 读音 生词 词汇 句子 词 音节 字眼 词语,词语 词汇 词 句子 成语 读音 音节 生词 字眼
1361,2,0.7276459464125812,0.5149979567231419,0.0,只管 只顾,只顾 只管,只管 只顾,只管 只顾
1362,4,0.49972016185476464,0.06543696979762051,0.25,只见 望见 见 指着,指着 见 望见 只见,见 只见 望见 指着,只见 望见 见 指着
1363,6,0.5399430818832626,0.13461602684591656,0.3333333333333333,绰号 外号 称呼 名字 叫 称号,称号 叫 名字 称呼 绰号 外号,叫 称呼 称号 外号 绰号 名字,绰号 外号 称呼 名字 叫 称号
1364,6,0.5700892594691153,0.16622079464036418,0.16666666666666666,鼓掌 掌声 欢呼 喝彩 叫好 经久不息,经久不息 叫好 喝彩 欢呼 鼓掌 掌声,欢呼 经久不息 喝彩 叫好 掌声 鼓掌,鼓掌 掌声 欢呼 喝彩 叫好 经久不息
1365,1,,0.0,0.0,叫板,叫板,叫板,叫板
1366,1,,0.0,0.0,召集,召集,召集,召集
1367,2,0.5627975914362772,0.16913782495140273,0.0,可乘之机 钻空子,钻空子 可乘之机,可乘之机 钻空子,可乘之机 钻空子
1368,2,0.6617533711006427,0.3904285643501229,0.0,可信 可靠,可靠 可信,可信 可靠,可信 可靠
1369,11,0.5130001504353021,0.017812853351658102,0.5454545454545454,可悲 悲惨 可怕 可耻 惨痛 可笑 可怜 惨 惨重 悲剧 可贵,可贵 惨重 悲剧 惨 惨痛 可怕 可笑 可耻,惨 可怕 可怜 可悲 悲剧 可笑 悲惨 惨痛 惨重 可耻 可贵,可悲 悲惨 可怕 可耻 惨痛 可笑 可怜 惨 惨重 悲剧 可贵
1370,2,0.5127230721520338,0.08927052944179666,0.0,可想而知 显而易见,显而易见 可想而知,可想而知 显而易见,可想而知 显而易见
1371,1,,0.0,0.0,可疑,可疑,可疑,可疑
1372,3,0.49088546111521075,-0.003835219084801065,0.6666666666666666,管用 奏效 可行,奏效 可行 管用,奏效 管用 可行,管用 奏效 可行
1373,1,,0.0,0.0,可见,可见,可见,可见
1374,3,0.5366376835774903,0.14266860104496173,0.0,巨大 庞大 可观,可观 庞大 巨大,庞大 巨大 可观,巨大 庞大 可观
1375,1,,0.0,0.0,台,台,台,台
1376,3,0.49032935606807815,0.08133398064412442,0.3333333333333333,舞台 台上 银幕,台上 银幕 舞台,舞台 银幕 台上,舞台 台上 银幕
1377,9,0.5414775997394048,0.11105705029826177,0.2222222222222222,灯 电灯 灯泡 路灯 灯光 台灯 照明 盏 开关,灯光 开关 盏 台灯 照明 灯 电灯 灯泡,灯 盏 开关 照明 电灯 灯泡 路灯 灯光 台灯,灯 电灯 灯泡 路灯 灯光 台灯 照明 盏 开关
1378,1,,0.0,0.0,台阶,台阶,台阶,台阶
1379,13,0.5283304465412062,0.0719549794790231,0.38461538461538464,旱灾 水灾 灾害 洪水 干旱 暴雨 涝 旱 台风 风沙 灾难 雨水,台风 灾难 海啸 雨水 风沙 暴雨 灾害 水灾,洪水 海啸 旱灾 旱 涝 台风 风沙 灾害 水灾 暴雨 灾难 雨水,旱灾 水灾 灾害 洪水 干旱 暴雨 涝 旱 台风 风沙 灾难 雨水 海啸
1380,2,0.9333816871768907,0.8958940484676733,0.0,右 左,右 左,右 左,右 左
1381,22,0.54881564528389,0.09513252422981339,0.2727272727272727,柳树 松树 柏树 树木 桃树 槐树 棵 树枝 杨树 树叶 树梢 树林,枝 树林 果树 茂密 翠绿 茂盛 树荫 竹子,树荫 叶子 树木 树林 树枝 树梢 桃树 枝 树 株 棵 柳树,柳树 松树 柏树 树木 桃树 槐树 棵 树枝 杨树 树叶 树梢 树林 树 茂密 竹子 叶子 果树 树荫 株 翠绿 茂盛 枝
1382,1,,0.0,0.0,号,号,号,号
1383,1,,0.0,0.0,号码,号码,号码,号码
1384,7,0.502272630863739,0.020113859077654863,0.42857142857142855,宣称 声称 自称 承认 否认 宣布 号称,宣布 否认 号称 承认 自称 宣称 声称,否认 宣称 宣布 承认 自称 声称 号称,宣称 声称 自称 承认 否认 宣布 号称
1385,18,0.49939535222484516,-0.011045435301529224,0.4444444444444444,捏 拧 咬 搓 掰 抠 舔 掐 揉 揪 叼 撕,拧 搂 摸 挠 扯 舔 掐 叼,叼 咬 啃 嚼 摸 搂 搓 撕 扯 拧 抠 捏,捏 拧 咬 搓 掰 抠 舔 掐 揉 揪 叼 撕 摸 嚼 扯 搂 挠 啃
1386,2,0.5292040533065578,0.18062776174821035,0.0,吃喝玩乐 衣食住行,吃喝玩乐 衣食住行,衣食住行 吃喝玩乐,吃喝玩乐 衣食住行
1387,3,0.47375850344513704,0.0025127224382876755,0.6666666666666666,各 各自 各地,各地 各自 各,各 各自 各地,各 各自 各地
1388,2,0.5922317128586729,0.1379046661263431,0.0,各个 整个,各个 整个,整个 各个,各个 整个
1389,1,,0.0,0.0,各奔前程,各奔前程,各奔前程,各奔前程
1390,1,,0.0,0.0,合,合,合,合
1391,4,0.5292236227217596,0.10125034903175402,0.5,合乎 符合 违背 合情合理,合情合理 违背 符合 合乎,合情合理 合乎 符合 违背,合乎 符合 违背 合情合理
1392,1,,0.0,0.0,合伙,合伙,合伙,合伙
1393,1,,0.0,0.0,合作社,合作社,合作社,合作社
1394,5,0.5439145213706287,0.16121442689766424,0.2,并购 重组 收购 整合 合并,收购 整合 合并 重组 并购,重组 收购 并购 合并 整合,并购 重组 收购 整合 合并
1395,3,0.5315089088122289,0.18126978379016104,0.0,留念 合影 签名,签名 合影 留念,签名 合影 留念,留念 合影 签名
1396,2,0.6099354104271506,0.30094078515422373,0.0,生成 合成,生成 合成,生成 合成,生成 合成
1397,3,0.4775426572296008,0.04806622947683303,0.3333333333333333,达标 合格 考核,考核 合格 达标,考核 合格 达标,达标 合格 考核
1398,5,0.5159100396805354,-0.00498120845768063,0.6,适当 适度 适时 适量 合理,适量 合理 适当 适时 适度,适量 适时 适当 适度 合理,适当 适度 适时 适量 合理
1399,3,0.5239820337522608,0.11700653649153896,0.0,外资 外企 合资,外企 合资 外资,合资 外资 外企,外资 外企 合资
1400,4,0.5587282192191445,0.20152390084779503,0.25,适合 适宜 合适 适用,适用 合适 适宜 适合,合适 适用 适宜 适合,适合 适宜 合适 适用
1401,1,,0.0,0.0,吉利,吉利,吉利,吉利
1402,2,0.5615685800245146,0.17125809645204904,0.0,如意 吉祥,吉祥 如意,如意 吉祥,如意 吉祥
1403,2,0.5035971651496977,0.06270840702591268,0.5,吉祥物 寓意,寓意 吉祥物,寓意 吉祥物,吉祥物 寓意
1404,4,0.5306896243039259,0.15948569884295882,0.25,挂 悬 悬挂 吊,吊 挂 悬 悬挂,吊 挂 悬 悬挂,挂 悬 悬挂 吊
1405,6,0.5290774707750542,0.10445664259763426,0.16666666666666666,拘留 扣押 扣留 没收 罚款 吊销,罚款 扣押 吊销 扣留 没收 拘留,拘留 吊销 罚款 没收 扣留 扣押,拘留 扣押 扣留 没收 罚款 吊销
1406,1,,0.0,0.0,同一,同一,同一,同一
1407,1,,0.0,0.0,同年,同年,同年,同年
1408,1,,0.0,0.0,同期,同期,同期,同期
1409,1,,0.0,0.0,同步,同步,同步,同步
1410,2,0.6089611037665698,0.2913478795200105,0.0,同等 相等,相等 同等,同等 相等,同等 相等
1411,1,,0.0,0.0,同类,同类,同类,同类
1412,1,,0.0,0.0,同行,同行,同行,同行
1413,1,,0.0,0.0,名义,名义,名义,名义
1414,4,0.5474014955389108,0.1617798286854252,0.0,钱财 金钱 财物 名利,名利 财物 金钱 钱财,财物 钱财 金钱 名利,钱财 金钱 财物 名利
1415,2,0.5211354137269202,0.13026292290175587,0.0,名单 清单,名单 清单,清单 名单,名单 清单
1416,1,,0.0,0.0,名片,名片,名片,名片
1417,2,0.532818128977995,0.1522166977159535,0.0,简称 名称,名称 简称,简称 名称,简称 名称
1418,11,0.5266243996219473,0.1238412309796117,0.09090909090909091,景色 风景 美景 名胜 秀美 风光 景点 景观 秀丽 山川 景区,景观 景区 山川 景点 秀丽 秀美 风光 名胜,美景 名胜 风光 风景 景色 景观 秀丽 景区 秀美 山川 景点,景色 风景 美景 名胜 秀美 风光 景点 景观 秀丽 山川 景区
1419,7,0.5745424537271374,0.19234342397244505,0.14285714285714285,子孙 后代 后裔 祖先 祖宗 后人 辈,辈 祖宗 后人 后裔 祖先 后代 子孙,祖先 祖宗 子孙 后人 后代 辈 后裔,子孙 后代 后裔 祖先 祖宗 后人 辈
1420,3,0.46763598209496743,0.0020894785425522775,0.6666666666666666,往后 后头 往,后头 往 往后,往 往后 后头,往后 后头 往
1421,3,0.5906031686309735,0.2690768764385625,0.0,明年 后年 来年,明年 来年 后年,明年 后年 来年,明年 后年 来年
1422,2,0.5384275669677064,0.09237496083618241,0.0,后果 结果,后果 结果,后果 结果,后果 结果
1423,2,0.5103939906450786,0.09743274322251361,0.0,强大 后盾,强大 后盾,后盾 强大,强大 后盾
1424,6,0.5745521771892975,0.2194863723709499,0.0,退让 退缩 让步 后退 退却 妥协,后退 妥协 退却 退缩 让步 退让,妥协 退却 退缩 让步 退让 后退,退让 退缩 让步 后退 退却 妥协
1425,1,,0.0,0.0,后顾之忧,后顾之忧,后顾之忧,后顾之忧
1426,3,0.4643345707819588,0.05918569130176531,0.3333333333333333,吐 吞 汗,汗 吞 吐,吐 吞 汗,吐 吞 汗
1427,6,0.5235861085567778,0.08047248872200961,0.5,向着 朝着 向前 迈进 向 朝,向前 向 迈进 朝 向着 朝着,向 朝 向着 向前 迈进 朝着,向着 朝着 向前 迈进 向 朝
1428,1,,0.0,0.0,向上,向上,向上,向上
1429,4,0.45232845329086135,-0.0017066270007132147,0.5,导游 旅行社 小费 向导,向导 小费 旅行社 导游,小费 向导 导游 旅行社,导游 旅行社 小费 向导
1430,11,0.5433184711602723,0.11577410993146152,0.2727272727272727,盼望 期盼 期望 渴望 希望 期待 盼 奢望 愿望 指望 向往,愿望 向往 指望 盼 奢望 希望 期待 渴望,希望 盼望 渴望 盼 期待 期望 期盼 向往 奢望 指望 愿望,盼望 期盼 期望 渴望 希望 期待 盼 奢望 愿望 指望 向往
1431,4,0.5039292733771541,0.02226868379170184,0.5,憋 呛 闷 吓,吓 闷 呛 憋,吓 呛 憋 闷,憋 呛 闷 吓
1432,4,0.517516187548321,0.032877861667971936,0.25,吓人 骇人听闻 恐怖 惊人,惊人 骇人听闻 吓人 恐怖,惊人 吓人 骇人听闻 恐怖,吓人 骇人听闻 恐怖 惊人
1433,3,0.4829381214440487,0.047177773245984704,0.0,吓唬 安慰 哄,吓唬 安慰 哄,哄 吓唬 安慰,吓唬 安慰 哄
1434,2,0.5363173086918505,0.18368939068254897,0.0,圣贤 君子,圣贤 君子,圣贤 君子,圣贤 君子
1435,4,0.49616284849858316,0.0912412138250937,0.25,表决 投票 否决 票,票 否决 投票 表决,票 否决 投票 表决,表决 投票 否决 票
1436,3,0.4970400033831159,0.09883500692235724,0.0,推翻 颠覆 否定,否定 推翻 颠覆,否定 推翻 颠覆,推翻 颠覆 否定
1437,19,0.5794878129245319,0.15055865179966985,0.21052631578947367,哎 啊 呀 哈哈 唉 哇 哎呀 哦 嘛 嘿 啦 吧,没错 谢谢 吧 恭喜 喂 拜托 嘿 滴,拜托 吧 呀 哎 哇 哦 哼 唉 啦 啊 喂 嘛,哎 啊 呀 哈哈 唉 哇 哎呀 哦 嘛 嘿 啦 吧 哼 谢谢 拜托 没错 恭喜 喂 滴
1438,2,0.5752698513813206,0.1787644528077884,0.0,含糊 模糊,模糊 含糊,模糊 含糊,含糊 模糊
1439,8,0.5238794004330123,0.08298896893454669,0.25,蛋白质 脂肪 钙 含量 富含 热量 维生素 水分,含量 热量 水分 富含 维生素 钙 蛋白质 脂肪,脂肪 含量 维生素 钙 水分 热量 富含 蛋白质,蛋白质 脂肪 钙 含量 富含 热量 维生素 水分
1440,3,0.6204973616865255,0.30131176722108033,0.0,好听 难听 听,听 难听 好听,听 好听 难听,好听 难听 听
1441,4,0.5731093630693002,0.21041966507677468,0.25,服从 顺从 听从 屈服,屈服 顺从 听从 服从,屈服 顺从 听从 服从,服从 顺从 听从 屈服
1442,9,0.5583316450084579,0.11868256832339874,0.1111111111111111,观众 影迷 歌迷 听众 球迷 粉丝 网民 读者 网友,粉丝 网友 读者 球迷 网民 歌迷 听众 观众,网友 网民 读者 球迷 听众 观众 影迷 歌迷 粉丝,观众 影迷 歌迷 听众 球迷 粉丝 网民 读者 网友
1443,7,0.5396209278110016,0.14432899916276182,0.0,背诵 朗读 默读 读 听写 阅读 温习,读 温习 阅读 听写 朗读 默读 背诵,朗读 背诵 默读 听写 读 温习 阅读,背诵 朗读 默读 读 听写 阅读 温习
1444,18,0.5348432963824163,0.05809104925185801,0.4444444444444444,碰见 遇见 碰到 遇到 见到 看见 碰上 遇上 听到 看到 听见 见过,遭遇 想到 梦见 看见 听到 遇 听说 想起,看到 遇上 碰见 遇到 梦见 遭遇 想到 遇 听到 见到 碰上 遇见,碰见 遇见 碰到 遇到 见到 看见 碰上 遇上 听到 看到 听见 见过 想起 想到 梦见 听说 遭遇 遇
1445,4,0.5157632257011923,0.08619330132449679,0.25,视力 近视 失明 听力,失明 听力 近视 视力,听力 视力 近视 失明,视力 近视 失明 听力
1446,3,0.5840918836143081,0.28307775154040193,0.0,告示 张贴 启事,启事 张贴 告示,启事 张贴 告示,告示 张贴 启事
1447,3,0.5530057027076015,0.14305391144083748,0.3333333333333333,启动 开启 开通,开通 开启 启动,开通 启动 开启,启动 开启 开通
1448,3,0.6180779061377136,0.2858732369161921,0.0,启发 启示 启迪,启发 启示 启迪,启迪 启发 启示,启发 启示 启迪
1449,3,0.5185335388123321,0.16067577658417623,0.0,熏陶 陶冶 启蒙,启蒙 陶冶 熏陶,启蒙 熏陶 陶冶,熏陶 陶冶 启蒙
1450,4,0.5422669371411221,0.1764948839192432,0.0,闹 折腾 吵 弄,吵 弄 折腾 闹,吵 弄 闹 折腾,闹 折腾 吵 弄
1451,1,,0.0,0.0,吸,吸,吸,吸
1452,2,0.588233044571685,0.22228180515652451,0.0,吸取 吸收,吸取 吸收,吸取 吸收,吸取 吸收
1453,4,0.5155812250022042,0.08962960850829521,0.0,赌博 吸毒 毒品 赌,赌 毒品 吸毒 赌博,吸毒 毒品 赌 赌博,赌博 吸毒 毒品 赌
1454,7,0.5196132655523965,0.09216764028276714,0.2857142857142857,抽烟 吸烟 香烟 烟 戒烟 酗酒 火柴,酗酒 火柴 戒烟 抽烟 烟 香烟 吸烟,抽烟 烟 戒烟 吸烟 香烟 火柴 酗酒,抽烟 吸烟 香烟 烟 戒烟 酗酒 火柴
1455,2,0.5100624042287645,0.11327597409342215,0.0,管子 吸管,吸管 管子,吸管 管子,管子 吸管
1456,4,0.4871673268781023,0.0340662590394385,0.75,接纳 吸纳 容纳 采纳,容纳 吸纳 采纳 接纳,吸纳 采纳 容纳 接纳,接纳 吸纳 容纳 采纳
1457,3,0.49368933939530385,0.08124015431090291,0.3333333333333333,抚摸 触摸 吻,吻 触摸 抚摸,吻 抚摸 触摸,抚摸 触摸 吻
1458,2,0.5680562767023094,0.24460641609074485,0.0,喊 吼,喊 吼,吼 喊,喊 吼
1459,4,0.49525297227953974,0.018075334654538144,0.5,送别 诀别 告别 追悼会,追悼会 送别 诀别 告别,诀别 送别 追悼会 告别,送别 诀别 告别 追悼会
1460,3,0.4899734285953425,0.05559500189520258,0.0,告状 诉苦 打官司,打官司 诉苦 告状,打官司 诉苦 告状,告状 诉苦 打官司
1461,1,,0.0,0.0,员,员,员,员
1462,4,0.5389493120535106,0.18910615569275047,0.0,周围 周边 四周 附近,附近 四周 周边 周围,周围 四周 周边 附近,周围 周边 四周 附近
1463,8,0.5807677619368165,0.09397988271551183,0.375,庆祝 周年 纪念日 庆典 庆贺 纪念 诞辰 喜庆,喜庆 诞辰 纪念 纪念日 庆典 庆贺 周年 庆祝,周年 诞辰 庆典 庆祝 喜庆 纪念日 庆贺 纪念,庆祝 周年 纪念日 庆典 庆贺 纪念 诞辰 喜庆
1464,2,0.5308259052998605,0.1792801711900293,0.0,周旋 纠缠,周旋 纠缠,周旋 纠缠,周旋 纠缠
1465,1,,0.0,0.0,周期,周期,周期,周期
1466,8,0.5730661339483539,0.15379738577064286,0.0,味精 酱油 砂糖 淀粉 醋 面粉 糖 盐,醋 糖 盐 面粉 砂糖 淀粉 味精 酱油,淀粉 面粉 糖 盐 醋 酱油 味精 砂糖,味精 酱油 砂糖 淀粉 醋 面粉 糖 盐
1467,2,0.521236625666897,0.11941205972158161,0.0,睡眠 呼吸,呼吸 睡眠,睡眠 呼吸,睡眠 呼吸
1468,2,0.5325734445588286,0.19008907356873062,0.0,呼声 呼唤,呼声 呼唤,呼唤 呼声,呼声 呼唤
1469,4,0.5829336187071302,0.22889646274889175,0.0,衬托 烘托 点缀 呼应,呼应 点缀 烘托 衬托,呼应 烘托 点缀 衬托,衬托 烘托 点缀 呼应
1470,4,0.6471873162837677,0.35598577466991893,0.0,求救 呼救 求助 报警,报警 呼救 求助 求救,呼救 求救 报警 求助,求救 呼救 求助 报警
1471,1,,0.0,0.0,呼风唤雨,呼风唤雨,呼风唤雨,呼风唤雨
1472,4,0.5360445875109524,0.12733913829031196,0.25,性命 命 生命 生死,生命 命 生死 性命,命 生死 生命 性命,性命 命 生命 生死
1473,3,0.5335994247835385,0.16369796218188223,0.0,改名 改为 命名,命名 改为 改名,改为 改名 命名,改名 改为 命名
1474,6,0.5025442169506502,0.027855652998529667,0.3333333333333333,和睦 和谐 和平 和平共处 团结 祥和,祥和 团结 和谐 和平共处 和平 和睦,和平共处 和谐 和睦 团结 和平 祥和,和睦 和谐 和平 和平共处 团结 祥和
1475,2,0.5659510759376978,0.2005290699312977,0.0,和气 气,和气 气,气 和气,和气 气
1476,2,0.6194646503311612,0.289122093742323,0.0,调解 和解,和解 调解,调解 和解,调解 和解
1477,2,0.5441617488745851,0.23756683569032022,0.0,咨询 顾问,顾问 咨询,顾问 咨询,咨询 顾问
1478,1,,0.0,0.0,咽喉,咽喉,咽喉,咽喉
1479,1,,0.0,0.0,品,品,品,品
1480,3,0.516451027581073,0.1217139143601596,0.0,品质 质量 品位,品位 质量 品质,品位 质量 品质,品质 质量 品位
1481,1,,0.0,0.0,响应,响应,响应,响应
1482,2,0.5783394607275676,0.23448132380414116,0.0,哑 聋,聋 哑,哑 聋,哑 聋
1483,7,0.5212278058410683,0.15009194767114528,0.0,示威 罢工 抗议 游行 骚乱 怠工 哗变,哗变 骚乱 怠工 游行 抗议 罢工 示威,罢工 示威 游行 抗议 哗变 骚乱 怠工,示威 罢工 抗议 游行 骚乱 怠工 哗变
1484,3,0.4576119151211377,-0.0014073526473989937,0.6666666666666666,哗然 鸦雀无声 沸沸扬扬,鸦雀无声 沸沸扬扬 哗然,哗然 鸦雀无声 沸沸扬扬,哗然 鸦雀无声 沸沸扬扬
1485,1,,0.0,0.0,哥,哥,哥,哥
1486,5,0.573829512201954,0.19637170873074059,0.0,门票 票价 退票 售票 机票,门票 机票 售票 票价 退票,退票 票价 售票 门票 机票,门票 票价 退票 售票 机票
1487,5,0.5365896617143114,0.12012152133956393,0.2,商贩 小贩 商人 商贾 售货员,售货员 商贾 商人 小贩 商贩,商人 小贩 售货员 商贾 商贩,商贩 小贩 商人 商贾 售货员
1488,2,0.5159226479166918,0.18254830829947033,0.0,唯独 唯,唯独 唯,唯 唯独,唯独 唯
1489,1,,0.0,0.0,唯一,唯一,唯一,唯一
1490,4,0.592594897476338,0.23416938432886558,0.0,粪便 粪 尿 唾液,唾液 粪 尿 粪便,尿 粪 唾液 粪便,粪便 粪 尿 唾液
1491,2,0.5215132343512471,0.20746631641823762,0.0,商务 商业,商务 商业,商务 商业,商务 商业
1492,2,0.5144255239607871,0.1172277304743168,0.0,大宗 商品,商品 大宗,商品 大宗,大宗 商品
1493,1,,0.0,0.0,啦啦队,啦啦队,啦啦队,啦啦队
1494,1,,0.0,0.0,善,善,善,善
1495,8,0.5335995706851333,0.08917619891394514,0.25,录音机 音响 收音机 喇叭 话筒 音量 耳机 电铃,电铃 耳机 喇叭 音量 话筒 音响 录音机 收音机,录音机 喇叭 耳机 音响 话筒 电铃 音量 收音机,录音机 音响 收音机 喇叭 话筒 音量 耳机 电铃
1496,3,0.4942742481339492,0.10947971414887041,0.0,喘 喘息 缓,缓 喘 喘息,喘 缓 喘息,喘 喘息 缓
1497,6,0.5254646430575546,0.14079818846481837,0.16666666666666666,酸甜苦辣 辛酸 苦难 悲欢离合 喜怒哀乐 苦,苦 悲欢离合 苦难 喜怒哀乐 辛酸 酸甜苦辣,苦难 酸甜苦辣 辛酸 苦 悲欢离合 喜怒哀乐,酸甜苦辣 辛酸 苦难 悲欢离合 喜怒哀乐 苦
1498,9,0.5416654982208537,0.07392593062974152,0.1111111111111111,快乐 幸福 欢乐 愉快 甜蜜 开心 美满 喜悦 美好,甜蜜 美好 喜悦 美满 开心 欢乐 愉快 幸福,欢乐 幸福 开心 快乐 甜蜜 美满 美好 愉快 喜悦,快乐 幸福 欢乐 愉快 甜蜜 开心 美满 喜悦 美好
1499,1,,0.0,0.0,喜洋洋,喜洋洋,喜洋洋,喜洋洋
1500,4,0.548414320211792,0.14003574414040876,0.0,请客 敬酒 喜酒 招待,招待 敬酒 请客 喜酒,请客 喜酒 招待 敬酒,请客 敬酒 喜酒 招待
1501,6,0.5677073472580201,0.15908635040329377,0.16666666666666666,喧闹 熙熙攘攘 热闹 喧哗 拥挤 繁华,熙熙攘攘 拥挤 热闹 喧哗 繁华 喧闹,熙熙攘攘 繁华 拥挤 喧闹 喧哗 热闹,喧闹 熙熙攘攘 热闹 喧哗 拥挤 繁华
1502,7,0.5248786075444057,0.05400396939377115,0.2857142857142857,洒 浇 泼 撒 溅 喷 抹,抹 浇 泼 喷 溅 撒 洒,喷 撒 抹 溅 泼 浇 洒,洒 浇 泼 撒 溅 喷 抹
1503,5,0.5877457767405747,0.1602260765109535,0.0,触觉 嗅觉 直觉 敏锐 知觉,知觉 敏锐 触觉 直觉 嗅觉,嗅觉 触觉 直觉 敏锐 知觉,触觉 嗅觉 直觉 敏锐 知觉
1504,3,0.5598935554902165,0.17202477183057308,0.3333333333333333,嘉宾 来宾 评委,评委 来宾 嘉宾,嘉宾 评委 来宾,嘉宾 来宾 评委
1505,2,0.5199819031584095,0.10474111873965916,0.0,嘉年华 狂欢节,狂欢节 嘉年华,嘉年华 狂欢节,嘉年华 狂欢节
1506,2,0.8639822496424018,0.753652965851548,0.0,噪声 噪音,噪声 噪音,噪声 噪音,噪声 噪音
1507,1,,0.0,0.0,四合院,四合院,四合院,四合院
1508,1,,0.0,0.0,四面八方,四面八方,四面八方,四面八方
1509,4,0.5405612785523731,0.150053954704571,0.0,回到 重返 回归 回,重返 回归 回 回到,回 回归 回到 重返,回到 重返 回归 回
1510,6,0.556107166041977,0.11687958915297188,0.16666666666666666,回忆 回味 往事 回想 记忆 难忘,往事 回想 难忘 记忆 回味 回忆,往事 回忆 回味 记忆 回想 难忘,回忆 回味 往事 回想 记忆 难忘
1511,7,0.5422628956100569,0.11805866210574303,0.14285714285714285,回答 答复 回复 答案 解答 答 回应,回应 答 解答 答案 答复 回复 回答,答 解答 答案 答复 回应 回复 回答,回答 答复 回复 答案 解答 答 回应
1512,3,0.6083269907371108,0.2840836532973128,0.0,日记 笔记 回忆录,回忆录 笔记 日记,笔记 回忆录 日记,日记 笔记 回忆录
1513,3,0.5408580403984843,0.16859884374789288,0.0,回报 回馈 报答,报答 回报 回馈,回馈 报答 回报,回报 回馈 报答
1514,4,0.5826713197848018,0.2370966562606716,0.0,躲避 逃避 避 回避,回避 逃避 躲避 避,逃避 回避 避 躲避,躲避 逃避 避 回避
1515,3,0.502818169205937,0.08607155767891544,0.0,回顾 回首 纵观,纵观 回首 回顾,纵观 回首 回顾,回顾 回首 纵观
1516,1,,0.0,0.0,因,因,因,因
1517,2,0.6075262133380459,0.2839482838668346,0.0,要素 因素,因素 要素,因素 要素,要素 因素
1518,1,,0.0,0.0,团,团,团,团
1519,2,0.6235277958567447,0.3113042827724547,0.0,团体 社团,团体 社团,团体 社团,团体 社团
1520,2,0.7609995687205207,0.5599129858356957,0.0,团圆 团聚,团聚 团圆,团圆 团聚,团圆 团聚
1521,3,0.46455837522017757,0.035856548804061285,0.0,队伍 团队 支,支 团队 队伍,支 队伍 团队,队伍 团队 支
1522,1,,0.0,0.0,园地,园地,园地,园地
1523,2,0.5090945000609125,0.07383103051823976,0.0,绿地 园林,园林 绿地,绿地 园林,绿地 园林
1524,3,0.517606308989067,0.11188604493582859,0.0,累 烦 困,困 烦 累,困 累 烦,累 烦 困
1525,2,0.5235445527564513,0.10428998233258231,0.0,烦恼 困扰,烦恼 困扰,困扰 烦恼,烦恼 困扰
1526,8,0.5132688961395481,0.06625909785388898,0.25,难题 难点 难关 困难 瓶颈 障碍 难处 症结,症结 难处 难点 难题 障碍 困难 瓶颈 难关,障碍 困难 症结 瓶颈 难题 难关 难处 难点,难题 难点 难关 困难 瓶颈 障碍 难处 症结
1527,6,0.5579813400842945,0.15134375576729983,0.0,围墙 墙 栏杆 柱子 城墙 梯子,梯子 城墙 柱子 栏杆 墙 围墙,墙 柱子 栏杆 城墙 梯子 围墙,围墙 墙 栏杆 柱子 城墙 梯子
1528,1,,0.0,0.0,固定,固定,固定,固定
1529,3,0.5789501720177731,0.21566531732860383,0.0,顽固 固执 根深蒂固,根深蒂固 固执 顽固,根深蒂固 顽固 固执,顽固 固执 根深蒂固
1530,1,,0.0,0.0,国,国,国,国
1531,3,0.4525119399458331,-0.0920883334090537,1.0,土地 国土 流转,流转 国土 土地,流转 国土 土地,土地 国土 流转
1532,7,0.49724850724443403,-0.013541393239844155,0.42857142857142855,外国 国外 海外 境外 外地 外来 西方,境外 西方 外来 外地 外国 海外 国外,境外 海外 国外 外来 外国 外地 西方,外国 国外 海外 境外 外地 外来 西方
1533,1,,0.0,0.0,国家,国家,国家,国家
1534,4,0.5386724767784333,0.18691606502178415,0.25,国歌 国旗 国徽 奏,奏 国徽 国旗 国歌,奏 国徽 国歌 国旗,国歌 国旗 国徽 奏
1535,1,,0.0,0.0,国情,国情,国情,国情
1536,1,,0.0,0.0,国有,国有,国有,国有
1537,4,0.4764093118328092,0.047038951746752544,0.5,性别 国籍 种族 身高,身高 种族 国籍 性别,种族 身高 国籍 性别,性别 国籍 种族 身高
1538,1,,0.0,0.0,国防,国防,国防,国防
1539,4,0.5053051603513845,0.11427141409337613,0.25,图 图表 图片 图形,图形 图片 图表 图,图形 图 图片 图表,图 图表 图片 图形
1540,4,0.5506667501153074,0.15440496479192395,0.0,图书馆 阅览室 教学楼 礼堂,礼堂 教学楼 阅览室 图书馆,图书馆 礼堂 阅览室 教学楼,图书馆 阅览室 教学楼 礼堂
1541,4,0.5311902738056716,0.00046778046199085627,0.5,录像 视频 照片 图像,照片 图像 录像 视频,图像 照片 录像 视频,录像 视频 照片 图像
1542,3,0.4525151881028601,-0.07410237614022676,1.0,零件 焊 图纸,零件 焊 图纸,图纸 焊 零件,零件 焊 图纸
1543,3,0.4840211940969108,0.0708546793766493,0.0,顺利 圆满 如愿以偿,如愿以偿 圆满 顺利,顺利 如愿以偿 圆满,顺利 圆满 如愿以偿
1544,7,0.5614893643691052,0.16328018554162615,0.14285714285714285,钢笔 圆珠笔 铅笔 毛笔 墨水 橡皮 字迹,字迹 橡皮 墨水 毛笔 铅笔 圆珠笔 钢笔,铅笔 墨水 圆珠笔 毛笔 钢笔 橡皮 字迹,钢笔 圆珠笔 铅笔 毛笔 墨水 橡皮 字迹
1545,2,0.5970671770108473,0.25099427668333146,0.0,圈子 圈,圈 圈子,圈 圈子,圈子 圈
1546,3,0.5149905657681443,0.11392638951417029,0.0,陷阱 圈套 误区,误区 圈套 陷阱,误区 圈套 陷阱,陷阱 圈套 误区
1547,5,0.5248361781739619,0.06096080146890347,0.4,泥土 泥 沙子 渣子 土,沙子 土 渣子 泥土 泥,土 泥 沙子 渣子 泥土,泥土 泥 沙子 渣子 土
1548,4,0.5016629779344423,0.058665443452682625,0.25,强盗 土匪 无恶不作 敌人,敌人 无恶不作 强盗 土匪,无恶不作 强盗 土匪 敌人,强盗 土匪 无恶不作 敌人
1549,2,0.6275748611965253,0.2997172964436006,0.0,土壤 肥沃,肥沃 土壤,肥沃 土壤,土壤 肥沃
1550,1,,0.0,0.0,土生土长,土生土长,土生土长,土生土长
1551,2,0.5330395418609759,0.16482369537924565,0.0,在于 莫过于,在于 莫过于,在于 莫过于,在于 莫过于
1552,1,,0.0,0.0,在内,在内,在内,在内
1553,1,,0.0,0.0,在线,在线,在线,在线
1554,1,,0.0,0.0,地,地,地,地
1555,5,0.4728428419782217,0.014531444271123012,0.6,地面 地上 水面 陆地 地下,陆地 地下 地上 水面 地面,地面 水面 地上 地下 陆地,地面 地上 水面 陆地 地下
1556,6,0.5497696482778778,0.16299865487940435,0.16666666666666666,水源 饮用水 地下水 饮水 污水 水,污水 水 地下水 饮水 水源 饮用水,污水 水 饮用水 地下水 水源 饮水,水源 饮用水 地下水 饮水 污水 水
1557,3,0.5802590832992524,0.26520479157989657,0.0,姓氏 姓 地名,地名 姓 姓氏,姓 地名 姓氏,姓氏 姓 地名
1558,3,0.47530039097295945,0.10484150190694295,0.0,导航 地图 指南针,指南针 地图 导航,地图 导航 指南针,导航 地图 指南针
1559,3,0.4793016247912411,0.015875087995131248,0.6666666666666666,地址 地点 邮编,地点 邮编 地址,邮编 地址 地点,地址 地点 邮编
1560,3,0.4837449457350435,0.05585222381265082,0.3333333333333333,气候 地形 气象,气象 地形 气候,气候 地形 气象,气候 地形 气象
1561,1,,0.0,0.0,地方,地方,地方,地方
1562,1,,0.0,0.0,地步,地步,地步,地步
1563,3,0.4929962422561185,0.06599148984625193,0.0,地狱 天堂 魔鬼,魔鬼 天堂 地狱,地狱 魔鬼 天堂,地狱 天堂 魔鬼
1564,2,0.5235937052060124,0.08940632712114191,0.0,地理 天文,地理 天文,地理 天文,地理 天文
1565,2,0.5077647383652082,0.08614138154912672,0.0,水利 地质,地质 水利,地质 水利,水利 地质
1566,2,0.5176415041541529,0.11583361038211076,0.0,场 次,场 次,场 次,场 次
1567,1,,0.0,0.0,场合,场合,场合,场合
1568,5,0.5364300958950906,0.08322537931813066,0.0,操场 草坪 场地 空地 跑道,操场 场地 草坪 空地 跑道,空地 操场 草坪 跑道 场地,操场 草坪 场地 空地 跑道
1569,5,0.5307066658142418,0.08208235309729076,0.2,场面 场景 画面 情景 情节,情节 画面 情景 场景 场面,情节 场面 画面 场景 情景,场面 场景 画面 情景 情节
1570,3,0.562220068653197,0.23213289909529947,0.0,均衡 平衡 均匀,均匀 平衡 均衡,平衡 均匀 均衡,均衡 平衡 均匀
1571,2,0.5703381217421396,0.21242799013480218,0.0,烂 坏,烂 坏,坏 烂,烂 坏
1572,4,0.6904662706617012,0.4372903965059697,0.0,好处 益处 坏处 用处,用处 坏处 好处 益处,用处 好处 益处 坏处,好处 益处 坏处 用处
1573,1,,0.0,0.0,坑,坑,坑,坑
1574,1,,0.0,0.0,块,块,块,块
1575,5,0.6694301369489709,0.3962104231154178,0.0,坚信 深信 确信 相信 认为,认为 确信 相信 坚信 深信,坚信 确信 深信 相信 认为,坚信 深信 确信 相信 认为
1576,5,0.5674369227305837,0.10983158738027118,0.2,坚实 牢固 稳固 坚固 扎实,坚固 扎实 稳固 牢固 坚实,稳固 坚固 坚实 扎实 牢固,坚实 牢固 稳固 坚固 扎实
1577,4,0.563213073457128,0.14783638514103598,0.0,守 守护 坚守 守候,守候 守护 坚守 守,坚守 守 守护 守候,守 守护 坚守 守候
1578,3,0.5927214098225836,0.19574545372962127,0.3333333333333333,秉承 本着 坚持,坚持 秉承 本着,秉承 本着 坚持,秉承 本着 坚持
1579,1,,0.0,0.0,坛,坛,坛,坛
1580,9,0.5033740511356292,-0.008138914707858361,0.4444444444444444,河 坝 堤 堤坝 水库 湖 沟 运河 岸,沟 河 堤 水库 岸 坝 湖 运河,运河 坝 堤 岸 湖 沟 河 堤坝 水库,河 坝 堤 堤坝 水库 湖 沟 运河 岸
1581,2,0.5416128090976602,0.18644284437350617,0.0,陡 坡,坡 陡,坡 陡,陡 坡
1582,6,0.5450167864107749,0.09722591486398263,0.5,气馁 泄气 灰心 垂头丧气 惊慌失措 慌,惊慌失措 垂头丧气 慌 灰心 泄气 气馁,惊慌失措 垂头丧气 慌 泄气 灰心 气馁,气馁 泄气 灰心 垂头丧气 惊慌失措 慌
1583,4,0.5701943821531004,0.2707947292257971,0.0,废物 垃圾 废品 废,废 废品 垃圾 废物,废 废物 废品 垃圾,废物 垃圾 废品 废
1584,1,,0.0,0.0,垄断,垄断,垄断,垄断
1585,1,,0.0,0.0,型,型,型,型
1586,2,0.5371807402884609,0.17108549489106523,0.0,型号 规格,型号 规格,型号 规格,型号 规格
1587,1,,0.0,0.0,垫,垫,垫,垫
1588,4,0.4841848088665577,0.12287588445845035,0.0,排名 排行榜 排 垫底,排 垫底 排行榜 排名,排 排行榜 排名 垫底,排名 排行榜 排 垫底
1589,4,0.4653328294150096,0.009327157295597494,0.5,塌 垮 淹 歪,歪 淹 垮 塌,垮 塌 淹 歪,塌 垮 淹 歪
1590,2,0.5646439604518727,0.1542930609241036,0.0,埋 埋没,埋 埋没,埋 埋没,埋 埋没
1591,1,,0.0,0.0,埋伏,埋伏,埋伏,埋伏
1592,4,0.570468268069974,0.14084809910229784,0.25,蕴藏 矿藏 埋藏 宝藏,埋藏 宝藏 矿藏 蕴藏,宝藏 埋藏 矿藏 蕴藏,蕴藏 矿藏 埋藏 宝藏
1593,1,,0.0,0.0,城,城,城,城
1594,2,0.547156994765335,0.17320816299618316,0.0,都市 城市,城市 都市,城市 都市,都市 城市
1595,3,0.55199384985744,0.1722467543900171,0.0,培育 培养 孵化,孵化 培养 培育,培育 培养 孵化,培育 培养 孵化
1596,6,0.5494733476082374,0.12269633193120351,0.16666666666666666,座谈会 讲座 座谈 培训班 研讨 培训,培训 培训班 研讨 讲座 座谈会 座谈,培训 座谈会 座谈 研讨 讲座 培训班,座谈会 讲座 座谈 培训班 研讨 培训
1597,4,0.5673527028699465,0.15121739502467813,0.0,对于 针对 对 基于,基于 针对 对 对于,基于 对于 对 针对,对于 针对 对 基于
1598,1,,0.0,0.0,基准,基准,基准,基准
1599,1,,0.0,0.0,基地,基地,基地,基地
1600,1,,0.0,0.0,基层,基层,基层,基层
1601,8,0.5727065048718317,0.15695580571261084,0.125,大致 大体 大体上 大概 基本上 大约 差不多 基本,大约 大概 基本 基本上 差不多 大体 大体上 大致,基本 大体上 大体 大约 基本上 大概 大致 差不多,大致 大体 大体上 大概 基本上 大约 差不多 基本
1602,7,0.553337034230868,0.09134196298670186,0.2857142857142857,练 练习 训练 苦练 锻炼 跑步 基本功,跑步 基本功 锻炼 训练 苦练 练 练习,练 跑步 基本功 苦练 锻炼 训练 练习,练 练习 训练 苦练 锻炼 跑步 基本功
1603,3,0.4353655422636808,-0.016077976975427243,0.6666666666666666,基础 奠定 底子,底子 奠定 基础,基础 奠定 底子,基础 奠定 底子
1604,1,,0.0,0.0,基金,基金,基金,基金
1605,3,0.4502485289271025,0.051089384253936033,0.3333333333333333,学堂 夜校 堂,夜校 堂 学堂,堂 学堂 夜校,学堂 夜校 堂
1606,3,0.43837742647908073,-0.027516142393710166,0.6666666666666666,堆 堆砌 群,堆砌 群 堆,堆 堆砌 群,堆 堆砌 群
1607,7,0.5026247800784842,0.017839355888609118,0.5714285714285714,腐化 腐朽 堕落 颓废 庸俗 浮躁 腐烂,腐烂 腐化 浮躁 颓废 庸俗 腐朽 堕落,腐朽 腐烂 颓废 腐化 浮躁 庸俗 堕落,腐化 腐朽 堕落 颓废 庸俗 浮躁 腐烂
1608,1,,0.0,0.0,堡垒,堡垒,堡垒,堡垒
1609,2,0.6237729809548864,0.2535166600014098,0.0,堵塞 堵,堵 堵塞,堵塞 堵,堵塞 堵
1610,5,0.4639757905523686,-0.023421070385403052,0.8,塑料 塑料袋 橡胶 尼龙 易拉罐,尼龙 橡胶 易拉罐 塑料袋 塑料,塑料 塑料袋 易拉罐 尼龙 橡胶,塑料 塑料袋 橡胶 尼龙 易拉罐
1611,2,0.501238323612847,0.11757317607590209,0.0,瓦 塔,瓦 塔,塔 瓦,瓦 塔
1612,2,0.5244869951965532,0.12931024840586142,0.0,填 填充,填 填充,填 填充,填 填充
1613,2,0.5548597519439561,0.14508034646067708,0.0,表格 填写,表格 填写,填写 表格,表格 填写
1614,2,0.598129880954305,0.31269373626596975,0.0,空白 填补,填补 空白,空白 填补,空白 填补
1615,1,,0.0,0.0,境内,境内,境内,境内
1616,1,,0.0,0.0,境界,境界,境界,境界
1617,1,,0.0,0.0,增值,增值,增值,增值
1618,3,0.5433962549488994,0.19432597713750954,0.0,增添 添 注入,注入 添 增添,增添 添 注入,增添 添 注入
1619,9,0.5677410234302912,0.13920171684028626,0.3333333333333333,宏伟 壮丽 雄伟 壮观 气势 气魄 宏大 气派 庄严,气魄 庄严 气派 气势 壮观 壮丽 宏大 雄伟,气势 壮观 气派 宏大 宏伟 壮丽 庄严 气魄 雄伟,宏伟 壮丽 雄伟 壮观 气势 气魄 宏大 气派 庄严
1620,1,,0.0,0.0,壳,壳,壳,壳
1621,4,0.48602935255423757,-0.007101714851350346,0.5,壶 茶 沏 盆,茶 盆 壶 沏,壶 盆 沏 茶,壶 茶 沏 盆
1622,1,,0.0,0.0,处,处,处,处
1623,2,0.6441766242949168,0.41188573426596176,0.0,处置 处理,处置 处理,处置 处理,处置 处理
1624,1,,0.0,0.0,备用,备用,备用,备用
1625,3,0.5747117955079447,0.19891855661513635,0.3333333333333333,打印 打印机 复印,复印 打印机 打印,打印机 打印 复印,打印 打印机 复印
1626,1,,0.0,0.0,复合,复合,复合,复合
1627,1,,0.0,0.0,复活,复活,复活,复活
1628,2,0.536561620743423,0.13261062853113464,0.0,复苏 好转,好转 复苏,复苏 好转,复苏 好转
1629,1,,0.0,0.0,夏令营,夏令营,夏令营,夏令营
1630,2,0.561074011828155,0.1725723066633646,0.0,政治 外交,外交 政治,外交 政治,政治 外交
1631,6,0.5799464021862464,0.19632546729443567,0.0,大使馆 领事 领事馆 大使 驻 外交官,大使 外交官 驻 领事馆 领事 大使馆,外交官 大使馆 领事馆 大使 驻 领事,大使馆 领事 领事馆 大使 驻 外交官
1632,4,0.5425506958079863,0.1673165407672844,0.0,快递 配送 物流 外卖,外卖 物流 快递 配送,物流 快递 外卖 配送,快递 配送 物流 外卖
1633,7,0.5797234415171617,0.1912263668443066,0.14285714285714285,外形 外貌 外表 外观 长相 造型 酷似,外表 造型 酷似 长相 外观 外貌 外形,长相 酷似 外貌 外表 外观 造型 外形,外形 外貌 外表 外观 长相 造型 酷似
1634,4,0.6414235741899917,0.26534581122812634,0.0,球员 球星 球队 外援,球队 球星 外援 球员,球星 球员 球队 外援,球员 球星 球队 外援
1635,1,,0.0,0.0,外文,外文,外文,外文
1636,1,,0.0,0.0,外籍,外籍,外籍,外籍
1637,4,0.5522300106569406,0.17524932354600506,0.25,幸亏 多亏 要不是 庆幸,庆幸 要不是 多亏 幸亏,幸亏 庆幸 要不是 多亏,幸亏 多亏 要不是 庆幸
1638,1,,0.0,0.0,多元,多元,多元,多元
1639,1,,0.0,0.0,多劳多得,多劳多得,多劳多得,多劳多得
1640,1,,0.0,0.0,多心,多心,多心,多心
1641,4,0.4964884734987227,0.013085307189237097,0.5,方方面面 多方面 方面 面面俱到,方面 面面俱到 多方面 方方面面,多方面 方面 面面俱到 方方面面,方方面面 多方面 方面 面面俱到
1642,2,0.5429538133378828,0.17565844196644045,0.0,黑夜 夜,黑夜 夜,夜 黑夜,黑夜 夜
1643,2,0.5030146216035998,0.06003784385416651,0.0,庙会 夜市,夜市 庙会,庙会 夜市,庙会 夜市
1644,2,0.5818833552906032,0.2559661575567452,0.0,大 小,大 小,大 小,大 小
1645,3,0.5251212957228152,0.11366402763722062,0.0,家长 小朋友 大人,大人 小朋友 家长,小朋友 家长 大人,家长 小朋友 大人
1646,1,,0.0,0.0,大众,大众,大众,大众
1647,1,,0.0,0.0,大包大揽,大包大揽,大包大揽,大包大揽
1648,2,0.5214417881809548,0.1135866057411802,0.0,大地 天地,天地 大地,大地 天地,大地 天地
1649,2,0.5700151994236882,0.2540640743933637,0.0,大大 大幅度,大幅度 大大,大幅度 大大,大大 大幅度
1650,3,0.4501698373539287,-0.040543093056098135,0.6666666666666666,大大咧咧 大方 有口无心,大方 有口无心 大大咧咧,有口无心 大方 大大咧咧,大大咧咧 大方 有口无心
1651,1,,0.0,0.0,大夫,大夫,大夫,大夫
1652,3,0.4473045149337079,-0.01734576182854344,0.6666666666666666,家庭 大家庭 家境,大家庭 家境 家庭,大家庭 家境 家庭,家庭 大家庭 家境
1653,4,0.43722614244476876,-0.07014196756332805,1.0,长短 短 长 大小,大小 短 长短 长,长短 短 大小 长,长短 短 长 大小
1654,3,0.5886816037055765,0.1824777891051511,0.0,稀奇 稀罕 大惊小怪,大惊小怪 稀罕 稀奇,稀罕 稀奇 大惊小怪,稀奇 稀罕 大惊小怪
1655,1,,0.0,0.0,大意,大意,大意,大意
1656,1,,0.0,0.0,大有可为,大有可为,大有可为,大有可为
1657,2,0.5033274251874165,0.07057304022785742,0.0,栽培 大棚,大棚 栽培,栽培 大棚,栽培 大棚
1658,2,0.5597555669500327,0.15697286284237158,0.0,大模大样 得意扬扬,得意扬扬 大模大样,大模大样 得意扬扬,大模大样 得意扬扬
1659,4,0.6197887878001375,0.2653433338606516,0.0,富豪 富翁 富人 大款,富人 大款 富翁 富豪,大款 富翁 富人 富豪,富豪 富翁 富人 大款
1660,2,0.5166290167847549,0.09636150611187437,0.0,空气 大气,空气 大气,空气 大气,空气 大气
1661,14,0.5201685425872388,0.029076749648626027,0.35714285714285715,海面 礁石 海浪 海滩 海岸 大海 沙滩 海边 海水 海域 海洋 海底,波涛 海岸 海边 海域 海洋 大海 海滩 海水,海岸 海底 海域 海滩 海浪 海洋 海水 波涛 沙滩 礁石 大海 岸上,海面 礁石 海浪 海滩 海岸 大海 沙滩 海边 海水 海域 海洋 海底 岸上 波涛
1662,2,0.5530887496992192,0.20748256605074333,0.0,大片 片,片 大片,片 大片,大片 片
1663,4,0.5338339031781537,0.14141008388101936,0.0,巨额 大笔 高额 笔,笔 高额 大笔 巨额,笔 大笔 高额 巨额,巨额 大笔 高额 笔
1664,4,0.5063667451602202,0.06932288479389331,0.25,纲要 草案 条例 大纲,条例 大纲 草案 纲要,条例 大纲 草案 纲要,纲要 草案 条例 大纲
1665,4,0.5884931005965682,0.2333506075912361,0.0,脑子 头脑 脑筋 大脑,大脑 头脑 脑筋 脑子,头脑 大脑 脑子 脑筋,脑子 头脑 脑筋 大脑
1666,3,0.6177367894698408,0.3471521323061646,0.0,大自然 自然界 自然,自然 自然界 大自然,自然界 自然 大自然,大自然 自然界 自然
1667,3,0.4479922502693583,0.0059989581320366026,0.6666666666666666,大规模 大面积 规模,规模 大面积 大规模,大规模 大面积 规模,大规模 大面积 规模
1668,1,,0.0,0.0,大象,大象,大象,大象
1669,3,0.524890056170945,0.1380043251312654,0.0,门 扇 大门,扇 大门 门,扇 门 大门,门 扇 大门
1670,6,0.5208196712891361,0.06169772126971903,0.3333333333333333,队长 队 队员 领队 教练 大队,教练 大队 队员 领队 队 队长,队 领队 大队 队员 队长 教练,队长 队 队员 领队 教练 大队
1671,5,0.5488439543397531,0.04977914004209181,0.4,月亮 星星 天空 太阳 天上,天空 太阳 天上 星星 月亮,太阳 月亮 星星 天空 天上,月亮 星星 天空 太阳 天上
1672,1,,0.0,0.0,天下,天下,天下,天下
1673,1,,0.0,0.0,天使,天使,天使,天使
1674,1,,0.0,0.0,天平,天平,天平,天平
1675,2,0.5680562768598156,0.1951180003379781,0.0,天桥 桥,桥 天桥,桥 天桥,天桥 桥
1676,8,0.5011898177770974,0.019118739937994473,0.5,水管 煤气 自来水 燃气 管道 天然气 热水 水龙头,热水 自来水 天然气 水龙头 水管 煤气 管道 燃气,水龙头 热水 管道 燃气 水管 天然气 煤气 自来水,水管 煤气 自来水 燃气 管道 天然气 热水 水龙头
1677,2,0.5671894385869092,0.20947642961396035,0.0,无线 天线,无线 天线,无线 天线,无线 天线
1678,2,0.5329090176879252,0.18886840868539204,0.0,天经地义 无可厚非,天经地义 无可厚非,无可厚非 天经地义,天经地义 无可厚非
1679,1,,0.0,0.0,天长地久,天长地久,天长地久,天长地久
1680,2,0.5086722061089957,0.16716714129054408,0.0,太平 平安,平安 太平,太平 平安,太平 平安
1681,3,0.6365487429717278,0.3258689935309827,0.0,太极拳 太极 拳,拳 太极 太极拳,拳 太极拳 太极,太极拳 太极 拳
1682,9,0.5053183998799028,0.06659902859019251,0.2222222222222222,宇航员 航天员 飞船 太空 飞行 航天 嫦娥 月球 飞行员,月球 飞行员 嫦娥 航天 飞行 飞船 太空 航天员,飞行员 航天 嫦娥 月球 航天员 飞行 飞船 宇航员 太空,宇航员 航天员 飞船 太空 飞行 航天 嫦娥 月球 飞行员
1683,4,0.4600478081380504,0.02286661664791661,0.25,失业 就业 求职 无家可归,无家可归 求职 就业 失业,无家可归 就业 求职 失业,失业 就业 求职 无家可归
1684,2,0.5240152415524117,0.11705927665747745,0.0,失传 灭绝,灭绝 失传,灭绝 失传,失传 灭绝
1685,3,0.6066352348000454,0.25868523371951396,0.0,失败 失利 挫折,挫折 失利 失败,挫折 失败 失利,失败 失利 挫折
1686,2,0.5711081970048908,0.24489039998617212,0.0,失控 失灵,失灵 失控,失灵 失控,失控 失灵
1687,1,,0.0,0.0,头,头,头,头
1688,1,,0.0,0.0,头号,头号,头号,头号
1689,2,0.5167421969892554,0.0942756782409764,0.0,头头是道 滔滔不绝,滔滔不绝 头头是道,头头是道 滔滔不绝,头头是道 滔滔不绝
1690,1,,0.0,0.0,头条,头条,头条,头条
1691,1,,0.0,0.0,头部,头部,头部,头部
1692,2,0.5016663160227974,0.07797542788930335,0.0,表扬 夸,表扬 夸,夸 表扬,表扬 夸
1693,1,,0.0,0.0,夸张,夸张,夸张,夸张
1694,2,0.5177867255732364,0.08798241343293182,0.0,鲜花 奇花异草,鲜花 奇花异草,奇花异草 鲜花,鲜花 奇花异草
1695,3,0.43599328346385446,-0.016974385318683897,0.6666666666666666,奉献 献 敬业,敬业 献 奉献,献 敬业 奉献,奉献 献 敬业
1696,4,0.5965601229272549,0.2721081258471732,0.0,机遇 契机 机会 时机,时机 机会 契机 机遇,时机 机会 契机 机遇,机遇 契机 机会 时机
1697,3,0.48621113876373095,0.025641190448860058,0.3333333333333333,约定 契约 定金,定金 契约 约定,契约 约定 定金,约定 契约 定金
1698,2,0.5467042882282869,0.14778131271253225,0.0,窜 奔,窜 奔,奔 窜,窜 奔
1699,4,0.5282028709818974,0.07754068299666882,0.5,往返 来回 奔波 趟,奔波 趟 来回 往返,趟 奔波 来回 往返,往返 来回 奔波 趟
1700,5,0.4933298669029217,0.06330509333168896,0.4,追赶 追逐 追 奔跑 赶,奔跑 赶 追 追赶 追逐,追逐 追赶 赶 追 奔跑,追赶 追逐 追 奔跑 赶
1701,6,0.5427348074693439,0.05828941003774906,0.16666666666666666,奖 奖项 获奖 评选 荣获 揭晓,荣获 揭晓 评选 获奖 奖 奖项,奖项 奖 揭晓 获奖 评选 荣获,奖 奖项 获奖 评选 荣获 揭晓
1702,4,0.5587466133088324,0.17365201230899624,0.0,补助 补贴 扶持 奖励,奖励 扶持 补助 补贴,补助 补贴 奖励 扶持,补助 补贴 扶持 奖励
1703,5,0.5505262499733368,0.14248539405396649,0.0,生活费 学费 零花钱 奖学金 抚养费,零花钱 抚养费 奖学金 生活费 学费,零花钱 抚养费 生活费 奖学金 学费,生活费 学费 零花钱 奖学金 抚养费
1704,7,0.5674206708957518,0.09472145461878086,0.2857142857142857,薪水 工资 奖金 退休金 报酬 年薪 津贴,年薪 退休金 津贴 报酬 奖金 工资 薪水,年薪 退休金 工资 奖金 薪水 津贴 报酬,薪水 工资 奖金 退休金 报酬 年薪 津贴
1705,1,,0.0,0.0,套,套,套,套
1706,1,,0.0,0.0,套餐,套餐,套餐,套餐
1707,3,0.5680793412348136,0.24553814761152692,0.0,豪华 奢侈 高档,高档 奢侈 豪华,豪华 奢侈 高档,豪华 奢侈 高档
1708,8,0.5290164247469185,0.07497170396777081,0.25,诀窍 秘诀 窍门 技巧 绝招 秘方 要领 奥秘,秘方 奥秘 技巧 绝招 要领 窍门 诀窍 秘诀,绝招 诀窍 技巧 窍门 秘方 秘诀 奥秘 要领,诀窍 秘诀 窍门 技巧 绝招 秘方 要领 奥秘
1709,21,0.5016545599379866,0.0604632658782807,0.19047619047619047,女生 男人 女孩儿 男生 女人 姑娘 少女 女子 美女 男士 男孩儿 男,胖子 美人 女人 姑娘 男性 男人 男女 帅哥,胖子 女 男 帅哥 姑娘 男生 美人 男性 男士 男女 男子 美女,女生 男人 女孩儿 男生 女人 姑娘 少女 女子 美女 男士 男孩儿 男 女 小伙子 帅哥 女性 男子 男性 男女 胖子 美人
1710,2,0.5726434969602667,0.22655471317637954,0.0,奶 蛋,奶 蛋,奶 蛋,奶 蛋
1711,4,0.5371685796759859,0.16078078927154651,0.0,好心 好心人 热心 好人,好人 热心 好心 好心人,热心 好心人 好人 好心,好心 好心人 热心 好人
1712,2,0.7214457230772573,0.46828873521997094,0.0,好奇 好奇心,好奇 好奇心,好奇 好奇心,好奇 好奇心
1713,1,,0.0,0.0,好家伙,好家伙,好家伙,好家伙
1714,5,0.5666677754433583,0.1578946508343518,0.2,礼貌 客气 彬彬有礼 殷勤 好意,好意 客气 彬彬有礼 殷勤 礼貌,彬彬有礼 礼貌 好意 客气 殷勤,礼貌 客气 彬彬有礼 殷勤 好意
1715,5,0.5367296100503275,0.09957795637282492,0.2,运气 福气 好运 幸运 缘分,缘分 福气 好运 幸运 运气,运气 缘分 福气 幸运 好运,运气 福气 好运 幸运 缘分
1716,7,0.5790244090320711,0.24424428968784292,0.0,眼下 当下 当前 目前 现在 如今 当今,现在 如今 目前 当今 当前 眼下 当下,现在 当下 当今 当前 目前 眼下 如今,眼下 当下 当前 目前 现在 如今 当今
1717,4,0.44196784920132376,-0.03961947817041485,0.75,真实 真相 如实 现实,现实 真相 如实 真实,真相 真实 现实 如实,真实 真相 如实 现实
1718,5,0.6066902130378138,0.29425258119873005,0.0,这么 这样 如此 那么 那样,那样 如此 那么 这样 这么,如此 那样 那么 这样 这么,这么 这样 如此 那么 那样
1719,4,0.46973903161657155,0.032722767844919814,0.25,陶醉 如醉如痴 沉浸 爱不释手,爱不释手 沉浸 如醉如痴 陶醉,爱不释手 如醉如痴 沉浸 陶醉,陶醉 如醉如痴 沉浸 爱不释手
1720,2,0.5321990462210964,0.13597986781298432,0.0,妙 巧,妙 巧,妙 巧,妙 巧
1721,1,,0.0,0.0,妥,妥,妥,妥
1722,3,0.4956892881643631,0.08655753614368651,0.0,稳妥 有序 妥善,妥善 有序 稳妥,稳妥 妥善 有序,稳妥 有序 妥善
1723,2,0.5628677243492436,0.16269631398777235,0.0,妥当 得当,得当 妥当,妥当 得当,妥当 得当
1724,3,0.4570312238549253,0.05886344863140208,0.3333333333333333,小组 组 委员会,委员会 组 小组,组 小组 委员会,小组 组 委员会
1725,1,,0.0,0.0,委婉,委婉,委婉,委婉
1726,3,0.5837780569114795,0.16787646937727307,0.0,态度 心态 姿态,姿态 心态 态度,心态 姿态 态度,态度 心态 姿态
1727,2,0.5032293412605578,0.04771738176763661,0.0,威力 威慑,威慑 威力,威慑 威力,威力 威慑
1728,1,,0.0,0.0,威风,威风,威风,威风
1729,7,0.49236719290109027,0.02801092842419048,0.42857142857142855,宝宝 婴儿 胎儿 孕妇 怀孕 娃娃 宝贝,怀孕 宝贝 娃娃 宝宝 孕妇 胎儿 婴儿,宝贝 婴儿 娃娃 孕妇 胎儿 怀孕 宝宝,宝宝 婴儿 胎儿 孕妇 怀孕 娃娃 宝贝
1730,10,0.5258176717069677,0.024660515213184138,0.4,胆怯 胆小 自卑 害羞 懒惰 畏缩 害臊 软弱 娇气 爱面子,软弱 爱面子 懒惰 害臊 娇气 自卑 畏缩 胆小,胆小 爱面子 软弱 害羞 畏缩 懒惰 自卑 害臊 胆怯 娇气,胆怯 胆小 自卑 害羞 懒惰 畏缩 害臊 软弱 娇气 爱面子
1731,2,0.5453613971123711,0.1551460216058296,0.0,文娱 娱乐,娱乐 文娱,娱乐 文娱,文娱 娱乐
1732,7,0.5537289987176598,0.11842398422098453,0.0,结婚 娶 嫁 订婚 离婚 成家 嫁妆,嫁妆 订婚 离婚 娶 成家 嫁 结婚,娶 嫁 成家 离婚 嫁妆 订婚 结婚,结婚 娶 嫁 订婚 离婚 成家 嫁妆
1733,2,0.5603368216102993,0.1774584514890341,0.0,媒体 舆论,舆论 媒体,媒体 舆论,媒体 舆论
1734,2,0.5057097197454148,0.046540673279210035,0.0,嫌 嫌疑,嫌疑 嫌,嫌疑 嫌,嫌 嫌疑
1735,1,,0.0,0.0,子,子,子,子
1736,5,0.5609214457466456,0.19134204822854387,0.0,枪 子弹 手枪 弹 炮,炮 子弹 弹 枪 手枪,子弹 弹 炮 枪 手枪,枪 子弹 手枪 弹 炮
1737,8,0.5532092831882858,0.16721932907950288,0.0,汉字 繁体字 简体字 字体 字母 文字 错别字 字,字母 字 文字 错别字 字体 汉字 简体字 繁体字,字 错别字 汉字 简体字 文字 字体 繁体字 字母,汉字 繁体字 简体字 字体 字母 文字 错别字 字
1738,5,0.6102631454949252,0.305664957523923,0.0,词典 辞典 字典 百科全书 教科书,教科书 百科全书 字典 辞典 词典,词典 辞典 教科书 百科全书 字典,词典 辞典 字典 百科全书 教科书
1739,2,0.5454125278811703,0.16712235444116938,0.0,字幕 对白,对白 字幕,对白 字幕,字幕 对白
1740,2,0.5180328666421853,0.14470300919628998,0.0,存在 存,存在 存,存 存在,存在 存
1741,3,0.6042026259949907,0.22643081227619558,0.0,孝顺 孝敬 赡养,赡养 孝顺 孝敬,赡养 孝顺 孝敬,孝顺 孝敬 赡养
1742,2,0.5658415454914263,0.21450239828522677,0.0,季度 季,季度 季,季 季度,季度 季
1743,1,,0.0,0.0,孤立,孤立,孤立,孤立
1744,7,0.49756820140907887,0.022598833268519348,0.42857142857142855,无知 狭隘 幼稚 自以为是 自私自利 鲁莽 孤陋寡闻,自私自利 鲁莽 孤陋寡闻 自以为是 幼稚 狭隘 无知,无知 孤陋寡闻 幼稚 鲁莽 狭隘 自以为是 自私自利,无知 狭隘 幼稚 自以为是 自私自利 鲁莽 孤陋寡闻
1745,3,0.5090782989146199,0.08813585586123694,0.0,学 教 念,念 教 学,学 念 教,学 教 念
1746,4,0.5073703617894972,0.08998679358408737,0.0,求学 学艺 讲学 学业,学业 学艺 讲学 求学,学业 求学 讲学 学艺,求学 学艺 讲学 学业
1747,6,0.5109439692798502,0.07143397091948124,0.16666666666666666,选修 必修 学分 学时 科目 学科,学科 学分 学时 科目 必修 选修,选修 必修 学科 学时 科目 学分,选修 必修 学分 学时 科目 学科
1748,3,0.48817877223257145,0.04792673849896404,0.3333333333333333,理论 学说 实践,实践 学说 理论,理论 实践 学说,理论 学说 实践
1749,2,0.5051851308652213,0.06639075232727129,0.0,学问 深奥,学问 深奥,深奥 学问,学问 深奥
1750,2,0.5409795507654207,0.19212430990708257,0.0,院 学院,学院 院,院 学院,院 学院
1751,11,0.5270272380285609,0.049397276489133786,0.2727272727272727,宁静 安静 清静 平静 安逸 安宁 安稳 安定 平和 富足 静,富足 平和 静 安逸 平静 安定 安稳 宁静,安静 安逸 宁静 静 安宁 安定 平静 安稳 清静 富足 平和,宁静 安静 清静 平静 安逸 安宁 安稳 安定 平和 富足 静
1752,2,0.5426240480658907,0.12257167113786263,0.0,时空 宇宙,时空 宇宙,时空 宇宙,时空 宇宙
1753,1,,0.0,0.0,守株待兔,守株待兔,守株待兔,守株待兔
1754,1,,0.0,0.0,安,安,安,安
1755,1,,0.0,0.0,安全,安全,安全,安全
1756,4,0.5314936518067869,0.11968255905163663,0.25,放心 安心 满意 顺心,顺心 满意 安心 放心,顺心 放心 安心 满意,放心 安心 满意 顺心
1757,4,0.43426791202856574,-0.08402345894066023,0.5,疏通 疏导 安抚 打通,安抚 打通 疏通 疏导,疏通 打通 疏导 安抚,疏通 疏导 安抚 打通
1758,2,0.5195711837412547,0.08782981573635322,0.0,安排 布置,安排 布置,安排 布置,安排 布置
1759,1,,0.0,0.0,安检,安检,安检,安检
1760,4,0.5086985423534395,0.02785601815957275,0.5,服用 安眠药 药片 食用,食用 药片 安眠药 服用,食用 药片 安眠药 服用,服用 安眠药 药片 食用
1761,1,,0.0,0.0,安置,安置,安置,安置
1762,4,0.5129885261153987,0.07209809859269159,0.0,安装 组装 调试 改装,调试 改装 安装 组装,调试 安装 组装 改装,安装 组装 调试 改装
1763,3,0.6732014350072344,0.35260013372804927,0.0,完 完了 完毕,完毕 完了 完,完 完毕 完了,完 完了 完毕
1764,2,0.5308268541713739,0.19735879667884393,0.0,完好 完整,完整 完好,完整 完好,完好 完整
1765,2,0.5671020412700833,0.19369572459179468,0.0,完成 实现,实现 完成,实现 完成,完成 实现
1766,3,0.4981785706084854,0.03508855264527494,0.0,精妙 精彩 完美,精妙 完美 精彩,完美 精彩 精妙,精妙 精彩 完美
1767,2,0.6829251862298392,0.461574436770923,0.0,微观 宏观,微观 宏观,微观 宏观,微观 宏观
1768,1,,0.0,0.0,宗,宗,宗,宗
1769,1,,0.0,0.0,官,官,官,官
1770,2,0.5029270403138021,0.07856628753815979,0.0,官员 高层,官员 高层,官员 高层,官员 高层
1771,1,,0.0,0.0,官方,官方,官方,官方
1772,4,0.4866811620167062,0.04301570334699076,0.5,确定 确立 确认 定,定 确认 确立 确定,定 确定 确立 确认,确定 确立 确认 定
1773,5,0.4737927902578642,0.013178913938462895,0.6,范畴 定义 宽泛 范围 概念,宽泛 范围 定义 概念 范畴,概念 宽泛 定义 范畴 范围,范畴 定义 宽泛 范围 概念
1774,2,0.5026973886327708,0.07665000693802618,0.0,定位 错位,错位 定位,错位 定位,定位 错位
1775,1,,0.0,0.0,定做,定做,定做,定做
1776,1,,0.0,0.0,定向,定向,定向,定向
1777,3,0.4874079211022085,0.029158859775576727,0.3333333333333333,定居 移民 落户,落户 移民 定居,移民 落户 定居,定居 移民 落户
1778,1,,0.0,0.0,定心丸,定心丸,定心丸,定心丸
1779,4,0.4511719769128246,-0.023545549983688612,0.5,结论 定论 论证 得出,得出 定论 论证 结论,得出 论证 结论 定论,结论 定论 论证 得出
1780,1,,0.0,0.0,宝,宝,宝,宝
1781,4,0.5485144490235362,0.1330707922245208,0.0,瑰宝 精华 宝库 精髓,精髓 宝库 精华 瑰宝,瑰宝 精髓 宝库 精华,瑰宝 精华 宝库 精髓
1782,8,0.5485530331468932,0.14801596022618926,0.125,宝石 钻石 项链 首饰 珠宝 珍珠 戒指 水晶,珍珠 戒指 项链 钻石 首饰 水晶 宝石 珠宝,戒指 钻石 项链 水晶 珠宝 宝石 珍珠 首饰,宝石 钻石 项链 首饰 珠宝 珍珠 戒指 水晶
1783,7,0.5321223909271322,0.09765504307130927,0.2857142857142857,珍惜 珍视 珍重 爱惜 珍贵 宝贵 尊重,珍贵 尊重 宝贵 爱惜 珍重 珍惜 珍视,珍视 珍贵 珍重 爱惜 宝贵 尊重 珍惜,珍惜 珍视 珍重 爱惜 珍贵 宝贵 尊重
1784,1,,0.0,0.0,实习,实习,实习,实习
1785,1,,0.0,0.0,实体,实体,实体,实体
1786,1,,0.0,0.0,实况,实况,实况,实况
1787,2,0.5838838780254003,0.26401593964494713,0.0,实力 软实力,实力 软实力,实力 软实力,实力 软实力
1788,11,0.5419806945909451,0.08412373418060806,0.18181818181818182,真的 确实 的确 果真 实在 真 当真 简直 着实 果然 真心,着实 果然 真心 真 当真 果真 简直 的确,实在 真的 简直 真 真心 确实 果真 果然 着实 当真 的确,真的 确实 的确 果真 实在 真 当真 简直 着实 果然 真心
1789,6,0.5871384845694153,0.2425336053932483,0.0,实行 推行 实施 施行 试行 采取,采取 试行 实施 施行 推行 实行,实施 试行 采取 施行 推行 实行,实行 推行 实施 施行 试行 采取
1790,1,,0.0,0.0,实物,实物,实物,实物
1791,4,0.45513923627767067,0.021652251304257623,0.25,有用 有益 有害 实用,实用 有害 有益 有用,实用 有益 有用 有害,有用 有益 有害 实用
1792,6,0.5378112178835537,0.07477531804414213,0.16666666666666666,实话 说老实话 说真的 实话实说 没说的 的话,的话 实话 没说的 说真的 实话实说 说老实话,实话实说 说老实话 说真的 没说的 的话 实话,实话 说老实话 说真的 实话实说 没说的 的话
1793,1,,0.0,0.0,实际,实际,实际,实际
1794,4,0.5520554268342708,0.01647188485167412,0.75,试验 测试 实验 试,实验 测试 试 试验,测试 试验 试 实验,试验 测试 实验 试
1795,1,,0.0,0.0,实验室,实验室,实验室,实验室
1796,2,0.6059694320414943,0.25619478463422096,0.0,宠 宠爱,宠 宠爱,宠 宠爱,宠 宠爱
1797,1,,0.0,0.0,宠物,宠物,宠物,宠物
1798,3,0.45235155448717346,-0.00947226301386044,0.6666666666666666,验 检验 审,检验 审 验,审 验 检验,验 检验 审
1799,5,0.5600194380893576,0.14692649230725058,0.0,审查 审核 评审 审定 验收,验收 审定 评审 审核 审查,审定 审查 审核 验收 评审,审查 审核 评审 审定 验收
1800,7,0.5379618086802246,0.10506552787738929,0.14285714285714285,顾客 游客 消费者 客人 客户 用户 游人,游人 客人 消费者 游客 用户 客户 顾客,消费者 游客 游人 用户 客人 客户 顾客,顾客 游客 消费者 客人 客户 用户 游人
1801,10,0.5097708491145352,0.04988754648067355,0.3,飞机 客机 航班 降落 起飞 直升机 机场 登机 航空 架,登机 航空 架 机场 直升机 起飞 降落 航班,机场 直升机 起飞 架 航空 航班 飞机 降落 客机 登机,飞机 客机 航班 降落 起飞 直升机 机场 登机 航空 架
1802,2,0.5074232706977388,0.0838160952685266,0.0,客流 流量,流量 客流,流量 客流,客流 流量
1803,8,0.4790143663988405,-0.03349673947509292,0.625,货运 运输 海运 客运 航运 货物 旅客 航海,航海 旅客 货物 航运 海运 运输 客运 货运,客运 旅客 货物 航海 运输 航运 海运 货运,货运 运输 海运 客运 航运 货物 旅客 航海
1804,2,0.5195535310924582,0.15924309724771785,0.0,宣告 正式,正式 宣告,宣告 正式,宣告 正式
1805,2,0.5134480910793612,0.11085543403722445,0.0,宣誓 宣读,宣读 宣誓,宣誓 宣读,宣誓 宣读
1806,8,0.5289135370837293,0.05631887465698782,0.375,寺庙 宫殿 庙 教堂 清真寺 寺 宫 殿堂,宫 宫殿 寺 殿堂 庙 教堂 寺庙 清真寺,宫 寺 庙 殿堂 清真寺 寺庙 宫殿 教堂,寺庙 宫殿 庙 教堂 清真寺 寺 宫 殿堂
1807,3,0.6711930294522084,0.3681038434133815,0.0,宫廷 皇宫 皇室,皇宫 皇室 宫廷,皇宫 皇室 宫廷,宫廷 皇宫 皇室
1808,1,,0.0,0.0,宰,宰,宰,宰
1809,2,0.6343765187382915,0.3319430578094277,0.0,害 祸害,祸害 害,祸害 害,害 祸害
1810,8,0.5293480389037077,0.11837433114813245,0.125,虫子 蚊子 昆虫 苍蝇 害虫 细菌 蜜蜂 灰尘,灰尘 蜜蜂 细菌 昆虫 害虫 虫子 苍蝇 蚊子,细菌 苍蝇 蜜蜂 昆虫 虫子 害虫 灰尘 蚊子,虫子 蚊子 昆虫 苍蝇 害虫 细菌 蜜蜂 灰尘
1811,1,,0.0,0.0,家,家,家,家
1812,4,0.5884049750614372,0.24566007010486024,0.0,家乡 故乡 老家 祖国,祖国 老家 故乡 家乡,祖国 故乡 老家 家乡,家乡 故乡 老家 祖国
1813,4,0.5663262256421161,0.1584846498990321,0.0,文具 家具 玩具 用品,家具 玩具 用品 文具,用品 玩具 家具 文具,文具 家具 玩具 用品
1814,2,0.6059433048982338,0.31280744167682917,0.0,深入人心 家喻户晓,家喻户晓 深入人心,深入人心 家喻户晓,深入人心 家喻户晓
1815,1,,0.0,0.0,家园,家园,家园,家园
1816,3,0.4664387841641193,0.013218741234518619,0.6666666666666666,血缘 血脉 家族,家族 血脉 血缘,血脉 血缘 家族,血缘 血脉 家族
1817,2,0.5208580494309698,0.15437487202514058,0.0,民用 家用,民用 家用,民用 家用,民用 家用
1818,1,,0.0,0.0,容光焕发,容光焕发,容光焕发,容光焕发
1819,2,0.5115074927325938,0.1008122067369954,0.0,量 容量,量 容量,容量 量,量 容量
1820,10,0.5597755058655904,0.1593462857419483,0.1,宽阔 宽广 开阔 狭窄 宽敞 广阔 狭小 平坦 辽阔 窄,窄 广阔 平坦 宽敞 辽阔 狭小 狭窄 开阔,开阔 窄 宽广 宽敞 辽阔 宽阔 广阔 狭窄 平坦 狭小,宽阔 宽广 开阔 狭窄 宽敞 广阔 狭小 平坦 辽阔 窄
1821,4,0.4957082974511387,0.09016717719355069,0.0,紧 宽松 紧缩 松,松 紧缩 宽松 紧,紧 松 宽松 紧缩,紧 宽松 紧缩 松
1822,6,0.5161132120299727,0.09105814943593608,0.3333333333333333,送 捎 赠 寄 赠送 递,赠送 递 寄 捎 送 赠,寄 捎 赠送 送 递 赠,送 捎 赠 寄 赠送 递
1823,1,,0.0,0.0,寄托,寄托,寄托,寄托
1824,1,,0.0,0.0,密,密,密,密
1825,4,0.518443592933775,0.07644003268211975,0.25,息息相关 密不可分 相辅相成 无关,无关 相辅相成 密不可分 息息相关,息息相关 无关 相辅相成 密不可分,息息相关 密不可分 相辅相成 无关
1826,2,0.7131074956287546,0.4945877640495917,0.0,紧密 密切,密切 紧密,密切 紧密,紧密 密切
1827,2,0.5045327814564793,0.06590559483819258,0.0,阀门 密封,密封 阀门,密封 阀门,阀门 密封
1828,2,0.536466331188291,0.16415534028115433,0.0,强度 密度,密度 强度,密度 强度,强度 密度
1829,2,0.5012652826339592,0.03722811018484576,0.0,账号 密码,密码 账号,密码 账号,账号 密码
1830,2,0.5629681539316229,0.18305092625841438,0.0,密集 稠密,稠密 密集,稠密 密集,密集 稠密
1831,1,,0.0,0.0,富,富,富,富
1832,2,0.5605172948346395,0.19443481730240214,0.0,富裕 小康,富裕 小康,小康 富裕,富裕 小康
1833,4,0.5537987032934387,0.14224512456383584,0.0,童话 寓言 故事 笑话,笑话 故事 童话 寓言,故事 笑话 寓言 童话,童话 寓言 故事 笑话
1834,1,,0.0,0.0,寡妇,寡妇,寡妇,寡妇
1835,2,0.5446938934844714,0.20239612531794454,0.0,稀少 寥寥无几,稀少 寥寥无几,稀少 寥寥无几,稀少 寥寥无几
1836,4,0.5106109130314634,0.05417009562503769,0.5,对得起 对不起 辜负 看得起,看得起 对不起 辜负 对得起,辜负 看得起 对不起 对得起,对得起 对不起 辜负 看得起
1837,4,0.588662547789933,0.2135556166779383,0.25,应对 对付 应付 面对,面对 对付 应对 应付,对付 面对 应付 应对,应对 对付 应付 面对
1838,4,0.5740280642763779,0.2516629059442864,0.0,对准 矛头 指向 瞄准,瞄准 矛头 指向 对准,对准 瞄准 矛头 指向,对准 矛头 指向 瞄准
1839,1,,0.0,0.0,对外,对外,对外,对外
1840,2,0.5793634092717952,0.26755779910472,0.0,对应 相应,对应 相应,对应 相应,对应 相应
1841,3,0.5895791847967972,0.24687344928164215,0.0,对待 看待 平常心,平常心 对待 看待,看待 对待 平常心,对待 看待 平常心
1842,2,0.635909130328618,0.3794556897172994,0.0,对比 对照,对比 对照,对比 对照,对比 对照
1843,1,,0.0,0.0,对称,对称,对称,对称
1844,3,0.4772126929947103,-0.0023048838468600528,0.6666666666666666,诗 诗人 对联,诗人 对联 诗,诗人 诗 对联,诗 诗人 对联
1845,2,0.513359136088573,0.1360093016103403,0.0,面对面 对话,对话 面对面,面对面 对话,面对面 对话
1846,1,,0.0,0.0,对象,对象,对象,对象
1847,8,0.5871107277589616,0.1978939909507323,0.125,寻找 找到 寻觅 找 寻 找出 搜寻 查找,搜寻 查找 找出 寻 寻觅 找 寻找 找到,寻 找 寻找 找到 找出 搜寻 寻觅 查找,寻找 找到 寻觅 找 寻 找出 搜寻 查找
1848,2,0.600117404350955,0.24828610623622854,0.0,平凡 寻常,平凡 寻常,寻常 平凡,平凡 寻常
1849,2,0.5020415445908895,0.08540530137696728,0.0,导向 方向,方向 导向,导向 方向,导向 方向
1850,2,0.5275985038311786,0.10416885257344732,0.0,老师 导师,老师 导师,导师 老师,老师 导师
1851,4,0.46987094434705506,0.01915833863218285,0.5,根源 源头 源泉 导火索,导火索 源泉 源头 根源,根源 源泉 源头 导火索,根源 源头 源泉 导火索
1852,1,,0.0,0.0,寿命,寿命,寿命,寿命
1853,2,0.5792266797136486,0.23096045391068298,0.0,封闭 封锁,封锁 封闭,封闭 封锁,封闭 封锁
1854,2,0.5506444839284668,0.15122848615784357,0.0,封面 海报,海报 封面,海报 封面,封面 海报
1855,1,,0.0,0.0,封顶,封顶,封顶,封顶
1856,3,0.47354780108193656,0.08965366823578946,0.3333333333333333,投射 折射 射,射 折射 投射,射 折射 投射,投射 折射 射
1857,3,0.4381207994665237,-0.0726693059641457,0.6666666666666666,将 有望 把,把 有望 将,将 把 有望,将 有望 把
1858,1,,0.0,0.0,将军,将军,将军,将军
1859,3,0.6457949441969423,0.34578908191190405,0.0,近 将近 接近,接近 将近 近,近 将近 接近,近 将近 接近
1860,3,0.5397573338873934,0.14455424440015352,0.3333333333333333,高贵 尊贵 纯洁,纯洁 尊贵 高贵,纯洁 尊贵 高贵,高贵 尊贵 纯洁
1861,1,,0.0,0.0,小卒,小卒,小卒,小卒
1862,3,0.4629827115967566,0.04907682080259614,0.0,小曲 曲 小品,曲 小品 小曲,曲 小品 小曲,小曲 曲 小品
1863,8,0.5634058432402317,0.15156205363110087,0.125,注意 小心 留心 提防 当心 留神 警惕 留意,警惕 小心 留心 留神 留意 当心 提防 注意,当心 小心 注意 警惕 留心 提防 留意 留神,注意 小心 留心 提防 当心 留神 警惕 留意
1864,2,0.5339820948815702,0.1460143482288113,0.0,提心吊胆 小心翼翼,小心翼翼 提心吊胆,提心吊胆 小心翼翼,提心吊胆 小心翼翼
1865,2,0.5086411070604762,0.05041334088576466,0.0,见钱眼开 小气,见钱眼开 小气,见钱眼开 小气,见钱眼开 小气
1866,8,0.5066535054500083,0.04250799267746185,0.25,河流 湖泊 小溪 流域 池塘 水域 沿岸 瀑布,瀑布 沿岸 水域 小溪 池塘 流域 湖泊 河流,湖泊 瀑布 流域 河流 池塘 小溪 水域 沿岸,河流 湖泊 小溪 流域 池塘 水域 沿岸 瀑布
1867,3,0.5376175272316802,0.15862470214474603,0.0,小王 老王 王,王 老王 小王,王 小王 老王,小王 老王 王
1868,3,0.5815992786193829,0.25298746576100034,0.0,少不了 必不可少 离不开,必不可少 离不开 少不了,必不可少 少不了 离不开,少不了 必不可少 离不开
1869,5,0.6320312706935974,0.29193870167860625,0.0,罕见 难得一见 少见 少有 难得,难得 少有 少见 难得一见 罕见,少见 难得一见 罕见 难得 少有,罕见 难得一见 少见 少有 难得
1870,1,,0.0,0.0,少林寺,少林寺,少林寺,少林寺
1871,1,,0.0,0.0,少量,少量,少量,少量
1872,1,,0.0,0.0,尖锐,尖锐,尖锐,尖锐
1873,3,0.6463425671468342,0.3603950748447002,0.0,尚未 未 迟迟,迟迟 尚未 未,迟迟 未 尚未,尚未 未 迟迟
1874,2,0.5318974108880059,0.21096410782337852,0.0,尝 闻,尝 闻,尝 闻,尝 闻
1875,3,0.585566123027084,0.2798312535582564,0.0,探索 摸索 尝试,尝试 摸索 探索,尝试 探索 摸索,探索 摸索 尝试
1876,2,0.6964469068552345,0.44197083934381654,0.0,特别 尤其,特别 尤其,尤其 特别,特别 尤其
1877,5,0.6492240280559006,0.35202144414975184,0.0,已经 早已 早就 已 就,就 已 早就 已经 早已,已经 就 已 早已 早就,已经 早已 早就 已 就
1878,4,0.5294827869949935,0.10549252978465967,0.25,治病 求医 就医 生病,生病 就医 治病 求医,生病 就医 治病 求医,治病 求医 就医 生病
1879,2,0.696038330928732,0.4581910167374621,0.0,就近 就地,就地 就近,就地 就近,就近 就地
1880,1,,0.0,0.0,尺度,尺度,尺度,尺度
1881,1,,0.0,0.0,尽,尽,尽,尽
1882,4,0.451088976916352,0.01617751548005506,0.75,终点 起点 起跑线 尽头,尽头 起跑线 起点 终点,起跑线 尽头 终点 起点,终点 起点 起跑线 尽头
1883,2,0.5145694492880738,0.057669140913158945,0.0,酣畅 尽情,酣畅 尽情,酣畅 尽情,酣畅 尽情
1884,3,0.5222934000106237,0.12465716792676633,0.0,辫子 胡子 尾巴,尾巴 胡子 辫子,尾巴 辫子 胡子,辫子 胡子 尾巴
1885,4,0.5771298230887564,0.20896535041776,0.0,排放 污染 尾气 超标,尾气 污染 超标 排放,超标 污染 尾气 排放,排放 污染 尾气 超标
1886,1,,0.0,0.0,局,局,局,局
1887,1,,0.0,0.0,局部,局部,局部,局部
1888,5,0.4904529521522788,0.0823279900651507,0.0,限定 限制 局限 限于 限,限制 限 局限 限于 限定,局限 限 限定 限制 限于,限定 限制 局限 限于 限
1889,8,0.5122928591705823,-0.007562490439939929,0.5,状况 情况 局面 情形 形势 现状 现象 景象,形势 景象 状况 局面 现象 现状 情形 情况,现状 局面 状况 景象 形势 情况 情形 现象,状况 情况 局面 情形 形势 现状 现象 景象
1890,1,,0.0,0.0,层,层,层,层
1891,2,0.5034085483725323,0.07853547716724227,0.0,层出不穷 比比皆是,层出不穷 比比皆是,比比皆是 层出不穷,层出不穷 比比皆是
1892,3,0.5151816832372201,0.09407722029541203,0.3333333333333333,层次 档次 层面,层面 档次 层次,档次 层次 层面,层次 档次 层面
1893,4,0.6575929299168406,0.3769135043650653,0.0,竟然 居然 竟 赫然,赫然 竟 居然 竟然,赫然 竟 居然 竟然,竟然 居然 竟 赫然
1894,1,,0.0,0.0,居高临下,居高临下,居高临下,居高临下
1895,1,,0.0,0.0,届时,届时,届时,届时
1896,1,,0.0,0.0,屋,屋,屋,屋
1897,4,0.5078635141308591,0.09733616075080298,0.25,炉灶 烟囱 炉子 屋顶,屋顶 炉子 烟囱 炉灶,烟囱 炉灶 炉子 屋顶,炉灶 烟囱 炉子 屋顶
1898,7,0.5302662328465246,0.060441991458945195,0.2857142857142857,显示器 屏幕 液晶 电脑 笔记本 手机 电视,电脑 电视 屏幕 手机 笔记本 液晶 显示器,显示器 笔记本 屏幕 液晶 电脑 电视 手机,显示器 屏幕 液晶 电脑 笔记本 手机 电视
1899,3,0.6289331802767034,0.30083126885235073,0.0,展开 开展 进行,进行 开展 展开,开展 展开 进行,展开 开展 进行
1900,2,0.7184692532859438,0.49340973883979966,0.0,属 属于,属 属于,属 属于,属 属于
1901,4,0.6167059955576595,0.23560992452859653,0.0,特性 特质 特征 属性,属性 特质 特征 特性,属性 特质 特征 特性,特性 特质 特征 属性
1902,1,,0.0,0.0,山寨,山寨,山寨,山寨
1903,2,0.7007034018032947,0.4605925483695169,0.0,时光 岁月,时光 岁月,时光 岁月,时光 岁月
1904,2,0.5303424586288759,0.1180082825545047,0.0,岂有此理 胡说,岂有此理 胡说,胡说 岂有此理,岂有此理 胡说
1905,3,0.518774913329005,0.15367546164136203,0.0,岩石 陨石 火山,岩石 火山 陨石,岩石 陨石 火山,岩石 陨石 火山
1906,4,0.5357236384660041,0.19178908060952857,0.0,转折 转折点 转机 峰回路转,峰回路转 转机 转折点 转折,峰回路转 转折点 转机 转折,转折 转折点 转机 峰回路转
1907,2,0.5055500726864173,0.05322999111955174,0.0,崛起 没落,没落 崛起,没落 崛起,崛起 没落
1908,4,0.5257318976193255,0.08051228741698849,0.25,崩溃 灭亡 破灭 解体,灭亡 崩溃 解体 破灭,灭亡 解体 崩溃 破灭,崩溃 灭亡 破灭 解体
1909,3,0.5801089702674515,0.20501736943879098,0.0,高峰 高峰期 巅峰,巅峰 高峰期 高峰,高峰期 巅峰 高峰,高峰 高峰期 巅峰
1910,2,0.6505842019836732,0.32770800952688156,0.0,川流不息 络绎不绝,川流不息 络绎不绝,川流不息 络绎不绝,川流不息 络绎不绝
1911,2,0.520618332328038,0.005551920819759877,0.0,巡逻 执法,巡逻 执法,巡逻 执法,巡逻 执法
1912,2,0.5376567931764115,0.1758832894322319,0.0,工作 工作量,工作 工作量,工作量 工作,工作 工作量
1913,1,,0.0,0.0,工作日,工作日,工作日,工作日
1914,1,,0.0,0.0,工具,工具,工具,工具
1915,2,0.5245337205982084,0.18893599291532054,0.0,工商界 工商,工商界 工商,工商界 工商,工商界 工商
1916,4,0.5016806460553063,0.08912470604101123,0.25,施工 工程 工地 项目,项目 施工 工地 工程,工程 项目 施工 工地,施工 工程 工地 项目
1917,2,0.6504375571781909,0.34357850522586736,0.0,工科 文科,文科 工科,工科 文科,工科 文科
1918,3,0.6535889791165315,0.3393430681774377,0.0,设计师 建筑师 工程师,设计师 工程师 建筑师,工程师 建筑师 设计师,设计师 建筑师 工程师
1919,5,0.5543254747868293,0.1418357205561127,0.4,瓷 瓷器 陶瓷 工艺品 窑,工艺品 窑 陶瓷 瓷 瓷器,瓷器 窑 瓷 工艺品 陶瓷,瓷 瓷器 陶瓷 工艺品 窑
1920,1,,0.0,0.0,巨人,巨人,巨人,巨人
1921,1,,0.0,0.0,巨头,巨头,巨头,巨头
1922,5,0.513033915557461,0.1293942986550153,0.0,要强 弱 要好 强 差,差 要好 弱 强 要强,差 弱 强 要强 要好,要强 弱 要好 强 差
1923,1,,0.0,0.0,差额,差额,差额,差额
1924,5,0.47904642378406204,0.037432406200295816,0.4,怪不得 巴不得 恨不得 敢情 莫非,莫非 敢情 恨不得 巴不得 怪不得,敢情 巴不得 恨不得 怪不得 莫非,怪不得 巴不得 恨不得 敢情 莫非
1925,2,0.5328025944744902,0.1005664631348749,0.0,市场 股市,股市 市场,股市 市场,市场 股市
1926,4,0.53861884948395,0.11892929103999858,0.0,社会主义 资本主义 民主 市场经济,民主 市场经济 资本主义 社会主义,资本主义 社会主义 民主 市场经济,社会主义 资本主义 民主 市场经济
1927,1,,0.0,0.0,布,布,布,布
1928,2,0.5138790544260229,0.13739585836224882,0.0,格局 布局,布局 格局,布局 格局,格局 布局
1929,1,,0.0,0.0,帆,帆,帆,帆
1930,3,0.4651962227106579,0.008754534972130837,0.6666666666666666,班长 师长 班,师长 班 班长,班 班长 师长,班长 师长 班
1931,1,,0.0,0.0,帐篷,帐篷,帐篷,帐篷
1932,2,0.6077197582422362,0.327367477441865,0.0,王国 帝国,帝国 王国,帝国 王国,王国 帝国
1933,2,0.5396260655134174,0.12372054293844326,0.0,带 带有,带有 带,带 带有,带 带有
1934,2,0.5742672354020981,0.2791951830660244,0.0,带头人 骨干,骨干 带头人,带头人 骨干,带头人 骨干
1935,1,,0.0,0.0,带路,带路,带路,带路
1936,4,0.5905892554362125,0.25717548611322166,0.0,率领 带领 带队 陪同,陪同 带领 带队 率领,率领 带领 带队 陪同,率领 带领 带队 陪同
1937,2,0.60490510342719,0.33178920358252006,0.0,席位 席,席位 席,席 席位,席位 席
1938,2,0.5169492658143223,0.11219289824817585,0.0,帮手 得力,得力 帮手,得力 帮手,帮手 得力
1939,4,0.4811784420730541,0.03823598414981969,0.75,普通人 普通 常人 平民,平民 常人 普通 普通人,普通 常人 普通人 平民,普通人 普通 常人 平民
1940,1,,0.0,0.0,常年,常年,常年,常年
1941,1,,0.0,0.0,常态,常态,常态,常态
1942,2,0.534429954643685,0.10036697663183575,0.0,惯例 常理,常理 惯例,惯例 常理,惯例 常理
1943,2,0.6821433506738734,0.42238869669459966,0.0,知识 常识,知识 常识,常识 知识,知识 常识
1944,1,,0.0,0.0,幅,幅,幅,幅
1945,1,,0.0,0.0,幕,幕,幕,幕
1946,3,0.5153785957679743,0.11296731980507642,0.0,幕后 背后 黑手,黑手 背后 幕后,背后 幕后 黑手,幕后 背后 黑手
1947,7,0.49136230501241984,0.06022258602273931,0.42857142857142855,活儿 干活儿 干 忙活 能干 活 苦力,苦力 能干 忙活 活 干 干活儿 活儿,干 干活儿 活 能干 活儿 忙活 苦力,活儿 干活儿 干 忙活 能干 活 苦力
1948,1,,0.0,0.0,干事,干事,干事,干事
1949,1,,0.0,0.0,干戈,干戈,干戈,干戈
1950,6,0.5649315611201614,0.0921165628240234,0.16666666666666666,潮湿 干燥 湿润 湿度 湿 通风,通风 湿度 干燥 湿 湿润 潮湿,潮湿 通风 湿 湿度 干燥 湿润,潮湿 干燥 湿润 湿度 湿 通风
1951,3,0.46422355674976945,0.07227850006751292,0.0,胜 负 平,胜 负 平,平 胜 负,胜 负 平
1952,1,,0.0,0.0,平价,平价,平价,平价
1953,8,0.5268292604015539,0.05262454459069989,0.375,草原 沙漠 戈壁 高原 沼泽 草地 平原 森林,森林 沼泽 草地 平原 高原 沙漠 戈壁 草原,沼泽 沙漠 草原 草地 高原 森林 平原 戈壁,草原 沙漠 戈壁 高原 沼泽 草地 平原 森林
1954,1,,0.0,0.0,平台,平台,平台,平台
1955,6,0.566742883020337,0.08212330199361917,0.16666666666666666,平常 平日 平时 往常 往日 日常,往日 日常 平常 往常 平时 平日,往日 往常 平常 日常 平时 平日,平常 平日 平时 往常 往日 日常
1956,2,0.5205270984144792,0.17644509450810325,0.0,摆平 平息,平息 摆平,摆平 平息,摆平 平息
1957,2,0.5172043183044346,0.20006030633698776,0.0,立方 平方,平方 立方,立方 平方,立方 平方
1958,3,0.5863034119139137,0.23583570680090302,0.0,清淡 平淡 淡,淡 平淡 清淡,淡 清淡 平淡,清淡 平淡 淡
1959,4,0.580890256570182,0.22603165298519923,0.0,平稳 稳定 稳健 稳,稳定 稳健 稳 平稳,稳健 稳定 平稳 稳,平稳 稳定 稳健 稳
1960,1,,0.0,0.0,并列,并列,并列,并列
1961,1,,0.0,0.0,并行,并行,并行,并行
1962,3,0.4794911059468376,0.08371979834597554,0.3333333333333333,绝 绝对 并非,并非 绝对 绝,绝 绝对 并非,绝 绝对 并非
1963,2,0.5511212228264124,0.19912003232864342,0.0,幸免 幸存,幸存 幸免,幸免 幸存,幸免 幸存
1964,1,,0.0,0.0,幻影,幻影,幻影,幻影
1965,4,0.5761867781191907,0.10291470605263045,0.0,虚幻 幻想 幻觉 梦幻,幻想 虚幻 梦幻 幻觉,虚幻 幻想 幻觉 梦幻,虚幻 幻想 幻觉 梦幻
1966,3,0.46828076690365256,0.08997614794459789,0.0,广泛 普遍 广,普遍 广 广泛,广 普遍 广泛,广泛 普遍 广
1967,1,,0.0,0.0,广义,广义,广义,广义
1968,1,,0.0,0.0,序,序,序,序
1969,3,0.48168409359541453,0.050477839488872474,0.6666666666666666,拉开 序幕 推开,推开 序幕 拉开,推开 拉开 序幕,拉开 序幕 推开
1970,1,,0.0,0.0,库,库,库,库
1971,4,0.5566544558705963,0.14384109089930414,0.25,应急 救灾 防汛 紧急,救灾 紧急 防汛 应急,防汛 应急 救灾 紧急,应急 救灾 防汛 紧急
1972,6,0.5981708731743987,0.16468184601335775,0.16666666666666666,聘用 聘 聘任 聘请 应聘 招聘,招聘 应聘 聘请 聘任 聘用 聘,招聘 应聘 聘 聘请 聘用 聘任,聘用 聘 聘任 聘请 应聘 招聘
1973,4,0.634067740448462,0.31179670624587175,0.0,邀请 邀 应邀 特邀,特邀 应邀 邀 邀请,应邀 邀 邀请 特邀,邀请 邀 应邀 特邀
1974,1,,0.0,0.0,底,底,底,底
1975,1,,0.0,0.0,底层,底层,底层,底层
1976,1,,0.0,0.0,底线,底线,底线,底线
1977,1,,0.0,0.0,废墟,废墟,废墟,废墟
1978,2,0.5523002115139405,0.1497461838861765,0.0,话 废话,话 废话,废话 话,话 废话
1979,1,,0.0,0.0,度,度,度,度
1980,3,0.5975505162532888,0.2458986181821267,0.0,度过 渡过 走过,走过 渡过 度过,度过 渡过 走过,度过 渡过 走过
1981,1,,0.0,0.0,座,座,座,座
1982,2,0.5238800042836846,0.10837882137775169,0.0,治愈 康复,治愈 康复,康复 治愈,治愈 康复
1983,4,0.5146936488358252,0.15104556855740342,0.0,廉洁 廉政 纪律 廉正,纪律 廉正 廉政 廉洁,廉政 廉洁 廉正 纪律,廉洁 廉政 纪律 廉正
1984,1,,0.0,0.0,延,延,延,延
1985,6,0.5750864508283269,0.179468578470405,0.0,拓展 开拓 拓宽 扩展 开辟 延伸,开辟 延伸 扩展 拓宽 开拓 拓展,开辟 开拓 扩展 延伸 拓宽 拓展,拓展 开拓 拓宽 扩展 开辟 延伸
1986,6,0.5243375310863772,0.0681484977682692,0.16666666666666666,推迟 拖延 延期 延缓 延长 搁置,搁置 延长 拖延 延缓 延期 推迟,搁置 延缓 延期 延长 推迟 拖延,推迟 拖延 延期 延缓 延长 搁置
1987,5,0.516937504441042,0.1059980901859919,0.2,耽误 耽搁 错过 延误 放过,放过 延误 错过 耽搁 耽误,放过 耽搁 错过 延误 耽误,耽误 耽搁 错过 延误 放过
1988,1,,0.0,0.0,建交,建交,建交,建交
1989,2,0.5130156765244874,0.18016139579389465,0.0,建树 贡献,贡献 建树,建树 贡献,建树 贡献
1990,3,0.5473172436225714,0.14418855116468074,0.0,装饰 装修 建筑,建筑 装饰 装修,装饰 建筑 装修,装饰 装修 建筑
1991,3,0.4542536643799275,0.0007128558782064828,0.6666666666666666,建议 提议 推荐,提议 推荐 建议,建议 提议 推荐,建议 提议 推荐
1992,1,,0.0,0.0,开,开,开,开
1993,2,0.7100534530121425,0.5076748358368505,0.0,开张 开业,开业 开张,开业 开张,开张 开业
1994,2,0.5547403237155948,0.23047054793606142,0.0,首创 开创,开创 首创,开创 首创,首创 开创
1995,1,,0.0,0.0,开动,开动,开动,开动
1996,5,0.5238913747015939,0.05596501833856123,0.4,研发 研制 攻关 科研 开发,攻关 开发 科研 研制 研发,开发 攻关 研发 研制 科研,研发 研制 攻关 科研 开发
1997,1,,0.0,0.0,开发区,开发区,开发区,开发区
1998,2,0.5246657568470043,0.15951988337405892,0.0,房地产 开发商,开发商 房地产,房地产 开发商,房地产 开发商
1999,5,0.5415193736598202,0.1176885550708036,0.2,开头 结尾 开场白 开场 段落,段落 开场 开场白 结尾 开头,开场 开头 段落 开场白 结尾,开头 结尾 开场白 开场 段落
2000,2,0.5927240668806196,0.23417813846216373,0.0,开垦 耕地,耕地 开垦,开垦 耕地,开垦 耕地
2001,1,,0.0,0.0,开天辟地,开天辟地,开天辟地,开天辟地
2002,10,0.517770219452143,0.028723617737987827,0.4,支出 开支 经费 预算 收支 开销 拨款 赤字 费用 财政,赤字 财政 费用 收支 开销 拨款 经费 预算,开销 赤字 开支 经费 收支 财政 支出 拨款 费用 预算,支出 开支 经费 预算 收支 开销 拨款 赤字 费用 财政
2003,2,0.5192205099667058,0.18205670120953174,0.0,敞开 开放,开放 敞开,开放 敞开,敞开 开放
2004,1,,0.0,0.0,开花,开花,开花,开花
2005,1,,0.0,0.0,异口同声,异口同声,异口同声,异口同声
2006,2,0.5272117997580237,0.09326405185406424,0.0,空想 异想天开,空想 异想天开,空想 异想天开,空想 异想天开
2007,1,,0.0,0.0,异议,异议,异议,异议
2008,1,,0.0,0.0,式,式,式,式
2009,1,,0.0,0.0,引,引,引,引
2010,4,0.5800709792781074,0.167647946186477,0.0,显眼 醒目 引人注目 抢眼,引人注目 抢眼 醒目 显眼,抢眼 显眼 醒目 引人注目,显眼 醒目 引人注目 抢眼
2011,2,0.6915579229971075,0.4608637541964068,0.0,引入 引进,引入 引进,引进 引入,引入 引进
2012,3,0.5475373658267234,0.16202203850970412,0.0,鼓励 引导 督促,督促 鼓励 引导,鼓励 引导 督促,鼓励 引导 督促
2013,1,,0.0,0.0,引擎,引擎,引擎,引擎
2014,1,,0.0,0.0,引经据典,引经据典,引经据典,引经据典
2015,1,,0.0,0.0,张,张,张,张
2016,2,0.5096359126833356,0.22950669448931227,0.0,张扬 能人,张扬 能人,能人 张扬,张扬 能人
2017,3,0.4985115684648531,0.030483356444497015,0.6666666666666666,灯笼 张灯结彩 蜡烛,蜡烛 张灯结彩 灯笼,张灯结彩 蜡烛 灯笼,灯笼 张灯结彩 蜡烛
2018,6,0.523372940401729,0.04882718774679758,0.3333333333333333,荡漾 流淌 洋溢 绽放 弥漫 流露,绽放 弥漫 流露 流淌 荡漾 洋溢,流露 流淌 荡漾 绽放 洋溢 弥漫,荡漾 流淌 洋溢 绽放 弥漫 流露
2019,3,0.49282457151405423,0.020246170914229932,0.6666666666666666,抵消 弥补 拖累,弥补 拖累 抵消,拖累 弥补 抵消,抵消 弥补 拖累
2020,5,0.5018297327454481,0.021955927484834405,0.4,拐弯 拐 急转弯 弯 掉头,拐 弯 急转弯 掉头 拐弯,掉头 弯 拐 拐弯 急转弯,拐弯 拐 急转弯 弯 掉头
2021,2,0.5824218542142637,0.28251905007842404,0.0,弹性 韧性,韧性 弹性,弹性 韧性,弹性 韧性
2022,4,0.5647913237551635,0.23505037877925825,0.0,强迫 强行 强制 强加,强加 强行 强迫 强制,强制 强加 强行 强迫,强迫 强行 强制 强加
2023,4,0.5742595350241148,0.16796452559477346,0.0,浓厚 浓重 浓 强烈,强烈 浓 浓厚 浓重,浓 浓重 强烈 浓厚,浓厚 浓重 浓 强烈
2024,3,0.5205844746991052,0.13255738885191728,0.3333333333333333,硬 软 强硬,强硬 软 硬,硬 强硬 软,硬 软 强硬
2025,3,0.5202885344842864,0.16275102245566847,0.0,拿手 擅长 强项,擅长 强项 拿手,拿手 擅长 强项,拿手 擅长 强项
2026,2,0.5855202452695816,0.21341537359531904,0.0,归 归属,归属 归,归 归属,归 归属
2027,1,,0.0,0.0,归来,归来,归来,归来
2028,3,0.5493377492658621,0.14243115907466353,0.0,归纳 总结 归结,归结 总结 归纳,总结 归纳 归结,归纳 总结 归结
2029,4,0.5774399699070111,0.24009842220432118,0.0,当众 当面 当着 当场,当面 当场 当着 当众,当面 当众 当场 当着,当众 当面 当着 当场
2030,3,0.5460195829938562,0.19948062244444786,0.0,本地 当地 本土,本土 当地 本地,本土 本地 当地,本地 当地 本土
2031,10,0.6034954260361265,0.2060924008327542,0.1,那时 这时候 那时候 这时 此时 当时 这会儿 此刻 那会儿 时候,时候 这会儿 此刻 此时 那会儿 当时 这时 那时,时候 那时候 那会儿 那时 这时 当时 这时候 这会儿 此刻 此时,那时 这时候 那时候 这时 此时 当时 这会儿 此刻 那会儿 时候
2032,4,0.46265030788024636,-0.023383731316314153,0.5,录音 录制 录 音像,音像 录 录制 录音,录 录制 音像 录音,录音 录制 录 音像
2033,2,0.6989348767815708,0.5048579863339591,0.0,形容 比喻,形容 比喻,形容 比喻,形容 比喻
2034,3,0.6258752471972234,0.2851859686974543,0.0,方式 形式 模式,模式 形式 方式,模式 方式 形式,方式 形式 模式
2035,4,0.5199787564591023,0.06798425187667524,0.25,朝夕相处 形影不离 相依为命 相伴,相伴 朝夕相处 形影不离 相依为命,形影不离 相依为命 朝夕相处 相伴,朝夕相处 形影不离 相依为命 相伴
2036,3,0.5281411654635627,0.11570094495000523,0.0,结构 构造 形态,形态 结构 构造,构造 形态 结构,结构 构造 形态
2037,3,0.5495083701933375,0.20082797229054963,0.0,构成 形成 组成,形成 组成 构成,组成 形成 构成,构成 形成 组成
2038,3,0.5787320181159618,0.25790360022140785,0.0,彩色 黑白 色彩,色彩 彩色 黑白,色彩 彩色 黑白,彩色 黑白 色彩
2039,12,0.5268506284942331,-0.00409643656284928,0.4166666666666667,摄像 相机 镜头 拍照 摄像机 摄影 照相 拍摄 影像 胶片 摄影师 相片,相片 镜头 影像 摄影师 拍摄 拍照 胶片 摄像机,拍照 拍摄 摄影师 摄像机 摄像 摄影 照相 胶片 相片 相机 影像 镜头,摄像 相机 镜头 拍照 摄像机 摄影 照相 拍摄 影像 胶片 摄影师 相片
2040,2,0.5857046048687945,0.2352640627289005,0.0,影子 身影,影子 身影,影子 身影,影子 身影
2041,1,,0.0,0.0,征,征,征,征
2042,1,,0.0,0.0,征服,征服,征服,征服
2043,4,0.60014207250315,0.2396299568001365,0.25,收集 搜集 采集 征集,征集 采集 搜集 收集,征集 采集 收集 搜集,收集 搜集 采集 征集
2044,3,0.5789568794177666,0.10901227945372582,0.0,等待 等到 待,等待 等到 待,待 等到 等待,等待 等到 待
2045,2,0.5655121148470361,0.17481553709192083,0.0,待遇 福利,待遇 福利,待遇 福利,待遇 福利
2046,2,0.7837314983044681,0.6213145431353697,0.0,徐徐 缓缓,缓缓 徐徐,徐徐 缓缓,徐徐 缓缓
2047,9,0.5423844477755745,0.10048258073814711,0.0,爬山 郊游 野炊 野营 登山 野餐 徒步 探险 打猎,探险 徒步 野营 郊游 野炊 打猎 爬山 野餐,登山 野餐 野营 探险 郊游 爬山 打猎 徒步 野炊,爬山 郊游 野炊 野营 登山 野餐 徒步 探险 打猎
2048,3,0.4289506242230369,-0.022146862658524235,0.6666666666666666,得 起来 得了,起来 得了 得,得 得了 起来,得 起来 得了
2049,1,,0.0,0.0,得不偿失,得不偿失,得不偿失,得不偿失
2050,2,0.5228155805191727,0.05230010843741432,0.0,得以 无法,无法 得以,得以 无法,得以 无法
2051,4,0.4928631791588724,-0.0015726451351610916,0.5,得手 犯规 得分 解围,犯规 解围 得分 得手,得手 得分 解围 犯规,得手 犯规 得分 解围
2052,4,0.5513161607808983,0.1484594391499036,0.25,自豪 骄傲 荣幸 得意,得意 荣幸 骄傲 自豪,得意 荣幸 自豪 骄傲,自豪 骄傲 荣幸 得意
2053,3,0.49980228989000713,0.13760685421958646,0.0,慢慢来 循序渐进 顺其自然,顺其自然 循序渐进 慢慢来,顺其自然 循序渐进 慢慢来,慢慢来 循序渐进 顺其自然
2054,1,,0.0,0.0,循环,循环,循环,循环
2055,3,0.5746282811904511,0.2060690961043626,0.0,微不足道 无足轻重 渺小,无足轻重 渺小 微不足道,微不足道 无足轻重 渺小,微不足道 无足轻重 渺小
2056,4,0.497697288168764,0.051190279858518914,0.0,细微 微弱 微妙 轻微,细微 微妙 轻微 微弱,细微 微弱 微妙 轻微,细微 微弱 微妙 轻微
2057,1,,0.0,0.0,德,德,德,德
2058,3,0.5255967382242579,0.10563499724287236,0.0,心安理得 理直气壮 美滋滋,美滋滋 理直气壮 心安理得,理直气壮 心安理得 美滋滋,心安理得 理直气壮 美滋滋
2059,3,0.4873762729665892,0.04569123224608679,0.3333333333333333,经验 教训 心得,心得 教训 经验,心得 经验 教训,经验 教训 心得
2060,4,0.487952124517162,0.020012983101569126,0.5,愁眉苦脸 眉开眼笑 面红耳赤 心急如焚,面红耳赤 心急如焚 眉开眼笑 愁眉苦脸,眉开眼笑 愁眉苦脸 面红耳赤 心急如焚,愁眉苦脸 眉开眼笑 面红耳赤 心急如焚
2061,3,0.49190411170944454,0.025900573348851097,0.6666666666666666,情绪 心情 恐慌,恐慌 心情 情绪,心情 恐慌 情绪,情绪 心情 恐慌
2062,4,0.49509246069112195,0.04155866166832377,0.5,灵魂 心灵 身心 魂,魂 身心 心灵 灵魂,心灵 魂 灵魂 身心,灵魂 心灵 身心 魂
2063,1,,0.0,0.0,心爱,心爱,心爱,心爱
2064,2,0.6116625862788876,0.2760513582209776,0.0,生理 心理,心理 生理,心理 生理,生理 心理
2065,1,,0.0,0.0,心病,心病,心病,心病
2066,3,0.5124933358964193,0.07815523313173288,0.0,心肠 心眼儿 心胸,心眼儿 心胸 心肠,心眼儿 心肠 心胸,心肠 心眼儿 心胸
2067,6,0.5297527342457694,0.10463128500889828,0.16666666666666666,辛勤 心血 辛苦 苦心 汗水 操劳,汗水 苦心 操劳 辛苦 辛勤 心血,操劳 辛勤 辛苦 苦心 汗水 心血,辛勤 心血 辛苦 苦心 汗水 操劳
2068,1,,0.0,0.0,必,必,必,必
2069,4,0.5297539362593026,0.11806705344391259,0.0,需要 必需 必要 急需,急需 需要 必要 必需,必要 必需 需要 急需,需要 必需 必要 急需
2070,3,0.5767154805019864,0.22757413733864504,0.0,禁忌 忌讳 忌,忌讳 忌 禁忌,禁忌 忌讳 忌,禁忌 忌讳 忌
2071,2,0.5218809327963354,0.13402515262847003,0.0,忍 忍心,忍心 忍,忍 忍心,忍 忍心
2072,4,0.5801349464267821,0.1961542731238985,0.0,承受 忍受 经受 接受,经受 忍受 接受 承受,忍受 经受 承受 接受,承受 忍受 经受 接受
2073,1,,0.0,0.0,志愿者,志愿者,志愿者,志愿者
2074,9,0.5198429754227845,0.09870691871244865,0.2222222222222222,忘记 记住 铭记 忘掉 忘不了 牢记 记得 忘 记忆犹新,记忆犹新 忘掉 记得 忘不了 铭记 忘 牢记 记住,忘掉 忘 忘不了 铭记 记得 记住 牢记 记忆犹新 忘记,忘记 记住 铭记 忘掉 忘不了 牢记 记得 忘 记忆犹新
2075,6,0.5532890985436333,0.16750625250232642,0.0,忙碌 繁忙 忙乱 忙 繁重 紧张,繁重 紧张 忙 忙乱 繁忙 忙碌,紧张 忙 繁忙 忙乱 忙碌 繁重,忙碌 繁忙 忙乱 忙 繁重 紧张
2076,6,0.5685440453766908,0.21487900424257453,0.0,忠诚 忠心 忠贞 忠于 忠实 虔诚,虔诚 忠贞 忠于 忠心 忠实 忠诚,忠心 忠实 忠于 虔诚 忠诚 忠贞,忠诚 忠心 忠贞 忠于 忠实 虔诚
2077,11,0.5337725930045664,0.02018058224185819,0.5454545454545454,疑虑 担忧 忧虑 怀疑 疑问 顾虑 质疑 担心 猜测 揣测 疑点,顾虑 担心 疑点 猜测 揣测 疑问 质疑 怀疑,质疑 猜测 揣测 忧虑 疑点 怀疑 顾虑 担心 担忧 疑问 疑虑,疑虑 担忧 忧虑 怀疑 疑问 顾虑 质疑 担心 猜测 揣测 疑点
2078,4,0.5258993367274664,0.07821159046468967,0.0,慢 速度 快 缓慢,速度 缓慢 快 慢,快 慢 速度 缓慢,慢 速度 快 缓慢
2079,8,0.5316779673818931,0.08639596511268256,0.125,自由自在 自在 悠闲 无忧无虑 潇洒 怡然自得 快活 自由,潇洒 快活 自由 悠闲 自在 怡然自得 无忧无虑 自由自在,悠闲 快活 无忧无虑 潇洒 怡然自得 自由 自由自在 自在,自由自在 自在 悠闲 无忧无虑 潇洒 怡然自得 快活 自由
2080,10,0.5411742149757458,0.1093541038916169,0.3,想念 挂念 怀念 思念 牵挂 惦记 留恋 恨 念念不忘 爱,恨 留恋 爱 怀念 念念不忘 惦记 思念 牵挂,牵挂 挂念 爱 恨 思念 念念不忘 想念 怀念 留恋 惦记,想念 挂念 怀念 思念 牵挂 惦记 留恋 恨 念念不忘 爱
2081,9,0.5261201473532137,0.04002481962888924,0.2222222222222222,骗人 谎话 欺骗 撒谎 谎言 骗 骗子 说谎 忽悠,欺骗 忽悠 骗子 骗 说谎 谎话 撒谎 谎言,撒谎 欺骗 骗 忽悠 谎言 谎话 骗子 骗人 说谎,骗人 谎话 欺骗 撒谎 谎言 骗 骗子 说谎 忽悠
2082,1,,0.0,0.0,忽高忽低,忽高忽低,忽高忽低,忽高忽低
2083,4,0.44690163698043156,-0.009033512949645797,0.5,抱 怀抱 拥抱 揽,揽 拥抱 抱 怀抱,抱 揽 拥抱 怀抱,抱 怀抱 拥抱 揽
2084,1,,0.0,0.0,怀旧,怀旧,怀旧,怀旧
2085,4,0.536540648069637,0.0220375931937333,0.5,身上 手里 怀里 身边,手里 身上 身边 怀里,身边 怀里 手里 身上,身上 手里 怀里 身边
2086,2,0.7491844618809054,0.5120995479455208,0.0,生怕 怕,生怕 怕,怕 生怕,生怕 怕
2087,1,,0.0,0.0,思前想后,思前想后,思前想后,思前想后
2088,4,0.610720551770851,0.29978597267266105,0.0,急迫 迫切 紧迫 急,急 紧迫 迫切 急迫,紧迫 急 迫切 急迫,急迫 迫切 紧迫 急
2089,2,0.5196984909303755,0.10901465196520263,0.0,性 性质,性质 性,性质 性,性 性质
2090,3,0.4606562721519108,-0.03390394212504209,0.6666666666666666,性能 能耗 性价比,能耗 性价比 性能,性能 性价比 能耗,性能 能耗 性价比
2091,1,,0.0,0.0,总,总,总,总
2092,2,0.784596346257485,0.5987814264730811,0.0,总体 整体,总体 整体,总体 整体,总体 整体
2093,3,0.654144461732297,0.35533612708229184,0.0,终于 总算 才,才 终于 总算,才 总算 终于,终于 总算 才
2094,3,0.5328067124693202,0.1908989516416479,0.0,恩赐 恩惠 赐,赐 恩惠 恩赐,恩赐 赐 恩惠,恩赐 恩惠 赐
2095,2,0.7939561131464931,0.6353603490589108,0.0,恰恰相反 相反,相反 恰恰相反,相反 恰恰相反,恰恰相反 相反
2096,2,0.5080994988882575,0.10870191502942403,0.0,良性 恶性,良性 恶性,良性 恶性,良性 恶性
2097,2,0.5536814732025244,0.18957040912188222,0.0,欺诈 恶意,欺诈 恶意,欺诈 恶意,欺诈 恶意
2098,2,0.5261174063589698,0.11084198972723638,0.0,灵机一动 恼羞成怒,灵机一动 恼羞成怒,恼羞成怒 灵机一动,灵机一动 恼羞成怒
2099,1,,0.0,0.0,悬念,悬念,悬念,悬念
2100,6,0.5679165153628934,0.1565464155394932,0.0,缅怀 纪念馆 纪念碑 悼念 瞻仰 烈士,烈士 悼念 瞻仰 缅怀 纪念碑 纪念馆,烈士 纪念馆 瞻仰 悼念 缅怀 纪念碑,缅怀 纪念馆 纪念碑 悼念 瞻仰 烈士
2101,10,0.5365271873385918,-0.005670211308648157,0.5,韵味 气质 风情 风采 风貌 魅力 风范 气息 风格 情调,风貌 魅力 情调 气息 风范 气质 风采 风情,情调 气息 韵味 风格 风情 风采 风范 风貌 魅力 气质,韵味 气质 风情 风采 风貌 魅力 风范 气息 风格 情调
2102,6,0.5864711617377957,0.1586576350597564,0.0,醒来 惊醒 醒 醒悟 苏醒 觉醒,苏醒 醒 惊醒 醒悟 觉醒 醒来,醒 苏醒 醒悟 醒来 觉醒 惊醒,醒来 惊醒 醒 醒悟 苏醒 觉醒
2103,1,,0.0,0.0,惯性,惯性,惯性,惯性
2104,5,0.5101999604637254,0.061357503824320495,0.4,设想 构想 想象 猜想 蓝图,蓝图 猜想 想象 设想 构想,猜想 蓝图 构想 设想 想象,设想 构想 想象 猜想 蓝图
2105,4,0.4795881157646749,0.037797216191444175,0.75,蔓延 泛滥 扩散 愈演愈烈,愈演愈烈 泛滥 扩散 蔓延,愈演愈烈 扩散 泛滥 蔓延,蔓延 泛滥 扩散 愈演愈烈
2106,1,,0.0,0.0,意向,意向,意向,意向
2107,2,0.5111530004152025,0.07503983414003079,0.0,精神 意志,意志 精神,意志 精神,精神 意志
2108,1,,0.0,0.0,愚公移山,愚公移山,愚公移山,愚公移山
2109,4,0.5192500939159218,0.06198625271922403,0.25,感觉 感 感到 错觉,错觉 感到 感 感觉,感 感觉 错觉 感到,感觉 感 感到 错觉
2110,1,,0.0,0.0,感兴趣,感兴趣,感兴趣,感兴趣
2111,6,0.5275901021852607,0.09409290791797266,0.3333333333333333,震撼 触动 感动 震动 打动 轰动,震动 轰动 感动 打动 震撼 触动,触动 轰动 打动 震动 感动 震撼,震撼 触动 感动 震动 打动 轰动
2112,2,0.5276256725272854,0.12969993960566642,0.0,感恩 知足,感恩 知足,知足 感恩,感恩 知足
2113,4,0.601282803329578,0.2369760613803888,0.25,犹豫 迟疑 犹豫不决 愣,愣 犹豫不决 迟疑 犹豫,犹豫不决 犹豫 愣 迟疑,犹豫 迟疑 犹豫不决 愣
2114,2,0.533378476914437,0.1160095190046557,0.0,郑重 慎重,慎重 郑重,郑重 慎重,郑重 慎重
2115,3,0.4342842980741302,-0.06907362988732692,0.6666666666666666,抚恤 慰劳 补偿,补偿 慰劳 抚恤,补偿 抚恤 慰劳,抚恤 慰劳 补偿
2116,4,0.634637510370658,0.30564261821443844,0.0,看望 慰问 探望 问候,问候 探望 看望 慰问,看望 探望 问候 慰问,看望 慰问 探望 问候
2117,3,0.518868204870528,0.06315764058289601,0.3333333333333333,无私 慷慨 无偿,无偿 无私 慷慨,无私 无偿 慷慨,无私 慷慨 无偿
2118,10,0.5349706076225553,0.0657543434928973,0.1,没 没劲 没用 没意思 没事儿 没什么 没辙 没法儿 没关系 懒得,没用 懒得 没 没关系 没意思 没什么 没法儿 没辙,没关系 没意思 没 没劲 没用 没事儿 没辙 没什么 懒得 没法儿,没 没劲 没用 没意思 没事儿 没什么 没辙 没法儿 没关系 懒得
2119,3,0.42086028474348636,-0.09385813768184519,0.6666666666666666,金额 款项 成交,款项 成交 金额,款项 成交 金额,金额 款项 成交
2120,2,0.5356924751350424,0.147805313362931,0.0,成人 成年,成年 成人,成年 成人,成人 成年
2121,1,,0.0,0.0,成分,成分,成分,成分
2122,4,0.4476466057493714,-0.054706108070515194,0.5,成功率 效率 率 成功,成功 率 效率 成功率,率 效率 成功 成功率,成功率 效率 率 成功
2123,1,,0.0,0.0,成员,成员,成员,成员
2124,1,,0.0,0.0,成型,成型,成型,成型
2125,3,0.5384371045612442,0.09774733721190985,0.3333333333333333,成就 成果 成绩,成果 成就 成绩,成就 成绩 成果,成就 成果 成绩
2126,3,0.4926294031759817,0.06229153828908537,0.0,成长 成才 长大,长大 成才 成长,成长 成才 长大,成长 成才 长大
2127,3,0.5688356853416408,0.11646416205896833,0.0,成效 效果 见效,成效 见效 效果,效果 成效 见效,成效 效果 见效
2128,2,0.5062908387616059,0.0752997312538845,0.0,造价 成本,造价 成本,成本 造价,造价 成本
2129,2,0.5144901951231313,0.10091643547151696,0.0,熟 成熟,成熟 熟,熟 成熟,熟 成熟
2130,1,,0.0,0.0,成群结队,成群结队,成群结队,成群结队
2131,4,0.49883734302816674,0.04959456058820343,0.25,问题 议题 话题 成问题,议题 成问题 话题 问题,议题 问题 话题 成问题,问题 议题 话题 成问题
2132,1,,0.0,0.0,戒,戒,戒,戒
2133,1,,0.0,0.0,戒备,戒备,戒备,戒备
2134,2,0.5084369820889131,0.12517622803772932,0.0,或多或少 都会,都会 或多或少,或多或少 都会,或多或少 都会
2135,2,0.5215774790343135,0.13625176090592345,0.0,策略 战略,策略 战略,策略 战略,策略 战略
2136,1,,0.0,0.0,截,截,截,截
2137,3,0.5916579845218449,0.2879938293117606,0.0,截至 截止 据,据 截止 截至,据 截止 截至,截至 截止 据
2138,1,,0.0,0.0,戳,戳,戳,戳
2139,1,,0.0,0.0,户,户,户,户
2140,2,0.575461276822433,0.19941523122118915,0.0,野外 户外,野外 户外,户外 野外,野外 户外
2141,1,,0.0,0.0,所,所,所,所
2142,1,,0.0,0.0,所谓,所谓,所谓,所谓
2143,2,0.6088654615360949,0.2580728188195052,0.0,指南 手册,手册 指南,指南 手册,指南 手册
2144,2,0.5975937020015745,0.3077781905423467,0.0,自动 手动,自动 手动,手动 自动,自动 手动
2145,1,,0.0,0.0,手头,手头,手头,手头
2146,5,0.5196840524057225,0.09654663630486832,0.0,手艺 技艺 绝技 祖传 手工,绝技 手工 祖传 手艺 技艺,技艺 祖传 绝技 手工 手艺,手艺 技艺 绝技 祖传 手工
2147,3,0.5643707868947744,0.17876044841787161,0.0,手段 手法 招数,招数 手段 手法,招数 手段 手法,手段 手法 招数
2148,5,0.5557109676596705,0.1295996478448525,0.0,管理费 收取 收费 手续费 费,收费 收取 手续费 费 管理费,手续费 收取 收费 费 管理费,管理费 收取 收费 手续费 费
2149,2,0.5515032719147713,0.1294536165004895,0.0,手表 眼镜,眼镜 手表,眼镜 手表,手表 眼镜
2150,3,0.42685161029205837,-0.0991362433271236,1.0,根基 支柱 扎根,扎根 支柱 根基,根基 扎根 支柱,根基 支柱 扎根
2151,1,,0.0,0.0,扑,扑,扑,扑
2152,2,0.5940496432202669,0.24294943007151604,0.0,麻将 扑克,麻将 扑克,麻将 扑克,麻将 扑克
2153,4,0.48730928809867297,-0.038431022073622874,0.75,汹涌 涌 涌入 扑面而来,涌入 扑面而来 涌 汹涌,涌入 汹涌 涌 扑面而来,汹涌 涌 涌入 扑面而来
2154,2,0.5154021609101698,0.1292706466987236,0.0,重创 打击,重创 打击,重创 打击,重创 打击
2155,1,,0.0,0.0,打包,打包,打包,打包
2156,3,0.5347334790411754,0.11834127532320078,0.0,消遣 打发 无聊,消遣 无聊 打发,无聊 消遣 打发,消遣 打发 无聊
2157,4,0.5495339832044417,0.169825195967303,0.25,打搅 打扰 打断 理睬,理睬 打断 打搅 打扰,打扰 打断 打搅 理睬,打搅 打扰 打断 理睬
2158,5,0.5875275597115006,0.1940561595335164,0.0,招呼 打招呼 招手 握手 示意,示意 握手 招手 打招呼 招呼,示意 打招呼 握手 招手 招呼,招呼 打招呼 招手 握手 示意
2159,4,0.5430744473064625,0.16224066428279252,0.0,演戏 拍戏 跳舞 打球,打球 跳舞 拍戏 演戏,演戏 拍戏 跳舞 打球,演戏 拍戏 跳舞 打球
2160,9,0.552435930347976,0.13399543236705902,0.1111111111111111,电话 拨打 拨通 接听 打电话 接通 来电 通话 热线,通话 热线 接通 电话 来电 打电话 拨打 接听,通话 热线 拨通 拨打 打电话 来电 电话 接听 接通,电话 拨打 拨通 接听 打电话 接通 来电 通话 热线
2161,3,0.529084484917178,0.12973035502279814,0.0,打磨 磨 磨合,磨 磨合 打磨,磨 磨合 打磨,打磨 磨 磨合
2162,1,,0.0,0.0,托,托,托,托
2163,1,,0.0,0.0,托付,托付,托付,托付
2164,4,0.5276857398673368,0.0333875644505653,0.5,背着 扛 背 驮,背 扛 背着 驮,背着 扛 驮 背,背着 扛 背 驮
2165,1,,0.0,0.0,扣,扣,扣,扣
2166,4,0.5135318470855423,0.07475088602609614,0.25,毅然 毫不犹豫 果断 执意,执意 果断 毫不犹豫 毅然,果断 执意 毅然 毫不犹豫,毅然 毫不犹豫 果断 执意
2167,9,0.5329796174509558,0.03848257884532065,0.4444444444444444,证件 护照 身份证 执照 签证 驾照 通行证 证书 许可证,证书 许可证 身份证 签证 执照 驾照 通行证 护照,签证 护照 执照 许可证 身份证 通行证 证书 证件 驾照,证件 护照 身份证 执照 签证 驾照 通行证 证书 许可证
2168,4,0.4911376628629744,0.07881165545010582,0.0,扩张 收缩 膨胀 扩,扩 收缩 膨胀 扩张,扩 收缩 膨胀 扩张,扩张 收缩 膨胀 扩
2169,1,,0.0,0.0,扬,扬,扬,扬
2170,1,,0.0,0.0,扭,扭,扭,扭
2171,3,0.5076973664236902,0.07781231580292743,0.3333333333333333,扭曲 歪曲 畸形,歪曲 畸形 扭曲,歪曲 扭曲 畸形,扭曲 歪曲 畸形
2172,2,0.5274612281192628,0.16066252609942167,0.0,挽回 扭转,扭转 挽回,挽回 扭转,挽回 扭转
2173,1,,0.0,0.0,扳,扳,扳,扳
2174,2,0.5418501048007488,0.14066502040880893,0.0,搀 扶,搀 扶,搀 扶,搀 扶
2175,2,0.5365951323590694,0.1289039596353204,0.0,首批 批,首批 批,批 首批,首批 批
2176,3,0.5155376377731105,0.13061621719922767,0.0,许可 授权 批准,批准 授权 许可,许可 批准 授权,许可 授权 批准
2177,4,0.5449458315499863,0.1815929481093027,0.0,揭发 揭露 批判 检讨,检讨 批判 揭露 揭发,揭露 揭发 批判 检讨,揭发 揭露 批判 检讨
2178,4,0.45506532153922885,-0.04910156916621103,0.75,销售 批发 零售 预售,预售 销售 零售 批发,零售 批发 销售 预售,销售 批发 零售 预售
2179,1,,0.0,0.0,承载,承载,承载,承载
2180,3,0.5256571433636307,0.06175800916434993,0.0,技能 本领 能力,能力 本领 技能,技能 能力 本领,技能 本领 能力
2181,1,,0.0,0.0,抄,抄,抄,抄
2182,4,0.5577532948870065,0.08095773598301371,0.25,牢牢 抓住 紧紧 把握,把握 紧紧 牢牢 抓住,把握 抓住 紧紧 牢牢,牢牢 抓住 紧紧 把握
2183,1,,0.0,0.0,把柄,把柄,把柄,把柄
2184,5,0.5261563828077918,0.14396299264129184,0.0,捉 捕 逮 抓 捕捉,抓 捕捉 逮 捕 捉,抓 捕 捉 逮 捕捉,捉 捕 逮 抓 捕捉
2185,1,,0.0,0.0,投,投,投,投
2186,2,0.5165251163523804,0.09028150721414159,0.0,投身 投入,投身 投入,投身 投入,投身 投入
2187,7,0.5383170156460637,0.07272868457469198,0.14285714285714285,逃走 逃跑 逃 逃亡 投降 投奔 脱身,脱身 投降 逃 投奔 逃亡 逃跑 逃走,投降 逃跑 逃走 脱身 逃亡 逃 投奔,逃走 逃跑 逃 逃亡 投降 投奔 脱身
2188,2,0.5637375616318009,0.20808060889042834,0.0,炒作 投机,炒作 投机,炒作 投机,炒作 投机
2189,1,,0.0,0.0,投稿,投稿,投稿,投稿
2190,1,,0.0,0.0,投资,投资,投资,投资
2191,3,0.45843063649005117,-0.05481264483502347,0.6666666666666666,抖 机灵 绷,机灵 绷 抖,绷 抖 机灵,抖 机灵 绷
2192,6,0.5700538533795851,0.13676153674629785,0.16666666666666666,抵挡 抵抗 抵御 抗拒 阻挡 抵制,抗拒 抵制 阻挡 抵御 抵抗 抵挡,抵御 抵制 抵挡 抵抗 抗拒 阻挡,抵挡 抵抗 抵御 抗拒 阻挡 抵制
2193,1,,0.0,0.0,折叠,折叠,折叠,折叠
2194,3,0.5150069360026882,0.09358502600868095,0.0,残酷 无情 折磨,折磨 无情 残酷,无情 残酷 折磨,残酷 无情 折磨
2195,1,,0.0,0.0,抛开,抛开,抛开,抛开
2196,1,,0.0,0.0,护,护,护,护
2197,1,,0.0,0.0,报,报,报,报
2198,2,0.5271659975882483,0.12138247740363052,0.0,菜市场 报亭,菜市场 报亭,菜市场 报亭,菜市场 报亭
2199,3,0.5118533869182134,0.053716223638903514,0.0,报仇 报复 斩草除根,斩草除根 报复 报仇,斩草除根 报仇 报复,报仇 报复 斩草除根
2200,3,0.4350546616121905,-0.009360204351627236,0.6666666666666666,报名 报到 踊跃,踊跃 报到 报名,报名 报到 踊跃,报名 报到 踊跃
2201,2,0.540072347184076,0.17449822490457906,0.0,汇报 报告,汇报 报告,汇报 报告,汇报 报告
2202,1,,0.0,0.0,报道,报道,报道,报道
2203,1,,0.0,0.0,披,披,披,披
2204,2,0.580139836685463,0.18374014714141457,0.0,抬 拉,拉 抬,拉 抬,抬 拉
2205,4,0.5053110572716394,0.06645822242929268,0.25,抱负 梦想 野心 理想,野心 梦想 抱负 理想,抱负 野心 理想 梦想,抱负 梦想 野心 理想
2206,1,,0.0,0.0,抵触,抵触,抵触,抵触
2207,1,,0.0,0.0,押,押,押,押
2208,1,,0.0,0.0,押金,押金,押金,押金
2209,1,,0.0,0.0,抽,抽,抽,抽
2210,2,0.5144061521617489,0.045367243955609,0.0,笼统 抽象,笼统 抽象,笼统 抽象,笼统 抽象
2211,2,0.5094238851381676,-0.01074718087538424,0.5,撑 拄,拄 撑,撑 拄,撑 拄
2212,1,,0.0,0.0,担,担,担,担
2213,3,0.5453349706597657,0.14134265703492202,0.0,拆除 拆 拆迁,拆迁 拆除 拆,拆 拆迁 拆除,拆除 拆 拆迁
2214,2,0.5172809636300979,0.13973314053288854,0.0,拍 照,拍 照,照 拍,拍 照
2215,1,,0.0,0.0,拍卖,拍卖,拍卖,拍卖
2216,1,,0.0,0.0,拍板,拍板,拍板,拍板
2217,3,0.48189317744737165,-0.019037122676130763,0.6666666666666666,拐杖 轮椅 禅杖,禅杖 轮椅 拐杖,禅杖 轮椅 拐杖,拐杖 轮椅 禅杖
2218,4,0.46975603155454,0.03077025554663866,0.25,推辞 拒绝 答应 辞,辞 拒绝 答应 推辞,答应 辞 拒绝 推辞,推辞 拒绝 答应 辞
2219,2,0.5428806262151435,0.14288046791200004,0.0,拨 拔,拨 拔,拔 拨,拨 拔
2220,1,,0.0,0.0,拖,拖,拖,拖
2221,2,0.5917875130191145,0.25261962480552663,0.0,欠 拖欠,拖欠 欠,拖欠 欠,欠 拖欠
2222,3,0.44144842826085523,-0.04515380045788706,0.6666666666666666,拙劣 生硬 无能,生硬 无能 拙劣,无能 生硬 拙劣,拙劣 生硬 无能
2223,3,0.41850985686682063,-0.03179749219802033,0.6666666666666666,招收 招 接收,接收 招 招收,招 招收 接收,招收 招 接收
2224,1,,0.0,0.0,招募,招募,招募,招募
2225,2,0.6416710491205467,0.30465055392575324,0.0,招标 采购,采购 招标,采购 招标,招标 采购
2226,3,0.521250099805429,0.1374421959389496,0.0,牌子 招牌 牌,牌 招牌 牌子,牌 牌子 招牌,牌子 招牌 牌
2227,4,0.6161536848243936,0.2660647716372235,0.0,捡 拣 拾 摘,摘 拣 捡 拾,摘 拾 拣 捡,捡 拣 拾 摘
2228,2,0.631696043156421,0.3228334040072878,0.0,拦 挡,拦 挡,拦 挡,拦 挡
2229,2,0.6621865909836985,0.3863000198514799,0.0,括号 括弧,括弧 括号,括号 括弧,括号 括弧
2230,5,0.6047435452283915,0.21674557410697953,0.0,拯救 救 挽救 解救 救命,挽救 救命 解救 救 拯救,挽救 救 解救 救命 拯救,拯救 救 挽救 解救 救命
2231,1,,0.0,0.0,拳头,拳头,拳头,拳头
2232,5,0.5378877300321605,0.10062764023971404,0.0,绑 拴 捆 缠 钉,钉 缠 捆 拴 绑,缠 绑 拴 捆 钉,绑 拴 捆 缠 钉
2233,1,,0.0,0.0,拼,拼,拼,拼
2234,2,0.5129748897474893,0.16447764018502925,0.0,持有 持,持有 持,持有 持,持有 持
2235,4,0.5405370552284448,0.08375807237359559,0.0,长久 长期 持久 长远,长远 持久 长久 长期,持久 长远 长久 长期,长久 长期 持久 长远
2236,1,,0.0,0.0,挂钩,挂钩,挂钩,挂钩
2237,1,,0.0,0.0,指,指,指,指
2238,2,0.5383546012973837,0.18006274837573055,0.0,特定 指定,特定 指定,指定 特定,特定 指定
2239,3,0.4721901255298219,0.05167066689536229,0.3333333333333333,指导 指引 辅导,辅导 指引 指导,辅导 指导 指引,指导 指引 辅导
2240,1,,0.0,0.0,指手画脚,指手画脚,指手画脚,指手画脚
2241,2,0.5307646152101904,0.1945291655887258,0.0,调度 指挥,调度 指挥,指挥 调度,调度 指挥
2242,4,0.605206486717909,0.18890534477086177,0.25,指教 赐教 指点 请教,请教 赐教 指点 指教,请教 指教 指点 赐教,指教 赐教 指点 请教
2243,1,,0.0,0.0,指数,指数,指数,指数
2244,1,,0.0,0.0,指标,指标,指标,指标
2245,2,0.7978786690340333,0.6374862173936802,0.0,按理说 按说,按说 按理说,按说 按理说,按理说 按说
2246,4,0.6204169533191138,0.3009059556743423,0.0,按键 键盘 鼠标 键,键 鼠标 键盘 按键,按键 键盘 键 鼠标,按键 键盘 鼠标 键
2247,5,0.5630523394052126,0.18410862556907265,0.0,选 挑选 选择 选用 挑,挑 选用 选择 选 挑选,选用 选择 挑 选 挑选,选 挑选 选择 选用 挑
2248,2,0.6477428232272453,0.3721751767609973,0.0,苛刻 挑剔,挑剔 苛刻,挑剔 苛刻,苛刻 挑剔
2249,3,0.4817898958058961,0.057958133696538496,0.6666666666666666,考验 挑战 洗礼,洗礼 挑战 考验,挑战 洗礼 考验,考验 挑战 洗礼
2250,1,,0.0,0.0,挑起,挑起,挑起,挑起
2251,2,0.5037065916188075,0.0929623898807784,0.0,挖 挖掘,挖掘 挖,挖 挖掘,挖 挖掘
2252,6,0.5534398879315351,0.13787373392282548,0.16666666666666666,挣 挣钱 赚 赚钱 钱 捞,捞 钱 赚钱 挣钱 赚 挣,赚钱 捞 挣 钱 赚 挣钱,挣 挣钱 赚 赚钱 钱 捞
2253,2,0.5197818064455915,0.1219958348802284,0.0,挤压 挤,挤 挤压,挤 挤压,挤压 挤
2254,1,,0.0,0.0,挥,挥,挥,挥
2255,1,,0.0,0.0,挪,挪,挪,挪
2256,2,0.5704654246778789,0.20386323156348213,0.0,挽 牵,牵 挽,牵 挽,挽 牵
2257,1,,0.0,0.0,捂,捂,捂,捂
2258,4,0.5483382403965011,0.17246229971039018,0.0,赔偿 索赔 赔 损失,损失 赔 索赔 赔偿,赔偿 索赔 赔 损失,赔偿 索赔 赔 损失
2259,1,,0.0,0.0,换位,换位,换位,换位
2260,1,,0.0,0.0,换取,换取,换取,换取
2261,4,0.5104867404025001,0.09417809123468147,0.25,捣乱 闹事 煽动 搞鬼,煽动 搞鬼 闹事 捣乱,闹事 捣乱 搞鬼 煽动,捣乱 闹事 煽动 搞鬼
2262,1,,0.0,0.0,捧,捧,捧,捧
2263,3,0.5700422871109775,0.14718166181368886,0.0,授予 颁发 表彰,表彰 颁发 授予,授予 颁发 表彰,授予 颁发 表彰
2264,1,,0.0,0.0,掉,掉,掉,掉
2265,1,,0.0,0.0,掉队,掉队,掉队,掉队
2266,1,,0.0,0.0,掌握,掌握,掌握,掌握
2267,2,0.543655428508397,0.11457792344572262,0.0,排斥 歧视,排斥 歧视,歧视 排斥,排斥 歧视
2268,2,0.6411754750565374,0.26905550241168036,0.0,等候 排队,等候 排队,排队 等候,等候 排队
2269,1,,0.0,0.0,排除,排除,排除,排除
2270,2,0.5475189433526335,0.20044507088443908,0.0,试探 探,试探 探,探 试探,试探 探
2271,7,0.5799961450126426,0.14315290632920466,0.14285714285714285,谈 谈论 谈起 畅谈 谈到 聊 探讨,探讨 谈起 谈论 谈到 畅谈 聊 谈,谈到 畅谈 探讨 聊 谈 谈论 谈起,谈 谈论 谈起 畅谈 谈到 聊 探讨
2272,3,0.5389637633347755,0.1731014445903545,0.0,接到 收到 接,接 收到 接到,接 收到 接到,接到 收到 接
2273,1,,0.0,0.0,接手,接手,接手,接手
2274,2,0.5225564756512961,0.1314074975597199,0.0,补给 接济,补给 接济,补给 接济,补给 接济
2275,2,0.676948126570447,0.4128813994940512,0.0,接班 接班人,接班 接班人,接班人 接班,接班 接班人
2276,2,0.5103714926655559,0.10190216640171297,0.0,接轨 靠拢,靠拢 接轨,靠拢 接轨,接轨 靠拢
2277,4,0.4433649372220383,-0.01429748369502959,0.75,运送 输送 运 接送,运 接送 输送 运送,输送 运 运送 接送,运送 输送 运 接送
2278,1,,0.0,0.0,推,推,推,推
2279,3,0.5217788723565705,0.11412974855112863,0.3333333333333333,问世 诞生 推出,推出 诞生 问世,诞生 问世 推出,问世 诞生 推出
2280,1,,0.0,0.0,推卸,推卸,推卸,推卸
2281,5,0.5218858912475082,0.09599296220323929,0.0,揣摩 琢磨 领悟 领会 推敲,推敲 领悟 琢磨 领会 揣摩,揣摩 推敲 领会 领悟 琢磨,揣摩 琢磨 领悟 领会 推敲
2282,2,0.524459399635449,0.20478094868002628,0.0,逻辑 推理,逻辑 推理,推理 逻辑,逻辑 推理
2283,1,,0.0,0.0,推移,推移,推移,推移
2284,1,,0.0,0.0,掩护,掩护,掩护,掩护
2285,1,,0.0,0.0,措手不及,措手不及,措手不及,措手不及
2286,3,0.4614571796220229,0.011046170687681503,0.3333333333333333,渗 掺 渗透,掺 渗透 渗,掺 渗 渗透,渗 掺 渗透
2287,1,,0.0,0.0,提,提,提,提
2288,1,,0.0,0.0,提供,提供,提供,提供
2289,3,0.5754490695587666,0.16933096092532685,0.3333333333333333,提早 提前 早,早 提前 提早,早 提早 提前,提早 提前 早
2290,3,0.5442923015052511,0.19001016197555573,0.0,提拔 晋升 选拔,选拔 晋升 提拔,选拔 提拔 晋升,提拔 晋升 选拔
2291,2,0.5336619716030189,0.16434333203250379,0.0,浓缩 提炼,提炼 浓缩,提炼 浓缩,浓缩 提炼
2292,3,0.5629141567222151,0.17007377574138804,0.0,提醒 提示 警告,警告 提示 提醒,提示 警告 提醒,提醒 提示 警告
2293,1,,0.0,0.0,提起,提起,提起,提起
2294,1,,0.0,0.0,提速,提速,提速,提速
2295,3,0.4898626518052742,0.06442982001755505,0.0,栽 灌 插,栽 灌 插,灌 插 栽,栽 灌 插
2296,2,0.5057198558455218,0.14193799765987586,0.0,揭 遮,遮 揭,揭 遮,揭 遮
2297,4,0.4693874660614024,0.06694564140268285,0.5,援助 支援 支持 救济,救济 支持 援助 支援,支援 支持 救济 援助,援助 支援 支持 救济
2298,4,0.5298303369290984,0.1254959034924999,0.0,放 放置 放到 搁,放置 搁 放 放到,搁 放 放置 放到,放 放置 放到 搁
2299,1,,0.0,0.0,搁浅,搁浅,搁浅,搁浅
2300,2,0.5612907023584517,0.23105074048838498,0.0,搜 搜索,搜索 搜,搜 搜索,搜 搜索
2301,3,0.4437686234270208,-0.018598873963692714,0.6666666666666666,调查 问卷 搜查,搜查 问卷 调查,问卷 搜查 调查,调查 问卷 搜查
2302,2,0.5503287735040405,0.18359646147540704,0.0,搞 搞好,搞 搞好,搞 搞好,搞 搞好
2303,6,0.5129845777263616,0.051322003688276836,0.3333333333333333,迁移 搬迁 迁 搬 搬家 移,迁移 移 搬迁 搬 迁 搬家,搬家 移 搬 迁 搬迁 迁移,迁移 搬迁 迁 搬 搬家 移
2304,3,0.4802566915279183,0.0001968037637541086,0.6666666666666666,搭配 搭 配,配 搭 搭配,搭 配 搭配,搭配 搭 配
2305,1,,0.0,0.0,搭档,搭档,搭档,搭档
2306,2,0.6097290266115373,0.2620612688458709,0.0,随身 携带,随身 携带,携带 随身,随身 携带
2307,4,0.4899783472681369,0.0478432626710373,0.25,摆设 摆放 摆 花瓶,花瓶 摆 摆放 摆设,摆放 摆 花瓶 摆设,摆设 摆放 摆 花瓶
2308,4,0.5072652837835983,0.06489875512262314,0.25,摇晃 摇摆 摇 摇摇欲坠,摇摇欲坠 摇 摇摆 摇晃,摇 摇摇欲坠 摇摆 摇晃,摇晃 摇摆 摇 摇摇欲坠
2309,1,,0.0,0.0,摇篮,摇篮,摇篮,摇篮
2310,1,,0.0,0.0,摊,摊,摊,摊
2311,6,0.536502583207954,0.06748199585231245,0.16666666666666666,消灭 摧毁 歼灭 毁灭 灭 粉碎,粉碎 毁灭 摧毁 歼灭 灭 消灭,灭 摧毁 毁灭 歼灭 消灭 粉碎,消灭 摧毁 歼灭 毁灭 灭 粉碎
2312,1,,0.0,0.0,撇,撇,撇,撇
2313,3,0.524258706419076,0.16070433718718066,0.0,退 退回 撤,退 退回 撤,撤 退 退回,退 退回 撤
2314,4,0.5131950578198986,0.1079895889918973,0.0,疏散 撤离 逃生 避难,避难 撤离 逃生 疏散,撤离 疏散 逃生 避难,疏散 撤离 逃生 避难
2315,1,,0.0,0.0,操作,操作,操作,操作
2316,3,0.5705410443837445,0.1947331607191213,0.0,操控 操纵 驾驭,驾驭 操控 操纵,操纵 操控 驾驭,操控 操纵 驾驭
2317,1,,0.0,0.0,攀,攀,攀,攀
2318,3,0.5069997928810416,0.08554869317788237,0.0,积蓄 攒 私房钱,积蓄 攒 私房钱,攒 私房钱 积蓄,积蓄 攒 私房钱
2319,1,,0.0,0.0,收复,收复,收复,收复
2320,2,0.5103074747337681,0.06950394411588127,0.0,行李 收拾,行李 收拾,收拾 行李,行李 收拾
2321,1,,0.0,0.0,收敛,收敛,收敛,收敛
2322,3,0.5421266353038666,0.17531482470718496,0.3333333333333333,混 改 混合,混合 改 混,改 混 混合,混 改 混合
2323,4,0.48968190164236836,-0.03423646909659963,0.75,缓解 缓和 改善 解除,解除 改善 缓和 缓解,缓解 改善 缓和 解除,缓解 缓和 改善 解除
2324,3,0.5841591191270251,0.22120334762304103,0.0,纠正 改正 矫正,矫正 改正 纠正,改正 矫正 纠正,纠正 改正 矫正
2325,2,0.5323728655336746,0.14647882834293843,0.0,改版 版,版 改版,版 改版,改版 版
2326,4,0.518820081570074,0.11340312151862385,0.0,改良 改进 革新 改造,革新 改造 改进 改良,革新 改进 改良 改造,改良 改进 革新 改造
2327,1,,0.0,0.0,改邪归正,改邪归正,改邪归正,改邪归正
2328,2,0.5763867761291492,0.25444653181376703,0.0,改革 改革开放,改革 改革开放,改革开放 改革,改革 改革开放
2329,3,0.5027341965763993,0.114159780541962,0.0,放松 松弛 松绑,松绑 松弛 放松,松弛 放松 松绑,放松 松弛 松绑
2330,1,,0.0,0.0,放水,放水,放水,放水
2331,2,0.6284442928091898,0.31257469545758665,0.0,放纵 纵容,放纵 纵容,纵容 放纵,放纵 纵容
2332,1,,0.0,0.0,政府,政府,政府,政府
2333,3,0.40414292437103944,-0.09605923332699627,0.6666666666666666,调控 调节 政策,政策 调节 调控,调节 调控 政策,调控 调节 政策
2334,2,0.6358883912394199,0.3018669914008836,0.0,模仿 效仿,模仿 效仿,效仿 模仿,模仿 效仿
2335,1,,0.0,0.0,效力,效力,效力,效力
2336,4,0.5928610002240001,0.19910913244165346,0.0,灵巧 敏捷 灵敏 灵活,灵敏 灵活 灵巧 敏捷,灵巧 灵敏 灵活 敏捷,灵巧 敏捷 灵敏 灵活
2337,2,0.5326605526219491,0.10509498819421118,0.0,迷信 教条,教条 迷信,迷信 教条,迷信 教条
2338,1,,0.0,0.0,教育,教育,教育,教育
2339,1,,0.0,0.0,教育部,教育部,教育部,教育部
2340,1,,0.0,0.0,散,散,散,散
2341,2,0.5006195748347833,0.11779022486425605,0.0,散布 散发,散发 散布,散发 散布,散布 散发
2342,6,0.5519712921015153,0.13792869130389113,0.16666666666666666,溜达 遛 逛 转悠 散步 溜,溜 散步 转悠 遛 逛 溜达,溜 逛 遛 转悠 溜达 散步,溜达 遛 逛 转悠 散步 溜
2343,4,0.5633099071312763,0.14541391559273764,0.0,敬礼 鞠躬 致敬 敬,鞠躬 敬 致敬 敬礼,敬 敬礼 致敬 鞠躬,敬礼 鞠躬 致敬 敬
2344,1,,0.0,0.0,敬而远之,敬而远之,敬而远之,敬而远之
2345,2,0.5803461746756425,0.20188616592806302,0.0,请 敬请,敬请 请,请 敬请,请 敬请
2346,2,0.5268760334301417,0.24192484272578052,0.0,数字 数码,数码 数字,数字 数码,数字 数码
2347,4,0.47221107849526134,-0.04730087812833912,0.5,统计 数据 显示 粗略,数据 粗略 显示 统计,粗略 数据 统计 显示,统计 数据 显示 粗略
2348,1,,0.0,0.0,数据库,数据库,数据库,数据库
2349,1,,0.0,0.0,敲边鼓,敲边鼓,敲边鼓,敲边鼓
2350,4,0.5101169726663026,0.09584463534269747,0.0,门铃 防盗门 敲门 电梯,电梯 敲门 防盗门 门铃,门铃 电梯 敲门 防盗门,门铃 防盗门 敲门 电梯
2351,1,,0.0,0.0,整,整,整,整
2352,1,,0.0,0.0,整数,整数,整数,整数
2353,2,0.5478719884856069,0.22245403957015691,0.0,整理 梳理,梳理 整理,整理 梳理,整理 梳理
2354,3,0.5313174039172206,0.15758984741694862,0.0,涂 敷 贴,贴 涂 敷,敷 涂 贴,涂 敷 贴
2355,1,,0.0,0.0,文,文,文,文
2356,3,0.4234036493291311,-0.007895852231024986,0.6666666666666666,附件 文件 附,文件 附 附件,附件 附 文件,附件 文件 附
2357,1,,0.0,0.0,文明,文明,文明,文明
2358,2,0.6319747213242006,0.34785453065026006,0.0,识字 文盲,识字 文盲,识字 文盲,识字 文盲
2359,4,0.5175702783172526,0.09906820609080796,0.0,社论 评论 文章 评论员,文章 评论 社论 评论员,评论员 社论 文章 评论,社论 评论 文章 评论员
2360,2,0.5133610445029546,0.07373010941559871,0.0,腺 斑点,斑点 腺,腺 斑点,腺 斑点
2361,1,,0.0,0.0,斗,斗,斗,斗
2362,1,,0.0,0.0,料,料,料,料
2363,3,0.595102437200871,0.23789744295985737,0.0,横 竖 斜,斜 竖 横,竖 斜 横,横 竖 斜
2364,1,,0.0,0.0,斩,斩,斩,斩
2365,4,0.5600749292824084,0.05096418335066953,0.25,看出 看得出 断定 认出,认出 断定 看出 看得出,看出 断定 认出 看得出,看出 看得出 断定 认出
2366,2,0.5555752789247741,0.14947017930157971,0.0,间断 断断续续,断断续续 间断,断断续续 间断,间断 断断续续
2367,4,0.5882705765937056,0.21519487882349397,0.0,裂痕 裂缝 破裂 断裂,断裂 破裂 裂缝 裂痕,裂痕 裂缝 断裂 破裂,裂痕 裂缝 破裂 断裂
2368,1,,0.0,0.0,新兴,新兴,新兴,新兴
2369,2,0.5936046248987761,0.22275745027757962,0.0,新式 新型,新型 新式,新式 新型,新式 新型
2370,6,0.5446573170862693,0.13243090049988235,0.0,时尚 时髦 潮流 新潮 时装 风尚,风尚 潮流 新潮 时髦 时装 时尚,时尚 潮流 新潮 时装 时髦 风尚,时尚 时髦 潮流 新潮 时装 风尚
2371,1,,0.0,0.0,新生,新生,新生,新生
2372,3,0.45089740473884937,0.01085304888222948,0.3333333333333333,新鲜 鲜 清新,清新 鲜 新鲜,清新 鲜 新鲜,新鲜 鲜 清新
2373,1,,0.0,0.0,方,方,方,方
2374,3,0.4880585774667223,-0.0010481372293535223,0.6666666666666666,方针 贯彻 纲领,贯彻 纲领 方针,方针 纲领 贯彻,方针 贯彻 纲领
2375,2,0.5625931304376304,0.2687324673579444,0.0,施压 施加,施压 施加,施压 施加,施压 施加
2376,3,0.5595328623306147,0.1949890240002626,0.0,旁观 袖手旁观 看热闹,袖手旁观 看热闹 旁观,旁观 看热闹 袖手旁观,旁观 袖手旁观 看热闹
2377,7,0.563841774122855,0.16470010127089246,0.14285714285714285,路途 旅程 旅途 路程 途中 路上 行程,途中 路程 行程 路上 旅程 旅途 路途,旅途 旅程 行程 路途 路上 路程 途中,路途 旅程 旅途 路程 途中 路上 行程
2378,3,0.4980346488460481,0.12207045111528504,0.0,泥潭 陷 旋涡,陷 旋涡 泥潭,陷 旋涡 泥潭,泥潭 陷 旋涡
2379,1,,0.0,0.0,族,族,族,族
2380,3,0.6048214990821625,0.2249021657276434,0.0,虚弱 衰弱 无力,无力 衰弱 虚弱,虚弱 无力 衰弱,虚弱 衰弱 无力
2381,4,0.5115707771453393,0.06198838959106346,0.25,无可奈何 无话可说 无能为力 走投无路,走投无路 无能为力 无话可说 无可奈何,无能为力 无话可说 走投无路 无可奈何,无可奈何 无话可说 无能为力 走投无路
2382,1,,0.0,0.0,无可奉告,无可奉告,无可奉告,无可奉告
2383,1,,0.0,0.0,无形,无形,无形,无形
2384,2,0.5310108709398295,0.1647788879941143,0.0,无理 无故,无理 无故,无故 无理,无理 无故
2385,1,,0.0,0.0,无敌,无敌,无敌,无敌
2386,1,,0.0,0.0,无条件,无条件,无条件,无条件
2387,1,,0.0,0.0,无济于事,无济于事,无济于事,无济于事
2388,3,0.5949135578212419,0.2789624701060473,0.0,无限 无穷 无边,无边 无限 无穷,无边 无限 无穷,无限 无穷 无边
2389,5,0.5744148189629326,0.16321124879409715,0.2,通信 通讯 电讯 电信 无线电,无线电 通信 电信 通讯 电讯,通信 通讯 电信 无线电 电讯,通信 通讯 电讯 电信 无线电
2390,2,0.5184963914664416,0.14246121462547467,0.0,无缘 缺席,无缘 缺席,无缘 缺席,无缘 缺席
2391,1,,0.0,0.0,无论如何,无论如何,无论如何,无论如何
2392,3,0.4247291875524059,-0.003494272398651674,0.6666666666666666,闹钟 日历 铃,铃 日历 闹钟,闹钟 铃 日历,闹钟 日历 铃
2393,2,0.5753204015378586,0.20293709090300255,0.0,过日子 日子,日子 过日子,过日子 日子,过日子 日子
2394,2,0.7139594053784577,0.47920382509182263,0.0,日报 晚报,日报 晚报,日报 晚报,日报 晚报
2395,2,0.5095423161237314,0.07246823559822124,0.0,日新月异 翻天覆地,翻天覆地 日新月异,日新月异 翻天覆地,日新月异 翻天覆地
2396,1,,0.0,0.0,日期,日期,日期,日期
2397,2,0.6055800170873065,0.32395535725123875,0.0,议程 日程,日程 议程,日程 议程,议程 日程
2398,5,0.5510120688809982,0.011427990689569604,0.8,破旧 陈旧 简陋 笨重 旧,简陋 陈旧 旧 笨重 破旧,笨重 陈旧 旧 破旧 简陋,破旧 陈旧 简陋 笨重 旧
2399,1,,0.0,0.0,旨在,旨在,旨在,旨在
2400,1,,0.0,0.0,早晚,早晚,早晚,早晚
2401,1,,0.0,0.0,旭日,旭日,旭日,旭日
2402,1,,0.0,0.0,时,时,时,时
2403,1,,0.0,0.0,时事,时事,时事,时事
2404,3,0.511015628477852,0.06599917734488835,0.3333333333333333,时期 时代 阶段,阶段 时代 时期,时期 阶段 时代,时期 时代 阶段
2405,1,,0.0,0.0,时好时坏,时好时坏,时好时坏,时好时坏
2406,1,,0.0,0.0,时段,时段,时段,时段
2407,2,0.5211511500260562,0.0945076442785261,0.0,时间表 时间,时间 时间表,时间 时间表,时间表 时间
2408,1,,0.0,0.0,旺,旺,旺,旺
2409,2,0.8569237161256682,0.7296353751832552,0.0,旺季 淡季,旺季 淡季,旺季 淡季,旺季 淡季
2410,3,0.5263782744977364,0.13799464110147527,0.0,昂贵 高昂 贵,贵 昂贵 高昂,贵 高昂 昂贵,昂贵 高昂 贵
2411,3,0.5146377046049478,0.0866421256233124,0.0,本来 本身 明明,明明 本身 本来,明明 本来 本身,本来 本身 明明
2412,4,0.5792762480829738,0.18137306535059072,0.0,明显 显著 突出 鲜明,鲜明 突出 显著 明显,鲜明 显著 明显 突出,明显 显著 突出 鲜明
2413,1,,0.0,0.0,明朗,明朗,明朗,明朗
2414,5,0.4789840664453212,0.018012223269476168,0.6,清楚 清晰 透彻 明确 透,明确 透 清晰 透彻 清楚,明确 透彻 清晰 清楚 透,清楚 清晰 透彻 明确 透
2415,3,0.5339504482341048,0.12522024103722829,0.0,晕 昏 醉,醉 晕 昏,晕 昏 醉,晕 昏 醉
2416,1,,0.0,0.0,昔日,昔日,昔日,昔日
2417,1,,0.0,0.0,星座,星座,星座,星座
2418,1,,0.0,0.0,星期日,星期日,星期日,星期日
2419,1,,0.0,0.0,映,映,映,映
2420,2,0.5566399611923161,0.22530191616992876,0.0,是非 非,是非 非,是非 非,是非 非
2421,2,0.5393556361775191,0.11772826238194603,0.0,晒太阳 晒,晒太阳 晒,晒太阳 晒,晒太阳 晒
2422,3,0.4343683168184647,-0.033969155560010296,0.6666666666666666,科普 科幻 普及,科幻 普及 科普,普及 科普 科幻,科普 科幻 普及
2423,1,,0.0,0.0,景,景,景,景
2424,2,0.5992288128955698,0.24799114522854737,0.0,智力 智商,智力 智商,智商 智力,智力 智商
2425,1,,0.0,0.0,暗示,暗示,暗示,暗示
2426,1,,0.0,0.0,暴利,暴利,暴利,暴利
2427,3,0.5391396579374416,0.16245523138049722,0.0,粗暴 野蛮 暴力,粗暴 暴力 野蛮,粗暴 野蛮 暴力,粗暴 野蛮 暴力
2428,4,0.46897485149596013,0.10045741910436033,0.0,裸露 露 暴露 裸,暴露 裸 露 裸露,露 裸 裸露 暴露,裸露 露 暴露 裸
2429,5,0.5567847955598997,0.15110517325461198,0.0,暴风雨 暴风骤雨 风浪 风雨 风暴,风暴 风浪 风雨 暴风骤雨 暴风雨,暴风雨 暴风骤雨 风浪 风暴 风雨,暴风雨 暴风骤雨 风浪 风雨 风暴
2430,1,,0.0,0.0,曝光,曝光,曝光,曝光
2431,2,0.5678560530489589,0.21994004103439993,0.0,矣 曰,矣 曰,矣 曰,矣 曰
2432,8,0.5378323805088573,0.12259337491101077,0.25,艰辛 艰苦 艰难 艰险 艰巨 漫长 曲折 风餐露宿,风餐露宿 曲折 漫长 艰巨 艰辛 艰险 艰苦 艰难,艰辛 艰苦 艰险 艰难 艰巨 曲折 漫长 风餐露宿,艰辛 艰苦 艰难 艰险 艰巨 漫长 曲折 风餐露宿
2433,1,,0.0,0.0,曲线,曲线,曲线,曲线
2434,1,,0.0,0.0,更新,更新,更新,更新
2435,2,0.5037592391845684,0.06957963751739549,0.0,看台 更衣室,看台 更衣室,看台 更衣室,看台 更衣室
2436,1,,0.0,0.0,替身,替身,替身,替身
2437,3,0.5401019798356558,0.18880504805963885,0.0,最好 最佳 最,最 最佳 最好,最 最好 最佳,最好 最佳 最
2438,2,0.6764677237394314,0.41877360383911544,0.0,最后 最终,最终 最后,最后 最终,最后 最终
2439,1,,0.0,0.0,月票,月票,月票,月票
2440,3,0.5850591490760446,0.24058345289233488,0.0,月饼 粽子 蛋糕,蛋糕 粽子 月饼,粽子 月饼 蛋糕,月饼 粽子 蛋糕
2441,1,,0.0,0.0,有两下子,有两下子,有两下子,有两下子
2442,2,0.5007777088178991,0.06999184776502032,0.5,有事 请假,请假 有事,请假 有事,有事 请假
2443,1,,0.0,0.0,有人,有人,有人,有人
2444,2,0.592253820348912,0.3073859106868036,0.0,有效 有力,有效 有力,有效 有力,有效 有力
2445,2,0.5662448571093892,0.18017110954487475,0.0,有声有色 绘声绘色,绘声绘色 有声有色,有声有色 绘声绘色,有声有色 绘声绘色
2446,1,,0.0,0.0,有待,有待,有待,有待
2447,6,0.6619370359315143,0.36199517311416957,0.0,稍稍 稍 略微 稍微 略 有所,有所 稍 略 稍微 略微 稍稍,稍 略 略微 稍微 有所 稍稍,稍稍 稍 略微 稍微 略 有所
2448,1,,0.0,0.0,有朝一日,有朝一日,有朝一日,有朝一日
2449,1,,0.0,0.0,有机,有机,有机,有机
2450,3,0.4631631819850018,0.01506746387473403,0.6666666666666666,毒 有毒 邪,邪 有毒 毒,毒 有毒 邪,毒 有毒 邪
2451,2,0.572460806362375,0.2193685535676566,0.0,还有 有没有,有没有 还有,有没有 还有,还有 有没有
2452,1,,0.0,0.0,有的放矢,有的放矢,有的放矢,有的放矢
2453,1,,0.0,0.0,有限,有限,有限,有限
2454,1,,0.0,0.0,服,服,服,服
2455,2,0.542665834992151,0.1643723140237063,0.0,服务 服务业,服务 服务业,服务业 服务,服务 服务业
2456,1,,0.0,0.0,望,望,望,望
2457,1,,0.0,0.0,朝三暮四,朝三暮四,朝三暮四,朝三暮四
2458,1,,0.0,0.0,朝代,朝代,朝代,朝代
2459,3,0.582850310372615,0.21919916975556855,0.0,蓬勃 朝气蓬勃 欣欣向荣,朝气蓬勃 欣欣向荣 蓬勃,蓬勃 朝气蓬勃 欣欣向荣,蓬勃 朝气蓬勃 欣欣向荣
2460,2,0.5748842298533761,0.2720630967433494,0.0,期 期中,期 期中,期 期中,期 期中
2461,1,,0.0,0.0,期末,期末,期末,期末
2462,2,0.578765055308315,0.23671526376546964,0.0,隐约 朦胧,朦胧 隐约,朦胧 隐约,隐约 朦胧
2463,1,,0.0,0.0,木匠,木匠,木匠,木匠
2464,5,0.5238738016621982,0.018046081781822813,0.4,木头 石头 骨头 钉子 砖,骨头 砖 钉子 石头 木头,钉子 骨头 砖 木头 石头,木头 石头 骨头 钉子 砖
2465,2,0.5354237583172546,0.19329594126702104,0.0,木材 药材,木材 药材,药材 木材,木材 药材
2466,2,0.5414788330038731,0.1892868939641486,0.0,经 未经,经 未经,经 未经,经 未经
2467,1,,0.0,0.0,末日,末日,末日,末日
2468,2,0.5334772383282316,0.1685736047688302,0.0,本色 本分,本分 本色,本分 本色,本色 本分
2469,3,0.5059886703570668,0.07409026410258478,0.3333333333333333,本子 稿子 黑板,黑板 稿子 本子,本子 黑板 稿子,本子 稿子 黑板
2470,1,,0.0,0.0,朱红,朱红,朱红,朱红
2471,3,0.4367531572404304,-0.038969500691005805,0.6666666666666666,花瓣 朵 裂,裂 朵 花瓣,朵 花瓣 裂,花瓣 朵 裂
2472,2,0.5831396089130497,0.2381502839786774,0.0,机械 机器,机器 机械,机器 机械,机械 机器
2473,3,0.5315534805163057,0.13049578582702903,0.0,足智多谋 机智 精明,精明 机智 足智多谋,足智多谋 精明 机智,足智多谋 机智 精明
2474,1,,0.0,0.0,机构,机构,机构,机构
2475,2,0.6557710119564173,0.40149534296696204,0.0,舱 机舱,机舱 舱,舱 机舱,舱 机舱
2476,2,0.5237799193109205,0.1277698175696776,0.0,杀手 高手,高手 杀手,杀手 高手,杀手 高手
2477,1,,0.0,0.0,杂,杂,杂,杂
2478,6,0.5226910364957358,0.1032393795125323,0.0,权利 权力 职权 权 特权 行使,特权 职权 行使 权利 权 权力,权 行使 权利 权力 职权 特权,权利 权力 职权 权 特权 行使
2479,1,,0.0,0.0,权威,权威,权威,权威
2480,1,,0.0,0.0,权益,权益,权益,权益
2481,4,0.569819072394944,0.1271477866810175,0.25,考量 考虑 权衡 盘算,盘算 考虑 考量 权衡,权衡 盘算 考虑 考量,考量 考虑 权衡 盘算
2482,1,,0.0,0.0,杆,杆,杆,杆
2483,2,0.5167160165977907,0.06923227893430758,0.0,根 束,根 束,束 根,根 束
2484,2,0.5042939207015223,0.11540214600211014,0.0,杠铃 球拍,杠铃 球拍,球拍 杠铃,杠铃 球拍
2485,1,,0.0,0.0,条,条,条,条
2486,2,0.5237127246064753,0.09168078434947385,0.0,环境 条件,环境 条件,条件 环境,环境 条件
2487,1,,0.0,0.0,来源,来源,来源,来源
2488,3,0.44045359035493403,0.026451805196928826,0.3333333333333333,脉络 来龙去脉 脉搏,来龙去脉 脉搏 脉络,脉搏 脉络 来龙去脉,脉络 来龙去脉 脉搏
2489,1,,0.0,0.0,杯,杯,杯,杯
2490,9,0.5193911326525534,0.03652037934463891,0.4444444444444444,杯子 脸盆 水壶 瓶子 盖子 盘子 马桶 水槽 盒子,水槽 盒子 盖子 盘子 马桶 瓶子 水壶 脸盆,脸盆 盒子 瓶子 杯子 盘子 盖子 马桶 水壶 水槽,杯子 脸盆 水壶 瓶子 盖子 盘子 马桶 水槽 盒子
2491,1,,0.0,0.0,板,板,板,板
2492,3,0.5025838953218463,0.076376848428667,0.0,极度 极端 极,极端 极 极度,极 极度 极端,极度 极端 极
2493,1,,0.0,0.0,极限,极限,极限,极限
2494,1,,0.0,0.0,枢纽,枢纽,枢纽,枢纽
2495,2,0.5438571195773094,0.1557321807633088,0.0,架势 架子,架势 架子,架势 架子,架势 架子
2496,1,,0.0,0.0,某,某,某,某
2497,4,0.5021187501922075,0.06048476234739158,0.25,纱 织 棉 染,棉 染 织 纱,纱 织 染 棉,纱 织 棉 染
2498,2,0.5076465751907366,0.10132072200722263,0.0,柜台 网点,柜台 网点,网点 柜台,柜台 网点
2499,3,0.5101752192613587,0.11971395844753796,0.0,查出 查明 查,查 查出 查明,查 查出 查明,查出 查明 查
2500,2,0.5288752154894281,0.1464966349338964,0.0,查询 查看,查询 查看,查询 查看,查询 查看
2501,1,,0.0,0.0,标,标,标,标
2502,3,0.4987162386766581,0.0028146993704180334,0.3333333333333333,标志 象征 标示,象征 标示 标志,标志 标示 象征,标志 象征 标示
2503,2,0.5419783360865768,0.21822615130084005,0.0,样本 标本,标本 样本,标本 样本,样本 标本
2504,1,,0.0,0.0,标榜,标榜,标榜,标榜
2505,1,,0.0,0.0,标致,标致,标致,标致
2506,1,,0.0,0.0,栋梁,栋梁,栋梁,栋梁
2507,1,,0.0,0.0,栏,栏,栏,栏
2508,1,,0.0,0.0,校园,校园,校园,校园
2509,1,,0.0,0.0,样,样,样,样
2510,1,,0.0,0.0,核,核,核,核
2511,3,0.5251648165329567,0.1199465186606629,0.0,核实 核对 求证,求证 核对 核实,核实 核对 求证,核实 核对 求证
2512,1,,0.0,0.0,核心,核心,核心,核心
2513,4,0.5404656310148291,0.10474805205362381,0.0,武器 核武器 武力 武装,核武器 武力 武器 武装,武装 核武器 武器 武力,武器 核武器 武力 武装
2514,1,,0.0,0.0,核电站,核电站,核电站,核电站
2515,4,0.519551866411454,0.12479796916284644,0.0,防治 治理 根治 治,治理 根治 防治 治,治 根治 防治 治理,防治 治理 根治 治
2516,1,,0.0,0.0,格,格,格,格
2517,1,,0.0,0.0,格式,格式,格式,格式
2518,1,,0.0,0.0,格格不入,格格不入,格格不入,格格不入
2519,10,0.5222008911585487,0.1106760829278552,0.2,荷花 菊花 桂花 牡丹 梅花 桃花 盛开 玫瑰 花卉 百合,盛开 花卉 百合 玫瑰 桂花 桃花 荷花 菊花,梅花 牡丹 桃花 百合 盛开 花卉 荷花 玫瑰 桂花 菊花,荷花 菊花 桂花 牡丹 梅花 桃花 盛开 玫瑰 花卉 百合
2520,1,,0.0,0.0,框,框,框,框
2521,1,,0.0,0.0,框架,框架,框架,框架
2522,4,0.4463024212867426,0.0016755633529819385,0.75,游泳池 池子 滑梯 桑拿,池子 滑梯 桑拿 游泳池,桑拿 滑梯 游泳池 池子,游泳池 池子 滑梯 桑拿
2523,1,,0.0,0.0,档,档,档,档
2524,3,0.48206469722579054,0.019195439533568257,0.3333333333333333,记录 记载 档案,档案 记录 记载,档案 记录 记载,记录 记载 档案
2525,2,0.5467096412347796,0.11666088887514378,0.0,桥梁 纽带,纽带 桥梁,桥梁 纽带,桥梁 纽带
2526,1,,0.0,0.0,桩,桩,桩,桩
2527,1,,0.0,0.0,桶,桶,桶,桶
2528,3,0.5171213557432817,0.0860079507762282,0.0,监察 监督 检察,检察 监督 监察,检察 监察 监督,监察 监督 检察
2529,2,0.6039490743602415,0.2461468016732175,0.0,棋子 棋,棋子 棋,棋 棋子,棋子 棋
2530,1,,0.0,0.0,榨,榨,榨,榨
2531,1,,0.0,0.0,槽,槽,槽,槽
2532,1,,0.0,0.0,模型,模型,模型,模型
2533,2,0.507534998780684,0.041790393579057276,0.0,模拟 虚拟,虚拟 模拟,虚拟 模拟,模拟 虚拟
2534,1,,0.0,0.0,横向,横向,横向,横向
2535,4,0.5429074305576874,0.08309155169880231,0.25,聚会 联欢 集会 欢聚,欢聚 集会 聚会 联欢,集会 联欢 聚会 欢聚,聚会 联欢 集会 欢聚
2536,1,,0.0,0.0,欢迎,欢迎,欢迎,欢迎
2537,4,0.5553161609392655,0.21756270861375138,0.0,欣赏 观赏 鉴赏 赏,鉴赏 赏 观赏 欣赏,鉴赏 赏 欣赏 观赏,欣赏 观赏 鉴赏 赏
2538,3,0.614478244131967,0.28212739906775336,0.0,道歉 认错 歉意,歉意 认错 道歉,认错 歉意 道歉,道歉 认错 歉意
2539,2,0.5641704040855726,0.23675710893004454,0.0,歌咏 歌颂,歌咏 歌颂,歌咏 歌颂,歌咏 歌颂
2540,1,,0.0,0.0,止,止,止,止
2541,1,,0.0,0.0,止步,止步,止步,止步
2542,2,0.7630964387524767,0.5952873557558764,0.0,正 正在,正在 正,正 正在,正 正在
2543,2,0.505494182408641,0.06036798063436488,0.0,照常 正常,正常 照常,照常 正常,照常 正常
2544,1,,0.0,0.0,正当,正当,正当,正当
2545,2,0.5840706480352205,0.2805044836445339,0.0,正能量 能量,能量 正能量,正能量 能量,正能量 能量
2546,1,,0.0,0.0,正规,正规,正规,正规
2547,2,0.5705969957267827,0.24553982811734124,0.0,直视 正视,直视 正视,直视 正视,直视 正视
2548,5,0.5341948478744654,0.10049834706494368,0.4,这里 这儿 此处 此 这,这 此 此处 这儿 这里,此 这儿 这 这里 此处,这里 这儿 此处 此 这
2549,1,,0.0,0.0,此事,此事,此事,此事
2550,1,,0.0,0.0,此次,此次,此次,此次
2551,1,,0.0,0.0,此致,此致,此致,此致
2552,1,,0.0,0.0,此起彼伏,此起彼伏,此起彼伏,此起彼伏
2553,2,0.540486196935074,0.17697481131555604,0.0,步 步骤,步骤 步,步骤 步,步 步骤
2554,6,0.49873645764069785,0.05769001867587318,0.3333333333333333,步伐 进程 进度 脚步 节奏 进展,进程 进展 脚步 节奏 进度 步伐,进展 进度 进程 脚步 步伐 节奏,步伐 进程 进度 脚步 节奏 进展
2555,1,,0.0,0.0,死,死,死,死
2556,4,0.49346671006123005,0.07657914891697615,0.25,死心 死心塌地 痴心 罢休,痴心 罢休 死心 死心塌地,罢休 死心塌地 痴心 死心,死心 死心塌地 痴心 罢休
2557,2,0.521161575312409,0.10098326509566158,0.0,残留 残,残 残留,残 残留,残留 残
2558,1,,0.0,0.0,残缺,残缺,残缺,残缺
2559,1,,0.0,0.0,段,段,段,段
2560,1,,0.0,0.0,母,母,母,母
2561,1,,0.0,0.0,每,每,每,每
2562,2,0.7394709940904991,0.509015453122518,0.0,每当 每逢,每当 每逢,每当 每逢,每当 每逢
2563,4,0.5882202234894351,0.2062409359977897,0.25,比 相比 比起 较,较 比起 相比 比,比 较 相比 比起,比 相比 比起 较
2564,3,0.6349817512989533,0.3061197014533395,0.0,比例 比重 百分比,百分比 比重 比例,百分比 比例 比重,比例 比重 百分比
2565,1,,0.0,0.0,毛,毛,毛,毛
2566,1,,0.0,0.0,毫升,毫升,毫升,毫升
2567,1,,0.0,0.0,民意,民意,民意,民意
2568,1,,0.0,0.0,民间,民间,民间,民间
2569,2,0.8121668996646804,0.6506440873924586,0.0,气氛 氛围,气氛 氛围,气氛 氛围,气氛 氛围
2570,3,0.465971899702996,0.033718763922419355,0.3333333333333333,气泡 液体 泡沫,液体 泡沫 气泡,气泡 泡沫 液体,气泡 液体 泡沫
2571,3,0.5519565897961924,0.22437828914312516,0.0,气球 热气球 风筝,风筝 热气球 气球,气球 热气球 风筝,气球 热气球 风筝
2572,2,0.7750196620386499,0.6115372868198017,0.0,水准 水平,水准 水平,水准 水平,水准 水平
2573,2,0.55353836731928,0.16973277434074807,0.0,水手 海盗,水手 海盗,海盗 水手,水手 海盗
2574,3,0.5054809971794563,0.13372550602969283,0.3333333333333333,水泥 混凝土 玻璃,玻璃 混凝土 水泥,玻璃 混凝土 水泥,水泥 混凝土 玻璃
2575,1,,0.0,0.0,水涨船高,水涨船高,水涨船高,水涨船高
2576,1,,0.0,0.0,水灵灵,水灵灵,水灵灵,水灵灵
2577,1,,0.0,0.0,水落石出,水落石出,水落石出,水落石出
2578,1,,0.0,0.0,水货,水货,水货,水货
2579,3,0.562037091357697,0.16150916314299293,0.0,永远 永不 永恒,永恒 永远 永不,永远 永不 永恒,永远 永不 永恒
2580,1,,0.0,0.0,永久,永久,永久,永久
2581,1,,0.0,0.0,汇,汇,汇,汇
2582,2,0.5093905157362547,0.13353851349982557,0.0,江 渡,江 渡,渡 江,江 渡
2583,4,0.5006875983467928,0.09118286010694722,0.0,污秽 脏 臭 混浊,混浊 脏 臭 污秽,污秽 臭 脏 混浊,污秽 脏 臭 混浊
2584,1,,0.0,0.0,汪洋,汪洋,汪洋,汪洋
2585,4,0.5386575189162675,0.17819032817520827,0.0,燃油 汽油 燃料 油,油 燃料 汽油 燃油,油 汽油 燃油 燃料,燃油 汽油 燃料 油
2586,2,0.5005903594235884,0.08967502837812517,0.0,浮 沉,浮 沉,沉 浮,浮 沉
2587,2,0.6185997603963351,0.2884003591362341,0.0,沉重 沉甸甸,沉重 沉甸甸,沉甸甸 沉重,沉重 沉甸甸
2588,9,0.5581030379574415,0.1361584259065138,0.2222222222222222,沐浴露 肥皂 洗衣粉 牙膏 洗涤剂 香水 牙刷 药水 香料,香料 药水 牙刷 洗涤剂 洗衣粉 香水 肥皂 沐浴露,沐浴露 牙膏 洗衣粉 肥皂 牙刷 药水 香料 香水 洗涤剂,沐浴露 肥皂 洗衣粉 牙膏 洗涤剂 香水 牙刷 药水 香料
2589,2,0.5153505808208931,0.16952818058951366,0.0,论坛 沙龙,论坛 沙龙,论坛 沙龙,论坛 沙龙
2590,1,,0.0,0.0,河畔,河畔,河畔,河畔
2591,1,,0.0,0.0,沸腾,沸腾,沸腾,沸腾
2592,1,,0.0,0.0,沾光,沾光,沾光,沾光
2593,4,0.6160493828436718,0.2677362814908968,0.0,沿着 顺着 沿 穿过,穿过 顺着 沿 沿着,顺着 沿 沿着 穿过,沿着 顺着 沿 穿过
2594,3,0.5901575112990053,0.22882807949621198,0.0,海滨 滨海 沿海,沿海 海滨 滨海,海滨 沿海 滨海,海滨 滨海 沿海
2595,2,0.6156205522053189,0.306478784229259,0.0,泻 泄,泄 泻,泄 泻,泻 泄
2596,4,0.6044347591195256,0.22566279558919944,0.0,泄露 泄密 泄漏 隐私,隐私 泄密 泄漏 泄露,泄露 泄漏 隐私 泄密,泄露 泄密 泄漏 隐私
2597,4,0.6293731885875528,0.3394369507858033,0.0,牵涉 牵扯 涉及 波及,波及 涉及 牵扯 牵涉,牵涉 牵扯 波及 涉及,牵涉 牵扯 涉及 波及
2598,5,0.4782797119383401,-0.0843444918564999,0.8,起伏 波澜 迭起 波浪 连绵,波浪 迭起 连绵 起伏 波澜,迭起 起伏 连绵 波浪 波澜,起伏 波澜 迭起 波浪 连绵
2599,1,,0.0,0.0,注,注,注,注
2600,3,0.5320359391703393,0.16352375423246232,0.0,登录 登陆 注册,注册 登陆 登录,登录 登陆 注册,登录 登陆 注册
2601,5,0.5575415919575285,0.1396642458750526,0.2,目光 视线 眼光 视野 注视,注视 视野 眼光 视线 目光,注视 视线 目光 眼光 视野,目光 视线 眼光 视野 注视
2602,1,,0.0,0.0,泰斗,泰斗,泰斗,泰斗
2603,1,,0.0,0.0,洋,洋,洋,洋
2604,1,,0.0,0.0,洞,洞,洞,洞
2605,2,0.5077199766551815,0.1211391018733072,0.0,活动 行动,活动 行动,行动 活动,活动 行动
2606,1,,0.0,0.0,活跃,活跃,活跃,活跃
2607,2,0.5271812617535555,0.12908512037656694,0.0,流 溢,流 溢,溢 流,流 溢
2608,2,0.743695313022662,0.475156682037257,0.0,流入 流向,流向 流入,流入 流向,流入 流向
2609,1,,0.0,0.0,流动,流动,流动,流动
2610,2,0.5008432692303948,0.08171870010447717,0.0,流失 缩水,流失 缩水,流失 缩水,流失 缩水
2611,1,,0.0,0.0,流水,流水,流水,流水
2612,3,0.5305646181822816,0.1499397904997418,0.0,流程 程序 环节,环节 程序 流程,流程 环节 程序,流程 程序 环节
2613,3,0.610084168486484,0.2913952975356169,0.0,鲜血 血 流血,血 流血 鲜血,流血 血 鲜血,鲜血 血 流血
2614,1,,0.0,0.0,流通,流通,流通,流通
2615,2,0.5893300341747907,0.257173739109377,0.0,深 浅,深 浅,浅 深,深 浅
2616,1,,0.0,0.0,测验,测验,测验,测验
2617,1,,0.0,0.0,浪,浪,浪,浪
2618,8,0.5171358821132318,0.11336239461034853,0.25,耗费 花费 节省 消耗 浪费 节约 耗 花,浪费 花 节约 耗 节省 消耗 花费 耗费,耗费 花费 耗 花 消耗 节省 节约 浪费,耗费 花费 节省 消耗 浪费 节约 耗 花
2619,1,,0.0,0.0,浮力,浮力,浮力,浮力
2620,1,,0.0,0.0,海,海,海,海
2621,1,,0.0,0.0,海绵,海绵,海绵,海绵
2622,2,0.5682396011254962,0.15970743898185363,0.0,贝壳 海藻,贝壳 海藻,贝壳 海藻,贝壳 海藻
2623,1,,0.0,0.0,海量,海量,海量,海量
2624,1,,0.0,0.0,消,消,消,消
2625,1,,0.0,0.0,消化,消化,消化,消化
2626,2,0.5636197118700697,0.22179933503354787,0.0,消极 负面,消极 负面,消极 负面,消极 负面
2627,2,0.5260426885353706,0.151860328174799,0.0,消费 购物,消费 购物,消费 购物,消费 购物
2628,6,0.5626267785330247,0.16419212755452753,0.16666666666666666,违法 违规 非法 涉嫌 违章 违反,违反 非法 涉嫌 违章 违法 违规,涉嫌 违规 非法 违章 违法 违反,违法 违规 非法 涉嫌 违章 违反
2629,3,0.4796172170076965,0.020767036397336326,0.0,润 顺 盛,顺 润 盛,盛 润 顺,润 顺 盛
2630,1,,0.0,0.0,涨价,涨价,涨价,涨价
2631,1,,0.0,0.0,淘,淘,淘,淘
2632,1,,0.0,0.0,淡化,淡化,淡化,淡化
2633,2,0.5391169433255175,0.11435006395281352,0.0,深入 纵深,纵深 深入,纵深 深入,深入 纵深
2634,3,0.5194711409044359,0.10574358481686646,0.0,深刻 深远 深深,深深 深远 深刻,深刻 深深 深远,深刻 深远 深深
2635,1,,0.0,0.0,深处,深处,深处,深处
2636,1,,0.0,0.0,深度,深度,深度,深度
2637,3,0.54457612280756,0.17445999004932455,0.0,混乱 紊乱 秩序,秩序 紊乱 混乱,混乱 紊乱 秩序,混乱 紊乱 秩序
2638,2,0.5321000017012861,0.13136919156333424,0.0,混淆 颠倒,混淆 颠倒,颠倒 混淆,混淆 颠倒
2639,1,,0.0,0.0,清,清,清,清
2640,1,,0.0,0.0,清明,清明,清明,清明
2641,2,0.5158290702480102,0.04359428003916022,0.0,清醒 糊涂,清醒 糊涂,糊涂 清醒,清醒 糊涂
2642,1,,0.0,0.0,渠道,渠道,渠道,渠道
2643,1,,0.0,0.0,温和,温和,温和,温和
2644,1,,0.0,0.0,温度计,温度计,温度计,温度计
2645,1,,0.0,0.0,温馨,温馨,温馨,温馨
2646,4,0.5617863288078374,0.194643454283653,0.0,港口 码头 集装箱 港,集装箱 码头 港 港口,集装箱 港 码头 港口,港口 码头 集装箱 港
2647,4,0.5458846365843054,0.12069443616842511,0.0,渴 饿 馋 饱,渴 馋 饱 饿,渴 饱 饿 馋,渴 饿 馋 饱
2648,2,0.6798307912984547,0.402707489243447,0.0,游戏机 游戏,游戏机 游戏,游戏 游戏机,游戏机 游戏
2649,1,,0.0,0.0,源源不断,源源不断,源源不断,源源不断
2650,1,,0.0,0.0,滋润,滋润,滋润,滋润
2651,1,,0.0,0.0,滑,滑,滑,滑
2652,1,,0.0,0.0,滚,滚,滚,滚
2653,1,,0.0,0.0,滚动,滚动,滚动,滚动
2654,2,0.5154704673621544,0.11840197982748311,0.0,脱节 滞后,滞后 脱节,脱节 滞后,脱节 滞后
2655,1,,0.0,0.0,满,满,满,满
2656,4,0.5679228934767523,0.1422065173701665,0.0,迎合 适应 顺应 满足,迎合 顺应 适应 满足,顺应 满足 适应 迎合,迎合 适应 顺应 满足
2657,1,,0.0,0.0,滥用,滥用,滥用,滥用
2658,2,0.542532932216285,0.1225193466819984,0.0,漂 飘,飘 漂,漂 飘,漂 飘
2659,2,0.5575552937374021,0.16056178164825502,0.0,漆 蜡,蜡 漆,漆 蜡,漆 蜡
2660,1,,0.0,0.0,漏,漏,漏,漏
2661,3,0.5873207714426675,0.2640311205337555,0.0,演练 演习 演示,演示 演习 演练,演习 演示 演练,演练 演习 演示
2662,4,0.5072854888568,0.03617349748788758,0.25,转变 转化 转换 演变,演变 转换 转变 转化,转换 转化 转变 演变,转变 转化 转换 演变
2663,1,,0.0,0.0,演播室,演播室,演播室,演播室
2664,1,,0.0,0.0,漫,漫,漫,漫
2665,2,0.5079069237669787,0.09209464458263045,0.0,漫游 长途,漫游 长途,长途 漫游,漫游 长途
2666,3,0.5475565210078849,0.18394964997012064,0.0,潜力 潜能 潜在,潜在 潜能 潜力,潜力 潜在 潜能,潜力 潜能 潜在
2667,4,0.5768803374111187,0.1666452578505346,0.0,粗心大意 粗心 马虎 潦草,粗心大意 潦草 马虎 粗心,马虎 潦草 粗心大意 粗心,粗心大意 粗心 马虎 潦草
2668,1,,0.0,0.0,潮,潮,潮,潮
2669,1,,0.0,0.0,澄清,澄清,澄清,澄清
2670,1,,0.0,0.0,激励,激励,激励,激励
2671,3,0.46046864212154776,-0.024066672723664678,0.3333333333333333,青春 青春期 激情,激情 青春期 青春,激情 青春期 青春,青春 青春期 激情
2672,1,,0.0,0.0,激活,激活,激活,激活
2673,4,0.5423439476284598,0.14347008637601658,0.0,火热 红火 火暴 火,火 火热 红火 火暴,火 红火 火暴 火热,火热 红火 火暴 火
2674,2,0.5840507948032574,0.2092177732365193,0.0,火花 火焰,火焰 火花,火花 火焰,火花 火焰
2675,5,0.5548767466838997,0.17452851621523946,0.0,炸弹 炸药 爆炸 火药 轰炸,轰炸 火药 爆炸 炸弹 炸药,火药 轰炸 炸药 爆炸 炸弹,炸弹 炸药 爆炸 火药 轰炸
2676,9,0.5314700980723858,0.10491087564301307,0.1111111111111111,紫 蓝 白 黄 黑 红 绿 灰 青,灰 红 黄 青 绿 蓝 紫 黑,紫 红 绿 灰 白 黄 黑 青 蓝,紫 蓝 白 黄 黑 红 绿 灰 青
2677,9,0.5949070858943064,0.21005219593695448,0.3333333333333333,白色 蓝色 黄色 红色 黑色 灰色 颜色 色 绿色,颜色 绿色 色 红色 灰色 黑色 黄色 蓝色,黄色 黑色 红色 蓝色 色 白色 绿色 灰色 颜色,白色 蓝色 黄色 红色 黑色 灰色 颜色 色 绿色
2678,1,,0.0,0.0,灵,灵,灵,灵
2679,1,,0.0,0.0,灵通,灵通,灵通,灵通
2680,4,0.48217046152560794,0.03935810877338812,0.5,炸 爆 炒 轰,轰 炒 炸 爆,炸 炒 爆 轰,炸 爆 炒 轰
2681,2,0.5551810138479765,0.2066281427229302,0.0,炒股 股民,股民 炒股,股民 炒股,炒股 股民
2682,2,0.5548808356776006,0.2114379214112655,0.0,碳 炭,碳 炭,碳 炭,碳 炭
2683,1,,0.0,0.0,点,点,点,点
2684,1,,0.0,0.0,点击率,点击率,点击率,点击率
2685,1,,0.0,0.0,点名,点名,点名,点名
2686,1,,0.0,0.0,点子,点子,点子,点子
2687,3,0.49815757791407633,0.05345848280903041,0.3333333333333333,点火 点燃 着火,着火 点燃 点火,着火 点火 点燃,点火 点燃 着火
2688,3,0.44315239416340546,0.043266034207069835,0.6666666666666666,点评 要点 评,评 要点 点评,点评 要点 评,点评 要点 评
2689,1,,0.0,0.0,炼,炼,炼,炼
2690,6,0.6681124684166958,0.36414045434774606,0.0,焰火 烟花 爆竹 燃放 鞭炮 烟火,鞭炮 烟火 焰火 爆竹 燃放 烟花,烟火 烟花 焰火 燃放 爆竹 鞭炮,焰火 烟花 爆竹 燃放 鞭炮 烟火
2691,4,0.5184167793754847,0.059537306433219264,0.5,烧 燃烧 焚烧 熏,燃烧 熏 烧 焚烧,熏 烧 焚烧 燃烧,烧 燃烧 焚烧 熏
2692,1,,0.0,0.0,热,热,热,热
2693,1,,0.0,0.0,热带,热带,热带,热带
2694,1,,0.0,0.0,焦,焦,焦,焦
2695,1,,0.0,0.0,焦距,焦距,焦距,焦距
2696,1,,0.0,0.0,照例,照例,照例,照例
2697,3,0.549697814066353,0.16790084386081183,0.3333333333333333,牛 熊 马,马 熊 牛,熊 牛 马,牛 熊 马
2698,3,0.5454403419660618,0.10625772408426713,0.0,熟悉 陌生 耳熟能详,耳熟能详 陌生 熟悉,熟悉 耳熟能详 陌生,熟悉 陌生 耳熟能详
2699,2,0.5939947619452554,0.2508813706619102,0.0,精通 熟练,熟练 精通,精通 熟练,精通 熟练
2700,1,,0.0,0.0,爆发,爆发,爆发,爆发
2701,1,,0.0,0.0,爆满,爆满,爆满,爆满
2702,4,0.5334144033050913,0.05206787227452113,0.25,跑 跳 爬 走,爬 跑 走 跳,爬 跳 跑 走,跑 跳 爬 走
2703,1,,0.0,0.0,爱国,爱国,爱国,爱国
2704,2,0.5274392991860184,0.10811215149255274,0.0,爵士 绅士,绅士 爵士,爵士 绅士,爵士 绅士
2705,1,,0.0,0.0,片段,片段,片段,片段
2706,3,0.518692618443536,0.10809701894356379,0.0,车牌 车号 牌照,车号 牌照 车牌,牌照 车号 车牌,车牌 车号 牌照
2707,1,,0.0,0.0,牙,牙,牙,牙
2708,2,0.5580741517084136,0.20997211190419404,0.0,牢 筑,牢 筑,筑 牢,牢 筑
2709,3,0.4828304303503084,0.021651940987531343,0.6666666666666666,物品 物资 道具,道具 物资 物品,物品 道具 物资,物品 物资 道具
2710,1,,0.0,0.0,物质,物质,物质,物质
2711,1,,0.0,0.0,牵制,牵制,牵制,牵制
2712,1,,0.0,0.0,特,特,特,特
2713,2,0.5118919952378738,0.12758606195651515,0.0,特产 特色,特产 特色,特色 特产,特产 特色
2714,1,,0.0,0.0,特大,特大,特大,特大
2715,3,0.5574235038476318,0.16154408054645128,0.0,犯 罪 触犯,触犯 罪 犯,罪 犯 触犯,犯 罪 触犯
2716,1,,0.0,0.0,状元,状元,状元,状元
2717,1,,0.0,0.0,状态,状态,状态,状态
2718,5,0.5365999177194237,0.07779421279301002,0.2,疯狂 狂 狂热 狂欢 疯,狂欢 狂热 疯 疯狂 狂,疯狂 狂 疯 狂热 狂欢,疯狂 狂 狂热 狂欢 疯
2719,1,,0.0,0.0,独,独,独,独
2720,1,,0.0,0.0,独家,独家,独家,独家
2721,3,0.51706374820851,0.06132311184150654,0.0,独立自主 独立 自立,独立 自立 独立自主,独立 独立自主 自立,独立自主 独立 自立
2722,1,,0.0,0.0,猎犬,猎犬,猎犬,猎犬
2723,1,,0.0,0.0,猜,猜,猜,猜
2724,1,,0.0,0.0,献血,献血,献血,献血
2725,1,,0.0,0.0,玄,玄,玄,玄
2726,2,0.5717029984227758,0.21992862103877578,0.0,隐情 玄机,隐情 玄机,玄机 隐情,隐情 玄机
2727,1,,0.0,0.0,王牌,王牌,王牌,王牌
2728,1,,0.0,0.0,环,环,环,环
2729,1,,0.0,0.0,环球,环球,环球,环球
2730,2,0.6115250168843279,0.2964272277716373,0.0,绕 环绕,环绕 绕,绕 环绕,绕 环绕
2731,1,,0.0,0.0,现成,现成,现成,现成
2732,1,,0.0,0.0,现金,现金,现金,现金
2733,1,,0.0,0.0,理,理,理,理
2734,6,0.5017814725856833,0.046081596118340534,0.5,轻而易举 顺理成章 自然而然 理所当然 轻易 轻松,理所当然 轻松 轻易 自然而然 顺理成章 轻而易举,自然而然 轻而易举 轻易 轻松 理所当然 顺理成章,轻而易举 顺理成章 自然而然 理所当然 轻易 轻松
2735,3,0.5123185247760927,0.09976648895859169,0.0,雪 瑞雪 霜,霜 瑞雪 雪,霜 雪 瑞雪,雪 瑞雪 霜
2736,1,,0.0,0.0,甜头,甜头,甜头,甜头
2737,3,0.5099108794066242,0.04680166314508625,0.6666666666666666,生动 鲜活 逼真,逼真 鲜活 生动,鲜活 生动 逼真,生动 鲜活 逼真
2738,1,,0.0,0.0,生命线,生命线,生命线,生命线
2739,2,0.5226758120049958,0.15841104641614726,0.0,生存 生活,生活 生存,生活 生存,生存 生活
2740,1,,0.0,0.0,生态,生态,生态,生态
2741,1,,0.0,0.0,生日,生日,生日,生日
2742,1,,0.0,0.0,生育,生育,生育,生育
2743,3,0.5767272729285822,0.27162081670682964,0.0,用于 用来 用途,用途 用来 用于,用来 用于 用途,用于 用来 用途
2744,1,,0.0,0.0,用人,用人,用人,用人
2745,1,,0.0,0.0,用法,用法,用法,用法
2746,2,0.5202561292822222,0.15650536387803993,0.0,苗 田,田 苗,田 苗,苗 田
2747,1,,0.0,0.0,由,由,由,由
2748,1,,0.0,0.0,电,电,电,电
2749,1,,0.0,0.0,电子版,电子版,电子版,电子版
2750,3,0.44732453600750505,0.005230612535708834,0.3333333333333333,线路 路线 电线,电线 路线 线路,电线 线路 路线,线路 路线 电线
2751,2,0.5451054998786405,0.16063686394215682,0.0,画蛇添足 画龙点睛,画龙点睛 画蛇添足,画蛇添足 画龙点睛,画蛇添足 画龙点睛
2752,4,0.6319846765805339,0.292812678626517,0.0,通畅 畅通 顺畅 通顺,通顺 顺畅 畅通 通畅,顺畅 通顺 畅通 通畅,通畅 畅通 顺畅 通顺
2753,3,0.5208613746488097,0.17889127793565093,0.0,销量 畅销 销,销 销量 畅销,畅销 销 销量,销量 畅销 销
2754,1,,0.0,0.0,界,界,界,界
2755,3,0.486169647574155,0.05429886116580219,0.3333333333333333,穴位 部位 疗法,疗法 部位 穴位,疗法 部位 穴位,穴位 部位 疗法
2756,4,0.5306047626813669,0.1525581182266945,0.25,脚印 足迹 痕迹 轨迹,轨迹 痕迹 足迹 脚印,痕迹 脚印 足迹 轨迹,脚印 足迹 痕迹 轨迹
2757,1,,0.0,0.0,瘫痪,瘫痪,瘫痪,瘫痪
2758,1,,0.0,0.0,瘾,瘾,瘾,瘾
2759,1,,0.0,0.0,登,登,登,登
2760,1,,0.0,0.0,白白,白白,白白,白白
2761,6,0.5436486100862952,0.10733456041352908,0.16666666666666666,酒 白酒 葡萄酒 酒水 酿造 茅台,酿造 茅台 酒 酒水 葡萄酒 白酒,酿造 酒水 酒 葡萄酒 茅台 白酒,酒 白酒 葡萄酒 酒水 酿造 茅台
2762,1,,0.0,0.0,百分点,百分点,百分点,百分点
2763,1,,0.0,0.0,皮,皮,皮,皮
2764,2,0.5591693912985489,0.10039017280475157,0.0,禁区 皮球,皮球 禁区,禁区 皮球,禁区 皮球
2765,1,,0.0,0.0,监护,监护,监护,监护
2766,5,0.5860101582790783,0.21416247318066323,0.0,监控 跟踪 追踪 监视 监测,监测 监视 追踪 监控 跟踪,追踪 跟踪 监视 监测 监控,监控 跟踪 追踪 监视 监测
2767,1,,0.0,0.0,监狱,监狱,监狱,监狱
2768,1,,0.0,0.0,监管,监管,监管,监管
2769,3,0.4507182384563449,-0.04379049233800999,0.6666666666666666,罩 筒 盖,筒 盖 罩,筒 罩 盖,罩 筒 盖
2770,1,,0.0,0.0,盘,盘,盘,盘
2771,2,0.6452968081435719,0.3304770415271703,0.0,盛大 隆重,隆重 盛大,盛大 隆重,盛大 隆重
2772,2,0.6505684606952351,0.342586502795476,0.0,盛气凌人 目中无人,目中无人 盛气凌人,盛气凌人 目中无人,盛气凌人 目中无人
2773,1,,0.0,0.0,目的地,目的地,目的地,目的地
2774,1,,0.0,0.0,直,直,直,直
2775,2,0.6261433469472352,0.3735925983414454,0.0,间接 直接,直接 间接,间接 直接,间接 直接
2776,1,,0.0,0.0,直线,直线,直线,直线
2777,2,0.5700301942058992,0.24014813376376423,0.0,通往 直达,通往 直达,通往 直达,通往 直达
2778,1,,0.0,0.0,相对,相对,相对,相对
2779,2,0.6029775251733509,0.257546977540802,0.0,相当于 等于,相当于 等于,相当于 等于,相当于 等于
2780,4,0.5489701281199553,0.1625073390896089,0.0,相识 素不相识 萍水相逢 结识,萍水相逢 结识 相识 素不相识,相识 结识 素不相识 萍水相逢,相识 素不相识 萍水相逢 结识
2781,6,0.5224193362806437,0.04693000481705387,0.3333333333333333,相连 贯通 相通 连接 衔接 纵横交错,贯通 纵横交错 衔接 连接 相通 相连,贯通 连接 相通 相连 纵横交错 衔接,相连 贯通 相通 连接 衔接 纵横交错
2782,1,,0.0,0.0,省略,省略,省略,省略
2783,1,,0.0,0.0,看得见,看得见,看得见,看得见
2784,2,0.5394869324429854,0.1335439749862654,0.0,看管 管教,看管 管教,看管 管教,看管 管教
2785,1,,0.0,0.0,真正,真正,真正,真正
2786,2,0.5231167587281976,0.14087530004340804,0.0,道理 真理,道理 真理,真理 道理,道理 真理
2787,1,,0.0,0.0,真空,真空,真空,真空
2788,1,,0.0,0.0,眨眼,眨眼,眨眼,眨眼
2789,4,0.5450210938587284,0.13506755849630586,0.25,阅历 见识 眼界 资历,资历 眼界 见识 阅历,资历 阅历 眼界 见识,阅历 见识 眼界 资历
2790,2,0.6090562238311745,0.3004431854435029,0.0,眼看 转眼,转眼 眼看,眼看 转眼,眼看 转眼
2791,1,,0.0,0.0,眼红,眼红,眼红,眼红
2792,3,0.4155492479054734,-0.061332261985524016,0.6666666666666666,着眼 立足 着想,立足 着想 着眼,着眼 着想 立足,着眼 立足 着想
2793,1,,0.0,0.0,着落,着落,着落,着落
2794,2,0.5180312964618776,0.09543641999413871,0.0,睁 闭,睁 闭,睁 闭,睁 闭
2795,2,0.5994540132745733,0.2707519473799962,0.0,瞒 隐瞒,隐瞒 瞒,瞒 隐瞒,瞒 隐瞒
2796,1,,0.0,0.0,短暂,短暂,短暂,短暂
2797,2,0.5757468683664813,0.15894278172990367,0.0,研究所 研究,研究所 研究,研究所 研究,研究所 研究
2798,3,0.5063021512464431,0.08218987983122877,0.3333333333333333,突破 破 逼近,逼近 破 突破,破 突破 逼近,突破 破 逼近
2799,2,0.5456681207729961,0.21633803055387346,0.0,线索 破案,破案 线索,线索 破案,线索 破案
2800,2,0.5976855450119944,0.25422800516345956,0.0,碎 破碎,破碎 碎,碎 破碎,碎 破碎
2801,4,0.5376719760917738,-0.01659482262359105,0.75,配件 部件 设备 硬件,硬件 设备 部件 配件,部件 配件 硬件 设备,配件 部件 设备 硬件
2802,2,0.5814544144467266,0.2372769943039284,0.0,示范 试点,示范 试点,示范 试点,示范 试点
2803,1,,0.0,0.0,社,社,社,社
2804,1,,0.0,0.0,社会,社会,社会,社会
2805,1,,0.0,0.0,神,神,神,神
2806,1,,0.0,0.0,福,福,福,福
2807,3,0.7663301623159237,0.5478572862146268,0.0,距 距离 离,离 距离 距,距离 离 距,距 距离 离
2808,3,0.5206835397036943,0.10811894458433303,0.0,私人 私有 私营,私营 私有 私人,私营 私有 私人,私人 私有 私营
2809,2,0.5354386366107404,0.1398034247794095,0.0,项 种,种 项,种 项,项 种
2810,1,,0.0,0.0,种子,种子,种子,种子
2811,1,,0.0,0.0,科,科,科,科
2812,1,,0.0,0.0,科学,科学,科学,科学
2813,3,0.5570287973447857,0.17300124608927883,0.0,高科技 高新技术 科技,科技 高新技术 高科技,高科技 科技 高新技术,高科技 高新技术 科技
2814,1,,0.0,0.0,秤,秤,秤,秤
2815,1,,0.0,0.0,积,积,积,积
2816,2,0.7218825617984943,0.4591222042646119,0.0,积累 累积,累积 积累,累积 积累,积累 累积
2817,1,,0.0,0.0,移植,移植,移植,移植
2818,4,0.519029762868416,0.13350654853556113,0.0,黏 粘 稠 稀,稀 粘 黏 稠,稀 稠 粘 黏,黏 粘 稠 稀
2819,2,0.5220277159668611,0.06122583348355538,0.0,程度 限度,限度 程度,程度 限度,程度 限度
2820,2,0.5246065957399697,0.15225881043867698,0.0,稍后 稍候,稍后 稍候,稍候 稍后,稍后 稍候
2821,1,,0.0,0.0,稻草,稻草,稻草,稻草
2822,4,0.6154101080083203,0.1957261802214052,0.0,贫穷 贫困 穷 穷人,穷人 穷 贫困 贫穷,贫困 穷人 穷 贫穷,贫穷 贫困 穷 穷人
2823,3,0.5947757936454593,0.28534047290218995,0.0,空隙 间隙 空儿,空儿 间隙 空隙,间隙 空儿 空隙,空隙 间隙 空儿
2824,1,,0.0,0.0,空间,空间,空间,空间
2825,1,,0.0,0.0,穿小鞋,穿小鞋,穿小鞋,穿小鞋
2826,4,0.5165434605274025,0.06979582187172104,0.25,跨越 穿越 越过 跨,越过 跨 跨越 穿越,跨越 跨 越过 穿越,跨越 穿越 越过 跨
2827,1,,0.0,0.0,突击,突击,突击,突击
2828,1,,0.0,0.0,突发,突发,突发,突发
2829,2,0.5340077121538653,0.10776596131786856,0.0,突如其来 莫名其妙,突如其来 莫名其妙,突如其来 莫名其妙,突如其来 莫名其妙
2830,1,,0.0,0.0,窗口,窗口,窗口,窗口
2831,1,,0.0,0.0,窝,窝,窝,窝
2832,1,,0.0,0.0,立,立,立,立
2833,1,,0.0,0.0,竞赛,竞赛,竞赛,竞赛
2834,3,0.5113180942854991,0.11270667015712417,0.3333333333333333,章 节 篇,篇 节 章,篇 章 节,章 节 篇
2835,1,,0.0,0.0,端正,端正,端正,端正
2836,2,0.5052967764225949,0.08169615614992391,0.0,资料 第一手,资料 第一手,资料 第一手,资料 第一手
2837,1,,0.0,0.0,笼子,笼子,笼子,笼子
2838,2,0.5520590697254971,0.2094021192627437,0.0,笼罩 阴影,阴影 笼罩,笼罩 阴影,笼罩 阴影
2839,3,0.6188313420292544,0.3549951843276977,0.0,级别 等级 级,级 等级 级别,级 等级 级别,级别 等级 级
2840,1,,0.0,0.0,筋,筋,筋,筋
2841,1,,0.0,0.0,答辩,答辩,答辩,答辩
2842,2,0.5080227743469088,0.061642791967722634,0.5,策划 筹划,筹划 策划,策划 筹划,策划 筹划
2843,4,0.5237201114647969,0.03698109063877847,0.5,筹集 筹措 资助 筹,资助 筹 筹集 筹措,筹 资助 筹集 筹措,筹集 筹措 资助 筹
2844,2,0.5547751489860113,0.15025330852007426,0.0,筹备 酝酿,筹备 酝酿,酝酿 筹备,筹备 酝酿
2845,1,,0.0,0.0,筹码,筹码,筹码,筹码
2846,2,0.6367788167046373,0.3868292647839958,0.0,精简 简化,简化 精简,简化 精简,精简 简化
2847,1,,0.0,0.0,简历,简历,简历,简历
2848,1,,0.0,0.0,简易,简易,简易,简易
2849,1,,0.0,0.0,算盘,算盘,算盘,算盘
2850,4,0.47897745344248954,0.04956535617007173,0.25,精打细算 节俭 节衣缩食 算计,算计 节俭 节衣缩食 精打细算,算计 精打细算 节衣缩食 节俭,精打细算 节俭 节衣缩食 算计
2851,2,0.524536573142972,0.1652420246125259,0.0,账 算账,算账 账,算账 账,账 算账
2852,1,,0.0,0.0,管,管,管,管
2853,1,,0.0,0.0,管家,管家,管家,管家
2854,1,,0.0,0.0,管理,管理,管理,管理
2855,1,,0.0,0.0,管辖,管辖,管辖,管辖
2856,1,,0.0,0.0,篇幅,篇幅,篇幅,篇幅
2857,1,,0.0,0.0,簇拥,簇拥,簇拥,簇拥
2858,1,,0.0,0.0,粉,粉,粉,粉
2859,2,0.6048226948896878,0.26337470582255296,0.0,颗 粒,颗 粒,粒 颗,颗 粒
2860,2,0.5951152408529201,0.2642601406247851,0.0,粗 细,粗 细,粗 细,粗 细
2861,2,0.5070612260164034,0.09889157596580303,0.0,精练 精,精练 精,精 精练,精练 精
2862,1,,0.0,0.0,精品,精品,精品,精品
2863,1,,0.0,0.0,精益求精,精益求精,精益求精,精益求精
2864,1,,0.0,0.0,精英,精英,精英,精英
2865,1,,0.0,0.0,系,系,系,系
2866,1,,0.0,0.0,系列,系列,系列,系列
2867,1,,0.0,0.0,系统,系统,系统,系统
2868,1,,0.0,0.0,素,素,素,素
2869,2,0.5466839436952833,0.15802452744030138,0.0,素材 题材,题材 素材,题材 素材,素材 题材
2870,1,,0.0,0.0,索取,索取,索取,索取
2871,1,,0.0,0.0,紧凑,紧凑,紧凑,紧凑
2872,1,,0.0,0.0,红眼,红眼,红眼,红眼
2873,1,,0.0,0.0,纪实,纪实,纪实,纪实
2874,2,0.7183816991727843,0.49757475948517776,0.0,经度 纬度,纬度 经度,纬度 经度,经度 纬度
2875,1,,0.0,0.0,纯,纯,纯,纯
2876,1,,0.0,0.0,纳闷儿,纳闷儿,纳闷儿,纳闷儿
2877,1,,0.0,0.0,纸,纸,纸,纸
2878,1,,0.0,0.0,线,线,线,线
2879,1,,0.0,0.0,组合,组合,组合,组合
2880,1,,0.0,0.0,组织,组织,组织,组织
2881,1,,0.0,0.0,细节,细节,细节,细节
2882,1,,0.0,0.0,经典,经典,经典,经典
2883,2,0.5210064704840487,0.11266295895980324,0.0,经济 经贸,经济 经贸,经贸 经济,经济 经贸
2884,2,0.5589544918013809,0.16668698858803904,0.0,经营 营业,营业 经营,营业 经营,经营 营业
2885,1,,0.0,0.0,结,结,结,结
2886,3,0.4952305947865879,0.11697955144207052,0.0,结合 融合 配合,配合 融合 结合,配合 融合 结合,结合 融合 配合
2887,4,0.5085203083202195,0.0647503024383483,0.25,行驶 绕行 通行 路况,绕行 路况 通行 行驶,绕行 通行 路况 行驶,行驶 绕行 通行 路况
2888,1,,0.0,0.0,绝缘,绝缘,绝缘,绝缘
2889,1,,0.0,0.0,统一,统一,统一,统一
2890,1,,0.0,0.0,统筹,统筹,统筹,统筹
2891,1,,0.0,0.0,续,续,续,续
2892,1,,0.0,0.0,综合,综合,综合,综合
2893,2,0.6211268809687117,0.2628763925371692,0.0,绿化 美化,绿化 美化,绿化 美化,绿化 美化
2894,1,,0.0,0.0,编,编,编,编
2895,1,,0.0,0.0,编排,编排,编排,编排
2896,2,0.5261410766078296,0.1050407161396617,0.0,针 缝,针 缝,缝 针,针 缝
2897,2,0.5730856369856073,0.25369678842516136,0.0,表 缩,缩 表,缩 表,表 缩
2898,1,,0.0,0.0,缸,缸,缸,缸
2899,1,,0.0,0.0,网,网,网,网
2900,1,,0.0,0.0,罗,罗,罗,罗
2901,2,0.8015556677997456,0.6558903313452713,0.0,而已 罢了,罢了 而已,罢了 而已,而已 罢了
2902,1,,0.0,0.0,置,置,置,置
2903,1,,0.0,0.0,美,美,美,美
2904,1,,0.0,0.0,美中不足,美中不足,美中不足,美中不足
2905,3,0.6842128325272862,0.4098222761218068,0.0,美元 美金 英镑,英镑 美金 美元,英镑 美元 美金,美元 美金 英镑
2906,3,0.5661362437919223,0.23385907229133931,0.0,飞翔 翅膀 飞,飞 飞翔 翅膀,飞翔 飞 翅膀,飞翔 翅膀 飞
2907,2,0.5081048443605982,0.13648668668268454,0.0,翻番 翻,翻番 翻,翻 翻番,翻番 翻
2908,1,,0.0,0.0,老,老,老,老
2909,4,0.4529689066464528,-0.021434822106711087,0.75,老人 老年 高龄 让座,让座 老年 高龄 老人,老人 老年 高龄 让座,老人 老年 高龄 让座
2910,2,0.5280025135442783,0.12545246316808545,0.0,老大 老板,老板 老大,老大 老板,老大 老板
2911,1,,0.0,0.0,老字号,老字号,老字号,老字号
2912,1,,0.0,0.0,老远,老远,老远,老远
2913,1,,0.0,0.0,者,者,者,者
2914,2,0.5527631048338049,0.18493168848087896,0.0,能耐 耐,能耐 耐,耐 能耐,能耐 耐
2915,1,,0.0,0.0,耳光,耳光,耳光,耳光
2916,1,,0.0,0.0,耳目一新,耳目一新,耳目一新,耳目一新
2917,1,,0.0,0.0,联合国,联合国,联合国,联合国
2918,1,,0.0,0.0,联想,联想,联想,联想
2919,1,,0.0,0.0,联网,联网,联网,联网
2920,3,0.5183678240617102,0.13175541695186718,0.0,股 股票 股份,股份 股票 股,股票 股份 股,股 股票 股份
2921,1,,0.0,0.0,股东,股东,股东,股东
2922,1,,0.0,0.0,肩,肩,肩,肩
2923,2,0.5146571572098009,0.14163487572268577,0.0,舍得 肯,舍得 肯,肯 舍得,舍得 肯
2924,2,0.6291321489964017,0.3198004970532171,0.0,胃口 食欲,胃口 食欲,食欲 胃口,胃口 食欲
2925,2,0.5134591926165193,0.1469797819043724,0.0,胆 胆子,胆子 胆,胆子 胆,胆 胆子
2926,2,0.5561231767060415,0.1557810939750389,0.0,胎 轮胎,轮胎 胎,轮胎 胎,胎 轮胎
2927,1,,0.0,0.0,胜任,胜任,胜任,胜任
2928,1,,0.0,0.0,胜利,胜利,胜利,胜利
2929,1,,0.0,0.0,胶带,胶带,胶带,胶带
2930,1,,0.0,0.0,胶水,胶水,胶水,胶水
2931,1,,0.0,0.0,脊梁,脊梁,脊梁,脊梁
2932,1,,0.0,0.0,脱,脱,脱,脱
2933,2,0.590869260313984,0.2625866085429661,0.0,脱离 远离,远离 脱离,远离 脱离,脱离 远离
2934,1,,0.0,0.0,脱颖而出,脱颖而出,脱颖而出,脱颖而出
2935,1,,0.0,0.0,腐蚀,腐蚀,腐蚀,腐蚀
2936,1,,0.0,0.0,腔,腔,腔,腔
2937,1,,0.0,0.0,腾,腾,腾,腾
2938,1,,0.0,0.0,膜,膜,膜,膜
2939,2,0.5355301900119421,0.10681104362804819,0.0,自主 自行,自行 自主,自行 自主,自主 自行
2940,5,0.6022756035202981,0.22911985374194477,0.0,自信心 自尊心 自尊 自信 责任感,责任感 自信 自信心 自尊 自尊心,自尊心 自信 自尊 责任感 自信心,自信心 自尊心 自尊 自信 责任感
2941,1,,0.0,0.0,自助,自助,自助,自助
2942,2,0.6024008045526003,0.25237177768732044,0.0,自卫 防卫,防卫 自卫,防卫 自卫,自卫 防卫
2943,2,0.5413880966607004,0.20269271275607642,0.0,自愿 自发,自愿 自发,自愿 自发,自愿 自发
2944,1,,0.0,0.0,自如,自如,自如,自如
2945,1,,0.0,0.0,自始至终,自始至终,自始至终,自始至终
2946,2,0.5059335767243198,0.0803066059598995,0.0,自身 自我,自我 自身,自身 自我,自身 自我
2947,1,,0.0,0.0,自杀,自杀,自杀,自杀
2948,1,,0.0,0.0,自理,自理,自理,自理
2949,1,,0.0,0.0,自相矛盾,自相矛盾,自相矛盾,自相矛盾
2950,2,0.5921955316120739,0.23500154084171893,0.0,骑 自行车,骑 自行车,骑 自行车,骑 自行车
2951,2,0.510548617661701,0.07464869448748104,0.0,自觉 觉悟,自觉 觉悟,觉悟 自觉,自觉 觉悟
2952,1,,0.0,0.0,自负,自负,自负,自负
2953,2,0.7437464216166283,0.5353382528690713,0.0,起码 至少,起码 至少,至少 起码,起码 至少
2954,1,,0.0,0.0,致,致,致,致
2955,1,,0.0,0.0,致命,致命,致命,致命
2956,1,,0.0,0.0,舵手,舵手,舵手,舵手
2957,1,,0.0,0.0,良,良,良,良
2958,2,0.501603042486841,0.11025375490741839,0.0,良心 黑心,黑心 良心,良心 黑心,良心 黑心
2959,1,,0.0,0.0,节气,节气,节气,节气
2960,2,0.507562964417368,0.08957565657175087,0.0,豆子 芝麻,豆子 芝麻,芝麻 豆子,豆子 芝麻
2961,1,,0.0,0.0,芯片,芯片,芯片,芯片
2962,1,,0.0,0.0,花样,花样,花样,花样
2963,1,,0.0,0.0,若干,若干,若干,若干
2964,1,,0.0,0.0,英雄,英雄,英雄,英雄
2965,1,,0.0,0.0,苹果,苹果,苹果,苹果
2966,1,,0.0,0.0,茶道,茶道,茶道,茶道
2967,1,,0.0,0.0,草,草,草,草
2968,1,,0.0,0.0,荒,荒,荒,荒
2969,1,,0.0,0.0,获,获,获,获
2970,1,,0.0,0.0,获悉,获悉,获悉,获悉
2971,2,0.5449672501326672,0.1672075978641756,0.0,菜单 选项,菜单 选项,菜单 选项,菜单 选项
2972,2,0.6568670352109249,0.37651631628412974,0.0,萌芽 萌发,萌发 萌芽,萌发 萌芽,萌芽 萌发
2973,2,0.5388027965781168,0.1834652250486195,0.0,落 落下,落 落下,落下 落,落 落下
2974,1,,0.0,0.0,落地,落地,落地,落地
2975,1,,0.0,0.0,蒙,蒙,蒙,蒙
2976,1,,0.0,0.0,蓝天,蓝天,蓝天,蓝天
2977,6,0.5699353251831469,0.1333139557019207,0.0,躲藏 藏身 藏匿 隐蔽 隐藏 隐身,隐身 隐蔽 隐藏 躲藏 藏身 藏匿,躲藏 藏身 藏匿 隐身 隐藏 隐蔽,躲藏 藏身 藏匿 隐蔽 隐藏 隐身
2978,4,0.5454620592325865,0.13514450404449857,0.0,虎 豹 鹿 鹰,鹿 鹰 豹 虎,鹰 鹿 虎 豹,虎 豹 鹿 鹰
2979,1,,0.0,0.0,虚,虚,虚,虚
2980,1,,0.0,0.0,蜜月,蜜月,蜜月,蜜月
2981,2,0.5249317934929004,0.08926043822342272,0.0,融洽 默契,融洽 默契,默契 融洽,融洽 默契
2982,1,,0.0,0.0,行,行,行,行
2983,1,,0.0,0.0,行列,行列,行列,行列
2984,1,,0.0,0.0,行情,行情,行情,行情
2985,2,0.5628469057166332,0.20350496452522338,0.0,走路 行走,走路 行走,行走 走路,走路 行走
2986,1,,0.0,0.0,衍生,衍生,衍生,衍生
2987,1,,0.0,0.0,补,补,补,补
2988,1,,0.0,0.0,补充,补充,补充,补充
2989,1,,0.0,0.0,表面,表面,表面,表面
2990,2,0.5296006557417187,0.13618980700175926,0.0,衰减 衰竭,衰竭 衰减,衰竭 衰减,衰减 衰竭
2991,1,,0.0,0.0,袖珍,袖珍,袖珍,袖珍
2992,1,,0.0,0.0,被,被,被,被
2993,1,,0.0,0.0,裁,裁,裁,裁
2994,1,,0.0,0.0,裁判,裁判,裁判,裁判
2995,2,0.512479527229459,0.052807253779673505,0.0,逼 装,装 逼,逼 装,逼 装
2996,1,,0.0,0.0,装备,装备,装备,装备
2997,1,,0.0,0.0,装置,装置,装置,装置
2998,1,,0.0,0.0,要害,要害,要害,要害
2999,2,0.5091998324706624,0.16419392600601668,0.0,请求 要求,请求 要求,请求 要求,请求 要求
3000,1,,0.0,0.0,见义勇为,见义勇为,见义勇为,见义勇为
3001,1,,0.0,0.0,见仁见智,见仁见智,见仁见智,见仁见智
3002,1,,0.0,0.0,见外,见外,见外,见外
3003,1,,0.0,0.0,观察,观察,观察,观察
3004,2,0.5783486932460191,0.25076135098188446,0.0,计划 规划,计划 规划,规划 计划,计划 规划
3005,3,0.5366782634289898,0.06193057514316134,0.3333333333333333,规则 规定 规范,规则 规范 规定,规范 规定 规则,规则 规定 规范
3006,1,,0.0,0.0,视觉,视觉,视觉,视觉
3007,2,0.7133966035361103,0.4781873260046232,0.0,角度 视角,视角 角度,视角 角度,角度 视角
3008,1,,0.0,0.0,觉,觉,觉,觉
3009,1,,0.0,0.0,角,角,角,角
3010,1,,0.0,0.0,角落,角落,角落,角落
3011,2,0.5301157489241437,0.14263047650504307,0.0,解 解开,解开 解,解开 解,解 解开
3012,1,,0.0,0.0,解剖,解剖,解剖,解剖
3013,1,,0.0,0.0,解放,解放,解放,解放
3014,1,,0.0,0.0,解脱,解脱,解脱,解脱
3015,4,0.5074703598945515,0.04267235747413703,0.5,讲解 解说 解释 讲,解释 讲 讲解 解说,讲解 讲 解释 解说,讲解 解说 解释 讲
3016,1,,0.0,0.0,触目惊心,触目惊心,触目惊心,触目惊心
3017,4,0.5871983436523737,0.18406769778415963,0.0,言语 话语 言辞 说话,说话 言辞 话语 言语,言语 言辞 话语 说话,言语 话语 言辞 说话
3018,1,,0.0,0.0,警钟,警钟,警钟,警钟
3019,2,0.5544331405434443,0.14467566083166306,0.0,软件 计算机,计算机 软件,软件 计算机,软件 计算机
3020,5,0.5865231753313658,0.19978634986606456,0.0,预订 预定 订购 订 预约,订购 预约 订 预订 预定,订购 订 预约 预定 预订,预订 预定 订购 订 预约
3021,1,,0.0,0.0,订单,订单,订单,订单
3022,2,0.5407371110486079,0.1568267770182156,0.0,认得 认,认得 认,认 认得,认得 认
3023,1,,0.0,0.0,认证,认证,认证,认证
3024,1,,0.0,0.0,讨,讨,讨,讨
3025,2,0.5189172117497408,0.07959075268847306,0.0,迁就 讨好,讨好 迁就,讨好 迁就,迁就 讨好
3026,1,,0.0,0.0,训,训,训,训
3027,1,,0.0,0.0,记,记,记,记
3028,2,0.5371856962749413,0.09900533286540067,0.0,采访 记者,记者 采访,采访 记者,采访 记者
3029,1,,0.0,0.0,许,许,许,许
3030,3,0.6130866627408739,0.2670143324047115,0.0,设置 设 设定,设定 设 设置,设 设置 设定,设置 设 设定
3031,2,0.5426141604639141,0.17232437725665053,0.0,配套 设施,设施 配套,配套 设施,配套 设施
3032,1,,0.0,0.0,证,证,证,证
3033,2,0.5392664911587473,0.10569203807263217,0.0,评估 评价,评估 评价,评价 评估,评估 评价
3034,1,,0.0,0.0,识,识,识,识
3035,1,,0.0,0.0,译,译,译,译
3036,1,,0.0,0.0,试用,试用,试用,试用
3037,1,,0.0,0.0,试用期,试用期,试用期,试用期
3038,1,,0.0,0.0,话费,话费,话费,话费
3039,3,0.49863596971953134,0.09208863894666676,0.3333333333333333,这些 那些 该,该 那些 这些,那些 这些 该,这些 那些 该
3040,2,0.5650712984740652,0.2111742479991105,0.0,迷惑 误导,误导 迷惑,误导 迷惑,迷惑 误导
3041,3,0.5022931978976953,0.09405599557286105,0.0,诱惑 诱人 诱饵,诱饵 诱人 诱惑,诱惑 诱人 诱饵,诱惑 诱人 诱饵
3042,1,,0.0,0.0,说干就干,说干就干,说干就干,说干就干
3043,2,0.5111342195957582,0.09335749412358577,0.0,走后门 说情,说情 走后门,走后门 说情,走后门 说情
3044,1,,0.0,0.0,说明书,说明书,说明书,说明书
3045,1,,0.0,0.0,请进,请进,请进,请进
3046,1,,0.0,0.0,课题,课题,课题,课题
3047,1,,0.0,0.0,谅解,谅解,谅解,谅解
3048,4,0.5688170329006917,0.1445418739951172,0.0,谜 谜团 谜底 谜语,谜语 谜团 谜底 谜,谜语 谜底 谜团 谜,谜 谜团 谜底 谜语
3049,1,,0.0,0.0,谱,谱,谱,谱
3050,1,,0.0,0.0,豁,豁,豁,豁
3051,1,,0.0,0.0,豁出去,豁出去,豁出去,豁出去
3052,3,0.4967375094217106,0.06005285727433362,0.0,财产 资产 财富,资产 财富 财产,资产 财富 财产,财产 资产 财富
3053,1,,0.0,0.0,财经,财经,财经,财经
3054,1,,0.0,0.0,货,货,货,货
3055,1,,0.0,0.0,贫富,贫富,贫富,贫富
3056,2,0.590527017716062,0.27068748870849224,0.0,购 购买,购买 购,购 购买,购 购买
3057,1,,0.0,0.0,贯穿,贯穿,贯穿,贯穿
3058,3,0.5492355107824555,0.17493056998539788,0.0,靠近 走近 贴近,靠近 贴近 走近,靠近 贴近 走近,靠近 走近 贴近
3059,2,0.5004065392023557,0.03452503410371108,0.5,送行 贵宾,送行 贵宾,贵宾 送行,送行 贵宾
3060,1,,0.0,0.0,资本,资本,资本,资本
3061,1,,0.0,0.0,资格,资格,资格,资格
3062,1,,0.0,0.0,资深,资深,资深,资深
3063,1,,0.0,0.0,资源,资源,资源,资源
3064,1,,0.0,0.0,资讯,资讯,资讯,资讯
3065,1,,0.0,0.0,资金,资金,资金,资金
3066,1,,0.0,0.0,赋予,赋予,赋予,赋予
3067,1,,0.0,0.0,赎,赎,赎,赎
3068,1,,0.0,0.0,赖,赖,赖,赖
3069,2,0.562656633861827,0.19267529417932885,0.0,长跑 赛跑,赛跑 长跑,长跑 赛跑,长跑 赛跑
3070,1,,0.0,0.0,赛车,赛车,赛车,赛车
3071,2,0.6380819821836683,0.3819132178659454,0.0,输 赢,赢 输,赢 输,输 赢
3072,2,0.7607448329989656,0.5938759329204593,0.0,输家 赢家,输家 赢家,输家 赢家,输家 赢家
3073,1,,0.0,0.0,走廊,走廊,走廊,走廊
3074,1,,0.0,0.0,走过场,走过场,走过场,走过场
3075,4,0.6316292824842836,0.33141242862102516,0.0,赶不上 跟不上 跟上 赶上,跟不上 赶上 赶不上 跟上,赶不上 跟上 赶上 跟不上,赶不上 跟不上 跟上 赶上
3076,1,,0.0,0.0,起,起,起,起
3077,1,,0.0,0.0,起步,起步,起步,起步
3078,1,,0.0,0.0,超前,超前,超前,超前
3079,1,,0.0,0.0,超级,超级,超级,超级
3080,1,,0.0,0.0,越,越,越,越
3081,1,,0.0,0.0,足,足,足,足
3082,1,,0.0,0.0,跑龙套,跑龙套,跑龙套,跑龙套
3083,4,0.5345981714702591,0.1253662065498139,0.25,跟随 追随 随 附和,附和 随 跟随 追随,追随 跟随 附和 随,跟随 追随 随 附和
3084,1,,0.0,0.0,跨国,跨国,跨国,跨国
3085,3,0.5122307687598348,0.12797158425276076,0.0,顺路 顺便 路过,顺便 路过 顺路,顺路 顺便 路过,顺路 顺便 路过
3086,4,0.5114308916864209,0.057925652685223,0.25,闪烁 跳动 跳跃 闪,闪 闪烁 跳跃 跳动,闪烁 跳跃 闪 跳动,闪烁 跳动 跳跃 闪
3087,1,,0.0,0.0,跳水,跳水,跳水,跳水
3088,2,0.6250723671301094,0.325408311326585,0.0,踏 踩,踏 踩,踏 踩,踏 踩
3089,1,,0.0,0.0,身价,身价,身价,身价
3090,1,,0.0,0.0,身份,身份,身份,身份
3091,3,0.5794611773313851,0.243586968738062,0.0,车轮 轮子 车轴,车轮 车轴 轮子,轮子 车轮 车轴,车轮 轮子 车轴
3092,1,,0.0,0.0,轨道,轨道,轨道,轨道
3093,1,,0.0,0.0,转,转,转,转
3094,2,0.5046865994498573,0.10100970023560978,0.0,重心 转向,转向 重心,重心 转向,重心 转向
3095,1,,0.0,0.0,转移,转移,转移,转移
3096,1,,0.0,0.0,转载,转载,转载,转载
3097,1,,0.0,0.0,轮,轮,轮,轮
3098,2,0.6167942770101075,0.3653410525023765,0.0,轻 重,重 轻,重 轻,轻 重
3099,1,,0.0,0.0,辅助,辅助,辅助,辅助
3100,1,,0.0,0.0,辐射,辐射,辐射,辐射
3101,2,0.6546291028227786,0.42590720296481643,0.0,输入 输出,输出 输入,输出 输入,输入 输出
3102,1,,0.0,0.0,输血,输血,输血,输血
3103,1,,0.0,0.0,辩,辩,辩,辩
3104,2,0.7715524132978682,0.5743086665037216,0.0,辩解 辩护,辩护 辩解,辩护 辩解,辩解 辩护
3105,2,0.5597032967943218,0.21791108531488176,0.0,边境 边疆,边境 边疆,边疆 边境,边境 边疆
3106,1,,0.0,0.0,边缘,边缘,边缘,边缘
3107,1,,0.0,0.0,过关,过关,过关,过关
3108,1,,0.0,0.0,过半,过半,过半,过半
3109,2,0.6018157094148797,0.30031918946737085,0.0,过去 过往,过去 过往,过往 过去,过去 过往
3110,1,,0.0,0.0,过奖,过奖,过奖,过奖
3111,1,,0.0,0.0,过时,过时,过时,过时
3112,1,,0.0,0.0,过渡,过渡,过渡,过渡
3113,4,0.4964730984829487,0.02248335527649307,0.5,高超 高明 高尚 过硬,高尚 过硬 高超 高明,高超 高明 高尚 过硬,高超 高明 高尚 过硬
3114,1,,0.0,0.0,迈,迈,迈,迈
3115,2,0.6108702161461774,0.3256106585946101,0.0,迎 迎接,迎接 迎,迎 迎接,迎 迎接
3116,4,0.6124696397773538,0.2737453644295296,0.0,运作 运行 运转 运营,运营 运作 运转 运行,运作 运转 运行 运营,运作 运行 运转 运营
3117,1,,0.0,0.0,还原,还原,还原,还原
3118,3,0.49510025431601495,0.04649724924165988,0.6666666666666666,遥远 远方 远,远 远方 遥远,遥远 远 远方,遥远 远方 远
3119,2,0.5589013681933452,0.1885921826065333,0.0,遥控 远程,远程 遥控,远程 遥控,遥控 远程
3120,1,,0.0,0.0,远见,远见,远见,远见
3121,2,0.5552566678853821,0.18356451063811496,0.0,逾期 违约,逾期 违约,逾期 违约,逾期 违约
3122,1,,0.0,0.0,迟,迟,迟,迟
3123,3,0.481685392361165,0.07793483480763243,0.3333333333333333,迷路 迷失 问路,问路 迷失 迷路,迷路 迷失 问路,迷路 迷失 问路
3124,1,,0.0,0.0,追溯,追溯,追溯,追溯
3125,1,,0.0,0.0,退出,退出,退出,退出
3126,1,,0.0,0.0,逆,逆,逆,逆
3127,1,,0.0,0.0,透支,透支,透支,透支
3128,1,,0.0,0.0,透明,透明,透明,透明
3129,1,,0.0,0.0,通,通,通,通
3130,1,,0.0,0.0,通俗,通俗,通俗,通俗
3131,1,,0.0,0.0,通用,通用,通用,通用
3132,1,,0.0,0.0,通缉,通缉,通缉,通缉
3133,1,,0.0,0.0,通道,通道,通道,通道
3134,1,,0.0,0.0,造福,造福,造福,造福
3135,1,,0.0,0.0,逢,逢,逢,逢
3136,1,,0.0,0.0,遂心,遂心,遂心,遂心
3137,2,0.5571324954760193,0.19687805934102975,0.0,遍地 遍,遍 遍地,遍地 遍,遍地 遍
3138,3,0.525153890869947,0.15119405998346006,0.0,遗嘱 遗愿 遗产,遗产 遗愿 遗嘱,遗产 遗嘱 遗愿,遗嘱 遗愿 遗产
3139,2,0.6352342952318737,0.34500524080777467,0.0,邮局 邮政,邮局 邮政,邮局 邮政,邮局 邮政
3140,1,,0.0,0.0,部,部,部,部
3141,1,,0.0,0.0,部署,部署,部署,部署
3142,1,,0.0,0.0,酌情,酌情,酌情,酌情
3143,2,0.5511979142349175,0.1940943944307187,0.0,配置 配备,配置 配备,配置 配备,配置 配备
3144,1,,0.0,0.0,酒精,酒精,酒精,酒精
3145,1,,0.0,0.0,酒鬼,酒鬼,酒鬼,酒鬼
3146,1,,0.0,0.0,酷,酷,酷,酷
3147,1,,0.0,0.0,酸,酸,酸,酸
3148,1,,0.0,0.0,采,采,采,采
3149,1,,0.0,0.0,释放,释放,释放,释放
3150,1,,0.0,0.0,重新,重新,重新,重新
3151,1,,0.0,0.0,野,野,野,野
3152,2,0.5296892143723422,0.16153440507003097,0.0,银 金,金 银,金 银,银 金
3153,1,,0.0,0.0,金子,金子,金子,金子
3154,1,,0.0,0.0,金字塔,金字塔,金字塔,金字塔
3155,6,0.5856323526858377,0.16704156732135259,0.16666666666666666,铜 铅 铝 锡 金属 钢,金属 钢 铜 锡 铝 铅,金属 锡 钢 铝 铜 铅,铜 铅 铝 锡 金属 钢
3156,2,0.5143664877060186,0.11189533122801662,0.0,锁 钥匙,锁 钥匙,锁 钥匙,锁 钥匙
3157,1,,0.0,0.0,钻,钻,钻,钻
3158,1,,0.0,0.0,铁,铁,铁,铁
3159,1,,0.0,0.0,铺,铺,铺,铺
3160,1,,0.0,0.0,铺路,铺路,铺路,铺路
3161,1,,0.0,0.0,销毁,销毁,销毁,销毁
3162,1,,0.0,0.0,锁定,锁定,锁定,锁定
3163,1,,0.0,0.0,锈,锈,锈,锈
3164,1,,0.0,0.0,锤子,锤子,锤子,锤子
3165,1,,0.0,0.0,镜子,镜子,镜子,镜子
3166,1,,0.0,0.0,长城,长城,长城,长城
3167,1,,0.0,0.0,长寿,长寿,长寿,长寿
3168,1,,0.0,0.0,长征,长征,长征,长征
3169,1,,0.0,0.0,长效,长效,长效,长效
3170,1,,0.0,0.0,长足,长足,长足,长足
3171,1,,0.0,0.0,门当户对,门当户对,门当户对,门当户对
3172,1,,0.0,0.0,门槛,门槛,门槛,门槛
3173,1,,0.0,0.0,闪电,闪电,闪电,闪电
3174,1,,0.0,0.0,闯,闯,闯,闯
3175,1,,0.0,0.0,闲,闲,闲,闲
3176,2,0.5582884264701342,0.20540492184558604,0.0,隔 间隔,隔 间隔,间隔 隔,隔 间隔
3177,1,,0.0,0.0,闸,闸,闸,闸
3178,1,,0.0,0.0,队形,队形,队形,队形
3179,5,0.5211971791155776,0.08478201494014118,0.4,防 防范 预防 防护 防盗,防盗 防护 防范 预防 防,防护 防盗 防 防范 预防,防 防范 预防 防护 防盗
3180,1,,0.0,0.0,防火墙,防火墙,防火墙,防火墙
3181,1,,0.0,0.0,阳光,阳光,阳光,阳光
3182,2,0.8785785645119271,0.7878342293822266,0.0,阴性 阳性,阴性 阳性,阳性 阴性,阴性 阳性
3183,1,,0.0,0.0,阴,阴,阴,阴
3184,1,,0.0,0.0,阵容,阵容,阵容,阵容
3185,1,,0.0,0.0,阵营,阵营,阵营,阵营
3186,1,,0.0,0.0,阶梯,阶梯,阶梯,阶梯
3187,3,0.540666870037041,0.1963034657776003,0.0,附加 附带 额外,附带 额外 附加,额外 附加 附带,附加 附带 额外
3188,1,,0.0,0.0,附属,附属,附属,附属
3189,1,,0.0,0.0,降温,降温,降温,降温
3190,1,,0.0,0.0,除外,除外,除外,除外
3191,1,,0.0,0.0,随大溜,随大溜,随大溜,随大溜
3192,1,,0.0,0.0,随时随地,随时随地,随时随地,随时随地
3193,1,,0.0,0.0,随机,随机,随机,随机
3194,2,0.593295147337237,0.2770861345771088,0.0,隐形 隐性,隐形 隐性,隐性 隐形,隐形 隐性
3195,2,0.5338399274976693,0.18462592950297105,0.0,风险 隐患,隐患 风险,风险 隐患,风险 隐患
3196,2,0.5633279124366346,0.16114103618167697,0.0,隔离 隔开,隔开 隔离,隔离 隔开,隔离 隔开
3197,1,,0.0,0.0,集,集,集,集
3198,1,,0.0,0.0,集体,集体,集体,集体
3199,1,,0.0,0.0,集团,集团,集团,集团
3200,1,,0.0,0.0,集资,集资,集资,集资
3201,3,0.5470669772828166,0.17615022088532065,0.0,雇佣 雇 雇主,雇主 雇佣 雇,雇 雇佣 雇主,雇佣 雇 雇主
3202,1,,0.0,0.0,雪上加霜,雪上加霜,雪上加霜,雪上加霜
3203,1,,0.0,0.0,零,零,零,零
3204,1,,0.0,0.0,雾,雾,雾,雾
3205,1,,0.0,0.0,震,震,震,震
3206,1,,0.0,0.0,露天,露天,露天,露天
3207,1,,0.0,0.0,非金属,非金属,非金属,非金属
3208,1,,0.0,0.0,面临,面临,面临,面临
3209,1,,0.0,0.0,面向,面向,面向,面向
3210,1,,0.0,0.0,面目全非,面目全非,面目全非,面目全非
3211,1,,0.0,0.0,面貌,面貌,面貌,面貌
3212,1,,0.0,0.0,革命,革命,革命,革命
3213,1,,0.0,0.0,靶子,靶子,靶子,靶子
3214,3,0.5061109102172149,0.00859739699383793,0.6666666666666666,鼓舞 鞭策 鼓动,鼓动 鞭策 鼓舞,鼓动 鼓舞 鞭策,鼓舞 鞭策 鼓动
3215,1,,0.0,0.0,页,页,页,页
3216,1,,0.0,0.0,顶,顶,顶,顶
3217,1,,0.0,0.0,顺势,顺势,顺势,顺势
3218,1,,0.0,0.0,顺差,顺差,顺差,顺差
3219,1,,0.0,0.0,顾,顾,顾,顾
3220,1,,0.0,0.0,顿,顿,顿,顿
3221,2,0.6457077147551605,0.35083190069049397,0.0,预兆 预感,预感 预兆,预感 预兆,预兆 预感
3222,2,0.5011319749201056,0.1444577062024492,0.0,预报 预告,预告 预报,预报 预告,预报 预告
3223,4,0.4924181428442292,0.03576203489966845,0.25,预料 预见 预言 预期,预言 预期 预料 预见,预期 预料 预言 预见,预料 预见 预言 预期
3224,1,,0.0,0.0,领,领,领,领
3225,1,,0.0,0.0,领域,领域,领域,领域
3226,1,,0.0,0.0,颇,颇,颇,颇
3227,1,,0.0,0.0,风,风,风,风
3228,1,,0.0,0.0,风云,风云,风云,风云
3229,1,,0.0,0.0,风和日丽,风和日丽,风和日丽,风和日丽
3230,2,0.5213768976498179,0.047223446558659135,0.0,风度 风流,风度 风流,风度 风流,风度 风流
3231,1,,0.0,0.0,风水,风水,风水,风水
3232,1,,0.0,0.0,飞跃,飞跃,飞跃,飞跃
3233,1,,0.0,0.0,餐桌,餐桌,餐桌,餐桌
3234,1,,0.0,0.0,饥饿,饥饿,饥饿,饥饿
3235,1,,0.0,0.0,饭碗,饭碗,饭碗,饭碗
3236,1,,0.0,0.0,饱和,饱和,饱和,饱和
3237,1,,0.0,0.0,饶,饶,饶,饶
3238,1,,0.0,0.0,首,首,首,首
3239,2,0.5803075649511897,0.22316876390160528,0.0,首府 首都,首府 首都,首府 首都,首府 首都
3240,1,,0.0,0.0,马后炮,马后炮,马后炮,马后炮
3241,3,0.5152107506250413,0.10321310455702319,0.3333333333333333,驾 马车 驾驶,驾驶 马车 驾,驾 马车 驾驶,驾 马车 驾驶
3242,1,,0.0,0.0,驯,驯,驯,驯
3243,1,,0.0,0.0,驱逐,驱逐,驱逐,驱逐
3244,1,,0.0,0.0,高压,高压,高压,高压
3245,1,,0.0,0.0,高度,高度,高度,高度
3246,1,,0.0,0.0,魔术,魔术,魔术,魔术
3247,4,0.569557911326558,0.15254523942140788,0.0,鳄鱼 鱼 鲨鱼 龟,龟 鳄鱼 鲨鱼 鱼,鱼 龟 鳄鱼 鲨鱼,鳄鱼 鱼 鲨鱼 龟
3248,1,,0.0,0.0,鹏程万里,鹏程万里,鹏程万里,鹏程万里
3249,1,,0.0,0.0,鹤立鸡群,鹤立鸡群,鹤立鸡群,鹤立鸡群
3250,1,,0.0,0.0,麻,麻,麻,麻
3251,1,,0.0,0.0,黄金,黄金,黄金,黄金
3252,1,,0.0,0.0,黑客,黑客,黑客,黑客
3253,1,,0.0,0.0,黑马,黑马,黑马,黑马
3254,1,,0.0,0.0,鼓,鼓,鼓,鼓
3255,1,,0.0,0.0,齐,齐,齐,齐
