community,size,mean_pair_cosine,mean_cosine_silhouette,negative_silhouette_fraction,representatives,boundary_words,deterministic_sample,all_members
0,1,,0.0,0.0,〇,〇,〇,〇
1,14,0.5804582588892292,0.3185452612948479,0.14285714285714285,四 五 六 三 七 八 九 十 二 两 第二 几,几 一 两 十 第 二 第二 九,第二 六 八 几 十 四 二 五 九 两 一 七,四 五 六 三 七 八 九 十 二 两 第二 几 第 一
2,7,0.40520466704571795,0.05097034748524461,0.2857142857142857,一齐 争先恐后 不约而同 异口同声 竞相 一一 齐,齐 一一 异口同声 不约而同 竞相 争先恐后 一齐,一齐 争先恐后 竞相 齐 不约而同 异口同声 一一,一齐 争先恐后 不约而同 异口同声 竞相 一一 齐
3,26,0.4425123954920318,0.04605814163778919,0.3076923076923077,忽然 不由自主 猛然 情不自禁 不由得 突然 忍不住 渐渐 不禁 禁不住 悄悄 慢慢,偷偷 自然而然 小心翼翼 渐渐 猛然 慢慢 默默 骤然,自然而然 不经意 徐徐 渐渐 禁不住 不禁 不由自主 偷偷 不由得 一下子 不知不觉 骤然,忽然 不由自主 猛然 情不自禁 不由得 突然 忍不住 渐渐 不禁 禁不住 悄悄 慢慢 不知不觉 缓缓 下意识 顿时 自然而然 骤然 不经意 偷偷 一下子 莫名其妙 默默 身不由己 小心翼翼 徐徐
4,21,0.43156919806533534,0.06406985704405253,0.2857142857142857,免得 不要 何必 不必 不用 别 用不着 生怕 怕 何苦 不免 不至于,不能不 一不小心 难免 不再 万一 用得着 怕 何苦,再 别 不必 不再 不免 一不小心 以免 不用 怕 免得 用不着 生怕,免得 不要 何必 不必 不用 别 用不着 生怕 怕 何苦 不免 不至于 非得 难免 以免 不能不 用得着 再 一不小心 不再 万一
5,4,0.43053322213012474,0.08387452877105844,0.25,一鼓作气 士气 振作 一举,一举 振作 士气 一鼓作气,一鼓作气 振作 士气 一举,一鼓作气 士气 振作 一举
6,9,0.49101105052080574,0.18074704138311573,0.0,言行 举动 举止 一言一行 行为 一举一动 所作所为 言语 行动,言语 行动 举止 所作所为 言行 行为 举动 一举一动,举动 行为 举止 行动 言语 言行 一举一动 所作所为 一言一行,言行 举动 举止 一言一行 行为 一举一动 所作所为 言语 行动
7,5,0.511466989843752,0.211648727699365,0.0,无所事事 一无所有 一事无成 无所作为 一无所知,一无所知 一事无成 无所作为 一无所有 无所事事,无所作为 一无所知 无所事事 一无所有 一事无成,无所事事 一无所有 一事无成 无所作为 一无所知
8,24,0.43362856657947346,0.02687859043566848,0.4583333333333333,大多数 多数 大部分 绝大多数 大多 许多 不少 一些 大都 多半 好多 部分,基本上 半数 个别 些 有的 普遍 这些 部分,一般 些 不少 部分 许多 那些 或多或少 有的 大多 多数 这些 绝大多数,大多数 多数 大部分 绝大多数 大多 许多 不少 一些 大都 多半 好多 部分 有的 半数 那些 一部分 少数 这些 个别 或多或少 一般 普遍 基本上 些
9,15,0.42236730585169996,0.06250429998191492,0.2,后代 子孙 后裔 辈 祖先 祖宗 后人 世代 传人 一代 世袭 弟子,弟子 子弟 世袭 下一代 祖先 代 传人 后人,祖先 祖宗 子孙 子弟 弟子 代 后人 后代 世代 辈 下一代 传人,后代 子孙 后裔 辈 祖先 祖宗 后人 世代 传人 一代 世袭 弟子 子弟 代 下一代
10,14,0.5076987578092511,0.19175089270998386,0.07142857142857142,这时候 这时 那时 那时候 此时 这会儿 那会儿 此刻 当时 时候 不一会儿 刚才,一会儿 刚才 时 不一会儿 时候 此刻 这会儿 当时,时候 那时候 那会儿 一会儿 时 那时 不一会儿 这时 当时 这时候 刚才 这会儿,这时候 这时 那时 那时候 此时 这会儿 那会儿 此刻 当时 时候 不一会儿 刚才 一会儿 时
11,2,0.49243659431201126,0.21205230841408504,0.0,一体 一身,一体 一身,一身 一体,一体 一身
12,17,0.4427364540147038,0.07415508299259366,0.23529411764705882,总共 共计 一共 总计 约 共 大约 合计 将近 共有 累计 至少,平均 多 折合 整整 近 将近 至少 大约,共有 共 多 约 总共 总计 合计 大约 近 折合 将近 共计,总共 共计 一共 总计 约 共 大约 合计 将近 共有 累计 至少 近 整整 折合 平均 多
13,17,0.4441062946250492,0.0825868952796414,0.17647058823529413,屡次 多次 接连 频频 一再 再度 再次 屡 曾 三番五次 接二连三 先后,连续 不断 频繁 曾经 一度 先后 接二连三 三番五次,屡 频繁 三番五次 不断 曾 连续 再度 曾经 再次 多次 接二连三 频频,屡次 多次 接连 频频 一再 再度 再次 屡 曾 三番五次 接二连三 先后 频繁 曾经 连续 不断 一度
14,13,0.4325013244814336,0.042938312464243435,0.46153846153846156,全都 统统 全部 通通 几乎 所有 完全 一概 一律 一切 皆 全,彻底 皆 一概 全 一律 完全 一切 所有,彻底 全 皆 通通 完全 几乎 所有 统统 全都 全部 一概 一切,全都 统统 全部 通通 几乎 所有 完全 一概 一律 一切 皆 全 彻底
15,8,0.4488740790558478,0.09881977768344069,0.25,一瞬间 一刹那 瞬间 千钧一发 时刻 关头 一晃 转眼,转眼 关头 一晃 时刻 千钧一发 一刹那 瞬间 一瞬间,一瞬间 时刻 关头 瞬间 转眼 千钧一发 一晃 一刹那,一瞬间 一刹那 瞬间 千钧一发 时刻 关头 一晃 转眼
16,66,0.4296641610109555,-0.006833333689283575,0.5606060606060606,摇头 小声 苦笑 冷笑 咧嘴 发愣 扭头 笑 哆嗦 点头 瞪 自言自语,问 扭头 口气 目瞪口呆 嚷 睁 神情 笑容,插嘴 红扑扑 一声不吭 哄堂大笑 哭 哼 嚷 一言不发 前仰后合 自言自语 笑 瞪,摇头 小声 苦笑 冷笑 咧嘴 发愣 扭头 笑 哆嗦 点头 瞪 自言自语 大声 一言不发 神情 一声不吭 眉开眼笑 脸色 愣 插嘴 嬉笑 眼神 瞅 哼 一动不动 嚷 一眼 走开 目不转睛 哭 坐下 打岔 通红 呜咽 目瞪口呆 惨白 眼色 微笑 说话 神气 说道 睁 皱 瞧 招呼 打量 得意扬扬 颤抖 反问 口气 交头接耳 笑容 前仰后合 发抖 眨眼 面红耳赤 指着 语气 站住 沉默 红扑扑 哄堂大笑 会意 鸦雀无声 七嘴八舌 问
17,2,0.482941303987626,0.1686403075156456,0.0,过半 一半,一半 过半,过半 一半,过半 一半
18,16,0.44294533395711755,0.02101091021746916,0.375,银行卡 存折 挂失 信用卡 取款 汇款 一卡通 取款机 卡 账单 话费 账户,卡片 取款机 账单 手续费 话费 账户 一卡通 信用卡,取款 密码 卡 挂失 一卡通 取款机 信用卡 手续费 汇款 卡片 存折 磁卡,银行卡 存折 挂失 信用卡 取款 汇款 一卡通 取款机 卡 账单 话费 账户 卡片 磁卡 密码 手续费
19,4,0.37264901315989807,-0.054426968829251715,0.75,开口 口 一口气 发火,发火 一口气 口 开口,口 开口 发火 一口气,开口 口 一口气 发火
20,17,0.42015300101994996,0.010672874634994875,0.5294117647058824,实话 谎话 废话 一句话 话 心里话 实话实说 句 谎言 说老实话 俗话 的话,俗话 心里话 骗人 话语 名言 谎言 说老实话 说谎,心里话 句 胡说 名言 实话实说 俗话 谎言 谎话 废话 话 骗人 说老实话,实话 谎话 废话 一句话 话 心里话 实话实说 句 谎言 说老实话 俗话 的话 胡说 话语 名言 骗人 说谎
21,8,0.4580881423956303,0.1293039659682464,0.125,联手 共同 携手 一起 一同 联合 一块儿 牵头,牵头 一块儿 一同 联合 一起 共同 携手 联手,牵头 联手 一起 共同 联合 一块儿 携手 一同,联手 共同 携手 一起 一同 联合 一块儿 牵头
22,11,0.4766409751799483,0.12179940807707655,0.18181818181818182,一向 一贯 向来 始终 一直 历来 多年来 长期以来 自始至终 多年 一如既往,自始至终 多年 历来 一如既往 长期以来 一直 始终 多年来,始终 历来 一贯 多年来 一如既往 长期以来 向来 多年 自始至终 一直 一向,一向 一贯 向来 始终 一直 历来 多年来 长期以来 自始至终 多年 一如既往
23,8,0.4671216966569139,0.020400793266408562,0.5,一味 盲目 只顾 过分 单纯 片面 过度 只管,单纯 片面 过度 只管 盲目 过分 一味 只顾,盲目 只管 片面 只顾 单纯 过度 过分 一味,一味 盲目 只顾 过分 单纯 片面 过度 只管
24,26,0.4243951508325378,0.011055264357622253,0.38461538461538464,没劲 不行 没意思 没辙 没用 不像话 好说 没说的 无话可说 够呛 不好意思 受不了,说不上 一塌糊涂 好说 不怎么样 无所谓 难听 费劲 无话可说,没意思 不像话 不得了 厉害 不对 离谱儿 不怎么样 无所谓 没劲 无话可说 没用 够呛,没劲 不行 没意思 没辙 没用 不像话 好说 没说的 无话可说 够呛 不好意思 受不了 没法儿 懒得 不得了 没什么 说不上 不怎么样 厉害 离谱儿 难听 要命 不对 费劲 无所谓 一塌糊涂
25,56,0.4294372113179309,0.006225093459486371,0.48214285714285715,晚上 早上 早晨 夜里 中午 傍晚 下午 清晨 半夜 深夜 上午 凌晨,休息 睡 醒来 星期日 睡着 今日 睡觉 加班,昨天 早晨 起床 彻夜 下午 通宵 凌晨 开夜车 夜 一大早 睡 睡着,晚上 早上 早晨 夜里 中午 傍晚 下午 清晨 半夜 深夜 上午 凌晨 夜晚 一早 白天 晚饭 起床 一大早 下班 午饭 星期天 当晚 夜间 睡觉 午睡 晚 黄昏 前天 明天 醒来 通宵 昨天 次日 晚间 睡 星期日 放学 夜班 从早到晚 日夜 当天 今天 上班 夜 睡着 熬夜 黑夜 加班 彻夜 开夜车 休息 当日 明日 日 昼夜 今日
26,26,0.4333554187337214,0.043772471529362575,0.38461538461538464,时常 常常 经常 时不时 成天 有时 整天 偶尔 老是 总是 有时候 一天到晚,都会 平时 日复一日 免不了 通常 没完没了 不停 常年,时常 时时 通常 常 动不动 不停 不时 一天到晚 总是 有时候 偶尔 一年到头,时常 常常 经常 时不时 成天 有时 整天 偶尔 老是 总是 有时候 一天到晚 不时 时时 常 平时 时而 一年到头 动不动 免不了 不停 常年 日复一日 都会 通常 没完没了
27,4,0.44888265097740704,0.118965359203431,0.0,匹 骏马 马 一头,马 骏马 一头 匹,匹 骏马 马 一头,匹 骏马 马 一头
28,5,0.38297739447167983,0.009096526805378723,0.4,限度 程度 高度 一定 极限,极限 一定 高度 限度 程度,程度 极限 限度 高度 一定,限度 程度 高度 一定 极限
29,133,0.44323685376058203,-0.010812689400430972,0.48120300751879697,姑姑 舅舅 姐姐 妹妹 嫂子 爸爸 哥哥 奶奶 母亲 妈妈 爸 闺女,亲属 宝宝 子女 保姆 亲友 娃娃 男人 家人,爱人 太太 胖子 子女 哥哥 老太太 哥 她 妈 妹 姐 姨,姑姑 舅舅 姐姐 妹妹 嫂子 爸爸 哥哥 奶奶 母亲 妈妈 爸 闺女 姥姥 父亲 弟弟 爷爷 媳妇 儿子 女儿 老婆 爹 姥爷 妈 伯母 叔叔 外婆 大姐 孙女 伯父 父母 丈夫 岳母 妻子 老公 祖母 外公 大哥 岳父 阿姨 亲戚 孩子 家人 老太太 太太 伯伯 姐 长辈 继父 大爷 孙子 老伴儿 女婿 她 娘 继母 男朋友 爱人 女朋友 姨 姑娘 小孩儿 老头儿 妹 师父 邻居 老乡 亲人 弟 丫头 老人家 朋友 儿女 两口子 老汉 大妈 同学 大人 女孩儿 老人 他 亲生 祖父 我 小伙子 母女 师傅 老师 姐妹 同事 家里 你 一家人 寡妇 女人 男人 老家 徒弟 俩 男孩儿 同伴 小偷儿 人家 她们 恩人 保姆 老王 亲友 父女 家伙 战友 小朋友 胖子 全家 新娘 乡亲 亲朋好友 宝宝 老大 老板 小姐 娶 情人 小时候 哥 子女 夫人 母子 友人 娃娃 夫妇 兄弟 亲属 父子
30,15,0.4184212490441542,-0.018653581160878573,0.5333333333333333,祝福 祝愿 祝 一路平安 保佑 好运 心想事成 一路顺风 祈祷 感谢 福气 吉祥,吉祥 一路 庆祝 感谢 一帆风顺 福气 祈祷 祝,一帆风顺 祝愿 一路 祝福 祝 祈祷 庆祝 一路平安 保佑 感谢 一路顺风 福气,祝福 祝愿 祝 一路平安 保佑 好运 心想事成 一路顺风 祈祷 感谢 福气 吉祥 一帆风顺 庆祝 一路
31,6,0.3972121759220375,0.02240408743106377,0.3333333333333333,周边 沿线 区域 一带 地段 四周,四周 地段 一带 区域 沿线 周边,四周 区域 周边 地段 沿线 一带,周边 沿线 区域 一带 地段 四周
32,3,0.4180859100262413,0.05722868975067553,0.3333333333333333,一干二净 掉 面目全非,掉 面目全非 一干二净,掉 面目全非 一干二净,一干二净 掉 面目全非
33,6,0.4274040387581374,0.0687457138606049,0.16666666666666666,一应俱全 齐全 设施 应有尽有 配套 装置,装置 配套 齐全 应有尽有 设施 一应俱全,齐全 配套 装置 一应俱全 应有尽有 设施,一应俱全 齐全 设施 应有尽有 配套 装置
34,5,0.37716408332358986,-0.03070213605696598,0.6,将来 有朝一日 未来 届时 一心,一心 未来 届时 有朝一日 将来,有朝一日 届时 将来 未来 一心,将来 有朝一日 未来 届时 一心
35,31,0.429291091495023,0.01727277838965398,0.45161290322580644,尽力 全力 竭尽全力 竭力 千方百计 想方设法 努力 极力 全力以赴 设法 着力 大力,坚持不懈 尽快 大肆 全心全意 着力 切实 抓紧 尽可能,争分夺秒 致力于 着力 全力 大力 加紧 积极 千方百计 切实 极力 尽力 尽快,尽力 全力 竭尽全力 竭力 千方百计 想方设法 努力 极力 全力以赴 设法 着力 大力 奋力 力求 积极 拼命 力争 齐心协力 加紧 致力于 一心一意 抓紧 切实 尽可能 试图 尽量 尽快 坚持不懈 争分夺秒 全心全意 大肆
36,5,0.38417853051087936,-0.009060383374581177,0.6,教条 僵化 一成不变 单一 真理,真理 单一 一成不变 僵化 教条,真理 僵化 一成不变 教条 单一,教条 僵化 一成不变 单一 真理
37,4,0.38343532891277016,-0.040974103684191715,0.75,一手 亲手 动手 第一手,动手 第一手 亲手 一手,第一手 动手 亲手 一手,一手 亲手 动手 第一手
38,10,0.48230324457938256,0.10187509999387687,0.1,挣钱 谋生 赚钱 做生意 发财 打工 致富 经商 门路 一技之长,门路 一技之长 做生意 打工 致富 挣钱 赚钱 发财,谋生 赚钱 做生意 门路 一技之长 致富 打工 经商 发财 挣钱,挣钱 谋生 赚钱 做生意 发财 打工 致富 经商 门路 一技之长
39,3,0.47511450345359546,0.1502684881158184,0.0,领导 同志 一把手,一把手 同志 领导,同志 一把手 领导,领导 同志 一把手
40,1,,0.0,0.0,一揽子,一揽子,一揽子,一揽子
41,30,0.481369369492532,0.08853595716589542,0.26666666666666666,此外 换言之 除此之外 总而言之 与此同时 事实上 由此可见 总之 然而 由此看来 另外 也就是说,为此 一方面 据悉 相反 这样一来 恰恰相反 由此可见 另一方面,总之 据悉 这就是说 相比之下 然而 同时 总而言之 也就是说 综上所述 相反 另一方面 因此,此外 换言之 除此之外 总而言之 与此同时 事实上 由此可见 总之 然而 由此看来 另外 也就是说 另一方面 因此 据悉 相比之下 其次 这就是说 这样一来 综上所述 相对而言 总的来说 相反 至此 众所周知 一般来说 同时 恰恰相反 为此 一方面
42,56,0.4460763545496943,0.0180622950360183,0.39285714285714285,旁边 后边 前边 外边 那边 里边 那儿 前面 后面 上边 下边 左边,前方 上面 远处 右边 左边 郊外 上头 地上,门口 旁边 周围 一边 城里 上头 跟前 旁 左边 北边 那儿 楼上,旁边 后边 前边 外边 那边 里边 那儿 前面 后面 上边 下边 左边 旁 底下 外头 外面 右边 对面 远处 东边 这边 西边 那里 门口 上面 南边 楼下 这儿 北边 里面 里头 两边 楼上 跟前 一旁 下面 里 路边 后头 隔壁 边 中间 周围 前头 身边 老远 一边 挨着 这里 台上 两侧 上头 前方 地上 城里 郊外
43,17,0.4644749834021247,0.07951761047150248,0.29411764705882354,譬如 比如 比如说 譬如说 例如 假如 如 倘若 正如 好比 比方 若,一旦 每当 好比 至于 举例 如 若 当,譬如 倘若 如 当 譬如说 举例 例如 每当 好比 比如说 若 比方,譬如 比如 比如说 譬如说 例如 假如 如 倘若 正如 好比 比方 若 当 一旦 每当 举例 至于
44,5,0.43460833908401125,0.0843123131189761,0.0,暂时 暂 尚 迟迟 一时,一时 尚 暂时 迟迟 暂,迟迟 暂时 尚 暂 一时,暂时 暂 尚 迟迟 一时
45,10,0.5365613207018137,0.22845088873246766,0.0,如同 像 好似 犹如 似的 一样 仿佛 那样 如一 酷似,那样 酷似 一样 似的 如一 仿佛 如同 好似,似的 像 那样 酷似 好似 犹如 一样 仿佛 如一 如同,如同 像 好似 犹如 似的 一样 仿佛 那样 如一 酷似
46,3,0.5132285144969845,0.1840674994379228,0.0,因人而异 一概而论 见仁见智,见仁见智 因人而异 一概而论,一概而论 因人而异 见仁见智,因人而异 一概而论 见仁见智
47,14,0.4820093327824746,0.11970324838935047,0.2857142857142857,相同 相似 截然不同 不同 有所不同 一模一样 大同小异 类似 雷同 与众不同 差不多 不相上下,相等 类似 雷同 不相上下 差不多 不同寻常 与众不同 一模一样,不同寻常 不同 一模一样 大同小异 雷同 有所不同 相同 类似 相似 相等 与众不同 截然不同,相同 相似 截然不同 不同 有所不同 一模一样 大同小异 类似 雷同 与众不同 差不多 不相上下 不同寻常 相等
48,1,,0.0,0.0,一次性,一次性,一次性,一次性
49,1,,0.0,0.0,一毛不拔,一毛不拔,一毛不拔,一毛不拔
50,7,0.4778198272332153,0.11312865121728177,0.14285714285714285,顶级 顶尖 世界级 一流 重量级 精英 高手,高手 精英 重量级 一流 世界级 顶尖 顶级,顶级 顶尖 精英 重量级 世界级 高手 一流,顶级 顶尖 世界级 一流 重量级 精英 高手
51,10,0.49301316176055837,0.1948594631916934,0.1,略微 稍微 稍 稍稍 略 有所 较 相对 轻微 一点儿,一点儿 相对 较 轻微 有所 略 稍稍 稍,稍 略 略微 稍微 有所 稍稍 一点儿 相对 较 轻微,略微 稍微 稍 稍稍 略 有所 较 相对 轻微 一点儿
52,7,0.4398288105236225,0.09420311330454102,0.2857142857142857,一生 终生 一辈子 终身 生涯 生平 简历,简历 生涯 一辈子 生平 终身 终生 一生,简历 一辈子 生涯 生平 终身 一生 终生,一生 终生 一辈子 终身 生涯 生平 简历
53,2,0.552211614295748,0.32892560006557864,0.0,番 一番,番 一番,番 一番,番 一番
54,9,0.40952707951148254,0.01132342691226278,0.3333333333333333,清楚 清晰 透彻 明朗 直观 深刻 一目了然 分明 透,透 直观 深刻 明朗 清楚 分明 一目了然 清晰,一目了然 透彻 明朗 清晰 清楚 直观 透 深刻 分明,清楚 清晰 透彻 明朗 直观 深刻 一目了然 分明 透
55,9,0.46509057056525194,0.06182317991568128,0.2222222222222222,发愁 犯愁 伤脑筋 操心 烦恼 愁 提心吊胆 一筹莫展 麻烦,一筹莫展 烦恼 提心吊胆 愁 麻烦 操心 伤脑筋 发愁,愁 操心 犯愁 发愁 一筹莫展 提心吊胆 麻烦 伤脑筋 烦恼,发愁 犯愁 伤脑筋 操心 烦恼 愁 提心吊胆 一筹莫展 麻烦
56,13,0.44964583242901324,0.04168533638882069,0.38461538461538464,各种 各式各样 诸多 种种 形形色色 众多 多种 一系列 五花八门 无数 一连串 多样,多样 乱七八糟 一系列 无数 五花八门 一连串 多种 诸多,无数 一连串 种种 形形色色 多样 多种 乱七八糟 众多 诸多 各式各样 一系列 五花八门,各种 各式各样 诸多 种种 形形色色 众多 多种 一系列 五花八门 无数 一连串 多样 乱七八糟
57,3,0.47757463528738375,0.14645725282847935,0.3333333333333333,一线 第一线 线,线 第一线 一线,线 第一线 一线,一线 第一线 线
58,1,,0.0,0.0,一经,一经,一经,一经
59,7,0.30817417531485203,-0.1074468831354036,1.0,吻合 结合 呼应 配合 一致 有机 共识,有机 共识 一致 配合 结合 吻合 呼应,一致 呼应 配合 有机 共识 结合 吻合,吻合 结合 呼应 配合 一致 有机 共识
60,5,0.37160735752921353,-0.007221928617107587,0.8,代表团 团员 团 代表 一行,代表 一行 团员 团 代表团,团 一行 代表团 团员 代表,代表团 团员 团 代表 一行
61,13,0.45156284847655387,0.0982452144955479,0.23076923076923078,路途 路上 途中 路程 旅途 旅程 一路上 沿途 中途 小路 行程 路,半路 行程 路 小路 沿途 旅程 中途 一路上,旅途 沿途 旅程 一路上 小路 半路 行程 路 路途 中途 路上 路程,路途 路上 途中 路程 旅途 旅程 一路上 沿途 中途 小路 行程 路 半路
62,2,0.5420024845231156,0.3018290242758681,0.0,连 一连,一连 连,一连 连,连 一连
63,3,0.44810373366204176,0.1610909220240607,0.0,道 便道 一道,一道 便道 道,一道 便道 道,道 便道 一道
64,9,0.38230699633703097,-0.017939448946420602,0.6666666666666666,紊乱 混乱 扭曲 乱 杂乱无章 畸形 失控 一锅粥 发育,发育 一锅粥 乱 扭曲 失控 杂乱无章 畸形 混乱,混乱 一锅粥 乱 紊乱 扭曲 发育 失控 畸形 杂乱无章,紊乱 混乱 扭曲 乱 杂乱无章 畸形 失控 一锅粥 发育
65,26,0.44640922087614127,0.049967583844169966,0.3076923076923077,棍子 剪子 叉子 竹竿 铲子 剪刀 绳子 筷子 刷子 棍 斧子 木头,扇子 杆 渣子 锤子 尺子 刀 一长一短 沙子,叉子 刀 钉子 筷子 杆 棍 禅杖 绳子 刷子 斧子 沙子 船桨,棍子 剪子 叉子 竹竿 铲子 剪刀 绳子 筷子 刷子 棍 斧子 木头 钉子 钩子 禅杖 刀 扇子 拐杖 石头 船桨 尺子 锤子 沙子 渣子 一长一短 杆
66,29,0.42706647612567206,0.04185378754359314,0.3448275862068966,声音 悦耳 响声 清脆 刺耳 电铃 铃声 声 响起 响 喇叭 音响,门铃 闹钟 一阵 录音机 耳机 铃 好听 抑扬顿挫,响亮 响声 录音机 一阵 响 声 喇叭 门铃 洪亮 耳机 闹钟 抑扬顿挫,声音 悦耳 响声 清脆 刺耳 电铃 铃声 声 响起 响 喇叭 音响 音量 口哨 录音机 笑声 门铃 洪亮 话筒 响亮 收音机 传来 抑扬顿挫 闹钟 好听 噪音 耳机 一阵 铃
67,5,0.4589393034377299,0.11324196761117875,0.2,国旗 旗帜 国徽 锦旗 一面,一面 锦旗 旗帜 国徽 国旗,旗帜 一面 锦旗 国徽 国旗,国旗 旗帜 国徽 锦旗 一面
68,5,0.43978951891123436,0.07386963655793259,0.0,王 姜 丁 罗 小王,丁 小王 罗 姜 王,姜 丁 罗 王 小王,王 姜 丁 罗 小王
69,8,0.45170428228739834,0.09533273657818143,0.125,千 万 百 数 亿 千万 余 万万,万万 余 数 亿 千万 百 千 万,千 亿 万 余 百 数 万万 千万,千 万 百 数 亿 千万 余 万万
70,1,,0.0,0.0,万分,万分,万分,万分
71,7,0.4098471023348065,0.024173942076013668,0.5714285714285714,友谊 友好 万古长青 团结 和平 建交 鹏程万里,鹏程万里 建交 团结 和平 万古长青 友好 友谊,建交 团结 和平 鹏程万里 友好 万古长青 友谊,友谊 友好 万古长青 团结 和平 建交 鹏程万里
72,5,0.4975738298052114,0.18016605002575475,0.2,确保 保证 保障 保 万无一失,保 万无一失 保障 确保 保证,保障 保证 保 确保 万无一失,确保 保证 保障 保 万无一失
73,5,0.3866997763107214,0.045588359173829925,0.4,多功能 全能 功能 万能 多媒体,多媒体 功能 万能 全能 多功能,功能 多功能 全能 万能 多媒体,多功能 全能 功能 万能 多媒体
74,154,0.424849655090061,-0.028544371180967754,0.5974025974025974,米饭 豆腐 酸奶 薯条 卤味 香肠 豆浆 薯片 饺子 果酱 橙汁 饼干,芝麻 啤酒 西瓜 餐 碗 桂花 嫩 红酒,烧烤 汤圆 烤鸭 烤肉 勺 巧克力 淀粉 吃 喝 嚼 奶 饼干,米饭 豆腐 酸奶 薯条 卤味 香肠 豆浆 薯片 饺子 果酱 橙汁 饼干 饼 水果 芝士 果汁 粥 菜 酱 海鲜 红薯 馅儿 牛奶 烤肉 包子 南瓜 面条儿 辣椒 西红柿 肉 汁 汤圆 面包 佐料 好吃 馒头 点心 罐头 茄子 吃 可口 调料 蜂蜜 酥 黄瓜 巧克力 醋 火锅 白菜 香油 美味 甜 小吃 烤 火腿 饭 柿子 红茶 酱油 土豆 豆制品 寿司 炖 煮 香蕉 口感 奶茶 鲜美 烤鸭 咖啡 主食 蔬菜 红酒 麻辣 食物 番茄 零食 碗 月饼 蒜 鸡蛋 萝卜 花生 砂糖 冰棍儿 饮料 涮 虾 椰子 西瓜 中餐 烧烤 粽子 风味 蘑菇 辣 汽水 面粉 西餐 三明治 核桃 蘸 茶 葱 口味 香味 绿茶 糖果 糖 早饭 可乐 汤 桂花 方便面 嚼 香料 蛋糕 香 喝 早餐 美食 味道 脆 盒饭 食用 烹调 味精 晚餐 莲子 奶 热腾腾 品尝 啤酒 茶叶 快餐 素食 勺 大米 豆子 枣 午餐 食品 梨 葡萄 瓜 口香糖 味儿 腥 嫩 餐 淀粉 年夜饭 料理 芝麻
75,4,0.47621954643212483,0.13379888945978338,0.0,三维 平面 立体 图形,平面 图形 立体 三维,图形 立体 平面 三维,三维 平面 立体 图形
76,2,0.47352598055554385,0.18274590691802914,0.0,角 三角,角 三角,三角 角,角 三角
77,1,,0.0,0.0,上,上,上,上
78,5,0.44715292198457723,0.11974130178130973,0.0,左右 以上 以内 上下 出头,出头 上下 以上 以内 左右,以内 以上 上下 出头 左右,左右 以上 以内 上下 出头
79,16,0.4787703223911667,0.12768298663031818,0.25,月初 月底 下旬 中旬 月份 上旬 年初 月 上个月 上周 季度 下个月,周 底 初 以来 季度 年初 上周 下个月,初 周 底 以来 年初 上周 月 月底 月初 月份 上旬 中旬,月初 月底 下旬 中旬 月份 上旬 年初 月 上个月 上周 季度 下个月 周 以来 初 底
80,35,0.43386186650412456,0.05419681085304252,0.2857142857142857,任命 职务 出任 就任 辞去 辞职 聘任 担任 任职 兼任 任 罢免,兼 辞 接替 人选 辞退 晋升 任期 职位,撤换 开除 兼 任 任职 罢免 兼任 上任 当选 连任 现任 辞退,任命 职务 出任 就任 辞去 辞职 聘任 担任 任职 兼任 任 罢免 免职 任期 现任 连任 离职 接替 就职 辞退 公职 当选 提名 撤换 上任 辞呈 提拔 职位 前任 人选 推选 晋升 开除 辞 兼
81,24,0.45149273314243904,0.033861404527288426,0.4166666666666667,回升 上涨 攀升 上升 下跌 飙升 下降 回落 涨 反弹 跌 升高,升温 跌 降温 萎缩 反弹 涨 复苏 缩水,升 水涨船高 复苏 上升 涨 升温 上涨 上调 升高 反弹 回落 跌,回升 上涨 攀升 上升 下跌 飙升 下降 回落 涨 反弹 跌 升高 增长 高涨 升温 萎缩 下调 上调 升 好转 缩水 复苏 降温 水涨船高
82,23,0.4360698112419657,0.015940721450942708,0.4782608695652174,回去 回来 过来 进去 回家 出去 进来 下楼 出来 上去 上楼 下来,出来 顺路 上楼 在家 回 上去 下山 来,下去 下山 顺路 去 回 完 进去 上去 来 进来 上来 上楼,回去 回来 过来 进去 回家 出去 进来 下楼 出来 上去 上楼 下来 去 上来 出门 下山 下去 起来 来 顺路 完 回 在家
83,8,0.4351013036289985,0.10174010083823579,0.0,上场 出场 入场 进场 在场 全场 下场 上台,上台 全场 下场 在场 入场 进场 上场 出场,下场 进场 入场 上台 上场 全场 出场 在场,上场 出场 入场 进场 在场 全场 下场 上台
84,6,0.40154179929537975,0.001640700213513142,0.5,上级 下属 下级 上司 所属 所在,所在 所属 下属 上级 上司 下级,下属 上司 上级 所在 所属 下级,上级 下属 下级 上司 所属 所在
85,46,0.4269169283661729,-0.014104140451376613,0.5217391304347826,学校 学生 中学 高中 小学 初中 入学 大学 就读 毕业生 转学 学费,公费 学堂 家长 留学生 班级 幼儿园 师范 念书,留学生 办学 家长 入学 开学 上学 幼儿园 年级 升学 中学 班级 勤工俭学,学校 学生 中学 高中 小学 初中 入学 大学 就读 毕业生 转学 学费 年级 上学 中小学 教师 升学 学年 学期 开学 念书 中学生 学业 退学 求学 毕业 小学生 师范 私立 班级 学子 留学生 奖学金 幼儿园 大学生 勤工俭学 师生 民办 师资 留学 学员 办学 家长 公立 公费 学堂
86,9,0.38987691443774647,-0.01019129016716012,0.4444444444444444,招聘 应聘 岗位 选拔 上岗 人才 兼职 用人 实习,兼职 实习 上岗 人才 用人 选拔 招聘 应聘,实习 选拔 岗位 上岗 人才 招聘 用人 应聘 兼职,招聘 应聘 岗位 选拔 上岗 人才 兼职 用人 实习
87,1,,0.0,0.0,上市,上市,上市,上市
88,4,0.38813991276691134,-0.0012534453498276865,0.25,上帝 人类 外星人 天堂,天堂 人类 外星人 上帝,外星人 上帝 人类 天堂,上帝 人类 外星人 天堂
89,6,0.39783654654534245,-0.008882496359004172,0.5,受骗 上当 受害 吃亏 受害人 沾光,受害人 沾光 吃亏 上当 受害 受骗,上当 沾光 受害人 受骗 受害 吃亏,受骗 上当 受害 吃亏 受害人 沾光
90,20,0.4238287906338638,-0.01011264049305837,0.45,审核 审批 审查 申请 申报 提交 上报 办理 受理 登记 批准 公示,登记 核对 验收 核实 受理 申请 公示 上报,审 办理 登记 审定 审查 审批 审核 验收 上报 递交 核实 核对,审核 审批 审查 申请 申报 提交 上报 办理 受理 登记 批准 公示 手续 填写 递交 核实 审定 核对 验收 审
91,4,0.41088161288037833,-0.016016368957509915,0.5,上方 附近 位置 向上,位置 向上 附近 上方,上方 向上 位置 附近,上方 附近 位置 向上
92,5,0.4434125375948493,0.0817368162977432,0.4,上映 票房 放映 银幕 点击率,点击率 银幕 放映 上映 票房,点击率 上映 银幕 放映 票房,上映 票房 放映 银幕 点击率
93,3,0.5354044043702277,0.26523734192922893,0.0,本期 上期 下期,本期 下期 上期,上期 本期 下期,本期 上期 下期
94,7,0.3275485110526918,-0.07252952276269588,0.8571428571428571,次 上次 下次 趟 遍 此次 从头,从头 此次 次 趟 遍 下次 上次,次 上次 从头 遍 趟 此次 下次,次 上次 下次 趟 遍 此次 从头
95,6,0.42505521031401167,0.029689084320132005,0.16666666666666666,流 溢 涌 泻 泄 上流,上流 泻 泄 溢 流 涌,溢 泄 泻 流 涌 上流,流 溢 涌 泻 泄 上流
96,9,0.4472241176353917,-0.019262877101292673,0.2222222222222222,原料 原材料 加工 制品 成品 材料 工艺 木材 上游,上游 木材 加工 工艺 材料 制品 成品 原材料,工艺 上游 成品 加工 制品 原料 原材料 材料 木材,原料 原材料 加工 制品 成品 材料 工艺 木材 上游
97,12,0.43673586491909955,0.07049379192225662,0.08333333333333333,显现 呈现 再现 浮现 重现 出现 凸显 显出 涌现 上演 显 演绎,显出 重现 显 涌现 显现 演绎 凸显 上演,涌现 重现 显 再现 上演 浮现 凸显 出现 呈现 显现 显出 演绎,显现 呈现 再现 浮现 重现 出现 凸显 显出 涌现 上演 显 演绎
98,36,0.43448820501288066,0.03054856563080557,0.3611111111111111,拌 烫 浇 蒸 淋 煎 开水 熬 凉水 糊 锅 搅拌,冻 涂 炒 喷 热水 炸 糊 洒,搅拌 冻 喷 糊 熬 熏 熟 煲 煎 炸 炒 烫,拌 烫 浇 蒸 淋 煎 开水 熬 凉水 糊 锅 搅拌 浸泡 烧 泡 冷水 搅 熏 炸 泼 掺 裹 热水 煲 洒 沾 加热 炒 抹 冻 撒 涂 熟 沏 上火 喷
99,5,0.4711127329710096,0.14195404969651249,0.0,白领 上班族 蓝领 单身 都市,单身 都市 蓝领 上班族 白领,单身 上班族 蓝领 都市 白领,白领 上班族 蓝领 单身 都市
100,17,0.41470946054301205,0.023314186935616488,0.4117647058823529,着迷 痴迷 迷恋 如醉如痴 陶醉 爱不释手 沉迷 上瘾 狂热 念念不忘 恋恋不舍 赞叹不已,恋恋不舍 耳目一新 狂热 上瘾 念念不忘 赞叹不已 沉浸 爱不释手,爱不释手 恋恋不舍 耳目一新 上瘾 崇拜 如醉如痴 念念不忘 赞叹不已 沉浸 赞不绝口 着迷 迷恋,着迷 痴迷 迷恋 如醉如痴 陶醉 爱不释手 沉迷 上瘾 狂热 念念不忘 恋恋不舍 赞叹不已 崇拜 沉浸 迷 赞不绝口 耳目一新
101,5,0.38920079159382626,0.004422544601872069,0.6,高空 空 逢 顺势 上空,上空 逢 顺势 空 高空,空 顺势 上空 逢 高空,高空 空 逢 顺势 上空
102,2,0.5274311851515892,0.2757739400247962,0.0,上网 网上,上网 网上,网上 上网,上网 网上
103,69,0.47234642271591737,0.08240857847443317,0.30434782608695654,衬衣 毛衣 衬衫 大衣 裙子 衣服 裤子 外套 上衣 袜子 围巾 短裤,蚊帐 睡袋 被子 打扮 梳子 首饰 装扮 水壶,眼镜 背包 背心 枕头 拖鞋 穿 婚纱 内衣 睡袋 纽扣 球鞋 毛衣,衬衣 毛衣 衬衫 大衣 裙子 衣服 裤子 外套 上衣 袜子 围巾 短裤 西装 牛仔裤 鞋 拖鞋 皮鞋 领带 凉鞋 羽绒服 内衣 背心 雨衣 球鞋 穿着 礼服 旗袍 手套 毯子 毛巾 高跟鞋 服装 皮包 被子 帽子 穿 睡袋 靴子 蚊帐 纽扣 手帕 项链 拉锁 款式 枕头 书包 口罩 服饰 梳子 婚纱 外衣 地毯 水壶 背包 眼镜 制服 首饰 发型 牙刷 皮带 辫子 绷带 装扮 保暖 兜儿 手表 打扮 时装 丝绸
104,35,0.4393054472729154,0.041607624351318484,0.2857142857142857,判决 诉讼 法院 上诉 起诉 法庭 裁决 仲裁 裁定 驳回 被告 原告,投诉 证人 控告 侵权 案件 不服 当事人 法律,当事人 驳回 调解 投诉 判 裁决 裁判 裁定 不服 法律 法庭 法官,判决 诉讼 法院 上诉 起诉 法庭 裁决 仲裁 裁定 驳回 被告 原告 法官 官司 审判 控告 案件 索赔 纠纷 赔偿 司法 打官司 调解 律师 判处 判 裁判 当事人 侵权 提起 证人 法律 不服 公证 投诉
105,35,0.41243723028215923,0.0064450020313832936,0.4,课 讲课 课程 上课 备课 补习 预习 课堂 复习 听讲 学习 选修,沙龙 学 下课 用功 教材 传授 读书 旷课,复习 补习 学 选修 课本 培训 班 课程 课堂 夏令营 功课 辅导,课 讲课 课程 上课 备课 补习 预习 课堂 复习 听讲 学习 选修 补课 自学 课本 讲座 夜校 教学 功课 必修 培训 学时 培训班 教材 读书 辅导 学 班 讲学 旷课 传授 夏令营 用功 下课 沙龙
106,36,0.4465771762253976,0.012648700274767413,0.4166666666666667,火车 列车 公交车 公共汽车 电车 慢车 乘客 乘车 大巴 车站 车票 出租车,高铁 骑车 车票 乘坐 旅客 搭乘 地铁站 站台,开车 客运 乘车 出租车 步行 旅客 打车 缆车 晚点 火车 地铁 快车,火车 列车 公交车 公共汽车 电车 慢车 乘客 乘车 大巴 车站 车票 出租车 卧铺 车厢 地铁 下车 乘坐 上车 缆车 巴士 搭乘 快车 地铁站 客运 车上 骑车 特快 开车 旅客 高铁 打车 司机 晚点 站台 长途 步行
107,5,0.3655461285522898,-0.00588449913827826,0.6,此 此处 该 上述 处,处 上述 该 此处 此,处 此 上述 该 此处,此 此处 该 上述 处
108,3,0.4926146485095646,0.14642755975767854,0.0,挨家挨户 上门 敲门,挨家挨户 敲门 上门,上门 敲门 挨家挨户,挨家挨户 上门 敲门
109,11,0.4362629720591954,0.06727248946189707,0.18181818181818182,确定 界定 判定 认定 定义 明确 设定 确立 确认 限定 上限,上限 限定 定义 明确 设定 确立 确认 判定,确定 明确 确立 判定 上限 界定 确认 定义 限定 认定 设定,确定 界定 判定 认定 定义 明确 设定 确立 确认 限定 上限
110,3,0.5514420272218878,0.29711111915337024,0.0,下 之下 背景,背景 下 之下,背景 下 之下,下 之下 背景
111,23,0.3880828134275656,0.005757698897737548,0.34782608695652173,乡 县 村 郊区 镇 市区 村庄 街道 城镇 城区 乡村 农村,开发区 街 省 下乡 基层 乡下 区 城市,下乡 区 县 屯 市 乡 乡下 省 城镇 村 乡村 村庄,乡 县 村 郊区 镇 市区 村庄 街道 城镇 城区 乡村 农村 城乡 城市 市 乡下 区 街 开发区 屯 省 基层 下乡
112,5,0.41042441709166705,0.021407899102730506,0.4,决定 下决心 拍板 下令 决策,决策 下令 拍板 下决心 决定,下令 拍板 决策 下决心 决定,决定 下决心 拍板 下令 决策
113,5,0.41438057632755176,0.0354405457907455,0.6,功夫 工夫 下功夫 拳 太极,太极 拳 下功夫 工夫 功夫,功夫 拳 下功夫 太极 工夫,功夫 工夫 下功夫 拳 太极
114,19,0.4364230069929259,0.09078489459272024,0.10526315789473684,议会 议员 国会 总统 大选 内阁 选举 竞选 政党 首相 选民 候选人,投票 联邦 宪法 首脑 元首 政党 选民 下台,下台 竞选 选民 选举 内阁 宪法 总理 总统 联邦 国会 大选 议员,议会 议员 国会 总统 大选 内阁 选举 竞选 政党 首相 选民 候选人 宪法 总理 首脑 元首 下台 投票 联邦
115,14,0.44435212735956864,0.07086851891939293,0.21428571428571427,转动 摆动 摇晃 旋转 撞击 摇摆 跳跃 冲撞 跳动 振动 下坠 摩擦,伸缩 下坠 跳跃 摩擦 跳动 碰撞 冲撞 旋转,下坠 撞击 摆动 冲撞 跳跃 伸缩 振动 跳动 转动 摩擦 碰撞 旋转,转动 摆动 摇晃 旋转 撞击 摇摆 跳跃 冲撞 跳动 振动 下坠 摩擦 碰撞 伸缩
116,6,0.48981347487158866,0.12146164083136063,0.16666666666666666,失业 就业 下岗 求职 农民工 创业,创业 农民工 求职 下岗 就业 失业,下岗 就业 求职 农民工 创业 失业,失业 就业 下岗 求职 农民工 创业
117,4,0.42351496214431766,0.07681636965546326,0.5,下手 出手 入手 狠,狠 入手 出手 下手,入手 狠 出手 下手,下手 出手 入手 狠
118,42,0.4216982078223635,0.0000743020245946606,0.4523809523809524,聊天儿 胡闹 玩儿 闹着玩儿 吵架 吵嘴 打牌 打架 吹牛 玩耍 耍 说闲话,告状 抽烟 闹事 吃饭 串门 逞能 下棋 散步,撒谎 闹事 晒太阳 吹牛 吵 耍赖 抽烟 串门 瞎 唠叨 吵架 吵嘴,聊天儿 胡闹 玩儿 闹着玩儿 吵架 吵嘴 打牌 打架 吹牛 玩耍 耍 说闲话 溜达 吵 唠叨 打盹儿 侃大山 絮叨 抽烟 遛 串门 发脾气 吃饭 跳舞 耍赖 胡思乱想 逞能 晒太阳 逗 散步 转悠 撒谎 瞎 晃荡 闹 开玩笑 下棋 闹事 捉迷藏 逛 折腾 告状
119,4,0.3572098458594233,-0.04483241412693911,0.5,出山 下海 跳槽 归来,归来 跳槽 下海 出山,出山 跳槽 归来 下海,出山 下海 跳槽 归来
120,1,,0.0,0.0,下游,下游,下游,下游
121,3,0.44966006577822304,0.07459035134430568,0.0,落 落下 下落,下落 落下 落,落下 落 下落,落 落下 下落
122,9,0.47001095931508224,0.029229708699899302,0.2222222222222222,网页 浏览器 下载 网址 浏览 网站 主页 登录 搜索,登录 搜索 网站 主页 浏览 浏览器 网址 下载,网址 登录 网站 网页 浏览 浏览器 搜索 主页 下载,网页 浏览器 下载 网址 浏览 网站 主页 登录 搜索
123,42,0.41153240328502905,-0.0030818153456468574,0.5,凉爽 寒冷 气温 炎热 晴朗 潮湿 阴天 下雪 暖和 天气 下雨 湿度,雪 气候 结冰 阴 体温 瑞雪 打雷 热气,气候 暖烘烘 刮风 气温 热气 潮湿 打雷 零下 晴 透气 晴天 晴朗,凉爽 寒冷 气温 炎热 晴朗 潮湿 阴天 下雪 暖和 天气 下雨 湿度 温度 湿润 晴天 凉快 干燥 刮风 高温 零下 结冰 摄氏度 水温 暖烘烘 多云 刺骨 热气 晴 雨 气候 低温 灼热 温暖 打雷 风和日丽 清凉 雪 透气 雾 体温 阴 瑞雪
124,18,0.4648155416845502,0.09427883829946077,0.2777777777777778,从未 没有 从没 不曾 从来不 没 从来 从不 丝毫 未 再也 根本,尚未 决不 毫不 根本 毫无 未 不 丝毫,不 不曾 未 无 没 再也 根本 丝毫 从未 从来 从没 没有,从未 没有 从没 不曾 从来不 没 从来 从不 丝毫 未 再也 根本 决不 毫不 不 毫无 无 尚未
125,11,0.4594868699398028,0.016107576210253063,0.36363636363636365,必然 势必 必将 会 迟早 不可避免 可能 注定 就要 将 不一定,迟早 不一定 不可避免 就要 将 可能 注定 必然,将 会 不可避免 不一定 必将 必然 势必 就要 迟早 可能 注定,必然 势必 必将 会 迟早 不可避免 可能 注定 就要 将 不一定
126,6,0.4460288258836087,0.1010020794591056,0.0,微不足道 不起眼 无足轻重 默默无闻 渺小 不为人知,不为人知 默默无闻 渺小 无足轻重 不起眼 微不足道,不为人知 微不足道 不起眼 无足轻重 默默无闻 渺小,微不足道 不起眼 无足轻重 默默无闻 渺小 不为人知
127,23,0.43291279524375176,0.004854047995628593,0.34782608695652173,之后 此后 随后 以后 后 其后 后来 过后 然后 接下来 紧接着 不久,今后 于是 稍后 后来 最后 前夕 以后 期间,不久 后 往后 以后 后来 然后 后续 于是 稍后 期间 紧接着 今后,之后 此后 随后 以后 后 其后 后来 过后 然后 接下来 紧接着 不久 接着 稍后 往后 日后 最后 后续 于是 前后 今后 期间 前夕
128,5,0.389872519252982,0.041428851208498395,0.4,少不了 离不开 必不可少 不了了之 敬而远之,敬而远之 不了了之 必不可少 离不开 少不了,必不可少 不了了之 少不了 敬而远之 离不开,少不了 离不开 必不可少 不了了之 敬而远之
129,5,0.5229305889931228,0.24028358026227403,0.0,予以 不予 加以 给予 酌情,酌情 不予 加以 给予 予以,酌情 不予 给予 加以 予以,予以 不予 加以 给予 酌情
130,11,0.4617885369139411,0.07873572039087759,0.09090909090909091,比不上 比起 相比 逊色 比 要强 要好 不亚于 不如 媲美 对比,对比 要强 媲美 不亚于 要好 不如 相比 比,对比 不如 媲美 比 比不上 逊色 要强 要好 相比 不亚于 比起,比不上 比起 相比 逊色 比 要强 要好 不亚于 不如 媲美 对比
131,7,0.43003109646200555,0.052948355038246006,0.2857142857142857,津津有味 起劲 不亦乐乎 兴高采烈 兴致 头头是道 有声有色,兴高采烈 有声有色 头头是道 兴致 不亦乐乎 津津有味 起劲,起劲 有声有色 兴高采烈 兴致 头头是道 津津有味 不亦乐乎,津津有味 起劲 不亦乐乎 兴高采烈 兴致 头头是道 有声有色
132,54,0.4278082461627398,0.0019273171812068514,0.4444444444444444,也 却 确实 反倒 竟然 的确 倒是 居然 似乎 反而 仍然 依然,必定 照样 总算 则 可谓 未必 反而 终于,实在 仍然 不仅 不但 则 却 又 就 真的 仍 亦 也,也 却 确实 反倒 竟然 的确 倒是 居然 似乎 反而 仍然 依然 固然 终究 果真 仍旧 不但 都 竟 还 依旧 显然 果然 不仅 肯定 必定 简直 着实 真的 既 又 虽 就 照样 亦 实在 更是 仍 恰恰 还是 则 便 往往 才 无疑 未必 同样 总算 未免 可谓 当真 甚至 终于 真
133,18,0.41794874018972644,-0.00786200764113485,0.5,只是 就是 仅仅 便是 是 却是 可不是 而是 不仅仅 正是 并非 无非,即 只是 只 仅 不止 便是 并非 就是,正是 即 只 仅 可不是 无非 不止 是 只是 只有 而是 就是,只是 就是 仅仅 便是 是 却是 可不是 而是 不仅仅 正是 并非 无非 只有 算是 仅 不止 只 即
134,155,0.4247210895818722,-0.026399182856828594,0.5870967741935483,沮丧 羞愧 气愤 惊讶 诧异 惋惜 难过 惭愧 吃惊 茫然 伤心 心疼,着急 怨气 焦急 惊慌失措 头疼 震惊 慌 遗憾,惊慌失措 怜惜 佩服 疲倦 吃惊 半信半疑 由衷 慌乱 犹豫 得意 沮丧 慌张,沮丧 羞愧 气愤 惊讶 诧异 惋惜 难过 惭愧 吃惊 茫然 伤心 心疼 伤感 惊诧 苦恼 悔恨 悲哀 失望 痛心 慌张 厌烦 惊慌 绝望 愤怒 生气 悲伤 怨恨 自责 欣慰 焦躁 不安 害怕 委屈 欣喜 疑惑 怜惜 难堪 恐惧 烦躁 焦急 胆怯 嫉妒 痛苦 心酸 不解 感激 激动 难受 扫兴 畏惧 叹气 难为情 慌乱 兴奋 为难 惊奇 失落 妒忌 羡慕 好笑 后悔 困惑 忧愁 高兴 无奈 悲痛 害臊 不服气 心慌 焦虑 疲倦 埋怨 敬佩 不耐烦 疲惫 自卑 着急 不屑 愁眉苦脸 垂头丧气 责怪 反感 责备 感慨 泄气 狼狈 灰心 烦闷 自豪 无可奈何 震惊 凄凉 轻蔑 尴尬 骄傲 感动 遗憾 哭笑不得 得意 纳闷儿 惊慌失措 钦佩 忧虑 迷惑不解 感到 别扭 气馁 恨 歉意 哭泣 庆幸 犹豫 消沉 漠然 慌 忧郁 惊叹 好奇 迟疑 担心 畏缩 害羞 孤独 喜悦 留恋 过意不去 佩服 丢脸 寂寞 孤单 讨厌 恼羞成怒 恐慌 恍然大悟 发怒 同情 不已 感叹 厌倦 无聊 窘迫 头疼 担忧 耻辱 怨气 振奋 怀念 不以为然 半信半疑 丢人 怀疑 赞叹 压抑 由衷 大吃一惊
135,11,0.40976423192401834,0.007503050248911156,0.36363636363636365,有利于 不利于 有利 有助于 有益 不利 便于 有害 有用 不便 旨在,旨在 有害 不便 有用 便于 有益 不利 有助于,不便 不利 有助于 有益 有用 不利于 有利 有害 便于 旨在 有利于,有利于 不利于 有利 有助于 有益 不利 便于 有害 有用 不便 旨在
136,7,0.4393158524303102,0.04386513418707404,0.2857142857142857,冤枉 冤 惨 倒霉 无辜 不值 岂有此理,岂有此理 不值 惨 无辜 倒霉 冤枉 冤,无辜 冤 不值 惨 冤枉 岂有此理 倒霉,冤枉 冤 惨 倒霉 无辜 不值 岂有此理
137,7,0.43488306480440786,0.09163252319169311,0.0,滔滔不绝 脱口而出 有口无心 出口成章 引经据典 夸夸其谈 不假思索,不假思索 夸夸其谈 有口无心 引经据典 脱口而出 滔滔不绝 出口成章,脱口而出 有口无心 引经据典 夸夸其谈 出口成章 不假思索 滔滔不绝,滔滔不绝 脱口而出 有口无心 出口成章 引经据典 夸夸其谈 不假思索
138,80,0.42536731480181755,-0.026597071633864627,0.525,就算 毕竟 何况 也许 难道 反正 但是 虽说 可是 要不然 其实 不然,幸亏 要不是 所以 幸好 唯独 大概 如果 如果说,说到底 如果 纵然 看来 按说 偏偏 幸好 尤其 但 顶多 如果说 幸亏,就算 毕竟 何况 也许 难道 反正 但是 虽说 可是 要不然 其实 不然 只不过 当然 况且 要是 不过 哪怕 别说 说不定 要不 纵然 好歹 即便 即使 如果 幸好 既然 虽然 但 而且 好像 看样子 因为 说实话 按说 恐怕 幸亏 所以 好在 要不是 如果说 说真的 明明 没准儿 可惜 据说 或许 按理说 偏偏 莫非 说白了 难怪 实际上 那 怪不得 起码 再说 不光 假使 但愿 不如说 本来 就是说 那么 除非 不管 顶多 尤其 只要 说到底 要么 敢情 大概 没想到 尽管 唯独 看来 不用说 否则
139,12,0.46449509190695,0.13505657605295113,0.25,不许 不准 严禁 允许 禁止 擅自 私自 准许 容许 不宜 勿 无故,不宜 无故 勿 容许 准许 私自 擅自 不许,私自 勿 不宜 不准 无故 严禁 容许 允许 不许 擅自 准许 禁止,不许 不准 严禁 允许 禁止 擅自 私自 准许 容许 不宜 勿 无故
140,28,0.44636108675392894,0.07178470726516206,0.21428571428571427,怪异 奇怪 古怪 奇特 奇妙 有趣 荒诞 离奇 新奇 神奇 可怕 荒谬,惊险 深奥 好看 不可思议 难看 怪 骇人听闻 微妙,古怪 滑稽 怪 微妙 稀奇 新奇 吓人 搞笑 可怕 有意思 离奇 深奥,怪异 奇怪 古怪 奇特 奇妙 有趣 荒诞 离奇 新奇 神奇 可怕 荒谬 不可思议 吓人 恐怖 搞笑 稀奇 滑稽 有意思 夸张 神秘 深奥 惊险 怪 骇人听闻 难看 好看 微妙
141,17,0.44141632988252927,0.05696854596851579,0.35294117647058826,在乎 瞧不起 看不起 在意 不在乎 介意 嫌弃 理睬 不理 理会 看得起 惦记,买不起 计较 惦记 理会 看得起 眼红 看重 不理,不在乎 嫌弃 爱理不理 不理 计较 看得起 看不起 瞧不起 眼红 理会 理睬 在乎,在乎 瞧不起 看不起 在意 不在乎 介意 嫌弃 理睬 不理 理会 看得起 惦记 计较 看重 爱理不理 眼红 买不起
142,13,0.4313451737557701,0.04848670090941311,0.15384615384615385,疲惫不堪 虚弱 精疲力竭 无力 力不从心 不堪 无精打采 吃力 无能为力 空虚 摇摇欲坠 动弹,无能为力 动弹 脆弱 空虚 无精打采 吃力 力不从心 疲惫不堪,不堪 虚弱 力不从心 无力 精疲力竭 无能为力 脆弱 空虚 疲惫不堪 无精打采 摇摇欲坠 动弹,疲惫不堪 虚弱 精疲力竭 无力 力不从心 不堪 无精打采 吃力 无能为力 空虚 摇摇欲坠 动弹 脆弱
143,38,0.4533398669256248,0.07388733480761749,0.2631578947368421,非常 很 极为 十分 极其 比较 相当 越发 更加 越来越 愈来愈 格外,空前 十分 趋于 最 无比 不够 不算 显得,如此 越发 日益 越来越 尤为 太 够 很 不够 空前 愈来愈 无比,非常 很 极为 十分 极其 比较 相当 越发 更加 越来越 愈来愈 格外 多么 分外 太 尤为 挺 日趋 无比 蛮 过于 不怎么 日益 更 极度 不够 如此 这么 异常 够 颇 显得 越 最 极 不算 趋于 空前
144,4,0.40831307594117555,0.10132684218883435,0.0,不大 小 大 有限,有限 不大 大 小,大 小 不大 有限,不大 小 大 有限
145,15,0.4562219384755245,0.09162494168871901,0.2,必须 须 要 应 需要 应当 需 务必 应该 不妨 必要 必需,先 首先 必需 不妨 必要 无须 应该 务必,必要 必需 必须 务必 先 应 不妨 无须 需要 应该 应当 须,必须 须 要 应 需要 应当 需 务必 应该 不妨 必要 必需 无须 先 首先
146,7,0.3677621265737946,-0.0193666353193136,0.5714285714285714,变幻莫测 千变万化 不定 变换 颠倒 日新月异 犹豫不决,犹豫不决 日新月异 变换 颠倒 变幻莫测 千变万化 不定,日新月异 犹豫不决 不定 颠倒 变幻莫测 千变万化 变换,变幻莫测 千变万化 不定 变换 颠倒 日新月异 犹豫不决
147,1,,0.0,0.0,不容,不容,不容,不容
148,3,0.46501753757178305,0.13404959982915168,0.0,不满 不平 怨言,怨言 不平 不满,不平 不满 怨言,不满 不平 怨言
149,14,0.46016474207476277,0.10838203950146401,0.21428571428571427,碰巧 恰巧 凑巧 恰好 刚好 正好 偶然 不幸 巧合 有幸 幸运 运气,有幸 幸运 运气 不料 不幸 不慎 偶然 巧合,运气 不幸 不料 不慎 恰巧 恰好 偶然 巧合 有幸 幸运 刚好 碰巧,碰巧 恰巧 凑巧 恰好 刚好 正好 偶然 不幸 巧合 有幸 幸运 运气 不料 不慎
150,35,0.4422270064688417,0.04707236984737815,0.22857142857142856,急忙 赶忙 连忙 慌忙 赶紧 立刻 赶快 立即 马上 当即 只好 索性,纷纷 趁机 来不及 迫不及待 灵机一动 巴不得 果断 来得及,不得不 慌忙 不得已 立刻 立即 只得 只好 趁机 来不及 果断 连忙 连夜,急忙 赶忙 连忙 慌忙 赶紧 立刻 赶快 立即 马上 当即 只好 索性 只得 顾不得 随即 毫不犹豫 火速 干脆 匆忙 匆匆 连夜 毅然 迫不及待 顾不上 恨不得 来不及 不得不 连滚带爬 纷纷 趁机 不得已 巴不得 果断 灵机一动 来得及
151,6,0.4443120923499703,0.08066000623801838,0.16666666666666666,很难说 难说 谈不上 不得而知 不见得 定论,定论 不见得 不得而知 谈不上 难说 很难说,谈不上 不得而知 很难说 不见得 定论 难说,很难说 难说 谈不上 不得而知 不见得 定论
152,17,0.4518579649681233,0.07621969042682432,0.17647058823529413,愿意 宁愿 不肯 情愿 乐意 忍心 甘心 敢 宁可 舍不得 肯 想,想 甘心 敢 宁可 休想 竟敢 愿 不惜,舍不得 宁愿 不惜 忍心 敢 想 愿 乐意 不肯 肯 休想 愿意,愿意 宁愿 不肯 情愿 乐意 忍心 甘心 敢 宁可 舍不得 肯 想 愿 舍得 不惜 休想 竟敢
153,22,0.40425266139611765,-0.020123623876245018,0.5454545454545454,刻苦 勤奋 兢兢业业 辛勤 艰苦奋斗 钻研 苦练 不懈 勤劳 苦心 废寝忘食 发愤图强,严谨 自力更生 废寝忘食 不懈 苦练 节俭 敬业 奋斗,专心 废寝忘食 不懈 刻苦 敬业 辛勤 精益求精 兢兢业业 苦练 聚精会神 自强不息 苦心,刻苦 勤奋 兢兢业业 辛勤 艰苦奋斗 钻研 苦练 不懈 勤劳 苦心 废寝忘食 发愤图强 自强不息 精益求精 奋斗 敬业 专心 节俭 节衣缩食 聚精会神 自力更生 严谨
154,5,0.3399304308757075,-0.06542751352594386,0.6,办不到 照办 办事 干事 不成,干事 不成 照办 办不到 办事,办事 不成 照办 办不到 干事,办不到 照办 办事 干事 不成
155,45,0.4369978832411331,-0.009713992129622557,0.5111111111111111,哎 唉 啊 哎呀 呀 哈哈 嘛 哦 哇 嘿 吧 啦,罢了 对不起 抱歉 请坐 活该 干吗 完了 保重,没关系 拜托 抱歉 保重 不要紧 吧 呀 咱 哎 哇 哦 唉,哎 唉 啊 哎呀 呀 哈哈 嘛 哦 哇 嘿 吧 啦 没事儿 咱 你们 谢谢 拜托 快点儿 挺好 没关系 咱们 不要紧 没错 干吗 好玩儿 请坐 对不起 待会儿 完了 算了 抱歉 活该 好好 恭喜 不敢当 喂 保重 好家伙 改日 晚安 好久 也好 玩意儿 滴 罢了
156,7,0.4949562758868658,0.1614896672165276,0.0,容易 不易 轻而易举 轻易 难 轻松 不难,轻松 难 轻而易举 不难 轻易 不易 容易,轻而易举 不易 难 不难 轻易 轻松 容易,容易 不易 轻而易举 轻易 难 轻松 不难
157,10,0.42884268599958003,0.038117478391623584,0.3,衰退 衰弱 萧条 没落 衰竭 不景气 恶化 衰老 颓废 衰减,衰竭 衰减 恶化 衰老 颓废 没落 不景气 萧条,颓废 衰竭 衰减 衰弱 没落 不景气 萧条 恶化 衰老 衰退,衰退 衰弱 萧条 没落 衰竭 不景气 恶化 衰老 颓废 衰减
158,9,0.46934957840998365,0.05766126013242878,0.2222222222222222,受贿 贿赂 贪污 公款 财物 钱财 回扣 不正之风 财产,财产 不正之风 钱财 回扣 贪污 公款 财物 受贿,贪污 财产 贿赂 财物 受贿 回扣 不正之风 钱财 公款,受贿 贿赂 贪污 公款 财物 钱财 回扣 不正之风 财产
159,28,0.48032840653234116,0.13435810851190885,0.07142857142857142,怎么 什么 怎样 究竟 呢 哪里 哪儿 谁 到底 哪 干什么 怎么样,为何 为什么 请问 多久 吗 是不是 有没有 不知,怎么 是不是 请问 到底 有没有 吗 呢 哪 哪儿 为什么 哪些 不知,怎么 什么 怎样 究竟 呢 哪里 哪儿 谁 到底 哪 干什么 怎么样 吗 怎么办 什么样 哪些 多少 如何 何时 是不是 为什么 何处 不知 有没有 是否 请问 多久 为何
160,6,0.39809231418318014,0.01815019027991587,0.3333333333333333,不辞而别 出走 投奔 走投无路 各奔前程 不翼而飞,不翼而飞 走投无路 投奔 出走 各奔前程 不辞而别,各奔前程 走投无路 出走 不翼而飞 投奔 不辞而别,不辞而别 出走 投奔 走投无路 各奔前程 不翼而飞
161,8,0.4314631156677704,0.04360637759633159,0.25,赐教 指教 请教 指点 久仰 过奖 不耻下问 取经,取经 不耻下问 久仰 过奖 请教 赐教 指点 指教,取经 请教 久仰 不耻下问 指教 指点 过奖 赐教,赐教 指教 请教 指点 久仰 过奖 不耻下问 取经
162,4,0.4059793638278535,0.08289673126580269,0.0,恶劣 极端 反常 不良,不良 反常 极端 恶劣,反常 不良 极端 恶劣,恶劣 极端 反常 不良
163,38,0.423214351851205,0.01104016034345093,0.42105263157894735,看见 见到 看到 碰见 遇见 碰到 听到 听见 想到 见过 想起 遇到,觉得 看出 只见 路过 发觉 遇 明白 看得出,得知 看到 看出 遇上 碰见 遇到 想不到 明白 梦见 觉得 发现 目睹,看见 见到 看到 碰见 遇见 碰到 听到 听见 想到 见过 想起 遇到 认出 碰上 认得 知道 晓得 遇上 听说 望见 发觉 梦见 料到 得知 发现 想不到 目睹 记得 见 明白 觉得 路过 只见 结识 不见 看出 看得出 遇
164,9,0.3867379504473575,0.03017959140404595,0.4444444444444444,或是 不论 无论 凡是 或者 或 有的是 凡 无论如何,凡 无论如何 有的是 或 或者 凡是 无论 或是,无论 凡 或 无论如何 不论 凡是 有的是 或者 或是,或是 不论 无论 凡是 或者 或 有的是 凡 无论如何
165,10,0.4703503508461526,0.1373333763506791,0.1,欠缺 缺少 缺乏 缺失 缺 不足 薄弱 少 滞后 欠,少 滞后 欠 不足 薄弱 缺失 缺 欠缺,少 缺 欠缺 欠 滞后 不足 薄弱 缺乏 缺少 缺失,欠缺 缺少 缺乏 缺失 缺 不足 薄弱 少 滞后 欠
166,63,0.4434332438869673,0.03797944950545346,0.38095238095238093,急性 炎症 病症 症状 腹泻 疾病 慢性 发病 复发 癌症 高血压 抑郁症,传染 切除 确诊 艾滋病 传染病 疗效 昏迷 中毒,损伤 疗效 传染病 骨折 流感 肿瘤 糖尿病 病 癌 腹泻 患 肥胖,急性 炎症 病症 症状 腹泻 疾病 慢性 发病 复发 癌症 高血压 抑郁症 发炎 心脏病 病 出血 糖尿病 疼痛 发作 感冒 患病 咳嗽 患有 确诊 患 过敏 病情 痴呆 抑郁 患者 肿瘤 呕吐 失眠 骨折 头晕 癌 传染病 血栓 流感 中毒 精神病 治愈 感染 肥胖 发热 休克 生病 艾滋病 霍乱 发烧 失明 晕车 血压 昏迷 损伤 传染 职业病 疗效 不适 愈合 切除 出汗 病毒
167,9,0.4453646233077633,0.048848569290253635,0.5555555555555556,疏通 畅通 通畅 堵塞 不通 打通 堵 疏导 通行,通行 堵 不通 疏导 打通 通畅 畅通 堵塞,堵塞 堵 疏通 通行 打通 畅通 疏导 不通 通畅,疏通 畅通 通畅 堵塞 不通 打通 堵 疏导 通行
168,14,0.463591565611336,0.09308047578628706,0.14285714285714285,出色 优异 出众 卓越 优良 优秀 杰出 良好 过硬 高超 非凡 独特,独特 不错 优越 非凡 优良 过硬 高超 良好,优越 优良 优秀 独特 优异 杰出 良好 出色 不错 出众 高超 卓越,出色 优异 出众 卓越 优良 优秀 杰出 良好 过硬 高超 非凡 独特 优越 不错
169,8,0.39667375430090723,0.03628679883357842,0.375,牵涉 牵扯 顾及 涉及 波及 卷入 不顾 顾,顾 不顾 卷入 涉及 波及 顾及 牵扯 牵涉,牵涉 牵扯 波及 顾 不顾 顾及 涉及 卷入,牵涉 牵扯 顾及 涉及 波及 卷入 不顾 顾
170,5,0.5209752640552778,0.2407744501970676,0.0,与 跟 同 与其 和,和 与其 同 跟 与,同 和 与 跟 与其,与 跟 同 与其 和
171,7,0.3996926500674673,0.008776571591128303,0.5714285714285714,好坏 高低 长短 与否 取决于 忽高忽低 时好时坏,忽高忽低 取决于 时好时坏 高低 与否 长短 好坏,长短 忽高忽低 时好时坏 好坏 与否 高低 取决于,好坏 高低 长短 与否 取决于 忽高忽低 时好时坏
172,9,0.4488668025885754,0.05856870980186912,0.4444444444444444,急剧 飞速 迅速 快速 大幅度 逐年 缓慢 剧烈 与日俱增,缓慢 剧烈 与日俱增 飞速 大幅度 快速 迅速 逐年,大幅度 快速 逐年 剧烈 飞速 迅速 缓慢 急剧 与日俱增,急剧 飞速 迅速 快速 大幅度 逐年 缓慢 剧烈 与日俱增
173,5,0.35050448108470855,-0.07534356910978594,0.8,科学 知识 实事求是 与时俱进 科普,科普 实事求是 与时俱进 知识 科学,实事求是 与时俱进 科普 科学 知识,科学 知识 实事求是 与时俱进 科普
174,8,0.44340388791099505,0.06922111364378375,0.125,贼 贱 丑 凶 恶 帅 逼 劫,劫 恶 凶 帅 逼 贼 丑 贱,凶 劫 帅 丑 恶 逼 贼 贱,贼 贱 丑 凶 恶 帅 逼 劫
175,88,0.4190000169941995,-0.029028240039362888,0.5568181818181818,愚蠢 自私 狡猾 粗鲁 奸诈 蠢 高傲 胆小 暴躁 善良 聪明 冷酷,娇惯 罪恶 粗心 开朗 猖狂 聪明 阴暗 性格,盛气凌人 胆小 猖狂 爱面子 粗暴 无能 糊涂 倔 傻 粗鲁 虚伪 乖,愚蠢 自私 狡猾 粗鲁 奸诈 蠢 高傲 胆小 暴躁 善良 聪明 冷酷 倔强 凶残 可恶 冷漠 傲慢 虚伪 懒惰 幼稚 无情无义 无知 残忍 卑鄙 天真 固执 丑陋 调皮 鲁莽 顽皮 凶恶 乖巧 贪婪 小气 贪玩儿 可笑 凶狠 娇惯 软弱 可爱 老实 冷酷无情 世故 邪恶 叛逆 温柔 耿直 娇气 自以为是 自私自利 倔 丑恶 傻 可悲 爱面子 无能 淘气 脾气 目中无人 机灵 放肆 乖 可怜 听话 庸俗 懂事 大大咧咧 性格 糊涂 讨人喜欢 盛气凌人 笨 粗心 可耻 顽固 性情 狭隘 粗暴 猖狂 开朗 拙劣 幽默 野蛮 堕落 勤快 阴暗 残酷 罪恶
176,9,0.4726068704538034,0.1504550952528818,0.0,传闻 传言 绯闻 传出 消息 谣言 沸沸扬扬 丑闻 传,沸沸扬扬 传 消息 丑闻 谣言 绯闻 传出 传言,传 绯闻 丑闻 沸沸扬扬 传出 谣言 消息 传闻 传言,传闻 传言 绯闻 传出 消息 谣言 沸沸扬扬 丑闻 传
177,3,0.4801138215266773,0.1571702915106129,0.0,职业 业余 专业,专业 职业 业余,专业 业余 职业,职业 业余 专业
178,3,0.5244978129750423,0.20644544115596156,0.0,专门 专人 专职,专职 专人 专门,专人 专职 专门,专门 专人 专职
179,6,0.38262800865157887,0.019082948079029858,0.3333333333333333,商标 品牌 牌 老字号 专利 王牌,王牌 老字号 专利 品牌 牌 商标,王牌 专利 老字号 牌 商标 品牌,商标 品牌 牌 老字号 专利 王牌
180,19,0.4370847830414388,0.03035094983509747,0.47368421052631576,封建 专制 帝国主义 统治 剥削 压迫 侵略 腐朽 官僚 资本主义 反抗 势力,势力 推翻 武力 官僚 斗争 腐朽 侵略 反抗,专制 斗争 资本主义 腐朽 武力 官僚 帝国主义 官僚主义 推翻 反抗 压迫 阶级,封建 专制 帝国主义 统治 剥削 压迫 侵略 腐朽 官僚 资本主义 反抗 势力 政权 阶级 斗争 主义 官僚主义 推翻 武力
181,22,0.45227907528900946,0.03903880883465429,0.22727272727272727,超市 商场 商店 药店 连锁店 书店 专卖店 便利店 店 专柜 百货 连锁,零售 购物 加油站 柜台 邮局 网点 报亭 售货员,邮局 加油站 网点 店 柜台 菜市场 零售 超市 商城 商场 商店 连锁店,超市 商场 商店 药店 连锁店 书店 专卖店 便利店 店 专柜 百货 连锁 报亭 菜市场 网点 零售 售货员 加油站 商城 邮局 柜台 购物
182,3,0.48901720651951425,0.13809793821259086,0.0,专家 资深 人士,专家 资深 人士,专家 资深 人士,专家 资深 人士
183,10,0.4133794226085063,0.0007533544135543975,0.7,专栏 文章 博客 栏目 帖子 访谈 专题 投稿 稿子 标题,标题 访谈 博客 稿子 投稿 专题 帖子 文章,博客 帖子 标题 专题 栏目 访谈 文章 投稿 稿子 专栏,专栏 文章 博客 栏目 帖子 访谈 专题 投稿 稿子 标题
184,12,0.39101849356519186,-0.009356025156372289,0.5833333333333334,着眼于 着眼 注重 着重 侧重 立足 专注 围绕 着手 兼顾 重心 着想,着想 重心 着手 围绕 立足 兼顾 着眼 专注,重心 着眼于 注重 侧重 着眼 着手 着想 着重 立足 围绕 兼顾 专注,着眼于 着眼 注重 着重 侧重 立足 专注 围绕 着手 兼顾 重心 着想
185,4,0.4021922557461635,0.03407233008305888,0.25,公用 公共 公益性 专用,专用 公益性 公共 公用,公益性 公共 公用 专用,公用 公共 公益性 专用
186,23,0.4823869812034811,0.10815072858907844,0.21739130434782608,赶赴 前往 赶往 奔赴 抵达 来到 赶到 起程 飞往 到达 返回 离开,重返 回到 走进 回国 专程 离开 出发 前来,飞往 返回 离开 赶到 赶往 赴 回国 回到 前来 出发 赶赴 抵达,赶赴 前往 赶往 奔赴 抵达 来到 赶到 起程 飞往 到达 返回 离开 动身 回到 赴 直奔 踏上 专程 走进 前来 重返 回国 出发
187,19,0.43958033727379564,0.052997533778485574,0.3157894736842105,专著 著作 辞典 书籍 词典 字典 名著 书 百科全书 传记 回忆录 文献,概论 记载 日记 书籍 笔记 手册 书 教科书,词典 书 笔记 回忆录 名著 论文 著作 专著 辞典 教科书 文献 百科全书,专著 著作 辞典 书籍 词典 字典 名著 书 百科全书 传记 回忆录 文献 笔记 论文 教科书 手册 日记 概论 记载
188,88,0.41437314967424826,-0.048612303024161266,0.7045454545454546,演唱 歌剧 歌曲 独唱 话剧 舞蹈 演奏 合唱 戏剧 演出 乐曲 伴奏,演戏 剧组 国歌 诗歌 歌声 节目 旋律 演奏,演戏 演技 唱片 交响乐 电视剧 唱歌 乐队 剧 唱 芭蕾 诗歌 朗诵,演唱 歌剧 歌曲 独唱 话剧 舞蹈 演奏 合唱 戏剧 演出 乐曲 伴奏 歌唱 歌舞 音乐 表演 剧目 交响乐 歌词 喜剧 演员 民歌 歌手 戏 京剧 剧本 电影 剧 戏曲 乐队 旋律 朗诵 芭蕾 唱 杂技 排练 音乐会 电视剧 创作 相声 导演 影片 诗歌 唱歌 主题歌 演戏 歌 笛子 节目 主演 吉他 剧团 作品 编剧 演唱会 歌声 抒情 小提琴 摇滚 小品 秧歌 专辑 动画片 配音 演 纪录片 出演 乐器 录制 短片 舞 剧场 剧情 小说 唱片 演技 动画 钢琴 片子 连续剧 马戏 改编 曲 木偶 歌咏 小曲 国歌 剧组
189,14,0.44212414951500245,0.0630690313528918,0.2857142857142857,爱好 喜欢 嗜好 喜好 喜爱 专长 兴趣 擅长 特长 热衷 拿手 感兴趣,爱 座右铭 喜爱 拿手 热衷 兴趣 感兴趣 喜欢,拿手 感兴趣 爱 嗜好 专长 擅长 兴趣 座右铭 热衷 喜欢 喜爱 喜好,爱好 喜欢 嗜好 喜好 喜爱 专长 兴趣 擅长 特长 热衷 拿手 感兴趣 座右铭 爱
190,25,0.4107612841108413,0.039802641433670044,0.36,致使 从而 使得 以致 使 进而 因而 导致 促使 迫使 以至于 并且,从此 致 由此 促成 加上 以至于 甚至于 而,并且 并 令 且 使 故 促使 从此 使得 促成 迫使 加上,致使 从而 使得 以致 使 进而 因而 导致 促使 迫使 以至于 并且 继而 故 令 且 而 让 由此 并 甚至于 加上 促成 从此 致
191,16,0.42750905858372745,0.0072644461630103066,0.625,国外 国内 海外 外国 海内外 全球 境外 中外 国际 全世界 内地 全国,全球 跨国 世界 国内 本土 全国 外地 内地,境外 海外 本土 中外 海内外 全国 国内 国外 全球 世界 跨国 全世界,国外 国内 海外 外国 海内外 全球 境外 中外 国际 全世界 内地 全国 跨国 本土 世界 外地
192,30,0.4585566510258935,0.08767616480334241,0.2,决赛 冠军 亚军 半决赛 比赛 预赛 世界杯 银牌 夺冠 铜牌 奖牌 金牌,球队 联赛 爆冷门 夺魁 杯 奖杯 奥运会 入场券,东道主 参赛 选手 决赛 奥运会 杯 赛场 联赛 球队 铜牌 入场券 双打,决赛 冠军 亚军 半决赛 比赛 预赛 世界杯 银牌 夺冠 铜牌 奖牌 金牌 参赛 赛场 单打 奥运会 联赛 大奖赛 选手 赛 双打 亚运会 大赛 奖杯 夺魁 爆冷门 东道主 杯 入场券 球队
193,10,0.44831179746879435,0.09838434223573173,0.2,初期 早期 时期 后期 晚期 年代 中期 前期 世纪 时代,中期 世纪 前期 时代 早期 后期 年代 时期,早期 时期 年代 晚期 后期 中期 初期 世纪 前期 时代,初期 早期 时期 后期 晚期 年代 中期 前期 世纪 时代
194,41,0.42115709233755066,-0.05366600892362779,0.6585365853658537,山岭 峡谷 山坡 山谷 丘陵 高山 山峰 沼泽 河流 湖泊 雪山 小溪,河流 桥 堤 水库 河 岩石 湖泊 堤坝,丘陵 湖泊 坝 坡 堤 山 瀑布 岩石 湖 沟 河 河流,山岭 峡谷 山坡 山谷 丘陵 高山 山峰 沼泽 河流 湖泊 雪山 小溪 山顶 山 平原 悬崖 河 沟 瀑布 沙漠 草原 坝 山区 湖 山冈 高原 山路 水库 岩石 池塘 坡 森林 堤坝 草地 海拔 丛林 戈壁 山川 堤 陡 桥
195,3,0.7105063583108052,0.55590765827873,0.0,乙 甲 丙,丙 甲 乙,乙 丙 甲,乙 甲 丙
196,8,0.4305385701678331,0.029760665797106144,0.25,行业 产业 领域 业务 市场 板块 业 资本,资本 板块 业务 业 领域 市场 产业 行业,业 板块 资本 行业 业务 产业 市场 领域,行业 产业 领域 业务 市场 板块 业 资本
197,12,0.42975095373377786,0.0529914484229888,0.3333333333333333,利润 盈利 收入 收益 效益 产值 业绩 销量 产量 增收 价值 增值,价值 产值 销量 产量 增收 增值 收入 收益,增值 增收 收益 效益 收入 盈利 利润 价值 产值 业绩 销量 产量,利润 盈利 收入 收益 效益 产值 业绩 销量 产量 增收 价值 增值
198,18,0.497299393193523,0.10772577208914338,0.2777777777777778,北部 南部 东南 东部 西北 西南 西部 北 中部 南 东北 西,北方 沿海 地区 境内 南北 北 东 中部,东北 东南 境内 北 南 东 北部 东部 西部 南北 地区 沿海,北部 南部 东南 东部 西北 西南 西部 北 中部 南 东北 西 东 南北 沿海 北方 地区 境内
199,21,0.43863954627673213,0.05741915547918129,0.14285714285714285,艰辛 辛苦 艰苦 苦 苦难 忍饥挨饿 辛酸 艰险 劳累 艰难 受苦 风餐露宿,忍受 东奔西走 悲惨 折磨 惨痛 艰难 艰险 操劳,忍饥挨饿 苦难 艰辛 艰苦 艰险 艰难 忍受 操劳 劳累 东奔西走 悲惨 酸甜苦辣,艰辛 辛苦 艰苦 苦 苦难 忍饥挨饿 辛酸 艰险 劳累 艰难 受苦 风餐露宿 操劳 奔波 吃苦 酸甜苦辣 悲惨 忍受 折磨 惨痛 东奔西走
200,4,0.5057742502728753,0.1857674652153533,0.25,偷看 偷窥 偷 东张西望,东张西望 偷 偷窥 偷看,偷 偷看 偷窥 东张西望,偷看 偷窥 偷 东张西望
201,2,0.479602471309442,0.1257307312951035,0.0,东方 南方,东方 南方,南方 东方,东方 南方
202,4,0.4565586315656828,0.12762197402525832,0.0,事物 物体 物质 东西,物质 东西 物体 事物,物体 事物 东西 物质,事物 物体 物质 东西
203,5,0.43476517084106703,0.08802213803524048,0.2,缕 根 束 丝 稻草,稻草 丝 束 根 缕,丝 缕 束 根 稻草,缕 根 束 丝 稻草
204,69,0.42877857940111314,-0.02397711334183045,0.5942028985507246,踹 拽 拧 磕 搓 摔 捅 蹦 捏 蹬 砸 扔,摔倒 爬 抓 捡 窜 拉 掐 扛,兜 刨 刮 劈 叼 咬 啃 丢 碰 磕 砸 砍,踹 拽 拧 磕 搓 摔 捅 蹦 捏 蹬 砸 扔 揍 咬 叼 踢 敲 搂 捶 拎 揪 扯 劈 扒 掰 抠 摸 擦 甩 蹭 舔 掐 抡 捡 爬 砍 掏 撞 揉 抖 碰 刨 撕 溜 挠 扳 打 揣 晃 踩 刮 扛 捞 跳 滚 啃 撬 拉 扑 搀 趴 丢 抱 踏 兜 铲 抓 摔倒 窜
205,13,0.394656537662415,-0.020933482119847118,0.6153846153846154,毁坏 损坏 烧毁 毁 丢弃 丢失 遗弃 损失 埋没 焚烧 流失 损,冷落 流失 损失 埋没 焚烧 损 丢失 遗弃,流失 丢失 丢弃 损 毁 埋没 冷落 毁坏 遗弃 焚烧 损坏 损失,毁坏 损坏 烧毁 毁 丢弃 丢失 遗弃 损失 埋没 焚烧 流失 损 冷落
206,19,0.4233345964369355,0.008146698617836819,0.631578947368421,忘记 忘掉 忽略 记住 抛弃 丢掉 遗忘 放过 放弃 忽视 忘 原谅,牢记 错过 铭记 丢掉 放弃 放下 忘不了 原谅,忘掉 忘 放过 丢掉 忘不了 原谅 抛弃 抛开 放弃 小看 铭记 遗忘,忘记 忘掉 忽略 记住 抛弃 丢掉 遗忘 放过 放弃 忽视 忘 原谅 铭记 忘不了 错过 牢记 放下 小看 抛开
207,1,,0.0,0.0,两岸,两岸,两岸,两岸
208,69,0.4539459507836373,0.04627307323518857,0.34782608695652173,胳膊 手臂 脖子 手掌 嘴唇 肩膀 鼻子 脸颊 手指 舌头 腿 嘴巴,肌肤 伸 伤口 钳子 脑子 关节 眼 胡子,爪子 肚子 浑身 肢体 把手 脖子 嘴 头 伸 拳头 骨头 喉咙,胳膊 手臂 脖子 手掌 嘴唇 肩膀 鼻子 脸颊 手指 舌头 腿 嘴巴 爪子 脑袋 身子 耳朵 膝盖 喉咙 手腕 眼睛 胸膛 颈部 胸部 肚子 眉毛 双手 身体 腰 腹部 指甲 头发 指头 身躯 嘴 把手 手脚 脸 脚 全身 肌肉 牙齿 浑身 骨头 头顶 钳子 用力 伤口 抚摸 皮肤 嗓子 怀里 尾巴 拳头 肩 肢体 面部 使劲 关节 眼 手 两手 头部 伸 头 伸手 握 脑子 胡子 肌肤
209,3,0.45653243550622125,0.14541795650113942,0.0,机动 突击 两栖,两栖 机动 突击,机动 突击 两栖,机动 突击 两栖
210,6,0.3884912042006346,0.0027230144279207957,0.5,监督 把关 严 监管 监察 关,关 监察 监管 监督 严 把关,监察 关 严 把关 监督 监管,监督 把关 严 监管 监察 关
211,19,0.4252818674535433,0.014039661942406348,0.5789473684210527,处罚 惩处 查处 惩罚 罚款 处分 违法 追究 拘留 吊销 违规 严厉,威慑 打击 查处 严厉 拘留 违章 依法 违法,拘留 制裁 追究 严厉 吊销 罚 惩处 罚款 惩罚 没收 依法 查处,处罚 惩处 查处 惩罚 罚款 处分 违法 追究 拘留 吊销 违规 严厉 没收 罚 制裁 依法 违章 打击 威慑
212,7,0.4460684913046449,0.0707882255089569,0.2857142857142857,完备 健全 严密 完整 严格 规范 完好,严格 规范 完好 完整 严密 完备 健全,严密 严格 规范 完整 健全 完好 完备,完备 健全 严密 完整 严格 规范 完好
213,12,0.4686539478423172,0.08538847047032415,0.16666666666666666,紧迫 急迫 严峻 艰巨 迫切 繁重 复杂 棘手 错综复杂 尖锐 沉重 急需,急需 沉重 急迫 繁重 尖锐 错综复杂 棘手 迫切,严峻 紧迫 艰巨 迫切 急迫 急需 棘手 尖锐 繁重 错综复杂 沉重 复杂,紧迫 急迫 严峻 艰巨 迫切 繁重 复杂 棘手 错综复杂 尖锐 沉重 急需
214,15,0.38308522564824726,0.005125642061236976,0.4666666666666667,细致 细心 仔细 认真 用心 周密 慎重 精心 精细 耐心 细微 细,微弱 细微 耐心 郑重 严肃 细 周密 慎重,郑重 周密 细微 细心 细 微弱 细致 用心 慎重 耐心 精细 认真,细致 细心 仔细 认真 用心 周密 慎重 精心 精细 耐心 细微 细 严肃 郑重 微弱
215,8,0.3828169036190866,-0.017497342991239923,0.625,突出 显眼 抢眼 明显 引人注目 严重 活跃 致命,明显 致命 严重 活跃 显眼 引人注目 抢眼 突出,抢眼 明显 突出 致命 显眼 活跃 严重 引人注目,突出 显眼 抢眼 明显 引人注目 严重 活跃 致命
216,5,0.4828646280784719,0.1709597855840323,0.2,丧失 失去 消失 迷失 剥夺,剥夺 迷失 消失 失去 丧失,迷失 剥夺 消失 失去 丧失,丧失 失去 消失 迷失 剥夺
217,13,0.4706068923206999,0.11394306798686336,0.23076923076923078,丧生 遇难 受伤 重伤 死亡 伤亡 失踪 幸存 车祸 倒塌 空难 惨重,幸免 惨重 倒塌 车祸 受伤 空难 重伤 幸存,幸免 幸存 伤亡 失踪 倒塌 空难 死亡 受伤 遇难 惨重 车祸 丧生,丧生 遇难 受伤 重伤 死亡 伤亡 失踪 幸存 车祸 倒塌 空难 惨重 幸免
218,3,0.40430793896963135,0.07280470338509139,0.0,家 个 户,个 户 家,家 个 户,家 个 户
219,7,0.3567531445421065,-0.03788492885124372,0.5714285714285714,私人 个人 私营 私有 个体 国有 本人,本人 国有 私营 个体 个人 私有 私人,私营 本人 国有 私有 私人 个体 个人,私人 个人 私营 私有 个体 国有 本人
220,24,0.44136112997604726,0.0746668721285153,0.20833333333333334,壮实 健壮 苗条 身材 强壮 结实 英俊 修长 矮小 胖 高大 红润,粗 个子 结实 容颜 英俊 丰满 容光焕发 壮,身材 长相 壮 粗 矮 瘦 红润 容颜 健壮 苗条 强壮 矮小,壮实 健壮 苗条 身材 强壮 结实 英俊 修长 矮小 胖 高大 红润 瘦 个儿 个头儿 矮 丰满 长相 水灵灵 壮 个子 容光焕发 容颜 粗
221,9,0.4602477203909857,0.05003242656853997,0.2222222222222222,天性 本性 欲望 本能 冲动 好奇心 人性 个性 念头,念头 好奇心 欲望 个性 人性 冲动 本能 本性,冲动 人性 本性 欲望 天性 个性 本能 好奇心 念头,天性 本性 欲望 本能 冲动 好奇心 人性 个性 念头
222,6,0.45135454342923986,0.12234975105354841,0.16666666666666666,特例 例子 例外 先例 个案 典型,典型 个案 例外 先例 例子 特例,典型 例外 例子 个案 特例 先例,特例 例子 例外 先例 个案 典型
223,5,0.49501315456565714,0.2137278625467994,0.0,当中 中 之中 其中 其间,其间 中 其中 之中 当中,中 其间 当中 其中 之中,当中 中 之中 其中 其间
224,4,0.417799919841135,0.022319198964254116,0.25,家教 家政 教育 中介,教育 中介 家政 家教,中介 教育 家政 家教,家教 家政 教育 中介
225,43,0.45254053230865326,0.054734957585173535,0.2558139534883721,急诊 治疗 门诊 医院 儿科 医生 住院 外科 病人 就诊 手术 内科,医务 保健 医疗 救治 疗法 急救 大夫 医学,临床 看病 疗法 挂号 床位 门诊 打针 诊所 诊断 会诊 中医 病房,急诊 治疗 门诊 医院 儿科 医生 住院 外科 病人 就诊 手术 内科 针灸 病房 手术室 救治 打针 西医 看病 临床 护士 急救 中医 诊所 挂号 出院 会诊 治病 诊断 输液 求医 康复 医学 护理 病床 就医 医务 医疗 麻醉 疗法 大夫 床位 保健
226,3,0.40293755902842227,-0.0032153176975261524,0.3333333333333333,中国 大陆 中华,大陆 中华 中国,中华 中国 大陆,中国 大陆 中华
227,5,0.450995384138187,0.056769270399706986,0.4,祖国 家乡 故乡 中华民族 民族,民族 中华民族 故乡 家乡 祖国,祖国 故乡 民族 家乡 中华民族,祖国 家乡 故乡 中华民族 民族
228,26,0.4829752217443542,0.08049691155032258,0.3076923076923077,绘画 国画 油画 画 素描 雕塑 中国画 壁画 画家 年画 美术 图画,漫画 幅 雕刻 图案 瓷器 刺绣 工艺品 书法,雕塑 雕刻 插图 瓷器 幅 肖像 图画 刺绣 画 图案 艺术 画展,绘画 国画 油画 画 素描 雕塑 中国画 壁画 画家 年画 美术 图画 书法 雕刻 画展 画册 肖像 艺术 画儿 刺绣 工艺品 插图 漫画 图案 瓷器 幅
229,9,0.4857467436163064,0.1686225959269062,0.1111111111111111,小型 中型 大型 微型 巨型 轻型 重型 型 袖珍,型 袖珍 重型 轻型 巨型 大型 微型 小型,重型 型 微型 中型 大型 小型 袖珍 巨型 轻型,小型 中型 大型 微型 巨型 轻型 重型 型 袖珍
230,1,,0.0,0.0,中央,中央,中央,中央
231,3,0.5060714697435647,0.22662669386432963,0.0,抽奖 中奖 活动,活动 中奖 抽奖,抽奖 中奖 活动,抽奖 中奖 活动
232,19,0.41643559201144204,0.05141121526674952,0.21052631578947367,老年 青少年 年纪 中年 成年 少年 年轻 年龄 青年 岁 未成年人 年迈,儿童 晚年 成人 少儿 青年 年迈 岁数 青春期,年迈 年轻 青春期 岁 岁数 年纪 未成年人 中年 晚年 青少年 成年 成人,老年 青少年 年纪 中年 成年 少年 年轻 年龄 青年 岁 未成年人 年迈 岁数 青春期 高龄 儿童 少儿 晚年 成人
233,11,0.4477349803345045,0.08620671484013737,0.18181818181818182,儒学 儒家 国学 哲学 治学 学问 圣贤 学术 茶道 启蒙 中庸,圣贤 中庸 学术 启蒙 茶道 哲学 学问 治学,茶道 启蒙 哲学 中庸 国学 儒学 儒家 治学 圣贤 学术 学问,儒学 儒家 国学 哲学 治学 学问 圣贤 学术 茶道 启蒙 中庸
234,5,0.3809849810272262,-0.027771267963730507,0.6,示范 试点 基地 推广 中心,中心 推广 基地 试点 示范,中心 推广 示范 试点 基地,示范 试点 基地 推广 中心
235,1,,0.0,0.0,中性,中性,中性,中性
236,42,0.43378976526189206,0.06359109812052142,0.3333333333333333,汉语 英语 口语 日语 语法 俄语 词汇 英文 法语 外语 汉字 普通话,课文 听写 写作 成语 字 文字 语音 华语,写作 成语 读音 生词 词汇 字 华语 课文 句子 流利 语音 错别字,汉语 英语 口语 日语 语法 俄语 词汇 英文 法语 外语 汉字 普通话 语言 句子 读音 中文 音节 繁体字 词语 方言 听写 文字 西班牙语 翻译 阿拉伯语 字母 简体字 生词 课文 写作 错别字 字幕 词 成语 流利 语音 识字 口音 外文 华语 字 交际
237,10,0.4427750277901491,0.06470663339952475,0.3,中止 停止 暂停 中断 终止 取消 停顿 撤销 停 瘫痪,停 瘫痪 终止 取消 撤销 停顿 中断 停止,暂停 终止 取消 停 停止 瘫痪 中止 中断 撤销 停顿,中止 停止 暂停 中断 终止 取消 停顿 撤销 停 瘫痪
238,35,0.47574736967632814,0.09131180169969971,0.2857142857142857,春节 中秋节 元宵节 清明节 除夕 元旦 圣诞节 节日 端午节 佳节 假期 过年,喜庆 周末 生日 节假日 节气 团圆 每逢 农历,拜年 清明节 周末 中秋节 新年 元宵节 团圆 暑假 暑期 清明 生日 国庆,春节 中秋节 元宵节 清明节 除夕 元旦 圣诞节 节日 端午节 佳节 假期 过年 长假 新年 国庆 过节 节假日 放假 暑假 寒假 假日 农历 腊月 清明 周末 暑期 休假 团圆 庙会 拜年 每逢 初一 生日 节气 喜庆
239,3,0.49818106053325667,0.13724241277124585,0.0,独立 独立自主 中立,中立 独立自主 独立,独立 独立自主 中立,独立 独立自主 中立
240,3,0.5052591420896332,0.1905524111226362,0.0,高等 初等 中等,中等 高等 初等,中等 初等 高等,高等 初等 中等
241,4,0.4327340754868683,0.04951234854231795,0.5,高级 中级 初级 高层,高层 初级 中级 高级,中级 初级 高级 高层,高级 中级 初级 高层
242,18,0.43262008995972745,0.04742719091853978,0.2777777777777778,药物 药 抗生素 药片 中药 药品 激素 疫苗 服用 处方 安眠药 剂,免疫 激素 医药 剂 偏方 安眠药 胶囊 服用,激素 剂 偏方 免疫 药片 药物 安眠药 药方 服用 药品 胶囊 药,药物 药 抗生素 药片 中药 药品 激素 疫苗 服用 处方 安眠药 剂 药方 注射 胶囊 免疫 偏方 医药
243,7,0.45124779973480705,0.09543846420545607,0.14285714285714285,丰富 丰富多彩 丰厚 丰硕 丰盛 富有 充实,富有 充实 丰硕 丰厚 丰盛 丰富多彩 丰富,丰硕 丰盛 丰富 丰厚 充实 富有 丰富多彩,丰富 丰富多彩 丰厚 丰硕 丰盛 富有 充实
244,29,0.4287286821904264,0.02289344705630885,0.41379310344827586,水稻 作物 农作物 种植 小麦 肥料 粮食 庄稼 棉花 玉米 灌溉 农业,合作社 杂交 养殖 开垦 水产品 灌溉 果园 耕地,增产 玉米 种植 开垦 粮食 耕地 饲料 果园 肥料 肥沃 小麦 牲畜,水稻 作物 农作物 种植 小麦 肥料 粮食 庄稼 棉花 玉米 灌溉 农业 牲畜 耕地 饲料 化肥 养殖 栽培 农产品 果园 水产品 大棚 丰收 土壤 合作社 增产 杂交 肥沃 开垦
245,3,0.4237349295616694,0.04168012659763296,0.3333333333333333,堆 群 串,串 群 堆,堆 串 群,堆 群 串
246,1,,0.0,0.0,临,临,临,临
247,1,,0.0,0.0,临时,临时,临时,临时
248,77,0.4365880280275825,0.013017985476570649,0.4675324675324675,柜子 桌子 书桌 窗子 屋子 凳子 椅子 窗台 窗户 卧室 书橱 房间,操场 盘子 本子 盒子 楼 楼房 教学楼 脸盆,卫生间 寝室 脸盆 宿舍 洗手间 阳台 抽屉 盒子 墙 床 办公室 烟囱,柜子 桌子 书桌 窗子 屋子 凳子 椅子 窗台 窗户 卧室 书橱 房间 书柜 客厅 墙壁 楼道 写字台 阳台 卫生间 书架 院子 过道 浴室 楼梯 书房 抽屉 沙发 箱子 藤椅 厨房 窗帘 垫子 洗手间 衣架 寝室 教室 帘子 帐子 宿舍 栏杆 杯子 木板 厕所 台灯 脸盆 梯子 防盗门 柱子 马桶 地板 床 墙 炉子 镜子 围墙 地下室 楼房 笼子 黑板 操场 架子 棺材 屋顶 楼 池子 盖子 教学楼 临街 餐桌 走廊 盒子 居民楼 盘子 烟囱 办公室 更衣室 本子
249,9,0.43309421790721064,0.024699083594442894,0.5555555555555556,来临 到来 迎来 临近 降临 迎接 迎 尾声 爆发,尾声 爆发 临近 降临 迎 迎接 迎来 来临,到来 尾声 迎 爆发 降临 迎接 迎来 临近 来临,来临 到来 迎来 临近 降临 迎接 迎 尾声 爆发
250,2,0.4706799620606088,0.15412940067074074,0.0,丸 敷,敷 丸,丸 敷,丸 敷
251,2,0.4536696805808791,0.16693098074798718,0.0,为了 为,为了 为,为 为了,为了 为
252,2,0.4636630636294765,0.16547916339073737,0.0,少量 为主,少量 为主,少量 为主,少量 为主
253,55,0.41843467828834063,-0.010693047430341567,0.4909090909090909,诚恳 真诚 谦逊 谦虚 和蔼 真挚 诚挚 诚实 仁慈 友善 敬重 坦诚,忠诚 忠心 热爱 忠贞 客气 衷心 敬爱 崇高,正直 诚恳 诚意 诚挚 坦率 衷心 光明磊落 诚实 真挚 虚心 无私 热爱,诚恳 真诚 谦逊 谦虚 和蔼 真挚 诚挚 诚实 仁慈 友善 敬重 坦诚 礼貌 体贴 无私 忠心 殷勤 慈祥 虔诚 宽容 豁达 尊敬 正直 彬彬有礼 忠诚 坦率 客气 慷慨 忠贞 厚道 衷心 大公无私 宽厚 善意 孝顺 诚心诚意 好客 虚心 敬意 好意 敦厚 亲爱 亲切 光明磊落 热心 敬爱 崇高 热爱 亲热 和气 高尚 好学 诚意 为人 深切
254,7,0.4400272982721541,0.11979744506578609,0.2857142857142857,历时 长达 耗时 为期 时隔 漫长 全长,全长 漫长 为期 时隔 耗时 长达 历时,历时 长达 漫长 时隔 耗时 为期 全长,历时 长达 耗时 为期 时隔 漫长 全长
255,8,0.4826805246243905,0.11664146430718662,0.125,至今 迄今 截至 直至 直到 为止 截止 迄今为止,为止 截止 截至 迄今为止 直至 直到 至今 迄今,迄今 截止 直至 迄今为止 直到 为止 至今 截至,至今 迄今 截至 直至 直到 为止 截止 迄今为止
256,7,0.41915956006594984,0.050169026252286156,0.42857142857142855,主角 角色 主人公 扮演 人物 充当 主,充当 人物 主 扮演 主人公 角色 主角,扮演 主 角色 人物 主人公 充当 主角,主角 角色 主人公 扮演 人物 充当 主
257,4,0.3786138494154747,0.0045767055177799235,0.5,猎人 主人 主妇 巨人,主妇 巨人 主人 猎人,猎人 巨人 主人 主妇,猎人 主人 主妇 巨人
258,36,0.4095095055669578,-0.03730761627967642,0.6944444444444444,主任 总经理 秘书长 院长 处长 局长 董事长 总裁 部长 会长 总监 书记,协会 创始人 团长 理事 董事会 首席 院士 局长,秘书长 董事 董事长 院长 会长 处长 司长 总监 院士 总裁 创始人 市长,主任 总经理 秘书长 院长 处长 局长 董事长 总裁 部长 会长 总监 书记 委员 组长 秘书 主席 所长 校长 理事 司长 助理 团长 董事 负责人 经理 顾问 厂长 市长 主管 首席 委员会 班长 院士 创始人 董事会 协会
259,5,0.4106068636280339,0.054937925894002884,0.2,纽带 载体 桥梁 枢纽 主体,主体 枢纽 桥梁 载体 纽带,桥梁 载体 纽带 枢纽 主体,纽带 载体 桥梁 枢纽 主体
260,2,0.5057524950672111,0.23857801369018145,0.0,合约 主力,主力 合约,合约 主力,合约 主力
261,24,0.42168537386082355,0.01578973711059505,0.4166666666666667,创办 开办 设立 举办 创立 组建 建立 创建 开设 成立 构建 开辟,发起 开通 树立 打造 申办 筹办 办 开创,申办 开辟 开设 开通 办 组建 开办 开创 树立 打造 举办 建立,创办 开办 设立 举办 创立 组建 建立 创建 开设 成立 构建 开辟 搭建 主办 打造 筹办 承办 推出 开创 开通 发起 办 树立 申办
262,4,0.42200101057837464,0.06729891642036058,0.25,被动 消极 主动 负面,负面 主动 消极 被动,被动 消极 主动 负面,被动 消极 主动 负面
263,5,0.405860940669099,0.05748612324415577,0.2,主宰 支配 掌管 驾驭 胜任,胜任 掌管 驾驭 支配 主宰,支配 掌管 驾驭 胜任 主宰,主宰 支配 掌管 驾驭 胜任
264,8,0.4339448120072891,0.010616644693281415,0.375,拉动 带动 驱动 引领 主导 导向 拖累 内需,内需 驱动 导向 拖累 带动 引领 主导 拉动,带动 拖累 内需 驱动 拉动 导向 主导 引领,拉动 带动 驱动 引领 主导 导向 拖累 内需
265,7,0.505002468744279,0.1756329294307581,0.0,提倡 倡导 崇尚 宣扬 标榜 主张 讲究,宣扬 讲究 主张 标榜 崇尚 倡导 提倡,标榜 崇尚 宣扬 提倡 倡导 讲究 主张,提倡 倡导 崇尚 宣扬 标榜 主张 讲究
266,8,0.43108311226395685,0.05218849332971963,0.375,心肠 心思 心 心眼儿 脑筋 真心 主意 多心,真心 多心 主意 心肠 心思 脑筋 心 心眼儿,心眼儿 心 心思 真心 多心 主意 心肠 脑筋,心肠 心思 心 心眼儿 脑筋 真心 主意 多心
267,5,0.3733568715527043,-0.020314515026186482,0.8,主持 宣读 主持人 解说 宣誓,宣誓 主持人 解说 宣读 主持,宣誓 宣读 主持人 主持 解说,主持 宣读 主持人 解说 宣誓
268,5,0.4515306116647285,0.11299395744899901,0.2,干涉 干预 插手 介入 主权,主权 介入 插手 干预 干涉,插手 干预 介入 主权 干涉,干涉 干预 插手 介入 主权
269,8,0.3704426599084706,-0.030276537921282848,0.5,潮流 热潮 潮 新潮 高潮 时尚 主流 序幕,序幕 主流 高潮 时尚 潮 新潮 热潮 潮流,时尚 热潮 潮流 潮 新潮 序幕 高潮 主流,潮流 热潮 潮 新潮 高潮 时尚 主流 序幕
270,9,0.4213949314666089,0.05431611493267754,0.2222222222222222,编写 主编 撰写 出版 编辑 编 译 作者 编排,编排 出版 作者 译 编 编辑 撰写 编写,编 编写 编排 译 出版 主编 撰写 编辑 作者,编写 主编 撰写 出版 编辑 编 译 作者 编排
271,11,0.436892613249029,0.06202953126190167,0.2727272727272727,首要 重要 关键 至关重要 重中之重 要紧 当务之急 主要 重点 核心 无关紧要,无关紧要 核心 重点 当务之急 主要 首要 至关重要 重中之重,重点 重中之重 至关重要 核心 关键 要紧 当务之急 无关紧要 主要 首要 重要,首要 重要 关键 至关重要 重中之重 要紧 当务之急 主要 重点 核心 无关紧要
272,9,0.46934938661868547,0.060785845794317624,0.3333333333333333,感性 理智 直觉 理性 主观 知觉 认知 客观 错觉,错觉 知觉 客观 认知 感性 理性 直觉 主观,客观 直觉 错觉 理智 理性 主观 知觉 认知 感性,感性 理智 直觉 理性 主观 知觉 认知 客观 错觉
273,7,0.44564613889762683,0.08762994263552241,0.14285714285714285,话题 议题 主题 热点 题材 概念 焦点,焦点 热点 概念 主题 议题 题材 话题,概念 热点 题材 议题 焦点 话题 主题,话题 议题 主题 热点 题材 概念 焦点
274,4,0.3323300206154165,-0.06616756583585723,0.75,摇 挥 举 抽签,抽签 举 挥 摇,举 抽签 摇 挥,摇 挥 举 抽签
275,1,,0.0,0.0,举一反三,举一反三,举一反三,举一反三
276,5,0.38441599664373105,-0.015781160366399805,0.6,举世无双 独一无二 无敌 举世瞩目 超级,超级 举世瞩目 无敌 独一无二 举世无双,无敌 超级 独一无二 举世瞩目 举世无双,举世无双 独一无二 无敌 举世瞩目 超级
277,12,0.5142630800615547,0.1888070438548933,0.16666666666666666,有名 著名 驰名 闻名 出名 大名鼎鼎 远近闻名 举世闻名 知名 家喻户晓 耳熟能详 名副其实,名副其实 家喻户晓 知名 举世闻名 耳熟能详 大名鼎鼎 远近闻名 出名,耳熟能详 家喻户晓 知名 著名 举世闻名 名副其实 有名 出名 远近闻名 闻名 驰名 大名鼎鼎,有名 著名 驰名 闻名 出名 大名鼎鼎 远近闻名 举世闻名 知名 家喻户晓 耳熟能详 名副其实
278,23,0.418506570583227,-0.03669463612113236,0.5217391304347826,鼓掌 欢呼 祝贺 掌声 喝彩 敬礼 握手 致敬 敬酒 送行 庆贺 招手,招待 助威 送别 呐喊 庆贺 敬礼 举手 握手,欢呼 呐喊 问候 热烈 送别 经久不息 敬礼 举手 喝彩 叫好 掌声 致敬,鼓掌 欢呼 祝贺 掌声 喝彩 敬礼 握手 致敬 敬酒 送行 庆贺 招手 鞠躬 问候 送别 热烈 干杯 经久不息 助威 呐喊 叫好 举手 招待
279,1,,0.0,0.0,举报,举报,举报,举报
280,12,0.42483764210571806,0.04579431528464925,0.4166666666666667,方法 手段 方式 措施 办法 途径 手法 举措 形式 方案 工具 法,工具 形式 方案 法 举措 途径 手法 方式,办法 法 举措 措施 方式 方法 方案 形式 途径 手段 手法 工具,方法 手段 方式 措施 办法 途径 手法 举措 形式 方案 工具 法
281,32,0.44062302884169907,0.03886511044896212,0.34375,大会 开幕 闭幕式 开幕式 闭幕 招待会 盛会 晚会 会议 宴会 庆典 集会,届 联欢 集会 开会 致辞 颁奖 聚会 宴会,集会 招待会 颁奖 联欢 宴会 届 开会 举行 座谈会 发布会 开幕 聚会,大会 开幕 闭幕式 开幕式 闭幕 招待会 盛会 晚会 会议 宴会 庆典 集会 展览会 峰会 颁奖 举行 座谈会 典礼 发布会 博览会 隆重 追悼会 致辞 仪式 联欢 聚会 召开 论坛 出席 盛大 开会 届
282,34,0.47741964993177666,0.07900820421490762,0.3235294117647059,体操 乒乓球 田径 篮球 排球 网球 羽毛球 举重 摔跤 滑冰 游泳 棒球,打球 足球 体育 教练 太极拳 滑雪 竞技 跳伞,运动 网球 球拍 举重 武术 滑冰 游泳 健美 羽毛球 乒乓球 跳高 跳远,体操 乒乓球 田径 篮球 排球 网球 羽毛球 举重 摔跤 滑冰 游泳 棒球 台球 跳高 跳远 武术 滑雪 足球 运动员 高尔夫球 健美 打球 射击 运动会 太极拳 长跑 健身 跳伞 教练 竞技 体育 运动 跳水 球拍
283,6,0.42481711902799746,0.024839955223177418,0.5,矣 曰 乃 之 君子 干戈,干戈 君子 之 乃 曰 矣,之 乃 矣 曰 君子 干戈,矣 曰 乃 之 君子 干戈
284,7,0.3892100436628377,0.02240701127558973,0.42857142857142855,及 以及 及其 等 在内 乃至 其,其 等 在内 乃至 及其 以及 及,其 及 等 以及 乃至 及其 在内,及 以及 及其 等 在内 乃至 其
285,7,0.4282076132365467,0.025531769285886987,0.42857142857142855,长久 永恒 永远 永久 天长地久 永不 久,久 永远 长久 天长地久 永不 永恒 永久,久 永远 天长地久 永久 永不 永恒 长久,长久 永恒 永远 永久 天长地久 永不 久
286,7,0.5192144049921414,0.2001868387751038,0.14285714285714285,少见 罕见 难得一见 少有 难得 常见 久违,常见 久违 难得 少有 少见 罕见 难得一见,少见 难得一见 罕见 久违 常见 难得 少有,少见 罕见 难得一见 少有 难得 常见 久违
287,19,0.42428012677383886,0.011376800545216089,0.42105263157894735,担负 肩负 承担 责任 职责 重任 负有 担当 使命 分担 履行 负担,担子 任务 负责 履行 分担 负有 承受 承载,履行 使命 担负 义务 责任 任务 职责 职能 负有 负担 分担 承载,担负 肩负 承担 责任 职责 重任 负有 担当 使命 分担 履行 负担 义务 担子 职能 任务 负责 承受 承载
288,19,0.4589570992967534,0.050295314239413094,0.3157894736842105,捐助 捐赠 捐款 募捐 慈善 捐献 援助 捐 救灾 资助 爱心 救济,接济 灾区 义工 救灾 支援 物资 赞助 公益,赞助 捐 捐助 捐款 捐献 资助 义工 灾区 捐赠 慈善 支援 救灾,捐助 捐赠 捐款 募捐 慈善 捐献 援助 捐 救灾 资助 爱心 救济 公益 灾区 赞助 义工 支援 物资 接济
289,2,0.4928244646509228,0.2123581816088192,0.0,唯一 之一,唯一 之一,之一 唯一,唯一 之一
290,4,0.4376786847637207,0.07468664330184589,0.5,范围 范畴 之内 对象,之内 对象 范畴 范围,之内 范畴 范围 对象,范围 范畴 之内 对象
291,20,0.4220882807154534,0.04305935932541259,0.2,原先 先前 以前 以往 从前 原来 此前 往日 原本 之前 当初 最初,原 往常 过往 最初 原有 起初 之前 当初,往日 起初 前 原 往常 昔日 以往 以前 当初 从前 原来 原有,原先 先前 以前 以往 从前 原来 此前 往日 原本 之前 当初 最初 过去 往常 原有 昔日 起初 过往 前 原
292,7,0.5024565548746706,0.21850624321503176,0.14285714285714285,以外 之外 外 除 除了 除外 包括,包括 除外 除了 除 外 之外 以外,外 包括 以外 除 之外 除外 除了,以外 之外 外 除 除了 除外 包括
293,1,,0.0,0.0,之所以,之所以,之所以,之所以
294,2,0.6510992955292245,0.4482036079364026,0.0,诸如此类 之类,诸如此类 之类,诸如此类 之类,诸如此类 之类
295,3,0.5173823679700779,0.24699917456644757,0.0,之间 间 介于,介于 间 之间,间 之间 介于,之间 间 介于
296,12,0.4212902909577517,0.017296852225506424,0.3333333333333333,天空 星星 天上 月亮 太阳 彩霞 蓝天 彩虹 乌云 阳光 空中 地面,阳光 空中 地面 乌云 星星 彩霞 太阳 彩虹,阳光 空中 太阳 蓝天 月亮 地面 星星 天空 乌云 天上 彩虹 彩霞,天空 星星 天上 月亮 太阳 彩霞 蓝天 彩虹 乌云 阳光 空中 地面
297,1,,0.0,0.0,乐,乐,乐,乐
298,6,0.44548184882226316,0.06911332573974135,0.16666666666666666,花园 园 庄园 乐园 家园 城,城 乐园 家园 园 庄园 花园,园 城 花园 乐园 家园 庄园,花园 园 庄园 乐园 家园 城
299,12,0.3887761507099008,-0.014619071933902368,0.5,乐观 悲观 平淡 冷淡 谨慎 清淡 观望 低迷 淡 保守 预期 淡化,淡化 预期 保守 低迷 观望 谨慎 冷淡 淡,乐观 淡 清淡 保守 冷淡 观望 淡化 谨慎 低迷 预期 平淡 悲观,乐观 悲观 平淡 冷淡 谨慎 清淡 观望 低迷 淡 保守 预期 淡化
300,12,0.4412392401792066,0.08333908021361035,0.16666666666666666,亲身 感受 体会 领略 体验 切身 亲眼 见识 耳闻目睹 见证 享受 乐趣,享受 乐趣 耳闻目睹 感受 见证 亲眼 切身 见识,乐趣 耳闻目睹 体验 切身 享受 亲身 体会 领略 见证 见识 亲眼 感受,亲身 感受 体会 领略 体验 切身 亲眼 见识 耳闻目睹 见证 享受 乐趣
301,3,0.4680083318014689,0.1354263253415096,0.0,乔装 假装 扮,扮 假装 乔装,扮 乔装 假装,乔装 假装 扮
302,3,0.4703007795561476,0.13518634949242989,0.0,驾 骑 乘,乘 骑 驾,乘 驾 骑,驾 骑 乘
303,5,0.4543452064908748,0.08677394099837313,0.0,沽名钓誉 名利 损人利己 金钱 乘人之危,乘人之危 金钱 名利 损人利己 沽名钓誉,乘人之危 金钱 名利 损人利己 沽名钓誉,沽名钓誉 名利 损人利己 金钱 乘人之危
304,8,0.4407955955678637,0.06232613778581762,0.25,小贩 乞丐 商贩 乞讨 街头 苦力 清洁工 摊,摊 苦力 乞讨 街头 清洁工 商贩 乞丐 小贩,摊 清洁工 小贩 乞丐 乞讨 街头 苦力 商贩,小贩 乞丐 商贩 乞讨 街头 苦力 清洁工 摊
305,10,0.4177807191845011,0.03679518502830947,0.3,恩惠 宽恕 报答 恩赐 感恩 饶恕 回馈 乞求 回报 奉献,饶恕 奉献 乞求 报答 宽恕 回报 回馈 感恩,恩赐 宽恕 回馈 乞求 奉献 报答 回报 饶恕 恩惠 感恩,恩惠 宽恕 报答 恩赐 感恩 饶恕 回馈 乞求 回报 奉献
306,10,0.46489781302105915,0.05401439068461285,0.4,习俗 风俗 民俗 约定俗成 俗 规矩 习惯 礼仪 惯例 俗语,习惯 俗语 民俗 规矩 惯例 俗 约定俗成 礼仪,俗 习惯 规矩 礼仪 习俗 风俗 俗语 民俗 约定俗成 惯例,习俗 风俗 民俗 约定俗成 俗 规矩 习惯 礼仪 惯例 俗语
307,10,0.4967231253990876,0.16383543068337578,0.0,背诵 默读 抄写 朗读 读 写 书写 温习 阅读 念,阅读 念 书写 温习 写 朗读 抄写 读,写 念 朗读 背诵 默读 读 温习 阅读 书写 抄写,背诵 默读 抄写 朗读 读 写 书写 温习 阅读 念
308,5,0.3922271256710482,0.0007946286005476614,0.2,经 未经 书面 经过 口头,口头 经过 书面 未经 经,经 经过 书面 未经 口头,经 未经 书面 经过 口头
309,11,0.40620775762509403,-0.004872808414954843,0.45454545454545453,订购 预订 订 购买 预定 预约 预售 购 买 采购 定,定 采购 买 预售 预约 购买 预定 购,定 采购 买 订购 购 订 购买 预约 预售 预定 预订,订购 预订 订 购买 预定 预约 预售 购 买 采购 定
310,6,0.4082023896714653,0.029152573512423546,0.3333333333333333,出售 买卖 卖 出卖 转让 生意,生意 转让 卖 出卖 买卖 出售,转让 卖 生意 出售 出卖 买卖,出售 买卖 卖 出卖 转让 生意
311,8,0.4967864987538441,0.1539130614661195,0.125,白酒 葡萄酒 酒 乳制品 酒水 酿造 茅台 奶粉,酿造 奶粉 乳制品 酒水 茅台 酒 白酒 葡萄酒,奶粉 乳制品 酿造 酒水 酒 葡萄酒 茅台 白酒,白酒 葡萄酒 酒 乳制品 酒水 酿造 茅台 奶粉
312,5,0.452552278786562,0.15002558553767703,0.0,了 过 得了 得 着,得 得了 着 过 了,得 了 得了 着 过,了 过 得了 得 着
313,4,0.4149685012298137,0.043758220474701556,0.25,争气 出息 争光 了不起,了不起 争光 出息 争气,争气 争光 出息 了不起,争气 出息 争光 了不起
314,4,0.4162495447273154,0.03342320306691828,0.25,到头来 最终 结果 了却,了却 结果 到头来 最终,到头来 结果 最终 了却,到头来 最终 结果 了却
315,1,,0.0,0.0,了结,了结,了结,了结
316,12,0.4376966033136649,0.07823023807011496,0.16666666666666666,懂得 懂 理解 领悟 领会 精通 熟悉 掌握 熟练 认识 了解 学会,学会 掌握 认识 了解 领会 领悟 精通 懂,熟悉 懂 懂得 了解 精通 理解 掌握 领会 领悟 认识 学会 熟练,懂得 懂 理解 领悟 领会 精通 熟悉 掌握 熟练 认识 了解 学会
317,5,0.43475753161949005,0.0639173348770363,0.2,抢 争 拼 夺 豁出去,豁出去 夺 拼 争 抢,夺 争 拼 抢 豁出去,抢 争 拼 夺 豁出去
318,9,0.46684284923859376,0.09953823426519769,0.4444444444444444,尽早 及早 提早 早日 提前 过早 趁早 急于 争取,急于 提前 趁早 争取 过早 提早 早日 及早,早日 趁早 提早 尽早 提前 争取 及早 急于 过早,尽早 及早 提早 早日 提前 过早 趁早 急于 争取
319,26,0.41496784368045153,0.02923074931520797,0.2692307692307692,较量 对峙 争吵 争执 对抗 交锋 抗衡 争论 抗争 搏斗 较劲 争夺,辩 对立 竞争 对弈 辩论 争论 周旋 叫板,激烈 针锋相对 对弈 对峙 对抗 角逐 对立 周旋 交锋 叫板 抗衡 争执,较量 对峙 争吵 争执 对抗 交锋 抗衡 争论 抗争 搏斗 较劲 争夺 辩论 针锋相对 比试 激烈 讨价还价 周旋 对立 角逐 作对 竞争 纠缠 对弈 叫板 辩
320,10,0.43501767876596725,0.02552193512040673,0.3,冲突 激化 争端 危机 局势 动荡 分歧 僵局 战争 分化,战争 分化 分歧 动荡 局势 僵局 危机 激化,激化 僵局 冲突 危机 争端 战争 分歧 分化 局势 动荡,冲突 激化 争端 危机 局势 动荡 分歧 僵局 战争 分化
321,8,0.46353988892344095,0.07511355651544382,0.0,疑虑 疑问 误解 疑点 误会 争议 异议 偏见,争议 偏见 疑点 异议 误会 疑问 疑虑 误解,误会 偏见 异议 误解 疑点 争议 疑问 疑虑,疑虑 疑问 误解 疑点 误会 争议 异议 偏见
322,13,0.4389084004853022,0.04761582728381046,0.46153846153846156,事 事情 大事 私事 好事 坏事 公事 喜事 件 此事 事件 有事,件 此事 事态 喜事 有事 公事 事件 私事,事件 事情 事态 件 事 有事 大事 好事 私事 此事 喜事 坏事,事 事情 大事 私事 好事 坏事 公事 喜事 件 此事 事件 有事 事态
323,1,,0.0,0.0,事业,事业,事业,事业
324,2,0.7759440715173553,0.6270905322197332,0.0,事先 预先,事先 预先,事先 预先,事先 预先
325,5,0.4064572736891384,0.033630616694397285,0.4,事宜 筹划 事项 事务 策划,策划 事务 筹划 事项 事宜,事务 事宜 事项 策划 筹划,事宜 筹划 事项 事务 策划
326,4,0.34595302098820296,-0.03537687788900207,0.75,出具 事务所 合伙 出示,合伙 出示 事务所 出具,事务所 出具 出示 合伙,出具 事务所 合伙 出示
327,1,,0.0,0.0,事后,事后,事后,事后
328,7,0.45380438153710173,0.09236353615233646,0.14285714285714285,证据 确凿 事实 物证 证明 理由 辩护,辩护 理由 物证 证明 确凿 事实 证据,事实 确凿 辩护 证明 证据 理由 物证,证据 确凿 事实 物证 证明 理由 辩护
329,11,0.42592612159626075,0.044687277144679356,0.36363636363636365,着火 故障 事故 火灾 爆炸 泄漏 出事 停电 熄火 失灵 出毛病,出毛病 失灵 熄火 泄漏 爆炸 火灾 出事 事故,熄火 事故 停电 着火 出毛病 出事 火灾 爆炸 故障 失灵 泄漏,着火 故障 事故 火灾 爆炸 泄漏 出事 停电 熄火 失灵 出毛病
330,11,0.4320336765200144,0.03623233417876732,0.36363636363636365,楷模 榜样 典范 模范 表率 事迹 写照 缩影 先锋 功臣 英雄,英雄 功臣 表率 先锋 缩影 事迹 模范 写照,写照 事迹 榜样 功臣 先锋 英雄 楷模 典范 缩影 模范 表率,楷模 榜样 典范 模范 表率 事迹 写照 缩影 先锋 功臣 英雄
331,1,,0.0,0.0,二手,二手,二手,二手
332,29,0.4425390088325012,0.03090143805000468,0.27586206896551724,车辆 车 轿车 货车 卡车 电动车 私家车 警车 辆 汽车 跑车 摩托,二手车 马车 驾车 车型 车牌 追尾 摩托 赛车,客车 追尾 电动 车辆 汽车 肇事 私家车 警车 救护车 公车 二手车 电动车,车辆 车 轿车 货车 卡车 电动车 私家车 警车 辆 汽车 跑车 摩托 客车 车主 自行车 驾车 吉普 车型 机动车 驾驶 车牌 赛车 救护车 追尾 电动 马车 公车 肇事 二手车
333,15,0.4113162587482969,0.01271420916902764,0.4,气体 二氧化碳 氧气 空气 尾气 排放 污染 氧 大气 噪声 气泡 温室,超标 气泡 氧 液体 浮力 污染 温室 噪声,气体 氧气 超标 气泡 污染 氧 空气 噪声 尾气 浮力 大气 温室,气体 二氧化碳 氧气 空气 尾气 排放 污染 氧 大气 噪声 气泡 温室 液体 浮力 超标
334,4,0.5405824537604033,0.2551616127833689,0.0,二维码 扫 扫描 码,码 扫描 扫 二维码,二维码 码 扫 扫描,二维码 扫 扫描 码
335,4,0.4395580825518865,0.13982137309939652,0.0,到 至 在 于,于 至 在 到,到 在 于 至,到 至 在 于
336,7,0.48072989063076105,0.12970357796120408,0.0,赔钱 亏 亏本 亏损 赚 赔 倾家荡产,倾家荡产 赚 赔 亏损 亏 亏本 赔钱,亏 赔 赚 倾家荡产 亏本 亏损 赔钱,赔钱 亏 亏本 亏损 赚 赔 倾家荡产
337,1,,0.0,0.0,云,云,云,云
338,7,0.38831155791573707,-0.03948909796204271,0.7142857142857143,协作 同舟共济 互信 互助 务实 众志成城 分工,分工 众志成城 互信 互助 协作 务实 同舟共济,互助 务实 互信 同舟共济 协作 分工 众志成城,协作 同舟共济 互信 互助 务实 众志成城 分工
339,25,0.4160015231156514,0.054538980468394484,0.24,交谈 沟通 会面 交往 会谈 磋商 交流 对话 会晤 见面 互访 洽谈,出访 互访 融洽 打招呼 互动 联络 交朋友 相处,交朋友 磋商 联络 互动 谈判 会面 会谈 交谈 洽谈 交往 打招呼 出访,交谈 沟通 会面 交往 会谈 磋商 交流 对话 会晤 见面 互访 洽谈 相处 交涉 协商 接触 交朋友 谈判 打交道 融洽 面对面 打招呼 联络 互动 出访
340,6,0.50738316258897,0.1871538270762051,0.16666666666666666,相互 互相 彼此 互补 相辅相成 交叉,交叉 相辅相成 互补 彼此 互相 相互,互相 彼此 交叉 相辅相成 相互 互补,相互 互相 彼此 互补 相辅相成 交叉
341,5,0.4792821444881694,0.1290975963788136,0.0,人工智能 智能 机器人 互联网 联网,联网 机器人 互联网 智能 人工智能,联网 人工智能 智能 机器人 互联网,人工智能 智能 机器人 互联网 联网
342,26,0.4728602704814246,0.08587590924908778,0.34615384615384615,餐厅 饭店 餐馆 饭馆 旅馆 酒楼 宾馆 酒吧 旅店 酒店 舞厅 客房,住宿 厨师 夜市 游泳池 桑拿 服务员 五星级 电影院,旅馆 网吧 桑拿 饭店 旅店 五星级 食堂 电影院 游泳池 舞厅 服务员 宾馆,餐厅 饭店 餐馆 饭馆 旅馆 酒楼 宾馆 酒吧 旅店 酒店 舞厅 客房 夜总会 餐饮 用餐 就餐 食堂 网吧 电影院 住宿 服务员 五星级 游泳池 厨师 桑拿 夜市
343,26,0.43692176434482183,0.07780404271848312,0.19230769230769232,白色 蓝色 黄色 红色 灰色 黑色 颜色 色 紫 蓝 黑 灰,绿色 青 橘子 荧光 白 色彩 黑 五颜六色,黄色 紫 红 绿 灰 白 黑色 红色 朱红 蓝色 黄 黑,白色 蓝色 黄色 红色 灰色 黑色 颜色 色 紫 蓝 黑 灰 白 绿 红 黄 朱红 斑点 彩色 黑白 五颜六色 荧光 橘子 色彩 绿色 青
344,4,0.435499924320967,0.05554016156756793,0.5,泉 井 洞 喷泉,喷泉 洞 井 泉,井 泉 洞 喷泉,泉 井 洞 喷泉
345,6,0.43128603189656317,0.09280250113320594,0.16666666666666666,弥补 补救 填补 挽回 补偿 亡羊补牢,亡羊补牢 补偿 挽回 补救 填补 弥补,补偿 补救 挽回 弥补 填补 亡羊补牢,弥补 补救 填补 挽回 补偿 亡羊补牢
346,4,0.3426522028587083,-0.06821952507468289,0.75,订单 交付 交 单,交 单 订单 交付,单 交 交付 订单,订单 交付 交 单
347,6,0.43222876790955317,0.06628640475822702,0.16666666666666666,认错 坦白 道歉 表白 交代 认,认 表白 交代 坦白 道歉 认错,坦白 交代 认 认错 表白 道歉,认错 坦白 道歉 表白 交代 认
348,24,0.4381424157110528,0.031042730480229413,0.4166666666666667,感情 情谊 恩情 亲情 情 友情 情感 情怀 真情 深情 爱情 思念,思念 交情 怨 心事 心意 仇恨 人情 情怀,情谊 激情 牵挂 爱情 仇 心意 真情 心事 怨 情 人情 思念,感情 情谊 恩情 亲情 情 友情 情感 情怀 真情 深情 爱情 思念 恩怨 缘分 情结 心事 牵挂 心意 交情 仇恨 怨 人情 激情 仇
349,4,0.4024008741773559,0.05375970876312124,0.5,转换 转化 分解 交换,交换 分解 转化 转换,分解 交换 转换 转化,转换 转化 分解 交换
350,2,0.45860104971938154,0.16119662837275123,0.0,交接 过渡,交接 过渡,交接 过渡,交接 过渡
351,5,0.3850181786810279,0.0027488706905578245,0.6,交易 大宗 成交 商品 关联,关联 商品 成交 大宗 交易,商品 大宗 成交 关联 交易,交易 大宗 成交 商品 关联
352,3,0.558631134038347,0.27202004221567017,0.0,轮换 轮流 交替,交替 轮流 轮换,轮换 轮流 交替,轮换 轮流 交替
353,8,0.43443448586685196,0.07772699479416338,0.25,边界 界线 界限 交界 地带 边缘 边境 划分,边境 划分 地带 边缘 交界 界限 界线 边界,划分 界限 界线 边界 边缘 边境 地带 交界,边界 界线 界限 交界 地带 边缘 边境 划分
354,19,0.40584530642669175,-0.02965801985252312,0.6842105263157895,缴纳 交纳 收取 缴费 征收 减免 收费 交费 缴 纳税 税收 支付,免费 减免 税收 征收 税 付费 付 押金,征收 付 缴费 税 缴 纳税人 缴纳 交费 付费 纳税 收取 交纳,缴纳 交纳 收取 缴费 征收 减免 收费 交费 缴 纳税 税收 支付 管理费 押金 税 纳税人 付 付费 免费
355,15,0.4227109009143932,0.031915859578634964,0.4,交给 递给 送给 转交 送到 拿走 递 捎 给 拿出 拿 把,移交 把 拿出 放到 寄 拿 捎 给,拿出 寄 移交 给 拿 把 捎 送给 送到 递给 交给 放到,交给 递给 送给 转交 送到 拿走 递 捎 给 拿出 拿 把 放到 寄 移交
356,15,0.4530403333700543,0.053446198148063846,0.3333333333333333,警察 公安 交警 民警 公安局 巡逻 治安 消防 警官 保安 执法 报警,报警 消防 值班 破案 治安 公安局 执法 警官,巡逻 检察 公安局 交警 执法 保安 民警 破案 消防 值班 治安 报警,警察 公安 交警 民警 公安局 巡逻 治安 消防 警官 保安 执法 报警 检察 破案 值班
357,8,0.4964123066924027,0.12877603551526076,0.0,高速公路 公路 铁路 通车 隧道 线路 高速 交通,高速 线路 隧道 交通 通车 高速公路 铁路 公路,高速公路 通车 隧道 交通 铁路 公路 线路 高速,高速公路 公路 铁路 通车 隧道 线路 高速 交通
358,4,0.4701288822857128,0.16660311501376285,0.0,重叠 重合 交集 重复,重复 交集 重叠 重合,重合 重叠 重复 交集,重叠 重合 交集 重复
359,4,0.3738980420733033,-0.0037512292979341127,0.25,销 产 畅销 产地,产地 销 畅销 产,产 畅销 销 产地,销 产 畅销 产地
360,4,0.46764186696471405,0.09592604415284547,0.0,型号 品种 产品 规格,产品 规格 型号 品种,品种 型号 规格 产品,型号 品种 产品 规格
361,6,0.43090083181714955,0.0719486594808777,0.3333333333333333,结晶 凝固 溶解 浓缩 混浊 产物,混浊 产物 浓缩 凝固 溶解 结晶,溶解 产物 结晶 凝固 浓缩 混浊,结晶 凝固 溶解 浓缩 混浊 产物
362,9,0.39609052072565754,0.015162170752996132,0.3333333333333333,形成 构成 产生 造成 生成 带来 组成 提供 合成,提供 合成 生成 产生 组成 带来 造成 形成,组成 生成 提供 产生 形成 造成 合成 构成 带来,形成 构成 产生 造成 生成 带来 组成 提供 合成
363,19,0.4301066371196941,0.02415325767241612,0.42105263157894735,公斤 千克 斤 公顷 平方米 亩 吨 立方米 磅 公里 米 厘米,元 面积 公里 桶 米 毫米 厘米 人次,克 元 吨 亩 面积 磅 米 斤 桶 人次 平方米 公顷,公斤 千克 斤 公顷 平方米 亩 吨 立方米 磅 公里 米 厘米 毫米 毫升 元 桶 克 人次 面积
364,5,0.44947983565913285,0.09322304767685644,0.2,豪华 尊贵 奢侈 高档 享,享 高档 尊贵 奢侈 豪华,豪华 享 尊贵 奢侈 高档,豪华 尊贵 奢侈 高档 享
365,8,0.4871098695843103,0.16207982412180996,0.0,具有 拥有 有着 有 具备 带有 享有 还有,带有 还有 享有 具备 具有 有着 拥有 有,有 拥有 有着 还有 享有 具备 具有 带有,具有 拥有 有着 有 具备 带有 享有 还有
366,4,0.4050592668955466,0.020510224453096484,0.5,暗 亮 黑暗 哑,黑暗 哑 亮 暗,哑 亮 暗 黑暗,暗 亮 黑暗 哑
367,73,0.4168475007567897,-0.041925110466619016,0.6027397260273972,艳丽 优美 古朴 优雅 质朴 别致 精致 迷人 细腻 柔和 朴实 甜美,壮丽 耀眼 引人入胜 光泽 光滑 灿烂 柔软 动人,光滑 光泽 欢快 质朴 流畅 含蓄 优雅 诱人 简洁 耀眼 俊俏 纯朴,艳丽 优美 古朴 优雅 质朴 别致 精致 迷人 细腻 柔和 朴实 甜美 纯朴 文雅 简洁 俊俏 韵味 高雅 明媚 鲜艳 美丽 秀丽 晶莹 动人 美妙 醇厚 秀美 含蓄 翠绿 潇洒 华丽 明亮 活泼 得体 清新 动听 柔软 朴素 亮丽 沉稳 精美 漂亮 流畅 高贵 工整 浓郁 欢快 动感 新颖 美观 碧绿 硬朗 酣畅 壮丽 稳重 浪漫 整洁 风趣 生动 引人入胜 线条 缤纷 逼真 精妙 灵巧 大方 诱人 灿烂 芬芳 光滑 耀眼 时髦 光泽
368,22,0.4508208242149174,0.07965991838949535,0.22727272727272727,缺点 优点 弱点 弊端 长处 弊病 短处 好处 坏处 缺陷 毛病 特点,顾虑 特点 亮点 隐患 误区 强项 难处 漏洞,劣势 亮点 优点 误区 优势 漏洞 弱点 毛病 好处 益处 弊端 弊病,缺点 优点 弱点 弊端 长处 弊病 短处 好处 坏处 缺陷 毛病 特点 益处 劣势 难处 优势 亮点 顾虑 误区 漏洞 隐患 强项
369,5,0.42267460481989405,0.0559304487979971,0.4,亮相 问世 露面 诞生 曝光,诞生 曝光 问世 露面 亮相,诞生 亮相 露面 问世 曝光,亮相 问世 露面 诞生 曝光
370,7,0.4247132399612831,0.037476998431417684,0.2857142857142857,靠近 接近 贴近 亲近 走近 逼近 亲,亲 逼近 靠近 亲近 接近 贴近 走近,亲 靠近 亲近 逼近 贴近 接近 走近,靠近 接近 贴近 亲近 走近 逼近 亲
371,19,0.43927794210776,0.044527241046837536,0.3157894736842105,气质 魅力 风貌 风范 风采 气息 气派 风度 风情 气势 风格 底蕴,形象 气势 底蕴 活力 风尚 气息 感染力 风度,情调 气势 亲和力 气息 气派 风度 风尚 感染力 活力 风格 风情 风采,气质 魅力 风貌 风范 风采 气息 气派 风度 风情 气势 风格 底蕴 情调 感染力 风尚 活力 形象 亲和力 面貌
372,7,0.4682043024366794,0.11335289090929168,0.0,老朋友 知己 好友 仇人 盟友 熟人 亲密,盟友 亲密 熟人 仇人 老朋友 知己 好友,盟友 老朋友 知己 仇人 好友 亲密 熟人,老朋友 知己 好友 仇人 盟友 熟人 亲密
373,7,0.4378607402854963,0.040077775898155345,0.42857142857142855,当面 当众 当场 当着 亲自 出面 现场,亲自 现场 出面 当场 当着 当众 当面,当面 现场 当众 当场 当着 出面 亲自,当面 当众 当场 当着 亲自 出面 现场
374,17,0.4666750342430314,0.11939883623281101,0.11764705882352941,女生 男生 女性 女 男 男性 美女 男士 女子 少女 男女 男子,妇女 美人 人 帅哥 美女 异性 男士 男,女 人 男 帅哥 异性 男生 美人 男性 妇女 男士 男女 男子,女生 男生 女性 女 男 男性 美女 男士 女子 少女 男女 男子 帅哥 妇女 异性 人 美人
375,8,0.47561020248186436,0.12187158784330568,0.125,故意 刻意 有意 特意 无意 存心 特地 人为,人为 特地 存心 特意 无意 刻意 故意 有意,无意 人为 有意 存心 故意 刻意 特地 特意,故意 刻意 有意 特意 无意 存心 特地 人为
376,4,0.3620489818741542,-0.03786430275034629,0.75,人手 人力 人事 手头,手头 人事 人力 人手,人手 人力 人事 手头,人手 人力 人事 手头
377,15,0.4196127154234164,0.01477540763375907,0.4666666666666667,他们 大家 别人 人们 大伙儿 它们 我们 它 自己 众人 们 朋友们,对方 朋友们 自己 它 他人 大家 们 众人,朋友们 它 对方 们 别人 我们 他人 他们 人们 大家 有人 大伙儿,他们 大家 别人 人们 大伙儿 它们 我们 它 自己 众人 们 朋友们 有人 他人 对方
378,30,0.44577799189870626,0.022248300901982827,0.43333333333333335,肝脏 血管 肝 肺 脾 胃 肾 气管 心脏 血液 肠 细胞,咽 胎儿 止咳 生理 胚胎 肠 新陈代谢 人体,新陈代谢 咽 气管 痰 细胞 口腔 人体 止咳 器官 生理 胎儿 腔,肝脏 血管 肝 肺 脾 胃 肾 气管 心脏 血液 肠 细胞 器官 动脉 分泌 腺 痰 唾液 口腔 胚胎 神经 胎儿 人体 大脑 咽 止血 生理 腔 新陈代谢 止咳
379,3,0.487306029202574,0.14608883167044281,0.0,劳动力 人口 劳动,人口 劳动 劳动力,人口 劳动 劳动力,劳动力 人口 劳动
380,11,0.4668586503372615,0.06713826039509768,0.2727272727272727,职员 员工 雇员 职工 工人 干部 人员 公务员 民工 工程师 官员,官员 工程师 干部 民工 公务员 职工 人员 工人,人员 员工 工程师 官员 干部 公务员 民工 雇员 工人 职工 职员,职员 员工 雇员 职工 工人 干部 人员 公务员 民工 工程师 官员
381,24,0.42060740410068254,0.003961610483852516,0.4583333333333333,素养 品德 天赋 修养 才华 天分 素质 人品 功底 口才 功力 品行,能力 天才 潜能 道德 本领 人格 美德 智商,技能 功力 功底 品德 潜能 人格 才华 人品 阅历 能力 基本功 美德,素养 品德 天赋 修养 才华 天分 素质 人品 功底 口才 功力 品行 人格 教养 智商 阅历 技能 基本功 能力 本领 道德 潜能 美德 天才
382,1,,0.0,0.0,人均,人均,人均,人均
383,6,0.4474554109376392,0.09338743297863562,0.16666666666666666,大自然 天然 自然界 自然 人造 人工,人工 天然 自然 人造 自然界 大自然,人工 人造 自然界 天然 自然 大自然,大自然 天然 自然界 自然 人造 人工
384,15,0.4805419379626166,0.15813650125580997,0.06666666666666667,数量 总数 总量 数目 数额 人数 比例 比重 金额 占 总额 规模,百分比 次数 量 人数 规模 数额 比重 金额,数目 占 次数 人数 总数 百分比 总额 总量 规模 量 比例 数额,数量 总数 总量 数目 数额 人数 比例 比重 金额 占 总额 规模 量 次数 百分比
385,4,0.4375979522953499,0.08727890331548309,0.0,文化 人文 文明 软实力,软实力 文明 文化 人文,人文 文明 软实力 文化,文化 人文 文明 软实力
386,8,0.4023550853509227,0.013460820754102567,0.375,社会主义 民主 市场经济 法制 改革开放 社会 人权 党,人权 社会 党 民主 法制 市场经济 改革开放 社会主义,党 法制 人权 社会主义 民主 改革开放 市场经济 社会,社会主义 民主 市场经济 法制 改革开放 社会 人权 党
387,27,0.4317291333447421,-0.007636860309707301,0.48148148148148145,民众 观众 市民 群众 消费者 听众 网民 读者 影迷 游客 顾客 球迷,客人 消费者 公众 股民 牧民 粉丝 民众 人民,消费者 网友 游客 网民 读者 游人 股民 用户 人民 球迷 群众 牧民,民众 观众 市民 群众 消费者 听众 网民 读者 影迷 游客 顾客 球迷 用户 老百姓 歌迷 居民 股民 粉丝 农民 游人 网友 客户 人民 公众 客人 大众 牧民
388,11,0.46398068515946306,0.08482751338887672,0.09090909090909091,汇率 人民币 贬值 升值 美元 外币 英镑 外汇 兑换 货币 美金,美金 货币 汇率 兑换 外币 外汇 美元 升值,汇率 货币 升值 英镑 美元 美金 贬值 外汇 外币 人民币 兑换,汇率 人民币 贬值 升值 美元 外币 英镑 外汇 兑换 货币 美金
389,15,0.4646041849699486,0.11174095658789147,0.2,声望 声誉 名气 名声 知名度 影响力 威信 信誉 实力 口碑 地位 资历,实力 显赫 威信 名誉 人气 资历 口碑 地位,实力 知名度 人气 显赫 资历 影响力 名誉 地位 声誉 口碑 威信 信誉,声望 声誉 名气 名声 知名度 影响力 威信 信誉 实力 口碑 地位 资历 人气 显赫 名誉
390,14,0.3808181955207281,-0.044473817210616676,0.7142857142857143,自尊 自尊心 内心 心灵 身心 心理 尊严 自我 心情 人生 情绪 面子,人间 体面 人生 面子 尊严 情绪 心情 身心,自尊心 心情 心理 心灵 人生 面子 体面 人间 尊严 自我 内心 自尊,自尊 自尊心 内心 心灵 身心 心理 尊严 自我 心情 人生 情绪 面子 体面 人间
391,19,0.4090735281200705,0.01780875782935771,0.42105263157894735,妖怪 鬼 坏人 疯子 巫婆 笨蛋 神仙 小人 小丑 傻瓜 魔鬼 好人,人缘儿 地狱 神 仙女 骗子 流氓 傻瓜 小丑,疯子 笨蛋 流氓 神 傻瓜 阎王 小人 小丑 鬼 地狱 好人 骗子,妖怪 鬼 坏人 疯子 巫婆 笨蛋 神仙 小人 小丑 傻瓜 魔鬼 好人 阎王 流氓 骗子 仙女 地狱 神 人缘儿
392,5,0.41166175482533307,0.05770583262266271,0.2,阶层 群体 人群 底层 层,层 群体 人群 底层 阶层,层 人群 群体 底层 阶层,阶层 群体 人群 底层 层
393,27,0.4279719941206368,-0.024959940809948993,0.48148148148148145,转弯 路口 车道 行驶 拐弯 路段 车速 人行道 马路 路面 堵车 十字路口,车速 立交桥 超速 大街 行驶 刹车 人行道 大道,绕行 红灯 绿灯 道路 车道 车速 超车 行人 超速 人行道 大道 减速,转弯 路口 车道 行驶 拐弯 路段 车速 人行道 马路 路面 堵车 十字路口 路况 红灯 超车 行人 刹车 立交桥 道路 绕行 超速 绿灯 急转弯 倒车 减速 大道 大街
394,31,0.43725995278090474,0.006711919150012261,0.41935483870967744,杀害 逮捕 谋害 暗杀 抢劫 屠杀 逃跑 逃走 凶手 开枪 被捕 绑架,罪犯 同伙 杀 斩草除根 俘虏 无恶不作 袭击 哗变,暗杀 枪毙 无恶不作 谋害 杀 开枪 挟持 逃跑 逃走 斩草除根 强盗 同伙,杀害 逮捕 谋害 暗杀 抢劫 屠杀 逃跑 逃走 凶手 开枪 被捕 绑架 挟持 劫持 歹徒 枪毙 杀 逃亡 人质 罪犯 俘虏 袭击 报仇 同伙 土匪 自杀 通缉 无恶不作 强盗 哗变 斩草除根
395,1,,0.0,0.0,人身,人身,人身,人身
396,8,0.43422551454998587,0.041432447456656,0.375,公正 公平 平等 公道 正义 人道 透明 同等,同等 透明 正义 人道 公道 公正 平等 公平,平等 透明 同等 人道 公道 公平 公正 正义,公正 公平 平等 公道 正义 人道 透明 同等
397,3,0.43680041557530075,0.07298517592922577,0.0,当之无愧 公认 仅次于,公认 仅次于 当之无愧,公认 当之无愧 仅次于,当之无愧 公认 仅次于
398,16,0.4300694630562902,0.08669379577343242,0.125,去年 今年 前年 年底 明年 年 全年 来年 当年 年前 往年 后年,同期 年底 往年 年前 年度 当年 年终 同年,年 年底 年度 年前 往年 年终 明年 同年 后年 同期 当年 全年,去年 今年 前年 年底 明年 年 全年 来年 当年 年前 往年 后年 年度 同年 年终 同期
399,25,0.4201299800468138,0.028873308333715285,0.4,阐述 叙述 描述 概括 论述 讲述 表述 描绘 讲解 解释 列举 描写,归纳 详细 绘声绘色 篇幅 形容 总结 讲 简要,叙述 详尽 概括 总结 解析 描述 讲述 讲解 讲 论述 篇幅 绘声绘色,阐述 叙述 描述 概括 论述 讲述 表述 描绘 讲解 解释 列举 描写 介绍 详尽 归纳 简要 解读 讲 总结 陈述 解析 详细 绘声绘色 篇幅 形容
400,6,0.3787297201635332,0.007346016039287032,0.5,从 自 自从 继 由 从中,从中 由 继 自从 从 自,从 继 由 从中 自 自从,从 自 自从 继 由 从中
401,3,0.3906527934950474,0.04725494934859328,0.3333333333333333,从业 从事 资格,资格 从事 从业,资格 从事 从业,从业 从事 资格
402,1,,0.0,0.0,从今以后,从今以后,从今以后,从今以后
403,12,0.4416676575588726,0.06253726560412545,0.25,从容 从容不迫 坦然 镇定 沉着 胸有成竹 冷静 心安理得 理直气壮 怡然自得 自如 大模大样,大模大样 理直气壮 心安理得 怡然自得 胸有成竹 冷静 自如 沉着,坦然 镇定 大模大样 胸有成竹 理直气壮 冷静 沉着 从容 怡然自得 心安理得 自如 从容不迫,从容 从容不迫 坦然 镇定 沉着 胸有成竹 冷静 心安理得 理直气壮 怡然自得 自如 大模大样
404,8,0.4319579126326599,0.025150482949737575,0.375,出生 出身 祖籍 从小 土生土长 长大 早年 身高,身高 出生 长大 早年 土生土长 从小 祖籍 出身,祖籍 身高 从小 出身 土生土长 出生 早年 长大,出生 出身 祖籍 从小 土生土长 长大 早年 身高
405,10,0.4472804099808392,0.09470022810270247,0.1,储存 贮藏 存放 保鲜 冷冻 保存 保管 保质期 常温 仓库,仓库 常温 保质期 冷冻 存放 保存 保鲜 保管,保鲜 贮藏 仓库 保管 保存 冷冻 存放 储存 常温 保质期,储存 贮藏 存放 保鲜 冷冻 保存 保管 保质期 常温 仓库
406,12,0.4288275651850996,0.026413502589078024,0.3333333333333333,耗费 花费 消耗 付出 浪费 节省 精力 投入 心血 代价 耗 牺牲,浪费 节省 牺牲 耗 代价 投入 心血 消耗,耗费 付出 花费 耗 消耗 代价 投入 心血 节省 牺牲 精力 浪费,耗费 花费 消耗 付出 浪费 节省 精力 投入 心血 代价 耗 牺牲
407,14,0.44406384330542764,0.08248498156372873,0.07142857142857142,还款 偿还 贷款 利息 款项 付款 归还 逾期 违约 债务 拖欠 定金,贷款 返还 违约 担保 拖欠 定金 付款 款项,拖欠 偿还 款项 付款 贷款 还款 利息 债务 逾期 定金 返还 担保,还款 偿还 贷款 利息 款项 付款 归还 逾期 违约 债务 拖欠 定金 担保 返还
408,46,0.4384529255337267,0.024379827302401576,0.3695652173913043,蛇 狗 猫 鹅 鸭子 青蛙 鸽子 公鸡 鸟 鸡 狮子 母鸡,恐龙 动物 仙鹤 燕子 家禽 怪物 虎 牛,仙鹤 兔 羊 熊 猴 猪 猫 狼 狗 牛 狮子 猩猩,蛇 狗 猫 鹅 鸭子 青蛙 鸽子 公鸡 鸟 鸡 狮子 母鸡 兔 猴 羊 鳄鱼 狼 虫子 龟 鼠 鱼 鹿 猩猩 动物 天鹅 蜜蜂 大象 蚊子 鲨鱼 野兽 猪 大雁 豹 苍蝇 燕子 仙鹤 鹰 猎犬 虎 家禽 昆虫 蛋 恐龙 怪物 熊 牛
409,10,0.46070537433449527,0.10262319243961929,0.2,名字 称呼 绰号 外号 命名 名称 地名 代号 叫 字眼,代号 名称 字眼 叫 地名 外号 命名 绰号,叫 地名 称呼 代号 命名 外号 名称 绰号 名字 字眼,名字 称呼 绰号 外号 命名 名称 地名 代号 叫 字眼
410,7,0.5010525994956578,0.20447576880595106,0.0,取代 代替 替代 替换 换成 取而代之 换,换 取而代之 换成 替换 替代 代替 取代,换 替换 替代 换成 代替 取而代之 取代,取代 代替 替代 替换 换成 取而代之 换
411,4,0.4876046744579782,0.12983282565549784,0.0,委托 代理 代理人 授权,授权 代理人 委托 代理,代理人 委托 代理 授权,委托 代理 代理人 授权
412,1,,0.0,0.0,代言人,代言人,代言人,代言人
413,10,0.46937452315074796,0.15201928977659812,0.1,凭借 依靠 借助 通过 凭着 凭 依托 靠 透过 以,以 依托 凭着 透过 靠 借助 凭 通过,凭 以 通过 借助 依靠 依托 靠 凭借 凭着 透过,凭借 依靠 借助 通过 凭着 凭 依托 靠 透过 以
414,2,0.5269919093074433,0.19136903307809697,0.0,以下 如下,如下 以下,以下 如下,以下 如下
415,22,0.4397577132638795,0.07106763083202093,0.22727272727272727,表示 声称 指出 宣称 认为 坚信 强调 说 深信 确信 承认 透露,以为 显示 获悉 断定 证实 宣布 宣称 提到,坚信 重申 以为 确信 否认 断定 宣称 宣布 提到 深信 说 相信,表示 声称 指出 宣称 认为 坚信 强调 说 深信 确信 承认 透露 重申 否认 相信 断定 证实 宣布 提到 获悉 显示 以为
416,14,0.4642658257976485,0.11771926239669125,0.14285714285714285,能够 能 可以 才能 难以 无法 能否 得以 足以 可 以便 只能,有望 即可 难以 只能 以便 无法 能否 得以,可 得以 无法 以便 有望 可以 能够 能否 足以 即可 能 只能,能够 能 可以 才能 难以 无法 能否 得以 足以 可 以便 只能 有望 即可
417,4,0.44199605272903836,0.11521059470658775,0.0,带头 带头人 骨干 以身作则,以身作则 骨干 带头 带头人,带头 带头人 骨干 以身作则,带头 带头人 骨干 以身作则
418,14,0.4282214326728956,0.05060872281242061,0.42857142857142855,测量 检测 测定 观测 化验 仪器 测 探测 样品 检验 鉴定 验,望远镜 样品 温度计 鉴定 验 探测 化验 仪器,探测 测 测量 仪器 温度计 测定 验 观测 检验 样品 鉴定 化验,测量 检测 测定 观测 化验 仪器 测 探测 样品 检验 鉴定 验 温度计 望远镜
419,8,0.4134698387728689,0.03964552478019071,0.25,开关 阀门 螺丝 绝缘 电线 密封 水龙头 仪表,密封 水龙头 绝缘 螺丝 仪表 电线 开关 阀门,密封 绝缘 水龙头 开关 电线 螺丝 仪表 阀门,开关 阀门 螺丝 绝缘 电线 密封 水龙头 仪表
420,15,0.4252292193804965,0.027263666083602346,0.4666666666666667,蹲 躺 仰 坐 站立 卧 跪 倚 拄 呆 撑 俯首,俯首 垂 窝 拄 躺 撑 卧 倚,俯首 倚 卧 呆 坐 垂 仰 窝 站 撑 拄 站立,蹲 躺 仰 坐 站立 卧 跪 倚 拄 呆 撑 俯首 站 垂 窝
421,10,0.45967581033146127,0.10903424117272602,0.1,价格 价钱 售价 价位 价 定价 高价 性价比 造价 身价,高价 性价比 价位 造价 定价 身价 价 价钱,价 性价比 价钱 定价 价位 价格 造价 高价 售价 身价,价格 价钱 售价 价位 价 定价 高价 性价比 造价 身价
422,11,0.45851738307154527,0.07529191290270291,0.2727272727272727,观念 思维 意识 思想 理念 价值观 心态 审美 思路 头脑 伦理,思路 伦理 审美 头脑 心态 理念 思维 价值观,伦理 心态 思想 思维 审美 头脑 思路 观念 理念 意识 价值观,观念 思维 意识 思想 理念 价值观 心态 审美 思路 头脑 伦理
423,7,0.38294971267751154,-0.020183579694531894,0.5714285714285714,挨打 碰钉子 挨 走弯路 任人宰割 半途而废 耳光,半途而废 耳光 任人宰割 走弯路 挨 碰钉子 挨打,半途而废 挨 碰钉子 耳光 挨打 任人宰割 走弯路,挨打 碰钉子 挨 走弯路 任人宰割 半途而废 耳光
424,4,0.42488220951946815,0.06543179896913598,0.25,别的 其他 任何 的,的 任何 其他 别的,的 别的 任何 其他,别的 其他 任何 的
425,11,0.4236366149673081,0.03527790395429142,0.5454545454545454,随意 随便 随心所欲 随手 顺手 随时随地 任意 自由自在 顺便 随身 自由,自由 随身 随时随地 任意 自由自在 顺便 顺手 随意,顺手 顺便 随时随地 任意 随身 随心所欲 自由 随手 随意 自由自在 随便,随意 随便 随心所欲 随手 顺手 随时随地 任意 自由自在 顺便 随身 自由
426,1,,0.0,0.0,份,份,份,份
427,2,0.49308608509559526,0.17304142400220995,0.0,份额 基金,基金 份额,份额 基金,份额 基金
428,4,0.5254327538547182,0.22675024699977767,0.0,仿 模仿 仿制 效仿,仿制 效仿 模仿 仿,仿 效仿 模仿 仿制,仿 模仿 仿制 效仿
429,10,0.434172336847011,0.051382705389610914,0.4,厂家 工厂 厂 厂商 企业 生产 车间 工序 出厂 开发商,开发商 工序 生产 出厂 企业 厂家 厂商 车间,厂 车间 企业 生产 出厂 厂家 厂商 工序 工厂 开发商,厂家 工厂 厂 厂商 企业 生产 车间 工序 出厂 开发商
430,35,0.4174409280854801,-0.031499142819578566,0.6285714285714286,欺骗 侮辱 恐吓 讹诈 诽谤 挑衅 煽动 吓唬 骚扰 敲诈 迫害 刁难,骗 引诱 阴谋 伤害 勾结 企图 歧视 无理,引诱 背叛 祸害 虐待 伤害 殴打 无理 误导 捣乱 吓唬 敲诈 迫害,欺骗 侮辱 恐吓 讹诈 诽谤 挑衅 煽动 吓唬 骚扰 敲诈 迫害 刁难 欺负 殴打 阻挠 虐待 捣乱 报复 引诱 阴谋 歪曲 勾结 背叛 拉拢 无理 冒犯 收买 企图 歧视 公然 祸害 伤害 鼓动 误导 骗
431,16,0.42449546160024987,0.040561688815843266,0.375,佛教 道教 宗教 基督教 伊斯兰教 僧人 信仰 菩萨 佛 天主教 穆斯林 寺,迷信 供奉 寺 菩萨 少林寺 天主教 佛 和尚,僧人 宗教 寺 佛 穆斯林 少林寺 天主教 迷信 和尚 供奉 基督教 伊斯兰教,佛教 道教 宗教 基督教 伊斯兰教 僧人 信仰 菩萨 佛 天主教 穆斯林 寺 供奉 和尚 少林寺 迷信
432,26,0.40766957675636717,-0.014318369101915059,0.6153846153846154,旅游 游玩 度假 出游 游览 旅行 观光 郊游 避暑 游 疗养 景点,温泉 请假 景点 郊游 休养 出国 出差 旅行,旅行 休闲 探亲 蜜月 游玩 请假 游 游览 旅游 温泉 郊游 出行,旅游 游玩 度假 出游 游览 旅行 观光 郊游 避暑 游 疗养 景点 探亲 景区 旅行社 休闲 出差 蜜月 温泉 出行 外出 导游 出国 休养 漫游 请假
433,1,,0.0,0.0,休眠,休眠,休眠,休眠
434,1,,0.0,0.0,优,优,优,优
435,1,,0.0,0.0,优先,优先,优先,优先
436,40,0.4106358049615559,-0.039477837064465296,0.525,增强 提高 增加 降低 加强 提升 强化 增大 扩大 加快 促进 减少,改进 完善 拓展 压缩 缩小 提速 增 推动,加速 加重 增强 增多 增大 增加 减 增 优化 缓解 进一步 压缩,增强 提高 增加 降低 加强 提升 强化 增大 扩大 加快 促进 减少 改善 加深 减轻 深化 拓宽 增进 加剧 优化 削弱 减弱 加速 缓解 推进 缩小 加重 进一步 缩短 推动 拓展 巩固 改进 完善 增多 提速 压缩 抵消 减 增
437,10,0.4842307771670496,0.1220245327422804,0.2,打折 折扣 促销 优惠 特价 降价 低价 折 涨价 套餐,低价 套餐 涨价 折 促销 降价 优惠 特价,优惠 涨价 折 套餐 折扣 降价 促销 打折 低价 特价,打折 折扣 促销 优惠 特价 降价 低价 折 涨价 套餐
438,6,0.37434730298650837,-0.015730749276289268,0.5,品质 优质 质量 精品 安全 经典,安全 经典 优质 精品 质量 品质,优质 质量 安全 经典 品质 精品,品质 优质 质量 精品 安全 经典
439,1,,0.0,0.0,伙,伙,伙,伙
440,5,0.4164258975890339,-0.0208196917074396,0.6,帮手 助手 伙伴 得力 向导,向导 伙伴 得力 助手 帮手,得力 伙伴 帮手 向导 助手,帮手 助手 伙伴 得力 向导
441,5,0.42079741702225454,0.05709733788678491,0.4,食宿 衣食住行 伙食 吃喝玩乐 接送,接送 吃喝玩乐 伙食 衣食住行 食宿,伙食 食宿 衣食住行 吃喝玩乐 接送,食宿 衣食住行 伙食 吃喝玩乐 接送
442,1,,0.0,0.0,会员,会员,会员,会员
443,18,0.4370011879269726,0.010713461275346595,0.5555555555555556,体育馆 体育场 礼堂 场馆 球场 大厅 广场 剧院 大楼 看台 公园 会场,图书馆 场地 公园 大厅 大楼 演播室 大厦 广场,图书馆 看台 球场 鸟巢 舞台 体育馆 演播室 大厦 大厅 礼堂 大楼 场馆,体育馆 体育场 礼堂 场馆 球场 大厅 广场 剧院 大楼 看台 公园 会场 场地 大厦 图书馆 演播室 舞台 鸟巢
444,23,0.42715263181716934,0.03594217111686692,0.30434782608695654,参观 拜访 看望 拜会 视察 接见 会见 考察 探望 访问 观摩 慰问,慰问 观察 应邀 座谈 接待 来访 陪同 拜见,看望 参观 实地 拜会 探望 会见 应邀 座谈 察看 考察 观摩 听取,参观 拜访 看望 拜会 视察 接见 会见 考察 探望 访问 观摩 慰问 实地 拜见 察看 陪同 座谈 听取 应邀 调研 来访 接待 观察
445,4,0.49974733377378483,0.20248021969145968,0.0,税务 会计 财务 工商,工商 会计 财务 税务,会计 财务 税务 工商,税务 会计 财务 工商
446,1,,0.0,0.0,伞,伞,伞,伞
447,11,0.4290412894906163,0.035372432665551845,0.36363636363636365,宏伟 雄伟 壮观 伟大 庄严 宏大 神圣 光辉 光荣 可歌可泣 耸立,耸立 可歌可泣 光辉 光荣 壮观 伟大 神圣 宏大,壮观 光荣 光辉 宏大 宏伟 伟大 耸立 神圣 庄严 可歌可泣 雄伟,宏伟 雄伟 壮观 伟大 庄严 宏大 神圣 光辉 光荣 可歌可泣 耸立
448,8,0.47471820643275514,0.114343701827411,0.125,故事 传奇 神话 传说 童话 悲剧 奇迹 结局,结局 奇迹 传奇 故事 悲剧 童话 传说 神话,神话 奇迹 悲剧 故事 传奇 结局 童话 传说,故事 传奇 神话 传说 童话 悲剧 奇迹 结局
449,4,0.48979448227400696,0.183829035568074,0.0,影视 娱乐 传媒 文娱,文娱 娱乐 传媒 影视,娱乐 传媒 文娱 影视,影视 娱乐 传媒 文娱
450,13,0.4132444380087467,0.03394958113369408,0.3076923076923077,瑰宝 发扬光大 传承 弘扬 发扬 宝库 继承 精髓 遗产 精华 失传 宝藏,宝藏 焕发 精华 失传 弘扬 继承 精髓 发扬,宝藏 瑰宝 精髓 发扬 焕发 遗产 传承 宝库 发扬光大 弘扬 继承 失传,瑰宝 发扬光大 传承 弘扬 发扬 宝库 继承 精髓 遗产 精华 失传 宝藏 焕发
451,3,0.5372017115804026,0.21515452024008938,0.0,扩散 蔓延 传播,传播 蔓延 扩散,扩散 传播 蔓延,扩散 蔓延 传播
452,12,0.47485167748137375,0.11134050158916774,0.16666666666666666,电话 拨打 打电话 拨通 接听 接通 来电 热线 通话 接到 传真 接,接 接到 传真 热线 来电 通话 接通 接听,通话 热线 接 拨通 传真 拨打 打电话 来电 电话 接到 接听 接通,电话 拨打 打电话 拨通 接听 接通 来电 热线 通话 接到 传真 接
453,10,0.41606574655414585,0.014619779040445707,0.4,古代 近代 古典 现代 古老 当代 西方 传统 古 朝代,古老 西方 朝代 传统 古 古代 当代 古典,古 古典 古代 现代 当代 传统 朝代 古老 西方 近代,古代 近代 古典 现代 古老 当代 西方 传统 古 朝代
454,5,0.47666212280798703,0.15164589766725975,0.0,输出 传输 输入 发送 输送,发送 传输 输送 输入 输出,输送 输出 输入 发送 传输,输出 传输 输入 发送 输送
455,6,0.4025270752933633,0.008539282376754281,0.6666666666666666,汇报 通报 传达 转达 报告 报到,报到 报告 通报 转达 传达 汇报,转达 汇报 报告 报到 通报 传达,汇报 通报 传达 转达 报告 报到
456,4,0.5569111648264121,0.32293094269709255,0.0,火炬 传递 接力 棒,棒 传递 接力 火炬,棒 火炬 接力 传递,火炬 传递 接力 棒
457,8,0.4107045121558476,0.012933877969015397,0.25,创伤 伤痕 伤 伤员 伤势 包扎 废墟 阴影,废墟 阴影 包扎 伤员 伤势 伤 创伤 伤痕,伤痕 伤 包扎 伤员 伤势 废墟 创伤 阴影,创伤 伤痕 伤 伤员 伤势 包扎 废墟 阴影
458,9,0.4400464656563821,0.1008652742981574,0.2222222222222222,残疾 残疾人 盲人 伤残 聋人 轮椅 聋 残 残缺,残缺 残 聋 轮椅 伤残 聋人 盲人 残疾人,伤残 聋人 残 轮椅 盲人 聋 残疾人 残缺 残疾,残疾 残疾人 盲人 伤残 聋人 轮椅 聋 残 残缺
459,8,0.4494202232609646,0.011436449854143178,0.625,掩盖 掩饰 隐瞒 夸大 遮盖 伪装 推卸 虚构,隐瞒 伪装 夸大 推卸 虚构 遮盖 掩饰 掩盖,虚构 掩饰 遮盖 推卸 伪装 夸大 隐瞒 掩盖,掩盖 掩饰 隐瞒 夸大 遮盖 伪装 推卸 虚构
460,21,0.4278274952657403,0.0046714788999853325,0.5238095238095238,诈骗 假冒 伪造 盗窃 走私 倒卖 团伙 贩卖 非法 犯罪 造假 欺诈,贩卖 毒品 团伙 编造 作弊 盗 弄虚作假 冒充,假 盗 虚假 犯罪 团伙 欺诈 毒品 倒卖 贩卖 伪造 诈骗 造假,诈骗 假冒 伪造 盗窃 走私 倒卖 团伙 贩卖 非法 犯罪 造假 欺诈 虚假 涉嫌 冒充 作弊 假 编造 弄虚作假 盗 毒品
461,24,0.42767979541403994,0.016705308831632824,0.4583333333333333,推测 估算 推断 推算 预测 测算 猜测 估计 假设 猜想 判断 计算,算 计算 预料 设想 粗略 想象 预计 统计,猜想 猜测 粗略 算 猜 统计 估计 判断 揣测 计算 推算 推测,推测 估算 推断 推算 预测 测算 猜测 估计 假设 猜想 判断 计算 揣测 假定 预言 预料 分析 设想 预计 想象 粗略 统计 猜 算
462,12,0.3977255980880288,0.025591268083102775,0.25,相识 相伴 萍水相逢 相遇 素不相识 朝夕相处 相依为命 相约 形影不离 似曾相识 陌生 伴,陌生 伴 素不相识 似曾相识 形影不离 朝夕相处 相约 萍水相逢,形影不离 伴 相依为命 相遇 相识 朝夕相处 相伴 相约 素不相识 似曾相识 陌生 萍水相逢,相识 相伴 萍水相逢 相遇 素不相识 朝夕相处 相依为命 相约 形影不离 似曾相识 陌生 伴
463,20,0.4242775339992608,0.022986743660548658,0.4,结婚 离婚 订婚 恋爱 婚姻 求婚 分手 婚礼 夫妻 怀孕 约会 嫁,配偶 怀孕 嫁妆 嫁 成家 生育 情侣 失恋,生育 嫁 婚礼 婚姻 恋爱 约会 伴侣 配偶 成家 离婚 嫁妆 夫妻,结婚 离婚 订婚 恋爱 婚姻 求婚 分手 婚礼 夫妻 怀孕 约会 嫁 情侣 成家 伴侣 新郎 嫁妆 失恋 生育 配偶
464,13,0.402787691301691,0.026640335612034792,0.46153846153846156,随着 由于 鉴于 对于 伴随 得益于 针对 基于 对 因 纵观 跟随,跟随 随 得益于 纵观 基于 对 伴随 因,基于 跟随 对于 因 对 得益于 纵观 随 由于 随着 鉴于 伴随,随着 由于 鉴于 对于 伴随 得益于 针对 基于 对 因 纵观 跟随 随
465,1,,0.0,0.0,伸张,伸张,伸张,伸张
466,27,0.3986633267972176,-0.018492499148694778,0.5555555555555556,照顾 照料 关照 爱护 侍候 呵护 伺候 体谅 陪伴 关爱 看护 关怀,抚养 重视 使唤 孝敬 管教 爱惜 家务 陪,看管 看护 爱惜 爱护 周到 关心 关怀 关爱 关照 照料 侍候 宠爱,照顾 照料 关照 爱护 侍候 呵护 伺候 体谅 陪伴 关爱 看护 关怀 孝敬 无微不至 宠爱 关心 抚养 管教 爱惜 看管 尊重 使唤 家务 监护 陪 周到 重视
467,5,0.4763764640374525,0.1488845681816116,0.0,暗中 暗地里 私下 搞鬼 伺机,伺机 搞鬼 私下 暗地里 暗中,暗中 搞鬼 伺机 私下 暗地里,暗中 暗地里 私下 搞鬼 伺机
468,7,0.42531159205364205,0.03829126752705477,0.2857142857142857,含糊 似是而非 模糊 笼统 抽象 自相矛盾 半真半假,半真半假 抽象 笼统 自相矛盾 似是而非 模糊 含糊,自相矛盾 笼统 模糊 半真半假 抽象 似是而非 含糊,含糊 似是而非 模糊 笼统 抽象 自相矛盾 半真半假
469,5,0.3950195389202896,0.012788785611047218,0.4,批 名 首批 位 首,首 位 名 首批 批,名 位 批 首 首批,批 名 首批 位 首
470,8,0.4068819856003259,0.013584860563119961,0.625,处于 处在 陷入 步入 面临 位于 属于 徘徊,属于 步入 位于 徘徊 面临 陷入 处在 处于,面临 步入 位于 属于 处于 处在 徘徊 陷入,处于 处在 陷入 步入 面临 位于 属于 徘徊
471,5,0.4811075465143958,0.12988952281511165,0.0,座位 位子 席 席位 就座,就座 席位 位子 席 座位,席 席位 就座 位子 座位,座位 位子 席 席位 就座
472,3,0.5626975507700364,0.29830131173505636,0.0,低 高 低下,低下 高 低,低 高 低下,低 高 低下
473,12,0.49528965650676604,0.19324865506871025,0.0,高于 低于 小于 大于 超过 超出 远远 超越 远 超 等于 相当于,等于 远 相当于 超越 超 远远 超出 高于,相当于 超出 超过 超越 等于 大于 小于 超 远 远远 低于 高于,高于 低于 小于 大于 超过 超出 远远 超越 远 超 等于 相当于
474,2,0.46049332465513215,0.16914736436969485,0.0,值 低估,低估 值,值 低估,值 低估
475,8,0.4640512861634078,0.08857914566918672,0.0,回头 抬头 低头 过头 转身 停下 掉头 左顾右盼,过头 停下 左顾右盼 低头 掉头 转身 抬头 回头,转身 停下 掉头 回头 左顾右盼 低头 过头 抬头,回头 抬头 低头 过头 转身 停下 掉头 左顾右盼
476,6,0.48815047348059254,0.18175344112714797,0.0,节能 节水 环保 低碳 节约 能耗,节约 能耗 低碳 环保 节水 节能,能耗 环保 节能 节约 节水 低碳,节能 节水 环保 低碳 节约 能耗
477,2,0.6964052439475528,0.5384884471367761,0.0,高调 低调,高调 低调,高调 低调,高调 低调
478,4,0.5256579411415566,0.24796586005617233,0.0,高峰 高峰期 低谷 巅峰,巅峰 低谷 高峰期 高峰,高峰期 巅峰 低谷 高峰,高峰 高峰期 低谷 巅峰
479,6,0.4106885113661371,0.009501690523355269,0.5,住址 地址 住处 地点 邮编 住,邮编 住 地点 住处 地址 住址,住 邮编 地址 地点 住处 住址,住址 地址 住处 地点 邮编 住
480,24,0.4208675792145895,0.018037227976057862,0.4166666666666667,房屋 住宅 房子 公寓 住房 新房 别墅 租金 房租 出租 物业 写字楼,房价 拆迁 抵押 新房 栋 幢 屋 装修,房子 房屋 物业 房租 屋 幢 租 别墅 栋 新房 写字楼 抵押,房屋 住宅 房子 公寓 住房 新房 别墅 租金 房租 出租 物业 写字楼 栋 幢 房东 居住 租 租赁 住户 装修 屋 拆迁 房价 抵押
481,8,0.420237452954372,0.051048290684965386,0.375,体制 机制 制度 体系 模式 框架 制 现行,框架 现行 模式 制 体系 制度 机制 体制,机制 制 模式 制度 体系 体制 框架 现行,体制 机制 制度 体系 模式 框架 制 现行
482,7,0.46473702403808625,0.13195963236529692,0.14285714285714285,视力 体力 体质 体能 体重 智力 近视,近视 智力 体重 体能 体力 体质 视力,体重 体能 体质 视力 近视 体力 智力,视力 体力 体质 体能 体重 智力 近视
483,8,0.41090821852705167,0.045218300719028465,0.25,检查 复查 调查 查出 查 体检 查明 问卷,问卷 查 体检 查明 查出 调查 复查 检查,问卷 查 查出 体检 查明 调查 复查 检查,检查 复查 调查 查出 查 体检 查明 问卷
484,14,0.4303086952276946,0.04255278024228466,0.35714285714285715,表明 展现 体现 反映 预示 揭示 印证 展示 表达 暗示 说明 表现,说明 勾画 表现 展现 意味着 表达 体现 暗示,暗示 展示 展现 揭示 勾画 反映 印证 说明 体现 预示 意味着 表达,表明 展现 体现 反映 预示 揭示 印证 展示 表达 暗示 说明 表现 勾画 意味着
485,17,0.4349136458468106,0.039021829194517035,0.47058823529411764,尺寸 体积 形状 外形 厚度 长度 重量 宽度 外观 直径 大小 造型,造型 性能 外貌 直径 尺度 容量 轮廓 大小,厚度 性能 宽度 轮廓 容量 大小 外貌 外观 体积 造型 形状 外形,尺寸 体积 形状 外形 厚度 长度 重量 宽度 外观 直径 大小 造型 外貌 轮廓 性能 尺度 容量
486,3,0.39319215391627216,0.04366393138563709,0.6666666666666666,空间 余地 时空,时空 余地 空间,时空 余地 空间,空间 余地 时空
487,8,0.45849918673242246,0.07613890964988992,0.125,存款 理财 银行 活期 储蓄 信贷 余额 金融,金融 信贷 余额 银行 储蓄 活期 理财 存款,银行 储蓄 活期 理财 存款 余额 信贷 金融,存款 理财 银行 活期 储蓄 信贷 余额 金融
488,6,0.35049457419618124,-0.07038190544253935,0.8333333333333334,提出 作出 发出 作 要求 提,提 发出 要求 作 作出 提出,作 提 发出 要求 提出 作出,提出 作出 发出 作 要求 提
489,1,,0.0,0.0,作业,作业,作业,作业
490,20,0.45926067781401125,0.10917884489465808,0.1,称作 称为 当作 视为 当成 列为 看成 定为 看作 叫作 变成 成为,简称 改名 列入 作为 称为 分为 叫作 成,看成 看作 简称 成 改为 叫作 改名 当作 当成 成为 定为 视为,称作 称为 当作 视为 当成 列为 看成 定为 看作 叫作 变成 成为 变为 作为 改为 列入 分为 成 改名 简称
491,6,0.4692947066676159,0.14962291723224794,0.16666666666666666,邀请 邀 特邀 做客 作客 征求,征求 特邀 作客 做客 邀 邀请,征求 邀 邀请 做客 特邀 作客,邀请 邀 特邀 做客 作客 征求
492,10,0.4618511432094846,0.07007751432388828,0.4,诗人 作家 文学 散文 文人 诗 学者 寓言 文艺 科学家,学者 寓言 科学家 文艺 诗 文人 文学 散文,科学家 诗人 诗 文艺 寓言 文人 文学 作家 学者 散文,诗人 作家 文学 散文 文人 诗 学者 寓言 文艺 科学家
493,4,0.4724366639334709,0.18248270574431052,0.0,失效 作废 无效 过期,过期 无效 失效 作废,无效 失效 作废 过期,失效 作废 无效 过期
494,14,0.44417250206808456,0.025746657803893066,0.2857142857142857,进攻 攻击 反击 作战 防御 侦察 战术 歼灭 攻 防卫 自卫 轰炸,歼灭 入侵 防御 侦察 掩护 作战 自卫 攻,入侵 攻 进攻 攻击 轰炸 防卫 防御 反击 歼灭 战术 作战 自卫,进攻 攻击 反击 作战 防御 侦察 战术 歼灭 攻 防卫 自卫 轰炸 入侵 掩护
495,30,0.4624011746781311,0.08789196741430977,0.16666666666666666,考试 试题 试卷 高考 笔试 考题 口试 考生 考 作文 理科 卷子,文科 及格 志愿 理科 招生 面试 题目 大纲,笔试 测验 口试 命题 录取 题目 试题 考生 补考 考场 大纲 题,考试 试题 试卷 高考 笔试 考题 口试 考生 考 作文 理科 卷子 报考 面试 录取 题目 分数 考场 招生 填空 补考 文科 命题 科目 听力 测验 题 大纲 及格 志愿
496,5,0.3977342109278071,0.05178122643105785,0.4,作用 起到 发挥 效应 起,起 效应 发挥 起到 作用,起到 效应 发挥 起 作用,作用 起到 发挥 效应 起
497,5,0.35433440975845326,-0.07206558658476897,0.6,风气 风 作风 养成 风力,风力 养成 作风 风 风气,风力 风 风气 养成 作风,风气 风 作风 养成 风力
498,11,0.43997288946825625,0.05705698262442464,0.2727272727272727,运用 使用 用 利用 采用 借用 动用 选用 滥用 应用 借,借 应用 选用 动用 借用 滥用 利用 用,选用 借 运用 用 使用 应用 利用 借用 滥用 采用 动用,运用 使用 用 利用 采用 借用 动用 选用 滥用 应用 借
499,2,0.4844657888966464,0.17964833520487528,0.0,使者 天使,使者 天使,使者 天使,使者 天使
500,1,,0.0,0.0,供,供,供,供
501,9,0.5074241405517449,0.13203136868662577,0.1111111111111111,供应 短缺 供给 供求 紧缺 供不应求 过剩 需求 缺口,需求 供给 供不应求 缺口 过剩 供应 短缺 紧缺,供应 供求 供给 短缺 需求 供不应求 过剩 缺口 紧缺,供应 短缺 供给 供求 紧缺 供不应求 过剩 需求 缺口
502,5,0.4904341300317047,0.19557331026995056,0.0,暖气 供暖 取暖 通风 冷气,通风 冷气 取暖 供暖 暖气,取暖 通风 冷气 供暖 暖气,暖气 供暖 取暖 通风 冷气
503,12,0.47684882393372857,0.1115047654471571,0.25,按照 依照 遵循 遵照 根据 依据 按 参照 本着 依 秉承 坚持,参照 坚持 根据 秉承 本着 依据 依 遵照,秉承 依 按 参照 本着 根据 依据 依照 遵照 遵循 按照 坚持,按照 依照 遵循 遵照 根据 依据 按 参照 本着 依 秉承 坚持
504,4,0.48804080845192493,0.18720747409386101,0.0,满怀 怀着 怀抱 依依不舍,依依不舍 怀抱 怀着 满怀,依依不舍 怀着 怀抱 满怀,满怀 怀着 怀抱 依依不舍
505,5,0.32603472561859864,-0.07768296749505496,0.8,依次 顺序 序 分别 谱,谱 分别 顺序 序 依次,序 顺序 依次 谱 分别,依次 顺序 序 分别 谱
506,6,0.4398522750764164,0.06997889433955432,0.3333333333333333,信赖 信任 放心 满意 托付 依赖,依赖 托付 满意 放心 信赖 信任,依赖 托付 放心 信赖 信任 满意,信赖 信任 放心 满意 托付 依赖
507,2,0.49670380492763844,0.1732568716351548,0.0,侠义 风流,风流 侠义,侠义 风流,侠义 风流
508,2,0.5245104304228518,0.21642516738413742,0.0,端 侧,端 侧,侧 端,端 侧
509,4,0.5584939798346872,0.27588691165164153,0.0,反面 正面 侧面 背面,反面 侧面 背面 正面,背面 侧面 反面 正面,反面 正面 侧面 背面
510,12,0.4592174670636491,0.08867719791277605,0.3333333333333333,强占 霸占 侵占 占领 掠夺 占有 瓜分 抢夺 占据 领土 占用 驱逐,瓜分 驱逐 领土 抢夺 占用 掠夺 占有 占据,占用 占据 占有 掠夺 霸占 占领 强占 驱逐 领土 瓜分 侵占 抢夺,强占 霸占 侵占 占领 掠夺 占有 瓜分 抢夺 占据 领土 占用 驱逐
511,18,0.4497649330318288,0.0871370680688855,0.16666666666666666,损害 妨害 扰乱 妨碍 破坏 危及 危害 侵害 阻碍 侵犯 触犯 违反,害 危险 违背 阻碍 威胁 影响 干扰 侵犯,害 扰乱 威胁 危害 危及 破坏 危险 侵犯 妨碍 影响 侵害 妨害,损害 妨害 扰乱 妨碍 破坏 危及 危害 侵害 阻碍 侵犯 触犯 违反 干扰 威胁 违背 影响 害 危险
512,11,0.48441592372577824,0.14498536469396736,0.18181818181818182,便捷 方便 快捷 便利 省钱 便宜 省事 实惠 划算 高效 顺畅,顺畅 高效 便宜 省事 划算 实惠 省钱 快捷,实惠 顺畅 快捷 省钱 省事 便利 便宜 便捷 方便 高效 划算,便捷 方便 快捷 便利 省钱 便宜 省事 实惠 划算 高效 顺畅
513,21,0.4454016496660741,0.021194970503844817,0.5238095238095238,信件 邮件 回信 电报 贺信 电子邮件 来信 短信 信封 贺卡 便条 公函,公函 封 请柬 留言 信封 信 邮箱 贺电,邮件 封 信 邮箱 请帖 请柬 电报 公开信 贺卡 贺信 贺电 回信,信件 邮件 回信 电报 贺信 电子邮件 来信 短信 信封 贺卡 便条 公函 信箱 贺电 公开信 请柬 请帖 留言 封 信 邮箱
514,5,0.45366714273344133,0.11322246662208282,0.0,请客 应酬 喜酒 便饭 公务,便饭 公务 喜酒 请客 应酬,便饭 请客 应酬 喜酒 公务,请客 应酬 喜酒 便饭 公务
515,5,0.4161136652362387,0.01299771529459309,0.6,润 俊 顺 盛 良,良 俊 盛 顺 润,俊 盛 润 顺 良,润 俊 顺 盛 良
516,2,0.4523795392141312,0.09909330525373437,0.0,俗话说 所谓,所谓 俗话说,俗话说 所谓,俗话说 所谓
517,3,0.40239266287076275,0.02687104826345385,0.3333333333333333,征服 俘获 压倒,压倒 俘获 征服,征服 压倒 俘获,征服 俘获 压倒
518,16,0.41633980091713246,-0.00661523571085148,0.5,修理 维修 配件 零件 组装 部件 保养 改装 安装 修补 保修 修车,改装 修 设备 保修 修复 修补 装备 修车,安装 修 部件 零件 配件 维修 保养 保修 修补 修车 修理 装备,修理 维修 配件 零件 组装 部件 保养 改装 安装 修补 保修 修车 设备 修 修复 装备
519,8,0.4523334073396601,0.10510739830216831,0.0,守护 捍卫 保卫 维护 保护 守 坚守 护,坚守 护 守 保护 维护 保卫 捍卫 守护,坚守 守 护 守护 保护 保卫 维护 捍卫,守护 捍卫 保卫 维护 保护 守 坚守 护
520,11,0.4390295551705258,0.10291329029283522,0.09090909090909091,机密 泄密 泄露 秘密 窃取 隐私 情报 保密 间谍 内幕 黑客,隐私 黑客 内幕 窃取 间谍 保密 情报 秘密,机密 窃取 间谍 保密 秘密 内幕 黑客 泄露 隐私 情报 泄密,机密 泄密 泄露 秘密 窃取 隐私 情报 保密 间谍 内幕 黑客
521,7,0.44975054780108487,0.11286720685378247,0.2857142857142857,延续 保持 维持 继续 持续 续 保留,保留 续 维持 持续 保持 延续 继续,持续 续 保留 延续 保持 维持 继续,延续 保持 维持 继续 持续 续 保留
522,2,0.6351033991030526,0.38715045827389,0.0,险 保险,保险 险,保险 险,险 保险
523,8,0.44997426474285457,0.10702265831086728,0.125,迹象 兆头 苗头 预兆 势头 趋势 预感 信号,预感 趋势 势头 信号 预兆 苗头 兆头 迹象,迹象 苗头 趋势 势头 预感 预兆 信号 兆头,迹象 兆头 苗头 预兆 势头 趋势 预感 信号
524,30,0.43032116201923276,-0.012857635721968937,0.5,勇气 毅力 斗志 勇敢 魄力 信念 气魄 坚韧 骨气 顽强 意志 志气,抱负 决心 坚韧 魄力 英勇 勇往直前 信心 劲头,坚定 坚强 骨气 斗志 魄力 意志 劲头 顽强 勇气 执着 勇敢 坚韧,勇气 毅力 斗志 勇敢 魄力 信念 气魄 坚韧 骨气 顽强 意志 志气 自信 勇往直前 拼搏 决心 坚强 刚毅 勇于 自信心 奋勇 责任感 英勇 执着 信心 劲头 坚定 敢于 精神 抱负
525,8,0.37862482569156863,0.014949517817283915,0.5,数据库 数据 资料 信息 海量 档案 资讯 库,库 档案 资讯 海量 信息 资料 数据 数据库,数据库 数据 库 资料 档案 资讯 海量 信息,数据库 数据 资料 信息 海量 档案 资讯 库
526,4,0.4071048343384731,0.03222340502754153,0.5,债 信用 券 发行,发行 券 信用 债,债 券 发行 信用,债 信用 券 发行
527,17,0.4544085463989482,0.002949941875358224,0.47058823529411764,兴建 修建 动工 竣工 建成 建造 扩建 建设 开工 工程 施工 建,拆除 改造 建 工地 施工 开工 项目 重建,工程 重建 建 竣工 开工 扩建 兴建 建成 建造 项目 建设 施工,兴建 修建 动工 竣工 建成 建造 扩建 建设 开工 工程 施工 建 拆除 改造 重建 项目 工地
528,10,0.44248982744071047,0.06719265985507665,0.3,更改 改动 变更 变动 修改 变化 调整 更换 更新 波动,波动 变化 更换 修改 更新 改动 调整 变更,波动 改动 更改 更新 更换 修改 调整 变更 变化 变动,更改 改动 变更 变动 修改 变化 调整 更换 更新 波动
529,6,0.4540448410663528,0.12099626692192485,0.0,纠正 改正 矫正 修正 端正 检讨,检讨 修正 端正 矫正 改正 纠正,端正 改正 矫正 纠正 检讨 修正,纠正 改正 矫正 修正 端正 检讨
530,17,0.4272586917351151,0.032306698697451,0.35294117647058826,制定 制订 颁布 修订 出台 起草 草案 拟定 规定 条例 法规 编制,酝酿 纲要 发布 公布 刑法 法规 规定 出台,颁布 制订 酝酿 条例 起草 法规 编制 规定 发布 刑法 制定 修订,制定 制订 颁布 修订 出台 起草 草案 拟定 规定 条例 法规 编制 发布 公布 纲要 刑法 酝酿
531,7,0.3541671251605621,-0.0937158675174465,0.8571428571428571,绿化 园林 水利 绿地 修路 生态 铺路,铺路 绿化 生态 水利 绿地 修路 园林,铺路 绿地 绿化 园林 生态 修路 水利,绿化 园林 水利 绿地 修路 生态 铺路
532,1,,0.0,0.0,俱乐部,俱乐部,俱乐部,俱乐部
533,1,,0.0,0.0,倍,倍,倍,倍
534,3,0.49120855157248594,0.18411425693804462,0.0,倒下 倒 晕倒,倒 倒下 晕倒,倒 倒下 晕倒,倒下 倒 晕倒
535,5,0.4789414150579089,0.17291844318373442,0.0,排名 排行榜 倒数 垫底 排,排 倒数 垫底 排行榜 排名,排 倒数 排行榜 排名 垫底,排名 排行榜 倒数 垫底 排
536,3,0.4287699449383324,0.1098980697356972,0.0,倒计时 计时 冲刺,冲刺 计时 倒计时,倒计时 冲刺 计时,倒计时 计时 冲刺
537,12,0.43010001539493564,0.006871080667463726,0.4166666666666667,灭亡 毁灭 崩溃 完蛋 解体 倒闭 破灭 灭绝 破产 解散 灭 停业,停业 灭 破灭 毁灭 解散 解体 倒闭 崩溃,停业 灭 灭亡 解体 崩溃 灭绝 解散 完蛋 毁灭 破灭 破产 倒闭,灭亡 毁灭 崩溃 完蛋 解体 倒闭 破灭 灭绝 破产 解散 灭 停业
538,3,0.4226851631264055,0.07093377207708713,0.0,把柄 靶子 借口,借口 靶子 把柄,把柄 借口 靶子,把柄 靶子 借口
539,11,0.45753436521841345,0.06435702383954055,0.09090909090909091,支票 收据 发票 钞票 欠条 借条 凭证 印章 邮票 硬币 彩票,邮票 彩票 硬币 凭证 印章 支票 借条 欠条,邮票 彩票 印章 欠条 凭证 收据 发票 硬币 借条 支票 钞票,支票 收据 发票 钞票 欠条 借条 凭证 印章 邮票 硬币 彩票
540,9,0.41860058906271563,0.04682729046044353,0.4444444444444444,启发 启示 鼓舞 启迪 鞭策 教训 借鉴 经验 激励,教训 借鉴 激励 经验 鞭策 鼓舞 启示 启迪,启迪 激励 启发 启示 借鉴 经验 教训 鼓舞 鞭策,启发 启示 鼓舞 启迪 鞭策 教训 借鉴 经验 激励
541,4,0.4100487063364204,0.03325316940988443,0.5,建议 提议 倡议 参考,参考 倡议 提议 建议,参考 建议 倡议 提议,建议 提议 倡议 参考
542,2,0.4517248419588481,0.08965485011325032,0.0,值得 有待,值得 有待,有待 值得,值得 有待
543,11,0.4430659900592302,0.07628107768448843,0.18181818181818182,珍贵 贵重 宝贵 可贵 珍惜 值钱 珍视 稀罕 珍重 昂贵 贵,昂贵 贵 宝贵 稀罕 珍视 贵重 珍重 珍贵,珍视 珍贵 珍重 宝贵 稀罕 贵 昂贵 贵重 珍惜 可贵 值钱,珍贵 贵重 宝贵 可贵 珍惜 值钱 珍视 稀罕 珍重 昂贵 贵
544,5,0.5015394241594668,0.213066645766475,0.0,偏向 倾向 转向 靠拢 倾斜,靠拢 倾斜 转向 倾向 偏向,偏向 靠拢 倾斜 倾向 转向,偏向 倾向 转向 靠拢 倾斜
545,7,0.49048817081430907,0.13812401785533468,0.0,倾诉 诉说 发泄 宣泄 诉苦 心声 倾听,倾听 心声 宣泄 发泄 诉苦 诉说 倾诉,倾诉 心声 宣泄 发泄 倾听 诉苦 诉说,倾诉 诉说 发泄 宣泄 诉苦 心声 倾听
546,11,0.43956342772234286,0.018540221259508483,0.36363636363636365,进出口 贸易 出口 外贸 进口 关税 顺差 海关 经贸 双边 倾销,双边 进口 倾销 经贸 海关 顺差 外贸 关税,海关 倾销 进口 关税 顺差 经贸 贸易 双边 出口 外贸 进出口,进出口 贸易 出口 外贸 进口 关税 顺差 海关 经贸 双边 倾销
547,8,0.4593422732917206,0.06513965600606056,0.25,强势 弱 弱势 强 强劲 偏 强硬 逞强,偏 强硬 强劲 弱势 逞强 强 弱 强势,偏 弱 强 逞强 强硬 强劲 强势 弱势,强势 弱 弱势 强 强劲 偏 强硬 逞强
548,15,0.3791487044453503,-0.019582349802393057,0.6,贫穷 偏僻 偏远 边远 贫困 荒凉 穷 僻静 遥远 边疆 家境 角落,遥远 家境 贫富 文盲 边疆 饥饿 角落 穷,贫困 偏僻 角落 荒凉 穷 边疆 遥远 僻静 偏远 文盲 边远 家境,贫穷 偏僻 偏远 边远 贫困 荒凉 穷 僻静 遥远 边疆 家境 角落 贫富 文盲 饥饿
549,12,0.4847457959597705,0.1569768945374934,0.08333333333333333,差异 差距 差别 相差 落差 偏差 悬殊 差 反差 误差 差额 隔阂,隔阂 差 差额 偏差 误差 反差 相差 落差,偏差 差 误差 落差 反差 隔阂 相差 悬殊 差别 差异 差额 差距,差异 差距 差别 相差 落差 偏差 悬殊 差 反差 误差 差额 隔阂
550,4,0.41082622371280153,0.05895181956151363,0.25,做 搞 弄 定做,定做 弄 做 搞,做 弄 搞 定做,做 搞 弄 定做
551,5,0.38825725635305514,0.03220466343094283,0.4,做到 达到 实现 完成 面面俱到,面面俱到 完成 达到 实现 做到,达到 实现 完成 做到 面面俱到,做到 达到 实现 完成 面面俱到
552,12,0.43655677488012695,0.06656035223093537,0.25,幻想 虚幻 幻觉 梦幻 空想 妄想 梦 做梦 幻影 异想天开 朦胧 科幻,科幻 妄想 朦胧 异想天开 幻影 幻觉 做梦 梦幻,虚幻 梦 空想 幻影 幻想 幻觉 朦胧 妄想 做梦 科幻 梦幻 异想天开,幻想 虚幻 幻觉 梦幻 空想 妄想 梦 做梦 幻影 异想天开 朦胧 科幻
553,11,0.45997817247206746,0.10345016409025266,0.18181818181818182,看法 观点 见解 想法 说法 立场 态度 结论 意见 做法 学说,学说 结论 做法 想法 意见 态度 立场 说法,看法 立场 想法 观点 态度 说法 结论 做法 意见 见解 学说,看法 观点 见解 想法 说法 立场 态度 结论 意见 做法 学说
554,24,0.4091521031854748,0.002494945912213944,0.4166666666666667,洗 洗澡 洗涤剂 沐浴露 肥皂 冲洗 刷牙 洗衣粉 消毒 清洗 打扫 干净,消毒 按摩 收拾 洁净 酒精 药水 做饭 清洁,洗 沐浴露 洗澡 冲洗 牙膏 洗衣粉 收拾 肥皂 做饭 烘干 刷牙 清洁,洗 洗澡 洗涤剂 沐浴露 肥皂 冲洗 刷牙 洗衣粉 消毒 清洗 打扫 干净 清洁 牙膏 药水 烘干 理发 化妆 洁净 香水 做饭 按摩 收拾 酒精
555,7,0.49596322280020644,0.15905215818012425,0.14285714285714285,停车位 停车场 车位 停车 停放 小区 地下,地下 小区 停放 停车 车位 停车场 停车位,停放 地下 小区 车位 停车位 停车场 停车,停车位 停车场 车位 停车 停放 小区 地下
556,37,0.4414842910046658,-0.03851232047416805,0.4864864864864865,海面 渔船 船只 海域 海岸 军舰 船 礁石 水域 海滩 停泊 艘,海滨 沿岸 岸上 岛屿 海湾 海岸 水域 码头,帆船 海岸 海底 海域 停泊 船舶 潜艇 游船 海湾 海滨 海滩 海浪,海面 渔船 船只 海域 海岸 军舰 船 礁石 水域 海滩 停泊 艘 帆船 航行 游船 海洋 岛屿 岸上 海浪 渔民 潜艇 沿岸 船舶 大海 海水 船员 海边 水面 海底 码头 轮船 船长 陆地 沙滩 海湾 海滨 水手
557,5,0.3600391073575305,0.013142178941953655,0.4,用于 限于 停留 用来 滞留,滞留 用来 用于 限于 停留,停留 用来 用于 滞留 限于,用于 限于 停留 用来 滞留
558,11,0.37677566168432525,-0.015309574873155164,0.6363636363636364,忌口 饮食 减肥 养生 禁忌 食欲 忌 美容 胃口 忌讳 健康,胃口 忌讳 减肥 禁忌 健康 食欲 美容 养生,禁忌 忌讳 忌 食欲 健康 胃口 饮食 美容 减肥 养生 忌口,忌口 饮食 减肥 养生 禁忌 食欲 忌 美容 胃口 忌讳 健康
559,12,0.47050252753790595,0.07557126659467175,0.3333333333333333,歌星 影星 明星 巨星 艺人 偶像 球星 大腕儿 演艺圈 模特儿 名人 出道,演艺圈 出道 大腕儿 模特儿 名人 偶像 艺人 球星,模特儿 艺人 演艺圈 球星 明星 偶像 出道 巨星 影星 大腕儿 歌星 名人,歌星 影星 明星 巨星 艺人 偶像 球星 大腕儿 演艺圈 模特儿 名人 出道
560,7,0.4260195311120647,0.04335610352575951,0.42857142857142855,马虎 粗心大意 潦草 偷懒 怠慢 大意 走过场,偷懒 走过场 怠慢 大意 潦草 粗心大意 马虎,偷懒 大意 马虎 潦草 走过场 粗心大意 怠慢,马虎 粗心大意 潦草 偷懒 怠慢 大意 走过场
561,3,0.43397579242098017,0.10720487771119035,0.3333333333333333,后备 后备箱 储备,后备箱 储备 后备,后备 储备 后备箱,后备 后备箱 储备
562,7,0.4461271355155002,0.09530521088017559,0.2857142857142857,赶不上 跟不上 赶上 跟上 赶 吃不上 催,催 吃不上 赶 跟上 跟不上 赶上 赶不上,催 赶不上 跟上 赶上 跟不上 赶 吃不上,赶不上 跟不上 赶上 跟上 赶 吃不上 催
563,31,0.4333379761853802,0.02824976063045783,0.45161290322580644,劝 劝告 劝说 恳求 嘱咐 叮嘱 告诫 催促 劝阻 哀求 吩咐 说服,逼迫 警告 提醒 告辞 发誓 转告 告知 安慰,哀求 劝 示意 再三 请求 呼吁 答应 敦促 执意 告辞 告诉 告诫,劝 劝告 劝说 恳求 嘱咐 叮嘱 告诫 催促 劝阻 哀求 吩咐 说服 答应 示意 敦促 转告 再三 告知 提醒 告诉 推辞 告辞 请求 安慰 警告 逼迫 执意 呼吁 发誓 拒绝 说情
564,5,0.37709847960096055,-0.015590070110998121,0.8,呼吸 睡眠 窒息 催眠 脉搏,催眠 睡眠 脉搏 窒息 呼吸,睡眠 呼吸 窒息 催眠 脉搏,呼吸 睡眠 窒息 催眠 脉搏
565,2,0.4645479577731608,0.11818851297678287,0.0,傲 酷,酷 傲,傲 酷,傲 酷
566,2,0.4558695155987025,0.17198115959593227,0.0,现成 像样,像样 现成,现成 像样,现成 像样
567,24,0.43720445999794055,0.017320166631938267,0.3333333333333333,疼 痒 肿 胀 痛 渴 烦 憋 闷 咳 恶心 晕,吐 吓 喘 麻木 僵 呛 懒 瘫,僵 吐 吓 呛 咳 喘 困 累 烦 疼 痒 痛,疼 痒 肿 胀 痛 渴 烦 憋 闷 咳 恶心 晕 喘 馋 瘫 困 僵 吓 饿 吐 呛 麻木 累 懒
568,3,0.5143333779504301,0.20996136713167993,0.0,要素 因素 元素,因素 元素 要素,元素 因素 要素,要素 因素 元素
569,4,0.4902118654873228,0.1601247310218363,0.0,泰斗 大师 前辈 元老,元老 前辈 大师 泰斗,大师 泰斗 前辈 元老,泰斗 大师 前辈 元老
570,17,0.39575886004870275,-0.018484998006449923,0.47058823529411764,电源 发电 电池 电力 发电机 太阳能 充电 电网 能源 充电器 核能 功率,马力 燃料 核能 核电站 充 充电器 能源 功率,核能 功率 充 太阳能 电 电力 电网 充电器 电源 电池 能源 发电,电源 发电 电池 电力 发电机 太阳能 充电 电网 能源 充电器 核能 功率 燃料 电 核电站 充 马力
571,8,0.39587371294883067,0.033297150997507026,0.375,充足 充沛 旺盛 足够 饱满 充分 足 旺,旺 充分 饱满 旺盛 足够 足 充沛 充足,旺 旺盛 足够 充足 足 充沛 充分 饱满,充足 充沛 旺盛 足够 饱满 充分 足 旺
572,7,0.3711313920050745,-0.04846095327201544,0.8571428571428571,布满 空荡荡 充满 横七竖八 孤零零 满 十足,十足 充满 孤零零 横七竖八 满 空荡荡 布满,孤零零 满 横七竖八 空荡荡 充满 十足 布满,布满 空荡荡 充满 横七竖八 孤零零 满 十足
573,4,0.4829637866979008,0.1521202432994273,0.0,先天 天生 得天独厚 后天,得天独厚 后天 天生 先天,得天独厚 后天 天生 先天,先天 天生 得天独厚 后天
574,2,0.7085879677728892,0.5416613586501056,0.0,女士 先生,先生 女士,女士 先生,女士 先生
575,5,0.39079067737506124,0.02846004030035486,0.2,先进 领先 技术 落后 科技,科技 落后 技术 先进 领先,技术 先进 落后 领先 科技,先进 领先 技术 落后 科技
576,2,0.4942982304957333,0.1970025675120754,0.0,光线 光,光线 光,光线 光,光线 光
577,5,0.3785483797395953,-0.008813195248841669,0.6,捧场 光顾 光临 捧 揽,揽 捧 光临 捧场 光顾,光临 捧 揽 光顾 捧场,捧场 光顾 光临 捧 揽
578,8,0.45009516905862845,0.06010200771592729,0.375,光芒 闪烁 照耀 绽放 光彩 荡漾 火花 光环,荡漾 火花 光环 闪烁 绽放 光彩 照耀 光芒,光环 光彩 闪烁 光芒 火花 荡漾 绽放 照耀,光芒 闪烁 照耀 绽放 光彩 荡漾 火花 光环
579,3,0.5147274662685255,0.20380495256205497,0.0,曙光 光明 黎明,光明 黎明 曙光,光明 黎明 曙光,曙光 光明 黎明
580,8,0.48229492374474353,0.13724472057263654,0.125,光盘 光碟 磁带 盗版 录音 音像 正版 录,录 正版 盗版 录音 音像 光盘 磁带 光碟,正版 光盘 光碟 录 音像 磁带 录音 盗版,光盘 光碟 磁带 盗版 录音 音像 正版 录
581,10,0.452264030559924,0.0993054590287348,0.2,通信 通讯 电信 电讯 无线 无线电 光缆 天线 移动 网络,网络 移动 天线 光缆 无线电 通讯 电讯 电信,通信 光缆 网络 通讯 无线 移动 电信 天线 无线电 电讯,通信 通讯 电信 电讯 无线 无线电 光缆 天线 移动 网络
582,5,0.42740866993052107,0.06596324888200414,0.4,忍耐 克制 耐性 忍 戒备,忍 戒备 耐性 克制 忍耐,忍 忍耐 克制 戒备 耐性,忍耐 克制 耐性 忍 戒备
583,18,0.41961599465044785,0.016220655349622238,0.3333333333333333,消除 去除 清除 破除 去掉 扫除 除去 剔除 废除 克服 解除 免除,免除 摆脱 扭转 打破 删除 扣除 解除 扫除,排除 剔除 扭转 克服 删除 扣除 扫除 去掉 废除 消除 免除 去除,消除 去除 清除 破除 去掉 扫除 除去 剔除 废除 克服 解除 免除 排除 摆脱 删除 扣除 扭转 打破
584,3,0.45067010276764385,0.08208277847957311,0.0,克隆 复制 移植,移植 复制 克隆,克隆 移植 复制,克隆 复制 移植
585,1,,0.0,0.0,免,免,免,免
586,3,0.5482080269484828,0.269986450885412,0.0,承诺 诺言 兑现,兑现 诺言 承诺,诺言 承诺 兑现,承诺 诺言 兑现
587,3,0.4959348024658534,0.16862603655195538,0.0,兜售 推销 散布,散布 推销 兜售,兜售 散布 推销,兜售 推销 散布
588,4,0.5123810334857181,0.16890648113864395,0.0,入 进入 进 涌入,涌入 进 进入 入,涌入 入 进入 进,入 进入 进 涌入
589,2,0.4655209771055202,0.1476918224225163,0.0,入口 流量,流量 入口,流量 入口,入口 流量
590,16,0.43589999453719963,0.03580898361708715,0.3125,证件 护照 签证 执照 许可证 通行证 证书 驾照 身份证 入境 申领 许可,申领 出境 过境 认证 身份证 证书 许可 入境,签证 许可 入境 护照 执照 许可证 牌照 出境 身份证 通行证 证书 证件,证件 护照 签证 执照 许可证 通行证 证书 驾照 身份证 入境 申领 许可 认证 牌照 出境 过境
591,15,0.43636656617897723,0.05870280234946616,0.4,奖项 奖 获奖 荣获 荣誉 表彰 称号 颁发 评选 授予 勋章 奖励,颁发 揭晓 头衔 表彰 奖励 评选 入选 勋章,授予 勋章 颁发 入选 奖项 奖 头衔 揭晓 奖励 称号 获奖 评选,奖项 奖 获奖 荣获 荣誉 表彰 称号 颁发 评选 授予 勋章 奖励 揭晓 头衔 入选
592,4,0.4056805133743076,0.06239024693212684,0.5,新手 入门 新人 门槛,门槛 新人 入门 新手,入门 新手 新人 门槛,新手 入门 新人 门槛
593,2,0.5636784188864532,0.27895170678924275,0.0,全体 广大,全体 广大,全体 广大,全体 广大
594,4,0.5351513493582553,0.19789915765076466,0.25,大局 全局 顾全大局 长远,长远 全局 顾全大局 大局,长远 大局 全局 顾全大局,大局 全局 顾全大局 长远
595,1,,0.0,0.0,全文,全文,全文,全文
596,9,0.41410969162791095,0.00047362053278093456,0.4444444444444444,新型 崭新 全新 高科技 新式 高新技术 新 新兴 现代化,新式 新 新兴 现代化 高科技 全新 崭新 高新技术,高科技 新 新式 新型 新兴 现代化 全新 崭新 高新技术,新型 崭新 全新 高科技 新式 高新技术 新 新兴 现代化
597,5,0.5057776119276918,0.14196375546529316,0.4,多方面 方面 方方面面 层面 全方位,全方位 层面 方面 多方面 方方面面,多方面 方面 全方位 层面 方方面面,多方面 方面 方方面面 层面 全方位
598,1,,0.0,0.0,全程,全程,全程,全程
599,8,0.43489757038919896,0.07359134936930704,0.25,逐步 逐渐 陆续 相继 率先 开始 全面 推移,全面 推移 开始 率先 相继 逐渐 逐步 陆续,开始 推移 逐渐 逐步 陆续 相继 率先 全面,逐步 逐渐 陆续 相继 率先 开始 全面 推移
600,1,,0.0,0.0,八卦,八卦,八卦,八卦
601,1,,0.0,0.0,公,公,公,公
602,14,0.45786853543950073,0.09162110726897107,0.14285714285714285,皇帝 国王 王后 皇室 皇后 贵族 公主 王子 宫廷 皇上 大臣 王国,官吏 皇上 大臣 王国 帝国 公主 宫廷 贵族,官吏 皇室 皇帝 皇后 贵族 皇上 国王 大臣 帝国 公主 宫廷 王子,皇帝 国王 王后 皇室 皇后 贵族 公主 王子 宫廷 皇上 大臣 王国 帝国 官吏
603,4,0.5050702392229877,0.2313364143547873,0.0,廉洁 廉政 廉正 公仆,公仆 廉正 廉政 廉洁,廉政 廉洁 廉正 公仆,廉洁 廉政 廉正 公仆
604,1,,0.0,0.0,公元,公元,公元,公元
605,3,0.5272188788876034,0.24768081276575982,0.0,公共场所 场所 场合,场所 公共场所 场合,公共场所 场所 场合,公共场所 场所 场合
606,2,0.5096972342278728,0.2135422108308474,0.0,公关 广告,广告 公关,广告 公关,公关 广告
607,5,0.43390833758088776,0.0789546773188056,0.2,股份 公司 集团 股东 拟,股东 拟 集团 公司 股份,拟 股份 股东 公司 集团,股份 公司 集团 股东 拟
608,4,0.5574764976978634,0.2825484518371215,0.0,通知 通告 公告 通知书,公告 通知书 通告 通知,通告 通知书 公告 通知,通知 通告 公告 通知书
609,27,0.4559801460086602,0.08374925707271856,0.2222222222222222,墓 墓地 坟 墓碑 公墓 坟墓 祭奠 葬 纪念碑 扫墓 遗物 遗体,纪念 庙 遗址 出土 尸体 遗体 烈士 悼念,尸体 墓地 坟 墓 庙 葬礼 祭 碑 烈士 纪念馆 陪葬 瞻仰,墓 墓地 坟 墓碑 公墓 坟墓 祭奠 葬 纪念碑 扫墓 遗物 遗体 悼念 烈士 祭祀 纪念馆 瞻仰 葬礼 碑 祭 庙 陪葬 遗址 缅怀 纪念 尸体 出土
610,3,0.3950754040623461,0.006853869902313754,0.6666666666666666,披露 披 公开,公开 披 披露,披 披露 公开,披露 披 公开
611,4,0.4270460042248527,0.02744307534147128,0.25,公式 模型 理论 曲线,曲线 模型 理论 公式,曲线 模型 理论 公式,公式 模型 理论 曲线
612,3,0.46568633799850195,0.14398392682909453,0.0,公民 国民 平民,平民 公民 国民,国民 公民 平民,公民 国民 平民
613,6,0.4474312104538734,0.09066649120407204,0.16666666666666666,养老 养老金 养老院 退休 公积金 社区,社区 公积金 退休 养老院 养老 养老金,公积金 养老 退休 养老金 养老院 社区,养老 养老金 养老院 退休 公积金 社区
614,19,0.44852567489555834,0.07962761062821194,0.21052631578947367,协议 签订 签署 协定 协议书 订立 合同 达成 条约 约定 签 签约,签字 合作 约定 公约 生效 条约 条款 契约,签订 协议书 条约 条款 签字 签 签署 签约 契约 协议 约定 生效,协议 签订 签署 协定 协议书 订立 合同 达成 条约 约定 签 签约 公约 契约 生效 条款 谅解 签字 合作
615,2,0.47095298602165137,0.180793904786283,0.0,共享 分享,分享 共享,共享 分享,共享 分享
616,3,0.5432469760692406,0.24085683514519451,0.0,同盟 联盟 共同体,联盟 共同体 同盟,联盟 同盟 共同体,同盟 联盟 共同体
617,8,0.461265774978545,0.10960959572425223,0.125,特性 特征 属性 特质 性质 性 共性 用途,用途 性 共性 性质 特质 特征 属性 特性,共性 性质 性 属性 特质 用途 特征 特性,特性 特征 属性 特质 性质 性 共性 用途
618,9,0.4576254533939118,0.07375398057501223,0.2222222222222222,感触 感觉 同感 感 感想 观感 好感 印象 共鸣,感觉 共鸣 感 好感 印象 感想 同感 感触,感 同感 好感 感触 感觉 观感 印象 共鸣 感想,感触 感觉 同感 感 感想 观感 好感 印象 共鸣
619,9,0.41512149764371464,-0.025855680091982722,0.4444444444444444,关上 关掉 关闭 扇 大门 闭 钥匙 关机 门,关机 扇 钥匙 关闭 闭 大门 门 关掉,关上 关掉 关机 扇 门 闭 关闭 大门 钥匙,关上 关掉 关闭 扇 大门 闭 钥匙 关机 门
620,5,0.40644967086943284,0.07164304905935794,0.4,相关 有关 相应 对应 关于,对应 关于 相应 有关 相关,关于 对应 有关 相关 相应,相关 有关 相应 对应 关于
621,9,0.5313098638257754,0.24764530637074836,0.0,注意 留心 提防 小心 当心 留神 警惕 留意 关注,关注 警惕 留神 当心 小心 提防 留心 留意,关注 当心 小心 注意 警惕 留心 提防 留意 留神,注意 留心 提防 小心 当心 留神 警惕 留意 关注
622,7,0.4364088380386742,0.06866234341520817,0.14285714285714285,紧密 密切 密不可分 息息相关 联系 关系 格格不入,格格不入 息息相关 联系 关系 紧密 密不可分 密切,密切 紧密 联系 息息相关 关系 格格不入 密不可分,紧密 密切 密不可分 息息相关 联系 关系 格格不入
623,1,,0.0,0.0,兴奋剂,兴奋剂,兴奋剂,兴奋剂
624,14,0.41304299229422603,0.03752746599764512,0.42857142857142855,兴旺 繁荣 昌盛 富强 复兴 欣欣向荣 振兴 崛起 富裕 蓬勃 辉煌 发达,生机 蓬勃 辉煌 发达 小康 富裕 欣欣向荣 崛起,蓬勃 昌盛 生机 小康 兴旺 振兴 繁荣 发达 富强 欣欣向荣 崛起 富裕,兴旺 繁荣 昌盛 富强 复兴 欣欣向荣 振兴 崛起 富裕 蓬勃 辉煌 发达 生机 小康
625,7,0.41836139465024696,0.04141104541565541,0.2857142857142857,盛行 流行 流传 兴起 泛滥 普及 相传,相传 泛滥 普及 流传 兴起 流行 盛行,流行 普及 流传 泛滥 兴起 相传 盛行,盛行 流行 流传 兴起 泛滥 普及 相传
626,19,0.44977021297911823,0.061891777291873194,0.3157894736842105,军官 陆军 部队 海军 士兵 空军 军队 军人 官兵 兵 司令 将军,军事 打仗 国防 战士 军人 后勤 兵 士兵,参谋 兵 海军 空军 官兵 后勤 司令 将军 部队 军队 师长 陆军,军官 陆军 部队 海军 士兵 空军 军队 军人 官兵 兵 司令 将军 军事 参谋 战士 后勤 师长 打仗 国防
627,8,0.42332559055033825,0.11644677761186689,0.0,剩下 剩余 剩 留 留下 遗留 多余 其余,其余 多余 留 遗留 剩 留下 剩余 剩下,剩余 剩下 剩 留 多余 遗留 其余 留下,剩下 剩余 剩 留 留下 遗留 多余 其余
628,5,0.3922447498200863,-0.02294508895941187,0.4,真实 实际 现实 具体 真正,真正 具体 实际 真实 现实,真正 真实 现实 具体 实际,真实 实际 现实 具体 真正
629,3,0.45134927964706656,0.08642630677720863,0.0,勒 兹 托,兹 托 勒,兹 勒 托,勒 兹 托
630,10,0.4300565207972405,0.026350372341586464,0.5,饲养 喂养 养 奶牛 繁殖 宠物 牧场 驯 农场 宠,繁殖 宠 宠物 农场 驯 牧场 养 奶牛,养 宠 宠物 奶牛 饲养 繁殖 驯 牧场 农场 喂养,饲养 喂养 养 奶牛 繁殖 宠物 牧场 驯 农场 宠
631,9,0.4901897861416729,0.12938785853745582,0.0,活儿 干活儿 忙活 干 挣 能干 活 养活 忙,挣 忙 养活 干 能干 活 干活儿 忙活,干 忙 干活儿 挣 活 能干 活儿 忙活 养活,活儿 干活儿 忙活 干 挣 能干 活 养活 忙
632,3,0.37659943656418166,-0.027468643725934144,0.6666666666666666,兼容 并行 包容,并行 包容 兼容,包容 兼容 并行,兼容 并行 包容
633,6,0.4054166818160613,0.05133429517862517,0.5,外部 内外 内部 外界 外来 内,外来 外界 内 内部 外部 内外,内 内部 外部 外来 外界 内外,外部 内外 内部 外界 外来 内
634,1,,0.0,0.0,内向,内向,内向,内向
635,4,0.4198522171265478,0.055645122450837275,0.25,存在 潜在 内在 存,内在 潜在 存 存在,存 潜在 存在 内在,存在 潜在 内在 存
636,18,0.43406899782289377,0.026103375794586332,0.3333333333333333,屏幕 键盘 硬盘 显示器 鼠标 电脑 按键 笔记本 磁盘 液晶 打印机 内存,游戏机 键 方向盘 触摸 打印机 服务器 液晶 电脑,显示器 按键 键盘 方向盘 服务器 打印机 硬盘 键 磁盘 游戏机 内存 笔记本,屏幕 键盘 硬盘 显示器 鼠标 电脑 按键 笔记本 磁盘 液晶 打印机 内存 手机 服务器 游戏机 键 方向盘 触摸
637,1,,0.0,0.0,内容,内容,内容,内容
638,13,0.4477718536345131,-0.0032179250992187764,0.38461538461538464,含义 涵义 意思 来历 意义 用意 由来 内涵 渊源 寓意 起源 本质,本质 内涵 用意 用处 起源 寓意 渊源 意义,寓意 意义 用意 意思 渊源 用处 涵义 由来 本质 内涵 来历 含义,含义 涵义 意思 来历 意义 用意 由来 内涵 渊源 寓意 起源 本质 用处
639,3,0.6394131550132014,0.3794843262368624,0.0,内行 外行 行家,行家 外行 内行,内行 行家 外行,内行 外行 行家
640,4,0.4303211247995951,0.05719043833710088,0.25,册 图书 阅览室 卷,卷 阅览室 图书 册,图书 册 卷 阅览室,册 图书 阅览室 卷
641,8,0.4375758621823679,0.06999268127650099,0.25,废物 废品 回收 垃圾 废 再生 报废 循环,循环 报废 废 再生 垃圾 废品 废物 回收,废 废物 再生 废品 报废 回收 循环 垃圾,废物 废品 回收 垃圾 废 再生 报废 循环
642,3,0.49513001652670324,0.1364500492447668,0.0,告别 诀别 再见,再见 告别 诀别,再见 诀别 告别,告别 诀别 再见
643,1,,0.0,0.0,冒,冒,冒,冒
644,3,0.4284113295376683,0.04734763656794552,0.0,冒昧 孤陋寡闻 荣幸,孤陋寡闻 荣幸 冒昧,孤陋寡闻 荣幸 冒昧,冒昧 孤陋寡闻 荣幸
645,6,0.4266430920798369,0.05774862294843331,0.3333333333333333,探索 尝试 摸索 大胆 实践 冒险,冒险 实践 大胆 摸索 尝试 探索,尝试 探索 摸索 大胆 冒险 实践,探索 尝试 摸索 大胆 实践 冒险
646,14,0.4527962484205169,0.0628532412264061,0.2857142857142857,陈旧 单调 简陋 粗糙 枯燥 笨重 破旧 单薄 沉闷 生硬 简单 冗长,简单 简易 过时 生硬 冗长 破旧 陈旧 单薄,粗糙 简单 简易 笨重 陈旧 冗长 单薄 单调 生硬 枯燥 破旧 简陋,陈旧 单调 简陋 粗糙 枯燥 笨重 破旧 单薄 沉闷 生硬 简单 冗长 过时 简易
647,14,0.5414966454975025,0.2569467601484298,0.0,冬季 夏季 春季 秋季 秋天 夏天 冬天 季节 春天 时节 四季 旺季,淡季 旺季 季 时节 四季 冬天 春天 季节,季 冬季 冬天 四季 季节 旺季 时节 淡季 春天 春季 秋天 秋季,冬季 夏季 春季 秋季 秋天 夏天 冬天 季节 春天 时节 四季 旺季 淡季 季
648,4,0.49974313300536605,0.13811355479877332,0.0,冰 冰雪 冰山 融化,融化 冰山 冰 冰雪,冰雪 冰 冰山 融化,冰 冰雪 冰山 融化
649,13,0.492154842040879,0.13284432876370458,0.23076923076923078,冰箱 洗衣机 热水器 电饭锅 微波炉 彩电 空调 电视机 家电 电器 水槽 家用,家用 炉灶 水槽 家电 空调 电器 电视机 电饭锅,热水器 微波炉 彩电 电器 洗衣机 炉灶 空调 电饭锅 冰箱 水槽 家用 家电,冰箱 洗衣机 热水器 电饭锅 微波炉 彩电 空调 电视机 家电 电器 水槽 家用 炉灶
650,2,0.4502807875890721,0.11649521240114455,0.0,冲 垮,冲 垮,冲 垮,冲 垮
651,11,0.3757748047030055,-0.034700802212346574,0.6363636363636364,压力 压制 挤压 冲击 阻力 支撑 压 考验 施压 挑战 挤,挤 压 阻力 支撑 施压 挑战 考验 冲击,压 挑战 挤 冲击 压力 压制 施压 考验 支撑 阻力 挤压,压力 压制 挤压 冲击 阻力 支撑 压 考验 施压 挑战 挤
652,14,0.4722783497057221,0.10040358338812427,0.07142857142857142,爬山 登山 野炊 野营 探险 野餐 打猎 徒步 野外 钓鱼 划船 潜水,户外 野营 划船 冲浪 野餐 野外 潜水 探险,登山 野餐 野营 潜水 冲浪 探险 户外 爬山 钓鱼 打猎 野外 徒步,爬山 登山 野炊 野营 探险 野餐 打猎 徒步 野外 钓鱼 划船 潜水 冲浪 户外
653,6,0.3774848653272259,-0.02170111690702588,0.6666666666666666,决议 社论 声明 宣言 表决 评论员,评论员 表决 宣言 决议 声明 社论,宣言 评论员 决议 社论 声明 表决,决议 社论 声明 宣言 表决 评论员
654,6,0.4129016596879012,0.06800666181908695,0.16666666666666666,冷 热 暖 凉 转 议,议 转 凉 暖 热 冷,冷 凉 热 暖 转 议,冷 热 暖 凉 转 议
655,1,,0.0,0.0,冷战,冷战,冷战,冷战
656,3,0.5457514051248539,0.26424320060472173,0.0,冷门 热门 黑马,黑马 热门 冷门,黑马 冷门 热门,冷门 热门 黑马
657,6,0.41554114907664375,0.05110939058744549,0.6666666666666666,扣押 扣留 搜查 冻结 销毁 押,押 搜查 销毁 冻结 扣留 扣押,押 冻结 搜查 销毁 扣留 扣押,扣押 扣留 搜查 冻结 销毁 押
658,5,0.44625588135094085,0.08261636964043244,0.2,流入 流向 资金 流动 净,流动 资金 净 流入 流向,净 流动 流入 流向 资金,流入 流向 资金 流动 净
659,2,0.48528152947142034,0.15299836167782974,0.0,美化 净化,美化 净化,净化 美化,美化 净化
660,3,0.40661547476193394,0.03577060887249047,0.3333333333333333,降 准 调,准 调 降,准 降 调,降 准 调
661,8,0.4002703186235858,0.008180342860306885,0.5,规则 准则 原则 纪律 遵守 标准 秩序 基准,基准 纪律 标准 遵守 原则 秩序 规则 准则,准则 规则 原则 秩序 遵守 基准 纪律 标准,规则 准则 原则 纪律 遵守 标准 秩序 基准
662,3,0.5536006478232844,0.25224289644291137,0.0,准备 预备 打算,打算 预备 准备,准备 打算 预备,准备 预备 打算
663,6,0.4693709996425039,0.123103049615208,0.0,定时 按时 及时 准时 定期 随时,定期 随时 及时 定时 准时 按时,准时 定时 定期 及时 随时 按时,定时 按时 及时 准时 定期 随时
664,10,0.46019354685974634,0.10312284615551534,0.1,恰当 准确 恰如其分 贴切 精确 确切 正确 恰到好处 巧妙 如实,如实 正确 巧妙 恰到好处 贴切 确切 恰当 恰如其分,正确 恰当 确切 准确 巧妙 贴切 恰到好处 恰如其分 精确 如实,恰当 准确 恰如其分 贴切 精确 确切 正确 恰到好处 巧妙 如实
665,1,,0.0,0.0,减压,减压,减压,减压
666,7,0.371564223295023,-0.01541254417798689,0.5714285714285714,凑合 过日子 勉强 凑 过不去 碍事 日子,日子 碍事 凑 过不去 勉强 过日子 凑合,凑 勉强 碍事 过日子 过不去 凑合 日子,凑合 过日子 勉强 凑 过不去 碍事 日子
667,10,0.47600603798628993,0.1185132371686218,0.2,汇聚 聚集 汇集 集结 凝聚 集合 聚 汇合 集中 召集,召集 集中 汇合 聚 集合 汇集 凝聚 汇聚,集中 汇集 集结 汇聚 汇合 凝聚 聚 召集 聚集 集合,汇聚 聚集 汇集 集结 凝聚 集合 聚 汇合 集中 召集
668,5,0.5057100966342508,0.2410500886094879,0.0,几率 成功率 概率 率 效率,效率 率 概率 成功率 几率,概率 率 效率 几率 成功率,几率 成功率 概率 率 效率
669,1,,0.0,0.0,凤凰,凤凰,凤凰,凤凰
670,1,,0.0,0.0,凯歌,凯歌,凯歌,凯歌
671,6,0.4712814949038985,0.12200476319883395,0.0,疯狂 狂 猛 凶猛 猛烈 疯,疯 凶猛 猛烈 猛 狂 疯狂,疯狂 猛 狂 疯 凶猛 猛烈,疯狂 狂 猛 凶猛 猛烈 疯
672,17,0.4331523392180402,0.025334861435136878,0.29411764705882354,凹 弯 凸 弯曲 扁 斜 翘 圆形 圆 拱 形 尖,塌 扭 斜 弯曲 竖 歪 形 凸,圆形 凹 凸 圆 塌 尖 弯 形 竖 翘 斜 扭,凹 弯 凸 弯曲 扁 斜 翘 圆形 圆 拱 形 尖 竖 歪 棱角 扭 塌
673,2,0.47078621054483083,0.1758944085975219,0.0,出 得出,出 得出,出 得出,出 得出
674,6,0.45981509990663444,0.12400311420934142,0.16666666666666666,出洋相 出丑 出难题 穿小鞋 出风头 泼冷水,泼冷水 出风头 穿小鞋 出难题 出洋相 出丑,出难题 出风头 泼冷水 出丑 穿小鞋 出洋相,出洋相 出丑 出难题 穿小鞋 出风头 泼冷水
675,6,0.5280190680094631,0.2806501075374694,0.0,来源于 源于 出自 来自 出于 来源,来源 出于 源于 出自 来自 来源于,出自 来自 出于 源于 来源 来源于,来源于 源于 出自 来自 出于 来源
676,11,0.4432643533116939,0.05670540774939328,0.2727272727272727,意料之外 出人意料 意料 意想不到 难以置信 意外 惊喜 惊人 难以想象 喜出望外 触目惊心,触目惊心 喜出望外 惊人 惊喜 意外 难以想象 出人意料 难以置信,惊人 惊喜 出人意料 难以想象 意外 意料 意料之外 难以置信 意想不到 喜出望外 触目惊心,意料之外 出人意料 意料 意想不到 难以置信 意外 惊喜 惊人 难以想象 喜出望外 触目惊心
677,8,0.390784416990262,0.019596391762223102,0.25,来往 来回 往返 往来 进出 出入 反复 翻来覆去,翻来覆去 反复 进出 出入 来回 往来 往返 来往,往来 进出 翻来覆去 反复 出入 来回 来往 往返,来往 来回 往返 往来 进出 出入 反复 翻来覆去
678,6,0.40775832955691876,0.020074679966876372,0.3333333333333333,调动 动员 发动 开动 出动 激活,激活 出动 开动 动员 调动 发动,激活 开动 发动 出动 动员 调动,调动 动员 发动 开动 出动 激活
679,8,0.48879083414343505,0.09655967988950737,0.25,目的 初衷 出发点 本意 宗旨 意图 动机 前提,前提 意图 宗旨 动机 目的 本意 出发点 初衷,宗旨 意图 本意 初衷 目的 前提 动机 出发点,目的 初衷 出发点 本意 宗旨 意图 动机 前提
680,15,0.43458418657965064,0.004813346625214366,0.4666666666666667,获胜 取胜 胜出 败 失利 战胜 打败 胜 赢 胜利 胜负 失败,打败 出局 胜 胜利 胜负 失败 输 过关,获胜 取胜 打败 失败 胜 赢 败 输 出局 战胜 胜利 胜出,获胜 取胜 胜出 败 失利 战胜 打败 胜 赢 胜利 胜负 失败 出局 过关 输
681,11,0.4526755693594525,0.054739471130276864,0.5454545454545454,报纸 报刊 杂志 刊物 报社 日报 晚报 刊登 封面 出版社 媒体,媒体 封面 刊登 日报 出版社 晚报 报社 刊物,日报 晚报 报刊 报纸 报社 刊物 刊登 媒体 出版社 封面 杂志,报纸 报刊 杂志 刊物 报社 日报 晚报 刊登 封面 出版社 媒体
682,6,0.4604132573526181,0.09249572269915139,0.3333333333333333,筹集 筹措 集资 筹 筹备 出资,筹备 出资 集资 筹 筹措 筹集,筹 集资 出资 筹集 筹备 筹措,筹集 筹措 集资 筹 筹备 出资
683,3,0.4595860806902204,0.11948769811838704,0.3333333333333333,路子 出路 甜头,甜头 出路 路子,甜头 出路 路子,路子 出路 甜头
684,20,0.4583795225672045,0.09602985724580804,0.15,硕士 研究生 本科 攻读 学位 学士 博士 进修 函授 学历 文凭 教授,学院 研究所 招收 导师 教授 博士 在职 学分,工科 研究所 研究生 在职 博士 进修 本科 函授 硕士 导师 学科 攻读,硕士 研究生 本科 攻读 学位 学士 博士 进修 函授 学历 文凭 教授 在职 学院 工科 学科 学分 导师 招收 研究所
685,15,0.4279566087336801,-0.005793215011317258,0.6,剪 割 锯 剥 削 绞 切 磨 凿 剃 斩 碎,拔 筋 剃 磨 凿 裁 剥 斩,凿 切 削 剃 剪 剥 割 碎 磨 筋 绞 斩,剪 割 锯 剥 削 绞 切 磨 凿 剃 斩 碎 拔 筋 裁
686,8,0.39437685988359833,0.031307211014493165,0.375,分开 分离 分割 隔开 分成 隔离 分裂 分,分 分裂 隔离 分成 隔开 分割 分开 分离,分 分裂 分成 分离 分开 分割 隔离 隔开,分开 分离 分割 隔开 分成 隔离 分裂 分
687,5,0.3731327098896261,0.011541997666833923,0.4,分寸 本分 底线 本色 火候,火候 本色 底线 本分 分寸,本分 底线 火候 本色 分寸,分寸 本分 底线 本色 火候
688,3,0.48280097177123943,0.12899010308270994,0.0,分布 遍布 分散,遍布 分散 分布,遍布 分散 分布,分布 遍布 分散
689,3,0.40712464671639287,0.05889742419942815,0.0,派别 分支 武装,武装 分支 派别,武装 分支 派别,派别 分支 武装
690,5,0.5241871705009385,0.22446189871923133,0.0,类型 类别 种类 类 分类,类 种类 分类 类别 类型,类 种类 类型 类别 分类,类型 类别 种类 类 分类
691,3,0.41873379913963144,0.03461353348630657,0.3333333333333333,分红 现金 分配,分配 现金 分红,分配 分红 现金,分红 现金 分配
692,3,0.5229469880174084,0.23891423825724253,0.0,组 小组 分组,分组 小组 组,组 小组 分组,组 小组 分组
693,1,,0.0,0.0,分赃,分赃,分赃,分赃
694,10,0.491934701242544,0.16675263478509597,0.1,辨别 分辨 区分 辨认 鉴别 识别 真假 区别 混淆 察觉,察觉 区别 混淆 真假 识别 区分 鉴别 辨认,辨认 区分 区别 真假 分辨 辨别 识别 鉴别 察觉 混淆,辨别 分辨 区分 辨认 鉴别 识别 真假 区别 混淆 察觉
695,2,0.4614981584919582,0.16932838513869986,0.0,沉甸甸 分量,分量 沉甸甸,沉甸甸 分量,沉甸甸 分量
696,10,0.4817963849673286,0.11390890586238252,0.1,钟头 分钟 星期 小时 钟 天 半天 礼拜 秒 半,半 钟 秒 天 礼拜 星期 半天 小时,半 天 秒 礼拜 分钟 钟 小时 钟头 星期 半天,钟头 分钟 星期 小时 钟 天 半天 礼拜 秒 半
697,6,0.4229591538615966,0.04565494860804715,0.16666666666666666,缝 缝合 焊 切割 针 激光,激光 针 焊 切割 缝合 缝,激光 缝 焊 切割 针 缝合,缝 缝合 焊 切割 针 激光
698,6,0.38672293091627336,0.019947140194549046,0.5,打断 打搅 打扰 打发 切断 断,切断 断 打发 打扰 打搅 打断,断 切断 打发 打扰 打断 打搅,打断 打搅 打扰 打发 切断 断
699,2,0.4923912680235125,0.1580583141450707,0.0,拨 划,划 拨,划 拨,拨 划
700,4,0.45287513362999415,0.09672645795748742,0.0,划时代 深远 里程碑 重大,重大 里程碑 深远 划时代,重大 里程碑 划时代 深远,划时代 深远 里程碑 重大
701,5,0.3817668193140248,-0.024968039273573096,0.8,排列 整齐 队形 均匀 列,列 均匀 队形 整齐 排列,列 均匀 队形 排列 整齐,排列 整齐 队形 均匀 列
702,7,0.46489530646753263,0.1268761132058673,0.2857142857142857,刚刚 即将 快要 将要 刚 正式 眼看,眼看 正式 将要 即将 刚 快要 刚刚,刚 快要 即将 眼看 将要 刚刚 正式,刚刚 即将 快要 将要 刚 正式 眼看
703,7,0.37777777891062464,-0.01574705384349393,0.5714285714285714,刷新 纪录 创 破 记录 突破 融,融 突破 记录 破 纪录 创 刷新,创 破 刷新 突破 融 记录 纪录,刷新 纪录 创 破 记录 突破 融
704,5,0.5035473608691949,0.20338418776246167,0.0,设计师 设计 建筑师 创意 灵感,灵感 创意 建筑师 设计 设计师,灵感 建筑师 创意 设计 设计师,设计师 设计 建筑师 创意 灵感
705,9,0.414367727531715,-0.006438392600753484,0.5555555555555556,变革 革新 转型 改革 创新 升级 进步 革命 颠覆,进步 颠覆 革新 革命 升级 改革 创新 转型,进步 升级 革新 革命 转型 颠覆 变革 创新 改革,变革 革新 转型 改革 创新 升级 进步 革命 颠覆
706,8,0.476054401610755,0.1286160950166482,0.0,造就 塑造 培育 培养 孕育 创造 营造 哺育,培养 营造 哺育 孕育 创造 培育 塑造 造就,培育 营造 创造 培养 哺育 造就 孕育 塑造,造就 塑造 培育 培养 孕育 创造 营造 哺育
707,3,0.43489277830031364,0.1322560371651206,0.3333333333333333,首次 初次 首创,首创 初次 首次,初次 首创 首次,首次 初次 首创
708,5,0.573047055077916,0.3450924121702549,0.0,大体 大致 大体上 基本 初步,初步 基本 大致 大体上 大体,基本 大体上 大体 初步 大致,大体 大致 大体上 基本 初步
709,7,0.38767779384222417,-0.01796297369390783,0.5714285714285714,拣 拾 摘 抄 取 淘 删,删 淘 摘 抄 取 拾 拣,删 取 摘 拾 拣 抄 淘,拣 拾 摘 抄 取 淘 删
710,1,,0.0,0.0,利,利,利,利
711,2,0.5590330571700759,0.31313139828670566,0.0,得失 利害,利害 得失,得失 利害,得失 利害
712,3,0.4854292421760152,0.1709754707830963,0.0,失业率 物价 利率,利率 物价 失业率,物价 利率 失业率,失业率 物价 利率
713,9,0.4332983535623493,0.08114006532858717,0.2222222222222222,权利 职权 权力 权 特权 行使 利益 权益 行政,利益 行政 权益 特权 权力 权 行使 权利,权 行政 行使 利益 权利 权力 权益 职权 特权,权利 职权 权力 权 特权 行使 利益 权益 行政
714,8,0.40359292009777203,0.018320368102857646,0.5,爽 过瘾 美滋滋 爽快 滋味 饱 瘾 利索,饱 利索 美滋滋 瘾 爽快 滋味 过瘾 爽,爽快 爽 瘾 利索 饱 美滋滋 滋味 过瘾,爽 过瘾 美滋滋 爽快 滋味 饱 瘾 利索
715,7,0.45465620952618724,0.06583982962638375,0.2857142857142857,扣人心弦 惊心动魄 感人 耐人寻味 震撼 精彩 别具匠心,震撼 别具匠心 耐人寻味 精彩 感人 扣人心弦 惊心动魄,耐人寻味 惊心动魄 扣人心弦 别具匠心 感人 震撼 精彩,扣人心弦 惊心动魄 感人 耐人寻味 震撼 精彩 别具匠心
716,7,0.37724628589738296,-0.03189278135602692,0.5714285714285714,妥当 得当 到位 妥善 合理 完毕 妥,妥 合理 完毕 到位 妥善 得当 妥当,妥当 妥善 到位 妥 得当 完毕 合理,妥当 得当 到位 妥善 合理 完毕 妥
717,8,0.4086543783448896,0.05449259256795226,0.375,到处 随处可见 处处 遍地 四处 比比皆是 无不 司空见惯,司空见惯 无不 比比皆是 随处可见 四处 遍地 处处 到处,比比皆是 到处 四处 无不 遍地 随处可见 处处 司空见惯,到处 随处可见 处处 遍地 四处 比比皆是 无不 司空见惯
718,5,0.41366784418370656,0.021495423046009706,0.4,期限 期 到期 有效期 期中,期中 有效期 到期 期限 期,到期 期 期中 有效期 期限,期限 期 到期 有效期 期中
719,10,0.386393098782241,0.02463473205620249,0.5,研制 研发 攻关 制作 科研 研究 制成 制造 课题 特制,特制 制造 课题 制成 科研 研究 制作 攻关,制造 攻关 研究 课题 制成 研发 研制 制作 科研 特制,研制 研发 攻关 制作 科研 研究 制成 制造 课题 特制
720,18,0.4400552159961027,0.05141669758291746,0.3888888888888889,阻止 遏制 制止 防止 抵御 阻挡 抵抗 抑制 抵挡 抵制 防范 避免,防范 抗拒 牵制 预防 阻挡 坚决 避免 阻拦,坚决 牵制 抑制 抵御 抵制 抵挡 抵抗 防止 制止 防范 抗拒 避免,阻止 遏制 制止 防止 抵御 阻挡 抵抗 抑制 抵挡 抵制 防范 避免 杜绝 阻拦 预防 抗拒 牵制 坚决
721,6,0.5152636693875983,0.20604865799947455,0.0,束缚 约束 限制 制约 拘束 局限,局限 拘束 制约 束缚 限制 约束,约束 束缚 制约 局限 限制 拘束,束缚 约束 限制 制约 拘束 局限
722,2,0.4707573158089886,0.15053737548713095,0.0,爆 刷,爆 刷,刷 爆,爆 刷
723,4,0.3503764997104088,-0.07456758636763035,0.75,吻 刺 钩 拥抱,拥抱 钩 刺 吻,刺 吻 拥抱 钩,吻 刺 钩 拥抱
724,13,0.4257918830742641,0.07116707167741343,0.23076923076923078,激起 引起 引发 激发 唤起 吸引 诱发 触动 刺激 掀起 打动 挑起,打动 引 挑起 刺激 触动 掀起 吸引 激发,引起 触动 诱发 引 刺激 激发 唤起 吸引 掀起 激起 打动 挑起,激起 引起 引发 激发 唤起 吸引 诱发 触动 刺激 掀起 打动 挑起 引
725,9,0.4678063339421709,0.08923698984902123,0.2222222222222222,镶 镶嵌 花纹 雕 装饰 绣 刻 漆 点缀,点缀 刻 漆 绣 镶 花纹 装饰 雕,刻 绣 漆 装饰 花纹 镶嵌 点缀 镶 雕,镶 镶嵌 花纹 雕 装饰 绣 刻 漆 点缀
726,3,0.419776009643692,0.003714931873111097,0.3333333333333333,朝三暮四 见钱眼开 刻舟求剑,见钱眼开 刻舟求剑 朝三暮四,见钱眼开 刻舟求剑 朝三暮四,朝三暮四 见钱眼开 刻舟求剑
727,15,0.4562146769939545,0.1342519067924883,0.06666666666666667,近来 目前 眼下 当前 近期 近日 近年来 如今 当下 最近 现在 前不久,现有 现在 近期 当今 日前 前不久 当下 近年来,现在 现有 当下 当今 当前 前不久 目前 眼下 最近 近日 近来 近期,近来 目前 眼下 当前 近期 近日 近年来 如今 当下 最近 现在 前不久 日前 当今 现有
728,4,0.4614110098187221,0.13757522313282855,0.0,后台 幕后 背后 前台,前台 背后 后台 幕后,背后 后台 前台 幕后,后台 幕后 背后 前台
729,6,0.46319075390542097,0.12305049216763292,0.0,史无前例 前无古人 翻天覆地 惊天动地 开天辟地 前所未有,开天辟地 惊天动地 前所未有 前无古人 翻天覆地 史无前例,前无古人 前所未有 史无前例 开天辟地 翻天覆地 惊天动地,史无前例 前无古人 翻天覆地 惊天动地 开天辟地 前所未有
730,3,0.5439977960147485,0.291921739503281,0.0,前景 前途 展望,展望 前途 前景,展望 前景 前途,前景 前途 展望
731,3,0.4398347199240375,0.13239120895550457,0.0,前沿 尖端 超前,超前 尖端 前沿,超前 尖端 前沿,前沿 尖端 超前
732,5,0.4080189098635955,0.018435209566677557,0.6,战斗 战场 前线 堡垒 斗,斗 前线 堡垒 战场 战斗,斗 前线 战场 战斗 堡垒,战斗 战场 前线 堡垒 斗
733,2,0.8200359094416292,0.7102575403304676,0.0,后者 前者,后者 前者,前者 后者,后者 前者
734,3,0.4277090192363014,0.08629854224200047,0.3333333333333333,夜以继日 前赴后继 持之以恒,持之以恒 前赴后继 夜以继日,前赴后继 持之以恒 夜以继日,夜以继日 前赴后继 持之以恒
735,8,0.4472794257813057,0.07773697234754046,0.125,后退 退却 退缩 退 退回 撤 撤离 前进,前进 撤 撤离 退缩 退 退回 退却 后退,撤离 撤 退 退回 退却 退缩 前进 后退,后退 退却 退缩 退 退回 撤 撤离 前进
736,6,0.47017139341257347,0.09587029515326971,0.16666666666666666,弓 弦 琴 剑 箭 鼓,鼓 箭 弦 剑 弓 琴,剑 弦 弓 箭 琴 鼓,弓 弦 琴 剑 箭 鼓
737,1,,0.0,0.0,副,副,副,副
738,4,0.4247220716430953,0.054966761147603925,0.25,后遗症 副作用 后果 心病,心病 后果 副作用 后遗症,心病 后遗症 后果 副作用,后遗症 副作用 后果 心病
739,5,0.40456455618166104,0.04363917529599896,0.2,正能量 力量 能量 力 励志,励志 能量 力 力量 正能量,力 励志 正能量 力量 能量,正能量 力量 能量 力 励志
740,11,0.39019765228906467,-0.028523400464104478,0.6363636363636364,速度 进度 力度 步伐 节奏 幅度 进程 频率 强度 进展 密度,速度 密度 频率 进展 强度 进程 步伐 节奏,密度 频率 进展 进度 进程 速度 强度 步伐 幅度 力度 节奏,速度 进度 力度 步伐 节奏 幅度 进程 频率 强度 进展 密度
741,1,,0.0,0.0,力所能及,力所能及,力所能及,力所能及
742,8,0.4048288860326578,0.010250448604275871,0.5,能耐 本事 胆子 本钱 有两下子 力气 底子 耐,耐 胆子 力气 本钱 有两下子 本事 底子 能耐,胆子 有两下子 本事 耐 底子 能耐 力气 本钱,能耐 本事 胆子 本钱 有两下子 力气 底子 耐
743,8,0.5125793084189856,0.15064353263130542,0.25,大使馆 领事 领事馆 大使 驻 外交官 外交 办事处,办事处 外交 大使 外交官 驻 领事馆 领事 大使馆,外交官 大使馆 领事馆 办事处 大使 驻 领事 外交,大使馆 领事 领事馆 大使 驻 外交官 外交 办事处
744,5,0.3914476171241616,0.02498515502737838,0.4,商务 商业 服务业 工业 办公,办公 服务业 工业 商业 商务,办公 商务 商业 服务业 工业,商务 商业 服务业 工业 办公
745,4,0.4248204814515825,0.07917478261438657,0.25,功劳 贡献 建树 功,功 建树 功劳 贡献,功 功劳 建树 贡献,功劳 贡献 建树 功
746,4,0.395625701741547,0.01524076603803103,0.5,功效 滋润 成分 霜,成分 霜 滋润 功效,功效 成分 霜 滋润,功效 滋润 成分 霜
747,5,0.4389170144279607,0.1286326350712999,0.2,增添 添 添加 加 赋予,赋予 加 添加 添 增添,加 增添 添 添加 赋予,增添 添 添加 加 赋予
748,7,0.4160516367493188,0.04741155675869169,0.2857142857142857,参加 参与 加入 投身 报名 踊跃 加盟,加盟 报名 加入 踊跃 投身 参与 参加,投身 参加 参与 报名 加盟 加入 踊跃,参加 参与 加入 投身 报名 踊跃 加盟
749,1,,0.0,0.0,加油,加油,加油,加油
750,3,0.45652788178102677,0.1136562010901141,0.0,廉价 劣质 平价,平价 劣质 廉价,廉价 劣质 平价,廉价 劣质 平价
751,4,0.4063336625528556,0.05171992611232386,0.25,静 动 动静 静止,静止 动 静 动静,静止 动 静 动静,静 动 动静 静止
752,12,0.4322433501267819,0.07109834159059816,0.25,表情 神态 模样 样子 姿态 姿势 架势 笑脸 手势 动作 样 喜怒哀乐,喜怒哀乐 样 动作 手势 笑脸 架势 姿势 样子,样 模样 姿态 姿势 样子 笑脸 手势 动作 神态 表情 架势 喜怒哀乐,表情 神态 模样 样子 姿态 姿势 架势 笑脸 手势 动作 样 喜怒哀乐
753,2,0.49057765746141113,0.21065004177867644,0.0,动力 引擎,动力 引擎,引擎 动力,动力 引擎
754,5,0.4025407888414717,0.01202865136114727,0.6,去向 去处 来龙去脉 动向 归宿,归宿 去处 来龙去脉 动向 去向,去向 去处 动向 归宿 来龙去脉,去向 去处 来龙去脉 动向 归宿
755,12,0.3885477708243364,0.004861557738349591,0.5833333333333334,监控 监视 追踪 跟踪 监测 操控 遥控 控制 操纵 远程 动态 追溯,动态 追溯 远程 操纵 监测 遥控 操控 控制,远程 追踪 跟踪 追溯 监视 操纵 操控 遥控 控制 动态 监测 监控,监控 监视 追踪 跟踪 监测 操控 遥控 控制 操纵 远程 动态 追溯
756,5,0.4296143796168906,0.0652211581533848,0.4,改变 转变 变 演变 动摇,动摇 演变 改变 转变 变,变 改变 动摇 转变 演变,改变 转变 变 演变 动摇
757,2,0.5461614412017975,0.26538121504326057,0.0,大熊猫 动物园,动物园 大熊猫,动物园 大熊猫,大熊猫 动物园
758,11,0.43458191213651604,0.025758811937783666,0.45454545454545453,雇佣 聘用 聘请 聘 雇 派遣 解雇 招募 招揽 雇主 劳务,招募 劳务 派遣 招揽 雇主 解雇 聘请 聘用,劳务 雇 派遣 聘 聘请 聘用 招揽 招募 雇佣 雇主 解雇,雇佣 聘用 聘请 聘 雇 派遣 解雇 招募 招揽 雇主 劳务
759,1,,0.0,0.0,势不可当,势不可当,势不可当,势不可当
760,10,0.49658459189061627,0.1553143330901096,0.1,开采 勘探 采矿 矿 煤矿 煤炭 石油 矿藏 地质 煤,地质 煤 石油 矿藏 矿 煤炭 采矿 煤矿,开采 煤 矿 地质 勘探 采矿 矿藏 石油 煤炭 煤矿,开采 勘探 采矿 矿 煤矿 煤炭 石油 矿藏 地质 煤
761,4,0.4412357909863182,0.07257969020474746,0.5,叉 拐 勾 死,死 勾 拐 叉,勾 叉 拐 死,叉 拐 勾 死
762,15,0.43736996059353644,0.05282345875742394,0.4,瓶 罐 袋 瓶子 箱 盒 壶 筒 筐 吸管 缸 盆,花瓶 壶 筒 包 筐 缸 易拉罐 盆,包 壶 瓶子 箱 筐 筒 缸 罐 瓶 盆 盒 花瓶,瓶 罐 袋 瓶子 箱 盒 壶 筒 筐 吸管 缸 盆 易拉罐 包 花瓶
763,5,0.519919898699814,0.20649649611056278,0.0,包含 含有 蕴涵 蕴藏 含,含有 蕴藏 含 包含 蕴涵,含有 含 蕴涵 包含 蕴藏,包含 含有 蕴涵 蕴藏 含
764,6,0.4314190674002019,0.06585362756121273,0.0,包围 簇拥 环绕 笼罩 围 衬托,环绕 笼罩 衬托 围 包围 簇拥,围 笼罩 包围 簇拥 环绕 衬托,包围 簇拥 环绕 笼罩 围 衬托
765,5,0.36285670195388686,-0.02240468244989479,0.6,铺 垫 盖 搁 包袱,搁 包袱 盖 垫 铺,垫 盖 搁 包袱 铺,铺 垫 盖 搁 包袱
766,5,0.41911477076615655,0.08657986529581174,0.0,印刷 打印 包装 复印 打包,打包 复印 包装 印刷 打印,印刷 包装 打包 打印 复印,印刷 打印 包装 复印 打包
767,3,0.43177844150495015,0.08919928035922418,0.0,行李 包裹 安检,包裹 安检 行李,行李 包裹 安检,行李 包裹 安检
768,1,,0.0,0.0,化,化,化,化
769,3,0.4582236759843556,0.1277760574222523,0.0,标本 样本 化石,化石 样本 标本,标本 化石 样本,标本 样本 化石
770,13,0.3893637767749281,-0.011457002248187397,0.5384615384615384,尼龙 纱 化纤 塑料 橡胶 棉 纺织 织 布 胶带 胶水 染,胶带 棉 胶水 塑料袋 布 染 橡胶 塑料,纺织 布 纱 织 染 棉 塑料 化纤 胶水 塑料袋 胶带 尼龙,尼龙 纱 化纤 塑料 橡胶 棉 纺织 织 布 胶带 胶水 染 塑料袋
771,4,0.4474242222475508,0.06773698006740357,0.25,平息 摆平 化解 安抚,安抚 化解 摆平 平息,摆平 安抚 化解 平息,平息 摆平 化解 安抚
772,3,0.40223973398070195,-0.04403397231931244,0.6666666666666666,替身 跑龙套 化身,化身 跑龙套 替身,跑龙套 化身 替身,替身 跑龙套 化身
773,1,,0.0,0.0,化险为夷,化险为夷,化险为夷,化险为夷
774,1,,0.0,0.0,北京,北京,北京,北京
775,15,0.4417836469513169,0.08186705149587038,0.26666666666666666,飞船 太空 月球 宇航员 卫星 地球 发射 航天员 航天 嫦娥 宇宙 火箭,南极 北极 火箭 航天 轨道 宇宙 发射 地球,航天 嫦娥 月球 发射 航天员 南极 宇宙 地球 飞船 火箭 北极 轨道,飞船 太空 月球 宇航员 卫星 地球 发射 航天员 航天 嫦娥 宇宙 火箭 轨道 北极 南极
776,6,0.4373061701759838,0.08287154604023077,0.16666666666666666,搭配 配置 配 匹配 配备 组合,匹配 配备 组合 配置 配 搭配,组合 配置 配备 匹配 配 搭配,搭配 配置 配 匹配 配备 组合
777,1,,0.0,0.0,匿名,匿名,匿名,匿名
778,1,,0.0,0.0,千军万马,千军万马,千军万马,千军万马
779,3,0.4916457128331431,0.1773292157677473,0.0,家家户户 千家万户 大街小巷,大街小巷 千家万户 家家户户,千家万户 家家户户 大街小巷,家家户户 千家万户 大街小巷
780,11,0.4617478289019736,0.1277808328568342,0.09090909090909091,犯规 半场 球 得手 皮球 得分 防守 比分 禁区 解围 对手,解围 对手 防守 比分 得手 半场 皮球 禁区,禁区 得手 对手 得分 球 解围 犯规 防守 比分 半场 皮球,犯规 半场 球 得手 皮球 得分 防守 比分 禁区 解围 对手
781,3,0.5305417573274624,0.1769467634405725,0.0,半岛 岛 海峡,海峡 岛 半岛,岛 海峡 半岛,半岛 岛 海峡
782,1,,0.0,0.0,半边天,半边天,半边天,半边天
783,5,0.5323235927076698,0.24553807511971906,0.0,华人 华裔 华侨 外籍 同胞,同胞 外籍 华侨 华裔 华人,华裔 华侨 华人 外籍 同胞,华人 华裔 华侨 外籍 同胞
784,13,0.3822449685771661,-0.017192362497950416,0.6153846153846154,帮助 协助 指导 引导 鼓励 督促 帮忙 扶持 帮 支持 指引 替,替 指南 扶持 帮忙 协助 支持 指引 引导,帮 替 帮助 帮忙 鼓励 支持 指南 指导 指引 协助 扶持 引导,帮助 协助 指导 引导 鼓励 督促 帮忙 扶持 帮 支持 指引 替 指南
785,4,0.47854666732436346,0.09743368276703872,0.0,协调 统筹 协同 调度,调度 统筹 协同 协调,协调 协同 统筹 调度,协调 统筹 协同 调度
786,3,0.5177496060195345,0.15893398462937175,0.0,机关 部门 单位,部门 单位 机关,机关 部门 单位,机关 部门 单位
787,1,,0.0,0.0,单元,单元,单元,单元
788,1,,0.0,0.0,单方面,单方面,单方面,单方面
789,4,0.4528117008916442,0.11565248693161921,0.0,独自 独 单独 独身,单独 独身 独 独自,独 独自 独身 单独,独自 独 单独 独身
790,2,0.47456813142191967,0.13974426955926877,0.0,行情 单边,单边 行情,单边 行情,行情 单边
791,39,0.4437193113810324,0.01906578495813909,0.4358974358974359,嘲笑 讥笑 挖苦 指责 抨击 讽刺 取笑 嘲弄 批评 骂 夸奖 吹捧,揭发 讨好 质疑 抱怨 质问 笑话 赞许 表扬,质疑 取笑 抱怨 挖苦 揭露 夸 鄙视 讨好 吹捧 批评 卖弄 讥笑,嘲笑 讥笑 挖苦 指责 抨击 讽刺 取笑 嘲弄 批评 骂 夸奖 吹捧 赞美 调侃 耻笑 赞扬 恭维 反驳 夸耀 称赞 鄙视 谴责 质问 抱怨 议论 表扬 赞许 夸 质疑 辩解 歌颂 炫耀 附和 批判 揭露 揭发 笑话 讨好 卖弄
792,12,0.43758135320859315,0.010250696893436105,0.4166666666666667,藏品 展览 展出 收藏 博物馆 珍藏 文物 陈列 古董 参展 国宝 车展,国宝 车展 古董 参展 收藏 文物 博物馆 陈列,珍藏 陈列 参展 展出 展览 国宝 收藏 博物馆 文物 车展 藏品 古董,藏品 展览 展出 收藏 博物馆 珍藏 文物 陈列 古董 参展 国宝 车展
793,2,0.48409687052924055,0.10480627325958186,0.0,占卜 风水,风水 占卜,风水 占卜,占卜 风水
794,16,0.4218666796294476,0.004618975163312059,0.5,绑 缠 拴 钉 挂 吊 绷 捆 扎 夹 罩 悬,罩 牵 贴 挂 夹 扎 拖 卡子,吊 夹 缠 罩 绑 绷 牵 扎 拖 拴 捆 挂,绑 缠 拴 钉 挂 吊 绷 捆 扎 夹 罩 悬 牵 拖 卡子 贴
795,2,0.4740372503274274,0.10888288899146316,0.0,吉祥物 卡通,吉祥物 卡通,卡通 吉祥物,吉祥物 卡通
796,2,0.6004123901454559,0.3661466539044678,0.0,卫生 防疫,防疫 卫生,防疫 卫生,卫生 防疫
797,16,0.4839503847218019,0.1387381099713305,0.0625,播出 转播 播放 收看 电视台 重播 广播 收听 直播 卫视 播 电视,观看 电视 收视率 直播 卫视 电台 频道 播,收视率 重播 电视台 卫视 电台 播 收看 收听 观看 转播 频道 播出,播出 转播 播放 收看 电视台 重播 广播 收听 直播 卫视 播 电视 电台 频道 收视率 观看
798,2,0.5018636374686134,0.12010054356597442,0.0,印 墨,墨 印,印 墨,印 墨
799,3,0.6033002104155782,0.3518673329799702,0.0,造纸术 印刷术 发明,发明 造纸术 印刷术,印刷术 发明 造纸术,造纸术 印刷术 发明
800,19,0.4588315066351293,0.07748525826703294,0.3684210526315789,营救 救援 救 解救 抢救 呼救 求救 遇险 救助 拯救 搜救 紧急,危急 求助 挽救 疏散 紧急 救助 打捞 救命,抢救 挽救 营救 救 解救 疏散 危急 呼救 逃生 搜救 救援 求救,营救 救援 救 解救 抢救 呼救 求救 遇险 救助 拯救 搜救 紧急 危急 求助 救命 挽救 逃生 疏散 打捞
801,2,0.4597360583340886,0.14191873776098152,0.0,卵 孵化,孵化 卵,卵 孵化,卵 孵化
802,3,0.4446612892945332,0.05883167507675272,0.0,卸 装 运,装 卸 运,卸 运 装,卸 装 运
803,14,0.4534300523430317,0.07835120772366119,0.2857142857142857,状况 处境 境遇 境地 困境 情况 局面 现状 形势 状态 情形 现象,命运 厄运 现状 形势 现象 情形 困境 状态,境地 困境 命运 现状 状态 局面 状况 处境 形势 情况 情形 现象,状况 处境 境遇 境地 困境 情况 局面 现状 形势 状态 情形 现象 厄运 命运
804,3,0.4603093065936392,0.09829751119050793,0.0,室 厅 舱,厅 舱 室,厅 室 舱,室 厅 舱
805,2,0.5489146393123934,0.25217208503826494,0.0,历史 悠久,历史 悠久,悠久 历史,历史 悠久
806,1,,0.0,0.0,历届,历届,历届,历届
807,16,0.42627910029548455,0.02638512750244973,0.375,磨难 风风雨雨 波折 曲折 历经 风雨 经历 沧桑 挫折 历程 洗礼 悲欢离合,转折 峰回路转 变迁 经受 悲欢离合 历经 历程 风雨,历经 历程 挫折 波折 洗礼 峰回路转 曲折 风雨 转折 磨难 悲欢离合 经受,磨难 风风雨雨 波折 曲折 历经 风雨 经历 沧桑 挫折 历程 洗礼 悲欢离合 经受 变迁 转折 峰回路转
808,17,0.44427978788957045,0.0875547581191859,0.23529411764705882,宽阔 宽广 窄 宽 狭窄 开阔 宽敞 平坦 狭小 广阔 阔 辽阔,短 宽泛 薄 宽敞 厚 长 广阔 辽阔,开阔 厚 宽 窄 短 宽广 宽泛 宽敞 辽阔 长 阔 薄,宽阔 宽广 窄 宽 狭窄 开阔 宽敞 平坦 狭小 广阔 阔 辽阔 宽泛 厚 薄 长 短
809,4,0.39426054196798804,-0.015642709024318996,0.5,山寨 抄袭 原创 水货,水货 原创 抄袭 山寨,抄袭 水货 原创 山寨,山寨 抄袭 原创 水货
810,7,0.42018956393588214,0.03638134156524898,0.2857142857142857,根源 原因 罪魁祸首 导火索 归结 归根到底 缘故,缘故 归根到底 导火索 根源 归结 罪魁祸首 原因,根源 归根到底 罪魁祸首 缘故 原因 导火索 归结,根源 原因 罪魁祸首 导火索 归结 归根到底 缘故
811,3,0.48301989897463704,0.20618307660980106,0.0,就地 就近 原地,原地 就近 就地,就地 原地 就近,就地 就近 原地
812,1,,0.0,0.0,原型,原型,原型,原型
813,1,,0.0,0.0,原始,原始,原始,原始
814,6,0.4263014994991034,0.06834831573449594,0.0,原汁原味 新鲜 正宗 鲜活 地道 鲜,正宗 鲜 地道 原汁原味 鲜活 新鲜,鲜活 原汁原味 地道 鲜 新鲜 正宗,原汁原味 新鲜 正宗 鲜活 地道 鲜
815,8,0.3925806092494058,-0.01970358928497674,0.375,规律 逻辑 道理 常识 原理 脉络 常理 线索,线索 原理 常理 常识 道理 脉络 规律 逻辑,规律 线索 逻辑 原理 常理 常识 脉络 道理,规律 逻辑 道理 常识 原理 脉络 常理 线索
816,1,,0.0,0.0,原装,原装,原装,原装
817,8,0.4476523047932356,0.1245542016944198,0.0,逝世 诞辰 去世 遗愿 纪念日 遗嘱 生前 周年,生前 周年 遗嘱 纪念日 遗愿 去世 诞辰 逝世,周年 诞辰 逝世 生前 遗嘱 去世 遗愿 纪念日,逝世 诞辰 去世 遗愿 纪念日 遗嘱 生前 周年
818,1,,0.0,0.0,参军,参军,参军,参军
819,4,0.5528553831368449,0.325102077085045,0.0,简介 概况 目录 参见,参见 概况 目录 简介,简介 概况 参见 目录,简介 概况 目录 参见
820,2,0.47906671750205176,0.17680962393401917,0.0,双 双重,双重 双,双 双重,双 双重
821,3,0.41280902169571854,0.034112667569425895,0.3333333333333333,横向 横 双向,横 双向 横向,横向 横 双向,横向 横 双向
822,2,0.45201707513797973,0.08726628480585331,0.0,方 双方,双方 方,方 双方,方 双方
823,2,0.6679493113390017,0.45202805799205525,0.0,孪生 双胞胎,双胞胎 孪生,孪生 双胞胎,孪生 双胞胎
824,5,0.32961362035309966,-0.07294951037004914,1.0,良性 恶性 双赢 恶意 造福,造福 恶意 双赢 良性 恶性,良性 双赢 恶意 恶性 造福,良性 恶性 双赢 恶意 造福
825,3,0.3983375443085708,0.06038395563509034,0.3333333333333333,逆 邪 反,邪 反 逆,反 逆 邪,逆 邪 反
826,5,0.49267400267578126,0.15309140741119126,0.0,轰动 震动 哗然 反响 瞩目,反响 瞩目 震动 哗然 轰动,哗然 反响 轰动 瞩目 震动,轰动 震动 哗然 反响 瞩目
827,13,0.4240155864306979,0.05788793855910993,0.3076923076923077,赞同 赞成 认同 拥护 认可 赞赏 同意 反对 采纳 否决 否定 好评,好评 欢迎 否定 采纳 拥护 认可 反对 否决,赞同 赞成 否定 否决 同意 拥护 反对 欢迎 采纳 赞赏 认同 认可,赞同 赞成 认同 拥护 认可 赞赏 同意 反对 采纳 否决 否定 好评 欢迎
828,3,0.3623791709710431,-0.002390456148478428,0.6666666666666666,响应 号召 反应,号召 反应 响应,响应 反应 号召,响应 号召 反应
829,17,0.44240503467313663,0.023000423887145377,0.35294117647058826,思考 思索 反思 深思 琢磨 审视 揣摩 权衡 盘算 考量 推敲 沉思,正视 构思 盘算 思前想后 权衡 反省 考虑 推敲,思前想后 思索 权衡 审视 沉思 揣摩 盘算 思考 推敲 反思 反省 考虑,思考 思索 反思 深思 琢磨 审视 揣摩 权衡 盘算 考量 推敲 沉思 反省 考虑 构思 思前想后 正视
830,1,,0.0,0.0,反过来,反过来,反过来,反过来
831,10,0.4806151195793049,0.13860589970544704,0.2,回答 答复 回复 提问 答案 解答 回应 答 评论 反馈,评论 反馈 回应 答 提问 答案 解答 回复,答 解答 答案 答复 回应 回复 反馈 回答 提问 评论,回答 答复 回复 提问 答案 解答 回应 答 评论 反馈
832,1,,0.0,0.0,发,发,发,发
833,11,0.3897245959246661,-0.023604538084009717,0.6363636363636364,火 火焰 燃烧 沸腾 火热 点燃 红火 火辣辣 点火 火暴 发光,发光 火暴 点火 点燃 红火 火辣辣 沸腾 燃烧,火 红火 沸腾 发光 点火 点燃 火辣辣 火暴 火焰 火热 燃烧,火 火焰 燃烧 沸腾 火热 点燃 红火 火辣辣 点火 火暴 发光
834,6,0.4342783266998959,0.06199386113366312,0.0,扩展 扩张 开拓 发展 扩 开发,开发 发展 扩张 扩 扩展 开拓,开发 扩 开拓 扩张 扩展 发展,扩展 扩张 开拓 发展 扩 开发
835,5,0.4035456609895219,0.04420223090582244,0.6,挖掘 发掘 潜力 挖 大有可为,挖 大有可为 潜力 发掘 挖掘,潜力 挖 挖掘 发掘 大有可为,挖掘 发掘 潜力 挖 大有可为
836,1,,0.0,0.0,发放,发放,发放,发放
837,4,0.4405350734950067,0.10340644188741836,0.0,发源地 源头 源泉 摇篮,源泉 源头 摇篮 发源地,源泉 源头 发源地 摇篮,发源地 源头 源泉 摇篮
838,11,0.4557297607210156,0.09473016628523276,0.2727272727272727,遭受 受到 遭到 受 遭遇 备受 深受 重创 受过 遭殃 发生,发生 遭殃 重创 受 遭到 深受 受过 备受,重创 受 备受 遭遇 发生 深受 受过 受到 遭殃 遭到 遭受,遭受 受到 遭到 受 遭遇 备受 深受 重创 受过 遭殃 发生
839,9,0.49604802382649393,0.14508744034758253,0.0,讲话 发言 演说 演讲 言论 言辞 谈话 表态 发表,言辞 表态 谈话 发表 言论 演讲 演说 发言,演说 演讲 言论 言辞 讲话 谈话 发表 发言 表态,讲话 发言 演说 演讲 言论 言辞 谈话 表态 发表
840,3,0.4061048283325687,0.02683222575459046,0.6666666666666666,新闻 发言人 财经,财经 发言人 新闻,财经 新闻 发言人,新闻 发言人 财经
841,1,,0.0,0.0,发起人,发起人,发起人,发起人
842,1,,0.0,0.0,发酵,发酵,发酵,发酵
843,12,0.4459277141643863,0.081676229226235,0.25,获得 取得 获取 拿到 得到 赢得 获 收到 收获 换取 领取 索取,领取 索取 收获 获 换取 收到 赢得 得到,拿到 得到 收到 收获 获 换取 领取 获得 获取 索取 赢得 取得,获得 取得 获取 拿到 得到 赢得 获 收到 收获 换取 领取 索取
844,8,0.4658888914036309,0.09153216173226687,0.25,整治 治理 整顿 根治 取缔 清理 防治 治,防治 清理 治 取缔 治理 根治 整顿 整治,取缔 治 根治 防治 清理 治理 整治 整顿,整治 治理 整顿 根治 取缔 清理 防治 治
845,3,0.43900365606665775,0.09536070641269279,0.3333333333333333,惊 受惊 震,震 受惊 惊,惊 震 受惊,惊 受惊 震
846,21,0.4582892722077963,0.07773100024148982,0.3333333333333333,旱灾 水灾 灾害 洪水 暴雨 干旱 涝 旱 灾难 灾 海啸 受灾,台风 浩劫 防汛 海啸 淹 雨水 受灾 瘟疫,洪水 浩劫 海啸 旱灾 灾 旱 淹 涝 台风 地震 防汛 瘟疫,旱灾 水灾 灾害 洪水 暴雨 干旱 涝 旱 灾难 灾 海啸 受灾 台风 地震 瘟疫 淹 风沙 雨水 特大 防汛 浩劫
847,1,,0.0,0.0,受益,受益,受益,受益
848,5,0.4744952309110392,0.14375727113204156,0.0,变异 基因 遗传 进化 生物,生物 变异 进化 基因 遗传,进化 生物 遗传 变异 基因,变异 基因 遗传 进化 生物
849,11,0.453438667153129,0.10066433260093731,0.09090909090909091,脱落 裂缝 断裂 磨损 裂痕 破裂 变形 裂 破碎 老化 锈,锈 裂 老化 破裂 破碎 变形 脱落 磨损,裂痕 裂缝 脱落 磨损 断裂 锈 裂 破碎 老化 破裂 变形,脱落 裂缝 断裂 磨损 裂痕 破裂 变形 裂 破碎 老化 锈
850,7,0.4012229343512136,0.004634655225117067,0.42857142857142855,腐化 腐败 腐烂 腐蚀 变质 贪 赌,赌 贪 腐烂 腐蚀 变质 腐败 腐化,腐烂 腐化 腐败 腐蚀 赌 贪 变质,腐化 腐败 腐烂 腐蚀 变质 贪 赌
851,4,0.4251036556047654,0.047802397460187135,0.25,堆砌 填充 填 叠,叠 填充 填 堆砌,叠 填 堆砌 填充,堆砌 填充 填 叠
852,5,0.49911817917406703,0.2056202944590873,0.0,命令 指令 指示 口令 指挥,指挥 指示 口令 命令 指令,指令 口令 命令 指挥 指示,命令 指令 指示 口令 指挥
853,4,0.44953664237921614,0.07729264888267863,0.0,方针 纲领 口号 路线,口号 路线 纲领 方针,方针 口号 路线 纲领,方针 纲领 口号 路线
854,2,0.45893429532071206,0.11770151335235415,0.0,顿 口吃,口吃 顿,顿 口吃,顿 口吃
855,4,0.4041046164118309,0.07259330505878644,0.25,窟窿 泥潭 陷 口子,陷 口子 窟窿 泥潭,陷 口子 泥潭 窟窿,窟窿 泥潭 陷 口子
856,1,,0.0,0.0,口径,口径,口径,口径
857,16,0.4701449102792959,0.09836285991213957,0.25,淌 眼泪 泪水 泪 鼻涕 鲜血 汗水 口水 血 流泪 流淌 流血,尿 渗 流淌 血 溅 汗 流血 流泪,流血 尿 流泪 流淌 泪水 渗 溅 汗 泪 淌 眼泪 血,淌 眼泪 泪水 泪 鼻涕 鲜血 汗水 口水 血 流泪 流淌 流血 溅 汗 渗 尿
858,7,0.4275602773790639,0.055502721514502404,0.2857142857142857,零钱 钱包 钱 口袋 私房钱 掏钱 宝,宝 掏钱 私房钱 钱包 口袋 钱 零钱,钱包 宝 掏钱 口袋 零钱 钱 私房钱,零钱 钱包 钱 口袋 私房钱 掏钱 宝
859,3,0.3842700880435747,0.016028967152349236,0.3333333333333333,古人 古今中外 比喻,古今中外 比喻 古人,古人 古今中外 比喻,古人 古今中外 比喻
860,12,0.4645951231866102,0.052315062264479385,0.3333333333333333,宫殿 寺庙 教堂 皇宫 清真寺 建筑物 城墙 建筑 殿堂 古迹 四合院 宫,宫 城墙 教堂 四合院 殿堂 皇宫 寺庙 建筑,宫 殿堂 建筑 皇宫 城墙 四合院 清真寺 建筑物 寺庙 古迹 宫殿 教堂,宫殿 寺庙 教堂 皇宫 清真寺 建筑物 城墙 建筑 殿堂 古迹 四合院 宫
861,5,0.3828451171833322,0.015368143328552736,0.2,这 另 同一 某 这样,这样 另 同一 某 这,另 某 同一 这样 这,这 另 同一 某 这样
862,5,0.3402384194262454,-0.07529622707813717,0.6,钻空子 可乘之机 走后门 钻 后顾之忧,钻 后顾之忧 走后门 可乘之机 钻空子,可乘之机 钻空子 走后门 后顾之忧 钻,钻空子 可乘之机 走后门 钻 后顾之忧
863,4,0.436349678482367,0.051083654411176266,0.25,可信 可靠 可行 诚信,诚信 可行 可靠 可信,诚信 可信 可行 可靠,可信 可靠 可行 诚信
864,4,0.4437640578129615,0.10075685471839385,0.0,显而易见 可见 可想而知 预见,预见 可见 可想而知 显而易见,可想而知 显而易见 可见 预见,显而易见 可见 可想而知 预见
865,3,0.3854676466246703,0.013858626468264587,0.6666666666666666,嫌疑 嫌 可疑,嫌 可疑 嫌疑,嫌疑 嫌 可疑,嫌疑 嫌 可疑
866,4,0.4778733918271783,0.09466985693611145,0.0,巨大 可观 显著 长足,显著 长足 巨大 可观,显著 长足 巨大 可观,巨大 可观 显著 长足
867,3,0.44047109532897516,0.07550821452666127,0.0,台 套 部,套 部 台,台 套 部,台 套 部
868,4,0.34195729939815167,-0.08583587479461781,1.0,迈 台阶 阶梯 腾,腾 阶梯 迈 台阶,台阶 腾 迈 阶梯,迈 台阶 阶梯 腾
869,2,0.9333816871768907,0.9031854302925482,0.0,右 左,右 左,右 左,右 左
870,31,0.4817916846721207,0.0969204437392745,0.22580645161290322,柳树 树木 松树 桃树 柏树 槐树 棵 杨树 树叶 树枝 果树 树梢,草坪 栽 桃 害虫 植物 枝 茎 草,树荫 叶子 树木 树林 树枝 树梢 桃树 枝 桃 树 栽 株,柳树 树木 松树 桃树 柏树 槐树 棵 杨树 树叶 树枝 果树 树梢 树林 树 茂密 竹子 叶子 株 树荫 茂盛 禾苗 茎 枝 草坪 植物 奇花异草 草 栽 桃 荆棘 害虫
871,1,,0.0,0.0,号,号,号,号
872,3,0.4553699516231784,0.10838393553801158,0.0,车号 号码 编号,编号 号码 车号,编号 车号 号码,车号 号码 编号
873,3,0.544523357251274,0.24815833505250906,0.0,号称 自称 堪称,堪称 自称 号称,自称 堪称 号称,号称 自称 堪称
874,7,0.37908676250365236,0.007229122911851008,0.5714285714285714,各地 各 各个 当地 本地 各自 地方,地方 各个 各自 本地 各 当地 各地,各 本地 当地 地方 各自 各个 各地,各地 各 各个 当地 本地 各自 地方
875,5,0.5171666580999332,0.18360432073297822,0.0,各位 诸位 请 您 敬请,请 敬请 您 各位 诸位,您 请 诸位 各位 敬请,各位 诸位 请 您 敬请
876,1,,0.0,0.0,合,合,合,合
877,6,0.5201641616630283,0.23086545404873568,0.0,顺应 符合 迎合 适应 满足 合乎,合乎 迎合 适应 顺应 满足 符合,顺应 满足 适应 合乎 符合 迎合,顺应 符合 迎合 适应 满足 合乎
878,8,0.4142840715733768,0.03881720643766664,0.25,并购 重组 整合 收购 资产 合并 投资 资源,投资 资源 合并 资产 收购 整合 重组 并购,投资 重组 资源 资产 收购 并购 合并 整合,并购 重组 整合 收购 资产 合并 投资 资源
879,3,0.5315089088122289,0.2314892083453116,0.0,留念 合影 签名,签名 留念 合影,签名 合影 留念,留念 合影 签名
880,5,0.5135924522363412,0.20324974702930826,0.0,理所当然 天经地义 顺理成章 合情合理 无可厚非,合情合理 无可厚非 顺理成章 理所当然 天经地义,合情合理 无可厚非 天经地义 理所当然 顺理成章,理所当然 天经地义 顺理成章 合情合理 无可厚非
881,2,0.544106006583097,0.2734247263097073,0.0,合格 达标,达标 合格,合格 达标,合格 达标
882,2,0.48390087701431916,0.2030340338809632,0.0,正当 合法,合法 正当,合法 正当,正当 合法
883,3,0.5239820337522608,0.234750139313416,0.0,外资 外企 合资,合资 外企 外资,合资 外资 外企,外资 外企 合资
884,8,0.44007398703349265,0.03299373675590936,0.375,适宜 适当 合适 适合 适度 适量 适时 适用,适用 适时 适量 适合 合适 适度 适当 适宜,适量 合适 适时 适用 适当 适度 适宜 适合,适宜 适当 合适 适合 适度 适量 适时 适用
885,2,0.48406133225279113,0.19583494296470866,0.0,吉利 标致,吉利 标致,标致 吉利,吉利 标致
886,1,,0.0,0.0,同人,同人,同人,同人
887,1,,0.0,0.0,同步,同步,同步,同步
888,2,0.4666955873998704,0.17059560879991587,0.0,同类 同行,同行 同类,同类 同行,同类 同行
889,1,,0.0,0.0,名义,名义,名义,名义
890,3,0.39874180289748135,0.056094455047599745,0.6666666666666666,名单 清单 名额,名额 清单 名单,名额 清单 名单,名单 清单 名额
891,1,,0.0,0.0,名片,名片,名片,名片
892,12,0.43330428757966555,0.08756752320945495,0.25,美景 景色 风景 观赏 欣赏 风光 景观 名胜 赏 鉴赏 景 消遣,消遣 鉴赏 景 赏 景观 名胜 风光 欣赏,景 鉴赏 美景 名胜 风光 风景 消遣 赏 欣赏 景色 景观 观赏,美景 景色 风景 观赏 欣赏 风光 景观 名胜 赏 鉴赏 景 消遣
893,4,0.4929148111927062,0.12660325843712603,0.0,野生 名贵 药材 特产,野生 名贵 药材 特产,名贵 药材 野生 特产,野生 名贵 药材 特产
894,16,0.4154586591229546,0.02094477127874794,0.3125,坚实 稳固 雄厚 根基 牢固 坚固 基础 深厚 强大 扎实 后盾 支柱,庞大 壮大 深厚 牢 支柱 扎实 奠定 后盾,稳固 基础 坚固 坚实 牢 后盾 奠定 强大 根基 庞大 深厚 支柱,坚实 稳固 雄厚 根基 牢固 坚固 基础 深厚 强大 扎实 后盾 支柱 牢 奠定 壮大 庞大
895,11,0.44962409967652867,0.07732010566081865,0.36363636363636365,向着 朝着 沿着 向前 向 往 顺着 方向 朝 迈进 面向,迈进 面向 向 方向 朝 沿着 顺着 往,向 往 顺着 朝 面向 向着 向前 沿着 迈进 朝着 方向,向着 朝着 沿着 向前 向 往 顺着 方向 朝 迈进 面向
896,19,0.4450951571509398,0.06915437906664158,0.3157894736842105,期盼 盼望 渴望 期望 期待 希望 愿望 盼 奢望 心愿 向往 梦想,梦想 想念 呼声 挂念 愿望 心愿 寄托 向往,希望 盼望 寄托 渴望 挂念 心愿 盼 望 期待 期望 期盼 呼唤,期盼 盼望 渴望 期望 期待 希望 愿望 盼 奢望 心愿 向往 梦想 指望 寄托 挂念 呼唤 想念 望 呼声
897,1,,0.0,0.0,吞,吞,吞,吞
898,11,0.5017928049619292,0.14495698238564386,0.18181818181818182,蛋白质 脂肪 钙 富含 含量 膳食 营养 热量 维生素 纤维 水分,纤维 富含 维生素 水分 含量 热量 营养 膳食,脂肪 含量 营养 维生素 钙 水分 热量 富含 膳食 蛋白质 纤维,蛋白质 脂肪 钙 富含 含量 膳食 营养 热量 维生素 纤维 水分
899,4,0.5280580387757011,0.18873517229130557,0.25,听从 服从 顺从 听,听 顺从 服从 听从,听 顺从 听从 服从,听从 服从 顺从 听
900,9,0.4406823361919461,0.012688711226552189,0.2222222222222222,张贴 标语 告示 醒目 海报 招牌 启事 牌子 宣传,醒目 宣传 牌子 启事 海报 招牌 标语 张贴,启事 海报 标语 宣传 张贴 牌子 招牌 告示 醒目,张贴 标语 告示 醒目 海报 招牌 启事 牌子 宣传
901,8,0.43144410265270505,0.04368923189965742,0.25,开启 拉开 打开 推开 敞开 展开 启动 开,启动 开 敞开 推开 打开 展开 拉开 开启,开 启动 开启 敞开 展开 推开 拉开 打开,开启 拉开 打开 推开 敞开 展开 启动 开
902,3,0.43049565714757293,0.05043474051857705,0.3333333333333333,吸 抛 抽,抽 抛 吸,吸 抛 抽,吸 抛 抽
903,3,0.43176399412157807,0.03676181233296663,0.3333333333333333,吸收 吸取 消化,消化 吸取 吸收,吸取 吸收 消化,吸收 吸取 消化
904,7,0.42863835686174123,0.03897549358593244,0.42857142857142855,酗酒 吸毒 吸烟 戒烟 赌博 戒 酒鬼,酒鬼 戒 赌博 戒烟 吸毒 吸烟 酗酒,戒 戒烟 吸毒 吸烟 酒鬼 酗酒 赌博,酗酒 吸毒 吸烟 戒烟 赌博 戒 酒鬼
905,5,0.4565340515056103,0.08113530483862681,0.2,接纳 接收 吸纳 容纳 接受,吸纳 接收 接受 容纳 接纳,吸纳 容纳 接受 接收 接纳,接纳 接收 吸纳 容纳 接受
906,7,0.3989424533987239,0.002190685799073323,0.42857142857142855,飘 漂 沉 浮 坠 漫 吹,吹 坠 漫 沉 浮 漂 飘,吹 坠 漂 漫 沉 浮 飘,飘 漂 沉 浮 坠 漫 吹
907,4,0.4313940216900087,0.0468783638351937,0.5,吼 轰 喊 哄,哄 轰 喊 吼,吼 哄 喊 轰,吼 轰 喊 哄
908,1,,0.0,0.0,告,告,告,告
909,9,0.43223853775872023,0.029251316220062027,0.3333333333333333,队员 队长 队 领队 球员 员 外援 大队 成员,成员 大队 员 球员 外援 队 领队 队长,员 球员 成员 队 领队 大队 外援 队员 队长,队员 队长 队 领队 球员 员 外援 大队 成员
910,1,,0.0,0.0,周期,周期,周期,周期
911,1,,0.0,0.0,呼风唤雨,呼风唤雨,呼风唤雨,呼风唤雨
912,5,0.49392779189723524,0.15208977151935232,0.0,性命 生命 命 生死 生命线,生死 生命线 命 生命 性命,命 生命线 生死 生命 性命,性命 生命 命 生死 生命线
913,5,0.4196047330104344,0.02205488954138083,0.6,缓和 温和 和解 和平共处 收敛,和平共处 收敛 温和 和解 缓和,收敛 和平共处 和解 温和 缓和,缓和 温和 和解 和平共处 收敛
914,35,0.4364807759967225,0.027669114577001098,0.37142857142857144,安逸 宁静 安稳 安静 快乐 悠闲 愉快 清静 幸福 舒畅 平静 安宁,痛快 顺心 欢乐 美好 寂静 自在 平和 美满,悠闲 欢乐 安静 安逸 舒畅 宁静 舒服 幸福 快活 痛快 顺心 开心,安逸 宁静 安稳 安静 快乐 悠闲 愉快 清静 幸福 舒畅 平静 安宁 快活 舒服 美满 开心 富足 自在 无忧无虑 祥和 欢乐 知足 顺心 平和 舒适 踏实 和睦 安心 安定 温馨 和谐 甜蜜 美好 痛快 寂静
915,4,0.37070928450086554,-0.03627864589731612,0.5,查看 查询 咨询 看,看 咨询 查看 查询,查询 看 查看 咨询,查看 查询 咨询 看
916,3,0.4438150882157852,0.059777099227578685,0.0,酸 盐 咸,咸 酸 盐,咸 盐 酸,酸 盐 咸
917,2,0.45241086090435967,0.10416021849408635,0.0,要害 咽喉,要害 咽喉,咽喉 要害,要害 咽喉
918,1,,0.0,0.0,品,品,品,品
919,5,0.3624365639629058,-0.06416410233227042,0.8,境界 层次 档次 品位 地步,地步 品位 档次 境界 层次,品位 档次 地步 层次 境界,境界 层次 档次 品位 地步
920,8,0.4445846064880475,0.05092779613006734,0.375,售票 退票 票价 门票 机票 票 客流 窗口,窗口 票 客流 门票 机票 票价 退票 售票,票 窗口 客流 退票 票价 售票 门票 机票,售票 退票 票价 门票 机票 票 客流 窗口
921,1,,0.0,0.0,唯,唯,唯,唯
922,9,0.4418889700608114,0.09311108958275677,0.3333333333333333,富人 富翁 富豪 穷人 大款 商人 奴隶 财富 阔绰,奴隶 阔绰 财富 商人 大款 穷人 富翁 富人,穷人 奴隶 商人 财富 大款 富翁 阔绰 富人 富豪,富人 富翁 富豪 穷人 大款 商人 奴隶 财富 阔绰
923,12,0.4836405548644902,0.17795534055468656,0.08333333333333333,谈论 谈 探讨 讨论 商讨 畅谈 谈起 聊 谈到 研讨 商量 论证,论证 商量 研讨 谈到 聊 畅谈 商讨 谈起,谈到 畅谈 探讨 研讨 聊 谈 论证 谈论 谈起 讨论 商量 商讨,谈论 谈 探讨 讨论 商讨 畅谈 谈起 聊 谈到 研讨 商量 论证
924,15,0.4314212477429076,0.05599714436335145,0.3333333333333333,喧闹 熙熙攘攘 热闹 忙碌 拥挤 忙乱 喧哗 繁忙 繁华 川流不息 欢声笑语 张灯结彩,张灯结彩 紧张 商贾 浮躁 欢声笑语 川流不息 拥挤 忙碌,熙熙攘攘 紧张 张灯结彩 川流不息 欢声笑语 繁华 繁忙 浮躁 拥挤 喧闹 忙乱 忙碌,喧闹 熙熙攘攘 热闹 忙碌 拥挤 忙乱 喧哗 繁忙 繁华 川流不息 欢声笑语 张灯结彩 浮躁 商贾 紧张
925,1,,0.0,0.0,啦啦队,啦啦队,啦啦队,啦啦队
926,5,0.41725693021732013,0.057702450994767195,0.4,善 巧 妙 识 善于,识 善于 妙 巧 善,善 妙 巧 善于 识,善 巧 妙 识 善于
927,4,0.3815369737293995,-0.001581333652538033,0.5,生存 挣扎 生活 喘息,喘息 生活 挣扎 生存,生活 生存 喘息 挣扎,生存 挣扎 生活 喘息
928,1,,0.0,0.0,喜洋洋,喜洋洋,喜洋洋,喜洋洋
929,12,0.44599790193817196,0.016896434376586524,0.4166666666666667,礼品 礼物 送礼 赠送 送 赠 礼 奖品 红包 喜糖 献 敬,奖品 敬 喜糖 献 红包 送礼 赠 礼,礼 献 敬 送礼 红包 赠送 礼物 礼品 送 奖品 赠 喜糖,礼品 礼物 送礼 赠送 送 赠 礼 奖品 红包 喜糖 献 敬
930,9,0.4371620865083597,0.061873991506951304,0.4444444444444444,敏锐 灵敏 嗅觉 触觉 敏捷 敏感 捕捉 灵活 视觉,视觉 灵活 捕捉 敏感 敏捷 触觉 灵敏 敏锐,嗅觉 触觉 灵敏 灵活 视觉 捕捉 敏感 敏捷 敏锐,敏锐 灵敏 嗅觉 触觉 敏捷 敏感 捕捉 灵活 视觉
931,3,0.590743932628924,0.35380744712859125,0.0,来宾 嘉宾 贵宾,贵宾 嘉宾 来宾,嘉宾 贵宾 来宾,来宾 嘉宾 贵宾
932,5,0.42069964582579755,0.08639224825387992,0.2,狂欢 狂欢节 欢聚 嘉年华 团聚,团聚 嘉年华 欢聚 狂欢节 狂欢,嘉年华 欢聚 狂欢节 狂欢 团聚,狂欢 狂欢节 欢聚 嘉年华 团聚
933,8,0.4854451475028393,0.14677365318584934,0.0,用品 文具 器材 物品 玩具 家具 器械 道具,物品 家具 道具 器械 文具 玩具 用品 器材,物品 用品 玩具 器材 器械 家具 文具 道具,用品 文具 器材 物品 玩具 家具 器械 道具
934,2,0.5781005064941012,0.3380563651082944,0.0,囚犯 监狱,囚犯 监狱,囚犯 监狱,囚犯 监狱
935,9,0.39437900342323373,-0.029612853708088218,0.5555555555555556,大批 大量 成千上万 成群结队 源源不断 大规模 四面八方 大面积 络绎不绝,四面八方 大面积 络绎不绝 大量 大规模 成千上万 成群结队 源源不断,大规模 大面积 成群结队 源源不断 大批 大量 络绎不绝 成千上万 四面八方,大批 大量 成千上万 成群结队 源源不断 大规模 四面八方 大面积 络绎不绝
936,13,0.4408218730706218,0.08264428191142088,0.07692307692307693,回忆 往事 回味 回想 记忆 难忘 时光 岁月 童年 回首 记忆犹新 青春,回顾 童年 记忆犹新 回想 青春 回首 难忘 岁月,时光 往事 岁月 童年 回首 回顾 回忆 回味 记忆 回想 记忆犹新 青春,回忆 往事 回味 回想 记忆 难忘 时光 岁月 童年 回首 记忆犹新 青春 回顾
937,1,,0.0,0.0,回归,回归,回归,回归
938,18,0.4127151598492657,0.008662620713087618,0.5,躲藏 躲 藏身 藏匿 躲避 隐蔽 隐藏 避 逃 埋伏 逃避 隐身,脱身 隐身 回避 埋藏 藏 逃避 埋 避难,埋 逃避 脱身 埋伏 回避 埋藏 逃 避 藏 躲 躲避 躲藏,躲藏 躲 藏身 藏匿 躲避 隐蔽 隐藏 避 逃 埋伏 逃避 隐身 脱身 避难 埋藏 埋 藏 回避
939,3,0.5099821610164711,0.18548408249489087,0.0,团体 社团 组织,组织 社团 团体,组织 团体 社团,团体 社团 组织
940,7,0.3543035555619808,-0.015387010897938851,0.7142857142857143,队伍 阵容 阵营 团队 行列 支 阵,支 团队 阵 行列 阵营 阵容 队伍,阵营 支 行列 阵 队伍 阵容 团队,队伍 阵容 阵营 团队 行列 支 阵
941,2,0.4700283911626071,0.08604577458020224,0.0,空地 园地,空地 园地,空地 园地,空地 园地
942,15,0.42647295096512755,-0.003137971507038262,0.4,难题 难点 瓶颈 问题 症结 难关 解决 困难 破解 困扰 障碍 矛盾,问题 解 矛盾 突破口 难度 症结 困难 解决,突破口 困扰 解决 障碍 困难 症结 解 问题 矛盾 破解 瓶颈 难题,难题 难点 瓶颈 问题 症结 难关 解决 困难 破解 困扰 障碍 矛盾 难度 突破口 解
943,1,,0.0,0.0,固定,固定,固定,固定
944,2,0.4731348910554185,0.08969268249204536,0.0,国 邻国,邻国 国,国 邻国,国 邻国
945,1,,0.0,0.0,国产,国产,国产,国产
946,5,0.37431898741172764,-0.010158523402774542,0.8,土地 流转 国土 承包 房地产,流转 国土 承包 房地产 土地,流转 房地产 国土 土地 承包,土地 流转 国土 承包 房地产
947,1,,0.0,0.0,国家,国家,国家,国家
948,1,,0.0,0.0,国情,国情,国情,国情
949,8,0.40920110437129514,0.04563726356569627,0.25,性别 姓氏 国籍 姓名 姓 血缘 身份 种族,血缘 种族 姓名 身份 姓 国籍 性别 姓氏,姓 种族 姓氏 国籍 姓名 血缘 性别 身份,性别 姓氏 国籍 姓名 姓 血缘 身份 种族
950,5,0.4787806471930461,0.160221957710479,0.2,图表 图 表格 图片 表,表格 图片 表 图 图表,图 图片 表 表格 图表,图表 图 表格 图片 表
951,19,0.47071269479432803,0.04497746944728904,0.3684210526315789,摄像 相机 拍照 镜头 照片 摄像机 相片 拍摄 影像 照相 摄影 图像,拍摄 拍 视频 照 录像 图像 焦距 照片,拍照 图像 拍摄 摄影师 摄像机 摄像 摄影 照 拍 照片 照相 录像,摄像 相机 拍照 镜头 照片 摄像机 相片 拍摄 影像 照相 摄影 图像 胶片 拍 摄影师 录像 焦距 视频 照
952,4,0.39382624881416,0.011546265586305705,0.25,地图 导航 指南针 图纸,图纸 指南针 地图 导航,图纸 地图 导航 指南针,地图 导航 指南针 图纸
953,4,0.500776645760396,0.18356891981925372,0.0,顺利 成功 圆满 如愿以偿,圆满 如愿以偿 成功 顺利,顺利 成功 如愿以偿 圆满,顺利 成功 圆满 如愿以偿
954,10,0.4852588934783171,0.1414064030992351,0.0,圆珠笔 钢笔 铅笔 毛笔 墨水 字迹 橡皮 字体 纸 笔,笔 橡皮 字体 纸 墨水 字迹 毛笔 铅笔,铅笔 笔 纸 墨水 圆珠笔 毛笔 钢笔 橡皮 字体 字迹,圆珠笔 钢笔 铅笔 毛笔 墨水 字迹 橡皮 字体 纸 笔
955,4,0.4085550176722039,0.03488604291920204,0.5,圈 圈子 界 绕,界 绕 圈子 圈,圈 绕 界 圈子,圈 圈子 界 绕
956,5,0.4837560684144462,0.17166475606394532,0.0,陷阱 圈套 诱饵 迷惑 诱惑,诱饵 迷惑 陷阱 圈套 诱惑,诱惑 圈套 迷惑 诱饵 陷阱,陷阱 圈套 诱饵 迷惑 诱惑
957,2,0.4958053781173939,0.18584788446370734,0.0,土 杂,土 杂,土 杂,土 杂
958,2,0.5330395418609759,0.27491558538932204,0.0,在于 莫过于,莫过于 在于,在于 莫过于,在于 莫过于
959,1,,0.0,0.0,在线,在线,在线,在线
960,1,,0.0,0.0,地,地,地,地
961,16,0.42503489856910753,-0.0008680321421251011,0.5,自来水 饮用水 水管 水源 煤气 污水 管道 地下水 水 燃气 饮水 纯净水,管子 气 饮水 水源 天然气 矿泉水 地下水 煤气,纯净水 矿泉水 污水 水 气 管道 饮用水 地下水 燃气 水管 管子 水源,自来水 饮用水 水管 水源 煤气 污水 管道 地下水 水 燃气 饮水 纯净水 天然气 矿泉水 气 管子
962,3,0.5349895293173098,0.23977221798605872,0.0,地理 地域 地形,地域 地形 地理,地域 地形 地理,地理 地域 地形
963,2,0.45703057692218785,0.09690932711593157,0.0,场 轮,场 轮,场 轮,场 轮
964,7,0.4806467604673637,0.13648650911170557,0.14285714285714285,场面 情景 画面 场景 景象 情节 细节,细节 景象 情节 画面 场景 情景 场面,情节 细节 场面 画面 景象 场景 情景,场面 情景 画面 场景 景象 情节 细节
965,8,0.4562627082635439,0.07117499501474378,0.25,平稳 稳定 稳健 稳 均衡 平衡 稳妥 有序,有序 平衡 稳妥 稳健 均衡 稳 稳定 平稳,稳健 稳定 稳妥 平稳 稳 平衡 有序 均衡,平稳 稳定 稳健 稳 均衡 平衡 稳妥 有序
966,7,0.42275613276940516,0.0421029196746522,0.14285714285714285,糟糕 好 坏 烂 最好 糟 最佳,最佳 烂 最好 坏 糟 糟糕 好,坏 好 糟 烂 糟糕 最好 最佳,糟糕 好 坏 烂 最好 糟 最佳
967,4,0.39279076990101,0.017757033178206177,0.25,屹立 鹤立鸡群 坐落 脱颖而出,脱颖而出 坐落 屹立 鹤立鸡群,坐落 屹立 脱颖而出 鹤立鸡群,屹立 鹤立鸡群 坐落 脱颖而出
968,2,0.45084624980314714,0.12312484294608542,0.0,坑 槽,槽 坑,坑 槽,坑 槽
969,7,0.4075807619162647,0.04600498639749181,0.2857142857142857,颗 片 枚 粒 块 座 大片,大片 座 块 枚 粒 片 颗,块 座 粒 片 枚 颗 大片,颗 片 枚 粒 块 座 大片
970,4,0.47025951716671166,0.10412800964905136,0.25,韧性 质地 弹性 坚硬,坚硬 弹性 质地 韧性,弹性 质地 韧性 坚硬,韧性 质地 弹性 坚硬
971,1,,0.0,0.0,坛,坛,坛,坛
972,12,0.4872497270470566,0.11306369124475435,0.08333333333333333,子弹 炸弹 枪 导弹 武器 炸药 炮 手枪 火药 坦克 弹 核武器,核武器 坦克 炮 火药 弹 枪 导弹 手枪,子弹 弹 坦克 核武器 炮 枪 武器 火药 炸药 导弹 炸弹 手枪,子弹 炸弹 枪 导弹 武器 炸药 炮 手枪 火药 坦克 弹 核武器
973,3,0.418632629356169,0.048433736876042875,0.3333333333333333,垄断 暴利 巨头,巨头 暴利 垄断,暴利 垄断 巨头,垄断 暴利 巨头
974,1,,0.0,0.0,堂,堂,堂,堂
975,3,0.4343485349960084,0.08386620633219803,0.0,瓦 塔 格,格 塔 瓦,塔 瓦 格,瓦 塔 格
976,4,0.3976911061371864,-0.008789897912527395,0.5,挪 抬 扶 塞,塞 抬 扶 挪,塞 扶 抬 挪,挪 抬 扶 塞
977,2,0.4934696940320582,0.17598713994978343,0.0,壮胆 敲边鼓,壮胆 敲边鼓,壮胆 敲边鼓,壮胆 敲边鼓
978,4,0.43892940047016055,0.08265335044005431,0.25,贝壳 海藻 海绵 壳,壳 海绵 海藻 贝壳,壳 海绵 贝壳 海藻,贝壳 海藻 海绵 壳
979,4,0.3905257006326037,0.03524340327045165,0.25,处置 应急 处理 备用,备用 应急 处理 处置,备用 应急 处置 处理,处置 应急 处理 备用
980,5,0.38988821583368727,-0.012298719804289962,0.6,复原 恢复 复活 重新 还原,重新 还原 复活 恢复 复原,恢复 重新 还原 复活 复原,复原 恢复 复活 重新 还原
981,1,,0.0,0.0,复合,复合,复合,复合
982,13,0.43836885790551533,-0.031707017273998266,0.5384615384615384,运输 货运 物流 海运 集装箱 货物 快递 航运 配送 港口 邮政 运送,港口 外卖 货物 运送 邮政 航运 物流 配送,邮政 物流 集装箱 货物 快递 运输 航运 运送 港口 外卖 海运 货运,运输 货运 物流 海运 集装箱 货物 快递 航运 配送 港口 邮政 运送 外卖
983,5,0.5513891517646068,0.27527086736985923,0.0,看上去 看起来 看似 外表 表面,表面 外表 看似 看上去 看起来,看起来 看似 外表 表面 看上去,看上去 看起来 看似 外表 表面
984,1,,0.0,0.0,多亏,多亏,多亏,多亏
985,1,,0.0,0.0,多元,多元,多元,多元
986,15,0.45377788379912215,0.042378330186176774,0.4,工资 薪水 退休金 奖金 生活费 报酬 津贴 待遇 年薪 零花钱 福利 抚恤,抚恤 零花钱 多劳多得 年薪 退休金 小费 抚养费 福利,年薪 退休金 工资 零花钱 奖金 薪水 小费 抚养费 待遇 津贴 福利 多劳多得,工资 薪水 退休金 奖金 生活费 报酬 津贴 待遇 年薪 零花钱 福利 抚恤 小费 抚养费 多劳多得
987,2,0.4633218612180212,0.15216650323451753,0.0,联合国 多边,联合国 多边,多边 联合国,联合国 多边
988,3,0.4197063609554521,0.036431721198258556,0.0,随大溜 大惊小怪 大包大揽,大惊小怪 随大溜 大包大揽,大包大揽 随大溜 大惊小怪,随大溜 大惊小怪 大包大揽
989,3,0.4417550714173459,0.10272899129626345,0.0,天地 大地 天下,大地 天下 天地,大地 天地 天下,天地 大地 天下
990,5,0.31857707202507224,-0.10283075793016971,1.0,无形 无形中 无情 大大 看得见,大大 看得见 无情 无形中 无形,无情 无形 看得见 大大 无形中,无形 无形中 无情 大大 看得见
991,4,0.43821593580278334,0.0962554061320794,0.0,家族 大家庭 家庭 族,家庭 族 大家庭 家族,族 大家庭 家庭 家族,家族 大家庭 家庭 族
992,4,0.5386596648830301,0.25169209822789507,0.0,巨额 高额 大笔 高昂,高昂 大笔 高额 巨额,大笔 高额 高昂 巨额,巨额 高额 大笔 高昂
993,2,0.48196030376613264,0.2044069915428478,0.0,天平 秤,秤 天平,秤 天平,天平 秤
994,3,0.3803759693848976,-0.0011583408509140136,0.6666666666666666,航海 天文 海盗,海盗 天文 航海,海盗 航海 天文,航海 天文 海盗
995,1,,0.0,0.0,天桥,天桥,天桥,天桥
996,2,0.5086722061089957,0.16088600871384573,0.0,太平 平安,平安 太平,太平 平安,太平 平安
997,11,0.4514951403050729,0.0802778674291999,0.2727272727272727,过失 错误 过错 疏忽 错 失误 差错 犯 误 漏 罪,漏 罪 疏忽 误 犯 差错 失误 错误,罪 犯 漏 疏忽 失误 错 误 错误 过错 差错 过失,过失 错误 过错 疏忽 错 失误 差错 犯 误 漏 罪
998,1,,0.0,0.0,头号,头号,头号,头号
999,5,0.4479502616830267,0.06924266760928781,0.2,微博 微信 账号 官方 头条,官方 头条 账号 微信 微博,微信 微博 官方 头条 账号,微博 微信 账号 官方 头条
1000,4,0.38081152385355593,-0.04019682213568198,0.75,收复 夺取 解放 收回,收回 解放 夺取 收复,收回 收复 解放 夺取,收复 夺取 解放 收回
1001,1,,0.0,0.0,奏,奏,奏,奏
1002,10,0.37809532436221605,-0.01060989111526373,0.6,成效 效果 成果 见效 奏效 硕果 成绩 成就 管用 无济于事,无济于事 成就 管用 硕果 成绩 见效 奏效 效果,无济于事 奏效 效果 成就 成绩 成果 成效 管用 硕果 见效,成效 效果 成果 见效 奏效 硕果 成绩 成就 管用 无济于事
1003,7,0.47108722405714465,0.12046688391987768,0.14285714285714285,机遇 契机 机会 时机 转机 转折点 把握,把握 转机 转折点 时机 机会 契机 机遇,时机 机会 把握 契机 转折点 转机 机遇,机遇 契机 机会 时机 转机 转折点 把握
1004,8,0.3668288251902034,-0.026727198421918043,0.375,奔跑 跑 走 赛跑 走路 行走 奔 竞赛,竞赛 奔 走 行走 赛跑 走路 跑 奔跑,奔 竞赛 跑 走 赛跑 奔跑 行走 走路,奔跑 跑 走 赛跑 走路 行走 奔 竞赛
1005,10,0.42506950967788665,0.0038292342368213108,0.4,谜团 谜底 谜 隐情 玄机 奥秘 真相 解开 水落石出 未知数,未知数 解开 水落石出 谜团 玄机 真相 隐情 奥秘,玄机 真相 解开 谜底 谜团 谜 未知数 奥秘 隐情 水落石出,谜团 谜底 谜 隐情 玄机 奥秘 真相 解开 水落石出 未知数
1006,5,0.46692860289091287,0.08766484801219251,0.2,好心 好心人 路人 问路 迷路,迷路 问路 好心 好心人 路人,迷路 好心人 好心 问路 路人,好心 好心人 路人 问路 迷路
1007,1,,0.0,0.0,如意,如意,如意,如意
1008,9,0.4621481763987652,0.08481854241392146,0.1111111111111111,退让 妥协 让步 容忍 屈服 迁就 纵容 投降 放纵,迁就 投降 放纵 容忍 纵容 屈服 退让 让步,妥协 纵容 屈服 投降 放纵 容忍 迁就 让步 退让,退让 妥协 让步 容忍 屈服 迁就 纵容 投降 放纵
1009,3,0.3881342499864446,-0.03181028063122153,0.6666666666666666,简短 短暂 委婉,委婉 短暂 简短,简短 短暂 委婉,简短 短暂 委婉
1010,2,0.4661487694102706,0.11935473593297348,0.0,威风 威力,威风 威力,威风 威力,威风 威力
1011,3,0.46860776385633085,0.1184194398485216,0.0,孕妇 婴儿 让座,让座 婴儿 孕妇,婴儿 孕妇 让座,孕妇 婴儿 让座
1012,1,,0.0,0.0,子,子,子,子
1013,7,0.48408010890201136,0.1537804466093872,0.0,收养 领养 孤儿 收留 流浪 赡养 无家可归,赡养 无家可归 流浪 收留 孤儿 领养 收养,流浪 收留 收养 无家可归 赡养 领养 孤儿,收养 领养 孤儿 收留 流浪 赡养 无家可归
1014,3,0.3894651640559786,0.012790903568737097,0.6666666666666666,排斥 孤立 抵触,孤立 抵触 排斥,抵触 排斥 孤立,排斥 孤立 抵触
1015,7,0.4542251967625667,0.12366804157230114,0.14285714285714285,手艺 技艺 心灵手巧 手工 木匠 祖传 学艺,学艺 祖传 木匠 心灵手巧 手工 技艺 手艺,技艺 祖传 心灵手巧 木匠 手工 学艺 手艺,手艺 技艺 心灵手巧 手工 木匠 祖传 学艺
1016,7,0.4533471825862666,0.13101613986727953,0.2857142857142857,等待 等候 守候 待 等到 守株待兔 排队,排队 守株待兔 待 守候 等到 等候 等待,待 排队 守株待兔 等候 等到 等待 守候,等待 等候 守候 待 等到 守株待兔 排队
1017,1,,0.0,0.0,安,安,安,安
1018,1,,0.0,0.0,安排,安排,安排,安排
1019,11,0.4345979234328436,0.03337106925033137,0.36363636363636365,迁移 搬迁 迁 搬 移民 定居 搬家 转移 移 落户 安置,搬 安置 落户 搬家 移民 移 转移 迁,搬家 移 搬 移民 落户 定居 迁 安置 搬迁 转移 迁移,迁移 搬迁 迁 搬 移民 定居 搬家 转移 移 落户 安置
1020,2,0.4597764596556527,0.1634376905998415,0.0,完美 理想,完美 理想,完美 理想,完美 理想
1021,2,0.6829251862298392,0.4656942057733574,0.0,微观 宏观,微观 宏观,微观 宏观,微观 宏观
1022,1,,0.0,0.0,宗,宗,宗,宗
1023,1,,0.0,0.0,官,官,官,官
1024,3,0.4304783277551169,0.09142865580005329,0.0,错位 定位 换位,定位 换位 错位,错位 定位 换位,错位 定位 换位
1025,1,,0.0,0.0,定向,定向,定向,定向
1026,1,,0.0,0.0,定心丸,定心丸,定心丸,定心丸
1027,9,0.46066672017789223,0.10886822603067464,0.2222222222222222,宝石 钻石 珍珠 水晶 珠宝 戒指 玉 金子 陨石,陨石 玉 金子 戒指 珍珠 珠宝 水晶 宝石,玉 金子 戒指 钻石 陨石 水晶 珠宝 宝石 珍珠,宝石 钻石 珍珠 水晶 珠宝 戒指 玉 金子 陨石
1028,1,,0.0,0.0,宝贝,宝贝,宝贝,宝贝
1029,4,0.3955898105355664,0.03088821375525902,0.5,数字 虚拟 数码 实体,实体 数码 虚拟 数字,数字 实体 数码 虚拟,数字 虚拟 数码 实体
1030,2,0.4530879087463662,0.12203377699156617,0.0,纪实 实况,实况 纪实,实况 纪实,纪实 实况
1031,12,0.46040920001853536,0.10486767254403567,0.16666666666666666,实行 实施 推行 施行 开展 试行 落实 贯彻 采取 进行 执行 搞好,落实 进行 执行 搞好 采取 贯彻 开展 施行,实施 开展 搞好 试行 落实 采取 施行 执行 进行 推行 实行 贯彻,实行 实施 推行 施行 开展 试行 落实 贯彻 采取 进行 执行 搞好
1032,1,,0.0,0.0,实物,实物,实物,实物
1033,3,0.4113693898179682,0.012465335210234246,0.3333333333333333,常用 实用 用法,实用 常用 用法,实用 用法 常用,常用 实用 用法
1034,1,,0.0,0.0,实质,实质,实质,实质
1035,10,0.4384645648679196,0.04344176763621389,0.4,试验 测试 实验 验证 调试 演示 试用 试 实验室 模拟,试用 试 调试 模拟 实验室 演示 试验 测试,调试 测试 模拟 试验 验证 试 实验室 试用 实验 演示,试验 测试 实验 验证 调试 演示 试用 试 实验室 模拟
1036,17,0.4370019497826115,0.041937321941896095,0.35294117647058826,飞机 客机 起飞 降落 航班 飞行 直升机 飞行员 机场 登机 机舱 航空,航空 登机 飞翔 机舱 翅膀 飞 架 跑道,机场 直升机 飞行员 起飞 架 航空 航班 飞翔 飞 飞机 跑道 降落,飞机 客机 起飞 降落 航班 飞行 直升机 飞行员 机场 登机 机舱 航空 架 跑道 飞 飞翔 翅膀
1037,3,0.5501665301984839,0.2197273682105126,0.0,终结 结束 宣告,宣告 终结 结束,宣告 结束 终结,终结 结束 宣告
1038,4,0.5062770374607635,0.20879676013940254,0.0,捉 逮 捕 宰,宰 逮 捕 捉,宰 捕 捉 逮,捉 逮 捕 宰
1039,1,,0.0,0.0,家属,家属,家属,家属
1040,11,0.3811023968686884,-0.03521930861993965,0.6363636363636364,放松 松弛 紧缩 宽松 紧 收缩 松 缩 松绑 麻痹 疲劳,疲劳 麻痹 宽松 松 紧 松绑 收缩 缩,松弛 疲劳 紧 缩 松 收缩 宽松 放松 麻痹 松绑 紧缩,放松 松弛 紧缩 宽松 紧 收缩 松 缩 松绑 麻痹 疲劳
1041,3,0.47885873955592895,0.1670246305888342,0.0,稠密 密集 密,密 密集 稠密,稠密 密 密集,稠密 密集 密
1042,4,0.3983602317058568,0.009927120441439823,0.5,德 福 富 美,富 福 美 德,富 德 福 美,德 福 富 美
1043,3,0.40946631710783427,0.06586029563234237,0.3333333333333333,稀少 寥寥无几 稀,稀 寥寥无几 稀少,稀 稀少 寥寥无几,稀少 寥寥无几 稀
1044,4,0.4326727761832862,0.1050363747674698,0.0,尺 平方 寸 立方,立方 寸 平方 尺,寸 尺 立方 平方,尺 平方 寸 立方
1045,8,0.4378502607120493,0.09742739215788923,0.25,应对 对待 对付 面对 看待 应付 对策 平常心,平常心 对策 对付 面对 应付 看待 对待 应对,对付 看待 对待 对策 面对 应付 应对 平常心,应对 对待 对付 面对 看待 应付 对策 平常心
1046,7,0.3862509045125979,-0.01262228531803715,0.42857142857142855,对准 瞄准 指向 矛头 盯 目标 捂,捂 目标 盯 指向 矛头 瞄准 对准,对准 盯 捂 瞄准 目标 矛头 指向,对准 瞄准 指向 矛头 盯 目标 捂
1047,1,,0.0,0.0,对外,对外,对外,对外
1048,3,0.48877830947871587,0.1413925403576344,0.0,辜负 对得起 得罪,得罪 辜负 对得起,辜负 得罪 对得起,辜负 对得起 得罪
1049,1,,0.0,0.0,对照,对照,对照,对照
1050,8,0.4475573093008242,0.09324512863664104,0.25,结尾 开头 段落 开场白 片段 开场 对白 段,开场 段 片段 对白 开场白 段落 结尾 开头,对白 开场 开头 段 段落 片段 开场白 结尾,结尾 开头 段落 开场白 片段 开场 对白 段
1051,1,,0.0,0.0,对称,对称,对称,对称
1052,5,0.40177742633371577,0.04364673539686841,0.4,谜语 猜谜 趣味 推理 对联,对联 推理 趣味 猜谜 谜语,谜语 趣味 推理 猜谜 对联,谜语 猜谜 趣味 推理 对联
1053,12,0.5043510324005606,0.1453972688387475,0.08333333333333333,寻找 寻觅 寻求 找到 找 寻 探求 找出 搜寻 查找 求 谋求,找出 搜寻 求 寻 查找 谋求 探求 找,谋求 寻 探求 找 求 寻找 寻求 找到 找出 搜寻 寻觅 查找,寻找 寻觅 寻求 找到 找 寻 探求 找出 搜寻 查找 求 谋求
1054,8,0.4774600440364867,0.13873943941287745,0.0,平常 普通人 寻常 常人 普通 平凡 平日 日常,平凡 日常 普通人 平日 寻常 普通 常人 平常,寻常 普通 常人 普通人 平凡 平常 日常 平日,平常 普通人 寻常 常人 普通 平凡 平日 日常
1055,3,0.38510544374332545,-0.015612485962210751,0.6666666666666666,寿命 年限 长寿,年限 长寿 寿命,寿命 长寿 年限,寿命 年限 长寿
1056,3,0.4648256027470333,0.15043414593484086,0.0,封闭 封锁 开放,开放 封锁 封闭,开放 封闭 封锁,封闭 封锁 开放
1057,1,,0.0,0.0,封顶,封顶,封顶,封顶
1058,3,0.47354780108193656,0.17303731416379486,0.0,投射 折射 射,射 折射 投射,射 折射 投射,投射 折射 射
1059,3,0.46212231704842227,0.1220131127984669,0.0,棋子 棋 小卒,小卒 棋 棋子,棋 小卒 棋子,棋子 棋 小卒
1060,3,0.43551648979702534,0.05753277139737787,0.3333333333333333,尝 闻 赐,赐 闻 尝,尝 闻 赐,尝 闻 赐
1061,2,0.4760914820952784,0.1599557023973274,0.0,尽 尽情,尽情 尽,尽 尽情,尽 尽情
1062,3,0.42082762617766867,0.03764139063800393,0.3333333333333333,尽头 终点 深处,终点 深处 尽头,尽头 深处 终点,尽头 终点 深处
1063,1,,0.0,0.0,局,局,局,局
1064,1,,0.0,0.0,局部,局部,局部,局部
1065,6,0.43679205658390274,0.0762304399891603,0.3333333333333333,迭起 此起彼伏 连绵 愈演愈烈 层出不穷 起伏,起伏 层出不穷 愈演愈烈 连绵 迭起 此起彼伏,迭起 起伏 愈演愈烈 连绵 此起彼伏 层出不穷,迭起 此起彼伏 连绵 愈演愈烈 层出不穷 起伏
1066,1,,0.0,0.0,居高临下,居高临下,居高临下,居高临下
1067,2,0.4602753541329301,0.18544071908420623,0.0,属 科,科 属,属 科,属 科
1068,1,,0.0,0.0,岸,岸,岸,岸
1069,4,0.44246332581927716,0.06507143773987542,0.25,工商界 文艺界 知识分子 工会,工会 知识分子 文艺界 工商界,工商界 知识分子 工会 文艺界,工商界 文艺界 知识分子 工会
1070,2,0.5376567931764115,0.1758832894322319,0.0,工作 工作量,工作 工作量,工作量 工作,工作 工作量
1071,1,,0.0,0.0,工作日,工作日,工作日,工作日
1072,8,0.41612914907352067,0.05125015713050781,0.25,早已 已经 已 早就 正在 正 早 盘,盘 早 正在 正 早就 已经 已 早已,已经 已 盘 早 正 早已 早就 正在,早已 已经 已 早就 正在 正 早 盘
1073,5,0.4524513977100251,0.07406723249368281,0.2,结构 形态 格局 构造 布局,布局 构造 形态 格局 结构,构造 布局 形态 结构 格局,结构 形态 格局 构造 布局
1074,10,0.4233137836095169,0.05445097780542395,0.2,放置 摆放 设置 布置 摆 摆设 设 置 悬挂 放,布置 放 悬挂 摆 设 摆设 设置 置,摆放 置 摆 放 放置 设 悬挂 摆设 布置 设置,放置 摆放 设置 布置 摆 摆设 设 置 悬挂 放
1075,1,,0.0,0.0,帆,帆,帆,帆
1076,1,,0.0,0.0,帐篷,帐篷,帐篷,帐篷
1077,7,0.413880736635251,0.0552374116179271,0.2857142857142857,背着 挎 背 带 携带 驮 戴,戴 驮 带 携带 背 挎 背着,背着 带 戴 挎 驮 背 携带,背着 挎 背 带 携带 驮 戴
1078,1,,0.0,0.0,带路,带路,带路,带路
1079,5,0.4852861918696105,0.17022762702210387,0.0,率领 带队 带领 派出 派,派 派出 带领 带队 率领,派 率领 带领 带队 派出,率领 带队 带领 派出 派
1080,4,0.4120027519478331,0.028501372552893967,0.25,正常 常规 正规 常态,正规 常态 正常 常规,常态 正规 常规 正常,正常 常规 正规 常态
1081,1,,0.0,0.0,幕,幕,幕,幕
1082,1,,0.0,0.0,平,平,平,平
1083,4,0.38688436965408873,-0.007443996731550609,0.75,平台 渠道 通道 系统,系统 通道 渠道 平台,通道 系统 渠道 平台,平台 渠道 通道 系统
1084,4,0.40214328476868183,0.037049356151603,0.5,相提并论 无关 挂钩 并列,挂钩 并列 无关 相提并论,并列 无关 挂钩 相提并论,相提并论 无关 挂钩 并列
1085,4,0.37419928882629433,0.005351092431894449,0.75,广泛 持久 长效 广,长效 持久 广 广泛,持久 广 广泛 长效,广泛 持久 长效 广
1086,1,,0.0,0.0,广义,广义,广义,广义
1087,3,0.5318716435155434,0.25221614928823377,0.0,纬度 经度 度,度 纬度 经度,度 纬度 经度,纬度 经度 度
1088,8,0.4516670488861783,0.08856449191778439,0.25,穿过 越过 渡过 穿越 跨越 走过 度过 沿,跨越 沿 穿越 度过 走过 渡过 穿过 越过,跨越 沿 度过 越过 渡过 穿过 穿越 走过,穿过 越过 渡过 穿越 跨越 走过 度过 沿
1089,1,,0.0,0.0,延,延,延,延
1090,5,0.4351623150594589,0.04370788764219778,0.0,覆盖 涵盖 延伸 贯穿 辐射,辐射 延伸 贯穿 涵盖 覆盖,覆盖 延伸 辐射 涵盖 贯穿,覆盖 涵盖 延伸 贯穿 辐射
1091,10,0.47290952590536806,0.06353039635855293,0.3,推迟 拖延 耽搁 延期 耽误 延误 延缓 延长 迟到 搁置,搁置 延长 耽误 迟到 延期 延误 耽搁 延缓,搁置 延缓 耽搁 延期 迟到 延长 延误 推迟 耽误 拖延,推迟 拖延 耽搁 延期 耽误 延误 延缓 延长 迟到 搁置
1092,2,0.7100534530121425,0.522923615565059,0.0,开张 开业,开业 开张,开业 开张,开张 开业
1093,14,0.46228590001483677,0.07973932265336496,0.21428571428571427,支出 开支 经费 费用 预算 开销 拨款 财政 收支 赤字 财力 补助,补助 财政 成本 费 费用 财力 开销 赤字,补助 开销 赤字 开支 经费 收支 财力 财政 成本 费 支出 拨款,支出 开支 经费 费用 预算 开销 拨款 财政 收支 赤字 财力 补助 费 成本
1094,1,,0.0,0.0,开机,开机,开机,开机
1095,7,0.4467208134232117,0.06258441615816385,0.14285714285714285,萌发 芽 萌芽 开花 生长 果实 种子,生长 种子 果实 开花 芽 萌芽 萌发,开花 生长 萌发 种子 果实 芽 萌芽,萌发 芽 萌芽 开花 生长 果实 种子
1096,1,,0.0,0.0,式,式,式,式
1097,7,0.38577488296572005,-0.0003412970036947135,0.5714285714285714,融入 引入 注入 融合 引进 纳入 渗透,渗透 纳入 融合 引进 注入 引入 融入,引进 纳入 渗透 融合 融入 引入 注入,融入 引入 注入 融合 引进 纳入 渗透
1098,2,0.4617778424592064,0.1453682783049316,0.0,转载 引用,引用 转载,转载 引用,转载 引用
1099,1,,0.0,0.0,张,张,张,张
1100,2,0.5096359126833356,0.2722059478984476,0.0,张扬 能人,张扬 能人,能人 张扬,张扬 能人
1101,6,0.4175087680015116,0.01563649192018669,0.16666666666666666,洋溢 散发 弥漫 扑面而来 流露 朝气蓬勃,朝气蓬勃 散发 流露 弥漫 扑面而来 洋溢,流露 朝气蓬勃 扑面而来 洋溢 散发 弥漫,洋溢 散发 弥漫 扑面而来 流露 朝气蓬勃
1102,6,0.45321240712023436,0.09457117864312269,0.16666666666666666,强迫 强行 强制 强加 被迫 施加,施加 被迫 强加 强行 强制 强迫,被迫 强制 强加 施加 强行 强迫,强迫 强行 强制 强加 被迫 施加
1103,11,0.3545964446468437,-0.029818748371803993,0.6363636363636364,浓厚 氛围 浓重 气氛 浓 烘托 鲜明 强烈 环境 特色 条件,条件 特色 烘托 环境 鲜明 强烈 浓 气氛,气氛 鲜明 条件 浓 浓重 强烈 烘托 氛围 环境 特色 浓厚,浓厚 氛围 浓重 气氛 浓 烘托 鲜明 强烈 环境 特色 条件
1104,5,0.3733569535602297,0.015972571082762215,0.6,归属 归 母 扣 管辖,母 扣 管辖 归 归属,归 扣 母 管辖 归属,归属 归 母 扣 管辖
1105,7,0.460318534377694,0.1601562654126942,0.0,脚印 足迹 脚步 痕迹 身影 轨迹 影子,轨迹 脚步 身影 痕迹 影子 脚印 足迹,痕迹 脚印 脚步 足迹 影子 轨迹 身影,脚印 足迹 脚步 痕迹 身影 轨迹 影子
1106,1,,0.0,0.0,征,征,征,征
1107,6,0.4415035687401448,0.05156922430153051,0.5,搜集 收集 采集 征集 素材 采,采 素材 征集 搜集 采集 收集,征集 采集 素材 收集 采 搜集,搜集 收集 采集 征集 素材 采
1108,2,0.45325862108539927,0.09015367169213849,0.0,雪上加霜 得不偿失,得不偿失 雪上加霜,雪上加霜 得不偿失,雪上加霜 得不偿失
1109,3,0.49980228989000713,0.19209095468675694,0.0,慢慢来 循序渐进 顺其自然,顺其自然 循序渐进 慢慢来,顺其自然 循序渐进 慢慢来,慢慢来 循序渐进 顺其自然
1110,9,0.468756106442884,0.1134433451902223,0.1111111111111111,心中 心里 眼里 脑海 眼前 面前 手里 心目 身上,身上 手里 眼前 心目 面前 心里 脑海 眼里,眼里 心目 心中 面前 眼前 心里 手里 脑海 身上,心中 心里 眼里 脑海 眼前 面前 手里 心目 身上
1111,13,0.44432105019931684,0.10713547799813422,0.23076923076923078,绝招 诀窍 秘诀 窍门 招数 技巧 绝技 要领 秘方 心得 要点 计策,招 计策 要点 绝技 心得 招数 要领 技巧,绝技 绝招 招 诀窍 心得 技巧 计策 要点 窍门 秘方 招数 秘诀,绝招 诀窍 秘诀 窍门 招数 技巧 绝技 要领 秘方 心得 要点 计策 招
1112,2,0.4910457468153878,0.12311906368853713,0.0,急 心急如焚,心急如焚 急,急 心急如焚,急 心急如焚
1113,1,,0.0,0.0,心爱,心爱,心爱,心爱
1114,9,0.46070156841811855,0.08794757093174403,0.3333333333333333,眼光 视野 目光 视角 视线 眼界 心胸 注视 角度,注视 角度 心胸 视线 眼界 目光 视角 眼光,注视 视线 眼界 目光 眼光 视角 视野 角度 心胸,眼光 视野 目光 视角 视线 眼界 心胸 注视 角度
1115,1,,0.0,0.0,必,必,必,必
1116,3,0.39705297015444335,0.0361266332037556,0.6666666666666666,献血 志愿者 输血,志愿者 输血 献血,献血 输血 志愿者,献血 志愿者 输血
1117,2,0.6035515667622016,0.37917777950379233,0.0,忠实 忠于,忠于 忠实,忠实 忠于,忠实 忠于
1118,4,0.48935505846404254,0.16638718316082826,0.0,慢 快 迟 缓,迟 缓 慢 快,快 缓 慢 迟,慢 快 迟 缓
1119,3,0.4583931103365421,0.12444851405863004,0.3333333333333333,炒作 投机 忽悠,忽悠 投机 炒作,忽悠 炒作 投机,炒作 投机 忽悠
1120,3,0.45171848734914777,0.13450486215133264,0.0,旧 老 怀旧,怀旧 旧 老,旧 老 怀旧,旧 老 怀旧
1121,7,0.5108823280360792,0.22552654902980557,0.0,示威 抗议 罢工 游行 骚乱 怠工 暴力,暴力 骚乱 怠工 游行 抗议 罢工 示威,罢工 示威 游行 抗议 暴力 骚乱 怠工,示威 抗议 罢工 游行 骚乱 怠工 暴力
1122,4,0.4508646088179358,0.11264809513265005,0.0,总体 整体 综合 总,综合 总 整体 总体,总体 总 整体 综合,总体 整体 综合 总
1123,1,,0.0,0.0,总部,总部,总部,总部
1124,1,,0.0,0.0,悬念,悬念,悬念,悬念
1125,10,0.44670754115298145,0.03991461853167081,0.3,醒 惊醒 醒悟 觉醒 苏醒 清醒 酣睡 醉 觉悟 昏,觉悟 醉 昏 惊醒 酣睡 醒 清醒 醒悟,酣睡 昏 觉悟 醉 醒 苏醒 清醒 醒悟 觉醒 惊醒,醒 惊醒 醒悟 觉醒 苏醒 清醒 酣睡 醉 觉悟 昏
1126,1,,0.0,0.0,惯,惯,惯,惯
1127,1,,0.0,0.0,惯性,惯性,惯性,惯性
1128,3,0.40325789934861533,0.025755310407593674,0.6666666666666666,饶 赖 惹,赖 惹 饶,惹 饶 赖,饶 赖 惹
1129,5,0.4165513928739518,0.0690710755741284,0.2,意愿 意向 积极性 热情 计划,计划 热情 意向 积极性 意愿,热情 积极性 意向 意愿 计划,意愿 意向 积极性 热情 计划
1130,1,,0.0,0.0,愚公移山,愚公移山,愚公移山,愚公移山
1131,1,,0.0,0.0,慰劳,慰劳,慰劳,慰劳
1132,3,0.3771693037686183,0.009101746042428235,0.6666666666666666,成型 成熟 铸造,铸造 成熟 成型,成型 成熟 铸造,成型 成熟 铸造
1133,2,0.559080023023271,0.3033460162339029,0.0,成长 成才,成才 成长,成长 成才,成长 成才
1134,1,,0.0,0.0,成问题,成问题,成问题,成问题
1135,4,0.5056813077000518,0.1931577631013756,0.0,蓝图 构想 规划 战略,战略 规划 构想 蓝图,蓝图 规划 战略 构想,蓝图 构想 规划 战略
1136,4,0.4306496226031016,0.035213251670862644,0.25,拦 挡 遮 截,遮 截 挡 拦,截 拦 挡 遮,拦 挡 遮 截
1137,1,,0.0,0.0,戳,戳,戳,戳
1138,1,,0.0,0.0,所,所,所,所
1139,4,0.42586327927595463,0.048762125484308305,0.25,自动 自行 自主 手动,自主 手动 自动 自行,自行 手动 自主 自动,自动 自行 自主 手动
1140,4,0.44463009112032914,0.12917303021754337,0.0,根深蒂固 深深 扎根 深入人心,深入人心 深深 扎根 根深蒂固,深入人心 根深蒂固 扎根 深深,根深蒂固 深深 扎根 深入人心
1141,4,0.4248203673850186,0.07443143790915537,0.25,游戏 扑克 麻将 社交,社交 游戏 麻将 扑克,游戏 麻将 扑克 社交,游戏 扑克 麻将 社交
1142,5,0.5078322553758825,0.1693580020455463,0.0,消灭 摧毁 打倒 粉碎 敌人,敌人 摧毁 打倒 消灭 粉碎,摧毁 消灭 打倒 敌人 粉碎,消灭 摧毁 打倒 粉碎 敌人
1143,5,0.46152325150996915,0.1347165384183766,0.2,询问 追问 求证 打听 澄清,澄清 打听 求证 追问 询问,询问 追问 澄清 打听 求证,询问 追问 求证 打听 澄清
1144,8,0.4475416605171283,0.05663142344019593,0.25,积累 积淀 沉淀 累积 积蓄 攒 积 打磨,打磨 积 攒 积淀 积蓄 沉淀 累积 积累,积 攒 累积 沉淀 积淀 积累 打磨 积蓄,积累 积淀 沉淀 累积 积蓄 攒 积 打磨
1145,1,,0.0,0.0,扬,扬,扬,扬
1146,1,,0.0,0.0,批发,批发,批发,批发
1147,3,0.6026286219232133,0.3517102649918733,0.0,牢牢 紧紧 抓住,抓住 紧紧 牢牢,抓住 紧紧 牢牢,牢牢 紧紧 抓住
1148,1,,0.0,0.0,投,投,投,投
1149,1,,0.0,0.0,折叠,折叠,折叠,折叠
1150,1,,0.0,0.0,报,报,报,报
1151,3,0.5031639117878199,0.17394890596607016,0.0,记者 采访 报道,报道 采访 记者,采访 记者 报道,记者 采访 报道
1152,2,0.5063456111833182,0.18276323801697036,0.0,自费 报销,自费 报销,自费 报销,自费 报销
1153,1,,0.0,0.0,担,担,担,担
1154,1,,0.0,0.0,拆,拆,拆,拆
1155,2,0.48436339216308133,0.15814918327625882,0.0,招标 拍卖,拍卖 招标,招标 拍卖,招标 拍卖
1156,1,,0.0,0.0,拍戏,拍戏,拍戏,拍戏
1157,7,0.443480812088887,0.042981143396964745,0.2857142857142857,符号 记号 标志 标示 标签 象征 括号,括号 象征 标签 标示 标志 记号 符号,标志 标签 标示 象征 括号 记号 符号,符号 记号 标志 标示 标签 象征 括号
1158,2,0.46041279998210904,0.12075269979920057,0.0,括弧 省略,括弧 省略,省略 括弧,括弧 省略
1159,2,0.5129748897474893,0.23351932818287346,0.0,持有 持,持有 持,持有 持,持有 持
1160,1,,0.0,0.0,指,指,指,指
1161,4,0.4397520432316591,0.08365007185861534,0.25,特定 特殊 特有 指定,指定 特有 特殊 特定,指定 特定 特殊 特有,特定 特殊 特有 指定
1162,4,0.49443947168078956,0.1676572415008945,0.0,旁观 袖手旁观 看热闹 指手画脚,指手画脚 看热闹 袖手旁观 旁观,旁观 看热闹 袖手旁观 指手画脚,旁观 袖手旁观 看热闹 指手画脚
1163,2,0.45593523411643866,0.1000633223258436,0.0,指标 指数,指数 指标,指标 指数,指标 指数
1164,5,0.5185902027792515,0.2118164204471021,0.2,选 挑选 选择 挑 选项,选项 挑 选择 挑选 选,选择 挑 选 挑选 选项,选 挑选 选择 挑 选项
1165,2,0.6477428232272453,0.43741793583899125,0.0,苛刻 挑剔,挑剔 苛刻,挑剔 苛刻,苛刻 挑剔
1166,3,0.4212957985278609,0.027562140225379422,0.3333333333333333,挽 搭 梳,搭 梳 挽,搭 挽 梳,挽 搭 梳
1167,2,0.4693532389943338,0.16978591959308928,0.0,据 据此,据 据此,据此 据,据 据此
1168,5,0.32894292860634905,-0.08415769426146594,1.0,看好 推荐 推 看中 掀,掀 看好 看中 推 推荐,看好 看中 掀 推 推荐,看好 推荐 推 看中 掀
1169,6,0.44205594876702536,0.06577751361258173,0.3333333333333333,追逐 追赶 追求 追 追随 掉队,掉队 追随 追求 追 追赶 追逐,追逐 追随 追赶 追求 掉队 追,追逐 追赶 追求 追 追随 掉队
1170,2,0.5475189433526335,0.26093823740336536,0.0,试探 探,探 试探,探 试探,试探 探
1171,3,0.4939062736739191,0.1871802431534133,0.0,接班 接班人 接手,接班人 接手 接班,接班人 接手 接班,接班 接班人 接手
1172,10,0.43185017458862557,0.039858238422178595,0.3,相连 贯通 相通 连接 衔接 接轨 直达 纵横交错 通往 脱节,脱节 通往 衔接 直达 纵横交错 接轨 贯通 相通,通往 贯通 连接 脱节 相通 直达 相连 纵横交错 衔接 接轨,相连 贯通 相通 连接 衔接 接轨 直达 纵横交错 通往 脱节
1173,1,,0.0,0.0,措手不及,措手不及,措手不及,措手不及
1174,5,0.3737847759998095,-0.03447141542279615,0.6,精练 提炼 精 炼 通顺,通顺 炼 精 提炼 精练,精 炼 通顺 提炼 精练,精练 提炼 精 炼 通顺
1175,4,0.36299592617602855,-0.011180626573992235,0.5,提示 点评 风险 评,风险 评 提示 点评,提示 点评 评 风险,提示 点评 风险 评
1176,1,,0.0,0.0,插,插,插,插
1177,2,0.4527449111192283,0.11681637019261812,0.0,揭 晒,晒 揭,晒 揭,揭 晒
1178,1,,0.0,0.0,搁浅,搁浅,搁浅,搁浅
1179,1,,0.0,0.0,搜,搜,搜,搜
1180,3,0.435551182905108,0.11476704699785878,0.0,默契 磨合 搭档,搭档 磨合 默契,磨合 搭档 默契,默契 磨合 搭档
1181,1,,0.0,0.0,撇,撇,撇,撇
1182,2,0.4508732247179872,0.10239394855440373,0.0,操作 策略,操作 策略,操作 策略,操作 策略
1183,1,,0.0,0.0,攀,攀,攀,攀
1184,1,,0.0,0.0,收,收,收,收
1185,4,0.4387688927410622,0.07673288424773925,0.25,混 混合 改 纯,纯 改 混合 混,纯 改 混 混合,混 混合 改 纯
1186,3,0.4578215520865199,0.11045378033229782,0.3333333333333333,版 改版 电子版,电子版 改版 版,版 改版 电子版,版 改版 电子版
1187,1,,0.0,0.0,改良,改良,改良,改良
1188,6,0.4345899578756819,0.05364636423187888,0.3333333333333333,死心 死心塌地 痴心 遂心 罢休 改邪归正,改邪归正 痴心 罢休 遂心 死心塌地 死心,罢休 死心塌地 痴心 死心 遂心 改邪归正,死心 死心塌地 痴心 遂心 罢休 改邪归正
1189,1,,0.0,0.0,放大,放大,放大,放大
1190,2,0.4600385341686992,0.1438183616913115,0.0,放水 闸,闸 放水,放水 闸,放水 闸
1191,3,0.4639878353841032,0.07830113646475308,0.0,政策 补贴 政府,政府 补贴 政策,补贴 政府 政策,政策 补贴 政府
1192,3,0.4134274740316248,0.051746886611420316,0.6666666666666666,政治 经济 时事,时事 经济 政治,经济 时事 政治,政治 经济 时事
1193,1,,0.0,0.0,效力,效力,效力,效力
1194,2,0.46760590295726334,0.16267028558862173,0.0,训 教,教 训,教 训,训 教
1195,1,,0.0,0.0,教育部,教育部,教育部,教育部
1196,1,,0.0,0.0,散,散,散,散
1197,2,0.48920097204006197,0.16805967483316941,0.0,整个 整,整 整个,整 整个,整个 整
1198,1,,0.0,0.0,整数,整数,整数,整数
1199,2,0.5478719884856069,0.31592624764057997,0.0,整理 梳理,梳理 整理,整理 梳理,整理 梳理
1200,1,,0.0,0.0,文,文,文,文
1201,3,0.45972105573992433,0.09583883611826378,0.0,文件 附件 格式,格式 附件 文件,附件 文件 格式,文件 附件 格式
1202,1,,0.0,0.0,料,料,料,料
1203,3,0.42515795435951803,0.07139683697093484,0.3333333333333333,断断续续 间断 隐约,隐约 间断 断断续续,断断续续 间断 隐约,断断续续 间断 隐约
1204,3,0.389470844231901,0.00040135352465663597,0.6666666666666666,新款 苹果 系列,系列 苹果 新款,苹果 新款 系列,新款 苹果 系列
1205,1,,0.0,0.0,新生,新生,新生,新生
1206,11,0.45862843014702986,0.07262496334898232,0.18181818181818182,波涛 风浪 波浪 风暴 暴风骤雨 汹涌 暴风雨 波澜 浪 旋涡 风波,汹涌 风波 旋涡 波澜 风暴 暴风骤雨 浪 暴风雨,汹涌 浪 波涛 波浪 波澜 暴风雨 暴风骤雨 风浪 风波 风暴 旋涡,波涛 风浪 波浪 风暴 暴风骤雨 汹涌 暴风雨 波澜 浪 旋涡 风波
1207,5,0.4024032738788497,0.0371800257944059,0.4,自愿 自发 无偿 自觉 无条件,无条件 自觉 无偿 自发 自愿,无条件 无偿 自觉 自愿 自发,自愿 自发 无偿 自觉 无条件
1208,1,,0.0,0.0,无可奉告,无可奉告,无可奉告,无可奉告
1209,3,0.5949135578212419,0.3601996296760505,0.0,无限 无穷 无边,无边 无限 无穷,无边 无限 无穷,无限 无穷 无边
1210,3,0.43765132654790756,0.12496041532531905,0.0,无缘 缺席 止步,止步 缺席 无缘,无缘 止步 缺席,无缘 缺席 止步
1211,2,0.47065906026710425,0.1436394588243378,0.0,日历 菜单,菜单 日历,菜单 日历,日历 菜单
1212,5,0.41067681807066425,0.027444655362884755,0.4,日程 时间表 时间 日期 议程,时间 议程 日期 日程 时间表,日程 日期 时间 议程 时间表,日程 时间表 时间 日期 议程
1213,1,,0.0,0.0,早晚,早晚,早晚,早晚
1214,1,,0.0,0.0,旭日,旭日,旭日,旭日
1215,4,0.4110617324322874,0.03662118215582286,0.25,阶段 环节 过程 时段,时段 过程 环节 阶段,时段 环节 阶段 过程,阶段 环节 过程 时段
1216,1,,0.0,0.0,时速,时速,时速,时速
1217,7,0.43863272326553665,0.05783165107047549,0.14285714285714285,精明 机智 明智 足智多谋 远见 高明 智慧,智慧 远见 机智 足智多谋 高明 明智 精明,明智 智慧 足智多谋 高明 远见 精明 机智,精明 机智 明智 足智多谋 远见 高明 智慧
1218,1,,0.0,0.0,星座,星座,星座,星座
1219,1,,0.0,0.0,映,映,映,映
1220,2,0.5566399611923161,0.2798228992325997,0.0,是非 非,是非 非,是非 非,是非 非
1221,4,0.46897485149596013,0.14569500563505455,0.0,裸露 露 暴露 裸,裸 暴露 露 裸露,露 裸 裸露 暴露,裸露 露 暴露 裸
1222,1,,0.0,0.0,月票,月票,月票,月票
1223,2,0.592253820348912,0.3099225299997182,0.0,有效 有力,有力 有效,有效 有力,有效 有力
1224,3,0.47144521190469346,0.13995473187144125,0.0,有毒 毒 残留,残留 毒 有毒,毒 有毒 残留,有毒 毒 残留
1225,1,,0.0,0.0,有的放矢,有的放矢,有的放矢,有的放矢
1226,4,0.37702315453990193,-0.006311805697016618,0.75,金 银 黄金 服,服 黄金 银 金,黄金 服 金 银,金 银 黄金 服
1227,9,0.4119211977054963,0.007264045548674973,0.4444444444444444,运营 运作 经营 运行 运转 管理 销售 营业 服务,销售 营业 服务 管理 运转 经营 运行 运作,运作 营业 经营 管理 服务 运转 运行 销售 运营,运营 运作 经营 运行 运转 管理 销售 营业 服务
1228,2,0.4885321268262597,0.21630947399263653,0.0,期末 末,期末 末,末 期末,期末 末
1229,1,,0.0,0.0,末日,末日,末日,末日
1230,1,,0.0,0.0,本,本,本,本
1231,2,0.6002899490008009,0.38735539209104375,0.0,本身 自身,本身 自身,自身 本身,本身 自身
1232,14,0.45698344193478513,0.10183228274296574,0.07142857142857142,荷花 菊花 盛开 牡丹 桃花 玫瑰 梅花 花瓣 鲜花 花卉 花 朵,花卉 朵 花瓣 花 芦花 百合 鲜花 牡丹,朵 梅花 牡丹 桃花 百合 花瓣 芦花 盛开 花卉 荷花 玫瑰 花,荷花 菊花 盛开 牡丹 桃花 玫瑰 梅花 花瓣 鲜花 花卉 花 朵 百合 芦花
1233,6,0.44903003254671425,0.10134781363788638,0.0,计算机 软件 硬件 机器 机械 芯片,芯片 机器 机械 硬件 计算机 软件,机器 软件 计算机 硬件 芯片 机械,计算机 软件 硬件 机器 机械 芯片
1234,1,,0.0,0.0,机构,机构,机构,机构
1235,4,0.39282525822399966,0.007721550888173112,0.5,黑心 黑手 杀手 良心,杀手 良心 黑手 黑心,良心 杀手 黑心 黑手,黑心 黑手 杀手 良心
1236,4,0.42371874882106875,0.012715490744418897,0.5,过滤 筛选 筛 杀毒,杀毒 筛选 过滤 筛,筛选 筛 杀毒 过滤,过滤 筛选 筛 杀毒
1237,1,,0.0,0.0,权威,权威,权威,权威
1238,8,0.48592898686584757,0.13034098027093186,0.0,练习 训练 练 锻炼 演练 跑步 演习 杠铃,杠铃 跑步 演习 练 演练 训练 锻炼 练习,练 跑步 锻炼 杠铃 训练 练习 演习 演练,练习 训练 练 锻炼 演练 跑步 演习 杠铃
1239,5,0.42301955732790936,0.00983592126411663,0.4,篇 项 条 种 页,页 种 篇 项 条,种 篇 条 项 页,篇 项 条 种 页
1240,1,,0.0,0.0,板,板,板,板
1241,1,,0.0,0.0,标,标,标,标
1242,2,0.4799780173434608,0.16778952551900356,0.0,脊梁 栋梁,脊梁 栋梁,脊梁 栋梁,脊梁 栋梁
1243,1,,0.0,0.0,栏,栏,栏,栏
1244,1,,0.0,0.0,校园,校园,校园,校园
1245,1,,0.0,0.0,核,核,核,核
1246,1,,0.0,0.0,框,框,框,框
1247,1,,0.0,0.0,档,档,档,档
1248,1,,0.0,0.0,桩,桩,桩,桩
1249,1,,0.0,0.0,榨,榨,榨,榨
1250,1,,0.0,0.0,歇,歇,歇,歇
1251,1,,0.0,0.0,止,止,止,止
1252,1,,0.0,0.0,此致,此致,此致,此致
1253,4,0.44644213103331015,0.09533917474156661,0.0,步骤 程序 流程 步,步 流程 步骤 程序,流程 步骤 程序 步,步骤 程序 流程 步
1254,1,,0.0,0.0,每,每,每,每
1255,1,,0.0,0.0,毛,毛,毛,毛
1256,2,0.4665312815896543,0.14307169258933797,0.0,舆论 民意,民意 舆论,民意 舆论,舆论 民意
1257,1,,0.0,0.0,民用,民用,民用,民用
1258,1,,0.0,0.0,民间,民间,民间,民间
1259,9,0.4557520553646863,0.08594651701434855,0.1111111111111111,污秽 粪便 灰尘 泥土 粪 臭 气味 脏 细菌,细菌 脏 气味 泥土 粪 臭 粪便 灰尘,气味 污秽 粪 细菌 臭 脏 泥土 粪便 灰尘,污秽 粪便 灰尘 泥土 粪 臭 气味 脏 细菌
1260,6,0.3818040244185917,-0.020679733554695646,0.5,热气球 滑梯 气球 风筝 龙舟 电梯,电梯 龙舟 风筝 气球 滑梯 热气球,气球 龙舟 滑梯 热气球 电梯 风筝,热气球 滑梯 气球 风筝 龙舟 电梯
1261,3,0.43811465083921136,0.09037548042186383,0.6666666666666666,预报 气象 预告,预告 气象 预报,预报 预告 气象,预报 气象 预告
1262,2,0.7750196620386499,0.6355714703870012,0.0,水准 水平,水准 水平,水准 水平,水准 水平
1263,8,0.4232596797555613,0.0670821739230094,0.125,陶瓷 水泥 玻璃 砖 瓷 混凝土 窑 非金属,非金属 玻璃 砖 窑 瓷 混凝土 水泥 陶瓷,砖 窑 瓷 陶瓷 玻璃 混凝土 水泥 非金属,陶瓷 水泥 玻璃 砖 瓷 混凝土 窑 非金属
1264,1,,0.0,0.0,汇,汇,汇,汇
1265,3,0.41805804820471454,-0.005748378968341867,0.6666666666666666,江 渡 海,海 渡 江,渡 江 海,江 渡 海
1266,1,,0.0,0.0,汪洋,汪洋,汪洋,汪洋
1267,3,0.5443409603596131,0.24662837827433046,0.0,汽油 燃油 油,油 燃油 汽油,油 汽油 燃油,汽油 燃油 油
1268,3,0.45778190374287897,0.07149897900589308,0.3333333333333333,首府 首都 河畔,河畔 首都 首府,河畔 首府 首都,首府 首都 河畔
1269,2,0.4568051598075551,0.12978348607713508,0.0,膨胀 泡沫,膨胀 泡沫,膨胀 泡沫,膨胀 泡沫
1270,7,0.45583618238337464,0.06917884713490363,0.2857142857142857,粘 黏 稠 湿 泥 滑 蜡,蜡 泥 滑 湿 稠 粘 黏,稠 粘 湿 滑 泥 黏 蜡,粘 黏 稠 湿 泥 滑 蜡
1271,1,,0.0,0.0,注,注,注,注
1272,1,,0.0,0.0,注册,注册,注册,注册
1273,1,,0.0,0.0,洋,洋,洋,洋
1274,1,,0.0,0.0,流域,流域,流域,流域
1275,1,,0.0,0.0,流水,流水,流水,流水
1276,1,,0.0,0.0,流通,流通,流通,流通
1277,5,0.4294778651179449,0.09924363785381239,0.0,深 深度 纵深 深入 浅,深入 深 浅 纵深 深度,纵深 浅 深 深入 深度,深 深度 纵深 深入 浅
1278,1,,0.0,0.0,消,消,消,消
1279,1,,0.0,0.0,消费,消费,消费,消费
1280,3,0.46473435382331024,0.17049270422670956,0.0,退出 淘汰 退役,退出 淘汰 退役,退出 退役 淘汰,退出 淘汰 退役
1281,1,,0.0,0.0,清,清,清,清
1282,1,,0.0,0.0,港,港,港,港
1283,1,,0.0,0.0,滚动,滚动,滚动,滚动
1284,1,,0.0,0.0,滨海,滨海,滨海,滨海
1285,5,0.40853458801773856,0.0157105929442056,0.4,熏陶 潜移默化 灌输 陶冶 灌,灌 陶冶 潜移默化 灌输 熏陶,熏陶 灌 陶冶 潜移默化 灌输,熏陶 潜移默化 灌输 陶冶 灌
1286,1,,0.0,0.0,火山,火山,火山,火山
1287,18,0.449193964454384,0.0694030535670659,0.2777777777777778,焰火 灯 蜡烛 鞭炮 烟花 烟火 爆竹 燃放 电灯 灯笼 灯光 灯泡,灯光 灯笼 香烟 照明 烟 灯 盏 火柴,烟 灯 盏 烟火 烟花 照明 电灯 蜡烛 香烟 火柴 焰火 燃放,焰火 灯 蜡烛 鞭炮 烟花 烟火 爆竹 燃放 电灯 灯笼 灯光 灯泡 火柴 路灯 香烟 盏 烟 照明
1288,5,0.39905555857966507,0.02645686200365403,0.4,魂 灵魂 灵 血脉 玄,玄 血脉 灵 灵魂 魂,灵 玄 血脉 魂 灵魂,魂 灵魂 灵 血脉 玄
1289,1,,0.0,0.0,灵通,灵通,灵通,灵通
1290,4,0.458833371435824,0.12637073812891897,0.0,股票 股市 股 炒股,炒股 股 股票 股市,炒股 股票 股市 股,股票 股市 股 炒股
1291,2,0.5548808356776006,0.25304620542145567,0.0,碳 炭,炭 碳,碳 炭,碳 炭
1292,2,0.4954339104050658,0.2306638689786658,0.0,点子 点,点 点子,点 点子,点子 点
1293,1,,0.0,0.0,点名,点名,点名,点名
1294,1,,0.0,0.0,热带,热带,热带,热带
1295,1,,0.0,0.0,焦,焦,焦,焦
1296,2,0.4714798358688519,0.1634567425923945,0.0,照常 照例,照常 照例,照例 照常,照常 照例
1297,1,,0.0,0.0,爆满,爆满,爆满,爆满
1298,1,,0.0,0.0,爱国,爱国,爱国,爱国
1299,3,0.4354041667592082,0.11670779069269273,0.0,爵士 绅士 魔术,绅士 魔术 爵士,爵士 绅士 魔术,爵士 绅士 魔术
1300,3,0.429465175931123,0.03131599650063058,0.0,秃 豁 牙,豁 秃 牙,秃 牙 豁,秃 豁 牙
1301,2,0.48511221937898896,0.18834195610598936,0.0,特别 特,特别 特,特 特别,特别 特
1302,1,,0.0,0.0,状元,状元,状元,状元
1303,1,,0.0,0.0,独家,独家,独家,独家
1304,1,,0.0,0.0,环,环,环,环
1305,1,,0.0,0.0,环球,环球,环球,环球
1306,1,,0.0,0.0,理,理,理,理
1307,1,,0.0,0.0,瓜子,瓜子,瓜子,瓜子
1308,1,,0.0,0.0,生,生,生,生
1309,4,0.41597364530588415,0.04503413449755764,0.25,田 苗 肥 野,野 肥 苗 田,田 野 肥 苗,田 苗 肥 野
1310,2,0.5451054998786405,0.2765234083272872,0.0,画蛇添足 画龙点睛,画蛇添足 画龙点睛,画蛇添足 画龙点睛,画蛇添足 画龙点睛
1311,1,,0.0,0.0,登,登,登,登
1312,1,,0.0,0.0,登陆,登陆,登陆,登陆
1313,1,,0.0,0.0,白白,白白,白白,白白
1314,1,,0.0,0.0,百分点,百分点,百分点,百分点
1315,1,,0.0,0.0,皮,皮,皮,皮
1316,1,,0.0,0.0,目的地,目的地,目的地,目的地
1317,1,,0.0,0.0,直,直,直,直
1318,2,0.6261433469472352,0.3735925983414454,0.0,间接 直接,直接 间接,间接 直接,间接 直接
1319,1,,0.0,0.0,直线,直线,直线,直线
1320,1,,0.0,0.0,直视,直视,直视,直视
1321,2,0.46317173240926435,0.12681227941148726,0.0,真空 高压,真空 高压,真空 高压,真空 高压
1322,1,,0.0,0.0,着落,着落,着落,着落
1323,1,,0.0,0.0,瞒,瞒,瞒,瞒
1324,2,0.5470614456191467,0.29204181821183106,0.0,短期 长期,长期 短期,短期 长期,短期 长期
1325,2,0.6925522988771398,0.5008083968290331,0.0,软 硬,软 硬,硬 软,软 硬
1326,1,,0.0,0.0,社,社,社,社
1327,5,0.5357058015592694,0.23024143292611968,0.2,离 距离 距 远离 脱离,脱离 远离 距 距离 离,远离 距离 离 距 脱离,离 距离 距 远离 脱离
1328,1,,0.0,0.0,稍候,稍候,稍候,稍候
1329,2,0.6182086096429444,0.35026422897568626,0.0,穴位 部位,部位 穴位,部位 穴位,穴位 部位
1330,4,0.4633491799663268,0.11194261438993061,0.25,趁着 趁 空儿 闲,闲 空儿 趁 趁着,空儿 趁着 闲 趁,趁着 趁 空儿 闲
1331,5,0.40164432055752763,0.05784300703859986,0.2,空隙 间隔 间隙 隔 空白,隔 空白 间隔 空隙 间隙,间隔 间隙 空白 隔 空隙,空隙 间隔 间隙 隔 空白
1332,2,0.49180750939270956,0.17871036316076158,0.0,突发 突如其来,突如其来 突发,突如其来 突发,突发 突如其来
1333,1,,0.0,0.0,立,立,立,立
1334,2,0.4555923744445449,0.10532990867573291,0.0,立功 见义勇为,立功 见义勇为,立功 见义勇为,立功 见义勇为
1335,2,0.6249341127647359,0.40829542137258723,0.0,节 章,章 节,章 节,节 章
1336,3,0.6188313420292544,0.3903375164055942,0.0,级别 等级 级,级别 等级 级,级 等级 级别,级别 等级 级
1337,2,0.4540279965985816,0.1248316180682993,0.0,筑 造,造 筑,筑 造,筑 造
1338,9,0.4590070788534582,0.11215354183820958,0.2222222222222222,评判 评定 评审 评价 评估 考核 评委 衡量 答辩,考核 答辩 衡量 评委 评审 评估 评定 评判,衡量 答辩 考核 评价 评估 评判 评委 评审 评定,评判 评定 评审 评价 评估 考核 评委 衡量 答辩
1339,1,,0.0,0.0,筹码,筹码,筹码,筹码
1340,2,0.6367788167046373,0.41382116355640863,0.0,精简 简化,精简 简化,简化 精简,精简 简化
1341,5,0.4520334860984887,0.12534482178048734,0.0,算账 精打细算 算计 算盘 账,账 算计 算盘 精打细算 算账,算计 算账 账 精打细算 算盘,算账 精打细算 算计 算盘 账
1342,1,,0.0,0.0,管,管,管,管
1343,1,,0.0,0.0,管家,管家,管家,管家
1344,2,0.45762354784018033,0.11216293852817255,0.0,粉 蜜,蜜 粉,粉 蜜,粉 蜜
1345,1,,0.0,0.0,系,系,系,系
1346,1,,0.0,0.0,素,素,素,素
1347,1,,0.0,0.0,紧凑,紧凑,紧凑,紧凑
1348,1,,0.0,0.0,红眼,红眼,红眼,红眼
1349,2,0.514500124547661,0.20400691790530073,0.0,纯洁 纯粹,纯粹 纯洁,纯粹 纯洁,纯洁 纯粹
1350,1,,0.0,0.0,结,结,结,结
1351,2,0.5512475847039184,0.2524204203080287,0.0,绝对 绝,绝对 绝,绝 绝对,绝对 绝
1352,1,,0.0,0.0,统一,统一,统一,统一
1353,1,,0.0,0.0,网,网,网,网
1354,1,,0.0,0.0,美中不足,美中不足,美中不足,美中不足
1355,2,0.5081048443605982,0.16021367163093703,0.0,翻番 翻,翻番 翻,翻 翻番,翻番 翻
1356,1,,0.0,0.0,者,者,者,者
1357,1,,0.0,0.0,而已,而已,而已,而已
1358,1,,0.0,0.0,联想,联想,联想,联想
1359,1,,0.0,0.0,胆,胆,胆,胆
1360,5,0.49621430135751526,0.20300945010555624,0.0,车轮 轮胎 轮子 车轴 胎,车轴 胎 轮子 轮胎 车轮,轮子 车轮 车轴 轮胎 胎,车轮 轮胎 轮子 车轴 胎
1361,1,,0.0,0.0,脱,脱,脱,脱
1362,1,,0.0,0.0,膜,膜,膜,膜
1363,1,,0.0,0.0,自助,自助,自助,自助
1364,3,0.42695275315649045,0.007027224522043354,0.6666666666666666,自理 自立 自负,自立 自负 自理,自负 自理 自立,自理 自立 自负
1365,3,0.4206543384885581,0.06904052872256272,0.0,领袖 舵手 领军,领军 领袖 舵手,舵手 领袖 领军,领袖 舵手 领军
1366,1,,0.0,0.0,花样,花样,花样,花样
1367,1,,0.0,0.0,若干,若干,若干,若干
1368,1,,0.0,0.0,荒,荒,荒,荒
1369,1,,0.0,0.0,落地,落地,落地,落地
1370,1,,0.0,0.0,蒙,蒙,蒙,蒙
1371,4,0.35982971096708805,-0.017621778562392734,0.5,补 补充 补给 虚,虚 补给 补充 补,补充 补给 虚 补,补 补充 补给 虚
1372,1,,0.0,0.0,行,行,行,行
1373,1,,0.0,0.0,衍生,衍生,衍生,衍生
1374,1,,0.0,0.0,被,被,被,被
1375,1,,0.0,0.0,见外,见外,见外,见外
1376,1,,0.0,0.0,觉,觉,觉,觉
1377,1,,0.0,0.0,解剖,解剖,解剖,解剖
1378,1,,0.0,0.0,解脱,解脱,解脱,解脱
1379,1,,0.0,0.0,警钟,警钟,警钟,警钟
1380,1,,0.0,0.0,计,计,计,计
1381,1,,0.0,0.0,讨,讨,讨,讨
1382,1,,0.0,0.0,记,记,记,记
1383,1,,0.0,0.0,许,许,许,许
1384,1,,0.0,0.0,证,证,证,证
1385,1,,0.0,0.0,试用期,试用期,试用期,试用期
1386,1,,0.0,0.0,说干就干,说干就干,说干就干,说干就干
1387,1,,0.0,0.0,说明书,说明书,说明书,说明书
1388,1,,0.0,0.0,请进,请进,请进,请进
1389,3,0.4066353144335037,0.050405563017483786,0.3333333333333333,调控 调节 限,调节 限 调控,调节 限 调控,调控 调节 限
1390,1,,0.0,0.0,负,负,负,负
1391,1,,0.0,0.0,货,货,货,货
1392,1,,0.0,0.0,赎,赎,赎,赎
1393,2,0.7607448329989656,0.5947251884243958,0.0,输家 赢家,输家 赢家,输家 赢家,输家 赢家
1394,1,,0.0,0.0,赫然,赫然,赫然,赫然
1395,3,0.47051626248650974,0.1764056336407088,0.0,起点 起跑线 起步,起跑线 起步 起点,起跑线 起点 起步,起点 起跑线 起步
1396,1,,0.0,0.0,跨,跨,跨,跨
1397,2,0.6167942770101075,0.40499297873550405,0.0,轻 重,轻 重,重 轻,轻 重
1398,1,,0.0,0.0,辅助,辅助,辅助,辅助
1399,1,,0.0,0.0,运河,运河,运河,运河
1400,1,,0.0,0.0,远方,远方,远方,远方
1401,1,,0.0,0.0,透支,透支,透支,透支
1402,1,,0.0,0.0,通,通,通,通
1403,1,,0.0,0.0,通俗,通俗,通俗,通俗
1404,1,,0.0,0.0,通用,通用,通用,通用
1405,1,,0.0,0.0,部署,部署,部署,部署
1406,1,,0.0,0.0,释放,释放,释放,释放
1407,1,,0.0,0.0,野心,野心,野心,野心
1408,1,,0.0,0.0,金字塔,金字塔,金字塔,金字塔
1409,7,0.5425920186316847,0.2530182924484491,0.0,铜 铅 铝 锡 金属 钢 铁,铁 金属 钢 铅 锡 铝 铜,金属 锡 钢 铝 铜 铅 铁,铜 铅 铝 锡 金属 钢 铁
1410,2,0.461841392443487,0.125047847048517,0.0,锁 锁定,锁定 锁,锁定 锁,锁 锁定
1411,1,,0.0,0.0,长城,长城,长城,长城
1412,1,,0.0,0.0,长征,长征,长征,长征
1413,1,,0.0,0.0,门当户对,门当户对,门当户对,门当户对
1414,2,0.4684035773388766,0.13156526153415146,0.0,闪 闪电,闪电 闪,闪电 闪,闪 闪电
1415,1,,0.0,0.0,闯,闯,闯,闯
1416,4,0.49614816225596087,0.20179934301280972,0.0,防护 防盗 防 防火墙,防火墙 防 防护 防盗,防护 防盗 防火墙 防,防护 防盗 防 防火墙
1417,2,0.8785785645119271,0.7996863184632885,0.0,阴性 阳性,阳性 阴性,阳性 阴性,阴性 阳性
1418,4,0.47657373761615585,0.12568676128420686,0.25,附加 附带 额外 附,附 额外 附加 附带,额外 附加 附带 附,附加 附带 额外 附
1419,1,,0.0,0.0,附属,附属,附属,附属
1420,1,,0.0,0.0,院,院,院,院
1421,1,,0.0,0.0,随机,随机,随机,随机
1422,2,0.593295147337237,0.37491308151609637,0.0,隐形 隐性,隐性 隐形,隐性 隐形,隐形 隐性
1423,1,,0.0,0.0,集,集,集,集
1424,1,,0.0,0.0,集体,集体,集体,集体
1425,1,,0.0,0.0,集邮,集邮,集邮,集邮
1426,1,,0.0,0.0,零,零,零,零
1427,1,,0.0,0.0,露天,露天,露天,露天
1428,1,,0.0,0.0,顶,顶,顶,顶
1429,1,,0.0,0.0,领,领,领,领
1430,1,,0.0,0.0,风云,风云,风云,风云
1431,1,,0.0,0.0,飞跃,飞跃,飞跃,飞跃
1432,1,,0.0,0.0,饭碗,饭碗,饭碗,饭碗
1433,1,,0.0,0.0,饱和,饱和,饱和,饱和
1434,1,,0.0,0.0,马后炮,马后炮,马后炮,马后炮
1435,1,,0.0,0.0,麻,麻,麻,麻
1436,1,,0.0,0.0,龙,龙,龙,龙
