community,size,mean_pair_cosine,mean_cosine_silhouette,negative_silhouette_fraction,representatives,boundary_words,deterministic_sample,all_members
0,1,,0.0,0.0,〇,〇,〇,〇
1,1,,0.0,0.0,一,一,一,一
2,9,0.48516599049853504,0.1415760451802451,0.0,统统 全都 通通 全部 一律 一概 一切 所有 一一,所有 一一 全都 一切 一律 一概 全部 通通,通通 所有 统统 全都 全部 一概 一切 一律 一一,统统 全都 通通 全部 一律 一概 一切 所有 一一
3,14,0.5269588989612911,0.06403977850368556,0.35714285714285715,忽然 不由得 不禁 猛然 禁不住 情不自禁 不由自主 突然 忍不住 顿时 一下子 骤然,不由自主 下意识 骤然 情不自禁 不约而同 一下子 不禁 猛然,禁不住 不禁 不由自主 不由得 一下子 骤然 忍不住 突然 情不自禁 忽然 不约而同 下意识,忽然 不由得 不禁 猛然 禁不住 情不自禁 不由自主 突然 忍不住 顿时 一下子 骤然 下意识 不约而同
4,5,0.48129313275625174,0.07431923315441155,0.4,恨不得 巴不得 生怕 动不动 一不小心,生怕 一不小心 动不动 巴不得 恨不得,动不动 一不小心 生怕 巴不得 恨不得,恨不得 巴不得 生怕 动不动 一不小心
5,3,0.5014880134876297,0.1708254926364006,0.0,一鼓作气 一口气 一举,一口气 一鼓作气 一举,一鼓作气 一口气 一举,一鼓作气 一口气 一举
6,7,0.5039862963624048,0.13170734437806828,0.14285714285714285,言行 举动 所作所为 一言一行 行为 一举一动 做法,做法 一言一行 行为 一举一动 举动 言行 所作所为,举动 行为 言行 一举一动 所作所为 做法 一言一行,言行 举动 所作所为 一言一行 行为 一举一动 做法
7,6,0.49798889223573095,0.12512327894110792,0.0,无所作为 一无所有 无所事事 一事无成 一无所知 无能为力,无能为力 一无所知 一无所有 无所事事 一事无成 无所作为,无所作为 无能为力 一无所知 无所事事 一无所有 一事无成,无所作为 一无所有 无所事事 一事无成 一无所知 无能为力
8,11,0.4957051423407086,0.09021448681706759,0.18181818181818182,许多 一些 好多 大批 无数 大量 众多 那些 这些 成千上万 些,这些 好多 大量 些 众多 成千上万 那些 无数,些 许多 无数 那些 这些 大批 大量 好多 众多 一些 成千上万,许多 一些 好多 大批 无数 大量 众多 那些 这些 成千上万 些
9,3,0.5756531560162128,0.3209031117080808,0.0,一代 代 下一代,下一代 代 一代,代 下一代 一代,一代 代 下一代
10,16,0.4669954190320555,0.07859815456729369,0.3125,那时 那时候 这时候 这时 此时 当时 那会儿 这会儿 时候 此刻 时 小时候,当年 一会儿 同时 小时候 不一会儿 时 此刻 时候,时候 那时候 那会儿 一会儿 时 那时 不一会儿 同时 这时 当年 当时 这时候,那时 那时候 这时候 这时 此时 当时 那会儿 这会儿 时候 此刻 时 小时候 不一会儿 一会儿 当年 同时
11,5,0.4434022606406705,0.026864176092367083,0.2,融合 结合 相辅相成 有机 一体,一体 相辅相成 结合 融合 有机,有机 相辅相成 融合 结合 一体,融合 结合 相辅相成 有机 一体
12,16,0.462869580787826,0.03179123688657913,0.5625,共计 总共 总计 一共 共 合计 约 累计 大约 共有 仅 平均,先后 大约 约 平均 仅 折合 分别 至少,共有 共 仅 约 总共 总计 合计 大约 折合 共计 至少 分别,共计 总共 总计 一共 共 合计 约 累计 大约 共有 仅 平均 折合 至少 分别 先后
13,11,0.5166340690719927,0.16500309774749072,0.0,屡次 频频 多次 一再 接连 再次 再度 屡 接二连三 三番五次 频繁,接连 频繁 三番五次 接二连三 多次 再度 再次 屡,屡 频繁 三番五次 再度 再次 多次 接二连三 频频 屡次 接连 一再,屡次 频频 多次 一再 接连 再次 再度 屡 接二连三 三番五次 频繁
14,6,0.5352263046710747,0.2532208702139289,0.0,一瞬间 一刹那 瞬间 千钧一发 时刻 关头,瞬间 关头 千钧一发 时刻 一刹那 一瞬间,一瞬间 时刻 关头 瞬间 千钧一发 一刹那,一瞬间 一刹那 瞬间 千钧一发 时刻 关头
15,10,0.5206779656494861,0.06874148578502702,0.3,一动不动 一言不发 一声不吭 发愣 目瞪口呆 目不转睛 愣 一旁 鸦雀无声 沉默,目瞪口呆 鸦雀无声 沉默 一旁 发愣 愣 一声不吭 目不转睛,一声不吭 一言不发 一动不动 愣 鸦雀无声 发愣 目不转睛 目瞪口呆 一旁 沉默,一动不动 一言不发 一声不吭 发愣 目瞪口呆 目不转睛 愣 一旁 鸦雀无声 沉默
16,3,0.4304915330181882,0.04855331185855977,0.6666666666666666,一半 一部分 半,半 一部分 一半,半 一部分 一半,一半 一部分 半
17,9,0.43674062937152375,0.0324555504681381,0.3333333333333333,交费 缴费 收费 手续费 挂失 话费 管理费 一卡通 付费,一卡通 付费 挂失 话费 管理费 手续费 缴费 收费,挂失 缴费 一卡通 手续费 交费 付费 收费 话费 管理费,交费 缴费 收费 手续费 挂失 话费 管理费 一卡通 付费
18,7,0.4988957099276543,0.0534577861370742,0.2857142857142857,话 一句话 废话 句 实话 的话 话语,实话 话语 废话 句 的话 一句话 话,句 废话 话 话语 一句话 的话 实话,话 一句话 废话 句 实话 的话 话语
19,4,0.5531871979901473,0.2534211180748553,0.0,一起 一块儿 一同 一道,一道 一块儿 一同 一起,一道 一起 一块儿 一同,一起 一块儿 一同 一道
20,10,0.49013948991900613,0.1510787184296337,0.2,一向 一贯 向来 历来 一直 始终 长期以来 多年来 一如既往 常年,始终 常年 一如既往 历来 多年来 一直 长期以来 一贯,始终 历来 一贯 多年来 一如既往 长期以来 向来 常年 一直 一向,一向 一贯 向来 历来 一直 始终 长期以来 多年来 一如既往 常年
21,6,0.4923032812476453,0.08693841717355515,0.16666666666666666,过分 盲目 过度 一味 片面 过早,片面 过早 盲目 一味 过度 过分,盲目 片面 过度 过分 一味 过早,过分 盲目 过度 一味 片面 过早
22,10,0.473695922410506,0.01341618296008421,0.6,不行 不像话 不得了 没辙 够呛 受不了 无话可说 要命 一塌糊涂 没法儿,一塌糊涂 没法儿 受不了 无话可说 要命 没辙 不得了 不行,不像话 不得了 无话可说 够呛 没辙 受不了 不行 要命 一塌糊涂 没法儿,不行 不像话 不得了 没辙 够呛 受不了 无话可说 要命 一塌糊涂 没法儿
23,37,0.49168303215210996,0.07624980684217061,0.21621621621621623,晚上 早上 早晨 傍晚 下午 中午 上午 清晨 夜里 凌晨 一早 深夜,下班 明天 天 起床 星期日 明日 今天 夜,昨天 早晨 起床 下午 凌晨 天 夜 一大早 晚间 上午 晚 日,晚上 早上 早晨 傍晚 下午 中午 上午 清晨 夜里 凌晨 一早 深夜 一大早 半夜 白天 当晚 夜晚 昨天 前天 次日 晚 当天 明天 星期天 晚间 夜间 今天 起床 黄昏 下班 当日 星期日 日 明日 今日 天 夜
24,8,0.5146916566262454,0.1504336164876285,0.125,一天到晚 整天 成天 一年到头 从早到晚 日复一日 没完没了 只管,只管 没完没了 日复一日 从早到晚 一年到头 一天到晚 成天 整天,一天到晚 只管 一年到头 日复一日 成天 整天 从早到晚 没完没了,一天到晚 整天 成天 一年到头 从早到晚 日复一日 没完没了 只管
25,3,0.41001911884367853,-0.02878408419054243,0.6666666666666666,头 一头 过头,过头 一头 头,头 过头 一头,头 一头 过头
26,16,0.4640543160975874,0.04143753254495837,0.3125,必定 必然 势必 未必 肯定 不一定 迟早 必将 不见得 会 注定 可能,迟早 就要 照样 不见得 否则 注定 会 可能,会 否则 照样 肯定 不一定 不见得 必定 必将 必然 势必 就要 未必,必定 必然 势必 未必 肯定 不一定 迟早 必将 不见得 会 注定 可能 否则 就要 一定 照样
27,12,0.5182289476931095,0.14008324168935535,0.16666666666666666,母女 父女 母子 父子 夫妻 夫妇 一家人 姐妹 俩 情侣 兄弟 全家,情侣 姐妹 兄弟 全家 俩 夫妇 一家人 母子,俩 母子 母女 姐妹 全家 一家人 夫妇 夫妻 兄弟 情侣 父女 父子,母女 父女 母子 父子 夫妻 夫妇 一家人 姐妹 俩 情侣 兄弟 全家
28,4,0.43509949030487977,0.028410088659616875,0.5,顺心 如意 一帆风顺 遂心,一帆风顺 遂心 如意 顺心,一帆风顺 如意 顺心 遂心,顺心 如意 一帆风顺 遂心
29,6,0.47122934014859374,0.11974871404772235,0.16666666666666666,沿途 一路 沿线 一路上 一带 沿,沿 一路上 沿线 沿途 一带 一路,一路 沿途 沿 一路上 沿线 一带,沿途 一路 沿线 一路上 一带 沿
30,3,0.42567360105805646,-0.0030948359171113957,0.6666666666666666,面目全非 不堪 一干二净,不堪 一干二净 面目全非,不堪 面目全非 一干二净,面目全非 不堪 一干二净
31,2,0.7273948478637712,0.548353743608391,0.0,应有尽有 一应俱全,一应俱全 应有尽有,一应俱全 应有尽有,应有尽有 一应俱全
32,4,0.5141913303765163,0.15569044844225496,0.25,曾经 曾 一度 过,过 一度 曾经 曾,曾 曾经 过 一度,曾经 曾 一度 过
33,2,0.45094787412281057,0.07772970386250636,0.0,一心 有朝一日,有朝一日 一心,有朝一日 一心,一心 有朝一日
34,22,0.4747117988477193,0.030383593995240744,0.45454545454545453,全力 竭尽全力 尽力 竭力 努力 千方百计 全力以赴 极力 想方设法 奋力 大力 拼命,一心一意 拼命 齐心协力 致力于 奋力 设法 着力 争分夺秒,争分夺秒 致力于 着力 全力 大力 加紧 积极 千方百计 极力 尽力 竭尽全力 想方设法,全力 竭尽全力 尽力 竭力 努力 千方百计 全力以赴 极力 想方设法 奋力 大力 拼命 设法 一心一意 着力 齐心协力 积极 坚持不懈 致力于 全心全意 加紧 争分夺秒
35,2,0.4330888981064248,0.044583165441286196,0.0,一成不变 固定,一成不变 固定,固定 一成不变,一成不变 固定
36,5,0.4848808911404133,0.08758952895044077,0.2,手 握 两手 一手 手里,手里 两手 一手 握 手,手 握 两手 手里 一手,手 握 两手 一手 手里
37,10,0.4705098793007378,0.036887621814706006,0.4,天赋 天分 才华 特长 专长 天才 潜能 天生 特质 一技之长,特质 专长 潜能 天生 一技之长 特长 天才 才华,潜能 才华 一技之长 专长 天赋 天生 天才 天分 特质 特长,天赋 天分 才华 特长 专长 天才 潜能 天生 特质 一技之长
38,3,0.47511450345359546,0.1313815346420262,0.0,领导 同志 一把手,同志 一把手 领导,同志 一把手 领导,领导 同志 一把手
39,1,,0.0,0.0,一揽子,一揽子,一揽子,一揽子
40,5,0.5144514081816711,0.11240286151843282,0.2,方面 多方面 方方面面 层面 一方面,方方面面 一方面 层面 多方面 方面,多方面 方面 一方面 层面 方方面面,方面 多方面 方方面面 层面 一方面
41,11,0.5200145265788599,0.1837025348590977,0.0,假如 倘若 若 假使 只要 一旦 除非 当 每当 凡是 万一,每当 凡是 万一 只要 除非 当 假如 假使,倘若 当 每当 除非 若 只要 凡是 万一 假使 一旦 假如,假如 倘若 若 假使 只要 一旦 除非 当 每当 凡是 万一
42,3,0.4382433406408146,0.06832305412909079,0.0,暂时 一时 短暂,短暂 暂时 一时,暂时 短暂 一时,暂时 一时 短暂
43,4,0.4979820906903789,0.14337657535716242,0.0,匆匆 一晃 转眼 匆忙,匆忙 转眼 一晃 匆匆,匆忙 匆匆 转眼 一晃,匆匆 一晃 转眼 匆忙
44,13,0.5040436708000873,0.129304448859421,0.23076923076923078,相同 相似 一模一样 截然不同 有所不同 不同 大同小异 类似 一样 雷同 差不多 不相上下,与众不同 一样 不相上下 雷同 差不多 相同 类似 不同,不同 一模一样 大同小异 雷同 有所不同 相同 类似 相似 与众不同 截然不同 差不多 不相上下,相同 相似 一模一样 截然不同 有所不同 不同 大同小异 类似 一样 雷同 差不多 不相上下 与众不同
45,4,0.463650739368582,0.12596669830997753,0.0,一概而论 见仁见智 因人而异 定论,定论 见仁见智 因人而异 一概而论,一概而论 因人而异 定论 见仁见智,一概而论 见仁见智 因人而异 定论
46,1,,0.0,0.0,一次性,一次性,一次性,一次性
47,1,,0.0,0.0,一毛不拔,一毛不拔,一毛不拔,一毛不拔
48,11,0.49281003336175566,0.08518050120259012,0.18181818181818182,出色 优异 卓越 出众 杰出 优秀 优良 过硬 高超 非凡 一流,高超 一流 非凡 优良 过硬 优异 杰出 优秀,优良 优秀 优异 杰出 出色 出众 高超 卓越 一流 非凡 过硬,出色 优异 卓越 出众 杰出 优秀 优良 过硬 高超 非凡 一流
49,10,0.48223252480703815,0.09594605156829464,0.4,略微 稍微 稍 稍稍 略 相对 较 偏 轻微 一点儿,一点儿 轻微 偏 相对 较 略 稍 稍稍,偏 稍 略 略微 稍微 稍稍 一点儿 相对 较 轻微,略微 稍微 稍 稍稍 略 相对 较 偏 轻微 一点儿
50,5,0.5144664390720608,0.13706195687547557,0.0,一生 生涯 人生 生平 晚年,生平 晚年 人生 生涯 一生,人生 晚年 生涯 生平 一生,一生 生涯 人生 生平 晚年
51,2,0.552211614295748,0.3154410759517571,0.0,番 一番,一番 番,番 一番,番 一番
52,1,,0.0,0.0,一目了然,一目了然,一目了然,一目了然
53,15,0.46968904905373854,0.016509230737256683,0.2,瞅 瞧 扭头 一眼 回头 打量 抬头 望见 看 偷看 东张西望 只见,偷看 站住 只见 左顾右盼 见 看 回头 东张西望,瞧 瞅 看 打量 站住 偷看 见 回头 只见 望见 左顾右盼 东张西望,瞅 瞧 扭头 一眼 回头 打量 抬头 望见 看 偷看 东张西望 只见 左顾右盼 见 站住
54,8,0.5143127971652443,0.14141920837210192,0.0,发愁 犯愁 伤脑筋 头疼 操心 愁眉苦脸 提心吊胆 一筹莫展,愁眉苦脸 一筹莫展 操心 提心吊胆 头疼 发愁 伤脑筋 犯愁,操心 犯愁 愁眉苦脸 发愁 一筹莫展 提心吊胆 头疼 伤脑筋,发愁 犯愁 伤脑筋 头疼 操心 愁眉苦脸 提心吊胆 一筹莫展
55,12,0.4565949115746575,0.03609266303012295,0.5,各种 各式各样 种种 诸多 形形色色 多种 一系列 五花八门 层出不穷 一连串 诸如此类 多样,多样 诸如此类 一系列 五花八门 诸多 层出不穷 一连串 形形色色,一连串 种种 形形色色 诸如此类 多样 多种 诸多 各式各样 一系列 五花八门 各种 层出不穷,各种 各式各样 种种 诸多 形形色色 多种 一系列 五花八门 层出不穷 一连串 诸如此类 多样
56,3,0.3477673747553192,-0.08011925314135529,0.6666666666666666,一线 线 基层,基层 线 一线,线 一线 基层,一线 线 基层
57,3,0.30552107857755173,-0.047424685694092895,0.6666666666666666,即 指 一经,一经 指 即,即 指 一经,即 指 一经
58,3,0.3987424050760431,0.0021442069295809127,0.6666666666666666,一致 吻合 共识,吻合 共识 一致,一致 共识 吻合,一致 吻合 共识
59,18,0.46058263299663776,0.022478694503647048,0.4444444444444444,多数 大多数 绝大多数 大多 大部分 大都 多半 半数 不少 部分 有的 少数,有的 基本上 不少 其余 部分 或多或少 半数 个别,一般 不少 部分 或多或少 有的 大多 多数 绝大多数 基本上 多半 大都 其余,多数 大多数 绝大多数 大多 大部分 大都 多半 半数 不少 部分 有的 少数 基本上 普遍 一般 个别 或多或少 其余
60,56,0.4385674186524344,-0.04966806250697588,0.5535714285714286,然而 换言之 事实上 总而言之 总之 况且 也就是说 当然 但是 此外 不过 何况,说实话 那么 比如 比如说 譬如说 例如 譬如 而且,譬如 说到底 看来 但 如果说 总之 据悉 这就是说 譬如说 说实话 那么 就是说,然而 换言之 事实上 总而言之 总之 况且 也就是说 当然 但是 此外 不过 何况 其次 说实话 除此之外 其实 相比之下 因此 这就是说 另外 总的来说 由此可见 就是说 实际上 由此看来 所以 相对而言 说白了 譬如说 另一方面 按理说 据悉 如果说 而且 说真的 比如说 譬如 一般来说 与此同时 众所周知 这样一来 综上所述 相反 但 而 比如 说到底 例如 看来 至于 恰恰相反 据说 可见 因为 那么 至此
61,1,,0.0,0.0,一行,一行,一行,一行
62,10,0.5063929352149359,0.1038941291795517,0.2,祝福 祝愿 祝 保佑 一路平安 好运 心想事成 祈祷 一路顺风 福气,福气 一路平安 一路顺风 心想事成 祝 祈祷 好运 祝福,祝愿 祝福 祝 祈祷 一路平安 保佑 一路顺风 福气 好运 心想事成,祝福 祝愿 祝 保佑 一路平安 好运 心想事成 祈祷 一路顺风 福气
63,1,,0.0,0.0,一身,一身,一身,一身
64,8,0.4625983631471036,0.04873415133915643,0.25,终生 永远 长久 永恒 终身 永不 一辈子 永久,长久 一辈子 永远 永恒 终生 永不 永久 终身,一辈子 永远 终身 永久 永不 永恒 长久 终生,终生 永远 长久 永恒 终身 永不 一辈子 永久
65,4,0.4576589395722996,0.044978110942141894,0.5,一边 一面 不停 着,着 不停 一面 一边,一面 一边 不停 着,一边 一面 不停 着
66,3,0.5263196538094815,0.22323993471839934,0.0,一连 连续 连,连续 连 一连,一连 连续 连,一连 连续 连
67,1,,0.0,0.0,一锅粥,一锅粥,一锅粥,一锅粥
68,4,0.5176932578226596,0.21206644254043583,0.0,长短 短 长 一长一短,一长一短 长短 长 短,长短 短 一长一短 长,长短 短 长 一长一短
69,17,0.5082873654334101,0.0572499612580632,0.29411764705882354,响声 清脆 响起 声音 声 悦耳 刺耳 响 听见 笑声 响亮 呜咽,一阵 传来 铃声 悦耳 呜咽 听见 口哨 洪亮,响亮 响声 一阵 响 声 洪亮 声音 悦耳 传来 刺耳 清脆 铃声,响声 清脆 响起 声音 声 悦耳 刺耳 响 听见 笑声 响亮 呜咽 洪亮 传来 铃声 口哨 一阵
70,23,0.49133522730611806,0.06449913649387429,0.2608695652173913,急忙 赶忙 连忙 立刻 赶紧 慌忙 立即 马上 当即 随即 赶快 火速,一齐 纷纷 索性 毅然 干脆 连夜 赶快 果断,慌忙 一齐 便 立刻 立即 果断 连忙 连夜 火速 争先恐后 迫不及待 当即,急忙 赶忙 连忙 立刻 赶紧 慌忙 立即 马上 当即 随即 赶快 火速 毫不犹豫 纷纷 毅然 索性 连夜 便 干脆 迫不及待 果断 一齐 争先恐后
71,4,0.4172987624358851,-0.008964822686005534,0.5,姜 丁 盐 适量,适量 丁 盐 姜,姜 丁 适量 盐,姜 丁 盐 适量
72,12,0.6316194537573296,0.34439064332033476,0.08333333333333333,六 四 五 七 八 三 九 二 十 第二 第 两,两 十 第二 二 三 第 四 五,第二 六 八 十 四 二 五 九 两 七 三 第,六 四 五 七 八 三 九 二 十 第二 第 两
73,6,0.5000248166155488,0.11286513528289638,0.0,眉开眼笑 哄堂大笑 面红耳赤 交头接耳 七嘴八舌 前仰后合,面红耳赤 眉开眼笑 前仰后合 交头接耳 哄堂大笑 七嘴八舌,哄堂大笑 前仰后合 眉开眼笑 七嘴八舌 面红耳赤 交头接耳,眉开眼笑 哄堂大笑 面红耳赤 交头接耳 七嘴八舌 前仰后合
74,8,0.45428520308974824,0.046240827771731,0.375,千 百 万 数 余 几 亿 多,几 多 亿 余 数 万 百 千,几 千 多 亿 万 余 百 数,千 百 万 数 余 几 亿 多
75,5,0.5632789787466259,0.23346951712687067,0.2,没想到 想不到 料到 不料 万万,万万 不料 料到 没想到 想不到,不料 想不到 料到 没想到 万万,没想到 想不到 料到 不料 万万
76,1,,0.0,0.0,万分,万分,万分,万分
77,4,0.5077241594804067,0.16849956718891868,0.0,友谊 友好 万古长青 建交,建交 万古长青 友好 友谊,建交 友好 万古长青 友谊,友谊 友好 万古长青 建交
78,1,,0.0,0.0,万无一失,万无一失,万无一失,万无一失
79,2,0.5551343701508054,0.3336918093091467,0.0,万能 全能,全能 万能,全能 万能,万能 全能
80,85,0.5193459423118628,0.08774924482445838,0.3176470588235294,姑姑 舅舅 奶奶 爸爸 姐姐 爸 爷爷 姥姥 妹妹 母亲 妈妈 嫂子,他 师父 师傅 老家 她 我 两口子 姑娘,爱人 太太 哥哥 老太太 她 妈 妹 姐 姨 娘 弟 弟弟,姑姑 舅舅 奶奶 爸爸 姐姐 爸 爷爷 姥姥 妹妹 母亲 妈妈 嫂子 哥哥 父亲 姥爷 爹 妈 外婆 弟弟 儿子 闺女 媳妇 女儿 老婆 伯母 叔叔 伯父 大姐 外公 孙女 祖母 岳母 丈夫 父母 岳父 老公 阿姨 妻子 大哥 老太太 伯伯 继父 大爷 太太 老伴儿 孙子 姐 娘 继母 姨 她 女婿 亲戚 孩子 长辈 家人 老头儿 男朋友 爱人 师父 老人家 女朋友 弟 妹 祖父 小孩儿 老汉 大妈 姑娘 邻居 丫头 亲生 他 两口子 大人 我 亲人 儿女 老人 家里 老师 师傅 老家 寡妇 老王
81,105,0.45426621730455996,-0.02700674318051523,0.5904761904761905,豆腐 红薯 米饭 水果 酸奶 橙汁 果酱 西红柿 南瓜 薯片 饼干 牛奶,啤酒 面包 巧克力 三明治 月饼 桂花 饼 饼干,汤圆 烤鸭 烤肉 巧克力 淀粉 奶 饼干 面粉 方便面 莲子 粥 糖,豆腐 红薯 米饭 水果 酸奶 橙汁 果酱 西红柿 南瓜 薯片 饼干 牛奶 辣椒 豆浆 果汁 香肠 薯条 饼 茄子 黄瓜 蜂蜜 酱 饺子 香蕉 罐头 柿子 白菜 芝士 包子 面包 汤圆 菜 卤味 花生 粥 土豆 馅儿 面条儿 馒头 海鲜 番茄 红茶 醋 肉 蔬菜 巧克力 西瓜 香油 火腿 汁 酱油 鸡蛋 调料 豆制品 核桃 萝卜 砂糖 蒜 椰子 佐料 烤肉 点心 咖啡 面粉 奶茶 酥 蘑菇 红酒 糖 月饼 绿茶 葱 汽水 糖果 虾 零食 茶叶 饮料 冰棍儿 寿司 小吃 桂花 莲子 茶 烤鸭 粽子 火锅 大米 枣 葡萄 可乐 梨 主食 豆子 方便面 香料 味精 三明治 奶 瓜 啤酒 淀粉 瓜子 芝麻 橘子
82,4,0.47621954643212483,0.1527711866062088,0.0,三维 平面 立体 图形,图形 平面 立体 三维,图形 立体 平面 三维,三维 平面 立体 图形
83,1,,0.0,0.0,三角,三角,三角,三角
84,1,,0.0,0.0,上,上,上,上
85,3,0.4175642086428661,0.04135953956104248,0.3333333333333333,左右 出头 上下,上下 出头 左右,上下 出头 左右,左右 出头 上下
86,27,0.42631412749616104,0.026986084841234773,0.4444444444444444,月初 月底 月份 上个月 下旬 年初 上旬 中旬 近期 上周 去年 年底,周 近来 前夕 此次 此前 年前 下个月 年底,周 以来 年底 年初 年前 上周 月 月底 月初 月份 上旬 中旬,月初 月底 月份 上个月 下旬 年初 上旬 中旬 近期 上周 去年 年底 前不久 今年 近日 日前 月 此前 下个月 最近 前夕 年前 近来 季度 以来 周 此次
87,29,0.45962944677116124,0.07379383025256542,0.2413793103448276,职务 出任 就任 任命 辞去 辞职 任职 担任 聘任 兼任 任 罢免,解雇 接替 开除 职位 离职 当选 前任 聘任,撤换 开除 任 任职 罢免 兼任 上任 当选 连任 现任 辞退 辞职,职务 出任 就任 任命 辞去 辞职 任职 担任 聘任 兼任 任 罢免 免职 任期 现任 离职 就职 辞退 公职 连任 上任 接替 辞呈 撤换 当选 前任 职位 解雇 开除
88,20,0.4784428118320664,0.08094763332768432,0.35,上涨 攀升 上升 下跌 飙升 回升 回落 下降 涨 跌 反弹 高涨,升温 高涨 跌 上调 水涨船高 跳水 涨 升,升 水涨船高 上升 涨 升温 上涨 上调 升高 反弹 回落 跌 回升,上涨 攀升 上升 下跌 飙升 回升 回落 下降 涨 跌 反弹 高涨 升高 下调 增长 升 上调 升温 跳水 水涨船高
89,14,0.5082946685714788,0.06563921385951439,0.21428571428571427,回去 进去 回来 过来 出来 进来 上去 下来 出去 下去 完了 上来,出来 完了 完 上去 去 过来 上来 回去,下去 去 完 进去 上去 完了 进来 上来 回去 出去 回来 出来,回去 进去 回来 过来 出来 进来 上去 下来 出去 下去 完了 上来 完 去
90,16,0.44695169588571015,0.07408282407955778,0.3125,议会 总统 议员 首相 内阁 国会 大选 政党 首脑 总理 竞选 元首,政党 上台 大臣 选民 元首 竞选 下台 首脑,下台 竞选 选民 内阁 上台 总理 总统 国会 大选 大臣 议员 议会,议会 总统 议员 首相 内阁 国会 大选 政党 首脑 总理 竞选 元首 下台 选民 大臣 上台
91,4,0.5037737483455419,0.1435475545992267,0.25,上级 上司 下级 皇上,皇上 上司 下级 上级,上司 上级 皇上 下级,上级 上司 下级 皇上
92,6,0.48774609683132814,0.12204276911224003,0.16666666666666666,出场 入场 进场 上场 出局 下场,下场 出局 上场 进场 出场 入场,下场 进场 入场 上场 出场 出局,出场 入场 进场 上场 出局 下场
93,46,0.4644139062558433,-0.010587626196479693,0.5217391304347826,旁边 外边 那边 后边 前边 里边 那儿 上边 下边 前面 后面 左边,郊外 上面 远处 右边 左边 前面 上头 附近,门口 旁边 周围 城里 上头 旁 左边 北边 那儿 楼上 楼下 上面,旁边 外边 那边 后边 前边 里边 那儿 上边 下边 前面 后面 左边 东边 外面 西边 南边 外头 底下 右边 这边 北边 对面 里面 那里 旁 远处 上面 这儿 楼下 里头 门口 两边 楼上 下面 里 隔壁 周围 中间 这里 边 老远 两侧 城里 上头 附近 郊外
94,32,0.4685609173052868,0.027773638500974262,0.5,高中 初中 学校 小学 中学 大学 入学 就读 转学 年级 上学 学生,留学 班级 求学 幼儿园 补习 入学 毕业生 民办,补习 入学 开学 上学 幼儿园 年级 升学 中学 班级 大学 小学 退学,高中 初中 学校 小学 中学 大学 入学 就读 转学 年级 上学 学生 学费 毕业 念书 学期 补习 退学 学年 升学 开学 学业 毕业生 私立 师范 中小学 幼儿园 求学 班级 民办 公立 留学
95,4,0.4025620533927296,-0.0075655246746168985,0.25,上岗 下岗 岗位 下乡,下乡 下岗 岗位 上岗,下乡 下岗 岗位 上岗,上岗 下岗 岗位 下乡
96,4,0.3496701726462212,-0.020036472695119052,0.5,债 发行 券 上市,上市 券 发行 债,债 券 上市 发行,债 发行 券 上市
97,4,0.45025935307012394,0.08912741324071793,0.0,地狱 天堂 人间 上帝,上帝 人间 地狱 天堂,上帝 人间 地狱 天堂,地狱 天堂 人间 上帝
98,3,0.5143388398371445,0.1879304560476546,0.0,受骗 上当 受害,受害 上当 受骗,上当 受骗 受害,受骗 上当 受害
99,13,0.4714498409602325,0.07179716138497254,0.15384615384615385,审批 申请 审核 审查 受理 申报 办理 提交 批准 登记 手续 上报,登记 上报 提交 公示 手续 审查 审核 批准,办理 登记 审查 审批 审核 上报 提交 批准 受理 手续 公示 申请,审批 申请 审核 审查 受理 申报 办理 提交 批准 登记 手续 上报 公示
100,2,0.49623698169013974,0.0673160515608893,0.5,上方 向上,上方 向上,上方 向上,上方 向上
101,29,0.48726820394730286,0.04959371687152026,0.3793103448275862,电影 电视剧 影片 导演 剧 剧本 喜剧 编剧 主演 动画片 片子 剧情,漫画 动画 动画片 上映 演技 配音 作品 演,演技 电视剧 剧 电影 戏 演 连续剧 改编 上映 小说 剧情 剧本,电影 电视剧 影片 导演 剧 剧本 喜剧 编剧 主演 动画片 片子 剧情 纪录片 演员 出演 动画 戏 连续剧 短片 小说 配音 作品 漫画 上映 演技 科幻 演 剧组 改编
102,5,0.43688253410521705,0.09950625478895862,0.0,本期 上期 下期 期 同期,期 同期 下期 本期 上期,期 上期 本期 同期 下期,本期 上期 下期 期 同期
103,10,0.5049859571924434,0.0785677064553123,0.2,下楼 下车 上楼 坐下 回家 走开 停下 出门 下山 放下,停下 回家 出门 放下 坐下 走开 上楼 下车,下山 停下 上楼 出门 放下 回家 坐下 下车 走开 下楼,下楼 下车 上楼 坐下 回家 走开 停下 出门 下山 放下
104,14,0.45436116568495444,0.036490756974170487,0.2857142857142857,原先 先前 以前 当初 原来 之前 从前 最初 原本 前年 上次 刚才,前 前年 原本 从前 原先 刚才 上次 原来,起初 前 以前 上次 当初 从前 原来 原本 原先 刚才 前年 之前,原先 先前 以前 当初 原来 之前 从前 最初 原本 前年 上次 刚才 起初 前
105,4,0.4450366617594377,0.0686876804482411,0.0,流 溢 涌 上流,上流 溢 流 涌,溢 流 涌 上流,流 溢 涌 上流
106,4,0.51162148867694,0.18501997871377585,0.0,上游 下游 原材料 涨价,涨价 原材料 下游 上游,涨价 上游 原材料 下游,上游 下游 原材料 涨价
107,11,0.4646912561347327,-0.029270689895068914,0.45454545454545453,呈现 展现 再现 重现 浮现 出现 显现 上演 涌现 显出 演绎,显出 显现 展现 演绎 出现 呈现 上演 涌现,涌现 重现 展现 再现 上演 浮现 出现 呈现 显现 显出 演绎,呈现 展现 再现 重现 浮现 出现 显现 上演 涌现 显出 演绎
108,1,,0.0,0.0,上火,上火,上火,上火
109,4,0.5862652837768527,0.2725659489803165,0.0,夜班 加班 上班 值班,上班 加班 值班 夜班,上班 加班 值班 夜班,夜班 加班 上班 值班
110,4,0.526836791300756,0.18103610230616468,0.25,白领 上班族 蓝领 单身,单身 蓝领 上班族 白领,单身 上班族 蓝领 白领,白领 上班族 蓝领 单身
111,2,0.5794667833821314,0.2570492839661546,0.0,瘾 上瘾,上瘾 瘾,瘾 上瘾,瘾 上瘾
112,3,0.4022425773075384,-0.0259396966308833,0.6666666666666666,笼罩 沉浸 上空,上空 沉浸 笼罩,笼罩 上空 沉浸,笼罩 沉浸 上空
113,2,0.5274311851515892,0.2806204852783303,0.0,上网 网上,上网 网上,网上 上网,上网 网上
114,55,0.5052610683063296,0.07937696467821594,0.32727272727272727,衬衣 衬衫 毛衣 大衣 上衣 外套 裙子 衣服 裤子 短裤 袜子 围巾,装扮 背包 口罩 帽子 穿 时装 皮包 手套,眼镜 背包 背心 拖鞋 穿 婚纱 内衣 睡袋 纽扣 球鞋 毛衣 穿着,衬衣 衬衫 毛衣 大衣 上衣 外套 裙子 衣服 裤子 短裤 袜子 围巾 西装 牛仔裤 鞋 皮鞋 领带 凉鞋 羽绒服 拖鞋 内衣 背心 穿着 球鞋 雨衣 礼服 旗袍 手套 服装 高跟鞋 穿 毛巾 帽子 毯子 皮包 靴子 款式 纽扣 项链 服饰 睡袋 婚纱 拉锁 手帕 外衣 口罩 制服 发型 首饰 眼镜 背包 装扮 皮带 时装 尼龙
115,24,0.4944504434185624,0.08224601973585831,0.25,判决 法院 诉讼 上诉 起诉 法庭 裁决 裁定 仲裁 驳回 被告 原告,控告 官司 司法 案件 裁判 侵权 判 法官,驳回 调解 判 裁决 裁判 裁定 法庭 法官 审判 起诉 法院 判决,判决 法院 诉讼 上诉 起诉 法庭 裁决 裁定 仲裁 驳回 被告 原告 审判 法官 官司 控告 案件 索赔 赔偿 司法 判 裁判 调解 侵权
116,15,0.4818473578974334,0.03444163389246832,0.3333333333333333,课 上课 备课 课程 讲课 课堂 预习 听讲 补课 功课 教学 学时,教学 上课 夜校 班 补课 讲课 课堂 功课,班 课程 课堂 功课 上课 备课 必修 补课 讲课 课 学时 预习,课 上课 备课 课程 讲课 课堂 预习 听讲 补课 功课 教学 学时 必修 夜校 班
117,31,0.4529818780100412,0.0014811974799362963,0.5483870967741935,列车 火车 电车 公共汽车 公交车 慢车 车站 卧铺 车票 乘客 车厢 地铁,乘坐 搭乘 上车 车票 车厢 旅客 航班 长途,客运 乘车 旅客 隧道 缆车 晚点 火车 航班 地铁 快车 站台 长途,列车 火车 电车 公共汽车 公交车 慢车 车站 卧铺 车票 乘客 车厢 地铁 巴士 缆车 大巴 快车 乘车 乘坐 客运 特快 地铁站 搭乘 高铁 旅客 站台 上车 航班 晚点 长途 隧道 天桥
118,3,0.493450090527538,0.12302107018950319,0.3333333333333333,以上 以下 上述,上述 以上 以下,以下 以上 上述,以上 以下 上述
119,2,0.5338508037714068,0.2050522257025708,0.0,上门 挨家挨户,挨家挨户 上门,上门 挨家挨户,上门 挨家挨户
120,1,,0.0,0.0,上限,上限,上限,上限
121,2,0.7701053657327572,0.6279819406611307,0.0,之下 下,下 之下,下 之下,之下 下
122,2,0.4394139575360396,0.008803894744799343,0.5,下令 决定,决定 下令,下令 决定,下令 决定
123,4,0.5021086808412433,0.08983620334277365,0.0,下决心 发誓 执意 坚决,下决心 发誓 坚决 执意,坚决 执意 发誓 下决心,下决心 发誓 执意 坚决
124,3,0.609105343732905,0.3450227600128947,0.0,功夫 工夫 下功夫,下功夫 工夫 功夫,功夫 下功夫 工夫,功夫 工夫 下功夫
125,9,0.5037606983695614,0.1134180556269243,0.1111111111111111,摆动 摇晃 转动 旋转 摇摆 跳动 跳跃 下坠 摇,下坠 摇 摇晃 跳动 旋转 跳跃 摇摆 转动,下坠 摆动 摇 跳跃 跳动 转动 旋转 摇摆 摇晃,摆动 摇晃 转动 旋转 摇摆 跳动 跳跃 下坠 摇
126,3,0.4842896935670515,0.17576839878987807,0.0,下属 所属 附属,附属 所属 下属,下属 附属 所属,下属 所属 附属
127,2,0.5927694400010516,0.3431819062475486,0.0,出手 下手,下手 出手,出手 下手,出手 下手
128,5,0.4952593972378626,0.10603768285366708,0.2,下棋 对弈 猜谜 比试 捉迷藏,捉迷藏 比试 猜谜 对弈 下棋,对弈 捉迷藏 猜谜 下棋 比试,下棋 对弈 猜谜 比试 捉迷藏
129,4,0.5163005609435823,0.17286750805295123,0.25,改日 下次 待会儿 再,再 待会儿 改日 下次,再 改日 待会儿 下次,改日 下次 待会儿 再
130,4,0.358345904735252,-0.045354395361922095,0.75,跳槽 晋升 下海 加盟,加盟 下海 晋升 跳槽,加盟 晋升 跳槽 下海,跳槽 晋升 下海 加盟
131,4,0.4014064177433832,0.022685970816139576,0.5,落 落下 落地 下落,下落 落地 落下 落,落下 落地 落 下落,落 落下 落地 下落
132,4,0.5091517250533992,0.13289028002091555,0.0,放学 下课 旷课 开夜车,开夜车 放学 旷课 下课,开夜车 旷课 放学 下课,放学 下课 旷课 开夜车
133,10,0.45235157277304827,0.04074492025540169,0.3,网页 网址 主页 网站 登录 浏览器 下载 浏览 微信 账号,登录 微信 账号 浏览器 网站 浏览 下载 主页,网址 登录 网站 微信 网页 浏览 浏览器 主页 下载 账号,网页 网址 主页 网站 登录 浏览器 下载 浏览 微信 账号
134,14,0.5059745426361923,0.11993388493867684,0.07142857142857142,阴天 下雨 晴天 下雪 晴朗 刮风 雨 天气 晴 多云 打雷 雪,雪 雾 打雷 天气 风和日丽 刮风 多云 下雪,刮风 打雷 晴 晴天 晴朗 多云 雨 雪 雾 天气 风和日丽 阴天,阴天 下雨 晴天 下雪 晴朗 刮风 雨 天气 晴 多云 打雷 雪 风和日丽 雾
135,18,0.45731821865666744,0.017257020973455845,0.5,从来不 从不 从来 从没 从未 不曾 没有 没 再也 丝毫 决不 根本,几乎 不肯 不再 完全 不 毫不 决不 没,不 不再 不曾 没 再也 完全 根本 丝毫 从未 从来 从没 几乎,从来不 从不 从来 从没 从未 不曾 没有 没 再也 丝毫 决不 根本 不 不肯 毫不 不再 完全 几乎
136,1,,0.0,0.0,不为人知,不为人知,不为人知,不为人知
137,21,0.45281770340020505,0.08926319483708246,0.19047619047619047,随后 之后 此后 其后 后来 以后 然后 后 紧接着 接着 过后 稍后,于是 最后 后续 继而 同年 日后 接下来 过后,不久 后 往后 以后 后来 然后 后续 于是 稍后 同年 紧接着 其后,随后 之后 此后 其后 后来 以后 然后 后 紧接着 接着 过后 稍后 不久 接下来 于是 往后 最后 日后 继而 后续 同年
138,3,0.4327139604179168,0.012450650201960609,0.3333333333333333,无济于事 得不偿失 不了了之,不了了之 得不偿失 无济于事,无济于事 不了了之 得不偿失,无济于事 得不偿失 不了了之
139,8,0.449441084434072,0.10616509600308108,0.125,予以 加以 作出 给予 不予 进行 作 酌情,作 酌情 不予 进行 作出 给予 加以 予以,酌情 不予 作 给予 加以 进行 作出 予以,予以 加以 作出 给予 不予 进行 作 酌情
140,15,0.45288884349051023,0.041538290105787495,0.4,高于 小于 低于 大于 超过 远远 超出 超越 不亚于 相当于 远 等于,超过 远远 不亚于 等于 超 超越 远 超出,相当于 超出 超过 超越 等于 大于 小于 超 远 介于 远远 不亚于,高于 小于 低于 大于 超过 远远 超出 超越 不亚于 相当于 远 等于 超 仅次于 介于
141,6,0.4721576061033232,0.020456151652550915,0.3333333333333333,津津有味 起劲 不亦乐乎 美滋滋 过瘾 兴高采烈,过瘾 兴高采烈 美滋滋 起劲 津津有味 不亦乐乎,起劲 兴高采烈 津津有味 美滋滋 不亦乐乎 过瘾,津津有味 起劲 不亦乐乎 美滋滋 过瘾 兴高采烈
142,43,0.4516791192553194,-0.0072369387676907045,0.5116279069767442,却 也 反倒 确实 仍然 竟然 依然 仍旧 似乎 倒是 居然 的确,不仅 恰恰 还 却是 都 还是 虽然 终究,纵然 偏偏 仍然 不仅 不但 则 却 又 仍 亦 也 简直,却 也 反倒 确实 仍然 竟然 依然 仍旧 似乎 倒是 居然 的确 反而 不但 依旧 固然 终究 显然 竟 虽 都 还 不仅 偏偏 仍 果真 果然 既 恰恰 却是 又 虽然 还是 亦 着实 则 更是 无疑 纵然 同样 简直 唯独 才
143,2,0.634186373821233,0.3943169990143873,0.0,不仅仅 不止,不仅仅 不止,不止 不仅仅,不仅仅 不止
144,5,0.4843766813627003,0.07686779848256069,0.2,不服气 不满 不服 不以为然 不平,不以为然 不平 不服 不满 不服气,不平 不服 不满 不以为然 不服气,不服气 不满 不服 不以为然 不平
145,4,0.4906044766266344,0.13218277217318986,0.0,麻烦 难处 烦恼 不便,烦恼 难处 不便 麻烦,不便 麻烦 难处 烦恼,麻烦 难处 烦恼 不便
146,5,0.5057274805506973,0.06394304394189816,0.4,恋恋不舍 舍不得 依依不舍 过意不去 不值,过意不去 不值 舍不得 依依不舍 恋恋不舍,舍不得 不值 恋恋不舍 依依不舍 过意不去,恋恋不舍 舍不得 依依不舍 过意不去 不值
147,4,0.45561963514267395,0.038750065367802525,0.5,不假思索 脱口而出 灵机一动 异口同声,异口同声 灵机一动 脱口而出 不假思索,脱口而出 灵机一动 不假思索 异口同声,不假思索 脱口而出 灵机一动 异口同声
148,46,0.4455692625116827,-0.07432792797496648,0.6521739130434783,就算 也许 难道 要不 要不然 反正 说不定 要是 哪怕 不然 只不过 毕竟,不管 不光 如果 或者 就是 这 真的 即使,如果 按说 是不是 就 真的 尤其 顶多 不光 无非 不然 不管 哪怕,就算 也许 难道 要不 要不然 反正 说不定 要是 哪怕 不然 只不过 毕竟 好歹 别说 好像 恐怕 明明 没准儿 那 即便 或许 即使 既然 是不是 看样子 顶多 如果 要么 不光 起码 虽说 要不是 本来 莫非 真的 可是 大概 不如说 按说 无非 不管 就 尤其 就是 这 或者
149,20,0.48587288846793814,0.0846237552183656,0.35,常常 时常 经常 有时 时不时 偶尔 总是 有时候 不时 往往 难免 常,免不了 平时 都会 老是 不免 时时 总是 通常,时常 时时 通常 常 不免 往往 不时 总是 有时候 偶尔 时而 有时,常常 时常 经常 有时 时不时 偶尔 总是 有时候 不时 往往 难免 常 不免 老是 时时 免不了 时而 都会 通常 平时
150,12,0.48856701147813314,0.1417845440522056,0.0,不许 允许 禁止 不准 擅自 严禁 私自 准许 强迫 容许 强行 强制,容许 强行 私自 强制 准许 强迫 不许 不准,私自 不准 严禁 容许 允许 强制 不许 擅自 强行 强迫 准许 禁止,不许 允许 禁止 不准 擅自 严禁 私自 准许 强迫 容许 强行 强制
151,4,0.5611730319094304,0.2178578249378823,0.0,有利 有益 不利 有害,有害 不利 有益 有利,不利 有益 有利 有害,有利 有益 不利 有害
152,19,0.46103560756869433,0.026453159303810758,0.3684210526315789,使 使得 促使 致使 从而 导致 迫使 进而 有助于 以致 有利于 以便,造成 不利于 旨在 有利于 以免 以致 便于 以便,令 使 以免 以便 有助于 促使 使得 迫使 不利于 致使 让 从而,使 使得 促使 致使 从而 导致 迫使 进而 有助于 以致 有利于 以便 不利于 让 令 以免 便于 造成 旨在
153,14,0.5183973145645362,0.08940334827298257,0.2857142857142857,奇特 奇怪 怪异 奇妙 古怪 新奇 神奇 有趣 离奇 神秘 不可思议 稀奇,有趣 不可思议 不同寻常 深奥 稀奇 神秘 新奇 奇特,不同寻常 古怪 稀奇 新奇 离奇 深奥 有趣 奇妙 怪异 奇怪 奇特 神奇,奇特 奇怪 怪异 奇妙 古怪 新奇 神奇 有趣 离奇 神秘 不可思议 稀奇 深奥 不同寻常
154,7,0.45414829851438154,0.08594907704079117,0.14285714285714285,理所当然 顺理成章 天经地义 理直气壮 心安理得 无可厚非 不可避免,不可避免 心安理得 理直气壮 无可厚非 天经地义 顺理成章 理所当然,理直气壮 不可避免 无可厚非 天经地义 心安理得 理所当然 顺理成章,理所当然 顺理成章 天经地义 理直气壮 心安理得 无可厚非 不可避免
155,7,0.5624115961668059,0.2055581961892803,0.14285714285714285,在乎 在意 不在乎 介意 计较 无所谓 理会,理会 无所谓 计较 介意 在乎 在意 不在乎,不在乎 计较 无所谓 理会 在乎 介意 在意,在乎 在意 不在乎 介意 计较 无所谓 理会
156,7,0.5029988738777181,0.08947466317284561,0.14285714285714285,不怎么 不算 不怎么样 不够 不错 够 不大,够 不大 不算 不错 不够 不怎么样 不怎么,够 不大 不够 不算 不怎么样 不错 不怎么,不怎么 不算 不怎么样 不够 不错 够 不大
157,5,0.5237370330456665,0.0393153602281276,0.4,不好意思 抱歉 客气 冒昧 害臊,客气 冒昧 害臊 不好意思 抱歉,抱歉 客气 冒昧 害臊 不好意思,不好意思 抱歉 客气 冒昧 害臊
158,9,0.4875698944140338,0.12077392587703242,0.0,比不上 比起 逊色 相比 比 要好 要强 不如 媲美,相比 要好 媲美 不如 比不上 要强 逊色 比,不如 媲美 比 比不上 逊色 要强 要好 相比 比起,比不上 比起 逊色 相比 比 要好 要强 不如 媲美
159,13,0.49498833930161895,0.0665949181674273,0.3076923076923077,必须 应 须 要 应当 务必 需 需要 应该 不妨 不能不 不宜,需要 不能不 不宜 尽量 不妨 需 应该 务必,必须 务必 应 不妨 不宜 需要 应该 应当 须 需 要 不能不,必须 应 须 要 应当 务必 需 需要 应该 不妨 不能不 不宜 尽量
160,71,0.4910212060334196,-0.04234217168332014,0.7323943661971831,沮丧 羞愧 气愤 惊讶 惋惜 难过 伤心 诧异 伤感 痛心 惭愧 吃惊,自豪 着急 高兴 疑惑 震惊 好笑 不解 慌张,怜惜 吃惊 慌乱 沮丧 慌张 绝望 惊奇 不安 伤感 惋惜 激动 惊慌,沮丧 羞愧 气愤 惊讶 惋惜 难过 伤心 诧异 伤感 痛心 惭愧 吃惊 悲哀 悲伤 悔恨 茫然 惊诧 欣慰 心疼 欣喜 苦恼 失望 愤怒 惊慌 绝望 痛苦 慌张 委屈 心酸 激动 自责 焦急 难堪 疑惑 悲痛 感激 不安 兴奋 难受 生气 怨恨 不解 惊奇 难为情 怜惜 恐惧 慌乱 无奈 失落 扫兴 焦躁 高兴 害怕 后悔 为难 困惑 遗憾 忧愁 好笑 震惊 着急 尴尬 感慨 狼狈 感动 凄凉 焦虑 自豪 哭笑不得 庆幸 歉意
161,2,0.4409708331624391,0.04909786263642092,0.0,不定 定,不定 定,定 不定,不定 定
162,1,,0.0,0.0,不容,不容,不容,不容
163,4,0.506913595926044,0.10506306828751769,0.25,对不起 对得起 辜负 不对,不对 辜负 对不起 对得起,辜负 不对 对不起 对得起,对不起 对得起 辜负 不对
164,36,0.48543796560937874,-0.006041012640486415,0.5833333333333334,嘲笑 讥笑 责备 挖苦 取笑 责怪 嘲弄 鄙视 耻笑 埋怨 骂 指责,看不起 反感 质问 欺负 质疑 调侃 骂 批评,质疑 取笑 抱怨 挖苦 嫌弃 鄙视 不屑 讨厌 妒忌 批评 讥笑 质问,嘲笑 讥笑 责备 挖苦 取笑 责怪 嘲弄 鄙视 耻笑 埋怨 骂 指责 轻蔑 讽刺 嫌弃 嫉妒 瞧不起 抨击 妒忌 看不起 抱怨 不屑 批评 反感 调侃 侮辱 刁难 质问 厌烦 欺负 讨厌 恭维 谴责 歧视 质疑 议论
165,4,0.4652074087606978,0.05451005711110274,0.25,爱不释手 如醉如痴 不已 耳目一新,不已 耳目一新 如醉如痴 爱不释手,不已 爱不释手 耳目一新 如醉如痴,爱不释手 如醉如痴 不已 耳目一新
166,5,0.4680824842784331,0.04817151907101273,0.2,悲剧 不幸 惨痛 厄运 失败,失败 惨痛 厄运 悲剧 不幸,不幸 失败 悲剧 惨痛 厄运,悲剧 不幸 惨痛 厄运 失败
167,7,0.5471415592555567,0.18847580623967558,0.14285714285714285,只得 不得不 不得已 只好 被迫 无可奈何 不惜,无可奈何 不惜 被迫 只好 不得已 不得不 只得,不得不 不得已 不惜 只得 只好 被迫 无可奈何,只得 不得不 不得已 只好 被迫 无可奈何 不惜
168,4,0.40475859337260306,-0.08142777124492086,0.75,有待 不得而知 未知数 值得,不得而知 值得 未知数 有待,不得而知 有待 值得 未知数,有待 不得而知 未知数 值得
169,13,0.4970069419210094,0.06697670685236758,0.23076923076923078,何必 不必 不要 用不着 不用 别 何苦 免得 非得 不至于 用得着 宁可,不要 宁可 免得 别 不至于 未免 用得着 非得,别 不必 不用 免得 用不着 用得着 不要 未免 何苦 何必 非得 不至于,何必 不必 不要 用不着 不用 别 何苦 免得 非得 不至于 用得着 宁可 未免
170,3,0.5293823849490228,0.20826924911116418,0.0,摔倒 晕倒 不慎,不慎 晕倒 摔倒,不慎 摔倒 晕倒,摔倒 晕倒 不慎
171,10,0.4958632965090902,0.08953793097185272,0.2,奋勇 英勇 拼搏 奋斗 顽强 勇往直前 搏斗 不懈 战斗 前赴后继,搏斗 战斗 拼搏 不懈 奋斗 前赴后继 勇往直前 顽强,不懈 前赴后继 顽强 英勇 奋勇 搏斗 奋斗 战斗 勇往直前 拼搏,奋勇 英勇 拼搏 奋斗 顽强 勇往直前 搏斗 不懈 战斗 前赴后继
172,3,0.41951747955637014,0.008237910850751574,0.6666666666666666,办不到 照办 不成,不成 照办 办不到,不成 照办 办不到,办不到 照办 不成
173,8,0.48860573733687457,0.08163409045369886,0.25,赐教 指教 请坐 谢谢 不敢当 久仰 过奖 指点,不敢当 谢谢 指点 久仰 请坐 过奖 赐教 指教,请坐 不敢当 久仰 谢谢 指教 指点 过奖 赐教,赐教 指教 请坐 谢谢 不敢当 久仰 过奖 指点
174,13,0.49576969486580535,0.05511147266086107,0.23076923076923078,逐渐 日益 日趋 逐步 逐年 急剧 渐渐 趋于 不断 增多 有所 与日俱增,大幅度 渐渐 有所 增多 逐渐 不断 逐步 趋于,日益 增多 大幅度 不断 渐渐 趋于 逐年 有所 逐渐 逐步 急剧 日趋,逐渐 日益 日趋 逐步 逐年 急剧 渐渐 趋于 不断 增多 有所 与日俱增 大幅度
175,6,0.5141915587231624,0.18616689821962076,0.0,容易 不易 轻易 轻而易举 难 不难,难 轻而易举 不难 轻易 不易 容易,轻而易举 不易 难 不难 轻易 容易,容易 不易 轻易 轻而易举 难 不难
176,9,0.4792115239048822,0.11343606815012991,0.0,衰退 不景气 低迷 萧条 萎缩 好转 复苏 恶化 低谷,低谷 恶化 萎缩 复苏 好转 低迷 萧条 衰退,复苏 不景气 萧条 低迷 低谷 恶化 衰退 好转 萎缩,衰退 不景气 低迷 萧条 萎缩 好转 复苏 恶化 低谷
177,4,0.5457999704010341,0.1824991756847372,0.0,作风 不正之风 风气 官僚主义,官僚主义 风气 作风 不正之风,官僚主义 风气 不正之风 作风,作风 不正之风 风气 官僚主义
178,3,0.4124742654954578,-0.08311109843524632,0.6666666666666666,不理 不见 耍赖,耍赖 不见 不理,耍赖 不理 不见,不理 不见 耍赖
179,6,0.5696330896816623,0.26072061369586025,0.0,说不上 难说 好说 很难说 谈不上 不用说,不用说 好说 谈不上 说不上 很难说 难说,谈不上 很难说 不用说 说不上 难说 好说,说不上 难说 好说 很难说 谈不上 不用说
180,27,0.486378324368563,0.07897375421024316,0.14814814814814814,怎么 什么 怎样 呢 哪里 哪儿 究竟 干什么 谁 哪 到底 怎么样,为什么 有没有 多久 不知 干吗 请问 如何 何处,怎么 请问 到底 有没有 吗 呢 哪 哪儿 为什么 哪些 不知 干什么,怎么 什么 怎样 呢 哪里 哪儿 究竟 干什么 谁 哪 到底 怎么样 吗 怎么办 什么样 干吗 哪些 多少 如何 何时 何处 为什么 不知 有没有 多久 请问 是否
181,5,0.5024932309146023,0.056334754443109994,0.4,不知不觉 潜移默化 无形中 自然而然 不经意,潜移默化 无形中 自然而然 不经意 不知不觉,自然而然 不经意 不知不觉 潜移默化 无形中,不知不觉 潜移默化 无形中 自然而然 不经意
182,2,0.4793402194165328,0.152140792454429,0.0,不辞而别 不翼而飞,不辞而别 不翼而飞,不翼而飞 不辞而别,不辞而别 不翼而飞
183,22,0.49977063730062676,0.023534169969242656,0.4090909090909091,摇头 苦笑 冷笑 小声 叹气 说道 笑 点头 大声 自言自语 咧嘴 嚷,嚷 大声 瞪 不耐烦 嬉笑 说 反问 会意,插嘴 嚷 自言自语 笑 瞪 咧嘴 嬉笑 微笑 叹气 大声 冷笑 小声,摇头 苦笑 冷笑 小声 叹气 说道 笑 点头 大声 自言自语 咧嘴 嚷 插嘴 反问 说 瞪 嬉笑 微笑 不耐烦 道 指着 会意
184,14,0.4787270785660697,0.04331945729524011,0.35714285714285715,刻苦 钻研 用功 学习 勤奋 好学 自学 读书 苦练 学艺 学 不耻下问,学 治学 苦练 勤奋 学艺 不耻下问 虚心 读书,学 虚心 刻苦 用功 不耻下问 读书 苦练 好学 钻研 治学 勤奋 学习,刻苦 钻研 用功 学习 勤奋 好学 自学 读书 苦练 学艺 学 不耻下问 虚心 治学
185,2,0.4576095090627361,0.06771889956434105,0.5,不良 恶劣,恶劣 不良,不良 恶劣,不良 恶劣
186,31,0.5052955890568313,0.046566602104343005,0.4838709677419355,哎 啊 呀 唉 嘛 哎呀 哈哈 哇 哦 嘿 吧 啦,你们 好玩儿 你 挺好 没事儿 人家 没说的 可不是,没关系 拜托 不要紧 吧 呀 咱 哎 哇 哦 哼 唉 啦,哎 啊 呀 唉 嘛 哎呀 哈哈 哇 哦 嘿 吧 啦 咱 哼 你们 没事儿 你 咱们 没错 再说 没关系 挺好 拜托 快点儿 人家 不要紧 敢情 没说的 好玩儿 好家伙 可不是
187,3,0.6523529416419163,0.4403674234231237,0.0,无论 不论 无论如何,无论如何 不论 无论,无论 无论如何 不论,无论 不论 无论如何
188,5,0.5031906046981618,0.13862186224357426,0.0,无足轻重 微不足道 不起眼 无关紧要 默默无闻,默默无闻 不起眼 无关紧要 微不足道 无足轻重,微不足道 不起眼 无关紧要 无足轻重 默默无闻,无足轻重 微不足道 不起眼 无关紧要 默默无闻
189,8,0.5325241500683431,0.1536322118998452,0.125,欠缺 缺乏 缺少 缺失 不足 缺 薄弱 滞后,薄弱 滞后 缺 不足 缺失 欠缺 缺乏 缺少,缺 欠缺 滞后 不足 薄弱 缺乏 缺少 缺失,欠缺 缺乏 缺少 缺失 不足 缺 薄弱 滞后
190,23,0.5084123636726199,0.047926103248811656,0.2608695652173913,头晕 咳嗽 呕吐 疼痛 心慌 烦躁 痒 疼 痛 胀 发热 咳,喘 痰 咳 晕车 疲劳 咳嗽 发烧 出汗,疲劳 咳 喘 心慌 疼 痒 痛 痰 晕车 疼痛 发热 发烧,头晕 咳嗽 呕吐 疼痛 心慌 烦躁 痒 疼 痛 胀 发热 咳 肿 失眠 恶心 烦闷 出汗 发烧 晕车 痰 不适 喘 疲劳
191,9,0.4578312499898218,0.06417893000127835,0.3333333333333333,通畅 畅通 疏通 顺畅 打通 不通 堵塞 通顺 切断,切断 通顺 堵塞 打通 不通 顺畅 疏通 畅通,堵塞 疏通 顺畅 通顺 打通 畅通 不通 切断 通畅,通畅 畅通 疏通 顺畅 打通 不通 堵塞 通顺 切断
192,9,0.4618828527934114,0.07232147689674352,0.2222222222222222,顾不上 顾不得 来不及 不顾 顾及 只顾 来得及 懒得 顾,懒得 顾 顾及 只顾 来得及 不顾 来不及 顾不得,来不及 来得及 顾 不顾 懒得 只顾 顾及 顾不上 顾不得,顾不上 顾不得 来不及 不顾 顾及 只顾 来得及 懒得 顾
193,4,0.5701872469688483,0.29790748073886114,0.0,与 跟 同 与其,与其 跟 同 与,同 与 跟 与其,与 跟 同 与其
194,6,0.49158445901161857,0.13580416845140839,0.0,好坏 衡量 与否 评判 高低 取决于,取决于 评判 高低 好坏 与否 衡量,衡量 评判 好坏 与否 高低 取决于,好坏 衡量 与否 评判 高低 取决于
195,3,0.3674746474546126,-0.06800316236005362,0.6666666666666666,与时俱进 实事求是 日新月异,日新月异 实事求是 与时俱进,日新月异 实事求是 与时俱进,与时俱进 实事求是 日新月异
196,6,0.5068125691191584,0.14158861796533692,0.0,好看 丑 难看 帅 漂亮 贱,贱 漂亮 难看 帅 好看 丑,帅 漂亮 丑 好看 贱 难看,好看 丑 难看 帅 漂亮 贱
197,29,0.5021302009849896,-0.005467254132573753,0.5172413793103449,卑鄙 可恶 凶残 残忍 愚蠢 丑恶 凶恶 狡猾 邪恶 可笑 丑陋 可耻,冷酷 悲惨 拙劣 粗鲁 骇人听闻 蠢 贪婪 可笑,粗鲁 虚伪 卑鄙 贪婪 恶 丑恶 可怕 可恶 可悲 狡猾 冷酷 丑陋,卑鄙 可恶 凶残 残忍 愚蠢 丑恶 凶恶 狡猾 邪恶 可笑 丑陋 可耻 可悲 奸诈 虚伪 荒谬 可怕 罪恶 荒诞 冷酷 残酷 蠢 粗鲁 悲惨 恐怖 贪婪 拙劣 骇人听闻 恶
198,6,0.45993068275280674,0.09281733834375606,0.16666666666666666,风波 丑闻 事件 绯闻 沸沸扬扬 危机,危机 绯闻 事件 沸沸扬扬 风波 丑闻,事件 绯闻 丑闻 沸沸扬扬 危机 风波,风波 丑闻 事件 绯闻 沸沸扬扬 危机
199,17,0.4843601020219118,0.10241238751599202,0.17647058823529413,硕士 研究生 本科 学位 攻读 学士 函授 进修 学历 文凭 选修 在职,学科 选修 专业 学历 学院 学分 进修 函授,专业 工科 研究生 选修 在职 进修 本科 函授 硕士 学科 攻读 学士,硕士 研究生 本科 学位 攻读 学士 函授 进修 学历 文凭 选修 在职 学分 工科 学科 学院 专业
200,5,0.4470318201556106,0.062265210972479466,0.2,定时 随时 随时随地 定期 专人,专人 随时随地 定时 定期 随时,专人 随时随地 定时 定期 随时,定时 随时 随时随地 定期 专人
201,3,0.4013572459911899,0.023871035467552384,0.6666666666666666,技术 应用 专利,应用 专利 技术,专利 技术 应用,技术 应用 专利
202,8,0.5095384947991216,0.07586111715213463,0.25,腐朽 专制 封建 官僚 腐化 腐败 僵化 资本主义,僵化 资本主义 腐化 腐败 官僚 专制 腐朽 封建,专制 资本主义 腐朽 僵化 腐化 官僚 腐败 封建,腐朽 专制 封建 官僚 腐化 腐败 僵化 资本主义
203,21,0.4594715575331476,0.09398613423826817,0.09523809523809523,超市 商场 商店 药店 连锁店 书店 专卖店 便利店 店 专柜 百货 连锁,柜台 零售 售货员 加油站 商城 菜市场 药店 邮局,邮局 加油站 网点 店 柜台 菜市场 零售 超市 商城 商场 商店 连锁店,超市 商场 商店 药店 连锁店 书店 专卖店 便利店 店 专柜 百货 连锁 报亭 菜市场 网点 零售 售货员 加油站 邮局 柜台 商城
204,10,0.45417621242833134,0.0764232788629774,0.2,教授 学者 院士 博士 科学家 专家 工程师 导师 建筑师 研究所,建筑师 研究所 导师 专家 博士 工程师 学者 科学家,专家 科学家 研究所 博士 工程师 院士 导师 建筑师 教授 学者,教授 学者 院士 博士 科学家 专家 工程师 导师 建筑师 研究所
205,3,0.5640371148341499,0.27136888232998174,0.0,专心 专注 聚精会神,聚精会神 专注 专心,专心 聚精会神 专注,专心 专注 聚精会神
206,6,0.47370765595377,0.1110321463403199,0.0,博客 微博 帖子 专栏 文章 头条,文章 头条 专栏 帖子 微博 博客,博客 微博 帖子 文章 头条 专栏,博客 微博 帖子 专栏 文章 头条
207,2,0.4517075759596818,0.1508878892069246,0.0,专用 公用,公用 专用,公用 专用,专用 公用
208,22,0.490506146123557,0.09417981166475196,0.3181818181818182,赶赴 赶往 前往 奔赴 抵达 来到 赶到 起程 飞往 到达 动身 离开,专程 出发 走进 回国 离开 前来 回到 踏上,飞往 返回 离开 赶到 赶往 赴 回国 回到 前来 出发 赶赴 抵达,赶赴 赶往 前往 奔赴 抵达 来到 赶到 起程 飞往 到达 动身 离开 返回 赴 回到 直奔 踏上 专程 走进 前来 出发 回国
209,12,0.4629385630795273,0.004412089543723294,0.6666666666666666,聘用 聘 招聘 聘请 雇佣 应聘 招募 兼职 雇 招收 招揽 专职,招收 雇佣 招募 应聘 雇 招揽 招聘 兼职,招聘 应聘 专职 雇 聘 聘请 聘用 招揽 招收 招募 雇佣 兼职,聘用 聘 招聘 聘请 雇佣 应聘 招募 兼职 雇 招收 招揽 专职
210,24,0.4405269668306541,0.033338449402006386,0.375,书籍 专著 著作 教材 辞典 词典 名著 书 出版 百科全书 字典 课本,手册 主编 传记 杂志 课本 册 刊物 出版社,图书 词典 册 书 课本 名著 论文 著作 专著 刊物 辞典 译,书籍 专著 著作 教材 辞典 词典 名著 书 出版 百科全书 字典 课本 刊物 论文 教科书 图书 册 文献 传记 杂志 出版社 手册 主编 译
211,54,0.4719276249464826,0.05285940176121303,0.35185185185185186,演唱 演奏 独唱 歌曲 合唱 舞蹈 乐曲 歌剧 伴奏 歌唱 民歌 交响乐,杂技 诗歌 歌声 歌手 话剧 创作 唱 歌,交响乐 唱歌 乐队 唱 芭蕾 诗歌 朗诵 独唱 曲 歌 剧团 伴奏,演唱 演奏 独唱 歌曲 合唱 舞蹈 乐曲 歌剧 伴奏 歌唱 民歌 交响乐 音乐 歌舞 旋律 唱 演出 表演 朗诵 乐队 戏剧 歌词 音乐会 话剧 歌手 笛子 吉他 芭蕾 京剧 唱歌 歌 戏曲 诗歌 小提琴 歌声 乐器 杂技 秧歌 排练 抒情 剧目 摇滚 钢琴 相声 创作 舞 演唱会 小曲 曲 主题歌 歌咏 剧团 专辑 小品
212,4,0.6042878402028858,0.27103043609605487,0.25,特意 特地 专门 亲自,亲自 专门 特意 特地,专门 亲自 特地 特意,特意 特地 专门 亲自
213,5,0.4012659431906641,0.020183205902214715,0.4,主题 题材 专题 概念 系列,系列 概念 专题 题材 主题,概念 题材 系列 专题 主题,主题 题材 专题 概念 系列
214,9,0.45884525873211707,0.07758145508033647,0.1111111111111111,并且 且 因而 故 并 后者 而是 前者 其,其 前者 而是 故 后者 因而 并且 并,并且 其 并 且 故 而是 因而 前者 后者,并且 且 因而 故 并 后者 而是 前者 其
215,12,0.47648258830365253,0.01497710320830622,0.25,后代 子孙 后裔 祖先 祖宗 后人 辈 家族 世袭 姓氏 世代 血缘,姓氏 世代 家族 辈 世袭 后人 后裔 血缘,祖先 祖宗 子孙 后人 后代 世代 姓氏 辈 血缘 家族 世袭 后裔,后代 子孙 后裔 祖先 祖宗 后人 辈 家族 世袭 姓氏 世代 血缘
216,18,0.48349791528216823,0.027464849934632538,0.2777777777777778,自私 无知 懒惰 自以为是 自私自利 傲慢 幼稚 狭隘 自卑 软弱 固执 无能,软弱 爱面子 糊涂 狭隘 庸俗 鲁莽 世故 自卑,爱面子 无能 糊涂 软弱 无知 世故 幼稚 懒惰 固执 自负 庸俗 自私,自私 无知 懒惰 自以为是 自私自利 傲慢 幼稚 狭隘 自卑 软弱 固执 无能 庸俗 鲁莽 世故 爱面子 糊涂 自负
217,8,0.48485112596151947,0.08563729238221293,0.25,全球 全世界 国内 世界 全国 国际 海内外 中国,中国 海内外 国际 国内 全球 全国 世界 全世界,中国 海内外 全国 国内 全球 世界 全世界 国际,全球 全世界 国内 世界 全国 国际 海内外 中国
218,27,0.4713450408025608,0.08417276058560484,0.14814814814814814,决赛 冠军 亚军 预赛 半决赛 银牌 比赛 世界杯 铜牌 夺冠 金牌 奖牌,入场券 联赛 夺魁 赛 杯 大赛 赛场 选手,东道主 参赛 选手 决赛 奥运会 杯 赛场 联赛 铜牌 入场券 双打 金牌,决赛 冠军 亚军 预赛 半决赛 银牌 比赛 世界杯 铜牌 夺冠 金牌 奖牌 参赛 奥运会 赛场 单打 大奖赛 选手 赛 亚运会 双打 联赛 大赛 夺魁 东道主 杯 入场券
219,7,0.45046233553867954,0.07189714287312292,0.14285714285714285,顶级 顶尖 世界级 高手 精英 重量级 巅峰,高手 重量级 巅峰 精英 世界级 顶级 顶尖,顶级 顶尖 精英 巅峰 重量级 世界级 高手,顶级 顶尖 世界级 高手 精英 重量级 巅峰
220,2,0.4746864664301489,0.13007606668286692,0.0,时代 世纪,时代 世纪,世纪 时代,时代 世纪
221,33,0.45695627923007526,0.02636652642508941,0.3939393939393939,山岭 山坡 山谷 峡谷 丘陵 高山 山峰 沼泽 雪山 树林 山顶 沙漠,地形 瀑布 山路 河流 丛林 礁石 小溪 沙漠,丘陵 湖泊 坡 山 瀑布 岩石 树林 河流 山谷 山路 海拔 沼泽,山岭 山坡 山谷 峡谷 丘陵 高山 山峰 沼泽 雪山 树林 山顶 沙漠 湖泊 平原 河流 悬崖 小溪 草原 高原 丛林 山区 岩石 山 礁石 山冈 草地 森林 山路 海拔 戈壁 瀑布 地形 坡
222,3,0.7105063583108052,0.5525076112646299,0.0,乙 甲 丙,丙 甲 乙,乙 丙 甲,乙 甲 丙
223,1,,0.0,0.0,业,业,业,业
224,3,0.47164580542471213,0.12594428546803793,0.0,职业 职业病 业余,职业病 业余 职业,职业病 业余 职业,职业 职业病 业余
225,13,0.4211568862888036,-0.03216515243764661,0.6153846153846154,企业 行业 业务 产品 产业 厂商 领域 市场 公司 厂家 板块 项目,厂家 客户 公司 产业 板块 产品 项目 行业,板块 行业 项目 企业 业务 产业 客户 市场 产品 领域 公司 厂家,企业 行业 业务 产品 产业 厂商 领域 市场 公司 厂家 板块 项目 客户
226,6,0.5207534461632095,0.16786807569842024,0.0,盈利 利润 业绩 收益 亏损 效益,亏损 收益 效益 业绩 利润 盈利,收益 效益 盈利 利润 业绩 亏损,盈利 利润 业绩 收益 亏损 效益
227,18,0.4986172985512972,0.13812717454165457,0.16666666666666666,北部 南部 东南 西北 西南 东部 北 南 西部 东北 中部 西,交界 沿海 南北 南方 北方 北 东 中部,东北 东南 北 南 东 北部 东部 西部 南北 南方 沿海 交界,北部 南部 东南 西北 西南 东部 北 南 西部 东北 中部 西 东 南北 北方 沿海 南方 交界
228,9,0.49000026619900283,0.08055820218955963,0.2222222222222222,奔波 操劳 辛苦 劳累 辛勤 忙碌 风餐露宿 东奔西走 心血,心血 忙碌 风餐露宿 东奔西走 辛勤 劳累 辛苦 操劳,操劳 劳累 东奔西走 辛勤 辛苦 风餐露宿 忙碌 奔波 心血,奔波 操劳 辛苦 劳累 辛勤 忙碌 风餐露宿 东奔西走 心血
229,4,0.4388446873610359,0.08147594582174625,0.25,曙光 黎明 光明 东方,东方 光明 黎明 曙光,光明 黎明 曙光 东方,曙光 黎明 光明 东方
230,2,0.5571200129230922,0.21549558951312792,0.0,玩意儿 东西,玩意儿 东西,东西 玩意儿,玩意儿 东西
231,3,0.4117600150931106,0.029502072786141004,0.3333333333333333,片 大片 丝,丝 大片 片,丝 片 大片,片 大片 丝
232,8,0.4655137607916778,0.14437889500976833,0.0,纱 织 纺织 化纤 棉 丝绸 布 染,染 布 丝绸 棉 纺织 织 化纤 纱,纺织 布 纱 织 染 棉 丝绸 化纤,纱 织 纺织 化纤 棉 丝绸 布 染
233,8,0.46409819548671344,0.014812113918272245,0.5,拿走 丢 拿 丢掉 掏 偷 拿出 掉,偷 拿出 掏 掉 丢掉 丢 拿走 拿,拿出 偷 丢 拿 掏 掉 丢掉 拿走,拿走 丢 拿 丢掉 掏 偷 拿出 掉
234,7,0.5100800465418126,0.08882918858250839,0.0,丢人 丢脸 倒霉 活该 惨 耻辱 冤枉,耻辱 惨 冤枉 活该 倒霉 丢脸 丢人,惨 丢人 冤枉 耻辱 活该 丢脸 倒霉,丢人 丢脸 倒霉 活该 惨 耻辱 冤枉
235,8,0.4751678118818764,0.0972438876713481,0.125,毁坏 烧毁 丢弃 遗弃 毁 丢失 销毁 焚烧,丢失 焚烧 毁 销毁 遗弃 丢弃 毁坏 烧毁,丢失 丢弃 毁 毁坏 遗弃 焚烧 销毁 烧毁,毁坏 烧毁 丢弃 遗弃 毁 丢失 销毁 焚烧
236,1,,0.0,0.0,两岸,两岸,两岸,两岸
237,11,0.46226222649104465,0.07294710463102068,0.36363636363636365,小型 中型 大型 轻型 微型 巨型 重型 新型 型 多功能 两栖,微型 多功能 新型 两栖 巨型 型 重型 轻型,重型 型 微型 新型 中型 大型 小型 巨型 两栖 轻型 多功能,小型 中型 大型 轻型 微型 巨型 重型 新型 型 多功能 两栖
238,6,0.48666309143717446,0.05078459900776608,0.16666666666666666,严格 严 严厉 严密 苛刻 把关,苛刻 把关 严厉 严密 严 严格,严密 严厉 严 严格 苛刻 把关,严格 严 严厉 严密 苛刻 把关
239,11,0.4894849953333753,0.024029660859766475,0.36363636363636365,紧迫 急迫 艰巨 迫切 严峻 繁重 艰难 困难 棘手 窘迫 急需,艰难 困难 急需 艰巨 窘迫 繁重 严峻 棘手,严峻 艰难 窘迫 紧迫 艰巨 迫切 急迫 困难 急需 棘手 繁重,紧迫 急迫 艰巨 迫切 严峻 繁重 艰难 困难 棘手 窘迫 急需
240,3,0.40367695929114666,-0.02658807130685717,0.6666666666666666,严肃 郑重 端正,郑重 端正 严肃,郑重 端正 严肃,严肃 郑重 端正
241,8,0.4395686059218775,0.007904540270158363,0.25,兢兢业业 踏实 严谨 扎实 精益求精 敬业 务实 持之以恒,持之以恒 严谨 兢兢业业 敬业 精益求精 扎实 务实 踏实,务实 敬业 精益求精 兢兢业业 持之以恒 扎实 踏实 严谨,兢兢业业 踏实 严谨 扎实 精益求精 敬业 务实 持之以恒
242,6,0.4908518583539125,0.021374742867410562,0.5,明显 显著 突出 凸显 显而易见 严重,显而易见 凸显 严重 显著 突出 明显,显著 明显 凸显 突出 显而易见 严重,明显 显著 突出 凸显 显而易见 严重
243,5,0.4828646280784719,0.14179688007682928,0.4,丧失 失去 消失 迷失 剥夺,迷失 剥夺 消失 丧失 失去,迷失 剥夺 消失 失去 丧失,丧失 失去 消失 迷失 剥夺
244,8,0.512697510374229,0.1171994213807252,0.125,遇难 丧生 失踪 死亡 伤亡 倒塌 空难 幸存,倒塌 幸存 伤亡 空难 死亡 失踪 丧生 遇难,幸存 伤亡 失踪 倒塌 空难 死亡 遇难 丧生,遇难 丧生 失踪 死亡 伤亡 倒塌 空难 幸存
245,2,0.48939029691472624,0.12892815561558876,0.0,个 家,个 家,家 个,个 家
246,2,0.5495187796993724,0.22628703064808353,0.0,个人 本人,本人 个人,本人 个人,个人 本人
247,3,0.47673048394044376,0.12848477180301213,0.3333333333333333,群体 人群 个体,个体 人群 群体,人群 群体 个体,群体 人群 个体
248,7,0.4636070594665201,0.04076380609212589,0.2857142857142857,个头儿 个儿 胖 矮 个子 秃 歪,胖 秃 歪 个子 矮 个儿 个头儿,秃 矮 歪 个头儿 胖 个儿 个子,个头儿 个儿 胖 矮 个子 秃 歪
249,6,0.46775556249908173,0.009709793662250355,0.3333333333333333,魅力 趣味 乐趣 激情 动感 个性,魅力 个性 动感 乐趣 激情 趣味,激情 乐趣 趣味 魅力 动感 个性,魅力 趣味 乐趣 激情 动感 个性
250,2,0.41540465591219766,0.012937509447322589,0.5,个案 典型,个案 典型,典型 个案,个案 典型
251,4,0.5847770090667199,0.31623606063085385,0.0,当中 中 之中 其中,其中 之中 中 当中,中 当中 其中 之中,当中 中 之中 其中
252,4,0.41579232923848414,-0.04777291796733637,0.25,房地产 中介 开发商 二手车,二手车 开发商 中介 房地产,中介 房地产 二手车 开发商,房地产 中介 开发商 二手车
253,38,0.46527083849538126,0.044494570414614965,0.3157894736842105,急诊 治疗 门诊 医院 医生 儿科 就诊 外科 住院 病人 手术 内科,医务 输液 挂号 会诊 救治 疗法 护理 医疗,临床 看病 疗法 挂号 门诊 打针 诊所 诊断 会诊 中医 急诊 护理,急诊 治疗 门诊 医院 医生 儿科 就诊 外科 住院 病人 手术 内科 针灸 西医 看病 打针 救治 临床 手术室 中医 急救 会诊 护士 诊所 挂号 诊断 求医 治病 出院 医学 输液 康复 就医 护理 医疗 医务 疗法 大夫
254,3,0.3550840463757019,-0.07102385796794458,1.0,大地 阳光 中华,阳光 中华 大地,阳光 中华 大地,大地 阳光 中华
255,6,0.5286683463114686,0.17075748208019703,0.0,弘扬 发扬 发扬光大 传承 继承 中华民族,中华民族 传承 继承 弘扬 发扬 发扬光大,发扬 传承 发扬光大 弘扬 继承 中华民族,弘扬 发扬 发扬光大 传承 继承 中华民族
256,21,0.5143972760143989,0.1369152283275518,0.19047619047619047,绘画 油画 国画 画 素描 中国画 雕塑 壁画 画家 美术 书法 画展,雕刻 插图 画展 幅 艺术 画册 壁画 画家,雕塑 雕刻 插图 幅 肖像 图画 画 艺术 画展 画家 画册 画儿,绘画 油画 国画 画 素描 中国画 雕塑 壁画 画家 美术 书法 画展 图画 年画 画册 肖像 雕刻 艺术 画儿 插图 幅
257,13,0.4540240229477712,0.014431311742827576,0.3076923076923077,外国 国外 海外 境外 外地 外资 外籍 外企 内地 外来 中外 跨国,内地 境外 本土 外地 中外 外企 外籍 外来,境外 海外 本土 中外 国外 跨国 外资 外来 外籍 外企 内地 外国,外国 国外 海外 境外 外地 外资 外籍 外企 内地 外来 中外 跨国 本土
258,1,,0.0,0.0,中央,中央,中央,中央
259,5,0.529115462619723,0.16264016152326896,0.0,抽奖 中奖 奖品 恭喜 幸运,幸运 恭喜 中奖 奖品 抽奖,抽奖 中奖 恭喜 奖品 幸运,抽奖 中奖 奖品 恭喜 幸运
260,14,0.47448966991365144,0.04545485278733017,0.2857142857142857,青少年 中学生 儿童 青年 少年 大学生 小学生 未成年人 少儿 残疾人 盲人 聋人,学子 儿童 未成年人 老年 聋人 大学生 少儿 盲人,聋人 未成年人 盲人 青少年 大学生 小学生 老年 残疾人 学子 中学生 青年 儿童,青少年 中学生 儿童 青年 少年 大学生 小学生 未成年人 少儿 残疾人 盲人 聋人 老年 学子
261,11,0.47152637029694705,0.09385219627860007,0.2727272727272727,年纪 年龄 岁数 年轻 岁 年迈 中年 成年 高龄 阅历 资历,成年 资历 阅历 高龄 年迈 中年 年轻 岁,年迈 年轻 岁 岁数 年纪 中年 资历 阅历 成年 高龄 年龄,年纪 年龄 岁数 年轻 岁 年迈 中年 成年 高龄 阅历 资历
262,1,,0.0,0.0,中庸,中庸,中庸,中庸
263,1,,0.0,0.0,中心,中心,中心,中心
264,3,0.3886533119846398,-0.032682847765334776,0.6666666666666666,温和 中性 收敛,温和 收敛 中性,收敛 中性 温和,温和 中性 收敛
265,27,0.47904365880009936,0.0962964606054711,0.2962962962962963,汉语 英语 日语 俄语 法语 英文 外语 普通话 口语 中文 语法 西班牙语,词汇 字母 流利 读音 翻译 字幕 汉字 华语,读音 词汇 华语 流利 俄语 语言 语法 口语 口音 中文 法语 汉字,汉语 英语 日语 俄语 法语 英文 外语 普通话 口语 中文 语法 西班牙语 语言 方言 汉字 阿拉伯语 词汇 繁体字 翻译 简体字 读音 流利 字母 字幕 口音 外文 华语
266,12,0.4508194463311349,0.039586007095025584,0.25,中止 停止 暂停 终止 取消 中断 关闭 撤销 停业 解散 放弃 停顿,停顿 放弃 停业 暂停 取消 解散 停止 中断,暂停 终止 取消 停业 停止 中止 中断 解散 放弃 关闭 撤销 停顿,中止 停止 暂停 终止 取消 中断 关闭 撤销 停业 解散 放弃 停顿
267,9,0.47604803741132073,0.10081550980309553,0.2222222222222222,初期 早期 后期 晚期 时期 年代 中期 前期 初,年代 时期 初 晚期 前期 中期 早期 后期,早期 时期 初 年代 晚期 后期 中期 初期 前期,初期 早期 后期 晚期 时期 年代 中期 前期 初
268,44,0.4855124998892827,0.04068244903068112,0.3409090909090909,急性 病症 疾病 癌症 炎症 慢性 发病 抑郁症 症状 心脏病 糖尿病 高血压,失明 休克 骨折 肥胖 中毒 感冒 艾滋病 抑郁,传染病 骨折 流感 肿瘤 糖尿病 病 癌 腹泻 患 肥胖 患有 患病,急性 病症 疾病 癌症 炎症 慢性 发病 抑郁症 症状 心脏病 糖尿病 高血压 病 腹泻 复发 患病 患 发作 确诊 患有 发炎 肿瘤 出血 患者 痴呆 感冒 病情 传染病 癌 精神病 抑郁 流感 过敏 血栓 艾滋病 感染 骨折 治愈 肥胖 中毒 霍乱 休克 失明 传染
269,30,0.5048666501474197,0.1286935181772554,0.16666666666666666,春节 中秋节 清明节 元宵节 除夕 元旦 端午节 圣诞节 假期 节日 佳节 长假,团圆 庙会 周末 节假日 每逢 腊月 初一 假日,清明节 周末 中秋节 新年 元宵节 团圆 暑假 暑期 清明 国庆 元旦 放假,春节 中秋节 清明节 元宵节 除夕 元旦 端午节 圣诞节 假期 节日 佳节 长假 过年 国庆 新年 节假日 暑假 过节 放假 寒假 假日 农历 清明 周末 腊月 暑期 每逢 庙会 初一 团圆
270,8,0.4687654661827089,0.0828265289911656,0.25,公正 公平 公道 正义 平等 民主 中立 透明,民主 正义 中立 透明 公道 平等 公平 公正,平等 中立 透明 公道 民主 公平 公正 正义,公正 公平 公道 正义 平等 民主 中立 透明
271,5,0.484117831141582,0.1811114195491979,0.0,初级 中级 初等 高等 中等,中等 初等 高等 中级 初级,中等 中级 初等 初级 高等,初级 中级 初等 高等 中等
272,14,0.45303777238554904,0.022411676148571227,0.5,药物 药 药品 中药 药片 抗生素 处方 药方 疫苗 医药 胶囊 药材,医药 胶囊 仿制 药材 剂 药方 疫苗 药片,剂 药片 药物 药材 药方 药品 胶囊 药 处方 中药 疫苗 医药,药物 药 药品 中药 药片 抗生素 处方 药方 疫苗 医药 胶囊 药材 剂 仿制
273,9,0.4952322370265541,0.12541987540982316,0.1111111111111111,路途 途中 旅途 旅程 路上 路程 中途 行程 半路,半路 行程 路程 中途 路上 路途 旅程 旅途,旅途 旅程 半路 行程 路途 中途 路上 路程 途中,路途 途中 旅途 旅程 路上 路程 中途 行程 半路
274,24,0.5048448809692274,0.08175222491121746,0.20833333333333334,晚餐 午餐 晚饭 午饭 早餐 早饭 中餐 饭 餐 吃饭 吃 西餐,吃 素食 料理 快餐 顿 吃饭 盒饭 美食,烧烤 吃 晚饭 晚餐 便饭 食堂 快餐 西餐 午餐 午饭 餐 饭,晚餐 午餐 晚饭 午饭 早餐 早饭 中餐 饭 餐 吃饭 吃 西餐 用餐 便饭 年夜饭 盒饭 就餐 快餐 烧烤 食堂 素食 美食 料理 顿
275,8,0.5060336254169601,0.07244508513164816,0.25,深厚 底蕴 积淀 雄厚 悠久 丰厚 得天独厚 渊源,丰厚 得天独厚 底蕴 渊源 悠久 积淀 雄厚 深厚,得天独厚 渊源 积淀 丰厚 深厚 底蕴 雄厚 悠久,深厚 底蕴 积淀 雄厚 悠久 丰厚 得天独厚 渊源
276,4,0.4893497189970806,0.07571023394032697,0.0,丰富 丰富多彩 丰盛 富有,富有 丰富多彩 丰盛 丰富,丰盛 丰富 富有 丰富多彩,丰富 丰富多彩 丰盛 富有
277,3,0.36300747104568715,-0.07453506654427709,0.6666666666666666,丰收 增收 瑞雪,瑞雪 增收 丰收,增收 丰收 瑞雪,丰收 增收 瑞雪
278,12,0.5150163621604625,0.08151582766570248,0.25,壮实 健壮 结实 强壮 苗条 修长 丰满 身材 矮小 高大 红润 饱满,红润 饱满 身材 矮小 修长 苗条 丰满 高大,身材 红润 健壮 苗条 强壮 矮小 丰满 修长 壮实 结实 高大 饱满,壮实 健壮 结实 强壮 苗条 修长 丰满 身材 矮小 高大 红润 饱满
279,8,0.4670143291577958,0.07823626885432772,0.125,成果 成效 成就 丰硕 硕果 成绩 建树 贡献,贡献 成效 成绩 丰硕 硕果 建树 成就 成果,建树 丰硕 成就 成绩 成果 成效 硕果 贡献,成果 成效 成就 丰硕 硕果 成绩 建树 贡献
280,6,0.4563570465060425,0.05932501905688114,0.3333333333333333,束 缕 根 颗 朵 串,根 颗 朵 串 缕 束,串 缕 束 朵 根 颗,束 缕 根 颗 朵 串
281,13,0.502844811991501,0.05123423885960777,0.3076923076923077,溜达 聊天儿 玩耍 散步 玩儿 遛 晒太阳 逛 转悠 串门 打牌 侃大山,玩儿 聊天儿 转悠 打牌 侃大山 串门 跳舞 散步,晒太阳 串门 跳舞 玩儿 侃大山 逛 遛 玩耍 转悠 溜达 打牌 散步,溜达 聊天儿 玩耍 散步 玩儿 遛 晒太阳 逛 转悠 串门 打牌 侃大山 跳舞
282,1,,0.0,0.0,临,临,临,临
283,1,,0.0,0.0,临时,临时,临时,临时
284,20,0.475274598490648,0.03176818709654981,0.3,楼房 住宅 房子 房屋 别墅 居民楼 公寓 幢 栋 新房 临街 写字楼,小区 车位 居住 住户 新房 物业 住房 四合院,房子 房屋 物业 屋 幢 别墅 栋 新房 写字楼 楼房 小区 居住,楼房 住宅 房子 房屋 别墅 居民楼 公寓 幢 栋 新房 临街 写字楼 小区 住户 住房 物业 屋 四合院 居住 车位
285,9,0.4615921959079022,0.03411044820547625,0.3333333333333333,靠近 距离 离 接近 逼近 距 临近 贴近 靠拢,接近 临近 靠拢 贴近 逼近 距 距离 离,距离 离 靠拢 靠近 距 临近 逼近 贴近 接近,靠近 距离 离 接近 逼近 距 临近 贴近 靠拢
286,4,0.3967052466124634,-0.008625023060758553,0.5,服用 服 丸 食用,食用 丸 服 服用,丸 食用 服 服用,服用 服 丸 食用
287,1,,0.0,0.0,为,为,为,为
288,2,0.4636630636294765,0.14275839187521464,0.0,少量 为主,少量 为主,少量 为主,少量 为主
289,5,0.4718623711816317,0.0844953757927313,0.2,想 打算 试图 急于 为了,为了 打算 急于 试图 想,想 打算 为了 急于 试图,想 打算 试图 急于 为了
290,7,0.5162850767266983,0.09457032193508942,0.14285714285714285,性格 外貌 长相 性情 外表 家境 为人,为人 家境 外表 外貌 性情 性格 长相,长相 外貌 外表 为人 家境 性格 性情,性格 外貌 长相 性情 外表 家境 为人
291,2,0.6050913922726711,0.3453569191712546,0.0,为何 之所以,为何 之所以,之所以 为何,为何 之所以
292,6,0.4939530383960429,0.11760265521380962,0.16666666666666666,历时 长达 耗时 时隔 整整 为期,整整 时隔 长达 耗时 为期 历时,历时 长达 时隔 耗时 整整 为期,历时 长达 耗时 时隔 整整 为期
293,7,0.4916827569805991,0.07174624964753143,0.14285714285714285,直至 直到 截至 至今 截止 为止 迄今,为止 迄今 截止 直至 直到 截至 至今,迄今 截止 直至 直到 为止 至今 截至,直至 直到 截至 至今 截止 为止 迄今
294,4,0.36065488897842474,-0.052576959556142645,0.75,据此 为此 据 自行,自行 据 为此 据此,据此 据 自行 为此,据此 为此 据 自行
295,5,0.3998879140766383,-0.016613343331646414,0.6,答 答案 解答 主 解,解答 解 主 答案 答,主 答 解答 答案 解,答 答案 解答 主 解
296,8,0.5177110870403081,0.1689016384368431,0.125,基督教 宗教 伊斯兰教 天主教 穆斯林 信仰 派别 主义,派别 主义 信仰 穆斯林 天主教 宗教 基督教 伊斯兰教,宗教 穆斯林 天主教 基督教 伊斯兰教 主义 信仰 派别,基督教 宗教 伊斯兰教 天主教 穆斯林 信仰 派别 主义
297,3,0.4141914763363161,0.013200808286288543,0.3333333333333333,老板 木匠 主人,木匠 主人 老板,老板 木匠 主人,老板 木匠 主人
298,6,0.45356228491833783,0.09366664289007572,0.16666666666666666,主角 角色 主人公 人物 替身 跑龙套,跑龙套 替身 人物 主人公 角色 主角,跑龙套 角色 人物 主人公 主角 替身,主角 角色 主人公 人物 替身 跑龙套
299,31,0.441408399017877,-0.0020332740703278996,0.5161290322580645,主任 总经理 处长 局长 部长 秘书长 总裁 院长 董事长 总监 书记 会长,理事 董事 兼 团长 首席 顾问 会长 校长,秘书长 董事 兼 董事长 院长 会长 处长 司长 总监 总裁 市长 局长,主任 总经理 处长 局长 部长 秘书长 总裁 院长 董事长 总监 书记 会长 助理 秘书 组长 司长 所长 主席 委员 校长 团长 理事 经理 负责人 市长 主管 顾问 首席 董事 厂长 兼
300,2,0.4359720901113724,0.12733911401665404,0.0,对象 主体,对象 主体,主体 对象,对象 主体
301,3,0.39654013567693475,0.022057154497114775,0.6666666666666666,合约 主力 到期,到期 主力 合约,到期 合约 主力,合约 主力 到期
302,5,0.5424225416952105,0.23326665065653662,0.0,承办 主办 筹办 办 申办,办 申办 主办 筹办 承办,申办 办 承办 主办 筹办,承办 主办 筹办 办 申办
303,2,0.6213043533666234,0.36362816314244806,0.0,主动 被动,主动 被动,被动 主动,主动 被动
304,7,0.4502788151931731,0.030663333955456135,0.2857142857142857,保姆 服务员 家政 清洁工 厨师 家教 主妇,主妇 家教 厨师 服务员 保姆 家政 清洁工,清洁工 服务员 保姆 厨师 家政 家教 主妇,保姆 服务员 家政 清洁工 厨师 家教 主妇
305,4,0.42241966282848126,0.04765138123992152,0.25,掌管 主宰 支配 接手,接手 支配 主宰 掌管,支配 掌管 接手 主宰,掌管 主宰 支配 接手
306,7,0.51877641260137,0.09018874366397947,0.2857142857142857,带动 推动 拉动 引领 驱动 主导 支撑,支撑 驱动 主导 推动 拉动 引领 带动,带动 驱动 推动 拉动 支撑 主导 引领,带动 推动 拉动 引领 驱动 主导 支撑
307,18,0.42508733017136674,-0.045473672731140634,0.7222222222222222,表示 指出 强调 宣称 声称 透露 重申 提到 宣布 承认 介绍 提出,举例 主张 获悉 介绍 宣布 承认 告诉 提出,重申 否认 举例 呼吁 宣称 宣布 告诉 提到 提出 获悉 指出 介绍,表示 指出 强调 宣称 声称 透露 重申 提到 宣布 承认 介绍 提出 否认 告诉 呼吁 获悉 主张 举例
308,2,0.5925831782576003,0.2820243319357766,0.0,计策 主意,计策 主意,计策 主意,计策 主意
309,3,0.37714456745899844,-0.03739516999211039,0.6666666666666666,召集 主持 征求,征求 主持 召集,征求 召集 主持,召集 主持 征求
310,6,0.4446935576587908,0.020836865880245258,0.3333333333333333,嘉宾 主持人 演播室 访谈 评委 栏目,访谈 栏目 主持人 评委 嘉宾 演播室,嘉宾 演播室 评委 主持人 栏目 访谈,嘉宾 主持人 演播室 访谈 评委 栏目
311,3,0.41842112478452065,0.03935731376127117,0.3333333333333333,权益 利益 主权,主权 利益 权益,利益 权益 主权,权益 利益 主权
312,4,0.429387926646249,0.06667132386074268,0.25,热门 冷门 黑马 主流,主流 黑马 冷门 热门,黑马 冷门 热门 主流,热门 冷门 黑马 主流
313,10,0.44049264599650706,-0.008295706528492085,0.5,重要 首要 关键 至关重要 主要 重中之重 重点 核心 要点 必不可少,必不可少 要点 重中之重 核心 至关重要 重点 主要 重要,重点 重中之重 必不可少 至关重要 核心 关键 要点 主要 首要 重要,重要 首要 关键 至关重要 主要 重中之重 重点 核心 要点 必不可少
314,8,0.4939724968477461,0.10695013426991873,0.0,感性 理智 直觉 理性 主观 知觉 客观 触觉,触觉 知觉 客观 主观 直觉 理性 理智 感性,客观 触觉 直觉 理智 理性 主观 知觉 感性,感性 理智 直觉 理性 主观 知觉 客观 触觉
315,3,0.3988633415013503,-0.014367575725774365,0.6666666666666666,挥 转身 举,转身 举 挥,转身 举 挥,挥 转身 举
316,2,0.3777100607812176,-0.03903456031662512,1.0,有的放矢 举一反三,举一反三 有的放矢,举一反三 有的放矢,有的放矢 举一反三
317,8,0.44548592528020314,0.04819994763388239,0.25,史无前例 前无古人 空前 前所未有 举世无双 举世瞩目 划时代 了不起,划时代 了不起 举世瞩目 前无古人 空前 举世无双 前所未有 史无前例,前无古人 前所未有 空前 史无前例 划时代 举世瞩目 了不起 举世无双,史无前例 前无古人 空前 前所未有 举世无双 举世瞩目 划时代 了不起
318,12,0.5142630800615547,0.1750220874485883,0.16666666666666666,有名 著名 驰名 闻名 出名 大名鼎鼎 远近闻名 举世闻名 知名 家喻户晓 耳熟能详 名副其实,名副其实 家喻户晓 耳熟能详 知名 举世闻名 远近闻名 驰名 大名鼎鼎,耳熟能详 家喻户晓 知名 著名 举世闻名 名副其实 有名 出名 远近闻名 闻名 驰名 大名鼎鼎,有名 著名 驰名 闻名 出名 大名鼎鼎 远近闻名 举世闻名 知名 家喻户晓 耳熟能详 名副其实
319,30,0.448039300264178,-0.0017036601955845194,0.4666666666666667,大会 开幕 开幕式 闭幕式 闭幕 招待会 盛会 举行 晚会 展览会 庆典 会议,举办 展览会 博览会 集会 庆典 宴会 发布会 致辞,集会 招待会 颁奖 宴会 届 举行 座谈会 发布会 开幕 会议 举办 晚会,大会 开幕 开幕式 闭幕式 闭幕 招待会 盛会 举行 晚会 展览会 庆典 会议 峰会 博览会 颁奖 隆重 发布会 宴会 典礼 座谈会 集会 仪式 致辞 召开 举办 追悼会 论坛 出席 盛大 届
320,3,0.41780030224856124,-0.025418209256117267,0.6666666666666666,低头 默默 举手,举手 默默 低头,举手 默默 低头,低头 默默 举手
321,12,0.49209873432659623,0.12969301878622794,0.08333333333333333,电话 拨打 接听 打电话 拨通 热线 来电 接通 投诉 通话 求助 举报,举报 求助 接通 投诉 热线 通话 来电 打电话,投诉 通话 热线 拨通 举报 拨打 求助 打电话 来电 电话 接听 接通,电话 拨打 接听 打电话 拨通 热线 来电 接通 投诉 通话 求助 举报
322,9,0.4596490818127458,0.044263264430935985,0.3333333333333333,制度 机制 体制 措施 政策 体系 举措 改革 健全,健全 体系 改革 举措 措施 政策 机制 体制,机制 健全 举措 制度 体系 措施 体制 改革 政策,制度 机制 体制 措施 政策 体系 举措 改革 健全
323,16,0.5123463215435674,0.07351280312593642,0.25,神情 神态 眼神 表情 语气 笑容 神气 脸色 举止 模样 口气 言语,模样 容颜 言辞 举止 眼色 口气 神气 言语,语气 容颜 脸色 模样 举止 言语 言辞 眼神 口气 笑脸 笑容 神态,神情 神态 眼神 表情 语气 笑容 神气 脸色 举止 模样 口气 言语 笑脸 眼色 言辞 容颜
324,31,0.4921499595944805,0.08214686291155768,0.3548387096774194,乒乓球 体操 田径 篮球 排球 网球 羽毛球 举重 摔跤 棒球 滑冰 台球,滑雪 健身 体育 球拍 长跑 健美 太极拳 竞技,网球 球拍 举重 武术 滑冰 游泳 健美 羽毛球 乒乓球 跳高 龙舟 跳远,乒乓球 体操 田径 篮球 排球 网球 羽毛球 举重 摔跤 棒球 滑冰 台球 游泳 武术 跳高 跳远 足球 滑雪 运动员 高尔夫球 健美 运动会 打球 太极拳 射击 长跑 健身 竞技 体育 龙舟 球拍
325,4,0.4999049855754106,0.12273052697380071,0.0,曰 矣 乃 之,之 矣 乃 曰,之 乃 矣 曰,曰 矣 乃 之
326,6,0.5278003626858443,0.20816882757207314,0.16666666666666666,甚至于 甚至 乃至 以至于 或是 或,或是 或 以至于 乃至 甚至 甚至于,或 乃至 甚至 以至于 甚至于 或是,甚至于 甚至 乃至 以至于 或是 或
327,5,0.4026174879617049,0.0008491086703193401,0.6,润 盛 顺 久 合,顺 久 合 盛 润,合 久 盛 润 顺,润 盛 顺 久 合
328,2,0.4324661177447603,0.06154600804763177,0.0,久违 似曾相识,久违 似曾相识,久违 似曾相识,久违 似曾相识
329,15,0.4600282745319911,0.036837914803992615,0.2,担负 肩负 职责 责任 承担 重任 负有 使命 担当 履行 职能 任务,承担 任务 胜任 负有 职能 担当 责任 负责,履行 使命 担负 义务 责任 任务 职责 职能 负有 担当 胜任 负责,担负 肩负 职责 责任 承担 重任 负有 使命 担当 履行 职能 任务 义务 负责 胜任
330,7,0.48612549760316237,0.08878844271093068,0.14285714285714285,公益 义工 慈善 爱心 志愿者 献血 公益性,献血 志愿者 爱心 公益性 义工 慈善 公益,献血 义工 志愿者 公益性 慈善 公益 爱心,公益 义工 慈善 爱心 志愿者 献血 公益性
331,3,0.3764165835275351,-0.034792313402823814,0.6666666666666666,之一 唯一 所在,所在 唯一 之一,所在 之一 唯一,之一 唯一 所在
332,9,0.4440798515027149,0.048878155573384555,0.3333333333333333,以外 之外 外 除 以内 之内 内 除了 除外,除了 内 以内 除 除外 之内 之外 外,内 外 以外 以内 除 之内 之外 除外 除了,以外 之外 外 除 以内 之内 内 除了 除外
333,2,0.5190628591357456,0.220088333910971,0.0,也好 之类,也好 之类,也好 之类,也好 之类
334,5,0.5368582879545173,0.17995673715415816,0.4,相互 互相 彼此 之间 交叉,之间 交叉 彼此 相互 互相,互相 彼此 交叉 之间 相互,相互 互相 彼此 之间 交叉
335,11,0.45174221023499284,0.03352234269944862,0.2727272727272727,天空 星星 月亮 彩霞 太阳 天上 乌云 彩虹 黑夜 蓝天 旭日,黑夜 彩霞 天上 旭日 乌云 蓝天 星星 彩虹,太阳 蓝天 月亮 旭日 星星 天空 乌云 天上 彩虹 彩霞 黑夜,天空 星星 月亮 彩霞 太阳 天上 乌云 彩虹 黑夜 蓝天 旭日
336,1,,0.0,0.0,乐,乐,乐,乐
337,8,0.40960821241279227,0.010457581741565431,0.375,园 花园 乐园 庄园 家园 园地 动物园 城,城 动物园 园地 家园 庄园 花园 乐园 园,园 城 园地 花园 乐园 家园 庄园 动物园,园 花园 乐园 庄园 家园 园地 动物园 城
338,11,0.48697691860845876,0.08558163941753788,0.2727272727272727,愿意 乐意 情愿 甘心 宁愿 肯 忍心 敢 愿 答应 舍得,敢 舍得 答应 甘心 宁愿 忍心 愿 情愿,宁愿 忍心 敢 愿 答应 乐意 肯 愿意 舍得 情愿 甘心,愿意 乐意 情愿 甘心 宁愿 肯 忍心 敢 愿 答应 舍得
339,3,0.4546058991233513,0.02532907248515612,0.3333333333333333,乐观 明朗 保守,乐观 保守 明朗,乐观 明朗 保守,乐观 明朗 保守
340,3,0.49670203656581613,0.14643160531062685,0.0,打扮 扮 乔装,打扮 乔装 扮,扮 乔装 打扮,打扮 扮 乔装
341,21,0.5073318332131217,0.046701397828729674,0.2857142857142857,乖巧 调皮 聪明 乖 顽皮 听话 懂事 可爱 胆小 淘气 贪玩儿 讨人喜欢,老实 勤快 贪玩儿 害羞 倔强 聪明 机灵 娇惯,胆小 乖 笨 害羞 懂事 顽皮 可爱 讨人喜欢 倔强 淘气 老实 天真,乖巧 调皮 聪明 乖 顽皮 听话 懂事 可爱 胆小 淘气 贪玩儿 讨人喜欢 机灵 老实 倔强 娇气 天真 害羞 娇惯 勤快 笨
342,2,0.4607131111254308,0.13190822134908559,0.0,驾 乘,乘 驾,乘 驾,驾 乘
343,6,0.4270360713577998,0.004408859494995554,0.5,损人利己 沽名钓誉 乘人之危 钻空子 可乘之机 名利,名利 可乘之机 钻空子 沽名钓誉 损人利己 乘人之危,可乘之机 钻空子 乘人之危 名利 损人利己 沽名钓誉,损人利己 沽名钓誉 乘人之危 钻空子 可乘之机 名利
344,6,0.47966509855476885,0.06971629653447302,0.3333333333333333,乞丐 乞讨 小贩 流浪 街头 苦力,苦力 小贩 街头 流浪 乞讨 乞丐,流浪 小贩 乞丐 乞讨 街头 苦力,乞丐 乞讨 小贩 流浪 街头 苦力
345,3,0.4481157295334315,0.08420681034770006,0.0,请求 要求 乞求,乞求 要求 请求,请求 乞求 要求,请求 要求 乞求
346,7,0.5395986549954173,0.19854910036583934,0.0,习俗 风俗 民俗 祭祀 祭 俗 礼仪,民俗 礼仪 俗 祭 祭祀 习俗 风俗,俗 祭 礼仪 习俗 风俗 祭祀 民俗,习俗 风俗 民俗 祭祀 祭 俗 礼仪
347,3,0.5292226524960184,0.19721215177282517,0.0,习惯 养成 惯,惯 养成 习惯,惯 习惯 养成,习惯 养成 惯
348,19,0.4264221437083862,-0.0286573723524288,0.5263157894736842,市区 县 乡 郊区 城镇 村庄 城区 镇 街道 村 乡村 城市,首府 村 街道 地区 镇 省 城市 区,区 县 市 乡 省 城镇 村 乡村 村庄 郊区 街道 地区,市区 县 乡 郊区 城镇 村庄 城区 镇 街道 村 乡村 城市 城乡 农村 市 地区 区 省 首府
349,5,0.4766090428752382,0.08370548448301315,0.4,家乡 故乡 祖国 怀抱 乡下,怀抱 乡下 祖国 故乡 家乡,祖国 乡下 故乡 家乡 怀抱,家乡 故乡 祖国 怀抱 乡下
350,16,0.5203277238391619,0.06366474650278857,0.25,朋友 亲朋好友 同事 亲友 朋友们 友人 同学 老乡 战友 好友 同伴 老朋友,伙伴 朋友们 同伴 老朋友 同事 好友 亲友 小朋友,朋友们 小朋友 伙伴 乡亲 老朋友 同事 同伴 同学 亲朋好友 好友 老乡 战友,朋友 亲朋好友 同事 亲友 朋友们 友人 同学 老乡 战友 好友 同伴 老朋友 乡亲 小朋友 熟人 伙伴
351,15,0.4686038894845802,0.09363802847225294,0.06666666666666667,背诵 抄写 朗读 默读 写 读 课文 听写 写作 书写 阅读 温习,撰写 稿子 念 温习 课文 阅读 书写 听写,写作 写 念 朗读 课文 背诵 默读 听写 读 温习 阅读 撰写,背诵 抄写 朗读 默读 写 读 课文 听写 写作 书写 阅读 温习 稿子 念 撰写
352,64,0.4622600798221293,0.014431078762828214,0.453125,柜子 书桌 卧室 桌子 房间 椅子 客厅 凳子 窗台 屋子 窗子 书橱,机舱 书包 室 杯子 台灯 栏杆 墙壁 病房,卫生间 寝室 宿舍 洗手间 阳台 枕头 抽屉 室 床 办公室 柜子 杯子,柜子 书桌 卧室 桌子 房间 椅子 客厅 凳子 窗台 屋子 窗子 书橱 窗户 写字台 书柜 卫生间 楼道 阳台 沙发 浴室 书房 过道 书架 墙壁 抽屉 洗手间 楼梯 窗帘 藤椅 院子 垫子 厨房 寝室 衣架 箱子 帐子 教室 被子 帘子 枕头 宿舍 床 台灯 地板 蚊帐 杯子 厕所 马桶 栏杆 病房 木板 镜子 地下室 书包 地毯 黑板 机舱 楼 走廊 办公室 架子 更衣室 电梯 室
353,2,0.5514331749042373,0.2924448355291099,0.0,口头 书面,书面 口头,书面 口头,口头 书面
354,4,0.504620646700618,0.16199926600034753,0.0,购买 购 买 采购,买 采购 购买 购,采购 买 购 购买,购买 购 买 采购
355,3,0.4811707749365411,0.06391273438753535,0.6666666666666666,买不起 吃不上 看得起,看得起 吃不上 买不起,看得起 吃不上 买不起,买不起 吃不上 看得起
356,5,0.4379595775000105,-0.01626342783397957,0.6,出售 转让 交易 买卖 资产,买卖 交易 资产 转让 出售,转让 资产 交易 出售 买卖,出售 转让 交易 买卖 资产
357,5,0.49176729418496146,0.13615754379345676,0.0,乱七八糟 横七竖八 杂乱无章 五颜六色 乱,五颜六色 乱 杂乱无章 横七竖八 乱七八糟,乱 横七竖八 乱七八糟 五颜六色 杂乱无章,乱七八糟 横七竖八 杂乱无章 五颜六色 乱
358,9,0.4822226924085886,0.07167373148128607,0.2222222222222222,葡萄酒 白酒 酒 乳制品 酒水 酿造 奶粉 食品 茅台,酒 茅台 食品 酒水 酿造 奶粉 乳制品 白酒,食品 奶粉 乳制品 酿造 酒水 酒 葡萄酒 茅台 白酒,葡萄酒 白酒 酒 乳制品 酒水 酿造 奶粉 食品 茅台
359,2,0.3906575307808471,-0.08099719259729873,1.0,好久 了,了 好久,了 好久,好久 了
360,4,0.41430333802370706,0.028924391706852497,0.25,到头来 最终 归根到底 了却,了却 归根到底 最终 到头来,归根到底 到头来 最终 了却,到头来 最终 归根到底 了却
361,2,0.4037132362387761,0.037875996686859086,0.5,了结 结,了结 结,结 了结,了结 结
362,5,0.5185790857550108,0.1561416079698504,0.0,理解 领会 领悟 认识 了解,认识 了解 领悟 理解 领会,了解 理解 领会 领悟 认识,理解 领会 领悟 认识 了解
363,6,0.5277185828112988,0.16628160131684325,0.0,抢夺 夺 争夺 争 抢 夺取,争夺 抢 争 夺取 抢夺 夺,夺 争 抢 争夺 夺取 抢夺,抢夺 夺 争夺 争 抢 夺取
364,2,0.44123112858772995,0.025109575931383677,0.0,争光 着想,争光 着想,着想 争光,争光 着想
365,8,0.4523733833556328,0.023244505170326314,0.375,力争 力求 确保 争取 做到 切实 尽可能 实现,确保 做到 尽可能 切实 实现 争取 力求 力争,实现 确保 切实 争取 力求 力争 做到 尽可能,力争 力求 确保 争取 做到 切实 尽可能 实现
366,13,0.505415088213482,0.09154658855890092,0.15384615384615385,争执 冲突 争吵 矛盾 争论 争端 分歧 激化 纠纷 争议 对立 隔阂,争议 激烈 争吵 激化 隔阂 对立 纠纷 分歧,激烈 激化 对立 冲突 争执 争端 纠纷 隔阂 争吵 矛盾 分歧 争议,争执 冲突 争吵 矛盾 争论 争端 分歧 激化 纠纷 争议 对立 隔阂 激烈
367,2,0.5143691061070026,0.07175708515070855,0.0,争气 出息,争气 出息,争气 出息,争气 出息
368,10,0.48963357992501955,0.1195782815912118,0.2,事 事情 大事 好事 私事 坏事 喜事 公事 件 有事,件 有事 喜事 事情 公事 坏事 私事 事,事情 件 事 有事 大事 好事 私事 喜事 坏事 公事,事 事情 大事 好事 私事 坏事 喜事 公事 件 有事
369,1,,0.0,0.0,事业,事业,事业,事业
370,3,0.5885642581754174,0.30128115533715666,0.0,预先 事先 提前,提前 预先 事先,事先 提前 预先,预先 事先 提前
371,5,0.4230670788148112,0.026784399958246462,0.6,事宜 事项 筹划 事务 进展,进展 事务 筹划 事项 事宜,事务 事宜 进展 事项 筹划,事宜 事项 筹划 事务 进展
372,2,0.4594361665023077,0.07730851113560093,0.5,合伙 事务所,事务所 合伙,事务所 合伙,合伙 事务所
373,3,0.44051621048438677,0.09009505974435383,0.0,此事 事态 事后,事后 事态 此事,事后 事态 此事,此事 事态 事后
374,2,0.4545907770234844,0.03832718136818951,0.5,真理 事实,事实 真理,事实 真理,真理 事实
375,9,0.4892162031992257,0.03692103610311796,0.3333333333333333,事故 火灾 着火 爆炸 故障 泄漏 车祸 出事 停电,出事 爆炸 车祸 泄漏 着火 停电 故障 事故,事故 停电 着火 出事 火灾 爆炸 故障 车祸 泄漏,事故 火灾 着火 爆炸 故障 泄漏 车祸 出事 停电
376,3,0.4831753240164422,0.1062930985718173,0.0,物体 事物 静止,事物 静止 物体,静止 物体 事物,物体 事物 静止
377,8,0.49635541432130253,0.04173917238631677,0.375,楷模 榜样 模范 典范 表率 风尚 事迹 先锋,表率 风尚 典范 事迹 模范 先锋 榜样 楷模,事迹 榜样 先锋 风尚 楷模 典范 模范 表率,楷模 榜样 模范 典范 表率 风尚 事迹 先锋
378,1,,0.0,0.0,二手,二手,二手,二手
379,9,0.4840074100750362,0.14016524189745316,0.0,气体 二氧化碳 氧气 尾气 空气 排放 氧 大气 温室,温室 空气 氧 排放 大气 尾气 氧气 气体,气体 氧气 氧 空气 尾气 大气 温室 二氧化碳 排放,气体 二氧化碳 氧气 尾气 空气 排放 氧 大气 温室
380,4,0.5405824537604033,0.23777930359111163,0.0,二维码 扫 扫描 码,码 扫描 扫 二维码,二维码 码 扫 扫描,二维码 扫 扫描 码
381,8,0.44395309562838353,0.11083975317055389,0.375,来源于 源于 来自 出自 属于 于 位于 来源,来源 位于 属于 于 出自 源于 来自 来源于,于 出自 位于 属于 来自 源于 来源 来源于,来源于 源于 来自 出自 属于 于 位于 来源
382,6,0.49487830847748665,0.07241706792034794,0.16666666666666666,赔钱 亏本 亏 赚 赔 吃亏,吃亏 赚 赔 赔钱 亏 亏本,亏 赔 赚 亏本 赔钱 吃亏,赔钱 亏本 亏 赚 赔 吃亏
383,1,,0.0,0.0,云,云,云,云
384,17,0.43678372053379033,-0.02291159980625063,0.5882352941176471,磋商 会谈 协商 谈判 会晤 洽谈 商讨 会面 对话 交涉 互访 双边,双边 商量 双方 对话 经贸 互信 会面 互访,磋商 互信 谈判 会面 会谈 经贸 双方 洽谈 交涉 双边 讨价还价 互访,磋商 会谈 协商 谈判 会晤 洽谈 商讨 会面 对话 交涉 互访 双边 互信 讨价还价 经贸 双方 商量
385,1,,0.0,0.0,互动,互动,互动,互动
386,3,0.41910163805581707,0.01829694287377925,0.0,共同体 大家庭 互助,共同体 互助 大家庭,互助 共同体 大家庭,共同体 大家庭 互助
387,6,0.44455747500383846,0.002776920264652758,0.3333333333333333,智能 人工智能 联网 互联网 语音 远程,互联网 远程 语音 智能 联网 人工智能,远程 联网 语音 人工智能 智能 互联网,智能 人工智能 联网 互联网 语音 远程
388,6,0.43893235956963783,0.022890074375890173,0.3333333333333333,协作 协同 合作 互补 双赢 分工,分工 双赢 合作 互补 协同 协作,双赢 协作 合作 互补 协同 分工,协作 协同 合作 互补 双赢 分工
389,20,0.51318357722591,0.13166921059699638,0.25,饭店 旅馆 餐馆 餐厅 宾馆 饭馆 酒楼 酒吧 旅店 酒店 舞厅 客房,住宿 温泉 夜市 五星级 餐饮 网吧 电影院 客房,旅馆 网吧 饭店 旅店 五星级 电影院 舞厅 宾馆 温泉 酒楼 酒店 酒吧,饭店 旅馆 餐馆 餐厅 宾馆 饭馆 酒楼 酒吧 旅店 酒店 舞厅 客房 夜总会 网吧 餐饮 电影院 五星级 住宿 温泉 夜市
390,15,0.43460959247910413,-0.022498907332634866,0.6,河 坝 堤 湖 水库 沟 堤坝 桥 江 闸 运河 池塘,池塘 江 河 沟 桥 田 泉 运河,运河 坝 堤 井 田 湖 江 泉 沟 河 桥 堤坝,河 坝 堤 湖 水库 沟 堤坝 桥 江 闸 运河 池塘 井 泉 田
391,1,,0.0,0.0,亡羊补牢,亡羊补牢,亡羊补牢,亡羊补牢
392,12,0.4440713739622812,-0.028054369793812022,0.5,交纳 缴纳 收取 缴 返还 付 支付 定金 押金 减免 高额 交,减免 高额 支付 交 定金 返还 收取 押金,付 交 缴 缴纳 收取 交纳 支付 高额 定金 减免 押金 返还,交纳 缴纳 收取 缴 返还 付 支付 定金 押金 减免 高额 交
393,5,0.40810603613667845,0.040849102146558305,0.2,移交 交接 交付 过渡 转移,转移 交付 移交 过渡 交接,移交 交付 交接 转移 过渡,移交 交接 交付 过渡 转移
394,1,,0.0,0.0,交代,交代,交代,交代
395,13,0.4651465120688313,-0.011573692851308031,0.38461538461538464,交谈 相处 亲近 见面 交朋友 亲密 亲热 交往 融洽 接触 沟通 打交道,沟通 见面 亲切 融洽 交往 交谈 亲密 亲热,交朋友 交谈 交往 相处 亲近 融洽 沟通 打交道 见面 亲热 亲切 亲密,交谈 相处 亲近 见面 交朋友 亲密 亲热 交往 融洽 接触 沟通 打交道 亲切
396,14,0.5077555642792658,0.0730243977494385,0.2857142857142857,情谊 感情 友情 亲情 情感 情怀 真情 情 爱情 恩情 深情 缘分,爱情 缘分 恩情 交情 情感 深情 情怀 情谊,情谊 爱情 真情 情 交情 缘分 深情 友情 恩情 亲情 情结 情感,情谊 感情 友情 亲情 情感 情怀 真情 情 爱情 恩情 深情 缘分 情结 交情
397,3,0.4014910352530385,0.004127725913868688,0.3333333333333333,换取 交换 金钱,金钱 交换 换取,交换 换取 金钱,换取 交换 金钱
398,5,0.4504680892703631,0.11050818562972171,0.0,轮换 交替 轮流 变换 换,换 变换 轮流 交替 轮换,换 轮换 轮流 交替 变换,轮换 交替 轮流 变换 换
399,6,0.4468047889245492,0.04164321571225313,0.3333333333333333,往来 来往 出入 进出 交流 联络,交流 联络 进出 出入 来往 往来,往来 联络 进出 交流 出入 来往,往来 来往 出入 进出 交流 联络
400,6,0.5595154472555315,0.22416240499779447,0.0,交给 送给 递给 转交 送到 给,给 送到 转交 递给 送给 交给,给 送给 送到 递给 交给 转交,交给 送给 递给 转交 送到 给
401,9,0.5157185473858996,0.12249239399022493,0.1111111111111111,交警 公安 警察 民警 公安局 消防 保安 治安 报警,消防 治安 报警 交警 警察 保安 公安局 民警,公安局 交警 保安 民警 消防 治安 报警 公安 警察,交警 公安 警察 民警 公安局 消防 保安 治安 报警
402,2,0.4861179919465801,0.1555240953161422,0.0,交通 水利,水利 交通,交通 水利,交通 水利
403,11,0.4715776805960688,0.054429975763114063,0.18181818181818182,抗衡 较量 对抗 对峙 抗争 较劲 针锋相对 作对 交锋 周旋 叫板,周旋 抗争 针锋相对 交锋 对抗 对峙 作对 叫板,针锋相对 对峙 对抗 周旋 交锋 叫板 抗衡 较量 抗争 作对 较劲,抗衡 较量 对抗 对峙 抗争 较劲 针锋相对 作对 交锋 周旋 叫板
404,3,0.5181010537307237,0.16452360856552253,0.0,交际 应酬 社交,应酬 社交 交际,交际 应酬 社交,交际 应酬 社交
405,3,0.5623474244825607,0.2695557469972648,0.0,重合 重叠 交集,交集 重叠 重合,重合 重叠 交集,重合 重叠 交集
406,3,0.39996631069489347,0.03002826476191083,0.3333333333333333,运 产 采,产 采 运,产 采 运,运 产 采
407,2,0.45805641483991444,0.056062349546040446,0.0,人均 产值,人均 产值,人均 产值,人均 产值
408,2,0.45475818100279986,0.10700707049601446,0.0,特产 产地,特产 产地,产地 特产,特产 产地
409,3,0.4363727900641449,0.010657886582691891,0.0,物质 产物 成分,产物 成分 物质,成分 产物 物质,物质 产物 成分
410,5,0.47204655576562116,0.10904801739082548,0.2,形成 构成 产生 生成 组成,生成 产生 组成 形成 构成,组成 生成 产生 形成 构成,形成 构成 产生 生成 组成
411,21,0.4558882193618991,0.01267146934887672,0.38095238095238093,作物 水稻 农作物 小麦 棉花 种植 粮食 肥料 玉米 庄稼 化肥 灌溉,耕地 产量 土壤 农产品 农业 增产 害虫 灌溉,增产 玉米 种植 粮食 耕地 种子 肥料 小麦 灌溉 栽培 棉花 水稻,作物 水稻 农作物 小麦 棉花 种植 粮食 肥料 玉米 庄稼 化肥 灌溉 农业 耕地 栽培 农产品 害虫 土壤 增产 种子 产量
412,18,0.4498889221604885,0.009227679589507293,0.3888888888888889,公斤 千克 斤 公顷 平方米 立方米 亩 吨 米 磅 公里 厘米,立方米 平方 桶 公里 毫米 平方米 克 吨,克 吨 尺 亩 磅 米 斤 桶 平方米 公顷 公里 毫米,公斤 千克 斤 公顷 平方米 立方米 亩 吨 米 磅 公里 厘米 毫米 尺 毫升 平方 桶 克
413,3,0.4765217341100397,0.14109313838667253,0.0,享受 享 受益,受益 享 享受,享 享受 受益,享受 享 受益
414,6,0.537904591692063,0.07923033859063548,0.3333333333333333,具有 拥有 有着 具备 有 享有,有 享有 有着 具有 具备 拥有,有 拥有 有着 享有 具备 具有,具有 拥有 有着 具备 有 享有
415,4,0.43393154292127994,0.0634213049433314,0.0,光 发光 光线 亮,亮 光线 发光 光,光线 光 亮 发光,光 发光 光线 亮
416,14,0.4953895526598924,0.032082030389524514,0.35714285714285715,耀眼 灿烂 明媚 晶莹 闪烁 光芒 明亮 绽放 照耀 鲜艳 缤纷 亮丽,光芒 荡漾 耀眼 亮丽 晶莹 鲜艳 明媚 光彩,耀眼 光彩 闪烁 亮丽 光芒 明媚 明亮 灿烂 荡漾 绽放 缤纷 晶莹,耀眼 灿烂 明媚 晶莹 闪烁 光芒 明亮 绽放 照耀 鲜艳 缤纷 亮丽 光彩 荡漾
417,6,0.43774700075991824,0.016535724296135732,0.3333333333333333,焦点 话题 议题 热点 议 亮点,议题 亮点 议 热点 话题 焦点,亮点 热点 议题 焦点 议 话题,焦点 话题 议题 热点 议 亮点
418,3,0.5201214375780244,0.17097112012045934,0.0,亮相 露面 曝光,曝光 亮相 露面,亮相 露面 曝光,亮相 露面 曝光
419,4,0.46771866063525724,0.08514001660664401,0.0,亲爱 敬爱 敬 亲,敬 敬爱 亲 亲爱,亲 敬 敬爱 亲爱,亲爱 敬爱 敬 亲
420,1,,0.0,0.0,亲和力,亲和力,亲和力,亲和力
421,5,0.5194062222201983,0.09567741691325657,0.2,亲属 子女 家属 配偶 家长,子女 家长 配偶 家属 亲属,子女 家长 配偶 家属 亲属,亲属 子女 家属 配偶 家长
422,2,0.49646660289541455,0.030124870343468745,0.0,亲手 动手,亲手 动手,动手 亲手,亲手 动手
423,8,0.5028442782894702,0.11957707822106878,0.125,亲眼 目睹 亲身 耳闻目睹 领略 有幸 见证 见识,见识 亲身 领略 有幸 见证 耳闻目睹 目睹 亲眼,耳闻目睹 目睹 有幸 亲身 领略 见证 见识 亲眼,亲眼 目睹 亲身 耳闻目睹 领略 有幸 见证 见识
424,1,,0.0,0.0,人,人,人,人
425,6,0.51045419709425,0.14534446972682155,0.16666666666666666,故意 有意 刻意 无意 存心 人为,人为 存心 刻意 有意 无意 故意,无意 人为 有意 存心 故意 刻意,故意 有意 刻意 无意 存心 人为
426,2,0.4817475140745473,0.15465191101849207,0.0,人事 用人,人事 用人,用人 人事,人事 用人
427,4,0.49133167958979856,0.047592298289708936,0.25,人们 众人 大伙儿 有人,有人 大伙儿 人们 众人,人们 有人 大伙儿 众人,人们 众人 大伙儿 有人
428,29,0.4617199552570007,0.02718625738503861,0.41379310344827586,肝脏 血管 肝 肺 胃 脾 气管 肾 心脏 动脉 皮肤 肌肉,胎儿 血液 咽 血压 肠 唾液 人体 咽喉,咽 气管 细胞 口腔 人体 切除 器官 咽喉 关节 肌肉 胎儿 腔,肝脏 血管 肝 肺 胃 脾 气管 肾 心脏 动脉 皮肤 肌肉 血液 肠 器官 细胞 关节 神经 腺 口腔 胎儿 大脑 唾液 人体 切除 咽 血压 腔 咽喉
429,6,0.472996274306437,0.07811009608195525,0.16666666666666666,精力 财力 力气 人力 力量 投入,力气 投入 力量 人力 财力 精力,人力 财力 力量 力气 投入 精力,精力 财力 力气 人力 力量 投入
430,1,,0.0,0.0,人口,人口,人口,人口
431,18,0.43626815539343067,-0.0038613243002229925,0.5,群众 职工 工人 农民 官兵 民工 师生 干部 牧民 战士 居民 老百姓,穷人 教师 干部 人员 员工 居民 老百姓 学员,穷人 人民 人员 员工 官兵 群众 干部 牧民 师生 老百姓 居民 战士,群众 职工 工人 农民 官兵 民工 师生 干部 牧民 战士 居民 老百姓 人民 学员 教师 员工 人员 穷人
432,11,0.4974358061363945,0.06003400256637268,0.2727272727272727,品德 品行 道德 人品 人格 修养 教养 素质 美德 高尚 智商,高尚 智商 素质 人格 修养 美德 人品 道德,品德 人格 人品 美德 素质 修养 品行 高尚 智商 道德 教养,品德 品行 道德 人品 人格 修养 教养 素质 美德 高尚 智商
433,4,0.4032478962681947,0.022102646764737936,0.0,高级 资深 高层 人士,高级 资深 高层 人士,资深 人士 高级 高层,高级 资深 高层 人士
434,3,0.5323999017959371,0.2728873299438612,0.0,人造 人工 天然,天然 人工 人造,人工 人造 天然,人造 人工 天然
435,6,0.5272825966623412,0.08682495987873891,0.16666666666666666,天性 本性 本能 人性 欲望 好奇心,欲望 好奇心 人性 本性 本能 天性,人性 本性 欲望 天性 本能 好奇心,天性 本性 本能 人性 欲望 好奇心
436,3,0.4089155441215115,0.0026995869141563885,0.6666666666666666,说情 人情 出面,人情 出面 说情,人情 出面 说情,说情 人情 出面
437,2,0.4535868494134885,0.11411952300418846,0.0,手头 人手,手头 人手,人手 手头,手头 人手
438,3,0.46942906671610096,0.07303962080170763,0.3333333333333333,师资 办学 人才,人才 办学 师资,办学 人才 师资,师资 办学 人才
439,16,0.4667458949126647,0.09658668737016758,0.1875,数量 总数 总量 数目 数额 比例 比重 金额 人数 占 总额 规模,人数 次数 金额 量 份额 占 规模 百分比,数目 占 份额 次数 人数 总数 百分比 总额 总量 规模 量 比例,数量 总数 总量 数目 数额 比例 比重 金额 人数 占 总额 规模 量 百分比 次数 份额
440,6,0.4438307740641537,0.04921939607882458,0.16666666666666666,哲学 学术 理论 科学 学说 人文,人文 学说 理论 科学 哲学 学术,人文 哲学 理论 学术 科学 学说,哲学 学术 理论 科学 学说 人文
441,5,0.4154471674593675,-0.024710504641722662,0.6,人权 人道 伦理 政治 联合国,联合国 政治 伦理 人权 人道,伦理 人权 人道 联合国 政治,人权 人道 伦理 政治 联合国
442,1,,0.0,0.0,人次,人次,人次,人次
443,10,0.45019477033701927,0.04482770696721043,0.4,汇率 贬值 升值 人民币 外汇 货币 英镑 顺差 兑换 股市,英镑 股市 兑换 人民币 顺差 汇率 货币 外汇,顺差 汇率 货币 升值 股市 英镑 贬值 外汇 人民币 兑换,汇率 贬值 升值 人民币 外汇 货币 英镑 顺差 兑换 股市
444,14,0.4740458300775359,0.08202116837733449,0.2857142857142857,声誉 名声 声望 知名度 名气 影响力 威信 信誉 口碑 地位 人气 实力,实力 口碑 显赫 威信 影响力 名誉 人气 地位,实力 知名度 人气 显赫 影响力 名誉 地位 声誉 口碑 威信 信誉 声望,声誉 名声 声望 知名度 名气 影响力 威信 信誉 口碑 地位 人气 实力 名誉 显赫
445,7,0.45826824046058723,0.09674185834180264,0.0,自然界 大自然 人类 宇宙 地球 外星人 自然,自然 外星人 宇宙 地球 人类 大自然 自然界,外星人 人类 自然界 宇宙 地球 自然 大自然,自然界 大自然 人类 宇宙 地球 外星人 自然
446,3,0.448724393743625,0.005255562074148787,0.6666666666666666,人缘儿 离谱儿 运气,运气 离谱儿 人缘儿,运气 离谱儿 人缘儿,人缘儿 离谱儿 运气
447,22,0.4514781993605017,0.04047668146532856,0.3181818181818182,路段 路口 人行道 马路 路面 车道 道路 立交桥 公路 路 路边 小路,停车 小路 大街 堵车 公路 停车场 路况 路边,高速公路 便道 道路 小路 车道 行人 人行道 公路 路 大道 路面 大街,路段 路口 人行道 马路 路面 车道 道路 立交桥 公路 路 路边 小路 高速公路 停车场 堵车 十字路口 行人 大街 大道 路况 便道 停车
448,23,0.4744003119547012,0.04327391562518698,0.2608695652173913,杀害 逮捕 谋害 暗杀 殴打 绑架 劫持 屠杀 抢劫 挟持 被捕 迫害,扣押 袭击 恐吓 报复 开枪 凶手 抢劫 迫害,暗杀 谋害 虐待 殴打 开枪 挟持 迫害 逮捕 报复 人质 屠杀 绑架,杀害 逮捕 谋害 暗杀 殴打 绑架 劫持 屠杀 抢劫 挟持 被捕 迫害 袭击 虐待 开枪 凶手 恐吓 扣留 搜查 扣押 人质 报复 通缉
449,3,0.489446071591402,0.14246368274544097,0.0,身上 人身 身边,身边 人身 身上,身边 人身 身上,身上 人身 身边
450,11,0.4503597143837269,0.04458273614497555,0.36363636363636365,提名 推选 候选人 选举 评选 选拔 人选 投票 表决 提拔 征集,人选 征集 提拔 表决 评选 选拔 候选人 投票,选拔 征集 选举 人选 提拔 提名 候选人 投票 推选 评选 表决,提名 推选 候选人 选举 评选 选拔 人选 投票 表决 提拔 征集
451,25,0.4757381034382262,-0.0057651102957831345,0.44,真诚 诚恳 善良 诚实 坦诚 真挚 诚挚 正直 仁慈 忠诚 无私 耿直,忠诚 忠心 勇敢 友善 善意 忠贞 厚道 耿直,正直 诚恳 诚挚 坦率 光明磊落 纯洁 诚实 真挚 无私 仁慈 厚道 坦诚,真诚 诚恳 善良 诚实 坦诚 真挚 诚挚 正直 仁慈 忠诚 无私 耿直 坦率 忠贞 友善 忠心 虔诚 勇敢 大公无私 慷慨 善意 诚心诚意 光明磊落 厚道 纯洁
452,7,0.4844112044633074,0.025299387269074613,0.2857142857142857,只是 仅仅 而已 只能 罢了 只有 只,仅仅 只有 只能 只 罢了 只是 而已,只 罢了 只是 只有 而已 只能 仅仅,只是 仅仅 而已 只能 罢了 只有 只
453,6,0.49045318054321924,0.0800859300624439,0.0,仇人 仇 报仇 仇恨 恩怨 斩草除根,斩草除根 恩怨 仇人 报仇 仇恨 仇,仇 斩草除根 报仇 仇人 仇恨 恩怨,仇人 仇 报仇 仇恨 恩怨 斩草除根
454,8,0.4603740470848311,0.09450102620855787,0.25,将来 未来 明年 今后 届时 预计 后年 将,将 预计 后年 未来 明年 将来 届时 今后,将 届时 明年 后年 将来 今后 未来 预计,将来 未来 明年 今后 届时 预计 后年 将
455,5,0.42951299294623224,0.030617895371045374,0.4,插手 干预 介入 袖手旁观 指手画脚,袖手旁观 指手画脚 介入 干预 插手,插手 袖手旁观 干预 指手画脚 介入,插手 干预 介入 袖手旁观 指手画脚
456,4,0.48508684524454093,0.17283900862443313,0.25,自从 自 从 继,从 继 自 自从,从 继 自 自从,自从 自 从 继
457,2,0.47325047255440644,0.18406876030152342,0.0,从事 从业,从事 从业,从事 从业,从事 从业
458,4,0.39639616397958566,0.02418790107393986,0.75,从此 由此 从中 从今以后,从今以后 从中 由此 从此,从此 从中 从今以后 由此,从此 由此 从中 从今以后
459,1,,0.0,0.0,从头,从头,从头,从头
460,7,0.5387478475738308,0.15811853434224118,0.0,从容 沉着 从容不迫 镇定 冷静 坦然 胸有成竹,坦然 胸有成竹 冷静 沉着 从容不迫 镇定 从容,坦然 镇定 胸有成竹 冷静 沉着 从容 从容不迫,从容 沉着 从容不迫 镇定 冷静 坦然 胸有成竹
461,7,0.4550227582610161,0.03140167732736112,0.14285714285714285,出生 出身 从小 祖籍 土生土长 早年 长大,出生 长大 早年 祖籍 土生土长 从小 出身,祖籍 从小 出身 土生土长 出生 早年 长大,出生 出身 从小 祖籍 土生土长 早年 长大
462,8,0.47348437869826376,0.10815762705355586,0.125,储存 贮藏 存放 保存 保管 保鲜 冷冻 仓库,仓库 保存 冷冻 存放 保鲜 保管 贮藏 储存,保鲜 贮藏 仓库 保管 保存 冷冻 存放 储存,储存 贮藏 存放 保存 保管 保鲜 冷冻 仓库
463,11,0.46351911309415184,0.026300856617267766,0.36363636363636365,细心 细致 仔细 用心 认真 精心 周密 耐心 周到 精细 好好,好好 周到 耐心 精细 认真 用心 周密 精心,周密 周到 细心 细致 用心 耐心 好好 精细 认真 精心 仔细,细心 细致 仔细 用心 认真 精心 周密 耐心 周到 精细 好好
464,4,0.5469236006761355,0.1705681857556277,0.0,别人 他人 自己 对方,自己 对方 别人 他人,对方 别人 他人 自己,别人 他人 自己 对方
465,3,0.7185137008840897,0.4900056094597108,0.0,它们 它 他们,他们 它 它们,它 他们 它们,它们 它 他们
466,4,0.495479591701274,0.13321509153939434,0.25,付出 牺牲 代价 奉献,奉献 代价 牺牲 付出,付出 奉献 代价 牺牲,付出 牺牲 代价 奉献
467,11,0.49534117487683327,0.12737581465560371,0.0,收据 支票 欠条 发票 借条 凭证 存折 账单 便条 付款 印章,存折 付款 便条 印章 账单 凭证 支票 欠条,印章 欠条 付款 凭证 收据 发票 借条 存折 便条 支票 账单,收据 支票 欠条 发票 借条 凭证 存折 账单 便条 付款 印章
468,10,0.4828872404707546,0.093997121939843,0.1,妖怪 鬼 神仙 巫婆 怪物 仙女 阎王 怪 魔鬼 神,怪物 神 怪 魔鬼 阎王 巫婆 仙女 鬼,神 怪 阎王 鬼 怪物 魔鬼 巫婆 神仙 妖怪 仙女,妖怪 鬼 神仙 巫婆 怪物 仙女 阎王 怪 魔鬼 神
469,42,0.44952786491926644,0.03883534826324624,0.21428571428571427,蛇 猫 狗 鹅 鸭子 鸽子 公鸡 青蛙 狮子 鸟 兔 猴,大雁 昆虫 燕子 仙鹤 动物 猪 野兽 猎犬,仙鹤 兔 羊 熊 猴 猪 猫 狼 狗 牛 狮子 猩猩,蛇 猫 狗 鹅 鸭子 鸽子 公鸡 青蛙 狮子 鸟 兔 猴 母鸡 鸡 羊 狼 鳄鱼 鼠 鹿 龟 虫子 鱼 猩猩 天鹅 动物 大象 蜜蜂 蚊子 豹 大雁 燕子 野兽 鲨鱼 猪 苍蝇 仙鹤 鹰 虎 猎犬 昆虫 熊 牛
470,12,0.45437905441822307,0.027619964681796463,0.4166666666666667,名字 绰号 称呼 外号 命名 名称 地名 由来 来历 代号 改名 叫,叫 代号 地名 名称 来历 名字 由来 外号,叫 改名 地名 称呼 代号 由来 命名 外号 名称 绰号 名字 来历,名字 绰号 称呼 外号 命名 名称 地名 由来 来历 代号 改名 叫
471,6,0.5430215284769937,0.26446296221758986,0.0,取代 代替 替代 替换 取而代之 换成,取而代之 换成 替换 替代 代替 取代,替换 替代 换成 代替 取而代之 取代,取代 代替 替代 替换 取而代之 换成
472,4,0.4876046744579782,0.15542934240608414,0.0,委托 代理 代理人 授权,授权 代理人 委托 代理,代理人 委托 代理 授权,委托 代理 代理人 授权
473,1,,0.0,0.0,代表,代表,代表,代表
474,6,0.42970747092056694,0.010509219478808174,0.3333333333333333,团体 团员 社团 代表团 工会 团,代表团 工会 团员 社团 团 团体,团 代表团 团员 团体 工会 社团,团体 团员 社团 代表团 工会 团
475,4,0.3965847194370545,-0.0036253015875234787,0.75,形象 代言人 化身 面貌,面貌 化身 代言人 形象,代言人 形象 化身 面貌,形象 代言人 化身 面貌
476,11,0.4605125123420275,0.10050276189116705,0.09090909090909091,借助 凭借 依靠 通过 凭着 凭 靠 依托 借 透过 以,以 凭着 依托 借 通过 透过 靠 借助,借 凭 以 通过 借助 依靠 依托 靠 凭借 凭着 透过,借助 凭借 依靠 通过 凭着 凭 靠 依托 借 透过 以
477,9,0.5216880155295774,0.16721281032579846,0.0,坚信 深信 确信 相信 认为 断定 以为 预言 预见,预言 预见 断定 以为 认为 相信 坚信 确信,坚信 以为 确信 断定 深信 相信 认为 预言 预见,坚信 深信 确信 相信 认为 断定 以为 预言 预见
478,6,0.456921066332255,0.07399617943122343,0.3333333333333333,及 以及 和 及其 等 相关,相关 等 和 及其 以及 及,及 和 等 以及 相关 及其,及 以及 和 及其 等 相关
479,7,0.5201731351419419,0.07598563711368236,0.14285714285714285,以往 往日 往常 往年 过去 过往 平日,往日 平日 过去 过往 往常 以往 往年,往日 往年 往常 以往 过往 过去 平日,以往 往日 往常 往年 过去 过往 平日
480,1,,0.0,0.0,以身作则,以身作则,以身作则,以身作则
481,15,0.44989777073419807,0.017403889691367302,0.4,测量 检测 测定 观测 试验 实验 测试 仪器 探测 化验 样品 测,化验 望远镜 仪器 试验 观测 样品 测试 检验,探测 测 测量 测试 仪器 试验 测定 观测 实验室 检验 样品 化验,测量 检测 测定 观测 试验 实验 测试 仪器 探测 化验 样品 测 检验 实验室 望远镜
482,1,,0.0,0.0,仪表,仪表,仪表,仪表
483,6,0.5149816323783186,0.05840086842436245,0.3333333333333333,诸位 各位 大家 们 您 我们,我们 大家 们 您 各位 诸位,们 您 我们 大家 诸位 各位,诸位 各位 大家 们 您 我们
484,11,0.49279987829029015,0.05599835005933582,0.2727272727272727,蹲 躺 坐 瘫 跪 趴 站立 卧 仰 呆 倚,站立 仰 倚 呆 瘫 坐 跪 卧,倚 卧 呆 坐 仰 瘫 站立 跪 趴 躺 蹲,蹲 躺 坐 瘫 跪 趴 站立 卧 仰 呆 倚
485,9,0.4812592671905883,0.056712848759201254,0.4444444444444444,价格 售价 价钱 价位 价 定价 高价 票价 性价比,票价 性价比 高价 价钱 售价 价位 定价 价,价 性价比 价钱 定价 价位 价格 票价 高价 售价,价格 售价 价钱 价位 价 定价 高价 票价 性价比
486,2,0.4806304568922469,0.1324879718862877,0.0,增值 价值,价值 增值,增值 价值,增值 价值
487,9,0.4952253718477896,0.06820596030665993,0.2222222222222222,观念 思维 意识 思想 理念 价值观 认知 审美 头脑,头脑 认知 审美 理念 价值观 思维 思想 意识,思想 思维 审美 头脑 观念 理念 意识 价值观 认知,观念 思维 意识 思想 理念 价值观 认知 审美 头脑
488,1,,0.0,0.0,任人宰割,任人宰割,任人宰割,任人宰割
489,3,0.5345014698806326,0.23789916560355226,0.0,别的 其他 任何,任何 别的 其他,别的 任何 其他,别的 其他 任何
490,4,0.5180523410416439,0.13656680261401066,0.0,随意 随心所欲 任意 自由,自由 随心所欲 随意 任意,任意 随心所欲 自由 随意,随意 随心所欲 任意 自由
491,5,0.44958465839298756,0.08511188130231043,0.0,项 篇 种 条 份,篇 条 份 种 项,份 种 篇 条 项,项 篇 种 条 份
492,4,0.5024962495087536,0.19928838749379563,0.0,模仿 效仿 借鉴 仿,借鉴 仿 效仿 模仿,仿 效仿 借鉴 模仿,模仿 效仿 借鉴 仿
493,10,0.5421930857787713,0.18530420058397276,0.2,如同 犹如 好似 像 好比 仿佛 如 似的 如一 正如,如一 好比 正如 似的 仿佛 如 像 好似,似的 像 如 好比 好似 犹如 仿佛 如一 正如 如同,如同 犹如 好似 像 好比 仿佛 如 似的 如一 正如
494,7,0.4697069997882613,0.015018663007284837,0.2857142857142857,勾结 煽动 公然 企图 拉拢 大肆 纵容,纵容 企图 煽动 公然 大肆 勾结 拉拢,纵容 勾结 企图 大肆 拉拢 公然 煽动,勾结 煽动 公然 企图 拉拢 大肆 纵容
495,9,0.4706250115195015,0.06228825129823561,0.2222222222222222,出差 休假 请假 探亲 外出 生病 出国 休养 开会,生病 开会 外出 休养 出国 请假 出差 休假,探亲 开会 请假 生病 出国 出差 休假 休养 外出,出差 休假 请假 探亲 外出 生病 出国 休养 开会
496,12,0.5285480705499922,0.09063910762273426,0.3333333333333333,睡着 睡 睡觉 醒来 午睡 酣睡 醒 惊醒 打盹儿 休息 苏醒 觉,苏醒 觉 休息 惊醒 打盹儿 醒 睡 睡觉,睡 睡着 酣睡 睡觉 醒 觉 苏醒 午睡 休息 醒来 打盹儿 惊醒,睡着 睡 睡觉 醒来 午睡 酣睡 醒 惊醒 打盹儿 休息 苏醒 觉
497,4,0.47804722870557237,0.034181974937400224,0.5,妄想 竟敢 休想 胡说,胡说 妄想 竟敢 休想,胡说 妄想 休想 竟敢,妄想 竟敢 休想 胡说
498,1,,0.0,0.0,休眠,休眠,休眠,休眠
499,26,0.43504537309592295,-0.012484691198531942,0.5384615384615384,游玩 郊游 游览 度假 出游 避暑 旅游 野餐 旅行 爬山 登山 探险,出行 野营 野炊 购物 旅游 疗养 爬山 潜水,旅行 登山 休闲 野餐 野营 游玩 潜水 游 游览 冲浪 旅游 探险,游玩 郊游 游览 度假 出游 避暑 旅游 野餐 旅行 爬山 登山 探险 观光 野炊 野营 休闲 游 钓鱼 冲浪 打猎 划船 潜水 疗养 购物 出行 漫游
500,6,0.4751384919399981,0.08224225975317974,0.0,艰苦奋斗 自强不息 同舟共济 发愤图强 众志成城 团结,团结 艰苦奋斗 发愤图强 众志成城 自强不息 同舟共济,同舟共济 团结 自强不息 发愤图强 艰苦奋斗 众志成城,艰苦奋斗 自强不息 同舟共济 发愤图强 众志成城 团结
501,1,,0.0,0.0,优,优,优,优
502,1,,0.0,0.0,优先,优先,优先,优先
503,5,0.4472831321992322,-0.018988960628873952,0.6,优势 劣势 优越 先天 竞争,先天 竞争 优越 优势 劣势,劣势 优越 优势 竞争 先天,优势 劣势 优越 先天 竞争
504,29,0.4586251675387158,0.019782201350267606,0.3793103448275862,增强 提高 加强 增加 降低 提升 强化 扩大 加深 增大 加快 促进,拓展 进一步 优化 缩短 减弱 减轻 削弱 促进,加重 增强 增大 增加 优化 进一步 改善 扩大 强化 加深 加强 加快,增强 提高 加强 增加 降低 提升 强化 扩大 加深 增大 加快 促进 拓宽 深化 增进 减少 改善 减轻 加剧 削弱 进一步 优化 减弱 加重 缩小 巩固 拓展 缩短 推进
505,8,0.5416929730269479,0.2004077150553703,0.125,折扣 打折 优惠 促销 特价 降价 折 机票,机票 降价 促销 折 特价 优惠 打折 折扣,优惠 折 折扣 降价 促销 打折 特价 机票,折扣 打折 优惠 促销 特价 降价 折 机票
506,18,0.4761072039232251,-0.012309702014399328,0.4444444444444444,缺点 弱点 弊病 弊端 优点 缺陷 毛病 短处 长处 好处 特点 坏处,毛病 问题 难点 症结 好处 漏洞 特点 坏处,优点 误区 症结 漏洞 弱点 问题 毛病 好处 弊端 弊病 短处 缺陷,缺点 弱点 弊病 弊端 优点 缺陷 毛病 短处 长处 好处 特点 坏处 难点 症结 问题 误区 漏洞 隐患
507,21,0.46994775085530616,0.019888068915083174,0.2857142857142857,精致 别致 简洁 古朴 优美 精美 新颖 工整 细腻 美观 艳丽 高雅,精妙 艳丽 整洁 细腻 朴素 完美 工整 美观,流畅 简洁 优美 古朴 完美 细腻 精致 艳丽 清新 华丽 别具匠心 美观,精致 别致 简洁 古朴 优美 精美 新颖 工整 细腻 美观 艳丽 高雅 流畅 华丽 精妙 逼真 朴素 清新 整洁 别具匠心 完美
508,5,0.47620690521659925,0.0979922549081486,0.2,低价 廉价 劣质 优质 平价,优质 平价 低价 劣质 廉价,廉价 优质 劣质 低价 平价,低价 廉价 劣质 优质 平价
509,34,0.4818556184832733,-0.011504391227019023,0.5294117647058824,沉稳 文雅 谦逊 稳重 朴实 和蔼 质朴 豁达 温柔 纯朴 敦厚 刚毅,平和 和蔼 彬彬有礼 高贵 风度 俊俏 潇洒 刚毅,质朴 含蓄 优雅 俊俏 纯朴 得体 开朗 宽厚 彬彬有礼 谦逊 和蔼 幽默,沉稳 文雅 谦逊 稳重 朴实 和蔼 质朴 豁达 温柔 纯朴 敦厚 刚毅 开朗 风趣 俊俏 含蓄 优雅 慈祥 英俊 潇洒 谦虚 幽默 得体 彬彬有礼 柔和 高傲 活泼 大方 硬朗 风度 宽厚 高贵 坚韧 平和
510,1,,0.0,0.0,伙,伙,伙,伙
511,4,0.4543613453059174,0.08082627473827667,0.25,食宿 伙食 自理 接送,接送 伙食 自理 食宿,伙食 食宿 自理 接送,食宿 伙食 自理 接送
512,1,,0.0,0.0,会员,会员,会员,会员
513,22,0.4422061037931127,-0.025968949383499064,0.5909090909090909,体育馆 体育场 礼堂 操场 球场 场馆 大厅 广场 大楼 公园 教学楼 看台,游泳池 场馆 会场 体育场 公园 操场 看台 跑道,图书馆 看台 球场 操场 游泳池 体育馆 剧场 大厦 大厅 草坪 礼堂 跑道,体育馆 体育场 礼堂 操场 球场 场馆 大厅 广场 大楼 公园 教学楼 看台 游泳池 场地 草坪 图书馆 剧院 剧场 阅览室 大厦 会场 跑道
514,23,0.4446892432183409,0.0013538096475683673,0.43478260869565216,拜访 参观 看望 拜会 视察 接见 会见 探望 访问 考察 拜见 慰问,应邀 采访 察看 听取 座谈 来访 实地 陪同,看望 参观 实地 拜会 采访 探望 会见 瞻仰 应邀 座谈 察看 出访,拜访 参观 看望 拜会 视察 接见 会见 探望 访问 考察 拜见 慰问 陪同 观摩 瞻仰 应邀 实地 座谈 察看 听取 出访 采访 来访
515,2,0.5503225095816895,0.27617333997487614,0.0,财务 会计,会计 财务,会计 财务,财务 会计
516,1,,0.0,0.0,伞,伞,伞,伞
517,6,0.4950656940544035,0.11149317454325706,0.0,光辉 伟大 光荣 崇高 神圣 辉煌,辉煌 神圣 崇高 伟大 光辉 光荣,光荣 光辉 崇高 伟大 神圣 辉煌,光辉 伟大 光荣 崇高 神圣 辉煌
518,2,0.41258822882846957,0.0506508928330236,0.0,录 传,录 传,录 传,录 传
519,6,0.5156259106129674,0.11399946352862267,0.0,技艺 手艺 绝技 祖传 失传 传人,传人 手艺 绝技 失传 祖传 技艺,技艺 祖传 绝技 传人 失传 手艺,技艺 手艺 绝技 祖传 失传 传人
520,4,0.40656419471206046,0.0005001362280280443,0.5,发出 传出 接到 信号,信号 接到 发出 传出,发出 传出 接到 信号,发出 传出 接到 信号
521,8,0.4972192404315897,0.10323559123422837,0.125,神话 童话 故事 传说 传奇 寓言 笑话 奇迹,笑话 传说 奇迹 传奇 寓言 故事 童话 神话,神话 奇迹 故事 传奇 笑话 寓言 童话 传说,神话 童话 故事 传说 传奇 寓言 笑话 奇迹
522,5,0.4669829822108684,0.1031075286377678,0.2,影视 娱乐 传媒 文娱 文化,文化 娱乐 文娱 影视 传媒,娱乐 传媒 文化 文娱 影视,影视 娱乐 传媒 文娱 文化
523,7,0.46362409785718645,0.08708144845150377,0.0,培训班 讲座 培训 传授 辅导 夏令营 讲学,传授 讲学 辅导 夏令营 讲座 培训 培训班,培训 夏令营 辅导 传授 讲学 讲座 培训班,培训班 讲座 培训 传授 辅导 夏令营 讲学
524,4,0.5146457150216005,0.10668504135701881,0.0,宣传 推广 推销 传播,推销 传播 推广 宣传,宣传 推广 传播 推销,宣传 推广 推销 传播
525,17,0.4543823565838452,0.0602496412855146,0.23529411764705882,信件 邮件 电子邮件 电报 回信 来信 短信 贺信 信箱 贺电 公开信 公函,公函 发送 留言 信 贺电 传真 邮箱 短信,邮件 信 邮箱 电报 公开信 传真 贺信 贺电 回信 短信 电子邮件 发送,信件 邮件 电子邮件 电报 回信 来信 短信 贺信 信箱 贺电 公开信 公函 留言 邮箱 发送 信 传真
526,5,0.5071033947564854,0.13637275325658618,0.2,原有 现有 现行 旧 传统,旧 原有 传统 现行 现有,旧 现有 传统 原有 现行,原有 现有 现行 旧 传统
527,9,0.47461352703295756,0.0589217500373747,0.4444444444444444,猜测 猜想 揣测 传言 想象 预料 设想 传闻 猜,预料 设想 猜 传闻 想象 传言 揣测 猜想,猜想 猜测 猜 揣测 预料 设想 想象 传闻 传言,猜测 猜想 揣测 传言 想象 预料 设想 传闻 猜
528,4,0.4903027481023592,0.15922359721681023,0.0,输出 输入 传输 输送,输送 传输 输入 输出,输送 输出 输入 传输,输出 输入 传输 输送
529,5,0.42211594537000685,-0.0017840113634876621,0.4,汇报 转达 传达 递交 报到,报到 递交 汇报 转达 传达,转达 汇报 递交 报到 传达,汇报 转达 传达 递交 报到
530,4,0.5569111648264121,0.28193200019789105,0.0,火炬 传递 接力 棒,棒 接力 火炬 传递,棒 火炬 接力 传递,火炬 传递 接力 棒
531,7,0.5386907767027465,0.17961593605669174,0.0,受伤 重伤 伤 伤势 伤残 残疾 伤员,伤员 残疾 受伤 重伤 伤 伤势 伤残,伤 伤残 伤员 伤势 受伤 残疾 重伤,受伤 重伤 伤 伤势 伤残 残疾 伤员
532,51,0.5000785119771405,0.019278670109168627,0.39215686274509803,胳膊 手臂 脖子 嘴唇 肩膀 手掌 鼻子 脸颊 舌头 腿 手指 嘴巴,颈部 浑身 头发 胸部 眼睛 伤口 面部 腹部,爪子 肚子 浑身 肢体 把手 脖子 嘴 拳头 骨头 喉咙 伤口 膝盖,胳膊 手臂 脖子 嘴唇 肩膀 手掌 鼻子 脸颊 舌头 腿 手指 嘴巴 脑袋 耳朵 喉咙 身子 胸膛 膝盖 爪子 颈部 眼睛 手腕 肚子 胸部 眉毛 身体 双手 腰 身躯 腹部 指甲 头发 嘴 指头 手脚 脸 脚 全身 牙齿 把手 头顶 骨头 浑身 伤口 嗓子 怀里 尾巴 肢体 肩 面部 拳头
533,13,0.498115887357872,0.11470190668256186,0.0,损害 妨害 侵害 触犯 侵犯 扰乱 破坏 违反 危及 违背 危害 伤害,冒犯 违背 危害 伤害 侵犯 触犯 破坏 扰乱,伤害 扰乱 危害 危及 破坏 侵犯 侵害 冒犯 妨害 违背 触犯 损害,损害 妨害 侵害 触犯 侵犯 扰乱 破坏 违反 危及 违背 危害 伤害 冒犯
534,5,0.4787093273836871,0.09560439382111183,0.2,创伤 伤痕 后遗症 愈合 阴影,阴影 愈合 后遗症 伤痕 创伤,伤痕 后遗症 愈合 创伤 阴影,创伤 伤痕 后遗症 愈合 阴影
535,5,0.5120036628857221,0.1323392741959057,0.4,掩盖 掩饰 遮盖 伪装 推卸,推卸 伪装 遮盖 掩饰 掩盖,掩饰 遮盖 推卸 伪装 掩盖,掩盖 掩饰 遮盖 伪装 推卸
536,8,0.5067211053007872,0.11203855417167846,0.125,伪造 虚假 编造 弄虚作假 造假 虚构 隐瞒 假,隐瞒 假 弄虚作假 编造 造假 虚构 伪造 虚假,假 虚假 虚构 伪造 造假 隐瞒 弄虚作假 编造,伪造 虚假 编造 弄虚作假 造假 虚构 隐瞒 假
537,15,0.49501240373392014,0.10118273995097468,0.26666666666666666,估算 测算 推算 推断 推测 预测 计算 假设 估计 判断 粗略 分析,得出 计算 分析 判断 推测 统计 假定 粗略,粗略 得出 统计 估计 判断 计算 推算 推测 推断 测算 预测 分析,估算 测算 推算 推断 推测 预测 计算 假设 估计 判断 粗略 分析 假定 统计 得出
538,4,0.5093204085144591,0.08354425393008186,0.25,陪伴 陪 伴 伴侣,伴侣 陪 陪伴 伴,伴 伴侣 陪 陪伴,陪伴 陪 伴 伴侣
539,4,0.5588417065192003,0.24137250535752008,0.0,跟随 随 追随 伴随,伴随 追随 随 跟随,追随 跟随 随 伴随,跟随 随 追随 伴随
540,8,0.42723312980170797,-0.010941947081505537,0.5,抬 扶 搀 拉 撑 伸 拄 推,伸 拄 搀 拉 撑 推 扶 抬,伸 搀 撑 扶 拄 拉 抬 推,抬 扶 搀 拉 撑 伸 拄 推
541,1,,0.0,0.0,伸张,伸张,伸张,伸张
542,4,0.5115043974423071,0.12483928531232713,0.25,使劲 用力 伸手 小心翼翼,小心翼翼 伸手 使劲 用力,用力 伸手 使劲 小心翼翼,使劲 用力 伸手 小心翼翼
543,2,0.47576802890060566,0.14282141193443226,0.0,折叠 伸缩,伸缩 折叠,伸缩 折叠,折叠 伸缩
544,7,0.48673944151243714,0.11545272850772123,0.2857142857142857,侍候 伺候 看护 看管 管教 使唤 监护,使唤 管教 监护 伺候 看护 侍候 看管,看管 看护 侍候 伺候 使唤 管教 监护,侍候 伺候 看护 看管 管教 使唤 监护
545,7,0.5408214109519021,0.1541777906456366,0.0,暗中 偷偷 暗地里 悄悄 趁机 伺机 私下,悄悄 趁机 伺机 私下 偷偷 暗地里 暗中,暗中 趁机 偷偷 伺机 私下 暗地里 悄悄,暗中 偷偷 暗地里 悄悄 趁机 伺机 私下
546,5,0.46334844048318863,0.07864080983209837,0.2,含糊 似是而非 模糊 生硬 自相矛盾,生硬 模糊 似是而非 自相矛盾 含糊,自相矛盾 模糊 生硬 似是而非 含糊,含糊 似是而非 模糊 生硬 自相矛盾
547,9,0.5075618039267702,0.1383290570965121,0.0,幸好 幸亏 好在 可惜 多亏 怪不得 难怪 但愿 总算,难怪 怪不得 总算 但愿 可惜 多亏 幸好 幸亏,幸好 幸亏 总算 可惜 但愿 多亏 好在 怪不得 难怪,幸好 幸亏 好在 可惜 多亏 怪不得 难怪 但愿 总算
548,2,0.7023654010455636,0.4920030547116968,0.0,位 名,名 位,名 位,位 名
549,6,0.458585448643751,0.09248198334659001,0.0,位子 座位 席位 席 就座 位置,就座 座位 席位 位置 席 位子,席 席位 就座 位子 位置 座位,位子 座位 席位 席 就座 位置
550,3,0.4287670777031603,-0.006223522807933784,0.6666666666666666,低 低下 少,低下 少 低,少 低 低下,低 低下 少
551,2,0.46049332465513215,0.09393046811312203,0.0,值 低估,低估 值,值 低估,值 低估
552,19,0.4941418599587815,0.07242148468220305,0.21052631578947367,温度 气温 寒冷 湿度 潮湿 炎热 凉爽 干燥 摄氏度 水温 高温 低温,气候 结冰 体温 暖和 凉爽 寒冷 常温 摄氏度,气候 气温 潮湿 零下 炎热 暖和 寒冷 温度 体温 湿度 水温 凉爽,温度 气温 寒冷 湿度 潮湿 炎热 凉爽 干燥 摄氏度 水温 高温 低温 湿润 零下 暖和 结冰 气候 体温 常温
553,8,0.44866696453902405,0.06809775257173982,0.375,节能 环保 低碳 节水 绿色 能源 生态 科技,生态 能源 科技 绿色 节水 环保 低碳 节能,能源 生态 科技 环保 绿色 节能 节水 低碳,节能 环保 低碳 节水 绿色 能源 生态 科技
554,2,0.6964052439475528,0.47880142609913184,0.0,高调 低调,高调 低调,高调 低调,高调 低调
555,2,0.47896917074684087,0.10765998176076441,0.0,住 住处,住处 住,住 住处,住 住处
556,7,0.4244159347892544,0.018427116258525406,0.2857142857142857,住址 姓名 国籍 性别 地址 身份 邮编,邮编 身份 性别 姓名 地址 住址 国籍,邮编 地址 国籍 姓名 性别 住址 身份,住址 姓名 国籍 性别 地址 身份 邮编
557,7,0.5251845900662517,0.13263895057574043,0.0,感受 感触 体会 感想 体验 观感 切身,观感 切身 体会 体验 感想 感触 感受,体验 切身 感触 观感 体会 感受 感想,感受 感触 体会 感想 体验 观感 切身
558,7,0.49229945351727045,0.08162165211313795,0.14285714285714285,体力 体能 体重 体质 视力 身高 智力,视力 身高 智力 体质 体能 体力 体重,体重 体能 体质 身高 视力 体力 智力,体力 体能 体重 体质 视力 身高 智力
559,2,0.5459294791502802,0.2353596529560067,0.0,复查 体检,复查 体检,体检 复查,复查 体检
560,13,0.4495015813704901,-0.0382176007963663,0.6153846153846154,表明 印证 证明 证实 说明 反映 揭示 显示 验证 预示 体现 看出,预示 体现 确认 反映 说明 表明 看出 揭示,看出 揭示 确认 反映 验证 印证 说明 体现 证明 证实 显示 预示,表明 印证 证明 证实 说明 反映 揭示 显示 验证 预示 体现 看出 确认
561,13,0.4695411529405054,0.07826285619365994,0.07692307692307693,厚度 宽度 长度 体积 尺寸 重量 直径 密度 容量 强度 大小 尺度,面积 强度 直径 尺度 容量 大小 长度 尺寸,密度 厚度 面积 宽度 容量 强度 大小 体积 直径 尺寸 尺度 重量,厚度 宽度 长度 体积 尺寸 重量 直径 密度 容量 强度 大小 尺度 面积
562,11,0.5285939982604113,0.11566693696302076,0.18181818181818182,照顾 关怀 关照 关爱 爱护 体贴 呵护 体谅 关心 照料 无微不至,照料 体谅 爱护 体贴 关心 呵护 无微不至 照顾,爱护 关心 关怀 关爱 关照 照料 体谅 体贴 无微不至 照顾 呵护,照顾 关怀 关照 关爱 爱护 体贴 呵护 体谅 关心 照料 无微不至
563,5,0.5301367920706447,0.15779392283668925,0.2,自尊 尊严 自尊心 面子 体面,体面 自尊心 面子 尊严 自尊,自尊心 面子 体面 尊严 自尊,自尊 尊严 自尊心 面子 体面
564,3,0.39319215391627216,0.041754474062058754,0.6666666666666666,空间 余地 时空,时空 余地 空间,时空 余地 空间,空间 余地 时空
565,14,0.4381816625397419,0.03618096608551137,0.14285714285714285,贷款 还款 偿还 债务 担保 违约 抵押 利息 逾期 信贷 款项 余额,拖欠 余额 款项 担保 信贷 抵押 利息 信用,拖欠 偿还 款项 抵押 贷款 还款 利息 债务 逾期 余额 信贷 信用,贷款 还款 偿还 债务 担保 违约 抵押 利息 逾期 信贷 款项 余额 拖欠 信用
566,11,0.47994760923756635,0.05981664127431487,0.18181818181818182,佛教 寺庙 寺 僧人 菩萨 道教 佛 和尚 供奉 少林寺 古迹,古迹 供奉 道教 和尚 寺庙 佛教 少林寺 菩萨,僧人 寺 佛 少林寺 和尚 供奉 寺庙 菩萨 古迹 道教 佛教,佛教 寺庙 寺 僧人 菩萨 道教 佛 和尚 供奉 少林寺 古迹
567,1,,0.0,0.0,作业,作业,作业,作业
568,19,0.4829676605873218,0.07741335589967482,0.2631578947368421,当作 当成 视为 列为 称作 称为 看成 看作 定为 变成 成为 叫作,分为 作为 定为 成为 纳入 列入 成 改为,看成 看作 成 纳入 改为 叫作 当作 当成 成为 定为 视为 称作,当作 当成 视为 列为 称作 称为 看成 看作 定为 变成 成为 叫作 作为 变为 列入 改为 纳入 分为 成
569,5,0.5504086925111598,0.25836078669265927,0.0,邀请 邀 做客 作客 特邀,特邀 做客 邀请 作客 邀,邀 邀请 做客 特邀 作客,邀请 邀 做客 作客 特邀
570,8,0.5087874828170342,0.1493565866961264,0.125,作家 文学 诗人 散文 文人 文艺 文艺界 知识分子,知识分子 文人 文学 文艺界 散文 文艺 作家 诗人,诗人 文艺 知识分子 文人 文学 作家 散文 文艺界,作家 文学 诗人 散文 文人 文艺 文艺界 知识分子
571,4,0.4724366639334709,0.09470292466681088,0.25,失效 作废 无效 过期,过期 失效 无效 作废,无效 失效 作废 过期,失效 作废 无效 过期
572,18,0.46237072037952637,0.022223056565180713,0.3333333333333333,诈骗 受贿 犯罪 违法 走私 盗窃 贿赂 贪污 非法 涉嫌 敲诈 团伙,团伙 毒品 违法 违规 贪污 盗窃 作弊 内幕,犯罪 贪污 敲诈 贿赂 团伙 欺诈 毒品 受贿 诈骗 盗窃 内幕 涉嫌,诈骗 受贿 犯罪 违法 走私 盗窃 贿赂 贪污 非法 涉嫌 敲诈 团伙 假冒 欺诈 违规 作弊 内幕 毒品
573,9,0.47569457618080296,0.060910568606010934,0.3333333333333333,进攻 反击 防守 战术 作战 防御 攻 解围 自卫,自卫 解围 作战 防御 防守 战术 反击 进攻,攻 解围 进攻 防御 防守 反击 战术 作战 自卫,进攻 反击 防守 战术 作战 防御 攻 解围 自卫
574,28,0.48269839265576164,0.07030635443815024,0.2857142857142857,考试 试题 试卷 高考 笔试 考题 口试 考生 作文 考 卷子 理科,报考 录取 题 文科 招生 理科 复习 测验,复习 笔试 测验 口试 命题 录取 题目 试题 考生 补考 考场 题,考试 试题 试卷 高考 笔试 考题 口试 考生 作文 考 卷子 理科 面试 题目 复习 报考 考场 录取 分数 填空 招生 文科 补考 命题 听力 科目 题 测验
575,5,0.4972702200351928,0.02985170621608314,0.2,用处 益处 作用 功效 副作用,功效 作用 益处 副作用 用处,功效 用处 副作用 益处 作用,用处 益处 作用 功效 副作用
576,2,0.49402747670846814,0.19855549288623514,0.0,编辑 作者,作者 编辑,编辑 作者,编辑 作者
577,25,0.5016269730555504,0.06846306257824705,0.24,钦佩 赞叹 敬佩 赞许 称赞 赞扬 赞赏 佩服 敬重 惊叹 由衷 赞美,赞叹不已 祝贺 表扬 同感 赞不绝口 衷心 羡慕 夸奖,佩服 由衷 惊叹 衷心 赞叹 赞扬 赞美 敬佩 称赞 敬意 同感 同情,钦佩 赞叹 敬佩 赞许 称赞 赞扬 赞赏 佩服 敬重 惊叹 由衷 赞美 羡慕 夸奖 敬意 尊敬 感谢 赞叹不已 衷心 感叹 同情 祝贺 赞不绝口 同感 表扬
578,8,0.5053407706796549,0.1439933929571553,0.125,运用 使用 用 采用 利用 选用 动用 借用,动用 选用 利用 借用 用 采用 使用 运用,选用 运用 用 使用 利用 借用 采用 动用,运用 使用 用 采用 利用 选用 动用 借用
579,2,0.4844657888966464,0.16451244810044674,0.0,使者 天使,天使 使者,使者 天使,使者 天使
580,4,0.5358914354852071,0.17075461386514848,0.25,特例 例子 例外 先例,例子 先例 例外 特例,例外 例子 特例 先例,特例 例子 例外 先例
581,1,,0.0,0.0,供,供,供,供
582,8,0.5314321294940431,0.1488506193580243,0.125,供应 短缺 供给 供求 紧缺 供不应求 过剩 需求,需求 供给 供不应求 过剩 紧缺 短缺 供应 供求,供应 供求 供给 短缺 需求 供不应求 过剩 紧缺,供应 短缺 供给 供求 紧缺 供不应求 过剩 需求
583,3,0.6241006922811393,0.34774786717878053,0.0,供暖 暖气 取暖,暖气 取暖 供暖,取暖 供暖 暖气,供暖 暖气 取暖
584,10,0.5280717272111618,0.19035581650361463,0.1,依照 按照 根据 按 依据 遵照 遵循 参照 依 由,遵循 由 参照 遵照 依 依据 根据 按,依 由 按 参照 根据 依据 依照 遵照 遵循 按照,依照 按照 根据 按 依据 遵照 遵循 参照 依 由
585,2,0.5929531011242519,0.3078956896176972,0.0,依次 顺序,顺序 依次,顺序 依次,依次 顺序
586,13,0.4857183032931029,0.0955998828087261,0.15384615384615385,处罚 惩处 罚款 处分 拘留 查处 惩罚 判处 吊销 追究 罚 没收,查处 惩罚 判处 追究 吊销 依法 没收 拘留,拘留 追究 吊销 罚 惩处 罚款 判处 惩罚 没收 依法 查处 处分,处罚 惩处 罚款 处分 拘留 查处 惩罚 判处 吊销 追究 罚 没收 依法
587,5,0.4699324608162626,0.10374492843961769,0.2,信赖 信任 放心 满意 依赖,依赖 满意 放心 信任 信赖,依赖 放心 信赖 信任 满意,信赖 信任 放心 满意 依赖
588,3,0.4662316059239893,0.0907449880621821,0.0,侠义 风流 英雄,英雄 风流 侠义,侠义 英雄 风流,侠义 风流 英雄
589,6,0.4580892195111938,0.06533525272607045,0.16666666666666666,演习 巡逻 演练 侦察 防卫 戒备,防卫 巡逻 戒备 侦察 演练 演习,巡逻 戒备 防卫 演习 侦察 演练,演习 巡逻 演练 侦察 防卫 戒备
590,2,0.5245104304228518,0.23525632462671245,0.0,端 侧,侧 端,侧 端,端 侧
591,5,0.5070683121816112,0.1353569010288135,0.0,偏向 倾向 转向 侧重 重心,重心 侧重 转向 倾向 偏向,重心 偏向 侧重 倾向 转向,偏向 倾向 转向 侧重 重心
592,4,0.5584939798346872,0.2533152535857457,0.0,反面 正面 侧面 背面,反面 侧面 正面 背面,背面 侧面 反面 正面,反面 正面 侧面 背面
593,8,0.5256657241361081,0.16255647971593615,0.125,霸占 强占 侵占 占领 占据 占有 瓜分 占用,瓜分 占用 占有 占领 占据 侵占 强占 霸占,占用 占据 占有 霸占 占领 强占 瓜分 侵占,霸占 强占 侵占 占领 占据 占有 瓜分 占用
594,13,0.4692787243022278,0.022072392812773088,0.38461538461538464,侵略 剥削 压迫 帝国主义 统治 掠夺 反抗 讹诈 武力 势力 干涉 斗争,干涉 斗争 政权 讹诈 反抗 武力 掠夺 统治,斗争 武力 掠夺 帝国主义 反抗 压迫 讹诈 势力 剥削 侵略 统治 干涉,侵略 剥削 压迫 帝国主义 统治 掠夺 反抗 讹诈 武力 势力 干涉 斗争 政权
595,9,0.5308935487130142,0.190728729630848,0.0,方便 便捷 便宜 省钱 快捷 便利 省事 实惠 划算,划算 实惠 便宜 省事 快捷 省钱 便利 方便,实惠 快捷 省钱 省事 便利 便宜 便捷 方便 划算,方便 便捷 便宜 省钱 快捷 便利 省事 实惠 划算
596,4,0.3546362436690868,-0.12642446667939755,0.75,是 便是 并非 的,的 并非 便是 是,的 是 并非 便是,是 便是 并非 的
597,2,0.4215188813715427,0.038728344028722925,0.0,抵消 促成,抵消 促成,抵消 促成,抵消 促成
598,4,0.3486376979678796,-0.031503315161906825,0.75,德 美 俊 科,科 俊 美 德,德 俊 科 美,德 美 俊 科
599,10,0.4444623577831477,0.011355617397806928,0.5,俗语 俗话 成语 名言 古人 谜语 对联 比喻 诗 俗话说,比喻 俗话说 诗 对联 古人 谜语 名言 成语,俗话说 谜语 成语 古人 名言 俗话 俗语 诗 比喻 对联,俗语 俗话 成语 名言 古人 谜语 对联 比喻 诗 俗话说
600,3,0.40239266287076275,0.0172247180828085,0.3333333333333333,征服 俘获 压倒,压倒 俘获 征服,征服 压倒 俘获,征服 俘获 压倒
601,10,0.49195860621338194,0.09175837400610003,0.2,逃走 逃跑 逃亡 逃 投降 投奔 出走 哗变 走投无路 俘虏,俘虏 走投无路 哗变 逃 出走 投降 投奔 逃走,投降 逃跑 逃走 俘虏 逃亡 哗变 走投无路 出走 逃 投奔,逃走 逃跑 逃亡 逃 投降 投奔 出走 哗变 走投无路 俘虏
602,3,0.38853407030275866,-0.0167873302301019,0.3333333333333333,保 延 护,护 保 延,延 保 护,保 延 护
603,9,0.46910519075233925,0.08373602344657854,0.2222222222222222,修理 维修 保养 修补 修车 保修 修 修复 改装,改装 修复 修 修车 保修 修补 保养 修理,修 维修 保养 保修 修补 修车 修理 修复 改装,修理 维修 保养 修补 修车 保修 修 修复 改装
604,6,0.503054806710497,0.1259507459684823,0.0,保健 养生 美容 减肥 饮食 健康,饮食 减肥 保健 美容 健康 养生,健康 饮食 保健 美容 减肥 养生,保健 养生 美容 减肥 饮食 健康
605,5,0.5592569725876922,0.24322911333226022,0.0,保卫 捍卫 维护 守护 保护,保护 守护 维护 保卫 捍卫,守护 保护 保卫 维护 捍卫,保卫 捍卫 维护 守护 保护
606,9,0.46610136583227174,0.0978551397723122,0.2222222222222222,机密 泄露 泄密 秘密 窃取 保密 隐私 情报 间谍,窃取 隐私 间谍 秘密 情报 保密 泄密 泄露,机密 窃取 间谍 保密 秘密 泄露 隐私 情报 泄密,机密 泄露 泄密 秘密 窃取 保密 隐私 情报 间谍
607,7,0.446802457844526,0.09110544183582069,0.2857142857142857,延续 维持 持续 继续 保持 续 恢复,续 恢复 持续 保持 延续 继续 维持,恢复 持续 续 延续 保持 维持 继续,延续 维持 持续 继续 保持 续 恢复
608,4,0.4992363040075174,0.14035515358585332,0.0,透气 通风 保暖 冷气,冷气 保暖 通风 透气,通风 透气 保暖 冷气,透气 通风 保暖 冷气
609,4,0.5305616710088142,0.22579907025508036,0.0,留 留下 遗留 保留,遗留 保留 留下 留,留 保留 遗留 留下,留 留下 遗留 保留
610,3,0.5080039102003552,0.14946408904948885,0.0,保障 保证 安全,安全 保证 保障,保障 保证 安全,保障 保证 安全
611,4,0.4957354020619653,0.18408743727202861,0.0,期限 保质期 有效期 年限,保质期 期限 有效期 年限,有效期 期限 保质期 年限,期限 保质期 有效期 年限
612,3,0.4908222904976121,0.13857723243473333,0.0,晚安 再见 保重,保重 再见 晚安,保重 再见 晚安,晚安 再见 保重
613,2,0.6351033991030526,0.39939543146301637,0.0,险 保险,险 保险,保险 险,险 保险
614,11,0.48157153563746574,0.11139207154270227,0.09090909090909091,圆珠笔 钢笔 铅笔 毛笔 本子 墨水 字迹 橡皮 纸 信封 笔,信封 笔 橡皮 字迹 墨水 本子 纸 毛笔,铅笔 笔 纸 本子 墨水 圆珠笔 毛笔 钢笔 橡皮 信封 字迹,圆珠笔 钢笔 铅笔 毛笔 本子 墨水 字迹 橡皮 纸 信封 笔
615,16,0.49370573990165867,0.02951051759691625,0.3125,勇气 毅力 斗志 魄力 志气 自信心 气魄 信念 信心 骨气 意志 自信,决心 斗志 劲头 骨气 气魄 自信心 志气 自信,骨气 斗志 魄力 意志 劲头 勇气 毅力 自信 信念 信心 志气 精神,勇气 毅力 斗志 魄力 志气 自信心 气魄 信念 信心 骨气 意志 自信 决心 责任感 劲头 精神
616,6,0.404334733051633,-0.03159400102601822,0.6666666666666666,数据 信息 资料 数据库 海量 消息,海量 消息 数据库 资料 信息 数据,数据库 数据 资料 消息 海量 信息,数据 信息 资料 数据库 海量 消息
617,12,0.47012333814825774,0.06917452521191565,0.16666666666666666,银行卡 存款 取款 信用卡 汇款 银行 储蓄 活期 外币 取款机 账户 理财,理财 外币 信用卡 账户 汇款 活期 银行 银行卡,取款 银行 储蓄 取款机 信用卡 汇款 活期 理财 存款 外币 银行卡 账户,银行卡 存款 取款 信用卡 汇款 银行 储蓄 活期 外币 取款机 账户 理财
618,17,0.4659040252778297,0.029550977579701532,0.47058823529411764,修建 兴建 建成 动工 竣工 建造 扩建 建设 开工 拆除 建 工程,安装 通车 拆除 施工 改造 重建 建 开工,工程 重建 建 安装 竣工 通车 开工 扩建 兴建 建成 建造 建设,修建 兴建 建成 动工 竣工 建造 扩建 建设 开工 拆除 建 工程 施工 改造 安装 重建 通车
619,9,0.483782414787115,0.10751283679710306,0.1111111111111111,更改 改动 变更 修改 变化 改变 变动 调整 更换,变化 更换 变动 改变 修改 调整 改动 变更,改变 改动 更改 更换 修改 调整 变更 变化 变动,更改 改动 变更 修改 变化 改变 变动 调整 更换
620,4,0.5303053826076756,0.19756166188223878,0.0,纠正 改正 矫正 修正,修正 矫正 改正 纠正,改正 矫正 纠正 修正,纠正 改正 矫正 修正
621,8,0.4202959795986355,0.03745313325340498,0.5,编写 编制 起草 修订 拟定 编排 大纲 编,大纲 编排 编 修订 拟定 起草 编写 编制,编 起草 编写 编制 编排 大纲 修订 拟定,编写 编制 起草 修订 拟定 编排 大纲 编
622,2,0.49026259065647415,0.1512399252636843,0.0,铺路 修路,修路 铺路,铺路 修路,铺路 修路
623,3,0.3624305396436777,-0.09374469887993819,0.6666666666666666,垂 俯首 直,俯首 直 垂,俯首 垂 直,垂 俯首 直
624,6,0.5282938304565602,0.11661182000245608,0.16666666666666666,球员 球队 教练 队员 外援 俱乐部,队员 教练 俱乐部 球队 外援 球员,俱乐部 球员 球队 外援 队员 教练,球员 球队 教练 队员 外援 俱乐部
625,2,0.4185649682589314,0.07538412360013934,0.0,倍 百分点,倍 百分点,倍 百分点,倍 百分点
626,5,0.4372052715954943,0.02635568981068374,0.4,塌 垮 倒 倒下 震,倒下 震 倒 垮 塌,倒 垮 塌 倒下 震,塌 垮 倒 倒下 震
627,7,0.4697718482666061,0.07495963165330745,0.2857142857142857,贩卖 倒卖 兜售 出卖 卖 收买 冒充,收买 冒充 卖 兜售 倒卖 出卖 贩卖,卖 收买 倒卖 贩卖 出卖 兜售 冒充,贩卖 倒卖 兜售 出卖 卖 收买 冒充
628,2,0.4957372180465801,0.1684929004004797,0.0,垫底 倒数,倒数 垫底,倒数 垫底,垫底 倒数
629,3,0.4287699449383324,0.09190622575907291,0.0,倒计时 计时 冲刺,冲刺 计时 倒计时,倒计时 冲刺 计时,倒计时 计时 冲刺
630,14,0.4695629636054849,0.06001997040207085,0.2857142857142857,转弯 刹车 拐弯 减速 车速 超车 倒车 急转弯 红灯 超速 熄火 绿灯,超速 熄火 车速 方向盘 刹车 红灯 掉头 急转弯,熄火 掉头 红灯 方向盘 绿灯 车速 超车 超速 减速 拐弯 刹车 转弯,转弯 刹车 拐弯 减速 车速 超车 倒车 急转弯 红灯 超速 熄火 绿灯 掉头 方向盘
631,10,0.4746136788849215,0.06409409161774837,0.3,灭亡 崩溃 完蛋 毁灭 破灭 破产 解体 灭绝 没落 倒闭,毁灭 破产 崩溃 倒闭 没落 完蛋 灭绝 解体,灭亡 解体 崩溃 灭绝 完蛋 没落 毁灭 破灭 破产 倒闭,灭亡 崩溃 完蛋 毁灭 破灭 破产 解体 灭绝 没落 倒闭
632,10,0.4756752654649825,0.021236788494975577,0.5,暴躁 脾气 盛气凌人 发怒 目中无人 倔 大大咧咧 小气 发火 恼羞成怒,小气 大大咧咧 恼羞成怒 倔 目中无人 发火 盛气凌人 发怒,盛气凌人 倔 发怒 恼羞成怒 发火 脾气 小气 暴躁 大大咧咧 目中无人,暴躁 脾气 盛气凌人 发怒 目中无人 倔 大大咧咧 小气 发火 恼羞成怒
633,2,0.6178036211033959,0.3505421070640141,0.0,借口 理由,理由 借口,借口 理由,借口 理由
634,5,0.5733011681665281,0.24307011155179228,0.0,提倡 倡导 宣扬 崇尚 标榜,标榜 宣扬 崇尚 倡导 提倡,标榜 崇尚 宣扬 提倡 倡导,提倡 倡导 宣扬 崇尚 标榜
635,4,0.47518904515998445,0.0936408149274531,0.25,号召 口号 倡议 纲领,纲领 口号 号召 倡议,口号 纲领 倡议 号召,号召 口号 倡议 纲领
636,7,0.5053376815524262,0.06385654530308196,0.14285714285714285,贵重 名贵 珍贵 值钱 昂贵 稀罕 贵,昂贵 珍贵 贵 稀罕 值钱 名贵 贵重,珍贵 稀罕 名贵 贵 昂贵 贵重 值钱,贵重 名贵 珍贵 值钱 昂贵 稀罕 贵
637,6,0.5259812900358978,0.11595038219753,0.0,倾诉 诉说 心里话 心声 诉苦 倾听,心声 心里话 倾听 诉苦 倾诉 诉说,心里话 倾诉 心声 倾听 诉苦 诉说,倾诉 诉说 心里话 心声 诉苦 倾听
638,1,,0.0,0.0,倾家荡产,倾家荡产,倾家荡产,倾家荡产
639,2,0.43454464600246534,0.05251617221702704,0.0,导向 倾斜,导向 倾斜,倾斜 导向,导向 倾斜
640,3,0.4115756672685646,0.03052713634397183,0.3333333333333333,垄断 滥用 倾销,滥用 倾销 垄断,倾销 垄断 滥用,垄断 滥用 倾销
641,4,0.4053169931409451,-0.0800497323667593,0.75,有口无心 半真半假 假装 口吃,半真半假 口吃 假装 有口无心,有口无心 口吃 假装 半真半假,有口无心 半真半假 假装 口吃
642,9,0.5007500927606245,0.04344456437507608,0.5555555555555556,偏僻 偏远 边远 荒凉 贫穷 遥远 僻静 贫困 陌生,遥远 贫穷 贫困 陌生 僻静 荒凉 偏僻 边远,贫困 偏僻 荒凉 遥远 僻静 偏远 边远 陌生 贫穷,偏僻 偏远 边远 荒凉 贫穷 遥远 僻静 贫困 陌生
643,11,0.5034850992762394,0.15941020065974856,0.0,差异 差距 差别 相差 偏差 落差 悬殊 差 反差 误差 差额,偏差 反差 差 误差 差额 落差 差别 相差,偏差 差 误差 落差 反差 相差 悬殊 差别 差异 差额 差距,差异 差距 差别 相差 偏差 落差 悬殊 差 反差 误差 差额
644,3,0.4387733492279526,0.039692495128013074,0.3333333333333333,穴位 部位 偏方,偏方 部位 穴位,偏方 部位 穴位,穴位 部位 偏方
645,3,0.4835037785888368,0.10316779926989265,0.0,迷信 教条 偏见,偏见 教条 迷信,迷信 偏见 教条,迷信 教条 偏见
646,2,0.46952398443699783,0.11803364928098806,0.0,做 定做,做 定做,做 定做,做 定做
647,6,0.48785836670602173,0.06757255643547289,0.0,幻想 空想 做梦 胡思乱想 异想天开 梦,幻想 梦 异想天开 胡思乱想 做梦 空想,梦 胡思乱想 空想 幻想 做梦 异想天开,幻想 空想 做梦 胡思乱想 异想天开 梦
648,10,0.47981104640444183,-0.000017692263650295748,0.5,挣钱 谋生 赚钱 做生意 打工 发财 致富 经商 门路 养活,做生意 门路 养活 致富 打工 发财 经商 谋生,谋生 赚钱 做生意 门路 致富 打工 养活 经商 发财 挣钱,挣钱 谋生 赚钱 做生意 打工 发财 致富 经商 门路 养活
649,3,0.5471982433219067,0.2082657827994525,0.0,做饭 家务 在家,做饭 在家 家务,做饭 家务 在家,做饭 家务 在家
650,1,,0.0,0.0,停,停,停,停
651,6,0.48359959663087376,0.027050057155831416,0.5,摆放 放置 摆设 悬挂 布置 停放,摆设 停放 布置 悬挂 放置 摆放,摆放 停放 放置 悬挂 摆设 布置,摆放 放置 摆设 悬挂 布置 停放
652,21,0.4993823837687731,0.10674630150271094,0.19047619047619047,渔船 船只 军舰 船 艘 船员 船舶 潜艇 航行 停泊 帆船 渔民,帆船 海面 海军 海盗 海域 停泊 水域 游船,帆船 海军 海域 停泊 船舶 海盗 潜艇 游船 船长 轮船 船员 船只,渔船 船只 军舰 船 艘 船员 船舶 潜艇 航行 停泊 帆船 渔民 海面 船长 轮船 海域 游船 水域 水手 海军 海盗
653,2,0.5428968118481878,0.2273343438754632,0.0,停留 滞留,停留 滞留,停留 滞留,停留 滞留
654,4,0.4684717461472508,0.13192024111361386,0.0,床位 病床 停车位 轮椅,停车位 轮椅 病床 床位,床位 轮椅 病床 停车位,床位 病床 停车位 轮椅
655,10,0.5075958748524448,0.13402751562025703,0.2,影星 歌星 明星 巨星 球星 艺人 偶像 大腕儿 名人 模特儿,球星 模特儿 艺人 大腕儿 名人 偶像 巨星 影星,模特儿 艺人 球星 明星 偶像 巨星 影星 大腕儿 歌星 名人,影星 歌星 明星 巨星 球星 艺人 偶像 大腕儿 名人 模特儿
656,7,0.5878160588201203,0.29904469024244396,0.0,恰好 恰巧 正好 刚好 凑巧 正是 偶然,正是 偶然 凑巧 恰巧 刚好 正好 恰好,正是 恰巧 恰好 偶然 刚好 凑巧 正好,恰好 恰巧 正好 刚好 凑巧 正是 偶然
657,6,0.509989703312178,0.14059080593126846,0.0,粗心大意 粗心 马虎 潦草 偷懒 大意,偷懒 大意 潦草 马虎 粗心 粗心大意,偷懒 大意 马虎 潦草 粗心大意 粗心,粗心大意 粗心 马虎 潦草 偷懒 大意
658,1,,0.0,0.0,偷窥,偷窥,偷窥,偷窥
659,3,0.41766163653137767,0.09395633853363287,0.0,后备 储备 备用,备用 储备 后备,备用 后备 储备,后备 储备 备用
660,1,,0.0,0.0,催,催,催,催
661,19,0.500472587890031,0.012811470489524421,0.3684210526315789,劝说 劝 劝告 嘱咐 叮嘱 恳求 催促 告诫 劝阻 哀求 吩咐 说服,催促 提醒 安慰 转告 逼迫 恳求 哀求 劝阻,哀求 劝 示意 再三 敦促 告诫 劝阻 劝说 说服 安慰 叮嘱 催促,劝说 劝 劝告 嘱咐 叮嘱 恳求 催促 告诫 劝阻 哀求 吩咐 说服 示意 敦促 提醒 再三 安慰 转告 逼迫
662,3,0.44618646388918964,0.02363556761478965,0.3333333333333333,安眠药 催眠 自杀,自杀 催眠 安眠药,安眠药 催眠 自杀,安眠药 催眠 自杀
663,3,0.40696511830227694,0.03741963123042787,0.3333333333333333,傲 酷 腾,酷 腾 傲,傲 酷 腾,傲 酷 腾
664,7,0.48953362758412694,0.021381374931032454,0.42857142857142855,傻 逼 瞎 逗 吹牛 疯 忽悠,忽悠 吹牛 逗 逼 疯 傻 瞎,吹牛 傻 疯 瞎 逼 逗 忽悠,傻 逼 瞎 逗 吹牛 疯 忽悠
665,6,0.5312872419450085,0.08262822809525289,0.16666666666666666,笨蛋 傻瓜 家伙 疯子 小偷儿 小人,小人 家伙 小偷儿 疯子 傻瓜 笨蛋,疯子 笨蛋 傻瓜 小人 家伙 小偷儿,笨蛋 傻瓜 家伙 疯子 小偷儿 小人
666,2,0.4558695155987025,0.12468116941187007,0.0,现成 像样,现成 像样,现成 像样,现成 像样
667,7,0.5225488925891929,0.1274731082902736,0.14285714285714285,哆嗦 发抖 颤抖 惨白 动弹 僵 挣扎,挣扎 惨白 僵 动弹 发抖 哆嗦 颤抖,僵 哆嗦 发抖 惨白 挣扎 动弹 颤抖,哆嗦 发抖 颤抖 惨白 动弹 僵 挣扎
668,3,0.4530692329333001,0.11529065735626713,0.3333333333333333,泥潭 陷 僵局,僵局 陷 泥潭,僵局 陷 泥潭,泥潭 陷 僵局
669,7,0.48238824960116844,0.0339780464352668,0.2857142857142857,儒学 儒家 国学 圣贤 学问 茶道 启蒙,圣贤 启蒙 茶道 学问 儒家 儒学 国学,茶道 启蒙 国学 儒学 儒家 圣贤 学问,儒学 儒家 国学 圣贤 学问 茶道 启蒙
670,4,0.5196994382034589,0.1947654293039972,0.0,美元 美金 元 多元,多元 元 美元 美金,元 美元 多元 美金,美元 美金 元 多元
671,2,0.5181123680061195,0.1677053324322662,0.0,要素 元素,元素 要素,元素 要素,要素 元素
672,4,0.40680245339384996,0.01215664137830437,0.25,领袖 元老 泰斗 舵手,泰斗 元老 舵手 领袖,舵手 领袖 泰斗 元老,领袖 元老 泰斗 舵手
673,4,0.4407606313810291,0.06526847748481487,0.25,充电 电池 充 内存,内存 充 充电 电池,充 电池 充电 内存,充电 电池 充 内存
674,3,0.44853124536860123,0.11210445591605415,0.0,足够 充分 足,充分 足够 足,足够 足 充分,足够 充分 足
675,3,0.40849792709837884,0.04476485401171059,0.3333333333333333,补充 更新 充实,充实 更新 补充,补充 更新 充实,补充 更新 充实
676,4,0.46004762856989556,0.07935885366674596,0.0,充当 扮演 发挥 起到,扮演 发挥 充当 起到,起到 扮演 发挥 充当,充当 扮演 发挥 起到
677,5,0.511352911796395,0.1064287962662813,0.4,充沛 充足 强劲 旺盛 良好,充足 良好 旺盛 强劲 充沛,旺盛 强劲 良好 充足 充沛,充沛 充足 强劲 旺盛 良好
678,8,0.4367581292059447,-0.01962651881004505,0.625,洋溢 弥漫 散发 流淌 流露 充满 扑面而来 散布,充满 弥漫 散布 流淌 扑面而来 流露 散发 洋溢,流露 流淌 扑面而来 充满 洋溢 散发 散布 弥漫,洋溢 弥漫 散发 流淌 流露 充满 扑面而来 散布
679,17,0.4590875964398125,-0.025777857961319275,0.5294117647058824,电脑 显示器 笔记本 硬盘 屏幕 键盘 鼠标 打印机 耳机 按键 手机 磁盘,按键 磁带 充电器 游戏机 打印机 手机 耳机 手表,显示器 按键 键盘 耳机 充电器 打印机 硬盘 磁盘 磁带 游戏机 笔记本 鼠标,电脑 显示器 笔记本 硬盘 屏幕 键盘 鼠标 打印机 耳机 按键 手机 磁盘 液晶 充电器 游戏机 手表 磁带
680,7,0.4619976679057968,0.0843621466206598,0.14285714285714285,势头 迹象 苗头 兆头 趋势 预兆 格局,格局 预兆 迹象 苗头 兆头 趋势 势头,迹象 苗头 趋势 势头 预兆 格局 兆头,势头 迹象 苗头 兆头 趋势 预兆 格局
681,2,0.6369495024669072,0.4018018564889816,0.0,首先 先,先 首先,先 首先,首先 先
682,4,0.5176268790246589,0.2105675163680227,0.0,女士 先生 小姐 夫人,夫人 小姐 先生 女士,小姐 夫人 女士 先生,女士 先生 小姐 夫人
683,4,0.4272992224187833,0.02871613276641847,0.5,领先 先进 落后 领军,领军 落后 先进 领先,先进 落后 领军 领先,领先 先进 落后 领军
684,3,0.5394742351063871,0.2179632985757137,0.0,光临 光顾 捧场,捧场 光顾 光临,光临 光顾 捧场,光临 光顾 捧场
685,8,0.4977110176440145,0.1166601994569511,0.125,光滑 光泽 柔软 坚硬 质地 肌肤 滋润 棱角,棱角 肌肤 滋润 质地 坚硬 柔软 光滑 光泽,光滑 光泽 质地 肌肤 柔软 滋润 棱角 坚硬,光滑 光泽 柔软 坚硬 质地 肌肤 滋润 棱角
686,1,,0.0,0.0,光环,光环,光环,光环
687,9,0.4710337227698672,0.09209315705654461,0.2222222222222222,光碟 光盘 盗版 音像 录音 录像 正版 唱片 放映,放映 录像 盗版 唱片 正版 录音 光盘 音像,正版 唱片 光盘 光碟 录像 音像 放映 录音 盗版,光碟 光盘 盗版 音像 录音 录像 正版 唱片 放映
688,8,0.4927977790155738,0.10883798863802566,0.125,通信 通讯 电讯 电信 无线电 无线 光缆 天线,无线 电信 无线电 通讯 天线 光缆 电讯 通信,通信 光缆 通讯 无线 电信 天线 无线电 电讯,通信 通讯 电讯 电信 无线电 无线 光缆 天线
689,2,0.4869951933770702,0.06811617732625244,0.0,压抑 克制,压抑 克制,压抑 克制,压抑 克制
690,12,0.47263381020987066,0.04005716082568366,0.3333333333333333,消除 破除 解决 克服 破解 缓解 摆脱 化解 解开 扭转 打破 解除,解除 摆脱 打破 化解 扭转 消除 破解 解开,扭转 缓解 解开 解决 克服 消除 打破 破解 摆脱 破除 化解 解除,消除 破除 解决 克服 破解 缓解 摆脱 化解 解开 扭转 打破 解除
691,9,0.42979048522266167,0.015889010422345248,0.4444444444444444,基因 变异 遗传 胚胎 克隆 免疫 病毒 进化 移植,移植 病毒 胚胎 免疫 进化 基因 变异 遗传,免疫 克隆 进化 移植 病毒 遗传 胚胎 变异 基因,基因 变异 遗传 胚胎 克隆 免疫 病毒 进化 移植
692,2,0.600306629035095,0.359663560267937,0.0,免除 免,免除 免,免 免除,免除 免
693,3,0.4875748704353762,0.07938225296145064,0.3333333333333333,免费 赠送 无偿,赠送 无偿 免费,无偿 赠送 免费,免费 赠送 无偿
694,4,0.4624434777239144,0.115597025541209,0.25,承诺 兑现 诺言 预期,预期 诺言 兑现 承诺,诺言 预期 承诺 兑现,承诺 兑现 诺言 预期
695,1,,0.0,0.0,党,党,党,党
696,15,0.43251696115534033,-0.01687193182941015,0.6,绑 缠 拴 钉 吊 绷 挂 绞 捆 钩 兜 夹,捆 兜 挂 勾 钩 扎 绷 绞,兜 勾 吊 夹 缠 绑 绞 绷 扎 拴 捆 挂,绑 缠 拴 钉 吊 绷 挂 绞 捆 钩 兜 夹 扎 悬 勾
697,8,0.49695834590776666,0.0745436483897639,0.125,挎 拎 背着 扛 揣 背 兜儿 驮,兜儿 扛 揣 背着 驮 拎 挎 背,背着 扛 拎 挎 揣 驮 背 兜儿,挎 拎 背着 扛 揣 背 兜儿 驮
698,6,0.4406919599089983,0.0520119485115039,0.16666666666666666,流入 流向 涌入 流动 流失 入,入 流动 流失 流向 流入 涌入,涌入 入 流失 流动 流入 流向,流入 流向 涌入 流动 流失 入
699,6,0.5032570594137339,0.08746302883111652,0.16666666666666666,骚扰 挑衅 攻击 轰炸 入侵 威胁,威胁 挑衅 攻击 骚扰 入侵 轰炸,入侵 威胁 攻击 轰炸 骚扰 挑衅,骚扰 挑衅 攻击 轰炸 入侵 威胁
700,1,,0.0,0.0,入口,入口,入口,入口
701,8,0.4827859604797849,0.08308051602713534,0.125,出口 进出口 入境 进口 海关 出境 过境 外贸,过境 外贸 进口 海关 出境 入境 出口 进出口,海关 进口 入境 出口 出境 外贸 进出口 过境,出口 进出口 入境 进口 海关 出境 过境 外贸
702,2,0.47631764935889787,0.09695439179535524,0.0,角度 入手,入手 角度,入手 角度,角度 入手
703,3,0.3713724479743125,0.00034772734637411135,0.6666666666666666,名单 清单 入选,入选 清单 名单,入选 清单 名单,名单 清单 入选
704,3,0.4498901745159552,0.06858478797312222,0.3333333333333333,新手 新人 入门,入门 新人 新手,入门 新手 新人,新手 新人 入门
705,3,0.4442598554721779,0.13818090017201556,0.0,整 整个 全,全 整个 整,全 整 整个,整 整个 全
706,2,0.5636784188864532,0.2755354263238879,0.0,全体 广大,全体 广大,全体 广大,全体 广大
707,3,0.49146753267764615,0.18669486688784728,0.0,在场 全场 现场,现场 全场 在场,现场 全场 在场,在场 全场 现场
708,5,0.5122938924709297,0.13648855374102958,0.2,大局 全局 长远 着眼 顾全大局,顾全大局 着眼 长远 全局 大局,着眼 长远 大局 全局 顾全大局,大局 全局 长远 着眼 顾全大局
709,6,0.4213162482378994,0.07488487237506809,0.16666666666666666,年 来年 年度 年终 全年 多年,多年 年度 全年 来年 年终 年,年 年度 年终 全年 多年 来年,年 来年 年度 年终 全年 多年
710,1,,0.0,0.0,全文,全文,全文,全文
711,3,0.599591427946641,0.30215388562576856,0.0,全新 崭新 新,新 崭新 全新,新 全新 崭新,全新 崭新 新
712,3,0.4887294875062791,0.16284703616802162,0.0,全面 全方位 彻底,彻底 全方位 全面,彻底 全方位 全面,全面 全方位 彻底
713,2,0.4490209431319223,0.08423164880880313,0.0,全程 自始至终,自始至终 全程,全程 自始至终,全程 自始至终
714,2,0.4489931308761932,0.12780888588125458,0.0,全长 时速,时速 全长,时速 全长,全长 时速
715,1,,0.0,0.0,八卦,八卦,八卦,八卦
716,2,0.3824563782342639,0.036193549750699563,0.0,良 公,良 公,公 良,良 公
717,9,0.5092953406099625,0.15110936171208075,0.2222222222222222,王后 公主 皇后 皇帝 国王 王子 皇室 贵族 美人,美人 贵族 皇室 皇帝 国王 王子 公主 王后,美人 皇室 皇帝 皇后 贵族 国王 公主 王子 王后,王后 公主 皇后 皇帝 国王 王子 皇室 贵族 美人
718,5,0.4836312833596338,0.13645840740590934,0.0,廉洁 廉政 诚信 廉正 公仆,诚信 公仆 廉正 廉政 廉洁,诚信 廉政 廉洁 廉正 公仆,廉洁 廉政 诚信 廉正 公仆
719,4,0.42039854596425097,0.03130533903598902,0.25,公众 大众 国民 公共,公共 公众 国民 大众,大众 国民 公共 公众,公众 大众 国民 公共
720,3,0.4065102841151685,0.05757381880394893,0.0,相传 记载 公元,记载 公元 相传,相传 记载 公元,相传 记载 公元
721,3,0.5272188788876034,0.2265002092309023,0.0,公共场所 场所 场合,场合 场所 公共场所,公共场所 场所 场合,公共场所 场所 场合
722,2,0.5096972342278728,0.16235058468267757,0.0,公关 广告,广告 公关,广告 公关,公关 广告
723,7,0.44619512853775445,0.06274785832558058,0.14285714285714285,公费 公款 报销 公务 自费 回扣 公车,公务 公车 自费 回扣 报销 公款 公费,公费 公车 自费 回扣 报销 公务 公款,公费 公款 报销 公务 自费 回扣 公车
724,11,0.4522793100787722,-0.036536124409370534,0.6363636363636364,军官 士兵 军人 警官 官吏 职员 官员 雇员 公务员 陆军 将军,雇员 官吏 陆军 官员 将军 士兵 警官 职员,官员 官吏 公务员 将军 陆军 雇员 警官 军官 士兵 军人 职员,军官 士兵 军人 警官 官吏 职员 官员 雇员 公务员 陆军 将军
725,9,0.4145465013239329,-0.017985902192992103,0.5555555555555556,发布 公布 披露 公告 刊登 发表 报告 报道 声明,报道 公告 报告 声明 发表 刊登 公布 发布,发布 报告 刊登 披露 发表 声明 报道 公告 公布,发布 公布 披露 公告 刊登 发表 报告 报道 声明
726,21,0.4856210204879447,0.047844000320599385,0.38095238095238093,墓 坟 坟墓 墓地 墓碑 公墓 葬 纪念碑 遗体 遗物 祭奠 扫墓,遗址 遗物 墓 庙 陪葬 祭奠 遗体 葬礼,尸体 墓地 坟 墓 庙 葬礼 碑 烈士 棺材 纪念馆 陪葬 扫墓,墓 坟 坟墓 墓地 墓碑 公墓 葬 纪念碑 遗体 遗物 祭奠 扫墓 碑 烈士 葬礼 陪葬 纪念馆 庙 尸体 棺材 遗址
727,3,0.3939221152530796,0.02680284162618428,0.3333333333333333,对外 公开 官方,官方 公开 对外,对外 官方 公开,对外 公开 官方
728,4,0.48001860287380266,0.05226882361718954,0.5,表格 图表 表 公式,图表 公式 表格 表,表 表格 公式 图表,表格 图表 表 公式
729,7,0.47294621309438106,0.1265360267212438,0.2857142857142857,华侨 华人 华裔 留学生 同胞 工商界 公民,公民 工商界 同胞 留学生 华裔 华侨 华人,留学生 华裔 华侨 华人 工商界 同胞 公民,华侨 华人 华裔 留学生 同胞 工商界 公民
730,5,0.49588587988268296,0.13425360562636685,0.2,养老金 养老 退休 养老院 公积金,养老院 公积金 退休 养老 养老金,公积金 养老 退休 养老金 养老院,养老金 养老 退休 养老院 公积金
731,14,0.44864852685008777,0.04011221902217411,0.21428571428571427,条例 宪法 草案 法规 公约 规定 法律 条约 条款 刑法 决议 宣言,宣言 文件 纲要 决议 刑法 规定 法规 条约,宣言 条约 决议 条款 法律 条例 宪法 法规 规定 刑法 草案 纲要,条例 宪法 草案 法规 公约 规定 法律 条约 条款 刑法 决议 宣言 纲要 文件
732,2,0.4483936057297546,0.07282849411792919,0.0,公认 约定俗成,约定俗成 公认,公认 约定俗成,公认 约定俗成
733,3,0.40210389933986507,0.03597478631123461,0.3333333333333333,拍卖 招标 公证,公证 招标 拍卖,公证 招标 拍卖,拍卖 招标 公证
734,2,0.47095298602165137,0.15012668252983905,0.0,共享 分享,分享 共享,共享 分享,共享 分享
735,6,0.5059528156297709,0.17611555544419108,0.16666666666666666,联手 携手 联合 共同 牵头 发起,发起 共同 牵头 联合 携手 联手,牵头 联手 共同 联合 携手 发起,联手 携手 联合 共同 牵头 发起
736,7,0.4726460767103474,0.09980056878765063,0.14285714285714285,特性 特征 属性 性质 性 形态 共性,形态 共性 性 性质 特征 属性 特性,共性 性质 性 属性 形态 特征 特性,特性 特征 属性 性质 性 形态 共性
737,3,0.46086834258209247,0.05576930520146689,0.0,好感 共鸣 好评,共鸣 好感 好评,好感 共鸣 好评,好感 共鸣 好评
738,3,0.3881323301294037,0.021110283223068627,0.6666666666666666,过关 及格 关,及格 关 过关,关 及格 过关,过关 及格 关
739,9,0.4769959909073459,-0.03599780465682886,0.4444444444444444,门铃 关上 电铃 开关 防盗门 敲门 关掉 关机 钥匙,关机 钥匙 敲门 电铃 开关 关上 防盗门 关掉,关上 关掉 门铃 关机 开关 敲门 电铃 钥匙 防盗门,门铃 关上 电铃 开关 防盗门 敲门 关掉 关机 钥匙
740,3,0.36772367731660144,-0.015843449007447625,0.6666666666666666,关于 有关 拟,拟 有关 关于,关于 拟 有关,关于 有关 拟
741,7,0.46280369655313836,0.07634734037542033,0.14285714285714285,看重 重视 注重 关注 看中 看好 着重,着重 关注 看好 重视 注重 看中 看重,看好 注重 看中 关注 着重 重视 看重,看重 重视 注重 关注 看中 看好 着重
742,7,0.5326535132414845,0.14457085895008057,0.14285714285714285,税收 纳税 征收 税务 纳税人 关税 税,税务 征收 税 关税 纳税人 纳税 税收,征收 税 关税 纳税人 纳税 税务 税收,税收 纳税 征收 税务 纳税人 关税 税
743,4,0.5277607370847678,0.15118171519701395,0.25,密切 紧密 联系 关系,关系 联系 紧密 密切,密切 紧密 联系 关系,密切 紧密 联系 关系
744,1,,0.0,0.0,关联,关联,关联,关联
745,1,,0.0,0.0,兴奋剂,兴奋剂,兴奋剂,兴奋剂
746,8,0.47634427097532306,0.06499444175433933,0.25,富足 富裕 富强 昌盛 兴旺 和睦 祥和 小康,和睦 祥和 小康 兴旺 富足 昌盛 富强 富裕,昌盛 和睦 小康 兴旺 富强 祥和 富足 富裕,富足 富裕 富强 昌盛 兴旺 和睦 祥和 小康
747,2,0.5033104825020893,0.11695742909576343,0.0,兴致 胃口,胃口 兴致,胃口 兴致,兴致 胃口
748,6,0.502610636621988,0.14017481307673685,0.0,热潮 掀起 高潮 掀 兴起 潮,兴起 潮 掀 掀起 高潮 热潮,热潮 掀 潮 掀起 兴起 高潮,热潮 掀起 高潮 掀 兴起 潮
749,8,0.5125861316954496,0.10043172920675453,0.25,爱好 喜好 嗜好 喜爱 喜欢 兴趣 感兴趣 座右铭,兴趣 座右铭 感兴趣 喜爱 喜欢 喜好 嗜好 爱好,感兴趣 嗜好 兴趣 座右铭 喜欢 喜爱 喜好 爱好,爱好 喜好 嗜好 喜爱 喜欢 兴趣 感兴趣 座右铭
750,5,0.4788941552570467,0.09818330987937215,0.2,军队 部队 兵 打仗 武装,打仗 武装 兵 部队 军队,武装 兵 部队 军队 打仗,军队 部队 兵 打仗 武装
751,2,0.40955566124041043,0.015204182450063441,0.5,间 其间,间 其间,其间 间,间 其间
752,4,0.4814125385634868,0.1054137618409293,0.0,简要 详细 具体 如下,如下 详细 具体 简要,简要 具体 如下 详细,简要 详细 具体 如下
753,3,0.45134927964706656,0.10734622249572155,0.0,勒 兹 托,兹 托 勒,兹 勒 托,勒 兹 托
754,4,0.44605272284024156,0.08204756403200335,0.0,养 宠 宠物 驯,宠物 驯 养 宠,养 宠 宠物 驯,养 宠 宠物 驯
755,13,0.47709579866007856,0.052485585720541975,0.38461538461538464,饲养 家禽 养殖 奶牛 喂养 饲料 牲畜 繁殖 水产品 杂交 野生 粪便,牧场 粪便 杂交 水产品 野生 喂养 繁殖 养殖,奶牛 饲料 饲养 牲畜 水产品 繁殖 牧场 养殖 粪便 野生 家禽 喂养,饲养 家禽 养殖 奶牛 喂养 饲料 牲畜 繁殖 水产品 杂交 野生 粪便 牧场
756,2,0.4615708689926724,0.0742127265911712,0.0,兼容 兼顾,兼容 兼顾,兼容 兼顾,兼容 兼顾
757,1,,0.0,0.0,内向,内向,内向,内向
758,4,0.4454248600822503,0.057712890904370234,0.25,自身 内在 本身 自我,自我 内在 本身 自身,自身 自我 内在 本身,自身 内在 本身 自我
759,4,0.4851398942548606,0.15895397419247942,0.0,外部 内部 内外 外界,外界 内部 内外 外部,内部 外部 外界 内外,外部 内部 内外 外界
760,2,0.4060275716799122,0.06908616751206638,0.0,格式 内容,格式 内容,内容 格式,格式 内容
761,4,0.5557303432811523,0.16417318563462557,0.0,心灵 内心 身心 心理,内心 心理 身心 心灵,心理 心灵 内心 身心,心灵 内心 身心 心理
762,7,0.5053369735033465,0.14569443455969353,0.14285714285714285,涵义 含义 意义 内涵 本质 实质 区别,区别 意义 本质 实质 内涵 含义 涵义,区别 意义 涵义 本质 内涵 实质 含义,涵义 含义 意义 内涵 本质 实质 区别
763,3,0.6394131550132014,0.36819204116718657,0.0,内行 外行 行家,行家 外行 内行,内行 行家 外行,内行 外行 行家
764,2,0.44938175620625986,0.13204366280604177,0.0,消费 内需,消费 内需,内需 消费,消费 内需
765,7,0.4523793164332028,0.0940877747169444,0.14285714285714285,废物 垃圾 回收 废品 废 再生 循环,循环 再生 垃圾 回收 废 废品 废物,废 废物 再生 废品 回收 循环 垃圾,废物 垃圾 回收 废品 废 再生 循环
766,1,,0.0,0.0,冒,冒,冒,冒
767,3,0.4445066259709492,0.05458591518585828,0.3333333333333333,危险 冒险 风险,风险 冒险 危险,风险 危险 冒险,危险 冒险 风险
768,3,0.49567314778279153,0.1291245674389742,0.0,冗长 简短 篇幅,篇幅 冗长 简短,简短 冗长 篇幅,冗长 简短 篇幅
769,2,0.6841475958450305,0.46910719008858226,0.0,写照 缩影,写照 缩影,写照 缩影,写照 缩影
770,5,0.41405727539822496,0.002714463575172218,0.4,财政 政府 军事 行政 国防,政府 军事 国防 财政 行政,行政 财政 国防 政府 军事,财政 政府 军事 行政 国防
771,3,0.5008304100578812,0.17546420791414752,0.0,合作社 农场 大棚,大棚 农场 合作社,合作社 大棚 农场,合作社 农场 大棚
772,7,0.4446570460429432,-0.030982133885103208,0.5714285714285714,就业 劳动力 农民工 失业 劳务 劳动 求职,劳动力 求职 劳动 劳务 失业 农民工 就业,劳务 劳动 就业 求职 农民工 失业 劳动力,就业 劳动力 农民工 失业 劳务 劳动 求职
773,5,0.4836347225619968,0.0499431010906841,0.6,怨 愁 苦 冤 穷,冤 苦 穷 愁 怨,冤 穷 怨 愁 苦,怨 愁 苦 冤 穷
774,15,0.5262708377776526,0.20342304347047122,0.06666666666666667,冬季 夏季 春季 秋季 秋天 季节 冬天 夏天 时节 春天 四季 旺季,四季 节气 淡季 旺季 季 冬季 时节 冬天,季 冬季 冬天 四季 季节 旺季 时节 淡季 春天 春季 秋天 秋季,冬季 夏季 春季 秋季 秋天 季节 冬天 夏天 时节 春天 四季 旺季 淡季 节气 季
775,4,0.4041959462184612,-0.03776347444033543,0.5,气泡 冰 泡沫 火山,冰 火山 泡沫 气泡,冰 气泡 泡沫 火山,气泡 冰 泡沫 火山
776,11,0.42755229825916446,-0.018641401002006914,0.45454545454545453,海洋 海水 大海 海底 陆地 海浪 冰山 南极 北极 水面 热带,冰山 海浪 北极 水面 南极 热带 海水 大海,海底 海浪 海洋 海水 热带 水面 南极 大海 陆地 冰山 北极,海洋 海水 大海 海底 陆地 海浪 冰山 南极 北极 水面 热带
777,13,0.492154842040879,0.11580843111496263,0.15384615384615385,冰箱 洗衣机 热水器 电饭锅 微波炉 彩电 空调 电视机 家电 电器 水槽 家用,炉灶 水槽 家用 电器 电视机 空调 家电 热水器,热水器 微波炉 彩电 电器 洗衣机 炉灶 空调 电饭锅 冰箱 水槽 家用 家电,冰箱 洗衣机 热水器 电饭锅 微波炉 彩电 空调 电视机 家电 电器 水槽 家用 炉灶
778,1,,0.0,0.0,冰雪,冰雪,冰雪,冰雪
779,4,0.4231220389902461,-0.05023058423703887,0.75,吼 轰 冲 滚,吼 轰 滚 冲,冲 吼 滚 轰,吼 轰 冲 滚
780,3,0.5301604004313266,0.17671470941972245,0.0,挑战 考验 冲击,冲击 考验 挑战,挑战 冲击 考验,挑战 考验 冲击
781,2,0.5364794375654319,0.13523721979965223,0.0,冲动 念头,念头 冲动,冲动 念头,冲动 念头
782,5,0.5884103090917879,0.28986819203396746,0.0,撞击 冲撞 碰撞 撞 摩擦,摩擦 撞 冲撞 撞击 碰撞,撞击 撞 冲撞 摩擦 碰撞,撞击 冲撞 碰撞 撞 摩擦
783,11,0.4817421626195117,0.05106593646353861,0.2727272727272727,清洗 洗 干净 冲洗 打扫 消毒 洁净 清洁 烘干 净化 收拾,净化 消毒 收拾 干净 打扫 洗 烘干 清洁,净化 洗 冲洗 收拾 烘干 清洁 清洗 洁净 消毒 打扫 干净,清洗 洗 干净 冲洗 打扫 消毒 洁净 清洁 烘干 净化 收拾
784,2,0.45389500988844755,0.0766758768923746,0.0,决策 拍板,拍板 决策,拍板 决策,决策 拍板
785,6,0.48726830641031965,0.09744966599388667,0.3333333333333333,冷 凉 热 暖 闷 湿,闷 湿 暖 热 凉 冷,冷 凉 热 暖 湿 闷,冷 凉 热 暖 闷 湿
786,4,0.434622045727966,0.05892362989187552,0.0,核武器 战争 冷战 核,战争 核 核武器 冷战,核武器 核 冷战 战争,核武器 战争 冷战 核
787,32,0.48642071541910603,0.03707143340473449,0.3125,煮 炖 煎 蒸 烤 烫 拌 开水 熬 淋 锅 煲,炸 炒 搅 锅 浇 冻 热水 裹,搅拌 冻 糊 熬 熏 煲 煮 煎 炸 炖 炒 烫,煮 炖 煎 蒸 烤 烫 拌 开水 熬 淋 锅 煲 涮 浇 浸泡 凉水 蘸 烧 搅拌 泡 冷水 糊 熏 炸 汤 加热 热水 搅 炒 冻 裹 烹调
788,5,0.545853974903402,0.1402713094262469,0.2,冷淡 冷漠 漠然 爱理不理 冷落,爱理不理 冷漠 冷落 漠然 冷淡,爱理不理 冷落 冷漠 冷淡 漠然,冷淡 冷漠 漠然 爱理不理 冷落
789,4,0.5789574250586891,0.22822230989644696,0.0,冷酷无情 无情无义 无情 心肠,心肠 冷酷无情 无情无义 无情,无情 冷酷无情 无情无义 心肠,冷酷无情 无情无义 无情 心肠
790,1,,0.0,0.0,冻结,冻结,冻结,冻结
791,1,,0.0,0.0,净,净,净,净
792,1,,0.0,0.0,准,准,准,准
793,7,0.4699710061337502,0.05789424962566057,0.2857142857142857,规矩 规则 纪律 遵守 准则 秩序 惯例,惯例 遵守 准则 纪律 秩序 规矩 规则,准则 规则 规矩 秩序 遵守 惯例 纪律,规矩 规则 纪律 遵守 准则 秩序 惯例
794,5,0.45591387750117035,0.08302198508609529,0.2,准备 筹备 酝酿 预备 着手,着手 预备 筹备 酝酿 准备,酝酿 着手 准备 预备 筹备,准备 筹备 酝酿 预备 着手
795,4,0.44167922829726436,0.08412700691568195,0.25,按时 准时 照常 照例,照例 照常 按时 准时,照例 照常 准时 按时,按时 准时 照常 照例
796,10,0.4935565548905169,0.059950016025851205,0.3,准确 确切 清晰 详尽 清楚 精确 透彻 明确 直观 贴切,透彻 直观 详尽 清楚 确切 贴切 明确 准确,详尽 确切 明确 透彻 清晰 清楚 直观 准确 贴切 精确,准确 确切 清晰 详尽 清楚 精确 透彻 明确 直观 贴切
797,16,0.487774495114969,0.06142920045913808,0.3125,安静 清静 宁静 安逸 安稳 平静 安宁 舒服 舒畅 寂静 舒适 凉快,喧闹 平静 安心 安定 凉快 舒畅 清凉 舒适,安静 安逸 舒畅 宁静 舒服 寂静 喧闹 安心 安宁 安定 清凉 平静,安静 清静 宁静 安逸 安稳 平静 安宁 舒服 舒畅 寂静 舒适 凉快 安定 安心 清凉 喧闹
798,4,0.475575084080983,0.1229986113099311,0.0,降 减 增 调,调 降 增 减,减 增 降 调,降 减 增 调
799,2,0.44417464905768156,0.1059736697177786,0.0,减压 降温,降温 减压,降温 减压,减压 降温
800,3,0.5071629985969751,0.18610419891511332,0.0,凑合 勉强 凑,勉强 凑 凑合,凑 勉强 凑合,凑合 勉强 凑
801,6,0.48097959333425716,0.06251859982588351,0.0,凝固 溶解 结晶 融化 沉淀 浓缩,融化 溶解 沉淀 结晶 浓缩 凝固,沉淀 溶解 融化 结晶 凝固 浓缩,凝固 溶解 结晶 融化 沉淀 浓缩
802,9,0.49879521841166885,0.1620364732183437,0.1111111111111111,汇聚 聚集 汇集 集结 凝聚 集合 聚 汇合 集中,集中 汇合 聚 凝聚 集合 集结 汇集 汇聚,集中 汇集 集结 汇聚 汇合 凝聚 聚 聚集 集合,汇聚 聚集 汇集 集结 凝聚 集合 聚 汇合 集中
803,6,0.482796356835773,0.17018787534454916,0.16666666666666666,几率 成功率 概率 率 效率 频率,效率 频率 率 成功率 概率 几率,概率 频率 率 效率 几率 成功率,几率 成功率 概率 率 效率 频率
804,4,0.3920693993485808,-0.07316370728138981,0.5,皆 凡 必 唯,皆 唯 必 凡,凡 唯 必 皆,皆 凡 必 唯
805,1,,0.0,0.0,凤凰,凤凰,凤凰,凤凰
806,1,,0.0,0.0,凯歌,凯歌,凯歌,凯歌
807,10,0.48703439455977127,0.0841537246609466,0.2,凶狠 凶猛 猛 猖狂 凶 猛烈 疯狂 狠 厉害 狂,疯狂 猖狂 厉害 狂 狠 凶狠 凶 猛烈,猖狂 厉害 凶 疯狂 猛 狠 狂 凶狠 凶猛 猛烈,凶狠 凶猛 猛 猖狂 凶 猛烈 疯狂 狠 厉害 狂
808,15,0.4445237548489022,0.020944456219351704,0.3333333333333333,凹 弯 凸 圆形 弯曲 斜 圆 扁 翘 形 拱 尖,角 弯曲 扭 形 尖 圆形 竖 扁,圆形 凹 凸 圆 尖 弯 形 竖 翘 斜 扭 扁,凹 弯 凸 圆形 弯曲 斜 圆 扁 翘 形 拱 尖 竖 角 扭
809,1,,0.0,0.0,出,出,出,出
810,5,0.4885979444232964,0.09686577062794156,0.0,出洋相 出丑 出难题 出风头 穿小鞋,穿小鞋 出难题 出风头 出洋相 出丑,出难题 出风头 出丑 穿小鞋 出洋相,出洋相 出丑 出难题 出风头 穿小鞋
811,10,0.4580230199972729,0.007318083785533942,0.5,鉴于 由于 对于 得益于 随着 基于 尽管 加上 纵观 出于,对于 随着 出于 基于 尽管 加上 纵观 得益于,基于 对于 得益于 纵观 尽管 加上 出于 由于 随着 鉴于,鉴于 由于 对于 得益于 随着 基于 尽管 加上 纵观 出于
812,7,0.5216929469759711,0.15619203466520395,0.14285714285714285,意料之外 出人意料 意料 意外 惊喜 意想不到 巧合,巧合 意想不到 惊喜 意料 意外 出人意料 意料之外,惊喜 出人意料 意外 意料 意料之外 巧合 意想不到,意料之外 出人意料 意料 意外 惊喜 意想不到 巧合
813,3,0.4357281092715451,0.07109512591708522,0.3333333333333333,出示 出具 如实,如实 出具 出示,出具 出示 如实,出示 出具 如实
814,2,0.45943922159291795,0.04586921787451298,0.0,出动 开动,开动 出动,开动 出动,出动 开动
815,1,,0.0,0.0,出厂,出厂,出厂,出厂
816,9,0.5191363716018285,0.14847800699973007,0.1111111111111111,本意 用意 目的 初衷 意图 出发点 意思 动机 宗旨,动机 意思 宗旨 出发点 意图 用意 本意 初衷,宗旨 用意 意图 意思 本意 初衷 目的 动机 出发点,本意 用意 目的 初衷 意图 出发点 意思 动机 宗旨
817,5,0.4625538798169517,0.040216697356199746,0.2,滔滔不绝 引经据典 绘声绘色 头头是道 出口成章,绘声绘色 头头是道 出口成章 引经据典 滔滔不绝,绘声绘色 引经据典 头头是道 出口成章 滔滔不绝,滔滔不绝 引经据典 绘声绘色 头头是道 出口成章
818,15,0.47390531072221864,0.08541610589267422,0.2,实施 实行 制定 推行 制订 施行 出台 颁布 试行 落实 开展 贯彻,推出 开展 贯彻 制订 采取 落实 试行 制定,颁布 制订 实施 开展 试行 落实 推出 制定 采取 出台 施行 执行,实施 实行 制定 推行 制订 施行 出台 颁布 试行 落实 开展 贯彻 采取 推出 执行
819,1,,0.0,0.0,出土,出土,出土,出土
820,4,0.45621230328914136,0.12962611634109666,0.0,重返 回归 归来 出山,出山 归来 回归 重返,回归 出山 重返 归来,重返 回归 归来 出山
821,1,,0.0,0.0,出毛病,出毛病,出毛病,出毛病
822,6,0.5202171329969423,0.1693689566516795,0.16666666666666666,租金 租 房租 出租 租赁 房东,房东 出租 租赁 房租 租 租金,房租 租 租赁 租金 出租 房东,租金 租 房租 出租 租赁 房东
823,30,0.45414892892056713,-0.008198180724435624,0.6333333333333333,车辆 车 轿车 货车 卡车 私家车 电动车 警车 辆 跑车 汽车 出租车,马车 车型 追尾 开车 司机 机动车 驾车 轿车,开车 客车 出租车 追尾 电动 车辆 汽车 司机 私家车 警车 救护车 电动车,车辆 车 轿车 货车 卡车 私家车 电动车 警车 辆 跑车 汽车 出租车 摩托 行驶 车主 客车 驾车 自行车 司机 驾驶 开车 吉普 车型 机动车 赛车 车牌 救护车 追尾 电动 马车
824,17,0.4629277721265417,0.06416632782682731,0.23529411764705882,捐助 捐款 募捐 捐赠 筹集 资助 捐 筹措 捐献 拨款 援助 赞助,接济 援助 出资 集资 筹 捐献 救济 赞助,赞助 筹 集资 捐 捐助 捐款 捐献 资助 出资 筹集 捐赠 拨款,捐助 捐款 募捐 捐赠 筹集 资助 捐 筹措 捐献 拨款 援助 赞助 救济 集资 出资 接济 筹
825,3,0.5017659626829954,0.07783490617298815,0.0,出路 路子 突破口,突破口 路子 出路,突破口 出路 路子,出路 路子 突破口
826,4,0.5116861431098597,0.17999858429642213,0.0,演戏 演艺圈 拍戏 出道,演艺圈 出道 演戏 拍戏,演戏 拍戏 演艺圈 出道,演戏 演艺圈 拍戏 出道
827,13,0.446837913143534,0.005637900533407099,0.38461538461538464,锯 刨 割 剪 剥 削 凿 切 磨 碎 切割 拔,拔 剪 碎 磨 筋 剥 锯 凿,凿 切 刨 削 剪 剥 割 碎 磨 筋 拔 切割,锯 刨 割 剪 剥 削 凿 切 磨 碎 切割 拔 筋
828,24,0.4902361196490738,0.03747335454008077,0.3333333333333333,棍子 钳子 剪子 叉子 梳子 剪刀 绳子 竹竿 刷子 筷子 铲子 棍,斧子 扇子 木头 棍 卡子 尺子 禅杖 刀,叉子 刀 钉子 筷子 棍 禅杖 绳子 刷子 斧子 钳子 船桨 拐杖,棍子 钳子 剪子 叉子 梳子 剪刀 绳子 竹竿 刷子 筷子 铲子 棍 斧子 钩子 扇子 梯子 木头 钉子 刀 拐杖 船桨 禅杖 尺子 卡子
829,2,0.4551404332837503,0.11883797139506178,0.0,分成 分,分 分成,分 分成,分成 分
830,6,0.4582002932155459,0.06521412494739633,0.3333333333333333,分离 分开 隔开 分割 隔离 分裂,隔开 分裂 隔离 分割 分离 分开,分裂 分离 分开 分割 隔离 隔开,分离 分开 隔开 分割 隔离 分裂
831,3,0.41891158099567233,0.0014903961741950938,0.3333333333333333,结构 构造 分化,分化 构造 结构,构造 结构 分化,结构 构造 分化
832,28,0.49059500975929654,0.04522931311872515,0.32142857142857145,非常 很 极为 十分 极其 比较 格外 更加 相当 越发 分外 多么,显得 过于 最 异常 挺 十分 无比 蛮,越发 越来越 尤为 太 很 愈来愈 无比 更 最 极 挺 异常,非常 很 极为 十分 极其 比较 格外 更加 相当 越发 分外 多么 愈来愈 越来越 尤为 无比 挺 太 蛮 过于 更 极度 异常 颇 显得 极 最 越
833,4,0.5205605686534218,0.14735956673807582,0.0,恰到好处 分寸 恰如其分 火候,恰到好处 分寸 火候 恰如其分,火候 恰到好处 恰如其分 分寸,恰到好处 分寸 恰如其分 火候
834,3,0.4640701551196513,0.09491068439109733,0.3333333333333333,分散 分布 分配,分配 分布 分散,分配 分散 分布,分散 分布 分配
835,16,0.47247614623261225,0.06983065134618634,0.25,结婚 订婚 离婚 求婚 娶 嫁 婚礼 恋爱 婚姻 新娘 分手 新郎,恋爱 怀孕 成家 约会 嫁妆 分手 婚姻 嫁,娶 嫁 婚礼 婚姻 恋爱 新娘 约会 成家 离婚 嫁妆 新郎 怀孕,结婚 订婚 离婚 求婚 娶 嫁 婚礼 恋爱 婚姻 新娘 分手 新郎 嫁妆 约会 成家 怀孕
836,1,,0.0,0.0,分担,分担,分担,分担
837,1,,0.0,0.0,分支,分支,分支,分支
838,4,0.4151441526974576,0.014081218171655861,0.5,鲜明 强烈 尖锐 分明,分明 尖锐 强烈 鲜明,鲜明 强烈 尖锐 分明,鲜明 强烈 尖锐 分明
839,7,0.4580484773641783,-0.006344860713818086,0.7142857142857143,分泌 新陈代谢 激素 食欲 睡眠 生理 呼吸,食欲 呼吸 生理 睡眠 激素 新陈代谢 分泌,新陈代谢 激素 食欲 睡眠 呼吸 生理 分泌,分泌 新陈代谢 激素 食欲 睡眠 生理 呼吸
840,5,0.5241871705009385,0.2066306963541443,0.0,类型 类别 种类 类 分类,种类 分类 类型 类 类别,类 种类 类型 类别 分类,类型 类别 种类 类 分类
841,3,0.43903907872818837,0.058913057779606204,0.3333333333333333,分红 现金 回报,回报 现金 分红,回报 分红 现金,分红 现金 回报
842,3,0.4614734070643025,0.10615797009365979,0.3333333333333333,分组 抽签 组,组 抽签 分组,抽签 组 分组,分组 抽签 组
843,1,,0.0,0.0,分解,分解,分解,分解
844,1,,0.0,0.0,分赃,分赃,分赃,分赃
845,8,0.5536193506707721,0.22111504467885784,0.125,辨别 分辨 辨认 鉴别 区分 识别 真假 判定,判定 区分 真假 识别 辨认 鉴别 分辨 辨别,辨认 区分 真假 判定 分辨 辨别 识别 鉴别,辨别 分辨 辨认 鉴别 区分 识别 真假 判定
846,2,0.4614981584919582,0.1015395244564819,0.0,沉甸甸 分量,沉甸甸 分量,沉甸甸 分量,沉甸甸 分量
847,8,0.5152578102642514,0.15449227905171073,0.125,钟头 分钟 小时 星期 钟 半天 礼拜 秒,半天 钟 秒 礼拜 星期 小时 钟头 分钟,秒 礼拜 分钟 钟 小时 钟头 星期 半天,钟头 分钟 小时 星期 钟 半天 礼拜 秒
848,2,0.4923912680235125,0.1580583141450707,0.0,拨 划,划 拨,划 拨,拨 划
849,5,0.5139630784617492,0.12358991447465288,0.2,界定 定义 划分 定位 设定,设定 划分 定位 界定 定义,划分 界定 定位 定义 设定,界定 定义 划分 定位 设定
850,6,0.4411462267045859,-0.004791602389036021,0.3333333333333333,排名 排 列 排列 排行榜 并列,排列 排名 并列 排行榜 排 列,并列 列 排 排行榜 排列 排名,排名 排 列 排列 排行榜 并列
851,8,0.47145584684370734,0.05572748909409658,0.25,表述 叙述 描述 概括 表达 陈述 列举 形容,形容 表达 概括 列举 陈述 叙述 描述 表述,叙述 概括 描述 形容 表达 表述 列举 陈述,表述 叙述 描述 概括 表达 陈述 列举 形容
852,10,0.4985913487622599,0.150743882105913,0.0,已经 刚刚 早已 已 早就 快要 即将 刚 将要 终于,终于 即将 刚 已 将要 早就 早已 快要,已经 刚 已 快要 即将 将要 刚刚 早已 早就 终于,已经 刚刚 早已 已 早就 快要 即将 刚 将要 终于
853,3,0.417929078238072,-0.0008697131111914738,0.3333333333333333,创 融 创新,创新 融 创,创 融 创新,创 融 创新
854,2,0.4889101735817052,0.15322864306249473,0.0,创业 成才,成才 创业,成才 创业,创业 成才
855,17,0.4729036345021604,0.04093015413338826,0.29411764705882354,建立 创立 创建 构建 设立 组建 创办 搭建 开辟 开办 成立 开设,营造 开办 设立 创办 树立 成立 确立 开辟,开辟 开设 组建 开办 开创 树立 打造 营造 确立 建立 搭建 成立,建立 创立 创建 构建 设立 组建 创办 搭建 开辟 开办 成立 开设 打造 开创 确立 树立 营造
856,2,0.5260050163981167,0.25332661502110254,0.0,创始人 发起人,创始人 发起人,创始人 发起人,创始人 发起人
857,6,0.46756846245030537,0.08495619942864484,0.16666666666666666,设计 创意 设计师 构思 灵感 策划,策划 灵感 创意 构思 设计师 设计,策划 灵感 创意 设计 构思 设计师,设计 创意 设计师 构思 灵感 策划
858,4,0.4909376607080905,0.0785088583162537,0.25,带来 提供 增添 创造,增添 创造 提供 带来,增添 创造 提供 带来,带来 提供 增添 创造
859,4,0.3959480829721331,0.018983851079049322,0.5,首次 初次 次 首创,次 首创 初次 首次,次 初次 首创 首次,首次 初次 次 首创
860,6,0.5330695287159842,0.21052731082533513,0.16666666666666666,大体 大致 大体上 基本 总体 初步,总体 初步 基本 大致 大体上 大体,基本 总体 大体上 大体 初步 大致,大体 大致 大体上 基本 总体 初步
861,3,0.43082515627720847,-0.004666356082589557,0.6666666666666666,抄 删 刷,刷 删 抄,刷 删 抄,抄 删 刷
862,10,0.48198904763655176,0.13849876801174338,0.1,去除 去掉 除去 剔除 清除 扫除 删除 排除 扣除 废除,扫除 废除 删除 扣除 清除 排除 去除 剔除,排除 剔除 删除 扣除 扫除 去掉 废除 去除 清除 除去,去除 去掉 除去 剔除 清除 扫除 删除 排除 扣除 废除
863,2,0.4096264603490687,0.03658215625198072,0.0,利 理,利 理,利 理,利 理
864,3,0.46329435289284165,0.13707293797198636,0.0,得失 利害 喜怒哀乐,喜怒哀乐 利害 得失,得失 利害 喜怒哀乐,得失 利害 喜怒哀乐
865,4,0.4876295351130335,0.1644712877139941,0.0,物价 失业率 房价 利率,利率 房价 失业率 物价,物价 利率 失业率 房价,物价 失业率 房价 利率
866,1,,0.0,0.0,利索,利索,利索,利索
867,6,0.523351501359304,0.10120439501632512,0.3333333333333333,没劲 没意思 没用 费劲 别扭 没什么,费劲 别扭 没什么 没用 没意思 没劲,没意思 别扭 没劲 没用 没什么 费劲,没劲 没意思 没用 费劲 别扭 没什么
868,3,0.48877797448936944,0.13893660149337317,0.0,刮 吹 风,风 刮 吹,刮 吹 风,刮 吹 风
869,2,0.6569685683459277,0.45001770274981234,0.0,至 到,到 至,到 至,至 到
870,3,0.48386386298899686,0.1512834363671859,0.0,得当 得力 到位,得当 到位 得力,到位 得当 得力,得当 得力 到位
871,5,0.5224697748860674,0.11076616236371797,0.2,到处 四处 处处 随处可见 大街小巷,大街小巷 处处 随处可见 四处 到处,到处 四处 随处可见 处处 大街小巷,到处 四处 处处 随处可见 大街小巷
872,6,0.5012323725868669,0.16157301169928742,0.16666666666666666,来临 到来 迎来 迎接 迎 降临,降临 迎来 迎接 迎 来临 到来,到来 迎 降临 迎接 迎来 来临,来临 到来 迎来 迎接 迎 降临
873,5,0.4530864726433307,0.09298223508410626,0.2,制成 制作 特制 制 合成,合成 特制 制作 制 制成,制 制成 制作 合成 特制,制成 制作 特制 制 合成
874,8,0.42626631704848716,0.021110883983632617,0.125,加工 工艺 制品 制造 原料 材料 铸造 成型,原料 材料 制造 成型 工艺 制品 加工 铸造,工艺 制造 成型 加工 制品 原料 材料 铸造,加工 工艺 制品 制造 原料 材料 铸造 成型
875,12,0.49120571394439216,0.046177514344109695,0.4166666666666667,防止 遏制 制止 防范 阻止 杜绝 避免 预防 抑制 抵御 抵制 防,抵御 抑制 阻止 抵制 防 预防 避免 杜绝,抑制 抵御 抵制 防止 制止 防 防范 避免 遏制 杜绝 阻止 预防,防止 遏制 制止 防范 阻止 杜绝 避免 预防 抑制 抵御 抵制 防
876,12,0.45491346072118055,-0.04923530128159275,0.6666666666666666,制约 阻碍 束缚 干扰 限制 影响 压制 牵制 妨碍 困扰 约束 拖累,束缚 约束 压制 妨碍 困扰 拖累 牵制 干扰,牵制 拖累 困扰 约束 压制 束缚 制约 限制 妨碍 影响 干扰 阻碍,制约 阻碍 束缚 干扰 限制 影响 压制 牵制 妨碍 困扰 约束 拖累
877,4,0.4332553507652346,0.05678800246841148,0.25,威慑 打击 制裁 威力,威力 制裁 打击 威慑,制裁 打击 威慑 威力,威慑 打击 制裁 威力
878,5,0.44944641625380444,0.08164559278655772,0.2,纪录 刷新 破 记录 突破,记录 突破 破 纪录 刷新,破 刷新 突破 记录 纪录,纪录 刷新 破 记录 突破
879,6,0.4824119631940515,0.07895894410943567,0.0,洗澡 刷牙 理发 按摩 化妆 桑拿,化妆 桑拿 按摩 理发 刷牙 洗澡,桑拿 洗澡 刷牙 化妆 理发 按摩,洗澡 刷牙 理发 按摩 化妆 桑拿
880,2,0.44177818936384605,0.07746833303452909,0.0,刺 牙,刺 牙,刺 牙,刺 牙
881,11,0.45520438448892314,0.05222980798056251,0.2727272727272727,激起 引起 引发 激发 唤起 吸引 诱发 触动 刺激 打动 引,引 触动 打动 诱发 激起 刺激 吸引 引发,引起 触动 诱发 引 刺激 激发 唤起 吸引 激起 打动 引发,激起 引起 引发 激发 唤起 吸引 诱发 触动 刺激 打动 引
882,11,0.4718677115385692,0.06174461809972114,0.18181818181818182,花纹 镶 镶嵌 图案 雕 绣 刺绣 装饰 点缀 刻 漆,漆 点缀 图案 刻 刺绣 花纹 绣 装饰,刻 刺绣 绣 图案 漆 装饰 花纹 镶嵌 点缀 镶 雕,花纹 镶 镶嵌 图案 雕 绣 刺绣 装饰 点缀 刻 漆
883,8,0.5156007174643374,0.10452382525317469,0.125,暖烘烘 火辣辣 热气 灼热 红扑扑 热腾腾 通红 刺骨,红扑扑 通红 刺骨 热腾腾 灼热 热气 火辣辣 暖烘烘,红扑扑 暖烘烘 热气 火辣辣 刺骨 热腾腾 灼热 通红,暖烘烘 火辣辣 热气 灼热 红扑扑 热腾腾 通红 刺骨
884,3,0.4453542372384455,0.02037142947846216,0.3333333333333333,刻舟求剑 朝三暮四 守株待兔,朝三暮四 刻舟求剑 守株待兔,守株待兔 刻舟求剑 朝三暮四,刻舟求剑 朝三暮四 守株待兔
885,4,0.5106306984398248,0.1591961716789262,0.0,辫子 剃 胡子 梳,剃 梳 胡子 辫子,剃 梳 辫子 胡子,辫子 剃 胡子 梳
886,2,0.6250470156443699,0.3473233289456201,0.0,后台 前台,后台 前台,后台 前台,后台 前台
887,3,0.3744060531052562,-0.02967156427739498,0.6666666666666666,期间 前后 期中,期中 前后 期间,期中 期间 前后,期间 前后 期中
888,6,0.506851130771541,0.10753272273324192,0.16666666666666666,前头 跟前 面前 眼前 后头 前方,前方 后头 眼前 面前 跟前 前头,跟前 面前 后头 前方 眼前 前头,前头 跟前 面前 眼前 后头 前方
889,4,0.43017445403647175,-0.07510262543170661,0.75,前提 条件 背景 因素,因素 条件 背景 前提,背景 条件 因素 前提,前提 条件 背景 因素
890,4,0.465386076538661,0.10100403563802193,0.25,前景 前途 展望 命运,命运 展望 前途 前景,展望 命运 前景 前途,前景 前途 展望 命运
891,3,0.4398347199240375,0.09340539243933936,0.0,前沿 尖端 超前,超前 尖端 前沿,超前 尖端 前沿,前沿 尖端 超前
892,7,0.3936476233362464,-0.023201579597617945,0.5714285714285714,救灾 灾区 前线 第一线 帐篷 应急 战场,应急 帐篷 战场 第一线 灾区 前线 救灾,应急 第一线 灾区 前线 战场 救灾 帐篷,救灾 灾区 前线 第一线 帐篷 应急 战场
893,4,0.5347569358225556,0.1667989198673132,0.0,弟子 徒弟 大师 前辈,前辈 大师 徒弟 弟子,弟子 大师 徒弟 前辈,弟子 徒弟 大师 前辈
894,4,0.44506116205673313,0.023458426328455267,0.25,迈进 迈 前进 台阶,台阶 前进 迈 迈进,台阶 迈 迈进 前进,迈进 迈 前进 台阶
895,7,0.4522271053752947,0.09413065651124065,0.14285714285714285,弓 剑 弦 琴 箭 拳 鼓,拳 箭 鼓 剑 弓 弦 琴,剑 弦 弓 箭 琴 拳 鼓,弓 剑 弦 琴 箭 拳 鼓
896,4,0.4153123338380405,0.03328322066792622,0.25,动荡 剧烈 波动 风云,风云 波动 剧烈 动荡,波动 剧烈 风云 动荡,动荡 剧烈 波动 风云
897,4,0.5288307714570009,0.22015745482968058,0.0,剩下 剩余 剩 多余,多余 剩 剩下 剩余,剩余 剩下 剩 多余,剩下 剩余 剩 多余
898,1,,0.0,0.0,副,副,副,副
899,40,0.47561195267759715,-0.002792835994292385,0.5,踹 拧 搓 拽 捏 磕 捅 捶 揍 摔 咬 砸,蹬 扔 蹦 摸 咬 蹭 掐 扳,劈 叼 咬 磕 砸 砍 甩 晃 摔 摸 搂 搓,踹 拧 搓 拽 捏 磕 捅 捶 揍 摔 咬 砸 掰 敲 踢 揪 扯 抠 掐 劈 蹦 蹬 擦 搂 扔 甩 舔 叼 揉 撕 扒 抡 摸 砍 抖 蹭 挠 扳 打 晃
900,3,0.381544162615155,-0.0863165761575478,1.0,功 太极 力,太极 功 力,功 力 太极,功 太极 力
901,14,0.48777216651917776,0.06620864656265875,0.21428571428571427,疲倦 疲惫 疲惫不堪 精疲力竭 虚弱 衰弱 无精打采 麻木 无力 消沉 力不从心 空虚,消沉 空虚 吃力 厌倦 麻木 衰弱 虚弱 力不从心,疲倦 虚弱 力不从心 无力 精疲力竭 衰弱 空虚 疲惫不堪 消沉 无精打采 麻木 厌倦,疲倦 疲惫 疲惫不堪 精疲力竭 虚弱 衰弱 无精打采 麻木 无力 消沉 力不从心 空虚 吃力 厌倦
902,5,0.46926595637680324,0.057928462270868994,0.4,力度 节奏 进度 步伐 难度,难度 步伐 力度 节奏 进度,进度 步伐 力度 难度 节奏,力度 节奏 进度 步伐 难度
903,1,,0.0,0.0,力所能及,力所能及,力所能及,力所能及
904,2,0.45142635067233927,0.0935477800377419,0.0,干事 办事,干事 办事,办事 干事,干事 办事
905,8,0.5125793084189856,0.14027472443237976,0.25,大使馆 领事 领事馆 大使 驻 外交官 外交 办事处,办事处 外交 大使 外交官 驻 领事馆 领事 大使馆,外交官 大使馆 领事馆 办事处 大使 驻 领事 外交,大使馆 领事 领事馆 大使 驻 外交官 外交 办事处
906,2,0.508775462607848,0.19914704729724297,0.0,商务 办公,办公 商务,办公 商务,商务 办公
907,9,0.4654647493616167,0.019334277038645584,0.3333333333333333,方法 手段 方式 形式 途径 手法 办法 招数 载体,招数 载体 办法 途径 形式 方法 手法 方式,办法 载体 方式 方法 招数 形式 途径 手段 手法,方法 手段 方式 形式 途径 手法 办法 招数 载体
908,10,0.48104355974105034,-0.00030130434862878503,0.4,功底 技巧 基本功 技能 素养 功力 本领 能力 口才 知识,功底 素养 本领 技巧 基本功 知识 口才 功力,技能 功力 功底 技巧 能力 基本功 素养 口才 本领 知识,功底 技巧 基本功 技能 素养 功力 本领 能力 口才 知识
909,2,0.5831879786300647,0.33009060777011756,0.0,功臣 功劳,功劳 功臣,功劳 功臣,功臣 功劳
910,6,0.43471012938356474,0.004447754859461496,0.5,发电机 功率 风力 电源 太阳能 马力,马力 电源 太阳能 功率 发电机 风力,功率 太阳能 电源 风力 马力 发电机,发电机 功率 风力 电源 太阳能 马力
911,3,0.4374580986568655,0.07614358596709887,0.0,系统 功能 模式,模式 功能 系统,功能 模式 系统,系统 功能 模式
912,3,0.5113429685460456,0.18838400282446352,0.0,添加 加 添,添 添加 加,加 添 添加,添加 加 添
913,5,0.4832354149784335,0.13527792112386705,0.0,参与 参加 投身 加入 踊跃,踊跃 加入 投身 参加 参与,投身 参加 参与 加入 踊跃,参与 参加 投身 加入 踊跃
914,11,0.46560136132294,0.06967074761776501,0.36363636363636365,鼓掌 欢呼 喝彩 掌声 呐喊 叫好 经久不息 助威 热烈 加油 干杯,热烈 呐喊 加油 干杯 助威 叫好 经久不息 掌声,欢呼 呐喊 热烈 经久不息 喝彩 叫好 加油 掌声 助威 鼓掌 干杯,鼓掌 欢呼 喝彩 掌声 呐喊 叫好 经久不息 助威 热烈 加油 干杯
915,9,0.46360587718653945,0.07302037159765996,0.3333333333333333,快速 加速 飞速 速度 迅速 缓慢 提速 高速 进程,进程 速度 缓慢 迅速 飞速 提速 高速 加速,加速 进程 速度 快速 飞速 迅速 高速 缓慢 提速,快速 加速 飞速 速度 迅速 缓慢 提速 高速 进程
916,3,0.4542455847899778,0.11399508487532771,0.0,静 动静 动,动 静 动静,动 静 动静,静 动静 动
917,12,0.48397359543330737,0.010767373528665388,0.4166666666666667,动人 感人 扣人心弦 惊心动魄 引人入胜 生动 美妙 精彩 耐人寻味 惊险 可歌可泣 感染力,感染力 美妙 耐人寻味 惊险 可歌可泣 精彩 引人入胜 动人,耐人寻味 惊心动魄 扣人心弦 感染力 美妙 生动 动人 可歌可泣 引人入胜 感人 惊险 精彩,动人 感人 扣人心弦 惊心动魄 引人入胜 生动 美妙 精彩 耐人寻味 惊险 可歌可泣 感染力
918,3,0.5514742744785647,0.21736275729411322,0.0,姿势 动作 手势,姿势 手势 动作,姿势 手势 动作,姿势 动作 手势
919,2,0.49057765746141113,0.16111746589726356,0.0,动力 引擎,动力 引擎,引擎 动力,动力 引擎
920,3,0.4715493584943971,0.0954521551262154,0.0,去向 动向 来龙去脉,来龙去脉 去向 动向,去向 动向 来龙去脉,去向 动向 来龙去脉
921,6,0.50000930292991,0.1000366339628417,0.16666666666666666,好听 动听 难听 听 抑扬顿挫 委婉,委婉 抑扬顿挫 听 难听 动听 好听,听 抑扬顿挫 好听 委婉 动听 难听,好听 动听 难听 听 抑扬顿挫 委婉
922,5,0.47133797337761774,0.07122647792320028,0.2,动员 发动 调动 鼓动 组织,鼓动 发动 组织 调动 动员,组织 发动 鼓动 动员 调动,动员 发动 调动 鼓动 组织
923,7,0.48983136391410753,0.11211389456452982,0.14285714285714285,跟踪 追踪 监控 监视 监测 观察 动态,动态 观察 监视 监测 追踪 监控 跟踪,追踪 跟踪 监视 观察 动态 监测 监控,跟踪 追踪 监控 监视 监测 观察 动态
924,3,0.4227443779995656,-0.019556716514913457,0.6666666666666666,坚定 坚守 动摇,动摇 坚守 坚定,坚定 坚守 动摇,坚定 坚守 动摇
925,4,0.4096693668333626,0.04106493749318432,0.5,助手 帮手 辅助 管家,管家 辅助 帮手 助手,辅助 帮手 管家 助手,助手 帮手 辅助 管家
926,8,0.4603397359444223,0.02922417007023318,0.5,捉 杀 逮 捕 贼 斩 抓 劫,杀 抓 劫 贼 斩 逮 捕 捉,劫 杀 斩 抓 捕 捉 逮 贼,捉 杀 逮 捕 贼 斩 抓 劫
927,3,0.42491143172330365,0.058221579165567076,0.3333333333333333,正能量 能量 励志,励志 能量 正能量,励志 正能量 能量,正能量 能量 励志
928,3,0.45015578479879864,0.018942355035974846,0.3333333333333333,汹涌 势不可当 千军万马,千军万马 汹涌 势不可当,汹涌 势不可当 千军万马,汹涌 势不可当 千军万马
929,5,0.5221189618972455,0.13533153167570175,0.2,勇于 敢于 善于 大胆 带头,带头 善于 大胆 勇于 敢于,带头 善于 勇于 敢于 大胆,勇于 敢于 善于 大胆 带头
930,12,0.4770097520385856,0.11889632631317598,0.08333333333333333,奖项 荣誉 奖 称号 荣获 获奖 奖杯 颁发 勋章 表彰 授予 头衔,头衔 获奖 奖杯 颁发 荣获 表彰 勋章 称号,授予 勋章 颁发 奖项 奖 头衔 奖杯 称号 获奖 表彰 荣获 荣誉,奖项 荣誉 奖 称号 荣获 获奖 奖杯 颁发 勋章 表彰 授予 头衔
931,10,0.48185440826789594,0.11835968611892338,0.2,开采 采矿 勘探 矿 矿藏 煤矿 石油 煤炭 地质 木材,木材 矿藏 地质 石油 煤矿 煤炭 矿 采矿,开采 矿 地质 勘探 采矿 矿藏 石油 煤炭 煤矿 木材,开采 采矿 勘探 矿 矿藏 煤矿 石油 煤炭 地质 木材
932,3,0.48142865144478736,0.09903047954544346,0.0,心灵手巧 勤劳 手工,手工 勤劳 心灵手巧,心灵手巧 勤劳 手工,心灵手巧 勤劳 手工
933,2,0.4490494735596815,0.09159379780929885,0.0,勤工俭学 实习,勤工俭学 实习,实习 勤工俭学,勤工俭学 实习
934,18,0.46889728453363116,-0.0066263378519935655,0.5,碗 瓶 罐 水壶 瓶子 脸盆 勺 壶 袋 筐 盖子 吸管,盘子 盒子 筒 瓶子 袋 缸 壶 筐,脸盆 盒子 勺 壶 瓶子 碗 箱 筐 筒 缸 罐 瓶,碗 瓶 罐 水壶 瓶子 脸盆 勺 壶 袋 筐 盖子 吸管 盆 箱 筒 盒子 缸 盘子
935,6,0.5578453032019172,0.1781173624123941,0.0,描绘 烘托 描写 勾画 衬托 塑造,塑造 衬托 描写 烘托 描绘 勾画,勾画 烘托 衬托 塑造 描绘 描写,描绘 烘托 描写 勾画 衬托 塑造
936,2,0.4314601957912445,0.06105805262410756,0.0,勿 千万,勿 千万,勿 千万,勿 千万
937,5,0.42014806908996993,-0.01875101826291268,0.8,块 盒 粒 枚 包,包 盒 枚 粒 块,包 块 粒 盒 枚,块 盒 粒 枚 包
938,7,0.48513774811802285,0.037020571044347646,0.5714285714285714,涵盖 包含 包括 涉及 覆盖 在内 限于,涉及 限于 包含 在内 覆盖 包括 涵盖,包括 包含 覆盖 限于 涵盖 涉及 在内,涵盖 包含 包括 涉及 覆盖 在内 限于
939,4,0.47137806968861273,0.130953512253819,0.0,封锁 包围 封闭 孤立,孤立 包围 封闭 封锁,包围 封闭 封锁 孤立,封锁 包围 封闭 孤立
940,7,0.5492571597661497,0.16387294575419462,0.14285714285714285,宽恕 原谅 宽容 饶恕 容忍 包容 放过,容忍 放过 包容 原谅 宽容 饶恕 宽恕,放过 包容 宽容 宽恕 原谅 容忍 饶恕,宽恕 原谅 宽容 饶恕 容忍 包容 放过
941,8,0.4757950680040461,0.026984854570450786,0.5,包扎 缝合 绷带 止血 针 注射 缝 麻醉,止血 注射 麻醉 针 缝 绷带 包扎 缝合,包扎 缝 针 绷带 麻醉 缝合 止血 注射,包扎 缝合 绷带 止血 针 注射 缝 麻醉
942,4,0.46994382971297033,-0.053268742969122276,0.75,担子 负担 沉重 包袱,负担 担子 沉重 包袱,包袱 负担 担子 沉重,担子 负担 沉重 包袱
943,4,0.4144849262417854,-0.03892001124288905,0.75,包装 包裹 快递 标签,标签 快递 包装 包裹,标签 包装 包裹 快递,包装 包裹 快递 标签
944,1,,0.0,0.0,化,化,化,化
945,4,0.4403586603359022,0.06861571843994416,0.25,恐龙 化石 陨石 龙,陨石 龙 化石 恐龙,恐龙 化石 龙 陨石,恐龙 化石 陨石 龙
946,4,0.4177111166697734,0.027191863102558996,0.5,脱身 幸免 化险为夷 解脱,化险为夷 解脱 幸免 脱身,幸免 脱身 化险为夷 解脱,脱身 幸免 化险为夷 解脱
947,1,,0.0,0.0,北京,北京,北京,北京
948,4,0.4005844921539936,0.026921421799046993,0.25,马 骏马 匹 野,野 骏马 匹 马,匹 骏马 马 野,马 骏马 匹 野
949,6,0.4373061701759838,0.06664287064929322,0.0,搭配 配置 配 匹配 配备 组合,配备 组合 匹配 搭配 配置 配,组合 配置 配备 匹配 配 搭配,搭配 配置 配 匹配 配备 组合
950,5,0.3483712616791833,-0.04154672351300083,0.6,周边 区域 地段 流域 四周,流域 四周 地段 区域 周边,流域 四周 区域 周边 地段,周边 区域 地段 流域 四周
951,1,,0.0,0.0,匿名,匿名,匿名,匿名
952,3,0.4573823789133576,0.12604152871927185,0.3333333333333333,毫无 无 十足,十足 无 毫无,无 毫无 十足,毫无 无 十足
953,6,0.4787668766584064,0.08875466269533672,0.3333333333333333,错综复杂 千变万化 变幻莫测 复杂 微妙 峰回路转,峰回路转 微妙 复杂 变幻莫测 千变万化 错综复杂,微妙 峰回路转 变幻莫测 千变万化 错综复杂 复杂,错综复杂 千变万化 变幻莫测 复杂 微妙 峰回路转
954,2,0.5872837187616358,0.2973491844395254,0.0,家家户户 千家万户,家家户户 千家万户,千家万户 家家户户,家家户户 千家万户
955,6,0.48999677674208697,0.09176559940564721,0.3333333333333333,转变 转型 转换 升级 转化 变革,转化 变革 转换 升级 转变 转型,升级 转换 转化 转变 转型 变革,转变 转型 转换 升级 转化 变革
956,5,0.48813109728109955,0.053040369820264374,0.2,迷惑不解 半信半疑 纳闷儿 恍然大悟 好奇,恍然大悟 好奇 迷惑不解 纳闷儿 半信半疑,半信半疑 迷惑不解 恍然大悟 好奇 纳闷儿,迷惑不解 半信半疑 纳闷儿 恍然大悟 好奇
957,9,0.47159397374065737,0.0927864548576312,0.2222222222222222,球 犯规 半场 比分 得分 皮球 得手 禁区 对手,禁区 得手 对手 球 比分 皮球 半场 犯规,禁区 得手 对手 得分 球 犯规 比分 半场 皮球,球 犯规 半场 比分 得分 皮球 得手 禁区 对手
958,15,0.4736815185941694,0.11100125769102114,0.06666666666666667,海岸 海滩 海滨 海边 海湾 沿岸 岛屿 沙滩 岛 半岛 岸上 岸,海 海峡 岸 岸上 沿岸 半岛 岛屿 沙滩,岸 岛 海岸 海峡 海 海湾 海滨 海滩 沙滩 沿岸 滨海 岸上,海岸 海滩 海滨 海边 海湾 沿岸 岛屿 沙滩 岛 半岛 岸上 岸 滨海 海峡 海
959,1,,0.0,0.0,半边天,半边天,半边天,半边天
960,4,0.47903436249220754,0.07623655396419615,0.0,走弯路 碰钉子 半途而废 挫折,挫折 半途而废 碰钉子 走弯路,半途而废 挫折 碰钉子 走弯路,走弯路 碰钉子 半途而废 挫折
961,4,0.5040635767103916,0.10200057842682572,0.25,联盟 协会 同盟 委员会,协会 同盟 委员会 联盟,联盟 同盟 协会 委员会,联盟 协会 同盟 委员会
962,8,0.4563029626383572,0.02615021069198884,0.375,帮助 协助 帮 帮忙 督促 替 指导 引导,指导 引导 替 督促 帮忙 帮 帮助 协助,帮 替 帮助 帮忙 指导 协助 引导 督促,帮助 协助 帮 帮忙 督促 替 指导 引导
963,15,0.47450876839754075,0.09432667741313176,0.13333333333333333,签订 协议 签署 协议书 订立 合同 协定 达成 签约 签 约定 生效,谅解 签字 契约 协议 生效 约定 协定 达成,签订 协议书 签字 签 签署 签约 契约 协议 约定 生效 谅解 订立,签订 协议 签署 协议书 订立 合同 协定 达成 签约 签 约定 生效 签字 契约 谅解
964,4,0.45026305302674835,0.09379595671905391,0.0,协调 统筹 调度 统一,调度 协调 统一 统筹,协调 统一 统筹 调度,协调 统筹 调度 统一
965,3,0.4038136454483318,0.0012198625489006955,0.6666666666666666,单 空 订单,空 订单 单,单 空 订单,单 空 订单
966,6,0.48478354691612513,0.0963137691811775,0.0,单纯 简单 纯粹 笼统 抽象 单一,单一 笼统 抽象 简单 纯粹 单纯,简单 纯粹 笼统 单纯 单一 抽象,单纯 简单 纯粹 笼统 抽象 单一
967,4,0.4643727478871052,0.13732655767739274,0.0,部门 机关 单位 机构,单位 机构 机关 部门,机关 部门 单位 机构,部门 机关 单位 机构
968,1,,0.0,0.0,单元,单元,单元,单元
969,2,0.4401512105193415,0.09563369697480209,0.0,单方面 无条件,单方面 无条件,无条件 单方面,单方面 无条件
970,4,0.4528117008916442,0.09192444631885684,0.0,独自 独 单独 独身,独身 单独 独 独自,独 独自 独身 单独,独自 独 单独 独身
971,9,0.506916417586081,0.07969701492870288,0.1111111111111111,单调 陈旧 简陋 破旧 粗糙 笨重 枯燥 沉闷 单薄,陈旧 粗糙 枯燥 破旧 单薄 沉闷 笨重 单调,粗糙 笨重 陈旧 单薄 单调 枯燥 破旧 简陋 沉闷,单调 陈旧 简陋 破旧 粗糙 笨重 枯燥 沉闷 单薄
972,6,0.42190808976883004,-0.0075417535903211435,0.6666666666666666,弱势 强势 弱 强 行情 单边,单边 强 强势 行情 弱 弱势,弱 强 单边 行情 强势 弱势,弱势 强势 弱 强 行情 单边
973,7,0.502929303880544,0.10340483167005761,0.14285714285714285,夸耀 炫耀 卖弄 吹捧 夸夸其谈 逞能 夸,逞能 吹捧 夸夸其谈 夸 卖弄 炫耀 夸耀,夸 吹捧 卖弄 逞能 夸耀 夸夸其谈 炫耀,夸耀 炫耀 卖弄 吹捧 夸夸其谈 逞能 夸
974,11,0.47764510350380596,0.013718442462352098,0.36363636363636365,藏品 文物 收藏 珍藏 博物馆 古董 瓷器 瑰宝 工艺品 国宝 陈列,瑰宝 陈列 工艺品 瓷器 文物 国宝 古董 博物馆,珍藏 瓷器 陈列 瑰宝 工艺品 国宝 收藏 博物馆 文物 藏品 古董,藏品 文物 收藏 珍藏 博物馆 古董 瓷器 瑰宝 工艺品 国宝 陈列
975,2,0.48409687052924055,0.10480627325958186,0.0,占卜 风水,风水 占卜,风水 占卜,占卜 风水
976,6,0.456097750926461,0.08217727090631187,0.16666666666666666,卡片 钞票 磁卡 硬币 邮票 卡,卡 钞票 邮票 硬币 卡片 磁卡,卡 邮票 卡片 硬币 磁卡 钞票,卡片 钞票 磁卡 硬币 邮票 卡
977,1,,0.0,0.0,卡通,卡通,卡通,卡通
978,11,0.4889135909387233,0.15550591001835445,0.0,飞船 宇航员 太空 发射 卫星 航天员 月球 航天 嫦娥 火箭 轨道,航天 轨道 火箭 发射 卫星 月球 嫦娥 太空,航天 嫦娥 月球 发射 航天员 飞船 火箭 轨道 宇航员 卫星 太空,飞船 宇航员 太空 发射 卫星 航天员 月球 航天 嫦娥 火箭 轨道
979,2,0.6004123901454559,0.33029971107742395,0.0,卫生 防疫,卫生 防疫,防疫 卫生,卫生 防疫
980,18,0.4889450973330627,0.0907573208543971,0.1111111111111111,播出 播放 转播 电视台 节目 重播 收看 广播 卫视 直播 播 电视,收视率 视频 转播 录制 电视 节目 电台 频道,收视率 重播 电视台 卫视 电台 播 收看 录制 收听 转播 频道 视频,播出 播放 转播 电视台 节目 重播 收看 广播 卫视 直播 播 电视 电台 频道 收听 录制 收视率 视频
981,3,0.4562758722936835,0.15153140791601163,0.0,墨 印 蒙,蒙 印 墨,印 墨 蒙,墨 印 蒙
982,4,0.47219805808668713,0.1251544390936028,0.25,打印 复印 印刷 电子版,电子版 印刷 打印 复印,印刷 电子版 打印 复印,打印 复印 印刷 电子版
983,4,0.5080450018548918,0.16726262820980267,0.25,造纸术 印刷术 发明 起源,起源 发明 印刷术 造纸术,印刷术 发明 造纸术 起源,造纸术 印刷术 发明 起源
984,3,0.43518441448441675,0.023919191559707176,0.3333333333333333,错觉 视觉 印象,错觉 印象 视觉,印象 错觉 视觉,错觉 视觉 印象
985,16,0.4780041609244512,0.068627184125733,0.1875,营救 救 救援 抢救 解救 呼救 遇险 救助 拯救 求救 搜救 挽救,打捞 危急 救命 紧急 呼救 挽救 搜救 拯救,抢救 挽救 营救 救 解救 危急 呼救 搜救 救援 求救 打捞 救命,营救 救 救援 抢救 解救 呼救 遇险 救助 拯救 求救 搜救 挽救 危急 救命 紧急 打捞
986,3,0.4632527384598193,0.10214222186911236,0.0,即可 可 无须,无须 可 即可,可 无须 即可,即可 可 无须
987,3,0.41465296692781806,0.018332002484389747,0.6666666666666666,卵 孵化 蛋,蛋 孵化 卵,卵 蛋 孵化,卵 孵化 蛋
988,3,0.36322213146806176,-0.013931814942223156,0.6666666666666666,页 卷 张,张 卷 页,卷 张 页,页 卷 张
989,4,0.566771779669696,0.24922896440000358,0.0,牵涉 牵扯 波及 卷入,卷入 波及 牵涉 牵扯,牵涉 牵扯 波及 卷入,牵涉 牵扯 波及 卷入
990,8,0.4841691920780825,0.06298927671399031,0.25,捡 拣 拾 挑 摘 卸 捞 铲,挑 卸 摘 铲 捞 捡 拾 拣,卸 摘 拾 拣 捡 捞 挑 铲,捡 拣 拾 挑 摘 卸 捞 铲
991,7,0.4647632132339393,0.04788871486545586,0.2857142857142857,车间 工厂 厂 生产 工序 工地 基地,基地 工序 工地 厂 生产 车间 工厂,厂 车间 生产 工序 工厂 工地 基地,车间 工厂 厂 生产 工序 工地 基地
992,3,0.41794545943518147,0.09667993123245266,0.0,厅 局 院,院 局 厅,厅 局 院,厅 局 院
993,2,0.42617559428515805,0.09578340332686344,0.0,历史 历届,历史 历届,历届 历史,历史 历届
994,15,0.4705622670369081,0.008925834478749565,0.4666666666666667,磨难 风风雨雨 艰辛 沧桑 苦难 酸甜苦辣 风雨 经历 历程 辛酸 岁月 历经,艰辛 洗礼 悲欢离合 历经 岁月 波折 历程 苦难,苦难 历经 历程 艰辛 岁月 波折 洗礼 酸甜苦辣 辛酸 风雨 磨难 悲欢离合,磨难 风风雨雨 艰辛 沧桑 苦难 酸甜苦辣 风雨 经历 历程 辛酸 岁月 历经 波折 悲欢离合 洗礼
995,4,0.40788699282711477,-0.008195311572144842,0.75,挤 压 挤压 围,围 挤压 压 挤,压 围 挤 挤压,挤 压 挤压 围
996,2,0.6408308789486695,0.3150410703320362,0.0,压力 阻力,阻力 压力,压力 阻力,压力 阻力
997,8,0.4349600554685362,0.030852856707186356,0.25,收缩 扩张 膨胀 扩 压缩 扩展 缩水 缩,压缩 扩展 缩水 缩 膨胀 扩张 扩 收缩,缩 扩 收缩 压缩 膨胀 扩张 扩展 缩水,收缩 扩张 膨胀 扩 压缩 扩展 缩水 缩
998,6,0.418636598884823,0.03347715313329253,0.3333333333333333,薄 厚 粗 细 浅 寸,浅 寸 粗 细 薄 厚,厚 寸 粗 细 浅 薄,薄 厚 粗 细 浅 寸
999,1,,0.0,0.0,原,原,原,原
1000,6,0.4225109013167121,-0.012441368281514575,0.6666666666666666,方针 思路 方向 原则 路线 目标,思路 原则 方向 目标 方针 路线,思路 目标 原则 方针 方向 路线,方针 思路 方向 原则 路线 目标
1001,2,0.46798819878106257,0.10937231317119075,0.0,精品 原创,精品 原创,原创 精品,精品 原创
1002,4,0.5179350289642012,0.1418731229629835,0.0,根源 罪魁祸首 原因 导火索,原因 根源 导火索 罪魁祸首,根源 罪魁祸首 原因 导火索,根源 罪魁祸首 原因 导火索
1003,3,0.48301989897463704,0.1843961073086252,0.0,就地 就近 原地,原地 就近 就地,就地 原地 就近,就地 就近 原地
1004,4,0.4173612173041003,0.03923264838904849,0.25,模型 演示 模拟 原型,原型 演示 模拟 模型,模拟 模型 原型 演示,模型 演示 模拟 原型
1005,1,,0.0,0.0,原始,原始,原始,原始
1006,5,0.45195637807601124,0.08273975643190054,0.0,原汁原味 正宗 地道 新鲜 鲜活,新鲜 鲜活 正宗 原汁原味 地道,鲜活 原汁原味 地道 新鲜 正宗,原汁原味 正宗 地道 新鲜 鲜活
1007,5,0.4734939906693027,0.0659744012761933,0.2,道理 规律 常识 原理 常理,道理 常理 规律 原理 常识,规律 原理 常理 常识 道理,道理 规律 常识 原理 常理
1008,3,0.4091995707671372,-0.021565380041846726,0.6666666666666666,国产 原装 新款,新款 原装 国产,新款 国产 原装,国产 原装 新款
1009,5,0.5219333095173894,0.18922482967220947,0.0,去世 逝世 遗愿 遗嘱 生前,生前 遗愿 遗嘱 逝世 去世,逝世 生前 遗嘱 去世 遗愿,去世 逝世 遗愿 遗嘱 生前
1010,2,0.5229594985195598,0.17616694474058153,0.0,归宿 去处,归宿 去处,去处 归宿,归宿 去处
1011,3,0.39060130160247014,-0.02657463230711807,0.6666666666666666,立功 见义勇为 参军,立功 见义勇为 参军,立功 参军 见义勇为,立功 见义勇为 参军
1012,5,0.5478163341063655,0.22779174813743416,0.0,展出 展览 参展 展示 车展,车展 展示 展出 展览 参展,参展 展示 展出 展览 车展,展出 展览 参展 展示 车展
1013,2,0.4655446553988576,0.11917912511814749,0.0,建议 参考,建议 参考,参考 建议,建议 参考
1014,5,0.4699653895075412,0.16973964679682094,0.2,简介 概况 参见 目录 简称,简称 目录 概况 参见 简介,简介 概况 参见 简称 目录,简介 概况 参见 目录 简称
1015,5,0.5077204093969625,0.12582172572834166,0.2,师长 班长 司令 队长 参谋,队长 参谋 司令 班长 师长,参谋 司令 班长 师长 队长,师长 班长 司令 队长 参谋
1016,3,0.43358246687573926,0.07793734576281293,0.3333333333333333,叉 拐 顶,顶 叉 拐,叉 拐 顶,叉 拐 顶
1017,9,0.5125363187979273,0.13386261703407942,0.2222222222222222,及早 尽早 尽快 早日 及时 提早 抓紧 适时 趁早,提早 趁早 适时 及时 抓紧 早日 尽快 及早,早日 趁早 提早 适时 尽早 尽快 及时 及早 抓紧,及早 尽早 尽快 早日 及时 提早 抓紧 适时 趁早
1018,2,0.47906671750205176,0.21700419241873978,0.0,双 双重,双 双重,双 双重,双 双重
1019,3,0.41280902169571854,0.051503010501933795,0.3333333333333333,横向 横 双向,横 双向 横向,横向 横 双向,横向 横 双向
1020,7,0.4468671665755343,-0.0504903442550678,0.42857142857142855,宝宝 婴儿 娃娃 宝贝 孕妇 双胞胎 大熊猫,双胞胎 婴儿 孕妇 大熊猫 宝贝 宝宝 娃娃,宝贝 婴儿 娃娃 孕妇 宝宝 双胞胎 大熊猫,宝宝 婴儿 娃娃 宝贝 孕妇 双胞胎 大熊猫
1021,2,0.4547923338087029,0.15905208723990216,0.0,逆 反,逆 反,反 逆,逆 反
1022,5,0.5102918441585855,0.13394349433941713,0.2,轰动 震动 震撼 反响 哗然,反响 哗然 震撼 震动 轰动,哗然 反响 轰动 震动 震撼,轰动 震动 震撼 反响 哗然
1023,3,0.4921068102628663,0.15072748479219325,0.0,反复 重复 翻来覆去,翻来覆去 重复 反复,重复 翻来覆去 反复,反复 重复 翻来覆去
1024,9,0.4711836705236683,0.0734587996048966,0.2222222222222222,赞同 赞成 同意 认同 反对 拥护 否决 认可 提议,提议 认可 拥护 否决 认同 反对 同意 赞同,赞同 赞成 否决 同意 拥护 反对 认同 认可 提议,赞同 赞成 同意 认同 反对 拥护 否决 认可 提议
1025,2,0.47646045500086864,0.12151353806693549,0.0,反常 极端,反常 极端,反常 极端,反常 极端
1026,3,0.4603306212264508,0.08666614668187682,0.3333333333333333,反馈 回馈 反应,反应 回馈 反馈,回馈 反应 反馈,反馈 回馈 反应
1027,11,0.4851445869113496,0.07699771877524868,0.2727272727272727,思考 思索 反思 深思 审视 反省 考量 沉思 权衡 考虑 检讨,审视 检讨 沉思 考虑 考量 权衡 反省 思索,思索 权衡 审视 沉思 思考 反思 反省 考虑 深思 检讨 考量,思考 思索 反思 深思 审视 反省 考量 沉思 权衡 考虑 检讨
1028,1,,0.0,0.0,反过来,反过来,反过来,反过来
1029,9,0.5006467845691371,0.09355763628528262,0.1111111111111111,回答 回应 反驳 答复 回复 解释 辩解 提问 澄清,解释 辩解 提问 回答 回应 澄清 回复 反驳,澄清 答复 回应 回复 反驳 回答 解释 提问 辩解,回答 回应 反驳 答复 回复 解释 辩解 提问 澄清
1030,1,,0.0,0.0,发,发,发,发
1031,7,0.4509966163970946,0.05182422341319327,0.2857142857142857,崛起 发展 繁荣 复兴 振兴 壮大 成长,成长 繁荣 壮大 发展 振兴 复兴 崛起,成长 发展 振兴 壮大 繁荣 崛起 复兴,崛起 发展 繁荣 复兴 振兴 壮大 成长
1032,4,0.4605815671444817,0.061936790177697765,0.5,挖掘 潜力 发掘 大有可为,发掘 大有可为 潜力 挖掘,潜力 挖掘 发掘 大有可为,挖掘 潜力 发掘 大有可为
1033,3,0.4248177951657544,0.056842655101130575,0.3333333333333333,领取 发放 领,发放 领 领取,发放 领 领取,领取 发放 领
1034,4,0.5361356589877693,0.11884454102470807,0.25,发泄 宣泄 怨气 消遣,消遣 怨气 宣泄 发泄,宣泄 发泄 消遣 怨气,发泄 宣泄 怨气 消遣
1035,4,0.4405350734950067,0.05129406710186078,0.0,发源地 源头 源泉 摇篮,摇篮 源头 源泉 发源地,源泉 源头 发源地 摇篮,发源地 源头 源泉 摇篮
1036,6,0.5139926103646201,0.15044805452098944,0.0,发觉 发现 察觉 认出 得知 查出,查出 得知 认出 察觉 发觉 发现,得知 发现 查出 发觉 认出 察觉,发觉 发现 察觉 认出 得知 查出
1037,2,0.4508397233647734,0.099678736172603,0.0,发生 爆发,爆发 发生,发生 爆发,发生 爆发
1038,6,0.4701954363804067,0.1150964805342533,0.0,电力 发电 电网 核能 核电站 电,电 核能 电力 发电 核电站 电网,核能 电 电力 电网 发电 核电站,电力 发电 电网 核能 核电站 电
1039,5,0.4665718525882566,0.09959112678067483,0.0,萌发 生长 萌芽 发育 开花,开花 发育 萌芽 生长 萌发,开花 生长 萌发 发育 萌芽,萌发 生长 萌芽 发育 开花
1040,12,0.5239897899878139,0.0657036896034754,0.25,吵架 吵嘴 吵 唠叨 胡闹 发脾气 絮叨 打架 打岔 说闲话 说话 闹,打岔 发脾气 胡闹 闹 说话 说闲话 絮叨 打架,吵 唠叨 吵架 吵嘴 胡闹 絮叨 闹 发脾气 打岔 说闲话 打架 说话,吵架 吵嘴 吵 唠叨 胡闹 发脾气 絮叨 打架 打岔 说闲话 说话 闹
1041,8,0.49737655236844935,0.14440921712811308,0.125,演讲 演说 发言 讲话 辩论 谈话 宣读 答辩,宣读 答辩 谈话 辩论 讲话 演说 发言 演讲,宣读 演说 演讲 答辩 讲话 谈话 发言 辩论,演讲 演说 发言 讲话 辩论 谈话 宣读 答辩
1042,2,0.486418063329898,0.15086414952097585,0.0,发言人 新闻,新闻 发言人,新闻 发言人,发言人 新闻
1043,8,0.43488832368450453,0.01461575049551652,0.5,完备 完善 齐全 完整 成熟 配套 完好 发达,齐全 完好 发达 配套 完整 成熟 完善 完备,完整 齐全 完好 完备 完善 配套 成熟 发达,完备 完善 齐全 完整 成熟 配套 完好 发达
1044,2,0.41764711379537944,0.03762071494652701,0.0,发酵 消化,消化 发酵,消化 发酵,发酵 消化
1045,3,0.4098545341526501,0.03875625930011043,0.3333333333333333,填 填充 取,取 填充 填,取 填 填充,填 填充 取
1046,10,0.47909649874414584,0.11952194165640484,0.2,获得 取得 得到 拿到 赢得 获 获取 收到 收获 达到,达到 收到 收获 获取 赢得 拿到 获 得到,达到 拿到 得到 收到 收获 获 获得 获取 赢得 取得,获得 取得 得到 拿到 赢得 获 获取 收到 收获 达到
1047,1,,0.0,0.0,取经,取经,取经,取经
1048,5,0.5319782302440554,0.1048340413052107,0.2,整顿 整治 清理 取缔 检查,检查 整治 取缔 清理 整顿,取缔 清理 整治 整顿 检查,整顿 整治 清理 取缔 检查
1049,11,0.47136867010093964,0.04209728837088662,0.45454545454545453,获胜 取胜 胜出 败 战胜 胜 失利 胜负 赢 胜利 爆冷门,胜利 胜出 胜 爆冷门 失利 赢 胜负 战胜,获胜 取胜 胜 赢 败 战胜 爆冷门 胜利 胜出 失利 胜负,获胜 取胜 胜出 败 战胜 胜 失利 胜负 赢 胜利 爆冷门
1050,10,0.4923542856830634,0.12506241707303017,0.1,受到 遭受 受 经受 遭到 备受 受过 深受 承受 接受,承受 接受 遭受 经受 遭到 深受 受过 备受,受 备受 深受 受过 经受 受到 承受 接受 遭到 遭受,受到 遭受 受 经受 遭到 备受 受过 深受 承受 接受
1051,5,0.44544008106454747,-0.005261892515792771,0.8,证人 当事人 律师 受害人 辩护,受害人 辩护 证人 律师 当事人,当事人 受害人 辩护 律师 证人,证人 当事人 律师 受害人 辩护
1052,2,0.5033101749548146,0.13013343520044302,0.0,惊 受惊,惊 受惊,惊 受惊,惊 受惊
1053,19,0.47225447974096035,0.08536672126749408,0.21052631578947367,旱灾 灾害 水灾 洪水 干旱 暴雨 灾难 旱 涝 灾 海啸 地震,瘟疫 风沙 浩劫 防汛 灾难 地震 受灾 海啸,洪水 浩劫 海啸 旱灾 灾 旱 涝 台风 地震 防汛 瘟疫 风沙,旱灾 灾害 水灾 洪水 干旱 暴雨 灾难 旱 涝 灾 海啸 地震 受灾 台风 瘟疫 特大 风沙 防汛 浩劫
1054,4,0.504935695403573,0.004835434266066571,0.5,受苦 吃苦 忍饥挨饿 挨打,忍饥挨饿 挨打 吃苦 受苦,忍饥挨饿 吃苦 受苦 挨打,受苦 吃苦 忍饥挨饿 挨打
1055,3,0.3535402497505513,-0.10620880004663814,1.0,演变 变 衍生,演变 衍生 变,变 衍生 演变,演变 变 衍生
1056,13,0.45882883158310106,0.04040906542762993,0.3076923076923077,磨损 脱落 断裂 裂缝 破裂 损伤 损坏 变形 裂痕 老化 破碎 腐蚀,腐蚀 损坏 老化 裂 损伤 裂痕 破碎 变形,损伤 裂痕 裂缝 脱落 磨损 腐蚀 断裂 裂 破碎 老化 破裂 变形,磨损 脱落 断裂 裂缝 破裂 损伤 损坏 变形 裂痕 老化 破碎 腐蚀 裂
1057,3,0.502229257498484,0.13331348661532336,0.0,腐烂 变质 混浊,混浊 腐烂 变质,腐烂 变质 混浊,腐烂 变质 混浊
1058,2,0.4545737223515425,0.06945512110995232,0.0,推移 变迁,变迁 推移,推移 变迁,推移 变迁
1059,5,0.4779851449926257,0.062344329213994375,0.2,堕落 颓废 叛逆 放纵 背叛,背叛 放纵 叛逆 颓废 堕落,背叛 颓废 叛逆 放纵 堕落,堕落 颓废 叛逆 放纵 背叛
1060,4,0.4168465278790297,0.04834473080168383,0.25,堆 堆砌 叠 群,群 叠 堆砌 堆,叠 堆 堆砌 群,堆 堆砌 叠 群
1061,2,0.5327128779265291,0.246268482024283,0.0,口 开口,口 开口,口 开口,口 开口
1062,5,0.49911817917406703,0.13870430539623435,0.0,命令 指令 指示 口令 指挥,指挥 命令 口令 指示 指令,指令 口令 命令 指挥 指示,命令 指令 指示 口令 指挥
1063,29,0.4921022021979125,0.05753778495588232,0.2413793103448276,鲜美 可口 甜 味道 香味 醇厚 口感 美味 风味 味儿 滋味 腥,浓郁 回味 甜美 嚼 品尝 气味 芬芳 腥,气味 咸 嚼 嫩 爽 甜 品尝 鲜美 浓郁 甜美 醇厚 香味,鲜美 可口 甜 味道 香味 醇厚 口感 美味 风味 味儿 滋味 腥 香 好吃 辣 麻辣 脆 口味 浓郁 嫩 嚼 芬芳 咸 品尝 回味 气味 甜美 爽 鲜
1064,3,0.4753689788503373,0.06078259332564035,0.0,窟窿 口子 缺口,缺口 口子 窟窿,口子 缺口 窟窿,窟窿 口子 缺口
1065,1,,0.0,0.0,口径,口径,口径,口径
1066,14,0.5063056213234649,0.11687743853941883,0.14285714285714285,眼泪 泪水 泪 流泪 鼻涕 淌 哭 哭泣 鲜血 口水 汗水 流血,哭 血 汗 淌 哭泣 汗水 流血 鲜血,流血 哭 流泪 泪水 汗 泪 淌 眼泪 血 口水 汗水 鲜血,眼泪 泪水 泪 流泪 鼻涕 淌 哭 哭泣 鲜血 口水 汗水 流血 血 汗
1067,2,0.6527843460101571,0.36203221151580944,0.0,钱包 口袋,钱包 口袋,钱包 口袋,钱包 口袋
1068,11,0.5135346392385326,0.1637033932180256,0.0,沐浴露 肥皂 洗衣粉 牙膏 洗涤剂 香水 牙刷 药水 口香糖 酒精 液体,液体 酒精 口香糖 药水 牙刷 洗涤剂 沐浴露 香水,沐浴露 牙膏 洗衣粉 肥皂 牙刷 药水 酒精 香水 口香糖 液体 洗涤剂,沐浴露 肥皂 洗衣粉 牙膏 洗涤剂 香水 牙刷 药水 口香糖 酒精 液体
1069,9,0.43994976280895104,0.013072038456180561,0.2222222222222222,古代 近代 古典 现代 当代 西方 古老 古 古今中外,现代 古老 西方 古 古代 古今中外 当代 近代,古 古典 古代 现代 当代 古今中外 古老 西方 近代,古代 近代 古典 现代 当代 西方 古老 古 古今中外
1070,12,0.47966089747644625,0.0629867025679449,0.16666666666666666,句子 词 词语 音节 文字 字眼 字 错别字 段落 字体 符号 生词,段落 符号 生词 文字 错别字 字体 字眼 字,生词 字 句子 错别字 词 段落 符号 文字 字体 音节 字眼 词语,句子 词 词语 音节 文字 字眼 字 错别字 段落 字体 符号 生词
1071,2,0.49131329570101334,0.04679218230867958,0.5,某 另,另 某,另 某,某 另
1072,10,0.5180538896344673,0.16073129223912402,0.1,能够 能 难以 可以 无法 才能 能否 得以 足以 有望,可以 难以 足以 有望 无法 才能 能否 得以,得以 无法 有望 可以 能够 能否 足以 能 才能 难以,能够 能 难以 可以 无法 才能 能否 得以 足以 有望
1073,3,0.5598550496622222,0.1784926182826779,0.3333333333333333,可信 可靠 确凿,确凿 可靠 可信,确凿 可信 可靠,可信 可靠 确凿
1074,4,0.4411068365200044,0.011676107543963327,0.5,可怜 无辜 无家可归 渺小,渺小 无家可归 无辜 可怜,无辜 可怜 无家可归 渺小,可怜 无辜 无家可归 渺小
1075,1,,0.0,0.0,可想而知,可想而知,可想而知,可想而知
1076,2,0.489669192412145,0.16388215850758225,0.0,可疑 嫌疑,可疑 嫌疑,嫌疑 可疑,可疑 嫌疑
1077,9,0.4983035009319228,0.04742146407262451,0.3333333333333333,恰当 合理 合适 正确 妥当 合情合理 可行 明智 合乎,合乎 明智 合适 妥当 可行 恰当 合情合理 正确,妥当 正确 恰当 明智 合适 合情合理 合乎 可行 合理,恰当 合理 合适 正确 妥当 合情合理 可行 明智 合乎
1078,4,0.46472594470808026,0.06069124215977875,0.0,巨大 可观 庞大 长足,长足 庞大 可观 巨大,长足 庞大 巨大 可观,巨大 可观 庞大 长足
1079,4,0.5076936038301062,0.1555735387810887,0.0,堪称 可谓 当之无愧 算是,算是 可谓 当之无愧 堪称,当之无愧 算是 可谓 堪称,堪称 可谓 当之无愧 算是
1080,7,0.5288521417954464,0.16581887889379052,0.0,珍惜 珍视 珍重 爱惜 可贵 宝贵 尊重,尊重 宝贵 珍重 可贵 爱惜 珍视 珍惜,珍视 珍重 爱惜 宝贵 尊重 珍惜 可贵,珍惜 珍视 珍重 爱惜 可贵 宝贵 尊重
1081,5,0.416408139785443,0.01945286090261049,0.6,台 架 套 座 支,架 支 座 套 台,台 套 座 架 支,台 架 套 座 支
1082,3,0.49032935606807815,0.10569096163322995,0.0,舞台 台上 银幕,银幕 台上 舞台,舞台 银幕 台上,舞台 台上 银幕
1083,2,0.9333816871768907,0.9002838065142069,0.0,右 左,右 左,右 左,右 左
1084,33,0.47085465456787307,0.028847143295650968,0.45454545454545453,柳树 桃树 松树 树木 柏树 槐树 棵 杨树 树叶 果树 树枝 叶子,果园 植物 栽 草 芽 碧绿 枝 桃,树荫 叶子 树木 树枝 树梢 桃树 枝 桃 树 栽 株 棵,柳树 桃树 松树 树木 柏树 槐树 棵 杨树 树叶 果树 树枝 叶子 树梢 树 株 茂密 竹子 翠绿 禾苗 茂盛 树荫 茎 枝 碧绿 芽 栽 奇花异草 草 植物 果实 桃 果园 苗
1085,1,,0.0,0.0,号,号,号,号
1086,3,0.4336066060501891,0.037483836746706994,0.0,号码 密码 彩票,密码 彩票 号码,密码 彩票 号码,号码 密码 彩票
1087,3,0.4904596637145628,0.1301544726798607,0.0,号称 自称 所谓,所谓 号称 自称,所谓 自称 号称,号称 自称 所谓
1088,7,0.5290865494033462,0.20901540244404737,0.0,少见 罕见 难得一见 少有 难得 常见 司空见惯,常见 司空见惯 难得 少有 难得一见 少见 罕见,少见 难得一见 罕见 司空见惯 常见 难得 少有,少见 罕见 难得一见 少有 难得 常见 司空见惯
1089,2,0.5292040533065578,0.1996061018318692,0.0,吃喝玩乐 衣食住行,衣食住行 吃喝玩乐,衣食住行 吃喝玩乐,吃喝玩乐 衣食住行
1090,3,0.5793590891612591,0.27954350168806374,0.0,各 各个 各自,各个 各自 各,各 各自 各个,各 各个 各自
1091,3,0.5274737185718984,0.1944956509234399,0.0,当地 本地 各地,各地 本地 当地,本地 当地 各地,当地 本地 各地
1092,2,0.4698978980860199,0.13584770183714065,0.0,各奔前程 思前想后,思前想后 各奔前程,思前想后 各奔前程,各奔前程 思前想后
1093,6,0.49043272551387956,0.1554474861437712,0.0,并购 重组 收购 整合 合并 合资,合资 整合 收购 重组 合并 并购,重组 合资 收购 并购 合并 整合,并购 重组 收购 整合 合并 合资
1094,4,0.4524979852676507,0.1075827755183299,0.0,留念 合影 签名 名片,名片 合影 留念 签名,签名 合影 名片 留念,留念 合影 签名 名片
1095,3,0.5066538571537497,0.21185451927424662,0.0,达标 超标 合格,合格 超标 达标,超标 合格 达标,达标 超标 合格
1096,4,0.42140621434685865,0.040568741030848156,0.5,合法 正规 规范 正当,规范 正当 合法 正规,规范 合法 正规 正当,合法 正规 规范 正当
1097,1,,0.0,0.0,吉利,吉利,吉利,吉利
1098,5,0.4962762809375003,0.10526077686159,0.2,象征 寓意 吉祥物 吉祥 标志,标志 吉祥物 吉祥 象征 寓意,标志 寓意 象征 吉祥物 吉祥,象征 寓意 吉祥物 吉祥 标志
1099,4,0.4119501325433894,-0.0205632376383204,0.5,同等 同一 相等 同类,同类 同一 相等 同等,同一 同等 同类 相等,同等 同一 相等 同类
1100,1,,0.0,0.0,同人,同人,同人,同人
1101,9,0.49588580273469446,0.06076894300534719,0.2222222222222222,土匪 强盗 流氓 坏人 歹徒 罪犯 同伙 敌人 无恶不作,同伙 坏人 罪犯 流氓 无恶不作 敌人 歹徒 土匪,流氓 无恶不作 强盗 同伙 土匪 歹徒 敌人 罪犯 坏人,土匪 强盗 流氓 坏人 歹徒 罪犯 同伙 敌人 无恶不作
1102,2,0.44899457529926456,0.09167020320474308,0.0,并行 同步,并行 同步,同步 并行,并行 同步
1103,1,,0.0,0.0,同行,同行,同行,同行
1104,1,,0.0,0.0,名义,名义,名义,名义
1105,15,0.5063280411432631,0.06912331714071249,0.2,景色 壮丽 秀美 美景 秀丽 风景 风光 美丽 迷人 壮观 雄伟 山川,迷人 宏伟 风情 名胜 雄伟 美丽 壮观 山川,壮观 宏伟 美景 名胜 美丽 风光 迷人 风景 风情 壮丽 景色 秀丽,景色 壮丽 秀美 美景 秀丽 风景 风光 美丽 迷人 壮观 雄伟 山川 名胜 风情 宏伟
1106,2,0.46961703284855827,0.11206789764476921,0.0,资格 名额,名额 资格,资格 名额,资格 名额
1107,4,0.45446742704879495,0.10144497030167329,0.0,补给 物资 后勤 运送,运送 后勤 物资 补给,补给 后勤 运送 物资,补给 物资 后勤 运送
1108,3,0.44718475480157127,0.03356494959342237,0.3333333333333333,后备箱 车上 舱,车上 后备箱 舱,舱 车上 后备箱,后备箱 车上 舱
1109,1,,0.0,0.0,后天,后天,后天,后天
1110,4,0.504196347437879,0.1355140225752529,0.0,结果 结论 结局 后果,结论 后果 结局 结果,后果 结论 结局 结果,结果 结论 结局 后果
1111,11,0.4414804064108474,0.0011129482328525364,0.6363636363636364,坚实 稳固 根基 坚固 牢固 基础 牢 坚强 强大 后盾 奠定,基础 强大 根基 奠定 牢 坚强 后盾 稳固,稳固 基础 坚固 坚实 坚强 牢 后盾 奠定 强大 根基 牢固,坚实 稳固 根基 坚固 牢固 基础 牢 坚强 强大 后盾 奠定
1112,9,0.49207664853793875,0.09091357563945753,0.2222222222222222,退让 退缩 妥协 让步 后退 退却 屈服 迁就 退,迁就 屈服 退 退缩 退却 让步 妥协 后退,妥协 屈服 退 退却 退缩 迁就 让步 退让 后退,退让 退缩 妥协 让步 后退 退却 屈服 迁就 退
1113,3,0.38673177708106077,-0.05271066249389927,0.6666666666666666,怨言 怠慢 后顾之忧,怠慢 后顾之忧 怨言,怨言 后顾之忧 怠慢,怨言 怠慢 后顾之忧
1114,13,0.45564983256522384,0.029687177076655066,0.23076923076923078,洒 泼 撒 喷 沾 涂 溅 抹 掺 渗 吐 滴,涂 灌 吐 渗 滴 撒 泼 沾,吐 喷 灌 撒 抹 掺 渗 滴 溅 泼 沾 洒,洒 泼 撒 喷 沾 涂 溅 抹 掺 渗 吐 滴 灌
1115,8,0.5092030046149306,0.13901799292541983,0.25,向着 朝着 沿着 往 顺着 向前 向 朝,向前 向 顺着 朝 往 沿着 向着 朝着,向 往 顺着 朝 向着 向前 沿着 朝着,向着 朝着 沿着 往 顺着 向前 向 朝
1116,2,0.4493169200660967,0.06177997127064877,0.0,带路 向导,带路 向导,向导 带路,带路 向导
1117,12,0.49789888912032715,0.07303275526725159,0.16666666666666666,痴迷 迷恋 着迷 热爱 狂热 热衷 崇拜 沉迷 执着 向往 陶醉 迷,沉迷 向往 陶醉 热爱 热衷 执着 迷 崇拜,热爱 崇拜 执着 着迷 迷恋 向往 迷 陶醉 热衷 痴迷 沉迷 狂热,痴迷 迷恋 着迷 热爱 狂热 热衷 崇拜 沉迷 执着 向往 陶醉 迷
1118,6,0.45830219049028215,-0.006108544026042259,0.6666666666666666,吓 晕 憋 昏 呛 哄,呛 哄 吓 憋 昏 晕,吓 呛 哄 晕 昏 憋,吓 晕 憋 昏 呛 哄
1119,5,0.4879743586208223,0.052122299545009264,0.4,难以置信 惊人 难以想象 触目惊心 吓人,吓人 难以想象 触目惊心 惊人 难以置信,惊人 难以想象 吓人 难以置信 触目惊心,难以置信 惊人 难以想象 触目惊心 吓人
1120,4,0.4766229360341034,-0.018439336813191515,0.75,吓唬 捣乱 祸害 耍,吓唬 耍 祸害 捣乱,祸害 捣乱 吓唬 耍,吓唬 捣乱 祸害 耍
1121,1,,0.0,0.0,君子,君子,君子,君子
1122,3,0.40979297300630907,0.024621232021115297,0.3333333333333333,塞 挪 吞,吞 塞 挪,吞 塞 挪,塞 挪 吞
1123,5,0.48096849874163095,0.09596282828481727,0.2,忽视 忽略 抛弃 否定 小看,抛弃 否定 小看 忽视 忽略,否定 抛弃 小看 忽略 忽视,忽视 忽略 抛弃 否定 小看
1124,1,,0.0,0.0,含,含,含,含
1125,13,0.4866322848683276,0.08404283539407603,0.07692307692307693,蛋白质 脂肪 富含 钙 含量 膳食 营养 热量 维生素 食物 含有 纤维,含有 营养 食物 膳食 纤维 富含 维生素 热量,含有 脂肪 含量 营养 食物 维生素 钙 水分 热量 富含 膳食 蛋白质,蛋白质 脂肪 富含 钙 含量 膳食 营养 热量 维生素 食物 含有 纤维 水分
1126,3,0.6740616264970538,0.4464542562077913,0.0,服从 听从 顺从,顺从 服从 听从,顺从 听从 服从,服从 听从 顺从
1127,16,0.49381041345619414,0.10487890167447805,0.125,观众 影迷 网民 歌迷 听众 读者 球迷 民众 市民 消费者 粉丝 游客,游客 民众 顾客 用户 粉丝 股民 球迷 消费者,消费者 网友 游客 网民 读者 股民 用户 球迷 市民 听众 观众 民众,观众 影迷 网民 歌迷 听众 读者 球迷 民众 市民 消费者 粉丝 游客 用户 顾客 网友 股民
1128,20,0.5112182855176324,0.08850358737238215,0.3,碰见 遇见 碰到 遇到 见到 碰上 遇上 看见 看到 听到 见过 想起,碰巧 想到 遭遇 想起 路过 听到 结识 看见,看到 遇上 碰见 遇到 梦见 遭遇 想到 遇 听到 路过 结识 见到,碰见 遇见 碰到 遇到 见到 碰上 遇上 看见 看到 听到 见过 想起 碰巧 想到 梦见 听说 路过 结识 遭遇 遇
1129,5,0.5294393991772054,0.1844657418845669,0.0,告示 张贴 标语 海报 启事,标语 海报 启事 张贴 告示,启事 海报 标语 张贴 告示,告示 张贴 标语 海报 启事
1130,5,0.515762717130319,0.1333168082263445,0.0,开启 拉开 启动 序幕 展开,序幕 启动 开启 拉开 展开,启动 开启 展开 拉开 序幕,开启 拉开 启动 序幕 展开
1131,6,0.46421810038868555,0.06075249347127009,0.5,鼓舞 启发 鞭策 鼓励 激励 启迪,启迪 鼓励 鼓舞 启发 激励 鞭策,启迪 激励 启发 鼓励 鼓舞 鞭策,鼓舞 启发 鞭策 鼓励 激励 启迪
1132,4,0.434120557632162,0.0411175553808765,0.5,教训 启示 经验 警钟,警钟 经验 启示 教训,启示 经验 教训 警钟,教训 启示 经验 警钟
1133,3,0.43049565714757293,0.0681615109253481,0.3333333333333333,吸 抛 抽,抽 抛 吸,吸 抛 抽,吸 抛 抽
1134,5,0.4979304416774534,0.14395021849430734,0.4,收集 搜集 采集 接收 吸取,吸取 接收 搜集 采集 收集,采集 吸取 收集 搜集 接收,收集 搜集 采集 接收 吸取
1135,5,0.47606445869762004,0.13709960345000133,0.0,吸纳 接纳 吸收 采纳 容纳,采纳 吸收 容纳 吸纳 接纳,吸收 吸纳 采纳 容纳 接纳,吸纳 接纳 吸收 采纳 容纳
1136,6,0.5622489912770658,0.2123863127078541,0.0,吸烟 抽烟 酗酒 吸毒 戒烟 赌博,赌博 戒烟 吸毒 酗酒 抽烟 吸烟,抽烟 戒烟 吸毒 吸烟 酗酒 赌博,吸烟 抽烟 酗酒 吸毒 戒烟 赌博
1137,4,0.46402961805427956,0.07747451954598471,0.0,抚摸 触摸 吻 拥抱,吻 触摸 拥抱 抚摸,吻 拥抱 抚摸 触摸,抚摸 触摸 吻 拥抱
1138,3,0.48161391585948726,0.1083204896539034,0.0,告状 打官司 告,打官司 告 告状,告 打官司 告状,告状 打官司 告
1139,5,0.4719982634286051,0.0757779180821373,0.2,结束 终结 宣告 尾声 告别,告别 尾声 宣告 结束 终结,宣告 尾声 结束 告别 终结,结束 终结 宣告 尾声 告别
1140,4,0.42969048867566134,0.015664014901276904,0.5,警告 告知 提示 暗示,告知 暗示 警告 提示,暗示 提示 告知 警告,警告 告知 提示 暗示
1141,13,0.47832301740814986,0.04475992291202659,0.3076923076923077,握手 敬酒 招手 鞠躬 打招呼 问候 送别 敬礼 招呼 告辞 送行 致敬,招呼 告辞 敬酒 敬礼 送行 诀别 致敬 鞠躬,诀别 问候 送别 敬礼 打招呼 告辞 致敬 握手 鞠躬 送行 招手 招呼,握手 敬酒 招手 鞠躬 打招呼 问候 送别 敬礼 招呼 告辞 送行 致敬 诀别
1142,2,0.4395084111041667,-0.013708053835308376,0.5,员 领队,领队 员,员 领队,员 领队
1143,10,0.5299406840059931,0.1882338740012151,0.1,纪念 庆祝 纪念日 庆贺 周年 诞辰 悼念 缅怀 生日 喜庆,喜庆 生日 缅怀 悼念 诞辰 庆贺 周年 纪念日,周年 诞辰 悼念 庆祝 生日 缅怀 喜庆 纪念日 庆贺 纪念,纪念 庆祝 纪念日 庆贺 周年 诞辰 悼念 缅怀 生日 喜庆
1144,1,,0.0,0.0,周期,周期,周期,周期
1145,12,0.5081424557094165,0.15239613548134082,0.08333333333333333,盼望 期盼 期望 希望 渴望 期待 盼 奢望 指望 呼唤 望 呼声,呼唤 呼声 望 指望 渴望 奢望 盼 希望,希望 盼望 渴望 盼 望 期待 期望 期盼 呼唤 呼声 奢望 指望,盼望 期盼 期望 希望 渴望 期待 盼 奢望 指望 呼唤 望 呼声
1146,2,0.484092874860508,0.16029210099915914,0.0,呼应 配合,呼应 配合,呼应 配合,呼应 配合
1147,1,,0.0,0.0,呼风唤雨,呼风唤雨,呼风唤雨,呼风唤雨
1148,4,0.5360445875109524,0.13835359139164569,0.25,性命 命 生命 生死,生命 生死 命 性命,命 生死 生命 性命,性命 命 生命 生死
1149,4,0.5313049991394848,0.1899469049486343,0.0,和平 和平共处 缓和 和解,缓和 和平 和解 和平共处,和平共处 和解 和平 缓和,和平 和平共处 缓和 和解
1150,1,,0.0,0.0,和气,和气,和气,和气
1151,2,0.5209498045767094,0.18159689744283786,0.0,文明 和谐,和谐 文明,和谐 文明,文明 和谐
1152,2,0.46562961215607745,0.1547954967956271,0.0,咨询 服务,服务 咨询,服务 咨询,咨询 服务
1153,1,,0.0,0.0,品,品,品,品
1154,3,0.5234594849331498,0.23400695574605676,0.0,水准 水平 品位,品位 水平 水准,品位 水准 水平,水准 水平 品位
1155,4,0.4503070656078989,0.045761754660570614,0.5,品牌 商标 老字号 牌,牌 老字号 品牌 商标,老字号 牌 商标 品牌,品牌 商标 老字号 牌
1156,3,0.47634022767049183,0.12021224918119278,0.0,型号 规格 品种,型号 品种 规格,品种 型号 规格,型号 规格 品种
1157,3,0.5298133035169038,0.19406375598321887,0.0,品质 质量 性能,性能 品质 质量,性能 质量 品质,品质 质量 性能
1158,4,0.44599513855625,0.08160359302048104,0.25,支持 支援 扶持 响应,响应 扶持 支援 支持,响应 支援 支持 扶持,支持 支援 扶持 响应
1159,2,0.5783394607275676,0.273863001299665,0.0,哑 聋,聋 哑,哑 聋,哑 聋
1160,3,0.3523663581414053,-0.028431375823146848,0.6666666666666666,子 母 哥,哥 母 子,哥 子 母,子 母 哥
1161,5,0.516009762936742,0.1555693001562508,0.0,培育 培养 孕育 哺育 造就,哺育 培养 孕育 造就 培育,培育 培养 哺育 造就 孕育,培育 培养 孕育 哺育 造就
1162,5,0.4748382443003466,0.1218368721964739,0.0,售票 退票 门票 票 月票,退票 月票 票 售票 门票,票 月票 退票 售票 门票,售票 退票 门票 票 月票
1163,3,0.4360803803088534,-0.04964698916435279,0.3333333333333333,碰 啃 踩,踩 啃 碰,啃 碰 踩,碰 啃 踩
1164,6,0.42144378350140504,0.008993960123299546,0.5,经济 服务业 贸易 金融 工业 商业,商业 贸易 服务业 经济 工业 金融,商业 服务业 贸易 经济 金融 工业,经济 服务业 贸易 金融 工业 商业
1165,6,0.5082510590163094,0.16544389877913704,0.16666666666666666,富豪 富翁 富人 大款 商人 阔绰,阔绰 商人 大款 富人 富翁 富豪,商人 大款 富翁 阔绰 富人 富豪,富豪 富翁 富人 大款 商人 阔绰
1166,2,0.5144255239607871,0.15270034135970784,0.0,大宗 商品,大宗 商品,商品 大宗,大宗 商品
1167,4,0.3834289662089602,-0.03871120477090191,0.5,塑料袋 易拉罐 胶带 商贩,商贩 胶带 易拉罐 塑料袋,塑料袋 胶带 易拉罐 商贩,塑料袋 易拉罐 胶带 商贩
1168,7,0.44735373147650637,0.03582811014855174,0.2857142857142857,川流不息 络绎不绝 熙熙攘攘 四面八方 成群结队 商贾 源源不断,四面八方 商贾 源源不断 成群结队 络绎不绝 熙熙攘攘 川流不息,熙熙攘攘 川流不息 成群结队 源源不断 络绎不绝 商贾 四面八方,川流不息 络绎不绝 熙熙攘攘 四面八方 成群结队 商贾 源源不断
1169,4,0.383861705608354,-0.056397470702825046,0.5,队 大队 社 啦啦队,啦啦队 社 队 大队,社 啦啦队 队 大队,队 大队 社 啦啦队
1170,3,0.5230695395914314,0.15911804150935563,0.0,喝 沏 喂,喂 沏 喝,喂 喝 沏,喝 沏 喂
1171,4,0.46257403992933294,0.0633446488040123,0.5,巧 妙 巧妙 善,巧妙 善 妙 巧,善 妙 巧 巧妙,巧 妙 巧妙 善
1172,8,0.4932116592306776,0.1338216140440144,0.0,录音机 收音机 音响 喇叭 音量 话筒 闹钟 铃,铃 闹钟 音量 话筒 喇叭 音响 录音机 收音机,录音机 喇叭 闹钟 音响 铃 话筒 音量 收音机,录音机 收音机 音响 喇叭 音量 话筒 闹钟 铃
1173,1,,0.0,0.0,喊,喊,喊,喊
1174,1,,0.0,0.0,喘息,喘息,喘息,喘息
1175,3,0.47062685562389833,0.05574815730115454,0.0,大吃一惊 喜出望外 措手不及,大吃一惊 措手不及 喜出望外,喜出望外 大吃一惊 措手不及,大吃一惊 喜出望外 措手不及
1176,5,0.48004104650969615,0.0688307849828817,0.0,开心 得意 骄傲 喜悦 荣幸,喜悦 开心 荣幸 得意 骄傲,得意 开心 荣幸 喜悦 骄傲,开心 得意 骄傲 喜悦 荣幸
1177,1,,0.0,0.0,喜洋洋,喜洋洋,喜洋洋,喜洋洋
1178,10,0.5054634378020352,0.0919882952893777,0.1,礼品 礼物 送礼 贺卡 请柬 喜糖 请帖 红包 拜年 礼,喜糖 拜年 礼 送礼 红包 贺卡 请帖 礼品,拜年 礼 请帖 送礼 请柬 红包 礼物 礼品 贺卡 喜糖,礼品 礼物 送礼 贺卡 请柬 喜糖 请帖 红包 拜年 礼
1179,3,0.46690919906670275,0.06755754090524235,0.3333333333333333,请客 喜酒 掏钱,掏钱 喜酒 请客,请客 掏钱 喜酒,请客 喜酒 掏钱
1180,7,0.4473830307524495,0.00821533698577338,0.42857142857142855,忙乱 拥挤 混乱 繁忙 喧哗 浮躁 紧张,混乱 浮躁 紧张 喧哗 拥挤 繁忙 忙乱,混乱 紧张 繁忙 浮躁 拥挤 忙乱 喧哗,忙乱 拥挤 混乱 繁忙 喧哗 浮躁 紧张
1181,2,0.4879453558421487,0.1323832639240602,0.0,喷泉 池子,池子 喷泉,喷泉 池子,喷泉 池子
1182,8,0.5006176917238598,0.0649260095752503,0.25,灵敏 敏锐 敏捷 灵巧 灵活 精明 嗅觉 机智,机智 精明 嗅觉 灵巧 灵活 敏捷 敏锐 灵敏,嗅觉 灵巧 灵敏 灵活 敏捷 精明 敏锐 机智,灵敏 敏锐 敏捷 灵巧 灵活 精明 嗅觉 机智
1183,4,0.46717616957006375,0.13044369976067421,0.25,狂欢节 狂欢 嘉年华 沙龙,沙龙 嘉年华 狂欢 狂欢节,嘉年华 狂欢节 狂欢 沙龙,狂欢节 狂欢 嘉年华 沙龙
1184,6,0.4666264182442052,0.07621049752921588,0.16666666666666666,设备 器材 设施 装备 器械 装置,器械 器材 装置 装备 设施 设备,器材 器械 装置 装备 设施 设备,设备 器材 设施 装备 器械 装置
1185,4,0.5349582597010681,0.22483348716837842,0.25,噪声 噪音 振动 浮力,浮力 振动 噪音 噪声,噪声 噪音 浮力 振动,噪声 噪音 振动 浮力
1186,3,0.4528263597103637,0.03321290494720428,0.3333333333333333,囚犯 奴隶 平民,平民 奴隶 囚犯,囚犯 奴隶 平民,囚犯 奴隶 平民
1187,4,0.4665403246714995,0.13823997846870703,0.0,退回 收回 归还 回,回 归还 收回 退回,回 收回 退回 归还,退回 收回 归还 回
1188,5,0.5368899390257024,0.20349206067116565,0.0,回想 回忆 回首 往事 回顾,往事 回顾 回忆 回想 回首,往事 回首 回顾 回忆 回想,回想 回忆 回首 往事 回顾
1189,4,0.5173851517763394,0.1844047333938793,0.0,日记 笔记 回忆录 档案,档案 笔记 回忆录 日记,笔记 回忆录 档案 日记,日记 笔记 回忆录 档案
1190,4,0.5826713197848018,0.27244803687279406,0.0,躲避 逃避 避 回避,回避 躲避 逃避 避,逃避 回避 避 躲避,躲避 逃避 避 回避
1191,3,0.35259824245012955,-0.04653309850273465,0.6666666666666666,因 无故 致,致 无故 因,因 无故 致,因 无故 致
1192,6,0.47435665715396774,0.10646013886283268,0.16666666666666666,欢聚 联欢 聚会 团聚 相约 欢声笑语,相约 欢声笑语 聚会 团聚 联欢 欢聚,联欢 聚会 欢声笑语 欢聚 相约 团聚,欢聚 联欢 聚会 团聚 相约 欢声笑语
1193,5,0.40047173931770635,-0.05062471082727611,0.6,团队 队伍 小组 阵容 成员,阵容 小组 成员 队伍 团队,成员 小组 队伍 阵容 团队,团队 队伍 小组 阵容 成员
1194,5,0.5115245598368536,0.0844957266509689,0.2,园林 景观 绿化 绿地 建筑,绿化 建筑 景观 绿地 园林,绿地 绿化 园林 建筑 景观,园林 景观 绿化 绿地 建筑
1195,9,0.46847587524066625,0.03744234148499506,0.4444444444444444,渴 馋 饿 困 烦 累 饱 懒 醉,醉 烦 饿 懒 饱 馋 困 累,困 累 烦 懒 渴 饱 饿 馋 醉,渴 馋 饿 困 烦 累 饱 懒 醉
1196,12,0.4934842019160803,0.07100029363138051,0.16666666666666666,状况 处境 情况 形势 局面 境遇 境地 困境 现状 状态 情形 局势,境地 困境 局势 境遇 情形 局面 形势 状态,境地 困境 现状 状态 局面 状况 处境 形势 情况 情形 局势 境遇,状况 处境 情况 形势 局面 境遇 境地 困境 现状 状态 情形 局势
1197,8,0.49088663595884535,0.09479153296974899,0.125,围墙 墙 城墙 柱子 屋顶 建筑物 烟囱 砖,砖 烟囱 建筑物 城墙 柱子 屋顶 墙 围墙,墙 烟囱 砖 柱子 城墙 建筑物 围墙 屋顶,围墙 墙 城墙 柱子 屋顶 建筑物 烟囱 砖
1198,4,0.46545382004574787,0.0009911672505556988,0.25,针对 着眼于 围绕 面向,针对 着眼于 围绕 面向,着眼于 面向 围绕 针对,针对 着眼于 围绕 面向
1199,1,,0.0,0.0,国,国,国,国
1200,5,0.44798048438300125,0.03964176108378795,0.4,边境 领土 邻国 边疆 国土,邻国 国土 边疆 边境 领土,边疆 边境 国土 领土 邻国,边境 领土 邻国 边疆 国土
1201,1,,0.0,0.0,国家,国家,国家,国家
1202,5,0.512368789959701,0.18750029084023953,0.0,国旗 国徽 国歌 旗帜 锦旗,锦旗 旗帜 国歌 国徽 国旗,旗帜 锦旗 国徽 国歌 国旗,国旗 国徽 国歌 旗帜 锦旗
1203,2,0.40506473529883213,0.05497696346471508,0.0,国情 民意,民意 国情,国情 民意,国情 民意
1204,4,0.4810607683474113,0.16645436909043507,0.0,私有 私营 私人 国有,私人 私营 国有 私有,私营 国有 私有 私人,私有 私营 私人 国有
1205,2,0.6536556657397152,0.442657109144417,0.0,图片 图,图 图片,图 图片,图片 图
1206,16,0.4999097651384349,0.11292713550206565,0.125,相机 摄像 镜头 拍照 摄像机 拍摄 摄影 相片 照片 照相 影像 胶片,照片 图像 拍 焦距 拍摄 胶片 相片 摄影,拍照 图像 拍摄 摄影师 摄像机 摄像 摄影 拍 照片 照相 胶片 焦距,相机 摄像 镜头 拍照 摄像机 拍摄 摄影 相片 照片 照相 影像 胶片 图像 摄影师 拍 焦距
1207,6,0.5072096066752229,0.13248593490979615,0.16666666666666666,零件 部件 配件 组装 成品 图纸,成品 图纸 配件 组装 部件 零件,图纸 部件 零件 配件 成品 组装,零件 部件 配件 组装 成品 图纸
1208,4,0.500776645760396,0.19609254568626977,0.0,顺利 成功 圆满 如愿以偿,如愿以偿 圆满 顺利 成功,顺利 成功 如愿以偿 圆满,顺利 成功 圆满 如愿以偿
1209,2,0.5970671770108473,0.30027367603222693,0.0,圈子 圈,圈 圈子,圈 圈子,圈子 圈
1210,10,0.4931380087757966,0.04649960780346114,0.3,谎言 谎话 骗人 欺骗 骗子 阴谋 骗 诽谤 圈套 谣言,骗 圈套 阴谋 诽谤 骗子 欺骗 谣言 谎话,圈套 欺骗 骗 谎言 谎话 谣言 骗子 骗人 诽谤 阴谋,谎言 谎话 骗人 欺骗 骗子 阴谋 骗 诽谤 圈套 谣言
1211,7,0.49740746837821265,0.07670721644626666,0.2857142857142857,泥土 泥 沙子 石头 渣子 土 粪,土 粪 渣子 石头 泥土 沙子 泥,土 粪 泥 沙子 渣子 泥土 石头,泥土 泥 沙子 石头 渣子 土 粪
1212,3,0.4943684593424526,0.1289368570649693,0.0,土地 肥沃 开垦,土地 开垦 肥沃,开垦 肥沃 土地,土地 肥沃 开垦
1213,3,0.4943574617596213,0.19055344164136412,0.3333333333333333,正在 正 在,在 正 正在,在 正 正在,正在 正 在
1214,2,0.5330395418609759,0.25815940058052916,0.0,在于 莫过于,在于 莫过于,在于 莫过于,在于 莫过于
1215,1,,0.0,0.0,在线,在线,在线,在线
1216,1,,0.0,0.0,地,地,地,地
1217,5,0.45131529688164845,0.09028924918515062,0.2,地上 地面 地下 空地 露天,露天 空地 地上 地面 地下,空地 露天 地面 地上 地下,地上 地面 地下 空地 露天
1218,11,0.48484474977736036,0.10123850058491247,0.18181818181818182,饮用水 水源 自来水 地下水 污水 水 饮水 纯净水 矿泉水 雨水 污染,污染 雨水 矿泉水 饮水 纯净水 污水 水 地下水,纯净水 矿泉水 污染 污水 水 饮用水 地下水 水源 雨水 自来水 饮水,饮用水 水源 自来水 地下水 污水 水 饮水 纯净水 矿泉水 雨水 污染
1219,3,0.3927441435216486,-0.005244165082066214,0.6666666666666666,导航 地图 激光,激光 地图 导航,激光 地图 导航,导航 地图 激光
1220,4,0.4930624849541389,0.12271678982909642,0.0,纬度 经度 地理 地域,地理 地域 纬度 经度,纬度 地域 地理 经度,纬度 经度 地理 地域
1221,5,0.5066415622050215,0.1670743342604897,0.0,界线 边界 界限 地带 边缘,地带 边缘 界限 边界 界线,界限 界线 边界 边缘 地带,界线 边界 界限 地带 边缘
1222,1,,0.0,0.0,地方,地方,地方,地方
1223,3,0.39096304002356314,-0.029253884969555843,0.6666666666666666,地步 境界 缘故,缘故 境界 地步,地步 缘故 境界,地步 境界 缘故
1224,4,0.4414864949612845,0.04098578377745563,0.25,时间 日期 时间表 地点,时间表 地点 时间 日期,日期 时间 地点 时间表,时间 日期 时间表 地点
1225,2,0.45703057692218785,0.09690932711593157,0.0,场 轮,场 轮,场 轮,场 轮
1226,6,0.5228832757713586,0.17582509853001563,0.0,场面 情景 场景 画面 景象 情节,情节 景象 画面 场景 情景 场面,情节 场面 画面 景象 场景 情景,场面 情景 场景 画面 景象 情节
1227,3,0.4354364999360129,0.047108391925187655,0.0,整齐 均匀 紧凑,均匀 整齐 紧凑,紧凑 均匀 整齐,整齐 均匀 紧凑
1228,7,0.44154620981679504,0.0857418107932162,0.14285714285714285,稳定 平稳 平衡 均衡 稳健 稳 对称,对称 稳健 稳定 稳 均衡 平稳 平衡,稳健 稳定 平稳 稳 对称 平衡 均衡,稳定 平稳 平衡 均衡 稳健 稳 对称
1229,4,0.49558474577244055,0.09566178767632015,0.0,坏 好 烂 糟糕,糟糕 好 烂 坏,坏 好 烂 糟糕,坏 好 烂 糟糕
1230,4,0.5430725687033862,0.21811471901204713,0.0,耸立 屹立 坐落 鹤立鸡群,鹤立鸡群 坐落 屹立 耸立,坐落 屹立 耸立 鹤立鸡群,耸立 屹立 坐落 鹤立鸡群
1231,2,0.47404740271388324,0.17776466183001283,0.0,坑 洞,洞 坑,坑 洞,坑 洞
1232,4,0.5100822973486063,0.08799450313788677,0.25,秉承 本着 坚持 立足,立足 坚持 本着 秉承,秉承 本着 立足 坚持,秉承 本着 坚持 立足
1233,2,0.41426994759556557,0.052190152928653845,0.5,坛 界,界 坛,坛 界,坛 界
1234,5,0.45104932261395153,0.07567957624046102,0.2,飘 沉 漂 浮 坠,坠 飘 浮 漂 沉,坠 漂 沉 浮 飘,飘 沉 漂 浮 坠
1235,11,0.49552008358984784,0.11954070190223028,0.0,子弹 枪 炸弹 炮 手枪 炸药 火药 导弹 弹 武器 坦克,导弹 武器 炮 枪 坦克 火药 弹 手枪,子弹 弹 坦克 炮 枪 武器 火药 炸药 导弹 炸弹 手枪,子弹 枪 炸弹 炮 手枪 炸药 火药 导弹 弹 武器 坦克
1236,6,0.5112063168299416,0.0742491542081671,0.16666666666666666,认错 撒谎 说谎 道歉 坦白 表白,坦白 表白 认错 说谎 撒谎 道歉,坦白 撒谎 认错 表白 说谎 道歉,认错 撒谎 说谎 道歉 坦白 表白
1237,11,0.5246766878730492,0.11226434933928484,0.18181818181818182,胆怯 畏缩 气馁 犹豫 畏惧 迟疑 惊慌失措 灰心 泄气 犹豫不决 垂头丧气,垂头丧气 惊慌失措 畏惧 迟疑 泄气 灰心 胆怯 犹豫不决,惊慌失措 犹豫不决 犹豫 垂头丧气 畏惧 畏缩 迟疑 泄气 灰心 气馁 胆怯,胆怯 畏缩 气馁 犹豫 畏惧 迟疑 惊慌失措 灰心 泄气 犹豫不决 垂头丧气
1238,4,0.41779044477102195,-0.016939499322022194,0.5,垫 盖 罩 窝,窝 罩 垫 盖,垫 窝 罩 盖,垫 盖 罩 窝
1239,6,0.43856906801537776,0.026116406389882652,0.5,埋 埋藏 埋没 蕴藏 藏 淹,淹 藏 蕴藏 埋没 埋藏 埋,埋 淹 埋没 埋藏 藏 蕴藏,埋 埋藏 埋没 蕴藏 藏 淹
1240,8,0.5365224704492714,0.15544898482452646,0.125,躲藏 藏身 藏匿 隐蔽 隐藏 躲 隐身 埋伏,躲 隐藏 隐身 埋伏 藏匿 躲藏 隐蔽 藏身,埋伏 躲 躲藏 藏身 藏匿 隐身 隐藏 隐蔽,躲藏 藏身 藏匿 隐蔽 隐藏 躲 隐身 埋伏
1241,2,0.491409225489416,0.2022782590216893,0.0,基准 标准,标准 基准,基准 标准,基准 标准
1242,3,0.3814952326874253,0.055833324469311885,0.3333333333333333,投资 投 基金,基金 投 投资,投资 投 基金,投资 投 基金
1243,2,0.5114507276102231,0.2111313660660167,0.0,学堂 堂,学堂 堂,堂 学堂,学堂 堂
1244,4,0.4108614509061154,0.011647566405415755,0.5,防火墙 防护 防盗 堡垒,堡垒 防盗 防护 防火墙,防护 防盗 防火墙 堡垒,防火墙 防护 防盗 堡垒
1245,4,0.4745198416482855,0.08762339029765823,0.25,拦 挡 堵 截,截 挡 堵 拦,堵 截 拦 挡,拦 挡 堵 截
1246,14,0.4308048406379363,0.08600067917705244,0.2857142857142857,铝 铜 铅 金属 锡 塑料 玻璃 钢 非金属 橡胶 陶瓷 水泥,银 塑料 陶瓷 水泥 铁 钢 非金属 橡胶,塑料 金属 陶瓷 锡 钢 银 铝 铜 铅 铁 玻璃 水泥,铝 铜 铅 金属 锡 塑料 玻璃 钢 非金属 橡胶 陶瓷 水泥 铁 银
1247,3,0.4343485349960084,0.08386620633219803,0.0,瓦 塔 格,格 塔 瓦,塔 瓦 格,瓦 塔 格
1248,4,0.5029785061123352,0.08807285440476889,0.25,核对 核实 填写 查询,查询 填写 核对 核实,查询 核实 核对 填写,核对 核实 填写 查询
1249,6,0.43664318380533546,-0.05617941588689259,0.6666666666666666,弥补 补救 挽回 补偿 填补 损失,填补 损失 补救 补偿 挽回 弥补,补偿 补救 挽回 弥补 填补 损失,弥补 补救 挽回 补偿 填补 损失
1250,1,,0.0,0.0,境内,境内,境内,境内
1251,3,0.5557762420815633,0.213845847755746,0.0,振作 振奋 士气,振奋 士气 振作,振作 振奋 士气,振作 振奋 士气
1252,3,0.4491543731940301,0.0394066334920319,0.0,瘦 肥 壮,壮 瘦 肥,壮 瘦 肥,瘦 肥 壮
1253,2,0.4934696940320582,0.13599033375284875,0.0,壮胆 敲边鼓,壮胆 敲边鼓,壮胆 敲边鼓,壮胆 敲边鼓
1254,4,0.43892940047016055,0.11532823479812242,0.0,贝壳 海藻 海绵 壳,壳 海藻 海绵 贝壳,壳 海绵 贝壳 海藻,贝壳 海藻 海绵 壳
1255,2,0.5026009845558561,0.16478679139457192,0.0,此处 处,此处 处,处 此处,此处 处
1256,6,0.508634013317546,0.13448216471567742,0.16666666666666666,处在 处于 陷入 步入 进入 面临,陷入 面临 进入 处在 步入 处于,进入 面临 步入 处于 处在 陷入,处在 处于 陷入 步入 进入 面临
1257,2,0.6441766242949168,0.44366356370070714,0.0,处置 处理,处置 处理,处置 处理,处置 处理
1258,4,0.39694920213690527,0.019384046404402548,0.75,复原 复制 还原 复活,还原 复制 复活 复原,还原 复活 复制 复原,复原 复制 还原 复活
1259,1,,0.0,0.0,复合,复合,复合,复合
1260,2,0.5241574637938059,0.21763792993926806,0.0,外卖 打车,打车 外卖,打车 外卖,外卖 打车
1261,7,0.5501285692028179,0.2059554519807498,0.0,外形 形状 造型 外观 线条 轮廓 酷似,酷似 外观 线条 轮廓 形状 外形 造型,轮廓 线条 酷似 外观 造型 形状 外形,外形 形状 造型 外观 线条 轮廓 酷似
1262,1,,0.0,0.0,多劳多得,多劳多得,多劳多得,多劳多得
1263,5,0.39644679356043744,0.04086198538882481,0.2,数字 虚拟 多媒体 数码 实体,实体 多媒体 数码 虚拟 数字,数字 实体 数码 虚拟 多媒体,数字 虚拟 多媒体 数码 实体
1264,1,,0.0,0.0,多心,多心,多心,多心
1265,1,,0.0,0.0,多边,多边,多边,多边
1266,7,0.5372769193194461,0.18322251829268404,0.14285714285714285,通宵 彻夜 日夜 夜以继日 昼夜 废寝忘食 熬夜,熬夜 通宵 废寝忘食 夜以继日 日夜 昼夜 彻夜,彻夜 通宵 废寝忘食 熬夜 夜以继日 昼夜 日夜,通宵 彻夜 日夜 夜以继日 昼夜 废寝忘食 熬夜
1267,3,0.45624554379771315,0.030436107947419244,0.3333333333333333,大 小 高,高 小 大,大 小 高,大 小 高
1268,1,,0.0,0.0,大包大揽,大包大揽,大包大揽,大包大揽
1269,1,,0.0,0.0,大大,大大,大大,大大
1270,2,0.4248021323384481,-0.06965555780148645,1.0,岂有此理 大惊小怪,大惊小怪 岂有此理,岂有此理 大惊小怪,岂有此理 大惊小怪
1271,3,0.4983203694119897,0.10782830608230913,0.0,得意扬扬 大模大样 连滚带爬,连滚带爬 得意扬扬 大模大样,大模大样 得意扬扬 连滚带爬,得意扬扬 大模大样 连滚带爬
1272,4,0.4448256928815417,0.08151995392478777,0.25,巨额 大笔 资金 资本,资本 资金 巨额 大笔,资本 大笔 资金 巨额,巨额 大笔 资金 资本
1273,3,0.45645135951227395,0.16919669514469862,0.0,大面积 大规模 局部,局部 大规模 大面积,大规模 大面积 局部,大面积 大规模 局部
1274,4,0.439325340729182,0.041524275049878434,0.25,大门 扇 门 窗口,窗口 扇 大门 门,扇 窗口 门 大门,大门 扇 门 窗口
1275,1,,0.0,0.0,大陆,大陆,大陆,大陆
1276,2,0.48962657553973266,0.1694667353398933,0.0,天下 天地,天下 天地,天地 天下,天下 天地
1277,2,0.48196030376613264,0.16454152068725864,0.0,天平 秤,秤 天平,秤 天平,天平 秤
1278,2,0.4821603609873626,0.13289088547009853,0.0,航海 天文,航海 天文,航海 天文,航海 天文
1279,10,0.4586343100008979,0.03912828072820415,0.3,燃气 天然气 煤气 燃料 汽油 燃油 煤 管道 油 气,气 油 管道 煤气 煤 燃气 燃料 燃油,煤 气 油 管道 汽油 燃油 燃气 燃料 天然气 煤气,燃气 天然气 煤气 燃料 汽油 燃油 煤 管道 油 气
1280,2,0.4280519359504211,0.012381875764962268,0.5,爱 天长地久,爱 天长地久,爱 天长地久,爱 天长地久
1281,2,0.5086722061089957,0.18802531619836454,0.0,太平 平安,平安 太平,太平 平安,太平 平安
1282,6,0.5336505889397001,0.17546461921160442,0.3333333333333333,孤独 孤单 寂寞 忧郁 孤零零 失恋,孤零零 失恋 忧郁 寂寞 孤单 孤独,孤零零 寂寞 忧郁 孤单 失恋 孤独,孤独 孤单 寂寞 忧郁 孤零零 失恋
1283,3,0.495407897855183,0.12759181583964607,0.0,失控 失灵 紊乱,紊乱 失灵 失控,紊乱 失灵 失控,失控 失灵 紊乱
1284,7,0.5427041613302891,0.17445758779681575,0.14285714285714285,过错 错误 过失 失误 疏忽 差错 错,疏忽 错 差错 过失 错误 失误 过错,疏忽 失误 错 错误 过错 差错 过失,过错 错误 过失 失误 疏忽 差错 错
1285,2,0.4471575570972499,0.10470887408341686,0.0,杀手 头号,杀手 头号,杀手 头号,杀手 头号
1286,1,,0.0,0.0,头部,头部,头部,头部
1287,8,0.4595267161495419,0.052113886954807856,0.25,误解 混淆 误导 歪曲 误会 夸大 误 颠倒,误 夸大 误会 歪曲 颠倒 误导 误解 混淆,误导 误会 颠倒 误 歪曲 误解 夸大 混淆,误解 混淆 误导 歪曲 误会 夸大 误 颠倒
1288,5,0.45067706690159,0.0005521685709685171,0.4,搞笑 滑稽 无聊 有意思 夸张,无聊 有意思 夸张 滑稽 搞笑,无聊 滑稽 搞笑 有意思 夸张,搞笑 滑稽 无聊 有意思 夸张
1289,2,0.4422427568846329,0.10093155128454762,0.0,辞 奏,辞 奏,奏 辞,辞 奏
1290,5,0.48535303656623724,0.08250198344463466,0.2,见效 奏效 效果 疗效 管用,疗效 管用 效果 奏效 见效,疗效 奏效 效果 管用 见效,见效 奏效 效果 疗效 管用
1291,4,0.5965601229272549,0.3046909390526058,0.0,机遇 契机 机会 时机,时机 机会 契机 机遇,时机 机会 契机 机遇,机遇 契机 机会 时机
1292,8,0.43865619710501036,-0.0023389138352508006,0.375,跑 跳 爬 走 窜 溜 奔 输,输 溜 窜 爬 奔 跳 走 跑,奔 窜 爬 溜 跳 跑 走 输,跑 跳 爬 走 窜 溜 奔 输
1293,5,0.4933298669029217,0.103484659510817,0.2,追赶 追逐 追 奔跑 赶,赶 奔跑 追 追赶 追逐,追逐 追赶 赶 追 奔跑,追赶 追逐 追 奔跑 赶
1294,16,0.4632455503204647,0.044754642084611884,0.375,奖金 工资 津贴 退休金 薪水 生活费 报酬 补助 待遇 补贴 奖励 福利,退休金 年薪 小费 生活费 奖学金 奖励 报酬 抚恤,补助 年薪 退休金 工资 奖金 薪水 小费 待遇 津贴 补贴 福利 奖励,奖金 工资 津贴 退休金 薪水 生活费 报酬 补助 待遇 补贴 奖励 福利 抚恤 奖学金 年薪 小费
1295,2,0.44340402756592545,0.06456362953115752,0.0,套餐 自助,套餐 自助,套餐 自助,套餐 自助
1296,4,0.5260852337319281,0.22754665583123318,0.0,豪华 奢侈 高档 尊贵,尊贵 高档 奢侈 豪华,豪华 尊贵 奢侈 高档,豪华 奢侈 高档 尊贵
1297,9,0.4606724989929736,0.01782163825341182,0.4444444444444444,谜团 谜 谜底 玄机 隐情 奥秘 疑点 真相 悬念,真相 疑点 谜底 奥秘 悬念 隐情 玄机 谜,玄机 真相 谜底 谜团 谜 悬念 疑点 奥秘 隐情,谜团 谜 谜底 玄机 隐情 奥秘 疑点 真相 悬念
1298,21,0.4941522498116262,0.04181346950862992,0.3333333333333333,女生 男人 女孩儿 男生 女人 女子 少女 女性 男士 女 男 男孩儿,她们 胖子 男性 男生 妇女 男人 女人 女生,胖子 女 男 帅哥 男生 男性 妇女 男士 男女 男子 美女 男人,女生 男人 女孩儿 男生 女人 女子 少女 女性 男士 女 男 男孩儿 男子 小伙子 男性 美女 男女 帅哥 妇女 她们 胖子
1299,5,0.5010694211003125,0.09533780416197256,0.2,好心人 好心 热心 路人 好人,路人 好人 热心 好心 好心人,热心 好心人 好人 好心 路人,好心人 好心 热心 路人 好人
1300,4,0.51199041415371,0.10352431163454659,0.0,殷勤 礼貌 好意 好客,好意 礼貌 好客 殷勤,礼貌 好意 好客 殷勤,殷勤 礼貌 好意 好客
1301,9,0.5160173648382317,0.18008131805469194,0.1111111111111111,眼下 目前 当前 当下 如今 当今 现在 近年来 迄今为止,迄今为止 近年来 如今 现在 当今 当下 眼下 目前,现在 当下 当今 当前 迄今为止 目前 眼下 如今 近年来,眼下 目前 当前 当下 如今 当今 现在 近年来 迄今为止
1302,4,0.6177303099661933,0.34749729128526974,0.0,这样 这么 如此 那样,那样 如此 这么 这样,如此 那样 这样 这么,这样 这么 如此 那样
1303,1,,0.0,0.0,妥,妥,妥,妥
1304,4,0.5079080316938006,0.10780073903889247,0.0,慎重 稳妥 谨慎 妥善,谨慎 妥善 稳妥 慎重,稳妥 妥善 慎重 谨慎,慎重 稳妥 谨慎 妥善
1305,1,,0.0,0.0,姓,姓,姓,姓
1306,4,0.44135961388851314,-0.0208794632404176,0.5,样子 架势 姿态 样,样 姿态 架势 样子,样 姿态 样子 架势,样子 架势 姿态 样
1307,11,0.49822794394107833,0.10079799210594946,0.09090909090909091,韵味 气质 气派 风范 风采 风貌 气息 气势 风格 情调 威风,威风 韵味 情调 风貌 气质 气息 气势 风格,情调 气势 气息 气派 韵味 威风 风格 风采 风范 风貌 气质,韵味 气质 气派 风范 风采 风貌 气息 气势 风格 情调 威风
1308,3,0.4442419341747115,0.0933353908243985,0.3333333333333333,舆论 媒体 社会,社会 媒体 舆论,媒体 舆论 社会,舆论 媒体 社会
1309,4,0.4788747506576603,0.09083826723634408,0.0,怕 惹 得罪 嫌,怕 得罪 嫌 惹,得罪 嫌 怕 惹,怕 惹 得罪 嫌
1310,1,,0.0,0.0,子弟,子弟,子弟,子弟
1311,2,0.5180328666421853,0.2107391052312197,0.0,存在 存,存在 存,存 存在,存在 存
1312,4,0.5198482610631184,0.06689783148985891,0.25,孝敬 孝顺 节俭 感恩,节俭 感恩 孝顺 孝敬,孝顺 孝敬 感恩 节俭,孝敬 孝顺 节俭 感恩
1313,8,0.5069377515476258,0.16525439091216787,0.0,收养 抚养 领养 赡养 孤儿 抚养费 收留 生育,生育 收留 抚养费 孤儿 赡养 领养 抚养 收养,生育 收留 抚养费 收养 赡养 领养 抚养 孤儿,收养 抚养 领养 赡养 孤儿 抚养费 收留 生育
1314,1,,0.0,0.0,孤陋寡闻,孤陋寡闻,孤陋寡闻,孤陋寡闻
1315,1,,0.0,0.0,学会,学会,学会,学会
1316,1,,0.0,0.0,孪生,孪生,孪生,孪生
1317,3,0.41136019832797893,0.06127229962206737,0.0,筑 造 守,守 造 筑,守 筑 造,筑 造 守
1318,5,0.5325021552830156,0.1372506141524911,0.2,等待 等候 待 等到 守候,等候 守候 等到 待 等待,待 等候 等到 等待 守候,等待 等候 待 等到 守候
1319,3,0.31743596289200426,-0.05631991843904057,0.6666666666666666,金 黄金 安,安 黄金 金,安 黄金 金,金 黄金 安
1320,3,0.3949539778898555,-0.007905258716923377,0.6666666666666666,安抚 疏导 慰劳,慰劳 疏导 安抚,疏导 安抚 慰劳,安抚 疏导 慰劳
1321,2,0.4270985255660307,0.08650195295813794,0.0,安排 部署,安排 部署,部署 安排,安排 部署
1322,3,0.5447780952991884,0.2059755755196592,0.0,登机 安检 行李,行李 安检 登机,行李 安检 登机,登机 安检 行李
1323,5,0.46177988688303984,0.0932044341236428,0.2,疏散 避难 撤离 逃生 安置,安置 逃生 避难 撤离 疏散,撤离 疏散 逃生 安置 避难,疏散 避难 撤离 逃生 安置
1324,3,0.42377734419116325,0.08421122541879217,0.0,完毕 完成 过半,过半 完成 完毕,完成 完毕 过半,完毕 完成 过半
1325,3,0.3987774018722077,-0.030075756349053028,0.6666666666666666,庄严 宣誓 宏大,宏大 宣誓 庄严,宣誓 宏大 庄严,庄严 宣誓 宏大
1326,3,0.4986140944871136,0.22201424670724157,0.0,微观 宏观 广义,广义 微观 宏观,微观 宏观 广义,微观 宏观 广义
1327,1,,0.0,0.0,宗,宗,宗,宗
1328,1,,0.0,0.0,官,官,官,官
1329,1,,0.0,0.0,定向,定向,定向,定向
1330,10,0.4344409012184497,0.018871747593015582,0.4,迁移 搬迁 迁 搬 搬家 定居 移民 移 落户 撤,移 撤 移民 搬家 落户 搬 搬迁 定居,搬家 移 搬 撤 移民 落户 定居 迁 搬迁 迁移,迁移 搬迁 迁 搬 搬家 定居 移民 移 落户 撤
1331,1,,0.0,0.0,定心丸,定心丸,定心丸,定心丸
1332,1,,0.0,0.0,宝,宝,宝,宝
1333,3,0.5300022980983392,0.22328651521777151,0.0,宝库 宝藏 遗产,遗产 宝藏 宝库,宝藏 遗产 宝库,宝库 宝藏 遗产
1334,8,0.48179669533575087,0.13332110288747032,0.125,宝石 钻石 珍珠 水晶 珠宝 戒指 玉 金子,戒指 金子 玉 水晶 珠宝 珍珠 钻石 宝石,玉 金子 戒指 钻石 水晶 珠宝 宝石 珍珠,宝石 钻石 珍珠 水晶 珠宝 戒指 玉 金子
1335,2,0.4530879087463662,0.11484735453482278,0.0,纪实 实况,实况 纪实,实况 纪实,纪实 实况
1336,6,0.438131434230474,0.029137111923938933,0.5,真心 真 当真 实在 真正 诚意,诚意 实在 当真 真正 真心 真,诚意 实在 真正 真 真心 当真,真心 真 当真 实在 真正 诚意
1337,4,0.4293902811427004,0.03834438035185831,0.0,真实 现实 实际 实物,实物 现实 真实 实际,实物 真实 现实 实际,真实 现实 实际 实物
1338,4,0.40750589029141165,-0.01840983151125912,0.5,常用 实用 有用 用法,有用 用法 实用 常用,实用 用法 有用 常用,常用 实用 有用 用法
1339,2,0.6226111667047263,0.34465973534473554,0.0,实话实说 说老实话,实话实说 说老实话,实话实说 说老实话,实话实说 说老实话
1340,5,0.4700737072390435,0.0357901279946368,0.2,探索 摸索 尝试 实践 试点,试点 实践 尝试 摸索 探索,尝试 探索 摸索 试点 实践,探索 摸索 尝试 实践 试点
1341,5,0.47132476267744466,0.09749840898779091,0.2,恩惠 恩赐 恩人 报答 宠爱,宠爱 恩人 报答 恩赐 恩惠,恩赐 宠爱 报答 恩惠 恩人,恩惠 恩赐 恩人 报答 宠爱
1342,4,0.34766759716367623,-0.026126189486746658,0.5,验 审 裁 证,证 裁 审 验,审 验 裁 证,验 审 裁 证
1343,10,0.4589679518066035,0.07646025488612791,0.3,评定 评审 评估 鉴定 验收 审定 认定 评价 认证 考核,认证 认定 考核 评价 鉴定 验收 审定 评估,审定 验收 考核 评价 评估 评审 评定 鉴定 认证 认定,评定 评审 评估 鉴定 验收 审定 认定 评价 认证 考核
1344,5,0.5038072152662065,0.14804062386954334,0.2,客人 招待 贵宾 来宾 接待,接待 来宾 招待 客人 贵宾,贵宾 客人 招待 接待 来宾,客人 招待 贵宾 来宾 接待
1345,12,0.48486100701403945,0.10711287678813812,0.16666666666666666,飞机 客机 飞行 降落 飞行员 直升机 起飞 空军 跳伞 航空 空中 机场,机场 空中 跳伞 空军 飞行 航空 起飞 降落,机场 直升机 飞行员 空军 空中 起飞 航空 飞机 降落 客机 飞行 跳伞,飞机 客机 飞行 降落 飞行员 直升机 起飞 空军 跳伞 航空 空中 机场
1346,5,0.435301563275439,0.041965335718996875,0.4,高峰 高峰期 时段 客流 阶段,客流 阶段 时段 高峰期 高峰,时段 高峰期 客流 阶段 高峰,高峰 高峰期 时段 客流 阶段
1347,7,0.5151684183607208,0.14689154111724104,0.0,宫殿 皇宫 教堂 宫 清真寺 宫廷 殿堂,宫廷 教堂 殿堂 清真寺 宫 皇宫 宫殿,宫 殿堂 皇宫 清真寺 宫殿 教堂 宫廷,宫殿 皇宫 教堂 宫 清真寺 宫廷 殿堂
1348,1,,0.0,0.0,宰,宰,宰,宰
1349,3,0.4783911979758839,0.09970746440450044,0.3333333333333333,犯 罪 害,害 犯 罪,害 罪 犯,犯 罪 害
1350,5,0.5401495247793509,0.18728005602778394,0.0,文具 用品 家具 玩具 物品,物品 玩具 家具 用品 文具,物品 用品 玩具 家具 文具,文具 用品 家具 玩具 物品
1351,2,0.4370500627232894,0.05573145299010693,0.0,户 家庭,家庭 户,户 家庭,户 家庭
1352,2,0.4591284818259498,0.07805266906269867,0.0,水灵灵 容光焕发,容光焕发 水灵灵,容光焕发 水灵灵,水灵灵 容光焕发
1353,13,0.5064070317480994,0.15353336288623956,0.0,宽阔 宽广 开阔 狭窄 窄 宽敞 平坦 广阔 狭小 宽 辽阔 阔,宽 陡 狭小 辽阔 广阔 窄 宽敞 阔,开阔 宽 窄 宽广 宽敞 辽阔 阔 陡 宽阔 广阔 狭窄 平坦,宽阔 宽广 开阔 狭窄 窄 宽敞 平坦 广阔 狭小 宽 辽阔 阔 陡
1354,7,0.4589569245828341,0.10586034369814531,0.0,放松 宽松 紧缩 紧 松弛 松 松绑,松弛 松绑 紧缩 紧 松 放松 宽松,松弛 紧 松 宽松 放松 松绑 紧缩,放松 宽松 紧缩 紧 松弛 松 松绑
1355,5,0.4601448112385674,0.06753759433667297,0.2,范围 范畴 宽泛 广泛 局限,局限 范畴 广泛 宽泛 范围,宽泛 局限 范畴 广泛 范围,范围 范畴 宽泛 广泛 局限
1356,7,0.45859050124866196,0.022067671995369898,0.42857142857142855,捎 寄 送 递 抱 接 揽,揽 送 递 抱 接 寄 捎,寄 抱 捎 揽 接 送 递,捎 寄 送 递 抱 接 揽
1357,2,0.4830780092158975,0.15287604599794255,0.0,寄托 托付,寄托 托付,寄托 托付,寄托 托付
1358,3,0.47885873955592895,0.19047578205112414,0.0,稠密 密集 密,密 密集 稠密,稠密 密 密集,稠密 密集 密
1359,6,0.4560962001670724,0.09803879468812797,0.0,息息相关 无关 密不可分 相提并论 格格不入 挂钩,格格不入 密不可分 挂钩 相提并论 无关 息息相关,息息相关 无关 挂钩 格格不入 相提并论 密不可分,息息相关 无关 密不可分 相提并论 格格不入 挂钩
1360,4,0.4200713288457776,0.009658250427654079,0.5,密封 绝缘 阀门 膜,阀门 膜 绝缘 密封,密封 绝缘 膜 阀门,密封 绝缘 阀门 膜
1361,3,0.41709242863986157,0.05518385464850877,0.0,福 富 旺,旺 富 福,富 福 旺,福 富 旺
1362,2,0.5233055241160471,0.18173321649643726,0.0,比比皆是 寥寥无几,寥寥无几 比比皆是,比比皆是 寥寥无几,比比皆是 寥寥无几
1363,1,,0.0,0.0,对,对,对,对
1364,6,0.49369734356827105,0.08855769179815753,0.3333333333333333,应对 对付 面对 应付 对待 对策,对待 对策 面对 对付 应付 应对,对付 对待 对策 面对 应付 应对,应对 对付 面对 应付 对待 对策
1365,6,0.4585751037214243,0.05584120952332646,0.3333333333333333,对准 瞄准 指向 矛头 盯 锁定,锁定 盯 矛头 瞄准 指向 对准,对准 盯 锁定 瞄准 矛头 指向,对准 瞄准 指向 矛头 盯 锁定
1366,2,0.5793634092717952,0.3049316432895639,0.0,对应 相应,对应 相应,对应 相应,对应 相应
1367,2,0.635909130328618,0.4168014976399078,0.0,对比 对照,对比 对照,对比 对照,对比 对照
1368,3,0.4212925572033799,0.042542224192606365,0.0,片段 段 对白,对白 段 片段,对白 段 片段,片段 段 对白
1369,13,0.48561040847613596,0.07615051057773892,0.38461538461538464,寻找 寻觅 寻求 找到 找 寻 探求 搜寻 找出 查找 谋求 求,搜寻 追求 查找 求 找出 谋求 探求 找到,谋求 寻 追求 探求 找 求 寻找 寻求 找到 找出 搜寻 寻觅,寻找 寻觅 寻求 找到 找 寻 探求 搜寻 找出 查找 谋求 求 追求
1370,7,0.4813241950709313,0.10306284608079046,0.14285714285714285,平常 寻常 普通人 普通 常人 平凡 常规,常规 平常 平凡 普通人 常人 寻常 普通,寻常 普通 常人 普通人 常规 平凡 平常,平常 寻常 普通人 普通 常人 平凡 常规
1371,7,0.4491855830225903,0.07300878823735099,0.2857142857142857,景点 景区 旅行社 导游 线路 目的地 游人,游人 导游 目的地 线路 旅行社 景区 景点,游人 目的地 线路 导游 旅行社 景区 景点,景点 景区 旅行社 导游 线路 目的地 游人
1372,3,0.4634551716988768,0.09003702569420628,0.0,长寿 衰老 寿命,衰老 寿命 长寿,寿命 衰老 长寿,长寿 衰老 寿命
1373,2,0.44930503675001665,0.12032733326237757,0.0,板 封,封 板,封 板,板 封
1374,3,0.4676262431262918,0.1540512830958019,0.0,版 改版 封面,封面 改版 版,版 改版 封面,版 改版 封面
1375,1,,0.0,0.0,封顶,封顶,封顶,封顶
1376,3,0.47354780108193656,0.1462760260229389,0.0,投射 折射 射,射 折射 投射,射 折射 投射,投射 折射 射
1377,2,0.7700866274850761,0.6152013457336527,0.0,近 将近,将近 近,近 将近,近 将近
1378,4,0.49977469910741323,0.1517719270551821,0.0,木偶 马戏 魔术 小丑,小丑 魔术 木偶 马戏,小丑 马戏 木偶 魔术,木偶 马戏 魔术 小丑
1379,2,0.4867601704989136,0.14702506187568476,0.0,棋子 小卒,棋子 小卒,小卒 棋子,棋子 小卒
1380,8,0.5634058432402317,0.2612822917137294,0.0,注意 小心 留心 提防 当心 留神 警惕 留意,小心 警惕 留意 注意 当心 留神 留心 提防,当心 小心 注意 警惕 留心 提防 留意 留神,注意 小心 留心 提防 当心 留神 警惕 留意
1381,3,0.4363581318543992,0.10302192817171187,0.0,王 小王 罗,罗 小王 王,罗 王 小王,王 小王 罗
1382,2,0.6033144622437687,0.375404446534722,0.0,离不开 少不了,少不了 离不开,少不了 离不开,离不开 少不了
1383,5,0.5410491593606382,0.23235234246766612,0.0,尚未 未 迟迟 尚 暂,暂 迟迟 尚 尚未 未,迟迟 尚 暂 未 尚未,尚未 未 迟迟 尚 暂
1384,2,0.5318974108880059,0.24535422912238114,0.0,尝 闻,尝 闻,尝 闻,尝 闻
1385,1,,0.0,0.0,尽,尽,尽,尽
1386,2,0.4638368972194238,0.07586317061045833,0.0,尽头 深处,深处 尽头,尽头 深处,尽头 深处
1387,15,0.47526722009865974,0.02148649692017539,0.5333333333333333,自由自在 欢快 快活 愉快 悠闲 痛快 自在 快乐 无忧无虑 怡然自得 酣畅 爽快,尽情 爽快 痛快 快乐 自如 悠闲 自由自在 轻松,欢快 爽快 悠闲 快活 酣畅 痛快 快乐 无忧无虑 尽情 轻松 愉快 怡然自得,自由自在 欢快 快活 愉快 悠闲 痛快 自在 快乐 无忧无虑 怡然自得 酣畅 爽快 轻松 尽情 自如
1388,2,0.44454006085124087,0.08792670292184832,0.0,脱 尿,尿 脱,尿 脱,脱 尿
1389,3,0.41173719491581845,0.05175008044890384,0.3333333333333333,层 底层 层次,层次 底层 层,层 底层 层次,层 底层 层次
1390,1,,0.0,0.0,居高临下,居高临下,居高临下,居高临下
1391,4,0.3931203026442476,0.06253849030771144,0.5,归属 归 属 扣,扣 属 归 归属,属 归 扣 归属,归属 归 属 扣
1392,2,0.4331275810495907,0.075825743887457,0.0,屯 街,街 屯,屯 街,屯 街
1393,3,0.4317235820509693,0.016862821947866858,0.6666666666666666,山寨 抄袭 水货,水货 抄袭 山寨,抄袭 水货 山寨,山寨 抄袭 水货
1394,2,0.5376567931764115,0.1758832894322319,0.0,工作 工作量,工作 工作量,工作量 工作,工作 工作量
1395,1,,0.0,0.0,工作日,工作日,工作日,工作日
1396,2,0.45928782086427034,0.08859648779661525,0.0,工具 道具,道具 工具,道具 工具,工具 道具
1397,2,0.414927521762124,0.058174264446159585,0.0,工商 注册,注册 工商,工商 注册,工商 注册
1398,2,0.4700717092597936,0.1138150731640922,0.0,巨人 猎人,猎人 巨人,猎人 巨人,巨人 猎人
1399,2,0.44719795184442335,0.06488818694757165,0.0,老大 巨头,老大 巨头,巨头 老大,老大 巨头
1400,4,0.4588666428459341,0.0643935251460791,0.0,市场经济 社会主义 改革开放 法制,社会主义 法制 改革开放 市场经济,法制 社会主义 改革开放 市场经济,市场经济 社会主义 改革开放 法制
1401,2,0.4318033895346053,0.0768194653649254,0.0,布局 开拓,布局 开拓,开拓 布局,布局 开拓
1402,4,0.43066563125435936,0.025413219304160746,0.5,布满 遍布 纵横交错 满,满 纵横交错 遍布 布满,满 纵横交错 遍布 布满,布满 遍布 纵横交错 满
1403,1,,0.0,0.0,帆,帆,帆,帆
1404,3,0.475899160974443,0.1382199039310598,0.0,帝国 王国 联邦,联邦 王国 帝国,联邦 帝国 王国,帝国 王国 联邦
1405,2,0.5396260655134174,0.15262267143319203,0.0,带 带有,带 带有,带 带有,带 带有
1406,2,0.5742672354020981,0.33614668276415605,0.0,带头人 骨干,带头人 骨干,带头人 骨干,带头人 骨干
1407,6,0.48277456467783497,0.12779191812602128,0.0,派出 率领 带队 派遣 带领 派,带领 派出 派遣 派 带队 率领,派 派遣 率领 带领 带队 派出,派出 率领 带队 派遣 带领 派
1408,3,0.43724446663684197,0.08796368737109443,0.0,正常 常态 日常,日常 正常 常态,常态 正常 日常,正常 常态 日常
1409,3,0.40376668488670003,0.013824101364865416,0.6666666666666666,程度 高度 幅度,幅度 高度 程度,程度 幅度 高度,程度 高度 幅度
1410,1,,0.0,0.0,幕,幕,幕,幕
1411,2,0.5959969576838082,0.25991847155963854,0.0,背后 幕后,幕后 背后,背后 幕后,背后 幕后
1412,7,0.5107348855837521,0.1101535557041048,0.14285714285714285,活儿 干活儿 干 忙活 挣 能干 活,挣 能干 忙活 活 干活儿 活儿 干,干 干活儿 挣 活 能干 活儿 忙活,活儿 干活儿 干 忙活 挣 能干 活
1413,1,,0.0,0.0,干戈,干戈,干戈,干戈
1414,1,,0.0,0.0,平,平,平,平
1415,4,0.3929489954309546,-0.05824731256508622,0.75,平台 网络 渠道 网,渠道 网络 网 平台,网络 网 渠道 平台,平台 网络 渠道 网
1416,3,0.48247444739367173,0.09310553450712435,0.0,平常心 顺其自然 知足,知足 顺其自然 平常心,顺其自然 知足 平常心,平常心 顺其自然 知足
1417,2,0.5205270984144792,0.19787567447668208,0.0,摆平 平息,平息 摆平,摆平 平息,摆平 平息
1418,6,0.5103016168602532,0.14163355538043404,0.0,浓 清淡 浓重 浓厚 淡 平淡,平淡 淡 浓 浓厚 浓重 清淡,浓 淡 浓重 清淡 浓厚 平淡,浓 清淡 浓重 浓厚 淡 平淡
1419,10,0.4699612152908098,0.05452024256069835,0.2,甜蜜 幸福 浪漫 温馨 美满 欢乐 美好 温暖 蜜月 情人,情人 欢乐 美满 温暖 美好 幸福 蜜月 浪漫,欢乐 蜜月 幸福 甜蜜 美满 浪漫 温馨 美好 温暖 情人,甜蜜 幸福 浪漫 温馨 美满 欢乐 美好 温暖 蜜月 情人
1420,5,0.5156600679905285,0.14957466181526294,0.0,虚幻 幻觉 梦幻 朦胧 幻影,幻觉 朦胧 梦幻 幻影 虚幻,虚幻 幻影 幻觉 朦胧 梦幻,虚幻 幻觉 梦幻 朦胧 幻影
1421,2,0.4205190596527353,0.0511538602331649,0.0,广 深,深 广,广 深,广 深
1422,2,0.4666814524636764,0.14027906676803328,0.0,序 谱,序 谱,序 谱,序 谱
1423,1,,0.0,0.0,库,库,库,库
1424,3,0.3950871308232287,0.05386739503003757,0.3333333333333333,末 期末 底,底 期末 末,底 末 期末,末 期末 底
1425,1,,0.0,0.0,底子,底子,底子,底子
1426,1,,0.0,0.0,底线,底线,底线,底线
1427,1,,0.0,0.0,废墟,废墟,废墟,废墟
1428,1,,0.0,0.0,度,度,度,度
1429,6,0.45900999135591375,-0.013766282402675247,0.6666666666666666,走过 渡过 穿过 越过 度过 走近,渡过 走近 度过 越过 穿过 走过,度过 越过 渡过 穿过 走近 走过,走过 渡过 穿过 越过 度过 走近
1430,5,0.43556061285754,0.049583960374870784,0.0,纵深 深入 延伸 深度 渗透,渗透 深入 延伸 深度 纵深,纵深 延伸 深入 深度 渗透,纵深 深入 延伸 深度 渗透
1431,10,0.4721729727437301,0.06865953836531898,0.3,推迟 拖延 耽误 耽搁 延误 延期 延缓 迟到 延长 错过,迟到 错过 延长 耽误 耽搁 延缓 延期 推迟,延缓 耽搁 延期 迟到 错过 延长 延误 推迟 耽误 拖延,推迟 拖延 耽误 耽搁 延误 延期 延缓 迟到 延长 错过
1432,1,,0.0,0.0,开,开,开,开
1433,3,0.5550458108120694,0.27433251400614095,0.0,开业 开张 营业,营业 开张 开业,营业 开业 开张,开业 开张 营业
1434,7,0.49068928756052155,0.12981543031443094,0.0,研发 研制 攻关 研究 科研 开发 课题,开发 课题 科研 研制 研究 研发 攻关,开发 攻关 研究 课题 研发 研制 科研,研发 研制 攻关 研究 科研 开发 课题
1435,3,0.4094021450838843,-0.07166206908788574,1.0,高新技术 开发区 新兴,高新技术 新兴 开发区,新兴 高新技术 开发区,高新技术 开发区 新兴
1436,5,0.4981170332934391,0.11208047131095127,0.2,开头 结尾 开场白 开场 标题,标题 开场 开场白 结尾 开头,开场 开头 标题 开场白 结尾,开头 结尾 开场白 开场 标题
1437,4,0.43409781081895726,0.06531402825746033,0.25,翻天覆地 惊天动地 开天辟地 颠覆,颠覆 开天辟地 惊天动地 翻天覆地,开天辟地 翻天覆地 惊天动地 颠覆,翻天覆地 惊天动地 开天辟地 颠覆
1438,3,0.3669216996267018,-0.06637691117219678,0.6666666666666666,开始 起 重新,重新 起 开始,重新 开始 起,开始 起 重新
1439,12,0.4794562932299855,0.08040833975031955,0.25,支出 开支 费用 开销 经费 预算 收支 花费 费 收入 成本 赤字,花费 收入 成本 费 赤字 预算 经费 收支,开销 赤字 开支 经费 收支 收入 花费 成本 费 支出 费用 预算,支出 开支 费用 开销 经费 预算 收支 花费 费 收入 成本 赤字
1440,4,0.43166232426978324,0.047518574352716614,0.25,敞开 打开 推开 开放,打开 推开 开放 敞开,开放 敞开 推开 打开,敞开 打开 推开 开放
1441,1,,0.0,0.0,开机,开机,开机,开机
1442,2,0.6291810285777782,0.30102743379492447,0.0,开玩笑 闹着玩儿,闹着玩儿 开玩笑,闹着玩儿 开玩笑,开玩笑 闹着玩儿
1443,2,0.48859424874998636,0.1359114748139995,0.0,开通 通,开通 通,开通 通,开通 通
1444,1,,0.0,0.0,异性,异性,异性,异性
1445,1,,0.0,0.0,异议,异议,异议,异议
1446,5,0.45176434155371004,0.046374767789501434,0.2,放 搁 放到 弄 摆,摆 放到 弄 放 搁,弄 摆 搁 放 放到,放 搁 放到 弄 摆
1447,3,0.40550488637389465,0.04607234951763157,0.3333333333333333,新式 式 简易,简易 新式 式,式 简易 新式,新式 式 简易
1448,5,0.5435814819434988,0.1206605714712696,0.2,引人注目 显眼 醒目 抢眼 瞩目,醒目 抢眼 瞩目 显眼 引人注目,抢眼 显眼 瞩目 醒目 引人注目,引人注目 显眼 醒目 抢眼 瞩目
1449,4,0.46637832749561187,0.15546578454968918,0.0,引入 引进 注入 融入,注入 融入 引进 引入,引进 融入 引入 注入,引入 引进 注入 融入
1450,3,0.40982189725038337,0.026402832347089802,0.3333333333333333,转载 引用 投稿,投稿 引用 转载,转载 引用 投稿,转载 引用 投稿
1451,6,0.4686682420387575,0.028634386266710995,0.5,引诱 诱饵 迷惑 诱惑 陷阱 掩护,诱惑 掩护 陷阱 迷惑 诱饵 引诱,诱惑 引诱 迷惑 诱饵 掩护 陷阱,引诱 诱饵 迷惑 诱惑 陷阱 掩护
1452,1,,0.0,0.0,张扬,张扬,张扬,张扬
1453,12,0.5003473692093148,0.11208549413338224,0.16666666666666666,鞭炮 爆竹 焰火 烟花 烟火 燃放 蜡烛 香烟 灯笼 火柴 烟 张灯结彩,张灯结彩 灯笼 烟 火柴 香烟 蜡烛 烟火 燃放,烟 张灯结彩 烟火 烟花 蜡烛 香烟 火柴 焰火 燃放 爆竹 灯笼 鞭炮,鞭炮 爆竹 焰火 烟花 烟火 燃放 蜡烛 香烟 灯笼 火柴 烟 张灯结彩
1454,3,0.4675925403976855,0.10296178416302011,0.3333333333333333,韧性 弹性 耐性,耐性 弹性 韧性,弹性 韧性 耐性,韧性 弹性 耐性
1455,3,0.520570151857204,0.17956043589948326,0.0,强加 灌输 施加,施加 灌输 强加,强加 施加 灌输,强加 灌输 施加
1456,2,0.46051449575560577,0.06957678943137705,0.0,强硬 表态,强硬 表态,强硬 表态,强硬 表态
1457,3,0.5202885344842864,0.2128534387777372,0.0,拿手 擅长 强项,擅长 强项 拿手,拿手 擅长 强项,拿手 擅长 强项
1458,7,0.423934155563545,0.03210455369323207,0.2857142857142857,归纳 总结 梳理 解析 解读 整理 归结,归结 解读 整理 解析 归纳 总结 梳理,总结 解析 整理 归纳 归结 解读 梳理,归纳 总结 梳理 解析 解读 整理 归结
1459,4,0.5774399699070111,0.2192251574442207,0.0,当众 当面 当着 当场,当面 当场 当着 当众,当面 当众 当场 当着,当众 当面 当着 当场
1460,3,0.38499623067338845,-0.036810937121035496,0.6666666666666666,要紧 讲究 当务之急,讲究 当务之急 要紧,要紧 当务之急 讲究,要紧 讲究 当务之急
1461,8,0.47491681720202433,0.08319855350601318,0.125,相识 朝夕相处 相依为命 相遇 萍水相逢 相伴 素不相识 形影不离,相伴 素不相识 形影不离 朝夕相处 相遇 萍水相逢 相依为命 相识,形影不离 相依为命 相遇 相识 朝夕相处 相伴 素不相识 萍水相逢,相识 朝夕相处 相依为命 相遇 萍水相逢 相伴 素不相识 形影不离
1462,4,0.5030553796080315,0.1535157828961749,0.25,彩色 黑白 色彩 荧光,荧光 色彩 黑白 彩色,色彩 彩色 黑白 荧光,彩色 黑白 色彩 荧光
1463,7,0.460318534377694,0.07149755612532478,0.14285714285714285,脚印 足迹 脚步 痕迹 身影 轨迹 影子,脚步 痕迹 轨迹 身影 影子 脚印 足迹,痕迹 脚印 脚步 足迹 影子 轨迹 身影,脚印 足迹 脚步 痕迹 身影 轨迹 影子
1464,4,0.5054645320846752,0.12031078786366023,0.25,往返 趟 来回 直达,直达 来回 趟 往返,直达 趟 来回 往返,往返 趟 来回 直达
1465,1,,0.0,0.0,征,征,征,征
1466,3,0.6426757251728478,0.3829499736914946,0.0,缓缓 徐徐 慢慢,慢慢 缓缓 徐徐,徐徐 慢慢 缓缓,缓缓 徐徐 慢慢
1467,7,0.5076826185331905,0.13120700138048633,0.2857142857142857,步行 骑车 徒步 行走 走路 骑 绕行,绕行 骑 走路 徒步 骑车 行走 步行,绕行 步行 骑 徒步 行走 骑车 走路,步行 骑车 徒步 行走 走路 骑 绕行
1468,3,0.4289506242230369,0.013356901223635517,0.6666666666666666,得 起来 得了,起来 得了 得,得 得了 起来,得 起来 得了
1469,3,0.44396716012871784,0.03253369816646411,0.3333333333333333,晃荡 空荡荡 徘徊,空荡荡 徘徊 晃荡,空荡荡 徘徊 晃荡,晃荡 空荡荡 徘徊
1470,3,0.40429296859005676,-0.00800821116196363,0.6666666666666666,循序渐进 慢慢来 有序,有序 慢慢来 循序渐进,有序 循序渐进 慢慢来,循序渐进 慢慢来 有序
1471,3,0.4120191128478352,0.030082797980128247,0.6666666666666666,细微 细节 微弱,微弱 细节 细微,细微 微弱 细节,细微 细节 微弱
1472,6,0.49838651336562273,0.03245228896717774,0.16666666666666666,心事 心意 心思 心愿 心 心病,心愿 心思 心 心病 心事 心意,心 心意 心愿 心思 心病 心事,心事 心意 心思 心愿 心 心病
1473,5,0.5657938766662958,0.25645150220728397,0.0,心中 心里 脑海 眼里 心目,心里 眼里 脑海 心目 心中,眼里 心目 心中 心里 脑海,心中 心里 脑海 眼里 心目
1474,7,0.530140473266637,0.1682095449331628,0.14285714285714285,秘诀 诀窍 窍门 绝招 秘方 要领 心得,绝招 秘方 心得 要领 窍门 诀窍 秘诀,绝招 诀窍 心得 窍门 秘方 秘诀 要领,秘诀 诀窍 窍门 绝招 秘方 要领 心得
1475,5,0.5379762863319538,0.0833630484813699,0.2,情绪 气氛 氛围 心态 心情,氛围 心情 心态 情绪 气氛,心态 心情 气氛 氛围 情绪,情绪 气氛 氛围 心态 心情
1476,4,0.47794881264145817,0.03572265933273446,0.25,慌 急 忙 心急如焚,忙 心急如焚 慌 急,忙 急 慌 心急如焚,慌 急 忙 心急如焚
1477,1,,0.0,0.0,心爱,心爱,心爱,心爱
1478,4,0.5056653553604772,0.10277821954481997,0.25,脑子 脑筋 心眼儿 胆子,胆子 心眼儿 脑筋 脑子,胆子 心眼儿 脑子 脑筋,脑子 脑筋 心眼儿 胆子
1479,8,0.4884121524083292,0.1032533461813422,0.375,眼光 视野 目光 视线 眼界 视角 心胸 注视,注视 视角 心胸 眼界 目光 视线 眼光 视野,注视 视线 眼界 目光 眼光 视角 视野 心胸,眼光 视野 目光 视线 眼界 视角 心胸 注视
1480,2,0.5679959051131251,0.2962928412189197,0.0,必需 必要,必需 必要,必要 必需,必需 必要
1481,4,0.5337970589880924,0.19709019510698816,0.0,禁忌 忌讳 忌 忌口,忌口 忌讳 忌 禁忌,禁忌 忌讳 忌 忌口,禁忌 忌讳 忌 忌口
1482,3,0.6380264769125866,0.3185193738934469,0.0,忍耐 忍受 忍,忍耐 忍受 忍,忍 忍受 忍耐,忍耐 忍受 忍
1483,2,0.4400020188116628,0.0050779901694370105,0.5,志愿 报名,报名 志愿,报名 志愿,志愿 报名
1484,12,0.4930503379390719,0.07943663099252335,0.08333333333333333,忘记 记住 铭记 忘掉 忘不了 忘 难忘 记得 遗忘 牢记 记忆 记忆犹新,忘不了 记忆犹新 记忆 记得 忘掉 难忘 遗忘 牢记,忘掉 忘 忘不了 铭记 遗忘 记得 记忆 记住 牢记 记忆犹新 难忘 忘记,忘记 记住 铭记 忘掉 忘不了 忘 难忘 记得 遗忘 牢记 记忆 记忆犹新
1485,2,0.6035515667622016,0.33857311424498066,0.0,忠实 忠于,忠于 忠实,忠实 忠于,忠实 忠于
1486,8,0.5788042709361001,0.2082267006362266,0.125,担忧 疑虑 忧虑 顾虑 担心 怀疑 疑问 恐慌,疑问 恐慌 怀疑 顾虑 担心 忧虑 疑虑 担忧,忧虑 恐慌 怀疑 顾虑 担心 担忧 疑问 疑虑,担忧 疑虑 忧虑 顾虑 担心 怀疑 疑问 恐慌
1487,5,0.42985648506010926,0.04378075003294248,0.2,慢 迟 快 缓 歇,歇 迟 缓 快 慢,快 缓 慢 歇 迟,慢 迟 快 缓 歇
1488,9,0.5687079262443897,0.18414549823514137,0.1111111111111111,挂念 想念 怀念 思念 牵挂 惦记 留恋 念念不忘 恨,恨 留恋 念念不忘 思念 惦记 牵挂 怀念 想念,牵挂 挂念 恨 思念 念念不忘 想念 怀念 留恋 惦记,挂念 想念 怀念 思念 牵挂 惦记 留恋 念念不忘 恨
1489,2,0.4806205585227674,0.1312846415767267,0.0,时好时坏 忽高忽低,忽高忽低 时好时坏,忽高忽低 时好时坏,时好时坏 忽高忽低
1490,5,0.5434373478902492,0.2092638483349718,0.0,时髦 时尚 潮流 新潮 怀旧,怀旧 时髦 潮流 时尚 新潮,时尚 潮流 新潮 时髦 怀旧,时髦 时尚 潮流 新潮 怀旧
1491,2,0.7674631469223572,0.615937898356099,0.0,满怀 怀着,怀着 满怀,怀着 满怀,满怀 怀着
1492,9,0.5015006943377576,0.07436698431515228,0.4444444444444444,看法 观点 见解 想法 立场 说法 态度 言论 意见,想法 态度 意见 言论 立场 说法 见解 观点,看法 立场 言论 想法 观点 态度 说法 意见 见解,看法 观点 见解 想法 立场 说法 态度 言论 意见
1493,7,0.5369146161546056,0.22534720208329598,0.0,示威 抗议 罢工 游行 骚乱 怠工 闹事,闹事 怠工 骚乱 抗议 罢工 游行 示威,闹事 罢工 示威 游行 抗议 骚乱 怠工,示威 抗议 罢工 游行 骚乱 怠工 闹事
1494,1,,0.0,0.0,总,总,总,总
1495,1,,0.0,0.0,总部,总部,总部,总部
1496,3,0.42087900418918095,-0.002609406132348215,0.6666666666666666,恶性 良性 恶意,良性 恶意 恶性,良性 恶意 恶性,恶性 良性 恶意
1497,3,0.5267386244121768,0.12651998244277066,0.3333333333333333,消极 负面 悲观,悲观 消极 负面,消极 负面 悲观,消极 负面 悲观
1498,4,0.4806461701315019,0.1092329280923145,0.0,惨重 重创 遭殃 雪上加霜,雪上加霜 遭殃 惨重 重创,重创 雪上加霜 惨重 遭殃,惨重 重创 遭殃 雪上加霜
1499,1,,0.0,0.0,惯性,惯性,惯性,惯性
1500,6,0.4789471294598646,0.0988900681877719,0.0,盛行 流行 泛滥 蔓延 流传 愈演愈烈,蔓延 流传 流行 愈演愈烈 泛滥 盛行,流行 愈演愈烈 流传 泛滥 盛行 蔓延,盛行 流行 泛滥 蔓延 流传 愈演愈烈
1501,4,0.49588393706268236,0.12609076416349513,0.0,意愿 积极性 热情 意向,热情 意向 积极性 意愿,热情 积极性 意向 意愿,意愿 积极性 热情 意向
1502,1,,0.0,0.0,意味着,意味着,意味着,意味着
1503,1,,0.0,0.0,愚公移山,愚公移山,愚公移山,愚公移山
1504,4,0.5338521632750365,0.16499627800592767,0.0,感觉 感到 感 预感,预感 感觉 感 感到,感 感觉 预感 感到,感觉 感到 感 预感
1505,5,0.5073610282090945,0.1058579112761949,0.0,梦想 抱负 愿望 野心 理想,愿望 理想 野心 梦想 抱负,抱负 野心 理想 愿望 梦想,梦想 抱负 愿望 野心 理想
1506,8,0.5378847813009706,0.06366275375474867,0.5,晓得 知道 明白 懂得 认得 懂 觉得 看得出,觉得 懂得 认得 懂 看得出 明白 知道 晓得,懂 懂得 明白 觉得 认得 看得出 知道 晓得,晓得 知道 明白 懂得 认得 懂 觉得 看得出
1507,1,,0.0,0.0,成交,成交,成交,成交
1508,1,,0.0,0.0,成人,成人,成人,成人
1509,1,,0.0,0.0,成问题,成问题,成问题,成问题
1510,2,0.4921160449952995,0.14453613534285303,0.0,贪 戒,贪 戒,戒 贪,贪 戒
1511,6,0.46532433577545707,0.09208534222769284,0.0,规划 蓝图 构想 计划 方案 战略,战略 方案 构想 蓝图 计划 规划,蓝图 规划 计划 战略 方案 构想,规划 蓝图 构想 计划 方案 战略
1512,1,,0.0,0.0,戳,戳,戳,戳
1513,1,,0.0,0.0,戴,戴,戴,戴
1514,2,0.575461276822433,0.3025861755360276,0.0,野外 户外,户外 野外,户外 野外,野外 户外
1515,1,,0.0,0.0,所,所,所,所
1516,3,0.48633460182321214,0.13985365490416793,0.3333333333333333,手动 自动 遥控,遥控 自动 手动,遥控 手动 自动,手动 自动 遥控
1517,4,0.4766831367593289,0.07670430075557974,0.5,深深 深切 深刻 扎根,扎根 深刻 深切 深深,深切 深刻 扎根 深深,深深 深切 深刻 扎根
1518,2,0.43257574326137993,-0.01808254496308783,0.5,踏 扑,踏 扑,扑 踏,踏 扑
1519,4,0.467778815041983,0.10339826034828098,0.25,麻将 扑克 棋 游戏,棋 游戏 麻将 扑克,游戏 棋 麻将 扑克,麻将 扑克 棋 游戏
1520,9,0.48890241930912814,0.11438578169509991,0.0,消灭 打败 歼灭 打倒 摧毁 推翻 粉碎 灭 驱逐,驱逐 打败 摧毁 歼灭 灭 推翻 粉碎 打倒,灭 打败 摧毁 推翻 驱逐 歼灭 消灭 打倒 粉碎,消灭 打败 歼灭 打倒 摧毁 推翻 粉碎 灭 驱逐
1521,1,,0.0,0.0,打包,打包,打包,打包
1522,1,,0.0,0.0,打发,打发,打发,打发
1523,6,0.5368505734369158,0.1794287354627063,0.0,询问 追问 问 打听 请教 求证,请教 问 求证 打听 追问 询问,询问 追问 请教 问 打听 求证,询问 追问 问 打听 请教 求证
1524,3,0.6353648714085132,0.35816045079189035,0.0,打搅 打扰 打断,打断 打搅 打扰,打扰 打断 打搅,打搅 打扰 打断
1525,5,0.5004942475867944,0.12429313916628819,0.2,琢磨 揣摩 推敲 打磨 苦心,苦心 打磨 琢磨 推敲 揣摩,揣摩 推敲 苦心 打磨 琢磨,琢磨 揣摩 推敲 打磨 苦心
1526,5,0.48769618817572724,0.15459580168077072,0.0,监察 执法 监督 监管 检察,检察 监管 执法 监督 监察,检察 监察 执法 监督 监管,监察 执法 监督 监管 检察
1527,12,0.48777153134200923,0.11641061390707341,0.08333333333333333,证件 护照 执照 许可证 证书 通行证 签证 驾照 身份证 申领 牌照 许可,申领 身份证 许可 驾照 签证 证书 牌照 通行证,签证 许可 护照 执照 许可证 牌照 身份证 通行证 证书 证件 申领 驾照,证件 护照 执照 许可证 证书 通行证 签证 驾照 身份证 申领 牌照 许可
1528,2,0.4494300071721805,0.10676436633918898,0.0,扩散 辐射,辐射 扩散,扩散 辐射,扩散 辐射
1529,1,,0.0,0.0,扬,扬,扬,扬
1530,3,0.49124063858446737,0.14458216881471883,0.0,扭曲 畸形 残缺,残缺 扭曲 畸形,扭曲 残缺 畸形,扭曲 畸形 残缺
1531,3,0.45821340886645795,0.0596794281425835,0.0,首批 批 首,批 首 首批,批 首 首批,首批 批 首
1532,5,0.47324215416313786,0.06268411701633446,0.6,揭露 揭发 批判 歌颂 暴露,歌颂 暴露 批判 揭发 揭露,揭露 揭发 批判 暴露 歌颂,揭露 揭发 批判 歌颂 暴露
1533,3,0.4223278098342789,0.042412325791665095,0.3333333333333333,批发 流通 配送,配送 批发 流通,流通 批发 配送,批发 流通 配送
1534,2,0.4630653611339186,0.12984320035533298,0.0,承包 流转,承包 流转,流转 承包,承包 流转
1535,3,0.44475320351534986,0.0937440028769428,0.0,赋予 蕴涵 承载,承载 蕴涵 赋予,蕴涵 赋予 承载,赋予 蕴涵 承载
1536,2,0.48913631862243967,0.17541869554341283,0.0,把 被,把 被,把 被,把 被
1537,5,0.4912980259852451,0.12975620171598837,0.2,抓住 牢牢 把握 紧紧 捕捉,捕捉 紧紧 把握 牢牢 抓住,把握 捕捉 抓住 紧紧 牢牢,抓住 牢牢 把握 紧紧 捕捉
1538,2,0.4745341742021778,0.12254639478979253,0.0,把柄 靶子,把柄 靶子,把柄 靶子,把柄 靶子
1539,3,0.47223604107086287,0.14210258211413043,0.0,投机 炒作 暴利,暴利 炒作 投机,暴利 炒作 投机,投机 炒作 暴利
1540,4,0.6145538964489531,0.27931097526080473,0.0,抵挡 抵抗 阻挡 抗拒,抗拒 阻挡 抵抗 抵挡,抵挡 抵抗 抗拒 阻挡,抵挡 抵抗 阻挡 抗拒
1541,3,0.5060281908717502,0.13310717126444102,0.0,折磨 折腾 纠缠,纠缠 折腾 折磨,折磨 纠缠 折腾,折磨 折腾 纠缠
1542,3,0.4782151399513849,0.13785814283293465,0.3333333333333333,脱离 远离 抛开,抛开 远离 脱离,远离 抛开 脱离,脱离 远离 抛开
1543,7,0.4664442118685865,0.1139116298738941,0.2857142857142857,报纸 报刊 晚报 日报 报社 社论 报,报 社论 报社 报刊 晚报 日报 报纸,日报 报 晚报 报刊 报纸 报社 社论,报纸 报刊 晚报 日报 报社 社论 报
1544,4,0.44979554482801304,0.1289257373424033,0.0,退役 淘汰 退出 报废,报废 退出 淘汰 退役,报废 退出 退役 淘汰,退役 淘汰 退出 报废
1545,3,0.40751086338323733,-0.017196602329299645,0.6666666666666666,遮 露 披,露 遮 披,披 遮 露,遮 露 披
1546,2,0.4768870332918683,0.11477555549059054,0.0,抵触 排斥,排斥 抵触,抵触 排斥,抵触 排斥
1547,2,0.4343630591392196,0.050365089796375245,0.0,赌 押,赌 押,押 赌,赌 押
1548,1,,0.0,0.0,担,担,担,担
1549,3,0.4406838084483757,0.07383823456867068,0.0,拆迁 装修 拆,装修 拆 拆迁,拆 装修 拆迁,拆迁 装修 拆
1550,6,0.4882048379784391,0.030213017799046563,0.5,阻拦 拒绝 阻挠 理睬 无理 推辞,推辞 理睬 阻拦 无理 阻挠 拒绝,无理 拒绝 理睬 阻拦 阻挠 推辞,阻拦 拒绝 阻挠 理睬 无理 推辞
1551,4,0.46453072396745676,0.07213607614852136,0.25,牵 挽 搭 拖,搭 拖 牵 挽,牵 搭 拖 挽,牵 挽 搭 拖
1552,1,,0.0,0.0,拘束,拘束,拘束,拘束
1553,1,,0.0,0.0,招,招,招,招
1554,2,0.601743849974264,0.3191130512765339,0.0,招牌 牌子,牌子 招牌,牌子 招牌,招牌 牌子
1555,3,0.5202772758186639,0.2169672424859228,0.0,括弧 括号 省略,省略 括号 括弧,省略 括号 括弧,括弧 括号 省略
1556,2,0.4624373658791985,0.08335082411374672,0.0,豁出去 拼,豁出去 拼,拼 豁出去,豁出去 拼
1557,2,0.5129748897474893,0.2536441016486543,0.0,持有 持,持有 持,持有 持,持有 持
1558,3,0.3978128905486249,0.00801692082674498,0.6666666666666666,长期 短期 持久,持久 短期 长期,持久 短期 长期,长期 短期 持久
1559,2,0.4891309759196849,0.2087378290997461,0.0,指南 指引,指引 指南,指南 指引,指南 指引
1560,3,0.3424174534215303,-0.09054814340630686,0.6666666666666666,温度计 指南针 水龙头,指南针 水龙头 温度计,水龙头 温度计 指南针,温度计 指南针 水龙头
1561,4,0.4444486462563188,0.03800999790086141,0.5,指定 特定 限定 确定,确定 限定 特定 指定,确定 限定 指定 特定,指定 特定 限定 确定
1562,4,0.35686600159281195,-0.016262765236371594,0.75,曲线 指标 指数 直线,直线 指数 指标 曲线,曲线 指标 指数 直线,曲线 指标 指数 直线
1563,1,,0.0,0.0,挑剔,挑剔,挑剔,挑剔
1564,1,,0.0,0.0,挑起,挑起,挑起,挑起
1565,5,0.47456840221080315,0.10686770777341259,0.4,选 选择 挑选 选项 推荐,推荐 选项 挑选 选 选择,选择 选 挑选 推荐 选项,选 选择 挑选 选项 推荐
1566,4,0.37799302517127015,-0.021894232230965406,0.5,撬 钻 挖 盗,盗 挖 撬 钻,盗 撬 挖 钻,撬 钻 挖 盗
1567,3,0.47195479502318277,0.08225417182388585,0.0,挨 挨着 耳光,耳光 挨着 挨,挨 耳光 挨着,挨 挨着 耳光
1568,1,,0.0,0.0,捂,捂,捂,捂
1569,3,0.3858610067004644,-0.04499024107566094,0.6666666666666666,残 残留 损,残留 损 残,损 残 残留,残 残留 损
1570,3,0.41835331854095364,0.026901140051754566,0.6666666666666666,错位 脱节 换位,脱节 换位 错位,错位 脱节 换位,错位 脱节 换位
1571,2,0.4646778257842561,0.11664845625461201,0.0,簇拥 捧,簇拥 捧,捧 簇拥,簇拥 捧
1572,1,,0.0,0.0,掉队,掉队,掉队,掉队
1573,4,0.49605040457796123,0.11390637657064889,0.0,熟练 精通 熟悉 掌握,掌握 熟练 熟悉 精通,熟悉 精通 掌握 熟练,熟练 精通 熟悉 掌握
1574,1,,0.0,0.0,排队,排队,排队,排队
1575,3,0.39825034553640476,0.04548428131907265,0.3333333333333333,探 试探 攀,攀 试探 探,攀 探 试探,探 试探 攀
1576,15,0.4738345187647094,0.047437812578440326,0.3333333333333333,阐述 谈 探讨 谈论 讨论 畅谈 谈起 讲 谈到 论述 讲述 讲解,讲解 论证 阐述 论述 讲述 聊 研讨 讲,谈到 畅谈 探讨 讲述 讲解 研讨 聊 谈 讲 论证 论述 谈论,阐述 谈 探讨 谈论 讨论 畅谈 谈起 讲 谈到 论述 讲述 讲解 聊 研讨 论证
1577,2,0.676948126570447,0.4975648218509861,0.0,接班 接班人,接班 接班人,接班人 接班,接班 接班人
1578,7,0.4962312780362478,0.11370093975909758,0.14285714285714285,相连 贯通 连接 相通 衔接 接轨 贯穿,贯穿 衔接 接轨 连接 贯通 相连 相通,贯通 连接 相通 相连 衔接 贯穿 接轨,相连 贯通 连接 相通 衔接 接轨 贯穿
1579,4,0.5119583232068501,0.19237065934112538,0.0,操控 操纵 控制 驾驭,控制 驾驭 操控 操纵,操纵 操控 驾驭 控制,操控 操纵 控制 驾驭
1580,2,0.524459399635449,0.18421433114803992,0.0,逻辑 推理,逻辑 推理,推理 逻辑,逻辑 推理
1581,2,0.459168446818947,0.11551202882371571,0.0,提 提起,提起 提,提 提起,提 提起
1582,4,0.4300683387880932,0.048562884676468805,0.0,精练 提炼 精 炼,精 炼 精练 提炼,精 炼 提炼 精练,精练 提炼 精 炼
1583,1,,0.0,0.0,插,插,插,插
1584,3,0.44021610135000305,0.05630369838807462,0.0,晒 照 揭,揭 照 晒,照 晒 揭,晒 照 揭
1585,2,0.4577463105922335,0.08703991202891177,0.0,揭晓 水落石出,揭晓 水落石出,揭晓 水落石出,揭晓 水落石出
1586,2,0.5706493373250596,0.29053592314542276,0.0,搁置 搁浅,搁置 搁浅,搁浅 搁置,搁置 搁浅
1587,2,0.5612907023584517,0.27824782558249916,0.0,搜 搜索,搜索 搜,搜 搜索,搜 搜索
1588,2,0.5503287735040405,0.2829441030315146,0.0,搞 搞好,搞 搞好,搞 搞好,搞 搞好
1589,2,0.4360115440671316,-0.04224758617664646,1.0,搞鬼 黑手,黑手 搞鬼,搞鬼 黑手,搞鬼 黑手
1590,3,0.435551182905108,0.07471654494283922,0.3333333333333333,默契 磨合 搭档,磨合 搭档 默契,磨合 搭档 默契,默契 磨合 搭档
1591,2,0.6097290266115373,0.28491916005159423,0.0,随身 携带,携带 随身,携带 随身,随身 携带
1592,1,,0.0,0.0,摇摇欲坠,摇摇欲坠,摇摇欲坠,摇摇欲坠
1593,1,,0.0,0.0,摊,摊,摊,摊
1594,1,,0.0,0.0,撇,撇,撇,撇
1595,2,0.4508732247179872,0.06901257356591846,0.0,操作 策略,策略 操作,操作 策略,操作 策略
1596,5,0.5015606546521976,0.1537309334305532,0.0,积累 累积 积蓄 攒 积,攒 积 积蓄 累积 积累,积 攒 累积 积累 积蓄,积累 累积 积蓄 攒 积
1597,3,0.4182081916143159,0.040331063981504565,0.3333333333333333,脊梁 栋梁 支柱,支柱 脊梁 栋梁,支柱 脊梁 栋梁,脊梁 栋梁 支柱
1598,1,,0.0,0.0,收,收,收,收
1599,2,0.4600738338858543,0.09791445967238682,0.0,解放 收复,收复 解放,收复 解放,解放 收复
1600,2,0.6740136821536853,0.4554171757248404,0.0,改 混,混 改,改 混,改 混
1601,4,0.5058867463289681,0.13103001148807727,0.0,改进 革新 改良 进步,革新 进步 改进 改良,进步 革新 改进 改良,改进 革新 改良 进步
1602,5,0.44732541587282054,0.06855389098306698,0.2,死心 死心塌地 痴心 罢休 改邪归正,痴心 罢休 改邪归正 死心塌地 死心,罢休 死心塌地 痴心 死心 改邪归正,死心 死心塌地 痴心 罢休 改邪归正
1603,3,0.40674745027326925,0.04341419235501432,0.3333333333333333,放大 释放 衰减,衰减 释放 放大,释放 衰减 放大,放大 释放 衰减
1604,4,0.3868124605821131,-0.009093246663421511,0.75,泄 泻 豁 放水,放水 豁 泻 泄,泄 泻 放水 豁,泄 泻 豁 放水
1605,4,0.4839751471175904,0.09183643235492597,0.25,粗暴 野蛮 暴力 放肆,放肆 暴力 野蛮 粗暴,粗暴 野蛮 放肆 暴力,粗暴 野蛮 暴力 放肆
1606,1,,0.0,0.0,效力,效力,效力,效力
1607,2,0.4897151382416205,0.12344728350886935,0.0,现象 效应,现象 效应,效应 现象,现象 效应
1608,2,0.5604613356159529,0.24954340374170422,0.0,敏感 脆弱,脆弱 敏感,脆弱 敏感,敏感 脆弱
1609,2,0.46760590295726334,0.1362353701618243,0.0,训 教,教 训,教 训,训 教
1610,2,0.440157165722725,0.09807645230553191,0.0,教育 教育部,教育 教育部,教育 教育部,教育 教育部
1611,2,0.41557775478064063,0.050361124155611725,0.0,散 消,消 散,散 消,散 消
1612,1,,0.0,0.0,敬而远之,敬而远之,敬而远之,敬而远之
1613,4,0.4350481256065861,0.08734903084118449,0.25,请 敬请 欢迎 稍候,稍候 欢迎 请 敬请,稍候 欢迎 请 敬请,请 敬请 欢迎 稍候
1614,2,0.45556932988905574,0.11184412223373755,0.0,综合 整体,整体 综合,整体 综合,综合 整体
1615,1,,0.0,0.0,整数,整数,整数,整数
1616,3,0.37013025740041255,-0.043292067880755576,0.6666666666666666,敷 贴 霜,霜 贴 敷,敷 霜 贴,敷 贴 霜
1617,1,,0.0,0.0,文,文,文,文
1618,2,0.6319747213242006,0.3739353184044915,0.0,识字 文盲,文盲 识字,识字 文盲,识字 文盲
1619,19,0.4841140323521903,0.11468657463125498,0.10526315789473684,白色 黄色 蓝色 红色 灰色 紫 蓝 黑色 黑 色 白 黄,颜色 色 青 斑点 灰 黑色 黑 红,黄色 紫 红 绿 灰 白 黑色 红色 朱红 蓝色 黄 黑,白色 黄色 蓝色 红色 灰色 紫 蓝 黑色 黑 色 白 黄 灰 颜色 红 绿 朱红 斑点 青
1620,1,,0.0,0.0,斗,斗,斗,斗
1621,1,,0.0,0.0,料,料,料,料
1622,2,0.47157143320933703,0.0911853337132626,0.0,断 漏,漏 断,断 漏,断 漏
1623,3,0.42515795435951803,0.04746651336380533,0.3333333333333333,断断续续 间断 隐约,隐约 间断 断断续续,断断续续 间断 隐约,断断续续 间断 隐约
1624,1,,0.0,0.0,新生,新生,新生,新生
1625,1,,0.0,0.0,方,方,方,方
1626,2,0.4639568180186363,0.06786971817767135,0.0,施压 泼冷水,施压 泼冷水,施压 泼冷水,施压 泼冷水
1627,3,0.5093669695012664,0.1584680984033088,0.0,旁观 看热闹 观望,观望 看热闹 旁观,旁观 看热闹 观望,旁观 看热闹 观望
1628,9,0.46839887912191763,0.08371089088734794,0.2222222222222222,波涛 风浪 波浪 暴风雨 暴风骤雨 风暴 浪 波澜 旋涡,波澜 旋涡 波涛 暴风骤雨 风暴 浪 暴风雨 波浪,浪 波涛 波浪 波澜 暴风雨 暴风骤雨 风浪 风暴 旋涡,波涛 风浪 波浪 暴风雨 暴风骤雨 风暴 浪 波澜 旋涡
1629,1,,0.0,0.0,族,族,族,族
1630,1,,0.0,0.0,无不,无不,无不,无不
1631,1,,0.0,0.0,无可奉告,无可奉告,无可奉告,无可奉告
1632,2,0.4507545454538112,-0.03264175694820215,1.0,隐形 无形,隐形 无形,无形 隐形,隐形 无形
1633,3,0.42534062681536927,0.03779149260599566,0.3333333333333333,无敌 超级 王牌,王牌 无敌 超级,王牌 无敌 超级,无敌 超级 王牌
1634,3,0.5949135578212419,0.3399220159547798,0.0,无限 无穷 无边,无边 无限 无穷,无边 无限 无穷,无限 无穷 无边
1635,3,0.43765132654790756,0.13005004537904774,0.0,无缘 缺席 止步,缺席 止步 无缘,无缘 止步 缺席,无缘 缺席 止步
1636,3,0.40022346592570573,0.0032986956533303476,0.6666666666666666,菜单 日历 餐桌,餐桌 日历 菜单,菜单 餐桌 日历,菜单 日历 餐桌
1637,2,0.5753204015378586,0.26523710158033625,0.0,过日子 日子,过日子 日子,过日子 日子,过日子 日子
1638,2,0.6055800170873065,0.33355315394341306,0.0,议程 日程,议程 日程,日程 议程,议程 日程
1639,2,0.4812426218310284,0.1703463125820507,0.0,早 盘,早 盘,盘 早,早 盘
1640,1,,0.0,0.0,早晚,早晚,早晚,早晚
1641,1,,0.0,0.0,时事,时事,时事,时事
1642,4,0.48569882108073265,0.10151202991275399,0.0,青春 童年 青春期 时光,青春期 时光 童年 青春,时光 青春期 童年 青春,青春 童年 青春期 时光
1643,5,0.4610682428855545,0.04652972553303872,0.2,昏迷 瘫痪 窒息 麻痹 衰竭,衰竭 昏迷 瘫痪 窒息 麻痹,瘫痪 衰竭 窒息 麻痹 昏迷,昏迷 瘫痪 窒息 麻痹 衰竭
1644,1,,0.0,0.0,昔日,昔日,昔日,昔日
1645,1,,0.0,0.0,星座,星座,星座,星座
1646,3,0.38740642995590874,0.0015615852804055062,0.6666666666666666,漫 映 淘,漫 淘 映,映 漫 淘,漫 映 淘
1647,2,0.5566399611923161,0.3090897114327537,0.0,是非 非,是非 非,是非 非,是非 非
1648,1,,0.0,0.0,显,显,显,显
1649,3,0.4009190146177857,-0.0029660334941326223,0.6666666666666666,科普 普及 集邮,普及 集邮 科普,普及 集邮 科普,科普 普及 集邮
1650,1,,0.0,0.0,景,景,景,景
1651,2,0.38407907151565124,-0.04640533852582595,1.0,智慧 远见,远见 智慧,智慧 远见,智慧 远见
1652,3,0.5948893314925122,0.3026524635453894,0.0,阴暗 黑暗 暗,暗 黑暗 阴暗,暗 黑暗 阴暗,阴暗 黑暗 暗
1653,4,0.5333462051255987,0.13643524009441851,0.0,艰险 艰苦 曲折 漫长,艰险 曲折 艰苦 漫长,艰苦 艰险 曲折 漫长,艰险 艰苦 曲折 漫长
1654,2,0.6444581295298892,0.43575901683787077,0.0,最佳 最好,最好 最佳,最好 最佳,最佳 最好
1655,4,0.4970854650741013,0.012657377024085023,0.75,本事 能耐 本钱 有两下子,能耐 有两下子 本钱 本事,有两下子 本事 能耐 本钱,本事 能耐 本钱 有两下子
1656,4,0.42798829795366905,0.05230626009255605,0.5,有效 高效 有力 长效,有力 长效 高效 有效,有效 有力 高效 长效,有效 高效 有力 长效
1657,1,,0.0,0.0,有声有色,有声有色,有声有色,有声有色
1658,3,0.46178598424699296,0.11312526475271191,0.0,有毒 毒 细菌,细菌 毒 有毒,毒 细菌 有毒,有毒 毒 细菌
1659,1,,0.0,0.0,有的是,有的是,有的是,有的是
1660,2,0.4325669249050623,0.03221950684003228,0.5,有限 稀少,稀少 有限,稀少 有限,有限 稀少
1661,7,0.43927723287905274,0.05235936443184471,0.2857142857142857,软件 硬件 服务器 计算机 芯片 杀毒 黑客,黑客 芯片 计算机 杀毒 硬件 服务器 软件,软件 计算机 服务器 硬件 芯片 杀毒 黑客,软件 硬件 服务器 计算机 芯片 杀毒 黑客
1662,1,,0.0,0.0,朝代,朝代,朝代,朝代
1663,7,0.46857808697071335,0.04249659515637789,0.14285714285714285,生机 活力 蓬勃 焕发 朝气蓬勃 欣欣向荣 激活,激活 活力 朝气蓬勃 欣欣向荣 焕发 蓬勃 生机,激活 蓬勃 朝气蓬勃 焕发 生机 活力 欣欣向荣,生机 活力 蓬勃 焕发 朝气蓬勃 欣欣向荣 激活
1664,3,0.553539131034083,0.2914069588606441,0.0,经 经过 未经,未经 经过 经,经 经过 未经,经 经过 未经
1665,1,,0.0,0.0,末日,末日,末日,末日
1666,1,,0.0,0.0,本,本,本,本
1667,2,0.5334772383282316,0.21638050340603804,0.0,本色 本分,本分 本色,本分 本色,本色 本分
1668,3,0.41472053480587306,0.05086695803788641,0.3333333333333333,机动 突击 队形,队形 机动 突击,机动 突击 队形,机动 突击 队形
1669,3,0.5441211001167875,0.22235104716871534,0.0,机器 机器人 机械,机械 机器人 机器,机器 机器人 机械,机器 机器人 机械
1670,1,,0.0,0.0,杂,杂,杂,杂
1671,7,0.47360361534732087,0.12288979313927327,0.14285714285714285,职权 权利 权力 权 行使 特权 管辖,管辖 权利 特权 权力 权 行使 职权,权 管辖 行使 权利 权力 职权 特权,职权 权利 权力 权 行使 特权 管辖
1672,1,,0.0,0.0,权威,权威,权威,权威
1673,1,,0.0,0.0,杆,杆,杆,杆
1674,7,0.5093414274654237,0.1115427957457911,0.2857142857142857,练习 练 锻炼 训练 跑步 杠铃 运动,杠铃 运动 跑步 练 训练 锻炼 练习,运动 练 跑步 锻炼 杠铃 训练 练习,练习 练 锻炼 训练 跑步 杠铃 运动
1675,4,0.430416899301408,0.06092225507674226,0.5,用来 用于 用途 来,来 用途 用于 用来,来 用来 用于 用途,用来 用于 用途 来
1676,4,0.42198772440200427,0.008239084579967654,0.5,适度 限度 适当 极限,极限 适当 限度 适度,极限 限度 适当 适度,适度 限度 适当 极限
1677,13,0.4591003322462909,0.04220219222915164,0.38461538461538464,货运 港口 集装箱 海运 航运 运输 码头 物流 货物 铁路 枢纽 邮政,货物 枢纽 物流 铁路 邮政 运输 码头 港,邮政 物流 集装箱 港 货物 码头 铁路 运输 航运 枢纽 港口 海运,货运 港口 集装箱 海运 航运 运输 码头 物流 货物 铁路 枢纽 邮政 港
1678,2,0.4701136600167596,0.07798573273743323,0.0,枪毙 死,枪毙 死,枪毙 死,枪毙 死
1679,2,0.45203120430380717,0.054306159795579026,0.0,查看 查,查看 查,查 查看,查看 查
1680,3,0.5225355394382843,0.16665702291568404,0.0,证据 物证 查明,查明 证据 物证,证据 查明 物证,证据 物证 查明
1681,3,0.40890892831116227,0.02307324948234581,0.6666666666666666,标示 记号 标,标 记号 标示,标示 标 记号,标示 记号 标
1682,3,0.4333418576019612,0.10436086229402201,0.0,标本 样本 解剖,解剖 样本 标本,标本 解剖 样本,标本 样本 解剖
1683,1,,0.0,0.0,标致,标致,标致,标致
1684,1,,0.0,0.0,栏,栏,栏,栏
1685,1,,0.0,0.0,校园,校园,校园,校园
1686,4,0.519551866411454,0.15775670127417374,0.0,防治 治理 根治 治,治理 防治 治 根治,治 根治 防治 治理,防治 治理 根治 治
1687,3,0.41617164452153227,0.02163580639246355,0.6666666666666666,根深蒂固 顽固 深入人心,顽固 深入人心 根深蒂固,深入人心 根深蒂固 顽固,根深蒂固 顽固 深入人心
1688,11,0.49082375323950544,0.04795940925157556,0.2727272727272727,荷花 菊花 牡丹 盛开 梅花 玫瑰 桃花 花卉 花瓣 鲜花 百合,桃花 百合 花瓣 鲜花 荷花 盛开 玫瑰 花卉,梅花 牡丹 桃花 百合 花瓣 盛开 花卉 荷花 玫瑰 鲜花 菊花,荷花 菊花 牡丹 盛开 梅花 玫瑰 桃花 花卉 花瓣 鲜花 百合
1689,2,0.4302803779027067,0.05055470012977681,0.5,键 框,框 键,框 键,键 框
1690,1,,0.0,0.0,框架,框架,框架,框架
1691,1,,0.0,0.0,档,档,档,档
1692,4,0.5136254106373505,0.21110211876264923,0.25,级别 等级 级 档次,档次 级 等级 级别,级 档次 等级 级别,级别 等级 级 档次
1693,3,0.4153667349211854,0.03615339541583401,0.6666666666666666,桥梁 纽带 混凝土,混凝土 纽带 桥梁,桥梁 纽带 混凝土,桥梁 纽带 混凝土
1694,1,,0.0,0.0,桩,桩,桩,桩
1695,3,0.5140964808699428,0.23004236402715358,0.0,章 节 概论,概论 章 节,章 节 概论,章 节 概论
1696,1,,0.0,0.0,榨,榨,榨,榨
1697,6,0.4461289837466083,0.042525219389231435,0.16666666666666666,水管 电线 螺丝 管子 焊 槽,槽 焊 螺丝 电线 管子 水管,焊 槽 电线 螺丝 水管 管子,水管 电线 螺丝 管子 焊 槽
1698,1,,0.0,0.0,欠,欠,欠,欠
1699,5,0.5210645529756928,0.21984961111321075,0.0,欣赏 观赏 鉴赏 观看 赏,赏 观看 鉴赏 欣赏 观赏,鉴赏 观看 赏 欣赏 观赏,欣赏 观赏 鉴赏 观看 赏
1700,1,,0.0,0.0,止,止,止,止
1701,1,,0.0,0.0,止咳,止咳,止咳,止咳
1702,5,0.47264937966418685,0.11918023519118996,0.2,相继 陆续 率先 竞相 正式,正式 竞相 率先 相继 陆续,竞相 陆续 相继 率先 正式,相继 陆续 率先 竞相 正式
1703,3,0.4456427361315792,0.03913331779749941,0.3333333333333333,正视 直视 看待,看待 直视 正视,看待 直视 正视,正视 直视 看待
1704,2,0.542720503423138,0.2506608475435197,0.0,此 该,该 此,此 该,此 该
1705,1,,0.0,0.0,此致,此致,此致,此致
1706,4,0.5114386934325531,0.13378000657663103,0.0,迭起 此起彼伏 起伏 连绵,起伏 此起彼伏 连绵 迭起,迭起 起伏 连绵 此起彼伏,迭起 此起彼伏 起伏 连绵
1707,1,,0.0,0.0,步,步,步,步
1708,5,0.4875286348331088,0.10629104581428002,0.2,流程 程序 步骤 环节 过程,步骤 过程 环节 程序 流程,流程 步骤 环节 程序 过程,流程 程序 步骤 环节 过程
1709,1,,0.0,0.0,每,每,每,每
1710,1,,0.0,0.0,比方,比方,比方,比方
1711,4,0.35758858877382854,-0.051712796642607944,0.75,麻 皮 毛 酸,酸 毛 皮 麻,皮 毛 麻 酸,麻 皮 毛 酸
1712,5,0.4601763671930428,0.04756518977955616,0.2,阶级 阶层 种族 贫富 民族,民族 阶层 种族 贫富 阶级,种族 民族 阶级 阶层 贫富,阶级 阶层 种族 贫富 民族
1713,3,0.3570589112031434,-0.02793433979646438,0.6666666666666666,通用 民用 通行,通行 民用 通用,通行 民用 通用,通用 民用 通行
1714,1,,0.0,0.0,民间,民间,民间,民间
1715,5,0.4653636146596514,0.08009155827941243,0.2,气球 热气球 风筝 滑梯 高空,滑梯 高空 风筝 热气球 气球,气球 滑梯 热气球 风筝 高空,气球 热气球 风筝 滑梯 高空
1716,3,0.43811465083921136,0.07050077555417275,0.6666666666666666,预报 气象 预告,气象 预告 预报,预报 预告 气象,预报 气象 预告
1717,1,,0.0,0.0,汇,汇,汇,汇
1718,4,0.5145427607993492,0.15006705245218344,0.0,污秽 脏 臭 灰尘,灰尘 臭 污秽 脏,污秽 臭 脏 灰尘,污秽 脏 臭 灰尘
1719,1,,0.0,0.0,汪洋,汪洋,汪洋,汪洋
1720,1,,0.0,0.0,河畔,河畔,河畔,河畔
1721,6,0.49918503775692713,0.08124067513113185,0.3333333333333333,红火 火热 热闹 火暴 火 沸腾,火 沸腾 红火 热闹 火暴 火热,火 红火 沸腾 火暴 火热 热闹,红火 火热 热闹 火暴 火 沸腾
1722,3,0.42099957795481574,-0.006063553632207975,0.6666666666666666,眼红 见钱眼开 沾光,沾光 见钱眼开 眼红,见钱眼开 沾光 眼红,眼红 见钱眼开 沾光
1723,1,,0.0,0.0,法,法,法,法
1724,1,,0.0,0.0,注,注,注,注
1725,1,,0.0,0.0,洋,洋,洋,洋
1726,2,0.5077199766551815,0.17556794702843936,0.0,活动 行动,行动 活动,行动 活动,活动 行动
1727,1,,0.0,0.0,活跃,活跃,活跃,活跃
1728,1,,0.0,0.0,流水,流水,流水,流水
1729,1,,0.0,0.0,流量,流量,流量,流量
1730,8,0.48671044912330774,0.11251010110132671,0.25,消耗 耗费 节省 节约 浪费 耗 能耗 白白,白白 能耗 耗费 节省 消耗 节约 耗 浪费,耗费 耗 消耗 能耗 白白 节省 节约 浪费,消耗 耗费 节省 节约 浪费 耗 能耗 白白
1731,1,,0.0,0.0,淡化,淡化,淡化,淡化
1732,2,0.4552446800708856,0.06703344852775607,0.0,深远 重大,深远 重大,重大 深远,深远 重大
1733,2,0.4778590831110796,0.10516960744912204,0.0,纯 混合,混合 纯,纯 混合,纯 混合
1734,2,0.39899587692835303,0.07746964691587407,0.0,透 清,透 清,清 透,透 清
1735,4,0.5425217052142598,0.20287443507123795,0.0,醒悟 觉醒 觉悟 清醒,清醒 觉悟 醒悟 觉醒,觉悟 清醒 醒悟 觉醒,醒悟 觉醒 觉悟 清醒
1736,1,,0.0,0.0,渡,渡,渡,渡
1737,6,0.4451649137176838,0.08182085431591717,0.16666666666666666,粘 黏 软 硬 滑 胶水,胶水 滑 硬 软 黏 粘,硬 粘 滑 胶水 黏 软,粘 黏 软 硬 滑 胶水
1738,1,,0.0,0.0,滚动,滚动,滚动,滚动
1739,5,0.5341547922270049,0.16355486811499192,0.0,顺应 迎合 适应 满足 符合,符合 适应 迎合 满足 顺应,顺应 满足 适应 符合 迎合,顺应 迎合 适应 满足 符合
1740,2,0.41332100031562047,-0.07108559208392884,0.5,隐性 潜在,隐性 潜在,潜在 隐性,隐性 潜在
1741,5,0.5008921982569534,0.1423646354407713,0.0,火焰 燃烧 点燃 点火 火花,点火 火花 点燃 燃烧 火焰,火花 点火 点燃 火焰 燃烧,火焰 燃烧 点燃 点火 火花
1742,7,0.5685497847988273,0.2337385825561204,0.0,灯 电灯 路灯 灯光 灯泡 照明 盏,盏 灯光 灯 照明 灯泡 电灯 路灯,灯 盏 照明 电灯 灯泡 路灯 灯光,灯 电灯 路灯 灯光 灯泡 照明 盏
1743,3,0.4540894350181424,0.11788895819211183,0.0,灵 玄 邪,灵 邪 玄,灵 玄 邪,灵 玄 邪
1744,1,,0.0,0.0,灵通,灵通,灵通,灵通
1745,3,0.5287736156118322,0.15427438131160942,0.0,灵魂 魂 血脉,血脉 灵魂 魂,血脉 魂 灵魂,灵魂 魂 血脉
1746,2,0.5646870455161548,0.26926732703046896,0.0,窑 炉子,炉子 窑,窑 炉子,窑 炉子
1747,4,0.41510286612685804,0.052777447840031834,0.5,股票 股 股份 炒股,炒股 股份 股票 股,炒股 股票 股份 股,股票 股 股份 炒股
1748,3,0.4171522311580591,0.06077145897684492,0.0,炭 碳 焦,碳 焦 炭,碳 焦 炭,炭 碳 焦
1749,2,0.4954339104050658,0.176861852400508,0.0,点子 点,点子 点,点 点子,点子 点
1750,2,0.48341789867798446,0.1728513719441146,0.0,点击率 票房,点击率 票房,点击率 票房,点击率 票房
1751,1,,0.0,0.0,点名,点名,点名,点名
1752,4,0.4539747789016355,0.09789943188850603,0.0,评论 评 点评 评论员,评论员 评论 点评 评,评论员 点评 评 评论,评论 评 点评 评论员
1753,2,0.6325320673751001,0.3748245291624903,0.0,陶冶 熏陶,熏陶 陶冶,熏陶 陶冶,陶冶 熏陶
1754,4,0.4533777722233343,0.04309420588978593,0.25,稠 稀 熟 糟,糟 熟 稀 稠,稀 稠 糟 熟,稠 稀 熟 糟
1755,1,,0.0,0.0,爆,爆,爆,爆
1756,1,,0.0,0.0,爆满,爆满,爆满,爆满
1757,1,,0.0,0.0,爱国,爱国,爱国,爱国
1758,2,0.5274392991860184,0.24254681107975623,0.0,爵士 绅士,绅士 爵士,爵士 绅士,爵士 绅士
1759,2,0.48511221937898896,0.14886054453876635,0.0,特别 特,特别 特,特 特别,特别 特
1760,5,0.5056670192073525,0.19455891387866533,0.0,独特 特有 独一无二 特殊 特色,特色 特殊 独一无二 特有 独特,独特 独一无二 特色 特殊 特有,独特 特有 独一无二 特殊 特色
1761,1,,0.0,0.0,状元,状元,状元,状元
1762,1,,0.0,0.0,独家,独家,独家,独家
1763,5,0.4730899810294044,0.11850719400002593,0.2,独立自主 自主 自立 自力更生 独立,自力更生 独立 自立 自主 独立自主,独立 独立自主 自力更生 自立 自主,独立自主 自主 自立 自力更生 独立
1764,3,0.5134504541067282,0.16236573445615288,0.0,赠 赐 献,赠 赐 献,献 赐 赠,赠 赐 献
1765,3,0.47296366852968785,0.1492490536630554,0.0,环绕 绕 环,环 绕 环绕,绕 环 环绕,环绕 绕 环
1766,1,,0.0,0.0,环境,环境,环境,环境
1767,1,,0.0,0.0,环球,环球,环球,环球
1768,2,0.4887960066795817,0.05166741721861209,0.5,高科技 现代化,高科技 现代化,高科技 现代化,高科技 现代化
1769,4,0.5649237224344495,0.2460752165902521,0.0,难题 难关 瓶颈 障碍,障碍 难题 瓶颈 难关,障碍 瓶颈 难题 难关,难题 难关 瓶颈 障碍
1770,4,0.3771619119132259,-0.091271099694066,0.5,锈 蜡 瓷 皱,瓷 皱 蜡 锈,瓷 皱 锈 蜡,锈 蜡 瓷 皱
1771,1,,0.0,0.0,甜头,甜头,甜头,甜头
1772,1,,0.0,0.0,生,生,生,生
1773,1,,0.0,0.0,生命线,生命线,生命线,生命线
1774,2,0.5226758120049958,0.15974645584730926,0.0,生存 生活,生活 生存,生活 生存,生存 生活
1775,1,,0.0,0.0,生意,生意,生意,生意
1776,1,,0.0,0.0,生物,生物,生物,生物
1777,2,0.5451054998786405,0.25128289040000934,0.0,画蛇添足 画龙点睛,画蛇添足 画龙点睛,画蛇添足 画龙点睛,画蛇添足 画龙点睛
1778,4,0.5450429905366244,0.21265074638385234,0.0,销量 销售 销 畅销,销 销量 销售 畅销,畅销 销 销售 销量,销量 销售 销 畅销
1779,2,0.435120891330135,0.1202319536493539,0.0,登 登陆,登陆 登,登 登陆,登 登陆
1780,2,0.47242888239933434,0.12123087239589977,0.0,笼子 监狱,笼子 监狱,笼子 监狱,笼子 监狱
1781,5,0.5245085507306907,0.12882267609811537,0.0,盘算 算计 精打细算 算盘 算账,精打细算 算账 算计 算盘 盘算,盘算 算计 算账 精打细算 算盘,盘算 算计 精打细算 算盘 算账
1782,2,0.4405850048422222,0.03149944754420975,0.5,盟友 知己,知己 盟友,盟友 知己,盟友 知己
1783,2,0.6261433469472352,0.4434478314706691,0.0,间接 直接,直接 间接,间接 直接,间接 直接
1784,4,0.5832366649195863,0.3107391552797971,0.0,看上去 看起来 看似 表面,表面 看似 看上去 看起来,看起来 看似 表面 看上去,看上去 看起来 看似 表面
1785,1,,0.0,0.0,看得见,看得见,看得见,看得见
1786,2,0.46317173240926435,0.1433102127694106,0.0,真空 高压,真空 高压,真空 高压,真空 高压
1787,4,0.5068445595809011,0.14260455590126273,0.0,眼 睁 眨眼 闭,闭 眨眼 眼 睁,眼 睁 闭 眨眼,眼 睁 眨眼 闭
1788,3,0.5396177432569397,0.22708544848576204,0.0,趁着 趁 眼看,眼看 趁 趁着,趁着 眼看 趁,趁着 趁 眼看
1789,1,,0.0,0.0,着落,着落,着落,着落
1790,1,,0.0,0.0,瞒,瞒,瞒,瞒
1791,2,0.5456681207729961,0.22508421597318293,0.0,线索 破案,线索 破案,线索 破案,线索 破案
1792,2,0.4698722812624637,0.03118685873684158,0.0,过不去 碍事,碍事 过不去,碍事 过不去,过不去 碍事
1793,1,,0.0,0.0,示范,示范,示范,示范
1794,1,,0.0,0.0,社区,社区,社区,社区
1795,4,0.5578218578928881,0.1153513399490157,0.25,零花钱 钱 私房钱 零钱,零钱 钱 私房钱 零花钱,零花钱 零钱 钱 私房钱,零花钱 钱 私房钱 零钱
1796,1,,0.0,0.0,移动,移动,移动,移动
1797,1,,0.0,0.0,稻草,稻草,稻草,稻草
1798,4,0.5019653293690454,0.0686196360566734,0.5,空隙 间隙 空儿 间隔,间隔 空儿 空隙 间隙,间隔 间隙 空儿 空隙,空隙 间隙 空儿 间隔
1799,1,,0.0,0.0,空白,空白,空白,空白
1800,3,0.5377019333578997,0.23962827351542218,0.0,跨越 穿越 跨,穿越 跨 跨越,跨越 跨 穿越,跨越 穿越 跨
1801,3,0.41919884263707347,0.028475117252285576,0.6666666666666666,突如其来 莫名其妙 突发,突发 莫名其妙 突如其来,突如其来 突发 莫名其妙,突如其来 莫名其妙 突发
1802,1,,0.0,0.0,立,立,立,立
1803,1,,0.0,0.0,立方,立方,立方,立方
1804,1,,0.0,0.0,站,站,站,站
1805,2,0.46611796477568324,0.11536220293039126,0.0,竞赛 赛跑,赛跑 竞赛,竞赛 赛跑,竞赛 赛跑
1806,2,0.442055088090916,0.0738580743910767,0.0,第一手 素材,素材 第一手,第一手 素材,第一手 素材
1807,3,0.5253511907059484,0.18683524053076983,0.0,筛 筛选 过滤,筛选 过滤 筛,筛选 筛 过滤,筛 筛选 过滤
1808,1,,0.0,0.0,筹码,筹码,筹码,筹码
1809,2,0.6367788167046373,0.43707918730518647,0.0,精简 简化,简化 精简,简化 精简,精简 简化
1810,1,,0.0,0.0,简历,简历,简历,简历
1811,3,0.47183760486346693,0.11367775365894821,0.0,算 算了 账,算了 账 算,算 账 算了,算 算了 账
1812,1,,0.0,0.0,管,管,管,管
1813,6,0.49484774572622625,0.16080206451123366,0.16666666666666666,运作 运营 运行 运转 经营 管理,管理 经营 运转 运行 运作 运营,运作 经营 管理 运转 运行 运营,运作 运营 运行 运转 经营 管理
1814,2,0.45762354784018033,0.14815793581706507,0.0,粉 蜜,蜜 粉,粉 蜜,粉 蜜
1815,3,0.5309327118983567,0.21996023036134338,0.0,精髓 精华 经典,经典 精髓 精华,精髓 经典 精华,精髓 精华 经典
1816,1,,0.0,0.0,系,系,系,系
1817,1,,0.0,0.0,素,素,素,素
1818,5,0.4713488378287781,0.09271215482802844,0.4,财物 钱财 财产 财富 索取,财富 索取 钱财 财产 财物,财富 财产 财物 索取 钱财,财物 钱财 财产 财富 索取
1819,2,0.4357348688573981,0.05432194895233904,0.0,都市 繁华,都市 繁华,繁华 都市,都市 繁华
1820,1,,0.0,0.0,红眼,红眼,红眼,红眼
1821,4,0.4569500337412462,0.08727474286990292,0.0,起点 终点 起跑线 起步,起步 起跑线 终点 起点,起跑线 终点 起点 起步,起点 终点 起跑线 起步
1822,2,0.5512475847039184,0.2585628421647629,0.0,绝对 绝,绝对 绝,绝 绝对,绝对 绝
1823,2,0.4595257101993315,0.09879933625949472,0.0,编号 车号,车号 编号,编号 车号,编号 车号
1824,3,0.5573163125939756,0.2889468437601106,0.0,设 设置 置,置 设置 设,置 设 设置,设 设置 置
1825,1,,0.0,0.0,美中不足,美中不足,美中不足,美中不足
1826,1,,0.0,0.0,美化,美化,美化,美化
1827,4,0.4687761323491125,0.12153899307237456,0.25,飞翔 翅膀 飞 鹏程万里,鹏程万里 飞 翅膀 飞翔,飞翔 飞 翅膀 鹏程万里,飞翔 翅膀 飞 鹏程万里
1828,2,0.5081048443605982,0.20255278668978288,0.0,翻番 翻,翻 翻番,翻 翻番,翻番 翻
1829,1,,0.0,0.0,老,老,老,老
1830,1,,0.0,0.0,者,者,者,者
1831,1,,0.0,0.0,耐,耐,耐,耐
1832,1,,0.0,0.0,联想,联想,联想,联想
1833,2,0.4823776956338246,0.1420046021885215,0.0,肇事 违章,肇事 违章,肇事 违章,肇事 违章
1834,3,0.4132484893641845,0.054149177355966666,0.0,股东 董事会 集团,股东 集团 董事会,股东 董事会 集团,股东 董事会 集团
1835,1,,0.0,0.0,胆,胆,胆,胆
1836,1,,0.0,0.0,胎,胎,胎,胎
1837,1,,0.0,0.0,能人,能人,能人,能人
1838,2,0.5018337776615325,0.17621783536034108,0.0,脉搏 脉络,脉络 脉搏,脉搏 脉络,脉搏 脉络
1839,2,0.4546699225643278,0.0794409331278261,0.0,角逐 脱颖而出,角逐 脱颖而出,角逐 脱颖而出,角逐 脱颖而出
1840,3,0.5002987252888802,0.18605529926541428,0.0,自发 自愿 自觉,自觉 自愿 自发,自觉 自愿 自发,自发 自愿 自觉
1841,2,0.4438832216139036,0.09603226230640766,0.0,要害 致命,致命 要害,致命 要害,要害 致命
1842,2,0.501603042486841,0.13411589644607652,0.0,良心 黑心,黑心 良心,良心 黑心,良心 黑心
1843,1,,0.0,0.0,节衣缩食,节衣缩食,节衣缩食,节衣缩食
1844,1,,0.0,0.0,芦花,芦花,芦花,芦花
1845,1,,0.0,0.0,花,花,花,花
1846,1,,0.0,0.0,花样,花样,花样,花样
1847,1,,0.0,0.0,花瓶,花瓶,花瓶,花瓶
1848,1,,0.0,0.0,若干,若干,若干,若干
1849,1,,0.0,0.0,苹果,苹果,苹果,苹果
1850,1,,0.0,0.0,荆棘,荆棘,荆棘,荆棘
1851,1,,0.0,0.0,荒,荒,荒,荒
1852,2,0.4507192959098505,0.07929788528560752,0.0,虚 补,补 虚,虚 补,虚 补
1853,1,,0.0,0.0,蛋糕,蛋糕,蛋糕,蛋糕
1854,1,,0.0,0.0,行,行,行,行
1855,2,0.45516380601237105,0.12858045059656753,0.0,阵营 行列,阵营 行列,阵营 行列,阵营 行列
1856,1,,0.0,0.0,表现,表现,表现,表现
1857,1,,0.0,0.0,袖珍,袖珍,袖珍,袖珍
1858,1,,0.0,0.0,装,装,装,装
1859,2,0.5387597965718973,0.23443475509565076,0.0,裸露 裸,裸露 裸,裸 裸露,裸露 裸
1860,1,,0.0,0.0,见外,见外,见外,见外
1861,1,,0.0,0.0,角落,角落,角落,角落
1862,1,,0.0,0.0,解说,解说,解说,解说
1863,1,,0.0,0.0,计,计,计,计
1864,6,0.5447818340722246,0.1599190895191734,0.0,预订 预定 订购 预约 订 预售,预约 订购 预售 预定 订 预订,订购 订 预约 预售 预定 预订,预订 预定 订购 预约 订 预售
1865,1,,0.0,0.0,认,认,认,认
1866,3,0.4086341780974194,-0.03376001850891316,0.6666666666666666,讨好 讨 附和,附和 讨 讨好,讨好 附和 讨,讨好 讨 附和
1867,1,,0.0,0.0,让座,让座,让座,让座
1868,1,,0.0,0.0,记,记,记,记
1869,1,,0.0,0.0,记者,记者,记者,记者
1870,1,,0.0,0.0,许,许,许,许
1871,2,0.42487893475129423,0.07739543206109895,0.0,识 辩,识 辩,辩 识,识 辩
1872,4,0.41631768717104917,0.027910393479595036,0.5,试用 试 调试 试用期,试用期 调试 试 试用,调试 试 试用期 试用,试用 试 调试 试用期
1873,2,0.6132933544745336,0.35373022429000045,0.0,问世 诞生,诞生 问世,诞生 问世,问世 诞生
1874,1,,0.0,0.0,诱人,诱人,诱人,诱人
1875,1,,0.0,0.0,说干就干,说干就干,说干就干,说干就干
1876,1,,0.0,0.0,说明书,说明书,说明书,说明书
1877,3,0.36384538364625535,-0.03230179723553416,0.6666666666666666,进 请进 闯,闯 请进 进,请进 闯 进,进 请进 闯
1878,3,0.4066353144335037,0.039746264137908056,0.6666666666666666,调控 调节 限,限 调节 调控,调节 限 调控,调控 调节 限
1879,3,0.5338147600994843,0.24434863247751845,0.0,调查 调研 问卷,调研 问卷 调查,问卷 调查 调研,调查 调研 问卷
1880,1,,0.0,0.0,负,负,负,负
1881,2,0.41967614472871784,0.026603428979100792,0.5,资讯 财经,财经 资讯,财经 资讯,资讯 财经
1882,1,,0.0,0.0,货,货,货,货
1883,1,,0.0,0.0,资源,资源,资源,资源
1884,1,,0.0,0.0,赎,赎,赎,赎
1885,2,0.4562525154709942,0.11138168686937752,0.0,赖 饶,赖 饶,饶 赖,赖 饶
1886,2,0.7607448329989656,0.599071487388863,0.0,输家 赢家,输家 赢家,输家 赢家,输家 赢家
1887,1,,0.0,0.0,赫然,赫然,赫然,赫然
1888,2,0.4286701911234163,0.05160859683829498,0.0,走后门 走过场,走后门 走过场,走后门 走过场,走后门 走过场
1889,4,0.6316292824842836,0.38453104356398216,0.0,赶不上 跟不上 跟上 赶上,赶上 跟上 跟不上 赶不上,赶不上 跟上 赶上 跟不上,赶不上 跟不上 跟上 赶上
1890,1,,0.0,0.0,足智多谋,足智多谋,足智多谋,足智多谋
1891,1,,0.0,0.0,身不由己,身不由己,身不由己,身不由己
1892,2,0.4804398962371037,0.13167058604435194,0.0,造价 身价,身价 造价,造价 身价,造价 身价
1893,4,0.5479277738441056,0.19403829529864694,0.25,车轮 轮子 车轴 轮胎,轮胎 轮子 车轴 车轮,轮子 车轮 车轴 轮胎,车轮 轮子 车轴 轮胎
1894,1,,0.0,0.0,转,转,转,转
1895,4,0.5148667019152676,0.15166732771051328,0.0,转折 转折点 转机 飞跃,飞跃 转机 转折点 转折,转折点 飞跃 转机 转折,转折 转折点 转机 飞跃
1896,1,,0.0,0.0,软实力,软实力,软实力,软实力
1897,2,0.6167942770101075,0.4001004968284442,0.0,轻 重,重 轻,重 轻,轻 重
1898,1,,0.0,0.0,输血,输血,输血,输血
1899,1,,0.0,0.0,过时,过时,过时,过时
1900,1,,0.0,0.0,近视,近视,近视,近视
1901,1,,0.0,0.0,还有,还有,还有,还有
1902,1,,0.0,0.0,远方,远方,远方,远方
1903,2,0.5432318040802857,0.1955494903063455,0.0,问路 迷路,问路 迷路,迷路 问路,问路 迷路
1904,1,,0.0,0.0,追溯,追溯,追溯,追溯
1905,3,0.5842084249581422,0.29335877849329656,0.0,适合 适宜 适用,适用 适合 适宜,适用 适宜 适合,适合 适宜 适用
1906,1,,0.0,0.0,透支,透支,透支,透支
1907,1,,0.0,0.0,通俗,通俗,通俗,通俗
1908,4,0.5463492516117304,0.23912023962440018,0.0,通知 通告 通知书 通报,通报 通知书 通告 通知,通告 通知书 通报 通知,通知 通告 通知书 通报
1909,2,0.44426838459180407,0.06757408741721854,0.0,通往 通道,通往 通道,通往 通道,通往 通道
1910,1,,0.0,0.0,逞强,逞强,逞强,逞强
1911,1,,0.0,0.0,造福,造福,造福,造福
1912,2,0.4544093358129493,0.14370808227216542,0.0,逢 顺势,顺势 逢,顺势 逢,逢 顺势
1913,2,0.5571324954760193,0.17647140345235923,0.0,遍地 遍,遍地 遍,遍地 遍,遍地 遍
1914,2,0.3889446907377284,0.03104390544225027,0.5,集 部,部 集,部 集,集 部
1915,1,,0.0,0.0,酒鬼,酒鬼,酒鬼,酒鬼
1916,1,,0.0,0.0,里程碑,里程碑,里程碑,里程碑
1917,1,,0.0,0.0,金字塔,金字塔,金字塔,金字塔
1918,1,,0.0,0.0,铺,铺,铺,铺
1919,1,,0.0,0.0,锁,锁,锁,锁
1920,1,,0.0,0.0,锤子,锤子,锤子,锤子
1921,1,,0.0,0.0,长城,长城,长城,长城
1922,1,,0.0,0.0,长征,长征,长征,长征
1923,1,,0.0,0.0,门当户对,门当户对,门当户对,门当户对
1924,1,,0.0,0.0,门槛,门槛,门槛,门槛
1925,2,0.4684035773388766,0.15906770777444768,0.0,闪 闪电,闪 闪电,闪电 闪,闪 闪电
1926,1,,0.0,0.0,闲,闲,闲,闲
1927,3,0.5653253916050432,0.2986649945080478,0.0,阴性 阳性 阴,阴 阳性 阴性,阳性 阴 阴性,阴性 阳性 阴
1928,1,,0.0,0.0,阵,阵,阵,阵
1929,1,,0.0,0.0,阶梯,阶梯,阶梯,阶梯
1930,5,0.44688850125651136,0.06871052221294333,0.0,附加 附带 附 附件 额外,附 附带 附件 额外 附加,额外 附加 附带 附件 附,附加 附带 附 附件 额外
1931,5,0.5451858966566011,0.13557751211954525,0.2,顺手 顺便 随手 随便 顺路,随便 顺路 顺手 顺便 随手,顺路 顺手 顺便 随手 随便,顺手 顺便 随手 随便 顺路
1932,1,,0.0,0.0,随大溜,随大溜,随大溜,随大溜
1933,1,,0.0,0.0,随机,随机,随机,随机
1934,1,,0.0,0.0,隔,隔,隔,隔
1935,1,,0.0,0.0,集体,集体,集体,集体
1936,1,,0.0,0.0,雇主,雇主,雇主,雇主
1937,1,,0.0,0.0,零,零,零,零
1938,1,,0.0,0.0,面对面,面对面,面对面,面对面
1939,1,,0.0,0.0,面面俱到,面面俱到,面面俱到,面面俱到
1940,1,,0.0,0.0,革命,革命,革命,革命
1941,1,,0.0,0.0,饥饿,饥饿,饥饿,饥饿
1942,1,,0.0,0.0,饭碗,饭碗,饭碗,饭碗
1943,1,,0.0,0.0,饱和,饱和,饱和,饱和
1944,1,,0.0,0.0,首都,首都,首都,首都
1945,1,,0.0,0.0,马后炮,马后炮,马后炮,马后炮
1946,1,,0.0,0.0,高昂,高昂,高昂,高昂
1947,1,,0.0,0.0,高明,高明,高明,高明
1948,1,,0.0,0.0,鸟巢,鸟巢,鸟巢,鸟巢
1949,1,,0.0,0.0,齐,齐,齐,齐
