community,size,mean_pair_cosine,mean_cosine_silhouette,negative_silhouette_fraction,representatives,boundary_words,deterministic_sample,all_members,soft_mass,mean_max_membership,mean_normalized_membership_entropy,highest_membership_words,strongest_members_outside_hard_cluster
0,54,0.4328674876503881,0.0840274259509096,0.0,悲伤 | 伤感 | 伤心 | 痛苦 | 悔恨 | 怨恨 | 忧愁 | 悲哀 | 委屈 | 悲痛 | 绝望 | 心酸,伤痕 | 痛 | 牵挂 | 怜惜 | 喜悦 | 呜咽 | 耻辱 | 心里,折磨 | 压抑 | 悲伤 | 心酸 | 心情 | 怨恨 | 内心 | 泪 | 愤怒 | 痛 | 耻辱 | 孤单,悲伤 | 伤感 | 伤心 | 痛苦 | 悔恨 | 怨恨 | 忧愁 | 悲哀 | 委屈 | 悲痛 | 绝望 | 心酸 | 哭泣 | 愤怒 | 凄凉 | 自责 | 恐惧 | 寂寞 | 恨 | 孤独 | 思念 | 忧郁 | 失落 | 烦闷 | 怜惜 | 泪水 | 眼泪 | 呜咽 | 流泪 | 孤单 | 焦虑 | 仇恨 | 泪 | 怨 | 怨气 | 倾诉 | 压抑 | 喜悦 | 痛 | 内心 | 牵挂 | 心里 | 耻辱 | 心情 | 失恋 | 发泄 | 受苦 | 折磨 | 愁 | 心中 | 回忆 | 往事 | 伤痕 | 宣泄,54.00000049255603,0.9999999998860442,4.333987285920782e-10,仇恨:1.000000 | 伤感:1.000000 | 伤痕:1.000000 | 倾诉:1.000000 | 内心:1.000000 | 凄凉:1.000000 | 压抑:1.000000 | 发泄:1.000000 | 受苦:1.000000 | 呜咽:1.000000 | 哭泣:1.000000 | 喜悦:1.000000,
1,44,0.36701606373112255,0.06626235825028788,0.1590909090909091,艰辛 | 磨难 | 风风雨雨 | 艰苦 | 艰险 | 苦难 | 艰难 | 辛苦 | 辛酸 | 经历 | 酸甜苦辣 | 历经,荆棘 | 忍受 | 惨痛 | 悲欢离合 | 辛酸 | 汗水 | 苦难 | 回首,波折 | 经受 | 苦 | 考验 | 挫折 | 路程 | 酸甜苦辣 | 历程 | 苦心 | 风餐露宿 | 漫长 | 奔波,艰辛 | 磨难 | 风风雨雨 | 艰苦 | 艰险 | 苦难 | 艰难 | 辛苦 | 辛酸 | 经历 | 酸甜苦辣 | 历经 | 风雨 | 历程 | 曲折 | 漫长 | 岁月 | 波折 | 苦 | 辛勤 | 路途 | 沧桑 | 惨痛 | 挫折 | 风餐露宿 | 路程 | 奔波 | 经受 | 操劳 | 苦心 | 旅程 | 荆棘 | 悲欢离合 | 艰巨 | 付出 | 汗水 | 忍受 | 洗礼 | 心血 | 考验 | 经过 | 回首 | 度过 | 足迹,44.00000000000006,1.0,3.181207011174193e-16,付出:1.000000 | 历程:1.000000 | 历经:1.000000 | 回首:1.000000 | 奔波:1.000000 | 岁月:1.000000 | 度过:1.000000 | 心血:1.000000 | 忍受:1.000000 | 悲欢离合:1.000000 | 惨痛:1.000000 | 挫折:1.000000,
2,86,0.32937293548942065,0.038088636885643616,0.27906976744186046,山岭 | 大海 | 海面 | 沙漠 | 礁石 | 峡谷 | 雪山 | 山峰 | 海岸 | 天空 | 山谷 | 海浪,热气球 | 小溪 | 黑夜 | 草地 | 雪 | 雾 | 黎明 | 瀑布,瀑布 | 山冈 | 无边 | 流水 | 草原 | 海边 | 太空 | 水域 | 热带 | 山谷 | 海滨 | 海水,山岭 | 大海 | 海面 | 沙漠 | 礁石 | 峡谷 | 雪山 | 山峰 | 海岸 | 天空 | 山谷 | 海浪 | 高山 | 湖泊 | 沼泽 | 沙滩 | 海滩 | 岩石 | 山顶 | 海边 | 草原 | 丘陵 | 海水 | 陆地 | 海洋 | 波涛 | 河流 | 小溪 | 高原 | 岛屿 | 水面 | 悬崖 | 戈壁 | 平原 | 海底 | 森林 | 海滨 | 丛林 | 冰山 | 瀑布 | 蓝天 | 冰雪 | 海域 | 月亮 | 山冈 | 大地 | 火山 | 水域 | 彩霞 | 草地 | 太阳 | 波浪 | 黑夜 | 月球 | 地球 | 山川 | 上空 | 天上 | 星星 | 海湾 | 北极 | 南极 | 雪 | 海拔 | 乌云 | 深处 | 远方 | 彩虹 | 高空 | 地面 | 陨石 | 热气球 | 空中 | 雾 | 阳光 | 热带 | 太空 | 无边 | 海峡 | 闪电 | 天堂 | 黎明 | 汪洋 | 旭日 | 金字塔 | 流水,86.00000001003953,0.9999999999976363,1.100235687155004e-11,上空:1.000000 | 丘陵:1.000000 | 丛林:1.000000 | 乌云:1.000000 | 冰山:1.000000 | 冰雪:1.000000 | 北极:1.000000 | 南极:1.000000 | 地球:1.000000 | 地面:1.000000 | 大地:1.000000 | 大海:1.000000,
3,21,0.42442179731439333,0.17293008433507212,0.047619047619047616,始终 | 一直 | 依然 | 依旧 | 仍然 | 仍旧 | 一向 | 向来 | 一贯 | 仍 | 从来 | 历来,坚守 | 丝毫 | 一如既往 | 多年来 | 常年 | 从来 | 永远 | 长期,始终 | 从来 | 永远 | 一贯 | 仍 | 仍旧 | 一直 | 向来 | 一向 | 丝毫 | 长期以来 | 依然,始终 | 一直 | 依然 | 依旧 | 仍然 | 仍旧 | 一向 | 向来 | 一贯 | 仍 | 从来 | 历来 | 自始至终 | 永远 | 长期以来 | 多年来 | 一如既往 | 常年 | 丝毫 | 长期 | 坚守,21.00000000000003,1.0,8.810600950547731e-19,一向:1.000000 | 一如既往:1.000000 | 一直:1.000000 | 一贯:1.000000 | 丝毫:1.000000 | 仍:1.000000 | 仍旧:1.000000 | 仍然:1.000000 | 从来:1.000000 | 依旧:1.000000 | 依然:1.000000 | 历来:1.000000,
4,51,0.29804932062628275,0.014023179237983166,0.5098039215686274,逐渐 | 逐步 | 能够 | 慢慢 | 渐渐 | 能否 | 无法 | 才能 | 难以 | 能 | 会 | 得以,继续 | 迟迟 | 有朝一日 | 完全 | 如愿以偿 | 再度 | 是否 | 迅速,一经 | 未 | 彻底 | 得以 | 迟早 | 可以 | 重新 | 有朝一日 | 能否 | 潜移默化 | 随时 | 难以,逐渐 | 逐步 | 能够 | 慢慢 | 渐渐 | 能否 | 无法 | 才能 | 难以 | 能 | 会 | 得以 | 必将 | 迟早 | 有望 | 已经 | 将要 | 将 | 尚未 | 轻易 | 已 | 早已 | 何时 | 迅速 | 真正 | 可以 | 重新 | 自然而然 | 再度 | 如何 | 彻底 | 有朝一日 | 正在 | 轻而易举 | 完全 | 随时 | 是否 | 不断 | 迟迟 | 将来 | 未 | 怎样 | 被 | 继续 | 随时随地 | 永不 | 如愿以偿 | 全部 | 正 | 潜移默化 | 一经,51.00045053702078,0.9999999889106295,3.22049008298182e-8,一经:1.000000 | 不断:1.000000 | 何时:1.000000 | 全部:1.000000 | 如何:1.000000 | 如愿以偿:1.000000 | 完全:1.000000 | 将:1.000000 | 将来:1.000000 | 将要:1.000000 | 尚未:1.000000 | 已:1.000000,
5,109,0.2549531473911114,-0.004179673956070074,0.4954128440366973,贸易 | 信贷 | 金融 | 外贸 | 投资 | 房地产 | 外汇 | 销售 | 资产 | 消费 | 进出口 | 银行,苹果 | 汽车 | 买卖 | 私营 | 高价 | 医疗 | 茅台 | 航空,供求 | 劳务 | 货币 | 关税 | 房地产 | 国家 | 海外 | 经营 | 内地 | 对外 | 汽车 | 短期,贸易 | 信贷 | 金融 | 外贸 | 投资 | 房地产 | 外汇 | 销售 | 资产 | 消费 | 进出口 | 银行 | 经营 | 汇率 | 租赁 | 零售 | 商品 | 交易 | 原材料 | 煤炭 | 利润 | 电力 | 外资 | 货币 | 医药 | 资金 | 经济 | 出口 | 外币 | 物流 | 大宗 | 进口 | 供应 | 盈利 | 能源 | 并购 | 石油 | 采购 | 供求 | 资本 | 批发 | 服务业 | 境外 | 监管 | 财务 | 汽车 | 内需 | 供给 | 工业 | 保险 | 物价 | 海外 | 业绩 | 信用 | 医疗 | 股市 | 股票 | 流通 | 人民币 | 收购 | 原料 | 短期 | 合资 | 低价 | 理财 | 订单 | 利率 | 百货 | 劳务 | 定价 | 二手车 | 宏观 | 出售 | 关税 | 环保 | 实体 | 风险 | 电信 | 高价 | 买卖 | 上游 | 基金 | 招标 | 房价 | 财富 | 对外 | 航空 | 下游 | 国有 | 私营 | 国际 | 机构 | 营业 | 股份 | 外部 | 平价 | 开发商 | 传媒 | 内地 | 拍卖 | 发行 | 债 | 回收 | 牌照 | 国家 | 环球 | 茅台 | 中国 | 苹果,108.99791966814642,0.9999732951120873,0.00003962689106829152,上游:1.000000 | 下游:1.000000 | 业绩:1.000000 | 买卖:1.000000 | 交易:1.000000 | 低价:1.000000 | 供应:1.000000 | 供求:1.000000 | 供给:1.000000 | 内需:1.000000 | 出口:1.000000 | 出售:1.000000,
6,95,0.24225470046781894,-0.02553381344894074,0.8,留 | 补 | 取 | 退 | 改 | 寄 | 换 | 减 | 停 | 存 | 移 | 撤,罚 | 递 | 拨 | 流 | 献 | 办 | 淘 | 治,赔 | 溢 | 造 | 拨 | 产 | 发 | 置 | 限 | 充 | 解 | 续 | 采,留 | 补 | 取 | 退 | 改 | 寄 | 换 | 减 | 停 | 存 | 移 | 撤 | 降 | 拆 | 调 | 定 | 交 | 保 | 填 | 裁 | 收 | 充 | 审 | 造 | 赔 | 删 | 递 | 修 | 押 | 加 | 增 | 提 | 进 | 赎 | 运 | 拨 | 发 | 配 | 开 | 销 | 认 | 剩 | 征 | 扩 | 输 | 续 | 罚 | 添 | 耗 | 转 | 租 | 欠 | 采 | 试 | 解 | 投 | 录 | 赐 | 治 | 查 | 缓 | 限 | 迁 | 领 | 赌 | 积 | 废 | 入 | 动 | 消 | 献 | 缩 | 损 | 招 | 混 | 评 | 整 | 办 | 回 | 免 | 流 | 货 | 置 | 溢 | 准 | 照 | 待 | 产 | 制 | 淘 | 满 | 止 | 妥 | 派 | 出,94.99999996310228,0.9999999995998206,1.3827992401848022e-9,交:1.000000 | 保:1.000000 | 修:1.000000 | 停:1.000000 | 充:1.000000 | 免:1.000000 | 入:1.000000 | 准:1.000000 | 删:1.000000 | 制:1.000000 | 加:1.000000 | 动:1.000000,
7,45,0.43243921249366374,0.17118370755230755,0.0,春节 | 清明节 | 中秋节 | 圣诞节 | 元旦 | 元宵节 | 除夕 | 端午节 | 假期 | 节日 | 暑假 | 佳节,来临 | 来年 | 家家户户 | 节 | 初一 | 放假 | 高峰期 | 假日,季节 | 冬季 | 来年 | 夏天 | 节气 | 国庆 | 过节 | 秋天 | 时节 | 节假日 | 圣诞节 | 放假,春节 | 清明节 | 中秋节 | 圣诞节 | 元旦 | 元宵节 | 除夕 | 端午节 | 假期 | 节日 | 暑假 | 佳节 | 长假 | 过年 | 时节 | 新年 | 寒假 | 国庆 | 季节 | 节假日 | 腊月 | 冬天 | 春季 | 过节 | 秋天 | 放假 | 假日 | 夏天 | 农历 | 冬季 | 夏季 | 清明 | 春天 | 旺季 | 暑期 | 节气 | 秋季 | 淡季 | 每逢 | 初一 | 来临 | 高峰期 | 家家户户 | 来年 | 节,45.000005062603265,1.0,5.369702202480532e-22,中秋节:1.000000 | 佳节:1.000000 | 假日:1.000000 | 假期:1.000000 | 元宵节:1.000000 | 元旦:1.000000 | 农历:1.000000 | 冬天:1.000000 | 冬季:1.000000 | 初一:1.000000 | 国庆:1.000000 | 圣诞节:1.000000,
8,87,0.28920490921662323,-0.00047359726470070723,0.4942528735632184,艰苦奋斗 | 团结 | 奋斗 | 拼搏 | 自强不息 | 弘扬 | 发扬 | 伟大 | 英勇 | 光辉 | 勇往直前 | 信念,信念 | 刻苦 | 硕果 | 美德 | 大家庭 | 诚信 | 伸张 | 牢记,事业 | 模范 | 昌盛 | 民族 | 朝气蓬勃 | 全体 | 奋斗 | 刻苦 | 长征 | 伟大 | 革命 | 成才,艰苦奋斗 | 团结 | 奋斗 | 拼搏 | 自强不息 | 弘扬 | 发扬 | 伟大 | 英勇 | 光辉 | 勇往直前 | 信念 | 奋勇 | 奉献 | 光荣 | 富强 | 崇高 | 中华民族 | 发愤图强 | 楷模 | 榜样 | 祖国 | 歌颂 | 社会主义 | 鼓舞 | 胜利 | 旗帜 | 忠于 | 正义 | 朝气蓬勃 | 勇于 | 捍卫 | 爱国 | 发扬光大 | 同舟共济 | 争光 | 尊严 | 自力更生 | 众志成城 | 刻苦 | 革命 | 友谊 | 复兴 | 万古长青 | 和平 | 民族 | 脊梁 | 美德 | 繁荣 | 模范 | 表率 | 鞭策 | 保卫 | 凯歌 | 与时俱进 | 独立自主 | 事业 | 进步 | 神圣 | 成才 | 牢记 | 成就 | 昌盛 | 造福 | 改革开放 | 以身作则 | 正能量 | 振兴 | 党 | 扎根 | 愚公移山 | 投身 | 立功 | 自立 | 硕果 | 解放 | 光明 | 大家庭 | 诚信 | 座右铭 | 伸张 | 长征 | 先锋 | 第一线 | 栋梁 | 全体 | 启迪,86.99995297406755,0.9999994594627192,1.131244921836995e-6,万古长青:1.000000 | 与时俱进:1.000000 | 争光:1.000000 | 事业:1.000000 | 以身作则:1.000000 | 众志成城:1.000000 | 伸张:1.000000 | 保卫:1.000000 | 先锋:1.000000 | 光明:1.000000 | 光荣:1.000000 | 光辉:1.000000,
9,46,0.3238341112943164,0.03200521598922081,0.2826086956521739,公路 | 铁路 | 货运 | 客运 | 码头 | 运输 | 高速公路 | 隧道 | 港口 | 通车 | 集装箱 | 车站,道路 | 目的地 | 跑道 | 两岸 | 天桥 | 便道 | 通行 | 大道,沿途 | 运河 | 码头 | 海运 | 货物 | 通道 | 港 | 入境 | 船 | 线路 | 航运 | 目的地,公路 | 铁路 | 货运 | 客运 | 码头 | 运输 | 高速公路 | 隧道 | 港口 | 通车 | 集装箱 | 车站 | 航运 | 线路 | 货物 | 道路 | 机场 | 船只 | 过境 | 枢纽 | 轮船 | 船舶 | 海运 | 交通 | 沿线 | 桥梁 | 通行 | 运河 | 通道 | 船 | 通往 | 直达 | 站台 | 沿途 | 大道 | 港 | 便道 | 跑道 | 轨道 | 客流 | 入境 | 路线 | 天桥 | 目的地 | 沿 | 两岸,46.00000000967138,0.9999999999999976,1.731937729856005e-14,两岸:1.000000 | 交通:1.000000 | 便道:1.000000 | 入境:1.000000 | 公路:1.000000 | 大道:1.000000 | 天桥:1.000000 | 客流:1.000000 | 客运:1.000000 | 机场:1.000000 | 枢纽:1.000000 | 桥梁:1.000000,
10,108,0.36265139206564717,0.09300689284691686,0.06481481481481481,高中 | 补习 | 学校 | 入学 | 初中 | 课程 | 大学 | 研究生 | 选修 | 本科 | 考试 | 报考,开学 | 试题 | 培训班 | 驾照 | 念书 | 上课 | 学习 | 教材,复习 | 高等 | 考生 | 硕士 | 函授 | 就读 | 班 | 毕业生 | 文凭 | 本科 | 试卷 | 学科,高中 | 补习 | 学校 | 入学 | 初中 | 课程 | 大学 | 研究生 | 选修 | 本科 | 考试 | 报考 | 学期 | 就读 | 上课 | 中学 | 招生 | 年级 | 小学 | 学业 | 升学 | 理科 | 转学 | 毕业 | 学年 | 录取 | 补考 | 考 | 自学 | 毕业生 | 复习 | 学时 | 念书 | 师范 | 教学 | 高考 | 课 | 学分 | 补课 | 开学 | 进修 | 教师 | 口试 | 上学 | 硕士 | 函授 | 文凭 | 班级 | 学位 | 预习 | 备课 | 退学 | 奖学金 | 讲课 | 文科 | 工科 | 攻读 | 必修 | 师资 | 笔试 | 夜校 | 考生 | 招收 | 班 | 求学 | 学习 | 读 | 学科 | 面试 | 学院 | 教材 | 中小学 | 培训 | 留学 | 课堂 | 试卷 | 学 | 功课 | 民办 | 私立 | 实习 | 试题 | 考场 | 家教 | 分数 | 勤工俭学 | 幼儿园 | 科目 | 学堂 | 办学 | 培训班 | 公费 | 夏令营 | 辅导 | 教育部 | 公立 | 驾照 | 志愿 | 及格 | 教 | 初等 | 学士 | 教育 | 答辩 | 社团 | 新生 | 作业 | 高等,107.9997364046488,0.9999975593017498,4.556905917780566e-6,上学:1.000000 | 中学:1.000000 | 中小学:1.000000 | 作业:1.000000 | 入学:1.000000 | 公立:1.000000 | 公费:1.000000 | 函授:1.000000 | 初中:1.000000 | 初等:1.000000 | 办学:1.000000 | 功课:1.000000,
11,54,0.39919195454950795,0.1420261535085342,0.037037037037037035,蛇 | 猫 | 狗 | 鹅 | 狮子 | 公鸡 | 青蛙 | 鸽子 | 鸟 | 鸭子 | 猴 | 母鸡,一头 | 红眼 | 嫦娥 | 吉祥物 | 卵 | 鸡 | 怪物 | 鱼,鸟 | 鹰 | 母鸡 | 猴 | 鼠 | 吉祥物 | 鳄鱼 | 一头 | 青蛙 | 嫦娥 | 虫子 | 怪物,蛇 | 猫 | 狗 | 鹅 | 狮子 | 公鸡 | 青蛙 | 鸽子 | 鸟 | 鸭子 | 猴 | 母鸡 | 兔 | 鳄鱼 | 狼 | 羊 | 鸡 | 猩猩 | 鼠 | 龟 | 虫子 | 动物 | 鹿 | 鱼 | 天鹅 | 大象 | 蜜蜂 | 野兽 | 蚊子 | 鲨鱼 | 大雁 | 燕子 | 豹 | 仙鹤 | 苍蝇 | 猪 | 鹰 | 虎 | 猎犬 | 昆虫 | 恐龙 | 大熊猫 | 怪物 | 宠物 | 熊 | 驯 | 牛 | 骏马 | 卵 | 一头 | 吉祥物 | 凤凰 | 红眼 | 嫦娥,54.00001775179042,1.0,1.8963310384326975e-15,一头:1.000000 | 仙鹤:1.000000 | 兔:1.000000 | 公鸡:1.000000 | 凤凰:1.000000 | 动物:1.000000 | 卵:1.000000 | 吉祥物:1.000000 | 大熊猫:1.000000 | 大象:1.000000 | 大雁:1.000000 | 天鹅:1.000000,
12,35,0.37599432220477946,0.08296477917552846,0.05714285714285714,喧闹 | 荒凉 | 拥挤 | 狭小 | 僻静 | 寂静 | 狭窄 | 空荡荡 | 偏僻 | 沉闷 | 宽敞 | 简陋,朦胧 | 喧哗 | 显眼 | 忙乱 | 孤零零 | 稠密 | 辽阔 | 宽阔,枯燥 | 宽阔 | 忙碌 | 封闭 | 显眼 | 沉闷 | 拥挤 | 狭小 | 陌生 | 僻静 | 熙熙攘攘 | 开阔,喧闹 | 荒凉 | 拥挤 | 狭小 | 僻静 | 寂静 | 狭窄 | 空荡荡 | 偏僻 | 沉闷 | 宽敞 | 简陋 | 熙熙攘攘 | 热闹 | 破旧 | 宽阔 | 单调 | 忙乱 | 繁忙 | 辽阔 | 繁华 | 忙碌 | 枯燥 | 孤零零 | 开阔 | 喧哗 | 遥远 | 平坦 | 杂乱无章 | 陌生 | 笨重 | 显眼 | 稠密 | 朦胧 | 封闭,35.00000000280255,1.0,6.2950314206406105e-19,偏僻:1.000000 | 僻静:1.000000 | 单调:1.000000 | 喧哗:1.000000 | 喧闹:1.000000 | 孤零零:1.000000 | 宽敞:1.000000 | 宽阔:1.000000 | 寂静:1.000000 | 封闭:1.000000 | 平坦:1.000000 | 开阔:1.000000,
13,41,0.2990339304121487,-0.0005323026631431819,0.43902439024390244,审视 | 注视 | 关注 | 关心 | 正视 | 重视 | 思考 | 瞄准 | 看待 | 留心 | 目光 | 观察,围绕 | 支持 | 触动 | 矛头 | 理解 | 对 | 思索 | 眼光,瞄准 | 触动 | 抓住 | 关心 | 揣摩 | 眼光 | 审视 | 对待 | 正视 | 看好 | 当下 | 矛头,审视 | 注视 | 关注 | 关心 | 正视 | 重视 | 思考 | 瞄准 | 看待 | 留心 | 目光 | 观察 | 留意 | 眼光 | 对待 | 注意 | 思索 | 把握 | 抓住 | 对准 | 揣摩 | 顾及 | 看重 | 倾听 | 理解 | 捕捉 | 焦点 | 追踪 | 看好 | 跟踪 | 面对 | 视线 | 当下 | 矛头 | 对 | 重点 | 围绕 | 指向 | 触动 | 低估 | 支持,41.000000000013934,1.0,1.7003990201405729e-16,低估:1.000000 | 倾听:1.000000 | 关心:1.000000 | 关注:1.000000 | 围绕:1.000000 | 审视:1.000000 | 对:1.000000 | 对准:1.000000 | 对待:1.000000 | 当下:1.000000 | 思索:1.000000 | 思考:1.000000,
14,49,0.3935455924707413,0.10605391783697145,0.04081632653061224,看见 | 见到 | 碰见 | 看到 | 遇见 | 听到 | 碰到 | 听见 | 想到 | 想起 | 见过 | 认出,偷看 | 熟悉 | 听见 | 光顾 | 察觉 | 明白 | 隐约 | 看中,见到 | 看中 | 得知 | 察觉 | 找到 | 遇见 | 发现 | 认识 | 认得 | 光顾 | 听到 | 偷看,看见 | 见到 | 碰见 | 看到 | 遇见 | 听到 | 碰到 | 听见 | 想到 | 想起 | 见过 | 认出 | 认得 | 碰上 | 遇到 | 碰巧 | 知道 | 听说 | 梦见 | 目睹 | 遇上 | 发觉 | 晓得 | 望见 | 料到 | 想不到 | 发现 | 得知 | 亲眼 | 记得 | 认识 | 路过 | 结识 | 找到 | 明白 | 见 | 忘不了 | 凑巧 | 有幸 | 偷看 | 偶然 | 回想 | 察觉 | 隐约 | 不见 | 看中 | 熟悉 | 耳闻目睹 | 光顾,49.00000000007586,0.9999999999999692,1.635587950383606e-13,不见:1.000000 | 亲眼:1.000000 | 偶然:1.000000 | 偷看:1.000000 | 光顾:1.000000 | 凑巧:1.000000 | 发现:1.000000 | 发觉:1.000000 | 听到:1.000000 | 听见:1.000000 | 听说:1.000000 | 回想:1.000000,
15,72,0.39809975786452484,0.07775464672026254,0.06944444444444445,治疗 | 疾病 | 急性 | 患者 | 病症 | 确诊 | 癌症 | 病人 | 糖尿病 | 病 | 肿瘤 | 慢性,痴呆 | 休克 | 近视 | 婴儿 | 中毒 | 衰竭 | 创伤 | 伤势,阳性 | 失明 | 艾滋病 | 输液 | 医院 | 伤残 | 霍乱 | 患 | 老年 | 慢性 | 病毒 | 儿科,治疗 | 疾病 | 急性 | 患者 | 病症 | 确诊 | 癌症 | 病人 | 糖尿病 | 病 | 肿瘤 | 慢性 | 患病 | 发病 | 心脏病 | 复发 | 抑郁症 | 高血压 | 病情 | 急诊 | 传染病 | 住院 | 精神病 | 患 | 治愈 | 患有 | 手术 | 诊断 | 艾滋病 | 就诊 | 癌 | 内科 | 出院 | 门诊 | 外科 | 流感 | 痴呆 | 康复 | 儿科 | 打针 | 临床 | 感染 | 治病 | 求医 | 职业病 | 医院 | 看病 | 休克 | 霍乱 | 创伤 | 中毒 | 失明 | 输液 | 免疫 | 会诊 | 传染 | 衰竭 | 近视 | 孕妇 | 后遗症 | 阳性 | 疫苗 | 残疾 | 就医 | 防治 | 伤势 | 阴性 | 病毒 | 晚期 | 伤残 | 婴儿 | 老年,71.99998198419337,0.999999749780452,5.631813204683037e-7,中毒:1.000000 | 休克:1.000000 | 会诊:1.000000 | 传染:1.000000 | 传染病:1.000000 | 伤势:1.000000 | 伤残:1.000000 | 住院:1.000000 | 儿科:1.000000 | 免疫:1.000000 | 内科:1.000000 | 出院:1.000000,
16,27,0.38592263223134615,0.09824504417751401,0.037037037037037035,较量 | 对峙 | 对抗 | 抗衡 | 抗争 | 搏斗 | 较劲 | 交锋 | 争夺 | 针锋相对 | 周旋 | 作对,冷战 | 对立 | 纠缠 | 妥协 | 赛跑 | 阵营 | 激烈 | 辩论,对峙 | 周旋 | 竞争 | 较量 | 针锋相对 | 赛跑 | 作对 | 叫板 | 辩论 | 斗争 | 阵营 | 妥协,较量 | 对峙 | 对抗 | 抗衡 | 抗争 | 搏斗 | 较劲 | 交锋 | 争夺 | 针锋相对 | 周旋 | 作对 | 激烈 | 角逐 | 比试 | 对立 | 竞争 | 讨价还价 | 辩论 | 对弈 | 斗争 | 纠缠 | 叫板 | 妥协 | 赛跑 | 冷战 | 阵营,27.0,1.0,1.0826386622575262e-24,争夺:1.000000 | 交锋:1.000000 | 作对:1.000000 | 冷战:1.000000 | 叫板:1.000000 | 周旋:1.000000 | 妥协:1.000000 | 对峙:1.000000 | 对弈:1.000000 | 对抗:1.000000 | 对立:1.000000 | 抗争:1.000000,
17,26,0.371990982619515,0.09154097555073812,0.0,转动 | 旋转 | 摆动 | 摇晃 | 跳跃 | 弯曲 | 跳动 | 闪烁 | 下坠 | 振动 | 摇摆 | 站立,站立 | 投射 | 触摸 | 飞翔 | 发光 | 磨损 | 撞击 | 行走,物体 | 转动 | 磨损 | 静止 | 触摸 | 摇摆 | 撞击 | 滚动 | 投射 | 操控 | 站立 | 振动,转动 | 旋转 | 摆动 | 摇晃 | 跳跃 | 弯曲 | 跳动 | 闪烁 | 下坠 | 振动 | 摇摆 | 站立 | 伸缩 | 撞击 | 变形 | 奔跑 | 静止 | 飞翔 | 物体 | 行走 | 发光 | 磨损 | 触摸 | 投射 | 操控 | 滚动,26.0,1.0,3.082396716326735e-21,下坠:1.000000 | 伸缩:1.000000 | 发光:1.000000 | 变形:1.000000 | 奔跑:1.000000 | 弯曲:1.000000 | 投射:1.000000 | 振动:1.000000 | 摆动:1.000000 | 摇摆:1.000000 | 摇晃:1.000000 | 撞击:1.000000,
18,70,0.32797861360835745,0.06014076096500545,0.12857142857142856,支票 | 存折 | 身份证 | 银行卡 | 挂失 | 发票 | 汇款 | 收据 | 证件 | 卡片 | 护照 | 车票,上网 | 车牌 | 车号 | 印章 | 过期 | 车票 | 机票 | 窗口,取款 | 凭证 | 账户 | 银行卡 | 机票 | 电子邮件 | 表格 | 取款机 | 号码 | 钱包 | 通行证 | 账号,支票 | 存折 | 身份证 | 银行卡 | 挂失 | 发票 | 汇款 | 收据 | 证件 | 卡片 | 护照 | 车票 | 账单 | 信封 | 号码 | 挂号 | 邮件 | 凭证 | 短信 | 磁卡 | 便条 | 信用卡 | 密码 | 取款 | 信件 | 欠条 | 借条 | 钞票 | 电子邮件 | 一卡通 | 邮局 | 钱包 | 话费 | 付款 | 机票 | 名片 | 印章 | 账号 | 通行证 | 取款机 | 签证 | 账户 | 表格 | 退票 | 信箱 | 签名 | 邮箱 | 零钱 | 邮政 | 电报 | 车牌 | 传真 | 住址 | 彩票 | 卡 | 二维码 | 打印 | 复印 | 月票 | 快递 | 车号 | 地址 | 票 | 告示 | 姓名 | 过期 | 邮编 | 码 | 窗口 | 上网,70.00000736100131,0.999999999873283,4.676356027766065e-10,一卡通:1.000000 | 上网:1.000000 | 传真:1.000000 | 住址:1.000000 | 便条:1.000000 | 信件:1.000000 | 信封:1.000000 | 信用卡:1.000000 | 信箱:1.000000 | 借条:1.000000 | 凭证:1.000000 | 卡:1.000000,
19,45,0.3864584329849866,0.1255928832895386,0.022222222222222223,起诉 | 判决 | 诉讼 | 上诉 | 法院 | 控告 | 驳回 | 裁决 | 裁定 | 法庭 | 被告 | 赔偿,罪 | 查处 | 此事 | 扣押 | 异议 | 受害人 | 举报 | 制裁,驳回 | 惩处 | 罚款 | 原告 | 判 | 提起 | 罪 | 控告 | 处分 | 裁定 | 官司 | 处罚,起诉 | 判决 | 诉讼 | 上诉 | 法院 | 控告 | 驳回 | 裁决 | 裁定 | 法庭 | 被告 | 赔偿 | 案件 | 仲裁 | 原告 | 处罚 | 判处 | 索赔 | 官司 | 惩处 | 拘留 | 侵权 | 判 | 追究 | 当事人 | 罚款 | 不服 | 打官司 | 查处 | 处分 | 调解 | 依法 | 提起 | 投诉 | 扣押 | 举报 | 制裁 | 罪 | 证人 | 异议 | 受害人 | 商标 | 告 | 违约 | 此事,45.00000000361586,0.9999999999999211,4.064273575092467e-13,上诉:1.000000 | 不服:1.000000 | 举报:1.000000 | 仲裁:1.000000 | 依法:1.000000 | 侵权:1.000000 | 判:1.000000 | 判决:1.000000 | 判处:1.000000 | 制裁:1.000000 | 原告:1.000000 | 受害人:1.000000,
20,41,0.35671657761467035,0.07687405599456668,0.0975609756097561,营救 | 救援 | 解救 | 抢救 | 救治 | 救 | 呼救 | 遇险 | 求救 | 急救 | 搜救 | 逃生,守护 | 看护 | 逃跑 | 安抚 | 破案 | 出动 | 保护 | 挽救,逃生 | 应急 | 紧急 | 保护 | 化险为夷 | 报警 | 避难 | 抢救 | 解救 | 解围 | 逃跑 | 危急,营救 | 救援 | 解救 | 抢救 | 救治 | 救 | 呼救 | 遇险 | 求救 | 急救 | 搜救 | 逃生 | 拯救 | 疏散 | 危急 | 紧急 | 求助 | 逃走 | 救命 | 挽救 | 伤员 | 逃跑 | 人质 | 避难 | 撤离 | 报警 | 脱身 | 打捞 | 应急 | 解围 | 搜寻 | 疏导 | 千钧一发 | 安抚 | 看护 | 出动 | 处置 | 化险为夷 | 破案 | 保护 | 守护,41.0,1.0,3.957999302453033e-17,人质:1.000000 | 伤员:1.000000 | 保护:1.000000 | 出动:1.000000 | 化险为夷:1.000000 | 千钧一发:1.000000 | 危急:1.000000 | 呼救:1.000000 | 处置:1.000000 | 守护:1.000000 | 安抚:1.000000 | 应急:1.000000,
21,39,0.3480691167797637,0.0380908378506116,0.20512820512820512,骗人 | 编造 | 吹捧 | 宣扬 | 卖弄 | 夸大 | 谎言 | 谎话 | 歪曲 | 标榜 | 虚假 | 忽悠,宣称 | 模仿 | 他人 | 抄袭 | 山寨 | 歪曲 | 钻空子 | 夸耀,骗 | 掩饰 | 宣传 | 伪装 | 标榜 | 堆砌 | 兜售 | 大肆 | 山寨 | 迷信 | 误导 | 夸大,骗人 | 编造 | 吹捧 | 宣扬 | 卖弄 | 夸大 | 谎言 | 谎话 | 歪曲 | 标榜 | 虚假 | 忽悠 | 炫耀 | 兜售 | 夸耀 | 冒充 | 骗 | 骗子 | 沽名钓誉 | 虚构 | 误导 | 大肆 | 伪装 | 掩饰 | 散布 | 宣传 | 假 | 推销 | 迷信 | 炒作 | 钻空子 | 抄袭 | 灌输 | 堆砌 | 模仿 | 宣称 | 自称 | 山寨 | 他人,39.00004791544869,0.9999999999999912,4.8389599048912095e-14,他人:1.000000 | 伪装:1.000000 | 假:1.000000 | 兜售:1.000000 | 冒充:1.000000 | 卖弄:1.000000 | 吹捧:1.000000 | 堆砌:1.000000 | 大肆:1.000000 | 夸大:1.000000 | 夸耀:1.000000 | 宣传:1.000000,
22,15,0.34374841432701936,0.09053285933763737,0.13333333333333333,选择 | 挑选 | 考虑 | 选 | 考量 | 筛选 | 权衡 | 选项 | 选用 | 决定 | 推荐 | 参考,尝试 | 设定 | 筛选 | 建议 | 决定 | 选用 | 选项 | 参考,选 | 考虑 | 推荐 | 尝试 | 权衡 | 建议 | 挑选 | 筛选 | 选项 | 选择 | 参考 | 考量,选择 | 挑选 | 考虑 | 选 | 考量 | 筛选 | 权衡 | 选项 | 选用 | 决定 | 推荐 | 参考 | 建议 | 尝试 | 设定,15.0,1.0,2.630571260628273e-32,决定:1.000000 | 参考:1.000000 | 尝试:1.000000 | 建议:1.000000 | 挑选:1.000000 | 推荐:1.000000 | 权衡:1.000000 | 筛选:1.000000 | 考虑:1.000000 | 考量:1.000000 | 设定:1.000000 | 选:1.000000,
23,59,0.44629467257085453,0.10453168442673125,0.0,惊讶 | 诧异 | 吃惊 | 惊诧 | 欣喜 | 惊奇 | 欣慰 | 惊叹 | 惋惜 | 赞叹 | 敬佩 | 不解,奇怪 | 好笑 | 失望 | 惭愧 | 遗憾 | 骄傲 | 得意 | 半信半疑,大吃一惊 | 遗憾 | 恍然大悟 | 不禁 | 万分 | 好笑 | 惊喜 | 好奇 | 满意 | 喜出望外 | 赞不绝口 | 感到,惊讶 | 诧异 | 吃惊 | 惊诧 | 欣喜 | 惊奇 | 欣慰 | 惊叹 | 惋惜 | 赞叹 | 敬佩 | 不解 | 钦佩 | 感慨 | 痛心 | 惭愧 | 震惊 | 疑惑 | 佩服 | 哭笑不得 | 自豪 | 羡慕 | 高兴 | 兴奋 | 激动 | 感叹 | 感动 | 失望 | 迷惑不解 | 好笑 | 目瞪口呆 | 恍然大悟 | 大吃一惊 | 不已 | 由衷 | 赞叹不已 | 振奋 | 喜出望外 | 感到 | 好奇 | 不禁 | 奇怪 | 得意 | 同感 | 惊喜 | 遗憾 | 庆幸 | 感触 | 骄傲 | 不以为然 | 恋恋不舍 | 半信半疑 | 满意 | 赞不绝口 | 深思 | 依依不舍 | 意料 | 记忆犹新 | 万分,59.00032915074848,0.9999999999906835,3.9263744945251215e-11,万分:1.000000 | 不以为然:1.000000 | 不已:1.000000 | 不解:1.000000 | 佩服:1.000000 | 依依不舍:1.000000 | 兴奋:1.000000 | 半信半疑:1.000000 | 吃惊:1.000000 | 同感:1.000000 | 哭笑不得:1.000000 | 喜出望外:1.000000,
24,70,0.4150825693659165,0.050690645434014685,0.08571428571428572,沮丧 | 羞愧 | 难过 | 气愤 | 难受 | 心疼 | 为难 | 慌张 | 难为情 | 着急 | 苦恼 | 难堪,不平 | 难过 | 气愤 | 羞愧 | 大惊小怪 | 无聊 | 纳闷儿 | 措手不及,尴尬 | 慌 | 生气 | 后悔 | 沮丧 | 厌烦 | 丢人 | 莫名其妙 | 一筹莫展 | 无可奈何 | 纳闷儿 | 心急如焚,沮丧 | 羞愧 | 难过 | 气愤 | 难受 | 心疼 | 为难 | 慌张 | 难为情 | 着急 | 苦恼 | 难堪 | 害怕 | 扫兴 | 生气 | 厌烦 | 害臊 | 茫然 | 慌 | 愁眉苦脸 | 惊慌 | 焦急 | 别扭 | 过意不去 | 不耐烦 | 不服气 | 后悔 | 垂头丧气 | 尴尬 | 泄气 | 无奈 | 不安 | 狼狈 | 丢脸 | 无可奈何 | 纳闷儿 | 灰心 | 丢人 | 发愁 | 伤脑筋 | 头疼 | 犹豫 | 担心 | 不好意思 | 气馁 | 犯愁 | 介意 | 提心吊胆 | 无聊 | 冤枉 | 情愿 | 吃力 | 犹豫不决 | 倒霉 | 大惊小怪 | 无话可说 | 受不了 | 心急如焚 | 舍不得 | 眼红 | 一筹莫展 | 在意 | 怨言 | 忌讳 | 过不去 | 思前想后 | 莫名其妙 | 措手不及 | 不平 | 身不由己,69.99984376715103,0.9999977529056467,4.1833527656421375e-6,一筹莫展:1.000000 | 不平:1.000000 | 不服气:1.000000 | 不耐烦:1.000000 | 丢人:1.000000 | 丢脸:1.000000 | 为难:1.000000 | 介意:1.000000 | 伤脑筋:1.000000 | 倒霉:1.000000 | 冤枉:1.000000 | 别扭:1.000000,
25,31,0.37980068268039296,0.03553685573398947,0.1935483870967742,冷漠 | 漠然 | 冷静 | 镇定 | 坦然 | 冷淡 | 从容 | 从容不迫 | 语气 | 神态 | 客气 | 沉默,盛气凌人 | 畏惧 | 拘束 | 忍耐 | 爱理不理 | 顺从 | 冷漠 | 神态,居高临下 | 盛气凌人 | 克制 | 漠然 | 毫不 | 拘束 | 言辞 | 镇定 | 耐心 | 沉着 | 严肃 | 从容,冷漠 | 漠然 | 冷静 | 镇定 | 坦然 | 冷淡 | 从容 | 从容不迫 | 语气 | 神态 | 客气 | 沉默 | 畏惧 | 沉着 | 盛气凌人 | 顺从 | 态度 | 言辞 | 严肃 | 胸有成竹 | 言语 | 爱理不理 | 克制 | 忍耐 | 旁观 | 居高临下 | 姿态 | 耐心 | 毫不 | 戒备 | 拘束,31.0000025891351,1.0,4.789691735375259e-16,严肃:1.000000 | 从容:1.000000 | 从容不迫:1.000000 | 克制:1.000000 | 冷淡:1.000000 | 冷漠:1.000000 | 冷静:1.000000 | 坦然:1.000000 | 姿态:1.000000 | 客气:1.000000 | 居高临下:1.000000 | 忍耐:1.000000,
26,84,0.5111460192637866,0.2042026799254693,0.0,姑姑 | 舅舅 | 奶奶 | 姐姐 | 爸爸 | 爸 | 妹妹 | 哥哥 | 嫂子 | 爷爷 | 姥姥 | 妈妈,我 | 父母 | 老家 | 亲生 | 徒弟 | 宝宝 | 女朋友 | 两口子,爷爷 | 父亲 | 女孩儿 | 哥 | 女儿 | 老婆 | 丈夫 | 阿姨 | 老公 | 祖母 | 大姐 | 妹,姑姑 | 舅舅 | 奶奶 | 姐姐 | 爸爸 | 爸 | 妹妹 | 哥哥 | 嫂子 | 爷爷 | 姥姥 | 妈妈 | 妈 | 母亲 | 爹 | 姥爷 | 父亲 | 闺女 | 儿子 | 弟弟 | 媳妇 | 女儿 | 外婆 | 老婆 | 伯母 | 叔叔 | 大姐 | 伯父 | 外公 | 孙女 | 祖母 | 老公 | 大哥 | 丈夫 | 阿姨 | 岳母 | 岳父 | 姐 | 父母 | 大爷 | 妻子 | 娘 | 老太太 | 孙子 | 伯伯 | 太太 | 继父 | 她 | 老伴儿 | 姨 | 孩子 | 继母 | 女婿 | 老头儿 | 妹 | 小孩儿 | 男朋友 | 弟 | 师父 | 丫头 | 女朋友 | 姑娘 | 老人家 | 大妈 | 老汉 | 祖父 | 我 | 他 | 两口子 | 大人 | 亲生 | 女孩儿 | 老师 | 家里 | 小伙子 | 寡妇 | 老家 | 老王 | 男孩儿 | 徒弟 | 哥 | 老大 | 宝宝 | 乡下,84.00714225419276,0.9999999999835726,6.668191864073691e-11,丈夫:1.000000 | 亲生:1.000000 | 他:1.000000 | 伯伯:1.000000 | 伯母:1.000000 | 伯父:1.000000 | 儿子:1.000000 | 叔叔:1.000000 | 哥:1.000000 | 哥哥:1.000000 | 外公:1.000000 | 外婆:1.000000,
27,34,0.3277606130041384,0.09280810505710624,0.11764705882352941,根据 | 按照 | 依照 | 基于 | 源于 | 依据 | 遵照 | 来源于 | 由 | 遵循 | 得益于 | 随着,与 | 据此 | 据 | 顺着 | 顺应 | 符合 | 受 | 取决于,据此 | 伴随 | 在 | 遵照 | 遵循 | 顺着 | 从 | 依据 | 据 | 得益于 | 按照 | 依照,根据 | 按照 | 依照 | 基于 | 源于 | 依据 | 遵照 | 来源于 | 由 | 遵循 | 得益于 | 随着 | 按 | 针对 | 出自 | 参照 | 伴随 | 顺应 | 依 | 来自 | 从 | 符合 | 顺着 | 出于 | 取决于 | 自 | 经 | 于 | 据 | 随 | 在 | 受 | 与 | 据此,34.00000000000014,1.0,5.792372031729486e-19,与:1.000000 | 于:1.000000 | 从:1.000000 | 伴随:1.000000 | 依:1.000000 | 依据:1.000000 | 依照:1.000000 | 出于:1.000000 | 出自:1.000000 | 参照:1.000000 | 取决于:1.000000 | 受:1.000000,
28,48,0.37255143721218736,0.08865591395664434,0.10416666666666667,暴雨 | 干旱 | 天气 | 下雨 | 旱灾 | 下雪 | 刮风 | 寒冷 | 阴天 | 雨水 | 雨 | 灾害,突发 | 遇 | 风和日丽 | 瑞雪 | 瘟疫 | 连绵 | 风浪 | 潮湿,下雨 | 刮风 | 暴风雨 | 雨水 | 预报 | 雨 | 零下 | 风浪 | 低温 | 突发 | 风沙 | 瑞雪,暴雨 | 干旱 | 天气 | 下雨 | 旱灾 | 下雪 | 刮风 | 寒冷 | 阴天 | 雨水 | 雨 | 灾害 | 炎热 | 气温 | 洪水 | 晴朗 | 暴风雨 | 旱 | 晴天 | 水灾 | 打雷 | 涝 | 风沙 | 高温 | 台风 | 潮湿 | 气候 | 结冰 | 多云 | 风浪 | 低温 | 晴 | 瘟疫 | 海啸 | 暴风骤雨 | 连绵 | 停电 | 预报 | 气象 | 零下 | 风暴 | 瑞雪 | 风 | 风和日丽 | 防汛 | 特大 | 突发 | 遇,48.000000000042185,1.0,6.665754044451938e-18,下雨:1.000000 | 下雪:1.000000 | 低温:1.000000 | 停电:1.000000 | 刮风:1.000000 | 台风:1.000000 | 多云:1.000000 | 天气:1.000000 | 寒冷:1.000000 | 干旱:1.000000 | 打雷:1.000000 | 旱:1.000000,
29,61,0.35618278859251334,0.01847951187699279,0.32786885245901637,蠢 | 馋 | 傻 | 乖 | 烦 | 疼 | 惨 | 哭 | 丑 | 逗 | 贱 | 懒,恶心 | 哭 | 歪 | 小偷儿 | 憋 | 吓 | 疼 | 笨,丑 | 闹 | 贼 | 哑 | 帅 | 瘾 | 贪 | 鬼 | 哭 | 乱 | 馋 | 毒,蠢 | 馋 | 傻 | 乖 | 烦 | 疼 | 惨 | 哭 | 丑 | 逗 | 贱 | 懒 | 小偷儿 | 吓 | 胖 | 凶 | 贼 | 吵 | 逼 | 穷 | 鬼 | 怪 | 恶心 | 疯 | 瞎 | 晕 | 脏 | 笨 | 臭 | 憋 | 坏 | 爽 | 醉 | 帅 | 害 | 死 | 歪 | 冤 | 昏 | 累 | 忍 | 贪 | 烂 | 闹 | 哑 | 夸 | 狠 | 饿 | 乱 | 聋 | 惹 | 忘 | 毒 | 邪 | 宠 | 惯 | 瞒 | 亏 | 宰 | 瘾 | 胆,60.99999999978718,0.9999999999961001,1.705721662044941e-11,丑:1.000000 | 乱:1.000000 | 亏:1.000000 | 傻:1.000000 | 冤:1.000000 | 凶:1.000000 | 吓:1.000000 | 吵:1.000000 | 哑:1.000000 | 坏:1.000000 | 夸:1.000000 | 宠:1.000000,
30,70,0.25006840441597017,-0.026781964295449327,0.7285714285714285,许多 | 大多数 | 一些 | 别的 | 那些 | 大部分 | 这些 | 绝大多数 | 不少 | 有的 | 什么 | 多少,不如 | 诸如此类 | 当中 | 只有 | 是 | 什么 | 比不上 | 所谓,所谓 | 最好 | 一半 | 外 | 他们 | 多 | 许多 | 有的 | 一些 | 大部分 | 个别 | 除了,许多 | 大多数 | 一些 | 别的 | 那些 | 大部分 | 这些 | 绝大多数 | 不少 | 有的 | 什么 | 多少 | 所有 | 多数 | 不管 | 任何 | 他们 | 哪些 | 其他 | 没有 | 各种 | 或多或少 | 还有 | 各个 | 除了 | 个别 | 不论 | 少数 | 无论 | 一般 | 它们 | 一部分 | 几 | 有 | 谈不上 | 什么样 | 少有 | 只有 | 之类 | 少不了 | 比不上 | 以外 | 不止 | 一半 | 所谓 | 有的是 | 一定 | 多 | 国外 | 不如 | 诸如此类 | 是 | 最好 | 整个 | 连 | 外国 | 限于 | 的 | 之外 | 远远 | 像样 | 两 | 底层 | 看得见 | 某 | 和 | 无 | 外 | 全 | 当中,70.01140634126114,0.9999994624994595,1.2160718197446513e-6,一些:1.000000 | 一半:1.000000 | 一部分:1.000000 | 不如:1.000000 | 不少:1.000000 | 不止:1.000000 | 不论:1.000000 | 个别:1.000000 | 之外:1.000000 | 之类:1.000000 | 什么样:1.000000 | 以外:1.000000,
31,54,0.3640759767165092,0.07607148361426302,0.0,急忙 | 赶忙 | 连忙 | 慌忙 | 赶紧 | 立刻 | 立即 | 当即 | 毅然 | 纷纷 | 随即 | 火速,私自 | 亲手 | 带头 | 主动 | 趁机 | 郑重 | 曾 | 亲自,亲自 | 争先恐后 | 立刻 | 一再 | 屡次 | 连夜 | 不得已 | 一鼓作气 | 多次 | 只好 | 慌忙 | 带头,急忙 | 赶忙 | 连忙 | 慌忙 | 赶紧 | 立刻 | 立即 | 当即 | 毅然 | 纷纷 | 随即 | 火速 | 马上 | 毫不犹豫 | 连夜 | 只好 | 趁机 | 赶快 | 索性 | 干脆 | 只得 | 特地 | 特意 | 不得不 | 被迫 | 迫不及待 | 执意 | 相继 | 果断 | 三番五次 | 接连 | 再次 | 下令 | 争先恐后 | 先后 | 亲自 | 强行 | 一再 | 一齐 | 不得已 | 不约而同 | 屡次 | 私自 | 当场 | 多次 | 擅自 | 接二连三 | 主动 | 一同 | 郑重 | 一鼓作气 | 曾 | 亲手 | 带头,53.9999999635971,0.9999999993248229,2.3099873690758766e-9,一再:1.000000 | 一同:1.000000 | 一鼓作气:1.000000 | 一齐:1.000000 | 三番五次:1.000000 | 下令:1.000000 | 不得不:1.000000 | 不得已:1.000000 | 不约而同:1.000000 | 主动:1.000000 | 争先恐后:1.000000 | 亲手:1.000000,
32,67,0.24793000834763793,-0.003579692920438872,0.5522388059701493,新型 | 小型 | 新式 | 高档 | 微型 | 中型 | 多功能 | 轻型 | 大型 | 巨型 | 型 | 全新,批 | 克隆 | 专业 | 新款 | 带有 | 入门 | 实用 | 一应俱全,主流 | 原型 | 万能 | 私人 | 系列 | 克隆 | 巨型 | 型号 | 专业 | 尖端 | 新型 | 常见,新型 | 小型 | 新式 | 高档 | 微型 | 中型 | 多功能 | 轻型 | 大型 | 巨型 | 型 | 全新 | 高科技 | 昂贵 | 常规 | 廉价 | 袖珍 | 现代 | 新款 | 豪华 | 国产 | 型号 | 实用 | 通用 | 普通 | 简易 | 高级 | 原装 | 人造 | 现代化 | 名贵 | 传统 | 初级 | 常见 | 超级 | 万能 | 常用 | 纯 | 现成 | 主流 | 全能 | 多种 | 虚拟 | 中级 | 式 | 二手 | 入门 | 尖端 | 仿 | 隐形 | 原型 | 系列 | 专业 | 私人 | 三维 | 替代 | 数码 | 级 | 国内 | 中等 | 复合 | 一应俱全 | 实物 | 带有 | 克隆 | 代号 | 批,66.99999947023224,0.9999999916830945,2.4249488957147595e-8,万能:1.000000 | 三维:1.000000 | 专业:1.000000 | 中型:1.000000 | 中等:1.000000 | 中级:1.000000 | 主流:1.000000 | 人造:1.000000 | 代号:1.000000 | 仿:1.000000 | 传统:1.000000 | 克隆:1.000000,
33,95,0.38369903299775143,0.04994221294240499,0.24210526315789474,凳子 | 箱子 | 椅子 | 棍子 | 钳子 | 垫子 | 绳子 | 桌子 | 柜子 | 杯子 | 梳子 | 毯子,戒指 | 皮包 | 手帕 | 背包 | 把手 | 绷带 | 辫子 | 蚊帐,剪刀 | 背包 | 铲子 | 窗子 | 风筝 | 棍子 | 螺丝 | 毯子 | 子弹 | 桌子 | 剪子 | 栏杆,凳子 | 箱子 | 椅子 | 棍子 | 钳子 | 垫子 | 绳子 | 桌子 | 柜子 | 杯子 | 梳子 | 毯子 | 叉子 | 剪子 | 脸盆 | 刷子 | 枕头 | 衣架 | 铲子 | 筷子 | 水壶 | 竹竿 | 帘子 | 梯子 | 瓶子 | 木板 | 扇子 | 帐子 | 藤椅 | 木头 | 被子 | 剪刀 | 窗子 | 把手 | 钉子 | 盖子 | 书包 | 拉锁 | 盒子 | 钩子 | 皮包 | 蚊帐 | 架子 | 棺材 | 镜子 | 兜儿 | 柱子 | 棍 | 拐杖 | 船桨 | 石头 | 本子 | 吸管 | 手帕 | 筐 | 盘子 | 尺子 | 笼子 | 橡皮 | 炉子 | 卡子 | 皮带 | 辫子 | 斧子 | 禅杖 | 栏杆 | 螺丝 | 管子 | 轮子 | 背包 | 绷带 | 口袋 | 沙子 | 枪 | 花瓶 | 球拍 | 伞 | 床 | 子弹 | 锤子 | 戒指 | 饭碗 | 一长一短 | 砖 | 杠铃 | 风筝 | 棋子 | 秤 | 稻草 | 手枪 | 气球 | 牌子 | 窟窿 | 硬币 | 皮球,94.99976774831988,0.9999975518701683,4.401418141475499e-6,一长一短:1.000000 | 兜儿:1.000000 | 凳子:1.000000 | 刷子:1.000000 | 剪刀:1.000000 | 剪子:1.000000 | 卡子:1.000000 | 叉子:1.000000 | 口袋:1.000000 | 垫子:1.000000 | 尺子:1.000000 | 帐子:1.000000,
34,60,0.4145993133389879,0.0815851953239848,0.08333333333333333,卑鄙 | 凶残 | 愚蠢 | 残忍 | 丑恶 | 可恶 | 凶恶 | 丑陋 | 狡猾 | 邪恶 | 可笑 | 虚伪,狭隘 | 无知 | 尖锐 | 无情无义 | 无能 | 顽固 | 贪婪 | 严厉,愚蠢 | 无知 | 无能 | 虚伪 | 腐朽 | 拙劣 | 腐化 | 可耻 | 冷酷 | 严厉 | 荒诞 | 卑鄙,卑鄙 | 凶残 | 愚蠢 | 残忍 | 丑恶 | 可恶 | 凶恶 | 丑陋 | 狡猾 | 邪恶 | 可笑 | 虚伪 | 奸诈 | 可悲 | 冷酷 | 荒谬 | 可耻 | 残酷 | 荒诞 | 可怕 | 罪恶 | 贪婪 | 猖狂 | 凶狠 | 悲惨 | 冷酷无情 | 阴暗 | 庸俗 | 无知 | 无情无义 | 古怪 | 野蛮 | 拙劣 | 恐怖 | 堕落 | 无能 | 怪异 | 污秽 | 腐朽 | 无情 | 恶 | 黑暗 | 顽固 | 可怜 | 骇人听闻 | 粗暴 | 狭隘 | 渺小 | 恶劣 | 不堪 | 专制 | 糟糕 | 饶恕 | 滑稽 | 腐化 | 疯狂 | 极端 | 严厉 | 尖锐 | 致命,60.000000000185935,0.9999999999962521,1.6740794926598243e-11,不堪:1.000000 | 丑恶:1.000000 | 丑陋:1.000000 | 专制:1.000000 | 严厉:1.000000 | 冷酷:1.000000 | 冷酷无情:1.000000 | 凶恶:1.000000 | 凶残:1.000000 | 凶狠:1.000000 | 卑鄙:1.000000 | 古怪:1.000000,
35,49,0.3622100570368647,0.08248409119624392,0.10204081632653061,弊病 | 难题 | 弊端 | 弱点 | 缺点 | 难点 | 顾虑 | 难处 | 症结 | 问题 | 毛病 | 困惑,烦恼 | 困惑 | 阴影 | 包袱 | 棘手 | 陷阱 | 教训 | 麻烦,好处 | 疑问 | 难题 | 短处 | 误区 | 心病 | 不便 | 疑虑 | 问题 | 症结 | 瓶颈 | 难处,弊病 | 难题 | 弊端 | 弱点 | 缺点 | 难点 | 顾虑 | 难处 | 症结 | 问题 | 毛病 | 困惑 | 缺陷 | 困难 | 好处 | 困境 | 障碍 | 困扰 | 疑问 | 疑虑 | 瓶颈 | 麻烦 | 优点 | 误区 | 坏处 | 烦恼 | 短处 | 隐患 | 难关 | 劣势 | 益处 | 根源 | 出路 | 漏洞 | 挑战 | 心病 | 后顾之忧 | 棘手 | 亮点 | 原因 | 阴影 | 不便 | 对策 | 陷阱 | 办法 | 教训 | 余地 | 要害 | 包袱,49.00000000004655,1.0,4.420197583732409e-20,不便:1.000000 | 亮点:1.000000 | 优点:1.000000 | 余地:1.000000 | 出路:1.000000 | 办法:1.000000 | 劣势:1.000000 | 包袱:1.000000 | 原因:1.000000 | 后顾之忧:1.000000 | 困境:1.000000 | 困惑:1.000000,
36,36,0.3573146716111705,0.017642025903266738,0.4722222222222222,喜糖 | 礼品 | 礼物 | 年夜饭 | 月饼 | 贺卡 | 送礼 | 晚餐 | 鞭炮 | 请柬 | 请客 | 喜酒,盒饭 | 餐 | 蛋糕 | 早餐 | 月饼 | 外卖 | 晚餐 | 午餐,午餐 | 燃放 | 请帖 | 蛋糕 | 嫁妆 | 盒饭 | 餐 | 年夜饭 | 请客 | 晚餐 | 喜酒 | 请柬,喜糖 | 礼品 | 礼物 | 年夜饭 | 月饼 | 贺卡 | 送礼 | 晚餐 | 鞭炮 | 请柬 | 请客 | 喜酒 | 请帖 | 蛋糕 | 午餐 | 敬酒 | 爆竹 | 便饭 | 盒饭 | 蜡烛 | 早餐 | 香烟 | 酒水 | 鲜花 | 焰火 | 红包 | 烟花 | 灯笼 | 餐 | 燃放 | 嫁妆 | 烟火 | 摆设 | 礼 | 送给 | 外卖,35.99999999999933,0.999999999999981,1.0223524841744378e-13,便饭:1.000000 | 午餐:1.000000 | 喜糖:1.000000 | 喜酒:1.000000 | 外卖:1.000000 | 嫁妆:1.000000 | 年夜饭:1.000000 | 摆设:1.000000 | 敬酒:1.000000 | 早餐:1.000000 | 晚餐:1.000000 | 灯笼:1.000000,
37,47,0.31832114775171033,0.04368449591499824,0.06382978723404255,撤销 | 取消 | 废除 | 中止 | 停止 | 拆除 | 终止 | 解散 | 暂停 | 关闭 | 撤换 | 开除,接纳 | 扣留 | 罢免 | 采纳 | 更改 | 报废 | 改为 | 列入,淘汰 | 冻结 | 单方面 | 予以 | 撤换 | 无效 | 取消 | 删除 | 无条件 | 列入 | 剥夺 | 永久,撤销 | 取消 | 废除 | 中止 | 停止 | 拆除 | 终止 | 解散 | 暂停 | 关闭 | 撤换 | 开除 | 吊销 | 删除 | 解除 | 取缔 | 否决 | 没收 | 销毁 | 停业 | 作废 | 不予 | 罢免 | 扣留 | 剥夺 | 收回 | 免除 | 禁止 | 退回 | 冻结 | 强制 | 退出 | 归还 | 更改 | 无效 | 予以 | 无条件 | 淘汰 | 终结 | 报废 | 单方面 | 采纳 | 保留 | 列入 | 改为 | 永久 | 接纳,47.00000000128544,0.9999999999933983,2.8525864187308e-11,不予:1.000000 | 中止:1.000000 | 予以:1.000000 | 作废:1.000000 | 保留:1.000000 | 停业:1.000000 | 停止:1.000000 | 免除:1.000000 | 关闭:1.000000 | 冻结:1.000000 | 列入:1.000000 | 删除:1.000000,
38,45,0.42256104785856713,0.15903410494774783,0.022222222222222223,体操 | 乒乓球 | 田径 | 篮球 | 排球 | 网球 | 滑冰 | 羽毛球 | 举重 | 游泳 | 摔跤 | 棒球,魔术 | 啦啦队 | 扑克 | 业余 | 竞赛 | 登山 | 集邮 | 航海,扑克 | 划船 | 俱乐部 | 帆船 | 排球 | 冲浪 | 篮球 | 羽毛球 | 足球 | 健美 | 网球 | 田径,体操 | 乒乓球 | 田径 | 篮球 | 排球 | 网球 | 滑冰 | 羽毛球 | 举重 | 游泳 | 摔跤 | 棒球 | 台球 | 滑雪 | 武术 | 跳高 | 跳远 | 足球 | 高尔夫球 | 运动员 | 帆船 | 健美 | 运动会 | 射击 | 健身 | 登山 | 长跑 | 太极拳 | 竞技 | 划船 | 跳伞 | 冲浪 | 龙舟 | 体育 | 运动 | 赛车 | 啦啦队 | 跳水 | 业余 | 竞赛 | 集邮 | 扑克 | 俱乐部 | 航海 | 魔术,45.00000156514564,0.9999999999999993,2.234327342631554e-15,业余:1.000000 | 举重:1.000000 | 乒乓球:1.000000 | 体操:1.000000 | 体育:1.000000 | 俱乐部:1.000000 | 健美:1.000000 | 健身:1.000000 | 冲浪:1.000000 | 划船:1.000000 | 台球:1.000000 | 啦啦队:1.000000,
39,79,0.32574866832016747,-0.0023136511765078113,0.5443037974683544,缠 | 绷 | 兜 | 钉 | 裹 | 绑 | 夹 | 垂 | 斜 | 缝 | 罩 | 拴,肩 | 鼓 | 扭 | 勾 | 撑 | 扣 | 拖 | 刺,绑 | 倚 | 露 | 鼓 | 牵 | 撑 | 梳 | 拴 | 斜 | 扭 | 勾 | 捆,缠 | 绷 | 兜 | 钉 | 裹 | 绑 | 夹 | 垂 | 斜 | 缝 | 罩 | 拴 | 拱 | 竖 | 钩 | 吊 | 镶 | 翘 | 仰 | 背 | 弯 | 挽 | 伸 | 粘 | 凹 | 垫 | 肩 | 挂 | 撑 | 搭 | 扎 | 绣 | 扭 | 倚 | 悬 | 牵 | 横 | 拄 | 挎 | 压 | 叠 | 勾 | 梳 | 遮 | 捆 | 拖 | 凸 | 盖 | 插 | 绕 | 卧 | 扁 | 贴 | 窝 | 刺 | 露 | 坠 | 弓 | 脱 | 叉 | 塞 | 铺 | 圆 | 鼓 | 勒 | 顶 | 围 | 截 | 披 | 闭 | 锁 | 织 | 扣 | 尖 | 托 | 裸 | 结 | 包裹 | 隔,78.99993137726261,0.9999991313576999,1.7404375426307625e-6,仰:1.000000 | 伸:1.000000 | 倚:1.000000 | 兜:1.000000 | 凸:1.000000 | 凹:1.000000 | 勒:1.000000 | 勾:1.000000 | 包裹:1.000000 | 卧:1.000000 | 叠:1.000000 | 吊:1.000000,
40,52,0.35752678976205404,0.04526826446762376,0.23076923076923078,白色 | 花纹 | 颜色 | 圆形 | 鲜艳 | 翠绿 | 形状 | 光滑 | 光泽 | 黄色 | 晶莹 | 线条,碧绿 | 翠绿 | 花瓣 | 搭配 | 外表 | 脱落 | 美观 | 鲜艳,灰色 | 颜色 | 光泽 | 搭配 | 色 | 背面 | 绿色 | 造型 | 碧绿 | 美观 | 表面 | 遮盖,白色 | 花纹 | 颜色 | 圆形 | 鲜艳 | 翠绿 | 形状 | 光滑 | 光泽 | 黄色 | 晶莹 | 线条 | 灰色 | 碧绿 | 黑色 | 五颜六色 | 蓝色 | 红色 | 轮廓 | 斑点 | 坚硬 | 点缀 | 色 | 美观 | 造型 | 外观 | 花瓣 | 外形 | 棱角 | 镶嵌 | 背面 | 质地 | 彩色 | 遮盖 | 形 | 装饰 | 外表 | 衬托 | 荧光 | 酷似 | 朱红 | 醒目 | 脱落 | 搭配 | 裸露 | 绿色 | 贝壳 | 黑白 | 表面 | 透明 | 排列 | 立体,51.9999999999989,0.9999999999999776,1.2300373738038225e-13,五颜六色:1.000000 | 光泽:1.000000 | 光滑:1.000000 | 圆形:1.000000 | 坚硬:1.000000 | 外形:1.000000 | 外表:1.000000 | 外观:1.000000 | 形:1.000000 | 形状:1.000000 | 彩色:1.000000 | 排列:1.000000,
41,56,0.28906428445449706,0.027012960546703404,0.35714285714285715,宽度 | 厘米 | 直径 | 厚度 | 长度 | 尺 | 毫米 | 重量 | 千克 | 米 | 公斤 | 尺寸,分量 | 阻力 | 直线 | 分钟 | 平面 | 上下 | 间隔 | 长短,分量 | 间隙 | 毫米 | 口径 | 倍 | 左右 | 米 | 尺寸 | 桶 | 身高 | 尺度 | 距离,宽度 | 厘米 | 直径 | 厚度 | 长度 | 尺 | 毫米 | 重量 | 千克 | 米 | 公斤 | 尺寸 | 公里 | 平方 | 体积 | 磅 | 斤 | 宽 | 体重 | 距离 | 立方米 | 寸 | 焦距 | 摄氏度 | 平方米 | 秒 | 吨 | 马力 | 误差 | 全长 | 间隔 | 身高 | 距 | 左右 | 尺度 | 立方 | 落差 | 倍 | 大小 | 分钟 | 高度 | 平面 | 以内 | 角 | 克 | 长短 | 口径 | 极限 | 桶 | 分量 | 间隙 | 之内 | 阻力 | 分 | 直线 | 上下,56.000000000015156,0.9999999999999533,2.438994029920054e-13,上下:1.000000 | 之内:1.000000 | 以内:1.000000 | 体重:1.000000 | 倍:1.000000 | 克:1.000000 | 全长:1.000000 | 公斤:1.000000 | 公里:1.000000 | 分:1.000000 | 分量:1.000000 | 千克:1.000000,
42,40,0.3159596824955115,0.047302677148844556,0.15,相连 | 衔接 | 相通 | 相辅相成 | 紧密 | 贯通 | 连接 | 重叠 | 融合 | 重合 | 相互 | 结合,紧紧 | 环绕 | 间 | 吻合 | 对称 | 密切 | 密不可分 | 并列,相辅相成 | 互补 | 重叠 | 呼应 | 并列 | 对称 | 隔离 | 相连 | 分开 | 结合 | 贯通 | 密切,相连 | 衔接 | 相通 | 相辅相成 | 紧密 | 贯通 | 连接 | 重叠 | 融合 | 重合 | 相互 | 结合 | 呼应 | 并行 | 互补 | 隔开 | 吻合 | 交叉 | 分开 | 之间 | 纵横交错 | 接轨 | 分离 | 错位 | 密不可分 | 匹配 | 汇合 | 密切 | 贯穿 | 兼容 | 纽带 | 一体 | 紧紧 | 环绕 | 有机 | 对称 | 隔离 | 并列 | 间 | 内外,39.999999586371395,0.9999999890533626,3.231596387226254e-8,一体:1.000000 | 之间:1.000000 | 互补:1.000000 | 交叉:1.000000 | 兼容:1.000000 | 内外:1.000000 | 分开:1.000000 | 分离:1.000000 | 匹配:1.000000 | 吻合:1.000000 | 呼应:1.000000 | 密不可分:1.000000,
43,58,0.3799752939333507,0.06351160097742051,0.06896551724137931,简洁 | 新颖 | 别致 | 精妙 | 细腻 | 精致 | 生动 | 质朴 | 引人入胜 | 优美 | 流畅 | 工整,质朴 | 通顺 | 得体 | 朴素 | 冗长 | 严谨 | 含蓄 | 优美,简单 | 得体 | 丰富多彩 | 新奇 | 引人入胜 | 古朴 | 优美 | 多样 | 深奥 | 动人 | 美妙 | 绘声绘色,简洁 | 新颖 | 别致 | 精妙 | 细腻 | 精致 | 生动 | 质朴 | 引人入胜 | 优美 | 流畅 | 工整 | 含蓄 | 古朴 | 动人 | 美妙 | 精美 | 逼真 | 得体 | 贴切 | 巧妙 | 酣畅 | 朴素 | 有趣 | 精练 | 感人 | 新奇 | 扣人心弦 | 严谨 | 华丽 | 深奥 | 别具匠心 | 夸张 | 富有 | 独特 | 鲜明 | 委婉 | 耐人寻味 | 精彩 | 精细 | 生硬 | 简单 | 丰富多彩 | 紧凑 | 恰到好处 | 恰如其分 | 宏大 | 讲究 | 完美 | 简短 | 多样 | 绘声绘色 | 冗长 | 画龙点睛 | 鲜活 | 通俗 | 有声有色 | 通顺,57.99999202299397,0.9999998532733607,3.509890867321363e-7,严谨:1.000000 | 丰富多彩:1.000000 | 优美:1.000000 | 冗长:1.000000 | 别具匠心:1.000000 | 别致:1.000000 | 动人:1.000000 | 华丽:1.000000 | 古朴:1.000000 | 含蓄:1.000000 | 多样:1.000000 | 夸张:1.000000,
44,60,0.3442326602018644,0.019539230833945376,0.36666666666666664,劝告 | 恳求 | 劝说 | 哀求 | 答应 | 劝 | 劝阻 | 质问 | 催促 | 理睬 | 说服 | 反驳,附和 | 反问 | 反驳 | 抗议 | 原谅 | 暗示 | 理睬 | 辩护,辩护 | 劝说 | 告诫 | 拒绝 | 说情 | 事后 | 质问 | 阻拦 | 答复 | 反问 | 回信 | 交代,劝告 | 恳求 | 劝说 | 哀求 | 答应 | 劝 | 劝阻 | 质问 | 催促 | 理睬 | 说服 | 反驳 | 拒绝 | 推辞 | 辩解 | 嘱咐 | 吩咐 | 告诫 | 叮嘱 | 安慰 | 道歉 | 认错 | 反问 | 乞求 | 再三 | 请求 | 阻拦 | 原谅 | 理会 | 不肯 | 说情 | 照办 | 承认 | 答复 | 警告 | 附和 | 听从 | 否认 | 回信 | 发誓 | 让步 | 交代 | 死心 | 抗议 | 退让 | 回应 | 转达 | 屈服 | 命令 | 同意 | 坦白 | 暗示 | 出面 | 声称 | 辩护 | 施压 | 赞成 | 不顾 | 口头 | 事后,59.999952084545505,0.9999992014090272,1.649847945650851e-6,不肯:1.000000 | 不顾:1.000000 | 乞求:1.000000 | 事后:1.000000 | 交代:1.000000 | 催促:1.000000 | 再三:1.000000 | 出面:1.000000 | 劝:1.000000 | 劝告:1.000000 | 劝说:1.000000 | 劝阻:1.000000,
45,64,0.3308246283664458,0.0013426080987075512,0.4375,肥皂 | 工艺品 | 塑料 | 牙刷 | 洗涤剂 | 丝绸 | 地毯 | 首饰 | 圆珠笔 | 家具 | 洗衣粉 | 牙膏,纽扣 | 首饰 | 烟 | 沐浴露 | 刺绣 | 香水 | 纱 | 照相,圆珠笔 | 洗衣粉 | 金属 | 纱 | 毛笔 | 墨水 | 文具 | 塑料袋 | 玻璃 | 肥皂 | 胶水 | 制品,肥皂 | 工艺品 | 塑料 | 牙刷 | 洗涤剂 | 丝绸 | 地毯 | 首饰 | 圆珠笔 | 家具 | 洗衣粉 | 牙膏 | 火柴 | 瓷器 | 陶瓷 | 文具 | 尼龙 | 墨水 | 铅笔 | 钢笔 | 制品 | 漆 | 刺绣 | 毛笔 | 瓷 | 玩具 | 珠宝 | 印刷 | 香水 | 胶带 | 用品 | 沐浴露 | 蜡 | 玻璃 | 胶水 | 纽扣 | 纺织 | 药水 | 纸 | 宝石 | 橡胶 | 化纤 | 易拉罐 | 纱 | 纤维 | 金属 | 物品 | 手工 | 包装 | 胶片 | 塑料袋 | 水晶 | 钻石 | 珍珠 | 古董 | 棉 | 烟 | 布 | 贵重 | 成品 | 铅 | 废品 | 膜 | 照相,64.00067017683195,0.9999999999951474,2.1918403164261357e-11,丝绸:1.000000 | 制品:1.000000 | 刺绣:1.000000 | 包装:1.000000 | 化纤:1.000000 | 印刷:1.000000 | 古董:1.000000 | 圆珠笔:1.000000 | 地毯:1.000000 | 塑料:1.000000 | 塑料袋:1.000000 | 墨水:1.000000,
46,25,0.34709619397661307,0.053590369013777624,0.08,强大 | 坚实 | 坚强 | 坚韧 | 强劲 | 顽强 | 坚固 | 稳固 | 坚定 | 强硬 | 牢固 | 强烈,沉重 | 坚韧 | 动摇 | 强硬 | 凶猛 | 长久 | 势不可当 | 微弱,有力 | 坚固 | 强硬 | 韧性 | 后盾 | 沉重 | 动摇 | 高昂 | 微弱 | 坚强 | 凶猛 | 势不可当,强大 | 坚实 | 坚强 | 坚韧 | 强劲 | 顽强 | 坚固 | 稳固 | 坚定 | 强硬 | 牢固 | 强烈 | 持久 | 猛烈 | 有力 | 凶猛 | 韧性 | 强 | 沉重 | 长久 | 后盾 | 微弱 | 势不可当 | 动摇 | 高昂,25.0,1.0,8.805735891207387e-22,凶猛:1.000000 | 动摇:1.000000 | 势不可当:1.000000 | 后盾:1.000000 | 坚固:1.000000 | 坚定:1.000000 | 坚实:1.000000 | 坚强:1.000000 | 坚韧:1.000000 | 强:1.000000 | 强劲:1.000000 | 强大:1.000000,
47,51,0.3640455248090599,0.021520709638105675,0.39215686274509803,热气 | 烫 | 凉水 | 淋 | 热水 | 冷水 | 开水 | 蒸 | 腥 | 凉 | 冻 | 熏,喝 | 热腾腾 | 蒸 | 呛 | 鼻涕 | 熬 | 炭 | 稠,桑拿 | 灼热 | 闷 | 冷水 | 滋润 | 喝 | 尿 | 泥 | 鼻涕 | 热 | 水 | 热水,热气 | 烫 | 凉水 | 淋 | 热水 | 冷水 | 开水 | 蒸 | 腥 | 凉 | 冻 | 熏 | 暖烘烘 | 泡 | 冷 | 闷 | 水 | 熬 | 热腾腾 | 喝 | 灼热 | 渴 | 湿 | 鼻涕 | 刺骨 | 暖和 | 呛 | 湿润 | 上火 | 稠 | 泥 | 黏 | 火辣辣 | 沏 | 灌 | 沸腾 | 暖 | 饱 | 酸 | 火 | 尿 | 口水 | 热 | 滋润 | 汗 | 冰 | 滴 | 敷 | 粪 | 桑拿 | 炭,51.000068310809255,0.9999999999853711,6.118191920528483e-11,上火:1.000000 | 冰:1.000000 | 冷:1.000000 | 冷水:1.000000 | 冻:1.000000 | 凉:1.000000 | 凉水:1.000000 | 刺骨:1.000000 | 口水:1.000000 | 呛:1.000000 | 喝:1.000000 | 尿:1.000000,
48,50,0.24789630019352596,-0.02478238033141615,0.78,平衡 | 顺畅 | 有序 | 均衡 | 协调 | 调节 | 良性 | 运转 | 稳定 | 适度 | 通畅 | 畅通,放松 | 脉搏 | 交接 | 到位 | 同步 | 换位 | 恢复 | 天平,交接 | 转换 | 转向 | 均衡 | 有序 | 正常 | 适度 | 为主 | 脉搏 | 倾斜 | 到位 | 流动,平衡 | 顺畅 | 有序 | 均衡 | 协调 | 调节 | 良性 | 运转 | 稳定 | 适度 | 通畅 | 畅通 | 正常 | 运行 | 转换 | 交替 | 双向 | 流动 | 倾斜 | 横向 | 调度 | 快速 | 轮换 | 同步 | 动态 | 弹性 | 过渡 | 常态 | 回归 | 配合 | 调控 | 重心 | 转向 | 转移 | 流转 | 循环 | 恢复 | 流向 | 放松 | 曲线 | 到位 | 换位 | 交接 | 局部 | 松绑 | 脉搏 | 介入 | 为主 | 跨 | 天平,50.000000000012626,1.0,7.031774237242709e-17,为主:1.000000 | 交接:1.000000 | 交替:1.000000 | 介入:1.000000 | 倾斜:1.000000 | 到位:1.000000 | 动态:1.000000 | 协调:1.000000 | 双向:1.000000 | 同步:1.000000 | 回归:1.000000 | 均衡:1.000000,
49,44,0.36881907336260333,0.09236662762261862,0.045454545454545456,诈骗 | 盗窃 | 走私 | 贿赂 | 贪污 | 倒卖 | 敲诈 | 受贿 | 非法 | 假冒 | 犯罪 | 违法,恶意 | 伪造 | 黑心 | 弄虚作假 | 倾销 | 窃取 | 吸毒 | 分赃,不正之风 | 团伙 | 造假 | 违规 | 违法 | 非法 | 盗 | 敲诈 | 伪造 | 盗版 | 分赃 | 黑心,诈骗 | 盗窃 | 走私 | 贿赂 | 贪污 | 倒卖 | 敲诈 | 受贿 | 非法 | 假冒 | 犯罪 | 违法 | 欺诈 | 团伙 | 作弊 | 涉嫌 | 回扣 | 赌博 | 违规 | 盗版 | 贩卖 | 钱财 | 公款 | 伪造 | 造假 | 毒品 | 窃取 | 腐败 | 弄虚作假 | 盗 | 暴利 | 财物 | 滥用 | 吸毒 | 走后门 | 劣质 | 恶意 | 黑心 | 分赃 | 不正之风 | 投机 | 垄断 | 倾销 | 水货,44.00000000000017,1.0,2.242962719935197e-18,不正之风:1.000000 | 伪造:1.000000 | 作弊:1.000000 | 倒卖:1.000000 | 倾销:1.000000 | 假冒:1.000000 | 公款:1.000000 | 分赃:1.000000 | 劣质:1.000000 | 受贿:1.000000 | 吸毒:1.000000 | 回扣:1.000000,
50,26,0.3408531126161327,0.07502135084541973,0.038461538461538464,推迟 | 耽搁 | 耽误 | 拖延 | 延期 | 延误 | 延缓 | 提早 | 延长 | 中断 | 缩短 | 中途,暂时 | 短暂 | 错过 | 无故 | 日期 | 停顿 | 搁浅 | 间断,提早 | 缩短 | 短暂 | 延长 | 错过 | 缺席 | 耽误 | 中途 | 停顿 | 日期 | 搁浅 | 过早,推迟 | 耽搁 | 耽误 | 拖延 | 延期 | 延误 | 延缓 | 提早 | 延长 | 中断 | 缩短 | 中途 | 搁置 | 迟 | 提前 | 错过 | 过早 | 停顿 | 时间 | 缺席 | 搁浅 | 无故 | 间断 | 暂时 | 短暂 | 日期,26.0,1.0,3.689129518269339e-29,中断:1.000000 | 中途:1.000000 | 停顿:1.000000 | 延期:1.000000 | 延缓:1.000000 | 延误:1.000000 | 延长:1.000000 | 拖延:1.000000 | 推迟:1.000000 | 提前:1.000000 | 提早:1.000000 | 搁浅:1.000000,
51,73,0.3525806075125864,-0.0006199878587168644,0.547945205479452,捡 | 扔 | 拎 | 睡 | 躺 | 搬 | 扛 | 躲 | 坐 | 遛 | 蹲 | 伺候,掏 | 拍 | 扔 | 挤 | 趴 | 揣 | 捉 | 跪,弄 | 折腾 | 呆 | 挑 | 歇 | 驮 | 打发 | 爬 | 耍 | 蹲 | 拎 | 伺候,捡 | 扔 | 拎 | 睡 | 躺 | 搬 | 扛 | 躲 | 坐 | 遛 | 蹲 | 伺候 | 丢 | 搀 | 捎 | 耍 | 放 | 爬 | 揣 | 弄 | 掏 | 挑 | 买 | 趴 | 喂 | 搁 | 抱 | 拿 | 走 | 呆 | 找 | 赶 | 晃荡 | 忙活 | 攒 | 挤 | 拣 | 侍候 | 收拾 | 偷 | 逮 | 摆 | 逛 | 捉 | 跑 | 陪 | 凑 | 转悠 | 拍 | 跪 | 折腾 | 干 | 送 | 忙 | 背着 | 盯 | 卖 | 哄 | 聊 | 装 | 接 | 驮 | 看 | 歇 | 活 | 扮 | 晒 | 打发 | 带 | 挪 | 守 | 住 | 站,72.99999999969934,0.9999999999957426,1.867464049569227e-11,丢:1.000000 | 买:1.000000 | 伺候:1.000000 | 住:1.000000 | 侍候:1.000000 | 偷:1.000000 | 凑:1.000000 | 卖:1.000000 | 呆:1.000000 | 喂:1.000000 | 坐:1.000000 | 守:1.000000,
52,22,0.40846242223356444,0.12752256605974052,0.13636363636363635,期盼 | 盼望 | 期望 | 渴望 | 期待 | 希望 | 愿望 | 盼 | 奢望 | 梦想 | 幻想 | 心愿,忧虑 | 挂念 | 担忧 | 等待 | 怀抱 | 梦 | 呼唤 | 心愿,挂念 | 渴望 | 奢望 | 等待 | 望 | 希望 | 愿望 | 担忧 | 幻想 | 忧虑 | 期待 | 怀抱,期盼 | 盼望 | 期望 | 渴望 | 期待 | 希望 | 愿望 | 盼 | 奢望 | 梦想 | 幻想 | 心愿 | 指望 | 寄托 | 挂念 | 呼唤 | 望 | 忧虑 | 担忧 | 怀抱 | 梦 | 等待,22.000000000405382,1.0,1.4513565003170679e-24,呼唤:1.000000 | 奢望:1.000000 | 寄托:1.000000 | 希望:1.000000 | 幻想:1.000000 | 心愿:1.000000 | 忧虑:1.000000 | 怀抱:1.000000 | 愿望:1.000000 | 担忧:1.000000 | 挂念:1.000000 | 指望:1.000000,
53,34,0.3335790976982948,-0.0005964469137213192,0.5294117647058824,服务员 | 司机 | 师傅 | 护士 | 售货员 | 导游 | 医生 | 警察 | 老板 | 小贩 | 保安 | 民警,小王 | 班长 | 大夫 | 女士 | 师傅 | 主人 | 经理 | 修车,老板 | 民警 | 警官 | 小贩 | 顾客 | 护士 | 修车 | 水手 | 路人 | 司机 | 摄影师 | 商贩,服务员 | 司机 | 师傅 | 护士 | 售货员 | 导游 | 医生 | 警察 | 老板 | 小贩 | 保安 | 民警 | 房东 | 路人 | 顾客 | 警官 | 商贩 | 车主 | 客人 | 主人 | 小王 | 修车 | 班长 | 员 | 大夫 | 摄影师 | 管家 | 向导 | 经理 | 前台 | 水手 | 女士 | 中介 | 带路,34.00000000017517,1.0,3.820210220119667e-16,中介:1.000000 | 主人:1.000000 | 保安:1.000000 | 修车:1.000000 | 前台:1.000000 | 医生:1.000000 | 司机:1.000000 | 向导:1.000000 | 员:1.000000 | 售货员:1.000000 | 商贩:1.000000 | 大夫:1.000000,
54,60,0.3242502726294267,-0.0062992299714110635,0.5666666666666667,偷偷 | 顺手 | 下意识 | 忍不住 | 悄悄 | 使劲 | 小心翼翼 | 顺便 | 匆匆 | 伸手 | 随便 | 情不自禁,使劲 | 转身 | 回头 | 情不自禁 | 停下 | 一手 | 伸手 | 张扬,随手 | 偷偷 | 空儿 | 情不自禁 | 随意 | 小心翼翼 | 顺势 | 匆匆 | 从头 | 一口气 | 趁 | 顾不得,偷偷 | 顺手 | 下意识 | 忍不住 | 悄悄 | 使劲 | 小心翼翼 | 顺便 | 匆匆 | 伸手 | 随便 | 情不自禁 | 下楼 | 随手 | 懒得 | 拼命 | 匆忙 | 帮忙 | 回头 | 不由自主 | 默默 | 空儿 | 顾不得 | 连滚带爬 | 时不时 | 小心 | 转身 | 来不及 | 顾不上 | 去 | 不经意 | 停下 | 来得及 | 顺路 | 过来 | 随意 | 缓缓 | 留神 | 稍稍 | 先 | 灵机一动 | 不假思索 | 往 | 刻意 | 稍微 | 帮 | 独自 | 把 | 顺势 | 出去 | 一口气 | 无意 | 趁 | 勉强 | 来 | 张扬 | 地 | 直接 | 从头 | 一手,59.99999308136308,0.9999998751579994,3.085875215982234e-7,一口气:1.000000 | 一手:1.000000 | 下意识:1.000000 | 不假思索:1.000000 | 不由自主:1.000000 | 不经意:1.000000 | 从头:1.000000 | 伸手:1.000000 | 使劲:1.000000 | 停下:1.000000 | 偷偷:1.000000 | 先:1.000000,
55,51,0.3150105945119796,0.02759291313829477,0.23529411764705882,流淌 | 展现 | 绽放 | 荡漾 | 洋溢 | 孕育 | 弥漫 | 焕发 | 蕴涵 | 笼罩 | 蕴藏 | 流露,寻觅 | 寓意 | 沉浸 | 布满 | 演绎 | 之中 | 领略 | 激起,荡漾 | 蕴藏 | 烘托 | 寻觅 | 扑面而来 | 渗透 | 重现 | 折射 | 凝聚 | 寓意 | 随处可见 | 见证,流淌 | 展现 | 绽放 | 荡漾 | 洋溢 | 孕育 | 弥漫 | 焕发 | 蕴涵 | 笼罩 | 蕴藏 | 流露 | 凝聚 | 浮现 | 散发 | 光芒 | 充满 | 照耀 | 显出 | 汇聚 | 布满 | 耸立 | 显现 | 呈现 | 领略 | 演绎 | 扑面而来 | 折射 | 屹立 | 重现 | 烘托 | 再现 | 积淀 | 汇集 | 象征 | 承载 | 沉浸 | 预示 | 激起 | 点燃 | 降临 | 随处可见 | 哺育 | 遍布 | 见证 | 寻觅 | 渗透 | 徐徐 | 寓意 | 传递 | 之中,50.99999999999778,0.9999999999999565,2.289198718087741e-13,之中:1.000000 | 传递:1.000000 | 充满:1.000000 | 光芒:1.000000 | 再现:1.000000 | 凝聚:1.000000 | 呈现:1.000000 | 哺育:1.000000 | 孕育:1.000000 | 寓意:1.000000 | 寻觅:1.000000 | 屹立:1.000000,
56,60,0.34401030026350915,0.02969385308387536,0.2833333333333333,忽然 | 突然 | 果然 | 猛然 | 这时 | 顿时 | 这时候 | 转眼 | 恰巧 | 不料 | 刚好 | 终于,每当 | 照例 | 不知 | 果真 | 到 | 多亏 | 仿佛 | 又,只见 | 一瞬间 | 眼看 | 幸亏 | 此时 | 这时候 | 每当 | 顿时 | 从此 | 仿佛 | 一下子 | 照例,忽然 | 突然 | 果然 | 猛然 | 这时 | 顿时 | 这时候 | 转眼 | 恰巧 | 不料 | 刚好 | 终于 | 幸好 | 然后 | 不一会儿 | 仿佛 | 幸亏 | 正好 | 没想到 | 便 | 此时 | 一下子 | 后来 | 果真 | 一不小心 | 恰好 | 直到 | 总算 | 一瞬间 | 才 | 此刻 | 于是 | 接着 | 刚刚 | 眼看 | 一晃 | 好似 | 只见 | 刚 | 紧接着 | 快要 | 一刹那 | 又 | 瞬间 | 不知不觉 | 时候 | 趁着 | 多亏 | 等到 | 不知 | 每当 | 从此 | 照例 | 最后 | 半路 | 赫然 | 自从 | 一时 | 结果 | 到,60.001018345682624,0.99999999050868,2.7950567712522303e-8,一下子:1.000000 | 一不小心:1.000000 | 一刹那:1.000000 | 一时:1.000000 | 一晃:1.000000 | 一瞬间:1.000000 | 不一会儿:1.000000 | 不料:1.000000 | 不知不觉:1.000000 | 于是:1.000000 | 从此:1.000000 | 仿佛:1.000000,
57,46,0.34682692237081225,0.06481999856764724,0.13043478260869565,聘用 | 辞退 | 应聘 | 离职 | 任职 | 职位 | 辞职 | 职务 | 公职 | 招聘 | 聘任 | 薪水,胜任 | 出身 | 雇佣 | 派遣 | 身份 | 学历 | 聘任 | 职务,从业 | 求职 | 聘 | 辞职 | 应聘 | 加盟 | 身份 | 就业 | 职业 | 辞退 | 学历 | 外企,聘用 | 辞退 | 应聘 | 离职 | 任职 | 职位 | 辞职 | 职务 | 公职 | 招聘 | 聘任 | 薪水 | 岗位 | 解雇 | 退休 | 年薪 | 兼职 | 跳槽 | 晋升 | 聘 | 免职 | 下岗 | 雇佣 | 上岗 | 试用期 | 提拔 | 在职 | 公务员 | 求职 | 职业 | 失业 | 待遇 | 学历 | 外企 | 从业 | 简历 | 就业 | 退役 | 胜任 | 派遣 | 加盟 | 外籍 | 接班 | 国籍 | 身份 | 出身,46.00000047873875,0.9999999999994563,2.6070095330917743e-12,上岗:1.000000 | 下岗:1.000000 | 从业:1.000000 | 任职:1.000000 | 免职:1.000000 | 公务员:1.000000 | 公职:1.000000 | 兼职:1.000000 | 出身:1.000000 | 加盟:1.000000 | 国籍:1.000000 | 在职:1.000000,
58,63,0.3445883860036695,0.07979670943085007,0.1111111111111111,前往 | 赶赴 | 来到 | 赶往 | 拜访 | 奔赴 | 赴 | 专程 | 抵达 | 探望 | 起程 | 应邀,接待 | 下山 | 邀 | 观摩 | 讲学 | 调研 | 亲身 | 会见,出山 | 回国 | 参加 | 带领 | 参观 | 讲学 | 邀请 | 率领 | 作客 | 邀 | 下乡 | 动身,前往 | 赶赴 | 来到 | 赶往 | 拜访 | 奔赴 | 赴 | 专程 | 抵达 | 探望 | 起程 | 应邀 | 看望 | 参观 | 赶到 | 动身 | 拜见 | 拜会 | 陪同 | 前来 | 视察 | 带队 | 访问 | 出访 | 离开 | 飞往 | 接见 | 走进 | 会见 | 到达 | 返回 | 踏上 | 考察 | 邀请 | 率领 | 直奔 | 回国 | 回到 | 参加 | 投奔 | 实地 | 来访 | 做客 | 采访 | 派出 | 观摩 | 归来 | 察看 | 作客 | 一行 | 邀 | 讲学 | 亲身 | 重返 | 送到 | 取经 | 出山 | 调研 | 带领 | 接待 | 下山 | 出发 | 下乡,63.000000000000085,1.0,9.537884029414916e-17,一行:1.000000 | 下乡:1.000000 | 下山:1.000000 | 专程:1.000000 | 亲身:1.000000 | 会见:1.000000 | 作客:1.000000 | 做客:1.000000 | 出发:1.000000 | 出山:1.000000 | 出访:1.000000 | 到达:1.000000,
59,46,0.3871025405000207,0.09317734454706607,0.06521739130434782,行驶 | 转弯 | 车道 | 路口 | 车速 | 堵车 | 路段 | 拐弯 | 路面 | 人行道 | 马路 | 车辆,慢车 | 开车 | 小路 | 车辆 | 加油站 | 车轮 | 路上 | 肇事,堵车 | 路 | 慢车 | 倒车 | 熄火 | 绕行 | 路况 | 马路 | 行驶 | 掉头 | 车位 | 车轮,行驶 | 转弯 | 车道 | 路口 | 车速 | 堵车 | 路段 | 拐弯 | 路面 | 人行道 | 马路 | 车辆 | 刹车 | 停车 | 路况 | 超速 | 追尾 | 开车 | 慢车 | 行人 | 红灯 | 超车 | 倒车 | 十字路口 | 交警 | 立交桥 | 绿灯 | 绕行 | 急转弯 | 山路 | 减速 | 停车位 | 熄火 | 路 | 违章 | 机动车 | 路上 | 掉头 | 小路 | 时速 | 路灯 | 肇事 | 车位 | 车轮 | 高速 | 加油站,46.000000000222784,0.9999999999997158,1.403923758835116e-12,人行道:1.000000 | 倒车:1.000000 | 停车:1.000000 | 停车位:1.000000 | 减速:1.000000 | 刹车:1.000000 | 十字路口:1.000000 | 堵车:1.000000 | 小路:1.000000 | 山路:1.000000 | 急转弯:1.000000 | 慢车:1.000000,
60,90,0.2849475709336335,0.009017020289330328,0.4444444444444444,理念 | 方法 | 特征 | 特性 | 特点 | 本质 | 模式 | 原理 | 思路 | 出发点 | 规律 | 逻辑,习惯 | 个案 | 在于 | 入口 | 用法 | 主题 | 根基 | 行为,在于 | 用途 | 共性 | 方向 | 用法 | 过程 | 条件 | 概念 | 入口 | 方法 | 实质 | 功能,理念 | 方法 | 特征 | 特性 | 特点 | 本质 | 模式 | 原理 | 思路 | 出发点 | 规律 | 逻辑 | 涵义 | 目的 | 原则 | 含义 | 动机 | 方式 | 形式 | 导向 | 观念 | 范畴 | 手段 | 形态 | 途径 | 意义 | 手法 | 载体 | 性质 | 宗旨 | 机制 | 属性 | 角度 | 要素 | 概念 | 脉络 | 初衷 | 意图 | 前提 | 路子 | 定义 | 方向 | 流程 | 功能 | 基础 | 轨迹 | 层面 | 场景 | 结构 | 作用 | 行为 | 契机 | 过程 | 根基 | 效果 | 共性 | 背景 | 视角 | 策略 | 观点 | 突破口 | 实质 | 环节 | 产物 | 条件 | 阶段 | 层次 | 主题 | 理论 | 用途 | 实践 | 细节 | 工具 | 顺序 | 效应 | 要点 | 对象 | 课题 | 国情 | 习惯 | 标志 | 方方面面 | 起点 | 关键 | 源头 | 在于 | 入口 | 场合 | 用法 | 个案,89.9999990594131,0.9999999894639612,3.0834263161202074e-8,个案:1.000000 | 主题:1.000000 | 习惯:1.000000 | 产物:1.000000 | 作用:1.000000 | 入口:1.000000 | 共性:1.000000 | 出发点:1.000000 | 前提:1.000000 | 功能:1.000000 | 动机:1.000000 | 原理:1.000000,
61,81,0.29485617545527026,-0.0036534704556725047,0.5308641975308642,人性 | 感性 | 本性 | 人格 | 情感 | 直觉 | 知觉 | 审美 | 天性 | 认知 | 心灵 | 本能,青春期 | 反面 | 记忆 | 天性 | 人身 | 天生 | 贫富 | 遗传,微观 | 认知 | 个人 | 主观 | 主义 | 视觉 | 先天 | 人身 | 现实 | 知觉 | 基因 | 世界,人性 | 感性 | 本性 | 人格 | 情感 | 直觉 | 知觉 | 审美 | 天性 | 认知 | 心灵 | 本能 | 理智 | 事物 | 主观 | 道德 | 理性 | 伦理 | 人类 | 思维 | 生理 | 自我 | 灵魂 | 生命 | 信仰 | 自然界 | 触觉 | 心理 | 虚幻 | 幻觉 | 内在 | 抽象 | 真理 | 上帝 | 价值观 | 物质 | 纯粹 | 宇宙 | 进化 | 身心 | 智力 | 大自然 | 现实 | 永恒 | 个体 | 探求 | 先天 | 常人 | 嗅觉 | 主义 | 血缘 | 天生 | 记忆 | 时空 | 金钱 | 遗传 | 种族 | 社会 | 自身 | 阶级 | 微观 | 空想 | 常识 | 青春期 | 无形 | 性别 | 生存 | 基因 | 主宰 | 资本主义 | 视觉 | 性 | 世界 | 隐性 | 一切 | 个人 | 人身 | 圈子 | 贫富 | 原始 | 反面,80.9999981713922,0.9999999774238703,6.247565481486402e-8,个人:1.000000 | 个体:1.000000 | 主宰:1.000000 | 主观:1.000000 | 事物:1.000000 | 人性:1.000000 | 人类:1.000000 | 人身:1.000000 | 伦理:1.000000 | 信仰:1.000000 | 先天:1.000000 | 内在:1.000000,
62,41,0.3845768512738623,0.09310954092005612,0.07317073170731707,画 | 绘画 | 图画 | 国画 | 油画 | 素描 | 壁画 | 雕塑 | 雕刻 | 肖像 | 图案 | 画册,书写 | 制作 | 构思 | 字体 | 字迹 | 美术 | 图案 | 画儿,画家 | 字体 | 字迹 | 肖像 | 书写 | 绘画 | 插图 | 书法 | 图像 | 刻 | 中国画 | 油画,画 | 绘画 | 图画 | 国画 | 油画 | 素描 | 壁画 | 雕塑 | 雕刻 | 肖像 | 图案 | 画册 | 中国画 | 书法 | 插图 | 年画 | 画家 | 美术 | 画面 | 画儿 | 邮票 | 字体 | 照片 | 幅 | 图像 | 相片 | 摄影 | 海报 | 图形 | 雕 | 字迹 | 刻 | 封面 | 对联 | 国徽 | 藏品 | 标语 | 书写 | 印 | 构思 | 制作,41.00000000210229,0.9999999999999938,3.69636837796626e-14,中国画:1.000000 | 书写:1.000000 | 书法:1.000000 | 制作:1.000000 | 刻:1.000000 | 印:1.000000 | 国徽:1.000000 | 国画:1.000000 | 图像:1.000000 | 图形:1.000000 | 图案:1.000000 | 图画:1.000000,
63,32,0.40238725523937197,0.0983804452099252,0.125,声音 | 响声 | 悦耳 | 清脆 | 响起 | 刺耳 | 声 | 响 | 笑声 | 歌声 | 洪亮 | 铃声,奏 | 嗓子 | 歌声 | 震动 | 口音 | 灯光 | 口哨 | 动听,发出 | 抑扬顿挫 | 笑声 | 动静 | 听 | 洪亮 | 口音 | 铃 | 口哨 | 灯光 | 震动 | 声音,声音 | 响声 | 悦耳 | 清脆 | 响起 | 刺耳 | 声 | 响 | 笑声 | 歌声 | 洪亮 | 铃声 | 电铃 | 口哨 | 动听 | 响亮 | 传来 | 喇叭 | 嗓子 | 音量 | 抑扬顿挫 | 听 | 一阵 | 发出 | 震动 | 传出 | 口音 | 动静 | 灯光 | 口令 | 奏 | 铃,32.0,1.0,3.8400312309908625e-22,一阵:1.000000 | 传出:1.000000 | 传来:1.000000 | 刺耳:1.000000 | 动听:1.000000 | 动静:1.000000 | 发出:1.000000 | 口令:1.000000 | 口哨:1.000000 | 口音:1.000000 | 听:1.000000 | 响:1.000000,
64,68,0.2973678871059273,0.02823435557292657,0.20588235294117646,提交 | 申请 | 递交 | 办理 | 受理 | 登记 | 审批 | 公示 | 审核 | 填写 | 批准 | 上报,招募 | 公证 | 接到 | 授予 | 接受 | 索取 | 执行 | 约定,发放 | 合同 | 提交 | 通知书 | 交付 | 许可证 | 登录 | 通告 | 出具 | 授予 | 通报 | 许可,提交 | 申请 | 递交 | 办理 | 受理 | 登记 | 审批 | 公示 | 审核 | 填写 | 批准 | 上报 | 申领 | 审查 | 申报 | 通知书 | 颁发 | 手续 | 领取 | 出示 | 证书 | 出具 | 许可证 | 核实 | 报到 | 查询 | 许可 | 书面 | 签字 | 公函 | 通报 | 发放 | 报名 | 审定 | 委托 | 授权 | 注册 | 通知 | 发送 | 转交 | 生效 | 公证 | 执照 | 征求 | 申办 | 收到 | 接收 | 披露 | 移交 | 指定 | 接到 | 通告 | 登录 | 反馈 | 征集 | 合同 | 转让 | 交付 | 授予 | 索取 | 约定 | 咨询 | 签 | 有效期 | 公开 | 招募 | 接受 | 执行,68.00000000600878,0.999999999999946,2.8092911920703364e-13,上报:1.000000 | 书面:1.000000 | 交付:1.000000 | 公开:1.000000 | 公示:1.000000 | 公证:1.000000 | 出具:1.000000 | 出示:1.000000 | 办理:1.000000 | 反馈:1.000000 | 发放:1.000000 | 发送:1.000000,
65,75,0.4464968514225141,0.09121715522878943,0.09333333333333334,牛奶 | 酸奶 | 果汁 | 水果 | 饼干 | 薯片 | 橙汁 | 果酱 | 豆浆 | 红薯 | 蜂蜜 | 巧克力,点心 | 快餐 | 蘑菇 | 芝士 | 饺子 | 黄瓜 | 主食 | 土豆,奶 | 馒头 | 葡萄酒 | 果酱 | 口香糖 | 面粉 | 红茶 | 水果 | 薯片 | 香料 | 点心 | 西瓜,牛奶 | 酸奶 | 果汁 | 水果 | 饼干 | 薯片 | 橙汁 | 果酱 | 豆浆 | 红薯 | 蜂蜜 | 巧克力 | 薯条 | 罐头 | 红茶 | 香蕉 | 面包 | 饮料 | 西红柿 | 咖啡 | 香肠 | 汽水 | 奶茶 | 红酒 | 糖果 | 柿子 | 西瓜 | 零食 | 豆制品 | 芝士 | 花生 | 可乐 | 馒头 | 砂糖 | 黄瓜 | 饺子 | 绿茶 | 汤圆 | 包子 | 鸡蛋 | 点心 | 茶叶 | 核桃 | 面粉 | 啤酒 | 椰子 | 方便面 | 糖 | 土豆 | 番茄 | 茶 | 食物 | 葡萄酒 | 冰棍儿 | 奶 | 大米 | 矿泉水 | 粽子 | 口香糖 | 食品 | 主食 | 蘑菇 | 三明治 | 香料 | 梨 | 酒 | 纯净水 | 乳制品 | 食用 | 瓜子 | 快餐 | 奶粉 | 橘子 | 玫瑰 | 白酒,75.00228408380464,0.9999999975599853,8.018659919872486e-9,三明治:1.000000 | 主食:1.000000 | 乳制品:1.000000 | 冰棍儿:1.000000 | 包子:1.000000 | 口香糖:1.000000 | 可乐:1.000000 | 咖啡:1.000000 | 啤酒:1.000000 | 大米:1.000000 | 奶:1.000000 | 奶粉:1.000000,
66,110,0.3705585500870847,0.03930332644707184,0.14545454545454545,唉 | 哎 | 嘛 | 呀 | 啊 | 哎呀 | 你 | 咱 | 要不 | 哈哈 | 你们 | 干吗,别人 | 俩 | 脑子 | 怕 | 没辙 | 不在乎 | 下来 | 不用说,大伙儿 | 呢 | 呀 | 谁 | 没事儿 | 反正 | 怕 | 啦 | 完了 | 没准儿 | 怎么办 | 哪儿,唉 | 哎 | 嘛 | 呀 | 啊 | 哎呀 | 你 | 咱 | 要不 | 哈哈 | 你们 | 干吗 | 没事儿 | 要不然 | 再说 | 吧 | 怎么 | 不然 | 咱们 | 要是 | 人家 | 没准儿 | 哼 | 别说 | 快点儿 | 反正 | 好歹 | 嘿 | 这会儿 | 哇 | 呢 | 干什么 | 不要紧 | 待会儿 | 啦 | 说不定 | 没关系 | 回去 | 谁 | 吗 | 怕 | 那 | 敢情 | 这么 | 没错 | 活该 | 完了 | 没 | 玩意儿 | 哪儿 | 怎么办 | 说 | 当真 | 想 | 何苦 | 一点儿 | 没法儿 | 觉得 | 用得着 | 那么 | 好好 | 俩 | 怪不得 | 算了 | 没辙 | 真 | 回来 | 哪 | 看样子 | 可不是 | 怎么样 | 好久 | 实话 | 废话 | 好多 | 巴不得 | 要不是 | 大伙儿 | 说老实话 | 叫 | 别人 | 跟 | 一块儿 | 哪里 | 慢慢来 | 好家伙 | 有没有 | 也好 | 一辈子 | 脑子 | 不用说 | 的话 | 实话实说 | 算 | 这样 | 多久 | 趁早 | 不在乎 | 对得起 | 得了 | 我们 | 东西 | 出来 | 下去 | 让 | 万一 | 给 | 了 | 完 | 下来,109.97160195917567,0.9997416966826176,0.0002973227722168325,下去:1.000000 | 下来:1.000000 | 东西:1.000000 | 叫:1.000000 | 吧:1.000000 | 呀:1.000000 | 咱:1.000000 | 咱们:1.000000 | 哇:1.000000 | 哎:1.000000 | 哎呀:1.000000 | 嘛:1.000000,
67,29,0.31450427593322344,0.044532791701427765,0.20689655172413793,建筑 | 施工 | 建筑物 | 采矿 | 地质 | 勘探 | 开采 | 水利 | 房屋 | 绿化 | 住宅 | 工程,生物 | 园林 | 绿地 | 化石 | 文物 | 设施 | 地下 | 住宅,地下 | 园林 | 化石 | 承包 | 绿地 | 拆迁 | 住宅 | 矿藏 | 开采 | 建筑 | 生物 | 采矿,建筑 | 施工 | 建筑物 | 采矿 | 地质 | 勘探 | 开采 | 水利 | 房屋 | 绿化 | 住宅 | 工程 | 土地 | 拆迁 | 矿藏 | 煤矿 | 物业 | 混凝土 | 园林 | 水泥 | 文物 | 矿 | 绿地 | 设施 | 承包 | 地下 | 搬迁 | 化石 | 生物,29.000000000011905,1.0,9.033378206658497e-18,住宅:1.000000 | 勘探:1.000000 | 化石:1.000000 | 园林:1.000000 | 土地:1.000000 | 地下:1.000000 | 地质:1.000000 | 工程:1.000000 | 建筑:1.000000 | 建筑物:1.000000 | 开采:1.000000 | 房屋:1.000000,
68,52,0.3230078276606219,0.056614300073573605,0.15384615384615385,检测 | 测量 | 检验 | 化验 | 测定 | 评估 | 鉴定 | 测试 | 检查 | 监测 | 评定 | 验证,统计 | 体检 | 评审 | 分辨 | 衡量 | 调查 | 把关 | 查看,标示 | 检测 | 达标 | 模拟 | 验证 | 体检 | 评估 | 复查 | 核对 | 追溯 | 分辨 | 实验,检测 | 测量 | 检验 | 化验 | 测定 | 评估 | 鉴定 | 测试 | 检查 | 监测 | 评定 | 验证 | 测验 | 样品 | 试验 | 鉴别 | 验收 | 观测 | 核对 | 复查 | 评判 | 验 | 测 | 辨别 | 实验 | 探测 | 识别 | 监控 | 衡量 | 辨认 | 考核 | 采集 | 认证 | 评审 | 分辨 | 样本 | 调查 | 体检 | 扫描 | 实验室 | 统计 | 评价 | 模型 | 合格 | 模拟 | 记录 | 标示 | 标本 | 把关 | 达标 | 查看 | 追溯,52.00000000000195,0.9999999999999994,4.285772830946475e-15,体检:1.000000 | 分辨:1.000000 | 化验:1.000000 | 合格:1.000000 | 复查:1.000000 | 实验:1.000000 | 实验室:1.000000 | 扫描:1.000000 | 把关:1.000000 | 探测:1.000000 | 查看:1.000000 | 标本:1.000000,
69,41,0.3797222983505456,0.10384038730678329,0.0975609756097561,开幕 | 开幕式 | 大会 | 闭幕式 | 展览会 | 闭幕 | 演讲 | 博览会 | 展览 | 峰会 | 论坛 | 会议,狂欢节 | 画展 | 发表 | 签约 | 露面 | 晚会 | 招待会 | 嘉宾,闭幕式 | 车展 | 座谈 | 致辞 | 座谈会 | 开幕式 | 嘉宾 | 招待会 | 展览会 | 展出 | 晚会 | 出席,开幕 | 开幕式 | 大会 | 闭幕式 | 展览会 | 闭幕 | 演讲 | 博览会 | 展览 | 峰会 | 论坛 | 会议 | 晚会 | 座谈会 | 盛会 | 发布会 | 致辞 | 颁奖 | 招待会 | 讲座 | 研讨 | 画展 | 发言 | 座谈 | 会场 | 展出 | 参展 | 出席 | 嘉宾 | 讲话 | 沙龙 | 访谈 | 演说 | 车展 | 亮相 | 嘉年华 | 活动 | 狂欢节 | 发表 | 露面 | 签约,41.0,1.0,2.0933921386354184e-15,亮相:1.000000 | 会场:1.000000 | 会议:1.000000 | 出席:1.000000 | 博览会:1.000000 | 参展:1.000000 | 发布会:1.000000 | 发表:1.000000 | 发言:1.000000 | 嘉宾:1.000000 | 嘉年华:1.000000 | 大会:1.000000,
70,28,0.4096387559166254,0.1210919290414323,0.14285714285714285,比如说 | 譬如 | 比如 | 譬如说 | 如果说 | 例如 | 假如 | 好比 | 如果 | 就是说 | 如同 | 正如,据说 | 一般来说 | 首先 | 至于 | 俗话说 | 只要 | 就是说 | 当,首先 | 一般来说 | 当 | 如果说 | 犹如 | 比方 | 假如 | 俗话说 | 就是说 | 便是 | 如同 | 如果,比如说 | 譬如 | 比如 | 譬如说 | 如果说 | 例如 | 假如 | 好比 | 如果 | 就是说 | 如同 | 正如 | 如 | 假使 | 比方 | 像 | 就是 | 犹如 | 比起 | 只要 | 至于 | 一般来说 | 当 | 便是 | 据说 | 俗话说 | 莫过于 | 首先,28.013662149080613,0.9999999995432803,1.6842528536668473e-9,一般来说:1.000000 | 例如:1.000000 | 便是:1.000000 | 俗话说:1.000000 | 假使:1.000000 | 假如:1.000000 | 像:1.000000 | 只要:1.000000 | 好比:1.000000 | 如:1.000000 | 如同:1.000000 | 如果说:1.000000,要是:0.013604
71,65,0.29803457342900375,0.0032066661155244983,0.5230769230769231,议员 | 外交官 | 部长 | 团长 | 大臣 | 官员 | 校长 | 军官 | 首脑 | 领袖 | 首相 | 大使,本人 | 伙伴 | 上司 | 夫人 | 盟友 | 爵士 | 委员 | 同盟,校长 | 宇航员 | 夫人 | 参谋 | 总理 | 带头人 | 本人 | 元首 | 学者 | 领事馆 | 大使馆 | 外交官,议员 | 外交官 | 部长 | 团长 | 大臣 | 官员 | 校长 | 军官 | 首脑 | 领袖 | 首相 | 大使 | 局长 | 司令 | 教授 | 市长 | 学者 | 总统 | 总理 | 夫人 | 元首 | 院士 | 委员 | 司长 | 将军 | 领导 | 元老 | 博士 | 领队 | 内阁 | 队长 | 导师 | 工程师 | 科学家 | 团员 | 参谋 | 代表团 | 同志 | 厂长 | 发言人 | 国王 | 成员 | 专家 | 建筑师 | 官 | 船长 | 盟友 | 设计师 | 助手 | 上司 | 高层 | 大使馆 | 舵手 | 人士 | 下台 | 领事馆 | 宇航员 | 带头人 | 评论员 | 功臣 | 爵士 | 伙伴 | 接班人 | 同盟 | 本人,64.99999954308419,0.9999999905795394,2.7922359943149262e-8,上司:1.000000 | 下台:1.000000 | 专家:1.000000 | 人士:1.000000 | 代表团:1.000000 | 伙伴:1.000000 | 元老:1.000000 | 元首:1.000000 | 功臣:1.000000 | 助手:1.000000 | 博士:1.000000 | 厂长:1.000000,
72,63,0.35872115256108955,0.04771952155678812,0.1746031746031746,毅力 | 魄力 | 自信心 | 勇气 | 斗志 | 志气 | 气魄 | 素养 | 品德 | 才华 | 骨气 | 天赋,性格 | 自尊 | 领悟 | 自信 | 自尊心 | 欲望 | 力气 | 见识,才华 | 风气 | 野心 | 积极性 | 力量 | 责任感 | 魄力 | 欲望 | 抱负 | 素质 | 精力 | 潜能,毅力 | 魄力 | 自信心 | 勇气 | 斗志 | 志气 | 气魄 | 素养 | 品德 | 才华 | 骨气 | 天赋 | 意志 | 责任感 | 自尊心 | 眼界 | 天分 | 修养 | 素质 | 自信 | 性格 | 阅历 | 觉悟 | 抱负 | 心胸 | 自尊 | 人品 | 心态 | 耐性 | 劲头 | 意识 | 口才 | 欲望 | 精神 | 士气 | 好奇心 | 见识 | 境界 | 体力 | 信心 | 能力 | 品行 | 气势 | 野心 | 思想 | 智商 | 潜能 | 头脑 | 运气 | 力气 | 作风 | 力量 | 兴致 | 精力 | 体能 | 胃口 | 积极性 | 领悟 | 远见 | 见解 | 风气 | 视野 | 陶冶,63.000002349240916,0.9999999999999901,5.777598684967355e-14,人品:1.000000 | 体力:1.000000 | 体能:1.000000 | 作风:1.000000 | 信心:1.000000 | 修养:1.000000 | 兴致:1.000000 | 力气:1.000000 | 力量:1.000000 | 劲头:1.000000 | 勇气:1.000000 | 口才:1.000000,
73,52,0.3201784175872785,0.030507422099815825,0.28846153846153844,雄厚 | 丰富 | 优良 | 完备 | 出色 | 优越 | 充沛 | 充足 | 出众 | 优异 | 良好 | 过硬,敏捷 | 得当 | 周到 | 充实 | 抢眼 | 完好 | 宽广 | 出众,广阔 | 庞大 | 成熟 | 出众 | 高效 | 敏捷 | 便利 | 优秀 | 雄厚 | 优异 | 敏锐 | 优质,雄厚 | 丰富 | 优良 | 完备 | 出色 | 优越 | 充沛 | 充足 | 出众 | 优异 | 良好 | 过硬 | 丰厚 | 扎实 | 深厚 | 灵敏 | 广阔 | 得天独厚 | 齐全 | 完善 | 便捷 | 可靠 | 丰硕 | 可观 | 宽广 | 优秀 | 敏锐 | 健全 | 成熟 | 高效 | 卓越 | 灵活 | 优质 | 先进 | 旺盛 | 庞大 | 足够 | 快捷 | 发达 | 长足 | 得力 | 便利 | 超前 | 周到 | 突出 | 敏捷 | 抢眼 | 宝贵 | 得当 | 充实 | 灵通 | 完好,51.999999997629104,0.9999999999544056,1.7951095101746012e-10,丰厚:1.000000 | 丰富:1.000000 | 丰硕:1.000000 | 优异:1.000000 | 优秀:1.000000 | 优良:1.000000 | 优质:1.000000 | 优越:1.000000 | 便利:1.000000 | 便捷:1.000000 | 健全:1.000000 | 充实:1.000000,
74,43,0.35974052974176585,0.04859719360406558,0.11627906976744186,游玩 | 旅行 | 郊游 | 度假 | 出游 | 旅游 | 避暑 | 野餐 | 住宿 | 休闲 | 野营 | 野炊,奢侈 | 应酬 | 潜水 | 聚会 | 生活 | 消遣 | 游 | 休假,潜水 | 生活 | 食宿 | 出差 | 行程 | 漫游 | 游 | 购物 | 奢侈 | 疗养 | 野炊 | 外出,游玩 | 旅行 | 郊游 | 度假 | 出游 | 旅游 | 避暑 | 野餐 | 住宿 | 休闲 | 野营 | 野炊 | 疗养 | 出差 | 探险 | 用餐 | 旅途 | 休假 | 吃喝玩乐 | 外出 | 出行 | 购物 | 探亲 | 就餐 | 游 | 消遣 | 蜜月 | 聚会 | 食宿 | 徒步 | 出国 | 行程 | 户外 | 休养 | 潜水 | 出境 | 娱乐 | 应酬 | 野外 | 漫游 | 生活 | 衣食住行 | 奢侈,43.00000000001434,0.9999999999999881,6.783014356373219e-14,休假:1.000000 | 休养:1.000000 | 休闲:1.000000 | 住宿:1.000000 | 出国:1.000000 | 出差:1.000000 | 出游:1.000000 | 出行:1.000000 | 吃喝玩乐:1.000000 | 外出:1.000000 | 奢侈:1.000000 | 娱乐:1.000000,
75,43,0.3854920494033463,0.061111065139093805,0.11627906976744186,唱歌 | 聊天儿 | 跳舞 | 打牌 | 吃饭 | 下棋 | 打球 | 玩耍 | 抽烟 | 散步 | 爬山 | 玩儿,在家 | 演戏 | 麻将 | 钓鱼 | 用功 | 唱歌 | 跑步 | 听讲,钓鱼 | 晒太阳 | 抽烟 | 吵架 | 捉迷藏 | 溜达 | 演戏 | 做饭 | 练习 | 打猎 | 拍戏 | 侃大山,唱歌 | 聊天儿 | 跳舞 | 打牌 | 吃饭 | 下棋 | 打球 | 玩耍 | 抽烟 | 散步 | 爬山 | 玩儿 | 打架 | 侃大山 | 晒太阳 | 读书 | 演戏 | 交朋友 | 吵架 | 跑步 | 串门 | 做饭 | 溜达 | 练 | 吵嘴 | 打猎 | 走路 | 打仗 | 捉迷藏 | 练习 | 拍戏 | 钓鱼 | 听讲 | 开会 | 在家 | 用功 | 旷课 | 锻炼 | 拍照 | 猜谜 | 吸烟 | 麻将 | 交际,43.000000000098446,0.9999999999999696,1.684896433444425e-13,下棋:1.000000 | 串门:1.000000 | 交朋友:1.000000 | 交际:1.000000 | 侃大山:1.000000 | 做饭:1.000000 | 吃饭:1.000000 | 听讲:1.000000 | 吵嘴:1.000000 | 吵架:1.000000 | 吸烟:1.000000 | 唱歌:1.000000,
76,65,0.40093173007417715,0.10447923637464587,0.07692307692307693,然而 | 事实上 | 况且 | 但是 | 不过 | 总而言之 | 总之 | 当然 | 换言之 | 何况 | 可是 | 其实,正是 | 美中不足 | 由于 | 加上 | 说真的 | 对于 | 看得出 | 难怪,当然 | 无论如何 | 说实话 | 一方面 | 这样一来 | 换言之 | 综上所述 | 但 | 据悉 | 恰恰相反 | 美中不足 | 也就是说,然而 | 事实上 | 况且 | 但是 | 不过 | 总而言之 | 总之 | 当然 | 换言之 | 何况 | 可是 | 其实 | 毕竟 | 说实话 | 由此可见 | 实际上 | 因此 | 也就是说 | 总的来说 | 此外 | 但 | 由此看来 | 除此之外 | 相比之下 | 按理说 | 虽说 | 所以 | 其次 | 相对而言 | 另外 | 虽然 | 这就是说 | 好在 | 另一方面 | 看来 | 说真的 | 与此同时 | 据悉 | 说白了 | 众所周知 | 综上所述 | 按说 | 这样一来 | 可见 | 因为 | 说到底 | 尽管 | 可惜 | 相反 | 恰恰相反 | 难怪 | 至此 | 如今 | 纵观 | 鉴于 | 一方面 | 无论如何 | 对于 | 看得出 | 眼下 | 由于 | 正是 | 加上 | 意味着 | 美中不足,65.0053462017978,0.9999999987510709,4.26522270814946e-9,不过:1.000000 | 事实上:1.000000 | 众所周知:1.000000 | 何况:1.000000 | 其次:1.000000 | 况且:1.000000 | 加上:1.000000 | 另外:1.000000 | 可惜:1.000000 | 可见:1.000000 | 如今:1.000000 | 尽管:1.000000,
77,42,0.3545357603897819,0.04070870266708593,0.21428571428571427,相识 | 情人 | 恋爱 | 知己 | 爱情 | 结婚 | 约会 | 缘分 | 分手 | 相遇 | 情谊 | 情侣,伴 | 素不相识 | 时光 | 交集 | 亲近 | 团圆 | 亲情 | 诀别,情侣 | 亲热 | 分手 | 相依为命 | 亲情 | 朝夕相处 | 诀别 | 萍水相逢 | 伴 | 一起 | 团圆 | 情人,相识 | 情人 | 恋爱 | 知己 | 爱情 | 结婚 | 约会 | 缘分 | 分手 | 相遇 | 情谊 | 情侣 | 亲密 | 萍水相逢 | 朝夕相处 | 交情 | 亲热 | 伴侣 | 友情 | 相伴 | 诀别 | 订婚 | 相依为命 | 形影不离 | 相约 | 天长地久 | 团聚 | 求婚 | 陪伴 | 表白 | 异性 | 亲近 | 亲情 | 团圆 | 门当户对 | 素不相识 | 拥抱 | 时光 | 交集 | 各奔前程 | 一起 | 伴,42.00000000011045,1.0,5.509243481337078e-16,一起:1.000000 | 交情:1.000000 | 交集:1.000000 | 亲密:1.000000 | 亲情:1.000000 | 亲热:1.000000 | 亲近:1.000000 | 伴:1.000000 | 伴侣:1.000000 | 分手:1.000000 | 友情:1.000000 | 各奔前程:1.000000,
78,116,0.2515205837416854,-0.012109901490356364,0.6551724137931034,产业 | 创新 | 平台 | 应用 | 运营 | 业务 | 研发 | 服务 | 企业 | 发展 | 互联网 | 产品,专利 | 潜力 | 传播 | 节能 | 人才 | 跨国 | 受益 | 治理,联盟 | 集团 | 航天 | 用户 | 联网 | 运营 | 配置 | 孵化 | 人工智能 | 成长 | 传播 | 建设,产业 | 创新 | 平台 | 应用 | 运营 | 业务 | 研发 | 服务 | 企业 | 发展 | 互联网 | 产品 | 技术 | 领域 | 整合 | 行业 | 转型 | 品牌 | 智能 | 开发 | 硬件 | 协同 | 战略 | 布局 | 驱动 | 生态 | 市场 | 人工智能 | 建设 | 渠道 | 科技 | 推广 | 资源 | 系统 | 板块 | 高新技术 | 商业 | 厂商 | 升级 | 软件 | 体系 | 公司 | 管理 | 项目 | 增值 | 网络 | 巨头 | 孵化 | 新兴 | 配套 | 共享 | 联网 | 移动 | 运作 | 核心 | 配送 | 客户 | 用户 | 智慧 | 全球 | 自主 | 领先 | 配置 | 创业 | 试点 | 社交 | 节能 | 服务器 | 引擎 | 未来 | 团队 | 深度 | 潜力 | 定位 | 社区 | 方面 | 集团 | 示范 | 联盟 | 动力 | 人才 | 低碳 | 投入 | 机器人 | 统筹 | 治理 | 文娱 | 输出 | 综合 | 下一代 | 连锁 | 商务 | 成长 | 开放 | 基地 | 上市 | 专利 | 大有可为 | 海量 | 受益 | 化 | 主导 | 传播 | 空间 | 数字 | 跨国 | 在线 | 时代 | 中心 | 重组 | 起步 | 新 | 内部 | 千家万户 | 航天 | 联想,115.99854149367518,0.9999874229860221,0.00002204753596625879,主导:1.000000 | 传播:1.000000 | 共享:1.000000 | 内部:1.000000 | 创业:1.000000 | 创新:1.000000 | 动力:1.000000 | 化:1.000000 | 千家万户:1.000000 | 升级:1.000000 | 发展:1.000000 | 受益:1.000000,
79,29,0.31825693931227517,0.04108115144322232,0.20689655172413793,谜团 | 疑点 | 真相 | 隐情 | 奥秘 | 谜底 | 来龙去脉 | 谜 | 来历 | 玄机 | 线索 | 证据,去处 | 脚印 | 启示 | 解开 | 理由 | 归宿 | 真假 | 疑点,疑点 | 谜底 | 隐情 | 启示 | 脚印 | 奥秘 | 下落 | 痕迹 | 来龙去脉 | 真相 | 解开 | 物证,谜团 | 疑点 | 真相 | 隐情 | 奥秘 | 谜底 | 来龙去脉 | 谜 | 来历 | 玄机 | 线索 | 证据 | 去处 | 宝藏 | 水落石出 | 物证 | 归宿 | 解开 | 去向 | 脚印 | 启示 | 下落 | 痕迹 | 理由 | 由来 | 悬念 | 源泉 | 何处 | 真假,29.0,1.0,2.7850805443413253e-25,下落:1.000000 | 何处:1.000000 | 去向:1.000000 | 去处:1.000000 | 启示:1.000000 | 奥秘:1.000000 | 宝藏:1.000000 | 归宿:1.000000 | 悬念:1.000000 | 来历:1.000000 | 来龙去脉:1.000000 | 水落石出:1.000000,
80,25,0.3452855757512485,0.03156564531774385,0.2,苦力 | 保姆 | 清洁工 | 木匠 | 乞丐 | 主妇 | 打工 | 白领 | 厨师 | 职员 | 雇员 | 雇主,厨师 | 保姆 | 理发 | 家务 | 穷人 | 主妇 | 帮手 | 职员,苦力 | 木匠 | 家政 | 奴隶 | 清洁工 | 蓝领 | 雇主 | 商人 | 理发 | 帮手 | 雇员 | 职员,苦力 | 保姆 | 清洁工 | 木匠 | 乞丐 | 主妇 | 打工 | 白领 | 厨师 | 职员 | 雇员 | 雇主 | 蓝领 | 雇 | 穷人 | 奴隶 | 商人 | 家政 | 上班族 | 谋生 | 帮手 | 家务 | 劳动力 | 理发 | 商贾,25.00003388669806,1.0,6.40840824226096e-19,上班族:1.000000 | 主妇:1.000000 | 乞丐:1.000000 | 保姆:1.000000 | 劳动力:1.000000 | 厨师:1.000000 | 商人:1.000000 | 商贾:1.000000 | 奴隶:1.000000 | 家务:1.000000 | 家政:1.000000 | 帮手:1.000000,
81,44,0.3485443326755469,0.08467937021384152,0.11363636363636363,捐助 | 募捐 | 捐款 | 捐赠 | 救助 | 援助 | 资助 | 捐献 | 慈善 | 捐 | 筹集 | 救济,集资 | 自费 | 乞讨 | 慰劳 | 力所能及 | 献血 | 见义勇为 | 出资,慰劳 | 慈善 | 物资 | 筹措 | 捐赠 | 灾区 | 义工 | 捐献 | 无偿 | 赞助 | 自费 | 贫困,捐助 | 募捐 | 捐款 | 捐赠 | 救助 | 援助 | 资助 | 捐献 | 慈善 | 捐 | 筹集 | 救济 | 救灾 | 爱心 | 义工 | 公益 | 筹措 | 拨款 | 灾区 | 赞助 | 孤儿 | 支援 | 抚恤 | 志愿者 | 接济 | 慰劳 | 无偿 | 互助 | 物资 | 献血 | 集资 | 动员 | 贫困 | 公益性 | 出资 | 乞讨 | 重建 | 自愿 | 扶持 | 自费 | 筹 | 自发 | 力所能及 | 见义勇为,44.000000000000085,1.0,9.88549932856873e-19,义工:1.000000 | 乞讨:1.000000 | 互助:1.000000 | 公益:1.000000 | 公益性:1.000000 | 出资:1.000000 | 力所能及:1.000000 | 动员:1.000000 | 募捐:1.000000 | 孤儿:1.000000 | 志愿者:1.000000 | 慈善:1.000000,
82,30,0.3472960444663691,0.09369396976091314,0.06666666666666667,担负 | 承担 | 肩负 | 责任 | 职责 | 负有 | 重任 | 分担 | 担当 | 负担 | 履行 | 义务,监护 | 照顾 | 大包大揽 | 施加 | 掌管 | 享有 | 繁重 | 扮演,重任 | 承受 | 肩负 | 施加 | 监护 | 分工 | 推卸 | 使命 | 担子 | 承担 | 履行 | 繁重,担负 | 承担 | 肩负 | 责任 | 职责 | 负有 | 重任 | 分担 | 担当 | 负担 | 履行 | 义务 | 职能 | 担子 | 推卸 | 负责 | 使命 | 繁重 | 承受 | 分工 | 担 | 行使 | 照顾 | 扮演 | 大包大揽 | 掌管 | 享有 | 负 | 监护 | 施加,30.00000000000011,1.0,3.534595058681835e-22,义务:1.000000 | 享有:1.000000 | 使命:1.000000 | 分工:1.000000 | 分担:1.000000 | 大包大揽:1.000000 | 履行:1.000000 | 扮演:1.000000 | 承受:1.000000 | 承担:1.000000 | 担:1.000000 | 担子:1.000000,
83,67,0.29107106960117407,-0.011500764632072865,0.6268656716417911,挣钱 | 挣 | 干活儿 | 掏钱 | 赚钱 | 赔钱 | 钱 | 赚 | 做生意 | 省钱 | 操心 | 本钱,能干 | 乐意 | 操心 | 懂得 | 搬家 | 算盘 | 点子 | 花,干活儿 | 下手 | 搞 | 拍板 | 钱 | 出息 | 点子 | 一毛不拔 | 舍得 | 懂得 | 本钱 | 赚钱,挣钱 | 挣 | 干活儿 | 掏钱 | 赚钱 | 赔钱 | 钱 | 赚 | 做生意 | 省钱 | 操心 | 本钱 | 吃苦 | 发财 | 活儿 | 过日子 | 能干 | 出息 | 精打细算 | 养活 | 亏本 | 算账 | 门路 | 盘算 | 看得起 | 私房钱 | 沾光 | 争气 | 吃不上 | 琢磨 | 脑筋 | 修路 | 买不起 | 省事 | 倾家荡产 | 节衣缩食 | 搞 | 动手 | 说干就干 | 下手 | 算盘 | 阔绰 | 着想 | 懂得 | 甜头 | 生意 | 手头 | 致富 | 乐意 | 下海 | 炒股 | 花 | 舍得 | 出头 | 一毛不拔 | 工夫 | 积蓄 | 出手 | 做 | 多劳多得 | 着落 | 拍板 | 肯 | 搬家 | 铺路 | 点子 | 定心丸,66.99995484690638,0.9999993260732248,1.3998508524952461e-6,一毛不拔:1.000000 | 下手:1.000000 | 下海:1.000000 | 买不起:1.000000 | 争气:1.000000 | 亏本:1.000000 | 修路:1.000000 | 倾家荡产:1.000000 | 做:1.000000 | 做生意:1.000000 | 养活:1.000000 | 出头:1.000000,
84,61,0.3648351657214593,0.039522793209729255,0.18032786885245902,挺好 | 没劲 | 好看 | 没意思 | 不行 | 好说 | 不像话 | 好玩儿 | 没用 | 厉害 | 不怎么样 | 离谱儿,个儿 | 个头儿 | 过瘾 | 不值 | 要强 | 人缘儿 | 些 | 很,费劲 | 过瘾 | 够呛 | 值钱 | 不成 | 不怎么样 | 便宜 | 人缘儿 | 离谱儿 | 不错 | 起劲 | 要紧,挺好 | 没劲 | 好看 | 没意思 | 不行 | 好说 | 不像话 | 好玩儿 | 没用 | 厉害 | 不怎么样 | 离谱儿 | 好听 | 够 | 没说的 | 吓人 | 难看 | 够呛 | 难听 | 碍事 | 人缘儿 | 不得了 | 费劲 | 不错 | 不算 | 说不上 | 好 | 不怎么 | 稀罕 | 很 | 要命 | 挺 | 没什么 | 难说 | 过瘾 | 有两下子 | 凑合 | 稀奇 | 太 | 管用 | 蛮 | 起劲 | 不值 | 划算 | 有意思 | 不对 | 值钱 | 要紧 | 一塌糊涂 | 得 | 利索 | 便宜 | 懂 | 乱七八糟 | 个儿 | 个头儿 | 些 | 成问题 | 起来 | 要强 | 不成,60.99982796012732,0.999997179638524,5.146246148904952e-6,一塌糊涂:1.000000 | 不值:1.000000 | 不像话:1.000000 | 不对:1.000000 | 不怎么:1.000000 | 不怎么样:1.000000 | 不成:1.000000 | 不行:1.000000 | 不错:1.000000 | 个儿:1.000000 | 个头儿:1.000000 | 乱七八糟:1.000000,
85,56,0.28867558990919573,-0.001435719253919854,0.5714285714285714,无所谓 | 无足轻重 | 无关紧要 | 无济于事 | 无可厚非 | 见仁见智 | 一概而论 | 一无所知 | 办不到 | 天经地义 | 得不偿失 | 理所当然,含糊 | 无能为力 | 内行 | 面面俱到 | 用处 | 自相矛盾 | 无所作为 | 好坏,无足轻重 | 一无所知 | 画蛇添足 | 头头是道 | 毫无 | 一概而论 | 无所作为 | 无所谓 | 与否 | 寥寥无几 | 内行 | 无可厚非,无所谓 | 无足轻重 | 无关紧要 | 无济于事 | 无可厚非 | 见仁见智 | 一概而论 | 一无所知 | 办不到 | 天经地义 | 得不偿失 | 理所当然 | 无能为力 | 不了了之 | 罢了 | 不得而知 | 因人而异 | 微不足道 | 似是而非 | 一成不变 | 画蛇添足 | 顺理成章 | 毫无 | 司空见惯 | 显而易见 | 一事无成 | 头头是道 | 而已 | 面面俱到 | 很难说 | 不可避免 | 顺其自然 | 无可奉告 | 寥寥无几 | 常理 | 自相矛盾 | 不难 | 一目了然 | 可想而知 | 无所作为 | 例外 | 一帆风顺 | 用处 | 马后炮 | 比比皆是 | 外行 | 含糊 | 奏效 | 一干二净 | 未知数 | 五花八门 | 万无一失 | 内行 | 特例 | 好坏 | 与否,55.99999999995762,0.9999999999991697,4.017565424183396e-12,一事无成:1.000000 | 一帆风顺:1.000000 | 一干二净:1.000000 | 一成不变:1.000000 | 一无所知:1.000000 | 一概而论:1.000000 | 一目了然:1.000000 | 万无一失:1.000000 | 不了了之:1.000000 | 不可避免:1.000000 | 不得而知:1.000000 | 不难:1.000000,
86,36,0.34097179047463927,0.030735499232888795,0.2777777777777778,掌声 | 鼓掌 | 喝彩 | 欢呼 | 观众 | 听众 | 热烈 | 哄堂大笑 | 叫好 | 歌迷 | 捧场 | 影迷,异口同声 | 欢迎 | 现场 | 看热闹 | 哗然 | 众人 | 们 | 呐喊,听众 | 踊跃 | 哄堂大笑 | 众人 | 簇拥 | 粉丝 | 鼓掌 | 就座 | 来宾 | 经久不息 | 哗然 | 观众,掌声 | 鼓掌 | 喝彩 | 欢呼 | 观众 | 听众 | 热烈 | 哄堂大笑 | 叫好 | 歌迷 | 捧场 | 影迷 | 经久不息 | 球迷 | 哗然 | 在场 | 欢声笑语 | 全场 | 来宾 | 众人 | 助威 | 共鸣 | 好评 | 呐喊 | 粉丝 | 簇拥 | 反响 | 看热闹 | 爆满 | 欢迎 | 异口同声 | 踊跃 | 就座 | 们 | 现场 | 中外,36.0,1.0,1.222394498704501e-16,中外:1.000000 | 们:1.000000 | 众人:1.000000 | 全场:1.000000 | 共鸣:1.000000 | 助威:1.000000 | 反响:1.000000 | 叫好:1.000000 | 听众:1.000000 | 呐喊:1.000000 | 哄堂大笑:1.000000 | 哗然:1.000000,
87,45,0.34353043071397693,0.056365922035106764,0.26666666666666666,播放 | 播出 | 转播 | 节目 | 录制 | 录像 | 重播 | 电视台 | 视频 | 直播 | 电视 | 录音,演唱会 | 票房 | 短片 | 剧场 | 后台 | 少儿 | 字幕 | 售票,卫视 | 光盘 | 摄像 | 电视 | 转播 | 全程 | 光碟 | 收看 | 幕 | 频道 | 售票 | 纪实,播放 | 播出 | 转播 | 节目 | 录制 | 录像 | 重播 | 电视台 | 视频 | 直播 | 电视 | 录音 | 广播 | 收看 | 放映 | 演播室 | 短片 | 播 | 卫视 | 字幕 | 实况 | 拍摄 | 收听 | 电台 | 摄像 | 频道 | 剧场 | 收视率 | 观看 | 光碟 | 演唱会 | 音像 | 影像 | 光盘 | 镜头 | 主持人 | 多媒体 | 售票 | 少儿 | 开机 | 纪实 | 票房 | 全程 | 幕 | 后台,45.00000949976669,0.999999999761384,8.714304005118759e-10,主持人:1.000000 | 光盘:1.000000 | 光碟:1.000000 | 全程:1.000000 | 剧场:1.000000 | 卫视:1.000000 | 后台:1.000000 | 售票:1.000000 | 多媒体:1.000000 | 字幕:1.000000 | 实况:1.000000 | 少儿:1.000000,
88,59,0.3798820039364306,0.08049526550334643,0.03389830508474576,公交车 | 火车 | 公共汽车 | 大巴 | 出租车 | 列车 | 电车 | 乘坐 | 车 | 货车 | 私家车 | 警车,途中 | 驾驶 | 驾车 | 高铁 | 航班 | 轮椅 | 安检 | 下车,途中 | 安检 | 往返 | 趟 | 巴士 | 打车 | 警车 | 卧铺 | 火车 | 轮椅 | 骑 | 高铁,公交车 | 火车 | 公共汽车 | 大巴 | 出租车 | 列车 | 电车 | 乘坐 | 车 | 货车 | 私家车 | 警车 | 骑车 | 卧铺 | 乘车 | 搭乘 | 车上 | 巴士 | 客车 | 卡车 | 驾车 | 乘客 | 辆 | 摩托 | 下车 | 车厢 | 上车 | 电动车 | 自行车 | 救护车 | 轿车 | 马车 | 飞机 | 快车 | 公车 | 打车 | 长途 | 乘 | 跑车 | 地铁 | 吉普 | 骑 | 接送 | 航班 | 驾驶 | 高铁 | 特快 | 行李 | 电动 | 轮椅 | 客机 | 步行 | 趟 | 登机 | 驾 | 车型 | 往返 | 途中 | 安检,59.000780294481984,0.9999999999996709,1.64507013206143e-12,上车:1.000000 | 下车:1.000000 | 乘:1.000000 | 乘坐:1.000000 | 乘客:1.000000 | 乘车:1.000000 | 公交车:1.000000 | 公共汽车:1.000000 | 公车:1.000000 | 出租车:1.000000 | 列车:1.000000 | 卡车:1.000000,
89,69,0.42599845642138323,0.05153101199951528,0.11594202898550725,汁 | 豆腐 | 酱 | 米饭 | 香油 | 炖 | 酥 | 煮 | 葱 | 佐料 | 辣椒 | 醋,菊花 | 甜 | 嚼 | 饭 | 烤 | 桂花 | 淀粉 | 饼,糊 | 姜 | 皮 | 酱 | 糟 | 甜 | 葱 | 煎 | 馅儿 | 酥 | 鲜 | 百合,汁 | 豆腐 | 酱 | 米饭 | 香油 | 炖 | 酥 | 煮 | 葱 | 佐料 | 辣椒 | 醋 | 粥 | 茄子 | 面条儿 | 调料 | 肉 | 蒜 | 南瓜 | 拌 | 白菜 | 煎 | 饼 | 菜 | 馅儿 | 酱油 | 烤 | 汤 | 蘸 | 萝卜 | 碗 | 火腿 | 香 | 虾 | 甜 | 糊 | 莲子 | 勺 | 锅 | 桂花 | 味精 | 熟 | 脆 | 饭 | 嫩 | 煲 | 枣 | 嚼 | 炒 | 豆子 | 蛋 | 咸 | 瓜 | 芝麻 | 淀粉 | 鲜 | 糟 | 姜 | 蜜 | 盐 | 榨 | 麻 | 菊花 | 渣子 | 粉 | 油 | 百合 | 火候 | 皮,68.99777532790952,0.9999676870377577,0.00004802862436034914,佐料:1.000000 | 勺:1.000000 | 味精:1.000000 | 咸:1.000000 | 嚼:1.000000 | 姜:1.000000 | 嫩:1.000000 | 拌:1.000000 | 榨:1.000000 | 汁:1.000000 | 汤:1.000000 | 油:1.000000,
90,40,0.45515632645897935,0.12936003480070854,0.0,美味 | 鲜美 | 风味 | 烤肉 | 好吃 | 卤味 | 海鲜 | 可口 | 小吃 | 火锅 | 味道 | 美食,特产 | 辣 | 香味 | 寿司 | 素食 | 涮 | 吃 | 回味,好吃 | 醇厚 | 素食 | 地道 | 回味 | 餐饮 | 特产 | 小吃 | 辣 | 麻辣 | 烧烤 | 美食,美味 | 鲜美 | 风味 | 烤肉 | 好吃 | 卤味 | 海鲜 | 可口 | 小吃 | 火锅 | 味道 | 美食 | 品尝 | 麻辣 | 口感 | 烧烤 | 西餐 | 烤鸭 | 口味 | 中餐 | 涮 | 吃 | 醇厚 | 烹调 | 寿司 | 味儿 | 香味 | 辣 | 正宗 | 滋味 | 料理 | 原汁原味 | 素食 | 地道 | 回味 | 特产 | 新鲜 | 尝 | 餐饮 | 老字号,39.99999999999694,0.999999999999919,4.205997011183588e-13,中餐:1.000000 | 卤味:1.000000 | 原汁原味:1.000000 | 口味:1.000000 | 口感:1.000000 | 可口:1.000000 | 吃:1.000000 | 味儿:1.000000 | 味道:1.000000 | 品尝:1.000000 | 回味:1.000000 | 地道:1.000000,
91,40,0.38060529665846266,0.10317142079197424,0.025,推断 | 推测 | 断定 | 猜测 | 判断 | 预测 | 估算 | 推算 | 测算 | 判定 | 假定 | 猜想,怀疑 | 预感 | 分析 | 揣测 | 猜 | 表明 | 表示 | 推理,推理 | 结论 | 判定 | 表示 | 定论 | 推算 | 分析 | 认为 | 确认 | 断定 | 猜 | 猜想,推断 | 推测 | 断定 | 猜测 | 判断 | 预测 | 估算 | 推算 | 测算 | 判定 | 假定 | 猜想 | 估计 | 预言 | 假设 | 确信 | 揣测 | 认为 | 结论 | 预料 | 预见 | 怀疑 | 证实 | 认定 | 分析 | 确定 | 设想 | 证明 | 看出 | 确认 | 得出 | 定论 | 计算 | 想象 | 预感 | 猜 | 表示 | 表明 | 推理 | 显示,40.00000024444124,0.9999999999999993,2.3171845324030493e-15,估算:1.000000 | 估计:1.000000 | 假定:1.000000 | 假设:1.000000 | 分析:1.000000 | 判定:1.000000 | 判断:1.000000 | 定论:1.000000 | 得出:1.000000 | 怀疑:1.000000 | 想象:1.000000 | 推断:1.000000,
92,25,0.3596328649879434,0.10348474329579098,0.0,知名度 | 名气 | 声望 | 声誉 | 影响力 | 名声 | 信誉 | 实力 | 威信 | 口碑 | 地位 | 人气,建树 | 价钱 | 优势 | 资历 | 软实力 | 水准 | 品质 | 光环,档次 | 名气 | 品质 | 声望 | 实力 | 地位 | 影响力 | 知名度 | 价值 | 光环 | 软实力 | 效益,知名度 | 名气 | 声望 | 声誉 | 影响力 | 名声 | 信誉 | 实力 | 威信 | 口碑 | 地位 | 人气 | 资历 | 效益 | 品质 | 性价比 | 优势 | 身价 | 档次 | 水准 | 价值 | 软实力 | 价钱 | 光环 | 建树,25.000000000000007,1.0,3.3068779986390786e-23,人气:1.000000 | 价值:1.000000 | 价钱:1.000000 | 优势:1.000000 | 信誉:1.000000 | 光环:1.000000 | 口碑:1.000000 | 名声:1.000000 | 名气:1.000000 | 品质:1.000000 | 地位:1.000000 | 声望:1.000000,
93,50,0.27378864871099984,-0.002898511138395654,0.54,改进 | 修改 | 修补 | 纠正 | 反思 | 梳理 | 改正 | 改良 | 补救 | 修复 | 修正 | 反省,效仿 | 仿制 | 还原 | 入手 | 美化 | 摸索 | 旧 | 攻关,改造 | 启发 | 检讨 | 整治 | 发掘 | 改正 | 找出 | 查找 | 更新 | 修改 | 修复 | 修订,改进 | 修改 | 修补 | 纠正 | 反思 | 梳理 | 改正 | 改良 | 补救 | 修复 | 修正 | 反省 | 整顿 | 修订 | 检讨 | 查找 | 推敲 | 清理 | 改动 | 温习 | 打磨 | 革新 | 整理 | 矫正 | 研究 | 改造 | 复原 | 提炼 | 加以 | 搜集 | 找出 | 发掘 | 举一反三 | 摸索 | 整治 | 启发 | 美化 | 更新 | 处理 | 复制 | 精简 | 重复 | 亡羊补牢 | 对照 | 仿制 | 攻关 | 旧 | 入手 | 还原 | 效仿,50.000000001078305,0.9999999999996754,1.5832671315269029e-12,举一反三:1.000000 | 亡羊补牢:1.000000 | 仿制:1.000000 | 修复:1.000000 | 修改:1.000000 | 修正:1.000000 | 修补:1.000000 | 入手:1.000000 | 加以:1.000000 | 反思:1.000000 | 反省:1.000000 | 发掘:1.000000,
94,53,0.3768624846722378,0.07018621321492502,0.20754716981132076,种植 | 水稻 | 果树 | 作物 | 农作物 | 蔬菜 | 小麦 | 栽培 | 肥料 | 粮食 | 饲料 | 牲畜,果实 | 葡萄 | 植物 | 酿造 | 生长 | 苗 | 花卉 | 果树,贮藏 | 野生 | 花卉 | 害虫 | 大棚 | 作物 | 牧场 | 保鲜 | 肥料 | 木材 | 喂养 | 丰收,种植 | 水稻 | 果树 | 作物 | 农作物 | 蔬菜 | 小麦 | 栽培 | 肥料 | 粮食 | 饲料 | 牲畜 | 养殖 | 饲养 | 棉花 | 家禽 | 玉米 | 灌溉 | 葡萄 | 水产品 | 繁殖 | 奶牛 | 农业 | 害虫 | 亩 | 大棚 | 农产品 | 化肥 | 药材 | 耕地 | 杂交 | 花卉 | 合作社 | 植物 | 野生 | 木材 | 农场 | 喂养 | 丰收 | 土壤 | 公顷 | 种子 | 生长 | 开垦 | 贮藏 | 增产 | 牧场 | 苗 | 果实 | 酿造 | 保鲜 | 产地 | 收获,52.99994534439943,0.9999989687620096,2.1346225106460773e-6,丰收:1.000000 | 产地:1.000000 | 亩:1.000000 | 作物:1.000000 | 保鲜:1.000000 | 公顷:1.000000 | 养殖:1.000000 | 农业:1.000000 | 农产品:1.000000 | 农作物:1.000000 | 农场:1.000000 | 化肥:1.000000,
95,50,0.3237494553470752,0.03359865739019362,0.22,气体 | 二氧化碳 | 尾气 | 氧气 | 空气 | 煤气 | 燃烧 | 排放 | 燃料 | 热量 | 污水 | 温度,风力 | 光线 | 冷气 | 浮力 | 湿度 | 噪音 | 水温 | 地下水,风力 | 点火 | 高压 | 二氧化碳 | 温室 | 燃烧 | 真空 | 辐射 | 供暖 | 噪音 | 烟囱 | 氧气,气体 | 二氧化碳 | 尾气 | 氧气 | 空气 | 煤气 | 燃烧 | 排放 | 燃料 | 热量 | 污水 | 温度 | 燃气 | 湿度 | 污染 | 噪声 | 烟囱 | 噪音 | 灰尘 | 温室 | 氧 | 能量 | 能耗 | 燃油 | 火焰 | 发电 | 大气 | 地下水 | 冷气 | 废物 | 供暖 | 焚烧 | 天然气 | 汽油 | 水温 | 垃圾 | 气 | 煤 | 太阳能 | 功率 | 浮力 | 火药 | 风力 | 核能 | 碳 | 点火 | 真空 | 高压 | 辐射 | 光线,50.000001182523754,0.9999999999995947,1.9592502390771466e-12,二氧化碳:1.000000 | 光线:1.000000 | 冷气:1.000000 | 功率:1.000000 | 发电:1.000000 | 噪声:1.000000 | 噪音:1.000000 | 地下水:1.000000 | 垃圾:1.000000 | 大气:1.000000 | 天然气:1.000000 | 太阳能:1.000000,
96,39,0.3410278173604242,0.054927055418588284,0.1794871794871795,损害 | 诱发 | 危及 | 造成 | 危害 | 防止 | 扰乱 | 妨碍 | 妨害 | 导致 | 破坏 | 阻碍,危险 | 触犯 | 预防 | 杜绝 | 恶性 | 提防 | 腐蚀 | 警惕,后果 | 恶性 | 引发 | 不利于 | 侵害 | 妨碍 | 损害 | 避免 | 人为 | 防止 | 堵塞 | 不利,损害 | 诱发 | 危及 | 造成 | 危害 | 防止 | 扰乱 | 妨碍 | 妨害 | 导致 | 破坏 | 阻碍 | 避免 | 引发 | 影响 | 引起 | 侵害 | 干扰 | 不利于 | 加重 | 有害 | 防范 | 杜绝 | 恶性 | 预防 | 堵塞 | 不利 | 后果 | 触犯 | 危险 | 罪魁祸首 | 产生 | 提防 | 腐蚀 | 警惕 | 不良 | 人为 | 致 | 防,39.00000000136104,0.9999999999999992,4.5734281457742364e-15,不利:1.000000 | 不利于:1.000000 | 不良:1.000000 | 产生:1.000000 | 人为:1.000000 | 侵害:1.000000 | 加重:1.000000 | 危及:1.000000 | 危害:1.000000 | 危险:1.000000 | 后果:1.000000 | 堵塞:1.000000,
97,54,0.3416024790767751,0.04925905448977942,0.2222222222222222,丧生 | 受伤 | 伤亡 | 重伤 | 遇难 | 死亡 | 倒塌 | 毁坏 | 失踪 | 惨重 | 车祸 | 遭受,意外 | 悲剧 | 流血 | 受骗 | 地震 | 不翼而飞 | 受灾 | 伤害,惨重 | 幸免 | 牺牲 | 遭遇 | 重伤 | 面目全非 | 损失 | 出事 | 着火 | 伤害 | 幸存 | 自杀,丧生 | 受伤 | 伤亡 | 重伤 | 遇难 | 死亡 | 倒塌 | 毁坏 | 失踪 | 惨重 | 车祸 | 遭受 | 损坏 | 不幸 | 火灾 | 烧毁 | 灾难 | 事故 | 遭殃 | 损失 | 重创 | 无辜 | 伤 | 幸存 | 爆炸 | 受害 | 伤害 | 浩劫 | 毁 | 被捕 | 倒下 | 着火 | 出事 | 幸免 | 遗弃 | 空难 | 悲剧 | 无家可归 | 厄运 | 自杀 | 受灾 | 丢失 | 遭到 | 受骗 | 牺牲 | 遭遇 | 灭绝 | 地震 | 发生 | 流血 | 灾 | 面目全非 | 意外 | 不翼而飞,54.00000091869238,0.9999999999994847,2.464211084901428e-12,不幸:1.000000 | 不翼而飞:1.000000 | 丢失:1.000000 | 丧生:1.000000 | 事故:1.000000 | 伤:1.000000 | 伤亡:1.000000 | 伤害:1.000000 | 倒下:1.000000 | 倒塌:1.000000 | 出事:1.000000 | 厄运:1.000000,
98,73,0.3336716685160097,0.04116934773967904,0.2191780821917808,不要 | 不必 | 从不 | 不许 | 从来不 | 常常 | 要 | 不用 | 免得 | 何必 | 别 | 决不,总是 | 从未 | 照样 | 盲目 | 尽量 | 凡是 | 再也 | 有人,常 | 严禁 | 老是 | 只管 | 不许 | 千万 | 经常 | 总是 | 免得 | 只能 | 不易 | 必须,不要 | 不必 | 从不 | 不许 | 从来不 | 常常 | 要 | 不用 | 免得 | 何必 | 别 | 决不 | 必须 | 宁可 | 用不着 | 宁愿 | 非得 | 不能不 | 老是 | 不宜 | 就要 | 时常 | 生怕 | 总是 | 难免 | 经常 | 不至于 | 不妨 | 以免 | 尽量 | 休想 | 都会 | 不免 | 不准 | 只能 | 免不了 | 勿 | 只管 | 务必 | 不曾 | 动不动 | 从没 | 恨不得 | 偶尔 | 照样 | 容易 | 不 | 不再 | 无须 | 再 | 常 | 再也 | 须 | 一律 | 应当 | 时时 | 有人 | 从未 | 必 | 严禁 | 凡是 | 当心 | 应 | 千万 | 统统 | 不易 | 一味 | 盲目 | 可 | 忌 | 通通 | 一概 | 凡,73.00002167120483,0.9999999988215468,4.047803373046988e-9,一味:1.000000 | 一律:1.000000 | 一概:1.000000 | 不免:1.000000 | 不再:1.000000 | 不准:1.000000 | 不妨:1.000000 | 不宜:1.000000 | 不必:1.000000 | 不易:1.000000 | 不曾:1.000000 | 不用:1.000000,
99,49,0.3080235874275368,0.02688185353513535,0.2857142857142857,偏 | 略微 | 平稳 | 相对 | 趋于 | 弱势 | 谨慎 | 乐观 | 平淡 | 弱 | 缓慢 | 温和,时好时坏 | 比较 | 强势 | 清淡 | 保守 | 轻微 | 保持 | 悲观,缓慢 | 乐观 | 宽松 | 向上 | 轻微 | 观望 | 收敛 | 总体 | 略微 | 维持 | 持 | 谨慎,偏 | 略微 | 平稳 | 相对 | 趋于 | 弱势 | 谨慎 | 乐观 | 平淡 | 弱 | 缓慢 | 温和 | 清淡 | 稳健 | 稍 | 低迷 | 悲观 | 维持 | 偏向 | 延续 | 整体 | 总体 | 强势 | 保持 | 比较 | 稳 | 有所 | 中性 | 略 | 明显 | 观望 | 明朗 | 宽松 | 表现 | 向上 | 显 | 保守 | 较 | 不大 | 处于 | 普遍 | 倾向 | 徘徊 | 收敛 | 持 | 低 | 轻微 | 时好时坏 | 处在,48.999999999292456,0.9999999999851673,6.171858434679987e-11,不大:1.000000 | 中性:1.000000 | 乐观:1.000000 | 低迷:1.000000 | 保守:1.000000 | 保持:1.000000 | 倾向:1.000000 | 偏:1.000000 | 偏向:1.000000 | 向上:1.000000 | 处于:1.000000 | 处在:1.000000,
100,45,0.3036978391352357,0.030760554747166526,0.4444444444444444,预订 | 优惠 | 特价 | 折扣 | 打折 | 抽奖 | 促销 | 订购 | 预约 | 免费 | 套餐 | 奖品,定做 | 应有尽有 | 票价 | 开业 | 门票 | 享受 | 赏 | 实惠,折 | 抽奖 | 会员 | 中奖 | 排队 | 福利 | 专柜 | 购 | 享 | 封顶 | 赠 | 预约,预订 | 优惠 | 特价 | 折扣 | 打折 | 抽奖 | 促销 | 订购 | 预约 | 免费 | 套餐 | 奖品 | 预售 | 赠送 | 门票 | 预定 | 订 | 购买 | 实惠 | 专柜 | 兑换 | 享 | 自助 | 商城 | 中奖 | 体验 | 回馈 | 店 | 赠 | 福利 | 会员 | 折 | 专卖店 | 券 | 票价 | 享受 | 试用 | 购 | 付费 | 开业 | 赏 | 封顶 | 排队 | 定做 | 应有尽有,45.00000065290198,0.999999999999532,2.2609011925088897e-12,专卖店:1.000000 | 专柜:1.000000 | 中奖:1.000000 | 享:1.000000 | 享受:1.000000 | 付费:1.000000 | 优惠:1.000000 | 会员:1.000000 | 体验:1.000000 | 促销:1.000000 | 免费:1.000000 | 兑换:1.000000,
101,61,0.416546509889696,0.14026769328007663,0.04918032786885246,晚上 | 早上 | 早晨 | 中午 | 夜里 | 傍晚 | 下午 | 半夜 | 下班 | 晚饭 | 清晨 | 起床,回家 | 睡觉 | 周末 | 晚点 | 熬夜 | 出门 | 休息 | 开夜车,后天 | 工作日 | 昨天 | 当晚 | 出门 | 早晨 | 钟头 | 晚 | 傍晚 | 早饭 | 上午 | 照常,晚上 | 早上 | 早晨 | 中午 | 夜里 | 傍晚 | 下午 | 半夜 | 下班 | 晚饭 | 清晨 | 起床 | 深夜 | 午饭 | 一早 | 早饭 | 上午 | 凌晨 | 白天 | 夜晚 | 星期天 | 一大早 | 睡觉 | 午睡 | 放学 | 上班 | 明天 | 晚 | 通宵 | 当晚 | 星期日 | 夜间 | 夜班 | 周末 | 前天 | 黄昏 | 钟头 | 回家 | 昨天 | 加班 | 次日 | 星期 | 熬夜 | 出门 | 天 | 准时 | 今天 | 晚间 | 开夜车 | 休息 | 夜 | 下课 | 晚点 | 请假 | 礼拜 | 小时 | 早晚 | 工作日 | 照常 | 值班 | 后天,61.00008189159059,0.9999999998580508,5.314213497792905e-10,一大早:1.000000 | 一早:1.000000 | 上午:1.000000 | 上班:1.000000 | 下午:1.000000 | 下班:1.000000 | 下课:1.000000 | 中午:1.000000 | 休息:1.000000 | 值班:1.000000 | 傍晚:1.000000 | 准时:1.000000,
102,43,0.30040134987794054,0.026329984350871884,0.27906976744186046,放置 | 藏匿 | 存放 | 摆放 | 埋藏 | 停放 | 隐藏 | 储存 | 躲藏 | 藏身 | 停泊 | 保存,进出 | 珍藏 | 地点 | 居住 | 守候 | 停放 | 看管 | 运送,运送 | 集结 | 遗留 | 隐藏 | 珍藏 | 安置 | 地点 | 收集 | 携带 | 分布 | 储存 | 躲藏,放置 | 藏匿 | 存放 | 摆放 | 埋藏 | 停放 | 隐藏 | 储存 | 躲藏 | 藏身 | 停泊 | 保存 | 聚集 | 滞留 | 陈列 | 隐蔽 | 埋伏 | 安置 | 集结 | 运送 | 居住 | 藏 | 张贴 | 悬挂 | 保管 | 布置 | 分布 | 等候 | 守候 | 收集 | 遗留 | 分散 | 携带 | 珍藏 | 坐落 | 集中 | 看管 | 容纳 | 停留 | 迁移 | 进出 | 出入 | 地点,43.0,1.0,7.785498773126169e-17,保存:1.000000 | 保管:1.000000 | 停放:1.000000 | 停泊:1.000000 | 停留:1.000000 | 储存:1.000000 | 出入:1.000000 | 分布:1.000000 | 分散:1.000000 | 地点:1.000000 | 坐落:1.000000 | 埋伏:1.000000,
103,38,0.3054806606451097,0.04260547233126135,0.18421052631578946,向着 | 向前 | 迈进 | 越过 | 朝着 | 前进 | 脚步 | 追赶 | 沿着 | 靠近 | 逼近 | 后退,走过 | 追随 | 赶不上 | 赶上 | 终点 | 跟随 | 贴近 | 远,远 | 穿过 | 终点 | 靠拢 | 脚步 | 超越 | 沿着 | 飞速 | 后退 | 跨越 | 朝 | 赶上,向着 | 向前 | 迈进 | 越过 | 朝着 | 前进 | 脚步 | 追赶 | 沿着 | 靠近 | 逼近 | 后退 | 走近 | 跨越 | 步伐 | 靠拢 | 跟上 | 走过 | 超越 | 穿过 | 飞速 | 赶上 | 迈 | 接近 | 飞跃 | 追随 | 离 | 步 | 止步 | 贴近 | 跟随 | 向 | 台阶 | 冲刺 | 朝 | 赶不上 | 远 | 终点,38.0,1.0,8.347705704293399e-24,冲刺:1.000000 | 前进:1.000000 | 台阶:1.000000 | 后退:1.000000 | 向:1.000000 | 向前:1.000000 | 向着:1.000000 | 接近:1.000000 | 朝:1.000000 | 朝着:1.000000 | 止步:1.000000 | 步:1.000000,
104,47,0.3990669874283395,0.07816950637542774,0.06382978723404255,俊俏 | 英俊 | 苗条 | 艳丽 | 壮实 | 红润 | 迷人 | 修长 | 健壮 | 甜美 | 漂亮 | 美丽,时髦 | 活泼 | 尊贵 | 诱人 | 红扑扑 | 高贵 | 灵巧 | 整洁,甜美 | 结实 | 尊贵 | 秀美 | 时髦 | 容颜 | 美丽 | 修长 | 优雅 | 英俊 | 明媚 | 亮丽,俊俏 | 英俊 | 苗条 | 艳丽 | 壮实 | 红润 | 迷人 | 修长 | 健壮 | 甜美 | 漂亮 | 美丽 | 优雅 | 可爱 | 明媚 | 丰满 | 结实 | 身材 | 柔软 | 强壮 | 秀美 | 高大 | 水灵灵 | 秀丽 | 红扑扑 | 柔和 | 容光焕发 | 明亮 | 硬朗 | 高贵 | 亮丽 | 活泼 | 整洁 | 容颜 | 矮小 | 灵巧 | 长相 | 灿烂 | 外貌 | 时髦 | 诱人 | 整齐 | 饱满 | 年轻 | 尊贵 | 标致 | 个子,47.00000000000278,0.9999999999999946,3.0158450570909684e-14,个子:1.000000 | 丰满:1.000000 | 亮丽:1.000000 | 俊俏:1.000000 | 修长:1.000000 | 健壮:1.000000 | 可爱:1.000000 | 壮实:1.000000 | 外貌:1.000000 | 容光焕发:1.000000 | 容颜:1.000000 | 尊贵:1.000000,
105,47,0.3056954777412974,0.025849479958825427,0.3404255319148936,忘掉 | 丢掉 | 抛弃 | 忽略 | 忘记 | 变成 | 当成 | 放弃 | 去掉 | 丢弃 | 遗忘 | 换成,告别 | 学会 | 等于 | 记住 | 养成 | 剔除 | 放过 | 看作,抛开 | 拿走 | 学会 | 小看 | 看成 | 等于 | 告别 | 成 | 丧失 | 当作 | 换成 | 忘掉,忘掉 | 丢掉 | 抛弃 | 忽略 | 忘记 | 变成 | 当成 | 放弃 | 去掉 | 丢弃 | 遗忘 | 换成 | 忽视 | 放下 | 当作 | 失去 | 抛开 | 掉 | 拿走 | 记住 | 关掉 | 放过 | 丧失 | 看成 | 小看 | 取代 | 代替 | 远离 | 消失 | 埋没 | 脱离 | 变为 | 放到 | 交给 | 淡化 | 剩下 | 省略 | 养成 | 成 | 除去 | 看作 | 留下 | 告别 | 叫作 | 剔除 | 学会 | 等于,47.00000002523452,1.0,1.046332065762173e-17,丢弃:1.000000 | 丢掉:1.000000 | 丧失:1.000000 | 交给:1.000000 | 代替:1.000000 | 关掉:1.000000 | 养成:1.000000 | 剔除:1.000000 | 剩下:1.000000 | 去掉:1.000000 | 取代:1.000000 | 变为:1.000000,
106,121,0.35133484676672555,0.05458041943513978,0.14049586776859505,房间 | 浴室 | 楼道 | 宿舍 | 卧室 | 屋子 | 教室 | 卫生间 | 客厅 | 洗手间 | 居民楼 | 舞厅,剧院 | 病床 | 餐厅 | 餐馆 | 餐桌 | 空地 | 连锁店 | 墙壁,诊所 | 临街 | 卫生间 | 厕所 | 角落 | 栋 | 操场 | 幢 | 商场 | 食堂 | 阳台 | 体育馆,房间 | 浴室 | 楼道 | 宿舍 | 卧室 | 屋子 | 教室 | 卫生间 | 客厅 | 洗手间 | 居民楼 | 舞厅 | 旅馆 | 楼房 | 院子 | 餐厅 | 宾馆 | 病房 | 地下室 | 饭馆 | 临街 | 阳台 | 过道 | 寝室 | 楼 | 厨房 | 教学楼 | 厕所 | 书房 | 酒吧 | 客房 | 大楼 | 大厅 | 楼梯 | 饭店 | 礼堂 | 商场 | 窗户 | 酒楼 | 停车场 | 操场 | 游泳池 | 食堂 | 餐馆 | 公寓 | 电影院 | 旅店 | 小区 | 窗台 | 阅览室 | 屋 | 图书馆 | 墙壁 | 幢 | 地铁站 | 体育馆 | 手术室 | 大厦 | 花园 | 房子 | 网吧 | 住处 | 别墅 | 办公室 | 教堂 | 栋 | 写字楼 | 广场 | 电梯 | 围墙 | 更衣室 | 夜总会 | 走廊 | 球场 | 报亭 | 场馆 | 屋顶 | 四合院 | 剧院 | 书店 | 养老院 | 商店 | 菜市场 | 柜台 | 公共场所 | 诊所 | 仓库 | 体育场 | 座位 | 场地 | 看台 | 工地 | 机舱 | 室 | 超市 | 街道 | 空地 | 皇宫 | 大门 | 帐篷 | 清真寺 | 住户 | 场所 | 厅 | 大街 | 地板 | 殿堂 | 床位 | 角落 | 餐桌 | 装修 | 病床 | 露天 | 出租 | 校园 | 办公 | 五星级 | 新房 | 连锁店 | 便利店 | 网点,120.99995442581658,0.9999975920008423,4.315015159376556e-6,临街:1.000000 | 书店:1.000000 | 书房:1.000000 | 五星级:1.000000 | 仓库:1.000000 | 住处:1.000000 | 体育场:1.000000 | 体育馆:1.000000 | 公共场所:1.000000 | 公寓:1.000000 | 养老院:1.000000 | 写字楼:1.000000,
107,60,0.2938872055578935,-0.02617251586837306,0.7666666666666667,恩情 | 心事 | 心意 | 感情 | 心 | 福气 | 心肠 | 性命 | 真情 | 命 | 心思 | 恩怨,皇上 | 心事 | 心眼儿 | 公道 | 本分 | 平常心 | 俗话 | 喜怒哀乐,人生 | 心 | 恩情 | 大事 | 功劳 | 性命 | 私事 | 良心 | 喜事 | 利害 | 面子 | 恩怨,恩情 | 心事 | 心意 | 感情 | 心 | 福气 | 心肠 | 性命 | 真情 | 命 | 心思 | 恩怨 | 名利 | 遂心 | 人情 | 私事 | 利害 | 喜怒哀乐 | 情 | 恩惠 | 生死 | 公事 | 心里话 | 大事 | 本分 | 得失 | 人生 | 心眼儿 | 计较 | 分寸 | 面子 | 仇 | 一生 | 了却 | 皇上 | 平常心 | 喜事 | 托付 | 公道 | 命运 | 一言一行 | 良心 | 君子 | 人间 | 好事 | 多心 | 矣 | 功劳 | 恩赐 | 干戈 | 是非 | 天下 | 辞 | 大局 | 前途 | 心目 | 从今以后 | 俗话 | 尽 | 万万,59.99999998409542,0.9999999997242252,1.0092381904129971e-9,一生:1.000000 | 万万:1.000000 | 了却:1.000000 | 人情:1.000000 | 人生:1.000000 | 人间:1.000000 | 仇:1.000000 | 从今以后:1.000000 | 俗话:1.000000 | 公事:1.000000 | 公道:1.000000 | 分寸:1.000000,
108,31,0.30425444626434606,0.011151260984531402,0.3870967741935484,泄密 | 泄露 | 丑闻 | 内幕 | 泄漏 | 秘密 | 绯闻 | 揭发 | 机密 | 隐瞒 | 谣言 | 曝光,查明 | 风波 | 黑客 | 嫌疑 | 可疑 | 谣言 | 偷窥 | 隐瞒,绯闻 | 秘密 | 黑客 | 传闻 | 牵扯 | 可疑 | 风波 | 查出 | 机密 | 内幕 | 传言 | 丑闻,泄密 | 泄露 | 丑闻 | 内幕 | 泄漏 | 秘密 | 绯闻 | 揭发 | 机密 | 隐瞒 | 谣言 | 曝光 | 传言 | 传闻 | 黑手 | 隐私 | 事件 | 牵涉 | 风波 | 卷入 | 暴露 | 牵扯 | 嫌疑 | 偷窥 | 查出 | 幕后 | 黑客 | 保密 | 查明 | 可疑 | 外界,31.000000000010537,1.0,2.597673428170668e-22,丑闻:1.000000 | 事件:1.000000 | 传言:1.000000 | 传闻:1.000000 | 保密:1.000000 | 偷窥:1.000000 | 内幕:1.000000 | 卷入:1.000000 | 可疑:1.000000 | 外界:1.000000 | 嫌疑:1.000000 | 幕后:1.000000,
109,46,0.3650844072927586,0.048809672324442666,0.17391304347826086,庆贺 | 庆祝 | 庆典 | 祝贺 | 悼念 | 联欢 | 典礼 | 送别 | 纪念 | 送行 | 纪念日 | 宴会,祈祷 | 火炬 | 国旗 | 婚礼 | 狂欢 | 集会 | 拜年 | 追悼会,诞辰 | 欢聚 | 庆贺 | 锦旗 | 缅怀 | 悼念 | 国旗 | 集会 | 贵宾 | 庆祝 | 游行 | 纪念,庆贺 | 庆祝 | 庆典 | 祝贺 | 悼念 | 联欢 | 典礼 | 送别 | 纪念 | 送行 | 纪念日 | 宴会 | 贺信 | 诞辰 | 致敬 | 喜庆 | 隆重 | 追悼会 | 贺电 | 集会 | 周年 | 缅怀 | 仪式 | 敬礼 | 问候 | 招待 | 留念 | 生日 | 拜年 | 盛大 | 慰问 | 游行 | 干杯 | 祈祷 | 宣誓 | 婚礼 | 张灯结彩 | 欢聚 | 迎接 | 合影 | 贵宾 | 庄严 | 锦旗 | 狂欢 | 国旗 | 火炬,46.000000192862416,0.9999999999978751,9.644547477687596e-12,仪式:1.000000 | 典礼:1.000000 | 合影:1.000000 | 周年:1.000000 | 喜庆:1.000000 | 国旗:1.000000 | 婚礼:1.000000 | 宣誓:1.000000 | 宴会:1.000000 | 干杯:1.000000 | 庄严:1.000000 | 庆典:1.000000,
110,51,0.5101815406603082,0.25977527892343394,0.0,衬衣 | 衬衫 | 裙子 | 上衣 | 毛衣 | 短裤 | 衣服 | 外套 | 大衣 | 裤子 | 西装 | 袜子,毛巾 | 睡袋 | 化妆 | 打扮 | 装扮 | 男士 | 一身 | 眼镜,裤子 | 时装 | 球鞋 | 外套 | 制服 | 背心 | 戴 | 袜子 | 衣服 | 西装 | 发型 | 打扮,衬衣 | 衬衫 | 裙子 | 上衣 | 毛衣 | 短裤 | 衣服 | 外套 | 大衣 | 裤子 | 西装 | 袜子 | 牛仔裤 | 围巾 | 鞋 | 羽绒服 | 凉鞋 | 皮鞋 | 领带 | 穿着 | 拖鞋 | 内衣 | 球鞋 | 礼服 | 背心 | 旗袍 | 雨衣 | 服装 | 高跟鞋 | 穿 | 手套 | 帽子 | 款式 | 服饰 | 靴子 | 毛巾 | 婚纱 | 制服 | 装扮 | 发型 | 口罩 | 项链 | 外衣 | 打扮 | 睡袋 | 眼镜 | 时装 | 戴 | 男士 | 化妆 | 一身,51.000000475152994,0.9999999999999843,8.655514127013542e-14,一身:1.000000 | 上衣:1.000000 | 内衣:1.000000 | 凉鞋:1.000000 | 制服:1.000000 | 化妆:1.000000 | 发型:1.000000 | 口罩:1.000000 | 围巾:1.000000 | 外套:1.000000 | 外衣:1.000000 | 大衣:1.000000,
111,49,0.3181393486832635,0.05707936415274522,0.30612244897959184,极为 | 极其 | 非常 | 十分 | 日益 | 越发 | 愈来愈 | 日趋 | 格外 | 越来越 | 尤为 | 无比,之下 | 面临 | 屡 | 严峻 | 值得 | 多方面 | 无不 | 受到,愈来愈 | 极其 | 颇 | 不容 | 种种 | 与日俱增 | 日趋 | 无不 | 屡 | 非常 | 越来越 | 值得,极为 | 极其 | 非常 | 十分 | 日益 | 越发 | 愈来愈 | 日趋 | 格外 | 越来越 | 尤为 | 无比 | 更加 | 相当 | 多么 | 分外 | 空前 | 极度 | 颇 | 如此 | 异常 | 备受 | 前所未有 | 与日俱增 | 显得 | 有着 | 诸多 | 极 | 巨大 | 深受 | 不容 | 种种 | 严峻 | 双重 | 无限 | 众多 | 不亚于 | 无不 | 受到 | 多方面 | 无穷 | 一系列 | 一连串 | 屡 | 有待 | 离不开 | 值得 | 面临 | 之下,49.00017248200783,0.9999999999999913,4.5944936225419275e-14,一系列:1.000000 | 一连串:1.000000 | 不亚于:1.000000 | 不容:1.000000 | 与日俱增:1.000000 | 严峻:1.000000 | 之下:1.000000 | 众多:1.000000 | 值得:1.000000 | 分外:1.000000 | 十分:1.000000 | 双重:1.000000,
112,68,0.32146749188835555,0.05637920306456903,0.14705882352941177,设立 | 组建 | 制订 | 制定 | 开办 | 举办 | 成立 | 创办 | 建立 | 兴建 | 颁布 | 创立,协会 | 获悉 | 采取 | 定为 | 举行 | 落户 | 动工 | 召集,采取 | 研制 | 主办 | 编写 | 兴建 | 开通 | 扩建 | 开展 | 开设 | 举办 | 联合 | 策划,设立 | 组建 | 制订 | 制定 | 开办 | 举办 | 成立 | 创办 | 建立 | 兴建 | 颁布 | 创立 | 创建 | 开展 | 推出 | 开设 | 举行 | 拟定 | 召开 | 修建 | 签订 | 建成 | 签署 | 实施 | 建造 | 起草 | 主办 | 出台 | 发起 | 推行 | 订立 | 承办 | 开通 | 筹办 | 实行 | 发布 | 筹备 | 编写 | 牵头 | 设置 | 试行 | 研制 | 采取 | 编制 | 建 | 组织 | 施行 | 公布 | 筹划 | 召集 | 设 | 动工 | 联合 | 诞生 | 扩建 | 组成 | 首创 | 联手 | 参与 | 策划 | 落户 | 加入 | 改名 | 命名 | 从事 | 获悉 | 协会 | 定为,67.9999997144388,0.9999999956960702,1.3094414165183799e-8,主办:1.000000 | 举办:1.000000 | 举行:1.000000 | 从事:1.000000 | 修建:1.000000 | 公布:1.000000 | 兴建:1.000000 | 出台:1.000000 | 创办:1.000000 | 创建:1.000000 | 创立:1.000000 | 制定:1.000000,
113,70,0.4014374350258634,0.13229582473722662,0.014285714285714285,旁边 | 后边 | 前边 | 外边 | 那边 | 后面 | 前面 | 里边 | 那儿 | 上边 | 下边 | 底下,路边 | 挨着 | 进来 | 进去 | 手里 | 一旁 | 老远 | 眼前,两侧 | 里面 | 右边 | 边 | 手里 | 这儿 | 前边 | 岸上 | 前方 | 那边 | 路边 | 挨着,旁边 | 后边 | 前边 | 外边 | 那边 | 后面 | 前面 | 里边 | 那儿 | 上边 | 下边 | 底下 | 左边 | 上面 | 右边 | 远处 | 旁 | 外头 | 外面 | 对面 | 这边 | 那里 | 门口 | 里面 | 这儿 | 东边 | 里头 | 楼下 | 跟前 | 西边 | 下面 | 两边 | 南边 | 一旁 | 楼上 | 北边 | 后头 | 里 | 中间 | 岸上 | 前头 | 路边 | 一边 | 边 | 身边 | 隔壁 | 周围 | 上头 | 老远 | 台上 | 挨着 | 地上 | 前方 | 两侧 | 这里 | 上去 | 眼前 | 进去 | 手里 | 四周 | 尽头 | 往后 | 进来 | 上来 | 上 | 背后 | 此处 | 一面 | 侧面 | 另,70.00002275901987,0.9999999999999992,5.9103137188440345e-15,一旁:1.000000 | 一边:1.000000 | 一面:1.000000 | 上:1.000000 | 上去:1.000000 | 上头:1.000000 | 上来:1.000000 | 上边:1.000000 | 上面:1.000000 | 下边:1.000000 | 下面:1.000000 | 东边:1.000000,
114,70,0.3457779732154903,-0.013660902735690462,0.6285714285714286,擦 | 劈 | 刮 | 刨 | 扒 | 浇 | 洗 | 剥 | 剪 | 碎 | 滚 | 淌,挥 | 擦 | 劈 | 抽 | 扒 | 搅 | 吹 | 溜,漂 | 擦 | 裂 | 淹 | 挖 | 塌 | 摊 | 泼 | 劈 | 滑 | 拔 | 炸,擦 | 劈 | 刮 | 刨 | 扒 | 浇 | 洗 | 剥 | 剪 | 碎 | 滚 | 淌 | 抹 | 割 | 铲 | 捞 | 洒 | 烧 | 绞 | 溜 | 搅 | 沾 | 泼 | 溅 | 吐 | 卸 | 拔 | 炸 | 吹 | 锯 | 磨 | 撬 | 喷 | 凿 | 踏 | 撒 | 埋 | 削 | 刷 | 涂 | 抽 | 漏 | 剃 | 翻 | 落 | 淹 | 挥 | 扫 | 抄 | 塌 | 切 | 筛 | 断 | 拾 | 倒 | 吞 | 漂 | 摘 | 染 | 斩 | 撇 | 划 | 裂 | 爆 | 钻 | 滑 | 挖 | 摊 | 吸 | 弹,70.00000000071613,0.9999999999999062,4.86591634542125e-13,倒:1.000000 | 凿:1.000000 | 切:1.000000 | 划:1.000000 | 刨:1.000000 | 刮:1.000000 | 刷:1.000000 | 剃:1.000000 | 削:1.000000 | 剥:1.000000 | 剪:1.000000 | 割:1.000000,
115,39,0.3847916110098148,0.06120481102916632,0.15384615384615385,迷恋 | 痴迷 | 喜欢 | 热爱 | 着迷 | 喜爱 | 讨厌 | 向往 | 热衷 | 崇拜 | 狂热 | 执着,陶醉 | 怀念 | 在乎 | 想念 | 如醉如痴 | 爱不释手 | 追求 | 敬而远之,宠爱 | 追求 | 陶醉 | 上瘾 | 兴趣 | 爱好 | 念念不忘 | 沉迷 | 热衷 | 崇拜 | 向往 | 喜欢,迷恋 | 痴迷 | 喜欢 | 热爱 | 着迷 | 喜爱 | 讨厌 | 向往 | 热衷 | 崇拜 | 狂热 | 执着 | 沉迷 | 爱好 | 想念 | 留恋 | 怀念 | 厌倦 | 陶醉 | 爱 | 欣赏 | 念念不忘 | 宠爱 | 上瘾 | 惦记 | 如醉如痴 | 心爱 | 痴心 | 追求 | 爱不释手 | 兴趣 | 嗜好 | 喜好 | 感兴趣 | 死心塌地 | 迷 | 在乎 | 追逐 | 敬而远之,39.000156799162596,0.9999999999999912,4.899238252213576e-14,上瘾:1.000000 | 兴趣:1.000000 | 厌倦:1.000000 | 向往:1.000000 | 喜好:1.000000 | 喜欢:1.000000 | 喜爱:1.000000 | 嗜好:1.000000 | 如醉如痴:1.000000 | 宠爱:1.000000 | 崇拜:1.000000 | 心爱:1.000000,
116,61,0.3836951951272974,0.041368526574845965,0.21311475409836064,感激 | 敬重 | 真诚 | 衷心 | 尊敬 | 诚恳 | 同情 | 真挚 | 敬意 | 诚挚 | 赞许 | 关怀,虚心 | 深深 | 满怀 | 诚恳 | 忠贞 | 歉意 | 称赞 | 怀着,真心 | 赞赏 | 深切 | 好意 | 认同 | 虚心 | 感激 | 忠实 | 怀着 | 称赞 | 满怀 | 热心,感激 | 敬重 | 真诚 | 衷心 | 尊敬 | 诚恳 | 同情 | 真挚 | 敬意 | 诚挚 | 赞许 | 关怀 | 体贴 | 信任 | 好意 | 忠心 | 体谅 | 赞扬 | 赞美 | 殷勤 | 爱护 | 尊重 | 赞赏 | 信赖 | 善意 | 深情 | 夸奖 | 忠诚 | 无私 | 关爱 | 敬爱 | 拥护 | 歉意 | 诚心诚意 | 亲切 | 称赞 | 深切 | 好感 | 真心 | 热心 | 慷慨 | 忠贞 | 无微不至 | 珍视 | 热情 | 关照 | 诚意 | 爱惜 | 认同 | 宽恕 | 好心 | 满怀 | 虚心 | 赞同 | 表扬 | 认可 | 打动 | 呵护 | 怀着 | 深深 | 忠实,61.00004599308523,0.9999999999995336,2.262581216768203e-12,亲切:1.000000 | 体谅:1.000000 | 体贴:1.000000 | 信任:1.000000 | 信赖:1.000000 | 关怀:1.000000 | 关照:1.000000 | 关爱:1.000000 | 同情:1.000000 | 呵护:1.000000 | 善意:1.000000 | 夸奖:1.000000,
117,47,0.30226814581224715,0.02378261769170481,0.3191489361702128,兴起 | 愈演愈烈 | 热潮 | 蓬勃 | 汹涌 | 涌现 | 迭起 | 泛滥 | 蔓延 | 升温 | 掀起 | 盛行,萌发 | 火暴 | 骤然 | 密集 | 波及 | 此起彼伏 | 频频 | 竞相,骤然 | 急剧 | 潮 | 出现 | 普及 | 此起彼伏 | 汹涌 | 升温 | 涌现 | 高涨 | 高潮 | 波及,兴起 | 愈演愈烈 | 热潮 | 蓬勃 | 汹涌 | 涌现 | 迭起 | 泛滥 | 蔓延 | 升温 | 掀起 | 盛行 | 高涨 | 此起彼伏 | 爆发 | 急剧 | 涌入 | 层出不穷 | 火热 | 红火 | 增多 | 兴旺 | 高潮 | 崛起 | 潮 | 出现 | 频繁 | 频频 | 上演 | 活跃 | 欣欣向荣 | 沸沸扬扬 | 普及 | 竞相 | 流行 | 火暴 | 大规模 | 骤然 | 波及 | 大面积 | 萌芽 | 深入人心 | 扩散 | 密集 | 供不应求 | 萌发 | 大批,47.000000000000725,1.0,4.39754851788799e-16,上演:1.000000 | 供不应求:1.000000 | 兴旺:1.000000 | 兴起:1.000000 | 出现:1.000000 | 升温:1.000000 | 增多:1.000000 | 大批:1.000000 | 大规模:1.000000 | 大面积:1.000000 | 密集:1.000000 | 层出不穷:1.000000,
118,78,0.40238555670246734,0.06333648885295524,0.0641025641025641,摇头 | 小声 | 扭头 | 苦笑 | 咧嘴 | 点头 | 发愣 | 冷笑 | 叹气 | 笑 | 神情 | 哆嗦,怀里 | 不由得 | 禁不住 | 面前 | 瞅 | 睁 | 迟疑 | 神气,道 | 指着 | 左顾右盼 | 嚷 | 一言不发 | 得意扬扬 | 站住 | 目不转睛 | 前仰后合 | 笑 | 一动不动 | 直视,摇头 | 小声 | 扭头 | 苦笑 | 咧嘴 | 点头 | 发愣 | 冷笑 | 叹气 | 笑 | 神情 | 哆嗦 | 瞪 | 一言不发 | 自言自语 | 眉开眼笑 | 大声 | 脸色 | 眼神 | 一声不吭 | 一眼 | 插嘴 | 瞅 | 坐下 | 愣 | 嬉笑 | 目不转睛 | 一动不动 | 走开 | 眼色 | 微笑 | 眨眼 | 通红 | 说道 | 瞧 | 打量 | 神气 | 笑容 | 低头 | 皱 | 嚷 | 迟疑 | 睁 | 口气 | 得意扬扬 | 说话 | 惨白 | 交头接耳 | 表情 | 怀里 | 示意 | 前仰后合 | 站住 | 招手 | 指着 | 会意 | 面红耳赤 | 过头 | 东张西望 | 沉思 | 左顾右盼 | 一会儿 | 递给 | 禁不住 | 鸦雀无声 | 笑脸 | 不由得 | 俯首 | 七嘴八舌 | 抬头 | 开口 | 脱口而出 | 举手 | 直视 | 道 | 眼里 | 面前 | 手势,77.99966346146097,0.999995685282767,7.480593128345854e-6,一动不动:1.000000 | 一声不吭:1.000000 | 一眼:1.000000 | 一言不发:1.000000 | 七嘴八舌:1.000000 | 东张西望:1.000000 | 举手:1.000000 | 交头接耳:1.000000 | 会意:1.000000 | 低头:1.000000 | 俯首:1.000000 | 冷笑:1.000000,
119,44,0.34139924135004607,0.039723816129236804,0.3181818181818182,因而 | 进而 | 从而 | 以致 | 并且 | 且 | 故 | 而且 | 致使 | 而 | 以至于 | 甚至于,同时 | 倘若 | 反过来 | 若 | 皆 | 即便 | 一旦 | 尤其,一旦 | 而 | 皆 | 继而 | 尤其 | 使得 | 使 | 亦 | 并 | 反过来 | 甚至 | 倘若,因而 | 进而 | 从而 | 以致 | 并且 | 且 | 故 | 而且 | 致使 | 而 | 以至于 | 甚至于 | 即使 | 甚至 | 继而 | 倘若 | 使得 | 即便 | 势必 | 并 | 或是 | 否则 | 使 | 除非 | 尤其 | 若 | 或者 | 亦 | 一旦 | 直至 | 或 | 即 | 由此 | 后者 | 令 | 乃至 | 以及 | 足以 | 皆 | 最终 | 因 | 反过来 | 乃 | 同时,44.00046559447787,0.9999988057916283,2.446407314049976e-6,一旦:1.000000 | 且:1.000000 | 乃:1.000000 | 乃至:1.000000 | 亦:1.000000 | 从而:1.000000 | 令:1.000000 | 以及:1.000000 | 以至于:1.000000 | 以致:1.000000 | 使:1.000000 | 使得:1.000000,
120,51,0.35260701642863307,0.08812050413269368,0.0784313725490196,兼任 | 主任 | 出任 | 现任 | 总裁 | 总经理 | 担任 | 任 | 董事长 | 秘书 | 秘书长 | 就任,先生 | 就职 | 一把手 | 专职 | 辞呈 | 聘请 | 名誉 | 特邀,任 | 一把手 | 主管 | 担任 | 资深 | 主持 | 出任 | 总经理 | 任命 | 董事长 | 主编 | 总监,兼任 | 主任 | 出任 | 现任 | 总裁 | 总经理 | 担任 | 任 | 董事长 | 秘书 | 秘书长 | 就任 | 兼 | 助理 | 总监 | 院长 | 首席 | 任命 | 理事 | 会长 | 董事 | 辞去 | 主席 | 顾问 | 处长 | 书记 | 主管 | 组长 | 所长 | 前任 | 接替 | 就职 | 负责人 | 上任 | 专职 | 主编 | 聘请 | 名誉 | 特邀 | 董事会 | 主持 | 辞呈 | 创始人 | 副 | 资深 | 先生 | 接手 | 研究所 | 代理 | 一把手 | 下属,51.00000147673982,0.9999999985415562,4.9499687566799066e-9,一把手:1.000000 | 上任:1.000000 | 下属:1.000000 | 专职:1.000000 | 主持:1.000000 | 主管:1.000000 | 代理:1.000000 | 任:1.000000 | 会长:1.000000 | 兼:1.000000 | 兼任:1.000000 | 出任:1.000000,
121,37,0.3962632960831406,0.1184386229436087,0.05405405405405406,墓 | 坟 | 坟墓 | 墓地 | 墓碑 | 葬 | 公墓 | 遗物 | 祭奠 | 遗体 | 祭祀 | 纪念碑,祖宗 | 废墟 | 生前 | 宫殿 | 葬礼 | 故乡 | 逝世 | 祖籍,生平 | 公墓 | 葬礼 | 烈士 | 纪念馆 | 瞻仰 | 遗嘱 | 出土 | 墓 | 遗址 | 葬 | 供奉,墓 | 坟 | 坟墓 | 墓地 | 墓碑 | 葬 | 公墓 | 遗物 | 祭奠 | 遗体 | 祭祀 | 纪念碑 | 扫墓 | 葬礼 | 烈士 | 瞻仰 | 庙 | 纪念馆 | 碑 | 遗址 | 祭 | 陪葬 | 供奉 | 遗愿 | 尸体 | 祖先 | 宫殿 | 后裔 | 祖宗 | 逝世 | 遗嘱 | 故乡 | 生前 | 出土 | 生平 | 祖籍 | 废墟,37.00000157247267,1.0,2.866494133571184e-16,供奉:1.000000 | 公墓:1.000000 | 出土:1.000000 | 后裔:1.000000 | 坟:1.000000 | 坟墓:1.000000 | 墓:1.000000 | 墓地:1.000000 | 墓碑:1.000000 | 宫殿:1.000000 | 尸体:1.000000 | 庙:1.000000,
122,85,0.285160448247541,0.008396130956260878,0.4,儒家 | 古代 | 儒学 | 佛教 | 道教 | 宗教 | 民俗 | 传承 | 近代 | 古典 | 习俗 | 风俗,名著 | 鉴赏 | 长寿 | 治学 | 年代 | 崇尚 | 子孙 | 家族,学说 | 名著 | 渊源 | 族 | 宫廷 | 佛教 | 中华 | 文明 | 遗产 | 基督教 | 帝国 | 发明,儒家 | 古代 | 儒学 | 佛教 | 道教 | 宗教 | 民俗 | 传承 | 近代 | 古典 | 习俗 | 风俗 | 古老 | 茶道 | 文人 | 国学 | 瑰宝 | 造纸术 | 渊源 | 古人 | 哲学 | 印刷术 | 圣贤 | 伊斯兰教 | 基督教 | 起源 | 封建 | 传说 | 宫廷 | 朝代 | 失传 | 后人 | 悠久 | 皇室 | 名著 | 启蒙 | 世袭 | 学说 | 传人 | 文化 | 相传 | 神话 | 崇尚 | 子孙 | 俗 | 礼仪 | 姓氏 | 流传 | 祖传 | 遗产 | 西方 | 治学 | 古今中外 | 风水 | 当代 | 熏陶 | 学术 | 文明 | 宝库 | 派别 | 世代 | 继承 | 发源地 | 天主教 | 历史 | 古 | 约定俗成 | 占卜 | 根深蒂固 | 家族 | 民间 | 帝国 | 鉴赏 | 王国 | 中华 | 天文 | 发明 | 公元 | 世纪 | 一代 | 族 | 少林寺 | 八卦 | 年代 | 长寿,85.00000003592064,0.9999999998584245,5.311497524904206e-10,一代:1.000000 | 世代:1.000000 | 世袭:1.000000 | 习俗:1.000000 | 伊斯兰教:1.000000 | 传人:1.000000 | 传说:1.000000 | 佛教:1.000000 | 俗:1.000000 | 儒学:1.000000 | 儒家:1.000000 | 八卦:1.000000,
123,42,0.36066983796505175,0.046991680473682254,0.2619047619047619,药物 | 针灸 | 中药 | 疗法 | 保健 | 疗效 | 中医 | 偏方 | 药 | 抗生素 | 服用 | 药方,减压 | 忌口 | 营养 | 护理 | 饮食 | 西医 | 兴奋剂 | 维生素,秘方 | 忌口 | 激素 | 见效 | 戒烟 | 养生 | 针灸 | 功效 | 药方 | 疗效 | 减肥 | 按摩,药物 | 针灸 | 中药 | 疗法 | 保健 | 疗效 | 中医 | 偏方 | 药 | 抗生素 | 服用 | 药方 | 止咳 | 秘方 | 西医 | 激素 | 药品 | 药片 | 减肥 | 美容 | 处方 | 养生 | 穴位 | 忌口 | 安眠药 | 按摩 | 功效 | 戒烟 | 饮食 | 药店 | 营养 | 医学 | 护理 | 膳食 | 胶囊 | 催眠 | 器械 | 维生素 | 禁忌 | 兴奋剂 | 见效 | 减压,42.00000000028222,1.0,1.0412195692140822e-16,中医:1.000000 | 中药:1.000000 | 保健:1.000000 | 偏方:1.000000 | 催眠:1.000000 | 兴奋剂:1.000000 | 养生:1.000000 | 减压:1.000000 | 减肥:1.000000 | 功效:1.000000 | 医学:1.000000 | 器械:1.000000,
124,55,0.2742591444604624,0.02945192977205003,0.4727272727272727,共计 | 总共 | 总计 | 约 | 大约 | 累计 | 合计 | 一共 | 共 | 平均 | 将近 | 共有,一度 | 初次 | 预计 | 粗略 | 其中 | 初步 | 耗时 | 一举,近 | 同期 | 人次 | 以上 | 累计 | 基本 | 长达 | 截至 | 共计 | 亿 | 将近 | 大约,共计 | 总共 | 总计 | 约 | 大约 | 累计 | 合计 | 一共 | 共 | 平均 | 将近 | 共有 | 超过 | 仅 | 折合 | 总数 | 近 | 整整 | 总额 | 预计 | 长达 | 占 | 历时 | 分别 | 数 | 相当于 | 大致 | 粗略 | 达到 | 截至 | 连续 | 截止 | 同期 | 计 | 其中 | 初步 | 其余 | 时隔 | 耗时 | 人次 | 亿 | 余 | 为期 | 半数 | 至 | 首次 | 总 | 以上 | 一举 | 一度 | 基本 | 依次 | 万 | 每 | 初次,55.001492704362065,0.9999999875999354,3.557018172866348e-8,一举:1.000000 | 一共:1.000000 | 一度:1.000000 | 万:1.000000 | 为期:1.000000 | 人次:1.000000 | 亿:1.000000 | 以上:1.000000 | 余:1.000000 | 依次:1.000000 | 共:1.000000 | 共有:1.000000,
125,65,0.32332485704360087,0.02108459151875076,0.36923076923076925,奇特 | 惊心动魄 | 奇妙 | 不同寻常 | 不可思议 | 惊天动地 | 神奇 | 难以置信 | 惊人 | 举世瞩目 | 壮观 | 壮丽,耳目一新 | 不起眼 | 雄伟 | 触目惊心 | 震撼 | 耀眼 | 似曾相识 | 难以置信,突如其来 | 显赫 | 意想不到 | 可贵 | 惊险 | 难以想象 | 沉甸甸 | 了不起 | 难以置信 | 鹤立鸡群 | 不起眼 | 史无前例,奇特 | 惊心动魄 | 奇妙 | 不同寻常 | 不可思议 | 惊天动地 | 神奇 | 难以置信 | 惊人 | 举世瞩目 | 壮观 | 壮丽 | 了不起 | 非凡 | 难忘 | 耀眼 | 意想不到 | 引人注目 | 震撼 | 举世无双 | 罕见 | 离奇 | 可歌可泣 | 出人意料 | 难以想象 | 难得一见 | 独一无二 | 惊险 | 前无古人 | 寻常 | 瞩目 | 与众不同 | 划时代 | 宏伟 | 可贵 | 举世闻名 | 显赫 | 难得 | 史无前例 | 辉煌 | 神秘 | 崭新 | 奇迹 | 触目惊心 | 意料之外 | 雄伟 | 耳目一新 | 平凡 | 轰动 | 不为人知 | 翻天覆地 | 传奇 | 少见 | 深远 | 开天辟地 | 不起眼 | 珍贵 | 突如其来 | 似曾相识 | 巧合 | 久违 | 峰回路转 | 鹤立鸡群 | 沉甸甸 | 默默无闻,65.00000029085697,0.9999999999961443,1.7170724029048746e-11,不为人知:1.000000 | 不可思议:1.000000 | 不同寻常:1.000000 | 不起眼:1.000000 | 举世无双:1.000000 | 举世瞩目:1.000000 | 久违:1.000000 | 了不起:1.000000 | 传奇:1.000000 | 似曾相识:1.000000 | 出人意料:1.000000 | 划时代:1.000000,
126,28,0.2908855294397398,0.026281450141255158,0.35714285714285715,界线 | 边界 | 地带 | 地域 | 界限 | 划分 | 纬度 | 区域 | 经度 | 交界 | 地形 | 边缘,延伸 | 切割 | 领土 | 界定 | 三角 | 穿越 | 构造 | 管辖,领土 | 区域 | 界定 | 三角 | 地形 | 地段 | 经度 | 切割 | 边界 | 分割 | 界线 | 禁区,界线 | 边界 | 地带 | 地域 | 界限 | 划分 | 纬度 | 区域 | 经度 | 交界 | 地形 | 边缘 | 地段 | 分割 | 地理 | 界定 | 领土 | 延伸 | 纵深 | 构造 | 切割 | 穿越 | 前沿 | 分支 | 禁区 | 管辖 | 三角 | 所在,28.000000220576126,1.0,1.6912259810264657e-20,三角:1.000000 | 交界:1.000000 | 分割:1.000000 | 分支:1.000000 | 切割:1.000000 | 划分:1.000000 | 前沿:1.000000 | 区域:1.000000 | 地域:1.000000 | 地带:1.000000 | 地形:1.000000 | 地段:1.000000,
127,34,0.3431102525779545,0.03955455745420701,0.17647058823529413,消毒 | 清洁 | 洗澡 | 饮水 | 洁净 | 冲洗 | 通风 | 清洗 | 卫生 | 自来水 | 饮用水 | 水龙头,保暖 | 透气 | 刷牙 | 洗澡 | 安全 | 节水 | 消防 | 热水器,卫生 | 干净 | 自来水 | 公用 | 水槽 | 节水 | 保暖 | 饮水 | 清洗 | 取暖 | 洗澡 | 水龙头,消毒 | 清洁 | 洗澡 | 饮水 | 洁净 | 冲洗 | 通风 | 清洗 | 卫生 | 自来水 | 饮用水 | 水龙头 | 水管 | 水槽 | 干净 | 刷牙 | 热水器 | 打扫 | 水源 | 保暖 | 烘干 | 炉灶 | 节水 | 暖气 | 净化 | 透气 | 防护 | 取暖 | 防疫 | 保养 | 消防 | 公用 | 杀毒 | 安全,34.000251458946614,0.9999999999999983,1.0488440322306236e-14,保养:1.000000 | 保暖:1.000000 | 公用:1.000000 | 冲洗:1.000000 | 净化:1.000000 | 刷牙:1.000000 | 卫生:1.000000 | 取暖:1.000000 | 安全:1.000000 | 干净:1.000000 | 打扫:1.000000 | 暖气:1.000000,
128,66,0.32161284883202085,0.05432842973323674,0.18181818181818182,下降 | 回升 | 回落 | 上升 | 攀升 | 上涨 | 下跌 | 飙升 | 萎缩 | 增加 | 增大 | 增长,突破 | 挤压 | 波动 | 加剧 | 调整 | 高于 | 过剩 | 持续,紧缩 | 萎缩 | 回升 | 上升 | 加剧 | 持续 | 波动 | 好转 | 缺口 | 缩小 | 百分点 | 下降,下降 | 回升 | 回落 | 上升 | 攀升 | 上涨 | 下跌 | 飙升 | 萎缩 | 增加 | 增大 | 增长 | 反弹 | 贬值 | 升高 | 缩水 | 减弱 | 涨 | 减少 | 升值 | 收缩 | 下调 | 扩大 | 缩小 | 跌 | 大幅度 | 幅度 | 波动 | 加剧 | 衰减 | 上调 | 好转 | 扩张 | 预期 | 翻番 | 压缩 | 复苏 | 提速 | 调整 | 降温 | 放大 | 涨价 | 紧缩 | 持续 | 显著 | 高于 | 降价 | 低于 | 拖累 | 升 | 水涨船高 | 逐年 | 过剩 | 挤压 | 冲击 | 超出 | 大于 | 小于 | 百分点 | 顺差 | 突破 | 流入 | 缺口 | 透支 | 刷新 | 累积,66.00000000252379,0.999999999998116,8.506450035384254e-12,上升:1.000000 | 上涨:1.000000 | 上调:1.000000 | 下调:1.000000 | 下跌:1.000000 | 下降:1.000000 | 低于:1.000000 | 冲击:1.000000 | 减少:1.000000 | 刷新:1.000000 | 加剧:1.000000 | 升:1.000000,
129,57,0.3481240021571145,0.037064054987209986,0.19298245614035087,韵味 | 魅力 | 气质 | 气息 | 风情 | 情调 | 浓郁 | 动感 | 风采 | 底蕴 | 情怀 | 风貌,芬芳 | 风光 | 清新 | 个性 | 浓重 | 浓郁 | 高雅 | 色彩,浓厚 | 气息 | 特有 | 情怀 | 情结 | 十足 | 风格 | 韵味 | 浓郁 | 特质 | 本色 | 底蕴,韵味 | 魅力 | 气质 | 气息 | 风情 | 情调 | 浓郁 | 动感 | 风采 | 底蕴 | 情怀 | 风貌 | 浪漫 | 趣味 | 高雅 | 激情 | 风格 | 风范 | 色彩 | 气派 | 怀旧 | 特质 | 感染力 | 个性 | 活力 | 精髓 | 内涵 | 时尚 | 乐趣 | 清新 | 风尚 | 感 | 特色 | 亲和力 | 缤纷 | 情结 | 芬芳 | 生机 | 感受 | 青春 | 元素 | 浓厚 | 潮流 | 人文 | 品位 | 梦幻 | 十足 | 创意 | 光彩 | 灵感 | 风光 | 本色 | 浓重 | 新潮 | 精华 | 都市 | 特有,57.00000000000004,1.0,7.690534847489242e-16,个性:1.000000 | 乐趣:1.000000 | 亲和力:1.000000 | 人文:1.000000 | 元素:1.000000 | 光彩:1.000000 | 内涵:1.000000 | 创意:1.000000 | 动感:1.000000 | 十足:1.000000 | 品位:1.000000 | 底蕴:1.000000,
130,47,0.29047686204432027,0.02261821093986787,0.40425531914893614,坝 | 沟 | 河 | 堤 | 湖 | 桥 | 山 | 堤坝 | 水库 | 井 | 洞 | 泉,鸟巢 | 池子 | 口子 | 一道 | 铁 | 排 | 海 | 宫,闸 | 放水 | 筑 | 堤坝 | 口子 | 坡 | 海 | 河 | 洞 | 街 | 寺 | 库,坝 | 沟 | 河 | 堤 | 湖 | 桥 | 山 | 堤坝 | 水库 | 井 | 洞 | 泉 | 闸 | 坡 | 寺 | 屯 | 江 | 村 | 墙 | 城墙 | 塔 | 岸 | 池子 | 街 | 城 | 渡 | 窑 | 田 | 岛 | 坑 | 槽 | 宫 | 海 | 筑 | 放水 | 坛 | 土 | 口子 | 荒 | 库 | 大队 | 关 | 排 | 铁 | 长城 | 鸟巢 | 一道,47.00000851006847,0.9999999999810983,7.79359967057198e-11,一道:1.000000 | 井:1.000000 | 关:1.000000 | 口子:1.000000 | 土:1.000000 | 坑:1.000000 | 坛:1.000000 | 坝:1.000000 | 坡:1.000000 | 城:1.000000 | 城墙:1.000000 | 堤:1.000000,
131,98,0.1942075787532217,-0.057358648621887325,0.9183673469387755,盘 | 上方 | 周期 | 单 | 铜 | 四 | 五 | 合约 | 美元 | 期 | 铝 | 周,四季 | 季 | 高峰 | 平安 | 图 | 中 | 内 | 侧,〇 | 进场 | 二 | 指 | 盘 | 下 | 轮 | 创 | 七 | 接力 | 预告 | 股,盘 | 上方 | 周期 | 单 | 铜 | 四 | 五 | 合约 | 美元 | 期 | 铝 | 周 | 季度 | 指数 | 单边 | 英镑 | 六 | 价 | 逢 | 行情 | 时段 | 成交 | 支撑 | 三 | 四季 | 入场 | 七 | 主力 | 黄金 | 美金 | 操作 | 八 | 展望 | 空 | 整数 | 料 | 进场 | 上期 | 创 | 第二 | 季 | 轮 | 预告 | 钢 | 线 | 惯性 | 九 | 锡 | 下期 | 净 | 提示 | 二 | 期中 | 了结 | 热点 | 第 | 一线 | 十 | 筹码 | 卷 | 暂 | 本 | 组合 | 股 | 当前 | 元 | 锁定 | 点评 | 标 | 端 | 指引 | 丙 | 半 | 度 | 档 | 高峰 | 报 | 接力 | 风云 | 注 | 指 | 超 | 〇 | 表 | 列 | 平安 | 一路 | 集体 | 图 | 侧 | 零 | 曙光 | 此 | 下 | 内 | 阶梯 | 中 | 正面,97.99007422581437,0.9998986796743992,0.0001326715770739466,〇:1.000000 | 一线:1.000000 | 上方:1.000000 | 下期:1.000000 | 主力:1.000000 | 了结:1.000000 | 侧:1.000000 | 入场:1.000000 | 净:1.000000 | 列:1.000000 | 单:1.000000 | 单边:1.000000,
132,67,0.37399452656490756,0.047749678824971546,0.26865671641791045,喜剧 | 电影 | 剧本 | 电视剧 | 影片 | 话剧 | 导演 | 小说 | 剧 | 编剧 | 动画片 | 作品,歌手 | 编排 | 抒情 | 诗歌 | 剧目 | 文艺 | 唱片 | 戏,电影 | 动画片 | 导演 | 出道 | 剧组 | 剧本 | 戏 | 散文 | 寓言 | 主人公 | 纪录片 | 出演,喜剧 | 电影 | 剧本 | 电视剧 | 影片 | 话剧 | 导演 | 小说 | 剧 | 编剧 | 动画片 | 作品 | 剧情 | 漫画 | 演员 | 纪录片 | 主演 | 动画 | 片子 | 创作 | 剧目 | 科幻 | 戏 | 连续剧 | 诗歌 | 散文 | 出演 | 配音 | 文学 | 改编 | 歌手 | 故事 | 作家 | 主题歌 | 抒情 | 演技 | 小品 | 专辑 | 童话 | 搞笑 | 华语 | 上映 | 题材 | 传记 | 情节 | 寓言 | 对白 | 主人公 | 诗 | 剧组 | 励志 | 唱片 | 片段 | 影视 | 文艺 | 人物 | 艺人 | 素材 | 卡通 | 游戏 | 原创 | 银幕 | 诗人 | 大片 | 出道 | 编排 | 同人,66.99945538106105,0.9999918424545757,0.000013105539688418222,主人公:1.000000 | 主演:1.000000 | 主题歌:1.000000 | 人物:1.000000 | 传记:1.000000 | 作品:1.000000 | 作家:1.000000 | 出演:1.000000 | 出道:1.000000 | 创作:1.000000 | 剧:1.000000 | 剧情:1.000000,
133,65,0.2817236650622572,0.000027737642383159387,0.49230769230769234,司法 | 检察 | 机关 | 税务 | 行政 | 公安 | 法官 | 执法 | 监察 | 外交 | 审判 | 医务,审判 | 人道 | 经贸 | 法官 | 文艺界 | 律师 | 廉正 | 多边,民主 | 舆论 | 医务 | 工会 | 用人 | 公安局 | 后勤 | 法制 | 事务 | 廉洁 | 干事 | 民意,司法 | 检察 | 机关 | 税务 | 行政 | 公安 | 法官 | 执法 | 监察 | 外交 | 审判 | 医务 | 政府 | 治安 | 人权 | 法制 | 工会 | 民主 | 廉政 | 议会 | 廉洁 | 官吏 | 政党 | 官僚 | 公仆 | 政治 | 海关 | 事务 | 律师 | 领事 | 监督 | 基层 | 人事 | 工商 | 公安局 | 部门 | 官僚主义 | 国会 | 后勤 | 下级 | 监狱 | 舆论 | 公务 | 办事 | 劳动 | 会计 | 干事 | 经贸 | 民意 | 廉正 | 国防 | 上级 | 联邦 | 公共 | 办事处 | 科研 | 多边 | 人道 | 文艺界 | 联合国 | 用人 | 公关 | 事务所 | 代理人 | 全局,65.00000139848234,0.9999999998993968,3.937952184528721e-10,上级:1.000000 | 下级:1.000000 | 事务:1.000000 | 事务所:1.000000 | 人事:1.000000 | 人权:1.000000 | 人道:1.000000 | 代理人:1.000000 | 会计:1.000000 | 全局:1.000000 | 公仆:1.000000 | 公共:1.000000,
134,50,0.3033714536478184,0.031122759339884308,0.28,法律 | 法规 | 规定 | 规则 | 宪法 | 权利 | 约束 | 遵守 | 契约 | 规矩 | 规范 | 职权,准许 | 财产 | 合法 | 教条 | 效力 | 职权 | 限定 | 干预,共同体 | 条约 | 限定 | 违背 | 规则 | 平等 | 特权 | 惯例 | 契约 | 支配 | 法律 | 服从,法律 | 法规 | 规定 | 规则 | 宪法 | 权利 | 约束 | 遵守 | 契约 | 规矩 | 规范 | 职权 | 违反 | 准则 | 制度 | 特权 | 权力 | 条例 | 刑法 | 秩序 | 纪律 | 违背 | 公约 | 合法 | 体制 | 条约 | 限制 | 教条 | 利益 | 平等 | 惯例 | 市场经济 | 限度 | 现行 | 容许 | 束缚 | 主权 | 允许 | 限定 | 权 | 财产 | 干预 | 服从 | 共同体 | 底线 | 支配 | 准许 | 私有 | 统一 | 效力,50.000000009980724,0.9999999999999681,1.7208159972028212e-13,主权:1.000000 | 体制:1.000000 | 允许:1.000000 | 共同体:1.000000 | 准则:1.000000 | 准许:1.000000 | 刑法:1.000000 | 利益:1.000000 | 制度:1.000000 | 合法:1.000000 | 契约:1.000000 | 宪法:1.000000,
135,44,0.310263178746119,0.03247262605130877,0.3181818181818182,局面 | 状况 | 形势 | 势头 | 情况 | 迹象 | 局势 | 兆头 | 状态 | 趋势 | 苗头 | 格局,情绪 | 导火索 | 因素 | 压力 | 反应 | 警钟 | 关头 | 消息,局势 | 节奏 | 位置 | 先例 | 压力 | 境遇 | 现象 | 迹象 | 时机 | 预兆 | 情况 | 消息,局面 | 状况 | 形势 | 势头 | 情况 | 迹象 | 局势 | 兆头 | 状态 | 趋势 | 苗头 | 格局 | 处境 | 境地 | 现象 | 情形 | 境遇 | 氛围 | 气氛 | 现状 | 时机 | 机遇 | 情绪 | 前景 | 动向 | 机会 | 事态 | 环境 | 预兆 | 因素 | 转折点 | 信号 | 时刻 | 节奏 | 压力 | 转机 | 关头 | 先例 | 警钟 | 反应 | 消息 | 导火索 | 位置 | 纪录,44.000000000013046,1.0,2.8754279681858796e-20,事态:1.000000 | 位置:1.000000 | 信号:1.000000 | 兆头:1.000000 | 先例:1.000000 | 关头:1.000000 | 前景:1.000000 | 动向:1.000000 | 势头:1.000000 | 压力:1.000000 | 反应:1.000000 | 因素:1.000000,
136,35,0.34354748582263533,0.039726620522027876,0.17142857142857143,引诱 | 欺骗 | 拉拢 | 收买 | 勾结 | 企图 | 鼓动 | 煽动 | 暗中 | 逼迫 | 诱饵 | 迷惑,冒险 | 把柄 | 算计 | 充当 | 欺骗 | 阻挠 | 可乘之机 | 操纵,拉拢 | 妄想 | 勾结 | 引诱 | 招揽 | 牵制 | 迷惑 | 暗中 | 名义 | 欺骗 | 试探 | 强迫,引诱 | 欺骗 | 拉拢 | 收买 | 勾结 | 企图 | 鼓动 | 煽动 | 暗中 | 逼迫 | 诱饵 | 迷惑 | 伺机 | 圈套 | 乘人之危 | 掩护 | 阻挠 | 暗地里 | 借口 | 妄想 | 强迫 | 牵制 | 计策 | 出卖 | 算计 | 招揽 | 诱惑 | 乔装 | 试探 | 操纵 | 把柄 | 充当 | 可乘之机 | 冒险 | 名义,35.00000001415596,1.0,2.831036269163021e-21,乔装:1.000000 | 乘人之危:1.000000 | 企图:1.000000 | 伺机:1.000000 | 借口:1.000000 | 充当:1.000000 | 冒险:1.000000 | 出卖:1.000000 | 勾结:1.000000 | 可乘之机:1.000000 | 名义:1.000000 | 圈套:1.000000,
137,88,0.3218864673223727,0.058962577480835436,0.13636363636363635,利息 | 学费 | 费用 | 生活费 | 缴纳 | 退休金 | 房租 | 支出 | 手续费 | 工资 | 管理费 | 交纳,住房 | 伙食 | 自理 | 学费 | 财力 | 节约 | 人均 | 增收,高额 | 生活费 | 抚养费 | 债务 | 抵押 | 工资 | 收入 | 现金 | 收取 | 养老金 | 经费 | 人均,利息 | 学费 | 费用 | 生活费 | 缴纳 | 退休金 | 房租 | 支出 | 手续费 | 工资 | 管理费 | 交纳 | 开支 | 租金 | 款项 | 补助 | 数额 | 抚养费 | 支付 | 缴费 | 补贴 | 税收 | 返还 | 减免 | 报酬 | 报销 | 收入 | 还款 | 经费 | 押金 | 奖金 | 收支 | 交费 | 贷款 | 开销 | 收取 | 定金 | 零花钱 | 缴 | 偿还 | 拖欠 | 津贴 | 费 | 财政 | 扣除 | 高额 | 现金 | 差额 | 小费 | 养老金 | 收费 | 公积金 | 纳税 | 债务 | 金额 | 巨额 | 收益 | 预算 | 补偿 | 征收 | 储蓄 | 存款 | 付 | 赤字 | 分红 | 奖励 | 税 | 担保 | 余额 | 抵押 | 增收 | 账 | 逾期 | 花费 | 养老 | 伙食 | 财力 | 大笔 | 活期 | 兑现 | 住房 | 分配 | 回报 | 多元 | 到期 | 节约 | 人均 | 自理,88.00000953432816,0.9999999932232403,2.058710605179918e-8,交纳:1.000000 | 交费:1.000000 | 人均:1.000000 | 付:1.000000 | 伙食:1.000000 | 债务:1.000000 | 偿还:1.000000 | 储蓄:1.000000 | 兑现:1.000000 | 公积金:1.000000 | 养老:1.000000 | 减免:1.000000,
138,76,0.2935077276297221,0.04527479330730139,0.25,北部 | 南部 | 东部 | 郊区 | 市区 | 西部 | 山区 | 西北 | 中部 | 东南 | 地区 | 沿岸,附近 | 城里 | 家乡 | 小康 | 移民 | 家园 | 街头 | 总部,北 | 开发区 | 全国 | 城乡 | 地区 | 北部 | 市区 | 地方 | 首府 | 边远 | 边境 | 邻国,北部 | 南部 | 东部 | 郊区 | 市区 | 西部 | 山区 | 西北 | 中部 | 东南 | 地区 | 沿岸 | 西南 | 沿海 | 城区 | 城镇 | 东北 | 偏远 | 边远 | 村庄 | 首府 | 县 | 北方 | 郊外 | 境内 | 城乡 | 边境 | 乡村 | 城市 | 农村 | 乡 | 城里 | 各地 | 首都 | 流域 | 家乡 | 镇 | 北 | 南 | 半岛 | 区 | 河畔 | 市 | 南方 | 周边 | 边疆 | 本土 | 滨海 | 当地 | 西 | 东 | 本地 | 一带 | 南北 | 全国 | 省 | 开发区 | 邻国 | 地方 | 外地 | 国土 | 附近 | 人口 | 总部 | 大陆 | 位于 | 街头 | 土生土长 | 驻 | 东方 | 移民 | 外来 | 中央 | 北京 | 家园 | 小康,76.00214392162185,0.9999999899123582,2.8735600114598437e-8,一带:1.000000 | 东:1.000000 | 东北:1.000000 | 东南:1.000000 | 东方:1.000000 | 东部:1.000000 | 中央:1.000000 | 中部:1.000000 | 乡村:1.000000 | 人口:1.000000 | 位于:1.000000 | 农村:1.000000,
139,38,0.37620893958507057,0.1021992543334099,0.10526315789473684,以前 | 当初 | 先前 | 原先 | 从前 | 原来 | 当年 | 那时 | 以往 | 那时候 | 平时 | 小时候,自己 | 多年 | 那样 | 小时候 | 过 | 那会儿 | 刚才 | 原本,早年 | 过往 | 那会儿 | 往常 | 原先 | 过去 | 平时 | 往年 | 现在 | 那样 | 先前 | 之前,以前 | 当初 | 先前 | 原先 | 从前 | 原来 | 当年 | 那时 | 以往 | 那时候 | 平时 | 小时候 | 往日 | 之前 | 当时 | 过去 | 曾经 | 往常 | 平常 | 年前 | 前年 | 刚才 | 最初 | 那会儿 | 原本 | 平日 | 早年 | 现在 | 昔日 | 上次 | 往年 | 起初 | 那样 | 过往 | 多年 | 早期 | 过 | 自己,38.000527131262025,0.9999999999831273,7.076917133124261e-11,上次:1.000000 | 从前:1.000000 | 以前:1.000000 | 以往:1.000000 | 先前:1.000000 | 刚才:1.000000 | 原先:1.000000 | 原本:1.000000 | 原来:1.000000 | 多年:1.000000 | 小时候:1.000000 | 平常:1.000000,
140,64,0.33925573482228405,0.052676075876348816,0.171875,阐述 | 叙述 | 讲述 | 论述 | 解释 | 表述 | 介绍 | 描述 | 讲解 | 概括 | 描绘 | 列举,议论 | 诉说 | 指出 | 体会 | 论证 | 提问 | 宣读 | 归结,表达 | 总结 | 归结 | 讲解 | 汇报 | 简要 | 举例 | 解读 | 传达 | 印证 | 描绘 | 演示,阐述 | 叙述 | 讲述 | 论述 | 解释 | 表述 | 介绍 | 描述 | 讲解 | 概括 | 描绘 | 列举 | 讲 | 探讨 | 揭示 | 总结 | 谈到 | 表达 | 诉说 | 谈论 | 解读 | 谈 | 畅谈 | 描写 | 陈述 | 归纳 | 讨论 | 展示 | 提到 | 回答 | 解答 | 谈起 | 强调 | 简要 | 勾画 | 举例 | 汇报 | 解析 | 揭露 | 指出 | 反映 | 提出 | 解说 | 透露 | 回顾 | 传达 | 体会 | 宣读 | 论证 | 印证 | 领会 | 议论 | 演示 | 引用 | 听取 | 说明 | 了解 | 记载 | 提问 | 形容 | 重申 | 澄清 | 归结 | 作,64.00000073487936,0.9999999961804757,1.1696317736448972e-8,举例:1.000000 | 了解:1.000000 | 介绍:1.000000 | 传达:1.000000 | 体会:1.000000 | 作:1.000000 | 列举:1.000000 | 勾画:1.000000 | 印证:1.000000 | 反映:1.000000 | 叙述:1.000000 | 听取:1.000000,
141,42,0.35541191394645927,0.06594455778235173,0.07142857142857142,技巧 | 绝技 | 本领 | 基本功 | 功力 | 功底 | 技艺 | 本事 | 技能 | 诀窍 | 手艺 | 绝招,拳 | 花样 | 出口成章 | 高明 | 能耐 | 长处 | 善于 | 钻研,功底 | 功夫 | 出口成章 | 拳 | 技艺 | 一技之长 | 知识 | 经验 | 本事 | 诀窍 | 学问 | 善于,技巧 | 绝技 | 本领 | 基本功 | 功力 | 功底 | 技艺 | 本事 | 技能 | 诀窍 | 手艺 | 绝招 | 窍门 | 专长 | 特长 | 精通 | 学问 | 长处 | 高超 | 高手 | 熟练 | 一技之长 | 招数 | 要领 | 秘诀 | 苦练 | 功夫 | 传授 | 拿手 | 擅长 | 钻研 | 经验 | 知识 | 心得 | 善于 | 高明 | 强项 | 能耐 | 底子 | 出口成章 | 拳 | 花样,42.00000000000002,1.0,1.0887470931814002e-15,一技之长:1.000000 | 专长:1.000000 | 传授:1.000000 | 出口成章:1.000000 | 功力:1.000000 | 功夫:1.000000 | 功底:1.000000 | 善于:1.000000 | 基本功:1.000000 | 学问:1.000000 | 底子:1.000000 | 强项:1.000000,
142,73,0.37181001313957984,0.10146542830964775,0.0136986301369863,句子 | 词汇 | 语法 | 汉语 | 口语 | 课文 | 英语 | 生词 | 英文 | 听写 | 汉字 | 日语,歌词 | 教科书 | 卷子 | 语音 | 篇幅 | 课本 | 大纲 | 结尾,括弧 | 汉字 | 写作 | 题目 | 背诵 | 繁体字 | 文字 | 流利 | 考题 | 生词 | 成语 | 作文,句子 | 词汇 | 语法 | 汉语 | 口语 | 课文 | 英语 | 生词 | 英文 | 听写 | 汉字 | 日语 | 音节 | 词语 | 歌词 | 作文 | 俄语 | 文字 | 背诵 | 写作 | 法语 | 外语 | 错别字 | 读音 | 词 | 语言 | 字母 | 翻译 | 题目 | 繁体字 | 字典 | 填空 | 课本 | 朗读 | 默读 | 普通话 | 成语 | 简体字 | 中文 | 谜语 | 词典 | 抄写 | 西班牙语 | 方言 | 阿拉伯语 | 听力 | 识字 | 段落 | 符号 | 写 | 地名 | 俗语 | 流利 | 考题 | 字 | 句 | 题 | 卷子 | 结尾 | 括号 | 念 | 开头 | 译 | 语音 | 外文 | 答案 | 命题 | 记号 | 教科书 | 大纲 | 括弧 | 公式 | 篇幅,73.0002634881761,0.9999999994777227,1.788143432966322e-9,中文:1.000000 | 作文:1.000000 | 俄语:1.000000 | 俗语:1.000000 | 公式:1.000000 | 写:1.000000 | 写作:1.000000 | 卷子:1.000000 | 口语:1.000000 | 句:1.000000 | 句子:1.000000 | 听写:1.000000,
143,97,0.34036782364332185,0.029753249886534792,0.1958762886597938,屠杀 | 杀害 | 谋害 | 暗杀 | 迫害 | 侵略 | 掠夺 | 袭击 | 逮捕 | 讹诈 | 反抗 | 挑衅,同伙 | 虐待 | 罪犯 | 流氓 | 背叛 | 无恶不作 | 孤立 | 战争,驱逐 | 灭 | 投降 | 报复 | 屠杀 | 同伙 | 劫持 | 报仇 | 统治 | 摧毁 | 枪毙 | 骚乱,屠杀 | 杀害 | 谋害 | 暗杀 | 迫害 | 侵略 | 掠夺 | 袭击 | 逮捕 | 讹诈 | 反抗 | 挑衅 | 抢劫 | 阴谋 | 绑架 | 挟持 | 劫持 | 恐吓 | 骚扰 | 殴打 | 报复 | 强盗 | 歼灭 | 摧毁 | 攻击 | 入侵 | 强占 | 开枪 | 武力 | 虐待 | 捣乱 | 背叛 | 土匪 | 敌人 | 毁灭 | 统治 | 杀 | 压迫 | 驱逐 | 轰炸 | 无恶不作 | 逃亡 | 武装 | 剥削 | 俘虏 | 占领 | 流氓 | 打倒 | 骚乱 | 闹事 | 暴力 | 侵占 | 帝国主义 | 祸害 | 示威 | 封锁 | 威胁 | 搜查 | 凶手 | 同伙 | 枪毙 | 侵犯 | 霸占 | 投降 | 包围 | 报仇 | 怠工 | 歹徒 | 干涉 | 推翻 | 通缉 | 势力 | 罪犯 | 反击 | 抢夺 | 分裂 | 战争 | 间谍 | 哗变 | 政权 | 斩草除根 | 监视 | 打击 | 海盗 | 夺取 | 发动 | 瓜分 | 颠覆 | 征服 | 孤立 | 劫 | 俘获 | 灭 | 罢工 | 反 | 复活 | 伙,96.99999482385843,0.9999999466216142,1.3903291901067833e-7,伙:1.000000 | 侵占:1.000000 | 侵略:1.000000 | 俘获:1.000000 | 俘虏:1.000000 | 入侵:1.000000 | 凶手:1.000000 | 分裂:1.000000 | 剥削:1.000000 | 劫:1.000000 | 劫持:1.000000 | 势力:1.000000,
144,65,0.284443756294917,0.004842426748027137,0.49230769230769234,薄 | 粗 | 黑 | 白 | 厚 | 瘦 | 暗 | 淡 | 紫 | 浅 | 细 | 矮,难 | 僵 | 肥 | 越 | 阴 | 毛 | 牢 | 霜,闲 | 粗 | 贵 | 密 | 红 | 壮 | 暗 | 霜 | 耐 | 阔 | 快 | 紧,薄 | 粗 | 黑 | 白 | 厚 | 瘦 | 暗 | 淡 | 紫 | 浅 | 细 | 矮 | 灰 | 稀 | 窄 | 秃 | 红 | 沉 | 浓 | 长 | 绿 | 锈 | 松 | 硬 | 僵 | 壮 | 软 | 亮 | 少 | 短 | 贵 | 黄 | 蓝 | 密 | 陡 | 紧 | 轻 | 青 | 肥 | 透 | 阔 | 重 | 慢 | 久 | 深 | 小 | 霜 | 残 | 高 | 大 | 老 | 虚 | 快 | 闲 | 杂 | 散 | 清 | 严 | 足 | 越 | 毛 | 阴 | 耐 | 难 | 牢,65.00000000107755,0.9999999999995558,2.1596227254835206e-12,严:1.000000 | 久:1.000000 | 亮:1.000000 | 僵:1.000000 | 厚:1.000000 | 壮:1.000000 | 大:1.000000 | 密:1.000000 | 小:1.000000 | 少:1.000000 | 快:1.000000 | 慢:1.000000,
145,38,0.3283194254231439,0.029989731389278237,0.18421052631578946,崩溃 | 衰退 | 破灭 | 破裂 | 衰弱 | 解体 | 倒闭 | 萧条 | 动荡 | 完蛋 | 陷入 | 灭亡,恐慌 | 末日 | 一锅粥 | 垮 | 膨胀 | 破碎 | 流失 | 混乱,不景气 | 恐慌 | 没落 | 失效 | 失灵 | 崩溃 | 失败 | 流失 | 解体 | 破碎 | 破灭 | 破裂,崩溃 | 衰退 | 破灭 | 破裂 | 衰弱 | 解体 | 倒闭 | 萧条 | 动荡 | 完蛋 | 陷入 | 灭亡 | 没落 | 危机 | 破产 | 恶化 | 断裂 | 失控 | 混乱 | 不景气 | 瘫痪 | 摇摇欲坠 | 失灵 | 泥潭 | 失败 | 恐慌 | 失效 | 陷 | 膨胀 | 低谷 | 亏损 | 雪上加霜 | 泡沫 | 破碎 | 一锅粥 | 垮 | 流失 | 末日,38.0,1.0,6.735305307191494e-19,一锅粥:1.000000 | 不景气:1.000000 | 亏损:1.000000 | 低谷:1.000000 | 倒闭:1.000000 | 动荡:1.000000 | 危机:1.000000 | 垮:1.000000 | 失控:1.000000 | 失效:1.000000 | 失灵:1.000000 | 失败:1.000000,
146,70,0.3288511543100175,0.05236946345302729,0.17142857142857143,决赛 | 比赛 | 半决赛 | 夺冠 | 冠军 | 预赛 | 亚军 | 单打 | 获胜 | 银牌 | 世界杯 | 铜牌,生涯 | 教练 | 团体 | 亚运会 | 裁判 | 搭档 | 开场 | 场,队 | 联赛 | 起跑线 | 胜负 | 搭档 | 铜牌 | 比分 | 队伍 | 冠军 | 得分 | 球 | 输家,决赛 | 比赛 | 半决赛 | 夺冠 | 冠军 | 预赛 | 亚军 | 单打 | 获胜 | 银牌 | 世界杯 | 铜牌 | 选手 | 参赛 | 联赛 | 双打 | 球队 | 赛场 | 奖牌 | 取胜 | 爆冷门 | 夺魁 | 比分 | 金牌 | 东道主 | 上场 | 球员 | 胜出 | 赛 | 半场 | 大奖赛 | 奖杯 | 出局 | 对手 | 大赛 | 失利 | 奥运会 | 犯规 | 胜负 | 教练 | 入场券 | 得分 | 出场 | 无缘 | 队 | 阵容 | 裁判 | 亚运会 | 球 | 败 | 杯 | 成绩 | 外援 | 得手 | 开场 | 搭档 | 输家 | 垫底 | 过关 | 赢 | 场 | 赢家 | 冷门 | 生涯 | 局 | 小组 | 起跑线 | 团体 | 队伍 | 倒数,70.00000613202195,0.9999999999462842,2.069054674774854e-10,上场:1.000000 | 东道主:1.000000 | 亚军:1.000000 | 倒数:1.000000 | 入场券:1.000000 | 冠军:1.000000 | 决赛:1.000000 | 冷门:1.000000 | 出场:1.000000 | 出局:1.000000 | 半决赛:1.000000 | 半场:1.000000,
147,78,0.2666634166292605,0.00029577086815804187,0.4358974358974359,根 | 盏 | 瓶 | 件 | 颗 | 枚 | 种 | 块 | 袋 | 粒 | 盒 | 片,枝 | 钟 | 点 | 胎 | 阵 | 刀 | 筒 | 盆,座 | 份 | 瓶 | 口 | 罐 | 段 | 番 | 点 | 根 | 颗 | 朵 | 群,根 | 盏 | 瓶 | 件 | 颗 | 枚 | 种 | 块 | 袋 | 粒 | 盒 | 片 | 条 | 座 | 束 | 缕 | 串 | 堆 | 套 | 架 | 枝 | 台 | 支 | 扇 | 朵 | 张 | 匹 | 笔 | 刀 | 项 | 个 | 包 | 箱 | 口 | 丝 | 罐 | 次 | 名 | 位 | 顿 | 筒 | 盆 | 杆 | 只 | 桩 | 缸 | 家 | 壶 | 部 | 段 | 层 | 份 | 针 | 圈 | 宗 | 户 | 群 | 门 | 箭 | 处 | 封 | 样 | 一 | 双 | 番 | 组 | 章 | 棒 | 首 | 点 | 牌 | 钟 | 胎 | 板 | 瓦 | 阵 | 壳 | 起,77.99642973860897,0.9999507180733517,0.00006101820306061749,丝:1.000000 | 串:1.000000 | 件:1.000000 | 份:1.000000 | 位:1.000000 | 包:1.000000 | 匹:1.000000 | 双:1.000000 | 口:1.000000 | 台:1.000000 | 名:1.000000 | 圈:1.000000,
148,57,0.38216095695808644,0.07196316650811178,0.05263157894736842,安逸 | 愉快 | 悠闲 | 快乐 | 安稳 | 舒畅 | 舒服 | 快活 | 安静 | 宁静 | 幸福 | 清静,丰盛 | 平和 | 自如 | 凉爽 | 美滋滋 | 平静 | 爽快 | 吉祥,安静 | 潇洒 | 放心 | 和睦 | 美好 | 安定 | 和谐 | 无忧无虑 | 踏实 | 痛快 | 舒服 | 快活,安逸 | 愉快 | 悠闲 | 快乐 | 安稳 | 舒畅 | 舒服 | 快活 | 安静 | 宁静 | 幸福 | 清静 | 开心 | 自在 | 无忧无虑 | 平静 | 痛快 | 富足 | 欢快 | 潇洒 | 美满 | 安宁 | 舒适 | 顺心 | 欢乐 | 安心 | 怡然自得 | 知足 | 自由自在 | 踏实 | 祥和 | 凉爽 | 甜蜜 | 温暖 | 轻松 | 凉快 | 温馨 | 平和 | 美好 | 和睦 | 和谐 | 心安理得 | 安定 | 清凉 | 体面 | 爽快 | 美滋滋 | 放心 | 丰盛 | 自由 | 富裕 | 健康 | 方便 | 吉祥 | 圆满 | 喜洋洋 | 自如,57.00000000017161,1.0,4.525344059363989e-16,丰盛:1.000000 | 体面:1.000000 | 健康:1.000000 | 凉快:1.000000 | 凉爽:1.000000 | 吉祥:1.000000 | 和睦:1.000000 | 和谐:1.000000 | 喜洋洋:1.000000 | 圆满:1.000000 | 宁静:1.000000 | 安宁:1.000000,
149,65,0.2844728675639142,-0.03453073949197028,0.7538461538461538,跳 | 窜 | 冲 | 拦 | 追 | 奔 | 扑 | 掀 | 拉 | 飘 | 抢 | 轰,拉 | 摇 | 扑 | 吼 | 斗 | 拐 | 捧 | 轰,抬 | 闪 | 拐 | 攻 | 扑 | 泄 | 浮 | 堵 | 轰 | 避 | 飞 | 斗,跳 | 窜 | 冲 | 拦 | 追 | 奔 | 扑 | 掀 | 拉 | 飘 | 抢 | 轰 | 抬 | 揽 | 推 | 射 | 吼 | 狂 | 涌 | 逃 | 惊 | 泻 | 扶 | 猛 | 夺 | 争 | 豁 | 挡 | 闯 | 冒 | 急 | 堵 | 攻 | 攀 | 探 | 迎 | 飞 | 震 | 抛 | 泄 | 避 | 闪 | 寻 | 捧 | 漫 | 催 | 引 | 讨 | 举 | 揭 | 拐 | 破 | 浮 | 斗 | 逆 | 传 | 浪 | 直 | 捕 | 拼 | 护 | 扬 | 摇 | 登 | 搜,65.00000000010021,0.9999999999995011,2.4328439690675328e-12,举:1.000000 | 争:1.000000 | 传:1.000000 | 催:1.000000 | 冒:1.000000 | 冲:1.000000 | 吼:1.000000 | 堵:1.000000 | 夺:1.000000 | 奔:1.000000 | 寻:1.000000 | 射:1.000000,
150,43,0.3383792393018377,0.08148539290876958,0.06976744186046512,相同 | 相似 | 差别 | 不相上下 | 相差 | 一模一样 | 截然不同 | 不同 | 有所不同 | 差异 | 大同小异 | 区别,要好 | 比 | 挂钩 | 分成 | 反差 | 高低 | 大体 | 混淆,无关 | 区分 | 一致 | 同等 | 相差 | 介于 | 同类 | 有所不同 | 大同小异 | 反差 | 截然不同 | 同,相同 | 相似 | 差别 | 不相上下 | 相差 | 一模一样 | 截然不同 | 不同 | 有所不同 | 差异 | 大同小异 | 区别 | 相比 | 差不多 | 雷同 | 相等 | 一样 | 相提并论 | 同等 | 差距 | 类似 | 媲美 | 无关 | 逊色 | 悬殊 | 格格不入 | 息息相关 | 区分 | 混淆 | 同一 | 反差 | 要好 | 对比 | 同 | 一致 | 挂钩 | 与其 | 介于 | 大体 | 同类 | 高低 | 比 | 分成,43.00000075544323,0.9999999999992465,3.5772603540581394e-12,一样:1.000000 | 一模一样:1.000000 | 一致:1.000000 | 不同:1.000000 | 不相上下:1.000000 | 与其:1.000000 | 介于:1.000000 | 分成:1.000000 | 区分:1.000000 | 区别:1.000000 | 反差:1.000000 | 同:1.000000,
151,64,0.24132261366639177,-0.023596075331812162,0.765625,额外 | 预先 | 定时 | 需要 | 专门 | 用于 | 备用 | 自行 | 配备 | 辅助 | 必需 | 用来,动用 | 便于 | 按时 | 手动 | 打包 | 耗费 | 特制 | 输入,需 | 临时 | 就近 | 替换 | 优先 | 输入 | 预备 | 特制 | 辅助 | 急需 | 一次性 | 人力,额外 | 预先 | 定时 | 需要 | 专门 | 用于 | 备用 | 自行 | 配备 | 辅助 | 必需 | 用来 | 单独 | 酌情 | 专人 | 使用 | 事先 | 专用 | 适时 | 耗费 | 特制 | 自动 | 节省 | 更换 | 多余 | 相应 | 动用 | 安排 | 附加 | 占用 | 准备 | 附带 | 少量 | 定期 | 优先 | 一次性 | 替换 | 固定 | 远程 | 急需 | 剩余 | 预备 | 就近 | 特殊 | 按时 | 需 | 就地 | 大量 | 供 | 人工 | 便于 | 人手 | 储备 | 临时 | 补充 | 人力 | 任意 | 输入 | 即可 | 手动 | 日常 | 后备 | 随机 | 打包,63.999999960003116,0.9999999993561985,2.208505317059475e-9,一次性:1.000000 | 专人:1.000000 | 专用:1.000000 | 专门:1.000000 | 临时:1.000000 | 事先:1.000000 | 人力:1.000000 | 人工:1.000000 | 人手:1.000000 | 任意:1.000000 | 优先:1.000000 | 使用:1.000000,
152,40,0.331298190835602,0.053133265303241285,0.125,构建 | 打造 | 拓展 | 开辟 | 开拓 | 培育 | 搭建 | 树立 | 开创 | 塑造 | 创造 | 营造,立足 | 赋予 | 占据 | 拓宽 | 引领 | 具有 | 壮大 | 吸引,开拓 | 树立 | 注入 | 开辟 | 拓展 | 奠定 | 开创 | 融入 | 拓宽 | 培育 | 覆盖 | 增添,构建 | 打造 | 拓展 | 开辟 | 开拓 | 培育 | 搭建 | 树立 | 开创 | 塑造 | 创造 | 营造 | 拓宽 | 造就 | 确立 | 奠定 | 培养 | 形成 | 引入 | 探索 | 提供 | 融入 | 引领 | 扩展 | 挖掘 | 打通 | 增添 | 壮大 | 引进 | 积累 | 吸纳 | 立足 | 赋予 | 吸引 | 注入 | 涵盖 | 覆盖 | 占据 | 具有 | 输送,40.00000000421508,1.0,9.328820365852565e-17,具有:1.000000 | 创造:1.000000 | 占据:1.000000 | 吸引:1.000000 | 吸纳:1.000000 | 培养:1.000000 | 培育:1.000000 | 塑造:1.000000 | 增添:1.000000 | 壮大:1.000000 | 奠定:1.000000 | 开创:1.000000,
153,53,0.33699120913522806,0.050967691293314216,0.1509433962264151,促进 | 推动 | 增强 | 强化 | 加强 | 提高 | 提升 | 激发 | 加快 | 降低 | 增进 | 推进,带来 | 转化 | 适应 | 体现 | 凸显 | 填补 | 释放 | 有效,保障 | 激发 | 有效 | 实现 | 提高 | 加速 | 维护 | 加深 | 进一步 | 削弱 | 拉动 | 推动,促进 | 推动 | 增强 | 强化 | 加强 | 提高 | 提升 | 激发 | 加快 | 降低 | 增进 | 推进 | 深化 | 改善 | 有利于 | 优化 | 带动 | 削弱 | 促使 | 有助于 | 巩固 | 确保 | 加速 | 加深 | 进一步 | 拉动 | 调动 | 保障 | 引导 | 发挥 | 体现 | 促成 | 实现 | 凸显 | 落实 | 保证 | 激活 | 制约 | 唤起 | 维护 | 起到 | 满足 | 简化 | 有效 | 大大 | 刺激 | 适应 | 释放 | 兼顾 | 填补 | 长效 | 转化 | 带来,52.99999999739856,0.9999999999509034,1.924390598680296e-10,优化:1.000000 | 体现:1.000000 | 促使:1.000000 | 促成:1.000000 | 促进:1.000000 | 保证:1.000000 | 保障:1.000000 | 兼顾:1.000000 | 凸显:1.000000 | 制约:1.000000 | 刺激:1.000000 | 削弱:1.000000,
154,58,0.3212533240593476,0.02119381553054618,0.22413793103448276,想法 | 样子 | 意思 | 举动 | 模样 | 说法 | 事情 | 念头 | 景象 | 名字 | 话 | 道理,心声 | 招牌 | 日子 | 比喻 | 角色 | 动作 | 感觉 | 感想,话 | 场面 | 举动 | 想法 | 景象 | 形象 | 事 | 绰号 | 称呼 | 例子 | 印象 | 口号,想法 | 样子 | 意思 | 举动 | 模样 | 说法 | 事情 | 念头 | 景象 | 名字 | 话 | 道理 | 用意 | 例子 | 事 | 字眼 | 架势 | 情景 | 做法 | 看法 | 感觉 | 所作所为 | 错觉 | 开场白 | 言论 | 形象 | 言行 | 感想 | 结局 | 地步 | 印象 | 话语 | 口号 | 写照 | 场面 | 名言 | 主意 | 事迹 | 本意 | 一句话 | 称呼 | 日子 | 下场 | 身影 | 事实 | 心声 | 缘故 | 缩影 | 角色 | 绰号 | 外号 | 一举一动 | 动作 | 观感 | 影子 | 面貌 | 比喻 | 招牌,58.000000002512145,1.0,1.9154193343581772e-15,一举一动:1.000000 | 一句话:1.000000 | 下场:1.000000 | 主意:1.000000 | 举动:1.000000 | 事:1.000000 | 事实:1.000000 | 事情:1.000000 | 事迹:1.000000 | 例子:1.000000 | 做法:1.000000 | 写照:1.000000,
155,39,0.3212398859664355,0.05234267156095477,0.1794871794871795,提名 | 候选人 | 评选 | 当选 | 推选 | 选举 | 奖项 | 获奖 | 连任 | 人选 | 投票 | 奖,排名 | 位子 | 分组 | 抽签 | 届 | 上台 | 表彰 | 勋章,脱颖而出 | 勋章 | 届 | 选拔 | 历届 | 位子 | 奖项 | 奖 | 席位 | 连任 | 分组 | 表决,提名 | 候选人 | 评选 | 当选 | 推选 | 选举 | 奖项 | 获奖 | 连任 | 人选 | 投票 | 奖 | 揭晓 | 竞选 | 选拔 | 评委 | 任期 | 名额 | 名单 | 入选 | 荣誉 | 大选 | 届 | 称号 | 席位 | 头衔 | 表彰 | 历届 | 资格 | 荣获 | 抽签 | 表决 | 脱颖而出 | 席 | 排名 | 勋章 | 上台 | 位子 | 分组,39.000004278845154,1.0,1.436224714133804e-19,上台:1.000000 | 人选:1.000000 | 任期:1.000000 | 位子:1.000000 | 候选人:1.000000 | 入选:1.000000 | 分组:1.000000 | 勋章:1.000000 | 历届:1.000000 | 名单:1.000000 | 名额:1.000000 | 大选:1.000000,
156,33,0.36735745236240297,0.05629070322218819,0.15151515151515152,谢谢 | 赐教 | 诸位 | 各位 | 请坐 | 拜托 | 指教 | 请 | 抱歉 | 不敢当 | 改日 | 久仰,朋友们 | 前辈 | 哦 | 鞠躬 | 对不起 | 敬 | 此致 | 下次,不敢当 | 指点 | 答 | 大家 | 抱歉 | 谢谢 | 冒昧 | 敬 | 拜托 | 此致 | 求 | 请问,谢谢 | 赐教 | 诸位 | 各位 | 请坐 | 拜托 | 指教 | 请 | 抱歉 | 不敢当 | 改日 | 久仰 | 哦 | 冒昧 | 朋友们 | 转告 | 您 | 请教 | 对不起 | 大家 | 光临 | 鞠躬 | 过奖 | 指点 | 请问 | 下次 | 敬请 | 求 | 此致 | 前辈 | 稍候 | 敬 | 答,33.00000002250809,0.9999999999984609,7.176723290340132e-12,下次:1.000000 | 不敢当:1.000000 | 久仰:1.000000 | 光临:1.000000 | 冒昧:1.000000 | 前辈:1.000000 | 各位:1.000000 | 哦:1.000000 | 大家:1.000000 | 对不起:1.000000 | 您:1.000000 | 抱歉:1.000000,
157,28,0.3463608888028537,0.06470645668468444,0.17857142857142858,变化 | 变幻莫测 | 千变万化 | 变迁 | 改变 | 起伏 | 变异 | 变换 | 变动 | 演变 | 微妙 | 错综复杂,紊乱 | 扭曲 | 反常 | 分化 | 细微 | 忽高忽低 | 剧烈 | 复杂,变 | 日新月异 | 变异 | 颠倒 | 转折 | 千变万化 | 变迁 | 变革 | 紊乱 | 推移 | 反常 | 微妙,变化 | 变幻莫测 | 千变万化 | 变迁 | 改变 | 起伏 | 变异 | 变换 | 变动 | 演变 | 微妙 | 错综复杂 | 变革 | 复杂 | 紊乱 | 剧烈 | 转折 | 转变 | 变 | 扭曲 | 细微 | 颠倒 | 不定 | 分化 | 反常 | 推移 | 日新月异 | 忽高忽低,28.00000000000002,1.0,2.426858100395058e-24,不定:1.000000 | 分化:1.000000 | 剧烈:1.000000 | 千变万化:1.000000 | 反常:1.000000 | 变:1.000000 | 变动:1.000000 | 变化:1.000000 | 变幻莫测:1.000000 | 变异:1.000000 | 变换:1.000000 | 变迁:1.000000,
158,41,0.41554248781401015,0.05447958902448134,0.24390243902439024,亲戚 | 亲人 | 家人 | 亲友 | 朋友 | 亲朋好友 | 老乡 | 同事 | 长辈 | 战友 | 乡亲 | 爱人,长辈 | 儿女 | 师长 | 全家 | 爱人 | 亲 | 辈 | 同学,家属 | 亲戚 | 同伴 | 辈 | 姐妹 | 亲属 | 全家 | 父女 | 一家人 | 同胞 | 夫妻 | 亲朋好友,亲戚 | 亲人 | 家人 | 亲友 | 朋友 | 亲朋好友 | 老乡 | 同事 | 长辈 | 战友 | 乡亲 | 爱人 | 邻居 | 友人 | 姐妹 | 同伴 | 亲属 | 母女 | 同学 | 一家人 | 父女 | 儿女 | 兄弟 | 好友 | 母子 | 仇人 | 老朋友 | 恩人 | 父子 | 熟人 | 好心人 | 家属 | 夫妇 | 全家 | 夫妻 | 同胞 | 辈 | 同行 | 师长 | 双胞胎 | 亲,41.000000000102034,1.0,3.6789103442889794e-16,一家人:1.000000 | 乡亲:1.000000 | 亲:1.000000 | 亲人:1.000000 | 亲友:1.000000 | 亲属:1.000000 | 亲戚:1.000000 | 亲朋好友:1.000000 | 仇人:1.000000 | 儿女:1.000000 | 兄弟:1.000000 | 全家:1.000000,
159,68,0.4099451315220284,0.06279963549055056,0.058823529411764705,谦逊 | 善良 | 谦虚 | 和蔼 | 豁达 | 耿直 | 文雅 | 聪明 | 朴实 | 诚实 | 正直 | 开朗,性情 | 乖巧 | 懂事 | 讨人喜欢 | 世故 | 举止 | 端正 | 纯洁,坦率 | 开朗 | 大公无私 | 宽容 | 耿直 | 和气 | 为人 | 勤快 | 侠义 | 温柔 | 友善 | 不耻下问,谦逊 | 善良 | 谦虚 | 和蔼 | 豁达 | 耿直 | 文雅 | 聪明 | 朴实 | 诚实 | 正直 | 开朗 | 温柔 | 稳重 | 纯朴 | 礼貌 | 敦厚 | 沉稳 | 乖巧 | 彬彬有礼 | 仁慈 | 友善 | 慈祥 | 刚毅 | 厚道 | 风趣 | 勤奋 | 世故 | 宽厚 | 幽默 | 好学 | 孝顺 | 宽容 | 为人 | 懂事 | 勤劳 | 坦率 | 勇敢 | 坦诚 | 精明 | 勤快 | 机灵 | 性情 | 机智 | 光明磊落 | 讨人喜欢 | 风度 | 节俭 | 好客 | 大方 | 大公无私 | 虔诚 | 和气 | 心灵手巧 | 举止 | 教养 | 足智多谋 | 高尚 | 细心 | 敬业 | 纯洁 | 务实 | 侠义 | 包容 | 低调 | 不耻下问 | 中庸 | 端正,68.00000797699136,0.999999992159581,2.2857494890929946e-8,不耻下问:1.000000 | 世故:1.000000 | 中庸:1.000000 | 为人:1.000000 | 举止:1.000000 | 仁慈:1.000000 | 低调:1.000000 | 侠义:1.000000 | 光明磊落:1.000000 | 刚毅:1.000000 | 务实:1.000000 | 勇敢:1.000000,
160,43,0.43468059714352664,0.08522361134739996,0.046511627906976744,暴躁 | 胆怯 | 胆小 | 倔强 | 自私 | 高傲 | 懒惰 | 自卑 | 固执 | 娇惯 | 贪玩儿 | 傲慢,老实 | 发怒 | 消极 | 粗鲁 | 畏缩 | 听话 | 颓废 | 天真,爱面子 | 自卑 | 倔强 | 高傲 | 冲动 | 倔 | 幼稚 | 自私 | 浮躁 | 大大咧咧 | 颓废 | 贪玩儿,暴躁 | 胆怯 | 胆小 | 倔强 | 自私 | 高傲 | 懒惰 | 自卑 | 固执 | 娇惯 | 贪玩儿 | 傲慢 | 粗鲁 | 娇气 | 调皮 | 鲁莽 | 顽皮 | 叛逆 | 脾气 | 软弱 | 倔 | 爱面子 | 小气 | 自以为是 | 害羞 | 幼稚 | 天真 | 大大咧咧 | 自私自利 | 淘气 | 目中无人 | 老实 | 发脾气 | 畏缩 | 听话 | 自负 | 放纵 | 颓废 | 浮躁 | 发怒 | 冲动 | 消极 | 内向,43.00000000023508,1.0,1.337836681912151e-16,倔:1.000000 | 倔强:1.000000 | 傲慢:1.000000 | 内向:1.000000 | 冲动:1.000000 | 发怒:1.000000 | 发脾气:1.000000 | 叛逆:1.000000 | 听话:1.000000 | 固执:1.000000 | 大大咧咧:1.000000 | 天真:1.000000,
161,52,0.35769813674244677,0.060552535922754884,0.07692307692307693,全力 | 竭尽全力 | 全力以赴 | 着力 | 努力 | 尽力 | 坚持不懈 | 一心一意 | 全心全意 | 千方百计 | 坚持 | 致力于,力求 | 顾全大局 | 力争 | 尽力 | 千方百计 | 加紧 | 用心 | 搞好,争分夺秒 | 一心 | 搞好 | 坚决 | 做到 | 携手 | 致力于 | 决心 | 坚持不懈 | 着重 | 着眼于 | 下决心,全力 | 竭尽全力 | 全力以赴 | 着力 | 努力 | 尽力 | 坚持不懈 | 一心一意 | 全心全意 | 千方百计 | 坚持 | 致力于 | 齐心协力 | 大力 | 积极 | 认真 | 切实 | 力求 | 兢兢业业 | 着眼于 | 抓紧 | 注重 | 奋力 | 着眼 | 本着 | 持之以恒 | 聚精会神 | 下决心 | 不懈 | 专心 | 用心 | 着重 | 争分夺秒 | 力争 | 加紧 | 坚决 | 秉承 | 专注 | 决心 | 精益求精 | 精心 | 搞好 | 牢牢 | 下功夫 | 着手 | 贯彻 | 顾全大局 | 自觉 | 一心 | 侧重 | 做到 | 携手,51.999982037209925,0.9999996545600799,7.776315628762466e-7,一心:1.000000 | 一心一意:1.000000 | 下决心:1.000000 | 下功夫:1.000000 | 不懈:1.000000 | 专心:1.000000 | 专注:1.000000 | 争分夺秒:1.000000 | 侧重:1.000000 | 做到:1.000000 | 兢兢业业:1.000000 | 全力:1.000000,
162,34,0.3030362757105377,0.04229281827124001,0.20588235294117646,开启 | 启动 | 正式 | 结束 | 序幕 | 迎来 | 拉开 | 即将 | 尾声 | 开始 | 进入 | 步入,率先 | 陆续 | 酝酿 | 竣工 | 进行 | 开张 | 登陆 | 首批,展开 | 成功 | 即将 | 过半 | 开工 | 陆续 | 落地 | 拉开 | 问世 | 尾声 | 首批 | 顺利,开启 | 启动 | 正式 | 结束 | 序幕 | 迎来 | 拉开 | 即将 | 尾声 | 开始 | 进入 | 步入 | 展开 | 宣告 | 完成 | 到来 | 陆续 | 倒计时 | 完毕 | 宣布 | 顺利 | 竣工 | 率先 | 落地 | 开工 | 落下 | 进行 | 成功 | 问世 | 过半 | 开张 | 首批 | 酝酿 | 登陆,34.000000288451446,1.0,1.57547350779407e-17,倒计时:1.000000 | 到来:1.000000 | 即将:1.000000 | 启动:1.000000 | 完成:1.000000 | 完毕:1.000000 | 宣告:1.000000 | 宣布:1.000000 | 尾声:1.000000 | 展开:1.000000 | 序幕:1.000000 | 开启:1.000000,
163,41,0.33114399189080373,0.012624536743334823,0.4634146341463415,打电话 | 招呼 | 打岔 | 敲门 | 问 | 电话 | 打招呼 | 询问 | 打听 | 打扰 | 接听 | 告辞,唠叨 | 请进 | 发火 | 告辞 | 喊 | 诉苦 | 打岔 | 推开,让座 | 敞开 | 打招呼 | 打扰 | 打听 | 打岔 | 打断 | 追问 | 有事 | 告知 | 唠叨 | 上楼,打电话 | 招呼 | 打岔 | 敲门 | 问 | 电话 | 打招呼 | 询问 | 打听 | 打扰 | 接听 | 告辞 | 拨通 | 打搅 | 唠叨 | 拨打 | 絮叨 | 追问 | 问路 | 告诉 | 打断 | 告状 | 告知 | 喊 | 上楼 | 诉苦 | 当面 | 关上 | 发火 | 接通 | 来电 | 提醒 | 有事 | 上门 | 求证 | 让座 | 推开 | 点名 | 请进 | 对方 | 敞开,41.00000000000013,1.0,2.781321933743343e-16,上楼:1.000000 | 上门:1.000000 | 关上:1.000000 | 发火:1.000000 | 告状:1.000000 | 告知:1.000000 | 告诉:1.000000 | 告辞:1.000000 | 唠叨:1.000000 | 喊:1.000000 | 对方:1.000000 | 当面:1.000000,
164,69,0.2933127512186264,0.012188537758256963,0.42028985507246375,设备 | 部件 | 零件 | 配件 | 组装 | 仪表 | 仪器 | 安装 | 机械 | 发电机 | 电源 | 装置,开动 | 指南针 | 计时 | 图纸 | 家用 | 舱 | 非金属 | 管道,焊 | 电线 | 改装 | 照明 | 舱 | 装备 | 厂 | 计算机 | 配件 | 制造 | 开动 | 管道,设备 | 部件 | 零件 | 配件 | 组装 | 仪表 | 仪器 | 安装 | 机械 | 发电机 | 电源 | 装置 | 电线 | 修理 | 维修 | 电器 | 装备 | 器材 | 电池 | 调试 | 加工 | 阀门 | 通信 | 机器 | 工艺 | 焊 | 制造 | 照明 | 故障 | 芯片 | 无线电 | 改装 | 传输 | 激光 | 天线 | 管道 | 充电 | 材料 | 通讯 | 生产 | 密封 | 工序 | 光缆 | 导航 | 轮胎 | 工厂 | 家电 | 图纸 | 绝缘 | 车轴 | 厂家 | 车间 | 卫星 | 厂 | 无线 | 计算机 | 铸造 | 非金属 | 保修 | 家用 | 电网 | 民用 | 设计 | 电讯 | 出厂 | 计时 | 舱 | 开动 | 指南针,69.00006035450289,0.9999999840345004,4.464715624633268e-8,仪器:1.000000 | 仪表:1.000000 | 保修:1.000000 | 修理:1.000000 | 充电:1.000000 | 光缆:1.000000 | 出厂:1.000000 | 制造:1.000000 | 卫星:1.000000 | 厂:1.000000 | 器材:1.000000 | 图纸:1.000000,
165,41,0.4276656137310433,0.09262797225528416,0.0,咳嗽 | 腹泻 | 疼痛 | 呕吐 | 头晕 | 发炎 | 炎症 | 症状 | 失眠 | 发热 | 感冒 | 烦躁,咽 | 分泌 | 抑郁 | 肌肤 | 劳累 | 口吃 | 呼吸 | 烦躁,睡眠 | 发炎 | 视力 | 胀 | 食欲 | 咽 | 分泌 | 呼吸 | 血压 | 肿 | 出汗 | 发作,咳嗽 | 腹泻 | 疼痛 | 呕吐 | 头晕 | 发炎 | 炎症 | 症状 | 失眠 | 发热 | 感冒 | 烦躁 | 出汗 | 过敏 | 痒 | 抑郁 | 发烧 | 肿 | 发作 | 晕车 | 痰 | 食欲 | 咳 | 血压 | 胀 | 疲劳 | 肥胖 | 不适 | 体温 | 分泌 | 劳累 | 睡眠 | 视力 | 咽 | 衰老 | 体质 | 呼吸 | 肌肤 | 副作用 | 新陈代谢 | 口吃,41.00001804056523,0.9999999999999695,1.6855712255100606e-13,不适:1.000000 | 体温:1.000000 | 体质:1.000000 | 出汗:1.000000 | 分泌:1.000000 | 副作用:1.000000 | 劳累:1.000000 | 发作:1.000000 | 发炎:1.000000 | 发烧:1.000000 | 发热:1.000000 | 口吃:1.000000,
166,109,0.3641103851341096,0.05663868333543104,0.08256880733944955,也 | 反倒 | 似乎 | 也许 | 确实 | 恐怕 | 只不过 | 的确 | 却 | 固然 | 竟然 | 终究,不如说 | 而是 | 为什么 | 以为 | 是不是 | 绝对 | 算是 | 根本,恐怕 | 本来 | 看上去 | 以为 | 纵然 | 为什么 | 还 | 大概 | 有时候 | 无非 | 必然 | 反倒,也 | 反倒 | 似乎 | 也许 | 确实 | 恐怕 | 只不过 | 的确 | 却 | 固然 | 竟然 | 终究 | 都 | 显然 | 反而 | 恰恰 | 就算 | 不光 | 居然 | 难道 | 不仅 | 好像 | 倒是 | 往往 | 或许 | 明明 | 肯定 | 多半 | 简直 | 不但 | 真的 | 偏偏 | 本来 | 必定 | 是不是 | 未必 | 无非 | 起码 | 无疑 | 纵然 | 不仅仅 | 既然 | 就 | 哪怕 | 不见得 | 顶多 | 实在 | 基本上 | 仅仅 | 应该 | 只是 | 大概 | 既 | 必然 | 还是 | 全都 | 竟 | 不一定 | 要么 | 大多 | 而是 | 还 | 未免 | 同样 | 看似 | 大都 | 几乎 | 可能 | 却是 | 着实 | 不如说 | 唯独 | 莫非 | 则 | 早就 | 究竟 | 注定 | 有时候 | 看起来 | 虽 | 本身 | 并非 | 更是 | 根本 | 至少 | 绝对 | 有时 | 它 | 通常 | 看上去 | 这 | 为什么 | 可谓 | 到头来 | 到底 | 之所以 | 更 | 自然 | 以为 | 归根到底 | 特别 | 大体上 | 绝 | 算是 | 无形中 | 前者 | 为何 | 取而代之 | 分明,109.00456488836535,0.9999893636146328,0.000018219010218144476,为何:1.000000 | 之所以:1.000000 | 仅仅:1.000000 | 分明:1.000000 | 却:1.000000 | 却是:1.000000 | 反倒:1.000000 | 取而代之:1.000000 | 只是:1.000000 | 可谓:1.000000 | 同样:1.000000 | 唯独:1.000000,
167,61,0.363483843919382,0.0551746638390858,0.14754098360655737,台灯 | 录音机 | 电视机 | 电脑 | 书桌 | 音响 | 收音机 | 窗帘 | 写字台 | 书橱 | 开关 | 显示器,窗帘 | 手表 | 马桶 | 门铃 | 抽屉 | 方向盘 | 沙发 | 黑板,屏幕 | 磁带 | 窗帘 | 笔记本 | 显示器 | 耳机 | 硬盘 | 音响 | 灯 | 电灯 | 手机 | 后备箱,台灯 | 录音机 | 电视机 | 电脑 | 书桌 | 音响 | 收音机 | 窗帘 | 写字台 | 书橱 | 开关 | 显示器 | 灯泡 | 屏幕 | 笔记本 | 抽屉 | 书柜 | 按键 | 冰箱 | 耳机 | 话筒 | 充电器 | 电饭锅 | 打印机 | 鼠标 | 书架 | 键盘 | 手机 | 沙发 | 防盗门 | 门铃 | 闹钟 | 硬盘 | 摄像机 | 洗衣机 | 相机 | 手表 | 液晶 | 遥控 | 空调 | 磁带 | 微波炉 | 灯 | 电灯 | 后备箱 | 马桶 | 彩电 | 磁盘 | 关机 | 游戏机 | 钥匙 | 方向盘 | 黑板 | 温度计 | 防盗 | 随身 | 框 | 键 | 折叠 | 打开 | 望远镜,61.000007600119055,0.9999999999825285,7.316136265214189e-11,书架:1.000000 | 书橱:1.000000 | 关机:1.000000 | 写字台:1.000000 | 冰箱:1.000000 | 台灯:1.000000 | 后备箱:1.000000 | 屏幕:1.000000 | 开关:1.000000 | 录音机:1.000000 | 彩电:1.000000 | 微波炉:1.000000,
168,54,0.3639299223434304,0.009568038554682032,0.4074074074074074,疲倦 | 心慌 | 疲惫 | 精疲力竭 | 焦躁 | 发抖 | 疲惫不堪 | 睡着 | 醒来 | 慌乱 | 昏迷 | 惊慌失措,摔倒 | 焦躁 | 窘迫 | 慌乱 | 喘 | 心慌 | 退缩 | 走投无路,受惊 | 振作 | 喘 | 摔倒 | 动弹 | 做梦 | 睡着 | 挨打 | 窘迫 | 退却 | 疲惫 | 醒来,疲倦 | 心慌 | 疲惫 | 精疲力竭 | 焦躁 | 发抖 | 疲惫不堪 | 睡着 | 醒来 | 慌乱 | 昏迷 | 惊慌失措 | 麻木 | 动弹 | 惊醒 | 打盹儿 | 消沉 | 虚弱 | 颤抖 | 酣睡 | 胡思乱想 | 无精打采 | 挣扎 | 醒悟 | 受惊 | 瘫 | 晕倒 | 醒 | 困 | 苏醒 | 窘迫 | 摔倒 | 空虚 | 清醒 | 无所事事 | 忍饥挨饿 | 麻痹 | 窒息 | 振作 | 迷失 | 走投无路 | 做梦 | 挨打 | 退缩 | 饥饿 | 喘息 | 喘 | 迷路 | 觉 | 觉醒 | 退却 | 任人宰割 | 一无所有 | 原地,54.00000001640915,0.9999999999066737,3.657340165712622e-10,一无所有:1.000000 | 任人宰割:1.000000 | 做梦:1.000000 | 动弹:1.000000 | 原地:1.000000 | 受惊:1.000000 | 喘:1.000000 | 喘息:1.000000 | 困:1.000000 | 忍饥挨饿:1.000000 | 惊醒:1.000000 | 打盹儿:1.000000,
169,22,0.3863082498768271,0.08601252200054975,0.0,争执 | 冲突 | 争吵 | 矛盾 | 争端 | 纠纷 | 分歧 | 摩擦 | 争论 | 裂痕 | 激化 | 争议,空隙 | 冲撞 | 挑起 | 争论 | 碰撞 | 纠纷 | 裂缝 | 波澜,争端 | 纠纷 | 分歧 | 波澜 | 争执 | 争论 | 冲突 | 摩擦 | 裂缝 | 隔阂 | 裂痕 | 矛盾,争执 | 冲突 | 争吵 | 矛盾 | 争端 | 纠纷 | 分歧 | 摩擦 | 争论 | 裂痕 | 激化 | 争议 | 隔阂 | 冲撞 | 僵局 | 波澜 | 碰撞 | 裂缝 | 旋涡 | 挑起 | 火花 | 空隙,22.0,1.0,2.558779941676285e-25,争吵:1.000000 | 争执:1.000000 | 争端:1.000000 | 争议:1.000000 | 争论:1.000000 | 僵局:1.000000 | 冲撞:1.000000 | 冲突:1.000000 | 分歧:1.000000 | 挑起:1.000000 | 摩擦:1.000000 | 旋涡:1.000000,
170,61,0.33421551329483584,-0.010206702476671915,0.7049180327868853,胡闹 | 逞能 | 撒谎 | 闹着玩儿 | 耍赖 | 放肆 | 吓唬 | 吹牛 | 存心 | 出洋相 | 有口无心 | 胡说,逞强 | 恼羞成怒 | 损人利己 | 不理 | 笑话 | 放肆 | 见外 | 泼冷水,插手 | 出洋相 | 开玩笑 | 随大溜 | 敢于 | 指手画脚 | 吓唬 | 大胆 | 见外 | 大模大样 | 出丑 | 引经据典,胡闹 | 逞能 | 撒谎 | 闹着玩儿 | 耍赖 | 放肆 | 吓唬 | 吹牛 | 存心 | 出洋相 | 有口无心 | 胡说 | 竟敢 | 出丑 | 说谎 | 开玩笑 | 理直气壮 | 半真半假 | 恼羞成怒 | 说闲话 | 见钱眼开 | 不理 | 随大溜 | 夸夸其谈 | 大模大样 | 胆子 | 搞鬼 | 敢 | 公然 | 指手画脚 | 故意 | 忍心 | 出风头 | 异想天开 | 敲边鼓 | 当着 | 当众 | 假装 | 壮胆 | 豁出去 | 损人利己 | 笑话 | 朝三暮四 | 岂有此理 | 逞强 | 甘心 | 使唤 | 袖手旁观 | 只顾 | 泼冷水 | 引经据典 | 敢于 | 罢休 | 威风 | 随心所欲 | 大胆 | 呼风唤雨 | 插手 | 见外 | 守株待兔 | 高调,61.00000000670654,1.0,7.694949815083216e-16,不理:1.000000 | 使唤:1.000000 | 假装:1.000000 | 公然:1.000000 | 出丑:1.000000 | 出洋相:1.000000 | 出风头:1.000000 | 半真半假:1.000000 | 只顾:1.000000 | 吓唬:1.000000 | 吹牛:1.000000 | 呼风唤雨:1.000000,
171,33,0.3172599745989047,0.05791479310803679,0.06060606060606061,凭借 | 借助 | 获得 | 依靠 | 通过 | 获取 | 利用 | 取得 | 凭着 | 拿到 | 运用 | 采用,具备 | 借鉴 | 依托 | 掌握 | 赢得 | 占有 | 获 | 换取,取得 | 用 | 以 | 占有 | 通过 | 借助 | 从中 | 借 | 凭着 | 获取 | 借鉴 | 具备,凭借 | 借助 | 获得 | 依靠 | 通过 | 获取 | 利用 | 取得 | 凭着 | 拿到 | 运用 | 采用 | 拥有 | 用 | 凭 | 借 | 借用 | 得到 | 赢得 | 依托 | 靠 | 以 | 透过 | 拿出 | 换取 | 给予 | 掌握 | 具备 | 获 | 吸取 | 从中 | 借鉴 | 占有,33.00000000028807,1.0,3.199583596658487e-20,从中:1.000000 | 以:1.000000 | 依托:1.000000 | 依靠:1.000000 | 借:1.000000 | 借助:1.000000 | 借用:1.000000 | 借鉴:1.000000 | 具备:1.000000 | 凭:1.000000 | 凭借:1.000000 | 凭着:1.000000,
172,29,0.38687814887266403,0.08129623522878157,0.1724137931034483,景点 | 景区 | 游览 | 名胜 | 公园 | 观光 | 景观 | 景色 | 美景 | 游船 | 游人 | 古迹,夜市 | 庙会 | 滑梯 | 缆车 | 酒店 | 旅行社 | 寺庙 | 动物园,夜市 | 寺庙 | 风景 | 动物园 | 乐园 | 游船 | 景观 | 观光 | 观赏 | 美景 | 酒店 | 景区,景点 | 景区 | 游览 | 名胜 | 公园 | 观光 | 景观 | 景色 | 美景 | 游船 | 游人 | 古迹 | 风景 | 温泉 | 游客 | 缆车 | 博物馆 | 观赏 | 动物园 | 喷泉 | 乐园 | 寺庙 | 庙会 | 酒店 | 园 | 旅行社 | 夜市 | 庄园 | 滑梯,29.000279451229463,0.9999999999999921,4.519334790935343e-14,乐园:1.000000 | 公园:1.000000 | 动物园:1.000000 | 博物馆:1.000000 | 古迹:1.000000 | 名胜:1.000000 | 喷泉:1.000000 | 园:1.000000 | 夜市:1.000000 | 庄园:1.000000 | 庙会:1.000000 | 旅行社:1.000000,
173,53,0.31361893133948693,-0.003838463433772838,0.5660377358490566,抚养 | 娶 | 成家 | 赡养 | 独身 | 收养 | 年迈 | 子女 | 生病 | 离婚 | 家境 | 成年,不辞而别 | 孝敬 | 从小 | 生病 | 演艺圈 | 酗酒 | 娶 | 嫁,配偶 | 参军 | 岁数 | 终生 | 生育 | 酗酒 | 子女 | 不辞而别 | 独身 | 单身 | 经商 | 年纪,抚养 | 娶 | 成家 | 赡养 | 独身 | 收养 | 年迈 | 子女 | 生病 | 离婚 | 家境 | 成年 | 长大 | 年纪 | 生育 | 岁 | 领养 | 怀孕 | 嫁 | 岁数 | 婚姻 | 出生 | 去世 | 童年 | 单身 | 定居 | 晚年 | 后代 | 养 | 年龄 | 收留 | 孝敬 | 贫穷 | 酗酒 | 管教 | 中年 | 高龄 | 配偶 | 从小 | 家庭 | 照料 | 学艺 | 流浪 | 改邪归正 | 终生 | 出走 | 经商 | 不辞而别 | 姓 | 演艺圈 | 参军 | 受过 | 终身,52.99999999997421,0.9999999999995077,2.3586515148426384e-12,不辞而别:1.000000 | 中年:1.000000 | 从小:1.000000 | 养:1.000000 | 出生:1.000000 | 出走:1.000000 | 单身:1.000000 | 参军:1.000000 | 受过:1.000000 | 姓:1.000000 | 娶:1.000000 | 婚姻:1.000000,
174,61,0.2688432224339626,0.01101392606935162,0.45901639344262296,当之无愧 | 著名 | 有名 | 驰名 | 公认 | 世界级 | 知名 | 名副其实 | 大名鼎鼎 | 堪称 | 顶级 | 闻名,支柱 | 最 | 权威 | 海内外 | 至关重要 | 全世界 | 精品 | 经典,称作 | 有名 | 重量级 | 当之无愧 | 最 | 典型 | 半边天 | 里程碑 | 作为 | 耳熟能详 | 视为 | 支柱,当之无愧 | 著名 | 有名 | 驰名 | 公认 | 世界级 | 知名 | 名副其实 | 大名鼎鼎 | 堪称 | 顶级 | 闻名 | 顶尖 | 出名 | 远近闻名 | 一流 | 典范 | 杰出 | 头号 | 家喻户晓 | 之一 | 经典 | 领军 | 号称 | 耳熟能详 | 泰斗 | 重中之重 | 重量级 | 典型 | 仅次于 | 首要 | 重要 | 当今 | 成为 | 作为 | 必不可少 | 最佳 | 热门 | 称为 | 王牌 | 列为 | 当务之急 | 视为 | 畅销 | 唯一 | 最 | 里程碑 | 权威 | 巅峰 | 精品 | 至关重要 | 称作 | 支柱 | 行列 | 海内外 | 摇篮 | 生命线 | 界 | 全世界 | 半边天 | 骨干,61.00000020728942,0.9999999995848566,1.453427175243439e-9,一流:1.000000 | 世界级:1.000000 | 之一:1.000000 | 仅次于:1.000000 | 作为:1.000000 | 公认:1.000000 | 典型:1.000000 | 典范:1.000000 | 出名:1.000000 | 半边天:1.000000 | 号称:1.000000 | 名副其实:1.000000,
175,82,0.2985309900354954,-0.025813854208587794,0.6829268292682927,帅哥 | 美女 | 疯子 | 美人 | 妖怪 | 男人 | 女人 | 仙女 | 小丑 | 大款 | 王子 | 笨蛋,新郎 | 家伙 | 胖子 | 娃娃 | 小姐 | 女人 | 新娘 | 男人,偶像 | 新娘 | 家伙 | 英雄 | 女 | 绅士 | 帅哥 | 酒鬼 | 巨星 | 宝贝 | 魔鬼 | 替身,帅哥 | 美女 | 疯子 | 美人 | 妖怪 | 男人 | 女人 | 仙女 | 小丑 | 大款 | 王子 | 笨蛋 | 公主 | 少女 | 神仙 | 巫婆 | 富翁 | 大腕儿 | 歌星 | 胖子 | 坏人 | 偶像 | 小姐 | 影星 | 家伙 | 绅士 | 新娘 | 宝贝 | 傻瓜 | 明星 | 巨星 | 好人 | 魔鬼 | 小人 | 球星 | 皇帝 | 杀手 | 猎人 | 天才 | 富豪 | 英雄 | 娃娃 | 主角 | 名人 | 小卒 | 王后 | 阎王 | 和尚 | 替身 | 女 | 大师 | 风流 | 贵族 | 化身 | 皇后 | 天使 | 男 | 新人 | 巨人 | 弟子 | 新郎 | 酒鬼 | 外星人 | 模特儿 | 菩萨 | 精英 | 代言人 | 使者 | 金子 | 国宝 | 无敌 | 地狱 | 跑龙套 | 状元 | 行家 | 能人 | 道具 | 上流 | 孪生 | 星座 | 新手 | 黑马,81.99293733297337,0.9999138694697566,0.00009813940392869219,上流:1.000000 | 仙女:1.000000 | 代言人:1.000000 | 使者:1.000000 | 偶像:1.000000 | 傻瓜:1.000000 | 化身:1.000000 | 名人:1.000000 | 国宝:1.000000 | 地狱:1.000000 | 坏人:1.000000 | 大师:1.000000,
176,52,0.4186055145722533,0.0989306965802031,0.019230769230769232,嘲笑 | 讥笑 | 责备 | 嘲弄 | 挖苦 | 责怪 | 鄙视 | 指责 | 轻蔑 | 取笑 | 耻笑 | 埋怨,无理 | 不屑 | 嫉妒 | 惩罚 | 挑剔 | 骂 | 强加 | 妒忌,否定 | 嘲弄 | 质疑 | 讽刺 | 耻笑 | 嫌弃 | 鄙视 | 抨击 | 抱怨 | 嫉妒 | 不屑 | 埋怨,嘲笑 | 讥笑 | 责备 | 嘲弄 | 挖苦 | 责怪 | 鄙视 | 指责 | 轻蔑 | 取笑 | 耻笑 | 埋怨 | 讽刺 | 抨击 | 骂 | 嫌弃 | 嫉妒 | 瞧不起 | 妒忌 | 反感 | 刁难 | 侮辱 | 批评 | 看不起 | 歧视 | 不屑 | 欺负 | 抱怨 | 诽谤 | 谴责 | 恭维 | 冒犯 | 调侃 | 排斥 | 讨好 | 纵容 | 挑剔 | 误解 | 容忍 | 不满 | 否定 | 质疑 | 迁就 | 冷落 | 反对 | 偏见 | 惩罚 | 批判 | 无理 | 抵触 | 迎合 | 强加,52.0,1.0,2.3074447104957865e-17,不屑:1.000000 | 不满:1.000000 | 侮辱:1.000000 | 偏见:1.000000 | 冒犯:1.000000 | 冷落:1.000000 | 刁难:1.000000 | 反对:1.000000 | 反感:1.000000 | 取笑:1.000000 | 否定:1.000000 | 嘲弄:1.000000,
177,88,0.20985382238749087,-0.03564091962858592,0.8863636363636364,涉及 | 相关 | 及 | 包括 | 及其 | 包含 | 上述 | 如下 | 附属 | 类型 | 关联 | 拟,负面 | 原有 | 面向 | 属于 | 变更 | 其 | 代表 | 为,潜在 | 单元 | 独立 | 公告 | 发起人 | 拟 | 类别 | 为 | 简称 | 包含 | 原 | 负面,涉及 | 相关 | 及 | 包括 | 及其 | 包含 | 上述 | 如下 | 附属 | 类型 | 关联 | 拟 | 名称 | 所属 | 公告 | 主体 | 特定 | 简称 | 变更 | 类别 | 有关 | 主要 | 构成 | 类 | 概况 | 对应 | 分类 | 分为 | 附件 | 纳入 | 股东 | 现有 | 除 | 原有 | 属于 | 合并 | 衍生 | 以下 | 持有 | 附 | 部分 | 发起人 | 原 | 属 | 目录 | 年度 | 重大 | 权益 | 在内 | 适用 | 归属 | 激励 | 共同 | 实际 | 含 | 说明书 | 除外 | 定向 | 未经 | 关于 | 面向 | 本期 | 潜在 | 间接 | 非 | 简介 | 编号 | 来源 | 单位 | 系 | 独立 | 参见 | 各 | 合伙 | 其 | 广义 | 单元 | 各自 | 集合 | 等 | 独家 | 代表 | 所 | 若干 | 该 | 归 | 负面 | 为,87.99957214286064,0.999995131144185,8.370502281343995e-6,上述:1.000000 | 代表:1.000000 | 共同:1.000000 | 关于:1.000000 | 关联:1.000000 | 其:1.000000 | 分类:1.000000 | 包含:1.000000 | 包括:1.000000 | 单元:1.000000 | 原:1.000000 | 原有:1.000000,
178,37,0.3208003656613842,0.03275627845218694,0.35135135135135137,恰当 | 合理 | 合适 | 正确 | 明智 | 可行 | 合情合理 | 妥当 | 合乎 | 公正 | 慎重 | 公平,迫切 | 苛刻 | 急迫 | 理想 | 实事求是 | 客观 | 片面 | 笼统,公正 | 慎重 | 片面 | 正当 | 正规 | 合乎 | 苛刻 | 循序渐进 | 适宜 | 笼统 | 实事求是 | 迫切,恰当 | 合理 | 合适 | 正确 | 明智 | 可行 | 合情合理 | 妥当 | 合乎 | 公正 | 慎重 | 公平 | 稳妥 | 适当 | 客观 | 必要 | 有利 | 适宜 | 可信 | 科学 | 有益 | 宽泛 | 有用 | 实事求是 | 适合 | 片面 | 急迫 | 迫切 | 紧迫 | 笼统 | 苛刻 | 理想 | 长远 | 正当 | 正规 | 循序渐进 | 中立,37.00000000000013,1.0,1.7194999689092314e-17,中立:1.000000 | 公平:1.000000 | 公正:1.000000 | 可信:1.000000 | 可行:1.000000 | 合乎:1.000000 | 合情合理:1.000000 | 合理:1.000000 | 合适:1.000000 | 妥当:1.000000 | 实事求是:1.000000 | 客观:1.000000,
179,83,0.33035960961515043,0.03806432015806094,0.24096385542168675,学生 | 民众 | 妇女 | 农民 | 大学生 | 群众 | 小学生 | 青年 | 中学生 | 士兵 | 青少年 | 市民,她们 | 老人 | 男生 | 女子 | 家长 | 小朋友 | 女生 | 富人,华裔 | 穆斯林 | 人员 | 读者 | 留学生 | 船员 | 人民 | 官兵 | 网民 | 学生 | 子弟 | 人们,学生 | 民众 | 妇女 | 农民 | 大学生 | 群众 | 小学生 | 青年 | 中学生 | 士兵 | 青少年 | 市民 | 老人 | 民工 | 学子 | 师生 | 官兵 | 工人 | 军人 | 学员 | 公民 | 留学生 | 职工 | 儿童 | 居民 | 女生 | 小朋友 | 网民 | 人民 | 女性 | 农民工 | 老百姓 | 残疾人 | 战士 | 渔民 | 普通人 | 牧民 | 读者 | 平民 | 家长 | 选民 | 囚犯 | 华侨 | 男生 | 人们 | 少年 | 盲人 | 男女 | 人群 | 旅客 | 华人 | 队员 | 干部 | 员工 | 消费者 | 男性 | 人 | 知识分子 | 未成年人 | 聋人 | 国民 | 股民 | 富人 | 僧人 | 穆斯林 | 她们 | 女子 | 子弟 | 船员 | 人员 | 男子 | 华裔 | 群体 | 网友 | 工商界 | 阶层 | 广大 | 纳税人 | 大众 | 成人 | 文盲 | 者 | 航天员,82.99988486127383,0.9999985292677969,2.953943000986668e-6,中学生:1.000000 | 人:1.000000 | 人们:1.000000 | 人员:1.000000 | 人民:1.000000 | 人群:1.000000 | 儿童:1.000000 | 军人:1.000000 | 农民:1.000000 | 农民工:1.000000 | 华人:1.000000 | 华侨:1.000000,
180,103,0.2672149978925958,-0.004082379703379496,0.5533980582524272,专栏 | 文章 | 博客 | 杂志 | 网站 | 报刊 | 电子版 | 书籍 | 刊物 | 报纸 | 刊登 | 稿子,收藏 | 菜单 | 防火墙 | 园地 | 格式 | 热线 | 地图 | 浏览器,网页 | 专著 | 编辑 | 公开信 | 格式 | 微博 | 出版社 | 点击率 | 册 | 书 | 标签 | 书籍,专栏 | 文章 | 博客 | 杂志 | 网站 | 报刊 | 电子版 | 书籍 | 刊物 | 报纸 | 刊登 | 稿子 | 栏目 | 论文 | 帖子 | 书 | 投稿 | 评论 | 网页 | 主页 | 阅读 | 笔记 | 日记 | 出版 | 下载 | 篇 | 转载 | 编辑 | 微博 | 百科全书 | 手册 | 专著 | 浏览 | 新闻 | 社论 | 留言 | 网址 | 回忆录 | 内容 | 撰写 | 图书 | 头条 | 图片 | 启事 | 标题 | 辞典 | 报社 | 微信 | 文献 | 专题 | 著作 | 晚报 | 媒体 | 全文 | 日报 | 改版 | 数据库 | 广告 | 资料 | 问卷 | 出版社 | 搜索 | 作者 | 浏览器 | 页 | 图表 | 公开信 | 日历 | 报道 | 公众 | 册 | 菜单 | 点击率 | 信息 | 来信 | 时事 | 地图 | 版 | 标签 | 科普 | 资讯 | 指南 | 话题 | 档案 | 回复 | 匿名 | 财经 | 格式 | 园地 | 分享 | 收藏 | 排行榜 | 正版 | 数据 | 热线 | 编 | 官方 | 网上 | 概论 | 栏 | 记者 | 防火墙 | 号,102.99999415185373,0.9999998235105958,4.37929832028048e-7,专栏:1.000000 | 专著:1.000000 | 专题:1.000000 | 书:1.000000 | 书籍:1.000000 | 全文:1.000000 | 内容:1.000000 | 册:1.000000 | 分享:1.000000 | 刊物:1.000000 | 刊登:1.000000 | 匿名:1.000000,
181,58,0.4656223594642515,0.15683732877920972,0.0,胳膊 | 手臂 | 脖子 | 嘴唇 | 手掌 | 肩膀 | 鼻子 | 脸颊 | 舌头 | 腿 | 手指 | 嘴巴,用力 | 胡子 | 身上 | 抚摸 | 头发 | 骨头 | 姿势 | 翅膀,脸颊 | 手脚 | 颈部 | 手掌 | 指甲 | 两手 | 眼 | 拳头 | 骨头 | 舌头 | 肚子 | 身体,胳膊 | 手臂 | 脖子 | 嘴唇 | 手掌 | 肩膀 | 鼻子 | 脸颊 | 舌头 | 腿 | 手指 | 嘴巴 | 脑袋 | 爪子 | 耳朵 | 胸膛 | 身子 | 眼睛 | 膝盖 | 手腕 | 颈部 | 喉咙 | 胸部 | 眉毛 | 肚子 | 双手 | 身体 | 身躯 | 嘴 | 腹部 | 头发 | 腰 | 指甲 | 指头 | 脸 | 脚 | 手脚 | 头顶 | 全身 | 牙齿 | 浑身 | 骨头 | 尾巴 | 抚摸 | 拳头 | 用力 | 面部 | 头部 | 眼 | 两手 | 手 | 头 | 吻 | 翅膀 | 胡子 | 身上 | 鲜血 | 姿势,58.00000031147241,0.9999999999999971,1.6475462646075765e-14,两手:1.000000 | 全身:1.000000 | 双手:1.000000 | 吻:1.000000 | 喉咙:1.000000 | 嘴:1.000000 | 嘴唇:1.000000 | 嘴巴:1.000000 | 头:1.000000 | 头发:1.000000 | 头部:1.000000 | 头顶:1.000000,
182,29,0.3710536651676393,0.04230083533877781,0.3103448275862069,祝愿 | 祝福 | 祝 | 感谢 | 一路平安 | 保佑 | 保重 | 但愿 | 亲爱 | 恭喜 | 心想事成 | 感恩,荣幸 | 报答 | 坚信 | 辜负 | 相信 | 亲爱 | 感恩 | 深信,鹏程万里 | 好运 | 愿 | 铭记 | 相信 | 深信 | 感恩 | 但愿 | 保重 | 珍惜 | 祝福 | 报答,祝愿 | 祝福 | 祝 | 感谢 | 一路平安 | 保佑 | 保重 | 但愿 | 亲爱 | 恭喜 | 心想事成 | 感恩 | 晚安 | 好运 | 珍重 | 一路顺风 | 愿 | 珍惜 | 相信 | 再见 | 荣幸 | 深信 | 坚信 | 铭记 | 报答 | 幸运 | 加油 | 辜负 | 鹏程万里,29.000000000075627,1.0,1.982756526655132e-23,一路平安:1.000000 | 一路顺风:1.000000 | 亲爱:1.000000 | 但愿:1.000000 | 保佑:1.000000 | 保重:1.000000 | 再见:1.000000 | 加油:1.000000 | 坚信:1.000000 | 好运:1.000000 | 幸运:1.000000 | 心想事成:1.000000,
183,54,0.30699439740187884,0.009337021674336966,0.4074074074074074,不停 | 整天 | 从早到晚 | 成天 | 一天到晚 | 到处 | 日复一日 | 夜以继日 | 没完没了 | 彻夜 | 日夜 | 翻来覆去,如一 | 脑海 | 半天 | 似的 | 一连 | 津津有味 | 着 | 滔滔不绝,一连 | 日夜 | 成群结队 | 滔滔不绝 | 脑海 | 翻来覆去 | 四面八方 | 如一 | 断断续续 | 源源不断 | 形形色色 | 遍地,不停 | 整天 | 从早到晚 | 成天 | 一天到晚 | 到处 | 日复一日 | 夜以继日 | 没完没了 | 彻夜 | 日夜 | 翻来覆去 | 四处 | 川流不息 | 成群结队 | 废寝忘食 | 不时 | 来回 | 东奔西走 | 遍地 | 一年到头 | 兴高采烈 | 滔滔不绝 | 横七竖八 | 断断续续 | 一路上 | 挨家挨户 | 无数 | 络绎不绝 | 四面八方 | 大街小巷 | 昼夜 | 尽情 | 不亦乐乎 | 反复 | 似的 | 成千上万 | 津津有味 | 各式各样 | 时而 | 轮流 | 处处 | 形形色色 | 遍 | 一连 | 半天 | 千军万马 | 源源不断 | 前赴后继 | 着 | 脑海 | 一番 | 其间 | 如一,54.00000062337438,0.9999999999996484,1.7537732618343799e-12,一天到晚:1.000000 | 一年到头:1.000000 | 一番:1.000000 | 一路上:1.000000 | 一连:1.000000 | 不亦乐乎:1.000000 | 不停:1.000000 | 不时:1.000000 | 东奔西走:1.000000 | 从早到晚:1.000000 | 兴高采烈:1.000000 | 其间:1.000000,
184,53,0.3377194620581774,0.04780899963999592,0.1320754716981132,消除 | 遏制 | 克服 | 阻止 | 消灭 | 抵御 | 抵挡 | 制止 | 缓解 | 摆脱 | 对付 | 抑制,解脱 | 抵制 | 抗拒 | 掩盖 | 疏通 | 减轻 | 逃避 | 渡过,掩盖 | 抵抗 | 摆脱 | 破解 | 扫除 | 躲避 | 消灭 | 制止 | 渡过 | 消化 | 阻止 | 抗拒,消除 | 遏制 | 克服 | 阻止 | 消灭 | 抵御 | 抵挡 | 制止 | 缓解 | 摆脱 | 对付 | 抑制 | 化解 | 解决 | 扭转 | 抵消 | 清除 | 抵抗 | 阻挡 | 扫除 | 减轻 | 破除 | 平息 | 应对 | 弥补 | 打败 | 战胜 | 去除 | 掩盖 | 摆平 | 缓和 | 抵制 | 躲避 | 根治 | 破解 | 切断 | 逃避 | 抗拒 | 应付 | 压倒 | 粉碎 | 排除 | 挽回 | 压制 | 打破 | 回避 | 渡过 | 消化 | 控制 | 疏通 | 收复 | 解脱 | 驾驭,53.000004086923916,0.999999999997094,1.2940220995904279e-11,克服:1.000000 | 减轻:1.000000 | 切断:1.000000 | 制止:1.000000 | 化解:1.000000 | 压倒:1.000000 | 压制:1.000000 | 回避:1.000000 | 对付:1.000000 | 平息:1.000000 | 应付:1.000000 | 应对:1.000000,
185,72,0.3014335820662599,0.023741805202694477,0.3333333333333333,月初 | 月底 | 年初 | 下旬 | 年底 | 中旬 | 上旬 | 月份 | 前夕 | 近期 | 上个月 | 此后,年终 | 为此 | 至今 | 早 | 临近 | 当天 | 明日 | 此前,明年 | 其后 | 年初 | 上周 | 月底 | 月初 | 月 | 此次 | 近年来 | 随后 | 后续 | 之后,月初 | 月底 | 年初 | 下旬 | 年底 | 中旬 | 上旬 | 月份 | 前夕 | 近期 | 上个月 | 此后 | 前不久 | 今年 | 此前 | 以来 | 日前 | 去年 | 近日 | 随后 | 期间 | 之后 | 不久 | 当天 | 下个月 | 上周 | 明年 | 以后 | 其后 | 后 | 过后 | 接下来 | 最近 | 目前 | 近来 | 日后 | 日 | 月 | 当日 | 后期 | 稍后 | 迄今 | 初期 | 前期 | 初 | 今日 | 迄今为止 | 近年来 | 同年 | 届时 | 后年 | 今后 | 前 | 至今 | 后续 | 前后 | 明日 | 此次 | 全年 | 年 | 临近 | 末 | 时期 | 底 | 中期 | 为此 | 期末 | 为止 | 时 | 继 | 年终 | 早,72.00447213907294,0.9999999499643073,1.2788651689612407e-7,上个月:1.000000 | 上周:1.000000 | 上旬:1.000000 | 下个月:1.000000 | 下旬:1.000000 | 中旬:1.000000 | 中期:1.000000 | 临近:1.000000 | 为止:1.000000 | 为此:1.000000 | 之后:1.000000 | 今后:1.000000,
186,60,0.2868182635264621,0.02860975502781582,0.25,数量 | 总量 | 规模 | 量 | 容量 | 比重 | 密度 | 数目 | 速度 | 产量 | 次数 | 效率,内存 | 品种 | 贡献 | 代价 | 指标 | 标准 | 范围 | 基准,消耗 | 百分比 | 次数 | 贡献 | 速度 | 价格 | 产值 | 需求 | 品种 | 代价 | 程度 | 数目,数量 | 总量 | 规模 | 量 | 容量 | 比重 | 密度 | 数目 | 速度 | 产量 | 次数 | 效率 | 比例 | 强度 | 成本 | 频率 | 人数 | 难度 | 百分比 | 率 | 工作量 | 质量 | 面积 | 性能 | 成功率 | 水平 | 价格 | 力度 | 几率 | 销量 | 进度 | 概率 | 年限 | 寿命 | 售价 | 范围 | 门槛 | 消耗 | 规格 | 造价 | 等级 | 产值 | 程度 | 期限 | 种类 | 上限 | 价位 | 需求 | 份额 | 标准 | 指标 | 值 | 品种 | 级别 | 失业率 | 流量 | 基准 | 代价 | 内存 | 贡献,60.000000063708015,0.9999999999996755,1.6270806466610529e-12,上限:1.000000 | 产值:1.000000 | 人数:1.000000 | 代价:1.000000 | 价位:1.000000 | 份额:1.000000 | 值:1.000000 | 几率:1.000000 | 力度:1.000000 | 品种:1.000000 | 售价:1.000000 | 基准:1.000000,
187,46,0.44944339459825633,0.13105580138237344,0.0,踹 | 拧 | 捏 | 搓 | 捅 | 拽 | 磕 | 揍 | 咬 | 摔 | 捶 | 砸,握 | 叼 | 耳光 | 挨 | 捂 | 揉 | 啃 | 抖,蹦 | 咬 | 碰 | 摸 | 啃 | 蹭 | 掐 | 砸 | 撞 | 磕 | 扯 | 抠,踹 | 拧 | 捏 | 搓 | 捅 | 拽 | 磕 | 揍 | 咬 | 摔 | 捶 | 砸 | 敲 | 揪 | 踢 | 掐 | 掰 | 抠 | 搂 | 扯 | 舔 | 蹦 | 蹬 | 叼 | 摸 | 甩 | 揉 | 蹭 | 撕 | 抡 | 挠 | 碰 | 砍 | 撞 | 抖 | 打 | 扳 | 晃 | 挨 | 啃 | 踩 | 抓 | 握 | 戳 | 捂 | 耳光,46.00000000002295,1.0,1.3299220631511296e-16,叼:1.000000 | 咬:1.000000 | 啃:1.000000 | 戳:1.000000 | 打:1.000000 | 扯:1.000000 | 扳:1.000000 | 抓:1.000000 | 抖:1.000000 | 抠:1.000000 | 抡:1.000000 | 拧:1.000000,
188,62,0.29767769819993156,0.025770439186256242,0.25806451612903225,举措 | 协议 | 措施 | 方案 | 议程 | 纲领 | 决议 | 倡议 | 协定 | 草案 | 宣言 | 意见,呼声 | 任务 | 委员会 | 意愿 | 诺言 | 成效 | 表态 | 条款,协议书 | 声明 | 方针 | 意向 | 计划 | 表态 | 清单 | 改革 | 宣言 | 指导 | 报告 | 行动,举措 | 协议 | 措施 | 方案 | 议程 | 纲领 | 决议 | 倡议 | 协定 | 草案 | 宣言 | 意见 | 计划 | 议题 | 文件 | 协议书 | 方针 | 政策 | 事宜 | 事项 | 构想 | 行动 | 蓝图 | 纲要 | 步骤 | 条款 | 规划 | 进程 | 决策 | 框架 | 共识 | 表态 | 承诺 | 时间表 | 提议 | 进展 | 诺言 | 成果 | 日程 | 目标 | 指示 | 任务 | 部署 | 程序 | 工作 | 意向 | 声明 | 要求 | 立场 | 指令 | 呼声 | 意愿 | 报告 | 一揽子 | 成效 | 改革 | 委员会 | 清单 | 指导 | 议 | 作出 | 响应,61.99999903865002,0.9999999844942967,4.3644014689903394e-8,一揽子:1.000000 | 举措:1.000000 | 事宜:1.000000 | 事项:1.000000 | 作出:1.000000 | 倡议:1.000000 | 共识:1.000000 | 决策:1.000000 | 决议:1.000000 | 协议:1.000000 | 协议书:1.000000 | 呼声:1.000000,
189,38,0.34325924750395137,0.02721594388719448,0.34210526315789475,疏忽 | 粗心 | 粗心大意 | 错误 | 错 | 马虎 | 失误 | 偷懒 | 吃亏 | 误 | 糊涂 | 误会,穿小鞋 | 糊涂 | 嫌 | 出难题 | 得罪 | 迟到 | 孤陋寡闻 | 误会,白白 | 错误 | 偷懒 | 过失 | 碰钉子 | 糊涂 | 不慎 | 粗心大意 | 出难题 | 错 | 怠慢 | 犯,疏忽 | 粗心 | 粗心大意 | 错误 | 错 | 马虎 | 失误 | 偷懒 | 吃亏 | 误 | 糊涂 | 误会 | 过失 | 怠慢 | 差错 | 过错 | 走弯路 | 得罪 | 出毛病 | 上当 | 碰钉子 | 潦草 | 犯 | 大意 | 浪费 | 偏差 | 迟到 | 半途而废 | 孤陋寡闻 | 穿小鞋 | 坏事 | 不慎 | 出难题 | 嫌 | 走过场 | 刻舟求剑 | 白白 | 掉队,38.0,1.0,1.1867041569285577e-18,上当:1.000000 | 不慎:1.000000 | 偏差:1.000000 | 偷懒:1.000000 | 出毛病:1.000000 | 出难题:1.000000 | 刻舟求剑:1.000000 | 半途而废:1.000000 | 吃亏:1.000000 | 坏事:1.000000 | 大意:1.000000 | 失误:1.000000,
190,56,0.3140287998029415,0.015030021248797126,0.4107142857142857,溶解 | 液体 | 搅拌 | 凝固 | 加热 | 浸泡 | 含量 | 蛋白质 | 唾液 | 脂肪 | 渗 | 富含,适量 | 唾液 | 冷冻 | 保质期 | 混浊 | 剂 | 再生 | 渗,填充 | 保质期 | 沉淀 | 成型 | 生成 | 混合 | 干燥 | 浓缩 | 有毒 | 变质 | 腐烂 | 渗,溶解 | 液体 | 搅拌 | 凝固 | 加热 | 浸泡 | 含量 | 蛋白质 | 唾液 | 脂肪 | 渗 | 富含 | 含有 | 气泡 | 水分 | 干燥 | 酒精 | 混浊 | 过滤 | 钙 | 成分 | 掺 | 腐烂 | 海藻 | 融化 | 细菌 | 浓缩 | 变质 | 有毒 | 制成 | 气味 | 常温 | 残留 | 结晶 | 剂 | 沉淀 | 冷冻 | 粪便 | 均匀 | 填充 | 分解 | 发酵 | 添加 | 毫升 | 合成 | 适量 | 生成 | 保质期 | 混合 | 吸收 | 天然 | 成型 | 超标 | 海绵 | 再生 | 休眠,55.99999999963285,0.9999999999934437,2.8127136974152185e-11,休眠:1.000000 | 保质期:1.000000 | 再生:1.000000 | 冷冻:1.000000 | 凝固:1.000000 | 分解:1.000000 | 制成:1.000000 | 剂:1.000000 | 加热:1.000000 | 发酵:1.000000 | 变质:1.000000 | 合成:1.000000,
191,34,0.3521029450505248,0.059392030324720624,0.058823529411764705,设法 | 竭力 | 敦促 | 尽快 | 试图 | 尽早 | 想方设法 | 极力 | 呼吁 | 谋求 | 寻求 | 急于,不惜 | 替 | 迫使 | 提倡 | 倡导 | 以便 | 愿意 | 竭力,及早 | 迫使 | 试图 | 尽可能 | 愿意 | 打算 | 协助 | 督促 | 敦促 | 为了 | 提倡 | 倡导,设法 | 竭力 | 敦促 | 尽快 | 试图 | 尽早 | 想方设法 | 极力 | 呼吁 | 谋求 | 寻求 | 急于 | 争取 | 早日 | 协助 | 帮助 | 以便 | 及早 | 尽可能 | 鼓励 | 愿意 | 主张 | 督促 | 有意 | 打算 | 不惜 | 旨在 | 为了 | 迫使 | 倡导 | 寻找 | 号召 | 提倡 | 替,34.000063115967286,1.0,5.357648467236867e-16,不惜:1.000000 | 为了:1.000000 | 主张:1.000000 | 争取:1.000000 | 以便:1.000000 | 倡导:1.000000 | 协助:1.000000 | 及早:1.000000 | 号召:1.000000 | 呼吁:1.000000 | 寻找:1.000000 | 寻求:1.000000,
192,45,0.31437813021019656,0.02281669464628837,0.4,薄弱 | 缺失 | 欠缺 | 缺乏 | 不足 | 单薄 | 粗糙 | 僵化 | 陈旧 | 滞后 | 缺少 | 脆弱,紧张 | 松弛 | 敏感 | 力不从心 | 严重 | 过分 | 不够 | 无力,被动 | 脱节 | 无力 | 单薄 | 饱和 | 不足 | 粗糙 | 单纯 | 紧张 | 脆弱 | 模糊 | 僵化,薄弱 | 缺失 | 欠缺 | 缺乏 | 不足 | 单薄 | 粗糙 | 僵化 | 陈旧 | 滞后 | 缺少 | 脆弱 | 不够 | 跟不上 | 低下 | 短缺 | 脱节 | 缺 | 过于 | 老化 | 紧缺 | 稀少 | 力不从心 | 残缺 | 模糊 | 严重 | 松弛 | 依赖 | 落后 | 过分 | 差 | 单一 | 无力 | 过时 | 过度 | 局限 | 紧张 | 敏感 | 单纯 | 不通 | 有限 | 存在 | 饱和 | 空白 | 被动,45.0,1.0,1.1594673107007884e-16,不够:1.000000 | 不足:1.000000 | 不通:1.000000 | 严重:1.000000 | 低下:1.000000 | 依赖:1.000000 | 僵化:1.000000 | 力不从心:1.000000 | 单一:1.000000 | 单纯:1.000000 | 单薄:1.000000 | 存在:1.000000,
193,48,0.46462524228696256,0.17721162586751624,0.0,演奏 | 舞蹈 | 演唱 | 伴奏 | 独唱 | 乐曲 | 合唱 | 歌剧 | 歌唱 | 歌舞 | 交响乐 | 歌曲,演 | 戏剧 | 艺术 | 马戏 | 国歌 | 相声 | 音乐会 | 歌曲,排练 | 民歌 | 演唱 | 表演 | 舞台 | 独唱 | 戏曲 | 芭蕾 | 小曲 | 艺术 | 京剧 | 摇滚,演奏 | 舞蹈 | 演唱 | 伴奏 | 独唱 | 乐曲 | 合唱 | 歌剧 | 歌唱 | 歌舞 | 交响乐 | 歌曲 | 民歌 | 音乐 | 表演 | 芭蕾 | 演出 | 戏剧 | 笛子 | 杂技 | 京剧 | 旋律 | 乐队 | 唱 | 乐器 | 吉他 | 朗诵 | 小提琴 | 戏曲 | 音乐会 | 秧歌 | 排练 | 钢琴 | 舞 | 歌 | 相声 | 摇滚 | 剧团 | 小曲 | 艺术 | 马戏 | 曲 | 木偶 | 歌咏 | 舞台 | 国歌 | 琴 | 演,48.000546566706646,0.999999999968645,1.2640942155076888e-10,乐器:1.000000 | 乐曲:1.000000 | 乐队:1.000000 | 交响乐:1.000000 | 伴奏:1.000000 | 剧团:1.000000 | 合唱:1.000000 | 吉他:1.000000 | 唱:1.000000 | 国歌:1.000000 | 小提琴:1.000000 | 小曲:1.000000,
194,127,0.21969883065109153,-0.040147212540318146,0.8031496062992126,福 | 俊 | 德 | 利 | 玄 | 玉 | 善 | 润 | 灵 | 妙 | 顺 | 盛,弦 | 右 | 服 | 左 | 许 | 丸 | 丁 | 母,格 | 百 | 团 | 神 | 之 | 融 | 代 | 管 | 顾 | 右 | 电 | 焦,福 | 俊 | 德 | 利 | 玄 | 玉 | 善 | 润 | 灵 | 妙 | 顺 | 盛 | 宝 | 腾 | 富 | 良 | 静 | 理 | 傲 | 合 | 龙 | 信 | 神 | 安 | 佛 | 立 | 巧 | 格 | 魂 | 胜 | 马 | 精 | 功 | 野 | 生 | 金 | 旺 | 力 | 优 | 光 | 王 | 聚 | 通 | 汇 | 兵 | 墨 | 顾 | 景 | 子 | 赖 | 延 | 剑 | 特 | 堂 | 文 | 公 | 酷 | 识 | 云 | 兹 | 映 | 饶 | 银 | 洋 | 帆 | 融 | 素 | 丁 | 科 | 罗 | 美 | 乐 | 炼 | 品 | 业 | 唯 | 谱 | 天地 | 闻 | 法 | 辩 | 戒 | 蒙 | 丸 | 服 | 曰 | 如意 | 太极 | 棋 | 齐 | 训 | 平 | 广 | 行 | 环 | 弦 | 集 | 院 | 电 | 方 | 独 | 甲 | 国 | 证 | 焦 | 百 | 临 | 社 | 母 | 网 | 尚 | 险 | 之 | 太平 | 主 | 乙 | 记 | 管 | 千 | 吉利 | 序 | 许 | 代 | 团 | 左 | 右 | 核,126.99834737604647,0.9999869723833268,0.00001978004039735124,临:1.000000 | 主:1.000000 | 云:1.000000 | 优:1.000000 | 信:1.000000 | 傲:1.000000 | 光:1.000000 | 公:1.000000 | 力:1.000000 | 功:1.000000 | 合:1.000000 | 品:1.000000,
195,56,0.32782260346002495,0.0628469656869425,0.19642857142857142,导弹 | 潜艇 | 作战 | 侦察 | 军舰 | 空军 | 海军 | 坦克 | 部队 | 演习 | 武器 | 战术,靶子 | 训练 | 炸药 | 防守 | 核电站 | 进攻 | 威力 | 幻影,军舰 | 艘 | 导弹 | 核武器 | 飞行 | 情报 | 前线 | 战场 | 空军 | 幻影 | 靶子 | 军事,导弹 | 潜艇 | 作战 | 侦察 | 军舰 | 空军 | 海军 | 坦克 | 部队 | 演习 | 武器 | 战术 | 机动 | 陆军 | 飞行 | 战斗 | 发射 | 核武器 | 防卫 | 直升机 | 军事 | 飞行员 | 巡逻 | 军队 | 火箭 | 防御 | 炸弹 | 两栖 | 自卫 | 航行 | 威慑 | 战场 | 训练 | 进攻 | 队形 | 演练 | 炮 | 艘 | 补给 | 堡垒 | 隐身 | 降落 | 指挥 | 飞船 | 起飞 | 重型 | 渔船 | 突击 | 情报 | 前线 | 威力 | 防守 | 炸药 | 幻影 | 靶子 | 核电站,56.00000000006088,0.999999999999969,1.7013817498393852e-13,两栖:1.000000 | 作战:1.000000 | 侦察:1.000000 | 军事:1.000000 | 军舰:1.000000 | 军队:1.000000 | 前线:1.000000 | 发射:1.000000 | 坦克:1.000000 | 堡垒:1.000000 | 威力:1.000000 | 威慑:1.000000,
196,40,0.43689743379034074,0.15338646554597957,0.025,柳树 | 桃树 | 松树 | 柏树 | 树木 | 槐树 | 树叶 | 棵 | 杨树 | 树枝 | 树梢 | 树林,果园 | 庄稼 | 肥沃 | 山坡 | 桃 | 芽 | 禾苗 | 芦花,柏树 | 桃树 | 开花 | 株 | 柳树 | 禾苗 | 树枝 | 树荫 | 盛开 | 树木 | 茂密 | 杨树,柳树 | 桃树 | 松树 | 柏树 | 树木 | 槐树 | 树叶 | 棵 | 杨树 | 树枝 | 树梢 | 树林 | 茂密 | 叶子 | 竹子 | 树 | 树荫 | 株 | 茂盛 | 禾苗 | 荷花 | 庄稼 | 奇花异草 | 盛开 | 草坪 | 山坡 | 池塘 | 栽 | 茎 | 草 | 泥土 | 果园 | 桃 | 芽 | 桃花 | 牡丹 | 梅花 | 开花 | 芦花 | 肥沃,39.99999999940181,0.9999999999841862,6.621439434091744e-11,叶子:1.000000 | 奇花异草:1.000000 | 庄稼:1.000000 | 开花:1.000000 | 杨树:1.000000 | 松树:1.000000 | 果园:1.000000 | 柏树:1.000000 | 柳树:1.000000 | 树:1.000000 | 树叶:1.000000 | 树木:1.000000,
197,49,0.355381089095272,0.06872479588072242,0.12244897959183673,沟通 | 交谈 | 磋商 | 交往 | 交流 | 会面 | 会谈 | 对话 | 协商 | 会晤 | 互访 | 合作,默契 | 彼此 | 互相 | 打交道 | 相处 | 握手 | 见面 | 磨合,交往 | 互信 | 双边 | 握手 | 会面 | 协作 | 接触 | 关系 | 互访 | 和解 | 联络 | 默契,沟通 | 交谈 | 磋商 | 交往 | 交流 | 会面 | 会谈 | 对话 | 协商 | 会晤 | 互访 | 合作 | 相处 | 见面 | 洽谈 | 互信 | 谈判 | 融洽 | 交涉 | 往来 | 接触 | 谈话 | 关系 | 握手 | 和解 | 商讨 | 来往 | 打交道 | 联系 | 联络 | 商量 | 友好 | 达成 | 谅解 | 互动 | 通话 | 建交 | 私下 | 双方 | 面对面 | 彼此 | 和平共处 | 双边 | 协作 | 双赢 | 互相 | 默契 | 磨合 | 交换,49.00000041362861,0.9999999995053694,1.730393078215086e-9,互信:1.000000 | 互动:1.000000 | 互访:1.000000 | 交往:1.000000 | 交换:1.000000 | 交流:1.000000 | 交涉:1.000000 | 交谈:1.000000 | 会晤:1.000000 | 会谈:1.000000 | 会面:1.000000 | 关系:1.000000,
198,49,0.3951100612307239,0.06849190554878612,0.16326530612244897,血管 | 肝脏 | 肝 | 气管 | 肺 | 脾 | 动脉 | 胃 | 肾 | 心脏 | 皮肤 | 出血,牙 | 肢体 | 伤口 | 出血 | 骨折 | 部位 | 筋 | 咽喉,切除 | 血 | 心脏 | 肾 | 胚胎 | 脾 | 气管 | 伤口 | 输血 | 器官 | 骨折 | 血栓,血管 | 肝脏 | 肝 | 气管 | 肺 | 脾 | 动脉 | 胃 | 肾 | 心脏 | 皮肤 | 出血 | 肌肉 | 血栓 | 关节 | 器官 | 血液 | 切除 | 细胞 | 肠 | 伤口 | 神经 | 胎儿 | 损伤 | 止血 | 骨折 | 口腔 | 缝合 | 胚胎 | 腺 | 愈合 | 肢体 | 大脑 | 人体 | 麻醉 | 注射 | 畸形 | 部位 | 咽喉 | 筋 | 腔 | 血 | 包扎 | 解剖 | 移植 | 输血 | 牙 | 发育 | 血脉,48.999999973993994,0.9999999994692507,1.849689163647595e-9,人体:1.000000 | 伤口:1.000000 | 关节:1.000000 | 出血:1.000000 | 切除:1.000000 | 动脉:1.000000 | 包扎:1.000000 | 发育:1.000000 | 口腔:1.000000 | 咽喉:1.000000 | 器官:1.000000 | 大脑:1.000000,
199,32,0.355402143437125,0.07454433254084906,0.03125,详尽 | 准确 | 细致 | 透彻 | 详细 | 确切 | 精确 | 清晰 | 清楚 | 深刻 | 确凿 | 明确,有的放矢 | 一一 | 全方位 | 及时 | 第一手 | 广泛 | 妥善 | 切身,完整 | 第一手 | 精确 | 详尽 | 细致 | 仔细 | 清楚 | 明确 | 真实 | 周密 | 透彻 | 充分,详尽 | 准确 | 细致 | 透彻 | 详细 | 确切 | 精确 | 清晰 | 清楚 | 深刻 | 确凿 | 明确 | 充分 | 直观 | 深入 | 周密 | 严密 | 完整 | 仔细 | 严格 | 真实 | 如实 | 全面 | 及时 | 妥善 | 具体 | 全方位 | 广泛 | 切身 | 有的放矢 | 一一 | 第一手,32.000000000000014,1.0,6.009933340571713e-24,一一:1.000000 | 严密:1.000000 | 严格:1.000000 | 仔细:1.000000 | 充分:1.000000 | 全方位:1.000000 | 全面:1.000000 | 具体:1.000000 | 准确:1.000000 | 切身:1.000000 | 及时:1.000000 | 周密:1.000000,
