community,size,mean_pair_cosine,mean_cosine_silhouette,negative_silhouette_fraction,representatives,boundary_words,deterministic_sample,all_members,soft_mass,mean_max_membership,mean_normalized_membership_entropy,highest_membership_words,strongest_members_outside_hard_cluster
0,64,0.29338722192597116,-0.007727533943000132,0.578125,球员 | 影迷 | 影星 | 观众 | 球迷 | 歌星 | 歌迷 | 演员 | 选手 | 球星 | 新人 | 大腕儿,演员 | 俱乐部 | 好友 | 友人 | 运动员 | 男士 | 男女 | 教练,华裔 | 听众 | 偶像 | 读者 | 俱乐部 | 网民 | 位 | 巨星 | 外援 | 粉丝 | 股民 | 青年,球员 | 影迷 | 影星 | 观众 | 球迷 | 歌星 | 歌迷 | 演员 | 选手 | 球星 | 新人 | 大腕儿 | 听众 | 明星 | 艺人 | 男士 | 运动员 | 粉丝 | 青年 | 名人 | 偶像 | 富豪 | 普通人 | 精英 | 巨星 | 教练 | 女性 | 学子 | 友人 | 华裔 | 白领 | 青少年 | 高手 | 网民 | 评委 | 读者 | 华人 | 年轻 | 网友 | 上班族 | 男性 | 男女 | 们 | 股民 | 好友 | 富人 | 设计师 | 中年 | 人群 | 演艺圈 | 外籍 | 蓝领 | 新手 | 裁判 | 行家 | 主持人 | 外援 | 代言人 | 者 | 同行 | 俱乐部 | 位 | 名 | 爵士,64.00875088567845,0.999304043339729,0.0007612658164327775,听众:1.000000 | 观众:1.000000 | 歌迷:1.000000 | 大腕儿:1.000000 | 行家:1.000000 | 白领:1.000000 | 影迷:1.000000 | 上班族:1.000000 | 明星:1.000000 | 人群:1.000000 | 新手:1.000000 | 男性:1.000000,媒体:0.024226 | 公众:0.013970
1,71,0.3210971581369392,0.0391933475266072,0.15492957746478872,想法 | 道理 | 弊端 | 好处 | 弊病 | 意思 | 坏处 | 缺点 | 用意 | 毛病 | 方法 | 看法,态度 | 举动 | 细节 | 去处 | 感想 | 借口 | 规律 | 产物,后果 | 好处 | 举动 | 错误 | 想法 | 地方 | 误区 | 启示 | 事 | 方法 | 先例 | 例子,想法 | 道理 | 弊端 | 好处 | 弊病 | 意思 | 坏处 | 缺点 | 用意 | 毛病 | 方法 | 看法 | 例子 | 说法 | 念头 | 做法 | 事情 | 原因 | 理由 | 弱点 | 优点 | 益处 | 事实 | 错觉 | 后果 | 目的 | 问题 | 根源 | 动机 | 初衷 | 现象 | 本意 | 用处 | 举动 | 缘故 | 事 | 区别 | 见解 | 意图 | 借口 | 出发点 | 办法 | 感想 | 意义 | 启示 | 态度 | 地步 | 误区 | 错误 | 先例 | 原理 | 观点 | 去处 | 情形 | 途径 | 教训 | 效果 | 痕迹 | 余地 | 兆头 | 作用 | 手法 | 规律 | 缺陷 | 言论 | 产物 | 证据 | 罪魁祸首 | 细节 | 特例 | 地方,70.92909310026197,0.9988521709211502,0.0009404077476841131,去处:1.000000 | 痕迹:1.000000 | 念头:1.000000 | 想法:1.000000 | 坏处:1.000000 | 好处:1.000000 | 益处:1.000000 | 毛病:1.000000 | 弊病:1.000000 | 手法:1.000000 | 缺点:1.000000 | 先例:1.000000,
2,38,0.25677338497870017,-0.01287730055144642,0.6052631578947368,去除 | 去掉 | 替换 | 压缩 | 填充 | 代替 | 替代 | 简化 | 取代 | 附加 | 剔除 | 除去,扣除 | 缩短 | 占用 | 完成 | 吸收 | 填补 | 分解 | 省略,缩短 | 填充 | 转换 | 替换 | 生成 | 辅助 | 扣除 | 调节 | 重复 | 去除 | 精简 | 用来,去除 | 去掉 | 替换 | 压缩 | 填充 | 代替 | 替代 | 简化 | 取代 | 附加 | 剔除 | 除去 | 多余 | 额外 | 扣除 | 转换 | 补充 | 辅助 | 调节 | 省略 | 用于 | 调整 | 分解 | 缩短 | 重复 | 修正 | 用来 | 占用 | 生成 | 精简 | 填补 | 美化 | 附带 | 吸收 | 循环 | 应付 | 完成 | 过渡,38.000048209398194,0.9999999756476342,7.502016995947184e-8,代替:1.000000 | 去掉:1.000000 | 多余:1.000000 | 应付:1.000000 | 替换:1.000000 | 精简:1.000000 | 美化:1.000000 | 补充:1.000000 | 除去:1.000000 | 简化:1.000000 | 取代:1.000000 | 辅助:1.000000,
3,57,0.308107931740516,-0.0017375281480125396,0.5263157894736842,杀 | 贼 | 害 | 逮 | 冤 | 救 | 凶 | 劫 | 命 | 贪 | 死 | 恶,阎王 | 伤 | 救 | 垮 | 枪毙 | 忍 | 狠 | 惹,灭 | 赌 | 贼 | 性命 | 报仇 | 判 | 枪毙 | 罪 | 败 | 戒 | 斗 | 贪,杀 | 贼 | 害 | 逮 | 冤 | 救 | 凶 | 劫 | 命 | 贪 | 死 | 恶 | 捉 | 祸害 | 仇 | 报仇 | 灭 | 斩 | 枪毙 | 败 | 忍 | 逃 | 忘 | 伤 | 毒 | 邪 | 斩草除根 | 判 | 瞒 | 罪 | 盗 | 犯 | 性命 | 捕 | 矣 | 宰 | 夺 | 讨 | 狠 | 斗 | 惹 | 罚 | 乱 | 饶 | 戒 | 赌 | 阎王 | 遭殃 | 断 | 争 | 摆平 | 告 | 绝 | 治 | 干戈 | 赖 | 垮,56.994682501003496,0.9999025491720414,0.00013672092268715436,害:1.000000 | 祸害:1.000000 | 斩草除根:1.000000 | 伤:1.000000 | 捕:1.000000 | 贪:1.000000 | 遭殃:1.000000 | 争:1.000000 | 杀:1.000000 | 命:1.000000 | 夺:1.000000 | 灭:1.000000,
4,33,0.32618546643554225,0.007438037667647128,0.45454545454545453,帮忙 | 找 | 想 | 帮 | 空儿 | 陪 | 好好 | 去 | 顺便 | 先 | 忙 | 趁着,凑 | 掏钱 | 捎 | 大伙儿 | 求 | 趁早 | 商量 | 忙,大伙儿 | 搞 | 空儿 | 打发 | 趁 | 打算 | 先 | 借 | 顺便 | 有事 | 一块儿 | 趁着,帮忙 | 找 | 想 | 帮 | 空儿 | 陪 | 好好 | 去 | 顺便 | 先 | 忙 | 趁着 | 趁 | 捎 | 打算 | 掏钱 | 替 | 商量 | 一块儿 | 凑 | 大伙儿 | 雇 | 借 | 趁早 | 打发 | 来 | 聊 | 有事 | 搞 | 准备 | 求 | 做 | 靠,32.99896503379524,0.9999653923997498,0.000053047930618829226,打发:1.000000 | 捎:1.000000 | 搞:1.000000 | 聊:1.000000 | 趁:1.000000 | 趁着:1.000000 | 雇:1.000000 | 借:1.000000 | 帮:1.000000 | 找:1.000000 | 陪:1.000000 | 打算:1.000000,
5,89,0.30066466645874235,0.04049315753648591,0.25842696629213485,主任 | 总裁 | 秘书 | 院长 | 秘书长 | 总经理 | 总监 | 处长 | 部长 | 顾问 | 局长 | 助理,夫人 | 本人 | 前任 | 管家 | 伙伴 | 现任 | 女士 | 特邀,校长 | 夫人 | 一把手 | 参谋 | 主管 | 总理 | 资深 | 事务 | 带头人 | 本人 | 事务所 | 协会,主任 | 总裁 | 秘书 | 院长 | 秘书长 | 总经理 | 总监 | 处长 | 部长 | 顾问 | 局长 | 助理 | 董事长 | 委员 | 组长 | 会长 | 教授 | 校长 | 理事 | 主席 | 书记 | 主管 | 负责人 | 首席 | 司长 | 团长 | 所长 | 董事 | 经理 | 博士 | 队长 | 现任 | 市长 | 厂长 | 领队 | 导师 | 工程师 | 兼 | 发言人 | 领导 | 大臣 | 官 | 委员会 | 大使 | 司令 | 院士 | 成员 | 资深 | 创始人 | 主编 | 前任 | 元老 | 参谋 | 夫人 | 专家 | 先生 | 员 | 律师 | 专职 | 特邀 | 总理 | 董事会 | 高级 | 事务 | 首相 | 副 | 女士 | 研究所 | 一把手 | 带头人 | 人士 | 助手 | 总部 | 学士 | 高层 | 协会 | 舵手 | 评论员 | 公关 | 下属 | 代理 | 管家 | 事务所 | 代理人 | 领军 | 掌管 | 伙伴 | 小组 | 本人,89.29557952226011,0.9993237311781915,0.0007351388172785907,前任:1.000000 | 助手:1.000000 | 总裁:1.000000 | 掌管:1.000000 | 总经理:1.000000 | 主任:1.000000 | 首席:1.000000 | 伙伴:1.000000 | 主管:1.000000 | 舵手:1.000000 | 组长:1.000000 | 总监:1.000000,总统:0.257714 | 中级:0.018944 | 班长:0.013593
6,83,0.33126166961551806,0.03164594186319042,0.30120481927710846,山岭 | 峡谷 | 海岸 | 湖泊 | 礁石 | 沼泽 | 山谷 | 丘陵 | 山峰 | 海面 | 沙漠 | 河流,热带 | 草地 | 大片 | 山路 | 地下 | 深处 | 村庄 | 冰雪,瀑布 | 运河 | 地下 | 堤坝 | 坡 | 海 | 河 | 洞 | 草原 | 海边 | 太空 | 米,山岭 | 峡谷 | 海岸 | 湖泊 | 礁石 | 沼泽 | 山谷 | 丘陵 | 山峰 | 海面 | 沙漠 | 河流 | 海滩 | 山顶 | 高山 | 岩石 | 岛屿 | 平原 | 雪山 | 沙滩 | 陆地 | 海边 | 湖 | 海底 | 草原 | 水域 | 悬崖 | 海滨 | 堤坝 | 森林 | 高原 | 水面 | 河 | 海域 | 山 | 瀑布 | 海洋 | 海水 | 戈壁 | 水库 | 丛林 | 地形 | 坝 | 海拔 | 海湾 | 火山 | 草地 | 沟 | 山路 | 冰山 | 岸 | 堤 | 岛 | 坡 | 村庄 | 山川 | 冰雪 | 城墙 | 运河 | 月球 | 河畔 | 上空 | 深处 | 南极 | 地球 | 地质 | 海 | 洞 | 地面 | 北极 | 高空 | 陨石 | 热带 | 国土 | 江 | 空中 | 太空 | 泉 | 地下 | 汪洋 | 大片 | 金字塔 | 米,83.02111935939175,0.9997522743420808,0.00027715557378858285,丛林:1.000000 | 冰雪:1.000000 | 上空:1.000000 | 沙漠:1.000000 | 北极:1.000000 | 陆地:1.000000 | 山川:1.000000 | 冰山:1.000000 | 海底:1.000000 | 高山:1.000000 | 陨石:1.000000 | 月球:1.000000,山坡:0.013485
7,95,0.3730388955995813,0.09624689689012446,0.06315789473684211,歌曲 | 演唱 | 歌剧 | 演出 | 独唱 | 话剧 | 电影 | 影片 | 歌词 | 剧 | 乐曲 | 合唱,场面 | 抒情 | 镜头 | 画展 | 歌声 | 歌咏 | 漫画 | 幕,电影 | 卫视 | 动画片 | 场面 | 导演 | 剧组 | 排练 | 民歌 | 剧本 | 戏 | 演唱 | 表演,歌曲 | 演唱 | 歌剧 | 演出 | 独唱 | 话剧 | 电影 | 影片 | 歌词 | 剧 | 乐曲 | 合唱 | 电视剧 | 节目 | 演奏 | 剧本 | 喜剧 | 剧目 | 音乐 | 歌唱 | 歌舞 | 伴奏 | 表演 | 主题歌 | 导演 | 歌手 | 纪录片 | 短片 | 戏 | 录制 | 音乐会 | 交响乐 | 动画片 | 排练 | 朗诵 | 创作 | 主演 | 民歌 | 配音 | 旋律 | 演唱会 | 唱 | 播出 | 作品 | 专辑 | 编剧 | 出演 | 动画 | 连续剧 | 片子 | 播放 | 乐队 | 歌 | 剧情 | 相声 | 放映 | 唱片 | 演 | 歌声 | 字幕 | 小品 | 抒情 | 录音 | 改编 | 剧团 | 片段 | 摇滚 | 拍摄 | 重播 | 漫画 | 上映 | 华语 | 画面 | 电视台 | 舞台 | 剧组 | 曲 | 对白 | 编排 | 国歌 | 广播 | 转播 | 卫视 | 歌咏 | 画展 | 收视率 | 银幕 | 电台 | 解说 | 小曲 | 播 | 题材 | 镜头 | 场面 | 幕,94.98969298945293,0.9997120072275973,0.00033333965825060874,唱:1.000000 | 戏:1.000000 | 演:1.000000 | 演唱:1.000000 | 主题歌:1.000000 | 剧:1.000000 | 排练:1.000000 | 国歌:1.000000 | 歌声:1.000000 | 歌曲:1.000000 | 乐曲:1.000000 | 旋律:1.000000,
8,62,0.4098035874480417,0.060808791226355956,0.16129032258064516,急性 | 炎症 | 病症 | 慢性 | 腹泻 | 症状 | 疾病 | 高血压 | 糖尿病 | 癌症 | 抑郁症 | 心脏病,肾 | 脾 | 创伤 | 肝 | 失眠 | 青春期 | 疗效 | 血压,发炎 | 激素 | 肾 | 阳性 | 脾 | 酗酒 | 霍乱 | 患 | 血压 | 慢性 | 病毒 | 流感,急性 | 炎症 | 病症 | 慢性 | 腹泻 | 症状 | 疾病 | 高血压 | 糖尿病 | 癌症 | 抑郁症 | 心脏病 | 发病 | 病 | 发炎 | 咳嗽 | 感冒 | 出血 | 肿瘤 | 过敏 | 发作 | 痴呆 | 患有 | 癌 | 血栓 | 患 | 肥胖 | 失眠 | 传染病 | 呕吐 | 精神病 | 流感 | 中毒 | 感染 | 血压 | 霍乱 | 发热 | 痰 | 肝 | 脾 | 免疫 | 激素 | 近视 | 发烧 | 传染 | 疗效 | 服用 | 副作用 | 阳性 | 体质 | 肾 | 止咳 | 职业病 | 创伤 | 阴性 | 病毒 | 酗酒 | 遗传 | 聋 | 口吃 | 偏方 | 青春期,61.9616298294896,0.9992429373388111,0.0007094442757409555,感冒:1.000000 | 疗效:1.000000 | 病症:1.000000 | 感染:1.000000 | 病:1.000000 | 口吃:1.000000 | 传染:1.000000 | 聋:1.000000 | 阴性:1.000000 | 酗酒:1.000000 | 疾病:1.000000 | 发烧:1.000000,
9,44,0.41079586308065963,0.14503518347971542,0.045454545454545456,春节 | 清明节 | 中秋节 | 元旦 | 元宵节 | 圣诞节 | 节日 | 端午节 | 除夕 | 佳节 | 长假 | 假期,扫墓 | 周末 | 家家户户 | 庙会 | 初一 | 逢 | 来临 | 冬季,季节 | 冬季 | 来年 | 节气 | 国庆 | 过节 | 时节 | 节假日 | 圣诞节 | 初一 | 往年 | 新年,春节 | 清明节 | 中秋节 | 元旦 | 元宵节 | 圣诞节 | 节日 | 端午节 | 除夕 | 佳节 | 长假 | 假期 | 国庆 | 过年 | 新年 | 节假日 | 时节 | 过节 | 季节 | 假日 | 腊月 | 农历 | 旺季 | 清明 | 春季 | 冬季 | 节气 | 夏季 | 暑期 | 每逢 | 周末 | 淡季 | 秋季 | 庙会 | 扫墓 | 初一 | 来临 | 四季 | 高峰期 | 往年 | 家家户户 | 来年 | 高峰 | 逢,44.000946265389736,0.9999995523307526,1.0259033979879633e-6,中秋节:1.000000 | 元宵节:1.000000 | 夏季:1.000000 | 季节:1.000000 | 家家户户:1.000000 | 时节:1.000000 | 春季:1.000000 | 春节:1.000000 | 清明:1.000000 | 清明节:1.000000 | 秋季:1.000000 | 端午节:1.000000,
10,125,0.24839382450239553,-0.006163474627447655,0.568,金融 | 贸易 | 产业 | 企业 | 投资 | 资产 | 信贷 | 房地产 | 业务 | 外贸 | 行业 | 市场,省 | 存款 | 市 | 影视 | 纺织 | 小康 | 化纤 | 流转,劳务 | 货币 | 海运 | 集团 | 航天 | 房地产 | 国家 | 港 | 经营 | 运营 | 对外 | 短期,金融 | 贸易 | 产业 | 企业 | 投资 | 资产 | 信贷 | 房地产 | 业务 | 外贸 | 行业 | 市场 | 消费 | 航运 | 银行 | 经营 | 物流 | 煤炭 | 医药 | 经济 | 板块 | 销售 | 服务业 | 进出口 | 零售 | 商品 | 资金 | 公司 | 运营 | 外汇 | 盈利 | 交易 | 业绩 | 原材料 | 纺织 | 资本 | 货币 | 汇率 | 商业 | 并购 | 财务 | 产品 | 港口 | 科技 | 内需 | 生产 | 股票 | 出口 | 外资 | 大宗 | 保险 | 股市 | 海运 | 信用 | 环保 | 高新技术 | 供应 | 短期 | 批发 | 资源 | 流通 | 供给 | 合资 | 基金 | 采购 | 集团 | 进口 | 增值 | 订单 | 境外 | 电信 | 理财 | 化纤 | 航空 | 宏观 | 物价 | 顺差 | 数据 | 股份 | 指数 | 项目 | 财富 | 利率 | 股东 | 传媒 | 周期 | 影视 | 上游 | 劳务 | 上市 | 机构 | 行情 | 下游 | 存款 | 重组 | 政府 | 商务 | 国有 | 房价 | 综合 | 工程 | 国际 | 对外 | 权益 | 国防 | 文娱 | 电讯 | 股 | 黄金 | 债 | 数字 | 未来 | 煤矿 | 国家 | 低碳 | 港 | 航天 | 发行 | 市 | 茅台 | 流转 | 吉利 | 长城 | 小康 | 省,125.35396028073706,0.9975000016574705,0.0027095690539431817,贸易:1.000000 | 外贸:1.000000 | 流转:1.000000 | 商品:1.000000 | 订单:1.000000 | 物价:1.000000 | 业绩:0.999999 | 进出口:0.999999 | 经营:0.999999 | 下游:0.999999 | 经济:0.999999 | 流通:0.999999,资讯:0.152397 | 供求:0.070049 | 全国:0.057205 | 工业:0.034322 | 余额:0.032171 | 开发商:0.028698 | 价格:0.021658 | 中期:0.021320
11,32,0.4374458610898485,0.15161890324432503,0.03125,急忙 | 赶忙 | 连忙 | 慌忙 | 赶紧 | 立刻 | 立即 | 马上 | 赶快 | 当即 | 随即 | 火速,兴高采烈 | 不假思索 | 灵机一动 | 匆忙 | 偷偷 | 只好 | 趁机 | 不约而同,偷偷 | 争先恐后 | 立刻 | 连夜 | 不假思索 | 只好 | 慌忙 | 只得 | 随即 | 纷纷 | 火速 | 匆忙,急忙 | 赶忙 | 连忙 | 慌忙 | 赶紧 | 立刻 | 立即 | 马上 | 赶快 | 当即 | 随即 | 火速 | 毫不犹豫 | 悄悄 | 迫不及待 | 纷纷 | 连夜 | 趁机 | 匆忙 | 只好 | 偷偷 | 来不及 | 争先恐后 | 只得 | 一齐 | 灵机一动 | 不假思索 | 果断 | 当场 | 来得及 | 不约而同 | 兴高采烈,32.00008332097366,0.9999999952589492,1.515513861728875e-8,一齐:1.000000 | 偷偷:1.000000 | 匆忙:1.000000 | 当即:1.000000 | 急忙:1.000000 | 悄悄:1.000000 | 慌忙:1.000000 | 火速:1.000000 | 纷纷:1.000000 | 赶忙:1.000000 | 赶紧:1.000000 | 趁机:1.000000,
12,26,0.3797222706859878,0.061476300983754006,0.15384615384615385,嘱咐 | 叮嘱 | 转告 | 吩咐 | 告诫 | 询问 | 请教 | 告诉 | 问 | 告知 | 指点 | 催促,照顾 | 赐教 | 打搅 | 安抚 | 催促 | 关照 | 传授 | 倾听,告诫 | 指点 | 打听 | 告知 | 关照 | 交代 | 听从 | 问 | 请教 | 赐教 | 征求 | 告诉,嘱咐 | 叮嘱 | 转告 | 吩咐 | 告诫 | 询问 | 请教 | 告诉 | 问 | 告知 | 指点 | 催促 | 提醒 | 打听 | 关照 | 转达 | 赐教 | 指教 | 交代 | 征求 | 照顾 | 打搅 | 听从 | 倾听 | 安抚 | 传授,26.00003303524423,0.9999999963453607,1.2092230902431189e-8,传授:1.000000 | 倾听:1.000000 | 催促:1.000000 | 叮嘱:1.000000 | 吩咐:1.000000 | 嘱咐:1.000000 | 打听:1.000000 | 指教:1.000000 | 指点:1.000000 | 请教:1.000000 | 转告:1.000000 | 安抚:1.000000,
13,64,0.3732572142619843,0.10902006814156945,0.046875,蛇 | 猫 | 狗 | 狮子 | 鸟 | 青蛙 | 鹅 | 公鸡 | 狼 | 鸽子 | 猴 | 鸭子,巫婆 | 菩萨 | 嫦娥 | 群 | 红眼 | 幻影 | 神仙 | 鸡,鸟 | 鹰 | 母鸡 | 神 | 猴 | 群 | 幻影 | 鼠 | 鳄鱼 | 青蛙 | 嫦娥 | 虫子,蛇 | 猫 | 狗 | 狮子 | 鸟 | 青蛙 | 鹅 | 公鸡 | 狼 | 鸽子 | 猴 | 鸭子 | 鳄鱼 | 猩猩 | 兔 | 虫子 | 母鸡 | 羊 | 鹿 | 鸡 | 野兽 | 龟 | 鼠 | 动物 | 天鹅 | 鱼 | 妖怪 | 大象 | 仙鹤 | 豹 | 蚊子 | 蜜蜂 | 鬼 | 鲨鱼 | 燕子 | 大雁 | 鹰 | 怪物 | 虎 | 猎犬 | 苍蝇 | 猪 | 恐龙 | 猎人 | 昆虫 | 宠物 | 熊 | 大熊猫 | 驯 | 牛 | 神仙 | 骏马 | 巫婆 | 马 | 龙 | 外星人 | 神 | 巨人 | 凤凰 | 幻影 | 红眼 | 嫦娥 | 群 | 菩萨,64.01246603583303,0.9999741289664371,0.00004261724894498632,猎犬:1.000000 | 野兽:1.000000 | 蚊子:1.000000 | 群:1.000000 | 骏马:1.000000 | 驯:1.000000 | 鳄鱼:1.000000 | 鲨鱼:1.000000 | 蛇:1.000000 | 苍蝇:1.000000 | 猩猩:1.000000 | 仙鹤:1.000000,
14,67,0.3318611050435337,0.046128092766202215,0.13432835820895522,诈骗 | 欺诈 | 假冒 | 敲诈 | 违法 | 非法 | 贪污 | 贿赂 | 盗窃 | 造假 | 伪造 | 犯罪,损人利己 | 恶性 | 夸大 | 违章 | 超标 | 编造 | 吸毒 | 黑心,骗 | 恶性 | 黑客 | 团伙 | 造假 | 违规 | 可疑 | 违法 | 非法 | 误导 | 查出 | 夸大,诈骗 | 欺诈 | 假冒 | 敲诈 | 违法 | 非法 | 贪污 | 贿赂 | 盗窃 | 造假 | 伪造 | 犯罪 | 涉嫌 | 虚假 | 走私 | 受贿 | 倒卖 | 作弊 | 违规 | 弄虚作假 | 恶意 | 团伙 | 窃取 | 内幕 | 盗版 | 骗子 | 查处 | 编造 | 骗 | 泄密 | 误导 | 嫌疑 | 泄露 | 钻空子 | 腐败 | 赌博 | 抄袭 | 滥用 | 侵权 | 谣言 | 隐瞒 | 暴利 | 案件 | 假 | 毒品 | 黑心 | 违章 | 劣质 | 吸毒 | 丑闻 | 受骗 | 集资 | 漏洞 | 黑客 | 炒作 | 虚构 | 查出 | 恶性 | 损人利己 | 可疑 | 投机 | 倾销 | 夸大 | 可乘之机 | 超标 | 机密 | 不良,66.99993968218556,0.9999332550743532,0.00009315026799922325,伪造:1.000000 | 假冒:1.000000 | 劣质:1.000000 | 弄虚作假:1.000000 | 诈骗:1.000000 | 造假:1.000000 | 虚假:1.000000 | 可疑:1.000000 | 编造:1.000000 | 非法:1.000000 | 赌博:1.000000 | 黑心:1.000000,
15,44,0.32426521210229564,0.017478365081082494,0.38636363636363635,蛋白质 | 含量 | 富含 | 脂肪 | 钙 | 含有 | 营养 | 溶解 | 热量 | 食用 | 贮藏 | 成分,新鲜 | 食用 | 盐 | 酿造 | 制品 | 适量 | 营养 | 脂肪,贮藏 | 保质期 | 二氧化碳 | 浓缩 | 有毒 | 变质 | 制品 | 保鲜 | 储存 | 功效 | 酒精 | 成分,蛋白质 | 含量 | 富含 | 脂肪 | 钙 | 含有 | 营养 | 溶解 | 热量 | 食用 | 贮藏 | 成分 | 有毒 | 酒精 | 水分 | 海藻 | 纤维 | 物质 | 维生素 | 冷冻 | 有害 | 保鲜 | 储存 | 细菌 | 常温 | 变质 | 剂 | 原料 | 二氧化碳 | 保质期 | 盐 | 残留 | 浓缩 | 毫升 | 制品 | 提炼 | 功效 | 酿造 | 有机 | 发酵 | 适量 | 结晶 | 天然 | 新鲜,43.982064187933396,0.9995866634677918,0.0004063927079469287,保质期:1.000000 | 富含:1.000000 | 浓缩:1.000000 | 变质:1.000000 | 成分:1.000000 | 天然:1.000000 | 酿造:1.000000 | 适量:1.000000 | 提炼:1.000000 | 物质:1.000000 | 结晶:1.000000 | 新鲜:1.000000,
16,78,0.26853999509979576,-0.007577835216880622,0.5897435897435898,下载 | 主页 | 网页 | 网站 | 文章 | 网址 | 博客 | 电子版 | 浏览 | 专栏 | 视频 | 删除,菜单 | 邮箱 | 广告 | 录像 | 回忆录 | 素材 | 账号 | 邮编,网页 | 编辑 | 格式 | 微博 | 推荐 | 登录 | 预告 | 输入 | 第一手 | 数据库 | 回忆录 | 删除,下载 | 主页 | 网页 | 网站 | 文章 | 网址 | 博客 | 电子版 | 浏览 | 专栏 | 视频 | 删除 | 投稿 | 帖子 | 图片 | 微博 | 微信 | 登录 | 搜索 | 转载 | 内容 | 刊登 | 标题 | 删 | 账号 | 栏目 | 编辑 | 评论 | 文件 | 素材 | 邮箱 | 数据库 | 扫描 | 全文 | 资料 | 菜单 | 查看 | 头条 | 格式 | 频道 | 简历 | 地址 | 广告 | 改版 | 图表 | 信息 | 日记 | 新闻 | 查找 | 更新 | 地图 | 页 | 问卷 | 二维码 | 附件 | 收听 | 作者 | 录像 | 手册 | 记录 | 篇 | 正版 | 版 | 回忆录 | 输入 | 复制 | 晚报 | 后台 | 邮编 | 说明书 | 编 | 预告 | 曝光 | 上网 | 推荐 | 整理 | 编号 | 第一手,78.03336591584403,0.9991198451528829,0.0006782532697897181,菜单:1.000000 | 浏览:1.000000 | 删除:1.000000 | 主页:1.000000 | 下载:1.000000 | 曝光:1.000000 | 邮编:1.000000 | 标题:1.000000 | 记录:1.000000 | 问卷:1.000000 | 删:1.000000 | 地址:1.000000,笔记:0.026052 | 在线:0.017134 | 报告:0.014870 | 表格:0.012489
17,104,0.38142849636918685,0.060657461718770254,0.07692307692307693,拧 | 拽 | 踹 | 蹬 | 搂 | 搓 | 捏 | 磕 | 蹦 | 拎 | 叼 | 甩,挎 | 递 | 搅 | 握 | 舔 | 伸 | 咬 | 揉,抬 | 绑 | 蹦 | 咬 | 碰 | 摸 | 牵 | 扑 | 撑 | 爬 | 蹭 | 掐,拧 | 拽 | 踹 | 蹬 | 搂 | 搓 | 捏 | 磕 | 蹦 | 拎 | 叼 | 甩 | 揪 | 摔 | 扯 | 捅 | 捶 | 踢 | 咬 | 敲 | 揍 | 砸 | 劈 | 扳 | 掰 | 掐 | 抖 | 摸 | 抡 | 揉 | 蹭 | 舔 | 晃 | 抠 | 扛 | 绷 | 搀 | 撑 | 溜 | 撞 | 爬 | 抱 | 拉 | 绑 | 挠 | 揣 | 缠 | 抬 | 碰 | 蹲 | 耍 | 拦 | 扭 | 跳 | 搁 | 趴 | 伸 | 挤 | 握 | 仰 | 拖 | 撕 | 踩 | 牵 | 扑 | 摆 | 挨 | 歪 | 坐 | 跪 | 搅 | 拱 | 搭 | 挥 | 勾 | 挽 | 吊 | 扶 | 挂 | 背 | 翘 | 拴 | 捂 | 拄 | 掀 | 窜 | 挎 | 晃荡 | 抓 | 盯 | 挡 | 倒 | 竖 | 弯 | 戳 | 冲 | 推 | 插 | 哄 | 捧 | 撇 | 挪 | 举 | 递,103.96227122478753,0.9995306329549353,0.000537632184861571,跪:1.000000 | 搀:1.000000 | 窜:1.000000 | 捏:1.000000 | 捧:1.000000 | 拽:1.000000 | 扯:1.000000 | 盯:1.000000 | 碰:1.000000 | 揪:1.000000 | 蹬:1.000000 | 摔:1.000000,
18,44,0.3711788249641599,0.047409689698648845,0.13636363636363635,敬重 | 爱护 | 尊敬 | 亲爱 | 尊重 | 爱惜 | 体谅 | 信任 | 忠心 | 感恩 | 忠诚 | 珍重,包容 | 愿 | 深信 | 无私 | 忠贞 | 热心 | 对待 | 尊敬,关心 | 宠爱 | 忠实 | 对待 | 愿 | 铭记 | 敬 | 亲近 | 忠于 | 热心 | 尊敬 | 深信,敬重 | 爱护 | 尊敬 | 亲爱 | 尊重 | 爱惜 | 体谅 | 信任 | 忠心 | 感恩 | 忠诚 | 珍重 | 珍视 | 敬爱 | 关爱 | 关怀 | 珍惜 | 孝敬 | 信赖 | 报答 | 无私 | 忠贞 | 关心 | 忠于 | 亲近 | 宠爱 | 宽恕 | 殷勤 | 呵护 | 恩惠 | 铭记 | 辜负 | 无微不至 | 托付 | 包容 | 对得起 | 热心 | 恩赐 | 对待 | 敬 | 忠实 | 牢记 | 愿 | 深信,44.00668255827288,0.9999998741494776,3.458127100358692e-7,关怀:1.000000 | 呵护:1.000000 | 忠实:1.000000 | 恩赐:1.000000 | 敬:1.000000 | 爱惜:1.000000 | 爱护:1.000000 | 珍惜:1.000000 | 珍视:1.000000 | 珍重:1.000000 | 铭记:1.000000 | 亲近:1.000000,
19,52,0.40118373413831965,0.10769956121932613,0.057692307692307696,复习 | 课文 | 背诵 | 预习 | 课本 | 备课 | 听写 | 作文 | 练习 | 口语 | 课 | 课程,论文 | 用功 | 上课 | 语法 | 苦练 | 写作 | 课程 | 教学,复习 | 写作 | 编写 | 背诵 | 试卷 | 考题 | 学习 | 生词 | 作文 | 语法 | 练习 | 功课,复习 | 课文 | 背诵 | 预习 | 课本 | 备课 | 听写 | 作文 | 练习 | 口语 | 课 | 课程 | 写作 | 自学 | 讲课 | 教材 | 生词 | 上课 | 试题 | 学习 | 默读 | 试卷 | 听讲 | 听力 | 卷子 | 语法 | 朗读 | 填空 | 抄写 | 教学 | 读 | 必修 | 功课 | 考题 | 温习 | 课堂 | 练 | 笔记 | 阅读 | 学 | 识字 | 测验 | 训练 | 题 | 大纲 | 科目 | 用功 | 教 | 编写 | 苦练 | 论文 | 入门,51.96859899673106,0.9992104517704234,0.000791161535627271,听讲:1.000000 | 温习:1.000000 | 练:1.000000 | 练习:1.000000 | 训练:1.000000 | 讲课:1.000000 | 听力:1.000000 | 背诵:1.000000 | 抄写:1.000000 | 默读:1.000000 | 功课:1.000000 | 填空:1.000000,
20,99,0.20328212441315174,-0.031046073905692757,0.8181818181818182,利 | 福 | 德 | 盛 | 合 | 富 | 顺 | 信 | 俊 | 安 | 宝 | 腾,许 | 宠 | 主 | 闻 | 服 | 升 | 太平 | 标,番 | 远 | 格 | 百 | 团 | 之 | 融 | 代 | 管 | 顾 | 罗 | 创,利 | 福 | 德 | 盛 | 合 | 富 | 顺 | 信 | 俊 | 安 | 宝 | 腾 | 胜 | 汇 | 良 | 金 | 融 | 格 | 立 | 优 | 聚 | 景 | 傲 | 银 | 特 | 通 | 宠 | 兹 | 公 | 顾 | 文 | 业 | 延 | 创 | 佛 | 科 | 生 | 洋 | 唯 | 证 | 品 | 乐 | 服 | 投 | 评 | 云 | 平 | 法 | 闻 | 国 | 环 | 方 | 齐 | 升 | 广 | 网 | 罗 | 集 | 乃 | 百 | 议 | 标 | 蒙 | 险 | 社 | 独 | 临 | 库 | 万 | 尚 | 甲 | 宗 | 致 | 太平 | 依 | 代 | 注 | 管 | 主 | 同 | 持 | 乙 | 千 | 之 | 合伙 | 远 | 表 | 报 | 系 | 负 | 团 | 许 | 局 | 归 | 界 | 番 | 号 | 首 | 此,98.96342635157188,0.9976106087826481,0.0022262455067446224,议:1.000000 | 持:1.000000 | 唯:1.000000 | 信:1.000000 | 独:1.000000 | 番:1.000000 | 致:1.000000 | 品:1.000000 | 宠:1.000000 | 险:1.000000 | 闻:1.000000 | 方:1.000000,理:0.146749
21,33,0.2738209035098099,0.0070451528555268315,0.5757575757575758,多年来 | 一贯 | 秉承 | 一向 | 多年 | 有着 | 凭着 | 长期以来 | 始终 | 向来 | 历经 | 积淀,面对 | 一代 | 坚信 | 少有 | 经受 | 积淀 | 土生土长 | 如一,肩负 | 经受 | 始终 | 如一 | 一贯 | 凭着 | 年代 | 深受 | 面对 | 少有 | 向来 | 土生土长,多年来 | 一贯 | 秉承 | 一向 | 多年 | 有着 | 凭着 | 长期以来 | 始终 | 向来 | 历经 | 积淀 | 历来 | 深受 | 经受 | 风风雨雨 | 坚守 | 凭借 | 屹立 | 坚信 | 默默无闻 | 备受 | 土生土长 | 扎根 | 离不开 | 肩负 | 受过 | 昔日 | 面对 | 少有 | 年代 | 一代 | 如一,33.00013999677606,0.999997517989073,5.277852942575863e-6,凭着:1.000000 | 面对:1.000000 | 默默无闻:1.000000 | 历来:1.000000 | 屹立:1.000000 | 深受:1.000000 | 受过:1.000000 | 坚守:1.000000 | 风风雨雨:1.000000 | 一向:1.000000 | 向来:1.000000 | 土生土长:1.000000,
22,111,0.2524478209974405,0.00215685836164516,0.3963963963963964,月初 | 年初 | 今年 | 月底 | 上个月 | 近期 | 前不久 | 去年 | 此前 | 年底 | 中旬 | 上周,季 | 年终 | 临近 | 次日 | 据悉 | 消息 | 晚间 | 初步,明年 | 其后 | 二 | 年初 | 昨天 | 上周 | 月底 | 月初 | 月 | 此次 | 七 | 随后,月初 | 年初 | 今年 | 月底 | 上个月 | 近期 | 前不久 | 去年 | 此前 | 年底 | 中旬 | 上周 | 下旬 | 前天 | 月份 | 日前 | 上旬 | 近日 | 昨天 | 年前 | 前夕 | 前年 | 当天 | 下个月 | 目前 | 最近 | 明年 | 此后 | 之前 | 今日 | 日 | 当日 | 以来 | 随后 | 月 | 近来 | 接下来 | 晚间 | 周 | 期间 | 前期 | 次日 | 明日 | 此次 | 至此 | 迄今 | 不久 | 其后 | 同年 | 年 | 迄今为止 | 眼下 | 截至 | 届时 | 前 | 稍后 | 全年 | 季度 | 后续 | 当前 | 日后 | 后期 | 上次 | 预计 | 自从 | 时隔 | 当年 | 继 | 初 | 至今 | 今后 | 后 | 临近 | 据 | 后年 | 先前 | 据悉 | 截止 | 年度 | 本期 | 中期 | 第二 | 期中 | 年终 | 早 | 下期 | 为期 | 期 | 末 | 季 | 消息 | 历时 | 第 | 本 | 自 | 初步 | 七 | 五 | 十 | 六 | 经过 | 八 | 四 | 该 | 财经 | 记者 | 九 | 三 | 日报 | 北京 | 二,111.67236557384723,0.9989597521669814,0.0009972872436514507,上旬:1.000000 | 稍后:1.000000 | 下旬:1.000000 | 届时:1.000000 | 月初:1.000000 | 中旬:1.000000 | 后期:1.000000 | 今年:1.000000 | 月底:1.000000 | 后续:1.000000 | 迄今:1.000000 | 年终:1.000000,全国:0.334019 | 个:0.143868 | 晚报:0.064133 | 为:0.036644 | 近年来:0.030718 | 之后:0.027711 | 半:0.017912 | 两:0.016258
23,53,0.3398210785562689,0.04330768854370753,0.2641509433962264,句子 | 词语 | 词 | 词汇 | 音节 | 名字 | 成语 | 文字 | 读音 | 字眼 | 句 | 题目,口音 | 命题 | 稿子 | 题目 | 字体 | 情节 | 念 | 人物,括弧 | 题目 | 字体 | 寓言 | 文字 | 用法 | 口音 | 书写 | 绰号 | 称呼 | 成语 | 俗语,句子 | 词语 | 词 | 词汇 | 音节 | 名字 | 成语 | 文字 | 读音 | 字眼 | 句 | 题目 | 符号 | 段落 | 结尾 | 字母 | 俗语 | 字 | 名言 | 谜语 | 开头 | 含义 | 错别字 | 地名 | 开场白 | 诗 | 涵义 | 记号 | 写 | 字体 | 一句话 | 称呼 | 故事 | 括号 | 寓言 | 答案 | 括弧 | 稿子 | 大意 | 对联 | 公式 | 念 | 书写 | 绰号 | 外号 | 情节 | 命题 | 比喻 | 篇幅 | 人物 | 口音 | 用法 | 序,53.0048128526065,0.9999216559823584,0.00010692710183140963,外号:1.000000 | 称呼:1.000000 | 绰号:1.000000 | 谜语:1.000000 | 错别字:1.000000 | 书写:1.000000 | 名字:1.000000 | 字眼:1.000000 | 开头:1.000000 | 括弧:1.000000 | 名言:1.000000 | 篇幅:1.000000,
24,61,0.360234321514619,0.017680617477722007,0.26229508196721313,胡闹 | 吹牛 | 撒谎 | 打岔 | 闹着玩儿 | 逞能 | 说闲话 | 唠叨 | 插嘴 | 开玩笑 | 卖弄 | 说谎,冒昧 | 计较 | 嫌 | 理直气壮 | 搞笑 | 算计 | 发脾气 | 穿小鞋,出洋相 | 画蛇添足 | 头头是道 | 开玩笑 | 随大溜 | 出口成章 | 打岔 | 冒昧 | 指手画脚 | 吓唬 | 出丑 | 引经据典,胡闹 | 吹牛 | 撒谎 | 打岔 | 闹着玩儿 | 逞能 | 说闲话 | 唠叨 | 插嘴 | 开玩笑 | 卖弄 | 说谎 | 有口无心 | 夸夸其谈 | 絮叨 | 吓唬 | 谎话 | 说话 | 胡说 | 出洋相 | 实话 | 笑话 | 瞎 | 骗人 | 耍赖 | 发脾气 | 废话 | 半真半假 | 随大溜 | 敲边鼓 | 出丑 | 沽名钓誉 | 指手画脚 | 实话实说 | 见钱眼开 | 逼 | 搞鬼 | 异想天开 | 出风头 | 引经据典 | 忽悠 | 讲 | 出难题 | 穿小鞋 | 朝三暮四 | 画蛇添足 | 泼冷水 | 发火 | 马后炮 | 算计 | 夸 | 搞笑 | 没完没了 | 计较 | 外行 | 理直气壮 | 嫌 | 冒昧 | 出口成章 | 头头是道 | 内行,60.99565845227259,0.9999256925195875,0.00009266582486270994,出丑:1.000000 | 发火:1.000000 | 泼冷水:1.000000 | 絮叨:1.000000 | 说谎:1.000000 | 撒谎:1.000000 | 出洋相:1.000000 | 出难题:1.000000 | 唠叨:1.000000 | 画蛇添足:1.000000 | 外行:1.000000 | 出风头:1.000000,
25,68,0.27058480432436804,-0.004626389457687863,0.5882352941176471,执法 | 监察 | 机关 | 司法 | 监督 | 治安 | 检察 | 税务 | 公安 | 纪律 | 行政 | 卫生,灾 | 气象 | 督促 | 安全 | 处置 | 指导 | 诚信 | 邮政,不正之风 | 保障 | 搞好 | 城乡 | 用人 | 公安局 | 卫生 | 后勤 | 法制 | 廉洁 | 干事 | 整治,执法 | 监察 | 机关 | 司法 | 监督 | 治安 | 检察 | 税务 | 公安 | 纪律 | 行政 | 卫生 | 监管 | 法制 | 协调 | 部门 | 廉洁 | 整顿 | 规范 | 廉政 | 健全 | 协作 | 防汛 | 搞好 | 秩序 | 管理 | 后勤 | 基层 | 组织 | 统筹 | 改革 | 调度 | 治理 | 保障 | 不正之风 | 工作 | 工商 | 督促 | 整治 | 用人 | 科研 | 公安局 | 劳动 | 官僚主义 | 维护 | 办事 | 邮政 | 人事 | 诚信 | 分工 | 海关 | 城乡 | 公务 | 安全 | 互助 | 上级 | 经贸 | 公益性 | 处置 | 会计 | 气象 | 干事 | 全局 | 指导 | 单位 | 私营 | 骨干 | 灾,67.93283359069386,0.9989091748378723,0.0012435450394537035,秩序:1.000000 | 办事:1.000000 | 治安:1.000000 | 廉政:1.000000 | 执法:1.000000 | 互助:1.000000 | 整顿:1.000000 | 督促:1.000000 | 维护:1.000000 | 监察:1.000000 | 人事:1.000000 | 纪律:1.000000,
26,92,0.3052279694770511,0.017174053394576744,0.40217391304347827,往往 | 反倒 | 固然 | 却 | 必定 | 反而 | 仍然 | 同样 | 依然 | 不仅 | 必然 | 不但,不怎么 | 如此 | 有时候 | 这样 | 诸如此类 | 才能 | 不至于 | 很,首先 | 颇 | 皆 | 尤其 | 总是 | 有的 | 有时候 | 必然 | 反倒 | 未免 | 无不 | 亦,往往 | 反倒 | 固然 | 却 | 必定 | 反而 | 仍然 | 同样 | 依然 | 不仅 | 必然 | 不但 | 仍旧 | 总是 | 依旧 | 不免 | 多半 | 着实 | 不光 | 无疑 | 难免 | 恰恰 | 势必 | 大都 | 大多 | 未免 | 更 | 既 | 更是 | 则 | 亦 | 全都 | 看似 | 却是 | 虽 | 仍 | 不仅仅 | 甚至 | 几乎 | 通常 | 尤其 | 颇 | 无不 | 很 | 越发 | 可谓 | 都会 | 或多或少 | 注定 | 皆 | 并非 | 自然 | 特别 | 一直 | 自然而然 | 有时候 | 显得 | 之所以 | 更加 | 不能不 | 不至于 | 免不了 | 丝毫 | 本身 | 非常 | 会 | 一般 | 完全 | 越来越 | 无形中 | 多么 | 那样 | 稍 | 相当 | 一样 | 比较 | 不怎么 | 不止 | 为何 | 不妨 | 取而代之 | 如此 | 有的 | 这样 | 首先 | 一概 | 自始至终 | 便是 | 一时 | 才能 | 或 | 诸如此类,92.41596340729188,0.9972958915633501,0.002711761457384232,无不:1.000000 | 依旧:1.000000 | 仍旧:1.000000 | 一直:1.000000 | 不免:1.000000 | 皆:1.000000 | 难免:1.000000 | 依然:1.000000 | 仍然:1.000000 | 颇:1.000000 | 仍:1.000000 | 越发:1.000000,都:0.239349 | 十分:0.135230 | 这么:0.034561 | 实在:0.028779 | 必将:0.023401 | 为什么:0.020940 | 仅仅:0.020378 | 也:0.019454
27,37,0.31652163245471493,0.026255221426007044,0.2972972972972973,忘掉 | 忘记 | 忽略 | 丢掉 | 抛弃 | 忽视 | 放弃 | 当成 | 遗忘 | 变成 | 记住 | 失去,赶上 | 掉 | 埋没 | 留下 | 赶不上 | 懂得 | 正视 | 颠倒,摆脱 | 颠倒 | 超越 | 懂得 | 抛开 | 错过 | 学会 | 小看 | 回避 | 正视 | 赶上 | 看成,忘掉 | 忘记 | 忽略 | 丢掉 | 抛弃 | 忽视 | 放弃 | 当成 | 遗忘 | 变成 | 记住 | 失去 | 放过 | 错过 | 丧失 | 小看 | 当作 | 抛开 | 看成 | 脱离 | 摆脱 | 耽误 | 远离 | 懂得 | 埋没 | 掉 | 正视 | 回避 | 赶上 | 超越 | 看作 | 成 | 颠倒 | 变为 | 赶不上 | 学会 | 留下,37.00033959872267,0.9999999968061496,1.1075051495999298e-8,丢掉:1.000000 | 丧失:1.000000 | 变成:1.000000 | 埋没:1.000000 | 小看:1.000000 | 忘掉:1.000000 | 抛弃:1.000000 | 远离:1.000000 | 遗忘:1.000000 | 错过:1.000000 | 颠倒:1.000000 | 忘记:1.000000,
28,66,0.343201597684304,0.05452694117153002,0.15151515151515152,素养 | 才华 | 魄力 | 品德 | 功底 | 功力 | 毅力 | 天赋 | 修养 | 天分 | 素质 | 自信心,基本功 | 心态 | 治学 | 演技 | 体能 | 熏陶 | 气势 | 远见,才华 | 功底 | 风气 | 野心 | 名气 | 力量 | 责任感 | 魄力 | 品质 | 抱负 | 技艺 | 一技之长,素养 | 才华 | 魄力 | 品德 | 功底 | 功力 | 毅力 | 天赋 | 修养 | 天分 | 素质 | 自信心 | 人品 | 气魄 | 志气 | 实力 | 斗志 | 勇气 | 底蕴 | 阅历 | 责任感 | 抱负 | 口才 | 眼界 | 能力 | 自尊心 | 风范 | 觉悟 | 威信 | 意志 | 品行 | 名气 | 名声 | 声誉 | 气势 | 演技 | 基本功 | 士气 | 作风 | 影响力 | 技艺 | 耐性 | 知名度 | 野心 | 潜能 | 一技之长 | 软实力 | 技能 | 精神 | 信誉 | 力量 | 根基 | 底子 | 心态 | 品质 | 经验 | 水准 | 风气 | 特长 | 远见 | 熏陶 | 体能 | 治学 | 专长 | 视野 | 建树,66.0099640503564,0.9999796688779341,0.00003499352846291476,功底:1.000000 | 底子:1.000000 | 士气:1.000000 | 斗志:1.000000 | 人品:1.000000 | 信誉:1.000000 | 名气:1.000000 | 阅历:1.000000 | 耐性:1.000000 | 技能:1.000000 | 气魄:1.000000 | 熏陶:1.000000,
29,41,0.4263916311242189,0.04241785255346672,0.17073170731707318,害臊 | 心疼 | 难为情 | 好笑 | 难受 | 惭愧 | 不好意思 | 生气 | 为难 | 丢人 | 别扭 | 高兴,后悔 | 扫兴 | 着急 | 惭愧 | 大惊小怪 | 心疼 | 得意 | 不服气,不敢当 | 亲热 | 尴尬 | 好笑 | 放心 | 生气 | 后悔 | 抱歉 | 丢人 | 见外 | 纳闷儿 | 难堪,害臊 | 心疼 | 难为情 | 好笑 | 难受 | 惭愧 | 不好意思 | 生气 | 为难 | 丢人 | 别扭 | 高兴 | 害怕 | 丢脸 | 难堪 | 扫兴 | 过意不去 | 介意 | 客气 | 不服气 | 着急 | 纳闷儿 | 后悔 | 开心 | 尴尬 | 冤枉 | 抱歉 | 得意 | 恶心 | 大惊小怪 | 无话可说 | 在意 | 在乎 | 不敢当 | 眼红 | 受不了 | 美滋滋 | 亲热 | 不在乎 | 放心 | 见外,41.003347666620805,0.9999974772717528,5.451674604224534e-6,眼红:1.000000 | 丢脸:1.000000 | 别扭:1.000000 | 见外:1.000000 | 美滋滋:1.000000 | 介意:1.000000 | 扫兴:1.000000 | 丢人:1.000000 | 在意:1.000000 | 为难:1.000000 | 害臊:1.000000 | 尴尬:1.000000,
30,55,0.37550983983107783,0.02928086897772097,0.2545454545454545,哭 | 疼 | 哆嗦 | 憋 | 晕 | 咳 | 瘫 | 睡 | 吓 | 痒 | 慌 | 头晕,顿 | 口水 | 火辣辣 | 闭 | 慌 | 惊 | 颤抖 | 痛,嚷 | 闷 | 慌 | 呆 | 歇 | 闹 | 胀 | 哑 | 喘 | 尿 | 动弹 | 咽,哭 | 疼 | 哆嗦 | 憋 | 晕 | 咳 | 瘫 | 睡 | 吓 | 痒 | 慌 | 头晕 | 醒 | 喘 | 睡着 | 闷 | 肿 | 痛 | 渴 | 吐 | 胀 | 躺 | 呛 | 吵 | 烦 | 发抖 | 哑 | 颤抖 | 僵 | 醉 | 困 | 咽 | 昏 | 嚷 | 吼 | 疯 | 饿 | 动弹 | 晕倒 | 惊 | 呆 | 觉 | 累 | 歇 | 喊 | 响 | 闹 | 尿 | 口水 | 声 | 急 | 狂 | 闭 | 火辣辣 | 顿,54.98597310465498,0.9997264346492645,0.0003144193850300939,狂:1.000000 | 疼:1.000000 | 急:1.000000 | 睡:1.000000 | 瘫:1.000000 | 声:1.000000 | 慌:1.000000 | 呆:1.000000 | 顿:1.000000 | 痛:1.000000 | 僵:1.000000 | 闹:1.000000,
31,40,0.3119097088614152,0.01810643067849822,0.375,川流不息 | 熙熙攘攘 | 汹涌 | 四面八方 | 成群结队 | 弥漫 | 络绎不绝 | 流淌 | 布满 | 随处可见 | 簇拥 | 成千上万,往日 | 游人 | 如醉如痴 | 连绵 | 人们 | 五颜六色 | 飞速 | 流淌,成群结队 | 四面八方 | 此起彼伏 | 汹涌 | 人们 | 簇拥 | 飞速 | 源源不断 | 扑面而来 | 形形色色 | 遍地 | 聚集,川流不息 | 熙熙攘攘 | 汹涌 | 四面八方 | 成群结队 | 弥漫 | 络绎不绝 | 流淌 | 布满 | 随处可见 | 簇拥 | 成千上万 | 五颜六色 | 无数 | 遍布 | 涌入 | 扑面而来 | 大街小巷 | 耸立 | 形形色色 | 遍地 | 连绵 | 此起彼伏 | 闪烁 | 源源不断 | 各式各样 | 如醉如痴 | 经久不息 | 竞相 | 游人 | 商贾 | 散发 | 泛滥 | 千军万马 | 聚集 | 徐徐 | 人们 | 前赴后继 | 飞速 | 往日,39.99902609928517,0.9999752959718528,0.000037208116048117845,川流不息:1.000000 | 成群结队:1.000000 | 散发:1.000000 | 簇拥:1.000000 | 络绎不绝:1.000000 | 四面八方:1.000000 | 汹涌:1.000000 | 遍地:1.000000 | 耸立:1.000000 | 聚集:1.000000 | 前赴后继:1.000000 | 遍布:1.000000,
32,19,0.3812389455747043,0.10056884086413494,0.2631578947368421,焰火 | 鞭炮 | 烟花 | 爆竹 | 燃放 | 烟火 | 灯笼 | 蜡烛 | 张灯结彩 | 气球 | 风筝 | 热气球,吉祥物 | 狂欢 | 婚礼 | 狂欢节 | 鲜花 | 风筝 | 热气球 | 蜡烛,燃放 | 风筝 | 吉祥物 | 鞭炮 | 狂欢节 | 蜡烛 | 爆竹 | 张灯结彩 | 婚礼 | 灯笼 | 狂欢 | 气球,焰火 | 鞭炮 | 烟花 | 爆竹 | 燃放 | 烟火 | 灯笼 | 蜡烛 | 张灯结彩 | 气球 | 风筝 | 热气球 | 点燃 | 鲜花 | 狂欢节 | 火炬 | 狂欢 | 婚礼 | 吉祥物,19.00143074437421,0.9999999999971638,1.3596549077657109e-11,吉祥物:1.000000 | 张灯结彩:1.000000 | 气球:1.000000 | 点燃:1.000000 | 烟火:1.000000 | 烟花:1.000000 | 焰火:1.000000 | 燃放:1.000000 | 爆竹:1.000000 | 狂欢:1.000000 | 鞭炮:1.000000 | 鲜花:1.000000,
33,50,0.32413060633309854,0.011767677794330689,0.46,细心 | 细致 | 认真 | 兢兢业业 | 严谨 | 周密 | 精益求精 | 用心 | 刻苦 | 扎实 | 虚心 | 踏实,踏实 | 胸有成竹 | 沉着 | 务实 | 不耻下问 | 敏捷 | 高明 | 马虎,慎重 | 刻苦 | 不耻下问 | 虚心 | 踏实 | 敏捷 | 苦心 | 大胆 | 细致 | 仔细 | 耐心 | 周密,细心 | 细致 | 认真 | 兢兢业业 | 严谨 | 周密 | 精益求精 | 用心 | 刻苦 | 扎实 | 虚心 | 踏实 | 精细 | 钻研 | 仔细 | 精心 | 耐心 | 沉着 | 慎重 | 精打细算 | 善于 | 严密 | 敏锐 | 聚精会神 | 实事求是 | 苦心 | 熟练 | 周到 | 专心 | 有的放矢 | 务实 | 端正 | 高超 | 妥善 | 面面俱到 | 马虎 | 得当 | 大胆 | 高明 | 不耻下问 | 胸有成竹 | 深入 | 与时俱进 | 精通 | 得力 | 超前 | 下功夫 | 举一反三 | 敏捷 | 万无一失,50.00903071125808,0.9999677561999466,0.000045876997189626045,严密:1.000000 | 严谨:1.000000 | 得力:1.000000 | 用心:1.000000 | 精心:1.000000 | 精通:1.000000 | 细心:1.000000 | 细致:1.000000 | 苦心:1.000000 | 聚精会神:1.000000 | 专心:1.000000 | 仔细:1.000000,勤奋:0.010240
34,43,0.33221387990848883,0.05790680654374922,0.11627906976744186,儒家 | 道教 | 佛教 | 古代 | 宗教 | 儒学 | 风俗 | 民俗 | 文人 | 习俗 | 茶道 | 礼仪,君子 | 八卦 | 祭祀 | 学问 | 上流 | 禁忌 | 诗人 | 当代,民族 | 宫廷 | 佛教 | 文明 | 基督教 | 八卦 | 学问 | 皇室 | 天主教 | 朝代 | 茶道 | 君子,儒家 | 道教 | 佛教 | 古代 | 宗教 | 儒学 | 风俗 | 民俗 | 文人 | 习俗 | 茶道 | 礼仪 | 圣贤 | 古典 | 古人 | 封建 | 祭祀 | 俗 | 近代 | 基督教 | 宫廷 | 伊斯兰教 | 贵族 | 皇室 | 学问 | 朝代 | 文化 | 天主教 | 西方 | 诗人 | 规矩 | 风水 | 民族 | 禁忌 | 占卜 | 古今中外 | 约定俗成 | 文明 | 当代 | 民间 | 君子 | 上流 | 八卦,43.02064439367503,0.9999754327332714,0.00004113219531186865,习俗:1.000000 | 古人:1.000000 | 民俗:1.000000 | 礼仪:1.000000 | 禁忌:1.000000 | 茶道:1.000000 | 规矩:1.000000 | 风俗:1.000000 | 风水:1.000000 | 上流:1.000000 | 约定俗成:1.000000 | 占卜:1.000000,
35,49,0.2863802015169832,0.004169024524738262,0.5510204081632653,平稳 | 稳健 | 稳定 | 适度 | 温和 | 缓慢 | 谨慎 | 乐观 | 稳妥 | 均衡 | 合理 | 稳,放松 | 适宜 | 充分 | 缓和 | 突出 | 不大 | 清淡 | 强,缓慢 | 乐观 | 宽松 | 韧性 | 向上 | 有效 | 总体 | 均衡 | 有序 | 正常 | 循序渐进 | 维持,平稳 | 稳健 | 稳定 | 适度 | 温和 | 缓慢 | 谨慎 | 乐观 | 稳妥 | 均衡 | 合理 | 稳 | 宽松 | 有序 | 清淡 | 良性 | 明朗 | 平衡 | 缓和 | 整体 | 明显 | 相对 | 中性 | 维持 | 总体 | 保持 | 显著 | 持久 | 有利 | 强势 | 韧性 | 向上 | 正常 | 循序渐进 | 放松 | 长远 | 弹性 | 长久 | 适宜 | 有效 | 保守 | 密切 | 活跃 | 突出 | 充分 | 不大 | 至关重要 | 严 | 强,49.00230129815307,0.9999413634186212,0.0000817592006136852,温和:1.000000 | 适宜:1.000000 | 放松:1.000000 | 谨慎:1.000000 | 中性:1.000000 | 保持:1.000000 | 明朗:1.000000 | 密切:1.000000 | 正常:1.000000 | 稳健:1.000000 | 韧性:1.000000 | 乐观:1.000000,
36,58,0.41612103853961707,0.13835248442879639,0.05172413793103448,旁边 | 后边 | 前边 | 外边 | 那边 | 里边 | 前面 | 那儿 | 后面 | 上边 | 下边 | 左边,只见 | 便道 | 地上 | 横七竖八 | 转悠 | 顺着 | 空荡荡 | 沿途,里面 | 沿途 | 只见 | 右边 | 边 | 这儿 | 前边 | 岸上 | 前方 | 顺着 | 那边 | 路边,旁边 | 后边 | 前边 | 外边 | 那边 | 里边 | 前面 | 那儿 | 后面 | 上边 | 下边 | 左边 | 远处 | 东边 | 旁 | 西边 | 右边 | 底下 | 对面 | 外头 | 南边 | 外面 | 北边 | 那里 | 这边 | 门口 | 上面 | 两边 | 这儿 | 里面 | 里头 | 下面 | 里 | 路边 | 周围 | 中间 | 岸上 | 后头 | 边 | 老远 | 挨着 | 隔壁 | 前头 | 这里 | 前方 | 地上 | 孤零零 | 空荡荡 | 一路上 | 四周 | 只见 | 尽头 | 横七竖八 | 转悠 | 顺着 | 此处 | 沿途 | 便道,58.00621976942271,0.9999927066093663,0.000012441221981827219,上边:1.000000 | 下边:1.000000 | 东边:1.000000 | 前边:1.000000 | 南边:1.000000 | 右边:1.000000 | 外边:1.000000 | 西边:1.000000 | 那边:1.000000 | 里头:1.000000 | 前头:1.000000 | 后边:1.000000,
37,76,0.34335054847795515,0.026004955417053367,0.2631578947368421,忽然 | 突然 | 猛然 | 果然 | 顿时 | 竟然 | 仿佛 | 这时 | 恰巧 | 刚好 | 居然 | 这会儿,另 | 接着 | 碰巧 | 照例 | 一会儿 | 便 | 早就 | 隐约,骤然 | 一瞬间 | 眼看 | 幸亏 | 此时 | 当 | 这时候 | 每当 | 稍微 | 顿时 | 从此 | 仿佛,忽然 | 突然 | 猛然 | 果然 | 顿时 | 竟然 | 仿佛 | 这时 | 恰巧 | 刚好 | 居然 | 这会儿 | 这时候 | 一下子 | 转眼 | 终于 | 渐渐 | 便 | 正好 | 果真 | 就 | 不一会儿 | 总算 | 一不小心 | 好似 | 幸好 | 恰好 | 幸亏 | 然后 | 不料 | 碰巧 | 竟 | 刚刚 | 此刻 | 没想到 | 才 | 此时 | 后来 | 一会儿 | 一瞬间 | 慢慢 | 刚 | 早就 | 快要 | 一晃 | 刚才 | 又 | 不知不觉 | 直到 | 于是 | 接着 | 骤然 | 一刹那 | 眼看 | 已经 | 早已 | 瞬间 | 紧接着 | 凑巧 | 稍稍 | 隐约 | 不知 | 当时 | 多亏 | 赫然 | 从此 | 照例 | 每当 | 犹如 | 如同 | 等到 | 整整 | 当 | 稍微 | 久违 | 另,76.44766176697547,0.9993003727022508,0.0007583533934303286,赫然:1.000000 | 这时:1.000000 | 恰巧:1.000000 | 多亏:1.000000 | 骤然:1.000000 | 突然:1.000000 | 接着:1.000000 | 瞬间:1.000000 | 紧接着:1.000000 | 慢慢:1.000000 | 正好:1.000000 | 犹如:1.000000,要不是:0.397260 | 一:0.081365
38,40,0.3447563153574281,-0.015249687891779749,0.625,恐惧 | 贪婪 | 懒惰 | 放纵 | 幻想 | 自卑 | 堕落 | 颓废 | 压抑 | 无知 | 浮躁 | 欲望,迷惑 | 仇恨 | 狂热 | 疯狂 | 无知 | 忍耐 | 恐惧 | 贪婪,自卑 | 无知 | 压抑 | 冲动 | 妄想 | 克制 | 腐化 | 欲望 | 浮躁 | 拘束 | 颓废 | 迷信,恐惧 | 贪婪 | 懒惰 | 放纵 | 幻想 | 自卑 | 堕落 | 颓废 | 压抑 | 无知 | 浮躁 | 欲望 | 叛逆 | 幻觉 | 狂热 | 妄想 | 虚幻 | 自私自利 | 消极 | 冲动 | 仇恨 | 迷信 | 情绪 | 黑暗 | 腐化 | 迷惑 | 空想 | 疯狂 | 发泄 | 忍耐 | 宣泄 | 克制 | 谎言 | 诱惑 | 催眠 | 冒险 | 拘束 | 觉醒 | 末日 | 反省,39.99763810195983,0.9999400620590055,0.0000871693585590974,宣泄:1.000000 | 诱惑:1.000000 | 仇恨:1.000000 | 妄想:1.000000 | 幻觉:1.000000 | 迷惑:1.000000 | 发泄:1.000000 | 空想:1.000000 | 冒险:1.000000 | 觉醒:1.000000 | 迷信:1.000000 | 拘束:1.000000,
39,75,0.2878753556123721,0.03569665382120952,0.3466666666666667,北部 | 南部 | 东部 | 中部 | 沿岸 | 东南 | 市区 | 西北 | 西部 | 郊区 | 西南 | 地区,绿化 | 桥梁 | 处 | 附近 | 海峡 | 修建 | 纵深 | 扩建,北 | 开发区 | 地区 | 北部 | 扩建 | 市区 | 首府 | 边远 | 边境 | 地点 | 附近 | 村,北部 | 南部 | 东部 | 中部 | 沿岸 | 东南 | 市区 | 西北 | 西部 | 郊区 | 西南 | 地区 | 山区 | 沿海 | 沿线 | 城区 | 交界 | 北 | 首府 | 南 | 西 | 境内 | 地带 | 区 | 区域 | 县 | 东北 | 城镇 | 流域 | 边境 | 南北 | 东 | 镇 | 乡 | 周边 | 半岛 | 地段 | 边远 | 一带 | 沿 | 位于 | 滨海 | 附近 | 村 | 坐落 | 开发区 | 北方 | 通往 | 地域 | 办事处 | 城市 | 首都 | 乡村 | 大道 | 修建 | 枢纽 | 距 | 南方 | 管辖 | 海峡 | 人口 | 绿化 | 搬迁 | 纵深 | 全长 | 基地 | 驻 | 地点 | 扩建 | 两岸 | 大队 | 中央 | 所在 | 处 | 桥梁,75.00146729753261,0.9991034259342314,0.0009259245198169837,坐落:1.000000 | 位于:1.000000 | 中部:1.000000 | 西:1.000000 | 北方:1.000000 | 交界:1.000000 | 南北:1.000000 | 附近:1.000000 | 东南:1.000000 | 一带:1.000000 | 两岸:1.000000 | 全长:1.000000,国有:0.017860 | 通道:0.017065 | 农村:0.014375
40,65,0.3554945746278424,0.013359821516355907,0.38461538461538464,棍子 | 钳子 | 绳子 | 剪子 | 叉子 | 铲子 | 竹竿 | 刷子 | 梳子 | 剪刀 | 筷子 | 棍,炉子 | 盘子 | 架子 | 皮带 | 盖子 | 扇 | 木板 | 梯子,剪刀 | 口子 | 铲子 | 根 | 棍子 | 靶子 | 螺丝 | 扇 | 子弹 | 车轮 | 剪子 | 块,棍子 | 钳子 | 绳子 | 剪子 | 叉子 | 铲子 | 竹竿 | 刷子 | 梳子 | 剪刀 | 筷子 | 棍 | 钉子 | 木头 | 钩子 | 梯子 | 木板 | 斧子 | 螺丝 | 扇子 | 刀 | 尺子 | 筐 | 盖子 | 卡子 | 船桨 | 禅杖 | 皮带 | 钉 | 架子 | 锯 | 橡皮 | 拐杖 | 轮子 | 枪 | 炉子 | 渣子 | 根 | 管子 | 沙子 | 捆 | 盘子 | 筒 | 杆 | 子弹 | 针 | 锤子 | 伞 | 扇 | 垫 | 秤 | 砖 | 靶子 | 稻草 | 棋子 | 饭碗 | 杠铃 | 窟窿 | 车轮 | 串 | 皮球 | 块 | 口子 | 架 | 堆,64.94359519818452,0.9990691734233756,0.0010044765600565632,尺子:1.000000 | 窟窿:1.000000 | 架子:1.000000 | 棋子:1.000000 | 渣子:1.000000 | 拐杖:1.000000 | 稻草:1.000000 | 靶子:1.000000 | 饭碗:1.000000 | 捆:1.000000 | 禅杖:1.000000 | 剪子:1.000000,
41,36,0.34096814445455276,0.020643668160500356,0.25,粗糙 | 陈旧 | 枯燥 | 单调 | 沉闷 | 简陋 | 破旧 | 单薄 | 杂乱无章 | 笨重 | 不堪 | 冗长,尖锐 | 阴暗 | 灰色 | 腐朽 | 糟糕 | 刺耳 | 复杂 | 封闭,枯燥 | 灰色 | 无足轻重 | 单薄 | 腐朽 | 沉重 | 堆砌 | 粗糙 | 不起眼 | 模糊 | 封闭 | 僵化,粗糙 | 陈旧 | 枯燥 | 单调 | 沉闷 | 简陋 | 破旧 | 单薄 | 杂乱无章 | 笨重 | 不堪 | 冗长 | 僵化 | 阴暗 | 沉重 | 复杂 | 腐朽 | 混乱 | 残缺 | 糟糕 | 过时 | 潦草 | 刺耳 | 模糊 | 乱七八糟 | 一成不变 | 堆砌 | 不起眼 | 雷同 | 尖锐 | 无关紧要 | 无足轻重 | 摇摇欲坠 | 灰色 | 高昂 | 封闭,36.00000870936605,0.9999998130408775,4.847110327123527e-7,冗长:1.000000 | 单薄:1.000000 | 单调:1.000000 | 堆砌:1.000000 | 封闭:1.000000 | 枯燥:1.000000 | 残缺:1.000000 | 潦草:1.000000 | 破旧:1.000000 | 笨重:1.000000 | 简陋:1.000000 | 过时:1.000000,
42,52,0.4239047913474313,0.07985950960651883,0.019230769230769232,嘲笑 | 讥笑 | 责怪 | 责备 | 埋怨 | 取笑 | 轻蔑 | 嫌弃 | 瞧不起 | 耻笑 | 挖苦 | 鄙视,发怒 | 讨厌 | 不满 | 打扰 | 厌烦 | 好意 | 盛气凌人 | 不服,盛气凌人 | 嘲弄 | 讽刺 | 耻笑 | 嫌弃 | 鄙视 | 好意 | 打扰 | 抱怨 | 嫉妒 | 不屑 | 埋怨,嘲笑 | 讥笑 | 责怪 | 责备 | 埋怨 | 取笑 | 轻蔑 | 嫌弃 | 瞧不起 | 耻笑 | 挖苦 | 鄙视 | 妒忌 | 嫉妒 | 厌烦 | 嘲弄 | 骂 | 反感 | 不屑 | 看不起 | 刁难 | 理睬 | 不理 | 讽刺 | 讨厌 | 欺负 | 恭维 | 抱怨 | 冒犯 | 批评 | 讨好 | 冷淡 | 爱理不理 | 怠慢 | 挑剔 | 好意 | 原谅 | 理会 | 得罪 | 调侃 | 冷落 | 误会 | 盛气凌人 | 排斥 | 不满 | 迁就 | 误解 | 发怒 | 打扰 | 敬而远之 | 抵触 | 不服,51.99877222138371,0.9999693199684075,0.000047212078762037394,冷落:1.000000 | 埋怨:1.000000 | 抱怨:1.000000 | 挑剔:1.000000 | 理睬:1.000000 | 瞧不起:1.000000 | 讥笑:1.000000 | 看不起:1.000000 | 迁就:1.000000 | 讨厌:1.000000 | 鄙视:1.000000 | 抵触:1.000000,
43,61,0.263956253875474,-0.0012356469579072184,0.5245901639344263,新型 | 新式 | 研制 | 轻型 | 小型 | 巨型 | 微型 | 多功能 | 制成 | 重型 | 特制 | 改良,旧 | 手工 | 移植 | 设计 | 立体 | 套 | 铸造 | 新款,研制 | 改装 | 原型 | 成型 | 万能 | 系列 | 克隆 | 巨型 | 发明 | 特制 | 制造 | 尖端,新型 | 新式 | 研制 | 轻型 | 小型 | 巨型 | 微型 | 多功能 | 制成 | 重型 | 特制 | 改良 | 大型 | 改装 | 研发 | 中型 | 型 | 高科技 | 全新 | 制造 | 工艺 | 人造 | 仿制 | 制作 | 设计 | 原型 | 新款 | 仿 | 现代化 | 国产 | 简易 | 模型 | 成型 | 手工 | 袖珍 | 现代 | 立体 | 常规 | 原装 | 先进 | 通用 | 传统 | 合成 | 革新 | 专用 | 尖端 | 发明 | 造价 | 三维 | 式 | 系列 | 两栖 | 隐形 | 铸造 | 万能 | 移植 | 复合 | 克隆 | 旧 | 套 | 代号,60.96131728319269,0.9991383905315526,0.0007721141426941222,新式:1.000000 | 特制:1.000000 | 简易:1.000000 | 巨型:1.000000 | 制成:1.000000 | 发明:1.000000 | 设计:1.000000 | 尖端:1.000000 | 袖珍:1.000000 | 原型:1.000000 | 立体:1.000000 | 传统:1.000000,
44,73,0.39317199978098316,0.05685696899402891,0.1095890410958904,谦逊 | 善良 | 豁达 | 谦虚 | 和蔼 | 诚实 | 诚恳 | 耿直 | 正直 | 仁慈 | 温柔 | 礼貌,天真 | 体贴 | 心灵手巧 | 沉稳 | 纯洁 | 自负 | 顺从 | 内向,坦率 | 开朗 | 大公无私 | 宽容 | 耿直 | 和气 | 为人 | 倔强 | 侠义 | 温柔 | 友善 | 勇敢,谦逊 | 善良 | 豁达 | 谦虚 | 和蔼 | 诚实 | 诚恳 | 耿直 | 正直 | 仁慈 | 温柔 | 礼貌 | 开朗 | 宽容 | 刚毅 | 沉稳 | 稳重 | 倔强 | 友善 | 敦厚 | 勇敢 | 厚道 | 世故 | 宽厚 | 彬彬有礼 | 坦诚 | 慈祥 | 坚韧 | 勤奋 | 坦率 | 孝顺 | 为人 | 天真 | 体贴 | 自信 | 光明磊落 | 冷静 | 风度 | 好学 | 性情 | 勤劳 | 平和 | 骨气 | 精明 | 理智 | 机智 | 大公无私 | 坦然 | 自尊 | 知足 | 节俭 | 和气 | 镇定 | 从容 | 高尚 | 心胸 | 善意 | 好客 | 教养 | 足智多谋 | 本分 | 敬业 | 纯洁 | 顺从 | 侠义 | 公道 | 心灵手巧 | 自负 | 中庸 | 善 | 平常心 | 廉正 | 内向,72.97751437918077,0.9996587282084619,0.0004147552225147316,礼貌:1.000000 | 和蔼:1.000000 | 节俭:1.000000 | 知足:1.000000 | 谦逊:1.000000 | 好客:1.000000 | 和气:1.000000 | 温柔:1.000000 | 彬彬有礼:1.000000 | 坦率:1.000000 | 坦诚:1.000000 | 善良:1.000000,
45,26,0.35850608937640277,0.05123197119979464,0.19230769230769232,钱财 | 送礼 | 请客 | 公款 | 钱 | 私房钱 | 私事 | 应酬 | 人情 | 零花钱 | 金钱 | 走后门,熟人 | 亲友 | 亲朋好友 | 面子 | 索取 | 财物 | 衣食住行 | 请客,钱 | 嫁妆 | 私事 | 面子 | 亲朋好友 | 请客 | 人情 | 零花钱 | 金钱 | 回扣 | 亲友 | 小费,钱财 | 送礼 | 请客 | 公款 | 钱 | 私房钱 | 私事 | 应酬 | 人情 | 零花钱 | 金钱 | 走后门 | 回扣 | 亲友 | 亲朋好友 | 大款 | 财物 | 面子 | 公事 | 嫁妆 | 小费 | 熟人 | 名利 | 索取 | 大笔 | 衣食住行,26.000001550435723,0.9999999999759623,1.0331825815958821e-10,人情:1.000000 | 公事:1.000000 | 公款:1.000000 | 名利:1.000000 | 嫁妆:1.000000 | 小费:1.000000 | 应酬:1.000000 | 私事:1.000000 | 私房钱:1.000000 | 索取:1.000000 | 衣食住行:1.000000 | 请客:1.000000,
46,42,0.3085026384691824,0.025188393377582923,0.3333333333333333,完了 | 回去 | 回来 | 完 | 下来 | 进去 | 下去 | 过来 | 出来 | 上去 | 上来 | 起来,一锅粥 | 面目全非 | 下场 | 落下 | 往后 | 完蛋 | 走过场 | 跟上,一半 | 从头 | 完了 | 过半 | 面目全非 | 完 | 之后 | 过去 | 下去 | 最后 | 尾声 | 过后,完了 | 回去 | 回来 | 完 | 下来 | 进去 | 下去 | 过来 | 出来 | 上去 | 上来 | 起来 | 好久 | 完毕 | 出去 | 过后 | 结束 | 以后 | 多久 | 半天 | 完蛋 | 一干二净 | 之后 | 遍 | 了 | 过去 | 往后 | 到 | 最后 | 从头 | 一锅粥 | 结果 | 为止 | 过半 | 面目全非 | 尾声 | 到位 | 下场 | 落下 | 一半 | 走过场 | 跟上,41.98742158312232,0.9993242199410294,0.0005970014184257167,到位:1.000000 | 完:1.000000 | 完了:1.000000 | 完毕:1.000000 | 完蛋:1.000000 | 结束:1.000000 | 落下:1.000000 | 走过场:1.000000 | 跟上:1.000000 | 下来:1.000000 | 一干二净:1.000000 | 一锅粥:1.000000,
47,51,0.29368224759945494,0.03823692905395572,0.21568627450980393,相连 | 相通 | 相辅相成 | 衔接 | 重叠 | 相互 | 脱节 | 重合 | 紧密 | 隔开 | 贯通 | 连接,三角 | 双赢 | 纵横交错 | 格格不入 | 跨越 | 对称 | 碰撞 | 一道,脱节 | 相辅相成 | 互补 | 靠拢 | 重叠 | 呼应 | 有所不同 | 跨越 | 对称 | 三角 | 隔离 | 双向,相连 | 相通 | 相辅相成 | 衔接 | 重叠 | 相互 | 脱节 | 重合 | 紧密 | 隔开 | 贯通 | 连接 | 分开 | 之间 | 互补 | 并行 | 交叉 | 呼应 | 互相 | 对立 | 错位 | 吻合 | 接轨 | 分离 | 混淆 | 界限 | 挂钩 | 纵横交错 | 密不可分 | 息息相关 | 界线 | 纽带 | 汇合 | 分割 | 交替 | 相等 | 对称 | 兼容 | 格格不入 | 横向 | 隔离 | 靠拢 | 边界 | 双向 | 碰撞 | 跨越 | 双赢 | 有所不同 | 间 | 一道 | 三角,51.00263466399398,0.999977342064116,0.000037902876114566234,呼应:1.000000 | 相连:1.000000 | 相通:1.000000 | 错位:1.000000 | 隔开:1.000000 | 汇合:1.000000 | 界线:1.000000 | 相辅相成:1.000000 | 纽带:1.000000 | 重叠:1.000000 | 吻合:1.000000 | 挂钩:1.000000,
48,27,0.36772132690767456,0.055042935369858034,0.2222222222222222,领略 | 感受 | 亲身 | 品尝 | 体会 | 目睹 | 亲眼 | 欣赏 | 体验 | 见识 | 观赏 | 回味,瞻仰 | 度过 | 尝 | 回想 | 足迹 | 观看 | 回味 | 品尝,触摸 | 瞻仰 | 回味 | 亲眼 | 度过 | 观赏 | 见证 | 尝 | 经历 | 分享 | 品尝 | 欣赏,领略 | 感受 | 亲身 | 品尝 | 体会 | 目睹 | 亲眼 | 欣赏 | 体验 | 见识 | 观赏 | 回味 | 见证 | 耳闻目睹 | 有幸 | 切身 | 观看 | 享受 | 瞻仰 | 畅谈 | 经历 | 分享 | 尝 | 回想 | 触摸 | 足迹 | 度过,27.000000424973166,0.9999999999899093,4.5961582947458584e-11,享受:1.000000 | 亲眼:1.000000 | 亲身:1.000000 | 体验:1.000000 | 切身:1.000000 | 品尝:1.000000 | 回味:1.000000 | 尝:1.000000 | 感受:1.000000 | 有幸:1.000000 | 欣赏:1.000000 | 目睹:1.000000,
49,43,0.2950421018636242,0.013662582528526854,0.4186046511627907,预订 | 打折 | 特价 | 优惠 | 折扣 | 门票 | 预约 | 促销 | 抽奖 | 退票 | 订购 | 预售,自助 | 套餐 | 红包 | 赏 | 人次 | 福利 | 拍卖 | 票,抽奖 | 会员 | 中奖 | 排队 | 人次 | 点击率 | 福利 | 购 | 享 | 封顶 | 预约 | 退票,预订 | 打折 | 特价 | 优惠 | 折扣 | 门票 | 预约 | 促销 | 抽奖 | 退票 | 订购 | 预售 | 售票 | 预定 | 票价 | 免费 | 套餐 | 订 | 兑换 | 购买 | 中奖 | 自助 | 降价 | 付费 | 红包 | 券 | 爆满 | 排队 | 会员 | 旅行社 | 购 | 开业 | 票 | 福利 | 封顶 | 享 | 打包 | 开张 | 点击率 | 出售 | 赏 | 拍卖 | 人次,43.00570094417649,0.9999912995881709,0.00001560166268730379,中奖:1.000000 | 开张:1.000000 | 打折:1.000000 | 爆满:1.000000 | 预订:1.000000 | 封顶:1.000000 | 订购:1.000000 | 促销:1.000000 | 预定:1.000000 | 特价:1.000000 | 免费:1.000000 | 套餐:1.000000,
50,26,0.3762537990109328,0.10054271196532204,0.11538461538461539,捐赠 | 捐助 | 捐献 | 捐款 | 捐 | 募捐 | 赠送 | 赠 | 爱心 | 礼物 | 送给 | 送,锦旗 | 送给 | 自费 | 礼品 | 签名 | 慰劳 | 寄 | 征集,慰劳 | 慈善 | 捐赠 | 送 | 捐献 | 锦旗 | 无偿 | 赠 | 赞助 | 自费 | 签名 | 捐款,捐赠 | 捐助 | 捐献 | 捐款 | 捐 | 募捐 | 赠送 | 赠 | 爱心 | 礼物 | 送给 | 送 | 礼品 | 慰劳 | 慈善 | 献 | 奖品 | 赞助 | 公益 | 无偿 | 回馈 | 锦旗 | 寄 | 签名 | 自费 | 征集,26.001122059218773,0.9999999999987751,6.132663514072877e-12,募捐:1.000000 | 回馈:1.000000 | 慈善:1.000000 | 慰劳:1.000000 | 捐:1.000000 | 捐款:1.000000 | 捐献:1.000000 | 捐赠:1.000000 | 无偿:1.000000 | 献:1.000000 | 礼品:1.000000 | 礼物:1.000000,
51,48,0.3636638005714437,0.0649536671687851,0.1875,录音机 | 音响 | 电脑 | 按键 | 收音机 | 电视机 | 耳机 | 屏幕 | 显示器 | 话筒 | 电铃 | 开关,轮椅 | 钥匙 | 开机 | 灯 | 电灯 | 门铃 | 望远镜 | 空调,屏幕 | 磁带 | 显示器 | 耳机 | 硬盘 | 摄像 | 电视 | 音响 | 轮椅 | 灯 | 电灯 | 手机,录音机 | 音响 | 电脑 | 按键 | 收音机 | 电视机 | 耳机 | 屏幕 | 显示器 | 话筒 | 电铃 | 开关 | 摄像机 | 鼠标 | 键盘 | 音量 | 充电器 | 手机 | 闹钟 | 灯泡 | 相机 | 遥控 | 门铃 | 喇叭 | 硬盘 | 电视 | 打印机 | 液晶 | 磁带 | 铃声 | 灯 | 电灯 | 磁盘 | 摄像 | 游戏机 | 语音 | 灯光 | 彩电 | 方向盘 | 空调 | 浏览器 | 钥匙 | 键 | 开机 | 望远镜 | 计时 | 轮椅 | 口令,48.00438081668407,0.999976575518609,0.000039708250608932566,电铃:1.000000 | 话筒:1.000000 | 铃声:1.000000 | 门铃:1.000000 | 闹钟:1.000000 | 音量:1.000000 | 灯光:1.000000 | 口令:1.000000 | 喇叭:1.000000 | 录音机:1.000000 | 收音机:1.000000 | 电灯:1.000000,
52,49,0.40062176887649537,0.0677545573736595,0.12244897959183673,皮肤 | 肌肉 | 肝脏 | 血管 | 颈部 | 身体 | 胸部 | 胃 | 腹部 | 关节 | 心脏 | 疼痛,头部 | 伤口 | 牙齿 | 疼痛 | 胸部 | 颈部 | 视力 | 身体,血 | 心脏 | 视力 | 食欲 | 胚胎 | 颈部 | 气管 | 伤口 | 分泌 | 呼吸 | 器官 | 知觉,皮肤 | 肌肉 | 肝脏 | 血管 | 颈部 | 身体 | 胸部 | 胃 | 腹部 | 关节 | 心脏 | 疼痛 | 全身 | 肢体 | 器官 | 气管 | 分泌 | 人体 | 肺 | 血液 | 唾液 | 肌肤 | 大脑 | 细胞 | 体温 | 胎儿 | 牙齿 | 神经 | 动脉 | 伤口 | 面部 | 呼吸 | 生理 | 腺 | 穴位 | 新陈代谢 | 部位 | 食欲 | 胚胎 | 出汗 | 视力 | 知觉 | 触觉 | 咽喉 | 嗅觉 | 发育 | 头部 | 血 | 体重,49.03396497604052,0.9997365148468703,0.00029405225289898517,咽喉:1.000000 | 肢体:1.000000 | 头部:1.000000 | 大脑:1.000000 | 肌肤:1.000000 | 穴位:1.000000 | 动脉:1.000000 | 神经:1.000000 | 血液:1.000000 | 发育:1.000000 | 新陈代谢:1.000000 | 体重:1.000000,痰:0.031314 | 血压:0.011090
53,39,0.2976206464313744,0.0038051145132423836,0.41025641025641024,职务 | 职位 | 头衔 | 资历 | 薪水 | 公职 | 身份 | 荣誉 | 年薪 | 人选 | 晋升 | 待遇,身高 | 声望 | 去向 | 职务 | 位子 | 公职 | 候选人 | 人选,位子 | 声望 | 身高 | 奖项 | 身份 | 职业 | 席位 | 岗位 | 国籍 | 头衔 | 地位 | 待遇,职务 | 职位 | 头衔 | 资历 | 薪水 | 公职 | 身份 | 荣誉 | 年薪 | 人选 | 晋升 | 待遇 | 资格 | 岗位 | 地位 | 位子 | 声望 | 姓名 | 名额 | 职业 | 国籍 | 称号 | 出身 | 年龄 | 候选人 | 奖项 | 身价 | 角色 | 名誉 | 生涯 | 名单 | 席位 | 身高 | 接班人 | 胜任 | 成绩 | 光环 | 效力 | 去向,39.01005231974398,0.9999820250960818,0.0000284869189820853,头衔:1.000000 | 身份:1.000000 | 胜任:1.000000 | 成绩:1.000000 | 身价:1.000000 | 人选:1.000000 | 公职:1.000000 | 生涯:1.000000 | 名额:1.000000 | 角色:1.000000 | 资格:1.000000 | 姓名:1.000000,
54,99,0.3515947789005612,0.06083363925232623,0.18181818181818182,入学 | 高中 | 研究生 | 报考 | 学校 | 初中 | 大学 | 本科 | 补习 | 毕业生 | 招生 | 升学,辅导 | 选修 | 口试 | 考试 | 学艺 | 训 | 考场 | 应聘,从业 | 求职 | 考生 | 硕士 | 选拔 | 函授 | 参军 | 就读 | 班 | 学生 | 毕业生 | 应聘,入学 | 高中 | 研究生 | 报考 | 学校 | 初中 | 大学 | 本科 | 补习 | 毕业生 | 招生 | 升学 | 就读 | 毕业 | 考试 | 录取 | 学生 | 中学 | 学业 | 转学 | 选修 | 小学 | 文凭 | 硕士 | 理科 | 学期 | 年级 | 师范 | 学年 | 奖学金 | 教师 | 招收 | 退学 | 补考 | 考 | 进修 | 函授 | 学位 | 高考 | 学时 | 求学 | 师资 | 口试 | 班级 | 学分 | 面试 | 文科 | 补课 | 工科 | 留学 | 笔试 | 民办 | 考生 | 攻读 | 学历 | 培训 | 中小学 | 学院 | 学员 | 应聘 | 在职 | 夜校 | 私立 | 班 | 公费 | 勤工俭学 | 办学 | 实习 | 幼儿园 | 家教 | 分数 | 求职 | 培训班 | 夏令营 | 考场 | 学堂 | 兼职 | 公立 | 公务员 | 志愿 | 招聘 | 出国 | 报名 | 教育部 | 辅导 | 成才 | 就业 | 初等 | 社团 | 教育 | 选拔 | 及格 | 新生 | 学艺 | 文盲 | 从业 | 参军 | 训 | 中级,98.92651438887216,0.9992343330276482,0.0008060132830211604,升学:1.000000 | 就读:1.000000 | 转学:1.000000 | 高中:1.000000 | 新生:1.000000 | 进修:1.000000 | 初中:1.000000 | 小学:1.000000 | 年级:1.000000 | 入学:1.000000 | 报考:1.000000 | 招收:1.000000,
55,31,0.41690997373323,0.11029181150417203,0.03225806451612903,眼神 | 神情 | 笑容 | 神态 | 表情 | 语气 | 神气 | 脸色 | 模样 | 笑脸 | 举止 | 口气,心肠 | 容颜 | 光芒 | 模样 | 眼色 | 视线 | 微笑 | 口气,眼光 | 笑声 | 容颜 | 话语 | 举止 | 样子 | 声音 | 视线 | 身影 | 目光 | 神情 | 神态,眼神 | 神情 | 笑容 | 神态 | 表情 | 语气 | 神气 | 脸色 | 模样 | 笑脸 | 举止 | 口气 | 微笑 | 目光 | 声音 | 话语 | 言语 | 眼色 | 笑声 | 样子 | 容颜 | 姿态 | 眼光 | 眼里 | 一举一动 | 光芒 | 手势 | 心肠 | 身影 | 视线 | 一言一行,31.00000046732076,0.9999999999469266,2.1532787491240143e-10,一举一动:1.000000 | 声音:1.000000 | 姿态:1.000000 | 容颜:1.000000 | 微笑:1.000000 | 模样:1.000000 | 目光:1.000000 | 神态:1.000000 | 神情:1.000000 | 神气:1.000000 | 笑声:1.000000 | 笑容:1.000000,
56,83,0.2906306575241061,0.021921453131366304,0.3132530120481928,拓展 | 构建 | 推进 | 推动 | 深化 | 开拓 | 打造 | 整合 | 培育 | 发展 | 探索 | 促进,促进 | 致力于 | 发掘 | 形成 | 共同 | 建立 | 结合 | 源头,开拓 | 实现 | 致力于 | 孵化 | 注入 | 普及 | 传播 | 开辟 | 建设 | 发掘 | 拓展 | 发展,拓展 | 构建 | 推进 | 推动 | 深化 | 开拓 | 打造 | 整合 | 培育 | 发展 | 探索 | 促进 | 优化 | 强化 | 完善 | 拓宽 | 搭建 | 加快 | 加强 | 创新 | 融合 | 建设 | 扩展 | 布局 | 协同 | 引领 | 打通 | 推广 | 延伸 | 建立 | 开发 | 挖掘 | 开辟 | 转型 | 立足 | 应用 | 致力于 | 巩固 | 依托 | 开创 | 全方位 | 战略 | 驱动 | 升级 | 孵化 | 服务 | 领域 | 覆盖 | 奠定 | 形成 | 渗透 | 生态 | 转化 | 结合 | 涵盖 | 普及 | 实现 | 激活 | 定位 | 深度 | 提速 | 规划 | 落地 | 围绕 | 示范 | 配套 | 面向 | 长效 | 核心 | 主导 | 运作 | 重点 | 智慧 | 开放 | 发掘 | 注入 | 旨在 | 绿色 | 前沿 | 一体 | 共同 | 传播 | 源头,82.94267580891807,0.9991294701267198,0.000973195054043049,培育:1.000000 | 打通:1.000000 | 渗透:1.000000 | 覆盖:1.000000 | 打造:1.000000 | 挖掘:1.000000 | 普及:1.000000 | 拓展:1.000000 | 搭建:1.000000 | 开放:1.000000 | 布局:1.000000 | 开创:1.000000,
57,81,0.364101034707859,0.0312285980081137,0.2716049382716049,呀 | 啊 | 嘛 | 哎 | 唉 | 哎呀 | 你 | 哈哈 | 吧 | 咱 | 你们 | 干吗,他 | 上头 | 记得 | 脑子 | 俩 | 岂有此理 | 俗话 | 我,呢 | 话 | 呀 | 谁 | 没事儿 | 家伙 | 啦 | 他们 | 怎么办 | 哪儿 | 说老实话 | 跟,呀 | 啊 | 嘛 | 哎 | 唉 | 哎呀 | 你 | 哈哈 | 吧 | 咱 | 你们 | 干吗 | 哼 | 哇 | 没事儿 | 呢 | 我 | 嘿 | 啦 | 人家 | 咱们 | 干什么 | 吗 | 不要紧 | 什么 | 没关系 | 瞧 | 晓得 | 玩意儿 | 没错 | 谁 | 没说的 | 哪儿 | 知道 | 说 | 敢情 | 哪 | 家伙 | 一点儿 | 活该 | 他 | 俩 | 用得着 | 怎么办 | 好多 | 真 | 算了 | 叫 | 感觉 | 哪里 | 没法儿 | 话 | 说老实话 | 好家伙 | 跟 | 多少 | 算 | 也好 | 脑子 | 罢了 | 的话 | 别的 | 慢慢来 | 些 | 岂有此理 | 东西 | 他们 | 猜 | 记得 | 上头 | 时候 | 得了 | 看 | 有 | 俗话说 | 而已 | 俗话 | 几 | 过 | 连 | 万万,81.24176154157885,0.9975257172476728,0.002173406710292062,玩意儿:1.000000 | 东西:1.000000 | 呀:1.000000 | 些:1.000000 | 咱:1.000000 | 猜:1.000000 | 叫:1.000000 | 看:1.000000 | 嘛:1.000000 | 跟:1.000000 | 感觉:1.000000 | 嘿:1.000000,没什么:0.147935 | 一:0.126710 | 的:0.059863 | 我们:0.019047 | 根本:0.018273 | 个:0.014458 | 怎么样:0.012616
58,60,0.26987644937326916,-0.003093554556912177,0.48333333333333334,必须 | 随意 | 须 | 应当 | 酌情 | 自行 | 尽量 | 一律 | 擅自 | 严禁 | 及时 | 随时,一一 | 直接 | 及时 | 按时 | 尽可能 | 预备 | 强制 | 私自,一经 | 未 | 随意 | 需 | 严禁 | 临时 | 可以 | 尽可能 | 就近 | 优先 | 预备 | 必须,必须 | 随意 | 须 | 应当 | 酌情 | 自行 | 尽量 | 一律 | 擅自 | 严禁 | 及时 | 随时 | 不准 | 可以 | 应 | 私自 | 预先 | 允许 | 事先 | 无须 | 需 | 适当 | 需要 | 不宜 | 便于 | 以便 | 即可 | 定时 | 尽可能 | 必要 | 随时随地 | 单独 | 无法 | 禁止 | 任意 | 就近 | 可 | 就地 | 必需 | 按时 | 加以 | 专人 | 未经 | 定期 | 强制 | 优先 | 未 | 随心所欲 | 自动 | 直接 | 凡是 | 一次性 | 凡 | 专门 | 一经 | 相应 | 供 | 临时 | 预备 | 一一,60.03466556014958,0.9999352679852535,0.00009259861291037936,任意:1.000000 | 私自:1.000000 | 就地:1.000000 | 预先:1.000000 | 便于:1.000000 | 预备:1.000000 | 严禁:1.000000 | 酌情:1.000000 | 凡:1.000000 | 须:1.000000 | 定时:1.000000 | 专门:1.000000,予以:0.031348
59,30,0.42568218997941154,0.08298378904550943,0.0,住院 | 治疗 | 出院 | 病人 | 手术 | 患者 | 患病 | 确诊 | 病情 | 就诊 | 治愈 | 复发,复发 | 愈合 | 高龄 | 怀孕 | 打针 | 治疗 | 患病 | 切除,切除 | 伤残 | 伤势 | 出院 | 患病 | 病人 | 骨折 | 看病 | 高龄 | 包扎 | 残疾 | 愈合,住院 | 治疗 | 出院 | 病人 | 手术 | 患者 | 患病 | 确诊 | 病情 | 就诊 | 治愈 | 复发 | 骨折 | 治病 | 打针 | 求医 | 生病 | 康复 | 看病 | 就医 | 伤势 | 切除 | 休养 | 愈合 | 包扎 | 缝合 | 怀孕 | 残疾 | 伤残 | 高龄,30.0030150909912,0.9999999955021561,1.5480673924419995e-8,伤势:1.000000 | 伤残:1.000000 | 出院:1.000000 | 切除:1.000000 | 打针:1.000000 | 求医:1.000000 | 治愈:1.000000 | 治病:1.000000 | 生病:1.000000 | 病情:1.000000 | 缝合:1.000000 | 就医:1.000000,
60,55,0.3152554345573472,0.013186320121628844,0.38181818181818183,商场 | 公寓 | 旅馆 | 旅店 | 超市 | 书店 | 药店 | 商店 | 写字楼 | 连锁店 | 酒店 | 便利店,食堂 | 柜台 | 取款机 | 取暖 | 床位 | 酒店 | 农村 | 供暖,商场 | 家政 | 食堂 | 出租 | 床位 | 取款机 | 专柜 | 住宅 | 供暖 | 车位 | 营业 | 养老院,商场 | 公寓 | 旅馆 | 旅店 | 超市 | 书店 | 药店 | 商店 | 写字楼 | 连锁店 | 酒店 | 便利店 | 客房 | 住宅 | 菜市场 | 店 | 专卖店 | 物业 | 养老院 | 报亭 | 加油站 | 出租 | 停车位 | 车位 | 网点 | 网吧 | 房屋 | 食堂 | 百货 | 连锁 | 住户 | 住房 | 五星级 | 社区 | 专柜 | 租赁 | 仓库 | 新房 | 家政 | 床位 | 装修 | 租 | 柜台 | 办公 | 居住 | 取款机 | 养老 | 商城 | 营业 | 供暖 | 户 | 农村 | 公共 | 家 | 取暖,54.992906407264414,0.9996658626827707,0.00036925718814090157,新房:1.000000 | 装修:1.000000 | 办公:1.000000 | 居住:1.000000 | 专柜:1.000000 | 专卖店:1.000000 | 出租:1.000000 | 租:1.000000 | 商店:1.000000 | 连锁店:1.000000 | 床位:1.000000 | 房屋:1.000000,
61,81,0.3260315678817689,0.053848798056851596,0.13580246913580246,利息 | 缴纳 | 学费 | 费用 | 退休金 | 补助 | 房租 | 交纳 | 税收 | 生活费 | 工资 | 支出,自理 | 买卖 | 储蓄 | 学费 | 报销 | 负担 | 奖励 | 承包,高额 | 生活费 | 关税 | 抚养费 | 债务 | 罚款 | 抵押 | 工资 | 收入 | 现金 | 收取 | 养老金,利息 | 缴纳 | 学费 | 费用 | 退休金 | 补助 | 房租 | 交纳 | 税收 | 生活费 | 工资 | 支出 | 减免 | 补贴 | 管理费 | 抚养费 | 手续费 | 租金 | 数额 | 款项 | 开支 | 返还 | 报酬 | 奖金 | 缴费 | 收入 | 支付 | 赔偿 | 报销 | 还款 | 拨款 | 经费 | 纳税 | 津贴 | 征收 | 拖欠 | 收支 | 贷款 | 定金 | 收取 | 补偿 | 偿还 | 负担 | 财政 | 缴 | 高额 | 差额 | 费 | 抚恤 | 收费 | 债务 | 罚款 | 巨额 | 预算 | 收益 | 养老金 | 现金 | 金额 | 公积金 | 分红 | 奖励 | 关税 | 税 | 赤字 | 担保 | 增收 | 抵押 | 储蓄 | 纳税人 | 索赔 | 失业 | 亏损 | 兑现 | 多劳多得 | 拆迁 | 分配 | 多元 | 到期 | 承包 | 自理 | 买卖,81.03276253613993,0.9995116849718947,0.000619907901078224,负担:1.000000 | 抚恤:1.000000 | 抚养费:1.000000 | 报酬:1.000000 | 奖励:1.000000 | 巨额:1.000000 | 费:1.000000 | 兑现:1.000000 | 补偿:1.000000 | 补助:1.000000 | 生活费:1.000000 | 交纳:1.000000,存款:0.042897
62,81,0.2677717039691375,-0.02623449967838672,0.691358024691358,粗 | 薄 | 瘦 | 冷 | 厚 | 细 | 黑 | 窄 | 矮 | 淡 | 宽 | 稀,风 | 切 | 个子 | 臭 | 野 | 麻 | 筋 | 烂,闲 | 变 | 粗 | 密 | 红 | 壮 | 暗 | 麻 | 耐 | 阔 | 精 | 紧,粗 | 薄 | 瘦 | 冷 | 厚 | 细 | 黑 | 窄 | 矮 | 淡 | 宽 | 稀 | 暗 | 软 | 浅 | 秃 | 长 | 壮 | 红 | 硬 | 脏 | 浓 | 暖 | 短 | 烂 | 松 | 筋 | 阔 | 尖 | 透 | 亮 | 肥 | 扁 | 圆 | 绿 | 紧 | 麻 | 虚 | 色 | 久 | 轻 | 密 | 小 | 重 | 静 | 残 | 闲 | 慢 | 精 | 臭 | 大 | 巧 | 深 | 凸 | 杂 | 野 | 直 | 润 | 迟 | 老 | 散 | 高 | 酷 | 热 | 变 | 显 | 足 | 旺 | 缓 | 光 | 清 | 阴 | 耐 | 空 | 越 | 切 | 裸 | 个子 | 美 | 风 | 极,80.9778830834548,0.9993448743371478,0.0007872837516069484,暖:1.000000 | 硬:1.000000 | 细:1.000000 | 薄:1.000000 | 巧:1.000000 | 脏:1.000000 | 厚:1.000000 | 粗:1.000000 | 窄:1.000000 | 酷:1.000000 | 显:1.000000 | 慢:1.000000,乐:0.016806
63,69,0.25599511781592127,-0.020958302309736852,0.7246376811594203,顺应 | 满足 | 注重 | 依靠 | 借助 | 迎合 | 获得 | 重视 | 掌握 | 看重 | 抓住 | 赢得,成为 | 培养 | 效仿 | 考虑 | 了解 | 重视 | 引导 | 接纳,在于 | 取得 | 瞄准 | 看中 | 以 | 抓住 | 做到 | 占有 | 考虑 | 通过 | 借助 | 获取,顺应 | 满足 | 注重 | 依靠 | 借助 | 迎合 | 获得 | 重视 | 掌握 | 看重 | 抓住 | 赢得 | 获取 | 把握 | 适应 | 具备 | 发挥 | 兼顾 | 得益于 | 瞄准 | 寻求 | 利用 | 运用 | 吸引 | 帮助 | 顾及 | 吸纳 | 提供 | 通过 | 拥有 | 针对 | 鼓励 | 考虑 | 关注 | 受益 | 确保 | 支持 | 借鉴 | 专注 | 取决于 | 取得 | 看中 | 看好 | 侧重 | 给予 | 得到 | 引导 | 保证 | 吸取 | 选择 | 占据 | 了解 | 做到 | 配合 | 对 | 接受 | 培养 | 接纳 | 占有 | 成为 | 出于 | 贴近 | 响应 | 锁定 | 以 | 在于 | 效仿 | 持有 | 激励,68.98943293660912,0.9997237777065481,0.00033047774202426384,吸引:1.000000 | 看中:1.000000 | 选择:1.000000 | 效仿:1.000000 | 支持:1.000000 | 看好:1.000000 | 接纳:1.000000 | 迎合:1.000000 | 掌握:1.000000 | 满足:1.000000 | 获得:1.000000 | 抓住:1.000000,
64,47,0.36081403835398007,0.027907910418457808,0.2765957446808511,天空 | 晴朗 | 晴天 | 黑夜 | 阴天 | 下雨 | 下雪 | 彩霞 | 刮风 | 乌云 | 雨 | 黄昏,盛开 | 夜晚 | 夏天 | 秋天 | 冬天 | 下雨 | 下雪 | 刮风,下雨 | 刮风 | 暴风雨 | 夏天 | 雨 | 秋天 | 瑞雪 | 大地 | 乌云 | 晴天 | 打雷 | 黑夜,天空 | 晴朗 | 晴天 | 黑夜 | 阴天 | 下雨 | 下雪 | 彩霞 | 刮风 | 乌云 | 雨 | 黄昏 | 夜晚 | 星星 | 冬天 | 春天 | 暴风雨 | 太阳 | 月亮 | 大海 | 打雷 | 雪 | 天上 | 海浪 | 瑞雪 | 秋天 | 阳光 | 蓝天 | 风和日丽 | 彩虹 | 波涛 | 晴 | 黎明 | 雾 | 风雨 | 飞翔 | 照耀 | 夏天 | 盛开 | 大地 | 暴风骤雨 | 降临 | 远方 | 闪电 | 波浪 | 旭日 | 天堂,46.99994807256266,0.9999975066215571,5.2079829513593415e-6,下雪:1.000000 | 刮风:1.000000 | 打雷:1.000000 | 晴天:1.000000 | 黑夜:1.000000 | 风和日丽:1.000000 | 降临:1.000000 | 乌云:1.000000 | 阳光:1.000000 | 飞翔:1.000000 | 下雨:1.000000 | 晴朗:1.000000,
65,37,0.3267351907800948,0.03224558883549585,0.32432432432432434,兜售 | 拉拢 | 引诱 | 大肆 | 宣扬 | 吹捧 | 煽动 | 收买 | 鼓动 | 冒充 | 贩卖 | 夸耀,模仿 | 抢夺 | 炫耀 | 夸耀 | 雇佣 | 吹捧 | 乔装 | 宣传,掩饰 | 拉拢 | 宣传 | 伪装 | 标榜 | 引诱 | 兜售 | 大肆 | 招揽 | 炫耀 | 暗中 | 模仿,兜售 | 拉拢 | 引诱 | 大肆 | 宣扬 | 吹捧 | 煽动 | 收买 | 鼓动 | 冒充 | 贩卖 | 夸耀 | 招揽 | 推销 | 企图 | 标榜 | 炫耀 | 伪装 | 出卖 | 暗地里 | 掩饰 | 诱饵 | 散布 | 暗中 | 掩护 | 宣传 | 乔装 | 抢夺 | 宣称 | 充当 | 声称 | 自称 | 雇佣 | 模仿 | 换取 | 名义 | 借用,37.000001377934325,0.999999995649574,1.4379712610092859e-8,乔装:1.000000 | 伪装:1.000000 | 兜售:1.000000 | 大肆:1.000000 | 宣传:1.000000 | 拉拢:1.000000 | 推销:1.000000 | 掩护:1.000000 | 散布:1.000000 | 标榜:1.000000 | 模仿:1.000000 | 炫耀:1.000000,
66,35,0.37295584712977703,0.0407400511962008,0.2857142857142857,工艺品 | 首饰 | 服装 | 珠宝 | 刺绣 | 服饰 | 家具 | 瓷器 | 丝绸 | 时装 | 地毯 | 装饰,礼服 | 旗袍 | 手表 | 花瓶 | 照相 | 婚纱 | 地毯 | 包装,时装 | 文具 | 香水 | 首饰 | 服饰 | 油画 | 刺绣 | 瓷 | 雕塑 | 家具 | 古董 | 玩具,工艺品 | 首饰 | 服装 | 珠宝 | 刺绣 | 服饰 | 家具 | 瓷器 | 丝绸 | 时装 | 地毯 | 装饰 | 婚纱 | 玩具 | 旗袍 | 礼服 | 雕刻 | 古董 | 化妆 | 陶瓷 | 瓷 | 雕塑 | 文具 | 香水 | 宝石 | 用品 | 油画 | 花瓶 | 手表 | 道具 | 钻石 | 模特儿 | 包装 | 卡通 | 照相,35.00115191919853,0.999989718553854,0.00001996219857711506,化妆:1.000000 | 古董:1.000000 | 婚纱:1.000000 | 时装:1.000000 | 服装:1.000000 | 服饰:1.000000 | 珠宝:1.000000 | 装饰:1.000000 | 包装:1.000000 | 丝绸:1.000000 | 道具:1.000000 | 花瓶:1.000000,
67,25,0.34361021279148074,0.05169422688493456,0.16,递给 | 顺手 | 拿 | 拿走 | 拿出 | 手里 | 交给 | 把 | 随手 | 放下 | 放到 | 拿到,收拾 | 背着 | 给 | 随身 | 顺手 | 放下 | 对准 | 人手,随手 | 用 | 手里 | 一手 | 把 | 拿走 | 拿出 | 手头 | 换成 | 放到 | 对准 | 给,递给 | 顺手 | 拿 | 拿走 | 拿出 | 手里 | 交给 | 把 | 随手 | 放下 | 放到 | 拿到 | 背着 | 手头 | 送到 | 随身 | 换成 | 用 | 收拾 | 亲手 | 给 | 剩下 | 一手 | 对准 | 人手,25.00000096275772,0.9999999998361528,6.429958450335222e-10,交给:1.000000 | 亲手:1.000000 | 人手:1.000000 | 手头:1.000000 | 拿出:1.000000 | 拿到:1.000000 | 拿走:1.000000 | 收拾:1.000000 | 放下:1.000000 | 放到:1.000000 | 用:1.000000 | 背着:1.000000,
68,49,0.35216516378553775,0.07611554847086696,0.12244897959183673,存折 | 支票 | 银行卡 | 挂失 | 身份证 | 发票 | 汇款 | 护照 | 收据 | 证件 | 账单 | 车票,行李 | 过期 | 便条 | 挂号 | 押金 | 机票 | 钱包 | 笔,取款 | 凭证 | 账户 | 银行卡 | 机票 | 驾照 | 号码 | 钱包 | 通行证 | 便条 | 笔 | 车牌,存折 | 支票 | 银行卡 | 挂失 | 身份证 | 发票 | 汇款 | 护照 | 收据 | 证件 | 账单 | 车票 | 信用卡 | 取款 | 凭证 | 一卡通 | 挂号 | 付款 | 机票 | 借条 | 钱包 | 话费 | 欠条 | 钞票 | 磁卡 | 签证 | 交费 | 驾照 | 通行证 | 账户 | 零钱 | 外币 | 号码 | 密码 | 押金 | 卡 | 便条 | 车牌 | 邮局 | 彩票 | 月票 | 账 | 行李 | 活期 | 住址 | 过期 | 快递 | 牌照 | 笔,49.01380612721846,0.9999826959827861,0.000031186195482107046,借条:1.000000 | 护照:1.000000 | 欠条:1.000000 | 账单:1.000000 | 驾照:1.000000 | 存折:1.000000 | 过期:1.000000 | 钱包:1.000000 | 汇款:1.000000 | 签证:1.000000 | 支票:1.000000 | 证件:1.000000,
69,74,0.2828531509867987,0.016908742631781624,0.22972972972972974,举措 | 措施 | 机制 | 原则 | 方案 | 理念 | 步骤 | 制度 | 程序 | 流程 | 模式 | 方针,指示 | 前提 | 日期 | 逻辑 | 指令 | 意见 | 行为 | 试点,方针 | 计划 | 规则 | 过程 | 概念 | 清单 | 惯例 | 行动 | 实质 | 功能 | 环节 | 手段,举措 | 措施 | 机制 | 原则 | 方案 | 理念 | 步骤 | 制度 | 程序 | 流程 | 模式 | 方针 | 规则 | 议题 | 议程 | 体系 | 职能 | 政策 | 法规 | 方式 | 事项 | 框架 | 体制 | 条款 | 手段 | 准则 | 条例 | 职责 | 形式 | 构想 | 范畴 | 事宜 | 决策 | 导向 | 行为 | 草案 | 宗旨 | 功能 | 要素 | 选项 | 成果 | 课题 | 实践 | 环节 | 任务 | 纲要 | 日程 | 载体 | 时间表 | 过程 | 意见 | 层面 | 计划 | 概念 | 工具 | 逻辑 | 主体 | 试点 | 行动 | 前提 | 指令 | 清单 | 指南 | 实质 | 进度 | 方方面面 | 基础 | 惯例 | 一揽子 | 对象 | 项 | 指示 | 个案 | 日期,74.03767132108146,0.9985682802217374,0.001150866010337678,日程:1.000000 | 选项:1.000000 | 指令:1.000000 | 指示:1.000000 | 形式:1.000000 | 构想:1.000000 | 流程:1.000000 | 任务:1.000000 | 时间表:1.000000 | 方针:1.000000 | 原则:1.000000 | 议程:1.000000,出发点:0.062124 | 阶段:0.052264 | 改革:0.012319
70,76,0.29499762602766283,0.025708393486285938,0.27631578947368424,审核 | 审批 | 审查 | 申请 | 登记 | 公示 | 提交 | 办理 | 验收 | 批准 | 申报 | 证书,保管 | 仲裁 | 试用期 | 复查 | 通报 | 开工 | 逾期 | 咨询,协议书 | 发放 | 公告 | 合同 | 提交 | 达标 | 通知书 | 交付 | 许可证 | 评估 | 出具 | 开工,审核 | 审批 | 审查 | 申请 | 登记 | 公示 | 提交 | 办理 | 验收 | 批准 | 申报 | 证书 | 手续 | 受理 | 评审 | 申领 | 填写 | 上报 | 递交 | 许可证 | 核实 | 审定 | 认证 | 签字 | 出具 | 颁发 | 许可 | 通知书 | 核对 | 公证 | 评估 | 评定 | 复查 | 确认 | 协议书 | 注册 | 出示 | 执照 | 领取 | 授权 | 查询 | 发放 | 考核 | 委托 | 协议 | 报到 | 申办 | 合同 | 表决 | 仲裁 | 答辩 | 通报 | 披露 | 转让 | 约定 | 上岗 | 移交 | 合格 | 交付 | 把关 | 指定 | 授予 | 竣工 | 公告 | 逾期 | 招标 | 承诺 | 保管 | 保密 | 有效期 | 咨询 | 达标 | 公开 | 试用期 | 开工 | 经,75.98489370186203,0.9997590641778084,0.00030205995052333265,达标:1.000000 | 签字:1.000000 | 提交:1.000000 | 递交:1.000000 | 移交:1.000000 | 合格:1.000000 | 协议书:1.000000 | 核对:1.000000 | 公示:1.000000 | 手续:1.000000 | 评定:1.000000 | 出示:1.000000,
71,54,0.4861107333044466,0.19012074207764762,0.018518518518518517,衬衣 | 衬衫 | 外套 | 裤子 | 大衣 | 上衣 | 毛衣 | 袜子 | 短裤 | 裙子 | 衣服 | 围巾,书包 | 兜儿 | 口袋 | 睡袋 | 圆珠笔 | 钢笔 | 绷带 | 拉锁,背包 | 裤子 | 圆珠笔 | 球鞋 | 外套 | 制服 | 背心 | 戴 | 袜子 | 钢笔 | 衣服 | 西装,衬衣 | 衬衫 | 外套 | 裤子 | 大衣 | 上衣 | 毛衣 | 袜子 | 短裤 | 裙子 | 衣服 | 围巾 | 牛仔裤 | 西装 | 拖鞋 | 鞋 | 皮鞋 | 领带 | 凉鞋 | 羽绒服 | 背心 | 球鞋 | 雨衣 | 内衣 | 手套 | 穿着 | 皮包 | 帽子 | 毛巾 | 高跟鞋 | 靴子 | 书包 | 手帕 | 穿 | 睡袋 | 纽扣 | 拉锁 | 口罩 | 项链 | 背包 | 外衣 | 眼镜 | 兜儿 | 制服 | 绷带 | 铅笔 | 戴 | 戒指 | 口袋 | 球拍 | 钢笔 | 圆珠笔 | 一身 | 手枪,54.0093001733155,0.9999992010382537,1.8910148221066567e-6,制服:1.000000 | 外衣:1.000000 | 大衣:1.000000 | 短裤:1.000000 | 穿着:1.000000 | 上衣:1.000000 | 裙子:1.000000 | 兜儿:1.000000 | 裤子:1.000000 | 背心:1.000000 | 牛仔裤:1.000000 | 帽子:1.000000,
72,57,0.32258920676246977,0.0308741279805308,0.2631578947368421,雄厚 | 丰富 | 坚实 | 良好 | 完备 | 强大 | 充足 | 充沛 | 广阔 | 丰厚 | 优越 | 深厚,富裕 | 深远 | 完好 | 坚固 | 充实 | 便利 | 通畅 | 开阔,有力 | 坚固 | 浓厚 | 完整 | 广阔 | 庞大 | 成熟 | 高效 | 多样 | 便利 | 优秀 | 雄厚,雄厚 | 丰富 | 坚实 | 良好 | 完备 | 强大 | 充足 | 充沛 | 广阔 | 丰厚 | 优越 | 深厚 | 优良 | 稳固 | 宽广 | 强劲 | 可靠 | 出色 | 便捷 | 丰硕 | 可观 | 得天独厚 | 优异 | 坚固 | 顺畅 | 通畅 | 过硬 | 牢固 | 齐全 | 开阔 | 多样 | 灵敏 | 高效 | 庞大 | 畅通 | 成熟 | 旺盛 | 完整 | 优秀 | 广泛 | 发达 | 快捷 | 浓厚 | 足够 | 有力 | 灵活 | 卓越 | 长足 | 便利 | 宝贵 | 深远 | 充实 | 完好 | 重要 | 灵通 | 富裕 | 理想,56.99921466127966,0.9999854190956077,0.000023622282910834156,丰厚:1.000000 | 充沛:1.000000 | 完好:1.000000 | 广阔:1.000000 | 灵通:1.000000 | 畅通:1.000000 | 通畅:1.000000 | 雄厚:1.000000 | 快捷:1.000000 | 便捷:1.000000 | 充实:1.000000 | 优良:1.000000,
73,63,0.34220418302045685,0.030372766212335905,0.2222222222222222,文学 | 汉语 | 诗歌 | 外语 | 散文 | 英语 | 戏剧 | 绘画 | 名著 | 美术 | 日语 | 俄语,京剧 | 教科书 | 通俗 | 戏剧 | 英语 | 交际 | 素描 | 戏曲,汉字 | 专著 | 名著 | 繁体字 | 出版社 | 散文 | 学科 | 诗歌 | 戏曲 | 著作 | 绘画 | 小说,文学 | 汉语 | 诗歌 | 外语 | 散文 | 英语 | 戏剧 | 绘画 | 名著 | 美术 | 日语 | 俄语 | 哲学 | 书法 | 法语 | 翻译 | 英文 | 语言 | 国学 | 词典 | 著作 | 小说 | 戏曲 | 艺术 | 辞典 | 中文 | 汉字 | 国画 | 字典 | 繁体字 | 简体字 | 外文 | 传记 | 专著 | 出版 | 普通话 | 西班牙语 | 阿拉伯语 | 学术 | 文艺 | 鉴赏 | 百科全书 | 中国画 | 方言 | 文献 | 科幻 | 学科 | 译 | 京剧 | 素描 | 教科书 | 刊物 | 通俗 | 启蒙 | 印刷术 | 交际 | 概论 | 科普 | 时事 | 天文 | 出版社 | 地理 | 同人,62.99025347413367,0.9994113789772859,0.0006849685158624988,交际:1.000000 | 俄语:1.000000 | 阿拉伯语:1.000000 | 法语:1.000000 | 科普:1.000000 | 时事:1.000000 | 普通话:1.000000 | 西班牙语:1.000000 | 辞典:1.000000 | 鉴赏:1.000000 | 启蒙:1.000000 | 日语:1.000000,漫画:0.012129
74,62,0.2913259607456841,-0.012083721949927097,0.5806451612903226,不同寻常 | 不可思议 | 难以置信 | 惊人 | 出人意料 | 意想不到 | 意料之外 | 难以想象 | 耐人寻味 | 微妙 | 极其 | 极为,神秘 | 火暴 | 一无所知 | 意料 | 轰动 | 激烈 | 千变万化 | 离奇,极其 | 突如其来 | 不容 | 种种 | 意想不到 | 一无所知 | 难以想象 | 千变万化 | 难以置信 | 史无前例 | 美中不足 | 巧合,不同寻常 | 不可思议 | 难以置信 | 惊人 | 出人意料 | 意想不到 | 意料之外 | 难以想象 | 耐人寻味 | 微妙 | 极其 | 极为 | 罕见 | 引人注目 | 触目惊心 | 反常 | 离奇 | 寻常 | 史无前例 | 意料 | 惊天动地 | 突如其来 | 变幻莫测 | 截然不同 | 异常 | 难得一见 | 巨大 | 巧合 | 错综复杂 | 显而易见 | 前所未有 | 难得 | 格外 | 分外 | 微不足道 | 相似 | 十分 | 翻天覆地 | 意外 | 千变万化 | 偶然 | 似曾相识 | 不为人知 | 司空见惯 | 记忆犹新 | 可想而知 | 致命 | 一模一样 | 尤为 | 不可避免 | 反差 | 神秘 | 一连串 | 不容 | 悬殊 | 激烈 | 种种 | 轰动 | 轻而易举 | 一无所知 | 美中不足 | 火暴,61.87667507353472,0.9977595199947733,0.0012970413948577228,神秘:1.000000 | 一模一样:1.000000 | 惊人:1.000000 | 变幻莫测:1.000000 | 微妙:1.000000 | 火暴:1.000000 | 意外:1.000000 | 似曾相识:1.000000 | 千变万化:1.000000 | 悬殊:1.000000 | 异常:1.000000 | 触目惊心:1.000000,空前:0.014364
75,58,0.24077057234832366,-0.050488566167818716,0.9482758620689655,弓 | 箭 | 剑 | 弦 | 射 | 拳 | 琴 | 鼓 | 魂 | 弹 | 钩 | 玄,牌 | 轰 | 匹 | 钟 | 逆 | 勒 | 尺 | 横,〇 | 鼓 | 攻 | 球 | 钟 | 右 | 轰 | 伴 | 飞 | 拳 | 帆 | 铃,弓 | 箭 | 剑 | 弦 | 射 | 拳 | 琴 | 鼓 | 魂 | 弹 | 钩 | 玄 | 兵 | 刺 | 炮 | 攻 | 震 | 奏 | 功 | 轰 | 球 | 火 | 猛 | 灵 | 阵 | 横 | 棋 | 叉 | 铃 | 谱 | 飞 | 妙 | 力 | 子 | 识 | 刻 | 辩 | 浪 | 曰 | 尺 | 胆 | 钟 | 勒 | 锁 | 右 | 护 | 王 | 帆 | 记 | 左 | 牢 | 逆 | 牌 | 棒 | 伴 | 匹 | 支 | 〇,58.00579825699704,0.9998460952525775,0.0002388800634810677,魂:1.000000 | 识:1.000000 | 右:1.000000 | 铃:1.000000 | 伴:1.000000 | 攻:1.000000 | 鼓:1.000000 | 护:1.000000 | 左:1.000000 | 弦:1.000000 | 功:1.000000 | 阵:1.000000,
76,56,0.30006376933525203,-0.0032916034774061144,0.5178571428571429,破坏 | 损害 | 阻碍 | 扰乱 | 干扰 | 伤害 | 妨碍 | 妨害 | 牵制 | 压制 | 威胁 | 侵害,推卸 | 反 | 扭曲 | 激起 | 遭到 | 掩盖 | 遏制 | 施压,插手 | 掩盖 | 触动 | 施加 | 保护 | 牵扯 | 动摇 | 波及 | 侵害 | 推卸 | 阻挡 | 伤害,破坏 | 损害 | 阻碍 | 扰乱 | 干扰 | 伤害 | 妨碍 | 妨害 | 牵制 | 压制 | 威胁 | 侵害 | 压迫 | 危及 | 束缚 | 阻挡 | 激化 | 打击 | 遏制 | 牵扯 | 挤压 | 危害 | 限制 | 触动 | 波及 | 干预 | 扭曲 | 冲击 | 掩盖 | 冲撞 | 施加 | 约束 | 动摇 | 强加 | 插手 | 激起 | 操纵 | 颠覆 | 支配 | 挑起 | 伸张 | 暴露 | 施压 | 孤立 | 牵涉 | 遭到 | 矛头 | 保护 | 垄断 | 推卸 | 卷入 | 控制 | 排除 | 指向 | 人为 | 反,56.00070535142425,0.9999961647377429,8.18843639007013e-6,伸张:1.000000 | 挤压:1.000000 | 操纵:1.000000 | 施加:1.000000 | 束缚:1.000000 | 牵扯:1.000000 | 卷入:1.000000 | 插手:1.000000 | 伤害:1.000000 | 牵涉:1.000000 | 干扰:1.000000 | 压制:1.000000,
77,69,0.26913691772803594,0.005218080217867079,0.4492753623188406,特性 | 种类 | 等级 | 差别 | 档次 | 差异 | 数量 | 密度 | 强度 | 标准 | 结构 | 比例,纬度 | 特点 | 车型 | 特征 | 价位 | 形态 | 条件 | 特性,分量 | 百分比 | 用途 | 类别 | 档次 | 口径 | 条件 | 品种 | 程度 | 数目 | 寿命 | 效率,特性 | 种类 | 等级 | 差别 | 档次 | 差异 | 数量 | 密度 | 强度 | 标准 | 结构 | 比例 | 容量 | 规格 | 属性 | 高低 | 性质 | 性能 | 特征 | 范围 | 数目 | 类型 | 水平 | 长短 | 形态 | 频率 | 尺度 | 层次 | 质量 | 比重 | 年限 | 程度 | 百分比 | 期限 | 效率 | 特点 | 分布 | 级别 | 误差 | 用途 | 类别 | 大小 | 品种 | 指标 | 顺序 | 纬度 | 上限 | 差距 | 价位 | 寿命 | 偏差 | 效益 | 门槛 | 好坏 | 分量 | 基准 | 价值 | 人数 | 条件 | 口径 | 大体 | 定价 | 高度 | 落差 | 大致 | 样本 | 车型 | 组合 | 实际,69.0366568682584,0.9994250378352032,0.0006882251310964944,档次:1.000000 | 落差:1.000000 | 高低:1.000000 | 分量:1.000000 | 寿命:1.000000 | 好坏:1.000000 | 长短:1.000000 | 尺度:1.000000 | 差距:1.000000 | 年限:1.000000 | 强度:1.000000 | 特征:1.000000,次数:0.021880 | 合约:0.015053 | 规模:0.013921 | 区别:0.011900
78,68,0.31681161954528186,0.06710341620208514,0.16176470588235295,决赛 | 夺冠 | 半决赛 | 冠军 | 比赛 | 预赛 | 亚军 | 单打 | 银牌 | 参赛 | 夺魁 | 铜牌,跳水 | 出道 | 进场 | 状元 | 席 | 全场 | 赛跑 | 入场,队 | 脱颖而出 | 联赛 | 起跑线 | 胜负 | 进场 | 出道 | 搭档 | 铜牌 | 比分 | 冠军 | 得分,决赛 | 夺冠 | 半决赛 | 冠军 | 比赛 | 预赛 | 亚军 | 单打 | 银牌 | 参赛 | 夺魁 | 铜牌 | 世界杯 | 获胜 | 奖牌 | 赛场 | 双打 | 联赛 | 金牌 | 胜出 | 爆冷门 | 取胜 | 上场 | 出局 | 奥运会 | 入场券 | 赛 | 东道主 | 球队 | 大奖赛 | 奖杯 | 比分 | 角逐 | 出场 | 失利 | 无缘 | 胜负 | 半场 | 对手 | 亚运会 | 犯规 | 得分 | 抽签 | 阵容 | 杯 | 队 | 垫底 | 争夺 | 防守 | 搭档 | 赢家 | 过关 | 赛跑 | 缺席 | 脱颖而出 | 黑马 | 全场 | 入场 | 跳水 | 起跑线 | 巅峰 | 接力 | 冲刺 | 出道 | 倒数 | 状元 | 席 | 进场,67.99248600695564,0.9998275024696092,0.0002368523909041724,入场:1.000000 | 爆冷门:1.000000 | 胜出:1.000000 | 脱颖而出:1.000000 | 角逐:1.000000 | 铜牌:1.000000 | 银牌:1.000000 | 过关:1.000000 | 缺席:1.000000 | 奖牌:1.000000 | 获胜:1.000000 | 垫底:1.000000,
79,59,0.27094053333991447,-0.01132004182179196,0.6610169491525424,谜团 | 波澜 | 风波 | 疑点 | 隐情 | 恩怨 | 波折 | 玄机 | 悬念 | 结局 | 分歧 | 矛盾,事件 | 影子 | 谜底 | 破灭 | 归宿 | 黑手 | 神话 | 关头,波折 | 绯闻 | 传闻 | 大事 | 疑点 | 输家 | 转折 | 谜底 | 隐情 | 风波 | 分歧 | 恩怨,谜团 | 波澜 | 风波 | 疑点 | 隐情 | 恩怨 | 波折 | 玄机 | 悬念 | 结局 | 分歧 | 矛盾 | 僵局 | 谜 | 危机 | 旋涡 | 阴影 | 真相 | 导火索 | 水落石出 | 动荡 | 转折 | 泥潭 | 谜底 | 裂痕 | 争议 | 绯闻 | 传言 | 转机 | 沸沸扬扬 | 陷阱 | 输家 | 焦点 | 破灭 | 事件 | 峰回路转 | 黑手 | 话题 | 圈套 | 传闻 | 未知数 | 归宿 | 预兆 | 官司 | 神话 | 了结 | 警钟 | 线索 | 幕后 | 筹码 | 大事 | 包袱 | 关头 | 搁浅 | 风云 | 影子 | 得失 | 之中 | 何处,59.003130798598185,0.9999376928517586,0.00008195351034122306,得失:1.000000 | 结局:1.000000 | 陷阱:1.000000 | 隐情:1.000000 | 玄机:1.000000 | 波澜:1.000000 | 恩怨:1.000000 | 黑手:1.000000 | 谜:1.000000 | 导火索:1.000000 | 谜团:1.000000 | 传闻:1.000000,
80,41,0.4025067937955071,0.05897648398328955,0.024390243902439025,朴实 | 质朴 | 简洁 | 含蓄 | 文雅 | 风趣 | 得体 | 细腻 | 流畅 | 柔和 | 悦耳 | 委婉,醇厚 | 纯朴 | 爽快 | 从容不迫 | 富有 | 柔和 | 灵巧 | 夸张,得体 | 抑扬顿挫 | 醇厚 | 流利 | 洪亮 | 文雅 | 优美 | 柔和 | 自如 | 绘声绘色 | 富有 | 悦耳,朴实 | 质朴 | 简洁 | 含蓄 | 文雅 | 风趣 | 得体 | 细腻 | 流畅 | 柔和 | 悦耳 | 委婉 | 优美 | 动听 | 工整 | 纯朴 | 抑扬顿挫 | 幽默 | 朴素 | 活泼 | 清脆 | 生硬 | 流利 | 贴切 | 精练 | 醇厚 | 灵巧 | 巧妙 | 富有 | 恰到好处 | 鲜明 | 洪亮 | 夸张 | 恰如其分 | 简短 | 爽快 | 绘声绘色 | 响亮 | 从容不迫 | 自如 | 通顺,41.000012003337304,0.9999997309157527,6.89158774668793e-7,动听:1.000000 | 响亮:1.000000 | 委婉:1.000000 | 工整:1.000000 | 悦耳:1.000000 | 洪亮:1.000000 | 流利:1.000000 | 清脆:1.000000 | 简短:1.000000 | 精练:1.000000 | 朴素:1.000000 | 质朴:1.000000,
81,36,0.3628003258624163,0.06542743962340633,0.19444444444444445,救援 | 营救 | 救治 | 急救 | 抢救 | 遇险 | 搜救 | 呼救 | 求救 | 救助 | 解救 | 疏散,伤员 | 幸存 | 向导 | 演练 | 救治 | 看护 | 防疫 | 破案,逃生 | 应急 | 紧急 | 报警 | 避难 | 抢救 | 解救 | 解围 | 危急 | 幸存 | 千钧一发 | 求救,救援 | 营救 | 救治 | 急救 | 抢救 | 遇险 | 搜救 | 呼救 | 求救 | 救助 | 解救 | 疏散 | 紧急 | 逃生 | 伤员 | 应急 | 求助 | 危急 | 救护车 | 报警 | 救命 | 避难 | 打捞 | 消防 | 巡逻 | 疏导 | 防疫 | 撤离 | 解围 | 看护 | 演练 | 指挥 | 破案 | 千钧一发 | 幸存 | 向导,36.00073272006714,0.9999999985732388,5.25950555883624e-9,危急:1.000000 | 呼救:1.000000 | 急救:1.000000 | 抢救:1.000000 | 报警:1.000000 | 救命:1.000000 | 救治:1.000000 | 求助:1.000000 | 求救:1.000000 | 疏导:1.000000 | 紧急:1.000000 | 避难:1.000000,
82,52,0.34817757605805955,0.017628097484909563,0.40384615384615385,姑娘 | 男人 | 女孩儿 | 女人 | 少女 | 女生 | 帅哥 | 美女 | 男孩儿 | 男生 | 小伙子 | 公主,同伴 | 宝宝 | 她们 | 小伙子 | 新郎 | 皇帝 | 胖子 | 宝贝,情侣 | 新娘 | 女孩儿 | 女 | 绅士 | 帅哥 | 主人公 | 同伴 | 酒鬼 | 宝贝 | 她们 | 情人,姑娘 | 男人 | 女孩儿 | 女人 | 少女 | 女生 | 帅哥 | 美女 | 男孩儿 | 男生 | 小伙子 | 公主 | 美人 | 新娘 | 仙女 | 女 | 胖子 | 小姐 | 疯子 | 情人 | 男 | 女子 | 王子 | 主妇 | 情侣 | 娃娃 | 少年 | 她们 | 新郎 | 男子 | 宝贝 | 绅士 | 宝宝 | 小丑 | 富翁 | 王后 | 同伴 | 主人公 | 皇帝 | 人 | 皇后 | 主角 | 杀手 | 好人 | 酒鬼 | 魔鬼 | 摄影师 | 小卒 | 天才 | 天使 | 替身 | 星座,51.9963541521211,0.999890893336737,0.000155790925367714,新娘:1.000000 | 替身:1.000000 | 星座:1.000000 | 宝贝:1.000000 | 新郎:1.000000 | 帅哥:1.000000 | 杀手:1.000000 | 娃娃:1.000000 | 同伴:1.000000 | 主人公:1.000000 | 美人:1.000000 | 小丑:1.000000,
83,39,0.38899159485743584,0.09497693868813453,0.05128205128205128,转弯 | 堵车 | 拐弯 | 开车 | 行驶 | 骑车 | 车速 | 驾车 | 下车 | 路口 | 车道 | 慢车,晕车 | 晚点 | 摔倒 | 迷路 | 上车 | 路上 | 步行 | 慢车,堵车 | 慢车 | 倒车 | 终点 | 绕行 | 路况 | 摔倒 | 打车 | 行驶 | 掉头 | 超速 | 步行,转弯 | 堵车 | 拐弯 | 开车 | 行驶 | 骑车 | 车速 | 驾车 | 下车 | 路口 | 车道 | 慢车 | 刹车 | 倒车 | 追尾 | 停车 | 超车 | 绕行 | 红灯 | 路况 | 超速 | 行人 | 掉头 | 步行 | 绿灯 | 晕车 | 急转弯 | 问路 | 减速 | 路上 | 走路 | 十字路口 | 摔倒 | 上车 | 打车 | 行走 | 迷路 | 晚点 | 终点,39.00004986422648,0.9999987832765282,2.6155020712935454e-6,下车:1.000000 | 堵车:1.000000 | 急转弯:1.000000 | 拐弯:1.000000 | 掉头:1.000000 | 摔倒:1.000000 | 晕车:1.000000 | 红灯:1.000000 | 超速:1.000000 | 转弯:1.000000 | 迷路:1.000000 | 问路:1.000000,
84,66,0.3120281596177998,0.04125965888928807,0.16666666666666666,政党 | 宪法 | 政权 | 侵略 | 条约 | 议会 | 战争 | 帝国主义 | 人权 | 民主 | 纲领 | 和平,专制 | 法庭 | 领袖 | 人道 | 团结 | 军队 | 立场 | 武器,民主 | 共同体 | 核武器 | 舆论 | 条约 | 争端 | 局势 | 军事 | 宣言 | 主义 | 邻国 | 外交,政党 | 宪法 | 政权 | 侵略 | 条约 | 议会 | 战争 | 帝国主义 | 人权 | 民主 | 纲领 | 和平 | 武力 | 同盟 | 势力 | 领土 | 军事 | 和平共处 | 国会 | 外交 | 邻国 | 主权 | 主义 | 盟友 | 冷战 | 政治 | 斗争 | 联合国 | 争端 | 核武器 | 派别 | 内阁 | 专制 | 首脑 | 分裂 | 军队 | 大选 | 主张 | 中立 | 协定 | 宣言 | 局势 | 共同体 | 总统 | 团结 | 种族 | 多边 | 联邦 | 防卫 | 社会主义 | 资本主义 | 公约 | 人道 | 武器 | 舆论 | 社论 | 帝国 | 事态 | 立场 | 决议 | 阵营 | 审判 | 领袖 | 刑法 | 王国 | 法庭,65.73158588648676,0.99552751689135,0.0022913761470945075,势力:1.000000 | 同盟:1.000000 | 条约:1.000000 | 宪法:1.000000 | 宣言:1.000000 | 事态:1.000000 | 分裂:1.000000 | 舆论:1.000000 | 社论:1.000000 | 领土:1.000000 | 冷战:1.000000 | 审判:1.000000,
85,62,0.28610209248189633,-0.037512215830973965,0.7903225806451613,紫 | 花瓣 | 玫瑰 | 菊花 | 枝 | 蜜 | 蜡 | 芽 | 白 | 珍珠 | 桃 | 灰,草 | 果实 | 茎 | 绣 | 枝 | 桃花 | 泥 | 橘子,姜 | 皮 | 颗 | 朵 | 束 | 霜 | 泥 | 百合 | 蜜 | 盏 | 漆 | 白,紫 | 花瓣 | 玫瑰 | 菊花 | 枝 | 蜜 | 蜡 | 芽 | 白 | 珍珠 | 桃 | 灰 | 茎 | 朵 | 橘子 | 黄 | 蓝 | 锈 | 黄色 | 霜 | 牡丹 | 玉 | 桃花 | 朱红 | 水晶 | 青 | 泥 | 梅花 | 贝壳 | 百合 | 漆 | 粉 | 草 | 粒 | 皮 | 斑点 | 红色 | 绣 | 缕 | 盏 | 束 | 丝 | 蓝色 | 雕 | 壶 | 姜 | 金子 | 盆 | 毛 | 果实 | 卵 | 冰 | 黑色 | 素 | 枚 | 片 | 丸 | 颗 | 丁 | 样 | 海绵 | 克,62.04635207011499,0.9997853204474308,0.0002403496269911177,朱红:1.000000 | 样:1.000000 | 黄色:1.000000 | 金子:1.000000 | 蓝色:1.000000 | 红色:1.000000 | 果实:1.000000 | 颗:1.000000 | 玫瑰:1.000000 | 芽:1.000000 | 黑色:1.000000 | 茎:1.000000,梨:0.030963 | 红:0.010715
86,56,0.4266229222650066,0.09923494832234063,0.03571428571428571,残忍 | 愚蠢 | 凶残 | 卑鄙 | 狡猾 | 凶恶 | 可恶 | 冷酷 | 粗鲁 | 奸诈 | 丑恶 | 丑陋,高傲 | 严肃 | 无辜 | 固执 | 幼稚 | 傲慢 | 暴力 | 恶劣,愚蠢 | 无能 | 强硬 | 虚伪 | 高傲 | 苛刻 | 幼稚 | 拙劣 | 自私 | 可耻 | 冷酷 | 严厉,残忍 | 愚蠢 | 凶残 | 卑鄙 | 狡猾 | 凶恶 | 可恶 | 冷酷 | 粗鲁 | 奸诈 | 丑恶 | 丑陋 | 虚伪 | 可笑 | 邪恶 | 冷漠 | 自私 | 凶狠 | 荒谬 | 冷酷无情 | 残酷 | 荒诞 | 傲慢 | 可耻 | 可悲 | 无情无义 | 古怪 | 猖狂 | 野蛮 | 可怕 | 粗暴 | 高傲 | 拙劣 | 幼稚 | 鲁莽 | 庸俗 | 怪异 | 软弱 | 罪恶 | 顽固 | 放肆 | 固执 | 无能 | 无情 | 恐怖 | 严厉 | 强硬 | 恶劣 | 骇人听闻 | 滑稽 | 严肃 | 极端 | 暴力 | 无辜 | 苛刻 | 凶猛,56.00733212877403,0.9999999153377982,2.3795901411718385e-7,丑陋:1.000000 | 严厉:1.000000 | 凶恶:1.000000 | 凶残:1.000000 | 凶狠:1.000000 | 强硬:1.000000 | 恐怖:1.000000 | 恶劣:1.000000 | 残忍:1.000000 | 猖狂:1.000000 | 粗暴:1.000000 | 丑恶:1.000000,
87,34,0.332136622946541,0.04650981162183349,0.23529411764705882,躲藏 | 藏匿 | 躲 | 躲避 | 监视 | 隐藏 | 埋伏 | 藏身 | 搜寻 | 隐蔽 | 寻觅 | 守候,戒备 | 注视 | 追逐 | 守护 | 辨认 | 偷看 | 埋藏 | 捉迷藏,秘密 | 隐藏 | 躲避 | 监视 | 捉迷藏 | 等待 | 寻觅 | 躲藏 | 下落 | 隐身 | 躲 | 偷看,躲藏 | 藏匿 | 躲 | 躲避 | 监视 | 隐藏 | 埋伏 | 藏身 | 搜寻 | 隐蔽 | 寻觅 | 守候 | 寻找 | 捕捉 | 偷看 | 追踪 | 偷窥 | 侦察 | 伺机 | 隐身 | 注视 | 秘密 | 追逐 | 捉迷藏 | 守护 | 埋藏 | 守株待兔 | 跟踪 | 搜集 | 等待 | 看管 | 戒备 | 辨认 | 下落,34.000000382410036,0.9999999902840336,3.0521516251048275e-8,下落:1.000000 | 偷看:1.000000 | 偷窥:1.000000 | 埋伏:1.000000 | 守候:1.000000 | 守株待兔:1.000000 | 戒备:1.000000 | 捕捉:1.000000 | 搜寻:1.000000 | 监视:1.000000 | 藏匿:1.000000 | 藏身:1.000000,
88,43,0.3702310043304736,0.0876136803338331,0.06976744186046512,拜访 | 拜会 | 参观 | 接见 | 应邀 | 会见 | 看望 | 视察 | 陪同 | 专程 | 探望 | 邀请,结识 | 招待 | 光临 | 汇报 | 亲自 | 前来 | 带领 | 听取,亲自 | 参加 | 带领 | 汇报 | 参观 | 座谈 | 主持 | 讲学 | 邀请 | 率领 | 作客 | 邀,拜访 | 拜会 | 参观 | 接见 | 应邀 | 会见 | 看望 | 视察 | 陪同 | 专程 | 探望 | 邀请 | 拜见 | 访问 | 观摩 | 考察 | 带队 | 出访 | 来访 | 出席 | 座谈 | 前来 | 采访 | 做客 | 听取 | 实地 | 代表团 | 率领 | 参加 | 邀 | 招待 | 察看 | 作客 | 亲自 | 光临 | 讲学 | 调研 | 接待 | 主持 | 一行 | 汇报 | 结识 | 带领,43.00004670713249,0.9999995671187092,1.0528014490203955e-6,会见:1.000000 | 出访:1.000000 | 实地:1.000000 | 察看:1.000000 | 拜会:1.000000 | 拜见:1.000000 | 拜访:1.000000 | 探望:1.000000 | 接待:1.000000 | 接见:1.000000 | 看望:1.000000 | 结识:1.000000,
89,60,0.32380322459066485,0.048115965168627595,0.26666666666666666,开幕式 | 开幕 | 闭幕式 | 颁奖 | 大会 | 晚会 | 闭幕 | 展览会 | 演讲 | 盛会 | 展览 | 博览会,收看 | 捧场 | 仪式 | 场 | 宴会 | 直播 | 访谈 | 演习,闭幕式 | 车展 | 致辞 | 座谈会 | 届 | 历届 | 开幕式 | 嘉宾 | 招待会 | 展览会 | 展出 | 晚会,开幕式 | 开幕 | 闭幕式 | 颁奖 | 大会 | 晚会 | 闭幕 | 展览会 | 演讲 | 盛会 | 展览 | 博览会 | 发布会 | 致辞 | 招待会 | 峰会 | 讲座 | 论坛 | 会议 | 会场 | 嘉宾 | 宴会 | 座谈会 | 大赛 | 隆重 | 参展 | 发言 | 仪式 | 展出 | 访谈 | 沙龙 | 车展 | 演说 | 讲话 | 获奖 | 盛大 | 嘉年华 | 亮相 | 届 | 活动 | 现场 | 来宾 | 评选 | 揭晓 | 开场 | 演播室 | 专题 | 捧场 | 实况 | 演习 | 直播 | 历届 | 露面 | 奖 | 倒计时 | 投票 | 收看 | 场合 | 场 | 中外,60.003645889532386,0.9999642939499714,0.00005860082364948003,场合:1.000000 | 现场:1.000000 | 隆重:1.000000 | 露面:1.000000 | 亮相:1.000000 | 讲话:1.000000 | 演讲:1.000000 | 演说:1.000000 | 展出:1.000000 | 参展:1.000000 | 捧场:1.000000 | 活动:1.000000,
90,33,0.3571735996248953,0.009553813975664226,0.3939393939393939,坐下 | 招呼 | 打招呼 | 招手 | 敬酒 | 告辞 | 示意 | 握手 | 交头接耳 | 鞠躬 | 一旁 | 跟前,身边 | 跟前 | 一旁 | 上楼 | 当着 | 进来 | 台上 | 前台,让座 | 打招呼 | 哄堂大笑 | 握手 | 众人 | 鸦雀无声 | 坐下 | 鼓掌 | 就座 | 举手 | 上楼 | 进来,坐下 | 招呼 | 打招呼 | 招手 | 敬酒 | 告辞 | 示意 | 握手 | 交头接耳 | 鞠躬 | 一旁 | 跟前 | 就座 | 鼓掌 | 哄堂大笑 | 在场 | 举手 | 鸦雀无声 | 台上 | 七嘴八舌 | 上楼 | 众人 | 看热闹 | 身边 | 当着 | 敲门 | 旁观 | 让座 | 面前 | 进来 | 等候 | 前台 | 请进,33.00005004180173,0.9999998341321907,4.4240324811903594e-7,举手:1.000000 | 就座:1.000000 | 旁观:1.000000 | 看热闹:1.000000 | 示意:1.000000 | 坐下:1.000000 | 握手:1.000000 | 告辞:1.000000 | 敲门:1.000000 | 鸦雀无声:1.000000 | 打招呼:1.000000 | 当着:1.000000,
91,46,0.2638241903530453,-0.008682500720578579,0.5869565217391305,权利 | 尊严 | 公正 | 平等 | 公平 | 权力 | 法律 | 合法 | 利益 | 正义 | 特权 | 自由,敞开 | 凭 | 自立 | 服从 | 天平 | 上帝 | 良心 | 一切,独立 | 公正 | 正当 | 敞开 | 平等 | 过失 | 个人 | 良心 | 特权 | 正义 | 民意 | 契约,权利 | 尊严 | 公正 | 平等 | 公平 | 权力 | 法律 | 合法 | 利益 | 正义 | 特权 | 自由 | 职权 | 责任 | 契约 | 过错 | 财产 | 义务 | 过失 | 天经地义 | 自愿 | 良心 | 隐私 | 独立自主 | 权威 | 限度 | 权 | 他人 | 当事人 | 正当 | 私有 | 上帝 | 无条件 | 人身 | 服从 | 独立 | 一切 | 民意 | 任何 | 自立 | 个人 | 终身 | 永久 | 敞开 | 天平 | 凭,46.00008923258064,0.9999188244593533,0.00012210622126797898,特权:1.000000 | 自愿:1.000000 | 隐私:1.000000 | 敞开:1.000000 | 合法:1.000000 | 永久:1.000000 | 私有:1.000000 | 凭:1.000000 | 人身:1.000000 | 公平:1.000000 | 自由:1.000000 | 权利:1.000000,
92,68,0.3017471885013426,0.005298651347225527,0.4411764705882353,人性 | 观念 | 思维 | 认知 | 审美 | 本性 | 感性 | 人格 | 道德 | 伦理 | 理性 | 主观,言行 | 狭隘 | 美德 | 智商 | 偏见 | 知识 | 反面 | 自我,微观 | 学说 | 认知 | 共性 | 主观 | 偏见 | 利害 | 先天 | 知识 | 理论 | 现实 | 心理,人性 | 观念 | 思维 | 认知 | 审美 | 本性 | 感性 | 人格 | 道德 | 伦理 | 理性 | 主观 | 思想 | 天性 | 价值观 | 直觉 | 意识 | 事物 | 本能 | 狭隘 | 本质 | 偏见 | 自我 | 抽象 | 教条 | 知识 | 真理 | 头脑 | 心理 | 常识 | 内在 | 人类 | 理论 | 学说 | 自然界 | 阶级 | 美德 | 现实 | 纯粹 | 智力 | 智商 | 根深蒂固 | 灌输 | 社会 | 言行 | 个体 | 阶层 | 共性 | 市场经济 | 进化 | 群体 | 利害 | 常人 | 宇宙 | 科学 | 微观 | 先天 | 潜移默化 | 是非 | 国情 | 性 | 性别 | 圈子 | 贫富 | 无形 | 视角 | 反面 | 种,67.98404862786366,0.9996485054577735,0.0004761392087966442,事物:1.000000 | 直觉:1.000000 | 反面:1.000000 | 根深蒂固:1.000000 | 利害:1.000000 | 科学:1.000000 | 本性:1.000000 | 灌输:1.000000 | 真理:1.000000 | 圈子:1.000000 | 常人:1.000000 | 国情:1.000000,
93,58,0.3591853357444837,0.02511850168577552,0.2413793103448276,谴责 | 指责 | 侮辱 | 诽谤 | 阻挠 | 纵容 | 迫害 | 讹诈 | 抨击 | 无理 | 恐吓 | 欺骗,歧视 | 所作所为 | 饶恕 | 指责 | 殴打 | 否定 | 侮辱 | 承认,否定 | 辩护 | 违背 | 报复 | 惩处 | 抨击 | 拒绝 | 容忍 | 阻拦 | 制止 | 指责 | 阻止,谴责 | 指责 | 侮辱 | 诽谤 | 阻挠 | 纵容 | 迫害 | 讹诈 | 抨击 | 无理 | 恐吓 | 欺骗 | 挑衅 | 惩罚 | 虐待 | 报复 | 歪曲 | 抗议 | 殴打 | 干涉 | 控告 | 容忍 | 制止 | 背叛 | 阻拦 | 揭露 | 拒绝 | 揭发 | 侵犯 | 强迫 | 歧视 | 反对 | 触犯 | 抵制 | 怠工 | 骚扰 | 剥夺 | 阻止 | 饶恕 | 剥削 | 制裁 | 逼迫 | 违背 | 惩处 | 抗拒 | 否认 | 否定 | 逃避 | 辩护 | 批判 | 乘人之危 | 容许 | 侵占 | 警告 | 承认 | 追究 | 不顾 | 所作所为,58.01191428406041,0.9999801495832984,0.00003556352274694985,谴责:1.000000 | 阻拦:1.000000 | 虐待:1.000000 | 揭露:1.000000 | 揭发:1.000000 | 批判:1.000000 | 警告:1.000000 | 背叛:1.000000 | 抵制:1.000000 | 恐吓:1.000000 | 剥夺:1.000000 | 抗议:1.000000,违反:0.011811
94,52,0.33599023486462787,0.0009466517049356213,0.46153846153846156,洗衣粉 | 肥皂 | 水壶 | 牙刷 | 牙膏 | 瓶 | 洗涤剂 | 药水 | 沐浴露 | 吸管 | 袋 | 电饭锅,尼龙 | 件 | 包 | 水槽 | 冰箱 | 水壶 | 玻璃 | 矿泉水,瓶 | 电线 | 罐 | 洗衣粉 | 墨水 | 塑料袋 | 炸药 | 玻璃 | 肥皂 | 桶 | 包 | 胶水,洗衣粉 | 肥皂 | 水壶 | 牙刷 | 牙膏 | 瓶 | 洗涤剂 | 药水 | 沐浴露 | 吸管 | 袋 | 电饭锅 | 火柴 | 易拉罐 | 药片 | 塑料袋 | 矿泉水 | 罐 | 塑料 | 纯净水 | 水管 | 香烟 | 水槽 | 胶带 | 洗衣机 | 冰箱 | 水龙头 | 胶水 | 墨水 | 热水器 | 箱 | 烟 | 微波炉 | 自来水 | 电线 | 煤气 | 炸药 | 火药 | 盒 | 温度计 | 物品 | 尼龙 | 纸 | 硬币 | 汽油 | 玻璃 | 桶 | 废品 | 包 | 橡胶 | 包裹 | 件,52.03486678527163,0.9998590260771942,0.00016294063156458135,包裹:1.000000 | 微波炉:1.000000 | 火药:1.000000 | 洗涤剂:1.000000 | 箱:1.000000 | 电饭锅:1.000000 | 温度计:1.000000 | 物品:1.000000 | 件:1.000000 | 易拉罐:1.000000 | 炸药:1.000000 | 药水:1.000000,管子:0.017622 | 热水:0.010363
95,38,0.39777306192861656,0.12336032034372786,0.05263157894736842,看见 | 见到 | 碰见 | 遇见 | 听见 | 看到 | 听到 | 碰到 | 遇到 | 想起 | 见过 | 碰上,惊醒 | 走进 | 光顾 | 像 | 提起 | 听 | 走近 | 走过,见到 | 得知 | 找到 | 遇见 | 发现 | 提起 | 认识 | 听 | 认得 | 光顾 | 听到 | 碰到,看见 | 见到 | 碰见 | 遇见 | 听见 | 看到 | 听到 | 碰到 | 遇到 | 想起 | 见过 | 碰上 | 想到 | 遇上 | 认出 | 望见 | 认得 | 听说 | 梦见 | 路过 | 发觉 | 发现 | 见 | 找到 | 料到 | 认识 | 得知 | 听 | 惊醒 | 不见 | 谈起 | 走近 | 走过 | 走进 | 传来 | 像 | 光顾 | 提起,38.0006477415976,0.999995143786625,8.857988266908878e-6,光顾:1.000000 | 听到:1.000000 | 想起:1.000000 | 提起:1.000000 | 梦见:1.000000 | 看见:1.000000 | 碰上:1.000000 | 碰到:1.000000 | 碰见:1.000000 | 见到:1.000000 | 认出:1.000000 | 认得:1.000000,
96,54,0.3385556116316121,0.031072213930904716,0.2777777777777778,市民 | 乘客 | 民工 | 小贩 | 农民工 | 农民 | 司机 | 小学生 | 妇女 | 警察 | 路人 | 群众,护士 | 乡亲 | 交警 | 好心人 | 家属 | 家长 | 小朋友 | 孕妇,民警 | 家属 | 义工 | 小贩 | 居民 | 家长 | 顾客 | 护士 | 清洁工 | 老百姓 | 农民工 | 旅客,市民 | 乘客 | 民工 | 小贩 | 农民工 | 农民 | 司机 | 小学生 | 妇女 | 警察 | 路人 | 群众 | 服务员 | 乞丐 | 游客 | 大学生 | 商贩 | 旅客 | 民警 | 顾客 | 居民 | 小朋友 | 职工 | 残疾人 | 渔民 | 清洁工 | 车主 | 志愿者 | 中学生 | 家长 | 孕妇 | 牧民 | 护士 | 盲人 | 客人 | 乡亲 | 儿童 | 好心人 | 穷人 | 义工 | 导游 | 交警 | 乞讨 | 售货员 | 老百姓 | 家属 | 员工 | 受害人 | 保安 | 未成年人 | 街头 | 见义勇为 | 下岗 | 流浪,54.039310859166996,0.999890214306947,0.00015149967481684588,乘客:1.000000 | 乞讨:1.000000 | 司机:1.000000 | 商贩:1.000000 | 游客:1.000000 | 小贩:1.000000 | 车主:1.000000 | 好心人:1.000000 | 导游:1.000000 | 交警:1.000000 | 路人:1.000000 | 旅客:1.000000,青少年:0.016226 | 青年:0.014857
97,93,0.23167109036304415,-0.03320703173552821,0.8494623655913979,留 | 补 | 取 | 退 | 减 | 降 | 定 | 验 | 存 | 保 | 收 | 撤,摇 | 揽 | 顶 | 抛 | 催 | 扣 | 折 | 填,赔 | 发 | 限 | 解 | 续 | 折 | 销 | 选 | 领 | 审 | 增 | 派,留 | 补 | 取 | 退 | 减 | 降 | 定 | 验 | 存 | 保 | 收 | 撤 | 改 | 调 | 移 | 审 | 交 | 提 | 付 | 填 | 认 | 裁 | 揽 | 押 | 赔 | 加 | 录 | 催 | 续 | 增 | 进 | 征 | 解 | 发 | 赎 | 销 | 转 | 试 | 查 | 领 | 选 | 扩 | 扣 | 亏 | 添 | 输 | 结 | 配 | 欠 | 登 | 缩 | 招 | 入 | 动 | 引 | 签 | 抛 | 赐 | 理 | 托 | 破 | 照 | 损 | 揭 | 免 | 消 | 限 | 摇 | 迁 | 披 | 附 | 办 | 准 | 搜 | 赢 | 混 | 待 | 传 | 折 | 筹 | 映 | 止 | 妥 | 行 | 顶 | 满 | 尽 | 扬 | 关 | 派 | 出 | 作 | 起,92.84947419762109,0.9977461862541823,0.001643511725135572,催:1.000000 | 撤:1.000000 | 审:1.000000 | 减:1.000000 | 尽:1.000000 | 退:1.000000 | 解:1.000000 | 补:1.000000 | 欠:1.000000 | 征:1.000000 | 移:1.000000 | 定:1.000000,推:0.017936 | 归:0.015575 | 挪:0.010403
98,28,0.3287292341067712,0.049208608371467726,0.21428571428571427,小心 | 当心 | 提防 | 注意 | 避免 | 防止 | 留神 | 以免 | 警惕 | 勿 | 留心 | 防范,早晚 | 遇 | 忌讳 | 要害 | 疏忽 | 必 | 避 | 杜绝,不易 | 避 | 容易 | 不慎 | 避免 | 注意 | 防止 | 当心 | 忌讳 | 杜绝 | 遇 | 疏忽,小心 | 当心 | 提防 | 注意 | 避免 | 防止 | 留神 | 以免 | 警惕 | 勿 | 留心 | 防范 | 忌讳 | 容易 | 不慎 | 忌 | 务必 | 防 | 杜绝 | 误 | 不易 | 留意 | 避 | 疏忽 | 遇 | 必 | 要害 | 早晚,28.00000104901532,0.9999999996590176,1.2826494681825202e-9,不慎:1.000000 | 小心:1.000000 | 当心:1.000000 | 忌:1.000000 | 忌讳:1.000000 | 提防:1.000000 | 注意:1.000000 | 留心:1.000000 | 留意:1.000000 | 警惕:1.000000 | 误:1.000000 | 避:1.000000,
99,93,0.2576498753747427,0.01512572820078056,0.40860215053763443,约 | 合计 | 总计 | 平均 | 共计 | 折合 | 累计 | 超过 | 总量 | 大约 | 总额 | 占,票房 | 利润 | 斤 | 下调 | 其中 | 上调 | 测算 | 其余,份 | 近 | 同期 | 价格 | 产值 | 相差 | 以上 | 倍 | 左右 | 人均 | 归属 | 累计,约 | 合计 | 总计 | 平均 | 共计 | 折合 | 累计 | 超过 | 总量 | 大约 | 总额 | 占 | 总数 | 总共 | 产值 | 低于 | 吨 | 估算 | 较 | 产量 | 仅 | 高于 | 规模 | 元 | 销量 | 达到 | 左右 | 同期 | 小于 | 量 | 测算 | 千克 | 将近 | 对应 | 计算 | 相当于 | 美元 | 计 | 美金 | 面积 | 平方米 | 相差 | 人均 | 相比 | 余额 | 售价 | 价格 | 成交 | 公斤 | 共 | 人民币 | 剩余 | 利润 | 一共 | 大于 | 近 | 分别 | 亿 | 共有 | 倍 | 份额 | 下调 | 平方 | 值 | 净 | 接近 | 磅 | 粗略 | 数 | 价 | 以上 | 期末 | 排名 | 百分点 | 至 | 以内 | 比 | 上调 | 斤 | 英镑 | 其中 | 含 | 总 | 票房 | 合约 | 上期 | 余 | 率 | 按 | 其余 | 整数 | 归属 | 份,93.00534364170366,0.997812343954163,0.0022114061457743557,共计:1.000000 | 折合:1.000000 | 合计:1.000000 | 总计:1.000000 | 总共:1.000000 | 一共:1.000000 | 共:1.000000 | 低于:1.000000 | 剩余:1.000000 | 小于:1.000000 | 按:1.000000 | 约:1.000000,万:0.099402 | 之内:0.070925
100,91,0.2067371499657412,-0.03577788254301933,0.8571428571428571,相同 | 分为 | 属于 | 包含 | 特定 | 包括 | 基于 | 限于 | 类似 | 来源于 | 不同 | 具有,高等 | 单一 | 匹配 | 固定 | 视为 | 普通 | 初级 | 唯一,无关 | 区分 | 单元 | 称作 | 高等 | 指 | 为 | 简称 | 包含 | 同等 | 原 | 概况,相同 | 分为 | 属于 | 包含 | 特定 | 包括 | 基于 | 限于 | 类似 | 来源于 | 不同 | 具有 | 及 | 构成 | 区分 | 及其 | 上述 | 介于 | 特殊 | 作为 | 源于 | 与其 | 视为 | 带有 | 分成 | 原有 | 同一 | 相关 | 无关 | 衍生 | 与 | 称作 | 称为 | 适用 | 简称 | 单一 | 类 | 关联 | 属 | 分类 | 除外 | 同等 | 组成 | 在内 | 广义 | 来自 | 原始 | 叫作 | 名称 | 现有 | 除 | 附属 | 和 | 普通 | 双重 | 分支 | 合并 | 由 | 匹配 | 混合 | 同类 | 等 | 并列 | 其 | 参见 | 集合 | 概况 | 固定 | 目录 | 原 | 各自 | 代表 | 以下 | 非 | 日常 | 单元 | 透过 | 来源 | 简介 | 初级 | 定向 | 若干 | 间接 | 于 | 所 | 为 | 唯一 | 高等 | 无 | 章 | 指,90.93732594707215,0.9985583280722319,0.0015583824793607825,特殊:1.000000 | 称作:1.000000 | 日常:1.000000 | 参见:1.000000 | 代表:1.000000 | 并列:1.000000 | 匹配:1.000000 | 叫作:1.000000 | 属:1.000000 | 同等:1.000000 | 带有:1.000000 | 与:1.000000,涵盖:0.019278 | 类别:0.017080 | 其他:0.012419
101,29,0.34576584081745004,0.030985650982913594,0.20689655172413793,荒凉 | 偏僻 | 狭窄 | 狭小 | 僻静 | 平坦 | 艰难 | 遥远 | 艰险 | 拥挤 | 漫长 | 艰苦,平静 | 浓重 | 繁华 | 严峻 | 稠密 | 平淡 | 繁忙 | 起伏,短暂 | 漫长 | 严峻 | 微弱 | 拥挤 | 陡 | 狭小 | 陌生 | 僻静 | 偏远 | 平静 | 繁华,荒凉 | 偏僻 | 狭窄 | 狭小 | 僻静 | 平坦 | 艰难 | 遥远 | 艰险 | 拥挤 | 漫长 | 艰苦 | 辽阔 | 偏远 | 平静 | 曲折 | 稀少 | 繁华 | 萧条 | 陡 | 平淡 | 繁忙 | 陌生 | 稠密 | 严峻 | 起伏 | 微弱 | 浓重 | 短暂,28.999987696893623,0.9999995661536462,1.0058185245458727e-6,偏僻:1.000000 | 偏远:1.000000 | 僻静:1.000000 | 微弱:1.000000 | 拥挤:1.000000 | 狭窄:1.000000 | 稠密:1.000000 | 繁忙:1.000000 | 艰险:1.000000 | 荒凉:1.000000 | 遥远:1.000000 | 狭小:1.000000,
102,47,0.2963313300486674,0.018984776585601163,0.40425531914893614,缺乏 | 薄弱 | 欠缺 | 弱 | 缺失 | 不足 | 脆弱 | 滞后 | 低迷 | 弱势 | 低下 | 缺少,负面 | 无力 | 陷入 | 悲观 | 不景气 | 倾向 | 要强 | 过分,被动 | 不景气 | 无力 | 负面 | 不足 | 脆弱 | 低迷 | 存在 | 要强 | 过度 | 不利 | 缺少,缺乏 | 薄弱 | 欠缺 | 弱 | 缺失 | 不足 | 脆弱 | 滞后 | 低迷 | 弱势 | 低下 | 缺少 | 极度 | 劣势 | 过于 | 悲观 | 短缺 | 落后 | 差 | 紧缺 | 严重 | 偏 | 过分 | 不利 | 跟不上 | 依赖 | 偏向 | 缺 | 过度 | 要强 | 处于 | 陷入 | 无力 | 不景气 | 存在 | 低估 | 敏感 | 低 | 倾向 | 面临 | 处在 | 被动 | 分散 | 局限 | 有限 | 受 | 负面,47.029757135030835,0.9999991741125807,2.0259585514016917e-6,无力:1.000000 | 欠缺:1.000000 | 缺失:1.000000 | 薄弱:1.000000 | 滞后:1.000000 | 敏感:1.000000 | 落后:1.000000 | 紧缺:1.000000 | 缺乏:1.000000 | 倾向:1.000000 | 被动:1.000000 | 严重:1.000000,过剩:0.024793
103,59,0.42451738417066104,0.0832116748822418,0.0847457627118644,煮 | 炖 | 汁 | 烤 | 煎 | 酥 | 蒸 | 烫 | 涮 | 蘸 | 甜 | 拌,榨 | 肠 | 好吃 | 吃 | 麻辣 | 鲜 | 馋 | 饱,好吃 | 糊 | 冷水 | 糟 | 甜 | 喝 | 煎 | 酥 | 鲜 | 炖 | 炸 | 馋,煮 | 炖 | 汁 | 烤 | 煎 | 酥 | 蒸 | 烫 | 涮 | 蘸 | 甜 | 拌 | 可口 | 汤 | 腥 | 嚼 | 鲜美 | 辣 | 熬 | 香味 | 好吃 | 吃 | 脆 | 煲 | 锅 | 碗 | 香 | 开水 | 口感 | 淋 | 糊 | 勺 | 麻辣 | 嫩 | 热腾腾 | 咸 | 喝 | 馋 | 熏 | 炸 | 熟 | 凉水 | 泡 | 味道 | 冻 | 味儿 | 稠 | 凉 | 炒 | 上火 | 沏 | 冷水 | 糟 | 饱 | 酸 | 鲜 | 肠 | 榨 | 滴,59.01310302313457,0.9999938789744662,0.000012682709866153135,味儿:1.000000 | 味道:1.000000 | 好吃:1.000000 | 热腾腾:1.000000 | 吃:1.000000 | 烤:1.000000 | 沏:1.000000 | 煎:1.000000 | 涮:1.000000 | 鲜美:1.000000 | 甜:1.000000 | 煮:1.000000,
104,33,0.3037555463231682,0.017776305316380903,0.3333333333333333,支援 | 筹措 | 援助 | 筹集 | 物资 | 救灾 | 运送 | 动员 | 接济 | 救济 | 资助 | 灾区,受灾 | 资助 | 修路 | 人力 | 财力 | 救灾 | 调动 | 灾区,运送 | 物资 | 筹措 | 灾区 | 安置 | 协助 | 机动 | 财力 | 急需 | 补给 | 重建 | 人力,支援 | 筹措 | 援助 | 筹集 | 物资 | 救灾 | 运送 | 动员 | 接济 | 救济 | 资助 | 灾区 | 补给 | 受灾 | 安置 | 财力 | 人力 | 派遣 | 动用 | 扶持 | 劳动力 | 重建 | 调动 | 协助 | 急需 | 修路 | 输送 | 机动 | 转移 | 分担 | 担负 | 突击 | 后备,33.00002665067704,0.999999896990014,2.855800176927669e-7,分担:1.000000 | 动用:1.000000 | 接济:1.000000 | 援助:1.000000 | 支援:1.000000 | 补给:1.000000 | 财力:1.000000 | 输送:1.000000 | 运送:1.000000 | 物资:1.000000 | 动员:1.000000 | 安置:1.000000,
105,37,0.42276935169223845,0.06260362526089494,0.10810810810810811,疲倦 | 烦躁 | 疲惫 | 焦躁 | 烦闷 | 消沉 | 心慌 | 寂寞 | 孤独 | 忧郁 | 疲惫不堪 | 焦虑,醒来 | 畏缩 | 不定 | 失恋 | 沉思 | 抑郁 | 忧郁 | 孤单,忙碌 | 疲惫 | 醒来 | 无聊 | 麻木 | 孤单 | 无所事事 | 沉思 | 精疲力竭 | 胡思乱想 | 畏缩 | 孤独,疲倦 | 烦躁 | 疲惫 | 焦躁 | 烦闷 | 消沉 | 心慌 | 寂寞 | 孤独 | 忧郁 | 疲惫不堪 | 焦虑 | 抑郁 | 劳累 | 孤单 | 胡思乱想 | 无聊 | 无精打采 | 麻木 | 精疲力竭 | 厌倦 | 无所事事 | 打盹儿 | 忙乱 | 空虚 | 畏缩 | 疲劳 | 忙碌 | 沉思 | 沉默 | 醒来 | 失恋 | 迷失 | 酣睡 | 思前想后 | 清醒 | 不定,36.99427099831647,0.9998447881491238,0.0001804858914461578,孤独:1.000000 | 忙碌:1.000000 | 忧郁:1.000000 | 无所事事:1.000000 | 无聊:1.000000 | 烦躁:1.000000 | 疲倦:1.000000 | 疲劳:1.000000 | 疲惫:1.000000 | 胡思乱想:1.000000 | 迷失:1.000000 | 寂寞:1.000000,
106,50,0.29882747589765063,0.005745552974449455,0.46,准确 | 确切 | 恰当 | 清楚 | 详尽 | 正确 | 确凿 | 直观 | 清晰 | 透彻 | 客观 | 真实,透明 | 深奥 | 自相矛盾 | 简单 | 得出 | 片面 | 有益 | 哪些,简单 | 一致 | 片面 | 合乎 | 一概而论 | 精确 | 详尽 | 与否 | 笼统 | 深奥 | 清楚 | 真实,准确 | 确切 | 恰当 | 清楚 | 详尽 | 正确 | 确凿 | 直观 | 清晰 | 透彻 | 客观 | 真实 | 精确 | 妥当 | 合情合理 | 笼统 | 简单 | 明智 | 可信 | 含糊 | 深刻 | 宽泛 | 似是而非 | 具体 | 可行 | 合乎 | 深奥 | 详细 | 片面 | 因人而异 | 一概而论 | 常理 | 见仁见智 | 自相矛盾 | 一目了然 | 如实 | 细微 | 怎样 | 得出 | 不难 | 不得而知 | 什么样 | 一致 | 看得见 | 有益 | 真假 | 与否 | 透明 | 有待 | 哪些,50.00555686240227,0.9999433238954458,0.00009141096028814058,确凿:1.000000 | 确切:1.000000 | 如实:1.000000 | 准确:1.000000 | 可行:1.000000 | 宽泛:1.000000 | 真实:1.000000 | 详尽:1.000000 | 透明:1.000000 | 可信:1.000000 | 正确:1.000000 | 因人而异:1.000000,
107,36,0.3611672704500974,0.04105016684065706,0.3055555555555556,谢谢 | 各位 | 拜托 | 祝 | 诸位 | 恭喜 | 感谢 | 朋友们 | 保重 | 快点儿 | 哦 | 请坐,老朋友 | 好心 | 亲 | 对不起 | 今天 | 明天 | 哦 | 真心,真心 | 大家 | 谢谢 | 待会儿 | 拜托 | 快点儿 | 希望 | 保重 | 亲 | 一路顺风 | 敬请 | 下次,谢谢 | 各位 | 拜托 | 祝 | 诸位 | 恭喜 | 感谢 | 朋友们 | 保重 | 快点儿 | 哦 | 请坐 | 待会儿 | 改日 | 一路平安 | 晚安 | 请 | 下次 | 大家 | 您 | 对不起 | 明天 | 再见 | 保佑 | 一路顺风 | 久仰 | 真心 | 加油 | 希望 | 今天 | 敬请 | 老朋友 | 稍候 | 好心 | 亲 | 让,35.99969885227132,0.9999762072644793,0.000036366806515392276,一路顺风:1.000000 | 再见:1.000000 | 加油:1.000000 | 各位:1.000000 | 恭喜:1.000000 | 您:1.000000 | 改日:1.000000 | 晚安:1.000000 | 一路平安:1.000000 | 久仰:1.000000 | 老朋友:1.000000 | 谢谢:1.000000,
108,38,0.3172120106928204,0.006421313905020926,0.42105263157894735,韵味 | 魅力 | 气息 | 趣味 | 风情 | 情调 | 感染力 | 精髓 | 乐趣 | 内涵 | 风貌 | 风采,领悟 | 情景 | 怀旧 | 观感 | 心得 | 构思 | 气氛 | 风情,气息 | 视觉 | 韵味 | 奥秘 | 印象 | 境界 | 精华 | 精髓 | 感染力 | 心得 | 灵感 | 趣味,韵味 | 魅力 | 气息 | 趣味 | 风情 | 情调 | 感染力 | 精髓 | 乐趣 | 内涵 | 风貌 | 风采 | 感 | 氛围 | 灵感 | 境界 | 风尚 | 怀旧 | 创意 | 元素 | 人文 | 领悟 | 亲和力 | 印象 | 观感 | 品位 | 气氛 | 陶冶 | 构思 | 主题 | 精华 | 心得 | 奥秘 | 场景 | 启迪 | 视觉 | 情景 | 无穷,38.000128588320464,0.9999998519518444,3.7272340512123094e-7,乐趣:1.000000 | 怀旧:1.000000 | 感:1.000000 | 气息:1.000000 | 气氛:1.000000 | 灵感:1.000000 | 精髓:1.000000 | 风貌:1.000000 | 风尚:1.000000 | 陶冶:1.000000 | 趣味:1.000000 | 情景:1.000000,
109,52,0.31757663355761895,0.03427646703333521,0.28846153846153844,展现 | 描绘 | 体现 | 塑造 | 烘托 | 勾画 | 展示 | 蕴涵 | 孕育 | 揭示 | 演绎 | 再现,打动 | 寓意 | 联想 | 寄托 | 形容 | 哺育 | 笼罩 | 流露,表达 | 传达 | 描绘 | 蕴藏 | 烘托 | 凸显 | 重现 | 歌颂 | 折射 | 凝聚 | 融入 | 寓意,展现 | 描绘 | 体现 | 塑造 | 烘托 | 勾画 | 展示 | 蕴涵 | 孕育 | 揭示 | 演绎 | 再现 | 表达 | 衬托 | 凝聚 | 流露 | 描写 | 凸显 | 造就 | 唤起 | 营造 | 讲述 | 呈现 | 显出 | 歌颂 | 浮现 | 折射 | 蕴藏 | 传达 | 承载 | 赋予 | 创造 | 重现 | 寄托 | 预示 | 汇聚 | 充满 | 增添 | 融入 | 汇集 | 寓意 | 哺育 | 打动 | 呼唤 | 笼罩 | 贯穿 | 扮演 | 还原 | 驾驭 | 形容 | 传递 | 联想,52.012171584856326,0.9999967259312399,6.282180834941546e-6,勾画:1.000000 | 塑造:1.000000 | 展现:1.000000 | 描绘:1.000000 | 流露:1.000000 | 烘托:1.000000 | 演绎:1.000000 | 驾驭:1.000000 | 再现:1.000000 | 呼唤:1.000000 | 显出:1.000000 | 展示:1.000000,显现:0.011705
110,54,0.36194032498757833,0.057345001797600395,0.12962962962962962,杀害 | 逮捕 | 暗杀 | 抢劫 | 屠杀 | 谋害 | 劫持 | 袭击 | 开枪 | 被捕 | 逃跑 | 绑架,入侵 | 出动 | 作战 | 扣押 | 流氓 | 捣乱 | 命令 | 无恶不作,情报 | 投降 | 屠杀 | 同伙 | 劫持 | 勾结 | 骚乱 | 间谍 | 绑架 | 海盗 | 示威 | 逃跑,杀害 | 逮捕 | 暗杀 | 抢劫 | 屠杀 | 谋害 | 劫持 | 袭击 | 开枪 | 被捕 | 逃跑 | 绑架 | 挟持 | 逃走 | 歹徒 | 逃亡 | 土匪 | 强盗 | 凶手 | 人质 | 同伙 | 搜查 | 阴谋 | 俘虏 | 骚乱 | 武装 | 闹事 | 扣留 | 勾结 | 敌人 | 哗变 | 无恶不作 | 通缉 | 示威 | 流氓 | 间谍 | 捣乱 | 投降 | 炸弹 | 拘留 | 扣押 | 强占 | 入侵 | 轰炸 | 搏斗 | 海盗 | 自卫 | 分赃 | 出动 | 罢工 | 伙 | 命令 | 作战 | 情报,54.000229686614624,0.999961302029738,0.00006197818173772321,同伙:1.000000 | 通缉:1.000000 | 骚乱:1.000000 | 劫持:1.000000 | 暗杀:1.000000 | 逃跑:1.000000 | 勾结:1.000000 | 伙:1.000000 | 绑架:1.000000 | 分赃:1.000000 | 闹事:1.000000 | 杀害:1.000000,
111,63,0.3299107953881361,-0.0017323443909302444,0.5396825396825397,抚养 | 亲生 | 子女 | 结婚 | 母女 | 母子 | 家人 | 夫妻 | 亲人 | 儿女 | 父女 | 收养,家人 | 一家人 | 恩人 | 全家 | 兄弟 | 亲人 | 从小 | 儿女,相依为命 | 配偶 | 岁数 | 终生 | 生育 | 辈 | 母 | 姐妹 | 亲属 | 全家 | 子女 | 父女,抚养 | 亲生 | 子女 | 结婚 | 母女 | 母子 | 家人 | 夫妻 | 亲人 | 儿女 | 父女 | 收养 | 赡养 | 娶 | 离婚 | 成家 | 夫妇 | 姐妹 | 婚姻 | 相依为命 | 领养 | 独身 | 仇人 | 父子 | 一家人 | 年迈 | 双胞胎 | 嫁 | 家境 | 亲属 | 恩人 | 辈 | 配偶 | 伴侣 | 家庭 | 订婚 | 孤儿 | 长大 | 陪伴 | 全家 | 孪生 | 成年 | 血缘 | 单身 | 生育 | 管教 | 收留 | 岁数 | 门当户对 | 照料 | 兄弟 | 出生 | 年纪 | 岁 | 形影不离 | 异性 | 从小 | 家乡 | 素不相识 | 心爱 | 终生 | 姓 | 母,62.942243321967226,0.9990818004820593,0.0007489535908096035,娶:1.000000 | 嫁:1.000000 | 孪生:1.000000 | 抚养:1.000000 | 收养:1.000000 | 相依为命:1.000000 | 结婚:1.000000 | 领养:1.000000 | 长大:1.000000 | 陪伴:1.000000 | 出生:1.000000 | 父女:1.000000,
112,16,0.3591558905442182,0.055616953500391954,0.25,关掉 | 关上 | 停下 | 开动 | 打开 | 关闭 | 熄火 | 关机 | 接通 | 打断 | 停顿 | 推开,响起 | 原地 | 关机 | 熄火 | 打断 | 停下 | 停 | 接通,熄火 | 停 | 打断 | 开动 | 关闭 | 关上 | 拉开 | 关机 | 推开 | 停顿 | 停下 | 响起,关掉 | 关上 | 停下 | 开动 | 打开 | 关闭 | 熄火 | 关机 | 接通 | 打断 | 停顿 | 推开 | 停 | 响起 | 拉开 | 原地,16.00000007910465,0.9999999999999503,2.7640283396352524e-13,停:1.000000 | 停下:1.000000 | 停顿:1.000000 | 关上:1.000000 | 关掉:1.000000 | 原地:1.000000 | 响起:1.000000 | 开动:1.000000 | 打开:1.000000 | 打断:1.000000 | 拉开:1.000000 | 接通:1.000000,
113,99,0.32156741504378383,0.025260745215995965,0.35353535353535354,火车 | 列车 | 车辆 | 公交车 | 公共汽车 | 货车 | 大巴 | 电车 | 客运 | 巴士 | 公路 | 乘坐,路 | 路途 | 路面 | 行程 | 路段 | 路程 | 跑道 | 立交桥,闸 | 艘 | 码头 | 飞行 | 货物 | 路 | 安检 | 入境 | 船 | 往返 | 趟 | 巴士,火车 | 列车 | 车辆 | 公交车 | 公共汽车 | 货车 | 大巴 | 电车 | 客运 | 巴士 | 公路 | 乘坐 | 出租车 | 货运 | 客车 | 卧铺 | 缆车 | 私家车 | 游船 | 铁路 | 卡车 | 飞机 | 航班 | 高速公路 | 车站 | 警车 | 车 | 路段 | 乘车 | 轮船 | 高铁 | 通车 | 辆 | 船只 | 地铁 | 快车 | 长途 | 线路 | 客机 | 机场 | 停泊 | 运输 | 隧道 | 码头 | 特快 | 路面 | 船 | 地铁站 | 摩托 | 货物 | 集装箱 | 马车 | 道路 | 航行 | 轿车 | 时速 | 往返 | 自行车 | 停放 | 交通 | 公车 | 过境 | 通行 | 船舶 | 登机 | 电动车 | 驾驶 | 路程 | 接送 | 趟 | 机动车 | 跑车 | 立交桥 | 渔船 | 艘 | 直达 | 飞行 | 车号 | 轨道 | 降落 | 跑道 | 路途 | 吉普 | 公里 | 高速 | 路 | 飞船 | 起飞 | 目的地 | 路线 | 客流 | 桥 | 进出 | 入境 | 安检 | 出境 | 行程 | 闸 | 出入,98.94592826474361,0.9990479825860102,0.0008513778183060859,出入:1.000000 | 往返:1.000000 | 行程:1.000000 | 过境:1.000000 | 停泊:1.000000 | 火车:1.000000 | 接送:1.000000 | 进出:1.000000 | 特快:1.000000 | 降落:1.000000 | 摩托:1.000000 | 路线:1.000000,架:0.016224 | 山路:0.011172
114,61,0.297400704966821,0.04070986412176685,0.19672131147540983,组建 | 成立 | 举办 | 创办 | 设立 | 开办 | 推出 | 举行 | 创立 | 召开 | 开设 | 签署,召集 | 正式 | 传出 | 改名 | 集结 | 派出 | 入选 | 倡议,展开 | 发起人 | 主办 | 集结 | 拟 | 兴建 | 开通 | 开设 | 举办 | 联合 | 策划 | 获悉,组建 | 成立 | 举办 | 创办 | 设立 | 开办 | 推出 | 举行 | 创立 | 召开 | 开设 | 签署 | 主办 | 发起 | 兴建 | 启动 | 创建 | 签订 | 承办 | 筹备 | 建成 | 宣布 | 开通 | 筹办 | 发布 | 牵头 | 出资 | 联合 | 筹划 | 联手 | 派出 | 引入 | 动工 | 召集 | 公布 | 落户 | 引进 | 参与 | 签约 | 拟 | 正式 | 建 | 加入 | 首创 | 发起人 | 倡议 | 入选 | 首批 | 获悉 | 展开 | 招募 | 收购 | 酝酿 | 登陆 | 改名 | 集结 | 策划 | 传出 | 获 | 所属 | 从事,60.98355591791801,0.9997077007826403,0.0003260273517373273,酝酿:1.000000 | 开设:1.000000 | 加入:1.000000 | 开办:1.000000 | 创办:1.000000 | 策划:1.000000 | 筹备:1.000000 | 筹办:1.000000 | 引进:1.000000 | 发起:1.000000 | 创立:1.000000 | 拟:1.000000,
115,53,0.3104811829161637,0.004788599104548056,0.4716981132075472,本事 | 本领 | 招数 | 心思 | 窍门 | 绝招 | 有两下子 | 劲头 | 诀窍 | 手艺 | 绝技 | 本钱,火候 | 动作 | 运气 | 架势 | 说干就干 | 瘾 | 分寸 | 威风,秘方 | 下手 | 功劳 | 点子 | 短处 | 动静 | 功夫 | 本钱 | 瘾 | 路子 | 本事 | 诀窍,本事 | 本领 | 招数 | 心思 | 窍门 | 绝招 | 有两下子 | 劲头 | 诀窍 | 手艺 | 绝技 | 本钱 | 功夫 | 技巧 | 力气 | 活儿 | 计策 | 主意 | 秘诀 | 门路 | 工夫 | 长处 | 架势 | 脑筋 | 能耐 | 路子 | 短处 | 帮手 | 把柄 | 分寸 | 要领 | 秘方 | 算盘 | 胃口 | 拿手 | 火候 | 功劳 | 甜头 | 点子 | 动手 | 兴致 | 动作 | 威风 | 强项 | 运气 | 瘾 | 下手 | 动静 | 威力 | 说干就干 | 花样 | 战术 | 一番,53.00285726987566,0.9999993915966064,1.4954043261162766e-6,兴致:1.000000 | 动手:1.000000 | 威风:1.000000 | 工夫:1.000000 | 火候:1.000000 | 拿手:1.000000 | 动静:1.000000 | 绝招:1.000000 | 本钱:1.000000 | 花样:1.000000 | 要领:1.000000 | 门路:1.000000,
116,106,0.4423657459863684,0.09888475425542388,0.04716981132075472,水果 | 红薯 | 酸奶 | 牛奶 | 橙汁 | 饼干 | 豆腐 | 米饭 | 果酱 | 薯片 | 西红柿 | 果汁,主食 | 佐料 | 粥 | 面条儿 | 菜 | 饺子 | 三明治 | 食品,奶 | 酱 | 馒头 | 葡萄酒 | 果酱 | 蛋糕 | 葱 | 馅儿 | 口香糖 | 面粉 | 红茶 | 水果,水果 | 红薯 | 酸奶 | 牛奶 | 橙汁 | 饼干 | 豆腐 | 米饭 | 果酱 | 薯片 | 西红柿 | 果汁 | 南瓜 | 辣椒 | 豆浆 | 蜂蜜 | 香肠 | 薯条 | 香蕉 | 黄瓜 | 罐头 | 饼 | 茄子 | 酱 | 花生 | 柿子 | 面包 | 饺子 | 白菜 | 红茶 | 巧克力 | 芝士 | 土豆 | 西瓜 | 蔬菜 | 鸡蛋 | 汤圆 | 醋 | 菜 | 酱油 | 馒头 | 包子 | 砂糖 | 馅儿 | 豆制品 | 粥 | 肉 | 香油 | 番茄 | 面条儿 | 面粉 | 核桃 | 萝卜 | 火腿 | 调料 | 红酒 | 糖 | 蒜 | 咖啡 | 椰子 | 奶茶 | 饮料 | 糖果 | 茶叶 | 佐料 | 月饼 | 绿茶 | 蘑菇 | 汽水 | 零食 | 大米 | 葱 | 茶 | 葡萄 | 粽子 | 桂花 | 冰棍儿 | 虾 | 莲子 | 可乐 | 食物 | 枣 | 方便面 | 奶 | 味精 | 梨 | 香料 | 啤酒 | 豆子 | 主食 | 蛋糕 | 葡萄酒 | 瓜 | 三明治 | 淀粉 | 食品 | 瓜子 | 酒 | 口香糖 | 蛋 | 喜糖 | 芝麻 | 特产 | 乳制品 | 奶粉 | 白酒,105.99730113273272,0.9996400262045901,0.000327782614374724,特产:1.000000 | 红茶:1.000000 | 水果:1.000000 | 巧克力:1.000000 | 砂糖:1.000000 | 葡萄酒:1.000000 | 红薯:1.000000 | 喜糖:1.000000 | 酒:1.000000 | 酸奶:1.000000 | 饼干:1.000000 | 味精:1.000000,盐:0.017513
117,47,0.2804994880992933,0.010188943902006092,0.46808510638297873,当之无愧 | 媲美 | 大名鼎鼎 | 堪称 | 世界级 | 顶级 | 著名 | 举世无双 | 一流 | 举世闻名 | 杰出 | 顶尖,众所周知 | 显赫 | 荣获 | 瞩目 | 划时代 | 纵观 | 知名 | 叫板,显赫 | 重量级 | 当之无愧 | 最 | 超级 | 顶级 | 叫板 | 知名 | 著名 | 一流 | 呼风唤雨 | 头号,当之无愧 | 媲美 | 大名鼎鼎 | 堪称 | 世界级 | 顶级 | 著名 | 举世无双 | 一流 | 举世闻名 | 杰出 | 顶尖 | 独一无二 | 名副其实 | 瞩目 | 仅次于 | 公认 | 举世瞩目 | 号称 | 不亚于 | 知名 | 显赫 | 比不上 | 前无古人 | 无敌 | 划时代 | 重量级 | 不相上下 | 当今 | 相提并论 | 逊色 | 王牌 | 领先 | 头号 | 超级 | 呼风唤雨 | 最佳 | 最 | 全能 | 之一 | 叫板 | 众所周知 | 纵观 | 莫过于 | 荣获 | 天下 | 出自,46.996127734553696,0.9999097083468192,0.00014038670758943796,叫板:1.000000 | 媲美:1.000000 | 无敌:1.000000 | 逊色:1.000000 | 号称:1.000000 | 呼风唤雨:1.000000 | 相提并论:1.000000 | 瞩目:1.000000 | 当之无愧:1.000000 | 顶级:1.000000 | 举世闻名:1.000000 | 举世无双:1.000000,
118,72,0.2422034776095222,-0.003444017312615706,0.5555555555555556,大多数 | 大部分 | 许多 | 绝大多数 | 众多 | 多数 | 一些 | 大量 | 个别 | 部分 | 诸多 | 不少,背后 | 难以 | 频繁 | 单纯 | 近年来 | 当中 | 流动 | 密集,潜在 | 外 | 过往 | 部分 | 近年来 | 许多 | 一些 | 外来 | 单纯 | 大部分 | 个别 | 各个,大多数 | 大部分 | 许多 | 绝大多数 | 众多 | 多数 | 一些 | 大量 | 个别 | 部分 | 诸多 | 不少 | 各个 | 这些 | 少数 | 那些 | 大批 | 一部分 | 各种 | 所有 | 其他 | 少量 | 普遍 | 多种 | 广大 | 半数 | 外部 | 自身 | 一系列 | 多方面 | 各地 | 早期 | 各 | 大面积 | 外来 | 大规模 | 以往 | 内部 | 主要 | 整个 | 局部 | 外国 | 它们 | 以外 | 初期 | 隐性 | 内外 | 底层 | 长期 | 潜在 | 外界 | 集体 | 单纯 | 频繁 | 为主 | 过往 | 当地 | 外 | 密集 | 集中 | 有的是 | 之外 | 近年来 | 乃至 | 首要 | 某 | 自发 | 当中 | 难以 | 背后 | 中等 | 流动,71.96268995190145,0.9988910265083365,0.0011808317228270526,自发:1.000000 | 大面积:1.000000 | 密集:1.000000 | 普遍:1.000000 | 为主:1.000000 | 频繁:1.000000 | 大规模:1.000000 | 少量:1.000000 | 大量:1.000000 | 各地:1.000000 | 集体:1.000000 | 内部:1.000000,内:0.020433
119,61,0.2978358449567034,0.035006142570195485,0.22950819672131148,制定 | 制订 | 规定 | 实施 | 实行 | 颁布 | 依照 | 拟定 | 依据 | 遵循 | 落实 | 贯彻,重申 | 决定 | 据此 | 开展 | 认定 | 依法 | 关于 | 行使,据此 | 采取 | 涉及 | 开展 | 遵照 | 试行 | 遵循 | 要求 | 依据 | 出台 | 执行 | 列入,制定 | 制订 | 规定 | 实施 | 实行 | 颁布 | 依照 | 拟定 | 依据 | 遵循 | 落实 | 贯彻 | 履行 | 出台 | 确立 | 修订 | 采取 | 按照 | 确定 | 起草 | 推行 | 遵照 | 开展 | 遵守 | 试行 | 严格 | 施行 | 明确 | 订立 | 界定 | 列入 | 提出 | 根据 | 参照 | 执行 | 现行 | 作出 | 编制 | 纳入 | 依法 | 认定 | 负有 | 划分 | 进行 | 有关 | 符合 | 承担 | 要求 | 列为 | 定为 | 享有 | 部署 | 决定 | 负责 | 重申 | 统一 | 行使 | 涉及 | 重大 | 据此 | 关于,61.01434913496188,0.9999435559773723,0.00007966195038999956,实行:1.000000 | 制订:1.000000 | 依照:1.000000 | 遵照:1.000000 | 确定:1.000000 | 制定:1.000000 | 遵守:1.000000 | 享有:1.000000 | 提出:1.000000 | 施行:1.000000 | 颁布:1.000000 | 列入:1.000000,上述:0.010475
120,68,0.3033634106576709,0.02113505548591637,0.3382352941176471,阐述 | 解释 | 分析 | 表述 | 总结 | 论述 | 叙述 | 介绍 | 描述 | 解读 | 归纳 | 概括,领会 | 求证 | 研讨 | 提到 | 反映 | 反思 | 答 | 来龙去脉,总结 | 讲解 | 简要 | 举例 | 检讨 | 解读 | 答 | 表态 | 印证 | 结论 | 表示 | 领会,阐述 | 解释 | 分析 | 表述 | 总结 | 论述 | 叙述 | 介绍 | 描述 | 解读 | 归纳 | 概括 | 探讨 | 列举 | 解析 | 回答 | 举例 | 指出 | 解答 | 讨论 | 讲解 | 回顾 | 结论 | 简要 | 梳理 | 陈述 | 论证 | 强调 | 研讨 | 提到 | 回应 | 研究 | 谈到 | 提问 | 表示 | 反思 | 证实 | 透露 | 澄清 | 印证 | 谈 | 说明 | 反映 | 评价 | 定义 | 引用 | 报告 | 求证 | 报道 | 检讨 | 表态 | 统计 | 发表 | 点评 | 显示 | 领会 | 要点 | 答 | 提示 | 撰写 | 调查 | 对比 | 如下 | 来龙去脉 | 参考 | 建议 | 对照 | 追溯,68.02346577047496,0.9997245987001467,0.0003025512823176525,总结:1.000000 | 澄清:1.000000 | 解答:1.000000 | 提问:1.000000 | 探讨:1.000000 | 回顾:1.000000 | 论述:1.000000 | 阐述:1.000000 | 对比:1.000000 | 陈述:1.000000 | 检讨:1.000000 | 举例:1.000000,表明:0.031471
121,30,0.4156235856413428,0.1265567858427507,0.0,气温 | 寒冷 | 干旱 | 炎热 | 天气 | 高温 | 潮湿 | 湿度 | 温度 | 雨水 | 气候 | 干燥,刺骨 | 湿润 | 洪水 | 风浪 | 多云 | 毫米 | 旱灾 | 台风,风力 | 雨水 | 毫米 | 零下 | 风浪 | 低温 | 干燥 | 风沙 | 多云 | 涝 | 温度 | 暴雨,气温 | 寒冷 | 干旱 | 炎热 | 天气 | 高温 | 潮湿 | 湿度 | 温度 | 雨水 | 气候 | 干燥 | 暴雨 | 水温 | 低温 | 摄氏度 | 结冰 | 涝 | 旱 | 风沙 | 零下 | 湿润 | 旱灾 | 洪水 | 风力 | 多云 | 刺骨 | 台风 | 风浪 | 毫米,30.000070834741518,0.9999999965034444,1.1427046127780838e-8,低温:1.000000 | 刺骨:1.000000 | 天气:1.000000 | 寒冷:1.000000 | 干旱:1.000000 | 干燥:1.000000 | 摄氏度:1.000000 | 旱:1.000000 | 气温:1.000000 | 炎热:1.000000 | 高温:1.000000 | 结冰:1.000000,
122,43,0.35124000779908027,0.039854202475054015,0.18604651162790697,爱情 | 情感 | 人生 | 心灵 | 感情 | 亲情 | 时光 | 友情 | 真情 | 青春 | 岁月 | 情怀,沧桑 | 往事 | 内心 | 激情 | 无限 | 天地 | 梦 | 大自然,人生 | 情怀 | 亲情 | 生活 | 酸甜苦辣 | 萍水相逢 | 励志 | 内心 | 岁月 | 大自然 | 情感 | 生命,爱情 | 情感 | 人生 | 心灵 | 感情 | 亲情 | 时光 | 友情 | 真情 | 青春 | 岁月 | 情怀 | 情谊 | 悲欢离合 | 生命 | 童年 | 往事 | 缘分 | 灵魂 | 恋爱 | 酸甜苦辣 | 梦想 | 内心 | 人间 | 记忆 | 旅程 | 天长地久 | 激情 | 喜怒哀乐 | 永恒 | 沧桑 | 一生 | 童话 | 友谊 | 生活 | 平凡 | 萍水相逢 | 梦 | 励志 | 时空 | 大自然 | 天地 | 无限,43.00031738478984,0.999999991310981,2.816394034764469e-8,感情:1.000000 | 记忆:1.000000 | 友情:1.000000 | 激情:1.000000 | 酸甜苦辣:1.000000 | 喜怒哀乐:1.000000 | 情谊:1.000000 | 情感:1.000000 | 缘分:1.000000 | 励志:1.000000 | 天长地久:1.000000 | 沧桑:1.000000,
123,53,0.3359270757185951,0.06567245618980977,0.07547169811320754,削弱 | 缓解 | 降低 | 减轻 | 加剧 | 增强 | 加重 | 抵消 | 导致 | 消除 | 减少 | 增加,纠正 | 恢复 | 受到 | 淡化 | 制约 | 扩大 | 消化 | 释放,激发 | 伴随 | 引发 | 加剧 | 提高 | 不利于 | 加深 | 消化 | 削弱 | 拉动 | 抵消 | 扩大,削弱 | 缓解 | 降低 | 减轻 | 加剧 | 增强 | 加重 | 抵消 | 导致 | 消除 | 减少 | 增加 | 激发 | 提高 | 抑制 | 改善 | 促使 | 带动 | 提升 | 引发 | 影响 | 加深 | 造成 | 诱发 | 延缓 | 扭转 | 增进 | 弥补 | 促成 | 引起 | 拉动 | 有利于 | 有助于 | 改变 | 拖累 | 不利于 | 扩大 | 制约 | 刺激 | 产生 | 带来 | 起到 | 大大 | 释放 | 打破 | 受到 | 淡化 | 纠正 | 消化 | 伴随 | 随着 | 超出 | 恢复,53.000923701096895,0.9999876860659265,0.000021371026906463886,刺激:1.000000 | 缓解:1.000000 | 减轻:1.000000 | 淡化:1.000000 | 加重:1.000000 | 延缓:1.000000 | 拖累:1.000000 | 抵消:1.000000 | 弥补:1.000000 | 产生:1.000000 | 消化:1.000000 | 减少:1.000000,
124,52,0.29772065604035974,0.0070160253124818845,0.5,祖先 | 传承 | 后裔 | 瑰宝 | 子孙 | 后人 | 传人 | 后代 | 渊源 | 祖宗 | 传说 | 相传,古迹 | 前辈 | 弟子 | 生平 | 古 | 名胜 | 珍贵 | 血脉,生平 | 早年 | 渊源 | 族 | 中华 | 珍藏 | 遗产 | 传承 | 家族 | 造纸术 | 继承 | 祖先,祖先 | 传承 | 后裔 | 瑰宝 | 子孙 | 后人 | 传人 | 后代 | 渊源 | 祖宗 | 传说 | 相传 | 失传 | 祖传 | 起源 | 姓氏 | 遗产 | 悠久 | 发源地 | 继承 | 故乡 | 记载 | 家族 | 流传 | 宝藏 | 弟子 | 传奇 | 世袭 | 宝库 | 来历 | 古迹 | 国宝 | 祖籍 | 前辈 | 造纸术 | 世代 | 珍藏 | 名胜 | 血脉 | 生平 | 由来 | 珍贵 | 大师 | 泰斗 | 晚年 | 历史 | 早年 | 古 | 族 | 公元 | 少林寺 | 中华,51.974700274556426,0.9994571377641492,0.0005615198546032834,传人:1.000000 | 失传:1.000000 | 宝藏:1.000000 | 渊源:1.000000 | 相传:1.000000 | 祖传:1.000000 | 祖先:1.000000 | 后人:1.000000 | 发源地:1.000000 | 珍藏:1.000000 | 祖宗:1.000000 | 来历:1.000000,
125,21,0.37862577702398453,0.060320211527631375,0.09523809523809523,健身 | 减肥 | 保健 | 饮食 | 养生 | 美容 | 按摩 | 健美 | 睡眠 | 戒烟 | 健康 | 锻炼,疗养 | 忌口 | 刷牙 | 吸烟 | 健美 | 身心 | 运动 | 桑拿,睡眠 | 桑拿 | 忌口 | 戒烟 | 健美 | 养生 | 疗养 | 减肥 | 按摩 | 健身 | 美容 | 运动,健身 | 减肥 | 保健 | 饮食 | 养生 | 美容 | 按摩 | 健美 | 睡眠 | 戒烟 | 健康 | 锻炼 | 膳食 | 忌口 | 疗养 | 刷牙 | 身心 | 运动 | 桑拿 | 吸烟 | 减压,21.000010604031036,0.9999999999963255,1.7627243194836005e-11,健康:1.000000 | 健美:1.000000 | 养生:1.000000 | 减压:1.000000 | 减肥:1.000000 | 刷牙:1.000000 | 吸烟:1.000000 | 忌口:1.000000 | 桑拿:1.000000 | 睡眠:1.000000 | 美容:1.000000 | 身心:1.000000,
126,81,0.2670191686964351,-0.017892117361022378,0.7407407407407407,奋斗 | 楷模 | 榜样 | 光辉 | 拼搏 | 勇往直前 | 艰苦奋斗 | 脊梁 | 辉煌 | 自强不息 | 奉献 | 光荣,化身 | 诺言 | 勋章 | 象征 | 奉献 | 本色 | 鞭策 | 曙光,事业 | 模范 | 重任 | 勋章 | 英雄 | 奋斗 | 战场 | 鹏程万里 | 后盾 | 长征 | 成长 | 自强不息,奋斗 | 楷模 | 榜样 | 光辉 | 拼搏 | 勇往直前 | 艰苦奋斗 | 脊梁 | 辉煌 | 自强不息 | 奉献 | 光荣 | 凯歌 | 争光 | 弘扬 | 典范 | 胜利 | 使命 | 前进 | 事迹 | 成就 | 表率 | 历程 | 发愤图强 | 英雄 | 富强 | 发扬光大 | 中华民族 | 硕果 | 奇迹 | 复兴 | 祖国 | 模范 | 写照 | 万古长青 | 鹏程万里 | 源泉 | 众志成城 | 重任 | 鞭策 | 先锋 | 同舟共济 | 堡垒 | 事业 | 进步 | 功臣 | 座右铭 | 蓝图 | 造福 | 正能量 | 里程碑 | 生命线 | 后盾 | 本色 | 象征 | 光明 | 开天辟地 | 振兴 | 担当 | 摇篮 | 前途 | 投身 | 家园 | 愚公移山 | 永不 | 半边天 | 第一线 | 改革开放 | 诺言 | 立功 | 致富 | 长征 | 栋梁 | 曙光 | 行列 | 化身 | 成长 | 时刻 | 纪实 | 战场 | 勋章,80.99253139932296,0.9995864853046121,0.00046328810360027063,争光:1.000000 | 事迹:1.000000 | 摇篮:1.000000 | 化身:1.000000 | 诺言:1.000000 | 立功:1.000000 | 功臣:1.000000 | 堡垒:1.000000 | 本色:1.000000 | 造福:1.000000 | 奉献:1.000000 | 榜样:1.000000,支柱:0.022031
127,30,0.35908037202004794,0.027817508650106095,0.23333333333333334,真挚 | 诚挚 | 真诚 | 衷心 | 崇高 | 热烈 | 深情 | 深切 | 虔诚 | 英勇 | 满怀 | 亲切,朝气蓬勃 | 可歌可泣 | 沉甸甸 | 深情 | 慷慨 | 坚强 | 虔诚 | 真诚,朝气蓬勃 | 踊跃 | 深切 | 可贵 | 伟大 | 沉甸甸 | 爱国 | 满怀 | 虔诚 | 坚强 | 无比 | 深情,真挚 | 诚挚 | 真诚 | 衷心 | 崇高 | 热烈 | 深情 | 深切 | 虔诚 | 英勇 | 满怀 | 亲切 | 慷慨 | 坚定 | 庄严 | 坚强 | 顽强 | 热情 | 神圣 | 伟大 | 深深 | 可贵 | 无比 | 郑重 | 可歌可泣 | 强烈 | 踊跃 | 爱国 | 朝气蓬勃 | 沉甸甸,30.002306299405724,0.9999986278453769,2.940166189550348e-6,庄严:1.000000 | 强烈:1.000000 | 慷慨:1.000000 | 沉甸甸:1.000000 | 深切:1.000000 | 深深:1.000000 | 热情:1.000000 | 热烈:1.000000 | 英勇:1.000000 | 踊跃:1.000000 | 郑重:1.000000 | 可贵:1.000000,
128,62,0.24040213699675356,-0.027215527697768412,0.7419354838709677,炭 | 煤 | 矿 | 钢 | 窑 | 铅 | 粪 | 土 | 炼 | 铝 | 油 | 铜,腔 | 纱 | 织 | 口 | 层 | 水 | 布 | 放水,放水 | 焊 | 口 | 筑 | 产 | 采 | 纱 | 电 | 焦 | 废 | 厂 | 铅,炭 | 煤 | 矿 | 钢 | 窑 | 铅 | 粪 | 土 | 炼 | 铝 | 油 | 铜 | 焊 | 槽 | 井 | 铁 | 纱 | 锡 | 缸 | 水 | 棉 | 废 | 料 | 胎 | 布 | 气 | 碳 | 厂 | 产 | 板 | 混凝土 | 筛 | 运 | 壳 | 电 | 焦 | 采 | 立方 | 膜 | 织 | 田 | 屯 | 货 | 积 | 制 | 瓦 | 墨 | 筑 | 丙 | 坛 | 塔 | 荒 | 底 | 担 | 口 | 腔 | 桩 | 放水 | 核 | 化 | 层 | 卷,62.05610533123776,0.9997054346256412,0.0003791572377713058,料:1.000000 | 筑:1.000000 | 腔:1.000000 | 纱:1.000000 | 货:1.000000 | 荒:1.000000 | 筛:1.000000 | 桩:1.000000 | 制:1.000000 | 气:1.000000 | 担:1.000000 | 立方:1.000000,蒙:0.023472 | 销:0.020070 | 煤矿:0.017150
129,35,0.45692656498381795,0.1676136652863057,0.05714285714285714,柳树 | 松树 | 树木 | 柏树 | 桃树 | 槐树 | 树林 | 树枝 | 树叶 | 树梢 | 茂密 | 树荫,碧绿 | 石头 | 果园 | 肥沃 | 庄稼 | 芦花 | 山坡 | 小路,柏树 | 桃树 | 山冈 | 株 | 柳树 | 禾苗 | 碧绿 | 小路 | 树枝 | 树荫 | 树木 | 茂密,柳树 | 松树 | 树木 | 柏树 | 桃树 | 槐树 | 树林 | 树枝 | 树叶 | 树梢 | 茂密 | 树荫 | 棵 | 杨树 | 竹子 | 叶子 | 茂盛 | 山坡 | 树 | 碧绿 | 小溪 | 禾苗 | 池塘 | 泥土 | 庄稼 | 奇花异草 | 株 | 小路 | 荆棘 | 荷花 | 山冈 | 果园 | 石头 | 芦花 | 肥沃,34.99781289679788,0.9994799478884295,0.000547915639181674,肥沃:1.000000 | 茂密:1.000000 | 茂盛:1.000000 | 荆棘:1.000000 | 庄稼:1.000000 | 柏树:1.000000 | 树荫:1.000000 | 树梢:1.000000 | 禾苗:1.000000 | 奇花异草:1.000000 | 柳树:1.000000 | 松树:1.000000,花瓣:0.011360
130,24,0.43219463014530607,0.10114056201804965,0.041666666666666664,凉爽 | 舒服 | 凉快 | 舒适 | 暖和 | 清静 | 安逸 | 安静 | 舒畅 | 安稳 | 清凉 | 温暖,保暖 | 滋润 | 透气 | 愉快 | 干净 | 宽敞 | 爽 | 富足,安静 | 滋润 | 安定 | 舒服 | 爽 | 安稳 | 凉爽 | 舒适 | 干净 | 舒畅 | 暖和 | 富足,凉爽 | 舒服 | 凉快 | 舒适 | 暖和 | 清静 | 安逸 | 安静 | 舒畅 | 安稳 | 清凉 | 温暖 | 暖烘烘 | 宽敞 | 安宁 | 安心 | 爽 | 愉快 | 干净 | 滋润 | 安定 | 富足 | 透气 | 保暖,24.004907865585675,0.9999999999987784,6.10914376793918e-12,保暖:1.000000 | 凉快:1.000000 | 凉爽:1.000000 | 安定:1.000000 | 安稳:1.000000 | 干净:1.000000 | 暖和:1.000000 | 暖烘烘:1.000000 | 清凉:1.000000 | 温暖:1.000000 | 滋润:1.000000 | 舒服:1.000000,
131,41,0.3830651370613316,0.02904684117914879,0.2682926829268293,明媚 | 悠闲 | 宁静 | 欢乐 | 欢快 | 浪漫 | 荡漾 | 喧闹 | 缤纷 | 美景 | 美丽 | 洋溢,祥和 | 自在 | 丰盛 | 快活 | 宁静 | 风流 | 点缀 | 光彩,无边 | 风景 | 美好 | 无忧无虑 | 荡漾 | 美丽 | 浓郁 | 陶醉 | 明媚 | 梦幻 | 快活 | 悠闲,明媚 | 悠闲 | 宁静 | 欢乐 | 欢快 | 浪漫 | 荡漾 | 喧闹 | 缤纷 | 美景 | 美丽 | 洋溢 | 灿烂 | 甜蜜 | 欢声笑语 | 美好 | 无忧无虑 | 寂静 | 景色 | 芬芳 | 怡然自得 | 陶醉 | 热闹 | 快活 | 绽放 | 温馨 | 梦幻 | 风光 | 尽情 | 自由自在 | 朦胧 | 浓郁 | 自在 | 喧哗 | 风景 | 祥和 | 点缀 | 无边 | 风流 | 丰盛 | 光彩,40.99505323975514,0.999879271546171,0.00014543798860299954,喧哗:1.000000 | 喧闹:1.000000 | 怡然自得:1.000000 | 朦胧:1.000000 | 欢声笑语:1.000000 | 温馨:1.000000 | 热闹:1.000000 | 自由自在:1.000000 | 美景:1.000000 | 尽情:1.000000 | 无忧无虑:1.000000 | 快活:1.000000,
132,48,0.3637930798650047,0.02701099947497604,0.3958333333333333,儿科 | 急诊 | 针灸 | 外科 | 内科 | 临床 | 药物 | 医院 | 医生 | 西医 | 门诊 | 中医,艾滋病 | 病床 | 矫正 | 会诊 | 病房 | 老年 | 安眠药 | 兴奋剂,诊所 | 监护 | 体检 | 艾滋病 | 输液 | 医院 | 输血 | 老年 | 针灸 | 儿科 | 手术室 | 药方,儿科 | 急诊 | 针灸 | 外科 | 内科 | 临床 | 药物 | 医院 | 医生 | 西医 | 门诊 | 中医 | 输液 | 医学 | 诊断 | 中药 | 诊所 | 疗法 | 药品 | 麻醉 | 手术室 | 抗生素 | 口腔 | 护理 | 病房 | 药 | 医疗 | 会诊 | 疫苗 | 处方 | 注射 | 止血 | 艾滋病 | 病床 | 输血 | 药方 | 体检 | 预防 | 监护 | 防治 | 献血 | 婴儿 | 安眠药 | 胶囊 | 兴奋剂 | 矫正 | 老年 | 成人,47.998302149293515,0.9999592275199825,0.00005841756721279893,儿科:1.000000 | 内科:1.000000 | 医学:1.000000 | 外科:1.000000 | 手术室:1.000000 | 献血:1.000000 | 病床:1.000000 | 监护:1.000000 | 西医:1.000000 | 输液:1.000000 | 输血:1.000000 | 针灸:1.000000,
133,82,0.2615831274369633,-0.008391904703055307,0.5975609756097561,趋势 | 势头 | 步伐 | 思路 | 格局 | 机遇 | 力度 | 契机 | 局面 | 迹象 | 状况 | 方向,脉搏 | 脚步 | 窗口 | 信心 | 突破 | 定心丸 | 低谷 | 起步,积极性 | 通道 | 速度 | 意向 | 方向 | 需求 | 节奏 | 位置 | 脚步 | 缺口 | 压力 | 空间,趋势 | 势头 | 步伐 | 思路 | 格局 | 机遇 | 力度 | 契机 | 局面 | 迹象 | 状况 | 方向 | 形势 | 节奏 | 机会 | 压力 | 前景 | 进程 | 时机 | 意愿 | 轨迹 | 情况 | 动向 | 需求 | 优势 | 潜力 | 因素 | 脚步 | 苗头 | 空间 | 成效 | 难度 | 速度 | 转折点 | 信心 | 现状 | 状态 | 目标 | 进展 | 预期 | 阶段 | 动力 | 阻力 | 策略 | 效应 | 背景 | 信号 | 积极性 | 重心 | 风险 | 支撑 | 概率 | 脉络 | 角度 | 底线 | 常态 | 展望 | 大局 | 位置 | 亮点 | 通道 | 惯性 | 意向 | 起点 | 呼声 | 脉搏 | 几率 | 环境 | 关键 | 方面 | 突破 | 低谷 | 缺口 | 窗口 | 起步 | 成功率 | 支柱 | 步 | 定心丸 | 指引 | 之下 | 松绑,81.97329387958662,0.9986097572393539,0.001295098478157186,脚步:1.000000 | 势头:1.000000 | 轨迹:1.000000 | 步伐:1.000000 | 状态:1.000000 | 几率:1.000000 | 难度:1.000000 | 苗头:1.000000 | 机会:1.000000 | 格局:1.000000 | 惯性:1.000000 | 动力:1.000000,政策:0.081836
134,36,0.3667779379151313,0.021287482977170293,0.3333333333333333,恳求 | 哀求 | 劝说 | 劝告 | 劝 | 质问 | 劝阻 | 辩解 | 安慰 | 推辞 | 反驳 | 认错,附和 | 言辞 | 上司 | 倾诉 | 壮胆 | 诉说 | 安慰 | 劝告,劝说 | 说情 | 事后 | 质问 | 反问 | 言辞 | 乞求 | 答应 | 无可奉告 | 劝阻 | 说服 | 哀求,恳求 | 哀求 | 劝说 | 劝告 | 劝 | 质问 | 劝阻 | 辩解 | 安慰 | 推辞 | 反驳 | 认错 | 说情 | 诉说 | 说服 | 表白 | 道歉 | 诉苦 | 答应 | 倾诉 | 反问 | 乞求 | 告状 | 当面 | 言辞 | 再三 | 坦白 | 当众 | 附和 | 私下 | 上司 | 口头 | 事后 | 壮胆 | 对方 | 无可奉告,35.999972478931134,0.9999980532505232,4.0881246447581e-6,乞求:1.000000 | 倾诉:1.000000 | 壮胆:1.000000 | 恳求:1.000000 | 私下:1.000000 | 诉苦:1.000000 | 哀求:1.000000 | 安慰:1.000000 | 言辞:1.000000 | 道歉:1.000000 | 当面:1.000000 | 当众:1.000000,
135,43,0.4537365473388389,0.1322646824263364,0.023255813953488372,中餐 | 西餐 | 餐厅 | 烤肉 | 火锅 | 海鲜 | 小吃 | 餐馆 | 晚餐 | 卤味 | 烧烤 | 点心,餐桌 | 麻将 | 口味 | 盒饭 | 饭 | 烹调 | 素食 | 卤味,午餐 | 夜市 | 盒饭 | 素食 | 餐 | 年夜饭 | 餐饮 | 小吃 | 点心 | 用餐 | 晚餐 | 就餐,中餐 | 西餐 | 餐厅 | 烤肉 | 火锅 | 海鲜 | 小吃 | 餐馆 | 晚餐 | 卤味 | 烧烤 | 点心 | 午餐 | 美味 | 饭馆 | 餐 | 早餐 | 年夜饭 | 快餐 | 美食 | 烤鸭 | 酒楼 | 寿司 | 饭 | 用餐 | 餐饮 | 饭店 | 就餐 | 厨师 | 风味 | 料理 | 烹调 | 便饭 | 素食 | 盒饭 | 酒水 | 口味 | 餐桌 | 外卖 | 夜市 | 伙食 | 老字号 | 麻将,42.99734828811149,0.9999297393797952,0.00010994746205255985,厨师:1.000000 | 料理:1.000000 | 烧烤:1.000000 | 烹调:1.000000 | 伙食:1.000000 | 美食:1.000000 | 素食:1.000000 | 午餐:1.000000 | 年夜饭:1.000000 | 餐:1.000000 | 便饭:1.000000 | 就餐:1.000000,
136,37,0.37654165475118867,0.02470601115149398,0.2972972972972973,思念 | 挂念 | 牵挂 | 想念 | 恨 | 心事 | 怀念 | 心愿 | 惦记 | 期盼 | 盼望 | 心意,怨气 | 苦 | 恨 | 怀念 | 滋味 | 怨 | 愁 | 日子,心 | 恩情 | 苦 | 挂念 | 奢望 | 怀着 | 心情 | 愿望 | 念念不忘 | 日子 | 怨 | 恨,思念 | 挂念 | 牵挂 | 想念 | 恨 | 心事 | 怀念 | 心愿 | 惦记 | 期盼 | 盼望 | 心意 | 恩情 | 怨 | 心里 | 心中 | 心里话 | 心 | 心声 | 情 | 痴心 | 了却 | 盼 | 心情 | 愁 | 遂心 | 怨气 | 愿望 | 念念不忘 | 怀着 | 爱 | 忘不了 | 滋味 | 苦 | 奢望 | 日子 | 怀抱,37.000001568146565,0.9999999988932448,3.833948346599683e-9,心声:1.000000 | 心意:1.000000 | 心愿:1.000000 | 心里话:1.000000 | 怀念:1.000000 | 思念:1.000000 | 惦记:1.000000 | 想念:1.000000 | 日子:1.000000 | 牵挂:1.000000 | 盼:1.000000 | 盼望:1.000000,
137,40,0.35242098891190576,0.08672740101430881,0.125,信件 | 电话 | 邮件 | 回信 | 电子邮件 | 打电话 | 短信 | 来信 | 电报 | 来电 | 答复 | 拨打,转交 | 请求 | 向 | 通话 | 请帖 | 上门 | 书面 | 声明,发出 | 公开信 | 请帖 | 声明 | 电子邮件 | 留言 | 通告 | 答复 | 来信 | 匿名 | 回信 | 请求,信件 | 电话 | 邮件 | 回信 | 电子邮件 | 打电话 | 短信 | 来信 | 电报 | 来电 | 答复 | 拨打 | 接到 | 公函 | 信箱 | 发送 | 留言 | 接听 | 拨通 | 通知 | 投诉 | 举报 | 收到 | 公开信 | 回复 | 传真 | 热线 | 通告 | 反馈 | 请求 | 通话 | 请帖 | 封 | 匿名 | 转交 | 书面 | 发出 | 声明 | 上门 | 向,40.00034018201657,0.9999999299695347,1.9569115110545922e-7,上门:1.000000 | 信件:1.000000 | 反馈:1.000000 | 发出:1.000000 | 回信:1.000000 | 拨打:1.000000 | 拨通:1.000000 | 接听:1.000000 | 来信:1.000000 | 来电:1.000000 | 电报:1.000000 | 通话:1.000000,
138,33,0.2954125625462675,0.017088666476030384,0.3939393939393939,难题 | 破解 | 解决 | 难点 | 症结 | 难关 | 瓶颈 | 克服 | 突破口 | 出路 | 障碍 | 化解,介入 | 共识 | 考验 | 根治 | 补救 | 疏通 | 见效 | 尝试,难题 | 考验 | 破解 | 见效 | 找出 | 症结 | 瓶颈 | 疏通 | 摸索 | 挑战 | 障碍 | 解决,难题 | 破解 | 解决 | 难点 | 症结 | 难关 | 瓶颈 | 克服 | 突破口 | 出路 | 障碍 | 化解 | 对策 | 当务之急 | 破除 | 根治 | 解开 | 隐患 | 挑战 | 应对 | 补救 | 重中之重 | 找出 | 疏通 | 尝试 | 考验 | 共识 | 入手 | 摸索 | 见效 | 空白 | 铺路 | 介入,33.00009041672348,0.9999999918771241,2.6919828660513133e-8,化解:1.000000 | 根治:1.000000 | 疏通:1.000000 | 破解:1.000000 | 考验:1.000000 | 补救:1.000000 | 解开:1.000000 | 对策:1.000000 | 铺路:1.000000 | 克服:1.000000 | 应对:1.000000 | 见效:1.000000,
139,57,0.4510604366414259,0.07548153722181922,0.08771929824561403,诧异 | 惊讶 | 吃惊 | 沮丧 | 惊诧 | 茫然 | 惊慌 | 气愤 | 慌张 | 羞愧 | 慌乱 | 疑惑,痛心 | 无奈 | 愤怒 | 羞愧 | 奇怪 | 愁眉苦脸 | 激动 | 莫名其妙,受惊 | 大吃一惊 | 恐慌 | 恍然大悟 | 万分 | 好奇 | 喜出望外 | 感到 | 漠然 | 沮丧 | 惊奇 | 吃惊,诧异 | 惊讶 | 吃惊 | 沮丧 | 惊诧 | 茫然 | 惊慌 | 气愤 | 慌张 | 羞愧 | 慌乱 | 疑惑 | 惊慌失措 | 焦急 | 不解 | 惊奇 | 欣喜 | 迷惑不解 | 不安 | 失望 | 愤怒 | 痛心 | 兴奋 | 激动 | 目瞪口呆 | 胆怯 | 震惊 | 哭笑不得 | 大吃一惊 | 不耐烦 | 垂头丧气 | 迟疑 | 恍然大悟 | 畏惧 | 狼狈 | 无可奈何 | 无奈 | 犹豫 | 半信半疑 | 愁眉苦脸 | 泄气 | 恼羞成怒 | 漠然 | 奇怪 | 喜出望外 | 好奇 | 不已 | 感到 | 心急如焚 | 不以为然 | 犹豫不决 | 恐慌 | 措手不及 | 受惊 | 哗然 | 莫名其妙 | 万分,57.007231032117026,0.999990626483034,0.000017573582278117408,受惊:1.000000 | 心急如焚:1.000000 | 泄气:1.000000 | 焦急:1.000000 | 半信半疑:1.000000 | 惊慌:1.000000 | 慌张:1.000000 | 慌乱:1.000000 | 迷惑不解:1.000000 | 兴奋:1.000000 | 不已:1.000000 | 惊慌失措:1.000000,
140,25,0.42173106247142805,0.09550240372688525,0.04,外形 | 造型 | 气质 | 外貌 | 外表 | 线条 | 长相 | 外观 | 装扮 | 发型 | 身材 | 性格,款式 | 棱角 | 形象 | 打扮 | 花纹 | 性格 | 轮廓 | 色彩,颜色 | 形象 | 风格 | 搭配 | 特质 | 造型 | 发型 | 打扮 | 轮廓 | 身材 | 花纹 | 外观,外形 | 造型 | 气质 | 外貌 | 外表 | 线条 | 长相 | 外观 | 装扮 | 发型 | 身材 | 性格 | 个性 | 颜色 | 轮廓 | 风格 | 打扮 | 花纹 | 款式 | 特质 | 色彩 | 酷似 | 形象 | 搭配 | 棱角,25.00278467495893,0.9999999999998039,1.0428280965654185e-12,外形:1.000000 | 外表:1.000000 | 外观:1.000000 | 外貌:1.000000 | 形象:1.000000 | 打扮:1.000000 | 搭配:1.000000 | 棱角:1.000000 | 款式:1.000000 | 线条:1.000000 | 色彩:1.000000 | 装扮:1.000000,
141,79,0.2931707456197898,-0.0013980865669501676,0.5443037974683544,军官 | 士兵 | 军人 | 官兵 | 战士 | 外交官 | 官吏 | 船员 | 职员 | 警官 | 医务 | 官员,战友 | 罪犯 | 工人 | 证人 | 民众 | 前线 | 雇主 | 革命,军舰 | 宇航员 | 医务 | 穆斯林 | 画家 | 人员 | 前线 | 工会 | 全体 | 留学生 | 警官 | 船员,军官 | 士兵 | 军人 | 官兵 | 战士 | 外交官 | 官吏 | 船员 | 职员 | 警官 | 医务 | 官员 | 公民 | 干部 | 工人 | 囚犯 | 议员 | 法官 | 留学生 | 飞行员 | 队员 | 雇员 | 部队 | 知识分子 | 罪犯 | 民众 | 团员 | 华侨 | 商人 | 作家 | 战友 | 平民 | 海军 | 学者 | 人民 | 师生 | 领事 | 官僚 | 水手 | 工商界 | 空军 | 僧人 | 公仆 | 将军 | 科学家 | 选民 | 人员 | 穆斯林 | 陆军 | 军舰 | 画家 | 同志 | 子弟 | 领事馆 | 奴隶 | 同胞 | 宇航员 | 船长 | 工会 | 元首 | 建筑师 | 大使馆 | 文艺界 | 国王 | 国民 | 移民 | 雇主 | 证人 | 下级 | 航天员 | 使者 | 党 | 全体 | 报社 | 团体 | 前线 | 队伍 | 边疆 | 革命,79.13467915261985,0.9994773073926109,0.0006672288673648446,官吏:1.000000 | 战士:1.000000 | 宇航员:1.000000 | 奴隶:1.000000 | 士兵:1.000000 | 证人:1.000000 | 军官:1.000000 | 部队:1.000000 | 平民:1.000000 | 飞行员:1.000000 | 工商界:1.000000 | 全体:1.000000,代理人:0.028682 | 首都:0.024565 | 教师:0.022644 | 祖国:0.020852 | 总统:0.011161
142,58,0.2766758486969688,-0.0024613228665893066,0.5172413793103449,蓬勃 | 兴起 | 热潮 | 兴旺 | 崛起 | 欣欣向荣 | 日趋 | 焕发 | 涌现 | 迭起 | 愈演愈烈 | 日益,开花 | 风暴 | 丰收 | 活力 | 景象 | 回归 | 面貌 | 昌盛,愈来愈 | 昌盛 | 日新月异 | 开花 | 潮 | 与日俱增 | 景象 | 没落 | 日趋 | 涌现 | 高潮 | 变迁,蓬勃 | 兴起 | 热潮 | 兴旺 | 崛起 | 欣欣向荣 | 日趋 | 焕发 | 涌现 | 迭起 | 愈演愈烈 | 日益 | 繁荣 | 变革 | 壮大 | 红火 | 日新月异 | 生机 | 诞生 | 序幕 | 高潮 | 到来 | 缩影 | 变迁 | 掀起 | 没落 | 势不可当 | 层出不穷 | 演变 | 迎来 | 景象 | 面貌 | 空前 | 深入人心 | 火热 | 潮流 | 迈进 | 萌芽 | 与日俱增 | 步入 | 昌盛 | 时代 | 转变 | 活力 | 上演 | 洗礼 | 潮 | 飞跃 | 愈来愈 | 大有可为 | 问世 | 萌发 | 丰收 | 千家万户 | 风暴 | 开花 | 时期 | 回归,57.979317958655734,0.9995961667273605,0.0004330710251927416,兴旺:1.000000 | 欣欣向荣:1.000000 | 萌发:1.000000 | 掀起:1.000000 | 热潮:1.000000 | 兴起:1.000000 | 变迁:1.000000 | 红火:1.000000 | 洗礼:1.000000 | 开花:1.000000 | 蓬勃:1.000000 | 面貌:1.000000,
143,28,0.3295923456245357,0.07077052641307204,0.21428571428571427,耗费 | 花费 | 消耗 | 付出 | 节省 | 浪费 | 积累 | 精力 | 投入 | 节约 | 心血 | 损失,回报 | 损失 | 沉淀 | 体力 | 开销 | 收获 | 储备 | 时间,消耗 | 沉淀 | 贡献 | 代价 | 投入 | 损失 | 花费 | 精力 | 回报 | 积蓄 | 成本 | 累积,耗费 | 花费 | 消耗 | 付出 | 节省 | 浪费 | 积累 | 精力 | 投入 | 节约 | 心血 | 损失 | 成本 | 开销 | 耗时 | 代价 | 耗 | 积蓄 | 工作量 | 体力 | 累积 | 贡献 | 储备 | 透支 | 时间 | 沉淀 | 收获 | 回报,28.000366608934623,0.999999983479581,5.0144902563499863e-8,付出:1.000000 | 代价:1.000000 | 心血:1.000000 | 收获:1.000000 | 沉淀:1.000000 | 消耗:1.000000 | 积累:1.000000 | 积蓄:1.000000 | 精力:1.000000 | 耗时:1.000000 | 耗费:1.000000 | 节省:1.000000,
144,58,0.39882453507234805,0.05688534086991572,0.1206896551724138,蠢 | 胆小 | 乖 | 聪明 | 贪玩儿 | 乖巧 | 傻 | 调皮 | 笨 | 听话 | 小气 | 可爱,害羞 | 自以为是 | 目中无人 | 倒霉 | 多心 | 孤陋寡闻 | 可怜 | 暴躁,爱面子 | 丑 | 勤快 | 偷懒 | 倔 | 糊涂 | 帅 | 大大咧咧 | 乖巧 | 贪玩儿 | 老实 | 胆小,蠢 | 胆小 | 乖 | 聪明 | 贪玩儿 | 乖巧 | 傻 | 调皮 | 笨 | 听话 | 小气 | 可爱 | 娇气 | 老实 | 懂事 | 倔 | 顽皮 | 笨蛋 | 暴躁 | 淘气 | 娇惯 | 脾气 | 机灵 | 小偷儿 | 讨人喜欢 | 勤快 | 糊涂 | 大大咧咧 | 粗心 | 懒 | 害羞 | 爱面子 | 丑 | 逗 | 胖 | 胆子 | 倒霉 | 可怜 | 贱 | 心眼儿 | 偷懒 | 目中无人 | 傻瓜 | 自以为是 | 怪 | 粗心大意 | 能干 | 小人 | 帅 | 坏人 | 个头儿 | 个儿 | 穷 | 坏 | 孤陋寡闻 | 天生 | 惯 | 多心,57.99659935167347,0.9999149301245275,0.00010757316758438423,粗心:1.000000 | 偷懒:1.000000 | 惯:1.000000 | 乖:1.000000 | 笨:1.000000 | 蠢:1.000000 | 调皮:1.000000 | 娇气:1.000000 | 孤陋寡闻:1.000000 | 个头儿:1.000000 | 懒:1.000000 | 娇惯:1.000000,
145,41,0.3614019911985917,0.022038576712217445,0.3170731707317073,苦恼 | 困惑 | 发愁 | 忧虑 | 犯愁 | 头疼 | 困难 | 伤脑筋 | 操心 | 担忧 | 麻烦 | 担心,不平 | 辛苦 | 一筹莫展 | 怨言 | 提心吊胆 | 吃力 | 困惑 | 操劳,心病 | 一筹莫展 | 不便 | 窘迫 | 疑虑 | 紧张 | 难处 | 力不从心 | 担子 | 迫切 | 困难 | 繁重,苦恼 | 困惑 | 发愁 | 忧虑 | 犯愁 | 头疼 | 困难 | 伤脑筋 | 操心 | 担忧 | 麻烦 | 担心 | 棘手 | 烦恼 | 顾虑 | 难处 | 困扰 | 窘迫 | 急迫 | 疑虑 | 紧迫 | 提心吊胆 | 吃力 | 紧张 | 繁重 | 迫切 | 怨言 | 操劳 | 一筹莫展 | 辛苦 | 心病 | 力不从心 | 艰巨 | 后顾之忧 | 不便 | 耽搁 | 着落 | 难 | 担子 | 雪上加霜 | 不平,40.99810113418351,0.999952118544568,0.00006546828874766459,不便:1.000000 | 不平:1.000000 | 伤脑筋:1.000000 | 发愁:1.000000 | 吃力:1.000000 | 头疼:1.000000 | 心病:1.000000 | 急迫:1.000000 | 担子:1.000000 | 操劳:1.000000 | 棘手:1.000000 | 烦恼:1.000000,
146,55,0.3359235253683803,0.05162416060422131,0.18181818181818182,猜测 | 揣测 | 判断 | 推断 | 推测 | 断定 | 怀疑 | 猜想 | 思考 | 思索 | 揣摩 | 琢磨,期望 | 深思 | 追问 | 预感 | 反应 | 察觉 | 试探 | 质疑,归结 | 质疑 | 疑问 | 察觉 | 揣摩 | 推理 | 判定 | 审视 | 定论 | 推算 | 追问 | 争论,猜测 | 揣测 | 判断 | 推断 | 推测 | 断定 | 怀疑 | 猜想 | 思考 | 思索 | 揣摩 | 琢磨 | 预言 | 预测 | 评判 | 理解 | 判定 | 议论 | 预见 | 假定 | 追问 | 假设 | 争论 | 想象 | 设想 | 推算 | 预料 | 确信 | 质疑 | 定论 | 权衡 | 推敲 | 观察 | 分辨 | 审视 | 衡量 | 考量 | 盘算 | 察觉 | 谈论 | 预感 | 疑问 | 深思 | 推理 | 认为 | 辨别 | 看出 | 探求 | 暗示 | 看待 | 证明 | 试探 | 期望 | 归结 | 反应,54.998615479985055,0.9999209363317044,0.00011039491760592343,揣摩:1.000000 | 揣测:1.000000 | 猜测:1.000000 | 琢磨:1.000000 | 盘算:1.000000 | 议论:1.000000 | 怀疑:1.000000 | 试探:1.000000 | 断定:1.000000 | 探求:1.000000 | 分辨:1.000000 | 预感:1.000000,
147,47,0.3614682466003835,0.10150788475731647,0.1276595744680851,任命 | 辞职 | 出任 | 聘任 | 辞去 | 就任 | 罢免 | 辞退 | 担任 | 撤换 | 离职 | 免职,宣读 | 此事 | 出面 | 点名 | 提议 | 退役 | 拍板 | 上台,任 | 拍板 | 聘 | 辞职 | 担任 | 出任 | 撤换 | 加盟 | 任命 | 辞退 | 连任 | 退役,任命 | 辞职 | 出任 | 聘任 | 辞去 | 就任 | 罢免 | 辞退 | 担任 | 撤换 | 离职 | 免职 | 任职 | 辞呈 | 任期 | 上任 | 连任 | 兼任 | 提名 | 当选 | 接替 | 任 | 就职 | 解雇 | 提拔 | 聘用 | 聘 | 下台 | 推选 | 选举 | 开除 | 退休 | 聘请 | 辞 | 竞选 | 接手 | 接班 | 上台 | 跳槽 | 出面 | 加盟 | 提议 | 退役 | 点名 | 拍板 | 宣读 | 此事,46.999997962770564,0.9999987408200088,2.752612104447061e-6,下台:1.000000 | 出面:1.000000 | 接手:1.000000 | 接替:1.000000 | 接班:1.000000 | 辞去:1.000000 | 辞职:1.000000 | 辞呈:1.000000 | 离职:1.000000 | 出任:1.000000 | 任命:1.000000 | 推选:1.000000,
148,34,0.30082077314941463,0.018289367360385392,0.4117647058823529,有名 | 常见 | 出名 | 驰名 | 闻名 | 耳熟能详 | 远近闻名 | 少见 | 家喻户晓 | 流行 | 常用 | 正宗,地道 | 原汁原味 | 正宗 | 讲究 | 擅长 | 名贵 | 特色 | 古老,特有 | 有名 | 典型 | 地道 | 流行 | 耳熟能详 | 大同小异 | 寥寥无几 | 常见 | 常用 | 驰名 | 擅长,有名 | 常见 | 出名 | 驰名 | 闻名 | 耳熟能详 | 远近闻名 | 少见 | 家喻户晓 | 流行 | 常用 | 正宗 | 经典 | 古老 | 典型 | 盛行 | 名贵 | 讲究 | 熟悉 | 应有尽有 | 原汁原味 | 比比皆是 | 必不可少 | 特有 | 畅销 | 擅长 | 特色 | 五花八门 | 地道 | 大同小异 | 一应俱全 | 之类 | 少不了 | 寥寥无几,34.0001650778784,0.9999976404684288,4.763065105468501e-6,一应俱全:1.000000 | 出名:1.000000 | 原汁原味:1.000000 | 地道:1.000000 | 应有尽有:1.000000 | 正宗:1.000000 | 流行:1.000000 | 熟悉:1.000000 | 讲究:1.000000 | 驰名:1.000000 | 名贵:1.000000 | 远近闻名:1.000000,
149,33,0.3465867843304977,0.0423864274808318,0.30303030303030304,屡次 | 一再 | 多次 | 不惜 | 曾 | 公然 | 三番五次 | 执意 | 极力 | 频频 | 特意 | 故意,毅然 | 急于 | 不得已 | 特地 | 毫无 | 毫不 | 不得不 | 极力,试图 | 毫无 | 毫不 | 一再 | 屡次 | 屡 | 无意 | 不得已 | 多次 | 从未 | 曾 | 接连,屡次 | 一再 | 多次 | 不惜 | 曾 | 公然 | 三番五次 | 执意 | 极力 | 频频 | 特意 | 故意 | 接连 | 不得不 | 无意 | 有意 | 曾经 | 刻意 | 被迫 | 试图 | 特地 | 毅然 | 从未 | 强行 | 先后 | 接二连三 | 急于 | 不得已 | 屡 | 一度 | 毫不 | 高调 | 毫无,33.00543448655395,0.9999991275228178,2.03022067310043e-6,一再:1.000000 | 多次:1.000000 | 屡:1.000000 | 屡次:1.000000 | 曾:1.000000 | 毅然:1.000000 | 特地:1.000000 | 特意:1.000000 | 频频:1.000000 | 高调:1.000000 | 有意:1.000000 | 刻意:1.000000,
150,38,0.3837371172888139,0.052864355228873824,0.18421052631578946,美妙 | 引人入胜 | 奇特 | 动人 | 奇妙 | 新颖 | 生动 | 惊心动魄 | 扣人心弦 | 新奇 | 感人 | 壮丽,轻松 | 圆满 | 酣畅 | 紧凑 | 画龙点睛 | 动感 | 难忘 | 鲜活,惊险 | 丰富多彩 | 新奇 | 引人入胜 | 宏伟 | 壮观 | 动人 | 壮丽 | 美妙 | 震撼 | 动感 | 画龙点睛,美妙 | 引人入胜 | 奇特 | 动人 | 奇妙 | 新颖 | 生动 | 惊心动魄 | 扣人心弦 | 新奇 | 感人 | 壮丽 | 壮观 | 精妙 | 有趣 | 精彩 | 惊险 | 酣畅 | 独特 | 逼真 | 神奇 | 宏伟 | 震撼 | 宏大 | 动感 | 丰富多彩 | 别具匠心 | 耳目一新 | 难忘 | 完美 | 非凡 | 崭新 | 鲜活 | 紧凑 | 有声有色 | 画龙点睛 | 轻松 | 圆满,38.0003455984239,0.999999996015501,1.3916880234991966e-8,别具匠心:1.000000 | 圆满:1.000000 | 惊险:1.000000 | 新奇:1.000000 | 精彩:1.000000 | 轻松:1.000000 | 难忘:1.000000 | 震撼:1.000000 | 美妙:1.000000 | 扣人心弦:1.000000 | 有声有色:1.000000 | 感人:1.000000,
151,76,0.33666376226288997,0.015592103783758596,0.3684210526315789,不要 | 宁愿 | 非得 | 怕 | 何必 | 从来不 | 不肯 | 用不着 | 宁可 | 不用 | 忍心 | 别,顾不得 | 索性 | 干脆 | 顾不上 | 自己 | 情愿 | 理所当然 | 别人,白白 | 怕 | 从来 | 老是 | 只管 | 愿意 | 顾不得 | 不许 | 千万 | 永远 | 拼命 | 免得,不要 | 宁愿 | 非得 | 怕 | 何必 | 从来不 | 不肯 | 用不着 | 宁可 | 不用 | 忍心 | 别 | 懒得 | 巴不得 | 休想 | 不许 | 从不 | 愿意 | 生怕 | 敢 | 何苦 | 免得 | 舍不得 | 只管 | 不必 | 决不 | 老是 | 恨不得 | 要 | 再也 | 随便 | 甘心 | 索性 | 情愿 | 干脆 | 轻易 | 竟敢 | 照样 | 只能 | 不曾 | 从没 | 就要 | 再 | 动不动 | 心安理得 | 别人 | 拼命 | 乐意 | 只顾 | 顾不得 | 有人 | 假装 | 顾不上 | 存心 | 指望 | 从来 | 永远 | 不再 | 能 | 白白 | 发誓 | 一辈子 | 一味 | 到头来 | 统统 | 自己 | 从今以后 | 勉强 | 有朝一日 | 为了 | 只 | 理所当然 | 通通 | 千万 | 无可厚非 | 被,76.46644147984071,0.9993402372982315,0.000791284525515583,白白:1.000000 | 顾不得:1.000000 | 顾不上:1.000000 | 只管:1.000000 | 宁愿:1.000000 | 宁可:1.000000 | 忍心:1.000000 | 发誓:1.000000 | 乐意:1.000000 | 敢:1.000000 | 决不:1.000000 | 只顾:1.000000,不:0.479513
152,53,0.3180702120618754,0.00484379015955339,0.4528301886792453,加热 | 热气 | 空气 | 气体 | 气泡 | 灰尘 | 燃烧 | 液体 | 氧气 | 火焰 | 灼热 | 混浊,汗水 | 洁净 | 浸泡 | 污秽 | 搅拌 | 点火 | 均匀 | 热水,灼热 | 点火 | 高压 | 燃烧 | 真空 | 辐射 | 噪音 | 氧气 | 热水 | 融化 | 加热 | 表面,加热 | 热气 | 空气 | 气体 | 气泡 | 灰尘 | 燃烧 | 液体 | 氧气 | 火焰 | 灼热 | 混浊 | 搅拌 | 凝固 | 振动 | 热水 | 冲洗 | 气味 | 噪声 | 噪音 | 冷气 | 腐蚀 | 浮力 | 密封 | 浸泡 | 过滤 | 污秽 | 净化 | 融化 | 氧 | 响声 | 均匀 | 通风 | 沸腾 | 洁净 | 尾气 | 真空 | 发光 | 能量 | 荧光 | 裂缝 | 绝缘 | 震动 | 破碎 | 火花 | 大气 | 泡沫 | 光线 | 表面 | 高压 | 点火 | 汗水 | 辐射,52.98906747675438,0.9997927197283487,0.0002287905574220639,冷气:1.000000 | 沸腾:1.000000 | 燃烧:1.000000 | 噪声:1.000000 | 净化:1.000000 | 凝固:1.000000 | 汗水:1.000000 | 混浊:1.000000 | 破碎:1.000000 | 噪音:1.000000 | 融化:1.000000 | 腐蚀:1.000000,
153,67,0.32917998275146154,0.015582500043331225,0.3582089552238806,公园 | 宫殿 | 广场 | 花园 | 教堂 | 礼堂 | 舞厅 | 体育馆 | 剧院 | 体育场 | 喷泉 | 游泳池,草坪 | 屋 | 酒吧 | 温泉 | 栋 | 园地 | 大厅 | 郊外,座 | 园林 | 栋 | 寺庙 | 动物园 | 幢 | 体育馆 | 绿地 | 街 | 图书馆 | 酒吧 | 寺,公园 | 宫殿 | 广场 | 花园 | 教堂 | 礼堂 | 舞厅 | 体育馆 | 剧院 | 体育场 | 喷泉 | 游泳池 | 大楼 | 宾馆 | 场馆 | 剧场 | 皇宫 | 大厦 | 博物馆 | 寺庙 | 大厅 | 建筑物 | 酒吧 | 球场 | 别墅 | 清真寺 | 电影院 | 图书馆 | 草坪 | 幢 | 园 | 殿堂 | 四合院 | 宫 | 乐园 | 景点 | 动物园 | 大街 | 夜总会 | 景观 | 建筑 | 街道 | 栋 | 庄园 | 露天 | 场地 | 屋 | 场所 | 街 | 厅 | 景区 | 绿地 | 温泉 | 天桥 | 寺 | 郊外 | 堂 | 公共场所 | 校园 | 监狱 | 园林 | 鸟巢 | 设施 | 院 | 城 | 座 | 园地,67.05265905454395,0.9998671352885828,0.0001774331844341432,场地:1.000000 | 场所:1.000000 | 殿堂:1.000000 | 乐园:1.000000 | 宫殿:1.000000 | 园地:1.000000 | 皇宫:1.000000 | 公共场所:1.000000 | 园:1.000000 | 舞厅:1.000000 | 夜总会:1.000000 | 建筑物:1.000000,楼:0.024606 | 大道:0.018454 | 阅览室:0.011416
154,87,0.28076181243155046,0.0039505440464962325,0.4482758620689655,设备 | 电源 | 部件 | 通信 | 配件 | 发电机 | 电池 | 电力 | 汽车 | 零件 | 太阳能 | 机械,多媒体 | 内存 | 指南针 | 直升机 | 数码 | 防盗 | 操控 | 天线,导弹 | 照明 | 金属 | 联网 | 装备 | 汽车 | 服务器 | 石油 | 计算机 | 配件 | 型号 | 直升机,设备 | 电源 | 部件 | 通信 | 配件 | 发电机 | 电池 | 电力 | 汽车 | 零件 | 太阳能 | 机械 | 装备 | 仪器 | 燃气 | 芯片 | 仪表 | 电器 | 燃料 | 能源 | 通讯 | 照明 | 功率 | 智能 | 传输 | 硬件 | 导航 | 无线电 | 装置 | 核能 | 卫星 | 机器 | 计算机 | 激光 | 无线 | 软件 | 充电 | 电网 | 光缆 | 器材 | 发电 | 管道 | 节能 | 家电 | 民用 | 天线 | 系统 | 家用 | 阀门 | 工业 | 天然气 | 技术 | 轮胎 | 服务器 | 燃油 | 潜艇 | 机器人 | 导弹 | 非金属 | 型号 | 电动 | 材料 | 联网 | 发射 | 能耗 | 金属 | 车轴 | 引擎 | 石油 | 防盗 | 远程 | 核电站 | 多媒体 | 移动 | 水泥 | 坦克 | 直升机 | 公用 | 火箭 | 内存 | 工厂 | 防火墙 | 数码 | 操控 | 输出 | 马力 | 指南针,87.07712611639313,0.9993774554717455,0.0006571730658664439,防盗:1.000000 | 家用:1.000000 | 仪表:1.000000 | 配件:1.000000 | 机器:1.000000 | 马力:1.000000 | 器材:1.000000 | 引擎:1.000000 | 无线电:1.000000 | 装置:1.000000 | 装备:1.000000 | 燃料:1.000000,微型:0.041217 | 人工智能:0.020767 | 电信:0.018235 | 环保:0.013033
155,27,0.42195466548935456,0.0935868961274024,0.07407407407407407,结实 | 壮实 | 红润 | 柔软 | 光滑 | 健壮 | 翠绿 | 修长 | 鲜艳 | 晶莹 | 坚硬 | 丰满,分明 | 翠绿 | 红扑扑 | 质地 | 白色 | 高大 | 宽阔 | 苗条,结实 | 光泽 | 宽阔 | 修长 | 红润 | 裸露 | 强壮 | 苗条 | 丰满 | 坚硬 | 明亮 | 高大,结实 | 壮实 | 红润 | 柔软 | 光滑 | 健壮 | 翠绿 | 修长 | 鲜艳 | 晶莹 | 坚硬 | 丰满 | 明亮 | 苗条 | 光泽 | 强壮 | 高大 | 红扑扑 | 整齐 | 宽阔 | 水灵灵 | 饱满 | 矮小 | 质地 | 白色 | 裸露 | 分明,27.00126815140468,0.9998458276774147,0.0001889383982452905,健壮:1.000000 | 光泽:1.000000 | 分明:1.000000 | 坚硬:1.000000 | 壮实:1.000000 | 强壮:1.000000 | 整齐:1.000000 | 柔软:1.000000 | 水灵灵:1.000000 | 矮小:1.000000 | 红润:1.000000 | 结实:1.000000,
156,52,0.3393179798934383,0.04948600133769104,0.15384615384615385,摧毁 | 打败 | 消灭 | 歼灭 | 抵抗 | 毁灭 | 打倒 | 占领 | 反击 | 对付 | 反抗 | 对抗,灭绝 | 反抗 | 掠夺 | 清除 | 毁灭 | 切断 | 驱逐 | 猛烈,驱逐 | 抵抗 | 统治 | 扫除 | 摧毁 | 消灭 | 打倒 | 包围 | 捍卫 | 瓜分 | 粉碎 | 威慑,摧毁 | 打败 | 消灭 | 歼灭 | 抵抗 | 毁灭 | 打倒 | 占领 | 反击 | 对付 | 反抗 | 对抗 | 攻击 | 夺取 | 抵挡 | 进攻 | 统治 | 收复 | 战胜 | 征服 | 抵御 | 拯救 | 粉碎 | 驱逐 | 包围 | 推翻 | 保卫 | 压倒 | 灭亡 | 掠夺 | 捍卫 | 封锁 | 抗衡 | 挽救 | 威慑 | 防御 | 清除 | 主宰 | 切断 | 战斗 | 猛烈 | 霸占 | 平息 | 俘获 | 扫除 | 重创 | 瓜分 | 发动 | 复活 | 解放 | 灭绝 | 挽回,52.001919185764606,0.9999961932792945,7.819338047855382e-6,切断:1.000000 | 对付:1.000000 | 打败:1.000000 | 摧毁:1.000000 | 消灭:1.000000 | 瓜分:1.000000 | 挽救:1.000000 | 拯救:1.000000 | 占领:1.000000 | 夺取:1.000000 | 主宰:1.000000 | 粉碎:1.000000,
157,61,0.35504180735877316,0.013125012358992955,0.39344262295081966,没劲 | 挺好 | 没意思 | 不行 | 好看 | 厉害 | 好说 | 好玩儿 | 不像话 | 没用 | 好听 | 离谱儿,痛快 | 出息 | 明白 | 不值 | 碍事 | 看得起 | 难看 | 稀罕,费劲 | 过瘾 | 够呛 | 出息 | 了不起 | 痛快 | 无所谓 | 不怎么样 | 快 | 不够 | 离谱儿 | 不错,没劲 | 挺好 | 没意思 | 不行 | 好看 | 厉害 | 好说 | 好玩儿 | 不像话 | 没用 | 好听 | 离谱儿 | 难看 | 不怎么样 | 够 | 够呛 | 费劲 | 难听 | 好 | 碍事 | 吓人 | 没辙 | 过瘾 | 不得了 | 不错 | 稀罕 | 痛快 | 要命 | 起劲 | 难说 | 稀奇 | 不值 | 惨 | 不对 | 凑合 | 管用 | 不够 | 太 | 了不起 | 要紧 | 有意思 | 一塌糊涂 | 挺 | 得 | 利索 | 无所谓 | 出毛病 | 懂 | 看得起 | 蛮 | 要好 | 出息 | 明白 | 错 | 过奖 | 成问题 | 争气 | 不亦乐乎 | 少 | 不通 | 快,60.934118648256714,0.9988532304092819,0.0009731192199664579,碍事:1.000000 | 不通:1.000000 | 过瘾:1.000000 | 争气:1.000000 | 过奖:1.000000 | 不错:1.000000 | 稀罕:1.000000 | 难看:1.000000 | 吓人:1.000000 | 厉害:1.000000 | 要紧:1.000000 | 利索:1.000000,
158,28,0.3374848623021504,0.021754498322315373,0.35714285714285715,团圆 | 幸福 | 美满 | 快乐 | 喜庆 | 福气 | 吉祥 | 喜事 | 好运 | 和睦 | 心想事成 | 团聚,蜜月 | 和谐 | 喜酒 | 知己 | 生日 | 顺心 | 相约 | 礼,和睦 | 欢聚 | 和谐 | 喜事 | 团圆 | 好运 | 幸福 | 喜酒 | 平安 | 相约 | 知己 | 团聚,团圆 | 幸福 | 美满 | 快乐 | 喜庆 | 福气 | 吉祥 | 喜事 | 好运 | 和睦 | 心想事成 | 团聚 | 顺心 | 喜洋洋 | 欢聚 | 幸运 | 生日 | 如意 | 喜酒 | 和谐 | 平安 | 长寿 | 知己 | 大家庭 | 相伴 | 蜜月 | 相约 | 礼,28.000127449874444,0.9999999787988304,6.163941371045192e-8,吉祥:1.000000 | 和谐:1.000000 | 喜事:1.000000 | 喜洋洋:1.000000 | 喜酒:1.000000 | 幸运:1.000000 | 相约:1.000000 | 福气:1.000000 | 美满:1.000000 | 长寿:1.000000 | 团圆:1.000000 | 礼:1.000000,
159,43,0.5076168830065586,0.1703255463992873,0.0,柜子 | 桌子 | 书桌 | 椅子 | 凳子 | 书橱 | 书柜 | 窗子 | 写字台 | 屋子 | 卧室 | 抽屉,毯子 | 阳台 | 棺材 | 蚊帐 | 瓶子 | 被子 | 衣架 | 厨房,窗子 | 窗帘 | 阳台 | 毯子 | 桌子 | 书桌 | 马桶 | 抽屉 | 窗台 | 厨房 | 柜子 | 床,柜子 | 桌子 | 书桌 | 椅子 | 凳子 | 书橱 | 书柜 | 窗子 | 写字台 | 屋子 | 卧室 | 抽屉 | 沙发 | 箱子 | 藤椅 | 窗台 | 垫子 | 书架 | 窗户 | 帐子 | 房间 | 窗帘 | 枕头 | 客厅 | 被子 | 衣架 | 帘子 | 杯子 | 毯子 | 书房 | 台灯 | 阳台 | 蚊帐 | 床 | 脸盆 | 镜子 | 厨房 | 马桶 | 笼子 | 盒子 | 棺材 | 瓶子 | 黑板,43.01811899237816,0.9999996306085185,9.542474484086088e-7,笼子:1.000000 | 藤椅:1.000000 | 抽屉:1.000000 | 镜子:1.000000 | 蚊帐:1.000000 | 黑板:1.000000 | 书橱:1.000000 | 帐子:1.000000 | 书房:1.000000 | 书柜:1.000000 | 棺材:1.000000 | 沙发:1.000000,卫生间:0.014032
160,68,0.27570387738677504,-0.0007273418142378223,0.5,检测 | 测量 | 调试 | 测试 | 化验 | 试验 | 检验 | 测定 | 监测 | 检查 | 修理 | 鉴定,预报 | 解剖 | 清理 | 休眠 | 作业 | 清洁 | 保养 | 生物,改造 | 检测 | 模拟 | 预报 | 验证 | 演示 | 修复 | 组装 | 成品 | 实验 | 生物 | 工序,检测 | 测量 | 调试 | 测试 | 化验 | 试验 | 检验 | 测定 | 监测 | 检查 | 修理 | 鉴定 | 加工 | 组装 | 样品 | 探测 | 维修 | 消毒 | 清洗 | 实验 | 验证 | 观测 | 保养 | 烘干 | 采集 | 修补 | 监控 | 修复 | 切割 | 防护 | 工序 | 实验室 | 打磨 | 施工 | 筛选 | 测 | 鉴别 | 识别 | 作业 | 清理 | 攻关 | 试用 | 处理 | 成品 | 操作 | 勘探 | 车间 | 演示 | 模拟 | 回收 | 改造 | 改进 | 人工 | 出厂 | 运行 | 保修 | 配送 | 采矿 | 杀毒 | 运转 | 预报 | 清洁 | 解剖 | 迁移 | 备用 | 再生 | 生物 | 休眠,67.99495266277775,0.9997738687912957,0.00028619548758569084,保养:1.000000 | 打磨:1.000000 | 调试:1.000000 | 休眠:1.000000 | 解剖:1.000000 | 测定:1.000000 | 维修:1.000000 | 测量:1.000000 | 修复:1.000000 | 化验:1.000000 | 迁移:1.000000 | 检测:1.000000,
161,43,0.34409267422667134,0.012989200599434791,0.37209302325581395,苦难 | 悲惨 | 磨难 | 受苦 | 厄运 | 惨痛 | 境遇 | 灾难 | 折磨 | 不幸 | 忍饥挨饿 | 困境,耻辱 | 渺小 | 身不由己 | 流血 | 无能为力 | 悲剧 | 惨痛 | 艰辛,承受 | 折磨 | 惨重 | 挫折 | 牺牲 | 遭遇 | 命运 | 身不由己 | 境遇 | 磨难 | 贫困 | 任人宰割,苦难 | 悲惨 | 磨难 | 受苦 | 厄运 | 惨痛 | 境遇 | 灾难 | 折磨 | 不幸 | 忍饥挨饿 | 困境 | 耻辱 | 挫折 | 贫穷 | 忍受 | 挣扎 | 处境 | 惨重 | 艰辛 | 悲剧 | 遭受 | 浩劫 | 命运 | 抗争 | 饥饿 | 走投无路 | 境地 | 任人宰割 | 遭遇 | 承受 | 渺小 | 生死 | 一无所有 | 无家可归 | 无能为力 | 生存 | 身不由己 | 贫困 | 流血 | 解脱 | 牺牲 | 地狱,43.00000446813126,0.9999999440165046,1.607620560913512e-7,不幸:1.000000 | 承受:1.000000 | 折磨:1.000000 | 挣扎:1.000000 | 磨难:1.000000 | 苦难:1.000000 | 饥饿:1.000000 | 境遇:1.000000 | 耻辱:1.000000 | 贫穷:1.000000 | 任人宰割:1.000000 | 处境:1.000000,
162,30,0.3792097868148934,0.07120876716571531,0.2,迷恋 | 痴迷 | 热爱 | 喜欢 | 着迷 | 喜爱 | 爱好 | 热衷 | 向往 | 崇拜 | 执着 | 嗜好,心目 | 信念 | 信仰 | 沉浸 | 渴望 | 情结 | 爱不释手 | 养成,渴望 | 情结 | 追求 | 上瘾 | 兴趣 | 信仰 | 爱好 | 好奇心 | 沉迷 | 热衷 | 崇拜 | 沉浸,迷恋 | 痴迷 | 热爱 | 喜欢 | 着迷 | 喜爱 | 爱好 | 热衷 | 向往 | 崇拜 | 执着 | 嗜好 | 喜好 | 兴趣 | 渴望 | 沉迷 | 崇尚 | 追求 | 上瘾 | 习惯 | 情结 | 信仰 | 好奇心 | 感兴趣 | 迷 | 爱不释手 | 信念 | 养成 | 沉浸 | 心目,30.00000045396072,0.9999999995404433,1.7485709879196556e-9,上瘾:1.000000 | 习惯:1.000000 | 兴趣:1.000000 | 养成:1.000000 | 喜好:1.000000 | 喜欢:1.000000 | 喜爱:1.000000 | 嗜好:1.000000 | 崇尚:1.000000 | 崇拜:1.000000 | 心目:1.000000 | 情结:1.000000,
163,44,0.38756135242177286,0.0954934602351583,0.09090909090909091,游玩 | 郊游 | 爬山 | 旅行 | 野餐 | 游览 | 出游 | 野炊 | 度假 | 避暑 | 散步 | 探险,跑步 | 住宿 | 遛 | 食宿 | 滑雪 | 冲浪 | 旅途 | 吃喝玩乐,钓鱼 | 潜水 | 晒太阳 | 冲浪 | 食宿 | 漫游 | 游 | 溜达 | 购物 | 约会 | 野炊 | 打猎,游玩 | 郊游 | 爬山 | 旅行 | 野餐 | 游览 | 出游 | 野炊 | 度假 | 避暑 | 散步 | 探险 | 登山 | 滑雪 | 旅游 | 野营 | 玩耍 | 休闲 | 观光 | 徒步 | 打猎 | 冲浪 | 钓鱼 | 逛 | 消遣 | 游 | 跑步 | 溜达 | 潜水 | 户外 | 购物 | 旅途 | 晒太阳 | 聚会 | 住宿 | 吃喝玩乐 | 遛 | 约会 | 出行 | 野外 | 拍照 | 漫游 | 娱乐 | 食宿,43.99841281854929,0.9999628378642559,0.000052250552304404315,出游:1.000000 | 吃喝玩乐:1.000000 | 散步:1.000000 | 消遣:1.000000 | 游玩:1.000000 | 漫游:1.000000 | 逛:1.000000 | 郊游:1.000000 | 野炊:1.000000 | 野营:1.000000 | 野餐:1.000000 | 休闲:1.000000,
164,20,0.36197347557099674,0.07783977947991141,0.15,标语 | 醒目 | 张贴 | 旗帜 | 告示 | 标志 | 招牌 | 牌子 | 国旗 | 海报 | 口号 | 图案,摆设 | 图案 | 名片 | 启事 | 海报 | 国旗 | 悬挂 | 口号,标示 | 标签 | 国旗 | 口号 | 启事 | 醒目 | 告示 | 招牌 | 悬挂 | 商标 | 标志 | 名片,标语 | 醒目 | 张贴 | 旗帜 | 告示 | 标志 | 招牌 | 牌子 | 国旗 | 海报 | 口号 | 图案 | 标示 | 标签 | 国徽 | 悬挂 | 商标 | 启事 | 名片 | 摆设,20.00044555592339,0.9999999999667878,1.441917844905028e-10,口号:1.000000 | 名片:1.000000 | 启事:1.000000 | 告示:1.000000 | 国徽:1.000000 | 国旗:1.000000 | 张贴:1.000000 | 悬挂:1.000000 | 招牌:1.000000 | 摆设:1.000000 | 旗帜:1.000000 | 标志:1.000000,
165,15,0.3933917885149334,0.13039981131029374,0.0,毁坏 | 烧毁 | 丢弃 | 损坏 | 遗弃 | 毁 | 销毁 | 丢失 | 拆除 | 报废 | 焚烧 | 没收,不翼而飞 | 淘汰 | 没收 | 遗留 | 毁 | 损坏 | 拆除 | 丢失,淘汰 | 遗留 | 焚烧 | 损坏 | 毁坏 | 遗弃 | 拆除 | 丢弃 | 丢失 | 毁 | 没收 | 报废,毁坏 | 烧毁 | 丢弃 | 损坏 | 遗弃 | 毁 | 销毁 | 丢失 | 拆除 | 报废 | 焚烧 | 没收 | 遗留 | 不翼而飞 | 淘汰,15.00012810062236,0.9999999999999403,3.220057821161166e-13,不翼而飞:1.000000 | 丢失:1.000000 | 丢弃:1.000000 | 报废:1.000000 | 拆除:1.000000 | 损坏:1.000000 | 毁:1.000000 | 毁坏:1.000000 | 淘汰:1.000000 | 烧毁:1.000000 | 焚烧:1.000000 | 遗弃:1.000000,
166,48,0.2762649044073138,-0.022503678635084425,0.7083333333333334,走 | 奔 | 踏 | 沿着 | 赶 | 追 | 跑 | 越过 | 向着 | 往 | 绕 | 穿过,回首 | 回 | 倚 | 拐 | 乘 | 带 | 接 | 驮,倚 | 拐 | 穿过 | 驮 | 望 | 站 | 骑 | 沿着 | 守 | 朝 | 越过 | 回,走 | 奔 | 踏 | 沿着 | 赶 | 追 | 跑 | 越过 | 向着 | 往 | 绕 | 穿过 | 骑 | 追赶 | 闯 | 向前 | 朝着 | 穿越 | 奔跑 | 拐 | 驾 | 跟随 | 攀 | 靠近 | 倚 | 接 | 驮 | 迎 | 寻 | 探 | 追随 | 朝 | 望 | 守 | 离 | 一路 | 回 | 渡 | 乘 | 迈 | 站 | 带 | 回首 | 带路 | 拥抱 | 随 | 住 | 跨,48.00676780400548,0.9999974863519839,5.521115305452226e-6,奔跑:1.000000 | 拥抱:1.000000 | 跟随:1.000000 | 追随:1.000000 | 靠近:1.000000 | 穿越:1.000000 | 穿过:1.000000 | 随:1.000000 | 守:1.000000 | 闯:1.000000 | 赶:1.000000 | 追赶:1.000000,
167,78,0.18560388172080908,-0.06701245831553515,1.0,分钟 | 秒 | 小时 | 次 | 段 | 连续 | 圈 | 档 | 直线 | 上方 | 单 | 时段,上 | 节 | 上方 | 手动 | 流水 | 从 | 中 | 小时,间隙 | 段 | 次数 | 点 | 流水 | 在 | 盘 | 下 | 轮 | 次 | 部 | 略微,分钟 | 秒 | 小时 | 次 | 段 | 连续 | 圈 | 档 | 直线 | 上方 | 单 | 时段 | 轮 | 分 | 码 | 线 | 盘 | 半 | 距离 | 双 | 刷新 | 之内 | 上下 | 单边 | 度 | 次数 | 列 | 略微 | 长达 | 间隙 | 同步 | 点 | 前后 | 动态 | 随机 | 隔 | 台 | 条 | 排 | 滚动 | 组 | 全程 | 侧 | 手动 | 上 | 分组 | 内 | 个 | 纪录 | 极限 | 端 | 寸 | 两 | 零 | 节 | 栏 | 时 | 一 | 轮换 | 依次 | 停留 | 阶梯 | 图 | 略 | 全 | 一线 | 部 | 超 | 流水 | 下 | 禁区 | 在 | 正面 | 中 | 每 | 级 | 从 | 初次,77.41905919917498,0.9923921079873441,0.005588051388504114,全程:1.000000 | 停留:1.000000 | 流水:1.000000 | 秒:1.000000 | 略:1.000000 | 依次:1.000000 | 段:1.000000 | 极限:1.000000 | 前后:1.000000 | 档:1.000000 | 滚动:1.000000 | 随机:1.000000,
168,72,0.31301331709419467,0.04919403194956239,0.18055555555555555,回升 | 下降 | 攀升 | 上升 | 回落 | 萎缩 | 上涨 | 飙升 | 下跌 | 升高 | 升温 | 急剧,表现 | 观望 | 出现 | 倾斜 | 转向 | 增大 | 减弱 | 降温,供求 | 紧缩 | 急剧 | 出现 | 萎缩 | 回升 | 饱和 | 上升 | 观望 | 持续 | 波动 | 升温,回升 | 下降 | 攀升 | 上升 | 回落 | 萎缩 | 上涨 | 飙升 | 下跌 | 升高 | 升温 | 急剧 | 减弱 | 增大 | 反弹 | 恶化 | 贬值 | 好转 | 增长 | 收缩 | 缩水 | 高涨 | 波动 | 分化 | 衰减 | 涨 | 升值 | 变化 | 降温 | 复苏 | 膨胀 | 大幅度 | 增多 | 跌 | 扩张 | 趋于 | 显现 | 缩小 | 紧缩 | 持续 | 幅度 | 蔓延 | 水涨船高 | 逐年 | 有所 | 剧烈 | 翻番 | 放大 | 变动 | 涨价 | 延续 | 流入 | 过剩 | 流失 | 出现 | 爆发 | 忽高忽低 | 供不应求 | 徘徊 | 收敛 | 扩散 | 供求 | 推移 | 表现 | 逼近 | 调控 | 饱和 | 倾斜 | 流向 | 失业率 | 观望 | 转向,71.89400456113958,0.9984503100892856,0.0012526295379073917,徘徊:1.000000 | 缩水:1.000000 | 攀升:1.000000 | 飙升:1.000000 | 流失:1.000000 | 膨胀:1.000000 | 降温:1.000000 | 急剧:1.000000 | 升高:1.000000 | 升温:1.000000 | 倾斜:1.000000 | 上升:1.000000,
169,98,0.4796083405175009,0.19560195990519855,0.0,舅舅 | 姑姑 | 奶奶 | 爸爸 | 爸 | 姐姐 | 爷爷 | 嫂子 | 哥哥 | 姥姥 | 妹妹 | 妈妈,家里 | 大夫 | 老人 | 和尚 | 寡妇 | 丫头 | 木匠 | 主人,老板 | 爷爷 | 父亲 | 哥 | 女儿 | 老婆 | 丈夫 | 亲戚 | 阿姨 | 木匠 | 老公 | 祖母,舅舅 | 姑姑 | 奶奶 | 爸爸 | 爸 | 姐姐 | 爷爷 | 嫂子 | 哥哥 | 姥姥 | 妹妹 | 妈妈 | 母亲 | 父亲 | 爹 | 姥爷 | 妈 | 媳妇 | 弟弟 | 闺女 | 外婆 | 老婆 | 伯母 | 儿子 | 叔叔 | 大姐 | 女儿 | 伯父 | 外公 | 孙女 | 祖母 | 阿姨 | 大哥 | 老公 | 岳父 | 岳母 | 丈夫 | 大爷 | 父母 | 伯伯 | 老太太 | 妻子 | 太太 | 继父 | 姐 | 老伴儿 | 娘 | 孙子 | 长辈 | 姨 | 亲戚 | 继母 | 女婿 | 孩子 | 老头儿 | 师父 | 她 | 男朋友 | 女朋友 | 妹 | 弟 | 小孩儿 | 老人家 | 爱人 | 老汉 | 邻居 | 大妈 | 祖父 | 师傅 | 丫头 | 老乡 | 老师 | 大人 | 两口子 | 老人 | 朋友 | 同学 | 家里 | 老家 | 老王 | 寡妇 | 徒弟 | 同事 | 保姆 | 老大 | 老板 | 哥 | 小时候 | 乡下 | 班长 | 主人 | 小王 | 大夫 | 皇上 | 房东 | 木匠 | 师长 | 和尚,98.0568554788011,0.999771354629787,0.00024863831310981626,外公:1.000000 | 外婆:1.000000 | 奶奶:1.000000 | 妈:1.000000 | 姑姑:1.000000 | 姥姥:1.000000 | 姥爷:1.000000 | 师傅:1.000000 | 爷爷:1.000000 | 爸:1.000000 | 祖母:1.000000 | 舅舅:1.000000,家人:0.051338 | 弟子:0.018128
170,43,0.3761084035991318,0.0535160756612066,0.23255813953488372,祝贺 | 庆贺 | 悼念 | 庆祝 | 祝福 | 致敬 | 送别 | 纪念 | 送行 | 庆典 | 祝愿 | 联欢,呐喊 | 喝彩 | 此致 | 追悼会 | 求婚 | 贵宾 | 祭 | 掌声,诞辰 | 庆贺 | 缅怀 | 悼念 | 集会 | 贵宾 | 此致 | 表彰 | 庆祝 | 游行 | 纪念 | 慰问,祝贺 | 庆贺 | 悼念 | 庆祝 | 祝福 | 致敬 | 送别 | 纪念 | 送行 | 庆典 | 祝愿 | 联欢 | 祭奠 | 欢呼 | 问候 | 敬礼 | 缅怀 | 贺信 | 典礼 | 贺电 | 纪念日 | 慰问 | 诞辰 | 祈祷 | 留念 | 拜年 | 追悼会 | 干杯 | 周年 | 集会 | 祭 | 掌声 | 游行 | 宣誓 | 喝彩 | 迎接 | 助威 | 合影 | 表彰 | 求婚 | 贵宾 | 呐喊 | 此致,42.98978676166359,0.9997557781670904,0.00028850859711188363,合影:1.000000 | 干杯:1.000000 | 庆祝:1.000000 | 庆贺:1.000000 | 悼念:1.000000 | 敬礼:1.000000 | 求婚:1.000000 | 留念:1.000000 | 祝贺:1.000000 | 祭奠:1.000000 | 纪念:1.000000 | 联欢:1.000000,
171,60,0.37526587890413754,-0.008608057340149428,0.5166666666666667,楼道 | 过道 | 楼梯 | 卫生间 | 院子 | 浴室 | 墙壁 | 教室 | 洗手间 | 宿舍 | 厕所 | 地下室,后备箱 | 地板 | 帐篷 | 炉灶 | 墙壁 | 池子 | 房子 | 柱子,临街 | 卫生间 | 厕所 | 角落 | 操场 | 舱 | 马路 | 洗手间 | 停车场 | 烟囱 | 栏杆 | 后备箱,楼道 | 过道 | 楼梯 | 卫生间 | 院子 | 浴室 | 墙壁 | 教室 | 洗手间 | 宿舍 | 厕所 | 地下室 | 楼房 | 居民楼 | 楼下 | 寝室 | 教学楼 | 操场 | 楼 | 栏杆 | 围墙 | 车厢 | 人行道 | 楼上 | 防盗门 | 临街 | 电梯 | 走廊 | 屋顶 | 马路 | 墙 | 柱子 | 地板 | 机舱 | 停车场 | 小区 | 空地 | 阅览室 | 大门 | 烟囱 | 更衣室 | 看台 | 座位 | 炉灶 | 房子 | 滑梯 | 站台 | 池子 | 办公室 | 车上 | 帐篷 | 工地 | 暖气 | 路灯 | 角落 | 后备箱 | 室 | 台阶 | 舱 | 门,60.033199826170346,0.9990934662542513,0.0008899307897204233,寝室:1.000000 | 栏杆:1.000000 | 角落:1.000000 | 宿舍:1.000000 | 更衣室:1.000000 | 房子:1.000000 | 舱:1.000000 | 围墙:1.000000 | 大门:1.000000 | 楼道:1.000000 | 走廊:1.000000 | 柱子:1.000000,立交桥:0.048611 | 地铁站:0.028941
172,54,0.3252910906824599,0.020340519366363188,0.2962962962962963,画册 | 相片 | 图画 | 邮票 | 照片 | 书籍 | 贺卡 | 插图 | 图像 | 画 | 图书 | 本子,笔记本 | 本子 | 信封 | 文物 | 卡片 | 壁画 | 陈列 | 画儿,光盘 | 毛笔 | 笔记本 | 字迹 | 肖像 | 册 | 书 | 书籍 | 报刊 | 表格 | 插图 | 光碟,画册 | 相片 | 图画 | 邮票 | 照片 | 书籍 | 贺卡 | 插图 | 图像 | 画 | 图书 | 本子 | 封面 | 卡片 | 印刷 | 信封 | 肖像 | 光碟 | 书 | 年画 | 印章 | 光盘 | 图纸 | 壁画 | 册 | 胶片 | 画儿 | 报纸 | 字迹 | 毛笔 | 影像 | 藏品 | 表格 | 复印 | 请柬 | 报刊 | 幅 | 彩色 | 图形 | 打印 | 印 | 收藏 | 音像 | 日历 | 档案 | 杂志 | 黑白 | 张 | 笔记本 | 陈列 | 文物 | 标本 | 实物 | 物证,53.98886123770998,0.9995998947357487,0.000464660685011364,相片:1.000000 | 册:1.000000 | 字迹:1.000000 | 贺卡:1.000000 | 物证:1.000000 | 实物:1.000000 | 邮票:1.000000 | 陈列:1.000000 | 画儿:1.000000 | 藏品:1.000000 | 文物:1.000000 | 收藏:1.000000,
173,56,0.29107727624450674,0.012898252442219904,0.44642857142857145,逐步 | 尽快 | 尽早 | 逐渐 | 陆续 | 再度 | 迅速 | 率先 | 早日 | 再次 | 重新 | 即将,开启 | 重返 | 迅速 | 顺势 | 不断 | 一鼓作气 | 加速 | 及早,提早 | 成功 | 彻底 | 及早 | 即将 | 顺势 | 得以 | 携手 | 加速 | 重新 | 进一步 | 陆续,逐步 | 尽快 | 尽早 | 逐渐 | 陆续 | 再度 | 迅速 | 率先 | 早日 | 再次 | 重新 | 即将 | 相继 | 及早 | 有望 | 进一步 | 尚未 | 顺利 | 已 | 能否 | 得以 | 快速 | 加速 | 继续 | 全面 | 将要 | 将 | 提早 | 彻底 | 提前 | 适时 | 能够 | 必将 | 迟迟 | 开始 | 首次 | 何时 | 正在 | 一鼓作气 | 过早 | 顺势 | 一举 | 不断 | 顺理成章 | 如愿以偿 | 成功 | 携手 | 全部 | 暂时 | 进入 | 开启 | 如何 | 重返 | 正 | 暂 | 从中,55.99116654806638,0.999528075253019,0.0004594543253027278,彻底:1.000000 | 快速:1.000000 | 顺利:1.000000 | 早日:1.000000 | 迅速:1.000000 | 一鼓作气:1.000000 | 一举:1.000000 | 继续:1.000000 | 提早:1.000000 | 及早:1.000000 | 顺势:1.000000 | 尽早:1.000000,
174,69,0.33579946683074563,0.055887916880525225,0.10144927536231885,交谈 | 交往 | 沟通 | 对话 | 会面 | 争吵 | 磋商 | 相处 | 交流 | 争执 | 会谈 | 见面,分手 | 作对 | 换位 | 交集 | 相遇 | 相识 | 友好 | 纠缠,交接 | 对峙 | 交往 | 互信 | 分手 | 周旋 | 双边 | 朝夕相处 | 会面 | 纠纷 | 接触 | 较量,交谈 | 交往 | 沟通 | 对话 | 会面 | 争吵 | 磋商 | 相处 | 交流 | 争执 | 会谈 | 见面 | 交锋 | 交涉 | 会晤 | 协商 | 对峙 | 融洽 | 互访 | 谈判 | 合作 | 接触 | 打交道 | 关系 | 隔阂 | 周旋 | 互信 | 洽谈 | 讨价还价 | 冲突 | 较量 | 和解 | 往来 | 亲密 | 交情 | 谈话 | 相遇 | 来往 | 朝夕相处 | 较劲 | 相识 | 联系 | 商讨 | 辩论 | 纠缠 | 面对面 | 磨合 | 交集 | 摩擦 | 作对 | 默契 | 彼此 | 比试 | 双方 | 建交 | 互动 | 针锋相对 | 纠纷 | 对弈 | 联络 | 达成 | 友好 | 谅解 | 分手 | 交换 | 双边 | 调解 | 交接 | 换位,68.9998571414714,0.9999817053510325,0.00003001885165609382,交流:1.000000 | 交锋:1.000000 | 会面:1.000000 | 周旋:1.000000 | 对话:1.000000 | 往来:1.000000 | 打交道:1.000000 | 接触:1.000000 | 来往:1.000000 | 沟通:1.000000 | 磨合:1.000000 | 联络:1.000000,
175,80,0.22893399621789245,-0.0265619005940748,0.75,品牌 | 国内 | 互联网 | 全球 | 本土 | 海外 | 平台 | 厂商 | 渠道 | 国外 | 消费者 | 社交,苹果 | 基因 | 都市 | 人气 | 私人 | 中介 | 专业 | 水货,主流 | 联盟 | 全国 | 用户 | 海外 | 内地 | 人工智能 | 竞争 | 入口 | 私人 | 排行榜 | 公众,品牌 | 国内 | 互联网 | 全球 | 本土 | 海外 | 平台 | 厂商 | 渠道 | 国外 | 消费者 | 社交 | 主流 | 用户 | 优质 | 本地 | 新兴 | 网络 | 厂家 | 巨头 | 大众 | 跨国 | 媒体 | 客户 | 竞争 | 自主 | 内地 | 中国 | 原创 | 口碑 | 精品 | 流量 | 全国 | 热门 | 二手车 | 海内外 | 大陆 | 全世界 | 海量 | 人工智能 | 世界 | 共享 | 外企 | 专业 | 当下 | 实体 | 在线 | 虚拟 | 山寨 | 团队 | 公众 | 人才 | 热点 | 资讯 | 排行榜 | 开发商 | 创业 | 联盟 | 水货 | 官方 | 二手 | 独家 | 中介 | 新 | 下一代 | 环球 | 人气 | 苹果 | 网上 | 专利 | 私人 | 入口 | 基因 | 都市 | 主力 | 纯 | 世纪 | 中心 | 东方 | 批,79.37539318704306,0.990681443035198,0.00565971852505252,本土:1.000000 | 私人:1.000000 | 独家:1.000000 | 都市:1.000000 | 客户:1.000000 | 热门:1.000000 | 用户:1.000000 | 专业:1.000000 | 入口:1.000000 | 主流:1.000000 | 社交:1.000000 | 人气:0.999999,外资:0.021612 | 领域:0.012957 | 茅台:0.012727 | 创新:0.011082 | 企业:0.010472
176,79,0.2997910072785246,0.036502897923692615,0.2911392405063291,因此 | 因而 | 换言之 | 事实上 | 而 | 也就是说 | 另一方面 | 实际上 | 此外 | 总而言之 | 譬如 | 就是说,原本 | 大体上 | 远远 | 原先 | 使 | 一旦 | 比方 | 迫使,一旦 | 而 | 一般来说 | 迫使 | 一方面 | 继而 | 这样一来 | 使得 | 换言之 | 综上所述 | 使 | 恰恰相反,因此 | 因而 | 换言之 | 事实上 | 而 | 也就是说 | 另一方面 | 实际上 | 此外 | 总而言之 | 譬如 | 就是说 | 由此可见 | 例如 | 相比之下 | 除此之外 | 相反 | 相对而言 | 譬如说 | 比如说 | 其次 | 与此同时 | 由此看来 | 这就是说 | 从而 | 并且 | 使得 | 这样一来 | 比如 | 另外 | 进而 | 一方面 | 故 | 可见 | 总的来说 | 由此 | 以致 | 恰恰相反 | 一般来说 | 以至于 | 致使 | 同时 | 且 | 对于 | 甚至于 | 综上所述 | 加上 | 正如 | 鉴于 | 意味着 | 由于 | 使 | 一旦 | 反过来 | 继而 | 为此 | 正是 | 表明 | 前者 | 若 | 迫使 | 后者 | 如 | 即 | 并 | 直至 | 令 | 比方 | 起初 | 以及 | 足以 | 最终 | 因 | 大体上 | 其间 | 原本 | 原先 | 远远 | 最初,79.46795285647832,0.997379848648628,0.0022384887432903146,令:1.000000 | 因:1.000000 | 故:1.000000 | 致使:1.000000 | 进而:1.000000 | 即:1.000000 | 以致:1.000000 | 为此:1.000000 | 使得:1.000000 | 例如:1.000000 | 鉴于:1.000000 | 迫使:1.000000,总之:0.249319 | 然而:0.060556 | 除了:0.059671 | 先前:0.051982 | 而且:0.044079 | 如果说:0.030905 | 其中:0.027647 | 指:0.021756
177,72,0.3271407755431074,0.00719320088674873,0.4027777777777778,淌 | 洒 | 粘 | 溅 | 裹 | 渗 | 浇 | 擦 | 沾 | 涂 | 夹 | 抹,兜 | 湿 | 擦 | 梳 | 浇 | 吹 | 滑 | 罩,溢 | 闪 | 露 | 漂 | 泄 | 擦 | 浮 | 堵 | 梳 | 裂 | 淹 | 漫,淌 | 洒 | 粘 | 溅 | 裹 | 渗 | 浇 | 擦 | 沾 | 涂 | 夹 | 抹 | 漏 | 滚 | 泼 | 埋 | 灌 | 喷 | 撒 | 黏 | 飘 | 绞 | 罩 | 掺 | 缝 | 淹 | 兜 | 吹 | 塌 | 泻 | 扎 | 压 | 脱 | 坠 | 垂 | 镶 | 露 | 碎 | 湿 | 铺 | 漂 | 落 | 染 | 遮 | 沉 | 吞 | 豁 | 堵 | 凿 | 漫 | 涌 | 流 | 卧 | 敷 | 滑 | 浮 | 汗 | 塞 | 叠 | 窝 | 盖 | 悬 | 冒 | 陷 | 泄 | 溢 | 梳 | 裂 | 闪 | 吸 | 藏 | 围,72.0015289326628,0.9996260750256672,0.00046564340246712046,涌:1.000000 | 洒:1.000000 | 渗:1.000000 | 陷:1.000000 | 淌:1.000000 | 淹:1.000000 | 流:1.000000 | 泻:1.000000 | 埋:1.000000 | 溢:1.000000 | 遮:1.000000 | 喷:1.000000,
178,34,0.47533962338120095,0.11500032766805487,0.029411764705882353,悲伤 | 伤感 | 伤心 | 悔恨 | 难过 | 悲哀 | 心酸 | 痛苦 | 惋惜 | 悲痛 | 哭泣 | 绝望,恋恋不舍 | 怨恨 | 依依不舍 | 伤痕 | 庆幸 | 惋惜 | 绝望 | 委屈,遗憾 | 悲伤 | 心酸 | 诀别 | 庆幸 | 怨恨 | 泪 | 惋惜 | 辛酸 | 怜惜 | 难过 | 恋恋不舍,悲伤 | 伤感 | 伤心 | 悔恨 | 难过 | 悲哀 | 心酸 | 痛苦 | 惋惜 | 悲痛 | 哭泣 | 绝望 | 泪水 | 凄凉 | 怜惜 | 委屈 | 怨恨 | 忧愁 | 眼泪 | 自责 | 失落 | 流泪 | 呜咽 | 泪 | 遗憾 | 辛酸 | 喜悦 | 留恋 | 依依不舍 | 庆幸 | 回忆 | 恋恋不舍 | 诀别 | 伤痕,33.99998290466934,0.9999982201444724,3.6343683760348494e-6,伤感:1.000000 | 伤痕:1.000000 | 依依不舍:1.000000 | 凄凉:1.000000 | 哭泣:1.000000 | 留恋:1.000000 | 诀别:1.000000 | 悲痛:1.000000 | 庆幸:1.000000 | 悲伤:1.000000 | 恋恋不舍:1.000000 | 呜咽:1.000000,
179,30,0.30088386143441553,0.036213318818758264,0.26666666666666666,设置 | 放置 | 配备 | 摆放 | 安装 | 选用 | 使用 | 采用 | 存放 | 布置 | 更换 | 设定,保存 | 建造 | 定做 | 摆放 | 接收 | 携带 | 收集 | 安排,限定 | 置 | 配置 | 设 | 收集 | 携带 | 命名 | 存放 | 改动 | 布置 | 保留 | 接收,设置 | 放置 | 配备 | 摆放 | 安装 | 选用 | 使用 | 采用 | 存放 | 布置 | 更换 | 设定 | 配置 | 保存 | 挑选 | 保留 | 添加 | 设 | 接收 | 建造 | 收集 | 安排 | 改动 | 容纳 | 定做 | 置 | 限定 | 携带 | 改为 | 命名,30.000076693767195,0.9999999685042066,9.231172834326965e-8,保存:1.000000 | 保留:1.000000 | 布置:1.000000 | 挑选:1.000000 | 携带:1.000000 | 改动:1.000000 | 放置:1.000000 | 更换:1.000000 | 设置:1.000000 | 选用:1.000000 | 配备:1.000000 | 接收:1.000000,
180,169,0.34304780052505246,0.025755992957231195,0.2603550295857988,就算 | 也许 | 毕竟 | 难道 | 何况 | 反正 | 要是 | 只不过 | 可是 | 其实 | 但是 | 当然,这么 | 怎么样 | 没 | 不算 | 不 | 怎么 | 没什么 | 再说,当然 | 无论如何 | 所谓 | 恐怕 | 说实话 | 本来 | 反正 | 看上去 | 迟早 | 没准儿 | 以为 | 纵然,就算 | 也许 | 毕竟 | 难道 | 何况 | 反正 | 要是 | 只不过 | 可是 | 其实 | 但是 | 当然 | 要不然 | 好像 | 不然 | 别说 | 说不定 | 虽说 | 哪怕 | 好歹 | 真的 | 恐怕 | 要不 | 是不是 | 既然 | 如果 | 纵然 | 看样子 | 况且 | 不过 | 说真的 | 明明 | 确实 | 没准儿 | 说实话 | 或许 | 虽然 | 的确 | 即使 | 起码 | 觉得 | 倒是 | 即便 | 那 | 因为 | 按说 | 所以 | 也 | 但 | 那么 | 而且 | 不管 | 终究 | 要不是 | 似乎 | 再说 | 偏偏 | 本来 | 顶多 | 只是 | 如果说 | 假如 | 显然 | 按理说 | 肯定 | 莫非 | 不如说 | 大概 | 那时候 | 不见得 | 说白了 | 说不上 | 怪不得 | 简直 | 可惜 | 说到底 | 只要 | 都 | 好在 | 当真 | 怎么 | 还是 | 倘若 | 为什么 | 要么 | 据说 | 假使 | 实在 | 可不是 | 总之 | 难怪 | 除非 | 但愿 | 未必 | 然而 | 应该 | 不一定 | 很难说 | 那时 | 现在 | 无非 | 唯独 | 以为 | 至于 | 就是 | 不用说 | 可能 | 估计 | 无论如何 | 基本上 | 究竟 | 好比 | 而是 | 看起来 | 至少 | 看来 | 这 | 相信 | 那会儿 | 想不到 | 它 | 尽管 | 比起 | 算是 | 仅仅 | 否则 | 根本 | 没 | 谈不上 | 还 | 到底 | 迟早 | 看上去 | 有没有 | 无论 | 这么 | 看得出 | 或者 | 绝对 | 请问 | 原来 | 没什么 | 我们 | 或是 | 归根到底 | 是 | 不算 | 如今 | 差不多 | 没有 | 不论 | 只有 | 以前 | 当初 | 还有 | 万一 | 除了 | 不 | 不如 | 真正 | 怎么样 | 是否 | 一定 | 所谓 | 将来 | 等于 | 从前 | 的 | 基本,167.52501218750575,0.9871668523906003,0.006877900890989061,估计:1.000000 | 按说:1.000000 | 难怪:1.000000 | 何况:1.000000 | 差不多:1.000000 | 那会儿:1.000000 | 起码:1.000000 | 据说:1.000000 | 请问:1.000000 | 肯定:1.000000 | 不然:1.000000 | 就算:1.000000,真:0.098573 | 总而言之:0.062124 | 实际上:0.058867 | 难说:0.057583 | 之所以:0.051466 | 几乎:0.030036 | 而:0.021866 | 为何:0.021845
181,63,0.33997573201474485,0.04408736001475558,0.2222222222222222,农作物 | 作物 | 水稻 | 果树 | 种植 | 肥料 | 灌溉 | 饲料 | 养殖 | 牲畜 | 小麦 | 粮食,果树 | 垃圾 | 生长 | 化石 | 植物 | 污染 | 排放 | 废物,野生 | 花卉 | 害虫 | 温室 | 大棚 | 作物 | 化石 | 牧场 | 矿藏 | 肥料 | 木材 | 喂养,农作物 | 作物 | 水稻 | 果树 | 种植 | 肥料 | 灌溉 | 饲料 | 养殖 | 牲畜 | 小麦 | 粮食 | 饲养 | 家禽 | 耕地 | 栽培 | 水产品 | 化肥 | 害虫 | 棉花 | 农业 | 玉米 | 土壤 | 水源 | 亩 | 繁殖 | 奶牛 | 木材 | 农产品 | 节水 | 植物 | 地下水 | 药材 | 野生 | 大棚 | 开垦 | 粪便 | 公顷 | 杂交 | 喂养 | 花卉 | 温室 | 农场 | 水利 | 牧场 | 合作社 | 污水 | 生长 | 增产 | 种子 | 饮用水 | 土地 | 饮水 | 矿藏 | 苗 | 污染 | 开采 | 产地 | 立方米 | 废物 | 排放 | 垃圾 | 化石,63.00573506619912,0.9998039906108793,0.0002254638756520702,喂养:1.000000 | 栽培:1.000000 | 种植:1.000000 | 繁殖:1.000000 | 饲养:1.000000 | 粮食:1.000000 | 饮水:1.000000 | 养殖:1.000000 | 牲畜:1.000000 | 杂交:1.000000 | 农作物:1.000000 | 粪便:1.000000,
182,61,0.34054020910967336,0.06465714230511622,0.09836065573770492,竭尽全力 | 全力 | 尽力 | 努力 | 竭力 | 全力以赴 | 千方百计 | 坚持不懈 | 着力 | 想方设法 | 一心一意 | 齐心协力,盲目 | 紧紧 | 主动 | 敦促 | 着想 | 一心 | 顾全大局 | 节衣缩食,争分夺秒 | 一心 | 坚决 | 决心 | 树立 | 敢于 | 坚持不懈 | 着重 | 着眼于 | 敦促 | 提倡 | 倡导,竭尽全力 | 全力 | 尽力 | 努力 | 竭力 | 全力以赴 | 千方百计 | 坚持不懈 | 着力 | 想方设法 | 一心一意 | 齐心协力 | 积极 | 大力 | 全心全意 | 奋力 | 切实 | 坚持 | 诚心诚意 | 下决心 | 力求 | 坚决 | 设法 | 抓紧 | 勇于 | 决心 | 本着 | 力争 | 着眼于 | 着眼 | 争分夺秒 | 奋勇 | 不懈 | 加紧 | 发扬 | 争取 | 谋求 | 自觉 | 持之以恒 | 顾全大局 | 提倡 | 敢于 | 倡导 | 树立 | 着重 | 号召 | 带头 | 以身作则 | 一心 | 牢牢 | 敦促 | 自力更生 | 着手 | 呼吁 | 力所能及 | 主动 | 着想 | 紧紧 | 节衣缩食 | 一如既往 | 盲目,61.00492417293407,0.9999731105884778,0.00004267768931813494,千方百计:1.000000 | 奋力:1.000000 | 紧紧:1.000000 | 节衣缩食:1.000000 | 加紧:1.000000 | 下决心:1.000000 | 坚持:1.000000 | 倡导:1.000000 | 竭尽全力:1.000000 | 争取:1.000000 | 自觉:1.000000 | 提倡:1.000000,
183,58,0.3749870354307288,0.09163685725780453,0.1206896551724138,体操 | 篮球 | 乒乓球 | 滑冰 | 武术 | 摔跤 | 舞蹈 | 田径 | 排球 | 网球 | 羽毛球 | 台球,口哨 | 器械 | 唱歌 | 乐器 | 猜谜 | 摄影 | 游戏 | 竞赛,扑克 | 划船 | 帆船 | 排球 | 篮球 | 羽毛球 | 聋人 | 足球 | 口哨 | 芭蕾 | 网球 | 田径,体操 | 篮球 | 乒乓球 | 滑冰 | 武术 | 摔跤 | 舞蹈 | 田径 | 排球 | 网球 | 羽毛球 | 台球 | 棒球 | 举重 | 游泳 | 杂技 | 芭蕾 | 跳高 | 跳远 | 足球 | 太极拳 | 跳舞 | 帆船 | 高尔夫球 | 划船 | 龙舟 | 竞技 | 射击 | 马戏 | 唱歌 | 小提琴 | 运动会 | 秧歌 | 吉他 | 钢琴 | 长跑 | 跳伞 | 啦啦队 | 体育 | 乐器 | 赛车 | 笛子 | 舞 | 魔术 | 木偶 | 业余 | 扑克 | 集邮 | 聋人 | 摄影 | 猜谜 | 竞赛 | 口哨 | 少儿 | 器械 | 太极 | 游戏 | 航海,58.02138131041402,0.9999227753736383,0.00010680530248603278,台球:1.000000 | 太极拳:1.000000 | 扑克:1.000000 | 棒球:1.000000 | 猜谜:1.000000 | 射击:1.000000 | 篮球:1.000000 | 高尔夫球:1.000000 | 体操:1.000000 | 竞技:1.000000 | 魔术:1.000000 | 龙舟:1.000000,文娱:0.021693
184,58,0.29377327218514104,-0.017591369531445033,0.6724137931034483,气馁 | 吃亏 | 退缩 | 半途而废 | 碰钉子 | 退让 | 死心 | 灰心 | 罢休 | 赔钱 | 一事无成 | 坏事,醒悟 | 过不去 | 灰心 | 逞强 | 振作 | 气馁 | 肯 | 挨打,振作 | 幸免 | 不成 | 一毛不拔 | 化险为夷 | 碰钉子 | 挨打 | 无所作为 | 失败 | 后退 | 退却 | 顺其自然,气馁 | 吃亏 | 退缩 | 半途而废 | 碰钉子 | 退让 | 死心 | 灰心 | 罢休 | 赔钱 | 一事无成 | 坏事 | 退却 | 得不偿失 | 挨打 | 屈服 | 失败 | 袖手旁观 | 醒悟 | 妥协 | 走弯路 | 上当 | 照办 | 无济于事 | 办不到 | 不了了之 | 后退 | 让步 | 改邪归正 | 无所作为 | 脱身 | 豁出去 | 亏本 | 倾家荡产 | 振作 | 死心塌地 | 掉队 | 奏效 | 过不去 | 幸免 | 好事 | 化险为夷 | 一帆风顺 | 各奔前程 | 不成 | 得手 | 亡羊补牢 | 逞强 | 刻舟求剑 | 顺其自然 | 失误 | 例外 | 一毛不拔 | 大包大揽 | 止步 | 倒闭 | 出手 | 肯,57.99803304160019,0.9999643334493988,0.000055472989782835296,半途而废:1.000000 | 走弯路:1.000000 | 奏效:1.000000 | 振作:1.000000 | 退让:1.000000 | 赔钱:1.000000 | 让步:1.000000 | 改邪归正:1.000000 | 退却:1.000000 | 亏本:1.000000 | 死心:1.000000 | 后退:1.000000,
185,55,0.3460520570490501,0.023895562247659076,0.3090909090909091,吃饭 | 干活儿 | 挣钱 | 做饭 | 聊天儿 | 做生意 | 念书 | 打牌 | 打工 | 吵嘴 | 打架 | 演戏,城里 | 人缘儿 | 平常 | 洗澡 | 修车 | 侍候 | 下乡 | 读书,苦力 | 干活儿 | 抽烟 | 伺候 | 念书 | 吵架 | 城里 | 做梦 | 下乡 | 侍候 | 赚钱 | 修车,吃饭 | 干活儿 | 挣钱 | 做饭 | 聊天儿 | 做生意 | 念书 | 打牌 | 打工 | 吵嘴 | 打架 | 演戏 | 吵架 | 打球 | 打仗 | 玩儿 | 读书 | 过日子 | 上学 | 吃苦 | 串门 | 人缘儿 | 交朋友 | 抽烟 | 伺候 | 下棋 | 侃大山 | 洗澡 | 家务 | 赚钱 | 侍候 | 拍戏 | 谋生 | 使唤 | 吃不上 | 打官司 | 理发 | 修车 | 忙活 | 苦力 | 做梦 | 发财 | 打扫 | 养活 | 算账 | 城里 | 经商 | 炒股 | 搬家 | 跑龙套 | 沾光 | 平常 | 生意 | 出头 | 下乡,54.997674337140886,0.99995646539488,0.00006852434466842811,做生意:1.000000 | 挣钱:1.000000 | 算账:1.000000 | 养活:1.000000 | 打仗:1.000000 | 家务:1.000000 | 串门:1.000000 | 伺候:1.000000 | 修车:1.000000 | 赚钱:1.000000 | 发财:1.000000 | 侃大山:1.000000,
186,63,0.399308567263738,0.09756050718598325,0.09523809523809523,晚上 | 早上 | 下班 | 中午 | 早晨 | 夜里 | 晚饭 | 起床 | 午饭 | 半夜 | 傍晚 | 早饭,暑假 | 开学 | 寒假 | 放假 | 休假 | 在家 | 下楼 | 出差,后天 | 工作日 | 当晚 | 出门 | 早晨 | 钟头 | 晚 | 傍晚 | 出差 | 早饭 | 往常 | 上午,晚上 | 早上 | 下班 | 中午 | 早晨 | 夜里 | 晚饭 | 起床 | 午饭 | 半夜 | 傍晚 | 早饭 | 下午 | 星期天 | 深夜 | 睡觉 | 清晨 | 午睡 | 上班 | 白天 | 放学 | 一早 | 一大早 | 上午 | 回家 | 凌晨 | 夜班 | 通宵 | 加班 | 星期日 | 出门 | 放假 | 下楼 | 寒假 | 开夜车 | 熬夜 | 休息 | 请假 | 钟头 | 夜间 | 星期 | 晚 | 下课 | 准时 | 当晚 | 暑假 | 天 | 在家 | 出差 | 礼拜 | 开会 | 休假 | 旷课 | 照常 | 值班 | 夜 | 开学 | 工作日 | 平时 | 往常 | 迟到 | 平日 | 后天,62.996641981911246,0.9999145311896673,0.0001195583450209597,下班:1.000000 | 休息:1.000000 | 加班:1.000000 | 夜班:1.000000 | 开会:1.000000 | 开夜车:1.000000 | 夜:1.000000 | 上班:1.000000 | 休假:1.000000 | 夜间:1.000000 | 迟到:1.000000 | 旷课:1.000000,
187,31,0.31405779029300124,0.02941750380623768,0.22580645161290322,便宜 | 划算 | 廉价 | 昂贵 | 省钱 | 价钱 | 值钱 | 贵 | 实惠 | 性价比 | 合适 | 贵重,舍得 | 多 | 方便 | 值得 | 奢侈 | 省事 | 高档 | 最好,最好 | 正规 | 贵 | 值钱 | 多 | 舍得 | 奢侈 | 便宜 | 值得 | 平价 | 高档 | 像样,便宜 | 划算 | 廉价 | 昂贵 | 省钱 | 价钱 | 值钱 | 贵 | 实惠 | 性价比 | 合适 | 贵重 | 省事 | 买不起 | 实用 | 低价 | 高价 | 方便 | 有用 | 奢侈 | 高档 | 适合 | 平价 | 现成 | 冷门 | 像样 | 最好 | 正规 | 值得 | 舍得 | 多,31.000110807717142,0.9999999559674014,1.3028508969700563e-7,便宜:1.000000 | 值钱:1.000000 | 划算:1.000000 | 廉价:1.000000 | 昂贵:1.000000 | 省钱:1.000000 | 贵重:1.000000 | 适合:1.000000 | 价钱:1.000000 | 实惠:1.000000 | 现成:1.000000 | 贵:1.000000,
188,47,0.4029995765000097,0.062335245918822224,0.2127659574468085,钦佩 | 敬佩 | 赞许 | 赞叹 | 赞赏 | 感激 | 称赞 | 赞扬 | 欣慰 | 佩服 | 惊叹 | 感动,歉意 | 惊喜 | 骄傲 | 感触 | 感慨 | 诚意 | 欣慰 | 满意,赞赏 | 启发 | 惊喜 | 满意 | 赞不绝口 | 认同 | 敬佩 | 骄傲 | 感激 | 称赞 | 羡慕 | 自豪,钦佩 | 敬佩 | 赞许 | 赞叹 | 赞赏 | 感激 | 称赞 | 赞扬 | 欣慰 | 佩服 | 惊叹 | 感动 | 由衷 | 羡慕 | 敬意 | 赞美 | 感慨 | 夸奖 | 同感 | 自豪 | 同情 | 赞同 | 认同 | 赞叹不已 | 感叹 | 好感 | 振奋 | 赞不绝口 | 好评 | 感触 | 认可 | 骄傲 | 满意 | 拥护 | 共鸣 | 期待 | 表扬 | 歉意 | 荣幸 | 惊喜 | 鼓舞 | 叫好 | 欢迎 | 启发 | 反响 | 赞成 | 诚意,47.00028975951609,0.9999999431827972,1.4908335616880444e-7,共鸣:1.000000 | 同感:1.000000 | 好评:1.000000 | 拥护:1.000000 | 称赞:1.000000 | 自豪:1.000000 | 赞叹:1.000000 | 赞叹不已:1.000000 | 钦佩:1.000000 | 骄傲:1.000000 | 鼓舞:1.000000 | 叫好:1.000000,
189,41,0.35250673815041295,0.05462850146331572,0.34146341463414637,前往 | 赶往 | 起程 | 奔赴 | 赶赴 | 动身 | 离开 | 返回 | 来到 | 抵达 | 赶到 | 飞往,匆匆 | 一同 | 中途 | 外出 | 半路 | 探亲 | 顺路 | 告别,出山 | 回国 | 途中 | 匆匆 | 渡过 | 动身 | 到达 | 赶往 | 不辞而别 | 下山 | 外出 | 赴,前往 | 赶往 | 起程 | 奔赴 | 赶赴 | 动身 | 离开 | 返回 | 来到 | 抵达 | 赶到 | 飞往 | 踏上 | 赴 | 回到 | 到达 | 回国 | 直奔 | 投奔 | 出走 | 搭乘 | 下山 | 匆匆 | 不辞而别 | 归来 | 顺路 | 外出 | 出发 | 途中 | 出山 | 独自 | 探亲 | 下海 | 定居 | 中途 | 取经 | 渡过 | 半路 | 告别 | 一同 | 外地,41.00013543599054,0.9999986837786976,2.7722130640490596e-6,下山:1.000000 | 中途:1.000000 | 出发:1.000000 | 动身:1.000000 | 告别:1.000000 | 奔赴:1.000000 | 投奔:1.000000 | 独自:1.000000 | 赶往:1.000000 | 赶赴:1.000000 | 起程:1.000000 | 顺路:1.000000,
190,72,0.33323464399830316,0.010650400433603538,0.4027777777777778,捡 | 掏 | 刨 | 扔 | 扒 | 捞 | 拣 | 挑 | 砍 | 洗 | 丢 | 割,栽 | 烧 | 摊 | 折腾 | 贴 | 扮 | 开 | 爆,造 | 拨 | 充 | 弄 | 折腾 | 挑 | 啃 | 换 | 剩 | 挖 | 买 | 摊,捡 | 掏 | 刨 | 扔 | 扒 | 捞 | 拣 | 挑 | 砍 | 洗 | 丢 | 割 | 搬 | 剥 | 剪 | 打 | 弄 | 偷 | 刮 | 挣 | 买 | 放 | 卸 | 烧 | 攒 | 卖 | 拔 | 抽 | 抄 | 啃 | 拾 | 刷 | 抢 | 摘 | 翻 | 撬 | 拍 | 铲 | 干 | 栽 | 喂 | 拆 | 换 | 挖 | 赚 | 剃 | 磨 | 削 | 装 | 晒 | 扫 | 养 | 折腾 | 贴 | 拼 | 钻 | 造 | 修 | 活 | 剩 | 划 | 截 | 花 | 爆 | 开 | 拨 | 淘 | 摊 | 扮 | 坑 | 整 | 充,72.01461921034202,0.9998985228895001,0.00014494176122128294,拼:1.000000 | 挣:1.000000 | 卖:1.000000 | 拣:1.000000 | 装:1.000000 | 活:1.000000 | 拆:1.000000 | 捡:1.000000 | 养:1.000000 | 买:1.000000 | 掏:1.000000 | 攒:1.000000,
191,28,0.409521094708511,0.14228474137849376,0.07142857142857142,墓 | 坟墓 | 墓碑 | 墓地 | 坟 | 葬 | 公墓 | 遗物 | 遗体 | 纪念碑 | 葬礼 | 尸体,住处 | 脚印 | 废墟 | 去世 | 逝世 | 生前 | 葬礼 | 供奉,公墓 | 葬礼 | 脚印 | 烈士 | 纪念馆 | 遗嘱 | 出土 | 墓 | 住处 | 遗址 | 葬 | 供奉,墓 | 坟墓 | 墓碑 | 墓地 | 坟 | 葬 | 公墓 | 遗物 | 遗体 | 纪念碑 | 葬礼 | 尸体 | 烈士 | 碑 | 遗址 | 纪念馆 | 陪葬 | 遗愿 | 庙 | 遗嘱 | 逝世 | 去世 | 出土 | 生前 | 供奉 | 废墟 | 住处 | 脚印,28.00648033921221,0.9999999963121962,1.1920256292469365e-8,住处:1.000000 | 供奉:1.000000 | 出土:1.000000 | 坟:1.000000 | 坟墓:1.000000 | 墓:1.000000 | 墓地:1.000000 | 墓碑:1.000000 | 尸体:1.000000 | 烈士:1.000000 | 碑:1.000000 | 脚印:1.000000,
192,50,0.31933590248056837,0.021822925820639775,0.38,形状 | 弯曲 | 旋转 | 圆形 | 转动 | 宽度 | 摆动 | 直径 | 长度 | 平面 | 伸缩 | 厚度,两侧 | 站立 | 遮盖 | 形状 | 框 | 一长一短 | 磨损 | 摇晃,两侧 | 物体 | 转动 | 磨损 | 静止 | 尺寸 | 摇摆 | 撞击 | 斜 | 背面 | 投射 | 侧面,形状 | 弯曲 | 旋转 | 圆形 | 转动 | 宽度 | 摆动 | 直径 | 长度 | 平面 | 伸缩 | 厚度 | 变形 | 两侧 | 体积 | 尺寸 | 摇晃 | 斜 | 形 | 凹 | 物体 | 磨损 | 重量 | 静止 | 跳跃 | 焦距 | 撞击 | 镶嵌 | 排列 | 背面 | 间隔 | 环绕 | 一长一短 | 折叠 | 站立 | 构造 | 厘米 | 跳动 | 遮盖 | 变换 | 角 | 空隙 | 框 | 投射 | 经度 | 摇摆 | 侧面 | 曲线 | 队形 | 边缘,50.00088614941251,0.9998244857815537,0.00022102012837579773,摆动:1.000000 | 转动:1.000000 | 旋转:1.000000 | 摇摆:1.000000 | 遮盖:1.000000 | 空隙:1.000000 | 一长一短:1.000000 | 队形:1.000000 | 弯曲:1.000000 | 摇晃:1.000000 | 跳跃:1.000000 | 平面:1.000000,
193,73,0.376661963818775,0.02488849401265368,0.2191780821917808,扭头 | 小声 | 摇头 | 苦笑 | 咧嘴 | 发愣 | 一声不吭 | 叹气 | 冷笑 | 自言自语 | 一言不发 | 大声,连滚带爬 | 眼前 | 叹气 | 惨白 | 异口同声 | 使劲 | 不禁 | 脑海,道 | 指着 | 左顾右盼 | 居高临下 | 一言不发 | 情不自禁 | 滔滔不绝 | 得意扬扬 | 不禁 | 脑海 | 小心翼翼 | 一口气,扭头 | 小声 | 摇头 | 苦笑 | 咧嘴 | 发愣 | 一声不吭 | 叹气 | 冷笑 | 自言自语 | 一言不发 | 大声 | 点头 | 眉开眼笑 | 忍不住 | 目不转睛 | 一动不动 | 瞪 | 一眼 | 笑 | 愣 | 嬉笑 | 瞅 | 得意扬扬 | 走开 | 使劲 | 下意识 | 禁不住 | 情不自禁 | 低头 | 不由得 | 打量 | 通红 | 眨眼 | 说道 | 回头 | 伸手 | 面红耳赤 | 前仰后合 | 转身 | 站住 | 不由自主 | 指着 | 惨白 | 不禁 | 过头 | 会意 | 左顾右盼 | 大模大样 | 东张西望 | 缓缓 | 连滚带爬 | 俯首 | 小心翼翼 | 脱口而出 | 抬头 | 滔滔不绝 | 异口同声 | 道 | 开口 | 津津有味 | 一阵 | 直视 | 不经意 | 似的 | 眼前 | 一口气 | 张扬 | 居高临下 | 地 | 脑海 | 着 | 能人,72.98641123299714,0.9998059754538774,0.0002355528924803966,会意:1.000000 | 俯首:1.000000 | 直视:1.000000 | 道:1.000000 | 眨眼:1.000000 | 左顾右盼:1.000000 | 脱口而出:1.000000 | 居高临下:1.000000 | 情不自禁:1.000000 | 津津有味:1.000000 | 嬉笑:1.000000 | 小心翼翼:1.000000,
194,35,0.3553950557875888,0.06352375779943675,0.11428571428571428,事故 | 火灾 | 车祸 | 遇难 | 伤亡 | 死亡 | 灾害 | 丧生 | 受伤 | 失踪 | 爆炸 | 倒塌,堵塞 | 危险 | 瘟疫 | 自杀 | 肇事 | 灾害 | 水灾 | 滞留,突发 | 重伤 | 出事 | 着火 | 水灾 | 灾害 | 堵塞 | 自杀 | 故障 | 爆炸 | 失踪 | 查明,事故 | 火灾 | 车祸 | 遇难 | 伤亡 | 死亡 | 灾害 | 丧生 | 受伤 | 失踪 | 爆炸 | 倒塌 | 水灾 | 着火 | 空难 | 重伤 | 出事 | 故障 | 泄漏 | 停电 | 地震 | 突发 | 肇事 | 海啸 | 受害 | 发生 | 自杀 | 瘟疫 | 特大 | 延误 | 滞留 | 危险 | 查明 | 堵塞 | 差错,35.00000122349698,0.9999999481844014,1.465849536608149e-7,事故:1.000000 | 倒塌:1.000000 | 停电:1.000000 | 出事:1.000000 | 受害:1.000000 | 堵塞:1.000000 | 滞留:1.000000 | 火灾:1.000000 | 爆炸:1.000000 | 空难:1.000000 | 突发:1.000000 | 车祸:1.000000,
195,59,0.3095239303755653,0.027481885521400323,0.3050847457627119,驳回 | 撤销 | 中止 | 裁决 | 裁定 | 判决 | 终止 | 上诉 | 起诉 | 否决 | 取消 | 暂停,下令 | 取缔 | 违反 | 无故 | 中断 | 归还 | 解散 | 拖延,驳回 | 原告 | 冻结 | 单方面 | 予以 | 改正 | 延长 | 无效 | 取消 | 处分 | 裁定 | 修改,驳回 | 撤销 | 中止 | 裁决 | 裁定 | 判决 | 终止 | 上诉 | 起诉 | 否决 | 取消 | 暂停 | 吊销 | 停止 | 不予 | 解散 | 判处 | 废除 | 冻结 | 被告 | 法院 | 延期 | 诉讼 | 解除 | 原告 | 处罚 | 作废 | 生效 | 停业 | 无效 | 违反 | 搁置 | 退回 | 免除 | 更改 | 处分 | 拖延 | 推迟 | 修改 | 收回 | 异议 | 宣告 | 归还 | 单方面 | 下令 | 延长 | 准许 | 中断 | 破产 | 变更 | 采纳 | 改正 | 终结 | 予以 | 同意 | 取缔 | 退出 | 违约 | 无故,58.9687965387692,0.9992518571247263,0.000682018254253851,中止:1.000000 | 停止:1.000000 | 宣告:1.000000 | 拖延:1.000000 | 免除:1.000000 | 撤销:1.000000 | 暂停:1.000000 | 作废:1.000000 | 废除:1.000000 | 搁置:1.000000 | 终止:1.000000 | 无效:1.000000,批准:0.011743
196,37,0.33829421975026575,0.014176236303246126,0.3783783783783784,衰弱 | 紊乱 | 崩溃 | 衰竭 | 瘫痪 | 损伤 | 昏迷 | 休克 | 虚弱 | 衰退 | 脱落 | 破裂,喘息 | 晚期 | 后遗症 | 不适 | 变异 | 失明 | 虚弱 | 休克,变异 | 失明 | 失效 | 轻微 | 失灵 | 崩溃 | 腐烂 | 紊乱 | 解体 | 老化 | 破裂 | 复原,衰弱 | 紊乱 | 崩溃 | 衰竭 | 瘫痪 | 损伤 | 昏迷 | 休克 | 虚弱 | 衰退 | 脱落 | 破裂 | 松弛 | 腐烂 | 下坠 | 断裂 | 失明 | 衰老 | 消失 | 老化 | 失灵 | 窒息 | 麻痹 | 畸形 | 失控 | 失效 | 解体 | 后遗症 | 倒下 | 苏醒 | 不适 | 变异 | 复原 | 时好时坏 | 晚期 | 轻微 | 喘息,37.00011099142725,0.9999999779397615,6.38383285426597e-8,不适:1.000000 | 畸形:1.000000 | 瘫痪:1.000000 | 衰竭:1.000000 | 轻微:1.000000 | 麻痹:1.000000 | 倒下:1.000000 | 脱落:1.000000 | 消失:1.000000 | 复原:1.000000 | 断裂:1.000000 | 喘息:1.000000,
197,42,0.3512428345464024,0.056717420481764966,0.11904761904761904,整天 | 时常 | 成天 | 常常 | 经常 | 一天到晚 | 不停 | 从早到晚 | 时不时 | 日复一日 | 不时 | 日夜,辛勤 | 一边 | 默默 | 一起 | 一面 | 一连 | 挨家挨户 | 奔波,一连 | 日夜 | 常 | 翻来覆去 | 经常 | 一起 | 断断续续 | 风餐露宿 | 一面 | 奔波 | 有时 | 偶尔,整天 | 时常 | 成天 | 常常 | 经常 | 一天到晚 | 不停 | 从早到晚 | 时不时 | 日复一日 | 不时 | 日夜 | 一年到头 | 彻夜 | 时时 | 夜以继日 | 到处 | 偶尔 | 有时 | 一边 | 翻来覆去 | 四处 | 时而 | 废寝忘食 | 来回 | 东奔西走 | 常年 | 奔波 | 轮流 | 昼夜 | 风餐露宿 | 断断续续 | 反复 | 默默 | 处处 | 挨家挨户 | 常 | 一连 | 辛勤 | 一面 | 间断 | 一起,42.002163416096565,0.9999522703127962,0.00006500853263693278,反复:1.000000 | 四处:1.000000 | 处处:1.000000 | 奔波:1.000000 | 断断续续:1.000000 | 日夜:1.000000 | 昼夜:1.000000 | 一面:1.000000 | 不时:1.000000 | 东奔西走:1.000000 | 日复一日:1.000000 | 一年到头:1.000000,
198,43,0.38629494552433064,0.030811163726618195,0.3488372093023256,优雅 | 精致 | 别致 | 艳丽 | 俊俏 | 高雅 | 迷人 | 高贵 | 华丽 | 漂亮 | 古朴 | 亮丽,容光焕发 | 硬朗 | 整洁 | 雄伟 | 美观 | 英俊 | 体面 | 俊俏,甜美 | 尊贵 | 潇洒 | 秀美 | 时髦 | 十足 | 出众 | 古朴 | 鹤立鸡群 | 优雅 | 英俊 | 亮丽,优雅 | 精致 | 别致 | 艳丽 | 俊俏 | 高雅 | 迷人 | 高贵 | 华丽 | 漂亮 | 古朴 | 亮丽 | 气派 | 甜美 | 秀丽 | 潇洒 | 时髦 | 秀美 | 英俊 | 精美 | 耀眼 | 大方 | 整洁 | 清新 | 美观 | 硬朗 | 出众 | 尊贵 | 诱人 | 时尚 | 阔绰 | 雄伟 | 体面 | 与众不同 | 抢眼 | 容光焕发 | 显眼 | 新潮 | 豪华 | 低调 | 十足 | 鹤立鸡群 | 标致,42.9997533744425,0.9999916450538839,0.000015338421921912394,尊贵:1.000000 | 时髦:1.000000 | 气派:1.000000 | 精美:1.000000 | 耀眼:1.000000 | 诱人:1.000000 | 阔绰:1.000000 | 体面:1.000000 | 容光焕发:1.000000 | 美观:1.000000 | 新潮:1.000000 | 整洁:1.000000,
199,61,0.44564507151113275,0.1263598582754115,0.03278688524590164,胳膊 | 脖子 | 手臂 | 嘴唇 | 鼻子 | 肩膀 | 手掌 | 脸颊 | 舌头 | 嘴巴 | 手指 | 腿,姿势 | 辫子 | 皱 | 睁 | 把手 | 鲜血 | 身上 | 骨头,脸颊 | 手脚 | 手掌 | 一头 | 鼻涕 | 指甲 | 两手 | 眼 | 拳头 | 骨头 | 舌头 | 肚子,胳膊 | 脖子 | 手臂 | 嘴唇 | 鼻子 | 肩膀 | 手掌 | 脸颊 | 舌头 | 嘴巴 | 手指 | 腿 | 爪子 | 脑袋 | 耳朵 | 身子 | 眼睛 | 胸膛 | 喉咙 | 手腕 | 眉毛 | 双手 | 膝盖 | 嘴 | 肚子 | 指头 | 脸 | 头发 | 腰 | 脚 | 身躯 | 把手 | 指甲 | 手脚 | 头顶 | 怀里 | 浑身 | 尾巴 | 嗓子 | 抚摸 | 拳头 | 骨头 | 用力 | 睁 | 眼 | 鼻涕 | 肩 | 手 | 头 | 辫子 | 两手 | 皱 | 胡子 | 吻 | 翅膀 | 身上 | 牙 | 鲜血 | 耳光 | 姿势 | 一头,61.011177632446795,0.999997929591713,4.285396128828241e-6,双手:1.000000 | 眉毛:1.000000 | 肩膀:1.000000 | 胳膊:1.000000 | 胸膛:1.000000 | 身躯:1.000000 | 身子:1.000000 | 嘴巴:1.000000 | 脖子:1.000000 | 吻:1.000000 | 手脚:1.000000 | 鲜血:1.000000,牙齿:0.010984
