community,size,mean_pair_cosine,mean_cosine_silhouette,negative_silhouette_fraction,representatives,boundary_words,deterministic_sample,all_members,soft_mass,mean_max_membership,mean_normalized_membership_entropy,highest_membership_words,strongest_members_outside_hard_cluster
0,62,0.333395980259537,0.05051744633113568,0.24193548387096775,电脑 | 显示器 | 硬盘 | 打印机 | 屏幕 | 录音机 | 音响 | 摄像机 | 鼠标 | 磁盘 | 耳机 | 电视机,洗衣机 | 灯泡 | 物体 | 电视 | 闹钟 | 图形 | 计时 | 防盗,物体 | 屏幕 | 磁带 | 光盘 | 笔记本 | 显示器 | 耳机 | 硬盘 | 摄像 | 电视 | 服务器 | 音响,电脑 | 显示器 | 硬盘 | 打印机 | 屏幕 | 录音机 | 音响 | 摄像机 | 鼠标 | 磁盘 | 耳机 | 电视机 | 相机 | 按键 | 手机 | 液晶 | 充电器 | 磁带 | 笔记本 | 键盘 | 收音机 | 图像 | 电视 | 光盘 | 摄像 | 遥控 | 游戏机 | 浏览器 | 闹钟 | 光碟 | 多媒体 | 语音 | 灯泡 | 无线 | 内存 | 胶片 | 计算机 | 彩电 | 影像 | 软件 | 天线 | 服务器 | 机器 | 传输 | 导航 | 磁卡 | 数码 | 洗衣机 | 打印 | 方向盘 | 图形 | 充电 | 键 | 望远镜 | 防盗 | 日历 | 计时 | 开机 | 物体 | 指南针 | 折叠 | 手动,61.99999994739913,0.9999999991515989,2.9534740991571962e-9,传输:1.000000 | 充电:1.000000 | 充电器:1.000000 | 光盘:1.000000 | 光碟:1.000000 | 内存:1.000000 | 图像:1.000000 | 图形:1.000000 | 多媒体:1.000000 | 导航:1.000000 | 屏幕:1.000000 | 开机:1.000000,
1,56,0.385826985315166,0.03834274991218954,0.16071428571428573,小声 | 摇头 | 扭头 | 大声 | 插嘴 | 招呼 | 点头 | 坐下 | 走开 | 告辞 | 打岔 | 嚷,跟前 | 一旁 | 听见 | 上楼 | 愣 | 见外 | 说话 | 伸手,道 | 指着 | 嚷 | 让座 | 打招呼 | 打岔 | 笑 | 听 | 众人 | 打断 | 见外 | 坐下,小声 | 摇头 | 扭头 | 大声 | 插嘴 | 招呼 | 点头 | 坐下 | 走开 | 告辞 | 打岔 | 嚷 | 笑 | 吩咐 | 示意 | 说道 | 客气 | 眉开眼笑 | 招手 | 瞪 | 打招呼 | 说话 | 反问 | 听见 | 愣 | 请坐 | 会意 | 一眼 | 转身 | 伸手 | 一旁 | 指着 | 递给 | 跟前 | 喊 | 开口 | 推辞 | 停下 | 鞠躬 | 听 | 七嘴八舌 | 脱口而出 | 当着 | 敲门 | 举手 | 上楼 | 过头 | 异口同声 | 打断 | 道 | 发火 | 众人 | 在场 | 让座 | 见外 | 请进,55.999999999999474,0.9999999999999906,5.286571376967617e-14,一旁:1.000000 | 一眼:1.000000 | 七嘴八舌:1.000000 | 上楼:1.000000 | 举手:1.000000 | 众人:1.000000 | 会意:1.000000 | 伸手:1.000000 | 停下:1.000000 | 发火:1.000000 | 吩咐:1.000000 | 听:1.000000,
2,52,0.34418228030488063,0.060694109016892275,0.1346153846153846,收据 | 便条 | 证件 | 信封 | 支票 | 身份证 | 卡片 | 存折 | 信件 | 欠条 | 请柬 | 表格,去向 | 物品 | 贺卡 | 简历 | 记号 | 本子 | 字迹 | 填写,凭证 | 银行卡 | 请帖 | 字迹 | 清单 | 表格 | 锦旗 | 号码 | 便条 | 遗嘱 | 填写 | 文件,收据 | 便条 | 证件 | 信封 | 支票 | 身份证 | 卡片 | 存折 | 信件 | 欠条 | 请柬 | 表格 | 相片 | 印章 | 护照 | 凭证 | 发票 | 贺卡 | 请帖 | 借条 | 账单 | 名片 | 签名 | 公函 | 本子 | 照片 | 填写 | 字迹 | 告示 | 银行卡 | 挂失 | 遗嘱 | 文件 | 电报 | 证书 | 号码 | 住址 | 启事 | 复印 | 日记 | 档案 | 张贴 | 锦旗 | 密码 | 姓名 | 简历 | 物品 | 标语 | 物证 | 记号 | 清单 | 去向,51.99999999999389,0.9999999999998825,6.10394908824742e-13,住址:1.000000 | 便条:1.000000 | 信件:1.000000 | 信封:1.000000 | 借条:1.000000 | 公函:1.000000 | 凭证:1.000000 | 卡片:1.000000 | 印章:1.000000 | 去向:1.000000 | 发票:1.000000 | 号码:1.000000,
3,24,0.40509155356132753,0.12329226029162438,0.041666666666666664,交谈 | 会面 | 交流 | 沟通 | 交往 | 对话 | 见面 | 会谈 | 会晤 | 互访 | 谈话 | 握手,对弈 | 座谈 | 会谈 | 交际 | 握手 | 见面 | 交换 | 联系,交往 | 座谈 | 握手 | 会面 | 接触 | 互访 | 联络 | 通话 | 交谈 | 会谈 | 互动 | 面对面,交谈 | 会面 | 交流 | 沟通 | 交往 | 对话 | 见面 | 会谈 | 会晤 | 互访 | 谈话 | 握手 | 接触 | 通话 | 往来 | 面对面 | 座谈 | 联络 | 来往 | 互动 | 联系 | 交际 | 交换 | 对弈,24.0,1.0,1.212922377481817e-45,互动:1.000000 | 互访:1.000000 | 交往:1.000000 | 交换:1.000000 | 交流:1.000000 | 交谈:1.000000 | 交际:1.000000 | 会晤:1.000000 | 会谈:1.000000 | 会面:1.000000 | 对弈:1.000000 | 对话:1.000000,
4,83,0.287956030805188,0.0037754576184646713,0.4939759036144578,政党 | 议会 | 宪法 | 议员 | 国会 | 政权 | 人权 | 民主 | 内阁 | 总统 | 军队 | 宗教,作家 | 国旗 | 人道 | 刑法 | 战争 | 权威 | 官员 | 法庭,军舰 | 民主 | 核武器 | 舆论 | 民族 | 条约 | 穆斯林 | 联盟 | 工会 | 人民 | 空军 | 总理,政党 | 议会 | 宪法 | 议员 | 国会 | 政权 | 人权 | 民主 | 内阁 | 总统 | 军队 | 宗教 | 外交 | 首脑 | 公民 | 军事 | 元首 | 政治 | 外交官 | 联合国 | 邻国 | 领土 | 基督教 | 选民 | 大选 | 首相 | 条约 | 同盟 | 盟友 | 穆斯林 | 纲领 | 派别 | 领袖 | 国王 | 海军 | 联邦 | 领事 | 战争 | 总理 | 工会 | 伊斯兰教 | 天主教 | 主权 | 官吏 | 司法 | 陆军 | 国民 | 主义 | 人民 | 领事馆 | 军舰 | 学者 | 工商界 | 儒学 | 党 | 舆论 | 大使馆 | 审判 | 帝国 | 空军 | 种族 | 民族 | 官员 | 核武器 | 刑法 | 文艺界 | 民意 | 作家 | 人道 | 宣言 | 国徽 | 冷战 | 王国 | 社论 | 法庭 | 国旗 | 移民 | 首都 | 团体 | 科学家 | 事态 | 联盟 | 权威,83.00228401513012,0.9999802832940383,0.000027603350575142145,主义:1.000000 | 主权:1.000000 | 事态:1.000000 | 人权:1.000000 | 人民:1.000000 | 人道:1.000000 | 伊斯兰教:1.000000 | 儒学:1.000000 | 元首:1.000000 | 公民:1.000000 | 军事:1.000000 | 军队:1.000000,
5,136,0.36976169435401557,0.07302116807928553,0.03676470588235294,也许 | 就算 | 毕竟 | 何况 | 难道 | 可是 | 当然 | 但是 | 要是 | 只不过 | 反正 | 其实,看上去 | 看起来 | 应该 | 总算 | 没想到 | 不用说 | 这样 | 俗话说,当然 | 无论如何 | 恐怕 | 本来 | 反正 | 看上去 | 没准儿 | 幸亏 | 以为 | 纵然 | 如果说 | 为什么,也许 | 就算 | 毕竟 | 何况 | 难道 | 可是 | 当然 | 但是 | 要是 | 只不过 | 反正 | 其实 | 虽说 | 好像 | 说不定 | 要不然 | 别说 | 好歹 | 哪怕 | 不过 | 况且 | 如果 | 纵然 | 既然 | 恐怕 | 的确 | 看样子 | 确实 | 是不是 | 虽然 | 明明 | 或许 | 真的 | 按说 | 即使 | 即便 | 果然 | 倒是 | 没准儿 | 如果说 | 而且 | 幸好 | 因为 | 假如 | 但 | 所以 | 起码 | 按理说 | 偏偏 | 要不是 | 也 | 实际上 | 不光 | 据说 | 莫非 | 幸亏 | 那 | 终究 | 好在 | 说白了 | 就是说 | 然而 | 居然 | 不如说 | 本来 | 可惜 | 果真 | 大概 | 怪不得 | 只是 | 难怪 | 总之 | 顶多 | 倘若 | 假使 | 那么 | 肯定 | 简直 | 不管 | 只要 | 说到底 | 但愿 | 竟然 | 有时候 | 为什么 | 比如说 | 可不是 | 除非 | 还是 | 不见得 | 没想到 | 实在 | 譬如说 | 都 | 好比 | 看来 | 至于 | 就是 | 以为 | 也就是说 | 未必 | 总而言之 | 不一定 | 很难说 | 估计 | 比如 | 不用说 | 总的来说 | 无论如何 | 应该 | 现在 | 至少 | 譬如 | 这 | 看起来 | 才 | 究竟 | 可能 | 仅仅 | 算是 | 比起 | 不知 | 看得出 | 总算 | 请问 | 还 | 这就是说 | 看上去 | 万一 | 这样 | 到底 | 比方 | 是 | 绝对 | 俗话说 | 例如,136.25083343711395,0.9997753642199695,0.0002477904773356691,万一:1.000000 | 不见得:1.000000 | 也许:1.000000 | 仅仅:1.000000 | 估计:1.000000 | 但愿:1.000000 | 何况:1.000000 | 俗话说:1.000000 | 假使:1.000000 | 假如:1.000000 | 况且:1.000000 | 只要:1.000000,事实上:0.267880 | 无非:0.010787
6,41,0.31610631973185055,0.037642884729583326,0.24390243902439024,预订 | 抽奖 | 折扣 | 优惠 | 打折 | 特价 | 话费 | 促销 | 奖品 | 门票 | 预约 | 付款,自助 | 套餐 | 开业 | 顾客 | 一卡通 | 开张 | 小费 | 票,抽奖 | 会员 | 中奖 | 福利 | 专柜 | 顾客 | 封顶 | 预约 | 优惠 | 自助 | 免费 | 券,预订 | 抽奖 | 折扣 | 优惠 | 打折 | 特价 | 话费 | 促销 | 奖品 | 门票 | 预约 | 付款 | 中奖 | 预售 | 订购 | 套餐 | 免费 | 红包 | 兑换 | 赠送 | 领取 | 自助 | 预定 | 券 | 月票 | 专柜 | 信用卡 | 购买 | 福利 | 会员 | 商城 | 小费 | 降价 | 顾客 | 付费 | 封顶 | 一卡通 | 彩票 | 开业 | 票 | 开张,41.0,1.0,2.1396356255603217e-17,一卡通:1.000000 | 专柜:1.000000 | 中奖:1.000000 | 付款:1.000000 | 付费:1.000000 | 优惠:1.000000 | 会员:1.000000 | 促销:1.000000 | 信用卡:1.000000 | 免费:1.000000 | 兑换:1.000000 | 券:1.000000,
7,63,0.3585629921204949,0.042333053037927865,0.30158730158730157,饭店 | 旅馆 | 餐厅 | 饭馆 | 餐馆 | 宾馆 | 酒楼 | 商场 | 旅店 | 酒吧 | 酒店 | 客房,餐桌 | 就餐 | 柜台 | 景区 | 屋 | 电梯 | 夜市 | 餐厅,临街 | 夜市 | 商场 | 食堂 | 出租 | 床位 | 停车场 | 取款机 | 图书馆 | 酒吧 | 住宅 | 车位,饭店 | 旅馆 | 餐厅 | 饭馆 | 餐馆 | 宾馆 | 酒楼 | 商场 | 旅店 | 酒吧 | 酒店 | 客房 | 公寓 | 舞厅 | 停车场 | 临街 | 书店 | 商店 | 电影院 | 网吧 | 超市 | 写字楼 | 小区 | 菜市场 | 报亭 | 食堂 | 夜总会 | 药店 | 别墅 | 店 | 养老院 | 连锁店 | 地铁站 | 便利店 | 停车位 | 加油站 | 车位 | 五星级 | 住宅 | 专卖店 | 屋 | 出租 | 就餐 | 物业 | 图书馆 | 四合院 | 夜市 | 住处 | 电梯 | 住户 | 柜台 | 房屋 | 取款机 | 床位 | 装修 | 景区 | 新房 | 办公 | 居住 | 前台 | 监狱 | 餐桌 | 校园,62.99999957514395,0.9999999932562519,1.994702484734447e-8,专卖店:1.000000 | 临街:1.000000 | 书店:1.000000 | 五星级:1.000000 | 住处:1.000000 | 住宅:1.000000 | 住户:1.000000 | 便利店:1.000000 | 停车位:1.000000 | 公寓:1.000000 | 养老院:1.000000 | 写字楼:1.000000,
8,46,0.4734249566199296,0.19298203063987962,0.0,演奏 | 舞蹈 | 演唱 | 独唱 | 伴奏 | 乐曲 | 合唱 | 歌剧 | 歌唱 | 歌曲 | 民歌 | 歌舞,喜剧 | 朗诵 | 诗歌 | 唱歌 | 戏 | 演戏 | 话剧 | 国歌,民歌 | 戏 | 演唱 | 表演 | 独唱 | 诗歌 | 戏曲 | 演戏 | 话剧 | 小曲 | 京剧 | 摇滚,演奏 | 舞蹈 | 演唱 | 独唱 | 伴奏 | 乐曲 | 合唱 | 歌剧 | 歌唱 | 歌曲 | 民歌 | 歌舞 | 音乐 | 交响乐 | 戏剧 | 旋律 | 朗诵 | 表演 | 唱 | 笛子 | 京剧 | 话剧 | 唱歌 | 乐队 | 吉他 | 戏曲 | 乐器 | 小提琴 | 诗歌 | 秧歌 | 歌声 | 歌 | 抒情 | 相声 | 钢琴 | 舞 | 摇滚 | 戏 | 小曲 | 喜剧 | 演戏 | 歌咏 | 剧团 | 小品 | 木偶 | 国歌,46.0,1.0,6.86727480123675e-23,乐器:1.000000 | 乐曲:1.000000 | 乐队:1.000000 | 交响乐:1.000000 | 京剧:1.000000 | 伴奏:1.000000 | 剧团:1.000000 | 合唱:1.000000 | 吉他:1.000000 | 唱:1.000000 | 唱歌:1.000000 | 喜剧:1.000000,
9,26,0.3832709796855306,0.05022223573392937,0.23076923076923078,悦耳 | 动听 | 抑扬顿挫 | 风趣 | 好听 | 流利 | 委婉 | 清脆 | 洪亮 | 难听 | 幽默 | 滔滔不绝,工整 | 利索 | 爽快 | 幽默 | 精练 | 从容不迫 | 风趣 | 刺耳,滔滔不绝 | 抑扬顿挫 | 头头是道 | 出口成章 | 流利 | 洪亮 | 引经据典 | 绘声绘色 | 悦耳 | 通顺 | 好听 | 响亮,悦耳 | 动听 | 抑扬顿挫 | 风趣 | 好听 | 流利 | 委婉 | 清脆 | 洪亮 | 难听 | 幽默 | 滔滔不绝 | 绘声绘色 | 刺耳 | 响亮 | 工整 | 简短 | 精练 | 引经据典 | 爽快 | 出口成章 | 利索 | 通顺 | 从容不迫 | 通俗 | 头头是道,26.0,1.0,6.575315321822196e-41,从容不迫:1.000000 | 出口成章:1.000000 | 利索:1.000000 | 刺耳:1.000000 | 动听:1.000000 | 响亮:1.000000 | 头头是道:1.000000 | 好听:1.000000 | 委婉:1.000000 | 工整:1.000000 | 幽默:1.000000 | 引经据典:1.000000,
10,45,0.39000289825706397,0.08331178020042841,0.15555555555555556,乒乓球 | 体操 | 篮球 | 田径 | 网球 | 排球 | 羽毛球 | 举重 | 摔跤 | 台球 | 武术 | 棒球,芭蕾 | 杂技 | 马戏 | 器械 | 礼仪 | 魔术 | 体能 | 长跑,扑克 | 俱乐部 | 帆船 | 排球 | 篮球 | 羽毛球 | 足球 | 健美 | 赛 | 芭蕾 | 棋 | 网球,乒乓球 | 体操 | 篮球 | 田径 | 网球 | 排球 | 羽毛球 | 举重 | 摔跤 | 台球 | 武术 | 棒球 | 足球 | 跳远 | 跳高 | 高尔夫球 | 太极拳 | 运动会 | 健美 | 竞技 | 比赛 | 杂技 | 帆船 | 芭蕾 | 龙舟 | 长跑 | 射击 | 赛车 | 体育 | 双打 | 啦啦队 | 赛 | 马戏 | 竞赛 | 大赛 | 大奖赛 | 业余 | 扑克 | 魔术 | 体能 | 俱乐部 | 棋 | 太极 | 器械 | 礼仪,44.999999999999986,0.9999999999999997,2.6075176976574928e-15,业余:1.000000 | 举重:1.000000 | 乒乓球:1.000000 | 体操:1.000000 | 体育:1.000000 | 体能:1.000000 | 俱乐部:1.000000 | 健美:1.000000 | 双打:1.000000 | 台球:1.000000 | 啦啦队:1.000000 | 器械:1.000000,
11,59,0.34875953455577524,0.041073030931443294,0.1864406779661017,绘画 | 画册 | 国画 | 漫画 | 美术 | 散文 | 作品 | 文学 | 书籍 | 插图 | 油画 | 书法,古典 | 创作 | 艺术 | 文艺 | 佛教 | 外文 | 展览 | 时事,专著 | 画家 | 读者 | 名著 | 出版社 | 散文 | 佛教 | 肖像 | 册 | 书籍 | 报刊 | 著作,绘画 | 画册 | 国画 | 漫画 | 美术 | 散文 | 作品 | 文学 | 书籍 | 插图 | 油画 | 书法 | 图画 | 小说 | 名著 | 出版 | 素描 | 画展 | 中国画 | 画家 | 画 | 年画 | 传记 | 创作 | 图书 | 艺术 | 著作 | 刊物 | 报刊 | 专著 | 邮票 | 展览 | 文艺 | 摄影 | 百科全书 | 集邮 | 童话 | 科幻 | 鉴赏 | 辞典 | 杂志 | 肖像 | 文献 | 报纸 | 出版社 | 封面 | 册 | 古典 | 读者 | 印刷术 | 幅 | 题材 | 音像 | 外文 | 佛教 | 时事 | 同人 | 园地 | 天文,59.001629862894774,0.9999998975407156,2.520555743890385e-7,专著:1.000000 | 中国画:1.000000 | 书法:1.000000 | 书籍:1.000000 | 传记:1.000000 | 作品:1.000000 | 册:1.000000 | 出版:1.000000 | 出版社:1.000000 | 刊物:1.000000 | 创作:1.000000 | 印刷术:1.000000,
12,66,0.24071141056709705,-0.024978777785307087,0.803030303030303,机关 | 干部 | 监察 | 部门 | 监督 | 执法 | 组织 | 基层 | 协调 | 协作 | 部队 | 公安,协助 | 人员 | 前线 | 报社 | 卫生 | 临时 | 广大 | 攻关,人员 | 前线 | 全体 | 用人 | 临时 | 公安局 | 队伍 | 卫生 | 后勤 | 法制 | 整治 | 协作,机关 | 干部 | 监察 | 部门 | 监督 | 执法 | 组织 | 基层 | 协调 | 协作 | 部队 | 公安 | 检察 | 检查 | 后勤 | 治安 | 专职 | 工作 | 上级 | 分工 | 大队 | 队伍 | 卫生 | 统筹 | 整顿 | 下级 | 小组 | 编制 | 考核 | 公安局 | 人员 | 法制 | 协助 | 劳动 | 骨干 | 廉政 | 指导 | 第一线 | 任务 | 各地 | 把关 | 单位 | 报社 | 用人 | 负责 | 互助 | 突击 | 全局 | 整治 | 前线 | 攻关 | 全体 | 人手 | 中央 | 各 | 纲要 | 轮换 | 省 | 广大 | 后备 | 分组 | 当地 | 若干 | 中心 | 预备 | 临时,66.0000000943943,0.9999999999443223,2.240443338027321e-10,上级:1.000000 | 下级:1.000000 | 专职:1.000000 | 中央:1.000000 | 临时:1.000000 | 互助:1.000000 | 人员:1.000000 | 人手:1.000000 | 全体:1.000000 | 全局:1.000000 | 公安局:1.000000 | 分组:1.000000,
13,43,0.35747793854254584,0.050532833814479323,0.13953488372093023,韵味 | 气质 | 魅力 | 气息 | 风貌 | 风情 | 风采 | 风范 | 底蕴 | 风格 | 情调 | 特质,形象 | 色彩 | 视觉 | 观感 | 怀旧 | 感 | 精华 | 气势,气息 | 形象 | 风格 | 品质 | 视觉 | 韵味 | 特质 | 印象 | 本色 | 底蕴 | 精华 | 风范,韵味 | 气质 | 魅力 | 气息 | 风貌 | 风情 | 风采 | 风范 | 底蕴 | 风格 | 情调 | 特质 | 感染力 | 内涵 | 个性 | 精髓 | 趣味 | 色彩 | 气魄 | 气势 | 活力 | 激情 | 风尚 | 亲和力 | 感 | 怀旧 | 形象 | 氛围 | 品位 | 时尚 | 特色 | 元素 | 品质 | 人文 | 潮流 | 本色 | 创意 | 灵感 | 印象 | 面貌 | 观感 | 精华 | 视觉,43.0,1.0,1.810482500000364e-20,个性:1.000000 | 亲和力:1.000000 | 人文:1.000000 | 元素:1.000000 | 内涵:1.000000 | 创意:1.000000 | 印象:1.000000 | 品位:1.000000 | 品质:1.000000 | 底蕴:1.000000 | 形象:1.000000 | 怀旧:1.000000,
14,47,0.28168453336817134,0.005111254532296332,0.5106382978723404,安装 | 建造 | 组装 | 改装 | 维修 | 修理 | 调试 | 拆除 | 修建 | 放置 | 摆放 | 更换,保存 | 燃放 | 定做 | 图纸 | 接收 | 设计 | 摆放 | 备用,燃放 | 改装 | 扩建 | 配置 | 交付 | 携带 | 开工 | 图纸 | 存放 | 制 | 组装 | 设计,安装 | 建造 | 组装 | 改装 | 维修 | 修理 | 调试 | 拆除 | 修建 | 放置 | 摆放 | 更换 | 使用 | 配备 | 施工 | 制作 | 设计 | 存放 | 扩建 | 竣工 | 布置 | 交付 | 工艺 | 保养 | 设置 | 造价 | 保管 | 选用 | 保存 | 图纸 | 配置 | 改动 | 保修 | 搬迁 | 开工 | 定做 | 悬挂 | 铸造 | 试用 | 运转 | 接收 | 迁移 | 出售 | 燃放 | 携带 | 备用 | 制,47.0,1.0,2.2725205202703265e-16,交付:1.000000 | 使用:1.000000 | 保修:1.000000 | 保养:1.000000 | 保存:1.000000 | 保管:1.000000 | 修建:1.000000 | 修理:1.000000 | 出售:1.000000 | 制:1.000000 | 制作:1.000000 | 图纸:1.000000,
15,44,0.333453653242991,0.026858941181079773,0.3181818181818182,复杂 | 繁重 | 紧迫 | 偏僻 | 简陋 | 狭小 | 拥挤 | 艰巨 | 薄弱 | 狭窄 | 单薄 | 急迫,沉闷 | 吃力 | 浓重 | 紧张 | 苛刻 | 沉重 | 繁忙 | 破旧,单薄 | 苛刻 | 沉重 | 庞大 | 边远 | 漫长 | 紧张 | 脆弱 | 高昂 | 沉闷 | 拥挤 | 迫切,复杂 | 繁重 | 紧迫 | 偏僻 | 简陋 | 狭小 | 拥挤 | 艰巨 | 薄弱 | 狭窄 | 单薄 | 急迫 | 笨重 | 沉重 | 艰苦 | 偏远 | 昂贵 | 遥远 | 脆弱 | 棘手 | 沉闷 | 稀少 | 错综复杂 | 艰险 | 紧张 | 繁忙 | 破旧 | 迫切 | 庞大 | 漫长 | 吃力 | 混乱 | 陌生 | 高昂 | 苛刻 | 边远 | 稠密 | 紧缺 | 隐蔽 | 浓重 | 熟悉 | 特殊 | 密集 | 分散,44.0,1.0,1.976454985225551e-37,偏僻:1.000000 | 偏远:1.000000 | 分散:1.000000 | 单薄:1.000000 | 吃力:1.000000 | 复杂:1.000000 | 密集:1.000000 | 庞大:1.000000 | 急迫:1.000000 | 拥挤:1.000000 | 昂贵:1.000000 | 棘手:1.000000,
16,47,0.42057285233920577,0.11198850416594168,0.02127659574468085,考试 | 理科 | 本科 | 高中 | 高考 | 初中 | 入学 | 考 | 选修 | 录取 | 年级 | 口试,英语 | 硕士 | 必修 | 学位 | 听力 | 班 | 课程 | 学时,考生 | 硕士 | 班 | 本科 | 试卷 | 学科 | 录取 | 学时 | 文科 | 年级 | 大学 | 外语,考试 | 理科 | 本科 | 高中 | 高考 | 初中 | 入学 | 考 | 选修 | 录取 | 年级 | 口试 | 学期 | 招生 | 研究生 | 课程 | 补考 | 考生 | 笔试 | 文科 | 学校 | 分数 | 大学 | 升学 | 学分 | 试卷 | 学年 | 班级 | 外语 | 学业 | 英语 | 中学 | 学时 | 试题 | 小学 | 科目 | 考场 | 必修 | 学科 | 硕士 | 学位 | 测验 | 及格 | 听力 | 成绩 | 班 | 志愿,46.999999999999815,0.9999999999999961,2.2276982539945185e-14,中学:1.000000 | 入学:1.000000 | 分数:1.000000 | 初中:1.000000 | 升学:1.000000 | 及格:1.000000 | 口试:1.000000 | 听力:1.000000 | 外语:1.000000 | 大学:1.000000 | 学业:1.000000 | 学位:1.000000,
17,79,0.36787639760510416,0.013969198455791058,0.4177215189873418,谦逊 | 谦虚 | 诚恳 | 善良 | 诚实 | 豁达 | 真诚 | 正直 | 坦诚 | 耿直 | 仁慈 | 勇敢,纯洁 | 端正 | 知足 | 踏实 | 殷勤 | 真挚 | 绅士 | 忠心,坦率 | 大公无私 | 宽容 | 耿直 | 和气 | 为人 | 侠义 | 可贵 | 绅士 | 廉洁 | 良心 | 友善,谦逊 | 谦虚 | 诚恳 | 善良 | 诚实 | 豁达 | 真诚 | 正直 | 坦诚 | 耿直 | 仁慈 | 勇敢 | 宽容 | 礼貌 | 友善 | 厚道 | 坦率 | 勤奋 | 无私 | 坚韧 | 真挚 | 彬彬有礼 | 光明磊落 | 冷静 | 大公无私 | 慷慨 | 自信 | 坦然 | 虔诚 | 体贴 | 孝顺 | 理智 | 勤劳 | 骨气 | 平和 | 节俭 | 风度 | 踏实 | 为人 | 善意 | 坚强 | 知足 | 高尚 | 好学 | 机智 | 忠心 | 沉着 | 敬业 | 镇定 | 从容 | 务实 | 纯洁 | 严肃 | 和气 | 本分 | 好客 | 公道 | 殷勤 | 明智 | 包容 | 坚定 | 顽强 | 可贵 | 侠义 | 廉洁 | 足智多谋 | 低调 | 清醒 | 平常心 | 绅士 | 诚信 | 坦白 | 廉正 | 中庸 | 平凡 | 端正 | 良心 | 远见 | 郑重,79.00000000060736,0.9999999999959249,1.7580331672773053e-11,严肃:1.000000 | 中庸:1.000000 | 为人:1.000000 | 仁慈:1.000000 | 从容:1.000000 | 低调:1.000000 | 体贴:1.000000 | 侠义:1.000000 | 光明磊落:1.000000 | 公道:1.000000 | 冷静:1.000000 | 务实:1.000000,
18,62,0.3144504817913793,-0.0004852197946302592,0.532258064516129,液体 | 溶解 | 加热 | 搅拌 | 氧气 | 浸泡 | 含量 | 洗涤剂 | 气体 | 气泡 | 氧 | 热量,酿造 | 盐 | 消毒 | 掺 | 气味 | 保质期 | 适量 | 海藻,贮藏 | 保质期 | 沉淀 | 二氧化碳 | 燃烧 | 混合 | 真空 | 浓缩 | 有毒 | 保鲜 | 储存 | 渗,液体 | 溶解 | 加热 | 搅拌 | 氧气 | 浸泡 | 含量 | 洗涤剂 | 气体 | 气泡 | 氧 | 热量 | 凝固 | 水分 | 酒精 | 渗 | 过滤 | 常温 | 冷冻 | 贮藏 | 二氧化碳 | 富含 | 钙 | 烘干 | 剂 | 掺 | 含有 | 浓缩 | 海藻 | 燃烧 | 密封 | 保鲜 | 成分 | 储存 | 物质 | 融化 | 制成 | 有毒 | 均匀 | 纤维 | 气味 | 毫升 | 盐 | 样品 | 残留 | 沉淀 | 发酵 | 结晶 | 消毒 | 能量 | 原料 | 浮力 | 保质期 | 适量 | 酿造 | 真空 | 碳 | 膜 | 天然 | 泡沫 | 混合 | 输送,61.99999999990956,0.9999999999985413,6.777042573231866e-12,保质期:1.000000 | 保鲜:1.000000 | 储存:1.000000 | 冷冻:1.000000 | 凝固:1.000000 | 制成:1.000000 | 剂:1.000000 | 加热:1.000000 | 发酵:1.000000 | 含有:1.000000 | 含量:1.000000 | 均匀:1.000000,
19,54,0.3173213955456112,0.06839029166245263,0.07407407407407407,相同 | 相似 | 差别 | 相差 | 不相上下 | 差异 | 截然不同 | 不同 | 区别 | 有所不同 | 一模一样 | 相辅相成,相互 | 关系 | 要好 | 兼容 | 之间 | 好坏 | 长短 | 混淆,无关 | 区分 | 一致 | 同等 | 相辅相成 | 相差 | 互补 | 关系 | 介于 | 同类 | 呼应 | 有所不同,相同 | 相似 | 差别 | 相差 | 不相上下 | 差异 | 截然不同 | 不同 | 区别 | 有所不同 | 一模一样 | 相辅相成 | 吻合 | 息息相关 | 相等 | 大同小异 | 相通 | 相提并论 | 无关 | 重合 | 差距 | 相连 | 相比 | 区分 | 格格不入 | 混淆 | 密不可分 | 悬殊 | 同等 | 挂钩 | 反差 | 之间 | 类似 | 互补 | 呼应 | 匹配 | 一致 | 同一 | 分开 | 高低 | 关系 | 对比 | 长短 | 相互 | 介于 | 同 | 与 | 并列 | 关联 | 兼容 | 大体 | 要好 | 好坏 | 同类,53.99999999999774,0.9999999999999581,2.2437248708448107e-13,一模一样:1.000000 | 一致:1.000000 | 不同:1.000000 | 不相上下:1.000000 | 与:1.000000 | 之间:1.000000 | 互补:1.000000 | 介于:1.000000 | 关系:1.000000 | 关联:1.000000 | 兼容:1.000000 | 分开:1.000000,
20,90,0.2691940019325514,-0.01170354168368049,0.6,决赛 | 夺冠 | 半决赛 | 冠军 | 亚军 | 预赛 | 获胜 | 夺魁 | 爆冷门 | 银牌 | 参赛 | 胜出,跳水 | 状元 | 挑战 | 考验 | 赛跑 | 分钟 | 人气 | 亚运会,脱颖而出 | 联赛 | 起跑线 | 胜负 | 进场 | 铜牌 | 比分 | 考验 | 过半 | 冠军 | 得分 | 重量级,决赛 | 夺冠 | 半决赛 | 冠军 | 亚军 | 预赛 | 获胜 | 夺魁 | 爆冷门 | 银牌 | 参赛 | 胜出 | 单打 | 铜牌 | 出局 | 世界杯 | 入场券 | 赛场 | 取胜 | 奖牌 | 金牌 | 上场 | 比分 | 联赛 | 东道主 | 出场 | 奖杯 | 胜负 | 半场 | 奥运会 | 角逐 | 球队 | 对手 | 无缘 | 赢家 | 犯规 | 输家 | 阵容 | 得分 | 亚运会 | 抽签 | 悬念 | 开场 | 冷门 | 过关 | 垫底 | 杯 | 外援 | 下场 | 缺席 | 黑马 | 头号 | 脱颖而出 | 入场 | 巅峰 | 赢 | 席位 | 全场 | 赛跑 | 热门 | 场 | 冲刺 | 起跑线 | 止步 | 纪录 | 王牌 | 倒数 | 跳水 | 如愿以偿 | 接力 | 重量级 | 未知数 | 轮 | 禁区 | 生涯 | 状元 | 过半 | 筹码 | 挑战 | 最佳 | 尾声 | 进场 | 倒计时 | 一帆风顺 | 身价 | 水落石出 | 分钟 | 人气 | 落下 | 考验,89.99999564845969,0.9999999516293424,1.2259896299354518e-7,一帆风顺:1.000000 | 上场:1.000000 | 下场:1.000000 | 世界杯:1.000000 | 东道主:1.000000 | 亚军:1.000000 | 亚运会:1.000000 | 人气:1.000000 | 倒数:1.000000 | 倒计时:1.000000 | 入场:1.000000 | 入场券:1.000000,
21,43,0.3077449928653843,0.02918715914433149,0.32558139534883723,汹涌 | 愈演愈烈 | 热潮 | 高涨 | 蓬勃 | 兴起 | 升温 | 迭起 | 涌现 | 涌入 | 此起彼伏 | 掀起,传出 | 聚集 | 浓厚 | 风暴 | 笼罩 | 火暴 | 空前 | 源源不断,浓厚 | 潮 | 与日俱增 | 此起彼伏 | 日趋 | 汹涌 | 升温 | 涌现 | 高涨 | 高潮 | 源源不断 | 爆发,汹涌 | 愈演愈烈 | 热潮 | 高涨 | 蓬勃 | 兴起 | 升温 | 迭起 | 涌现 | 涌入 | 此起彼伏 | 掀起 | 蔓延 | 火热 | 泛滥 | 日益 | 爆发 | 红火 | 日趋 | 弥漫 | 旺盛 | 增多 | 高潮 | 兴旺 | 与日俱增 | 扑面而来 | 潮 | 空前 | 势不可当 | 火暴 | 到来 | 笼罩 | 沸沸扬扬 | 浓厚 | 活跃 | 上演 | 深入人心 | 风暴 | 源源不断 | 供不应求 | 聚集 | 传出 | 大批,43.0,1.0,2.5441082656481372e-23,上演:1.000000 | 与日俱增:1.000000 | 传出:1.000000 | 供不应求:1.000000 | 兴旺:1.000000 | 兴起:1.000000 | 到来:1.000000 | 势不可当:1.000000 | 升温:1.000000 | 增多:1.000000 | 大批:1.000000 | 弥漫:1.000000,
22,38,0.40158374012359,0.07341405798493325,0.07894736842105263,恐吓 | 挑衅 | 侮辱 | 迫害 | 讹诈 | 殴打 | 诽谤 | 骚扰 | 报复 | 谴责 | 阻挠 | 刁难,指责 | 严厉 | 逼迫 | 煽动 | 歧视 | 刁难 | 谴责 | 冲撞,报复 | 惩处 | 阻拦 | 制止 | 指责 | 吓唬 | 示威 | 刁难 | 控告 | 伤害 | 侵犯 | 严厉,恐吓 | 挑衅 | 侮辱 | 迫害 | 讹诈 | 殴打 | 诽谤 | 骚扰 | 报复 | 谴责 | 阻挠 | 刁难 | 指责 | 惩罚 | 虐待 | 威胁 | 抗议 | 无理 | 吓唬 | 阻拦 | 攻击 | 捣乱 | 制裁 | 控告 | 煽动 | 干涉 | 怠工 | 侵犯 | 伤害 | 歧视 | 严厉 | 打击 | 制止 | 示威 | 惩处 | 逼迫 | 施压 | 冲撞,38.0,1.0,1.5475417566463361e-30,严厉:1.000000 | 伤害:1.000000 | 侮辱:1.000000 | 侵犯:1.000000 | 冲撞:1.000000 | 刁难:1.000000 | 制止:1.000000 | 制裁:1.000000 | 吓唬:1.000000 | 威胁:1.000000 | 干涉:1.000000 | 怠工:1.000000,
23,28,0.33876925271295294,0.05865739927343212,0.10714285714285714,引诱 | 收买 | 拉拢 | 冒充 | 兜售 | 贩卖 | 窃取 | 编造 | 大肆 | 鼓动 | 勾结 | 骗,伪装 | 勾结 | 雇佣 | 鼓动 | 抢夺 | 虚构 | 掩护 | 骗,骗 | 拉拢 | 宣传 | 伪装 | 勾结 | 引诱 | 兜售 | 大肆 | 借 | 招揽 | 窃取 | 名义,引诱 | 收买 | 拉拢 | 冒充 | 兜售 | 贩卖 | 窃取 | 编造 | 大肆 | 鼓动 | 勾结 | 骗 | 招揽 | 推销 | 诱饵 | 出卖 | 抢夺 | 掩护 | 散布 | 伪装 | 宣传 | 虚构 | 充当 | 雇佣 | 索取 | 借 | 借用 | 名义,28.0,1.0,9.975143359726968e-45,伪装:1.000000 | 借:1.000000 | 借用:1.000000 | 充当:1.000000 | 兜售:1.000000 | 冒充:1.000000 | 出卖:1.000000 | 勾结:1.000000 | 名义:1.000000 | 大肆:1.000000 | 宣传:1.000000 | 引诱:1.000000,
24,53,0.3136956072052405,-0.0002832184300894532,0.4528301886792453,凹 | 斜 | 竖 | 缝 | 绷 | 镶 | 垂 | 翘 | 钉 | 弯 | 拱 | 缠,肩 | 勾 | 伸 | 左 | 右 | 布 | 织 | 敷,倚 | 束 | 右 | 梳 | 阔 | 斜 | 勾 | 刻 | 钉 | 缠 | 镶 | 勒,凹 | 斜 | 竖 | 缝 | 绷 | 镶 | 垂 | 翘 | 钉 | 弯 | 拱 | 缠 | 凸 | 横 | 罩 | 绣 | 钩 | 肩 | 伸 | 秃 | 扁 | 梳 | 圆 | 悬 | 叠 | 遮 | 形 | 雕 | 尖 | 勾 | 倚 | 矮 | 涂 | 盖 | 窄 | 叉 | 阔 | 角 | 铺 | 刻 | 宽 | 勒 | 围 | 束 | 披 | 织 | 布 | 印 | 敷 | 结 | 隔 | 右 | 左,52.99999999999996,0.9999999999999992,5.015790067191489e-15,伸:1.000000 | 倚:1.000000 | 凸:1.000000 | 凹:1.000000 | 刻:1.000000 | 勒:1.000000 | 勾:1.000000 | 印:1.000000 | 叉:1.000000 | 叠:1.000000 | 右:1.000000 | 围:1.000000,
25,101,0.2622591984043264,-0.001958720854487827,0.504950495049505,金融 | 贸易 | 农业 | 航运 | 能源 | 电力 | 外贸 | 物流 | 医药 | 经贸 | 房地产 | 经济,医疗 | 影视 | 海洋 | 连锁 | 农产品 | 水利 | 纺织 | 百货,货币 | 海运 | 集团 | 航天 | 城乡 | 房地产 | 园林 | 国家 | 经营 | 运营 | 对外 | 改革,金融 | 贸易 | 农业 | 航运 | 能源 | 电力 | 外贸 | 物流 | 医药 | 经贸 | 房地产 | 经济 | 工业 | 商业 | 银行 | 服务业 | 医疗 | 信贷 | 纺织 | 石油 | 科技 | 海运 | 电信 | 水利 | 投资 | 保险 | 通信 | 煤炭 | 税务 | 资产 | 财务 | 农产品 | 邮政 | 进出口 | 航空 | 经营 | 租赁 | 运营 | 港口 | 电讯 | 环保 | 外汇 | 管理 | 百货 | 工商 | 高新技术 | 货币 | 监管 | 文化 | 传媒 | 商务 | 资本 | 信用 | 国防 | 影视 | 通讯 | 生态 | 电网 | 核能 | 国有 | 并购 | 集团 | 改革 | 物价 | 战略 | 私营 | 大宗 | 政府 | 园林 | 城乡 | 海洋 | 基金 | 国际 | 公共 | 养老 | 理财 | 航天 | 批发 | 流通 | 财富 | 文娱 | 低碳 | 连锁 | 跨国 | 合资 | 海关 | 股票 | 数字 | 综合 | 财经 | 对外 | 煤矿 | 治理 | 中介 | 环球 | 收购 | 国家 | 一揽子 | 重大 | 东方 | 长城,101.0000945300834,0.9999997318270839,6.611364450378259e-7,一揽子:1.000000 | 低碳:1.000000 | 公共:1.000000 | 养老:1.000000 | 农业:1.000000 | 医疗:1.000000 | 医药:1.000000 | 商业:1.000000 | 商务:1.000000 | 国有:1.000000 | 国际:1.000000 | 城乡:1.000000,
26,71,0.34217188575153573,0.004825892457335916,0.43661971830985913,操场 | 过道 | 大楼 | 教学楼 | 礼堂 | 大厅 | 楼梯 | 居民楼 | 楼房 | 楼 | 体育馆 | 人行道,病床 | 墙 | 帐篷 | 过道 | 办公室 | 角落 | 病房 | 机舱,座 | 地下 | 角落 | 栋 | 操场 | 幢 | 舱 | 马路 | 体育馆 | 烟囱 | 栏杆 | 殿堂,操场 | 过道 | 大楼 | 教学楼 | 礼堂 | 大厅 | 楼梯 | 居民楼 | 楼房 | 楼 | 体育馆 | 人行道 | 广场 | 围墙 | 地下室 | 草坪 | 看台 | 建筑物 | 游泳池 | 体育场 | 大厦 | 公园 | 栏杆 | 球场 | 幢 | 马路 | 走廊 | 屋顶 | 空地 | 病房 | 教堂 | 花园 | 车厢 | 场地 | 阅览室 | 场馆 | 喷泉 | 跑道 | 栋 | 大街 | 立交桥 | 殿堂 | 墙 | 会场 | 站台 | 座位 | 街道 | 露天 | 烟囱 | 工地 | 剧院 | 机舱 | 大门 | 天桥 | 清真寺 | 更衣室 | 公共场所 | 帐篷 | 办公室 | 室 | 厅 | 场所 | 路灯 | 角落 | 病床 | 台阶 | 废墟 | 鸟巢 | 地下 | 座 | 舱,71.00000042394625,0.9999999999868636,5.405315135331411e-11,会场:1.000000 | 体育场:1.000000 | 体育馆:1.000000 | 公共场所:1.000000 | 公园:1.000000 | 剧院:1.000000 | 办公室:1.000000 | 厅:1.000000 | 台阶:1.000000 | 喷泉:1.000000 | 围墙:1.000000 | 地下:1.000000,
27,56,0.3973605252001334,0.04894751059197707,0.07142857142857142,南瓜 | 茄子 | 白菜 | 红薯 | 黄瓜 | 柿子 | 萝卜 | 西瓜 | 核桃 | 蘑菇 | 梨 | 莲子,肠 | 肉 | 丸 | 红薯 | 肥 | 盆 | 花生 | 粪,姜 | 母鸡 | 桃树 | 葱 | 百合 | 蜜 | 肉 | 瓜 | 西瓜 | 鹅 | 柿子 | 豆子,南瓜 | 茄子 | 白菜 | 红薯 | 黄瓜 | 柿子 | 萝卜 | 西瓜 | 核桃 | 蘑菇 | 梨 | 莲子 | 花生 | 瓜 | 枣 | 椰子 | 蒜 | 虾 | 桃 | 桂花 | 葡萄 | 葱 | 豆子 | 肉 | 桃树 | 鸭子 | 鸡 | 菊花 | 鹅 | 叶子 | 鱼 | 羊 | 母鸡 | 芽 | 竹子 | 蛋 | 橘子 | 芝麻 | 百合 | 蜜 | 荷花 | 果实 | 棵 | 茎 | 猪 | 草 | 姜 | 粪 | 树 | 卵 | 肥 | 盆 | 粒 | 肠 | 斤 | 丸,55.9999999830835,0.9999999996979196,1.0773031184093119e-9,南瓜:1.000000 | 卵:1.000000 | 叶子:1.000000 | 姜:1.000000 | 斤:1.000000 | 果实:1.000000 | 枣:1.000000 | 柿子:1.000000 | 树:1.000000 | 核桃:1.000000 | 桂花:1.000000 | 桃:1.000000,
28,30,0.3768097234895622,0.03476560516724473,0.23333333333333334,操心 | 忙碌 | 忙活 | 操劳 | 忙 | 劳累 | 忙乱 | 胡思乱想 | 发愁 | 唠叨 | 奔波 | 辛苦,沉迷 | 无聊 | 思前想后 | 愁 | 劳累 | 提心吊胆 | 吃不上 | 絮叨,折腾 | 忙碌 | 唠叨 | 奔波 | 无聊 | 沉迷 | 耽误 | 辛苦 | 吃不上 | 无所事事 | 胡思乱想 | 絮叨,操心 | 忙碌 | 忙活 | 操劳 | 忙 | 劳累 | 忙乱 | 胡思乱想 | 发愁 | 唠叨 | 奔波 | 辛苦 | 耽搁 | 耽误 | 无聊 | 絮叨 | 折腾 | 犯愁 | 无所事事 | 提心吊胆 | 打搅 | 愁 | 吃不上 | 应酬 | 没完没了 | 思前想后 | 盘算 | 公事 | 着落 | 沉迷,30.0,1.0,4.4325586964949455e-45,公事:1.000000 | 劳累:1.000000 | 发愁:1.000000 | 吃不上:1.000000 | 唠叨:1.000000 | 奔波:1.000000 | 应酬:1.000000 | 忙:1.000000 | 忙乱:1.000000 | 忙活:1.000000 | 忙碌:1.000000 | 思前想后:1.000000,
29,35,0.3688569746643282,0.008508405337035906,0.45714285714285713,疼 | 难受 | 馋 | 痒 | 心慌 | 恶心 | 烦 | 没劲 | 慌 | 痛 | 肿 | 爽,心慌 | 脑子 | 口水 | 顿 | 上火 | 难受 | 红眼 | 慌,过瘾 | 慌 | 瘾 | 快 | 上瘾 | 肿 | 馋 | 渴 | 痛 | 起劲 | 爽 | 觉,疼 | 难受 | 馋 | 痒 | 心慌 | 恶心 | 烦 | 没劲 | 慌 | 痛 | 肿 | 爽 | 渴 | 胖 | 懒 | 饿 | 过瘾 | 饱 | 受不了 | 咳 | 上瘾 | 累 | 瘦 | 疯 | 火辣辣 | 上火 | 觉 | 瘾 | 脑子 | 胃口 | 口水 | 起劲 | 顿 | 快 | 红眼,35.0,1.0,8.234555307772284e-30,上火:1.000000 | 上瘾:1.000000 | 受不了:1.000000 | 口水:1.000000 | 咳:1.000000 | 心慌:1.000000 | 快:1.000000 | 恶心:1.000000 | 慌:1.000000 | 懒:1.000000 | 没劲:1.000000 | 渴:1.000000,
30,62,0.3604663940688815,0.07156320933595285,0.16129032258064516,果树 | 水稻 | 作物 | 农作物 | 种植 | 庄稼 | 灌溉 | 小麦 | 牲畜 | 肥料 | 栽培 | 禾苗,开花 | 矿藏 | 水库 | 粪便 | 污水 | 水产品 | 株 | 野生,野生 | 花卉 | 开花 | 株 | 害虫 | 禾苗 | 温室 | 大棚 | 作物 | 牧场 | 矿藏 | 肥料,果树 | 水稻 | 作物 | 农作物 | 种植 | 庄稼 | 灌溉 | 小麦 | 牲畜 | 肥料 | 栽培 | 禾苗 | 亩 | 粮食 | 耕地 | 饲料 | 果园 | 饲养 | 养殖 | 棉花 | 家禽 | 害虫 | 玉米 | 杨树 | 繁殖 | 干旱 | 土壤 | 化肥 | 旱 | 大棚 | 奶牛 | 涝 | 水源 | 公顷 | 水产品 | 开垦 | 植物 | 杂交 | 花卉 | 木材 | 野生 | 药材 | 株 | 农场 | 喂养 | 苗 | 丰收 | 温室 | 地下水 | 合作社 | 牧场 | 水库 | 增产 | 种子 | 粪便 | 绿化 | 土地 | 污水 | 饮水 | 矿藏 | 立方米 | 开花,61.99999999756193,0.9999999999606762,1.5478202172288894e-10,丰收:1.000000 | 亩:1.000000 | 作物:1.000000 | 公顷:1.000000 | 养殖:1.000000 | 农作物:1.000000 | 农场:1.000000 | 化肥:1.000000 | 喂养:1.000000 | 土壤:1.000000 | 地下水:1.000000 | 增产:1.000000,
31,107,0.46961105439007184,0.17967937085644858,0.0,姑姑 | 舅舅 | 姐姐 | 奶奶 | 妹妹 | 爸爸 | 嫂子 | 母亲 | 哥哥 | 妈妈 | 爸 | 姥姥,家里 | 男孩儿 | 大夫 | 小孩儿 | 女孩儿 | 木匠 | 房东 | 小伙子,老板 | 爷爷 | 父亲 | 新娘 | 女孩儿 | 女儿 | 老婆 | 丈夫 | 亲戚 | 阿姨 | 木匠 | 同伴,姑姑 | 舅舅 | 姐姐 | 奶奶 | 妹妹 | 爸爸 | 嫂子 | 母亲 | 哥哥 | 妈妈 | 爸 | 姥姥 | 爷爷 | 父亲 | 媳妇 | 弟弟 | 闺女 | 儿子 | 姥爷 | 女儿 | 爹 | 老婆 | 妈 | 外婆 | 伯母 | 叔叔 | 大姐 | 伯父 | 孙女 | 父母 | 丈夫 | 岳母 | 祖母 | 外公 | 阿姨 | 老公 | 岳父 | 妻子 | 大哥 | 老太太 | 亲戚 | 伯伯 | 继父 | 太太 | 大爷 | 老伴儿 | 长辈 | 家人 | 姐 | 孩子 | 孙子 | 女婿 | 继母 | 娘 | 姨 | 男朋友 | 爱人 | 女朋友 | 她 | 姑娘 | 邻居 | 小孩儿 | 师父 | 妹 | 老乡 | 弟 | 老汉 | 老人家 | 亲人 | 大妈 | 朋友 | 儿女 | 两口子 | 师傅 | 同学 | 大人 | 老人 | 亲生 | 老师 | 家里 | 同事 | 小伙子 | 女孩儿 | 老家 | 寡妇 | 一家人 | 母女 | 姐妹 | 徒弟 | 保姆 | 老王 | 同伴 | 男孩儿 | 战友 | 老板 | 新娘 | 全家 | 乡下 | 小时候 | 新郎 | 主人 | 小王 | 班长 | 大夫 | 兄弟 | 房东 | 木匠,107.00000000396277,0.9999999999992064,3.639202325818443e-12,一家人:1.000000 | 丈夫:1.000000 | 两口子:1.000000 | 主人:1.000000 | 乡下:1.000000 | 亲人:1.000000 | 亲戚:1.000000 | 亲生:1.000000 | 伯伯:1.000000 | 伯母:1.000000 | 伯父:1.000000 | 保姆:1.000000,
32,52,0.30985112216199817,0.03202013121540051,0.28846153846153844,展现 | 凝聚 | 孕育 | 塑造 | 体现 | 蕴涵 | 描绘 | 激发 | 展示 | 流露 | 焕发 | 烘托,宣泄 | 打动 | 描写 | 陶冶 | 哺育 | 联想 | 洋溢 | 传播,激发 | 传达 | 描绘 | 注入 | 传播 | 蕴藏 | 烘托 | 渗透 | 投射 | 凸显 | 重现 | 折射,展现 | 凝聚 | 孕育 | 塑造 | 体现 | 蕴涵 | 描绘 | 激发 | 展示 | 流露 | 焕发 | 烘托 | 勾画 | 洋溢 | 唤起 | 演绎 | 造就 | 营造 | 汇聚 | 凸显 | 蕴藏 | 再现 | 充满 | 传达 | 折射 | 浮现 | 创造 | 承载 | 增添 | 讲述 | 陶冶 | 积淀 | 融入 | 汇集 | 散发 | 描写 | 吸引 | 投射 | 重现 | 哺育 | 打动 | 点燃 | 渗透 | 贯穿 | 传递 | 灌输 | 注入 | 宣泄 | 传播 | 萌发 | 启迪 | 联想,52.0,1.0,5.941175226289053e-17,传播:1.000000 | 传达:1.000000 | 传递:1.000000 | 体现:1.000000 | 充满:1.000000 | 再现:1.000000 | 凝聚:1.000000 | 凸显:1.000000 | 创造:1.000000 | 勾画:1.000000 | 启迪:1.000000 | 吸引:1.000000,
33,43,0.3608101605022831,0.05240735661839907,0.32558139534883723,冬天 | 时节 | 季节 | 冬季 | 秋天 | 夏天 | 夏季 | 春天 | 春季 | 晴朗 | 下雪 | 阴天,长假 | 家家户户 | 夜间 | 夜晚 | 腊月 | 每逢 | 清明 | 黄昏,下雨 | 刮风 | 季节 | 冬季 | 来年 | 夏天 | 节气 | 秋天 | 时节 | 瑞雪 | 多云 | 往年,冬天 | 时节 | 季节 | 冬季 | 秋天 | 夏天 | 夏季 | 春天 | 春季 | 晴朗 | 下雪 | 阴天 | 晴天 | 下雨 | 夜晚 | 秋季 | 天气 | 腊月 | 节气 | 刮风 | 旺季 | 风和日丽 | 黄昏 | 淡季 | 清明 | 假日 | 四季 | 长假 | 来临 | 夜间 | 每逢 | 高峰期 | 晴 | 日子 | 暑期 | 多云 | 瑞雪 | 往年 | 来年 | 家家户户 | 高峰 | 台风 | 逢,43.0,1.0,2.931614449564379e-23,下雨:1.000000 | 下雪:1.000000 | 假日:1.000000 | 冬天:1.000000 | 冬季:1.000000 | 刮风:1.000000 | 台风:1.000000 | 四季:1.000000 | 夏天:1.000000 | 夏季:1.000000 | 多云:1.000000 | 夜晚:1.000000,
34,78,0.32166450156179155,0.039106232303047425,0.28205128205128205,阐述 | 推断 | 解释 | 推测 | 表述 | 判断 | 分析 | 概括 | 猜测 | 描述 | 叙述 | 论述,领会 | 提到 | 议论 | 追问 | 引用 | 讲 | 追溯 | 谈,表达 | 总结 | 归结 | 简要 | 举例 | 解读 | 印证 | 推理 | 结论 | 验证 | 判定 | 领会,阐述 | 推断 | 解释 | 推测 | 表述 | 判断 | 分析 | 概括 | 猜测 | 描述 | 叙述 | 论述 | 断定 | 揣测 | 归纳 | 结论 | 解读 | 探讨 | 预测 | 理解 | 总结 | 判定 | 预言 | 揭示 | 猜想 | 评判 | 估算 | 定义 | 论证 | 推算 | 假定 | 测算 | 讨论 | 解析 | 列举 | 谈论 | 思考 | 假设 | 衡量 | 设想 | 界定 | 印证 | 定论 | 举例 | 验证 | 证明 | 预见 | 证实 | 表达 | 评价 | 陈述 | 议论 | 得出 | 看出 | 反映 | 讲 | 形容 | 想象 | 说明 | 表明 | 谈 | 考量 | 暗示 | 推理 | 归结 | 追问 | 预料 | 回顾 | 权衡 | 看待 | 提到 | 简要 | 透露 | 引用 | 领会 | 展望 | 参考 | 追溯,77.99999999815715,0.999999999959228,1.5826739577101985e-10,举例:1.000000 | 估算:1.000000 | 假定:1.000000 | 假设:1.000000 | 分析:1.000000 | 列举:1.000000 | 判定:1.000000 | 判断:1.000000 | 印证:1.000000 | 参考:1.000000 | 反映:1.000000 | 叙述:1.000000,
35,40,0.34120081403917435,0.008572219308471723,0.375,工艺品 | 首饰 | 家具 | 服装 | 珠宝 | 刺绣 | 瓷器 | 丝绸 | 地毯 | 服饰 | 装饰 | 玩具,婚纱 | 手表 | 尼龙 | 纱 | 新款 | 服装 | 摆设 | 照相,时装 | 纱 | 文具 | 制品 | 香水 | 漆 | 首饰 | 高档 | 服饰 | 新款 | 刺绣 | 瓷,工艺品 | 首饰 | 家具 | 服装 | 珠宝 | 刺绣 | 瓷器 | 丝绸 | 地毯 | 服饰 | 装饰 | 玩具 | 时装 | 文具 | 陶瓷 | 古董 | 用品 | 瓷 | 制品 | 香水 | 婚纱 | 手工 | 化妆 | 手表 | 漆 | 印刷 | 名贵 | 贵重 | 尼龙 | 高档 | 摆设 | 钻石 | 包装 | 道具 | 纱 | 实物 | 仿 | 照相 | 卡通 | 新款,40.0,1.0,6.610089520241377e-17,丝绸:1.000000 | 仿:1.000000 | 制品:1.000000 | 刺绣:1.000000 | 包装:1.000000 | 化妆:1.000000 | 卡通:1.000000 | 印刷:1.000000 | 古董:1.000000 | 名贵:1.000000 | 地毯:1.000000 | 婚纱:1.000000,
36,35,0.39852419918062976,0.01079945296740318,0.45714285714285713,痛苦 | 悲惨 | 凄凉 | 孤独 | 苦难 | 寂寞 | 可悲 | 孤单 | 狼狈 | 惨痛 | 窘迫 | 受苦,痛苦 | 颓废 | 孤单 | 无能为力 | 堕落 | 寂寞 | 空虚 | 可悲,折磨 | 苦 | 颓废 | 窘迫 | 身不由己 | 境遇 | 磨难 | 任人宰割 | 耻辱 | 孤单 | 无能为力 | 忍受,痛苦 | 悲惨 | 凄凉 | 孤独 | 苦难 | 寂寞 | 可悲 | 孤单 | 狼狈 | 惨痛 | 窘迫 | 受苦 | 荒凉 | 不堪 | 耻辱 | 可怜 | 惨 | 贫穷 | 折磨 | 苦 | 艰难 | 渺小 | 空虚 | 磨难 | 忍受 | 走投无路 | 境遇 | 堕落 | 颓废 | 处境 | 任人宰割 | 一无所有 | 饥饿 | 身不由己 | 无能为力,35.0,1.0,2.7559545549812434e-32,一无所有:1.000000 | 不堪:1.000000 | 任人宰割:1.000000 | 凄凉:1.000000 | 受苦:1.000000 | 可怜:1.000000 | 可悲:1.000000 | 堕落:1.000000 | 境遇:1.000000 | 处境:1.000000 | 孤单:1.000000 | 孤独:1.000000,
37,37,0.3506028941025484,0.030349481511564982,0.32432432432432434,应聘 | 报考 | 毕业生 | 面试 | 毕业 | 招聘 | 求职 | 文凭 | 退学 | 奖学金 | 学历 | 在职,转学 | 报考 | 就读 | 答辩 | 文凭 | 奖学金 | 招收 | 晋升,从业 | 求职 | 选拔 | 就读 | 毕业生 | 应聘 | 文凭 | 面试 | 就业 | 学历 | 蓝领 | 外企,应聘 | 报考 | 毕业生 | 面试 | 毕业 | 招聘 | 求职 | 文凭 | 退学 | 奖学金 | 学历 | 在职 | 留学 | 招收 | 兼职 | 就读 | 薪水 | 公务员 | 实习 | 转学 | 岗位 | 就业 | 跳槽 | 年薪 | 试用期 | 出国 | 上岗 | 报名 | 选拔 | 晋升 | 公费 | 外企 | 报到 | 名额 | 从业 | 答辩 | 蓝领,37.0,1.0,2.9839137008632845e-26,上岗:1.000000 | 从业:1.000000 | 公务员:1.000000 | 公费:1.000000 | 兼职:1.000000 | 出国:1.000000 | 名额:1.000000 | 在职:1.000000 | 外企:1.000000 | 奖学金:1.000000 | 学历:1.000000 | 实习:1.000000,
38,97,0.24501558069082388,-0.01212318973952326,0.6288659793814433,市场 | 行业 | 品牌 | 企业 | 产品 | 厂商 | 渠道 | 国内 | 厂家 | 业务 | 消费 | 板块,白酒 | 关注 | 网点 | 苹果 | 影响力 | 车型 | 竞争 | 近年来,主流 | 潜在 | 全国 | 用户 | 海外 | 内地 | 需求 | 人工智能 | 竞争 | 品种 | 近年来 | 未来,市场 | 行业 | 品牌 | 企业 | 产品 | 厂商 | 渠道 | 国内 | 厂家 | 业务 | 消费 | 板块 | 平台 | 客户 | 销售 | 优质 | 海外 | 领域 | 消费者 | 需求 | 零售 | 互联网 | 公司 | 全球 | 本土 | 巨头 | 外资 | 商品 | 竞争 | 低价 | 资源 | 用户 | 下游 | 新兴 | 主流 | 上游 | 性价比 | 品种 | 资金 | 境外 | 国外 | 周期 | 白酒 | 数据 | 看好 | 未来 | 项目 | 当前 | 二手车 | 领先 | 内地 | 流量 | 本地 | 内需 | 机构 | 价值 | 当下 | 实体 | 采购 | 核心 | 车型 | 配送 | 上市 | 热点 | 高价 | 开发商 | 相关 | 潜在 | 口碑 | 人工智能 | 全国 | 团队 | 网点 | 行情 | 中国 | 影响力 | 股市 | 股东 | 牌照 | 主力 | 海内外 | 产地 | 茅台 | 阵营 | 平价 | 新 | 关注 | 二手 | 资讯 | 样本 | 线 | 苹果 | 一线 | 近年来 | 黄金 | 批 | 等,96.95853530916486,0.9995461958715957,0.0004187827165735518,一线:1.000000 | 上游:1.000000 | 下游:1.000000 | 主流:1.000000 | 产品:1.000000 | 产地:1.000000 | 价值:1.000000 | 企业:1.000000 | 优质:1.000000 | 低价:1.000000 | 公司:1.000000 | 关注:1.000000,
39,51,0.2773855346246043,0.003885463672931958,0.5098039215686274,富人 | 阶层 | 贵族 | 官僚 | 封建 | 穷人 | 文人 | 商人 | 普通人 | 富豪 | 阶级 | 皇室,迷信 | 根深蒂固 | 山寨 | 人口 | 富裕 | 老百姓 | 奢侈 | 群体,族 | 宫廷 | 私人 | 人们 | 外来 | 山寨 | 迷信 | 奢侈 | 奴隶 | 老百姓 | 精英 | 商人,富人 | 阶层 | 贵族 | 官僚 | 封建 | 穷人 | 文人 | 商人 | 普通人 | 富豪 | 阶级 | 皇室 | 儒家 | 富翁 | 西方 | 知识分子 | 资本主义 | 商贾 | 奴隶 | 富裕 | 奢侈 | 精英 | 上流 | 近代 | 贫富 | 社会 | 宫廷 | 老百姓 | 人们 | 迷信 | 当代 | 外国 | 私有 | 当今 | 群体 | 金钱 | 古今中外 | 私人 | 根深蒂固 | 大众 | 民间 | 廉价 | 都市 | 外来 | 人口 | 旧 | 全世界 | 山寨 | 族 | 年代 | 大陆,50.99999997270437,0.9999999994647917,1.8632793412748125e-9,上流:1.000000 | 人们:1.000000 | 人口:1.000000 | 儒家:1.000000 | 全世界:1.000000 | 古今中外:1.000000 | 商人:1.000000 | 商贾:1.000000 | 外国:1.000000 | 外来:1.000000 | 奢侈:1.000000 | 奴隶:1.000000,
40,50,0.3561132682064103,0.07803228728998059,0.14,看见 | 碰见 | 见到 | 遇见 | 看到 | 碰到 | 想起 | 想到 | 碰上 | 遇到 | 听到 | 遇上,一无所知 | 解开 | 比不上 | 像 | 忘掉 | 留下 | 提起 | 多亏,见到 | 看中 | 得知 | 找到 | 遇见 | 一无所知 | 发现 | 提起 | 认识 | 认得 | 错过 | 听到,看见 | 碰见 | 见到 | 遇见 | 看到 | 碰到 | 想起 | 想到 | 碰上 | 遇到 | 听到 | 遇上 | 见过 | 认出 | 认得 | 听说 | 梦见 | 忘记 | 碰巧 | 目睹 | 料到 | 想不到 | 找到 | 记得 | 发觉 | 忘不了 | 忘掉 | 发现 | 放过 | 记住 | 认识 | 恰巧 | 得知 | 赶上 | 见 | 不见 | 谈起 | 多亏 | 错过 | 小看 | 像 | 看中 | 比不上 | 变成 | 当成 | 提起 | 换成 | 解开 | 留下 | 一无所知,49.99999557299125,0.999999911459825,2.2275936082147272e-7,一无所知:1.000000 | 不见:1.000000 | 像:1.000000 | 发现:1.000000 | 发觉:1.000000 | 变成:1.000000 | 听到:1.000000 | 听说:1.000000 | 多亏:1.000000 | 小看:1.000000 | 得知:1.000000 | 忘不了:1.000000,
41,54,0.39169692259187455,0.09467520226196456,0.07407407407407407,治疗 | 针灸 | 外科 | 急诊 | 儿科 | 内科 | 临床 | 肿瘤 | 手术 | 药物 | 西医 | 中医,确诊 | 止咳 | 传染病 | 按摩 | 根治 | 口腔 | 胶囊 | 包扎,诊所 | 监护 | 体检 | 输液 | 医院 | 输血 | 针灸 | 儿科 | 手术室 | 药方 | 疗效 | 诊断,治疗 | 针灸 | 外科 | 急诊 | 儿科 | 内科 | 临床 | 肿瘤 | 手术 | 药物 | 西医 | 中医 | 医院 | 门诊 | 诊断 | 打针 | 疗法 | 输液 | 急救 | 医学 | 中药 | 疗效 | 就诊 | 康复 | 麻醉 | 保健 | 诊所 | 护理 | 手术室 | 抗生素 | 确诊 | 止血 | 口腔 | 会诊 | 药品 | 注射 | 药 | 处方 | 传染病 | 疫苗 | 美容 | 偏方 | 化验 | 药方 | 包扎 | 预防 | 按摩 | 防治 | 输血 | 体检 | 止咳 | 监护 | 根治 | 胶囊,54.0,1.0,7.37697463157284e-20,中医:1.000000 | 中药:1.000000 | 临床:1.000000 | 会诊:1.000000 | 传染病:1.000000 | 体检:1.000000 | 保健:1.000000 | 偏方:1.000000 | 儿科:1.000000 | 内科:1.000000 | 包扎:1.000000 | 化验:1.000000,
42,67,0.4162461701552687,0.08096749991728105,0.014925373134328358,踹 | 拧 | 拽 | 磕 | 蹦 | 摔 | 搓 | 揍 | 捅 | 砸 | 捏 | 捶,跪 | 歪 | 摔倒 | 揉 | 拎 | 搅 | 爬 | 捂,蹦 | 咬 | 碰 | 啃 | 爬 | 蹭 | 擦 | 掐 | 砸 | 摔倒 | 轰 | 拎,踹 | 拧 | 拽 | 磕 | 蹦 | 摔 | 搓 | 揍 | 捅 | 砸 | 捏 | 捶 | 蹬 | 咬 | 甩 | 扔 | 踢 | 擦 | 敲 | 舔 | 扯 | 蹭 | 揪 | 叼 | 抖 | 扒 | 掐 | 搂 | 掰 | 抠 | 撕 | 撞 | 拎 | 揉 | 抡 | 晃 | 碰 | 溜 | 吓 | 打 | 挠 | 滚 | 跳 | 踩 | 泼 | 爬 | 呛 | 吹 | 搅 | 啃 | 喷 | 扭 | 轰 | 溅 | 掀 | 翻 | 摔倒 | 抽 | 歪 | 拍 | 吼 | 跪 | 戳 | 刷 | 捂 | 冲 | 爆,66.9999999999933,0.9999999999999001,5.04731398991406e-13,冲:1.000000 | 刷:1.000000 | 叼:1.000000 | 吓:1.000000 | 吹:1.000000 | 吼:1.000000 | 呛:1.000000 | 咬:1.000000 | 啃:1.000000 | 喷:1.000000 | 戳:1.000000 | 扒:1.000000,
43,37,0.33821591691407016,0.04895370816784492,0.32432432432432434,职务 | 辞职 | 罢免 | 免职 | 公职 | 撤换 | 连任 | 辞退 | 提名 | 人选 | 任期 | 离职,出面 | 位子 | 身份 | 否决 | 效力 | 拍板 | 出身 | 名誉,拍板 | 辞职 | 位子 | 撤换 | 身份 | 辞退 | 连任 | 国籍 | 头衔 | 退役 | 任期 | 离职,职务 | 辞职 | 罢免 | 免职 | 公职 | 撤换 | 连任 | 辞退 | 提名 | 人选 | 任期 | 离职 | 辞呈 | 当选 | 候选人 | 提拔 | 下台 | 选举 | 解雇 | 开除 | 职位 | 上任 | 竞选 | 接班 | 接班人 | 位子 | 头衔 | 资历 | 否决 | 退役 | 出身 | 名誉 | 出面 | 身份 | 国籍 | 拍板 | 效力,37.0,1.0,5.7873893618995766e-36,上任:1.000000 | 下台:1.000000 | 人选:1.000000 | 任期:1.000000 | 位子:1.000000 | 候选人:1.000000 | 免职:1.000000 | 公职:1.000000 | 出身:1.000000 | 出面:1.000000 | 名誉:1.000000 | 否决:1.000000,
44,38,0.43855534073188024,0.1006450775056378,0.05263157894736842,中餐 | 西餐 | 烤肉 | 火锅 | 海鲜 | 小吃 | 卤味 | 美味 | 美食 | 晚餐 | 烧烤 | 点心,桑拿 | 麻将 | 口味 | 酒水 | 茶道 | 卤味 | 点心 | 主食,桑拿 | 午餐 | 素食 | 餐 | 养生 | 餐饮 | 小吃 | 点心 | 用餐 | 晚餐 | 烧烤 | 茶道,中餐 | 西餐 | 烤肉 | 火锅 | 海鲜 | 小吃 | 卤味 | 美味 | 美食 | 晚餐 | 烧烤 | 点心 | 早餐 | 寿司 | 午餐 | 餐 | 快餐 | 烤鸭 | 主食 | 烹调 | 素食 | 风味 | 料理 | 餐饮 | 品尝 | 用餐 | 饮食 | 厨师 | 口味 | 便饭 | 酒水 | 外卖 | 膳食 | 养生 | 茶道 | 老字号 | 麻将 | 桑拿,38.0,1.0,7.046307583696898e-26,中餐:1.000000 | 主食:1.000000 | 便饭:1.000000 | 养生:1.000000 | 午餐:1.000000 | 卤味:1.000000 | 厨师:1.000000 | 口味:1.000000 | 品尝:1.000000 | 外卖:1.000000 | 寿司:1.000000 | 小吃:1.000000,
45,70,0.3796388149185428,0.0859199519682065,0.12857142857142856,山岭 | 树林 | 山坡 | 茂密 | 峡谷 | 山谷 | 沼泽 | 礁石 | 山峰 | 丘陵 | 小溪 | 山顶,岸上 | 槐树 | 雨 | 风沙 | 深处 | 景色 | 肥沃 | 树枝,瀑布 | 柏树 | 堤坝 | 山冈 | 雨 | 柳树 | 草原 | 海边 | 岸上 | 山谷 | 风沙 | 深处,山岭 | 树林 | 山坡 | 茂密 | 峡谷 | 山谷 | 沼泽 | 礁石 | 山峰 | 丘陵 | 小溪 | 山顶 | 高山 | 树梢 | 湖泊 | 树木 | 岩石 | 雪山 | 松树 | 树荫 | 沙漠 | 池塘 | 河流 | 大海 | 草原 | 悬崖 | 沙滩 | 柳树 | 海滩 | 丛林 | 山冈 | 海边 | 森林 | 平原 | 柏树 | 树枝 | 海面 | 草地 | 泥土 | 瀑布 | 小路 | 戈壁 | 奇花异草 | 水面 | 海浪 | 堤坝 | 茂盛 | 连绵 | 景色 | 高原 | 岸上 | 风沙 | 山川 | 辽阔 | 槐树 | 陆地 | 荆棘 | 沟 | 肥沃 | 耸立 | 冰雪 | 城墙 | 海底 | 深处 | 火山 | 芦花 | 冰山 | 地面 | 雨 | 汪洋,69.9999999862441,0.9999999998007234,7.211000680602561e-10,丘陵:1.000000 | 丛林:1.000000 | 冰山:1.000000 | 冰雪:1.000000 | 地面:1.000000 | 城墙:1.000000 | 堤坝:1.000000 | 大海:1.000000 | 奇花异草:1.000000 | 小溪:1.000000 | 小路:1.000000 | 山冈:1.000000,
46,38,0.3390234844235794,0.03942225708629359,0.2631578947368421,担任 | 出任 | 兼任 | 任命 | 聘任 | 就任 | 任 | 辞去 | 聘请 | 任职 | 现任 | 就职,创立 | 率领 | 创办 | 递交 | 聘用 | 主持 | 招募 | 辞去,任 | 聘 | 担任 | 主持 | 出任 | 加盟 | 率领 | 授予 | 任命 | 创办 | 派出 | 招募,担任 | 出任 | 兼任 | 任命 | 聘任 | 就任 | 任 | 辞去 | 聘请 | 任职 | 现任 | 就职 | 聘 | 聘用 | 接替 | 推选 | 创办 | 派出 | 兼 | 接手 | 派遣 | 召集 | 创立 | 主持 | 率领 | 委托 | 授予 | 颁发 | 荣获 | 递交 | 代理 | 加盟 | 入选 | 掌管 | 加入 | 改名 | 招募 | 获,38.0,1.0,5.782672609044208e-27,主持:1.000000 | 代理:1.000000 | 任:1.000000 | 任命:1.000000 | 任职:1.000000 | 入选:1.000000 | 兼:1.000000 | 兼任:1.000000 | 出任:1.000000 | 创办:1.000000 | 创立:1.000000 | 加入:1.000000,
47,51,0.31677433714956205,-0.00047013559168957374,0.6274509803921569,吐 | 淌 | 胀 | 泻 | 晕 | 沉 | 咽 | 喘 | 仰 | 醒 | 泄 | 醉,歇 | 惊 | 停 | 尿 | 飘 | 僵 | 醒 | 陷,溢 | 闪 | 变 | 歇 | 胀 | 哑 | 泄 | 停 | 喘 | 浮 | 尿 | 咽,吐 | 淌 | 胀 | 泻 | 晕 | 沉 | 咽 | 喘 | 仰 | 醒 | 泄 | 醉 | 坠 | 漏 | 昏 | 豁 | 塌 | 僵 | 飘 | 流 | 卧 | 涌 | 歇 | 哑 | 落 | 漫 | 下坠 | 吞 | 惊 | 浮 | 脱 | 闭 | 缓 | 滑 | 震 | 汗 | 灌 | 溢 | 冒 | 尿 | 急 | 虚 | 陡 | 停 | 闪 | 陷 | 直 | 逆 | 动 | 迟 | 变,50.999999999999986,0.9999999999999997,2.1870178584532956e-15,下坠:1.000000 | 仰:1.000000 | 停:1.000000 | 僵:1.000000 | 冒:1.000000 | 动:1.000000 | 卧:1.000000 | 变:1.000000 | 吐:1.000000 | 吞:1.000000 | 咽:1.000000 | 哑:1.000000,
48,55,0.2800782080588912,-0.019605706298135725,0.6909090909090909,宇宙 | 虚幻 | 上帝 | 人间 | 永恒 | 灵魂 | 黑暗 | 人类 | 心灵 | 生命 | 幻想 | 真理,黑暗 | 解脱 | 梦想 | 神圣 | 魔鬼 | 心灵 | 诱惑 | 金字塔,人生 | 战场 | 幻影 | 太空 | 奥秘 | 现实 | 世界 | 魔鬼 | 奇迹 | 大自然 | 生命 | 灵魂,宇宙 | 虚幻 | 上帝 | 人间 | 永恒 | 灵魂 | 黑暗 | 人类 | 心灵 | 生命 | 幻想 | 真理 | 地狱 | 幻觉 | 自然界 | 大自然 | 人生 | 时空 | 地球 | 世界 | 梦想 | 天堂 | 神话 | 现实 | 魔鬼 | 末日 | 化身 | 主宰 | 奇迹 | 幻影 | 奥秘 | 开天辟地 | 天地 | 空想 | 梦 | 神圣 | 无穷 | 进化 | 太空 | 无限 | 极限 | 旋涡 | 常人 | 无形 | 月球 | 觉醒 | 解脱 | 永不 | 诱惑 | 光环 | 一切 | 战场 | 金字塔 | 何处 | 天平,54.99999999999997,0.9999999999999994,4.034085244951944e-15,一切:1.000000 | 上帝:1.000000 | 世界:1.000000 | 主宰:1.000000 | 人生:1.000000 | 人类:1.000000 | 人间:1.000000 | 何处:1.000000 | 光环:1.000000 | 化身:1.000000 | 地狱:1.000000 | 地球:1.000000,
49,59,0.3301666275017656,0.040402238170870595,0.1694915254237288,天分 | 功力 | 本事 | 天赋 | 本领 | 才华 | 技巧 | 功底 | 长处 | 绝技 | 魄力 | 学问,水准 | 脑筋 | 秘方 | 野心 | 心思 | 体力 | 力气 | 要领,秘方 | 才华 | 功底 | 野心 | 功劳 | 名气 | 短处 | 功夫 | 魄力 | 声望 | 本钱 | 技艺,天分 | 功力 | 本事 | 天赋 | 本领 | 才华 | 技巧 | 功底 | 长处 | 绝技 | 魄力 | 学问 | 毅力 | 手艺 | 特长 | 绝招 | 专长 | 本钱 | 诀窍 | 口才 | 秘诀 | 招数 | 窍门 | 技艺 | 功夫 | 弱点 | 爱好 | 心思 | 能耐 | 短处 | 力气 | 劲头 | 技能 | 兴趣 | 经验 | 实力 | 心得 | 名气 | 体力 | 强项 | 优点 | 底子 | 嗜好 | 运气 | 野心 | 功劳 | 名声 | 秘方 | 功效 | 声望 | 天才 | 威力 | 要领 | 建树 | 脑筋 | 知名度 | 行家 | 甜头 | 水准,59.00000000052995,0.9999999999999769,1.2572918248567732e-13,专长:1.000000 | 体力:1.000000 | 兴趣:1.000000 | 力气:1.000000 | 功力:1.000000 | 功劳:1.000000 | 功夫:1.000000 | 功底:1.000000 | 功效:1.000000 | 劲头:1.000000 | 口才:1.000000 | 名声:1.000000,
50,33,0.3603974271464658,0.02048302767378404,0.30303030303030304,伺候 | 干活儿 | 捡 | 侍候 | 玩儿 | 喂 | 遛 | 使唤 | 耍 | 做饭 | 搬 | 收拾,洗澡 | 玩儿 | 耍 | 赶 | 背着 | 遛 | 惯 | 弄,干活儿 | 搞 | 弄 | 打发 | 耍 | 伺候 | 侍候 | 做饭 | 雇 | 捡 | 扮 | 收拾,伺候 | 干活儿 | 捡 | 侍候 | 玩儿 | 喂 | 遛 | 使唤 | 耍 | 做饭 | 搬 | 收拾 | 活儿 | 弄 | 干 | 找 | 打扫 | 陪 | 养 | 拣 | 养活 | 哄 | 雇 | 打发 | 赶 | 洗澡 | 扮 | 活 | 做 | 搞 | 背着 | 惯 | 讨,33.0,1.0,6.333589812075104e-36,伺候:1.000000 | 使唤:1.000000 | 侍候:1.000000 | 做:1.000000 | 做饭:1.000000 | 养:1.000000 | 养活:1.000000 | 哄:1.000000 | 喂:1.000000 | 干:1.000000 | 干活儿:1.000000 | 弄:1.000000,
51,76,0.30930320292509134,0.01963186088635966,0.34210526315789475,想法 | 道理 | 意思 | 念头 | 说法 | 事情 | 用意 | 好处 | 看法 | 坏处 | 理由 | 事实,举动 | 字眼 | 常识 | 误区 | 问题 | 话 | 所作所为 | 言论,后果 | 话 | 好处 | 举动 | 想法 | 点子 | 地方 | 误区 | 启示 | 事 | 方法 | 先例,想法 | 道理 | 意思 | 念头 | 说法 | 事情 | 用意 | 好处 | 看法 | 坏处 | 理由 | 事实 | 例子 | 弊端 | 做法 | 举动 | 事 | 主意 | 毛病 | 愿望 | 错觉 | 后果 | 原因 | 问题 | 兆头 | 动机 | 初衷 | 方法 | 话 | 本意 | 目的 | 根源 | 迹象 | 现象 | 意图 | 益处 | 见解 | 苗头 | 结局 | 出路 | 缘故 | 缺点 | 地步 | 计策 | 先例 | 办法 | 用处 | 启示 | 观点 | 言论 | 教训 | 真相 | 意义 | 预兆 | 余地 | 证据 | 立场 | 好事 | 痕迹 | 罪魁祸首 | 归宿 | 误区 | 对策 | 字眼 | 机会 | 呼声 | 结果 | 手法 | 所作所为 | 话题 | 传言 | 导火索 | 特例 | 地方 | 点子 | 常识,75.99967690223716,0.9999957486046241,7.254945035221318e-6,主意:1.000000 | 举动:1.000000 | 事:1.000000 | 事实:1.000000 | 事情:1.000000 | 余地:1.000000 | 例子:1.000000 | 做法:1.000000 | 兆头:1.000000 | 先例:1.000000 | 出路:1.000000 | 原因:1.000000,
52,40,0.5044421547399758,0.1464785788372555,0.0,沮丧 | 悲伤 | 羞愧 | 绝望 | 焦躁 | 伤感 | 烦躁 | 恐惧 | 悔恨 | 伤心 | 难过 | 怨恨,怜惜 | 无奈 | 茫然 | 失望 | 麻木 | 羞愧 | 心酸 | 害怕,恐慌 | 压抑 | 悲伤 | 心酸 | 沮丧 | 厌烦 | 怨恨 | 愤怒 | 疲惫 | 无奈 | 麻木 | 害怕,沮丧 | 悲伤 | 羞愧 | 绝望 | 焦躁 | 伤感 | 烦躁 | 恐惧 | 悔恨 | 伤心 | 难过 | 怨恨 | 悲哀 | 忧愁 | 茫然 | 苦恼 | 焦虑 | 不安 | 愤怒 | 疲倦 | 烦闷 | 厌烦 | 自责 | 失望 | 失落 | 疲惫 | 委屈 | 悲痛 | 忧郁 | 消沉 | 心酸 | 害怕 | 畏惧 | 怜惜 | 无奈 | 压抑 | 灰心 | 恐慌 | 厌倦 | 麻木,40.0,1.0,1.9186821311984624e-24,不安:1.000000 | 伤心:1.000000 | 伤感:1.000000 | 压抑:1.000000 | 厌倦:1.000000 | 厌烦:1.000000 | 失望:1.000000 | 失落:1.000000 | 委屈:1.000000 | 害怕:1.000000 | 心酸:1.000000 | 忧愁:1.000000,
53,50,0.3374737038627636,0.028773558846419047,0.32,演员 | 影星 | 歌手 | 歌星 | 导演 | 偶像 | 艺人 | 主演 | 明星 | 帅哥 | 大腕儿 | 球星,小姐 | 年轻 | 爵士 | 歌手 | 裁判 | 女 | 教练 | 歌迷,偶像 | 导演 | 出道 | 搭档 | 女 | 帅哥 | 主人公 | 出演 | 巨星 | 粉丝 | 替身 | 演技,演员 | 影星 | 歌手 | 歌星 | 导演 | 偶像 | 艺人 | 主演 | 明星 | 帅哥 | 大腕儿 | 球星 | 编剧 | 模特儿 | 巨星 | 球员 | 演技 | 美女 | 选手 | 摄影师 | 新人 | 影迷 | 教练 | 主角 | 评委 | 出演 | 演艺圈 | 替身 | 搭档 | 人物 | 名人 | 歌迷 | 主持人 | 代言人 | 高手 | 粉丝 | 出道 | 设计师 | 角色 | 大师 | 女 | 小姐 | 男 | 主人公 | 跑龙套 | 裁判 | 幕后 | 年轻 | 新手 | 爵士,49.9999999999951,0.999999999999902,4.999530684509367e-13,主人公:1.000000 | 主持人:1.000000 | 主演:1.000000 | 主角:1.000000 | 人物:1.000000 | 代言人:1.000000 | 偶像:1.000000 | 出演:1.000000 | 出道:1.000000 | 名人:1.000000 | 大师:1.000000 | 大腕儿:1.000000,
54,117,0.29395717061007653,-0.0013923908634287819,0.5470085470085471,反倒 | 反而 | 却 | 显然 | 似乎 | 恰恰 | 不仅 | 不但 | 固然 | 因而 | 往往 | 无疑,无论 | 不免 | 正如 | 从此 | 若 | 难免 | 如今 | 换言之,首先 | 一旦 | 而 | 皆 | 始终 | 从来 | 一方面 | 这样一来 | 尤其 | 换言之 | 综上所述 | 无非,反倒 | 反而 | 却 | 显然 | 似乎 | 恰恰 | 不仅 | 不但 | 固然 | 因而 | 往往 | 无疑 | 则 | 必定 | 而 | 尤其 | 同样 | 仍然 | 虽 | 一方面 | 因此 | 而是 | 仍旧 | 亦 | 势必 | 并且 | 既 | 唯独 | 依然 | 甚至 | 多半 | 却是 | 必然 | 更是 | 并非 | 大多 | 不仅仅 | 基本上 | 依旧 | 无非 | 事实上 | 看似 | 大都 | 且 | 几乎 | 另一方面 | 甚至于 | 相反 | 仍 | 尽管 | 之所以 | 恰好 | 本身 | 故 | 恰恰相反 | 正是 | 或是 | 相对而言 | 皆 | 未免 | 向来 | 并 | 原本 | 以致 | 不免 | 早已 | 从来 | 对于 | 除了 | 前者 | 始终 | 取而代之 | 注定 | 无形中 | 其次 | 以至于 | 难免 | 可见 | 换言之 | 一直 | 由此可见 | 一旦 | 后者 | 相比之下 | 一向 | 反过来 | 归根到底 | 由此看来 | 大体上 | 这样一来 | 便是 | 如今 | 由此 | 完全 | 或多或少 | 首先 | 已经 | 起初 | 若 | 是否 | 与此同时 | 为何 | 除此之外 | 即 | 意味着 | 从此 | 看作 | 看成 | 最终 | 加上 | 此外 | 正如 | 无论 | 如 | 乃至 | 莫过于 | 综上所述,116.76246836691003,0.9976077810680509,0.001053504027831848,一向:1.000000 | 一方面:1.000000 | 一旦:1.000000 | 一直:1.000000 | 不仅:1.000000 | 不但:1.000000 | 与此同时:1.000000 | 且:1.000000 | 乃至:1.000000 | 亦:1.000000 | 仍:1.000000 | 仍旧:1.000000,近年来:0.018578 | 就是:0.016369
55,73,0.33657795920387157,0.01949892987285572,0.3424657534246575,偷偷 | 执意 | 不肯 | 情愿 | 不惜 | 故意 | 愿意 | 竭力 | 公然 | 拼命 | 趁机 | 宁愿,心安理得 | 再三 | 不假思索 | 三番五次 | 小心翼翼 | 大模大样 | 冒昧 | 决不,偷偷 | 小心翼翼 | 坚决 | 试图 | 单方面 | 愿意 | 打算 | 毫不 | 拼命 | 冒昧 | 无意 | 大模大样,偷偷 | 执意 | 不肯 | 情愿 | 不惜 | 故意 | 愿意 | 竭力 | 公然 | 拼命 | 趁机 | 宁愿 | 毫不犹豫 | 无意 | 刻意 | 极力 | 忍心 | 甘心 | 存心 | 急于 | 不得不 | 竟敢 | 乐意 | 干脆 | 轻易 | 只好 | 三番五次 | 私自 | 暗地里 | 暗中 | 想方设法 | 强行 | 敢 | 试图 | 毅然 | 有意 | 特意 | 小心翼翼 | 打算 | 只得 | 假装 | 设法 | 不得已 | 被迫 | 大模大样 | 心安理得 | 理直气壮 | 只顾 | 擅自 | 从不 | 再三 | 坚决 | 一味 | 冒昧 | 迫不及待 | 特地 | 决不 | 毫不 | 私下 | 伺机 | 不假思索 | 主动 | 当众 | 发誓 | 盲目 | 死心塌地 | 不曾 | 勉强 | 不顾 | 无故 | 单方面 | 随心所欲 | 地,72.99999993742455,0.9999999991271514,2.9957197251997223e-9,一味:1.000000 | 三番五次:1.000000 | 不假思索:1.000000 | 不得不:1.000000 | 不得已:1.000000 | 不惜:1.000000 | 不曾:1.000000 | 不肯:1.000000 | 不顾:1.000000 | 主动:1.000000 | 乐意:1.000000 | 伺机:1.000000,
56,43,0.31847602526990043,0.01114031688108615,0.4186046511627907,询问 | 打电话 | 转告 | 答复 | 请教 | 问 | 回信 | 转达 | 解答 | 回答 | 拨通 | 提问,道歉 | 指点 | 赐教 | 问 | 有事 | 出示 | 点名 | 回应,汇报 | 指点 | 打听 | 答复 | 来信 | 有事 | 提问 | 回信 | 交代 | 接到 | 问 | 无可奉告,询问 | 打电话 | 转告 | 答复 | 请教 | 问 | 回信 | 转达 | 解答 | 回答 | 拨通 | 提问 | 电话 | 告诉 | 回复 | 拨打 | 打听 | 接听 | 当面 | 求证 | 汇报 | 赐教 | 转交 | 回应 | 来信 | 征求 | 指教 | 接到 | 交代 | 指点 | 介绍 | 出示 | 道歉 | 倾听 | 请 | 咨询 | 点名 | 无可奉告 | 交给 | 收到 | 有事 | 上门 | 稍候,43.0,1.0,2.8933539595900883e-19,上门:1.000000 | 交代:1.000000 | 交给:1.000000 | 介绍:1.000000 | 倾听:1.000000 | 出示:1.000000 | 告诉:1.000000 | 咨询:1.000000 | 回信:1.000000 | 回复:1.000000 | 回应:1.000000 | 回答:1.000000,
57,42,0.37398726932900833,0.1019917315476972,0.07142857142857142,墓 | 遗物 | 遗址 | 墓地 | 宫殿 | 博物馆 | 墓碑 | 文物 | 古迹 | 坟墓 | 碑 | 纪念馆,名胜 | 雕刻 | 烈士 | 雕塑 | 收藏 | 皇宫 | 遗体 | 完好,寺庙 | 珍藏 | 公墓 | 遗产 | 化石 | 烈士 | 纪念馆 | 寺 | 出土 | 陈列 | 墓 | 皇宫,墓 | 遗物 | 遗址 | 墓地 | 宫殿 | 博物馆 | 墓碑 | 文物 | 古迹 | 坟墓 | 碑 | 纪念馆 | 壁画 | 公墓 | 纪念碑 | 藏品 | 庙 | 坟 | 葬 | 寺庙 | 瑰宝 | 出土 | 雕塑 | 陪葬 | 供奉 | 珍藏 | 宝藏 | 名胜 | 雕刻 | 遗体 | 陈列 | 国宝 | 收藏 | 寺 | 烈士 | 宝库 | 皇宫 | 珍贵 | 遗产 | 化石 | 标本 | 完好,42.0,1.0,6.965978198546157e-22,供奉:1.000000 | 公墓:1.000000 | 出土:1.000000 | 化石:1.000000 | 博物馆:1.000000 | 古迹:1.000000 | 名胜:1.000000 | 国宝:1.000000 | 坟:1.000000 | 坟墓:1.000000 | 墓:1.000000 | 墓地:1.000000,
58,43,0.30408007918097824,0.01219181020713593,0.4883720930232558,缺失 | 欠缺 | 跟不上 | 疏忽 | 僵化 | 滞后 | 脱节 | 偏差 | 缺乏 | 不足 | 错误 | 紊乱,消极 | 松弛 | 官僚主义 | 力不从心 | 紊乱 | 延误 | 僵化 | 间断,被动 | 脱节 | 错误 | 失灵 | 不足 | 紊乱 | 僵化 | 不够 | 力不从心 | 过度 | 偏差 | 缺少,缺失 | 欠缺 | 跟不上 | 疏忽 | 僵化 | 滞后 | 脱节 | 偏差 | 缺乏 | 不足 | 错误 | 紊乱 | 失误 | 缺陷 | 不够 | 过于 | 失灵 | 缺少 | 马虎 | 过分 | 力不从心 | 低下 | 错位 | 走弯路 | 差 | 过度 | 差错 | 得不偿失 | 松弛 | 落后 | 半途而废 | 消极 | 停顿 | 延误 | 赶不上 | 过早 | 走过场 | 不通 | 成问题 | 官僚主义 | 局限 | 被动 | 间断,42.99999999999996,0.999999999999999,6.005760434169307e-15,不够:1.000000 | 不足:1.000000 | 不通:1.000000 | 低下:1.000000 | 偏差:1.000000 | 停顿:1.000000 | 僵化:1.000000 | 力不从心:1.000000 | 半途而废:1.000000 | 失灵:1.000000 | 失误:1.000000 | 官僚主义:1.000000,
59,50,0.27710688486529284,0.0066917102414532,0.48,承受 | 获得 | 承担 | 拥有 | 满足 | 赢得 | 享有 | 掌握 | 具备 | 担负 | 获取 | 经受,看重 | 保护 | 取决于 | 换取 | 维护 | 享受 | 动用 | 支配,取得 | 承受 | 肩负 | 保障 | 经受 | 保护 | 占有 | 维护 | 超越 | 获取 | 支配 | 接受,承受 | 获得 | 承担 | 拥有 | 满足 | 赢得 | 享有 | 掌握 | 具备 | 担负 | 获取 | 经受 | 占据 | 发挥 | 依靠 | 赋予 | 占有 | 提供 | 享受 | 胜任 | 取得 | 保证 | 顾及 | 兼顾 | 得到 | 肩负 | 保障 | 驾驭 | 适应 | 容纳 | 凭借 | 确保 | 分担 | 给予 | 调动 | 扮演 | 依赖 | 接受 | 换取 | 支配 | 动用 | 维护 | 吸纳 | 接纳 | 看重 | 取决于 | 控制 | 保护 | 超越 | 锁定,50.0,1.0,9.891385136173924e-21,享受:1.000000 | 享有:1.000000 | 依赖:1.000000 | 依靠:1.000000 | 保护:1.000000 | 保证:1.000000 | 保障:1.000000 | 具备:1.000000 | 兼顾:1.000000 | 凭借:1.000000 | 分担:1.000000 | 动用:1.000000,
60,52,0.29809364133943517,0.020031537061814333,0.4423076923076923,有名 | 著名 | 驰名 | 大名鼎鼎 | 举世闻名 | 出名 | 闻名 | 远近闻名 | 杰出 | 独一无二 | 举世无双 | 当之无愧,地道 | 精通 | 正宗 | 非凡 | 招牌 | 长寿 | 逊色 | 祖传,特有 | 有名 | 中华 | 当之无愧 | 了不起 | 地道 | 耳熟能详 | 顶级 | 知名 | 著名 | 诞生 | 一流,有名 | 著名 | 驰名 | 大名鼎鼎 | 举世闻名 | 出名 | 闻名 | 远近闻名 | 杰出 | 独一无二 | 举世无双 | 当之无愧 | 知名 | 世界级 | 顶级 | 名副其实 | 家喻户晓 | 耳熟能详 | 正宗 | 一流 | 顶尖 | 媲美 | 经典 | 悠久 | 了不起 | 堪称 | 公认 | 古老 | 号称 | 泰斗 | 举世瞩目 | 土生土长 | 传奇 | 划时代 | 拿手 | 非凡 | 无敌 | 前无古人 | 畅销 | 精通 | 特有 | 擅长 | 祖传 | 地道 | 招牌 | 精品 | 呼风唤雨 | 诞生 | 逊色 | 出自 | 长寿 | 中华,52.0,1.0,2.0719100468077307e-16,一流:1.000000 | 世界级:1.000000 | 中华:1.000000 | 举世无双:1.000000 | 举世瞩目:1.000000 | 举世闻名:1.000000 | 了不起:1.000000 | 传奇:1.000000 | 公认:1.000000 | 出名:1.000000 | 出自:1.000000 | 划时代:1.000000,
61,35,0.3626799358403752,0.04067251461661587,0.22857142857142856,期盼 | 挂念 | 盼望 | 渴望 | 想念 | 怀念 | 思念 | 牵挂 | 向往 | 期待 | 惦记 | 留恋,度过 | 心中 | 留恋 | 陪伴 | 沉浸 | 呵护 | 守护 | 满怀,挂念 | 渴望 | 奢望 | 等待 | 怀着 | 满怀 | 念念不忘 | 度过 | 陪伴 | 沉浸 | 向往 | 惦记,期盼 | 挂念 | 盼望 | 渴望 | 想念 | 怀念 | 思念 | 牵挂 | 向往 | 期待 | 惦记 | 留恋 | 执着 | 满怀 | 期望 | 盼 | 痴心 | 念念不忘 | 怀着 | 守候 | 痴迷 | 寄托 | 呼唤 | 奢望 | 陪伴 | 怀抱 | 心爱 | 心中 | 守护 | 沉浸 | 等待 | 追逐 | 呵护 | 时刻 | 度过,35.0,1.0,6.381422239231594e-40,向往:1.000000 | 呵护:1.000000 | 呼唤:1.000000 | 奢望:1.000000 | 守候:1.000000 | 守护:1.000000 | 寄托:1.000000 | 度过:1.000000 | 心中:1.000000 | 心爱:1.000000 | 念念不忘:1.000000 | 怀念:1.000000,
62,30,0.3839088934086765,0.03441710245250163,0.3333333333333333,睡 | 躺 | 呆 | 哭 | 躲 | 蹲 | 坐 | 瘫 | 睡着 | 趴 | 吵 | 憋,一锅粥 | 丢 | 倒 | 吵 | 闲 | 聊 | 晃荡 | 挨,闲 | 闷 | 呆 | 闹 | 堵 | 蹲 | 挤 | 睡着 | 哭 | 躲 | 守 | 坐,睡 | 躺 | 呆 | 哭 | 躲 | 蹲 | 坐 | 瘫 | 睡着 | 趴 | 吵 | 憋 | 闷 | 挨 | 挤 | 搁 | 困 | 晃荡 | 闹 | 丢 | 走 | 堵 | 聊 | 跑 | 窝 | 倒 | 守 | 住 | 一锅粥 | 闲,30.0,1.0,2.248948125608738e-36,一锅粥:1.000000 | 丢:1.000000 | 住:1.000000 | 倒:1.000000 | 吵:1.000000 | 呆:1.000000 | 哭:1.000000 | 困:1.000000 | 坐:1.000000 | 堵:1.000000 | 守:1.000000 | 憋:1.000000,
63,20,0.41426295909484406,0.1060724369395413,0.0,抄写 | 背诵 | 朗读 | 写 | 默读 | 写作 | 听写 | 读 | 编写 | 书写 | 翻译 | 阅读,温习 | 讲解 | 构思 | 编排 | 译 | 翻译 | 念 | 笔记,写作 | 讲解 | 编写 | 背诵 | 书写 | 撰写 | 默读 | 朗读 | 读 | 译 | 念 | 编排,抄写 | 背诵 | 朗读 | 写 | 默读 | 写作 | 听写 | 读 | 编写 | 书写 | 翻译 | 阅读 | 撰写 | 温习 | 笔记 | 编排 | 念 | 讲解 | 译 | 构思,20.0,1.0,4.927284928876724e-41,书写:1.000000 | 写:1.000000 | 写作:1.000000 | 听写:1.000000 | 念:1.000000 | 抄写:1.000000 | 撰写:1.000000 | 朗读:1.000000 | 构思:1.000000 | 温习:1.000000 | 笔记:1.000000 | 编写:1.000000,
64,52,0.32122775740422144,-0.007469966896510773,0.5961538461538461,欺骗 | 扰乱 | 妨害 | 纵容 | 妨碍 | 损害 | 破坏 | 违背 | 误导 | 逃避 | 掩盖 | 损人利己,腐化 | 迷惑 | 谎言 | 损人利己 | 种种 | 麻痹 | 侵害 | 干预,掩饰 | 插手 | 掩盖 | 违背 | 种种 | 正当 | 妄想 | 过失 | 腐化 | 侵害 | 推卸 | 阻止,欺骗 | 扰乱 | 妨害 | 纵容 | 妨碍 | 损害 | 破坏 | 违背 | 误导 | 逃避 | 掩盖 | 损人利己 | 违反 | 企图 | 触犯 | 掩饰 | 侵害 | 强迫 | 隐瞒 | 干扰 | 阻止 | 妄想 | 放纵 | 剥夺 | 滥用 | 迷惑 | 拖延 | 借口 | 抗拒 | 夸大 | 危害 | 乘人之危 | 推卸 | 麻痹 | 过失 | 容许 | 防止 | 操纵 | 腐化 | 谎言 | 强加 | 插手 | 人为 | 有害 | 杜绝 | 束缚 | 干预 | 圈套 | 种种 | 他人 | 可乘之机 | 正当,52.0,1.0,5.29615368981722e-16,乘人之危:1.000000 | 人为:1.000000 | 他人:1.000000 | 企图:1.000000 | 侵害:1.000000 | 借口:1.000000 | 剥夺:1.000000 | 危害:1.000000 | 可乘之机:1.000000 | 圈套:1.000000 | 夸大:1.000000 | 妄想:1.000000,
65,43,0.3261132553401541,0.035730456415740575,0.2558139534883721,详尽 | 准确 | 细致 | 确切 | 清楚 | 恰当 | 透彻 | 精确 | 确凿 | 严谨 | 清晰 | 恰如其分,讲究 | 常理 | 见仁见智 | 细微 | 深刻 | 宽泛 | 细节 | 来龙去脉,慎重 | 合乎 | 一概而论 | 第一手 | 精确 | 详尽 | 细致 | 仔细 | 清楚 | 真实 | 周密 | 透彻,详尽 | 准确 | 细致 | 确切 | 清楚 | 恰当 | 透彻 | 精确 | 确凿 | 严谨 | 清晰 | 恰如其分 | 直观 | 客观 | 详细 | 仔细 | 真实 | 妥当 | 正确 | 合情合理 | 推敲 | 周密 | 深刻 | 具体 | 面面俱到 | 慎重 | 可信 | 宽泛 | 合乎 | 如实 | 细微 | 常理 | 一目了然 | 粗略 | 因人而异 | 细节 | 一概而论 | 讲究 | 不难 | 来龙去脉 | 见仁见智 | 不得而知 | 第一手,43.0,1.0,3.3269219920805076e-23,一概而论:1.000000 | 一目了然:1.000000 | 不得而知:1.000000 | 不难:1.000000 | 严谨:1.000000 | 仔细:1.000000 | 具体:1.000000 | 准确:1.000000 | 可信:1.000000 | 合乎:1.000000 | 合情合理:1.000000 | 周密:1.000000,
66,43,0.3610676301008418,0.04643525088188161,0.18604651162790697,游玩 | 游览 | 度假 | 旅游 | 避暑 | 郊游 | 旅行 | 观光 | 美景 | 休闲 | 野餐 | 出游,聚会 | 逛 | 民俗 | 生活 | 狂欢 | 欣赏 | 野餐 | 郊游,风景 | 生活 | 漫游 | 游 | 购物 | 享 | 疗养 | 乐园 | 观光 | 观赏 | 美景 | 逛,游玩 | 游览 | 度假 | 旅游 | 避暑 | 郊游 | 旅行 | 观光 | 美景 | 休闲 | 野餐 | 出游 | 观赏 | 游 | 景点 | 消遣 | 吃喝玩乐 | 风景 | 购物 | 旅途 | 乐趣 | 体验 | 逛 | 去处 | 蜜月 | 疗养 | 旅程 | 游人 | 欣赏 | 温泉 | 风光 | 领略 | 尽情 | 乐园 | 狂欢 | 娱乐 | 聚会 | 民俗 | 漫游 | 赏 | 嘉年华 | 享 | 生活,43.0,1.0,2.3819931374144786e-17,乐园:1.000000 | 乐趣:1.000000 | 享:1.000000 | 休闲:1.000000 | 体验:1.000000 | 出游:1.000000 | 去处:1.000000 | 吃喝玩乐:1.000000 | 嘉年华:1.000000 | 娱乐:1.000000 | 尽情:1.000000 | 度假:1.000000,
67,48,0.3426040346145987,0.051151615122444115,0.1875,水灾 | 丧生 | 灾难 | 遇难 | 灾害 | 伤亡 | 车祸 | 旱灾 | 火灾 | 受伤 | 事故 | 死亡,罢工 | 哗变 | 遭到 | 流血 | 悲剧 | 无家可归 | 千钧一发 | 遇,惨重 | 幸免 | 突发 | 遭遇 | 骚乱 | 重伤 | 出事 | 水灾 | 幸存 | 千钧一发 | 灾害 | 暴雨,水灾 | 丧生 | 灾难 | 遇难 | 灾害 | 伤亡 | 车祸 | 旱灾 | 火灾 | 受伤 | 事故 | 死亡 | 重伤 | 遭受 | 失踪 | 惨重 | 暴雨 | 不幸 | 浩劫 | 洪水 | 遇险 | 骚乱 | 空难 | 瘟疫 | 海啸 | 地震 | 受害 | 重创 | 出事 | 幸存 | 悲剧 | 遭殃 | 突发 | 停电 | 遭遇 | 发生 | 特大 | 幸免 | 事件 | 无家可归 | 灭绝 | 哗变 | 流血 | 遭到 | 卷入 | 罢工 | 千钧一发 | 遇,48.0,1.0,5.698131534392133e-23,不幸:1.000000 | 丧生:1.000000 | 事件:1.000000 | 事故:1.000000 | 伤亡:1.000000 | 停电:1.000000 | 出事:1.000000 | 千钧一发:1.000000 | 卷入:1.000000 | 发生:1.000000 | 受伤:1.000000 | 受害:1.000000,
68,134,0.26687111724675505,-0.0045017974620344585,0.582089552238806,思路 | 理念 | 模式 | 趋势 | 举措 | 机制 | 特征 | 特点 | 特性 | 导向 | 格局 | 规律,难点 | 议题 | 理论 | 底线 | 能力 | 主题 | 力量 | 潜力,微观 | 积极性 | 通道 | 速度 | 方针 | 共性 | 方向 | 过程 | 力量 | 概念 | 节奏 | 程度,思路 | 理念 | 模式 | 趋势 | 举措 | 机制 | 特征 | 特点 | 特性 | 导向 | 格局 | 规律 | 方式 | 方向 | 力度 | 手段 | 步伐 | 逻辑 | 进程 | 状况 | 路子 | 方针 | 因素 | 途径 | 措施 | 形态 | 优势 | 难点 | 出发点 | 本质 | 势头 | 形式 | 能力 | 结构 | 步骤 | 体系 | 效果 | 流程 | 范畴 | 策略 | 轨迹 | 情况 | 要素 | 局面 | 契机 | 成效 | 角度 | 节奏 | 载体 | 作用 | 层面 | 基础 | 原理 | 前提 | 方案 | 形势 | 过程 | 阶段 | 效率 | 突破口 | 水平 | 成果 | 脉络 | 功能 | 现状 | 目标 | 框架 | 议题 | 难度 | 时机 | 效应 | 环节 | 构想 | 背景 | 属性 | 政策 | 概念 | 速度 | 动向 | 状态 | 前景 | 场景 | 进展 | 潜力 | 进度 | 意愿 | 环境 | 效益 | 方面 | 积极性 | 范围 | 空间 | 力量 | 视角 | 共性 | 指标 | 决策 | 尺度 | 实质 | 课题 | 重中之重 | 常态 | 定位 | 动力 | 重心 | 亮点 | 产物 | 序幕 | 主体 | 方方面面 | 信号 | 通道 | 国情 | 主题 | 要点 | 工具 | 程度 | 门槛 | 层次 | 时间表 | 理论 | 风险 | 关键 | 路线 | 微观 | 底线 | 地位 | 操作 | 源头 | 行动 | 首要 | 步 | 指引 | 时期,134.0010427920032,0.9999999991930616,2.751803315326099e-9,主体:1.000000 | 主题:1.000000 | 举措:1.000000 | 产物:1.000000 | 亮点:1.000000 | 作用:1.000000 | 信号:1.000000 | 共性:1.000000 | 决策:1.000000 | 前景:1.000000 | 力度:1.000000 | 力量:1.000000,
69,55,0.271281816340208,0.005079395400543084,0.4909090909090909,必须 | 尽量 | 须 | 酌情 | 应当 | 务必 | 应 | 及时 | 自行 | 随时 | 随意 | 需,依次 | 一一 | 自动 | 按时 | 以免 | 随时随地 | 不准 | 随意,提早 | 一经 | 未 | 随意 | 需 | 严禁 | 尽可能 | 就近 | 优先 | 必须 | 随时 | 直接,必须 | 尽量 | 须 | 酌情 | 应当 | 务必 | 应 | 及时 | 自行 | 随时 | 随意 | 需 | 适当 | 一律 | 即可 | 以便 | 预先 | 以免 | 尽可能 | 不宜 | 便于 | 无须 | 事先 | 需要 | 严禁 | 定时 | 随时随地 | 不准 | 提前 | 就近 | 注意 | 按时 | 必需 | 提早 | 优先 | 加以 | 可 | 就地 | 单独 | 专人 | 任意 | 定期 | 顺序 | 勿 | 未 | 自动 | 直接 | 相应 | 全部 | 一经 | 凡 | 一一 | 供 | 随机 | 依次,54.99999999999997,0.9999999999999994,3.3063633631703536e-15,一一:1.000000 | 一律:1.000000 | 一经:1.000000 | 不准:1.000000 | 不宜:1.000000 | 专人:1.000000 | 严禁:1.000000 | 事先:1.000000 | 以便:1.000000 | 以免:1.000000 | 任意:1.000000 | 优先:1.000000,
70,109,0.20961387095522804,-0.03313215718877081,0.8348623853211009,利 | 盛 | 保 | 融 | 汇 | 顺 | 信 | 富 | 海 | 德 | 银 | 旺,迎 | 太平 | 服 | 飞 | 止 | 市 | 平安 | 担,筑 | 远 | 产 | 限 | 格 | 续 | 海 | 销 | 融 | 管 | 港 | 盘,利 | 盛 | 保 | 融 | 汇 | 顺 | 信 | 富 | 海 | 德 | 银 | 旺 | 建 | 通 | 合 | 创 | 安 | 宝 | 金 | 升 | 腾 | 运 | 扬 | 优 | 景 | 增 | 立 | 聚 | 锡 | 胜 | 港 | 矿 | 屯 | 积 | 产 | 销 | 证 | 业 | 移 | 延 | 投 | 钢 | 降 | 飞 | 重 | 炼 | 格 | 铜 | 环 | 深 | 平 | 力 | 险 | 迈 | 齐 | 电 | 续 | 购 | 美 | 品 | 平安 | 服 | 云 | 广 | 扩 | 料 | 筑 | 化 | 国 | 严 | 库 | 废 | 临 | 管 | 网 | 市 | 迎 | 乐 | 空 | 浪 | 行 | 限 | 准 | 报 | 帆 | 远 | 盘 | 持 | 吉利 | 债 | 丙 | 蒙 | 混 | 迁 | 端 | 尚 | 止 | 太平 | 大 | 超 | 表 | 担 | 暂 | 负 | 系 | 自 | 底 | 本 | 归,108.99229590587449,0.9999241010504161,0.0000922585174050192,业:1.000000 | 严:1.000000 | 临:1.000000 | 云:1.000000 | 产:1.000000 | 信:1.000000 | 准:1.000000 | 利:1.000000 | 力:1.000000 | 化:1.000000 | 升:1.000000 | 合:1.000000,
71,50,0.3070335412935546,0.04424612791262183,0.22,规定 | 权利 | 职权 | 职责 | 规则 | 法规 | 法律 | 条款 | 条例 | 制度 | 原则 | 准则,待遇 | 协定 | 资格 | 财产 | 负有 | 情形 | 意见 | 对象,用途 | 规则 | 条件 | 特权 | 惯例 | 契约 | 法律 | 条款 | 意见 | 待遇 | 资格 | 对象,规定 | 权利 | 职权 | 职责 | 规则 | 法规 | 法律 | 条款 | 条例 | 制度 | 原则 | 准则 | 职能 | 义务 | 权力 | 纪律 | 责任 | 规矩 | 公约 | 特权 | 程序 | 行为 | 约束 | 契约 | 利益 | 协定 | 秩序 | 事项 | 草案 | 体制 | 惯例 | 条件 | 界限 | 标准 | 过错 | 情形 | 行使 | 财产 | 权 | 待遇 | 限度 | 决议 | 资格 | 行政 | 意见 | 界线 | 性质 | 负有 | 用途 | 对象,49.99999999913615,0.999999999982723,7.351604317981063e-11,义务:1.000000 | 事项:1.000000 | 公约:1.000000 | 准则:1.000000 | 利益:1.000000 | 原则:1.000000 | 契约:1.000000 | 对象:1.000000 | 待遇:1.000000 | 性质:1.000000 | 情形:1.000000 | 惯例:1.000000,
72,38,0.36947610330160224,0.045642334396341265,0.13157894736842105,劈 | 刨 | 锯 | 割 | 剪 | 砍 | 剥 | 刮 | 凿 | 绞 | 削 | 铲,烧 | 斗 | 扳 | 浇 | 栽 | 刮 | 撬 | 划,焊 | 裂 | 挖 | 斗 | 劈 | 拔 | 碎 | 切 | 烧 | 刨 | 刮 | 截,劈 | 刨 | 锯 | 割 | 剪 | 砍 | 剥 | 刮 | 凿 | 绞 | 削 | 铲 | 拔 | 碎 | 剃 | 撬 | 磨 | 切 | 洗 | 筋 | 斩 | 扳 | 烧 | 浇 | 卸 | 断 | 刺 | 焊 | 栽 | 筛 | 拆 | 挖 | 裂 | 截 | 划 | 裁 | 斗 | 整,38.0,1.0,5.3504740838986915e-28,凿:1.000000 | 切:1.000000 | 划:1.000000 | 刨:1.000000 | 刮:1.000000 | 刺:1.000000 | 剃:1.000000 | 削:1.000000 | 剥:1.000000 | 剪:1.000000 | 割:1.000000 | 劈:1.000000,
73,61,0.2701795498411767,0.013799881356432392,0.3114754098360656,宽度 | 长度 | 厚度 | 尺寸 | 重量 | 体积 | 直径 | 密度 | 功率 | 容量 | 强度 | 厘米,上方 | 大致 | 分 | 个子 | 身高 | 组合 | 档次 | 性能,分量 | 百分比 | 次数 | 档次 | 毫米 | 口径 | 左右 | 米 | 位置 | 尺寸 | 数目 | 寿命,宽度 | 长度 | 厚度 | 尺寸 | 重量 | 体积 | 直径 | 密度 | 功率 | 容量 | 强度 | 厘米 | 频率 | 规格 | 间隔 | 大小 | 误差 | 纬度 | 焦距 | 毫米 | 面积 | 经度 | 平方 | 寿命 | 千克 | 等级 | 百分比 | 性能 | 次数 | 数目 | 型号 | 马力 | 价位 | 小于 | 比例 | 口径 | 分量 | 磅 | 寸 | 身高 | 高度 | 落差 | 值 | 位置 | 级别 | 米 | 档次 | 以内 | 几率 | 秒 | 左右 | 度 | 中等 | 成功率 | 基准 | 上方 | 个子 | 之内 | 分 | 大致 | 组合,60.99985643208762,0.99999764639342,4.475441753557935e-6,上方:1.000000 | 个子:1.000000 | 中等:1.000000 | 之内:1.000000 | 体积:1.000000 | 几率:1.000000 | 分:1.000000 | 分量:1.000000 | 功率:1.000000 | 厘米:1.000000 | 厚度:1.000000 | 口径:1.000000,
74,73,0.40277635174146514,0.07205839439328417,0.1095890410958904,腹泻 | 炎症 | 急性 | 症状 | 病症 | 抑郁症 | 慢性 | 高血压 | 疼痛 | 咳嗽 | 发炎 | 失眠,胃 | 失恋 | 抑郁 | 刷牙 | 愈合 | 血压 | 疲劳 | 睡眠,睡眠 | 忌口 | 发炎 | 食欲 | 失明 | 戒烟 | 酗酒 | 霍乱 | 患 | 血压 | 慢性 | 流感,腹泻 | 炎症 | 急性 | 症状 | 病症 | 抑郁症 | 慢性 | 高血压 | 疼痛 | 咳嗽 | 发炎 | 失眠 | 出血 | 抑郁 | 心脏病 | 糖尿病 | 复发 | 感冒 | 呕吐 | 发作 | 癌症 | 疾病 | 头晕 | 过敏 | 发病 | 痴呆 | 病 | 肥胖 | 患有 | 病情 | 患 | 晕车 | 血栓 | 骨折 | 发热 | 中毒 | 癌 | 血压 | 休克 | 昏迷 | 治愈 | 发烧 | 失明 | 近视 | 服用 | 出汗 | 痰 | 流感 | 副作用 | 忌口 | 霍乱 | 酗酒 | 衰竭 | 食欲 | 衰老 | 不适 | 后遗症 | 愈合 | 胃 | 睡眠 | 创伤 | 疲劳 | 戒烟 | 口吃 | 安眠药 | 减肥 | 失恋 | 刷牙 | 聋 | 青春期 | 吸烟 | 催眠 | 晚期,73.00000000000001,1.0,3.7382035757714014e-26,不适:1.000000 | 中毒:1.000000 | 休克:1.000000 | 催眠:1.000000 | 减肥:1.000000 | 出汗:1.000000 | 出血:1.000000 | 创伤:1.000000 | 刷牙:1.000000 | 副作用:1.000000 | 发作:1.000000 | 发炎:1.000000,
75,40,0.3626586556418082,0.0971397682233401,0.05,救灾 | 救援 | 救助 | 救治 | 捐助 | 援助 | 募捐 | 灾区 | 营救 | 搜救 | 伤员 | 抢救,集结 | 补给 | 动员 | 避难 | 灾 | 救治 | 消防 | 疏导,运送 | 集结 | 物资 | 筹措 | 应急 | 紧急 | 捐赠 | 灾区 | 安置 | 捐献 | 避难 | 抢救,救灾 | 救援 | 救助 | 救治 | 捐助 | 援助 | 募捐 | 灾区 | 营救 | 搜救 | 伤员 | 抢救 | 受灾 | 捐赠 | 物资 | 紧急 | 救济 | 支援 | 捐款 | 应急 | 防疫 | 疏散 | 筹集 | 捐献 | 运送 | 筹措 | 安置 | 灾 | 抚恤 | 防汛 | 重建 | 动员 | 避难 | 打捞 | 疏导 | 急需 | 处置 | 消防 | 补给 | 集结,40.0,1.0,2.1449639817229673e-31,伤员:1.000000 | 动员:1.000000 | 募捐:1.000000 | 受灾:1.000000 | 处置:1.000000 | 安置:1.000000 | 应急:1.000000 | 急需:1.000000 | 打捞:1.000000 | 抚恤:1.000000 | 抢救:1.000000 | 捐助:1.000000,
76,68,0.2733310682518504,-0.0037270157960204073,0.6029411764705882,极其 | 非常 | 极为 | 多么 | 无比 | 十分 | 越发 | 格外 | 分外 | 愈来愈 | 如此 | 更加,背后 | 千变万化 | 自然而然 | 一时 | 诸如此类 | 美中不足 | 翻天覆地 | 一连串,愈来愈 | 极其 | 颇 | 不容 | 难以想象 | 最 | 毫无 | 如一 | 千变万化 | 不易 | 史无前例 | 犹如,极其 | 非常 | 极为 | 多么 | 无比 | 十分 | 越发 | 格外 | 分外 | 愈来愈 | 如此 | 更加 | 相当 | 越来越 | 着实 | 颇 | 更 | 显得 | 那样 | 毫无 | 难以想象 | 前所未有 | 显而易见 | 不亚于 | 不容 | 可想而知 | 自然而然 | 丝毫 | 犹如 | 可谓 | 极 | 谈不上 | 特别 | 一样 | 难得 | 史无前例 | 理所当然 | 巨大 | 如同 | 最 | 怎样 | 难以 | 真正 | 不可避免 | 越 | 轻而易举 | 飞速 | 什么样 | 自然 | 远远 | 看得见 | 不易 | 顺理成章 | 不止 | 千变万化 | 值得 | 无可厚非 | 足以 | 翻天覆地 | 离不开 | 分明 | 一连串 | 一时 | 美中不足 | 诸如此类 | 背后 | 如一 | 整个,68.00000001548591,0.9999999999967689,1.481222072996452e-11,一时:1.000000 | 一样:1.000000 | 一连串:1.000000 | 不亚于:1.000000 | 不可避免:1.000000 | 不容:1.000000 | 不易:1.000000 | 不止:1.000000 | 丝毫:1.000000 | 什么样:1.000000 | 值得:1.000000 | 分外:1.000000,
77,79,0.3349439529330704,0.02855034592267807,0.26582278481012656,要不 | 不要 | 非得 | 免得 | 不然 | 何必 | 别 | 要 | 怕 | 就要 | 不用 | 巴不得,自己 | 早晚 | 一不小心 | 有没有 | 舍不得 | 怎么 | 谁 | 到头来,谁 | 迟早 | 怕 | 可以 | 老是 | 只管 | 不许 | 千万 | 永远 | 免得 | 只能 | 先,要不 | 不要 | 非得 | 免得 | 不然 | 何必 | 别 | 要 | 怕 | 就要 | 不用 | 巴不得 | 用不着 | 生怕 | 想 | 就 | 何苦 | 休想 | 恨不得 | 宁可 | 不必 | 怎么 | 照样 | 老是 | 再 | 动不动 | 会 | 不至于 | 索性 | 不许 | 迟早 | 从来不 | 要么 | 随便 | 只能 | 赶快 | 不能不 | 可以 | 能 | 只管 | 谁 | 不妨 | 舍不得 | 再也 | 先 | 否则 | 都会 | 免不了 | 一不小心 | 有人 | 不 | 趁早 | 早就 | 顺便 | 不如 | 永远 | 容易 | 才能 | 下次 | 指望 | 没有 | 又 | 它 | 统统 | 当心 | 让 | 小心 | 到头来 | 全都 | 有没有 | 有朝一日 | 自己 | 将来 | 通通 | 早晚 | 一定 | 从今以后 | 千万 | 为了,78.9718198097887,0.9996093490184131,0.0003344688351551681,一不小心:1.000000 | 一定:1.000000 | 不妨:1.000000 | 不必:1.000000 | 不用:1.000000 | 不能不:1.000000 | 不要:1.000000 | 不许:1.000000 | 为了:1.000000 | 从今以后:1.000000 | 休想:1.000000 | 何必:1.000000,
78,43,0.3714057838074229,0.07881889860498524,0.11627906976744186,参观 | 拜访 | 拜会 | 看望 | 接见 | 应邀 | 视察 | 会见 | 陪同 | 专程 | 探望 | 拜见,招待 | 结识 | 瞻仰 | 畅谈 | 光临 | 亲眼 | 来访 | 见证,亲自 | 参加 | 参观 | 邀请 | 作客 | 邀 | 瞻仰 | 专程 | 出席 | 调研 | 一行 | 应邀,参观 | 拜访 | 拜会 | 看望 | 接见 | 应邀 | 视察 | 会见 | 陪同 | 专程 | 探望 | 拜见 | 观摩 | 邀请 | 访问 | 考察 | 瞻仰 | 出席 | 前来 | 观看 | 实地 | 采访 | 来访 | 做客 | 出访 | 参加 | 听取 | 带队 | 亲眼 | 亲身 | 邀 | 察看 | 光临 | 亲自 | 作客 | 招待 | 结识 | 有幸 | 接待 | 调研 | 一行 | 见证 | 畅谈,43.0,1.0,6.352474485998617e-30,一行:1.000000 | 专程:1.000000 | 亲眼:1.000000 | 亲自:1.000000 | 亲身:1.000000 | 会见:1.000000 | 作客:1.000000 | 做客:1.000000 | 光临:1.000000 | 出席:1.000000 | 出访:1.000000 | 前来:1.000000,
79,47,0.33112314969291595,0.028121602226416676,0.2978723404255319,车票 | 机票 | 旅客 | 乘车 | 退票 | 登机 | 航班 | 行李 | 签证 | 乘坐 | 卧铺 | 接送,就医 | 公车 | 驾照 | 邮局 | 问路 | 汇款 | 挂号 | 游客,取款 | 排队 | 安检 | 人次 | 入境 | 往返 | 机票 | 趟 | 打车 | 食宿 | 驾照 | 行程,车票 | 机票 | 旅客 | 乘车 | 退票 | 登机 | 航班 | 行李 | 签证 | 乘坐 | 卧铺 | 接送 | 售票 | 往返 | 入境 | 住宿 | 票价 | 挂号 | 长途 | 打车 | 出行 | 游客 | 出境 | 上车 | 探亲 | 旅行社 | 客流 | 食宿 | 行程 | 安检 | 趟 | 过境 | 汇款 | 目的地 | 特快 | 取款 | 通行证 | 驾照 | 自费 | 问路 | 就医 | 邮局 | 公务 | 公车 | 人次 | 排队 | 快递,47.0,1.0,2.456610726295466e-17,上车:1.000000 | 乘坐:1.000000 | 乘车:1.000000 | 人次:1.000000 | 住宿:1.000000 | 入境:1.000000 | 公务:1.000000 | 公车:1.000000 | 出境:1.000000 | 出行:1.000000 | 卧铺:1.000000 | 取款:1.000000,
80,67,0.3327245679435844,-0.00666395662651562,0.582089552238806,扛 | 搀 | 捎 | 绑 | 兜 | 揣 | 裹 | 抬 | 抱 | 拉 | 拦 | 搭,挥 | 握 | 往 | 抹 | 撇 | 踏 | 推 | 拾,抬 | 绑 | 拐 | 挑 | 驮 | 牵 | 撑 | 送 | 拴 | 摆 | 挪 | 埋,扛 | 搀 | 捎 | 绑 | 兜 | 揣 | 裹 | 抬 | 抱 | 拉 | 拦 | 搭 | 挽 | 牵 | 夹 | 挂 | 撑 | 挎 | 挑 | 放 | 拖 | 拴 | 扶 | 背 | 插 | 摆 | 递 | 吊 | 压 | 沾 | 埋 | 踏 | 拄 | 送 | 驮 | 垫 | 扎 | 握 | 揽 | 挡 | 抹 | 接 | 洒 | 凑 | 装 | 挥 | 捧 | 塞 | 贴 | 撒 | 抛 | 绕 | 举 | 拾 | 托 | 推 | 带 | 挪 | 撇 | 拐 | 顶 | 扣 | 攀 | 藏 | 护 | 往 | 添,67.00000000000519,0.9999999999999625,2.0208903888661323e-13,举:1.000000 | 兜:1.000000 | 凑:1.000000 | 压:1.000000 | 吊:1.000000 | 垫:1.000000 | 埋:1.000000 | 塞:1.000000 | 夹:1.000000 | 带:1.000000 | 往:1.000000 | 扎:1.000000,
81,37,0.3494446385506026,0.016278879264336722,0.32432432432432434,帮忙 | 恳求 | 安慰 | 哀求 | 照顾 | 收留 | 救 | 劝 | 好心 | 嘱咐 | 恩人 | 求助,劝 | 叮嘱 | 嘱咐 | 恩人 | 孝敬 | 哀求 | 呼救 | 摆平,报仇 | 说情 | 解围 | 关照 | 乞求 | 替 | 帮手 | 帮 | 求救 | 救 | 哀求 | 恩人,帮忙 | 恳求 | 安慰 | 哀求 | 照顾 | 收留 | 救 | 劝 | 好心 | 嘱咐 | 恩人 | 求助 | 好心人 | 乞求 | 关照 | 接济 | 求救 | 报答 | 说情 | 叮嘱 | 帮 | 照料 | 呼救 | 报仇 | 救命 | 安抚 | 孝敬 | 帮助 | 托付 | 替 | 看护 | 帮手 | 管教 | 解围 | 摆平 | 带路 | 向导,37.0,1.0,1.4178491426714459e-36,乞求:1.000000 | 关照:1.000000 | 劝:1.000000 | 叮嘱:1.000000 | 向导:1.000000 | 呼救:1.000000 | 哀求:1.000000 | 嘱咐:1.000000 | 好心:1.000000 | 好心人:1.000000 | 孝敬:1.000000 | 安慰:1.000000,
82,57,0.2874561422740376,-0.0003903469070237546,0.47368421052631576,顺畅 | 可靠 | 高效 | 合理 | 便捷 | 通畅 | 稳妥 | 畅通 | 方便 | 有序 | 可行 | 快捷,自如 | 放心 | 充实 | 圆满 | 实惠 | 健康 | 透明 | 完整,完整 | 正规 | 放心 | 有效 | 见效 | 高效 | 均衡 | 有序 | 正常 | 循序渐进 | 便利 | 适宜,顺畅 | 可靠 | 高效 | 合理 | 便捷 | 通畅 | 稳妥 | 畅通 | 方便 | 有序 | 可行 | 快捷 | 合适 | 健全 | 有效 | 稳定 | 适宜 | 管用 | 规范 | 牢固 | 良性 | 安全 | 灵活 | 严格 | 妥善 | 有益 | 完整 | 正常 | 有利 | 有用 | 长效 | 顺利 | 健康 | 持久 | 便利 | 得当 | 实惠 | 紧密 | 适合 | 均衡 | 实用 | 广泛 | 放心 | 长久 | 至关重要 | 透明 | 万无一失 | 必要 | 重要 | 正规 | 圆满 | 循序渐进 | 见效 | 到位 | 自如 | 充实 | 理想,57.0,1.0,9.027108163473996e-17,万无一失:1.000000 | 严格:1.000000 | 便利:1.000000 | 便捷:1.000000 | 健全:1.000000 | 健康:1.000000 | 充实:1.000000 | 到位:1.000000 | 可行:1.000000 | 可靠:1.000000 | 合理:1.000000 | 合适:1.000000,
83,41,0.3431397161744263,0.05761110257768308,0.17073170731707318,损坏 | 脱落 | 毁坏 | 磨损 | 腐烂 | 烧毁 | 断裂 | 损伤 | 破裂 | 丢失 | 倒塌 | 老化,埋藏 | 污染 | 爆炸 | 遗忘 | 不慎 | 损伤 | 倒塌 | 故障,遗留 | 磨损 | 失效 | 面目全非 | 变质 | 腐烂 | 撞击 | 着火 | 流失 | 解体 | 不慎 | 破碎,损坏 | 脱落 | 毁坏 | 磨损 | 腐烂 | 烧毁 | 断裂 | 损伤 | 破裂 | 丢失 | 倒塌 | 老化 | 变形 | 裂缝 | 丢弃 | 变质 | 破碎 | 着火 | 报废 | 泄漏 | 裂痕 | 失效 | 爆炸 | 遗弃 | 撞击 | 腐蚀 | 残缺 | 堵塞 | 故障 | 解体 | 流失 | 面目全非 | 失传 | 埋没 | 遗忘 | 遗留 | 污染 | 不翼而飞 | 焚烧 | 埋藏 | 不慎,41.0,1.0,9.03695216599816e-33,不慎:1.000000 | 不翼而飞:1.000000 | 丢失:1.000000 | 丢弃:1.000000 | 倒塌:1.000000 | 变形:1.000000 | 变质:1.000000 | 埋没:1.000000 | 埋藏:1.000000 | 堵塞:1.000000 | 失传:1.000000 | 失效:1.000000,
84,29,0.32521922155544447,0.008640163592973836,0.4482758620689655,平等 | 和平共处 | 妥协 | 和平 | 和睦 | 公正 | 中立 | 顺从 | 正义 | 宽恕 | 团结 | 独立自主,专制 | 对立 | 安定 | 谅解 | 拘束 | 容忍 | 友好 | 利害,公正 | 和睦 | 平等 | 安定 | 利害 | 正义 | 容忍 | 拘束 | 无条件 | 服从 | 中立 | 让步,平等 | 和平共处 | 妥协 | 和平 | 和睦 | 公正 | 中立 | 顺从 | 正义 | 宽恕 | 团结 | 独立自主 | 公平 | 屈服 | 容忍 | 让步 | 安定 | 专制 | 对立 | 伸张 | 服从 | 自由 | 谅解 | 孤立 | 自立 | 拘束 | 友好 | 无条件 | 利害,29.0,1.0,1.9690925652818565e-38,专制:1.000000 | 中立:1.000000 | 伸张:1.000000 | 公平:1.000000 | 公正:1.000000 | 利害:1.000000 | 友好:1.000000 | 和平:1.000000 | 和平共处:1.000000 | 和睦:1.000000 | 团结:1.000000 | 妥协:1.000000,
85,34,0.3278136323164194,0.05815189825651198,0.14705882352941177,辨别 | 查找 | 寻找 | 搜集 | 分辨 | 搜寻 | 辨认 | 寻觅 | 捕捉 | 揣摩 | 找出 | 追踪,解剖 | 琢磨 | 对照 | 发掘 | 隐藏 | 查看 | 研究 | 审视,揣摩 | 隐藏 | 发掘 | 审视 | 收集 | 寻觅 | 找出 | 核对 | 查找 | 搜寻 | 追踪 | 研究,辨别 | 查找 | 寻找 | 搜集 | 分辨 | 搜寻 | 辨认 | 寻觅 | 捕捉 | 揣摩 | 找出 | 追踪 | 观察 | 筛选 | 鉴别 | 识别 | 收集 | 琢磨 | 探求 | 核对 | 审视 | 留心 | 挑选 | 发掘 | 采集 | 研究 | 跟踪 | 查看 | 真假 | 线索 | 隐藏 | 留意 | 对照 | 解剖,34.0,1.0,4.973556368085689e-28,分辨:1.000000 | 发掘:1.000000 | 审视:1.000000 | 对照:1.000000 | 寻找:1.000000 | 寻觅:1.000000 | 找出:1.000000 | 挑选:1.000000 | 捕捉:1.000000 | 探求:1.000000 | 揣摩:1.000000 | 搜寻:1.000000,
86,56,0.415303139203883,0.02428875128596886,0.375,发愣 | 哆嗦 | 发抖 | 叹气 | 慌张 | 颤抖 | 一动不动 | 慌乱 | 惊慌失措 | 一声不吭 | 一言不发 | 垂头丧气,惊慌 | 焦急 | 慌张 | 慌乱 | 畏缩 | 疲惫不堪 | 不耐烦 | 漠然,受惊 | 左顾右盼 | 一言不发 | 得意扬扬 | 目不转睛 | 前仰后合 | 漠然 | 动弹 | 一动不动 | 鸦雀无声 | 心急如焚 | 苦笑,发愣 | 哆嗦 | 发抖 | 叹气 | 慌张 | 颤抖 | 一动不动 | 慌乱 | 惊慌失措 | 一声不吭 | 一言不发 | 垂头丧气 | 哭泣 | 愁眉苦脸 | 焦急 | 惊慌 | 惨白 | 呜咽 | 苦笑 | 目瞪口呆 | 自言自语 | 咧嘴 | 冷笑 | 迟疑 | 不耐烦 | 通红 | 目不转睛 | 漠然 | 无精打采 | 发怒 | 畏缩 | 流泪 | 面红耳赤 | 动弹 | 得意扬扬 | 惊醒 | 沉思 | 沉默 | 摇晃 | 疲惫不堪 | 精疲力竭 | 恼羞成怒 | 鸦雀无声 | 醒来 | 前仰后合 | 酣睡 | 挣扎 | 低头 | 心急如焚 | 受惊 | 左顾右盼 | 晕倒 | 眨眼 | 依依不舍 | 苏醒 | 喘息,56.0,1.0,2.8301495157456864e-21,一动不动:1.000000 | 一声不吭:1.000000 | 一言不发:1.000000 | 不耐烦:1.000000 | 低头:1.000000 | 依依不舍:1.000000 | 冷笑:1.000000 | 前仰后合:1.000000 | 动弹:1.000000 | 发怒:1.000000 | 发愣:1.000000 | 发抖:1.000000,
87,42,0.34522306925799057,0.028154883591514916,0.40476190476190477,祝福 | 祝 | 祝愿 | 谢谢 | 感谢 | 祝贺 | 一路平安 | 亲爱 | 恭喜 | 朋友们 | 问候 | 保重,亲朋好友 | 爱心 | 亲 | 贵宾 | 感恩 | 老朋友 | 您 | 祝贺,勋章 | 谢谢 | 好运 | 愿 | 万古长青 | 贵宾 | 此致 | 亲朋好友 | 感恩 | 保重 | 干杯 | 祝福,祝福 | 祝 | 祝愿 | 谢谢 | 感谢 | 祝贺 | 一路平安 | 亲爱 | 恭喜 | 朋友们 | 问候 | 保重 | 保佑 | 各位 | 晚安 | 诸位 | 好运 | 心想事成 | 感恩 | 贺电 | 一路顺风 | 福气 | 干杯 | 欢迎 | 老朋友 | 久仰 | 再见 | 此致 | 加油 | 送给 | 捧场 | 亲朋好友 | 愿 | 爱心 | 贵宾 | 万古长青 | 亲 | 您 | 恩赐 | 回馈 | 勋章 | 使者,42.0,1.0,3.8745807081452693e-25,一路平安:1.000000 | 一路顺风:1.000000 | 万古长青:1.000000 | 久仰:1.000000 | 亲:1.000000 | 亲朋好友:1.000000 | 亲爱:1.000000 | 使者:1.000000 | 保佑:1.000000 | 保重:1.000000 | 再见:1.000000 | 加油:1.000000,
88,43,0.3429519328588343,0.01812846450919017,0.4418604651162791,相识 | 相处 | 知己 | 亲密 | 朝夕相处 | 亲热 | 萍水相逢 | 情人 | 相遇 | 交情 | 约会 | 交朋友,团聚 | 熟人 | 上司 | 换位 | 父女 | 倾诉 | 遂心 | 交朋友,情侣 | 亲热 | 分手 | 相依为命 | 朝夕相处 | 萍水相逢 | 一起 | 父女 | 情人 | 亲近 | 相识 | 交集,相识 | 相处 | 知己 | 亲密 | 朝夕相处 | 亲热 | 萍水相逢 | 情人 | 相遇 | 交情 | 约会 | 交朋友 | 恋爱 | 情侣 | 彼此 | 异性 | 亲近 | 分手 | 伴侣 | 父女 | 形影不离 | 融洽 | 相依为命 | 相约 | 好友 | 夫妻 | 倾诉 | 默契 | 相伴 | 互相 | 表白 | 团聚 | 素不相识 | 熟人 | 门当户对 | 上司 | 遂心 | 交集 | 一起 | 各奔前程 | 同行 | 对方 | 换位,43.0,1.0,3.226205051192384e-22,一起:1.000000 | 上司:1.000000 | 互相:1.000000 | 交情:1.000000 | 交朋友:1.000000 | 交集:1.000000 | 亲密:1.000000 | 亲热:1.000000 | 亲近:1.000000 | 伴侣:1.000000 | 倾诉:1.000000 | 分手:1.000000,
89,46,0.3530254157229034,0.0078645042206501,0.45652173913043476,艳丽 | 耀眼 | 亮丽 | 漂亮 | 气派 | 华丽 | 壮丽 | 宽敞 | 壮观 | 美丽 | 高大 | 整洁,朝气蓬勃 | 美观 | 诱人 | 标致 | 明亮 | 秀美 | 高雅 | 难看,朝气蓬勃 | 尊贵 | 显赫 | 宽阔 | 秀美 | 时髦 | 美丽 | 鹤立鸡群 | 不起眼 | 宏伟 | 壮观 | 亮丽,艳丽 | 耀眼 | 亮丽 | 漂亮 | 气派 | 华丽 | 壮丽 | 宽敞 | 壮观 | 美丽 | 高大 | 整洁 | 高雅 | 雄伟 | 显眼 | 秀丽 | 明亮 | 宏伟 | 好看 | 美观 | 秀美 | 宽阔 | 醒目 | 显赫 | 整齐 | 引人注目 | 时髦 | 诱人 | 体面 | 难看 | 抢眼 | 光彩 | 阔绰 | 与众不同 | 尊贵 | 豪华 | 崭新 | 庄严 | 繁华 | 鹤立鸡群 | 威风 | 不起眼 | 朝气蓬勃 | 新潮 | 像样 | 标致,46.0,1.0,9.362818439475411e-29,不起眼:1.000000 | 与众不同:1.000000 | 亮丽:1.000000 | 体面:1.000000 | 像样:1.000000 | 光彩:1.000000 | 华丽:1.000000 | 壮丽:1.000000 | 壮观:1.000000 | 好看:1.000000 | 威风:1.000000 | 宏伟:1.000000,
90,30,0.3934533380235771,0.0865854035752373,0.06666666666666667,情谊 | 感情 | 亲情 | 情感 | 友情 | 真情 | 爱情 | 恩情 | 情 | 情怀 | 缘分 | 深情,诀别 | 恩惠 | 心愿 | 命运 | 心事 | 爱 | 喜怒哀乐 | 血脉,心 | 恩情 | 情怀 | 亲情 | 情结 | 诀别 | 恩怨 | 命运 | 情感 | 悲欢离合 | 人情 | 血缘,情谊 | 感情 | 亲情 | 情感 | 友情 | 真情 | 爱情 | 恩情 | 情 | 情怀 | 缘分 | 深情 | 心意 | 恩怨 | 心事 | 情结 | 悲欢离合 | 友谊 | 天长地久 | 人情 | 喜怒哀乐 | 生死 | 心 | 心愿 | 爱 | 诀别 | 血缘 | 命运 | 恩惠 | 血脉,30.0,1.0,1.2599945732356906e-43,亲情:1.000000 | 人情:1.000000 | 友情:1.000000 | 友谊:1.000000 | 命运:1.000000 | 喜怒哀乐:1.000000 | 天长地久:1.000000 | 心:1.000000 | 心事:1.000000 | 心意:1.000000 | 心愿:1.000000 | 恩怨:1.000000,
91,21,0.292170655978454,-0.0013511885101283856,0.6190476190476191,退回 | 收回 | 撤 | 归还 | 作废 | 撤离 | 后退 | 退 | 销毁 | 掉 | 投降 | 没收,原地 | 停业 | 掉 | 消失 | 投降 | 后退 | 丢掉 | 不了了之,投降 | 掉头 | 后退 | 不了了之 | 为止 | 收回 | 了结 | 完毕 | 消失 | 停业 | 退 | 原地,退回 | 收回 | 撤 | 归还 | 作废 | 撤离 | 后退 | 退 | 销毁 | 掉 | 投降 | 没收 | 掉头 | 消失 | 丢掉 | 停业 | 原地 | 完毕 | 不了了之 | 了结 | 为止,21.0,1.0,3.494432025416885e-46,不了了之:1.000000 | 丢掉:1.000000 | 为止:1.000000 | 了结:1.000000 | 作废:1.000000 | 停业:1.000000 | 原地:1.000000 | 后退:1.000000 | 完毕:1.000000 | 归还:1.000000 | 投降:1.000000 | 掉:1.000000,
92,35,0.3450554762649786,0.027734025399339692,0.2571428571428571,珍视 | 弘扬 | 忠于 | 热爱 | 铭记 | 忠诚 | 尊重 | 珍惜 | 爱护 | 发扬 | 忠贞 | 爱惜,关爱 | 尊重 | 英勇 | 辜负 | 忠贞 | 热爱 | 秉承 | 爱护,伟大 | 树立 | 牺牲 | 自强不息 | 爱国 | 忠实 | 铭记 | 捍卫 | 忠于 | 传承 | 歌颂 | 珍惜,珍视 | 弘扬 | 忠于 | 热爱 | 铭记 | 忠诚 | 尊重 | 珍惜 | 爱护 | 发扬 | 忠贞 | 爱惜 | 奉献 | 牢记 | 歌颂 | 崇高 | 捍卫 | 珍重 | 崇尚 | 坚守 | 伟大 | 自强不息 | 英勇 | 关爱 | 忠实 | 对得起 | 辜负 | 中华民族 | 祖国 | 传承 | 爱国 | 牺牲 | 树立 | 秉承 | 造福,35.0,1.0,3.5881069620794415e-30,中华民族:1.000000 | 伟大:1.000000 | 传承:1.000000 | 关爱:1.000000 | 发扬:1.000000 | 坚守:1.000000 | 奉献:1.000000 | 对得起:1.000000 | 尊重:1.000000 | 崇尚:1.000000 | 崇高:1.000000 | 弘扬:1.000000,
93,65,0.3129541185991863,0.026200934763882248,0.4461538461538462,开幕 | 闭幕式 | 颁奖 | 开幕式 | 大会 | 闭幕 | 致辞 | 演讲 | 展览会 | 招待会 | 会议 | 峰会,周年 | 访谈 | 盛大 | 仪式 | 上台 | 代表团 | 场合 | 隆重,闭幕式 | 公开信 | 车展 | 致辞 | 座谈会 | 届 | 历届 | 开幕式 | 嘉宾 | 招待会 | 展览会 | 展出,开幕 | 闭幕式 | 颁奖 | 开幕式 | 大会 | 闭幕 | 致辞 | 演讲 | 展览会 | 招待会 | 会议 | 峰会 | 发布会 | 盛会 | 晚会 | 博览会 | 座谈会 | 论坛 | 举行 | 发言 | 研讨 | 嘉宾 | 讲座 | 隆重 | 仪式 | 获奖 | 贺信 | 讲话 | 参展 | 演说 | 展出 | 揭晓 | 宣读 | 评选 | 访谈 | 奖项 | 届 | 沙龙 | 亮相 | 车展 | 议程 | 代表团 | 盛大 | 来宾 | 表彰 | 就座 | 活动 | 发表 | 周年 | 专题 | 现场 | 奖 | 历届 | 露面 | 签约 | 公开信 | 刊登 | 上台 | 投票 | 赞助 | 日程 | 名单 | 场合 | 中外 | 火炬,65.00000000515666,0.9999999999999989,6.821424945677544e-15,上台:1.000000 | 中外:1.000000 | 举行:1.000000 | 亮相:1.000000 | 代表团:1.000000 | 仪式:1.000000 | 会议:1.000000 | 公开信:1.000000 | 刊登:1.000000 | 博览会:1.000000 | 历届:1.000000 | 参展:1.000000,
94,28,0.3961415184304244,0.06358896716959526,0.10714285714285714,聊天儿 | 玩耍 | 嬉笑 | 打牌 | 打盹儿 | 侃大山 | 散步 | 跳舞 | 溜达 | 串门 | 晒太阳 | 抽烟,跳舞 | 交头接耳 | 热闹 | 东张西望 | 喧闹 | 吃饭 | 散步 | 光顾,晒太阳 | 抽烟 | 捉迷藏 | 溜达 | 光顾 | 侃大山 | 东张西望 | 转悠 | 嬉笑 | 熙熙攘攘 | 打牌 | 下棋,聊天儿 | 玩耍 | 嬉笑 | 打牌 | 打盹儿 | 侃大山 | 散步 | 跳舞 | 溜达 | 串门 | 晒太阳 | 抽烟 | 吃饭 | 下棋 | 转悠 | 看热闹 | 喧哗 | 东张西望 | 热闹 | 喧闹 | 交头接耳 | 捉迷藏 | 熙熙攘攘 | 津津有味 | 猜谜 | 不亦乐乎 | 兴致 | 光顾,28.0,1.0,1.1092167757046534e-43,下棋:1.000000 | 不亦乐乎:1.000000 | 东张西望:1.000000 | 串门:1.000000 | 交头接耳:1.000000 | 侃大山:1.000000 | 光顾:1.000000 | 兴致:1.000000 | 吃饭:1.000000 | 喧哗:1.000000 | 喧闹:1.000000 | 嬉笑:1.000000,
95,30,0.4137592032778026,0.06280102029189868,0.13333333333333333,颈部 | 肌肉 | 皮肤 | 胸部 | 腹部 | 身体 | 关节 | 血管 | 肢体 | 全身 | 面部 | 心脏,姿势 | 牙齿 | 伤势 | 伤口 | 视力 | 体重 | 头部 | 咽喉,心脏 | 视力 | 颈部 | 气管 | 伤口 | 呼吸 | 伤势 | 体重 | 身体 | 大脑 | 肢体 | 关节,颈部 | 肌肉 | 皮肤 | 胸部 | 腹部 | 身体 | 关节 | 血管 | 肢体 | 全身 | 面部 | 心脏 | 气管 | 伤口 | 牙齿 | 肌肤 | 部位 | 穴位 | 动脉 | 神经 | 大脑 | 呼吸 | 体温 | 视力 | 头部 | 咽喉 | 触觉 | 伤势 | 姿势 | 体重,30.0,1.0,3.3296031310574575e-37,伤势:1.000000 | 伤口:1.000000 | 体温:1.000000 | 体重:1.000000 | 全身:1.000000 | 关节:1.000000 | 动脉:1.000000 | 呼吸:1.000000 | 咽喉:1.000000 | 大脑:1.000000 | 头部:1.000000 | 姿势:1.000000,
96,63,0.31451442720838363,0.047980218645253814,0.09523809523809523,推动 | 拓展 | 推进 | 构建 | 促进 | 深化 | 打造 | 优化 | 开拓 | 培育 | 强化 | 整合,致力于 | 借助 | 得益于 | 成为 | 开启 | 运作 | 形成 | 开放,开拓 | 实现 | 致力于 | 孵化 | 普及 | 建设 | 拓展 | 发展 | 创新 | 奠定 | 借助 | 开创,推动 | 拓展 | 推进 | 构建 | 促进 | 深化 | 打造 | 优化 | 开拓 | 培育 | 强化 | 整合 | 发展 | 提升 | 加快 | 带动 | 引领 | 拓宽 | 完善 | 搭建 | 扩展 | 增强 | 创新 | 建设 | 壮大 | 推广 | 拉动 | 协同 | 打通 | 产业 | 融合 | 巩固 | 布局 | 转型 | 开创 | 延伸 | 驱动 | 升级 | 依托 | 引导 | 开发 | 实现 | 形成 | 奠定 | 激活 | 致力于 | 孵化 | 服务 | 扶持 | 转化 | 借助 | 普及 | 开启 | 落地 | 示范 | 主导 | 覆盖 | 受益 | 运作 | 开放 | 得益于 | 共享 | 成为,62.99755060722316,0.9999611172890592,0.00005162387640072632,主导:1.000000 | 优化:1.000000 | 依托:1.000000 | 促进:1.000000 | 借助:1.000000 | 共享:1.000000 | 加快:1.000000 | 升级:1.000000 | 协同:1.000000 | 发展:1.000000 | 受益:1.000000 | 培育:1.000000,
97,46,0.43411237819533594,0.08382727382228877,0.0,俊俏 | 朴实 | 文雅 | 沉稳 | 英俊 | 质朴 | 稳重 | 壮实 | 乖巧 | 纯朴 | 温柔 | 活泼,红扑扑 | 勤快 | 乖巧 | 潇洒 | 干净 | 讨人喜欢 | 含蓄 | 矮小,开朗 | 得体 | 甜美 | 结实 | 勤快 | 潇洒 | 温柔 | 文雅 | 乖巧 | 优雅 | 英俊 | 柔和,俊俏 | 朴实 | 文雅 | 沉稳 | 英俊 | 质朴 | 稳重 | 壮实 | 乖巧 | 纯朴 | 温柔 | 活泼 | 和蔼 | 健壮 | 开朗 | 柔和 | 可爱 | 慈祥 | 硬朗 | 敦厚 | 优雅 | 甜美 | 苗条 | 得体 | 刚毅 | 结实 | 红润 | 潇洒 | 柔软 | 讨人喜欢 | 灵巧 | 含蓄 | 朴素 | 宽厚 | 大方 | 高贵 | 强壮 | 丰满 | 红扑扑 | 水灵灵 | 勤快 | 容光焕发 | 心灵手巧 | 饱满 | 矮小 | 干净,46.0,1.0,1.869683411851427e-18,丰满:1.000000 | 乖巧:1.000000 | 优雅:1.000000 | 俊俏:1.000000 | 健壮:1.000000 | 刚毅:1.000000 | 勤快:1.000000 | 可爱:1.000000 | 含蓄:1.000000 | 和蔼:1.000000 | 壮实:1.000000 | 大方:1.000000,
98,61,0.42914700126410066,0.0850052150032093,0.06557377049180328,煮 | 炖 | 汁 | 酥 | 烤 | 煎 | 涮 | 蒸 | 蘸 | 佐料 | 甜 | 拌,饭 | 榨 | 吃 | 喝 | 好吃 | 馅儿 | 麻辣 | 面条儿,好吃 | 糊 | 醇厚 | 糟 | 甜 | 喝 | 煎 | 馅儿 | 酥 | 鲜 | 炖 | 炸,煮 | 炖 | 汁 | 酥 | 烤 | 煎 | 涮 | 蒸 | 蘸 | 佐料 | 甜 | 拌 | 可口 | 面条儿 | 烫 | 鲜美 | 汤 | 香味 | 嚼 | 馅儿 | 好吃 | 腥 | 辣 | 吃 | 脆 | 口感 | 熬 | 香 | 碗 | 煲 | 锅 | 麻辣 | 饭 | 糊 | 开水 | 嫩 | 醇厚 | 勺 | 热腾腾 | 淋 | 咸 | 味道 | 喝 | 熟 | 味儿 | 炸 | 熏 | 泡 | 凉水 | 稠 | 炒 | 冻 | 沏 | 糟 | 鲜 | 火候 | 酸 | 尝 | 榨 | 新鲜 | 滴,61.000000002678625,0.9999999999993535,3.0749573101823293e-12,佐料:1.000000 | 冻:1.000000 | 凉水:1.000000 | 勺:1.000000 | 口感:1.000000 | 可口:1.000000 | 吃:1.000000 | 味儿:1.000000 | 味道:1.000000 | 咸:1.000000 | 喝:1.000000 | 嚼:1.000000,
99,40,0.32136805873726,0.059489643915524984,0.125,耗费 | 花费 | 消耗 | 节省 | 开支 | 支出 | 费用 | 开销 | 节约 | 浪费 | 经费 | 成本,收获 | 时间 | 压缩 | 应付 | 损失 | 精简 | 负担 | 劳动力,消耗 | 贡献 | 经费 | 代价 | 投入 | 损失 | 花费 | 精力 | 财力 | 积蓄 | 人力 | 费,耗费 | 花费 | 消耗 | 节省 | 开支 | 支出 | 费用 | 开销 | 节约 | 浪费 | 经费 | 成本 | 付出 | 投入 | 人力 | 财力 | 精力 | 损失 | 负担 | 工作量 | 费 | 预算 | 占用 | 耗 | 代价 | 积累 | 额外 | 耗时 | 储备 | 积蓄 | 透支 | 劳动力 | 大笔 | 压缩 | 贡献 | 时间 | 累积 | 精简 | 应付 | 收获,40.0,1.0,7.079196590907687e-26,人力:1.000000 | 付出:1.000000 | 代价:1.000000 | 储备:1.000000 | 劳动力:1.000000 | 占用:1.000000 | 压缩:1.000000 | 大笔:1.000000 | 工作量:1.000000 | 应付:1.000000 | 开支:1.000000 | 开销:1.000000,
100,57,0.3533301119012897,0.015880986071187497,0.3508771929824561,撒谎 | 胡闹 | 逞能 | 闹着玩儿 | 吹牛 | 出洋相 | 说闲话 | 害臊 | 耍赖 | 说谎 | 骗人 | 随大溜,嫌 | 别人 | 有口无心 | 发脾气 | 私事 | 害臊 | 挨打 | 闹着玩儿,出洋相 | 偷懒 | 开玩笑 | 私事 | 随大溜 | 一毛不拔 | 碰钉子 | 指手画脚 | 挨打 | 面子 | 出丑 | 内行,撒谎 | 胡闹 | 逞能 | 闹着玩儿 | 吹牛 | 出洋相 | 说闲话 | 害臊 | 耍赖 | 说谎 | 骗人 | 随大溜 | 出丑 | 卖弄 | 丢脸 | 偷懒 | 发脾气 | 谎话 | 夸夸其谈 | 穿小鞋 | 开玩笑 | 有口无心 | 沽名钓誉 | 胡说 | 见钱眼开 | 搞鬼 | 出风头 | 笑话 | 敲边鼓 | 钻空子 | 吃亏 | 碰钉子 | 别人 | 出难题 | 半真半假 | 认错 | 挨打 | 面子 | 指手画脚 | 告状 | 忽悠 | 泼冷水 | 异想天开 | 坏事 | 上当 | 朝三暮四 | 马后炮 | 把柄 | 走后门 | 壮胆 | 沾光 | 外行 | 嫌 | 私事 | 一毛不拔 | 内行 | 大包大揽,57.0000002508586,0.9999999999999698,1.6722515115473862e-13,一毛不拔:1.000000 | 上当:1.000000 | 偷懒:1.000000 | 内行:1.000000 | 出丑:1.000000 | 出洋相:1.000000 | 出难题:1.000000 | 出风头:1.000000 | 半真半假:1.000000 | 卖弄:1.000000 | 发脾气:1.000000 | 吃亏:1.000000,
101,37,0.37175469937805977,0.05613887108903423,0.10810810810810811,奇妙 | 奇特 | 离奇 | 有趣 | 不可思议 | 怪异 | 惊心动魄 | 神奇 | 新奇 | 不同寻常 | 惊险 | 出人意料,触目惊心 | 滑稽 | 惊喜 | 幸运 | 曲折 | 新奇 | 变幻莫测 | 奇特,意想不到 | 惊喜 | 惊险 | 新奇 | 难以置信 | 巧合 | 似曾相识 | 意料之外 | 不可思议 | 惊天动地 | 离奇 | 惊人,奇妙 | 奇特 | 离奇 | 有趣 | 不可思议 | 怪异 | 惊心动魄 | 神奇 | 新奇 | 不同寻常 | 惊险 | 出人意料 | 耐人寻味 | 巧合 | 意想不到 | 神秘 | 意料之外 | 难以置信 | 微妙 | 稀奇 | 有意思 | 惊喜 | 惊人 | 寻常 | 意外 | 惊天动地 | 似曾相识 | 滑稽 | 凑巧 | 曲折 | 触目惊心 | 峰回路转 | 偶然 | 变幻莫测 | 不为人知 | 玄机 | 幸运,37.0,1.0,6.775977224364667e-28,不为人知:1.000000 | 不可思议:1.000000 | 不同寻常:1.000000 | 似曾相识:1.000000 | 偶然:1.000000 | 凑巧:1.000000 | 出人意料:1.000000 | 变幻莫测:1.000000 | 奇妙:1.000000 | 奇特:1.000000 | 寻常:1.000000 | 峰回路转:1.000000,
102,63,0.3459237975673009,0.060686334013705816,0.20634920634920634,猫 | 蛇 | 狮子 | 青蛙 | 猩猩 | 鸟 | 鳄鱼 | 虫子 | 妖怪 | 狼 | 鸽子 | 猴,花样 | 宝宝 | 公主 | 娃娃 | 宝贝 | 杀手 | 孪生 | 双胞胎,鸟 | 鹰 | 猴 | 动物园 | 鼠 | 吉祥物 | 鳄鱼 | 青蛙 | 宝贝 | 嫦娥 | 虫子 | 怪物,猫 | 蛇 | 狮子 | 青蛙 | 猩猩 | 鸟 | 鳄鱼 | 虫子 | 妖怪 | 狼 | 鸽子 | 猴 | 野兽 | 公鸡 | 动物 | 天鹅 | 怪物 | 大象 | 兔 | 仙鹤 | 鼠 | 鲨鱼 | 燕子 | 龟 | 蜜蜂 | 蚊子 | 鹿 | 仙女 | 豹 | 猎犬 | 恐龙 | 苍蝇 | 猎人 | 虎 | 大雁 | 宠物 | 鹰 | 昆虫 | 大熊猫 | 宝宝 | 巫婆 | 小丑 | 神仙 | 动物园 | 娃娃 | 熊 | 宝贝 | 外星人 | 骏马 | 王子 | 吉祥物 | 双胞胎 | 巨人 | 公主 | 美人 | 凤凰 | 天使 | 陨石 | 嫦娥 | 星座 | 杀手 | 孪生 | 花样,63.000000000000036,0.9999999999999996,3.803158718416998e-15,仙女:1.000000 | 仙鹤:1.000000 | 兔:1.000000 | 公主:1.000000 | 公鸡:1.000000 | 凤凰:1.000000 | 动物:1.000000 | 动物园:1.000000 | 双胞胎:1.000000 | 吉祥物:1.000000 | 外星人:1.000000 | 大熊猫:1.000000,
103,36,0.2825752994338029,0.01654848080126417,0.3333333333333333,常见 | 少见 | 随处可见 | 比比皆是 | 层出不穷 | 司空见惯 | 难得一见 | 众多 | 各式各样 | 必不可少 | 五花八门 | 盛行,尤为 | 热衷 | 历来 | 络绎不绝 | 众所周知 | 深受 | 盛行 | 罕见,典型 | 流行 | 形形色色 | 寥寥无几 | 常见 | 层出不穷 | 为主 | 常用 | 问世 | 难得一见 | 热衷 | 随处可见,常见 | 少见 | 随处可见 | 比比皆是 | 层出不穷 | 司空见惯 | 难得一见 | 众多 | 各式各样 | 必不可少 | 五花八门 | 盛行 | 形形色色 | 罕见 | 寥寥无几 | 少有 | 少不了 | 应有尽有 | 络绎不绝 | 诸多 | 一应俱全 | 典型 | 尤为 | 流行 | 备受 | 之类 | 热衷 | 常用 | 遍布 | 之一 | 深受 | 为主 | 例外 | 众所周知 | 历来 | 问世,36.0,1.0,3.5130556568576103e-22,一应俱全:1.000000 | 为主:1.000000 | 之一:1.000000 | 之类:1.000000 | 五花八门:1.000000 | 众多:1.000000 | 众所周知:1.000000 | 例外:1.000000 | 典型:1.000000 | 历来:1.000000 | 司空见惯:1.000000 | 各式各样:1.000000,
104,41,0.34308632452639737,0.03351405193898297,0.17073170731707318,生硬 | 庸俗 | 枯燥 | 似是而非 | 粗糙 | 荒诞 | 简单 | 单调 | 冗长 | 拙劣 | 狭隘 | 深奥,荒诞 | 拙劣 | 省略 | 狭隘 | 扭曲 | 雷同 | 庸俗 | 夸张,简单 | 枯燥 | 片面 | 无足轻重 | 画蛇添足 | 颠倒 | 堆砌 | 粗糙 | 拙劣 | 单纯 | 笼统 | 深奥,生硬 | 庸俗 | 枯燥 | 似是而非 | 粗糙 | 荒诞 | 简单 | 单调 | 冗长 | 拙劣 | 狭隘 | 深奥 | 抽象 | 片面 | 笼统 | 陈旧 | 杂乱无章 | 堆砌 | 潦草 | 夸张 | 模糊 | 含糊 | 教条 | 自相矛盾 | 一成不变 | 单纯 | 无关紧要 | 过时 | 画蛇添足 | 纯粹 | 雷同 | 乱七八糟 | 无足轻重 | 扭曲 | 刻舟求剑 | 微不足道 | 重复 | 颠倒 | 现成 | 多余 | 省略,41.0,1.0,1.4405488657088457e-24,一成不变:1.000000 | 乱七八糟:1.000000 | 似是而非:1.000000 | 冗长:1.000000 | 刻舟求剑:1.000000 | 单纯:1.000000 | 单调:1.000000 | 含糊:1.000000 | 堆砌:1.000000 | 多余:1.000000 | 夸张:1.000000 | 庸俗:1.000000,
105,36,0.3548915827322229,0.02206628539952514,0.3333333333333333,结婚 | 离婚 | 抚养 | 生病 | 患病 | 子女 | 赡养 | 成家 | 娶 | 收养 | 怀孕 | 去世,亲友 | 求医 | 住院 | 母子 | 家属 | 不辞而别 | 患病 | 夫妇,配偶 | 家属 | 亲属 | 子女 | 不辞而别 | 独身 | 出院 | 患病 | 年纪 | 高龄 | 岁 | 年迈,结婚 | 离婚 | 抚养 | 生病 | 患病 | 子女 | 赡养 | 成家 | 娶 | 收养 | 怀孕 | 去世 | 年迈 | 独身 | 领养 | 出院 | 婚姻 | 亲属 | 配偶 | 订婚 | 住院 | 夫妇 | 退休 | 嫁 | 家境 | 出生 | 定居 | 岁 | 家属 | 求医 | 母子 | 高龄 | 亲友 | 休养 | 年纪 | 不辞而别,36.0,1.0,9.528462892522428e-24,不辞而别:1.000000 | 亲友:1.000000 | 亲属:1.000000 | 休养:1.000000 | 住院:1.000000 | 出生:1.000000 | 出院:1.000000 | 去世:1.000000 | 夫妇:1.000000 | 娶:1.000000 | 婚姻:1.000000 | 嫁:1.000000,
106,58,0.46937225665803217,0.15734681280381319,0.0,柜子 | 书桌 | 桌子 | 卧室 | 椅子 | 屋子 | 凳子 | 窗子 | 房间 | 书橱 | 客厅 | 书柜,被子 | 蚊帐 | 衣架 | 水龙头 | 枕头 | 房子 | 垫子 | 教室,窗子 | 卫生间 | 厕所 | 窗帘 | 阳台 | 洗手间 | 桌子 | 后备箱 | 书桌 | 宿舍 | 马桶 | 抽屉,柜子 | 书桌 | 桌子 | 卧室 | 椅子 | 屋子 | 凳子 | 窗子 | 房间 | 书橱 | 客厅 | 书柜 | 窗户 | 写字台 | 窗台 | 卫生间 | 沙发 | 抽屉 | 浴室 | 阳台 | 书架 | 书房 | 窗帘 | 墙壁 | 厨房 | 楼道 | 藤椅 | 衣架 | 院子 | 帐子 | 垫子 | 被子 | 洗手间 | 帘子 | 枕头 | 寝室 | 台灯 | 马桶 | 蚊帐 | 床 | 宿舍 | 教室 | 厕所 | 地板 | 防盗门 | 镜子 | 炉子 | 笼子 | 炉灶 | 水槽 | 黑板 | 棺材 | 架子 | 房子 | 冰箱 | 池子 | 水龙头 | 后备箱,57.99999999998033,0.9999999999996609,1.641522004257225e-12,书房:1.000000 | 书架:1.000000 | 书柜:1.000000 | 书桌:1.000000 | 书橱:1.000000 | 写字台:1.000000 | 冰箱:1.000000 | 凳子:1.000000 | 卧室:1.000000 | 卫生间:1.000000 | 厕所:1.000000 | 厨房:1.000000,
107,54,0.4373386885775205,0.17126435385464162,0.018518518518518517,旁边 | 后边 | 前边 | 外边 | 那边 | 里边 | 那儿 | 前面 | 后面 | 下边 | 上边 | 左边,顺着 | 僻静 | 地上 | 横七竖八 | 空荡荡 | 挨着 | 老远 | 楼上,里面 | 右边 | 边 | 这儿 | 前边 | 顺着 | 那边 | 路边 | 挨着 | 远处 | 南边 | 里边,旁边 | 后边 | 前边 | 外边 | 那边 | 里边 | 那儿 | 前面 | 后面 | 下边 | 上边 | 左边 | 底下 | 右边 | 东边 | 旁 | 对面 | 西边 | 外面 | 外头 | 远处 | 南边 | 楼下 | 门口 | 这边 | 上面 | 北边 | 那里 | 里面 | 这儿 | 里头 | 两边 | 楼上 | 下面 | 里 | 隔壁 | 路边 | 中间 | 挨着 | 周围 | 后头 | 边 | 老远 | 这里 | 前头 | 台上 | 地上 | 孤零零 | 空荡荡 | 僻静 | 四周 | 横七竖八 | 此处 | 顺着,54.0,1.0,4.831701244657526e-30,上边:1.000000 | 上面:1.000000 | 下边:1.000000 | 下面:1.000000 | 东边:1.000000 | 两边:1.000000 | 中间:1.000000 | 僻静:1.000000 | 前头:1.000000 | 前边:1.000000 | 前面:1.000000 | 北边:1.000000,
108,55,0.35934517461936016,0.05065354157751148,0.21818181818181817,杀害 | 逮捕 | 抢劫 | 逃走 | 逃跑 | 凶手 | 暗杀 | 谋害 | 被捕 | 劫持 | 挟持 | 绑架,无恶不作 | 闹事 | 强盗 | 袭击 | 出动 | 偷窥 | 躲避 | 尸体,秘密 | 同伙 | 劫持 | 团伙 | 枪毙 | 躲避 | 间谍 | 绑架 | 海盗 | 解救 | 逃跑 | 通缉,杀害 | 逮捕 | 抢劫 | 逃走 | 逃跑 | 凶手 | 暗杀 | 谋害 | 被捕 | 劫持 | 挟持 | 绑架 | 藏匿 | 同伙 | 歹徒 | 逃亡 | 罪犯 | 开枪 | 搜查 | 人质 | 通缉 | 袭击 | 躲藏 | 土匪 | 枪毙 | 扣留 | 俘虏 | 拘留 | 扣押 | 团伙 | 逃 | 间谍 | 解救 | 强盗 | 乔装 | 藏身 | 无恶不作 | 自杀 | 闹事 | 埋伏 | 炸弹 | 尸体 | 盗 | 躲避 | 分赃 | 黑手 | 破案 | 偷窥 | 证人 | 海盗 | 看管 | 秘密 | 下落 | 伙 | 出动,55.0,1.0,4.352330841627335e-22,下落:1.000000 | 乔装:1.000000 | 人质:1.000000 | 伙:1.000000 | 俘虏:1.000000 | 偷窥:1.000000 | 凶手:1.000000 | 出动:1.000000 | 分赃:1.000000 | 劫持:1.000000 | 同伙:1.000000 | 团伙:1.000000,
109,40,0.3174708695247729,0.0018859379843300737,0.5,残疾 | 残疾人 | 患者 | 儿童 | 老年 | 病人 | 艾滋病 | 未成年人 | 精神病 | 孤儿 | 青少年 | 孕妇,医生 | 慈善 | 生育 | 病人 | 精神病 | 患者 | 职业病 | 单身,慈善 | 生育 | 艾滋病 | 聋人 | 伤残 | 老年 | 人身 | 男性 | 单身 | 病人 | 残疾 | 贫困,残疾 | 残疾人 | 患者 | 儿童 | 老年 | 病人 | 艾滋病 | 未成年人 | 精神病 | 孤儿 | 青少年 | 孕妇 | 盲人 | 伤残 | 女性 | 男性 | 婴儿 | 聋人 | 成年 | 成人 | 吸毒 | 贫困 | 生育 | 职业病 | 受害人 | 单身 | 失业 | 年龄 | 中年 | 家庭 | 见义勇为 | 医生 | 献血 | 性别 | 个体 | 矫正 | 个案 | 人身 | 自理 | 慈善,40.0,1.0,5.693174586465498e-23,个体:1.000000 | 个案:1.000000 | 中年:1.000000 | 人身:1.000000 | 伤残:1.000000 | 儿童:1.000000 | 医生:1.000000 | 单身:1.000000 | 受害人:1.000000 | 吸毒:1.000000 | 失业:1.000000 | 女性:1.000000,
110,26,0.3663830794109243,0.06074450601220998,0.23076923076923078,反驳 | 批评 | 抨击 | 批判 | 揭露 | 揭发 | 否定 | 反思 | 辩解 | 歪曲 | 反省 | 纠正,启发 | 抄袭 | 宣扬 | 抵制 | 矛头 | 歪曲 | 反面 | 反对,否定 | 辩护 | 质疑 | 启发 | 检讨 | 抨击 | 改正 | 正视 | 歪曲 | 反对 | 矛头 | 反思,反驳 | 批评 | 抨击 | 批判 | 揭露 | 揭发 | 否定 | 反思 | 辩解 | 歪曲 | 反省 | 纠正 | 检讨 | 否认 | 质疑 | 辩护 | 反对 | 正视 | 抵制 | 澄清 | 宣扬 | 改正 | 抄袭 | 矛头 | 启发 | 反面,26.0,1.0,1.8543561249774337e-52,反对:1.000000 | 反思:1.000000 | 反省:1.000000 | 反面:1.000000 | 反驳:1.000000 | 否定:1.000000 | 否认:1.000000 | 启发:1.000000 | 宣扬:1.000000 | 批判:1.000000 | 批评:1.000000 | 抄袭:1.000000,
111,38,0.3729135534760976,0.03852198651181988,0.2894736842105263,肝脏 | 细胞 | 胚胎 | 激素 | 分泌 | 肝 | 器官 | 蛋白质 | 脾 | 免疫 | 人体 | 胎儿,感染 | 传染 | 肺 | 维生素 | 切除 | 营养 | 畸形 | 体质,切除 | 激素 | 变异 | 肾 | 阳性 | 胚胎 | 脾 | 先天 | 分泌 | 病毒 | 器官 | 基因,肝脏 | 细胞 | 胚胎 | 激素 | 分泌 | 肝 | 器官 | 蛋白质 | 脾 | 免疫 | 人体 | 胎儿 | 唾液 | 血液 | 肾 | 腺 | 肺 | 细菌 | 生理 | 变异 | 脂肪 | 遗传 | 新陈代谢 | 基因 | 发育 | 阴性 | 阳性 | 营养 | 切除 | 体质 | 病毒 | 感染 | 生长 | 畸形 | 传染 | 维生素 | 先天 | 休眠,38.0,1.0,1.5475403187205407e-23,人体:1.000000 | 休眠:1.000000 | 传染:1.000000 | 体质:1.000000 | 先天:1.000000 | 免疫:1.000000 | 分泌:1.000000 | 切除:1.000000 | 发育:1.000000 | 变异:1.000000 | 唾液:1.000000 | 器官:1.000000,
112,46,0.3040226961091863,0.03056942908061704,0.1956521739130435,俗语 | 来历 | 传说 | 习俗 | 由来 | 地名 | 起源 | 称呼 | 涵义 | 含义 | 渊源 | 古代,寓言 | 禁忌 | 对联 | 符号 | 用法 | 道教 | 谜底 | 习俗,学说 | 渊源 | 寓言 | 用法 | 谜底 | 绰号 | 称呼 | 发明 | 俗语 | 名言 | 造纸术 | 命名,俗语 | 来历 | 传说 | 习俗 | 由来 | 地名 | 起源 | 称呼 | 涵义 | 含义 | 渊源 | 古代 | 名字 | 寓意 | 风俗 | 姓氏 | 古人 | 相传 | 名言 | 符号 | 记载 | 绰号 | 外号 | 象征 | 寓言 | 流传 | 俗话 | 约定俗成 | 叫作 | 道教 | 比喻 | 造纸术 | 朝代 | 学说 | 谜底 | 命名 | 发源地 | 禁忌 | 对联 | 占卜 | 风水 | 标志 | 发明 | 用法 | 公元 | 分支,46.0,1.0,1.1849515492891276e-20,习俗:1.000000 | 传说:1.000000 | 俗话:1.000000 | 俗语:1.000000 | 公元:1.000000 | 分支:1.000000 | 占卜:1.000000 | 发明:1.000000 | 发源地:1.000000 | 古人:1.000000 | 古代:1.000000 | 叫作:1.000000,
113,84,0.22468759123767126,-0.011976261598467328,0.6785714285714286,包含 | 包括 | 分为 | 涵盖 | 涉及 | 属于 | 来源于 | 用于 | 限于 | 基于 | 具有 | 构成,单一 | 现行 | 名称 | 有着 | 存在 | 采用 | 编号 | 附加,标示 | 称作 | 以 | 指 | 类别 | 为 | 简称 | 包含 | 涉及 | 概况 | 特定 | 在内,包含 | 包括 | 分为 | 涵盖 | 涉及 | 属于 | 来源于 | 用于 | 限于 | 基于 | 具有 | 构成 | 划分 | 针对 | 适用 | 源于 | 种类 | 列为 | 对应 | 作为 | 简称 | 属 | 带有 | 分布 | 称为 | 视为 | 定为 | 面向 | 类型 | 及 | 称作 | 采用 | 分成 | 来自 | 在内 | 类别 | 名称 | 含 | 主要 | 共有 | 除 | 组成 | 特定 | 衍生 | 分类 | 类 | 以及 | 及其 | 仅次于 | 相当于 | 参见 | 现有 | 指向 | 其中 | 存在 | 有着 | 原有 | 概况 | 由 | 单一 | 广义 | 附加 | 标示 | 除外 | 上述 | 为 | 所属 | 附带 | 来源 | 代号 | 以下 | 代表 | 目录 | 简介 | 现行 | 以 | 附属 | 变为 | 合并 | 集合 | 于 | 编号 | 间接 | 指,83.99996890859637,0.9999995647795616,9.221756540889661e-7,上述:1.000000 | 为:1.000000 | 仅次于:1.000000 | 代号:1.000000 | 代表:1.000000 | 作为:1.000000 | 具有:1.000000 | 分为:1.000000 | 分布:1.000000 | 分成:1.000000 | 划分:1.000000 | 列为:1.000000,
114,46,0.3403645157629429,0.026895530772924798,0.2826086956521739,疑虑 | 困惑 | 顾虑 | 难题 | 疑问 | 难处 | 烦恼 | 困扰 | 麻烦 | 忧虑 | 困难 | 障碍,不平 | 忧虑 | 怨气 | 困惑 | 挫折 | 怨言 | 烦恼 | 担忧,波折 | 疑问 | 难题 | 疑点 | 负面 | 挫折 | 隐情 | 风波 | 心病 | 波澜 | 不便 | 疑虑,疑虑 | 困惑 | 顾虑 | 难题 | 疑问 | 难处 | 烦恼 | 困扰 | 麻烦 | 忧虑 | 困难 | 障碍 | 矛盾 | 弊病 | 担忧 | 误解 | 疑点 | 怨气 | 心病 | 隔阂 | 症结 | 误会 | 难关 | 隐患 | 怨言 | 压力 | 谜团 | 瓶颈 | 挫折 | 波折 | 阴影 | 后顾之忧 | 争议 | 隐情 | 波澜 | 不便 | 阻力 | 包袱 | 风波 | 不平 | 陷阱 | 难 | 负面 | 焦点 | 担子 | 定心丸,46.0,1.0,6.985018489821343e-16,不便:1.000000 | 不平:1.000000 | 争议:1.000000 | 包袱:1.000000 | 压力:1.000000 | 后顾之忧:1.000000 | 困惑:1.000000 | 困扰:1.000000 | 困难:1.000000 | 定心丸:1.000000 | 弊病:1.000000 | 心病:1.000000,
115,65,0.2569535123415989,-0.027663578867075166,0.7076923076923077,玄 | 善 | 俗 | 妙 | 敬 | 识 | 邪 | 矣 | 曰 | 灵 | 乃 | 佛,曲 | 诗 | 奏 | 如意 | 多心 | 风流 | 谜 | 驯,神 | 之 | 顾 | 伴 | 戒 | 敬 | 功 | 巧 | 王 | 八卦 | 曰 | 辞,玄 | 善 | 俗 | 妙 | 敬 | 识 | 邪 | 矣 | 曰 | 灵 | 乃 | 佛 | 魂 | 巧 | 君子 | 玉 | 辞 | 诗 | 福 | 静 | 神 | 功 | 戒 | 菩萨 | 风流 | 奏 | 赐 | 俊 | 辩 | 傲 | 唯 | 泉 | 宠 | 生 | 绝 | 迷 | 干戈 | 之 | 闻 | 渡 | 宫 | 天下 | 理 | 王 | 子 | 驯 | 必 | 曲 | 良 | 兹 | 坛 | 独 | 多心 | 谜 | 顾 | 古 | 谱 | 心目 | 忌 | 胆 | 序 | 八卦 | 妥 | 伴 | 如意,64.99999922691174,0.9999999881063257,3.405250872496562e-8,之:1.000000 | 伴:1.000000 | 佛:1.000000 | 俗:1.000000 | 傲:1.000000 | 八卦:1.000000 | 功:1.000000 | 古:1.000000 | 君子:1.000000 | 唯:1.000000 | 善:1.000000 | 坛:1.000000,
116,41,0.2855671143692036,-0.03405578603079038,0.7804878048780488,走近 | 注视 | 打量 | 站住 | 目光 | 望见 | 走过 | 走进 | 向着 | 直视 | 眼前 | 抬头,身边 | 眼里 | 告别 | 触摸 | 身影 | 站住 | 目光 | 站立,居高临下 | 敞开 | 站住 | 脚步 | 直视 | 触摸 | 簇拥 | 站 | 影子 | 朝 | 拉开 | 站立,走近 | 注视 | 打量 | 站住 | 目光 | 望见 | 走过 | 走进 | 向着 | 直视 | 眼前 | 抬头 | 俯首 | 脚步 | 站立 | 面前 | 回首 | 朝着 | 视线 | 对准 | 推开 | 紧紧 | 簇拥 | 身影 | 拥抱 | 显出 | 身边 | 面对 | 屹立 | 站 | 眼里 | 敞开 | 居高临下 | 着 | 拉开 | 朝 | 影子 | 告别 | 往日 | 触摸 | 昔日,41.0,1.0,1.2529882127302808e-21,俯首:1.000000 | 向着:1.000000 | 告别:1.000000 | 回首:1.000000 | 对准:1.000000 | 居高临下:1.000000 | 屹立:1.000000 | 影子:1.000000 | 往日:1.000000 | 打量:1.000000 | 抬头:1.000000 | 拉开:1.000000,
117,53,0.33491531690819754,0.04567847741569299,0.1320754716981132,兢兢业业 | 一心一意 | 坚持不懈 | 全心全意 | 竭尽全力 | 努力 | 诚心诚意 | 尽力 | 用心 | 认真 | 全力以赴 | 齐心协力,实事求是 | 着想 | 学会 | 肯 | 耐心 | 虚心 | 懂得 | 凭着,争分夺秒 | 一心 | 做到 | 敢于 | 坚持不懈 | 虚心 | 懂得 | 苦心 | 大胆 | 凭着 | 耐心 | 学会,兢兢业业 | 一心一意 | 坚持不懈 | 全心全意 | 竭尽全力 | 努力 | 诚心诚意 | 尽力 | 用心 | 认真 | 全力以赴 | 齐心协力 | 持之以恒 | 虚心 | 勇于 | 专心 | 聚精会神 | 不懈 | 精益求精 | 细心 | 坚持 | 苦心 | 废寝忘食 | 千方百计 | 争分夺秒 | 自觉 | 顾全大局 | 辛勤 | 奋力 | 以身作则 | 下决心 | 精心 | 善于 | 敢于 | 耐心 | 精打细算 | 本着 | 实事求是 | 一心 | 懂得 | 专注 | 自力更生 | 有的放矢 | 大胆 | 一如既往 | 带头 | 着想 | 力所能及 | 肯 | 做到 | 凭着 | 自始至终 | 学会,53.0,1.0,7.33765117255273e-17,一如既往:1.000000 | 一心:1.000000 | 一心一意:1.000000 | 下决心:1.000000 | 不懈:1.000000 | 专心:1.000000 | 专注:1.000000 | 争分夺秒:1.000000 | 以身作则:1.000000 | 做到:1.000000 | 兢兢业业:1.000000 | 全力以赴:1.000000,
118,65,0.3588825473951603,0.034167517553259016,0.27692307692307694,句子 | 词汇 | 课文 | 语法 | 歌词 | 口语 | 词语 | 作文 | 生词 | 汉语 | 文字 | 题目,卷子 | 歌词 | 考题 | 稿子 | 书 | 一句话 | 篇 | 论文,括弧 | 汉字 | 题目 | 字体 | 格式 | 繁体字 | 文字 | 书 | 考题 | 生词 | 成语 | 作文,句子 | 词汇 | 课文 | 语法 | 歌词 | 口语 | 词语 | 作文 | 生词 | 汉语 | 文字 | 题目 | 英文 | 汉字 | 词 | 错别字 | 音节 | 课本 | 日语 | 繁体字 | 字典 | 语言 | 填空 | 字母 | 俄语 | 读音 | 成语 | 简体字 | 词典 | 法语 | 字体 | 段落 | 谜语 | 教材 | 稿子 | 中文 | 考题 | 普通话 | 题 | 句 | 字 | 方言 | 答案 | 卷子 | 阿拉伯语 | 西班牙语 | 结尾 | 文章 | 开头 | 书 | 素材 | 括号 | 论文 | 对白 | 大纲 | 命题 | 教科书 | 篇幅 | 公式 | 括弧 | 大意 | 格式 | 一句话 | 篇 | 作者,64.99999999996393,0.9999999999994422,2.647254580543985e-12,一句话:1.000000 | 中文:1.000000 | 书:1.000000 | 作文:1.000000 | 作者:1.000000 | 俄语:1.000000 | 公式:1.000000 | 卷子:1.000000 | 口语:1.000000 | 句:1.000000 | 句子:1.000000 | 命题:1.000000,
119,36,0.4584869142698056,0.12488905398315023,0.027777777777777776,凶残 | 残忍 | 卑鄙 | 凶恶 | 可恶 | 丑恶 | 狡猾 | 愚蠢 | 邪恶 | 奸诈 | 丑陋 | 冷酷,暴力 | 无辜 | 愚蠢 | 冷酷无情 | 放肆 | 顽固 | 阴暗 | 奸诈,愚蠢 | 虚伪 | 腐朽 | 可耻 | 冷酷 | 卑鄙 | 凶狠 | 野蛮 | 可恶 | 丑陋 | 暴力 | 顽固,凶残 | 残忍 | 卑鄙 | 凶恶 | 可恶 | 丑恶 | 狡猾 | 愚蠢 | 邪恶 | 奸诈 | 丑陋 | 冷酷 | 残酷 | 虚伪 | 罪恶 | 可耻 | 猖狂 | 凶狠 | 可笑 | 可怕 | 贪婪 | 野蛮 | 荒谬 | 冷酷无情 | 恐怖 | 放肆 | 阴暗 | 无情 | 顽固 | 粗暴 | 骇人听闻 | 污秽 | 疯狂 | 腐朽 | 暴力 | 无辜,36.0,1.0,1.103734434888111e-33,丑恶:1.000000 | 丑陋:1.000000 | 冷酷:1.000000 | 冷酷无情:1.000000 | 凶恶:1.000000 | 凶残:1.000000 | 凶狠:1.000000 | 卑鄙:1.000000 | 可怕:1.000000 | 可恶:1.000000 | 可笑:1.000000 | 可耻:1.000000,
120,43,0.2849360214290297,0.003745677347993054,0.5581395348837209,去除 | 清除 | 修补 | 填充 | 冲洗 | 修复 | 清洗 | 清理 | 去掉 | 替换 | 净化 | 切割,移植 | 缝合 | 切割 | 整理 | 遮盖 | 扫除 | 补救 | 添加,改造 | 填充 | 替换 | 成型 | 扫除 | 生成 | 消化 | 修复 | 疏通 | 移植 | 遮盖 | 复原,去除 | 清除 | 修补 | 填充 | 冲洗 | 修复 | 清洗 | 清理 | 去掉 | 替换 | 净化 | 切割 | 缝合 | 遮盖 | 复原 | 打磨 | 处理 | 美化 | 消化 | 提炼 | 改造 | 替代 | 疏通 | 改良 | 补救 | 剔除 | 除去 | 代替 | 分解 | 合成 | 还原 | 移植 | 再生 | 生成 | 成型 | 添加 | 扫除 | 吸收 | 复制 | 整理 | 填补 | 补充 | 减压,43.0,1.0,5.619038426801026e-25,代替:1.000000 | 修复:1.000000 | 修补:1.000000 | 再生:1.000000 | 冲洗:1.000000 | 净化:1.000000 | 减压:1.000000 | 分解:1.000000 | 切割:1.000000 | 剔除:1.000000 | 去掉:1.000000 | 去除:1.000000,
121,51,0.33026402291225365,0.039234928448768636,0.19607843137254902,雄厚 | 出色 | 坚实 | 强大 | 出众 | 深厚 | 丰富 | 过硬 | 优异 | 优良 | 良好 | 扎实,精细 | 敏捷 | 要强 | 高明 | 深远 | 不错 | 熟练 | 严密,有力 | 坚固 | 广阔 | 成熟 | 出众 | 敏捷 | 优秀 | 雄厚 | 优异 | 敏锐 | 不错 | 要强,雄厚 | 出色 | 坚实 | 强大 | 出众 | 深厚 | 丰富 | 过硬 | 优异 | 优良 | 良好 | 扎实 | 充沛 | 优越 | 丰厚 | 完备 | 强劲 | 充足 | 宽广 | 广阔 | 高超 | 敏锐 | 得天独厚 | 灵敏 | 稳固 | 丰硕 | 可观 | 卓越 | 优秀 | 开阔 | 坚固 | 成熟 | 足够 | 齐全 | 长足 | 严密 | 不错 | 精细 | 有力 | 突出 | 熟练 | 得力 | 超前 | 高明 | 周到 | 发达 | 敏捷 | 深远 | 宝贵 | 要强 | 灵通,51.0,1.0,3.721252010052958e-20,不错:1.000000 | 严密:1.000000 | 丰厚:1.000000 | 丰富:1.000000 | 丰硕:1.000000 | 优异:1.000000 | 优秀:1.000000 | 优良:1.000000 | 优越:1.000000 | 充沛:1.000000 | 充足:1.000000 | 出众:1.000000,
122,31,0.3846012117072192,0.08020527107207714,0.12903225806451613,争吵 | 争执 | 较劲 | 吵架 | 吵嘴 | 较量 | 打架 | 作对 | 讨价还价 | 抗争 | 争论 | 搏斗,诉苦 | 绯闻 | 算计 | 打交道 | 计较 | 交锋 | 打仗 | 打架,绯闻 | 对峙 | 周旋 | 吵架 | 较量 | 争执 | 争论 | 针锋相对 | 作对 | 叫板 | 吵嘴 | 算账,争吵 | 争执 | 较劲 | 吵架 | 吵嘴 | 较量 | 打架 | 作对 | 讨价还价 | 抗争 | 争论 | 搏斗 | 比试 | 对峙 | 交锋 | 周旋 | 纠缠 | 抗衡 | 针锋相对 | 打交道 | 争 | 打官司 | 争夺 | 计较 | 商量 | 算账 | 打仗 | 算计 | 叫板 | 诉苦 | 绯闻,31.0,1.0,3.166194978575391e-36,争:1.000000 | 争吵:1.000000 | 争夺:1.000000 | 争执:1.000000 | 争论:1.000000 | 交锋:1.000000 | 作对:1.000000 | 叫板:1.000000 | 吵嘴:1.000000 | 吵架:1.000000 | 周旋:1.000000 | 商量:1.000000,
123,47,0.3449659630991405,0.0376581608744471,0.23404255319148937,天空 | 彩霞 | 光芒 | 闪烁 | 照耀 | 灿烂 | 绽放 | 黑夜 | 火焰 | 星星 | 荡漾 | 飞翔,翅膀 | 尽头 | 青春 | 寂静 | 缤纷 | 暴风雨 | 梦幻 | 朦胧,暴风雨 | 无边 | 荡漾 | 尽头 | 大地 | 乌云 | 梦幻 | 芬芳 | 黑夜 | 盛开 | 流淌 | 缕,天空 | 彩霞 | 光芒 | 闪烁 | 照耀 | 灿烂 | 绽放 | 黑夜 | 火焰 | 星星 | 荡漾 | 飞翔 | 波涛 | 盛开 | 乌云 | 焰火 | 彩虹 | 缤纷 | 月亮 | 寂静 | 朦胧 | 阳光 | 太阳 | 芬芳 | 烟火 | 蓝天 | 天上 | 流淌 | 烟花 | 大地 | 无边 | 波浪 | 火花 | 梦幻 | 缕 | 黎明 | 远方 | 翅膀 | 暴风雨 | 跳跃 | 光明 | 闪电 | 风雨 | 降临 | 旭日 | 尽头 | 青春,47.0,1.0,3.5756793188785474e-23,乌云:1.000000 | 光明:1.000000 | 光芒:1.000000 | 大地:1.000000 | 天上:1.000000 | 天空:1.000000 | 太阳:1.000000 | 寂静:1.000000 | 尽头:1.000000 | 彩虹:1.000000 | 彩霞:1.000000 | 无边:1.000000,
124,84,0.22364639181383686,-0.028001180903061605,0.7142857142857143,大多数 | 大部分 | 绝大多数 | 多数 | 那些 | 这些 | 一些 | 许多 | 所有 | 其他 | 部分 | 通常,不再 | 中 | 等于 | 远离 | 初次 | 一般来说 | 无法 | 当中,在于 | 所谓 | 一般来说 | 外 | 个人 | 过往 | 部分 | 许多 | 有的 | 一些 | 抛开 | 基本,大多数 | 大部分 | 绝大多数 | 多数 | 那些 | 这些 | 一些 | 许多 | 所有 | 其他 | 部分 | 通常 | 一般 | 个别 | 一部分 | 有的 | 不少 | 其余 | 少数 | 任何 | 它们 | 各种 | 各个 | 普遍 | 大量 | 半数 | 哪些 | 以往 | 或者 | 自身 | 或 | 一般来说 | 原先 | 少量 | 一概 | 以外 | 所谓 | 不论 | 凡是 | 与其 | 普通 | 过往 | 其 | 抛开 | 最初 | 与否 | 底层 | 种 | 当作 | 日常 | 个人 | 暂时 | 有的是 | 集体 | 唯一 | 无法 | 外界 | 该 | 隐性 | 各自 | 某 | 不再 | 之外 | 是非 | 长期 | 性 | 用来 | 此 | 所 | 基本 | 者 | 外 | 当中 | 被 | 非 | 在于 | 无 | 远离 | 自发 | 何时 | 和 | 等于 | 中 | 初次,83.99996423851188,0.9999966950364506,5.751438084181477e-6,一些:1.000000 | 一概:1.000000 | 一般:1.000000 | 一部分:1.000000 | 不再:1.000000 | 不少:1.000000 | 与其:1.000000 | 与否:1.000000 | 个人:1.000000 | 个别:1.000000 | 以往:1.000000 | 任何:1.000000,
125,72,0.25441573353433544,-0.04523788864244171,0.8611111111111112,那时候 | 那时 | 他 | 那会儿 | 以前 | 当时 | 这时候 | 刚才 | 时候 | 后来 | 他们 | 偶尔,上 | 她们 | 后天 | 他 | 久违 | 照例 | 点 | 平日,后天 | 最好 | 点 | 一半 | 他们 | 在 | 下 | 当 | 大家 | 次 | 这时候 | 那会儿,那时候 | 那时 | 他 | 那会儿 | 以前 | 当时 | 这时候 | 刚才 | 时候 | 后来 | 他们 | 偶尔 | 之前 | 平时 | 跟 | 当初 | 刚好 | 她们 | 我们 | 原来 | 直到 | 当 | 平常 | 从前 | 以后 | 趁着 | 差不多 | 过去 | 剩下 | 只有 | 过 | 几 | 正好 | 当年 | 每当 | 稍微 | 整整 | 从没 | 最后 | 大家 | 等到 | 还有 | 给 | 照例 | 时 | 开始 | 断断续续 | 到 | 连 | 有 | 只 | 在 | 另外 | 一 | 平日 | 两 | 比 | 半 | 从 | 最好 | 另 | 次 | 的 | 一半 | 上 | 久违 | 个 | 每 | 万万 | 点 | 后天 | 下,72.03953497615403,0.9994954171379362,0.000421175120400544,一:1.000000 | 一半:1.000000 | 上:1.000000 | 两:1.000000 | 个:1.000000 | 久违:1.000000 | 从:1.000000 | 从前:1.000000 | 他们:1.000000 | 以前:1.000000 | 偶尔:1.000000 | 刚好:1.000000,上次:0.074720
126,31,0.3916499960292255,0.06616746306847511,0.1935483870967742,爬山 | 登山 | 滑雪 | 游泳 | 滑冰 | 跑步 | 骑车 | 划船 | 冲浪 | 徒步 | 跳伞 | 潜水,拍照 | 走路 | 打球 | 滑冰 | 奔跑 | 滑梯 | 运动 | 逃生,钓鱼 | 逃生 | 划船 | 潜水 | 冲浪 | 骑 | 野炊 | 打猎 | 自行车 | 跑步 | 健身 | 滑雪,爬山 | 登山 | 滑雪 | 游泳 | 滑冰 | 跑步 | 骑车 | 划船 | 冲浪 | 徒步 | 跳伞 | 潜水 | 野炊 | 野营 | 探险 | 打猎 | 健身 | 钓鱼 | 打球 | 户外 | 自行车 | 热气球 | 滑梯 | 野外 | 骑 | 运动 | 奔跑 | 走路 | 航海 | 逃生 | 拍照,31.0,1.0,1.7515571766378579e-38,健身:1.000000 | 冲浪:1.000000 | 划船:1.000000 | 奔跑:1.000000 | 徒步:1.000000 | 户外:1.000000 | 打猎:1.000000 | 打球:1.000000 | 拍照:1.000000 | 探险:1.000000 | 游泳:1.000000 | 滑冰:1.000000,
127,39,0.2936384855686969,-0.014780937190253484,0.5641025641025641,袋 | 筐 | 包 | 盒 | 兜儿 | 捆 | 箱 | 盒子 | 口袋 | 瓶 | 钱包 | 块,钥匙 | 用 | 纸 | 兜儿 | 特制 | 手里 | 盒子 | 钞票,瓶 | 随手 | 用 | 手里 | 一手 | 沉甸甸 | 桶 | 钱包 | 包 | 特制 | 摊 | 块,袋 | 筐 | 包 | 盒 | 兜儿 | 捆 | 箱 | 盒子 | 口袋 | 瓶 | 钱包 | 块 | 堆 | 零钱 | 钞票 | 随身 | 手里 | 沉甸甸 | 串 | 包裹 | 随手 | 钥匙 | 枚 | 件 | 秤 | 纸 | 张 | 打包 | 套 | 摊 | 特制 | 笔 | 码 | 桶 | 货 | 卡 | 放到 | 一手 | 用,39.0,1.0,3.3339691464899714e-24,一手:1.000000 | 串:1.000000 | 件:1.000000 | 兜儿:1.000000 | 包:1.000000 | 包裹:1.000000 | 卡:1.000000 | 口袋:1.000000 | 块:1.000000 | 堆:1.000000 | 套:1.000000 | 张:1.000000,
128,60,0.4494600066998561,0.11536651726394762,0.05,胳膊 | 脖子 | 手臂 | 鼻子 | 嘴唇 | 肩膀 | 手掌 | 嘴巴 | 舌头 | 脸颊 | 手指 | 爪子,耳光 | 辫子 | 拐杖 | 睁 | 皱 | 身上 | 骨头 | 使劲,脸颊 | 手脚 | 手掌 | 一头 | 鼻涕 | 指甲 | 使劲 | 两手 | 眼 | 拳头 | 骨头 | 舌头,胳膊 | 脖子 | 手臂 | 鼻子 | 嘴唇 | 肩膀 | 手掌 | 嘴巴 | 舌头 | 脸颊 | 手指 | 爪子 | 脑袋 | 腿 | 身子 | 耳朵 | 眼睛 | 胸膛 | 喉咙 | 手腕 | 眉毛 | 双手 | 嘴 | 肚子 | 膝盖 | 指头 | 脸 | 头发 | 把手 | 脚 | 腰 | 身躯 | 指甲 | 手脚 | 怀里 | 头顶 | 浑身 | 嗓子 | 拳头 | 抚摸 | 使劲 | 用力 | 尾巴 | 骨头 | 睁 | 鼻涕 | 眼 | 手 | 头 | 辫子 | 两手 | 皱 | 胡子 | 吻 | 身上 | 牙 | 拐杖 | 鲜血 | 耳光 | 一头,60.0,1.0,1.2411510884328377e-20,一头:1.000000 | 两手:1.000000 | 使劲:1.000000 | 双手:1.000000 | 吻:1.000000 | 喉咙:1.000000 | 嗓子:1.000000 | 嘴:1.000000 | 嘴唇:1.000000 | 嘴巴:1.000000 | 头:1.000000 | 头发:1.000000,
129,26,0.3613698211869976,0.06916179513323974,0.15384615384615385,劝告 | 劝说 | 催促 | 劝阻 | 告诫 | 敦促 | 请求 | 告知 | 命令 | 说服 | 警告 | 答应,质问 | 向 | 拒绝 | 事后 | 口头 | 答应 | 响应 | 告知,劝说 | 告诫 | 拒绝 | 事后 | 质问 | 督促 | 敦促 | 告知 | 听从 | 请求 | 响应 | 答应,劝告 | 劝说 | 催促 | 劝阻 | 告诫 | 敦促 | 请求 | 告知 | 命令 | 说服 | 警告 | 答应 | 听从 | 质问 | 督促 | 提醒 | 下令 | 拒绝 | 照办 | 指示 | 指令 | 通知 | 口头 | 响应 | 事后 | 向,26.0,1.0,1.333317346242466e-44,下令:1.000000 | 事后:1.000000 | 催促:1.000000 | 劝告:1.000000 | 劝说:1.000000 | 劝阻:1.000000 | 口头:1.000000 | 向:1.000000 | 听从:1.000000 | 告知:1.000000 | 告诫:1.000000 | 命令:1.000000,
130,50,0.33211783697586383,-0.00041181487055680984,0.56,回忆 | 往事 | 酸甜苦辣 | 辛酸 | 感触 | 泪水 | 艰辛 | 回味 | 难忘 | 岁月 | 感受 | 沧桑,喜悦 | 心情 | 思索 | 深深 | 一番 | 滋味 | 眼泪 | 心声,脑海 | 景象 | 酸甜苦辣 | 脚印 | 历程 | 心情 | 回忆录 | 回味 | 岁月 | 泪 | 故事 | 感触,回忆 | 往事 | 酸甜苦辣 | 辛酸 | 感触 | 泪水 | 艰辛 | 回味 | 难忘 | 岁月 | 感受 | 沧桑 | 体会 | 诉说 | 记忆 | 眼泪 | 历程 | 喜悦 | 滋味 | 心声 | 经历 | 心里话 | 故事 | 感想 | 回想 | 时光 | 泪 | 童年 | 风风雨雨 | 事迹 | 心情 | 汗水 | 伤痕 | 记忆犹新 | 足迹 | 思索 | 情景 | 写照 | 心血 | 脑海 | 回忆录 | 景象 | 脚印 | 可歌可泣 | 耳闻目睹 | 切身 | 了却 | 深深 | 洗礼 | 一番,50.0,1.0,3.5361760881433816e-23,一番:1.000000 | 了却:1.000000 | 事迹:1.000000 | 伤痕:1.000000 | 体会:1.000000 | 写照:1.000000 | 切身:1.000000 | 历程:1.000000 | 可歌可泣:1.000000 | 喜悦:1.000000 | 回味:1.000000 | 回忆:1.000000,
131,45,0.3460452426269063,0.06112993253175448,0.2,赶往 | 前往 | 赶赴 | 奔赴 | 起程 | 动身 | 赶到 | 离开 | 来到 | 返回 | 抵达 | 飞往,匆忙 | 下车 | 等候 | 趁 | 途中 | 一同 | 匆匆 | 乘,出山 | 回国 | 带领 | 途中 | 匆匆 | 趁 | 渡过 | 动身 | 连夜 | 赶往 | 下山 | 赴,赶往 | 前往 | 赶赴 | 奔赴 | 起程 | 动身 | 赶到 | 离开 | 来到 | 返回 | 抵达 | 飞往 | 直奔 | 踏上 | 回到 | 搭乘 | 赴 | 匆匆 | 路过 | 投奔 | 连夜 | 顺路 | 出走 | 回国 | 下山 | 下车 | 火速 | 独自 | 途中 | 重返 | 归来 | 出发 | 匆忙 | 乘 | 跟随 | 出山 | 送到 | 一同 | 中途 | 趁 | 半路 | 渡过 | 随 | 等候 | 带领,45.0,1.0,3.32367123411653e-34,一同:1.000000 | 下山:1.000000 | 下车:1.000000 | 中途:1.000000 | 乘:1.000000 | 出发:1.000000 | 出山:1.000000 | 出走:1.000000 | 前往:1.000000 | 动身:1.000000 | 匆匆:1.000000 | 匆忙:1.000000,
132,110,0.26571069889596205,0.010437555177962125,0.41818181818181815,月初 | 前不久 | 上个月 | 此前 | 年初 | 月底 | 下旬 | 近期 | 中旬 | 前天 | 今年 | 此后,首次 | 连续 | 大约 | 次日 | 进入 | 迟迟 | 晚间 | 刚,明年 | 其后 | 即将 | 年初 | 昨天 | 传闻 | 上周 | 月底 | 月初 | 月 | 此次 | 随后,月初 | 前不久 | 上个月 | 此前 | 年初 | 月底 | 下旬 | 近期 | 中旬 | 前天 | 今年 | 此后 | 昨天 | 前夕 | 日前 | 上旬 | 去年 | 近日 | 月份 | 上周 | 年底 | 随后 | 刚刚 | 不久 | 当天 | 最近 | 目前 | 以来 | 下个月 | 年前 | 前年 | 接下来 | 今天 | 之后 | 近来 | 日 | 今日 | 迄今 | 至此 | 明年 | 当日 | 其后 | 即将 | 过后 | 期间 | 此次 | 迄今为止 | 次日 | 月 | 后 | 晚间 | 稍后 | 眼下 | 前期 | 自从 | 同年 | 届时 | 明日 | 日后 | 前后 | 前 | 时隔 | 至今 | 后续 | 周 | 初 | 刚 | 临近 | 预计 | 今后 | 先前 | 继 | 上次 | 后期 | 据悉 | 初期 | 将要 | 年 | 后年 | 据 | 已 | 鉴于 | 连续 | 为期 | 历经 | 尚未 | 历时 | 早 | 将近 | 消息 | 总共 | 首次 | 报道 | 经过 | 纵观 | 一共 | 迎来 | 迟迟 | 末 | 期中 | 初步 | 多年 | 传闻 | 长达 | 其间 | 第二 | 进入 | 直至 | 大约 | 记者,109.96554248323856,0.9993117201416933,0.0004698439259910346,一共:1.000000 | 上个月:1.000000 | 上旬:1.000000 | 下个月:1.000000 | 下旬:1.000000 | 不久:1.000000 | 中旬:1.000000 | 临近:1.000000 | 为期:1.000000 | 今后:1.000000 | 今天:1.000000 | 今年:1.000000,以后:0.035449
133,36,0.4236613338292894,0.11486987566535552,0.08333333333333333,元宵节 | 节日 | 佳节 | 过年 | 春节 | 中秋节 | 新年 | 除夕 | 圣诞节 | 过节 | 元旦 | 端午节,喜糖 | 嫁妆 | 年夜饭 | 请客 | 礼 | 喜洋洋 | 婚礼 | 爆竹,国庆 | 嫁妆 | 过节 | 喜事 | 团圆 | 圣诞节 | 年夜饭 | 新年 | 过年 | 春节 | 请客 | 喜酒,元宵节 | 节日 | 佳节 | 过年 | 春节 | 中秋节 | 新年 | 除夕 | 圣诞节 | 过节 | 元旦 | 端午节 | 喜庆 | 拜年 | 清明节 | 年夜饭 | 团圆 | 送礼 | 礼物 | 生日 | 国庆 | 张灯结彩 | 礼品 | 农历 | 庙会 | 喜事 | 婚礼 | 喜酒 | 喜糖 | 请客 | 狂欢节 | 吉祥 | 喜洋洋 | 爆竹 | 礼 | 嫁妆,36.0,1.0,1.1510622701392987e-40,中秋节:1.000000 | 佳节:1.000000 | 元宵节:1.000000 | 元旦:1.000000 | 农历:1.000000 | 吉祥:1.000000 | 喜事:1.000000 | 喜庆:1.000000 | 喜洋洋:1.000000 | 喜糖:1.000000 | 喜酒:1.000000 | 团圆:1.000000,
134,54,0.29293886636191757,0.01876396280110916,0.3333333333333333,偏 | 平稳 | 弱 | 谨慎 | 乐观 | 稳健 | 略微 | 弱势 | 温和 | 清淡 | 相对 | 平淡,悲观 | 放松 | 平淡 | 比较 | 明朗 | 保守 | 短暂 | 接近,缓慢 | 乐观 | 宽松 | 韧性 | 向上 | 观望 | 短期 | 收敛 | 总体 | 略微 | 缩 | 短暂,偏 | 平稳 | 弱 | 谨慎 | 乐观 | 稳健 | 略微 | 弱势 | 温和 | 清淡 | 相对 | 平淡 | 缓慢 | 宽松 | 稳 | 悲观 | 中性 | 强势 | 稍 | 缓和 | 适度 | 紧 | 向上 | 维持 | 明朗 | 整体 | 略 | 总体 | 韧性 | 明显 | 偏向 | 比较 | 观望 | 收敛 | 不大 | 短期 | 低 | 保持 | 慢 | 平衡 | 保守 | 显 | 放松 | 缩 | 单边 | 短 | 弹性 | 强 | 有限 | 宏观 | 高 | 惯性 | 短暂 | 接近,53.99999999898826,0.999999999981264,7.875240132219178e-11,不大:1.000000 | 中性:1.000000 | 乐观:1.000000 | 低:1.000000 | 保守:1.000000 | 保持:1.000000 | 偏:1.000000 | 偏向:1.000000 | 单边:1.000000 | 向上:1.000000 | 宽松:1.000000 | 平淡:1.000000,
135,50,0.3048302696283295,0.034734327429523336,0.24,侦察 | 探测 | 导弹 | 观测 | 发射 | 飞行 | 作战 | 演习 | 监视 | 机动 | 测量 | 潜艇,作业 | 检验 | 队形 | 检测 | 测定 | 地质 | 战斗 | 实验,导弹 | 飞行 | 情报 | 检测 | 模拟 | 预报 | 监视 | 飞船 | 机动 | 直升机 | 隐身 | 无线电,侦察 | 探测 | 导弹 | 观测 | 发射 | 飞行 | 作战 | 演习 | 监视 | 机动 | 测量 | 潜艇 | 巡逻 | 卫星 | 演练 | 航行 | 试验 | 防卫 | 防御 | 战术 | 监测 | 无线电 | 飞船 | 坦克 | 指挥 | 预报 | 情报 | 火箭 | 防护 | 监控 | 战斗 | 检测 | 直升机 | 测试 | 空中 | 气象 | 武器 | 实验 | 测定 | 勘探 | 隐身 | 两栖 | 高空 | 模拟 | 调度 | 操控 | 地质 | 队形 | 作业 | 检验,49.999999999999815,0.9999999999999963,2.040672258598576e-14,两栖:1.000000 | 作业:1.000000 | 作战:1.000000 | 侦察:1.000000 | 勘探:1.000000 | 卫星:1.000000 | 发射:1.000000 | 地质:1.000000 | 坦克:1.000000 | 实验:1.000000 | 导弹:1.000000 | 巡逻:1.000000,
136,50,0.2846655644255209,-0.03374052059442278,0.86,师资 | 培训 | 民办 | 师范 | 教育 | 中小学 | 函授 | 私立 | 国学 | 工科 | 学院 | 办学,课堂 | 工科 | 新生 | 社区 | 知识 | 创业 | 培训班 | 科学,高等 | 函授 | 家政 | 成才 | 培训 | 中小学 | 励志 | 知识 | 职业 | 学院 | 专业 | 培训班,师资 | 培训 | 民办 | 师范 | 教育 | 中小学 | 函授 | 私立 | 国学 | 工科 | 学院 | 办学 | 家教 | 学堂 | 幼儿园 | 培训班 | 初等 | 家政 | 公立 | 课堂 | 培养 | 学术 | 夏令营 | 科普 | 启蒙 | 职业 | 科研 | 成才 | 社团 | 教育部 | 知识 | 少儿 | 初级 | 乡村 | 公益性 | 高等 | 专业 | 公益 | 人才 | 农村 | 文盲 | 励志 | 科学 | 社区 | 中级 | 创业 | 新生 | 受过 | 概论 | 地理,50.0,1.0,6.424087176292903e-17,专业:1.000000 | 中小学:1.000000 | 中级:1.000000 | 乡村:1.000000 | 人才:1.000000 | 公益:1.000000 | 公益性:1.000000 | 公立:1.000000 | 农村:1.000000 | 函授:1.000000 | 创业:1.000000 | 初等:1.000000,
137,65,0.3567707318319838,0.04031509458570708,0.26153846153846155,节目 | 电影 | 电视剧 | 播出 | 影片 | 纪录片 | 演出 | 剧 | 短片 | 播放 | 动画片 | 放映,音乐会 | 排练 | 舞台 | 剧目 | 演出 | 听众 | 场面 | 演唱会,听众 | 电影 | 卫视 | 动画片 | 场面 | 剧组 | 排练 | 剧本 | 纪录片 | 舞台 | 改编 | 转播,节目 | 电影 | 电视剧 | 播出 | 影片 | 纪录片 | 演出 | 剧 | 短片 | 播放 | 动画片 | 放映 | 录制 | 片子 | 动画 | 剧本 | 重播 | 连续剧 | 字幕 | 剧场 | 剧目 | 配音 | 电视台 | 转播 | 拍摄 | 剧情 | 上映 | 主题歌 | 演唱会 | 画面 | 片段 | 录音 | 视频 | 音乐会 | 收视率 | 录像 | 卫视 | 排练 | 直播 | 观众 | 专辑 | 演 | 剧组 | 播 | 唱片 | 广播 | 演播室 | 华语 | 收看 | 实况 | 搞笑 | 改编 | 银幕 | 解说 | 舞台 | 镜头 | 票房 | 电台 | 海报 | 游戏 | 情节 | 听众 | 场面 | 纪实 | 幕,65.00000001463485,0.9999999999862121,5.681785735851237e-11,上映:1.000000 | 专辑:1.000000 | 主题歌:1.000000 | 剧:1.000000 | 剧情:1.000000 | 剧本:1.000000 | 剧目:1.000000 | 剧组:1.000000 | 动画:1.000000 | 动画片:1.000000 | 华语:1.000000 | 听众:1.000000,
138,76,0.33895895992564484,0.01892231901739519,0.40789473684210525,人格 | 品德 | 审美 | 性格 | 思维 | 天性 | 修养 | 自尊 | 本性 | 观念 | 素养 | 自尊心,浮躁 | 情绪 | 言行 | 一言一行 | 冲动 | 性情 | 内心 | 分寸,风气 | 冲动 | 认知 | 眼光 | 主观 | 偏见 | 欲望 | 抱负 | 浮躁 | 素质 | 内心 | 潜能,人格 | 品德 | 审美 | 性格 | 思维 | 天性 | 修养 | 自尊 | 本性 | 观念 | 素养 | 自尊心 | 人性 | 认知 | 意识 | 道德 | 价值观 | 心态 | 性情 | 自信心 | 内心 | 思想 | 意志 | 欲望 | 品行 | 教养 | 眼界 | 直觉 | 素质 | 感性 | 阅历 | 人品 | 心理 | 心胸 | 头脑 | 自我 | 情绪 | 好奇心 | 理性 | 境界 | 信仰 | 本能 | 精神 | 言行 | 主观 | 眼光 | 伦理 | 偏见 | 身心 | 智商 | 领悟 | 美德 | 知觉 | 哲学 | 浮躁 | 耐性 | 名利 | 见识 | 内在 | 抱负 | 养成 | 冲动 | 熏陶 | 潜能 | 习惯 | 事物 | 嗅觉 | 智力 | 风气 | 分寸 | 喜好 | 一言一行 | 潜移默化 | 视野 | 圈子 | 得失,75.99983951360952,0.9999978879832447,3.884502534590788e-6,一言一行:1.000000 | 主观:1.000000 | 习惯:1.000000 | 事物:1.000000 | 人品:1.000000 | 人性:1.000000 | 人格:1.000000 | 伦理:1.000000 | 信仰:1.000000 | 修养:1.000000 | 偏见:1.000000 | 养成:1.000000,
139,38,0.3853395688921721,0.0772476800136811,0.05263157894736842,寒冷 | 潮湿 | 温度 | 湿度 | 凉爽 | 干燥 | 气温 | 水温 | 炎热 | 热气 | 湿润 | 高温,保暖 | 风浪 | 冷水 | 噪音 | 光线 | 海水 | 凉爽 | 大气,风力 | 灼热 | 冷水 | 雨水 | 零下 | 风浪 | 低温 | 干燥 | 海水 | 噪音 | 热水 | 温度,寒冷 | 潮湿 | 温度 | 湿度 | 凉爽 | 干燥 | 气温 | 水温 | 炎热 | 热气 | 湿润 | 高温 | 空气 | 摄氏度 | 低温 | 雨水 | 结冰 | 冷气 | 零下 | 热水 | 透气 | 灼热 | 通风 | 气候 | 刺骨 | 冷水 | 暖气 | 灰尘 | 海水 | 保暖 | 混浊 | 噪音 | 洁净 | 风力 | 噪声 | 光线 | 风浪 | 大气,38.0,1.0,3.0676230092549904e-30,低温:1.000000 | 保暖:1.000000 | 光线:1.000000 | 冷气:1.000000 | 冷水:1.000000 | 凉爽:1.000000 | 刺骨:1.000000 | 噪声:1.000000 | 噪音:1.000000 | 大气:1.000000 | 寒冷:1.000000 | 干燥:1.000000,
140,29,0.43035530300000296,0.11557369653578221,0.034482758620689655,神情 | 语气 | 神态 | 眼神 | 表情 | 笑容 | 神气 | 口气 | 模样 | 举止 | 脸色 | 言语,心肠 | 开场白 | 眼色 | 脸色 | 口音 | 笑声 | 微笑 | 声音,笑声 | 口音 | 话语 | 举止 | 言辞 | 样子 | 声音 | 开场白 | 神情 | 神态 | 口气 | 笑容,神情 | 语气 | 神态 | 眼神 | 表情 | 笑容 | 神气 | 口气 | 模样 | 举止 | 脸色 | 言语 | 声音 | 话语 | 笑脸 | 样子 | 微笑 | 言辞 | 姿态 | 眼色 | 笑声 | 态度 | 手势 | 架势 | 口音 | 心肠 | 动作 | 开场白 | 一举一动,29.0,1.0,2.2833344408031092e-45,一举一动:1.000000 | 举止:1.000000 | 动作:1.000000 | 口气:1.000000 | 口音:1.000000 | 声音:1.000000 | 姿态:1.000000 | 开场白:1.000000 | 微笑:1.000000 | 心肠:1.000000 | 态度:1.000000 | 手势:1.000000,
141,35,0.3259490444129723,0.0666638464405126,0.05714285714285714,取消 | 中止 | 终止 | 停止 | 废除 | 放弃 | 撤销 | 暂停 | 关闭 | 解除 | 中断 | 解散,强制 | 抛弃 | 退出 | 丧失 | 保留 | 失去 | 脱离 | 淘汰,淘汰 | 延长 | 无效 | 取消 | 删除 | 永久 | 关闭 | 退出 | 丧失 | 解散 | 抛弃 | 废除,取消 | 中止 | 终止 | 停止 | 废除 | 放弃 | 撤销 | 暂停 | 关闭 | 解除 | 中断 | 解散 | 终结 | 抛弃 | 退出 | 结束 | 删除 | 免除 | 禁止 | 搁置 | 恢复 | 延长 | 宣告 | 取代 | 丧失 | 推迟 | 取缔 | 失去 | 无效 | 强制 | 保留 | 淘汰 | 脱离 | 永久 | 改为,35.0,1.0,8.651385955580877e-34,丧失:1.000000 | 中断:1.000000 | 中止:1.000000 | 保留:1.000000 | 停止:1.000000 | 免除:1.000000 | 关闭:1.000000 | 删除:1.000000 | 取代:1.000000 | 取消:1.000000 | 取缔:1.000000 | 失去:1.000000,
142,83,0.2814983407544239,0.0004720246626254459,0.4819277108433735,燃料 | 燃气 | 设备 | 部件 | 煤气 | 零件 | 配件 | 发电 | 热水器 | 管道 | 电池 | 发电机,芯片 | 节水 | 仓库 | 空调 | 饮用水 | 汽车 | 电动 | 高压,照明 | 金属 | 高压 | 装备 | 汽车 | 玻璃 | 厂 | 供暖 | 铅 | 配件 | 太阳能 | 开采,燃料 | 燃气 | 设备 | 部件 | 煤气 | 零件 | 配件 | 发电 | 热水器 | 管道 | 电池 | 发电机 | 天然气 | 太阳能 | 阀门 | 电器 | 加工 | 水泥 | 机械 | 原材料 | 照明 | 装置 | 汽车 | 节能 | 尾气 | 轮胎 | 生产 | 电源 | 运输 | 清洁 | 家电 | 混凝土 | 装备 | 能耗 | 民用 | 材料 | 金属 | 非金属 | 仪表 | 空调 | 工厂 | 燃油 | 供暖 | 器材 | 煤 | 集装箱 | 设施 | 汽油 | 玻璃 | 建筑 | 排放 | 化纤 | 自来水 | 橡胶 | 节水 | 仪器 | 家用 | 采矿 | 成品 | 铝 | 光缆 | 饮用水 | 工程 | 开采 | 工序 | 厂 | 废物 | 公用 | 回收 | 核电站 | 车间 | 进口 | 芯片 | 仓库 | 铅 | 电动 | 出厂 | 取暖 | 窑 | 垃圾 | 出口 | 高压 | 质量,82.99997328614454,0.9999996769239364,7.459182748183208e-7,仓库:1.000000 | 仪器:1.000000 | 仪表:1.000000 | 供暖:1.000000 | 出厂:1.000000 | 加工:1.000000 | 化纤:1.000000 | 厂:1.000000 | 原材料:1.000000 | 发电:1.000000 | 发电机:1.000000 | 取暖:1.000000,
143,43,0.3081527244246222,-0.0038722372983906344,0.5581395348837209,打工 | 挣钱 | 做生意 | 谋生 | 上学 | 经商 | 治病 | 赚钱 | 求学 | 看病 | 修车 | 发财,伙食 | 城里 | 治病 | 求学 | 看病 | 流浪 | 家务 | 倾家荡产,苦力 | 参军 | 城里 | 下乡 | 一技之长 | 赚钱 | 修车 | 发财 | 炒股 | 经商 | 看病 | 外出,打工 | 挣钱 | 做生意 | 谋生 | 上学 | 经商 | 治病 | 赚钱 | 求学 | 看病 | 修车 | 发财 | 修路 | 吃苦 | 勤工俭学 | 过日子 | 外出 | 理发 | 乞讨 | 致富 | 门路 | 一技之长 | 苦力 | 家务 | 城里 | 下海 | 下岗 | 拍戏 | 办事 | 搬家 | 炒股 | 下乡 | 废品 | 生意 | 外地 | 节衣缩食 | 参军 | 倾家荡产 | 取经 | 流浪 | 衣食住行 | 伙食 | 办,43.0,1.0,7.402301084084515e-23,一技之长:1.000000 | 上学:1.000000 | 下乡:1.000000 | 下岗:1.000000 | 下海:1.000000 | 乞讨:1.000000 | 伙食:1.000000 | 修路:1.000000 | 修车:1.000000 | 倾家荡产:1.000000 | 做生意:1.000000 | 办:1.000000,
144,24,0.42272030975860025,0.09901314484138835,0.08333333333333333,外形 | 造型 | 线条 | 外貌 | 形状 | 外观 | 外表 | 花纹 | 身材 | 轮廓 | 装扮 | 长相,款式 | 容颜 | 修长 | 打扮 | 衬托 | 发型 | 棱角 | 颜色,颜色 | 容颜 | 搭配 | 修长 | 造型 | 发型 | 打扮 | 衬托 | 轮廓 | 身材 | 花纹 | 质地,外形 | 造型 | 线条 | 外貌 | 形状 | 外观 | 外表 | 花纹 | 身材 | 轮廓 | 装扮 | 长相 | 发型 | 颜色 | 修长 | 图案 | 款式 | 酷似 | 打扮 | 搭配 | 容颜 | 棱角 | 质地 | 衬托,24.0,1.0,1.7226436197368172e-51,修长:1.000000 | 发型:1.000000 | 图案:1.000000 | 外形:1.000000 | 外表:1.000000 | 外观:1.000000 | 外貌:1.000000 | 容颜:1.000000 | 形状:1.000000 | 打扮:1.000000 | 搭配:1.000000 | 棱角:1.000000,
145,66,0.3120911915889964,0.04803523043016874,0.18181818181818182,设立 | 制定 | 制订 | 组建 | 开展 | 开办 | 举办 | 成立 | 建立 | 推出 | 拟定 | 颁布,管辖 | 从事 | 宣布 | 部署 | 引进 | 专门 | 开辟 | 征集,主办 | 拟 | 兴建 | 开通 | 计划 | 开展 | 开设 | 开辟 | 举办 | 联合 | 策划 | 试行,设立 | 制定 | 制订 | 组建 | 开展 | 开办 | 举办 | 成立 | 建立 | 推出 | 拟定 | 颁布 | 实施 | 签署 | 出台 | 兴建 | 开设 | 召开 | 签订 | 启动 | 推行 | 创建 | 起草 | 建成 | 订立 | 实行 | 开通 | 发布 | 筹备 | 发起 | 主办 | 试行 | 承办 | 确立 | 筹划 | 公布 | 开辟 | 宣布 | 筹办 | 牵头 | 施行 | 引入 | 试点 | 动工 | 完成 | 联合 | 出资 | 引进 | 规划 | 正式 | 计划 | 拟 | 设 | 酝酿 | 参与 | 纳入 | 列入 | 部署 | 首批 | 落户 | 策划 | 获悉 | 专门 | 征集 | 从事 | 管辖,65.99999644971592,0.9999999462077117,1.3768866180410063e-7,专门:1.000000 | 主办:1.000000 | 从事:1.000000 | 兴建:1.000000 | 出台:1.000000 | 出资:1.000000 | 创建:1.000000 | 制定:1.000000 | 制订:1.000000 | 动工:1.000000 | 参与:1.000000 | 发起:1.000000,
146,42,0.28241441813037965,-0.042366752079420575,0.8571428571428571,退缩 | 退却 | 气馁 | 退让 | 醒悟 | 死心 | 袖手旁观 | 犹豫不决 | 忍耐 | 察觉 | 怠慢 | 脱身,气馁 | 预感 | 逞强 | 振作 | 忍耐 | 冒险 | 对待 | 旁观,下手 | 察觉 | 振作 | 克制 | 动摇 | 化险为夷 | 对待 | 退却 | 顺其自然 | 回避 | 袖手旁观 | 奏效,退缩 | 退却 | 气馁 | 退让 | 醒悟 | 死心 | 袖手旁观 | 犹豫不决 | 忍耐 | 察觉 | 怠慢 | 脱身 | 罢休 | 戒备 | 振作 | 动摇 | 克制 | 提防 | 旁观 | 得手 | 胸有成竹 | 化险为夷 | 逞强 | 改邪归正 | 奏效 | 警惕 | 试探 | 追赶 | 下手 | 无济于事 | 守株待兔 | 关头 | 出手 | 预感 | 回避 | 追随 | 冒险 | 亡羊补牢 | 防守 | 对待 | 顺其自然 | 之下,42.0,1.0,1.4098540894493306e-26,下手:1.000000 | 之下:1.000000 | 亡羊补牢:1.000000 | 克制:1.000000 | 关头:1.000000 | 冒险:1.000000 | 出手:1.000000 | 动摇:1.000000 | 化险为夷:1.000000 | 回避:1.000000 | 奏效:1.000000 | 守株待兔:1.000000,
147,84,0.3030447521566516,0.0466633869719931,0.21428571428571427,主任 | 院长 | 总经理 | 总裁 | 秘书 | 总监 | 处长 | 秘书长 | 局长 | 部长 | 顾问 | 董事长,本人 | 伙伴 | 学士 | 前任 | 管家 | 女士 | 人事 | 特邀,校长 | 发起人 | 一把手 | 参谋 | 主管 | 资深 | 事务 | 带头人 | 本人 | 事务所 | 协会 | 总经理,主任 | 院长 | 总经理 | 总裁 | 秘书 | 总监 | 处长 | 秘书长 | 局长 | 部长 | 顾问 | 董事长 | 助理 | 委员 | 校长 | 组长 | 负责人 | 教授 | 会长 | 书记 | 理事 | 司长 | 所长 | 主席 | 主管 | 团长 | 董事 | 经理 | 首席 | 博士 | 工程师 | 厂长 | 队长 | 市长 | 导师 | 领队 | 领导 | 发言人 | 院士 | 大使 | 委员会 | 官 | 大臣 | 司令 | 成员 | 创始人 | 资深 | 主编 | 专家 | 元老 | 参谋 | 律师 | 先生 | 员 | 前任 | 董事会 | 特邀 | 高级 | 带头人 | 人士 | 一把手 | 同志 | 建筑师 | 事务 | 女士 | 研究所 | 总部 | 高层 | 助手 | 学士 | 发起人 | 协会 | 舵手 | 评论员 | 公关 | 事务所 | 下属 | 管家 | 人事 | 代理人 | 驻 | 领军 | 伙伴 | 本人,84.0000001266601,0.999999999999426,2.7578508244859364e-12,一把手:1.000000 | 下属:1.000000 | 专家:1.000000 | 主任:1.000000 | 主席:1.000000 | 主管:1.000000 | 主编:1.000000 | 书记:1.000000 | 事务:1.000000 | 事务所:1.000000 | 人事:1.000000 | 代理人:1.000000,
148,63,0.402642218130863,0.10535358971726311,0.07936507936507936,晚上 | 早上 | 下班 | 中午 | 早晨 | 晚饭 | 夜里 | 午饭 | 傍晚 | 起床 | 半夜 | 下午,开学 | 初一 | 在家 | 假期 | 节假日 | 暑假 | 晚点 | 开会,工作日 | 当晚 | 出门 | 早晨 | 晚 | 傍晚 | 出差 | 早饭 | 节假日 | 往常 | 上午 | 照常,晚上 | 早上 | 下班 | 中午 | 早晨 | 晚饭 | 夜里 | 午饭 | 傍晚 | 起床 | 半夜 | 下午 | 早饭 | 星期天 | 深夜 | 清晨 | 睡觉 | 放学 | 上班 | 一早 | 午睡 | 一大早 | 上午 | 白天 | 回家 | 凌晨 | 周末 | 放假 | 夜班 | 加班 | 星期日 | 通宵 | 寒假 | 出门 | 请假 | 休息 | 熬夜 | 星期 | 晚 | 明天 | 开夜车 | 假期 | 暑假 | 节假日 | 准时 | 下课 | 当晚 | 天 | 休假 | 在家 | 出差 | 礼拜 | 工作日 | 晚点 | 开学 | 开会 | 照常 | 夜 | 值班 | 往常 | 迟到 | 初一 | 小时,62.99999994965037,0.9999999992007996,2.7868775925432694e-9,一大早:1.000000 | 一早:1.000000 | 上班:1.000000 | 下班:1.000000 | 下课:1.000000 | 中午:1.000000 | 休假:1.000000 | 休息:1.000000 | 值班:1.000000 | 假期:1.000000 | 傍晚:1.000000 | 准时:1.000000,
149,80,0.45192148341044475,0.0941054902745441,0.0625,酸奶 | 牛奶 | 饼干 | 果汁 | 橙汁 | 薯片 | 水果 | 果酱 | 豆浆 | 米饭 | 薯条 | 蜂蜜,粥 | 菜 | 土豆 | 辣椒 | 番茄 | 西红柿 | 调料 | 香油,奶 | 酱 | 馒头 | 葡萄酒 | 果酱 | 蛋糕 | 盒饭 | 口香糖 | 面粉 | 红茶 | 水果 | 薯片,酸奶 | 牛奶 | 饼干 | 果汁 | 橙汁 | 薯片 | 水果 | 果酱 | 豆浆 | 米饭 | 薯条 | 蜂蜜 | 香肠 | 罐头 | 面包 | 饮料 | 豆腐 | 巧克力 | 红茶 | 饼 | 酱油 | 奶茶 | 酱 | 芝士 | 西红柿 | 咖啡 | 红酒 | 饺子 | 汽水 | 豆制品 | 砂糖 | 面粉 | 醋 | 馒头 | 糖果 | 香蕉 | 包子 | 零食 | 辣椒 | 汤圆 | 粥 | 鸡蛋 | 方便面 | 香油 | 调料 | 月饼 | 火腿 | 糖 | 可乐 | 蔬菜 | 啤酒 | 绿茶 | 菜 | 茶叶 | 食物 | 土豆 | 茶 | 奶 | 大米 | 食品 | 冰棍儿 | 矿泉水 | 粽子 | 番茄 | 味精 | 葡萄酒 | 香料 | 口香糖 | 三明治 | 蛋糕 | 酒 | 盒饭 | 纯净水 | 食用 | 奶粉 | 乳制品 | 淀粉 | 牙膏 | 瓜子 | 特产,80.00000001420949,0.9999999999660242,1.3288969625958977e-10,三明治:1.000000 | 乳制品:1.000000 | 冰棍儿:1.000000 | 包子:1.000000 | 口香糖:1.000000 | 可乐:1.000000 | 味精:1.000000 | 咖啡:1.000000 | 啤酒:1.000000 | 土豆:1.000000 | 大米:1.000000 | 奶:1.000000,
150,45,0.33049668242585656,0.023055203970038407,0.26666666666666666,整天 | 成天 | 常常 | 一天到晚 | 从早到晚 | 时常 | 经常 | 到处 | 不停 | 日复一日 | 时不时 | 日夜,忍饥挨饿 | 一边 | 争先恐后 | 默默无闻 | 东奔西走 | 一连 | 默默 | 们,一连 | 日夜 | 成群结队 | 常 | 争先恐后 | 四面八方 | 经常 | 总是 | 风餐露宿 | 一面 | 遍地 | 有时,整天 | 成天 | 常常 | 一天到晚 | 从早到晚 | 时常 | 经常 | 到处 | 不停 | 日复一日 | 时不时 | 日夜 | 一年到头 | 夜以继日 | 时时 | 彻夜 | 成群结队 | 四处 | 忍饥挨饿 | 一边 | 总是 | 处处 | 东奔西走 | 有时 | 时而 | 风餐露宿 | 川流不息 | 常年 | 遍地 | 挨家挨户 | 昼夜 | 默默 | 四面八方 | 轮流 | 争先恐后 | 大街小巷 | 成千上万 | 无数 | 常 | 一连 | 一面 | 们 | 前赴后继 | 千军万马 | 默默无闻,45.0,1.0,1.2320126457161296e-19,一天到晚:1.000000 | 一年到头:1.000000 | 一边:1.000000 | 一连:1.000000 | 一面:1.000000 | 不停:1.000000 | 东奔西走:1.000000 | 争先恐后:1.000000 | 从早到晚:1.000000 | 们:1.000000 | 到处:1.000000 | 前赴后继:1.000000,
151,90,0.32521341076579363,0.023153363615675996,0.32222222222222224,学生 | 士兵 | 妇女 | 民工 | 大学生 | 工人 | 小学生 | 教师 | 警察 | 官兵 | 留学生 | 军人,运动员 | 乡亲 | 友人 | 男士 | 主妇 | 车主 | 家长 | 小朋友,华裔 | 宇航员 | 医务 | 民警 | 留学生 | 警官 | 船员 | 官兵 | 网民 | 学生 | 子弟 | 义工,学生 | 士兵 | 妇女 | 民工 | 大学生 | 工人 | 小学生 | 教师 | 警察 | 官兵 | 留学生 | 军人 | 女生 | 青年 | 中学生 | 职员 | 学员 | 战士 | 市民 | 师生 | 军官 | 农民 | 民众 | 队员 | 学子 | 小朋友 | 护士 | 渔民 | 服务员 | 船员 | 职工 | 群众 | 男生 | 囚犯 | 员工 | 农民工 | 家长 | 雇员 | 小贩 | 居民 | 少女 | 警官 | 清洁工 | 民警 | 志愿者 | 运动员 | 乡亲 | 医务 | 路人 | 客人 | 平民 | 华侨 | 商贩 | 牧民 | 少年 | 僧人 | 女子 | 球迷 | 男子 | 乞丐 | 男士 | 网民 | 上班族 | 男女 | 飞行员 | 水手 | 法官 | 团员 | 白领 | 友人 | 车主 | 主妇 | 售货员 | 义工 | 华人 | 导游 | 华裔 | 同胞 | 子弟 | 网友 | 股民 | 雇主 | 保安 | 外籍 | 人群 | 宇航员 | 航天员 | 船长 | 名 | 街头,89.99999986894093,0.9999999985349802,4.683208935859056e-9,上班族:1.000000 | 中学生:1.000000 | 主妇:1.000000 | 义工:1.000000 | 乞丐:1.000000 | 乡亲:1.000000 | 人群:1.000000 | 保安:1.000000 | 僧人:1.000000 | 军官:1.000000 | 农民:1.000000 | 农民工:1.000000,
152,74,0.2512763173366675,-0.02227043945288013,0.7027027027027027,繁荣 | 前进 | 复兴 | 崛起 | 迈进 | 辉煌 | 变革 | 进步 | 富强 | 根基 | 欣欣向荣 | 现代化,脉搏 | 曙光 | 双赢 | 发扬光大 | 生机 | 接轨 | 桥梁 | 实践,共同体 | 昌盛 | 日新月异 | 鹏程万里 | 长征 | 转折 | 成长 | 革命 | 文明 | 半边天 | 变迁 | 变革,繁荣 | 前进 | 复兴 | 崛起 | 迈进 | 辉煌 | 变革 | 进步 | 富强 | 根基 | 欣欣向荣 | 现代化 | 机遇 | 生机 | 昌盛 | 硕果 | 缩影 | 振兴 | 飞跃 | 源泉 | 改革开放 | 与时俱进 | 蓝图 | 典范 | 实践 | 生命线 | 跨越 | 日新月异 | 里程碑 | 社会主义 | 变迁 | 转折 | 发扬光大 | 软实力 | 纵深 | 时代 | 纽带 | 堡垒 | 支柱 | 向前 | 摇篮 | 起点 | 转折点 | 长远 | 曙光 | 成长 | 共同体 | 鹏程万里 | 扎根 | 革命 | 起步 | 脉搏 | 市场经济 | 文明 | 大有可为 | 前沿 | 双赢 | 千家万户 | 大家庭 | 接轨 | 小康 | 萌芽 | 世纪 | 边疆 | 桥梁 | 半边天 | 智慧 | 历史 | 家园 | 当务之急 | 步入 | 铺路 | 长征 | 所在,73.99609629200327,0.9999470697576713,0.00006539607370472227,与时俱进:1.000000 | 典范:1.000000 | 前进:1.000000 | 千家万户:1.000000 | 半边天:1.000000 | 历史:1.000000 | 双赢:1.000000 | 发扬光大:1.000000 | 变迁:1.000000 | 变革:1.000000 | 向前:1.000000 | 堡垒:1.000000,
153,82,0.3144727963026664,0.0532753674546372,0.0975609756097561,利息 | 缴纳 | 退休金 | 交纳 | 学费 | 返还 | 房租 | 减免 | 手续费 | 租金 | 工资 | 税收,买卖 | 学费 | 资助 | 流转 | 住房 | 激励 | 承包 | 无偿,高额 | 发放 | 劳务 | 账户 | 生活费 | 关税 | 抚养费 | 债务 | 罚款 | 抵押 | 工资 | 现金,利息 | 缴纳 | 退休金 | 交纳 | 学费 | 返还 | 房租 | 减免 | 手续费 | 租金 | 工资 | 税收 | 补助 | 补贴 | 管理费 | 抚养费 | 生活费 | 缴费 | 还款 | 款项 | 支付 | 贷款 | 数额 | 报酬 | 押金 | 奖金 | 定金 | 纳税 | 征收 | 收取 | 偿还 | 拖欠 | 赔偿 | 补偿 | 报销 | 交费 | 缴 | 公积金 | 津贴 | 扣除 | 拨款 | 高额 | 差额 | 现金 | 收费 | 收支 | 债务 | 养老金 | 奖励 | 财政 | 担保 | 罚款 | 抵押 | 分红 | 存款 | 巨额 | 税 | 储蓄 | 资助 | 劳务 | 关税 | 发放 | 账户 | 外币 | 增收 | 纳税人 | 账 | 增值 | 多劳多得 | 住房 | 分配 | 拆迁 | 一次性 | 无偿 | 到期 | 承包 | 回报 | 多元 | 年限 | 流转 | 激励 | 买卖,81.99995803643178,0.9999992882879822,1.554473061757477e-6,一次性:1.000000 | 买卖:1.000000 | 交纳:1.000000 | 交费:1.000000 | 住房:1.000000 | 偿还:1.000000 | 关税:1.000000 | 减免:1.000000 | 分配:1.000000 | 发放:1.000000 | 回报:1.000000 | 增值:1.000000,
154,88,0.18868327594430975,-0.04469492380837781,0.8522727272727273,八 | 七 | 六 | 五 | 九 | 四 | 群 | 十 | 三 | 条 | 章 | 组,田 | 许 | 少林寺 | 龙 | 塔 | 副 | 兵 | 堂,〇 | 队 | 段 | 番 | 二 | 百 | 团 | 群 | 代 | 原 | 罗 | 位,八 | 七 | 六 | 五 | 九 | 四 | 群 | 十 | 三 | 条 | 章 | 组 | 台 | 排 | 马 | 二 | 百 | 丁 | 列 | 代 | 位 | 方 | 节 | 圈 | 片 | 段 | 队 | 宗 | 甲 | 首 | 支 | 匹 | 番 | 部 | 集 | 千 | 龙 | 文 | 院 | 档 | 局 | 团 | 特 | 堂 | 号 | 阵 | 席 | 万 | 家 | 双 | 公 | 井 | 兵 | 塔 | 田 | 卷 | 洋 | 乙 | 立方 | 瓦 | 余 | 科 | 法 | 克 | 标 | 副 | 社 | 罗 | 主 | 风云 | 图 | 第 | 晚报 | 零 | 全 | 界 | 注 | 合伙 | 日报 | 栏 | 〇 | 北京 | 核 | 成 | 许 | 原 | 少林寺 | 起,88.00644384508715,0.9999976362316283,4.804386196412901e-6,〇:1.000000 | 丁:1.000000 | 主:1.000000 | 代:1.000000 | 位:1.000000 | 克:1.000000 | 全:1.000000 | 兵:1.000000 | 列:1.000000 | 副:1.000000 | 匹:1.000000 | 千:1.000000,
155,45,0.2978823600071673,-0.010217694255951435,0.6666666666666666,害 | 怨 | 毁 | 冤 | 死 | 得罪 | 贪 | 祸害 | 恶 | 凶 | 伤 | 忘,恶 | 凶 | 赖 | 揭 | 怨 | 垮 | 治 | 忍,灭 | 判 | 罪 | 淹 | 避 | 败 | 贪 | 罚 | 乱 | 忘 | 命 | 错,害 | 怨 | 毁 | 冤 | 死 | 得罪 | 贪 | 祸害 | 恶 | 凶 | 伤 | 忘 | 命 | 错 | 灭 | 败 | 仇 | 忍 | 坏 | 惹 | 犯 | 淹 | 劫 | 瞒 | 误 | 罪 | 判 | 乱 | 饶 | 避 | 罚 | 损 | 宰 | 删 | 告 | 要害 | 治 | 垮 | 坑 | 赖 | 揭 | 牢 | 防 | 尽 | 关,45.0,1.0,1.3038439785492517e-16,乱:1.000000 | 仇:1.000000 | 伤:1.000000 | 关:1.000000 | 冤:1.000000 | 凶:1.000000 | 删:1.000000 | 判:1.000000 | 劫:1.000000 | 告:1.000000 | 命:1.000000 | 坏:1.000000,
156,24,0.38650041439136285,0.1367446970425389,0.041666666666666664,屡次 | 频频 | 接连 | 多次 | 一再 | 相继 | 再度 | 纷纷 | 再次 | 先后 | 屡 | 曾,继而 | 不约而同 | 不时 | 无不 | 反复 | 从未 | 竞相 | 曾经,继而 | 一再 | 屡次 | 陆续 | 无不 | 屡 | 多次 | 从未 | 纷纷 | 再次 | 曾 | 竞相,屡次 | 频频 | 接连 | 多次 | 一再 | 相继 | 再度 | 纷纷 | 再次 | 先后 | 屡 | 曾 | 接二连三 | 不断 | 陆续 | 不时 | 曾经 | 竞相 | 一度 | 从未 | 不约而同 | 反复 | 无不 | 继而,24.0,1.0,1.589830259750741e-38,一再:1.000000 | 一度:1.000000 | 不断:1.000000 | 不时:1.000000 | 不约而同:1.000000 | 从未:1.000000 | 先后:1.000000 | 再度:1.000000 | 再次:1.000000 | 反复:1.000000 | 多次:1.000000 | 屡:1.000000,
157,54,0.4930103053469607,0.21563442259036503,0.018518518518518517,衬衣 | 衬衫 | 大衣 | 外套 | 裤子 | 毛衣 | 上衣 | 裙子 | 袜子 | 短裤 | 衣服 | 围巾,钢笔 | 沐浴露 | 铅笔 | 毯子 | 牌子 | 书包 | 球拍 | 睡袋,背包 | 裤子 | 球鞋 | 外套 | 毯子 | 制服 | 背心 | 戴 | 袜子 | 钢笔 | 衣服 | 西装,衬衣 | 衬衫 | 大衣 | 外套 | 裤子 | 毛衣 | 上衣 | 裙子 | 袜子 | 短裤 | 衣服 | 围巾 | 牛仔裤 | 西装 | 拖鞋 | 鞋 | 皮鞋 | 凉鞋 | 领带 | 羽绒服 | 球鞋 | 背心 | 雨衣 | 内衣 | 穿着 | 手套 | 礼服 | 毛巾 | 旗袍 | 高跟鞋 | 毯子 | 帽子 | 皮包 | 穿 | 靴子 | 睡袋 | 手帕 | 项链 | 书包 | 口罩 | 纽扣 | 外衣 | 制服 | 背包 | 眼镜 | 绷带 | 铅笔 | 戴 | 戒指 | 沐浴露 | 球拍 | 钢笔 | 一身 | 牌子,54.0,1.0,2.2062442729945278e-32,一身:1.000000 | 上衣:1.000000 | 书包:1.000000 | 内衣:1.000000 | 凉鞋:1.000000 | 制服:1.000000 | 口罩:1.000000 | 围巾:1.000000 | 外套:1.000000 | 外衣:1.000000 | 大衣:1.000000 | 帽子:1.000000,
158,42,0.3279265931963194,0.03587053103093594,0.19047619047619047,挣 | 赚 | 买 | 钱 | 掏 | 掏钱 | 赔钱 | 攒 | 卖 | 零花钱 | 便宜 | 拿,算 | 拼 | 掏 | 手头 | 靠 | 省事 | 捐 | 出头,赔 | 白白 | 贵 | 钱 | 值钱 | 多 | 舍得 | 剩 | 买 | 便宜 | 拿走 | 攒,挣 | 赚 | 买 | 钱 | 掏 | 掏钱 | 赔钱 | 攒 | 卖 | 零花钱 | 便宜 | 拿 | 不值 | 值钱 | 价钱 | 省钱 | 花 | 赔 | 买不起 | 拿走 | 少 | 划算 | 亏本 | 捐 | 贵 | 私房钱 | 剩 | 欠 | 拿出 | 缺 | 亏 | 拿到 | 省事 | 算 | 白白 | 拼 | 舍得 | 手头 | 输 | 多 | 出头 | 靠,42.0,1.0,4.668956245365441e-17,不值:1.000000 | 买:1.000000 | 买不起:1.000000 | 亏:1.000000 | 亏本:1.000000 | 价钱:1.000000 | 便宜:1.000000 | 值钱:1.000000 | 出头:1.000000 | 划算:1.000000 | 剩:1.000000 | 卖:1.000000,
159,44,0.33847217680865715,0.02092929746689036,0.4090909090909091,白色 | 翠绿 | 碧绿 | 晶莹 | 黄色 | 鲜艳 | 蓝色 | 红色 | 五颜六色 | 花瓣 | 光泽 | 圆形,大片 | 桃花 | 坚硬 | 树叶 | 牡丹 | 梅花 | 灯笼 | 背面,灰色 | 光泽 | 朵 | 背面 | 绿色 | 碧绿 | 金子 | 黑白 | 裸露 | 荧光 | 贝壳 | 水晶,白色 | 翠绿 | 碧绿 | 晶莹 | 黄色 | 鲜艳 | 蓝色 | 红色 | 五颜六色 | 花瓣 | 光泽 | 圆形 | 黑色 | 灰色 | 彩色 | 斑点 | 光滑 | 树叶 | 宝石 | 珍珠 | 朱红 | 镶嵌 | 点缀 | 坚硬 | 布满 | 玫瑰 | 贝壳 | 荧光 | 绿色 | 灯笼 | 水晶 | 发光 | 黑白 | 鲜花 | 背面 | 桃花 | 牡丹 | 朵 | 人造 | 金子 | 裸露 | 梅花 | 海绵 | 大片,44.0,1.0,2.910965459178406e-20,五颜六色:1.000000 | 人造:1.000000 | 光泽:1.000000 | 光滑:1.000000 | 发光:1.000000 | 圆形:1.000000 | 坚硬:1.000000 | 大片:1.000000 | 宝石:1.000000 | 布满:1.000000 | 彩色:1.000000 | 斑点:1.000000,
160,61,0.377050087717346,0.06956786163905523,0.04918032786885246,忽然 | 猛然 | 顿时 | 急忙 | 连忙 | 立刻 | 赶忙 | 突然 | 慌忙 | 不由得 | 随即 | 一下子,心里 | 连滚带爬 | 张扬 | 下意识 | 一口气 | 一阵 | 此刻 | 好似,骤然 | 只见 | 情不自禁 | 不禁 | 立刻 | 一瞬间 | 眼看 | 一口气 | 此时 | 忍不住 | 顿时 | 仿佛,忽然 | 猛然 | 顿时 | 急忙 | 连忙 | 立刻 | 赶忙 | 突然 | 慌忙 | 不由得 | 随即 | 一下子 | 不禁 | 赶紧 | 忍不住 | 马上 | 不一会儿 | 情不自禁 | 禁不住 | 便 | 不由自主 | 一瞬间 | 缓缓 | 当即 | 渐渐 | 悄悄 | 这时 | 仿佛 | 立即 | 一刹那 | 下意识 | 骤然 | 转眼 | 瞬间 | 接着 | 灵机一动 | 不知不觉 | 然后 | 此刻 | 终于 | 只见 | 紧接着 | 连滚带爬 | 于是 | 竟 | 此时 | 不料 | 好似 | 一阵 | 一齐 | 心里 | 不经意 | 稍稍 | 隐约 | 快要 | 眼看 | 一口气 | 当场 | 赫然 | 徐徐 | 张扬,61.00000019878711,0.9999999999991397,4.0277624123097646e-12,一下子:1.000000 | 一刹那:1.000000 | 一口气:1.000000 | 一瞬间:1.000000 | 一阵:1.000000 | 一齐:1.000000 | 下意识:1.000000 | 不料:1.000000 | 不由得:1.000000 | 不由自主:1.000000 | 不知不觉:1.000000 | 不禁:1.000000,
161,63,0.3292449939589026,0.043203695020497895,0.2222222222222222,诈骗 | 贿赂 | 违法 | 假冒 | 欺诈 | 敲诈 | 贪污 | 受贿 | 非法 | 盗窃 | 走私 | 违规,恶性 | 黑心 | 过期 | 可疑 | 敲诈 | 财物 | 骗子 | 恶意,不正之风 | 恶性 | 黑客 | 造假 | 违规 | 可疑 | 违法 | 非法 | 查出 | 敲诈 | 伪造 | 机密,诈骗 | 贿赂 | 违法 | 假冒 | 欺诈 | 敲诈 | 贪污 | 受贿 | 非法 | 盗窃 | 走私 | 违规 | 犯罪 | 倒卖 | 造假 | 作弊 | 涉嫌 | 伪造 | 虚假 | 回扣 | 弄虚作假 | 盗版 | 查处 | 内幕 | 泄密 | 恶意 | 腐败 | 公款 | 赌博 | 侵权 | 骗子 | 钱财 | 泄露 | 毒品 | 暴利 | 违章 | 嫌疑 | 劣质 | 举报 | 丑闻 | 集资 | 黑心 | 谣言 | 不正之风 | 财物 | 受骗 | 假 | 漏洞 | 黑客 | 查出 | 恶性 | 炒作 | 水货 | 投机 | 兴奋剂 | 可疑 | 倾销 | 过期 | 垄断 | 超标 | 机密 | 隐私 | 不良,62.999999912307246,0.9999999986080516,4.5316994747275435e-9,不正之风:1.000000 | 不良:1.000000 | 丑闻:1.000000 | 举报:1.000000 | 伪造:1.000000 | 作弊:1.000000 | 倒卖:1.000000 | 倾销:1.000000 | 假:1.000000 | 假冒:1.000000 | 公款:1.000000 | 兴奋剂:1.000000,
162,89,0.2904166731301209,0.017788164101823267,0.34831460674157305,审查 | 裁定 | 申请 | 裁决 | 受理 | 审核 | 判决 | 审批 | 驳回 | 公示 | 起诉 | 批准,判处 | 追究 | 签字 | 通告 | 修订 | 承诺 | 冻结 | 协议书,协议书 | 公告 | 合同 | 驳回 | 提交 | 声明 | 达标 | 原告 | 冻结 | 通知书 | 许可证 | 评估,审查 | 裁定 | 申请 | 裁决 | 受理 | 审核 | 判决 | 审批 | 驳回 | 公示 | 起诉 | 批准 | 登记 | 认定 | 提交 | 处罚 | 上诉 | 办理 | 法院 | 申报 | 核实 | 不予 | 手续 | 依法 | 公证 | 许可证 | 吊销 | 许可 | 出具 | 通知书 | 评审 | 上报 | 复查 | 验收 | 异议 | 案件 | 原告 | 审定 | 评估 | 申领 | 被告 | 生效 | 索赔 | 表决 | 鉴定 | 确认 | 变更 | 签字 | 书面 | 通报 | 评定 | 认证 | 公告 | 授权 | 执照 | 协议书 | 当事人 | 调查 | 处分 | 逾期 | 注册 | 披露 | 投诉 | 查明 | 转让 | 追究 | 申办 | 合同 | 判处 | 修订 | 移交 | 延期 | 商标 | 通告 | 冻结 | 合格 | 公开 | 承诺 | 未经 | 违约 | 招标 | 声明 | 有效期 | 保密 | 拍卖 | 执行 | 达标 | 会计 | 经,88.99998904022223,0.9999998710388874,3.0532873115294905e-7,上报:1.000000 | 上诉:1.000000 | 不予:1.000000 | 书面:1.000000 | 依法:1.000000 | 保密:1.000000 | 修订:1.000000 | 公开:1.000000 | 公示:1.000000 | 冻结:1.000000 | 出具:1.000000 | 判决:1.000000,
163,86,0.2988301642238926,0.03143293089590047,0.38372093023255816,北部 | 南部 | 沿岸 | 东部 | 海岸 | 东南 | 山区 | 市区 | 中部 | 沿海 | 西部 | 西北,景观 | 海拔 | 地形 | 坡 | 山 | 坝 | 热带 | 全长,北 | 运河 | 开发区 | 坡 | 地区 | 河 | 北部 | 市区 | 首府 | 边境 | 水域 | 热带,北部 | 南部 | 沿岸 | 东部 | 海岸 | 东南 | 山区 | 市区 | 中部 | 沿海 | 西部 | 西北 | 河 | 西南 | 湖 | 海滨 | 郊区 | 半岛 | 地区 | 流域 | 河畔 | 地带 | 村庄 | 岛屿 | 城区 | 北 | 岛 | 岸 | 南 | 海域 | 西 | 海湾 | 沿线 | 水域 | 运河 | 滨海 | 边境 | 交界 | 首府 | 城镇 | 东 | 山 | 郊外 | 境内 | 东北 | 镇 | 区 | 县 | 地段 | 区域 | 乡 | 南北 | 村 | 城 | 一带 | 海峡 | 坝 | 大道 | 开发区 | 街 | 北方 | 周边 | 城市 | 堤 | 坐落 | 地域 | 地形 | 桥 | 海拔 | 坡 | 江 | 园 | 位于 | 景观 | 枢纽 | 国土 | 南方 | 办事处 | 庄园 | 热带 | 基地 | 两岸 | 绿地 | 全长 | 北极 | 南极,86.00004386887358,0.9999999907305891,2.7561065598354237e-8,一带:1.000000 | 东北:1.000000 | 东南:1.000000 | 东部:1.000000 | 两岸:1.000000 | 中部:1.000000 | 乡:1.000000 | 交界:1.000000 | 位于:1.000000 | 全长:1.000000 | 北:1.000000 | 北方:1.000000,
164,61,0.39913818366587694,0.043896785131890374,0.16393442622950818,嘲笑 | 讥笑 | 责怪 | 嫉妒 | 取笑 | 妒忌 | 瞧不起 | 鄙视 | 责备 | 嫌弃 | 埋怨 | 耻笑,发泄 | 不满 | 恨 | 打扰 | 迷恋 | 嫉妒 | 冒犯 | 抵触,嘲弄 | 讽刺 | 耻笑 | 嫌弃 | 鄙视 | 打扰 | 抱怨 | 宠爱 | 嫉妒 | 不屑 | 埋怨 | 讥笑,嘲笑 | 讥笑 | 责怪 | 嫉妒 | 取笑 | 妒忌 | 瞧不起 | 鄙视 | 责备 | 嫌弃 | 埋怨 | 耻笑 | 轻蔑 | 看不起 | 挖苦 | 骂 | 反感 | 讨厌 | 不屑 | 嘲弄 | 羡慕 | 讽刺 | 恭维 | 理睬 | 欺负 | 抱怨 | 讨好 | 不理 | 恨 | 介意 | 吹捧 | 挑剔 | 崇拜 | 夸耀 | 调侃 | 在乎 | 冒犯 | 爱理不理 | 理会 | 怀疑 | 在意 | 原谅 | 排斥 | 炫耀 | 迁就 | 冤枉 | 喜欢 | 附和 | 迷恋 | 冷落 | 不满 | 宠爱 | 忌讳 | 夸 | 打扰 | 敬而远之 | 发泄 | 模仿 | 抵触 | 迎合 | 不服,60.9999999991513,0.9999999999860869,5.917787982542149e-11,不屑:1.000000 | 不服:1.000000 | 不满:1.000000 | 不理:1.000000 | 介意:1.000000 | 冒犯:1.000000 | 冷落:1.000000 | 原谅:1.000000 | 反感:1.000000 | 发泄:1.000000 | 取笑:1.000000 | 吹捧:1.000000,
165,58,0.3344702857316692,0.01550087313095298,0.4482758620689655,回去 | 回来 | 完了 | 过来 | 进去 | 一会儿 | 好久 | 上去 | 待会儿 | 快点儿 | 空儿 | 出来,上头 | 慢慢 | 往后 | 钟头 | 一晃 | 顾不得 | 能人 | 放下,大伙儿 | 费劲 | 空儿 | 从头 | 完了 | 钟头 | 翻来覆去 | 顾不得 | 把 | 完 | 待会儿 | 快点儿,回去 | 回来 | 完了 | 过来 | 进去 | 一会儿 | 好久 | 上去 | 待会儿 | 快点儿 | 空儿 | 出来 | 下来 | 这会儿 | 好好 | 下楼 | 回头 | 出去 | 进来 | 去 | 半天 | 下去 | 懒得 | 上来 | 一块儿 | 钟头 | 起来 | 费劲 | 顾不上 | 完 | 顺手 | 来不及 | 来得及 | 慢慢来 | 顾不得 | 慢慢 | 来 | 翻来覆去 | 大伙儿 | 一晃 | 留神 | 上头 | 豁出去 | 似的 | 工夫 | 放下 | 改日 | 把 | 一干二净 | 遍 | 多久 | 从头 | 了 | 说干就干 | 往后 | 动手 | 准备 | 能人,57.99999998056383,0.9999999996648801,1.1864908108048552e-9,一会儿:1.000000 | 一块儿:1.000000 | 一干二净:1.000000 | 一晃:1.000000 | 上去:1.000000 | 上头:1.000000 | 上来:1.000000 | 下去:1.000000 | 下来:1.000000 | 下楼:1.000000 | 从头:1.000000 | 似的:1.000000,
166,40,0.3087949482644662,0.0031575992908085535,0.525,困境 | 陷入 | 衰退 | 萧条 | 崩溃 | 泥潭 | 低迷 | 衰弱 | 不景气 | 危机 | 倒闭 | 低谷,一事无成 | 迷失 | 生存 | 无力 | 倒下 | 短缺 | 一筹莫展 | 厄运,不景气 | 无力 | 没落 | 崩溃 | 无所作为 | 失败 | 一筹莫展 | 破灭 | 低迷 | 衰弱 | 摇摇欲坠 | 厄运,困境 | 陷入 | 衰退 | 萧条 | 崩溃 | 泥潭 | 低迷 | 衰弱 | 不景气 | 危机 | 倒闭 | 低谷 | 没落 | 动荡 | 境地 | 破灭 | 厄运 | 失败 | 破产 | 失利 | 瘫痪 | 一筹莫展 | 倒下 | 雪上加霜 | 无力 | 迷失 | 摇摇欲坠 | 劣势 | 面临 | 徘徊 | 无所作为 | 搁浅 | 一事无成 | 掉队 | 处在 | 转机 | 荒 | 生存 | 之中 | 短缺,40.0,1.0,1.5046429966969188e-27,一事无成:1.000000 | 一筹莫展:1.000000 | 不景气:1.000000 | 之中:1.000000 | 低谷:1.000000 | 低迷:1.000000 | 倒下:1.000000 | 倒闭:1.000000 | 劣势:1.000000 | 动荡:1.000000 | 危机:1.000000 | 厄运:1.000000,
167,32,0.3546758769644109,0.02711784376045969,0.375,欢呼 | 喝彩 | 掌声 | 热烈 | 鼓掌 | 振奋 | 叫好 | 如醉如痴 | 哄堂大笑 | 哗然 | 经久不息 | 沸腾,陶醉 | 狂热 | 好评 | 赞不绝口 | 赞叹不已 | 耳目一新 | 欢声笑语 | 气氛,踊跃 | 哄堂大笑 | 赞不绝口 | 陶醉 | 鼓掌 | 经久不息 | 震撼 | 哗然 | 振奋 | 热情 | 助威 | 共鸣,欢呼 | 喝彩 | 掌声 | 热烈 | 鼓掌 | 振奋 | 叫好 | 如醉如痴 | 哄堂大笑 | 哗然 | 经久不息 | 沸腾 | 反响 | 共鸣 | 轰动 | 欢声笑语 | 震撼 | 赞叹不已 | 好评 | 呐喊 | 瞩目 | 陶醉 | 耳目一新 | 热情 | 兴高采烈 | 助威 | 鼓舞 | 赞不绝口 | 踊跃 | 狂热 | 爆满 | 气氛,32.0,1.0,7.909881113777679e-50,共鸣:1.000000 | 兴高采烈:1.000000 | 助威:1.000000 | 反响:1.000000 | 叫好:1.000000 | 呐喊:1.000000 | 哄堂大笑:1.000000 | 哗然:1.000000 | 喝彩:1.000000 | 好评:1.000000 | 如醉如痴:1.000000 | 振奋:1.000000,
168,54,0.2782936399532992,-0.0030953138504138298,0.5555555555555556,着力 | 加强 | 着眼于 | 注重 | 着重 | 抓紧 | 着眼 | 搞好 | 探索 | 抓住 | 结合 | 重视,增进 | 挖掘 | 梳理 | 了解 | 摸索 | 重视 | 利用 | 跟上,展开 | 瞄准 | 搞好 | 抓住 | 破解 | 通过 | 着重 | 着眼于 | 借鉴 | 利用 | 摸索 | 抓紧,着力 | 加强 | 着眼于 | 注重 | 着重 | 抓紧 | 着眼 | 搞好 | 探索 | 抓住 | 结合 | 重视 | 挖掘 | 立足 | 深入 | 把握 | 顺应 | 围绕 | 贯彻 | 运用 | 落实 | 解决 | 侧重 | 着手 | 密切 | 改进 | 借鉴 | 下功夫 | 瞄准 | 破解 | 入手 | 利用 | 梳理 | 摸索 | 防范 | 通过 | 重点 | 尝试 | 配合 | 贴近 | 展开 | 进行 | 应对 | 吸取 | 多方面 | 破除 | 举一反三 | 增进 | 深度 | 了解 | 跟上 | 介入 | 集中 | 有待,53.99999978195679,0.9999999959621627,1.24528933822393e-8,下功夫:1.000000 | 举一反三:1.000000 | 了解:1.000000 | 介入:1.000000 | 侧重:1.000000 | 借鉴:1.000000 | 入手:1.000000 | 利用:1.000000 | 吸取:1.000000 | 围绕:1.000000 | 增进:1.000000 | 密切:1.000000,
169,40,0.30761218237948124,0.01734882716590136,0.475,强调 | 坚信 | 呼吁 | 主张 | 声称 | 宣称 | 重申 | 表示 | 认为 | 深信 | 指出 | 倡导,追求 | 效仿 | 支持 | 提议 | 多年来 | 承认 | 高调 | 号召,表态 | 标榜 | 表示 | 一贯 | 追求 | 认为 | 提倡 | 相信 | 希望 | 倡导 | 重申 | 深信,强调 | 坚信 | 呼吁 | 主张 | 声称 | 宣称 | 重申 | 表示 | 认为 | 深信 | 指出 | 倡导 | 提出 | 提倡 | 相信 | 承认 | 号召 | 希望 | 确信 | 标榜 | 赞成 | 提议 | 谋求 | 表态 | 谈到 | 倡议 | 鼓励 | 追求 | 寻求 | 建议 | 一贯 | 倾向 | 自称 | 支持 | 高调 | 为此 | 效仿 | 出于 | 长期以来 | 多年来,40.0,1.0,2.255658557040641e-19,一贯:1.000000 | 为此:1.000000 | 主张:1.000000 | 倡导:1.000000 | 倡议:1.000000 | 倾向:1.000000 | 出于:1.000000 | 号召:1.000000 | 呼吁:1.000000 | 坚信:1.000000 | 声称:1.000000 | 多年来:1.000000,
170,43,0.4216589721372364,0.0868230994537138,0.09302325581395349,敬佩 | 钦佩 | 敬重 | 感激 | 赞许 | 尊敬 | 敬意 | 赞赏 | 赞扬 | 同情 | 衷心 | 称赞,骄傲 | 自豪 | 歉意 | 诚意 | 同感 | 热心 | 荣幸 | 感动,赞赏 | 关心 | 深切 | 好意 | 认同 | 敬佩 | 骄傲 | 感激 | 称赞 | 热心 | 尊敬 | 自豪,敬佩 | 钦佩 | 敬重 | 感激 | 赞许 | 尊敬 | 敬意 | 赞赏 | 赞扬 | 同情 | 衷心 | 称赞 | 由衷 | 佩服 | 赞叹 | 赞美 | 夸奖 | 感动 | 信任 | 信赖 | 认同 | 诚挚 | 好意 | 好感 | 关怀 | 拥护 | 赞同 | 自豪 | 歉意 | 体谅 | 敬爱 | 认可 | 同感 | 深切 | 亲切 | 关心 | 喜爱 | 骄傲 | 表扬 | 荣幸 | 热心 | 无微不至 | 诚意,43.0,1.0,1.2623773408391432e-17,亲切:1.000000 | 体谅:1.000000 | 佩服:1.000000 | 信任:1.000000 | 信赖:1.000000 | 关心:1.000000 | 关怀:1.000000 | 同情:1.000000 | 同感:1.000000 | 喜爱:1.000000 | 夸奖:1.000000 | 好意:1.000000,
171,57,0.3796777612801498,0.02636024734152987,0.2807017543859649,杯子 | 钳子 | 梳子 | 脸盆 | 刷子 | 叉子 | 瓶子 | 筷子 | 水壶 | 剪子 | 铲子 | 箱子,皮带 | 拉锁 | 箱子 | 微波炉 | 鞭炮 | 洗衣粉 | 香烟 | 木板,剪刀 | 电线 | 罐 | 圆珠笔 | 铲子 | 洗衣粉 | 毛笔 | 墨水 | 塑料袋 | 螺丝 | 炸药 | 肥皂,杯子 | 钳子 | 梳子 | 脸盆 | 刷子 | 叉子 | 瓶子 | 筷子 | 水壶 | 剪子 | 铲子 | 箱子 | 肥皂 | 剪刀 | 吸管 | 牙刷 | 火柴 | 木头 | 盖子 | 圆珠笔 | 橡皮 | 木板 | 钉子 | 易拉罐 | 药水 | 螺丝 | 扇子 | 拉锁 | 电饭锅 | 药片 | 毛笔 | 盘子 | 水管 | 管子 | 洗衣粉 | 沙子 | 蜡烛 | 胶带 | 渣子 | 胶水 | 电线 | 花瓶 | 墨水 | 塑料袋 | 塑料 | 火药 | 罐 | 皮带 | 香烟 | 温度计 | 炸药 | 鞭炮 | 砖 | 硬币 | 饭碗 | 稻草 | 微波炉,56.99999999917917,0.9999999999855994,5.958136564593316e-11,刷子:1.000000 | 剪刀:1.000000 | 剪子:1.000000 | 叉子:1.000000 | 吸管:1.000000 | 圆珠笔:1.000000 | 塑料袋:1.000000 | 墨水:1.000000 | 微波炉:1.000000 | 扇子:1.000000 | 拉锁:1.000000 | 易拉罐:1.000000,
172,52,0.36179025317300945,0.0006964472249891995,0.46153846153846156,小偷儿 | 傻 | 家伙 | 丫头 | 贪玩儿 | 老头儿 | 笨蛋 | 疯子 | 胖子 | 人缘儿 | 乖 | 坏人,老大 | 俩 | 狗 | 皇上 | 能干 | 哥 | 老头儿 | 女人,丑 | 家伙 | 贼 | 哥 | 出息 | 岁数 | 酒鬼 | 帅 | 贪玩儿 | 鬼 | 人缘儿 | 老头儿,小偷儿 | 傻 | 家伙 | 丫头 | 贪玩儿 | 老头儿 | 笨蛋 | 疯子 | 胖子 | 人缘儿 | 乖 | 坏人 | 鬼 | 小人 | 贼 | 男人 | 流氓 | 傻瓜 | 逗 | 女人 | 胆子 | 倒霉 | 狗 | 丑 | 有两下子 | 逼 | 贱 | 个儿 | 个头儿 | 瞎 | 心眼儿 | 出息 | 大款 | 俩 | 怪 | 帅 | 哥 | 好人 | 好家伙 | 穷 | 老大 | 画儿 | 岁数 | 阎王 | 小卒 | 酒鬼 | 能干 | 皇上 | 人 | 和尚 | 老 | 小,51.999999996073825,0.9999999999244966,2.901496673989607e-10,丑:1.000000 | 个儿:1.000000 | 个头儿:1.000000 | 乖:1.000000 | 人:1.000000 | 人缘儿:1.000000 | 俩:1.000000 | 倒霉:1.000000 | 傻:1.000000 | 傻瓜:1.000000 | 出息:1.000000 | 哥:1.000000,
173,81,0.298599696105106,0.031241807103770322,0.25925925925925924,回升 | 下降 | 回落 | 上升 | 攀升 | 萎缩 | 上涨 | 下跌 | 减弱 | 飙升 | 增大 | 反弹,处于 | 逐渐 | 显示 | 修正 | 加速 | 降温 | 转移 | 支撑,供求 | 紧缩 | 急剧 | 出现 | 萎缩 | 回升 | 饱和 | 上升 | 持续 | 加速 | 波动 | 靠拢,回升 | 下降 | 回落 | 上升 | 攀升 | 萎缩 | 上涨 | 下跌 | 减弱 | 飙升 | 增大 | 反弹 | 收缩 | 增长 | 升高 | 增加 | 急剧 | 好转 | 贬值 | 分化 | 改善 | 衰减 | 显现 | 变化 | 缩水 | 复苏 | 扩大 | 扩张 | 升值 | 缩小 | 趋于 | 波动 | 降温 | 大幅度 | 涨 | 持续 | 加速 | 膨胀 | 紧缩 | 提速 | 跌 | 放大 | 调整 | 显著 | 延续 | 呈现 | 释放 | 有所 | 逐渐 | 逐年 | 转变 | 变动 | 减速 | 过剩 | 涨价 | 水涨船高 | 出现 | 流入 | 演变 | 供求 | 推移 | 供给 | 扩散 | 供应 | 表现 | 调控 | 兑现 | 回归 | 修正 | 逼近 | 突破 | 靠拢 | 流向 | 转向 | 支撑 | 运行 | 转移 | 饱和 | 松绑 | 显示 | 处于,81.00015157575318,0.9999999984553313,5.180027036168354e-9,上升:1.000000 | 下降:1.000000 | 供给:1.000000 | 修正:1.000000 | 兑现:1.000000 | 减弱:1.000000 | 减速:1.000000 | 出现:1.000000 | 分化:1.000000 | 加速:1.000000 | 升高:1.000000 | 变动:1.000000,
174,79,0.24096532216218178,-0.04028259765254797,0.8354430379746836,留 | 取 | 寄 | 抄 | 补 | 换 | 验 | 订 | 寻 | 摘 | 填 | 录,晒 | 摇 | 回 | 编 | 扫 | 求 | 抄 | 折,放水 | 造 | 拨 | 发 | 置 | 充 | 解 | 折 | 采 | 选 | 答 | 领,留 | 取 | 寄 | 抄 | 补 | 换 | 验 | 订 | 寻 | 摘 | 填 | 录 | 选 | 改 | 收 | 付 | 交 | 试 | 认 | 充 | 催 | 加 | 查 | 赠 | 发 | 押 | 存 | 开 | 扫 | 定 | 拨 | 审 | 造 | 配 | 进 | 修 | 调 | 登 | 提 | 征 | 租 | 赎 | 照 | 搜 | 签 | 测 | 解 | 评 | 领 | 采 | 转 | 求 | 引 | 附 | 晒 | 回 | 招 | 答 | 传 | 入 | 摇 | 待 | 淘 | 破 | 免 | 筹 | 编 | 记 | 封 | 置 | 映 | 折 | 派 | 望 | 放水 | 出 | 满 | 作 | 凭,79.00116885304098,0.9999999974879821,7.960700374598903e-9,付:1.000000 | 传:1.000000 | 作:1.000000 | 修:1.000000 | 催:1.000000 | 充:1.000000 | 入:1.000000 | 凭:1.000000 | 出:1.000000 | 加:1.000000 | 取:1.000000 | 回:1.000000,
175,71,0.23434987098557308,-0.03836419629232724,0.8450704225352113,两侧 | 弯曲 | 横向 | 旋转 | 摆动 | 重叠 | 连接 | 平面 | 伸缩 | 衔接 | 对称 | 环绕,两侧 | 处 | 内 | 同步 | 缩短 | 流水 | 摩擦 | 表面,两侧 | 间隙 | 缩短 | 转换 | 流水 | 入口 | 静止 | 重叠 | 摇摆 | 辐射 | 滚动 | 处,两侧 | 弯曲 | 横向 | 旋转 | 摆动 | 重叠 | 连接 | 平面 | 伸缩 | 衔接 | 对称 | 环绕 | 隔开 | 交叉 | 纵横交错 | 贯通 | 倾斜 | 起伏 | 空隙 | 双向 | 排列 | 构造 | 交替 | 摩擦 | 边缘 | 分割 | 静止 | 并行 | 变换 | 曲线 | 内外 | 流动 | 分离 | 调节 | 内部 | 封闭 | 滚动 | 表面 | 隔离 | 碰撞 | 摇摆 | 侧面 | 循环 | 转换 | 间隙 | 侧 | 上下 | 边界 | 间 | 外部 | 局部 | 直线 | 同步 | 绝缘 | 固定 | 跨 | 三角 | 缩短 | 辐射 | 正面 | 大面积 | 过渡 | 阶梯 | 层 | 入口 | 内 | 流水 | 透过 | 空白 | 处 | 一道,70.99962700142552,0.999994746281877,8.818845063239201e-6,一道:1.000000 | 三角:1.000000 | 上下:1.000000 | 两侧:1.000000 | 交叉:1.000000 | 交替:1.000000 | 伸缩:1.000000 | 侧面:1.000000 | 倾斜:1.000000 | 入口:1.000000 | 内:1.000000 | 内外:1.000000,
176,74,0.24608699960931596,-0.012734698991323096,0.6486486486486487,新型 | 微型 | 多功能 | 小型 | 智能 | 轻型 | 高科技 | 新式 | 大型 | 研发 | 巨型 | 全新,克隆 | 硬件 | 有机 | 输出 | 立体 | 仿制 | 一系列 | 激光,单元 | 研制 | 联网 | 原型 | 万能 | 系列 | 克隆 | 巨型 | 制造 | 配套 | 尖端 | 新型,新型 | 微型 | 多功能 | 小型 | 智能 | 轻型 | 高科技 | 新式 | 大型 | 研发 | 巨型 | 全新 | 研制 | 应用 | 远程 | 立体 | 型 | 中型 | 重型 | 先进 | 辅助 | 系统 | 通用 | 技术 | 模型 | 自主 | 常规 | 制造 | 激光 | 三维 | 硬件 | 专用 | 现代 | 国产 | 传统 | 机器人 | 虚拟 | 人工 | 简易 | 尖端 | 下一代 | 多种 | 配套 | 联网 | 原装 | 式 | 原型 | 全能 | 移动 | 革新 | 隐形 | 大规模 | 袖珍 | 超级 | 首创 | 系列 | 一体 | 万能 | 引擎 | 仿制 | 生物 | 纯 | 早期 | 实验室 | 复合 | 克隆 | 原始 | 级 | 定向 | 专利 | 一系列 | 输出 | 单元 | 有机,73.99999990235762,0.9999999979416303,6.737839130858178e-9,一体:1.000000 | 万能:1.000000 | 三维:1.000000 | 下一代:1.000000 | 中型:1.000000 | 人工:1.000000 | 仿制:1.000000 | 传统:1.000000 | 先进:1.000000 | 克隆:1.000000 | 全新:1.000000 | 全能:1.000000,
177,49,0.29544649647421156,0.02021001883514465,0.3469387755102041,尽快 | 尽早 | 逐步 | 进一步 | 切实 | 迅速 | 早日 | 全力 | 及早 | 积极 | 有助于 | 有望,果断 | 全力 | 充分 | 同时 | 继续 | 牢牢 | 从中 | 重新,成功 | 彻底 | 及早 | 顺势 | 得以 | 携手 | 重新 | 进一步 | 从中 | 能否 | 一鼓作气 | 逐步,尽快 | 尽早 | 逐步 | 进一步 | 切实 | 迅速 | 早日 | 全力 | 及早 | 积极 | 有助于 | 有望 | 力求 | 能够 | 有利于 | 力争 | 率先 | 适时 | 快速 | 全面 | 进而 | 从而 | 加紧 | 必将 | 大力 | 旨在 | 携手 | 能否 | 得以 | 彻底 | 重新 | 将 | 争取 | 继续 | 全方位 | 联手 | 一举 | 一鼓作气 | 正在 | 牢牢 | 充分 | 顺势 | 共同 | 如何 | 同时 | 成功 | 果断 | 从中 | 正,48.99999928561685,0.9999999854207521,4.436787719769629e-8,一举:1.000000 | 一鼓作气:1.000000 | 争取:1.000000 | 从中:1.000000 | 充分:1.000000 | 全力:1.000000 | 全方位:1.000000 | 全面:1.000000 | 共同:1.000000 | 切实:1.000000 | 力争:1.000000 | 力求:1.000000,
178,68,0.3348161983925291,0.022308891617096673,0.36764705882352944,摧毁 | 打败 | 歼灭 | 侵略 | 消灭 | 反抗 | 抵抗 | 占领 | 屠杀 | 掠夺 | 统治 | 打倒,仇恨 | 饶恕 | 剥削 | 威慑 | 迫使 | 阴谋 | 对抗 | 轰炸,驱逐 | 屠杀 | 抵抗 | 迫使 | 统治 | 摧毁 | 消灭 | 打倒 | 势力 | 包围 | 阻挡 | 帝国主义,摧毁 | 打败 | 歼灭 | 侵略 | 消灭 | 反抗 | 抵抗 | 占领 | 屠杀 | 掠夺 | 统治 | 打倒 | 毁灭 | 反击 | 入侵 | 对付 | 压迫 | 进攻 | 敌人 | 阴谋 | 推翻 | 武力 | 征服 | 对抗 | 驱逐 | 帝国主义 | 牵制 | 包围 | 粉碎 | 夺取 | 灭亡 | 封锁 | 侵占 | 背叛 | 保卫 | 收复 | 强占 | 势力 | 霸占 | 战胜 | 拯救 | 分裂 | 抵挡 | 武装 | 压倒 | 轰炸 | 仇恨 | 剥削 | 阻挡 | 威慑 | 斗争 | 抵御 | 挽救 | 饶恕 | 瓜分 | 发动 | 颠覆 | 斩草除根 | 切断 | 自卫 | 平息 | 解放 | 俘获 | 复活 | 挑起 | 迫使 | 反 | 挽回,67.99999998043978,0.9999999996595084,1.194099128871117e-9,仇恨:1.000000 | 侵占:1.000000 | 侵略:1.000000 | 俘获:1.000000 | 保卫:1.000000 | 入侵:1.000000 | 分裂:1.000000 | 切断:1.000000 | 剥削:1.000000 | 势力:1.000000 | 包围:1.000000 | 占领:1.000000,
179,127,0.36348397756745926,0.040206454668386536,0.2204724409448819,嘛 | 啊 | 唉 | 呀 | 哎 | 哎呀 | 哈哈 | 挺好 | 吧 | 不行 | 没事儿 | 哼,我 | 吓人 | 不在乎 | 看得起 | 无话可说 | 不好意思 | 明白 | 说实话,真心 | 呢 | 不敢当 | 呀 | 没事儿 | 说实话 | 够呛 | 啦 | 怎么办 | 不成 | 哪儿 | 说老实话,嘛 | 啊 | 唉 | 呀 | 哎 | 哎呀 | 哈哈 | 挺好 | 吧 | 不行 | 没事儿 | 哼 | 说真的 | 你 | 再说 | 没关系 | 没说的 | 咱 | 哇 | 不要紧 | 干吗 | 没错 | 没意思 | 好说 | 你们 | 嘿 | 啦 | 没用 | 人家 | 没 | 说实话 | 觉得 | 哦 | 干什么 | 呢 | 不像话 | 离谱儿 | 没辙 | 我 | 丢人 | 好玩儿 | 玩意儿 | 瞧 | 什么 | 晓得 | 没什么 | 说 | 活该 | 实话 | 说不上 | 知道 | 不好意思 | 够 | 咱们 | 不得了 | 这么 | 吗 | 真 | 当真 | 废话 | 没法儿 | 够呛 | 一点儿 | 拜托 | 用得着 | 碍事 | 敢情 | 对不起 | 不敢当 | 厉害 | 不怎么样 | 难说 | 哪儿 | 算了 | 感觉 | 不对 | 说老实话 | 好多 | 怎么办 | 不算 | 无所谓 | 无话可说 | 好 | 很 | 稀罕 | 不怎么 | 怎么样 | 真心 | 要命 | 实话实说 | 也好 | 完蛋 | 太 | 凑合 | 不在乎 | 哪 | 吓人 | 罢了 | 要紧 | 明白 | 叫 | 挺 | 办不到 | 过不去 | 懂 | 的话 | 哪里 | 看得起 | 一辈子 | 出毛病 | 岂有此理 | 蛮 | 得 | 过奖 | 做梦 | 一塌糊涂 | 别的 | 得了 | 东西 | 些 | 猜 | 多少 | 看 | 不成 | 根本 | 而已 | 天经地义,127.02848735112468,0.9999751175094176,0.000035247979092213144,一塌糊涂:1.000000 | 一点儿:1.000000 | 不像话:1.000000 | 不对:1.000000 | 不得了:1.000000 | 不怎么样:1.000000 | 不成:1.000000 | 不敢当:1.000000 | 不行:1.000000 | 不要紧:1.000000 | 东西:1.000000 | 些:1.000000,没有:0.030478
180,62,0.29408345391179125,0.003890616134948931,0.46774193548387094,信念 | 斗志 | 榜样 | 楷模 | 志气 | 拼搏 | 责任感 | 奋斗 | 艰苦奋斗 | 勇气 | 勇往直前 | 决心,干事 | 觉悟 | 成就 | 警钟 | 光辉 | 正能量 | 诺言 | 鞭策,事业 | 模范 | 重任 | 英雄 | 奋斗 | 大事 | 后盾 | 决心 | 干事 | 责任感 | 同舟共济 | 投身,信念 | 斗志 | 榜样 | 楷模 | 志气 | 拼搏 | 责任感 | 奋斗 | 艰苦奋斗 | 勇气 | 勇往直前 | 决心 | 旗帜 | 表率 | 光荣 | 奋勇 | 脊梁 | 使命 | 尊严 | 觉悟 | 发愤图强 | 模范 | 光辉 | 荣誉 | 争光 | 信心 | 公仆 | 士气 | 威信 | 鞭策 | 众志成城 | 胜利 | 凯歌 | 担当 | 作风 | 英雄 | 同舟共济 | 争气 | 重任 | 座右铭 | 成就 | 诺言 | 宗旨 | 大局 | 信誉 | 立功 | 口号 | 功臣 | 后盾 | 先锋 | 大事 | 前途 | 正能量 | 声誉 | 事业 | 警钟 | 投身 | 愚公移山 | 称号 | 干事 | 行列 | 栋梁,61.999986870444715,0.9999997882329792,4.899406194233519e-7,争光:1.000000 | 争气:1.000000 | 事业:1.000000 | 众志成城:1.000000 | 作风:1.000000 | 使命:1.000000 | 信念:1.000000 | 信誉:1.000000 | 先锋:1.000000 | 光荣:1.000000 | 公仆:1.000000 | 决心:1.000000,
181,87,0.27625042196943733,-0.03271778346709662,0.7586206896551724,灰 | 黑 | 白 | 紫 | 冷 | 粘 | 湿 | 锈 | 泥 | 色 | 红 | 雪,腔 | 棉 | 凉 | 口 | 烟 | 样 | 风 | 湿,口 | 皮 | 粗 | 血 | 露 | 密 | 红 | 壮 | 漂 | 暗 | 霜 | 焦,灰 | 黑 | 白 | 紫 | 冷 | 粘 | 湿 | 锈 | 泥 | 色 | 红 | 雪 | 黏 | 蜡 | 麻 | 凉 | 霜 | 粗 | 薄 | 脏 | 暗 | 绿 | 淡 | 厚 | 浓 | 透 | 稀 | 黄 | 软 | 染 | 暖 | 青 | 烂 | 水 | 蓝 | 细 | 臭 | 粉 | 炭 | 浅 | 亮 | 毒 | 皮 | 雾 | 硬 | 露 | 冰 | 野 | 油 | 漂 | 松 | 土 | 残 | 烟 | 润 | 火 | 杂 | 气 | 散 | 壮 | 墨 | 血 | 光 | 密 | 精 | 毛 | 热 | 阴 | 焦 | 轻 | 久 | 素 | 长 | 丝 | 清 | 酷 | 耐 | 消 | 风 | 裸 | 牛 | 胎 | 足 | 棉 | 样 | 口 | 腔,87.00021639038533,0.9999983678061589,3.044505001859058e-6,丝:1.000000 | 亮:1.000000 | 光:1.000000 | 冰:1.000000 | 冷:1.000000 | 凉:1.000000 | 厚:1.000000 | 口:1.000000 | 壮:1.000000 | 暖:1.000000 | 暗:1.000000 | 杂:1.000000,
182,43,0.27706165083803175,0.006674793426477241,0.4883720930232558,依照 | 依据 | 按照 | 遵循 | 遵照 | 根据 | 确定 | 遵守 | 参照 | 符合 | 按 | 决定,独立 | 要求 | 意向 | 日期 | 予以 | 采取 | 合法 | 采纳,据此 | 采取 | 独立 | 限定 | 意向 | 考虑 | 予以 | 遵照 | 遵循 | 要求 | 依据 | 修改,依照 | 依据 | 按照 | 遵循 | 遵照 | 根据 | 确定 | 遵守 | 参照 | 符合 | 按 | 决定 | 履行 | 要求 | 约定 | 明确 | 设定 | 同意 | 修改 | 准许 | 更改 | 限定 | 允许 | 考虑 | 安排 | 采取 | 指定 | 作出 | 自愿 | 有关 | 合法 | 选择 | 依 | 简化 | 采纳 | 据此 | 如下 | 予以 | 统一 | 意向 | 关于 | 独立 | 日期,43.0,1.0,1.4853276111248212e-23,予以:1.000000 | 作出:1.000000 | 依:1.000000 | 依据:1.000000 | 依照:1.000000 | 修改:1.000000 | 允许:1.000000 | 关于:1.000000 | 决定:1.000000 | 准许:1.000000 | 参照:1.000000 | 合法:1.000000,
183,96,0.25780950316081014,-0.015231145501098891,0.6979166666666666,下载 | 网站 | 主页 | 网页 | 网址 | 博客 | 电子邮件 | 微信 | 邮件 | 短信 | 登录 | 微博,菜单 | 记录 | 反馈 | 窗口 | 收听 | 来电 | 演示 | 传真,网页 | 编辑 | 微博 | 推荐 | 点击率 | 演示 | 电子邮件 | 标签 | 登录 | 报告 | 排行榜 | 预告,下载 | 网站 | 主页 | 网页 | 网址 | 博客 | 电子邮件 | 微信 | 邮件 | 短信 | 登录 | 微博 | 留言 | 专栏 | 浏览 | 账号 | 电子版 | 邮箱 | 查询 | 投稿 | 搜索 | 发送 | 栏目 | 帖子 | 信箱 | 广告 | 扫描 | 信息 | 评论 | 菜单 | 头条 | 图片 | 数据库 | 频道 | 内容 | 转载 | 标题 | 匿名 | 地址 | 改版 | 二维码 | 标签 | 新闻 | 公众 | 热线 | 更新 | 问卷 | 编辑 | 收听 | 杀毒 | 网上 | 网络 | 点击率 | 社交 | 全文 | 在线 | 媒体 | 分享 | 传真 | 资料 | 地图 | 图表 | 选项 | 附件 | 反馈 | 后台 | 动态 | 敬请 | 来电 | 原创 | 正版 | 手册 | 页 | 官方 | 记录 | 提示 | 输入 | 预告 | 排行榜 | 报告 | 防火墙 | 上网 | 海量 | 邮编 | 版 | 登陆 | 曝光 | 指南 | 说明书 | 推荐 | 独家 | 点评 | 演示 | 窗口 | 全程 | 下期,95.99997141379234,0.9999995724369318,9.015261413160149e-7,上网:1.000000 | 下载:1.000000 | 专栏:1.000000 | 主页:1.000000 | 传真:1.000000 | 信箱:1.000000 | 全文:1.000000 | 全程:1.000000 | 分享:1.000000 | 匿名:1.000000 | 博客:1.000000 | 原创:1.000000,
184,72,0.30595482459895473,0.03538243829911104,0.2222222222222222,导致 | 削弱 | 抵消 | 造成 | 引发 | 阻碍 | 加剧 | 缓解 | 加重 | 抑制 | 影响 | 诱发,施加 | 压制 | 忽略 | 暴露 | 忽视 | 对 | 低估 | 提高,触动 | 施加 | 摆脱 | 伴随 | 牵扯 | 引发 | 加剧 | 提高 | 使得 | 不利于 | 使 | 波及,导致 | 削弱 | 抵消 | 造成 | 引发 | 阻碍 | 加剧 | 缓解 | 加重 | 抑制 | 影响 | 诱发 | 减轻 | 促使 | 引起 | 消除 | 使得 | 降低 | 致使 | 避免 | 拖累 | 制约 | 危及 | 使 | 遏制 | 延缓 | 扭转 | 促成 | 激起 | 减少 | 受到 | 弥补 | 不利于 | 激化 | 刺激 | 克服 | 改变 | 产生 | 加深 | 限制 | 挤压 | 忽视 | 带来 | 压制 | 令 | 波及 | 提高 | 摆脱 | 触动 | 预示 | 忽略 | 打破 | 由于 | 起到 | 排除 | 冲击 | 伴随 | 牵扯 | 化解 | 大大 | 施加 | 受 | 暴露 | 超出 | 淡化 | 随着 | 因 | 致 | 牵涉 | 对 | 低估 | 双重,71.99997553206273,0.9999996601621679,7.452044167460991e-7,不利于:1.000000 | 产生:1.000000 | 令:1.000000 | 伴随:1.000000 | 低估:1.000000 | 使:1.000000 | 促使:1.000000 | 促成:1.000000 | 克服:1.000000 | 冲击:1.000000 | 减少:1.000000 | 减轻:1.000000,
185,89,0.3517181546304987,0.07486938383927731,0.0898876404494382,车辆 | 货车 | 行驶 | 火车 | 列车 | 公交车 | 电车 | 公共汽车 | 警车 | 车道 | 慢车 | 出租车,便道 | 摩托 | 机场 | 乘客 | 起飞 | 车上 | 游船 | 绿灯,闸 | 艘 | 堵车 | 码头 | 货物 | 慢车 | 倒车 | 船 | 路况 | 巴士 | 警车 | 线路,车辆 | 货车 | 行驶 | 火车 | 列车 | 公交车 | 电车 | 公共汽车 | 警车 | 车道 | 慢车 | 出租车 | 大巴 | 私家车 | 车 | 卡车 | 车速 | 堵车 | 公路 | 路段 | 司机 | 客车 | 辆 | 巴士 | 开车 | 驾车 | 追尾 | 高速公路 | 路面 | 客运 | 救护车 | 车上 | 轿车 | 乘客 | 停车 | 缆车 | 摩托 | 通车 | 路况 | 驾驶 | 电动车 | 货运 | 铁路 | 飞机 | 机动车 | 转弯 | 刹车 | 游船 | 马车 | 路口 | 车站 | 行人 | 交警 | 超速 | 快车 | 跑车 | 车牌 | 时速 | 道路 | 肇事 | 地铁 | 倒车 | 隧道 | 停放 | 高铁 | 船只 | 轮船 | 超车 | 交通 | 车号 | 通行 | 客机 | 吉普 | 船 | 线路 | 机场 | 码头 | 高速 | 渔船 | 船舶 | 驾 | 货物 | 急转弯 | 绿灯 | 轨道 | 便道 | 艘 | 起飞 | 闸,89.00001636888993,0.9999999999375693,2.439979371825091e-10,乘客:1.000000 | 便道:1.000000 | 倒车:1.000000 | 停放:1.000000 | 停车:1.000000 | 公交车:1.000000 | 公共汽车:1.000000 | 出租车:1.000000 | 列车:1.000000 | 刹车:1.000000 | 卡车:1.000000 | 吉普:1.000000,
186,32,0.3378075274509378,0.02609729644843488,0.40625,磋商 | 协商 | 谈判 | 争端 | 纠纷 | 和解 | 交涉 | 调解 | 协议 | 仲裁 | 商讨 | 达成,辩论 | 洽谈 | 交接 | 建交 | 冲突 | 此事 | 官司 | 合作,交接 | 争端 | 互信 | 双边 | 纠纷 | 分歧 | 议 | 和解 | 官司 | 商讨 | 冲突 | 磨合,磋商 | 协商 | 谈判 | 争端 | 纠纷 | 和解 | 交涉 | 调解 | 协议 | 仲裁 | 商讨 | 达成 | 合作 | 洽谈 | 分歧 | 双方 | 互信 | 冲突 | 诉讼 | 僵局 | 事宜 | 共识 | 双边 | 官司 | 辩论 | 多边 | 建交 | 磨合 | 此事 | 议 | 交接 | 重组,32.0,1.0,6.357012546473346e-31,争端:1.000000 | 事宜:1.000000 | 互信:1.000000 | 交接:1.000000 | 交涉:1.000000 | 仲裁:1.000000 | 僵局:1.000000 | 共识:1.000000 | 冲突:1.000000 | 分歧:1.000000 | 协商:1.000000 | 协议:1.000000,
187,40,0.40020269871289427,0.06439497009569815,0.05,别致 | 细腻 | 精致 | 优美 | 新颖 | 引人入胜 | 精妙 | 生动 | 动人 | 美妙 | 简洁 | 古朴,清新 | 贴切 | 十足 | 动感 | 迷人 | 宏大 | 古朴 | 富有,丰富多彩 | 十足 | 引人入胜 | 古朴 | 优美 | 多样 | 浓郁 | 动人 | 美妙 | 富有 | 动感 | 画龙点睛,别致 | 细腻 | 精致 | 优美 | 新颖 | 引人入胜 | 精妙 | 生动 | 动人 | 美妙 | 简洁 | 古朴 | 精美 | 逼真 | 流畅 | 迷人 | 独特 | 酣畅 | 扣人心弦 | 浓郁 | 别具匠心 | 动感 | 感人 | 精彩 | 巧妙 | 富有 | 丰富多彩 | 鲜明 | 贴切 | 原汁原味 | 完美 | 清新 | 多样 | 紧凑 | 恰到好处 | 鲜活 | 宏大 | 十足 | 画龙点睛 | 有声有色,40.0,1.0,8.140143642749636e-37,丰富多彩:1.000000 | 优美:1.000000 | 别具匠心:1.000000 | 别致:1.000000 | 动人:1.000000 | 动感:1.000000 | 十足:1.000000 | 原汁原味:1.000000 | 古朴:1.000000 | 多样:1.000000 | 完美:1.000000 | 宏大:1.000000,
188,43,0.4176744862896689,0.10082958988389269,0.046511627906976744,安逸 | 悠闲 | 快乐 | 宁静 | 愉快 | 舒畅 | 安静 | 舒服 | 快活 | 安稳 | 清静 | 幸福,丰盛 | 暖和 | 滋润 | 明媚 | 暖烘烘 | 凉快 | 浪漫 | 美滋滋,安静 | 滋润 | 美好 | 和谐 | 无忧无虑 | 痛快 | 明媚 | 舒服 | 快活 | 悠闲 | 安稳 | 幸福,安逸 | 悠闲 | 快乐 | 宁静 | 愉快 | 舒畅 | 安静 | 舒服 | 快活 | 安稳 | 清静 | 幸福 | 无忧无虑 | 开心 | 欢快 | 欢乐 | 自在 | 平静 | 温暖 | 舒适 | 明媚 | 甜蜜 | 温馨 | 安宁 | 痛快 | 美满 | 怡然自得 | 凉快 | 富足 | 美好 | 暖和 | 祥和 | 自由自在 | 顺心 | 暖烘烘 | 清凉 | 浪漫 | 安心 | 轻松 | 和谐 | 美滋滋 | 滋润 | 丰盛,43.0,1.0,3.254185002087022e-27,丰盛:1.000000 | 凉快:1.000000 | 和谐:1.000000 | 宁静:1.000000 | 安宁:1.000000 | 安心:1.000000 | 安稳:1.000000 | 安逸:1.000000 | 安静:1.000000 | 富足:1.000000 | 平静:1.000000 | 幸福:1.000000,
189,41,0.3052921893719881,0.008411011915236716,0.4634146341463415,绕行 | 穿过 | 路程 | 步行 | 沿 | 沿途 | 到达 | 山路 | 路途 | 沿着 | 通往 | 拐弯,前方 | 停泊 | 附近 | 平坦 | 到达 | 滞留 | 山路 | 步行,沿途 | 路 | 穿过 | 终点 | 绕行 | 路程 | 前方 | 地点 | 附近 | 到达 | 沿着 | 距离,绕行 | 穿过 | 路程 | 步行 | 沿 | 沿途 | 到达 | 山路 | 路途 | 沿着 | 通往 | 拐弯 | 靠近 | 路上 | 距离 | 一路上 | 穿越 | 距 | 越过 | 终点 | 行走 | 直达 | 路 | 迷路 | 来回 | 降落 | 离 | 附近 | 上空 | 公里 | 前方 | 停泊 | 进出 | 十字路口 | 平坦 | 滞留 | 出入 | 汇合 | 地点 | 一路 | 停留,41.0,1.0,6.079774559827837e-25,一路:1.000000 | 一路上:1.000000 | 上空:1.000000 | 停泊:1.000000 | 停留:1.000000 | 公里:1.000000 | 出入:1.000000 | 到达:1.000000 | 前方:1.000000 | 十字路口:1.000000 | 地点:1.000000 | 山路:1.000000,
190,115,0.24483651503551265,-0.005590272027353812,0.5130434782608696,金额 | 总额 | 总量 | 累计 | 利润 | 合计 | 产量 | 规模 | 平均 | 全年 | 总计 | 总数,年终 | 时段 | 季 | 份 | 活期 | 共 | 收入 | 计算,份 | 近 | 同期 | 价格 | 产值 | 收入 | 以上 | 倍 | 人均 | 归属 | 股 | 累计,金额 | 总额 | 总量 | 累计 | 利润 | 合计 | 产量 | 规模 | 平均 | 全年 | 总计 | 总数 | 销量 | 占 | 产值 | 折合 | 盈利 | 数量 | 收入 | 同期 | 美元 | 共计 | 季度 | 约 | 价格 | 幅度 | 余额 | 收益 | 比重 | 成交 | 业绩 | 量 | 份额 | 人民币 | 较 | 超过 | 亏损 | 预期 | 吨 | 低于 | 价 | 售价 | 净 | 利率 | 美金 | 下调 | 期末 | 元 | 上限 | 达到 | 高于 | 人均 | 指数 | 人数 | 上调 | 年度 | 英镑 | 翻番 | 期限 | 合约 | 百分点 | 订单 | 赤字 | 汇率 | 排名 | 计算 | 顺差 | 平方米 | 剩余 | 实际 | 截止 | 亿 | 营业 | 截至 | 定价 | 权益 | 仅 | 倍 | 统计 | 率 | 失业率 | 股份 | 分别 | 计 | 上期 | 交易 | 中期 | 本期 | 减 | 至 | 数 | 期 | 持有 | 大于 | 股 | 公斤 | 房价 | 归属 | 缺口 | 概率 | 共 | 近 | 活期 | 户 | 发行 | 以上 | 单 | 整数 | 总 | 季 | 刷新 | 时段 | 年终 | 项 | 份,115.02497008986582,0.9999995169456694,1.1848182948847627e-6,下调:1.000000 | 亏损:1.000000 | 产值:1.000000 | 产量:1.000000 | 人均:1.000000 | 人数:1.000000 | 人民币:1.000000 | 份:1.000000 | 低于:1.000000 | 倍:1.000000 | 元:1.000000 | 全年:1.000000,行情:0.024694
191,35,0.3466293780234742,0.03623097793893953,0.2,电铃 | 响声 | 门铃 | 响 | 响起 | 喇叭 | 开关 | 铃声 | 关上 | 音量 | 声 | 关掉,口哨 | 钟 | 灯 | 电灯 | 动静 | 关上 | 打雷 | 发出,发出 | 转动 | 点火 | 钟 | 熄火 | 动静 | 报警 | 灯 | 电灯 | 口哨 | 开动 | 灯光,电铃 | 响声 | 门铃 | 响 | 响起 | 喇叭 | 开关 | 铃声 | 关上 | 音量 | 声 | 关掉 | 电灯 | 灯光 | 话筒 | 关机 | 接通 | 口哨 | 灯 | 转动 | 开动 | 震动 | 打雷 | 振动 | 报警 | 熄火 | 跳动 | 传来 | 红灯 | 点火 | 打开 | 动静 | 发出 | 口令 | 钟,35.0,1.0,5.137688376819853e-29,传来:1.000000 | 关上:1.000000 | 关掉:1.000000 | 关机:1.000000 | 动静:1.000000 | 发出:1.000000 | 口令:1.000000 | 口哨:1.000000 | 响:1.000000 | 响声:1.000000 | 响起:1.000000 | 喇叭:1.000000,
192,34,0.3086152093025507,-0.013729531706423478,0.5882352941176471,剧烈 | 严重 | 严峻 | 恶劣 | 猛烈 | 激烈 | 尖锐 | 糟糕 | 恶化 | 反常 | 虚弱 | 危急,虚弱 | 频繁 | 窒息 | 突如其来 | 强硬 | 凶猛 | 不定 | 极端,突如其来 | 强硬 | 局势 | 轻微 | 危急 | 严峻 | 微弱 | 异常 | 频繁 | 反常 | 时好时坏 | 不利,剧烈 | 严重 | 严峻 | 恶劣 | 猛烈 | 激烈 | 尖锐 | 糟糕 | 恶化 | 反常 | 虚弱 | 危急 | 极端 | 强烈 | 凶猛 | 强硬 | 异常 | 危险 | 敏感 | 极度 | 不利 | 致命 | 轻微 | 微弱 | 频繁 | 失控 | 时好时坏 | 忽高忽低 | 局势 | 窒息 | 突如其来 | 暴风骤雨 | 反应 | 不定,34.0,1.0,3.313543910806076e-30,不利:1.000000 | 不定:1.000000 | 严峻:1.000000 | 严重:1.000000 | 凶猛:1.000000 | 剧烈:1.000000 | 危急:1.000000 | 危险:1.000000 | 反常:1.000000 | 反应:1.000000 | 失控:1.000000 | 尖锐:1.000000,
193,34,0.3949615156824618,0.08598655374944453,0.058823529411764705,悼念 | 祭奠 | 庆贺 | 庆祝 | 送别 | 庆典 | 纪念 | 联欢 | 葬礼 | 典礼 | 缅怀 | 送行,欢聚 | 合影 | 求婚 | 慰问 | 扫墓 | 敬酒 | 联欢 | 纪念日,慰劳 | 诞辰 | 欢聚 | 庆贺 | 葬礼 | 缅怀 | 悼念 | 集会 | 庆祝 | 游行 | 纪念 | 慰问,悼念 | 祭奠 | 庆贺 | 庆祝 | 送别 | 庆典 | 纪念 | 联欢 | 葬礼 | 典礼 | 缅怀 | 送行 | 追悼会 | 祭 | 扫墓 | 祭祀 | 纪念日 | 致敬 | 诞辰 | 敬酒 | 集会 | 宴会 | 敬礼 | 祈祷 | 留念 | 慰问 | 游行 | 慰劳 | 宣誓 | 合影 | 迎接 | 求婚 | 欢聚 | 献,34.0,1.0,1.5171785393317272e-36,典礼:1.000000 | 合影:1.000000 | 宣誓:1.000000 | 宴会:1.000000 | 庆典:1.000000 | 庆祝:1.000000 | 庆贺:1.000000 | 悼念:1.000000 | 慰劳:1.000000 | 慰问:1.000000 | 扫墓:1.000000 | 敬礼:1.000000,
194,27,0.3425548583842101,0.006750404948875017,0.4074074074074074,捉 | 逮 | 摸 | 追 | 杀 | 偷 | 扑 | 瞅 | 捞 | 抓 | 抢 | 盯,瞅 | 摸 | 狠 | 偷看 | 扑 | 吸 | 捞 | 窜,赌 | 攻 | 摸 | 扑 | 钻 | 偷看 | 捞 | 窜 | 射 | 抢 | 夺 | 抓,捉 | 逮 | 摸 | 追 | 杀 | 偷 | 扑 | 瞅 | 捞 | 抓 | 抢 | 盯 | 窜 | 捕 | 夺 | 闯 | 奔 | 偷看 | 狂 | 射 | 猛 | 攻 | 钻 | 探 | 狠 | 赌 | 吸,27.0,1.0,1.0827161719126652e-39,偷:1.000000 | 偷看:1.000000 | 吸:1.000000 | 夺:1.000000 | 奔:1.000000 | 射:1.000000 | 扑:1.000000 | 抓:1.000000 | 抢:1.000000 | 捉:1.000000 | 捕:1.000000 | 捞:1.000000,
195,44,0.3114657990126023,0.003337585966429153,0.5,后代 | 子孙 | 祖父 | 后裔 | 后人 | 祖先 | 辈 | 祖宗 | 一生 | 晚年 | 生前 | 弟子,诗人 | 师长 | 性命 | 夫人 | 仇人 | 长大 | 母 | 家乡,生平 | 夫人 | 早年 | 性命 | 终生 | 辈 | 母 | 皇帝 | 家族 | 仇人 | 继承 | 祖先,后代 | 子孙 | 祖父 | 后裔 | 后人 | 祖先 | 辈 | 祖宗 | 一生 | 晚年 | 生前 | 弟子 | 传人 | 世袭 | 父子 | 生平 | 遗愿 | 故乡 | 前辈 | 祖籍 | 家族 | 仇人 | 皇帝 | 夫人 | 世代 | 逝世 | 早年 | 终生 | 继承 | 从小 | 王后 | 家乡 | 圣贤 | 将军 | 长大 | 一代 | 师长 | 诗人 | 姓 | 皇后 | 亲手 | 性命 | 终身 | 母,43.999999999999986,0.9999999999999997,1.2826636217507848e-15,一代:1.000000 | 一生:1.000000 | 世代:1.000000 | 世袭:1.000000 | 亲手:1.000000 | 仇人:1.000000 | 从小:1.000000 | 传人:1.000000 | 前辈:1.000000 | 后人:1.000000 | 后代:1.000000 | 后裔:1.000000,
196,53,0.43403388049829084,0.0720983678875239,0.07547169811320754,胆小 | 自私 | 暴躁 | 高傲 | 胆怯 | 倔强 | 聪明 | 粗鲁 | 懒惰 | 固执 | 蠢 | 傲慢,自卑 | 古怪 | 冷淡 | 胆怯 | 粗鲁 | 无情无义 | 冷漠 | 无能,爱面子 | 自卑 | 无知 | 无能 | 盛气凌人 | 倔强 | 高傲 | 倔 | 幼稚 | 自私 | 糊涂 | 大大咧咧,胆小 | 自私 | 暴躁 | 高傲 | 胆怯 | 倔强 | 聪明 | 粗鲁 | 懒惰 | 固执 | 蠢 | 傲慢 | 鲁莽 | 娇惯 | 娇气 | 调皮 | 冷漠 | 小气 | 幼稚 | 顽皮 | 天真 | 自卑 | 无知 | 自以为是 | 世故 | 软弱 | 无情无义 | 脾气 | 倔 | 爱面子 | 害羞 | 粗心 | 大大咧咧 | 老实 | 叛逆 | 懂事 | 自私自利 | 目中无人 | 淘气 | 听话 | 粗心大意 | 糊涂 | 盛气凌人 | 机灵 | 笨 | 无能 | 古怪 | 精明 | 自负 | 冷淡 | 孤陋寡闻 | 内向 | 天生,53.0,1.0,8.211185899633955e-22,世故:1.000000 | 倔:1.000000 | 倔强:1.000000 | 傲慢:1.000000 | 内向:1.000000 | 冷淡:1.000000 | 冷漠:1.000000 | 叛逆:1.000000 | 古怪:1.000000 | 听话:1.000000 | 固执:1.000000 | 大大咧咧:1.000000,
197,67,0.29585419272477537,-0.026775293441229937,0.7611940298507462,棍子 | 棍 | 绳子 | 竹竿 | 枪 | 刀 | 箭 | 禅杖 | 弓 | 钩子 | 杆 | 梯子,轮椅 | 梯子 | 柱子 | 鼓 | 琴 | 窟窿 | 石头 | 口子,口子 | 根 | 颗 | 鼓 | 风筝 | 洞 | 球 | 棍子 | 靶子 | 扇 | 轮椅 | 拳,棍子 | 棍 | 绳子 | 竹竿 | 枪 | 刀 | 箭 | 禅杖 | 弓 | 钩子 | 杆 | 梯子 | 剑 | 筒 | 船桨 | 柱子 | 子弹 | 斧子 | 伞 | 根 | 扇 | 轮子 | 石头 | 卡子 | 针 | 弹 | 尺子 | 弦 | 枝 | 炮 | 手枪 | 鼓 | 一长一短 | 壶 | 琴 | 拳 | 风筝 | 靶子 | 杠铃 | 尺 | 算盘 | 球 | 棋子 | 车轮 | 锤子 | 洞 | 车轴 | 皮球 | 槽 | 盏 | 架 | 铃 | 框 | 缸 | 气球 | 桩 | 轮椅 | 锁 | 板 | 门 | 窟窿 | 铁 | 壳 | 棒 | 颗 | 牌 | 口子,66.99999999760635,0.9999999999636773,1.4692430803265009e-10,一长一短:1.000000 | 伞:1.000000 | 刀:1.000000 | 剑:1.000000 | 卡子:1.000000 | 口子:1.000000 | 壳:1.000000 | 壶:1.000000 | 子弹:1.000000 | 尺:1.000000 | 尺子:1.000000 | 弓:1.000000,
198,67,0.42587548047402074,0.03102048218093081,0.29850746268656714,惊讶 | 诧异 | 吃惊 | 惊诧 | 气愤 | 惋惜 | 惊奇 | 不解 | 欣慰 | 欣喜 | 痛心 | 心疼,后悔 | 难堪 | 泄气 | 无可奈何 | 生气 | 犹豫 | 惭愧 | 遗憾,大吃一惊 | 遗憾 | 恍然大悟 | 尴尬 | 万分 | 好笑 | 好奇 | 生气 | 后悔 | 满意 | 喜出望外 | 感到,惊讶 | 诧异 | 吃惊 | 惊诧 | 气愤 | 惋惜 | 惊奇 | 不解 | 欣慰 | 欣喜 | 痛心 | 心疼 | 惭愧 | 疑惑 | 扫兴 | 哭笑不得 | 高兴 | 好笑 | 迷惑不解 | 难为情 | 兴奋 | 为难 | 激动 | 生气 | 惊叹 | 奇怪 | 震惊 | 难堪 | 不服气 | 纳闷儿 | 着急 | 感慨 | 恍然大悟 | 大吃一惊 | 后悔 | 好奇 | 感到 | 遗憾 | 得意 | 过意不去 | 不已 | 尴尬 | 喜出望外 | 感叹 | 半信半疑 | 头疼 | 泄气 | 别扭 | 不以为然 | 无可奈何 | 庆幸 | 伤脑筋 | 大惊小怪 | 恋恋不舍 | 着迷 | 担心 | 犹豫 | 抱歉 | 满意 | 眼红 | 莫名其妙 | 深思 | 措手不及 | 爱不释手 | 意料 | 感兴趣 | 万分,66.9999999943148,0.9999999999151358,3.22022146984051e-10,万分:1.000000 | 不以为然:1.000000 | 不已:1.000000 | 不服气:1.000000 | 不解:1.000000 | 为难:1.000000 | 伤脑筋:1.000000 | 兴奋:1.000000 | 别扭:1.000000 | 半信半疑:1.000000 | 吃惊:1.000000 | 后悔:1.000000,
199,39,0.39920889381560026,0.0749262765439378,0.0,学习 | 自学 | 备课 | 预习 | 上课 | 读书 | 讲课 | 听讲 | 补习 | 刻苦 | 复习 | 练习,旷课 | 补习 | 识字 | 复习 | 教学 | 基本功 | 补课 | 锻炼,复习 | 刻苦 | 讲学 | 不耻下问 | 学习 | 念书 | 攻读 | 夜校 | 训 | 辅导 | 练习 | 功课,学习 | 自学 | 备课 | 预习 | 上课 | 读书 | 讲课 | 听讲 | 补习 | 刻苦 | 复习 | 练习 | 课 | 练 | 学 | 用功 | 钻研 | 念书 | 苦练 | 训练 | 功课 | 进修 | 教学 | 补课 | 攻读 | 学艺 | 夜校 | 教 | 基本功 | 辅导 | 传授 | 识字 | 讲学 | 锻炼 | 治学 | 不耻下问 | 旷课 | 训 | 入门,39.0,1.0,2.3625201196400904e-43,上课:1.000000 | 不耻下问:1.000000 | 传授:1.000000 | 入门:1.000000 | 刻苦:1.000000 | 功课:1.000000 | 听讲:1.000000 | 基本功:1.000000 | 备课:1.000000 | 复习:1.000000 | 夜校:1.000000 | 学:1.000000,
