community,size,mean_pair_cosine,mean_cosine_silhouette,negative_silhouette_fraction,representatives,boundary_words,deterministic_sample,all_members
0,1,,0.0,0.0,〇,〇,〇,〇
1,14,0.5804582588892292,0.2887915135071263,0.14285714285714285,四 五 六 三 七 八 九 十 二 两 第二 几,一 几 第 两 十 第二 二 九,第二 六 八 几 十 四 二 五 九 两 一 七,四 五 六 三 七 八 九 十 二 两 第二 几 第 一
2,5,0.541662384486236,0.1776141705761233,0.0,一起 一同 一齐 一块儿 一一,一一 一块儿 一齐 一同 一起,一齐 一起 一块儿 一同 一一,一起 一同 一齐 一块儿 一一
3,10,0.5435557318246016,0.17569379055626172,0.1,忽然 猛然 突然 顿时 一瞬间 骤然 瞬间 一下子 一刹那 赫然,赫然 骤然 一刹那 猛然 一下子 突然 一瞬间 顿时,一瞬间 赫然 瞬间 一下子 骤然 突然 忽然 猛然 一刹那 顿时,忽然 猛然 突然 顿时 一瞬间 骤然 瞬间 一下子 一刹那 赫然
4,11,0.4777526048406571,0.04760107970524088,0.36363636363636365,小心 留神 当心 留心 注意 提防 警惕 留意 生怕 一不小心 不慎,警惕 生怕 一不小心 不慎 留意 提防 小心 留心,一不小心 不慎 当心 生怕 小心 注意 警惕 留心 提防 留意 留神,小心 留神 当心 留心 注意 提防 警惕 留意 生怕 一不小心 不慎
5,4,0.42348220073619447,0.016882738169510615,0.5,一鼓作气 一口气 一举 振作,振作 一举 一口气 一鼓作气,一鼓作气 一口气 振作 一举,一鼓作气 一口气 一举 振作
6,12,0.477803917249739,0.0676294570749742,0.25,言行 举动 举止 言辞 言论 言语 一言一行 所作所为 话语 行为 一举一动 表态,表态 行为 言辞 一言一行 一举一动 言语 言论 举止,举动 行为 举止 言语 言论 言行 言辞 一举一动 所作所为 话语 表态 一言一行,言行 举动 举止 言辞 言论 言语 一言一行 所作所为 话语 行为 一举一动 表态
7,4,0.5214328522425897,0.17088483295739554,0.0,一无所有 一事无成 无所事事 一无所知,一无所知 无所事事 一事无成 一无所有,一无所知 无所事事 一无所有 一事无成,一无所有 一事无成 无所事事 一无所知
8,13,0.5027871987713288,0.07544003530486645,0.3076923076923077,许多 一些 不少 众多 好多 无数 诸多 大批 大量 那些 这些 成千上万,成千上万 大量 这些 诸多 大批 些 无数 那些,些 不少 许多 无数 那些 这些 大批 大量 好多 众多 诸多 一些,许多 一些 不少 众多 好多 无数 诸多 大批 大量 那些 这些 成千上万 些
9,4,0.5314095787166125,0.21288330004544065,0.0,一代 代 下一代 世代,世代 下一代 代 一代,代 世代 下一代 一代,一代 代 下一代 世代
10,13,0.46122413604301205,0.01804776964137196,0.5384615384615384,钟头 星期 分钟 小时 半天 天 钟 好久 一会儿 礼拜 多久 秒,周 秒 多久 好久 一会儿 天 钟 礼拜,周 天 一会儿 秒 礼拜 分钟 多久 钟 小时 好久 钟头 星期,钟头 星期 分钟 小时 半天 天 钟 好久 一会儿 礼拜 多久 秒 周
11,1,,0.0,0.0,一体,一体,一体,一体
12,14,0.490635607385393,0.10028168031969087,0.2857142857142857,总共 共计 总计 一共 共 约 合计 大约 共有 累计 将近 折合,折合 整整 近 大约 累计 共有 约 将近,共有 共 约 总共 总计 合计 大约 近 折合 将近 共计 整整,总共 共计 总计 一共 共 约 合计 大约 共有 累计 将近 折合 整整 近
13,13,0.46461597451122383,0.03779224637631236,0.3076923076923077,屡次 再次 频频 一再 再度 多次 接连 屡 接二连三 三番五次 频繁 再,重新 再 接连 频繁 再次 接二连三 三番五次 多次,重新 再 屡 频繁 三番五次 再度 再次 多次 接二连三 频频 屡次 接连,屡次 再次 频频 一再 再度 多次 接连 屡 接二连三 三番五次 频繁 再 重新
14,4,0.4268813473658677,-0.022827362790166172,0.5,一概 一律 不予 一切,不予 一切 一律 一概,不予 一概 一切 一律,一概 一律 不予 一切
15,10,0.5217729311573623,0.10667626894684763,0.1,哆嗦 发抖 颤抖 通红 惨白 浑身 红扑扑 一动不动 动弹 火辣辣,浑身 一动不动 火辣辣 动弹 红扑扑 颤抖 惨白 哆嗦,红扑扑 浑身 一动不动 哆嗦 发抖 惨白 火辣辣 动弹 颤抖 通红,哆嗦 发抖 颤抖 通红 惨白 浑身 红扑扑 一动不动 动弹 火辣辣
16,5,0.39709703760895143,-0.05725894470250674,0.6,部分 一部分 一半 个别 半,个别 半 一半 部分 一部分,半 部分 一部分 个别 一半,部分 一部分 一半 个别 半
17,10,0.490338188366386,0.01079017358587071,0.5,银行卡 取款 存折 挂失 信用卡 汇款 取款机 一卡通 账户 卡,卡 一卡通 汇款 取款机 存折 账户 挂失 信用卡,取款 卡 挂失 一卡通 取款机 信用卡 汇款 存折 银行卡 账户,银行卡 取款 存折 挂失 信用卡 汇款 取款机 一卡通 账户 卡
18,6,0.5491336222770837,0.2031596921431544,0.0,俗话 俗语 一句话 句 名言 俗话说,俗话说 句 俗语 一句话 俗话 名言,俗话说 句 名言 俗话 俗语 一句话,俗话 俗语 一句话 句 名言 俗话说
19,5,0.5840423408863228,0.3082448367878242,0.0,一向 向来 一贯 历来 一如既往,一如既往 历来 一贯 向来 一向,历来 一贯 一如既往 向来 一向,一向 向来 一贯 历来 一如既往
20,5,0.5055058404139897,0.11847735493514382,0.2,只顾 一味 盲目 只管 随大溜,随大溜 只管 一味 盲目 只顾,盲目 只管 只顾 随大溜 一味,只顾 一味 盲目 只管 随大溜
21,4,0.4484812432619192,-0.026161251210275266,0.75,一塌糊涂 不像话 无话可说 一干二净,无话可说 一干二净 不像话 一塌糊涂,不像话 无话可说 一塌糊涂 一干二净,一塌糊涂 不像话 无话可说 一干二净
22,10,0.49680224962854913,0.025728356774275235,0.2,一言不发 一声不吭 不耐烦 不理 漠然 冷淡 爱理不理 理睬 沉默 迟疑,冷淡 迟疑 沉默 理睬 一声不吭 爱理不理 一言不发 不耐烦,一声不吭 一言不发 爱理不理 不理 冷淡 不耐烦 迟疑 理睬 漠然 沉默,一言不发 一声不吭 不耐烦 不理 漠然 冷淡 爱理不理 理睬 沉默 迟疑
23,36,0.503580779180977,0.019679362107139078,0.4444444444444444,晚上 傍晚 早上 早晨 中午 下午 清晨 夜里 上午 凌晨 一早 深夜,今日 明天 黑夜 当日 今天 夜晚 下班 次日,昨天 早晨 起床 下午 凌晨 一大早 晚饭 晚间 上午 晚 日 次日,晚上 傍晚 早上 早晨 中午 下午 清晨 夜里 上午 凌晨 一早 深夜 一大早 半夜 白天 当晚 夜晚 昨天 晚饭 前天 晚 午饭 次日 起床 当天 晚间 夜间 明天 今天 星期天 下班 黄昏 当日 日 今日 黑夜
24,8,0.5292155047862642,0.14837608534726315,0.125,一天到晚 整天 成天 一年到头 从早到晚 老是 日复一日 常年,常年 日复一日 老是 从早到晚 一年到头 成天 一天到晚 整天,一天到晚 一年到头 日复一日 成天 老是 常年 整天 从早到晚,一天到晚 整天 成天 一年到头 从早到晚 老是 日复一日 常年
25,1,,0.0,0.0,一头,一头,一头,一头
26,15,0.4711130572235312,-0.0067518157675645245,0.5333333333333333,必定 必然 势必 迟早 不一定 必将 未必 肯定 会 不见得 注定 都会,迟早 都会 不可避免 会 就要 必定 一定 不见得,会 肯定 不可避免 不一定 不见得 必定 必将 必然 势必 都会 就要 未必,必定 必然 势必 迟早 不一定 必将 未必 肯定 会 不见得 注定 都会 一定 就要 不可避免
27,13,0.5202802847544408,0.11017719910018046,0.15384615384615385,母女 父女 母子 夫妻 父子 两口子 夫妇 姐妹 俩 一家人 情侣 兄弟,双胞胎 一家人 姐妹 两口子 兄弟 情侣 俩 夫妇,俩 母子 母女 姐妹 一家人 夫妇 夫妻 双胞胎 兄弟 情侣 两口子 父女,母女 父女 母子 夫妻 父子 两口子 夫妇 姐妹 俩 一家人 情侣 兄弟 双胞胎
28,4,0.47798637089292995,0.09791705956559707,0.25,一路 一路顺风 一帆风顺 一带,一帆风顺 一带 一路顺风 一路,一帆风顺 一路 一路顺风 一带,一路 一路顺风 一帆风顺 一带
29,5,0.500585137052968,0.13345745907135645,0.2,一应俱全 齐全 应有尽有 设施 配套,设施 配套 齐全 应有尽有 一应俱全,齐全 配套 一应俱全 应有尽有 设施,一应俱全 齐全 应有尽有 设施 配套
30,4,0.5141913303765163,0.18999124064581518,0.25,曾经 曾 一度 过,过 一度 曾经 曾,曾 曾经 过 一度,曾经 曾 一度 过
31,1,,0.0,0.0,一心,一心,一心,一心
32,18,0.4647406349924562,-0.022590698253956955,0.5,竭力 竭尽全力 尽力 想方设法 千方百计 全力 极力 设法 全力以赴 一心一意 试图 全心全意,一心一意 想 妄想 齐心协力 争分夺秒 全心全意 诚心诚意 全力以赴,争分夺秒 想 全力 千方百计 极力 企图 尽力 竭尽全力 想方设法 妄想 诚心诚意 一心一意,竭力 竭尽全力 尽力 想方设法 千方百计 全力 极力 设法 全力以赴 一心一意 试图 全心全意 诚心诚意 企图 齐心协力 想 争分夺秒 妄想
33,3,0.5163446439741718,0.1200403646387428,0.0,僵化 教条 一成不变,教条 一成不变 僵化,僵化 一成不变 教条,僵化 教条 一成不变
34,1,,0.0,0.0,一手,一手,一手,一手
35,9,0.48649074341977283,0.040002070858279386,0.4444444444444444,爱好 专长 特长 嗜好 喜好 兴趣 擅长 座右铭 一技之长,兴趣 擅长 一技之长 座右铭 喜好 专长 嗜好 特长,一技之长 嗜好 专长 擅长 兴趣 座右铭 喜好 特长 爱好,爱好 专长 特长 嗜好 喜好 兴趣 擅长 座右铭 一技之长
36,6,0.4095962498595637,-0.008024380604847491,0.3333333333333333,干部 领导 同志 一把手 干事 公务员,干事 公务员 领导 一把手 同志 干部,同志 干部 公务员 一把手 领导 干事,干部 领导 同志 一把手 干事 公务员
37,1,,0.0,0.0,一揽子,一揽子,一揽子,一揽子
38,10,0.4766549043237782,0.09501902181279745,0.4,不仅 不光 不仅仅 不但 既 固然 一方面 不如说 不止 并,不止 并 一方面 不如说 固然 不光 既 不但,不仅 不但 并 不光 不止 既 固然 不如说 不仅仅 一方面,不仅 不光 不仅仅 不但 既 固然 一方面 不如说 不止 并
39,41,0.4912921171529533,-0.01634077472161818,0.5609756097560976,旁边 后边 前边 那边 外边 里边 前面 后面 那儿 下边 上边 左边,上边 上面 跟前 远处 右边 左边 前头 外头,门口 旁边 跟前 旁 左边 北边 那儿 楼上 楼下 上面 后头 那里,旁边 后边 前边 那边 外边 里边 前面 后面 那儿 下边 上边 左边 底下 右边 外头 外面 里面 西边 东边 南边 对面 里头 上面 这边 旁 北边 远处 楼下 那里 门口 这儿 下面 楼上 两边 里 跟前 一旁 后头 隔壁 中间 前头
40,18,0.5458337589247,0.1385119489733984,0.1111111111111111,如果 假如 倘若 即使 即便 假使 就算 只要 若 除非 要是 哪怕,每当 万一 当 就算 要是 一旦 既然 纵然,如果 纵然 倘若 当 哪怕 每当 就算 除非 即使 即便 要是 若,如果 假如 倘若 即使 即便 假使 就算 只要 若 除非 要是 哪怕 纵然 一旦 既然 当 每当 万一
41,3,0.48653873561181754,0.15881625466081076,0.0,暂时 暂 一时,一时 暂 暂时,暂时 暂 一时,暂时 暂 一时
42,6,0.3848617262935605,-0.05845628903042887,0.8333333333333334,一晃 晃荡 晃 转眼 眼看 徘徊,徘徊 晃 眼看 转眼 晃荡 一晃,晃 眼看 转眼 徘徊 一晃 晃荡,一晃 晃荡 晃 转眼 眼看 徘徊
43,18,0.48686304262390295,0.10899084629952814,0.3333333333333333,如同 譬如 好比 比如 像 比如说 犹如 譬如说 如 例如 好似 如果说,一样 仿佛 如果说 似的 好似 比方 正如 如一,譬如 似的 像 如 如果说 譬如说 例如 好比 比如说 好似 犹如 比方,如同 譬如 好比 比如 像 比如说 犹如 譬如说 如 例如 好似 如果说 正如 比方 仿佛 如一 一样 似的
44,2,0.5496559203628515,0.10820181344039373,0.0,因人而异 一概而论,因人而异 一概而论,一概而论 因人而异,因人而异 一概而论
45,12,0.5103497271335321,0.09023187785287638,0.08333333333333333,相同 相似 不同 截然不同 有所不同 一模一样 大同小异 雷同 类似 与众不同 不同寻常 同一,同一 相同 与众不同 不同寻常 类似 雷同 截然不同 相似,不同寻常 不同 一模一样 大同小异 同一 雷同 有所不同 相同 类似 相似 与众不同 截然不同,相同 相似 不同 截然不同 有所不同 一模一样 大同小异 雷同 类似 与众不同 不同寻常 同一
46,1,,0.0,0.0,一次性,一次性,一次性,一次性
47,1,,0.0,0.0,一毛不拔,一毛不拔,一毛不拔,一毛不拔
48,6,0.505562561589902,0.10763013907619412,0.3333333333333333,顶级 顶尖 世界级 一流 重量级 精英,精英 重量级 一流 世界级 顶尖 顶级,顶级 顶尖 精英 重量级 世界级 一流,顶级 顶尖 世界级 一流 重量级 精英
49,7,0.5968665542638921,0.29256734120975886,0.14285714285714285,稍稍 稍微 稍 略微 略 有所 一点儿,一点儿 有所 略 略微 稍稍 稍 稍微,稍 略 略微 稍微 有所 稍稍 一点儿,稍稍 稍微 稍 略微 略 有所 一点儿
50,8,0.46249485698475085,0.055471339963337606,0.25,一生 终生 一辈子 人生 生涯 生平 终身 生前,生前 生平 生涯 一辈子 终身 人生 终生 一生,一辈子 人生 生涯 生前 生平 终身 一生 终生,一生 终生 一辈子 人生 生涯 生平 终身 生前
51,4,0.39881661926156636,-0.019664272358863335,0.25,一阵 一番 番 阵,阵 番 一阵 一番,一阵 番 阵 一番,一阵 一番 番 阵
52,1,,0.0,0.0,一目了然,一目了然,一目了然,一目了然
53,16,0.5361798725211583,0.09615995774262984,0.375,仍然 仍旧 依然 依旧 仍 却 始终 还 还是 一直 终究 总是,始终 终究 总是 都 照样 一直 却 尚,始终 仍然 却 尚 仍 仍旧 照样 总是 还是 依旧 都 依然,仍然 仍旧 依然 依旧 仍 却 始终 还 还是 一直 终究 总是 虽 都 照样 尚
54,15,0.4720952781084629,-0.01724590035157588,0.5333333333333333,瞅 扭头 一眼 瞧 瞪 回头 抬头 打量 眨眼 低头 愣 看,眼 盯 瞪 过头 愣 看 打量 眨眼,瞪 瞧 瞅 看 眼 盯 打量 愣 回头 扭头 眨眼 低头,瞅 扭头 一眼 瞧 瞪 回头 抬头 打量 眨眼 低头 愣 看 眼 过头 盯
55,7,0.5027366391207367,0.07010908672950109,0.2857142857142857,发愁 犯愁 操心 伤脑筋 愁 操劳 一筹莫展,一筹莫展 操劳 愁 操心 伤脑筋 犯愁 发愁,愁 操心 操劳 犯愁 发愁 一筹莫展 伤脑筋,发愁 犯愁 操心 伤脑筋 愁 操劳 一筹莫展
56,8,0.49966217274030716,0.10417682796949465,0.375,各种 各式各样 种种 形形色色 一系列 多种 五花八门 一连串,一连串 多种 一系列 五花八门 形形色色 种种 各式各样 各种,一连串 种种 形形色色 多种 各式各样 一系列 五花八门 各种,各种 各式各样 种种 形形色色 一系列 多种 五花八门 一连串
57,4,0.4513119896369953,-0.0012352722636182756,0.75,第一线 一线 前线 第一手,第一手 一线 前线 第一线,第一手 第一线 前线 一线,第一线 一线 前线 第一手
58,1,,0.0,0.0,一经,一经,一经,一经
59,1,,0.0,0.0,一致,一致,一致,一致
60,16,0.49347505157158433,0.10984222728805744,0.1875,时常 常常 有时 经常 偶尔 时不时 有时候 不时 常 往往 时时 平时,平时 一般 随时 往往 时而 通常 时时 时不时,时常 时时 通常 常 一般 往往 不时 有时候 偶尔 时而 有时 经常,时常 常常 有时 经常 偶尔 时不时 有时候 不时 常 往往 时时 平时 通常 时而 随时 一般
61,28,0.4882794254573853,0.016742943748171712,0.4642857142857143,此外 换言之 除此之外 总而言之 也就是说 事实上 总之 与此同时 由此可见 由此看来 另外 据悉,另外 同时 相对而言 就是说 说白了 除此之外 为此 这样一来,总之 据悉 这就是说 就是说 相比之下 同时 总而言之 也就是说 综上所述 另一方面 因此 其次,此外 换言之 除此之外 总而言之 也就是说 事实上 总之 与此同时 由此可见 由此看来 另外 据悉 其次 因此 这就是说 相比之下 另一方面 总的来说 综上所述 这样一来 相对而言 一般来说 至此 就是说 众所周知 说白了 同时 为此
62,1,,0.0,0.0,一行,一行,一行,一行
63,12,0.4821331293036771,0.029030084846723318,0.5,路途 路上 路程 山路 旅程 旅途 途中 小路 路 一路上 道路 行程,途中 道路 小路 行程 一路上 路 旅途 山路,旅途 旅程 一路上 山路 道路 小路 行程 路 路途 路上 路程 途中,路途 路上 路程 山路 旅程 旅途 途中 小路 路 一路上 道路 行程
64,16,0.4888361604193025,0.031529358944201794,0.375,祝愿 祝贺 祝福 敬意 衷心 问候 祝 感谢 致敬 诚挚 贺电 敬礼,心想事成 一路平安 慰问 感谢 敬礼 保佑 诚挚 祝,诚挚 祝愿 衷心 祝福 祝 问候 敬意 敬礼 一路平安 保佑 感谢 贺电,祝愿 祝贺 祝福 敬意 衷心 问候 祝 感谢 致敬 诚挚 贺电 敬礼 一路平安 慰问 保佑 心想事成
65,1,,0.0,0.0,一身,一身,一身,一身
66,8,0.4133403241076472,-0.06991256236503202,0.75,使劲 拼命 一边 不停 用力 边 一面 拼,拼 一面 不停 边 用力 一边 拼命 使劲,一面 一边 不停 拼 用力 使劲 边 拼命,使劲 拼命 一边 不停 用力 边 一面 拼
67,3,0.5263196538094815,0.2302595821690213,0.0,一连 连续 连,连续 连 一连,一连 连续 连,一连 连续 连
68,1,,0.0,0.0,一道,一道,一道,一道
69,3,0.4318477762412168,-0.04801510504292015,0.6666666666666666,搅 绞 一锅粥,绞 一锅粥 搅,一锅粥 绞 搅,搅 绞 一锅粥
70,5,0.4315925180188055,0.033207127514192594,0.2,长短 短 长 一长一短 大小,大小 一长一短 长 短 长短,长短 短 大小 一长一短 长,长短 短 长 一长一短 大小
71,5,0.4694632166127983,0.14747042701717356,0.2,乙 丙 甲 丁 姜,姜 丁 丙 甲 乙,姜 乙 丙 丁 甲,乙 丙 甲 丁 姜
72,8,0.48091303890248505,0.04925278305078139,0.375,哄堂大笑 鸦雀无声 目瞪口呆 交头接耳 面红耳赤 七嘴八舌 异口同声 哗然,面红耳赤 目瞪口呆 异口同声 交头接耳 七嘴八舌 哗然 哄堂大笑 鸦雀无声,哄堂大笑 哗然 鸦雀无声 七嘴八舌 面红耳赤 目瞪口呆 交头接耳 异口同声,哄堂大笑 鸦雀无声 目瞪口呆 交头接耳 面红耳赤 七嘴八舌 异口同声 哗然
73,6,0.5031780163781183,0.11658047270768102,0.16666666666666666,千 百 万 亿 数 千万,千万 万 亿 数 百 千,千 亿 万 百 数 千万,千 百 万 亿 数 千万
74,1,,0.0,0.0,万万,万万,万万,万万
75,1,,0.0,0.0,万分,万分,万分,万分
76,4,0.4955200371168082,0.09029264623785782,0.0,友谊 万古长青 友好 干杯,干杯 友好 万古长青 友谊,干杯 友好 万古长青 友谊,友谊 万古长青 友好 干杯
77,1,,0.0,0.0,万无一失,万无一失,万无一失,万无一失
78,2,0.5551343701508054,0.29782687874517866,0.0,万能 全能,万能 全能,全能 万能,万能 全能
79,84,0.5192078023461573,0.09488035836706876,0.3333333333333333,姑姑 舅舅 奶奶 姐姐 爸爸 妹妹 爷爷 爸 姥姥 母亲 哥哥 嫂子,老家 老王 姑娘 爱人 长辈 亲人 寡妇 她,爱人 太太 哥哥 老太太 哥 她 妈 妹 姐 姨 娘 弟,姑姑 舅舅 奶奶 姐姐 爸爸 妹妹 爷爷 爸 姥姥 母亲 哥哥 嫂子 妈妈 父亲 姥爷 爹 弟弟 妈 儿子 外婆 闺女 媳妇 女儿 伯母 老婆 叔叔 伯父 大姐 孙女 外公 祖母 岳母 丈夫 父母 岳父 老公 阿姨 妻子 大哥 伯伯 老太太 继父 大爷 姐 孙子 太太 老伴儿 娘 继母 姨 女婿 亲戚 长辈 孩子 家人 她 师父 弟 老头儿 妹 男朋友 爱人 女朋友 老人家 祖父 小孩儿 老汉 大妈 姑娘 邻居 丫头 亲生 大人 亲人 师傅 儿女 老师 老人 家里 老家 寡妇 徒弟 老王 哥
80,90,0.46425140516404595,-0.02194987084966602,0.5888888888888889,米饭 卤味 饺子 薯条 烤肉 香肠 饼 粥 包子 豆腐 薯片 豆浆,甜 碗 调料 年夜饭 脆 辣 豆制品 锅,烧烤 汤圆 烤鸭 烤肉 巧克力 吃 喝 嚼 饼干 方便面 碗 粥,米饭 卤味 饺子 薯条 烤肉 香肠 饼 粥 包子 豆腐 薯片 豆浆 饼干 芝士 火锅 好吃 点心 酸奶 馅儿 海鲜 面条儿 吃 美味 果酱 酱 饭 小吃 可口 面包 汤圆 馒头 烤 橙汁 果汁 寿司 肉 菜 酥 佐料 煮 汁 炖 罐头 牛奶 调料 烤鸭 主食 巧克力 中餐 奶茶 涮 麻辣 烧烤 碗 西餐 零食 火腿 鲜美 三明治 早餐 口感 甜 早饭 晚餐 冰棍儿 月饼 盒饭 热腾腾 饮料 快餐 煎 汤 午餐 豆制品 蛋糕 方便面 辣 咖啡 美食 喝 嚼 拌 汽水 可乐 烹调 脆 糖果 年夜饭 煲 锅
81,3,0.5241164331933246,0.1756106152442403,0.0,三维 立体 平面,平面 三维 立体,立体 平面 三维,三维 立体 平面
82,1,,0.0,0.0,三角,三角,三角,三角
83,1,,0.0,0.0,上,上,上,上
84,1,,0.0,0.0,上下,上下,上下,上下
85,21,0.4637170686557183,-0.004261007324435557,0.5714285714285714,月初 月底 月份 年初 年底 中旬 下旬 上旬 去年 今年 前年 上个月,来年 年 全年 年底 去年 下个月 上周 年前,年 年底 年初 年前 上周 月 月底 月初 月份 明年 上旬 中旬,月初 月底 月份 年初 年底 中旬 下旬 上旬 去年 今年 前年 上个月 明年 下个月 月 年前 全年 年 上周 后年 来年
86,27,0.4603752863167147,-0.0031093446826346914,0.48148148148148145,职务 出任 辞去 任命 就任 辞职 担任 任职 兼任 聘任 任 免职,开除 兼 接替 担任 上任 解雇 任期 聘任,撤换 开除 兼 任 任职 罢免 兼任 上任 现任 辞退 辞职 公职,职务 出任 辞去 任命 就任 辞职 担任 任职 兼任 聘任 任 免职 罢免 现任 离职 辞退 就职 任期 接替 辞呈 上任 撤换 公职 前任 解雇 开除 兼
87,16,0.49851406507311713,0.0559652452259261,0.1875,回升 攀升 上升 上涨 飙升 回落 下降 下跌 反弹 升高 高涨 增长,升温 反弹 好转 复苏 水涨船高 升高 下跌 增长,水涨船高 复苏 上升 升温 上涨 升高 反弹 回落 回升 增长 高涨 攀升,回升 攀升 上升 上涨 飙升 回落 下降 下跌 反弹 升高 高涨 增长 升温 好转 复苏 水涨船高
88,15,0.4887472623438536,0.05152086648429132,0.4,回来 回去 过来 进去 出来 进来 上去 下来 出去 上来 下去 起来,出来 回 上去 出去 起来 上来 来 去,下去 去 回 进去 上去 来 进来 上来 回去 出去 回来 出来,回来 回去 过来 进去 出来 进来 上去 下来 出去 上来 下去 起来 去 来 回
89,4,0.43735509784459525,0.02789881179815802,0.5,下台 上台 台上 解散,解散 台上 上台 下台,下台 上台 解散 台上,下台 上台 台上 解散
90,5,0.4164088694208289,-0.029031477050178854,0.6,上司 上级 下级 老板 老大,老大 下级 老板 上级 上司,上司 上级 老大 老板 下级,上司 上级 下级 老板 老大
91,5,0.5334046535102799,0.1699057219517085,0.2,出场 上场 入场 进场 开场,开场 上场 进场 入场 出场,进场 开场 入场 上场 出场,出场 上场 入场 进场 开场
92,1,,0.0,0.0,上头,上头,上头,上头
93,27,0.4750924821363032,0.021544507938694536,0.48148148148148145,小学 高中 初中 中学 学校 大学 就读 转学 入学 年级 上学 念书,学期 民办 班级 学年 读书 求学 入学 公立,入学 开学 上学 幼儿园 年级 升学 中学 班级 大学 小学 读书 退学,小学 高中 初中 中学 学校 大学 就读 转学 入学 年级 上学 念书 学期 开学 私立 师范 退学 升学 幼儿园 学年 中小学 学业 班级 求学 读书 民办 公立
94,3,0.5224867850285272,0.16325781575821277,0.0,岗位 职位 上岗,上岗 职位 岗位,岗位 上岗 职位,岗位 职位 上岗
95,1,,0.0,0.0,上市,上市,上市,上市
96,9,0.4862450593270634,0.06167417423677454,0.4444444444444444,王后 皇帝 皇后 公主 国王 皇上 王子 夫人 上帝,上帝 皇上 夫人 国王 王子 皇帝 公主 皇后,上帝 皇帝 皇后 皇上 国王 夫人 公主 王子 王后,王后 皇帝 皇后 公主 国王 皇上 王子 夫人 上帝
97,5,0.4464374009772841,0.03252948289685916,0.6,受骗 上当 吃亏 挨打 任人宰割,任人宰割 吃亏 挨打 上当 受骗,上当 受骗 挨打 任人宰割 吃亏,受骗 上当 吃亏 挨打 任人宰割
98,6,0.5059382796583665,0.10897571692452913,0.0,提交 递交 申请 申报 上报 申办,申办 申请 上报 申报 提交 递交,申办 上报 递交 提交 申请 申报,提交 递交 申请 申报 上报 申办
99,4,0.4338159789196936,-0.04651849350471336,0.75,前方 上方 两侧 远方,远方 上方 两侧 前方,上方 前方 两侧 远方,前方 上方 两侧 远方
100,29,0.4873226539530617,-0.016855341817102822,0.4482758620689655,电影 电视剧 导演 影片 剧 剧本 喜剧 编剧 主演 动画片 片子 演员,漫画 动画 上映 动画片 配音 科幻 剧本 剧情,演戏 演技 电视剧 剧 电影 戏 演 连续剧 上映 小说 剧情 剧本,电影 电视剧 导演 影片 剧 剧本 喜剧 编剧 主演 动画片 片子 演员 剧情 出演 纪录片 戏 动画 短片 连续剧 小说 配音 演技 作品 上映 漫画 演 科幻 剧组 演戏
101,3,0.5354044043702277,0.2012442332851393,0.0,本期 上期 下期,上期 本期 下期,上期 本期 下期,本期 上期 下期
102,18,0.47048207095223293,-0.0025489117694216116,0.3333333333333333,骑车 出门 下楼 下车 开车 回家 上车 上楼 吃饭 步行 乘车 放学,下山 出行 放学 乘车 上班 顺路 打车 吃饭,开车 下山 顺路 乘车 步行 打车 上班 上楼 上车 出门 出行 放学,骑车 出门 下楼 下车 开车 回家 上车 上楼 吃饭 步行 乘车 放学 上班 走路 打车 顺路 下山 出行
103,3,0.495632971655181,0.06885678817928723,0.6666666666666666,下次 上次 改日,上次 改日 下次,改日 上次 下次,下次 上次 改日
104,1,,0.0,0.0,上流,上流,上流,上流
105,2,0.7840290298431234,0.6440521668946814,0.0,上游 下游,上游 下游,上游 下游,上游 下游
106,3,0.5418505523662906,0.17757219722421624,0.0,上演 演绎 再现,再现 演绎 上演,再现 上演 演绎,上演 演绎 再现
107,5,0.41537347793121737,-0.04035061070805489,0.8,晕 晕车 醉 昏 上火,醉 晕车 上火 昏 晕,晕 昏 上火 晕车 醉,晕 晕车 醉 昏 上火
108,5,0.47421312928064613,0.0896597045820375,0.2,白领 单身 上班族 蓝领 独身,独身 蓝领 上班族 单身 白领,单身 独身 上班族 蓝领 白领,白领 单身 上班族 蓝领 独身
109,19,0.44072972914740505,-0.038650631493598514,0.6842105263157895,迷恋 痴迷 着迷 喜欢 热爱 狂热 沉迷 热衷 崇拜 喜爱 讨厌 陶醉,上瘾 如醉如痴 狂热 迷信 喜爱 爱 迷 着迷,讨厌 爱 热爱 上瘾 崇拜 如醉如痴 沉浸 执着 迷信 着迷 迷恋 迷,迷恋 痴迷 着迷 喜欢 热爱 狂热 沉迷 热衷 崇拜 喜爱 讨厌 陶醉 执着 上瘾 迷 如醉如痴 爱 沉浸 迷信
110,5,0.4247356191916046,0.0002882685823736797,0.6,高空 空 空中 上空 单,单 空 空中 上空 高空,单 空 空中 上空 高空,高空 空 空中 上空 单
111,5,0.4140604392960075,-0.031344662243771804,0.6,网络 互联网 网上 上网 移动,移动 互联网 上网 网上 网络,网上 网络 移动 上网 互联网,网络 互联网 网上 上网 移动
112,52,0.522047042373868,0.07727579505195213,0.3076923076923077,衬衣 衬衫 毛衣 大衣 上衣 裙子 裤子 外套 衣服 袜子 短裤 围巾,项链 拉锁 口罩 发型 书包 帽子 穿 手套,背心 拖鞋 穿 婚纱 内衣 睡袋 纽扣 球鞋 毛衣 穿着 发型 上衣,衬衣 衬衫 毛衣 大衣 上衣 裙子 裤子 外套 衣服 袜子 短裤 围巾 牛仔裤 西装 鞋 羽绒服 拖鞋 皮鞋 凉鞋 领带 内衣 背心 球鞋 穿着 雨衣 礼服 旗袍 手套 毯子 高跟鞋 毛巾 服装 被子 穿 帽子 靴子 皮包 睡袋 蚊帐 款式 纽扣 手帕 口罩 项链 外衣 拉锁 书包 服饰 婚纱 制服 地毯 发型
113,25,0.4876286036282631,0.08602700774281774,0.24,判决 法院 诉讼 上诉 起诉 法庭 裁决 裁定 仲裁 驳回 被告 审判,判处 提起 检察 裁判 案件 司法 赔偿 打官司,驳回 检察 裁决 裁判 裁定 法庭 法官 审判 起诉 判处 法院 判决,判决 法院 诉讼 上诉 起诉 法庭 裁决 裁定 仲裁 驳回 被告 审判 原告 法官 官司 控告 案件 索赔 司法 赔偿 判处 打官司 裁判 提起 检察
114,18,0.49805692860819745,0.03397095827635297,0.3333333333333333,课 备课 上课 课程 复习 课本 预习 讲课 课文 课堂 补习 补课,必修 课程 教材 教学 上课 课堂 课文 课本,复习 补习 课本 课文 课程 课堂 功课 上课 备课 必修 补课 讲课,课 备课 上课 课程 复习 课本 预习 讲课 课文 课堂 补习 补课 听讲 教材 教学 功课 必修 温习
115,5,0.47529348597494636,0.09506284840123733,0.2,下调 调整 上调 调 修正,修正 调 上调 调整 下调,上调 调 修正 调整 下调,下调 调整 上调 调 修正
116,1,,0.0,0.0,上述,上述,上述,上述
117,4,0.4371401081683605,0.017794484270581463,0.25,挨家挨户 家家户户 千家万户 上门,上门 家家户户 千家万户 挨家挨户,上门 挨家挨户 千家万户 家家户户,挨家挨户 家家户户 千家万户 上门
118,1,,0.0,0.0,上限,上限,上限,上限
119,2,0.7701053657327572,0.5969324995995835,0.0,之下 下,下 之下,下 之下,之下 下
120,1,,0.0,0.0,下乡,下乡,下乡,下乡
121,3,0.49137669766306225,0.05450837271787399,0.0,下决心 决定 下令,决定 下决心 下令,下令 下决心 决定,下决心 决定 下令
122,8,0.47230863165300224,0.06425271703512808,0.375,力气 工夫 心思 精力 功夫 心血 本钱 下功夫,本钱 功夫 下功夫 心血 精力 心思 力气 工夫,功夫 心思 下功夫 力气 本钱 心血 工夫 精力,力气 工夫 心思 精力 功夫 心血 本钱 下功夫
123,2,0.5659414886323576,0.242813482927018,0.0,结局 下场,结局 下场,下场 结局,结局 下场
124,3,0.5285332033619462,0.19649685624305116,0.0,下坠 坠 下落,下落 坠 下坠,下坠 坠 下落,下坠 坠 下落
125,3,0.4660592059758561,0.07475496668357473,0.6666666666666666,所属 下属 所在,所在 下属 所属,下属 所在 所属,所属 下属 所在
126,4,0.46114171434129564,0.03135874079677954,0.75,退役 退休 下岗 报废,报废 下岗 退休 退役,下岗 报废 退休 退役,退役 退休 下岗 报废
127,14,0.49414721192145206,0.07104839511559362,0.35714285714285715,情不自禁 禁不住 不禁 不由自主 不由得 忍不住 不免 不能不 下意识 身不由己 不约而同 由衷,毫不犹豫 免不了 下意识 由衷 不约而同 不能不 身不由己 不免,由衷 不免 禁不住 不禁 不由自主 不由得 忍不住 身不由己 情不自禁 免不了 不约而同 下意识,情不自禁 禁不住 不禁 不由自主 不由得 忍不住 不免 不能不 下意识 身不由己 不约而同 由衷 免不了 毫不犹豫
128,3,0.4607384658446368,0.01803800429996073,0.3333333333333333,下手 入手 动手,入手 动手 下手,入手 动手 下手,下手 入手 动手
129,8,0.42212452370572245,-0.034896569221482876,0.75,下棋 对弈 猜谜 棋 比试 捉迷藏 棋子 猜,棋子 猜 猜谜 比试 棋 捉迷藏 下棋 对弈,对弈 猜 棋 捉迷藏 猜谜 棋子 下棋 比试,下棋 对弈 猜谜 棋 比试 捉迷藏 棋子 猜
130,1,,0.0,0.0,下海,下海,下海,下海
131,3,0.502045742367768,0.12220921609003987,0.0,旷课 迟到 下课,迟到 下课 旷课,旷课 迟到 下课,旷课 迟到 下课
132,5,0.4520710455204043,0.03360416292684001,0.4,搜索 下载 浏览 浏览器 搜,搜 浏览器 下载 浏览 搜索,搜 浏览 浏览器 搜索 下载,搜索 下载 浏览 浏览器 搜
133,12,0.5372756290311133,0.1368398165283579,0.16666666666666666,阴天 下雨 晴天 晴朗 下雪 刮风 天气 多云 晴 雨 打雷 风和日丽,雨 打雷 晴 风和日丽 刮风 多云 天气 晴朗,刮风 打雷 晴 晴天 晴朗 多云 雨 天气 风和日丽 阴天 下雪 下雨,阴天 下雨 晴天 晴朗 下雪 刮风 天气 多云 晴 雨 打雷 风和日丽
134,14,0.5099224508736104,0.08676004265845617,0.35714285714285715,从未 不曾 从没 从来不 从不 没有 没 从来 未 不肯 不 决不,尚未 决不 不肯 迟迟 不 从来 没有 没,迟迟 不 不曾 未 没 从未 从来 从没 没有 从不 不肯 从来不,从未 不曾 从没 从来不 从不 没有 没 从来 未 不肯 不 决不 尚未 迟迟
135,17,0.46697799814149976,-0.008974477072690647,0.47058823529411764,之后 随后 后 此后 然后 以后 其后 后来 紧接着 接着 不久 过后,前 之前 不一会儿 后来 于是 继而 过后 后,不久 前 后 以后 后来 然后 于是 不一会儿 紧接着 其后 之后 之前,之后 随后 后 此后 然后 以后 其后 后来 紧接着 接着 不久 过后 于是 不一会儿 继而 之前 前
136,8,0.47954385135540606,0.053357226754246825,0.375,隐蔽 藏匿 隐藏 藏身 躲藏 隐身 掩护 不为人知,不为人知 隐身 掩护 隐藏 躲藏 藏匿 藏身 隐蔽,不为人知 躲藏 藏身 藏匿 隐身 隐藏 隐蔽 掩护,隐蔽 藏匿 隐藏 藏身 躲藏 隐身 掩护 不为人知
137,1,,0.0,0.0,不了了之,不了了之,不了了之,不了了之
138,8,0.46486267331079467,-0.009226492151263092,0.625,媲美 不相上下 相提并论 比不上 抗衡 逊色 不亚于 叫板,不亚于 抗衡 叫板 比不上 相提并论 逊色 不相上下 媲美,媲美 叫板 抗衡 比不上 逊色 相提并论 不亚于 不相上下,媲美 不相上下 相提并论 比不上 抗衡 逊色 不亚于 叫板
139,3,0.5216878336695625,0.131555751506883,0.0,不亦乐乎 起劲 津津有味,津津有味 起劲 不亦乐乎,起劲 津津有味 不亦乐乎,不亦乐乎 起劲 津津有味
140,4,0.485565054665202,0.035771186910920655,0.0,半信半疑 半真半假 开玩笑 不以为然,不以为然 半真半假 半信半疑 开玩笑,半信半疑 开玩笑 半真半假 不以为然,半信半疑 半真半假 开玩笑 不以为然
141,3,0.48153210953065684,0.03283556302109946,0.3333333333333333,麻烦 不便 碍事,碍事 不便 麻烦,不便 碍事 麻烦,麻烦 不便 碍事
142,5,0.4889031096999764,0.03278112916207661,0.2,过意不去 舍不得 不好意思 不值 过不去,舍不得 不值 不好意思 过不去 过意不去,舍不得 不值 过意不去 过不去 不好意思,过意不去 舍不得 不好意思 不值 过不去
143,2,0.5332616503265519,0.12301695753522472,0.0,不假思索 脱口而出,不假思索 脱口而出,脱口而出 不假思索,不假思索 脱口而出
144,13,0.478791304759381,0.09231732197583781,0.23076923076923078,不必 不要 不用 用不着 何必 别 何苦 非得 无须 不宜 用得着 勿,非得 用得着 不宜 勿 何苦 不再 无须 不要,别 勿 不宜 不必 不再 无须 不用 用不着 用得着 不要 何苦 何必,不必 不要 不用 用不着 何必 别 何苦 非得 无须 不宜 用得着 勿 不再
145,9,0.5472656056362732,0.21339169052327595,0.0,不许 允许 不准 严禁 禁止 擅自 准许 私自 容许,容许 私自 严禁 擅自 准许 不许 不准 禁止,私自 不准 严禁 容许 允许 不许 擅自 准许 禁止,不许 允许 不准 严禁 禁止 擅自 准许 私自 容许
146,8,0.45487478208647036,0.042510962386249546,0.375,有利于 有助于 不利于 有利 便于 不利 有望 旨在,旨在 有望 不利 便于 有利 不利于 有助于 有利于,不利 有助于 有望 不利于 有利 便于 旨在 有利于,有利于 有助于 不利于 有利 便于 不利 有望 旨在
147,5,0.5512194447294265,0.1771874366093884,0.0,难以置信 不可思议 难以想象 意想不到 惊人,意想不到 惊人 不可思议 难以想象 难以置信,惊人 难以想象 难以置信 意想不到 不可思议,难以置信 不可思议 难以想象 意想不到 惊人
148,8,0.5262856671609312,0.1435408075928789,0.25,在乎 在意 不在乎 介意 计较 无所谓 理会 大惊小怪,大惊小怪 无所谓 理会 计较 介意 不在乎 在意 在乎,不在乎 计较 无所谓 理会 大惊小怪 在乎 介意 在意,在乎 在意 不在乎 介意 计较 无所谓 理会 大惊小怪
149,3,0.5218336917234166,0.12339473036772242,0.3333333333333333,糟糕 糟 不堪,不堪 糟糕 糟,不堪 糟 糟糕,糟糕 糟 不堪
150,12,0.4678896305490147,0.049978867814286836,0.3333333333333333,说不上 不算 好说 谈不上 不怎么 难说 没什么 很难说 不怎么样 不用说 不够 不大,不大 不够 没什么 不怎么样 不用说 很难说 难说 不怎么,谈不上 不大 不够 不算 不怎么样 很难说 不用说 没什么 说不上 不怎么 难说 好说,说不上 不算 好说 谈不上 不怎么 难说 没什么 很难说 不怎么样 不用说 不够 不大
151,2,0.5247279282506289,0.19965041679698453,0.0,不妨 不如,不妨 不如,不妨 不如,不妨 不如
152,94,0.4678737144203719,-0.07074208080553013,0.723404255319149,沮丧 羞愧 惊讶 气愤 诧异 惋惜 难过 吃惊 惭愧 伤心 惊诧 心疼,赞叹 焦急 着急 羡慕 不服气 怨恨 嫉妒 惊叹,惊慌失措 怜惜 佩服 吃惊 慌乱 犹豫 得意 沮丧 慌张 迷惑不解 绝望 惊叹,沮丧 羞愧 惊讶 气愤 诧异 惋惜 难过 吃惊 惭愧 伤心 惊诧 心疼 痛心 茫然 伤感 悔恨 失望 惊慌 悲哀 欣喜 苦恼 慌张 欣慰 愤怒 悲伤 绝望 委屈 激动 自责 疑惑 生气 不安 心酸 感激 焦急 怨恨 痛苦 恐惧 怜惜 害怕 难堪 兴奋 焦躁 厌烦 不解 嫉妒 惊奇 难受 胆怯 慌乱 扫兴 难为情 高兴 羡慕 烦躁 畏惧 为难 失落 后悔 悲痛 困惑 好笑 无奈 妒忌 敬佩 震惊 忧愁 着急 自豪 焦虑 不服气 害臊 狼狈 遗憾 感慨 感动 自卑 得意 不屑 泄气 骄傲 尴尬 垂头丧气 钦佩 灰心 反感 惊慌失措 迷惑不解 凄凉 惊叹 犹豫 慌 佩服 赞叹
153,1,,0.0,0.0,不定,不定,不定,不定
154,1,,0.0,0.0,不容,不容,不容,不容
155,6,0.43291790553049186,0.00456934099121193,0.6666666666666666,对不起 对得起 辜负 看得起 了不起 不对,辜负 看得起 了不起 不对 对不起 对得起,辜负 不对 看得起 对不起 对得起 了不起,对不起 对得起 辜负 看得起 了不起 不对
156,4,0.6034214858285502,0.25332754797305007,0.0,赞叹不已 赞不绝口 不已 爱不释手,爱不释手 不已 赞不绝口 赞叹不已,不已 爱不释手 赞叹不已 赞不绝口,赞叹不已 赞不绝口 不已 爱不释手
157,3,0.45851476804973057,0.04782192946628736,0.3333333333333333,不满 不平 不服,不服 不平 不满,不平 不服 不满,不满 不平 不服
158,16,0.46113571929612907,0.00040760951445077383,0.5625,可悲 悲惨 可怕 惨痛 可耻 惨 丢人 耻辱 丢脸 可怜 吓人 悲剧,悲剧 丢脸 可怜 难看 骇人听闻 吓人 不幸 惨,不幸 惨 丢人 吓人 可怕 可怜 可悲 悲剧 耻辱 悲惨 惨痛 骇人听闻,可悲 悲惨 可怕 惨痛 可耻 惨 丢人 耻辱 丢脸 可怜 吓人 悲剧 难看 触目惊心 骇人听闻 不幸
159,12,0.5030804702829753,0.0936671538129455,0.16666666666666666,只好 只得 不得不 宁愿 索性 不得已 宁可 干脆 被迫 只能 不惜 无可奈何,无可奈何 宁愿 不惜 只能 宁可 索性 干脆 被迫,不得不 宁愿 不得已 不惜 只得 只好 被迫 干脆 无可奈何 只能 索性 宁可,只好 只得 不得不 宁愿 索性 不得已 宁可 干脆 被迫 只能 不惜 无可奈何
160,5,0.503348687816165,0.03705376646618989,0.2,要命 不得了 受不了 厉害 够呛,够呛 厉害 不得了 受不了 要命,不得了 厉害 够呛 受不了 要命,要命 不得了 受不了 厉害 够呛
161,3,0.4687266945334037,0.07783315046808205,0.0,不得而知 可想而知 未知数,未知数 不得而知 可想而知,不得而知 可想而知 未知数,不得而知 可想而知 未知数
162,14,0.48109902581731484,0.01206496001443272,0.5,刻苦 勤奋 辛勤 不懈 拼搏 努力 兢兢业业 钻研 用功 坚持不懈 苦心 奋斗,好学 兢兢业业 废寝忘食 奋斗 努力 拼搏 钻研 坚持不懈,废寝忘食 不懈 刻苦 用功 辛勤 兢兢业业 好学 苦心 钻研 奋斗 勤奋 坚持不懈,刻苦 勤奋 辛勤 不懈 拼搏 努力 兢兢业业 钻研 用功 坚持不懈 苦心 奋斗 废寝忘食 好学
163,1,,0.0,0.0,不成,不成,不成,不成
164,8,0.4531612576870266,-0.029438155161816467,0.75,赐教 指教 不敢当 久仰 请坐 冒昧 指点 孤陋寡闻,请坐 孤陋寡闻 指点 不敢当 冒昧 久仰 赐教 指教,请坐 不敢当 孤陋寡闻 久仰 指教 冒昧 指点 赐教,赐教 指教 不敢当 久仰 请坐 冒昧 指点 孤陋寡闻
165,4,0.6663422097786816,0.3855192427599949,0.0,没想到 想不到 料到 不料,不料 料到 想不到 没想到,不料 想不到 料到 没想到,没想到 想不到 料到 不料
166,13,0.4937707842761658,0.039911925453964096,0.3076923076923077,逐渐 日益 逐步 日趋 渐渐 逐年 急剧 趋于 不断 慢慢 增多 与日俱增,开始 不断 慢慢 增多 逐步 渐渐 急剧 趋于,日益 增多 不断 渐渐 开始 趋于 逐年 逐渐 逐步 慢慢 急剧 日趋,逐渐 日益 逐步 日趋 渐渐 逐年 急剧 趋于 不断 慢慢 增多 与日俱增 开始
167,4,0.5624423115379965,0.2590097392213507,0.0,不易 容易 难 不难,不难 容易 难 不易,不易 难 不难 容易,不易 容易 难 不难
168,9,0.4446613311819713,-0.007703495068014926,0.5555555555555556,衰退 衰弱 萧条 低迷 不景气 没落 低谷 衰竭 衰减,衰竭 低谷 衰减 衰弱 没落 萧条 低迷 不景气,衰竭 衰减 衰弱 没落 不景气 萧条 低迷 低谷 衰退,衰退 衰弱 萧条 低迷 不景气 没落 低谷 衰竭 衰减
169,10,0.4727546758629902,0.039814163665047614,0.4,贪污 腐败 贿赂 受贿 腐化 官僚主义 公款 不正之风 回扣 官僚,官僚 腐化 公款 官僚主义 不正之风 回扣 受贿 贪污,贪污 腐化 官僚 贿赂 官僚主义 腐败 受贿 回扣 不正之风 公款,贪污 腐败 贿赂 受贿 腐化 官僚主义 公款 不正之风 回扣 官僚
170,13,0.5083071437100387,0.08856838037449813,0.23076923076923078,要不 要不然 不然 说不定 没准儿 别说 那 否则 要么 待会儿 好歹 动不动,待会儿 好歹 那 怕 动不动 别说 否则 要么,动不动 不然 否则 怕 要不然 好歹 那 没准儿 要不 要么 说不定 待会儿,要不 要不然 不然 说不定 没准儿 别说 那 否则 要么 待会儿 好歹 动不动 怕
171,5,0.6049825433445568,0.31644331490727556,0.0,不管 不论 无论 不知 无论如何,不知 无论如何 不管 不论 无论,无论 不知 不管 无论如何 不论,不管 不论 无论 不知 无论如何
172,5,0.46712077378948463,0.04661258168921376,0.2,不知不觉 无形中 潜移默化 不经意 无形,无形 潜移默化 不经意 无形中 不知不觉,不经意 无形 不知不觉 潜移默化 无形中,不知不觉 无形中 潜移默化 不经意 无形
173,1,,0.0,0.0,不翼而飞,不翼而飞,不翼而飞,不翼而飞
174,9,0.44124346950355564,-0.0008550442302609715,0.5555555555555556,询问 问 请教 追问 打听 提问 不耻下问 请问 虚心,提问 请问 虚心 打听 不耻下问 问 请教 询问,询问 追问 请问 虚心 请教 不耻下问 问 打听 提问,询问 问 请教 追问 打听 提问 不耻下问 请问 虚心
175,9,0.49614009722909597,0.133249241170638,0.1111111111111111,甚至于 甚至 或者 以至于 或是 乃至 至于 或 不至于,或 不至于 至于 或是 以至于 或者 乃至 甚至,或 乃至 甚至 以至于 或者 至于 甚至于 或是 不至于,甚至于 甚至 或者 以至于 或是 乃至 至于 或 不至于
176,1,,0.0,0.0,不良,不良,不良,不良
177,32,0.4941804189260941,0.0361383265842079,0.46875,哎 唉 啊 呀 哎呀 哈哈 嘛 哇 哦 嘿 吧 啦,不行 谢谢 好玩儿 吧 抱歉 没说的 说真的 恭喜,没关系 拜托 抱歉 不要紧 吧 呀 咱 哎 哇 哦 哼 唉,哎 唉 啊 呀 哎呀 哈哈 嘛 哇 哦 嘿 吧 啦 哼 没事儿 没错 说真的 谢谢 拜托 再说 咱 没关系 没说的 挺好 快点儿 不要紧 不行 好玩儿 敢情 恭喜 抱歉 喂 滴
178,5,0.3831779052977643,-0.05694564313574444,0.6,失传 消失 灭绝 传人 不见,不见 传人 灭绝 消失 失传,灭绝 不见 传人 消失 失传,失传 消失 灭绝 传人 不见
179,4,0.5336885137830388,0.16213183503780013,0.0,微不足道 无足轻重 渺小 不起眼,不起眼 渺小 无足轻重 微不足道,微不足道 不起眼 无足轻重 渺小,微不足道 无足轻重 渺小 不起眼
180,8,0.5165990788232523,0.16257127010014924,0.25,缺少 缺乏 欠缺 缺失 缺 不足 少 残缺,残缺 少 不足 欠缺 缺失 缺 缺乏 缺少,少 缺 欠缺 不足 残缺 缺乏 缺少 缺失,缺少 缺乏 欠缺 缺失 缺 不足 少 残缺
181,4,0.5167294031168681,0.1007909930777812,0.5,依依不舍 恋恋不舍 目不转睛 不辞而别,不辞而别 目不转睛 恋恋不舍 依依不舍,恋恋不舍 依依不舍 目不转睛 不辞而别,依依不舍 恋恋不舍 目不转睛 不辞而别
182,29,0.49836937824186006,0.024100543046092472,0.3793103448275862,但是 但 况且 然而 毕竟 而且 可是 虽然 何况 不过 虽说 其实,说实话 幸好 所以 好在 因而 可惜 且 因为,按说 幸好 并且 且 但 说实话 虽说 而且 可是 可惜 然而 但愿,但是 但 况且 然而 毕竟 而且 可是 虽然 何况 不过 虽说 其实 好在 所以 当然 因为 幸好 可惜 反正 尽管 实际上 而 说实话 并且 按说 但愿 按理说 且 因而
183,1,,0.0,0.0,不适,不适,不适,不适
184,7,0.5077937635659275,0.12391592682600348,0.14285714285714285,通畅 畅通 顺畅 疏通 不通 打通 通顺,不通 疏通 打通 通顺 畅通 顺畅 通畅,疏通 顺畅 通顺 打通 畅通 不通 通畅,通畅 畅通 顺畅 疏通 不通 打通 通顺
185,5,0.36995536250848715,-0.11121861383429435,1.0,良好 良性 好 不错 恶性,恶性 不错 好 良性 良好,好 良性 良好 不错 恶性,良好 良性 好 不错 恶性
186,7,0.4645292269390324,0.0413578722870903,0.14285714285714285,顾不上 顾不得 来不及 顾及 不顾 来得及 兼顾,兼顾 不顾 来不及 顾及 来得及 顾不得 顾不上,来不及 来得及 不顾 顾及 顾不上 顾不得 兼顾,顾不上 顾不得 来不及 顾及 不顾 来得及 兼顾
187,4,0.5701872469688483,0.2720659705854046,0.0,与 跟 同 与其,与其 跟 与 同,同 与 跟 与其,与 跟 同 与其
188,5,0.3680437129925967,-0.03365289858550573,0.6,取决于 在于 与否 是否 莫过于,是否 莫过于 与否 取决于 在于,在于 莫过于 与否 取决于 是否,取决于 在于 与否 是否 莫过于
189,2,0.5000987961316063,0.09076364954151511,0.0,实事求是 与时俱进,实事求是 与时俱进,实事求是 与时俱进,实事求是 与时俱进
190,9,0.4190138864929674,-0.05432757852674448,0.6666666666666666,丑 恶 贱 贼 凶 帅 贪 好看 善,善 贪 好看 帅 凶 贼 恶 贱,凶 善 帅 丑 恶 好看 贼 贱 贪,丑 恶 贱 贼 凶 帅 贪 好看 善
191,41,0.4700973383900055,-0.025982885587896964,0.5853658536585366,愚蠢 卑鄙 狡猾 残忍 虚伪 凶残 自私 奸诈 冷酷 可恶 丑陋 丑恶,荒谬 凶狠 猖狂 高傲 自私自利 恐怖 荒诞 粗鲁,猖狂 粗鲁 虚伪 卑鄙 无情 贪婪 无知 丑恶 冷酷无情 可恶 狡猾 冷酷,愚蠢 卑鄙 狡猾 残忍 虚伪 凶残 自私 奸诈 冷酷 可恶 丑陋 丑恶 凶恶 邪恶 粗鲁 冷漠 可笑 傲慢 贪婪 无知 无情无义 冷酷无情 蠢 荒谬 高傲 凶狠 庸俗 荒诞 幼稚 自私自利 残酷 拙劣 固执 猖狂 罪恶 狭隘 自以为是 顽固 世故 无情 恐怖
192,7,0.41612014819055515,-0.016626917232185085,0.5714285714285714,风波 动荡 丑闻 事件 危机 沸沸扬扬 剧烈,剧烈 危机 沸沸扬扬 事件 动荡 丑闻 风波,事件 丑闻 剧烈 沸沸扬扬 危机 风波 动荡,风波 动荡 丑闻 事件 危机 沸沸扬扬 剧烈
193,1,,0.0,0.0,专业,专业,专业,专业
194,6,0.5095150062214511,0.12647839768335964,0.16666666666666666,特意 特地 亲自 专门 亲手 专人,亲手 专人 专门 特意 亲自 特地,专人 专门 亲自 亲手 特地 特意,特意 特地 亲自 专门 亲手 专人
195,5,0.4332546190512706,0.02131274643789443,0.2,产品 商标 品牌 专利 品种,品牌 品种 商标 产品 专利,专利 商标 品牌 品种 产品,产品 商标 品牌 专利 品种
196,13,0.4673863215218586,0.02595283889939221,0.3076923076923077,剥削 帝国主义 封建 统治 专制 压迫 掠夺 资本主义 侵略 腐朽 阶级 政权,剥夺 资本主义 阶级 政权 腐朽 专制 掠夺 帝国主义,专制 资本主义 腐朽 掠夺 帝国主义 压迫 阶级 封建 剥夺 剥削 侵略 统治,剥削 帝国主义 封建 统治 专制 压迫 掠夺 资本主义 侵略 腐朽 阶级 政权 剥夺
197,14,0.5166962470128091,0.1470405138373534,0.14285714285714285,超市 连锁店 商场 药店 商店 专卖店 店 便利店 书店 百货 连锁 专柜,零售 商城 药店 便利店 专柜 连锁 百货 连锁店,店 零售 超市 商城 商场 商店 连锁店 专卖店 连锁 便利店 药店 百货,超市 连锁店 商场 药店 商店 专卖店 店 便利店 书店 百货 连锁 专柜 零售 商城
198,6,0.49701084330850154,0.12840232728644876,0.16666666666666666,学者 专家 教授 科学家 院士 资深,资深 教授 专家 院士 学者 科学家,专家 科学家 资深 院士 教授 学者,学者 专家 教授 科学家 院士 资深
199,12,0.44714362096555826,-0.0011902850658158878,0.5833333333333334,细心 仔细 认真 细致 用心 精心 周密 好好 专心 慎重 聚精会神 周到,专心 细致 周到 慎重 聚精会神 周密 精心 好好,专心 周密 周到 细心 细致 用心 慎重 聚精会神 好好 认真 精心 仔细,细心 仔细 认真 细致 用心 精心 周密 好好 专心 慎重 聚精会神 周到
200,6,0.43966975239191014,-0.001518942216930699,0.5,专栏 栏目 专题 访谈 演播室 主题,主题 演播室 访谈 专栏 专题 栏目,演播室 专题 栏目 访谈 主题 专栏,专栏 栏目 专题 访谈 演播室 主题
201,11,0.4670065952688907,0.011645328129062034,0.5454545454545454,着眼于 着力 着重 注重 着眼 侧重 致力于 专注 立足 着手 重点,立足 重点 着手 专注 着眼 致力于 侧重 注重,着眼于 注重 重点 致力于 侧重 着眼 着手 着力 着重 立足 专注,着眼于 着力 着重 注重 着眼 侧重 致力于 专注 立足 着手 重点
202,1,,0.0,0.0,专用,专用,专用,专用
203,19,0.5135955380323028,0.06270056753473359,0.42105263157894735,赶往 赶赴 前往 奔赴 赶到 抵达 来到 起程 飞往 到达 动身 返回,回到 专程 连夜 返回 到达 前来 离开 起程,连夜 飞往 返回 离开 赶到 赶往 赴 回到 前来 赶赴 抵达 到达,赶往 赶赴 前往 奔赴 赶到 抵达 来到 起程 飞往 到达 动身 返回 赴 直奔 离开 专程 回到 前来 连夜
204,2,0.6082283959496873,0.2539632230637585,0.0,专职 兼职,专职 兼职,专职 兼职,专职 兼职
205,15,0.4413749756104234,-0.046611043395738766,0.6,专著 书籍 出版 著作 论文 刊物 名著 图书 书 册 出版社 文献,刊物 主编 篇 音像 册 名著 文献 书,图书 册 书 篇 名著 论文 著作 专著 音像 刊物 出版 出版社,专著 书籍 出版 著作 论文 刊物 名著 图书 书 册 出版社 文献 主编 篇 音像
206,55,0.46832277170627695,-0.02166448309037221,0.5818181818181818,演唱 演奏 舞蹈 独唱 合唱 歌剧 歌曲 乐曲 伴奏 歌唱 音乐 民歌,诗歌 马戏 排练 乐器 创作 木偶 抒情 杂技,交响乐 唱歌 乐队 唱 芭蕾 诗歌 朗诵 独唱 艺术 曲 歌 跳舞,演唱 演奏 舞蹈 独唱 合唱 歌剧 歌曲 乐曲 伴奏 歌唱 音乐 民歌 歌舞 交响乐 表演 戏剧 演出 旋律 乐队 芭蕾 唱 话剧 朗诵 京剧 音乐会 笛子 歌手 吉他 歌词 杂技 唱歌 戏曲 小提琴 乐器 歌声 诗歌 秧歌 歌 排练 摇滚 剧目 钢琴 相声 舞 抒情 创作 演唱会 跳舞 剧团 艺术 曲 主题歌 专辑 马戏 木偶
207,7,0.5061709965733446,0.12267818859893273,0.14285714285714285,全球 世界 国内 全世界 全国 国际 中国,国际 中国 全球 国内 全国 全世界 世界,中国 全国 国内 全球 世界 全世界 国际,全球 世界 国内 全世界 全国 国际 中国
208,16,0.496154634848324,0.08001451928981204,0.125,决赛 比赛 预赛 半决赛 赛 大赛 世界杯 大奖赛 联赛 赛场 参赛 单打,竞赛 亚运会 双打 联赛 世界杯 半决赛 选手 参赛,参赛 选手 决赛 竞赛 赛场 联赛 双打 亚运会 赛 世界杯 大赛 大奖赛,决赛 比赛 预赛 半决赛 赛 大赛 世界杯 大奖赛 联赛 赛场 参赛 单打 选手 双打 亚运会 竞赛
209,4,0.4552604174604445,0.020004749359990293,0.25,年代 初 末 世纪,末 世纪 年代 初,初 年代 末 世纪,年代 初 末 世纪
210,8,0.538834660004671,0.11020702355911659,0.25,子孙 后代 后裔 祖先 祖宗 后人 辈 世袭,辈 世袭 后裔 祖宗 后人 祖先 后代 子孙,祖先 祖宗 子孙 后人 后代 辈 世袭 后裔,子孙 后代 后裔 祖先 祖宗 后人 辈 世袭
211,23,0.48363190103036313,0.05764115095402963,0.21739130434782608,山岭 山谷 山坡 峡谷 高山 丘陵 山峰 雪山 山顶 沼泽 高原 沙漠,瀑布 山冈 海拔 悬崖 峡谷 山 山坡 山区,丘陵 山 瀑布 山谷 海拔 沼泽 丛林 山顶 沙漠 雪山 草原 峡谷,山岭 山谷 山坡 峡谷 高山 丘陵 山峰 雪山 山顶 沼泽 高原 沙漠 平原 山区 草原 山 丛林 悬崖 戈壁 海拔 山冈 森林 瀑布
212,1,,0.0,0.0,业,业,业,业
213,3,0.47164580542471213,0.05606952769330828,0.3333333333333333,职业 职业病 业余,业余 职业 职业病,职业病 业余 职业,职业 职业病 业余
214,7,0.45486231432195706,0.004581423113845213,0.2857142857142857,行业 企业 产业 业务 公司 板块 工业,公司 板块 产业 工业 业务 行业 企业,板块 行业 企业 业务 产业 公司 工业,行业 企业 产业 业务 公司 板块 工业
215,7,0.4973149028981026,0.11503607966937783,0.2857142857142857,利润 盈利 收益 业绩 收入 效益 暴利,效益 暴利 收益 业绩 收入 盈利 利润,收益 效益 暴利 收入 盈利 利润 业绩,利润 盈利 收益 业绩 收入 效益 暴利
216,15,0.5479298808429218,0.16479092116704164,0.06666666666666667,北部 东南 南部 西北 西南 东部 北 南 西 西部 东北 中部,北方 南北 东北 东 中部 北 西部 南,东北 东南 北 南 东 北部 东部 西部 南北 西 南部 北方,北部 东南 南部 西北 西南 东部 北 南 西 西部 东北 中部 东 南北 北方
217,7,0.4271963344168058,0.005165809655707391,0.42857142857142855,奔波 忍饥挨饿 风餐露宿 东奔西走 来回 往返 饥饿,饥饿 往返 来回 东奔西走 忍饥挨饿 风餐露宿 奔波,忍饥挨饿 东奔西走 风餐露宿 奔波 来回 饥饿 往返,奔波 忍饥挨饿 风餐露宿 东奔西走 来回 往返 饥饿
218,2,0.6369277900879349,0.36010377825343926,0.0,东张西望 左顾右盼,左顾右盼 东张西望,左顾右盼 东张西望,东张西望 左顾右盼
219,1,,0.0,0.0,东方,东方,东方,东方
220,6,0.4799758679045078,0.02915190265673512,0.3333333333333333,玩意儿 小偷儿 闹着玩儿 离谱儿 人缘儿 东西,东西 人缘儿 闹着玩儿 小偷儿 离谱儿 玩意儿,离谱儿 闹着玩儿 东西 人缘儿 玩意儿 小偷儿,玩意儿 小偷儿 闹着玩儿 离谱儿 人缘儿 东西
221,1,,0.0,0.0,东道主,东道主,东道主,东道主
222,4,0.48789532247300255,0.06911768975836637,0.25,缕 束 根 丝,根 束 丝 缕,丝 缕 束 根,缕 束 根 丝
223,4,0.5394109700778977,0.20293792758934506,0.0,毫无 丝毫 毫不 无,毫不 无 丝毫 毫无,无 丝毫 毫无 毫不,毫无 丝毫 毫不 无
224,14,0.43677846682938426,-0.05519887985029081,0.6428571428571429,工艺品 宝石 珠宝 首饰 刺绣 雕刻 丝绸 镶嵌 装饰 珍珠 钻石 水晶,雕刻 技艺 珍珠 钻石 刺绣 镶嵌 手工 丝绸,技艺 雕刻 刺绣 装饰 工艺品 丝绸 镶嵌 钻石 水晶 手工 珠宝 宝石,工艺品 宝石 珠宝 首饰 刺绣 雕刻 丝绸 镶嵌 装饰 珍珠 钻石 水晶 手工 技艺
225,10,0.5011100707952464,0.08398510280065646,0.3,丢掉 丢弃 丧失 丢失 抛弃 失去 丢 放弃 遗弃 迷失,抛弃 遗弃 迷失 放弃 丢失 丢 丢弃 失去,丢 丢失 丢弃 丢掉 迷失 抛弃 放弃 遗弃 失去 丧失,丢掉 丢弃 丧失 丢失 抛弃 失去 丢 放弃 遗弃 迷失
226,1,,0.0,0.0,两岸,两岸,两岸,两岸
227,57,0.482565412471707,-0.058467141700871264,0.631578947368421,手臂 胳膊 脖子 手掌 嘴唇 肩膀 脸颊 鼻子 手指 舌头 腿 嘴巴,牙齿 两手 头发 颈部 握 皮肤 胸部 骨头,爪子 肚子 肢体 把手 脖子 嘴 拳头 骨头 喉咙 伤口 膝盖 手,手臂 胳膊 脖子 手掌 嘴唇 肩膀 脸颊 鼻子 手指 舌头 腿 嘴巴 膝盖 爪子 颈部 耳朵 喉咙 手腕 胸膛 脑袋 身子 眼睛 胸部 肚子 眉毛 双手 身体 腰 腹部 指甲 身躯 头发 指头 嘴 手脚 把手 脸 脚 肌肉 牙齿 全身 骨头 伤口 头顶 皮肤 肢体 抚摸 嗓子 肩 怀里 面部 尾巴 关节 拳头 手 两手 握
228,3,0.486151030742726,0.07097495564080743,0.0,坦克 重型 两栖,重型 两栖 坦克,重型 坦克 两栖,坦克 重型 两栖
229,7,0.42699356596623356,-0.07274537248580412,0.7142857142857143,严格 严密 严 严谨 把关 完备 关,完备 关 严谨 严 把关 严格 严密,关 严密 严 严格 完备 严谨 把关,严格 严密 严 严谨 把关 完备 关
230,10,0.4892160540146247,0.06299227798632756,0.3,惩处 惩罚 处罚 制裁 处分 严厉 追究 罚款 打击 威慑,威慑 罚款 打击 严厉 追究 处罚 制裁 处分,制裁 追究 严厉 惩处 罚款 惩罚 处分 打击 处罚 威慑,惩处 惩罚 处罚 制裁 处分 严厉 追究 罚款 打击 威慑
231,9,0.5326284990701636,0.09670167712819198,0.2222222222222222,紧迫 艰巨 繁重 急迫 迫切 严峻 棘手 复杂 任务,任务 复杂 急迫 严峻 棘手 繁重 迫切 艰巨,严峻 紧迫 艰巨 迫切 急迫 棘手 任务 繁重 复杂,紧迫 艰巨 繁重 急迫 迫切 严峻 棘手 复杂 任务
232,3,0.5235197963915775,0.1525171864224427,0.0,庄严 郑重 严肃,严肃 庄严 郑重,郑重 庄严 严肃,庄严 郑重 严肃
233,3,0.47750838357844905,0.06073718395374159,0.3333333333333333,恶劣 极端 严重,严重 恶劣 极端,极端 恶劣 严重,恶劣 极端 严重
234,10,0.5235571930016522,0.11284800487171813,0.2,受伤 重伤 丧生 遇难 死亡 失踪 伤亡 伤 伤势 幸存,死亡 幸存 伤势 伤 遇难 伤亡 失踪 丧生,幸存 伤 伤势 伤亡 失踪 死亡 受伤 遇难 丧生 重伤,受伤 重伤 丧生 遇难 死亡 失踪 伤亡 伤 伤势 幸存
235,4,0.506749249997782,0.11438085879207002,0.25,个儿 个头儿 个子 个,个 个头儿 个子 个儿,个 个头儿 个儿 个子,个儿 个头儿 个子 个
236,3,0.43606955012494036,0.02735178410048991,0.6666666666666666,个人 本人 个体,本人 个体 个人,本人 个体 个人,个人 本人 个体
237,8,0.5126739073489675,0.09454583285029446,0.375,天性 性格 性情 本性 个性 特质 为人 本能,本能 特质 为人 本性 性格 性情 个性 天性,本性 天性 为人 特质 个性 性格 性情 本能,天性 性格 性情 本性 个性 特质 为人 本能
238,1,,0.0,0.0,个案,个案,个案,个案
239,4,0.5847770090667199,0.28850877890735327,0.0,当中 中 之中 其中,其中 之中 中 当中,中 当中 其中 之中,当中 中 之中 其中
240,1,,0.0,0.0,中介,中介,中介,中介
241,12,0.5308612853705484,0.14708878186451216,0.08333333333333333,内科 针灸 外科 中医 儿科 西医 临床 医学 疗法 诊断 疗效 口腔,口腔 诊断 疗效 疗法 医学 儿科 外科 针灸,临床 疗效 疗法 诊断 口腔 中医 外科 内科 医学 西医 针灸 儿科,内科 针灸 外科 中医 儿科 西医 临床 医学 疗法 诊断 疗效 口腔
242,3,0.5246338338800064,0.17502655908018308,0.0,中华民族 民族 中华,民族 中华 中华民族,中华 民族 中华民族,中华民族 民族 中华
243,19,0.5262473977729909,0.16754203778690938,0.05263157894736842,油画 国画 绘画 画 素描 中国画 画家 壁画 雕塑 画展 图画 书法,插图 幅 画儿 画展 画册 图画 画家 书法,雕塑 插图 幅 肖像 图画 画 画展 画家 画册 画儿 年画 油画,油画 国画 绘画 画 素描 中国画 画家 壁画 雕塑 画展 图画 书法 美术 年画 画册 肖像 画儿 插图 幅
244,7,0.51816820067454,0.1390693934486875,0.14285714285714285,小型 中型 大型 微型 巨型 轻型 袖珍,轻型 袖珍 大型 巨型 微型 中型 小型,微型 中型 大型 小型 袖珍 巨型 轻型,小型 中型 大型 微型 巨型 轻型 袖珍
245,4,0.5115908288003378,0.14094333129564962,0.0,中外 海内外 内外 古今中外,内外 古今中外 海内外 中外,中外 海内外 古今中外 内外,中外 海内外 内外 古今中外
246,1,,0.0,0.0,中央,中央,中央,中央
247,4,0.5503551348198807,0.17068117009450637,0.0,中奖 抽奖 奖品 彩票,彩票 奖品 抽奖 中奖,抽奖 彩票 中奖 奖品,中奖 抽奖 奖品 彩票
248,12,0.5482982634259925,0.15827046049005053,0.0,学生 中学生 大学生 小学生 师生 学子 留学生 毕业生 同学 学员 教师 家长,同学 留学生 教师 中学生 毕业生 家长 学员 小学生,留学生 家长 同学 大学生 小学生 师生 学生 学子 学员 中学生 教师 毕业生,学生 中学生 大学生 小学生 师生 学子 留学生 毕业生 同学 学员 教师 家长
249,10,0.5142490980750299,0.1326852689514469,0.1,年纪 年龄 岁数 年轻 中年 岁 年迈 老年 成年 高龄,老年 成年 高龄 年迈 岁 中年 年轻 年龄,年迈 年轻 岁 岁数 年纪 中年 成年 老年 高龄 年龄,年纪 年龄 岁数 年轻 中年 岁 年迈 老年 成年 高龄
250,5,0.44954756272789426,0.0359075182953142,0.6,儒家 圣贤 国学 古人 中庸,国学 中庸 古人 儒家 圣贤,古人 中庸 国学 儒家 圣贤,儒家 圣贤 国学 古人 中庸
251,1,,0.0,0.0,中心,中心,中心,中心
252,1,,0.0,0.0,中性,中性,中性,中性
253,19,0.5305134902691566,0.1448132507995957,0.15789473684210525,英语 汉语 俄语 法语 日语 外语 口语 英文 普通话 西班牙语 语言 中文,翻译 语法 外文 口音 英文 语言 流利 阿拉伯语,流利 俄语 语言 语法 口语 口音 中文 法语 西班牙语 英语 英文 方言,英语 汉语 俄语 法语 日语 外语 口语 英文 普通话 西班牙语 语言 中文 语法 阿拉伯语 方言 翻译 流利 口音 外文
254,8,0.46803579652472976,0.07893474249700348,0.125,中止 中断 停止 暂停 终止 切断 停顿 断,断 停顿 中断 切断 终止 暂停 中止 停止,暂停 终止 停止 断 中止 中断 切断 停顿,中止 中断 停止 暂停 终止 切断 停顿 断
255,2,0.5371127472294037,0.14911634660051978,0.0,中期 短期,中期 短期,中期 短期,中期 短期
256,48,0.4770647216707076,-0.005315036382345599,0.5416666666666666,急性 病症 炎症 疾病 症状 腹泻 慢性 癌症 高血压 发病 糖尿病 心脏病,感染 切除 出汗 呕吐 疼痛 中毒 治疗 确诊,传染病 骨折 流感 肿瘤 糖尿病 病 癌 腹泻 患 肥胖 患有 患病,急性 病症 炎症 疾病 症状 腹泻 慢性 癌症 高血压 发病 糖尿病 心脏病 复发 抑郁症 病 发炎 发作 出血 疼痛 患病 感冒 咳嗽 肿瘤 确诊 患 患有 治疗 患者 病情 过敏 痴呆 癌 传染病 血栓 流感 呕吐 骨折 精神病 失眠 肥胖 感染 艾滋病 发热 中毒 霍乱 发烧 切除 出汗
257,31,0.4987119849291937,0.0566618908319598,0.3225806451612903,春节 中秋节 清明节 除夕 元宵节 元旦 假期 圣诞节 端午节 长假 节日 佳节,团圆 休假 暑期 星期日 拜年 农历 周末 节假日,拜年 清明节 周末 中秋节 新年 星期日 元宵节 团圆 暑假 暑期 清明 国庆,春节 中秋节 清明节 除夕 元宵节 元旦 假期 圣诞节 端午节 长假 节日 佳节 过年 国庆 新年 放假 节假日 暑假 过节 寒假 假日 周末 清明 农历 腊月 暑期 休假 团圆 拜年 初一 星期日
258,6,0.5301466129223813,0.10378581329120394,0.3333333333333333,公正 公平 正义 公道 平等 中立,中立 平等 正义 公道 公平 公正,平等 中立 公道 公平 公正 正义,公正 公平 正义 公道 平等 中立
259,3,0.5052591420896332,0.1476035921865294,0.0,高等 初等 中等,中等 初等 高等,中等 初等 高等,高等 初等 中等
260,3,0.5943723085523375,0.2868425356399195,0.0,中级 初级 高级,高级 初级 中级,中级 初级 高级,中级 初级 高级
261,9,0.4634817023688418,0.06597726465500532,0.1111111111111111,中药 药 药品 处方 药方 药材 医药 偏方 仿制,仿制 偏方 医药 药材 药方 中药 药 药品,偏方 药材 药方 药品 药 处方 中药 医药 仿制,中药 药 药品 处方 药方 药材 医药 偏方 仿制
262,2,0.5358311654529366,0.24150122343947888,0.0,半路 中途,半路 中途,半路 中途,半路 中途
263,9,0.4781731534776199,0.005910325628059087,0.6666666666666666,底蕴 深厚 雄厚 积淀 根基 丰厚 底子 基础 悠久,丰厚 根基 底子 悠久 积淀 基础 雄厚 底蕴,基础 根基 积淀 丰厚 深厚 底子 底蕴 雄厚 悠久,底蕴 深厚 雄厚 积淀 根基 丰厚 底子 基础 悠久
264,5,0.45490148349805215,0.02239548212600296,0.4,丰富多彩 丰富 多样 多元 充实,充实 多元 丰富 丰富多彩 多样,多样 丰富 多元 充实 丰富多彩,丰富多彩 丰富 多样 多元 充实
265,18,0.4826804773084545,0.0347214298636129,0.3333333333333333,作物 水稻 小麦 农作物 棉花 玉米 种植 庄稼 粮食 禾苗 肥料 农业,肥料 棉 灌溉 大棚 农产品 栽培 丰收 禾苗,玉米 种植 棉 粮食 肥料 小麦 灌溉 丰收 栽培 大棚 棉花 水稻,作物 水稻 小麦 农作物 棉花 玉米 种植 庄稼 粮食 禾苗 肥料 农业 灌溉 栽培 丰收 农产品 棉 大棚
266,18,0.4755947363472613,0.06779281832255264,0.1111111111111111,壮实 健壮 苗条 强壮 俊俏 身材 结实 英俊 矮小 修长 高大 胖,风流 健美 胖 身材 结实 矮 壮 英俊,身材 壮 俊俏 矮 瘦 健美 健壮 苗条 强壮 矮小 丰满 风流,壮实 健壮 苗条 强壮 俊俏 身材 结实 英俊 矮小 修长 高大 胖 丰满 瘦 矮 健美 壮 风流
267,1,,0.0,0.0,丰盛,丰盛,丰盛,丰盛
268,7,0.4882152319704922,0.0686105779423278,0.14285714285714285,成果 丰硕 硕果 成效 成就 成绩 果实,果实 成就 硕果 成效 丰硕 成绩 成果,果实 丰硕 成就 成绩 成果 成效 硕果,成果 丰硕 硕果 成效 成就 成绩 果实
269,1,,0.0,0.0,串,串,串,串
270,4,0.4102908270793297,-0.03304753363736111,0.75,敲门 防盗门 串门 电梯,串门 电梯 防盗门 敲门,串门 电梯 敲门 防盗门,敲门 防盗门 串门 电梯
271,1,,0.0,0.0,临,临,临,临
272,1,,0.0,0.0,临时,临时,临时,临时
273,22,0.4619283112791397,-0.005574607686215263,0.5,楼房 幢 栋 住宅 房屋 居民楼 房子 别墅 公寓 临街 建筑物 写字楼,层 幢 住房 楼 建筑 物业 栋 大楼,房子 房屋 物业 层 屋 幢 别墅 栋 楼 新房 写字楼 楼房,楼房 幢 栋 住宅 房屋 居民楼 房子 别墅 公寓 临街 建筑物 写字楼 楼 大楼 大厦 屋 新房 建筑 四合院 住房 物业 层
274,6,0.4843546670033259,0.0652171247776201,0.3333333333333333,靠近 接近 逼近 贴近 靠拢 临近,临近 靠拢 逼近 靠近 贴近 接近,靠拢 靠近 临近 逼近 贴近 接近,靠近 接近 逼近 贴近 靠拢 临近
275,2,0.5214640515791664,0.16316926164593248,0.0,丸 胶囊,丸 胶囊,丸 胶囊,丸 胶囊
276,2,0.5061291410404496,0.14476745357590243,0.0,以 为,为 以,以 为,以 为
277,5,0.39223819968388296,-0.047563991470248736,0.6,主导 主宰 支配 牵头 为主,牵头 为主 支配 主宰 主导,牵头 支配 为主 主导 主宰,主导 主宰 支配 牵头 为主
278,1,,0.0,0.0,为了,为了,为了,为了
279,24,0.4998772796963421,0.08770115027654196,0.16666666666666666,怎么 什么 怎样 呢 哪里 干什么 哪儿 谁 究竟 哪 怎么样 到底,为何 为什么 多少 究竟 何处 何时 到底 如何,怎么 到底 有没有 吗 呢 哪 哪儿 为什么 哪些 干什么 什么样 什么,怎么 什么 怎样 呢 哪里 干什么 哪儿 谁 究竟 哪 怎么样 到底 干吗 怎么办 吗 什么样 哪些 为什么 如何 多少 何处 何时 有没有 为何
280,5,0.5134020566466839,0.1677615411440216,0.0,历时 耗时 长达 时隔 为期,长达 耗时 时隔 为期 历时,历时 长达 时隔 耗时 为期,历时 耗时 长达 时隔 为期
281,4,0.5046169912025034,0.13728634066157025,0.0,直至 直到 为止 止,止 为止 直至 直到,止 直至 直到 为止,直至 直到 为止 止
282,1,,0.0,0.0,主,主,主,主
283,1,,0.0,0.0,主义,主义,主义,主义
284,7,0.42697902300387147,-0.005157991846863164,0.42857142857142855,主角 角色 主人公 扮演 人物 充当 主人,主人 充当 人物 扮演 角色 主角 主人公,扮演 角色 人物 主人公 充当 主角 主人,主角 角色 主人公 扮演 人物 充当 主人
285,16,0.49663685630630394,0.08669346546987708,0.25,局长 处长 主任 部长 院长 书记 校长 组长 所长 秘书长 司长 团长,班长 委员 秘书长 团长 院长 组长 厂长 局长,秘书长 院长 处长 司长 市长 局长 书记 厂长 部长 班长 校长 委员,局长 处长 主任 部长 院长 书记 校长 组长 所长 秘书长 司长 团长 市长 委员 厂长 班长
286,3,0.4275384762241929,-0.0058695431933956195,0.6666666666666666,载体 主体 突破口,突破口 主体 载体,突破口 载体 主体,载体 主体 突破口
287,2,0.5057524950672111,0.17200966288501493,0.0,合约 主力,主力 合约,合约 主力,合约 主力
288,15,0.4714619170320777,0.05155814742354254,0.4,创办 开办 设立 举办 开设 成立 创立 组建 主办 承办 筹办 创建,办 设 设置 筹办 创建 组建 创立 主办,开设 办 组建 开办 举办 成立 设 创建 创办 创立 承办 设立,创办 开办 设立 举办 开设 成立 创立 组建 主办 承办 筹办 创建 办 设 设置
289,4,0.42200101057837464,0.026169466685728088,0.5,被动 消极 主动 负面,负面 主动 消极 被动,被动 消极 主动 负面,被动 消极 主动 负面
290,1,,0.0,0.0,主妇,主妇,主妇,主妇
291,6,0.476873474423991,0.08034486262033648,0.16666666666666666,理事 会长 协会 学会 会员 主席,主席 会员 协会 学会 会长 理事,会长 理事 协会 学会 会员 主席,理事 会长 协会 学会 会员 主席
292,9,0.42164763028229274,-0.07880284607373803,0.6666666666666666,提倡 倡导 宣扬 崇尚 大力 主张 大肆 讲究 积极,宣扬 讲究 主张 积极 大肆 崇尚 大力 倡导,崇尚 宣扬 大力 积极 提倡 大肆 倡导 讲究 主张,提倡 倡导 宣扬 崇尚 大力 主张 大肆 讲究 积极
293,2,0.5925831782576003,0.2820058040563088,0.0,计策 主意,主意 计策,计策 主意,计策 主意
294,2,0.6040566493401748,0.3259962666155728,0.0,主持 主持人,主持人 主持,主持人 主持,主持 主持人
295,4,0.46092268526238983,0.009129845689934914,0.5,人权 民主 人道 主权,人道 民主 主权 人权,人权 人道 民主 主权,人权 民主 人道 主权
296,1,,0.0,0.0,主流,主流,主流,主流
297,3,0.5257957153321847,0.15114607585146275,0.0,主管 掌管 负责,掌管 负责 主管,掌管 主管 负责,主管 掌管 负责
298,9,0.4648230744902777,0.03173567657088032,0.2222222222222222,首要 重要 关键 至关重要 要紧 重中之重 当务之急 无关紧要 主要,主要 无关紧要 关键 重中之重 要紧 首要 当务之急 重要,重中之重 至关重要 关键 要紧 当务之急 无关紧要 主要 首要 重要,首要 重要 关键 至关重要 要紧 重中之重 当务之急 无关紧要 主要
299,6,0.5139353532147489,0.14118763406186527,0.16666666666666666,理智 理性 感性 客观 主观 明智,明智 客观 主观 感性 理智 理性,客观 明智 理智 理性 主观 感性,理智 理性 感性 客观 主观 明智
300,4,0.5507369553530954,0.20153400189779974,0.0,网页 网站 网址 主页,网站 网页 主页 网址,网址 网站 网页 主页,网页 网站 网址 主页
301,3,0.5467971217635088,0.18337157535130044,0.0,列举 举例 举,举 列举 举例,举 举例 列举,列举 举例 举
302,1,,0.0,0.0,举一反三,举一反三,举一反三,举一反三
303,4,0.44059188419241463,-0.010779823629931774,0.5,瞩目 举世瞩目 举世无双 关注,举世无双 关注 瞩目 举世瞩目,关注 举世瞩目 瞩目 举世无双,瞩目 举世瞩目 举世无双 关注
304,10,0.5493040699175875,0.22159682077352888,0.1,有名 著名 闻名 驰名 出名 远近闻名 大名鼎鼎 举世闻名 知名 名副其实,名副其实 知名 举世闻名 大名鼎鼎 驰名 出名 著名 远近闻名,知名 著名 举世闻名 名副其实 有名 出名 远近闻名 闻名 驰名 大名鼎鼎,有名 著名 闻名 驰名 出名 远近闻名 大名鼎鼎 举世闻名 知名 名副其实
305,1,,0.0,0.0,举手,举手,举手,举手
306,4,0.5361098292359949,0.19538648068637487,0.0,投诉 举报 报警 求助,报警 求助 举报 投诉,投诉 举报 报警 求助,投诉 举报 报警 求助
307,5,0.47983248178677834,0.06211421037859889,0.4,措施 举措 对策 政策 办法,政策 办法 对策 举措 措施,办法 对策 举措 措施 政策,措施 举措 对策 政策 办法
308,11,0.5085191021760294,0.11354334425727472,0.09090909090909091,开幕 闭幕 召开 会议 大会 闭幕式 开幕式 举行 出席 开会 召集,召集 开会 出席 闭幕式 举行 开幕式 大会 会议,开会 举行 开幕 会议 大会 闭幕 召开 出席 开幕式 召集 闭幕式,开幕 闭幕 召开 会议 大会 闭幕式 开幕式 举行 出席 开会 召集
309,27,0.515539580129469,0.0676838689684667,0.3333333333333333,田径 乒乓球 体操 排球 篮球 网球 羽毛球 举重 摔跤 滑冰 游泳 棒球,武术 体育 划船 运动会 游泳 跳伞 滑雪 射击,网球 举重 武术 滑冰 游泳 羽毛球 乒乓球 跳高 跳远 体育 射击 长跑,田径 乒乓球 体操 排球 篮球 网球 羽毛球 举重 摔跤 滑冰 游泳 棒球 台球 跳高 跳远 滑雪 足球 运动员 武术 高尔夫球 射击 运动会 打球 长跑 跳伞 划船 体育
310,7,0.4480999320426613,0.00820359762772609,0.5714285714285714,皆 乃 亦 故 矣 曰 无不,无不 矣 曰 故 亦 乃 皆,亦 乃 矣 皆 曰 故 无不,皆 乃 亦 故 矣 曰 无不
311,7,0.41756804145738546,-0.0031565204635576613,0.7142857142857143,长久 持久 长期 长远 永久 久 深远,深远 久 长期 长远 永久 持久 长久,持久 久 长远 深远 永久 长久 长期,长久 持久 长期 长远 永久 久 深远
312,6,0.5574849585515994,0.21445072325483328,0.16666666666666666,难得一见 罕见 少见 难得 少有 久违,久违 少有 少见 难得 罕见 难得一见,少见 难得一见 罕见 久违 难得 少有,难得一见 罕见 少见 难得 少有 久违
313,6,0.4502472695869303,0.022695238127287284,0.3333333333333333,职责 履行 职能 义务 分工 遵守,遵守 分工 履行 义务 职能 职责,履行 义务 职责 职能 遵守 分工,职责 履行 职能 义务 分工 遵守
314,16,0.4858079847055195,0.021606248022481366,0.5625,捐助 捐赠 捐款 募捐 慈善 捐 捐献 资助 筹集 公益 爱心 赞助,公益 志愿者 筹措 拨款 义工 筹集 捐献 爱心,赞助 捐 捐助 捐款 捐献 资助 义工 志愿者 筹集 捐赠 慈善 拨款,捐助 捐赠 捐款 募捐 慈善 捐 捐献 资助 筹集 公益 爱心 赞助 义工 拨款 筹措 志愿者
315,1,,0.0,0.0,之,之,之,之
316,1,,0.0,0.0,之一,之一,之一,之一
317,5,0.5074656460636607,0.1434512624343665,0.2,以内 之内 左右 以上 内,以上 左右 内 之内 以内,内 以内 以上 左右 之内,以内 之内 左右 以上 内
318,5,0.6123796862338924,0.2644516391360016,0.0,之外 以外 外 除 除了,除 除了 以外 外 之外,外 以外 除 之外 除了,之外 以外 外 除 除了
319,1,,0.0,0.0,之所以,之所以,之所以,之所以
320,4,0.4723544102218474,0.09098415589453826,0.25,之类 诸如此类 等 也好,也好 等 诸如此类 之类,等 诸如此类 也好 之类,之类 诸如此类 等 也好
321,3,0.5173823679700779,0.1791295401191065,0.3333333333333333,之间 间 介于,介于 间 之间,间 之间 介于,之间 间 介于
322,5,0.4894640257813225,0.07160164468667754,0.2,天空 彩霞 蓝天 彩虹 乌云,乌云 彩虹 天空 蓝天 彩霞,蓝天 天空 乌云 彩虹 彩霞,天空 彩霞 蓝天 彩虹 乌云
323,1,,0.0,0.0,乐,乐,乐,乐
324,4,0.38764407106639176,-0.05666994202398984,0.75,动物园 乐园 大熊猫 天堂,天堂 大熊猫 乐园 动物园,乐园 天堂 动物园 大熊猫,动物园 乐园 大熊猫 天堂
325,6,0.5572585488839635,0.17084044814777744,0.0,愿意 乐意 情愿 甘心 愿 忍心,忍心 甘心 愿 愿意 情愿 乐意,忍心 愿 乐意 愿意 情愿 甘心,愿意 乐意 情愿 甘心 愿 忍心
326,4,0.5373268455051057,0.15244552728207947,0.0,乐观 悲观 谨慎 明朗,谨慎 明朗 乐观 悲观,乐观 明朗 谨慎 悲观,乐观 悲观 谨慎 明朗
327,2,0.6087071190901292,0.3073470688747826,0.0,趣味 乐趣,趣味 乐趣,乐趣 趣味,趣味 乐趣
328,1,,0.0,0.0,乔装,乔装,乔装,乔装
329,19,0.5064052305243931,0.055467931697495323,0.3157894736842105,乖巧 调皮 乖 顽皮 懂事 可爱 聪明 听话 淘气 胆小 贪玩儿 讨人喜欢,聪明 娇惯 机灵 逗 贪玩儿 叛逆 胆小 天真,胆小 乖 害羞 懂事 顽皮 叛逆 可爱 讨人喜欢 逗 淘气 天真 乖巧,乖巧 调皮 乖 顽皮 懂事 可爱 聪明 听话 淘气 胆小 贪玩儿 讨人喜欢 天真 机灵 娇惯 害羞 叛逆 孝顺 逗
330,5,0.5110785804161644,0.17553242919442452,0.2,乘坐 搭乘 乘 携带 随身,随身 携带 乘 搭乘 乘坐,乘 搭乘 携带 随身 乘坐,乘坐 搭乘 乘 携带 随身
331,4,0.4714943429983632,0.03808804279798574,0.5,沽名钓誉 损人利己 乘人之危 夸夸其谈,夸夸其谈 乘人之危 损人利己 沽名钓誉,乘人之危 夸夸其谈 损人利己 沽名钓誉,沽名钓誉 损人利己 乘人之危 夸夸其谈
332,22,0.48557613999733157,0.0739134047389021,0.18181818181818182,列车 公交车 火车 电车 公共汽车 慢车 车厢 车站 巴士 出租车 地铁 卧铺,乘客 车厢 车上 公车 司机 站台 地铁站 卧铺,出租车 缆车 火车 地铁 快车 站台 司机 大巴 公车 公共汽车 列车 车上,列车 公交车 火车 电车 公共汽车 慢车 车厢 车站 巴士 出租车 地铁 卧铺 大巴 乘客 缆车 快车 地铁站 站台 特快 车上 司机 公车
333,3,0.5994861419526338,0.3080207440484015,0.0,乞讨 乞丐 流浪,乞丐 流浪 乞讨,流浪 乞丐 乞讨,乞讨 乞丐 流浪
334,23,0.471357323856104,0.009671018877025863,0.4782608695652174,劝告 劝说 劝 恳求 告诫 嘱咐 叮嘱 催促 哀求 劝阻 吩咐 说服,催促 请求 逼迫 警告 乞求 安慰 敦促 提醒,哀求 劝 再三 请求 敦促 乞求 告诉 告诫 劝阻 劝说 说服 安慰,劝告 劝说 劝 恳求 告诫 嘱咐 叮嘱 催促 哀求 劝阻 吩咐 说服 敦促 转告 提醒 告诉 告知 安慰 再三 警告 逼迫 请求 乞求
335,24,0.4666195144057509,-0.024193551284485772,0.5416666666666666,确实 的确 似乎 也许 也 反倒 显然 恐怕 或许 简直 好像 真的,真的 看样子 更是 恰恰 只不过 似乎 可能 好像,实在 真的 也 简直 无疑 似乎 确实 恰恰 明明 本来 着实 只不过,确实 的确 似乎 也许 也 反倒 显然 恐怕 或许 简直 好像 真的 实在 难道 恰恰 只不过 无疑 明明 本来 着实 看样子 可能 可谓 更是
336,7,0.4846023026626217,0.08564136428941328,0.2857142857142857,风俗 习俗 民俗 俗 礼仪 规矩 民间,规矩 民间 礼仪 俗 民俗 习俗 风俗,俗 规矩 礼仪 习俗 风俗 民间 民俗,风俗 习俗 民俗 俗 礼仪 规矩 民间
337,3,0.5292226524960184,0.1954673685630192,0.0,习惯 养成 惯,惯 习惯 养成,惯 习惯 养成,习惯 养成 惯
338,8,0.47321003500366327,0.10079655440483502,0.5,乡 县 镇 村 大队 屯 市 省,省 大队 市 屯 村 镇 县 乡,县 屯 市 乡 省 村 镇 大队,乡 县 镇 村 大队 屯 市 省
339,7,0.4518157577632138,0.04475644179930503,0.42857142857142855,郊区 郊外 城里 市区 乡下 河畔 开发区,开发区 河畔 乡下 市区 城里 郊区 郊外,乡下 城里 河畔 郊区 郊外 市区 开发区,郊区 郊外 城里 市区 乡下 河畔 开发区
340,17,0.4860378769774414,0.07851573889038521,0.17647058823529413,朋友 亲朋好友 亲友 同事 友人 好友 战友 同伴 朋友们 老朋友 老乡 熟人,同行 伴侣 乡亲 老朋友 伙伴 亲友 同事 老乡,朋友们 伙伴 乡亲 老朋友 同事 同伴 伴侣 知己 亲朋好友 好友 老乡 战友,朋友 亲朋好友 亲友 同事 友人 好友 战友 同伴 朋友们 老朋友 老乡 熟人 乡亲 知己 伙伴 同行 伴侣
341,8,0.4922313328350376,0.06738635464184263,0.25,城镇 城乡 乡村 城市 农村 村庄 城区 都市,城区 都市 农村 城市 乡村 村庄 城乡 城镇,城镇 乡村 村庄 城区 城市 城乡 都市 农村,城镇 城乡 乡村 城市 农村 村庄 城区 都市
342,21,0.4667285540592687,0.020573666435309435,0.3333333333333333,汉字 词语 词汇 句子 字母 读音 音节 繁体字 文字 词 字体 错别字,书写 符号 地名 字迹 成语 句子 字体 文字,成语 读音 生词 词汇 字 句子 错别字 汉字 地名 词 简体字 符号,汉字 词语 词汇 句子 字母 读音 音节 繁体字 文字 词 字体 错别字 字 简体字 符号 成语 字眼 生词 地名 字迹 书写
343,54,0.4901347425252378,-0.022360130426880894,0.5740740740740741,柜子 书桌 桌子 椅子 卧室 凳子 窗子 窗台 房间 屋子 书橱 客厅,垫子 栏杆 墙壁 过道 地下室 杯子 厨房 架子,卫生间 寝室 宿舍 洗手间 阳台 枕头 抽屉 床 柜子 杯子 写字台 更衣室,柜子 书桌 桌子 椅子 卧室 凳子 窗子 窗台 房间 屋子 书橱 客厅 书柜 窗户 写字台 卫生间 阳台 墙壁 沙发 书架 书房 过道 浴室 楼道 抽屉 藤椅 楼梯 窗帘 垫子 院子 洗手间 衣架 箱子 厨房 帐子 帘子 寝室 枕头 教室 台灯 床 杯子 宿舍 地板 栏杆 马桶 木板 厕所 镜子 梯子 柱子 地下室 架子 更衣室
344,2,0.5514331749042373,0.2715830288596003,0.0,口头 书面,书面 口头,书面 口头,口头 书面
345,7,0.4766183662967714,0.020345468584662692,0.2857142857142857,拿 拿走 拿出 掏 拿到 掏钱 买,买 拿到 掏 掏钱 拿出 拿走 拿,拿到 拿出 买 掏钱 拿 掏 拿走,拿 拿走 拿出 掏 拿到 掏钱 买
346,2,0.5680951778581719,0.26158972950760495,0.0,吃不上 买不起,吃不上 买不起,吃不上 买不起,吃不上 买不起
347,2,0.525461648911141,0.2156178945751961,0.0,买卖 交易,买卖 交易,交易 买卖,买卖 交易
348,7,0.438168475325807,0.014888763110531254,0.42857142857142855,混乱 杂乱无章 乱 紊乱 乱七八糟 横七竖八 秩序,秩序 紊乱 横七竖八 乱七八糟 乱 混乱 杂乱无章,混乱 乱 横七竖八 紊乱 乱七八糟 秩序 杂乱无章,混乱 杂乱无章 乱 紊乱 乱七八糟 横七竖八 秩序
349,8,0.44691703859344145,0.04127876958066812,0.375,乳制品 食品 奶粉 水产品 奶 制品 蛋 粽子,粽子 蛋 制品 水产品 奶 奶粉 食品 乳制品,奶 粽子 食品 奶粉 水产品 乳制品 制品 蛋,乳制品 食品 奶粉 水产品 奶 制品 蛋 粽子
350,7,0.4064715890198213,-0.051946360971031516,0.8571428571428571,完了 完 了 算了 着 完毕 算,完毕 算 着 算了 了 完 完了,完 了 算 着 完毕 完了 算了,完了 完 了 算了 着 完毕 算
351,1,,0.0,0.0,了却,了却,了却,了却
352,1,,0.0,0.0,了结,了结,了结,了结
353,11,0.4946286043128659,0.026536795843739903,0.5454545454545454,知道 晓得 明白 懂得 认得 清楚 懂 发觉 得知 觉得 了解,得知 觉得 认得 清楚 了解 懂 发觉 懂得,得知 懂 懂得 明白 了解 觉得 清楚 发觉 认得 知道 晓得,知道 晓得 明白 懂得 认得 清楚 懂 发觉 得知 觉得 了解
354,4,0.5459550344881254,0.14627185057543532,0.25,予以 加以 给予 进行,进行 给予 予以 加以,给予 加以 进行 予以,予以 加以 给予 进行
355,5,0.5317705723943413,0.18289465968017793,0.0,夺 抢夺 抢 争 夺取,夺取 争 抢 抢夺 夺,夺 争 抢 夺取 抢夺,夺 抢夺 抢 争 夺取
356,5,0.42596885388696215,-0.06729996409831403,0.8,争先恐后 迫不及待 兴高采烈 急于 前赴后继,急于 兴高采烈 前赴后继 迫不及待 争先恐后,前赴后继 争先恐后 迫不及待 兴高采烈 急于,争先恐后 迫不及待 兴高采烈 急于 前赴后继
357,3,0.4635858851317347,0.044754582858756116,0.6666666666666666,争气 争光 出息,出息 争光 争气,争气 争光 出息,争气 争光 出息
358,2,0.704730660556359,0.500418692968301,0.0,争取 力争,力争 争取,争取 力争,争取 力争
359,10,0.5346864943603945,0.12282049135389843,0.1,争执 冲突 纠纷 争端 矛盾 争吵 激化 争议 分歧 调解,争议 矛盾 调解 分歧 争吵 激化 冲突 纠纷,调解 激化 冲突 争执 争端 纠纷 争吵 矛盾 分歧 争议,争执 冲突 纠纷 争端 矛盾 争吵 激化 争议 分歧 调解
360,8,0.4288507691720587,-0.0006793608949907366,0.5,争夺 激烈 竞争 较量 角逐 较劲 尖锐 垄断,垄断 尖锐 较劲 争夺 较量 竞争 激烈 角逐,激烈 角逐 垄断 较量 竞争 争夺 尖锐 较劲,争夺 激烈 竞争 较量 角逐 较劲 尖锐 垄断
361,14,0.4661486498417898,0.03437147985942396,0.42857142857142855,谈论 讨论 谈 探讨 谈起 商讨 谈到 议论 聊 畅谈 争论 商量,提到 争论 商量 畅谈 商讨 议 聊 探讨,谈到 畅谈 探讨 提到 议论 聊 谈 议 谈论 谈起 讨论 商量,谈论 讨论 谈 探讨 谈起 商讨 谈到 议论 聊 畅谈 争论 商量 议 提到
362,9,0.5172232112847586,0.11767205117618265,0.2222222222222222,事 事情 大事 好事 坏事 私事 喜事 件 公事,件 公事 私事 喜事 事情 坏事 事 好事,事情 件 事 大事 好事 私事 喜事 坏事 公事,事 事情 大事 好事 坏事 私事 喜事 件 公事
363,1,,0.0,0.0,事业,事业,事业,事业
364,2,0.7759440715173553,0.619859549624979,0.0,事先 预先,事先 预先,事先 预先,事先 预先
365,1,,0.0,0.0,事务,事务,事务,事务
366,3,0.491260527577082,0.08527338336639213,0.0,律师 事务所 公证,事务所 公证 律师,事务所 公证 律师,律师 事务所 公证
367,1,,0.0,0.0,事后,事后,事后,事后
368,3,0.5130153467010314,0.1191096082182568,0.0,事项 事宜 重大,事宜 重大 事项,重大 事宜 事项,事项 事宜 重大
369,7,0.42164213689336816,-0.02089771566832211,0.7142857142857143,事实 真相 真实 真理 现实 道理 如实,如实 现实 道理 真实 真相 真理 事实,事实 真相 真理 真实 现实 如实 道理,事实 真相 真实 真理 现实 道理 如实
370,4,0.40678925901315455,-0.06674558774529751,0.5,局势 僵局 事态 打破,打破 事态 局势 僵局,事态 僵局 打破 局势,局势 僵局 事态 打破
371,7,0.49638269534537677,0.05275908876183055,0.14285714285714285,车祸 事故 追尾 肇事 出事 堵车 空难,堵车 事故 空难 出事 追尾 肇事 车祸,事故 追尾 肇事 空难 出事 车祸 堵车,车祸 事故 追尾 肇事 出事 堵车 空难
372,5,0.40864316501601117,-0.06898972537239509,1.0,物体 液体 气泡 混浊 事物,事物 混浊 物体 气泡 液体,物体 事物 气泡 液体 混浊,物体 液体 气泡 混浊 事物
373,8,0.4839873185286618,0.06511304483835378,0.375,榜样 楷模 表率 模范 典范 以身作则 事迹 带头,事迹 典范 带头 以身作则 模范 楷模 表率 榜样,带头 事迹 榜样 楷模 以身作则 典范 模范 表率,榜样 楷模 表率 模范 典范 以身作则 事迹 带头
374,3,0.4876071102103401,0.10990008753356371,0.3333333333333333,二手车 二手 瓜子,瓜子 二手 二手车,二手 二手车 瓜子,二手车 二手 瓜子
375,7,0.5000044753127902,0.12661313207514935,0.14285714285714285,排放 尾气 二氧化碳 气体 污染 温室 超标,气体 超标 二氧化碳 温室 污染 尾气 排放,气体 超标 污染 尾气 温室 二氧化碳 排放,排放 尾气 二氧化碳 气体 污染 温室 超标
376,5,0.4781472413217309,0.09836752595394135,0.4,二维码 码 扫 扫描 号码,号码 扫 扫描 二维码 码,二维码 码 扫 扫描 号码,二维码 码 扫 扫描 号码
377,2,0.525894226554807,0.2618034212293444,0.0,在 于,于 在,在 于,在 于
378,6,0.48535996681149557,0.09316851038104278,0.3333333333333333,赔钱 亏本 亏 亏损 赔 倾家荡产,赔 倾家荡产 亏损 亏 亏本 赔钱,亏 赔 倾家荡产 亏本 亏损 赔钱,赔钱 亏本 亏 亏损 赔 倾家荡产
379,1,,0.0,0.0,云,云,云,云
380,9,0.48431014805577877,0.007911849635922572,0.4444444444444444,交往 交流 往来 互访 沟通 来往 互信 合作 互动,互信 合作 来往 互动 沟通 交往 往来 互访,往来 互动 互信 交往 交流 沟通 合作 互访 来往,交往 交流 往来 互访 沟通 来往 互信 合作 互动
381,2,0.5776772024854373,0.2501958321962059,0.0,互助 协作,协作 互助,互助 协作,互助 协作
382,6,0.4817327695337081,0.0815396402015181,0.3333333333333333,彼此 互相 相互 对方 双方 对手,对手 双方 对方 相互 彼此 互相,互相 对方 对手 彼此 双方 相互,彼此 互相 相互 对方 双方 对手
383,2,0.5105395730932423,0.11824917747430443,0.0,双赢 互补,双赢 互补,双赢 互补,双赢 互补
384,22,0.507522527104095,0.09602936968000252,0.3181818181818182,餐厅 饭店 餐馆 饭馆 旅馆 宾馆 酒楼 酒吧 酒店 旅店 舞厅 客房,住宿 餐 电影院 网吧 用餐 餐饮 食堂 就餐,旅馆 网吧 饭店 旅店 五星级 食堂 电影院 舞厅 宾馆 酒楼 餐 酒店,餐厅 饭店 餐馆 饭馆 旅馆 宾馆 酒楼 酒吧 酒店 旅店 舞厅 客房 用餐 就餐 餐饮 夜总会 食堂 住宿 网吧 电影院 五星级 餐
385,16,0.4963326640311428,0.034607994719497145,0.375,白色 黄色 蓝色 颜色 红色 黑色 灰色 鲜艳 色 花纹 五颜六色 色彩,彩色 绿色 色彩 斑点 图案 花纹 色 鲜艳,黄色 图案 黑色 花纹 红色 蓝色 五颜六色 色 白色 绿色 色彩 斑点,白色 黄色 蓝色 颜色 红色 黑色 灰色 鲜艳 色 花纹 五颜六色 色彩 彩色 图案 斑点 绿色
386,4,0.4263092124692936,-0.04640201763925751,0.75,田 井 泉 苗,泉 苗 井 田,井 田 泉 苗,田 井 泉 苗
387,11,0.5482949394040699,0.15451278086942943,0.18181818181818182,银牌 铜牌 金牌 冠军 奖牌 亚军 夺冠 奖杯 夺魁 奥运会 枚,枚 奥运会 奖杯 夺魁 夺冠 亚军 冠军 奖牌,奥运会 枚 铜牌 金牌 奖牌 奖杯 银牌 冠军 夺冠 亚军 夺魁,银牌 铜牌 金牌 冠军 奖牌 亚军 夺冠 奖杯 夺魁 奥运会 枚
388,2,0.5155842734466931,0.1424721407720889,0.0,补救 亡羊补牢,补救 亡羊补牢,补救 亡羊补牢,补救 亡羊补牢
389,7,0.49953216522534594,0.108418498638241,0.2857142857142857,缴纳 交纳 缴 纳税 缴费 纳税人 交,交 缴费 纳税人 纳税 交纳 缴 缴纳,交 缴费 缴 纳税人 缴纳 纳税 交纳,缴纳 交纳 缴 纳税 缴费 纳税人 交
390,3,0.517139607651791,0.1692941725262759,0.0,移交 交接 交付,交接 交付 移交,移交 交付 交接,移交 交接 交付
391,2,0.5207423051895262,0.20734344151975415,0.0,交代 坦白,坦白 交代,坦白 交代,交代 坦白
392,4,0.4838789433217141,0.03756857397753602,0.5,重叠 重合 吻合 交叉,吻合 交叉 重合 重叠,重合 重叠 交叉 吻合,重叠 重合 吻合 交叉
393,16,0.47565106937311785,0.019381296210476316,0.4375,感情 情谊 亲情 友情 情感 爱情 情怀 真情 情 恩情 深情 情结,婚姻 情怀 激情 交情 情结 恩怨 情谊 深情,情谊 激情 爱情 真情 情 婚姻 交情 深情 友情 恩情 恩怨 亲情,感情 情谊 亲情 友情 情感 爱情 情怀 真情 情 恩情 深情 情结 恩怨 交情 激情 婚姻
394,1,,0.0,0.0,交换,交换,交换,交换
395,3,0.558631134038347,0.25727907313112647,0.0,轮换 轮流 交替,交替 轮流 轮换,轮换 轮流 交替,轮换 轮流 交替
396,12,0.4785335913120192,-0.006686829165698887,0.5,交谈 见面 亲热 握手 亲近 打招呼 亲密 交朋友 相处 亲切 打交道 面对面,打交道 打招呼 相处 亲密 亲近 面对面 交谈 握手,交朋友 交谈 打招呼 相处 面对面 亲近 握手 打交道 见面 亲热 亲切 亲密,交谈 见面 亲热 握手 亲近 打招呼 亲密 交朋友 相处 亲切 打交道 面对面
397,11,0.5094486797360496,0.12829520203638045,0.09090909090909091,会谈 磋商 谈判 会晤 会面 协商 交涉 对话 洽谈 谈话 讨价还价,讨价还价 谈话 对话 交涉 会面 洽谈 协商 会晤,磋商 谈判 会面 会谈 洽谈 交涉 谈话 讨价还价 协商 会晤 对话,会谈 磋商 谈判 会晤 会面 协商 交涉 对话 洽谈 谈话 讨价还价
398,3,0.49378625034022566,0.11966862587619771,0.0,地带 地段 交界,地段 交界 地带,地带 交界 地段,地带 地段 交界
399,13,0.44487649562063525,0.005544253865147551,0.5384615384615384,送给 送 递给 转交 捎 交给 赠送 递 寄 赠 送到 给,免费 寄 转交 给 交给 赠 递 捎,寄 给 捎 送给 送到 递给 赠送 交给 送 递 赠 免费,送给 送 递给 转交 捎 交给 赠送 递 寄 赠 送到 给 免费
400,10,0.5142161870417054,0.1373085172679834,0.0,警察 交警 公安 民警 公安局 警官 消防 治安 保安 巡逻,治安 巡逻 保安 公安局 消防 警官 交警 民警,巡逻 公安局 交警 保安 民警 消防 治安 公安 警察 警官,警察 交警 公安 民警 公安局 警官 消防 治安 保安 巡逻
401,7,0.492647704871691,0.07761691013278527,0.14285714285714285,收费 收取 管理费 手续费 费 交费 付费,付费 手续费 交费 费 收取 管理费 收费,手续费 交费 付费 收取 收费 费 管理费,收费 收取 管理费 手续费 费 交费 付费
402,1,,0.0,0.0,交通,交通,交通,交通
403,8,0.4399487337621659,-0.006179389376068666,0.375,相识 相遇 萍水相逢 结识 素不相识 相约 认识 交锋,交锋 认识 相约 素不相识 萍水相逢 结识 相遇 相识,交锋 相遇 相识 相约 结识 素不相识 认识 萍水相逢,相识 相遇 萍水相逢 结识 素不相识 相约 认识 交锋
404,5,0.42751265805445016,0.00039094478477467445,0.6,交际 口才 应酬 社交 出口成章,出口成章 社交 应酬 口才 交际,交际 应酬 口才 出口成章 社交,交际 口才 应酬 社交 出口成章
405,1,,0.0,0.0,交集,交集,交集,交集
406,5,0.4996129016795492,0.15169623196738885,0.0,产量 生产 增产 产值 产,生产 产值 增产 产 产量,增产 产 生产 产值 产量,产量 生产 增产 产值 产
407,5,0.48955496784540886,0.10471372833588655,0.0,原料 原材料 成品 材料 产地,材料 成品 产地 原材料 原料,成品 原料 原材料 产地 材料,原料 原材料 成品 材料 产地
408,3,0.4798821980616679,0.06260276944590012,0.3333333333333333,结晶 产物 沉淀,沉淀 产物 结晶,沉淀 产物 结晶,结晶 产物 沉淀
409,9,0.480590592214265,0.0472621221821372,0.3333333333333333,引发 引起 造成 诱发 产生 激起 带来 发生 唤起,带来 发生 唤起 诱发 激起 产生 造成 引起,引起 诱发 唤起 发生 激起 产生 造成 引发 带来,引发 引起 造成 诱发 产生 激起 带来 发生 唤起
410,9,0.45863716328803683,0.03177683304098002,0.2222222222222222,公顷 亩 平方米 立方米 平方 面积 立方 耕地 桶,耕地 桶 面积 平方 亩 立方 立方米 公顷,亩 面积 立方 桶 耕地 平方米 公顷 立方米 平方,公顷 亩 平方米 立方米 平方 面积 立方 耕地 桶
411,7,0.46477072324954716,0.10170776537812536,0.14285714285714285,拥有 具有 有着 享有 具备 有 享,享 有 具备 享有 有着 具有 拥有,享 有 拥有 有着 享有 具备 具有,拥有 具有 有着 享有 具备 有 享
412,10,0.46750233992650075,0.037544895075789134,0.5,体会 感受 领略 领悟 体验 领会 品尝 享受 理解 触摸,触摸 品尝 享受 体验 理解 领略 领会 领悟,品尝 体验 理解 享受 领会 领悟 体会 领略 触摸 感受,体会 感受 领略 领悟 体验 领会 品尝 享受 理解 触摸
413,4,0.47874717718716614,0.08784671121253437,0.25,暗 黑暗 阴暗 亮,亮 阴暗 黑暗 暗,亮 暗 黑暗 阴暗,暗 黑暗 阴暗 亮
414,26,0.4718627491798446,-0.004402423457652963,0.5384615384615384,优美 别致 精致 优雅 美丽 艳丽 古朴 迷人 高雅 秀丽 秀美 华丽,浪漫 新颖 简洁 迷人 美妙 高贵 工整 美好,优雅 简洁 漂亮 优美 古朴 亮丽 明媚 甜美 浪漫 精致 艳丽 清新,优美 别致 精致 优雅 美丽 艳丽 古朴 迷人 高雅 秀丽 秀美 华丽 甜美 美妙 精美 漂亮 明媚 清新 简洁 亮丽 美观 高贵 浪漫 新颖 工整 美好
415,2,0.5253373162184014,0.18116895166794658,0.0,亮点 焦点,亮点 焦点,亮点 焦点,亮点 焦点
416,5,0.4427723086478297,-0.008122716223517101,0.6,问世 亮相 诞生 推出 露面,推出 露面 诞生 亮相 问世,诞生 亮相 露面 问世 推出,问世 亮相 诞生 推出 露面
417,3,0.503889091519528,0.10882736563260449,0.0,亲爱 敬爱 亲,敬爱 亲 亲爱,亲 敬爱 亲爱,亲爱 敬爱 亲
418,7,0.46428840023436296,0.051402678356723124,0.14285714285714285,活力 魅力 生机 焕发 感染力 亲和力 容光焕发,容光焕发 魅力 焕发 感染力 生机 亲和力 活力,亲和力 焕发 生机 感染力 活力 容光焕发 魅力,活力 魅力 生机 焕发 感染力 亲和力 容光焕发
419,5,0.5357068458871984,0.23075743357554462,0.0,子女 亲属 家属 配偶 子弟,子弟 配偶 家属 子女 亲属,子女 子弟 配偶 家属 亲属,子女 亲属 家属 配偶 子弟
420,6,0.5377369435095185,0.1969991422716837,0.0,亲眼 目睹 亲身 耳闻目睹 有幸 见证,有幸 亲身 见证 耳闻目睹 目睹 亲眼,耳闻目睹 目睹 有幸 亲身 见证 亲眼,亲眼 目睹 亲身 耳闻目睹 有幸 见证
421,1,,0.0,0.0,人,人,人,人
422,1,,0.0,0.0,人为,人为,人为,人为
423,1,,0.0,0.0,人事,人事,人事,人事
424,22,0.47239542888224584,0.010459174642442714,0.45454545454545453,你们 你 他们 我 他 她们 我们 大家 咱们 大伙儿 别人 人家,别人 各位 它 诸位 自己 有人 人家 它们,它 他 们 你 我 您 你们 别人 我们 他们 人家 人们,你们 你 他们 我 他 她们 我们 大家 咱们 大伙儿 别人 人家 它们 人们 您 它 们 自己 诸位 各位 有人 众人
425,6,0.4886139443947142,0.08019330374150592,0.0,新陈代谢 肌肤 人体 分泌 衰老 生理,衰老 生理 人体 分泌 肌肤 新陈代谢,新陈代谢 人体 生理 肌肤 分泌 衰老,新陈代谢 肌肤 人体 分泌 衰老 生理
426,3,0.5156270693630741,0.15552610288560356,0.0,人力 财力 人手,财力 人手 人力,人手 人力 财力,人力 财力 人手
427,5,0.3831094591669947,-0.052919751948615465,0.8,劳动力 劳务 劳动 人口 承包,承包 人口 劳动 劳务 劳动力,人口 劳务 劳动 承包 劳动力,劳动力 劳务 劳动 人口 承包
428,10,0.47972673795751447,0.05842536267011561,0.3,职工 工人 员工 雇员 职员 民工 农民工 雇主 人员 工会,人员 工会 雇主 职员 农民工 民工 员工 雇员,人员 员工 民工 农民工 雇主 雇员 工会 工人 职工 职员,职工 工人 员工 雇员 职员 民工 农民工 雇主 人员 工会
429,8,0.5131788070699709,0.11252732997707636,0.125,品德 素养 修养 素质 品行 教养 人品 教育,教育 素质 品德 人品 修养 教养 素养 品行,品德 人品 教育 素养 素质 修养 品行 教养,品德 素养 修养 素质 品行 教养 人品 教育
430,2,0.5670367574612281,0.2677053041399971,0.0,人均 平均,平均 人均,人均 平均,人均 平均
431,3,0.5134873271625747,0.11419186060296253,0.0,负责人 人士 发言人,发言人 人士 负责人,人士 负责人 发言人,负责人 人士 发言人
432,3,0.5323999017959371,0.1755897490635406,0.0,人造 人工 天然,天然 人工 人造,人工 人造 天然,人造 人工 天然
433,6,0.4485211516387896,0.030811477440795525,0.5,智能 机器人 人工智能 机器 机械 智慧,机械 智慧 机器 智能 人工智能 机器人,机器 人工智能 智能 智慧 机器人 机械,智能 机器人 人工智能 机器 机械 智慧
434,5,0.4980382284867065,0.05672823117956455,0.4,道德 伦理 人性 美德 人情,人情 美德 人性 道德 伦理,伦理 人情 人性 美德 道德,道德 伦理 人性 美德 人情
435,3,0.46942906671610096,0.07789283857664518,0.3333333333333333,师资 办学 人才,人才 办学 师资,办学 人才 师资,师资 办学 人才
436,10,0.5008050983821934,0.11708291307330365,0.2,数量 人数 总数 数目 总量 次数 量 数额 规模 人次,数额 人次 总量 总数 规模 量 次数 数目,数目 次数 人数 人次 总数 总量 规模 量 数额 数量,数量 人数 总数 数目 总量 次数 量 数额 规模 人次
437,1,,0.0,0.0,人文,人文,人文,人文
438,7,0.4712599009234846,0.043068111156336165,0.42857142857142855,自尊 自尊心 尊严 人格 面子 自我 体面,面子 体面 人格 自我 自尊心 尊严 自尊,自尊心 面子 人格 体面 尊严 自我 自尊,自尊 自尊心 尊严 人格 面子 自我 体面
439,9,0.5462723773018943,0.13674964950958785,0.1111111111111111,群众 民众 居民 农民 老百姓 市民 人民 牧民 住户,住户 民众 人民 市民 牧民 老百姓 农民 群众,人民 群众 牧民 市民 老百姓 居民 民众 农民 住户,群众 民众 居民 农民 老百姓 市民 人民 牧民 住户
440,9,0.48090098160510725,0.0701613187274649,0.2222222222222222,汇率 贬值 升值 外币 人民币 外汇 货币 兑换 利率,人民币 利率 兑换 货币 外币 外汇 升值 贬值,汇率 货币 升值 利率 贬值 外汇 外币 人民币 兑换,汇率 贬值 升值 外币 人民币 外汇 货币 兑换 利率
441,12,0.49886472047970637,0.12438995095162031,0.16666666666666666,声誉 名声 声望 知名度 名气 威信 信誉 影响力 口碑 人气 名誉 显赫,显赫 人气 名誉 口碑 威信 信誉 影响力 名气,知名度 人气 显赫 影响力 名誉 声誉 口碑 威信 信誉 声望 名气 名声,声誉 名声 声望 知名度 名气 威信 信誉 影响力 口碑 人气 名誉 显赫
442,4,0.39754588195899015,-0.02699059758876944,0.5,进化 人类 外星人 演变,演变 外星人 人类 进化,外星人 进化 人类 演变,进化 人类 外星人 演变
443,4,0.4969778154384183,0.13790577229445253,0.25,群体 阶层 人群 知识分子,知识分子 阶层 人群 群体,人群 群体 阶层 知识分子,群体 阶层 人群 知识分子
444,12,0.4664665988194822,0.015575980959198486,0.25,马路 人行道 大街 路口 路边 街道 街 街头 行人 大街小巷 大道 路人,路口 路人 大街小巷 街头 大道 人行道 行人 街,行人 人行道 街道 街 大道 大街 街头 路边 马路 路口 路人 大街小巷,马路 人行道 大街 路口 路边 街道 街 街头 行人 大街小巷 大道 路人
445,5,0.4622512192459617,0.014847264430416568,0.4,囚犯 俘虏 人质 奴隶 监狱,监狱 俘虏 人质 奴隶 囚犯,囚犯 奴隶 俘虏 人质 监狱,囚犯 俘虏 人质 奴隶 监狱
446,3,0.489446071591402,0.10580814196912809,0.3333333333333333,身上 人身 身边,身边 人身 身上,身边 人身 身上,身上 人身 身边
447,10,0.5283186623557597,0.14482598264326402,0.2,选举 候选人 连任 竞选 当选 提名 大选 推选 人选 选民,人选 选民 推选 提名 大选 连任 当选 候选人,竞选 选民 选举 当选 连任 人选 提名 大选 候选人 推选,选举 候选人 连任 竞选 当选 提名 大选 推选 人选 选民
448,6,0.42741187748258086,-0.04679821513923486,0.6666666666666666,月亮 太阳 星星 天上 阳光 人间,阳光 人间 天上 星星 太阳 月亮,阳光 太阳 月亮 人间 星星 天上,月亮 太阳 星星 天上 阳光 人间
449,43,0.47091702631880805,-0.023176354940756778,0.6744186046511628,谦逊 朴实 诚恳 善良 和蔼 质朴 纯朴 谦虚 真诚 豁达 诚实 文雅,老实 勇敢 客气 温柔 坚韧 虔诚 坦诚 活泼,正直 诚恳 坦率 质朴 含蓄 纯朴 诚实 得体 真挚 开朗 宽厚 仁慈,谦逊 朴实 诚恳 善良 和蔼 质朴 纯朴 谦虚 真诚 豁达 诚实 文雅 温柔 耿直 敦厚 沉稳 礼貌 稳重 真挚 彬彬有礼 坦诚 慈祥 开朗 风趣 坦率 正直 友善 刚毅 幽默 倔强 老实 宽厚 含蓄 仁慈 朴素 厚道 得体 坚韧 勇敢 客气 活泼 虔诚 殷勤
450,5,0.45130118230101035,0.04724951122493391,0.2,仅仅 只有 仅 只 还有,还有 只 仅仅 仅 只有,只 仅 只有 还有 仅仅,仅仅 只有 仅 只 还有
451,1,,0.0,0.0,仅次于,仅次于,仅次于,仅次于
452,7,0.5056648641755266,0.05671860884866437,0.2857142857142857,怨 恨 怨气 仇恨 仇 冤 怨言,冤 怨言 仇 仇恨 怨气 恨 怨,冤 仇 恨 怨 怨言 仇恨 怨气,怨 恨 怨气 仇恨 仇 冤 怨言
453,7,0.49309231588314517,0.08142589698054148,0.14285714285714285,土匪 强盗 坏人 流氓 敌人 无恶不作 仇人,仇人 敌人 流氓 坏人 无恶不作 土匪 强盗,流氓 无恶不作 强盗 仇人 土匪 敌人 坏人,土匪 强盗 坏人 流氓 敌人 无恶不作 仇人
454,8,0.45721371888775814,0.05388994344633689,0.25,今后 将来 未来 日后 接下来 后续 从今以后 有朝一日,有朝一日 从今以后 后续 接下来 日后 未来 将来 今后,有朝一日 后续 将来 从今以后 今后 接下来 未来 日后,今后 将来 未来 日后 接下来 后续 从今以后 有朝一日
455,4,0.5449648527501038,0.21184176854232636,0.0,插手 干预 干涉 介入,介入 插手 干涉 干预,插手 干预 介入 干涉,插手 干预 干涉 介入
456,11,0.5017922825499462,0.03130395264848265,0.45454545454545453,表示 宣称 声称 指出 强调 透露 重申 承认 宣布 否认 介绍,否认 宣布 介绍 透露 承认 宣称 声称 指出,重申 否认 宣称 宣布 指出 介绍 承认 声称 表示 透露 强调,表示 宣称 声称 指出 强调 透露 重申 承认 宣布 否认 介绍
457,5,0.4333549615717368,0.03422664459302258,0.6,自 从 自从 继 由,继 由 从 自从 自,从 继 由 自 自从,自 从 自从 继 由
458,1,,0.0,0.0,从业,从业,从业,从业
459,1,,0.0,0.0,从中,从中,从中,从中
460,1,,0.0,0.0,从事,从事,从事,从事
461,8,0.5134291070794453,0.1671535747348602,0.0,以往 往日 往常 往年 过去 从前 过往 昔日,往年 昔日 从前 往常 以往 过去 过往 往日,往日 往年 往常 昔日 以往 从前 过往 过去,以往 往日 往常 往年 过去 从前 过往 昔日
462,1,,0.0,0.0,从头,从头,从头,从头
463,10,0.4846382101590368,0.05076089007602774,0.4,从容 冷静 镇定 沉着 坦然 从容不迫 平和 清醒 胸有成竹 平常心,平和 清醒 平常心 胸有成竹 沉着 从容不迫 冷静 坦然,坦然 镇定 胸有成竹 冷静 沉着 从容 清醒 从容不迫 平和 平常心,从容 冷静 镇定 沉着 坦然 从容不迫 平和 清醒 胸有成竹 平常心
464,4,0.5079766472308075,0.1177443932875183,0.0,早年 童年 晚年 从小,童年 晚年 从小 早年,晚年 童年 从小 早年,早年 童年 晚年 从小
465,4,0.43057780863015865,0.03518416757183368,0.25,从此 由此 据此 再也,再也 据此 由此 从此,据此 再也 从此 由此,从此 由此 据此 再也
466,14,0.48713620851456046,0.0779689353476447,0.2857142857142857,致使 使 使得 促使 导致 迫使 以致 令 从而 让 进而 以便,促使 因 以便 致 进而 让 导致 以致,因 令 使 以便 促使 使得 迫使 致 致使 让 从而 以致,致使 使 使得 促使 导致 迫使 以致 令 从而 让 进而 以便 致 因
467,9,0.41911029713494785,-0.004770869167935616,0.4444444444444444,工厂 厂 厂家 车间 厂商 仓库 工地 出厂 巨头,巨头 仓库 出厂 工地 厂商 厂家 车间 工厂,厂 仓库 车间 巨头 出厂 厂家 厂商 工厂 工地,工厂 厂 厂家 车间 厂商 仓库 工地 出厂 巨头
468,1,,0.0,0.0,他人,他人,他人,他人
469,4,0.5014928243204831,0.09639764610013317,0.25,付款 支付 付 款项,款项 付 支付 付款,款项 付 付款 支付,付款 支付 付 款项
470,3,0.5655374826597822,0.2385259853992633,0.0,付出 代价 牺牲,牺牲 代价 付出,付出 代价 牺牲,付出 代价 牺牲
471,11,0.469847241254555,0.04159698584710907,0.2727272727272727,妖怪 鬼 神仙 巫婆 怪物 阎王 魔鬼 仙女 怪 神 地狱,神 怪物 怪 地狱 魔鬼 鬼 仙女 巫婆,神 怪 阎王 鬼 地狱 怪物 魔鬼 巫婆 神仙 妖怪 仙女,妖怪 鬼 神仙 巫婆 怪物 阎王 魔鬼 仙女 怪 神 地狱
472,36,0.46311519588890127,0.012009142308525502,0.3611111111111111,蛇 鹅 鸭子 猫 青蛙 狗 鸽子 公鸡 鸟 虫子 母鸡 狮子,恐龙 害虫 狼 猪 仙鹤 羊 鲨鱼 燕子,仙鹤 兔 羊 猴 猪 猫 狼 狗 狮子 猩猩 恐龙 燕子,蛇 鹅 鸭子 猫 青蛙 狗 鸽子 公鸡 鸟 虫子 母鸡 狮子 鸡 猴 鳄鱼 兔 鼠 鱼 蚊子 动物 龟 蜜蜂 猩猩 羊 天鹅 狼 苍蝇 大雁 大象 燕子 鲨鱼 昆虫 猪 仙鹤 恐龙 害虫
473,2,0.5538340548856336,0.22308610780649082,0.0,编号 代号,代号 编号,编号 代号,编号 代号
474,5,0.5980428675687612,0.3325401717280268,0.0,取代 代替 替代 替换 取而代之,取而代之 替换 取代 替代 代替,替换 替代 代替 取而代之 取代,取代 代替 替代 替换 取而代之
475,4,0.4876046744579782,0.10570350917841577,0.0,委托 代理 代理人 授权,授权 代理人 委托 代理,代理人 委托 代理 授权,委托 代理 代理人 授权
476,1,,0.0,0.0,代表,代表,代表,代表
477,8,0.5534496330686804,0.1788251037650497,0.125,拜会 接见 会见 拜访 看望 拜见 探望 代表团,代表团 看望 探望 拜见 拜访 会见 拜会 接见,看望 拜会 探望 会见 代表团 接见 拜见 拜访,拜会 接见 会见 拜访 看望 拜见 探望 代表团
478,1,,0.0,0.0,代言人,代言人,代言人,代言人
479,3,0.4681656039235334,0.07457635694057282,0.3333333333333333,以下 简称 如下,如下 简称 以下,简称 以下 如下,以下 简称 如下
480,7,0.584638541075601,0.2568091726096503,0.0,坚信 深信 确信 相信 认为 断定 以为,断定 以为 认为 相信 坚信 深信 确信,坚信 以为 确信 断定 深信 相信 认为,坚信 深信 确信 相信 认为 断定 以为
481,10,0.4283726414071902,-0.028971916823954624,0.6,避免 防止 以免 免得 确保 杜绝 保证 难免 保障 未免,保障 未免 难免 确保 免得 杜绝 保证 防止,保障 保证 以免 免得 确保 防止 避免 未免 杜绝 难免,避免 防止 以免 免得 确保 杜绝 保证 难免 保障 未免
482,15,0.5027789568669637,0.10179239485776305,0.26666666666666666,那时候 那时 这时候 当时 那会儿 此时 这时 时候 这会儿 此刻 当初 小时候,小时候 以前 这会儿 当初 当年 此刻 时 此时,时候 那时候 那会儿 以前 时 那时 这时 当初 当年 当时 这时候 这会儿,那时候 那时 这时候 当时 那会儿 此时 这时 时候 这会儿 此刻 当初 小时候 当年 时 以前
483,4,0.606056790927859,0.31141554075764316,0.0,及 以及 和 及其,及其 和 以及 及,及 和 以及 及其,及 以及 和 及其
484,4,0.6269818492301654,0.35493866613373815,0.0,迄今 迄今为止 至今 以来,以来 至今 迄今为止 迄今,以来 迄今 迄今为止 至今,迄今 迄今为止 至今 以来
485,11,0.46948085511921106,0.0039933668759679335,0.45454545454545453,测量 观测 探测 测定 检测 仪器 测 监测 样品 卫星 望远镜,监测 卫星 检测 仪器 样品 观测 望远镜 测,探测 测 测量 仪器 测定 观测 样品 望远镜 卫星 检测 监测,测量 观测 探测 测定 检测 仪器 测 监测 样品 卫星 望远镜
486,12,0.5006495924170322,0.05399760270139148,0.3333333333333333,庆典 宴会 典礼 晚会 招待会 集会 联欢 盛大 隆重 聚会 仪式 盛会,聚会 联欢 集会 盛会 庆典 招待会 隆重 仪式,集会 招待会 联欢 宴会 聚会 晚会 庆典 典礼 仪式 盛会 盛大 隆重,庆典 宴会 典礼 晚会 招待会 集会 联欢 盛大 隆重 聚会 仪式 盛会
487,1,,0.0,0.0,仪表,仪表,仪表,仪表
488,5,0.4734864341289877,0.025693011227724903,0.4,仰 垂 伸 俯首 拱,伸 拱 俯首 垂 仰,俯首 垂 仰 伸 拱,仰 垂 伸 俯首 拱
489,8,0.4894774459203691,0.08561102321831089,0.25,价格 价钱 售价 价 价位 高价 定价 身价,高价 身价 价位 定价 价钱 售价 价 价格,价 价钱 定价 价位 价格 高价 售价 身价,价格 价钱 售价 价 价位 高价 定价 身价
490,1,,0.0,0.0,价值,价值,价值,价值
491,10,0.47761112769745545,0.025666125362896232,0.5,观念 思维 理念 意识 价值观 思想 认知 审美 思路 逻辑,逻辑 思路 价值观 审美 意识 认知 思想 理念,思想 思维 审美 思路 逻辑 观念 理念 意识 价值观 认知,观念 思维 理念 意识 价值观 思想 认知 审美 思路 逻辑
492,8,0.3485519850620973,-0.11758926431895586,0.875,别的 有的 的话 的 有的是 其他 任何 话,话 任何 其他 有的是 有的 的 的话 别的,的 别的 有的 话 任何 其他 有的是 的话,别的 有的 的话 的 有的是 其他 任何 话
493,7,0.48835389092575765,0.10309772676759868,0.2857142857142857,随便 随意 顺手 随手 顺便 任意 轻易,轻易 任意 顺便 顺手 随意 随手 随便,顺手 顺便 任意 轻易 随手 随意 随便,随便 随意 顺手 随手 顺便 任意 轻易
494,1,,0.0,0.0,份,份,份,份
495,1,,0.0,0.0,份额,份额,份额,份额
496,3,0.5505610690509342,0.2636256402977617,0.0,模仿 效仿 仿,仿 效仿 模仿,仿 效仿 模仿,模仿 效仿 仿
497,10,0.5226375366272371,0.1275900111658381,0.2,宗教 佛教 基督教 道教 伊斯兰教 天主教 信仰 儒学 穆斯林 茶道,儒学 茶道 信仰 佛教 穆斯林 道教 天主教 伊斯兰教,茶道 宗教 穆斯林 天主教 儒学 基督教 伊斯兰教 信仰 道教 佛教,宗教 佛教 基督教 道教 伊斯兰教 天主教 信仰 儒学 穆斯林 茶道
498,3,0.5578518631559967,0.21423991292776312,0.0,休克 昏迷 窒息,窒息 昏迷 休克,窒息 休克 昏迷,休克 昏迷 窒息
499,1,,0.0,0.0,休养,休养,休养,休养
500,18,0.46442469376706064,-0.02784367454859506,0.6111111111111112,睡 睡觉 睡着 午睡 醒来 酣睡 醒 打盹儿 惊醒 躺 休息 苏醒,休息 晒太阳 醒悟 躺 觉醒 苏醒 卧 洗澡,晒太阳 卧 睡 睡着 睡眠 酣睡 睡觉 洗澡 醒 躺 苏醒 午睡,睡 睡觉 睡着 午睡 醒来 酣睡 醒 打盹儿 惊醒 躺 休息 苏醒 睡眠 晒太阳 洗澡 卧 觉醒 醒悟
501,3,0.4509929505215183,0.017439226919995877,0.6666666666666666,办不到 照办 休想,照办 休想 办不到,照办 休想 办不到,办不到 照办 休想
502,1,,0.0,0.0,休眠,休眠,休眠,休眠
503,12,0.49220169708308775,0.029478074543723004,0.16666666666666666,度假 旅游 避暑 游览 观光 出游 旅行 疗养 休闲 游 温泉 蜜月,疗养 旅行 游览 休闲 出游 温泉 避暑 游,旅行 休闲 蜜月 游 游览 旅游 温泉 观光 出游 避暑 度假 疗养,度假 旅游 避暑 游览 观光 出游 旅行 疗养 休闲 游 温泉 蜜月
504,6,0.48494213557824833,0.09534469524293905,0.0,艰苦奋斗 自强不息 发愤图强 自力更生 同舟共济 众志成城,同舟共济 众志成城 自力更生 艰苦奋斗 发愤图强 自强不息,同舟共济 自强不息 自力更生 发愤图强 艰苦奋斗 众志成城,艰苦奋斗 自强不息 发愤图强 自力更生 同舟共济 众志成城
505,1,,0.0,0.0,优,优,优,优
506,1,,0.0,0.0,优先,优先,优先,优先
507,16,0.4975812789591067,0.04523875553452434,0.375,缺点 弱点 优点 弊端 弊病 长处 短处 缺陷 毛病 好处 特点 坏处,毛病 症结 漏洞 特点 好处 优势 坏处 劣势,劣势 优点 优势 症结 漏洞 弱点 毛病 好处 弊端 弊病 短处 缺陷,缺点 弱点 优点 弊端 弊病 长处 短处 缺陷 毛病 好处 特点 坏处 劣势 优势 症结 漏洞
508,19,0.48211841983899867,0.02893014103592243,0.3157894736842105,加强 强化 增强 提高 深化 提升 促进 增进 加快 优化 改善 扩大,促进 增加 改进 扩大 进一步 健全 巩固 加深,增强 增加 优化 进一步 健全 完善 改善 扩大 强化 加深 加强 加快,加强 强化 增强 提高 深化 提升 促进 增进 加快 优化 改善 扩大 完善 加深 巩固 增加 进一步 改进 健全
509,11,0.4785412426528202,0.05471202602450656,0.36363636363636365,出色 优异 卓越 出众 优秀 杰出 优良 过硬 高超 非凡 优质,优质 高超 过硬 非凡 优良 出众 卓越 杰出,优质 优良 优秀 优异 杰出 出色 出众 高超 卓越 非凡 过硬,出色 优异 卓越 出众 优秀 杰出 优良 过硬 高超 非凡 优质
510,8,0.5264984318895104,0.1706272181844064,0.125,折扣 打折 优惠 促销 特价 降价 折 套餐,套餐 降价 促销 折 优惠 特价 折扣 打折,优惠 折 套餐 折扣 降价 促销 打折 特价,折扣 打折 优惠 促销 特价 降价 折 套餐
511,11,0.47827025958880254,0.06574213446196488,0.2727272727272727,便捷 方便 便利 快捷 便宜 省钱 省事 实惠 划算 高效 优越,优越 高效 便宜 划算 实惠 省事 便利 方便,优越 实惠 快捷 省钱 省事 便利 便宜 便捷 方便 高效 划算,便捷 方便 便利 快捷 便宜 省钱 省事 实惠 划算 高效 优越
512,2,0.5448950160387322,0.2139861378292912,0.0,同伙 伙,同伙 伙,伙 同伙,同伙 伙
513,3,0.5250700155041662,0.16742242644460584,0.0,食宿 伙食 自理,自理 伙食 食宿,伙食 食宿 自理,食宿 伙食 自理
514,4,0.4819230310490609,0.11112014352339405,0.0,在场 现场 会场 全场,会场 全场 现场 在场,现场 全场 在场 会场,在场 现场 会场 全场
515,5,0.5020207882318803,0.06946341541509946,0.2,招手 示意 招呼 会意 伸手,伸手 会意 招呼 招手 示意,示意 伸手 招手 招呼 会意,招手 示意 招呼 会意 伸手
516,3,0.5575088334573196,0.21426222463560038,0.0,税务 会计 财务,财务 会计 税务,会计 财务 税务,税务 会计 财务
517,25,0.490526665740352,0.04726668678807588,0.24,住院 急诊 医院 门诊 就诊 病房 病人 看病 医生 出院 手术室 打针,医生 生病 护士 养老院 治病 病人 出院 会诊,看病 挂号 床位 门诊 打针 诊所 会诊 病房 急诊 生病 病人 就医,住院 急诊 医院 门诊 就诊 病房 病人 看病 医生 出院 手术室 打针 挂号 手术 诊所 输液 病床 求医 护士 就医 治病 会诊 床位 养老院 生病
518,1,,0.0,0.0,伞,伞,伞,伞
519,5,0.46439542623415403,0.04346966202753483,0.2,光荣 崇高 神圣 伟大 荣幸,荣幸 崇高 伟大 神圣 光荣,光荣 崇高 伟大 荣幸 神圣,光荣 崇高 神圣 伟大 荣幸
520,4,0.463804891876098,0.0620654893005267,0.25,流传 流行 盛行 传,传 盛行 流行 流传,流行 传 流传 盛行,流传 流行 盛行 传
521,6,0.5370283490302523,0.17700229760925268,0.16666666666666666,传闻 传言 消息 传出 绯闻 报道,报道 绯闻 传出 消息 传言 传闻,绯闻 传出 消息 报道 传闻 传言,传闻 传言 消息 传出 绯闻 报道
522,10,0.43183504625696495,0.005447052666518088,0.6,传说 神话 故事 传奇 童话 寓言 笑话 相传 奇迹 据说,据说 相传 奇迹 笑话 传奇 寓言 故事 童话,神话 奇迹 故事 传奇 相传 据说 笑话 寓言 童话 传说,传说 神话 故事 传奇 童话 寓言 笑话 相传 奇迹 据说
523,2,0.5783932996667215,0.2652695895457842,0.0,影视 传媒,传媒 影视,传媒 影视,影视 传媒
524,7,0.4646807188855499,0.05200444880327965,0.42857142857142855,弘扬 发扬 传承 发扬光大 继承 精神 承载,承载 精神 继承 传承 发扬 发扬光大 弘扬,发扬 传承 承载 发扬光大 精神 弘扬 继承,弘扬 发扬 传承 发扬光大 继承 精神 承载
525,5,0.4372423890424967,-0.013488345219104997,0.6,知识 传授 常识 学问 灌输,灌输 学问 常识 传授 知识,传授 常识 学问 知识 灌输,知识 传授 常识 学问 灌输
526,6,0.46736510625138716,0.08248163820968384,0.0,推广 宣传 普及 传播 推销 科普,推销 传播 科普 宣传 普及 推广,普及 宣传 推广 传播 科普 推销,推广 宣传 普及 传播 推销 科普
527,18,0.4902205549027842,0.04842327694586885,0.3333333333333333,悦耳 清脆 声音 刺耳 响声 响起 声 动听 响 响亮 洪亮 好听,铃声 响起 难听 抑扬顿挫 声 响声 听 传来,响亮 响声 听 响 声 洪亮 抑扬顿挫 声音 悦耳 传来 好听 刺耳,悦耳 清脆 声音 刺耳 响声 响起 声 动听 响 响亮 洪亮 好听 笑声 听 传来 铃声 难听 抑扬顿挫
528,3,0.46930383317006624,0.05690554295688461,0.3333333333333333,病毒 传染 杀毒,杀毒 传染 病毒,病毒 传染 杀毒,病毒 传染 杀毒
529,1,,0.0,0.0,传真,传真,传真,传真
530,2,0.534334595513168,0.1464510592940675,0.0,常规 传统,常规 传统,传统 常规,常规 传统
531,4,0.560829743648414,0.22369879123543907,0.0,日记 回忆录 笔记 传记,传记 笔记 日记 回忆录,笔记 回忆录 日记 传记,日记 回忆录 笔记 传记
532,4,0.4156752573971912,0.019330500162307338,0.25,传输 输出 输入 光缆,光缆 输出 传输 输入,光缆 输出 输入 传输,传输 输出 输入 光缆
533,8,0.4590431036708353,0.054005102066969284,0.25,倾诉 诉说 表达 发泄 宣泄 诉苦 传达 转达,转达 诉苦 传达 表达 宣泄 发泄 诉说 倾诉,转达 倾诉 宣泄 发泄 诉苦 诉说 表达 传达,倾诉 诉说 表达 发泄 宣泄 诉苦 传达 转达
534,4,0.5569111648264121,0.29739099196865043,0.0,火炬 传递 接力 棒,棒 接力 火炬 传递,棒 火炬 接力 传递,火炬 传递 接力 棒
535,19,0.4722143510181461,0.043505368994034836,0.21052631578947367,营救 救援 抢救 救治 救 急救 解救 呼救 救助 遇险 搜救 求救,伤员 求救 打捞 挽救 救护车 拯救 呼救 救命,抢救 挽救 伤员 营救 救 解救 呼救 逃生 救护车 搜救 救治 救援,营救 救援 抢救 救治 救 急救 解救 呼救 救助 遇险 搜救 求救 拯救 救命 挽救 伤员 救护车 逃生 打捞
536,17,0.4636732296482397,-0.011829258392303059,0.47058823529411764,阻碍 妨碍 损害 妨害 破坏 阻挠 扰乱 干扰 伤害 危及 侵害 危害,危害 损伤 阻止 阻挡 伤害 阻拦 破坏 侵害,损伤 伤害 扰乱 危害 危及 破坏 妨碍 影响 侵害 妨害 干扰 阻碍,阻碍 妨碍 损害 妨害 破坏 阻挠 扰乱 干扰 伤害 危及 侵害 危害 阻止 阻拦 影响 阻挡 损伤
537,5,0.6055604449244459,0.3130395584326331,0.0,残疾人 残疾 盲人 聋人 伤残,伤残 盲人 聋人 残疾 残疾人,伤残 聋人 盲人 残疾人 残疾,残疾人 残疾 盲人 聋人 伤残
538,8,0.4730370724341016,0.06326313763910141,0.125,裂痕 裂缝 伤痕 破裂 断裂 脱落 愈合 创伤,脱落 创伤 破裂 断裂 愈合 裂缝 伤痕 裂痕,伤痕 裂痕 裂缝 脱落 断裂 愈合 破裂 创伤,裂痕 裂缝 伤痕 破裂 断裂 脱落 愈合 创伤
539,6,0.5076332011415495,0.11039782828465466,0.3333333333333333,掩盖 掩饰 隐瞒 遮盖 伪装 瞒,伪装 瞒 遮盖 隐瞒 掩饰 掩盖,瞒 掩饰 遮盖 伪装 隐瞒 掩盖,掩盖 掩饰 隐瞒 遮盖 伪装 瞒
540,10,0.4638818137947252,0.05624894131902754,0.3,伪造 虚假 假冒 造假 弄虚作假 欺诈 假 冒充 恶意 作弊,冒充 恶意 作弊 弄虚作假 假冒 欺诈 假 虚假,假 虚假 欺诈 伪造 恶意 造假 冒充 作弊 假冒 弄虚作假,伪造 虚假 假冒 造假 弄虚作假 欺诈 假 冒充 恶意 作弊
541,13,0.5143256106235975,0.10904350378709783,0.23076923076923078,估算 测算 推算 推测 推断 预测 计算 估计 假设 粗略 假定 统计,预计 计算 推断 预测 假设 统计 假定 粗略,粗略 统计 估计 计算 推算 推测 推断 测算 预测 假设 估算 假定,估算 测算 推算 推测 推断 预测 计算 估计 假设 粗略 假定 统计 预计
542,7,0.4424400812714209,0.04827731681633718,0.2857142857142857,陪同 陪 带领 陪伴 带队 率领 伴,伴 陪伴 率领 陪同 带队 陪 带领,伴 陪 率领 带领 带队 陪同 陪伴,陪同 陪 带领 陪伴 带队 率领 伴
543,8,0.43573082659231427,0.010700158128928166,0.375,预示 表明 暗示 意味着 说明 反映 揭示 伴随,伴随 说明 揭示 反映 暗示 表明 意味着 预示,暗示 揭示 反映 说明 预示 意味着 表明 伴随,预示 表明 暗示 意味着 说明 反映 揭示 伴随
544,1,,0.0,0.0,伸张,伸张,伸张,伸张
545,10,0.4901129269870985,0.03633553605834341,0.3,摆动 转动 旋转 摇晃 摇摆 跳跃 弯曲 跳动 伸缩 摇,摇 伸缩 弯曲 转动 摇摆 跳跃 跳动 旋转,摆动 摇 跳跃 伸缩 弯曲 跳动 转动 旋转 摇摆 摇晃,摆动 转动 旋转 摇晃 摇摆 跳跃 弯曲 跳动 伸缩 摇
546,9,0.47109269191860736,0.07052497973707099,0.2222222222222222,侍候 伺候 看护 照料 看管 管教 使唤 孝敬 监护,孝敬 使唤 照料 管教 监护 侍候 看管 看护,看管 看护 照料 侍候 伺候 使唤 管教 孝敬 监护,侍候 伺候 看护 照料 看管 管教 使唤 孝敬 监护
547,5,0.5213720237545927,0.14529006574144215,0.2,趁 趁机 伺机 趁着 埋伏,埋伏 趁机 趁着 伺机 趁,趁机 趁着 埋伏 伺机 趁,趁 趁机 伺机 趁着 埋伏
548,1,,0.0,0.0,似是而非,似是而非,似是而非,似是而非
549,1,,0.0,0.0,似曾相识,似曾相识,似曾相识,似曾相识
550,2,0.7023654010455636,0.4800300648519916,0.0,位 名,名 位,名 位,位 名
551,4,0.5518329847432396,0.19846018197918586,0.0,耸立 坐落 屹立 位于,位于 屹立 耸立 坐落,坐落 屹立 耸立 位于,耸立 坐落 屹立 位于
552,3,0.52785068637344,0.1695499790182465,0.0,位置 位子 地位,地位 位子 位置,地位 位子 位置,位置 位子 地位
553,5,0.4804089897732977,0.08281456131960842,0.4,低 高 高低 忽高忽低 低下,忽高忽低 低下 高低 高 低,低 忽高忽低 高 低下 高低,低 高 高低 忽高忽低 低下
554,11,0.5165130556724978,0.0928229798895427,0.2727272727272727,高于 低于 小于 大于 超过 超出 远远 超越 远 超 等于,等于 超 远 超越 远远 高于 小于 低于,超出 超过 超越 等于 大于 小于 超 远 远远 低于 高于,高于 低于 小于 大于 超过 超出 远远 超越 远 超 等于
555,3,0.5661636021176352,0.2089308856047962,0.0,廉价 低价 劣质,低价 劣质 廉价,廉价 劣质 低价,廉价 低价 劣质
556,5,0.476530609963593,0.06415700703777004,0.4,忽略 忽视 小看 低估 省略,省略 低估 小看 忽略 忽视,省略 小看 忽略 忽视 低估,忽略 忽视 小看 低估 省略
557,9,0.5477374644221501,0.13814811438007202,0.1111111111111111,温度 气温 摄氏度 水温 零下 低温 高温 常温 体温,体温 常温 温度 高温 气温 低温 摄氏度 水温,气温 零下 温度 体温 水温 高温 常温 摄氏度 低温,温度 气温 摄氏度 水温 零下 低温 高温 常温 体温
558,4,0.5564428056607621,0.24012038914539358,0.0,节能 环保 节水 低碳,环保 低碳 节水 节能,环保 节能 节水 低碳,节能 环保 节水 低碳
559,2,0.6964052439475528,0.4902399137929331,0.0,高调 低调,低调 高调,高调 低调,高调 低调
560,5,0.4307335953804894,0.03362024473679632,0.4,定居 居住 移民 落户 住,落户 住 移民 定居 居住,住 移民 落户 定居 居住,定居 居住 移民 落户 住
561,5,0.458281859310426,0.0491807222526417,0.4,地址 住址 地点 住处 邮编,邮编 住处 地点 地址 住址,邮编 地址 地点 住处 住址,地址 住址 地点 住处 邮编
562,6,0.46171303836813976,0.05227802966165385,0.3333333333333333,机制 制度 体制 体系 系统 长效,系统 长效 体系 制度 机制 体制,机制 系统 制度 体系 体制 长效,机制 制度 体制 体系 系统 长效
563,4,0.5570763338382386,0.1967836409795007,0.0,体力 体能 体质 体重,体质 体重 体力 体能,体重 体能 体质 体力,体力 体能 体质 体重
564,6,0.4957335073345369,0.10644725431627783,0.0,化验 检查 复查 检验 体检 验,体检 验 检查 检验 复查 化验,验 体检 检验 化验 复查 检查,化验 检查 复查 检验 体检 验
565,8,0.523997593737248,0.13377171453300088,0.0,显现 体现 展现 凸显 显出 呈现 表现 显,显出 展现 呈现 表现 显 显现 凸显 体现,显 展现 凸显 体现 呈现 显现 显出 表现,显现 体现 展现 凸显 显出 呈现 表现 显
566,11,0.498085109094488,0.027905109761409867,0.36363636363636365,厚度 体积 长度 宽度 重量 尺寸 直径 形状 密度 强度 浮力,长度 形状 厚度 浮力 直径 强度 重量 密度,密度 厚度 宽度 强度 浮力 体积 形状 直径 尺寸 重量 长度,厚度 体积 长度 宽度 重量 尺寸 直径 形状 密度 强度 浮力
567,14,0.4653334353838186,0.043576285030122494,0.42857142857142855,体育馆 体育场 球场 操场 礼堂 场馆 公园 图书馆 看台 广场 教学楼 剧院,剧院 公园 阅览室 操场 教学楼 鸟巢 礼堂 广场,图书馆 看台 球场 操场 鸟巢 体育馆 礼堂 阅览室 场馆 体育场 剧院 广场,体育馆 体育场 球场 操场 礼堂 场馆 公园 图书馆 看台 广场 教学楼 剧院 阅览室 鸟巢
568,10,0.536707595580963,0.14265928391519928,0.1,关怀 照顾 关照 关爱 爱护 体贴 呵护 体谅 关心 无微不至,爱护 体谅 照顾 关心 呵护 无微不至 体贴 关怀,爱护 关心 关怀 关爱 关照 体谅 体贴 无微不至 照顾 呵护,关怀 照顾 关照 关爱 爱护 体贴 呵护 体谅 关心 无微不至
569,2,0.5345593280761126,0.2040007359483747,0.0,多 余,余 多,多 余,多 余
570,1,,0.0,0.0,余地,余地,余地,余地
571,5,0.5318322882726104,0.14882276784122753,0.2,贷款 抵押 信贷 担保 余额,余额 抵押 信贷 担保 贷款,抵押 贷款 余额 信贷 担保,贷款 抵押 信贷 担保 余额
572,5,0.5296332388062983,0.12956290637373952,0.2,僧人 菩萨 和尚 佛 弟子,弟子 僧人 和尚 佛 菩萨,僧人 弟子 佛 和尚 菩萨,僧人 菩萨 和尚 佛 弟子
573,3,0.5417873577257813,0.16430769202593096,0.0,作 做 作出,作出 做 作,做 作 作出,作 做 作出
574,1,,0.0,0.0,作业,作业,作业,作业
575,13,0.5565922022334294,0.18347200561629856,0.15384615384615385,当作 视为 当成 称作 看作 列为 称为 看成 定为 作为 叫作 列入,列入 叫作 成为 定为 作为 称为 称作 列为,看成 看作 叫作 当作 当成 成为 定为 视为 称作 称为 列入 列为,当作 视为 当成 称作 看作 列为 称为 看成 定为 作为 叫作 列入 成为
576,2,0.7717876351398814,0.5755933917852677,0.0,作客 做客,做客 作客,做客 作客,作客 做客
577,8,0.49475686906271726,0.05975410565848886,0.25,文学 散文 诗人 作家 文人 文艺 诗 文化,文化 诗 文人 作家 文艺 文学 散文 诗人,诗人 诗 文艺 文人 文化 文学 作家 散文,文学 散文 诗人 作家 文人 文艺 诗 文化
578,5,0.5334728328432133,0.14408408964551833,0.0,对峙 对立 对抗 针锋相对 作对,作对 对抗 对立 对峙 针锋相对,针锋相对 对峙 对抗 对立 作对,对峙 对立 对抗 针锋相对 作对
579,6,0.3974257507239814,-0.017391835406974747,0.6666666666666666,失效 失灵 无效 作废 生效 失控,生效 无效 失控 作废 失灵 失效,无效 生效 失灵 失效 失控 作废,失效 失灵 无效 作废 生效 失控
580,6,0.5082319702030278,0.13338295882142917,0.0,战争 作战 战场 战斗 打仗 冷战,冷战 战斗 打仗 作战 战场 战争,冷战 战场 战争 打仗 战斗 作战,战争 作战 战场 战斗 打仗 冷战
581,29,0.4463136879623983,-0.025189982005529347,0.5172413793103449,考试 试卷 试题 笔试 口试 高考 考题 考生 考 作文 卷子 面试,稿子 招收 及格 题目 题 志愿 补考 分数,笔试 测验 口试 答辩 命题 录取 题目 试题 考生 补考 考场 题,考试 试卷 试题 笔试 口试 高考 考题 考生 考 作文 卷子 面试 录取 报考 题目 考场 分数 招生 补考 填空 命题 测验 听力 题 答辩 及格 志愿 稿子 招收
582,4,0.471365094880791,0.07941872459608064,0.25,作用 起到 发挥 效应,效应 起到 发挥 作用,起到 效应 发挥 作用,作用 起到 发挥 效应
583,1,,0.0,0.0,作者,作者,作者,作者
584,5,0.49133681598517426,0.12483239469971516,0.0,廉洁 廉政 纪律 作风 廉正,作风 廉正 纪律 廉洁 廉政,廉政 廉洁 廉正 纪律 作风,廉洁 廉政 纪律 作风 廉正
585,12,0.4732354597179009,0.03575688034699718,0.3333333333333333,肩负 担负 承担 责任 重任 负有 担当 担子 分担 负担 使命 推卸,担子 使命 分担 负担 重任 推卸 责任 担当,使命 担负 责任 推卸 负有 负担 分担 担子 担当 承担 肩负 重任,肩负 担负 承担 责任 重任 负有 担当 担子 分担 负担 使命 推卸
586,8,0.4811922532306866,0.09184513342438227,0.125,运用 使用 用 利用 采用 动用 滥用 应用,应用 动用 采用 滥用 利用 用 使用 运用,运用 用 使用 应用 利用 滥用 采用 动用,运用 使用 用 利用 采用 动用 滥用 应用
587,8,0.49321993742982234,0.09771911481610965,0.375,大使馆 领事馆 领事 大使 驻 外交官 办事处 使者,使者 办事处 外交官 驻 大使 领事馆 领事 大使馆,外交官 大使馆 使者 领事馆 办事处 大使 驻 领事,大使馆 领事馆 领事 大使 驻 外交官 办事处 使者
588,15,0.5067154681915736,0.023546763236876992,0.3333333333333333,吵架 吵嘴 唠叨 吵 聊天儿 絮叨 说闲话 打架 胡闹 说话 发脾气 吹牛,打牌 发脾气 打岔 胡闹 吹牛 说闲话 聊天儿 絮叨,吹牛 吵 唠叨 吵架 吵嘴 胡闹 絮叨 侃大山 发脾气 打岔 说闲话 打牌,吵架 吵嘴 唠叨 吵 聊天儿 絮叨 说闲话 打架 胡闹 说话 发脾气 吹牛 打岔 打牌 侃大山
589,5,0.45097290447862404,0.008175540230754888,0.4,例外 特例 例子 先例 幸免,幸免 例子 先例 特例 例外,幸免 例外 例子 特例 先例,例外 特例 例子 先例 幸免
590,1,,0.0,0.0,供,供,供,供
591,8,0.5314321294940431,0.16338465557293214,0.125,供应 短缺 供给 供求 紧缺 供不应求 过剩 需求,需求 供给 供不应求 过剩 紧缺 供应 短缺 供求,供应 供求 供给 短缺 需求 供不应求 过剩 紧缺,供应 短缺 供给 供求 紧缺 供不应求 过剩 需求
592,13,0.49031580006998876,0.025457683993035975,0.46153846153846156,祭奠 悼念 扫墓 祭祀 祭 葬礼 缅怀 送别 瞻仰 追悼会 送行 祈祷,送别 供奉 祭祀 送行 葬礼 祈祷 追悼会 缅怀,葬礼 祭 祈祷 送别 瞻仰 扫墓 悼念 祭奠 缅怀 祭祀 供奉 追悼会,祭奠 悼念 扫墓 祭祀 祭 葬礼 缅怀 送别 瞻仰 追悼会 送行 祈祷 供奉
593,9,0.45770029470379353,0.05628179210257508,0.2222222222222222,煤气 燃气 管道 水管 供暖 暖气 天然气 取暖 管子,管子 天然气 水管 取暖 管道 燃气 暖气 煤气,取暖 管道 供暖 燃气 水管 管子 暖气 天然气 煤气,煤气 燃气 管道 水管 供暖 暖气 天然气 取暖 管子
594,10,0.4893600813131981,0.12592297196921584,0.3,依照 按照 参照 根据 依据 按 遵照 依 参考 借鉴,借鉴 遵照 参考 参照 根据 依 按 依据,参考 依 按 借鉴 参照 根据 依据 依照 遵照 按照,依照 按照 参照 根据 依据 按 遵照 依 参考 借鉴
595,11,0.44453327689787325,0.09809007727533711,0.18181818181818182,依靠 借助 凭借 通过 凭着 依托 靠 凭 透过 依赖 围绕,围绕 依赖 透过 依托 凭着 借助 凭 靠,凭 通过 借助 依赖 依靠 依托 靠 凭借 围绕 凭着 透过,依靠 借助 凭借 通过 凭着 依托 靠 凭 透过 依赖 围绕
596,5,0.4058536935997033,-0.048346436995289975,0.8,依次 顺序 排列 列 分别,列 分别 排列 顺序 依次,列 顺序 依次 排列 分别,依次 顺序 排列 列 分别
597,9,0.4646768218931662,0.025434745171636665,0.5555555555555556,违法 违规 非法 涉嫌 违章 违反 依法 合法 集资,集资 违反 合法 依法 涉嫌 违章 非法 违规,集资 依法 涉嫌 合法 违规 非法 违章 违法 违反,违法 违规 非法 涉嫌 违章 违反 依法 合法 集资
598,1,,0.0,0.0,侠义,侠义,侠义,侠义
599,4,0.43748103209379274,-0.0036713106212247822,0.25,侦察 情报 间谍 机动,机动 间谍 侦察 情报,机动 间谍 情报 侦察,侦察 情报 间谍 机动
600,2,0.5245104304228518,0.21091162905421795,0.0,端 侧,端 侧,侧 端,端 侧
601,4,0.5584939798346872,0.2528321186633155,0.0,反面 正面 侧面 背面,反面 背面 侧面 正面,背面 侧面 反面 正面,反面 正面 侧面 背面
602,37,0.4795336886719507,-0.010468495205374828,0.5675675675675675,嘲笑 讥笑 挖苦 责备 取笑 责怪 指责 骂 嘲弄 埋怨 耻笑 讽刺,吹捧 刁难 赞美 夸奖 看不起 欺负 反驳 夸耀,取笑 抱怨 挖苦 夸 嫌弃 鄙视 吹捧 批评 讥笑 赞扬 质问 赞美,嘲笑 讥笑 挖苦 责备 取笑 责怪 指责 骂 嘲弄 埋怨 耻笑 讽刺 鄙视 抨击 批评 夸奖 轻蔑 嫌弃 调侃 恭维 赞美 瞧不起 抱怨 吹捧 赞扬 反驳 侮辱 称赞 质问 夸耀 看不起 刁难 谴责 欺负 夸 表扬 歧视
603,9,0.49150134537532175,0.10961303193330495,0.2222222222222222,霸占 侵占 强占 占领 占据 占有 瓜分 占用 入侵,瓜分 入侵 占用 占有 占据 强占 占领 霸占,占用 占据 占有 入侵 霸占 占领 强占 瓜分 侵占,霸占 侵占 强占 占领 占据 占有 瓜分 占用 入侵
604,8,0.46175725530876083,0.01674496308556848,0.375,盗版 光盘 光碟 磁带 正版 磁盘 侵权 抄袭,抄袭 磁盘 侵权 正版 磁带 光盘 光碟 盗版,正版 光盘 光碟 抄袭 磁盘 磁带 侵权 盗版,盗版 光盘 光碟 磁带 正版 磁盘 侵权 抄袭
605,8,0.4452687241710896,0.01257979759459632,0.5,冒犯 触犯 得罪 犯 侵犯 罪 惹 怠慢,惹 怠慢 罪 侵犯 犯 得罪 冒犯 触犯,得罪 罪 犯 惹 侵犯 冒犯 触犯 怠慢,冒犯 触犯 得罪 犯 侵犯 罪 惹 怠慢
606,20,0.5178186368344919,0.08644287435498084,0.3,急忙 赶忙 连忙 慌忙 赶紧 立刻 立即 马上 随即 赶快 当即 火速,便 悄悄 告辞 连滚带爬 转身 迅速 当即 匆匆,转身 慌忙 便 立刻 立即 连忙 火速 当即 马上 告辞 赶忙 赶快,急忙 赶忙 连忙 慌忙 赶紧 立刻 立即 马上 随即 赶快 当即 火速 匆匆 匆忙 悄悄 便 迅速 转身 连滚带爬 告辞
607,14,0.5068083626160825,0.0888598703337309,0.14285714285714285,就是 只是 是 可不是 却是 倒是 便是 而是 正是 是不是 要不是 算是,要不是 只是 无非 便是 算是 是不是 倒是 并非,是不是 正是 可不是 无非 是 只是 而是 倒是 要不是 就是 并非 便是,就是 只是 是 可不是 却是 倒是 便是 而是 正是 是不是 要不是 算是 并非 无非
608,8,0.5313284024139551,0.16358690602981504,0.0,收据 支票 欠条 发票 借条 凭证 账单 便条,账单 便条 凭证 支票 发票 欠条 借条 收据,欠条 凭证 收据 发票 借条 便条 支票 账单,收据 支票 欠条 发票 借条 凭证 账单 便条
609,1,,0.0,0.0,便道,便道,便道,便道
610,8,0.4249297311840013,-0.0234040305909423,0.5,敬酒 请客 招待 喜酒 便饭 敬 慰劳 让座,让座 便饭 敬 慰劳 招待 请客 敬酒 喜酒,便饭 请客 敬 喜酒 招待 慰劳 敬酒 让座,敬酒 请客 招待 喜酒 便饭 敬 慰劳 让座
611,1,,0.0,0.0,促成,促成,促成,促成
612,1,,0.0,0.0,俊,俊,俊,俊
613,4,0.43474408612588505,0.027481807505188242,0.5,歼灭 收复 俘获 灭,收复 灭 俘获 歼灭,灭 收复 俘获 歼灭,歼灭 收复 俘获 灭
614,1,,0.0,0.0,保,保,保,保
615,10,0.46299702351295074,0.03685040647111124,0.4,修理 维修 配件 零件 保养 修车 保修 部件 修补 理发,修补 理发 部件 修车 配件 零件 保养 保修,部件 零件 配件 维修 保养 保修 修补 修车 修理 理发,修理 维修 配件 零件 保养 修车 保修 部件 修补 理发
616,8,0.5028369960975574,0.05331483886153525,0.125,保健 美容 健身 养生 按摩 护理 康复 减肥,康复 健身 养生 保健 护理 按摩 减肥 美容,健身 护理 保健 美容 减肥 康复 养生 按摩,保健 美容 健身 养生 按摩 护理 康复 减肥
617,4,0.5851849157254049,0.24624489093056515,0.0,保卫 捍卫 维护 保护,保护 保卫 维护 捍卫,保护 保卫 维护 捍卫,保卫 捍卫 维护 保护
618,7,0.44568481671523064,0.016521527707240417,0.42857142857142855,保姆 服务员 家政 清洁工 家教 管家 房东,房东 服务员 家政 家教 清洁工 管家 保姆,清洁工 服务员 保姆 管家 家政 家教 房东,保姆 服务员 家政 清洁工 家教 管家 房东
619,9,0.47262050071023687,0.021671109857408742,0.5555555555555556,储存 存放 贮藏 放置 保存 保鲜 保管 冷冻 摆放,摆放 保存 保管 冷冻 放置 保鲜 贮藏 储存,保鲜 摆放 贮藏 保管 放置 保存 冷冻 存放 储存,储存 存放 贮藏 放置 保存 保鲜 保管 冷冻 摆放
620,1,,0.0,0.0,保守,保守,保守,保守
621,8,0.4964361061689148,0.09962582056253712,0.375,泄露 泄密 机密 泄漏 秘密 隐私 保密 内幕,泄漏 内幕 秘密 隐私 保密 机密 泄露 泄密,机密 保密 秘密 内幕 泄露 泄漏 隐私 泄密,泄露 泄密 机密 泄漏 秘密 隐私 保密 内幕
622,5,0.546879827777143,0.2002465733987103,0.0,延续 持续 维持 保持 继续,继续 延续 保持 维持 持续,持续 延续 保持 维持 继续,延续 持续 维持 保持 继续
623,19,0.4682126290671338,0.014694100483463424,0.47368421052631576,凉爽 潮湿 寒冷 暖和 湿润 炎热 干燥 凉快 暖烘烘 湿度 透气 温暖,湿度 气候 灼热 舒适 湿 保暖 刺骨 暖烘烘,气候 暖烘烘 潮湿 通风 湿 透气 保暖 温暖 炎热 暖和 寒冷 凉快,凉爽 潮湿 寒冷 暖和 湿润 炎热 干燥 凉快 暖烘烘 湿度 透气 温暖 保暖 湿 舒适 刺骨 灼热 通风 气候
624,4,0.5305616710088142,0.18368144167914954,0.0,留 留下 遗留 保留,遗留 保留 留 留下,留 保留 遗留 留下,留 留下 遗留 保留
625,5,0.4357600339313503,-0.0006716258040226741,0.2,变质 过期 腐烂 保质期 烂,烂 保质期 腐烂 变质 过期,烂 腐烂 保质期 变质 过期,变质 过期 腐烂 保质期 烂
626,7,0.5304729197248674,0.1471818051878569,0.14285714285714285,珍惜 珍视 珍重 爱惜 尊重 重视 保重,保重 重视 尊重 爱惜 珍视 珍重 珍惜,珍视 珍重 保重 爱惜 尊重 珍惜 重视,珍惜 珍视 珍重 爱惜 尊重 重视 保重
627,2,0.6351033991030526,0.36438270912912096,0.0,险 保险,险 保险,保险 险,险 保险
628,14,0.46972159208198405,0.017019150173668358,0.5,信件 邮件 电子邮件 回信 来信 短信 电报 贺信 信箱 公开信 封 邮箱,邮箱 电子邮件 公开信 封 发送 贺信 信 短信,邮件 封 信 邮箱 电报 公开信 贺信 回信 短信 电子邮件 发送 信箱,信件 邮件 电子邮件 回信 来信 短信 电报 贺信 信箱 公开信 封 邮箱 信 发送
629,13,0.48994203402911735,0.02976804968416142,0.3076923076923077,赞许 敬重 信任 认同 赞赏 信赖 认可 尊敬 同情 好感 好评 好意,好意 同感 好评 认同 信赖 敬重 认可 赞赏,同感 同情 好意 好感 尊敬 赞许 赞赏 信赖 认同 认可 敬重 信任,赞许 敬重 信任 认同 赞赏 信赖 认可 尊敬 同情 好感 好评 好意 同感
630,1,,0.0,0.0,信号,信号,信号,信号
631,5,0.48628876261780485,0.0700188304371805,0.4,邮票 钞票 硬币 信封 集邮,信封 集邮 钞票 硬币 邮票,集邮 邮票 硬币 钞票 信封,邮票 钞票 硬币 信封 集邮
632,15,0.4927401914834393,0.03795872242798963,0.4,斗志 勇气 毅力 自信心 志气 信心 魄力 信念 自信 骨气 意志 决心,魄力 决心 劲头 骨气 责任感 自信 信念 自信心,骨气 斗志 魄力 意志 劲头 勇气 毅力 自信 士气 信念 信心 志气,斗志 勇气 毅力 自信心 志气 信心 魄力 信念 自信 骨气 意志 决心 责任感 劲头 士气
633,6,0.4945159536051573,0.05115322514400234,0.3333333333333333,公布 披露 发布 公告 公示 信息,信息 公示 公告 披露 发布 公布,发布 披露 信息 公告 公布 公示,公布 披露 发布 公告 公示 信息
634,4,0.43221450911864895,-0.04936077955206324,0.75,违约 信用 诚信 逾期,诚信 逾期 信用 违约,诚信 逾期 信用 违约,违约 信用 诚信 逾期
635,2,0.5012722857966054,0.10637854722397581,0.0,修路 修,修路 修,修 修路,修路 修
636,5,0.4683795316308762,0.07927837405092236,0.2,复原 恢复 修复 重建 还原,还原 重建 恢复 复原 修复,恢复 重建 还原 修复 复原,复原 恢复 修复 重建 还原
637,13,0.48983924963721337,0.03462085610529598,0.5384615384615384,兴建 修建 建造 建成 动工 扩建 竣工 建设 建 开工 施工 改造,施工 造 改造 建 修建 建设 开工 竣工,建 竣工 开工 扩建 兴建 建成 建造 建设 施工 造 修建 动工,兴建 修建 建造 建成 动工 扩建 竣工 建设 建 开工 施工 改造 造
638,6,0.5299372183618389,0.12825443884798754,0.3333333333333333,更改 修改 改动 变更 更换 改变,改变 更换 修改 改动 变更 更改,改变 改动 更改 更换 修改 变更,更改 修改 改动 变更 更换 改变
639,9,0.5391985216963973,0.14333603508417103,0.2222222222222222,制定 制订 颁布 拟定 起草 修订 出台 规定 编制,规定 编制 出台 拟定 修订 起草 颁布 制定,颁布 制订 起草 编制 规定 制定 修订 拟定 出台,制定 制订 颁布 拟定 起草 修订 出台 规定 编制
640,10,0.5048965604506246,0.07225815192813298,0.3,球员 球队 队员 教练 队 队长 球星 领队 外援 俱乐部,俱乐部 球星 队员 队长 队 领队 球队 外援,俱乐部 球星 球员 球队 队 领队 外援 队员 队长 教练,球员 球队 队员 教练 队 队长 球星 领队 外援 俱乐部
641,1,,0.0,0.0,倍,倍,倍,倍
642,4,0.5302077743532357,0.14164592485861935,0.0,摔倒 晕倒 倒下 倒,倒 晕倒 倒下 摔倒,倒 摔倒 倒下 晕倒,摔倒 晕倒 倒下 倒
643,10,0.45044102351293835,-0.007071622818477344,0.7,贩卖 倒卖 盗窃 走私 诈骗 团伙 兜售 犯罪 出卖 卖,团伙 兜售 卖 犯罪 出卖 诈骗 盗窃 走私,卖 犯罪 团伙 倒卖 贩卖 出卖 诈骗 兜售 盗窃 走私,贩卖 倒卖 盗窃 走私 诈骗 团伙 兜售 犯罪 出卖 卖
644,9,0.5070366387807529,0.05290532545438116,0.4444444444444444,毁坏 毁 损坏 烧毁 摧毁 毁灭 倒塌 坏 损,倒塌 损 毁灭 坏 摧毁 损坏 烧毁 毁,坏 损 毁 毁坏 摧毁 倒塌 毁灭 损坏 烧毁,毁坏 毁 损坏 烧毁 摧毁 毁灭 倒塌 坏 损
645,3,0.4683292724193809,0.06325320480824913,0.3333333333333333,倒计时 倒数 计时,倒数 倒计时 计时,倒计时 倒数 计时,倒计时 倒数 计时
646,12,0.4994049729299881,0.08769784104228605,0.08333333333333333,转弯 刹车 拐弯 车速 行驶 超车 倒车 减速 车道 急转弯 超速 方向盘,车道 车速 行驶 减速 方向盘 拐弯 超速 刹车,方向盘 车道 车速 超车 超速 减速 拐弯 刹车 转弯 倒车 急转弯 行驶,转弯 刹车 拐弯 车速 行驶 超车 倒车 减速 车道 急转弯 超速 方向盘
647,5,0.48627567344190314,0.09500794225733014,0.2,倒闭 停业 关闭 破产 退出,退出 破产 关闭 停业 倒闭,停业 关闭 退出 破产 倒闭,倒闭 停业 关闭 破产 退出
648,5,0.463924182284395,0.026469205261542905,0.2,倒霉 完蛋 活该 遭殃 糊涂,糊涂 遭殃 活该 完蛋 倒霉,糊涂 完蛋 活该 遭殃 倒霉,倒霉 完蛋 活该 遭殃 糊涂
649,9,0.485229288177727,0.04165975840374457,0.2222222222222222,暴躁 脾气 盛气凌人 目中无人 倔 发怒 大大咧咧 娇气 发火,大大咧咧 娇气 发怒 目中无人 发火 倔 盛气凌人 脾气,盛气凌人 倔 发怒 发火 脾气 暴躁 大大咧咧 娇气 目中无人,暴躁 脾气 盛气凌人 目中无人 倔 发怒 大大咧咧 娇气 发火
650,4,0.43071248837540094,-0.041841017128532144,0.5,挨 挨着 倚 打,倚 打 挨 挨着,倚 打 挨 挨着,挨 挨着 倚 打
651,3,0.4582781276775964,0.04556775597295979,0.3333333333333333,借用 借 引用,引用 借 借用,借 借用 引用,借用 借 引用
652,4,0.5185101345801322,0.15545687072192826,0.0,辩解 辩护 借口 理由,借口 理由 辩护 辩解,借口 辩护 理由 辩解,辩解 辩护 借口 理由
653,5,0.4731998649984229,0.056587906896435,0.0,号召 动员 呼吁 倡议 鼓动,鼓动 倡议 动员 呼吁 号召,呼吁 鼓动 动员 倡议 号召,号召 动员 呼吁 倡议 鼓动
654,1,,0.0,0.0,债,债,债,债
655,8,0.44259509439426087,0.0010856513269363911,0.5,归还 偿还 还款 返还 利息 收回 退回 债务,退回 债务 利息 还款 收回 返还 偿还 归还,偿还 收回 还款 利息 债务 退回 返还 归还,归还 偿还 还款 返还 利息 收回 退回 债务
656,1,,0.0,0.0,值,值,值,值
657,1,,0.0,0.0,值得,值得,值得,值得
658,3,0.5264716209527164,0.1538473572215484,0.0,夜班 值班 班,班 夜班 值班,班 值班 夜班,夜班 值班 班
659,7,0.5169641105298611,0.12948958351320264,0.14285714285714285,珍贵 贵重 宝贵 名贵 可贵 值钱 稀罕,稀罕 值钱 宝贵 可贵 名贵 贵重 珍贵,珍贵 宝贵 稀罕 名贵 贵重 可贵 值钱,珍贵 贵重 宝贵 名贵 可贵 值钱 稀罕
660,5,0.48129430784153404,0.060926979121871894,0.4,偏向 倾向 转向 偏 重心,偏 重心 转向 倾向 偏向,重心 偏向 偏 倾向 转向,偏向 倾向 转向 偏 重心
661,5,0.4212389671346498,0.0327586856444907,0.2,听取 汇报 征求 倾听 报告,报告 倾听 征求 汇报 听取,征求 汇报 报告 听取 倾听,听取 汇报 征求 倾听 报告
662,1,,0.0,0.0,倾斜,倾斜,倾斜,倾斜
663,7,0.4677979038780437,0.04282581501006626,0.42857142857142855,征收 关税 税收 税 减免 征 倾销,倾销 税收 征 减免 税 征收 关税,征收 征 税 倾销 关税 减免 税收,征收 关税 税收 税 减免 征 倾销
664,5,0.5341305003843003,0.14044248312928453,0.2,暗中 暗地里 偷偷 私下 假装,假装 偷偷 暗中 暗地里 私下,暗中 偷偷 私下 假装 暗地里,暗中 暗地里 偷偷 私下 假装
665,11,0.48750740714532304,0.055474456757902725,0.36363636363636365,竟然 居然 竟 偏偏 果真 果然 竟敢 又 反而 莫非 公然,反而 公然 莫非 果真 果然 又 竟敢 偏偏,偏偏 又 竟 果真 果然 反而 居然 莫非 公然 竟敢 竟然,竟然 居然 竟 偏偏 果真 果然 竟敢 又 反而 莫非 公然
666,9,0.5092665867491877,0.074911591007295,0.3333333333333333,偏僻 偏远 边远 贫穷 荒凉 贫困 僻静 穷 遥远,穷 贫穷 僻静 遥远 贫困 荒凉 边远 偏僻,贫困 偏僻 荒凉 穷 遥远 僻静 偏远 边远 贫穷,偏僻 偏远 边远 贫穷 荒凉 贫困 僻静 穷 遥远
667,10,0.4938753558214195,0.06496156026731074,0.3,错误 失误 疏忽 差错 过错 偏差 过失 错 误差 误,误 误差 疏忽 错 偏差 失误 错误 差错,偏差 误差 疏忽 失误 错 误 错误 过错 差错 过失,错误 失误 疏忽 差错 过错 偏差 过失 错 误差 误
668,8,0.44812881538388566,0.033821449471616014,0.375,误解 误会 误导 混淆 歪曲 偏见 隔阂 颠倒,颠倒 歪曲 隔阂 偏见 混淆 误导 误会 误解,误导 误会 颠倒 偏见 隔阂 歪曲 误解 混淆,误解 误会 误导 混淆 歪曲 偏见 隔阂 颠倒
669,2,0.5394856793744878,0.19257588731282976,0.0,达到 做到,达到 做到,达到 做到,达到 做到
670,6,0.4362253293975983,0.020579558857792737,0.5,梦想 抱负 梦 理想 野心 做梦,做梦 野心 理想 抱负 梦 梦想,梦 抱负 野心 理想 做梦 梦想,梦想 抱负 梦 理想 野心 做梦
671,10,0.4764263206447208,0.077942599142141,0.3,看法 想法 见解 观点 说法 态度 立场 意见 做法 感想,意见 态度 感想 做法 想法 说法 见解 立场,看法 立场 想法 观点 态度 说法 做法 意见 见解 感想,看法 想法 见解 观点 说法 态度 立场 意见 做法 感想
672,12,0.4462055477977759,0.008239402150313305,0.4166666666666667,挣钱 挣 赚钱 做生意 赚 打工 发财 谋生 经商 生意 攒 捞,攒 捞 生意 经商 发财 打工 赚 挣,谋生 赚钱 做生意 攒 捞 挣 生意 赚 打工 经商 发财 挣钱,挣钱 挣 赚钱 做生意 赚 打工 发财 谋生 经商 生意 攒 捞
673,7,0.3897290024214876,-0.08434789265572219,0.5714285714285714,炉灶 做饭 炉子 烟囱 家务 在家 屋顶,屋顶 家务 在家 烟囱 做饭 炉子 炉灶,烟囱 炉灶 做饭 炉子 家务 在家 屋顶,炉灶 做饭 炉子 烟囱 家务 在家 屋顶
674,7,0.4741503679235462,0.10536322741609909,0.14285714285714285,停车位 停车 停车场 车位 停放 停 歇,歇 停 停放 停车 车位 停车场 停车位,停 停放 歇 车位 停车位 停车场 停车,停车位 停车 停车场 车位 停放 停 歇
675,7,0.4416260574393397,-0.015382881817078918,0.7142857142857143,坐下 停下 走开 站住 放下 就座 座位,座位 放下 就座 走开 站住 停下 坐下,停下 站住 就座 放下 坐下 座位 走开,坐下 停下 走开 站住 放下 就座 座位
676,18,0.5158350903972819,0.08327217834369291,0.3333333333333333,船只 渔船 船 艘 军舰 船舶 船员 帆船 轮船 游船 停泊 航行,船长 码头 船桨 渔民 帆船 龙舟 潜艇 船员,帆船 停泊 船舶 龙舟 潜艇 游船 船长 码头 轮船 船员 船只 船桨,船只 渔船 船 艘 军舰 船舶 船员 帆船 轮船 游船 停泊 航行 潜艇 船长 渔民 码头 船桨 龙舟
677,4,0.5299989589431261,0.1498881431004837,0.0,火灾 着火 停电 故障,故障 着火 停电 火灾,停电 着火 火灾 故障,火灾 着火 停电 故障
678,6,0.392736908637204,-0.04619571800101003,0.5,局限 停留 限定 限于 设定 滞留,设定 滞留 限定 限于 局限 停留,停留 局限 滞留 限定 限于 设定,局限 停留 限定 限于 设定 滞留
679,1,,0.0,0.0,健康,健康,健康,健康
680,9,0.49115988864568394,0.07774778658147502,0.2222222222222222,歌星 影星 明星 巨星 艺人 偶像 大腕儿 名人 唱片,唱片 大腕儿 名人 偶像 艺人 巨星 明星 影星,唱片 艺人 明星 偶像 巨星 影星 大腕儿 歌星 名人,歌星 影星 明星 巨星 艺人 偶像 大腕儿 名人 唱片
681,8,0.6102357253243482,0.3142211451113562,0.0,恰巧 碰巧 恰好 刚好 正好 凑巧 偶然 巧合,巧合 偶然 凑巧 碰巧 正好 刚好 恰好 恰巧,恰巧 恰好 偶然 巧合 刚好 碰巧 凑巧 正好,恰巧 碰巧 恰好 刚好 正好 凑巧 偶然 巧合
682,7,0.45284219233225576,0.024540651285493414,0.2857142857142857,偷 偷看 偷窥 窃取 盗 黑客 抄,抄 黑客 盗 窃取 偷 偷看 偷窥,偷 窃取 盗 抄 偷看 偷窥 黑客,偷 偷看 偷窥 窃取 盗 黑客 抄
683,8,0.4658571760697266,0.02580551616752707,0.25,勤快 懒惰 勤劳 懒 笨 偷懒 心灵手巧 好客,好客 懒惰 心灵手巧 偷懒 笨 懒 勤劳 勤快,笨 懒 偷懒 好客 懒惰 心灵手巧 勤快 勤劳,勤快 懒惰 勤劳 懒 笨 偷懒 心灵手巧 好客
684,3,0.43397579242098017,0.030223246382186975,0.3333333333333333,后备 后备箱 储备,后备箱 储备 后备,后备 储备 后备箱,后备 后备箱 储备
685,5,0.523533660399323,0.14560540448536236,0.0,存款 储蓄 理财 活期 银行,活期 银行 理财 储蓄 存款,银行 储蓄 活期 理财 存款,存款 储蓄 理财 活期 银行
686,1,,0.0,0.0,催,催,催,催
687,5,0.4145396512216141,-0.04139442910907608,0.6,麻醉 安眠药 催眠 麻痹 自杀,自杀 麻痹 安眠药 催眠 麻醉,安眠药 催眠 麻痹 自杀 麻醉,麻醉 安眠药 催眠 麻痹 自杀
688,1,,0.0,0.0,傲,傲,傲,傲
689,6,0.5201397706923807,0.09497695771053909,0.3333333333333333,笨蛋 傻瓜 家伙 傻 疯子 好家伙,傻 好家伙 疯子 家伙 傻瓜 笨蛋,疯子 傻 笨蛋 傻瓜 好家伙 家伙,笨蛋 傻瓜 家伙 傻 疯子 好家伙
690,1,,0.0,0.0,像样,像样,像样,像样
691,3,0.4943461364105693,0.05963682156631817,0.3333333333333333,瘫 瘫痪 僵,僵 瘫痪 瘫,僵 瘫 瘫痪,瘫 瘫痪 僵
692,7,0.5332677188797992,0.18560101152953817,0.0,青少年 儿童 少年 未成年人 少儿 青年 成人,青年 成人 少儿 少年 儿童 未成年人 青少年,未成年人 青少年 成人 青年 儿童 少年 少儿,青少年 儿童 少年 未成年人 少儿 青年 成人
693,8,0.5332210138213898,0.1756817315916253,0.0,千克 公斤 斤 吨 磅 元 克 毫升,元 毫升 斤 磅 克 吨 公斤 千克,克 元 吨 磅 斤 毫升 千克 公斤,千克 公斤 斤 吨 磅 元 克 毫升
694,6,0.38871212122627624,-0.0280226090892276,0.6666666666666666,因素 原因 要素 缘故 罪魁祸首 元素,元素 罪魁祸首 缘故 要素 原因 因素,罪魁祸首 缘故 元素 因素 要素 原因,因素 原因 要素 缘故 罪魁祸首 元素
695,1,,0.0,0.0,元老,元老,元老,元老
696,14,0.4469318945971562,0.037512918617467084,0.42857142857142855,议会 首相 内阁 议员 国会 总统 首脑 总理 政党 元首 大臣 领袖,领袖 党 联邦 政党 首脑 大臣 元首 议员,党 内阁 总理 总统 联邦 国会 领袖 大臣 议员 议会 首相 首脑,议会 首相 内阁 议员 国会 总统 首脑 总理 政党 元首 大臣 领袖 联邦 党
697,5,0.552668693877876,0.2071643995062507,0.0,充电 充电器 电池 电源 充,充 电源 充电 充电器 电池,充 充电器 电源 电池 充电,充电 充电器 电池 电源 充
698,3,0.5547033789444847,0.1750786347444293,0.0,充足 足够 充分,充足 足够 充分,足够 充足 充分,充足 足够 充分
699,5,0.44002242459783625,-0.010455251423235298,0.8,旺盛 充沛 强劲 饱满 旺,旺 充沛 强劲 饱满 旺盛,旺 旺盛 强劲 充沛 饱满,旺盛 充沛 强劲 饱满 旺
700,5,0.44091136157683836,0.008494411807395663,0.6,充满 满怀 怀着 富有 十足,十足 富有 怀着 充满 满怀,充满 富有 怀着 十足 满怀,充满 满怀 怀着 富有 十足
701,5,0.534615803236776,0.11980736149566447,0.2,势头 迹象 苗头 趋势 兆头,兆头 趋势 迹象 势头 苗头,迹象 苗头 趋势 势头 兆头,势头 迹象 苗头 趋势 兆头
702,2,0.6369495024669072,0.36832884045996594,0.0,首先 先,先 首先,先 首先,首先 先
703,8,0.5079089696934629,0.06470177561527701,0.25,原先 原来 原本 最初 先前 原有 起初 原,原有 原 先前 起初 最初 原本 原来 原先,起初 原 原来 原有 原本 原先 最初 先前,原先 原来 原本 最初 先前 原有 起初 原
704,6,0.5470114444107846,0.22276584531541044,0.0,相继 陆续 纷纷 先后 率先 竞相,竞相 率先 先后 纷纷 陆续 相继,竞相 陆续 相继 率先 先后 纷纷,相继 陆续 纷纷 先后 率先 竞相
705,8,0.5026685438094091,0.05953967660790695,0.5,天赋 天分 才华 天才 功力 功底 天生 先天,先天 天生 功底 功力 天才 才华 天赋 天分,功力 功底 才华 天赋 天生 天才 天分 先天,天赋 天分 才华 天才 功力 功底 天生 先天
706,3,0.5734023354280555,0.26816710141078187,0.0,女士 先生 小姐,小姐 先生 女士,小姐 女士 先生,女士 先生 小姐
707,4,0.44954961392492016,0.06763191178104208,0.25,领先 领军 先锋 先进,先进 领军 先锋 领先,先锋 先进 领军 领先,领先 领军 先锋 先进
708,1,,0.0,0.0,光,光,光,光
709,3,0.5394742351063871,0.17494561733373157,0.0,光临 光顾 捧场,捧场 光临 光顾,光临 光顾 捧场,光临 光顾 捧场
710,10,0.514347585334904,0.06861346564990548,0.4,灿烂 光芒 耀眼 光辉 照耀 光彩 绽放 闪烁 辉煌 缤纷,闪烁 绽放 缤纷 耀眼 辉煌 光辉 照耀 光彩,耀眼 光彩 闪烁 光芒 光辉 灿烂 绽放 缤纷 照耀 辉煌,灿烂 光芒 耀眼 光辉 照耀 光彩 绽放 闪烁 辉煌 缤纷
711,3,0.5147274662685255,0.184857435600849,0.0,曙光 光明 黎明,曙光 光明 黎明,光明 黎明 曙光,曙光 光明 黎明
712,4,0.4721448221719174,0.044916219770104765,0.25,大公无私 光明磊落 高尚 公仆,公仆 大公无私 高尚 光明磊落,光明磊落 高尚 大公无私 公仆,大公无私 光明磊落 高尚 公仆
713,16,0.4701905537211158,-0.003574810524566825,0.5625,柔软 晶莹 光滑 光泽 红润 细腻 柔和 坚硬 碧绿 明亮 嫩 滋润,柔和 滑 嫩 明亮 粗糙 水灵灵 细腻 质地,粗糙 光滑 光泽 质地 嫩 滑 红润 碧绿 细腻 明亮 柔和 晶莹,柔软 晶莹 光滑 光泽 红润 细腻 柔和 坚硬 碧绿 明亮 嫩 滋润 粗糙 质地 水灵灵 滑
714,5,0.4650797348295897,0.09692250477727037,0.2,头衔 荣誉 称号 勋章 光环,光环 称号 勋章 荣誉 头衔,勋章 光环 头衔 称号 荣誉,头衔 荣誉 称号 勋章 光环
715,1,,0.0,0.0,光线,光线,光线,光线
716,6,0.5056848837018603,0.1369551680790431,0.0,遏制 抑制 制止 克制 抵制 控制,克制 控制 抵制 抑制 制止 遏制,抑制 抵制 克制 制止 控制 遏制,遏制 抑制 制止 克制 抵制 控制
717,11,0.47322399013502714,0.03651566361459827,0.36363636363636365,消除 破除 扫除 克服 清除 解决 消灭 化解 破解 摆脱 排除,消灭 摆脱 化解 破解 清除 排除 解决 扫除,排除 解决 克服 扫除 消除 消灭 清除 破解 摆脱 破除 化解,消除 破除 扫除 克服 清除 解决 消灭 化解 破解 摆脱 排除
718,7,0.458506128824805,0.061147463145170944,0.2857142857142857,基因 杂交 遗传 变异 克隆 胚胎 复制,复制 胚胎 克隆 变异 杂交 遗传 基因,克隆 遗传 胚胎 杂交 变异 基因 复制,基因 杂交 遗传 变异 克隆 胚胎 复制
719,6,0.4565439768209862,0.06972145054036,0.16666666666666666,免除 取消 废除 解除 撤销 免,免 解除 撤销 废除 取消 免除,取消 免 废除 免除 解除 撤销,免除 取消 废除 解除 撤销 免
720,10,0.470014820489002,0.03222383477540809,0.3,药物 抗生素 激素 服用 注射 疫苗 药片 剂 免疫 食用,食用 药片 药物 服用 剂 免疫 激素 注射,激素 剂 免疫 食用 药片 药物 服用 疫苗 注射 抗生素,药物 抗生素 激素 服用 注射 疫苗 药片 剂 免疫 食用
721,2,0.5325646495048749,0.19468636662832248,0.0,兑现 承诺,兑现 承诺,承诺 兑现,兑现 承诺
722,6,0.4318049154129409,-0.041391035202330805,0.8333333333333334,兜儿 揣 手里 兜 筐 手头,手头 筐 兜 手里 揣 兜儿,兜 筐 揣 兜儿 手头 手里,兜儿 揣 手里 兜 筐 手头
723,6,0.5059240306196011,0.12111599786656968,0.16666666666666666,进入 步入 走进 进 入 踏上,踏上 走进 入 进 步入 进入,入 进入 步入 进 踏上 走进,进入 步入 走进 进 入 踏上
724,1,,0.0,0.0,入口,入口,入口,入口
725,5,0.39205540782948944,-0.08138687200798618,0.8,报名 名额 入场券 报到 踊跃,踊跃 入场券 报到 名额 报名,入场券 名额 报名 报到 踊跃,报名 名额 入场券 报到 踊跃
726,3,0.6448816150091524,0.374364992582853,0.0,入境 出境 过境,过境 出境 入境,入境 出境 过境,入境 出境 过境
727,12,0.46742707558323415,0.025534578920719548,0.4166666666666667,颁奖 奖 获奖 评选 奖项 荣获 表彰 颁发 揭晓 授予 评委 入选,颁发 授予 揭晓 表彰 荣获 评委 获奖 入选,授予 颁奖 颁发 入选 奖项 奖 揭晓 评委 获奖 评选 表彰 荣获,颁奖 奖 获奖 评选 奖项 荣获 表彰 颁发 揭晓 授予 评委 入选
728,3,0.4498901745159552,0.06671070406193565,0.3333333333333333,新手 新人 入门,入门 新人 新手,入门 新手 新人,新手 新人 入门
729,18,0.45529749234084066,0.02036369275262993,0.4444444444444444,大多 绝大多数 大部分 大多数 全都 多数 大都 基本上 全部 多半 几乎 统统,少数 半数 基本上 全 统统 多半 完全 通通,全 通通 完全 几乎 大多 多数 绝大多数 基本上 多半 大都 大多数 所有,大多 绝大多数 大部分 大多数 全都 多数 大都 基本上 全部 多半 几乎 统统 半数 所有 完全 通通 全 少数
730,2,0.5636784188864532,0.2726482506000904,0.0,全体 广大,全体 广大,全体 广大,全体 广大
731,4,0.43725677595590123,0.009745493087827798,0.25,家庭 全家 家境 大家庭,大家庭 全家 家境 家庭,全家 大家庭 家境 家庭,家庭 全家 家境 大家庭
732,3,0.618360420923674,0.33172414877689826,0.0,大局 全局 顾全大局,顾全大局 全局 大局,大局 全局 顾全大局,大局 全局 顾全大局
733,1,,0.0,0.0,全文,全文,全文,全文
734,4,0.5255433346808962,0.12626323426712668,0.25,全新 崭新 新 新款,新款 新 崭新 全新,新 新款 全新 崭新,全新 崭新 新 新款
735,3,0.4887294875062791,0.12570442849717903,0.0,全面 全方位 彻底,全方位 彻底 全面,彻底 全方位 全面,全面 全方位 彻底
736,1,,0.0,0.0,全程,全程,全程,全程
737,1,,0.0,0.0,全长,全长,全长,全长
738,1,,0.0,0.0,八卦,八卦,八卦,八卦
739,1,,0.0,0.0,公,公,公,公
740,4,0.418018343373958,-0.05087548445333094,0.5,微信 账号 公众 密码,公众 密码 微信 账号,密码 微信 公众 账号,微信 账号 公众 密码
741,1,,0.0,0.0,公元,公元,公元,公元
742,4,0.4286847771188152,-0.07623731935344864,0.75,公共场所 公共 公用 场所,场所 公用 公共 公共场所,公共场所 公共 场所 公用,公共场所 公共 公用 场所
743,2,0.5096972342278728,0.17851794075196512,0.0,公关 广告,广告 公关,广告 公关,公关 广告
744,5,0.5240215041034512,0.18406918029746527,0.0,通知 通告 通知书 公函 通报,通报 公函 通知书 通知 通告,通告 通知书 公函 通报 通知,通知 通告 通知书 公函 通报
745,5,0.4347798600892845,0.07550378778383939,0.2,公费 自费 公务 报销 接待,接待 自费 报销 公务 公费,公费 自费 报销 接待 公务,公费 自费 公务 报销 接待
746,18,0.4940207762857717,0.08468119005169808,0.2777777777777778,墓 坟墓 墓地 墓碑 坟 公墓 葬 遗物 纪念碑 遗体 碑 遗址,烈士 棺材 碑 遗体 尸体 出土 纪念馆 遗址,尸体 墓地 坟 墓 碑 烈士 棺材 纪念馆 陪葬 遗体 遗址 葬,墓 坟墓 墓地 墓碑 坟 公墓 葬 遗物 纪念碑 遗体 碑 遗址 陪葬 尸体 烈士 纪念馆 棺材 出土
747,1,,0.0,0.0,公开,公开,公开,公开
748,7,0.3949826541253034,-0.10299473456176764,1.0,方法 招数 手法 手段 法 公式 招,公式 招 法 手段 方法 招数 手法,招 法 方法 招数 公式 手段 手法,方法 招数 手法 手段 法 公式 招
749,2,0.5154695808975831,0.12841710985688326,0.0,公民 国民,公民 国民,国民 公民,公民 国民
750,1,,0.0,0.0,公益性,公益性,公益性,公益性
751,3,0.5690233577404857,0.255582699777578,0.0,养老金 养老 公积金,公积金 养老 养老金,公积金 养老 养老金,养老金 养老 公积金
752,6,0.4479627377321718,0.012234291833974445,0.3333333333333333,宣言 公约 条约 纲领 条款 方针,方针 条款 纲领 公约 条约 宣言,宣言 条约 条款 方针 纲领 公约,宣言 公约 条约 纲领 条款 方针
753,5,0.44055691470520497,-0.005697914426801653,0.6,号称 堪称 当之无愧 自称 公认,自称 公认 当之无愧 号称 堪称,公认 当之无愧 自称 堪称 号称,号称 堪称 当之无愧 自称 公认
754,10,0.5043717600131133,0.07268035845128605,0.1,公路 高速公路 路段 铁路 通车 路面 隧道 立交桥 高铁 路况,路况 立交桥 高铁 路面 路段 铁路 隧道 公路,高速公路 通车 隧道 铁路 公路 路面 高铁 立交桥 路况 路段,公路 高速公路 路段 铁路 通车 路面 隧道 立交桥 高铁 路况
755,2,0.5053687564500207,0.08342490516244983,0.0,时速 公里,公里 时速,时速 公里,时速 公里
756,1,,0.0,0.0,共享,共享,共享,共享
757,4,0.6165749691093697,0.3547237367911694,0.0,联手 携手 共同 联合,联合 共同 携手 联手,联手 共同 联合 携手,联手 携手 共同 联合
758,3,0.5432469760692406,0.18825828649833995,0.0,同盟 联盟 共同体,共同体 同盟 联盟,联盟 同盟 共同体,同盟 联盟 共同体
759,1,,0.0,0.0,共性,共性,共性,共性
760,1,,0.0,0.0,共识,共识,共识,共识
761,4,0.42902341762532314,-0.027518887708265733,0.75,反响 共鸣 感触 反应,反应 感触 共鸣 反响,反响 反应 感触 共鸣,反响 共鸣 感触 反应
762,8,0.4131629689040717,-0.05333539586981538,0.625,关上 大门 打开 敞开 扇 门 关掉 开放,关掉 开放 扇 门 打开 大门 敞开 关上,关上 关掉 扇 开放 敞开 门 大门 打开,关上 大门 打开 敞开 扇 门 关掉 开放
763,5,0.40644967086943284,0.016977494057852444,0.4,相关 有关 相应 对应 关于,对应 关于 相应 相关 有关,关于 对应 有关 相关 相应,相关 有关 相应 对应 关于
764,4,0.5722466951669902,0.2641372161874839,0.0,关头 危急 千钧一发 时刻,危急 时刻 千钧一发 关头,时刻 关头 危急 千钧一发,关头 危急 千钧一发 时刻
765,2,0.7029968316251448,0.47100688887752545,0.0,开机 关机,关机 开机,关机 开机,开机 关机
766,2,0.5076655530446619,0.1429903672989315,0.0,关联 关系,关系 关联,关系 关联,关联 关系
767,1,,0.0,0.0,兴奋剂,兴奋剂,兴奋剂,兴奋剂
768,9,0.47347961350426193,0.06879892621208744,0.1111111111111111,兴旺 繁荣 昌盛 欣欣向荣 富强 蓬勃 复兴 振兴 朝气蓬勃,朝气蓬勃 蓬勃 富强 复兴 欣欣向荣 振兴 昌盛 繁荣,蓬勃 昌盛 朝气蓬勃 兴旺 振兴 繁荣 富强 欣欣向荣 复兴,兴旺 繁荣 昌盛 欣欣向荣 富强 蓬勃 复兴 振兴 朝气蓬勃
769,6,0.4146901260463299,-0.02967448987326675,0.5,积极性 热情 意愿 兴致 意向 调动,调动 兴致 意向 意愿 热情 积极性,热情 积极性 意向 意愿 兴致 调动,积极性 热情 意愿 兴致 意向 调动
770,6,0.4842993012962456,0.07488521314725867,0.3333333333333333,掀起 热潮 兴起 高潮 掀 崛起,崛起 掀 高潮 兴起 热潮 掀起,热潮 掀 掀起 兴起 高潮 崛起,掀起 热潮 兴起 高潮 掀 崛起
771,17,0.4715956651708549,0.055037680634811716,0.29411764705882354,军官 士兵 部队 陆军 空军 海军 军人 军队 官兵 司令 兵 战士,战士 飞行员 士兵 将军 后勤 师长 军人 兵,参谋 兵 飞行员 海军 空军 官兵 后勤 司令 将军 部队 军队 师长,军官 士兵 部队 陆军 空军 海军 军人 军队 官兵 司令 兵 战士 将军 飞行员 参谋 师长 后勤
772,1,,0.0,0.0,其,其,其,其
773,5,0.4896333555342727,0.16249882576673738,0.0,剩下 剩余 剩 其余 多余,其余 多余 剩 剩下 剩余,剩余 剩下 剩 多余 其余,剩下 剩余 剩 其余 多余
774,3,0.46196268143985525,0.034585509059777114,0.3333333333333333,期间 前夕 其间,前夕 其间 期间,其间 期间 前夕,期间 前夕 其间
775,3,0.518036815362967,0.12464603893033394,0.0,详细 简要 具体,具体 简要 详细,简要 具体 详细,详细 简要 具体
776,4,0.4670306277913667,0.06178599231575767,0.5,常见 常用 典型 司空见惯,典型 司空见惯 常用 常见,典型 司空见惯 常用 常见,常见 常用 典型 司空见惯
777,4,0.4553535784129569,-0.01389819862060556,0.5,勒 扎 塞 兹,塞 兹 扎 勒,兹 勒 塞 扎,勒 扎 塞 兹
778,9,0.4908475176546184,0.09263673922963085,0.3333333333333333,收养 抚养 领养 赡养 收留 养 孤儿 抚养费 养活,养 养活 孤儿 抚养费 收留 赡养 抚养 领养,养 收留 抚养费 收养 赡养 领养 抚养 养活 孤儿,收养 抚养 领养 赡养 收留 养 孤儿 抚养费 养活
779,9,0.5515930615840168,0.1982439357077579,0.0,饲养 家禽 喂养 养殖 奶牛 牲畜 饲料 繁殖 宠物,宠物 饲料 繁殖 牲畜 喂养 奶牛 养殖 家禽,宠物 奶牛 饲料 饲养 牲畜 繁殖 养殖 家禽 喂养,饲养 家禽 喂养 养殖 奶牛 牲畜 饲料 繁殖 宠物
780,1,,0.0,0.0,兼容,兼容,兼容,兼容
781,1,,0.0,0.0,内向,内向,内向,内向
782,4,0.4807391383434525,0.11562286190698301,0.0,本质 实质 根本 内在,内在 根本 实质 本质,根本 内在 本质 实质,本质 实质 根本 内在
783,10,0.44353618248055254,-0.005029702578102931,0.5,外国 国外 境外 海外 内地 外地 外来 大陆 境内 西方,西方 境内 大陆 外地 外来 内地 境外 国外,境外 境内 海外 国外 大陆 外来 内地 外国 外地 西方,外国 国外 境外 海外 内地 外地 外来 大陆 境内 西方
784,3,0.5192415552242065,0.11333334441970096,0.0,内存 芯片 服务器,服务器 芯片 内存,服务器 芯片 内存,内存 芯片 服务器
785,1,,0.0,0.0,内容,内容,内容,内容
786,9,0.48411718004132176,0.05864760945339856,0.3333333333333333,心中 心里 内心 心灵 心 心目 脑海 眼里 身心,眼里 身心 心 脑海 心灵 内心 心目 心里,眼里 心 心目 心灵 心中 内心 心里 脑海 身心,心中 心里 内心 心灵 心 心目 脑海 眼里 身心
787,8,0.4737419995555693,-0.0011539272196596367,0.625,含义 涵义 内涵 寓意 意义 意思 蕴涵 吉祥物,吉祥物 蕴涵 内涵 意思 意义 寓意 涵义 含义,寓意 蕴涵 意义 意思 涵义 吉祥物 内涵 含义,含义 涵义 内涵 寓意 意义 意思 蕴涵 吉祥物
788,3,0.6394131550132014,0.40214302511135774,0.0,内行 外行 行家,行家 外行 内行,内行 行家 外行,内行 外行 行家
789,3,0.49392393623281006,0.12499949673024041,0.3333333333333333,外部 内部 外界,外界 内部 外部,内部 外部 外界,外部 内部 外界
790,1,,0.0,0.0,内需,内需,内需,内需
791,2,0.5000087349861136,0.05953389551015223,0.0,回收 再生,回收 再生,再生 回收,回收 再生
792,2,0.5118412897600135,0.14421470553585825,0.0,晚安 再见,再见 晚安,再见 晚安,晚安 再见
793,1,,0.0,0.0,冒,冒,冒,冒
794,2,0.5217515499205292,0.15615339967155772,0.0,冒险 危险,危险 冒险,危险 冒险,冒险 危险
795,5,0.5205261203094809,0.12184161920175889,0.2,枯燥 冗长 单调 沉闷 简短,简短 沉闷 冗长 单调 枯燥,简短 冗长 单调 枯燥 沉闷,枯燥 冗长 单调 沉闷 简短
796,12,0.4810619608588715,0.06164103049261332,0.25,背诵 抄写 朗读 写 默读 读 听写 写作 阅读 编写 撰写 念,编写 念 撰写 阅读 读 写作 听写 背诵,写作 写 念 朗读 背诵 编写 默读 听写 读 阅读 撰写 抄写,背诵 抄写 朗读 写 默读 读 听写 写作 阅读 编写 撰写 念
797,2,0.6841475958450305,0.4823409595733922,0.0,写照 缩影,缩影 写照,写照 缩影,写照 缩影
798,4,0.5060361724799635,0.13355179760895522,0.0,军事 外交 政治 国防,政治 国防 外交 军事,外交 国防 军事 政治,军事 外交 政治 国防
799,5,0.5312799474912627,0.13912283206215598,0.2,农场 牧场 庄园 果园 合作社,合作社 果园 庄园 农场 牧场,果园 牧场 合作社 庄园 农场,农场 牧场 庄园 果园 合作社
800,2,0.5021974851916569,0.06755026368169649,0.0,无辜 冤枉,无辜 冤枉,无辜 冤枉,无辜 冤枉
801,14,0.5444625958758921,0.2098756426002872,0.07142857142857142,冬季 夏季 春季 秋天 秋季 季节 冬天 夏天 时节 春天 四季 旺季,四季 淡季 旺季 节气 时节 冬天 季节 春天,冬季 冬天 四季 季节 旺季 时节 淡季 春天 春季 秋天 秋季 夏天,冬季 夏季 春季 秋天 秋季 季节 冬天 夏天 时节 春天 四季 旺季 淡季 节气
802,4,0.5280275496119698,0.10987648654471176,0.0,结冰 冰 融化 冻,融化 冰 冻 结冰,冰 冻 融化 结冰,结冰 冰 融化 冻
803,5,0.4372060791950516,-0.01863598930266689,0.6,雪 冰雪 瑞雪 霜 冰山,冰山 霜 冰雪 瑞雪 雪,冰雪 霜 雪 冰山 瑞雪,雪 冰雪 瑞雪 霜 冰山
804,11,0.5236268246780994,0.17244669777290075,0.09090909090909091,洗衣机 冰箱 热水器 彩电 电饭锅 空调 微波炉 电视机 家电 电器 水槽,水槽 电器 家电 电视机 热水器 电饭锅 空调 微波炉,热水器 微波炉 彩电 电器 洗衣机 空调 电饭锅 冰箱 水槽 家电 电视机,洗衣机 冰箱 热水器 彩电 电饭锅 空调 微波炉 电视机 家电 电器 水槽
805,1,,0.0,0.0,冲,冲,冲,冲
806,6,0.48976412206620407,0.09898303191337354,0.3333333333333333,撞击 碰撞 冲撞 摩擦 冲击 火花,冲击 火花 摩擦 冲撞 撞击 碰撞,撞击 冲击 冲撞 火花 摩擦 碰撞,撞击 碰撞 冲撞 摩擦 冲击 火花
807,1,,0.0,0.0,冲刺,冲刺,冲刺,冲刺
808,5,0.4750759303961242,0.02507162307725951,0.4,欲望 好奇心 冲动 好奇 念头,好奇 念头 冲动 好奇心 欲望,冲动 好奇 欲望 好奇心 念头,欲望 好奇心 冲动 好奇 念头
809,15,0.501005338879567,0.07336069122288426,0.06666666666666667,浸泡 开水 热水 凉水 冷水 烫 冲洗 搅拌 蒸 加热 泡 洗,溶解 熬 洗 烘干 冷水 凉水 泡 搅拌,搅拌 熬 烫 热水 泡 洗 开水 冲洗 浸泡 烘干 溶解 加热,浸泡 开水 热水 凉水 冷水 烫 冲洗 搅拌 蒸 加热 泡 洗 熬 烘干 溶解
810,3,0.5476114000107487,0.23236647992390339,0.0,冲浪 钓鱼 潜水,钓鱼 潜水 冲浪,潜水 冲浪 钓鱼,冲浪 钓鱼 潜水
811,1,,0.0,0.0,决策,决策,决策,决策
812,4,0.4303414531295307,-0.006644339797721939,0.5,决议 草案 方案 声明,声明 方案 草案 决议,决议 草案 方案 声明,决议 草案 方案 声明
813,4,0.5467382862175529,0.16368087144543392,0.0,冷 凉 暖 热,暖 热 凉 冷,冷 凉 热 暖,冷 凉 暖 热
814,7,0.45063607805789224,0.0003250842861913576,0.42857142857142855,燃烧 火焰 烧 热气 熏 焚烧 冷气,冷气 焚烧 火焰 熏 热气 烧 燃烧,熏 烧 热气 冷气 焚烧 火焰 燃烧,燃烧 火焰 烧 热气 熏 焚烧 冷气
815,25,0.488048483083325,-0.020869054362174514,0.68,苦笑 摇头 叹气 冷笑 小声 笑 说道 自言自语 点头 咧嘴 大声 眉开眼笑,道 嚷 大声 发愣 愁眉苦脸 说 恍然大悟 感叹,插嘴 嚷 前仰后合 自言自语 笑 咧嘴 嬉笑 眉开眼笑 微笑 愁眉苦脸 发愣 哭笑不得,苦笑 摇头 叹气 冷笑 小声 笑 说道 自言自语 点头 咧嘴 大声 眉开眼笑 嚷 插嘴 反问 发愣 嬉笑 哭笑不得 愁眉苦脸 说 微笑 恍然大悟 道 前仰后合 感叹
816,1,,0.0,0.0,冷落,冷落,冷落,冷落
817,4,0.48394184383959854,0.015097547788660955,0.5,热门 冷门 爆冷门 热点,热点 爆冷门 冷门 热门,热点 冷门 热门 爆冷门,热门 冷门 爆冷门 热点
818,5,0.5181493666287047,0.12727767831938908,0.0,扣押 扣留 拘留 没收 冻结,冻结 没收 拘留 扣留 扣押,拘留 冻结 没收 扣留 扣押,扣押 扣留 拘留 没收 冻结
819,1,,0.0,0.0,净,净,净,净
820,3,0.4572417721125243,0.07396343812513716,0.3333333333333333,过滤 净化 筛,筛 净化 过滤,筛 净化 过滤,过滤 净化 筛
821,1,,0.0,0.0,准,准,准,准
822,5,0.5017284393773738,0.09166298597923117,0.4,准则 规则 原则 标准 规范,规范 标准 原则 规则 准则,规范 准则 规则 原则 标准,准则 规则 原则 标准 规范
823,3,0.5536006478232844,0.23647172263941374,0.0,准备 预备 打算,打算 预备 准备,准备 打算 预备,准备 预备 打算
824,4,0.5134222166313088,0.16834981013173264,0.0,定时 按时 准时 定期,定期 定时 准时 按时,准时 定时 定期 按时,定时 按时 准时 定期
825,8,0.4923216904196277,0.06901306001780515,0.125,准确 确切 精确 确凿 可靠 详尽 可信 贴切,详尽 可信 贴切 可靠 精确 确凿 准确 确切,详尽 确切 确凿 可信 准确 贴切 可靠 精确,准确 确切 精确 确凿 可靠 详尽 可信 贴切
826,3,0.5761195630704813,0.2511925297728707,0.0,减 增 降,降 增 减,减 增 降,减 增 降
827,1,,0.0,0.0,减压,减压,减压,减压
828,13,0.484087316682773,0.03601916379061128,0.3076923076923077,降低 增大 减少 减轻 加重 减弱 加剧 削弱 缓解 缩小 缩短 萎缩,萎缩 缩小 削弱 恶化 缩短 增大 减弱 缓解,加重 增大 缓解 加剧 减轻 降低 减少 减弱 缩小 恶化 缩短 削弱,降低 增大 减少 减轻 加重 减弱 加剧 削弱 缓解 缩小 缩短 萎缩 恶化
829,3,0.5071629985969751,0.19093624728018901,0.0,凑合 勉强 凑,凑 勉强 凑合,凑 勉强 凑合,凑合 勉强 凑
830,3,0.46732821354721926,0.06792010458630537,0.0,凝固 沸腾 静止,沸腾 静止 凝固,静止 沸腾 凝固,凝固 沸腾 静止
831,9,0.49879521841166885,0.1343008626352293,0.1111111111111111,汇聚 聚集 汇集 集结 凝聚 集合 聚 汇合 集中,聚 集中 汇合 集合 凝聚 汇集 集结 汇聚,集中 汇集 集结 汇聚 汇合 凝聚 聚 聚集 集合,汇聚 聚集 汇集 集结 凝聚 集合 聚 汇合 集中
832,2,0.7783282002321593,0.6259663233319799,0.0,概率 几率,几率 概率,概率 几率,概率 几率
833,2,0.7177595778620118,0.5020723325261824,0.0,凡 凡是,凡 凡是,凡 凡是,凡 凡是
834,1,,0.0,0.0,凤凰,凤凰,凤凰,凤凰
835,1,,0.0,0.0,凯歌,凯歌,凯歌,凯歌
836,20,0.48973308828228074,0.011352529904389978,0.45,杀害 逮捕 谋害 暗杀 屠杀 抢劫 殴打 绑架 劫持 被捕 开枪 挟持,杀 罪犯 歹徒 逮捕 被捕 殴打 枪毙 迫害,暗杀 枪毙 谋害 虐待 殴打 杀 开枪 挟持 迫害 逮捕 屠杀 绑架,杀害 逮捕 谋害 暗杀 屠杀 抢劫 殴打 绑架 劫持 被捕 开枪 挟持 凶手 迫害 虐待 袭击 枪毙 杀 歹徒 罪犯
837,4,0.5412821761464405,0.19102570642179204,0.0,猛 猛烈 凶猛 狠,狠 凶猛 猛烈 猛,猛 狠 凶猛 猛烈,猛 猛烈 凶猛 狠
838,7,0.5100115925079338,0.11454246540768989,0.14285714285714285,凹 圆形 圆 凸 扁 形 尖,尖 凹 扁 凸 形 圆 圆形,圆形 凹 凸 圆 尖 形 扁,凹 圆形 圆 凸 扁 形 尖
839,1,,0.0,0.0,出,出,出,出
840,8,0.4830331536676854,0.032710634653350695,0.25,逞能 出丑 出洋相 卖弄 耍 出风头 耍赖 炫耀,耍赖 炫耀 出洋相 耍 出丑 出风头 卖弄 逞能,耍赖 卖弄 出风头 逞能 耍 出丑 出洋相 炫耀,逞能 出丑 出洋相 卖弄 耍 出风头 耍赖 炫耀
841,6,0.5280190680094631,0.18302031692760065,0.3333333333333333,来源于 源于 出自 来自 出于 来源,来源 出于 出自 来自 源于 来源于,出自 来自 出于 源于 来源 来源于,来源于 源于 出自 来自 出于 来源
842,5,0.5898850115354968,0.24909666637599406,0.0,意料之外 意料 出人意料 意外 惊喜,惊喜 意外 出人意料 意料 意料之外,惊喜 出人意料 意外 意料 意料之外,意料之外 意料 出人意料 意外 惊喜
843,2,0.6540465884222582,0.4228943896912639,0.0,进出 出入,进出 出入,进出 出入,进出 出入
844,1,,0.0,0.0,出具,出具,出具,出具
845,4,0.5727435931722936,0.261006028300505,0.0,派出 派遣 派 出动,出动 派遣 派 派出,派 派遣 出动 派出,派出 派遣 派 出动
846,1,,0.0,0.0,出发,出发,出发,出发
847,8,0.5295566593865539,0.14182666513600178,0.125,初衷 目的 本意 用意 意图 出发点 动机 宗旨,出发点 动机 宗旨 意图 目的 用意 本意 初衷,宗旨 用意 意图 本意 初衷 目的 动机 出发点,初衷 目的 本意 用意 意图 出发点 动机 宗旨
848,8,0.4231063603408024,-0.008405927567053315,0.5,进口 进出口 出口 外贸 贸易 海关 原装 国产,国产 原装 海关 贸易 外贸 出口 进出口 进口,海关 进口 贸易 国产 原装 出口 外贸 进出口,进口 进出口 出口 外贸 贸易 海关 原装 国产
849,5,0.47951045893316574,0.09945587918680207,0.2,出售 购买 收购 购 转让,转让 购 出售 收购 购买,转让 收购 购 出售 购买,出售 购买 收购 购 转让
850,7,0.449957438014696,-0.020853038826340264,0.7142857142857143,出访 出差 出国 探亲 外出 来访 访问,访问 出国 来访 外出 探亲 出差 出访,探亲 出访 来访 出国 出差 外出 访问,出访 出差 出国 探亲 外出 来访 访问
851,1,,0.0,0.0,出头,出头,出头,出头
852,2,0.5849956862509997,0.27269819414401714,0.0,淘汰 出局,出局 淘汰,出局 淘汰,淘汰 出局
853,1,,0.0,0.0,出山,出山,出山,出山
854,3,0.44291142407463374,0.008157267473507571,0.6666666666666666,阔绰 出手 大方,出手 大方 阔绰,大方 出手 阔绰,阔绰 出手 大方
855,1,,0.0,0.0,出毛病,出毛病,出毛病,出毛病
856,5,0.4722973663277498,-0.002740494870560889,0.4,出现 浮现 涌现 重现 层出不穷,重现 层出不穷 浮现 出现 涌现,涌现 重现 浮现 出现 层出不穷,出现 浮现 涌现 重现 层出不穷
857,5,0.4677872145912537,0.04463297454831637,0.2,出生 祖籍 出身 土生土长 生,生 土生土长 出生 祖籍 出身,祖籍 生 出身 土生土长 出生,出生 祖籍 出身 土生土长 生
858,8,0.49952188042931017,0.046652655849070815,0.5,证件 护照 身份证 签证 通行证 驾照 出示 身份,出示 身份 签证 驾照 通行证 证件 身份证 护照,签证 护照 出示 身份证 通行证 证件 驾照 身份,证件 护照 身份证 签证 通行证 驾照 出示 身份
859,4,0.5695018213974238,0.248802459607188,0.0,租 租赁 出租 租金,租金 租赁 出租 租,租 租赁 租金 出租,租 租赁 出租 租金
860,5,0.3736499353885882,-0.10097887561819578,0.8,合资 外资 出资 外企 拟,外企 拟 出资 外资 合资,拟 合资 出资 外资 外企,合资 外资 出资 外企 拟
861,8,0.4828882605771847,0.050766010460167724,0.25,逃走 逃跑 逃亡 出走 投奔 投降 走投无路 跳槽,跳槽 走投无路 逃亡 投降 投奔 出走 逃跑 逃走,投降 逃跑 逃走 逃亡 走投无路 出走 跳槽 投奔,逃走 逃跑 逃亡 出走 投奔 投降 走投无路 跳槽
862,5,0.49566200992252246,0.06936653718693708,0.2,门路 途径 路子 出路 渠道,渠道 出路 路子 途径 门路,门路 出路 路子 途径 渠道,门路 途径 路子 出路 渠道
863,3,0.5043338382127179,0.13732543918168208,0.0,演艺圈 出道 模特儿,模特儿 演艺圈 出道,模特儿 演艺圈 出道,演艺圈 出道 模特儿
864,1,,0.0,0.0,出难题,出难题,出难题,出难题
865,6,0.5317755251192344,0.1556222264451034,0.16666666666666666,帮忙 帮 协助 帮助 替 出面,出面 帮助 协助 替 帮忙 帮,帮 替 出面 帮助 帮忙 协助,帮忙 帮 协助 帮助 替 出面
866,19,0.47800427873087364,0.007719779264884202,0.42105263157894735,硕士 研究生 本科 攻读 学位 学士 学历 毕业 函授 文凭 博士 进修,选修 学科 理科 文科 导师 在职 进修 博士,工科 研究生 选修 在职 博士 进修 本科 函授 硕士 导师 毕业 学科,硕士 研究生 本科 攻读 学位 学士 学历 毕业 函授 文凭 博士 进修 工科 选修 理科 在职 文科 学科 导师
867,3,0.5346717744134067,0.12747189192800945,0.0,刻 雕 凿,凿 雕 刻,凿 刻 雕,刻 雕 凿
868,24,0.48202504002599345,-0.02879652913904636,0.625,钳子 棍子 剪子 叉子 刷子 铲子 梳子 剪刀 筷子 绳子 竹竿 钩子,斧子 绳子 盖子 盘子 脸盆 勺 棍 扇子,叉子 脸盆 刀 勺 钉子 筷子 棍 绳子 刷子 斧子 盘子 钳子,钳子 棍子 剪子 叉子 刷子 铲子 梳子 剪刀 筷子 绳子 竹竿 钩子 斧子 棍 脸盆 钉子 扇子 刀 勺 尺子 盖子 螺丝 盘子 卡子
869,1,,0.0,0.0,分,分,分,分
870,9,0.43685914063049913,-0.0029029320190531063,0.5555555555555556,划分 界定 界线 界限 定义 边界 分成 分为 划,划 边界 分成 分为 定义 界定 界限 界线,划分 划 界限 界线 边界 界定 定义 分成 分为,划分 界定 界线 界限 定义 边界 分成 分为 划
871,1,,0.0,0.0,分享,分享,分享,分享
872,4,0.3984815030278124,-0.06358887820832326,0.75,切割 切 分割 激光,激光 分割 切 切割,切 激光 切割 分割,切割 切 分割 激光
873,3,0.4520767260304608,-0.004264277953335643,0.6666666666666666,分裂 分化 背叛,背叛 分化 分裂,背叛 分裂 分化,分裂 分化 背叛
874,28,0.48664742538745526,0.06487551801335541,0.32142857142857145,非常 很 极为 十分 极其 比较 相当 格外 更加 越发 分外 多么,显得 最 够 十分 极度 多么 无比 越来越,越发 越来越 尤为 太 够 很 愈来愈 无比 更 最 极 挺,非常 很 极为 十分 极其 比较 相当 格外 更加 越发 分外 多么 越来越 愈来愈 挺 尤为 无比 蛮 太 更 颇 极度 异常 极 显得 最 越 够
875,7,0.42889384127521657,-0.03353106186986694,0.7142857142857143,恰到好处 恰如其分 巧妙 分寸 委婉 火候 别具匠心,巧妙 分寸 别具匠心 委婉 火候 恰如其分 恰到好处,巧妙 别具匠心 火候 委婉 恰到好处 恰如其分 分寸,恰到好处 恰如其分 巧妙 分寸 委婉 火候 别具匠心
876,5,0.444067218506798,-0.002713927959404794,0.6,遍布 分布 覆盖 布满 分散,布满 分散 覆盖 分布 遍布,覆盖 遍布 分散 布满 分布,遍布 分布 覆盖 布满 分散
877,4,0.5266488600206468,0.1424168730574363,0.0,分开 分离 隔开 隔离,隔开 隔离 分离 分开,分离 分开 隔离 隔开,分开 分离 隔开 隔离
878,16,0.46745489768405096,0.0547582552258192,0.1875,结婚 订婚 求婚 离婚 嫁 娶 婚礼 恋爱 新娘 分手 约会 新郎,表白 新娘 成家 嫁妆 分手 情人 约会 恋爱,娶 嫁 婚礼 恋爱 新娘 约会 成家 离婚 嫁妆 新郎 订婚 分手,结婚 订婚 求婚 离婚 嫁 娶 婚礼 恋爱 新娘 分手 约会 新郎 情人 嫁妆 表白 成家
879,1,,0.0,0.0,分支,分支,分支,分支
880,1,,0.0,0.0,分明,分明,分明,分明
881,6,0.47834181574014445,0.06586824012508648,0.16666666666666666,总结 归纳 分析 解析 解读 归结,归结 归纳 分析 解读 总结 解析,总结 解析 分析 归纳 归结 解读,总结 归纳 分析 解析 解读 归结
882,6,0.4670165532639615,0.10844481561287096,0.16666666666666666,类型 类 类别 种类 分类 型,型 分类 类 类别 种类 类型,型 类 种类 类型 类别 分类,类型 类 类别 种类 分类 型
883,1,,0.0,0.0,分红,分红,分红,分红
884,2,0.5648924699546533,0.2676300242640701,0.0,分组 抽签,分组 抽签,抽签 分组,分组 抽签
885,1,,0.0,0.0,分解,分解,分解,分解
886,1,,0.0,0.0,分赃,分赃,分赃,分赃
887,9,0.5155678875876322,0.14449757230365523,0.2222222222222222,辨别 分辨 辨认 识别 鉴别 区分 真假 认出 察觉,察觉 区分 认出 识别 真假 辨认 鉴别 辨别,辨认 区分 真假 分辨 辨别 识别 鉴别 认出 察觉,辨别 分辨 辨认 识别 鉴别 区分 真假 认出 察觉
888,1,,0.0,0.0,分配,分配,分配,分配
889,1,,0.0,0.0,分量,分量,分量,分量
890,3,0.44668549665955126,0.02457825884476926,0.6666666666666666,落实 切实 执行,切实 执行 落实,落实 切实 执行,落实 切实 执行
891,5,0.4832639552091992,0.08539669016933743,0.4,深切 深刻 切身 深深 直观,直观 深深 切身 深刻 深切,切身 直观 深切 深刻 深深,深切 深刻 切身 深深 直观
892,5,0.4664498840279105,0.013673304307436329,0.4,刊登 杂志 报刊 封面 发表,报刊 封面 发表 刊登 杂志,报刊 刊登 发表 封面 杂志,刊登 杂志 报刊 封面 发表
893,6,0.5376494513931239,0.1886521738438863,0.0,法律 法规 宪法 刑法 条例 法制,条例 法制 法规 宪法 刑法 法律,法律 法制 条例 宪法 法规 刑法,法律 法规 宪法 刑法 条例 法制
894,2,0.5546526445753343,0.2754132253015437,0.0,里程碑 划时代,划时代 里程碑,里程碑 划时代,里程碑 划时代
895,4,0.4979432960780594,0.14504546336638766,0.25,后者 前者 则 同样,同样 则 后者 前者,则 同样 前者 后者,后者 前者 则 同样
896,6,0.5105602912612937,0.1564195836628419,0.16666666666666666,刚刚 刚 即将 将要 快要 刚才,刚才 即将 快要 将要 刚 刚刚,刚 快要 即将 将要 刚才 刚刚,刚刚 刚 即将 将要 快要 刚才
897,5,0.39115444595559384,-0.03919054004697527,0.6,创 纪录 刷新 历史 融,融 刷新 历史 纪录 创,创 刷新 融 纪录 历史,创 纪录 刷新 历史 融
898,2,0.573661696883731,0.23079322936706154,0.0,创新 创业,创新 创业,创业 创新,创新 创业
899,4,0.3925210654840274,-0.06675877961156834,0.5,发起 发起人 发动 创始人,发动 创始人 发起人 发起,发动 创始人 发起人 发起,发起 发起人 发动 创始人
900,8,0.43513940960187825,0.0019781494214662736,0.5,设计师 设计 建筑师 创意 构思 灵感 工程师 原创,原创 工程师 构思 创意 灵感 建筑师 设计 设计师,工程师 灵感 原创 建筑师 创意 设计 构思 设计师,设计师 设计 建筑师 创意 构思 灵感 工程师 原创
901,11,0.4892412142425389,0.05316679067517001,0.2727272727272727,构建 打造 树立 建立 营造 搭建 塑造 形成 确立 造就 创造,形成 造就 创造 搭建 确立 树立 建立 塑造,树立 打造 营造 确立 创造 建立 搭建 造就 形成 塑造 构建,构建 打造 树立 建立 营造 搭建 塑造 形成 确立 造就 创造
902,5,0.5485268361483066,0.19696031471482897,0.0,早期 初期 后期 前期 晚期,前期 初期 后期 晚期 早期,早期 晚期 后期 初期 前期,早期 初期 后期 前期 晚期
903,2,0.6084388019145374,0.33689980323837804,0.0,首次 初次,首次 初次,初次 首次,首次 初次
904,1,,0.0,0.0,初步,初步,初步,初步
905,8,0.46409214221923045,0.04387734862582048,0.5,去掉 去除 剔除 除去 删除 扣除 掉 删,删 掉 扣除 删除 除去 去除 剔除 去掉,删 剔除 掉 删除 扣除 去掉 去除 除去,去掉 去除 剔除 除去 删除 扣除 掉 删
906,2,0.5051143972335284,0.12989793416982598,0.0,罚 判,判 罚,判 罚,罚 判
907,9,0.4381933927638389,0.006797052477078188,0.4444444444444444,评定 认定 判定 确定 鉴定 评估 确认 评价 定,定 确认 评价 鉴定 评估 确定 判定 认定,定 确定 判定 确认 评价 评估 评定 鉴定 认定,评定 认定 判定 确定 鉴定 评估 确认 评价 定
908,7,0.48383214774230104,0.06762640946485789,0.2857142857142857,衡量 考量 评判 权衡 判断 考虑 好坏,好坏 判断 考虑 权衡 评判 衡量 考量,衡量 权衡 判断 评判 考虑 好坏 考量,衡量 考量 评判 权衡 判断 考虑 好坏
909,9,0.47298377285044385,0.0031192997047852977,0.4444444444444444,刨 锯 砍 割 剥 扒 撬 铲 刺,刺 剥 扒 撬 割 砍 铲 锯,刺 刨 剥 割 砍 撬 扒 锯 铲,刨 锯 砍 割 剥 扒 撬 铲 刺
910,1,,0.0,0.0,利,利,利,利
911,3,0.4867121672565884,0.12763248054957335,0.0,利害 得失 利益,利益 得失 利害,得失 利益 利害,利害 得失 利益
912,8,0.4703762762457805,0.07211733580023369,0.5,干净 整洁 洁净 打扫 清洁 整齐 清洗 利索,利索 整齐 清洗 清洁 打扫 洁净 整洁 干净,利索 清洁 清洗 洁净 打扫 整洁 干净 整齐,干净 整洁 洁净 打扫 清洁 整齐 清洗 利索
913,9,0.4949301751365513,0.04063739010159553,0.3333333333333333,没劲 没意思 没用 没辙 没法儿 懒得 费劲 别扭 没完没了,没用 别扭 没完没了 费劲 没辙 懒得 没意思 没法儿,没意思 别扭 没劲 没用 没辙 懒得 费劲 没法儿 没完没了,没劲 没意思 没用 没辙 没法儿 懒得 费劲 别扭 没完没了
914,2,0.5617130768517923,0.2144971011038376,0.0,吹 刮,刮 吹,刮 吹,吹 刮
915,5,0.37110285322262315,-0.08917045532361706,0.8,放到 到 搁 放 至,放 搁 至 到 放到,到 搁 放 放到 至,放到 到 搁 放 至
916,1,,0.0,0.0,到位,到位,到位,到位
917,4,0.570480093636991,0.23168113102180563,0.0,到处 处处 四处 随处可见,四处 随处可见 处处 到处,到处 四处 随处可见 处处,到处 处处 四处 随处可见
918,5,0.5232328804338604,0.16386415132744264,0.0,归根到底 说到底 到头来 最终 最后,最后 到头来 最终 说到底 归根到底,说到底 归根到底 到头来 最后 最终,归根到底 说到底 到头来 最终 最后
919,5,0.4295843761672735,0.02531608604105299,0.4,期限 有效期 年限 日期 到期,年限 到期 日期 有效期 期限,日期 到期 有效期 期限 年限,期限 有效期 年限 日期 到期
920,5,0.5207565609394502,0.14617763556298358,0.0,来临 到来 迎来 降临 迎,迎 降临 迎来 到来 来临,到来 迎 降临 迎来 来临,来临 到来 迎来 降临 迎
921,5,0.48789897661149073,0.0712857331720569,0.2,制成 制作 特制 研制 制,研制 特制 制作 制 制成,制 制成 研制 制作 特制,制成 制作 特制 研制 制
922,6,0.46236967211995567,0.06978192845660573,0.16666666666666666,限制 约束 束缚 制约 拘束 限,限 拘束 束缚 约束 限制 制约,约束 束缚 制约 限 限制 拘束,限制 约束 束缚 制约 拘束 限
923,5,0.39625595928967655,-0.11388957843993537,1.0,印刷 包装 铸造 制造 标签,标签 铸造 印刷 包装 制造,标签 制造 印刷 包装 铸造,印刷 包装 铸造 制造 标签
924,1,,0.0,0.0,刷,刷,刷,刷
925,10,0.5422279851442604,0.1490940988003186,0.2,牙膏 沐浴露 肥皂 洗衣粉 牙刷 洗涤剂 香水 药水 口香糖 刷牙,药水 刷牙 口香糖 牙刷 洗衣粉 肥皂 香水 洗涤剂,沐浴露 牙膏 洗衣粉 肥皂 刷牙 牙刷 药水 香水 口香糖 洗涤剂,牙膏 沐浴露 肥皂 洗衣粉 牙刷 洗涤剂 香水 药水 口香糖 刷牙
926,1,,0.0,0.0,券,券,券,券
927,9,0.47476695218310233,-0.025653430545900305,0.6666666666666666,带动 推动 拉动 引领 驱动 激发 引导 刺激 拖累,激发 驱动 推动 拖累 刺激 拉动 引导 引领,带动 拖累 刺激 激发 驱动 推动 拉动 引导 引领,带动 推动 拉动 引领 驱动 激发 引导 刺激 拖累
928,5,0.568113890839642,0.22462451870695718,0.0,故意 有意 刻意 无意 存心,存心 刻意 无意 故意 有意,无意 有意 存心 故意 刻意,故意 有意 刻意 无意 存心
929,1,,0.0,0.0,刻舟求剑,刻舟求剑,刻舟求剑,刻舟求剑
930,4,0.5146238039237775,0.07205549100430778,0.25,剃 剪 梳 秃,秃 梳 剪 剃,剃 剪 秃 梳,剃 剪 梳 秃
931,1,,0.0,0.0,削,削,削,削
932,10,0.5091965790160107,0.05208445941625987,0.3,近来 近日 近年来 近期 前不久 日前 最近 此前 多年来 长期以来,多年来 此前 长期以来 近期 日前 前不久 最近 近来,多年来 长期以来 前不久 最近 此前 近日 近来 近期 日前 近年来,近来 近日 近年来 近期 前不久 日前 最近 此前 多年来 长期以来
933,4,0.44263056914041204,0.053564575853553925,0.25,前台 柜台 后台 网点,网点 后台 柜台 前台,网点 柜台 后台 前台,前台 柜台 后台 网点
934,1,,0.0,0.0,前后,前后,前后,前后
935,4,0.5914614153749008,0.2858889105322774,0.0,史无前例 前所未有 空前 前无古人,前无古人 前所未有 史无前例 空前,前无古人 前所未有 空前 史无前例,史无前例 前所未有 空前 前无古人
936,2,0.5166979929493174,0.15261822869377334,0.0,背景 前提,背景 前提,背景 前提,背景 前提
937,3,0.5439977960147485,0.23125614139539463,0.0,前景 前途 展望,展望 前途 前景,展望 前景 前途,前景 前途 展望
938,2,0.5458871362694742,0.20060486873378952,0.0,尖端 前沿,前沿 尖端,尖端 前沿,尖端 前沿
939,1,,0.0,0.0,前辈,前辈,前辈,前辈
940,11,0.39949777158677113,-0.07298439343966434,0.7272727272727273,向着 向前 朝着 迈进 前进 向 向上 朝 勇往直前 面向 进步,进步 勇往直前 向 面向 向上 迈进 朝 向前,向 朝 面向 进步 向着 向前 向上 迈进 朝着 前进 勇往直前,向着 向前 朝着 迈进 前进 向 向上 朝 勇往直前 面向 进步
941,7,0.4222722340059658,-0.05491931347550637,0.7142857142857143,剑 弓 琴 箭 弦 玉 斩,斩 玉 弦 琴 箭 弓 剑,剑 弦 弓 箭 玉 琴 斩,剑 弓 琴 箭 弦 玉 斩
942,4,0.46298743893234445,0.07446642028629799,0.0,剧场 银幕 舞台 放映,放映 舞台 剧场 银幕,舞台 剧场 银幕 放映,剧场 银幕 舞台 放映
943,1,,0.0,0.0,副,副,副,副
944,4,0.4428287392752548,-0.019857033368552022,0.25,后果 后遗症 副作用 结果,结果 后遗症 副作用 后果,后遗症 后果 副作用 结果,后果 后遗症 副作用 结果
945,39,0.4783273367574472,-0.05098132935331889,0.6923076923076923,踹 拧 拽 搓 捏 磕 捅 摔 揍 捶 咬 砸,拧 蹬 抡 揍 蹦 蹭 扳 劈,劈 叼 咬 碰 磕 砸 甩 摔 摸 搂 搓 擦,踹 拧 拽 搓 捏 磕 捅 摔 揍 捶 咬 砸 掰 敲 擦 踢 揪 蹦 扯 蹬 抠 掐 扔 叼 搂 劈 甩 舔 揉 拎 摸 撕 蹭 抡 挠 抖 撞 碰 扳
946,4,0.3964959733812625,-0.09811498612756522,0.75,势力 力量 力 派别,派别 力 力量 势力,力 力量 势力 派别,势力 力量 力 派别
947,6,0.47328863375773245,0.022800590343946756,0.3333333333333333,无能为力 无力 力不从心 无能 无所作为 吃力,无所作为 吃力 无能 力不从心 无力 无能为力,无能 力不从心 无力 无所作为 无能为力 吃力,无能为力 无力 力不从心 无能 无所作为 吃力
948,4,0.4579134952890909,0.044908770436898275,0.25,大幅度 幅度 力度 大大,力度 大大 大幅度 幅度,大幅度 大大 幅度 力度,大幅度 幅度 力度 大大
949,1,,0.0,0.0,力所能及,力所能及,力所能及,力所能及
950,11,0.4681348933812381,-0.009927116058559235,0.5454545454545454,尽早 尽快 及早 早日 尽量 尽可能 及时 适时 抓紧 力求 趁早,力求 抓紧 趁早 及时 适时 早日 及早 尽可能,早日 趁早 适时 尽早 尽快 力求 及时 及早 抓紧 尽量 尽可能,尽早 尽快 及早 早日 尽量 尽可能 及时 适时 抓紧 力求 趁早
951,1,,0.0,0.0,办事,办事,办事,办事
952,5,0.37872565822953314,-0.08187366958765827,0.8,办公室 秘书 顾问 办公 咨询,办公 咨询 办公室 秘书 顾问,办公 办公室 秘书 顾问 咨询,办公室 秘书 顾问 办公 咨询
953,3,0.6006830305279354,0.2975982038064082,0.0,手续 办理 登记,办理 登记 手续,办理 登记 手续,手续 办理 登记
954,4,0.49399925558137253,0.07948348917495367,0.0,功臣 功劳 立功 功,立功 功 功臣 功劳,功 功劳 立功 功臣,功臣 功劳 立功 功
955,8,0.4003388507175398,-0.09774029902564799,0.75,止血 包扎 绷带 缝合 止咳 胶带 输血 功效,输血 胶带 功效 缝合 止咳 绷带 包扎 止血,功效 包扎 输血 止咳 胶带 绷带 缝合 止血,止血 包扎 绷带 缝合 止咳 胶带 输血 功效
956,4,0.45318130995296163,-0.005797286315041027,0.5,功率 容量 马力 频率,马力 频率 容量 功率,功率 频率 容量 马力,功率 容量 马力 频率
957,3,0.4777616569281204,0.11766491904190433,0.0,多功能 功能 多媒体,多媒体 功能 多功能,功能 多功能 多媒体,多功能 功能 多媒体
958,7,0.3768292193235508,-0.08531518600683342,0.8571428571428571,加入 参加 参与 投身 添加 投入 加,添加 加 投身 投入 参加 加入 参与,投身 加 参加 参与 添加 加入 投入,加入 参加 参与 投身 添加 投入 加
959,10,0.464226791805406,0.10905165736164715,0.2,鉴于 对于 由于 针对 随着 基于 得益于 对 加上 纵观,得益于 纵观 加上 对 基于 随着 针对 由于,基于 对于 对 得益于 纵观 加上 由于 随着 鉴于 针对,鉴于 对于 由于 针对 随着 基于 得益于 对 加上 纵观
960,6,0.4450618132039158,0.041382435228614144,0.3333333333333333,工序 流程 工艺 环节 程序 加工,加工 程序 工艺 流程 环节 工序,工艺 流程 环节 程序 加工 工序,工序 流程 工艺 环节 程序 加工
961,2,0.5289701448486139,0.20154894879346513,0.0,加油 加油站,加油站 加油,加油站 加油,加油 加油站
962,8,0.5078492318562602,0.08278460607089812,0.125,通宵 彻夜 熬夜 日夜 夜以继日 昼夜 加班 开夜车,加班 开夜车 昼夜 日夜 熬夜 夜以继日 彻夜 通宵,彻夜 通宵 开夜车 加班 熬夜 夜以继日 昼夜 日夜,通宵 彻夜 熬夜 日夜 夜以继日 昼夜 加班 开夜车
963,1,,0.0,0.0,加盟,加盟,加盟,加盟
964,3,0.57116980872772,0.2956002883773208,0.0,正在 正 加紧,加紧 正 正在,正 加紧 正在,正在 正 加紧
965,9,0.45707073213011373,0.021015722532251625,0.4444444444444444,快速 速度 加速 飞速 缓慢 提速 慢 高速 快,慢 快 高速 缓慢 提速 飞速 快速 加速,加速 快 慢 速度 快速 飞速 高速 缓慢 提速,快速 速度 加速 飞速 缓慢 提速 慢 高速 快
966,1,,0.0,0.0,务实,务实,务实,务实
967,12,0.4976236884370878,0.11294713663409957,0.16666666666666666,必须 需要 须 要 应 应当 需 务必 应该 必需 必要 急需,急需 务必 应该 必要 需 必需 要 需要,必要 必需 必须 务必 应 需要 应该 急需 应当 须 需 要,必须 需要 须 要 应 应当 需 务必 应该 必需 必要 急需
968,1,,0.0,0.0,动,动,动,动
969,11,0.47168724216780694,0.030914866580506538,0.45454545454545453,感人 惊心动魄 扣人心弦 动人 引人入胜 惊险 可歌可泣 耐人寻味 搞笑 惊天动地 励志,惊天动地 励志 搞笑 惊险 可歌可泣 耐人寻味 引人入胜 动人,励志 耐人寻味 搞笑 惊心动魄 扣人心弦 惊天动地 动人 可歌可泣 引人入胜 感人 惊险,感人 惊心动魄 扣人心弦 动人 引人入胜 惊险 可歌可泣 耐人寻味 搞笑 惊天动地 励志
970,5,0.5040129271954934,0.11840056088789659,0.0,姿势 姿态 动作 架势 手势,手势 架势 姿态 动作 姿势,姿态 姿势 手势 动作 架势,姿势 姿态 动作 架势 手势
971,1,,0.0,0.0,动力,动力,动力,动力
972,4,0.49679153213834826,0.06389451222528843,0.25,流向 去向 流入 动向,流入 动向 去向 流向,流入 流向 去向 动向,流向 去向 流入 动向
973,1,,0.0,0.0,动态,动态,动态,动态
974,8,0.4150858988113456,-0.031539353841336513,0.75,线条 流畅 硬朗 轮廓 动感 棱角 曲线 自如,曲线 自如 棱角 流畅 动感 硬朗 轮廓 线条,流畅 轮廓 曲线 硬朗 线条 动感 自如 棱角,线条 流畅 硬朗 轮廓 动感 棱角 曲线 自如
975,1,,0.0,0.0,动摇,动摇,动摇,动摇
976,20,0.5029985405210897,0.05073669879100904,0.35,肝 肝脏 肺 血管 脾 胃 肾 气管 心脏 动脉 肠 血液,咽 痰 肠 腺 血压 细胞 大脑 器官,咽 气管 痰 细胞 器官 腺 脾 胃 肠 肾 肺 肝,肝 肝脏 肺 血管 脾 胃 肾 气管 心脏 动脉 肠 血液 器官 细胞 痰 腺 神经 大脑 咽 血压
977,1,,0.0,0.0,动静,动静,动静,动静
978,9,0.5042535392283235,0.06873731154271517,0.3333333333333333,鼓掌 欢呼 喝彩 掌声 叫好 呐喊 经久不息 热烈 助威,助威 经久不息 热烈 呐喊 鼓掌 叫好 掌声 喝彩,欢呼 呐喊 热烈 经久不息 喝彩 叫好 掌声 助威 鼓掌,鼓掌 欢呼 喝彩 掌声 叫好 呐喊 经久不息 热烈 助威
979,4,0.3959488926437877,-0.05569389065576503,0.5,助手 帮手 得力 语音,语音 得力 帮手 助手,得力 语音 帮手 助手,助手 帮手 得力 语音
980,9,0.5224391486219055,0.1416939378369363,0.1111111111111111,总经理 总裁 董事长 总监 董事 经理 首席 助理 董事会,董事会 助理 经理 董事 首席 总监 董事长 总裁,董事 董事长 总监 总裁 助理 首席 经理 总经理 董事会,总经理 总裁 董事长 总监 董事 经理 首席 助理 董事会
981,4,0.44788117787485193,0.026347987363557385,0.5,浩劫 厄运 瘟疫 劫,瘟疫 厄运 劫 浩劫,劫 浩劫 瘟疫 厄运,浩劫 厄运 瘟疫 劫
982,18,0.4899909724943418,0.027049609346644705,0.5,疲倦 疲惫 烦闷 寂寞 孤独 消沉 劳累 疲惫不堪 抑郁 孤单 忧郁 无聊,疲劳 消沉 压抑 无聊 空虚 孤单 疲惫不堪 精疲力竭,疲劳 疲倦 无聊 压抑 劳累 精疲力竭 寂寞 空虚 烦闷 疲惫不堪 消沉 无精打采,疲倦 疲惫 烦闷 寂寞 孤独 消沉 劳累 疲惫不堪 抑郁 孤单 忧郁 无聊 厌倦 精疲力竭 空虚 疲劳 无精打采 压抑
983,1,,0.0,0.0,势不可当,势不可当,势不可当,势不可当
984,5,0.5710938464496031,0.2533557308443935,0.0,敢于 勇于 敢 善于 大胆,敢 善于 大胆 勇于 敢于,敢 善于 勇于 敢于 大胆,敢于 勇于 敢 善于 大胆
985,9,0.5058470487721466,0.12336858639942548,0.1111111111111111,开采 矿 采矿 煤矿 勘探 煤炭 石油 矿藏 煤,矿藏 煤 石油 采矿 煤炭 开采 矿 勘探,开采 煤 矿 勘探 采矿 矿藏 石油 煤炭 煤矿,开采 矿 采矿 煤矿 勘探 煤炭 石油 矿藏 煤
986,4,0.4176990624014442,-0.025784958319818977,0.5,留学 回国 勤工俭学 归来,归来 勤工俭学 回国 留学,勤工俭学 回国 留学 归来,留学 回国 勤工俭学 归来
987,2,0.5431353173931475,0.19818969946264853,0.0,钩 勾,钩 勾,勾 钩,钩 勾
988,11,0.5369261770084889,0.12944441160606382,0.09090909090909091,叙述 阐述 描绘 描述 描写 论述 讲述 表述 概括 勾画 陈述,概括 勾画 描写 讲述 论述 陈述 阐述 叙述,叙述 概括 勾画 描述 讲述 论述 阐述 表述 描绘 陈述 描写,叙述 阐述 描绘 描述 描写 论述 讲述 表述 概括 勾画 陈述
989,8,0.45309605512600654,-0.012985795555175627,0.5,引诱 拉拢 收买 招揽 诱饵 迷惑 吸引 勾结,勾结 吸引 迷惑 诱饵 引诱 招揽 收买 拉拢,引诱 吸引 收买 勾结 迷惑 拉拢 诱饵 招揽,引诱 拉拢 收买 招揽 诱饵 迷惑 吸引 勾结
990,3,0.4712705939535435,0.029027785026670364,0.3333333333333333,包 捆 包裹,捆 包裹 包,包 捆 包裹,包 捆 包裹
991,8,0.48413563450386876,0.13744109833470025,0.125,涉及 牵涉 包含 涵盖 包括 牵扯 波及 在内,在内 波及 包含 牵扯 涵盖 包括 牵涉 涉及,牵涉 牵扯 包括 包含 波及 涵盖 涉及 在内,涉及 牵涉 包含 涵盖 包括 牵扯 波及 在内
992,4,0.4336094254146121,-0.019689106097784063,0.5,包围 封锁 封闭 围,围 封闭 包围 封锁,围 包围 封闭 封锁,包围 封锁 封闭 围
993,9,0.5011976640555553,0.10721865676719074,0.2222222222222222,宽容 宽恕 原谅 饶恕 容忍 包容 纵容 放过 善意,放过 善意 包容 容忍 纵容 饶恕 原谅 宽恕,纵容 放过 包容 宽容 宽恕 善意 原谅 容忍 饶恕,宽容 宽恕 原谅 饶恕 容忍 包容 纵容 放过 善意
994,1,,0.0,0.0,包袱,包袱,包袱,包袱
995,1,,0.0,0.0,化,化,化,化
996,4,0.58119306844962,0.23440843931339236,0.0,打扮 装扮 扮 化妆,扮 化妆 装扮 打扮,扮 化妆 装扮 打扮,打扮 装扮 扮 化妆
997,3,0.4582236759843556,0.07424242673750975,0.3333333333333333,标本 样本 化石,化石 样本 标本,标本 化石 样本,标本 样本 化石
998,6,0.445100121074187,0.009570888076750925,0.5,塑料 尼龙 橡胶 化纤 纱 塑料袋,纱 橡胶 塑料袋 塑料 尼龙 化纤,纱 塑料 化纤 塑料袋 尼龙 橡胶,塑料 尼龙 橡胶 化纤 纱 塑料袋
999,2,0.5517910419524142,0.2252042099484209,0.0,化肥 肥,化肥 肥,肥 化肥,化肥 肥
1000,1,,0.0,0.0,化身,化身,化身,化身
1001,1,,0.0,0.0,化险为夷,化险为夷,化险为夷,化险为夷
1002,1,,0.0,0.0,北京,北京,北京,北京
1003,2,0.7238286091626878,0.5499626729083209,0.0,南极 北极,北极 南极,南极 北极,南极 北极
1004,2,0.5666715785827827,0.21953738772424647,0.0,匹 骏马,匹 骏马,匹 骏马,匹 骏马
1005,1,,0.0,0.0,匹配,匹配,匹配,匹配
1006,4,0.5091450113145909,0.1360830352460727,0.0,区域 地区 区 地域,地域 区 地区 区域,区 区域 地区 地域,区域 地区 区 地域
1007,8,0.5553361801936938,0.18645278722370795,0.0,差别 差异 差距 相差 悬殊 落差 反差 区别,反差 悬殊 区别 落差 差距 相差 差异 差别,区别 落差 反差 相差 悬殊 差别 差异 差距,差别 差异 差距 相差 悬殊 落差 反差 区别
1008,5,0.4942809756903538,0.11180207436391953,0.0,卫生 防疫 医务 消毒 医疗,医疗 消毒 医务 卫生 防疫,防疫 消毒 医务 医疗 卫生,卫生 防疫 医务 消毒 医疗
1009,1,,0.0,0.0,匿名,匿名,匿名,匿名
1010,3,0.5825194417005038,0.276274913543704,0.0,红灯 绿灯 十字路口,十字路口 绿灯 红灯,红灯 绿灯 十字路口,红灯 绿灯 十字路口
1011,1,,0.0,0.0,千军万马,千军万马,千军万马,千军万马
1012,4,0.5153665150687888,0.13841267209174024,0.0,千变万化 变幻莫测 错综复杂 微妙,微妙 变幻莫测 错综复杂 千变万化,微妙 变幻莫测 千变万化 错综复杂,千变万化 变幻莫测 错综复杂 微妙
1013,7,0.4239324822920922,0.010069717960565277,0.7142857142857143,涨 跌 升 收 领 跳水 涨价,涨价 跳水 收 升 领 跌 涨,升 涨价 收 涨 领 跌 跳水,涨 跌 升 收 领 跳水 涨价
1014,7,0.43906027173095585,0.013959105776144629,0.42857142857142855,变化 变革 变迁 变动 转型 升级 波动,转型 升级 波动 变迁 变革 变动 变化,波动 升级 转型 变革 变迁 变化 变动,变化 变革 变迁 变动 转型 升级 波动
1015,9,0.47731029686246934,0.059877054955794984,0.3333333333333333,球 犯规 半场 皮球 得手 比分 得分 禁区 解围,禁区 解围 得分 比分 皮球 犯规 得手 球,禁区 得手 得分 球 解围 犯规 比分 半场 皮球,球 犯规 半场 皮球 得手 比分 得分 禁区 解围
1016,3,0.5305417573274624,0.20352506319334343,0.0,半岛 岛 海峡,海峡 岛 半岛,岛 海峡 半岛,半岛 岛 海峡
1017,1,,0.0,0.0,半边天,半边天,半边天,半边天
1018,3,0.4989329876565851,0.07426830480322999,0.0,走弯路 碰钉子 半途而废,碰钉子 半途而废 走弯路,半途而废 碰钉子 走弯路,走弯路 碰钉子 半途而废
1019,5,0.5323235927076698,0.21848778191876378,0.0,华人 华裔 华侨 外籍 同胞,同胞 外籍 华侨 华人 华裔,华裔 华侨 华人 外籍 同胞,华人 华裔 华侨 外籍 同胞
1020,2,0.5019210969387851,0.09338487552362662,0.0,票房 华语,票房 华语,华语 票房,票房 华语
1021,6,0.4595473265373285,0.015943191410172548,0.5,整合 重组 合并 并购 融合 协同,协同 融合 并购 重组 合并 整合,重组 并购 融合 协同 合并 整合,整合 重组 合并 并购 融合 协同
1022,15,0.4647847477233817,0.010413511090473076,0.4666666666666667,签订 协议 签署 协议书 订立 合同 协定 签约 签 约定 达成 契约,定金 达成 协定 签约 谅解 签字 协议 约定,签订 协议书 签字 签 签署 签约 契约 协议 约定 谅解 定金 订立,签订 协议 签署 协议书 订立 合同 协定 签约 签 约定 达成 契约 签字 谅解 定金
1023,4,0.449872954860744,0.008225729176097207,0.5,衔接 协调 统筹 接轨,接轨 统筹 协调 衔接,协调 衔接 统筹 接轨,衔接 协调 统筹 接轨
1024,6,0.4418651493912305,0.03896056671791986,0.5,单纯 纯粹 简单 单一 纯洁 纯,纯洁 简单 单一 纯 纯粹 单纯,简单 纯粹 纯洁 纯 单纯 单一,单纯 纯粹 简单 单一 纯洁 纯
1025,4,0.4499970544698742,0.05118507848110345,0.25,机关 部门 单位 行政,行政 单位 部门 机关,机关 行政 部门 单位,机关 部门 单位 行政
1026,1,,0.0,0.0,单元,单元,单元,单元
1027,5,0.4329643470317923,-0.04011507701966934,0.6,片面 笼统 含糊 模糊 单方面,单方面 模糊 含糊 片面 笼统,笼统 模糊 单方面 片面 含糊,片面 笼统 含糊 模糊 单方面
1028,4,0.44789764334790255,0.0046716204898882415,0.5,孤零零 独自 空荡荡 单独,单独 独自 空荡荡 孤零零,孤零零 独自 空荡荡 单独,孤零零 独自 空荡荡 单独
1029,5,0.5577797127585928,0.1911262579094176,0.0,脆弱 软弱 薄弱 虚弱 单薄,单薄 虚弱 薄弱 软弱 脆弱,软弱 虚弱 单薄 脆弱 薄弱,脆弱 软弱 薄弱 虚弱 单薄
1030,5,0.4182556400931233,-0.069551611533476,0.8,双边 多边 经贸 单边 经济,经济 单边 经贸 多边 双边,经贸 单边 双边 多边 经济,双边 多边 经贸 单边 经济
1031,1,,0.0,0.0,南方,南方,南方,南方
1032,35,0.5297706942848186,0.14074530240113173,0.11428571428571428,红薯 西红柿 黄瓜 茄子 南瓜 西瓜 香蕉 辣椒 柿子 白菜 花生 核桃,蜂蜜 葱 茶叶 鸡蛋 大米 蒜 虾 蔬菜,莲子 瓜 枣 桃 梨 花生 芝麻 香蕉 柿子 葡萄 红薯 蔬菜,红薯 西红柿 黄瓜 茄子 南瓜 西瓜 香蕉 辣椒 柿子 白菜 花生 核桃 萝卜 土豆 番茄 水果 蔬菜 梨 葡萄 蘑菇 蒜 椰子 瓜 枣 莲子 蜂蜜 鸡蛋 葱 豆子 桃 茶叶 虾 橘子 大米 芝麻
1033,8,0.4412943988900757,-0.022357429248729757,0.75,评论 文章 帖子 博客 留言 微博 社论 评论员,微博 评论员 博客 留言 社论 文章 评论 帖子,评论员 博客 微博 帖子 社论 文章 评论 留言,评论 文章 帖子 博客 留言 微博 社论 评论员
1034,6,0.5580028148951061,0.2243850146648555,0.0,藏品 收藏 文物 珍藏 博物馆 古董,古董 文物 珍藏 博物馆 收藏 藏品,珍藏 收藏 博物馆 文物 藏品 古董,藏品 收藏 文物 珍藏 博物馆 古董
1035,10,0.4806535700570408,0.09108242321179212,0.4,展览 展览会 博览会 展出 参展 车展 展示 峰会 论坛 陈列,陈列 峰会 论坛 展示 车展 参展 展出 展览,陈列 参展 展示 展出 论坛 展览 展览会 车展 博览会 峰会,展览 展览会 博览会 展出 参展 车展 展示 峰会 论坛 陈列
1036,4,0.6182585597808076,0.311740239124051,0.0,比重 比例 占 百分比,百分比 占 比例 比重,占 百分比 比例 比重,比重 比例 占 百分比
1037,1,,0.0,0.0,占卜,占卜,占卜,占卜
1038,2,0.5212369171269007,0.12027548708965291,0.0,磁卡 卡片,卡片 磁卡,卡片 磁卡,磁卡 卡片
1039,21,0.47339072989552755,0.018840196792337387,0.42857142857142855,轿车 车 卡车 电动车 车辆 跑车 货车 汽车 辆 摩托 私家车 客车,轮椅 车型 骑 赛车 辆 车主 电动 车辆,客车 电动 轮椅 车辆 汽车 私家车 警车 骑 电动车 跑车 辆 车,轿车 车 卡车 电动车 车辆 跑车 货车 汽车 辆 摩托 私家车 客车 警车 自行车 车型 吉普 电动 赛车 车主 骑 轮椅
1040,1,,0.0,0.0,卡通,卡通,卡通,卡通
1041,18,0.4889450973330627,0.0532861725675769,0.3333333333333333,播出 播放 转播 电视台 节目 重播 收看 广播 卫视 直播 播 电视,收视率 录制 直播 视频 电视 转播 频道 电台,收视率 重播 电视台 卫视 电台 播 收看 录制 收听 转播 频道 视频,播出 播放 转播 电视台 节目 重播 收看 广播 卫视 直播 播 电视 电台 频道 收听 录制 收视率 视频
1042,3,0.4345011971495731,-0.0008720424284347356,0.6666666666666666,印 印章 墨,墨 印章 印,印 墨 印章,印 印章 墨
1043,3,0.6033002104155782,0.34411442381342155,0.0,造纸术 印刷术 发明,发明 造纸术 印刷术,印刷术 发明 造纸术,造纸术 印刷术 发明
1044,6,0.47070717180433497,0.04756810621495844,0.3333333333333333,验证 证明 证实 印证 论证 认证,认证 论证 印证 证实 证明 验证,验证 论证 印证 证明 证实 认证,验证 证明 证实 印证 论证 认证
1045,3,0.4595623300819908,0.027614688042462032,0.3333333333333333,印象 观感 形象,形象 观感 印象,观感 印象 形象,印象 观感 形象
1046,1,,0.0,0.0,即,即,即,即
1047,11,0.4928786443348995,0.10704341435968559,0.18181818181818182,能够 能 可以 难以 无法 才能 得以 能否 足以 可 即可,即可 难以 能否 足以 得以 可 无法 才能,可 得以 无法 可以 能够 能否 足以 即可 能 才能 难以,能够 能 可以 难以 无法 才能 得以 能否 足以 可 即可
1048,4,0.4728492917900839,0.012517070499932961,0.25,芽 茎 卵 蜜,蜜 茎 芽 卵,卵 蜜 茎 芽,芽 茎 卵 蜜
1049,1,,0.0,0.0,卷,卷,卷,卷
1050,7,0.44482509467918874,0.06013798581442755,0.2857142857142857,陷入 陷 泥潭 处在 处于 卷入 旋涡,处于 旋涡 泥潭 卷入 处在 陷 陷入,陷 处于 处在 旋涡 泥潭 陷入 卷入,陷入 陷 泥潭 处在 处于 卷入 旋涡
1051,7,0.4763874917506922,0.06958897528655492,0.2857142857142857,捡 拣 拾 摘 收拾 卸 啃,啃 卸 收拾 摘 拣 拾 捡,卸 啃 摘 拾 拣 捡 收拾,捡 拣 拾 摘 收拾 卸 啃
1052,3,0.5597154307007554,0.18460511235786833,0.0,厅 大厅 室,大厅 室 厅,厅 室 大厅,厅 大厅 室
1053,2,0.5564803240451734,0.2665841083786521,0.0,届 历届,届 历届,届 历届,届 历届
1054,5,0.456178621554042,0.06295023590929243,0.2,进程 进展 进度 过程 历程,历程 过程 进展 进度 进程,历程 进展 进度 进程 过程,进程 进展 进度 过程 历程
1055,11,0.4449606084762559,-0.045361723403516345,0.5454545454545454,风风雨雨 磨难 历经 风雨 经历 沧桑 岁月 经受 波折 经过 容颜,经过 容颜 波折 经受 岁月 风雨 沧桑 历经,历经 岁月 容颜 经过 波折 风雨 磨难 经受 经历 风风雨雨 沧桑,风风雨雨 磨难 历经 风雨 经历 沧桑 岁月 经受 波折 经过 容颜
1056,2,0.5579073967386083,0.1944261217181401,0.0,抛 压,抛 压,压 抛,抛 压
1057,11,0.42743206643485376,-0.03674120767874386,0.6363636363636364,获胜 战胜 取胜 打败 胜出 压倒 胜利 胜负 打倒 征服 脱颖而出,脱颖而出 胜利 打倒 征服 胜出 胜负 打败 取胜,获胜 征服 取胜 打败 压倒 脱颖而出 打倒 战胜 胜利 胜出 胜负,获胜 战胜 取胜 打败 胜出 压倒 胜利 胜负 打倒 征服 脱颖而出
1058,4,0.5438192646177807,0.1833129386737223,0.0,阻力 压力 支撑 压制,支撑 压制 压力 阻力,压力 压制 支撑 阻力,阻力 压力 支撑 压制
1059,4,0.42967002510399005,0.06196054702613346,0.25,压缩 精简 简化 挤压,挤压 简化 精简 压缩,简化 压缩 挤压 精简,压缩 精简 简化 挤压
1060,5,0.5567566259206149,0.21323087809828398,0.0,厘米 尺 米 寸 毫米,米 毫米 寸 尺 厘米,寸 尺 米 毫米 厘米,厘米 尺 米 寸 毫米
1061,2,0.7124598746727666,0.49037430552136185,0.0,厚 薄,厚 薄,厚 薄,厚 薄
1062,1,,0.0,0.0,原地,原地,原地,原地
1063,1,,0.0,0.0,原型,原型,原型,原型
1064,1,,0.0,0.0,原始,原始,原始,原始
1065,17,0.5128880786060287,0.04072335156480547,0.4117647058823529,味道 味儿 香味 风味 醇厚 浓郁 韵味 气息 气味 滋味 芬芳 腥,原汁原味 腥 情调 风情 口味 浓郁 香 韵味,情调 气味 气息 原汁原味 韵味 浓郁 醇厚 香味 风味 香 风情 腥,味道 味儿 香味 风味 醇厚 浓郁 韵味 气息 气味 滋味 芬芳 腥 香 口味 情调 风情 原汁原味
1066,4,0.4781694512253704,0.0525959817712436,0.5,原理 理论 概论 规律,概论 规律 理论 原理,规律 原理 理论 概论,原理 理论 概论 规律
1067,5,0.43400346739889917,0.026393756616573387,0.6,手艺 厨师 木匠 料理 祖传,料理 祖传 厨师 木匠 手艺,祖传 厨师 料理 木匠 手艺,手艺 厨师 木匠 料理 祖传
1068,2,0.835745689291679,0.7064693969555845,0.0,逝世 去世,去世 逝世,逝世 去世,逝世 去世
1069,2,0.5229594985195598,0.12253183132804382,0.0,归宿 去处,归宿 去处,去处 归宿,归宿 去处
1070,1,,0.0,0.0,参军,参军,参军,参军
1071,4,0.5528553831368449,0.27676227803566555,0.0,简介 概况 目录 参见,参见 概况 目录 简介,简介 概况 参见 目录,简介 概况 目录 参见
1072,8,0.5155500427164255,0.11084796468014496,0.25,参观 考察 视察 实地 察看 观摩 调研 观看,观看 调研 察看 参观 视察 考察 观摩 实地,参观 实地 察看 考察 观摩 观看 视察 调研,参观 考察 视察 实地 察看 观摩 调研 观看
1073,3,0.497906139871601,0.06454794572741795,0.3333333333333333,拐 叉 掉头,叉 掉头 拐,掉头 叉 拐,拐 叉 掉头
1074,1,,0.0,0.0,双,双,双,双
1075,1,,0.0,0.0,双向,双向,双向,双向
1076,1,,0.0,0.0,双重,双重,双重,双重
1077,1,,0.0,0.0,反,反,反,反
1078,7,0.5250983318989328,0.14102548142030358,0.14285714285714285,进攻 反击 攻击 防守 攻 战术 牵制,战术 牵制 防守 反击 攻击 攻 进攻,牵制 攻 进攻 攻击 防守 反击 战术,进攻 反击 攻击 防守 攻 战术 牵制
1079,3,0.4921068102628663,0.10301444805528694,0.0,反复 重复 翻来覆去,翻来覆去 重复 反复,重复 翻来覆去 反复,反复 重复 翻来覆去
1080,5,0.5740057512357978,0.2209283023280979,0.0,赞成 赞同 反对 同意 拥护,拥护 反对 同意 赞同 赞成,赞同 赞成 同意 拥护 反对,赞成 赞同 反对 同意 拥护
1081,13,0.5246060059357011,0.10485066007707927,0.23076923076923078,奇怪 奇特 怪异 古怪 奇妙 新奇 有趣 神奇 离奇 稀奇 神秘 有意思,有意思 新奇 反常 有趣 稀奇 奇怪 神秘 奇特,古怪 稀奇 新奇 有意思 离奇 反常 有趣 奇妙 怪异 奇怪 奇特 神奇,奇怪 奇特 怪异 古怪 奇妙 新奇 有趣 神奇 离奇 稀奇 神秘 有意思 反常
1082,12,0.48705965655089606,-0.0035123837610342573,0.5,思索 思考 琢磨 深思 反思 揣摩 沉思 盘算 反省 推敲 胡思乱想 算计,盘算 胡思乱想 算计 推敲 反省 沉思 揣摩 深思,思索 胡思乱想 沉思 揣摩 盘算 思考 推敲 反思 算计 反省 深思 琢磨,思索 思考 琢磨 深思 反思 揣摩 沉思 盘算 反省 推敲 胡思乱想 算计
1083,9,0.5105741722114563,0.07009567189284303,0.1111111111111111,抗争 英勇 奋勇 搏斗 顽强 反抗 奋力 斗争 挣扎,英勇 斗争 反抗 挣扎 搏斗 奋力 抗争 顽强,斗争 顽强 反抗 英勇 挣扎 奋勇 奋力 搏斗 抗争,抗争 英勇 奋勇 搏斗 顽强 反抗 奋力 斗争 挣扎
1084,1,,0.0,0.0,反过来,反过来,反过来,反过来
1085,6,0.407175678518614,-0.05262241066932488,0.6666666666666666,报答 回馈 回报 恩惠 恩人 反馈,恩惠 反馈 恩人 回报 报答 回馈,回馈 报答 反馈 回报 恩惠 恩人,报答 回馈 回报 恩惠 恩人 反馈
1086,1,,0.0,0.0,发,发,发,发
1087,2,0.6331487920478422,0.32438974013195354,0.0,发光 荧光,发光 荧光,发光 荧光,发光 荧光
1088,4,0.46544728983771994,0.06756909101115591,0.5,接到 收到 发出 接,发出 接 收到 接到,接 收到 发出 接到,接到 收到 发出 接
1089,5,0.3964573073557292,-0.06011463933475354,0.8,发射 射 投射 火箭 折射,火箭 折射 发射 射 投射,射 发射 折射 火箭 投射,发射 射 投射 火箭 折射
1090,5,0.45224568535953874,0.02791833089083186,0.4,培育 壮大 培养 孵化 发展,发展 孵化 壮大 培养 培育,培育 培养 发展 壮大 孵化,培育 壮大 培养 孵化 发展
1091,2,0.570258637950749,0.22220742323219692,0.0,新闻 发布会,新闻 发布会,发布会 新闻,新闻 发布会
1092,3,0.5358242137571984,0.18413457703823002,0.3333333333333333,挖掘 发掘 挖,挖 发掘 挖掘,挖 挖掘 发掘,挖掘 发掘 挖
1093,3,0.5857469602375169,0.2529423293471737,0.0,领取 申领 发放,发放 申领 领取,发放 领取 申领,领取 申领 发放
1094,5,0.5557376578811855,0.22583302347022385,0.0,起源 由来 渊源 来历 发源地,发源地 来历 起源 渊源 由来,渊源 由来 发源地 来历 起源,起源 由来 渊源 来历 发源地
1095,4,0.46678688632987164,0.07368535943713644,0.25,查出 查明 查 发现,查 发现 查明 查出,查 发现 查出 查明,查出 查明 查 发现
1096,8,0.4531166722431201,0.03604606666084957,0.375,核能 发电 电力 能源 太阳能 电网 核电站 核,核 太阳能 电网 发电 能源 电力 核电站 核能,核能 太阳能 电力 核 电网 能源 发电 核电站,核能 发电 电力 能源 太阳能 电网 核电站 核
1097,2,0.5688551028097921,0.25447413612738673,0.0,风力 发电机,风力 发电机,风力 发电机,风力 发电机
1098,5,0.45227205865785686,0.021808095384126154,0.4,成长 生长 发育 长大 成才,生长 发育 长大 成才 成长,生长 成长 成才 发育 长大,成长 生长 发育 长大 成才
1099,4,0.42378887611563104,-0.05343819782399201,0.5,总额 金额 成交 发行,发行 成交 金额 总额,总额 成交 发行 金额,总额 金额 成交 发行
1100,8,0.46454188105973887,0.0834180241577961,0.25,演讲 发言 演说 讲话 致辞 辩论 嘉宾 辩,辩 嘉宾 辩论 致辞 讲话 发言 演说 演讲,嘉宾 演说 演讲 致辞 讲话 辩 发言 辩论,演讲 发言 演说 讲话 致辞 辩论 嘉宾 辩
1101,3,0.4319664159960673,0.007063882343648999,0.6666666666666666,宣誓 发誓 宣读,发誓 宣读 宣誓,宣誓 宣读 发誓,宣誓 发誓 宣读
1102,1,,0.0,0.0,发达,发达,发达,发达
1103,1,,0.0,0.0,发酵,发酵,发酵,发酵
1104,1,,0.0,0.0,取,取,取,取
1105,6,0.5422555156386022,0.1940722095678332,0.0,获得 取得 赢得 得到 获 收获,收获 得到 取得 赢得 获 获得,得到 收获 获 获得 赢得 取得,获得 取得 赢得 得到 获 收获
1106,1,,0.0,0.0,取经,取经,取经,取经
1107,5,0.5720230886019179,0.2218819986198247,0.0,整顿 整治 取缔 查处 清理,查处 清理 整治 取缔 整顿,取缔 清理 查处 整治 整顿,整顿 整治 取缔 查处 清理
1108,7,0.5086888663137922,0.1370274984885789,0.14285714285714285,受到 受 备受 遭到 深受 受过 被,被 遭到 受过 受 深受 备受 受到,受 备受 深受 被 受过 受到 遭到,受到 受 备受 遭到 深受 受过 被
1109,6,0.4524990976405212,0.04671673262398171,0.16666666666666666,证人 受害人 物证 证据 当事人 受害,受害 当事人 证据 物证 受害人 证人,当事人 受害人 证据 证人 受害 物证,证人 受害人 物证 证据 当事人 受害
1110,4,0.4736863249405554,0.04243991441502659,0.25,大吃一惊 惊 受惊 喜出望外,喜出望外 受惊 大吃一惊 惊,惊 喜出望外 受惊 大吃一惊,大吃一惊 惊 受惊 喜出望外
1111,18,0.48383025273727653,0.0633462928667224,0.3333333333333333,旱灾 水灾 灾害 洪水 暴雨 干旱 涝 旱 灾 灾难 受灾 地震,台风 淹 雨水 受灾 灾难 特大 海啸 风沙,洪水 海啸 旱灾 灾 旱 淹 涝 台风 地震 风沙 灾害 水灾,旱灾 水灾 灾害 洪水 暴雨 干旱 涝 旱 灾 灾难 受灾 地震 台风 海啸 风沙 淹 雨水 特大
1112,9,0.4910219523718858,0.06444556506035996,0.4444444444444444,审核 审查 审批 评审 审定 批准 验收 审 受理,受理 审 验收 审批 批准 审定 评审 审查,审 审定 审查 审批 审核 验收 批准 评审 受理,审核 审查 审批 评审 审定 批准 验收 审 受理
1113,1,,0.0,0.0,受益,受益,受益,受益
1114,15,0.44640011801344814,0.02324944906116668,0.4666666666666667,艰辛 苦难 辛酸 艰苦 苦 辛苦 艰险 酸甜苦辣 艰难 受苦 吃苦 悲欢离合,漫长 受苦 荆棘 艰险 悲欢离合 喜怒哀乐 吃苦 苦,苦难 艰辛 艰苦 艰险 艰难 漫长 酸甜苦辣 辛苦 辛酸 苦 吃苦 受苦,艰辛 苦难 辛酸 艰苦 苦 辛苦 艰险 酸甜苦辣 艰难 受苦 吃苦 悲欢离合 漫长 荆棘 喜怒哀乐
1115,6,0.46753690796782527,0.06206444493367286,0.3333333333333333,变成 变为 换成 变 成 换,换 成 变 变为 换成 变成,变 成 换 换成 变成 变为,变成 变为 换成 变 成 换
1116,4,0.5012693969796144,0.07913368395754135,0.0,磨损 变形 老化 腐蚀,腐蚀 变形 老化 磨损,磨损 腐蚀 老化 变形,磨损 变形 老化 腐蚀
1117,4,0.49025897332398766,0.05076446907519726,0.25,转换 转变 转化 变换,变换 转化 转变 转换,转换 转化 转变 变换,转换 转变 转化 变换
1118,1,,0.0,0.0,叠,叠,叠,叠
1119,2,0.5327128779265291,0.18911282742001106,0.0,口 开口,口 开口,口 开口,口 开口
1120,4,0.5444930442815695,0.20207725105796404,0.0,指令 命令 指示 口令,口令 指示 命令 指令,指令 口令 命令 指示,指令 命令 指示 口令
1121,9,0.43727623028872187,0.04464547997719086,0.3333333333333333,标语 告示 张贴 口号 海报 锦旗 启事 旗帜 对联,旗帜 对联 口号 海报 锦旗 启事 张贴 告示,旗帜 启事 海报 标语 锦旗 张贴 口号 告示 对联,标语 告示 张贴 口号 海报 锦旗 启事 旗帜 对联
1122,5,0.4578835659032821,0.05743004448580328,0.2,禁忌 忌口 忌 忌讳 口吃,口吃 忌口 禁忌 忌讳 忌,禁忌 忌讳 忌 口吃 忌口,禁忌 忌口 忌 忌讳 口吃
1123,11,0.48842962102992277,0.047554250633240674,0.45454545454545453,录音机 音响 收音机 喇叭 电铃 话筒 门铃 耳机 闹钟 录音 口哨,闹钟 门铃 录音 耳机 口哨 电铃 喇叭 音响,录音机 喇叭 门铃 耳机 闹钟 音响 口哨 话筒 录音 电铃 收音机,录音机 音响 收音机 喇叭 电铃 话筒 门铃 耳机 闹钟 录音 口哨
1124,3,0.4753689788503373,0.045789782683017706,0.0,窟窿 口子 缺口,缺口 口子 窟窿,口子 缺口 窟窿,窟窿 口子 缺口
1125,1,,0.0,0.0,口径,口径,口径,口径
1126,14,0.5230189819982113,0.12960754006847278,0.14285714285714285,神情 表情 神态 眼神 神气 笑容 语气 模样 样子 脸色 口气 笑脸,样 眼色 口气 脸色 神气 模样 样子 笑脸,样 语气 脸色 模样 眼神 口气 样子 笑脸 笑容 神态 神情 神气,神情 表情 神态 眼神 神气 笑容 语气 模样 样子 脸色 口气 笑脸 眼色 样
1127,14,0.5133823803757229,0.11512667348037242,0.14285714285714285,眼泪 泪水 泪 流泪 淌 鼻涕 哭泣 哭 呜咽 口水 汗水 鲜血,汗 哭 淌 鼻涕 呜咽 汗水 流血 口水,流血 哭 流泪 泪水 汗 泪 淌 眼泪 口水 汗水 呜咽 鲜血,眼泪 泪水 泪 流泪 淌 鼻涕 哭泣 哭 呜咽 口水 汗水 鲜血 流血 汗
1128,5,0.5126139846051595,0.06626907728173681,0.4,口袋 钱包 零钱 背包 盒子,盒子 背包 零钱 口袋 钱包,背包 盒子 钱包 口袋 零钱,口袋 钱包 零钱 背包 盒子
1129,8,0.45225370550609284,0.017330987121216467,0.375,古代 近代 现代 古典 当代 古老 现代化 古,古典 古老 现代化 古 古代 当代 近代 现代,古 古典 古代 现代 现代化 当代 古老 近代,古代 近代 现代 古典 当代 古老 现代化 古
1130,11,0.5193318054396776,0.09264448827684545,0.18181818181818182,景色 风景 美景 名胜 景点 景观 风光 古迹 风貌 景区 山川,风貌 山川 景观 景区 古迹 景点 美景 景色,美景 名胜 风光 风景 风貌 景色 景观 古迹 景区 山川 景点,景色 风景 美景 名胜 景点 景观 风光 古迹 风貌 景区 山川
1131,1,,0.0,0.0,另,另,另,另
1132,23,0.4819647068825116,0.03671317663419769,0.391304347826087,碰见 看见 遇见 见到 碰到 遇到 看到 碰上 听到 听见 遇上 见过,遭遇 想到 隐约 遇 只见 望见 听说 路过,看到 遇上 碰见 遇到 梦见 遭遇 想到 遇 听到 见 只见 路过,碰见 看见 遇见 见到 碰到 遇到 看到 碰上 听到 听见 遇上 见过 想起 望见 想到 梦见 听说 路过 见 只见 遭遇 遇 隐约
1133,8,0.4861881809383389,0.044898101500716346,0.5,名字 绰号 外号 称呼 名称 命名 叫 姓名,姓名 叫 命名 名称 名字 称呼 绰号 外号,叫 姓名 称呼 命名 外号 名称 绰号 名字,名字 绰号 外号 称呼 名称 命名 叫 姓名
1134,2,0.5627975914362772,0.16913782495140273,0.0,可乘之机 钻空子,钻空子 可乘之机,可乘之机 钻空子,可乘之机 钻空子
1135,1,,0.0,0.0,可疑,可疑,可疑,可疑
1136,5,0.46148392443139646,0.013190962328793434,0.4,奏效 见效 管用 效果 可行,效果 可行 奏效 管用 见效,奏效 效果 管用 见效 可行,奏效 见效 管用 效果 可行
1137,4,0.5431721226380076,0.16525106651361202,0.25,看出 看得出 可见 看来,看来 可见 看得出 看出,看来 看出 可见 看得出,看出 看得出 可见 看来
1138,5,0.41769415956323996,-0.021246614344344793,0.6,巨大 大 庞大 可观 小,小 可观 庞大 巨大 大,大 小 庞大 巨大 可观,巨大 大 庞大 可观 小
1139,1,,0.0,0.0,台,台,台,台
1140,1,,0.0,0.0,台阶,台阶,台阶,台阶
1141,2,0.9333816871768907,0.9006174680667554,0.0,右 左,右 左,右 左,右 左
1142,24,0.5309215289139706,0.12310388913893977,0.20833333333333334,柳树 松树 树木 柏树 桃树 槐树 棵 杨树 树枝 树叶 树梢 树林,栽 枝 茂盛 翠绿 果树 奇花异草 叶子 竹子,树荫 叶子 树木 树林 树枝 树梢 桃树 枝 树 栽 株 棵,柳树 松树 树木 柏树 桃树 槐树 棵 杨树 树枝 树叶 树梢 树林 茂密 树 果树 竹子 叶子 树荫 株 翠绿 茂盛 枝 奇花异草 栽
1143,1,,0.0,0.0,号,号,号,号
1144,4,0.4198528185870521,0.007782927078687328,0.5,生活 衣食住行 吃喝玩乐 生存,吃喝玩乐 生存 衣食住行 生活,衣食住行 生活 生存 吃喝玩乐,生活 衣食住行 吃喝玩乐 生存
1145,5,0.40885864024869784,-0.06031514886105338,0.6,各个 各 整个 各地 整体,整体 各地 整个 各个 各,各 整体 整个 各个 各地,各个 各 整个 各地 整体
1146,1,,0.0,0.0,各奔前程,各奔前程,各奔前程,各奔前程
1147,3,0.43196323628663774,-0.0019913886690349214,0.6666666666666666,自身 本身 各自,各自 本身 自身,自身 各自 本身,自身 本身 各自
1148,1,,0.0,0.0,合,合,合,合
1149,4,0.5292236227217596,0.1388358645819792,0.25,合乎 符合 违背 合情合理,合情合理 违背 符合 合乎,合情合理 合乎 符合 违背,合乎 符合 违背 合情合理
1150,1,,0.0,0.0,合伙,合伙,合伙,合伙
1151,8,0.39113347103839136,-0.07012210030132038,0.625,照片 合影 留念 拍 照 签名 张 拍戏,拍戏 张 签名 照 拍 照片 合影 留念,拍戏 张 签名 照 拍 照片 合影 留念,照片 合影 留念 拍 照 签名 张 拍戏
1152,2,0.6099354104271506,0.3204096897745554,0.0,生成 合成,生成 合成,生成 合成,生成 合成
1153,3,0.4775426572296008,0.054951311549926336,0.3333333333333333,达标 合格 考核,考核 合格 达标,考核 合格 达标,达标 合格 考核
1154,8,0.4981382156084549,0.0018118675340533519,0.625,恰当 合理 适当 合适 妥当 正确 得当 适度,适当 适度 得当 正确 合适 妥当 合理 恰当,妥当 正确 得当 恰当 合适 适当 适度 合理,恰当 合理 适当 合适 妥当 正确 得当 适度
1155,1,,0.0,0.0,吉利,吉利,吉利,吉利
1156,2,0.5615685800245146,0.22557936724361305,0.0,如意 吉祥,吉祥 如意,如意 吉祥,如意 吉祥
1157,8,0.46645819915014736,0.03292210281350902,0.375,挂 绑 悬 吊 拴 钉 悬挂 贴,贴 钉 拴 绑 吊 挂 悬挂 悬,吊 绑 拴 挂 悬 钉 贴 悬挂,挂 绑 悬 吊 拴 钉 悬挂 贴
1158,5,0.5612587043570703,0.2096952541299642,0.0,许可证 执照 许可 证书 吊销,证书 吊销 执照 许可 许可证,吊销 许可 执照 许可证 证书,许可证 执照 许可 证书 吊销
1159,1,,0.0,0.0,同人,同人,同人,同人
1160,1,,0.0,0.0,同年,同年,同年,同年
1161,1,,0.0,0.0,同期,同期,同期,同期
1162,1,,0.0,0.0,同步,同步,同步,同步
1163,2,0.6089611037665698,0.3134691169226972,0.0,同等 相等,同等 相等,同等 相等,同等 相等
1164,1,,0.0,0.0,同类,同类,同类,同类
1165,1,,0.0,0.0,名义,名义,名义,名义
1166,5,0.5027146174158901,0.11003237572578295,0.2,钱财 金钱 钱 私房钱 名利,名利 私房钱 钱财 钱 金钱,钱 私房钱 钱财 金钱 名利,钱财 金钱 钱 私房钱 名利
1167,2,0.5211354137269202,0.15965873094074787,0.0,名单 清单,名单 清单,清单 名单,名单 清单
1168,1,,0.0,0.0,名片,名片,名片,名片
1169,1,,0.0,0.0,后天,后天,后天,后天
1170,4,0.4670833064803728,0.015171513071046503,0.5,坚强 强大 后盾 坚定,坚定 后盾 强大 坚强,坚定 坚强 后盾 强大,坚强 强大 后盾 坚定
1171,9,0.49711439730815116,0.09007345234647769,0.2222222222222222,退缩 退让 退却 后退 畏缩 妥协 让步 气馁 犹豫不决,犹豫不决 气馁 后退 妥协 退却 畏缩 让步 退缩,妥协 犹豫不决 退却 畏缩 退缩 让步 气馁 退让 后退,退缩 退让 退却 后退 畏缩 妥协 让步 气馁 犹豫不决
1172,1,,0.0,0.0,后顾之忧,后顾之忧,后顾之忧,后顾之忧
1173,4,0.4849212898314274,0.08745491860676284,0.0,泻 吐 泄 吞,泄 吞 吐 泻,吐 吞 泄 泻,泻 吐 泄 吞
1174,4,0.45232845329086135,0.02520975912236833,0.5,导游 旅行社 小费 向导,向导 小费 旅行社 导游,小费 向导 导游 旅行社,导游 旅行社 小费 向导
1175,11,0.529837557752948,0.12254190434046097,0.2727272727272727,期盼 盼望 期望 渴望 期待 希望 盼 奢望 指望 向往 呼唤,向往 呼唤 指望 盼 奢望 希望 期待 期望,希望 盼望 渴望 盼 期待 期望 期盼 呼唤 向往 奢望 指望,期盼 盼望 期望 渴望 期待 希望 盼 奢望 指望 向往 呼唤
1176,4,0.5039292733771541,0.05965043770973927,0.25,憋 呛 闷 吓,闷 吓 憋 呛,吓 呛 憋 闷,憋 呛 闷 吓
1177,15,0.44245451609736947,-0.021212853803372775,0.6,恐吓 讹诈 欺骗 吓唬 敲诈 挑衅 骚扰 诽谤 骗 煽动 捣乱 威胁,捣乱 哄 阴谋 威胁 忽悠 骗 骚扰 煽动,哄 捣乱 吓唬 敲诈 威胁 欺骗 骗 讹诈 忽悠 恐吓 骚扰 挑衅,恐吓 讹诈 欺骗 吓唬 敲诈 挑衅 骚扰 诽谤 骗 煽动 捣乱 威胁 阴谋 忽悠 哄
1178,4,0.4123374916855271,-0.04479452611603072,0.75,小人 小丑 君子 滑稽,滑稽 君子 小丑 小人,滑稽 小人 小丑 君子,小人 小丑 君子 滑稽
1179,4,0.49616284849858316,0.10821366167393985,0.25,表决 投票 否决 票,票 否决 投票 表决,票 否决 投票 表决,表决 投票 否决 票
1180,3,0.4970400033831159,0.1359980486472806,0.0,推翻 颠覆 否定,否定 颠覆 推翻,否定 推翻 颠覆,推翻 颠覆 否定
1181,5,0.40496873875714884,0.0070682387228374775,0.4,含有 带有 含 成分 带,带 成分 含 带有 含有,含有 含 带 成分 带有,含有 带有 含 成分 带
1182,14,0.46363715420886803,0.012632754978150196,0.42857142857142855,蛋白质 膳食 脂肪 钙 营养 食物 富含 热量 维生素 含量 纤维 饮食,素食 纤维 热量 饮食 食物 富含 营养 水分,脂肪 含量 营养 食物 饮食 维生素 钙 水分 热量 素食 富含 膳食,蛋白质 膳食 脂肪 钙 营养 食物 富含 热量 维生素 含量 纤维 饮食 水分 素食
1183,4,0.5731093630693002,0.24811886005605172,0.25,服从 顺从 听从 屈服,屈服 听从 顺从 服从,屈服 顺从 听从 服从,服从 顺从 听从 屈服
1184,10,0.5269716701732652,0.12300539201823628,0.2,观众 影迷 歌迷 听众 球迷 粉丝 读者 网民 网友 来宾,粉丝 来宾 网民 读者 网友 球迷 观众 听众,网友 网民 读者 球迷 听众 观众 影迷 歌迷 来宾 粉丝,观众 影迷 歌迷 听众 球迷 粉丝 读者 网民 网友 来宾
1185,3,0.5530057027076015,0.14770790402408893,0.3333333333333333,启动 开启 开通,开通 开启 启动,开通 启动 开启,启动 开启 开通
1186,5,0.525132403060659,0.1241224988153776,0.2,启发 启示 鼓舞 启迪 鞭策,鞭策 鼓舞 启迪 启示 启发,启迪 启发 启示 鼓舞 鞭策,启发 启示 鼓舞 启迪 鞭策
1187,3,0.5185335388123321,0.19521236618135981,0.0,熏陶 陶冶 启蒙,启蒙 陶冶 熏陶,启蒙 熏陶 陶冶,熏陶 陶冶 启蒙
1188,1,,0.0,0.0,吸,吸,吸,吸
1189,5,0.3838470826958881,-0.0828667558389832,0.6,吸取 经验 教训 心得 吸收,吸收 心得 教训 经验 吸取,心得 吸取 经验 吸收 教训,吸取 经验 教训 心得 吸收
1190,9,0.4776908065460902,0.026326867976809172,0.5555555555555556,抽烟 吸烟 香烟 烟 戒烟 酗酒 吸毒 火柴 蜡烛,吸毒 蜡烛 火柴 酗酒 戒烟 烟 抽烟 香烟,抽烟 烟 戒烟 吸毒 吸烟 蜡烛 香烟 火柴 酗酒,抽烟 吸烟 香烟 烟 戒烟 酗酒 吸毒 火柴 蜡烛
1191,12,0.4648021727184125,-0.00012982145448665332,0.5833333333333334,瓶 罐 瓶子 水壶 袋 壶 箱 盒 吸管 易拉罐 缸 杯,缸 壶 箱 吸管 杯 袋 水壶 盒,壶 瓶子 箱 缸 罐 瓶 盒 杯 吸管 袋 水壶 易拉罐,瓶 罐 瓶子 水壶 袋 壶 箱 盒 吸管 易拉罐 缸 杯
1192,4,0.4871673268781023,0.1249095060793305,0.0,接纳 吸纳 容纳 采纳,吸纳 容纳 采纳 接纳,吸纳 采纳 容纳 接纳,接纳 吸纳 容纳 采纳
1193,1,,0.0,0.0,吻,吻,吻,吻
1194,2,0.5680562767023094,0.24460641609074485,0.0,喊 吼,喊 吼,吼 喊,喊 吼
1195,7,0.49551001901435415,0.09222373705784441,0.0,蹲 坐 站立 跪 趴 呆 站,趴 站立 呆 跪 坐 站 蹲,呆 坐 站 站立 跪 趴 蹲,蹲 坐 站立 跪 趴 呆 站
1196,5,0.38994216593760533,-0.06256661179421355,0.8,告状 说情 闹事 走后门 告,走后门 闹事 告 说情 告状,闹事 告 走后门 说情 告状,告状 说情 闹事 走后门 告
1197,2,0.5596814023525192,0.24736676692983162,0.0,诀别 告别,诀别 告别,诀别 告别,诀别 告别
1198,1,,0.0,0.0,员,员,员,员
1199,6,0.4747246090201506,0.09349909747213374,0.16666666666666666,周围 周边 沿途 沿线 附近 四周,四周 沿线 沿途 附近 周边 周围,周围 沿途 四周 周边 沿线 附近,周围 周边 沿途 沿线 附近 四周
1200,8,0.536501263818619,0.13293457087074506,0.25,庆祝 纪念日 纪念 周年 庆贺 诞辰 生日 迎接,迎接 诞辰 生日 庆贺 周年 纪念 庆祝 纪念日,周年 诞辰 庆祝 生日 纪念日 迎接 庆贺 纪念,庆祝 纪念日 纪念 周年 庆贺 诞辰 生日 迎接
1201,2,0.5308259052998605,0.19668590472932063,0.0,周旋 纠缠,纠缠 周旋,周旋 纠缠,周旋 纠缠
1202,1,,0.0,0.0,周期,周期,周期,周期
1203,10,0.5697257910243626,0.2179637669716484,0.0,香油 味精 酱油 砂糖 醋 淀粉 面粉 盐 糖 香料,糖 香料 面粉 砂糖 淀粉 醋 盐 酱油,淀粉 面粉 糖 盐 醋 香料 香油 酱油 味精 砂糖,香油 味精 酱油 砂糖 醋 淀粉 面粉 盐 糖 香料
1204,4,0.4916183990732985,0.06994935691971861,0.5,空气 氧气 呼吸 大气,呼吸 大气 氧气 空气,氧气 空气 呼吸 大气,空气 氧气 呼吸 大气
1205,9,0.4812314050652628,-0.016548486395159222,0.5555555555555556,心愿 心声 愿望 心意 心里话 遗愿 心事 诺言 呼声,诺言 遗愿 心事 心里话 呼声 心意 愿望 心愿,心里话 心意 心愿 心事 心声 呼声 遗愿 诺言 愿望,心愿 心声 愿望 心意 心里话 遗愿 心事 诺言 呼声
1206,4,0.5829336187071302,0.252041031896783,0.0,衬托 烘托 点缀 呼应,呼应 点缀 衬托 烘托,呼应 烘托 点缀 衬托,衬托 烘托 点缀 呼应
1207,1,,0.0,0.0,呼风唤雨,呼风唤雨,呼风唤雨,呼风唤雨
1208,5,0.49392779189723524,0.10571574868578867,0.2,性命 生命 命 生死 生命线,生命线 命 生死 性命 生命,命 生命线 生死 生命 性命,性命 生命 命 生死 生命线
1209,13,0.41744061347132017,-0.056901913665078976,0.6923076923076923,困境 困难 难题 难处 难关 难点 瓶颈 处境 境遇 障碍 窘迫 难度,命运 难点 难度 境遇 窘迫 障碍 处境 难题,窘迫 困境 命运 障碍 困难 处境 瓶颈 难题 难关 难处 难度 境遇,困境 困难 难题 难处 难关 难点 瓶颈 处境 境遇 障碍 窘迫 难度 命运
1210,9,0.4607873038159057,-0.0070489548882133385,0.5555555555555556,和睦 和谐 和平 和平共处 融洽 和解 团结 缓和 祥和,缓和 融洽 团结 祥和 和谐 和解 和平 和平共处,和平共处 和谐 和解 和睦 团结 和平 融洽 缓和 祥和,和睦 和谐 和平 和平共处 融洽 和解 团结 缓和 祥和
1211,2,0.5659510759376978,0.20850880355490511,0.0,和气 气,和气 气,气 和气,和气 气
1212,13,0.5089785735190298,0.04609516490162337,0.23076923076923078,疼 痒 头晕 心慌 痛 肿 胀 恶心 头疼 烦 咳 麻木,皱 头疼 头晕 咳 麻木 烦 心慌 恶心,咳 心慌 烦 疼 痒 痛 皱 胀 肿 麻木 恶心 头晕,疼 痒 头晕 心慌 痛 肿 胀 恶心 头疼 烦 咳 麻木 皱
1213,1,,0.0,0.0,咸,咸,咸,咸
1214,1,,0.0,0.0,咽喉,咽喉,咽喉,咽喉
1215,1,,0.0,0.0,品,品,品,品
1216,3,0.516451027581073,0.132109436391834,0.0,品质 质量 品位,品位 质量 品质,品位 质量 品质,品质 质量 品位
1217,1,,0.0,0.0,响应,响应,响应,响应
1218,5,0.46480509261799313,0.06027123052383439,0.4,失明 聋 视力 近视 哑,哑 视力 近视 聋 失明,哑 视力 聋 近视 失明,失明 聋 视力 近视 哑
1219,7,0.5212278058410683,0.1806812908473586,0.0,示威 罢工 抗议 游行 骚乱 怠工 哗变,哗变 怠工 骚乱 游行 抗议 罢工 示威,罢工 示威 游行 抗议 哗变 骚乱 怠工,示威 罢工 抗议 游行 骚乱 怠工 哗变
1220,6,0.4368703585174585,-0.010810732092421409,0.5,学术 哲学 治学 科学 学说 讲学,学说 讲学 科学 哲学 治学 学术,哲学 治学 学术 科学 讲学 学说,学术 哲学 治学 科学 学说 讲学
1221,3,0.5272857813406796,0.12552007236062182,0.3333333333333333,孕育 哺育 蕴藏,蕴藏 哺育 孕育,哺育 蕴藏 孕育,孕育 哺育 蕴藏
1222,8,0.5086979370612433,0.12250070077004026,0.125,车票 退票 票价 机票 售票 门票 月票 晚点,晚点 月票 售票 机票 门票 车票 票价 退票,晚点 月票 退票 票价 车票 售票 门票 机票,车票 退票 票价 机票 售票 门票 月票 晚点
1223,7,0.4436695105734741,0.010201131448779743,0.42857142857142855,商贩 商人 小贩 商贾 官吏 售货员 官,官 售货员 官吏 小贩 商人 商贾 商贩,官 商人 小贩 官吏 售货员 商贾 商贩,商贩 商人 小贩 商贾 官吏 售货员 官
1224,2,0.5159226479166918,0.18254830829947033,0.0,唯独 唯,唯独 唯,唯 唯独,唯独 唯
1225,1,,0.0,0.0,唯一,唯一,唯一,唯一
1226,5,0.5419348825890123,0.17869408871617284,0.0,粪便 尿 粪 唾液 血,血 唾液 粪便 粪 尿,尿 粪 血 唾液 粪便,粪便 尿 粪 唾液 血
1227,2,0.5215132343512471,0.22295855558221267,0.0,商务 商业,商务 商业,商务 商业,商务 商业
1228,8,0.3873656638008308,-0.09513976609722673,0.75,物品 货物 商品 物资 行李 货 道具 大宗,道具 行李 大宗 货 物资 商品 货物 物品,物品 货物 商品 行李 大宗 货 道具 物资,物品 货物 商品 物资 行李 货 道具 大宗
1229,14,0.48065733332037275,0.03729893564354586,0.42857142857142855,酒 红酒 葡萄酒 啤酒 红茶 白酒 茶 绿茶 酿造 酒水 矿泉水 酒精,酿造 茅台 酒精 矿泉水 沏 酒 酒水 绿茶,矿泉水 沏 红茶 酿造 红酒 酒精 酒水 酒 茶 葡萄酒 啤酒 茅台,酒 红酒 葡萄酒 啤酒 红茶 白酒 茶 绿茶 酿造 酒水 矿泉水 酒精 沏 茅台
1230,1,,0.0,0.0,啦啦队,啦啦队,啦啦队,啦啦队
1231,3,0.4942742481339492,0.12117923703234283,0.0,喘 喘息 缓,缓 喘 喘息,喘 缓 喘息,喘 喘息 缓
1232,13,0.4507074934568718,0.02346049967720583,0.3076923076923077,喧闹 忙碌 热闹 忙乱 熙熙攘攘 繁忙 拥挤 喧哗 欢声笑语 忙 繁华 紧张,喜庆 忙 紧张 欢声笑语 热闹 繁华 熙熙攘攘 拥挤,熙熙攘攘 紧张 忙 欢声笑语 繁华 繁忙 拥挤 喧闹 忙乱 忙碌 喧哗 热闹,喧闹 忙碌 热闹 忙乱 熙熙攘攘 繁忙 拥挤 喧哗 欢声笑语 忙 繁华 紧张 喜庆
1233,13,0.4903407955694972,0.05432260222053637,0.23076923076923078,快乐 欢乐 幸福 愉快 开心 甜蜜 快活 喜悦 欢快 美满 知足 温馨,感恩 温馨 知足 欢快 美满 快活 开心 喜悦,欢快 欢乐 幸福 快活 开心 快乐 甜蜜 美满 温馨 愉快 喜悦 知足,快乐 欢乐 幸福 愉快 开心 甜蜜 快活 喜悦 欢快 美满 知足 温馨 感恩
1234,1,,0.0,0.0,喜洋洋,喜洋洋,喜洋洋,喜洋洋
1235,9,0.5181517613521459,0.15248890870903764,0.0,礼品 礼物 送礼 请柬 贺卡 喜糖 请帖 红包 礼,贺卡 红包 请柬 礼 送礼 请帖 喜糖 礼品,礼 请帖 送礼 请柬 红包 礼物 礼品 贺卡 喜糖,礼品 礼物 送礼 请柬 贺卡 喜糖 请帖 红包 礼
1236,12,0.5132394540305631,0.005784829765788493,0.25,洒 浇 蘸 淋 撒 沾 泼 涂 抹 溅 掺 喷,涂 浇 泼 喷 沾 溅 掺 淋,喷 撒 抹 掺 溅 泼 沾 浇 洒 淋 涂 蘸,洒 浇 蘸 淋 撒 沾 泼 涂 抹 溅 掺 喷
1237,5,0.4578585146853026,0.038985112805581534,0.6,游泳池 喷泉 滑梯 池子 桑拿,池子 桑拿 滑梯 喷泉 游泳池,桑拿 滑梯 游泳池 喷泉 池子,游泳池 喷泉 滑梯 池子 桑拿
1238,10,0.4657483403566216,0.05549463046471472,0.5,灵敏 敏锐 嗅觉 触觉 直觉 敏捷 灵巧 知觉 敏感 灵活,敏感 直觉 灵活 灵巧 知觉 敏捷 敏锐 触觉,嗅觉 触觉 直觉 灵巧 灵敏 灵活 敏感 敏捷 敏锐 知觉,灵敏 敏锐 嗅觉 触觉 直觉 敏捷 灵巧 知觉 敏感 灵活
1239,3,0.5820268113857822,0.23679568610959442,0.0,狂欢节 狂欢 嘉年华,嘉年华 狂欢 狂欢节,嘉年华 狂欢节 狂欢,狂欢节 狂欢 嘉年华
1240,5,0.4647522551396507,0.06022934358749339,0.4,设备 器材 装备 器械 装置,装置 器械 装备 设备 器材,器材 器械 装置 装备 设备,设备 器材 装备 器械 装置
1241,4,0.580534170790933,0.2504977810182169,0.25,噪音 噪声 振动 音量,音量 振动 噪声 噪音,噪声 噪音 振动 音量,噪音 噪声 振动 音量
1242,1,,0.0,0.0,四面八方,四面八方,四面八方,四面八方
1243,9,0.48525009649545925,0.06946571899882709,0.3333333333333333,回忆 回味 回想 往事 记忆 难忘 回首 回顾 时光,时光 回顾 难忘 记忆 回味 回首 回想 往事,时光 往事 回首 回顾 回忆 回味 记忆 回想 难忘,回忆 回味 回想 往事 记忆 难忘 回首 回顾 时光
1244,8,0.5190894769577422,0.11501114642934132,0.375,回答 答复 解答 回复 答案 回应 答 解释,回应 解释 答 解答 答案 回复 答复 回答,答 解答 答案 答复 回应 回复 回答 解释,回答 答复 解答 回复 答案 回应 答 解释
1245,2,0.5734864045536788,0.2590231021381134,0.0,重返 回归,重返 回归,回归 重返,重返 回归
1246,7,0.5105384054413177,0.1185892802948392,0.2857142857142857,躲避 避 逃避 躲 逃 避难 回避,逃 回避 避难 躲 逃避 躲避 避,逃避 回避 逃 避 躲 躲避 避难,躲避 避 逃避 躲 逃 避难 回避
1247,1,,0.0,0.0,团,团,团,团
1248,2,0.6235277958567447,0.3113042827724547,0.0,团体 社团,团体 社团,团体 社团,团体 社团
1249,2,0.5601308174949253,0.1922445080454972,0.0,团员 成员,团员 成员,团员 成员,团员 成员
1250,2,0.5390311979911238,0.251429327675981,0.0,团聚 欢聚,欢聚 团聚,欢聚 团聚,团聚 欢聚
1251,3,0.46455837522017757,0.04321614887779535,0.0,队伍 团队 支,支 团队 队伍,支 队伍 团队,队伍 团队 支
1252,5,0.43971970653926934,-0.03129695040228529,0.6,小区 花园 社区 园 菜市场,菜市场 园 花园 社区 小区,园 菜市场 花园 小区 社区,小区 花园 社区 园 菜市场
1253,1,,0.0,0.0,园地,园地,园地,园地
1254,4,0.4823319992579651,0.09661123186084135,0.25,绿化 绿地 园林 美化,园林 美化 绿地 绿化,绿地 绿化 园林 美化,绿化 绿地 园林 美化
1255,6,0.49835715476627407,0.11757957499213449,0.0,渴 饿 困 馋 饱 累,饱 馋 累 困 渴 饿,困 累 渴 饱 饿 馋,渴 饿 困 馋 饱 累
1256,3,0.46997180176390896,0.04492789293259775,0.3333333333333333,困扰 烦恼 折磨,烦恼 折磨 困扰,困扰 折磨 烦恼,困扰 烦恼 折磨
1257,3,0.6626253693357849,0.381856173686433,0.0,围墙 墙 城墙,城墙 墙 围墙,墙 城墙 围墙,围墙 墙 城墙
1258,1,,0.0,0.0,固定,固定,固定,固定
1259,1,,0.0,0.0,国,国,国,国
1260,5,0.4201761798438698,-0.03701978666845848,0.6,土地 肥沃 土壤 国土 流转,流转 土壤 肥沃 国土 土地,流转 肥沃 国土 土壤 土地,土地 肥沃 土壤 国土 流转
1261,6,0.48552226081455707,0.07106217038490077,0.5,瑰宝 宝库 宝藏 精华 精髓 国宝,精髓 国宝 精华 宝藏 宝库 瑰宝,宝藏 瑰宝 精髓 国宝 宝库 精华,瑰宝 宝库 宝藏 精华 精髓 国宝
1262,1,,0.0,0.0,国家,国家,国家,国家
1263,4,0.5386724767784333,0.24471920431056277,0.25,国歌 国旗 国徽 奏,奏 国徽 国歌 国旗,奏 国徽 国歌 国旗,国歌 国旗 国徽 奏
1264,1,,0.0,0.0,国情,国情,国情,国情
1265,1,,0.0,0.0,国有,国有,国有,国有
1266,3,0.5192789683832947,0.17679255012039377,0.0,性别 国籍 种族,种族 国籍 性别,种族 国籍 性别,性别 国籍 种族
1267,4,0.5053051603513845,0.15910709259194103,0.25,图 图表 图片 图形,图形 图片 图表 图,图形 图 图片 图表,图 图表 图片 图形
1268,16,0.4794735990205102,0.07461884698433455,0.25,摄像 相机 镜头 摄像机 影像 拍照 摄影 照相 拍摄 图像 相片 胶片,录像 视觉 胶片 相片 图像 焦距 摄影 拍照,拍照 图像 拍摄 摄影师 摄像机 摄像 摄影 照相 录像 胶片 焦距 相片,摄像 相机 镜头 摄像机 影像 拍照 摄影 照相 拍摄 图像 相片 胶片 摄影师 焦距 录像 视觉
1269,5,0.46769715917358523,0.06437633430419405,0.4,设想 构想 蓝图 想象 图纸,图纸 想象 蓝图 构想 设想,图纸 蓝图 构想 设想 想象,设想 构想 蓝图 想象 图纸
1270,3,0.4840211940969108,0.12016085135205667,0.0,顺利 圆满 如愿以偿,如愿以偿 顺利 圆满,顺利 如愿以偿 圆满,顺利 圆满 如愿以偿
1271,8,0.533378480605254,0.14334120949467122,0.125,圆珠笔 钢笔 铅笔 毛笔 橡皮 墨水 本子 黑板,墨水 本子 黑板 橡皮 毛笔 铅笔 圆珠笔 钢笔,铅笔 本子 墨水 圆珠笔 毛笔 钢笔 橡皮 黑板,圆珠笔 钢笔 铅笔 毛笔 橡皮 墨水 本子 黑板
1272,2,0.5970671770108473,0.25124644231780313,0.0,圈子 圈,圈 圈子,圈 圈子,圈子 圈
1273,9,0.5056774863340147,0.07706691706682016,0.2222222222222222,谎话 谎言 骗人 撒谎 编造 说谎 骗子 谣言 圈套,圈套 谣言 骗子 说谎 编造 撒谎 骗人 谎话,撒谎 圈套 谎言 谎话 谣言 骗子 骗人 说谎 编造,谎话 谎言 骗人 撒谎 编造 说谎 骗子 谣言 圈套
1274,9,0.48450754541801444,0.03724683187090525,0.2222222222222222,石头 泥土 沙子 木头 泥 渣子 砖 土 金子,土 砖 木头 金子 渣子 石头 泥土 泥,土 砖 泥 金子 沙子 渣子 泥土 木头 石头,石头 泥土 沙子 木头 泥 渣子 砖 土 金子
1275,1,,0.0,0.0,在线,在线,在线,在线
1276,1,,0.0,0.0,地,地,地,地
1277,3,0.5532051741444354,0.19558606478169374,0.0,地上 地面 地下,地上 地下 地面,地面 地上 地下,地上 地面 地下
1278,8,0.5376253291795278,0.17868059088865157,0.0,饮用水 水源 自来水 饮水 地下水 污水 水 纯净水,污水 纯净水 地下水 水 自来水 饮水 水源 饮用水,纯净水 污水 水 饮用水 地下水 水源 自来水 饮水,饮用水 水源 自来水 饮水 地下水 污水 水 纯净水
1279,3,0.47530039097295945,0.0983645047043444,0.0,导航 地图 指南针,指南针 地图 导航,地图 导航 指南针,导航 地图 指南针
1280,5,0.44438815242458807,0.006590769326215562,0.4,地质 地理 地形 天文 水利,水利 天文 地形 地理 地质,地质 地形 地理 水利 天文,地质 地理 地形 天文 水利
1281,1,,0.0,0.0,地方,地方,地方,地方
1282,11,0.4587652924111522,0.028525599037236695,0.45454545454545453,状况 局面 情况 境地 状态 情形 现状 现象 形势 地步 境界,境界 现象 形势 现状 地步 局面 状态 情形,境地 现状 状态 局面 地步 状况 形势 情况 情形 现象 境界,状况 局面 情况 境地 状态 情形 现状 现象 形势 地步 境界
1283,10,0.4944941346698354,0.04643745614967992,0.3,太空 飞船 宇航员 月球 航天员 航天 嫦娥 地球 飞行 宇宙,宇宙 地球 飞行 飞船 航天 月球 航天员 嫦娥,航天 嫦娥 月球 航天员 宇宙 地球 飞行 飞船 宇航员 太空,太空 飞船 宇航员 月球 航天员 航天 嫦娥 地球 飞行 宇宙
1284,2,0.5587535290408318,0.2410325343479842,0.0,正宗 地道,正宗 地道,地道 正宗,正宗 地道
1285,3,0.48471784174251636,0.06691118162790818,0.0,次 场 趟,场 趟 次,场 次 趟,次 场 趟
1286,1,,0.0,0.0,场合,场合,场合,场合
1287,6,0.4673852070161066,0.03366341235748863,0.3333333333333333,草坪 草地 场地 空地 跑道 草,草 跑道 空地 场地 草地 草坪,空地 草地 草坪 跑道 草 场地,草坪 草地 场地 空地 跑道 草
1288,6,0.5228832757713586,0.137103105505624,0.16666666666666666,场面 情景 场景 画面 景象 情节,情节 景象 场景 画面 情景 场面,情节 场面 画面 景象 场景 情景,场面 情景 场景 画面 景象 情节
1289,3,0.562220068653197,0.24159057791553262,0.0,均衡 平衡 均匀,均匀 平衡 均衡,平衡 均匀 均衡,均衡 平衡 均匀
1290,1,,0.0,0.0,坑,坑,坑,坑
1291,1,,0.0,0.0,块,块,块,块
1292,4,0.48432895970714324,0.09855228400419716,0.0,毅然 坚决 执意 果断,执意 果断 毅然 坚决,坚决 果断 执意 毅然,毅然 坚决 执意 果断
1293,6,0.5025305488814013,0.05955659621406326,0.3333333333333333,坚固 坚实 牢固 稳固 扎实 堡垒,堡垒 扎实 牢固 坚实 稳固 坚固,稳固 坚固 坚实 扎实 堡垒 牢固,坚固 坚实 牢固 稳固 扎实 堡垒
1294,5,0.497414122105382,0.07466351074236681,0.4,守 守候 坚守 守护 守株待兔,守株待兔 守护 坚守 守候 守,坚守 守 守株待兔 守护 守候,守 守候 坚守 守护 守株待兔
1295,6,0.4895345665169014,0.06294238418861588,0.3333333333333333,坚持 秉承 本着 遵循 贯彻 持之以恒,贯彻 持之以恒 遵循 本着 秉承 坚持,秉承 本着 持之以恒 遵循 贯彻 坚持,坚持 秉承 本着 遵循 贯彻 持之以恒
1296,1,,0.0,0.0,坛,坛,坛,坛
1297,14,0.48670728446238787,0.04370343111970162,0.2857142857142857,河流 河 水库 坝 堤坝 湖 湖泊 堤 池塘 小溪 沟 流域,沟 闸 堤坝 流域 小溪 湖 池塘 河,运河 湖泊 坝 堤 流域 湖 沟 河 河流 堤坝 池塘 闸,河流 河 水库 坝 堤坝 湖 湖泊 堤 池塘 小溪 沟 流域 运河 闸
1298,2,0.5416128090976602,0.21688622830979581,0.0,陡 坡,陡 坡,坡 陡,陡 坡
1299,4,0.5701943821531004,0.22948692122437386,0.0,废物 垃圾 废品 废,废品 废 废物 垃圾,废 废物 废品 垃圾,废物 垃圾 废品 废
1300,4,0.4359701223278676,0.0005122775307883302,0.25,性能 型号 规格 性价比,性价比 型号 规格 性能,性能 性价比 型号 规格,性能 型号 规格 性价比
1301,1,,0.0,0.0,垫,垫,垫,垫
1302,4,0.4841848088665577,0.13620088858567775,0.0,排名 排行榜 排 垫底,垫底 排 排行榜 排名,排 排行榜 排名 垫底,排名 排行榜 排 垫底
1303,3,0.4880050175293041,0.060850663852469504,0.3333333333333333,塌 垮 歪,歪 垮 塌,垮 塌 歪,塌 垮 歪
1304,4,0.5158891619674145,0.10413212811472862,0.25,埋 埋藏 藏 埋没,埋没 藏 埋藏 埋,埋 埋没 埋藏 藏,埋 埋藏 藏 埋没
1305,1,,0.0,0.0,城,城,城,城
1306,8,0.47817711356844683,0.044536162204418514,0.25,讲座 培训班 座谈会 座谈 研讨 培训 夜校 沙龙,夜校 培训 沙龙 培训班 讲座 座谈会 座谈 研讨,培训 座谈会 座谈 研讨 夜校 讲座 沙龙 培训班,讲座 培训班 座谈会 座谈 研讨 培训 夜校 沙龙
1307,1,,0.0,0.0,基准,基准,基准,基准
1308,1,,0.0,0.0,基地,基地,基地,基地
1309,1,,0.0,0.0,基层,基层,基层,基层
1310,10,0.4750251624757435,0.07150901368179517,0.5,大体 大致 大体上 大概 起码 差不多 至少 顶多 基本 总体,总体 顶多 基本 至少 差不多 起码 大致 大概,基本 顶多 总体 大体上 大体 大概 大致 差不多 至少 起码,大体 大致 大体上 大概 起码 差不多 至少 顶多 基本 总体
1311,8,0.5252938327200075,0.12534977845820625,0.0,练习 训练 练 苦练 演练 锻炼 基本功 演习,演习 锻炼 基本功 苦练 训练 练 演练 练习,练 基本功 苦练 锻炼 训练 练习 演习 演练,练习 训练 练 苦练 演练 锻炼 基本功 演习
1312,1,,0.0,0.0,基金,基金,基金,基金
1313,2,0.5114507276102231,0.1844522716202462,0.0,学堂 堂,学堂 堂,堂 学堂,学堂 堂
1314,3,0.43837742647908073,-0.027516142393710166,0.6666666666666666,堆 堆砌 群,堆砌 群 堆,堆 堆砌 群,堆 堆砌 群
1315,4,0.5091093528098529,0.11778376790214237,0.0,颓废 堕落 放纵 浮躁,放纵 浮躁 颓废 堕落,颓废 浮躁 放纵 堕落,颓废 堕落 放纵 浮躁
1316,5,0.46105965301345997,0.02870132319859246,0.4,堵 拦 挤 挡 堵塞,堵塞 挡 挤 拦 堵,堵塞 堵 拦 挤 挡,堵 拦 挤 挡 堵塞
1317,2,0.501238323612847,0.12801351984580303,0.0,瓦 塔,瓦 塔,塔 瓦,瓦 塔
1318,5,0.4054238380748384,-0.061021316920535064,1.0,表格 填写 填 填充 表,填充 表格 填 填写 表,填 表 填写 填充 表格,表格 填写 填 填充 表
1319,4,0.46467837220504754,0.057881581823454334,0.5,填补 弥补 抵消 空白,抵消 空白 弥补 填补,弥补 空白 抵消 填补,填补 弥补 抵消 空白
1320,1,,0.0,0.0,增值,增值,增值,增值
1321,4,0.4684004214903274,0.04485576878809858,0.5,致富 富裕 增收 小康,富裕 增收 小康 致富,增收 小康 致富 富裕,致富 富裕 增收 小康
1322,3,0.5433962549488994,0.2109246181918026,0.0,增添 添 注入,注入 增添 添,增添 添 注入,增添 添 注入
1323,14,0.45842304468778977,0.0415769552404071,0.35714285714285715,气势 气魄 气派 壮丽 宏伟 雄伟 壮观 风范 气质 风采 宏大 风度,威风 气质 风格 风度 风采 壮丽 风范 气魄,气势 壮观 气派 威风 宏大 宏伟 风度 风格 风采 风范 壮丽 气魄,气势 气魄 气派 壮丽 宏伟 雄伟 壮观 风范 气质 风采 宏大 风度 威风 风格
1324,1,,0.0,0.0,壮胆,壮胆,壮胆,壮胆
1325,1,,0.0,0.0,壳,壳,壳,壳
1326,6,0.39094206174908075,-0.06320990328911863,0.6666666666666666,此处 此 这里 这 该 处,处 这 该 此 这里 此处,处 此 这 该 这里 此处,此处 此 这里 这 该 处
1327,2,0.6441766242949168,0.4248120093120644,0.0,处置 处理,处置 处理,处置 处理,处置 处理
1328,1,,0.0,0.0,备用,备用,备用,备用
1329,3,0.5747117955079447,0.20793721936733456,0.3333333333333333,打印 打印机 复印,复印 打印机 打印,打印机 打印 复印,打印 打印机 复印
1330,1,,0.0,0.0,复合,复合,复合,复合
1331,1,,0.0,0.0,复活,复活,复活,复活
1332,1,,0.0,0.0,夏令营,夏令营,夏令营,夏令营
1333,3,0.5426270966455637,0.2421336650337134,0.0,快递 配送 外卖,外卖 配送 快递,快递 外卖 配送,快递 配送 外卖
1334,9,0.48718045353032857,0.0919943294450914,0.3333333333333333,外形 外貌 外表 外观 长相 造型 酷似 身高 表面,身高 表面 造型 酷似 长相 外观 外表 外貌,长相 身高 酷似 外貌 外表 外观 造型 外形 表面,外形 外貌 外表 外观 长相 造型 酷似 身高 表面
1335,3,0.5675460600569492,0.25251422711919064,0.0,幸亏 多亏 庆幸,庆幸 多亏 幸亏,幸亏 庆幸 多亏,幸亏 多亏 庆幸
1336,1,,0.0,0.0,多劳多得,多劳多得,多劳多得,多劳多得
1337,1,,0.0,0.0,多年,多年,多年,多年
1338,1,,0.0,0.0,多心,多心,多心,多心
1339,5,0.45444926573525457,0.06000439793678862,0.4,方面 方方面面 多方面 领域 面面俱到,面面俱到 领域 方方面面 多方面 方面,多方面 方面 领域 面面俱到 方方面面,方面 方方面面 多方面 领域 面面俱到
1340,1,,0.0,0.0,夜,夜,夜,夜
1341,2,0.5030146216035998,0.13201344963052938,0.0,庙会 夜市,庙会 夜市,庙会 夜市,庙会 夜市
1342,1,,0.0,0.0,大众,大众,大众,大众
1343,1,,0.0,0.0,大包大揽,大包大揽,大包大揽,大包大揽
1344,2,0.5214417881809548,0.14241916904365692,0.0,大地 天地,天地 大地,大地 天地,大地 天地
1345,1,,0.0,0.0,大夫,大夫,大夫,大夫
1346,2,0.5884900136866551,0.20381406146240483,0.0,大师 泰斗,大师 泰斗,大师 泰斗,大师 泰斗
1347,6,0.5104166032450166,0.13367973115160406,0.16666666666666666,粗心大意 粗心 马虎 潦草 鲁莽 大意,鲁莽 马虎 大意 潦草 粗心 粗心大意,大意 马虎 潦草 鲁莽 粗心大意 粗心,粗心大意 粗心 马虎 潦草 鲁莽 大意
1348,1,,0.0,0.0,大有可为,大有可为,大有可为,大有可为
1349,2,0.5597555669500327,0.18910498933421865,0.0,大模大样 得意扬扬,大模大样 得意扬扬,大模大样 得意扬扬,大模大样 得意扬扬
1350,5,0.5908708561333579,0.261422059170799,0.0,富人 富翁 富豪 穷人 大款,穷人 大款 富人 富豪 富翁,穷人 大款 富翁 富人 富豪,富人 富翁 富豪 穷人 大款
1351,23,0.47695826588218565,0.02175772565072746,0.391304347826087,海岸 海面 海滩 海域 礁石 海边 沙滩 海滨 沿岸 海水 岛屿 大海,岛屿 海湾 大海 海浪 海洋 海水 滨海 岸,岸 海岸 海底 海域 海湾 海滨 海滩 海浪 海洋 海水 沙滩 水面,海岸 海面 海滩 海域 礁石 海边 沙滩 海滨 沿岸 海水 岛屿 大海 海洋 海湾 水域 海浪 岸上 陆地 海底 沿海 水面 岸 滨海
1352,2,0.5530887496992192,0.21376633671108985,0.0,大片 片,片 大片,片 大片,大片 片
1353,4,0.5338339031781537,0.2214651862469527,0.0,巨额 大笔 高额 笔,笔 高额 大笔 巨额,笔 大笔 高额 巨额,巨额 大笔 高额 笔
1354,4,0.4631307287091389,0.06850571687195142,0.25,规划 纲要 计划 大纲,计划 大纲 纲要 规划,规划 计划 大纲 纲要,规划 纲要 计划 大纲
1355,3,0.6177367894698408,0.34293163382447595,0.0,大自然 自然界 自然,自然 自然界 大自然,自然界 自然 大自然,大自然 自然界 自然
1356,2,0.5880704165466728,0.2855601323152663,0.0,大规模 大面积,大面积 大规模,大规模 大面积,大规模 大面积
1357,1,,0.0,0.0,天下,天下,天下,天下
1358,1,,0.0,0.0,天使,天使,天使,天使
1359,1,,0.0,0.0,天平,天平,天平,天平
1360,4,0.43227246960692217,-0.015887457878496464,0.5,桥梁 桥 天桥 纽带,纽带 天桥 桥 桥梁,桥梁 桥 纽带 天桥,桥梁 桥 天桥 纽带
1361,2,0.5671894385869092,0.2388618225579689,0.0,无线 天线,无线 天线,无线 天线,无线 天线
1362,2,0.5329090176879252,0.17976028058518428,0.0,天经地义 无可厚非,天经地义 无可厚非,无可厚非 天经地义,天经地义 无可厚非
1363,7,0.44958247931566975,0.018642522695691544,0.42857142857142855,福气 好运 运气 缘分 幸运 福 天长地久,福 天长地久 幸运 缘分 好运 运气 福气,运气 福 天长地久 缘分 福气 幸运 好运,福气 好运 运气 缘分 幸运 福 天长地久
1364,2,0.5086722061089957,0.16716714129054408,0.0,太平 平安,平安 太平,太平 平安,太平 平安
1365,3,0.6365487429717278,0.35717997927137835,0.0,太极拳 太极 拳,拳 太极 太极拳,拳 太极拳 太极,太极拳 太极 拳
1366,6,0.43238797562660347,0.02903383714687231,0.5,失业 就业 失业率 求职 失恋 无家可归,无家可归 失恋 求职 就业 失业率 失业,无家可归 就业 求职 失业率 失恋 失业,失业 就业 失业率 求职 失恋 无家可归
1367,4,0.540928694545655,0.16667647295163296,0.0,失败 失利 挫折 败,败 挫折 失利 失败,挫折 失败 败 失利,失败 失利 挫折 败
1368,1,,0.0,0.0,头,头,头,头
1369,1,,0.0,0.0,头号,头号,头号,头号
1370,4,0.4764696951995557,0.027039337353945397,0.25,绘声绘色 滔滔不绝 头头是道 有声有色,滔滔不绝 头头是道 有声有色 绘声绘色,有声有色 绘声绘色 头头是道 滔滔不绝,绘声绘色 滔滔不绝 头头是道 有声有色
1371,1,,0.0,0.0,头条,头条,头条,头条
1372,5,0.5132599979068483,0.11361388307432996,0.2,脑筋 脑子 头脑 心眼儿 心肠,心肠 心眼儿 头脑 脑子 脑筋,心眼儿 头脑 心肠 脑子 脑筋,脑筋 脑子 头脑 心眼儿 心肠
1373,1,,0.0,0.0,头部,头部,头部,头部
1374,7,0.44410492321201744,0.0026982107761480928,0.42857142857142855,过分 过于 过度 夸大 夸张 过早 虚构,虚构 过早 夸大 夸张 过度 过于 过分,虚构 夸张 夸大 过度 过分 过于 过早,过分 过于 过度 夸大 夸张 过早 虚构
1375,8,0.47586741137849653,-0.01975010466068139,0.625,粘 黏 裹 糊 缠 夹 绷 稠,稠 绷 裹 缠 夹 糊 黏 粘,夹 稠 粘 糊 缠 绷 黏 裹,粘 黏 裹 糊 缠 夹 绷 稠
1376,3,0.43599328346385446,0.03313054598250933,0.3333333333333333,奉献 献 敬业,敬业 献 奉献,献 敬业 奉献,奉献 献 敬业
1377,4,0.5965601229272549,0.2896405200123878,0.0,机遇 契机 机会 时机,机会 时机 契机 机遇,时机 机会 契机 机遇,机遇 契机 机会 时机
1378,3,0.5013708490283836,0.05181716690770646,0.3333333333333333,窜 奔 溜,溜 奔 窜,奔 窜 溜,窜 奔 溜
1379,7,0.4155346292054347,-0.01856610576752194,0.5714285714285714,奔跑 追赶 追逐 追 赶 赛跑 行走,行走 赶 赛跑 追 追赶 奔跑 追逐,追逐 追赶 赶 追 赛跑 奔跑 行走,奔跑 追赶 追逐 追 赶 赛跑 行走
1380,6,0.4987654905497571,0.061883384669347404,0.16666666666666666,补助 补贴 奖励 抚恤 扶持 补偿,扶持 奖励 抚恤 补偿 补贴 补助,补偿 补助 补贴 奖励 抚恤 扶持,补助 补贴 奖励 抚恤 扶持 补偿
1381,12,0.5120793123843288,0.04012330805072362,0.25,工资 薪水 生活费 退休金 奖金 学费 津贴 房租 零花钱 报酬 年薪 奖学金,房租 退休金 零花钱 津贴 报酬 年薪 奖学金 学费,年薪 退休金 工资 零花钱 房租 奖金 薪水 津贴 生活费 报酬 奖学金 学费,工资 薪水 生活费 退休金 奖金 学费 津贴 房租 零花钱 报酬 年薪 奖学金
1382,1,,0.0,0.0,套,套,套,套
1383,3,0.4481044090705104,0.06844572467090708,0.3333333333333333,开创 首创 奠定,奠定 首创 开创,开创 奠定 首创,开创 首创 奠定
1384,5,0.45874552485686537,0.06544165741559224,0.2,豪华 尊贵 高档 奢侈 贵宾,贵宾 高档 奢侈 尊贵 豪华,豪华 贵宾 尊贵 奢侈 高档,豪华 尊贵 高档 奢侈 贵宾
1385,10,0.4999827666348387,0.09420051213291772,0.2,诀窍 秘诀 窍门 绝招 技巧 绝技 秘方 要领 奥秘 高手,高手 奥秘 秘方 绝技 要领 技巧 绝招 窍门,绝技 绝招 诀窍 技巧 窍门 高手 秘方 秘诀 奥秘 要领,诀窍 秘诀 窍门 绝招 技巧 绝技 秘方 要领 奥秘 高手
1386,23,0.4727136682038614,0.03448284374586063,0.30434782608695654,女生 男人 男生 女孩儿 女人 少女 男士 女子 男孩儿 女性 美女 男,小朋友 妇女 胖子 美人 男人 女人 异性 少女,胖子 女 小朋友 男 帅哥 异性 男生 美人 男性 妇女 男士 男女,女生 男人 男生 女孩儿 女人 少女 男士 女子 男孩儿 女性 美女 男 女 男性 小伙子 帅哥 男子 男女 妇女 胖子 异性 美人 小朋友
1387,4,0.5371685796759859,0.18717081457593845,0.0,好心 好心人 热心 好人,好人 热心 好心 好心人,热心 好心人 好人 好心,好心 好心人 热心 好人
1388,7,0.5790244090320711,0.2701470954682086,0.0,眼下 当下 当前 目前 现在 如今 当今,现在 目前 如今 当今 当前 当下 眼下,现在 当下 当今 当前 目前 眼下 如今,眼下 当下 当前 目前 现在 如今 当今
1389,5,0.6066902130378138,0.32857073264583725,0.0,这么 这样 如此 那么 那样,那样 那么 如此 这样 这么,如此 那样 那么 这样 这么,这么 这样 如此 那么 那样
1390,2,0.5321990462210964,0.16690577691958255,0.0,妙 巧,妙 巧,妙 巧,妙 巧
1391,1,,0.0,0.0,妥,妥,妥,妥
1392,7,0.45081460895683406,0.013318976742806216,0.42857142857142855,平稳 稳健 稳妥 稳定 稳 有序 妥善,妥善 稳定 有序 稳 稳健 稳妥 平稳,稳健 稳定 稳妥 平稳 妥善 稳 有序,平稳 稳健 稳妥 稳定 稳 有序 妥善
1393,2,0.707804915337103,0.4978761843022642,0.0,姓 姓氏,姓氏 姓,姓 姓氏,姓 姓氏
1394,3,0.4570312238549253,0.05886344863140208,0.3333333333333333,小组 组 委员会,委员会 组 小组,组 小组 委员会,小组 组 委员会
1395,1,,0.0,0.0,威力,威力,威力,威力
1396,8,0.4574557585777616,0.06574874743746895,0.25,婴儿 宝宝 胎儿 孕妇 怀孕 娃娃 宝贝 生育,宝贝 生育 娃娃 宝宝 怀孕 胎儿 婴儿 孕妇,生育 宝贝 婴儿 娃娃 孕妇 胎儿 怀孕 宝宝,婴儿 宝宝 胎儿 孕妇 怀孕 娃娃 宝贝 生育
1397,4,0.4043572225936796,-0.0562074703571894,0.75,消遣 娱乐 文娱 打发,文娱 打发 娱乐 消遣,娱乐 消遣 打发 文娱,消遣 娱乐 文娱 打发
1398,2,0.5603368216102993,0.1774584514890341,0.0,媒体 舆论,舆论 媒体,媒体 舆论,媒体 舆论
1399,2,0.5057097197454148,0.09116250065500171,0.0,嫌 嫌疑,嫌疑 嫌,嫌疑 嫌,嫌 嫌疑
1400,1,,0.0,0.0,子,子,子,子
1401,8,0.5213604671800861,0.14659672775403498,0.0,子弹 枪 炸药 炸弹 火药 手枪 弹 炮,炮 炸弹 枪 火药 弹 手枪 子弹 炸药,子弹 弹 炮 枪 火药 炸药 炸弹 手枪,子弹 枪 炸药 炸弹 火药 手枪 弹 炮
1402,6,0.569450413739056,0.26043878786860997,0.0,词典 辞典 字典 百科全书 手册 教科书,手册 教科书 字典 百科全书 辞典 词典,词典 辞典 教科书 百科全书 手册 字典,词典 辞典 字典 百科全书 手册 教科书
1403,2,0.5454125278811703,0.17954976481506563,0.0,字幕 对白,对白 字幕,对白 字幕,字幕 对白
1404,2,0.5180328666421853,0.23684604497917597,0.0,存在 存,存 存在,存 存在,存在 存
1405,2,0.5658415454914263,0.24168969323618544,0.0,季度 季,季度 季,季 季度,季度 季
1406,1,,0.0,0.0,孤立,孤立,孤立,孤立
1407,5,0.4966031132381028,0.08405671675038598,0.4,学 学习 自学 学艺 教,教 学艺 自学 学习 学,学 教 学习 自学 学艺,学 学习 自学 学艺 教
1408,2,0.6009315342800998,0.2899716930218676,0.0,学分 学时,学时 学分,学时 学分,学分 学时
1409,2,0.5409795507654207,0.2242348348940364,0.0,院 学院,学院 院,院 学院,院 学院
1410,1,,0.0,0.0,孪生,孪生,孪生,孪生
1411,21,0.4609995150582904,-0.030680316634421823,0.6190476190476191,安逸 安静 安稳 宁静 清静 悠闲 平静 安宁 自在 怡然自得 无忧无虑 自由自在,自由自在 静 富足 舒服 安心 自在 潇洒 心安理得,悠闲 安静 安逸 宁静 舒服 寂静 无忧无虑 静 安心 安宁 安定 平静,安逸 安静 安稳 宁静 清静 悠闲 平静 安宁 自在 怡然自得 无忧无虑 自由自在 安心 寂静 舒服 踏实 心安理得 潇洒 富足 安定 静
1412,1,,0.0,0.0,安,安,安,安
1413,1,,0.0,0.0,安全,安全,安全,安全
1414,3,0.47626485710635164,0.10896988829585648,0.0,疏导 疏散 安抚,安抚 疏散 疏导,疏导 疏散 安抚,疏导 疏散 安抚
1415,3,0.43311076459927955,-0.07642252054039865,0.6666666666666666,布置 安排 摆设,摆设 安排 布置,安排 摆设 布置,布置 安排 摆设
1416,1,,0.0,0.0,安检,安检,安检,安检
1417,5,0.4883329284345022,0.060799784479240185,0.4,拆迁 拆除 搬迁 拆 安置,搬迁 安置 拆 拆除 拆迁,拆 安置 搬迁 拆迁 拆除,拆迁 拆除 搬迁 拆 安置
1418,4,0.5129885261153987,0.14324960006262874,0.0,安装 组装 调试 改装,改装 调试 组装 安装,调试 安装 组装 改装,安装 组装 调试 改装
1419,2,0.5308268541713739,0.22180468879830018,0.0,完好 完整,完整 完好,完整 完好,完好 完整
1420,2,0.5671020412700833,0.19369572459179468,0.0,完成 实现,实现 完成,实现 完成,完成 实现
1421,4,0.44823920479086193,-0.035113078373707224,0.75,精妙 精彩 完美 高明,高明 精彩 完美 精妙,完美 高明 精彩 精妙,精妙 精彩 完美 高明
1422,2,0.6829251862298392,0.4655657746842969,0.0,微观 宏观,微观 宏观,微观 宏观,微观 宏观
1423,1,,0.0,0.0,宗,宗,宗,宗
1424,2,0.5029270403138021,0.11372915238267886,0.0,官员 高层,官员 高层,官员 高层,官员 高层
1425,1,,0.0,0.0,官方,官方,官方,官方
1426,2,0.5026973886327708,0.07503057093383653,0.0,定位 错位,错位 定位,错位 定位,定位 错位
1427,1,,0.0,0.0,定做,定做,定做,定做
1428,1,,0.0,0.0,定向,定向,定向,定向
1429,1,,0.0,0.0,定心丸,定心丸,定心丸,定心丸
1430,3,0.4750244694889177,0.03744689250007885,0.3333333333333333,结论 定论 得出,得出 定论 结论,得出 结论 定论,结论 定论 得出
1431,1,,0.0,0.0,宝,宝,宝,宝
1432,1,,0.0,0.0,实习,实习,实习,实习
1433,1,,0.0,0.0,实体,实体,实体,实体
1434,1,,0.0,0.0,实况,实况,实况,实况
1435,5,0.4392802037449238,0.03289274581852121,0.0,能力 实力 本领 技能 软实力,实力 技能 本领 软实力 能力,技能 实力 能力 软实力 本领,能力 实力 本领 技能 软实力
1436,8,0.5311032913259607,0.16767117019234776,0.125,实行 实施 推行 施行 试行 开展 采取 推进,推进 开展 采取 施行 试行 实施 实行 推行,实施 开展 试行 采取 施行 推进 推行 实行,实行 实施 推行 施行 试行 开展 采取 推进
1437,1,,0.0,0.0,实物,实物,实物,实物
1438,6,0.4405758908155169,0.005218854575131442,0.3333333333333333,有用 有益 益处 用处 有害 实用,实用 有害 益处 用处 有用 有益,实用 用处 有益 有用 有害 益处,有用 有益 益处 用处 有害 实用
1439,3,0.6679886957557636,0.42401463626464464,0.0,实话 实话实说 说老实话,说老实话 实话 实话实说,实话实说 说老实话 实话,实话 实话实说 说老实话
1440,4,0.5108385680803836,0.17266211957142513,0.25,探索 摸索 尝试 实践,实践 尝试 摸索 探索,尝试 探索 摸索 实践,探索 摸索 尝试 实践
1441,1,,0.0,0.0,实际,实际,实际,实际
1442,6,0.47463948533277633,0.06503438918852099,0.3333333333333333,试验 实验 测试 试 试用 实验室,试用 实验室 试 实验 测试 试验,测试 试验 试 实验室 试用 实验,试验 实验 测试 试 试用 实验室
1443,2,0.6059694320414943,0.30021923547296414,0.0,宠 宠爱,宠爱 宠,宠 宠爱,宠 宠爱
1444,8,0.4752652719100682,0.03767881895105585,0.375,眼光 目光 视野 视线 视角 审视 注视 看待,审视 注视 看待 视线 视野 视角 目光 眼光,注视 看待 审视 视线 目光 眼光 视角 视野,眼光 目光 视野 视线 视角 审视 注视 看待
1445,8,0.5349809802024698,0.17223913074016856,0.125,顾客 游客 客人 旅客 消费者 客户 用户 游人,消费者 游人 用户 旅客 客人 游客 客户 顾客,消费者 游客 游人 旅客 用户 客人 客户 顾客,顾客 游客 客人 旅客 消费者 客户 用户 游人
1446,11,0.5006656293903655,0.02661477113221705,0.36363636363636365,飞机 客机 航班 降落 起飞 直升机 机场 登机 机舱 航空 架,机舱 登机 航空 架 直升机 机场 起飞 航班,机场 直升机 起飞 架 航空 航班 飞机 降落 客机 机舱 登机,飞机 客机 航班 降落 起飞 直升机 机场 登机 机舱 航空 架
1447,2,0.5074232706977388,0.12248483341429932,0.0,客流 流量,流量 客流,流量 客流,客流 流量
1448,9,0.4954660192674919,0.008066632026590189,0.4444444444444444,海运 航运 货运 运输 集装箱 港口 客运 物流 航海,港口 航海 物流 客运 运输 货运 集装箱 航运,客运 物流 集装箱 航海 运输 航运 港口 海运 货运,海运 航运 货运 运输 集装箱 港口 客运 物流 航海
1449,2,0.5195535310924582,0.14828494612305437,0.0,宣告 正式,正式 宣告,宣告 正式,宣告 正式
1450,9,0.5288347948484508,0.11672416639316048,0.1111111111111111,宫殿 寺庙 庙 教堂 皇宫 清真寺 寺 宫 殿堂,寺 皇宫 殿堂 庙 教堂 寺庙 宫 清真寺,宫 寺 庙 殿堂 皇宫 清真寺 寺庙 宫殿 教堂,宫殿 寺庙 庙 教堂 皇宫 清真寺 寺 宫 殿堂
1451,4,0.5500677016576697,0.16809827731314392,0.25,皇室 贵族 宫廷 家族,家族 贵族 宫廷 皇室,皇室 贵族 家族 宫廷,皇室 贵族 宫廷 家族
1452,1,,0.0,0.0,宰,宰,宰,宰
1453,2,0.6343765187382915,0.3319430578094277,0.0,害 祸害,祸害 害,祸害 害,害 祸害
1454,1,,0.0,0.0,家,家,家,家
1455,3,0.6124349623848201,0.319255363191342,0.0,家乡 故乡 祖国,祖国 故乡 家乡,祖国 故乡 家乡,家乡 故乡 祖国
1456,6,0.42489133917169114,-0.021548559400690476,0.5,家具 文具 用品 玩具 木材 装修,装修 木材 玩具 用品 文具 家具,用品 玩具 装修 家具 文具 木材,家具 文具 用品 玩具 木材 装修
1457,3,0.4825610636541982,0.0851483278487577,0.3333333333333333,深入人心 家喻户晓 根深蒂固,根深蒂固 家喻户晓 深入人心,深入人心 根深蒂固 家喻户晓,深入人心 家喻户晓 根深蒂固
1458,1,,0.0,0.0,家园,家园,家园,家园
1459,2,0.5208580494309698,0.15978772070888503,0.0,民用 家用,民用 家用,民用 家用,民用 家用
1460,13,0.5091910872811994,0.10306503124017767,0.3076923076923077,宽阔 宽广 开阔 狭窄 宽敞 广阔 窄 狭小 平坦 辽阔 宽 阔,宽 心胸 广阔 窄 平坦 宽敞 阔 狭小,开阔 宽 窄 宽广 宽敞 辽阔 阔 宽阔 广阔 心胸 狭窄 平坦,宽阔 宽广 开阔 狭窄 宽敞 广阔 窄 狭小 平坦 辽阔 宽 阔 心胸
1461,7,0.4228559915512063,-0.028414895904450874,0.5714285714285714,紧缩 紧 收缩 宽松 缩 膨胀 松,松 膨胀 收缩 宽松 缩 紧 紧缩,紧 缩 松 收缩 膨胀 宽松 紧缩,紧缩 紧 收缩 宽松 缩 膨胀 松
1462,3,0.546648624711255,0.17794206294062756,0.0,范围 范畴 宽泛,宽泛 范围 范畴,宽泛 范畴 范围,范围 范畴 宽泛
1463,1,,0.0,0.0,寄托,寄托,寄托,寄托
1464,1,,0.0,0.0,密,密,密,密
1465,7,0.43350814598252035,-0.02310521058932528,0.5714285714285714,密不可分 必不可少 息息相关 离不开 相辅相成 少不了 无关,无关 少不了 相辅相成 息息相关 必不可少 密不可分 离不开,必不可少 息息相关 无关 少不了 相辅相成 离不开 密不可分,密不可分 必不可少 息息相关 离不开 相辅相成 少不了 无关
1466,4,0.5126699649034718,0.12972325325226555,0.0,密切 联系 紧密 联络,联络 联系 紧密 密切,密切 紧密 联络 联系,密切 联系 紧密 联络
1467,3,0.4496546850876628,-0.029548068993540077,0.6666666666666666,阀门 水龙头 密封,密封 水龙头 阀门,密封 水龙头 阀门,阀门 水龙头 密封
1468,2,0.5629681539316229,0.2196464029223621,0.0,密集 稠密,稠密 密集,稠密 密集,密集 稠密
1469,1,,0.0,0.0,富,富,富,富
1470,5,0.41712597780281263,-0.030096571952531008,0.6,络绎不绝 寥寥无几 比比皆是 稀少 川流不息,川流不息 稀少 比比皆是 络绎不绝 寥寥无几,比比皆是 川流不息 稀少 寥寥无几 络绎不绝,络绎不绝 寥寥无几 比比皆是 稀少 川流不息
1471,11,0.4138544177208785,-0.033709982635076526,0.45454545454545453,对付 抵抗 抵御 应对 抵挡 抗拒 应付 面对 对待 排斥 抵触,排斥 抵触 面对 对待 应对 抵御 应付 抵抗,对付 对待 抵御 面对 抵挡 抵抗 应付 应对 抵触 抗拒 排斥,对付 抵抗 抵御 应对 抵挡 抗拒 应付 面对 对待 排斥 抵触
1472,4,0.5740280642763779,0.25049474464166815,0.0,对准 矛头 指向 瞄准,瞄准 矛头 指向 对准,对准 瞄准 矛头 指向,对准 矛头 指向 瞄准
1473,1,,0.0,0.0,对外,对外,对外,对外
1474,2,0.635909130328618,0.3842499336466027,0.0,对比 对照,对比 对照,对比 对照,对比 对照
1475,1,,0.0,0.0,对称,对称,对称,对称
1476,1,,0.0,0.0,对象,对象,对象,对象
1477,13,0.48561040847613596,0.0719559278522608,0.3076923076923077,寻找 寻觅 寻求 找到 找 寻 探求 搜寻 找出 查找 谋求 求,追求 谋求 找出 探求 查找 寻 求 搜寻,谋求 寻 追求 探求 找 求 寻找 寻求 找到 找出 搜寻 寻觅,寻找 寻觅 寻求 找到 找 寻 探求 搜寻 找出 查找 谋求 求 追求
1478,8,0.4774600440364867,0.06063900911050452,0.25,平常 普通人 寻常 常人 普通 平凡 平日 日常,普通人 日常 平日 平凡 常人 普通 寻常 平常,寻常 普通 常人 普通人 平凡 平常 日常 平日,平常 普通人 寻常 常人 普通 平凡 平日 日常
1479,2,0.5020415445908895,0.11699227281165395,0.0,导向 方向,方向 导向,导向 方向,导向 方向
1480,5,0.5225745036065301,0.12657044644009452,0.0,武器 核武器 导弹 武装 武力,导弹 武力 武装 核武器 武器,武装 核武器 武器 武力 导弹,武器 核武器 导弹 武装 武力
1481,4,0.46987094434705506,0.0351636196403091,0.5,根源 源头 源泉 导火索,导火索 源泉 源头 根源,根源 源泉 源头 导火索,根源 源头 源泉 导火索
1482,1,,0.0,0.0,寿命,寿命,寿命,寿命
1483,1,,0.0,0.0,封顶,封顶,封顶,封顶
1484,2,0.5240813513666713,0.15156444153280635,0.0,把 将,将 把,将 把,把 将
1485,1,,0.0,0.0,小卒,小卒,小卒,小卒
1486,2,0.5031590113911365,0.16580408375140682,0.0,小品 小曲,小曲 小品,小品 小曲,小品 小曲
1487,2,0.5339820948815702,0.1286665540111281,0.0,提心吊胆 小心翼翼,提心吊胆 小心翼翼,提心吊胆 小心翼翼,提心吊胆 小心翼翼
1488,3,0.5049049652886122,0.07258805351299735,0.3333333333333333,小气 爱面子 见钱眼开,见钱眼开 小气 爱面子,爱面子 见钱眼开 小气,小气 爱面子 见钱眼开
1489,2,0.530477296594916,0.1766555957440923,0.0,王 小王,王 小王,王 小王,王 小王
1490,1,,0.0,0.0,少林寺,少林寺,少林寺,少林寺
1491,2,0.6059608394967084,0.3255739388731572,0.0,适量 少量,适量 少量,少量 适量,适量 少量
1492,2,0.5318974108880059,0.17442904783034383,0.0,尝 闻,尝 闻,尝 闻,尝 闻
1493,2,0.6964469068552345,0.4479262328599489,0.0,特别 尤其,特别 尤其,尤其 特别,特别 尤其
1494,8,0.5227273714600092,0.1713215930094278,0.0,已经 早就 早已 已 终于 就 总算 才,就 才 总算 终于 早就 已 早已 已经,已经 就 已 才 总算 早已 早就 终于,已经 早就 早已 已 终于 就 总算 才
1495,2,0.696038330928732,0.47537831508241596,0.0,就近 就地,就地 就近,就地 就近,就近 就地
1496,1,,0.0,0.0,尺度,尺度,尺度,尺度
1497,1,,0.0,0.0,尽,尽,尽,尽
1498,4,0.451088976916352,0.01617751548005506,0.75,终点 起点 起跑线 尽头,尽头 起跑线 起点 终点,起跑线 尽头 终点 起点,终点 起点 起跑线 尽头
1499,5,0.4471799957258963,-0.008394175290564953,0.4,随心所欲 尽情 放肆 随时随地 理直气壮,理直气壮 尽情 放肆 随时随地 随心所欲,放肆 理直气壮 随时随地 尽情 随心所欲,随心所欲 尽情 放肆 随时随地 理直气壮
1500,4,0.5196929948762746,0.11500257927954008,0.25,结束 尾声 终结 序幕,序幕 终结 尾声 结束,尾声 序幕 结束 终结,结束 尾声 终结 序幕
1501,1,,0.0,0.0,局,局,局,局
1502,1,,0.0,0.0,局部,局部,局部,局部
1503,4,0.44699145319858796,0.007447671704585247,0.5,层次 层面 档次 角度,角度 档次 层面 层次,档次 层次 角度 层面,层次 层面 档次 角度
1504,1,,0.0,0.0,居高临下,居高临下,居高临下,居高临下
1505,1,,0.0,0.0,届时,届时,届时,届时
1506,11,0.4932634807138777,0.04599978281738064,0.36363636363636365,屏幕 键盘 显示器 按键 鼠标 电脑 笔记本 液晶 硬盘 手机 键,硬盘 键 手机 电脑 笔记本 液晶 显示器 按键,显示器 按键 键盘 硬盘 键 笔记本 鼠标 屏幕 液晶 电脑 手机,屏幕 键盘 显示器 按键 鼠标 电脑 笔记本 液晶 硬盘 手机 键
1507,3,0.4501676790714759,0.03174925494458782,0.6666666666666666,拉开 推开 展开,展开 推开 拉开,展开 推开 拉开,拉开 推开 展开
1508,2,0.7184692532859438,0.5097129328915977,0.0,属 属于,属 属于,属 属于,属 属于
1509,5,0.525744999472727,0.14483705466451696,0.0,特性 属性 特征 性质 性,特征 性 性质 特性 属性,性质 性 属性 特征 特性,特性 属性 特征 性质 性
1510,1,,0.0,0.0,山寨,山寨,山寨,山寨
1511,3,0.4638497441466085,-0.005084540931924166,0.6666666666666666,胡说 岂有此理 废话,废话 岂有此理 胡说,胡说 废话 岂有此理,胡说 岂有此理 废话
1512,3,0.518774913329005,0.17602887073155304,0.0,岩石 陨石 火山,岩石 火山 陨石,岩石 陨石 火山,岩石 陨石 火山
1513,5,0.491123948076412,0.1263446092912853,0.0,转折 转折点 转机 峰回路转 曲折,曲折 转机 峰回路转 转折点 转折,峰回路转 曲折 转折点 转机 转折,转折 转折点 转机 峰回路转 曲折
1514,6,0.4308069028381928,0.0340922662657752,0.5,崩溃 破灭 解体 灭亡 摇摇欲坠 泡沫,摇摇欲坠 泡沫 灭亡 解体 破灭 崩溃,灭亡 解体 崩溃 泡沫 破灭 摇摇欲坠,崩溃 破灭 解体 灭亡 摇摇欲坠 泡沫
1515,3,0.5801089702674515,0.23745278121341737,0.0,高峰 高峰期 巅峰,巅峰 高峰 高峰期,高峰期 巅峰 高峰,高峰 高峰期 巅峰
1516,2,0.5376567931764115,0.1758832894322319,0.0,工作 工作量,工作 工作量,工作量 工作,工作 工作量
1517,1,,0.0,0.0,工作日,工作日,工作日,工作日
1518,1,,0.0,0.0,工具,工具,工具,工具
1519,3,0.4666949584580686,0.06359532721874406,0.6666666666666666,工商界 文艺界 工商,工商 文艺界 工商界,工商界 工商 文艺界,工商界 文艺界 工商
1520,2,0.5569910715758953,0.2235474237686984,0.0,工程 项目,工程 项目,工程 项目,工程 项目
1521,1,,0.0,0.0,巨人,巨人,巨人,巨人
1522,5,0.513033915557461,0.13289586505168946,0.0,要强 弱 要好 强 差,差 弱 要好 强 要强,差 弱 强 要强 要好,要强 弱 要好 强 差
1523,1,,0.0,0.0,差额,差额,差额,差额
1524,4,0.5716150874844632,0.2372239258824902,0.0,怪不得 巴不得 恨不得 难怪,难怪 恨不得 巴不得 怪不得,巴不得 恨不得 怪不得 难怪,怪不得 巴不得 恨不得 难怪
1525,4,0.4331334701196483,-0.013600338340778036,0.5,股市 股民 炒股 市场,市场 炒股 股民 股市,股民 炒股 股市 市场,股市 股民 炒股 市场
1526,3,0.49066068635310883,0.1350389164007801,0.0,社会主义 市场经济 社会,社会 市场经济 社会主义,社会主义 市场经济 社会,社会主义 市场经济 社会
1527,1,,0.0,0.0,布,布,布,布
1528,4,0.4332050150901456,0.022547983467871388,0.5,布局 战略 策略 格局,策略 格局 战略 布局,策略 战略 布局 格局,布局 战略 策略 格局
1529,1,,0.0,0.0,帆,帆,帆,帆
1530,6,0.47703191560833474,0.07835934564057151,0.16666666666666666,救灾 应急 紧急 灾区 防汛 帐篷,帐篷 紧急 防汛 应急 灾区 救灾,防汛 应急 灾区 救灾 帐篷 紧急,救灾 应急 紧急 灾区 防汛 帐篷
1531,2,0.6077197582422362,0.34947960176327963,0.0,王国 帝国,帝国 王国,帝国 王国,王国 帝国
1532,2,0.5742672354020981,0.289454598113132,0.0,带头人 骨干,骨干 带头人,带头人 骨干,带头人 骨干
1533,1,,0.0,0.0,带路,带路,带路,带路
1534,2,0.60490510342719,0.34828390473097853,0.0,席位 席,席位 席,席 席位,席位 席
1535,1,,0.0,0.0,常态,常态,常态,常态
1536,3,0.4806469765177817,0.038820862616750745,0.3333333333333333,惯例 常理 约定俗成,常理 约定俗成 惯例,约定俗成 惯例 常理,惯例 常理 约定俗成
1537,1,,0.0,0.0,幕,幕,幕,幕
1538,4,0.4366010776177474,-0.006883322063615867,0.5,幕后 黑手 背后 杀手,杀手 背后 黑手 幕后,背后 杀手 幕后 黑手,幕后 黑手 背后 杀手
1539,7,0.49136230501241984,0.09298516379330615,0.14285714285714285,活儿 干活儿 干 忙活 能干 活 苦力,苦力 活 能干 忙活 干活儿 干 活儿,干 干活儿 活 能干 活儿 忙活 苦力,活儿 干活儿 干 忙活 能干 活 苦力
1540,1,,0.0,0.0,干戈,干戈,干戈,干戈
1541,3,0.46422355674976945,0.09314473098094476,0.0,胜 负 平,负 胜 平,平 胜 负,胜 负 平
1542,1,,0.0,0.0,平价,平价,平价,平价
1543,1,,0.0,0.0,平台,平台,平台,平台
1544,2,0.5205270984144792,0.1521214695032196,0.0,摆平 平息,摆平 平息,摆平 平息,摆平 平息
1545,1,,0.0,0.0,平民,平民,平民,平民
1546,3,0.5863034119139137,0.2516548174013244,0.0,清淡 平淡 淡,淡 平淡 清淡,淡 清淡 平淡,清淡 平淡 淡
1547,2,0.5624469019536205,0.26691276052959695,0.0,年度 年终,年度 年终,年度 年终,年度 年终
1548,1,,0.0,0.0,并列,并列,并列,并列
1549,1,,0.0,0.0,并行,并行,并行,并行
1550,8,0.4696644522440412,0.03576643912941541,0.375,虚幻 幻想 幻觉 梦幻 空想 幻影 朦胧 异想天开,异想天开 朦胧 幻影 幻觉 梦幻 虚幻 幻想 空想,虚幻 空想 幻影 幻想 幻觉 朦胧 梦幻 异想天开,虚幻 幻想 幻觉 梦幻 空想 幻影 朦胧 异想天开
1551,3,0.46828076690365256,0.10033249639680097,0.0,广泛 普遍 广,普遍 广 广泛,广 普遍 广泛,广泛 普遍 广
1552,1,,0.0,0.0,广义,广义,广义,广义
1553,1,,0.0,0.0,序,序,序,序
1554,1,,0.0,0.0,库,库,库,库
1555,8,0.5214877585613484,0.09305209985393567,0.25,聘用 聘 雇佣 招聘 聘请 应聘 雇 招募,招募 应聘 聘请 招聘 聘用 雇 聘 雇佣,招聘 应聘 雇 聘 聘请 聘用 招募 雇佣,聘用 聘 雇佣 招聘 聘请 应聘 雇 招募
1556,4,0.634067740448462,0.3194507795890492,0.0,邀请 邀 应邀 特邀,特邀 应邀 邀 邀请,应邀 邀 邀请 特邀,邀请 邀 应邀 特邀
1557,1,,0.0,0.0,底,底,底,底
1558,1,,0.0,0.0,底层,底层,底层,底层
1559,1,,0.0,0.0,底线,底线,底线,底线
1560,1,,0.0,0.0,废墟,废墟,废墟,废墟
1561,1,,0.0,0.0,度,度,度,度
1562,4,0.45329831306151736,0.04422137738020483,0.25,走过 渡过 度过 走近,走近 度过 渡过 走过,度过 渡过 走近 走过,走过 渡过 度过 走近
1563,1,,0.0,0.0,座,座,座,座
1564,1,,0.0,0.0,延,延,延,延
1565,8,0.5085478770882716,0.12604915944917336,0.125,拓展 扩展 拓宽 开拓 延伸 开辟 扩张 扩,开辟 延伸 扩 拓宽 扩张 开拓 扩展 拓展,开辟 扩 开拓 扩张 扩展 延伸 拓宽 拓展,拓展 扩展 拓宽 开拓 延伸 开辟 扩张 扩
1566,10,0.4673256572235828,0.009931091566666665,0.3,推迟 拖延 耽搁 耽误 延期 延误 延缓 延长 搁置 错过,搁置 错过 延长 耽误 延缓 延期 耽搁 推迟,搁置 延缓 耽搁 延期 错过 延长 延误 推迟 耽误 拖延,推迟 拖延 耽搁 耽误 延期 延误 延缓 延长 搁置 错过
1567,1,,0.0,0.0,建交,建交,建交,建交
1568,2,0.5130156765244874,0.21159682068372496,0.0,建树 贡献,贡献 建树,建树 贡献,建树 贡献
1569,4,0.43118304244660505,-0.005810655915911039,0.5,建议 提议 提出 推荐,推荐 提出 提议 建议,建议 提出 提议 推荐,建议 提议 提出 推荐
1570,1,,0.0,0.0,开,开,开,开
1571,4,0.4719722915762814,0.11707762949477402,0.25,开业 营业 开张 经营,经营 开张 开业 营业,营业 开业 开张 经营,开业 营业 开张 经营
1572,9,0.5144181734668681,0.0762889594598615,0.3333333333333333,电灯 灯 灯泡 路灯 灯光 照明 开关 盏 电线,电线 灯光 开关 盏 照明 灯 路灯 灯泡,灯 盏 开关 照明 电灯 电线 灯泡 路灯 灯光,电灯 灯 灯泡 路灯 灯光 照明 开关 盏 电线
1573,1,,0.0,0.0,开动,开动,开动,开动
1574,5,0.39742209542114604,-0.02152938954326913,0.6,房地产 房价 开发商 开发 物价,开发 物价 开发商 房地产 房价,物价 开发 房地产 开发商 房价,房地产 房价 开发商 开发 物价
1575,5,0.5271687055220646,0.126129968152845,0.0,结尾 开头 段落 开场白 片段,片段 开场白 段落 结尾 开头,开头 段落 片段 开场白 结尾,结尾 开头 段落 开场白 片段
1576,1,,0.0,0.0,开垦,开垦,开垦,开垦
1577,1,,0.0,0.0,开天辟地,开天辟地,开天辟地,开天辟地
1578,12,0.4459107979594248,0.023521924604429412,0.4166666666666667,支出 开支 经费 预算 收支 赤字 财政 费用 开销 资金 顺差 政府,政府 顺差 资金 费用 财政 开销 经费 收支,开销 赤字 顺差 开支 经费 收支 财政 支出 资金 费用 预算 政府,支出 开支 经费 预算 收支 赤字 财政 费用 开销 资金 顺差 政府
1579,1,,0.0,0.0,开花,开花,开花,开花
1580,1,,0.0,0.0,异议,异议,异议,异议
1581,5,0.4417965097256289,0.027549603325236448,0.2,搞 闹 弄 折腾 搞好,搞好 折腾 弄 闹 搞,弄 搞 搞好 闹 折腾,搞 闹 弄 折腾 搞好
1582,1,,0.0,0.0,式,式,式,式
1583,1,,0.0,0.0,引,引,引,引
1584,4,0.5800709792781074,0.24136737991210644,0.0,显眼 醒目 引人注目 抢眼,抢眼 引人注目 醒目 显眼,抢眼 显眼 醒目 引人注目,显眼 醒目 引人注目 抢眼
1585,2,0.6915579229971075,0.4395392763034005,0.0,引入 引进,引入 引进,引进 引入,引入 引进
1586,1,,0.0,0.0,引擎,引擎,引擎,引擎
1587,1,,0.0,0.0,引经据典,引经据典,引经据典,引经据典
1588,2,0.5096359126833356,0.22950669448931227,0.0,张扬 能人,张扬 能人,能人 张扬,张扬 能人
1589,8,0.5804863864824245,0.2597250880395306,0.125,焰火 鞭炮 爆竹 烟花 燃放 烟火 灯笼 张灯结彩,张灯结彩 灯笼 烟火 焰火 烟花 燃放 鞭炮 爆竹,张灯结彩 烟火 烟花 焰火 燃放 爆竹 灯笼 鞭炮,焰火 鞭炮 爆竹 烟花 燃放 烟火 灯笼 张灯结彩
1590,7,0.451691880761062,-0.022327409754889078,0.5714285714285714,荡漾 流淌 洋溢 弥漫 飘 流露 漂,漂 飘 流露 弥漫 流淌 洋溢 荡漾,流露 流淌 漂 荡漾 飘 洋溢 弥漫,荡漾 流淌 洋溢 弥漫 飘 流露 漂
1591,5,0.48623949152058615,0.02896373900057994,0.4,斜 竖 横 弯 翘,翘 弯 横 斜 竖,弯 竖 翘 斜 横,斜 竖 横 弯 翘
1592,3,0.5535952892178778,0.21246798144986598,0.0,强势 弱势 逞强,逞强 弱势 强势,逞强 强势 弱势,强势 弱势 逞强
1593,2,0.5824218542142637,0.31319820495438366,0.0,弹性 韧性,弹性 韧性,弹性 韧性,弹性 韧性
1594,4,0.5647913237551635,0.23505037877925825,0.0,强迫 强行 强制 强加,强加 强行 强迫 强制,强制 强加 强行 强迫,强迫 强行 强制 强加
1595,7,0.4723655676642089,0.06578492781785722,0.42857142857142855,浓厚 氛围 浓重 气氛 浓 风气 强烈,强烈 风气 浓 浓重 气氛 氛围 浓厚,气氛 浓 浓重 强烈 风气 氛围 浓厚,浓厚 氛围 浓重 气氛 浓 风气 强烈
1596,3,0.5205844746991052,0.13255738885191728,0.3333333333333333,硬 软 强硬,强硬 软 硬,硬 强硬 软,硬 软 强硬
1597,2,0.508170830777921,0.19021119105010947,0.0,强项 拿手,拿手 强项,拿手 强项,强项 拿手
1598,2,0.5855202452695816,0.21341537359531904,0.0,归 归属,归属 归,归 归属,归 归属
1599,5,0.5107262101684146,0.14864173900087074,0.2,当着 当众 当面 当场 指着,指着 当场 当面 当众 当着,当面 当众 当场 当着 指着,当着 当众 当面 当场 指着
1600,3,0.5460195829938562,0.24631147044033516,0.0,本地 当地 本土,本土 当地 本地,本土 本地 当地,本地 当地 本土
1601,4,0.5376676541543488,0.17735038440914208,0.0,真 真心 当真 真正,真正 当真 真心 真,真正 真 真心 当真,真 真心 当真 真正
1602,1,,0.0,0.0,录,录,录,录
1603,2,0.6989348767815708,0.5055144817320225,0.0,形容 比喻,形容 比喻,形容 比喻,形容 比喻
1604,3,0.6258752471972234,0.32142483886563405,0.0,方式 形式 模式,模式 形式 方式,模式 方式 形式,方式 形式 模式
1605,4,0.5199787564591023,0.1667485114564424,0.0,朝夕相处 形影不离 相依为命 相伴,相伴 朝夕相处 形影不离 相依为命,形影不离 相依为命 朝夕相处 相伴,朝夕相处 形影不离 相依为命 相伴
1606,3,0.5281411654635627,0.16664461077606954,0.0,结构 构造 形态,形态 构造 结构,构造 形态 结构,结构 构造 形态
1607,4,0.43591540297015324,0.049035435337353,0.5,阴影 影子 身影 笼罩,笼罩 身影 影子 阴影,笼罩 影子 阴影 身影,阴影 影子 身影 笼罩
1608,2,0.5495255036612727,0.1774882142430362,0.0,往 往后,往后 往,往 往后,往 往后
1609,6,0.45306210894706334,0.07081862211118257,0.5,收集 搜集 采集 征集 接收 采,采 接收 征集 搜集 采集 收集,征集 采集 收集 采 搜集 接收,收集 搜集 采集 征集 接收 采
1610,5,0.5054553622018704,0.13238672412922747,0.4,等待 等候 等到 待 排队,排队 待 等到 等待 等候,待 排队 等候 等到 等待,等待 等候 等到 待 排队
1611,2,0.5655121148470361,0.24939738863898706,0.0,待遇 福利,待遇 福利,待遇 福利,待遇 福利
1612,2,0.7837314983044681,0.6213145431353697,0.0,徐徐 缓缓,缓缓 徐徐,徐徐 缓缓,徐徐 缓缓
1613,18,0.46278065899473,-0.012828057655364532,0.4444444444444444,爬山 郊游 散步 游玩 玩耍 野餐 溜达 野炊 遛 野营 打猎 登山,跑步 转悠 野营 探险 玩儿 游玩 登山 打猎,登山 野餐 野营 游玩 跑步 玩儿 探险 郊游 逛 遛 玩耍 爬山,爬山 郊游 散步 游玩 玩耍 野餐 溜达 野炊 遛 野营 打猎 登山 跑步 徒步 逛 玩儿 探险 转悠
1614,2,0.5238687767486969,0.17117929971528656,0.0,得了 得,得了 得,得 得了,得了 得
1615,1,,0.0,0.0,得不偿失,得不偿失,得不偿失,得不偿失
1616,4,0.5520917735089588,0.19180255009911037,0.0,独特 独一无二 特有 得天独厚,得天独厚 独一无二 特有 独特,得天独厚 独特 独一无二 特有,独特 独一无二 特有 得天独厚
1617,3,0.49980228989000713,0.14261909424606603,0.0,慢慢来 循序渐进 顺其自然,顺其自然 循序渐进 慢慢来,顺其自然 循序渐进 慢慢来,慢慢来 循序渐进 顺其自然
1618,1,,0.0,0.0,循环,循环,循环,循环
1619,4,0.4112183780058367,-0.016124444137630804,0.75,细微 轻微 微弱 细节,细节 微弱 轻微 细微,细微 微弱 细节 轻微,细微 轻微 微弱 细节
1620,1,,0.0,0.0,德,德,德,德
1621,4,0.5746778913194673,0.2674331217858703,0.0,心态 情绪 心理 心情,心情 心理 情绪 心态,心态 心情 心理 情绪,心态 情绪 心理 心情
1622,1,,0.0,0.0,心急如焚,心急如焚,心急如焚,心急如焚
1623,1,,0.0,0.0,心爱,心爱,心爱,心爱
1624,1,,0.0,0.0,心病,心病,心病,心病
1625,1,,0.0,0.0,必,必,必,必
1626,7,0.43876766613575896,0.04445080361303875,0.2857142857142857,忍耐 忍受 承受 忍 耐性 耐心 接受,接受 耐心 耐性 承受 忍 忍耐 忍受,忍 忍受 忍耐 耐性 耐心 承受 接受,忍耐 忍受 承受 忍 耐性 耐心 接受
1627,10,0.5081134157774029,0.09185618083345487,0.2,忘记 记住 忘掉 铭记 忘不了 忘 牢记 记得 遗忘 记忆犹新,记忆犹新 忘掉 遗忘 忘不了 记得 牢记 忘 铭记,忘掉 忘 忘不了 铭记 遗忘 记得 记住 牢记 记忆犹新 忘记,忘记 记住 忘掉 铭记 忘不了 忘 牢记 记得 遗忘 记忆犹新
1628,5,0.6158228844457467,0.3137387965809587,0.0,忠诚 忠心 忠于 忠贞 忠实,忠贞 忠心 忠于 忠实 忠诚,忠心 忠实 忠于 忠诚 忠贞,忠诚 忠心 忠于 忠贞 忠实
1629,13,0.5025138001511604,0.04123532446561933,0.3076923076923077,疑虑 担忧 忧虑 猜测 怀疑 疑问 担心 顾虑 质疑 揣测 猜想 疑点,顾虑 疑点 恐慌 疑问 质疑 猜想 担心 怀疑,质疑 猜想 猜测 揣测 忧虑 疑点 恐慌 怀疑 顾虑 担心 担忧 疑问,疑虑 担忧 忧虑 猜测 怀疑 疑问 担心 顾虑 质疑 揣测 猜想 疑点 恐慌
1630,8,0.5919026499876908,0.22212943189871937,0.0,挂念 想念 怀念 思念 牵挂 惦记 留恋 念念不忘,留恋 怀念 念念不忘 惦记 思念 牵挂 想念 挂念,牵挂 挂念 思念 念念不忘 想念 怀念 留恋 惦记,挂念 想念 怀念 思念 牵挂 惦记 留恋 念念不忘
1631,4,0.44690163698043156,-0.021860722438882024,0.5,抱 怀抱 拥抱 揽,揽 拥抱 怀抱 抱,抱 揽 拥抱 怀抱,抱 怀抱 拥抱 揽
1632,1,,0.0,0.0,怀旧,怀旧,怀旧,怀旧
1633,1,,0.0,0.0,思前想后,思前想后,思前想后,思前想后
1634,1,,0.0,0.0,急,急,急,急
1635,1,,0.0,0.0,总,总,总,总
1636,1,,0.0,0.0,总部,总部,总部,总部
1637,2,0.541010134131225,0.232847845666633,0.0,恩赐 赐,恩赐 赐,恩赐 赐,恩赐 赐
1638,2,0.7939561131464931,0.6170902087356599,0.0,恰恰相反 相反,相反 恰恰相反,相反 恰恰相反,恰恰相反 相反
1639,2,0.5261174063589698,0.1268215971440016,0.0,灵机一动 恼羞成怒,灵机一动 恼羞成怒,恼羞成怒 灵机一动,灵机一动 恼羞成怒
1640,7,0.4478403070121316,0.028476668228023194,0.42857142857142855,谜团 谜 谜底 解开 谜语 悬念 解,解 悬念 谜底 谜语 解开 谜团 谜,谜语 解开 谜底 谜团 谜 解 悬念,谜团 谜 谜底 解开 谜语 悬念 解
1641,5,0.47259474471520413,0.03270959335232267,0.2,遭受 惨重 重创 损失 面临,面临 遭受 损失 重创 惨重,重创 面临 惨重 损失 遭受,遭受 惨重 重创 损失 面临
1642,1,,0.0,0.0,惯性,惯性,惯性,惯性
1643,4,0.4795881157646749,0.06997938158978267,0.5,蔓延 泛滥 扩散 愈演愈烈,愈演愈烈 扩散 泛滥 蔓延,愈演愈烈 扩散 泛滥 蔓延,蔓延 泛滥 扩散 愈演愈烈
1644,1,,0.0,0.0,愚公移山,愚公移山,愚公移山,愚公移山
1645,5,0.493864195023548,0.1240870249996761,0.0,感觉 感 感到 觉 错觉,错觉 觉 感到 感 感觉,感 感觉 觉 错觉 感到,感觉 感 感到 觉 错觉
1646,1,,0.0,0.0,感兴趣,感兴趣,感兴趣,感兴趣
1647,3,0.518868204870528,0.06989356619655133,0.3333333333333333,无私 慷慨 无偿,无偿 无私 慷慨,无私 无偿 慷慨,无私 慷慨 无偿
1648,4,0.4476466057493714,-0.0510258749314219,0.5,成功率 效率 率 成功,成功 率 成功率 效率,率 效率 成功 成功率,成功率 效率 率 成功
1649,1,,0.0,0.0,成型,成型,成型,成型
1650,3,0.49740622572615817,0.1353320490907901,0.0,成本 能耗 造价,能耗 造价 成本,成本 能耗 造价,成本 能耗 造价
1651,2,0.5144901951231313,0.1178135036327246,0.0,熟 成熟,成熟 熟,熟 成熟,熟 成熟
1652,1,,0.0,0.0,成群结队,成群结队,成群结队,成群结队
1653,4,0.49883734302816674,0.1435177316786127,0.0,问题 议题 话题 成问题,成问题 议题 话题 问题,议题 问题 话题 成问题,问题 议题 话题 成问题
1654,1,,0.0,0.0,戒,戒,戒,戒
1655,1,,0.0,0.0,戒备,戒备,戒备,戒备
1656,3,0.4996448690149597,0.06428816924249105,0.3333333333333333,手表 眼镜 戒指,眼镜 戒指 手表,眼镜 戒指 手表,手表 眼镜 戒指
1657,1,,0.0,0.0,或多或少,或多或少,或多或少,或多或少
1658,1,,0.0,0.0,截,截,截,截
1659,3,0.5916579845218449,0.29079092456556593,0.0,截至 截止 据,据 截止 截至,据 截止 截至,截至 截止 据
1660,1,,0.0,0.0,戳,戳,戳,戳
1661,1,,0.0,0.0,戴,戴,戴,戴
1662,1,,0.0,0.0,户,户,户,户
1663,5,0.3759698176246181,-0.08638243733665286,0.8,野生 野外 植物 生物 户外,户外 生物 植物 野生 野外,生物 植物 户外 野外 野生,野生 野外 植物 生物 户外
1664,1,,0.0,0.0,所,所,所,所
1665,1,,0.0,0.0,所谓,所谓,所谓,所谓
1666,5,0.4094432607599582,0.009307629734155217,0.6,驾驶 驾车 自动 驾 手动,手动 驾车 自动 驾 驾驶,驾 驾驶 驾车 手动 自动,驾驶 驾车 自动 驾 手动
1667,1,,0.0,0.0,扎根,扎根,扎根,扎根
1668,1,,0.0,0.0,扑,扑,扑,扑
1669,2,0.5940496432202669,0.24294943007151604,0.0,麻将 扑克,麻将 扑克,麻将 扑克,麻将 扑克
1670,5,0.44720132958057024,-0.034362717460008,0.8,汹涌 涌 涌入 扑面而来 潮,扑面而来 涌 潮 涌入 汹涌,涌入 汹涌 潮 涌 扑面而来,汹涌 涌 涌入 扑面而来 潮
1671,7,0.46164351756160604,0.03288154375426472,0.2857142857142857,震撼 震动 触动 轰动 振奋 打动 震,震 振奋 打动 触动 震动 轰动 震撼,触动 轰动 震 振奋 打动 震动 震撼,震撼 震动 触动 轰动 振奋 打动 震
1672,1,,0.0,0.0,打包,打包,打包,打包
1673,3,0.6353648714085132,0.39921051368677357,0.0,打搅 打扰 打断,打断 打搅 打扰,打扰 打断 打搅,打搅 打扰 打断
1674,9,0.552435930347976,0.15495625909248464,0.1111111111111111,电话 拨打 拨通 接听 打电话 接通 来电 通话 热线,通话 热线 电话 接通 来电 打电话 接听 拨打,通话 热线 拨通 拨打 打电话 来电 电话 接听 接通,电话 拨打 拨通 接听 打电话 接通 来电 通话 热线
1675,3,0.529084484917178,0.1116362585477821,0.0,打磨 磨 磨合,磨合 磨 打磨,磨 磨合 打磨,打磨 磨 磨合
1676,1,,0.0,0.0,托,托,托,托
1677,1,,0.0,0.0,托付,托付,托付,托付
1678,6,0.4925460958465961,0.02487378022654238,0.3333333333333333,扛 抬 拉 撑 搬 拖,搬 拖 拉 撑 扛 抬,搬 撑 扛 拖 拉 抬,扛 抬 拉 撑 搬 拖
1679,1,,0.0,0.0,扣,扣,扣,扣
1680,4,0.4869728687241353,0.0214211479188404,0.5,监督 监察 执法 督促,执法 督促 监察 监督,监察 执法 督促 监督,监督 监察 执法 督促
1681,1,,0.0,0.0,扬,扬,扬,扬
1682,1,,0.0,0.0,扭,扭,扭,扭
1683,2,0.5768636479438305,0.2969412636759171,0.0,畸形 扭曲,扭曲 畸形,扭曲 畸形,畸形 扭曲
1684,5,0.4495626516514754,0.001504371542344027,0.6,纠正 改正 扭转 矫正 挽回,挽回 改正 矫正 扭转 纠正,挽回 扭转 改正 矫正 纠正,纠正 改正 扭转 矫正 挽回
1685,2,0.5418501048007488,0.16463581346653056,0.0,搀 扶,搀 扶,搀 扶,搀 扶
1686,4,0.4616898032705808,0.012902419807448412,0.5,首批 试点 示范 批,批 示范 首批 试点,批 示范 首批 试点,首批 试点 示范 批
1687,4,0.5449458315499863,0.1870745388118053,0.0,揭发 揭露 批判 检讨,检讨 批判 揭发 揭露,揭露 揭发 批判 检讨,揭发 揭露 批判 检讨
1688,5,0.4732259511049349,0.1054685616820317,0.2,销售 销量 销 畅销 批发,批发 畅销 销量 销 销售,畅销 销 批发 销售 销量,销售 销量 销 畅销 批发
1689,5,0.4531192374522238,0.0307700922294023,0.4,科技 高科技 高新技术 技术 金融,金融 高新技术 技术 科技 高科技,高科技 技术 科技 高新技术 金融,科技 高科技 高新技术 技术 金融
1690,5,0.5204563129567424,0.17910001196021172,0.0,牢牢 抓住 把握 紧紧 掌握,紧紧 把握 掌握 抓住 牢牢,把握 掌握 抓住 紧紧 牢牢,牢牢 抓住 把握 紧紧 掌握
1691,1,,0.0,0.0,把柄,把柄,把柄,把柄
1692,5,0.5261563828077918,0.149142213924243,0.0,捉 捕 逮 抓 捕捉,抓 捕捉 逮 捉 捕,抓 捕 捉 逮 捕捉,捉 捕 逮 抓 捕捉
1693,1,,0.0,0.0,投,投,投,投
1694,2,0.5637375616318009,0.26177651411468755,0.0,炒作 投机,投机 炒作,炒作 投机,炒作 投机
1695,1,,0.0,0.0,投稿,投稿,投稿,投稿
1696,1,,0.0,0.0,投资,投资,投资,投资
1697,1,,0.0,0.0,折叠,折叠,折叠,折叠
1698,1,,0.0,0.0,抛开,抛开,抛开,抛开
1699,1,,0.0,0.0,护,护,护,护
1700,1,,0.0,0.0,报,报,报,报
1701,5,0.4838700847073875,0.0523099670994324,0.4,晚报 报纸 日报 报社 报亭,报亭 报纸 日报 报社 晚报,日报 晚报 报亭 报纸 报社,晚报 报纸 日报 报社 报亭
1702,3,0.5118533869182134,0.135617108352754,0.0,报仇 报复 斩草除根,斩草除根 报复 报仇,斩草除根 报仇 报复,报仇 报复 斩草除根
1703,1,,0.0,0.0,披,披,披,披
1704,1,,0.0,0.0,押,押,押,押
1705,1,,0.0,0.0,押金,押金,押金,押金
1706,1,,0.0,0.0,抽,抽,抽,抽
1707,4,0.4439222005639361,0.011104805724080333,0.5,透彻 深奥 透 抽象,抽象 透 深奥 透彻,透彻 透 深奥 抽象,透彻 深奥 透 抽象
1708,3,0.5794257453140049,0.22969592903343658,0.0,拐杖 拄 禅杖,禅杖 拄 拐杖,拄 禅杖 拐杖,拐杖 拄 禅杖
1709,1,,0.0,0.0,担,担,担,担
1710,1,,0.0,0.0,拍卖,拍卖,拍卖,拍卖
1711,1,,0.0,0.0,拍板,拍板,拍板,拍板
1712,4,0.46975603155454,0.07499901299322113,0.0,推辞 拒绝 答应 辞,辞 答应 拒绝 推辞,答应 辞 拒绝 推辞,推辞 拒绝 答应 辞
1713,2,0.5428806262151435,0.17426758068194453,0.0,拨 拔,拔 拨,拔 拨,拨 拔
1714,2,0.5917875130191145,0.3020086873632445,0.0,欠 拖欠,拖欠 欠,拖欠 欠,欠 拖欠
1715,2,0.6416710491205467,0.3556276439756382,0.0,招标 采购,招标 采购,采购 招标,招标 采购
1716,3,0.521250099805429,0.15905350522029812,0.0,牌子 招牌 牌,牌 招牌 牌子,牌 牌子 招牌,牌子 招牌 牌
1717,2,0.6621865909836985,0.4470288102947968,0.0,括号 括弧,括弧 括号,括号 括弧,括号 括弧
1718,2,0.5129748897474893,0.18521593312321882,0.0,持有 持,持有 持,持有 持,持有 持
1719,1,,0.0,0.0,挂钩,挂钩,挂钩,挂钩
1720,1,,0.0,0.0,指,指,指,指
1721,4,0.4645415711172729,0.10733367218404326,0.25,指导 指引 指南 辅导,辅导 指南 指引 指导,辅导 指南 指导 指引,指导 指引 指南 辅导
1722,3,0.49391681922211417,0.12152418132851554,0.0,特定 特殊 指定,特殊 指定 特定,指定 特定 特殊,特定 特殊 指定
1723,1,,0.0,0.0,指手画脚,指手画脚,指手画脚,指手画脚
1724,2,0.5307646152101904,0.18743418035122908,0.0,调度 指挥,指挥 调度,指挥 调度,调度 指挥
1725,1,,0.0,0.0,指数,指数,指数,指数
1726,1,,0.0,0.0,指标,指标,指标,指标
1727,4,0.5159759948631845,0.12878395524798486,0.0,背着 背 挎 驮,驮 挎 背 背着,背着 挎 驮 背,背着 背 挎 驮
1728,8,0.4371521082095103,0.0012025104770689438,0.5,挑选 选 挑 选择 筛选 选用 选拔 挑起,挑起 选拔 选用 筛选 挑 选择 选 挑选,选用 选择 选拔 筛选 挑 选 挑起 挑选,挑选 选 挑 选择 筛选 选用 选拔 挑起
1729,2,0.6477428232272453,0.375373472890432,0.0,苛刻 挑剔,苛刻 挑剔,挑剔 苛刻,苛刻 挑剔
1730,3,0.4817898958058961,0.06921299874615851,0.6666666666666666,考验 挑战 洗礼,洗礼 挑战 考验,挑战 洗礼 考验,考验 挑战 洗礼
1731,1,,0.0,0.0,挥,挥,挥,挥
1732,1,,0.0,0.0,挪,挪,挪,挪
1733,2,0.5704654246778789,0.22092000213311017,0.0,挽 牵,牵 挽,牵 挽,挽 牵
1734,1,,0.0,0.0,捂,捂,捂,捂
1735,1,,0.0,0.0,换位,换位,换位,换位
1736,3,0.5122989244007249,0.09660956840849999,0.0,获取 换取 索取,获取 换取 索取,换取 获取 索取,获取 换取 索取
1737,1,,0.0,0.0,捧,捧,捧,捧
1738,1,,0.0,0.0,掉队,掉队,掉队,掉队
1739,2,0.5475189433526335,0.2513527363397327,0.0,试探 探,探 试探,探 试探,试探 探
1740,1,,0.0,0.0,接手,接手,接手,接手
1741,3,0.4769007566669797,0.10154938545309701,0.3333333333333333,接济 救济 补给,补给 救济 接济,补给 救济 接济,接济 救济 补给
1742,2,0.676948126570447,0.4128813994940512,0.0,接班 接班人,接班 接班人,接班人 接班,接班 接班人
1743,1,,0.0,0.0,接触,接触,接触,接触
1744,4,0.4433649372220383,0.0585344720607396,0.5,运送 输送 运 接送,输送 接送 运 运送,输送 运 运送 接送,运送 输送 运 接送
1745,1,,0.0,0.0,推,推,推,推
1746,1,,0.0,0.0,推理,推理,推理,推理
1747,1,,0.0,0.0,推移,推移,推移,推移
1748,1,,0.0,0.0,措手不及,措手不及,措手不及,措手不及
1749,1,,0.0,0.0,提,提,提,提
1750,1,,0.0,0.0,提供,提供,提供,提供
1751,3,0.5754490695587666,0.16933096092532685,0.3333333333333333,提早 提前 早,早 提前 提早,早 提早 提前,提早 提前 早
1752,2,0.6077061496597382,0.3262782125382637,0.0,晋升 提拔,提拔 晋升,提拔 晋升,晋升 提拔
1753,4,0.433292178557627,-0.002685599597508973,0.5,精练 提炼 浓缩 精,精 浓缩 提炼 精练,精 提炼 精练 浓缩,精练 提炼 浓缩 精
1754,3,0.474656959892166,0.10745745430857612,0.3333333333333333,风险 提示 隐患,隐患 提示 风险,提示 风险 隐患,风险 提示 隐患
1755,1,,0.0,0.0,插,插,插,插
1756,2,0.5057198558455218,0.1177797658176655,0.0,揭 遮,揭 遮,揭 遮,揭 遮
1757,4,0.46793137831978376,0.05603493209386619,0.5,支援 支持 援助 鼓励,鼓励 援助 支持 支援,鼓励 支援 支持 援助,支援 支持 援助 鼓励
1758,1,,0.0,0.0,搁浅,搁浅,搁浅,搁浅
1759,3,0.4437686234270208,0.04936109578067677,0.3333333333333333,调查 问卷 搜查,搜查 问卷 调查,问卷 搜查 调查,调查 问卷 搜查
1760,1,,0.0,0.0,搞鬼,搞鬼,搞鬼,搞鬼
1761,5,0.4645242418155167,0.05688573180752156,0.4,迁移 迁 移 转移 搬家,搬家 转移 移 迁 迁移,搬家 移 迁 转移 迁移,迁移 迁 移 转移 搬家
1762,3,0.4802566915279183,0.0001968037637541086,0.6666666666666666,搭配 搭 配,配 搭 搭配,搭 配 搭配,搭配 搭 配
1763,1,,0.0,0.0,搭档,搭档,搭档,搭档
1764,1,,0.0,0.0,摆,摆,摆,摆
1765,1,,0.0,0.0,摇篮,摇篮,摇篮,摇篮
1766,1,,0.0,0.0,摊,摊,摊,摊
1767,1,,0.0,0.0,撇,撇,撇,撇
1768,3,0.4761382874155973,0.11231418973691228,0.3333333333333333,撤 撤离 退,退 撤离 撤,撤离 撤 退,撤 撤离 退
1769,1,,0.0,0.0,操作,操作,操作,操作
1770,5,0.4467395838110962,-0.003731101137636794,0.4,操控 操纵 遥控 驾驭 远程,驾驭 远程 遥控 操控 操纵,远程 操纵 操控 遥控 驾驭,操控 操纵 遥控 驾驭 远程
1771,5,0.4805948181537859,0.019959719694007352,0.4,爬 跳 走 跑 攀,跑 攀 跳 爬 走,爬 攀 跳 跑 走,爬 跳 走 跑 攀
1772,1,,0.0,0.0,支柱,支柱,支柱,支柱
1773,1,,0.0,0.0,收敛,收敛,收敛,收敛
1774,5,0.41895839240653626,0.013909647132327748,0.4,混 改 改革 混合 改革开放,改革开放 混合 混 改 改革,改 混 改革开放 改革 混合,混 改 改革 混合 改革开放
1775,2,0.6277773303691796,0.35438951052492784,0.0,改为 改名,改名 改为,改为 改名,改为 改名
1776,2,0.5323728655336746,0.14647882834293843,0.0,改版 版,版 改版,版 改版,改版 版
1777,1,,0.0,0.0,改编,改编,改编,改编
1778,4,0.46167399437678464,0.0062164470017811516,0.5,新式 改良 革新 新型,新型 革新 新式 改良,新式 新型 革新 改良,新式 改良 革新 新型
1779,1,,0.0,0.0,改邪归正,改邪归正,改邪归正,改邪归正
1780,6,0.46916157347640586,0.06970731342780659,0.3333333333333333,研究 攻关 科研 研发 课题 研究所,研究所 课题 研发 科研 攻关 研究,研究所 攻关 研究 课题 研发 科研,研究 攻关 科研 研发 课题 研究所
1781,1,,0.0,0.0,放大,放大,放大,放大
1782,4,0.4599911787442523,0.047963238910148344,0.25,顺心 放心 满意 遂心,遂心 满意 放心 顺心,顺心 放心 遂心 满意,顺心 放心 满意 遂心
1783,3,0.5027341965763993,0.13163841276794622,0.0,放松 松弛 松绑,松绑 松弛 放松,松弛 放松 松绑,放松 松弛 松绑
1784,1,,0.0,0.0,放水,放水,放水,放水
1785,1,,0.0,0.0,效力,效力,效力,效力
1786,1,,0.0,0.0,教育部,教育部,教育部,教育部
1787,1,,0.0,0.0,散,散,散,散
1788,2,0.5006195748347833,0.15353143898623303,0.0,散布 散发,散发 散布,散发 散布,散布 散发
1789,1,,0.0,0.0,敬而远之,敬而远之,敬而远之,敬而远之
1790,2,0.5803461746756425,0.20188616592806302,0.0,请 敬请,敬请 请,请 敬请,请 敬请
1791,5,0.3909152153624107,-0.06644716759398264,0.6,数据 数字 数据库 显示 数码,显示 数据库 数码 数据 数字,数字 数据库 数据 数码 显示,数据 数字 数据库 显示 数码
1792,1,,0.0,0.0,敲边鼓,敲边鼓,敲边鼓,敲边鼓
1793,1,,0.0,0.0,整,整,整,整
1794,1,,0.0,0.0,整数,整数,整数,整数
1795,2,0.5478719884856069,0.2323197619443373,0.0,整理 梳理,梳理 整理,整理 梳理,整理 梳理
1796,1,,0.0,0.0,敷,敷,敷,敷
1797,1,,0.0,0.0,文,文,文,文
1798,3,0.4234036493291311,-0.005737623375893046,0.6666666666666666,附件 文件 附,文件 附 附件,附件 附 文件,附件 文件 附
1799,1,,0.0,0.0,文明,文明,文明,文明
1800,2,0.6319747213242006,0.37974822607935405,0.0,识字 文盲,识字 文盲,识字 文盲,识字 文盲
1801,1,,0.0,0.0,斗,斗,斗,斗
1802,5,0.43321011659261915,-0.009239968478216714,0.6,预料 预见 预期 预言 料,预言 料 预期 预见 预料,料 预期 预料 预言 预见,预料 预见 预期 预言 料
1803,2,0.5555752789247741,0.24312323375848202,0.0,间断 断断续续,断断续续 间断,断断续续 间断,间断 断断续续
1804,1,,0.0,0.0,新兴,新兴,新兴,新兴
1805,7,0.49282209934047005,0.08775407949188285,0.14285714285714285,时尚 时髦 潮流 新潮 时装 风尚 过时,过时 潮流 风尚 新潮 时装 时髦 时尚,时尚 潮流 新潮 时装 时髦 风尚 过时,时尚 时髦 潮流 新潮 时装 风尚 过时
1806,1,,0.0,0.0,新生,新生,新生,新生
1807,5,0.4219876720333529,0.0067932996471046225,0.6,鲜活 新鲜 生动 鲜 逼真,鲜 逼真 生动 新鲜 鲜活,鲜活 生动 鲜 新鲜 逼真,鲜活 新鲜 生动 鲜 逼真
1808,1,,0.0,0.0,方,方,方,方
1809,2,0.5625931304376304,0.22740063856362464,0.0,施压 施加,施压 施加,施压 施加,施压 施加
1810,4,0.48773582573614177,0.07063628062109457,0.5,旁观 看热闹 袖手旁观 观望,观望 袖手旁观 看热闹 旁观,旁观 看热闹 袖手旁观 观望,旁观 看热闹 袖手旁观 观望
1811,1,,0.0,0.0,族,族,族,族
1812,1,,0.0,0.0,无可奉告,无可奉告,无可奉告,无可奉告
1813,2,0.5310108709398295,0.18602101932626433,0.0,无理 无故,无理 无故,无故 无理,无理 无故
1814,1,,0.0,0.0,无敌,无敌,无敌,无敌
1815,1,,0.0,0.0,无条件,无条件,无条件,无条件
1816,1,,0.0,0.0,无济于事,无济于事,无济于事,无济于事
1817,3,0.5949135578212419,0.2789624701060473,0.0,无限 无穷 无边,无边 无限 无穷,无边 无限 无穷,无限 无穷 无边
1818,7,0.4790517561133422,0.053189612261547094,0.2857142857142857,电讯 通信 通讯 电信 邮政 无线电 邮局,无线电 邮局 通讯 通信 邮政 电信 电讯,通信 邮局 邮政 通讯 电信 无线电 电讯,电讯 通信 通讯 电信 邮政 无线电 邮局
1819,2,0.5184963914664416,0.15770339147868315,0.0,无缘 缺席,无缘 缺席,无缘 缺席,无缘 缺席
1820,1,,0.0,0.0,日历,日历,日历,日历
1821,2,0.5753204015378586,0.27449222534631434,0.0,过日子 日子,日子 过日子,过日子 日子,过日子 日子
1822,2,0.5095423161237314,0.07246823559822124,0.0,日新月异 翻天覆地,翻天覆地 日新月异,日新月异 翻天覆地,日新月异 翻天覆地
1823,4,0.42998530336201196,0.03740268452442147,0.5,日程 时间表 议程 时间,时间 议程 日程 时间表,日程 时间 议程 时间表,日程 时间表 议程 时间
1824,6,0.513328559170864,0.12144332368405107,0.3333333333333333,破旧 陈旧 简陋 笨重 旧 简易,旧 笨重 简易 陈旧 简陋 破旧,简易 笨重 陈旧 旧 破旧 简陋,破旧 陈旧 简陋 笨重 旧 简易
1825,1,,0.0,0.0,早晚,早晚,早晚,早晚
1826,1,,0.0,0.0,旭日,旭日,旭日,旭日
1827,1,,0.0,0.0,时事,时事,时事,时事
1828,5,0.46031869425957755,0.04797038887714411,0.2,时期 期 阶段 期中 时代,时代 阶段 期 期中 时期,时期 期 期中 阶段 时代,时期 期 阶段 期中 时代
1829,1,,0.0,0.0,时好时坏,时好时坏,时好时坏,时好时坏
1830,1,,0.0,0.0,时段,时段,时段,时段
1831,1,,0.0,0.0,时空,时空,时空,时空
1832,3,0.5263782744977364,0.19553614377950837,0.0,昂贵 高昂 贵,贵 高昂 昂贵,贵 高昂 昂贵,昂贵 高昂 贵
1833,1,,0.0,0.0,明日,明日,明日,明日
1834,7,0.4603772107888866,0.008261004339065523,0.5714285714285714,明显 显著 鲜明 突出 明确 清晰 显而易见,清晰 显而易见 突出 鲜明 明确 显著 明显,鲜明 明确 显著 明显 清晰 突出 显而易见,明显 显著 鲜明 突出 明确 清晰 显而易见
1835,1,,0.0,0.0,星座,星座,星座,星座
1836,1,,0.0,0.0,映,映,映,映
1837,2,0.5566399611923161,0.24408167536452982,0.0,是非 非,是非 非,是非 非,是非 非
1838,1,,0.0,0.0,晒,晒,晒,晒
1839,1,,0.0,0.0,景,景,景,景
1840,2,0.5992288128955698,0.2762597518367274,0.0,智力 智商,智力 智商,智商 智力,智力 智商
1841,4,0.4761626630677549,0.07807610303172725,0.25,粗暴 野蛮 暴力 生硬,生硬 野蛮 暴力 粗暴,粗暴 野蛮 暴力 生硬,粗暴 野蛮 暴力 生硬
1842,4,0.46897485149596013,0.09152624185601915,0.25,裸露 露 暴露 裸,裸 暴露 露 裸露,露 裸 裸露 暴露,裸露 露 暴露 裸
1843,4,0.531173341738337,0.18135799875125685,0.25,暴风雨 风暴 暴风骤雨 风,风 暴风骤雨 风暴 暴风雨,暴风雨 风 暴风骤雨 风暴,暴风雨 风暴 暴风骤雨 风
1844,1,,0.0,0.0,曝光,曝光,曝光,曝光
1845,1,,0.0,0.0,更新,更新,更新,更新
1846,1,,0.0,0.0,替身,替身,替身,替身
1847,2,0.6444581295298892,0.40227285599166174,0.0,最佳 最好,最好 最佳,最好 最佳,最佳 最好
1848,1,,0.0,0.0,有两下子,有两下子,有两下子,有两下子
1849,2,0.5007777088178991,0.10274585431635033,0.0,有事 请假,请假 有事,请假 有事,有事 请假
1850,2,0.592253820348912,0.3099225299997182,0.0,有效 有力,有力 有效,有效 有力,有效 有力
1851,1,,0.0,0.0,有口无心,有口无心,有口无心,有口无心
1852,1,,0.0,0.0,有待,有待,有待,有待
1853,1,,0.0,0.0,有机,有机,有机,有机
1854,3,0.4631631819850018,0.03673319108935968,0.3333333333333333,毒 有毒 邪,邪 有毒 毒,毒 有毒 邪,毒 有毒 邪
1855,1,,0.0,0.0,有的放矢,有的放矢,有的放矢,有的放矢
1856,1,,0.0,0.0,有限,有限,有限,有限
1857,1,,0.0,0.0,服,服,服,服
1858,2,0.542665834992151,0.1643723140237063,0.0,服务 服务业,服务 服务业,服务业 服务,服务 服务业
1859,1,,0.0,0.0,望,望,望,望
1860,1,,0.0,0.0,朝三暮四,朝三暮四,朝三暮四,朝三暮四
1861,1,,0.0,0.0,朝代,朝代,朝代,朝代
1862,1,,0.0,0.0,期末,期末,期末,期末
1863,2,0.5414788330038731,0.23447559344850305,0.0,经 未经,经 未经,经 未经,经 未经
1864,1,,0.0,0.0,末日,末日,末日,末日
1865,1,,0.0,0.0,本,本,本,本
1866,5,0.41344114000510573,-0.03767849340108551,0.8,能耐 胆子 本事 胆 耐,耐 本事 胆子 胆 能耐,胆子 本事 胆 耐 能耐,能耐 胆子 本事 胆 耐
1867,2,0.5334772383282316,0.21662215252249956,0.0,本色 本分,本分 本色,本分 本色,本色 本分
1868,1,,0.0,0.0,朱红,朱红,朱红,朱红
1869,3,0.4367531572404304,-0.02877717883472264,0.6666666666666666,花瓣 朵 裂,裂 朵 花瓣,朵 花瓣 裂,花瓣 朵 裂
1870,4,0.4642102903053971,0.04995914468749464,0.5,车牌 牌照 车号 机动车,牌照 车号 机动车 车牌,牌照 车号 车牌 机动车,车牌 牌照 车号 机动车
1871,3,0.5315534805163057,0.14815207776909195,0.0,足智多谋 机智 精明,精明 机智 足智多谋,足智多谋 精明 机智,足智多谋 机智 精明
1872,1,,0.0,0.0,机构,机构,机构,机构
1873,1,,0.0,0.0,杂,杂,杂,杂
1874,7,0.47931610231652017,0.07873541176960043,0.2857142857142857,权利 职权 权力 权 特权 行使 权益,权益 特权 行使 职权 权利 权力 权,权 行使 权利 权力 权益 职权 特权,权利 职权 权力 权 特权 行使 权益
1875,1,,0.0,0.0,权威,权威,权威,权威
1876,1,,0.0,0.0,杆,杆,杆,杆
1877,2,0.5042939207015223,0.12713473818669166,0.0,杠铃 球拍,杠铃 球拍,球拍 杠铃,杠铃 球拍
1878,1,,0.0,0.0,条,条,条,条
1879,2,0.5237127246064753,0.14254821439438922,0.0,环境 条件,环境 条件,条件 环境,环境 条件
1880,3,0.44045359035493403,0.04195070291701424,0.3333333333333333,脉络 来龙去脉 脉搏,来龙去脉 脉搏 脉络,脉搏 脉络 来龙去脉,脉络 来龙去脉 脉搏
1881,1,,0.0,0.0,板,板,板,板
1882,1,,0.0,0.0,极限,极限,极限,极限
1883,2,0.5946689862760117,0.3324480697899816,0.0,组成 构成,组成 构成,组成 构成,组成 构成
1884,1,,0.0,0.0,枢纽,枢纽,枢纽,枢纽
1885,1,,0.0,0.0,某,某,某,某
1886,5,0.4343901788750723,-0.022778356353192888,0.4,绣 织 染 纺织 镶,镶 纺织 染 织 绣,纺织 织 绣 染 镶,绣 织 染 纺织 镶
1887,5,0.41441085279005707,-0.03564029282601662,0.8,登录 登陆 查询 注册 查看,注册 查看 登陆 查询 登录,查询 登录 登陆 查看 注册,登录 登陆 查询 注册 查看
1888,1,,0.0,0.0,标,标,标,标
1889,4,0.4748149999285407,0.07664391412199088,0.25,标志 标示 记号 象征,象征 记号 标示 标志,标志 标示 象征 记号,标志 标示 记号 象征
1890,1,,0.0,0.0,标榜,标榜,标榜,标榜
1891,1,,0.0,0.0,标致,标致,标致,标致
1892,1,,0.0,0.0,标题,标题,标题,标题
1893,1,,0.0,0.0,栋梁,栋梁,栋梁,栋梁
1894,1,,0.0,0.0,栏,栏,栏,栏
1895,1,,0.0,0.0,校园,校园,校园,校园
1896,3,0.5251648165329567,0.1199465186606629,0.0,核实 核对 求证,求证 核对 核实,核实 核对 求证,核实 核对 求证
1897,1,,0.0,0.0,核心,核心,核心,核心
1898,5,0.4739030260695805,0.05872903643175779,0.4,根治 防治 治 治理 治愈,治愈 治理 防治 治 根治,治 根治 防治 治愈 治理,根治 防治 治 治理 治愈
1899,1,,0.0,0.0,格,格,格,格
1900,1,,0.0,0.0,格式,格式,格式,格式
1901,1,,0.0,0.0,格格不入,格格不入,格格不入,格格不入
1902,12,0.48830135028007426,0.09188353842323001,0.25,荷花 桂花 菊花 牡丹 盛开 桃花 梅花 玫瑰 花卉 鲜花 百合 芦花,盛开 鲜花 芦花 百合 花卉 桂花 玫瑰 梅花,梅花 牡丹 桃花 百合 芦花 盛开 花卉 荷花 玫瑰 桂花 鲜花 菊花,荷花 桂花 菊花 牡丹 盛开 桃花 梅花 玫瑰 花卉 鲜花 百合 芦花
1903,1,,0.0,0.0,框,框,框,框
1904,1,,0.0,0.0,框架,框架,框架,框架
1905,1,,0.0,0.0,档,档,档,档
1906,4,0.4445847052783288,0.048384273487547896,0.25,记录 档案 记载 资料,资料 记载 档案 记录,资料 档案 记录 记载,记录 档案 记载 资料
1907,1,,0.0,0.0,桩,桩,桩,桩
1908,3,0.44350953181934116,0.047808043613103667,0.6666666666666666,题材 素材 概念,概念 素材 题材,概念 题材 素材,题材 素材 概念
1909,1,,0.0,0.0,榨,榨,榨,榨
1910,1,,0.0,0.0,槽,槽,槽,槽
1911,1,,0.0,0.0,模型,模型,模型,模型
1912,2,0.507534998780684,0.041790393579057276,0.0,模拟 虚拟,虚拟 模拟,虚拟 模拟,模拟 虚拟
1913,1,,0.0,0.0,横向,横向,横向,横向
1914,1,,0.0,0.0,欢迎,欢迎,欢迎,欢迎
1915,4,0.5553161609392655,0.22993259906510066,0.0,欣赏 观赏 鉴赏 赏,鉴赏 赏 欣赏 观赏,鉴赏 赏 欣赏 观赏,欣赏 观赏 鉴赏 赏
1916,5,0.5001037846747802,0.07810500467239859,0.4,道歉 歉意 认错 鞠躬 诚意,诚意 鞠躬 认错 歉意 道歉,诚意 鞠躬 认错 歉意 道歉,道歉 歉意 认错 鞠躬 诚意
1917,2,0.5641704040855726,0.25660227496059607,0.0,歌咏 歌颂,歌颂 歌咏,歌咏 歌颂,歌咏 歌颂
1918,1,,0.0,0.0,止步,止步,止步,止步
1919,2,0.505494182408641,0.06036798063436488,0.0,照常 正常,正常 照常,照常 正常,照常 正常
1920,1,,0.0,0.0,正当,正当,正当,正当
1921,2,0.5840706480352205,0.3000907575036055,0.0,正能量 能量,能量 正能量,正能量 能量,正能量 能量
1922,1,,0.0,0.0,正规,正规,正规,正规
1923,2,0.5705969957267827,0.2670340722014359,0.0,直视 正视,直视 正视,直视 正视,直视 正视
1924,1,,0.0,0.0,此事,此事,此事,此事
1925,1,,0.0,0.0,此次,此次,此次,此次
1926,1,,0.0,0.0,此致,此致,此致,此致
1927,1,,0.0,0.0,此起彼伏,此起彼伏,此起彼伏,此起彼伏
1928,2,0.540486196935074,0.22020523591934332,0.0,步 步骤,步骤 步,步骤 步,步 步骤
1929,8,0.41724979364038195,0.0026707867675808718,0.5,脚步 轨迹 脚印 步伐 足迹 痕迹 节奏 轨道,轨道 节奏 痕迹 步伐 脚印 足迹 轨迹 脚步,痕迹 脚印 脚步 步伐 足迹 轨迹 轨道 节奏,脚步 轨迹 脚印 步伐 足迹 痕迹 节奏 轨道
1930,1,,0.0,0.0,死,死,死,死
1931,4,0.49346671006123005,0.07801401094878069,0.25,死心 死心塌地 痴心 罢休,痴心 罢休 死心塌地 死心,罢休 死心塌地 痴心 死心,死心 死心塌地 痴心 罢休
1932,2,0.521161575312409,0.16272375329025277,0.0,残留 残,残留 残,残 残留,残留 残
1933,1,,0.0,0.0,段,段,段,段
1934,1,,0.0,0.0,母,母,母,母
1935,1,,0.0,0.0,每,每,每,每
1936,1,,0.0,0.0,每逢,每逢,每逢,每逢
1937,3,0.48999436306783,0.06991801073659559,0.3333333333333333,赌博 赌 毒品,毒品 赌 赌博,毒品 赌 赌博,赌博 赌 毒品
1938,5,0.5291000464117175,0.16591380009336978,0.0,相比 比 较 比起 相对,相对 较 比起 相比 比,比 相对 较 相比 比起,相比 比 较 比起 相对
1939,1,,0.0,0.0,毛,毛,毛,毛
1940,1,,0.0,0.0,民意,民意,民意,民意
1941,3,0.5519565897961924,0.2320276768325794,0.0,气球 热气球 风筝,风筝 热气球 气球,气球 热气球 风筝,气球 热气球 风筝
1942,3,0.43811465083921136,0.04794961594724991,0.6666666666666666,预报 气象 预告,预告 气象 预报,预报 预告 气象,预报 气象 预告
1943,4,0.4542513446816126,0.01834148633457894,0.5,氧 碳 炭 酸,酸 氧 炭 碳,碳 炭 氧 酸,氧 碳 炭 酸
1944,2,0.7750196620386499,0.6270622143976977,0.0,水准 水平,水准 水平,水准 水平,水准 水平
1945,2,0.55353836731928,0.1870903188113764,0.0,水手 海盗,水手 海盗,海盗 水手,水手 海盗
1946,2,0.6055329853602248,0.36960583284363224,0.0,混凝土 水泥,混凝土 水泥,混凝土 水泥,混凝土 水泥
1947,1,,0.0,0.0,水落石出,水落石出,水落石出,水落石出
1948,1,,0.0,0.0,水货,水货,水货,水货
1949,5,0.44526450953531677,0.0699635731313561,0.0,永远 永不 绝对 永恒 绝,绝 永恒 绝对 永不 永远,绝 绝对 永远 永不 永恒,永远 永不 绝对 永恒 绝
1950,1,,0.0,0.0,汇,汇,汇,汇
1951,2,0.5093905157362547,0.14892266450296562,0.0,江 渡,江 渡,渡 江,江 渡
1952,5,0.45983739976590526,0.0626850513138764,0.2,污秽 脏 灰尘 臭 细菌,细菌 臭 灰尘 脏 污秽,污秽 细菌 臭 脏 灰尘,污秽 脏 灰尘 臭 细菌
1953,1,,0.0,0.0,汪洋,汪洋,汪洋,汪洋
1954,4,0.5386575189162675,0.2034307593645772,0.0,燃油 汽油 燃料 油,油 燃料 汽油 燃油,油 汽油 燃油 燃料,燃油 汽油 燃料 油
1955,2,0.5005903594235884,0.1746745174688874,0.0,浮 沉,浮 沉,沉 浮,浮 沉
1956,2,0.6185997603963351,0.2884003591362341,0.0,沉重 沉甸甸,沉重 沉甸甸,沉甸甸 沉重,沉重 沉甸甸
1957,1,,0.0,0.0,沾光,沾光,沾光,沾光
1958,4,0.6160493828436718,0.31250132066024916,0.0,沿着 顺着 沿 穿过,穿过 顺着 沿 沿着,顺着 沿 沿着 穿过,沿着 顺着 沿 穿过
1959,8,0.46245907414675197,0.008310389634788997,0.375,波涛 波浪 起伏 波澜 风浪 迭起 浪 连绵,迭起 连绵 风浪 浪 起伏 波澜 波涛 波浪,迭起 起伏 浪 连绵 波涛 波浪 波澜 风浪,波涛 波浪 起伏 波澜 风浪 迭起 浪 连绵
1960,1,,0.0,0.0,注,注,注,注
1961,1,,0.0,0.0,泼冷水,泼冷水,泼冷水,泼冷水
1962,1,,0.0,0.0,洋,洋,洋,洋
1963,1,,0.0,0.0,洞,洞,洞,洞
1964,2,0.5077199766551815,0.143553416119706,0.0,活动 行动,活动 行动,行动 活动,活动 行动
1965,1,,0.0,0.0,活跃,活跃,活跃,活跃
1966,2,0.5271812617535555,0.12908512037656694,0.0,流 溢,流 溢,溢 流,流 溢
1967,1,,0.0,0.0,流动,流动,流动,流动
1968,2,0.5008432692303948,0.13084664935181134,0.0,流失 缩水,流失 缩水,流失 缩水,流失 缩水
1969,1,,0.0,0.0,流水,流水,流水,流水
1970,1,,0.0,0.0,流通,流通,流通,流通
1971,2,0.5893300341747907,0.24287947520560912,0.0,深 浅,深 浅,浅 深,深 浅
1972,8,0.5171358821132318,0.12077799813002496,0.25,耗费 花费 节省 消耗 浪费 节约 耗 花,浪费 花 节约 耗 消耗 花费 节省 耗费,耗费 花费 耗 花 消耗 节省 节约 浪费,耗费 花费 节省 消耗 浪费 节约 耗 花
1973,1,,0.0,0.0,海,海,海,海
1974,1,,0.0,0.0,海绵,海绵,海绵,海绵
1975,2,0.5682396011254962,0.15970743898185363,0.0,贝壳 海藻,贝壳 海藻,贝壳 海藻,贝壳 海藻
1976,1,,0.0,0.0,海量,海量,海量,海量
1977,1,,0.0,0.0,消,消,消,消
1978,1,,0.0,0.0,消化,消化,消化,消化
1979,2,0.5260426885353706,0.16161781233451109,0.0,消费 购物,消费 购物,消费 购物,消费 购物
1980,3,0.4796172170076965,0.057482328827455735,0.0,润 顺 盛,顺 润 盛,盛 润 顺,润 顺 盛
1981,1,,0.0,0.0,淘,淘,淘,淘
1982,1,,0.0,0.0,淡化,淡化,淡化,淡化
1983,2,0.5391169433255175,0.11435006395281352,0.0,深入 纵深,纵深 深入,纵深 深入,深入 纵深
1984,1,,0.0,0.0,深处,深处,深处,深处
1985,1,,0.0,0.0,深度,深度,深度,深度
1986,1,,0.0,0.0,清,清,清,清
1987,8,0.4952509213587148,0.08205048959695183,0.375,痛快 爽 爽快 舒畅 过瘾 酣畅 美滋滋 清凉,过瘾 美滋滋 清凉 舒畅 酣畅 爽快 痛快 爽,爽快 舒畅 爽 酣畅 痛快 清凉 美滋滋 过瘾,痛快 爽 爽快 舒畅 过瘾 酣畅 美滋滋 清凉
1988,2,0.5232251483502114,0.1309607058886544,0.0,渗透 渗,渗 渗透,渗 渗透,渗透 渗
1989,1,,0.0,0.0,温和,温和,温和,温和
1990,1,,0.0,0.0,温度计,温度计,温度计,温度计
1991,1,,0.0,0.0,港,港,港,港
1992,2,0.6798307912984547,0.37828117537847805,0.0,游戏机 游戏,游戏 游戏机,游戏 游戏机,游戏机 游戏
1993,1,,0.0,0.0,源源不断,源源不断,源源不断,源源不断
1994,1,,0.0,0.0,滚,滚,滚,滚
1995,1,,0.0,0.0,滚动,滚动,滚动,滚动
1996,7,0.4713025585534976,0.07199733416885509,0.42857142857142855,跟不上 赶不上 跟上 滞后 赶上 落后 脱节,脱节 落后 滞后 赶上 赶不上 跟上 跟不上,赶不上 跟上 脱节 滞后 落后 赶上 跟不上,跟不上 赶不上 跟上 滞后 赶上 落后 脱节
1997,1,,0.0,0.0,满,满,满,满
1998,7,0.4054953213661226,-0.0677149598332428,0.7142857142857143,迎合 顺应 适应 满足 迁就 讨好 顺势,顺势 讨好 迁就 适应 满足 顺应 迎合,讨好 顺应 顺势 满足 适应 迁就 迎合,迎合 顺应 适应 满足 迁就 讨好 顺势
1999,2,0.5575552937374021,0.16056178164825502,0.0,漆 蜡,蜡 漆,漆 蜡,漆 蜡
2000,1,,0.0,0.0,漏,漏,漏,漏
2001,4,0.47922643657063446,0.06969662322313584,0.25,讲解 解说 讲 演示,讲 演示 解说 讲解,讲解 讲 解说 演示,讲解 解说 讲 演示
2002,1,,0.0,0.0,漫,漫,漫,漫
2003,2,0.5079069237669787,0.10583838375812832,0.0,漫游 长途,漫游 长途,长途 漫游,漫游 长途
2004,3,0.5475565210078849,0.19255944160191318,0.0,潜力 潜能 潜在,潜在 潜力 潜能,潜力 潜在 潜能,潜力 潜能 潜在
2005,1,,0.0,0.0,澄清,澄清,澄清,澄清
2006,1,,0.0,0.0,激励,激励,激励,激励
2007,1,,0.0,0.0,激活,激活,激活,激活
2008,1,,0.0,0.0,灌,灌,灌,灌
2009,4,0.5423439476284598,0.20740998826658358,0.0,火热 红火 火暴 火,火 火暴 红火 火热,火 红火 火暴 火热,火热 红火 火暴 火
2010,9,0.5314700980723858,0.10721901170897326,0.1111111111111111,紫 蓝 白 黄 黑 红 绿 灰 青,灰 红 黑 青 白 紫 蓝 黄,紫 红 绿 灰 白 黄 黑 青 蓝,紫 蓝 白 黄 黑 红 绿 灰 青
2011,1,,0.0,0.0,灵,灵,灵,灵
2012,1,,0.0,0.0,灵通,灵通,灵通,灵通
2013,4,0.4392837147617887,-0.025570005685048386,0.5,血脉 灵魂 魂 血缘,血缘 魂 灵魂 血脉,血脉 魂 灵魂 血缘,血脉 灵魂 魂 血缘
2014,6,0.4432976608036971,-0.01221621269573119,0.5,炸 爆 爆炸 轰炸 轰 炒,炒 爆炸 轰 爆 轰炸 炸,炸 炒 爆 轰炸 轰 爆炸,炸 爆 爆炸 轰炸 轰 炒
2015,1,,0.0,0.0,点,点,点,点
2016,1,,0.0,0.0,点击率,点击率,点击率,点击率
2017,1,,0.0,0.0,点名,点名,点名,点名
2018,1,,0.0,0.0,点子,点子,点子,点子
2019,3,0.4696791409297161,0.05161303781281918,0.3333333333333333,点火 点燃 熄火,熄火 点燃 点火,熄火 点火 点燃,点火 点燃 熄火
2020,3,0.44315239416340546,0.08936785112552721,0.3333333333333333,点评 要点 评,要点 评 点评,点评 要点 评,点评 要点 评
2021,1,,0.0,0.0,炼,炼,炼,炼
2022,1,,0.0,0.0,热带,热带,热带,热带
2023,3,0.4545178298027024,0.04379057825717114,0.3333333333333333,缝 针 焊,焊 针 缝,缝 焊 针,缝 针 焊
2024,1,,0.0,0.0,焦,焦,焦,焦
2025,1,,0.0,0.0,照例,照例,照例,照例
2026,7,0.48412113851544186,0.09163087993182531,0.14285714285714285,鹿 虎 熊 豹 牛 鹰 马,马 鹰 豹 虎 鹿 熊 牛,熊 牛 马 鹰 鹿 虎 豹,鹿 虎 熊 豹 牛 鹰 马
2027,5,0.44309685431040535,0.009407958221698523,0.6,熟悉 熟练 精通 耳熟能详 陌生,陌生 耳熟能详 精通 熟练 熟悉,熟悉 耳熟能详 精通 陌生 熟练,熟悉 熟练 精通 耳熟能详 陌生
2028,1,,0.0,0.0,爆发,爆发,爆发,爆发
2029,1,,0.0,0.0,爆满,爆满,爆满,爆满
2030,1,,0.0,0.0,爱国,爱国,爱国,爱国
2031,2,0.5274392991860184,0.15320394660978173,0.0,爵士 绅士,爵士 绅士,爵士 绅士,爵士 绅士
2032,1,,0.0,0.0,牙,牙,牙,牙
2033,2,0.5580741517084136,0.21915972952925258,0.0,牢 筑,牢 筑,筑 牢,牢 筑
2034,1,,0.0,0.0,物质,物质,物质,物质
2035,1,,0.0,0.0,特,特,特,特
2036,2,0.5118919952378738,0.16603299365538868,0.0,特产 特色,特色 特产,特色 特产,特产 特色
2037,1,,0.0,0.0,状元,状元,状元,状元
2038,3,0.5888000156995036,0.2778905674462486,0.0,狂 疯狂 疯,疯 疯狂 狂,疯狂 狂 疯,狂 疯狂 疯
2039,1,,0.0,0.0,独,独,独,独
2040,1,,0.0,0.0,独家,独家,独家,独家
2041,5,0.4529763320327209,0.04145303984441993,0.4,独立自主 自主 独立 自立 自行,自行 独立 自立 独立自主 自主,独立 独立自主 自行 自立 自主,独立自主 自主 独立 自立 自行
2042,3,0.49712423777582276,0.10936267315979525,0.0,猎人 猎犬 野兽,野兽 猎人 猎犬,猎人 猎犬 野兽,猎人 猎犬 野兽
2043,1,,0.0,0.0,献血,献血,献血,献血
2044,1,,0.0,0.0,玄,玄,玄,玄
2045,2,0.5717029984227758,0.2909535427477369,0.0,隐情 玄机,玄机 隐情,玄机 隐情,隐情 玄机
2046,1,,0.0,0.0,王牌,王牌,王牌,王牌
2047,1,,0.0,0.0,环,环,环,环
2048,1,,0.0,0.0,环球,环球,环球,环球
2049,4,0.4304782922443066,0.004261831901280676,0.5,绕行 绕 环绕 通行,通行 环绕 绕 绕行,绕行 通行 绕 环绕,绕行 绕 环绕 通行
2050,1,,0.0,0.0,现成,现成,现成,现成
2051,2,0.5934710068774804,0.3009805164749573,0.0,现有 现行,现有 现行,现有 现行,现有 现行
2052,1,,0.0,0.0,现金,现金,现金,现金
2053,7,0.44759618230993103,0.02824808305892743,0.42857142857142855,瓷 陶瓷 瓷器 玻璃 窑 花瓶 非金属,非金属 花瓶 玻璃 窑 瓷器 瓷 陶瓷,瓷器 窑 瓷 花瓶 陶瓷 玻璃 非金属,瓷 陶瓷 瓷器 玻璃 窑 花瓶 非金属
2054,1,,0.0,0.0,理,理,理,理
2055,5,0.5187662179607408,0.1034828685212212,0.2,轻而易举 顺理成章 自然而然 理所当然 轻松,理所当然 轻松 自然而然 顺理成章 轻而易举,自然而然 轻而易举 轻松 理所当然 顺理成章,轻而易举 顺理成章 自然而然 理所当然 轻松
2056,1,,0.0,0.0,甜头,甜头,甜头,甜头
2057,1,,0.0,0.0,生态,生态,生态,生态
2058,3,0.5767272729285822,0.2729120902077114,0.0,用于 用来 用途,用途 用来 用于,用来 用于 用途,用于 用来 用途
2059,1,,0.0,0.0,用人,用人,用人,用人
2060,1,,0.0,0.0,用法,用法,用法,用法
2061,1,,0.0,0.0,电,电,电,电
2062,1,,0.0,0.0,电子版,电子版,电子版,电子版
2063,2,0.5451054998786405,0.1673639986063631,0.0,画蛇添足 画龙点睛,画龙点睛 画蛇添足,画蛇添足 画龙点睛,画蛇添足 画龙点睛
2064,1,,0.0,0.0,界,界,界,界
2065,1,,0.0,0.0,瘾,瘾,瘾,瘾
2066,1,,0.0,0.0,登,登,登,登
2067,1,,0.0,0.0,白白,白白,白白,白白
2068,1,,0.0,0.0,百分点,百分点,百分点,百分点
2069,1,,0.0,0.0,皮,皮,皮,皮
2070,1,,0.0,0.0,皮带,皮带,皮带,皮带
2071,1,,0.0,0.0,盆,盆,盆,盆
2072,4,0.6112938873612308,0.2708278857693195,0.0,跟踪 追踪 监控 监视,监视 监控 追踪 跟踪,追踪 跟踪 监视 监控,跟踪 追踪 监控 监视
2073,1,,0.0,0.0,监管,监管,监管,监管
2074,3,0.4507182384563449,-0.04379049233800999,0.6666666666666666,罩 筒 盖,筒 盖 罩,筒 罩 盖,罩 筒 盖
2075,1,,0.0,0.0,盘,盘,盘,盘
2076,5,0.42554187225276474,-0.024367255484724775,0.4,邻国 边境 领土 边疆 盟友,盟友 边疆 邻国 边境 领土,盟友 边疆 边境 领土 邻国,邻国 边境 领土 边疆 盟友
2077,1,,0.0,0.0,目标,目标,目标,目标
2078,1,,0.0,0.0,目的地,目的地,目的地,目的地
2079,1,,0.0,0.0,直,直,直,直
2080,2,0.6261433469472352,0.3735925983414454,0.0,间接 直接,直接 间接,间接 直接,间接 直接
2081,1,,0.0,0.0,直线,直线,直线,直线
2082,2,0.5700301942058992,0.24216549839775595,0.0,通往 直达,通往 直达,通往 直达,通往 直达
2083,1,,0.0,0.0,相当于,相当于,相当于,相当于
2084,6,0.5100709357056913,0.10421880973544616,0.16666666666666666,相连 贯通 相通 连接 纵横交错 贯穿,贯穿 连接 纵横交错 贯通 相通 相连,贯通 连接 相通 相连 纵横交错 贯穿,相连 贯通 相通 连接 纵横交错 贯穿
2085,3,0.7218334877138827,0.5193965089252585,0.0,看起来 看上去 看似,看似 看起来 看上去,看起来 看似 看上去,看起来 看上去 看似
2086,3,0.5810539350758646,0.29024123849782546,0.0,看重 看中 看好,看好 看重 看中,看好 看中 看重,看重 看中 看好
2087,1,,0.0,0.0,看得见,看得见,看得见,看得见
2088,1,,0.0,0.0,真空,真空,真空,真空
2089,2,0.6317703744865653,0.37054864026714557,0.0,眼前 面前,眼前 面前,面前 眼前,眼前 面前
2090,4,0.5450210938587284,0.17879598891966997,0.25,阅历 见识 眼界 资历,资历 见识 眼界 阅历,资历 阅历 眼界 见识,阅历 见识 眼界 资历
2091,1,,0.0,0.0,眼红,眼红,眼红,眼红
2092,1,,0.0,0.0,着想,着想,着想,着想
2093,1,,0.0,0.0,着落,着落,着落,着落
2094,2,0.5180312964618776,0.15658702375653055,0.0,睁 闭,睁 闭,睁 闭,睁 闭
2095,3,0.45829078222947056,0.04288507299091237,0.3333333333333333,逼 装 瞎,瞎 装 逼,瞎 逼 装,逼 装 瞎
2096,1,,0.0,0.0,短暂,短暂,短暂,短暂
2097,2,0.6126968401325594,0.36520115423400634,0.0,突破 破,突破 破,破 突破,突破 破
2098,2,0.5456681207729961,0.234180648818927,0.0,线索 破案,线索 破案,线索 破案,线索 破案
2099,3,0.5325299871646902,0.19402446895105308,0.0,破碎 碎 粉碎,粉碎 碎 破碎,碎 破碎 粉碎,破碎 碎 粉碎
2100,3,0.5612176170163492,0.22924265467864724,0.0,软件 硬件 计算机,计算机 硬件 软件,软件 计算机 硬件,软件 硬件 计算机
2101,1,,0.0,0.0,社,社,社,社
2102,5,0.5357058015592694,0.17081858993848853,0.2,离 距离 距 远离 脱离,脱离 远离 距离 距 离,远离 距离 离 距 脱离,离 距离 距 远离 脱离
2103,3,0.5206835397036943,0.10811894458433303,0.0,私人 私有 私营,私营 私有 私人,私营 私有 私人,私人 私有 私营
2104,2,0.5354386366107404,0.1398034247794095,0.0,项 种,种 项,种 项,项 种
2105,1,,0.0,0.0,种子,种子,种子,种子
2106,1,,0.0,0.0,科,科,科,科
2107,1,,0.0,0.0,科目,科目,科目,科目
2108,1,,0.0,0.0,秤,秤,秤,秤
2109,1,,0.0,0.0,积,积,积,积
2110,3,0.5715541959576605,0.20352782411623338,0.0,积累 累积 积蓄,累积 积蓄 积累,累积 积累 积蓄,积累 累积 积蓄
2111,1,,0.0,0.0,移植,移植,移植,移植
2112,1,,0.0,0.0,稀,稀,稀,稀
2113,2,0.5220277159668611,0.06122583348355538,0.0,程度 限度,限度 程度,程度 限度,程度 限度
2114,2,0.5246065957399697,0.19026617869663937,0.0,稍后 稍候,稍后 稍候,稍候 稍后,稍后 稍候
2115,1,,0.0,0.0,稻草,稻草,稻草,稻草
2116,2,0.6182086096429444,0.34598400447085703,0.0,穴位 部位,穴位 部位,部位 穴位,穴位 部位
2117,3,0.5947757936454593,0.29138687326948304,0.0,空隙 间隙 空儿,空儿 间隙 空隙,间隙 空儿 空隙,空隙 间隙 空儿
2118,1,,0.0,0.0,空间,空间,空间,空间
2119,1,,0.0,0.0,穿小鞋,穿小鞋,穿小鞋,穿小鞋
2120,5,0.44716260537154573,0.011812690186668464,0.6,跨越 穿越 越过 跨 飞跃,飞跃 越过 跨 穿越 跨越,跨越 跨 飞跃 越过 穿越,跨越 穿越 越过 跨 飞跃
2121,1,,0.0,0.0,突击,突击,突击,突击
2122,1,,0.0,0.0,突发,突发,突发,突发
2123,2,0.5340077121538653,0.10776596131786856,0.0,突如其来 莫名其妙,突如其来 莫名其妙,突如其来 莫名其妙,突如其来 莫名其妙
2124,1,,0.0,0.0,窗口,窗口,窗口,窗口
2125,1,,0.0,0.0,窝,窝,窝,窝
2126,1,,0.0,0.0,立,立,立,立
2127,1,,0.0,0.0,竞技,竞技,竞技,竞技
2128,2,0.6249341127647359,0.3701517089438837,0.0,节 章,章 节,章 节,节 章
2129,1,,0.0,0.0,端正,端正,端正,端正
2130,1,,0.0,0.0,笼子,笼子,笼子,笼子
2131,3,0.6188313420292544,0.3549951843276977,0.0,级别 等级 级,级 等级 级别,级 等级 级别,级别 等级 级
2132,1,,0.0,0.0,筋,筋,筋,筋
2133,4,0.490946856041611,0.08948629227360244,0.0,筹备 筹划 酝酿 策划,筹划 策划 酝酿 筹备,酝酿 策划 筹备 筹划,筹备 筹划 酝酿 策划
2134,1,,0.0,0.0,筹,筹,筹,筹
2135,1,,0.0,0.0,筹码,筹码,筹码,筹码
2136,1,,0.0,0.0,简历,简历,简历,简历
2137,1,,0.0,0.0,算盘,算盘,算盘,算盘
2138,5,0.3966340605599719,-0.0461857597842126,0.6,精打细算 节俭 算账 节衣缩食 账,账 算账 节俭 节衣缩食 精打细算,算账 账 精打细算 节衣缩食 节俭,精打细算 节俭 算账 节衣缩食 账
2139,1,,0.0,0.0,管,管,管,管
2140,5,0.5214771062010499,0.13596138482718034,0.2,运作 运营 运行 运转 管理,管理 运转 运营 运行 运作,运作 管理 运转 运行 运营,运作 运营 运行 运转 管理
2141,1,,0.0,0.0,管辖,管辖,管辖,管辖
2142,1,,0.0,0.0,篇幅,篇幅,篇幅,篇幅
2143,1,,0.0,0.0,簇拥,簇拥,簇拥,簇拥
2144,1,,0.0,0.0,粉,粉,粉,粉
2145,2,0.6048226948896878,0.26337470582255296,0.0,颗 粒,颗 粒,粒 颗,颗 粒
2146,2,0.5951152408529201,0.2603462822845823,0.0,粗 细,粗 细,粗 细,粗 细
2147,1,,0.0,0.0,精品,精品,精品,精品
2148,2,0.5141757677173178,0.1110560863181011,0.0,精益求精 精细,精益求精 精细,精益求精 精细,精益求精 精细
2149,1,,0.0,0.0,系,系,系,系
2150,1,,0.0,0.0,系列,系列,系列,系列
2151,1,,0.0,0.0,素,素,素,素
2152,1,,0.0,0.0,紧凑,紧凑,紧凑,紧凑
2153,1,,0.0,0.0,红眼,红眼,红眼,红眼
2154,1,,0.0,0.0,纪实,纪实,纪实,纪实
2155,2,0.7183816991727843,0.4979107569949518,0.0,经度 纬度,纬度 经度,纬度 经度,经度 纬度
2156,2,0.5144339038885453,0.15394708543072932,0.0,融入 纳入,纳入 融入,纳入 融入,融入 纳入
2157,1,,0.0,0.0,纳闷儿,纳闷儿,纳闷儿,纳闷儿
2158,1,,0.0,0.0,纸,纸,纸,纸
2159,1,,0.0,0.0,线,线,线,线
2160,2,0.5688887546968562,0.24063923711986818,0.0,路线 线路,线路 路线,线路 路线,路线 线路
2161,1,,0.0,0.0,组合,组合,组合,组合
2162,1,,0.0,0.0,组织,组织,组织,组织
2163,1,,0.0,0.0,经典,经典,经典,经典
2164,1,,0.0,0.0,结,结,结,结
2165,2,0.5009079545775563,0.11556283902880986,0.0,结合 配合,结合 配合,配合 结合,结合 配合
2166,1,,0.0,0.0,绝缘,绝缘,绝缘,绝缘
2167,1,,0.0,0.0,统一,统一,统一,统一
2168,1,,0.0,0.0,续,续,续,续
2169,1,,0.0,0.0,综合,综合,综合,综合
2170,1,,0.0,0.0,编,编,编,编
2171,1,,0.0,0.0,编排,编排,编排,编排
2172,1,,0.0,0.0,编辑,编辑,编辑,编辑
2173,1,,0.0,0.0,网,网,网,网
2174,1,,0.0,0.0,罗,罗,罗,罗
2175,2,0.8015556677997456,0.6564366660062273,0.0,而已 罢了,罢了 而已,罢了 而已,而已 罢了
2176,1,,0.0,0.0,置,置,置,置
2177,1,,0.0,0.0,美,美,美,美
2178,1,,0.0,0.0,美中不足,美中不足,美中不足,美中不足
2179,3,0.6842128325272862,0.4580358623650403,0.0,美元 美金 英镑,英镑 美金 美元,英镑 美元 美金,美元 美金 英镑
2180,3,0.5661362437919223,0.24856084337449338,0.0,飞翔 翅膀 飞,飞 飞翔 翅膀,飞翔 飞 翅膀,飞翔 翅膀 飞
2181,2,0.5081048443605982,0.15440402275094078,0.0,翻番 翻,翻番 翻,翻 翻番,翻番 翻
2182,1,,0.0,0.0,老,老,老,老
2183,1,,0.0,0.0,老字号,老字号,老字号,老字号
2184,1,,0.0,0.0,老远,老远,老远,老远
2185,1,,0.0,0.0,者,者,者,者
2186,1,,0.0,0.0,耳光,耳光,耳光,耳光
2187,1,,0.0,0.0,耳目一新,耳目一新,耳目一新,耳目一新
2188,1,,0.0,0.0,联合国,联合国,联合国,联合国
2189,1,,0.0,0.0,联想,联想,联想,联想
2190,1,,0.0,0.0,联网,联网,联网,联网
2191,3,0.5183678240617102,0.13175541695186718,0.0,股 股票 股份,股份 股票 股,股票 股份 股,股 股票 股份
2192,1,,0.0,0.0,股东,股东,股东,股东
2193,2,0.5146571572098009,0.10570406850417902,0.0,舍得 肯,肯 舍得,肯 舍得,舍得 肯
2194,2,0.6291321489964017,0.3645636811532055,0.0,胃口 食欲,食欲 胃口,食欲 胃口,胃口 食欲
2195,2,0.5561231767060415,0.22832379983386691,0.0,胎 轮胎,轮胎 胎,轮胎 胎,胎 轮胎
2196,1,,0.0,0.0,胜任,胜任,胜任,胜任
2197,2,0.6007642941853304,0.2700852465032989,0.0,胡子 辫子,辫子 胡子,辫子 胡子,胡子 辫子
2198,1,,0.0,0.0,胶水,胶水,胶水,胶水
2199,1,,0.0,0.0,脊梁,脊梁,脊梁,脊梁
2200,1,,0.0,0.0,脱,脱,脱,脱
2201,2,0.5464005912449803,0.18577046007356135,0.0,解脱 脱身,脱身 解脱,脱身 解脱,解脱 脱身
2202,1,,0.0,0.0,腔,腔,腔,腔
2203,1,,0.0,0.0,腾,腾,腾,腾
2204,1,,0.0,0.0,膜,膜,膜,膜
2205,1,,0.0,0.0,自助,自助,自助,自助
2206,2,0.6024008045526003,0.2728140444599446,0.0,自卫 防卫,防卫 自卫,防卫 自卫,自卫 防卫
2207,2,0.5413880966607004,0.20568582957088374,0.0,自愿 自发,自愿 自发,自愿 自发,自愿 自发
2208,1,,0.0,0.0,自始至终,自始至终,自始至终,自始至终
2209,1,,0.0,0.0,自由,自由,自由,自由
2210,1,,0.0,0.0,自相矛盾,自相矛盾,自相矛盾,自相矛盾
2211,2,0.510548617661701,0.10742793227874249,0.0,自觉 觉悟,自觉 觉悟,觉悟 自觉,自觉 觉悟
2212,1,,0.0,0.0,自负,自负,自负,自负
2213,1,,0.0,0.0,致命,致命,致命,致命
2214,1,,0.0,0.0,舱,舱,舱,舱
2215,1,,0.0,0.0,舵手,舵手,舵手,舵手
2216,1,,0.0,0.0,良,良,良,良
2217,2,0.501603042486841,0.1495917710277777,0.0,良心 黑心,良心 黑心,良心 黑心,良心 黑心
2218,1,,0.0,0.0,花样,花样,花样,花样
2219,1,,0.0,0.0,若干,若干,若干,若干
2220,1,,0.0,0.0,英雄,英雄,英雄,英雄
2221,1,,0.0,0.0,苹果,苹果,苹果,苹果
2222,1,,0.0,0.0,荒,荒,荒,荒
2223,1,,0.0,0.0,获悉,获悉,获悉,获悉
2224,2,0.5449672501326672,0.17732550527331603,0.0,菜单 选项,菜单 选项,菜单 选项,菜单 选项
2225,2,0.6568670352109249,0.3841846795884398,0.0,萌芽 萌发,萌芽 萌发,萌发 萌芽,萌芽 萌发
2226,2,0.5388027965781168,0.19315361862070024,0.0,落 落下,落 落下,落下 落,落 落下
2227,1,,0.0,0.0,落地,落地,落地,落地
2228,1,,0.0,0.0,蒙,蒙,蒙,蒙
2229,1,,0.0,0.0,虚,虚,虚,虚
2230,1,,0.0,0.0,行,行,行,行
2231,1,,0.0,0.0,行列,行列,行列,行列
2232,1,,0.0,0.0,行情,行情,行情,行情
2233,1,,0.0,0.0,衍生,衍生,衍生,衍生
2234,1,,0.0,0.0,补,补,补,补
2235,1,,0.0,0.0,补充,补充,补充,补充
2236,1,,0.0,0.0,裁,裁,裁,裁
2237,1,,0.0,0.0,要害,要害,要害,要害
2238,1,,0.0,0.0,要求,要求,要求,要求
2239,1,,0.0,0.0,见义勇为,见义勇为,见义勇为,见义勇为
2240,1,,0.0,0.0,见仁见智,见仁见智,见仁见智,见仁见智
2241,1,,0.0,0.0,见外,见外,见外,见外
2242,1,,0.0,0.0,观察,观察,观察,观察
2243,1,,0.0,0.0,角,角,角,角
2244,1,,0.0,0.0,角落,角落,角落,角落
2245,1,,0.0,0.0,解剖,解剖,解剖,解剖
2246,1,,0.0,0.0,解放,解放,解放,解放
2247,1,,0.0,0.0,警钟,警钟,警钟,警钟
2248,1,,0.0,0.0,计,计,计,计
2249,7,0.5025384573636194,0.12995544140556475,0.14285714285714285,预订 订购 预定 订 预约 预售 订单,订单 预售 订 预约 订购 预定 预订,订购 订 订单 预约 预售 预定 预订,预订 订购 预定 订 预约 预售 订单
2250,1,,0.0,0.0,认,认,认,认
2251,1,,0.0,0.0,讨,讨,讨,讨
2252,1,,0.0,0.0,训,训,训,训
2253,1,,0.0,0.0,记,记,记,记
2254,2,0.5371856962749413,0.18649466800455614,0.0,采访 记者,记者 采访,采访 记者,采访 记者
2255,1,,0.0,0.0,许,许,许,许
2256,1,,0.0,0.0,证,证,证,证
2257,1,,0.0,0.0,识,识,识,识
2258,1,,0.0,0.0,译,译,译,译
2259,1,,0.0,0.0,试用期,试用期,试用期,试用期
2260,1,,0.0,0.0,话费,话费,话费,话费
2261,2,0.5322963541035747,0.20525744743756885,0.0,陷阱 误区,陷阱 误区,误区 陷阱,陷阱 误区
2262,2,0.5900261291210187,0.29576348132552877,0.0,诱惑 诱人,诱惑 诱人,诱惑 诱人,诱惑 诱人
2263,1,,0.0,0.0,说干就干,说干就干,说干就干,说干就干
2264,1,,0.0,0.0,说明书,说明书,说明书,说明书
2265,1,,0.0,0.0,请进,请进,请进,请进
2266,2,0.5132170461829795,0.102139769362344,0.0,调节 调控,调控 调节,调节 调控,调节 调控
2267,1,,0.0,0.0,谱,谱,谱,谱
2268,1,,0.0,0.0,豁,豁,豁,豁
2269,1,,0.0,0.0,豁出去,豁出去,豁出去,豁出去
2270,4,0.4754374953629367,-0.00783221295670727,0.75,财产 财物 财富 资产,资产 财富 财物 财产,资产 财富 财产 财物,财产 财物 财富 资产
2271,1,,0.0,0.0,财经,财经,财经,财经
2272,1,,0.0,0.0,贫富,贫富,贫富,贫富
2273,1,,0.0,0.0,资本,资本,资本,资本
2274,1,,0.0,0.0,资格,资格,资格,资格
2275,1,,0.0,0.0,资源,资源,资源,资源
2276,1,,0.0,0.0,资讯,资讯,资讯,资讯
2277,1,,0.0,0.0,赋予,赋予,赋予,赋予
2278,1,,0.0,0.0,赎,赎,赎,赎
2279,1,,0.0,0.0,赖,赖,赖,赖
2280,2,0.6380819821836683,0.39807117238235534,0.0,输 赢,赢 输,赢 输,输 赢
2281,2,0.7607448329989656,0.5899135022240065,0.0,输家 赢家,输家 赢家,输家 赢家,输家 赢家
2282,1,,0.0,0.0,走廊,走廊,走廊,走廊
2283,1,,0.0,0.0,走过场,走过场,走过场,走过场
2284,1,,0.0,0.0,起,起,起,起
2285,1,,0.0,0.0,起步,起步,起步,起步
2286,1,,0.0,0.0,超前,超前,超前,超前
2287,1,,0.0,0.0,超级,超级,超级,超级
2288,1,,0.0,0.0,足,足,足,足
2289,1,,0.0,0.0,跑龙套,跑龙套,跑龙套,跑龙套
2290,4,0.5345981714702591,0.23401369419713808,0.0,跟随 追随 随 附和,附和 随 追随 跟随,追随 跟随 附和 随,跟随 追随 随 附和
2291,1,,0.0,0.0,跨国,跨国,跨国,跨国
2292,2,0.6250723671301094,0.33973312210737044,0.0,踏 踩,踏 踩,踏 踩,踏 踩
2293,4,0.5175458316888731,0.1309221327106298,0.0,车轮 轮子 车轴 马车,马车 车轮 车轴 轮子,轮子 车轮 车轴 马车,车轮 轮子 车轴 马车
2294,1,,0.0,0.0,转,转,转,转
2295,1,,0.0,0.0,转载,转载,转载,转载
2296,1,,0.0,0.0,轮,轮,轮,轮
2297,2,0.6167942770101075,0.3647895857244902,0.0,轻 重,重 轻,重 轻,轻 重
2298,1,,0.0,0.0,辅助,辅助,辅助,辅助
2299,1,,0.0,0.0,辐射,辐射,辐射,辐射
2300,1,,0.0,0.0,边缘,边缘,边缘,边缘
2301,1,,0.0,0.0,过关,过关,过关,过关
2302,1,,0.0,0.0,过半,过半,过半,过半
2303,1,,0.0,0.0,过奖,过奖,过奖,过奖
2304,1,,0.0,0.0,过渡,过渡,过渡,过渡
2305,1,,0.0,0.0,迈,迈,迈,迈
2306,1,,0.0,0.0,运动,运动,运动,运动
2307,1,,0.0,0.0,远见,远见,远见,远见
2308,1,,0.0,0.0,迟,迟,迟,迟
2309,2,0.5432318040802857,0.20500073916648187,0.0,问路 迷路,迷路 问路,迷路 问路,问路 迷路
2310,1,,0.0,0.0,追溯,追溯,追溯,追溯
2311,3,0.5842084249581422,0.27161376818106076,0.0,适合 适宜 适用,适用 适宜 适合,适用 适宜 适合,适合 适宜 适用
2312,1,,0.0,0.0,逆,逆,逆,逆
2313,1,,0.0,0.0,透支,透支,透支,透支
2314,1,,0.0,0.0,透明,透明,透明,透明
2315,1,,0.0,0.0,通,通,通,通
2316,1,,0.0,0.0,通俗,通俗,通俗,通俗
2317,1,,0.0,0.0,通用,通用,通用,通用
2318,1,,0.0,0.0,通缉,通缉,通缉,通缉
2319,1,,0.0,0.0,通道,通道,通道,通道
2320,1,,0.0,0.0,造福,造福,造福,造福
2321,1,,0.0,0.0,逢,逢,逢,逢
2322,2,0.5571324954760193,0.1617429715476454,0.0,遍地 遍,遍地 遍,遍地 遍,遍地 遍
2323,2,0.5076363107064006,0.13945350387431765,0.0,遗产 遗嘱,遗嘱 遗产,遗产 遗嘱,遗产 遗嘱
2324,1,,0.0,0.0,部,部,部,部
2325,1,,0.0,0.0,部署,部署,部署,部署
2326,1,,0.0,0.0,酌情,酌情,酌情,酌情
2327,2,0.5511979142349175,0.1966880412128022,0.0,配置 配备,配置 配备,配置 配备,配置 配备
2328,1,,0.0,0.0,酒鬼,酒鬼,酒鬼,酒鬼
2329,1,,0.0,0.0,酷,酷,酷,酷
2330,1,,0.0,0.0,释放,释放,释放,释放
2331,1,,0.0,0.0,野,野,野,野
2332,2,0.5296892143723422,0.16267780779764726,0.0,银 金,金 银,金 银,银 金
2333,1,,0.0,0.0,金字塔,金字塔,金字塔,金字塔
2334,7,0.5425920186316847,0.2158111844651648,0.0,铜 铅 铝 锡 金属 钢 铁,钢 铁 金属 锡 铜 铅 铝,金属 锡 钢 铝 铜 铅 铁,铜 铅 铝 锡 金属 钢 铁
2335,2,0.5143664877060186,0.13762809366842568,0.0,锁 钥匙,锁 钥匙,锁 钥匙,锁 钥匙
2336,1,,0.0,0.0,钻,钻,钻,钻
2337,1,,0.0,0.0,铃,铃,铃,铃
2338,1,,0.0,0.0,铺,铺,铺,铺
2339,1,,0.0,0.0,铺路,铺路,铺路,铺路
2340,1,,0.0,0.0,销毁,销毁,销毁,销毁
2341,1,,0.0,0.0,锁定,锁定,锁定,锁定
2342,1,,0.0,0.0,锈,锈,锈,锈
2343,1,,0.0,0.0,锤子,锤子,锤子,锤子
2344,1,,0.0,0.0,长城,长城,长城,长城
2345,1,,0.0,0.0,长寿,长寿,长寿,长寿
2346,1,,0.0,0.0,长征,长征,长征,长征
2347,1,,0.0,0.0,长足,长足,长足,长足
2348,1,,0.0,0.0,门当户对,门当户对,门当户对,门当户对
2349,1,,0.0,0.0,门槛,门槛,门槛,门槛
2350,1,,0.0,0.0,闪,闪,闪,闪
2351,1,,0.0,0.0,闪电,闪电,闪电,闪电
2352,1,,0.0,0.0,闯,闯,闯,闯
2353,1,,0.0,0.0,闲,闲,闲,闲
2354,2,0.5582884264701342,0.2638215966714016,0.0,隔 间隔,间隔 隔,间隔 隔,隔 间隔
2355,1,,0.0,0.0,队形,队形,队形,队形
2356,6,0.5142567411806432,0.0698273904597454,0.3333333333333333,防 防范 预防 防护 防御 防盗,防御 防盗 防护 预防 防范 防,防护 防盗 防御 防 防范 预防,防 防范 预防 防护 防御 防盗
2357,1,,0.0,0.0,防火墙,防火墙,防火墙,防火墙
2358,2,0.8785785645119271,0.7878342293822266,0.0,阴性 阳性,阴性 阳性,阳性 阴性,阴性 阳性
2359,1,,0.0,0.0,阴,阴,阴,阴
2360,1,,0.0,0.0,阵容,阵容,阵容,阵容
2361,1,,0.0,0.0,阵营,阵营,阵营,阵营
2362,1,,0.0,0.0,阶梯,阶梯,阶梯,阶梯
2363,3,0.540666870037041,0.23968708748788492,0.0,附加 附带 额外,额外 附带 附加,额外 附加 附带,附加 附带 额外
2364,1,,0.0,0.0,附属,附属,附属,附属
2365,1,,0.0,0.0,降温,降温,降温,降温
2366,1,,0.0,0.0,除外,除外,除外,除外
2367,1,,0.0,0.0,随机,随机,随机,随机
2368,2,0.593295147337237,0.3507020362791383,0.0,隐形 隐性,隐形 隐性,隐性 隐形,隐形 隐性
2369,1,,0.0,0.0,集,集,集,集
2370,1,,0.0,0.0,集体,集体,集体,集体
2371,1,,0.0,0.0,集团,集团,集团,集团
2372,1,,0.0,0.0,雪上加霜,雪上加霜,雪上加霜,雪上加霜
2373,1,,0.0,0.0,零,零,零,零
2374,1,,0.0,0.0,雾,雾,雾,雾
2375,1,,0.0,0.0,露天,露天,露天,露天
2376,2,0.5864838878810286,0.2769225371379138,0.0,青春 青春期,青春 青春期,青春期 青春,青春 青春期
2377,1,,0.0,0.0,面目全非,面目全非,面目全非,面目全非
2378,1,,0.0,0.0,面貌,面貌,面貌,面貌
2379,1,,0.0,0.0,革命,革命,革命,革命
2380,1,,0.0,0.0,靶子,靶子,靶子,靶子
2381,1,,0.0,0.0,页,页,页,页
2382,1,,0.0,0.0,顶,顶,顶,顶
2383,1,,0.0,0.0,顾,顾,顾,顾
2384,1,,0.0,0.0,顿,顿,顿,顿
2385,2,0.6457077147551605,0.3618959683145436,0.0,预兆 预感,预感 预兆,预感 预兆,预兆 预感
2386,1,,0.0,0.0,风云,风云,风云,风云
2387,1,,0.0,0.0,风水,风水,风水,风水
2388,1,,0.0,0.0,餐桌,餐桌,餐桌,餐桌
2389,1,,0.0,0.0,饭碗,饭碗,饭碗,饭碗
2390,1,,0.0,0.0,饱和,饱和,饱和,饱和
2391,1,,0.0,0.0,饶,饶,饶,饶
2392,1,,0.0,0.0,首,首,首,首
2393,2,0.5803075649511897,0.2711500110846305,0.0,首府 首都,首都 首府,首府 首都,首府 首都
2394,1,,0.0,0.0,马后炮,马后炮,马后炮,马后炮
2395,1,,0.0,0.0,驯,驯,驯,驯
2396,1,,0.0,0.0,驱逐,驱逐,驱逐,驱逐
2397,1,,0.0,0.0,高压,高压,高压,高压
2398,1,,0.0,0.0,高度,高度,高度,高度
2399,1,,0.0,0.0,魔术,魔术,魔术,魔术
2400,1,,0.0,0.0,鹏程万里,鹏程万里,鹏程万里,鹏程万里
2401,1,,0.0,0.0,鹤立鸡群,鹤立鸡群,鹤立鸡群,鹤立鸡群
2402,1,,0.0,0.0,麻,麻,麻,麻
2403,1,,0.0,0.0,黄金,黄金,黄金,黄金
2404,1,,0.0,0.0,黑白,黑白,黑白,黑白
2405,1,,0.0,0.0,黑马,黑马,黑马,黑马
2406,1,,0.0,0.0,默契,默契,默契,默契
2407,2,0.5965015846765438,0.2956154628726205,0.0,默默 默默无闻,默默无闻 默默,默默 默默无闻,默默 默默无闻
2408,1,,0.0,0.0,鼓,鼓,鼓,鼓
2409,1,,0.0,0.0,齐,齐,齐,齐
2410,1,,0.0,0.0,龙,龙,龙,龙
