community,size,mean_pair_cosine,mean_cosine_silhouette,negative_silhouette_fraction,representatives,boundary_words,deterministic_sample,all_members
0,1,,0.0,0.0,〇,〇,〇,〇
1,4,0.5373949680244868,0.18312336011343364,0.0,这 那 一 另,另 一 那 这,另 一 那 这,这 那 一 另
2,3,0.415164803003993,0.05049988966499455,0.0,一概 一一 一经,一概 一经 一一,一经 一概 一一,一概 一一 一经
3,28,0.4849747917801457,0.020271117806247168,0.42857142857142855,急忙 赶忙 立刻 连忙 慌忙 赶紧 忽然 立即 马上 猛然 随即 当即,情不自禁 悄悄 不禁 恨不得 迫不及待 灵机一动 不由得 便,慌忙 便 立刻 立即 禁不住 不禁 连忙 火速 不由得 一下子 迫不及待 当即,急忙 赶忙 立刻 连忙 慌忙 赶紧 忽然 立即 马上 猛然 随即 当即 顿时 突然 不由得 忍不住 不禁 情不自禁 禁不住 赶快 便 一下子 毫不犹豫 悄悄 火速 恨不得 迫不及待 灵机一动
4,6,0.4511851131672893,0.05600035492406317,0.3333333333333333,不慎 一不小心 不料 生怕 不幸 万一,万一 不幸 生怕 不料 一不小心 不慎,不幸 一不小心 不料 不慎 生怕 万一,不慎 一不小心 不料 生怕 不幸 万一
5,4,0.43053322213012474,0.053966007393604055,0.25,一鼓作气 士气 振作 一举,一举 士气 振作 一鼓作气,一鼓作气 振作 士气 一举,一鼓作气 士气 振作 一举
6,11,0.49499858507047373,0.12227886129843114,0.0,言行 举止 举动 言辞 一言一行 言论 言语 所作所为 话语 行为 一举一动,言论 一言一行 举动 话语 行为 言辞 举止 言语,举动 行为 举止 言语 言论 言行 言辞 一举一动 所作所为 话语 一言一行,言行 举止 举动 言辞 一言一行 言论 言语 所作所为 话语 行为 一举一动
7,5,0.511466989843752,0.16748938623362725,0.0,无所事事 一无所有 一事无成 无所作为 一无所知,一无所知 无所作为 一无所有 一事无成 无所事事,无所作为 一无所知 无所事事 一无所有 一事无成,无所事事 一无所有 一事无成 无所作为 一无所知
8,18,0.4767337838445058,0.04796842267543783,0.3888888888888889,大多数 多数 绝大多数 大多 大部分 许多 不少 大都 多半 好多 半数 一些,有的 一些 众多 半数 普遍 一般 部分 多半,一般 不少 部分 许多 或多或少 有的 大多 多数 绝大多数 多半 大都 好多,大多数 多数 绝大多数 大多 大部分 许多 不少 大都 多半 好多 半数 一些 有的 部分 众多 或多或少 普遍 一般
9,3,0.5756531560162128,0.3444192024367292,0.0,一代 代 下一代,代 下一代 一代,代 下一代 一代,一代 代 下一代
10,11,0.48397721136497973,0.09292723576137606,0.18181818181818182,钟头 分钟 星期 小时 半天 钟 天 一会儿 好久 礼拜 秒,一会儿 好久 钟 秒 天 礼拜 星期 小时,天 一会儿 秒 礼拜 分钟 钟 小时 好久 钟头 星期 半天,钟头 分钟 星期 小时 半天 钟 天 一会儿 好久 礼拜 秒
11,2,0.49243659431201126,0.19887353165498267,0.0,一体 一身,一体 一身,一身 一体,一体 一身
12,10,0.5721271107716329,0.270094084545848,0.0,共计 总共 总计 共 一共 合计 共有 累计 约 折合,折合 共有 约 累计 一共 合计 总计 总共,共有 共 约 总共 总计 合计 折合 共计 一共 累计,共计 总共 总计 共 一共 合计 共有 累计 约 折合
13,11,0.5166340690719927,0.11581753732097945,0.09090909090909091,屡次 频频 多次 一再 接连 再次 再度 屡 接二连三 三番五次 频繁,接连 再度 频繁 再次 三番五次 多次 接二连三 屡,屡 频繁 三番五次 再度 再次 多次 接二连三 频频 屡次 接连 一再,屡次 频频 多次 一再 接连 再次 再度 屡 接二连三 三番五次 频繁
14,8,0.4755089140116599,0.03481067029175415,0.5,种种 一系列 诸多 各种 多种 一连串 一切 等,等 多种 一切 各种 一连串 一系列 诸多 种种,等 一连串 种种 多种 诸多 一系列 各种 一切,种种 一系列 诸多 各种 多种 一连串 一切 等
15,6,0.5352263046710747,0.1886501380987292,0.0,一瞬间 一刹那 瞬间 千钧一发 时刻 关头,时刻 关头 瞬间 千钧一发 一刹那 一瞬间,一瞬间 时刻 关头 瞬间 千钧一发 一刹那,一瞬间 一刹那 瞬间 千钧一发 时刻 关头
16,42,0.4575231554390419,-0.008539035188268313,0.6190476190476191,摇头 苦笑 小声 冷笑 发愣 哆嗦 咧嘴 笑 点头 扭头 一言不发 一声不吭,神情 扭头 迟疑 目瞪口呆 脸色 坐下 惨白 招呼,插嘴 一声不吭 哭 嚷 一言不发 前仰后合 自言自语 笑 瞪 睁 皱 一动不动,摇头 苦笑 小声 冷笑 发愣 哆嗦 咧嘴 笑 点头 扭头 一言不发 一声不吭 自言自语 大声 瞪 愣 一动不动 呜咽 脸色 眉开眼笑 神情 哭 通红 惨白 嬉笑 颤抖 插嘴 目瞪口呆 发抖 微笑 嚷 皱 坐下 睁 说道 一眼 迟疑 面红耳赤 前仰后合 漠然 沉默 招呼
17,4,0.4067674294070425,0.03767407963012824,0.25,一半 半 过半 一部分,一部分 过半 半 一半,半 一部分 过半 一半,一半 半 过半 一部分
18,14,0.47184846544099684,0.012152439409020863,0.35714285714285715,银行卡 存折 身份证 挂失 信用卡 一卡通 支票 取款 护照 卡片 证件 磁卡,支票 护照 取款机 证件 卡片 取款 存折 磁卡,取款 卡 挂失 一卡通 取款机 信用卡 护照 卡片 存折 磁卡 支票 身份证,银行卡 存折 身份证 挂失 信用卡 一卡通 支票 取款 护照 卡片 证件 磁卡 卡 取款机
19,3,0.4430542156466986,0.05581188714075567,0.0,口 开口 一口气,开口 一口气 口,口 开口 一口气,口 开口 一口气
20,10,0.4617792612432852,0.013317952406047402,0.4,俗语 俗话 名言 成语 句 一句话 谜语 俗话说 对联 古人,名言 古人 俗话说 成语 谜语 一句话 对联 句,俗话说 谜语 成语 句 古人 名言 俗话 俗语 一句话 对联,俗语 俗话 名言 成语 句 一句话 谜语 俗话说 对联 古人
21,7,0.48495385959518245,0.117675130499445,0.14285714285714285,联手 携手 共同 联合 一同 一起 牵头,牵头 一同 一起 联合 携手 联手 共同,牵头 联手 一起 共同 联合 携手 一同,联手 携手 共同 联合 一同 一起 牵头
22,8,0.5506057007140156,0.1510294318214882,0.125,一向 向来 历来 一贯 一直 始终 长期以来 多年来,一贯 始终 多年来 一直 长期以来 向来 历来 一向,始终 历来 一贯 多年来 长期以来 向来 一直 一向,一向 向来 历来 一贯 一直 始终 长期以来 多年来
23,6,0.5015507243068204,0.0045337196307746646,0.5,一味 盲目 片面 只顾 单纯 过分,单纯 过分 片面 只顾 盲目 一味,盲目 片面 只顾 单纯 过分 一味,一味 盲目 片面 只顾 单纯 过分
24,3,0.3883744988318325,-0.03805467883245193,0.6666666666666666,块 枚 一块儿,一块儿 枚 块,块 枚 一块儿,块 枚 一块儿
25,7,0.45073855432585247,0.01940775009621627,0.42857142857142855,不得了 够呛 要命 受不了 得 得了 一塌糊涂,一塌糊涂 受不了 要命 得了 够呛 得 不得了,不得了 得 得了 够呛 受不了 要命 一塌糊涂,不得了 够呛 要命 受不了 得 得了 一塌糊涂
26,37,0.5014063892975116,0.05994492005523997,0.2702702702702703,晚上 早上 早晨 傍晚 中午 下午 清晨 上午 夜里 凌晨 一早 深夜,明天 今日 醒来 下班 星期日 今天 午饭 日,昨天 早晨 起床 下午 凌晨 一大早 晚饭 晚间 上午 晚 日 次日,晚上 早上 早晨 傍晚 中午 下午 清晨 上午 夜里 凌晨 一早 深夜 一大早 半夜 当晚 白天 夜晚 晚饭 昨天 前天 起床 晚 午饭 次日 星期天 当天 晚间 明天 夜间 今天 下班 黄昏 星期日 当日 醒来 日 今日
27,11,0.47850388617007,0.06353136596722624,0.18181818181818182,一天到晚 整天 成天 从早到晚 一年到头 老是 没完没了 不停 日复一日 到处 动不动,到处 老是 不停 动不动 日复一日 从早到晚 没完没了 一年到头,到处 动不动 不停 一天到晚 一年到头 日复一日 成天 老是 整天 从早到晚 没完没了,一天到晚 整天 成天 从早到晚 一年到头 老是 没完没了 不停 日复一日 到处 动不动
28,3,0.39564706903183516,-0.04274098039207089,0.6666666666666666,头 一头 拐,拐 一头 头,头 拐 一头,头 一头 拐
29,1,,0.0,0.0,一如既往,一如既往,一如既往,一如既往
30,3,0.40796794054522695,0.03233844471157185,0.3333333333333333,程度 高度 一定,一定 高度 程度,程度 高度 一定,程度 高度 一定
31,93,0.5029828299121136,0.06681814049712577,0.3763440860215054,姑姑 舅舅 奶奶 爸爸 爸 姐姐 爷爷 妹妹 姥姥 嫂子 哥哥 妈妈,小时候 老家 他 你 师傅 爱人 同学 姑娘,爱人 太太 胖子 哥哥 老太太 哥 她 妈 妹 姐 姨 娘,姑姑 舅舅 奶奶 爸爸 爸 姐姐 爷爷 妹妹 姥姥 嫂子 哥哥 妈妈 母亲 父亲 姥爷 妈 爹 弟弟 闺女 儿子 外婆 媳妇 女儿 老婆 叔叔 伯母 大姐 伯父 外公 孙女 祖母 岳母 父母 阿姨 丈夫 老公 岳父 大哥 妻子 大爷 老太太 伯伯 姐 继父 老伴儿 孙子 太太 娘 她 孩子 亲戚 姨 长辈 家人 继母 女婿 老头儿 男朋友 女朋友 爱人 师父 妹 小孩儿 老人家 弟 姑娘 老汉 大妈 祖父 丫头 邻居 我 他 两口子 老乡 大人 亲生 老师 亲人 老人 家里 师傅 儿女 你 同学 老家 小伙子 寡妇 老王 一家人 小时候 胖子 哥
32,2,0.4552020776180772,0.09793505348057344,0.0,一帆风顺 鹏程万里,一帆风顺 鹏程万里,一帆风顺 鹏程万里,一帆风顺 鹏程万里
33,5,0.43536229621522554,0.0758063778450609,0.2,一带 沿线 区域 一路 地段,一路 地段 区域 沿线 一带,一路 区域 地段 沿线 一带,一带 沿线 区域 一路 地段
34,3,0.4180859100262413,0.015559856573711178,0.3333333333333333,一干二净 掉 面目全非,掉 面目全非 一干二净,掉 面目全非 一干二净,一干二净 掉 面目全非
35,6,0.4949614262370678,0.08510750090101704,0.3333333333333333,齐全 一应俱全 完备 设施 应有尽有 配套,完备 设施 配套 应有尽有 一应俱全 齐全,齐全 完备 配套 一应俱全 应有尽有 设施,齐全 一应俱全 完备 设施 应有尽有 配套
36,3,0.6307862720643533,0.38130039941297983,0.0,曾 曾经 一度,一度 曾经 曾,曾 曾经 一度,曾 曾经 一度
37,8,0.4997501519083318,0.06667646504323284,0.25,全都 统统 全部 通通 几乎 所有 一律 完全,一律 完全 全部 所有 全都 几乎 通通 统统,通通 完全 几乎 所有 统统 全都 全部 一律,全都 统统 全部 通通 几乎 所有 一律 完全
38,2,0.45094787412281057,0.06262945016459348,0.0,一心 有朝一日,有朝一日 一心,有朝一日 一心,一心 有朝一日
39,23,0.46382383191531856,-0.013920207869250682,0.4782608695652174,尽力 竭尽全力 竭力 全力 努力 千方百计 想方设法 极力 全力以赴 设法 奋力 力求,坚持不懈 一心一意 齐心协力 大力 试图 致力于 拼命 奋力,争分夺秒 致力于 全力 大力 千方百计 极力 尽力 竭尽全力 想方设法 力求 奋力 力争,尽力 竭尽全力 竭力 全力 努力 千方百计 想方设法 极力 全力以赴 设法 奋力 力求 拼命 齐心协力 力争 致力于 试图 大力 一心一意 尽量 尽可能 坚持不懈 争分夺秒
40,5,0.3886544541894089,-0.09513126717756044,1.0,僵化 老化 一成不变 单一 松弛,松弛 老化 一成不变 僵化 单一,松弛 僵化 老化 一成不变 单一,僵化 老化 一成不变 单一 松弛
41,3,0.5249755224831545,0.13835041394479328,0.0,两手 一手 手,手 一手 两手,手 两手 一手,两手 一手 手
42,10,0.48230324457938256,0.062400185514276355,0.1,挣钱 谋生 赚钱 做生意 发财 打工 致富 经商 门路 一技之长,做生意 一技之长 门路 致富 打工 赚钱 发财 挣钱,谋生 赚钱 做生意 门路 一技之长 致富 打工 经商 发财 挣钱,挣钱 谋生 赚钱 做生意 发财 打工 致富 经商 门路 一技之长
43,3,0.47511450345359546,0.1420237846476756,0.0,领导 同志 一把手,一把手 领导 同志,同志 一把手 领导,领导 同志 一把手
44,1,,0.0,0.0,一揽子,一揽子,一揽子,一揽子
45,10,0.5058306034326482,0.09642034087232354,0.3,不仅 不仅仅 不光 不但 恰恰 仅仅 既 一方面 尤其 不止,尤其 一方面 仅仅 不止 既 恰恰 不但 不仅仅,不仅 不但 尤其 不光 不止 既 恰恰 仅仅 不仅仅 一方面,不仅 不仅仅 不光 不但 恰恰 仅仅 既 一方面 尤其 不止
46,42,0.4862755401436635,0.020880730439103146,0.40476190476190477,旁边 后边 前边 外边 那边 里边 后面 前面 下边 那儿 上边 左边,上面 一旁 右边 左边 上边 边 这儿 里,门口 旁边 跟前 旁 左边 北边 那儿 楼上 楼下 上面 那里 上边,旁边 后边 前边 外边 那边 里边 后面 前面 下边 那儿 上边 左边 右边 底下 东边 外面 对面 西边 南边 外头 旁 这边 里面 北边 上面 远处 楼下 门口 那里 里头 两边 这儿 下面 楼上 里 一旁 跟前 隔壁 中间 边 老远 两侧
47,15,0.5324987020274252,0.11866523632131486,0.2,如果 假如 倘若 即使 即便 只要 除非 假使 若 一旦 当 每当,无论 不管 要么 只要 当 每当 若 一旦,如果 倘若 无论 当 不管 每当 除非 即使 即便 若 要么 只要,如果 假如 倘若 即使 即便 只要 除非 假使 若 一旦 当 每当 不管 无论 要么
48,3,0.48653873561181754,0.11095492914815985,0.0,暂时 暂 一时,一时 暂 暂时,暂时 暂 一时,暂时 暂 一时
49,4,0.48170094643992095,0.08581264888795087,0.0,一晃 转眼 眨眼 不一会儿,不一会儿 眨眼 转眼 一晃,不一会儿 转眼 眨眼 一晃,一晃 转眼 眨眼 不一会儿
50,13,0.5009389819140557,0.09533277216719359,0.3076923076923077,相同 相似 截然不同 不同 一模一样 有所不同 大同小异 类似 一样 与众不同 差不多 不同寻常,差不多 类似 不同寻常 不相上下 与众不同 一样 截然不同 有所不同,不同寻常 不同 一模一样 大同小异 有所不同 相同 类似 相似 与众不同 截然不同 差不多 不相上下,相同 相似 截然不同 不同 一模一样 有所不同 大同小异 类似 一样 与众不同 差不多 不同寻常 不相上下
51,4,0.463650739368582,0.07482136250741755,0.25,一概而论 见仁见智 因人而异 定论,定论 因人而异 见仁见智 一概而论,一概而论 因人而异 定论 见仁见智,一概而论 见仁见智 因人而异 定论
52,1,,0.0,0.0,一次性,一次性,一次性,一次性
53,1,,0.0,0.0,一毛不拔,一毛不拔,一毛不拔,一毛不拔
54,7,0.4778198272332153,0.09306417558744363,0.2857142857142857,顶级 顶尖 世界级 一流 重量级 精英 高手,高手 精英 重量级 一流 世界级 顶级 顶尖,顶级 顶尖 精英 重量级 世界级 高手 一流,顶级 顶尖 世界级 一流 重量级 精英 高手
55,7,0.5968665542638921,0.3247631651786465,0.0,稍稍 稍微 稍 略微 略 有所 一点儿,一点儿 有所 略 略微 稍稍 稍 稍微,稍 略 略微 稍微 有所 稍稍 一点儿,稍稍 稍微 稍 略微 略 有所 一点儿
56,4,0.632852571145719,0.3654429073185189,0.0,终生 一生 一辈子 终身,一生 一辈子 终身 终生,一辈子 终身 一生 终生,终生 一生 一辈子 终身
57,2,0.552211614295748,0.29360056672664847,0.0,番 一番,一番 番,番 一番,番 一番
58,1,,0.0,0.0,一目了然,一目了然,一目了然,一目了然
59,9,0.49221644492325045,0.0669828216039548,0.3333333333333333,发愁 犯愁 伤脑筋 头疼 操心 担心 提心吊胆 一筹莫展 麻烦,担心 麻烦 一筹莫展 操心 提心吊胆 发愁 头疼 伤脑筋,操心 犯愁 发愁 一筹莫展 提心吊胆 麻烦 担心 头疼 伤脑筋,发愁 犯愁 伤脑筋 头疼 操心 担心 提心吊胆 一筹莫展 麻烦
60,4,0.3983011689889871,-0.04245326574276308,0.5,第一线 一线 线 第一手,第一手 线 第一线 一线,线 第一手 第一线 一线,第一线 一线 线 第一手
61,2,0.48138320855023276,0.12766034735900822,0.0,共识 一致,一致 共识,一致 共识,共识 一致
62,27,0.501467054729919,0.06537499481336922,0.3333333333333333,此外 换言之 总而言之 除此之外 事实上 总之 由此可见 由此看来 也就是说 然而 与此同时 相比之下,据悉 与此同时 相反 这样一来 另一方面 由此可见 恰恰相反 因此,总之 据悉 这就是说 相比之下 然而 总而言之 也就是说 综上所述 相反 另一方面 因此 其次,此外 换言之 总而言之 除此之外 事实上 总之 由此可见 由此看来 也就是说 然而 与此同时 相比之下 据悉 另外 其次 因此 这就是说 另一方面 综上所述 相对而言 总的来说 这样一来 相反 众所周知 一般来说 至此 恰恰相反
63,1,,0.0,0.0,一行,一行,一行,一行
64,8,0.47005590983658946,0.07391094103565134,0.25,路上 一路上 路过 路边 沿途 途中 问路 路人,问路 途中 路人 路边 路过 路上 沿途 一路上,沿途 一路上 路过 路边 问路 路人 路上 途中,路上 一路上 路过 路边 沿途 途中 问路 路人
65,12,0.482284414801416,0.06804884356152403,0.16666666666666666,祝福 祝 祝愿 保佑 一路平安 心想事成 好运 保重 一路顺风 祈祷 恭喜 晚安,一路顺风 好运 恭喜 祈祷 晚安 祝愿 祝 心想事成,保重 祝愿 祝福 祝 祈祷 晚安 一路平安 恭喜 保佑 一路顺风 好运 心想事成,祝福 祝 祝愿 保佑 一路平安 心想事成 好运 保重 一路顺风 祈祷 恭喜 晚安
66,2,0.6593817612682116,0.42677253577412727,0.0,一面 一边,一边 一面,一面 一边,一面 一边
67,3,0.5263196538094815,0.23763060487780782,0.0,一连 连续 连,连续 连 一连,一连 连续 连,一连 连续 连
68,3,0.44810373366204176,0.10484068476593213,0.0,道 便道 一道,一道 便道 道,一道 便道 道,道 便道 一道
69,1,,0.0,0.0,一锅粥,一锅粥,一锅粥,一锅粥
70,1,,0.0,0.0,一长一短,一长一短,一长一短,一长一短
71,15,0.5084454922102135,0.14851298447789094,0.06666666666666667,清脆 响声 悦耳 声音 响起 刺耳 声 响 响亮 笑声 洪亮 传来,好听 口哨 一阵 传来 笑声 响 响亮 洪亮,响亮 响声 一阵 响 声 洪亮 声音 悦耳 传来 好听 刺耳 清脆,清脆 响声 悦耳 声音 响起 刺耳 声 响 响亮 笑声 洪亮 传来 口哨 一阵 好听
72,6,0.47215797082432825,0.03077348118606682,0.5,异口同声 争先恐后 不约而同 七嘴八舌 兴高采烈 一齐,一齐 争先恐后 兴高采烈 不约而同 异口同声 七嘴八舌,一齐 争先恐后 兴高采烈 七嘴八舌 不约而同 异口同声,异口同声 争先恐后 不约而同 七嘴八舌 兴高采烈 一齐
73,5,0.43978951891123436,0.03202811757873135,0.2,王 姜 丁 罗 小王,罗 小王 丁 姜 王,姜 丁 罗 王 小王,王 姜 丁 罗 小王
74,13,0.6073419193396995,0.35029367822555557,0.07692307692307693,四 五 六 七 三 八 九 十 二 第二 两 几,几 两 十 第 第二 二 九 三,第二 六 八 几 十 四 二 五 九 两 七 三,四 五 六 七 三 八 九 十 二 第二 两 几 第
75,6,0.4909386141380293,0.13770245050474186,0.16666666666666666,千 万 百 亿 千万 余,千万 亿 余 万 百 千,千 亿 万 余 百 千万,千 万 百 亿 千万 余
76,1,,0.0,0.0,万万,万万,万万,万万
77,1,,0.0,0.0,万分,万分,万分,万分
78,4,0.5077241594804067,0.14558597406503734,0.25,友谊 友好 万古长青 建交,建交 友好 万古长青 友谊,建交 友好 万古长青 友谊,友谊 友好 万古长青 建交
79,1,,0.0,0.0,万无一失,万无一失,万无一失,万无一失
80,2,0.5551343701508054,0.30067527521177473,0.0,万能 全能,全能 万能,全能 万能,万能 全能
81,90,0.467926936293706,-0.01668530871317201,0.5111111111111111,米饭 卤味 薯条 饺子 饼干 香肠 烤肉 酸奶 饼 薯片 点心 海鲜,红茶 咖啡 红酒 豆制品 醋 午餐 香油 甜,烧烤 汤圆 烤鸭 烤肉 巧克力 吃 饼干 面粉 方便面 碗 粥 烤,米饭 卤味 薯条 饺子 饼干 香肠 烤肉 酸奶 饼 薯片 点心 海鲜 芝士 豆腐 包子 豆浆 果酱 面包 好吃 馅儿 粥 橙汁 火锅 果汁 小吃 酱 美味 面条儿 汤圆 可口 馒头 寿司 牛奶 吃 菜 佐料 肉 饭 水果 巧克力 罐头 调料 烤鸭 烤 主食 汁 奶茶 零食 酥 中餐 火腿 月饼 麻辣 口感 西餐 烧烤 三明治 鲜美 饮料 早餐 酱油 甜 豆制品 食物 醋 红茶 碗 冰棍儿 咖啡 风味 盒饭 香油 早饭 晚餐 涮 方便面 红酒 蛋糕 口味 快餐 粽子 美食 汽水 午餐 糖果 辣 热腾腾 烹调 面粉 砂糖
82,4,0.47621954643212483,0.11133846198413064,0.0,三维 平面 立体 图形,图形 平面 立体 三维,图形 立体 平面 三维,三维 平面 立体 图形
83,2,0.47352598055554385,0.16885134693891213,0.0,角 三角,角 三角,三角 角,角 三角
84,2,0.46211139437338566,0.1117433553104894,0.0,上头 上,上头 上,上 上头,上头 上
85,3,0.4175642086428661,0.031092813497465687,0.0,左右 出头 上下,上下 左右 出头,上下 出头 左右,左右 出头 上下
86,13,0.5500347522492893,0.20160507916548803,0.15384615384615385,月初 月底 下旬 中旬 月份 上旬 年初 年底 上个月 月 下个月 上周,上周 底 下个月 年初 上个月 年底 月 月份,底 年底 年初 上周 月 月底 月初 月份 上旬 中旬 上个月 下个月,月初 月底 下旬 中旬 月份 上旬 年初 年底 上个月 月 下个月 上周 底
87,17,0.5209890139100516,0.12809685346847685,0.29411764705882354,出任 担任 就任 兼任 任 任命 现任 任职 职务 辞去 聘任 就职,兼 接替 辞去 任期 职务 聘任 上任 任职,兼 任 任职 兼任 上任 现任 就任 任命 辞去 出任 任期 前任,出任 担任 就任 兼任 任 任命 现任 任职 职务 辞去 聘任 就职 接替 上任 任期 前任 兼
88,17,0.5077485180401708,0.0688500957406137,0.29411764705882354,上涨 攀升 上升 下跌 回升 飙升 回落 下降 涨 跌 反弹 升高,升温 跌 跳水 反弹 升高 增长 涨 高涨,升 上升 涨 升温 上涨 升高 反弹 回落 跌 回升 增长 高涨,上涨 攀升 上升 下跌 回升 飙升 回落 下降 涨 跌 反弹 升高 高涨 增长 升 升温 跳水
89,15,0.5008829295954962,0.06913161644309057,0.13333333333333333,过来 回来 回去 进去 出来 进来 下来 上去 出去 上来 下去 起来,完了 出来 上去 去 出去 上来 来 回去,下去 去 进去 上去 来 完了 进来 上来 回去 出去 回来 出来,过来 回来 回去 进去 出来 进来 下来 上去 出去 上来 下去 起来 完了 去 来
90,2,0.547672661739484,0.2327054903540559,0.0,台上 上台,台上 上台,上台 台上,台上 上台
91,4,0.5287897628485,0.16599953109558568,0.25,上级 下级 上司 下属,下属 下级 上司 上级,下属 上司 上级 下级,上级 下级 上司 下属
92,5,0.5106142881650848,0.09244065955416955,0.2,上场 出场 全场 开场 在场,在场 开场 出场 全场 上场,开场 上场 全场 出场 在场,上场 出场 全场 开场 在场
93,29,0.4655738613346324,-0.007310375572893313,0.4482758620689655,研究生 就读 毕业 入学 硕士 大学 本科 学位 攻读 转学 进修 毕业生,学院 本科 招收 念书 学士 毕业生 学历 入学,研究生 入学 上学 进修 升学 本科 函授 大学 退学 硕士 就读 毕业,研究生 就读 毕业 入学 硕士 大学 本科 学位 攻读 转学 进修 毕业生 报考 文凭 学业 退学 升学 求学 学费 学历 奖学金 念书 留学 上学 函授 学士 学分 学院 招收
94,2,0.5220829736023729,0.1433466376414164,0.0,岗位 上岗,岗位 上岗,岗位 上岗,岗位 上岗
95,1,,0.0,0.0,上市,上市,上市,上市
96,2,0.4508690594991087,0.05553898011873011,0.0,天堂 上帝,上帝 天堂,上帝 天堂,天堂 上帝
97,4,0.46476171366704405,0.08445701485434606,0.25,上当 吃亏 受骗 沾光,沾光 受骗 吃亏 上当,上当 沾光 受骗 吃亏,上当 吃亏 受骗 沾光
98,11,0.46576336809732727,0.04476127406058628,0.45454545454545453,审核 审查 审批 评审 审定 验收 批准 公示 上报 审 把关,上报 审 公示 把关 验收 评审 批准 审批,审 审定 审查 审批 审核 验收 上报 批准 评审 公示 把关,审核 审查 审批 评审 审定 验收 批准 公示 上报 审 把关
99,4,0.41088161288037833,-0.04753263710796028,0.5,上方 附近 位置 向上,位置 向上 附近 上方,上方 向上 位置 附近,上方 附近 位置 向上
100,24,0.4996900634879529,0.01903881496931692,0.4583333333333333,电影 影片 电视剧 导演 剧 动画片 喜剧 剧本 编剧 主演 片子 纪录片,剧组 动画 配音 动画片 放映 出演 小说 剧情,演技 电视剧 剧 电影 连续剧 上映 小说 剧情 剧本 编剧 剧组 放映,电影 影片 电视剧 导演 剧 动画片 喜剧 剧本 编剧 主演 片子 纪录片 剧情 短片 动画 出演 连续剧 上映 小说 配音 科幻 演技 剧组 放映
101,3,0.5354044043702277,0.2436441246398098,0.0,本期 上期 下期,下期 上期 本期,上期 本期 下期,本期 上期 下期
102,11,0.47922253563278183,0.07197586610395966,0.18181818181818182,下楼 回家 出门 放学 上楼 下山 串门 在家 外出 顺路 下课,外出 顺路 下山 串门 在家 下课 上楼 出门,下山 顺路 串门 上楼 出门 放学 回家 外出 在家 下课 下楼,下楼 回家 出门 放学 上楼 下山 串门 在家 外出 顺路 下课
103,3,0.44284893660417596,0.0953872840751841,0.0,上次 刚才 此次,刚才 此次 上次,上次 刚才 此次,上次 刚才 此次
104,1,,0.0,0.0,上流,上流,上流,上流
105,4,0.4823742502074124,0.11857728068339936,0.25,上游 下游 流域 源头,源头 流域 下游 上游,流域 上游 源头 下游,上游 下游 流域 源头
106,4,0.5196579603916105,0.10140132582859676,0.25,演 演绎 上演 扮演,扮演 演 演绎 上演,扮演 演 上演 演绎,演 演绎 上演 扮演
107,31,0.4819870393421263,0.032336863837099404,0.3548387096774194,煮 炖 煎 蒸 烫 拌 开水 熬 锅 凉水 淋 煲,炸 热水 烧 搅 蘸 炒 冻 浇,搅拌 冻 勺 糊 熬 熏 熟 煲 煮 煎 炸 炖,煮 炖 煎 蒸 烫 拌 开水 熬 锅 凉水 淋 煲 浇 搅拌 浸泡 烧 蘸 冷水 泡 汤 糊 勺 热水 炸 熏 加热 搅 炒 熟 冻 上火
108,10,0.45241907323083363,0.028085024952001807,0.3,加班 上班 夜班 请假 出差 开夜车 开会 值班 偷懒 旷课,请假 偷懒 值班 出差 开会 旷课 夜班 上班,开夜车 开会 请假 上班 偷懒 旷课 加班 出差 值班 夜班,加班 上班 夜班 请假 出差 开夜车 开会 值班 偷懒 旷课
109,4,0.526836791300756,0.15729964401280405,0.25,白领 上班族 蓝领 单身,单身 蓝领 上班族 白领,单身 上班族 蓝领 白领,白领 上班族 蓝领 单身
110,9,0.4998487214792887,0.10235216088856366,0.1111111111111111,酗酒 抽烟 吸烟 吸毒 上瘾 沉迷 戒烟 赌博 熬夜,熬夜 赌博 沉迷 上瘾 戒烟 吸毒 吸烟 抽烟,抽烟 上瘾 戒烟 吸毒 吸烟 熬夜 酗酒 沉迷 赌博,酗酒 抽烟 吸烟 吸毒 上瘾 沉迷 戒烟 赌博 熬夜
111,3,0.5705704229714375,0.2656735818223694,0.0,高空 空中 上空,上空 空中 高空,空中 上空 高空,高空 空中 上空
112,2,0.5274311851515892,0.26536529338418835,0.0,上网 网上,网上 上网,网上 上网,上网 网上
113,57,0.5030688133254507,0.10147763564385369,0.3157894736842105,衬衣 衬衫 毛衣 大衣 裙子 上衣 衣服 外套 裤子 袜子 短裤 围巾,蚊帐 睡袋 首饰 时装 被子 书包 项链 打扮,背心 拖鞋 穿 婚纱 内衣 睡袋 纽扣 球鞋 毛衣 穿着 发型 上衣,衬衣 衬衫 毛衣 大衣 裙子 上衣 衣服 外套 裤子 袜子 短裤 围巾 西装 牛仔裤 鞋 皮鞋 羽绒服 拖鞋 领带 凉鞋 内衣 背心 穿着 球鞋 雨衣 礼服 旗袍 服装 手套 高跟鞋 毯子 穿 毛巾 帽子 被子 皮包 靴子 款式 睡袋 纽扣 服饰 项链 蚊帐 手帕 婚纱 外衣 拉锁 制服 口罩 书包 发型 地毯 首饰 装扮 皮带 打扮 时装
114,24,0.4982616176261683,0.016161107667792402,0.4166666666666667,判决 法院 上诉 诉讼 起诉 法庭 裁决 裁定 仲裁 驳回 被告 审判,官司 控告 索赔 法官 诉讼 司法 判 判处,驳回 调解 判 裁决 裁判 裁定 法庭 法官 审判 起诉 判处 法院,判决 法院 上诉 诉讼 起诉 法庭 裁决 裁定 仲裁 驳回 被告 审判 原告 法官 控告 官司 案件 判处 索赔 赔偿 判 司法 裁判 调解
115,23,0.47970959772229754,0.024216093420540936,0.43478260869565216,课 课程 备课 上课 复习 预习 讲课 课本 选修 补习 课堂 课文,学习 教材 教学 夜校 课文 补考 讲课 课堂,复习 补习 选修 课本 课文 课程 课堂 功课 上课 备课 必修 补课,课 课程 备课 上课 复习 预习 讲课 课本 选修 补习 课堂 课文 补课 教材 自学 听讲 教学 必修 学习 功课 学时 补考 夜校
116,3,0.595911855298952,0.3186207573068115,0.0,下调 上调 调,调 下调 上调,上调 调 下调,下调 上调 调
117,24,0.4906789272480105,0.02532437505530624,0.4166666666666667,列车 火车 公共汽车 电车 公交车 慢车 卧铺 车票 乘客 车厢 车站 巴士,车站 车票 上车 乘坐 车厢 搭乘 客运 旅客,客运 乘车 旅客 缆车 火车 地铁 快车 上车 大巴 搭乘 公共汽车 高铁,列车 火车 公共汽车 电车 公交车 慢车 卧铺 车票 乘客 车厢 车站 巴士 大巴 缆车 乘坐 乘车 快车 地铁 客运 特快 搭乘 高铁 旅客 上车
118,2,0.4950579873008156,0.12727057988877122,0.0,以上 上述,以上 上述,以上 上述,以上 上述
119,4,0.40576603617352314,-0.014541295118591212,0.5,敲门 挨家挨户 上门 喊,喊 上门 挨家挨户 敲门,喊 上门 敲门 挨家挨户,敲门 挨家挨户 上门 喊
120,5,0.45849186345770504,0.07804810583762836,0.2,限制 限定 限 局限 上限,局限 上限 限制 限 限定,上限 局限 限 限定 限制,限制 限定 限 局限 上限
121,2,0.7701053657327572,0.6385753444582061,0.0,之下 下,下 之下,下 之下,之下 下
122,1,,0.0,0.0,下乡,下乡,下乡,下乡
123,1,,0.0,0.0,下令,下令,下令,下令
124,4,0.4888583854412761,0.015751922296440738,0.5,下决心 发誓 执意 打算,打算 下决心 执意 发誓,执意 打算 发誓 下决心,下决心 发誓 执意 打算
125,3,0.609105343732905,0.3408677940660585,0.0,功夫 工夫 下功夫,下功夫 功夫 工夫,功夫 下功夫 工夫,功夫 工夫 下功夫
126,13,0.49844657634232886,0.08916408917016534,0.3076923076923077,辞职 辞退 免职 罢免 离职 解雇 开除 撤换 辞呈 解散 下台 公职,下台 辞 解散 公职 解雇 撤换 开除 离职,撤换 下台 开除 罢免 解散 辞退 辞职 公职 辞呈 辞 免职 离职,辞职 辞退 免职 罢免 离职 解雇 开除 撤换 辞呈 解散 下台 公职 辞
127,4,0.5027971421160246,0.146695664677936,0.0,结局 结果 下场 后果,下场 结局 后果 结果,下场 后果 结局 结果,结局 结果 下场 后果
128,2,0.5155331778017358,0.13520452491446047,0.0,下坠 下落,下坠 下落,下坠 下落,下坠 下落
129,5,0.5179966197822117,0.1432948615122157,0.0,失业 就业 下岗 求职 农民工,下岗 农民工 就业 求职 失业,下岗 就业 求职 农民工 失业,失业 就业 下岗 求职 农民工
130,7,0.4850275910742403,0.07769012568893104,0.2857142857142857,不由自主 不知不觉 下意识 自然而然 不经意 自觉 身不由己,自然而然 自觉 下意识 身不由己 不经意 不知不觉 不由自主,自然而然 不经意 不由自主 不知不觉 身不由己 自觉 下意识,不由自主 不知不觉 下意识 自然而然 不经意 自觉 身不由己
131,3,0.4587684810063526,0.08580253127195513,0.3333333333333333,出手 下手 出面,出面 下手 出手,出面 出手 下手,出手 下手 出面
132,5,0.4952593972378626,0.13365169339937744,0.0,下棋 对弈 猜谜 比试 捉迷藏,捉迷藏 比试 猜谜 对弈 下棋,对弈 捉迷藏 猜谜 下棋 比试,下棋 对弈 猜谜 比试 捉迷藏
133,3,0.48770714954981803,0.09556762639406968,0.0,改日 下次 好好,下次 好好 改日,改日 好好 下次,改日 下次 好好
134,3,0.41173799010125967,-0.003687599358100535,0.6666666666666666,下海 跳槽 出山,跳槽 出山 下海,出山 跳槽 下海,下海 跳槽 出山
135,11,0.4837409802969048,0.04170755006619367,0.36363636363636365,骑车 开车 驾车 下车 堵车 打车 步行 晕车 车上 骑 司机,步行 车上 司机 骑 驾车 堵车 下车 晕车,开车 步行 打车 晕车 司机 骑 驾车 车上 下车 堵车 骑车,骑车 开车 驾车 下车 堵车 打车 步行 晕车 车上 骑 司机
136,8,0.46566923228061424,-0.01517575749051367,0.25,网页 网址 下载 网站 主页 登录 浏览 搜索,登录 搜索 主页 网站 网址 下载 浏览 网页,网址 登录 网站 网页 浏览 搜索 主页 下载,网页 网址 下载 网站 主页 登录 浏览 搜索
137,30,0.46013449927465544,-0.011146734339482562,0.5,气温 寒冷 凉爽 炎热 晴朗 潮湿 湿度 天气 温度 阴天 下雪 下雨,常温 晴朗 晴天 晴 温暖 结冰 低温 气候,气候 刮风 气温 潮湿 零下 晴 晴天 晴朗 温暖 多云 炎热 暖和,气温 寒冷 凉爽 炎热 晴朗 潮湿 湿度 天气 温度 阴天 下雪 下雨 干燥 高温 暖和 湿润 晴天 零下 摄氏度 凉快 结冰 水温 刮风 低温 多云 气候 雨水 晴 温暖 常温
138,15,0.5004234323769641,0.051931243917238155,0.4,从没 从未 从来不 从来 不曾 从不 没有 没 丝毫 再也 决不 根本,未 丝毫 根本 决不 毫不 没有 再也 不,不 不曾 未 没 再也 根本 丝毫 从未 从来 从没 没有 从不,从没 从未 从来不 从来 不曾 从不 没有 没 丝毫 再也 决不 根本 不 未 毫不
139,12,0.4770321694151413,0.007482158065427985,0.5,必然 必定 势必 必将 迟早 会 注定 就要 可能 不可避免 否则 不一定,迟早 不一定 必定 不可避免 就要 否则 会 可能,会 否则 不可避免 不一定 必定 必将 必然 势必 就要 迟早 可能 注定,必然 必定 势必 必将 迟早 会 注定 就要 可能 不可避免 否则 不一定
140,1,,0.0,0.0,不为人知,不为人知,不为人知,不为人知
141,18,0.48238296411371195,0.0865852091584553,0.2222222222222222,之后 随后 此后 其后 以后 后 后来 然后 紧接着 接着 过后 接下来,于是 稍后 后续 日后 接下来 以后 往后 过后,不久 后 往后 以后 后来 然后 后续 于是 稍后 紧接着 其后 接下来,之后 随后 此后 其后 以后 后 后来 然后 紧接着 接着 过后 接下来 不久 稍后 往后 日后 于是 后续
142,3,0.5457516982443504,0.21451874951738015,0.3333333333333333,罢了 而已 不了了之,不了了之 罢了 而已,罢了 不了了之 而已,罢了 而已 不了了之
143,5,0.5229305889931228,0.1688050304752908,0.0,予以 不予 加以 给予 酌情,酌情 给予 不予 加以 予以,酌情 不予 给予 加以 予以,予以 不予 加以 给予 酌情
144,10,0.482232757075865,0.07179414029637983,0.2,比不上 比起 逊色 相比 比 要强 要好 不亚于 不如 媲美,媲美 相比 要强 比 要好 不亚于 不如 逊色,不如 媲美 比 比不上 逊色 要强 要好 相比 不亚于 比起,比不上 比起 逊色 相比 比 要强 要好 不亚于 不如 媲美
145,2,0.539593931791565,0.17569886319395103,0.0,起劲 不亦乐乎,起劲 不亦乐乎,起劲 不亦乐乎,起劲 不亦乐乎
146,5,0.47646794925101704,0.05303154966573589,0.4,恍然大悟 大吃一惊 半信半疑 不以为然 恼羞成怒,恼羞成怒 大吃一惊 不以为然 半信半疑 恍然大悟,半信半疑 恼羞成怒 恍然大悟 大吃一惊 不以为然,恍然大悟 大吃一惊 半信半疑 不以为然 恼羞成怒
147,3,0.41708216532839754,0.056659845894581666,0.3333333333333333,不适 疲劳 不便,疲劳 不便 不适,疲劳 不便 不适,不适 疲劳 不便
148,7,0.4735157778619114,0.058846758870528384,0.14285714285714285,冤枉 冤 惨 可怜 倒霉 无辜 不值,不值 惨 倒霉 无辜 可怜 冤枉 冤,无辜 冤 不值 惨 冤枉 可怜 倒霉,冤枉 冤 惨 可怜 倒霉 无辜 不值
149,3,0.4658957957786918,0.09807275358554302,0.0,不假思索 脱口而出 会意,会意 脱口而出 不假思索,脱口而出 不假思索 会意,不假思索 脱口而出 会意
150,12,0.4703236994043389,0.02182573400560352,0.4166666666666667,丢人 没劲 没意思 丢脸 难看 不好意思 难听 不像话 恶心 吓人 过意不去 离谱儿,不像话 恶心 过意不去 不好意思 吓人 没劲 离谱儿 难听,没意思 不像话 离谱儿 丢人 吓人 没劲 过意不去 恶心 丢脸 难听 不好意思 难看,丢人 没劲 没意思 丢脸 难看 不好意思 难听 不像话 恶心 吓人 过意不去 离谱儿
151,18,0.49954933888222214,0.07504338645033992,0.2777777777777778,常常 时常 经常 有时 时不时 偶尔 不时 有时候 总是 往往 难免 不免,时时 不免 都会 时而 免不了 有时候 难免 通常,时常 时时 通常 常 不免 往往 不时 总是 有时候 偶尔 时而 有时,常常 时常 经常 有时 时不时 偶尔 不时 有时候 总是 往往 难免 不免 常 免不了 时时 时而 都会 通常
152,4,0.3945043827830947,-0.03351345156948271,0.75,先 再 首先 不再,不再 首先 再 先,先 再 不再 首先,先 再 首先 不再
153,9,0.5472656056362732,0.2055133930567123,0.0,不许 允许 不准 严禁 禁止 擅自 准许 私自 容许,容许 准许 私自 严禁 擅自 不许 禁止 不准,私自 不准 严禁 容许 允许 不许 擅自 准许 禁止,不许 允许 不准 严禁 禁止 擅自 准许 私自 容许
154,5,0.5331444050298361,0.1705722746450841,0.2,有益 有利 有害 不利 有用,有用 有害 不利 有利 有益,不利 有益 有用 有利 有害,有益 有利 有害 不利 有用
155,6,0.5522086715219222,0.22008776079216905,0.0,有利于 有助于 便于 不利于 以便 旨在,旨在 以便 不利于 有利于 便于 有助于,以便 有助于 不利于 便于 旨在 有利于,有利于 有助于 便于 不利于 以便 旨在
156,15,0.5067499905241121,0.08457039171212369,0.3333333333333333,奇怪 奇特 怪异 奇妙 古怪 神奇 新奇 离奇 有趣 神秘 不可思议 稀奇,不可思议 微妙 有趣 深奥 稀奇 神秘 怪 新奇,古怪 怪 微妙 稀奇 新奇 离奇 深奥 有趣 奇妙 怪异 奇怪 奇特,奇怪 奇特 怪异 奇妙 古怪 神奇 新奇 离奇 有趣 神秘 不可思议 稀奇 深奥 怪 微妙
157,8,0.5324752789242897,0.13429013346640833,0.375,在乎 在意 不在乎 介意 计较 理会 无所谓 顾及,顾及 无所谓 理会 计较 介意 不在乎 在意 在乎,不在乎 计较 无所谓 理会 顾及 在乎 介意 在意,在乎 在意 不在乎 介意 计较 理会 无所谓 顾及
158,4,0.45212969122014135,0.028893264969713076,0.25,空虚 不堪 窘迫 脆弱,不堪 脆弱 窘迫 空虚,不堪 窘迫 脆弱 空虚,空虚 不堪 窘迫 脆弱
159,29,0.4874923237083881,0.06731583953544426,0.3448275862068966,非常 很 极为 十分 极其 比较 相当 格外 更加 越发 多么 越来越,最 过于 不够 极度 不怎么 越 十分 无比,越发 越来越 尤为 太 很 不够 愈来愈 无比 更 最 极 挺,非常 很 极为 十分 极其 比较 相当 格外 更加 越发 多么 越来越 愈来愈 分外 挺 尤为 太 无比 蛮 过于 不怎么 更 极度 异常 颇 极 不够 最 越
160,2,0.4739243857166381,0.11860621270551086,0.0,不大 有限,不大 有限,不大 有限,不大 有限
161,16,0.5064101816328122,0.15993821881891654,0.125,如同 比如 譬如 比如说 好比 譬如说 犹如 如 例如 像 好似 正如,仿佛 不如说 比方 如一 正如 好似 像 比如,譬如 像 如 譬如说 例如 好比 比如说 好似 犹如 比方 不如说 比如,如同 比如 譬如 比如说 好比 譬如说 犹如 如 例如 像 好似 正如 比方 不如说 仿佛 如一
162,12,0.5087101445936988,0.12050684766162818,0.3333333333333333,必须 须 应 要 应当 需要 需 务必 应该 无须 不妨 必需,必需 需要 无须 不妨 应该 务必 需 要,必需 必须 务必 应 不妨 无须 需要 应该 应当 须 需 要,必须 须 应 要 应当 需要 需 务必 应该 无须 不妨 必需
163,108,0.4598481032917719,-0.044717677850794724,0.7037037037037037,沮丧 羞愧 气愤 难过 伤心 惊讶 诧异 惋惜 茫然 惭愧 伤感 苦恼,生气 着急 不服气 震惊 疑惑 怨恨 焦急 惊慌失措,惊慌失措 怜惜 疲倦 吃惊 慌乱 得意 沮丧 慌张 迷惑不解 绝望 惊奇 垂头丧气,沮丧 羞愧 气愤 难过 伤心 惊讶 诧异 惋惜 茫然 惭愧 伤感 苦恼 慌张 悲伤 悲哀 吃惊 心疼 悔恨 绝望 失望 惊慌 痛心 焦躁 愤怒 惊诧 委屈 烦躁 生气 不安 厌烦 痛苦 自责 焦急 欣慰 怨恨 欣喜 难堪 心酸 难受 害怕 恐惧 胆怯 激动 慌乱 疑惑 难为情 失落 扫兴 怜惜 兴奋 忧愁 嫉妒 不解 叹气 为难 疲倦 心慌 畏惧 感激 高兴 困惑 悲痛 无奈 好笑 后悔 疲惫 焦虑 惊奇 烦闷 着急 妒忌 愁眉苦脸 垂头丧气 狼狈 害臊 自卑 凄凉 羡慕 不耐烦 泄气 灰心 不服气 尴尬 惊慌失措 无可奈何 遗憾 得意 自豪 别扭 不屑 慌 哭笑不得 骄傲 气馁 哭泣 感慨 纳闷儿 震惊 忧郁 消沉 反感 迷惑不解 感到 孤独 孤单 恨 寂寞 庆幸
164,2,0.48329958543963847,0.12371282987226206,0.0,犹豫不决 不定,犹豫不决 不定,犹豫不决 不定,犹豫不决 不定
165,14,0.4842521834752825,0.07111269941860489,0.21428571428571427,不要 不必 何必 不用 别 用不着 免得 何苦 非得 以免 怕 勿,怕 不宜 何苦 非得 用得着 以免 勿 用不着,别 勿 不宜 不必 以免 不用 怕 免得 用不着 用得着 不要 何苦,不要 不必 何必 不用 别 用不着 免得 何苦 非得 以免 怕 勿 用得着 不宜
166,1,,0.0,0.0,不容,不容,不容,不容
167,2,0.45932245254891824,0.06722902140934378,0.0,对 不对,不对 对,对 不对,对 不对
168,4,0.4652074087606978,0.05391966202555936,0.25,爱不释手 如醉如痴 不已 耳目一新,不已 耳目一新 如醉如痴 爱不释手,不已 爱不释手 耳目一新 如醉如痴,爱不释手 如醉如痴 不已 耳目一新
169,6,0.46773085122777935,0.06278623695683078,0.16666666666666666,怨气 怨言 不满 歉意 怨 不平,歉意 怨 不满 不平 怨言 怨气,不平 不满 怨 怨言 怨气 歉意,怨气 怨言 不满 歉意 怨 不平
170,11,0.5214351845405272,0.13609897346498417,0.0,只好 只得 不得不 索性 宁愿 不得已 干脆 被迫 宁可 不惜 毅然,宁愿 毅然 被迫 不惜 宁可 不得不 索性 只得,不得不 宁愿 不得已 不惜 只得 只好 被迫 干脆 索性 毅然 宁可,只好 只得 不得不 索性 宁愿 不得已 干脆 被迫 宁可 不惜 毅然
171,2,0.5175530370162278,0.195903488346916,0.0,未知数 不得而知,不得而知 未知数,不得而知 未知数,未知数 不得而知
172,2,0.47404429869734965,0.11976288566492758,0.0,成问题 不怎么样,不怎么样 成问题,不怎么样 成问题,成问题 不怎么样
173,13,0.486353697088271,-0.010259568501730595,0.5384615384615384,拼搏 奋斗 英勇 奋勇 顽强 抗争 搏斗 斗争 战斗 艰苦奋斗 不懈 勇往直前,艰苦奋斗 勇往直前 挣扎 战斗 搏斗 奋勇 不懈 斗争,斗争 不懈 顽强 英勇 挣扎 奋勇 搏斗 奋斗 抗争 战斗 勇往直前 拼搏,拼搏 奋斗 英勇 奋勇 顽强 抗争 搏斗 斗争 战斗 艰苦奋斗 不懈 勇往直前 挣扎
174,4,0.4107608158596454,0.029780884951065963,0.5,完毕 完 到位 不成,到位 不成 完 完毕,到位 完 不成 完毕,完毕 完 到位 不成
175,7,0.4905390165888942,0.11018788689998993,0.0,赐教 指教 指点 久仰 请教 不敢当 过奖,请教 不敢当 久仰 指点 过奖 赐教 指教,请教 不敢当 久仰 指教 指点 过奖 赐教,赐教 指教 指点 久仰 请教 不敢当 过奖
176,13,0.5058794135290989,0.11844849578071127,0.07692307692307693,逐渐 日益 渐渐 日趋 逐步 急剧 逐年 慢慢 不断 趋于 骤然 与日俱增,慢慢 逐步 急剧 不断 推移 与日俱增 骤然 趋于,日益 不断 渐渐 趋于 骤然 逐年 推移 逐渐 逐步 慢慢 急剧 日趋,逐渐 日益 渐渐 日趋 逐步 急剧 逐年 慢慢 不断 趋于 骤然 与日俱增 推移
177,6,0.5141915587231624,0.18697896381813114,0.0,容易 不易 轻易 轻而易举 难 不难,轻而易举 不难 难 轻易 不易 容易,轻而易举 不易 难 不难 轻易 容易,容易 不易 轻易 轻而易举 难 不难
178,10,0.4577986830198013,0.05937990837953936,0.2,衰退 衰弱 萎缩 恶化 萧条 不景气 好转 复苏 衰竭 衰减,衰减 衰竭 萎缩 复苏 衰弱 萧条 好转 不景气,复苏 衰竭 衰减 衰弱 不景气 萧条 恶化 衰退 好转 萎缩,衰退 衰弱 萎缩 恶化 萧条 不景气 好转 复苏 衰竭 衰减
179,2,0.4567721703023281,0.10650754245626229,0.0,不服 异议,不服 异议,不服 异议,不服 异议
180,9,0.49031602844590655,0.03776352356231957,0.4444444444444444,贿赂 受贿 贪污 公款 回扣 钱财 腐败 财物 不正之风,钱财 财物 不正之风 腐败 回扣 公款 贪污 受贿,贪污 贿赂 财物 腐败 受贿 回扣 不正之风 钱财 公款,贿赂 受贿 贪污 公款 回扣 钱财 腐败 财物 不正之风
181,51,0.46256793914785505,-0.035513175182838516,0.6470588235294118,毕竟 何况 但是 可是 虽说 况且 反正 难道 其实 就算 不过 虽然,幸亏 要不是 因为 而且 幸好 哪怕 说实话 要是,纵然 按说 偏偏 幸好 但 如果说 幸亏 不然 哪怕 说实话 就是说 明明,毕竟 何况 但是 可是 虽说 况且 反正 难道 其实 就算 不过 虽然 幸好 当然 也许 只不过 但 要不然 而且 好在 纵然 因为 不然 好歹 幸亏 说实话 既然 要是 好像 可惜 按说 所以 别说 看样子 说不定 要不是 说真的 哪怕 据说 难怪 按理说 怪不得 如果说 偏偏 实际上 明明 但愿 莫非 说白了 尽管 就是说
182,19,0.47276282198705094,-0.03334588929785197,0.5263157894736842,吵嘴 吵架 胡闹 吵 唠叨 闹着玩儿 发脾气 打架 打岔 说闲话 絮叨 说话,发脾气 告状 吹牛 不理 闹 笑话 闹事 说话,闹事 吹牛 吵 不理 唠叨 吵架 吵嘴 胡闹 絮叨 闹着玩儿 闹 发脾气,吵嘴 吵架 胡闹 吵 唠叨 闹着玩儿 发脾气 打架 打岔 说闲话 絮叨 说话 闹 吹牛 开玩笑 告状 闹事 笑话 不理
183,9,0.5107373231372743,0.1191563259435788,0.2222222222222222,说不上 难说 好说 谈不上 很难说 不算 不用说 不见得 没什么,没什么 不算 不见得 很难说 不用说 好说 难说 谈不上,谈不上 不算 很难说 不见得 不用说 没什么 说不上 难说 好说,说不上 难说 好说 谈不上 很难说 不算 不用说 不见得 没什么
184,27,0.4848124814740602,0.061984878228679624,0.18518518518518517,怎么 什么 怎样 哪里 呢 究竟 哪儿 谁 哪 干什么 到底 怎么样,为什么 有没有 多久 多少 哪些 何时 不知 怎么样,怎么 是不是 请问 到底 有没有 吗 呢 哪 哪儿 为什么 哪些 不知,怎么 什么 怎样 哪里 呢 究竟 哪儿 谁 哪 干什么 到底 怎么样 吗 怎么办 什么样 哪些 多少 如何 是不是 何时 何处 不知 有没有 为什么 是否 多久 请问
185,3,0.4591136607240884,0.122419789459644,0.0,不见 消失 不翼而飞,消失 不翼而飞 不见,不见 不翼而飞 消失,不见 消失 不翼而飞
186,11,0.47905334762575935,0.061035048019003064,0.2727272727272727,刻苦 用功 好学 勤奋 钻研 读书 学艺 虚心 不耻下问 治学 学,学 治学 学艺 虚心 不耻下问 读书 勤奋 钻研,学 虚心 刻苦 用功 不耻下问 读书 好学 钻研 治学 勤奋 学艺,刻苦 用功 好学 勤奋 钻研 读书 学艺 虚心 不耻下问 治学 学
187,11,0.49272814203478416,0.09900478674583855,0.09090909090909091,愿意 情愿 乐意 不肯 甘心 肯 忍心 敢 舍不得 舍得 愿,敢 不肯 舍不得 愿 甘心 忍心 情愿 舍得,舍不得 忍心 敢 愿 乐意 不肯 肯 愿意 舍得 情愿 甘心,愿意 情愿 乐意 不肯 甘心 肯 忍心 敢 舍不得 舍得 愿
188,2,0.48600217777006627,0.13228219220999082,0.0,不能不 无不,不能不 无不,无不 不能不,不能不 无不
189,9,0.49614009722909597,0.12995865475978635,0.2222222222222222,甚至于 甚至 或者 以至于 或是 乃至 至于 或 不至于,或是 不至于 至于 或 以至于 乃至 或者 甚至,或 乃至 甚至 以至于 或者 至于 甚至于 或是 不至于,甚至于 甚至 或者 以至于 或是 乃至 至于 或 不至于
190,4,0.43250340378103397,-0.011728134861843584,0.75,良好 不错 好 不良,不错 不良 好 良好,好 良好 不良 不错,良好 不错 好 不良
191,41,0.4744173380314058,-0.04345475733774837,0.7317073170731707,哎 唉 啊 呀 哎呀 嘛 哈哈 哇 嘿 哦 吧 咱,玩意儿 待会儿 这会儿 不行 瞧 谢谢 请坐 你们,没关系 拜托 不要紧 吧 呀 咱 哎 哇 哦 哼 唉 啦,哎 唉 啊 呀 哎呀 嘛 哈哈 哇 嘿 哦 吧 咱 没事儿 啦 哼 你们 要不 咱们 快点儿 再说 干吗 没关系 没错 人家 不要紧 瞧 拜托 小偷儿 挺好 敢情 没准儿 没说的 好玩儿 待会儿 不行 这会儿 谢谢 请坐 活该 玩意儿 也好
192,2,0.4849005585739714,0.10547063644937561,0.0,不论 无论如何,不论 无论如何,无论如何 不论,不论 无论如何
193,7,0.47053075884472273,0.05342394832831444,0.42857142857142855,引人注目 显眼 瞩目 醒目 抢眼 不起眼 举世瞩目,不起眼 抢眼 举世瞩目 醒目 瞩目 显眼 引人注目,抢眼 举世瞩目 不起眼 显眼 瞩目 醒目 引人注目,引人注目 显眼 瞩目 醒目 抢眼 不起眼 举世瞩目
194,10,0.47916976727202326,0.05985958979141914,0.5,缺乏 缺少 缺失 欠缺 缺 不足 丧失 薄弱 失去 滞后,丧失 失去 滞后 缺 薄弱 不足 欠缺 缺少,缺 欠缺 滞后 不足 薄弱 失去 缺乏 缺少 缺失 丧失,缺乏 缺少 缺失 欠缺 缺 不足 丧失 薄弱 失去 滞后
195,5,0.522319631971776,0.15702440089055475,0.0,依依不舍 恋恋不舍 告辞 不辞而别 匆匆,匆匆 告辞 不辞而别 恋恋不舍 依依不舍,恋恋不舍 依依不舍 告辞 匆匆 不辞而别,依依不舍 恋恋不舍 告辞 不辞而别 匆匆
196,8,0.4819726127188121,0.08339783928467961,0.125,畅通 通畅 打通 贯通 疏通 不通 开通 通,疏通 贯通 开通 通 不通 打通 畅通 通畅,开通 贯通 疏通 打通 畅通 通 不通 通畅,畅通 通畅 打通 贯通 疏通 不通 开通 通
197,7,0.5106332650970631,0.11636403186023803,0.42857142857142855,顾不上 顾不得 来不及 来得及 懒得 匆忙 不顾,不顾 匆忙 懒得 来不及 来得及 顾不得 顾不上,来不及 来得及 不顾 懒得 匆忙 顾不上 顾不得,顾不上 顾不得 来不及 来得及 懒得 匆忙 不顾
198,4,0.5701872469688483,0.26280425412987124,0.0,与 跟 同 与其,与其 与 跟 同,同 与 跟 与其,与 跟 同 与其
199,5,0.4987550296428969,0.09338183044248996,0.2,好坏 与否 高低 长短 取决于,长短 取决于 高低 与否 好坏,长短 好坏 与否 高低 取决于,好坏 与否 高低 长短 取决于
200,3,0.4297232570314624,0.01616039336821803,0.3333333333333333,精益求精 与时俱进 敬业,敬业 与时俱进 精益求精,敬业 与时俱进 精益求精,精益求精 与时俱进 敬业
201,7,0.4337366724900499,-0.01474306191245294,0.2857142857142857,贼 贱 恶 丑 帅 小人 劫,小人 劫 帅 恶 丑 贼 贱,劫 帅 丑 恶 小人 贼 贱,贼 贱 恶 丑 帅 小人 劫
202,45,0.46314605442272927,-0.010295998324266425,0.4666666666666667,愚蠢 卑鄙 残忍 凶残 丑恶 狡猾 可恶 虚伪 丑陋 奸诈 凶恶 自私,凶狠 悲惨 堕落 猖狂 自私自利 骇人听闻 软弱 可怕,猖狂 粗暴 无能 粗鲁 虚伪 野蛮 软弱 卑鄙 贪婪 无知 丑恶 冷酷无情,愚蠢 卑鄙 残忍 凶残 丑恶 狡猾 可恶 虚伪 丑陋 奸诈 凶恶 自私 邪恶 冷酷 可笑 粗鲁 可悲 冷漠 荒谬 可耻 无知 贪婪 荒诞 冷酷无情 残酷 无情无义 傲慢 罪恶 庸俗 幼稚 凶狠 可怕 拙劣 无能 野蛮 猖狂 软弱 阴暗 堕落 悲惨 自私自利 粗暴 恐怖 世故 骇人听闻
203,8,0.449638126078923,0.0713513802414168,0.125,危机 风波 局势 动荡 事态 事件 丑闻 僵局,僵局 丑闻 事态 动荡 事件 局势 风波 危机,事件 事态 僵局 丑闻 危机 风波 局势 动荡,危机 风波 局势 动荡 事态 事件 丑闻 僵局
204,4,0.4465996391907474,0.07421867847386136,0.25,职业 业余 专业 职业病,专业 职业病 业余 职业,专业 职业病 业余 职业,职业 业余 专业 职业病
205,5,0.5384719375659321,0.13029324607852732,0.4,特意 特地 专门 亲自 专人,亲自 专人 专门 特意 特地,专人 专门 亲自 特地 特意,特意 特地 专门 亲自 专人
206,3,0.5467018371158121,0.16855226117808506,0.0,商标 专利 侵权,侵权 商标 专利,专利 商标 侵权,商标 专利 侵权
207,13,0.4763682322740449,0.03615993735948139,0.38461538461538464,封建 专制 剥削 帝国主义 官僚 腐朽 压迫 统治 资本主义 阶级 势力 反抗,势力 官僚主义 反抗 腐朽 剥削 资本主义 阶级 压迫,专制 资本主义 腐朽 官僚 帝国主义 官僚主义 反抗 压迫 阶级 封建 势力 剥削,封建 专制 剥削 帝国主义 官僚 腐朽 压迫 统治 资本主义 阶级 势力 反抗 官僚主义
208,17,0.488551964629296,0.050046124730486585,0.29411764705882354,超市 商场 连锁店 药店 商店 书店 专卖店 便利店 店 百货 连锁 专柜,零售 专柜 书店 商城 报亭 加油站 菜市场 药店,加油站 店 菜市场 零售 超市 商城 商场 商店 连锁店 报亭 专卖店 连锁,超市 商场 连锁店 药店 商店 书店 专卖店 便利店 店 百货 连锁 专柜 报亭 菜市场 零售 加油站 商城
209,9,0.4512233933909854,0.03609575226003027,0.3333333333333333,教授 学者 院士 博士 专家 科学家 导师 研究所 人士,研究所 人士 导师 科学家 专家 博士 教授 院士,专家 科学家 研究所 博士 人士 院士 导师 教授 学者,教授 学者 院士 博士 专家 科学家 导师 研究所 人士
210,8,0.45527585463516307,0.04627840578406123,0.125,兢兢业业 辛勤 默默 专心 废寝忘食 苦心 默默无闻 聚精会神,默默无闻 废寝忘食 聚精会神 苦心 兢兢业业 默默 辛勤 专心,专心 废寝忘食 辛勤 兢兢业业 默默 聚精会神 苦心 默默无闻,兢兢业业 辛勤 默默 专心 废寝忘食 苦心 默默无闻 聚精会神
211,4,0.5447363593901714,0.20238759409271773,0.0,专栏 栏目 专题 访谈,访谈 专题 专栏 栏目,专题 栏目 访谈 专栏,专栏 栏目 专题 访谈
212,10,0.48186572614012374,0.06225414577928173,0.1,着眼于 着力 着重 着眼 注重 侧重 围绕 立足 专注 着手,着手 着眼 专注 立足 围绕 注重 着力 侧重,着眼于 注重 侧重 着眼 着手 着力 着重 立足 围绕 专注,着眼于 着力 着重 着眼 注重 侧重 围绕 立足 专注 着手
213,2,0.4517075759596818,-0.012992148072225807,0.5,专用 公用,公用 专用,公用 专用,专用 公用
214,20,0.5128806448544374,0.12484601649513258,0.2,赶往 赶赴 前往 奔赴 来到 抵达 赶到 起程 到达 飞往 动身 离开,走进 专程 回到 前来 返回 飞往 离开 动身,飞往 返回 离开 赶到 赶往 赴 回到 前来 赶赴 抵达 到达 前往,赶往 赶赴 前往 奔赴 来到 抵达 赶到 起程 到达 飞往 动身 离开 返回 赴 直奔 回到 踏上 专程 走进 前来
215,4,0.4538575528161823,0.06360989851508171,0.25,兼职 专职 在职 实习,实习 在职 专职 兼职,实习 在职 专职 兼职,兼职 专职 在职 实习
216,12,0.47418800643648545,0.023364885102993057,0.5,著作 书籍 专著 名著 书 出版 论文 文献 图书 传记 册 译,图书 册 传记 文献 译 出版 论文 书,图书 册 书 名著 论文 著作 专著 译 出版 文献 书籍 传记,著作 书籍 专著 名著 书 出版 论文 文献 图书 传记 册 译
217,41,0.4931233767516453,0.023945887917599978,0.36585365853658536,歌曲 演唱 乐曲 演奏 独唱 合唱 伴奏 歌唱 旋律 民歌 音乐 歌词,诗歌 国歌 专辑 创作 演唱会 摇滚 抒情 歌剧,交响乐 唱歌 乐队 唱 诗歌 朗诵 独唱 曲 歌 伴奏 乐曲 专辑,歌曲 演唱 乐曲 演奏 独唱 合唱 伴奏 歌唱 旋律 民歌 音乐 歌词 舞蹈 交响乐 歌剧 唱 歌 吉他 歌手 乐队 歌声 朗诵 笛子 小提琴 唱歌 音乐会 乐器 诗歌 抒情 钢琴 摇滚 曲 专辑 动听 主题歌 演唱会 小曲 舞 创作 国歌 歌咏
218,9,0.4971870735992055,0.04588777807145594,0.3333333333333333,爱好 嗜好 喜好 特长 专长 兴趣 个性 擅长 性情,擅长 性情 兴趣 个性 嗜好 专长 爱好 特长,嗜好 专长 擅长 兴趣 喜好 特长 个性 性情 爱好,爱好 嗜好 喜好 特长 专长 兴趣 个性 擅长 性情
219,12,0.535241352217343,0.14666261753688015,0.08333333333333333,因而 从而 进而 并且 反而 而 而是 继而 并 且 故 以致,以致 故 反而 而是 且 而 从而 继而,并且 并 且 故 而是 而 从而 反而 以致 因而 进而 继而,因而 从而 进而 并且 反而 而 而是 继而 并 且 故 以致
220,9,0.518062914358889,0.1610982070938473,0.1111111111111111,子孙 后代 后裔 祖先 祖宗 后人 辈 世代 世袭,世代 辈 世袭 后裔 祖先 祖宗 后代 后人,祖先 祖宗 子孙 后人 后代 世代 辈 世袭 后裔,子孙 后代 后裔 祖先 祖宗 后人 辈 世代 世袭
221,5,0.5375824700661088,0.18361468469121114,0.0,全球 世界 全世界 全国 国际,国际 全国 全球 全世界 世界,全国 全球 世界 全世界 国际,全球 世界 全世界 全国 国际
222,27,0.4761481556896522,0.05308499362648962,0.25925925925925924,决赛 冠军 亚军 银牌 比赛 预赛 半决赛 铜牌 夺冠 世界杯 金牌 奖牌,联赛 爆冷门 夺魁 奥运会 杯 赛场 奖杯 赛,参赛 选手 决赛 奥运会 杯 赛场 联赛 铜牌 双打 金牌 奖牌 亚运会,决赛 冠军 亚军 银牌 比赛 预赛 半决赛 铜牌 夺冠 世界杯 金牌 奖牌 大奖赛 赛场 单打 参赛 赛 奥运会 联赛 选手 双打 大赛 亚运会 夺魁 奖杯 爆冷门 杯
223,2,0.4746864664301489,0.14397842243884496,0.0,时代 世纪,世纪 时代,世纪 时代,时代 世纪
224,27,0.4708654757275114,0.04731611405324775,0.3333333333333333,山岭 山坡 山谷 峡谷 高山 丘陵 山峰 雪山 沼泽 山顶 沙漠 高原,岩石 山冈 丛林 悬崖 小溪 瀑布 山 山区,丘陵 湖泊 山 瀑布 岩石 山谷 海拔 沼泽 丛林 山顶 沙漠 雪山,山岭 山坡 山谷 峡谷 高山 丘陵 山峰 雪山 沼泽 山顶 沙漠 高原 平原 草原 湖泊 悬崖 丛林 山区 小溪 山 戈壁 草地 森林 山冈 岩石 海拔 瀑布
225,3,0.7105063583108052,0.5525076112646299,0.0,乙 甲 丙,丙 甲 乙,乙 丙 甲,乙 甲 丙
226,7,0.47063358409357176,0.03313962912913238,0.2857142857142857,行业 产业 业务 领域 板块 市场 业,产业 市场 业 板块 领域 业务 行业,业 板块 行业 业务 产业 市场 领域,行业 产业 业务 领域 板块 市场 业
227,7,0.5003574243908582,0.1257992032109892,0.14285714285714285,利润 盈利 收入 收益 业绩 效益 增收,效益 增收 收益 业绩 收入 盈利 利润,增收 收益 效益 收入 盈利 利润 业绩,利润 盈利 收入 收益 业绩 效益 增收
228,14,0.5665825275097774,0.22948427581251876,0.0,东南 北部 南部 西南 西北 东部 北 西 南 西部 东 中部,南北 东北 中部 南部 北部 西部 东部 东,东北 东南 北 南 东 北部 东部 西部 南北 西 南部 中部,东南 北部 南部 西南 西北 东部 北 西 南 西部 东 中部 东北 南北
229,7,0.49864290594193833,0.09023715383834087,0.2857142857142857,忙碌 劳累 奔波 操劳 繁忙 东奔西走 紧张,紧张 东奔西走 繁忙 劳累 操劳 忙碌 奔波,紧张 操劳 劳累 繁忙 东奔西走 忙碌 奔波,忙碌 劳累 奔波 操劳 繁忙 东奔西走 紧张
230,6,0.4695698470103547,0.053661087424964136,0.16666666666666666,东张西望 左顾右盼 目不转睛 打量 交头接耳 偷看,偷看 打量 交头接耳 目不转睛 左顾右盼 东张西望,打量 偷看 目不转睛 左顾右盼 东张西望 交头接耳,东张西望 左顾右盼 目不转睛 打量 交头接耳 偷看
231,3,0.5694257532463057,0.28702259792073254,0.0,北方 南方 东方,东方 北方 南方,南方 北方 东方,北方 南方 东方
232,1,,0.0,0.0,东西,东西,东西,东西
233,1,,0.0,0.0,东道主,东道主,东道主,东道主
234,1,,0.0,0.0,丝,丝,丝,丝
235,9,0.460638546273352,0.08097154526417613,0.2222222222222222,化纤 纱 纺织 棉 丝绸 尼龙 织 布 橡胶,橡胶 布 尼龙 纱 织 丝绸 纺织 棉,纺织 布 纱 织 棉 丝绸 化纤 尼龙 橡胶,化纤 纱 纺织 棉 丝绸 尼龙 织 布 橡胶
236,11,0.4531107075139573,0.009115433337427757,0.36363636363636365,捡 掏 拿 拣 偷 丢 拿走 摘 拾 抄 拿出,拿出 抄 丢 摘 拣 拾 掏 偷,拿出 偷 丢 摘 拾 拿 拣 抄 捡 掏 拿走,捡 掏 拿 拣 偷 丢 拿走 摘 拾 抄 拿出
237,8,0.4846195712769164,0.06832387429313182,0.375,丢弃 遗弃 抛弃 遗忘 丢掉 丢失 埋没 冷落,丢失 埋没 丢掉 冷落 抛弃 遗忘 丢弃 遗弃,丢失 丢弃 埋没 丢掉 冷落 抛弃 遗忘 遗弃,丢弃 遗弃 抛弃 遗忘 丢掉 丢失 埋没 冷落
238,1,,0.0,0.0,两岸,两岸,两岸,两岸
239,3,0.45653243550622125,0.1297367398834919,0.0,机动 突击 两栖,两栖 机动 突击,机动 突击 两栖,机动 突击 两栖
240,5,0.5115226602929644,0.17141997412273585,0.0,严格 严密 严谨 苛刻 严,严 严谨 苛刻 严密 严格,严密 严 严格 苛刻 严谨,严格 严密 严谨 苛刻 严
241,12,0.47442332808353804,0.048317418546932105,0.3333333333333333,惩处 惩罚 处罚 处分 严厉 制裁 查处 追究 罚款 警告 打击 威慑,查处 警告 威慑 严厉 打击 追究 罚款 制裁,制裁 追究 严厉 惩处 罚款 惩罚 查处 处分 打击 处罚 威慑 警告,惩处 惩罚 处罚 处分 严厉 制裁 查处 追究 罚款 警告 打击 威慑
242,8,0.5596905219287491,0.17729484757907196,0.125,紧迫 艰巨 急迫 迫切 繁重 严峻 棘手 复杂,复杂 急迫 迫切 繁重 棘手 严峻 艰巨 紧迫,严峻 紧迫 艰巨 迫切 急迫 棘手 繁重 复杂,紧迫 艰巨 急迫 迫切 繁重 严峻 棘手 复杂
243,3,0.40367695929114666,-0.023260069651992354,0.6666666666666666,严肃 郑重 端正,郑重 端正 严肃,郑重 端正 严肃,严肃 郑重 端正
244,4,0.48726671610557265,0.04784565245904441,0.5,明显 突出 鲜明 严重,严重 鲜明 明显 突出,鲜明 明显 突出 严重,明显 突出 鲜明 严重
245,11,0.514765829705859,0.12275843237735116,0.18181818181818182,遇难 丧生 受伤 死亡 失踪 重伤 伤亡 车祸 事故 空难 倒塌,倒塌 事故 车祸 受伤 空难 重伤 伤亡 失踪,事故 伤亡 失踪 倒塌 空难 死亡 受伤 遇难 车祸 丧生 重伤,遇难 丧生 受伤 死亡 失踪 重伤 伤亡 车祸 事故 空难 倒塌
246,3,0.40430793896963135,0.02255904975438541,0.3333333333333333,家 个 户,个 户 家,家 个 户,家 个 户
247,3,0.43606955012494036,0.08326964344928005,0.0,个人 本人 个体,本人 个体 个人,本人 个体 个人,个人 本人 个体
248,4,0.533495655063244,0.1878933999895301,0.0,个儿 个头儿 个子 身高,身高 个子 个头儿 个儿,身高 个头儿 个儿 个子,个儿 个头儿 个子 身高
249,3,0.4414490709262299,0.06152942296923309,0.0,个别 个案 局部,个案 局部 个别,局部 个别 个案,个别 个案 局部
250,4,0.5847770090667199,0.3150490526317684,0.0,当中 中 之中 其中,其中 之中 中 当中,中 当中 其中 之中,当中 中 之中 其中
251,2,0.4946521619517661,0.11490246206461577,0.0,中介 房东,中介 房东,中介 房东,中介 房东
252,17,0.4880763455370265,0.050561785529984186,0.35294117647058826,儿科 外科 针灸 内科 医学 中医 西医 临床 护理 急救 保健 口腔,医务 保健 疗法 麻醉 医疗 急救 口腔 医学,临床 疗法 口腔 中医 护理 保健 康复 外科 急救 麻醉 医务 内科,儿科 外科 针灸 内科 医学 中医 西医 临床 护理 急救 保健 口腔 康复 医务 医疗 疗法 麻醉
253,3,0.5246338338800064,0.19825647469567897,0.0,中华民族 民族 中华,民族 中华 中华民族,中华 民族 中华民族,中华民族 民族 中华
254,2,0.4712612177965685,0.06887987633686912,0.0,中国 大陆,中国 大陆,中国 大陆,中国 大陆
255,23,0.5019869268211004,0.08153257893023654,0.2608695652173913,绘画 油画 国画 画 素描 中国画 壁画 雕塑 画家 图画 书法 年画,漫画 雕刻 刺绣 幅 画展 作品 插图 画册,雕塑 雕刻 插图 幅 肖像 图画 刺绣 画 画展 画家 画册 画儿,绘画 油画 国画 画 素描 中国画 壁画 雕塑 画家 图画 书法 年画 画展 美术 画册 肖像 漫画 雕刻 插图 作品 画儿 幅 刺绣
256,8,0.5029429515380589,0.17657911606724344,0.0,小型 中型 大型 微型 巨型 轻型 重型 袖珍,袖珍 重型 轻型 巨型 大型 微型 中型 小型,重型 微型 中型 大型 小型 袖珍 巨型 轻型,小型 中型 大型 微型 巨型 轻型 重型 袖珍
257,10,0.48605650130146716,-0.00005618375225864003,0.5,国外 外国 海外 境外 海内外 国内 内地 外地 中外 本土,中外 境外 国内 本土 内地 外地 海内外 外国,境外 海外 本土 中外 海内外 国内 国外 内地 外国 外地,国外 外国 海外 境外 海内外 国内 内地 外地 中外 本土
258,1,,0.0,0.0,中央,中央,中央,中央
259,4,0.4135082604589373,-0.004700420422461021,0.5,号码 中奖 彩票 车号,车号 中奖 彩票 号码,彩票 中奖 车号 号码,号码 中奖 彩票 车号
260,17,0.5058863009461126,0.08368904732789871,0.17647058823529413,小学 中学 初中 高中 学校 年级 幼儿园 中小学 班级 学期 学年 私立,班级 师范 民办 公立 初一 学校 开学 学期,开学 幼儿园 年级 中学 班级 小学 师范 初中 初一 私立 民办 中小学,小学 中学 初中 高中 学校 年级 幼儿园 中小学 班级 学期 学年 私立 师范 开学 民办 公立 初一
261,12,0.5287087019669297,0.11242261762346319,0.16666666666666666,学生 中学生 大学生 小学生 学子 师生 留学生 教师 青少年 学员 青年 家长,青少年 教师 留学生 青年 学员 家长 小学生 师生,留学生 家长 青少年 大学生 小学生 师生 学生 学子 学员 中学生 青年 教师,学生 中学生 大学生 小学生 学子 师生 留学生 教师 青少年 学员 青年 家长
262,11,0.4945293821217178,0.11923599487752509,0.09090909090909091,年纪 年龄 中年 岁数 年迈 年轻 岁 老年 高龄 成年 晚年,晚年 老年 成年 年轻 高龄 岁数 年迈 年龄,年迈 年轻 岁 岁数 年纪 中年 晚年 成年 老年 高龄 年龄,年纪 年龄 中年 岁数 年迈 年轻 岁 老年 高龄 成年 晚年
263,1,,0.0,0.0,中庸,中庸,中庸,中庸
264,2,0.4627995276486174,0.09862257665244822,0.0,枢纽 中心,中心 枢纽,中心 枢纽,枢纽 中心
265,1,,0.0,0.0,中性,中性,中性,中性
266,21,0.5087114919749405,0.1394802428014,0.047619047619047616,汉语 英语 俄语 法语 日语 外语 口语 普通话 英文 西班牙语 语言 中文,语音 翻译 华语 流利 外文 语法 口音 语言,华语 流利 语音 俄语 语言 语法 口语 口音 中文 法语 西班牙语 英语,汉语 英语 俄语 法语 日语 外语 口语 普通话 英文 西班牙语 语言 中文 语法 阿拉伯语 方言 翻译 流利 口音 语音 华语 外文
267,9,0.47323527181260716,0.06337391408659448,0.4444444444444444,中止 停止 暂停 终止 中断 取消 撤销 停顿 停,停 停顿 取消 撤销 终止 中断 停止 暂停,暂停 终止 取消 停 停止 中止 中断 撤销 停顿,中止 停止 暂停 终止 中断 取消 撤销 停顿 停
268,8,0.4910482472653129,0.10526050561252392,0.25,初期 早期 后期 晚期 时期 前期 中期 年代,年代 时期 中期 前期 早期 晚期 后期 初期,早期 时期 年代 晚期 后期 中期 初期 前期,初期 早期 后期 晚期 时期 前期 中期 年代
269,53,0.47504293191715985,0.028246919099197812,0.39622641509433965,急性 病症 炎症 症状 腹泻 疾病 慢性 癌症 发病 抑郁症 高血压 心脏病,感染 骨折 昏迷 失眠 治疗 艾滋病 病人 确诊,传染病 骨折 流感 肿瘤 糖尿病 病 癌 腹泻 患 肥胖 患有 患病,急性 病症 炎症 症状 腹泻 疾病 慢性 癌症 发病 抑郁症 高血压 心脏病 病 复发 糖尿病 发作 发炎 患病 出血 疼痛 咳嗽 感冒 确诊 患有 治疗 患 病情 患者 痴呆 抑郁 肿瘤 病人 过敏 呕吐 失眠 癌 精神病 传染病 流感 骨折 血栓 头晕 治愈 中毒 肥胖 休克 感染 生病 发热 艾滋病 霍乱 发烧 昏迷
270,32,0.49470101571886005,0.09419218700025205,0.28125,春节 中秋节 元宵节 清明节 除夕 端午节 元旦 圣诞节 假期 节日 佳节 过年,休假 团圆 拜年 周末 节气 年夜饭 农历 节假日,拜年 清明节 周末 中秋节 新年 元宵节 团圆 暑假 暑期 清明 国庆 元旦,春节 中秋节 元宵节 清明节 除夕 端午节 元旦 圣诞节 假期 节日 佳节 过年 长假 新年 国庆 过节 节假日 放假 暑假 寒假 假日 清明 农历 周末 腊月 年夜饭 暑期 休假 团圆 拜年 庙会 节气
271,8,0.456206696832517,0.029150664233042724,0.625,公正 公平 正义 公道 民主 和平 中立 透明,透明 和平 民主 中立 正义 公道 公平 公正,中立 透明 公道 和平 民主 公平 公正 正义,公正 公平 正义 公道 民主 和平 中立 透明
272,3,0.5052591420896332,0.16655066530803894,0.0,高等 初等 中等,中等 初等 高等,中等 初等 高等,高等 初等 中等
273,3,0.5943723085523375,0.28631668902709695,0.0,中级 初级 高级,高级 初级 中级,中级 初级 高级,中级 初级 高级
274,11,0.48896547674648244,0.0743767683056416,0.18181818181818182,药物 药 药品 中药 药片 抗生素 处方 疫苗 药方 医药 胶囊,医药 药方 疫苗 处方 药片 抗生素 胶囊 药物,药片 药物 药方 药品 胶囊 药 处方 中药 疫苗 医药 抗生素,药物 药 药品 中药 药片 抗生素 处方 疫苗 药方 医药 胶囊
275,3,0.4509959121409328,0.08440853088921468,0.3333333333333333,中途 半路 无故,无故 半路 中途,无故 半路 中途,中途 半路 无故
276,7,0.47538962761085657,0.03811187874992241,0.14285714285714285,丰富 丰厚 充足 充沛 雄厚 丰盛 丰富多彩,丰富多彩 雄厚 充沛 丰富 充足 丰盛 丰厚,丰盛 丰富 丰厚 充足 充沛 丰富多彩 雄厚,丰富 丰厚 充足 充沛 雄厚 丰盛 丰富多彩
277,21,0.47497386894383226,0.0364240977906727,0.3333333333333333,作物 水稻 农作物 小麦 庄稼 禾苗 肥料 灌溉 干旱 粮食 旱 棉花,耕地 种植 害虫 农业 肥沃 棉花 干旱 禾苗,种植 旱 涝 粮食 耕地 肥料 肥沃 小麦 灌溉 丰收 棉花 水稻,作物 水稻 农作物 小麦 庄稼 禾苗 肥料 灌溉 干旱 粮食 旱 棉花 种植 涝 耕地 农业 土壤 化肥 害虫 肥沃 丰收
278,15,0.4935230788057013,0.06826848120462015,0.2,壮实 健壮 苗条 结实 强壮 身材 修长 矮小 高大 瘦 胖 丰满,身材 硬朗 好看 矮 胖 高大 丰满 结实,身材 矮 瘦 健壮 苗条 强壮 硬朗 矮小 丰满 好看 胖 修长,壮实 健壮 苗条 结实 强壮 身材 修长 矮小 高大 瘦 胖 丰满 矮 硬朗 好看
279,6,0.5256970262820331,0.1333348542175448,0.0,成果 丰硕 成效 硕果 成就 成绩,成就 成效 成绩 硕果 丰硕 成果,丰硕 成就 成绩 成果 成效 硕果,成果 丰硕 成效 硕果 成就 成绩
280,6,0.4563570465060425,-0.012929395892805375,0.5,束 缕 根 颗 朵 串,缕 颗 根 朵 串 束,串 缕 束 朵 根 颗,束 缕 根 颗 朵 串
281,2,0.48342221839291855,0.16462392252391228,0.0,临近 临,临近 临,临 临近,临近 临
282,1,,0.0,0.0,临时,临时,临时,临时
283,19,0.4836387785723537,0.02702648299775113,0.42105263157894735,楼房 幢 住宅 栋 房屋 房子 居民楼 别墅 公寓 临街 写字楼 建筑物,住房 幢 栋 建筑物 公寓 住户 大楼 四合院,房子 房屋 屋 幢 别墅 栋 新房 写字楼 楼房 大厦 大楼 四合院,楼房 幢 住宅 栋 房屋 房子 居民楼 别墅 公寓 临街 写字楼 建筑物 新房 大楼 屋 住户 住房 四合院 大厦
284,3,0.39563220678945427,-0.019563024888878632,0.6666666666666666,敷 丸 贴,贴 丸 敷,丸 敷 贴,敷 丸 贴
285,3,0.4491419162468951,0.06036849551005736,0.0,为 以 为了,为了 为 以,以 为 为了,为 以 为了
286,3,0.4214539532123318,0.04123415084676129,0.3333333333333333,少量 少数 为主,少数 为主 少量,少量 为主 少数,少量 少数 为主
287,45,0.4655905751562934,-0.022645041595108908,0.5555555555555556,谦逊 和蔼 诚恳 朴实 文雅 谦虚 豁达 善良 温柔 质朴 沉稳 敦厚,宽容 平和 客气 体贴 真诚 俊俏 厚道 潇洒,正直 诚恳 坦率 质朴 含蓄 俊俏 纯朴 诚实 得体 开朗 宽厚 宽容,谦逊 和蔼 诚恳 朴实 文雅 谦虚 豁达 善良 温柔 质朴 沉稳 敦厚 纯朴 稳重 耿直 礼貌 彬彬有礼 真诚 慈祥 诚实 风趣 开朗 坦诚 幽默 刚毅 含蓄 宽厚 正直 友善 得体 坦率 体贴 英俊 仁慈 厚道 大方 宽容 俊俏 潇洒 风度 客气 平和 坚韧 为人 委婉
288,2,0.6050913922726711,0.3258935271809167,0.0,为何 之所以,为何 之所以,之所以 为何,为何 之所以
289,6,0.46730812403193844,0.12083791393355658,0.3333333333333333,历时 长达 耗时 时隔 为期 全长,全长 时隔 耗时 长达 为期 历时,历时 长达 时隔 耗时 为期 全长,历时 长达 耗时 时隔 为期 全长
290,5,0.5698870948234687,0.20691305971783253,0.2,迄今 迄今为止 至今 以来 为止,为止 以来 至今 迄今为止 迄今,以来 迄今 迄今为止 为止 至今,迄今 迄今为止 至今 以来 为止
291,4,0.4480828433762734,0.06414110401325784,0.0,由此 据此 为此 从中,从中 据此 为此 由此,据此 从中 由此 为此,由此 据此 为此 从中
292,1,,0.0,0.0,主,主,主,主
293,2,0.4827969302364822,0.11057063999543938,0.0,主义 主张,主义 主张,主义 主张,主义 主张
294,3,0.40624044125398573,0.009289462368456814,0.3333333333333333,猎人 巨人 主人,主人 巨人 猎人,猎人 巨人 主人,猎人 巨人 主人
295,5,0.49284615434349704,0.09511650217686068,0.2,主角 主人公 角色 人物 替身,替身 角色 人物 主人公 主角,角色 人物 主人公 主角 替身,主角 主人公 角色 人物 替身
296,26,0.45999475590894645,0.017949537432516278,0.34615384615384615,主任 局长 处长 部长 总经理 院长 秘书长 书记 总裁 总监 董事长 司长,团长 主管 负责人 会长 院长 厂长 委员 秘书长,秘书长 董事长 院长 会长 处长 司长 总监 总裁 市长 局长 书记 厂长,主任 局长 处长 部长 总经理 院长 秘书长 书记 总裁 总监 董事长 司长 组长 所长 会长 校长 助理 秘书 委员 主席 市长 团长 经理 负责人 厂长 主管
297,3,0.45714713218432923,0.08149203130401263,0.0,载体 纽带 主体,纽带 主体 载体,载体 纽带 主体,载体 纽带 主体
298,2,0.5057524950672111,0.17419479334178672,0.0,合约 主力,主力 合约,合约 主力,合约 主力
299,6,0.5596459663889409,0.2452034851327103,0.0,承办 举办 主办 筹办 办 申办,申办 办 筹办 举办 主办 承办,申办 办 举办 承办 主办 筹办,承办 举办 主办 筹办 办 申办
300,2,0.6213043533666234,0.39723491362604013,0.0,主动 被动,主动 被动,被动 主动,主动 被动
301,5,0.45548793706113794,0.06214664398214566,0.2,做饭 家务 料理 主妇 收拾,收拾 主妇 料理 家务 做饭,收拾 做饭 料理 家务 主妇,做饭 家务 料理 主妇 收拾
302,4,0.49610534506314474,0.09537804673227471,0.25,主宰 支配 主导 掌管,掌管 主导 支配 主宰,支配 掌管 主导 主宰,主宰 支配 主导 掌管
303,7,0.47052853934350153,0.05972803031532403,0.14285714285714285,脑筋 心思 脑子 心眼儿 心肠 胆子 主意,胆子 主意 心肠 心思 心眼儿 脑子 脑筋,胆子 心眼儿 心思 主意 心肠 脑子 脑筋,脑筋 心思 脑子 心眼儿 心肠 胆子 主意
304,3,0.48369280480043236,0.1160031070088914,0.0,主持人 主持 演播室,演播室 主持 主持人,演播室 主持人 主持,主持人 主持 演播室
305,4,0.46616945298127277,0.11364449855362253,0.25,干涉 干预 插手 主权,主权 插手 干预 干涉,插手 干预 主权 干涉,干涉 干预 插手 主权
306,1,,0.0,0.0,主流,主流,主流,主流
307,4,0.47226684339362174,0.12569365594008922,0.0,主编 作者 撰写 编辑,撰写 主编 编辑 作者,主编 撰写 编辑 作者,主编 作者 撰写 编辑
308,8,0.4680524362489194,0.09480969205597728,0.0,重要 关键 首要 主要 至关重要 重点 要紧 核心,重点 核心 要紧 至关重要 首要 主要 重要 关键,重点 至关重要 核心 关键 要紧 主要 首要 重要,重要 关键 首要 主要 至关重要 重点 要紧 核心
309,8,0.5009539357654179,0.11291069320832003,0.125,理智 感性 理性 直觉 主观 知觉 认知 客观,认知 客观 直觉 知觉 主观 理性 感性 理智,客观 直觉 理智 理性 主观 知觉 认知 感性,理智 感性 理性 直觉 主观 知觉 认知 客观
310,6,0.46503988232680865,0.055455946012831304,0.3333333333333333,话题 议题 热点 主题 题材 焦点,题材 焦点 热点 主题 议题 话题,热点 题材 议题 焦点 话题 主题,话题 议题 热点 主题 题材 焦点
311,1,,0.0,0.0,举,举,举,举
312,1,,0.0,0.0,举一反三,举一反三,举一反三,举一反三
313,4,0.42203521416917206,-0.005374562098888223,0.5,独一无二 举世无双 无敌 特有,无敌 特有 举世无双 独一无二,无敌 独一无二 特有 举世无双,独一无二 举世无双 无敌 特有
314,12,0.5142630800615547,0.18655485682580694,0.08333333333333333,有名 著名 驰名 闻名 出名 大名鼎鼎 远近闻名 举世闻名 知名 家喻户晓 耳熟能详 名副其实,名副其实 知名 耳熟能详 家喻户晓 出名 举世闻名 远近闻名 大名鼎鼎,耳熟能详 家喻户晓 知名 著名 举世闻名 名副其实 有名 出名 远近闻名 闻名 驰名 大名鼎鼎,有名 著名 驰名 闻名 出名 大名鼎鼎 远近闻名 举世闻名 知名 家喻户晓 耳熟能详 名副其实
315,13,0.46655101530927834,0.024037406428259713,0.38461538461538464,指出 表示 透露 强调 说 介绍 提到 谈到 告诉 举例 获悉 提出,举例 谈到 显示 提出 获悉 介绍 告诉 提到,谈到 举例 告诉 提到 提出 说 获悉 指出 介绍 显示 表示 透露,指出 表示 透露 强调 说 介绍 提到 谈到 告诉 举例 获悉 提出 显示
316,5,0.4798014904138235,0.0393836071070081,0.2,敬礼 鞠躬 招手 举手 敬,举手 敬 招手 敬礼 鞠躬,敬 敬礼 举手 鞠躬 招手,敬礼 鞠躬 招手 举手 敬
317,1,,0.0,0.0,举报,举报,举报,举报
318,4,0.5095682881404321,0.18450786589544962,0.0,措施 举措 政策 行动,行动 政策 措施 举措,举措 行动 措施 政策,措施 举措 政策 行动
319,28,0.45706524437566104,-0.00953439728081595,0.5357142857142857,大会 开幕 开幕式 闭幕式 闭幕 招待会 盛会 晚会 庆典 宴会 展览会 会议,论坛 展览会 庆典 颁奖 博览会 集会 致辞 宴会,集会 招待会 颁奖 宴会 举行 座谈会 发布会 开幕 会议 晚会 庆典 典礼,大会 开幕 开幕式 闭幕式 闭幕 招待会 盛会 晚会 庆典 宴会 展览会 会议 发布会 典礼 颁奖 峰会 隆重 举行 博览会 座谈会 集会 仪式 致辞 追悼会 召开 盛大 论坛 出席
320,27,0.5185489918180353,0.06463537780724787,0.4074074074074074,乒乓球 体操 田径 排球 羽毛球 网球 篮球 举重 摔跤 棒球 滑冰 台球,太极拳 武术 长跑 游泳 运动会 打球 滑雪 足球,网球 球拍 举重 武术 滑冰 游泳 健美 羽毛球 乒乓球 跳高 跳远 射击,乒乓球 体操 田径 排球 羽毛球 网球 篮球 举重 摔跤 棒球 滑冰 台球 游泳 跳高 跳远 武术 足球 运动员 滑雪 高尔夫球 打球 运动会 健美 太极拳 射击 长跑 球拍
321,4,0.4999049855754106,0.11884769533914694,0.0,曰 矣 乃 之,之 矣 曰 乃,之 乃 矣 曰,曰 矣 乃 之
322,1,,0.0,0.0,久,久,久,久
323,6,0.5574849585515994,0.2437419136032962,0.0,难得一见 罕见 少见 难得 少有 久违,久违 少见 难得 少有 罕见 难得一见,少见 难得一见 罕见 久违 难得 少有,难得一见 罕见 少见 难得 少有 久违
324,17,0.441787121764338,-0.0398950844543479,0.7058823529411765,肩负 担负 责任 职责 承担 重任 使命 负有 担当 职能 义务 履行,任务 担子 分工 担当 负有 承担 分担 担负,履行 使命 担负 义务 责任 任务 职责 职能 负有 负担 分担 担子,肩负 担负 责任 职责 承担 重任 使命 负有 担当 职能 义务 履行 任务 担子 分担 负担 分工
325,4,0.5230280498666205,0.20829505779986332,0.0,志愿者 义工 志愿 献血,献血 义工 志愿 志愿者,献血 义工 志愿者 志愿,志愿者 义工 志愿 献血
326,2,0.4928244646509228,0.16245622572057472,0.0,唯一 之一,唯一 之一,之一 唯一,唯一 之一
327,3,0.6392222718884307,0.37760111045712197,0.0,之内 以内 内,内 以内 之内,内 以内 之内,之内 以内 内
328,13,0.4827356511120823,0.022392091544171176,0.23076923076923078,原先 先前 以前 之前 最初 从前 原来 当初 此前 原本 年前 起初,原本 年前 前 此前 起初 原来 从前 当初,起初 前 年前 以前 当初 从前 原来 原本 原先 之前 此前 最初,原先 先前 以前 之前 最初 从前 原来 当初 此前 原本 年前 起初 前
329,6,0.5543345244497603,0.20739904943567722,0.16666666666666666,以外 之外 外 除 除了 除外,除了 除外 除 以外 之外 外,外 以外 除 之外 除外 除了,以外 之外 外 除 除了 除外
330,2,0.6510992955292245,0.41054818004339666,0.0,诸如此类 之类,之类 诸如此类,诸如此类 之类,诸如此类 之类
331,3,0.5173823679700779,0.23239760605742474,0.0,之间 间 介于,介于 间 之间,间 之间 介于,之间 间 介于
332,9,0.4727469315124042,0.05042548710187758,0.2222222222222222,天空 星星 月亮 彩霞 天上 乌云 黑夜 彩虹 蓝天,彩霞 天上 黑夜 天空 乌云 蓝天 彩虹 月亮,蓝天 月亮 星星 天空 乌云 天上 彩虹 彩霞 黑夜,天空 星星 月亮 彩霞 天上 乌云 黑夜 彩虹 蓝天
333,1,,0.0,0.0,乐,乐,乐,乐
334,7,0.47361571661112056,0.039668802294654075,0.14285714285714285,公园 花园 游泳池 喷泉 乐园 园 滑梯,园 滑梯 乐园 花园 喷泉 游泳池 公园,园 滑梯 游泳池 喷泉 花园 乐园 公园,公园 花园 游泳池 喷泉 乐园 园 滑梯
335,3,0.5123227670889133,0.137075829972505,0.0,乐观 谨慎 保守,乐观 谨慎 保守,乐观 保守 谨慎,乐观 谨慎 保守
336,3,0.44301198208792086,0.013958435463952514,0.3333333333333333,体验 乐趣 切身,切身 乐趣 体验,乐趣 体验 切身,体验 乐趣 切身
337,3,0.4680083318014689,0.0564548246101113,0.3333333333333333,乔装 假装 扮,扮 假装 乔装,扮 乔装 假装,乔装 假装 扮
338,37,0.4674381047992174,-0.0024966366606963206,0.43243243243243246,乖巧 调皮 胆小 聪明 顽皮 倔强 暴躁 乖 贪玩儿 听话 淘气 蠢,粗心 暴躁 脾气 娇惯 性格 勤快 固执 聪明,胆小 爱面子 糊涂 倔 乖 笨 害羞 懂事 顽皮 叛逆 可爱 讨人喜欢,乖巧 调皮 胆小 聪明 顽皮 倔强 暴躁 乖 贪玩儿 听话 淘气 蠢 可爱 懂事 娇气 娇惯 倔 高傲 天真 老实 脾气 固执 讨人喜欢 小气 害羞 懒惰 大大咧咧 机灵 叛逆 爱面子 笨 性格 鲁莽 勤快 粗心 活泼 糊涂
339,3,0.451784451742669,0.08079765281053171,0.3333333333333333,驾 驾驶 乘,乘 驾驶 驾,乘 驾 驾驶,驾 驾驶 乘
340,6,0.48231935727153397,0.07960063581709285,0.0,目中无人 损人利己 盛气凌人 沽名钓誉 自以为是 乘人之危,沽名钓誉 盛气凌人 自以为是 乘人之危 目中无人 损人利己,盛气凌人 乘人之危 损人利己 自以为是 目中无人 沽名钓誉,目中无人 损人利己 盛气凌人 沽名钓誉 自以为是 乘人之危
341,4,0.5271647616218723,0.1317575295787204,0.25,乞讨 乞丐 流浪 街头,街头 乞丐 流浪 乞讨,流浪 乞丐 乞讨 街头,乞讨 乞丐 流浪 街头
342,5,0.5303936590139945,0.15610843226450735,0.0,宽恕 饶恕 恩惠 恩赐 乞求,饶恕 乞求 恩惠 恩赐 宽恕,恩赐 宽恕 乞求 饶恕 恩惠,宽恕 饶恕 恩惠 恩赐 乞求
343,22,0.4881280117929789,0.018778105724000994,0.36363636363636365,确实 的确 也 反倒 似乎 显然 固然 恐怕 倒是 真的 实在 果真,真的 终究 可谓 倒是 果真 未必 似乎 肯定,实在 真的 也 简直 无疑 似乎 确实 果真 果然 肯定 着实 倒是,确实 的确 也 反倒 似乎 显然 固然 恐怕 倒是 真的 实在 果真 简直 着实 终究 果然 无疑 肯定 或许 未免 未必 可谓
344,9,0.48055616136691753,0.07532643409950435,0.3333333333333333,习俗 风俗 民俗 规矩 约定俗成 俗 礼仪 习惯 惯例,习惯 民俗 惯例 礼仪 俗 规矩 约定俗成 风俗,俗 习惯 规矩 礼仪 习俗 风俗 民俗 约定俗成 惯例,习俗 风俗 民俗 规矩 约定俗成 俗 礼仪 习惯 惯例
345,6,0.5588261650490888,0.1975871952115964,0.16666666666666666,乡 村 镇 县 屯 大队,县 大队 屯 镇 村 乡,县 屯 乡 村 镇 大队,乡 村 镇 县 屯 大队
346,13,0.47446483256217026,0.013886663673814498,0.46153846153846156,郊区 城镇 市区 城里 村庄 乡村 城区 农村 城乡 城市 街道 郊外,城市 街道 乡下 农村 市区 乡村 村庄 郊外,乡下 城镇 城里 乡村 村庄 郊区 郊外 街道 城区 城市 市区 城乡,郊区 城镇 市区 城里 村庄 乡村 城区 农村 城乡 城市 街道 郊外 乡下
347,10,0.5382583140574154,0.15306153500105307,0.0,群众 民众 农民 老百姓 居民 市民 牧民 人民 渔民 乡亲,乡亲 渔民 民众 人民 市民 牧民 居民 老百姓,乡亲 人民 群众 牧民 市民 老百姓 居民 渔民 民众 农民,群众 民众 农民 老百姓 居民 市民 牧民 人民 渔民 乡亲
348,12,0.49263669730358395,0.11480062645296037,0.0,背诵 朗读 抄写 默读 读 听写 写 写作 书写 阅读 温习 念,写作 温习 念 朗读 书写 听写 阅读 写,写作 写 念 朗读 背诵 默读 听写 读 温习 阅读 书写 抄写,背诵 朗读 抄写 默读 读 听写 写 写作 书写 阅读 温习 念
349,31,0.48863243553972596,0.0039388095068216685,0.41935483870967744,房间 卧室 卫生间 楼道 浴室 客厅 洗手间 教室 寝室 宿舍 阳台 过道,机舱 室 大厅 阅览室 操场 办公室 防盗门 楼梯,卫生间 寝室 宿舍 洗手间 阳台 室 办公室 楼 操场 更衣室 院子 电梯,房间 卧室 卫生间 楼道 浴室 客厅 洗手间 教室 寝室 宿舍 阳台 过道 书房 厨房 楼梯 病房 厕所 院子 地下室 楼 教学楼 大厅 操场 更衣室 走廊 办公室 阅览室 机舱 室 电梯 防盗门
350,44,0.48779736394770845,0.040445902893199145,0.3409090909090909,柜子 桌子 椅子 凳子 书桌 窗子 书橱 箱子 书柜 垫子 写字台 藤椅,马桶 盘子 墙壁 栏杆 台灯 本子 柱子 地板,脸盆 枕头 抽屉 盒子 床 柜子 杯子 本子 棺材 写字台 笼子 帘子,柜子 桌子 椅子 凳子 书桌 窗子 书橱 箱子 书柜 垫子 写字台 藤椅 书架 抽屉 窗台 屋子 帐子 窗户 沙发 墙壁 衣架 杯子 枕头 窗帘 帘子 木板 台灯 脸盆 梯子 镜子 床 栏杆 架子 柱子 炉子 盖子 棺材 笼子 盒子 马桶 地板 黑板 盘子 本子
351,2,0.5514331749042373,0.23990817117866858,0.0,口头 书面,口头 书面,书面 口头,口头 书面
352,3,0.535307847759728,0.17885429850773785,0.0,买 买不起 掏钱,掏钱 买 买不起,买 掏钱 买不起,买 买不起 掏钱
353,5,0.45217101264229315,-0.054402414984454125,0.8,出售 卖 出卖 兜售 买卖,出售 买卖 兜售 卖 出卖,卖 出售 出卖 买卖 兜售,出售 卖 出卖 兜售 买卖
354,6,0.4765676089719892,0.03560701511201398,0.5,混乱 紊乱 忙乱 乱 杂乱无章 失控,失控 忙乱 杂乱无章 紊乱 乱 混乱,混乱 乱 紊乱 忙乱 失控 杂乱无章,混乱 紊乱 忙乱 乱 杂乱无章 失控
355,5,0.5571833873840873,0.21501385287874575,0.0,各式各样 五花八门 形形色色 五颜六色 乱七八糟,乱七八糟 五颜六色 各式各样 五花八门 形形色色,形形色色 乱七八糟 五颜六色 各式各样 五花八门,各式各样 五花八门 形形色色 五颜六色 乱七八糟
356,6,0.5107987920428844,0.13751665421958945,0.0,食品 乳制品 水产品 农产品 食用 奶粉,农产品 奶粉 食用 水产品 乳制品 食品,食用 食品 奶粉 水产品 乳制品 农产品,食品 乳制品 水产品 农产品 食用 奶粉
357,3,0.5096994880510957,0.17280665194065656,0.0,了 着 过,过 着 了,了 着 过,了 着 过
358,2,0.4821328787051524,0.10092496854341465,0.0,出息 了不起,了不起 出息,出息 了不起,出息 了不起
359,1,,0.0,0.0,了却,了却,了却,了却
360,1,,0.0,0.0,了结,了结,了结,了结
361,5,0.4488483631511911,0.06159211837088643,0.2,熟悉 精通 熟练 掌握 了解,了解 掌握 熟练 精通 熟悉,熟悉 了解 精通 掌握 熟练,熟悉 精通 熟练 掌握 了解
362,5,0.47415529438859566,0.09704291805605014,0.0,夺 争 夺取 抢 争取,争取 抢 夺取 争 夺,夺 争 抢 争取 夺取,夺 争 夺取 抢 争取
363,2,0.5674420020248463,0.2258755057821702,0.0,争气 争光,争光 争气,争气 争光,争气 争光
364,12,0.5257394161322584,0.11931983453835289,0.16666666666666666,争执 冲突 争吵 矛盾 争端 争论 纠纷 分歧 激化 争议 对立 隔阂,隔阂 分歧 对立 纠纷 争议 激化 争吵 争论,激化 对立 冲突 争执 争端 纠纷 隔阂 争吵 矛盾 分歧 争议 争论,争执 冲突 争吵 矛盾 争端 争论 纠纷 分歧 激化 争议 对立 隔阂
365,6,0.5422012563284121,0.1293369419074549,0.16666666666666666,争夺 较量 角逐 激烈 竞争 交锋,激烈 交锋 较量 竞争 角逐 争夺,激烈 角逐 交锋 较量 竞争 争夺,争夺 较量 角逐 激烈 竞争 交锋
366,9,0.5149384860168831,0.09822196163598025,0.2222222222222222,事 事情 大事 好事 私事 坏事 喜事 公事 心事,公事 心事 事情 私事 喜事 坏事 事 大事,事情 事 心事 大事 好事 私事 喜事 坏事 公事,事 事情 大事 好事 私事 坏事 喜事 公事 心事
367,1,,0.0,0.0,事业,事业,事业,事业
368,2,0.7759440715173553,0.6281830606122291,0.0,事先 预先,预先 事先,事先 预先,事先 预先
369,3,0.5282129995059911,0.1813675963956162,0.0,事宜 事项 事务,事务 事项 事宜,事务 事宜 事项,事宜 事项 事务
370,3,0.4134206810033234,-0.00800892958151301,1.0,事务所 会计 合伙,合伙 会计 事务所,会计 事务所 合伙,事务所 会计 合伙
371,2,0.4891629186614117,0.1326786643741586,0.0,事后 此事,此事 事后,事后 此事,事后 此事
372,4,0.5071018300759321,0.08564138596775299,0.25,事实 证据 结论 理由,证据 结论 理由 事实,事实 结论 证据 理由,事实 证据 结论 理由
373,5,0.44031705403525345,-0.010264581239736862,0.6,事物 物体 宇宙 物质 真理,物质 宇宙 真理 事物 物体,物体 真理 事物 宇宙 物质,事物 物体 宇宙 物质 真理
374,7,0.5127732786366025,0.07479849627825544,0.42857142857142855,楷模 榜样 模范 典范 表率 事迹 英雄,表率 英雄 典范 事迹 模范 榜样 楷模,事迹 榜样 英雄 楷模 典范 模范 表率,楷模 榜样 模范 典范 表率 事迹 英雄
375,3,0.4876071102103401,0.16435730505713422,0.3333333333333333,二手车 二手 瓜子,瓜子 二手 二手车,二手 二手车 瓜子,二手车 二手 瓜子
376,6,0.5285541049824896,0.13519092588545276,0.16666666666666666,氧气 气体 氧 空气 二氧化碳 呼吸,呼吸 气体 氧 二氧化碳 空气 氧气,气体 氧气 氧 空气 呼吸 二氧化碳,氧气 气体 氧 空气 二氧化碳 呼吸
377,4,0.5405824537604033,0.23987205859853913,0.0,二维码 扫 扫描 码,扫描 码 扫 二维码,二维码 码 扫 扫描,二维码 扫 扫描 码
378,1,,0.0,0.0,于,于,于,于
379,6,0.5127759082336617,0.11943080374333516,0.0,赔钱 亏 亏本 亏损 赚 赔,赔 赚 亏损 赔钱 亏本 亏,亏 赔 赚 亏本 亏损 赔钱,赔钱 亏 亏本 亏损 赚 赔
380,1,,0.0,0.0,云,云,云,云
381,4,0.49553141528744454,0.06665536259484373,0.25,互访 互信 经贸 双边,双边 互访 互信 经贸,互信 经贸 双边 互访,互访 互信 经贸 双边
382,2,0.45349836081752004,0.07846624586214848,0.0,互动 良性,良性 互动,互动 良性,互动 良性
383,3,0.43973326866033075,0.06279730149593721,0.3333333333333333,自愿 自发 互助,互助 自愿 自发,互助 自愿 自发,自愿 自发 互助
384,4,0.617228194007786,0.34834200055791353,0.0,互相 相互 彼此 交叉,交叉 彼此 互相 相互,互相 彼此 交叉 相互,互相 相互 彼此 交叉
385,3,0.4961998539886481,0.10220955689318267,0.3333333333333333,互联网 移动 网络,网络 互联网 移动,网络 移动 互联网,互联网 移动 网络
386,5,0.47721260042501773,0.06046419282561692,0.4,协同 协调 协作 统筹 互补,统筹 互补 协调 协作 协同,协调 协作 互补 协同 统筹,协同 协调 协作 统筹 互补
387,21,0.5029673975678044,0.09934149672659519,0.2857142857142857,饭店 餐馆 餐厅 饭馆 旅馆 酒楼 宾馆 酒吧 旅店 酒店 舞厅 夜总会,住宿 厨师 电影院 夜市 服务员 餐饮 网吧 舞厅,旅馆 网吧 饭店 旅店 五星级 电影院 舞厅 服务员 宾馆 酒楼 酒店 酒吧,饭店 餐馆 餐厅 饭馆 旅馆 酒楼 宾馆 酒吧 旅店 酒店 舞厅 夜总会 客房 餐饮 网吧 电影院 五星级 服务员 住宿 厨师 夜市
388,3,0.4939872217376664,0.1281332051794367,0.0,泉 井 洞,洞 泉 井,井 泉 洞,泉 井 洞
389,4,0.45376915194431106,0.08176761771016011,0.25,这些 那些 些 该,该 些 那些 这些,些 那些 这些 该,这些 那些 些 该
390,1,,0.0,0.0,亡羊补牢,亡羊补牢,亡羊补牢,亡羊补牢
391,2,0.4747347451899103,0.10362973074534121,0.0,交付 交,交 交付,交 交付,交付 交
392,1,,0.0,0.0,交代,交代,交代,交代
393,13,0.4676545330238922,-0.020955516750625295,0.6923076923076923,交谈 交朋友 相处 见面 交往 亲近 亲密 打交道 亲热 接触 打招呼 交流,见面 打交道 亲近 相处 交流 打招呼 交情 接触,交朋友 交谈 交往 打招呼 交情 交流 相处 亲近 打交道 见面 亲热 亲密,交谈 交朋友 相处 见面 交往 亲近 亲密 打交道 亲热 接触 打招呼 交流 交情
394,3,0.4024374866342418,-0.007915159323367425,0.3333333333333333,换取 索取 交换,索取 交换 换取,交换 换取 索取,换取 索取 交换
395,3,0.4649332991481699,0.08974239105865012,0.3333333333333333,交接 移交 过渡,移交 过渡 交接,移交 交接 过渡,交接 移交 过渡
396,3,0.39695991986697504,-0.01557472532039166,0.6666666666666666,交易 成交 关联,关联 成交 交易,成交 关联 交易,交易 成交 关联
397,3,0.558631134038347,0.23418123155720724,0.0,轮换 轮流 交替,轮换 交替 轮流,轮换 轮流 交替,轮换 轮流 交替
398,12,0.4975179562317695,0.08924312933543821,0.25,磋商 协商 谈判 商讨 会谈 交涉 沟通 洽谈 会面 讨价还价 对话 商量,对话 交涉 会面 沟通 讨价还价 商量 商讨 会谈,磋商 谈判 会面 会谈 洽谈 交涉 沟通 讨价还价 协商 商量 商讨 对话,磋商 协商 谈判 商讨 会谈 交涉 沟通 洽谈 会面 讨价还价 对话 商量
399,6,0.4815800396296138,0.10319882173749807,0.0,界线 边界 界限 地带 交界 边缘,边缘 交界 边界 地带 界限 界线,界限 界线 边界 边缘 地带 交界,界线 边界 界限 地带 交界 边缘
400,10,0.4676433038218472,0.043805724280281566,0.4,缴纳 交纳 纳税 缴 缴费 征收 交费 纳税人 税 押金,押金 征收 交费 税 纳税人 缴费 交纳 缴,征收 缴费 税 缴 纳税人 缴纳 交费 纳税 交纳 押金,缴纳 交纳 纳税 缴 缴费 征收 交费 纳税人 税 押金
401,10,0.4993896071826479,0.06267969190233474,0.1,送给 递给 交给 捎 转交 送 递 送到 寄 给,送 给 寄 递 送到 送给 转交 捎,寄 给 捎 送给 送到 递给 交给 送 递 转交,送给 递给 交给 捎 转交 送 递 送到 寄 给
402,11,0.49274846625106106,0.11914580218334084,0.18181818181818182,警察 交警 公安 民警 公安局 警官 治安 消防 巡逻 保安 破案,消防 破案 治安 公安局 警官 巡逻 保安 交警,巡逻 公安局 交警 保安 民警 破案 消防 治安 公安 警察 警官,警察 交警 公安 民警 公安局 警官 治安 消防 巡逻 保安 破案
403,8,0.47031306536607936,0.08354633776463516,0.25,通信 通讯 电讯 电信 无线电 无线 天线 交通,交通 天线 无线电 无线 电信 通讯 电讯 通信,通信 通讯 无线 电信 交通 天线 无线电 电讯,通信 通讯 电讯 电信 无线电 无线 天线 交通
404,2,0.5603044647399391,0.2480049684042664,0.0,社交 交际,社交 交际,交际 社交,社交 交际
405,1,,0.0,0.0,交集,交集,交集,交集
406,16,0.5091629841821271,0.08285449278402973,0.4375,仍然 依然 仍旧 仍 依旧 却 还 虽 亦 都 还是 则,照样 尚 都 还 则 还是 皆 同样,仍然 则 却 尚 仍 亦 仍旧 皆 照样 同样 还是 依旧,仍然 依然 仍旧 仍 依旧 却 还 虽 亦 都 还是 则 照样 皆 同样 尚
407,5,0.4996129016795492,0.11077611005171215,0.0,产量 生产 增产 产值 产,产 生产 产值 增产 产量,增产 产 生产 产值 产量,产量 生产 增产 产值 产
408,5,0.4507092750409679,0.08449421123650735,0.0,型号 产品 规格 品种 性能,产品 性能 规格 品种 型号,性能 品种 型号 规格 产品,型号 产品 规格 品种 性能
409,1,,0.0,0.0,产地,产地,产地,产地
410,1,,0.0,0.0,产物,产物,产物,产物
411,6,0.5502602905079578,0.13574119086426525,0.16666666666666666,引发 引起 造成 诱发 产生 带来,带来 造成 产生 引起 诱发 引发,引起 诱发 产生 造成 引发 带来,引发 引起 造成 诱发 产生 带来
412,15,0.4766988741313189,0.010519848541979982,0.4,公斤 千克 斤 公顷 吨 立方米 亩 平方米 磅 公里 米 厘米,厘米 元 平方米 桶 米 毫米 千克 立方米,元 吨 亩 磅 米 斤 桶 平方米 公顷 公里 毫米 千克,公斤 千克 斤 公顷 吨 立方米 亩 平方米 磅 公里 米 厘米 毫米 元 桶
413,3,0.4765217341100397,0.13625891047588026,0.0,享受 享 受益,受益 享 享受,享 享受 受益,享受 享 受益
414,8,0.491548132574951,0.014319706409412533,0.5,具有 拥有 有着 具备 有 享有 带有 占有,有 带有 享有 占有 有着 具备 拥有 具有,占有 有 拥有 有着 享有 具备 具有 带有,具有 拥有 有着 具备 有 享有 带有 占有
415,24,0.5043667479565299,0.07549436857755061,0.16666666666666666,戏剧 话剧 京剧 杂技 戏曲 演出 剧目 表演 剧团 戏 歌舞 芭蕾,演戏 舞台 戏 排练 演员 艺术 剧场 小品,演戏 芭蕾 艺术 戏 舞台 剧团 剧场 剧目 小品 相声 马戏 戏剧,戏剧 话剧 京剧 杂技 戏曲 演出 剧目 表演 剧团 戏 歌舞 芭蕾 演员 相声 马戏 剧院 木偶 演戏 排练 艺术 剧场 秧歌 舞台 小品
416,4,0.4050592668955466,1.5527683561271377e-6,0.75,暗 亮 黑暗 哑,黑暗 哑 亮 暗,哑 亮 暗 黑暗,暗 亮 黑暗 哑
417,16,0.489257328780374,0.055514060532241914,0.375,美景 景色 秀美 美丽 秀丽 迷人 风景 风光 壮丽 明媚 风情 山川,壮丽 名胜 风情 缤纷 明媚 亮丽 美好 山川,亮丽 明媚 美景 名胜 美丽 风光 迷人 美好 风景 风情 缤纷 壮丽,美景 景色 秀美 美丽 秀丽 迷人 风景 风光 壮丽 明媚 风情 山川 亮丽 美好 名胜 缤纷
418,2,0.4688450822928125,0.09496331280309228,0.0,特色 亮点,亮点 特色,亮点 特色,特色 亮点
419,5,0.5220449458917209,0.12645947415898645,0.2,展出 参展 展览 车展 亮相,亮相 车展 展览 参展 展出,亮相 参展 展出 展览 车展,展出 参展 展览 车展 亮相
420,1,,0.0,0.0,亲,亲,亲,亲
421,12,0.4776736732532454,0.029871117542889184,0.3333333333333333,问候 祝贺 慰问 贺电 贺信 诚挚 致敬 亲切 送行 握手 送别 转达,送别 致敬 握手 送行 诚挚 贺信 转达 亲切,诚挚 转达 问候 送别 贺信 贺电 致敬 握手 慰问 送行 祝贺 亲切,问候 祝贺 慰问 贺电 贺信 诚挚 致敬 亲切 送行 握手 送别 转达
422,15,0.5019000173379012,0.10593074085700578,0.13333333333333333,朋友 亲朋好友 友人 亲友 同事 好友 朋友们 战友 老朋友 同伴 熟人 知己,小朋友 盟友 熟人 亲友 知己 老朋友 伙伴 朋友们,朋友们 小朋友 伙伴 盟友 老朋友 同事 同伴 知己 亲朋好友 好友 战友 朋友,朋友 亲朋好友 友人 亲友 同事 好友 朋友们 战友 老朋友 同伴 熟人 知己 伙伴 小朋友 盟友
423,6,0.48846769384121713,0.06908762994817381,0.16666666666666666,魅力 感染力 内涵 底蕴 精髓 亲和力,内涵 精髓 底蕴 亲和力 魅力 感染力,亲和力 精髓 感染力 魅力 底蕴 内涵,魅力 感染力 内涵 底蕴 精髓 亲和力
424,5,0.5357068458871984,0.23593399367029413,0.0,子女 亲属 家属 配偶 子弟,子弟 配偶 子女 家属 亲属,子女 子弟 配偶 家属 亲属,子女 亲属 家属 配偶 子弟
425,17,0.48915637233471093,0.053557115522742144,0.35294117647058826,感情 情谊 亲情 情感 真情 友情 情怀 真挚 情 深情 恩情 爱情,人情 情怀 情结 爱情 激情 思念 情谊 恩情,情谊 激情 爱情 心意 真挚 真情 情 人情 思念 深情 友情 恩情,感情 情谊 亲情 情感 真情 友情 情怀 真挚 情 深情 恩情 爱情 思念 心意 情结 激情 人情
426,2,0.49646660289541455,0.09736128051464027,0.0,亲手 动手,亲手 动手,动手 亲手,亲手 动手
427,8,0.4521691386071743,-0.03781523058338032,0.5,孝敬 孝顺 爱惜 亲爱 爱 感恩 宠爱 节俭,亲爱 爱惜 感恩 宠爱 节俭 爱 孝顺 孝敬,爱惜 爱 宠爱 孝顺 亲爱 孝敬 感恩 节俭,孝敬 孝顺 爱惜 亲爱 爱 感恩 宠爱 节俭
428,7,0.5129229628182524,0.14622257287403095,0.14285714285714285,目睹 亲眼 亲身 耳闻目睹 领略 见证 见识,亲身 领略 见识 见证 耳闻目睹 目睹 亲眼,耳闻目睹 目睹 亲身 领略 见证 见识 亲眼,目睹 亲眼 亲身 耳闻目睹 领略 见证 见识
429,19,0.5035919070917219,0.13959256461686312,0.05263157894736842,女生 男人 女人 男生 女孩儿 女性 女 男 男士 男性 女子 少女,人 妇女 美女 帅哥 男孩儿 少女 男士 男,女 人 男 帅哥 男生 男性 妇女 男士 男女 男子 美女 男人,女生 男人 女人 男生 女孩儿 女性 女 男 男士 男性 女子 少女 男孩儿 美女 男女 男子 帅哥 妇女 人
430,1,,0.0,0.0,人为,人为,人为,人为
431,2,0.4817475140745473,0.169524260625334,0.0,人事 用人,人事 用人,用人 人事,人事 用人
432,12,0.4828641860184625,0.03621015581877404,0.3333333333333333,他们 她们 它们 大家 人们 我们 大伙儿 它 别人 们 自己 众人,别人 它 自己 人们 众人 它们 们 大家,它 们 别人 我们 他们 人们 大家 大伙儿 她们 众人 自己 它们,他们 她们 它们 大家 人们 我们 大伙儿 它 别人 们 自己 众人
433,18,0.46117668706539616,-0.0026582751056960082,0.5555555555555556,肝脏 细胞 血管 器官 分泌 人体 胚胎 心脏 血液 激素 大脑 胎儿,胎儿 免疫 肌肤 胚胎 血管 细胞 发育 血液,新陈代谢 激素 免疫 细胞 人体 器官 生理 肌肤 胎儿 大脑 血液 血管,肝脏 细胞 血管 器官 分泌 人体 胚胎 心脏 血液 激素 大脑 胎儿 生理 新陈代谢 神经 免疫 肌肤 发育
434,4,0.48064783252206306,0.12000584426814692,0.0,劳动力 人力 劳动 人口,劳动 人力 人口 劳动力,人力 人口 劳动 劳动力,劳动力 人力 劳动 人口
435,10,0.4816504318798336,0.05332023000737587,0.3,职员 员工 职工 雇员 工人 干部 人员 公务员 民工 官员,官员 干部 民工 工人 人员 雇员 公务员 职工,人员 员工 官员 干部 公务员 民工 雇员 工人 职工 职员,职员 员工 职工 雇员 工人 干部 人员 公务员 民工 官员
436,15,0.4751146018893055,0.04824005264280862,0.3333333333333333,天赋 天分 素养 才华 功底 修养 功力 人品 品德 素质 口才 智商,品德 智商 阅历 基本功 素质 口才 功力 天才,功力 功底 品德 才华 人品 阅历 基本功 素养 口才 天赋 素质 天才,天赋 天分 素养 才华 功底 修养 功力 人品 品德 素质 口才 智商 基本功 阅历 天才
437,3,0.4203591573656498,0.09065832473558603,0.3333333333333333,平均 人均 每,每 人均 平均,每 人均 平均,平均 人均 每
438,3,0.45753434166977636,0.08578871231705636,0.3333333333333333,人工 人造 手工,手工 人造 人工,人工 人造 手工,人工 人造 手工
439,2,0.5067047788889216,0.15369529824115413,0.0,人工智能 芯片,人工智能 芯片,芯片 人工智能,人工智能 芯片
440,9,0.43863313779693036,0.02191993673097326,0.4444444444444444,道德 伦理 人性 美德 教养 人道 审美 人权 品行,人权 品行 审美 教养 人道 美德 人性 伦理,伦理 人权 人性 审美 人道 美德 品行 道德 教养,道德 伦理 人性 美德 教养 人道 审美 人权 品行
441,2,0.4535868494134885,0.11744245986552508,0.0,手头 人手,手头 人手,人手 手头,手头 人手
442,2,0.5279316285468343,0.16759951548608967,0.0,人才 师资,师资 人才,人才 师资,人才 师资
443,17,0.4561451431161437,0.09964287274745644,0.17647058823529413,数量 总数 总量 数目 数额 人数 金额 比例 比重 占 量 规模,数 容量 百分比 次数 数额 量 总额 金额,数目 占 数 次数 人数 总数 容量 百分比 总额 总量 规模 量,数量 总数 总量 数目 数额 人数 金额 比例 比重 占 量 规模 总额 次数 百分比 容量 数
444,3,0.4483343604140719,0.06656311411487235,0.0,文化 人文 软实力,软实力 人文 文化,人文 软实力 文化,文化 人文 软实力
445,10,0.47493941496906705,0.05036386036253325,0.4,心灵 内心 自尊心 自尊 身心 人格 心理 自我 心 心情,心 自尊 心情 人格 心理 自我 自尊心 心灵,自尊心 心 心情 心理 心灵 人格 自我 内心 自尊 身心,心灵 内心 自尊心 自尊 身心 人格 心理 自我 心 心情
446,3,0.3968104571278645,0.0024999824056274925,0.6666666666666666,接待 公务 人次,公务 人次 接待,人次 接待 公务,接待 公务 人次
447,8,0.5147301704165029,0.14781055958854947,0.125,汇率 贬值 升值 外币 人民币 外汇 兑换 货币,人民币 货币 兑换 外币 外汇 升值 汇率 贬值,汇率 货币 升值 贬值 外汇 外币 人民币 兑换,汇率 贬值 升值 外币 人民币 外汇 兑换 货币
448,12,0.5032256489579103,0.0938715457694619,0.25,声誉 名声 知名度 名气 声望 信誉 影响力 威信 口碑 人气 实力 名誉,实力 口碑 名誉 信誉 威信 影响力 人气 声望,实力 知名度 人气 影响力 名誉 声誉 口碑 威信 信誉 声望 名气 名声,声誉 名声 知名度 名气 声望 信誉 影响力 威信 口碑 人气 实力 名誉
449,7,0.5090306995108902,0.13676452241869333,0.14285714285714285,旅程 旅途 路途 路程 行程 人生 时光,人生 时光 行程 路途 路程 旅途 旅程,时光 旅途 人生 旅程 行程 路途 路程,旅程 旅途 路途 路程 行程 人生 时光
450,2,0.5490604993468047,0.24160381718461868,0.0,外星人 人类,人类 外星人,外星人 人类,外星人 人类
451,5,0.49899517821301975,0.1429913472723234,0.0,运气 福气 缘分 幸运 人缘儿,人缘儿 幸运 缘分 福气 运气,运气 缘分 福气 人缘儿 幸运,运气 福气 缘分 幸运 人缘儿
452,2,0.6795012269311596,0.4798494940948651,0.0,人群 群体,人群 群体,人群 群体,人群 群体
453,21,0.45376205033366834,-0.015777474249784054,0.5238095238095238,路段 路口 马路 人行道 路面 路 山路 立交桥 道路 公路 车道 大街,立交桥 地铁站 广场 小路 路口 隧道 街 路况,高速公路 隧道 山路 道路 小路 车道 行人 人行道 公路 路 街 大道,路段 路口 马路 人行道 路面 路 山路 立交桥 道路 公路 车道 大街 大道 小路 高速公路 隧道 地铁站 行人 街 路况 广场
454,23,0.47691160408884864,0.03555600867851504,0.30434782608695654,杀害 谋害 逮捕 暗杀 屠杀 绑架 殴打 抢劫 劫持 挟持 被捕 虐待,袭击 凶手 敲诈 杀 逮捕 抢劫 报复 自杀,暗杀 枪毙 谋害 虐待 殴打 杀 开枪 挟持 敲诈 迫害 逮捕 报复,杀害 谋害 逮捕 暗杀 屠杀 绑架 殴打 抢劫 劫持 挟持 被捕 虐待 开枪 迫害 凶手 袭击 恐吓 杀 报复 枪毙 自杀 敲诈 人质
455,2,0.5593219591603938,0.28457074379309955,0.0,人身 身上,身上 人身,人身 身上,人身 身上
456,7,0.4863789184549099,0.03621606280581964,0.2857142857142857,挑选 选拔 推选 选 筛选 人选 提拔,提拔 筛选 人选 选 选拔 推选 挑选,选拔 筛选 人选 提拔 选 挑选 推选,挑选 选拔 推选 选 筛选 人选 提拔
457,3,0.4727215779143475,0.1282804248222497,0.3333333333333333,悲欢离合 喜怒哀乐 人间,人间 喜怒哀乐 悲欢离合,人间 悲欢离合 喜怒哀乐,悲欢离合 喜怒哀乐 人间
458,5,0.45934301552542245,0.03500123948888119,0.4,只能 只 只有 仅 只管,只有 只管 只能 仅 只,只 仅 只管 只有 只能,只能 只 只有 仅 只管
459,3,0.45011900724965986,0.07738855568515667,0.0,并列 相提并论 仅次于,相提并论 仅次于 并列,并列 相提并论 仅次于,并列 相提并论 仅次于
460,7,0.4765360787338462,0.07766362465786336,0.2857142857142857,仇人 仇 报仇 仇恨 恩人 恩怨 斩草除根,恩人 斩草除根 恩怨 仇恨 报仇 仇 仇人,仇 斩草除根 报仇 仇人 仇恨 恩怨 恩人,仇人 仇 报仇 仇恨 恩人 恩怨 斩草除根
461,6,0.5212246404618812,0.16525080298133973,0.0,将来 明年 今后 未来 后年 来年,明年 来年 今后 未来 后年 将来,明年 后年 将来 今后 未来 来年,将来 明年 今后 未来 后年 来年
462,6,0.5328812797481542,0.16698583729067865,0.16666666666666666,去年 前年 今年 当年 同年 年,当年 年 今年 同年 前年 去年,年 同年 当年 去年 今年 前年,去年 前年 今年 当年 同年 年
463,3,0.5872253583156964,0.2909117803186529,0.0,进场 入场 介入,介入 入场 进场,进场 入场 介入,进场 入场 介入
464,4,0.48508684524454093,0.0869697788672181,0.25,自从 自 从 继,从 继 自 自从,从 继 自 自从,自从 自 从 继
465,2,0.47325047255440644,0.13080572316413108,0.0,从事 从业,从业 从事,从事 从业,从事 从业
466,2,0.4767676142682651,0.12630989237323215,0.0,从此 从今以后,从此 从今以后,从此 从今以后,从此 从今以后
467,2,0.4515135438746234,0.13373490855613468,0.0,从头 遍,遍 从头,从头 遍,从头 遍
468,10,0.4869551614794265,0.07601516424138904,0.2,沉着 从容 冷静 镇定 从容不迫 坦然 勇敢 机智 胸有成竹 果断,勇敢 机智 果断 胸有成竹 坦然 从容不迫 冷静 镇定,坦然 镇定 胸有成竹 果断 冷静 勇敢 沉着 从容 从容不迫 机智,沉着 从容 冷静 镇定 从容不迫 坦然 勇敢 机智 胸有成竹 果断
469,4,0.4964749906582348,0.14304925067427277,0.0,从小 童年 早年 长大,长大 童年 早年 从小,童年 从小 早年 长大,从小 童年 早年 长大
470,5,0.5198715658964987,0.12105323661005607,0.4,储存 存放 保管 保存 仓库,保存 仓库 储存 保管 存放,仓库 保管 保存 存放 储存,储存 存放 保管 保存 仓库
471,11,0.4704870516020657,0.02581181338836258,0.45454545454545453,细心 细致 仔细 周密 认真 精心 用心 耐心 周到 慎重 精细,精心 慎重 精细 耐心 周到 认真 用心 周密,周密 周到 细心 细致 用心 慎重 耐心 精细 认真 精心 仔细,细心 细致 仔细 周密 认真 精心 用心 耐心 周到 慎重 精细
472,2,0.4633660161696038,0.06697400385512603,0.5,对方 他人,对方 他人,对方 他人,对方 他人
473,8,0.4785184712321584,0.07049064513414502,0.25,付款 支付 还款 账单 汇款 定金 款项 付,还款 付 汇款 账单 款项 定金 支付 付款,款项 付 付款 汇款 还款 支付 定金 账单,付款 支付 还款 账单 汇款 定金 款项 付
474,3,0.5655374826597822,0.2758958570274282,0.0,付出 代价 牺牲,牺牲 付出 代价,付出 代价 牺牲,付出 代价 牺牲
475,2,0.4666905735378679,0.09912680514867313,0.0,付费 免费,免费 付费,付费 免费,付费 免费
476,11,0.44718929994107154,0.05393781577739694,0.2727272727272727,鬼 妖怪 神仙 巫婆 仙女 阎王 魔鬼 神 地狱 小丑 美人,地狱 小丑 美人 神 魔鬼 仙女 鬼 阎王,神 美人 阎王 小丑 鬼 地狱 魔鬼 巫婆 神仙 妖怪 仙女,鬼 妖怪 神仙 巫婆 仙女 阎王 魔鬼 神 地狱 小丑 美人
477,44,0.44018073924352813,-0.021465104405225904,0.5454545454545454,蛇 猫 狗 鹅 鸽子 青蛙 鸟 鸭子 公鸡 狮子 母鸡 猴,飞翔 恐龙 动物 大雁 昆虫 怪物 燕子 仙鹤,仙鹤 兔 羊 熊 猴 猫 狼 狗 牛 狮子 猩猩 恐龙,蛇 猫 狗 鹅 鸽子 青蛙 鸟 鸭子 公鸡 狮子 母鸡 猴 鳄鱼 狼 兔 鸡 虫子 羊 龟 猩猩 鼠 鹿 鱼 天鹅 动物 蜜蜂 大象 蚊子 大雁 野兽 鲨鱼 燕子 豹 苍蝇 仙鹤 鹰 猎犬 虎 昆虫 恐龙 怪物 熊 牛 飞翔
478,4,0.47986684857674256,0.13619725674484284,0.0,代号 名称 命名 编号,命名 名称 编号 代号,编号 代号 命名 名称,代号 名称 命名 编号
479,6,0.5430215284769937,0.17983730382574645,0.16666666666666666,取代 代替 替代 替换 取而代之 换成,换成 替换 取而代之 代替 替代 取代,替换 替代 换成 代替 取而代之 取代,取代 代替 替代 替换 取而代之 换成
480,4,0.4876046744579782,0.12696871634395426,0.0,委托 代理 代理人 授权,授权 代理人 委托 代理,代理人 委托 代理 授权,委托 代理 代理人 授权
481,1,,0.0,0.0,代表,代表,代表,代表
482,15,0.4841323232828269,0.05121352127455208,0.3333333333333333,拜会 拜访 会见 接见 访问 参观 探望 看望 拜见 视察 来访 出访,代表团 会晤 视察 参观 瞻仰 看望 探望 拜见,看望 参观 拜会 探望 会见 瞻仰 代表团 出访 视察 来访 访问 会晤,拜会 拜访 会见 接见 访问 参观 探望 看望 拜见 视察 来访 出访 瞻仰 会晤 代表团
483,1,,0.0,0.0,代言人,代言人,代言人,代言人
484,10,0.5514623769079482,0.1940785069407533,0.2,使得 使 促使 致使 迫使 导致 令 让 促成 加上,加上 导致 促成 致使 让 迫使 促使 令,令 使 促使 使得 促成 迫使 加上 致使 让 导致,使得 使 促使 致使 迫使 导致 令 让 促成 加上
485,3,0.4681656039235334,0.025421701755266878,0.3333333333333333,以下 简称 如下,简称 如下 以下,简称 以下 如下,以下 简称 如下
486,9,0.5216880155295774,0.1543881287847647,0.0,坚信 深信 确信 相信 认为 断定 以为 预言 预见,预言 断定 预见 以为 认为 确信 相信 坚信,坚信 以为 确信 断定 深信 相信 认为 预言 预见,坚信 深信 确信 相信 认为 断定 以为 预言 预见
487,4,0.606056790927859,0.2635903356851035,0.0,及 以及 和 及其,及其 和 以及 及,及 和 以及 及其,及 以及 和 及其
488,8,0.5059034469664955,0.043754927712626096,0.125,以往 往常 往日 往年 平日 平时 过去 过往,往日 过去 过往 平时 平日 往年 往常 以往,往日 往年 往常 以往 过往 过去 平时 平日,以往 往常 往日 往年 平日 平时 过去 过往
489,2,0.5831509240598224,0.28662241145547646,0.0,带头 以身作则,带头 以身作则,带头 以身作则,带头 以身作则
490,8,0.4836554270636278,0.09580017884305164,0.25,测量 观测 探测 仪器 测定 测 望远镜 温度计,温度计 仪器 测定 望远镜 测 探测 观测 测量,探测 测 测量 仪器 温度计 测定 观测 望远镜,测量 观测 探测 仪器 测定 测 望远镜 温度计
491,1,,0.0,0.0,仪表,仪表,仪表,仪表
492,3,0.5330586939696734,0.15599163035018346,0.0,俯首 仰 跪,跪 仰 俯首,俯首 仰 跪,俯首 仰 跪
493,5,0.4759120864162408,0.03851007589065271,0.4,项 篇 种 件 条,件 篇 条 种 项,件 种 篇 条 项,项 篇 种 件 条
494,10,0.45967581033146127,0.0783300392888071,0.2,价格 价钱 售价 价位 价 定价 高价 性价比 造价 身价,高价 身价 性价比 造价 价钱 定价 价 价位,价 性价比 价钱 定价 价位 价格 造价 高价 售价 身价,价格 价钱 售价 价位 价 定价 高价 性价比 造价 身价
495,3,0.44223321025946855,0.05091915634955952,0.3333333333333333,增值 价值 财富,财富 价值 增值,增值 财富 价值,增值 价值 财富
496,8,0.5069308231027828,0.10253474022265302,0.25,观念 思维 意识 思想 理念 价值观 心态 头脑,头脑 心态 价值观 理念 意识 思维 思想 观念,心态 思想 思维 头脑 观念 理念 意识 价值观,观念 思维 意识 思想 理念 价值观 心态 头脑
497,1,,0.0,0.0,任人宰割,任人宰割,任人宰割,任人宰割
498,3,0.5200932725854562,0.20994346919567763,0.0,无 毫无 任何,任何 毫无 无,无 任何 毫无,无 毫无 任何
499,8,0.4592430853617083,0.04471645161159453,0.5,随便 随意 随手 顺手 随心所欲 任意 顺便 自由,自由 顺便 顺手 随心所欲 任意 随手 随意 随便,顺手 顺便 任意 随心所欲 自由 随手 随意 随便,随便 随意 随手 顺手 随心所欲 任意 顺便 自由
500,1,,0.0,0.0,份,份,份,份
501,2,0.49308608509559526,0.17778061517272878,0.0,份额 基金,基金 份额,份额 基金,份额 基金
502,4,0.5254327538547182,0.2133932202352008,0.0,仿 模仿 仿制 效仿,仿制 模仿 效仿 仿,仿 效仿 模仿 仿制,仿 模仿 仿制 效仿
503,7,0.494864275465599,0.1222680799109874,0.42857142857142855,厂 厂家 工厂 厂商 企业 车间 出厂,出厂 企业 车间 厂商 厂家 工厂 厂,厂 车间 企业 出厂 厂家 厂商 工厂,厂 厂家 工厂 厂商 企业 车间 出厂
504,4,0.4743153155677002,0.06898475133047427,0.25,休想 想 巴不得 企图,企图 想 巴不得 休想,想 巴不得 企图 休想,休想 想 巴不得 企图
505,9,0.5092799578104641,0.14102887649024531,0.3333333333333333,基督教 宗教 伊斯兰教 天主教 穆斯林 清真寺 教堂 信仰 派别,派别 信仰 教堂 清真寺 宗教 穆斯林 天主教 基督教,宗教 穆斯林 天主教 基督教 伊斯兰教 清真寺 信仰 教堂 派别,基督教 宗教 伊斯兰教 天主教 穆斯林 清真寺 教堂 信仰 派别
506,4,0.43890915857816,0.04620569578519998,0.0,回国 探亲 归来 休养,休养 探亲 回国 归来,探亲 回国 休养 归来,回国 探亲 归来 休养
507,23,0.4654397887751319,-0.009906693090379561,0.4782608695652174,睡 睡觉 打盹儿 睡着 躺 溜达 晒太阳 遛 午睡 蹲 聊天儿 呆,休息 卧 逛 晒太阳 玩儿 午睡 蹲 趴,晒太阳 卧 呆 坐 睡 睡着 酣睡 睡觉 玩儿 逛 遛 趴,睡 睡觉 打盹儿 睡着 躺 溜达 晒太阳 遛 午睡 蹲 聊天儿 呆 坐 玩儿 散步 玩耍 转悠 休息 晃荡 趴 酣睡 逛 卧
508,1,,0.0,0.0,休眠,休眠,休眠,休眠
509,22,0.4611959662114105,0.00007724309428412111,0.5,郊游 游玩 游览 避暑 野餐 登山 爬山 野营 探险 度假 旅行 旅游,疗养 旅游 户外 游 旅行 出游 打猎 野外,旅行 登山 休闲 野餐 野营 游玩 游 游览 旅游 探险 郊游 户外,郊游 游玩 游览 避暑 野餐 登山 爬山 野营 探险 度假 旅行 旅游 野炊 出游 观光 徒步 休闲 打猎 游 疗养 户外 野外
510,2,0.5358790222216285,0.1983278208347778,0.0,众志成城 同舟共济,同舟共济 众志成城,同舟共济 众志成城,众志成城 同舟共济
511,1,,0.0,0.0,优,优,优,优
512,1,,0.0,0.0,优先,优先,优先,优先
513,16,0.49549663804939814,0.07532740569924433,0.3125,缺点 弱点 优点 长处 弊端 短处 弊病 缺陷 好处 特点 毛病 坏处,强项 特点 漏洞 好处 毛病 优势 坏处 缺陷,劣势 优点 优势 漏洞 弱点 毛病 好处 弊端 弊病 短处 缺陷 坏处,缺点 弱点 优点 长处 弊端 短处 弊病 缺陷 好处 特点 毛病 坏处 优势 劣势 强项 漏洞
514,20,0.4939658814208235,0.02024134364120845,0.45,加强 深化 强化 增强 促进 提升 提高 加快 推进 拓宽 增进 扩大,拓展 推动 推进 完善 进一步 扩大 加快 优化,增强 优化 进一步 完善 改善 扩大 强化 加深 推动 加强 加快 深化,加强 深化 强化 增强 促进 提升 提高 加快 推进 拓宽 增进 扩大 拓展 推动 优化 巩固 加深 进一步 改善 完善
515,12,0.48183127320388913,0.07812967688024863,0.16666666666666666,出色 优异 卓越 出众 杰出 优秀 优良 高超 非凡 过硬 独特 优越,独特 优越 优良 高超 非凡 过硬 杰出 优秀,优越 优良 优秀 独特 优异 杰出 出色 出众 高超 卓越 非凡 过硬,出色 优异 卓越 出众 杰出 优秀 优良 高超 非凡 过硬 独特 优越
516,7,0.5752852985548303,0.2661036961503695,0.0,折扣 打折 优惠 促销 特价 降价 折,降价 特价 促销 折 优惠 折扣 打折,优惠 折 折扣 降价 促销 打折 特价,折扣 打折 优惠 促销 特价 降价 折
517,27,0.4613257665755136,-0.04427993406013459,0.6296296296296297,精致 别致 优美 简洁 古朴 优雅 细腻 精美 艳丽 高雅 工整 流畅,线条 别致 韵味 柔和 流畅 完美 新颖 美妙,流畅 优雅 简洁 漂亮 优美 古朴 韵味 完美 细腻 精致 艳丽 清新,精致 别致 优美 简洁 古朴 优雅 细腻 精美 艳丽 高雅 工整 流畅 美观 新颖 华丽 韵味 柔和 精妙 美妙 清新 漂亮 动感 线条 逼真 朴素 整洁 完美
518,5,0.47620690521659925,0.09593918246768889,0.2,低价 廉价 劣质 优质 平价,优质 平价 劣质 低价 廉价,廉价 优质 劣质 低价 平价,低价 廉价 劣质 优质 平价
519,1,,0.0,0.0,伙,伙,伙,伙
520,7,0.5004827182670409,0.09540297542407994,0.2857142857142857,就餐 用餐 食堂 餐 便饭 伙食 餐桌,伙食 餐 便饭 餐桌 食堂 用餐 就餐,伙食 便饭 食堂 餐 餐桌 就餐 用餐,就餐 用餐 食堂 餐 便饭 伙食 餐桌
521,6,0.4497834114283818,0.049138849314091626,0.16666666666666666,理事 协会 委员会 会员 学会 顾问,顾问 会员 学会 协会 委员会 理事,理事 协会 顾问 学会 会员 委员会,理事 协会 委员会 会员 学会 顾问
522,9,0.5029401398050173,0.11429589491673199,0.2222222222222222,体育场 体育馆 球场 场馆 看台 场地 礼堂 会场 鸟巢,会场 礼堂 场地 鸟巢 看台 球场 场馆 体育馆,看台 球场 鸟巢 体育馆 礼堂 场馆 体育场 会场 场地,体育场 体育馆 球场 场馆 看台 场地 礼堂 会场 鸟巢
523,23,0.49187491792130755,0.050150206997686755,0.2608695652173913,急诊 住院 就诊 医院 门诊 看病 医生 手术 出院 打针 挂号 手术室,医生 护士 诊断 输液 救治 挂号 求医 治病,看病 挂号 床位 门诊 打针 诊所 诊断 会诊 急诊 就医 病床 出院,急诊 住院 就诊 医院 门诊 看病 医生 手术 出院 打针 挂号 手术室 救治 诊所 输液 求医 会诊 就医 护士 治病 病床 诊断 床位
524,1,,0.0,0.0,伞,伞,伞,伞
525,5,0.48147897784235233,0.09436882740834548,0.2,光荣 神圣 崇高 伟大 耻辱,耻辱 伟大 崇高 神圣 光荣,光荣 崇高 耻辱 伟大 神圣,光荣 神圣 崇高 伟大 耻辱
526,7,0.5063953895973212,0.14082796590461863,0.0,传闻 传言 传出 绯闻 消息 沸沸扬扬 传,传 沸沸扬扬 消息 绯闻 传言 传出 传闻,传 绯闻 沸沸扬扬 传出 消息 传闻 传言,传闻 传言 传出 绯闻 消息 沸沸扬扬 传
527,7,0.4736600446576287,0.0690504647158789,0.14285714285714285,技艺 绝技 手艺 祖传 失传 传人 技能,技能 传人 祖传 失传 绝技 手艺 技艺,技艺 技能 祖传 绝技 传人 失传 手艺,技艺 绝技 手艺 祖传 失传 传人 技能
528,7,0.5046222424135904,0.13292364357188283,0.0,神话 传奇 故事 传说 童话 奇迹 悲剧,悲剧 传说 传奇 奇迹 故事 童话 神话,神话 奇迹 悲剧 故事 传奇 童话 传说,神话 传奇 故事 传说 童话 奇迹 悲剧
529,5,0.4737190530003053,0.11241000575010807,0.0,娱乐 影视 文娱 体育 传媒,体育 娱乐 文娱 传媒 影视,娱乐 体育 传媒 文娱 影视,娱乐 影视 文娱 体育 传媒
530,10,0.4671560127571273,0.025580353602726147,0.4,弘扬 发扬 倡导 提倡 传承 宣扬 发扬光大 崇尚 秉承 继承,秉承 继承 宣扬 提倡 传承 崇尚 倡导 发扬光大,秉承 崇尚 宣扬 发扬 提倡 传承 倡导 发扬光大 弘扬 继承,弘扬 发扬 倡导 提倡 传承 宣扬 发扬光大 崇尚 秉承 继承
531,7,0.46362409785718645,0.05451408974659083,0.14285714285714285,培训班 讲座 培训 传授 辅导 夏令营 讲学,传授 辅导 讲学 讲座 夏令营 培训 培训班,培训 夏令营 辅导 传授 讲学 讲座 培训班,培训班 讲座 培训 传授 辅导 夏令营 讲学
532,4,0.5224463973642977,0.11038420980523886,0.25,蔓延 扩散 传染 传播,传染 传播 蔓延 扩散,扩散 传播 传染 蔓延,蔓延 扩散 传染 传播
533,1,,0.0,0.0,传真,传真,传真,传真
534,5,0.5071033947564854,0.15582145141911824,0.2,原有 现有 现行 旧 传统,旧 传统 现行 原有 现有,旧 现有 传统 原有 现行,原有 现有 现行 旧 传统
535,5,0.47666212280798703,0.11875095620978475,0.0,输出 传输 输入 发送 输送,输送 发送 传输 输出 输入,输送 输出 输入 发送 传输,输出 传输 输入 发送 输送
536,3,0.4556829429218932,0.06265613420295163,0.0,宣传 推销 传达,推销 传达 宣传,宣传 推销 传达,宣传 推销 传达
537,4,0.5569111648264121,0.2754109037491811,0.0,火炬 传递 接力 棒,棒 接力 传递 火炬,棒 火炬 接力 传递,火炬 传递 接力 棒
538,9,0.46057535260036175,0.017380647670350382,0.3333333333333333,创伤 伤 伤痕 损伤 伤势 愈合 包扎 伤员 后遗症,包扎 伤员 损伤 后遗症 伤痕 愈合 伤势 伤,损伤 伤痕 伤 包扎 伤员 伤势 后遗症 愈合 创伤,创伤 伤 伤痕 损伤 伤势 愈合 包扎 伤员 后遗症
539,57,0.48674828396306735,0.010037386484367663,0.42105263157894735,胳膊 手臂 脖子 嘴唇 手掌 肩膀 鼻子 脸颊 舌头 腿 手指 嘴巴,抚摸 颈部 伤口 头发 胸部 双手 面部 腹部,爪子 肚子 浑身 肢体 把手 脖子 嘴 拳头 骨头 喉咙 伤口 膝盖,胳膊 手臂 脖子 嘴唇 手掌 肩膀 鼻子 脸颊 舌头 腿 手指 嘴巴 膝盖 喉咙 脑袋 爪子 颈部 耳朵 胸膛 身子 眼睛 手腕 胸部 肚子 眉毛 身体 双手 腹部 腰 身躯 指甲 头发 指头 嘴 手脚 肌肉 全身 脸 牙齿 脚 把手 骨头 浑身 伤口 皮肤 头顶 嗓子 肢体 抚摸 用力 怀里 尾巴 面部 关节 肩 拳头 使劲
540,8,0.4917576104447406,0.11380184135471026,0.0,危害 祸害 伤害 侵害 害 威胁 受害 骚扰,骚扰 威胁 受害 侵害 害 危害 伤害 祸害,祸害 害 伤害 威胁 危害 骚扰 侵害 受害,危害 祸害 伤害 侵害 害 威胁 受害 骚扰
541,8,0.49225048311591035,0.14203532910251382,0.125,残疾 盲人 残疾人 聋人 伤残 失明 聋 轮椅,失明 聋 轮椅 伤残 残疾人 聋人 盲人 残疾,伤残 聋人 轮椅 盲人 聋 残疾人 残疾 失明,残疾 盲人 残疾人 聋人 伤残 失明 聋 轮椅
542,7,0.47181383029070595,0.05963879054265604,0.2857142857142857,掩盖 掩饰 遮盖 衬托 烘托 伪装 推卸,推卸 伪装 烘托 衬托 掩饰 遮盖 掩盖,掩饰 遮盖 烘托 推卸 伪装 衬托 掩盖,掩盖 掩饰 遮盖 衬托 烘托 伪装 推卸
543,11,0.4798695233962888,-0.024958497769498312,0.7272727272727273,虚假 编造 伪造 弄虚作假 夸大 虚构 隐瞒 造假 误导 歪曲 欺诈,隐瞒 伪造 欺诈 歪曲 造假 夸大 弄虚作假 误导,虚假 误导 虚构 欺诈 伪造 歪曲 造假 夸大 隐瞒 弄虚作假 编造,虚假 编造 伪造 弄虚作假 夸大 虚构 隐瞒 造假 误导 歪曲 欺诈
544,14,0.5092416814014539,0.08179144713392265,0.2857142857142857,估算 测算 推算 推测 推断 预测 计算 假设 估计 判断 粗略 分析,预测 计算 分析 估计 推测 判断 统计 粗略,粗略 统计 估计 判断 计算 推算 推测 推断 测算 预测 分析 假设,估算 测算 推算 推测 推断 预测 计算 假设 估计 判断 粗略 分析 统计 假定
545,1,,0.0,0.0,伴,伴,伴,伴
546,9,0.46543243152020797,0.025997622262020865,0.3333333333333333,恋爱 情侣 情人 约会 伴侣 异性 浪漫 蜜月 分手,浪漫 伴侣 分手 异性 恋爱 蜜月 情侣 约会,蜜月 恋爱 异性 约会 浪漫 伴侣 分手 情侣 情人,恋爱 情侣 情人 约会 伴侣 异性 浪漫 蜜月 分手
547,3,0.5650982410187487,0.25007686534127666,0.0,跟随 随 伴随,伴随 跟随 随,跟随 随 伴随,跟随 随 伴随
548,5,0.46054561333819616,-0.007139340591645613,0.6,伸 握 挥 伸手 拄,拄 伸 握 挥 伸手,伸 拄 挥 握 伸手,伸 握 挥 伸手 拄
549,1,,0.0,0.0,伸张,伸张,伸张,伸张
550,2,0.47576802890060566,0.12109883866824744,0.0,折叠 伸缩,伸缩 折叠,伸缩 折叠,折叠 伸缩
551,9,0.4902031043123524,0.07027886956834656,0.3333333333333333,侍候 看护 伺候 照料 陪伴 看管 陪 管教 监护,陪 陪伴 管教 照料 监护 看管 伺候 看护,看管 看护 照料 侍候 伺候 陪 管教 陪伴 监护,侍候 看护 伺候 照料 陪伴 看管 陪 管教 监护
552,7,0.5102165223654939,0.11811936183809595,0.14285714285714285,暗中 趁机 偷偷 暗地里 伺机 趁 私下,趁 私下 伺机 暗地里 偷偷 趁机 暗中,暗中 趁机 偷偷 伺机 趁 私下 暗地里,暗中 趁机 偷偷 暗地里 伺机 趁 私下
553,6,0.44996954243047865,0.05054797863557225,0.16666666666666666,模糊 含糊 似是而非 笼统 抽象 自相矛盾,自相矛盾 抽象 笼统 似是而非 模糊 含糊,自相矛盾 笼统 模糊 抽象 似是而非 含糊,模糊 含糊 似是而非 笼统 抽象 自相矛盾
554,6,0.4550054259915445,0.06521539378987952,0.3333333333333333,相识 萍水相逢 素不相识 似曾相识 陌生 相约,陌生 相约 似曾相识 相识 素不相识 萍水相逢,相识 相约 素不相识 似曾相识 陌生 萍水相逢,相识 萍水相逢 素不相识 似曾相识 陌生 相约
555,4,0.5303989627740072,0.1402421460449941,0.0,的 的话 似的 别的,别的 的话 似的 的,似的 的 别的 的话,的 的话 似的 别的
556,2,0.7023654010455636,0.48275923194921433,0.0,位 名,位 名,名 位,位 名
557,7,0.47612653421486106,0.07388403554096931,0.42857142857142855,离 距 距离 靠近 远离 脱离 位于,靠近 位于 脱离 远离 距离 距 离,远离 距离 离 靠近 位于 距 脱离,离 距 距离 靠近 远离 脱离 位于
558,5,0.4811075465143958,0.10137726025496621,0.0,座位 位子 席 席位 就座,就座 席位 位子 座位 席,席 席位 就座 位子 座位,座位 位子 席 席位 就座
559,4,0.49381061787291564,0.1650336714277049,0.0,低 高 低下 高昂,低下 高昂 高 低,低 高 高昂 低下,低 高 低下 高昂
560,11,0.5139853798459528,0.1607072755372444,0.18181818181818182,高于 低于 小于 超过 大于 超出 远远 超越 远 超 相当于,超 相当于 超越 超过 远 远远 高于 超出,相当于 超出 超过 超越 大于 小于 超 远 远远 低于 高于,高于 低于 小于 超过 大于 超出 远远 超越 远 超 相当于
561,5,0.4860526166399408,0.0920493853905803,0.4,忽视 忽略 低估 小看 否定,否定 低估 小看 忽略 忽视,否定 小看 忽略 忽视 低估,忽视 忽略 低估 小看 否定
562,9,0.4782628774521348,0.06531657741983889,0.1111111111111111,回头 走开 转身 低头 停下 抬头 站住 过头 掉头,低头 过头 掉头 走开 停下 转身 站住 抬头,转身 停下 掉头 站住 回头 低头 走开 过头 抬头,回头 走开 转身 低头 停下 抬头 站住 过头 掉头
563,5,0.527319971346387,0.21532066213203063,0.0,节能 低碳 环保 节水 绿色,节水 绿色 环保 节能 低碳,环保 绿色 节能 节水 低碳,节能 低碳 环保 节水 绿色
564,3,0.5008832220689244,0.1694336569445841,0.3333333333333333,高调 低调 表态,表态 低调 高调,高调 低调 表态,高调 低调 表态
565,3,0.49191690123186843,0.13001345282110024,0.0,高峰 低谷 巅峰,高峰 低谷 巅峰,巅峰 低谷 高峰,高峰 低谷 巅峰
566,6,0.4955225809072727,0.10506100312683037,0.16666666666666666,平淡 清淡 冷淡 沉闷 淡 低迷,低迷 淡 沉闷 冷淡 清淡 平淡,淡 清淡 冷淡 低迷 沉闷 平淡,平淡 清淡 冷淡 沉闷 淡 低迷
567,3,0.490410363448029,0.1612859900830494,0.0,住 居住 住处,住处 居住 住,住 居住 住处,住 居住 住处
568,4,0.49902199965737554,0.09402946063322927,0.25,地址 住址 地点 邮编,邮编 地点 住址 地址,邮编 地址 地点 住址,地址 住址 地点 邮编
569,9,0.49619900499503444,0.05801534812110649,0.4444444444444444,领悟 领会 理解 懂得 体会 明白 懂 认识 揣摩,揣摩 认识 懂 体会 理解 明白 懂得 领会,懂 懂得 明白 揣摩 理解 领会 领悟 体会 认识,领悟 领会 理解 懂得 体会 明白 懂 认识 揣摩
570,6,0.5139113985978173,0.12267855285458819,0.16666666666666666,机制 体制 制度 体系 模式 健全,健全 模式 体系 体制 制度 机制,机制 健全 模式 制度 体系 体制,机制 体制 制度 体系 模式 健全
571,8,0.48505101693403346,0.10500755792230604,0.125,体力 体质 体能 视力 体重 体温 血压 智力,体重 视力 智力 血压 体温 体力 体能 体质,体重 体能 体质 视力 体温 体力 血压 智力,体力 体质 体能 视力 体重 体温 血压 智力
572,8,0.49878822110910737,0.13053163440889756,0.0,化验 检测 检验 检查 复查 鉴定 体检 验,鉴定 检查 验 复查 检测 体检 化验 检验,验 体检 检验 鉴定 化验 复查 检查 检测,化验 检测 检验 检查 复查 鉴定 体检 验
573,12,0.47884665149595007,0.017202131533157326,0.3333333333333333,显现 展现 呈现 体现 浮现 凸显 显出 再现 重现 出现 涌现 显,体现 展现 涌现 出现 呈现 重现 凸显 显,涌现 重现 显 展现 再现 浮现 凸显 体现 出现 呈现 显现 显出,显现 展现 呈现 体现 浮现 凸显 显出 再现 重现 出现 涌现 显
574,12,0.48961544488903574,0.08840358622350368,0.16666666666666666,厚度 长度 宽度 尺寸 体积 重量 直径 形状 密度 大小 强度 尺度,形状 大小 强度 尺度 直径 密度 尺寸 重量,密度 厚度 宽度 强度 大小 体积 形状 直径 尺寸 尺度 重量 长度,厚度 长度 宽度 尺寸 体积 重量 直径 形状 密度 大小 强度 尺度
575,10,0.522586109738581,0.13665879093090086,0.0,关怀 爱护 关爱 关照 照顾 关心 呵护 体谅 尊重 无微不至,照顾 尊重 体谅 爱护 呵护 关心 无微不至 关爱,爱护 关心 关怀 关爱 关照 体谅 尊重 无微不至 照顾 呵护,关怀 爱护 关爱 关照 照顾 关心 呵护 体谅 尊重 无微不至
576,3,0.514691709386601,0.1714454705634377,0.0,尊严 面子 体面,尊严 面子 体面,面子 体面 尊严,尊严 面子 体面
577,3,0.39319215391627216,0.03233811611578263,0.6666666666666666,空间 余地 时空,时空 余地 空间,时空 余地 空间,空间 余地 时空
578,10,0.4620984117511787,-0.009431820920899494,0.4,存款 贷款 活期 银行 信贷 理财 储蓄 余额 利息 利率,贷款 信贷 余额 利息 利率 理财 银行 活期,银行 储蓄 贷款 利率 利息 活期 理财 存款 余额 信贷,存款 贷款 活期 银行 信贷 理财 储蓄 余额 利息 利率
579,10,0.5092958858028082,0.11926855011819568,0.1,佛教 寺庙 僧人 寺 菩萨 道教 佛 和尚 供奉 少林寺,供奉 少林寺 道教 佛教 佛 寺 菩萨 和尚,僧人 寺 佛 少林寺 和尚 供奉 寺庙 菩萨 道教 佛教,佛教 寺庙 僧人 寺 菩萨 道教 佛 和尚 供奉 少林寺
580,4,0.5155002646970918,0.1562063648609311,0.0,作 做 作出 进行,作出 做 进行 作,做 作 进行 作出,作 做 作出 进行
581,1,,0.0,0.0,作业,作业,作业,作业
582,14,0.5198264531991894,0.11058937106246991,0.35714285714285715,称作 当作 视为 称为 当成 看作 看成 列为 定为 叫作 作为 成为,改名 成为 列为 改为 叫作 作为 当成 称为,看成 看作 改为 叫作 改名 当作 当成 成为 定为 视为 称作 称为,称作 当作 视为 称为 当成 看作 看成 列为 定为 叫作 作为 成为 改为 改名
583,7,0.5216737651450595,0.18097363203525996,0.14285714285714285,邀请 特邀 邀 应邀 做客 作客 嘉宾,嘉宾 应邀 做客 邀请 作客 特邀 邀,嘉宾 应邀 邀 邀请 做客 特邀 作客,邀请 特邀 邀 应邀 做客 作客 嘉宾
584,8,0.521498880352891,0.16328056514120476,0.125,散文 诗人 文学 作家 文人 诗 寓言 文艺,寓言 文艺 文人 诗 文学 散文 作家 诗人,诗人 诗 文艺 寓言 文人 文学 作家 散文,散文 诗人 文学 作家 文人 诗 寓言 文艺
585,7,0.4617032802819292,0.054401037435041155,0.0,抗衡 作对 较劲 对峙 针锋相对 周旋 叫板,针锋相对 对峙 周旋 较劲 作对 叫板 抗衡,针锋相对 对峙 周旋 叫板 抗衡 作对 较劲,抗衡 作对 较劲 对峙 针锋相对 周旋 叫板
586,4,0.4724366639334709,0.10849588561071298,0.25,失效 作废 无效 过期,过期 失效 无效 作废,无效 失效 作废 过期,失效 作废 无效 过期
587,2,0.4700789080102188,0.0375238809026287,0.5,违规 作弊,违规 作弊,作弊 违规,违规 作弊
588,11,0.4664357672589179,0.06547961298003031,0.09090909090909091,进攻 攻击 反击 作战 防御 战术 防卫 侦察 攻 自卫 掩护,掩护 侦察 作战 攻 防御 自卫 防卫 战术,攻 进攻 攻击 防卫 防御 反击 战术 作战 自卫 掩护 侦察,进攻 攻击 反击 作战 防御 战术 防卫 侦察 攻 自卫 掩护
589,25,0.4884980115583995,0.06163806629003389,0.16,考试 试题 试卷 考题 高考 笔试 口试 考生 作文 卷子 考 理科,文科 理科 题 招生 测验 录取 面试 听力,笔试 测验 口试 命题 录取 题目 试题 考生 考场 题 听力 考,考试 试题 试卷 考题 高考 笔试 口试 考生 作文 卷子 考 理科 题目 面试 考场 分数 录取 填空 命题 文科 招生 听力 题 科目 测验
590,7,0.45774703627276625,-0.02424487513107713,0.7142857142857143,用处 益处 作用 功效 意义 副作用 道理,作用 副作用 道理 功效 意义 益处 用处,功效 意义 用处 副作用 益处 作用 道理,用处 益处 作用 功效 意义 副作用 道理
591,5,0.4952798302734401,0.08261121468943093,0.2,廉洁 廉政 纪律 作风 公仆,廉洁 作风 公仆 廉政 纪律,廉政 廉洁 公仆 纪律 作风,廉洁 廉政 纪律 作风 公仆
592,27,0.483814377111817,0.03289131629553333,0.48148148148148145,钦佩 敬佩 赞叹 赞许 敬重 称赞 佩服 赞赏 赞扬 由衷 敬意 惊叹,怀念 赞叹不已 夸奖 敬爱 赞不绝口 好感 衷心 敬意,佩服 由衷 惊叹 衷心 赞叹 赞扬 赞美 敬佩 称赞 敬意 敬爱 同感,钦佩 敬佩 赞叹 赞许 敬重 称赞 佩服 赞赏 赞扬 由衷 敬意 惊叹 尊敬 赞美 衷心 夸奖 感动 感谢 同情 赞叹不已 感叹 怀念 同感 赞不绝口 好感 深切 敬爱
593,4,0.40690222193412434,0.0075562648294954845,0.25,囚犯 奴隶 监狱 使唤,使唤 奴隶 监狱 囚犯,囚犯 奴隶 使唤 监狱,囚犯 奴隶 监狱 使唤
594,6,0.5145694002231834,0.184562650567789,0.0,采用 运用 使用 选用 用 引入,引入 用 运用 选用 使用 采用,选用 运用 用 使用 采用 引入,采用 运用 使用 选用 用 引入
595,2,0.4844657888966464,0.14275346453538418,0.0,使者 天使,天使 使者,使者 天使,使者 天使
596,11,0.4543720726814962,-0.033379513216495765,0.7272727272727273,请客 吃饭 敬酒 打牌 聚会 喜酒 应酬 喝 跳舞 招待 侃大山,喝 招待 应酬 打牌 跳舞 侃大山 敬酒 吃饭,喝 请客 聚会 跳舞 应酬 喜酒 侃大山 吃饭 打牌 招待 敬酒,请客 吃饭 敬酒 打牌 聚会 喜酒 应酬 喝 跳舞 招待 侃大山
597,4,0.5358914354852071,0.22788652210704813,0.0,特例 例子 例外 先例,例子 先例 例外 特例,例外 例子 特例 先例,特例 例子 例外 先例
598,1,,0.0,0.0,供,供,供,供
599,8,0.5314321294940431,0.12520756432151353,0.125,供应 短缺 供给 供求 紧缺 供不应求 过剩 需求,需求 紧缺 过剩 供给 供不应求 短缺 供应 供求,供应 供求 供给 短缺 需求 供不应求 过剩 紧缺,供应 短缺 供给 供求 紧缺 供不应求 过剩 需求
600,6,0.4828726949730702,0.10547689353889707,0.16666666666666666,暖气 供暖 煤气 取暖 气 冷气,冷气 气 煤气 取暖 供暖 暖气,取暖 气 冷气 供暖 暖气 煤气,暖气 供暖 煤气 取暖 气 冷气
601,9,0.5664893807311489,0.20166956240377465,0.0,依照 按照 根据 遵照 依据 按 遵循 参照 依,遵循 根据 遵照 参照 依 按 依据 依照,依 按 参照 根据 依据 依照 遵照 遵循 按照,依照 按照 根据 遵照 依据 按 遵循 参照 依
602,8,0.4774470895349593,0.0661171054285325,0.25,借助 利用 凭借 通过 借 透过 借用 依托,凭借 借用 依托 利用 透过 通过 借 借助,借 通过 借助 利用 借用 依托 凭借 透过,借助 利用 凭借 通过 借 透过 借用 依托
603,3,0.4711377660466812,0.12590923564143366,0.3333333333333333,依次 顺序 分别,顺序 分别 依次,顺序 依次 分别,依次 顺序 分别
604,4,0.42834726469575174,-0.03852715366367723,0.5,合法 依法 违法 正当,违法 正当 依法 合法,依法 合法 违法 正当,合法 依法 违法 正当
605,5,0.507671559052034,0.1446480496328504,0.2,依靠 靠 凭着 凭 依赖,凭着 依赖 凭 依靠 靠,凭 依赖 依靠 靠 凭着,依靠 靠 凭着 凭 依赖
606,2,0.49670380492763844,0.16420229015046722,0.0,侠义 风流,风流 侠义,侠义 风流,侠义 风流
607,2,0.5245104304228518,0.2520792620178575,0.0,端 侧,侧 端,侧 端,端 侧
608,4,0.5584939798346872,0.23470185567328747,0.0,反面 正面 侧面 背面,背面 反面 侧面 正面,背面 侧面 反面 正面,反面 正面 侧面 背面
609,34,0.48599125271448235,0.0411397258746764,0.4117647058823529,嘲笑 讥笑 挖苦 责备 指责 取笑 嘲弄 责怪 骂 耻笑 讽刺 埋怨,看不起 诽谤 议论 反问 质疑 吹捧 抱怨 反驳,质疑 取笑 抱怨 挖苦 嫌弃 鄙视 吹捧 批评 讥笑 质问 埋怨 讽刺,嘲笑 讥笑 挖苦 责备 指责 取笑 嘲弄 责怪 骂 耻笑 讽刺 埋怨 抨击 鄙视 轻蔑 批评 调侃 质问 嫌弃 反驳 抱怨 瞧不起 侮辱 刁难 恭维 诽谤 谴责 欺负 看不起 吹捧 质疑 反问 歧视 议论
610,12,0.47788613601932733,0.02627938990474288,0.5833333333333334,侵占 强占 霸占 占领 掠夺 侵略 侵犯 入侵 瓜分 领土 抢夺 占据,抢夺 瓜分 占据 领土 掠夺 侵犯 侵略 入侵,占据 入侵 掠夺 霸占 占领 强占 领土 侵略 侵犯 瓜分 侵占 抢夺,侵占 强占 霸占 占领 掠夺 侵略 侵犯 入侵 瓜分 领土 抢夺 占据
611,11,0.48441592372577824,0.08056383617907231,0.36363636363636365,便捷 方便 快捷 便利 省钱 便宜 省事 实惠 划算 高效 顺畅,顺畅 便宜 实惠 划算 高效 省钱 省事 快捷,实惠 顺畅 快捷 省钱 省事 便利 便宜 便捷 方便 高效 划算,便捷 方便 快捷 便利 省钱 便宜 省事 实惠 划算 高效 顺畅
612,11,0.5122423134075057,0.09686538127072378,0.18181818181818182,就是 是 便是 却是 只是 正是 可不是 算是 并非 更是 无非,算是 无非 并非 更是 只是 正是 便是 就是,正是 可不是 无非 是 只是 就是 更是 并非 便是 算是 却是,就是 是 便是 却是 只是 正是 可不是 算是 并非 更是 无非
613,14,0.4722649446686201,0.022827796244221966,0.5,信件 邮件 电子邮件 回信 来信 短信 电报 信箱 留言 公开信 便条 公函,公函 电子邮件 便条 邮箱 留言 公开信 信 回信,邮件 信 邮箱 电报 公开信 回信 便条 短信 电子邮件 信箱 公函 信件,信件 邮件 电子邮件 回信 来信 短信 电报 信箱 留言 公开信 便条 公函 邮箱 信
614,3,0.4308127255289491,-0.009403948869241043,0.6666666666666666,俊 玉 良,良 玉 俊,俊 玉 良,俊 玉 良
615,2,0.45844398572902967,0.1337967761471475,0.0,俘获 征服,征服 俘获,征服 俘获,俘获 征服
616,9,0.4875175322653314,0.07290450586607605,0.3333333333333333,逃走 逃亡 逃跑 投降 投奔 出走 哗变 走投无路 俘虏,俘虏 走投无路 出走 哗变 投降 投奔 逃跑 逃走,投降 逃跑 逃走 俘虏 逃亡 哗变 走投无路 出走 投奔,逃走 逃亡 逃跑 投降 投奔 出走 哗变 走投无路 俘虏
617,4,0.5650694327580817,0.23634034863455522,0.0,保证 确保 保障 保,保 确保 保障 保证,保障 保证 保 确保,保证 确保 保障 保
618,8,0.48748457340438317,0.11532409905621366,0.125,修理 维修 保养 修补 修车 保修 修 修复,修复 修 修车 保修 修补 保养 修理 维修,修 维修 保养 保修 修补 修车 修理 修复,修理 维修 保养 修补 修车 保修 修 修复
619,6,0.5089944918661923,0.18583663101140577,0.0,保卫 捍卫 维护 保护 守护 护,护 守护 维护 保护 保卫 捍卫,护 守护 保护 保卫 维护 捍卫,保卫 捍卫 维护 保护 守护 护
620,4,0.49057893569174665,0.12720785148114913,0.0,保姆 家政 家教 管家,管家 家教 家政 保姆,保姆 管家 家政 家教,保姆 家政 家教 管家
621,7,0.5238549673448244,0.18788805536044761,0.0,泄露 泄密 机密 泄漏 秘密 隐私 保密,秘密 隐私 泄漏 保密 机密 泄密 泄露,机密 保密 秘密 泄露 泄漏 隐私 泄密,泄露 泄密 机密 泄漏 秘密 隐私 保密
622,7,0.44975054780108487,0.04266540043695018,0.42857142857142855,延续 保持 维持 继续 持续 续 保留,续 保留 继续 持续 维持 保持 延续,持续 续 保留 延续 保持 维持 继续,延续 保持 维持 继续 持续 续 保留
623,5,0.4464449952792566,0.005641218560706302,0.4,透气 通风 保暖 密封 出汗,密封 出汗 保暖 通风 透气,密封 通风 透气 保暖 出汗,透气 通风 保暖 密封 出汗
624,5,0.5020395603083048,0.10528014761145421,0.2,保鲜 冷冻 贮藏 烘干 保质期,贮藏 保质期 烘干 冷冻 保鲜,保鲜 贮藏 烘干 冷冻 保质期,保鲜 冷冻 贮藏 烘干 保质期
625,2,0.6351033991030526,0.37310948465963356,0.0,险 保险,保险 险,保险 险,险 保险
626,6,0.4619807468545588,0.09841959338217553,0.3333333333333333,信赖 信任 放心 满意 可信 托付,托付 可信 满意 放心 信任 信赖,可信 托付 放心 信赖 信任 满意,信赖 信任 放心 满意 可信 托付
627,1,,0.0,0.0,信号,信号,信号,信号
628,5,0.4933155758092195,0.036787752570821196,0.4,钞票 硬币 邮票 信封 零钱,邮票 零钱 信封 钞票 硬币,邮票 零钱 硬币 钞票 信封,钞票 硬币 邮票 信封 零钱
629,17,0.48513177998013063,0.016686103680879694,0.29411764705882354,勇气 毅力 斗志 魄力 志气 气魄 信念 自信心 信心 骨气 意志 自信,抱负 决心 劲头 气魄 魄力 精神 信念 自信心,骨气 斗志 魄力 意志 劲头 勇气 抱负 毅力 自信 信念 信心 志气,勇气 毅力 斗志 魄力 志气 气魄 信念 自信心 信心 骨气 意志 自信 责任感 决心 劲头 精神 抱负
630,3,0.4375168997311745,0.0381228366236876,0.0,信息 情报 资讯,信息 情报 资讯,资讯 信息 情报,信息 情报 资讯
631,3,0.4406161340605201,0.026531897528347028,0.6666666666666666,诚信 信用 文明,文明 信用 诚信,诚信 文明 信用,诚信 信用 文明
632,11,0.5172737313310772,0.18896462863578722,0.0,母女 父女 母子 父子 夫妻 姐妹 夫妇 俩 双胞胎 兄弟 孪生,双胞胎 兄弟 俩 孪生 夫妇 姐妹 夫妻 父子,俩 母子 母女 姐妹 夫妇 夫妻 孪生 双胞胎 兄弟 父女 父子,母女 父女 母子 父子 夫妻 姐妹 夫妇 俩 双胞胎 兄弟 孪生
633,16,0.5035915664124692,0.07325941948641145,0.1875,兴建 设立 修建 建成 组建 创建 建立 建造 创办 开办 创立 成立,建 开办 创办 开设 创立 设立 建设 成立,开设 建 组建 开办 扩建 建立 兴建 建成 建造 建设 成立 创建,兴建 设立 修建 建成 组建 创建 建立 建造 创办 开办 创立 成立 开设 建 建设 扩建
634,5,0.5543179873066564,0.1952512422719931,0.2,修改 改动 更改 修订 改版,改版 修订 更改 改动 修改,改版 改动 更改 修订 修改,修改 改动 更改 修订 改版
635,4,0.5303053826076756,0.18587794539959823,0.25,纠正 改正 矫正 修正,修正 矫正 改正 纠正,改正 矫正 纠正 修正,纠正 改正 矫正 修正
636,2,0.49026259065647415,0.1680565708853568,0.0,铺路 修路,修路 铺路,铺路 修路,铺路 修路
637,1,,0.0,0.0,俱乐部,俱乐部,俱乐部,俱乐部
638,1,,0.0,0.0,倍,倍,倍,倍
639,4,0.5302077743532357,0.19381802697549955,0.0,摔倒 晕倒 倒下 倒,倒 倒下 摔倒 晕倒,倒 摔倒 倒下 晕倒,摔倒 晕倒 倒下 倒
640,11,0.5043428665937538,0.03833959909032317,0.36363636363636365,走私 盗窃 诈骗 团伙 倒卖 贩卖 犯罪 假冒 非法 毒品 盗,假冒 非法 贩卖 团伙 毒品 倒卖 盗 诈骗,盗 犯罪 团伙 毒品 倒卖 贩卖 诈骗 盗窃 走私 非法 假冒,走私 盗窃 诈骗 团伙 倒卖 贩卖 犯罪 假冒 非法 毒品 盗
641,5,0.4789414150579089,0.14276617428859972,0.0,排名 排行榜 倒数 垫底 排,排 倒数 垫底 排行榜 排名,排 倒数 排行榜 排名 垫底,排名 排行榜 倒数 垫底 排
642,2,0.5126935908978218,0.203320998194313,0.0,计时 倒计时,倒计时 计时,倒计时 计时,计时 倒计时
643,12,0.4952150229269139,0.06957712586589036,0.16666666666666666,转弯 刹车 车速 拐弯 行驶 超车 倒车 减速 急转弯 超速 追尾 方向盘,追尾 车速 方向盘 行驶 超速 减速 刹车 拐弯,追尾 方向盘 车速 超车 超速 减速 拐弯 刹车 转弯 倒车 急转弯 行驶,转弯 刹车 车速 拐弯 行驶 超车 倒车 减速 急转弯 超速 追尾 方向盘
644,2,0.6213328773036626,0.33944687907779975,0.0,倒闭 停业,倒闭 停业,停业 倒闭,倒闭 停业
645,16,0.47930687374071396,0.044491043549106886,0.3125,选举 大选 议员 竞选 议会 国会 连任 候选人 选民 总统 当选 政党,首相 国会 提名 总统 议会 政党 当选 投票,竞选 选民 选举 内阁 当选 连任 总统 国会 提名 大选 议员 议会,选举 大选 议员 竞选 议会 国会 连任 候选人 选民 总统 当选 政党 内阁 提名 投票 首相
646,3,0.42710865901029654,-0.02422509494928883,0.6666666666666666,倚 挨着 扶,扶 挨着 倚,倚 扶 挨着,倚 挨着 扶
647,4,0.40784027098550385,-0.04408218322639358,0.75,辩解 借口 推辞 辩,辩 推辞 借口 辩解,借口 辩 推辞 辩解,辩解 借口 推辞 辩
648,6,0.5374282756118666,0.1926388738720808,0.0,收据 欠条 发票 凭证 借条 印章,印章 发票 借条 欠条 凭证 收据,印章 欠条 凭证 收据 发票 借条,收据 欠条 发票 凭证 借条 印章
649,7,0.4611699223595168,0.036016749403739036,0.2857142857142857,启示 启发 教训 借鉴 启迪 鼓舞 经验,鼓舞 经验 教训 借鉴 启迪 启发 启示,启迪 启发 启示 借鉴 经验 教训 鼓舞,启示 启发 教训 借鉴 启迪 鼓舞 经验
650,5,0.4094734603778445,0.018175058059032967,0.2,建议 提议 倡议 呼吁 参考,参考 呼吁 提议 倡议 建议,参考 呼吁 建议 倡议 提议,建议 提议 倡议 呼吁 参考
651,3,0.42268674997084804,0.046263645502711025,0.3333333333333333,债 发行 券,券 发行 债,债 券 发行,债 发行 券
652,8,0.472139958628762,0.06559028555276232,0.125,财政 税收 赤字 预算 税务 收支 财务 债务,债务 财政 预算 财务 税务 税收 收支 赤字,赤字 收支 财务 财政 债务 税务 税收 预算,财政 税收 赤字 预算 税务 收支 财务 债务
653,1,,0.0,0.0,值,值,值,值
654,2,0.4517248419588481,0.02666804475383213,0.0,值得 有待,有待 值得,有待 值得,值得 有待
655,5,0.4978847307901081,0.12497658937265288,0.0,贵重 值钱 昂贵 贵 稀罕,稀罕 贵 贵重 昂贵 值钱,稀罕 贵 昂贵 贵重 值钱,贵重 值钱 昂贵 贵 稀罕
656,5,0.5015394241594668,0.1691511874259742,0.0,偏向 倾向 转向 靠拢 倾斜,转向 靠拢 倾斜 倾向 偏向,偏向 靠拢 倾斜 倾向 转向,偏向 倾向 转向 靠拢 倾斜
657,6,0.5259812900358978,0.11972240586521343,0.16666666666666666,倾诉 诉说 心里话 心声 诉苦 倾听,倾听 心里话 诉苦 心声 倾诉 诉说,心里话 倾诉 心声 倾听 诉苦 诉说,倾诉 诉说 心里话 心声 诉苦 倾听
658,1,,0.0,0.0,倾家荡产,倾家荡产,倾家荡产,倾家荡产
659,4,0.41092501365929407,-0.010925736534316013,0.25,进口 国产 原装 倾销,倾销 进口 原装 国产,倾销 进口 国产 原装,进口 国产 原装 倾销
660,2,0.5249075378884986,0.17988389688481599,0.0,冒充 假,冒充 假,假 冒充,冒充 假
661,7,0.4755037300301537,0.041618625995264925,0.2857142857142857,弱 强势 强劲 强 弱势 强大 偏,偏 强大 强势 弱势 强劲 强 弱,偏 弱 强 强劲 强势 强大 弱势,弱 强势 强劲 强 弱势 强大 偏
662,6,0.5939570564654223,0.2671410370502956,0.0,偏僻 偏远 边远 荒凉 僻静 遥远,边远 遥远 荒凉 僻静 偏远 偏僻,偏僻 荒凉 遥远 僻静 偏远 边远,偏僻 偏远 边远 荒凉 僻静 遥远
663,11,0.5034850992762394,0.1672713439710814,0.0,差异 差距 差别 相差 偏差 落差 悬殊 差 反差 误差 差额,偏差 误差 差 反差 差额 落差 悬殊 相差,偏差 差 误差 落差 反差 相差 悬殊 差别 差异 差额 差距,差异 差距 差别 相差 偏差 落差 悬殊 差 反差 误差 差额
664,3,0.44417372795431015,0.014838218279926782,0.3333333333333333,疗效 服用 偏方,服用 偏方 疗效,疗效 偏方 服用,疗效 服用 偏方
665,5,0.49954426812689884,0.10365887242248735,0.4,误解 误会 错觉 误区 偏见,错觉 偏见 误区 误会 误解,误区 误会 偏见 错觉 误解,误解 误会 错觉 误区 偏见
666,4,0.46919147114925713,0.10205269215995022,0.25,实现 达到 做到 完成,做到 完成 达到 实现,达到 实现 完成 做到,实现 达到 做到 完成
667,10,0.46333629466119736,-0.008194581826472416,0.5,幻想 空想 梦想 妄想 设想 异想天开 做梦 梦 胡思乱想 构想,妄想 梦想 构想 设想 胡思乱想 梦 幻想 异想天开,梦 胡思乱想 空想 幻想 妄想 做梦 构想 设想 异想天开 梦想,幻想 空想 梦想 妄想 设想 异想天开 做梦 梦 胡思乱想 构想
668,9,0.49463038911754864,0.10980784777408684,0.1111111111111111,看法 想法 观点 见解 说法 态度 立场 意见 做法,意见 说法 做法 态度 立场 想法 观点 见解,看法 立场 想法 观点 态度 说法 做法 意见 见解,看法 想法 观点 见解 说法 态度 立场 意见 做法
669,6,0.567695882865565,0.24180913096401943,0.16666666666666666,停车位 车位 停车场 停车 停放 小区,小区 停放 停车 车位 停车场 停车位,停放 小区 车位 停车位 停车场 停车,停车位 车位 停车场 停车 停放 小区
670,15,0.5532395999139456,0.1515281710756367,0.2,船只 船 渔船 艘 军舰 船舶 轮船 停泊 船员 游船 航行 帆船,码头 船长 帆船 航行 游船 潜艇 船员 船舶,帆船 停泊 船舶 潜艇 游船 船长 码头 轮船 船员 船只 艘 船,船只 船 渔船 艘 军舰 船舶 轮船 停泊 船员 游船 航行 帆船 潜艇 船长 码头
671,5,0.4524746360755964,0.023279336266923557,0.4,故障 熄火 停电 着火 失灵,着火 失灵 停电 熄火 故障,熄火 停电 着火 故障 失灵,故障 熄火 停电 着火 失灵
672,2,0.5428968118481878,0.2957329738435218,0.0,停留 滞留,滞留 停留,停留 滞留,停留 滞留
673,7,0.48689993755001515,0.05509857164675123,0.14285714285714285,养生 减肥 健身 饮食 素食 美容 健康,美容 素食 健身 健康 饮食 养生 减肥,健康 健身 饮食 美容 减肥 养生 素食,养生 减肥 健身 饮食 素食 美容 健康
674,11,0.49153064071933905,0.08552218706419738,0.2727272727272727,影星 歌星 明星 巨星 球星 艺人 偶像 大腕儿 名人 模特儿 演艺圈,演艺圈 模特儿 球星 大腕儿 偶像 艺人 名人 巨星,模特儿 艺人 演艺圈 球星 明星 偶像 巨星 影星 大腕儿 歌星 名人,影星 歌星 明星 巨星 球星 艺人 偶像 大腕儿 名人 模特儿 演艺圈
675,9,0.5716533402251965,0.24810165221984834,0.1111111111111111,恰巧 碰巧 恰好 刚好 正好 凑巧 偶然 巧合 有幸,有幸 巧合 偶然 凑巧 碰巧 正好 恰好 恰巧,恰巧 恰好 偶然 巧合 有幸 刚好 碰巧 凑巧 正好,恰巧 碰巧 恰好 刚好 正好 凑巧 偶然 巧合 有幸
676,4,0.46109572213844324,0.05708945772501077,0.0,窃取 黑客 间谍 偷窥,偷窥 间谍 窃取 黑客,窃取 间谍 偷窥 黑客,窃取 黑客 间谍 偷窥
677,5,0.45503885497665414,0.001097033955654103,0.4,违约 逾期 偿还 拖欠 到期,拖欠 偿还 到期 逾期 违约,拖欠 到期 偿还 逾期 违约,违约 逾期 偿还 拖欠 到期
678,3,0.43397579242098017,0.03857145134744068,0.6666666666666666,后备 后备箱 储备,后备箱 储备 后备,后备 储备 后备箱,后备 后备箱 储备
679,1,,0.0,0.0,催,催,催,催
680,20,0.49325135957058003,0.0095302445319069,0.4,劝 劝说 劝告 嘱咐 恳求 叮嘱 催促 告诫 劝阻 哀求 吩咐 说服,催促 安慰 逼迫 提醒 转告 答应 敦促 示意,哀求 劝 示意 再三 答应 敦促 告诫 劝阻 劝说 说服 安慰 叮嘱,劝 劝说 劝告 嘱咐 恳求 叮嘱 催促 告诫 劝阻 哀求 吩咐 说服 示意 敦促 再三 安慰 转告 提醒 答应 逼迫
681,3,0.48239084745439187,0.09270110281442771,0.0,催眠 安眠药 睡眠,睡眠 安眠药 催眠,睡眠 安眠药 催眠,催眠 安眠药 睡眠
682,2,0.4645479577731608,0.08243158885012929,0.0,傲 酷,酷 傲,傲 酷,傲 酷
683,14,0.4532563902500516,-0.005930512957521473,0.42857142857142855,流氓 坏人 疯子 家伙 骗子 强盗 笨蛋 土匪 歹徒 罪犯 傻瓜 同伙,家伙 同伙 傻 罪犯 无恶不作 骗子 歹徒 傻瓜,疯子 傻 笨蛋 流氓 无恶不作 傻瓜 强盗 同伙 骗子 土匪 家伙 歹徒,流氓 坏人 疯子 家伙 骗子 强盗 笨蛋 土匪 歹徒 罪犯 傻瓜 同伙 傻 无恶不作
684,2,0.4558695155987025,0.10251423818859695,0.0,现成 像样,现成 像样,现成 像样,现成 像样
685,14,0.4817184268143819,0.011542554157629576,0.42857142857142855,疼 肿 痒 胀 痛 咳 闷 喘 烦 憋 瘫 渴,喘 瘫 渴 麻木 憋 烦 闷 僵,僵 咳 喘 烦 疼 痒 痛 瘫 憋 渴 闷 胀,疼 肿 痒 胀 痛 咳 闷 喘 烦 憋 瘫 渴 僵 麻木
686,8,0.48298381705749094,0.019780715098392243,0.5,儒学 儒家 国学 哲学 学问 圣贤 茶道 启蒙,圣贤 茶道 哲学 启蒙 学问 儒家 国学 儒学,茶道 启蒙 哲学 国学 儒学 儒家 圣贤 学问,儒学 儒家 国学 哲学 学问 圣贤 茶道 启蒙
687,5,0.516960198030086,0.17120656272636056,0.0,儿童 未成年人 少儿 少年 成人,少年 少儿 成人 儿童 未成年人,未成年人 成人 儿童 少年 少儿,儿童 未成年人 少儿 少年 成人
688,3,0.4584732179697825,0.04186912693777451,0.3333333333333333,元素 要素 成分,成分 要素 元素,成分 元素 要素,元素 要素 成分
689,6,0.4757691060483395,0.10435532624233912,0.0,弟子 大师 前辈 徒弟 泰斗 元老,元老 徒弟 前辈 泰斗 大师 弟子,弟子 大师 泰斗 徒弟 前辈 元老,弟子 大师 前辈 徒弟 泰斗 元老
690,4,0.4858395307601137,0.16331186510526569,0.25,首脑 元首 总理 高层,高层 总理 首脑 元首,总理 高层 首脑 元首,首脑 元首 总理 高层
691,7,0.4772548520591086,0.09071589996055819,0.2857142857142857,充电 充电器 电源 电池 电网 发电机 充,电网 发电机 充 电池 充电 电源 充电器,充 电网 充电器 电源 电池 发电机 充电,充电 充电器 电源 电池 电网 发电机 充
692,3,0.3981599370867141,0.004433529556819397,0.6666666666666666,广泛 广 充分,充分 广 广泛,广 充分 广泛,广泛 广 充分
693,1,,0.0,0.0,充实,充实,充实,充实
694,1,,0.0,0.0,充当,充当,充当,充当
695,5,0.47653953817465383,0.04100473464615122,0.2,洋溢 充满 流露 满怀 散发,满怀 散发 流露 充满 洋溢,流露 充满 洋溢 散发 满怀,洋溢 充满 流露 满怀 散发
696,7,0.4751880514723939,0.0926158191029809,0.14285714285714285,兆头 迹象 苗头 预兆 势头 趋势 预感,预感 趋势 势头 迹象 预兆 苗头 兆头,迹象 苗头 趋势 势头 预感 预兆 兆头,兆头 迹象 苗头 预兆 势头 趋势 预感
697,6,0.5470114444107846,0.20087686394963064,0.0,相继 陆续 纷纷 先后 率先 竞相,竞相 先后 纷纷 率先 陆续 相继,竞相 陆续 相继 率先 先后 纷纷,相继 陆续 纷纷 先后 率先 竞相
698,4,0.5284868728855202,0.1560002568873744,0.0,先天 天生 天然 得天独厚,天然 天生 得天独厚 先天,得天独厚 天然 天生 先天,先天 天生 天然 得天独厚
699,3,0.5734023354280555,0.3102904580294871,0.0,女士 先生 小姐,小姐 先生 女士,小姐 女士 先生,女士 先生 小姐
700,4,0.41608901496193357,-0.02550229983398883,0.75,先进 领先 落后 引进,引进 落后 领先 先进,引进 先进 落后 领先,先进 领先 落后 引进
701,2,0.5031088005972821,0.14917565372960245,0.0,领军 先锋,领军 先锋,先锋 领军,领军 先锋
702,4,0.4560672096587451,0.08002268379453095,0.25,光线 阳光 太阳 光,太阳 光 阳光 光线,阳光 光线 光 太阳,光线 阳光 太阳 光
703,3,0.5394742351063871,0.23273825861440123,0.0,光临 光顾 捧场,捧场 光顾 光临,光临 光顾 捧场,光临 光顾 捧场
704,10,0.5073714785985117,0.08446374715637486,0.1,光芒 灿烂 耀眼 照耀 光辉 光彩 闪烁 绽放 辉煌 火花,火花 光芒 耀眼 光辉 辉煌 绽放 闪烁 灿烂,耀眼 光彩 闪烁 光芒 光辉 火花 灿烂 绽放 照耀 辉煌,光芒 灿烂 耀眼 照耀 光辉 光彩 闪烁 绽放 辉煌 火花
705,3,0.5147274662685255,0.20822770132604032,0.0,曙光 光明 黎明,黎明 光明 曙光,光明 黎明 曙光,曙光 光明 黎明
706,7,0.47115535865857,0.045534789002248124,0.14285714285714285,大公无私 无私 高尚 全心全意 光明磊落 顾全大局 奉献,顾全大局 全心全意 高尚 奉献 光明磊落 无私 大公无私,光明磊落 无私 奉献 高尚 大公无私 全心全意 顾全大局,大公无私 无私 高尚 全心全意 光明磊落 顾全大局 奉献
707,16,0.47209407713724716,0.03888083658178883,0.25,晶莹 红润 柔软 光滑 光泽 碧绿 鲜艳 明亮 嫩 红扑扑 滋润 甜美,坚硬 嫩 红扑扑 光滑 明亮 甜美 水灵灵 容光焕发,红扑扑 光滑 光泽 质地 嫩 红润 碧绿 甜美 明亮 容光焕发 晶莹 柔软,晶莹 红润 柔软 光滑 光泽 碧绿 鲜艳 明亮 嫩 红扑扑 滋润 甜美 水灵灵 坚硬 容光焕发 质地
708,1,,0.0,0.0,光环,光环,光环,光环
709,10,0.49381554431630603,0.10809763365531158,0.2,光盘 光碟 磁带 录音 盗版 音像 录像 录制 唱片 正版,录制 唱片 录像 正版 盗版 录音 音像 磁带,正版 唱片 光盘 光碟 录制 录像 音像 磁带 录音 盗版,光盘 光碟 磁带 录音 盗版 音像 录像 录制 唱片 正版
710,6,0.46487050787189493,-0.000812392489900403,0.6666666666666666,水管 管道 电线 光缆 线路 管子,水管 线路 管子 光缆 电线 管道,光缆 管道 电线 线路 水管 管子,水管 管道 电线 光缆 线路 管子
711,2,0.49848339226537863,0.17725526626232985,0.0,克 毫升,毫升 克,克 毫升,克 毫升
712,2,0.4507854122140217,0.11106331891832585,0.0,戒备 克制,克制 戒备,克制 戒备,戒备 克制
713,9,0.452450642485399,0.019434607917812402,0.3333333333333333,破除 破解 解决 克服 解开 摆脱 打破 扭转 解,解 打破 扭转 解决 破解 解开 破除 摆脱,扭转 解开 解决 克服 解 打破 破解 摆脱 破除,破除 破解 解决 克服 解开 摆脱 打破 扭转 解
714,3,0.45067010276764385,0.11933897245553621,0.0,克隆 复制 移植,复制 移植 克隆,克隆 移植 复制,克隆 复制 移植
715,4,0.48968628827149624,0.14202013256470375,0.0,补贴 减免 补助 免,免 减免 补助 补贴,补助 免 补贴 减免,补贴 减免 补助 免
716,12,0.4766520993207033,-0.015295978281225813,0.4166666666666667,去除 消除 清除 去掉 除去 扫除 剔除 废除 排除 免除 删除 解除,删除 剔除 解除 废除 免除 除去 扫除 消除,排除 剔除 删除 扫除 去掉 废除 消除 免除 去除 清除 解除 除去,去除 消除 清除 去掉 除去 扫除 剔除 废除 排除 免除 删除 解除
717,3,0.5482080269484828,0.25493073108818115,0.0,承诺 诺言 兑现,兑现 诺言 承诺,诺言 承诺 兑现,承诺 诺言 兑现
718,3,0.4133530603225351,0.014876309831625406,0.6666666666666666,社会主义 社会 党,社会 党 社会主义,党 社会主义 社会,社会主义 社会 党
719,10,0.4664195378608845,0.030250330118612934,0.3,兜儿 口袋 揣 背包 挎 筐 包 钱包 兜 随身,随身 挎 兜 包 钱包 筐 揣 背包,背包 兜 包 钱包 筐 挎 揣 口袋 兜儿 随身,兜儿 口袋 揣 背包 挎 筐 包 钱包 兜 随身
720,4,0.5123810334857181,0.1395311583314032,0.25,入 进入 进 涌入,涌入 进 进入 入,涌入 入 进入 进,入 进入 进 涌入
721,3,0.426189490474628,0.03705494968648449,0.3333333333333333,流量 客流 入口,入口 客流 流量,流量 入口 客流,流量 客流 入口
722,3,0.4672253619653219,0.1222189923894955,0.0,名额 入场券 资格,资格 入场券 名额,资格 入场券 名额,名额 入场券 资格
723,5,0.5393038544214865,0.17894646338972633,0.0,入境 出境 签证 过境 出国,出国 过境 签证 出境 入境,签证 入境 出国 出境 过境,入境 出境 签证 过境 出国
724,3,0.47985436749101584,0.13044397209043515,0.0,出发 入手 角度,角度 出发 入手,入手 出发 角度,出发 入手 角度
725,4,0.5073789462593785,0.17032948778235163,0.0,列入 纳入 入选 名单,名单 入选 纳入 列入,入选 纳入 列入 名单,列入 纳入 入选 名单
726,2,0.4607315527104662,0.06295703902699919,0.0,门槛 入门,入门 门槛,入门 门槛,门槛 入门
727,1,,0.0,0.0,全,全,全,全
728,2,0.5636784188864532,0.2814649458833376,0.0,全体 广大,全体 广大,全体 广大,全体 广大
729,4,0.38577186490324555,-0.010722664720802105,0.75,家家户户 千家万户 全家 每逢,每逢 全家 千家万户 家家户户,全家 千家万户 家家户户 每逢,家家户户 千家万户 全家 每逢
730,3,0.5662512090605096,0.2693251558192376,0.0,全局 大局 长远,长远 大局 全局,长远 大局 全局,全局 大局 长远
731,4,0.48290698153862427,0.14583220330234742,0.0,年度 全年 年终 季度,季度 全年 年终 年度,年度 年终 全年 季度,年度 全年 年终 季度
732,3,0.3934144894527294,-0.005566206052197875,0.6666666666666666,详细 具体 全文,全文 具体 详细,全文 具体 详细,详细 具体 全文
733,5,0.4799732813396317,0.09462778999086287,0.2,全新 新 崭新 新型 新兴,新兴 新型 新 崭新 全新,新 新型 新兴 全新 崭新,全新 新 崭新 新型 新兴
734,3,0.4887294875062791,0.13429853740556352,0.0,全面 全方位 彻底,全方位 彻底 全面,彻底 全方位 全面,全面 全方位 彻底
735,1,,0.0,0.0,全程,全程,全程,全程
736,1,,0.0,0.0,八卦,八卦,八卦,八卦
737,1,,0.0,0.0,公,公,公,公
738,17,0.4495142624744939,0.07606834561300378,0.35294117647058826,皇帝 皇室 王后 国王 皇宫 皇后 宫廷 贵族 公主 宫殿 王子 皇上,帝国 皇上 官吏 宫殿 宫 大臣 王国 贵族,宫 官吏 皇宫 皇室 皇帝 皇后 贵族 皇上 国王 大臣 帝国 宫殿,皇帝 皇室 王后 国王 皇宫 皇后 宫廷 贵族 公主 宫殿 王子 皇上 宫 大臣 王国 帝国 官吏
739,3,0.3522428609206192,-0.04746191016121159,0.6666666666666666,公众 大众 号,号 大众 公众,号 大众 公众,公众 大众 号
740,1,,0.0,0.0,公元,公元,公元,公元
741,2,0.4808199474624897,0.15388756789830593,0.0,公益性 公共,公共 公益性,公益性 公共,公益性 公共
742,3,0.5272188788876034,0.19838411119938262,0.0,公共场所 场所 场合,场合 公共场所 场所,公共场所 场所 场合,公共场所 场所 场合
743,2,0.5096972342278728,0.14187676089643309,0.0,公关 广告,公关 广告,广告 公关,公关 广告
744,4,0.4622866098471876,0.09522906465927039,0.25,公司 股份 集团 股东,股份 股东 公司 集团,股份 股东 公司 集团,公司 股份 集团 股东
745,4,0.46556287489981657,0.04395871877797035,0.25,决议 董事会 表决 公告,公告 表决 董事会 决议,决议 公告 表决 董事会,决议 董事会 表决 公告
746,23,0.4781037724380496,0.05662158109515156,0.2608695652173913,墓 墓地 坟 墓碑 坟墓 公墓 葬 祭奠 纪念碑 扫墓 遗体 遗物,遗址 悼念 遗物 庙 遗体 尸体 葬礼 陪葬,尸体 墓地 坟 墓 庙 葬礼 祭 碑 烈士 纪念馆 陪葬 扫墓,墓 墓地 坟 墓碑 坟墓 公墓 葬 祭奠 纪念碑 扫墓 遗体 遗物 葬礼 祭祀 烈士 碑 庙 纪念馆 祭 悼念 陪葬 遗址 尸体
747,6,0.5375939927811492,0.14381449050195444,0.16666666666666666,发布 公布 颁布 出台 推出 宣布,宣布 推出 出台 颁布 公布 发布,颁布 发布 宣布 推出 出台 公布,发布 公布 颁布 出台 推出 宣布
748,3,0.3950754040623461,-0.023777222776743403,0.6666666666666666,披露 披 公开,公开 披 披露,披 披露 公开,披露 披 公开
749,6,0.4497861495195033,0.0058359851117963865,0.5,理论 原理 学说 公式 模型 概论,概论 公式 模型 学说 原理 理论,模型 原理 理论 公式 学说 概论,理论 原理 学说 公式 模型 概论
750,3,0.46568633799850195,0.09877353517666815,0.0,公民 国民 平民,平民 国民 公民,国民 公民 平民,公民 国民 平民
751,10,0.47702228246552825,0.06966568084391053,0.4,竟然 居然 竟 终于 才 总算 又 竟敢 就 公然,竟敢 公然 就 总算 才 又 终于 居然,又 就 竟 才 总算 居然 公然 竟敢 终于 竟然,竟然 居然 竟 终于 才 总算 又 竟敢 就 公然
752,16,0.49362903095086375,0.06970519099472858,0.3125,捐助 捐赠 捐款 募捐 慈善 捐 捐献 资助 援助 救灾 爱心 公益,灾区 公益 救灾 爱心 救济 拨款 赞助 资助,赞助 捐 捐助 捐款 捐献 资助 灾区 捐赠 慈善 拨款 救灾 救济,捐助 捐赠 捐款 募捐 慈善 捐 捐献 资助 援助 救灾 爱心 公益 救济 赞助 拨款 灾区
753,1,,0.0,0.0,公积金,公积金,公积金,公积金
754,14,0.4465313249493847,0.034287877909618854,0.35714285714285715,法规 规定 条例 法律 规则 公约 宪法 准则 条款 刑法 条约 规范,标准 规范 法律 契约 条约 宪法 公约 准则,条约 条款 法律 规范 条例 宪法 契约 法规 准则 规定 规则 刑法,法规 规定 条例 法律 规则 公约 宪法 准则 条款 刑法 条约 规范 契约 标准
755,3,0.4891414849742293,0.15831876153849275,0.0,当之无愧 堪称 公认,公认 堪称 当之无愧,公认 当之无愧 堪称,当之无愧 堪称 公认
756,2,0.517259004524072,0.17697931985145984,0.0,律师 公证,律师 公证,公证 律师,律师 公证
757,3,0.5362085282961719,0.21941329150382863,0.0,自费 公费 报销,报销 自费 公费,公费 自费 报销,自费 公费 报销
758,23,0.4747642936550888,0.056869030088718915,0.21739130434782608,车 轿车 车辆 卡车 货车 电动车 辆 私家车 警车 跑车 汽车 客车,车主 马车 电动 车型 出租车 车牌 自行车 救护车,客车 出租车 电动 车辆 汽车 私家车 警车 救护车 公车 电动车 跑车 辆,车 轿车 车辆 卡车 货车 电动车 辆 私家车 警车 跑车 汽车 客车 出租车 摩托 自行车 车型 吉普 车主 电动 救护车 车牌 马车 公车
759,2,0.47095298602165137,0.10490248101228836,0.0,共享 分享,分享 共享,共享 分享,共享 分享
760,3,0.5432469760692406,0.23290098958809147,0.0,同盟 联盟 共同体,联盟 共同体 同盟,联盟 同盟 共同体,同盟 联盟 共同体
761,8,0.48516068454862354,0.11173342458144217,0.125,特性 特质 特征 属性 性质 性 本性 共性,本性 性质 性 特质 共性 特征 属性 特性,共性 性质 性 本性 属性 特质 特征 特性,特性 特质 特征 属性 性质 性 本性 共性
762,6,0.45915827215183724,0.06590438431444068,0.3333333333333333,震动 震撼 轰动 振奋 共鸣 震,震 共鸣 振奋 轰动 震撼 震动,轰动 震 振奋 共鸣 震动 震撼,震动 震撼 轰动 振奋 共鸣 震
763,3,0.3881323301294037,-0.041007289860424324,0.6666666666666666,过关 及格 关,及格 关 过关,关 及格 过关,过关 及格 关
764,6,0.5078329495073874,0.06696596494661232,0.3333333333333333,关掉 关上 关闭 关机 开关 闭,开关 关闭 关机 关上 闭 关掉,关上 关掉 关机 开关 闭 关闭,关掉 关上 关闭 关机 开关 闭
765,3,0.5357914930769837,0.20460766510601536,0.0,有关 相关 关于,关于 相关 有关,关于 有关 相关,有关 相关 关于
766,10,0.5079542351576052,0.1548574688730077,0.1,注意 留心 提防 小心 警惕 留神 当心 留意 关注 重视,重视 小心 警惕 关注 留神 提防 当心 留意,关注 当心 小心 注意 重视 警惕 留心 提防 留意 留神,注意 留心 提防 小心 警惕 留神 当心 留意 关注 重视
767,7,0.49572270609257707,0.11824862609356204,0.14285714285714285,进出口 贸易 出口 外贸 关税 海关 顺差,顺差 海关 关税 出口 外贸 贸易 进出口,海关 关税 顺差 贸易 出口 外贸 进出口,进出口 贸易 出口 外贸 关税 海关 顺差
768,4,0.47817127899281314,0.12698609894202983,0.0,联系 密切 联络 关系,关系 密切 联络 联系,密切 联络 联系 关系,联系 密切 联络 关系
769,1,,0.0,0.0,兴奋剂,兴奋剂,兴奋剂,兴奋剂
770,7,0.5003644184516922,0.13490840496578407,0.14285714285714285,繁荣 昌盛 兴旺 富强 复兴 振兴 发达,发达 兴旺 复兴 富强 振兴 繁荣 昌盛,昌盛 兴旺 振兴 繁荣 发达 富强 复兴,繁荣 昌盛 兴旺 富强 复兴 振兴 发达
771,3,0.5299735740410588,0.17947064633437446,0.0,胃口 食欲 兴致,兴致 食欲 胃口,食欲 胃口 兴致,胃口 食欲 兴致
772,4,0.5478597802477528,0.20525274031886495,0.0,掀起 热潮 兴起 掀,兴起 热潮 掀 掀起,热潮 掀 掀起 兴起,掀起 热潮 兴起 掀
773,15,0.48932741283791187,0.1029761636001801,0.13333333333333333,军官 士兵 陆军 部队 海军 空军 官兵 军队 军人 司令 兵 将军,参谋 战士 师长 将军 官兵 军人 司令 海军,参谋 兵 海军 空军 官兵 司令 将军 部队 军队 师长 陆军 战士,军官 士兵 陆军 部队 海军 空军 官兵 军队 军人 司令 兵 将军 战士 师长 参谋
774,1,,0.0,0.0,其,其,其,其
775,2,0.6228716259863218,0.39904904499181093,0.0,其余 其他,其余 其他,其余 其他,其余 其他
776,4,0.4529134723753352,0.1213759610901731,0.0,期间 前夕 前后 其间,其间 前夕 前后 期间,其间 期间 前后 前夕,期间 前夕 前后 其间
777,4,0.4450931386701136,0.045041118390176216,0.25,常见 常用 典型 用法,典型 用法 常用 常见,用法 典型 常用 常见,常见 常用 典型 用法
778,2,0.5087537506996788,0.12919031517216423,0.0,勒 兹,勒 兹,兹 勒,勒 兹
779,13,0.49981070100671204,0.08679262155198161,0.23076923076923078,饲养 喂养 奶牛 家禽 养殖 饲料 牲畜 猪 养 繁殖 喂 宠物,奶 养 宠物 喂 饲料 繁殖 猪 牲畜,养 喂 奶 猪 宠物 奶牛 饲料 饲养 牲畜 繁殖 养殖 家禽,饲养 喂养 奶牛 家禽 养殖 饲料 牲畜 猪 养 繁殖 喂 宠物 奶
780,3,0.4305393060943416,0.03449639174019049,0.6666666666666666,风气 浮躁 养成,养成 浮躁 风气,浮躁 风气 养成,风气 浮躁 养成
781,10,0.4743520687598199,0.05128825099812355,0.3,活儿 干活儿 忙活 干 挣 能干 活 养活 忙 苦力,忙 苦力 挣 能干 活 干 忙活 养活,干 忙 干活儿 挣 活 能干 活儿 忙活 苦力 养活,活儿 干活儿 忙活 干 挣 能干 活 养活 忙 苦力
782,5,0.47989850094831504,0.04480072218844107,0.6,养老 养老金 养老院 退休 社区,养老金 社区 退休 养老院 养老,养老 退休 养老金 养老院 社区,养老 养老金 养老院 退休 社区
783,2,0.46904002821294544,0.0702900714210605,0.0,兼容 并行,并行 兼容,兼容 并行,兼容 并行
784,2,0.4566477097709323,0.04463000498195098,0.0,兼顾 满足,满足 兼顾,满足 兼顾,兼顾 满足
785,3,0.41045105988057934,0.0234813770035263,0.0,向 面向 内向,面向 内向 向,向 面向 内向,向 面向 内向
786,2,0.48402993377551595,0.13113274395076535,0.0,潜在 内在,内在 潜在,潜在 内在,潜在 内在
787,4,0.455820567933064,0.034055895174086456,0.25,外部 内部 内外 外来,外来 内外 外部 内部,内部 外部 外来 内外,外部 内部 内外 外来
788,15,0.46820479359632683,0.02481680192601495,0.26666666666666666,硬盘 屏幕 显示器 键盘 电脑 鼠标 按键 笔记本 磁盘 打印机 液晶 内存,打印机 服务器 键 鼠标 液晶 按键 手机 电脑,显示器 按键 键盘 服务器 打印机 硬盘 键 磁盘 内存 笔记本 鼠标 屏幕,硬盘 屏幕 显示器 键盘 电脑 鼠标 按键 笔记本 磁盘 打印机 液晶 内存 服务器 手机 键
789,1,,0.0,0.0,内容,内容,内容,内容
790,3,0.4517406330721722,0.051862398623655694,0.3333333333333333,幕后 背后 内幕,内幕 背后 幕后,背后 内幕 幕后,幕后 背后 内幕
791,3,0.6394131550132014,0.43317658889686755,0.0,内行 外行 行家,行家 外行 内行,内行 行家 外行,内行 外行 行家
792,1,,0.0,0.0,内需,内需,内需,内需
793,2,0.46536074832899954,0.11203121157472043,0.0,循环 再生,再生 循环,再生 循环,循环 再生
794,3,0.49513001652670324,0.12542795620953906,0.0,告别 诀别 再见,诀别 再见 告别,再见 诀别 告别,告别 诀别 再见
795,1,,0.0,0.0,冒,冒,冒,冒
796,4,0.4560201663474484,0.05830408835372002,0.0,冒昧 抱歉 孤陋寡闻 荣幸,荣幸 抱歉 孤陋寡闻 冒昧,抱歉 孤陋寡闻 荣幸 冒昧,冒昧 抱歉 孤陋寡闻 荣幸
797,6,0.47609306641926324,0.06259229687571276,0.16666666666666666,触犯 犯 冒犯 罪 得罪 涉嫌,涉嫌 得罪 冒犯 犯 触犯 罪,得罪 罪 犯 涉嫌 冒犯 触犯,触犯 犯 冒犯 罪 得罪 涉嫌
798,2,0.4534987696751813,0.053213054807900055,0.0,冒险 尝试,冒险 尝试,尝试 冒险,冒险 尝试
799,4,0.4544135186629108,0.044096676607713804,0.0,冗长 漫长 简短 短暂,简短 冗长 短暂 漫长,简短 冗长 漫长 短暂,冗长 漫长 简短 短暂
800,2,0.6841475958450305,0.43935130854643367,0.0,写照 缩影,缩影 写照,写照 缩影,写照 缩影
801,4,0.5060361724799635,0.13925963416370696,0.0,军事 外交 政治 国防,政治 国防 外交 军事,外交 国防 军事 政治,军事 外交 政治 国防
802,5,0.5312799474912627,0.15527492959050582,0.2,农场 牧场 庄园 果园 合作社,合作社 果园 庄园 农场 牧场,果园 牧场 合作社 庄园 农场,农场 牧场 庄园 果园 合作社
803,12,0.5784928143642951,0.27964720778649266,0.08333333333333333,春季 秋天 秋季 夏季 冬季 夏天 冬天 季节 春天 时节 四季 季,季 四季 时节 季节 春天 冬天 冬季 夏天,季 冬季 冬天 四季 季节 时节 春天 春季 秋天 秋季 夏天 夏季,春季 秋天 秋季 夏季 冬季 夏天 冬天 季节 春天 时节 四季 季
804,4,0.49974313300536605,0.10225055811539521,0.0,冰 冰雪 冰山 融化,融化 冰山 冰 冰雪,冰雪 冰 冰山 融化,冰 冰雪 冰山 融化
805,13,0.492154842040879,0.08185298704769171,0.23076923076923078,冰箱 洗衣机 热水器 电饭锅 微波炉 彩电 空调 电视机 家电 电器 水槽 家用,水槽 家用 炉灶 热水器 电器 家电 电视机 空调,热水器 微波炉 彩电 电器 洗衣机 炉灶 空调 电饭锅 冰箱 水槽 家用 家电,冰箱 洗衣机 热水器 电饭锅 微波炉 彩电 空调 电视机 家电 电器 水槽 家用 炉灶
806,3,0.45154386427918897,0.05418548347535825,0.0,冲击 冲刺 冲,冲刺 冲 冲击,冲 冲刺 冲击,冲击 冲刺 冲
807,6,0.4825888954186011,0.060778803555430715,0.0,欲望 冲动 本能 天性 好奇心 念头,天性 念头 好奇心 本能 欲望 冲动,冲动 欲望 天性 本能 好奇心 念头,欲望 冲动 本能 天性 好奇心 念头
808,4,0.6239497345537893,0.3564512734648082,0.0,撞击 碰撞 冲撞 摩擦,摩擦 撞击 冲撞 碰撞,撞击 冲撞 摩擦 碰撞,撞击 碰撞 冲撞 摩擦
809,11,0.48980496367643506,0.04576507104933616,0.18181818181818182,洗 清洗 洗澡 冲洗 干净 打扫 消毒 清洁 刷牙 洁净 理发,理发 消毒 打扫 洁净 清洁 洗澡 刷牙 冲洗,洗 洗澡 冲洗 刷牙 清洁 清洗 洁净 消毒 理发 打扫 干净,洗 清洗 洗澡 冲洗 干净 打扫 消毒 清洁 刷牙 洁净 理发
810,4,0.5222983389321306,0.18617597985543471,0.0,钓鱼 冲浪 潜水 划船,划船 潜水 冲浪 钓鱼,潜水 冲浪 钓鱼 划船,钓鱼 冲浪 潜水 划船
811,3,0.43027321651310174,0.01112327491845757,0.6666666666666666,选择 选项 决定,决定 选项 选择,选择 决定 选项,选择 选项 决定
812,2,0.45389500988844755,0.09074595007727149,0.0,决策 拍板,拍板 决策,拍板 决策,决策 拍板
813,4,0.5467382862175529,0.20431569312916917,0.0,冷 凉 暖 热,暖 热 凉 冷,冷 凉 热 暖,冷 凉 暖 热
814,4,0.434622045727966,0.03527141807477506,0.25,核武器 战争 冷战 核,核 核武器 战争 冷战,核武器 核 冷战 战争,核武器 战争 冷战 核
815,3,0.5457514051248539,0.23679893495935625,0.0,冷门 热门 黑马,黑马 热门 冷门,黑马 冷门 热门,冷门 热门 黑马
816,1,,0.0,0.0,冻结,冻结,冻结,冻结
817,2,0.4714302783924669,0.11591900991375136,0.0,流入 净,流入 净,净 流入,流入 净
818,2,0.48528152947142034,0.11435178491539319,0.0,美化 净化,净化 美化,净化 美化,美化 净化
819,4,0.44450802046742677,0.0574402984373215,0.25,降 减 增 准,准 降 增 减,准 减 增 降,降 减 增 准
820,2,0.6333339331587493,0.3888717923948639,0.0,预备 准备,预备 准备,准备 预备,预备 准备
821,4,0.5134222166313088,0.16634560500251494,0.0,定时 按时 准时 定期,定期 定时 准时 按时,准时 定时 定期 按时,定时 按时 准时 定期
822,13,0.46002650271703727,-0.011180680475989392,0.6153846153846154,准确 确切 清晰 详尽 精确 清楚 确凿 透彻 明确 直观 贴切 深刻,透彻 明确 可靠 深刻 确凿 详尽 直观 清楚,详尽 确切 确凿 明确 透彻 清晰 清楚 直观 准确 贴切 深刻 可靠,准确 确切 清晰 详尽 精确 清楚 确凿 透彻 明确 直观 贴切 深刻 可靠
823,1,,0.0,0.0,减压,减压,减压,减压
824,14,0.48960394523148026,0.0565808410268306,0.35714285714285715,减少 降低 增大 增加 减轻 加重 减弱 加剧 缩小 削弱 缓解 缩短,压缩 缩小 增多 削弱 缩短 缓解 减弱 增大,加重 增多 增大 增加 缓解 压缩 加剧 减轻 降低 减少 减弱 缩小,减少 降低 增大 增加 减轻 加重 减弱 加剧 缩小 削弱 缓解 缩短 增多 压缩
825,3,0.5071629985969751,0.17992572874687082,0.0,凑合 勉强 凑,凑 勉强 凑合,凑 勉强 凑合,凑合 勉强 凑
826,5,0.4912977860073635,0.020284213508866545,0.4,凝固 溶解 结晶 沉淀 浓缩,结晶 沉淀 溶解 浓缩 凝固,沉淀 溶解 结晶 凝固 浓缩,凝固 溶解 结晶 沉淀 浓缩
827,9,0.4961345239788683,0.11202443803952605,0.1111111111111111,汇聚 聚集 汇集 集结 凝聚 集合 聚 汇合 召集,召集 汇合 聚 凝聚 集合 聚集 汇集 集结,汇集 集结 汇聚 汇合 凝聚 聚 召集 聚集 集合,汇聚 聚集 汇集 集结 凝聚 集合 聚 汇合 召集
828,5,0.5057100966342508,0.20861047761196447,0.0,几率 成功率 概率 率 效率,效率 率 概率 成功率 几率,概率 率 效率 几率 成功率,几率 成功率 概率 率 效率
829,2,0.7177595778620118,0.5008038757814438,0.0,凡 凡是,凡 凡是,凡 凡是,凡 凡是
830,1,,0.0,0.0,凤凰,凤凰,凤凰,凤凰
831,1,,0.0,0.0,凯歌,凯歌,凯歌,凯歌
832,5,0.5153880421951295,0.14994766268092846,0.0,猛 凶 凶猛 狠 厉害,厉害 凶 凶猛 狠 猛,厉害 凶 猛 狠 凶猛,猛 凶 凶猛 狠 厉害
833,13,0.463685136091309,0.029585249448355968,0.23076923076923078,凹 弯 凸 圆形 弯曲 圆 斜 扁 翘 形 拱 尖,弯曲 尖 斜 形 竖 拱 圆形 翘,圆形 凹 凸 圆 尖 弯 形 竖 翘 斜 扁 拱,凹 弯 凸 圆形 弯曲 圆 斜 扁 翘 形 拱 尖 竖
834,2,0.47078621054483083,0.12842609672893623,0.0,出 得出,得出 出,出 得出,出 得出
835,6,0.45981509990663444,0.06868702970384451,0.16666666666666666,出洋相 出丑 出难题 穿小鞋 出风头 泼冷水,泼冷水 穿小鞋 出风头 出难题 出丑 出洋相,出难题 出风头 泼冷水 出丑 穿小鞋 出洋相,出洋相 出丑 出难题 穿小鞋 出风头 泼冷水
836,4,0.4113466693048023,-0.03925374166601524,0.75,肇事 违章 机动车 出事,违章 出事 机动车 肇事,肇事 出事 违章 机动车,肇事 违章 机动车 出事
837,6,0.5280190680094631,0.17235488910207242,0.0,来源于 源于 出自 来自 出于 来源,出于 来源 源于 来自 出自 来源于,出自 来自 出于 源于 来源 来源于,来源于 源于 出自 来自 出于 来源
838,7,0.5267464210742839,0.15867597837098324,0.14285714285714285,意料之外 意料 出人意料 意外 惊喜 意想不到 喜出望外,喜出望外 意想不到 惊喜 意料 出人意料 意外 意料之外,惊喜 出人意料 意外 意料 意料之外 意想不到 喜出望外,意料之外 意料 出人意料 意外 惊喜 意想不到 喜出望外
839,4,0.5689782294100002,0.2841144839517631,0.0,来往 往来 出入 进出,往来 进出 出入 来往,往来 进出 出入 来往,来往 往来 出入 进出
840,2,0.5529603611760386,0.23684366069733492,0.0,出示 出具,出具 出示,出具 出示,出示 出具
841,5,0.5187949038709349,0.18768699719822413,0.2,派出 派遣 出动 派 动用,动用 派遣 出动 派 派出,派 派遣 出动 动用 派出,派出 派遣 出动 派 动用
842,9,0.5191363716018285,0.12070863102643889,0.0,本意 用意 目的 初衷 意图 出发点 意思 动机 宗旨,意图 动机 意思 宗旨 出发点 目的 本意 用意,宗旨 用意 意图 意思 本意 初衷 目的 动机 出发点,本意 用意 目的 初衷 意图 出发点 意思 动机 宗旨
843,8,0.4334787714846424,0.010549920522569782,0.5,绘声绘色 滔滔不绝 津津有味 引经据典 头头是道 有口无心 出口成章 有声有色,津津有味 有声有色 有口无心 头头是道 出口成章 引经据典 滔滔不绝 绘声绘色,有口无心 有声有色 绘声绘色 引经据典 头头是道 津津有味 出口成章 滔滔不绝,绘声绘色 滔滔不绝 津津有味 引经据典 头头是道 有口无心 出口成章 有声有色
844,2,0.5244883603901587,0.17849106044462418,0.0,出土 发掘,发掘 出土,发掘 出土,出土 发掘
845,4,0.46618854758848444,0.11163669390898459,0.0,淘汰 退出 出局 退役,出局 退役 退出 淘汰,退出 退役 出局 淘汰,淘汰 退出 出局 退役
846,3,0.4219358114128,0.006880685871694332,0.3333333333333333,碍事 嫌 出毛病,出毛病 嫌 碍事,嫌 出毛病 碍事,碍事 嫌 出毛病
847,7,0.5235946643567237,0.13009777388405044,0.14285714285714285,报刊 刊物 报纸 杂志 报社 刊登 出版社,刊登 出版社 报社 杂志 报纸 刊物 报刊,报刊 报纸 报社 刊物 刊登 出版社 杂志,报刊 刊物 报纸 杂志 报社 刊登 出版社
848,5,0.4792811958691998,0.01684424687519303,0.4,祖籍 出生 土生土长 出身 定居,定居 出生 出身 土生土长 祖籍,祖籍 出身 土生土长 定居 出生,祖籍 出生 土生土长 出身 定居
849,5,0.5208557869155035,0.1158740617269151,0.2,租赁 出租 租金 租 物业,物业 租金 租赁 出租 租,物业 租 租赁 租金 出租,租赁 出租 租金 租 物业
850,2,0.46236265309574787,0.055820716978881774,0.0,衣食住行 出行,衣食住行 出行,衣食住行 出行,衣食住行 出行
851,5,0.4961913575602117,0.16599685474285325,0.0,筹集 筹措 集资 筹 出资,出资 筹 集资 筹集 筹措,筹 集资 出资 筹集 筹措,筹集 筹措 集资 筹 出资
852,4,0.4012230770479173,-0.024233540182236647,0.75,出路 对策 计策 突破口,突破口 计策 出路 对策,突破口 对策 计策 出路,出路 对策 计策 突破口
853,1,,0.0,0.0,出道,出道,出道,出道
854,12,0.4576271150651515,0.021447861059785616,0.3333333333333333,刨 锯 割 凿 剥 剪 铲 削 撬 刮 磨 挖,剥 剪 磨 削 刮 挖 割 撬,凿 刨 刮 削 剪 剥 割 磨 撬 挖 锯 铲,刨 锯 割 凿 剥 剪 铲 削 撬 刮 磨 挖
855,23,0.4927029397767254,0.04384874360472315,0.34782608695652173,棍子 钳子 剪子 叉子 梳子 剪刀 刷子 竹竿 绳子 筷子 铲子 棍,斧子 扇子 棍 尺子 拐杖 木头 刀 禅杖,叉子 刀 钉子 筷子 棍 禅杖 绳子 刷子 斧子 钳子 船桨 拐杖,棍子 钳子 剪子 叉子 梳子 剪刀 刷子 竹竿 绳子 筷子 铲子 棍 斧子 钩子 扇子 刀 钉子 木头 船桨 禅杖 拐杖 尺子 卡子
856,4,0.537727466707728,0.22549933283071183,0.0,分成 分为 划分 分,分 划分 分为 分成,划分 分 分成 分为,分成 分为 划分 分
857,5,0.5018150180229007,0.10269895639258783,0.2,分开 分离 隔开 隔离 分割,隔开 隔离 分割 分离 分开,分离 分开 分割 隔离 隔开,分开 分离 隔开 隔离 分割
858,2,0.5330157209176021,0.19621427156604188,0.0,分化 分裂,分化 分裂,分裂 分化,分化 分裂
859,5,0.4849801752782783,0.04991921552081136,0.2,恰到好处 恰如其分 分寸 巧妙 火候,巧妙 分寸 火候 恰到好处 恰如其分,巧妙 火候 恰到好处 恰如其分 分寸,恰到好处 恰如其分 分寸 巧妙 火候
860,2,0.5394247851134193,0.170911607308399,0.0,分布 分散,分散 分布,分散 分布,分布 分散
861,1,,0.0,0.0,分支,分支,分支,分支
862,1,,0.0,0.0,分明,分明,分明,分明
863,5,0.5241871705009385,0.21541351604083178,0.0,类型 类别 种类 类 分类,类 分类 种类 类别 类型,类 种类 类型 类别 分类,类型 类别 种类 类 分类
864,3,0.41873379913963144,0.025236994503793634,0.3333333333333333,分红 现金 分配,分配 现金 分红,分配 分红 现金,分红 现金 分配
865,4,0.46438039964694183,0.11968707205299083,0.0,分组 小组 组 抽签,抽签 组 小组 分组,抽签 组 小组 分组,分组 小组 组 抽签
866,3,0.48598175062122545,0.1478641411332084,0.0,生成 合成 分解,分解 生成 合成,分解 生成 合成,生成 合成 分解
867,1,,0.0,0.0,分赃,分赃,分赃,分赃
868,9,0.5257784031340816,0.14692398776225826,0.2222222222222222,辨别 分辨 区分 鉴别 辨认 识别 真假 区别 判定,判定 真假 区别 区分 识别 辨认 鉴别 分辨,辨认 区分 区别 真假 判定 分辨 辨别 识别 鉴别,辨别 分辨 区分 鉴别 辨认 识别 真假 区别 判定
869,2,0.4614981584919582,0.1539822447532857,0.0,沉甸甸 分量,沉甸甸 分量,沉甸甸 分量,沉甸甸 分量
870,3,0.4573064544907248,0.05750274647441334,0.0,切 碎 斩,碎 斩 切,切 碎 斩,切 碎 斩
871,2,0.502998505434183,0.17831434440887167,0.0,激光 切割,切割 激光,激光 切割,激光 切割
872,4,0.43940305456812395,0.027127707974885028,0.25,及时 切实 妥善 如实,如实 及时 妥善 切实,妥善 切实 及时 如实,及时 切实 妥善 如实
873,4,0.4844900298209438,0.12855225766728087,0.0,堵塞 封锁 堵 切断,堵 切断 封锁 堵塞,堵塞 堵 切断 封锁,堵塞 封锁 堵 切断
874,15,0.5052801841170221,0.08384300789159899,0.4,肺 脾 肝 胃 肾 肠 气管 痰 咽 动脉 止血 腺,咽 止咳 痰 腺 切除 止血 肠 动脉,咽 气管 痰 切除 止咳 腔 腺 脾 胃 肠 肾 肺,肺 脾 肝 胃 肾 肠 气管 痰 咽 动脉 止血 腺 切除 止咳 腔
875,2,0.4923912680235125,0.12463555471840312,0.0,拨 划,拨 划,划 拨,拨 划
876,3,0.4662784687655926,0.08253421293281797,0.0,划时代 深远 重大,划时代 重大 深远,重大 划时代 深远,划时代 深远 重大
877,4,0.42282874147530897,0.02382165930380003,0.75,排列 整齐 队形 列,列 队形 整齐 排列,列 队形 排列 整齐,排列 整齐 队形 列
878,15,0.4949284361592526,0.04121559146356015,0.26666666666666666,阐述 叙述 描绘 描述 概括 讲述 描写 论述 表述 揭示 勾画 表达,归纳 列举 展示 表达 概括 论述 揭示 表述,叙述 概括 展示 揭示 勾画 描述 讲述 论述 阐述 表达 表述 列举,阐述 叙述 描绘 描述 概括 讲述 描写 论述 表述 揭示 勾画 表达 列举 归纳 展示
879,6,0.4820612174688724,0.10163567170060389,0.16666666666666666,即将 将要 刚刚 快要 刚 将,将 快要 刚 刚刚 即将 将要,刚 将 快要 即将 将要 刚刚,即将 将要 刚刚 快要 刚 将
880,4,0.5156168607430494,0.0988310754814386,0.25,纪录 刷新 记录 创,创 记录 刷新 纪录,创 刷新 记录 纪录,纪录 刷新 记录 创
881,3,0.47269866020787016,0.06582241932428425,0.0,创业 创新 成才,创新 成才 创业,成才 创业 创新,创业 创新 成才
882,3,0.4437377386262467,0.1210375080944736,0.0,发起人 发起 创始人,创始人 发起 发起人,创始人 发起人 发起,发起人 发起 创始人
883,7,0.46467052770491485,0.05101050510987882,0.5714285714285714,设计师 设计 建筑师 创意 构思 灵感 工程师,灵感 构思 工程师 创意 设计 建筑师 设计师,工程师 灵感 建筑师 创意 设计 构思 设计师,设计师 设计 建筑师 创意 构思 灵感 工程师
884,10,0.4933839220083305,0.10372766658830215,0.1,打造 构建 塑造 营造 培育 树立 造就 搭建 创造 培养,创造 培养 搭建 树立 构建 培育 塑造 营造,培育 树立 打造 营造 创造 培养 搭建 造就 塑造 构建,打造 构建 塑造 营造 培育 树立 造就 搭建 创造 培养
885,3,0.4267725770727419,0.07727421334524262,0.3333333333333333,末 初 期末,初 期末 末,初 末 期末,末 初 期末
886,3,0.43489277830031364,0.10594411060967514,0.3333333333333333,首次 初次 首创,首创 初次 首次,初次 首创 首次,首次 初次 首创
887,1,,0.0,0.0,初步,初步,初步,初步
888,1,,0.0,0.0,删,删,删,删
889,1,,0.0,0.0,利,利,利,利
890,3,0.49860923355124415,0.08791776190571536,0.3333333333333333,利害 得失 权衡,权衡 得失 利害,得失 权衡 利害,利害 得失 权衡
891,2,0.4754513196768775,0.1272785577437896,0.0,利益 权益,利益 权益,利益 权益,利益 权益
892,2,0.4992211389578065,0.14534896478349002,0.0,利索 费劲,费劲 利索,利索 费劲,利索 费劲
893,1,,0.0,0.0,别具匠心,别具匠心,别具匠心,别具匠心
894,4,0.45550398799804154,0.033766855611887324,0.25,到 放到 至 在,在 至 放到 到,到 在 放到 至,到 放到 至 在
895,5,0.5232328804338604,0.17167726000949196,0.0,归根到底 说到底 到头来 最终 最后,最后 到头来 最终 说到底 归根到底,说到底 归根到底 到头来 最后 最终,归根到底 说到底 到头来 最终 最后
896,7,0.4629418379378221,0.07276952437934149,0.2857142857142857,来临 到来 迎来 降临 迎接 迎 爆发,爆发 降临 迎接 迎 到来 来临 迎来,到来 迎 爆发 降临 迎接 迎来 来临,来临 到来 迎来 降临 迎接 迎 爆发
897,4,0.4625915719676472,0.13330323300115215,0.0,制成 特制 制 定做,定做 制 制成 特制,制 制成 定做 特制,制成 特制 制 定做
898,5,0.496845339707633,0.08405742313100802,0.4,研发 研制 开发 制作 制造,开发 制作 制造 研发 研制,制造 开发 研发 研制 制作,研发 研制 开发 制作 制造
899,9,0.4611020257973113,0.03508921952212491,0.2222222222222222,原料 原材料 加工 工艺 制品 成品 材料 工序 木材,木材 工序 原料 材料 制品 加工 工艺 原材料,工艺 成品 加工 制品 原料 原材料 材料 木材 工序,原料 原材料 加工 工艺 制品 成品 材料 工序 木材
900,13,0.4755054969279449,0.0802110678464585,0.3076923076923077,实行 实施 推行 制订 制定 落实 施行 试行 贯彻 开展 采取 执行,搞好 采取 制定 落实 执行 制订 开展 贯彻,制订 实施 开展 搞好 试行 落实 制定 采取 施行 执行 推行 实行,实行 实施 推行 制订 制定 落实 施行 试行 贯彻 开展 采取 执行 搞好
901,10,0.46778318126534735,0.08008227147129723,0.3,防止 防范 预防 杜绝 防 避免 遏制 制止 防护 防盗,防护 防盗 制止 遏制 避免 预防 防范 防,防止 防护 防盗 制止 防 防范 避免 遏制 杜绝 预防,防止 防范 预防 杜绝 防 避免 遏制 制止 防护 防盗
902,11,0.5089376636555125,0.10237544869249952,0.18181818181818182,妨碍 阻碍 妨害 扰乱 损害 破坏 干扰 阻挠 危及 影响 制约,制约 破坏 影响 损害 危及 阻挠 妨害 干扰,扰乱 制约 危及 破坏 妨碍 影响 妨害 干扰 阻碍 阻挠 损害,妨碍 阻碍 妨害 扰乱 损害 破坏 干扰 阻挠 危及 影响 制约
903,2,0.4707573158089886,0.08610668413401132,0.0,爆 刷,爆 刷,刷 爆,爆 刷
904,2,0.468445440359333,0.12124348753384226,0.0,刺 吻,刺 吻,刺 吻,刺 吻
905,5,0.5024282373992172,0.06544291844715622,0.4,带动 拉动 引领 刺激 拖累,引领 拖累 刺激 拉动 带动,带动 拖累 刺激 拉动 引领,带动 拉动 引领 刺激 拖累
906,5,0.5557208769650467,0.21712057134454765,0.0,灼热 暖烘烘 火辣辣 热气 刺骨,刺骨 热气 暖烘烘 火辣辣 灼热,暖烘烘 热气 火辣辣 刺骨 灼热,灼热 暖烘烘 火辣辣 热气 刺骨
907,9,0.4880863617441591,0.08106989579203733,0.2222222222222222,花纹 镶 镶嵌 图案 雕 绣 装饰 点缀 刻,刻 点缀 绣 花纹 图案 装饰 镶 雕,刻 绣 图案 装饰 花纹 镶嵌 点缀 镶 雕,花纹 镶 镶嵌 图案 雕 绣 装饰 点缀 刻
908,6,0.509348712166571,0.1571946484058079,0.16666666666666666,故意 有意 存心 刻意 无意 半真半假,半真半假 刻意 存心 无意 故意 有意,无意 有意 存心 故意 刻意 半真半假,故意 有意 存心 刻意 无意 半真半假
909,2,0.45042588592901867,0.09229870400610851,0.0,刻舟求剑 守株待兔,守株待兔 刻舟求剑,守株待兔 刻舟求剑,刻舟求剑 守株待兔
910,3,0.41685690729561853,0.028160862230008087,0.3333333333333333,注射 剂 输血,剂 输血 注射,剂 输血 注射,注射 剂 输血
911,4,0.5106306984398248,0.14520265418627415,0.0,辫子 剃 胡子 梳,剃 胡子 梳 辫子,剃 梳 辫子 胡子,辫子 剃 胡子 梳
912,7,0.5928707502575669,0.2868624417682126,0.0,近日 近来 近期 最近 日前 近年来 前不久,近年来 日前 前不久 近来 近期 最近 近日,前不久 最近 近日 近来 近期 日前 近年来,近日 近来 近期 最近 日前 近年来 前不久
913,2,0.6250470156443699,0.35650098149727916,0.0,后台 前台,前台 后台,后台 前台,后台 前台
914,5,0.405540841990866,-0.020020366550299498,0.4,前头 前进 后头 前方 进步,进步 后头 前方 前进 前头,进步 后头 前方 前头 前进,前头 前进 后头 前方 进步
915,4,0.5914614153749008,0.3062945243930129,0.0,史无前例 前所未有 空前 前无古人,前无古人 前所未有 史无前例 空前,前无古人 前所未有 空前 史无前例,史无前例 前所未有 空前 前无古人
916,3,0.4304163267899033,0.0012951659418870276,0.6666666666666666,前提 原则 背景,背景 原则 前提,背景 原则 前提,前提 原则 背景
917,3,0.4417165695655432,-0.02392098461143849,0.6666666666666666,前景 展望 明朗,明朗 前景 展望,展望 明朗 前景,前景 展望 明朗
918,3,0.4398347199240375,0.09368263469139053,0.0,前沿 尖端 超前,超前 尖端 前沿,超前 尖端 前沿,前沿 尖端 超前
919,3,0.4560903980098175,0.10103902847540903,0.3333333333333333,前线 战场 支援,支援 战场 前线,前线 战场 支援,前线 战场 支援
920,2,0.8200359094416292,0.6963999969957573,0.0,后者 前者,后者 前者,前者 后者,后者 前者
921,1,,0.0,0.0,前赴后继,前赴后继,前赴后继,前赴后继
922,2,0.5289848041453997,0.11603405568385436,0.0,前途 命运,前途 命运,命运 前途,前途 命运
923,6,0.47017139341257347,0.0755393028235166,0.16666666666666666,弓 弦 琴 剑 箭 鼓,鼓 箭 剑 弦 琴 弓,剑 弦 弓 箭 琴 鼓,弓 弦 琴 剑 箭 鼓
924,1,,0.0,0.0,剥夺,剥夺,剥夺,剥夺
925,4,0.5019858405836609,0.09450241859535527,0.0,猛烈 剧烈 强烈 尖锐,强烈 尖锐 猛烈 剧烈,强烈 剧烈 尖锐 猛烈,猛烈 剧烈 强烈 尖锐
926,6,0.48136920608227657,0.05746397133630766,0.16666666666666666,剩下 留下 剩 留 遗留 剩余,剩余 遗留 留 剩 剩下 留下,剩余 剩下 剩 留 遗留 留下,剩下 留下 剩 留 遗留 剩余
927,1,,0.0,0.0,副,副,副,副
928,44,0.4696342121592899,-0.026159622184052087,0.6136363636363636,踹 拧 拽 搓 磕 捏 捅 揍 摔 咬 砸 捶,蹬 摸 撞 蹦 瞅 劈 揍 拎,劈 叼 咬 啃 碰 磕 砸 砍 甩 瞅 晃 摔,踹 拧 拽 搓 磕 捏 捅 揍 摔 咬 砸 捶 掰 敲 抠 蹦 揪 扯 擦 踢 扔 蹬 叼 劈 掐 搂 舔 甩 摸 拎 撕 揉 扒 蹭 抡 挠 砍 撞 抖 瞅 碰 扳 晃 啃
929,6,0.4633177890331377,0.0749605176434379,0.0,精力 力气 力量 财力 心血 力,心血 力气 财力 力 力量 精力,力 财力 力量 力气 心血 精力,精力 力气 力量 财力 心血 力
930,8,0.4942339286769523,0.04908370238390278,0.375,精疲力竭 疲惫不堪 力不从心 无力 吃力 无精打采 虚弱 无能为力,吃力 虚弱 无能为力 疲惫不堪 无精打采 无力 力不从心 精疲力竭,虚弱 力不从心 无力 精疲力竭 无能为力 疲惫不堪 无精打采 吃力,精疲力竭 疲惫不堪 力不从心 无力 吃力 无精打采 虚弱 无能为力
931,7,0.4530755818716966,-0.01359145207545308,0.42857142857142855,步伐 脚步 节奏 速度 进度 力度 步,进度 速度 步 力度 脚步 步伐 节奏,进度 步 速度 脚步 步伐 力度 节奏,步伐 脚步 节奏 速度 进度 力度 步
932,1,,0.0,0.0,力所能及,力所能及,力所能及,力所能及
933,5,0.4830150559053612,0.10928776356335164,0.0,没用 没辙 没法儿 办不到 无济于事,无济于事 办不到 没法儿 没辙 没用,无济于事 没用 没辙 办不到 没法儿,没用 没辙 没法儿 办不到 无济于事
934,3,0.3929327343974544,-0.027518092905699343,0.6666666666666666,办事 照办 干事,照办 干事 办事,办事 照办 干事,办事 照办 干事
935,7,0.54127292964326,0.2025869538668312,0.14285714285714285,大使馆 领事馆 领事 驻 大使 外交官 办事处,办事处 大使 外交官 驻 领事馆 领事 大使馆,外交官 大使馆 领事馆 办事处 大使 驻 领事,大使馆 领事馆 领事 驻 大使 外交官 办事处
936,3,0.45532734055397156,0.08794618335957545,0.0,商务 商业 办公,商业 办公 商务,办公 商务 商业,商务 商业 办公
937,3,0.43716989011558,0.022416101106016644,0.3333333333333333,办学 教育 勤工俭学,教育 勤工俭学 办学,办学 教育 勤工俭学,办学 教育 勤工俭学
938,8,0.47166982541108027,0.1043125342718136,0.125,方法 方式 手段 手法 途径 办法 形式 法,途径 法 形式 办法 手段 手法 方法 方式,办法 法 方式 方法 形式 途径 手段 手法,方法 方式 手段 手法 途径 办法 形式 法
939,9,0.4817724918341057,-0.023555147151704883,0.3333333333333333,申请 提交 办理 申报 递交 受理 申领 填写 登记,申领 登记 受理 填写 递交 提交 申报 办理,办理 登记 递交 提交 受理 填写 申领 申请 申报,申请 提交 办理 申报 递交 受理 申领 填写 登记
940,3,0.5088500585372411,0.13641598602372293,0.0,功劳 功臣 功,功 功劳 功臣,功 功劳 功臣,功劳 功臣 功
941,3,0.4718993514040079,0.07088373992569676,0.3333333333333333,功率 马力 频率,频率 马力 功率,功率 频率 马力,功率 马力 频率
942,4,0.4279450425572038,-0.02067634040218112,0.5,智能 多功能 功能 智慧,智能 智慧 功能 多功能,功能 智能 智慧 多功能,智能 多功能 功能 智慧
943,4,0.5137773243100218,0.17721002491629817,0.0,添 添加 增添 加,加 增添 添加 添,加 增添 添 添加,添 添加 增添 加
944,6,0.45978055036535775,0.060497916761521664,0.3333333333333333,参加 参与 投身 踊跃 加入 报名,加入 报名 踊跃 投身 参与 参加,投身 参加 参与 报名 加入 踊跃,参加 参与 投身 踊跃 加入 报名
945,11,0.46560136132294,0.06587904698327306,0.2727272727272727,鼓掌 欢呼 喝彩 掌声 呐喊 叫好 经久不息 助威 热烈 加油 干杯,助威 加油 干杯 热烈 经久不息 叫好 呐喊 掌声,欢呼 呐喊 热烈 经久不息 喝彩 叫好 加油 掌声 助威 鼓掌 干杯,鼓掌 欢呼 喝彩 掌声 呐喊 叫好 经久不息 助威 热烈 加油 干杯
946,1,,0.0,0.0,加盟,加盟,加盟,加盟
947,3,0.5425786475924141,0.17884326416700103,0.0,加紧 抓紧 积极,积极 加紧 抓紧,加紧 积极 抓紧,加紧 抓紧 积极
948,6,0.5305259703894,0.1461470016131797,0.0,快速 飞速 迅速 加速 缓慢 高速,加速 缓慢 高速 飞速 迅速 快速,加速 快速 飞速 迅速 高速 缓慢,快速 飞速 迅速 加速 缓慢 高速
949,3,0.4140042345481206,-0.06263338455534406,0.6666666666666666,实事求是 务实 说老实话,说老实话 务实 实事求是,务实 实事求是 说老实话,实事求是 务实 说老实话
950,4,0.4063336625528556,0.04610542662761836,0.25,静 动 动静 静止,静止 动 动静 静,静止 动 静 动静,静 动 动静 静止
951,11,0.48856908345124517,0.08411014824913284,0.36363636363636365,动人 感人 惊心动魄 扣人心弦 引人入胜 生动 耐人寻味 惊险 精彩 可歌可泣 诱人,惊险 可歌可泣 诱人 精彩 生动 耐人寻味 引人入胜 惊心动魄,诱人 耐人寻味 惊心动魄 扣人心弦 生动 动人 可歌可泣 引人入胜 感人 惊险 精彩,动人 感人 惊心动魄 扣人心弦 引人入胜 生动 耐人寻味 惊险 精彩 可歌可泣 诱人
952,4,0.47809893860115293,0.10244387718345115,0.25,姿势 动作 手势 杠铃,杠铃 手势 姿势 动作,姿势 手势 动作 杠铃,姿势 动作 手势 杠铃
953,4,0.44360100857362544,0.06570206826757594,0.25,驱动 动力 引擎 导向,导向 引擎 动力 驱动,驱动 导向 引擎 动力,驱动 动力 引擎 导向
954,3,0.528218435078487,0.16521928781728765,0.0,去向 流向 动向,流向 动向 去向,流向 去向 动向,去向 流向 动向
955,6,0.48996895403973384,0.09617084110741576,0.3333333333333333,动员 鼓动 煽动 发动 调动 号召,调动 煽动 号召 发动 鼓动 动员,发动 鼓动 动员 号召 调动 煽动,动员 鼓动 煽动 发动 调动 号召
956,9,0.4788325188471775,0.022467008030075224,0.2222222222222222,竣工 开工 动工 施工 工程 通车 工地 项目 开业,开业 施工 项目 工地 通车 竣工 工程 动工,工程 竣工 通车 开业 开工 项目 施工 动工 工地,竣工 开工 动工 施工 工程 通车 工地 项目 开业
957,2,0.4514635394027442,0.02629323011808781,0.0,动弹 瘫痪,瘫痪 动弹,瘫痪 动弹,动弹 瘫痪
958,1,,0.0,0.0,动态,动态,动态,动态
959,3,0.444625128831497,0.03652276140596201,0.3333333333333333,改变 颠覆 动摇,动摇 颠覆 改变,改变 动摇 颠覆,改变 颠覆 动摇
960,2,0.5461614412017975,0.2277934577825198,0.0,大熊猫 动物园,动物园 大熊猫,动物园 大熊猫,大熊猫 动物园
961,2,0.47160407523835857,0.046244416393290994,0.0,向导 助手,向导 助手,向导 助手,向导 助手
962,4,0.3753997815260213,-0.03495679067907061,0.75,正能量 能量 励志 好人,励志 好人 能量 正能量,励志 正能量 好人 能量,正能量 能量 励志 好人
963,3,0.4443192327895351,0.04711330597494054,0.3333333333333333,承包 劳务 流转,流转 劳务 承包,流转 劳务 承包,承包 劳务 流转
964,1,,0.0,0.0,势不可当,势不可当,势不可当,势不可当
965,4,0.6082802099468706,0.309898669222529,0.0,勇于 敢于 善于 大胆,大胆 善于 勇于 敢于,善于 勇于 敢于 大胆,勇于 敢于 善于 大胆
966,2,0.46911901290140245,0.10197776656065469,0.0,授予 勋章,勋章 授予,授予 勋章,授予 勋章
967,8,0.5159510889005045,0.12265017785242079,0.125,开采 矿 煤矿 采矿 勘探 煤炭 矿藏 煤,矿藏 煤 采矿 煤炭 开采 勘探 矿 煤矿,开采 煤 矿 勘探 采矿 矿藏 煤炭 煤矿,开采 矿 煤矿 采矿 勘探 煤炭 矿藏 煤
968,5,0.47871227336249006,0.11755155547315259,0.2,灵巧 敏捷 心灵手巧 灵活 勤劳,勤劳 灵活 心灵手巧 敏捷 灵巧,灵巧 灵活 心灵手巧 勤劳 敏捷,灵巧 敏捷 心灵手巧 灵活 勤劳
969,3,0.43283871941077084,0.041305104659555746,0.6666666666666666,叉 勾 死,死 勾 叉,勾 叉 死,叉 勾 死
970,16,0.45402059123180094,-0.04429168982856841,0.625,骗人 撒谎 欺骗 谎话 讹诈 吓唬 说谎 谎言 耍赖 阴谋 捣乱 骗,胡说 骗 阴谋 勾结 谎言 耍 吓唬 谎话,撒谎 耍赖 捣乱 搞鬼 吓唬 胡说 勾结 欺骗 骗 讹诈 谎言 谎话,骗人 撒谎 欺骗 谎话 讹诈 吓唬 说谎 谎言 耍赖 阴谋 捣乱 骗 搞鬼 胡说 耍 勾结
971,5,0.519919898699814,0.08790984187168824,0.4,包含 含有 蕴涵 蕴藏 含,包含 蕴藏 含有 蕴涵 含,含有 含 蕴涵 包含 蕴藏,包含 含有 蕴涵 蕴藏 含
972,6,0.4501966629394989,0.027484275482037277,0.3333333333333333,周围 环绕 四周 周边 包围 簇拥,包围 簇拥 环绕 周边 四周 周围,周围 包围 四周 簇拥 周边 环绕,周围 环绕 四周 周边 包围 簇拥
973,3,0.4740033502968095,0.08952663017077749,0.0,善意 诚意 包容,包容 诚意 善意,诚意 包容 善意,善意 诚意 包容
974,2,0.5747748052744277,0.2668825019537472,0.0,在内 包括,包括 在内,包括 在内,在内 包括
975,2,0.45315104814162466,0.08660036412045152,0.0,包袱 铺,铺 包袱,包袱 铺,包袱 铺
976,2,0.48702204316520237,0.15112061410935962,0.0,包装 打包,包装 打包,包装 打包,包装 打包
977,3,0.43177844150495015,0.03760727785978519,0.6666666666666666,行李 包裹 安检,包裹 安检 行李,行李 包裹 安检,行李 包裹 安检
978,1,,0.0,0.0,化,化,化,化
979,3,0.3855131766136197,-0.02805588368845699,0.6666666666666666,道具 工具 化妆,工具 化妆 道具,化妆 道具 工具,道具 工具 化妆
980,3,0.43815677245158247,0.04771315798731011,0.3333333333333333,陨石 火山 化石,化石 火山 陨石,化石 陨石 火山,陨石 火山 化石
981,3,0.4846892931134563,0.12059833304669015,0.0,摆平 平息 化解,化解 平息 摆平,摆平 化解 平息,摆平 平息 化解
982,1,,0.0,0.0,化身,化身,化身,化身
983,1,,0.0,0.0,化险为夷,化险为夷,化险为夷,化险为夷
984,1,,0.0,0.0,北京,北京,北京,北京
985,2,0.7238286091626878,0.5297618501018453,0.0,南极 北极,南极 北极,南极 北极,南极 北极
986,3,0.5072003381743947,0.1795037634484191,0.0,骏马 匹 马,马 骏马 匹,匹 骏马 马,骏马 匹 马
987,6,0.4373061701759838,0.052341313734307233,0.3333333333333333,搭配 配置 配 匹配 配备 组合,匹配 配备 组合 搭配 配置 配,组合 配置 配备 匹配 配 搭配,搭配 配置 配 匹配 配备 组合
988,3,0.47894551989866757,0.12174504025727013,0.0,市 省 区,区 省 市,区 市 省,市 省 区
989,1,,0.0,0.0,匿名,匿名,匿名,匿名
990,3,0.5825194417005038,0.28064409284100894,0.0,红灯 绿灯 十字路口,十字路口 绿灯 红灯,红灯 绿灯 十字路口,红灯 绿灯 十字路口
991,3,0.4229909808071887,0.05666525936721526,0.3333333333333333,十足 饱满 足,饱满 十足 足,足 十足 饱满,十足 饱满 足
992,1,,0.0,0.0,千军万马,千军万马,千军万马,千军万马
993,4,0.49843184265472534,0.1364511990146539,0.0,千变万化 变幻莫测 错综复杂 日新月异,错综复杂 日新月异 变幻莫测 千变万化,日新月异 变幻莫测 千变万化 错综复杂,千变万化 变幻莫测 错综复杂 日新月异
994,6,0.48999677674208697,0.1069839165940567,0.16666666666666666,转变 转型 转换 升级 转化 变革,变革 转换 转化 升级 转变 转型,升级 转换 转化 转变 转型 变革,转变 转型 转换 升级 转化 变革
995,11,0.4617478289019736,0.04714145826349498,0.36363636363636365,犯规 半场 球 得手 皮球 得分 防守 比分 禁区 解围 对手,对手 禁区 防守 解围 半场 比分 球 得手,禁区 得手 对手 得分 球 解围 犯规 防守 比分 半场 皮球,犯规 半场 球 得手 皮球 得分 防守 比分 禁区 解围 对手
996,23,0.47787627253420023,-0.002857064527642974,0.43478260869565216,海岸 海面 海滩 海域 礁石 海边 岛屿 沙滩 海滨 沿岸 海湾 水域,岸上 半岛 沿岸 岛 海湾 海浪 海滨 海岸,岛 海岸 海底 海域 海湾 海滨 海滩 海浪 海洋 海水 沙滩 水面,海岸 海面 海滩 海域 礁石 海边 岛屿 沙滩 海滨 沿岸 海湾 水域 大海 海洋 海水 海浪 陆地 海底 岸上 沿海 水面 岛 半岛
997,1,,0.0,0.0,半边天,半边天,半边天,半边天
998,3,0.4989329876565851,0.12566233200604673,0.0,走弯路 碰钉子 半途而废,走弯路 半途而废 碰钉子,半途而废 碰钉子 走弯路,走弯路 碰钉子 半途而废
999,5,0.5323235927076698,0.22175979984253974,0.2,华人 华裔 华侨 外籍 同胞,同胞 外籍 华侨 华裔 华人,华裔 华侨 华人 外籍 同胞,华人 华裔 华侨 外籍 同胞
1000,5,0.525431263128042,0.1477223931447529,0.2,帮忙 帮 替 协助 帮手,帮手 协助 替 帮忙 帮,帮 替 帮手 帮忙 协助,帮忙 帮 替 协助 帮手
1001,15,0.4747889071923685,0.05322224964834362,0.4,签订 签署 协议 协议书 订立 合同 协定 达成 签约 签 约定 合作,签约 达成 签字 合作 约定 谅解 生效 协议,签订 协议书 签字 签 签署 签约 协议 约定 生效 谅解 订立 合作,签订 签署 协议 协议书 订立 合同 协定 达成 签约 签 约定 合作 生效 签字 谅解
1002,3,0.4038136454483318,-0.011726960830060654,0.6666666666666666,单 空 订单,空 订单 单,单 空 订单,单 空 订单
1003,3,0.5177496060195345,0.13759295659825135,0.0,机关 部门 单位,机关 部门 单位,机关 部门 单位,机关 部门 单位
1004,1,,0.0,0.0,单元,单元,单元,单元
1005,1,,0.0,0.0,单方面,单方面,单方面,单方面
1006,3,0.39653978294439424,-0.06492672193466138,0.6666666666666666,独立 单独 董事,董事 单独 独立,董事 独立 单独,独立 单独 董事
1007,11,0.4724725579311155,0.01690377311173011,0.36363636363636365,简陋 粗糙 陈旧 单调 破旧 笨重 枯燥 单薄 简单 生硬 简易,陈旧 简易 简单 生硬 单薄 枯燥 破旧 粗糙,粗糙 简单 简易 笨重 陈旧 单薄 单调 生硬 枯燥 破旧 简陋,简陋 粗糙 陈旧 单调 破旧 笨重 枯燥 单薄 简单 生硬 简易
1008,2,0.47456813142191967,0.13974426955926877,0.0,行情 单边,单边 行情,单边 行情,行情 单边
1009,5,0.5457118779352598,0.1687487304543119,0.2,炫耀 夸耀 卖弄 逞能 夸夸其谈,逞能 夸夸其谈 卖弄 夸耀 炫耀,卖弄 逞能 夸耀 夸夸其谈 炫耀,炫耀 夸耀 卖弄 逞能 夸夸其谈
1010,38,0.5117923194697865,0.08860529305389848,0.21052631578947367,红薯 西红柿 黄瓜 茄子 南瓜 西瓜 辣椒 柿子 香蕉 白菜 花生 核桃,绿茶 茶叶 桂花 糖 莲子 玉米 大米 蔬菜,玉米 莲子 糖 瓜 枣 桃 梨 花生 芝麻 香蕉 柿子 葡萄,红薯 西红柿 黄瓜 茄子 南瓜 西瓜 辣椒 柿子 香蕉 白菜 花生 核桃 萝卜 土豆 番茄 蔬菜 梨 葡萄 蒜 蘑菇 椰子 瓜 莲子 枣 蜂蜜 葱 鸡蛋 豆子 茶叶 桃 桂花 虾 大米 芝麻 玉米 橘子 糖 绿茶
1011,5,0.4762942343504295,0.08114037789335868,0.0,微博 博客 头条 微信 帖子,帖子 微信 头条 微博 博客,微信 博客 微博 帖子 头条,微博 博客 头条 微信 帖子
1012,9,0.4970296153111157,0.05071022968227038,0.2222222222222222,藏品 文物 收藏 珍藏 博物馆 瑰宝 古董 国宝 古迹,瑰宝 博物馆 收藏 古迹 珍藏 国宝 古董 文物,珍藏 瑰宝 国宝 收藏 博物馆 文物 藏品 古董 古迹,藏品 文物 收藏 珍藏 博物馆 瑰宝 古董 国宝 古迹
1013,2,0.48409687052924055,0.10480627325958186,0.0,占卜 风水,风水 占卜,风水 占卜,占卜 风水
1014,8,0.49393604607784763,0.10270275520122875,0.25,消耗 耗费 节省 节约 浪费 耗 能耗 占用,浪费 能耗 占用 耗 耗费 节省 节约 消耗,占用 耗费 耗 消耗 能耗 节省 节约 浪费,消耗 耗费 节省 节约 浪费 耗 能耗 占用
1015,1,,0.0,0.0,卡通,卡通,卡通,卡通
1016,12,0.4786696321175019,0.06572254730374068,0.08333333333333333,飞船 太空 宇航员 月球 卫星 发射 航天员 航天 嫦娥 火箭 地球 轨道,地球 飞船 月球 航天 火箭 航天员 轨道 发射,航天 嫦娥 月球 发射 航天员 地球 飞船 火箭 轨道 宇航员 卫星 太空,飞船 太空 宇航员 月球 卫星 发射 航天员 航天 嫦娥 火箭 地球 轨道
1017,2,0.6004123901454559,0.3440371328557248,0.0,卫生 防疫,卫生 防疫,防疫 卫生,卫生 防疫
1018,17,0.49433169461680265,0.10072623923626063,0.11764705882352941,播出 转播 电视台 播放 节目 重播 收看 广播 卫视 直播 电视 播,收视率 视频 电视 节目 频道 收听 电台 直播,收视率 重播 电视台 卫视 电台 播 收看 收听 转播 频道 视频 播出,播出 转播 电视台 播放 节目 重播 收看 广播 卫视 直播 电视 播 电台 频道 收听 收视率 视频
1019,2,0.5018636374686134,0.12010054356597442,0.0,印 墨,墨 印,印 墨,印 墨
1020,3,0.5259207013207252,0.201869911368146,0.0,打印 印刷 复印,印刷 复印 打印,印刷 打印 复印,打印 印刷 复印
1021,3,0.6033002104155782,0.31714559654712093,0.0,造纸术 印刷术 发明,发明 印刷术 造纸术,印刷术 发明 造纸术,造纸术 印刷术 发明
1022,8,0.48707483638460924,0.1171390082149972,0.125,表明 预示 说明 印证 证明 暗示 意味着 反映,反映 说明 证明 意味着 暗示 印证 预示 表明,暗示 反映 印证 说明 证明 预示 意味着 表明,表明 预示 说明 印证 证明 暗示 意味着 反映
1023,7,0.512481979285951,0.12725825246670067,0.14285714285714285,感受 感触 感觉 观感 感想 感 印象,感受 感 印象 感觉 感想 感触 观感,感 感触 感觉 观感 印象 感受 感想,感受 感触 感觉 观感 感想 感 印象
1024,18,0.4626845088472689,0.04155102694604681,0.3888888888888889,营救 救援 救 抢救 解救 呼救 遇险 求救 拯救 救助 搜救 危急,挽救 疏散 打捞 紧急 危急 救助 救命 搜救,抢救 挽救 营救 救 解救 疏散 危急 呼救 逃生 搜救 救援 求救,营救 救援 救 抢救 解救 呼救 遇险 求救 拯救 救助 搜救 危急 紧急 救命 挽救 逃生 疏散 打捞
1025,3,0.49917614475197736,0.14291565080853172,0.0,风险 隐患 危险,危险 风险 隐患,风险 危险 隐患,风险 隐患 危险
1026,3,0.42974024240050274,0.04962836515298974,0.6666666666666666,即可 可 即,即 可 即可,即 可 即可,即可 可 即
1027,3,0.41465296692781806,-0.003361971016868514,0.6666666666666666,卵 孵化 蛋,蛋 孵化 卵,卵 蛋 孵化,卵 孵化 蛋
1028,1,,0.0,0.0,卷,卷,卷,卷
1029,5,0.5646209700539913,0.25003222400336667,0.0,牵涉 牵扯 涉及 波及 卷入,卷入 涉及 波及 牵扯 牵涉,牵涉 牵扯 波及 涉及 卷入,牵涉 牵扯 涉及 波及 卷入
1030,2,0.47558884484138675,0.09029090670923404,0.0,运 卸,卸 运,卸 运,运 卸
1031,3,0.4861327080585484,0.1118208454449489,0.0,幸免 遭殃 厄运,厄运 遭殃 幸免,幸免 遭殃 厄运,幸免 遭殃 厄运
1032,1,,0.0,0.0,厅,厅,厅,厅
1033,4,0.45302436572639976,0.092534737342971,0.5,古老 悠久 历史 古,历史 古 古老 悠久,古 古老 悠久 历史,古老 悠久 历史 古
1034,2,0.5564803240451734,0.26694723246133695,0.0,届 历届,届 历届,届 历届,届 历届
1035,11,0.47677782191049584,0.06411695777140004,0.2727272727272727,风风雨雨 磨难 风雨 历经 经历 沧桑 岁月 历程 经受 洗礼 走过,经受 走过 历程 磨难 历经 岁月 沧桑 风雨,历经 历程 岁月 洗礼 风雨 磨难 经受 经历 风风雨雨 沧桑 走过,风风雨雨 磨难 风雨 历经 经历 沧桑 岁月 历程 经受 洗礼 走过
1036,5,0.4024745038522243,-0.021868881923499298,0.8,压 挤压 挤 压倒 抛,抛 挤 压倒 挤压 压,压 抛 挤 压倒 挤压,压 挤压 挤 压倒 抛
1037,5,0.48770418375952806,0.043691610061535435,0.2,压力 压制 阻力 支撑 施压,施压 支撑 阻力 压制 压力,压力 压制 施压 支撑 阻力,压力 压制 阻力 支撑 施压
1038,4,0.5279018844634794,0.15923881773099466,0.25,束缚 拘束 约束 压抑,压抑 约束 束缚 拘束,约束 压抑 束缚 拘束,束缚 拘束 约束 压抑
1039,14,0.495972350000349,0.09041293697379645,0.21428571428571427,迷恋 痴迷 热爱 喜欢 着迷 热衷 喜爱 讨厌 崇拜 向往 狂热 执着,狂热 执着 喜爱 崇拜 厌倦 着迷 讨厌 向往,感兴趣 讨厌 热爱 崇拜 执着 着迷 迷恋 向往 热衷 喜欢 喜爱 厌倦,迷恋 痴迷 热爱 喜欢 着迷 热衷 喜爱 讨厌 崇拜 向往 狂热 执着 厌倦 感兴趣
1040,7,0.49802477055330535,0.0912574746887115,0.14285714285714285,宽 窄 厚 长 薄 阔 短,短 薄 长 阔 厚 窄 宽,厚 宽 窄 短 长 阔 薄,宽 窄 厚 长 薄 阔 短
1041,2,0.5151111095812906,0.19206083855851885,0.0,原 标题,原 标题,原 标题,原 标题
1042,2,0.486991608042583,0.10993222693268864,0.0,原创 抄袭,抄袭 原创,抄袭 原创,原创 抄袭
1043,5,0.4759004306474445,0.06892459477637383,0.2,根源 原因 罪魁祸首 导火索 归结,原因 归结 罪魁祸首 导火索 根源,根源 罪魁祸首 原因 导火索 归结,根源 原因 罪魁祸首 导火索 归结
1044,3,0.48301989897463704,0.17194512501823297,0.3333333333333333,就地 就近 原地,原地 就近 就地,就地 原地 就近,就地 就近 原地
1045,1,,0.0,0.0,原型,原型,原型,原型
1046,1,,0.0,0.0,原始,原始,原始,原始
1047,3,0.5671909403914627,0.2595245765002438,0.0,原汁原味 地道 正宗,原汁原味 正宗 地道,原汁原味 地道 正宗,原汁原味 地道 正宗
1048,6,0.5459587098098402,0.16024646475367804,0.16666666666666666,忍受 容忍 忍耐 忍 承受 原谅,原谅 承受 忍 忍耐 容忍 忍受,忍 忍受 忍耐 原谅 容忍 承受,忍受 容忍 忍耐 忍 承受 原谅
1049,5,0.5219333095173894,0.17260644814177678,0.0,去世 逝世 遗愿 遗嘱 生前,遗嘱 生前 遗愿 逝世 去世,逝世 生前 遗嘱 去世 遗愿,去世 逝世 遗愿 遗嘱 生前
1050,3,0.4408720492183183,0.02873034787496584,0.6666666666666666,归宿 去处 源泉,去处 源泉 归宿,去处 源泉 归宿,归宿 去处 源泉
1051,1,,0.0,0.0,参军,参军,参军,参军
1052,5,0.501588448089067,0.18660346411486853,0.2,简介 概况 目录 参见 简要,简要 参见 概况 目录 简介,简介 概况 参见 目录 简要,简介 概况 目录 参见 简要
1053,9,0.5044342302871624,0.09003671617366879,0.3333333333333333,尽早 及早 提早 尽快 早日 提前 过早 趁早 急于,急于 提前 趁早 过早 尽快 早日 及早 提早,早日 趁早 提早 尽早 尽快 提前 及早 急于 过早,尽早 及早 提早 尽快 早日 提前 过早 趁早 急于
1054,2,0.47906671750205176,0.17680962393401917,0.0,双 双重,双重 双,双 双重,双 双重
1055,3,0.41280902169571854,0.02898973489700628,0.3333333333333333,横向 横 双向,横 双向 横向,横向 横 双向,横向 横 双向
1056,2,0.45201707513797973,0.08726628480585331,0.0,方 双方,双方 方,方 双方,方 双方
1057,2,0.4514532164089775,0.05489945810649547,0.5,造福 双赢,双赢 造福,双赢 造福,造福 双赢
1058,2,0.4547923338087029,0.09061660856297378,0.0,逆 反,逆 反,反 逆,逆 反
1059,3,0.5098918804810245,0.16244103384316327,0.0,反应 反响 反馈,反响 反应 反馈,反响 反应 反馈,反应 反响 反馈
1060,4,0.45950942769958797,0.01553743358933821,0.5,翻来覆去 来回 反复 折腾,折腾 来回 反复 翻来覆去,翻来覆去 反复 折腾 来回,翻来覆去 来回 反复 折腾
1061,9,0.4772954180087889,0.08681495012302928,0.2222222222222222,赞同 赞成 认同 同意 拥护 反对 认可 否决 采纳,采纳 认可 认同 反对 否决 拥护 同意 赞同,赞同 赞成 否决 同意 拥护 反对 采纳 认同 认可,赞同 赞成 认同 同意 拥护 反对 认可 否决 采纳
1062,3,0.4734201728940319,0.1298355707030423,0.0,极端 恶劣 反常,反常 恶劣 极端,反常 极端 恶劣,极端 恶劣 反常
1063,8,0.5604167639626547,0.20916213657032257,0.125,反思 思考 思索 深思 反省 沉思 审视 检讨,审视 检讨 沉思 反省 深思 反思 思索 思考,思索 审视 沉思 思考 反思 反省 深思 检讨,反思 思考 思索 深思 反省 沉思 审视 检讨
1064,1,,0.0,0.0,反过来,反过来,反过来,反过来
1065,1,,0.0,0.0,发,发,发,发
1066,5,0.472949143330845,0.007751097095060683,0.4,燃烧 火焰 点燃 点火 发光,燃烧 发光 点燃 点火 火焰,发光 点火 点燃 火焰 燃烧,燃烧 火焰 点燃 点火 发光
1067,3,0.40095762725499884,-0.028288509743056477,0.6666666666666666,接到 接 发出,发出 接 接到,接 发出 接到,接到 接 发出
1068,5,0.44912824116089156,0.021414504285051896,0.4,壮大 发展 成长 崛起 扩展,扩展 崛起 成长 发展 壮大,成长 扩展 发展 壮大 崛起,壮大 发展 成长 崛起 扩展
1069,2,0.6435985625627116,0.37898665533265974,0.0,发火 发怒,发火 发怒,发怒 发火,发火 发怒
1070,3,0.5243462722713006,0.14055176724342508,0.0,自强不息 发愤图强 自力更生,自力更生 自强不息 发愤图强,自强不息 自力更生 发愤图强,自强不息 发愤图强 自力更生
1071,2,0.48963591437161846,0.11503106790133237,0.0,起到 发挥,起到 发挥,起到 发挥,起到 发挥
1072,2,0.5434492031676115,0.19711189307250718,0.0,领取 发放,领取 发放,发放 领取,领取 发放
1073,4,0.5276968518798332,0.18585615283025478,0.0,发泄 消遣 宣泄 打发,打发 宣泄 消遣 发泄,宣泄 发泄 消遣 打发,发泄 消遣 宣泄 打发
1074,6,0.5214476986655787,0.17631998788639716,0.16666666666666666,由来 起源 来历 渊源 来龙去脉 发源地,发源地 来龙去脉 起源 渊源 由来 来历,渊源 由来 发源地 来历 来龙去脉 起源,由来 起源 来历 渊源 来龙去脉 发源地
1075,7,0.4481661328523137,0.0457643860273882,0.2857142857142857,发觉 察觉 发现 得知 看出 看得出 觉,觉 看得出 看出 得知 发现 察觉 发觉,得知 看出 发现 觉 发觉 看得出 察觉,发觉 察觉 发现 得知 看出 看得出 觉
1076,2,0.4714615954828648,0.07585909265400854,0.0,发生 突发,发生 突发,发生 突发,发生 突发
1077,8,0.5043672876445149,0.03336087344528467,0.25,能源 发电 电力 天然气 核能 太阳能 燃气 燃料,核能 燃料 燃气 发电 天然气 电力 太阳能 能源,核能 太阳能 电力 能源 发电 燃气 燃料 天然气,能源 发电 电力 天然气 核能 太阳能 燃气 燃料
1078,7,0.5227026278211129,0.17643463055470948,0.0,演讲 演说 讲话 发言 谈话 辩论 发表,发表 辩论 谈话 演讲 发言 演说 讲话,演说 演讲 讲话 谈话 发表 发言 辩论,演讲 演说 讲话 发言 谈话 辩论 发表
1079,3,0.4061048283325687,0.009785876810764267,0.6666666666666666,新闻 发言人 财经,财经 发言人 新闻,财经 新闻 发言人,新闻 发言人 财经
1080,1,,0.0,0.0,发酵,发酵,发酵,发酵
1081,1,,0.0,0.0,取,取,取,取
1082,9,0.5081363433994965,0.12119422347310718,0.1111111111111111,获得 取得 得到 拿到 赢得 获 获取 收到 收获,收到 获取 收获 拿到 赢得 获 得到 取得,拿到 得到 收到 收获 获 获得 获取 赢得 取得,获得 取得 得到 拿到 赢得 获 获取 收到 收获
1083,1,,0.0,0.0,取经,取经,取经,取经
1084,4,0.5926092948565872,0.28330836938540305,0.0,整顿 整治 清理 取缔,整治 清理 取缔 整顿,取缔 清理 整治 整顿,整顿 整治 清理 取缔
1085,10,0.48688914789133503,-0.009984736862182259,0.6,获胜 取胜 胜出 战胜 败 胜 失利 胜负 胜利 赢,赢 胜出 胜利 失利 胜 败 胜负 战胜,获胜 取胜 胜 赢 败 战胜 胜利 胜出 失利 胜负,获胜 取胜 胜出 战胜 败 胜 失利 胜负 胜利 赢
1086,7,0.5627822166403904,0.26320452836295594,0.0,受到 受 遭受 遭到 备受 深受 受过,遭受 受过 受 遭到 深受 备受 受到,受 备受 深受 受过 受到 遭到 遭受,受到 受 遭受 遭到 备受 深受 受过
1087,4,0.485670929684418,0.08537252794439268,0.25,证人 受害人 当事人 物证,物证 当事人 受害人 证人,当事人 受害人 证人 物证,证人 受害人 当事人 物证
1088,2,0.5033101749548146,0.14280223356837696,0.0,惊 受惊,受惊 惊,惊 受惊,惊 受惊
1089,16,0.4847531165887144,0.0858274644888546,0.25,灾害 水灾 旱灾 洪水 灾难 暴雨 地震 灾 海啸 受灾 火灾 台风,防汛 台风 浩劫 瘟疫 火灾 受灾 灾难 特大,洪水 浩劫 海啸 旱灾 灾 台风 地震 防汛 瘟疫 灾害 水灾 火灾,灾害 水灾 旱灾 洪水 灾难 暴雨 地震 灾 海啸 受灾 火灾 台风 瘟疫 特大 浩劫 防汛
1090,13,0.4961345591708273,0.05256087919920019,0.23076923076923078,艰辛 艰苦 辛苦 苦 苦难 艰险 辛酸 艰难 忍饥挨饿 酸甜苦辣 吃苦 风餐露宿,忍饥挨饿 酸甜苦辣 艰险 艰难 受苦 吃苦 苦难 辛苦,忍饥挨饿 苦难 艰辛 艰苦 艰险 艰难 酸甜苦辣 辛苦 风餐露宿 辛酸 苦 吃苦,艰辛 艰苦 辛苦 苦 苦难 艰险 辛酸 艰难 忍饥挨饿 酸甜苦辣 吃苦 风餐露宿 受苦
1091,4,0.5714346778974471,0.27412033402065655,0.0,变成 变为 变 成,成 变 变为 变成,变 成 变成 变为,变成 变为 变 成
1092,6,0.483063008078589,0.07795095431900785,0.3333333333333333,变动 变化 调整 波动 变迁 变更,调整 变更 变迁 波动 变化 变动,波动 变迁 调整 变更 变化 变动,变动 变化 调整 波动 变迁 变更
1093,6,0.4503388492756848,0.04819952585258119,0.16666666666666666,变异 遗传 基因 进化 杂交 演变,演变 进化 基因 杂交 变异 遗传,进化 遗传 杂交 变异 演变 基因,变异 遗传 基因 进化 杂交 演变
1094,5,0.48572628501014525,0.08042568490711569,0.0,变质 腐蚀 磨损 腐烂 变形,腐蚀 磨损 变形 腐烂 变质,腐烂 磨损 腐蚀 变质 变形,变质 腐蚀 磨损 腐烂 变形
1095,3,0.5139635507908858,0.15541975213685813,0.0,换 更换 变换,变换 更换 换,换 更换 变换,换 更换 变换
1096,2,0.46757370809785415,0.10010791125799902,0.0,堆砌 叠,堆砌 叠,叠 堆砌,堆砌 叠
1097,5,0.49911817917406703,0.03266473351680595,0.4,命令 指令 指示 口令 指挥,指挥 命令 指示 口令 指令,指令 口令 命令 指挥 指示,命令 指令 指示 口令 指挥
1098,6,0.4845102802275525,0.09060318312482996,0.16666666666666666,标语 旗帜 国旗 锦旗 国徽 口号,口号 标语 国徽 锦旗 旗帜 国旗,旗帜 标语 锦旗 国徽 国旗 口号,标语 旗帜 国旗 锦旗 国徽 口号
1099,2,0.45893429532071206,0.11770151335235415,0.0,顿 口吃,口吃 顿,顿 口吃,顿 口吃
1100,4,0.44797321077137936,0.07585006565116284,0.5,窟窿 口子 池子 缺口,缺口 池子 口子 窟窿,池子 口子 缺口 窟窿,窟窿 口子 池子 缺口
1101,1,,0.0,0.0,口径,口径,口径,口径
1102,14,0.5020850773341757,0.1146212268882839,0.14285714285714285,神态 表情 眼神 神气 笑容 模样 语气 样子 口气 笑脸 姿态 架势,口气 容颜 眼色 姿态 架势 样子 语气 笑脸,语气 容颜 模样 姿态 眼神 口气 样子 笑脸 笑容 神态 神气 表情,神态 表情 眼神 神气 笑容 模样 语气 样子 口气 笑脸 姿态 架势 容颜 眼色
1103,12,0.5151189651555372,0.13939629143615687,0.0,眼泪 泪水 泪 淌 鼻涕 汗水 流泪 鲜血 口水 流淌 流血 汗,流淌 汗 鼻涕 流血 口水 淌 流泪 鲜血,流血 流泪 流淌 泪水 汗 泪 淌 眼泪 口水 汗水 鲜血 鼻涕,眼泪 泪水 泪 淌 鼻涕 汗水 流泪 鲜血 口水 流淌 流血 汗
1104,11,0.5219574699308095,0.15985979066529835,0.18181818181818182,沐浴露 肥皂 牙膏 洗衣粉 洗涤剂 香水 牙刷 药水 口香糖 香料 酒精,香料 酒精 药水 口香糖 牙刷 洗涤剂 沐浴露 洗衣粉,沐浴露 牙膏 洗衣粉 肥皂 牙刷 药水 酒精 香料 香水 口香糖 洗涤剂,沐浴露 肥皂 牙膏 洗衣粉 洗涤剂 香水 牙刷 药水 口香糖 香料 酒精
1105,1,,0.0,0.0,古今中外,古今中外,古今中外,古今中外
1106,8,0.44858292188243226,0.04576371707894196,0.25,近代 现代 古代 当代 古典 西方 现代化 朝代,朝代 现代化 古典 当代 西方 古代 现代 近代,古典 古代 现代 现代化 当代 朝代 西方 近代,近代 现代 古代 当代 古典 西方 现代化 朝代
1107,17,0.493031580520212,0.09259700025938665,0.058823529411764705,汉字 词汇 词语 句子 字母 音节 词 繁体字 读音 文字 字 错别字,符号 生词 文字 错别字 字眼 句子 简体字 字体,读音 生词 词汇 字 句子 错别字 汉字 词 简体字 符号 文字 字体,汉字 词汇 词语 句子 字母 音节 词 繁体字 读音 文字 字 错别字 字体 简体字 符号 字眼 生词
1108,3,0.4713937830638415,0.11027750511234075,0.0,只见 指着 赫然,赫然 指着 只见,赫然 只见 指着,只见 指着 赫然
1109,7,0.5132890146630151,0.10879103421366366,0.42857142857142855,绰号 外号 称呼 名字 称号 头衔 叫,头衔 叫 称号 名字 称呼 绰号 外号,叫 头衔 称呼 称号 外号 绰号 名字,绰号 外号 称呼 名字 称号 头衔 叫
1110,14,0.4585128493905235,0.013642700808440966,0.5714285714285714,瓶 罐 瓶子 水壶 袋 箱 壶 吸管 盒 筒 可乐 易拉罐,壶 箱 筒 易拉罐 缸 水壶 可乐 盆,壶 瓶子 箱 筒 缸 罐 瓶 盆 盒 吸管 可乐 袋,瓶 罐 瓶子 水壶 袋 箱 壶 吸管 盒 筒 可乐 易拉罐 缸 盆
1111,3,0.43481769892460115,0.05011868442433573,0.3333333333333333,钻空子 可乘之机 钻,钻 可乘之机 钻空子,可乘之机 钻空子 钻,钻空子 可乘之机 钻
1112,10,0.5180538896344673,0.15448632787208133,0.1,能够 能 难以 可以 无法 才能 能否 得以 足以 有望,有望 可以 难以 无法 足以 才能 能否 得以,得以 无法 有望 可以 能够 能否 足以 能 才能 难以,能够 能 难以 可以 无法 才能 能否 得以 足以 有望
1113,3,0.47668118014764477,0.08801808392813186,0.0,显而易见 可想而知 可见,可想而知 可见 显而易见,可想而知 显而易见 可见,显而易见 可想而知 可见
1114,3,0.5006387078872107,0.17983056782849746,0.0,嫌疑 疑点 可疑,疑点 可疑 嫌疑,嫌疑 可疑 疑点,嫌疑 疑点 可疑
1115,9,0.4914801064833687,0.0653922254616147,0.3333333333333333,恰当 合理 妥当 合适 正确 合情合理 明智 可行 得当,合情合理 得当 明智 合适 妥当 恰当 可行 正确,妥当 正确 得当 恰当 明智 合适 合情合理 可行 合理,恰当 合理 妥当 合适 正确 合情合理 明智 可行 得当
1116,5,0.44139604575199815,0.01453605950101973,0.4,巨大 可观 长足 显著 庞大,显著 庞大 长足 可观 巨大,显著 长足 庞大 巨大 可观,巨大 可观 长足 显著 庞大
1117,6,0.5677035866834307,0.24052629522432997,0.0,珍贵 珍惜 珍视 宝贵 可贵 珍重,珍贵 宝贵 珍重 珍惜 可贵 珍视,珍视 珍贵 珍重 宝贵 珍惜 可贵,珍贵 珍惜 珍视 宝贵 可贵 珍重
1118,3,0.44047109532897516,0.043924295916428345,0.0,台 套 部,套 部 台,台 套 部,台 套 部
1119,2,0.49369414773433573,0.17750421873549166,0.0,台阶 阶梯,台阶 阶梯,台阶 阶梯,台阶 阶梯
1120,2,0.9333816871768907,0.9008614202658657,0.0,右 左,右 左,右 左,右 左
1121,27,0.5115195724756523,0.07732876748908045,0.2962962962962963,柳树 松树 树木 柏树 桃树 槐树 棵 杨树 树枝 树叶 树梢 树林,植物 翠绿 栽 果树 茎 枝 草坪 奇花异草,树荫 叶子 树木 树林 树枝 树梢 桃树 枝 树 栽 株 棵,柳树 松树 树木 柏树 桃树 槐树 棵 杨树 树枝 树叶 树梢 树林 茂密 果树 树 叶子 竹子 株 树荫 翠绿 茂盛 草坪 枝 奇花异草 茎 植物 栽
1122,9,0.4495359512409731,0.023595781186071838,0.4444444444444444,声称 宣称 承认 否认 自称 标榜 证实 重申 号称,标榜 号称 证实 重申 承认 自称 否认 宣称,标榜 重申 否认 宣称 证实 承认 自称 声称 号称,声称 宣称 承认 否认 自称 标榜 证实 重申 号称
1123,3,0.4908451056803787,0.11262614694408357,0.0,比比皆是 随处可见 司空见惯,随处可见 司空见惯 比比皆是,比比皆是 随处可见 司空见惯,比比皆是 随处可见 司空见惯
1124,5,0.5531125854478199,0.23758416224714946,0.2,赶不上 跟不上 跟上 赶上 吃不上,吃不上 赶上 跟上 跟不上 赶不上,赶不上 跟上 赶上 跟不上 吃不上,赶不上 跟不上 跟上 赶上 吃不上
1125,2,0.469871948716412,0.061781100859072305,0.0,购物 吃喝玩乐,吃喝玩乐 购物,吃喝玩乐 购物,购物 吃喝玩乐
1126,4,0.4713102121117681,0.09715768392981922,0.25,各自 各 各个 自身,自身 各个 各自 各,各 自身 各自 各个,各自 各 各个 自身
1127,6,0.4762090566781799,0.11265749976011714,0.0,各位 诸位 请 敬请 您 欢迎,欢迎 您 各位 请 诸位 敬请,您 欢迎 请 诸位 各位 敬请,各位 诸位 请 敬请 您 欢迎
1128,5,0.4665898359491251,0.1019203365056782,0.0,当地 各地 地区 本地 地方,地区 地方 本地 各地 当地,本地 当地 地区 地方 各地,当地 各地 地区 本地 地方
1129,2,0.4698978980860199,0.13193237458920748,0.0,各奔前程 思前想后,各奔前程 思前想后,思前想后 各奔前程,各奔前程 思前想后
1130,1,,0.0,0.0,合,合,合,合
1131,6,0.5203412797252143,0.15559544518302115,0.0,违背 符合 违反 合乎 遵守 顺应,顺应 遵守 违反 合乎 符合 违背,顺应 合乎 符合 遵守 违背 违反,违背 符合 违反 合乎 遵守 顺应
1132,7,0.4518666281892233,0.04698047759409829,0.42857142857142855,并购 重组 收购 整合 合并 资产 投资,投资 资产 整合 收购 合并 重组 并购,投资 重组 资产 收购 并购 合并 整合,并购 重组 收购 整合 合并 资产 投资
1133,3,0.5315089088122289,0.21312732835743442,0.0,留念 合影 签名,签名 留念 合影,签名 合影 留念,留念 合影 签名
1134,2,0.544106006583097,0.26692345707709664,0.0,合格 达标,达标 合格,合格 达标,合格 达标
1135,3,0.5239820337522608,0.1915667159838208,0.0,外资 外企 合资,外企 合资 外资,合资 外资 外企,外资 外企 合资
1136,2,0.48406133225279113,0.1904518608902868,0.0,吉利 标致,吉利 标致,标致 吉利,吉利 标致
1137,4,0.534387030389298,0.10047687096405337,0.25,寓意 象征 吉祥 吉祥物,吉祥 吉祥物 象征 寓意,寓意 象征 吉祥物 吉祥,寓意 象征 吉祥 吉祥物
1138,14,0.44703487483852533,-0.0020937047889902694,0.42857142857142855,绑 缠 拴 钉 绷 吊 裹 挂 捆 夹 绞 扎,罩 悬 扎 绷 绞 吊 钉 捆,吊 夹 缠 罩 绑 绞 绷 扎 拴 捆 挂 悬,绑 缠 拴 钉 绷 吊 裹 挂 捆 夹 绞 扎 罩 悬
1139,10,0.4690648964158593,0.06548086645552101,0.1,执照 许可证 证书 许可 吊销 颁发 牌照 驾照 认证 通行证,颁发 通行证 认证 吊销 驾照 牌照 证书 许可,颁发 吊销 许可 执照 许可证 牌照 通行证 证书 认证 驾照,执照 许可证 证书 许可 吊销 颁发 牌照 驾照 认证 通行证
1140,2,0.459518590115747,0.1328666938007811,0.0,同一 某,同一 某,某 同一,同一 某
1141,1,,0.0,0.0,同人,同人,同人,同人
1142,2,0.486943898208797,0.13280029578335856,0.0,届时 同时,同时 届时,届时 同时,届时 同时
1143,3,0.43744364223020776,0.04833615188338412,0.3333333333333333,较 相对 同期,同期 相对 较,同期 相对 较,较 相对 同期
1144,1,,0.0,0.0,同步,同步,同步,同步
1145,4,0.47863626265721454,0.09709693905555795,0.25,相等 同等 平等 等于,平等 等于 相等 同等,平等 等于 同等 相等,相等 同等 平等 等于
1146,2,0.4666955873998704,0.14335862769604676,0.0,同类 同行,同行 同类,同类 同行,同类 同行
1147,1,,0.0,0.0,名义,名义,名义,名义
1148,2,0.6080215605526769,0.3517207046997126,0.0,金钱 名利,名利 金钱,金钱 名利,金钱 名利
1149,1,,0.0,0.0,名片,名片,名片,名片
1150,4,0.4929148111927062,0.05446916850202111,0.0,野生 名贵 药材 特产,名贵 特产 野生 药材,名贵 药材 野生 特产,野生 名贵 药材 特产
1151,4,0.45446742704879495,0.046686505360376995,0.25,补给 物资 后勤 运送,运送 后勤 物资 补给,补给 后勤 运送 物资,补给 物资 后勤 运送
1152,2,0.46239139557770836,0.1180794401140253,0.0,明日 后天,明日 后天,明日 后天,明日 后天
1153,2,0.497048126567569,0.16486999294792204,0.0,支柱 后盾,支柱 后盾,后盾 支柱,支柱 后盾
1154,9,0.5070684883311183,0.14823340554130782,0.1111111111111111,退让 退缩 后退 退却 妥协 让步 畏缩 屈服 退,退 屈服 畏缩 退却 让步 妥协 后退 退缩,妥协 屈服 退 退却 畏缩 退缩 让步 退让 后退,退让 退缩 后退 退却 妥协 让步 畏缩 屈服 退
1155,8,0.5284256032620787,0.1212803009429735,0.125,疑虑 顾虑 担忧 忧虑 疑问 怀疑 犹豫 后顾之忧,犹豫 后顾之忧 怀疑 疑问 忧虑 担忧 顾虑 疑虑,犹豫 后顾之忧 忧虑 怀疑 顾虑 担忧 疑问 疑虑,疑虑 顾虑 担忧 忧虑 疑问 怀疑 犹豫 后顾之忧
1156,10,0.48589673321522475,0.05225192431978324,0.1,洒 撒 泼 沾 涂 溅 抹 喷 掺 吐,吐 涂 掺 抹 溅 洒 喷 撒,吐 喷 撒 抹 掺 溅 泼 沾 洒 涂,洒 撒 泼 沾 涂 溅 抹 喷 掺 吐
1157,7,0.5262043394975681,0.1527791116299861,0.0,朝着 向着 沿着 顺着 往 向前 朝,向前 沿着 顺着 朝 往 向着 朝着,往 顺着 朝 向着 向前 沿着 朝着,朝着 向着 沿着 顺着 往 向前 朝
1158,6,0.452419090186048,0.03565107794949737,0.16666666666666666,吓 晕 呛 轰 昏 吼,吓 轰 吼 昏 晕 呛,吼 吓 呛 晕 昏 轰,吓 晕 呛 轰 昏 吼
1159,1,,0.0,0.0,君子,君子,君子,君子
1160,1,,0.0,0.0,吞,吞,吞,吞
1161,7,0.5028654148685896,0.047494570609431505,0.2857142857142857,涵义 定义 含义 界定 范畴 概念 本质,本质 范畴 界定 概念 含义 定义 涵义,概念 界定 定义 涵义 本质 范畴 含义,涵义 定义 含义 界定 范畴 概念 本质
1162,11,0.5017928049619292,0.09628479731490379,0.18181818181818182,蛋白质 脂肪 钙 富含 含量 膳食 营养 热量 维生素 纤维 水分,纤维 富含 水分 膳食 营养 热量 维生素 含量,脂肪 含量 营养 维生素 钙 水分 热量 富含 膳食 蛋白质 纤维,蛋白质 脂肪 钙 富含 含量 膳食 营养 热量 维生素 纤维 水分
1163,2,0.49602215550937734,0.11866313923450493,0.0,闻 听,听 闻,听 闻,闻 听
1164,4,0.5343825480635364,0.2220169942439797,0.25,顺从 听从 服从 附和,附和 服从 顺从 听从,顺从 附和 听从 服从,顺从 听从 服从 附和
1165,11,0.5162429310265586,0.12722314472594926,0.09090909090909091,影迷 观众 歌迷 球迷 听众 粉丝 网民 读者 网友 股民 迷,股民 读者 迷 网民 粉丝 听众 观众 网友,网友 网民 读者 股民 球迷 听众 迷 观众 影迷 歌迷 粉丝,影迷 观众 歌迷 球迷 听众 粉丝 网民 读者 网友 股民 迷
1166,22,0.4891795681572497,0.0021567325283625327,0.5,看见 见到 看到 听见 想到 碰见 听到 见过 遇见 想起 认得 听说,遇见 碰见 认得 没想到 听到 望见 想不到 记得,看到 碰见 想不到 梦见 想到 听到 料到 见 没想到 望见 记得 见到,看见 见到 看到 听见 想到 碰见 听到 见过 遇见 想起 认得 听说 知道 晓得 认出 料到 梦见 望见 想不到 记得 没想到 见
1167,6,0.4972502074149492,0.036045266671319035,0.3333333333333333,实地 考察 察看 观摩 听取 座谈,听取 座谈 观摩 实地 考察 察看,实地 座谈 察看 考察 观摩 听取,实地 考察 察看 观摩 听取 座谈
1168,4,0.5283780951319388,0.19724435737700177,0.0,告示 张贴 启事 海报,海报 启事 告示 张贴,启事 海报 张贴 告示,告示 张贴 启事 海报
1169,3,0.4199515913658674,-0.016760184621987886,0.6666666666666666,启动 正式 开机,正式 开机 启动,启动 开机 正式,启动 正式 开机
1170,2,0.4536447329347948,0.07742368653489834,0.0,吸 抽,抽 吸,吸 抽,吸 抽
1171,3,0.43176399412157807,0.022695152588547873,0.3333333333333333,吸收 吸取 消化,消化 吸取 吸收,吸取 吸收 消化,吸收 吸取 消化
1172,6,0.5076660030090605,0.03558248369005191,0.3333333333333333,唤起 激起 激发 打动 触动 吸引,激发 吸引 触动 激起 打动 唤起,触动 激发 唤起 吸引 激起 打动,唤起 激起 激发 打动 触动 吸引
1173,5,0.4565340515056103,0.06594299819041435,0.2,接纳 接收 吸纳 容纳 接受,吸纳 接收 接受 容纳 接纳,吸纳 容纳 接受 接收 接纳,接纳 接收 吸纳 容纳 接受
1174,3,0.4288918971177567,-0.006044832395795774,0.6666666666666666,飘 漫 吹,吹 漫 飘,吹 漫 飘,飘 漫 吹
1175,8,0.4640499194333182,-0.02116983375878153,0.5,相连 息息相关 密不可分 相通 相辅相成 紧密 吻合 结合,结合 息息相关 紧密 相辅相成 密不可分 相连 吻合 相通,紧密 息息相关 相通 相连 相辅相成 密不可分 结合 吻合,相连 息息相关 密不可分 相通 相辅相成 紧密 吻合 结合
1176,1,,0.0,0.0,告,告,告,告
1177,4,0.5394259415034639,0.2101911900057121,0.0,通知 通告 通知书 告知,告知 通告 通知书 通知,通告 通知书 告知 通知,通知 通告 通知书 告知
1178,2,0.4530983436441083,0.0483515321210616,0.0,成员 员,成员 员,员 成员,成员 员
1179,2,0.5095481308703707,0.21438541245470472,0.0,本 周,周 本,周 本,本 周
1180,8,0.5566693998985716,0.23061136788698797,0.125,纪念 纪念日 庆祝 周年 诞辰 庆贺 缅怀 生日,缅怀 生日 庆贺 诞辰 庆祝 周年 纪念 纪念日,周年 诞辰 庆祝 生日 缅怀 纪念日 庆贺 纪念,纪念 纪念日 庆祝 周年 诞辰 庆贺 缅怀 生日
1181,1,,0.0,0.0,周期,周期,周期,周期
1182,12,0.5232148151603867,0.11785404491222325,0.16666666666666666,香味 味道 味儿 腥 醇厚 气味 滋味 香 芬芳 脆 嚼 咸,嚼 脆 咸 香 醇厚 芬芳 腥 滋味,气味 咸 嚼 醇厚 香味 香 腥 脆 芬芳 味儿 味道 滋味,香味 味道 味儿 腥 醇厚 气味 滋味 香 芬芳 脆 嚼 咸
1183,4,0.47856942357244886,0.09885716131300998,0.25,味精 盐 淀粉 酸,酸 淀粉 味精 盐,淀粉 盐 酸 味精,味精 盐 淀粉 酸
1184,15,0.4787669629378541,0.09496518570349549,0.2,期盼 盼望 期望 渴望 希望 期待 愿望 盼 奢望 指望 心愿 呼唤,心愿 呼唤 指望 愿望 寄托 呼声 望 期待,希望 盼望 寄托 渴望 心愿 盼 望 期待 期望 期盼 呼唤 呼声,期盼 盼望 期望 渴望 希望 期待 愿望 盼 奢望 指望 心愿 呼唤 寄托 呼声 望
1185,2,0.484092874860508,0.14955534934609854,0.0,呼应 配合,呼应 配合,呼应 配合,呼应 配合
1186,1,,0.0,0.0,呼风唤雨,呼风唤雨,呼风唤雨,呼风唤雨
1187,4,0.5360445875109524,0.1757857778504489,0.0,性命 命 生命 生死,生死 生命 命 性命,命 生死 生命 性命,性命 命 生命 生死
1188,4,0.41657703005708235,0.0006853810749348757,0.25,缓和 和解 和平共处 收敛,收敛 缓和 和平共处 和解,收敛 和平共处 和解 缓和,缓和 和解 和平共处 收敛
1189,2,0.48326638221488616,0.08046090501945818,0.0,温和 和气,温和 和气,和气 温和,温和 和气
1190,7,0.4909166789184838,0.09703968911347961,0.2857142857142857,和睦 和谐 融洽 祥和 美满 温馨 团结,团结 温馨 美满 祥和 融洽 和睦 和谐,和谐 美满 和睦 团结 温馨 融洽 祥和,和睦 和谐 融洽 祥和 美满 温馨 团结
1191,2,0.46562961215607745,0.09634932497055906,0.0,咨询 服务,服务 咨询,服务 咨询,咨询 服务
1192,2,0.45241086090435967,0.045391097287015236,0.0,要害 咽喉,要害 咽喉,咽喉 要害,要害 咽喉
1193,1,,0.0,0.0,品,品,品,品
1194,4,0.4244312429654125,0.05314378442345731,0.5,品质 质量 品位 安全,安全 品位 品质 质量,品位 质量 安全 品质,品质 质量 品位 安全
1195,6,0.5025245033367007,0.15832670844611682,0.0,观赏 欣赏 观看 品尝 鉴赏 赏,品尝 赏 观看 鉴赏 欣赏 观赏,品尝 鉴赏 观看 赏 欣赏 观赏,观赏 欣赏 观看 品尝 鉴赏 赏
1196,2,0.4937438975830004,0.13351214657381386,0.0,品牌 老字号,老字号 品牌,老字号 品牌,品牌 老字号
1197,2,0.47853158746025704,0.08221929704221029,0.0,宠 哄,宠 哄,哄 宠,宠 哄
1198,4,0.46100615102246906,0.0977524972400132,0.25,哗然 哄堂大笑 鸦雀无声 议,议 鸦雀无声 哄堂大笑 哗然,哄堂大笑 哗然 鸦雀无声 议,哗然 哄堂大笑 鸦雀无声 议
1199,3,0.379276801214757,-0.028221968738496746,0.6666666666666666,应急 响应 备用,响应 备用 应急,响应 备用 应急,应急 响应 备用
1200,4,0.469035662620366,0.05965634047660272,0.25,孕育 萌发 萌芽 哺育,哺育 萌发 萌芽 孕育,萌发 哺育 孕育 萌芽,孕育 萌发 萌芽 哺育
1201,6,0.5317188530623356,0.15603524016182804,0.0,门票 售票 票价 退票 机票 票,票 售票 机票 退票 门票 票价,票 退票 票价 售票 门票 机票,门票 售票 票价 退票 机票 票
1202,6,0.4780687199410901,0.0834899185334977,0.16666666666666666,商贩 小贩 商人 商贾 售货员 清洁工,清洁工 售货员 商贾 商人 小贩 商贩,商人 清洁工 小贩 售货员 商贾 商贩,商贩 小贩 商人 商贾 售货员 清洁工
1203,2,0.5159226479166918,0.21050112863181245,0.0,唯独 唯,唯独 唯,唯 唯独,唯独 唯
1204,5,0.5419348825890123,0.16111972862913534,0.0,粪便 尿 粪 唾液 血,血 唾液 粪 尿 粪便,尿 粪 血 唾液 粪便,粪便 尿 粪 唾液 血
1205,2,0.5144255239607871,0.17668269338874593,0.0,大宗 商品,商品 大宗,商品 大宗,大宗 商品
1206,8,0.5297276090652123,0.17335662990445813,0.125,酒 葡萄酒 白酒 啤酒 酒水 酿造 茅台 酒鬼,酿造 酒 酒鬼 酒水 葡萄酒 啤酒 茅台 白酒,酿造 酒水 酒 葡萄酒 啤酒 酒鬼 茅台 白酒,酒 葡萄酒 白酒 啤酒 酒水 酿造 茅台 酒鬼
1207,1,,0.0,0.0,啦啦队,啦啦队,啦啦队,啦啦队
1208,4,0.4530641777390609,0.06902042421908003,0.0,巧 妙 善 识,妙 识 善 巧,善 妙 巧 识,巧 妙 善 识
1209,13,0.4759593285902703,0.09596716986405779,0.15384615384615385,录音机 音响 收音机 电铃 喇叭 铃声 闹钟 门铃 耳机 音量 话筒 铃,手表 铃 门铃 铃声 耳机 闹钟 录音机 话筒,录音机 喇叭 门铃 耳机 闹钟 音响 铃 铃声 话筒 电铃 音量 收音机,录音机 音响 收音机 电铃 喇叭 铃声 闹钟 门铃 耳机 音量 话筒 铃 手表
1210,1,,0.0,0.0,喘息,喘息,喘息,喘息
1211,7,0.45237526838449216,0.04588503281856564,0.14285714285714285,联欢 喜庆 欢声笑语 张灯结彩 欢聚 团聚 喜洋洋,团聚 喜洋洋 欢声笑语 喜庆 张灯结彩 联欢 欢聚,联欢 张灯结彩 欢声笑语 欢聚 喜庆 喜洋洋 团聚,联欢 喜庆 欢声笑语 张灯结彩 欢聚 团聚 喜洋洋
1212,19,0.46872035364482234,0.04105746267575702,0.42105263157894735,快乐 愉快 开心 快活 欢快 悠闲 无忧无虑 痛快 欢乐 自在 自由自在 怡然自得,心安理得 甜蜜 欢乐 轻松 悠闲 爽快 幸福 痛快,欢快 爽快 悠闲 欢乐 幸福 快活 痛快 开心 快乐 甜蜜 无忧无虑 轻松,快乐 愉快 开心 快活 欢快 悠闲 无忧无虑 痛快 欢乐 自在 自由自在 怡然自得 幸福 甜蜜 轻松 喜悦 美滋滋 爽快 心安理得
1213,9,0.5181517613521459,0.12282726313613163,0.1111111111111111,礼品 礼物 送礼 请柬 贺卡 喜糖 请帖 红包 礼,送礼 礼 请柬 红包 贺卡 礼物 请帖 喜糖,礼 请帖 送礼 请柬 红包 礼物 礼品 贺卡 喜糖,礼品 礼物 送礼 请柬 贺卡 喜糖 请帖 红包 礼
1214,7,0.5319887150780426,0.16244923509962222,0.0,喧闹 熙熙攘攘 热闹 喧哗 拥挤 繁华 川流不息,川流不息 热闹 繁华 拥挤 喧哗 熙熙攘攘 喧闹,熙熙攘攘 川流不息 繁华 拥挤 喧闹 喧哗 热闹,喧闹 熙熙攘攘 热闹 喧哗 拥挤 繁华 川流不息
1215,7,0.4870763403694139,0.0854267759362227,0.42857142857142855,嗅觉 敏锐 灵敏 触觉 敏感 捕捉 视觉,视觉 触觉 捕捉 灵敏 敏感 敏锐 嗅觉,嗅觉 触觉 灵敏 视觉 捕捉 敏感 敏锐,嗅觉 敏锐 灵敏 触觉 敏感 捕捉 视觉
1216,3,0.5820268113857822,0.2883150219599632,0.0,狂欢节 狂欢 嘉年华,嘉年华 狂欢 狂欢节,嘉年华 狂欢节 狂欢,狂欢节 狂欢 嘉年华
1217,8,0.49240311178926344,0.11048869112101033,0.125,用品 文具 玩具 家具 器材 物品 工艺品 器械,工艺品 物品 器械 器材 玩具 家具 文具 用品,物品 工艺品 用品 玩具 器材 器械 家具 文具,用品 文具 玩具 家具 器材 物品 工艺品 器械
1218,7,0.48839787864032064,0.09317729842619686,0.2857142857142857,排放 污染 尾气 噪声 噪音 超标 大气,超标 大气 噪音 尾气 污染 噪声 排放,超标 污染 噪声 尾气 噪音 大气 排放,排放 污染 尾气 噪声 噪音 超标 大气
1219,3,0.47525545757498966,0.13003522220619246,0.0,四处 处处 遍地,遍地 处处 四处,四处 遍地 处处,四处 处处 遍地
1220,3,0.43248118563718424,0.06914784381573995,0.0,四面八方 远方 扑面而来,扑面而来 远方 四面八方,扑面而来 远方 四面八方,四面八方 远方 扑面而来
1221,4,0.4344205790809223,0.007489471867539288,0.5,趟 往返 直达 回,回 往返 直达 趟,回 直达 趟 往返,趟 往返 直达 回
1222,9,0.4896015680967538,0.09513662063405669,0.2222222222222222,回忆 回想 回味 往事 难忘 记忆 回首 记忆犹新 回顾,回顾 记忆犹新 难忘 回首 回味 记忆 往事 回想,往事 回首 回顾 回忆 回味 记忆 回想 记忆犹新 难忘,回忆 回想 回味 往事 难忘 记忆 回首 记忆犹新 回顾
1223,8,0.53380774558512,0.17241318667077823,0.125,回答 答复 回复 解答 答案 提问 回应 答,答 解答 回应 提问 答案 回复 答复 回答,答 解答 答案 答复 回应 回复 回答 提问,回答 答复 回复 解答 答案 提问 回应 答
1224,3,0.4964261745103848,0.1837764904629283,0.0,重返 回归 重新,重新 回归 重返,重新 回归 重返,重返 回归 重新
1225,4,0.49804657872824576,0.15700478937586143,0.0,日记 笔记 回忆录 记,记 回忆录 笔记 日记,笔记 回忆录 记 日记,日记 笔记 回忆录 记
1226,3,0.5408580403984843,0.20498212628946358,0.0,回报 回馈 报答,报答 回馈 回报,回馈 报答 回报,回报 回馈 报答
1227,6,0.4973763814629011,0.09378870437098556,0.3333333333333333,废物 废品 垃圾 废 回收 报废,回收 垃圾 报废 废 废物 废品,废 废物 废品 报废 回收 垃圾,废物 废品 垃圾 废 回收 报废
1228,1,,0.0,0.0,回避,回避,回避,回避
1229,1,,0.0,0.0,因,因,因,因
1230,3,0.5671693304593847,0.20210718528463487,0.0,考量 考虑 因素,因素 考量 考虑,因素 考虑 考量,考量 考虑 因素
1231,2,0.45776684339527907,0.054723840728885136,0.5,团员 团,团员 团,团 团员,团员 团
1232,3,0.5099821610164711,0.16320095939055418,0.0,团体 社团 组织,组织 社团 团体,组织 团体 社团,团体 社团 组织
1233,3,0.46455837522017757,0.11924616235419226,0.0,队伍 团队 支,支 团队 队伍,支 队伍 团队,队伍 团队 支
1234,1,,0.0,0.0,园地,园地,园地,园地
1235,6,0.4583122728222975,0.04347795524834411,0.3333333333333333,园林 绿化 景观 绿地 生态 水利,绿化 水利 生态 绿地 景观 园林,绿地 绿化 园林 生态 水利 景观,园林 绿化 景观 绿地 生态 水利
1236,4,0.4820999495862565,0.11529373658630664,0.0,困 累 饿 懒,懒 困 饿 累,困 累 懒 饿,困 累 饿 懒
1237,13,0.4678359223707643,0.05981679416711519,0.3076923076923077,难题 难点 困难 难关 瓶颈 困境 问题 障碍 困扰 难处 症结 挑战,症结 难度 困扰 困境 难处 挑战 难关 问题,挑战 困扰 困境 障碍 困难 症结 问题 瓶颈 难题 难关 难处 难度,难题 难点 困难 难关 瓶颈 困境 问题 障碍 困扰 难处 症结 挑战 难度
1238,1,,0.0,0.0,围,围,围,围
1239,6,0.5032740371014531,0.11679623421382902,0.0,围墙 墙 城墙 砖 屋顶 烟囱,城墙 砖 烟囱 屋顶 墙 围墙,墙 烟囱 砖 城墙 围墙 屋顶,围墙 墙 城墙 砖 屋顶 烟囱
1240,1,,0.0,0.0,固定,固定,固定,固定
1241,2,0.4731348910554185,0.08969268249204536,0.0,国 邻国,邻国 国,国 邻国,国 邻国
1242,3,0.47689392412106013,0.11215856846482512,0.3333333333333333,土地 国土 开垦,开垦 国土 土地,开垦 国土 土地,土地 国土 开垦
1243,1,,0.0,0.0,国家,国家,国家,国家
1244,1,,0.0,0.0,国情,国情,国情,国情
1245,4,0.4810607683474113,0.15308028105261454,0.0,私有 私营 私人 国有,国有 私营 私人 私有,私营 国有 私有 私人,私有 私营 私人 国有
1246,5,0.44525380598000436,0.037078645444054106,0.6,性别 国籍 姓名 身份 种族,身份 种族 姓名 国籍 性别,种族 国籍 姓名 性别 身份,性别 国籍 姓名 身份 种族
1247,3,0.592204062644459,0.34944230301726864,0.0,图 图片 图表,图表 图片 图,图 图片 图表,图 图片 图表
1248,2,0.4767815831248371,0.09123791676767787,0.0,邮局 图书馆,图书馆 邮局,图书馆 邮局,邮局 图书馆
1249,17,0.4865031782376645,0.06542554064558262,0.29411764705882354,相机 摄像 拍照 镜头 拍摄 照片 摄像机 相片 照相 摄影 影像 胶片,照 拍摄 拍 图像 照片 焦距 相片 拍照,拍照 图像 拍摄 摄影师 摄像机 摄像 摄影 照 拍 照片 照相 胶片,相机 摄像 拍照 镜头 拍摄 照片 摄像机 相片 照相 摄影 影像 胶片 拍 摄影师 图像 焦距 照
1250,2,0.5078499780018411,0.11329120101672288,0.0,图纸 蓝图,蓝图 图纸,图纸 蓝图,图纸 蓝图
1251,4,0.500776645760396,0.1796300640784903,0.0,顺利 成功 圆满 如愿以偿,如愿以偿 圆满 成功 顺利,顺利 成功 如愿以偿 圆满,顺利 成功 圆满 如愿以偿
1252,9,0.5024062777049986,0.15505643875294123,0.0,圆珠笔 钢笔 铅笔 毛笔 墨水 橡皮 字迹 纸 笔,字迹 笔 橡皮 纸 墨水 毛笔 铅笔 圆珠笔,铅笔 笔 纸 墨水 圆珠笔 毛笔 钢笔 橡皮 字迹,圆珠笔 钢笔 铅笔 毛笔 墨水 橡皮 字迹 纸 笔
1253,3,0.47970121470300847,0.11809965035229399,0.0,圈 圈子 界,界 圈子 圈,圈 界 圈子,圈 圈子 界
1254,6,0.5084194774492786,0.13473433602448812,0.0,引诱 诱饵 迷惑 圈套 诱惑 陷阱,陷阱 诱惑 迷惑 圈套 引诱 诱饵,诱惑 引诱 圈套 迷惑 诱饵 陷阱,引诱 诱饵 迷惑 圈套 诱惑 陷阱
1255,2,0.4958053781173939,0.1746663784007702,0.0,土 杂,土 杂,土 杂,土 杂
1256,2,0.5330395418609759,0.23215917226046554,0.0,在于 莫过于,莫过于 在于,在于 莫过于,在于 莫过于
1257,1,,0.0,0.0,在线,在线,在线,在线
1258,1,,0.0,0.0,地,地,地,地
1259,4,0.4985060609261849,0.08741929924784607,0.25,地上 地面 地下 空地,空地 地下 地面 地上,空地 地面 地上 地下,地上 地面 地下 空地
1260,9,0.5250104718147823,0.1350870267504033,0.0,饮用水 水源 自来水 饮水 纯净水 地下水 水 矿泉水 污水,自来水 污水 矿泉水 水 饮水 纯净水 地下水 饮用水,纯净水 矿泉水 污水 水 饮用水 地下水 水源 自来水 饮水,饮用水 水源 自来水 饮水 纯净水 地下水 水 矿泉水 污水
1261,1,,0.0,0.0,地位,地位,地位,地位
1262,4,0.48380418157526695,0.12170388322090651,0.25,姓氏 姓 地名 血缘,血缘 地名 姓 姓氏,姓 地名 姓氏 血缘,姓氏 姓 地名 血缘
1263,3,0.47530039097295945,0.11003398275772747,0.0,导航 地图 指南针,地图 指南针 导航,地图 导航 指南针,导航 地图 指南针
1264,6,0.433768040654016,0.04020725349599478,0.5,地理 地质 地形 天文 气象 地域,地域 气象 天文 地质 地形 地理,地质 地域 地形 地理 天文 气象,地理 地质 地形 天文 气象 地域
1265,2,0.4776169253445166,0.09703079574619426,0.0,地步 境界,地步 境界,地步 境界,地步 境界
1266,3,0.4576613260922167,0.10864118373590843,0.0,场 次 轮,场 轮 次,场 次 轮,场 次 轮
1267,7,0.4806467604673637,0.08911043359739448,0.2857142857142857,场面 情景 画面 场景 景象 情节 细节,景象 细节 情节 画面 场景 情景 场面,情节 细节 场面 画面 景象 场景 情景,场面 情景 画面 场景 景象 情节 细节
1268,2,0.5492828030259891,0.1972426494895597,0.0,均匀 均衡,均衡 均匀,均匀 均衡,均匀 均衡
1269,5,0.47810724269664207,0.06050140320557612,0.2,烂 糟 坏 糟糕 脏,脏 糟糕 坏 糟 烂,坏 糟 烂 脏 糟糕,烂 糟 坏 糟糕 脏
1270,4,0.5430725687033862,0.15359557416864378,0.25,耸立 屹立 坐落 鹤立鸡群,鹤立鸡群 坐落 耸立 屹立,坐落 屹立 耸立 鹤立鸡群,耸立 屹立 坐落 鹤立鸡群
1271,2,0.45084624980314714,0.10403520556302327,0.0,坑 槽,槽 坑,坑 槽,坑 槽
1272,5,0.4755979170260149,0.0704428595507348,0.0,坚定 坚决 强硬 顽固 坚强,坚强 强硬 坚决 顽固 坚定,坚决 坚定 坚强 强硬 顽固,坚定 坚决 强硬 顽固 坚强
1273,10,0.4846176687324007,0.06374695161470242,0.3,坚实 牢固 稳固 根基 基础 坚固 扎实 深厚 牢 奠定,坚固 深厚 奠定 根基 稳固 牢 扎实 基础,稳固 基础 坚固 坚实 牢 奠定 根基 深厚 扎实 牢固,坚实 牢固 稳固 根基 基础 坚固 扎实 深厚 牢 奠定
1274,3,0.5201005173629629,0.16427360709068697,0.0,坚持 坚守 持之以恒,持之以恒 坚守 坚持,坚守 持之以恒 坚持,坚持 坚守 持之以恒
1275,1,,0.0,0.0,坛,坛,坛,坛
1276,12,0.49004740623703663,0.024443115270349192,0.3333333333333333,河 坝 堤 水库 堤坝 河流 湖 沟 桥 运河 池塘 闸,桥 闸 沟 湖 池塘 堤 河 河流,运河 坝 堤 湖 沟 河 河流 桥 堤坝 池塘 闸 水库,河 坝 堤 水库 堤坝 河流 湖 沟 桥 运河 池塘 闸
1277,3,0.47218382058958497,-0.01477609609140279,0.3333333333333333,坠 垂 钩,坠 钩 垂,坠 垂 钩,坠 垂 钩
1278,2,0.5416128090976602,0.20091194393821335,0.0,陡 坡,坡 陡,坡 陡,陡 坡
1279,11,0.49552008358984784,0.04867928911209396,0.18181818181818182,子弹 枪 炸弹 炮 手枪 炸药 火药 导弹 弹 武器 坦克,炸弹 炸药 坦克 导弹 炮 枪 火药 弹,子弹 弹 坦克 炮 枪 武器 火药 炸药 导弹 炸弹 手枪,子弹 枪 炸弹 炮 手枪 炸药 火药 导弹 弹 武器 坦克
1280,4,0.5305528728245638,0.10469777386288542,0.25,认错 道歉 坦白 表白,坦白 表白 认错 道歉,坦白 认错 表白 道歉,认错 道歉 坦白 表白
1281,3,0.4366400381853153,0.027246412386445762,0.6666666666666666,垄断 暴利 滥用,暴利 滥用 垄断,暴利 垄断 滥用,垄断 暴利 滥用
1282,3,0.42318380685292545,0.033827874617790674,0.6666666666666666,式 新式 型,新式 型 式,型 式 新式,式 新式 型
1283,2,0.47372649285936586,0.08133584846676668,0.0,盖 垫,垫 盖,垫 盖,盖 垫
1284,4,0.4446363134385278,0.045067304983532806,0.25,淹 塌 垮 灌,灌 垮 塌 淹,垮 塌 灌 淹,淹 塌 垮 灌
1285,3,0.584155478117849,0.2904400527800741,0.0,埋藏 埋 藏,藏 埋 埋藏,埋 埋藏 藏,埋藏 埋 藏
1286,14,0.46300979194432784,-0.017187735654957466,0.5714285714285714,躲藏 躲 躲避 藏身 藏匿 隐蔽 逃 隐藏 避 逃避 脱身 隐身,隐藏 逃避 避 隐身 脱身 逃 埋伏 藏匿,逃避 脱身 埋伏 逃 避 躲 躲避 躲藏 藏身 藏匿 避难 隐身,躲藏 躲 躲避 藏身 藏匿 隐蔽 逃 隐藏 避 逃避 脱身 隐身 避难 埋伏
1287,1,,0.0,0.0,城,城,城,城
1288,8,0.5000037599380744,0.01458218725814843,0.375,鉴于 对于 由于 基于 得益于 随着 针对 纵观,由于 随着 纵观 针对 得益于 对于 基于 鉴于,基于 对于 得益于 纵观 由于 随着 鉴于 针对,鉴于 对于 由于 基于 得益于 随着 针对 纵观
1289,1,,0.0,0.0,基准,基准,基准,基准
1290,3,0.45088354403104697,0.05359749411153861,0.3333333333333333,示范 试点 基地,基地 试点 示范,示范 试点 基地,示范 试点 基地
1291,1,,0.0,0.0,基层,基层,基层,基层
1292,10,0.5179737779446636,0.1623568897923405,0.2,大概 大致 大体上 大体 基本上 大约 起码 至少 基本 顶多,顶多 基本 大约 基本上 起码 至少 大致 大体,基本 顶多 大体上 大体 大约 基本上 大概 大致 至少 起码,大概 大致 大体上 大体 基本上 大约 起码 至少 基本 顶多
1293,2,0.5114507276102231,0.19310188159914055,0.0,学堂 堂,学堂 堂,堂 学堂,学堂 堂
1294,2,0.5165816307733625,0.10229680836075433,0.0,群 堆,堆 群,堆 群,群 堆
1295,1,,0.0,0.0,堡垒,堡垒,堡垒,堡垒
1296,4,0.47491045739009907,0.07190393207310079,0.0,塑料 胶带 塑料袋 胶水,胶水 胶带 塑料 塑料袋,塑料 胶水 塑料袋 胶带,塑料 胶带 塑料袋 胶水
1297,3,0.4343485349960084,0.05079356241586134,0.3333333333333333,瓦 塔 格,格 塔 瓦,塔 瓦 格,瓦 塔 格
1298,2,0.4686557239283432,0.07813474349540897,0.0,托 塞,塞 托,塞 托,托 塞
1299,2,0.5244869951965532,0.17986930990006533,0.0,填 填充,填 填充,填 填充,填 填充
1300,2,0.598129880954305,0.32423391412729174,0.0,空白 填补,填补 空白,空白 填补,空白 填补
1301,1,,0.0,0.0,境内,境内,境内,境内
1302,11,0.4941733067557566,0.051104142407819124,0.18181818181818182,状况 情况 处境 局面 情形 现状 形势 状态 境地 境遇 现象,境地 现象 境遇 现状 形势 处境 状态 局面,境地 现状 状态 局面 状况 处境 形势 情况 情形 现象 境遇,状况 情况 处境 局面 情形 现状 形势 状态 境地 境遇 现象
1303,4,0.44122888606728367,0.04259071996319729,0.5,苗 肥 田 壮,壮 田 肥 苗,壮 田 肥 苗,苗 肥 田 壮
1304,2,0.4934696940320582,0.13318332036214856,0.0,壮胆 敲边鼓,壮胆 敲边鼓,壮胆 敲边鼓,壮胆 敲边鼓
1305,6,0.5730850314619428,0.23108281851604565,0.16666666666666666,宏伟 雄伟 壮观 宏大 气势 庄严,庄严 气势 壮观 宏大 雄伟 宏伟,气势 壮观 宏大 宏伟 庄严 雄伟,宏伟 雄伟 壮观 宏大 气势 庄严
1306,5,0.46807628935004875,0.08286490834082666,0.0,社论 文章 评论 评论员 声明,声明 评论 文章 评论员 社论,评论员 社论 文章 声明 评论,社论 文章 评论 评论员 声明
1307,2,0.4943615673063446,0.060188447394393024,0.5,壳 贝壳,贝壳 壳,壳 贝壳,壳 贝壳
1308,4,0.44833752875718563,0.07109054366847752,0.25,此处 这里 此 处,处 此 这里 此处,处 此 这里 此处,此处 这里 此 处
1309,6,0.47334352313227873,0.05381184127037355,0.5,处在 处于 陷入 步入 面临 徘徊,步入 陷入 徘徊 面临 处在 处于,面临 步入 处于 处在 徘徊 陷入,处在 处于 陷入 步入 面临 徘徊
1310,2,0.6441766242949168,0.41425516151941233,0.0,处置 处理,处置 处理,处置 处理,处置 处理
1311,4,0.4476261844316039,0.029545381681453143,0.5,复原 恢复 重建 还原,还原 重建 恢复 复原,恢复 重建 还原 复原,复原 恢复 重建 还原
1312,1,,0.0,0.0,复合,复合,复合,复合
1313,1,,0.0,0.0,复活,复活,复活,复活
1314,3,0.5426270966455637,0.23372768221360699,0.0,快递 配送 外卖,配送 快递 外卖,快递 外卖 配送,快递 配送 外卖
1315,7,0.5797234415171617,0.20354420520556324,0.14285714285714285,外形 外貌 外表 外观 长相 造型 酷似,外表 造型 长相 酷似 外观 外貌 外形,长相 酷似 外貌 外表 外观 造型 外形,外形 外貌 外表 外观 长相 造型 酷似
1316,8,0.5343124600057695,0.1330451917020751,0.0,队员 球员 球队 教练 队长 队 领队 外援,球队 队长 队 领队 外援 教练 队员 球员,球员 球队 队 领队 外援 队员 队长 教练,队员 球员 球队 教练 队长 队 领队 外援
1317,1,,0.0,0.0,外界,外界,外界,外界
1318,2,0.5333699518668262,0.22495565586105404,0.0,多 少,少 多,多 少,多 少
1319,1,,0.0,0.0,多亏,多亏,多亏,多亏
1320,1,,0.0,0.0,多余,多余,多余,多余
1321,2,0.5141380384031204,0.14878770628347784,0.0,多样 多元,多样 多元,多样 多元,多样 多元
1322,1,,0.0,0.0,多劳多得,多劳多得,多劳多得,多劳多得
1323,3,0.4717589639382774,0.15053727211605017,0.0,数码 数字 多媒体,数字 多媒体 数码,数字 数码 多媒体,数码 数字 多媒体
1324,4,0.38782898279464434,-0.041786007096277965,0.75,长期 常年 多年 短期,短期 多年 常年 长期,多年 短期 常年 长期,长期 常年 多年 短期
1325,1,,0.0,0.0,多心,多心,多心,多心
1326,4,0.5538456529331678,0.17406128328241047,0.0,方面 多方面 方方面面 层面,方方面面 层面 多方面 方面,多方面 方面 层面 方方面面,方面 多方面 方方面面 层面
1327,2,0.4633218612180212,0.0376558097716964,0.5,联合国 多边,多边 联合国,多边 联合国,联合国 多边
1328,7,0.5182135426629012,0.18033618733102913,0.0,日夜 彻夜 昼夜 通宵 夜以继日 连夜 夜,夜以继日 连夜 夜 通宵 昼夜 日夜 彻夜,彻夜 通宵 夜 连夜 夜以继日 昼夜 日夜,日夜 彻夜 昼夜 通宵 夜以继日 连夜 夜
1329,7,0.518078531560443,0.17842073123681973,0.0,这么 那么 如此 这样 那样 够 足够,够 足够 那样 如此 这样 那么 这么,如此 够 那样 那么 这样 这么 足够,这么 那么 如此 这样 那样 够 足够
1330,2,0.5818833552906032,0.3083332190851516,0.0,大 小,小 大,大 小,大 小
1331,3,0.4197063609554521,0.00775713195923447,0.6666666666666666,随大溜 大惊小怪 大包大揽,大惊小怪 大包大揽 随大溜,大包大揽 随大溜 大惊小怪,随大溜 大惊小怪 大包大揽
1332,3,0.4417550714173459,0.08736112436788801,0.0,天地 大地 天下,天下 大地 天地,大地 天地 天下,天地 大地 天下
1333,4,0.36280793527032823,-0.07604254991084487,0.75,无形中 无形 大大 无情,无情 大大 无形 无形中,无情 无形 大大 无形中,无形中 无形 大大 无情
1334,1,,0.0,0.0,大夫,大夫,大夫,大夫
1335,4,0.43821593580278334,0.0793792025948065,0.0,家族 大家庭 家庭 族,族 家庭 家族 大家庭,族 大家庭 家庭 家族,家族 大家庭 家庭 族
1336,4,0.4441990866235243,0.10104005668434612,0.25,大幅度 大面积 大规模 幅度,幅度 大规模 大面积 大幅度,大规模 大幅度 大面积 幅度,大幅度 大面积 大规模 幅度
1337,4,0.5005208808393599,0.13827689694206982,0.0,粗心大意 马虎 潦草 大意,马虎 大意 粗心大意 潦草,大意 马虎 潦草 粗心大意,粗心大意 马虎 潦草 大意
1338,6,0.4864573381105661,0.13017296111206542,0.0,大批 成千上万 大量 无数 成群结队 源源不断,源源不断 成群结队 无数 大量 成千上万 大批,无数 成群结队 源源不断 大批 大量 成千上万,大批 成千上万 大量 无数 成群结队 源源不断
1339,4,0.46252211767409523,0.04508919080829347,0.25,潜力 潜能 挖掘 大有可为,挖掘 大有可为 潜能 潜力,潜力 潜能 挖掘 大有可为,潜力 潜能 挖掘 大有可为
1340,3,0.5271570892907852,0.17399587094608335,0.0,大棚 温室 栽培,栽培 大棚 温室,栽培 大棚 温室,大棚 温室 栽培
1341,4,0.46299245766625857,0.0437205001601251,0.5,得意扬扬 大模大样 连滚带爬 理直气壮,连滚带爬 理直气壮 大模大样 得意扬扬,大模大样 理直气壮 得意扬扬 连滚带爬,得意扬扬 大模大样 连滚带爬 理直气壮
1342,4,0.5400024789049771,0.21331422491259827,0.0,富豪 富翁 大款 阔绰,阔绰 大款 富翁 富豪,大款 富翁 阔绰 富豪,富豪 富翁 大款 阔绰
1343,3,0.40451892749275215,-0.013005328974326621,0.6666666666666666,片 大片 粒,粒 大片 片,粒 片 大片,片 大片 粒
1344,4,0.5240631051240817,0.199752474093207,0.25,巨额 大笔 高额 资金,资金 高额 大笔 巨额,大笔 高额 资金 巨额,巨额 大笔 高额 资金
1345,6,0.4739084478823413,0.051190171389927874,0.16666666666666666,纲领 纲要 草案 宣言 大纲 议程,议程 草案 大纲 宣言 纲领 纲要,宣言 大纲 议程 草案 纲要 纲领,纲领 纲要 草案 宣言 大纲 议程
1346,5,0.49888661753276586,0.1297242099332059,0.0,疯狂 狂 放肆 大肆 疯,放肆 大肆 疯 狂 疯狂,放肆 疯狂 狂 疯 大肆,疯狂 狂 放肆 大肆 疯
1347,3,0.6177367894698408,0.3654736323613739,0.0,大自然 自然界 自然,自然界 自然 大自然,自然界 自然 大自然,大自然 自然界 自然
1348,2,0.47732426778981596,0.12242729849901915,0.0,大街小巷 角落,角落 大街小巷,角落 大街小巷,大街小巷 角落
1349,4,0.4528390481907956,0.05159103546338632,0.25,大门 扇 门 通往,通往 扇 门 大门,通往 扇 门 大门,大门 扇 门 通往
1350,2,0.48196030376613264,0.18393067301234212,0.0,天平 秤,秤 天平,秤 天平,天平 秤
1351,1,,0.0,0.0,天桥,天桥,天桥,天桥
1352,4,0.5257289498886558,0.22497604452853176,0.0,理所当然 天经地义 顺理成章 无可厚非,无可厚非 顺理成章 天经地义 理所当然,无可厚非 天经地义 理所当然 顺理成章,理所当然 天经地义 顺理成章 无可厚非
1353,6,0.47354511640417096,0.055990362263709674,0.16666666666666666,永恒 永远 长久 永不 永久 天长地久,长久 永远 天长地久 永不 永久 永恒,永远 天长地久 永久 永不 永恒 长久,永恒 永远 长久 永不 永久 天长地久
1354,2,0.5086722061089957,0.16088600871384573,0.0,太平 平安,平安 太平,太平 平安,太平 平安
1355,2,0.4964361591122579,0.12461138316275117,0.0,拳 太极,太极 拳,拳 太极,拳 太极
1356,4,0.5039026223625162,0.10611045998229089,0.25,贵宾 客人 来宾 夫人,夫人 客人 来宾 贵宾,贵宾 客人 夫人 来宾,贵宾 客人 来宾 夫人
1357,4,0.5130177058004247,0.11112536341881318,0.25,房价 物价 房租 失业率,房租 失业率 房价 物价,物价 房租 失业率 房价,房价 物价 房租 失业率
1358,3,0.4739089576507333,0.09044411843254123,0.0,青春期 青春 失恋,失恋 青春 青春期,青春期 青春 失恋,青春期 青春 失恋
1359,7,0.5427041613302891,0.1697247744284165,0.14285714285714285,过错 错误 过失 失误 疏忽 差错 错,疏忽 错 错误 过失 差错 失误 过错,疏忽 失误 错 错误 过错 差错 过失,过错 错误 过失 失误 疏忽 差错 错
1360,4,0.4953125057697651,0.07115679955672838,0.5,惨痛 惨重 沉重 失败,沉重 失败 惨重 惨痛,失败 惨痛 惨重 沉重,惨痛 惨重 沉重 失败
1361,1,,0.0,0.0,头号,头号,头号,头号
1362,1,,0.0,0.0,头部,头部,头部,头部
1363,4,0.3908706602921517,-0.02137138261023725,0.75,表扬 夸 好评 点名,夸 点名 好评 表扬,夸 点名 表扬 好评,表扬 夸 好评 点名
1364,6,0.4575310367956494,0.02862221370636413,0.5,搞笑 逗 滑稽 无聊 有意思 夸张,夸张 有意思 无聊 逗 滑稽 搞笑,无聊 滑稽 搞笑 有意思 逗 夸张,搞笑 逗 滑稽 无聊 有意思 夸张
1365,1,,0.0,0.0,奏,奏,奏,奏
1366,4,0.5081667998444296,0.12027320482016277,0.5,奏效 见效 效果 管用,效果 管用 见效 奏效,奏效 效果 管用 见效,奏效 见效 效果 管用
1367,6,0.4942140092526095,0.125766253972668,0.16666666666666666,机遇 机会 契机 时机 转机 把握,把握 转机 机会 契机 时机 机遇,时机 机会 把握 契机 转机 机遇,机遇 机会 契机 时机 转机 把握
1368,8,0.46910345764133965,0.01938438415682151,0.25,跳 爬 跑 窜 溜 走 奔 滚,爬 跑 奔 滚 窜 走 跳 溜,奔 窜 爬 滚 溜 跳 跑 走,跳 爬 跑 窜 溜 走 奔 滚
1369,2,0.5560129416793074,0.19809856617231383,0.0,赛跑 奔跑,奔跑 赛跑,赛跑 奔跑,赛跑 奔跑
1370,10,0.4779453890791686,0.022726346863747325,0.6,奖项 奖 获奖 评选 表彰 奖励 荣获 荣誉 奖品 揭晓,奖品 荣誉 荣获 表彰 揭晓 评选 奖励 奖,奖项 奖 揭晓 奖励 奖品 获奖 评选 表彰 荣获 荣誉,奖项 奖 获奖 评选 表彰 奖励 荣获 荣誉 奖品 揭晓
1371,9,0.5306185130273723,0.1359145035615431,0.0,工资 薪水 奖金 退休金 报酬 津贴 待遇 年薪 福利,退休金 津贴 报酬 年薪 福利 待遇 工资 奖金,年薪 退休金 工资 奖金 薪水 待遇 津贴 福利 报酬,工资 薪水 奖金 退休金 报酬 津贴 待遇 年薪 福利
1372,2,0.48844109315527673,0.07638235468114607,0.0,套餐 话费,话费 套餐,套餐 话费,套餐 话费
1373,6,0.47309757911055217,0.10174089539007251,0.16666666666666666,尊贵 豪华 高贵 奢侈 高档 显赫,显赫 奢侈 高档 高贵 豪华 尊贵,豪华 显赫 尊贵 奢侈 高贵 高档,尊贵 豪华 高贵 奢侈 高档 显赫
1374,8,0.46107879897925097,0.03694905805181079,0.375,谜团 谜底 谜 隐情 玄机 奥秘 真相 水落石出,谜团 水落石出 真相 隐情 玄机 奥秘 谜 谜底,玄机 真相 谜底 谜团 谜 奥秘 隐情 水落石出,谜团 谜底 谜 隐情 玄机 奥秘 真相 水落石出
1375,3,0.4166324244104575,-0.04033347747941318,1.0,看热闹 好奇 看,看 好奇 看热闹,看热闹 看 好奇,看热闹 好奇 看
1376,8,0.46472659010444634,0.07408219839975058,0.125,好心 好意 热心 殷勤 好心人 诚心诚意 慷慨 好客,诚心诚意 慷慨 好客 好心人 好意 殷勤 好心 热心,热心 好心人 慷慨 好意 好心 好客 诚心诚意 殷勤,好心 好意 热心 殷勤 好心人 诚心诚意 慷慨 好客
1377,1,,0.0,0.0,好家伙,好家伙,好家伙,好家伙
1378,7,0.5790244090320711,0.22101047902743723,0.0,眼下 当下 当前 目前 现在 如今 当今,当今 如今 现在 目前 当前 眼下 当下,现在 当下 当今 当前 目前 眼下 如今,眼下 当下 当前 目前 现在 如今 当今
1379,1,,0.0,0.0,如意,如意,如意,如意
1380,1,,0.0,0.0,妥,妥,妥,妥
1381,2,0.4661487694102706,0.11935473593297348,0.0,威风 威力,威风 威力,威风 威力,威风 威力
1382,6,0.4815713728230628,0.05925624100535523,0.16666666666666666,宝宝 婴儿 孕妇 娃娃 怀孕 宝贝,宝贝 怀孕 孕妇 婴儿 娃娃 宝宝,宝贝 婴儿 娃娃 孕妇 怀孕 宝宝,宝宝 婴儿 孕妇 娃娃 怀孕 宝贝
1383,12,0.5054708432683691,0.12754812123593576,0.0,结婚 订婚 娶 婚礼 嫁 新娘 离婚 求婚 嫁妆 新郎 婚姻 成家,成家 婚姻 离婚 求婚 嫁 嫁妆 娶 新郎,娶 嫁 婚礼 婚姻 新娘 成家 离婚 嫁妆 新郎 订婚 结婚 求婚,结婚 订婚 娶 婚礼 嫁 新娘 离婚 求婚 嫁妆 新郎 婚姻 成家
1384,3,0.44712423572811927,0.038600491658035994,0.3333333333333333,舆论 媒体 民意,民意 媒体 舆论,媒体 民意 舆论,舆论 媒体 民意
1385,1,,0.0,0.0,子,子,子,子
1386,6,0.569450413739056,0.25032458946422814,0.0,词典 辞典 字典 百科全书 手册 教科书,手册 教科书 百科全书 字典 辞典 词典,词典 辞典 教科书 百科全书 手册 字典,词典 辞典 字典 百科全书 手册 教科书
1387,2,0.5454125278811703,0.2253630104624798,0.0,字幕 对白,字幕 对白,对白 字幕,字幕 对白
1388,2,0.5180328666421853,0.17457353779210583,0.0,存在 存,存在 存,存 存在,存在 存
1389,8,0.5069377515476258,0.16347719408071287,0.0,收养 抚养 领养 赡养 孤儿 抚养费 收留 生育,生育 收留 孤儿 抚养费 赡养 抚养 领养 收养,生育 收留 抚养费 收养 赡养 领养 抚养 孤儿,收养 抚养 领养 赡养 孤儿 抚养费 收留 生育
1390,3,0.3894651640559786,-0.0012042915388120468,0.6666666666666666,排斥 孤立 抵触,抵触 孤立 排斥,抵触 排斥 孤立,排斥 孤立 抵触
1391,3,0.5255671628310308,0.1638429514776809,0.0,孤零零 空荡荡 横七竖八,横七竖八 空荡荡 孤零零,孤零零 横七竖八 空荡荡,孤零零 空荡荡 横七竖八
1392,4,0.511304749672339,0.07819171253340461,0.25,学术 科研 学科 科学,学科 科学 科研 学术,学科 学术 科研 科学,学术 科研 学科 科学
1393,18,0.47020817297409967,0.0417304252715405,0.3888888888888889,安逸 安稳 安静 宁静 清静 安宁 平静 舒畅 舒服 安心 安定 舒适,顺心 寂静 富足 清凉 知足 平静 安定 踏实,安静 安逸 舒畅 宁静 舒服 顺心 寂静 安心 安宁 安定 清凉 平静,安逸 安稳 安静 宁静 清静 安宁 平静 舒畅 舒服 安心 安定 舒适 踏实 富足 寂静 知足 顺心 清凉
1394,3,0.41136019832797893,0.040823698927802375,0.3333333333333333,筑 造 守,守 造 筑,守 筑 造,筑 造 守
1395,5,0.5325021552830156,0.11433071335492555,0.2,等待 等候 待 等到 守候,等候 等到 守候 待 等待,待 等候 等到 等待 守候,等待 等候 待 等到 守候
1396,1,,0.0,0.0,安,安,安,安
1397,2,0.5267041423460237,0.19935543377113082,0.0,疏导 安抚,安抚 疏导,疏导 安抚,疏导 安抚
1398,3,0.46667107952545145,0.08515508528952098,0.0,布置 安排 部署,部署 布置 安排,部署 安排 布置,布置 安排 部署
1399,9,0.4527964175799968,0.03316456108787396,0.2222222222222222,搬迁 迁移 迁 搬 转移 搬家 移 移民 安置,安置 搬 移民 移 搬家 迁 搬迁 转移,搬家 移 搬 移民 迁 安置 搬迁 转移 迁移,搬迁 迁移 迁 搬 转移 搬家 移 移民 安置
1400,4,0.48569624619274315,0.12514153468634487,0.0,设备 装置 安装 装备,安装 设备 装备 装置,安装 装置 装备 设备,设备 装置 安装 装备
1401,2,0.5308268541713739,0.24154544516535068,0.0,完好 完整,完整 完好,完整 完好,完好 完整
1402,9,0.4825436837602072,0.04546221352781548,0.2222222222222222,灭亡 崩溃 毁灭 完蛋 破灭 解体 灭绝 没落 破产,破产 毁灭 崩溃 没落 灭绝 完蛋 破灭 解体,灭亡 解体 崩溃 灭绝 完蛋 没落 毁灭 破灭 破产,灭亡 崩溃 毁灭 完蛋 破灭 解体 灭绝 没落 破产
1403,2,0.6829251862298392,0.46374490232458954,0.0,微观 宏观,微观 宏观,微观 宏观,微观 宏观
1404,1,,0.0,0.0,宗,宗,宗,宗
1405,3,0.4191118878336086,0.03214147979947834,0.6666666666666666,首席 资深 官,官 资深 首席,官 资深 首席,首席 资深 官
1406,1,,0.0,0.0,官方,官方,官方,官方
1407,7,0.4830285035632198,0.049403792649769906,0.5714285714285714,预订 预定 订 订购 预约 预售 定,定 订购 预约 预售 预订 预定 订,定 订购 订 预约 预售 预定 预订,预订 预定 订 订购 预约 预售 定
1408,3,0.4304783277551169,0.0044379176551035265,0.6666666666666666,错位 定位 换位,定位 换位 错位,错位 定位 换位,错位 定位 换位
1409,1,,0.0,0.0,定向,定向,定向,定向
1410,1,,0.0,0.0,定心丸,定心丸,定心丸,定心丸
1411,1,,0.0,0.0,宝,宝,宝,宝
1412,4,0.4297513667402546,0.011675509351235392,0.5,宝库 宝藏 殿堂 精华,精华 殿堂 宝藏 宝库,宝藏 殿堂 宝库 精华,宝库 宝藏 殿堂 精华
1413,7,0.5042686761330147,0.1761244433874632,0.0,宝石 钻石 珍珠 水晶 珠宝 戒指 金子,金子 水晶 戒指 珍珠 珠宝 钻石 宝石,金子 戒指 钻石 水晶 珠宝 宝石 珍珠,宝石 钻石 珍珠 水晶 珠宝 戒指 金子
1414,3,0.4105213347003374,0.04175488188535246,0.6666666666666666,虚拟 模拟 实体,实体 模拟 虚拟,实体 虚拟 模拟,虚拟 模拟 实体
1415,2,0.4530879087463662,0.09249939892290711,0.0,纪实 实况,实况 纪实,实况 纪实,纪实 实况
1416,1,,0.0,0.0,实物,实物,实物,实物
1417,1,,0.0,0.0,实用,实用,实用,实用
1418,5,0.5167348234501368,0.12314243075394364,0.0,实话 实话实说 废话 话 无话可说,无话可说 话 实话实说 废话 实话,无话可说 实话实说 废话 话 实话,实话 实话实说 废话 话 无话可说
1419,1,,0.0,0.0,实质,实质,实质,实质
1420,4,0.4497094808952064,0.05512370869867992,0.25,现实 实际 真实 实践,真实 实践 实际 现实,真实 现实 实践 实际,现实 实际 真实 实践
1421,8,0.47624506349505535,0.024327750235685147,0.25,试验 测试 实验 验证 调试 试用 试 演示,实验 试用 调试 试 演示 验证 试验 测试,调试 测试 试验 验证 试 试用 实验 演示,试验 测试 实验 验证 调试 试用 试 演示
1422,1,,0.0,0.0,实验室,实验室,实验室,实验室
1423,4,0.6431333721978862,0.38230573365947934,0.0,客户 顾客 用户 消费者,消费者 用户 顾客 客户,消费者 用户 客户 顾客,客户 顾客 用户 消费者
1424,14,0.47781791870794843,0.0643940930875246,0.35714285714285715,飞机 客机 降落 航班 起飞 飞行 直升机 飞行员 机场 登机 跳伞 航空,航空 登机 跳伞 跑道 架 起飞 飞行 飞行员,机场 直升机 飞行员 起飞 架 航空 航班 飞机 跑道 降落 客机 飞行,飞机 客机 降落 航班 起飞 飞行 直升机 飞行员 机场 登机 跳伞 航空 架 跑道
1425,3,0.5501665301984839,0.16478523419122296,0.0,终结 结束 宣告,结束 宣告 终结,宣告 结束 终结,终结 结束 宣告
1426,2,0.5134480910793612,0.1717567963388454,0.0,宣誓 宣读,宣读 宣誓,宣誓 宣读,宣誓 宣读
1427,1,,0.0,0.0,宰,宰,宰,宰
1428,3,0.6124349623848201,0.32988194842688445,0.0,家乡 故乡 祖国,祖国 家乡 故乡,祖国 故乡 家乡,家乡 故乡 祖国
1429,1,,0.0,0.0,家园,家园,家园,家园
1430,9,0.49342757815327076,0.028732355939941574,0.4444444444444444,贫穷 穷人 富人 穷 贫困 富裕 贫富 阶层 家境,阶层 富裕 富人 家境 贫困 穷 贫富 贫穷,贫困 穷人 穷 阶层 家境 富人 富裕 贫穷 贫富,贫穷 穷人 富人 穷 贫困 富裕 贫富 阶层 家境
1431,11,0.5304173048865194,0.15608857507048016,0.09090909090909091,宽阔 宽广 开阔 狭窄 广阔 狭小 宽敞 辽阔 平坦 宽泛 狭隘,狭隘 宽泛 平坦 宽敞 辽阔 狭小 广阔 开阔,开阔 宽广 宽泛 宽敞 辽阔 宽阔 广阔 狭隘 狭窄 平坦 狭小,宽阔 宽广 开阔 狭窄 广阔 狭小 宽敞 辽阔 平坦 宽泛 狭隘
1432,6,0.4597435684164052,0.05169022785102075,0.16666666666666666,宽松 紧缩 放松 紧 松 松绑,松绑 紧缩 松 紧 放松 宽松,紧 松 宽松 放松 松绑 紧缩,宽松 紧缩 放松 紧 松 松绑
1433,2,0.47894006963322644,0.11671695800529089,0.0,稠密 密,稠密 密,稠密 密,稠密 密
1434,4,0.4708506595660742,0.0833471780807957,0.5,账户 账号 密码 账,账 密码 账号 账户,密码 账 账号 账户,账户 账号 密码 账
1435,2,0.5254964342053585,0.0889380162294269,0.0,集中 密集,集中 密集,集中 密集,集中 密集
1436,3,0.3632857637720059,-0.07066513993007341,0.6666666666666666,富 富有 福,富有 福 富,富 福 富有,富 富有 福
1437,3,0.47293359782066813,0.11106256777399946,0.0,寥寥无几 稀少 络绎不绝,络绎不绝 稀少 寥寥无几,稀少 寥寥无几 络绎不绝,寥寥无几 稀少 络绎不绝
1438,2,0.6664131756163025,0.4581020128376831,0.0,寸 尺,尺 寸,寸 尺,寸 尺
1439,3,0.5916449692171367,0.25424014584552396,0.0,对得起 对不起 辜负,对不起 辜负 对得起,辜负 对不起 对得起,对得起 对不起 辜负
1440,12,0.48285458497669037,0.059185542646451685,0.3333333333333333,抵抗 抵挡 阻挡 阻止 抵御 抗拒 阻拦 对抗 对付 抵制 牵制 拒绝,拒绝 对付 对抗 牵制 阻拦 抗拒 阻挡 阻止,牵制 对付 对抗 抵御 抵制 抵挡 抵抗 拒绝 抗拒 阻止 阻拦 阻挡,抵抗 抵挡 阻挡 阻止 抵御 抗拒 阻拦 对抗 对付 抵制 牵制 拒绝
1441,5,0.4967179215431822,0.12334031150778857,0.2,对准 瞄准 指向 矛头 盯,盯 瞄准 指向 矛头 对准,对准 盯 瞄准 矛头 指向,对准 瞄准 指向 矛头 盯
1442,1,,0.0,0.0,对外,对外,对外,对外
1443,2,0.5793634092717952,0.31175589146040833,0.0,对应 相应,相应 对应,对应 相应,对应 相应
1444,4,0.5137701376382883,0.1748891782157751,0.25,对待 看待 平常心 面对,面对 平常心 看待 对待,看待 对待 面对 平常心,对待 看待 平常心 面对
1445,3,0.5190045263561368,0.21589096111958953,0.0,对照 对比 核对,核对 对比 对照,对比 对照 核对,对照 对比 核对
1446,1,,0.0,0.0,对称,对称,对称,对称
1447,2,0.4747643118452629,0.12000907638034394,0.0,对象 范围,范围 对象,范围 对象,对象 范围
1448,12,0.5043510324005606,0.11183053060787305,0.25,寻找 寻觅 寻求 找到 找 寻 探求 找出 搜寻 查找 求 谋求,查找 找出 探求 求 搜寻 谋求 寻 找,谋求 寻 探求 找 求 寻找 寻求 找到 找出 搜寻 寻觅 查找,寻找 寻觅 寻求 找到 找 寻 探求 找出 搜寻 查找 求 谋求
1449,7,0.4891621551609034,0.10232990513886366,0.14285714285714285,平常 寻常 普通人 常人 平凡 普通 常理,常理 平常 平凡 普通 常人 普通人 寻常,寻常 普通 常人 普通人 常理 平凡 平常,平常 寻常 普通人 常人 平凡 普通 常理
1450,7,0.48753355591424236,0.09719840188997887,0.14285714285714285,景区 景点 游客 旅行社 导游 游人 温泉,温泉 游客 导游 景点 游人 旅行社 景区,游客 游人 温泉 导游 旅行社 景区 景点,景区 景点 游客 旅行社 导游 游人 温泉
1451,2,0.478441484593207,0.05885247260080719,0.0,年限 寿命,寿命 年限,寿命 年限,年限 寿命
1452,1,,0.0,0.0,封,封,封,封
1453,3,0.4578302705894215,0.053168302040852315,0.3333333333333333,开放 敞开 封闭,封闭 敞开 开放,开放 敞开 封闭,开放 敞开 封闭
1454,2,0.46008253033753743,0.07356810909368505,0.0,封面 版,封面 版,版 封面,封面 版
1455,1,,0.0,0.0,封顶,封顶,封顶,封顶
1456,3,0.47354780108193656,0.15482553211268812,0.0,投射 折射 射,射 折射 投射,射 折射 投射,投射 折射 射
1457,5,0.49636620873989834,0.13030715682905908,0.4,将近 近 接近 逼近 整整,整整 逼近 接近 近 将近,近 将近 整整 逼近 接近,将近 近 接近 逼近 整整
1458,3,0.46212231704842227,0.10464300231281476,0.0,棋子 棋 小卒,棋 小卒 棋子,棋 小卒 棋子,棋子 棋 小卒
1459,1,,0.0,0.0,小康,小康,小康,小康
1460,3,0.5456546512055055,0.2300765853878072,0.3333333333333333,缓缓 徐徐 小心翼翼,小心翼翼 徐徐 缓缓,徐徐 缓缓 小心翼翼,缓缓 徐徐 小心翼翼
1461,5,0.5202121325969354,0.14326153493464652,0.0,收取 管理费 手续费 收费 小费,小费 收费 收取 手续费 管理费,手续费 小费 收取 收费 管理费,收取 管理费 手续费 收费 小费
1462,4,0.47559063959844905,0.14370323728303494,0.25,必不可少 少不了 离不开 必要,必要 离不开 少不了 必不可少,必要 必不可少 少不了 离不开,必不可少 少不了 离不开 必要
1463,6,0.5482702526552933,0.13639279645560057,0.3333333333333333,早已 已经 已 早就 尚未 早,尚未 早 已 早就 已经 早已,已经 已 早 早已 早就 尚未,早已 已经 已 早就 尚未 早
1464,2,0.4621331613413069,0.023061682628294927,0.0,赐 尝,尝 赐,尝 赐,赐 尝
1465,3,0.3986585411652346,-0.004816789617140785,0.3333333333333333,尽情 尽 陶醉,陶醉 尽 尽情,尽 尽情 陶醉,尽情 尽 陶醉
1466,3,0.42082762617766867,0.01191936717716074,0.6666666666666666,尽头 终点 深处,终点 深处 尽头,尽头 深处 终点,尽头 终点 深处
1467,3,0.4994587914768722,0.021891844490167598,0.3333333333333333,序幕 尾声 高潮,高潮 尾声 序幕,尾声 序幕 高潮,序幕 尾声 高潮
1468,1,,0.0,0.0,局,局,局,局
1469,2,0.4733759374791551,0.11332203525816745,0.0,底层 层,层 底层,层 底层,底层 层
1470,5,0.4617630476502798,0.08066129043094575,0.2,迭起 此起彼伏 愈演愈烈 层出不穷 连绵,连绵 层出不穷 愈演愈烈 迭起 此起彼伏,迭起 愈演愈烈 连绵 此起彼伏 层出不穷,迭起 此起彼伏 愈演愈烈 层出不穷 连绵
1471,2,0.6370926999479491,0.40017202348512537,0.0,档次 层次,档次 层次,档次 层次,档次 层次
1472,1,,0.0,0.0,居高临下,居高临下,居高临下,居高临下
1473,5,0.4782220357508014,0.06703437606616905,0.0,拉开 开启 打开 推开 展开,展开 开启 打开 推开 拉开,开启 展开 推开 拉开 打开,拉开 开启 打开 推开 展开
1474,3,0.4845606614482869,0.18070611335554776,0.3333333333333333,属 属于 科,科 属于 属,属 科 属于,属 属于 科
1475,2,0.4653599099511516,0.05146272571564563,0.0,水货 山寨,水货 山寨,水货 山寨,水货 山寨
1476,1,,0.0,0.0,岂有此理,岂有此理,岂有此理,岂有此理
1477,1,,0.0,0.0,岸,岸,岸,岸
1478,6,0.4982478835324829,0.05207189524032426,0.5,波折 曲折 转折 起伏 挫折 峰回路转,转折 起伏 挫折 峰回路转 曲折 波折,起伏 挫折 波折 峰回路转 曲折 转折,波折 曲折 转折 起伏 挫折 峰回路转
1479,2,0.4808410742227327,0.1486758496868656,0.0,工业 服务业,服务业 工业,服务业 工业,工业 服务业
1480,2,0.47942738299402343,0.12252717973141036,0.0,雇主 工会,工会 雇主,雇主 工会,雇主 工会
1481,2,0.5376567931764115,0.1758832894322319,0.0,工作 工作量,工作 工作量,工作量 工作,工作 工作量
1482,1,,0.0,0.0,工作日,工作日,工作日,工作日
1483,4,0.4280983932769793,0.03841575007381371,0.5,工商界 文艺界 知识分子 工商,工商 知识分子 文艺界 工商界,工商界 知识分子 工商 文艺界,工商界 文艺界 知识分子 工商
1484,1,,0.0,0.0,工科,工科,工科,工科
1485,2,0.4514535863836905,0.06878169588494691,0.0,跨国 巨头,跨国 巨头,跨国 巨头,跨国 巨头
1486,3,0.41793589549288007,-0.021799860195144332,0.6666666666666666,市场经济 经济 法制,经济 法制 市场经济,法制 经济 市场经济,市场经济 经济 法制
1487,5,0.4524513977100251,0.0759067565885374,0.0,结构 形态 格局 构造 布局,构造 布局 形态 格局 结构,构造 布局 形态 结构 格局,结构 形态 格局 构造 布局
1488,4,0.43066563125435936,0.008208208507010813,0.5,布满 遍布 纵横交错 满,满 纵横交错 遍布 布满,满 纵横交错 遍布 布满,布满 遍布 纵横交错 满
1489,1,,0.0,0.0,帆,帆,帆,帆
1490,1,,0.0,0.0,帐篷,帐篷,帐篷,帐篷
1491,2,0.49653658891034735,0.19199977382724343,0.0,携带 带,带 携带,带 携带,携带 带
1492,2,0.5742672354020981,0.2840306828226965,0.0,带头人 骨干,带头人 骨干,带头人 骨干,带头人 骨干
1493,1,,0.0,0.0,带路,带路,带路,带路
1494,4,0.5905892554362125,0.2675829474805404,0.0,率领 带领 带队 陪同,陪同 带领 带队 率领,率领 带领 带队 陪同,率领 带领 带队 陪同
1495,6,0.4829067502811598,0.04821104713512699,0.16666666666666666,鼓励 引导 扶持 帮助 支持 督促,帮助 督促 扶持 支持 引导 鼓励,帮助 鼓励 支持 扶持 引导 督促,鼓励 引导 扶持 帮助 支持 督促
1496,1,,0.0,0.0,常态,常态,常态,常态
1497,4,0.42017479252073947,0.018720039488531695,0.5,正常 常规 正规 日常,正常 日常 正规 常规,正规 常规 正常 日常,正常 常规 正规 日常
1498,2,0.6821433506738734,0.4706960865596036,0.0,知识 常识,常识 知识,常识 知识,知识 常识
1499,1,,0.0,0.0,幕,幕,幕,幕
1500,1,,0.0,0.0,干戈,干戈,干戈,干戈
1501,1,,0.0,0.0,平,平,平,平
1502,2,0.45686551752935967,0.06392178508290783,0.0,系统 平台,平台 系统,系统 平台,系统 平台
1503,3,0.428968691624188,0.056933225434448176,0.3333333333333333,平方 立方 面积,面积 立方 平方,面积 立方 平方,平方 立方 面积
1504,5,0.5190713138577948,0.09401017416393462,0.2,平稳 稳定 稳 稳健 平衡,平衡 稳健 稳 平稳 稳定,稳健 稳定 平稳 稳 平衡,平稳 稳定 稳 稳健 平衡
1505,3,0.39573115196220576,-0.03710244060438603,0.6666666666666666,生存 生活 幸存,生活 幸存 生存,幸存 生活 生存,生存 生活 幸存
1506,5,0.5156600679905285,0.15781876664363842,0.0,虚幻 幻觉 梦幻 朦胧 幻影,朦胧 幻影 梦幻 幻觉 虚幻,虚幻 幻影 幻觉 朦胧 梦幻,虚幻 幻觉 梦幻 朦胧 幻影
1507,1,,0.0,0.0,广义,广义,广义,广义
1508,2,0.4666814524636764,0.11985772096120981,0.0,序 谱,谱 序,序 谱,序 谱
1509,2,0.46545320762603704,0.039590019707320935,0.5,库 数据库,数据库 库,数据库 库,库 数据库
1510,4,0.44879742758632074,0.02572558948517397,0.25,适应 应对 应付 适合,适合 应对 适应 应付,应付 应对 适应 适合,适应 应对 应付 适合
1511,4,0.46182787763178706,0.0318574693598574,0.5,普及 推广 应用 科普,科普 应用 推广 普及,普及 应用 推广 科普,普及 推广 应用 科普
1512,10,0.4770917131197336,0.05191861531308915,0.3,聘用 雇佣 聘 聘请 招聘 雇 应聘 招募 招揽 收买,收买 招募 招聘 应聘 招揽 聘用 雇 雇佣,招聘 应聘 收买 雇 聘 聘请 聘用 招揽 招募 雇佣,聘用 雇佣 聘 聘请 招聘 雇 应聘 招募 招揽 收买
1513,6,0.47209694230627064,0.028218877465870793,0.3333333333333333,本事 本领 本钱 能耐 有两下子 底子,能耐 有两下子 底子 本钱 本事 本领,有两下子 本事 底子 能耐 本领 本钱,本事 本领 本钱 能耐 有两下子 底子
1514,1,,0.0,0.0,底线,底线,底线,底线
1515,1,,0.0,0.0,废墟,废墟,废墟,废墟
1516,3,0.5318716435155434,0.23576973962173117,0.0,纬度 经度 度,度 经度 纬度,度 纬度 经度,纬度 经度 度
1517,3,0.5598302369650267,0.2553702085230011,0.0,渡过 度过 渡,渡 度过 渡过,渡 度过 渡过,渡过 度过 渡
1518,1,,0.0,0.0,座,座,座,座
1519,1,,0.0,0.0,座右铭,座右铭,座右铭,座右铭
1520,1,,0.0,0.0,廉正,廉正,廉正,廉正
1521,1,,0.0,0.0,延,延,延,延
1522,3,0.37600784399991305,-0.06549813957759641,0.6666666666666666,贯穿 延伸 自始至终,自始至终 延伸 贯穿,延伸 自始至终 贯穿,贯穿 延伸 自始至终
1523,10,0.4777649044896828,0.06653520030546628,0.1,推迟 拖延 延误 耽搁 耽误 延期 延缓 迟到 晚点 延长,延长 晚点 耽误 延缓 迟到 耽搁 延期 推迟,晚点 延缓 耽搁 延期 迟到 延长 延误 推迟 耽误 拖延,推迟 拖延 延误 耽搁 耽误 延期 延缓 迟到 晚点 延长
1524,2,0.5130156765244874,0.1937664952255051,0.0,建树 贡献,建树 贡献,建树 贡献,建树 贡献
1525,4,0.4781508757703705,0.09731240613210469,0.0,混凝土 建筑 水泥 桥梁,桥梁 水泥 建筑 混凝土,桥梁 建筑 混凝土 水泥,混凝土 建筑 水泥 桥梁
1526,1,,0.0,0.0,开,开,开,开
1527,4,0.5753290681704414,0.2343633319819281,0.0,开拓 开辟 开创 探索,探索 开辟 开创 开拓,开辟 探索 开创 开拓,开拓 开辟 开创 探索
1528,3,0.44344238243803175,-0.040641855986243876,0.6666666666666666,机器 机器人 开动,开动 机器人 机器,机器 开动 机器人,机器 机器人 开动
1529,2,0.45584203461860406,0.1031342825929279,0.0,开发区 滨海,滨海 开发区,滨海 开发区,开发区 滨海
1530,2,0.5246657568470043,0.16549926715345595,0.0,房地产 开发商,开发商 房地产,房地产 开发商,房地产 开发商
1531,6,0.4781063473449136,0.09610646591469464,0.0,结尾 段落 开头 片段 开场白 段,段 片段 开场白 段落 结尾 开头,开头 段 段落 片段 开场白 结尾,结尾 段落 开头 片段 开场白 段
1532,3,0.5340409784716238,0.20389766867702522,0.0,惊天动地 开天辟地 翻天覆地,翻天覆地 开天辟地 惊天动地,开天辟地 翻天覆地 惊天动地,惊天动地 开天辟地 翻天覆地
1533,2,0.4721194326697251,0.1531029566340188,0.0,开始 起,开始 起,开始 起,开始 起
1534,1,,0.0,0.0,开张,开张,开张,开张
1535,10,0.5029059477170792,0.08781393529269067,0.2,费用 开支 支出 开销 经费 花费 费 成本 生活费 投入,生活费 费 投入 花费 成本 费用 经费 支出,开销 开支 经费 花费 成本 费 支出 投入 费用 生活费,费用 开支 支出 开销 经费 花费 费 成本 生活费 投入
1536,5,0.4391131319410402,0.040204584881053176,0.2,芽 果实 开花 种子 生长,生长 种子 开花 果实 芽,开花 生长 种子 果实 芽,芽 果实 开花 种子 生长
1537,2,0.5325755908710541,0.24798998439937125,0.0,弄 搞,弄 搞,弄 搞,弄 搞
1538,1,,0.0,0.0,引,引,引,引
1539,2,0.4617778424592064,0.04496975827190162,0.0,转载 引用,转载 引用,转载 引用,转载 引用
1540,1,,0.0,0.0,张,张,张,张
1541,2,0.5096359126833356,0.2523595026286146,0.0,张扬 能人,能人 张扬,能人 张扬,张扬 能人
1542,10,0.4788941168416045,0.04881043947458136,0.3,浓郁 浓厚 气息 浓重 氛围 气氛 情调 色彩 弥漫 趣味,趣味 情调 弥漫 色彩 氛围 气息 浓郁 浓重,情调 气息 气氛 浓重 浓郁 趣味 氛围 色彩 浓厚 弥漫,浓郁 浓厚 气息 浓重 氛围 气氛 情调 色彩 弥漫 趣味
1543,4,0.46970784285906825,0.014582309894287169,0.5,补救 弥补 挽回 补偿,弥补 补偿 补救 挽回,补偿 补救 挽回 弥补,补救 弥补 挽回 补偿
1544,3,0.4675925403976855,0.12208206948053923,0.3333333333333333,韧性 弹性 耐性,耐性 弹性 韧性,弹性 韧性 耐性,韧性 弹性 耐性
1545,4,0.5647913237551635,0.16543819069227444,0.25,强迫 强行 强制 强加,强加 强迫 强行 强制,强制 强加 强行 强迫,强迫 强行 强制 强加
1546,2,0.46599193996485955,0.07750294801459556,0.0,归 母,归 母,归 母,归 母
1547,3,0.3794958359015479,-0.059609544298123394,1.0,归属 管辖 扣,管辖 扣 归属,扣 管辖 归属,归属 管辖 扣
1548,4,0.528370671196769,0.1768114224860946,0.0,归还 退回 返还 收回,退回 返还 收回 归还,收回 退回 返还 归还,归还 退回 返还 收回
1549,4,0.5774399699070111,0.20015424293600462,0.0,当众 当面 当着 当场,当场 当面 当着 当众,当面 当众 当场 当着,当众 当面 当着 当场
1550,4,0.41641851421316844,-0.022603812205522007,0.75,重中之重 当务之急 生命线 重心,重心 生命线 当务之急 重中之重,重心 重中之重 生命线 当务之急,重中之重 当务之急 生命线 重心
1551,10,0.5827955766682615,0.2587598566421296,0.0,那时 那时候 这时候 这时 此时 当时 时候 那会儿 此刻 时,时候 此刻 时 当时 那会儿 此时 这时 这时候,时候 那时候 那会儿 时 那时 这时 当时 这时候 此刻 此时,那时 那时候 这时候 这时 此时 当时 时候 那会儿 此刻 时
1552,4,0.5376676541543488,0.18204400498345358,0.0,真 真心 当真 真正,真正 当真 真心 真,真正 真 真心 当真,真 真心 当真 真正
1553,1,,0.0,0.0,录,录,录,录
1554,2,0.6989348767815708,0.5110593906086534,0.0,形容 比喻,比喻 形容,形容 比喻,形容 比喻
1555,4,0.5199787564591023,0.09231109075919475,0.25,朝夕相处 形影不离 相依为命 相伴,相伴 朝夕相处 形影不离 相依为命,形影不离 相依为命 朝夕相处 相伴,朝夕相处 形影不离 相依为命 相伴
1556,3,0.5495083701933375,0.24406739533190316,0.0,构成 形成 组成,形成 组成 构成,组成 形成 构成,构成 形成 组成
1557,10,0.4693793285720693,0.02690624006099713,0.4,风范 风貌 风采 气质 风格 气派 形象 面貌 风尚 本色,本色 气派 形象 风尚 面貌 气质 风格 风采,气派 风尚 风格 风采 风范 风貌 形象 本色 面貌 气质,风范 风貌 风采 气质 风格 气派 形象 面貌 风尚 本色
1558,21,0.4696954243053295,0.07096356100630122,0.38095238095238093,白色 黄色 蓝色 红色 灰色 黑色 蓝 色 紫 颜色 黑 白,紫 黄 白 灰 彩色 荧光 红 黑白,黄色 紫 红 绿 灰 白 黑色 红色 朱红 蓝色 黄 黑,白色 黄色 蓝色 红色 灰色 黑色 蓝 色 紫 颜色 黑 白 灰 红 黄 绿 朱红 斑点 黑白 荧光 彩色
1559,2,0.5857046048687945,0.30192096752332487,0.0,影子 身影,身影 影子,影子 身影,影子 身影
1560,1,,0.0,0.0,征,征,征,征
1561,1,,0.0,0.0,征求,征求,征求,征求
1562,4,0.60014207250315,0.19870861070517687,0.25,收集 搜集 采集 征集,征集 采集 搜集 收集,征集 采集 收集 搜集,收集 搜集 采集 征集
1563,3,0.3911945338024941,-0.048916734940609136,0.6666666666666666,雪上加霜 重创 得不偿失,重创 得不偿失 雪上加霜,重创 雪上加霜 得不偿失,雪上加霜 重创 得不偿失
1564,3,0.4797083961958237,0.148479616721975,0.0,有力 有效 得力,有效 得力 有力,得力 有效 有力,有力 有效 得力
1565,3,0.49980228989000713,0.15643252884294742,0.0,慢慢来 循序渐进 顺其自然,顺其自然 循序渐进 慢慢来,顺其自然 循序渐进 慢慢来,慢慢来 循序渐进 顺其自然
1566,4,0.5374137421423923,0.19775993819321333,0.0,无足轻重 微不足道 无关紧要 渺小,渺小 无关紧要 微不足道 无足轻重,微不足道 无关紧要 无足轻重 渺小,无足轻重 微不足道 无关紧要 渺小
1567,3,0.5200978044528192,0.17191477974162703,0.0,微弱 细微 轻微,微弱 轻微 细微,细微 微弱 轻微,微弱 细微 轻微
1568,2,0.4698611874813001,0.13112428615378963,0.0,美 德,德 美,德 美,美 德
1569,9,0.46887866171544346,0.09313298752177222,0.2222222222222222,心中 心里 眼里 眼前 脑海 面前 手里 心目 身边,手里 身边 面前 脑海 心目 眼前 心里 眼里,眼里 心目 心中 面前 身边 眼前 心里 手里 脑海,心中 心里 眼里 眼前 脑海 面前 手里 心目 身边
1570,10,0.4906477698266811,0.08789279249072149,0.4,诀窍 秘诀 窍门 绝招 技巧 要领 秘方 招数 心得 要点,招数 秘方 绝招 要点 技巧 心得 要领 窍门,绝招 诀窍 心得 技巧 要点 窍门 秘方 招数 秘诀 要领,诀窍 秘诀 窍门 绝招 技巧 要领 秘方 招数 心得 要点
1571,2,0.4910457468153878,0.0858909221155483,0.0,急 心急如焚,心急如焚 急,急 心急如焚,急 心急如焚
1572,1,,0.0,0.0,心爱,心爱,心爱,心爱
1573,4,0.3880025502868556,-0.057519237043637324,0.75,烦恼 心病 愁 解脱,愁 解脱 心病 烦恼,心病 愁 解脱 烦恼,烦恼 心病 愁 解脱
1574,7,0.5225700044320922,0.1714335720135082,0.0,视野 眼光 眼界 目光 视线 视角 心胸,视角 心胸 目光 眼界 视线 视野 眼光,视线 眼界 目光 眼光 视角 视野 心胸,视野 眼光 眼界 目光 视线 视角 心胸
1575,1,,0.0,0.0,必,必,必,必
1576,4,0.5337970589880924,0.22039461208330477,0.0,禁忌 忌讳 忌 忌口,忌口 忌讳 禁忌 忌,禁忌 忌讳 忌 忌口,禁忌 忌讳 忌 忌口
1577,13,0.48139311211167,0.06955926225027854,0.15384615384615385,忘记 惦记 挂念 忘不了 铭记 想念 念念不忘 记住 忘掉 牵挂 忘 牢记,忘掉 留恋 牢记 牵挂 想念 忘 铭记 忘记,牵挂 忘掉 忘 挂念 念念不忘 忘不了 想念 铭记 记住 牢记 留恋 惦记,忘记 惦记 挂念 忘不了 铭记 想念 念念不忘 记住 忘掉 牵挂 忘 牢记 留恋
1578,10,0.46675973334871373,0.06454028412506804,0.5,忠诚 忠心 忠贞 忠于 忠实 死心塌地 虔诚 背叛 痴心 纯洁,纯洁 痴心 死心塌地 虔诚 背叛 忠贞 忠于 忠实,背叛 纯洁 死心塌地 痴心 忠心 忠实 忠于 虔诚 忠诚 忠贞,忠诚 忠心 忠贞 忠于 忠实 死心塌地 虔诚 背叛 痴心 纯洁
1579,4,0.48935505846404254,0.1507889087878719,0.0,慢 快 迟 缓,迟 缓 快 慢,快 缓 慢 迟,慢 快 迟 缓
1580,4,0.4344650938181555,0.04071002110680441,0.25,逼 瞎 忽悠 装,装 忽悠 瞎 逼,瞎 逼 忽悠 装,逼 瞎 忽悠 装
1581,2,0.4806205585227674,0.14984918609549788,0.0,时好时坏 忽高忽低,时好时坏 忽高忽低,忽高忽低 时好时坏,时好时坏 忽高忽低
1582,5,0.4284947030800253,0.027208189305728707,0.2,抱 怀抱 揽 拥抱 捧,怀抱 捧 拥抱 揽 抱,抱 捧 揽 拥抱 怀抱,抱 怀抱 揽 拥抱 捧
1583,1,,0.0,0.0,怀旧,怀旧,怀旧,怀旧
1584,2,0.5624796542618591,0.23005880044161392,0.0,本着 怀着,怀着 本着,本着 怀着,本着 怀着
1585,5,0.4790310679688952,0.07380707976360737,0.0,路子 思路 方针 方向 路线,方向 思路 路子 方针 路线,思路 方针 路子 方向 路线,路子 思路 方针 方向 路线
1586,8,0.4953100594221205,0.12620440685584444,0.125,示威 抗议 罢工 游行 怠工 骚乱 挑衅 无理,无理 骚乱 挑衅 罢工 怠工 游行 示威 抗议,罢工 无理 示威 游行 抗议 骚乱 挑衅 怠工,示威 抗议 罢工 游行 怠工 骚乱 挑衅 无理
1587,5,0.5014654428023363,0.15225752094578135,0.2,打搅 打扰 理睬 打断 怠慢,怠慢 理睬 打断 打扰 打搅,打扰 打断 打搅 理睬 怠慢,打搅 打扰 理睬 打断 怠慢
1588,1,,0.0,0.0,急需,急需,急需,急需
1589,4,0.4508646088179358,0.11985675103974952,0.0,总体 整体 综合 总,总 综合 整体 总体,总体 总 整体 综合,总体 整体 综合 总
1590,3,0.4744973409915357,0.14499034588344742,0.0,梳理 整理 总结,总结 整理 梳理,总结 整理 梳理,梳理 整理 总结
1591,1,,0.0,0.0,总部,总部,总部,总部
1592,5,0.4922948980707956,0.07086500391713839,0.2,悲观 情绪 消极 负面 恐慌,悲观 恐慌 消极 情绪 负面,消极 恐慌 负面 情绪 悲观,悲观 情绪 消极 负面 恐慌
1593,2,0.4883305089703791,0.1393582681957784,0.0,恶性 恶意,恶意 恶性,恶意 恶性,恶性 恶意
1594,1,,0.0,0.0,悬念,悬念,悬念,悬念
1595,7,0.4682790080828531,0.07564124195460568,0.14285714285714285,摆放 放置 摆 摆设 陈列 悬挂 放,放 摆 摆设 悬挂 陈列 放置 摆放,摆放 陈列 摆 放 放置 悬挂 摆设,摆放 放置 摆 摆设 陈列 悬挂 放
1596,4,0.5141157927671941,0.16396325997253774,0.0,难以置信 难以想象 惊人 触目惊心,触目惊心 难以想象 惊人 难以置信,惊人 难以想象 难以置信 触目惊心,难以置信 难以想象 惊人 触目惊心
1597,7,0.5177362280444123,0.10788562905741017,0.2857142857142857,醒悟 觉醒 醒 惊醒 苏醒 清醒 觉悟,苏醒 惊醒 觉悟 醒 清醒 醒悟 觉醒,觉悟 醒 苏醒 清醒 醒悟 觉醒 惊醒,醒悟 觉醒 醒 惊醒 苏醒 清醒 觉悟
1598,1,,0.0,0.0,惯,惯,惯,惯
1599,1,,0.0,0.0,惯性,惯性,惯性,惯性
1600,6,0.527826581342625,0.15226689655055456,0.16666666666666666,猜测 揣测 猜想 想象 预料 猜,预料 想象 猜 揣测 猜想 猜测,猜想 猜测 猜 揣测 预料 想象,猜测 揣测 猜想 想象 预料 猜
1601,3,0.40325789934861533,-0.00490587697100936,0.6666666666666666,饶 赖 惹,赖 惹 饶,惹 饶 赖,饶 赖 惹
1602,4,0.49588393706268236,0.17035007698764487,0.0,意愿 积极性 热情 意向,热情 意向 积极性 意愿,热情 积极性 意向 意愿,意愿 积极性 热情 意向
1603,1,,0.0,0.0,愚公移山,愚公移山,愚公移山,愚公移山
1604,4,0.41776053884988756,0.021458167416865362,0.5,接济 慰劳 抚恤 节衣缩食,节衣缩食 抚恤 慰劳 接济,抚恤 慰劳 接济 节衣缩食,接济 慰劳 抚恤 节衣缩食
1605,3,0.3771693037686183,0.011452788351878676,0.6666666666666666,成型 成熟 铸造,铸造 成熟 成型,成型 成熟 铸造,成型 成熟 铸造
1606,3,0.41523968550941426,0.02166253601665041,0.3333333333333333,贪 戒 赌,赌 戒 贪,戒 赌 贪,贪 戒 赌
1607,3,0.3954458745426277,-0.016535241086490914,0.6666666666666666,策略 战略 操作,操作 战略 策略,操作 策略 战略,策略 战略 操作
1608,4,0.4306496226031016,0.030854909804159333,0.5,拦 挡 遮 截,遮 截 挡 拦,截 拦 挡 遮,拦 挡 遮 截
1609,4,0.5974108365323391,0.2689219083769214,0.0,直至 截至 直到 截止,截至 截止 直到 直至,截止 直至 直到 截至,直至 截至 直到 截止
1610,1,,0.0,0.0,戳,戳,戳,戳
1611,4,0.42402731898211127,0.0036885185798765513,0.5,眼镜 近视 眼 戴,眼 戴 近视 眼镜,眼镜 眼 戴 近视,眼镜 近视 眼 戴
1612,1,,0.0,0.0,所,所,所,所
1613,2,0.5076564987390255,0.16925228696057937,0.0,所在 所属,所在 所属,所在 所属,所在 所属
1614,1,,0.0,0.0,所谓,所谓,所谓,所谓
1615,2,0.5975937020015745,0.33381732814753196,0.0,自动 手动,自动 手动,手动 自动,自动 手动
1616,4,0.5024437657017543,0.13856036919676373,0.0,流程 程序 手续 步骤,手续 步骤 流程 程序,流程 步骤 程序 手续,流程 程序 手续 步骤
1617,4,0.44463009112032914,0.05988314333983896,0.25,根深蒂固 深深 扎根 深入人心,扎根 深入人心 深深 根深蒂固,深入人心 根深蒂固 扎根 深深,根深蒂固 深深 扎根 深入人心
1618,6,0.48917581410358335,0.09337415878773235,0.16666666666666666,捉 逮 捕 抓 捞 扑,抓 捞 扑 逮 捕 捉,扑 抓 捞 捕 捉 逮,捉 逮 捕 抓 捞 扑
1619,4,0.5214771840086495,0.21439821228270312,0.0,游戏机 游戏 麻将 扑克,麻将 游戏 游戏机 扑克,游戏 麻将 游戏机 扑克,游戏机 游戏 麻将 扑克
1620,5,0.4483175703713821,-0.008730961029041574,0.6,挨打 打 挨 耳光 打仗,打仗 耳光 挨打 打 挨,打 挨 耳光 打仗 挨打,挨打 打 挨 耳光 打仗
1621,10,0.47398299486147766,0.047796811843417567,0.2,消灭 歼灭 打败 打倒 摧毁 粉碎 推翻 灭 敌人 驱逐,敌人 驱逐 推翻 摧毁 打败 灭 歼灭 粉碎,灭 打败 摧毁 推翻 驱逐 歼灭 消灭 打倒 敌人 粉碎,消灭 歼灭 打败 打倒 摧毁 粉碎 推翻 灭 敌人 驱逐
1622,6,0.4603892858970703,0.07827208414810712,0.16666666666666666,询问 求证 追问 核实 打听 澄清,澄清 打听 询问 核实 追问 求证,询问 追问 澄清 核实 打听 求证,询问 求证 追问 核实 打听 澄清
1623,1,,0.0,0.0,打官司,打官司,打官司,打官司
1624,12,0.49587911227999176,0.026601009410550144,0.3333333333333333,电话 拨打 打电话 接听 拨通 来电 接通 热线 求助 通话 报警 投诉,投诉 报警 通话 求助 电话 热线 接通 来电,投诉 通话 热线 拨通 拨打 报警 求助 打电话 来电 电话 接听 接通,电话 拨打 打电话 接听 拨通 来电 接通 热线 求助 通话 报警 投诉
1625,5,0.47696837332134007,0.07826756803039686,0.2,琢磨 打磨 推敲 磨合 摸索,摸索 磨合 琢磨 打磨 推敲,摸索 磨合 推敲 打磨 琢磨,琢磨 打磨 推敲 磨合 摸索
1626,3,0.4474525807534933,0.10246759718914455,0.0,闪电 打雷 闪,打雷 闪 闪电,闪电 打雷 闪,闪电 打雷 闪
1627,7,0.4574639037836796,0.025870066188995008,0.42857142857142855,抬 扛 拖 撑 拉 搁 挪,扛 挪 搁 拉 拖 撑 抬,搁 撑 扛 拖 拉 抬 挪,抬 扛 拖 撑 拉 搁 挪
1628,8,0.43724163392991533,0.013602893178102558,0.625,扣押 扣留 拘留 没收 搜查 通缉 销毁 罚,罚 销毁 通缉 没收 搜查 扣押 拘留 扣留,拘留 罚 没收 搜查 销毁 扣留 扣押 通缉,扣押 扣留 拘留 没收 搜查 通缉 销毁 罚
1629,2,0.4826798883237656,0.1293834417992952,0.0,抵消 扣除,扣除 抵消,抵消 扣除,抵消 扣除
1630,5,0.48769618817572724,0.13020980947243926,0.0,监察 执法 监督 监管 检察,检察 监管 执法 监督 监察,检察 监察 执法 监督 监管,监察 执法 监督 监管 检察
1631,3,0.44976077912443135,0.1081269260392917,0.0,缩 表 扩,扩 表 缩,缩 扩 表,缩 表 扩
1632,4,0.44528349243963183,0.023977580394117022,0.25,膨胀 扩张 收缩 泡沫,泡沫 收缩 扩张 膨胀,收缩 膨胀 泡沫 扩张,膨胀 扩张 收缩 泡沫
1633,1,,0.0,0.0,扬,扬,扬,扬
1634,10,0.48582090793155225,0.07526063819275258,0.2,摆动 转动 旋转 摇晃 摇摆 跳动 跳跃 振动 扭 摇,跳跃 扭 摇晃 振动 摇 旋转 摇摆 跳动,摆动 摇 扭 跳跃 振动 跳动 转动 旋转 摇摆 摇晃,摆动 转动 旋转 摇晃 摇摆 跳动 跳跃 振动 扭 摇
1635,2,0.5768636479438305,0.28713837950543475,0.0,畸形 扭曲,扭曲 畸形,扭曲 畸形,畸形 扭曲
1636,3,0.45821340886645795,0.05656500118670053,0.0,首批 批 首,批 首 首批,批 首 首批,首批 批 首
1637,5,0.4890909289667647,0.06272221924367809,0.4,揭露 揭发 批判 揭 歌颂,揭 歌颂 批判 揭发 揭露,揭露 揭 揭发 批判 歌颂,揭露 揭发 批判 揭 歌颂
1638,1,,0.0,0.0,批发,批发,批发,批发
1639,2,0.45069804548282577,0.08204303669379362,0.0,赋予 承载,赋予 承载,赋予 承载,赋予 承载
1640,4,0.5105668119356526,0.15535840130124623,0.0,高科技 高新技术 科技 技术,高新技术 技术 科技 高科技,高科技 技术 科技 高新技术,高科技 高新技术 科技 技术
1641,2,0.48913631862243967,0.1581988539269337,0.0,把 被,把 被,把 被,把 被
1642,2,0.4745341742021778,0.14775877257494585,0.0,把柄 靶子,把柄 靶子,把柄 靶子,把柄 靶子
1643,3,0.4831294567925099,0.09992664771660002,0.0,调控 调节 抑制,抑制 调控 调节,调节 抑制 调控,调控 调节 抑制
1644,3,0.45854362558689027,0.08597519846072321,0.0,酣畅 自如 抑扬顿挫,抑扬顿挫 自如 酣畅,酣畅 抑扬顿挫 自如,酣畅 自如 抑扬顿挫
1645,3,0.6026286219232133,0.3299098687412618,0.0,牢牢 紧紧 抓住,抓住 紧紧 牢牢,抓住 紧紧 牢牢,牢牢 紧紧 抓住
1646,1,,0.0,0.0,投,投,投,投
1647,2,0.5637375616318009,0.29180590398952155,0.0,炒作 投机,炒作 投机,炒作 投机,炒作 投机
1648,3,0.4473780245602301,0.04230697790692828,0.3333333333333333,稿子 电子版 投稿,电子版 投稿 稿子,电子版 投稿 稿子,稿子 电子版 投稿
1649,3,0.4145314506309746,0.01835684726561235,0.3333333333333333,折磨 纠缠 考验,纠缠 考验 折磨,折磨 纠缠 考验,折磨 纠缠 考验
1650,2,0.462752074277902,0.099861497239802,0.0,放下 抛开,放下 抛开,抛开 放下,放下 抛开
1651,3,0.5337478318522137,0.1938167797576614,0.0,日报 晚报 报,报 日报 晚报,日报 报 晚报,日报 晚报 报
1652,4,0.45510689010228833,0.041253564511696386,0.5,汇报 通报 报告 报到,报到 通报 报告 汇报,汇报 报告 报到 通报,汇报 通报 报告 报到
1653,3,0.5031639117878199,0.14101662429287673,0.0,记者 采访 报道,报道 采访 记者,采访 记者 报道,记者 采访 报道
1654,2,0.6400075238576934,0.3775182565735462,0.0,抵押 担保,抵押 担保,抵押 担保,抵押 担保
1655,1,,0.0,0.0,押,押,押,押
1656,2,0.5180114715466732,0.1709804358027675,0.0,活动 抽奖,活动 抽奖,抽奖 活动,活动 抽奖
1657,1,,0.0,0.0,担,担,担,担
1658,4,0.4745610906989179,0.11829701125055178,0.0,拆除 拆迁 拆 装修,装修 拆除 拆迁 拆,拆 装修 拆迁 拆除,拆除 拆迁 拆 装修
1659,5,0.47085303263537154,0.05472805559521497,0.0,讨好 迎合 迁就 挑剔 拉拢,拉拢 挑剔 迎合 讨好 迁就,讨好 挑剔 拉拢 迁就 迎合,讨好 迎合 迁就 挑剔 拉拢
1660,2,0.48436339216308133,0.0957714785906432,0.0,招标 拍卖,拍卖 招标,招标 拍卖,招标 拍卖
1661,1,,0.0,0.0,拍戏,拍戏,拍戏,拍戏
1662,2,0.4855556574372828,0.11081554861402611,0.0,插 拔,拔 插,拔 插,插 拔
1663,1,,0.0,0.0,招,招,招,招
1664,2,0.601743849974264,0.2977057999542553,0.0,招牌 牌子,牌子 招牌,牌子 招牌,招牌 牌子
1665,6,0.4585477753292199,0.023883565294774072,0.5,拟定 筹划 筹备 酝酿 起草 拟,拟 筹划 筹备 酝酿 起草 拟定,酝酿 拟 起草 拟定 筹备 筹划,拟定 筹划 筹备 酝酿 起草 拟
1666,3,0.5202772758186639,0.21808575118209184,0.0,括弧 括号 省略,省略 括号 括弧,省略 括号 括弧,括弧 括号 省略
1667,2,0.4624373658791985,0.0909061821172538,0.0,豁出去 拼,豁出去 拼,拼 豁出去,豁出去 拼
1668,1,,0.0,0.0,拿手,拿手,拿手,拿手
1669,2,0.5129748897474893,0.1886299449098599,0.0,持有 持,持有 持,持有 持,持有 持
1670,2,0.45750918502586135,0.09778474931489678,0.0,持久 长效,持久 长效,持久 长效,持久 长效
1671,2,0.474326085857798,0.0971007564982623,0.0,无关 挂钩,无关 挂钩,无关 挂钩,无关 挂钩
1672,1,,0.0,0.0,指,指,指,指
1673,3,0.5342710896451578,0.2175362563376766,0.0,指导 指引 指南,指导 指南 指引,指南 指导 指引,指导 指引 指南
1674,3,0.49391681922211417,0.17274123490420945,0.0,特定 特殊 指定,指定 特殊 特定,指定 特定 特殊,特定 特殊 指定
1675,3,0.41698237954969103,0.024529929242698437,0.3333333333333333,爱理不理 敬而远之 指手画脚,指手画脚 敬而远之 爱理不理,爱理不理 指手画脚 敬而远之,爱理不理 敬而远之 指手画脚
1676,2,0.45593523411643866,0.040768171882048544,0.0,指标 指数,指数 指标,指标 指数,指标 指数
1677,2,0.5309725627320608,0.18564240750693883,0.0,按摩 桑拿,按摩 桑拿,桑拿 按摩,按摩 桑拿
1678,2,0.5063330477763757,0.14862392306448377,0.0,挑起 挑,挑 挑起,挑 挑起,挑起 挑
1679,3,0.49894325259549593,0.16163241935397074,0.0,挽 牵 搭,搭 牵 挽,牵 搭 挽,挽 牵 搭
1680,1,,0.0,0.0,捂,捂,捂,捂
1681,6,0.5363189099173202,0.12216080480374536,0.16666666666666666,毁坏 损坏 毁 烧毁 损 损失,烧毁 损失 损 毁 损坏 毁坏,损 毁 毁坏 损坏 损失 烧毁,毁坏 损坏 毁 烧毁 损 损失
1682,1,,0.0,0.0,据,据,据,据
1683,1,,0.0,0.0,掉队,掉队,掉队,掉队
1684,1,,0.0,0.0,排队,排队,排队,排队
1685,2,0.5475189433526335,0.23198922498928634,0.0,试探 探,探 试探,探 试探,试探 探
1686,9,0.5141680026113578,0.1357990751318071,0.2222222222222222,谈 谈论 聊 谈起 畅谈 讨论 探讨 讲 问,问 探讨 讲 讨论 谈起 畅谈 聊 谈论,畅谈 问 探讨 聊 谈 讲 谈论 谈起 讨论,谈 谈论 聊 谈起 畅谈 讨论 探讨 讲 问
1687,3,0.4939062736739191,0.12925766249949452,0.3333333333333333,接班 接班人 接手,接手 接班人 接班,接班人 接手 接班,接班 接班人 接手
1688,4,0.4661315073581753,0.07204422168007972,0.0,衔接 接轨 脱节 连接,脱节 连接 衔接 接轨,连接 脱节 衔接 接轨,衔接 接轨 脱节 连接
1689,2,0.49987445928295726,0.13446672751994115,0.0,接送 食宿,食宿 接送,食宿 接送,接送 食宿
1690,3,0.582238441521936,0.2730601742457924,0.0,操控 操纵 控制,控制 操控 操纵,操纵 操控 控制,操控 操纵 控制
1691,2,0.4542358734277019,0.12010040932504226,0.0,推 推荐,推 推荐,推 推荐,推 推荐
1692,3,0.436072130237435,0.05287507577106517,0.3333333333333333,逻辑 推理 规律,规律 推理 逻辑,规律 推理 逻辑,逻辑 推理 规律
1693,1,,0.0,0.0,措手不及,措手不及,措手不及,措手不及
1694,2,0.459168446818947,0.09116860703502971,0.0,提 提起,提 提起,提 提起,提 提起
1695,1,,0.0,0.0,提供,提供,提供,提供
1696,2,0.45506512373656216,0.0715514044765663,0.0,提炼 炼,提炼 炼,炼 提炼,提炼 炼
1697,3,0.41057852022766755,0.06433028475717112,0.3333333333333333,点评 评 提示,提示 评 点评,提示 点评 评,点评 评 提示
1698,2,0.46324558273172656,0.06205650374919376,0.0,提速 时速,时速 提速,时速 提速,提速 时速
1699,4,0.48805831674224803,0.09540682491668367,0.0,背着 驮 背 搀,搀 背着 驮 背,背着 搀 驮 背,背着 驮 背 搀
1700,2,0.5706493373250596,0.29897399219393184,0.0,搁置 搁浅,搁置 搁浅,搁浅 搁置,搁置 搁浅
1701,1,,0.0,0.0,搜,搜,搜,搜
1702,2,0.4718668956798526,0.14082172306620988,0.0,搭档 默契,默契 搭档,搭档 默契,搭档 默契
1703,1,,0.0,0.0,摇摇欲坠,摇摇欲坠,摇摇欲坠,摇摇欲坠
1704,1,,0.0,0.0,摇篮,摇篮,摇篮,摇篮
1705,1,,0.0,0.0,摊,摊,摊,摊
1706,1,,0.0,0.0,撇,撇,撇,撇
1707,2,0.5679469394964018,0.2749889328286512,0.0,撤离 撤,撤 撤离,撤离 撤,撤离 撤
1708,1,,0.0,0.0,攀,攀,攀,攀
1709,6,0.4812397207951105,0.08559611751414205,0.3333333333333333,零花钱 钱 私房钱 攒 积蓄 花,积蓄 花 攒 钱 零花钱 私房钱,零花钱 攒 钱 花 私房钱 积蓄,零花钱 钱 私房钱 攒 积蓄 花
1710,1,,0.0,0.0,收,收,收,收
1711,2,0.4600738338858543,0.09791445967238682,0.0,解放 收复,收复 解放,收复 解放,解放 收复
1712,3,0.5421266353038666,0.2478118100765184,0.0,混 改 混合,混合 改 混,改 混 混合,混 改 混合
1713,5,0.46984267362787674,0.079818386156495,0.2,编写 编排 编 编制 改编,改编 编写 编制 编 编排,编 改编 编写 编制 编排,编写 编排 编 编制 改编
1714,5,0.49086800993298363,0.09822468014109105,0.2,改良 改进 改造 革新 改装,革新 改装 改造 改进 改良,革新 改装 改进 改良 改造,改良 改进 改造 革新 改装
1715,4,0.4254099742942348,0.048728587908566205,0.5,死心 罢休 遂心 改邪归正,改邪归正 遂心 罢休 死心,罢休 死心 遂心 改邪归正,死心 罢休 遂心 改邪归正
1716,2,0.5763867761291492,0.28979319394397535,0.0,改革 改革开放,改革 改革开放,改革开放 改革,改革 改革开放
1717,5,0.4786140651205539,0.12264048427848451,0.0,研究 研讨 攻关 课题 论证,论证 研讨 课题 攻关 研究,攻关 研究 课题 研讨 论证,研究 研讨 攻关 课题 论证
1718,1,,0.0,0.0,放大,放大,放大,放大
1719,3,0.5340181950886173,0.14170863431365235,0.0,放过 错过 放弃,放弃 错过 放过,放过 放弃 错过,放过 错过 放弃
1720,1,,0.0,0.0,放水,放水,放水,放水
1721,4,0.4816886932326215,0.061171108958478035,0.25,放纵 腐化 纵容 颓废,颓废 腐化 纵容 放纵,纵容 颓废 腐化 放纵,放纵 腐化 纵容 颓废
1722,2,0.47915608604234383,0.12541719990953237,0.0,政府 行政,政府 行政,行政 政府,政府 行政
1723,4,0.4755248084371959,0.12186568071896306,0.25,武力 武装 暴力 政权,政权 暴力 武装 武力,武装 武力 暴力 政权,武力 武装 暴力 政权
1724,1,,0.0,0.0,效力,效力,效力,效力
1725,1,,0.0,0.0,效应,效应,效应,效应
1726,2,0.46760590295726334,0.09605825662571284,0.0,训 教,教 训,教 训,训 教
1727,2,0.5326605526219491,0.19090388380378456,0.0,迷信 教条,教条 迷信,迷信 教条,迷信 教条
1728,1,,0.0,0.0,教育部,教育部,教育部,教育部
1729,1,,0.0,0.0,散,散,散,散
1730,2,0.5113445419121736,0.1500365976444901,0.0,散布 谣言,谣言 散布,谣言 散布,散布 谣言
1731,2,0.477412494462395,0.1151564247003021,0.0,海量 数据,数据 海量,数据 海量,海量 数据
1732,2,0.48920097204006197,0.11646497735657971,0.0,整个 整,整 整个,整 整个,整个 整
1733,1,,0.0,0.0,整数,整数,整数,整数
1734,1,,0.0,0.0,文,文,文,文
1735,4,0.4326402377665537,-0.030694139947771905,0.75,表格 文件 格式 清单,文件 格式 清单 表格,清单 文件 格式 表格,表格 文件 格式 清单
1736,2,0.6319747213242006,0.3933046385842762,0.0,识字 文盲,识字 文盲,识字 文盲,识字 文盲
1737,1,,0.0,0.0,斗,斗,斗,斗
1738,1,,0.0,0.0,料,料,料,料
1739,3,0.4441747115159178,0.0327188801408111,0.3333333333333333,漏 误 断,误 断 漏,断 漏 误,漏 误 断
1740,3,0.42515795435951803,0.08025715764832883,0.3333333333333333,断断续续 间断 隐约,隐约 间断 断断续续,断断续续 间断 隐约,断断续续 间断 隐约
1741,7,0.5037688801284537,0.13412327338288685,0.14285714285714285,裂缝 破裂 裂痕 断裂 脱落 裂 破碎,脱落 裂 破碎 断裂 裂痕 破裂 裂缝,裂痕 裂缝 脱落 断裂 裂 破碎 破裂,裂缝 破裂 裂痕 断裂 脱落 裂 破碎
1742,2,0.5305094653182032,0.20565102013226436,0.0,新手 新人,新手 新人,新手 新人,新手 新人
1743,3,0.389470844231901,-0.01206833701523779,0.6666666666666666,新款 苹果 系列,系列 苹果 新款,苹果 新款 系列,新款 苹果 系列
1744,5,0.5374428091931996,0.12485652499893637,0.2,潮流 时尚 时髦 新潮 潮,潮 时髦 潮流 新潮 时尚,时尚 潮流 潮 新潮 时髦,潮流 时尚 时髦 新潮 潮
1745,1,,0.0,0.0,新生,新生,新生,新生
1746,3,0.52198901113943,0.21631839721507654,0.0,新鲜 鲜活 鲜,鲜 鲜活 新鲜,鲜活 鲜 新鲜,新鲜 鲜活 鲜
1747,3,0.5095743496748334,0.10831218318415115,0.0,计划 规划 方案,规划 方案 计划,规划 计划 方案,计划 规划 方案
1748,1,,0.0,0.0,施加,施加,施加,施加
1749,3,0.49557263259758705,0.11848833230340151,0.3333333333333333,旁观 袖手旁观 观望,观望 袖手旁观 旁观,旁观 袖手旁观 观望,旁观 袖手旁观 观望
1750,3,0.4980346488460481,0.17289510479757023,0.0,泥潭 陷 旋涡,旋涡 陷 泥潭,陷 旋涡 泥潭,泥潭 陷 旋涡
1751,2,0.49305139878255977,0.1006639892517964,0.0,无偿 无条件,无条件 无偿,无条件 无偿,无偿 无条件
1752,1,,0.0,0.0,无可奉告,无可奉告,无可奉告,无可奉告
1753,2,0.45067705468176156,0.07646434363486125,0.0,无家可归 饥饿,无家可归 饥饿,无家可归 饥饿,无家可归 饥饿
1754,3,0.5949135578212419,0.35291235431151985,0.0,无限 无穷 无边,无边 无限 无穷,无边 无限 无穷,无限 无穷 无边
1755,3,0.43765132654790756,0.08328580580337384,0.0,无缘 缺席 止步,缺席 止步 无缘,无缘 止步 缺席,无缘 缺席 止步
1756,2,0.47065906026710425,0.12875429733325394,0.0,日历 菜单,菜单 日历,菜单 日历,日历 菜单
1757,3,0.4397973375833361,0.04524020894880379,0.3333333333333333,过日子 日子 过不去,过不去 日子 过日子,过日子 过不去 日子,过日子 日子 过不去
1758,4,0.455694173188061,0.045698477754110386,0.25,期限 日期 时间 有效期,时间 期限 有效期 日期,日期 有效期 期限 时间,期限 日期 时间 有效期
1759,2,0.5004288224140017,0.1868671451163541,0.0,时间表 日程,时间表 日程,日程 时间表,时间表 日程
1760,1,,0.0,0.0,早晚,早晚,早晚,早晚
1761,1,,0.0,0.0,旭日,旭日,旭日,旭日
1762,1,,0.0,0.0,时事,时事,时事,时事
1763,4,0.4110617324322874,-0.02175866964980714,0.75,阶段 环节 过程 时段,时段 过程 环节 阶段,时段 环节 阶段 过程,阶段 环节 过程 时段
1764,2,0.5318227103343467,0.17351630116763572,0.0,旺盛 旺,旺盛 旺,旺 旺盛,旺盛 旺
1765,4,0.5039550234464586,0.075114084573131,0.5,旺季 淡季 高峰期 涨价,高峰期 涨价 旺季 淡季,高峰期 涨价 旺季 淡季,旺季 淡季 高峰期 涨价
1766,1,,0.0,0.0,昔日,昔日,昔日,昔日
1767,1,,0.0,0.0,星座,星座,星座,星座
1768,1,,0.0,0.0,映,映,映,映
1769,2,0.5566399611923161,0.30183605130272717,0.0,是非 非,是非 非,是非 非,是非 非
1770,6,0.5341116041200002,0.16606289051226983,0.0,看起来 看上去 看似 显得 看来 觉得,觉得 看来 看似 显得 看上去 看起来,看来 看起来 看似 觉得 显得 看上去,看起来 看上去 看似 显得 看来 觉得
1771,3,0.45796703259633453,0.021442069295016738,0.3333333333333333,资历 职位 晋升,职位 晋升 资历,资历 晋升 职位,资历 职位 晋升
1772,1,,0.0,0.0,晒,晒,晒,晒
1773,2,0.46414248127885793,0.0877197340129302,0.5,景 顺,顺 景,景 顺,景 顺
1774,4,0.46897485149596013,0.0941795655533595,0.0,裸露 露 暴露 裸,裸 暴露 露 裸露,露 裸 裸露 暴露,裸露 露 暴露 裸
1775,10,0.46384006167032027,0.04897230203457549,0.4,波涛 风浪 波浪 汹涌 暴风骤雨 暴风雨 波澜 浪 风暴 荡漾,荡漾 波澜 风暴 汹涌 暴风骤雨 暴风雨 浪 波浪,汹涌 浪 波涛 波浪 波澜 暴风雨 荡漾 暴风骤雨 风浪 风暴,波涛 风浪 波浪 汹涌 暴风骤雨 暴风雨 波澜 浪 风暴 荡漾
1776,1,,0.0,0.0,曝光,曝光,曝光,曝光
1777,1,,0.0,0.0,曲线,曲线,曲线,曲线
1778,3,0.393213771979049,-0.04550599872430113,0.6666666666666666,补充 更新 补,更新 补 补充,补充 更新 补,补充 更新 补
1779,2,0.6444581295298892,0.38592802079023847,0.0,最佳 最好,最佳 最好,最好 最佳,最佳 最好
1780,1,,0.0,0.0,月票,月票,月票,月票
1781,1,,0.0,0.0,有事,有事,有事,有事
1782,1,,0.0,0.0,有人,有人,有人,有人
1783,3,0.4259114900527714,0.05013356859610288,0.6666666666666666,有序 稳妥 秩序,稳妥 秩序 有序,稳妥 有序 秩序,有序 稳妥 秩序
1784,1,,0.0,0.0,有机,有机,有机,有机
1785,3,0.5000511406595584,0.1403885711854954,0.0,毒 有毒 臭,臭 毒 有毒,毒 有毒 臭,毒 有毒 臭
1786,1,,0.0,0.0,有的放矢,有的放矢,有的放矢,有的放矢
1787,1,,0.0,0.0,有的是,有的是,有的是,有的是
1788,4,0.37702315453990193,-0.0018708053064021186,0.75,金 银 黄金 服,黄金 服 银 金,黄金 服 金 银,金 银 黄金 服
1789,3,0.41754388667369313,-0.010978393425891375,0.6666666666666666,见钱眼开 眼红 朝三暮四,朝三暮四 眼红 见钱眼开,见钱眼开 眼红 朝三暮四,见钱眼开 眼红 朝三暮四
1790,6,0.5274897870174237,0.15271098574244898,0.0,生机 蓬勃 活力 焕发 朝气蓬勃 欣欣向荣,欣欣向荣 活力 焕发 朝气蓬勃 蓬勃 生机,蓬勃 朝气蓬勃 焕发 生机 活力 欣欣向荣,生机 蓬勃 活力 焕发 朝气蓬勃 欣欣向荣
1791,2,0.5748842298533761,0.2873266086114477,0.0,期 期中,期 期中,期 期中,期 期中
1792,3,0.45730486072681825,0.09260659111301035,0.0,老板 老大 木匠,老大 木匠 老板,老大 老板 木匠,老板 老大 木匠
1793,3,0.553539131034083,0.2434410927853343,0.0,经 经过 未经,未经 经 经过,经 经过 未经,经 经过 未经
1794,1,,0.0,0.0,末日,末日,末日,末日
1795,1,,0.0,0.0,本分,本分,本分,本分
1796,2,0.6163888959917798,0.35287844263533985,0.0,本来 本身,本来 本身,本来 本身,本来 本身
1797,1,,0.0,0.0,机构,机构,机构,机构
1798,3,0.43347527517449286,-0.03728634333058078,0.6666666666666666,计算机 硬件 机械,机械 硬件 计算机,计算机 硬件 机械,计算机 硬件 机械
1799,2,0.5092656703072773,0.11214325084592452,0.0,黑手 杀手,黑手 杀手,杀手 黑手,黑手 杀手
1800,4,0.478095887422842,0.025216100629055414,0.25,杀毒 浏览器 软件 防火墙,软件 防火墙 浏览器 杀毒,软件 防火墙 浏览器 杀毒,杀毒 浏览器 软件 防火墙
1801,6,0.5226910364957358,0.17063410727502556,0.0,权利 权力 职权 权 特权 行使,权利 特权 行使 权力 职权 权,权 行使 权利 权力 职权 特权,权利 权力 职权 权 特权 行使
1802,1,,0.0,0.0,权威,权威,权威,权威
1803,1,,0.0,0.0,杆,杆,杆,杆
1804,2,0.5237127246064753,0.20849397053857943,0.0,环境 条件,条件 环境,条件 环境,环境 条件
1805,1,,0.0,0.0,板,板,板,板
1806,2,0.4940114042060255,0.13205237420148347,0.0,限度 极限,限度 极限,极限 限度,限度 极限
1807,4,0.46009430622500824,0.08661896652076603,0.0,漆 蜡 锈 染,染 锈 蜡 漆,染 漆 锈 蜡,漆 蜡 锈 染
1808,2,0.5076465751907366,0.10185093737279273,0.0,柜台 网点,柜台 网点,网点 柜台,柜台 网点
1809,4,0.42850257852301876,0.015250675189124785,0.5,查 查询 查看 查出,查出 查看 查询 查,查询 查 查出 查看,查 查询 查看 查出
1810,4,0.40772997135569927,-0.021392176155770496,0.75,调查 调研 问卷 查明,查明 调研 问卷 调查,问卷 查明 调查 调研,调查 调研 问卷 查明
1811,1,,0.0,0.0,标,标,标,标
1812,4,0.4913706850850719,0.10417029890287652,0.0,标志 标示 记号 标签,标签 标示 标志 记号,标志 标签 标示 记号,标志 标示 记号 标签
1813,4,0.4673988336437817,0.10028916689804485,0.25,样品 样本 标本 样,样 标本 样品 样本,标本 样 样品 样本,样品 样本 标本 样
1814,2,0.4799780173434608,0.13602747347792907,0.0,脊梁 栋梁,脊梁 栋梁,脊梁 栋梁,脊梁 栋梁
1815,1,,0.0,0.0,栏,栏,栏,栏
1816,1,,0.0,0.0,校园,校园,校园,校园
1817,1,,0.0,0.0,核电站,核电站,核电站,核电站
1818,4,0.519551866411454,0.14021507613715206,0.0,防治 治理 根治 治,治理 防治 治 根治,治 根治 防治 治理,防治 治理 根治 治
1819,1,,0.0,0.0,格格不入,格格不入,格格不入,格格不入
1820,10,0.5073323800738065,0.07461087483020988,0.2,荷花 菊花 盛开 牡丹 梅花 桃花 玫瑰 花卉 花瓣 鲜花,玫瑰 桃花 花卉 花瓣 荷花 菊花 鲜花 牡丹,梅花 牡丹 桃花 花瓣 盛开 花卉 荷花 玫瑰 鲜花 菊花,荷花 菊花 盛开 牡丹 梅花 桃花 玫瑰 花卉 花瓣 鲜花
1821,1,,0.0,0.0,框,框,框,框
1822,1,,0.0,0.0,框架,框架,框架,框架
1823,1,,0.0,0.0,档,档,档,档
1824,2,0.5085294180850479,0.16000874526719097,0.0,档案 资料,资料 档案,资料 档案,档案 资料
1825,1,,0.0,0.0,桩,桩,桩,桩
1826,2,0.5178960382499278,0.15363565422878633,0.0,轮廓 棱角,轮廓 棱角,轮廓 棱角,轮廓 棱角
1827,1,,0.0,0.0,榨,榨,榨,榨
1828,1,,0.0,0.0,欠,欠,欠,欠
1829,1,,0.0,0.0,歇,歇,歇,歇
1830,1,,0.0,0.0,止,止,止,止
1831,2,0.7630964387524767,0.6008048884359396,0.0,正 正在,正在 正,正 正在,正 正在
1832,4,0.4525747100408963,0.024104631667305507,0.5,注视 直视 正视 观察,观察 正视 注视 直视,注视 直视 观察 正视,注视 直视 正视 观察
1833,1,,0.0,0.0,此致,此致,此致,此致
1834,4,0.40493884191052293,-0.024172482689489308,0.75,秃 牙 豁 歪,歪 牙 豁 秃,秃 牙 歪 豁,秃 牙 豁 歪
1835,3,0.4557306422947129,0.06681936997743494,0.3333333333333333,残 残留 残缺,残缺 残留 残,残 残缺 残留,残 残留 残缺
1836,1,,0.0,0.0,毛,毛,毛,毛
1837,1,,0.0,0.0,民用,民用,民用,民用
1838,1,,0.0,0.0,民间,民间,民间,民间
1839,4,0.45260217421776955,0.04354583445941756,0.5,液体 气泡 混浊 浮力,浮力 混浊 气泡 液体,气泡 浮力 液体 混浊,液体 气泡 混浊 浮力
1840,4,0.4685873964817912,0.08104991050202567,0.25,热气球 风筝 气球 龙舟,龙舟 气球 风筝 热气球,气球 龙舟 热气球 风筝,热气球 风筝 气球 龙舟
1841,3,0.569487983687925,0.289806052171741,0.0,水平 水准 能力,能力 水准 水平,能力 水准 水平,水平 水准 能力
1842,3,0.49130438594274617,0.1277513900272025,0.0,水手 海盗 航海,航海 水手 海盗,海盗 航海 水手,水手 海盗 航海
1843,2,0.45384829976728014,0.10292362942336974,0.0,水涨船高 缩水,缩水 水涨船高,水涨船高 缩水,水涨船高 缩水
1844,1,,0.0,0.0,水龙头,水龙头,水龙头,水龙头
1845,1,,0.0,0.0,汇,汇,汇,汇
1846,2,0.4625319554773435,0.057063620531990454,0.0,江 海,江 海,江 海,江 海
1847,7,0.46167909021658204,0.06557279885537852,0.2857142857142857,泥土 沙子 灰尘 渣子 石头 污秽 风沙,风沙 污秽 石头 渣子 泥土 灰尘 沙子,污秽 沙子 风沙 渣子 泥土 石头 灰尘,泥土 沙子 灰尘 渣子 石头 污秽 风沙
1848,1,,0.0,0.0,汪洋,汪洋,汪洋,汪洋
1849,4,0.5004248456976313,0.12530954119322496,0.25,汽油 油 燃油 石油,石油 燃油 油 汽油,油 汽油 燃油 石油,汽油 油 燃油 石油
1850,3,0.4765494778109302,0.12537529340902978,0.0,浮 沉 漂,漂 沉 浮,漂 沉 浮,浮 沉 漂
1851,3,0.43859795731538015,0.0032670168013407947,0.6666666666666666,笼罩 阴影 沉浸,沉浸 阴影 笼罩,笼罩 沉浸 阴影,笼罩 阴影 沉浸
1852,2,0.5877504243348117,0.2859374806265527,0.0,沏 茶,茶 沏,沏 茶,沏 茶
1853,1,,0.0,0.0,沙龙,沙龙,沙龙,沙龙
1854,3,0.45778190374287897,0.07149897900589308,0.3333333333333333,首府 首都 河畔,河畔 首都 首府,河畔 首府 首都,首府 首都 河畔
1855,5,0.4976873640080832,0.09806954893323513,0.2,火热 红火 火 火暴 沸腾,沸腾 红火 火 火暴 火热,火 红火 沸腾 火暴 火热,火热 红火 火 火暴 沸腾
1856,5,0.5358874785924572,0.15519648470101247,0.2,穿过 越过 穿越 跨越 沿,跨越 沿 穿越 越过 穿过,跨越 沿 越过 穿过 穿越,穿过 越过 穿越 跨越 沿
1857,5,0.46713553903326216,0.06930089353628185,0.0,泻 流 溢 泄 涌,流 泄 泻 溢 涌,溢 泄 泻 流 涌,泻 流 溢 泄 涌
1858,4,0.537879047106557,0.20598304148683771,0.0,盛行 流行 流传 泛滥,流传 泛滥 流行 盛行,流行 流传 泛滥 盛行,盛行 流行 流传 泛滥
1859,6,0.47524801268498557,0.06005799520865266,0.3333333333333333,粘 黏 湿 泥 渗 滑,泥 渗 滑 湿 黏 粘,粘 湿 渗 滑 泥 黏,粘 黏 湿 泥 渗 滑
1860,1,,0.0,0.0,注,注,注,注
1861,4,0.43375467279196545,0.04279785366727869,0.25,融入 融合 渗透 注入,注入 渗透 融合 融入,渗透 融合 融入 注入,融入 融合 渗透 注入
1862,1,,0.0,0.0,注册,注册,注册,注册
1863,1,,0.0,0.0,洋,洋,洋,洋
1864,1,,0.0,0.0,活跃,活跃,活跃,活跃
1865,2,0.45897326385644766,0.10361707176789825,0.0,流失 流动,流失 流动,流失 流动,流失 流动
1866,1,,0.0,0.0,流水,流水,流水,流水
1867,1,,0.0,0.0,流通,流通,流通,流通
1868,2,0.5893300341747907,0.3164611532747498,0.0,深 浅,深 浅,浅 深,深 浅
1869,3,0.5391310523836069,0.1829537689106606,0.0,稠 浓 稀,浓 稀 稠,稀 稠 浓,稠 浓 稀
1870,1,,0.0,0.0,海峡,海峡,海峡,海峡
1871,2,0.47772655105136264,0.10522855369838502,0.0,海绵 海藻,海藻 海绵,海绵 海藻,海绵 海藻
1872,10,0.4988393559708099,0.02645233101962689,0.4,货运 运输 海运 集装箱 航运 港口 货物 物流 铁路 邮政,港口 邮政 物流 货物 铁路 运输 航运 集装箱,邮政 物流 集装箱 货物 铁路 运输 航运 港口 海运 货运,货运 运输 海运 集装箱 航运 港口 货物 物流 铁路 邮政
1873,1,,0.0,0.0,消,消,消,消
1874,2,0.4938507773079228,0.12223481378199669,0.0,金融 消费,消费 金融,消费 金融,金融 消费
1875,2,0.5061674771871083,0.13532856031896354,0.0,盛 润,润 盛,盛 润,盛 润
1876,3,0.48334927160258784,0.03159156604979838,0.6666666666666666,覆盖 涵盖 辐射,涵盖 辐射 覆盖,覆盖 辐射 涵盖,覆盖 涵盖 辐射
1877,1,,0.0,0.0,淘,淘,淘,淘
1878,1,,0.0,0.0,淡化,淡化,淡化,淡化
1879,3,0.49943124898157126,0.15449000947722566,0.0,纵深 深入 深度,深度 深入 纵深,纵深 深入 深度,纵深 深入 深度
1880,2,0.5321000017012861,0.206404644417496,0.0,混淆 颠倒,混淆 颠倒,颠倒 混淆,混淆 颠倒
1881,1,,0.0,0.0,清,清,清,清
1882,2,0.46249255307752657,0.12518473564387578,0.0,通道 渠道,渠道 通道,通道 渠道,通道 渠道
1883,1,,0.0,0.0,港,港,港,港
1884,1,,0.0,0.0,滚动,滚动,滚动,滚动
1885,1,,0.0,0.0,滴,滴,滴,滴
1886,8,0.5216503848988254,0.12048061246091805,0.125,训练 练习 练 锻炼 苦练 演练 跑步 演习,跑步 锻炼 苦练 演习 演练 练 训练 练习,练 跑步 苦练 锻炼 训练 练习 演习 演练,训练 练习 练 锻炼 苦练 演练 跑步 演习
1887,2,0.5079069237669787,0.13984566784173524,0.0,漫游 长途,漫游 长途,长途 漫游,漫游 长途
1888,4,0.48880757417080667,0.11063290076512855,0.25,熏陶 潜移默化 陶冶 灌输,灌输 陶冶 潜移默化 熏陶,熏陶 陶冶 潜移默化 灌输,熏陶 潜移默化 陶冶 灌输
1889,2,0.49831642134287935,0.17386054282675495,0.0,鞭策 激励,鞭策 激励,激励 鞭策,鞭策 激励
1890,1,,0.0,0.0,激活,激活,激活,激活
1891,10,0.5385632189992549,0.17851379137103515,0.0,爆竹 烟花 鞭炮 焰火 燃放 烟火 香烟 蜡烛 烟 火柴,蜡烛 烟 火柴 香烟 燃放 焰火 烟火 爆竹,烟 烟火 烟花 蜡烛 香烟 火柴 焰火 燃放 爆竹 鞭炮,爆竹 烟花 鞭炮 焰火 燃放 烟火 香烟 蜡烛 烟 火柴
1892,8,0.5424714578978328,0.1750375479245026,0.125,灯 电灯 路灯 灯光 灯泡 盏 照明 灯笼,灯笼 盏 灯光 灯泡 电灯 灯 照明 路灯,灯 盏 照明 电灯 灯泡 灯笼 路灯 灯光,灯 电灯 路灯 灯光 灯泡 盏 照明 灯笼
1893,4,0.4620166615758441,0.0856912550085325,0.25,灵魂 魂 血脉 灵,灵 血脉 灵魂 魂,灵 血脉 魂 灵魂,灵魂 魂 血脉 灵
1894,1,,0.0,0.0,灵通,灵通,灵通,灵通
1895,4,0.458833371435824,0.11384184579821668,0.0,股票 股市 股 炒股,炒股 股 股市 股票,炒股 股票 股市 股,股票 股市 股 炒股
1896,2,0.5548808356776006,0.23649771038085018,0.0,碳 炭,炭 碳,碳 炭,碳 炭
1897,2,0.4954339104050658,0.2134197172542563,0.0,点子 点,点 点子,点 点子,点子 点
1898,2,0.48341789867798446,0.16123003972306343,0.0,点击率 票房,票房 点击率,点击率 票房,点击率 票房
1899,1,,0.0,0.0,热带,热带,热带,热带
1900,7,0.4993458536401747,0.08175951455682813,0.2857142857142857,零件 部件 配件 螺丝 组装 焊 阀门,阀门 焊 组装 螺丝 配件 部件 零件,焊 部件 零件 配件 螺丝 组装 阀门,零件 部件 配件 螺丝 组装 焊 阀门
1901,1,,0.0,0.0,焚烧,焚烧,焚烧,焚烧
1902,1,,0.0,0.0,焦,焦,焦,焦
1903,2,0.4714798358688519,0.13018225794226843,0.0,照常 照例,照常 照例,照例 照常,照常 照例
1904,1,,0.0,0.0,爆满,爆满,爆满,爆满
1905,2,0.5198787349268408,0.17798213847726374,0.0,爆炸 轰炸,爆炸 轰炸,轰炸 爆炸,爆炸 轰炸
1906,1,,0.0,0.0,爱国,爱国,爱国,爱国
1907,3,0.4354041667592082,0.07091677032145234,0.6666666666666666,爵士 绅士 魔术,魔术 绅士 爵士,爵士 绅士 魔术,爵士 绅士 魔术
1908,6,0.46783914247427727,0.04334120651997111,0.3333333333333333,爽 过瘾 馋 饱 醉 瘾,馋 醉 过瘾 瘾 饱 爽,爽 瘾 饱 馋 醉 过瘾,爽 过瘾 馋 饱 醉 瘾
1909,2,0.4599562113057234,0.04157369470651334,0.5,王牌 牌,牌 王牌,王牌 牌,王牌 牌
1910,2,0.48511221937898896,0.15088100952488143,0.0,特别 特,特别 特,特 特别,特别 特
1911,1,,0.0,0.0,状元,状元,状元,状元
1912,3,0.4795281674165441,0.13017510560812015,0.0,独自 独身 独,独自 独身 独,独 独自 独身,独自 独身 独
1913,1,,0.0,0.0,独家,独家,独家,独家
1914,3,0.5117423058268163,0.16997200181718666,0.0,自主 独立自主 自行,独立自主 自行 自主,独立自主 自行 自主,自主 独立自主 自行
1915,3,0.5663782011634383,0.2303804850367419,0.0,赠 赠送 献,献 赠 赠送,献 赠送 赠,赠 赠送 献
1916,1,,0.0,0.0,玄,玄,玄,玄
1917,1,,0.0,0.0,环,环,环,环
1918,1,,0.0,0.0,环球,环球,环球,环球
1919,1,,0.0,0.0,现场,现场,现场,现场
1920,2,0.4703266792131586,0.09681934860844002,0.0,玻璃 非金属,玻璃 非金属,玻璃 非金属,玻璃 非金属
1921,2,0.5548551380971118,0.2575942469640866,0.0,班 班长,班 班长,班 班长,班 班长
1922,1,,0.0,0.0,理,理,理,理
1923,1,,0.0,0.0,理想,理想,理想,理想
1924,5,0.4946981499750347,0.12661536389791261,0.0,雪 雨 霜 雾 瑞雪,瑞雪 雾 霜 雪 雨,霜 雨 雪 雾 瑞雪,雪 雨 霜 雾 瑞雪
1925,5,0.5263425257898753,0.1536940274471212,0.0,瓷 瓷器 陶瓷 窑 花瓶,陶瓷 花瓶 窑 瓷器 瓷,瓷器 窑 瓷 花瓶 陶瓷,瓷 瓷器 陶瓷 窑 花瓶
1926,1,,0.0,0.0,甜头,甜头,甜头,甜头
1927,1,,0.0,0.0,生,生,生,生
1928,3,0.4333310072468451,0.04964179960248866,0.3333333333333333,生平 生涯 简历,生涯 简历 生平,简历 生涯 生平,生平 生涯 简历
1929,1,,0.0,0.0,生意,生意,生意,生意
1930,1,,0.0,0.0,生物,生物,生物,生物
1931,5,0.47422917660544484,0.1026100098036075,0.2,用于 用来 适用 用途 限于,限于 用途 适用 用来 用于,用来 用于 适用 限于 用途,用于 用来 适用 用途 限于
1932,1,,0.0,0.0,由,由,由,由
1933,1,,0.0,0.0,电,电,电,电
1934,2,0.5451054998786405,0.20880691397845053,0.0,画蛇添足 画龙点睛,画龙点睛 画蛇添足,画蛇添足 画龙点睛,画蛇添足 画龙点睛
1935,4,0.5450429905366244,0.1871046047689776,0.0,销量 销售 销 畅销,销售 畅销 销量 销,畅销 销 销售 销量,销量 销售 销 畅销
1936,2,0.5140545830694209,0.1408747424776502,0.0,细菌 病毒,病毒 细菌,细菌 病毒,细菌 病毒
1937,4,0.5306047626813669,0.18659619833611818,0.0,脚印 足迹 痕迹 轨迹,轨迹 痕迹 足迹 脚印,痕迹 脚印 足迹 轨迹,脚印 足迹 痕迹 轨迹
1938,1,,0.0,0.0,登,登,登,登
1939,1,,0.0,0.0,登陆,登陆,登陆,登陆
1940,1,,0.0,0.0,白白,白白,白白,白白
1941,1,,0.0,0.0,百分点,百分点,百分点,百分点
1942,1,,0.0,0.0,百合,百合,百合,百合
1943,1,,0.0,0.0,皮,皮,皮,皮
1944,5,0.5860101582790783,0.24827433457312545,0.0,监控 跟踪 追踪 监视 监测,监测 监视 追踪 跟踪 监控,追踪 跟踪 监视 监测 监控,监控 跟踪 追踪 监视 监测
1945,1,,0.0,0.0,盘,盘,盘,盘
1946,5,0.5245085507306907,0.17564887606897683,0.0,盘算 算计 精打细算 算盘 算账,算账 精打细算 算盘 盘算 算计,盘算 算计 算账 精打细算 算盘,盘算 算计 精打细算 算盘 算账
1947,1,,0.0,0.0,目标,目标,目标,目标
1948,1,,0.0,0.0,目的地,目的地,目的地,目的地
1949,1,,0.0,0.0,直,直,直,直
1950,2,0.6261433469472352,0.3735925983414454,0.0,间接 直接,直接 间接,间接 直接,间接 直接
1951,1,,0.0,0.0,直线,直线,直线,直线
1952,3,0.34565544362174355,-0.0804050993307629,0.6666666666666666,记载 相传 陈述,相传 陈述 记载,相传 记载 陈述,记载 相传 陈述
1953,8,0.5773810835349185,0.22854173419278795,0.25,遇上 遇到 碰到 碰上 遭遇 遇 相遇 结识,相遇 结识 遭遇 遇 碰到 碰上 遇到 遇上,遇上 遇到 相遇 遭遇 遇 结识 碰上 碰到,遇上 遇到 碰到 碰上 遭遇 遇 相遇 结识
1954,4,0.4392048338353338,0.07209635198402198,0.25,看重 看中 看好 讲究,讲究 看好 看中 看重,看好 看中 讲究 看重,看重 看中 看好 讲究
1955,2,0.46382256914343234,0.09693636636908046,0.0,看得起 看得见,看得起 看得见,看得起 看得见,看得起 看得见
1956,2,0.46317173240926435,0.10725317057640614,0.0,真空 高压,真空 高压,真空 高压,真空 高压
1957,2,0.4579587339650617,0.03543483879025475,0.0,趁着 眼看,眼看 趁着,趁着 眼看,趁着 眼看
1958,1,,0.0,0.0,着想,着想,着想,着想
1959,1,,0.0,0.0,着落,着落,着落,着落
1960,1,,0.0,0.0,瞒,瞒,瞒,瞒
1961,2,0.6126968401325594,0.36520115423400634,0.0,突破 破,突破 破,破 突破,突破 破
1962,2,0.6925522988771398,0.48222140352525195,0.0,软 硬,硬 软,硬 软,软 硬
1963,4,0.5622101792414188,0.22183172330468437,0.0,确定 确认 认定 确立,确立 认定 确认 确定,确定 确立 确认 认定,确定 确认 认定 确立
1964,1,,0.0,0.0,社,社,社,社
1965,4,0.5428524077532522,0.2412945735151586,0.0,积累 累积 积淀 积,积 积淀 累积 积累,积 累积 积淀 积累,积累 累积 积淀 积
1966,1,,0.0,0.0,稍候,稍候,稍候,稍候
1967,2,0.4954055130681746,0.1396891073903922,0.0,草 稻草,草 稻草,草 稻草,草 稻草
1968,2,0.6182086096429444,0.3438350909201066,0.0,穴位 部位,穴位 部位,部位 穴位,穴位 部位
1969,4,0.5019653293690454,0.08654827248915835,0.5,空隙 间隙 空儿 间隔,间隔 空儿 间隙 空隙,间隔 间隙 空儿 空隙,空隙 间隙 空儿 间隔
1970,2,0.5340077121538653,0.208385216377813,0.0,突如其来 莫名其妙,莫名其妙 突如其来,突如其来 莫名其妙,突如其来 莫名其妙
1971,2,0.4548002210282305,0.062402392347378224,0.0,窒息 麻痹,麻痹 窒息,窒息 麻痹,窒息 麻痹
1972,1,,0.0,0.0,窗口,窗口,窗口,窗口
1973,1,,0.0,0.0,窝,窝,窝,窝
1974,1,,0.0,0.0,立,立,立,立
1975,2,0.4555923744445449,0.04308658107141075,0.5,立功 见义勇为,立功 见义勇为,立功 见义勇为,立功 见义勇为
1976,2,0.4554154550830606,0.0653955122612271,0.0,站 站台,站台 站,站 站台,站 站台
1977,3,0.5433699786728367,0.17907968997466864,0.0,行走 站立 走路,站立 走路 行走,站立 行走 走路,行走 站立 走路
1978,3,0.42863249076844595,-0.0046409824417691994,0.6666666666666666,竞技 赛车 竞赛,竞赛 赛车 竞技,竞赛 竞技 赛车,竞技 赛车 竞赛
1979,2,0.6249341127647359,0.3961741522821013,0.0,节 章,章 节,章 节,节 章
1980,3,0.6188313420292544,0.3280679438652549,0.0,级别 等级 级,等级 级 级别,级 等级 级别,级别 等级 级
1981,2,0.46217507686818915,0.06752312608864793,0.0,筋 麻,筋 麻,筋 麻,筋 麻
1982,3,0.3868132298829898,-0.054549848658439426,0.6666666666666666,答辩 辩护 评委,辩护 评委 答辩,答辩 辩护 评委,答辩 辩护 评委
1983,1,,0.0,0.0,策划,策划,策划,策划
1984,2,0.5288968495991677,0.2057448892530533,0.0,过滤 筛,过滤 筛,筛 过滤,过滤 筛
1985,1,,0.0,0.0,筹码,筹码,筹码,筹码
1986,2,0.6367788167046373,0.3720558897836632,0.0,精简 简化,简化 精简,简化 精简,精简 简化
1987,2,0.5491927884299506,0.21530624102567192,0.0,算了 算,算了 算,算 算了,算了 算
1988,1,,0.0,0.0,管,管,管,管
1989,7,0.4533775729027694,0.08170754959980286,0.2857142857142857,运营 运作 经营 运行 运转 管理 营业,营业 管理 经营 运转 运行 运营 运作,运作 营业 经营 管理 运转 运行 运营,运营 运作 经营 运行 运转 管理 营业
1990,1,,0.0,0.0,篇幅,篇幅,篇幅,篇幅
1991,2,0.45762354784018033,0.08041766242931431,0.0,粉 蜜,蜜 粉,粉 蜜,粉 蜜
1992,2,0.5951152408529201,0.29376960427667603,0.0,粗 细,粗 细,粗 细,粗 细
1993,3,0.4101573241062874,-0.02130055319684633,0.6666666666666666,精练 精 通顺,精 通顺 精练,精 通顺 精练,精练 精 通顺
1994,2,0.4572815988922321,0.0807514166353756,0.0,精品 经典,经典 精品,经典 精品,精品 经典
1995,4,0.45557364574539844,0.07735745071172902,0.0,精明 高明 足智多谋 远见,远见 足智多谋 高明 精明,足智多谋 高明 远见 精明,精明 高明 足智多谋 远见
1996,1,,0.0,0.0,系,系,系,系
1997,1,,0.0,0.0,素,素,素,素
1998,1,,0.0,0.0,素材,素材,素材,素材
1999,1,,0.0,0.0,紧凑,紧凑,紧凑,紧凑
2000,1,,0.0,0.0,红眼,红眼,红眼,红眼
2001,2,0.520578996124898,0.2184088851972229,0.0,纯粹 纯,纯粹 纯,纯粹 纯,纯粹 纯
2002,3,0.42215762564342924,0.010439859943152363,0.6666666666666666,脉络 脉搏 线索,线索 脉搏 脉络,线索 脉搏 脉络,脉络 脉搏 线索
2003,1,,0.0,0.0,结,结,结,结
2004,3,0.42574159616511004,0.018039054436710156,0.6666666666666666,绕行 绕 通行,通行 绕 绕行,绕行 通行 绕,绕行 绕 通行
2005,2,0.5512475847039184,0.2524204203080287,0.0,绝对 绝,绝对 绝,绝 绝对,绝对 绝
2006,1,,0.0,0.0,绝缘,绝缘,绝缘,绝缘
2007,1,,0.0,0.0,统一,统一,统一,统一
2008,4,0.5109484231237449,0.15306686044929063,0.0,缝合 缝 绷带 针,绷带 针 缝 缝合,缝 针 绷带 缝合,缝合 缝 绷带 针
2009,1,,0.0,0.0,缘故,缘故,缘故,缘故
2010,1,,0.0,0.0,网,网,网,网
2011,4,0.5114253701754781,0.1923312332720042,0.0,设置 设 设定 置,置 设定 设 设置,置 设 设置 设定,设置 设 设定 置
2012,1,,0.0,0.0,美中不足,美中不足,美中不足,美中不足
2013,3,0.6842128325272862,0.46839263082467436,0.0,美元 美金 英镑,英镑 美金 美元,英镑 美元 美金,美元 美金 英镑
2014,2,0.4559879787600283,0.10684594311187659,0.0,飞 翅膀,飞 翅膀,飞 翅膀,飞 翅膀
2015,2,0.5081048443605982,0.15333259499283697,0.0,翻番 翻,翻番 翻,翻 翻番,翻番 翻
2016,1,,0.0,0.0,老,老,老,老
2017,6,0.5277276057879536,0.1732441542484151,0.0,评判 评定 评价 评估 衡量 考核,考核 衡量 评估 评定 评价 评判,衡量 考核 评价 评估 评判 评定,评判 评定 评价 评估 衡量 考核
2018,1,,0.0,0.0,者,者,者,者
2019,1,,0.0,0.0,耐,耐,耐,耐
2020,1,,0.0,0.0,联想,联想,联想,联想
2021,3,0.49055016363644405,0.10103862159836315,0.0,远程 遥控 联网,遥控 联网 远程,远程 联网 遥控,远程 遥控 联网
2022,1,,0.0,0.0,联邦,联邦,联邦,联邦
2023,1,,0.0,0.0,胆,胆,胆,胆
2024,1,,0.0,0.0,胎,胎,胎,胎
2025,2,0.4665670781565173,0.07809104514063893,0.0,胜任 驾驭,驾驭 胜任,驾驭 胜任,胜任 驾驭
2026,1,,0.0,0.0,脱,脱,脱,脱
2027,1,,0.0,0.0,脱颖而出,脱颖而出,脱颖而出,脱颖而出
2028,2,0.46342253546495027,0.07689902136832329,0.0,腾 迈,腾 迈,腾 迈,腾 迈
2029,1,,0.0,0.0,膜,膜,膜,膜
2030,1,,0.0,0.0,自助,自助,自助,自助
2031,3,0.42695275315649045,0.01764975824657957,0.3333333333333333,自理 自立 自负,自负 自立 自理,自负 自理 自立,自理 自立 自负
2032,1,,0.0,0.0,致,致,致,致
2033,1,,0.0,0.0,致命,致命,致命,致命
2034,1,,0.0,0.0,舱,舱,舱,舱
2035,2,0.46751389055962045,0.09729622391907311,0.0,舵手 领袖,领袖 舵手,舵手 领袖,舵手 领袖
2036,2,0.501603042486841,0.13645120404924083,0.0,良心 黑心,良心 黑心,良心 黑心,良心 黑心
2037,1,,0.0,0.0,芦花,芦花,芦花,芦花
2038,1,,0.0,0.0,花样,花样,花样,花样
2039,1,,0.0,0.0,若干,若干,若干,若干
2040,1,,0.0,0.0,荆棘,荆棘,荆棘,荆棘
2041,1,,0.0,0.0,荒,荒,荒,荒
2042,2,0.5388027965781168,0.2045020083829005,0.0,落 落下,落 落下,落下 落,落 落下
2043,1,,0.0,0.0,落地,落地,落地,落地
2044,1,,0.0,0.0,落户,落户,落户,落户
2045,1,,0.0,0.0,蒙,蒙,蒙,蒙
2046,2,0.4535053428340843,0.035643559179599375,0.0,虚 邪,邪 虚,邪 虚,虚 邪
2047,1,,0.0,0.0,融,融,融,融
2048,1,,0.0,0.0,行,行,行,行
2049,3,0.3835826933087944,0.01254701327316895,0.6666666666666666,迈进 行列 飞跃,飞跃 行列 迈进,行列 飞跃 迈进,迈进 行列 飞跃
2050,1,,0.0,0.0,衍生,衍生,衍生,衍生
2051,1,,0.0,0.0,表现,表现,表现,表现
2052,1,,0.0,0.0,表面,表面,表面,表面
2053,2,0.4771058032458402,0.12355841785845775,0.0,衰老 长寿,衰老 长寿,衰老 长寿,衰老 长寿
2054,1,,0.0,0.0,裁,裁,裁,裁
2055,2,0.5091998324706624,0.17284648432894664,0.0,请求 要求,请求 要求,请求 要求,请求 要求
2056,1,,0.0,0.0,见外,见外,见外,见外
2057,1,,0.0,0.0,解剖,解剖,解剖,解剖
2058,5,0.5148248623620635,0.1544148275950194,0.0,解读 讲解 解析 解释 解说,解释 解说 讲解 解析 解读,解析 讲解 解释 解说 解读,解读 讲解 解析 解释 解说
2059,1,,0.0,0.0,触摸,触摸,触摸,触摸
2060,1,,0.0,0.0,警钟,警钟,警钟,警钟
2061,1,,0.0,0.0,计,计,计,计
2062,1,,0.0,0.0,认,认,认,认
2063,1,,0.0,0.0,讨,讨,讨,讨
2064,1,,0.0,0.0,让座,让座,让座,让座
2065,1,,0.0,0.0,许,许,许,许
2066,1,,0.0,0.0,证,证,证,证
2067,1,,0.0,0.0,试用期,试用期,试用期,试用期
2068,2,0.6132933544745336,0.33709908962745894,0.0,问世 诞生,诞生 问世,诞生 问世,问世 诞生
2069,1,,0.0,0.0,说干就干,说干就干,说干就干,说干就干
2070,2,0.5111342195957582,0.16019341704702558,0.0,走后门 说情,走后门 说情,走后门 说情,走后门 说情
2071,1,,0.0,0.0,说明书,说明书,说明书,说明书
2072,1,,0.0,0.0,请进,请进,请进,请进
2073,1,,0.0,0.0,调度,调度,调度,调度
2074,1,,0.0,0.0,负,负,负,负
2075,1,,0.0,0.0,负责,负责,负责,负责
2076,2,0.5679917665879461,0.28729608181879396,0.0,财产 遗产,财产 遗产,财产 遗产,财产 遗产
2077,1,,0.0,0.0,货,货,货,货
2078,3,0.5201694820426178,0.12025636088850157,0.3333333333333333,购买 购 采购,采购 购买 购,采购 购 购买,购买 购 采购
2079,2,0.5087668486833157,0.19094333477455183,0.0,贴近 走近,走近 贴近,贴近 走近,贴近 走近
2080,1,,0.0,0.0,资本,资本,资本,资本
2081,1,,0.0,0.0,资源,资源,资源,资源
2082,1,,0.0,0.0,赎,赎,赎,赎
2083,2,0.7607448329989656,0.5947251884243958,0.0,输家 赢家,输家 赢家,输家 赢家,输家 赢家
2084,1,,0.0,0.0,走过场,走过场,走过场,走过场
2085,6,0.4789988448224227,0.011781686526263416,0.3333333333333333,追逐 追赶 追 追求 追随 赶,追随 赶 追求 追赶 追逐 追,追逐 追随 追赶 追求 赶 追,追逐 追赶 追 追求 追随 赶
2086,3,0.47051626248650974,0.11356033226715401,0.0,起点 起跑线 起步,起跑线 起步 起点,起跑线 起点 起步,起点 起跑线 起步
2087,1,,0.0,0.0,超级,超级,超级,超级
2088,1,,0.0,0.0,跑龙套,跑龙套,跑龙套,跑龙套
2089,1,,0.0,0.0,跨,跨,跨,跨
2090,2,0.6250723671301094,0.34836763168895546,0.0,踏 踩,踏 踩,踏 踩,踏 踩
2091,4,0.5479277738441056,0.17358849070205848,0.25,车轮 轮子 车轴 轮胎,轮胎 车轴 轮子 车轮,轮子 车轮 车轴 轮胎,车轮 轮子 车轴 轮胎
2092,1,,0.0,0.0,转,转,转,转
2093,2,0.4590391853162712,0.039911456526082016,0.0,里程碑 转折点,里程碑 转折点,里程碑 转折点,里程碑 转折点
2094,1,,0.0,0.0,转让,转让,转让,转让
2095,2,0.6167942770101075,0.40499297873550405,0.0,轻 重,轻 重,重 轻,轻 重
2096,1,,0.0,0.0,辅助,辅助,辅助,辅助
2097,1,,0.0,0.0,输,输,输,输
2098,2,0.5597032967943218,0.22540756460838712,0.0,边境 边疆,边境 边疆,边疆 边境,边境 边疆
2099,2,0.4782868877302153,0.11336696631802672,0.0,过度 透支,过度 透支,透支 过度,过度 透支
2100,1,,0.0,0.0,过时,过时,过时,过时
2101,1,,0.0,0.0,运动,运动,运动,运动
2102,1,,0.0,0.0,还有,还有,还有,还有
2103,2,0.5784008259159669,0.2508226889599729,0.0,进展 进程,进程 进展,进展 进程,进展 进程
2104,1,,0.0,0.0,迟迟,迟迟,迟迟,迟迟
2105,2,0.5867220969470821,0.284582820225748,0.0,迷失 迷路,迷路 迷失,迷路 迷失,迷失 迷路
2106,1,,0.0,0.0,追溯,追溯,追溯,追溯
2107,5,0.5035009807912353,0.13244288558726008,0.0,适当 适度 适量 适时 适宜,适宜 适量 适时 适当 适度,适量 适时 适当 适度 适宜,适当 适度 适量 适时 适宜
2108,1,,0.0,0.0,透,透,透,透
2109,1,,0.0,0.0,通俗,通俗,通俗,通俗
2110,1,,0.0,0.0,通用,通用,通用,通用
2111,1,,0.0,0.0,逞强,逞强,逞强,逞强
2112,2,0.4544093358129493,0.08672450801146135,0.0,逢 顺势,逢 顺势,顺势 逢,逢 顺势
2113,1,,0.0,0.0,都市,都市,都市,都市
2114,1,,0.0,0.0,采,采,采,采
2115,1,,0.0,0.0,释放,释放,释放,释放
2116,4,0.5146636801387432,0.11730262996837468,0.0,重叠 重合 雷同 重复,雷同 重合 重复 重叠,重合 重叠 重复 雷同,重叠 重合 雷同 重复
2117,1,,0.0,0.0,野,野,野,野
2118,1,,0.0,0.0,野心,野心,野心,野心
2119,1,,0.0,0.0,金字塔,金字塔,金字塔,金字塔
2120,7,0.5425920186316847,0.19553246827580262,0.14285714285714285,铜 铅 铝 锡 金属 钢 铁,金属 铁 钢 铅 铝 锡 铜,金属 锡 钢 铝 铜 铅 铁,铜 铅 铝 锡 金属 钢 铁
2121,3,0.41221702941370936,0.013052004318606225,0.6666666666666666,锁 钥匙 锁定,钥匙 锁定 锁,锁定 锁 钥匙,锁 钥匙 锁定
2122,1,,0.0,0.0,银幕,银幕,银幕,银幕
2123,1,,0.0,0.0,锤子,锤子,锤子,锤子
2124,1,,0.0,0.0,长城,长城,长城,长城
2125,1,,0.0,0.0,长征,长征,长征,长征
2126,1,,0.0,0.0,门当户对,门当户对,门当户对,门当户对
2127,1,,0.0,0.0,闯,闯,闯,闯
2128,1,,0.0,0.0,闲,闲,闲,闲
2129,2,0.8785785645119271,0.7878342293822266,0.0,阴性 阳性,阴性 阳性,阳性 阴性,阴性 阳性
2130,1,,0.0,0.0,阴,阴,阴,阴
2131,3,0.4371490966575842,0.09096262718681171,0.0,阵容 阵营 阵,阵营 阵容 阵,阵营 阵 阵容,阵容 阵营 阵
2132,4,0.47657373761615585,0.04831358395080843,0.5,附加 附带 额外 附,附 额外 附加 附带,额外 附加 附带 附,附加 附带 额外 附
2133,1,,0.0,0.0,附件,附件,附件,附件
2134,1,,0.0,0.0,附属,附属,附属,附属
2135,1,,0.0,0.0,降温,降温,降温,降温
2136,1,,0.0,0.0,院,院,院,院
2137,2,0.7652805814609153,0.6069671766261031,0.0,随时 随时随地,随时随地 随时,随时随地 随时,随时 随时随地
2138,1,,0.0,0.0,随机,随机,随机,随机
2139,2,0.593295147337237,0.3652089745439717,0.0,隐形 隐性,隐性 隐形,隐性 隐形,隐形 隐性
2140,1,,0.0,0.0,隔,隔,隔,隔
2141,1,,0.0,0.0,集,集,集,集
2142,1,,0.0,0.0,集体,集体,集体,集体
2143,1,,0.0,0.0,集邮,集邮,集邮,集邮
2144,1,,0.0,0.0,零,零,零,零
2145,1,,0.0,0.0,露天,露天,露天,露天
2146,1,,0.0,0.0,露面,露面,露面,露面
2147,1,,0.0,0.0,青,青,青,青
2148,1,,0.0,0.0,面对面,面对面,面对面,面对面
2149,1,,0.0,0.0,面面俱到,面面俱到,面面俱到,面面俱到
2150,1,,0.0,0.0,革命,革命,革命,革命
2151,1,,0.0,0.0,页,页,页,页
2152,1,,0.0,0.0,顶,顶,顶,顶
2153,1,,0.0,0.0,顾,顾,顾,顾
2154,2,0.5011319749201056,0.18537753019317182,0.0,预报 预告,预告 预报,预报 预告,预报 预告
2155,2,0.5286951130511179,0.17928559821362547,0.0,预期 预计,预计 预期,预期 预计,预期 预计
2156,1,,0.0,0.0,领,领,领,领
2157,2,0.4760640561532846,0.11817360658337925,0.0,风 风力,风力 风,风力 风,风 风力
2158,1,,0.0,0.0,风云,风云,风云,风云
2159,1,,0.0,0.0,风和日丽,风和日丽,风和日丽,风和日丽
2160,1,,0.0,0.0,饭碗,饭碗,饭碗,饭碗
2161,1,,0.0,0.0,饱和,饱和,饱和,饱和
2162,1,,0.0,0.0,马后炮,马后炮,马后炮,马后炮
2163,1,,0.0,0.0,驯,驯,驯,驯
2164,1,,0.0,0.0,齐,齐,齐,齐
2165,1,,0.0,0.0,龙,龙,龙,龙
