community,size,mean_pair_cosine,mean_cosine_silhouette,negative_silhouette_fraction,representatives,boundary_words,deterministic_sample,all_members
0,1,,0.0,0.0,〇,〇,〇,〇
1,15,0.5433355888218225,0.2917391350963331,0.06666666666666667,四 五 六 三 七 八 九 二 两 十 第二 几,另 一 几 十 第 二 第二 两,第二 六 八 几 十 另 四 二 五 九 两 一,四 五 六 三 七 八 九 二 两 十 第二 几 第 一 另
2,32,0.3661115365919356,0.021692649783728212,0.4375,大多 大部分 大都 绝大多数 大多数 多数 基本上 全都 全部 几乎 大体上 一般,有的 无不 皆 半数 一一 大体 个别 通常,通常 基本 一般 部分 皆 通通 无不 大体上 或多或少 几乎 有的 大多,大多 大部分 大都 绝大多数 大多数 多数 基本上 全都 全部 几乎 大体上 一般 通常 统统 其余 大体 普遍 基本 半数 皆 或多或少 一律 通通 部分 一部分 大致 一概 有的 少数 无不 个别 一一
3,74,0.3739612933722107,-0.013314871826721524,0.5135135135135135,急忙 赶忙 连忙 慌忙 立刻 赶紧 忽然 猛然 马上 突然 悄悄 随即,缓缓 慢慢 趁机 骤然 自然而然 一齐 早已 偷偷,一瞬间 转身 慌忙 一齐 刚 自然而然 不经意 便 立刻 立即 一不小心 只得,急忙 赶忙 连忙 慌忙 立刻 赶紧 忽然 猛然 马上 突然 悄悄 随即 顿时 立即 匆匆 一下子 毫不犹豫 赶快 当即 索性 便 偷偷 不由得 下意识 匆忙 毅然 迫不及待 顺手 火速 不由自主 顾不得 渐渐 连滚带爬 只好 慢慢 不一会儿 恨不得 转身 缓缓 灵机一动 趁机 纷纷 早就 干脆 只得 不假思索 来不及 迅速 终于 一不小心 骤然 顾不上 转眼 一齐 一瞬间 不约而同 刚刚 刚 自然而然 不知不觉 连夜 瞬间 随手 早已 一刹那 特意 争先恐后 果断 小心翼翼 特地 快要 不经意 来得及 一晃
4,5,0.4018618234375976,0.08011820424511194,0.2,一鼓作气 一连 一口气 一举 连,连 一举 一口气 一连 一鼓作气,一鼓作气 一连 一口气 连 一举,一鼓作气 一连 一口气 一举 连
5,8,0.5010491940423188,0.2323432037075323,0.0,言行 举动 所作所为 一言一行 行为 一举一动 言论 行动,行动 言论 一举一动 一言一行 行为 所作所为 举动 言行,举动 行为 行动 言论 言行 一举一动 所作所为 一言一行,言行 举动 所作所为 一言一行 行为 一举一动 言论 行动
6,12,0.3693643343032643,-0.039500273388871236,0.8333333333333334,无能为力 一事无成 无济于事 一无所知 无所作为 一筹莫展 办不到 不了了之 一无所有 得不偿失 敬而远之 不成,不了了之 不成 无济于事 敬而远之 得不偿失 一无所有 一筹莫展 无所作为,无济于事 不成 不了了之 无所作为 无能为力 一筹莫展 敬而远之 一无所知 办不到 一无所有 一事无成 得不偿失,无能为力 一事无成 无济于事 一无所知 无所作为 一筹莫展 办不到 不了了之 一无所有 得不偿失 敬而远之 不成
7,30,0.38898666223522615,0.022905032143294035,0.4666666666666667,许多 一些 各种 诸多 众多 各式各样 好多 无数 这些 种种 不少 一系列,少量 乱七八糟 一系列 各个 这些 之类 一切 别的,若干 少量 些 不少 许多 无数 一连串 种种 形形色色 那些 别的 诸如此类,许多 一些 各种 诸多 众多 各式各样 好多 无数 这些 种种 不少 一系列 大量 那些 形形色色 大批 些 一连串 多种 各个 成千上万 所有 别的 一切 诸如此类 若干 其他 乱七八糟 之类 少量
8,21,0.377096266159928,0.05202069489633926,0.14285714285714285,后代 后裔 子孙 祖先 传承 传人 世代 家族 后人 继承 姓氏 一代,发扬光大 失传 族 姓 血缘 家族 代 血脉,祖先 子孙 祖传 姓 代 血脉 族 后人 后代 世代 姓氏 传承,后代 后裔 子孙 祖先 传承 传人 世代 家族 后人 继承 姓氏 一代 祖传 血缘 血脉 失传 姓 发扬光大 下一代 代 族
9,122,0.3849877846058179,-0.024339626693140506,0.6147540983606558,哎 唉 哎呀 呀 嘛 啊 哈哈 没事儿 咱 没劲 哼 闹着玩儿,吧 怎么 不怎么样 请坐 感觉 回来 你们 干什么,没关系 拜托 没意思 不像话 怎么 不得了 厉害 不要紧 那会儿 心眼儿 傻 笨蛋,哎 唉 哎呀 呀 嘛 啊 哈哈 没事儿 咱 没劲 哼 闹着玩儿 吧 嘿 小偷儿 挺好 再说 哇 你 你们 干吗 要不 快点儿 没意思 不行 人家 好玩儿 没说的 不要紧 啦 没关系 咱们 没辙 瞧 没用 人缘儿 离谱儿 这会儿 没错 玩意儿 玩儿 丢人 哦 活该 没 聊天儿 没法儿 好说 不像话 干什么 怕 废话 拜托 怎么 傻 敢情 回去 家伙 待会儿 说 实话 碍事 完了 用得着 晓得 够呛 有两下子 瞎 一点儿 这么 笨蛋 真 够 不敢当 想 对不起 算了 没什么 好好 懒得 何苦 请坐 好家伙 不得了 别 难听 用不着 说老实话 可不是 稀罕 好 说不上 费劲 完蛋 好听 回来 一会儿 那会儿 谢谢 凑合 叫 厉害 好久 胡说 感觉 实话实说 大伙儿 巴不得 活儿 心眼儿 不对 真心 慢慢来 要命 空儿 逼 也好 不怎么样 不算 岂有此理 一块儿 改日
10,2,0.4150197290199573,0.14909219370124677,0.0,为主 一体,一体 为主,为主 一体,为主 一体
11,18,0.43477345437975545,0.13287802340253874,0.16666666666666666,共计 总共 总计 一共 共 约 合计 大约 共有 累计 仅 折合,平均 将近 只有 至少 计 分别 累计 折合,共有 共 仅 约 总共 只有 总计 合计 大约 计 折合 将近,共计 总共 总计 一共 共 约 合计 大约 共有 累计 仅 折合 平均 至少 将近 分别 只有 计
12,23,0.3885696011905396,0.04921533336296238,0.4782608695652174,屡次 多次 接连 频频 再次 再度 一再 相继 先后 屡 接二连三 频繁,密集 反复 初次 一度 次 连续 陆续 率先,屡 频繁 三番五次 密集 曾 次 连续 再度 再次 多次 接二连三 反复,屡次 多次 接连 频频 再次 再度 一再 相继 先后 屡 接二连三 频繁 首次 三番五次 连续 曾 陆续 反复 一度 率先 次 初次 密集
13,296,0.37137526988941977,-0.03452239571615343,0.6925675675675675,羞愧 沮丧 诧异 气愤 心疼 惊讶 茫然 叹气 吃惊 难过 伤心 生气,扭头 眼泪 泪水 遗憾 受不了 过意不去 兴高采烈 原谅,哀求 取笑 惊慌失措 怜惜 佩服 插嘴 红扑扑 疲倦 吃惊 半信半疑 舍不得 由衷,羞愧 沮丧 诧异 气愤 心疼 惊讶 茫然 叹气 吃惊 难过 伤心 生气 惊诧 惭愧 惋惜 厌烦 慌张 伤感 怜惜 委屈 不耐烦 苦笑 好笑 焦躁 难为情 怨恨 愤怒 烦躁 胆怯 悔恨 苦恼 焦急 不解 激动 疑惑 难受 愁眉苦脸 惊慌 扫兴 害怕 悲哀 害臊 嫉妒 难堪 悲伤 痛心 失望 埋怨 心酸 不服气 不屑 感激 绝望 为难 慌乱 自责 责怪 冷笑 欣喜 轻蔑 不安 欣慰 责备 哭笑不得 妒忌 发愣 垂头丧气 高兴 摇头 心慌 羡慕 痛苦 兴奋 疲倦 畏惧 纳闷儿 惊奇 着急 哭泣 忧愁 哭 无可奈何 无奈 恐惧 后悔 疲惫 别扭 狼狈 嘲笑 漠然 失落 得意 哆嗦 反感 迷惑不解 感慨 泄气 敬佩 讥笑 凄凉 迟疑 自言自语 笑 咧嘴 烦闷 感动 惊慌失措 小声 嫌弃 慌 灰心 恨 恼羞成怒 悲痛 神情 发怒 尴尬 困惑 过意不去 呜咽 害羞 目瞪口呆 犹豫 奇怪 歉意 客气 流泪 自卑 恍然大悟 一声不吭 颤抖 得意扬扬 打岔 焦虑 恋恋不舍 安慰 发抖 耻笑 讨厌 好奇 气馁 不好意思 哀求 钦佩 骂 自豪 眉开眼笑 发脾气 一言不发 嬉笑 抱怨 畏缩 神气 惊叹 佩服 消沉 骄傲 忧郁 心里 取笑 震惊 半信半疑 唠叨 无话可说 疼 感到 不以为然 大声 开心 寂寞 依依不舍 走开 挂念 无聊 可笑 脸色 留恋 感叹 面红耳赤 冤枉 大惊小怪 介意 抱歉 忍不住 瞧不起 遗憾 丢脸 同情 不已 孤单 庆幸 赞叹 亲热 鄙视 孤独 点头 担心 沉默 无精打采 泪水 大吃一惊 恶心 沉思 扭头 胡闹 挖苦 眼泪 好意 忧虑 冷淡 怨气 痛快 嘲弄 厌倦 想念 疲惫不堪 情不自禁 絮叨 喜悦 可怜 插嘴 惨白 眼红 受不了 胡思乱想 通红 情愿 反问 可悲 看不起 怨言 窘迫 头疼 爱理不理 禁不住 愣 怀念 不理 表情 陶醉 目不转睛 怨 理睬 喜出望外 舍不得 质问 嚷 由衷 推辞 麻木 讽刺 口气 提心吊胆 同感 怀疑 不禁 牵挂 感触 微笑 犹豫不决 告辞 烦 交头接耳 吃力 压抑 不满 难看 迷惑 心急如焚 忙乱 原谅 瞪 心事 前仰后合 精疲力竭 满怀 夸奖 伤脑筋 发愁 振奋 着迷 一动不动 耻辱 红扑扑 说话 赞许 恐慌 担忧 开玩笑 挣扎 烦恼 思念 眼色 说道 兴高采烈 会意
14,4,0.3931357241401869,0.09086959406693731,0.25,过半 一半 半 完毕,完毕 半 一半 过半,半 完毕 过半 一半,过半 一半 半 完毕
15,37,0.37805707640363445,0.01275816827106455,0.4864864864864865,银行卡 存折 支票 信用卡 汇款 取款 挂失 存款 外币 账单 账户 取款机,贷款 硬币 信贷 款项 银行 密码 账 账户,取款 密码 银行 卡 钱包 款项 挂失 储蓄 一卡通 取款机 信用卡 付款,银行卡 存折 支票 信用卡 汇款 取款 挂失 存款 外币 账单 账户 取款机 钱包 活期 付款 储蓄 零钱 贷款 钞票 银行 话费 余额 现金 一卡通 借条 发票 磁卡 卡片 兑换 理财 款项 密码 卡 硬币 账 私房钱 信贷
16,16,0.38380196972418545,0.032225207948920524,0.4375,俗话 一句话 俗语 名言 句 话 俗话说 说法 笑话 的话 开场白 心里话,的话 古人 所谓 开场白 口号 说法 笑话 比喻,俗话说 心里话 句 古人 名言 俗话 俗语 话 说法 笑话 开场白 一句话,俗话 一句话 俗语 名言 句 话 俗话说 说法 笑话 的话 开场白 心里话 比喻 口号 古人 所谓
17,8,0.44286836523956224,0.16122660612775913,0.125,共同 联手 携手 一同 一起 联合 牵头 一道,牵头 一道 一起 一同 联合 共同 联手 携手,牵头 联手 一道 一起 共同 联合 携手 一同,共同 联手 携手 一同 一起 联合 牵头 一道
18,26,0.38194290348852616,0.03429019561448988,0.5,仍旧 仍然 始终 依然 依旧 一直 仍 一向 向来 一贯 从来 历来,暂 长期以来 至今 从来 亦 永远 迟迟 历来,始终 迟迟 历来 仍然 则 尚 一贯 仍 亦 仍旧 暂 从来,仍旧 仍然 始终 依然 依旧 一直 仍 一向 向来 一贯 从来 历来 永远 自始至终 至今 继续 迟迟 亦 一如既往 长期以来 尚 保持 多年来 则 维持 暂
19,16,0.36740124770906574,0.006779371165869013,0.5625,狭隘 片面 单纯 一味 笼统 僵化 盲目 纯粹 孤立 抽象 迷信 只顾,强加 封闭 抽象 盲目 纯粹 单方面 迷信 僵化,纯粹 笼统 盲目 僵化 强加 束缚 迷信 单方面 片面 只顾 封闭 单纯,狭隘 片面 单纯 一味 笼统 僵化 盲目 纯粹 孤立 抽象 迷信 只顾 单方面 束缚 强加 封闭
20,4,0.4486647939126443,0.1388745377095086,0.0,一塌糊涂 一干二净 一锅粥 面目全非,面目全非 一锅粥 一塌糊涂 一干二净,一锅粥 面目全非 一塌糊涂 一干二净,一塌糊涂 一干二净 一锅粥 面目全非
21,51,0.42291216442052676,0.09603549606809232,0.21568627450980393,晚上 早晨 早上 傍晚 夜里 中午 下午 清晨 上午 凌晨 一早 深夜,钟头 后天 星期 近日 黑夜 天 今日 今天,昨天 早晚 早晨 起床 彻夜 下午 通宵 凌晨 天 夜 一大早 晚间,晚上 早晨 早上 傍晚 夜里 中午 下午 清晨 上午 凌晨 一早 深夜 半夜 夜晚 白天 一大早 当晚 星期天 昨天 夜间 晚 起床 次日 前天 明天 当天 晚间 黄昏 今天 星期日 日夜 夜 通宵 从早到晚 醒来 天 当日 明日 日 星期 黑夜 钟头 夜班 准时 今日 彻夜 昼夜 早晚 后天 许 近日
22,31,0.40476778050272727,0.026600010146507713,0.3870967741935484,时常 常常 经常 时不时 不时 成天 整天 偶尔 有时 时时 老是 总是,免不了 每当 翻来覆去 没完没了 到处 不停 处处 平时,时常 时时 到处 常 动不动 不停 不免 不时 一天到晚 翻来覆去 总是 照例,时常 常常 经常 时不时 不时 成天 整天 偶尔 有时 时时 老是 总是 一天到晚 免不了 时而 常 到处 难免 不免 动不动 平时 不停 处处 随时 随时随地 照例 常年 有人 每当 翻来覆去 没完没了
23,7,0.38986176211923085,0.09431889452268805,0.2857142857142857,正面 反面 背面 侧面 一面 负面 一头,一头 负面 一面 侧面 背面 反面 正面,一面 背面 侧面 反面 正面 负面 一头,正面 反面 背面 侧面 一面 负面 一头
24,44,0.37915983227328526,-0.009947378006728097,0.5454545454545454,必须 要 就要 不必 会 可以 应该 非得 需要 不要 只能 须,不宜 必然 必将 再 能够 先 免得 迟早,不得不 必须 务必 先 再 可 将 应 会 不妨 不宜 不必,必须 要 就要 不必 会 可以 应该 非得 需要 不要 只能 须 不妨 应当 能 才能 不能不 务必 能够 何必 都会 应 势必 需 不得不 宁可 必将 不用 不至于 尽量 免得 必然 休想 无须 可能 不宜 可 将 将要 先 再 迟早 即可 一定
25,169,0.40435063074493244,0.053709186767893644,0.35502958579881655,姑姑 姐姐 妹妹 舅舅 哥哥 嫂子 爸爸 母亲 妈妈 奶奶 闺女 媳妇,朋友们 抚养 上司 长大 祖宗 少女 母子 仙女,爱人 太太 年迈 胖子 祖宗 子女 哥哥 疯子 朋友们 老太太 哥 她,姑姑 姐姐 妹妹 舅舅 哥哥 嫂子 爸爸 母亲 妈妈 奶奶 闺女 媳妇 女儿 弟弟 爸 父亲 姥姥 儿子 老婆 爷爷 伯母 叔叔 爹 妈 姥爷 大姐 外婆 孙女 父母 伯父 丈夫 老公 祖母 妻子 大哥 岳母 阿姨 亲戚 孩子 外公 长辈 岳父 家人 老太太 太太 姐 男朋友 继父 女朋友 伯伯 大爷 女婿 娘 继母 她 爱人 姑娘 孙子 老伴儿 小孩儿 姨 妹 亲人 老头儿 朋友 邻居 老乡 丫头 师父 弟 大人 儿女 女孩儿 同学 老人家 亲生 大妈 老汉 老人 两口子 姐妹 母女 小伙子 男人 女人 他 同事 老师 寡妇 祖父 我 师傅 贪玩儿 家里 男孩儿 一家人 同伴 徒弟 恩人 老家 俩 她们 保姆 小朋友 亲友 父女 新娘 战友 女生 情人 胖子 回家 仇人 娶 老王 亲朋好友 宝宝 男生 小姐 老大 乡亲 主人 子女 别人 老板 新郎 好心人 小时候 乡下 帅哥 乖 夫人 友人 全家 家长 哥 朋友们 母子 娃娃 疯子 老朋友 皇上 小王 宝贝 熟人 主妇 年迈 兄弟 辈 夫妇 家属 亲属 嫁 孝敬 班长 好友 父子 少女 公主 祖宗 相依为命 上司 抚养 女 仙女 长大 美女 从小 美人
26,12,0.37725869697668546,0.0305363958960804,0.4166666666666667,一路平安 一路顺风 心想事成 好运 保重 晚安 恭喜 再见 加油 一帆风顺 鹏程万里 一路,好运 鹏程万里 恭喜 一路 加油 一帆风顺 再见 保重,一帆风顺 保重 一路 再见 晚安 加油 一路平安 恭喜 一路顺风 鹏程万里 好运 心想事成,一路平安 一路顺风 心想事成 好运 保重 晚安 恭喜 再见 加油 一帆风顺 鹏程万里 一路
27,23,0.4329810256925537,0.13450654617766827,0.17391304347826086,北部 南部 东部 东南 西北 西南 中部 西部 北 南 东北 西,区域 首府 南方 地区 北方 地带 境内 一带,东北 东南 境内 北 南 东 北部 区域 东部 西部 南北 南方,北部 南部 东部 东南 西北 西南 中部 西部 北 南 东北 西 东 南北 北方 地区 交界 境内 南方 一带 首府 地带 区域
28,22,0.40482078269331506,0.05510897604486438,0.13636363636363635,辛苦 操劳 奔波 忙碌 劳累 忙活 忍饥挨饿 忙 操心 风餐露宿 苦 东奔西走,犯愁 艰苦 干 操心 吃不上 受苦 日复一日 繁忙,忍饥挨饿 艰苦 干 忙 操心 操劳 犯愁 劳累 繁忙 一年到头 东奔西走 日复一日,辛苦 操劳 奔波 忙碌 劳累 忙活 忍饥挨饿 忙 操心 风餐露宿 苦 东奔西走 吃苦 艰苦 吃不上 受苦 一年到头 苦力 繁忙 日复一日 干 犯愁
29,10,0.36670076067059637,0.01240689584009999,0.4,齐全 完备 一应俱全 完整 成熟 配套 完好 发达 应有尽有 发育,发育 应有尽有 完整 发达 成熟 一应俱全 配套 完好,完整 齐全 完好 完备 配套 成熟 发育 发达 一应俱全 应有尽有,齐全 完备 一应俱全 完整 成熟 配套 完好 发达 应有尽有 发育
30,58,0.36356680325274354,-0.011785504038507229,0.5689655172413793,努力 竭尽全力 全力 尽力 全力以赴 一心一意 竭力 坚持不懈 兢兢业业 奋力 拼命 不懈,尽可能 尽力 试图 刻意 致力于 钻研 切实 用功,谋求 坚决 专心 废寝忘食 争分夺秒 不懈 致力于 刻苦 前赴后继 用心 用功 顽强,努力 竭尽全力 全力 尽力 全力以赴 一心一意 竭力 坚持不懈 兢兢业业 奋力 拼命 不懈 千方百计 齐心协力 全心全意 刻苦 拼搏 想方设法 极力 奋勇 争分夺秒 苦心 夜以继日 辛勤 诚心诚意 用心 废寝忘食 专心 聚精会神 认真 积极 持之以恒 苦练 致力于 大力 精益求精 力求 设法 顽强 精心 钻研 默默 一心 加紧 发愤图强 奋斗 执着 勇往直前 力争 争取 切实 刻意 谋求 坚决 用功 试图 前赴后继 尽可能
31,16,0.4162970960136374,0.06877623308509634,0.125,单调 枯燥 粗糙 生硬 沉闷 冗长 简单 单薄 陈旧 笨重 杂乱无章 潦草,简短 单一 平淡 简单 一成不变 潦草 陈旧 笨重,粗糙 简单 笨重 简短 陈旧 冗长 单薄 单调 生硬 枯燥 潦草 一成不变,单调 枯燥 粗糙 生硬 沉闷 冗长 简单 单薄 陈旧 笨重 杂乱无章 潦草 平淡 简短 一成不变 单一
32,3,0.410067076847217,0.1132724042029109,0.0,一手 第一手 亲手,第一手 亲手 一手,第一手 亲手 一手,一手 第一手 亲手
33,57,0.3686677873591563,-0.02862660358738739,0.5964912280701754,魄力 才华 毅力 功力 天分 功底 天赋 气魄 本事 本领 素养 勇气,能耐 胆子 眼界 技巧 心胸 风范 激情 情怀,技艺 技能 胆子 激情 气势 实力 绝技 斗志 功力 功夫 功底 魄力,魄力 才华 毅力 功力 天分 功底 天赋 气魄 本事 本领 素养 勇气 志气 修养 品德 阅历 抱负 口才 素质 学问 情怀 眼界 斗志 责任感 底蕴 人品 劲头 见识 能力 手艺 基本功 技巧 耐性 觉悟 心思 实力 境界 本钱 技艺 能耐 力气 心胸 一技之长 技能 气势 风范 胆子 野心 感染力 出息 底子 激情 功夫 知识 品行 绝技 决心
34,7,0.39964835337456234,0.10924280508710714,0.14285714285714285,廉洁 廉政 诚信 公仆 廉正 文明 一把手,一把手 文明 廉正 公仆 诚信 廉政 廉洁,诚信 廉政 廉洁 廉正 一把手 文明 公仆,廉洁 廉政 诚信 公仆 廉正 文明 一把手
35,1,,0.0,0.0,一揽子,一揽子,一揽子,一揽子
36,8,0.4207210558866384,0.07198156487094398,0.25,方面 多方面 层面 方方面面 入手 角度 一方面 下功夫,角度 一方面 下功夫 层面 入手 方方面面 多方面 方面,入手 多方面 方面 下功夫 角度 一方面 层面 方方面面,方面 多方面 层面 方方面面 入手 角度 一方面 下功夫
37,68,0.41418707916341285,0.03977981629325061,0.35294117647058826,旁边 后边 前边 外边 那边 那儿 里边 前面 后面 上边 下边 旁,身上 右边 左边 里 中间 眼里 里面 附近,眼里 门口 孤零零 旁边 周围 一边 上 城里 上头 跟前 旁 左边,旁边 后边 前边 外边 那边 那儿 里边 前面 后面 上边 下边 旁 底下 外面 外头 远处 那里 左边 对面 上面 门口 这边 右边 这儿 东边 楼下 西边 里面 里头 南边 跟前 北边 一旁 楼上 两边 下面 里 路边 身边 周围 岸上 后头 隔壁 边 中间 前头 老远 台上 地上 一边 这里 挨着 上头 前方 两侧 城里 眼前 孤零零 面前 手里 刚才 身上 空荡荡 附近 眼里 郊外 上 周边
38,8,0.353237630010414,0.0033016046083039156,0.375,若 一旦 凡是 凡 万一 当 遇 有的是,凡 遇 有的是 万一 一旦 当 若 凡是,凡 当 遇 若 凡是 有的是 万一 一旦,若 一旦 凡是 凡 万一 当 遇 有的是
39,15,0.4327816224557108,0.12690986331287102,0.06666666666666667,眼下 目前 如今 当下 现在 当前 当今 当时 此刻 近来 此时 迄今为止,一时 此时 当今 迄今 近年来 此刻 现在 当时,迄今 现在 当下 当今 当前 当时 迄今为止 目前 眼下 此刻 此时 近来,眼下 目前 如今 当下 现在 当前 当今 当时 此刻 近来 此时 迄今为止 近年来 迄今 一时
40,22,0.41159810107138356,0.0840840129719344,0.22727272727272727,相同 相似 一模一样 截然不同 不同 有所不同 大同小异 类似 一样 雷同 不相上下 与众不同,不同寻常 一样 同类 似曾相识 同一 格格不入 相等 差不多,不同寻常 不同 一模一样 大同小异 同一 雷同 同样 同等 同类 有所不同 相同 类似,相同 相似 一模一样 截然不同 不同 有所不同 大同小异 类似 一样 雷同 不相上下 与众不同 差不多 同等 不同寻常 同样 同一 相等 格格不入 相提并论 似曾相识 同类
41,8,0.4202632565595099,0.08422735757229688,0.25,很难说 定论 难说 不得而知 见仁见智 一概而论 未知数 因人而异,未知数 因人而异 不得而知 难说 定论 见仁见智 一概而论 很难说,不得而知 一概而论 很难说 因人而异 定论 未知数 见仁见智 难说,很难说 定论 难说 不得而知 见仁见智 一概而论 未知数 因人而异
42,1,,0.0,0.0,一次性,一次性,一次性,一次性
43,1,,0.0,0.0,一毛不拔,一毛不拔,一毛不拔,一毛不拔
44,33,0.3659752387215247,-0.01804768192585073,0.6060606060606061,雄厚 优良 出色 优异 出众 深厚 丰富 良好 强大 丰厚 优越 优秀,广阔 顶尖 充足 丰盛 先进 巨大 不错 丰硕,优质 优越 优良 顶尖 优秀 得天独厚 优异 宽广 杰出 先进 丰硕 丰盛,雄厚 优良 出色 优异 出众 深厚 丰富 良好 强大 丰厚 优越 优秀 卓越 得天独厚 过硬 充沛 广阔 可观 丰硕 一流 高超 杰出 充足 宽广 优质 悠久 先进 庞大 不错 领先 顶尖 巨大 丰盛
45,11,0.3914310667313356,0.037844579844301014,0.18181818181818182,生平 早年 晚年 一生 生前 祖籍 出生 出身 逝世 生涯 出道,出生 祖籍 出道 一生 生涯 逝世 生前 生平,祖籍 逝世 晚年 生涯 出道 生前 生平 出身 出生 一生 早年,生平 早年 晚年 一生 生前 祖籍 出生 出身 逝世 生涯 出道
46,2,0.552211614295748,0.35775469669888726,0.0,番 一番,一番 番,番 一番,番 一番
47,2,0.4017269784914621,0.10429705882037182,0.0,分明 一目了然,一目了然 分明,一目了然 分明,分明 一目了然
48,16,0.4090469332776481,0.044676707758966275,0.25,低头 回头 抬头 一眼 左顾右盼 打量 停下 站住 东张西望 招手 俯首 过头,站住 注视 举手 走近 直视 过头 停下 打量,俯首 注视 停下 打量 站住 举手 直视 回头 左顾右盼 东张西望 招手 低头,低头 回头 抬头 一眼 左顾右盼 打量 停下 站住 东张西望 招手 俯首 过头 注视 直视 走近 举手
49,5,0.4179708957672129,0.09485544448148772,0.0,第一线 前线 一线 基层 边疆,边疆 基层 一线 前线 第一线,边疆 第一线 前线 一线 基层,第一线 前线 一线 基层 边疆
50,6,0.3894412909750066,0.0941603762234628,0.0,未经 经 事先 经过 预先 一经,经过 预先 一经 事先 经 未经,事先 经 经过 未经 预先 一经,未经 经 事先 经过 预先 一经
51,2,0.48138320855023276,0.2268039431493385,0.0,共识 一致,一致 共识,一致 共识,共识 一致
52,24,0.4244048553007961,0.11270278722950056,0.125,此外 由此可见 由此看来 事实上 除此之外 据悉 因此 相比之下 综上所述 相对而言 这就是说 这样一来,可想而知 总的来说 显而易见 除此之外 另一方面 据此 据 恰恰相反,据悉 据此 据 这就是说 可想而知 相比之下 综上所述 相反 另一方面 因此 这样一来 由此可见,此外 由此可见 由此看来 事实上 除此之外 据悉 因此 相比之下 综上所述 相对而言 这就是说 这样一来 另一方面 相反 众所周知 总的来说 可见 一般来说 恰恰相反 为此 据 显而易见 据此 可想而知
53,32,0.39351845564459215,0.05384485994303314,0.15625,拜访 参观 拜会 接见 会见 视察 看望 访问 探望 陪同 应邀 拜见,邀请 率领 光临 应邀 询问 采访 讲学 招待,询问 看望 参观 实地 光临 拜会 采访 一行 探望 会见 代表团 应邀,拜访 参观 拜会 接见 会见 视察 看望 访问 探望 陪同 应邀 拜见 考察 观摩 来访 出访 邀请 采访 听取 代表团 察看 实地 观看 招待 接待 调研 贵宾 询问 光临 讲学 一行 率领
54,18,0.3983482928860172,0.03739935289090922,0.3333333333333333,路途 路上 途中 路程 旅途 旅程 一路上 中途 沿途 行程 迷路 路,过程 路 路程 行走 趟 行程 迷路 问路,旅途 顺路 沿途 旅程 一路上 迷路 半路 行程 路 趟 路途 问路,路途 路上 途中 路程 旅途 旅程 一路上 中途 沿途 行程 迷路 路 顺路 趟 问路 半路 行走 过程
55,102,0.40851245353070786,0.05481263313990681,0.3627450980392157,衬衣 袜子 衣服 毛衣 衬衫 大衣 裙子 围巾 裤子 外套 上衣 拖鞋,塑料袋 珠宝 胶带 背包 圆珠笔 火柴 玩具 罩,眼镜 铅笔 背包 背心 枕头 一身 球拍 伞 拖鞋 穿 婚纱 罩,衬衣 袜子 衣服 毛衣 衬衫 大衣 裙子 围巾 裤子 外套 上衣 拖鞋 鞋 皮鞋 短裤 牛仔裤 领带 西装 凉鞋 羽绒服 内衣 雨衣 球鞋 毛巾 手套 背心 毯子 皮包 衣架 穿着 旗袍 手帕 礼服 被子 高跟鞋 服装 帽子 蚊帐 梳子 睡袋 枕头 拉锁 口罩 牙刷 书包 纽扣 项链 水壶 靴子 穿 款式 首饰 地毯 肥皂 眼镜 服饰 扇子 铅笔 背包 沐浴露 绷带 婚纱 皮带 手表 兜儿 外衣 制服 发型 刷子 辫子 洗衣粉 尼龙 香水 保暖 圆珠笔 钢笔 牙膏 时装 装扮 戒指 丝绸 文具 打扮 戴 化妆 球拍 用品 胶带 男士 透气 本子 伞 家具 橡皮 玩具 口袋 火柴 塑料袋 纱 罩 珠宝 一身
56,9,0.42078952712766804,0.12628994956047246,0.1111111111111111,长久 终生 长期 终身 持久 永久 永恒 一辈子 长效,长效 永恒 一辈子 永久 持久 长期 终身 终生,持久 一辈子 终身 永久 永恒 长久 终生 长效 长期,长久 终生 长期 终身 持久 永久 永恒 一辈子 长效
57,29,0.36128372853242696,-0.00038226942659636833,0.5862068965517241,宽度 长度 厚度 直径 尺寸 宽 厘米 体积 窄 重量 厚 毫米,性能 大小 容量 粗 薄 焦距 强度 一长一短,密度 长短 厚 宽 寸 尺 厚度 性能 窄 粗 短 宽度,宽度 长度 厚度 直径 尺寸 宽 厘米 体积 窄 重量 厚 毫米 长 寸 尺 长短 规格 焦距 粗 薄 大小 密度 短 全长 容量 强度 一长一短 阔 性能
58,31,0.39546693626885715,0.042329041715570254,0.3225806451612903,响起 笑声 响声 声 声音 刺耳 掌声 响 喧哗 鸦雀无声 传来 喧闹,一阵 听 隐约 沸腾 发出 叫好 喊 欢声笑语,响亮 响声 呐喊 一阵 哄堂大笑 听 响 喊 声 洪亮 欢声笑语 经久不息,响起 笑声 响声 声 声音 刺耳 掌声 响 喧哗 鸦雀无声 传来 喧闹 寂静 一阵 响亮 惊醒 欢声笑语 哄堂大笑 此起彼伏 洪亮 经久不息 哗然 呐喊 铃声 喝彩 听 沸腾 喊 叫好 发出 隐约
59,8,0.3841911376654051,0.044981176232011526,0.25,丁 乙 丙 甲 王 姜 马 罗,王 马 罗 丙 姜 乙 甲 丁,姜 乙 丙 丁 罗 王 甲 马,丁 乙 丙 甲 王 姜 马 罗
60,6,0.4062551018778604,0.09226034201655801,0.3333333333333333,旁观 看热闹 袖手旁观 指手画脚 观望 七嘴八舌,七嘴八舌 观望 指手画脚 袖手旁观 看热闹 旁观,旁观 看热闹 袖手旁观 七嘴八舌 指手画脚 观望,旁观 看热闹 袖手旁观 指手画脚 观望 七嘴八舌
61,9,0.42540308042129404,0.15022731532117314,0.1111111111111111,千 万 百 数 余 亿 千万 万万 多,多 万万 亿 数 千万 余 百 万,千 多 亿 万 余 百 数 万万 千万,千 万 百 数 余 亿 千万 万万 多
62,42,0.4308136032812043,0.08856112723785718,0.2619047619047619,非常 很 十分 极为 极其 比较 相当 更加 格外 越发 愈来愈 越来越,过分 足够 最 过于 趋于 极度 不够 空前,如此 越发 日益 越来越 尤为 太 很 不够 空前 愈来愈 无比 显,非常 很 十分 极为 极其 比较 相当 更加 格外 越发 愈来愈 越来越 分外 尤为 多么 太 过于 无比 日趋 挺 蛮 日益 更 极度 不怎么 异常 显得 颇 不够 如此 相对 越 极 过分 最 趋于 空前 特别 着实 显 足够 万分
63,9,0.43223686614629653,0.12007558810730254,0.0,友情 亲情 真情 友谊 情 缘分 天长地久 情结 万古长青,缘分 万古长青 天长地久 情结 真情 情 友谊 亲情,真情 情 天长地久 缘分 友情 亲情 情结 万古长青 友谊,友情 亲情 真情 友谊 情 缘分 天长地久 情结 万古长青
64,13,0.3795321661521265,0.062482803192950506,0.3076923076923077,确保 保障 保证 维护 保卫 捍卫 保护 安全 保 稳定 万无一失 做到,做到 稳定 万无一失 保 实现 保护 安全 捍卫,稳定 保障 保证 保 实现 确保 保护 保卫 维护 安全 做到 捍卫,确保 保障 保证 维护 保卫 捍卫 保护 安全 保 稳定 万无一失 做到 实现
65,2,0.5551343701508054,0.37049795941698116,0.0,万能 全能,万能 全能,全能 万能,万能 全能
66,205,0.3901289727184292,0.006036953193392116,0.4097560975609756,米饭 豆腐 豆浆 果酱 卤味 香肠 橙汁 粥 酸奶 饺子 酱 薯条,酒 菊花 玫瑰 桂花 稠 厨师 口香糖 蜜,烧烤 汤圆 纯净水 烤鸭 搅拌 烤肉 矿泉水 勺 巧克力 淀粉 吃 咸,米饭 豆腐 豆浆 果酱 卤味 香肠 橙汁 粥 酸奶 饺子 酱 薯条 饼 薯片 汁 面条儿 果汁 饼干 菜 牛奶 馅儿 芝士 红薯 水果 海鲜 肉 佐料 辣椒 包子 烤肉 南瓜 煮 汤圆 调料 醋 蜂蜜 酥 烤 馒头 炖 西红柿 好吃 罐头 吃 香油 茄子 面包 可口 点心 甜 酱油 饭 火锅 黄瓜 白菜 红茶 火腿 巧克力 柿子 碗 美味 奶茶 小吃 口感 土豆 鲜美 涮 红酒 豆制品 咖啡 砂糖 寿司 蒜 香蕉 烤鸭 麻辣 主食 拌 蘸 鸡蛋 煎 蔬菜 萝卜 番茄 汤 食物 葱 冰棍儿 花生 零食 茶 虾 面粉 辣 烧烤 月饼 喝 饮料 桂花 椰子 香味 汽水 绿茶 嚼 中餐 香 早饭 蘑菇 粽子 核桃 西瓜 风味 西餐 口味 糖 香料 开水 勺 三明治 可乐 莲子 味精 脆 烹调 方便面 热腾腾 糖果 蒸 食用 奶 蛋糕 早餐 味道 盒饭 锅 晚餐 啤酒 美食 茶叶 品尝 晚饭 豆子 枣 煲 电饭锅 午饭 鸡 糊 酒 大米 快餐 素食 熟 梨 馋 烫 午餐 腥 食品 葡萄 嫩 咸 蛋 瓜 喜糖 味儿 熬 口香糖 矿泉水 凉水 葡萄酒 淀粉 年夜饭 瓜子 特产 餐 鲜 榨 蜜 料理 纯净水 搅拌 便饭 菊花 炸 芝麻 炒 泡 沏 糟 厨师 橘子 上火 酒水 淋 熏 玫瑰 稠 乳制品 酿造 烧 奶粉 桃 百合 饮食
67,4,0.43182947782394154,0.12287268197235277,0.0,三维 立体 模拟 模型,立体 三维 模型 模拟,立体 模拟 模型 三维,三维 立体 模拟 模型
68,1,,0.0,0.0,三角,三角,三角,三角
69,4,0.42863333353053595,0.14296970449027244,0.0,左右 以上 上下 出头,出头 以上 上下 左右,以上 上下 出头 左右,左右 以上 上下 出头
70,33,0.38822554119969427,0.0791041592558767,0.30303030303030304,月初 月底 年初 月份 年底 中旬 下旬 上旬 去年 今年 上个月 前年,初 最近 底 近期 以来 周 前夕 全年,初 周 年 底 以来 年底 年初 年前 上周 末 月 年终,月初 月底 年初 月份 年底 中旬 下旬 上旬 去年 今年 上个月 前年 明年 年前 月 下个月 上周 季度 前不久 近期 前夕 年 日前 以来 全年 周 后年 来年 最近 底 初 年终 末
71,50,0.3927260649204335,0.044124384106662876,0.34,聘任 任命 职务 辞职 任职 辞去 出任 就任 担任 辞退 罢免 免职,招聘 专职 雇佣 兼职 下台 选拔 聘请 人选,撤换 下台 开除 选拔 简历 任 选举 任职 罢免 兼任 上任 招聘,聘任 任命 职务 辞职 任职 辞去 出任 就任 担任 辞退 罢免 免职 离职 兼任 聘用 任期 聘 公职 就职 任 撤换 提拔 提名 连任 应聘 职位 现任 当选 辞呈 解雇 上任 接替 人选 推选 选举 聘请 开除 前任 晋升 候选人 退休 兼职 招聘 选拔 下台 辞 跳槽 专职 简历 雇佣
72,39,0.38890510147566243,0.015962683784760314,0.5384615384615384,上涨 回升 下跌 攀升 回落 上升 飙升 下降 反弹 涨 跌 萎缩,涨 贬值 向上 升温 升 升值 行情 单边,升 水涨船高 复苏 上升 涨 波动 升值 单边 升温 行情 趋势 上涨,上涨 回升 下跌 攀升 回落 上升 飙升 下降 反弹 涨 跌 萎缩 增长 高涨 贬值 升值 低迷 升温 升高 复苏 好转 衰退 波动 下调 恶化 强劲 分化 强势 上调 升 弱势 缩水 不景气 趋势 翻番 向上 水涨船高 行情 单边
73,18,0.4150530256155548,0.0970280910977465,0.16666666666666666,出来 过来 下来 进去 进来 下去 上去 起来 出去 上来 了 着,完 得 掉 出 出去 过 来 了,下去 出 完 得 了 着 进去 上去 来 掉 进来 上来,出来 过来 下来 进去 进来 下去 上去 起来 出去 上来 了 着 掉 完 得 来 过 出
74,19,0.41432924876890426,0.09943031811944156,0.15789473684210525,议会 总统 国会 内阁 首相 议员 政党 首脑 大选 总理 元首 竞选,上台 联合国 政府 领袖 大臣 政权 元首 联邦,竞选 内阁 上台 总理 总统 联邦 国会 领袖 大选 大臣 议员 议会,议会 总统 国会 内阁 首相 议员 政党 首脑 大选 总理 元首 竞选 大臣 政府 政权 领袖 联邦 联合国 上台
75,17,0.4076062094723356,0.09323404339420684,0.058823529411764705,半场 犯规 上场 比分 防守 得分 球 得手 出场 皮球 开场 解围,阵容 对手 下场 出场 外援 得手 解围 开场,禁区 下场 得手 对手 得分 球 开场 上场 解围 犯规 防守 出场,半场 犯规 上场 比分 防守 得分 球 得手 出场 皮球 开场 解围 禁区 对手 下场 外援 阵容
76,116,0.36927835459449004,-0.034659464149058024,0.603448275862069,补习 考试 课程 高中 选修 入学 初中 学校 研究生 大学 学生 本科,录取 报考 考生 幼儿园 培训 学校 招生 文科,工科 复习 补习 研究生 办学 学 选修 课本 课文 培训 背诵 班,补习 考试 课程 高中 选修 入学 初中 学校 研究生 大学 学生 本科 学期 复习 上课 报考 年级 理科 考 自学 课本 学业 口试 小学 补考 中学 升学 招生 就读 高考 学时 课 外语 预习 学年 教学 备课 录取 学费 教师 念书 毕业生 讲课 转学 毕业 学分 补课 英语 考生 作文 课文 上学 班级 笔试 文科 文凭 读书 开学 试卷 必修 试题 硕士 函授 师范 教材 进修 学习 读 学位 奖学金 攻读 面试 工科 退学 学科 卷子 夜校 师资 听讲 学员 功课 考题 课堂 班 招收 考场 分数 科目 求学 中小学 背诵 学 培训 测验 题目 家教 学历 留学 学院 听力 培训班 小学生 在职 辅导 幼儿园 勤工俭学 民办 办学 填空 私立 练习 大纲 成绩 题 学士 命题
77,8,0.41292523558773925,0.086274394742682,0.25,就业 求职 下岗 岗位 创业 上岗 成才 家政,成才 家政 上岗 创业 岗位 下岗 求职 就业,下岗 岗位 上岗 就业 成才 求职 创业 家政,就业 求职 下岗 岗位 创业 上岗 成才 家政
78,3,0.35298458874895866,0.03805034557896033,0.6666666666666666,登陆 登 上市,登 上市 登陆,登 登陆 上市,登陆 登 上市
79,9,0.4385976802461523,0.12131838180802082,0.1111111111111111,宽恕 饶恕 乞求 恩惠 恩赐 保佑 祈祷 上帝 谅解,谅解 保佑 上帝 祈祷 恩赐 饶恕 乞求 恩惠,恩赐 祈祷 上帝 宽恕 乞求 谅解 保佑 饶恕 恩惠,宽恕 饶恕 乞求 恩惠 恩赐 保佑 祈祷 上帝 谅解
80,41,0.37540462519901047,0.007993518180331774,0.5121951219512195,骗人 撒谎 编造 谎话 谎言 骗 虚假 说谎 弄虚作假 骗子 伪造 故意,圈套 借口 似是而非 掩盖 钻空子 搞鬼 故意 傻瓜,撒谎 吹牛 假 耍赖 卖弄 虚假 上当 误导 虚构 傻瓜 搞鬼 圈套,骗人 撒谎 编造 谎话 谎言 骗 虚假 说谎 弄虚作假 骗子 伪造 故意 忽悠 假 吹牛 隐瞒 沽名钓誉 歪曲 误导 夸大 伪装 虚构 欺诈 半真半假 卖弄 假装 冒充 掩饰 钻空子 夸夸其谈 恶意 耍赖 造假 搞鬼 掩盖 受骗 圈套 上当 借口 似是而非 傻瓜
81,27,0.382655430656045,0.009794680835238486,0.37037037037037035,审查 审核 评审 评定 核实 复查 验收 审定 评估 审批 检查 认定,查 审 把关 筛选 查明 考核 批准 评定,筛选 审 审定 查 审查 审批 审核 验收 上报 确认 考核 核实,审查 审核 评审 评定 核实 复查 验收 审定 评估 审批 检查 认定 核对 鉴定 公示 上报 申报 确认 筛选 考核 批准 审 把关 调查 查出 查明 查
82,6,0.43828939537248196,0.1511665942364155,0.0,阻力 上方 压制 支撑 试探 整数,整数 试探 支撑 上方 压制 阻力,上方 压制 支撑 阻力 整数 试探,阻力 上方 压制 支撑 试探 整数
83,63,0.3562912705894198,-0.018378600774287417,0.5714285714285714,电影 纪录片 影片 电视剧 短片 播出 节目 拍摄 播放 动画片 片子 剧,摄影师 实况 收视率 剧情 票房 图像 科幻 纪录片,收视率 拍照 图像 拍戏 拍摄 实况 重播 电视剧 电视台 摄影师 剧 华语,电影 纪录片 影片 电视剧 短片 播出 节目 拍摄 播放 动画片 片子 剧 导演 录制 动画 电视 放映 视频 电视台 重播 连续剧 录像 转播 配音 画面 录音 主演 摄像 上映 编剧 镜头 片段 拍 卫视 直播 剧情 出演 影视 广播 播 剧组 影像 照片 收视率 胶片 华语 收看 演播室 相片 摄影师 拍戏 大片 图像 对白 频道 实况 电台 票房 科幻 拍照 收听 主持人 照相
84,8,0.3318580841111442,0.02921752357158649,0.375,本期 同期 上期 期末 年度 下期 百分点 倍,倍 百分点 下期 年度 期末 同期 上期 本期,倍 年度 期末 百分点 上期 本期 同期 下期,本期 同期 上期 期末 年度 下期 百分点 倍
85,110,0.39199068938288867,0.0066867833412777265,0.4727272727272727,柜子 屋子 窗子 桌子 窗户 房间 椅子 书桌 凳子 卧室 窗台 书橱,瓶子 操场 座位 室 杯子 柜台 楼房 教学楼,卫生间 寝室 脸盆 宿舍 洗手间 阳台 抽屉 关上 盒子 墙 室 屋,柜子 屋子 窗子 桌子 窗户 房间 椅子 书桌 凳子 卧室 窗台 书橱 客厅 楼道 卫生间 书柜 墙壁 过道 阳台 浴室 写字台 院子 楼梯 书架 书房 洗手间 箱子 厨房 沙发 抽屉 藤椅 教室 寝室 窗帘 宿舍 帘子 垫子 帐子 厕所 栏杆 杯子 防盗门 梯子 脸盆 木板 马桶 炉子 台灯 地下室 柱子 床 病房 地板 楼房 车厢 墙 围墙 笼子 镜子 楼 炉灶 上楼 水槽 下楼 操场 机舱 门铃 棺材 教学楼 黑板 盖子 电铃 居民楼 架子 屋顶 电梯 屋 池子 大厅 走廊 临街 瓶子 关上 座位 坐下 盒子 餐桌 后备箱 木头 柜台 烟囱 阅览室 办公室 客房 帐篷 大门 礼堂 滑梯 盘子 水管 更衣室 大楼 冰箱 敲门 轮椅 住处 花瓶 钉子 室 管子
86,26,0.40195641500807805,0.05858938723215469,0.19230769230769232,先前 原先 以往 以前 从前 原来 往日 当初 往常 此前 之前 过去,平常 常人 前期 曾经 之前 前 起初 平日,往日 起初 前 往年 往常 昔日 以往 以前 曾经 上次 当初 当年,先前 原先 以往 以前 从前 原来 往日 当初 往常 此前 之前 过去 原本 往年 平常 当年 最初 平日 昔日 曾经 上次 过往 前期 起初 前 常人
87,8,0.402248425395105,0.04485310514880592,0.125,流 流淌 漫 涌 溢 上流 漂 流水,漂 流水 溢 流淌 漫 上流 涌 流,流水 流淌 溢 漂 漫 流 涌 上流,流 流淌 漫 涌 溢 上流 漂 流水
88,4,0.46226565624709187,0.20691427595870046,0.0,上游 下游 端 侧,侧 端 上游 下游,侧 端 上游 下游,上游 下游 端 侧
89,30,0.3720662123825758,0.023577513064454776,0.4666666666666667,展现 体现 显现 呈现 凸显 揭示 再现 反映 印证 表现 显出 表明,发挥 暴露 重现 暗示 涌现 证明 凸显 浮现,流露 暗示 涌现 看出 重现 展示 展现 揭示 再现 上演 发挥 延续,展现 体现 显现 呈现 凸显 揭示 再现 反映 印证 表现 显出 表明 展示 预示 浮现 重现 显示 出现 看出 暴露 流露 演绎 折射 暗示 延续 证明 上演 说明 涌现 发挥
90,50,0.3953003730608937,0.03289145814609812,0.26,睡觉 吃饭 打牌 午睡 打盹儿 洗澡 上班 下班 抽烟 晒太阳 散步 溜达,抽烟 呆 请客 下棋 出门 捉迷藏 无所事事 挨打,开夜车 晒太阳 呆 抽烟 串门 干活儿 开会 睡着 请假 请客 吵架 睡觉,睡觉 吃饭 打牌 午睡 打盹儿 洗澡 上班 下班 抽烟 晒太阳 散步 溜达 串门 出门 放学 玩耍 睡着 干活儿 偷懒 吵架 做饭 爬山 说闲话 刷牙 休息 在家 吵嘴 熬夜 打架 陪 加班 下棋 开夜车 开会 侃大山 旷课 逛 走路 出差 请客 偷看 转悠 请假 无所事事 下课 挨打 做梦 应酬 呆 捉迷藏
91,7,0.3988196611099168,0.07888761250004003,0.2857142857142857,白领 群体 人群 上班族 蓝领 都市 个体,个体 都市 蓝领 群体 人群 上班族 白领,人群 上班族 群体 蓝领 都市 个体 白领,白领 群体 人群 上班族 蓝领 都市 个体
92,22,0.382338684726034,0.04374082729183746,0.4090909090909091,爱好 喜欢 喜爱 嗜好 迷恋 痴迷 喜好 热衷 兴趣 擅长 沉迷 专长,痴心 上瘾 崇尚 瘾 胃口 擅长 兴趣 爱,拿手 感兴趣 心爱 爱 瘾 崇尚 上瘾 嗜好 痴心 胃口 专长 迷恋,爱好 喜欢 喜爱 嗜好 迷恋 痴迷 喜好 热衷 兴趣 擅长 沉迷 专长 上瘾 感兴趣 爱 特长 心爱 拿手 崇尚 胃口 瘾 痴心
93,19,0.4266994654232671,0.1008891928876932,0.05263157894736842,飞机 客机 降落 飞行 航班 起飞 直升机 飞行员 空中 航空 架 机场,高空 上空 地面 空难 跑道 机场 架 登机,机场 直升机 飞行员 空中 起飞 架 航空 航班 上空 热气球 地面 飞机,飞机 客机 降落 飞行 航班 起飞 直升机 飞行员 空中 航空 架 机场 上空 跑道 热气球 登机 空难 高空 地面
94,3,0.49001801568742803,0.2645162021567938,0.0,上级 下级 中央,中央 下级 上级,上级 中央 下级,上级 下级 中央
95,2,0.5274311851515892,0.3196043672367125,0.0,上网 网上,上网 网上,网上 上网,上网 网上
96,39,0.4211550718496878,0.06814690822425672,0.28205128205128205,诉讼 判决 法院 上诉 起诉 法庭 裁决 仲裁 裁定 驳回 原告 被告,证人 判 司法 告状 裁定 商标 公证 和解,当事人 专利 驳回 调解 判 告 裁决 裁判 裁定 不服 法庭 法官,诉讼 判决 法院 上诉 起诉 法庭 裁决 仲裁 裁定 驳回 原告 被告 官司 控告 案件 审判 法官 索赔 纠纷 打官司 赔偿 调解 司法 律师 判 判处 侵权 裁判 提起 当事人 不服 受理 证人 和解 告状 公证 商标 专利 告
97,97,0.3694401021069028,-0.026565360863821188,0.5463917525773195,公交车 车辆 行驶 火车 公共汽车 货车 电车 列车 出租车 慢车 堵车 私家车,线路 道路 车轮 转弯 拐弯 车票 站台 车站,开车 高速公路 绕行 客车 客运 乘车 出租车 步行 通车 通行 停放 追尾,公交车 车辆 行驶 火车 公共汽车 货车 电车 列车 出租车 慢车 堵车 私家车 车 车道 警车 大巴 开车 骑车 驾车 车速 司机 路段 下车 客车 车上 停车 巴士 停车场 追尾 卧铺 卡车 路面 乘车 电动车 辆 救护车 自行车 人行道 乘客 公路 乘坐 高速公路 路况 车站 缆车 车主 地铁 轿车 摩托 路口 通车 行人 马路 客运 刹车 公车 上车 车票 快车 打车 转弯 交警 停车位 车牌 驾驶 倒车 停放 机动车 汽车 地铁站 跑车 绕行 马车 超速 修车 拐弯 高铁 交通 铁路 搭乘 立交桥 时速 道路 超车 肇事 隧道 长途 步行 出行 通行 晚点 车轮 线路 吉普 站台 特快 电动
98,5,0.4355227160061245,0.17801929208604025,0.0,此 上述 该 这 此次,这 此次 上述 该 此,此 上述 这 该 此次,此 上述 该 这 此次
99,8,0.38636648653341693,0.045024067345297646,0.25,外出 下山 下乡 出山 下海 上门 出国 挨家挨户,出国 挨家挨户 下海 上门 出山 下山 下乡 外出,下乡 下山 上门 挨家挨户 出国 出山 外出 下海,外出 下山 下乡 出山 下海 上门 出国 挨家挨户
100,5,0.32683890742961624,-0.0226435666288266,0.4,特定 指定 设定 某 上限,上限 某 指定 设定 特定,某 上限 指定 特定 设定,特定 指定 设定 某 上限
101,3,0.5514420272218878,0.3330849630910196,0.0,下 之下 背景,背景 之下 下,背景 下 之下,下 之下 背景
102,40,0.39070313182545074,0.035020456200270875,0.35,劝告 劝 劝说 催促 嘱咐 恳求 告诫 叮嘱 劝阻 吩咐 敦促 说服,指点 发誓 拒绝 引诱 鼓动 号召 提醒 听从,下令 引诱 催 劝 示意 再三 请求 呼吁 照办 答应 敦促 执意,劝告 劝 劝说 催促 嘱咐 恳求 告诫 叮嘱 劝阻 吩咐 敦促 说服 示意 答应 转告 提醒 告知 逼迫 请求 再三 警告 告诉 命令 招呼 督促 呼吁 下令 听从 执意 阻拦 鼓动 号召 拒绝 发誓 照办 引诱 要求 指示 催 指点
103,16,0.4092729950393733,0.07576908525513758,0.3125,及早 尽早 尽快 提早 早日 及时 趁早 提前 抓紧 过早 适时 急于,早 过早 下决心 急于 按时 彻底 趁早 提前,早日 彻底 趁早 早 提早 适时 尽早 尽快 提前 及时 及早 急于,及早 尽早 尽快 提早 早日 及时 趁早 提前 抓紧 过早 适时 急于 按时 彻底 下决心 早
104,12,0.4377978521828952,0.06620631300698314,0.16666666666666666,转动 旋转 摆动 跳跃 振动 跳动 摇摆 静止 下坠 伸缩 物体 浮力,物体 浮力 跳跃 下坠 伸缩 跳动 静止 振动,下坠 静止 物体 摆动 跳跃 伸缩 浮力 振动 跳动 转动 旋转 摇摆,转动 旋转 摆动 跳跃 振动 跳动 摇摆 静止 下坠 伸缩 物体 浮力
105,5,0.3743251867664542,0.06067150928159172,0.4,所属 下属 所在 附属 所,所 附属 下属 所在 所属,下属 所 附属 所在 所属,所属 下属 所在 附属 所
106,4,0.42815864232870665,0.1551163744035377,0.0,下手 动手 出手 说干就干,说干就干 动手 出手 下手,说干就干 出手 动手 下手,下手 动手 出手 说干就干
107,10,0.4214259831014407,0.08950055267807713,0.3,各位 诸位 大家 您 请 们 我们 敬请 广大 下次,广大 下次 请 敬请 我们 您 们 大家,们 您 我们 大家 请 诸位 各位 广大 敬请 下次,各位 诸位 大家 您 请 们 我们 敬请 广大 下次
108,7,0.3019174981231801,-0.06392601606845595,0.8571428571428571,落 下落 坠 落下 落地 悬 去向,悬 去向 落下 落地 下落 坠 落,坠 悬 落下 落地 去向 落 下落,落 下落 坠 落下 落地 悬 去向
109,16,0.38032461769144654,-0.01628084074556228,0.625,浏览器 下载 网页 网站 浏览 登录 软件 搜索 杀毒 查询 服务器 数据库,搜索 查看 登录 网站 导航 防火墙 数据库 软件,查询 数据库 登录 网站 软件 网页 浏览 服务器 防火墙 浏览器 搜索 杀毒,浏览器 下载 网页 网站 浏览 登录 软件 搜索 杀毒 查询 服务器 数据库 防火墙 黑客 导航 查看
110,56,0.3883956304997575,0.019967404688065297,0.375,寒冷 凉爽 炎热 气温 潮湿 晴朗 干燥 下雪 温度 暖和 天气 湿度,冰雪 凝固 冰 干旱 冷冻 风和日丽 雾 冷水,气候 冰雪 冰 冷 冻 凉 暖烘烘 刮风 气温 热气 潮湿 打雷,寒冷 凉爽 炎热 气温 潮湿 晴朗 干燥 下雪 温度 暖和 天气 湿度 结冰 下雨 阴天 湿润 高温 冷 刮风 零下 低温 凉快 热气 晴天 雨水 水温 刺骨 暖烘烘 摄氏度 凉 湿 灼热 冻 干旱 雨 气候 暖 冷气 晴 雪 多云 融化 暖气 冷水 打雷 风沙 降温 冰 加热 雾 常温 火辣辣 冰雪 冷冻 风和日丽 凝固
111,29,0.39437692447358497,0.010588740063055596,0.4482758620689655,从不 不肯 从来不 愿意 不曾 敢 决不 从没 宁愿 从未 不许 不,无意 舍得 打算 没有 不再 不许 敢于 谈不上,谈不上 宁愿 不 不再 不曾 不惜 忍心 无意 敢 只管 再也 从未,从不 不肯 从来不 愿意 不曾 敢 决不 从没 宁愿 从未 不许 不 甘心 忍心 没有 肯 乐意 轻易 毫不 敢于 无意 再也 不惜 永不 不再 只管 打算 谈不上 舍得
112,163,0.3690731025752472,-0.05524106419263094,0.6993865030674846,也许 就算 毕竟 只不过 何况 但是 可是 难道 当然 其实 好像 要是,不仅仅 必定 所以 换言之 只是 说到底 就是 却是,譬如 说到底 如果 纵然 看来 倘若 按说 是不是 那时候 实在 偏偏 幸好,也许 就算 毕竟 只不过 何况 但是 可是 难道 当然 其实 好像 要是 虽说 反正 而且 反倒 说不定 要不然 不然 纵然 哪怕 恐怕 也 的确 确实 好歹 不过 倒是 偏偏 况且 果然 虽然 即便 或许 即使 别说 显然 但 既然 似乎 如果 明明 真的 看样子 幸好 是不是 终究 居然 没准儿 实际上 不光 反而 因为 竟然 所以 然而 果真 固然 却 要不是 说实话 起码 按说 只是 幸亏 不如说 本来 简直 可惜 好在 仿佛 说真的 假如 尤其 恰恰 那 按理说 倘若 莫非 如果说 不但 肯定 据说 顶多 说白了 觉得 有时候 唯独 都 多半 难怪 而是 大概 实在 要么 就 怪不得 不仅 只要 总之 没想到 当真 假使 无非 那么 还是 就是说 不见得 除非 但愿 说到底 必定 未必 不管 甚至 那时候 照样 而 不仅仅 就是 不一定 并且 往往 仅仅 恰好 这时候 于是 看来 未免 甚至于 比如说 刚好 才 以为 正好 至于 生怕 譬如说 那时 总而言之 尽管 也就是说 到头来 否则 还 却是 不用说 比如 既 无论如何 譬如 无疑 不料 看似 竟 或是 总算 又 虽 换言之 其次 更是 另外
113,5,0.28357094723363774,-0.07549375550520512,0.8,低调 默默无闻 中庸 不为人知 君子,君子 不为人知 默默无闻 中庸 低调,中庸 不为人知 低调 君子 默默无闻,低调 默默无闻 中庸 不为人知 君子
114,31,0.38482372860272346,0.005849166537474716,0.45161290322580644,此后 随后 之后 其后 以后 后来 后 接下来 不久 然后 过后 紧接着,与此同时 今后 从此 稍后 最后 以后 将来 后期,事后 不久 后 往后 以后 届时 后期 后来 然后 后续 稍后 同年,此后 随后 之后 其后 以后 后来 后 接下来 不久 然后 过后 紧接着 稍后 接着 日后 后续 往后 今后 后期 事后 最后 至此 从此 这时 将来 与此同时 届时 同时 前后 同年 未来
115,9,0.416403714069159,0.1282930428313887,0.1111111111111111,予以 加以 作出 进行 作 给予 不予 酌情 做,做 酌情 不予 给予 进行 作出 作 加以,酌情 不予 做 作 给予 加以 进行 作出 予以,予以 加以 作出 进行 作 给予 不予 酌情 做
116,25,0.3996319658011379,0.05380507970935766,0.12,高于 低于 小于 比不上 远远 大于 不亚于 超过 逊色 超出 比 相比,赶不上 相比 远 不亚于 媲美 要好 介于 超越,不如 相当于 媲美 赶不上 比 超出 超过 超越 等于 比不上 大于 小于,高于 低于 小于 比不上 远远 大于 不亚于 超过 逊色 超出 比 相比 超越 要强 比起 远 不如 相当于 要好 仅次于 媲美 赶不上 等于 超 介于
117,13,0.3967396001402887,0.06979025495733791,0.15384615384615385,赞不绝口 津津有味 爱不释手 如醉如痴 赞叹不已 不亦乐乎 过瘾 记忆犹新 念念不忘 耳目一新 起劲 头头是道,有声有色 不亦乐乎 头头是道 耳目一新 起劲 念念不忘 过瘾 赞叹不已,起劲 爱不释手 耳目一新 有声有色 如醉如痴 念念不忘 赞叹不已 赞不绝口 头头是道 津津有味 记忆犹新 不亦乐乎,赞不绝口 津津有味 爱不释手 如醉如痴 赞叹不已 不亦乐乎 过瘾 记忆犹新 念念不忘 耳目一新 起劲 头头是道 有声有色
118,15,0.3865212569492465,0.05345807805683262,0.26666666666666666,便捷 通畅 方便 快捷 畅通 顺畅 便利 高效 不便 通顺 便于 灵通,不通 简易 通 不便 灵通 高效 便于 通顺,不便 简易 顺畅 快捷 通顺 畅通 通 不通 便于 灵通 便利 便捷,便捷 通畅 方便 快捷 畅通 顺畅 便利 高效 不便 通顺 便于 灵通 不通 简易 通
119,29,0.37756480933728215,0.021521787684747187,0.3448275862068966,价钱 便宜 低价 降价 打折 特价 价格 高价 性价比 售价 折扣 买,不值 值钱 昂贵 实惠 折 买 促销 廉价,廉价 卖 实惠 价 买 不值 优惠 涨价 折 性价比 价钱 定价,价钱 便宜 低价 降价 打折 特价 价格 高价 性价比 售价 折扣 买 价位 划算 廉价 卖 价 贵 优惠 实惠 定价 涨价 促销 买不起 平价 昂贵 折 值钱 不值
120,17,0.3903884720996787,0.055398557713415994,0.17647058823529413,允许 擅自 禁止 私自 随意 严禁 不准 准许 容许 任意 随便 强行,限制 鼓励 随机 强制 随便 无故 任意 强行,私自 不准 无故 严禁 容许 允许 强制 鼓励 擅自 限制 任意 随意,允许 擅自 禁止 私自 随意 严禁 不准 准许 容许 任意 随便 强行 强制 限制 无故 鼓励 随机
121,26,0.40331046448749974,0.05817302544453947,0.3076923076923077,损害 妨害 破坏 扰乱 妨碍 危及 阻碍 侵害 伤害 危害 影响 干扰,毁 冒犯 损失 损 不利 伤害 不利于 造成,拖累 不利 伤害 损 毁 扰乱 毁坏 制约 不利于 危害 危及 破坏,损害 妨害 破坏 扰乱 妨碍 危及 阻碍 侵害 伤害 危害 影响 干扰 侵犯 触犯 毁坏 违反 违背 造成 冒犯 不利于 毁 不利 制约 拖累 损失 损
122,41,0.3911306353032253,0.01991461560894056,0.3902439024390244,奇妙 奇特 荒诞 怪异 离奇 有趣 不可思议 荒谬 神奇 新奇 惊心动魄 惊险,虚幻 难以置信 巧妙 怪 精妙 异想天开 震撼 别具匠心,惊人 虚幻 滑稽 怪 微妙 稀奇 新奇 耐人寻味 宏大 吓人 搞笑 可怕,奇妙 奇特 荒诞 怪异 离奇 有趣 不可思议 荒谬 神奇 新奇 惊心动魄 惊险 可怕 吓人 感人 恐怖 搞笑 精妙 骇人听闻 夸张 滑稽 耐人寻味 深奥 难以置信 扣人心弦 神秘 有意思 微妙 稀奇 惊人 拙劣 触目惊心 巧合 虚幻 异想天开 莫名其妙 巧妙 震撼 怪 宏大 别具匠心
123,8,0.43203166374162827,0.093638229085459,0.25,理所当然 天经地义 顺理成章 无可厚非 轻而易举 无所谓 无足轻重 不可避免,不可避免 无所谓 无足轻重 无可厚非 轻而易举 理所当然 天经地义 顺理成章,轻而易举 无所谓 不可避免 无可厚非 天经地义 理所当然 无足轻重 顺理成章,理所当然 天经地义 顺理成章 无可厚非 轻而易举 无所谓 无足轻重 不可避免
124,21,0.3999451315127027,0.01835499048158475,0.38095238095238093,在乎 在意 看重 重视 关心 注重 注意 顾及 留心 爱惜 计较 不在乎,忌讳 留心 注意 关注 讲究 注重 慎重 计较,不在乎 忌讳 注重 爱惜 关心 关注 挑剔 计较 慎重 考虑 理会 顾及,在乎 在意 看重 重视 关心 注重 注意 顾及 留心 爱惜 计较 不在乎 惦记 讲究 关注 考虑 理会 珍惜 忌讳 慎重 挑剔
125,16,0.38365615768566425,0.028612057417732144,0.375,虚弱 衰弱 脆弱 空虚 无力 不堪 崩溃 颓废 腐朽 摇摇欲坠 低下 弱,虚 崩溃 弱 微弱 堕落 低下 不堪 瘫痪,弱 不堪 虚弱 腐朽 微弱 无力 瘫痪 颓废 崩溃 脆弱 衰弱 虚,虚弱 衰弱 脆弱 空虚 无力 不堪 崩溃 颓废 腐朽 摇摇欲坠 低下 弱 堕落 瘫痪 微弱 虚
126,4,0.3923537508606458,0.09582119611455989,0.25,小 大 不大 袖珍,袖珍 不大 大 小,大 小 不大 袖珍,小 大 不大 袖珍
127,5,0.32892980886502,0.0017871640670596971,0.4,不定 身不由己 时好时坏 忽高忽低 不得已,不得已 身不由己 忽高忽低 时好时坏 不定,不得已 不定 忽高忽低 身不由己 时好时坏,不定 身不由己 时好时坏 忽高忽低 不得已
128,2,0.4264680059408199,0.10395823718273617,0.0,值得 不容,不容 值得,不容 值得,值得 不容
129,2,0.41318114525962946,0.09798155201015211,0.0,不平 过不去,不平 过不去,不平 过不去,不平 过不去
130,18,0.41270222147293534,0.05798538168171636,0.2777777777777778,惨重 悲惨 遭受 惨痛 遭遇 不幸 惨 遭殃 厄运 倒霉 重创 遭到,糟糕 幸免 悲剧 倒霉 遭到 失败 严重 厄运,重创 幸免 不幸 惨 失败 悲剧 遭遇 雪上加霜 悲惨 惨痛 糟糕 惨重,惨重 悲惨 遭受 惨痛 遭遇 不幸 惨 遭殃 厄运 倒霉 重创 遭到 悲剧 糟糕 严重 失败 雪上加霜 幸免
131,14,0.4331480706904333,0.11431943221186404,0.14285714285714285,疏忽 错误 过失 失误 过错 错 误 误会 误解 差错 大意 犯,马虎 不慎 犯 大意 差错 误解 误会 过失,不慎 犯 误会 疏忽 失误 错 大意 误 马虎 错误 误解 过错,疏忽 错误 过失 失误 过错 错 误 误会 误解 差错 大意 犯 马虎 不慎
132,16,0.41438481123168186,0.07672648400425426,0.125,急剧 逐步 不断 逐年 逐渐 大幅度 飞速 显著 持续 缓慢 有所 快速,断断续续 有所 明显 飞速 推移 缓慢 大大 快速,持续 大幅度 断断续续 不断 显著 明显 快速 逐年 有所 大大 推移 逐渐,急剧 逐步 不断 逐年 逐渐 大幅度 飞速 显著 持续 缓慢 有所 快速 明显 大大 推移 断断续续
133,12,0.41672330728787094,0.0717372502566292,0.16666666666666666,难以 无法 难 不易 尚未 得以 能否 未 有待 不难 容易 有望,有望 有待 不难 容易 尚未 能否 难 未,得以 不易 无法 未 有望 能否 有待 难 不难 容易 难以 尚未,难以 无法 难 不易 尚未 得以 能否 未 有待 不难 容易 有望
134,1,,0.0,0.0,不止,不止,不止,不止
135,23,0.39705056673918243,0.04686016197934811,0.21739130434782608,处罚 查处 惩处 罚款 违法 处分 违规 吊销 取缔 拘留 追究 没收,刑法 整治 整顿 不正之风 监管 拘留 制裁 罚,取缔 拘留 制裁 追究 严厉 吊销 罚 改正 惩处 罚款 没收 刑法,处罚 查处 惩处 罚款 违法 处分 违规 吊销 取缔 拘留 追究 没收 整顿 整治 依法 严厉 改正 罚 违章 制裁 监管 刑法 不正之风
136,27,0.4588506340581852,0.12745421412077154,0.07407407407407407,究竟 怎样 什么 哪里 到底 呢 哪儿 哪 谁 什么样 怎么样 怎么办,为何 为什么 吗 呢 不论 无论 多久 有没有,请问 到底 无论 有没有 吗 呢 哪 哪儿 为什么 哪些 不知 多久,究竟 怎样 什么 哪里 到底 呢 哪儿 哪 谁 什么样 怎么样 怎么办 哪些 吗 如何 何时 多少 不知 何处 有没有 为什么 请问 是否 多久 为何 无论 不论
137,1,,0.0,0.0,不翼而飞,不翼而飞,不翼而飞,不翼而飞
138,10,0.40569474608220635,0.08995213660496248,0.0,请教 赐教 指教 虚心 不耻下问 久仰 学艺 过奖 孤陋寡闻 取经,孤陋寡闻 取经 过奖 学艺 久仰 不耻下问 虚心 赐教,取经 虚心 请教 孤陋寡闻 久仰 不耻下问 指教 过奖 学艺 赐教,请教 赐教 指教 虚心 不耻下问 久仰 学艺 过奖 孤陋寡闻 取经
139,5,0.37523345284556864,0.061746360523959355,0.4,恶劣 极端 反常 苛刻 不良,反常 不良 苛刻 恶劣 极端,苛刻 反常 不良 极端 恶劣,恶劣 极端 反常 苛刻 不良
140,47,0.4034111172815035,0.034578206758644356,0.3829787234042553,看见 碰见 见到 遇见 看到 碰到 听到 听见 想到 碰上 想起 见过,忘不了 不见 找到 明白 问 有幸 赶上 想不到,得知 看到 遇上 碰见 遇到 恰巧 想不到 明白 偶然 梦见 找到 忘不了,看见 碰见 见到 遇见 看到 碰到 听到 听见 想到 碰上 想起 见过 遇到 认出 碰巧 遇上 听说 认得 梦见 知道 望见 目睹 发觉 料到 恰巧 发现 得知 想不到 路过 记得 找到 亲眼 结识 见 认识 问 只见 凑巧 打听 明白 忘不了 有幸 偶然 不见 察觉 赶上 指着
141,20,0.40314179289927843,0.04968027371892143,0.35,偏僻 荒凉 僻静 狭小 偏远 狭窄 简陋 遥远 阴暗 辽阔 破旧 边远,不起眼 开阔 平坦 深处 渺小 边远 简陋 破旧,开阔 偏僻 角落 荒凉 遥远 拥挤 僻静 辽阔 偏远 破旧 深处 不起眼,偏僻 荒凉 僻静 狭小 偏远 狭窄 简陋 遥远 阴暗 辽阔 破旧 边远 拥挤 陌生 开阔 渺小 平坦 不起眼 角落 深处
142,13,0.41574213156478595,0.06004064263080392,0.3076923076923077,欠缺 缺乏 缺失 缺少 不足 缺 薄弱 跟不上 滞后 力不从心 落后 缺席,落后 力不从心 缺席 欠 跟不上 不足 缺 薄弱,缺 欠缺 欠 力不从心 滞后 落后 跟不上 不足 薄弱 缺乏 缺席 缺少,欠缺 缺乏 缺失 缺少 不足 缺 薄弱 跟不上 滞后 力不从心 落后 缺席 欠
143,19,0.4093734075483236,0.05592882144485128,0.3684210526315789,逃走 逃 逃跑 躲藏 逃亡 躲避 脱身 避难 投奔 逃避 出走 藏身,不辞而别 报仇 隐蔽 撤离 各奔前程 投奔 逃避 避,撤离 逃避 各奔前程 逃跑 逃走 脱身 报仇 逃亡 走投无路 出走 逃 避,逃走 逃 逃跑 躲藏 逃亡 躲避 脱身 避难 投奔 逃避 出走 藏身 走投无路 不辞而别 避 撤离 报仇 隐蔽 各奔前程
144,127,0.37450361194165627,-0.02202931839275367,0.5590551181102362,炎症 急性 腹泻 病症 症状 慢性 疼痛 发炎 出血 疾病 高血压 咳嗽,阳性 药物 咽 肠 忌口 气管 细胞 腺,新陈代谢 损伤 疗效 传染病 疗法 疲劳 骨折 激素 咳 咽 尿 流感,炎症 急性 腹泻 病症 症状 慢性 疼痛 发炎 出血 疾病 高血压 咳嗽 肿瘤 肝脏 癌症 糖尿病 心脏病 血栓 复发 病 抑郁症 发病 治疗 过敏 呕吐 感冒 发作 肝 血管 癌 患者 抑郁 失眠 病人 痴呆 血压 肺 脾 皮肤 头晕 病情 胃 骨折 痰 患有 确诊 肥胖 患病 休克 患 激素 发热 损伤 肿 气管 治愈 心脏 中毒 精神病 感染 肾 分泌 愈合 免疫 切除 传染病 唾液 痒 衰竭 流感 胎儿 昏迷 肠 发烧 食欲 生病 止血 晕车 失明 疗效 出汗 霍乱 紊乱 副作用 动脉 创伤 药物 衰老 体温 血液 神经 艾滋病 服用 视力 咳 抗生素 器官 痛 细胞 腺 近视 忌口 注射 止咳 后遗症 睡眠 咽 生理 疗法 传染 麻痹 阳性 呼吸 不适 胀 畸形 人体 尿 疲劳 咽喉 恶性 新陈代谢 职业病 胚胎 病毒 减肥 大脑
145,4,0.3127523946033007,-0.04826896533263722,0.75,顾 扬 仇 不顾,扬 仇 不顾 顾,仇 扬 顾 不顾,顾 扬 仇 不顾
146,4,0.5701872469688483,0.3722991764938227,0.0,与 跟 同 与其,同 跟 与其 与,同 与 跟 与其,与 跟 同 与其
147,9,0.4101057709616537,0.09653891153805111,0.1111111111111111,评判 衡量 好坏 评价 与否 考量 高低 看待 评,评 与否 高低 看待 考量 评价 好坏 衡量,看待 衡量 评价 评 评判 好坏 考量 与否 高低,评判 衡量 好坏 评价 与否 考量 高低 看待 评
148,45,0.3967934314534168,0.015015190692440807,0.5111111111111111,增强 加强 提高 提升 扩大 增加 强化 降低 增大 加快 拓宽 深化,简化 健全 减弱 衰减 压缩 削弱 完善 改进,简化 加速 加重 增强 增多 增大 增加 优化 开拓 进一步 压缩 健全,增强 加强 提高 提升 扩大 增加 强化 降低 增大 加快 拓宽 深化 促进 加深 改善 优化 增进 减少 拓展 推进 加剧 进一步 缩小 削弱 减轻 加速 减弱 巩固 缩短 推动 加重 完善 扩展 改进 壮大 简化 增多 提速 压缩 健全 放大 开拓 搞好 衰减 与日俱增
149,19,0.3781550723155311,0.03418924728814023,0.3684210526315789,艰苦奋斗 发扬 自强不息 弘扬 团结 同舟共济 实事求是 顾全大局 勇于 自力更生 务实 奉献,勇于 作风 顾全大局 奉献 中华民族 自力更生 团结 众志成城,务实 同舟共济 敬业 实事求是 与时俱进 发扬 愚公移山 团结 奉献 勇于 自强不息 自力更生,艰苦奋斗 发扬 自强不息 弘扬 团结 同舟共济 实事求是 顾全大局 勇于 自力更生 务实 奉献 与时俱进 治学 敬业 众志成城 中华民族 作风 愚公移山
150,15,0.4034963869477746,0.05130263105770226,0.26666666666666666,恶 贼 贱 凶 丑 贪 邪 害 毒 冤 小人 坏,劫 邪 冤 懒 坏 贪 小人 害,冤 凶 劫 坏 害 帅 丑 恶 懒 毒 小人 邪,恶 贼 贱 凶 丑 贪 邪 害 毒 冤 小人 坏 懒 帅 劫
151,79,0.38079444345996927,0.01735952833215887,0.379746835443038,讹诈 迫害 卑鄙 挑衅 侵略 阴谋 侮辱 掠夺 恐吓 屠杀 罪恶 谋害,惩罚 欺骗 勾结 分裂 存心 斗争 坏人 强迫,专制 背叛 猖狂 祸害 粗暴 闹事 斗争 流氓 纵容 无恶不作 野蛮 谋害,讹诈 迫害 卑鄙 挑衅 侵略 阴谋 侮辱 掠夺 恐吓 屠杀 罪恶 谋害 凶恶 剥削 欺骗 虐待 猖狂 反抗 杀害 无理 欺负 勾结 捣乱 诽谤 煽动 残忍 压迫 殴打 阻挠 企图 纵容 谴责 报复 背叛 强盗 丑恶 骚扰 吓唬 无恶不作 帝国主义 公然 武力 干涉 祸害 暴力 流氓 野蛮 妄想 残酷 强占 仇恨 刁难 怠工 绑架 可耻 挟持 威胁 竟敢 闹事 歧视 强迫 粗暴 抗议 乘人之危 统治 专制 惩罚 侵占 损人利己 分裂 出卖 坏人 折磨 示威 顽固 剥夺 势力 存心 斗争
152,11,0.44485406307410685,0.12637445177233525,0.18181818181818182,传言 传闻 传出 绯闻 谣言 消息 沸沸扬扬 流传 传 传说 丑闻,传说 流传 丑闻 传 沸沸扬扬 谣言 传出 消息,传 绯闻 流传 丑闻 沸沸扬扬 传出 谣言 消息 传闻 传说 传言,传言 传闻 传出 绯闻 谣言 消息 沸沸扬扬 流传 传 传说 丑闻
153,173,0.3769779026149931,-0.017796659243155325,0.5260115606936416,善良 谦逊 高傲 聪明 倔强 谦虚 温柔 耿直 和蔼 粗鲁 豁达 文雅,绅士 天性 高贵 举止 严谨 粗心大意 灵巧 平和,盛气凌人 正直 胆小 坚强 诚恳 骨气 坦率 坦然 质朴 爽快 爱面子 无能,善良 谦逊 高傲 聪明 倔强 谦虚 温柔 耿直 和蔼 粗鲁 豁达 文雅 乖巧 奸诈 冷漠 天真 冷酷 诚恳 开朗 老实 自私 暴躁 世故 纯朴 沉稳 朴实 礼貌 狡猾 固执 彬彬有礼 傲慢 刚毅 诚实 稳重 仁慈 英俊 幽默 勇敢 正直 质朴 胆小 风趣 性格 慈祥 愚蠢 虚伪 鲁莽 俊俏 调皮 性情 顽皮 机灵 可爱 敦厚 懂事 小气 精明 凶狠 厚道 娇气 宽容 无情无义 体贴 大大咧咧 潇洒 坦率 听话 讨人喜欢 真诚 懒惰 友善 含蓄 机智 冷酷无情 脾气 蠢 坚韧 孝顺 倔 勤奋 勤快 活泼 娇惯 爱面子 骨气 心肠 自信 高贵 坦诚 软弱 幼稚 真挚 为人 冷静 理智 风度 凶残 无知 宽厚 举止 得体 盛气凌人 古怪 自以为是 光明磊落 叛逆 勤劳 好学 贪婪 丑陋 虔诚 有口无心 天性 朴素 目中无人 淘气 足智多谋 自私自利 粗心 慷慨 大方 顺从 能干 气质 殷勤 和气 沉着 纯洁 教养 灵巧 好客 镇定 壮实 坦然 忠贞 大公无私 言辞 邪恶 严肃 坚强 可恶 爽快 无私 个性 节俭 心灵手巧 庸俗 放肆 笑容 硬朗 本性 神态 自负 粗心大意 细心 糊涂 善意 强硬 高尚 强壮 侠义 绅士 平和 从容 踏实 无能 委婉 笨 严谨 语气 浮躁 逞能 好心
154,5,0.3932691634469444,0.07559968504367416,0.0,专业 职业 从业 业余 从事,专业 从事 职业 从业 业余,专业 从事 从业 业余 职业,专业 职业 从业 业余 从事
155,7,0.34168836774079075,-0.0022995445375669984,0.7142857142857143,定时 定期 自动 计时 专人 固定 辅助,自动 辅助 固定 计时 专人 定期 定时,专人 辅助 计时 固定 定时 定期 自动,定时 定期 自动 计时 专人 固定 辅助
156,48,0.3970863404468749,0.06866574437658386,0.3125,餐馆 饭馆 餐厅 饭店 商场 酒楼 超市 旅馆 商店 酒吧 书店 旅店,小贩 图书馆 游泳池 零售 五星级 服务员 商贩 网吧,旅馆 网吧 图书馆 老字号 邮局 加油站 网点 店 桑拿 饭店 菜市场 旅店,餐馆 饭馆 餐厅 饭店 商场 酒楼 超市 旅馆 商店 酒吧 书店 旅店 药店 连锁店 宾馆 店 舞厅 酒店 电影院 菜市场 便利店 专卖店 网吧 餐饮 报亭 夜总会 食堂 连锁 加油站 百货 夜市 服务员 专柜 邮局 五星级 网点 就餐 售货员 养老院 老字号 图书馆 用餐 游泳池 商贩 商城 零售 小贩 桑拿
157,13,0.3448203702648133,0.007039922852012719,0.46153846153846156,专家 学者 行家 资深 内行 院士 外行 博士 人士 导师 权威 同行,研究所 同行 权威 外行 博士 内行 导师 资深,专家 研究所 内行 资深 博士 人士 院士 行家 权威 外行 导师 同行,专家 学者 行家 资深 内行 院士 外行 博士 人士 导师 权威 同行 研究所
158,16,0.3682453374984736,0.0051308147364476624,0.4375,文章 刊登 专栏 转载 评论 社论 发表 投稿 撰写 作者 评论员 标题,引用 标题 报道 原创 评论员 专栏 编辑 文章,转载 评论员 标题 刊登 社论 原创 文章 发表 引用 投稿 报道 撰写,文章 刊登 专栏 转载 评论 社论 发表 投稿 撰写 作者 评论员 标题 编辑 引用 报道 原创
159,15,0.41046381309240465,0.09207028793471615,0.06666666666666667,着眼于 着力 着眼 秉承 本着 坚持 着重 立足 围绕 专注 牢记 牢牢,坚守 专注 侧重 怀着 立足 牢牢 牢记 着眼,坚守 秉承 着眼于 侧重 着眼 本着 着力 着重 立足 围绕 怀着 牢记,着眼于 着力 着眼 秉承 本着 坚持 着重 立足 围绕 专注 牢记 牢牢 侧重 坚守 怀着
160,7,0.3880955668198144,0.07144482683135636,0.2857142857142857,特制 制成 制作 定做 制 专门 专用,专用 专门 制 制成 定做 制作 特制,制 制成 专门 制作 定做 特制 专用,特制 制成 制作 定做 制 专门 专用
161,31,0.4223006319300326,0.042345340720525,0.3548387096774194,前往 来到 赶往 赶赴 奔赴 抵达 赶到 回到 返回 到达 起程 离开,重返 归来 进 回到 步入 到 回 专程,到 去 回 进入 送到 飞往 返回 离开 赶到 赶往 步入 赴,前往 来到 赶往 赶赴 奔赴 抵达 赶到 回到 返回 到达 起程 离开 飞往 动身 踏上 赴 直奔 走进 去 重返 专程 前来 送到 回国 进入 回 到 出发 进 归来 步入
162,37,0.3794900463548362,0.018692278955376996,0.32432432432432434,书籍 画册 专著 出版 书 刊物 著作 名著 辞典 杂志 图书 百科全书,概论 篇 印刷 日记 报纸 册 正版 光盘,正版 光盘 光碟 图书 词典 册 书 印刷 篇 画册 笔记 回忆录,书籍 画册 专著 出版 书 刊物 著作 名著 辞典 杂志 图书 百科全书 册 报刊 词典 论文 传记 出版社 回忆录 手册 文献 电子版 报纸 教科书 主编 封面 稿子 笔记 光盘 日记 光碟 篇 概论 译 音像 印刷 正版
163,92,0.39758175285496955,0.033339970521634434,0.358695652173913,歌剧 演唱 舞蹈 独唱 演奏 歌曲 乐曲 合唱 伴奏 戏剧 歌唱 民歌,魔术 国歌 鼓 古典 童话 摇滚 作家 编排,演戏 演技 唱片 交响乐 诗人 唱歌 艺人 乐队 唱 奏 弦 芭蕾,歌剧 演唱 舞蹈 独唱 演奏 歌曲 乐曲 合唱 伴奏 戏剧 歌唱 民歌 音乐 歌舞 话剧 交响乐 表演 演出 朗诵 戏曲 歌手 诗歌 歌词 京剧 旋律 芭蕾 乐队 杂技 唱 笛子 剧目 唱歌 抒情 吉他 音乐会 相声 演员 歌 创作 喜剧 小提琴 秧歌 戏 歌声 排练 乐器 摇滚 剧本 舞 演戏 剧团 艺术 钢琴 小品 演唱会 歌星 散文 跳舞 主题歌 小曲 作品 歌咏 诗 曲 专辑 文学 木偶 马戏 文艺 舞台 唱片 口哨 剧院 小说 演 古典 艺人 剧场 诗人 演技 国歌 改编 童话 歌颂 作家 编排 奏 寓言 琴 魔术 鼓 弦
164,10,0.39803341283351595,0.024331148256457134,0.4,话题 议题 热点 热门 主题 焦点 专题 题材 议 热,热门 热 专题 题材 议 焦点 主题 议题,热 热点 题材 专题 议题 焦点 议 话题 热门 主题,话题 议题 热点 热门 主题 焦点 专题 题材 议 热
165,31,0.37474487703688836,0.03946063857476376,0.4838709677419355,使得 使 从而 致使 进而 促使 以致 导致 因而 迫使 令 让,帮助 以至于 反过来 加上 因 由此 致 以免,反过来 因 并 令 且 使 以免 以便 故 有助于 促使 使得,使得 使 从而 致使 进而 促使 以致 导致 因而 迫使 令 让 以便 以免 有助于 故 以至于 继而 有利于 足以 且 由此 促成 无形中 并 加上 意味着 帮助 因 致 反过来
166,27,0.3641517873224233,0.03637267148257899,0.4074074074074074,国外 外国 海外 国内 境外 海内外 全球 内地 中外 本土 外地 国际,国家 本地 环球 内外 全国 大陆 外籍 外部,境外 海外 本土 本地 中国 中外 海内外 全国 国内 国外 国家 全球,国外 外国 海外 国内 境外 海内外 全球 内地 中外 本土 外地 国际 跨国 全世界 外资 外来 全国 本地 中国 外籍 世界 大陆 外企 外部 内外 国家 环球
167,74,0.3837241057539336,0.025709470388877102,0.43243243243243246,田径 体操 乒乓球 举重 网球 羽毛球 排球 篮球 摔跤 跳远 比赛 游泳,训练 球场 练 夺魁 奖杯 球星 入场券 体育,运动 登山 东道主 参赛 选手 决赛 网球 球星 举重 武术 球员 球场,田径 体操 乒乓球 举重 网球 羽毛球 排球 篮球 摔跤 跳远 比赛 游泳 滑冰 运动员 台球 棒球 决赛 跳高 预赛 选手 赛场 运动会 单打 足球 世界杯 冠军 双打 滑雪 联赛 打球 银牌 教练 奥运会 武术 亚军 半决赛 亚运会 铜牌 参赛 高尔夫球 夺冠 射击 赛 奖牌 健美 金牌 长跑 竞技 大奖赛 球员 球队 跳伞 赛车 女子 龙舟 大赛 登山 太极拳 训练 健身 球场 划船 跑步 跳水 体育 球星 冲浪 夺魁 奖杯 运动 练 杯 东道主 入场券
168,17,0.3985029428134978,0.04357008601632093,0.29411764705882354,巨星 大腕儿 大师 高手 明星 名人 泰斗 影星 前辈 顶级 重量级 偶像,弟子 顶级 重量级 巨星 天才 精英 世界级 前辈,顶级 弟子 明星 偶像 精英 大师 重量级 世界级 巨星 影星 大腕儿 泰斗,巨星 大腕儿 大师 高手 明星 名人 泰斗 影星 前辈 顶级 重量级 偶像 元老 精英 天才 世界级 弟子
169,8,0.4129543917280927,0.11246228737997663,0.125,初期 早期 年代 晚期 世纪 中期 时代 起步,起步 时代 中期 世纪 晚期 初期 年代 早期,早期 年代 晚期 中期 初期 世纪 时代 起步,初期 早期 年代 晚期 世纪 中期 时代 起步
170,23,0.36524844793591277,-0.0035250025663380448,0.5217391304347826,贵族 皇室 皇帝 宫廷 官吏 官僚 国王 封建 皇宫 世袭 王后 帝国,国王 官僚主义 王子 知识分子 腐败 王国 朝代 宫,子弟 宫 腐化 官僚 官吏 官僚主义 腐败 皇宫 皇室 皇帝 皇后 贵族,贵族 皇室 皇帝 宫廷 官吏 官僚 国王 封建 皇宫 世袭 王后 帝国 文人 皇后 王国 腐化 王子 朝代 腐败 子弟 宫 知识分子 官僚主义
171,74,0.374330963296195,-0.014787083923543992,0.5,山岭 山坡 树林 茂密 松树 树木 山谷 柏树 柳树 峡谷 小溪 丘陵,芽 盛开 耸立 果实 河 地形 枝 坝,丘陵 树荫 湖泊 叶子 坝 坡 山 瀑布 流域 岩石 树木 树林,山岭 山坡 树林 茂密 松树 树木 山谷 柏树 柳树 峡谷 小溪 丘陵 山峰 树梢 沼泽 高山 树荫 山顶 河流 桃树 树叶 雪山 池塘 槐树 湖泊 山冈 杨树 奇花异草 茂盛 岩石 草地 草原 悬崖 森林 小路 山 草坪 沙漠 竹子 平原 沟 瀑布 泥土 丛林 树 棵 山路 连绵 叶子 山区 坡 荆棘 堤坝 坝 戈壁 河 湖 高原 草 海拔 山川 株 水库 耸立 茎 盛开 植物 地形 枝 河畔 陡 流域 芽 果实
172,23,0.35108769826769054,-0.009540606389457867,0.6086956521739131,企业 厂商 行业 厂家 产品 业务 产业 市场 生产 品牌 厂 工厂,巨头 平台 事业 出厂 渠道 销售 车间 板块,事业 厂 业 板块 品牌 车间 行业 国产 企业 生产 业务 产业,企业 厂商 行业 厂家 产品 业务 产业 市场 生产 品牌 厂 工厂 领域 销售 巨头 平台 板块 渠道 车间 业 国产 出厂 事业
173,13,0.39709404986841246,0.08218567184791985,0.15384615384615385,盈利 利润 收益 业绩 效益 亏损 经营 增值 分红 价值 增收 回报,价值 经营 分红 回报 增收 营业 增值 亏损,营业 增值 增收 收益 效益 经营 盈利 利润 价值 业绩 亏损 回报,盈利 利润 收益 业绩 效益 亏损 经营 增值 分红 价值 增收 回报 营业
174,3,0.33445743106957454,-0.024257730414197973,0.6666666666666666,东方 远方 中华,中华 远方 东方,中华 远方 东方,东方 远方 中华
175,2,0.4689908373812567,0.21987263135127705,0.0,事物 东西,事物 东西,事物 东西,事物 东西
176,17,0.3837371319865085,0.02839455709720311,0.35294117647058826,颗 根 粒 缕 枚 条 种 盏 朵 块 片 束,个 项 朵 丝 座 种 条 片,块 座 串 个 丝 种 粒 缕 片 盏 束 条,颗 根 粒 缕 枚 条 种 盏 朵 块 片 束 串 座 丝 个 项
177,8,0.4089737115196074,0.09074907921328142,0.0,丝毫 毫无 根本 完全 任何 绝对 无 真正,任何 真正 无 根本 绝对 完全 毫无 丝毫,真正 绝对 无 完全 根本 丝毫 任何 毫无,丝毫 毫无 根本 完全 任何 绝对 无 真正
178,160,0.3719056512283908,-0.044035797211059366,0.66875,拧 拽 踹 磕 搓 扔 叼 蹦 捏 蹬 搂 摔,捉 拣 逮 捡 淌 飘 坐 蹲,偷 兜 刷 刨 刮 剪 剥 割 劈 卸 压 叼,拧 拽 踹 磕 搓 扔 叼 蹦 捏 蹬 搂 摔 扯 捅 拎 扒 揪 揍 甩 咬 擦 砸 敲 踢 捶 舔 劈 摸 捡 抠 蹭 抖 掐 掰 溜 躺 爬 扛 掏 揣 揉 撕 砍 搀 碰 耍 瞅 捞 搁 丢 扳 刨 拦 打 抡 撞 绑 滚 挤 弄 缠 晃 刮 淌 趴 拉 抱 跳 兜 搅 蹲 挑 挠 绷 睡 踩 吐 挨 搬 吓 裹 躲 拖 放 撑 踏 泼 啃 夹 抬 吹 浇 遛 扑 捉 逮 抽 撬 捎 沾 翻 洗 坐 剪 瘫 挂 憋 抹 粘 喂 卸 摆 扭 绞 呛 跪 拔 埋 剥 吊 搭 掀 喷 溅 背 捂 铲 偷 拿 牵 晃荡 窜 歪 洒 拴 抓 逗 割 吵 拣 刷 压 赶 碎 撒 轰 垫 摔倒 钉 挎 折腾 追 哄 抢 挽 飘 走 摘 吼 戳
179,26,0.38709262079818907,0.01898943291156709,0.38461538461538464,忘掉 丢掉 忘记 抛弃 遗忘 忽略 放弃 丢弃 忽视 失去 丧失 迷失,脱离 丢失 忘 消失 抛开 放下 冷落 小看,忘掉 忘 放过 丢失 丢弃 埋没 丢掉 冷落 迷失 抛弃 抛开 放弃,忘掉 丢掉 忘记 抛弃 遗忘 忽略 放弃 丢弃 忽视 失去 丧失 迷失 放过 遗弃 丢失 错过 埋没 记住 忘 消失 放下 小看 抛开 白白 冷落 脱离
180,33,0.38408174853185184,0.017326883066830966,0.45454545454545453,磋商 会谈 交谈 会晤 对话 沟通 协商 交流 互访 会面 交往 洽谈,往来 双方 访谈 建交 两岸 商量 讨价还价 友好,往来 磋商 互动 互信 谈判 会面 会谈 经贸 交谈 座谈 建交 双方,磋商 会谈 交谈 会晤 对话 沟通 协商 交流 互访 会面 交往 洽谈 谈判 交涉 合作 商讨 谈话 座谈 互信 双边 经贸 往来 讨价还价 讨论 友好 商量 双方 建交 互动 面对面 访谈 多边 两岸
181,105,0.3953296231395326,0.015621569776693519,0.42857142857142855,胳膊 手臂 脖子 手掌 手指 嘴唇 爪子 肩膀 舌头 鼻子 腿 嘴巴,站立 吸管 摇晃 鼻涕 眼神 穴位 眼 石头,爪子 叉子 肚子 浑身 肢体 把手 脖子 刀 吻 嘴 头 弓,胳膊 手臂 脖子 手掌 手指 嘴唇 爪子 肩膀 舌头 鼻子 腿 嘴巴 脸颊 身子 脑袋 手腕 双手 膝盖 耳朵 眼睛 喉咙 胸膛 眉毛 颈部 钳子 把手 指头 肚子 腰 嘴 指甲 脚 身躯 棍子 头发 胸部 身体 用力 手脚 骨头 腹部 拳头 脸 抚摸 牙齿 绳子 叉子 使劲 浑身 头顶 肌肉 全身 树枝 伤口 筷子 竹竿 怀里 嗓子 尾巴 肩 肢体 伸 睁 剪子 眼 剪刀 手 鼻涕 握 两手 关节 铲子 头 眼神 皱 伸手 拐杖 面部 吻 棍 眨眼 钩子 拄 头部 翅膀 摇晃 船桨 刀 吸管 牙 动弹 胡子 弓 站立 禅杖 仰 脑子 筋 挥 杠铃 石头 部位 斧子 穴位 肌肤
182,14,0.4164571586366341,0.06266883301914392,0.21428571428571427,小型 中型 轻型 大型 微型 新型 巨型 重型 型 新式 多功能 两栖,高档 两栖 多功能 式 新式 巨型 重型 型,重型 型 式 微型 新式 新型 中型 大型 小型 巨型 两栖 轻型,小型 中型 轻型 大型 微型 新型 巨型 重型 型 新式 多功能 两栖 高档 式
183,12,0.39738458239304797,0.029389179667172517,0.25,紧缩 宽松 放松 紧 收缩 松弛 缩 松 松绑 严 调控 收敛,缩 调控 收敛 严 收缩 松 松绑 松弛,松弛 严 紧 缩 松 收缩 收敛 宽松 放松 调控 松绑 紧缩,紧缩 宽松 放松 紧 收缩 松弛 缩 松 松绑 严 调控 收敛
184,10,0.40260837478384165,0.04666034460489806,0.4,细致 精细 周密 细 细微 周到 严密 精练 细节 精,精 精练 细节 细微 周密 细 周到 严密,周密 周到 细微 严密 精 细 细致 细节 精练 精细,细致 精细 周密 细 细微 周到 严密 精练 细节 精
185,21,0.41105002670237556,0.06485422561710535,0.19047619047619047,艰巨 严峻 紧迫 困难 艰难 繁重 复杂 棘手 急迫 艰险 迫切 挑战,沉重 压力 难关 难度 考验 紧张 面临 困难,紧张 严峻 艰险 艰难 挑战 紧迫 面临 艰巨 压力 迫切 急迫 困难,艰巨 严峻 紧迫 困难 艰难 繁重 复杂 棘手 急迫 艰险 迫切 挑战 错综复杂 危险 难度 考验 面临 紧张 沉重 压力 难关
186,13,0.43877801832001095,0.14502229632095937,0.23076923076923078,依照 按照 根据 依据 遵照 遵循 参照 按 依 严格 由 参考,服从 严格 由 参考 遵循 依 根据 参照,参考 依 由 严格 按 参照 根据 依据 服从 依照 遵照 遵循,依照 按照 根据 依据 遵照 遵循 参照 按 依 严格 由 参考 服从
187,25,0.3934407138268413,0.03622728434361065,0.36,受伤 重伤 丧生 死亡 遇难 失踪 伤亡 车祸 伤 伤势 无辜 死,无家可归 倒下 去世 死 幸存 自杀 牺牲 残疾,幸存 无辜 事故 伤 伤残 伤势 伤亡 死 失踪 倒下 晕倒 无家可归,受伤 重伤 丧生 死亡 遇难 失踪 伤亡 车祸 伤 伤势 无辜 死 自杀 事故 伤残 倒下 晕倒 出事 去世 受害 幸存 受惊 残疾 无家可归 牺牲
188,13,0.3742436775955881,0.01909606515681883,0.46153846153846156,他们 它们 自己 它 其 对方 各自 自身 彼此 后者 他人 前者,个人 自身 对方 彼此 他人 前者 其 各自,其 它 对方 彼此 他人 他们 自身 各自 个人 前者 自己 后者,他们 它们 自己 它 其 对方 各自 自身 彼此 后者 他人 前者 个人
189,25,0.3910776833514164,0.07017462683515677,0.16,身材 身高 体重 年纪 长相 年龄 岁数 个头儿 个儿 外貌 胖 矮小,壮 智力 高龄 家境 瘦 体能 岁 矮小,身材 长相 壮 岁 矮 瘦 岁数 年纪 体重 健壮 体能 体质,身材 身高 体重 年纪 长相 年龄 岁数 个头儿 个儿 外貌 胖 矮小 健壮 瘦 体力 体质 矮 个子 体能 智商 岁 家境 壮 智力 高龄
190,7,0.4324627178411965,0.13241676895594953,0.0,特例 例子 先例 例外 个案 惯例 典型,惯例 典型 例子 个案 例外 先例 特例,典型 例外 例子 个案 惯例 特例 先例,特例 例子 先例 例外 个案 惯例 典型
191,4,0.5847770090667199,0.37563423656817607,0.0,当中 中 之中 其中,其中 之中 当中 中,中 当中 其中 之中,当中 中 之中 其中
192,3,0.4665546514314601,0.19327847471523288,0.0,二手车 二手 中介,中介 二手 二手车,中介 二手 二手车,二手车 二手 中介
193,53,0.405651158774578,0.07150095127770571,0.20754716981132076,急诊 医院 门诊 儿科 外科 医生 手术 住院 就诊 内科 打针 针灸,口腔 缝合 救治 麻醉 伤员 急救 防疫 监护,临床 看病 包扎 挂号 输血 伤员 床位 门诊 打针 诊所 诊断 会诊,急诊 医院 门诊 儿科 外科 医生 手术 住院 就诊 内科 打针 针灸 救治 急救 手术室 护士 看病 护理 康复 西医 治病 输液 诊所 会诊 临床 中医 挂号 出院 医学 诊断 求医 医务 医疗 就医 病床 保健 疗养 麻醉 口腔 包扎 床位 体检 大夫 伤员 缝合 防疫 按摩 监护 美容 理发 输血 休养 卫生
194,40,0.4052663528584686,0.04735151742890149,0.325,绘画 国画 雕刻 画 油画 雕塑 壁画 素描 刺绣 中国画 年画 书法,摄影 铸造 花卉 幅 画家 镶 镶嵌 陶瓷,雕塑 雕刻 插图 瓷器 刻 幅 肖像 集邮 图画 摄影 刺绣 邮票,绘画 国画 雕刻 画 油画 雕塑 壁画 素描 刺绣 中国画 年画 书法 图画 工艺品 美术 图案 瓷器 画家 肖像 雕 花纹 画儿 毛笔 画展 瓷 邮票 绣 花卉 装饰 插图 陶瓷 镶嵌 漫画 摄影 刻 漆 幅 镶 集邮 铸造
195,12,0.4233845646293618,0.07010706814041286,0.25,奖品 礼品 抽奖 礼物 红包 送礼 中奖 礼 惊喜 回馈 活动 报名,报名 惊喜 回馈 活动 礼物 送礼 红包 抽奖,抽奖 惊喜 礼 送礼 中奖 红包 礼物 报名 回馈 活动 礼品 奖品,奖品 礼品 抽奖 礼物 红包 送礼 中奖 礼 惊喜 回馈 活动 报名
196,24,0.40918289619255455,0.07558059933782955,0.125,青少年 青年 儿童 少年 妇女 老年 中学生 女性 未成年人 男女 男性 成年,男 婴儿 大学生 青春期 少儿 年轻 男子 聋人,年轻 青春期 男 聋人 婴儿 未成年人 中年 盲人 青少年 男性 成年 妇女,青少年 青年 儿童 少年 妇女 老年 中学生 女性 未成年人 男女 男性 成年 中年 大学生 盲人 残疾人 成人 少儿 年轻 聋人 男子 婴儿 青春期 男
197,4,0.3584636097656529,0.05920270009130293,0.25,中心 基地 总部 重心,重心 总部 基地 中心,重心 中心 总部 基地,中心 基地 总部 重心
198,11,0.37774762054938643,0.03555993212481368,0.2727272727272727,稳健 平稳 稳妥 谨慎 适度 稳 温和 有序 中性 循序渐进 持,持 适度 谨慎 有序 中性 循序渐进 稳 温和,稳健 稳妥 平稳 稳 持 中性 有序 适度 温和 循序渐进 谨慎,稳健 平稳 稳妥 谨慎 适度 稳 温和 有序 中性 循序渐进 持
199,56,0.39183738601269447,0.04530710829525931,0.35714285714285715,汉语 词汇 语法 汉字 句子 文字 口语 英文 音节 日语 语言 词语,名字 符号 阅读 段落 言语 口音 话语 写,写作 谜语 成语 读音 生词 词汇 写 字 朗读 句子 流利 语音,汉语 词汇 语法 汉字 句子 文字 口语 英文 音节 日语 语言 词语 读音 俄语 繁体字 法语 字母 普通话 错别字 听写 翻译 中文 写作 生词 简体字 词 方言 字典 字体 朗读 默读 字幕 阿拉伯语 西班牙语 成语 书写 流利 识字 符号 地名 抄写 字 谜语 语音 口音 字迹 名字 言语 话语 抑扬顿挫 字眼 段落 写 外文 交际 阅读
200,19,0.38578636167585234,0.037977278180774066,0.2631578947368421,中止 停止 关闭 暂停 终止 取消 撤销 关掉 中断 停业 解散 废除,恢复 闭 停 宣告 删除 退出 解散 废除,暂停 终止 恢复 取消 停业 停 关掉 停止 中止 中断 删除 解散,中止 停止 关闭 暂停 终止 取消 撤销 关掉 中断 停业 解散 废除 退出 删除 停 恢复 停顿 宣告 闭
201,55,0.40633512855777043,0.081254250508637,0.18181818181818182,春节 中秋节 清明节 圣诞节 元旦 元宵节 节日 除夕 佳节 假期 过年 端午节,张灯结彩 喜庆 每逢 探亲 团聚 团圆 拜年 农历,探亲 季 冬季 冬天 拜年 清明节 张灯结彩 四季 周末 中秋节 季节 新年,春节 中秋节 清明节 圣诞节 元旦 元宵节 节日 除夕 佳节 假期 过年 端午节 新年 长假 暑假 国庆 寒假 时节 过节 节假日 假日 放假 腊月 季节 农历 冬天 清明 秋天 夏天 春季 暑期 周末 春天 节气 冬季 夏季 旺季 休假 每逢 秋季 庙会 淡季 喜庆 团圆 初一 拜年 生日 纪念日 日子 狂欢节 张灯结彩 四季 团聚 探亲 季
202,17,0.3819849119276205,0.049165285503697226,0.23529411764705882,公正 正义 和平 平等 公平 民主 人权 中立 自由 独立自主 人道 和平共处,独立 主权 正当 解放 民主 独立自主 公道 人权,平等 独立 独立自主 人权 和平共处 解放 中立 人道 公道 和平 民主 自由,公正 正义 和平 平等 公平 民主 人权 中立 自由 独立自主 人道 和平共处 公道 主权 独立 解放 正当
203,8,0.39888875900262943,0.1177951860779633,0.125,初级 中级 初等 高等 高级 中等 级 入门,入门 级 高级 中等 初等 高等 初级 中级,入门 级 中等 中级 初等 初级 高等 高级,初级 中级 初等 高等 高级 中等 级 入门
204,13,0.41774625513774594,0.10412083194097728,0.15384615384615385,药 中药 药品 药片 处方 药方 胶囊 医药 疫苗 剂 仿制 偏方,剂 仿制 偏方 丸 医药 疫苗 胶囊 药片,剂 偏方 丸 药片 药方 药品 胶囊 药 处方 中药 疫苗 医药,药 中药 药品 药片 处方 药方 胶囊 医药 疫苗 剂 仿制 偏方 丸
205,113,0.3684404678620511,-0.04306048203604552,0.6991150442477876,艳丽 迷人 优美 别致 古朴 明媚 精致 优雅 美丽 美妙 韵味 甜美,欢乐 坚硬 线条 光泽 浓郁 梦幻 荡漾 容颜,情调 紧凑 光滑 光泽 欢快 流畅 悠闲 欢乐 安静 优雅 壮观 诱人,艳丽 迷人 优美 别致 古朴 明媚 精致 优雅 美丽 美妙 韵味 甜美 柔和 晶莹 细腻 鲜艳 翠绿 明亮 动人 秀美 秀丽 浓郁 醇厚 碧绿 高雅 悦耳 亮丽 柔软 壮丽 清新 欢快 动听 浪漫 华丽 精美 动感 缤纷 简洁 美观 漂亮 宁静 红润 整洁 景色 丰满 壮观 灿烂 宽敞 美好 芬芳 酣畅 流畅 诱人 清脆 情调 气派 新颖 引人入胜 好看 温馨 耀眼 风情 修长 荡漾 安静 悠闲 洋溢 色彩 苗条 光滑 工整 逼真 光泽 雄伟 宽阔 美景 线条 清凉 富有 气息 结实 生动 温暖 魅力 清静 独特 水灵灵 滋润 梦幻 高大 容光焕发 舒适 完美 甜蜜 朦胧 丰富多彩 干净 鲜明 宏伟 绽放 饱满 光彩 整齐 洁净 容颜 坚硬 精彩 欢乐 风光 怀旧 紧凑 趣味 风格
206,50,0.38676445709491536,0.0009316557887709146,0.58,水稻 作物 果树 农作物 种植 小麦 庄稼 肥料 灌溉 棉花 牲畜 禾苗,大棚 生长 害虫 栽培 棉 田 肥 繁殖,生长 增产 亩 玉米 田 种植 开垦 旱 涝 栽 棉 粮食,水稻 作物 果树 农作物 种植 小麦 庄稼 肥料 灌溉 棉花 牲畜 禾苗 粮食 玉米 栽培 耕地 饲料 亩 农业 果园 化肥 养殖 家禽 害虫 旱 大棚 土壤 涝 水产品 丰收 杂交 奶牛 开垦 繁殖 农产品 合作社 肥沃 苗 农场 栽 增产 药材 肥 木材 生长 种子 水利 棉 牧场 田
207,6,0.3353197106148862,-0.0030310858463641946,0.5,屹立 倚 坐落 立 鹤立鸡群 临,临 鹤立鸡群 立 倚 屹立 坐落,坐落 倚 临 立 屹立 鹤立鸡群,屹立 倚 坐落 立 鹤立鸡群 临
208,4,0.39286463646521136,0.10684350551667841,0.0,暂时 短暂 短期 临时,短期 临时 短暂 暂时,暂时 短期 短暂 临时,暂时 短暂 短期 临时
209,9,0.46823502521473337,0.1735468466110267,0.1111111111111111,离 距离 靠近 距 接近 逼近 临近 近 远离,远离 近 临近 逼近 接近 靠近 离 距离,远离 距离 离 靠近 距 近 临近 逼近 接近,离 距离 靠近 距 接近 逼近 临近 近 远离
210,22,0.44777035126899367,0.14609907549681134,0.09090909090909091,当作 当成 视为 列为 称作 称为 看成 定为 看作 变成 成为 作为,为 换成 成 放到 纳入 改为 分为 叫作,看成 看作 为 成 纳入 改为 叫作 当作 当成 成为 换成 放到,当作 当成 视为 列为 称作 称为 看成 定为 看作 变成 成为 作为 变为 叫作 列入 改为 纳入 分为 成 换成 放到 为
211,3,0.38857296259348395,0.09005037091554265,0.0,为了 旨在 人为,旨在 人为 为了,人为 为了 旨在,为了 旨在 人为
212,6,0.4939530383960429,0.24755309990339622,0.0,历时 长达 耗时 时隔 整整 为期,整整 耗时 为期 时隔 长达 历时,历时 长达 时隔 耗时 整整 为期,历时 长达 耗时 时隔 整整 为期
213,7,0.4634875869998545,0.2219134112423538,0.0,直至 截至 截止 直到 为止 止 至,止 至 为止 截止 直到 截至 直至,止 截止 直至 至 直到 为止 截至,直至 截至 截止 直到 为止 止 至
214,12,0.40389132889555046,0.053997788638815054,0.3333333333333333,主角 主人公 情节 结尾 故事 结局 角色 人物 开头 场面 场景 主,角色 主 场景 故事 场面 开头 人物 主角,情节 主 角色 开头 人物 故事 场面 主人公 主角 结局 结尾 场景,主角 主人公 情节 结尾 故事 结局 角色 人物 开头 场面 场景 主
215,24,0.38780571194366475,0.02757181189040835,0.5,宗教 基督教 佛教 儒学 儒家 哲学 伊斯兰教 信仰 道教 天主教 派别 主义,教 派别 真理 人文 民族 学术 教条 学说,启蒙 宗教 真理 种族 教 人文 穆斯林 天主教 哲学 国学 儒学 儒家,宗教 基督教 佛教 儒学 儒家 哲学 伊斯兰教 信仰 道教 天主教 派别 主义 教条 穆斯林 国学 学说 学术 教 启蒙 种族 真理 政治 民族 人文
216,39,0.4075355220014044,0.07433676373986521,0.15384615384615385,主任 总经理 处长 秘书长 局长 部长 总裁 院长 董事长 总监 书记 秘书,兼 教授 董事会 秘书长 委员会 队长 创始人 干事,秘书长 董事 兼 官 董事长 院长 会长 处长 司长 总监 总裁 创始人,主任 总经理 处长 秘书长 局长 部长 总裁 院长 董事长 总监 书记 秘书 会长 组长 委员 助理 主席 司长 所长 校长 理事 团长 负责人 经理 董事 首席 顾问 主管 市长 厂长 教授 兼 队长 发言人 委员会 干事 官 创始人 董事会
217,3,0.42121404113981925,0.11799953358347752,0.0,主体 载体 对象,载体 对象 主体,载体 主体 对象,主体 载体 对象
218,2,0.5057524950672111,0.23392391610226282,0.0,合约 主力,合约 主力,合约 主力,合约 主力
219,27,0.39933061603313286,0.06350578944332276,0.25925925925925924,开办 创办 设立 创立 举办 开设 成立 组建 创建 建立 开辟 推出,设 设置 申办 组建 确立 筹办 诞生 开展,诞生 申办 开辟 开设 开通 办 组建 开办 开创 开展 确立 举办,开办 创办 设立 创立 举办 开设 成立 组建 创建 建立 开辟 推出 开展 主办 承办 开通 筹办 开创 发起 设置 倡导 确立 设 办 首创 诞生 申办
220,8,0.3745345564697079,0.06448140783639769,0.125,自愿 主动 自觉 自发 被迫 被动 无条件 无偿,无偿 无条件 被迫 自发 自觉 自愿 被动 主动,无条件 无偿 被迫 被动 自觉 自愿 自发 主动,自愿 主动 自觉 自发 被迫 被动 无条件 无偿
221,14,0.36683075100782614,0.03302654879898882,0.2857142857142857,支配 主宰 操纵 操控 霸占 占有 垄断 占据 主导 控制 掌管 瓜分,主导 干预 驾驭 占有 控制 掌管 霸占 瓜分,占据 占有 支配 操纵 霸占 操控 垄断 干预 掌管 驾驭 控制 瓜分,支配 主宰 操纵 操控 霸占 占有 垄断 占据 主导 控制 掌管 瓜分 驾驭 干预
222,11,0.39146428423195156,0.05294998249788736,0.2727272727272727,看法 见解 观点 意见 立场 倾向 主张 偏见 建议 异议 意向,意向 建议 异议 主张 偏见 倾向 立场 意见,看法 立场 意向 建议 偏见 异议 观点 倾向 意见 见解 主张,看法 见解 观点 意见 立场 倾向 主张 偏见 建议 异议 意向
223,38,0.3686610941831949,-0.02233895123466819,0.5526315789473685,方法 思路 想法 目的 举措 理念 路子 方针 方式 初衷 做法 办法,方针 形式 方案 机制 办法 方法 态度 门路,机制 步骤 宗旨 办法 对策 门路 用意 意图 意思 本意 举措 策略,方法 思路 想法 目的 举措 理念 路子 方针 方式 初衷 做法 办法 手段 途径 用意 意图 措施 手法 原则 出发点 念头 计策 动机 构想 宗旨 主意 本意 步骤 态度 模式 意思 出路 策略 方案 对策 形式 机制 门路
224,8,0.4046146253272564,0.04599307924082477,0.25,带队 带领 亲自 带头 领导 以身作则 领队 主持,亲自 领队 主持 领导 以身作则 带领 带头 带队,带头 领队 亲自 带领 带队 领导 以身作则 主持,带队 带领 亲自 带头 领导 以身作则 领队 主持
225,8,0.4405099662924052,0.11512807406877802,0.125,潮流 时尚 时髦 流行 新潮 风尚 主流 风,风 主流 流行 风尚 新潮 时髦 时尚 潮流,时尚 流行 潮流 新潮 时髦 风尚 风 主流,潮流 时尚 时髦 流行 新潮 风尚 主流 风
226,21,0.3634157479553325,-0.01262198546801746,0.5238095238095238,重要 关键 至关重要 首要 要紧 必不可少 重中之重 必要 当务之急 可贵 无关紧要 有益,必不可少 要点 无关紧要 有用 核心 必需 有益 主要,必要 必需 重点 重中之重 必不可少 宝贵 至关重要 有益 有用 核心 有利 关键,重要 关键 至关重要 首要 要紧 必不可少 重中之重 必要 当务之急 可贵 无关紧要 有益 有用 有利 宝贵 必需 重点 主要 要害 核心 要点
227,41,0.39379650944320616,0.015832702581739435,0.3902439024390244,情感 人格 心灵 自尊 内心 自尊心 人性 信念 审美 心理 意识 思维,心 感情 身心 直觉 知觉 理性 美德 灵魂,自尊心 心 伦理 心态 心情 心理 心灵 思想 人性 人格 思维 审美,情感 人格 心灵 自尊 内心 自尊心 人性 信念 审美 心理 意识 思维 认知 自信心 观念 感情 意志 思想 价值观 欲望 道德 心态 感性 灵魂 自我 直觉 精神 理性 情绪 本能 主观 身心 好奇心 伦理 头脑 知觉 良心 心 尊严 美德 心情
228,11,0.37921741166405365,0.03214300858770468,0.6363636363636364,微博 博客 微信 头条 主页 新闻 媒体 帖子 社交 官方 栏目,栏目 新闻 微信 社交 官方 媒体 主页 帖子,微信 博客 微博 官方 帖子 媒体 栏目 新闻 主页 头条 社交,微博 博客 微信 头条 主页 新闻 媒体 帖子 社交 官方 栏目
229,2,0.40738602303942795,0.13976485901683042,0.0,举 提,举 提,举 提,举 提
230,25,0.3896275539338805,0.017562048425053725,0.48,思索 思考 反思 深思 揣摩 反省 琢磨 审视 领悟 回味 推敲 温习,回想 醒悟 深刻 清醒 琢磨 权衡 思前想后 领会,追问 举一反三 思前想后 思索 权衡 审视 揣摩 思考 推敲 反思 深刻 反省,思索 思考 反思 深思 揣摩 反省 琢磨 审视 领悟 回味 推敲 温习 领会 醒悟 回想 仔细 正视 深刻 检讨 追问 权衡 倾听 举一反三 思前想后 清醒
231,13,0.41263475997177107,0.09622898008405192,0.07692307692307693,前无古人 史无前例 举世无双 划时代 惊天动地 举世瞩目 非凡 了不起 伟大 翻天覆地 开天辟地 独一无二,开天辟地 独一无二 前所未有 非凡 了不起 惊天动地 举世瞩目 伟大,前无古人 前所未有 史无前例 开天辟地 划时代 伟大 独一无二 举世瞩目 翻天覆地 惊天动地 了不起 非凡,前无古人 史无前例 举世无双 划时代 惊天动地 举世瞩目 非凡 了不起 伟大 翻天覆地 开天辟地 独一无二 前所未有
232,16,0.452881005792299,0.15724732770019453,0.0,有名 著名 驰名 闻名 大名鼎鼎 出名 远近闻名 举世闻名 名副其实 家喻户晓 知名 耳熟能详,号称 当之无愧 公认 家喻户晓 瞩目 知名 举世闻名 耳熟能详,耳熟能详 家喻户晓 知名 著名 举世闻名 名副其实 公认 有名 出名 远近闻名 当之无愧 闻名,有名 著名 驰名 闻名 大名鼎鼎 出名 远近闻名 举世闻名 名副其实 家喻户晓 知名 耳熟能详 公认 瞩目 当之无愧 号称
233,44,0.3733396346890238,0.00684076528637084,0.4090909090909091,阐述 叙述 讲述 论述 描述 概括 描绘 讲解 表述 解释 介绍 讲,记载 定义 绘声绘色 简要 理解 提到 勾画 梳理,叙述 概括 谈到 畅谈 汇报 总结 举例 解析 勾画 回顾 描述 交代,阐述 叙述 讲述 论述 描述 概括 描绘 讲解 表述 解释 介绍 讲 列举 探讨 总结 谈 解读 谈到 描写 谈论 归纳 畅谈 诉说 谈起 分析 勾画 解析 表达 举例 简要 陈述 解说 理解 回顾 提到 汇报 定义 梳理 形容 交代 聊 论证 绘声绘色 记载
234,26,0.4048186276969535,0.07574709405983601,0.19230769230769232,电话 拨打 短信 打电话 电子邮件 接听 邮件 来电 信箱 拨通 热线 邮箱,账号 网址 号码 来信 求助 报警 匿名 通话,网址 邮件 投诉 邮箱 通话 热线 匿名 拨通 举报 传真 拨打 短信,电话 拨打 短信 打电话 电子邮件 接听 邮件 来电 信箱 拨通 热线 邮箱 举报 投诉 留言 发送 接通 通话 传真 来信 号码 报警 求助 网址 匿名 账号
235,50,0.38900957654001744,0.06457206410794745,0.22,大会 开幕 开幕式 闭幕式 招待会 闭幕 晚会 庆典 展览会 盛会 集会 颁奖,届 嘉宾 颁奖 贺信 庆祝 沙龙 会场 召开,嘉年华 集会 招待会 颁奖 宣读 嘉宾 联欢 宴会 演说 演讲 周年 届,大会 开幕 开幕式 闭幕式 招待会 闭幕 晚会 庆典 展览会 盛会 集会 颁奖 宴会 致辞 座谈会 会议 博览会 峰会 发布会 演讲 典礼 展览 举行 联欢 隆重 论坛 仪式 追悼会 会场 聚会 研讨 出席 讲座 盛大 贺信 召开 发言 讲话 演说 展出 嘉宾 周年 宣读 游行 沙龙 庆祝 参展 嘉年华 车展 届
236,8,0.37699929204379173,0.016581147910137754,0.25,矣 乃 曰 之 唯 者 干戈 绝,绝 者 干戈 乃 唯 曰 之 矣,唯 之 乃 绝 矣 曰 者 干戈,矣 乃 曰 之 唯 者 干戈 绝
237,10,0.3969943935620053,0.09968530000807613,0.1,以及 及 和 等 及其 在内 包括 或者 或 乃至,和 及其 在内 或 包括 或者 乃至 等,及 和 包括 等 以及 或 乃至 及其 在内 或者,以及 及 和 等 及其 在内 包括 或者 或 乃至
238,8,0.3738417760970118,0.03505807724028111,0.375,盛 润 顺 富 旺 久 合 景,合 景 久 富 润 旺 顺 盛,合 富 久 盛 景 旺 润 顺,盛 润 顺 富 旺 久 合 景
239,11,0.4219714939228119,0.10526664035979189,0.18181818181818182,少见 罕见 难得一见 少有 难得 常见 司空见惯 稀少 寥寥无几 比比皆是 久违,久违 稀少 比比皆是 司空见惯 寥寥无几 难得 常见 少有,比比皆是 少见 稀少 寥寥无几 难得一见 罕见 久违 司空见惯 常见 难得 少有,少见 罕见 难得一见 少有 难得 常见 司空见惯 稀少 寥寥无几 比比皆是 久违
240,21,0.4160066607099623,0.08919357691447782,0.09523809523809523,担负 肩负 责任 承担 职责 重任 负有 担当 使命 担子 义务 履行,负有 担子 职能 挑起 分担 履行 担 任务,担 履行 使命 担负 义务 责任 推卸 任务 职责 职能 负有 负担,担负 肩负 责任 承担 职责 重任 负有 担当 使命 担子 义务 履行 推卸 分担 负担 任务 职能 负责 胜任 担 挑起
241,30,0.4030333324834804,0.04319535894926256,0.4,捐助 募捐 捐款 捐赠 捐 捐献 救助 慈善 援助 资助 筹集 救灾,志愿者 支援 献血 出资 义工 筹 孤儿 物资,献血 赞助 筹 集资 捐 捐助 捐款 捐献 资助 义工 志愿者 出资,捐助 募捐 捐款 捐赠 捐 捐献 救助 慈善 援助 资助 筹集 救灾 救济 爱心 筹措 公益 拨款 义工 赞助 灾区 支援 接济 孤儿 物资 慰劳 志愿者 献血 集资 出资 筹
242,4,0.41226073956330556,0.12503505035859766,0.0,最好 唯一 最佳 之一,之一 唯一 最好 最佳,之一 最好 最佳 唯一,最好 唯一 最佳 之一
243,9,0.4440798515027149,0.11800508430048746,0.2222222222222222,以外 之外 外 除 以内 之内 内 除了 除外,除了 以内 内 之内 除外 除 之外 外,内 外 以外 以内 除 之内 之外 除外 除了,以外 之外 外 除 以内 之内 内 除了 除外
244,1,,0.0,0.0,之所以,之所以,之所以,之所以
245,3,0.4879519610659429,0.22246952292262487,0.0,间 之间 其间,其间 之间 间,其间 间 之间,间 之间 其间
246,19,0.394126277000109,0.018330456772459654,0.3684210526315789,天空 星星 彩霞 太阳 月亮 光芒 乌云 阳光 彩虹 照耀 蓝天 黎明,瑞雪 大地 曙光 黑暗 闪电 天上 蓝天 照耀,光明 阳光 闪电 太阳 黎明 曙光 光芒 蓝天 月亮 大地 星星 天空,天空 星星 彩霞 太阳 月亮 光芒 乌云 阳光 彩虹 照耀 蓝天 黎明 天上 光明 曙光 大地 黑暗 闪电 瑞雪
247,5,0.336208839375767,-0.015754532057491354,0.8,酷 傲 乐 腾 融,融 腾 乐 傲 酷,傲 乐 酷 融 腾,酷 傲 乐 腾 融
248,17,0.36676305291077305,0.006591321292970076,0.47058823529411764,公园 花园 广场 园 喷泉 乐园 绿地 大道 大街 园地 大厦 庄园,露天 家园 园地 大街 天桥 空地 大厦 园林,园 空地 绿地 园地 喷泉 露天 园林 花园 大厦 乐园 大道 大街,公园 花园 广场 园 喷泉 乐园 绿地 大道 大街 园地 大厦 庄园 空地 天桥 家园 园林 露天
249,8,0.4230101919627285,0.06992388993518706,0.25,乐观 悲观 前景 看好 预期 展望 明朗 保守,保守 看好 预期 明朗 展望 前景 悲观 乐观,乐观 看好 展望 明朗 保守 前景 预期 悲观,乐观 悲观 前景 看好 预期 展望 明朗 保守
250,43,0.3508323683524254,-0.014350483926336343,0.4418604651162791,安逸 安稳 快乐 幸福 愉快 顺心 自在 舒畅 快活 美满 富足 无忧无虑,尽情 昌盛 吉祥 放纵 美滋滋 省事 富强 顺其自然,如意 乐趣 安逸 舒畅 舒服 幸福 快活 昌盛 顺心 快乐 体面 和谐,安逸 安稳 快乐 幸福 愉快 顺心 自在 舒畅 快活 美满 富足 无忧无虑 舒服 安宁 知足 安心 自由自在 怡然自得 心安理得 平静 和睦 祥和 安定 轻松 和谐 放心 体面 美滋滋 乐趣 满意 如意 随心所欲 拘束 顺其自然 放纵 自如 吉祥 尽情 富强 省事 昌盛 长寿 小康
251,6,0.4500923979415818,0.16511815172567593,0.0,暗中 暗地里 私下 拉拢 伺机 乔装,乔装 伺机 拉拢 私下 暗地里 暗中,暗中 乔装 伺机 私下 拉拢 暗地里,暗中 暗地里 私下 拉拢 伺机 乔装
252,4,0.43592660635874264,0.12386187215311024,0.0,骑 驾 乘 驮,驮 乘 骑 驾,乘 驾 驮 骑,骑 驾 乘 驮
253,20,0.3822220546520898,0.007297478622524725,0.45,富人 穷人 贫穷 富翁 富豪 乞丐 阶层 富裕 商人 穷 普通人 贫富,人 乞丐 饥饿 普通人 阶层 贫困 大款 财富,贫困 穷人 人 穷 奴隶 商人 财富 乞丐 大款 阶层 富翁 普通人,富人 穷人 贫穷 富翁 富豪 乞丐 阶层 富裕 商人 穷 普通人 贫富 贫困 奴隶 大款 平民 商贾 财富 饥饿 人
254,23,0.39331587693281195,0.0424285721099618,0.34782608695652173,照顾 照料 侍候 伺候 看护 陪伴 看管 关照 呵护 赡养 管教 收留,乞讨 打扫 管教 接送 家务 养活 宠爱 无微不至,看管 看护 关照 照料 侍候 收留 宠爱 伺候 收养 使唤 守护 托付,照顾 照料 侍候 伺候 看护 陪伴 看管 关照 呵护 赡养 管教 收留 使唤 宠爱 养活 家务 守护 无微不至 接送 收养 托付 打扫 乞讨
255,11,0.43016719593048525,0.05800870333981456,0.36363636363636365,习俗 风俗 民俗 俗 礼仪 习惯 约定俗成 禁忌 人情 茶道 风气,禁忌 民俗 风气 人情 茶道 习惯 约定俗成 俗,禁忌 茶道 俗 人情 习惯 礼仪 习俗 风俗 风气 民俗 约定俗成,习俗 风俗 民俗 俗 礼仪 习惯 约定俗成 禁忌 人情 茶道 风气
256,23,0.40041182874212283,0.08504944712870746,0.21739130434782608,乡 村 镇 市区 县 街道 城区 郊区 村庄 城镇 乡村 城乡,大队 城市 城 街 省 农村 开发区 社区,区 县 城 屯 市 乡 省 城镇 村 乡村 村庄 郊区,乡 村 镇 市区 县 街道 城区 郊区 村庄 城镇 乡村 城乡 城市 农村 市 社区 区 街 开发区 城 屯 大队 省
257,14,0.36155263152776373,0.020425278744723285,0.35714285714285715,转交 递交 移交 提交 交给 出示 退回 交付 拿走 收回 出具 拿出,拿走 交接 书面 出具 拿出 收回 退回 交付,拿出 移交 收回 递交 交付 提交 交给 交接 书面 退回 出具 出示,转交 递交 移交 提交 交给 出示 退回 交付 拿走 收回 出具 拿出 书面 交接
258,11,0.3685068523628826,0.01350209606355965,0.45454545454545453,收购 出售 并购 重组 转让 交易 合并 买卖 拍卖 合资 打包,交易 买卖 打包 拍卖 合资 合并 转让 收购,转让 重组 合资 收购 并购 交易 出售 打包 买卖 合并 拍卖,收购 出售 并购 重组 转让 交易 合并 买卖 拍卖 合资 打包
259,4,0.3112790377266714,-0.031015440730081403,0.75,散 乱 分散 消,消 乱 分散 散,乱 散 消 分散,散 乱 分散 消
260,5,0.3016545050046546,-0.052914690241758336,0.8,遂心 死心塌地 了却 愁 忠实,愁 忠实 了却 死心塌地 遂心,愁 死心塌地 忠实 遂心 了却,遂心 死心塌地 了却 愁 忠实
261,4,0.2907224131349031,-0.08792260350343697,1.0,棋子 筹码 小卒 了结,了结 小卒 筹码 棋子,小卒 棋子 了结 筹码,棋子 筹码 小卒 了结
262,9,0.43940064051279104,0.1547248563186924,0.0,懂得 懂 精通 熟练 熟悉 掌握 善于 学会 了解,善于 了解 掌握 学会 熟练 熟悉 精通 懂得,熟悉 懂 懂得 了解 精通 善于 掌握 学会 熟练,懂得 懂 精通 熟练 熟悉 掌握 善于 学会 了解
263,7,0.36186459300489693,0.014581728060010487,0.42857142857142855,争 夺 拼 斗 揽 闹 凑,揽 凑 拼 闹 斗 争 夺,凑 夺 争 斗 拼 揽 闹,争 夺 拼 斗 揽 闹 凑
264,3,0.4785959029470967,0.19063515140604184,0.0,争光 争气 着想,着想 争气 争光,着想 争气 争光,争光 争气 着想
265,25,0.39862192073334896,0.04597295173614799,0.24,冲突 争执 争吵 激化 矛盾 争端 分歧 争论 动荡 危机 对立 骚乱,关系 恩怨 爆发 风波 尖锐 隔阂 分歧 混乱,混乱 事态 激化 对立 关系 僵局 冲突 危机 争执 争端 隔阂 风波,冲突 争执 争吵 激化 矛盾 争端 分歧 争论 动荡 危机 对立 骚乱 局势 争议 风波 僵局 隔阂 事态 战争 平息 恩怨 混乱 尖锐 爆发 关系
266,22,0.40966297053718614,0.08878471554953449,0.045454545454545456,较量 对抗 抗衡 搏斗 对峙 较劲 争夺 抗争 交锋 比试 角逐 激烈,竞赛 对弈 作对 纠缠 赛跑 激烈 辩论 叫板,激烈 针锋相对 对弈 对峙 竞赛 对抗 角逐 周旋 交锋 叫板 抗衡 较量,较量 对抗 抗衡 搏斗 对峙 较劲 争夺 抗争 交锋 比试 角逐 激烈 针锋相对 周旋 对弈 作对 竞争 辩论 赛跑 纠缠 叫板 竞赛
267,15,0.40793870586000536,0.057227005050743886,0.26666666666666666,事 事情 大事 私事 公事 好事 坏事 喜事 此事 事宜 事项 事务,喜事 有事 事情 办事 事件 坏事 此事 事务,事件 办事 事务 事宜 事情 事 事项 有事 大事 好事 私事 此事,事 事情 大事 私事 公事 好事 坏事 喜事 此事 事宜 事项 事务 事件 有事 办事
268,11,0.39160788668179464,0.0814364244000746,0.2727272727272727,税务 税收 纳税 纳税人 会计 征收 工商 财务 税 行政 事务所,事务所 行政 征收 税 财务 工商 纳税人 纳税,征收 税 会计 纳税人 事务所 行政 财务 纳税 税务 税收 工商,税务 税收 纳税 纳税人 会计 征收 工商 财务 税 行政 事务所
269,10,0.40979260248764265,0.03897550320694177,0.4,原因 根源 罪魁祸首 因素 理由 缘故 后果 前提 导火索 事实,前提 根源 事实 缘故 导火索 后果 罪魁祸首 因素,事实 后果 根源 罪魁祸首 缘故 因素 原因 前提 理由 导火索,原因 根源 罪魁祸首 因素 理由 缘故 后果 前提 导火索 事实
270,17,0.3754480730015466,0.025701952772826896,0.4117647058823529,楷模 模范 榜样 事迹 英雄 典范 英勇 表率 光荣 可歌可泣 立功 光辉,典范 立功 示范 光辉 可歌可泣 好人 功臣 先锋,立功 事迹 榜样 光荣 光辉 功臣 先锋 英雄 楷模 好人 英勇 示范,楷模 模范 榜样 事迹 英雄 典范 英勇 表率 光荣 可歌可泣 立功 光辉 功臣 先锋 见义勇为 好人 示范
271,29,0.3724793983648093,-0.035801456698111064,0.5862068965517241,污水 污染 废物 灰尘 垃圾 粪便 尾气 气体 污秽 排放 有害 有毒,二氧化碳 气体 泥 废品 大气 渣子 排放 气味,气味 气体 废 超标 污秽 粪 污染 污水 泥 空气 细菌 噪声,污水 污染 废物 灰尘 垃圾 粪便 尾气 气体 污秽 排放 有害 有毒 噪声 臭 二氧化碳 空气 粪 脏 气味 噪音 细菌 焚烧 超标 渣子 混浊 废品 泥 废 大气
272,4,0.5405824537604033,0.28884286752095356,0.0,二维码 扫 扫描 码,码 扫描 扫 二维码,二维码 码 扫 扫描,二维码 扫 扫描 码
273,15,0.39154592863594107,0.022855741872127373,0.4666666666666667,源于 来源于 得益于 来自 出自 基于 出于 取决于 属于 于 归结 在于,离不开 来源 位于 得益于 在于 基于 属于 于,基于 于 得益于 出自 位于 属于 来自 离不开 出于 源于 在于 归结,源于 来源于 得益于 来自 出自 基于 出于 取决于 属于 于 归结 在于 位于 离不开 来源
274,21,0.39202247700386456,0.046965003840732523,0.2857142857142857,挣钱 赚钱 赚 挣 赔钱 做生意 发财 打工 钱 亏本 省钱 谋生,见钱眼开 赔 亏 过日子 致富 掏钱 经商 省钱,谋生 赚钱 亏 做生意 省钱 掏钱 挣 见钱眼开 炒股 生意 钱 赔,挣钱 赚钱 赚 挣 赔钱 做生意 发财 打工 钱 亏本 省钱 谋生 掏钱 炒股 过日子 生意 见钱眼开 经商 致富 亏 赔
275,10,0.39971742052984466,0.0767280560751442,0.1,人工智能 智能 机器人 硬件 机器 计算机 互联网 芯片 智慧 云,云 互联网 智慧 计算机 芯片 智能 机器 机器人,机器 云 计算机 硬件 芯片 人工智能 智能 智慧 机器人 互联网,人工智能 智能 机器人 硬件 机器 计算机 互联网 芯片 智慧 云
276,6,0.41842037619243844,0.08701391892659027,0.16666666666666666,同盟 联盟 共同体 大家庭 互助 阵营,阵营 互助 联盟 共同体 大家庭 同盟,联盟 阵营 互助 同盟 共同体 大家庭,同盟 联盟 共同体 大家庭 互助 阵营
277,8,0.40275207283540254,0.09387195841890203,0.25,相互 互相 交替 轮流 交叉 轮换 并行 竞相,交叉 竞相 并行 轮换 轮流 交替 相互 互相,互相 轮换 轮流 交叉 竞相 并行 交替 相互,相互 互相 交替 轮流 交叉 轮换 并行 竞相
278,22,0.3578289125515283,-0.010434548114309222,0.5454545454545454,相连 相通 衔接 贯通 连接 相辅相成 紧密 接轨 息息相关 重合 脱节 吻合,紧密 直达 通往 延伸 密不可分 重叠 互补 无关,重合 重叠 紧密 通往 贯通 连接 息息相关 打通 无关 脱节 相通 延伸,相连 相通 衔接 贯通 连接 相辅相成 紧密 接轨 息息相关 重合 脱节 吻合 重叠 打通 密不可分 挂钩 贯穿 互补 无关 延伸 直达 通往
279,5,0.39392181501894,0.08451689466931094,0.2,五花八门 多样 花样 层出不穷 样,样 层出不穷 多样 花样 五花八门,样 花样 多样 五花八门 层出不穷,五花八门 多样 花样 层出不穷 样
280,26,0.43429537031828613,0.0959441502766883,0.15384615384615385,白色 黄色 蓝色 灰色 红色 紫 黑色 蓝 色 颜色 黑 灰,青 荧光 暗 五颜六色 黑 绿色 黑白 锈,黄色 紫 红 绿 灰 白 暗 黑色 红色 朱红 蓝色 黄,白色 黄色 蓝色 灰色 红色 紫 黑色 蓝 色 颜色 黑 灰 白 绿 红 黄 朱红 斑点 黑白 荧光 五颜六色 彩色 锈 绿色 暗 青
281,10,0.4612271364769904,0.1699095656293425,0.0,开采 勘探 采矿 地质 矿藏 矿 煤矿 地下水 井 地下,井 矿 地下 地下水 矿藏 地质 采矿 煤矿,开采 井 矿 地质 地下 勘探 采矿 矿藏 地下水 煤矿,开采 勘探 采矿 地质 矿藏 矿 煤矿 地下水 井 地下
282,5,0.39649063904064225,0.08286158891848008,0.0,刻舟求剑 画蛇添足 朝三暮四 马后炮 亡羊补牢,画蛇添足 朝三暮四 马后炮 亡羊补牢 刻舟求剑,画蛇添足 马后炮 刻舟求剑 亡羊补牢 朝三暮四,刻舟求剑 画蛇添足 朝三暮四 马后炮 亡羊补牢
283,20,0.40208847794908625,0.03848791794435943,0.35,缴纳 交纳 收取 交费 缴费 缴 支付 押金 手续费 返还 定金 付,减免 领取 高额 付费 扣除 押金 付 交,公积金 付 交 缴费 缴 手续费 缴纳 交费 付费 收取 扣除 交纳,缴纳 交纳 收取 交费 缴费 缴 支付 押金 手续费 返还 定金 付 减免 收费 高额 领取 扣除 付费 交 公积金
284,24,0.39040156671475096,0.062112409287297145,0.16666666666666666,相识 见面 相处 朝夕相处 亲密 相遇 交朋友 亲近 握手 交情 萍水相逢 形影不离,默契 欢聚 打交道 交情 接触 知己 交集 融洽,交朋友 形影不离 交集 知己 相遇 相识 打招呼 朝夕相处 欢聚 交情 相处 相伴,相识 见面 相处 朝夕相处 亲密 相遇 交朋友 亲近 握手 交情 萍水相逢 形影不离 融洽 知己 打招呼 相伴 打交道 相约 合影 接触 素不相识 交集 默契 欢聚
285,5,0.3645766448511606,0.039308240108932954,0.4,换取 取 换 交换 索取,取 索取 换 交换 换取,取 换 交换 换取 索取,换取 取 换 交换 索取
286,6,0.3448719799933856,0.014490158781806034,0.6666666666666666,销 产 运 采 产地 畅销,采 畅销 产地 运 产 销,产 畅销 采 销 运 产地,销 产 运 采 产地 畅销
287,20,0.42950710932176556,0.11136116539559444,0.15,数量 总量 总数 数目 金额 比重 占 规模 数额 人数 比例 量,次数 销量 产值 产量 百分比 比例 份额 人数,数目 占 面积 份额 次数 人数 总数 百分比 总额 总量 规模 量,数量 总量 总数 数目 金额 比重 占 规模 数额 人数 比例 量 总额 产量 百分比 次数 面积 产值 份额 销量
288,2,0.43556079813356285,0.08216952985185033,0.0,产物 缩影,产物 缩影,产物 缩影,产物 缩影
289,7,0.3497432848862053,0.013239143642117276,0.42857142857142855,生成 产生 合成 衍生 分解 还原 发生,产生 还原 发生 合成 分解 衍生 生成,还原 分解 生成 发生 产生 合成 衍生,生成 产生 合成 衍生 分解 还原 发生
290,15,0.3904944103917962,0.02390122286613679,0.3333333333333333,感受 体会 领略 亲身 体验 享受 切身 欣赏 分享 触摸 尝 享,尝 享 耳闻目睹 享受 滋味 见证 触摸 分享,尝 享 耳闻目睹 体验 切身 享受 亲身 欣赏 体会 领略 分享 见证,感受 体会 领略 亲身 体验 享受 切身 欣赏 分享 触摸 尝 享 耳闻目睹 见证 滋味
291,13,0.4239704487558032,0.13507502782390504,0.07692307692307693,具有 有着 含有 拥有 有 带有 包含 具备 蕴藏 存在 还有 享有,还有 享有 含 存在 蕴藏 含有 包含 带有,含有 含 包含 有 拥有 有着 存在 还有 享有 蕴藏 具备 具有,具有 有着 含有 拥有 有 带有 包含 具备 蕴藏 存在 还有 享有 含
292,13,0.40288764678145067,0.0562956908384142,0.3076923076923077,灯光 灯 闪烁 路灯 发光 照明 光线 亮 红灯 光 绿灯 激光,激光 投射 绿灯 红灯 亮 发光 光 闪烁,光线 光 亮 激光 闪烁 灯 照明 红灯 绿灯 发光 投射 路灯,灯光 灯 闪烁 路灯 发光 照明 光线 亮 红灯 光 绿灯 激光 投射
293,37,0.3996845467510344,0.02401398293987343,0.3783783783783784,缺点 弊端 弊病 弱点 优点 毛病 难点 好处 缺陷 难题 难处 短处,问题 疑点 特点 区别 亮点 心病 困境 症结,劣势 亮点 优点 心病 区别 误区 优势 困扰 困境 用处 障碍 症结,缺点 弊端 弊病 弱点 优点 毛病 难点 好处 缺陷 难题 难处 短处 长处 顾虑 问题 坏处 症结 益处 劣势 误区 疑问 特点 瓶颈 疑点 障碍 疑虑 优势 隐患 亮点 麻烦 困境 困扰 漏洞 区别 用处 强项 心病
294,4,0.4186128304470054,0.1454747928926276,0.25,露面 亮相 曝光 光顾,光顾 曝光 亮相 露面,亮相 露面 光顾 曝光,露面 亮相 曝光 光顾
295,4,0.30383389540007255,-0.04881000602924779,0.75,惯 宠 亲 惯性,惯性 亲 宠 惯,宠 亲 惯 惯性,惯 宠 亲 惯性
296,67,0.36656870864831487,-0.016384102084978508,0.5970149253731343,敬意 敬重 衷心 尊敬 祝贺 感谢 祝福 祝愿 诚挚 赞扬 问候 敬爱,情谊 认同 认可 恩情 赞同 祝 敬 热爱,珍视 情谊 诚挚 欢呼 珍重 转达 爱护 祝愿 衷心 祝福 心意 赞同,敬意 敬重 衷心 尊敬 祝贺 感谢 祝福 祝愿 诚挚 赞扬 问候 敬爱 致敬 赞美 亲爱 敬礼 情谊 关怀 赞赏 深情 热爱 感恩 悼念 拥护 庆贺 亲切 缅怀 忠心 称赞 欢呼 尊重 深切 热烈 信任 爱护 鞠躬 信赖 报答 转达 珍视 关爱 慰问 体谅 贺电 送别 鼓掌 祝 珍重 崇高 心意 恩情 铭记 崇拜 敬酒 欢迎 忠诚 敬 送行 好感 赞同 认同 干杯 忠于 认可 此致 好评 留念
297,17,0.43260257465260804,0.11568587239070714,0.23529411764705882,声誉 声望 名声 知名度 名气 威信 影响力 信誉 口碑 人气 地位 形象,显赫 亲和力 名誉 形象 人气 地位 士气 资历,知名度 亲和力 人气 显赫 资历 影响力 名誉 地位 声誉 口碑 形象 威信,声誉 声望 名声 知名度 名气 威信 影响力 信誉 口碑 人气 地位 形象 资历 名誉 士气 显赫 亲和力
298,4,0.3673623554869722,0.08887569267457368,0.0,人事 内部 高层 用人,高层 用人 内部 人事,内部 用人 人事 高层,人事 内部 高层 用人
299,37,0.39698725945781643,0.044690442448960456,0.2702702702702703,民众 观众 市民 群众 听众 影迷 游客 网民 消费者 读者 球迷 顾客,粉丝 迷 公众 师生 众人 来宾 路人 公民,消费者 网友 游客 选民 网民 读者 游人 旅客 股民 用户 人民 人们,民众 观众 市民 群众 听众 影迷 游客 网民 消费者 读者 球迷 顾客 歌迷 居民 老百姓 人们 用户 游人 旅客 粉丝 农民 股民 人民 选民 网友 客人 公众 路人 客户 师生 大众 公民 众人 牧民 国民 来宾 迷
300,19,0.3824213587971214,0.039398617827715456,0.2631578947368421,耗费 花费 消耗 节省 浪费 节约 付出 人力 成本 投入 精力 财力,造价 能耗 金钱 心血 工夫 代价 浪费 财力,耗费 付出 人力 财力 花费 成本 耗 消耗 能耗 造价 代价 投入,耗费 花费 消耗 节省 浪费 节约 付出 人力 成本 投入 精力 财力 耗 代价 能耗 心血 金钱 造价 工夫
301,3,0.36467215484226884,0.07412200318519215,0.0,人口 人均 文盲,文盲 人均 人口,人均 人口 文盲,人口 人均 文盲
302,22,0.3738098027431546,0.0227588810988037,0.36363636363636365,职员 工人 雇员 职工 员工 民工 干部 人员 工会 公务员 农民工 团员,工程师 私营 队员 官员 成员 劳动 工会 农民工,私营 员 罢工 人员 员工 工程师 清洁工 官员 团员 劳动 干部 成员,职员 工人 雇员 职工 员工 民工 干部 人员 工会 公务员 农民工 团员 工程师 雇主 队员 员 清洁工 官员 劳动 成员 罢工 私营
303,10,0.36817396218446646,0.018216021572085087,0.5,自然界 大自然 人类 天然 自然 生命 人造 人工 人间 生存,人间 生存 天然 生命 人造 人类 人工 自然,人类 人工 人间 人造 自然界 生命 生存 天然 自然 大自然,自然界 大自然 人类 天然 自然 生命 人造 人工 人间 生存
304,5,0.31076841248641796,-0.04431853367851346,0.8,手工 织 人手 纺织 手头,手头 织 纺织 人手 手工,纺织 织 人手 手头 手工,手工 织 人手 纺织 手头
305,7,0.35510914073053756,0.004398214312254974,0.42857142857142855,骨干 带头人 纽带 枢纽 桥梁 领军 人才,领军 人才 枢纽 桥梁 纽带 带头人 骨干,桥梁 带头人 骨干 人才 纽带 领军 枢纽,骨干 带头人 纽带 枢纽 桥梁 领军 人才
306,20,0.41350962442491984,0.12221545191742875,0.1,公斤 千克 吨 斤 立方米 平方米 公顷 磅 元 公里 美金 米,平方 克 美元 立方 人次 多元 桶 米,克 元 吨 磅 米 立方 斤 桶 人次 平方米 公顷 公里,公斤 千克 吨 斤 立方米 平方米 公顷 磅 元 公里 美金 米 美元 桶 毫升 平方 立方 人次 克 多元
307,10,0.39427593953937884,0.08684636414579358,0.0,汇率 货币 物价 外汇 利率 人民币 英镑 失业率 股市 经济,英镑 经济 利率 股市 人民币 失业率 外汇 货币,物价 汇率 货币 股市 利率 英镑 外汇 经济 人民币 失业率,汇率 货币 物价 外汇 利率 人民币 英镑 失业率 股市 经济
308,29,0.39303820521706345,0.043246466466246726,0.2413793103448276,磨难 艰辛 风风雨雨 岁月 苦难 沧桑 酸甜苦辣 经历 辛酸 历程 风雨 往事,历经 童年 喜怒哀乐 记忆 漫长 洗礼 回首 走过,时光 苦难 历经 历程 艰辛 往事 挫折 岁月 人生 波折 洗礼 曲折,磨难 艰辛 风风雨雨 岁月 苦难 沧桑 酸甜苦辣 经历 辛酸 历程 风雨 往事 悲欢离合 曲折 波折 时光 人生 回忆 挫折 难忘 历经 走过 童年 漫长 回首 喜怒哀乐 洗礼 记忆 度过
309,47,0.3766531067205732,-0.02058049234600705,0.6170212765957447,盗窃 抢劫 诈骗 逮捕 敲诈 走私 团伙 犯罪 罪犯 贪污 被捕 受贿,扣押 吸毒 逮捕 盗版 赌博 受害人 收买 盗,暗杀 枪毙 窃取 罪 盗 犯罪 开枪 贪污 敲诈 同伙 吸毒 收买,盗窃 抢劫 诈骗 逮捕 敲诈 走私 团伙 犯罪 罪犯 贪污 被捕 受贿 非法 藏匿 劫持 财物 贿赂 倒卖 钱财 歹徒 贩卖 窃取 同伙 毒品 假冒 搜查 扣押 收买 盗 扣留 凶手 暗杀 涉嫌 罪 吸毒 通缉 分赃 赌博 抢夺 枪毙 作弊 受害人 人质 开枪 公款 盗版 烧毁
310,1,,0.0,0.0,人身,人身,人身,人身
311,8,0.42738993336642167,0.13234256540817524,0.125,牵涉 牵扯 涉及 卷入 插手 波及 介入 接手,接手 介入 卷入 波及 插手 涉及 牵扯 牵涉,插手 牵涉 牵扯 波及 介入 涉及 接手 卷入,牵涉 牵扯 涉及 卷入 插手 波及 介入 接手
312,5,0.40033541604793366,0.08999674753519245,0.2,自从 自 从 继 从中,从中 继 自从 自 从,从 继 从中 自 自从,自从 自 从 继 从中
313,1,,0.0,0.0,从今以后,从今以后,从今以后,从今以后
314,3,0.39318369968796496,0.06530694725085129,0.0,遍 从头 重复,从头 重复 遍,重复 从头 遍,遍 从头 重复
315,11,0.34774776690286746,0.017703087045899114,0.36363636363636365,滔滔不绝 从容不迫 脱口而出 胸有成竹 理直气壮 大模大样 出口成章 异口同声 居高临下 道 便道,理直气壮 便道 道 居高临下 异口同声 从容不迫 滔滔不绝 脱口而出,脱口而出 大模大样 胸有成竹 便道 理直气壮 道 居高临下 出口成章 从容不迫 滔滔不绝 异口同声,滔滔不绝 从容不迫 脱口而出 胸有成竹 理直气壮 大模大样 出口成章 异口同声 居高临下 道 便道
316,14,0.4024636156482867,0.07172927817511578,0.35714285714285715,运输 物流 快递 配送 货运 货物 集装箱 包裹 邮政 运送 仓库 包装,包装 集装箱 流通 外卖 包裹 运送 货物 仓库,流通 邮政 物流 集装箱 仓库 货物 包装 包裹 快递 运输 运送 外卖,运输 物流 快递 配送 货运 货物 集装箱 包裹 邮政 运送 仓库 包装 流通 外卖
317,56,0.4090454736058316,0.02793005207777111,0.30357142857142855,猫 蛇 狗 鹅 青蛙 狮子 鸽子 鸟 公鸡 鸭子 鳄鱼 猴,恐龙 飞翔 猎人 鬼 怪物 养 野生 妖怪,仙鹤 养 兔 羊 熊 猴 猪 猫 狼 狗 牛 狮子,猫 蛇 狗 鹅 青蛙 狮子 鸽子 鸟 公鸡 鸭子 鳄鱼 猴 狼 动物 母鸡 羊 兔 虫子 猩猩 龟 鹿 鼠 野兽 鱼 天鹅 蜜蜂 大象 鲨鱼 蚊子 大雁 豹 猎犬 仙鹤 燕子 猪 苍蝇 妖怪 鹰 虎 昆虫 宠物 怪物 饲养 大熊猫 恐龙 鬼 驯 猎人 喂养 动物园 野生 熊 养 牛 飞翔 骏马
318,11,0.40428033844130506,0.07152573871673472,0.2727272727272727,绰号 代号 称呼 外号 名称 命名 改名 简称 编号 自称 车号,车号 名称 简称 自称 编号 改名 外号 代号,简称 改名 编号 称呼 代号 命名 车号 自称 外号 名称 绰号,绰号 代号 称呼 外号 名称 命名 改名 简称 编号 自称 车号
319,6,0.5203815161736748,0.2663374606691911,0.0,取代 替代 代替 替换 取而代之 淘汰,淘汰 取而代之 替换 替代 代替 取代,替换 替代 淘汰 代替 取而代之 取代,取代 替代 代替 替换 取而代之 淘汰
320,5,0.4187372862150843,0.13077538535122868,0.2,委托 代理 授权 代理人 独家,独家 代理人 委托 授权 代理,独家 代理人 委托 代理 授权,委托 代理 授权 代理人 独家
321,4,0.350521820440572,0.0003932755801806069,0.5,吉祥物 象征 卡通 代表,卡通 代表 象征 吉祥物,象征 卡通 吉祥物 代表,吉祥物 象征 卡通 代表
322,7,0.40117745919126657,0.10134100169720685,0.0,扮 扮演 化身 替身 小丑 跑龙套 代言人,代言人 小丑 替身 跑龙套 化身 扮演 扮,扮演 跑龙套 扮 代言人 小丑 化身 替身,扮 扮演 化身 替身 小丑 跑龙套 代言人
323,13,0.4123447741378003,0.10848313363275927,0.15384615384615385,借助 依靠 凭借 凭着 借 靠 通过 凭 依托 以 依赖 趁着,趁 依赖 依托 以 趁着 通过 借 靠,借 凭 以 通过 趁着 借助 依赖 依靠 依托 靠 趁 凭借,借助 依靠 凭借 凭着 借 靠 通过 凭 依托 以 依赖 趁着 趁
324,3,0.43503652071190063,0.10366195875833402,0.0,如下 以下 注,注 以下 如下,以下 注 如下,如下 以下 注
325,23,0.39399807389255553,0.04369833509419061,0.30434782608695654,检测 试验 测试 测量 化验 样品 实验 测定 检验 测 观测 验证,标本 监测 采集 演示 实验室 观测 试用 试,标本 调试 采集 测 测量 测试 仪器 试验 测定 验 观测 验证,检测 试验 测试 测量 化验 样品 实验 测定 检验 测 观测 验证 仪器 监测 调试 实验室 验 样本 采集 试 演示 试用 标本
326,21,0.379412494453898,0.017012365434489505,0.47619047619047616,零件 部件 配件 工艺 加工 组装 设备 工序 原料 原材料 材料 装备,螺丝 阀门 材料 焊 制造 成型 原料 装置,工艺 制造 焊 部件 零件 配件 螺丝 成品 成型 加工 原料 原材料,零件 部件 配件 工艺 加工 组装 设备 工序 原料 原材料 材料 装备 焊 螺丝 制造 机械 成品 阀门 装置 仪表 成型
327,7,0.33974655515649643,-0.004154460680353457,0.5714285714285714,件 台 桩 套 匹 宗 杆,杆 宗 套 匹 台 件 桩,匹 台 套 宗 件 杆 桩,件 台 桩 套 匹 宗 杆
328,2,0.4013650174272081,0.09169969569980242,0.0,宰 任人宰割,宰 任人宰割,宰 任人宰割,宰 任人宰割
329,2,0.41295514189624805,0.0944836288576511,0.0,张 份,张 份,张 份,张 份
330,8,0.389667401058675,0.05954186335346574,0.375,跟随 追随 模仿 效仿 追赶 跟上 随 仿,追赶 仿 跟上 随 模仿 追随 效仿 跟随,追随 跟随 追赶 仿 效仿 跟上 模仿 随,跟随 追随 模仿 效仿 追赶 跟上 随 仿
331,1,,0.0,0.0,休眠,休眠,休眠,休眠
332,37,0.38704505184470683,0.05449854982383708,0.2972972972972973,游玩 游览 旅游 郊游 度假 避暑 观光 旅行 出游 景点 野餐 探险,打猎 钓鱼 野外 吃喝玩乐 目的地 消遣 景观 夏令营,旅行 休闲 野餐 野营 游玩 游 游览 旅游 夏令营 目的地 名胜 温泉,游玩 游览 旅游 郊游 度假 避暑 观光 旅行 出游 景点 野餐 探险 野炊 休闲 游 野营 景区 名胜 徒步 住宿 温泉 观赏 风景 购物 消遣 旅行社 去处 钓鱼 打猎 导游 吃喝玩乐 景观 户外 目的地 夏令营 野外 漫游
333,1,,0.0,0.0,优,优,优,优
334,4,0.31960232842722663,-0.03281969164124112,0.5,顺序 序 谱 优先,优先 谱 顺序 序,序 顺序 优先 谱,顺序 序 谱 优先
335,2,0.40117363371454884,0.12349950583596475,0.0,伙 群,群 伙,伙 群,伙 群
336,6,0.37797836137376634,0.05370501729928525,0.5,帮手 伙伴 助手 盟友 管家 伴,伴 盟友 管家 伙伴 助手 帮手,伴 伙伴 盟友 帮手 管家 助手,帮手 伙伴 助手 盟友 管家 伴
337,36,0.3913343645508033,0.029655697120835392,0.3055555555555556,生活费 工资 退休金 开支 经费 薪水 奖金 费用 支出 津贴 补助 开销,失业 年薪 利息 收入 财政 管理费 赤字 伙食,补助 伙食 年薪 退休金 工资 开销 零花钱 房租 奖金 薪水 赤字 开支,生活费 工资 退休金 开支 经费 薪水 奖金 费用 支出 津贴 补助 开销 房租 报酬 报销 补贴 抚养费 零花钱 费 利息 收入 抚恤 待遇 福利 收支 小费 预算 管理费 年薪 伙食 养老金 公费 财政 回扣 赤字 失业
338,7,0.38276634350468003,0.06484572959232975,0.14285714285714285,社团 团体 协会 组织 会员 俱乐部 团,组织 团 会员 俱乐部 社团 协会 团体,俱乐部 团 组织 团体 协会 会员 社团,社团 团体 协会 组织 会员 俱乐部 团
339,5,0.3961971626356049,0.04600248541968942,0.2,传奇 奇迹 神话 励志 正能量,正能量 励志 奇迹 神话 传奇,励志 神话 奇迹 正能量 传奇,传奇 奇迹 神话 励志 正能量
340,7,0.33919496843319596,0.02978750375251125,0.2857142857142857,文化 教育 娱乐 传媒 文娱 软实力 教育部,教育部 软实力 传媒 娱乐 教育 文娱 文化,娱乐 教育 传媒 教育部 软实力 文化 文娱,文化 教育 娱乐 传媒 文娱 软实力 教育部
341,11,0.3829553478466453,0.06482849059467509,0.36363636363636365,宣传 推广 传播 推销 普及 传授 灌输 科普 传达 广告 公关,广告 公关 灌输 科普 传授 传达 普及 推销,普及 宣传 推广 传播 传授 科普 广告 公关 推销 灌输 传达,宣传 推广 传播 推销 普及 传授 灌输 科普 传达 广告 公关
342,7,0.4393955971514839,0.12262051860784118,0.14285714285714285,原有 现有 现行 传统 旧 常规 原,常规 旧 原 传统 现行 原有 现有,原 旧 现有 传统 原有 常规 现行,原有 现有 现行 传统 旧 常规 原
343,12,0.4359179413385119,0.13393609273978593,0.08333333333333333,通信 通讯 电信 电讯 无线 无线电 传输 光缆 天线 移动 网络 信号,网络 移动 传输 信号 天线 无线 光缆 无线电,通信 光缆 网络 通讯 无线 移动 电信 天线 无线电 电讯 信号 传输,通信 通讯 电信 电讯 无线 无线电 传输 光缆 天线 移动 网络 信号
344,5,0.48339169733992715,0.2238171342265946,0.0,火炬 传递 接力 棒 助威,助威 棒 接力 火炬 传递,棒 助威 火炬 接力 传递,火炬 传递 接力 棒 助威
345,9,0.4341982209941607,0.10282768753644425,0.1111111111111111,鲜血 汗水 血 泪 流血 口水 汗 伤痕 滴,滴 血 伤痕 口水 流血 汗 泪 汗水,流血 伤痕 滴 汗 泪 血 口水 汗水 鲜血,鲜血 汗水 血 泪 流血 口水 汗 伤痕 滴
346,30,0.40674084759046225,0.05907941707621401,0.3,推测 推断 估算 推算 预测 测算 猜测 判断 估计 断定 假设 猜想,预料 算 预计 想象 猜 统计 结论 判定,猜想 猜测 粗略 得出 算 猜 统计 判定 断定 估计 判断 揣测,推测 推断 估算 推算 预测 测算 猜测 判断 估计 断定 假设 猜想 假定 预言 揣测 预料 计算 预见 设想 判定 结论 想象 预计 得出 粗略 猜 推理 预感 统计 算
347,29,0.38642111492611086,0.03916763318093986,0.3448275862068966,结婚 恋爱 离婚 婚姻 订婚 求婚 爱情 分手 约会 夫妻 情侣 伴侣,倾诉 爱情 怀孕 喜酒 独身 生育 领养 诀别,生育 蜜月 爱情 倾诉 诀别 婚礼 婚姻 恋爱 异性 单身 独身 约会,结婚 恋爱 离婚 婚姻 订婚 求婚 爱情 分手 约会 夫妻 情侣 伴侣 婚礼 怀孕 表白 单身 成家 失恋 独身 异性 门当户对 蜜月 生育 嫁妆 领养 诀别 喜酒 倾诉 配偶
348,11,0.4169766829667429,0.10312870486227001,0.2727272727272727,对于 鉴于 针对 随着 由于 面对 对 伴随 纵观 关于 对待,对待 伴随 关于 纵观 由于 随着 面对 对,对于 关于 对待 对 面对 纵观 由于 随着 鉴于 伴随 针对,对于 鉴于 针对 随着 由于 面对 对 伴随 纵观 关于 对待
349,5,0.41307003608544723,0.10789039645701479,0.0,宣泄 发泄 伸张 释放 冲动,冲动 释放 伸张 发泄 宣泄,冲动 释放 宣泄 发泄 伸张,宣泄 发泄 伸张 释放 冲动
350,13,0.46756026959478364,0.15255867336998968,0.15384615384615385,如同 像 犹如 好比 好似 如 那样 如一 正如 似的 例如 比方,似的 这样 那样 例如 比方 正如 如一 犹如,似的 像 如 那样 例如 这样 好比 好似 犹如 比方 如一 正如,如同 像 犹如 好比 好似 如 那样 如一 正如 似的 例如 比方 这样
351,4,0.34908682389836865,-0.015784979843093672,0.75,处 位 部 此处,位 此处 部 处,处 位 部 此处,处 位 部 此处
352,5,0.4342561777380647,0.15039222114649572,0.0,位子 席位 席 位置 就座,位置 就座 席位 席 位子,席 席位 就座 位子 位置,位子 席位 席 位置 就座
353,6,0.3984047213553712,0.08009602355681818,0.16666666666666666,慢 快 少 缓 急 低,低 少 缓 急 慢 快,少 快 低 缓 急 慢,慢 快 少 缓 急 低
354,2,0.46049332465513215,0.18582780269633126,0.0,值 低估,低估 值,值 低估,值 低估
355,27,0.3726315151388852,0.008162344027016889,0.4074074074074074,能源 天然气 燃气 发电 燃料 电力 煤气 清洁 核能 煤 太阳能 供暖,核能 核电站 节水 电池 石油 气 油 低碳,取暖 核能 太阳能 煤 电力 气 油 管道 电网 电池 能源 清洁,能源 天然气 燃气 发电 燃料 电力 煤气 清洁 核能 煤 太阳能 供暖 节能 煤炭 燃油 石油 电网 汽油 管道 取暖 环保 节水 电池 油 低碳 核电站 气
356,12,0.3663622411265035,0.020739700000364163,0.5,高峰期 时期 高峰 阶段 时段 期 期中 低谷 期间 高潮 巅峰 段,段 期间 时期 时段 巅峰 期中 高潮 低谷,时期 时段 高峰期 期 期中 段 期间 巅峰 阶段 低谷 高潮 高峰,高峰期 时期 高峰 阶段 时段 期 期中 低谷 期间 高潮 巅峰 段
357,13,0.367267199945093,0.016229690596742542,0.5384615384615384,忍受 承受 经受 忍耐 容忍 受 忍 接受 受过 备受 深受 住,受 克制 备受 住 深受 忍 忍耐 容忍,受 忍 住 忍受 备受 忍耐 克制 深受 受过 容忍 经受 承受,忍受 承受 经受 忍耐 容忍 受 忍 接受 受过 备受 深受 住 克制
358,7,0.4244159347892544,0.12783398421208475,0.14285714285714285,住址 姓名 国籍 性别 地址 身份 邮编,邮编 身份 地址 国籍 性别 姓名 住址,邮编 地址 国籍 姓名 性别 住址 身份,住址 姓名 国籍 性别 地址 身份 邮编
359,29,0.39778859821690726,0.054621133492551315,0.20689655172413793,住宅 房屋 房子 公寓 别墅 物业 住房 新房 写字楼 幢 租金 出租,土地 房价 租赁 房地产 小区 租 建筑 新房,房子 房屋 物业 幢 租 别墅 栋 新房 房地产 写字楼 建筑 小区,住宅 房屋 房子 公寓 别墅 物业 住房 新房 写字楼 幢 租金 出租 栋 车位 小区 住户 居住 建筑物 装修 房东 建筑 租赁 租 土地 开发商 房地产 四合院 房价 地段
360,17,0.39690320332194856,0.0578652658991476,0.23529411764705882,规则 法规 制度 规范 规矩 法律 纪律 秩序 准则 体制 遵守 程序,遵守 规矩 流程 法制 标准 体系 纪律 约束,流程 法律 法制 程序 规范 约束 法规 准则 规则 规矩 制度 体系,规则 法规 制度 规范 规矩 法律 纪律 秩序 准则 体制 遵守 程序 法制 标准 体系 约束 流程
361,9,0.41661198608652467,0.12604793052595936,0.0,场馆 体育场 体育馆 场地 场所 鸟巢 公共场所 看台 场合,公共场所 场合 鸟巢 看台 场所 场地 体育馆 体育场,看台 鸟巢 体育馆 公共场所 场馆 体育场 场所 场地 场合,场馆 体育场 体育馆 场地 场所 鸟巢 公共场所 看台 场合
362,5,0.3118608890046503,-0.03617120706933542,0.6,可乘之机 喘息 余地 后顾之忧 窒息,后顾之忧 窒息 余地 喘息 可乘之机,余地 可乘之机 后顾之忧 窒息 喘息,可乘之机 喘息 余地 后顾之忧 窒息
363,11,0.3980344718207701,0.05042170495661189,0.18181818181818182,菩萨 神仙 和尚 佛 阎王 僧人 巫婆 圣贤 地狱 魔鬼 少林寺,魔鬼 圣贤 地狱 神仙 巫婆 佛 僧人 菩萨,僧人 佛 少林寺 阎王 和尚 地狱 魔鬼 巫婆 圣贤 神仙 菩萨,菩萨 神仙 和尚 佛 阎王 僧人 巫婆 圣贤 地狱 魔鬼 少林寺
364,5,0.3838521836738325,0.0856173326438288,0.2,工作量 工作 作业 操作 工作日,操作 工作日 工作 工作量 作业,操作 工作量 工作日 作业 工作,工作量 工作 作业 操作 工作日
365,5,0.47009345178997447,0.20228313592762767,0.0,做客 作客 邀 特邀 捧场,捧场 特邀 邀 做客 作客,邀 捧场 做客 特邀 作客,做客 作客 邀 特邀 捧场
366,6,0.39331537994005605,0.06257463186657276,0.0,报废 过期 作废 销毁 过时 退役,过时 过期 退役 作废 销毁 报废,报废 退役 销毁 作废 过时 过期,报废 过期 作废 销毁 过时 退役
367,35,0.3847896661632777,0.02839232421080753,0.2571428571428571,部队 士兵 军官 陆军 军队 空军 作战 海军 官兵 军人 兵 战士,机动 打仗 坦克 囚犯 战术 国防 侦察 哗变,机动 参谋 囚犯 武装 兵 坦克 海军 空军 官兵 俘虏 后勤 哗变,部队 士兵 军官 陆军 军队 空军 作战 海军 官兵 军人 兵 战士 军事 司令 侦察 打仗 坦克 俘虏 战斗 参谋 自卫 防卫 演习 后勤 将军 战场 指挥 战术 武装 师长 土匪 哗变 机动 国防 囚犯
368,8,0.35778565054651085,0.005130213158777581,0.5,作用 功效 效果 起到 功能 效应 用法 充当,充当 用法 效果 功能 效应 起到 功效 作用,起到 功效 效应 效果 用法 功能 充当 作用,作用 功效 效果 起到 功能 效应 用法 充当
369,17,0.40086029833896913,0.042934282090279774,0.35294117647058826,使用 运用 用 采用 用于 利用 选用 动用 常用 滥用 借用 应用,通用 动用 选用 滥用 占用 常用 用途 适用,选用 占用 运用 用 用来 用于 使用 应用 利用 借用 滥用 适用,使用 运用 用 采用 用于 利用 选用 动用 常用 滥用 借用 应用 用来 用途 适用 占用 通用
370,5,0.3156122087668195,-0.03018956643774549,0.8,天使 天堂 堂 学堂 使者,使者 学堂 天使 天堂 堂,堂 使者 天堂 天使 学堂,天使 天堂 堂 学堂 使者
371,12,0.42620838288967056,0.10179375744759539,0.25,供应 短缺 紧缺 供给 供求 供不应求 需求 过剩 缺口 急需 储备 供,供 储备 缺口 过剩 急需 供给 需求 供求,供 急需 供应 供求 供给 储备 短缺 需求 供不应求 过剩 缺口 紧缺,供应 短缺 紧缺 供给 供求 供不应求 需求 过剩 缺口 急需 储备 供
372,39,0.39813143491972824,0.04843943969994123,0.2564102564102564,墓 墓地 坟墓 坟 公墓 墓碑 纪念碑 庙 葬 遗物 祭祀 祭奠,城墙 宫殿 出土 礼拜 博物馆 遗嘱 古迹 诞辰,尸体 墓地 坟 墓 寺 庙 葬礼 祭 碑 烈士 诞辰 纪念馆,墓 墓地 坟墓 坟 公墓 墓碑 纪念碑 庙 葬 遗物 祭祀 祭奠 纪念馆 遗址 碑 宫殿 瞻仰 扫墓 供奉 遗体 寺庙 葬礼 教堂 陪葬 烈士 祭 古迹 清真寺 博物馆 尸体 寺 殿堂 遗愿 纪念 城墙 出土 诞辰 遗嘱 礼拜
373,9,0.3976420434568644,0.09064920900939326,0.1111111111111111,排名 排 倒数 排行榜 排列 并列 列 垫底 依次,依次 垫底 排列 列 排行榜 排 倒数 并列,并列 列 排 倒数 排行榜 依次 排列 排名 垫底,排名 排 倒数 排行榜 排列 并列 列 垫底 依次
374,8,0.4336381830721167,0.12703155995349874,0.0,便是 是 正是 算是 可谓 堪称 莫过于 并非,并非 莫过于 堪称 算是 可谓 正是 是 便是,正是 是 并非 便是 算是 莫过于 可谓 堪称,便是 是 正是 算是 可谓 堪称 莫过于 并非
375,21,0.40048735583262873,0.0441907819767526,0.19047619047619047,信件 信封 请柬 便条 请帖 回信 公函 贺卡 电报 收据 欠条 锦旗,表格 信 名片 锦旗 通知书 封 印章 收据,封 信 签名 印章 请帖 启事 欠条 收据 请柬 电报 锦旗 公开信,信件 信封 请柬 便条 请帖 回信 公函 贺卡 电报 收据 欠条 锦旗 公开信 启事 签名 印章 表格 通知书 名片 封 信
376,6,0.35162923031167825,0.0025088606175389986,0.5,俊 野 泉 良 龙 铃,良 龙 铃 野 泉 俊,俊 泉 龙 野 铃 良,俊 野 泉 良 龙 铃
377,41,0.37076370600792086,0.0009105666537118675,0.4146341463414634,歼灭 摧毁 打败 消灭 抵抗 攻击 反击 进攻 袭击 对付 抵挡 占领,杀 灭亡 掩护 猛烈 封锁 俘获 防御 毁灭,牵制 对付 征服 灭 入侵 包围 杀 攻 打败 抵御 灭亡 斩草除根,歼灭 摧毁 打败 消灭 抵抗 攻击 反击 进攻 袭击 对付 抵挡 占领 毁灭 打倒 牵制 敌人 包围 入侵 抵御 灭 攻 粉碎 战胜 夺取 收复 驱逐 杀 打击 封锁 防御 征服 压倒 轰炸 阻挡 威慑 猛烈 灭亡 推翻 俘获 斩草除根 掩护
378,10,0.41837434359948134,0.07997888443054033,0.4,修理 修补 维修 修复 保养 修 保修 复原 矫正 修正,修正 修 矫正 保修 复原 修复 修补 保养,修 矫正 维修 保养 保修 修补 修正 修理 修复 复原,修理 修补 维修 修复 保养 修 保修 复原 矫正 修正
379,16,0.37761994712902636,0.008832865743266461,0.5,放置 存放 储存 保存 摆放 贮藏 陈列 保管 埋藏 隐藏 密封 保鲜,布置 保鲜 密封 存 隐藏 放置 悬挂 摆设,密封 保鲜 摆放 陈列 存 贮藏 保管 放置 埋藏 保存 存放 储存,放置 存放 储存 保存 摆放 贮藏 陈列 保管 埋藏 隐藏 密封 保鲜 摆设 悬挂 布置 存
380,17,0.40569141769851713,0.08952034600052673,0.17647058823529413,警察 公安 民警 公安局 治安 检察 执法 巡逻 消防 警官 保安 监察,机关 破案 监督 值班 监狱 监察 执法 检察,机关 巡逻 检察 监察 公安局 执法 保安 民警 破案 消防 值班 治安,警察 公安 民警 公安局 治安 检察 执法 巡逻 消防 警官 保安 监察 破案 监狱 值班 机关 监督
381,10,0.456045151997682,0.16728501169649787,0.0,泄露 泄密 机密 秘密 泄漏 保密 隐私 情报 内幕 间谍,间谍 内幕 情报 保密 隐私 秘密 泄漏 机密,机密 间谍 保密 秘密 内幕 泄露 泄漏 隐私 情报 泄密,泄露 泄密 机密 秘密 泄漏 保密 隐私 情报 内幕 间谍
382,11,0.3964722666260622,0.09919209800827633,0.18181818181818182,留 剩下 遗留 留下 残留 剩 剩余 保留 停留 滞留 多余,停留 滞留 多余 剩 保留 剩余 残留 遗留,剩余 剩下 剩 停留 留 保留 多余 滞留 遗留 残留 留下,留 剩下 遗留 留下 残留 剩 剩余 保留 停留 滞留 多余
383,6,0.43277605205651226,0.1363179864539091,0.0,期限 年限 保质期 有效期 试用期 寿命,寿命 试用期 年限 保质期 期限 有效期,有效期 寿命 期限 试用期 保质期 年限,期限 年限 保质期 有效期 试用期 寿命
384,6,0.39664284711342834,0.11502878472624323,0.0,保险 险 平安 太平 养老 安,安 养老 太平 平安 保险 险,太平 保险 安 养老 险 平安,保险 险 平安 太平 养老 安
385,8,0.41781989648044854,0.11635288515837251,0.0,热情 信心 积极性 兴致 意愿 诚意 耐心 热心,热心 意愿 耐心 信心 诚意 兴致 积极性 热情,诚意 热情 积极性 热心 意愿 耐心 兴致 信心,热情 信心 积极性 兴致 意愿 诚意 耐心 热心
386,8,0.37333379444807563,-0.016544889269538732,0.625,资料 图表 图片 数据 信息 图 资讯 档案,图表 图片 图 档案 资讯 信息 数据 资料,数据 图 图片 资料 档案 资讯 信息 图表,资料 图表 图片 数据 信息 图 资讯 档案
387,11,0.4304133312942397,0.112423399698958,0.09090909090909091,偿还 还款 违约 债务 担保 逾期 抵押 拖欠 归还 到期 信用,信用 拖欠 到期 归还 抵押 还款 担保 违约,拖欠 到期 偿还 抵押 还款 债务 逾期 信用 担保 归还 违约,偿还 还款 违约 债务 担保 逾期 抵押 拖欠 归还 到期 信用
388,27,0.38585601603220193,0.022768268051611983,0.4444444444444444,修建 兴建 动工 竣工 扩建 建成 建造 开工 建设 拆除 施工 工程,建 安置 搬迁 开张 建造 拆 绿化 设施,工程 重建 建 安装 竣工 开业 开张 开工 绿化 拆 扩建 兴建,修建 兴建 动工 竣工 扩建 建成 建造 开工 建设 拆除 施工 工程 改造 搬迁 拆迁 建 安装 重建 修路 设施 绿化 开业 项目 工地 拆 安置 开张
389,12,0.4190213424876536,0.10730448530118486,0.16666666666666666,更改 改动 修改 变更 更换 调整 改变 改版 更新 改良 变动 改装,改装 变动 改变 改良 调整 更换 更新 改版,改版 改变 改动 更改 更新 更换 修改 调整 变更 改装 改良 变动,更改 改动 修改 变更 更换 调整 改变 改版 更新 改良 变动 改装
390,25,0.3852540690657113,0.04404776810524784,0.44,制定 制订 实施 颁布 出台 推行 实行 施行 试行 起草 拟定 修订,搞 规定 编写 修订 政策 试点 采取 提倡,颁布 制订 实施 搞 起草 编写 编制 规定 发布 试行 落实 制定,制定 制订 实施 颁布 出台 推行 实行 施行 试行 起草 拟定 修订 落实 贯彻 采取 发布 规定 编制 执行 公布 政策 编写 试点 提倡 搞
391,4,0.4520629033802032,0.16324392527026502,0.0,塌 垮 震 倒,倒 震 塌 垮,倒 垮 塌 震,塌 垮 震 倒
392,25,0.4070960826224737,0.09313324600862993,0.16,灾害 水灾 旱灾 暴雨 洪水 海啸 灾难 台风 地震 火灾 灾 受灾,淹 倒塌 热带 浩劫 突发 风暴 防汛 预报,洪水 浩劫 停电 海啸 旱灾 灾 淹 热带 暴风雨 台风 地震 防汛,灾害 水灾 旱灾 暴雨 洪水 海啸 灾难 台风 地震 火灾 灾 受灾 暴风雨 瘟疫 倒塌 特大 停电 风暴 防汛 浩劫 淹 预报 气象 突发 热带
393,15,0.3706546544801658,0.02343894906713122,0.4666666666666667,来临 到来 迎来 尾声 结束 迎接 即将 降临 序幕 终结 迎 告别,序幕 迎 告别 拥抱 即将 末日 倒计时 降临,倒计时 到来 拥抱 尾声 即将 迎 降临 序幕 结束 迎接 迎来 末日,来临 到来 迎来 尾声 结束 迎接 即将 降临 序幕 终结 迎 告别 倒计时 末日 拥抱
394,6,0.37479040324839813,0.042384157208445926,0.3333333333333333,破产 倒闭 破灭 解体 倾家荡产 冷战,冷战 倾家荡产 破灭 解体 倒闭 破产,解体 冷战 破灭 破产 倾家荡产 倒闭,破产 倒闭 破灭 解体 倾家荡产 冷战
395,12,0.3662131568727224,0.039537746861140734,0.3333333333333333,启示 启发 教训 借鉴 启迪 经验 鞭策 吸取 灵感 感想 警钟 座右铭,警钟 座右铭 感想 吸取 经验 灵感 鞭策 启迪,启迪 启发 启示 借鉴 吸取 经验 教训 警钟 灵感 座右铭 鞭策 感想,启示 启发 教训 借鉴 启迪 经验 鞭策 吸取 灵感 感想 警钟 座右铭
396,8,0.40723527718698194,0.08549146864184322,0.25,提议 表决 赞成 否决 同意 投票 议程 倡议,倡议 议程 投票 同意 否决 赞成 表决 提议,赞成 否决 同意 议程 投票 倡议 提议 表决,提议 表决 赞成 否决 同意 投票 议程 倡议
397,3,0.42268674997084804,0.1463409326441294,0.0,债 发行 券,券 发行 债,债 券 发行,债 发行 券
398,20,0.37523448092554207,0.012770867048010994,0.45,向着 朝着 方向 指向 转向 向前 向 迈进 靠拢 沿着 对准 往,沿着 向 方向 前进 导向 瞄准 偏向 矛头,偏向 对准 向 往 朝 面向 靠拢 瞄准 向着 倾斜 向前 沿着,向着 朝着 方向 指向 转向 向前 向 迈进 靠拢 沿着 对准 往 瞄准 偏向 面向 朝 倾斜 矛头 导向 前进
399,15,0.3898618738346424,0.04901746155574917,0.3333333333333333,出口 进出口 贸易 进口 入境 外贸 海关 关税 过境 出境 顺差 倾销,边境 内需 批发 顺差 倾销 关税 海关 过境,海关 内需 倾销 进口 关税 顺差 入境 边境 贸易 批发 出口 出境,出口 进出口 贸易 进口 入境 外贸 海关 关税 过境 出境 顺差 倾销 边境 批发 内需
400,9,0.4908878776210979,0.22062920399036343,0.0,略微 稍微 稍稍 稍 略 轻微 偏 较 勉强,勉强 较 轻微 偏 略 稍稍 稍 稍微,偏 稍 略 勉强 略微 稍微 稍稍 较 轻微,略微 稍微 稍稍 稍 略 轻微 偏 较 勉强
401,12,0.47634143281431285,0.17787330956460612,0.08333333333333333,差异 差距 差别 相差 悬殊 落差 偏差 反差 差 误差 差额 对比,对比 偏差 差额 误差 差 反差 落差 相差,偏差 差 对比 误差 落差 反差 相差 悬殊 差别 差异 差额 差距,差异 差距 差别 相差 悬殊 落差 偏差 反差 差 误差 差额 对比
402,51,0.4010304362152471,0.015590496843015712,0.3333333333333333,海面 渔船 海岸 船只 海域 船 军舰 海洋 航行 水域 岛屿 礁石,港口 打捞 码头 海水 海运 航运 半岛 渔民,帆船 运河 岸 岛 海岸 海峡 海底 海域 潜水 停泊 海 船舶,海面 渔船 海岸 船只 海域 船 军舰 海洋 航行 水域 岛屿 礁石 帆船 海滩 停泊 沿岸 海湾 艘 船舶 游船 潜艇 渔民 码头 海边 海滨 大海 海水 沿海 海浪 海底 轮船 船员 船长 陆地 沙滩 港口 水面 航海 海峡 运河 岛 航运 海盗 岸 海运 潜水 水手 打捞 海 半岛 滨海
403,4,0.36934691875851305,0.014277823614974521,0.5,良性 双赢 造福 健康,造福 健康 良性 双赢,健康 良性 双赢 造福,良性 双赢 造福 健康
404,6,0.3527588695651216,0.014946107478739062,0.5,防 防护 防盗 防治 治 偷窥,偷窥 治 防治 防盗 防护 防,治 偷窥 防治 防护 防盗 防,防 防护 防盗 防治 治 偷窥
405,6,0.43295660557930304,0.14322348865559262,0.0,酗酒 戒烟 安眠药 吸烟 兴奋剂 催眠,安眠药 兴奋剂 催眠 戒烟 吸烟 酗酒,兴奋剂 戒烟 吸烟 安眠药 催眠 酗酒,酗酒 戒烟 安眠药 吸烟 兴奋剂 催眠
406,2,0.4558695155987025,0.1932748697819942,0.0,现成 像样,现成 像样,现成 像样,现成 像样
407,21,0.38137784746352843,0.014003585651910247,0.47619047619047616,醉 醒 渴 困 晕 闷 昏 饱 饿 喘 哑 僵,沉 闲 惊 爽 聋 僵 歇 酣睡,僵 卧 哑 喘 困 累 爽 酣睡 晕 昏 惊 渴,醉 醒 渴 困 晕 闷 昏 饱 饿 喘 哑 僵 歇 累 卧 沉 爽 酣睡 惊 闲 聋
408,11,0.4000209431817466,0.06347326887927043,0.18181818181818182,特性 特质 特征 属性 性质 共性 性 元素 成分 特色 特有,成分 元素 特有 特色 性质 共性 性 属性,共性 性质 性 成分 属性 元素 特色 特质 特征 特有 特性,特性 特质 特征 属性 性质 共性 性 元素 成分 特色 特有
409,5,0.37061186902184196,0.05817458677916023,0.2,充电 充 宝 电 共享,电 共享 宝 充 充电,充 宝 共享 电 充电,充电 充 宝 电 共享
410,33,0.3718341492813459,-0.03795429403411321,0.6666666666666666,恰当 准确 确切 正确 详尽 合理 精确 确凿 贴切 清楚 妥当 清晰,透彻 详细 得当 恰如其分 确凿 清楚 妥当 清晰,妥当 妥善 正确 客观 详尽 得当 恰当 真实 确定 确切 确凿 明确,恰当 准确 确切 正确 详尽 合理 精确 确凿 贴切 清楚 妥当 清晰 明确 恰如其分 合适 合情合理 可靠 真实 明智 可信 可行 直观 客观 透彻 充分 适当 详细 妥善 合法 如实 确定 具体 得当
411,2,0.4195262131629114,0.163851358954046,0.0,精简 充实,精简 充实,充实 精简,精简 充实
412,11,0.33097393290673643,-0.023610988689996035,0.5454545454545454,遍布 布满 覆盖 散布 分布 散发 辐射 充满 涵盖 扩散 满,扩散 充满 分布 满 散发 涵盖 散布 辐射,满 扩散 覆盖 遍布 辐射 充满 涵盖 布满 分布 散发 散布,遍布 布满 覆盖 散布 分布 散发 辐射 充满 涵盖 扩散 满
413,44,0.38007658147262535,0.018816746809184572,0.38636363636363635,电脑 录音机 电视机 音响 显示器 充电器 耳机 收音机 开关 灯泡 按键 屏幕,关机 发电机 遥控 电灯 游戏机 键 液晶 电线,热水器 录音机 显示器 按键 键盘 微波炉 摄像机 喇叭 关机 彩电 开关 电器,电脑 录音机 电视机 音响 显示器 充电器 耳机 收音机 开关 灯泡 按键 屏幕 硬盘 打印机 键盘 话筒 鼠标 笔记本 液晶 手机 摄像机 彩电 相机 洗衣机 电源 音量 空调 磁带 遥控 磁盘 闹钟 游戏机 热水器 喇叭 关机 发电机 电灯 微波炉 电线 电器 家电 内存 方向盘 键
414,24,0.3879323789804958,0.04572811060197557,0.2916666666666667,状况 局面 情况 景象 境地 情形 状态 形势 处境 现象 境遇 情景,写照 预兆 样子 条件 环境 地步 苗头 状态,境地 写照 迹象 条件 苗头 现状 状态 局面 地步 状况 处境 势头,状况 局面 情况 景象 境地 情形 状态 形势 处境 现象 境遇 情景 现状 势头 迹象 地步 兆头 格局 苗头 样子 写照 环境 条件 预兆
415,3,0.44148027910727045,0.16685394570458398,0.0,天生 先天 注定,注定 先天 天生,天生 先天 注定,天生 先天 注定
416,5,0.36984377059839024,0.07988817737594647,0.4,先生 女士 本人 同志 本,同志 本 本人 女士 先生,本 本人 同志 女士 先生,先生 女士 本人 同志 本
417,5,0.29646197619542425,-0.05892627978606331,0.8,簇拥 光环 捧 围 阴影,围 阴影 捧 光环 簇拥,光环 围 捧 簇拥 阴影,簇拥 光环 捧 围 阴影
418,36,0.3809544648173781,0.002045675504785618,0.3888888888888889,消除 遏制 克服 缓解 防止 杜绝 解决 避免 清除 去除 破除 制止,免除 弥补 解除 解开 预防 防范 剔除 去掉,诱发 排除 剔除 抑制 扭转 弥补 缓解 解开 解决 抵消 克服 根治,消除 遏制 克服 缓解 防止 杜绝 解决 避免 清除 去除 破除 制止 抑制 化解 扫除 阻止 扭转 摆脱 解除 抵消 纠正 根治 弥补 破解 排除 防范 免除 预防 切断 去掉 诱发 缓和 应对 解开 除去 剔除
419,4,0.3972516568031797,0.11778616446733389,0.0,复制 复印 打印 克隆,克隆 打印 复印 复制,克隆 打印 复制 复印,复制 复印 打印 克隆
420,1,,0.0,0.0,免,免,免,免
421,11,0.38363914673569727,0.034309349489727865,0.45454545454545453,预订 订购 预定 订 预约 预售 套餐 订单 免费 自助 定,免费 定 自助 订单 订购 套餐 预售 预定,定 订购 套餐 订 免费 订单 预约 预售 预定 自助 预订,预订 订购 预定 订 预约 预售 套餐 订单 免费 自助 定
422,8,0.36002836474322736,0.0367193326419637,0.25,承诺 诺言 庄严 宣誓 郑重 兑现 神圣 补偿,补偿 神圣 兑现 郑重 庄严 宣誓 诺言 承诺,补偿 宣誓 郑重 诺言 神圣 承诺 庄严 兑现,承诺 诺言 庄严 宣誓 郑重 兑现 神圣 补偿
423,9,0.38222942565978796,0.07261576136032805,0.2222222222222222,社会主义 资本主义 市场经济 改革开放 阶级 革命 社会 现代化 党,现代化 社会 党 阶级 革命 市场经济 改革开放 资本主义,党 资本主义 现代化 革命 阶级 社会主义 改革开放 市场经济 社会,社会主义 资本主义 市场经济 改革开放 阶级 革命 社会 现代化 党
424,28,0.38514578480705347,0.045466685608994285,0.2857142857142857,抨击 指责 吹捧 反驳 批评 辩解 夸耀 宣扬 恭维 调侃 揭露 批判,反对 大肆 道歉 兜售 讨好 反驳 表扬 否定,质疑 标榜 揭露 夸 讨好 吹捧 批评 否定 揭发 指责 附和 宣扬,抨击 指责 吹捧 反驳 批评 辩解 夸耀 宣扬 恭维 调侃 揭露 批判 炫耀 揭发 议论 辩护 附和 质疑 标榜 表扬 否定 夸 反对 诉苦 大肆 讨好 道歉 兜售
425,8,0.3841204995324707,0.054210228190663616,0.625,流入 流向 涌入 流动 流失 入 注入 净,净 注入 流失 流动 入 涌入 流向 流入,涌入 入 净 流失 流动 流入 流向 注入,流入 流向 涌入 流动 流失 入 注入 净
426,3,0.3965116566132216,0.11114842428658356,0.0,流量 入口 海量,海量 入口 流量,流量 入口 海量,流量 入口 海量
427,6,0.4351374572289187,0.12014892339238846,0.0,进场 入场 空 逢 单 顺势,单 空 逢 顺势 入场 进场,单 空 进场 顺势 入场 逢,进场 入场 空 逢 单 顺势
428,8,0.39145076448208377,0.04012524827287586,0.375,加入 参与 投身 参加 融入 引入 入选 踊跃,踊跃 融入 入选 引入 投身 加入 参加 参与,入选 投身 参加 参与 加入 踊跃 融入 引入,加入 参与 投身 参加 融入 引入 入选 踊跃
429,4,0.38323981904914284,0.06836814486969466,0.25,全 整个 整 全程,全程 整个 整 全,全 整 全程 整个,全 整个 整 全程
430,2,0.4058213869242342,0.11907629568834162,0.0,集体 全体,集体 全体,集体 全体,集体 全体
431,9,0.37026853141611504,0.06456342633418467,0.3333333333333333,当众 当场 当面 当着 在场 现场 全场 点名 口头,全场 口头 点名 现场 在场 当众 当着 当面,当面 现场 当众 当场 全场 当着 点名 口头 在场,当众 当场 当面 当着 在场 现场 全场 点名 口头
432,5,0.4043945684971417,0.10621548919503496,0.2,全局 大局 长远 前途 局部,前途 局部 长远 大局 全局,长远 大局 全局 局部 前途,全局 大局 长远 前途 局部
433,1,,0.0,0.0,全文,全文,全文,全文
434,5,0.4176864701804197,0.08658584418870033,0.4,新 全新 崭新 新鲜 老,新鲜 老 崭新 全新 新,新 全新 老 新鲜 崭新,新 全新 崭新 新鲜 老
435,6,0.3693240376478625,0.03151956903650396,0.3333333333333333,纵深 深入 深度 深远 全方位 重大,全方位 重大 深远 深度 深入 纵深,重大 纵深 深入 深度 全方位 深远,纵深 深入 深度 深远 全方位 重大
436,6,0.36361856871581844,0.06310382086666448,0.3333333333333333,大笔 巨额 大规模 大面积 笔 全面,全面 笔 大面积 巨额 大规模 大笔,大规模 笔 大面积 大笔 全面 巨额,大笔 巨额 大规模 大面积 笔 全面
437,6,0.38893492817635206,0.09785399081181138,0.0,风水 八卦 养生 占卜 星座 太极,星座 太极 占卜 养生 风水 八卦,八卦 风水 星座 养生 太极 占卜,风水 八卦 养生 占卜 星座 太极
438,1,,0.0,0.0,公,公,公,公
439,2,0.4268943833061306,0.17977771662869974,0.0,公元 相传,相传 公元,相传 公元,公元 相传
440,9,0.3368293059202981,-0.016094047214762985,0.7777777777777778,公共 私人 公务 私有 公益性 公立 国有 办公 商务,商务 公立 公共 国有 办公 公务 公益性 私人,办公 商务 公益性 国有 私有 私人 公共 公务 公立,公共 私人 公务 私有 公益性 公立 国有 办公 商务
441,7,0.3724814000860417,0.06281240040004053,0.2857142857142857,股份 股东 集团 公司 持有 股 发起人,发起人 股 公司 持有 集团 股份 股东,持有 股份 股东 股 发起人 公司 集团,股份 股东 集团 公司 持有 股 发起人
442,11,0.35605130939392804,0.025420059639177796,0.45454545454545453,通告 公告 通知 报告 通报 披露 文件 声明 预告 指令 披,披 指令 披露 文件 声明 预告 报告 公告,通告 披 报告 披露 指令 文件 声明 预告 公告 通报 通知,通告 公告 通知 报告 通报 披露 文件 声明 预告 指令 披
443,3,0.34779142665907686,0.029525536763839084,0.3333333333333333,公开 对外 透明,透明 对外 公开,对外 透明 公开,公开 对外 透明
444,17,0.3865326502990848,0.048594959189757744,0.29411764705882354,诀窍 秘诀 窍门 道理 原理 要领 奥秘 规律 绝招 常识 招数 秘方,常理 公式 秘方 奥秘 心得 理论 常识 招数,绝招 诀窍 心得 规律 逻辑 原理 理论 窍门 秘方 招数 秘诀 常理,诀窍 秘诀 窍门 道理 原理 要领 奥秘 规律 绝招 常识 招数 秘方 心得 公式 理论 逻辑 常理
445,3,0.43504400133856674,0.14307354880997433,0.0,家用 民用 公用,公用 民用 家用,民用 家用 公用,家用 民用 公用
446,24,0.40281636368462836,0.05203958172592702,0.2916666666666667,协议 协定 签订 签署 协议书 条约 公约 订立 合同 条款 宣言 契约,达成 条例 宪法 纲领 决议 签约 草案 纲要,签订 宣言 协议书 条约 决议 条款 签字 签 签署 签约 条例 宪法,协议 协定 签订 签署 协议书 条约 公约 订立 合同 条款 宣言 契约 生效 草案 达成 约定 签字 签 决议 条例 纲领 宪法 签约 纲要
447,9,0.37298650081333684,0.001203197983993592,0.4444444444444444,错觉 感 观感 幻觉 印象 视觉 共鸣 觉 反响,共鸣 觉 幻觉 反响 印象 视觉 错觉 观感,感 幻觉 反响 观感 觉 印象 错觉 视觉 共鸣,错觉 感 观感 幻觉 印象 视觉 共鸣 觉 反响
448,3,0.3729402198020238,0.03054859062112664,0.3333333333333333,过关 关 走过场,走过场 关 过关,关 走过场 过关,过关 关 走过场
449,6,0.40188536217309595,0.1253685426196515,0.16666666666666666,关头 时刻 时候 千钧一发 时 化险为夷,化险为夷 千钧一发 时 时候 时刻 关头,时候 时刻 关头 时 化险为夷 千钧一发,关头 时刻 时候 千钧一发 时 化险为夷
450,5,0.3889124345403424,0.08351619418057979,0.2,联系 密切 联络 关联 紧紧,紧紧 关联 密切 联络 联系,密切 联络 联系 关联 紧紧,联系 密切 联络 关联 紧紧
451,17,0.3892449488069501,0.038372187696280605,0.4117647058823529,兴旺 繁荣 蓬勃 红火 欣欣向荣 崛起 兴起 没落 萧条 热闹 复兴 辉煌,兴起 活跃 朝气蓬勃 萧条 热闹 辉煌 旺盛 振兴,蓬勃 朝气蓬勃 红火 繁华 旺盛 没落 兴旺 萧条 振兴 兴起 繁荣 热闹,兴旺 繁荣 蓬勃 红火 欣欣向荣 崛起 兴起 没落 萧条 热闹 复兴 辉煌 繁华 旺盛 振兴 朝气蓬勃 活跃
452,4,0.393964755021927,0.0488481929283297,0.25,兹 格 瓦 特,特 格 瓦 兹,兹 特 瓦 格,兹 格 瓦 特
453,22,0.36478731297556743,-0.009410122920360808,0.5454545454545454,造就 塑造 营造 培育 打造 创造 培养 树立 构建 孕育 形成 搭建,形成 增添 孵化 熏陶 锻炼 奠定 带来 提供,增添 熏陶 培育 树立 打造 营造 创造 奠定 培养 哺育 陶冶 提供,造就 塑造 营造 培育 打造 创造 培养 树立 构建 孕育 形成 搭建 养成 奠定 哺育 提供 陶冶 增添 熏陶 带来 孵化 锻炼
454,10,0.3540930968628387,0.03588307343603657,0.5,吸纳 接纳 吸收 容纳 接收 采纳 包容 消化 输送 兼容,消化 输送 兼容 采纳 包容 接收 吸收 吸纳,输送 包容 兼容 吸收 吸纳 采纳 消化 容纳 接收 接纳,吸纳 接纳 吸收 容纳 接收 采纳 包容 消化 输送 兼容
455,4,0.3646425985613064,0.028612696852402277,0.5,结合 兼顾 有机 综合,综合 有机 兼顾 结合,有机 结合 兼顾 综合,结合 兼顾 有机 综合
456,1,,0.0,0.0,内向,内向,内向,内向
457,18,0.38962234820515596,0.0063189857686022565,0.5555555555555556,涵义 含义 内涵 渊源 由来 起源 来历 本质 意义 精髓 来龙去脉 蕴涵,寓意 发源地 本质 脉络 精髓 蕴涵 起源 概念,寓意 概念 蕴涵 意义 渊源 精髓 涵义 由来 内在 发源地 本质 内涵,涵义 含义 内涵 渊源 由来 起源 来历 本质 意义 精髓 来龙去脉 蕴涵 寓意 脉络 概念 内在 实质 发源地
458,4,0.36813147009746094,0.06331989366784845,0.25,素材 内容 格式 原型,原型 内容 格式 素材,素材 原型 内容 格式,素材 内容 格式 原型
459,3,0.47819547790948286,0.1632568185035266,0.0,回收 再生 循环,循环 再生 回收,再生 回收 循环,回收 再生 循环
460,5,0.38348424799898495,0.06680954070537236,0.2,冒险 大胆 尝试 闯 冒,冒 大胆 闯 尝试 冒险,冒 尝试 闯 大胆 冒险,冒险 大胆 尝试 闯 冒
461,10,0.37178690687581273,0.03962483799106701,0.4,打搅 打扰 得罪 辜负 怠慢 打断 冒昧 惹 对得起 打发,打发 冒昧 对得起 怠慢 惹 打断 辜负 得罪,辜负 得罪 惹 对得起 打发 打扰 打断 打搅 冒昧 怠慢,打搅 打扰 得罪 辜负 怠慢 打断 冒昧 惹 对得起 打发
462,4,0.4669615898561783,0.19338980690040716,0.0,南极 北极 冰山 火山,火山 冰山 北极 南极,南极 冰山 北极 火山,南极 北极 冰山 火山
463,6,0.3701474203609709,0.009406082423068183,0.5,奔 奔跑 跑 冲 冲刺 闪,冲刺 闪 冲 奔跑 奔 跑,冲 奔 冲刺 闪 跑 奔跑,奔 奔跑 跑 冲 冲刺 闪
464,9,0.4252170070639353,0.12329016674068091,0.1111111111111111,撞击 冲撞 碰撞 摩擦 冲击 挤压 震动 剧烈 磨合,震动 磨合 剧烈 挤压 冲击 摩擦 撞击 碰撞,撞击 冲击 磨合 冲撞 剧烈 摩擦 碰撞 震动 挤压,撞击 冲撞 碰撞 摩擦 冲击 挤压 震动 剧烈 磨合
465,19,0.3841694536425579,0.032064909909766355,0.2631578947368421,冲洗 热水 消毒 洗涤剂 水 自来水 清洗 浸泡 饮用水 药水 水龙头 过滤,筛 通风 净化 墨水 药水 水源 烘干 过滤,水龙头 筛 热水 净化 通风 水 墨水 冲洗 浸泡 烘干 清洗 药水,冲洗 热水 消毒 洗涤剂 水 自来水 清洗 浸泡 饮用水 药水 水龙头 过滤 烘干 饮水 水源 净化 通风 墨水 筛
466,4,0.38626325480294316,0.06548111055658325,0.25,拍板 决策 决定 大包大揽,大包大揽 决定 决策 拍板,拍板 大包大揽 决策 决定,拍板 决策 决定 大包大揽
467,2,0.4976792121797632,0.24292168859848828,0.0,黑马 冷门,黑马 冷门,黑马 冷门,黑马 冷门
468,1,,0.0,0.0,冻结,冻结,冻结,冻结
469,4,0.3666251537738801,-0.012796865380039841,0.5,降 准 定向 调,调 定向 降 准,准 降 定向 调,降 准 定向 调
470,9,0.3782339977295153,0.049401207970119244,0.2222222222222222,筹备 筹划 准备 酝酿 策划 构思 着手 预备 创意,创意 筹划 着手 预备 构思 准备 策划 酝酿,酝酿 策划 着手 准备 预备 创意 构思 筹备 筹划,筹备 筹划 准备 酝酿 策划 构思 着手 预备 创意
471,4,0.420368657935996,0.10344647799240729,0.25,增 减 扩 续,续 扩 减 增,减 增 续 扩,增 减 扩 续
472,6,0.40754597436356466,0.10434665598877012,0.16666666666666666,疏导 疏通 堵塞 堵 安抚 减压,减压 安抚 堵 堵塞 疏通 疏导,堵塞 堵 疏通 疏导 安抚 减压,疏导 疏通 堵塞 堵 安抚 减压
473,6,0.4063981866595818,0.10299693363480478,0.0,减速 掉头 急转弯 熄火 十字路口 高速,熄火 高速 掉头 十字路口 急转弯 减速,熄火 掉头 减速 高速 急转弯 十字路口,减速 掉头 急转弯 熄火 十字路口 高速
474,21,0.38514482628453406,0.03883601348475056,0.38095238095238093,激发 激起 唤起 带动 吸引 调动 引起 引发 触动 刺激 鼓舞 引导,凝聚 激活 拉动 引领 轰动 带动 动员 引,带动 引起 触动 激活 引 刺激 激励 激发 唤起 吸引 凝聚 轰动,激发 激起 唤起 带动 吸引 调动 引起 引发 触动 刺激 鼓舞 引导 打动 引领 激活 拉动 凝聚 激励 动员 引 轰动
475,6,0.482796356835773,0.23712381579392836,0.0,几率 成功率 概率 率 效率 频率,频率 效率 率 成功率 概率 几率,概率 频率 率 效率 几率 成功率,几率 成功率 概率 率 效率 频率
476,2,0.40272541319433397,0.08864249450627597,0.0,飞 凤凰,凤凰 飞,凤凰 飞,飞 凤凰
477,22,0.41500474125516457,0.09244311966495021,0.09090909090909091,证件 执照 证书 护照 许可证 申领 身份证 签证 手续 登记 通行证 驾照,填写 资格 牌照 注册 身份证 签证 申请 申领,签证 办理 许可 登记 资格 凭证 护照 执照 许可证 牌照 证 身份证,证件 执照 证书 护照 许可证 申领 身份证 签证 手续 登记 通行证 驾照 办理 申请 凭证 认证 许可 牌照 注册 资格 填写 证
478,5,0.38239485161528713,0.0533465300242136,0.4,国旗 旗帜 国徽 舵手 凯歌,凯歌 舵手 国徽 旗帜 国旗,旗帜 凯歌 舵手 国徽 国旗,国旗 旗帜 国徽 舵手 凯歌
479,12,0.38474248735097355,0.06029488714623349,0.25,疯狂 狂 狂热 火暴 凶猛 猛 疯 狠 火热 狂欢 爆 无情,爆 无情 狠 火热 猛 疯 狂欢 狂热,疯狂 猛 狠 狂 爆 疯 无情 火暴 凶猛 火热 狂热 狂欢,疯狂 狂 狂热 火暴 凶猛 猛 疯 狠 火热 狂欢 爆 无情
480,35,0.3352143060906134,-0.062053691003126916,0.6857142857142857,形状 形 圆形 凹 弯曲 凸 轮廓 棱角 弯 斜 造型 外形,角 设计 勾 模样 图形 结构 构造 拐,圆形 图形 构造 凹 凸 勾 叉 圆 垂 尖 弯 形,形状 形 圆形 凹 弯曲 凸 轮廓 棱角 弯 斜 造型 外形 翘 圆 拱 扁 竖 平面 尖 酷似 构造 外观 角 钩 横 叉 垂 形态 外表 图形 勾 模样 设计 拐 结构
481,16,0.37099147299252955,0.018647285499129904,0.5,出洋相 出丑 穿小鞋 碰钉子 出风头 吃亏 随大溜 出难题 面子 出毛病 沾光 走后门,沾光 走弯路 泼冷水 豁出去 说情 随大溜 吃亏 出毛病,碰钉子 面子 出难题 走后门 沾光 出毛病 豁出去 出风头 泼冷水 说情 出丑 随大溜,出洋相 出丑 穿小鞋 碰钉子 出风头 吃亏 随大溜 出难题 面子 出毛病 沾光 走后门 豁出去 泼冷水 说情 走弯路
482,8,0.4551438938989984,0.18642061143837105,0.0,意料之外 意料 出人意料 意想不到 意外 突如其来 难以想象 措手不及,难以想象 措手不及 突如其来 意想不到 意外 出人意料 意料 意料之外,出人意料 突如其来 难以想象 意外 意料 意料之外 意想不到 措手不及,意料之外 意料 出人意料 意想不到 意外 突如其来 难以想象 措手不及
483,5,0.492373870012451,0.2391973241015791,0.0,往返 来往 进出 来回 出入,来回 进出 出入 来往 往返,进出 出入 来回 来往 往返,往返 来往 进出 来回 出入
484,4,0.5727435931722936,0.3441719279520321,0.0,派出 派遣 派 出动,出动 派 派遣 派出,派 派遣 出动 派出,派出 派遣 派 出动
485,16,0.3946954322288208,0.02710756636461628,0.3125,获胜 胜出 取胜 败 失利 出局 爆冷门 赢 胜负 输家 胜 赢家,爆冷门 胜 止步 脱颖而出 胜负 赢家 输 输家,获胜 取胜 无缘 止步 胜 赢 败 输 出局 输家 脱颖而出 爆冷门,获胜 胜出 取胜 败 失利 出局 爆冷门 赢 胜负 输家 胜 赢家 输 无缘 止步 脱颖而出
486,9,0.3910069234736363,0.05980741342168307,0.4444444444444444,帮 帮忙 替 给 出面 敲边鼓 顺便 把 摆平,摆平 敲边鼓 出面 把 顺便 给 替 帮忙,帮 给 摆平 替 把 顺便 出面 帮忙 敲边鼓,帮 帮忙 替 给 出面 敲边鼓 顺便 把 摆平
487,13,0.38676324439038734,0.008260185999296184,0.38461538461538464,锯 剃 磨 凿 削 切 刺 梳 切割 斩 秃 打磨,削 斩 凿 切割 秃 针 打磨 梳,凿 切 刺 削 剃 秃 磨 斩 梳 切割 锯 针,锯 剃 磨 凿 削 切 刺 梳 切割 斩 秃 打磨 针
488,6,0.4595599683779774,0.20321162721369224,0.0,分钟 小时 秒 钟 半天 分,半天 分 小时 钟 秒 分钟,分 秒 分钟 钟 小时 半天,分钟 小时 秒 钟 半天 分
489,7,0.422746761612358,0.10777439480987076,0.2857142857142857,分开 隔开 分离 分割 隔离 分成 隔,分成 隔 隔离 分割 分离 隔开 分开,隔 分成 分离 分开 分割 隔离 隔开,分开 隔开 分离 分割 隔离 分成 隔
490,4,0.4754728830897232,0.1979325542901106,0.0,恰到好处 分寸 火候 面面俱到,面面俱到 分寸 火候 恰到好处,火候 面面俱到 恰到好处 分寸,恰到好处 分寸 火候 面面俱到
491,9,0.3971690287348462,0.05348073637658377,0.3333333333333333,协调 协同 协作 统筹 调度 配合 协助 分工 统一,统一 调度 配合 协助 分工 统筹 协同 协作,协调 配合 统一 协作 协同 协助 统筹 分工 调度,协调 协同 协作 统筹 调度 配合 协助 分工 统一
492,1,,0.0,0.0,分支,分支,分支,分支
493,5,0.5241871705009385,0.2795814786198655,0.0,类型 类别 种类 类 分类,种类 分类 类 类别 类型,类 种类 类型 类别 分类,类型 类别 种类 类 分类
494,7,0.37962726978878947,0.06050784237999418,0.2857142857142857,小组 队 队伍 组 团队 分组 啦啦队,分组 啦啦队 队 团队 队伍 组 小组,组 啦啦队 小组 队 队伍 分组 团队,小组 队 队伍 组 团队 分组 啦啦队
495,10,0.46920837160356543,0.14079202143308933,0.2,辨别 分辨 辨认 鉴别 识别 真假 区分 识 辩 是非,是非 辩 识 区分 识别 辨认 真假 鉴别,辨认 区分 真假 是非 分辨 辨别 辩 识 识别 鉴别,辨别 分辨 辨认 鉴别 识别 真假 区分 识 辩 是非
496,7,0.3808754016427318,0.06143624323442315,0.2857142857142857,均衡 平衡 分配 均匀 调节 对称 多劳多得,多劳多得 对称 均匀 调节 分配 平衡 均衡,调节 对称 分配 平衡 均匀 均衡 多劳多得,均衡 平衡 分配 均匀 调节 对称 多劳多得
497,2,0.4614981584919582,0.21057688455012763,0.0,沉甸甸 分量,沉甸甸 分量,沉甸甸 分量,沉甸甸 分量
498,5,0.35701897037699026,-0.015036820027671243,0.8,断 划 拨 截 残,残 拨 划 截 断,划 断 截 拨 残,断 划 拨 截 残
499,15,0.3903933417040548,0.01897689147655106,0.4,界限 界定 界线 局限 范畴 划分 宽泛 范围 限定 模糊 边界 混淆,限定 限于 含糊 模糊 地域 混淆 划分 宽泛,划分 界限 界线 边界 模糊 宽泛 界定 局限 地域 限定 限于 范畴,界限 界定 界线 局限 范畴 划分 宽泛 范围 限定 模糊 边界 混淆 限于 地域 含糊
500,6,0.44341688716041666,0.1261872250546332,0.0,刷新 破 突破 纪录 打破 创,纪录 创 突破 打破 破 刷新,创 破 刷新 突破 打破 纪录,刷新 破 突破 纪录 打破 创
501,11,0.4029464827227341,0.04185050539277956,0.36363636363636365,变革 转型 革新 创新 改革 融合 发展 整合 升级 布局 颠覆,颠覆 融合 发展 布局 创新 整合 升级 转型,升级 发展 革新 转型 融合 布局 颠覆 整合 变革 创新 改革,变革 转型 革新 创新 改革 融合 发展 整合 升级 布局 颠覆
502,3,0.4120824520251791,0.12781825642612377,0.0,最终 结果 初步,初步 结果 最终,初步 结果 最终,最终 结果 初步
503,5,0.37225713864384014,0.031321849832275164,0.2,删 抄 抄袭 编 撤,撤 删 编 抄袭 抄,删 编 撤 抄 抄袭,删 抄 抄袭 编 撤
504,5,0.368025813464658,0.008352239958109683,0.4,德 利 福 理 美,理 福 美 利 德,利 德 福 美 理,德 利 福 理 美
505,5,0.42507513343710174,0.1337161417227743,0.0,得失 名利 生死 利害 平常心,平常心 利害 生死 名利 得失,得失 生死 利害 名利 平常心,得失 名利 生死 利害 平常心
506,10,0.41673841109735593,0.11298486974526134,0.1,权利 职权 权力 权 特权 行使 利益 权益 财产 管辖,财产 管辖 利益 特权 权益 行使 权 职权,权 管辖 行使 财产 利益 权利 权力 权益 职权 特权,权利 职权 权力 权 特权 行使 利益 权益 财产 管辖
507,4,0.331154788372481,-0.021460015273521336,0.75,收拾 整理 收 利索,收 利索 整理 收拾,收 收拾 利索 整理,收拾 整理 收 利索
508,5,0.3943299880975412,0.07227090457004266,0.2,有力 有效 得力 有的放矢 到位,到位 有效 有的放矢 得力 有力,到位 得力 有效 有的放矢 有力,有力 有效 得力 有的放矢 到位
509,14,0.42800260057881623,0.08251935304998127,0.2857142857142857,铝 铜 铅 金属 塑料 橡胶 锡 玻璃 钢 非金属 水泥 制品,塑料 铁 制品 玻璃 非金属 化纤 钢 水泥,塑料 金属 化纤 锡 钢 铝 铜 铅 铁 制品 玻璃 水泥,铝 铜 铅 金属 塑料 橡胶 锡 玻璃 钢 非金属 水泥 制品 化纤 铁
510,2,0.6250470156443699,0.45992318713510805,0.0,后台 前台,前台 后台,后台 前台,后台 前台
511,8,0.38140878149774415,0.07505689390206685,0.25,高科技 高新技术 科技 前沿 技术 尖端 新兴 超前,超前 新兴 技术 前沿 科技 高新技术 尖端 高科技,高科技 超前 新兴 技术 尖端 前沿 科技 高新技术,高科技 高新技术 科技 前沿 技术 尖端 新兴 超前
512,16,0.4262727726970267,0.08383761017666362,0.25,枪 子弹 导弹 炸弹 武器 弹 手枪 箭 炮 火药 炸药 核武器,核武器 剑 拳 火箭 射 火药 导弹 炸药,子弹 剑 射 弹 核武器 箭 炮 枪 拳 武器 火药 炸药,枪 子弹 导弹 炸弹 武器 弹 手枪 箭 炮 火药 炸药 核武器 射 火箭 剑 拳
513,1,,0.0,0.0,副,副,副,副
514,9,0.38749850540246084,0.018439313292852682,0.5555555555555556,潜力 潜能 力量 活力 动力 力 威力 源泉 潜在,潜在 源泉 活力 动力 潜力 威力 力 力量,力 潜力 潜在 潜能 活力 力量 源泉 威力 动力,潜力 潜能 力量 活力 动力 力 威力 源泉 潜在
515,15,0.3584645568850407,0.003361975564486613,0.6,步伐 脚步 速度 节奏 轨迹 脚印 进程 力度 进度 足迹 痕迹 身影,痕迹 影子 程度 轨迹 幅度 身影 进度 力度,程度 进度 痕迹 进程 速度 脚印 脚步 步伐 足迹 幅度 力度 影子,步伐 脚步 速度 节奏 轨迹 脚印 进程 力度 进度 足迹 痕迹 身影 幅度 影子 程度
516,1,,0.0,0.0,力所能及,力所能及,力所能及,力所能及
517,8,0.5125793084189856,0.2799622234833669,0.0,大使馆 领事 领事馆 大使 驻 外交官 外交 办事处,外交 办事处 外交官 大使 驻 领事 领事馆 大使馆,外交官 大使馆 领事馆 办事处 大使 驻 领事 外交,大使馆 领事 领事馆 大使 驻 外交官 外交 办事处
518,9,0.40637245426467494,0.09822178272863503,0.0,成果 成效 成就 建树 贡献 硕果 功劳 进展 功,进展 功 硕果 贡献 功劳 成效 成就 建树,功 功劳 进展 建树 成就 成果 成效 硕果 贡献,成果 成效 成就 建树 贡献 硕果 功劳 进展 功
519,6,0.4018109786063161,0.09559049439522053,0.0,功率 马力 输出 引擎 驱动 风力,风力 驱动 功率 马力 引擎 输出,功率 驱动 风力 马力 输出 引擎,功率 马力 输出 引擎 驱动 风力
520,4,0.3957169974260713,0.08816161478058811,0.25,添加 加 添 输入,输入 添 加 添加,加 添 添加 输入,添加 加 添 输入
521,4,0.30594925105581344,-0.024733529301658785,0.5,招揽 加盟 效力 招,招 效力 加盟 招揽,效力 招 加盟 招揽,招揽 加盟 效力 招
522,4,0.3877053921480876,0.08735817721018031,0.0,水货 山寨 劣质 货,货 劣质 水货 山寨,水货 劣质 货 山寨,水货 山寨 劣质 货
523,3,0.4542455847899778,0.1727614718749102,0.0,静 动静 动,动静 动 静,动 静 动静,静 动静 动
524,8,0.4062174516383735,0.08443105295822557,0.25,姿势 姿态 手势 动作 架势 队形 笑脸 口令,笑脸 队形 口令 动作 架势 姿态 手势 姿势,姿态 姿势 队形 口令 笑脸 手势 动作 架势,姿势 姿态 手势 动作 架势 队形 笑脸 口令
525,8,0.436397474481422,0.08448624777477003,0.25,跟踪 追踪 监视 监控 观察 动向 盯 动态,动态 盯 动向 观察 监控 追踪 监视 跟踪,追踪 跟踪 盯 监视 观察 动态 动向 监控,跟踪 追踪 监视 监控 观察 动向 盯 动态
526,14,0.42746060877766484,0.08872972351330029,0.2857142857142857,退让 退缩 妥协 退却 让步 屈服 后退 投降 死心 认错 迁就 动摇,死心 退 认错 罢休 迁就 动摇 投降 退却,妥协 屈服 投降 罢休 退 退却 退缩 死心 动摇 认错 迁就 让步,退让 退缩 妥协 退却 让步 屈服 后退 投降 死心 认错 迁就 动摇 罢休 退
527,4,0.421531201521072,0.11356226367814119,0.25,劳务 承包 劳动力 流转,劳动力 流转 承包 劳务,流转 劳务 承包 劳动力,劳务 承包 劳动力 流转
528,16,0.3753911196019083,0.03448763135007215,0.125,波涛 汹涌 波澜 风浪 波浪 起伏 迭起 暴风骤雨 变幻莫测 浪 风云 势不可当,潮 峰回路转 势不可当 千军万马 呼风唤雨 起伏 风云 变幻莫测,迭起 起伏 汹涌 潮 浪 波涛 波浪 波澜 峰回路转 风云 变幻莫测 暴风骤雨,波涛 汹涌 波澜 风浪 波浪 起伏 迭起 暴风骤雨 变幻莫测 浪 风云 势不可当 千军万马 潮 呼风唤雨 峰回路转
529,15,0.4362624726650308,0.13905532942861304,0.0,奖项 奖 获奖 荣誉 表彰 荣获 称号 评选 颁发 授予 勋章 奖励,评委 奖励 揭晓 头衔 荣获 颁发 勋章 称号,授予 勋章 颁发 奖项 奖 头衔 揭晓 奖励 评委 称号 获奖 评选,奖项 奖 获奖 荣誉 表彰 荣获 称号 评选 颁发 授予 勋章 奖励 头衔 揭晓 评委
530,8,0.358369208037396,0.013468624419813172,0.5,扎 勒 塞 蒙 印 托 墨 卡子,卡子 托 墨 勒 印 蒙 扎 塞,勒 印 塞 墨 托 扎 卡子 蒙,扎 勒 塞 蒙 印 托 墨 卡子
531,8,0.4557041367003057,0.1341462086241419,0.125,提防 小心 当心 警惕 留神 留意 戒备 勿,勿 留意 戒备 留神 当心 小心 提防 警惕,勿 戒备 当心 小心 警惕 提防 留意 留神,提防 小心 当心 警惕 留神 留意 戒备 勿
532,17,0.3971021000119982,0.03204990290310132,0.29411764705882354,罐 瓶 袋 箱 筐 盒 筒 缸 壶 包 盆 捆,堆 槽 罐 瓶 窑 捆 装 盆,包 坛 堆 壶 箱 筐 筒 窑 缸 罐 瓶 盆,罐 瓶 袋 箱 筐 盒 筒 缸 壶 包 盆 捆 槽 装 坛 堆 窑
533,3,0.3811139780373758,0.037728660070462446,0.3333333333333333,铺 包袱 摊,摊 包袱 铺,摊 包袱 铺,铺 包袱 摊
534,7,0.38762740639411186,0.06780934543347576,0.14285714285714285,转化 转变 转换 转移 转 过渡 化,化 转移 过渡 转 转变 转化 转换,化 转 转换 转移 转化 转变 过渡,转化 转变 转换 转移 转 过渡 化
535,2,0.4515201168353997,0.14392393229666,0.0,灭绝 化石,化石 灭绝,灭绝 化石,灭绝 化石
536,2,0.4325877193053337,0.18664578793105135,0.0,首都 北京,北京 首都,北京 首都,首都 北京
537,8,0.36839385401459795,0.046270998693858395,0.25,搭配 配置 匹配 配 组合 配备 搭档 同步,同步 搭档 配备 组合 匹配 配置 搭配 配,组合 配置 同步 配备 搭档 匹配 配 搭配,搭配 配置 匹配 配 组合 配备 搭档 同步
538,2,0.45559237793665996,0.2004342076786536,0.0,十足 足,足 十足,足 十足,十足 足
539,11,0.37451416981288577,0.004211856691152507,0.5454545454545454,变异 变迁 变化 演变 进化 变换 千变万化 变 遗传 基因 日新月异,进化 千变万化 日新月异 基因 遗传 变换 变 变化,日新月异 变 进化 遗传 千变万化 变迁 变换 变化 变异 演变 基因,变异 变迁 变化 演变 进化 变换 千变万化 变 遗传 基因 日新月异
540,5,0.36777261882752865,0.029834757038204478,0.2,千家万户 家家户户 家庭 户 深入人心,深入人心 户 家庭 家家户户 千家万户,户 深入人心 千家万户 家家户户 家庭,千家万户 家家户户 家庭 户 深入人心
541,3,0.400391840881481,0.11181614515922104,0.0,脊梁 栋梁 半边天,半边天 栋梁 脊梁,半边天 脊梁 栋梁,脊梁 栋梁 半边天
542,14,0.41064954369077605,0.06532221821466473,0.35714285714285715,推迟 拖延 耽搁 延期 耽误 延误 延缓 搁置 迟到 延长 迟 搁浅,迟 半途而废 搁置 延长 搁浅 延 迟到 耽误,半途而废 延 搁浅 搁置 延缓 耽搁 延期 迟 迟到 延长 延误 推迟,推迟 拖延 耽搁 延期 耽误 延误 延缓 搁置 迟到 延长 迟 搁浅 半途而废 延
543,9,0.42614330605294654,0.1113678158014329,0.2222222222222222,华侨 华人 华裔 留学生 同胞 工商界 学子 移民 爱国,学子 移民 爱国 工商界 留学生 同胞 华裔 华侨,留学生 华裔 移民 华侨 华人 工商界 同胞 学子 爱国,华侨 华人 华裔 留学生 同胞 工商界 学子 移民 爱国
544,2,0.4075692511664155,0.11761170750786684,0.0,单位 单元,单元 单位,单位 单元,单位 单元
545,3,0.48535472198742585,0.22040697358693914,0.0,独自 单独 独,独 独自 单独,独 独自 单独,独自 单独 独
546,18,0.41225590290420866,0.06516363671117183,0.2777777777777778,飞船 太空 月球 宇航员 卫星 地球 发射 探测 宇宙 嫦娥 航天员 航天,陨石 外星人 舱 天文 轨道 发射 地球 望远镜,外星人 探测 航天 嫦娥 月球 发射 航天员 宇宙 地球 舱 飞船 陨石,飞船 太空 月球 宇航员 卫星 地球 发射 探测 宇宙 嫦娥 航天员 航天 望远镜 轨道 陨石 外星人 天文 舱
547,8,0.427286431670561,0.07283960252402152,0.25,近代 古代 现代 当代 印刷术 西方 造纸术 古今中外,古代 造纸术 古今中外 西方 印刷术 当代 现代 近代,印刷术 古代 现代 当代 古今中外 造纸术 西方 近代,近代 古代 现代 当代 印刷术 西方 造纸术 古今中外
548,22,0.4033837383233721,0.06552057306790525,0.22727272727272727,营救 救援 抢救 救 解救 呼救 遇险 拯救 求救 搜救 挽救 紧急,演练 性命 危急 挽回 补救 应急 废墟 疏散,抢救 挽救 补救 营救 挽回 救 应急 解救 废墟 疏散 危急 呼救,营救 救援 抢救 救 解救 呼救 遇险 拯救 求救 搜救 挽救 紧急 危急 逃生 救命 疏散 补救 应急 性命 废墟 挽回 演练
549,5,0.3213697589266193,0.006586832265111911,0.4,指数 指 指标 基准 即,即 指标 基准 指 指数,即 指 指标 指数 基准,指数 指 指标 基准 即
550,2,0.4082320854361866,0.09287912912221286,0.0,窝 卵,卵 窝,卵 窝,窝 卵
551,2,0.4222671139784574,0.11173401527188817,0.0,页 卷,页 卷,卷 页,页 卷
552,3,0.41794545943518147,0.09876165024190926,0.0,厅 局 院,局 院 厅,厅 局 院,厅 局 院
553,5,0.2960018821400433,-0.056218011100334864,1.0,记录 历史 录 记 历届,记 历届 录 历史 记录,录 记 记录 历届 历史,记录 历史 录 记 历届
554,3,0.48301989897463704,0.2500044105070725,0.0,就地 就近 原地,原地 就近 就地,就地 原地 就近,就地 就近 原地
555,8,0.37290033987027255,0.011368357928067915,0.625,原汁原味 正宗 地道 古老 土生土长 经典 原始 原装,古老 原装 经典 原始 土生土长 地道 正宗 原汁原味,原汁原味 地道 原装 土生土长 原始 经典 古老 正宗,原汁原味 正宗 地道 古老 土生土长 经典 原始 原装
556,1,,0.0,0.0,参军,参军,参军,参军
557,4,0.5528553831368449,0.32850449427683137,0.0,简介 概况 目录 参见,参见 目录 概况 简介,简介 概况 参见 目录,简介 概况 目录 参见
558,3,0.46523031845848584,0.21590204467632015,0.0,合格 达标 及格,及格 达标 合格,及格 合格 达标,合格 达标 及格
559,2,0.47906671750205176,0.2199783161930121,0.0,双 双重,双 双重,双 双重,双 双重
560,3,0.39628830922559355,0.07572384827748008,0.0,横向 双向 跨,双向 跨 横向,横向 双向 跨,横向 双向 跨
561,5,0.32703450244050924,-0.02884978800835434,0.8,双胞胎 孕妇 孪生 胎 让座,让座 胎 孪生 孕妇 双胞胎,孕妇 胎 孪生 双胞胎 让座,双胞胎 孕妇 孪生 胎 让座
562,2,0.4547923338087029,0.19921380822766926,0.0,逆 反,逆 反,反 逆,逆 反
563,13,0.4217039346082126,0.12370810498726147,0.07692307692307693,回答 答复 回应 回复 解答 提问 答案 答 反馈 求证 澄清 反应,反应 求证 答辩 澄清 反馈 答 答案 提问,答 答辩 解答 答案 澄清 答复 反应 回应 回复 反馈 求证 回答,回答 答复 回应 回复 解答 提问 答案 答 反馈 求证 澄清 反应 答辩
564,3,0.34458985570093564,0.022361652686858597,0.6666666666666666,发 发火 发放,发火 发放 发,发 发放 发火,发 发火 发放
565,13,0.3637063999598675,0.016009598785778074,0.38461538461538464,开启 打开 拉开 启动 展开 开动 敞开 推开 开 掀起 发动 开放,开放 掀起 开机 发动 开动 敞开 开 推开,开 启动 开启 开动 开机 开放 敞开 展开 掀起 发动 推开 拉开,开启 打开 拉开 启动 展开 开动 敞开 推开 开 掀起 发动 开放 开机
566,18,0.4114103763618887,0.05175485351010564,0.3333333333333333,寻找 寻觅 探求 搜寻 寻 寻求 查找 搜集 找出 找 挖掘 探索,捕捉 求 追逐 搜集 收集 搜寻 探索 寻,追逐 寻 探索 摸索 探求 找 求 寻找 寻求 找出 挖掘 发掘,寻找 寻觅 探求 搜寻 寻 寻求 查找 搜集 找出 找 挖掘 探索 捕捉 摸索 发掘 收集 追逐 求
567,11,0.3954077970032436,0.0848348165309593,0.2727272727272727,研发 研制 科研 攻关 研究 开发 课题 科学家 发明 自主 科学,科学 自主 科学家 课题 发明 开发 研制 科研,科学家 开发 攻关 研究 课题 发明 研发 研制 科研 自主 科学,研发 研制 科研 攻关 研究 开发 课题 科学家 发明 自主 科学
568,6,0.4094565685881916,0.08855030883824659,0.3333333333333333,蔓延 愈演愈烈 泛滥 盛行 热潮 发酵,发酵 热潮 盛行 蔓延 愈演愈烈 泛滥,愈演愈烈 热潮 泛滥 盛行 发酵 蔓延,蔓延 愈演愈烈 泛滥 盛行 热潮 发酵
569,14,0.40590928679323796,0.08797933607978876,0.35714285714285715,获得 得到 拿到 取得 获 收到 赢得 受到 获取 收获 接到 达到,被 得了 获取 接到 受到 收获 达到 获,达到 拿到 得到 得了 收到 收获 获 被 获得 获取 受到 接到,获得 得到 拿到 取得 获 收到 赢得 受到 获取 收获 接到 达到 得了 被
570,1,,0.0,0.0,受益,受益,受益,受益
571,18,0.4146689144056699,0.06074325041826518,0.16666666666666666,脱落 磨损 断裂 损坏 裂缝 破裂 变形 老化 裂痕 腐烂 变质 破碎,裂 失效 腐蚀 破裂 残缺 故障 失灵 变质,裂痕 裂缝 腐烂 脱落 磨损 腐蚀 断裂 裂 破碎 老化 故障 破裂,脱落 磨损 断裂 损坏 裂缝 破裂 变形 老化 裂痕 腐烂 变质 破碎 失效 腐蚀 残缺 失灵 裂 故障
572,2,0.4137528837379868,0.09046731840921156,0.0,叠 折叠,折叠 叠,叠 折叠,叠 折叠
573,5,0.3689530326812518,0.029260562028499214,0.4,口 口吃 顿 开口 耳光,开口 耳光 口 顿 口吃,口 开口 耳光 顿 口吃,口 口吃 顿 开口 耳光
574,4,0.45084023506623727,0.18504838877016916,0.0,白酒 茅台 酒鬼 口子,酒鬼 口子 白酒 茅台,酒鬼 茅台 口子 白酒,白酒 茅台 酒鬼 口子
575,10,0.30142162550289975,-0.06311771206648256,0.8,新款 车型 型号 系列 标致 版 吉利 问世 苹果 口径,口径 苹果 系列 问世 吉利 版 标致 型号,苹果 版 问世 新款 型号 标致 系列 口径 车型 吉利,新款 车型 型号 系列 标致 版 吉利 问世 苹果 口径
576,1,,0.0,0.0,古,古,古,古
577,15,0.41772205631693987,0.09698573279825437,0.13333333333333333,藏品 瑰宝 珍藏 收藏 国宝 文物 珍贵 宝藏 古董 宝库 名贵 精品,名贵 藏 鉴赏 古董 遗产 精品 宝库 宝藏,珍藏 珍贵 宝藏 瑰宝 鉴赏 名贵 国宝 遗产 收藏 藏 宝库 文物,藏品 瑰宝 珍藏 收藏 国宝 文物 珍贵 宝藏 古董 宝库 名贵 精品 鉴赏 遗产 藏
578,5,0.3875382884196859,0.03487386120264616,0.2,名 支 批 家 只,批 支 只 名 家,只 名 家 支 批,名 支 批 家 只
579,11,0.42445306094942886,0.12644424783461802,0.2727272727272727,汇集 汇聚 聚集 集结 集合 聚 汇合 集中 召集 集 汇,汇 召集 集 集中 汇合 聚 集结 集合,集中 汇集 集结 汇聚 汇合 汇 集 聚 召集 聚集 集合,汇集 汇聚 聚集 集结 集合 聚 汇合 集中 召集 集 汇
580,4,0.45242870586901285,0.16555151397899778,0.0,证据 物证 线索 可疑,可疑 线索 物证 证据,可疑 线索 证据 物证,证据 物证 线索 可疑
581,5,0.35744159474200937,0.035645027400470854,0.4,台阶 迈 步 挪 阶梯,阶梯 挪 迈 步 台阶,挪 步 台阶 迈 阶梯,台阶 迈 步 挪 阶梯
582,2,0.9333816871768907,0.9031854302925482,0.0,右 左,右 左,右 左,右 左
583,1,,0.0,0.0,号,号,号,号
584,4,0.3873830502618814,0.05642216923794839,0.25,各地 当地 地方 各,各 地方 当地 各地,各 当地 地方 各地,各地 当地 地方 各
585,10,0.414422500811486,0.10034354135070733,0.3,适应 符合 迎合 适合 满足 顺应 合乎 贴近 适宜 应付,贴近 适宜 应付 顺应 合乎 满足 符合 适合,顺应 满足 应付 适应 适宜 适合 合乎 符合 贴近 迎合,适应 符合 迎合 适合 满足 顺应 合乎 贴近 适宜 应付
586,5,0.31665936015707963,-0.02944287888376538,0.6,空间 有限 时空 尺度 合伙,合伙 尺度 时空 有限 空间,时空 空间 有限 合伙 尺度,空间 有限 时空 尺度 合伙
587,6,0.39791012706023887,0.09902505539273375,0.0,麻将 扑克 游戏 棋 猜谜 同人,同人 棋 扑克 猜谜 游戏 麻将,游戏 棋 同人 猜谜 麻将 扑克,麻将 扑克 游戏 棋 猜谜 同人
588,1,,0.0,0.0,名义,名义,名义,名义
589,5,0.33011255413459406,0.014085670769118156,0.4,名单 首批 清单 行列 首,首 清单 行列 名单 首批,行列 首 清单 首批 名单,名单 首批 清单 行列 首
590,3,0.3673915223878144,0.04524813353023119,0.6666666666666666,抽签 摇 名额,名额 摇 抽签,抽签 摇 名额,抽签 摇 名额
591,3,0.3343975985560987,0.005774435177053376,0.6666666666666666,备用 后备 适量,适量 后备 备用,适量 备用 后备,备用 后备 适量
592,12,0.42717861292972525,0.11235196735886903,0.08333333333333333,坚实 稳固 根基 牢固 坚固 基础 扎实 牢 支柱 堡垒 后盾 坚定,坚定 支柱 后盾 堡垒 牢 扎实 坚固 基础,稳固 基础 坚固 坚定 坚实 牢 后盾 根基 支柱 扎实 堡垒 牢固,坚实 稳固 根基 牢固 坚固 基础 扎实 牢 支柱 堡垒 后盾 坚定
593,7,0.34718391428958656,0.015705433743969592,0.2857142857142857,指南 指引 向导 指南针 指导 带路 温度计,温度计 带路 指导 向导 指引 指南针 指南,温度计 向导 带路 指南 指导 指引 指南针,指南 指引 向导 指南针 指导 带路 温度计
594,24,0.40892699862509757,0.07265893797687314,0.25,期盼 盼望 期望 渴望 愿望 希望 期待 梦想 奢望 盼 心愿 向往,幻想 梦 愿 望 理想 有朝一日 追求 呼声,希望 盼望 寄托 渴望 追求 心愿 有朝一日 盼 望 愿 梦 期待,期盼 盼望 期望 渴望 愿望 希望 期待 梦想 奢望 盼 心愿 向往 幻想 寄托 指望 心声 呼唤 追求 呼声 梦 望 愿 有朝一日 理想
595,7,0.3383793726610958,-0.01693210896508068,0.42857142857142855,泄 灌 泻 吞 豁 放水 插,插 豁 放水 泄 吞 泻 灌,吞 灌 插 泄 泻 放水 豁,泄 灌 泻 吞 豁 放水 插
596,20,0.43295952496571316,0.13830269214840402,0.15,表示 宣称 声称 指出 强调 坚信 认为 重申 承认 深信 否认 透露,高调 表态 提出 宣布 获悉 相信 确信 证实,坚信 重申 确信 否认 宣称 宣布 提出 深信 相信 高调 获悉 指出,表示 宣称 声称 指出 强调 坚信 认为 重申 承认 深信 否认 透露 确信 宣布 相信 证实 表态 提出 获悉 高调
597,21,0.4095810358781276,0.03475762367975234,0.47619047619047616,蛋白质 钙 脂肪 热量 含量 富含 氧气 维生素 营养 氧 纤维 水分,海藻 纤维 酒精 物质 酸 溶解 能量 维生素,脂肪 含量 氧气 营养 盐 氧 溶解 酒精 维生素 酸 钙 水分,蛋白质 钙 脂肪 热量 含量 富含 氧气 维生素 营养 氧 纤维 水分 溶解 酸 膳食 能量 液体 物质 酒精 海藻 盐
598,2,0.47388984426766734,0.1389857324261537,0.0,抛 吸,抛 吸,吸 抛,抛 吸
599,12,0.3779047348488609,0.03413710437669267,0.4166666666666667,醒目 张贴 显眼 标语 告示 赫然 引人注目 海报 贴 对联 抢眼 突出,贴 对联 突出 抢眼 引人注目 告示 海报 标语,赫然 抢眼 海报 标语 突出 张贴 贴 显眼 告示 醒目 对联 引人注目,醒目 张贴 显眼 标语 告示 赫然 引人注目 海报 贴 对联 抢眼 突出
600,5,0.3966404620960887,0.06484951000295765,0.2,间隙 间隔 空隙 间断 周期,周期 间断 空隙 间隔 间隙,间隔 间隙 周期 空隙 间断,间隙 间隔 空隙 间断 周期
601,8,0.4373882977091362,0.10006238593501107,0.375,衬托 烘托 点缀 遮盖 呼应 画龙点睛 美化 堆砌,美化 堆砌 遮盖 呼应 画龙点睛 烘托 点缀 衬托,堆砌 呼应 遮盖 烘托 美化 点缀 画龙点睛 衬托,衬托 烘托 点缀 遮盖 呼应 画龙点睛 美化 堆砌
602,7,0.38819927987344455,0.0564685536562478,0.42857142857142855,幸运 福气 运气 命 命运 荣幸 多亏,多亏 荣幸 命运 命 福气 运气 幸运,运气 命 命运 多亏 荣幸 福气 幸运,幸运 福气 运气 命 命运 荣幸 多亏
603,6,0.356622131867487,0.04214511769750997,0.16666666666666666,服务业 服务 金融 商业 工业 咨询,咨询 工业 金融 商业 服务 服务业,商业 服务业 服务 金融 工业 咨询,服务业 服务 金融 商业 工业 咨询
604,9,0.3515836740011602,0.0009110130764713738,0.4444444444444444,物品 器材 道具 商品 器械 工具 实物 品 品种,品种 商品 实物 品 物品 器械 工具 道具,物品 品 实物 品种 商品 器材 器械 道具 工具,物品 器材 道具 商品 器械 工具 实物 品 品种
605,9,0.40293310303072016,0.09822227630755369,0.0,档次 水准 水平 品质 层次 等级 质量 级别 品位,等级 级别 品位 层次 品质 质量 水平 档次,品位 质量 档次 等级 级别 水准 水平 品质 层次,档次 水准 水平 品质 层次 等级 质量 级别 品位
606,2,0.4263325801808219,0.1808558162462558,0.0,响应 支持,响应 支持,响应 支持,响应 支持
607,11,0.4019064425009656,0.08662588848215275,0.18181818181818182,售票 门票 退票 票价 机票 票 客流 月票 彩票 安检 爆满,安检 客流 彩票 爆满 票 月票 机票 票价,票 彩票 月票 客流 退票 安检 爆满 票价 售票 门票 机票,售票 门票 退票 票价 机票 票 客流 月票 彩票 安检 爆满
608,5,0.37808067896875996,0.05254618511663815,0.2,善 妙 巧 高明 远见,远见 妙 善 巧 高明,善 妙 巧 高明 远见,善 妙 巧 高明 远见
609,1,,0.0,0.0,喜洋洋,喜洋洋,喜洋洋,喜洋洋
610,8,0.4664248933918521,0.180772075361449,0.0,敏锐 灵敏 嗅觉 触觉 敏捷 敏感 灵活 脉搏,灵活 敏感 脉搏 触觉 敏捷 嗅觉 敏锐 灵敏,嗅觉 触觉 灵敏 灵活 敏感 敏捷 敏锐 脉搏,敏锐 灵敏 嗅觉 触觉 敏捷 敏感 灵活 脉搏
611,12,0.380388646861335,0.03360318249882991,0.25,川流不息 熙熙攘攘 四面八方 络绎不绝 成群结队 四处 大街小巷 随处可见 横七竖八 遍地 源源不断 四周,大街小巷 四周 遍地 源源不断 随处可见 横七竖八 四处 络绎不绝,熙熙攘攘 四周 四处 横七竖八 川流不息 成群结队 源源不断 遍地 随处可见 络绎不绝 大街小巷 四面八方,川流不息 熙熙攘攘 四面八方 络绎不绝 成群结队 四处 大街小巷 随处可见 横七竖八 遍地 源源不断 四周
612,1,,0.0,0.0,回归,回归,回归,回归
613,7,0.3893550377012465,0.0642819094816562,0.42857142857142855,抗拒 抵制 抵触 排斥 消极 诱惑 回避,回避 消极 诱惑 排斥 抵制 抵触 抗拒,诱惑 抵制 回避 抵触 消极 抗拒 排斥,抗拒 抵制 抵触 排斥 消极 诱惑 回避
614,2,0.4731348910554185,0.2297150994734033,0.0,国 邻国,国 邻国,国 邻国,国 邻国
615,7,0.3738286559357467,0.06344712804947208,0.2857142857142857,祖国 故乡 家乡 怀抱 国土 领土 摇篮,领土 摇篮 国土 怀抱 家乡 祖国 故乡,祖国 国土 故乡 领土 家乡 怀抱 摇篮,祖国 故乡 家乡 怀抱 国土 领土 摇篮
616,4,0.3271508704048325,0.010175867149102468,0.5,舆论 民意 外界 国情,国情 外界 民意 舆论,国情 民意 外界 舆论,舆论 民意 外界 国情
617,8,0.341140180136113,0.0012154875784335323,0.375,蓝图 规划 计划 战略 目标 图纸 定位 纸,纸 图纸 计划 定位 战略 目标 规划 蓝图,图纸 纸 蓝图 规划 计划 定位 目标 战略,蓝图 规划 计划 战略 目标 图纸 定位 纸
618,7,0.3725950019201938,0.0540519574043178,0.2857142857142857,顺利 成功 圆满 胜利 如愿以偿 完成 长征,长征 如愿以偿 完成 胜利 圆满 成功 顺利,完成 顺利 成功 如愿以偿 胜利 圆满 长征,顺利 成功 圆满 胜利 如愿以偿 完成 长征
619,5,0.42219280279334254,0.1316958044624364,0.0,圈 演艺圈 圈子 界 文艺界,文艺界 圈 圈子 界 演艺圈,圈 演艺圈 界 圈子 文艺界,圈 演艺圈 圈子 界 文艺界
620,7,0.3330726437864226,-0.006169349603835213,0.2857142857142857,砖 沙子 土 混凝土 稻草 饭碗 杂,杂 饭碗 砖 稻草 混凝土 沙子 土,饭碗 土 砖 杂 沙子 混凝土 稻草,砖 沙子 土 混凝土 稻草 饭碗 杂
621,9,0.3794933839486989,0.06325995546270649,0.4444444444444444,陷入 处在 泥潭 陷 处于 徘徊 旋涡 陷阱 在,在 陷阱 旋涡 徘徊 陷 处于 陷入 泥潭,在 陷 处于 处在 旋涡 泥潭 徘徊 陷入 陷阱,陷入 处在 泥潭 陷 处于 徘徊 旋涡 陷阱 在
622,5,0.33971926072095876,-0.00787859465922542,0.4,线 生命线 通道 沿线 在线,在线 沿线 通道 生命线 线,线 通道 生命线 沿线 在线,线 生命线 通道 沿线 在线
623,2,0.42622739487802597,0.18320120892624747,0.0,的 地,地 的,地 的,的 地
624,5,0.3928250106260037,0.10710042682299008,0.2,纬度 经度 地理 地图 度,地图 度 地理 纬度 经度,度 纬度 地图 地理 经度,纬度 经度 地理 地图 度
625,5,0.42326347533623077,0.10014937762046924,0.0,时间 日期 时间表 日程 地点,日程 地点 时间 时间表 日期,日程 日期 时间 地点 时间表,时间 日期 时间表 日程 地点
626,4,0.29788023412785897,-0.04484159820446039,0.5,幕 场 轮 银幕,银幕 轮 幕 场,场 幕 银幕 轮,幕 场 轮 银幕
627,4,0.37952429199926424,0.028525421753729237,0.25,洞 坑 窟窿 塔,塔 窟窿 洞 坑,坑 塔 洞 窟窿,洞 坑 窟窿 塔
628,4,0.34990428579381766,0.03459226817545687,0.25,瞒 饶 赖 坦白,坦白 赖 饶 瞒,坦白 瞒 饶 赖,瞒 饶 赖 坦白
629,10,0.39941182803607234,0.06580096514483916,0.3,等待 等候 守候 待 守株待兔 等到 守 埋伏 排队 眼看,守 排队 等到 埋伏 眼看 守株待兔 待 守候,守 待 排队 守株待兔 埋伏 等候 等到 等待 守候 眼看,等待 等候 守候 待 守株待兔 等到 守 埋伏 排队 眼看
630,7,0.3727734259089245,0.026475132339807132,0.42857142857142855,投资 资产 资金 基金 资本 股票 投,投 资本 股票 资产 资金 基金 投资,投资 投 资本 股票 资产 基金 资金,投资 资产 资金 基金 资本 股票 投
631,7,0.38610742884104743,0.07229798137512379,0.14285714285714285,江 桥 渡 堤 闸 帆 洋,洋 帆 堤 渡 江 闸 桥,堤 帆 渡 江 洋 桥 闸,江 桥 渡 堤 闸 帆 洋
632,14,0.3619563503442024,-0.048576583113297836,0.8571428571428571,涂 渗 蜡 掺 黏 敷 缝 染 填充 漏 露 霜,露 填 掺 渗 霜 胶水 填充 黏,填 缝 染 敷 掺 渗 漏 涂 胶水 黏 露 霜,涂 渗 蜡 掺 黏 敷 缝 染 填充 漏 露 霜 胶水 填
633,2,0.598129880954305,0.4154721723497934,0.0,空白 填补,填补 空白,空白 填补,空白 填补
634,3,0.3375554280743165,-0.014927543690942284,0.6666666666666666,壮胆 逞强 铺路,铺路 逞强 壮胆,铺路 壮胆 逞强,壮胆 逞强 铺路
635,5,0.3748084430704728,0.038197677237826286,0.4,车轴 轮子 轮胎 板 壳,壳 板 轮胎 轮子 车轴,壳 板 轮子 车轴 轮胎,车轴 轮子 轮胎 板 壳
636,4,0.4582214217350668,0.17112676017785416,0.0,处置 处理 清理 治理,清理 治理 处理 处置,清理 治理 处置 处理,处置 处理 清理 治理
637,5,0.3672623614951299,0.0616713755447568,0.4,混合 混 改 纯 复合,复合 纯 改 混 混合,复合 纯 改 混 混合,混合 混 改 纯 复合
638,7,0.35244169726589736,0.0014506781332380464,0.5714285714285714,苏醒 振作 改邪归正 觉醒 复活 重新 端正,重新 端正 改邪归正 复活 觉醒 苏醒 振作,重新 端正 振作 苏醒 改邪归正 觉醒 复活,苏醒 振作 改邪归正 觉醒 复活 重新 端正
639,5,0.39644679356043744,0.08708490950320101,0.0,数字 虚拟 多媒体 数码 实体,实体 虚拟 多媒体 数码 数字,数字 实体 数码 虚拟 多媒体,数字 虚拟 多媒体 数码 实体
640,8,0.44455012129735316,0.1369344917745366,0.125,积累 积淀 累积 沉淀 积蓄 攒 积 多年,积 多年 沉淀 攒 积淀 累积 积蓄 积累,积 攒 累积 沉淀 积淀 积累 多年 积蓄,积累 积淀 累积 沉淀 积蓄 攒 积 多年
641,1,,0.0,0.0,多心,多心,多心,多心
642,2,0.4405162979173908,0.15649542309099823,0.0,大宗 成交,成交 大宗,大宗 成交,大宗 成交
643,1,,0.0,0.0,大有可为,大有可为,大有可为,大有可为
644,2,0.48962657553973266,0.2255738277422301,0.0,天下 天地,天地 天下,天地 天下,天下 天地
645,4,0.39775605481610915,0.09311807755141141,0.0,尺子 秤 天平 锤子,锤子 秤 天平 尺子,秤 锤子 天平 尺子,尺子 秤 天平 锤子
646,5,0.37119914097714124,0.019614393545132766,0.6,膨胀 泡沫 气泡 扩张 失控,失控 扩张 气泡 泡沫 膨胀,气泡 膨胀 泡沫 扩张 失控,膨胀 泡沫 气泡 扩张 失控
647,3,0.39104704374630606,0.06717940701702076,0.0,杀手 头号 致命,致命 头号 杀手,致命 杀手 头号,杀手 头号 致命
648,4,0.452421816472822,0.15837122204450996,0.0,奏效 见效 管用 无效,无效 管用 见效 奏效,奏效 无效 管用 见效,奏效 见效 管用 无效
649,11,0.40877651843489865,0.08162532392859755,0.18181818181818182,契机 机遇 转折点 机会 时机 转折 转机 突破口 把握 抓住 里程碑,里程碑 把握 抓住 突破口 时机 转折 机遇 转机,里程碑 时机 机会 把握 突破口 契机 转折点 转机 转折 机遇 抓住,契机 机遇 转折点 机会 时机 转折 转机 突破口 把握 抓住 里程碑
650,4,0.498265402949474,0.24697838277542183,0.0,豪华 奢侈 尊贵 阔绰,阔绰 奢侈 尊贵 豪华,豪华 尊贵 奢侈 阔绰,豪华 奢侈 尊贵 阔绰
651,1,,0.0,0.0,妥,妥,妥,妥
652,8,0.3955191442598999,0.06487091639593862,0.125,风采 风貌 生机 面貌 焕发 青春 威风 风流,威风 青春 风流 生机 焕发 面貌 风貌 风采,威风 焕发 生机 风流 风采 风貌 青春 面貌,风采 风貌 生机 面貌 焕发 青春 威风 风流
653,3,0.3896377669553608,0.020338281048642225,0.6666666666666666,嫌 嫌疑 雇,雇 嫌疑 嫌,嫌疑 嫌 雇,嫌 嫌疑 雇
654,2,0.41260493131957765,0.12772528597422764,0.0,母 子,子 母,子 母,母 子
655,2,0.4270985255660307,0.14232165977832148,0.0,安排 部署,安排 部署,部署 安排,安排 部署
656,3,0.4986140944871136,0.2536314074508877,0.0,微观 宏观 广义,广义 微观 宏观,微观 宏观 广义,微观 宏观 广义
657,8,0.3723206746883459,0.02672990925451111,0.5,迁移 迁 落户 定居 移 搬家 移植 引进,引进 移 搬家 移植 迁 落户 定居 迁移,引进 搬家 移 移植 落户 定居 迁 迁移,迁移 迁 落户 定居 移 搬家 移植 引进
658,2,0.4015946190695545,0.13069025806277554,0.0,甜头 定心丸,定心丸 甜头,甜头 定心丸,甜头 定心丸
659,8,0.45259817797135576,0.1310982947796428,0.25,宝石 珍珠 钻石 水晶 金子 玉 贝壳 贵重,贝壳 玉 贵重 金子 水晶 钻石 珍珠 宝石,玉 金子 钻石 水晶 贝壳 宝石 贵重 珍珠,宝石 珍珠 钻石 水晶 金子 玉 贝壳 贵重
660,4,0.39805094590782447,0.07966540235601757,0.25,实践 现实 实际 实习,实习 实际 现实 实践,实习 现实 实践 实际,实践 现实 实际 实习
661,2,0.4184160427297019,0.14222915075879625,0.0,通俗 实用,实用 通俗,通俗 实用,通俗 实用
662,11,0.4141919940625625,0.08949448808705944,0.18181818181818182,送 赠 送给 赠送 寄 递给 递 赐 献 接 赏,赏 接 递 献 赐 赠送 递给 寄,寄 献 接 送给 递给 赠送 送 递 赏 赐 赠,送 赠 送给 赠送 寄 递给 递 赐 献 接 赏
663,3,0.42551226005592685,0.1362399096721552,0.0,密 稠密 稀,稀 稠密 密,稠密 密 稀,密 稠密 稀
664,6,0.3760880702132104,0.06958477776324723,0.3333333333333333,相关 有关 相应 部门 对应 机构,部门 机构 对应 相应 有关 相关,对应 有关 部门 相关 相应 机构,相关 有关 相应 部门 对应 机构
665,3,0.33579661099224106,-0.009103097212096822,0.6666666666666666,照 对照 映,映 对照 照,照 对照 映,照 对照 映
666,5,0.4236328450888143,0.10890605039600147,0.2,寻常 平凡 普通 特殊 微不足道,微不足道 特殊 普通 平凡 寻常,微不足道 寻常 普通 平凡 特殊,寻常 平凡 普通 特殊 微不足道
667,2,0.4037804925531274,0.11925781536422647,0.0,封顶 顶,顶 封顶,顶 封顶,封顶 顶
668,1,,0.0,0.0,少不了,少不了,少不了,少不了
669,1,,0.0,0.0,尽,尽,尽,尽
670,7,0.3466963093672565,-0.015276178402029496,0.5714285714285714,起点 终点 归宿 尽头 起跑线 门槛 着落,着落 门槛 尽头 归宿 起跑线 终点 起点,起跑线 尽头 着落 归宿 终点 起点 门槛,起点 终点 归宿 尽头 起跑线 门槛 着落
671,3,0.37875309106782235,0.0432708444603578,0.6666666666666666,底层 层 边缘,边缘 层 底层,层 边缘 底层,底层 层 边缘
672,5,0.3400147375648239,0.00441042003511932,0.6,归属 归 属 扣 科,扣 科 归 属 归属,属 归 科 扣 归属,归属 归 属 扣 科
673,1,,0.0,0.0,巨人,巨人,巨人,巨人
674,7,0.40383654998900137,0.1324869965373525,0.14285714285714285,已经 已 正在 开始 正 正式 起,起 正式 开始 正在 正 已经 已,已经 已 开始 正 起 正式 正在,已经 已 正在 开始 正 正式 起
675,4,0.41482655301339366,0.08204981326873183,0.0,皮 毛 麻 布,布 麻 皮 毛,布 皮 毛 麻,皮 毛 麻 布
676,5,0.4565614014822625,0.16416757393955123,0.0,携带 随身 背着 带 行李,带 行李 背着 随身 携带,背着 带 行李 携带 随身,携带 随身 背着 带 行李
677,4,0.3665296824387662,0.0457990032529587,0.5,正常 照常 常态 正规,正规 常态 照常 正常,照常 常态 正规 正常,正常 照常 常态 正规
678,11,0.4010347885243622,0.07740206418244953,0.2727272727272727,谜团 谜底 隐情 真相 玄机 谜 幕后 黑手 水落石出 悬念 背后,幕后 黑手 背后 悬念 水落石出 真相 谜 玄机,背后 玄机 真相 谜底 谜团 谜 悬念 幕后 黑手 隐情 水落石出,谜团 谜底 隐情 真相 玄机 谜 幕后 黑手 水落石出 悬念 背后
679,1,,0.0,0.0,平,平,平,平
680,2,0.41893827507932735,0.12967626122545178,0.0,空想 幻影,空想 幻影,空想 幻影,空想 幻影
681,4,0.3766032924214702,0.05256650682993283,0.25,广 深 浅 广泛,广泛 浅 深 广,广 浅 深 广泛,广 深 浅 广泛
682,4,0.3629180658305466,0.046523562312258154,0.25,补 补给 补充 库,库 补充 补给 补,补充 补给 库 补,补 补给 补充 库
683,5,0.3528139602743882,-0.005494208006760351,0.6,底线 本分 限度 极限 本色,本色 限度 极限 本分 底线,本分 极限 限度 底线 本色,底线 本分 限度 极限 本色
684,4,0.4575044388314704,0.21082787442326922,0.0,设计师 建筑师 模特儿 木匠,木匠 模特儿 建筑师 设计师,模特儿 建筑师 木匠 设计师,设计师 建筑师 模特儿 木匠
685,3,0.5024534317905663,0.24373346267421048,0.0,萌发 萌芽 开花,开花 萌芽 萌发,开花 萌发 萌芽,萌发 萌芽 开花
686,3,0.3530336296178323,-0.008448542267278217,0.6666666666666666,引经据典 自相矛盾 篇幅,篇幅 自相矛盾 引经据典,自相矛盾 篇幅 引经据典,引经据典 自相矛盾 篇幅
687,2,0.5096359126833356,0.297062419154993,0.0,张扬 能人,能人 张扬,能人 张扬,张扬 能人
688,11,0.4181824988710068,0.07575354359777405,0.2727272727272727,浓重 浓厚 弥漫 氛围 气氛 浓 笼罩 清淡 扑面而来 淡 沉浸,淡 扑面而来 沉浸 笼罩 清淡 弥漫 浓 氛围,笼罩 气氛 浓 淡 扑面而来 浓重 沉浸 清淡 氛围 浓厚 弥漫,浓重 浓厚 弥漫 氛围 气氛 浓 笼罩 清淡 扑面而来 淡 沉浸
689,3,0.4900850315426048,0.21366606227192939,0.0,弹性 韧性 质地,质地 韧性 弹性,弹性 质地 韧性,弹性 韧性 质地
690,5,0.3339664213831003,-0.01437936845205016,0.8,高 强烈 强 高度 高昂,强 高度 高昂 高 强烈,强 强烈 高 高昂 高度,高 强烈 强 高度 高昂
691,3,0.4045225684027609,0.0632204859911052,0.0,本身 归根到底 首先,本身 首先 归根到底,归根到底 首先 本身,本身 归根到底 首先
692,2,0.4046265988350306,0.11113599001729946,0.0,讨 征,讨 征,征 讨,讨 征
693,5,0.35113603549604144,0.0071048748749032945,0.4,征集 招募 征求 问卷 说明书,说明书 问卷 招募 征集 征求,征求 征集 问卷 说明书 招募,征集 招募 征求 问卷 说明书
694,1,,0.0,0.0,徐徐,徐徐,徐徐,徐徐
695,7,0.41085926923628047,0.1242619669760466,0.0,心中 根深蒂固 深深 脑海 心目 潜移默化 扎根,扎根 潜移默化 心目 根深蒂固 心中 脑海 深深,心目 心中 根深蒂固 潜移默化 扎根 深深 脑海,心中 根深蒂固 深深 脑海 心目 潜移默化 扎根
696,1,,0.0,0.0,必,必,必,必
697,1,,0.0,0.0,忌,忌,忌,忌
698,1,,0.0,0.0,志愿,志愿,志愿,志愿
699,2,0.43194767762333885,0.13611421600766876,0.0,戒 念,念 戒,念 戒,戒 念
700,3,0.5325223823050867,0.30202079425962475,0.0,总体 整体 总,总 整体 总体,总体 总 整体,总体 整体 总
701,4,0.38920666538066007,0.08824657923964188,0.0,进步 长足 飞跃 成长,成长 飞跃 长足 进步,成长 进步 长足 飞跃,进步 长足 飞跃 成长
702,1,,0.0,0.0,成问题,成问题,成问题,成问题
703,5,0.3648744295736161,0.04901129407489173,0.2,锁 钥匙 扇 门 锁定,锁定 门 扇 钥匙 锁,锁定 扇 锁 门 钥匙,锁 钥匙 扇 门 锁定
704,3,0.41398575628348233,0.14525941837876646,0.0,挡 手动 档,手动 档 挡,挡 档 手动,挡 手动 档
705,4,0.3871866341350471,0.07199168837655484,0.0,错位 颠倒 扭曲 换位,扭曲 换位 颠倒 错位,错位 颠倒 换位 扭曲,错位 颠倒 扭曲 换位
706,4,0.3072311228464841,-0.06428283352850202,0.75,扶 推 护 扶持,扶持 护 推 扶,扶 护 推 扶持,扶 推 护 扶持
707,4,0.3346176026402756,-0.006212225376030573,0.5,施加 赋予 施压 承载,承载 施压 赋予 施加,施压 施加 赋予 承载,施加 赋予 施压 承载
708,3,0.4209029278356852,0.12025711610281231,0.0,靶子 把柄 诱饵,诱饵 把柄 靶子,把柄 诱饵 靶子,靶子 把柄 诱饵
709,4,0.403677847961145,0.07114155020736955,0.25,投机 暴利 炒作 黑心,黑心 炒作 暴利 投机,暴利 炒作 投机 黑心,投机 暴利 炒作 黑心
710,5,0.43038618814768387,0.1274508894916107,0.2,日报 晚报 报社 报 社,社 报 晚报 报社 日报,日报 社 报 晚报 报社,日报 晚报 报社 报 社
711,2,0.4081960462034918,0.0864977249503088,0.0,新生 报到,新生 报到,新生 报到,新生 报到
712,2,0.4343630591392196,0.12556382262532115,0.0,赌 押,押 赌,押 赌,赌 押
713,5,0.40559501584518054,0.09095815788812522,0.2,采购 购买 购 招标 消费,消费 招标 购买 购 采购,采购 购 消费 购买 招标,采购 购买 购 招标 消费
714,4,0.46556139513955025,0.1854821446452231,0.0,牌子 招牌 牌 王牌,王牌 牌 招牌 牌子,王牌 牌 牌子 招牌,牌子 招牌 牌 王牌
715,2,0.4227149011589879,0.08921461063312142,0.0,有意 拟,有意 拟,拟 有意,有意 拟
716,8,0.3702808034137644,0.019867561335183054,0.5,标示 记号 括号 括弧 标签 标志 标 省略,省略 标志 括弧 标 标签 括号 记号 标示,标志 标签 标示 标 省略 括号 括弧 记号,标示 记号 括号 括弧 标签 标志 标 省略
717,2,0.40202468533511393,0.0464385435836534,0.0,淘 拾,淘 拾,拾 淘,淘 拾
718,6,0.433965692388244,0.14267872472928275,0.16666666666666666,选 挑选 选择 选项 看中 推荐,选项 推荐 看中 选择 挑选 选,选择 看中 选 挑选 推荐 选项,选 挑选 选择 选项 看中 推荐
719,4,0.36844289822350756,0.0472828917181253,0.25,钻 探 攀 挖,挖 攀 探 钻,攀 挖 探 钻,钻 探 攀 挖
720,1,,0.0,0.0,捕,捕,捕,捕
721,1,,0.0,0.0,掉队,掉队,掉队,掉队
722,4,0.3931944219174222,0.09293474231303572,0.25,新人 接班人 接班 新手,新手 接班人 接班 新人,接班人 新手 新人 接班,新人 接班人 接班 新手
723,4,0.4595840354111534,0.1358641924660641,0.25,浓缩 提炼 精华 结晶,结晶 精华 浓缩 提炼,提炼 结晶 浓缩 精华,浓缩 提炼 精华 结晶
724,3,0.41620891696754,0.15093774252760664,0.0,提示 风险 点评,点评 风险 提示,提示 点评 风险,提示 风险 点评
725,4,0.3987842335914986,0.057081700432943604,0.5,遮 揭 晒 盖,晒 盖 遮 揭,盖 晒 揭 遮,遮 揭 晒 盖
726,1,,0.0,0.0,搜,搜,搜,搜
727,1,,0.0,0.0,撇,撇,撇,撇
728,1,,0.0,0.0,文,文,文,文
729,1,,0.0,0.0,料,料,料,料
730,1,,0.0,0.0,方,方,方,方
731,1,,0.0,0.0,无可奉告,无可奉告,无可奉告,无可奉告
732,4,0.4434796907700413,0.19224213866781895,0.0,隐形 隐性 隐身 无形,无形 隐身 隐性 隐形,无形 隐身 隐性 隐形,隐形 隐性 隐身 无形
733,5,0.42439756154649394,0.12114913402345022,0.2,无限 无穷 无敌 无边 超级,超级 无边 无敌 无穷 无限,无边 无限 无敌 超级 无穷,无限 无穷 无敌 无边 超级
734,3,0.41210426101842407,0.12774595416063136,0.0,菜单 日历 窗口,窗口 日历 菜单,窗口 菜单 日历,菜单 日历 窗口
735,4,0.3762955281440286,0.04849183001808531,0.5,衣食住行 生活 日常 节衣缩食,节衣缩食 日常 生活 衣食住行,衣食住行 生活 节衣缩食 日常,衣食住行 生活 日常 节衣缩食
736,1,,0.0,0.0,旭日,旭日,旭日,旭日
737,3,0.34358716197216227,0.040737441538539816,0.3333333333333333,财经 记者 时事,时事 记者 财经,财经 记者 时事,财经 记者 时事
738,1,,0.0,0.0,易拉罐,易拉罐,易拉罐,易拉罐
739,2,0.44979678485094543,0.18643114491272694,0.0,曲线 直线,直线 曲线,曲线 直线,曲线 直线
740,4,0.37702315453990193,0.06748205653214938,0.25,金 银 黄金 服,服 黄金 银 金,黄金 服 金 银,金 银 黄金 服
741,2,0.5946689862760117,0.395463988050055,0.0,组成 构成,组成 构成,组成 构成,组成 构成
742,3,0.34183596636199914,-0.004333560828263199,0.6666666666666666,框 框架 栏,框架 栏 框,框 栏 框架,框 框架 栏
743,1,,0.0,0.0,校园,校园,校园,校园
744,1,,0.0,0.0,核,核,核,核
745,8,0.46139611060805713,0.18620331808771665,0.0,荷花 桃花 梅花 牡丹 花瓣 花 芦花 鲜花,花瓣 花 鲜花 芦花 桃花 梅花 牡丹 荷花,梅花 牡丹 桃花 花瓣 芦花 荷花 花 鲜花,荷花 桃花 梅花 牡丹 花瓣 花 芦花 鲜花
746,1,,0.0,0.0,每,每,每,每
747,1,,0.0,0.0,民间,民间,民间,民间
748,20,0.41556161775602785,0.08040821922679955,0.2,焰火 烟火 爆竹 烟花 燃放 鞭炮 火焰 蜡烛 燃烧 点燃 着火 灯笼,风筝 香烟 点燃 烟 爆炸 火 气球 灯笼,气球 烟 火 烟火 烟花 火花 着火 蜡烛 香烟 点火 点燃 风筝,焰火 烟火 爆竹 烟花 燃放 鞭炮 火焰 蜡烛 燃烧 点燃 着火 灯笼 火 爆炸 烟 香烟 点火 火花 气球 风筝
749,1,,0.0,0.0,汪洋,汪洋,汪洋,汪洋
750,11,0.3877830167956519,0.04104843522151716,0.36363636363636365,穿过 越过 穿越 沿 跨越 绕 顺着 环绕 渡过 纵横交错 透过,透过 环绕 纵横交错 顺着 跨越 渡过 绕 沿,跨越 顺着 绕 沿 纵横交错 越过 环绕 渡过 穿过 穿越 透过,穿过 越过 穿越 沿 跨越 绕 顺着 环绕 渡过 纵横交错 透过
751,1,,0.0,0.0,法,法,法,法
752,2,0.4465910245176794,0.15367012255651719,0.0,鲜活 活,活 鲜活,鲜活 活,鲜活 活
753,2,0.4084038236694938,0.11052809042656771,0.0,流浪 街头,街头 流浪,流浪 街头,流浪 街头
754,1,,0.0,0.0,浮,浮,浮,浮
755,1,,0.0,0.0,海绵,海绵,海绵,海绵
756,1,,0.0,0.0,淡化,淡化,淡化,淡化
757,1,,0.0,0.0,清,清,清,清
758,2,0.42534319036830115,0.07142753455897055,0.0,渗透 透,透 渗透,透 渗透,渗透 透
759,1,,0.0,0.0,温室,温室,温室,温室
760,1,,0.0,0.0,港,港,港,港
761,2,0.42831635464204476,0.1663471997874863,0.0,追溯 源头,源头 追溯,追溯 源头,追溯 源头
762,4,0.4465408413009799,0.15361992514253037,0.0,软 硬 烂 滑,烂 滑 硬 软,硬 烂 滑 软,软 硬 烂 滑
763,1,,0.0,0.0,滚动,滚动,滚动,滚动
764,4,0.4332388990082201,0.13365448192696888,0.0,灵 神 魂 玄,玄 魂 神 灵,神 灵 玄 魂,灵 神 魂 玄
765,4,0.38940754994164034,0.0752181262288151,0.0,炭 碳 炼 焦,碳 焦 炼 炭,碳 焦 炭 炼,炭 碳 炼 焦
766,2,0.4954339104050658,0.2597615240837072,0.0,点子 点,点 点子,点 点子,点子 点
767,2,0.4319093391605371,0.16043350337895013,0.0,点击率 身价,点击率 身价,点击率 身价,点击率 身价
768,1,,0.0,0.0,爵士,爵士,爵士,爵士
769,1,,0.0,0.0,状元,状元,状元,状元
770,1,,0.0,0.0,环,环,环,环
771,5,0.32124832774098255,-0.03798946890854912,0.8,生态 要素 资源 环节 生物,生物 环节 要素 资源 生态,环节 资源 生物 生态 要素,生态 要素 资源 环节 生物
772,1,,0.0,0.0,生,生,生,生
773,1,,0.0,0.0,盘,盘,盘,盘
774,6,0.4883753028667286,0.21718273482985764,0.0,盘算 算计 算盘 精打细算 算账 脑筋,脑筋 算账 精打细算 算盘 算计 盘算,盘算 算计 算账 精打细算 算盘 脑筋,盘算 算计 算盘 精打细算 算账 脑筋
775,5,0.5794116641206097,0.35894452625379303,0.0,眼光 视野 目光 视线 视角,视角 目光 视线 眼光 视野,视线 目光 眼光 视角 视野,眼光 视野 目光 视线 视角
776,3,0.4102214072501276,0.13642726027415208,0.3333333333333333,直接 间接 直,直 间接 直接,直 间接 直接,直接 间接 直
777,8,0.3505541170480749,0.022757409109599225,0.25,看起来 看上去 看 看得出 看得起 看得见 表面 见外,见外 表面 看得见 看得起 看 看得出 看上去 看起来,看起来 看 看得起 看得见 见外 表面 看上去 看得出,看起来 看上去 看 看得出 看得起 看得见 表面 见外
778,3,0.4201095508587825,0.08698387501745729,0.0,真空 高压 绝缘,绝缘 真空 高压,真空 绝缘 高压,真空 高压 绝缘
779,1,,0.0,0.0,稍候,稍候,稍候,稍候
780,1,,0.0,0.0,突击,突击,突击,突击
781,1,,0.0,0.0,站,站,站,站
782,2,0.6249341127647359,0.4367737562178925,0.0,节 章,章 节,章 节,节 章
783,2,0.4540279965985816,0.18466555758010406,0.0,筑 造,筑 造,筑 造,筑 造
784,6,0.4220873527375154,0.13535444406968802,0.16666666666666666,运作 运营 运行 运转 管理 管,管 管理 运转 运行 运营 运作,运作 管 管理 运转 运行 运营,运作 运营 运行 运转 管理 管
785,1,,0.0,0.0,粉,粉,粉,粉
786,1,,0.0,0.0,系,系,系,系
787,3,0.4263699971288751,0.1338421506234618,0.0,联网 远程 系统,联网 系统 远程,远程 联网 系统,联网 远程 系统
788,1,,0.0,0.0,素,素,素,素
789,1,,0.0,0.0,红眼,红眼,红眼,红眼
790,1,,0.0,0.0,纪实,纪实,纪实,纪实
791,4,0.3733319734197363,0.035592399735783174,0.0,解 脱 解脱 结,解脱 脱 结 解,结 脱 解 解脱,解 脱 解脱 结
792,1,,0.0,0.0,网,网,网,网
793,2,0.8015556677997456,0.6856948807794665,0.0,而已 罢了,罢了 而已,罢了 而已,而已 罢了
794,1,,0.0,0.0,置,置,置,置
795,1,,0.0,0.0,美中不足,美中不足,美中不足,美中不足
796,1,,0.0,0.0,耐,耐,耐,耐
797,1,,0.0,0.0,联想,联想,联想,联想
798,1,,0.0,0.0,胆,胆,胆,胆
799,1,,0.0,0.0,腔,腔,腔,腔
800,1,,0.0,0.0,膜,膜,膜,膜
801,5,0.37053515426399714,0.048300446834175226,0.4,自理 自费 食宿 自行 自立,自行 食宿 自立 自费 自理,食宿 自费 自行 自理 自立,自理 自费 食宿 自行 自立
802,1,,0.0,0.0,荒,荒,荒,荒
803,1,,0.0,0.0,行,行,行,行
804,1,,0.0,0.0,表,表,表,表
805,1,,0.0,0.0,裁,裁,裁,裁
806,2,0.5387597965718973,0.31484007124928254,0.0,裸露 裸,裸露 裸,裸 裸露,裸露 裸
807,1,,0.0,0.0,解剖,解剖,解剖,解剖
808,2,0.4041953715807973,0.08644976087878094,0.0,认 赎,认 赎,赎 认,认 赎
809,1,,0.0,0.0,训,训,训,训
810,1,,0.0,0.0,请进,请进,请进,请进
811,1,,0.0,0.0,负,负,负,负
812,1,,0.0,0.0,路线,路线,路线,路线
813,2,0.6167942770101075,0.4073904855919771,0.0,轻 重,重 轻,重 轻,轻 重
814,2,0.4782868877302153,0.21059212533891275,0.0,过度 透支,透支 过度,透支 过度,过度 透支
815,1,,0.0,0.0,金字塔,金字塔,金字塔,金字塔
816,1,,0.0,0.0,长城,长城,长城,长城
817,1,,0.0,0.0,闻,闻,闻,闻
818,2,0.4488256526895975,0.17529708113801376,0.0,阴性 阴,阴 阴性,阴 阴性,阴性 阴
819,1,,0.0,0.0,阵,阵,阵,阵
820,5,0.44688850125651136,0.15742948541782764,0.0,附加 附带 附 附件 额外,额外 附件 附 附加 附带,额外 附加 附带 附件 附,附加 附带 附 附件 额外
821,1,,0.0,0.0,限,限,限,限
822,1,,0.0,0.0,零,零,零,零
823,1,,0.0,0.0,非,非,非,非
824,1,,0.0,0.0,领,领,领,领
825,1,,0.0,0.0,饱和,饱和,饱和,饱和
826,1,,0.0,0.0,齐,齐,齐,齐
