community,size,mean_pair_cosine,mean_cosine_silhouette,negative_silhouette_fraction,representatives,boundary_words,deterministic_sample,all_members
0,1,,0.0,0.0,〇,〇,〇,〇
1,4,0.4093185896728127,-0.18814433826508792,1.0,几 一 了 过,了 一 几 过,几 了 一 过,几 一 了 过
2,10,0.4532062965662733,0.07456512185069353,0.3,全都 统统 全部 通通 所有 一切 一概 完全 全 一一,一切 所有 全 完全 一一 一概 全部 通通,全 通通 完全 所有 统统 全都 全部 一概 一切 一一,全都 统统 全部 通通 所有 一切 一概 完全 全 一一
3,39,0.4389586541993159,0.0073434010390387265,0.5384615384615384,急忙 赶忙 连忙 立刻 慌忙 赶紧 忽然 猛然 马上 立即 忍不住 突然,来不及 不约而同 悄悄 大声 果断 一会儿 使劲 匆忙,慌忙 便 一会儿 立刻 立即 禁不住 不禁 不由自主 来不及 果断 连忙 火速,急忙 赶忙 连忙 立刻 慌忙 赶紧 忽然 猛然 马上 立即 忍不住 突然 随即 情不自禁 当即 不由得 顿时 毫不犹豫 不禁 禁不住 赶快 不由自主 下意识 悄悄 一下子 不假思索 迫不及待 灵机一动 便 大声 匆匆 火速 不一会儿 匆忙 一会儿 不约而同 使劲 来不及 果断
4,15,0.4281138279437832,0.02556723533243012,0.4,难免 不免 免得 生怕 免不了 以免 怕 未免 不至于 一不小心 容易 不可避免,万一 容易 或多或少 不可避免 着实 怕 一不小心 不至于,不免 一不小心 以免 怕 免得 或多或少 不可避免 着实 生怕 免不了 未免 容易,难免 不免 免得 生怕 免不了 以免 怕 未免 不至于 一不小心 容易 不可避免 着实 万一 或多或少
5,22,0.39524862580706843,0.0051744133343351794,0.45454545454545453,接连 屡次 多次 频频 再度 再次 相继 先后 一再 屡 接二连三 连续,一连 正式 首次 一举 一度 频繁 三番五次 连续,屡 频繁 一连 三番五次 曾 连续 再度 再次 多次 接二连三 陆续 相继,接连 屡次 多次 频频 再度 再次 相继 先后 一再 屡 接二连三 连续 曾 陆续 首次 三番五次 频繁 一度 率先 一连 一举 正式
6,4,0.5955498050476428,0.32438695811373075,0.0,一言一行 言行 一举一动 所作所为,一举一动 所作所为 言行 一言一行,言行 一举一动 所作所为 一言一行,一言一行 言行 一举一动 所作所为
7,9,0.40401757569319796,-0.0035417232591745274,0.5555555555555556,一事无成 一无所有 无所作为 无所事事 无能为力 一无所知 身不由己 任人宰割 到头来,到头来 身不由己 任人宰割 一无所知 无能为力 无所事事 一事无成 一无所有,无所作为 无能为力 身不由己 到头来 一无所知 无所事事 一无所有 一事无成 任人宰割,一事无成 一无所有 无所作为 无所事事 无能为力 一无所知 身不由己 任人宰割 到头来
8,11,0.42158405487074707,-0.03212709170099325,0.6363636363636364,一些 那些 些 好多 哪些 别的 这些 多少 有没有 其他 还有,其他 别的 这些 还有 哪些 多少 有没有 一些,有没有 些 哪些 那些 别的 还有 这些 多少 好多 其他 一些,一些 那些 些 好多 哪些 别的 这些 多少 有没有 其他 还有
9,16,0.39743428936290226,0.0070497993367664965,0.4375,后代 子孙 祖先 后裔 祖宗 辈 后人 世代 一代 家族 血缘 代,古人 后人 圣贤 下一代 血缘 家族 族 代,祖先 祖宗 子孙 代 族 古人 后人 后代 世代 辈 下一代 圣贤,后代 子孙 祖先 后裔 祖宗 辈 后人 世代 一代 家族 血缘 代 下一代 族 圣贤 古人
10,7,0.40376134922234674,0.02138240259757637,0.2857142857142857,融合 相辅相成 结合 有机 互补 一体 载体,载体 互补 相辅相成 有机 结合 一体 融合,载体 有机 相辅相成 融合 互补 结合 一体,融合 相辅相成 结合 有机 互补 一体 载体
11,16,0.46391560077242566,0.10827027478792947,0.25,共计 总共 总计 一共 共 约 合计 大约 累计 共有 仅 平均,平均 折合 近 将近 分别 大约 累计 总计,共有 共 仅 约 总共 总计 合计 大约 近 折合 将近 共计,共计 总共 总计 一共 共 约 合计 大约 累计 共有 仅 平均 折合 将近 近 分别
12,8,0.4223728647983949,0.0032222769651156554,0.5,一瞬间 一刹那 瞬间 一晃 转眼 眼前 此刻 看得见,看得见 一晃 转眼 此刻 眼前 瞬间 一刹那 一瞬间,一瞬间 瞬间 看得见 眼前 转眼 此刻 一晃 一刹那,一瞬间 一刹那 瞬间 一晃 转眼 眼前 此刻 看得见
13,16,0.45712961417323067,0.04906849273367135,0.375,睡 躺 蹲 坐 睡着 卧 坐下 一动不动 站立 呆 仰 酣睡,歇 酣睡 窝 坐下 一动不动 倚 呆 睡着,倚 卧 呆 坐 仰 窝 站 睡 睡着 酣睡 一动不动 歇,睡 躺 蹲 坐 睡着 卧 坐下 一动不动 站立 呆 仰 酣睡 倚 歇 站 窝
14,2,0.54975466557107,0.14663348076168836,0.0,一部分 一半,一半 一部分,一部分 一半,一部分 一半
15,34,0.38589113252358986,-0.014649608452467754,0.5294117647058824,身份证 证件 存折 护照 银行卡 支票 发票 挂失 收据 凭证 车票 卡片,钱包 许可证 车票 证书 号码 钞票 签证 牌照,取款 签证 密码 卡 钱包 挂失 邮票 一卡通 彩票 取款机 印章 信用卡,身份证 证件 存折 护照 银行卡 支票 发票 挂失 收据 凭证 车票 卡片 通行证 磁卡 一卡通 信用卡 钞票 取款 欠条 驾照 借条 印章 签证 证书 密码 执照 号码 取款机 钱包 卡 彩票 邮票 许可证 牌照
16,7,0.4052683625833322,-0.015793740217237315,0.5714285714285714,终于 总算 竟 又 了却 早就 一口气,早就 一口气 了却 总算 又 竟 终于,又 竟 总算 一口气 了却 早就 终于,终于 总算 竟 又 了却 早就 一口气
17,9,0.47005694456947045,0.00761823363679083,0.3333333333333333,实话 话 一句话 废话 心里话 的话 实话实说 道理 俗话,俗话 心里话 道理 一句话 废话 实话实说 实话 的话,心里话 实话实说 俗话 废话 话 一句话 的话 实话 道理,实话 话 一句话 废话 心里话 的话 实话实说 道理 俗话
18,4,0.5780047404975441,0.24882973114355317,0.25,携手 共同 联手 一同,一同 联手 共同 携手,联手 共同 携手 一同,携手 共同 联手 一同
19,16,0.47195034353041,0.11046551176615514,0.25,始终 依然 依旧 仍旧 仍然 一直 一向 向来 一贯 仍 历来 自始至终,丝毫 历来 自始至终 一如既往 多年来 长期以来 一贯 向来,始终 历来 仍然 一贯 仍 仍旧 丝毫 多年来 一如既往 长期以来 向来 依旧,始终 依然 依旧 仍旧 仍然 一直 一向 向来 一贯 仍 历来 自始至终 长期以来 一如既往 多年来 丝毫
20,14,0.4038177686301375,-0.001455685605592598,0.6428571428571429,过分 单纯 笼统 片面 过于 简单 一味 盲目 纯粹 宽泛 过度 抽象,宽泛 含糊 过于 抽象 模糊 盲目 过度 简单,简单 纯粹 笼统 盲目 模糊 宽泛 片面 单纯 抽象 过度 过分 过于,过分 单纯 笼统 片面 过于 简单 一味 盲目 纯粹 宽泛 过度 抽象 模糊 含糊
21,3,0.5515234113765651,0.18782686137996238,0.0,一块儿 一起 跟,跟 一起 一块儿,一起 跟 一块儿,一块儿 一起 跟
22,3,0.47704538294737503,0.08106643607158341,0.0,一干二净 一塌糊涂 面目全非,一塌糊涂 面目全非 一干二净,面目全非 一塌糊涂 一干二净,一干二净 一塌糊涂 面目全非
23,26,0.46700405569643916,0.012799259260604521,0.38461538461538464,摇头 冷笑 小声 扭头 咧嘴 点头 发愣 笑 瞪 自言自语 哆嗦 一言不发,通红 告辞 得意扬扬 哆嗦 一眼 瞪 指着 点头,插嘴 一声不吭 脱口而出 嚷 一言不发 自言自语 笑 瞪 皱 咧嘴 愣 哆嗦,摇头 冷笑 小声 扭头 咧嘴 点头 发愣 笑 瞪 自言自语 哆嗦 一言不发 一声不吭 插嘴 说道 愣 嚷 走开 一眼 皱 通红 指着 告辞 得意扬扬 会意 脱口而出
24,41,0.45903060621971525,0.10004984332766483,0.2682926829268293,晚上 早晨 早上 傍晚 夜里 中午 下午 清晨 上午 凌晨 深夜 一早,准时 夜班 天 黑夜 明日 今日 彻夜 昼夜,昨天 早晨 彻夜 下午 通宵 凌晨 天 夜 一大早 晚间 上午 晚,晚上 早晨 早上 傍晚 夜里 中午 下午 清晨 上午 凌晨 深夜 一早 半夜 白天 夜晚 一大早 当晚 夜间 昨天 前天 次日 星期天 晚 明天 当天 晚间 黄昏 今天 日夜 夜 通宵 从早到晚 当日 黑夜 明日 天 彻夜 夜班 准时 今日 昼夜
25,27,0.4204413355738981,0.005570136920455437,0.4444444444444444,时常 常常 经常 从来不 从不 时不时 老是 偶尔 总是 从没 不时 从来,没有 每当 都会 总是 再也 时而 一天到晚 时时,时常 时时 常 不再 不时 不曾 一天到晚 总是 曾经 再也 偶尔 从未,时常 常常 经常 从来不 从不 时不时 老是 偶尔 总是 从没 不时 从来 成天 整天 有时 从未 常 时时 一天到晚 不曾 曾经 再也 都会 每当 时而 没有 不再
26,1,,0.0,0.0,一头,一头,一头,一头
27,1,,0.0,0.0,一定,一定,一定,一定
28,121,0.45232568568108733,-0.0006409642143703762,0.49586776859504134,姑姑 舅舅 姐姐 妹妹 奶奶 嫂子 爸爸 哥哥 母亲 爸 妈妈 姥姥,师长 老王 子女 他 王后 小姐 朋友 孩子,爱人 太太 胖子 子女 哥哥 老太太 哥 她 妈 妹 姐 姨,姑姑 舅舅 姐姐 妹妹 奶奶 嫂子 爸爸 哥哥 母亲 爸 妈妈 姥姥 爷爷 父亲 弟弟 儿子 闺女 女儿 媳妇 姥爷 伯母 爹 老婆 妈 叔叔 外婆 大姐 伯父 孙女 父母 祖母 岳母 外公 丈夫 岳父 妻子 大哥 阿姨 老公 老太太 伯伯 太太 继父 亲戚 孩子 大爷 孙子 姐 家人 长辈 继母 女婿 老伴儿 娘 姨 她 男朋友 爱人 小孩儿 女朋友 老头儿 妹 弟 师父 姑娘 邻居 老人家 丫头 两口子 老乡 老汉 祖父 亲人 儿女 亲生 大人 大妈 朋友 老人 同学 他 师傅 女孩儿 老师 母女 我 家里 小伙子 一家人 姐妹 寡妇 老家 同事 徒弟 俩 男孩儿 保姆 老王 恩人 父女 胖子 老大 小时候 全家 小朋友 乡下 小姐 老板 夫人 哥 子女 母子 夫妇 皇上 父子 娃娃 兄弟 亲属 师长 从小 王后
29,8,0.42934785403464465,-0.020026511824002304,0.5,波折 曲折 波澜 起伏 转折 峰回路转 一帆风顺 风云,转折 风云 一帆风顺 起伏 波澜 峰回路转 波折 曲折,一帆风顺 起伏 波折 波澜 峰回路转 曲折 风云 转折,波折 曲折 波澜 起伏 转折 峰回路转 一帆风顺 风云
30,8,0.3947081723976522,0.0606861291538143,0.125,一带 沿线 区域 附近 周边 地段 一路 位置,位置 一路 地段 附近 区域 周边 沿线 一带,一路 区域 周边 地段 沿线 位置 一带 附近,一带 沿线 区域 附近 周边 地段 一路 位置
31,4,0.39485740981510276,0.006011749536438696,0.5,一年到头 吃不上 买不起 常年,买不起 常年 吃不上 一年到头,一年到头 吃不上 常年 买不起,一年到头 吃不上 买不起 常年
32,2,0.7273948478637712,0.5776020042884374,0.0,应有尽有 一应俱全,应有尽有 一应俱全,一应俱全 应有尽有,应有尽有 一应俱全
33,15,0.43904241012914597,0.07212628524701194,0.4,不许 禁止 允许 擅自 不准 严禁 私自 准许 强迫 容许 强行 强制,公然 一律 强行 强迫 许可 容许 强制 私自,私自 不准 许可 严禁 容许 允许 强制 不许 擅自 公然 强行 强迫,不许 禁止 允许 擅自 不准 严禁 私自 准许 强迫 容许 强行 强制 一律 公然 许可
34,16,0.42442515615128673,-0.010361477240152418,0.5625,一心一意 兢兢业业 废寝忘食 坚持不懈 不懈 夜以继日 全心全意 专心 聚精会神 钻研 苦心 精益求精,坚持不懈 痴心 日复一日 持之以恒 钻研 一心 苦心 精益求精,专心 废寝忘食 不懈 痴心 精益求精 兢兢业业 日复一日 聚精会神 苦心 钻研 持之以恒 一心一意,一心一意 兢兢业业 废寝忘食 坚持不懈 不懈 夜以继日 全心全意 专心 聚精会神 钻研 苦心 精益求精 持之以恒 日复一日 一心 痴心
35,12,0.43498508908242917,0.01135071207941237,0.4166666666666667,陈旧 破旧 简陋 粗糙 单调 笨重 过时 单薄 僵化 杂乱无章 一成不变 旧,旧 杂乱无章 僵化 粗糙 一成不变 笨重 单薄 单调,粗糙 笨重 陈旧 旧 僵化 单薄 单调 破旧 简陋 一成不变 杂乱无章 过时,陈旧 破旧 简陋 粗糙 单调 笨重 过时 单薄 僵化 杂乱无章 一成不变 旧
36,2,0.4685610603515681,0.12206135564417935,0.0,亲手 一手,亲手 一手,亲手 一手,亲手 一手
37,27,0.41739173519000405,-0.0048512101919744805,0.5185185185185185,天赋 素养 才华 天分 品德 修养 素质 功底 人品 口才 功力 气质,本事 美德 智商 气质 一技之长 功力 能力 专长,技能 演技 功力 功底 品德 本事 潜能 人格 才华 人品 一技之长 能力,天赋 素养 才华 天分 品德 修养 素质 功底 人品 口才 功力 气质 技能 本领 演技 基本功 教养 品行 人格 智商 特长 本事 能力 一技之长 潜能 专长 美德
38,4,0.46994815782794414,0.1358618793674977,0.25,上级 下级 上司 一把手,一把手 上司 上级 下级,上司 上级 一把手 下级,上级 下级 上司 一把手
39,7,0.36726325106643154,-0.0005623877495498569,0.2857142857142857,构想 蓝图 规划 方案 框架 一揽子 原型,原型 一揽子 规划 框架 方案 构想 蓝图,蓝图 规划 原型 框架 方案 构想 一揽子,构想 蓝图 规划 方案 框架 一揽子 原型
40,186,0.3536028410923778,-0.11953475438790033,0.8709677419354839,也许 毕竟 就算 当然 何况 但是 只不过 可是 难道 其实 而且 反正,另外 幸亏 甚至 甚至于 不一定 要不是 必定 基本上,譬如 说到底 如果 纵然 看来 倘若 按说 是不是 那时候 正是 实在 偏偏,也许 毕竟 就算 当然 何况 但是 只不过 可是 难道 其实 而且 反正 虽说 况且 不过 要是 要不然 恐怕 不然 好像 的确 或许 反倒 说不定 哪怕 显然 纵然 即便 实际上 别说 也 如果 确实 即使 所以 虽然 但 倒是 既然 然而 好歹 说实话 因为 要不 看样子 不光 偏偏 似乎 明明 果然 是不是 真的 按说 幸好 按理说 说真的 如果说 说白了 固然 反而 没准儿 不如说 尤其 起码 终究 总之 只是 本来 假如 就是说 好在 居然 据说 要不是 倘若 简直 恰恰 可惜 那 果真 幸亏 竟然 那么 肯定 有时候 要么 难怪 却 事实上 觉得 顶多 莫非 多半 大概 说到底 都 不但 假使 而是 无非 除非 唯独 只要 也就是说 总而言之 不仅 怪不得 实在 比如说 还是 不管 不见得 就 那时候 而 就是 譬如说 甚至 不仅仅 为什么 至于 必定 看来 但愿 当真 未必 可不是 这时候 没想到 好比 不一定 比如 不用说 总的来说 譬如 那时 并且 仅仅 因此 甚至于 尽管 往往 应该 否则 基本上 以为 无论如何 换言之 因而 至少 同样 可能 这 无疑 现在 其次 一方面 才 却是 这就是说 或是 正是 还 以至于 除了 相对而言 相反 如今 一般来说 既 这样一来 另一方面 或者 相比之下 并非 之所以 几乎 另外 是 只有 例如 无论 更是 由此可见 由此看来 的
41,52,0.4462668471773013,0.05098187920792027,0.36538461538461536,旁边 后边 前边 外边 那边 里边 那儿 前面 后面 上边 下边 左边,右边 左边 哪里 这里 里 上 一边 挨着,门口 旁边 周围 一边 上 城里 四周 上头 跟前 旁 左边 北边,旁边 后边 前边 外边 那边 里边 那儿 前面 后面 上边 下边 左边 右边 底下 外面 外头 这边 东边 上面 那里 旁 西边 远处 南边 里面 里头 对面 这儿 北边 两边 门口 下面 跟前 里 一旁 后头 中间 前头 边 周围 隔壁 老远 一边 挨着 这里 两侧 上头 前方 城里 哪里 四周 上
42,8,0.46294935905230383,0.12159514108882234,0.125,必然 势必 迟早 必将 会 注定 早晚 一旦,一旦 早晚 会 必然 注定 势必 迟早 必将,早晚 会 必将 必然 势必 迟早 一旦 注定,必然 势必 迟早 必将 会 注定 早晚 一旦
43,1,,0.0,0.0,一时,一时,一时,一时
44,15,0.44647036459932493,0.0648708761542818,0.4,如同 像 好似 犹如 仿佛 一样 似的 那样 如 看上去 看似 看起来,看上去 看似 正如 比起 看起来 一样 仿佛 那样,看起来 似的 像 如 看似 那样 好似 犹如 看上去 一样 仿佛 如一,如同 像 好似 犹如 仿佛 一样 似的 那样 如 看上去 看似 看起来 如一 正如 比起
45,3,0.5132285144969845,0.22788997837698322,0.0,因人而异 一概而论 见仁见智,见仁见智 因人而异 一概而论,一概而论 因人而异 见仁见智,因人而异 一概而论 见仁见智
46,16,0.449831043432091,0.08980458204141438,0.1875,差别 相同 相似 差异 不同 大同小异 截然不同 有所不同 区别 一模一样 雷同 差距,一模一样 反差 落差 类似 区别 雷同 相同 差距,不同 区别 一模一样 大同小异 雷同 落差 反差 有所不同 相同 类似 相似 悬殊,差别 相同 相似 差异 不同 大同小异 截然不同 有所不同 区别 一模一样 雷同 差距 悬殊 反差 类似 落差
47,1,,0.0,0.0,一次性,一次性,一次性,一次性
48,6,0.41617655629243583,0.007368740366717614,0.16666666666666666,损人利己 见钱眼开 沽名钓誉 乘人之危 眼红 一毛不拔,眼红 见钱眼开 沽名钓誉 一毛不拔 乘人之危 损人利己,见钱眼开 乘人之危 一毛不拔 眼红 损人利己 沽名钓誉,损人利己 见钱眼开 沽名钓誉 乘人之危 眼红 一毛不拔
49,18,0.39843906693101994,-0.029621280334910745,0.6111111111111112,出色 卓越 杰出 优异 非凡 出众 高超 优秀 一流 举世无双 过硬 优良,前无古人 过硬 伟大 优良 优异 了不起 一流 领先,前无古人 优良 优秀 优异 杰出 划时代 伟大 出色 出众 举世瞩目 领先 高超,出色 卓越 杰出 优异 非凡 出众 高超 优秀 一流 举世无双 过硬 优良 伟大 了不起 举世瞩目 划时代 领先 前无古人
50,64,0.42471358288847777,-0.0764892058472167,0.765625,啊 呀 哎 嘛 唉 哎呀 哈哈 吧 没事儿 哇 咱 干吗,怎么 什么 你们 无所谓 不要紧 咱们 这么 哇,没关系 没意思 不像话 怎么 不得了 不要紧 吧 吗 呢 呀 咱 哎,啊 呀 哎 嘛 唉 哎呀 哈哈 吧 没事儿 哇 咱 干吗 哼 啦 嘿 没关系 你 哦 没劲 再说 挺好 不行 你们 呢 没错 干什么 没说的 怎么 人家 没意思 没 不要紧 没用 快点儿 吗 没辙 咱们 活该 玩意儿 好玩儿 好说 什么 没什么 哪儿 没法儿 敢情 这会儿 不像话 怎么办 谁 这么 一点儿 够呛 算了 真 不得了 哪 好家伙 也好 懒得 要命 说老实话 无话可说 无所谓
51,12,0.4151639354239512,0.027090443111839807,0.25,终生 永远 一辈子 长久 永恒 一生 终身 永不 永久 长期 天长地久 绝对,绝对 一生 天长地久 永不 长期 终身 永恒 一辈子,一辈子 绝对 永远 天长地久 终身 永久 永不 一生 永恒 长久 终生 长期,终生 永远 一辈子 长久 永恒 一生 终身 永不 永久 长期 天长地久 绝对
52,2,0.552211614295748,0.3463795786061844,0.0,番 一番,一番 番,番 一番,番 一番
53,5,0.3197217331900519,-0.09809538769655288,1.0,显而易见 不难 恰恰相反 一目了然 美中不足,恰恰相反 一目了然 不难 美中不足 显而易见,一目了然 美中不足 不难 显而易见 恰恰相反,显而易见 不难 恰恰相反 一目了然 美中不足
54,10,0.44232864961756074,0.0366935287536777,0.5,疲惫不堪 精疲力竭 力不从心 无精打采 无力 吃力 不堪 一筹莫展 麻木 心急如焚,一筹莫展 心急如焚 麻木 不堪 吃力 无精打采 无力 力不从心,不堪 力不从心 无力 精疲力竭 一筹莫展 疲惫不堪 无精打采 麻木 心急如焚 吃力,疲惫不堪 精疲力竭 力不从心 无精打采 无力 吃力 不堪 一筹莫展 麻木 心急如焚
55,14,0.4247626191515632,0.019606714197152004,0.42857142857142855,各种 各式各样 种种 诸多 一系列 形形色色 多种 诸如此类 五花八门 一连串 无数 乱七八糟,乱七八糟 多方面 之类 无数 五花八门 一系列 多种 一连串,无数 一连串 种种 形形色色 诸如此类 多方面 多种 乱七八糟 之类 诸多 各式各样 一系列,各种 各式各样 种种 诸多 一系列 形形色色 多种 诸如此类 五花八门 一连串 无数 乱七八糟 之类 多方面
56,7,0.3591705321941281,-0.05245648145649697,0.7142857142857143,第一线 一线 基层 前线 农村 城乡 线,农村 线 前线 城乡 基层 一线 第一线,线 第一线 前线 城乡 农村 一线 基层,第一线 一线 基层 前线 农村 城乡 线
57,6,0.3660842303604253,-0.01638373188931561,0.5,拒绝 无理 不予 无条件 单方面 一经,一经 单方面 拒绝 无理 不予 无条件,不予 无理 无条件 单方面 拒绝 一经,拒绝 无理 不予 无条件 单方面 一经
58,1,,0.0,0.0,一致,一致,一致,一致
59,20,0.42118066424629663,0.010070463390474339,0.55,多数 大多数 绝大多数 大多 大部分 大都 半数 许多 有的 不少 部分 少数,部分 个别 凡是 半数 许多 主要 普遍 大部分,通常 一般 不少 部分 许多 有的 大多 多数 绝大多数 大都 凡是 其余,多数 大多数 绝大多数 大多 大部分 大都 半数 许多 有的 不少 部分 少数 个别 一般 普遍 通常 其余 主要 凡是 有的是
60,21,0.4228082238348781,0.031165307934758177,0.23809523809523808,拜会 拜访 接见 会见 应邀 拜见 访问 邀请 探望 看望 来访 陪同,光临 代表团 陪同 看望 接待 邀 转达 探望,看望 转达 光临 拜会 一行 探望 会见 代表团 应邀 出访 邀 来访,拜会 拜访 接见 会见 应邀 拜见 访问 邀请 探望 看望 来访 陪同 出访 做客 代表团 作客 转达 邀 光临 接待 一行
61,12,0.4491164518976352,0.08824294432887624,0.25,路途 途中 路上 路程 旅途 旅程 一路上 沿途 行程 迷路 路过 路线,路过 路线 迷路 行程 途中 旅程 沿途 一路上,旅途 沿途 旅程 一路上 迷路 行程 路途 路过 路上 路程 路线 途中,路途 途中 路上 路程 旅途 旅程 一路上 沿途 行程 迷路 路过 路线
62,22,0.40469784277806087,-0.017706842558383153,0.5909090909090909,祝愿 祝福 祝贺 祝 庆贺 一路平安 保佑 问候 贺电 致敬 干杯 祈祷,遂心 鹏程万里 干杯 晚安 庆祝 一路顺风 恭喜 庆贺,祝愿 祝福 祝 祈祷 问候 晚安 此致 敬礼 庆祝 一路平安 恭喜 欢迎,祝愿 祝福 祝贺 祝 庆贺 一路平安 保佑 问候 贺电 致敬 干杯 祈祷 敬礼 心想事成 恭喜 庆祝 一路顺风 此致 晚安 欢迎 鹏程万里 遂心
63,5,0.3576617901173048,-0.023776709757285297,0.6,身上 身边 人身 一身 心爱,一身 心爱 身边 人身 身上,一身 心爱 身边 人身 身上,身上 身边 人身 一身 心爱
64,1,,0.0,0.0,一道,一道,一道,一道
65,1,,0.0,0.0,一锅粥,一锅粥,一锅粥,一锅粥
66,8,0.4075433432249162,0.004444311336025027,0.375,好坏 评判 衡量 高低 与否 长短 评价 一长一短,一长一短 评价 与否 衡量 长短 高低 评判 好坏,长短 衡量 一长一短 评价 评判 好坏 与否 高低,好坏 评判 衡量 高低 与否 长短 评价 一长一短
67,28,0.4404305175138272,0.02701046073311661,0.42857142857142855,声音 悦耳 响声 清脆 响起 刺耳 声 铃声 电铃 响 喇叭 音响,一阵 动听 闹钟 传来 耳机 抑扬顿挫 响声 录音机,响亮 响声 录音机 一阵 响 声 喇叭 门铃 洪亮 耳机 闹钟 抑扬顿挫,声音 悦耳 响声 清脆 响起 刺耳 声 铃声 电铃 响 喇叭 音响 口哨 笑声 歌声 洪亮 录音机 音量 动听 响亮 门铃 话筒 收音机 抑扬顿挫 传来 闹钟 耳机 一阵
68,3,0.36926888656517093,-0.09102299795044273,1.0,处处 无不 一面,一面 处处 无不,一面 无不 处处,处处 无不 一面
69,22,0.4143542513468886,-0.007402499857641417,0.5,拼搏 艰苦奋斗 勤奋 顽强 奋勇 刻苦 奋斗 辛勤 英勇 勤劳 自强不息 发愤图强,英勇 勤快 一鼓作气 自力更生 踏实 愚公移山 辛勤 奋力,一鼓作气 艰苦 刻苦 前赴后继 顽强 辛勤 愚公移山 吃苦 英勇 自强不息 自力更生 奋勇,拼搏 艰苦奋斗 勤奋 顽强 奋勇 刻苦 奋斗 辛勤 英勇 勤劳 自强不息 发愤图强 勇往直前 艰苦 奋力 吃苦 自力更生 前赴后继 踏实 愚公移山 勤快 一鼓作气
70,7,0.45252954218624747,0.05110443979844239,0.14285714285714285,争先恐后 纷纷 一齐 异口同声 竞相 七嘴八舌 众人,众人 一齐 七嘴八舌 异口同声 竞相 纷纷 争先恐后,一齐 争先恐后 七嘴八舌 竞相 众人 纷纷 异口同声,争先恐后 纷纷 一齐 异口同声 竞相 七嘴八舌 众人
71,2,0.37877294094549074,-0.0722266924762934,1.0,丁 许,丁 许,丁 许,丁 许
72,13,0.5592893878756856,0.2651697822652227,0.15384615384615385,六 四 五 七 八 三 九 二 十 第二 两 第,科 两 第 十 第二 二 三 八,第二 六 八 十 四 二 五 九 两 七 三 科,六 四 五 七 八 三 九 二 十 第二 两 第 科
73,6,0.5098238034556588,0.19566475868293487,0.0,千 百 万 数 余 亿,亿 余 数 万 百 千,千 亿 万 余 百 数,千 百 万 数 余 亿
74,1,,0.0,0.0,万万,万万,万万,万万
75,1,,0.0,0.0,万分,万分,万分,万分
76,1,,0.0,0.0,万古长青,万古长青,万古长青,万古长青
77,1,,0.0,0.0,万无一失,万无一失,万无一失,万无一失
78,6,0.3565627442112341,0.014454975474222712,0.5,无敌 全能 王牌 超级 杀手 万能,杀手 王牌 万能 无敌 超级 全能,王牌 无敌 超级 杀手 全能 万能,无敌 全能 王牌 超级 杀手 万能
79,178,0.40512911976764526,-0.022982141766263793,0.5617977528089888,米饭 豆腐 酸奶 橙汁 豆浆 薯片 果酱 香肠 果汁 薯条 饼干 水果,姜 酒 瓜子 葡萄酒 喝 茶 啤酒 开水,烧烤 汤圆 纯净水 烤鸭 烤肉 矿泉水 勺 巧克力 淀粉 吃 咸 喝,米饭 豆腐 酸奶 橙汁 豆浆 薯片 果酱 香肠 果汁 薯条 饼干 水果 牛奶 酱 卤味 饼 饺子 粥 红薯 菜 芝士 南瓜 辣椒 海鲜 汁 西红柿 肉 面条儿 蜂蜜 馅儿 罐头 包子 醋 汤圆 佐料 调料 面包 茄子 烤肉 馒头 黄瓜 香油 酱油 酥 好吃 白菜 点心 巧克力 红茶 火腿 吃 柿子 可口 甜 煮 炖 火锅 香蕉 烤 豆制品 土豆 奶茶 饭 红酒 砂糖 小吃 咖啡 蔬菜 鸡蛋 蒜 寿司 番茄 花生 美味 碗 口感 零食 萝卜 主食 烤鸭 饮料 虾 鲜美 月饼 面粉 椰子 食物 葱 麻辣 西瓜 茶 汽水 核桃 冰棍儿 绿茶 蘑菇 糖 涮 桂花 粽子 蘸 拌 可乐 汤 糖果 辣 香料 煎 味精 方便面 三明治 中餐 烧烤 莲子 西餐 喝 香 奶 茶叶 嚼 食用 蛋糕 口味 风味 勺 啤酒 脆 大米 枣 盒饭 开水 早餐 豆子 烹调 梨 鸡 美食 酒 电饭锅 快餐 葡萄 食品 素食 晚餐 瓜 锅 蛋 葡萄酒 矿泉水 喜糖 口香糖 鱼 午餐 煲 淀粉 熟 瓜子 嫩 特产 咸 鲜 蜜 纯净水 芝麻 餐 洗衣粉 榨 盐 料理 菊花 橘子 牙膏 酒水 乳制品 奶粉 桃 姜 百合
80,10,0.39431884756322405,0.025327685273351656,0.4,图像 三维 图形 平面 立体 影像 模型 视觉 模拟 对称,对称 模拟 平面 模型 影像 视觉 图形 图像,图像 图形 立体 对称 模拟 模型 平面 三维 视觉 影像,图像 三维 图形 平面 立体 影像 模型 视觉 模拟 对称
81,24,0.3970351481151755,-0.0013914872684909925,0.5833333333333334,凹 斜 弯 凸 翘 竖 圆形 弯曲 扁 圆 拱 形,缝 弯曲 扭 镶 三角 秃 垂 横,圆形 凹 凸 叉 圆 垂 尖 弯 形 三角 秃 竖,凹 斜 弯 凸 翘 竖 圆形 弯曲 扁 圆 拱 形 尖 裂 歪 横 缝 垂 角 扭 秃 叉 镶 三角
82,4,0.3500838505500033,-0.05622383597977692,0.75,上方 上下 来回 整数,来回 整数 上方 上下,上下 上方 整数 来回,上方 上下 来回 整数
83,31,0.39569887679425486,-0.0041637103107163365,0.5483870967741935,月初 月底 年初 月份 下旬 上旬 中旬 上个月 年底 去年 上周 前年,初 中期 前夕 近期 以来 最近 此次 周,初 周 季 年 以来 年底 年初 年前 上周 月 日 月底,月初 月底 年初 月份 下旬 上旬 中旬 上个月 年底 去年 上周 前年 前不久 今年 近期 日前 月 年前 近日 前夕 此前 日 季度 以来 周 最近 年 初 此次 季 中期
84,43,0.40798034428459473,0.02473282106680872,0.3488372093023256,任命 职务 聘任 出任 辞职 就任 辞去 罢免 任职 提名 任期 担任,聘用 人选 选拔 表决 接替 职位 董事 否决,撤换 董事 下台 开除 选拔 任 选举 任职 罢免 否决 兼任 上任,任命 职务 聘任 出任 辞职 就任 辞去 罢免 任职 提名 任期 担任 免职 连任 撤换 辞退 兼任 当选 任 辞呈 离职 公职 现任 提拔 选举 上任 就职 人选 推选 接替 职位 聘用 候选人 解雇 前任 董事 开除 下台 晋升 董事会 选拔 否决 表决
85,33,0.3927015881461451,-0.027759479862515812,0.6060606060606061,上涨 下跌 回落 回升 上升 涨 飙升 下降 攀升 反弹 跌 下调,行情 调整 幅度 降 指数 变动 增 降价,升 增 水涨船高 上升 涨 波动 升值 升温 行情 上涨 上调 反弹,上涨 下跌 回落 回升 上升 涨 飙升 下降 攀升 反弹 跌 下调 增长 升值 贬值 上调 波动 升 高涨 缩水 升温 跳水 幅度 降 翻番 调整 降价 变动 水涨船高 预期 指数 增 行情
86,16,0.48263584086691336,0.05612245200807503,0.1875,回来 回去 过来 进去 出来 下来 进来 下去 完了 上去 出去 起来,出来 多久 出去 起来 好久 过来 完 下去,下去 完 进去 上去 完了 进来 上来 多久 回去 好久 出去 回来,回来 回去 过来 进去 出来 下来 进来 下去 完了 上去 出去 起来 上来 完 好久 多久
87,7,0.44325619485043755,0.06074023555589557,0.14285714285714285,上场 出场 入场 进场 开场 上台 阵容,阵容 上台 开场 进场 入场 出场 上场,进场 开场 入场 上台 上场 出场 阵容,上场 出场 入场 进场 开场 上台 阵容
88,77,0.3980584690687168,-0.06664739081156094,0.7272727272727273,高中 入学 本科 初中 研究生 大学 学校 报考 就读 补习 选修 中学,分数 班 录取 考生 报考 及格 幼儿园 招收,工科 补习 研究生 选修 班 在职 课程 入学 开学 上学 幼儿园 年级,高中 入学 本科 初中 研究生 大学 学校 报考 就读 补习 选修 中学 年级 毕业 招生 学期 学生 毕业生 课程 转学 升学 录取 理科 小学 学业 考试 学费 学年 硕士 师范 学位 学分 文凭 补考 考 高考 退学 念书 学时 上课 文科 奖学金 开学 上学 教师 进修 班级 函授 工科 攻读 自学 招收 口试 教学 考生 师资 学院 学历 求学 中小学 学科 笔试 私立 班 必修 留学 民办 分数 在职 幼儿园 考场 公立 学士 科目 及格 教育部 初等
89,6,0.3728234250301086,-0.0222274810642899,0.6666666666666666,职业 兼职 岗位 上岗 试用期 业余,业余 试用期 兼职 上岗 岗位 职业,岗位 上岗 业余 试用期 兼职 职业,职业 兼职 岗位 上岗 试用期 业余
90,28,0.34851043998556475,-0.05645367043865126,0.7857142857142857,业务 产品 企业 行业 平台 品牌 产业 领域 市场 运营 公司 厂商,运营 模式 经营 硬件 客户 上市 集团 项目,板块 上市 品牌 经营 合资 行业 技术 应用 模式 项目 企业 系统,业务 产品 企业 行业 平台 品牌 产业 领域 市场 运营 公司 厂商 销售 板块 服务 项目 渠道 技术 应用 巨头 经营 客户 系统 模式 合资 集团 硬件 上市
91,12,0.4106998277246978,-0.04040341740401177,0.5833333333333334,饶恕 宽恕 原谅 恩惠 放过 报答 辜负 容忍 恩赐 得罪 对得起 上帝,容忍 上帝 放过 辜负 得罪 对得起 报答 恩赐,辜负 得罪 恩赐 放过 上帝 宽恕 原谅 对得起 报答 容忍 饶恕 恩惠,饶恕 宽恕 原谅 恩惠 放过 报答 辜负 容忍 恩赐 得罪 对得起 上帝
92,3,0.49405382540393233,0.17088856595772195,0.0,受骗 上当 倾家荡产,倾家荡产 上当 受骗,上当 倾家荡产 受骗,受骗 上当 倾家荡产
93,24,0.3993280512576986,0.014853077996633374,0.4166666666666667,申请 办理 提交 审批 登记 审核 申领 申报 受理 填写 审查 手续,出示 领取 发放 查询 公示 公证 填写 核对,申办 查询 办理 登记 审查 审批 审核 上报 递交 发放 核对 提交,申请 办理 提交 审批 登记 审核 申领 申报 受理 填写 审查 手续 递交 公示 上报 批准 领取 申办 核对 注册 查询 出示 发放 公证
94,98,0.3972354427808979,-0.026181557671692213,0.6224489795918368,歌剧 演唱 歌曲 话剧 戏剧 独唱 舞蹈 演出 演奏 合唱 音乐 喜剧,歌咏 电视台 科幻 播出 录制 歌唱 作家 诗歌,演戏 唱片 交响乐 电视剧 电视台 唱歌 乐队 剧 唱 芭蕾 华语 诗歌,歌剧 演唱 歌曲 话剧 戏剧 独唱 舞蹈 演出 演奏 合唱 音乐 喜剧 乐曲 电影 歌舞 剧目 歌唱 剧 伴奏 剧本 表演 演员 戏曲 交响乐 歌手 民歌 京剧 电视剧 歌词 戏 导演 创作 影片 杂技 相声 朗诵 芭蕾 诗歌 乐队 音乐会 排练 节目 编剧 旋律 作品 唱 动画片 主题歌 演戏 主演 剧团 唱歌 纪录片 抒情 小品 小说 摇滚 演唱会 歌 配音 专辑 笛子 动画 短片 出演 剧场 吉他 录制 秧歌 小提琴 演 剧情 连续剧 散文 唱片 片子 文学 改编 漫画 乐器 木偶 舞 马戏 文艺 钢琴 华语 放映 曲 播出 歌咏 剧组 科幻 小曲 作家 影视 上映 电视台 卫视
95,8,0.32065536829165314,-0.11206236055279797,0.875,本期 年度 上期 同期 下期 年终 权益 实际,实际 同期 权益 年终 年度 本期 下期 上期,年度 年终 上期 本期 同期 权益 下期 实际,本期 年度 上期 同期 下期 年终 权益 实际
96,8,0.4447171539351911,0.017486572531732608,0.25,下车 上车 上楼 问路 顺路 下山 敲门 让座,下山 敲门 让座 顺路 上楼 问路 下车 上车,下山 顺路 上楼 敲门 上车 问路 下车 让座,下车 上车 上楼 问路 顺路 下山 敲门 让座
97,4,0.4036259751827757,0.05924878604458234,0.25,上次 次 初次 刚才,刚才 初次 次 上次,次 上次 初次 刚才,上次 次 初次 刚才
98,7,0.4882514861368877,0.14049744120985147,0.0,富豪 富人 富翁 大款 商人 贵族 上流,贵族 商人 上流 大款 富人 富豪 富翁,商人 上流 贵族 大款 富翁 富人 富豪,富豪 富人 富翁 大款 商人 贵族 上流
99,5,0.38325950882966897,0.000506834159175798,0.6,上游 下游 涨价 端 产地,产地 涨价 端 上游 下游,端 涨价 上游 产地 下游,上游 下游 涨价 端 产地
100,16,0.4068693032196281,0.007020251764411975,0.4375,展现 显现 呈现 再现 重现 浮现 凸显 显出 出现 表现 演绎 流露,还原 消失 显出 流露 表现 出现 显 上演,流露 重现 显 展现 再现 上演 还原 浮现 凸显 出现 呈现 消失,展现 显现 呈现 再现 重现 浮现 凸显 显出 出现 表现 演绎 流露 上演 显 消失 还原
101,39,0.4028337015225532,-0.0209483600240844,0.5641025641025641,头晕 咳嗽 呕吐 疼 痒 咳 胀 肿 痛 晕 闷 恶心,哑 醉 酸 失眠 昏 吼 吹 汗,疲劳 僵 吹 吼 吐 吓 呛 咳 咽 哑 喘 困,头晕 咳嗽 呕吐 疼 痒 咳 胀 肿 痛 晕 闷 恶心 喘 憋 晕车 渴 出汗 失眠 瘫 呛 烦 吐 咽 发热 发烧 哑 吓 僵 困 昏 醉 晕倒 上火 汗 不适 疲劳 酸 吼 吹
102,26,0.46320110564135286,0.028568226546740662,0.23076923076923078,下班 睡觉 晚饭 回家 午饭 起床 吃饭 上班 午睡 早饭 出门 放学,醒来 下楼 外出 请假 开会 吃饭 旷课 休假,起床 开夜车 开会 晚饭 请假 睡觉 上班 旷课 加班 出门 午饭 放学,下班 睡觉 晚饭 回家 午饭 起床 吃饭 上班 午睡 早饭 出门 放学 下楼 加班 休息 请假 下课 在家 开夜车 醒来 出差 熬夜 开会 外出 旷课 休假
103,21,0.4445417566473935,0.03942087762082845,0.38095238095238093,男人 女生 女人 男生 男士 女性 男性 男 男女 女 少女 女子,她们 绅士 异性 男士 上班族 情侣 人 单身,女 人 男 异性 单身 上班族 男生 男性 男士 男女 男子 男人,男人 女生 女人 男生 男士 女性 男性 男 男女 女 少女 女子 男子 异性 情侣 单身 她们 主妇 人 上班族 绅士
104,18,0.45523350480190333,0.011137308161182777,0.3333333333333333,迷恋 痴迷 着迷 热爱 喜欢 热衷 沉迷 向往 狂热 喜爱 崇拜 陶醉,留恋 热爱 狂热 上瘾 沉浸 喜欢 感兴趣 执着,感兴趣 热爱 上瘾 崇拜 沉浸 执着 着迷 迷恋 向往 陶醉 热衷 喜欢,迷恋 痴迷 着迷 热爱 喜欢 热衷 沉迷 向往 狂热 喜爱 崇拜 陶醉 厌倦 执着 留恋 上瘾 感兴趣 沉浸
105,7,0.41988639805159717,0.06950829169460444,0.14285714285714285,地面 空中 地上 高空 地下 上空 原地,上空 原地 高空 地上 地下 地面 空中,空中 上空 地面 地上 地下 原地 高空,地面 空中 地上 高空 地下 上空 原地
106,2,0.5274311851515892,0.30317196198868246,0.0,上网 网上,上网 网上,网上 上网,上网 网上
107,78,0.4491042010557796,0.0695224738257695,0.3076923076923077,衬衣 毛衣 衬衫 衣服 大衣 袜子 裙子 裤子 上衣 外套 围巾 短裤,绷带 铅笔 用品 背包 打扮 装扮 化妆 书包,眼镜 铅笔 背包 背心 枕头 拖鞋 穿 婚纱 内衣 戴 沐浴露 睡袋,衬衣 毛衣 衬衫 衣服 大衣 袜子 裙子 裤子 上衣 外套 围巾 短裤 牛仔裤 鞋 皮鞋 西装 拖鞋 领带 凉鞋 羽绒服 内衣 雨衣 球鞋 背心 穿着 礼服 手套 毛巾 旗袍 服装 毯子 高跟鞋 皮包 衣架 被子 帽子 睡袋 穿 蚊帐 手帕 靴子 纽扣 项链 服饰 枕头 拉锁 口罩 款式 书包 首饰 婚纱 地毯 牙刷 眼镜 水壶 外衣 发型 制服 背包 皮带 绷带 沐浴露 手表 装扮 保暖 时装 肥皂 辫子 打扮 铅笔 丝绸 尼龙 香水 戴 化妆 家具 用品 珠宝
108,33,0.4434825947255794,0.007807078531211682,0.42424242424242425,判决 诉讼 法院 上诉 起诉 法庭 裁决 仲裁 裁定 原告 驳回 被告,请求 起诉 纠纷 投诉 驳回 案件 不服 审判,当事人 驳回 调解 投诉 判 裁决 裁判 裁定 不服 法庭 法官 审判,判决 诉讼 法院 上诉 起诉 法庭 裁决 仲裁 裁定 原告 驳回 被告 控告 法官 官司 案件 审判 索赔 赔偿 纠纷 打官司 调解 司法 裁判 律师 当事人 判 侵权 证人 请求 不服 投诉 受害人
109,4,0.4337669436769152,0.06995645407729616,0.5,以下 以上 上述 如下,如下 上述 以上 以下,以下 以上 上述 如下,以下 以上 上述 如下
110,2,0.5338508037714068,0.18524059855107844,0.0,上门 挨家挨户,上门 挨家挨户,上门 挨家挨户,上门 挨家挨户
111,4,0.3137622842172956,-0.12822677792573753,1.0,限度 余地 可乘之机 上限,限度 可乘之机 上限 余地,余地 可乘之机 上限 限度,限度 余地 可乘之机 上限
112,5,0.4988475922579756,0.21080648073241517,0.0,之中 当中 中 之下 下,下 中 当中 之下 之中,中 下 当中 之中 之下,之中 当中 中 之下 下
113,9,0.460157305359462,0.15732527055065196,0.0,明年 将来 未来 今后 后年 下个月 届时 来年 预计,预计 来年 下个月 届时 今后 将来 未来 后年,届时 明年 后年 将来 今后 未来 下个月 预计 来年,明年 将来 未来 今后 后年 下个月 届时 来年 预计
114,1,,0.0,0.0,下乡,下乡,下乡,下乡
115,4,0.471552694363685,0.11739311752875822,0.0,下决心 下令 发誓 决定,发誓 下令 决定 下决心,下令 发誓 下决心 决定,下决心 下令 发誓 决定
116,14,0.41634039286659413,-0.0265857160966689,0.5714285714285714,着眼于 着力 着眼 着重 注重 侧重 立足 围绕 着手 专注 本着 下功夫,立足 下功夫 依托 入手 注重 侧重 本着 着眼,着眼于 注重 入手 侧重 着眼 本着 着手 着力 依托 着重 立足 下功夫,着眼于 着力 着眼 着重 注重 侧重 立足 围绕 着手 专注 本着 下功夫 依托 入手
117,4,0.45417746817020954,0.1254486717179269,0.0,结局 结果 下场 最终,下场 最终 结果 结局,下场 结局 结果 最终,结局 结果 下场 最终
118,12,0.4452739727409486,0.050880401062799,0.25,转动 旋转 摆动 摇晃 跳跃 摇摆 跳动 振动 伸缩 下坠 静止 折叠,折叠 伸缩 下坠 振动 静止 跳动 跳跃 摇摆,下坠 静止 摆动 跳跃 伸缩 振动 折叠 跳动 转动 旋转 摇摆 摇晃,转动 旋转 摆动 摇晃 跳跃 摇摆 跳动 振动 伸缩 下坠 静止 折叠
119,6,0.35485601906169856,-0.0587589095810775,0.8333333333333334,所属 下属 附属 所在 及其 原,原 所在 及其 下属 附属 所属,下属 原 附属 所在 所属 及其,所属 下属 附属 所在 及其 原
120,6,0.41490572967647216,0.03816748130605413,0.3333333333333333,失业 下岗 就业 劳动力 劳务 退役,退役 劳动力 劳务 就业 下岗 失业,下岗 劳务 就业 退役 失业 劳动力,失业 下岗 就业 劳动力 劳务 退役
121,4,0.46607398755048385,0.10571116355620994,0.5,下手 出手 得手 动手,动手 得手 出手 下手,得手 出手 动手 下手,下手 出手 得手 动手
122,19,0.4667805000148579,0.04723452271427818,0.2631578947368421,溜达 聊天儿 玩耍 散步 玩儿 晒太阳 打牌 遛 打盹儿 跳舞 转悠 侃大山,抽烟 晃荡 串门 打猎 打盹儿 逛 打牌 捉迷藏,晒太阳 抽烟 串门 跳舞 玩儿 捉迷藏 侃大山 逛 遛 玩耍 转悠 溜达,溜达 聊天儿 玩耍 散步 玩儿 晒太阳 打牌 遛 打盹儿 跳舞 转悠 侃大山 下棋 串门 逛 抽烟 晃荡 捉迷藏 打猎
123,9,0.44299356598101863,-0.09515428209435975,0.8888888888888888,大家 大伙儿 他们 我们 待会儿 您 下次 们 改日,他们 大家 我们 们 大伙儿 下次 改日 待会儿,们 您 改日 我们 他们 大家 大伙儿 待会儿 下次,大家 大伙儿 他们 我们 待会儿 您 下次 们 改日
124,2,0.4628966709147584,0.11471983613032209,0.0,出山 下海,下海 出山,出山 下海,出山 下海
125,3,0.39668330681203895,0.04932075250756932,0.3333333333333333,去向 何处 下落,何处 下落 去向,去向 何处 下落,去向 何处 下落
126,25,0.3771921252060414,-0.050509058297498556,0.72,邮件 电子邮件 短信 博客 留言 邮箱 主页 微博 网址 网站 信箱 账号,评论 发送 微博 文章 栏目 举报 专栏 传真,网址 邮件 登录 网站 邮箱 微信 网页 博客 微博 匿名 帖子 举报,邮件 电子邮件 短信 博客 留言 邮箱 主页 微博 网址 网站 信箱 账号 微信 帖子 专栏 网页 匿名 文章 发送 登录 评论 下载 栏目 举报 传真
127,27,0.4440305862364764,0.05133190220148051,0.2962962962962963,冬天 下雪 夏天 凉爽 阴天 晴朗 下雨 晴天 炎热 秋天 冬季 天气,四季 雨 晴 多云 暖和 清凉 冬季 阴天,冬季 冬天 刮风 四季 打雷 晴 季节 晴天 晴朗 多云 雨 炎热,冬天 下雪 夏天 凉爽 阴天 晴朗 下雨 晴天 炎热 秋天 冬季 天气 夏季 刮风 春天 季节 春季 凉快 暖和 秋季 风和日丽 打雷 多云 晴 雨 清凉 四季
128,16,0.4493956315408896,-0.017282709888955534,0.5,很 挺 不怎么 蛮 够 比较 太 不够 不算 不怎么样 不 不错,有 不算 好看 很 比较 得 好 不怎么样,太 够 好 得 很 不 不够 不算 有 挺 不怎么样 好看,很 挺 不怎么 蛮 够 比较 太 不够 不算 不怎么样 不 不错 好 好看 得 有
129,18,0.3798341208701798,-0.04329574506576299,0.5555555555555556,意想不到 意料之外 出人意料 难以置信 惊人 史无前例 难以想象 前所未有 不同寻常 意料 惊天动地 突如其来,惊天动地 巧合 翻天覆地 巨大 不为人知 惊人 空前 难以置信,不同寻常 惊人 前所未有 出人意料 突如其来 空前 史无前例 难以想象 意外 意料 不为人知 意料之外,意想不到 意料之外 出人意料 难以置信 惊人 史无前例 难以想象 前所未有 不同寻常 意料 惊天动地 突如其来 翻天覆地 意外 空前 巨大 巧合 不为人知
130,27,0.406120120972929,-0.008892278276679965,0.5185185185185185,随后 此后 之后 后来 其后 以后 然后 后 紧接着 接着 不久 过后,直至 之前 稍后 后期 于是 直到 后续 最后,不久 后 不料 以后 后期 后来 然后 后续 于是 稍后 同年 紧接着,随后 此后 之后 后来 其后 以后 然后 后 紧接着 接着 不久 过后 稍后 接下来 于是 最后 这时 日后 继而 直到 此时 后期 不料 后续 之前 同年 直至
131,5,0.320454103641718,-0.08489079350379307,0.8,不得而知 可想而知 不了了之 水落石出 可谓,可谓 水落石出 不了了之 不得而知 可想而知,不得而知 不了了之 可想而知 可谓 水落石出,不得而知 可想而知 不了了之 水落石出 可谓
132,12,0.38183843207078977,-0.033523536947159364,0.5,比不上 媲美 不相上下 不亚于 逊色 相提并论 仅次于 不如 要好 息息相关 堪称 无关,息息相关 无关 堪称 要好 不如 比不上 仅次于 不亚于,不如 媲美 息息相关 无关 比不上 逊色 要好 相提并论 不亚于 仅次于 堪称 不相上下,比不上 媲美 不相上下 不亚于 逊色 相提并论 仅次于 不如 要好 息息相关 堪称 无关
133,13,0.43827346580524773,0.022031941623214677,0.3076923076923077,目瞪口呆 眉开眼笑 哄堂大笑 面红耳赤 目不转睛 前仰后合 鸦雀无声 如醉如痴 津津有味 交头接耳 不亦乐乎 爱不释手,哗然 目不转睛 爱不释手 津津有味 眉开眼笑 目瞪口呆 不亦乐乎 交头接耳,哄堂大笑 爱不释手 前仰后合 眉开眼笑 如醉如痴 哗然 鸦雀无声 目不转睛 面红耳赤 目瞪口呆 津津有味 交头接耳,目瞪口呆 眉开眼笑 哄堂大笑 面红耳赤 目不转睛 前仰后合 鸦雀无声 如醉如痴 津津有味 交头接耳 不亦乐乎 爱不释手 哗然
134,104,0.4537709769092574,-0.027763410233921034,0.6826923076923077,沮丧 羞愧 气愤 诧异 难过 惊讶 茫然 伤心 惋惜 吃惊 惭愧 慌张,自豪 怨恨 痛心 好奇 苦笑 忧愁 生气 寂寞,惊慌失措 疲倦 吃惊 半信半疑 慌乱 沮丧 慌张 迷惑不解 绝望 惊奇 垂头丧气 不安,沮丧 羞愧 气愤 诧异 难过 惊讶 茫然 伤心 惋惜 吃惊 惭愧 慌张 伤感 苦恼 惊慌 失望 惊诧 痛心 心疼 悲伤 悲哀 绝望 焦躁 悔恨 不安 烦躁 焦急 欣慰 欣喜 愤怒 难堪 生气 委屈 难受 疑惑 痛苦 厌烦 激动 扫兴 自责 心酸 慌乱 难为情 不解 兴奋 害怕 叹气 失落 为难 恐惧 困惑 心慌 怨恨 高兴 无奈 惊奇 忧愁 好笑 着急 疲倦 悲痛 愁眉苦脸 疲惫 垂头丧气 后悔 不耐烦 狼狈 烦闷 焦虑 尴尬 泄气 哭笑不得 苦笑 凄凉 惊慌失措 害臊 无可奈何 迷惑不解 不服气 纳闷儿 灰心 遗憾 慌 震惊 感慨 别扭 感到 自豪 消沉 忧郁 歉意 庆幸 恍然大悟 过意不去 孤单 孤独 寂寞 好奇 恐慌 不已 大吃一惊 半信半疑 喜出望外 不以为然
135,2,0.5656088653888327,0.22582589132977016,0.0,不便 麻烦,不便 麻烦,不便 麻烦,不便 麻烦
136,9,0.43316364899526744,-0.005605711170170156,0.4444444444444444,便宜 省钱 省事 方便 划算 实惠 贵 不值 便于,不值 便于 方便 贵 实惠 省钱 省事 划算,实惠 不值 省钱 省事 贵 便于 便宜 方便 划算,便宜 省钱 省事 方便 划算 实惠 贵 不值 便于
137,4,0.4838612118245467,0.1461948216206937,0.0,断断续续 不停 没完没了 间断,不停 没完没了 间断 断断续续,断断续续 不停 间断 没完没了,断断续续 不停 没完没了 间断
138,6,0.4146366530399279,0.013481099689291549,0.5,不利 糟糕 恶劣 严重 有利 致命,恶劣 致命 严重 有利 不利 糟糕,不利 有利 致命 糟糕 恶劣 严重,不利 糟糕 恶劣 严重 有利 致命
139,22,0.40258586560720494,0.00534584096600102,0.6363636363636364,使得 促使 致使 导致 使 迫使 令 以致 让 从而 由于 进而,伴随 以及 得益于 进而 随着 取决于 对于 从而,对于 令 使 得益于 以及 促使 使得 促成 迫使 加上 不利于 致使,使得 促使 致使 导致 使 迫使 令 以致 让 从而 由于 进而 得益于 不利于 加上 取决于 随着 促成 对于 意味着 以及 伴随
140,40,0.4317979080316843,-0.012042376644835318,0.45,可恶 凶残 残忍 可笑 卑鄙 丑恶 凶恶 可怕 邪恶 丑陋 荒诞 荒谬,猖狂 骇人听闻 奇怪 顽固 凶狠 恶 吓人 粗暴,猖狂 粗暴 野蛮 污秽 古怪 卑鄙 无情 滑稽 恶 丑恶 吓人 暴力,可恶 凶残 残忍 可笑 卑鄙 丑恶 凶恶 可怕 邪恶 丑陋 荒诞 荒谬 可悲 可耻 恐怖 怪异 古怪 残酷 罪恶 骇人听闻 凶狠 奇怪 猖狂 阴暗 吓人 野蛮 拙劣 离奇 可怜 污秽 滑稽 搞笑 不可思议 恶 粗暴 黑暗 夸张 顽固 无情 暴力
141,8,0.5191932902479207,0.14882127947066007,0.25,在乎 在意 介意 不在乎 计较 理会 顾及 大惊小怪,大惊小怪 顾及 理会 计较 介意 不在乎 在意 在乎,不在乎 计较 理会 顾及 大惊小怪 在乎 介意 在意,在乎 在意 介意 不在乎 计较 理会 顾及 大惊小怪
142,8,0.502330985998778,0.20704035056437392,0.25,稍 略微 稍微 稍稍 略 有所 不大 有限,有限 不大 有所 稍稍 略 略微 稍微 稍,不大 稍 略 略微 稍微 有所 稍稍 有限,稍 略微 稍微 稍稍 略 有所 不大 有限
143,8,0.4339414353642362,0.05004678029830449,0.25,抱歉 不好意思 客气 对不起 冒昧 孤陋寡闻 再见 见外,再见 孤陋寡闻 客气 见外 冒昧 对不起 不好意思 抱歉,抱歉 再见 孤陋寡闻 对不起 客气 见外 冒昧 不好意思,抱歉 不好意思 客气 对不起 冒昧 孤陋寡闻 再见 见外
144,28,0.4084368067835261,-0.03493371960193413,0.6071428571428571,不要 不必 要 必须 何必 用不着 不用 非得 须 就要 务必 别,千万 需要 决不 只管 不宜 用得着 勿 动不动,必须 务必 别 勿 应 动不动 不妨 不宜 不必 无须 不用 需要,不要 不必 要 必须 何必 用不着 不用 非得 须 就要 务必 别 需要 不妨 无须 不宜 不能不 应当 需 应 尽量 决不 何苦 勿 用得着 只管 动不动 千万
145,1,,0.0,0.0,不定,不定,不定,不定
146,1,,0.0,0.0,不容,不容,不容,不容
147,4,0.39341635786317264,-0.0017862360972592355,0.5,办不到 不成 照办 不对,照办 不对 不成 办不到,不对 不成 照办 办不到,办不到 不成 照办 不对
148,45,0.4594407963479994,0.0023486019159444835,0.5333333333333333,嘲笑 讥笑 挖苦 责备 取笑 责怪 骂 嘲弄 耻笑 指责 埋怨 鄙视,辩解 恨 欺负 吹捧 理睬 笑话 批评 看不起,质疑 取笑 抱怨 挖苦 夸 嫌弃 鄙视 不屑 讨厌 妒忌 吹捧 批评,嘲笑 讥笑 挖苦 责备 取笑 责怪 骂 嘲弄 耻笑 指责 埋怨 鄙视 讽刺 轻蔑 嫌弃 抨击 嫉妒 瞧不起 妒忌 批评 调侃 质问 反驳 抱怨 不屑 看不起 侮辱 恭维 刁难 反感 夸奖 欺负 吹捧 诽谤 谴责 讨厌 反问 理睬 恨 歧视 质疑 辩解 附和 夸 笑话
149,2,0.4532472038732971,0.0350727955895444,0.5,怨 不平,怨 不平,不平 怨,怨 不平
150,20,0.42356689623603216,-0.0443711290145893,0.75,苦难 悲惨 艰辛 磨难 惨痛 辛酸 艰难 艰险 厄运 酸甜苦辣 境遇 苦,悲欢离合 惨痛 酸甜苦辣 命运 艰险 惨重 悲剧 荆棘,苦难 艰辛 不幸 艰险 艰难 浩劫 命运 悲剧 悲惨 酸甜苦辣 辛酸 苦,苦难 悲惨 艰辛 磨难 惨痛 辛酸 艰难 艰险 厄运 酸甜苦辣 境遇 苦 悲剧 不幸 悲欢离合 经历 命运 浩劫 惨重 荆棘
151,25,0.4239767586639753,0.02753977252226211,0.4,宁愿 愿意 情愿 不得不 只好 不肯 宁可 只得 舍不得 索性 不惜 干脆,舍得 愿 执意 乐意 肯 毅然 甘心 只能,舍不得 不得不 宁愿 不得已 不惜 忍心 只得 只好 愿 被迫 乐意 执意,宁愿 愿意 情愿 不得不 只好 不肯 宁可 只得 舍不得 索性 不惜 干脆 甘心 不得已 忍心 巴不得 乐意 执意 被迫 恨不得 只能 毅然 舍得 肯 愿
152,4,0.4153607575437766,0.04258016118670534,0.25,中途 半路 无故 不慎,半路 不慎 无故 中途,不慎 无故 半路 中途,中途 半路 无故 不慎
153,16,0.42578072254323396,0.00950825631506578,0.5,赐教 谢谢 诸位 请坐 指教 各位 拜托 请 转告 保重 久仰 不敢当,不敢当 保重 请坐 请问 久仰 转告 敬请 指点,拜托 保重 请问 请坐 不敢当 久仰 谢谢 请 指教 转告 指点 诸位,赐教 谢谢 诸位 请坐 指教 各位 拜托 请 转告 保重 久仰 不敢当 指点 过奖 请问 敬请
154,18,0.4758658854299098,0.06772314650364183,0.3333333333333333,日益 日趋 逐渐 愈来愈 越来越 渐渐 急剧 越发 逐步 逐年 不断 趋于,渐渐 快速 趋于 骤然 越发 越 逐步 飞速,越发 日益 越来越 不断 愈来愈 渐渐 趋于 骤然 快速 逐年 逐渐 逐步,日益 日趋 逐渐 愈来愈 越来越 渐渐 急剧 越发 逐步 逐年 不断 趋于 骤然 迅速 飞速 与日俱增 快速 越
155,7,0.4746606857404236,0.14600075418389946,0.0,难以 无法 不易 难 得以 轻易 足以,轻易 足以 得以 不易 难 无法 难以,得以 不易 无法 足以 难 轻易 难以,难以 无法 不易 难 得以 轻易 足以
156,8,0.45660783276806416,0.0845986474190478,0.125,低迷 不景气 衰退 萧条 复苏 低谷 好转 降温,降温 低谷 衰退 好转 复苏 萧条 低迷 不景气,复苏 不景气 萧条 降温 低迷 低谷 衰退 好转,低迷 不景气 衰退 萧条 复苏 低谷 好转 降温
157,6,0.44226864427962126,0.08740346074649413,0.3333333333333333,说不上 很难说 难说 谈不上 不论 不止,不止 不论 谈不上 难说 说不上 很难说,谈不上 不止 很难说 不论 说不上 难说,说不上 很难说 难说 谈不上 不论 不止
158,11,0.4278023968006884,0.06378994678786151,0.18181818181818182,廉洁 作风 廉政 不正之风 纪律 官僚主义 腐败 风气 公仆 廉正 诚信,诚信 公仆 风气 官僚主义 不正之风 腐败 作风 廉正,诚信 廉政 廉洁 廉正 官僚主义 腐败 风气 不正之风 公仆 纪律 作风,廉洁 作风 廉政 不正之风 纪律 官僚主义 腐败 风气 公仆 廉正 诚信
159,14,0.45765686363635244,0.04637192209331899,0.5,疑虑 忧虑 担忧 顾虑 担心 疑问 烦恼 怨言 怀疑 怨气 困扰 后顾之忧,怨气 困扰 不满 烦恼 怀疑 心病 怨言 后顾之忧,不满 心病 困扰 怨言 后顾之忧 忧虑 怀疑 顾虑 怨气 担心 担忧 疑问,疑虑 忧虑 担忧 顾虑 担心 疑问 烦恼 怨言 怀疑 怨气 困扰 后顾之忧 不满 心病
160,4,0.4430530445049709,0.06972677788919605,0.25,爱理不理 不理 敬而远之 指手画脚,指手画脚 敬而远之 不理 爱理不理,爱理不理 不理 指手画脚 敬而远之,爱理不理 不理 敬而远之 指手画脚
161,12,0.48429768409711393,0.07003533765550689,0.3333333333333333,知道 晓得 想到 料到 发觉 得知 明白 想不到 听说 不知 记得 察觉,明白 听说 察觉 记得 想不到 不知 得知 想到,得知 不知 想不到 明白 想到 料到 记得 发觉 察觉 听说 知道 晓得,知道 晓得 想到 料到 发觉 得知 明白 想不到 听说 不知 记得 察觉
162,7,0.4399726587431582,0.03537652632251725,0.14285714285714285,不知不觉 无形中 潜移默化 自然而然 不经意 莫名其妙 无形,自然而然 莫名其妙 不经意 无形 潜移默化 无形中 不知不觉,自然而然 不经意 无形 不知不觉 潜移默化 莫名其妙 无形中,不知不觉 无形中 潜移默化 自然而然 不经意 莫名其妙 无形
163,3,0.4314739817714168,0.05887551392617213,0.3333333333333333,拿走 拿出 不翼而飞,拿出 不翼而飞 拿走,拿出 不翼而飞 拿走,拿走 拿出 不翼而飞
164,7,0.40288067363102603,0.04317946555943083,0.42857142857142855,治学 学艺 讲学 不耻下问 学问 办学 取经,学问 取经 办学 不耻下问 讲学 学艺 治学,取经 办学 不耻下问 治学 学问 讲学 学艺,治学 学艺 讲学 不耻下问 学问 办学 取经
165,1,,0.0,0.0,不良,不良,不良,不良
166,21,0.4900515263466344,0.07883209378297333,0.2857142857142857,看见 碰见 见到 遇见 碰到 看到 遇到 听见 碰上 听到 遇上 见过,认得 梦见 隐约 遇 望见 发现 不见 认出,看到 遇上 碰见 遇到 梦见 发现 不见 遇 听到 见 望见 见到,看见 碰见 见到 遇见 碰到 看到 遇到 听见 碰上 听到 遇上 见过 望见 认出 梦见 见 认得 发现 不见 遇 隐约
167,7,0.444912993074153,0.04645418054596966,0.2857142857142857,微不足道 无足轻重 无关紧要 渺小 罢了 而已 不起眼,无关紧要 不起眼 罢了 渺小 而已 微不足道 无足轻重,罢了 而已 微不足道 不起眼 无关紧要 无足轻重 渺小,微不足道 无足轻重 无关紧要 渺小 罢了 而已 不起眼
168,10,0.47570325747267095,0.13328420707816588,0.2,欠缺 缺乏 缺失 缺少 薄弱 不足 缺 滞后 脆弱 低下,滞后 脆弱 低下 缺 缺失 薄弱 不足 缺少,缺 欠缺 滞后 脆弱 不足 薄弱 低下 缺乏 缺少 缺失,欠缺 缺乏 缺失 缺少 薄弱 不足 缺 滞后 脆弱 低下
169,2,0.42012982911907015,0.07100025630567286,0.0,不辞而别 各奔前程,不辞而别 各奔前程,各奔前程 不辞而别,不辞而别 各奔前程
170,1,,0.0,0.0,不通,不通,不通,不通
171,5,0.5175633670321593,0.17656883473953028,0.0,顾不上 顾不得 不顾 只顾 来得及,只顾 来得及 不顾 顾不上 顾不得,来得及 不顾 只顾 顾不上 顾不得,顾不上 顾不得 不顾 只顾 来得及
172,9,0.3003184469906832,-0.10580118546060001,0.7777777777777778,与 同 与其 和 同一 同类 同等 对 针对,同一 针对 对 同等 同类 同 和 与,同 和 对 与 同一 同等 同类 与其 针对,与 同 与其 和 同一 同类 同等 对 针对
173,49,0.39708294453412607,-0.05834713686421885,0.673469387755102,别致 奇特 新颖 优美 精致 美妙 引人入胜 精美 动人 精妙 古朴 壮丽,可歌可泣 惊心动魄 惊险 多样 整洁 独特 鲜明 富有,紧凑 流畅 壮观 简洁 优美 古朴 鲜明 完美 独特 新奇 细腻 耐人寻味,别致 奇特 新颖 优美 精致 美妙 引人入胜 精美 动人 精妙 古朴 壮丽 生动 壮观 细腻 简洁 逼真 新奇 奇妙 有趣 感人 扣人心弦 华丽 独特 流畅 工整 宏伟 雄伟 宏大 精彩 别具匠心 丰富多彩 美观 动感 惊心动魄 富有 鲜明 耐人寻味 惊险 神奇 完美 多样 紧凑 精细 与众不同 精练 整洁 整齐 可歌可泣
174,5,0.35072152466657835,-0.06489164387058931,1.0,科学 实事求是 与时俱进 真理 文明,文明 科学 真理 与时俱进 实事求是,真理 实事求是 与时俱进 文明 科学,科学 实事求是 与时俱进 真理 文明
175,17,0.4056277772107233,0.00032868512343715807,0.47058823529411764,此外 据悉 与此同时 除此之外 至此 据 众所周知 综上所述 同时 为此 纵观 近年来,目前 截至 近年来 其中 鉴于 同时 众所周知 可见,据悉 据 纵观 同时 综上所述 目前 众所周知 与此同时 其中 鉴于 此外 为此,此外 据悉 与此同时 除此之外 至此 据 众所周知 综上所述 同时 为此 纵观 近年来 截至 鉴于 目前 可见 其中
176,14,0.4550123462085087,0.05411006085963042,0.21428571428571427,傻 乖 胖 丑 逗 馋 懒 笨 贱 穷 帅 逼,饿 怪 穷 逼 贱 逗 胖 乖,傻 帅 乖 丑 笨 穷 怪 懒 饿 馋 逼 逗,傻 乖 胖 丑 逗 馋 懒 笨 贱 穷 帅 逼 怪 饿
177,11,0.44692672114259935,0.0977870453811416,0.2727272727272727,传闻 传言 绯闻 消息 丑闻 谣言 沸沸扬扬 风波 传出 事件 报道,报道 风波 事件 传出 沸沸扬扬 谣言 丑闻 绯闻,事件 绯闻 丑闻 沸沸扬扬 风波 传出 谣言 消息 报道 传闻 传言,传闻 传言 绯闻 消息 丑闻 谣言 沸沸扬扬 风波 传出 事件 报道
178,7,0.4269319301492083,0.007266759537039682,0.2857142857142857,聘请 雇佣 聘 雇 专职 派遣 专业,派遣 专业 雇 专职 聘 雇佣 聘请,专业 专职 雇 派遣 聘 聘请 雇佣,聘请 雇佣 聘 雇 专职 派遣 专业
179,6,0.4126154211817203,0.009551838550816013,0.5,及时 定时 定期 专人 随时 妥善,定时 妥善 随时 专人 及时 定期,妥善 专人 定时 定期 及时 随时,及时 定时 定期 专人 随时 妥善
180,5,0.40401528342213755,0.06717279489076411,0.2,商标 牌子 牌 招牌 专利,专利 招牌 牌子 商标 牌,专利 牌 商标 牌子 招牌,商标 牌子 牌 招牌 专利
181,15,0.4425358072287618,0.060530954052597126,0.26666666666666666,封建 专制 剥削 官僚 帝国主义 统治 腐朽 资本主义 阶级 压迫 势力 腐化,派别 腐化 主义 世袭 阶级 官僚 压迫 腐朽,专制 资本主义 腐朽 腐化 官僚 帝国主义 压迫 阶级 封建 势力 剥削 统治,封建 专制 剥削 官僚 帝国主义 统治 腐朽 资本主义 阶级 压迫 势力 腐化 主义 世袭 派别
182,43,0.4131582440359662,0.012056659340627248,0.46511627906976744,餐馆 餐厅 饭店 饭馆 酒楼 商场 旅馆 酒吧 宾馆 旅店 超市 商店,养老院 住宿 客房 餐桌 邮局 商城 夜总会 五星级,旅馆 网吧 邮局 网点 店 柜台 饭店 菜市场 旅店 五星级 超市 商城,餐馆 餐厅 饭店 饭馆 酒楼 商场 旅馆 酒吧 宾馆 旅店 超市 商店 书店 酒店 连锁店 店 药店 舞厅 电影院 网吧 餐饮 专卖店 菜市场 便利店 夜总会 客房 食堂 报亭 连锁 夜市 百货 就餐 专柜 五星级 用餐 邮局 柜台 网点 剧院 养老院 住宿 商城 餐桌
183,8,0.3711865283568681,-0.04103723583981825,0.625,学者 科学家 诗人 文人 知识分子 专家 评论员 子弟,子弟 专家 评论员 诗人 文人 科学家 知识分子 学者,专家 科学家 子弟 诗人 评论员 知识分子 文人 学者,学者 科学家 诗人 文人 知识分子 专家 评论员 子弟
184,4,0.3342615738745424,-0.04393093173785125,0.75,专用 特制 定做 公用,公用 定做 特制 专用,定做 公用 特制 专用,专用 特制 定做 公用
185,25,0.4619035694692023,0.06318376695868372,0.36,赶赴 赶往 前往 奔赴 来到 抵达 赶到 起程 飞往 动身 返回 离开,重返 归来 回到 投奔 离开 连夜 走进 前来,连夜 飞往 返回 离开 赶到 赶往 赴 回到 前来 出发 赶赴 抵达,赶赴 赶往 前往 奔赴 来到 抵达 赶到 起程 飞往 动身 返回 离开 到达 回到 赴 直奔 踏上 专程 走进 前来 重返 投奔 出发 连夜 归来
186,27,0.4284009966409746,0.020811661753423534,0.3333333333333333,书籍 专著 画册 著作 辞典 刊物 出版 教材 名著 书 百科全书 词典,出版社 报纸 传记 报刊 册 杂志 主编 手册,插图 图书 词典 册 书 画册 名著 论文 报刊 著作 专著 报纸,书籍 专著 画册 著作 辞典 刊物 出版 教材 名著 书 百科全书 词典 杂志 论文 图书 报刊 册 插图 传记 出版社 文献 教科书 主编 手册 报纸 概论 译
187,10,0.4514446469472536,0.05239572771939072,0.3,特意 故意 刻意 有意 特地 偷偷 无意 存心 假装 专门,偷偷 假装 专门 存心 刻意 无意 故意 有意,无意 偷偷 有意 存心 专门 故意 刻意 假装 特地 特意,特意 故意 刻意 有意 特地 偷偷 无意 存心 假装 专门
188,3,0.3996044373247056,0.025065247301797905,0.3333333333333333,专题 主题 纪实,主题 纪实 专题,专题 主题 纪实,专题 主题 纪实
189,20,0.3330091417242777,-0.06736352456598206,0.75,亦 故 皆 虽 乃 且 则 若 即 唯 后者 前者,其 矣 前者 之 或 后者 绝 即,其 凡 则 即 唯 并 必 亦 之 乃 且 绝,亦 故 皆 虽 乃 且 则 若 即 唯 后者 前者 其 必 矣 并 之 绝 或 凡
190,50,0.4521307216531944,-0.006646323106944738,0.44,自私 愚蠢 高傲 胆怯 傲慢 冷漠 胆小 粗鲁 懒惰 暴躁 无知 倔强,蠢 畏缩 暴躁 娇惯 叛逆 狭隘 胆怯 漠然,盛气凌人 胆小 爱面子 无能 糊涂 倔 粗鲁 虚伪 软弱 贪婪 无知 害羞,自私 愚蠢 高傲 胆怯 傲慢 冷漠 胆小 粗鲁 懒惰 暴躁 无知 倔强 固执 奸诈 鲁莽 虚伪 自以为是 幼稚 蠢 狡猾 软弱 冷酷 自卑 无情无义 贪婪 自私自利 娇惯 天真 世故 小气 娇气 顽皮 调皮 目中无人 叛逆 爱面子 冷酷无情 无能 盛气凌人 倔 庸俗 狭隘 害羞 大大咧咧 畏缩 糊涂 淘气 自负 漠然 堕落
191,9,0.42648688029886045,-0.0822889292691014,0.4444444444444444,宇宙 地球 人类 自然界 物体 外星人 事物 陨石 世界,世界 自然界 人类 事物 物体 陨石 地球 外星人,外星人 物体 事物 人类 自然界 宇宙 世界 地球 陨石,宇宙 地球 人类 自然界 物体 外星人 事物 陨石 世界
192,38,0.41794484852361385,0.0032906447620504875,0.47368421052631576,决赛 夺冠 半决赛 冠军 比赛 亚军 预赛 银牌 铜牌 世界杯 单打 奖牌,得分 球队 胜出 取胜 半场 出局 奥运会 比分,获胜 东道主 参赛 选手 决赛 取胜 得分 奥运会 赛场 联赛 球队 铜牌,决赛 夺冠 半决赛 冠军 比赛 亚军 预赛 银牌 铜牌 世界杯 单打 奖牌 参赛 金牌 获胜 选手 夺魁 双打 赛场 联赛 大奖赛 赛 奥运会 爆冷门 取胜 奖杯 大赛 亚运会 东道主 比分 球队 胜出 入场券 出局 失利 胜负 半场 得分
193,8,0.45761129259327127,0.09434860116906495,0.125,顶级 顶尖 知名 世界级 重量级 资深 领军 精英,精英 资深 重量级 领军 知名 世界级 顶级 顶尖,顶级 顶尖 资深 精英 知名 重量级 世界级 领军,顶级 顶尖 知名 世界级 重量级 资深 领军 精英
194,1,,0.0,0.0,世纪,世纪,世纪,世纪
195,71,0.384317919703143,-0.024383189516108145,0.6056338028169014,山岭 峡谷 湖泊 山坡 海岸 沼泽 礁石 山谷 河流 丘陵 树林 海滩,池塘 海湾 岛 海浪 地形 海水 洞 水库,丘陵 运河 树荫 湖泊 冰雪 坝 坡 堤 山 岸 岛 瀑布,山岭 峡谷 湖泊 山坡 海岸 沼泽 礁石 山谷 河流 丘陵 树林 海滩 山峰 海面 沙滩 高山 沙漠 山顶 小溪 海边 平原 岛屿 池塘 大海 沿岸 岩石 雪山 茂密 草原 湖 海滨 水域 悬崖 河 堤坝 森林 水面 瀑布 水库 海浪 海水 岸上 丛林 陆地 海域 高原 山 草地 海底 坝 沟 戈壁 山冈 海湾 岸 海拔 海洋 树荫 堤 地形 坡 河畔 流域 火山 岛 牧场 运河 冰山 冰雪 洞 热带
196,3,0.7105063583108052,0.5648143744319539,0.0,乙 甲 丙,丙 甲 乙,乙 丙 甲,乙 甲 丙
197,5,0.27432709103977476,-0.09720592174816245,1.0,持有 股份 持 业 网,网 业 持 股份 持有,持有 业 网 持 股份,持有 股份 持 业 网
198,13,0.4048671748667794,0.03619817189394561,0.38461538461538464,利润 盈利 产值 效益 产量 业绩 收益 增收 销量 增产 价值 全年,价值 效益 增收 全年 业绩 销量 增产 增值,增产 增值 增收 收益 效益 盈利 全年 利润 价值 产值 业绩 销量,利润 盈利 产值 效益 产量 业绩 收益 增收 销量 增产 价值 全年 增值
199,42,0.35766353329144845,-0.029264295409048683,0.6190476190476191,北部 南部 东部 东南 西北 西部 中部 西南 市区 郊区 山区 东北,半岛 国土 地带 首都 边境 乡村 北 地区,东北 东南 境内 区 北 南 县 市 东 城镇 北部 乡村,北部 南部 东部 东南 西北 西部 中部 西南 市区 郊区 山区 东北 沿海 地区 北 南 首府 城区 西 北方 边境 半岛 东 城镇 县 边远 郊外 境内 交界 南北 村庄 区 地带 滨海 首都 城市 南方 市 乡村 边疆 位于 国土
200,14,0.4615803264645727,0.06042059517487176,0.21428571428571427,忙碌 操劳 奔波 劳累 辛苦 忙 忙活 忙乱 操心 繁忙 东奔西走 风餐露宿,忍饥挨饿 操心 忙乱 累 忙 东奔西走 忙活 繁忙,忍饥挨饿 忙 累 操心 操劳 劳累 繁忙 东奔西走 辛苦 风餐露宿 忙乱 忙活,忙碌 操劳 奔波 劳累 辛苦 忙 忙活 忙乱 操心 繁忙 东奔西走 风餐露宿 忍饥挨饿 累
201,9,0.4502938907195604,0.023962164190343346,0.4444444444444444,瞅 瞧 打量 看 东张西望 左顾右盼 只见 盯 看得出,看得出 左顾右盼 东张西望 只见 盯 看 瞧 打量,瞧 瞅 看 盯 打量 只见 左顾右盼 东张西望 看得出,瞅 瞧 打量 看 东张西望 左顾右盼 只见 盯 看得出
202,2,0.34468158206561017,-0.026518447730612366,1.0,东方 凤凰,东方 凤凰,凤凰 东方,东方 凤凰
203,8,0.516606947477273,0.1782730763964609,0.25,事 事情 好事 大事 坏事 件 喜事 东西,件 东西 喜事 大事 坏事 事 事情 好事,事情 件 事 大事 东西 好事 喜事 坏事,事 事情 好事 大事 坏事 件 喜事 东西
204,4,0.45283701718111863,0.1059818464930805,0.25,缕 束 丝 串,串 束 丝 缕,串 丝 缕 束,缕 束 丝 串
205,10,0.3735369109067923,-0.06679609327434605,0.8,放 搁 挂 丢 摆 放到 倒 装 把 开,把 放到 开 摆 装 丢 放 倒,倒 开 丢 摆 搁 放 把 挂 放到 装,放 搁 挂 丢 摆 放到 倒 装 把 开
206,10,0.4528022856296356,-0.016688482684234437,0.5,丢脸 丢人 冤枉 倒霉 惨 难看 挨打 吃亏 冤 面子,面子 冤 吃亏 挨打 难看 惨 丢人 倒霉,冤 惨 面子 丢人 冤枉 挨打 丢脸 倒霉 吃亏 难看,丢脸 丢人 冤枉 倒霉 惨 难看 挨打 吃亏 冤 面子
207,14,0.43510573097649363,0.045167054624117,0.2857142857142857,忘掉 丢掉 忘记 抛弃 放弃 失去 丧失 遗忘 迷失 放下 丢失 忘,脱离 迷失 丢失 忘 抛开 放下 遗忘 抛弃,忘掉 忘 丢失 丢掉 迷失 抛弃 抛开 放弃 遗忘 放下 脱离 失去,忘掉 丢掉 忘记 抛弃 放弃 失去 丧失 遗忘 迷失 放下 丢失 忘 抛开 脱离
208,7,0.44215745578845417,0.0497185168955128,0.14285714285714285,烧毁 遗弃 毁坏 丢弃 焚烧 销毁 冷落,冷落 焚烧 毁坏 丢弃 遗弃 销毁 烧毁,丢弃 冷落 毁坏 遗弃 焚烧 销毁 烧毁,烧毁 遗弃 毁坏 丢弃 焚烧 销毁 冷落
209,6,0.408137740263161,-0.011164882683319291,0.5,中外 海内外 内外 古今中外 众多 两岸,两岸 众多 古今中外 海内外 内外 中外,中外 海内外 古今中外 两岸 内外 众多,中外 海内外 内外 古今中外 众多 两岸
210,63,0.4609029088554802,0.025336682756426886,0.30158730158730157,胳膊 手臂 脖子 嘴唇 手掌 肩膀 鼻子 脸颊 舌头 腿 手指 嘴巴,伤口 眼 伸 头 睁 怀里 脑袋 握,爪子 肚子 浑身 肢体 把手 脖子 嘴 头 伸 拳头 骨头 喉咙,胳膊 手臂 脖子 嘴唇 手掌 肩膀 鼻子 脸颊 舌头 腿 手指 嘴巴 爪子 脑袋 眼睛 耳朵 身子 喉咙 膝盖 胸膛 颈部 手腕 眉毛 肚子 胸部 双手 腰 身体 嘴 腹部 头发 身躯 指甲 指头 脸 脚 把手 手脚 牙齿 全身 头顶 浑身 骨头 伤口 嗓子 怀里 用力 肩 尾巴 拳头 面部 肢体 眼 睁 手 两手 头部 头 伸 握 胡子 牙 肌肤
211,13,0.4002661506720997,0.047699785055759114,0.46153846153846156,小型 中型 轻型 大型 微型 巨型 重型 多功能 两栖 高档 袖珍 民用,高档 两栖 多功能 通用 袖珍 民用 巨型 重型,重型 微型 中型 大型 小型 袖珍 巨型 民用 两栖 轻型 高档 多功能,小型 中型 轻型 大型 微型 巨型 重型 多功能 两栖 高档 袖珍 民用 通用
212,4,0.42168187699223175,0.00820152917157246,0.75,宽松 紧 严 中性,严 中性 宽松 紧,严 紧 中性 宽松,宽松 紧 严 中性
213,6,0.4641534818353419,0.11466270906048188,0.0,惩罚 威慑 制裁 严厉 打击 戒备,戒备 严厉 打击 威慑 制裁 惩罚,制裁 严厉 惩罚 戒备 打击 威慑,惩罚 威慑 制裁 严厉 打击 戒备
214,13,0.4301622358719511,0.0020650790748859807,0.5384615384615384,细致 细心 周密 仔细 认真 精心 严谨 用心 严密 周到 耐心 扎实,耐心 超前 用心 扎实 周到 严密 严谨 认真,周密 周到 细心 严密 超前 细致 用心 耐心 扎实 认真 严谨 精心,细致 细心 周密 仔细 认真 精心 严谨 用心 严密 周到 耐心 扎实 超前
215,12,0.48462670819629233,0.057679807198628606,0.25,紧迫 急迫 严峻 艰巨 繁重 迫切 棘手 复杂 困难 窘迫 紧张 沉重,沉重 困难 复杂 窘迫 紧张 严峻 棘手 繁重,紧张 严峻 窘迫 紧迫 艰巨 迫切 急迫 困难 棘手 繁重 沉重 复杂,紧迫 急迫 严峻 艰巨 繁重 迫切 棘手 复杂 困难 窘迫 紧张 沉重
216,4,0.46941814998627884,0.08943247890248164,0.25,苛刻 严格 挑剔 把关,把关 苛刻 挑剔 严格,严格 挑剔 苛刻 把关,苛刻 严格 挑剔 把关
217,5,0.4508342320930966,0.08316024299596907,0.2,庄严 郑重 神圣 宣誓 严肃,严肃 宣誓 神圣 郑重 庄严,宣誓 郑重 神圣 庄严 严肃,庄严 郑重 神圣 宣誓 严肃
218,19,0.43392462916218566,-0.0016210663565195827,0.5789473684210527,受伤 遇难 重伤 丧生 失踪 死亡 伤亡 车祸 遇险 事故 倒塌 空难,失明 事故 伤势 昏迷 无家可归 车祸 受害 遇险,幸存 无辜 事故 伤势 伤亡 失踪 倒塌 无家可归 空难 死亡 受伤 遇难,受伤 遇难 重伤 丧生 失踪 死亡 伤亡 车祸 遇险 事故 倒塌 空难 昏迷 伤势 无辜 幸存 失明 受害 无家可归
219,2,0.3690712968694101,-0.1332648870055445,1.0,个 只,个 只,只 个,个 只
220,2,0.5495187796993724,0.2582765814748912,0.0,个人 本人,本人 个人,本人 个人,个人 本人
221,5,0.4260396303487523,0.08115238152705813,0.2,私营 私有 私人 国有 个体,个体 私人 国有 私有 私营,私营 国有 私有 私人 个体,私营 私有 私人 国有 个体
222,20,0.4430551717403791,0.05918230962956622,0.35,壮实 健壮 结实 苗条 强壮 身材 修长 丰满 矮小 红润 高大 个头儿,柔软 饱满 滋润 个子 瘦 红润 身材 个头儿,身材 壮 矮 瘦 红润 健壮 苗条 强壮 矮小 丰满 个头儿 修长,壮实 健壮 结实 苗条 强壮 身材 修长 丰满 矮小 红润 高大 个头儿 瘦 个儿 矮 壮 柔软 个子 饱满 滋润
223,16,0.4421068815684551,-0.00997169460880444,0.3125,性格 性情 天性 爱好 个性 外貌 本性 嗜好 特质 喜好 长相 外表,外表 兴趣 天生 心肠 家境 本性 天性 嗜好,长相 本性 嗜好 兴趣 外貌 外表 天生 天性 喜好 家境 特质 心肠,性格 性情 天性 爱好 个性 外貌 本性 嗜好 特质 喜好 长相 外表 天生 家境 心肠 兴趣
224,1,,0.0,0.0,个案,个案,个案,个案
225,2,0.43978002302397634,0.07163180367806014,0.5,开发商 中介,中介 开发商,中介 开发商,开发商 中介
226,90,0.4004019078885183,-0.06478122507632171,0.7444444444444445,治疗 疾病 患者 病人 病症 急性 肿瘤 急诊 癌症 确诊 糖尿病 病,输液 处方 痴呆 药物 手术室 中药 麻醉 急救,临床 看病 疗效 传染病 疗法 流感 免疫 挂号 肿瘤 糖尿病 病 癌,治疗 疾病 患者 病人 病症 急性 肿瘤 急诊 癌症 确诊 糖尿病 病 慢性 炎症 发病 病情 症状 住院 传染病 高血压 手术 心脏病 抑郁症 复发 内科 儿科 患病 诊断 外科 门诊 就诊 精神病 打针 治愈 医生 临床 腹泻 西医 针灸 医院 救治 药物 患 感冒 疗效 艾滋病 治病 癌 康复 流感 出院 患有 中医 血栓 疗法 发作 输液 看病 过敏 生病 抗生素 急救 感染 麻醉 痴呆 会诊 医学 霍乱 免疫 休克 职业病 抑郁 创伤 手术室 疫苗 护士 护理 注射 诊所 中毒 挂号 就医 传染 肥胖 中药 大夫 医务 处方 医疗 病毒
227,2,0.3457441752950787,-0.06867198345002645,1.0,中华 老字号,老字号 中华,老字号 中华,中华 老字号
228,10,0.3746654642293959,-0.030593201796397795,0.6,社会主义 祖国 民族 中华民族 党 人民 改革开放 革命 爱国 市场经济,人民 市场经济 中华民族 爱国 改革开放 革命 党 祖国,祖国 党 人民 革命 民族 社会主义 改革开放 市场经济 中华民族 爱国,社会主义 祖国 民族 中华民族 党 人民 改革开放 革命 爱国 市场经济
229,17,0.39573001458168294,-0.06693693446529167,0.5882352941176471,国外 国内 海外 内地 外国 本土 境外 本地 全球 外地 中国 国际,全球 全国 外地 外国 外资 主流 本地 当地,境外 海外 本土 本地 中国 当地 全国 国内 国外 全球 大陆 外资,国外 国内 海外 内地 外国 本土 境外 本地 全球 外地 中国 国际 大陆 全国 外资 当地 主流
230,26,0.4577986536431143,0.12262134100162078,0.19230769230769232,绘画 国画 油画 雕刻 雕塑 壁画 画 素描 中国画 年画 刺绣 书法,技艺 装饰 摄影 瓷 漆 手工 画家 肖像,雕塑 技艺 雕刻 瓷器 肖像 图画 摄影 刺绣 画 瓷 画家 画儿,绘画 国画 油画 雕刻 雕塑 壁画 画 素描 中国画 年画 刺绣 书法 美术 工艺品 画家 瓷器 图画 肖像 画儿 雕 瓷 摄影 技艺 装饰 手工 漆
231,5,0.3407640757001355,-0.1266341182696246,0.8,内部 外部 外界 高层 中央,中央 外部 外界 高层 内部,内部 中央 外部 外界 高层,内部 外部 外界 高层 中央
232,14,0.42732199199938936,0.04176732580160138,0.2857142857142857,奖项 奖 获奖 奖励 奖品 表彰 评选 抽奖 荣誉 颁发 勋章 表扬,投票 表扬 表彰 奖品 荣誉 勋章 抽奖 颁发,勋章 颁发 抽奖 奖项 奖 中奖 奖励 奖品 获奖 投票 表扬 评选,奖项 奖 获奖 奖励 奖品 表彰 评选 抽奖 荣誉 颁发 勋章 表扬 中奖 投票
233,15,0.44182458332688285,-0.0015744018359672082,0.5333333333333333,儿童 青少年 残疾人 盲人 聋人 残疾 未成年人 少儿 少年 中学生 老年 小学生,轮椅 伤残 儿童 残疾 成人 少年 老年 聋人,伤残 聋人 轮椅 未成年人 盲人 青少年 小学生 成人 老年 残疾人 残疾 中学生,儿童 青少年 残疾人 盲人 聋人 残疾 未成年人 少儿 少年 中学生 老年 小学生 成人 伤残 轮椅
234,8,0.5134478963670777,0.1413134905702771,0.25,年纪 年龄 岁数 年轻 岁 中年 成年 阅历,阅历 成年 中年 岁 年轻 年龄 岁数 年纪,年轻 岁 岁数 年纪 中年 阅历 成年 年龄,年纪 年龄 岁数 年轻 岁 中年 成年 阅历
235,1,,0.0,0.0,中庸,中庸,中庸,中庸
236,5,0.3473582766934512,-0.021739727905770206,0.6,办事处 总部 驻 中心 开发区,中心 开发区 驻 办事处 总部,办事处 中心 总部 驻 开发区,办事处 总部 驻 中心 开发区
237,57,0.401591547015243,0.020784062505446333,0.47368421052631576,英语 口语 汉语 语法 课文 听写 词汇 作文 外语 句子 生词 俄语,题 笔记 预习 卷子 命题 大纲 抄写 阅读,复习 写作 读音 生词 词汇 朗读 课本 课文 句子 背诵 流利 语音,英语 口语 汉语 语法 课文 听写 词汇 作文 外语 句子 生词 俄语 背诵 日语 写作 英文 法语 汉字 朗读 课本 填空 普通话 翻译 语言 听力 默读 错别字 文字 音节 题目 试题 繁体字 字典 复习 读音 试卷 中文 抄写 识字 西班牙语 简体字 字母 阿拉伯语 卷子 考题 方言 读 流利 预习 阅读 题 语音 笔记 口音 外文 大纲 命题
238,15,0.4202576131156852,0.034310075136090426,0.4666666666666667,中止 终止 停止 取消 暂停 撤销 关闭 解除 解散 废除 中断 停业,解除 免除 停业 废除 延长 退出 中断 关闭,暂停 终止 取消 停业 停止 中止 中断 解散 废除 关闭 退出 免除,中止 终止 停止 取消 暂停 撤销 关闭 解除 解散 废除 中断 停业 退出 免除 延长
239,42,0.444516458588455,0.08230455883833178,0.35714285714285715,春节 中秋节 元宵节 清明节 除夕 节日 圣诞节 佳节 元旦 端午节 过年 假期,团圆 张灯结彩 淡季 旺季 每逢 拜年 星期日 时节,拜年 清明节 张灯结彩 周末 中秋节 新年 星期日 旺季 元宵节 团圆 暑假 时节,春节 中秋节 元宵节 清明节 除夕 节日 圣诞节 佳节 元旦 端午节 过年 假期 新年 长假 国庆 过节 节假日 放假 暑假 假日 寒假 农历 腊月 清明 周末 时节 年夜饭 暑期 庙会 每逢 团圆 喜庆 节气 拜年 生日 初一 纪念日 旺季 星期日 张灯结彩 狂欢节 淡季
240,11,0.4464715198572118,0.010132924794180249,0.2727272727272727,公正 公平 正义 平等 公道 人权 人道 尊严 民主 中立 尊重,尊重 尊严 正义 民主 中立 平等 公平 人权,平等 人权 中立 人道 公道 尊重 民主 尊严 公平 公正 正义,公正 公平 正义 平等 公道 人权 人道 尊严 民主 中立 尊重
241,5,0.467765900189271,0.20464352941199904,0.0,中级 初级 高级 高等 中等,中等 高级 高等 初级 中级,中等 中级 初级 高等 高级,中级 初级 高级 高等 中等
242,13,0.4274245268863656,-0.00286658788939832,0.38461538461538464,雄厚 丰厚 深厚 充沛 得天独厚 充足 丰富 良好 优越 可观 强劲 悠久,显著 悠久 良好 强劲 深厚 可观 雄厚 优越,优越 得天独厚 显著 强劲 良好 丰富 丰厚 深厚 充足 充沛 可观 雄厚,雄厚 丰厚 深厚 充沛 得天独厚 充足 丰富 良好 优越 可观 强劲 悠久 显著
243,12,0.3668350711372286,-0.07079984579615749,0.75,硕果 丰硕 成就 胜利 成果 丰收 辉煌 收获 建树 凯歌 开花 解放,成就 解放 凯歌 成果 开花 胜利 建树 辉煌,开花 凯歌 解放 建树 丰硕 丰收 成就 收获 成果 硕果 胜利 辉煌,硕果 丰硕 成就 胜利 成果 丰收 辉煌 收获 建树 凯歌 开花 解放
244,7,0.3871321205271228,0.006742058998967342,0.2857142857142857,原汁原味 正宗 地道 新鲜 鲜活 特色 丰盛,特色 丰盛 新鲜 正宗 原汁原味 鲜活 地道,鲜活 原汁原味 地道 丰盛 新鲜 特色 正宗,原汁原味 正宗 地道 新鲜 鲜活 特色 丰盛
245,1,,0.0,0.0,临,临,临,临
246,1,,0.0,0.0,临时,临时,临时,临时
247,74,0.4408059949250165,-0.023957825850127585,0.5405405405405406,柜子 屋子 卧室 窗子 窗户 房间 窗台 桌子 书桌 客厅 楼道 椅子,机舱 病房 梯子 小区 床 箱子 笼子 院子,卫生间 寝室 宿舍 洗手间 阳台 抽屉 盒子 墙 屋 床 办公室 柜子,柜子 屋子 卧室 窗子 窗户 房间 窗台 桌子 书桌 客厅 楼道 椅子 凳子 阳台 书橱 墙壁 卫生间 书柜 过道 楼梯 院子 写字台 浴室 书房 书架 沙发 厨房 洗手间 寝室 窗帘 抽屉 教室 宿舍 藤椅 箱子 帘子 垫子 帐子 栏杆 防盗门 厕所 楼下 地下室 楼上 床 楼房 木板 地板 台灯 病房 梯子 墙 柱子 杯子 马桶 楼 围墙 镜子 教学楼 屋顶 笼子 居民楼 临街 屋 黑板 走廊 电梯 机舱 架子 办公室 帐篷 盒子 更衣室 小区
248,9,0.4111569297637939,0.00004715676479499621,0.5555555555555556,来临 到来 尾声 高潮 序幕 热潮 降临 临近 潮,临近 潮 降临 序幕 热潮 尾声 高潮 到来,到来 热潮 潮 尾声 降临 序幕 高潮 临近 来临,来临 到来 尾声 高潮 序幕 热潮 降临 临近 潮
249,7,0.4622099959062161,0.1313060885879687,0.0,药片 药 药水 胶囊 剂 药品 丸,药水 药品 剂 丸 药 药片 胶囊,剂 丸 药片 药水 药品 胶囊 药,药片 药 药水 胶囊 剂 药品 丸
250,9,0.38672943698861123,-0.01672712240174006,0.4444444444444444,依靠 凭借 凭着 靠 凭 以 依赖 秉承 为,为 秉承 依赖 以 凭借 依靠 凭着 凭,秉承 凭 以 为 依赖 依靠 靠 凭借 凭着,依靠 凭借 凭着 靠 凭 以 依赖 秉承 为
251,4,0.3345227668898419,-0.02128878851872232,0.75,为主 型 式 少量,少量 型 式 为主,少量 型 式 为主,为主 型 式 少量
252,1,,0.0,0.0,为了,为了,为了,为了
253,64,0.4349804397696932,-0.035181892401774266,0.578125,谦逊 善良 文雅 和蔼 朴实 谦虚 豁达 温柔 稳重 质朴 沉稳 纯朴,宽容 低调 听话 得体 勇敢 聪明 高雅 坚韧,正直 诚恳 坦率 质朴 含蓄 优雅 俊俏 光明磊落 纯朴 诚实 得体 懂事,谦逊 善良 文雅 和蔼 朴实 谦虚 豁达 温柔 稳重 质朴 沉稳 纯朴 乖巧 开朗 敦厚 耿直 诚恳 聪明 礼貌 慈祥 诚实 彬彬有礼 风趣 刚毅 幽默 正直 英俊 俊俏 得体 友善 宽厚 体贴 老实 含蓄 厚道 活泼 仁慈 可爱 坦率 大方 讨人喜欢 优雅 朴素 坦诚 懂事 坚韧 高贵 孝顺 好学 勇敢 风度 宽容 机灵 柔和 为人 听话 硬朗 平和 光明磊落 好客 高雅 低调 高尚 敬业
254,7,0.47264436802183774,0.09658673362922976,0.2857142857142857,何时 能否 究竟 如何 是否 为何 迟迟,如何 迟迟 究竟 能否 为何 是否 何时,迟迟 能否 为何 何时 是否 如何 究竟,何时 能否 究竟 如何 是否 为何 迟迟
255,10,0.4344897681412298,0.0942929465474687,0.2,历时 长达 历经 耗时 经过 整整 时隔 漫长 为期 全长,全长 整整 时隔 漫长 历经 经过 为期 耗时,历时 历经 经过 长达 漫长 时隔 耗时 整整 为期 全长,历时 长达 历经 耗时 经过 整整 时隔 漫长 为期 全长
256,6,0.44955143662589986,0.09751668605561874,0.16666666666666666,迄今 迄今为止 为止 至今 止 底,底 止 迄今为止 至今 迄今 为止,底 止 迄今 迄今为止 为止 至今,迄今 迄今为止 为止 至今 止 底
257,1,,0.0,0.0,主,主,主,主
258,7,0.41663380894951657,0.042774239351152245,0.2857142857142857,来宾 嘉宾 客人 贵宾 主持人 评委 主人,主人 主持人 评委 贵宾 客人 来宾 嘉宾,嘉宾 贵宾 客人 评委 主持人 主人 来宾,来宾 嘉宾 客人 贵宾 主持人 评委 主人
259,8,0.42641770306318943,-0.007074724043903295,0.375,角色 主角 扮演 主人公 替身 人物 充当 扮,扮 替身 充当 人物 主人公 主角 角色 扮演,扮演 角色 扮 人物 主人公 充当 主角 替身,角色 主角 扮演 主人公 替身 人物 充当 扮
260,42,0.3922588503415613,-0.03776445048373112,0.47619047619047616,主任 院长 处长 秘书长 局长 部长 总经理 总裁 总监 所长 董事长 会长,先生 厂长 领导 组长 理事 校长 兼 团长,秘书长 研究所 兼 董事长 院长 会长 处长 博士 司长 总监 工程师 院士,主任 院长 处长 秘书长 局长 部长 总经理 总裁 总监 所长 董事长 会长 书记 组长 委员 助理 校长 教授 秘书 司长 主席 理事 团长 顾问 负责人 首席 主管 经理 市长 博士 厂长 兼 导师 院士 工程师 发言人 委员会 创始人 领导 研究所 先生 特邀
261,5,0.34893777279482696,-0.040565033648285856,0.6,部门 机构 单位 人士 主体,主体 人士 单位 机构 部门,人士 部门 主体 单位 机构,部门 机构 单位 人士 主体
262,2,0.32070242292836504,-0.07895304021546597,1.0,头号 主力,主力 头号,头号 主力,头号 主力
263,23,0.4022718349280748,-0.019700023111131358,0.4782608695652174,创办 举办 开办 设立 成立 主办 组建 创立 承办 发起 开设 召开,联合 发布 办 设立 起草 发起人 开设 启动,开设 牵头 开通 办 启动 联合 组建 开办 起草 举办 发布 出资,创办 举办 开办 设立 成立 主办 组建 创立 承办 发起 开设 召开 推出 筹办 牵头 启动 开通 出资 办 联合 发布 起草 发起人
264,3,0.3608987920270486,-0.02750744331893661,0.3333333333333333,主动 被动 向,向 被动 主动,向 被动 主动,主动 被动 向
265,4,0.42241966282848126,0.06363281476118293,0.25,掌管 主宰 支配 接手,接手 支配 主宰 掌管,支配 掌管 接手 主宰,掌管 主宰 支配 接手
266,10,0.424606194781217,0.03227461841890904,0.4,带动 拉动 驱动 引领 拖累 影响 支撑 刺激 主导 受益,驱动 受益 主导 支撑 影响 刺激 引领 拖累,带动 拖累 刺激 驱动 拉动 支撑 受益 影响 主导 引领,带动 拉动 驱动 引领 拖累 影响 支撑 刺激 主导 受益
267,9,0.4365073874294776,-0.0036785701514762095,0.5555555555555556,倡导 呼吁 倡议 提倡 号召 主张 鼓励 提议 旨在,旨在 提倡 鼓励 号召 提议 主张 倡议 呼吁,呼吁 提倡 鼓励 倡导 倡议 提议 主张 旨在 号召,倡导 呼吁 倡议 提倡 号召 主张 鼓励 提议 旨在
268,2,0.5331164411994075,0.16423247183429276,0.0,念头 主意,念头 主意,主意 念头,念头 主意
269,5,0.5025422866965491,0.14410277979029643,0.2,率领 带队 带领 亲自 主持,亲自 主持 带领 率领 带队,率领 亲自 带领 带队 主持,率领 带队 带领 亲自 主持
270,3,0.5181925076882298,0.22034024126061835,0.0,领土 主权 邻国,邻国 主权 领土,领土 邻国 主权,领土 主权 邻国
271,11,0.47525104007765323,0.09801332243442969,0.09090909090909091,感性 直觉 理智 理性 认知 知觉 思维 审美 人性 本能 主观,思维 审美 人性 本能 主观 认知 理性 理智,人性 思维 审美 直觉 理智 理性 主观 本能 知觉 认知 感性,感性 直觉 理智 理性 认知 知觉 思维 审美 人性 本能 主观
272,7,0.3978695780894953,0.006973564253762383,0.42857142857142855,牵 抱 挽 扶 拄 举 捂,抱 捂 举 拄 挽 牵 扶,举 牵 扶 拄 抱 捂 挽,牵 抱 挽 扶 拄 举 捂
273,3,0.3597532287128516,-0.006757276420254695,0.6666666666666666,有的放矢 循序渐进 举一反三,举一反三 有的放矢 循序渐进,举一反三 有的放矢 循序渐进,有的放矢 循序渐进 举一反三
274,14,0.4669969153317247,0.0707229171152651,0.2857142857142857,有名 闻名 驰名 著名 远近闻名 大名鼎鼎 出名 举世闻名 名副其实 家喻户晓 耳熟能详 公认,号称 家喻户晓 耳熟能详 当之无愧 公认 名副其实 著名 出名,耳熟能详 家喻户晓 著名 举世闻名 名副其实 公认 有名 出名 远近闻名 当之无愧 闻名 驰名,有名 闻名 驰名 著名 远近闻名 大名鼎鼎 出名 举世闻名 名副其实 家喻户晓 耳熟能详 公认 当之无愧 号称
275,26,0.41938766247158843,-0.049877471934195956,0.5384615384615384,阐述 叙述 论述 概括 描述 讲述 表述 描绘 讲解 解释 归纳 介绍,描写 形容 讲解 研讨 描绘 举例 探讨 展示,叙述 概括 展示 总结 揭示 举例 解析 描述 探讨 讲述 讲解 研讨,阐述 叙述 论述 概括 描述 讲述 表述 描绘 讲解 解释 归纳 介绍 列举 揭示 探讨 总结 描写 解读 简要 解析 陈述 举例 展示 论证 研讨 形容
276,12,0.4647894058748103,0.04256477968232502,0.25,看法 想法 观点 见解 言论 说法 态度 立场 做法 表态 举动 意见,想法 举动 表态 态度 言论 意见 说法 做法,看法 立场 举动 言论 想法 观点 态度 说法 做法 意见 见解 表态,看法 想法 观点 见解 言论 说法 态度 立场 做法 表态 举动 意见
277,15,0.4142068010214868,-0.01764987543506031,0.5333333333333333,低头 回头 转身 俯首 招手 伸手 抬头 站住 停下 过头 鞠躬 举手,回首 跪 过头 挥 抬头 停下 站住 伸手,俯首 转身 停下 挥 站住 伸手 举手 回首 跪 回头 鞠躬 招手,低头 回头 转身 俯首 招手 伸手 抬头 站住 停下 过头 鞠躬 举手 挥 跪 回首
278,11,0.413288751836337,0.007175430401791577,0.2727272727272727,制度 机制 政策 体制 措施 举措 改革 体系 调控 职能 紧缩,紧缩 职能 调控 措施 举措 政策 体系 改革,机制 举措 制度 职能 体系 措施 体制 调控 改革 紧缩 政策,制度 机制 政策 体制 措施 举措 改革 体系 调控 职能 紧缩
279,22,0.46831008678177605,0.028676039382579475,0.4090909090909091,神情 神态 表情 眼神 语气 笑容 神气 模样 样子 脸色 举止 口气,形象 举止 姿势 眼色 模样 架势 样子 言辞,语气 脸色 微笑 模样 举止 言语 言辞 姿态 眼神 口气 姿势 样子,神情 神态 表情 眼神 语气 笑容 神气 模样 样子 脸色 举止 口气 姿态 笑脸 微笑 言语 眼色 姿势 言辞 架势 手势 形象
280,38,0.41301438529245665,0.005796700183995458,0.4473684210526316,开幕 大会 开幕式 闭幕式 展览会 闭幕 博览会 晚会 招待会 盛会 庆典 展览,届 演讲 周年 联欢 集会 贺信 嘉年华 参展,嘉年华 集会 招待会 颁奖 联欢 宴会 演讲 周年 届 参展 举行 座谈会,开幕 大会 开幕式 闭幕式 展览会 闭幕 博览会 晚会 招待会 盛会 庆典 展览 颁奖 峰会 宴会 发布会 致辞 会议 典礼 隆重 座谈会 集会 举行 论坛 联欢 仪式 画展 盛大 演讲 展出 出席 贺信 周年 参展 车展 嘉年华 沙龙 届
281,45,0.42848313825883255,0.006466190225823959,0.5333333333333333,乒乓球 体操 滑冰 田径 篮球 游泳 网球 羽毛球 排球 滑雪 举重 摔跤,球拍 热气球 帆船 太极拳 赛车 俱乐部 野炊 爬山,俱乐部 登山 帆船 网球 球拍 野营 举重 武术 滑冰 潜水 游泳 健美,乒乓球 体操 滑冰 田径 篮球 游泳 网球 羽毛球 排球 滑雪 举重 摔跤 台球 棒球 跳远 跳高 高尔夫球 武术 登山 足球 帆船 划船 运动员 打球 跳伞 健身 冲浪 射击 健美 运动会 长跑 太极拳 爬山 竞技 龙舟 赛车 体育 钓鱼 潜水 热气球 球拍 野营 户外 野炊 俱乐部
282,1,,0.0,0.0,乃至,乃至,乃至,乃至
283,5,0.27283350333037826,-0.1690943790941499,1.0,松 静 密 久 罗,罗 静 久 松 密,密 久 罗 松 静,松 静 密 久 罗
284,7,0.4669018994296283,0.10468964500348152,0.14285714285714285,难得一见 罕见 难得 少有 少见 久违 昔日,昔日 少有 久违 少见 难得 罕见 难得一见,少见 昔日 难得一见 罕见 久违 难得 少有,难得一见 罕见 难得 少有 少见 久违 昔日
285,14,0.4436118097409843,0.06485019972026591,0.14285714285714285,担负 肩负 承担 责任 负有 职责 担当 重任 履行 义务 使命 负责,作出 使命 分担 重任 履行 负有 负责 职责,履行 使命 担负 义务 责任 职责 负有 分担 担当 作出 负责 承担,担负 肩负 承担 责任 负有 职责 担当 重任 履行 义务 使命 负责 分担 作出
286,24,0.42961032103207303,0.02264175012889133,0.5,捐助 捐款 募捐 捐赠 慈善 救助 捐献 捐 资助 援助 筹集 救灾,志愿者 献血 筹 扶持 援助 公益 义工 救济,献血 赞助 筹 捐 捐助 捐款 捐献 资助 义工 志愿者 筹集 灾区,捐助 捐款 募捐 捐赠 慈善 救助 捐献 捐 资助 援助 筹集 救灾 爱心 公益 救济 义工 赞助 拨款 筹措 灾区 志愿者 献血 筹 扶持
287,6,0.30461902492851667,-0.1733986868796008,1.0,在内 及 等 相关 关联 之一,之一 相关 关联 及 在内 等,及 等 关联 相关 之一 在内,在内 及 等 相关 关联 之一
288,8,0.46151342315992966,0.15958922256761096,0.125,以外 之外 外 以内 之内 内 除 除外,除 之内 除外 以内 内 之外 外 以外,内 外 以外 以内 除 之内 之外 除外,以外 之外 外 以内 之内 内 除 除外
289,12,0.409584554272106,-0.02886159620694669,0.5833333333333334,相连 相通 重合 衔接 连接 重叠 贯通 吻合 接轨 隔开 之间 交集,之间 隔开 吻合 交集 接轨 衔接 相通 贯通,重合 重叠 贯通 连接 交集 相通 相连 衔接 之间 吻合 隔开 接轨,相连 相通 重合 衔接 连接 重叠 贯通 吻合 接轨 隔开 之间 交集
290,15,0.4051794138013538,0.002427525406582213,0.5333333333333333,天空 星星 太阳 彩霞 月亮 蓝天 乌云 彩虹 阳光 天上 大地 黎明,黎明 光线 天上 旭日 瑞雪 阳光 大地 彩虹,阳光 光线 太阳 黎明 蓝天 月亮 大地 旭日 星星 天空 乌云 天上,天空 星星 太阳 彩霞 月亮 蓝天 乌云 彩虹 阳光 天上 大地 黎明 旭日 瑞雪 光线
291,1,,0.0,0.0,乐,乐,乐,乐
292,3,0.38260040608524126,-0.04149603125504167,1.0,乐园 天堂 夏令营,夏令营 天堂 乐园,夏令营 乐园 天堂,乐园 天堂 夏令营
293,12,0.40645986221244446,-0.013423762210208889,0.75,谨慎 乐观 稳健 平稳 冷淡 平淡 悲观 温和 明朗 保守 稳妥 慎重,平稳 冷淡 平淡 慎重 温和 悲观 明朗 稳妥,稳健 稳妥 平稳 乐观 明朗 慎重 保守 冷淡 温和 谨慎 平淡 悲观,谨慎 乐观 稳健 平稳 冷淡 平淡 悲观 温和 明朗 保守 稳妥 慎重
294,10,0.3966474514139158,-0.019213736588742876,0.5,品尝 欣赏 观赏 领略 体验 鉴赏 尝 赏 乐趣 闻,闻 乐趣 尝 体验 领略 鉴赏 品尝 赏,乐趣 尝 品尝 体验 鉴赏 闻 赏 欣赏 领略 观赏,品尝 欣赏 观赏 领略 体验 鉴赏 尝 赏 乐趣 闻
295,1,,0.0,0.0,乔装,乔装,乔装,乔装
296,19,0.4318429236619316,0.047869911425979975,0.21052631578947367,骑车 步行 乘车 驾车 乘坐 开车 搭乘 徒步 骑 打车 出行 堵车,往返 驾 堵车 走路 行走 绕行 打车 接送,开车 绕行 乘车 步行 乘 打车 出行 搭乘 驾 骑 驾车 徒步,骑车 步行 乘车 驾车 乘坐 开车 搭乘 徒步 骑 打车 出行 堵车 乘 绕行 走路 接送 往返 行走 驾
297,73,0.37497853435123485,-0.06999523406853929,0.7945205479452054,公交车 公共汽车 电车 列车 车辆 货车 火车 路段 慢车 出租车 车道 行驶,加油站 汽车 电动车 缆车 车上 车厢 卡车 机动车,机场 高速公路 加油站 客车 客运 出租车 通车 通行 隧道 缆车 山路 火车,公交车 公共汽车 电车 列车 车辆 货车 火车 路段 慢车 出租车 车道 行驶 大巴 公路 车站 停车场 私家车 巴士 路面 人行道 高速公路 警车 车厢 车 地铁 卧铺 客车 路口 客运 马路 地铁站 司机 通车 铁路 缆车 车上 卡车 乘客 立交桥 道路 停车 隧道 行人 停车位 辆 救护车 快车 路况 路边 高铁 线路 站台 交通 电动车 货运 路 山路 车主 机动车 车牌 机场 车位 汽车 长途 小路 通行 特快 码头 天桥 航班 加油站 大街 大道
298,7,0.4313584274310605,0.03483516235471626,0.42857142857142855,小贩 商贩 乞丐 路人 街头 售货员 酒鬼,酒鬼 路人 售货员 街头 乞丐 商贩 小贩,小贩 乞丐 售货员 街头 酒鬼 路人 商贩,小贩 商贩 乞丐 路人 街头 售货员 酒鬼
299,4,0.4649641855407201,0.06815093925989764,0.25,安慰 安抚 疏导 乞求,乞求 疏导 安抚 安慰,疏导 乞求 安抚 安慰,安慰 安抚 疏导 乞求
300,6,0.5110254120524494,0.18358922969071578,0.0,收养 领养 收留 孤儿 流浪 乞讨,乞讨 孤儿 领养 收留 流浪 收养,流浪 收留 收养 乞讨 领养 孤儿,收养 领养 收留 孤儿 流浪 乞讨
301,8,0.4645185028744109,0.11974375029864415,0.25,习俗 风俗 规矩 俗 礼仪 约定俗成 惯例 人情,惯例 人情 俗 礼仪 约定俗成 规矩 习俗 风俗,俗 人情 规矩 礼仪 习俗 风俗 约定俗成 惯例,习俗 风俗 规矩 俗 礼仪 约定俗成 惯例 人情
302,5,0.3686062282493357,-0.08364472895742484,0.6,养成 培养 哺育 习惯 孵化,习惯 哺育 孵化 养成 培养,培养 习惯 哺育 养成 孵化,养成 培养 哺育 习惯 孵化
303,18,0.3122084721764348,-0.08546147312464109,0.8333333333333334,村 乡 屯 镇 街 城 桥 泉 寺 井 田 园,农场 海 土 省 园 江 井 铁,园 土 城 寺 屯 井 乡 田 省 村 江 泉,村 乡 屯 镇 街 城 桥 泉 寺 井 田 园 江 农场 海 土 铁 省
304,14,0.4544316981341512,0.07603677521831562,0.2857142857142857,亲友 亲朋好友 友人 战友 好友 乡亲 同伴 朋友们 老朋友 熟人 知己 同胞,老朋友 战友 家属 知己 同行 朋友们 同胞 熟人,朋友们 乡亲 老朋友 同伴 知己 亲朋好友 好友 战友 同胞 同行 家属 友人,亲友 亲朋好友 友人 战友 好友 乡亲 同伴 朋友们 老朋友 熟人 知己 同胞 同行 家属
305,8,0.3803571952693225,-0.030933198690533778,0.5,撰写 写 书写 编写 勾画 作者 编辑 刻,作者 编辑 勾画 刻 写 书写 编写 撰写,写 刻 编写 勾画 撰写 编辑 书写 作者,撰写 写 书写 编写 勾画 作者 编辑 刻
306,5,0.36677958911163877,0.017613311810077092,0.6,书面 未经 经 口头 出具,出具 未经 口头 经 书面,经 书面 出具 未经 口头,书面 未经 经 口头 出具
307,14,0.43668963056066523,0.007069092982050856,0.5,挣 赚 掏 攒 买 钱 拿 卖 捞 弄 掏钱 凑,钱 养活 花 拿 弄 掏 捞 掏钱,凑 卖 弄 买 掏钱 攒 拿 捞 挣 掏 钱 花,挣 赚 掏 攒 买 钱 拿 卖 捞 弄 掏钱 凑 花 养活
308,11,0.3915131098123263,0.01045873312024407,0.2727272727272727,出售 购买 收购 交易 采购 转让 买卖 拍卖 招标 购 成交,买卖 招标 转让 拍卖 成交 出售 交易 收购,转让 采购 成交 收购 交易 购 出售 买卖 购买 招标 拍卖,出售 购买 收购 交易 采购 转让 买卖 拍卖 招标 购 成交
309,3,0.48890100763386385,0.14246152600198078,0.0,混乱 乱 秩序,秩序 混乱 乱,混乱 乱 秩序,混乱 乱 秩序
310,8,0.34988163323536686,-0.03767201599686218,0.625,结束 完毕 终结 完成 宣告 过半 到位 了结,过半 了结 到位 完成 宣告 终结 完毕 结束,到位 完成 完毕 宣告 了结 结束 过半 终结,结束 完毕 终结 完成 宣告 过半 到位 了结
311,4,0.4684582450065206,0.07013831340039432,0.0,认识 结识 见识 了解,了解 见识 认识 结识,了解 结识 认识 见识,认识 结识 见识 了解
312,7,0.46014116889993517,0.09317363511029621,0.2857142857142857,适当 适度 酌情 适时 予以 加以 适量,加以 适时 予以 适量 适度 适当 酌情,酌情 适量 加以 适时 适当 适度 予以,适当 适度 酌情 适时 予以 加以 适量
313,7,0.3989667142481869,0.011648537394218951,0.42857142857142855,争 抢 夺 揽 拼 斗 捧,拼 揽 捧 斗 抢 争 夺,夺 争 斗 拼 抢 捧 揽,争 抢 夺 揽 拼 斗 捧
314,4,0.41751061433343106,-0.03152636745585191,0.5,争气 出息 争光 人缘儿,人缘儿 争光 出息 争气,争气 争光 人缘儿 出息,争气 出息 争光 人缘儿
315,31,0.42462186953732317,0.013358697138947244,0.3870967741935484,尽力 竭尽全力 竭力 全力 千方百计 设法 想方设法 努力 尽快 全力以赴 极力 力求,及早 谋求 拼命 齐心协力 致力于 急于 以便 切实,早日 谋求 争分夺秒 致力于 以便 全力 大力 加紧 积极 千方百计 切实 极力,尽力 竭尽全力 竭力 全力 千方百计 设法 想方设法 努力 尽快 全力以赴 极力 力求 尽早 力争 加紧 争取 积极 尽可能 抓紧 试图 切实 致力于 及早 拼命 谋求 大力 早日 齐心协力 争分夺秒 急于 以便
316,13,0.49065194518936606,0.0919080613654898,0.07692307692307693,争执 争吵 冲突 矛盾 争论 分歧 争端 争议 激化 对立 隔阂 误会,争论 对立 误会 异议 激化 争议 争端 隔阂,激化 对立 误会 冲突 争执 争端 异议 隔阂 争吵 矛盾 分歧 争议,争执 争吵 冲突 矛盾 争论 分歧 争端 争议 激化 对立 隔阂 误会 异议
317,14,0.43356864937675565,0.052506713477787355,0.21428571428571427,较量 搏斗 争夺 对峙 角逐 交锋 激烈 抗争 周旋 比试 竞争 对弈,斗争 激烈 纠缠 周旋 对峙 对弈 交锋 抗争,激烈 斗争 对弈 对峙 角逐 周旋 交锋 较量 竞争 纠缠 争夺 搏斗,较量 搏斗 争夺 对峙 角逐 交锋 激烈 抗争 周旋 比试 竞争 对弈 斗争 纠缠
318,6,0.3703096877198072,-0.021699804582004517,0.6666666666666666,前途 前景 长远 展望 深远 事业,深远 展望 事业 长远 前途 前景,事业 展望 长远 前景 深远 前途,前途 前景 长远 展望 深远 事业
319,2,0.7759440715173553,0.6577026099434622,0.0,事先 预先,预先 事先,事先 预先,事先 预先
320,10,0.3902193225751693,-0.0029370175579782115,0.4,进程 议程 事宜 日程 事项 进展 议题 进度 时间表 事务,议题 进度 事务 事项 时间表 议程 进展 进程,事务 事宜 日程 进展 进度 事项 进程 议题 议程 时间表,进程 议程 事宜 日程 事项 进展 议题 进度 时间表 事务
321,3,0.4134206810033234,0.09266144909385864,0.0,事务所 会计 合伙,合伙 会计 事务所,会计 事务所 合伙,事务所 会计 合伙
322,4,0.3618326566266123,-0.043801885539725485,0.75,此事 出面 事后 拍板,拍板 事后 出面 此事,事后 拍板 出面 此事,此事 出面 事后 拍板
323,7,0.41117385476389595,-0.031929150436763386,0.42857142857142855,证据 物证 真相 线索 事实 来龙去脉 破案,事实 破案 来龙去脉 线索 真相 物证 证据,事实 真相 线索 破案 证据 物证 来龙去脉,证据 物证 真相 线索 事实 来龙去脉 破案
324,5,0.49389289249648005,0.16930664481109514,0.0,局势 危机 事态 动荡 僵局,僵局 动荡 危机 事态 局势,事态 僵局 危机 局势 动荡,局势 危机 事态 动荡 僵局
325,10,0.43047306653827877,0.029411828663176903,0.4,楷模 榜样 模范 典范 表率 事迹 先锋 风尚 带头人 座右铭,座右铭 事迹 带头人 风尚 先锋 模范 表率 典范,带头人 事迹 榜样 先锋 风尚 楷模 座右铭 典范 模范 表率,楷模 榜样 模范 典范 表率 事迹 先锋 风尚 带头人 座右铭
326,10,0.381213227234696,-0.02346220406152058,0.4,低价 高价 劣质 廉价 水货 暴利 优质 平价 黑心 二手,二手 优质 黑心 暴利 平价 廉价 水货 劣质,廉价 优质 暴利 二手 水货 劣质 低价 高价 黑心 平价,低价 高价 劣质 廉价 水货 暴利 优质 平价 黑心 二手
327,1,,0.0,0.0,二手车,二手车,二手车,二手车
328,17,0.4102975774144393,-0.04894661188819045,0.7647058823529411,氧气 气体 空气 二氧化碳 热量 液体 热气 氧 气泡 浮力 水分 能量,二氧化碳 溶解 气泡 热气 尾气 冷气 气体 大气,气体 氧气 气泡 热气 氧 空气 尾气 溶解 酒精 冷气 浮力 大气,氧气 气体 空气 二氧化碳 热量 液体 热气 氧 气泡 浮力 水分 能量 溶解 尾气 酒精 冷气 大气
329,5,0.3852270397388996,0.0326055053549141,0.4,扫 码 二维码 摇 框,框 摇 码 二维码 扫,二维码 码 摇 扫 框,扫 码 二维码 摇 框
330,8,0.48118657159521516,0.047521023690894164,0.375,源于 来源于 来自 出自 出于 基于 于 归结,于 归结 出于 来源于 来自 基于 出自 源于,基于 于 出自 来自 出于 源于 归结 来源于,源于 来源于 来自 出自 出于 基于 于 归结
331,7,0.4425144093199707,0.07465713469584946,0.2857142857142857,赔钱 亏本 亏 亏损 赔 倒闭 欠,倒闭 欠 赔 亏 亏本 亏损 赔钱,亏 欠 赔 亏本 亏损 赔钱 倒闭,赔钱 亏本 亏 亏损 赔 倒闭 欠
332,3,0.29500762316676915,-0.08769362591274256,1.0,集 方 云,集 云 方,云 方 集,集 方 云
333,13,0.400324056122995,-0.0442797981899834,0.6923076923076923,团结 和睦 互信 和谐 和平共处 同舟共济 和平 融洽 友谊 友好 务实 顾全大局,友谊 顾全大局 友好 众志成城 务实 互信 融洽 和平,务实 互信 同舟共济 和平共处 和谐 和睦 团结 和平 融洽 顾全大局 友好 友谊,团结 和睦 互信 和谐 和平共处 同舟共济 和平 融洽 友谊 友好 务实 顾全大局 众志成城
334,7,0.3422571377406024,-0.04710427791005456,0.7142857142857143,数码 数字 多媒体 互动 虚拟 在线 环球,虚拟 环球 互动 在线 数码 多媒体 数字,数字 数码 互动 虚拟 环球 在线 多媒体,数码 数字 多媒体 互动 虚拟 在线 环球
335,4,0.3964847811738557,0.04665831862614181,0.5,自愿 自发 无偿 互助,互助 无偿 自发 自愿,互助 无偿 自愿 自发,自愿 自发 无偿 互助
336,5,0.5083793697435359,0.2093196143924297,0.2,相互 互相 彼此 交叉 间,间 交叉 彼此 互相 相互,互相 彼此 交叉 间 相互,相互 互相 彼此 交叉 间
337,8,0.402148171611264,0.05043900482497919,0.25,智能 人工智能 互联网 智慧 机器人 科技 创新 移动,创新 科技 移动 互联网 智慧 机器人 智能 人工智能,移动 人工智能 智能 智慧 科技 机器人 创新 互联网,智能 人工智能 互联网 智慧 机器人 科技 创新 移动
338,16,0.4260335795072128,0.0272178358926011,0.4375,磋商 协商 谈判 会谈 会晤 商讨 洽谈 交涉 双边 互访 讨价还价 双方,双边 多边 商量 经贸 互访 和解 讨价还价 双方,磋商 谈判 会谈 经贸 和解 双方 洽谈 交涉 双边 多边 讨价还价 互访,磋商 协商 谈判 会谈 会晤 商讨 洽谈 交涉 双边 互访 讨价还价 双方 经贸 和解 商量 多边
339,32,0.44049310236564015,-0.03242102369909558,0.6875,明媚 艳丽 迷人 晶莹 灿烂 翠绿 碧绿 鲜艳 美丽 耀眼 明亮 绽放,浓郁 光芒 盛开 闪烁 光辉 秀美 芬芳 秀丽,诱人 耀眼 漂亮 光彩 闪烁 亮丽 碧绿 光芒 光辉 浓郁 明媚 甜美,明媚 艳丽 迷人 晶莹 灿烂 翠绿 碧绿 鲜艳 美丽 耀眼 明亮 绽放 亮丽 芬芳 缤纷 甜美 荡漾 盛开 闪烁 光芒 秀丽 秀美 照耀 诱人 五颜六色 光彩 洋溢 水灵灵 浓郁 漂亮 清新 光辉
340,3,0.43698529022090193,0.07361233193707932,0.0,补救 亡羊补牢 对策,对策 补救 亡羊补牢,补救 对策 亡羊补牢,补救 亡羊补牢 对策
341,4,0.27882474667680435,-0.14491067508067493,1.0,提 交 征 引,提 引 交 征,引 征 交 提,提 交 征 引
342,8,0.47080579362088754,0.15566763232063066,0.0,预订 订购 预定 订 预约 预售 订单 交付,交付 订单 预约 预售 预定 订 预订 订购,订购 交付 订 订单 预约 预售 预定 预订,预订 订购 预定 订 预约 预售 订单 交付
343,6,0.4407771434910151,0.07122269880609482,0.16666666666666666,揭发 揭露 坦白 批判 揭 交代,批判 交代 揭露 揭 坦白 揭发,坦白 揭露 揭 揭发 交代 批判,揭发 揭露 坦白 批判 揭 交代
344,24,0.4165535134788403,-0.011302528180704688,0.5,交谈 见面 相处 会面 交朋友 朝夕相处 交往 亲密 握手 亲近 相识 打交道,相伴 交往 亲近 谈话 相识 对话 亲密 形影不离,交朋友 形影不离 相依为命 会面 交谈 相遇 交往 相识 打招呼 朝夕相处 交流 相处,交谈 见面 相处 会面 交朋友 朝夕相处 交往 亲密 握手 亲近 相识 打交道 亲热 打招呼 接触 交流 沟通 相遇 面对面 对话 谈话 形影不离 相依为命 相伴
345,18,0.4413316745828287,-0.033652292876629915,0.5555555555555556,感情 情感 爱情 亲情 友情 情谊 真情 情怀 恩情 情 缘分 心灵,青春 情怀 生命 交情 情谊 心灵 恩情 情,情谊 爱情 心灵 真情 情 人生 人间 生命 交情 灵魂 缘分 友情,感情 情感 爱情 亲情 友情 情谊 真情 情怀 恩情 情 缘分 心灵 生命 人生 青春 灵魂 交情 人间
346,4,0.4040926213870955,-0.0398514457337774,0.5,变换 转换 交换 颠倒,交换 颠倒 转换 变换,颠倒 交换 转换 变换,变换 转换 交换 颠倒
347,2,0.45860104971938154,0.14533872736409276,0.0,交接 过渡,交接 过渡,交接 过渡,交接 过渡
348,3,0.558631134038347,0.2652482388629673,0.0,轮换 轮流 交替,交替 轮换 轮流,轮换 轮流 交替,轮换 轮流 交替
349,41,0.3626882804509435,-0.07539288495187374,0.8292682926829268,缴纳 利息 还款 手续费 交纳 付款 缴费 支付 贷款 交费 款项 押金,征收 收取 报销 税 活期 债务 税收 偿还,公积金 征收 偿还 款项 缴费 税 缴 手续费 付款 抵押 缴纳 汇款,缴纳 利息 还款 手续费 交纳 付款 缴费 支付 贷款 交费 款项 押金 账单 汇款 定金 返还 管理费 收取 缴 纳税 减免 偿还 话费 税收 公积金 账户 存款 收费 报销 现金 扣除 余额 征收 抵押 担保 债务 账 税 活期 分红 付费
350,12,0.4378267599481306,-0.002678301976363182,0.3333333333333333,送给 转交 交给 捎 递给 递 送 送到 寄 接 移交 托,托 移交 寄 送 送到 交给 接 递,寄 移交 托 捎 接 送给 送到 递给 交给 送 递 转交,送给 转交 交给 捎 递给 递 送 送到 寄 接 移交 托
351,19,0.38424137829963945,-0.02678628481293348,0.7894736842105263,公安 警察 执法 交警 检察 治安 公安局 民警 监察 巡逻 警官 海关,管理 监管 机关 法制 巡逻 警官 海关 监督,机关 巡逻 检察 监察 海关 法制 公安局 交警 执法 保安 民警 管理,公安 警察 执法 交警 检察 治安 公安局 民警 监察 巡逻 警官 海关 保安 工商 机关 监督 监管 法制 管理
352,5,0.43966191468434773,0.07556716391630144,0.4,应酬 公事 交际 私事 社交,私事 社交 公事 应酬 交际,交际 应酬 私事 公事 社交,应酬 公事 交际 私事 社交
353,6,0.33897355854755157,-0.05115634822689249,0.5,运 采 销 产 取 积,积 取 采 运 产 销,取 产 积 采 销 运,运 采 销 产 取 积
354,4,0.38448242028784546,-0.07736865376461426,1.0,归宿 源泉 去处 产物,源泉 产物 归宿 去处,去处 源泉 产物 归宿,归宿 源泉 去处 产物
355,12,0.4178517442013472,0.03806255852329557,0.4166666666666667,引发 引起 诱发 造成 激起 产生 激发 带来 唤起 发生 致 因,因 唤起 致 激发 带来 发生 激起 产生,引起 诱发 因 激发 唤起 发生 激起 致 产生 造成 引发 带来,引发 引起 诱发 造成 激起 产生 激发 带来 唤起 发生 致 因
356,61,0.38102142720480786,-0.039571914008621166,0.6721311475409836,果树 桃树 树木 杨树 作物 庄稼 柳树 水稻 农作物 禾苗 松树 种植,大棚 饲养 树枝 植物 荷花 树叶 芦花 枝,生长 叶子 亩 玉米 种植 树木 树枝 树梢 桃树 枝 树 栽,果树 桃树 树木 杨树 作物 庄稼 柳树 水稻 农作物 禾苗 松树 种植 棵 株 槐树 柏树 竹子 栽培 小麦 植物 害虫 树叶 叶子 果园 棉花 牲畜 花卉 栽 玉米 树 肥料 野生 树枝 繁殖 茎 茂盛 家禽 草 果实 树梢 亩 苗 木材 生长 芽 药材 饲养 大棚 饲料 粮食 荷花 种子 杂交 养殖 奶牛 耕地 化肥 枝 水产品 梅花 芦花
357,5,0.4114025442414664,-0.01909348732814729,0.6,享 享受 享有 尊贵 免,尊贵 享有 免 享 享受,免 享 尊贵 享受 享有,享 享受 享有 尊贵 免
358,22,0.4343930958431308,0.03216249546297606,0.36363636363636365,紫 白色 蓝 蓝色 黄色 红色 灰色 色 黑 黑色 白 黄,彩色 素 荧光 白 黑 灰 暗 青,亮 黄色 素 紫 红 绿 灰 白 暗 黑色 红色 朱红,紫 白色 蓝 蓝色 黄色 红色 灰色 色 黑 黑色 白 黄 红 灰 绿 朱红 亮 荧光 暗 青 彩色 素
359,4,0.4420071181762853,0.07561359224240026,0.25,焦点 亮点 热点 瞩目,瞩目 热点 亮点 焦点,亮点 热点 焦点 瞩目,焦点 亮点 热点 瞩目
360,3,0.5201214375780244,0.20601081836359056,0.0,亮相 露面 曝光,曝光 露面 亮相,亮相 露面 曝光,亮相 露面 曝光
361,1,,0.0,0.0,亲,亲,亲,亲
362,22,0.42545473252288313,-0.019302141047937284,0.4090909090909091,真诚 真挚 诚挚 忠诚 忠心 忠贞 无私 虔诚 诚心诚意 深情 大公无私 崇高,深切 死心塌地 善意 深情 纯洁 亲切 忠于 殷勤,诚意 诚挚 纯洁 真挚 无私 死心塌地 善意 真诚 崇高 忠心 忠实 慷慨,真诚 真挚 诚挚 忠诚 忠心 忠贞 无私 虔诚 诚心诚意 深情 大公无私 崇高 殷勤 慷慨 忠于 诚意 纯洁 忠实 善意 深切 亲切 死心塌地
363,2,0.629116605108917,0.40477556857816416,0.0,感染力 亲和力,感染力 亲和力,亲和力 感染力,感染力 亲和力
364,39,0.43635156360662236,-0.020488776632562596,0.5897435897435898,敬佩 钦佩 赞许 感激 敬重 赞叹 赞赏 赞扬 佩服 称赞 尊敬 同情,赞美 亲爱 反对 怀念 支持 赞扬 信赖 好意,怜惜 佩服 由衷 惊叹 衷心 赞同 赞叹 赞成 赞扬 赞美 敬佩 称赞,敬佩 钦佩 赞许 感激 敬重 赞叹 赞赏 赞扬 佩服 称赞 尊敬 同情 敬意 羡慕 由衷 赞美 衷心 赞同 感谢 惊叹 感动 认同 怜惜 怀念 拥护 同感 好感 信任 信赖 认可 赞叹不已 感叹 好意 赞不绝口 敬爱 赞成 亲爱 支持 反对
365,6,0.5377369435095185,0.20515490910482514,0.0,亲眼 目睹 亲身 耳闻目睹 有幸 见证,耳闻目睹 有幸 见证 亲身 目睹 亲眼,耳闻目睹 目睹 有幸 亲身 见证 亲眼,亲眼 目睹 亲身 耳闻目睹 有幸 见证
366,1,,0.0,0.0,人为,人为,人为,人为
367,8,0.34934129624294963,-0.04906275909481553,0.75,财政 税务 政府 行政 纳税人 联邦 国家 人事,人事 国家 政府 联邦 纳税人 行政 税务 财政,纳税人 行政 联邦 人事 国家 财政 税务 政府,财政 税务 政府 行政 纳税人 联邦 国家 人事
368,1,,0.0,0.0,人们,人们,人们,人们
369,44,0.4229287882796875,-0.025811733399258917,0.5454545454545454,肝脏 血管 肝 胃 肺 脾 皮肤 气管 肌肉 肾 心脏 出血,缝合 止血 血 骨折 胎儿 愈合 脂肪 大脑,新陈代谢 脂肪 骨折 激素 气管 食欲 痰 细胞 口腔 人体 切除 呼吸,肝脏 血管 肝 胃 肺 脾 皮肤 气管 肌肉 肾 心脏 出血 动脉 血液 分泌 疼痛 发炎 肠 关节 器官 细胞 唾液 血压 痰 腺 神经 止血 胎儿 激素 人体 切除 脂肪 口腔 大脑 愈合 体温 呼吸 食欲 新陈代谢 血 骨折 咽喉 缝合 胆
370,6,0.35184080400785,-0.06219957848257535,0.6666666666666666,人力 财力 人手 力量 威力 手头,威力 手头 力量 财力 人力 人手,人手 人力 财力 力量 威力 手头,人力 财力 人手 力量 威力 手头
371,3,0.3496578598730573,-0.015024445345508924,0.3333333333333333,人口 人均 移民,移民 人均 人口,移民 人均 人口,人口 人均 移民
372,9,0.4223401067348766,0.07959305199124672,0.2222222222222222,雇员 职员 员工 公务员 雇主 白领 人员 蓝领 工会,工会 人员 蓝领 白领 公务员 雇主 员工 雇员,人员 员工 蓝领 公务员 白领 雇主 雇员 工会 职员,雇员 职员 员工 公务员 雇主 白领 人员 蓝领 工会
373,3,0.5323999017959371,0.17021415254962646,0.0,人造 人工 天然,天然 人工 人造,人工 人造 天然,人造 人工 天然
374,2,0.35631406047663794,-0.09697882266420067,1.0,人才 资源,人才 资源,资源 人才,人才 资源
375,19,0.4307970531047179,0.07754612682763921,0.10526315789473684,数量 总数 总量 数目 比例 比重 数额 金额 人数 占 规模 总额,收入 率 总额 面积 数额 量 次数 份额,数目 占 面积 率 份额 次数 人数 总数 百分比 收入 总额 总量,数量 总数 总量 数目 比例 比重 数额 金额 人数 占 规模 总额 量 百分比 次数 面积 份额 率 收入
376,25,0.39876322790931923,-0.032582236713775296,0.6,宗教 儒学 儒家 佛教 哲学 道教 基督教 伦理 国学 信仰 古典 道德,古代 政治 民俗 古典 当代 文化 西方 艺术,茶道 宗教 伦理 艺术 古典 古代 人文 天主教 哲学 当代 国学 儒学,宗教 儒学 儒家 佛教 哲学 道教 基督教 伦理 国学 信仰 古典 道德 艺术 古代 民俗 伊斯兰教 近代 茶道 文化 学术 人文 天主教 西方 政治 当代
377,13,0.40599495556326926,0.026406007064113803,0.3076923076923077,退票 售票 机票 旅客 票价 门票 登机 客流 行李 安检 票 月票,行李 人次 客流 安检 月票 登机 机票 旅客,旅客 票 人次 行李 月票 客流 退票 安检 票价 售票 门票 登机,退票 售票 机票 旅客 票价 门票 登机 客流 行李 安检 票 月票 人次
378,25,0.3427968865657787,-0.05581368003705666,0.84,信贷 货币 理财 外汇 金融 银行 外币 资产 汇率 储蓄 资金 投资,经济 外币 财务 资本 股市 汇率 债 保险,保险 银行 投资 债 储蓄 资本 汇率 股票 货币 资产 股市 财务,信贷 货币 理财 外汇 金融 银行 外币 资产 汇率 储蓄 资金 投资 信用 股市 利率 人民币 资本 经济 财务 股票 基金 保险 消费 短期 债
379,16,0.44845344595698805,0.030565078917663947,0.4375,声望 名声 名气 声誉 知名度 影响力 威信 信誉 地位 实力 资历 口碑,实力 头衔 显赫 影响力 威信 口碑 地位 资历,实力 知名度 人气 显赫 资历 影响力 头衔 名誉 地位 声誉 口碑 威信,声望 名声 名气 声誉 知名度 影响力 威信 信誉 地位 实力 资历 口碑 显赫 名誉 人气 头衔
380,5,0.42826904983350217,0.045125602302792646,0.4,群体 阶层 人群 层次 社会,社会 层次 人群 阶层 群体,人群 群体 阶层 层次 社会,群体 阶层 人群 层次 社会
381,27,0.4531074352391481,0.03797261286405185,0.2222222222222222,杀害 逮捕 谋害 殴打 暗杀 绑架 劫持 抢劫 挟持 屠杀 被捕 迫害,同伙 扣押 骚扰 报复 歹徒 挟持 抢劫 被捕,暗杀 谋害 虐待 殴打 开枪 挟持 同伙 迫害 逮捕 报复 人质 屠杀,杀害 逮捕 谋害 殴打 暗杀 绑架 劫持 抢劫 挟持 屠杀 被捕 迫害 袭击 开枪 凶手 恐吓 虐待 搜查 扣留 人质 扣押 报复 通缉 歹徒 骚扰 同伙 驱逐
382,4,0.5983652066746411,0.3013339574424066,0.0,怎样 什么样 怎么样 这样,这样 怎样 什么样 怎么样,这样 什么样 怎么样 怎样,怎样 什么样 怎么样 这样
383,6,0.47107878733205305,0.08177942745745735,0.16666666666666666,仇 仇人 仇恨 报仇 恩怨 干戈,干戈 恩怨 报仇 仇恨 仇 仇人,仇 报仇 仇人 仇恨 干戈 恩怨,仇 仇人 仇恨 报仇 恩怨 干戈
384,20,0.410345099393295,0.05856733659709442,0.35,高于 低于 小于 大于 超过 超出 远远 接近 超越 相差 相当于 远,相差 相等 相比 达到 较 接近 超越 介于,达到 相当于 比 超出 超过 超越 等于 大于 小于 相差 超 远,高于 低于 小于 大于 超过 超出 远远 接近 超越 相差 相当于 远 比 相比 达到 超 较 介于 等于 相等
385,4,0.5449648527501038,0.2601192745578543,0.0,插手 干预 干涉 介入,干涉 介入 插手 干预,插手 干预 介入 干涉,插手 干预 干涉 介入
386,10,0.42213545630466265,0.018122888824003442,0.3,穿过 沿着 沿 越过 顺着 穿越 绕 走过 环绕 从,从 环绕 走过 绕 顺着 沿着 越过 穿越,顺着 从 绕 沿 沿着 越过 环绕 穿过 穿越 走过,穿过 沿着 沿 越过 顺着 穿越 绕 走过 环绕 从
387,7,0.3606419223906333,-0.008268366474286205,0.42857142857142855,期限 年限 日期 时间 有效期 地点 从业,从业 地点 时间 有效期 日期 期限 年限,日期 有效期 期限 时间 从业 地点 年限,期限 年限 日期 时间 有效期 地点 从业
388,1,,0.0,0.0,从中,从中,从中,从中
389,6,0.41740721360244115,0.05353884347600835,0.3333333333333333,参加 投身 参与 加入 从事 加盟,加盟 从事 投身 加入 参与 参加,投身 参加 参与 从事 加盟 加入,参加 投身 参与 加入 从事 加盟
390,5,0.2596734628859024,-0.13801169323317442,1.0,便是 从此 莫过于 从今以后 取而代之,取而代之 莫过于 从此 从今以后 便是,从此 从今以后 便是 莫过于 取而代之,便是 从此 莫过于 从今以后 取而代之
391,14,0.4483588460592371,0.050985220755915675,0.2857142857142857,原先 当初 原来 以前 先前 最初 从前 原本 起初 当时 当年 过去,原有 当时 过去 那会儿 先前 最初 当年 从前,起初 那会儿 以前 当初 当年 当时 从前 原来 原有 原本 原先 最初,原先 当初 原来 以前 先前 最初 从前 原本 起初 当时 当年 过去 那会儿 原有
392,2,0.4515135438746234,0.07799297444712325,0.0,从头 遍,遍 从头,从头 遍,从头 遍
393,10,0.4660483820358859,0.0827858602094363,0.2,冷静 镇定 从容 沉着 坦然 从容不迫 清醒 沉默 胸有成竹 克制,清醒 克制 沉默 胸有成竹 从容不迫 坦然 从容 冷静,坦然 镇定 胸有成竹 克制 冷静 沉着 从容 清醒 从容不迫 沉默,冷静 镇定 从容 沉着 坦然 从容不迫 清醒 沉默 胸有成竹 克制
394,9,0.4334908419886563,0.05086421110470717,0.4444444444444444,储存 存放 贮藏 保存 保管 埋藏 密封 仓库 收集,仓库 收集 密封 埋藏 保存 存放 保管 贮藏,密封 贮藏 仓库 保管 埋藏 保存 收集 存放 储存,储存 存放 贮藏 保存 保管 埋藏 密封 仓库 收集
395,5,0.46878773730403117,0.05554426140107967,0.2,别人 他人 自己 对方 有人,有人 自己 对方 他人 别人,对方 别人 他人 有人 自己,别人 他人 自己 对方 有人
396,3,0.41585195610752684,0.0931021224783042,0.3333333333333333,充 充电 付,付 充电 充,充 付 充电,充 充电 付
397,17,0.44035534975698304,0.02194760834639707,0.4117647058823529,支出 开支 费用 花费 开销 耗费 经费 节省 成本 消耗 费 节约,付出 节约 耗费 节省 负担 消耗 收支 经费,开销 耗费 付出 开支 经费 收支 花费 成本 费 消耗 支出 负担,支出 开支 费用 花费 开销 耗费 经费 节省 成本 消耗 费 节约 预算 投入 负担 付出 收支
398,9,0.44750169616460234,0.08694106841776031,0.1111111111111111,神仙 鬼 阎王 巫婆 菩萨 仙女 魔鬼 地狱 和尚,地狱 魔鬼 菩萨 和尚 仙女 鬼 巫婆 神仙,阎王 和尚 鬼 地狱 魔鬼 巫婆 神仙 菩萨 仙女,神仙 鬼 阎王 巫婆 菩萨 仙女 魔鬼 地狱 和尚
399,50,0.41198536556168913,0.03341917176142287,0.34,蛇 猫 狗 狮子 鹅 青蛙 鸟 猴 鸽子 公鸡 狼 鸭子,妖怪 昆虫 马 动物 龙 驯 野 卵,仙鹤 兔 卵 羊 熊 猴 猪 猫 狼 狗 牛 狮子,蛇 猫 狗 狮子 鹅 青蛙 鸟 猴 鸽子 公鸡 狼 鸭子 鳄鱼 兔 猩猩 羊 鹿 母鸡 龟 虫子 鼠 动物 野兽 天鹅 大象 豹 蚊子 蜜蜂 鲨鱼 燕子 大雁 仙鹤 虎 鹰 苍蝇 猎犬 猪 妖怪 昆虫 恐龙 怪物 大熊猫 熊 动物园 驯 牛 马 野 龙 卵
400,5,0.3751405740425474,-0.12869232338191522,0.8,后果 损失 后遗症 代价 危险,危险 代价 损失 后遗症 后果,后遗症 后果 危险 代价 损失,后果 损失 后遗症 代价 危险
401,11,0.450100490625101,0.08243315353600641,0.09090909090909091,名字 绰号 称呼 外号 命名 名称 地名 代号 改名 称号 姓,姓 称号 代号 名称 外号 绰号 地名 称呼,姓 改名 地名 称呼 称号 代号 命名 外号 名称 绰号 名字,名字 绰号 称呼 外号 命名 名称 地名 代号 改名 称号 姓
402,7,0.47398262488930176,0.06034483313076071,0.42857142857142855,代替 取代 替代 替换 换成 换 填补,填补 换成 换 替换 代替 取代 替代,换 替换 填补 替代 换成 代替 取代,代替 取代 替代 替换 换成 换 填补
403,7,0.330922694347534,-0.04609386934881624,0.7142857142857143,委托 授权 代理 指定 独家 咨询 名义,咨询 名义 独家 指定 委托 代理 授权,独家 委托 指定 代理 授权 名义 咨询,委托 授权 代理 指定 独家 咨询 名义
404,2,0.4280073365418111,0.14266771816047508,0.0,代理人 股东,代理人 股东,股东 代理人,代理人 股东
405,1,,0.0,0.0,代表,代表,代表,代表
406,2,0.4379424346727162,0.05529881462216364,0.0,化身 代言人,化身 代言人,代言人 化身,化身 代言人
407,6,0.4125251940756378,0.018071638605502777,0.5,以往 传统 往年 常规 过往 单一,单一 常规 过往 传统 往年 以往,往年 以往 传统 常规 单一 过往,以往 传统 往年 常规 过往 单一
408,4,0.3919031151158963,0.01743430427867384,0.5,带头 以身作则 自觉 集体,集体 自觉 以身作则 带头,带头 集体 自觉 以身作则,带头 以身作则 自觉 集体
409,14,0.3924591445176826,-0.00419562477171788,0.42857142857142855,设备 仪器 器材 配件 部件 装备 装置 发电机 设施 电源 仪表 器械,器械 光缆 器材 设施 发电机 部件 电源 天线,光缆 部件 电源 仪器 配件 器材 器械 发电机 装置 天线 装备 仪表,设备 仪器 器材 配件 部件 装备 装置 发电机 设施 电源 仪表 器械 光缆 天线
410,4,0.2764735207353228,-0.10020243854160726,1.0,价 股 货 周期,周期 货 价 股,价 周期 股 货,价 股 货 周期
411,10,0.3732754972647796,-0.07312742507867984,0.8,价位 价钱 价格 售价 级别 性价比 档次 等级 造价 级,造价 价钱 级 档次 性价比 售价 价格 等级,级 性价比 档次 价钱 等级 级别 价位 价格 造价 售价,价位 价钱 价格 售价 级别 性价比 档次 等级 造价 级
412,26,0.4310599497942023,-0.028350549438619622,0.5384615384615384,斗志 自信心 勇气 志气 毅力 信念 魄力 气魄 责任感 骨气 意志 自尊心,气势 抱负 决心 积极性 价值观 思想 志气 意识,自尊心 骨气 气势 斗志 魄力 思想 积极性 意志 觉悟 劲头 勇气 抱负,斗志 自信心 勇气 志气 毅力 信念 魄力 气魄 责任感 骨气 意志 自尊心 信心 自信 自尊 劲头 精神 决心 觉悟 士气 抱负 意识 气势 思想 积极性 价值观
413,1,,0.0,0.0,任何,任何,任何,任何
414,5,0.40729466750200205,0.03559626742435054,0.4,工作 工作量 作业 任务 工地,工地 任务 作业 工作量 工作,工作量 任务 作业 工作 工地,工作 工作量 作业 任务 工地
415,9,0.45048860114593187,0.03646838864906619,0.3333333333333333,随意 随便 随心所欲 随手 任意 随时随地 尽情 顺手 自由,尽情 任意 自由 顺手 随时随地 随手 随心所欲 随意,顺手 随时随地 尽情 任意 随心所欲 自由 随手 随意 随便,随意 随便 随心所欲 随手 任意 随时随地 尽情 顺手 自由
416,2,0.27463345928138283,-0.1289573220440041,1.0,份 本,本 份,份 本,份 本
417,3,0.5505610690509342,0.3005187729383063,0.0,模仿 效仿 仿,仿 效仿 模仿,仿 效仿 模仿,模仿 效仿 仿
418,7,0.3491720536833088,-0.09137758121076234,0.7142857142857143,国产 原装 新款 进口 系列 仿制 版,仿制 进口 系列 新款 版 原装 国产,版 进口 新款 国产 系列 原装 仿制,国产 原装 新款 进口 系列 仿制 版
419,17,0.42205690876113766,-0.050288108566082984,0.6470588235294118,欺骗 拉拢 引诱 收买 勾结 煽动 吓唬 讹诈 趁机 暗中 骗 企图,引诱 冒充 忽悠 吓唬 骗 伺机 大肆 欺骗,引诱 暗中 趁机 吓唬 收买 勾结 伺机 欺骗 骗 企图 讹诈 忽悠,欺骗 拉拢 引诱 收买 勾结 煽动 吓唬 讹诈 趁机 暗中 骗 企图 大肆 伺机 暗地里 冒充 忽悠
420,8,0.435508813399134,0.0596468068317519,0.25,保健 养生 疗养 美容 按摩 健康 休养 长寿,按摩 长寿 休养 疗养 健康 美容 保健 养生,健康 保健 美容 休养 养生 按摩 疗养 长寿,保健 养生 疗养 美容 按摩 健康 休养 长寿
421,11,0.4082735659607358,-0.00022774846286209823,0.36363636363636365,能 能够 可以 才能 休想 可 指望 照样 即可 有朝一日 真正,真正 照样 指望 有朝一日 休想 能够 即可 可以,可 有朝一日 真正 照样 可以 能够 即可 能 休想 才能 指望,能 能够 可以 才能 休想 可 指望 照样 即可 有朝一日 真正
422,1,,0.0,0.0,休眠,休眠,休眠,休眠
423,22,0.44316437562668437,0.04467061363359601,0.22727272727272727,旅游 游玩 游览 度假 出游 观光 旅行 避暑 郊游 游 景点 游客,探险 温泉 景点 游客 野餐 吃喝玩乐 旅行社 景区,旅行 休闲 游客 野餐 游玩 游 游览 旅游 目的地 温泉 探险 郊游,旅游 游玩 游览 度假 出游 观光 旅行 避暑 郊游 游 景点 游客 景区 休闲 探险 旅行社 野餐 购物 温泉 目的地 吃喝玩乐 漫游
424,4,0.31113662139528014,-0.05916136918550157,0.75,精 优 富 炼,富 炼 优 精,富 优 精 炼,精 优 富 炼
425,3,0.4486310883148576,0.16917596010643385,0.3333333333333333,就近 就地 优先,优先 就地 就近,优先 就地 就近,就近 就地 优先
426,28,0.42471591696881983,0.02684998799075054,0.39285714285714285,弱点 缺点 弊病 弊端 优点 缺陷 难点 短处 难题 长处 毛病 难处,困境 难关 好处 难处 隐患 症结 漏洞 坏处,劣势 共性 优点 误区 优势 困境 障碍 症结 漏洞 弱点 问题 毛病,弱点 缺点 弊病 弊端 优点 缺陷 难点 短处 难题 长处 毛病 难处 症结 好处 特点 劣势 问题 瓶颈 坏处 优势 误区 障碍 困境 难关 漏洞 隐患 共性 强项
427,49,0.37950492706682093,-0.05605274501383723,0.7142857142857143,增强 提高 降低 增加 提升 增大 加强 扩大 强化 加快 促进 加深,起到 收缩 膨胀 压缩 缓和 拓展 推动 萎缩,起到 加速 加重 增强 增多 增大 增加 大幅度 优化 开拓 进一步 收缩,增强 提高 降低 增加 提升 增大 加强 扩大 强化 加快 促进 加深 改善 加剧 减少 拓宽 减弱 削弱 减轻 加速 深化 缩小 增进 加重 进一步 优化 缩短 拓展 推动 推进 巩固 增多 缓和 大幅度 恶化 萎缩 提速 升高 大大 有利于 压缩 放大 有助于 收缩 衰减 开拓 膨胀 发挥 起到
428,9,0.4564873605680769,0.12698076449445417,0.2222222222222222,优惠 折扣 打折 特价 促销 折 套餐 免费 自助,免费 自助 套餐 折 促销 打折 特价 优惠,优惠 折 套餐 折扣 免费 促销 打折 自助 特价,优惠 折扣 打折 特价 促销 折 套餐 免费 自助
429,1,,0.0,0.0,伙,伙,伙,伙
430,5,0.35190735275677276,-0.08763602639750019,1.0,团队 伙伴 队伍 成员 帮手,帮手 成员 伙伴 队伍 团队,伙伴 帮手 成员 队伍 团队,团队 伙伴 队伍 成员 帮手
431,20,0.4370359491573287,0.020662270929429204,0.4,退休金 工资 生活费 薪水 津贴 奖金 报酬 补助 待遇 抚恤 房租 福利,零花钱 年薪 伙食 抚恤 报酬 退休 补偿 房租,补偿 补助 伙食 年薪 退休金 工资 零花钱 房租 奖金 薪水 抚养费 待遇,退休金 工资 生活费 薪水 津贴 奖金 报酬 补助 待遇 抚恤 房租 福利 补贴 养老金 抚养费 零花钱 年薪 退休 伙食 补偿
432,1,,0.0,0.0,会员,会员,会员,会员
433,19,0.42803155169853135,0.00622439837039538,0.47368421052631576,体育场 球场 体育馆 操场 场地 场馆 草坪 看台 公园 广场 游泳池 跑道,游泳池 喷泉 会场 演播室 操场 跑道 空地 露天,看台 空地 球场 操场 鸟巢 游泳池 喷泉 舞台 露天 体育馆 演播室 草坪,体育场 球场 体育馆 操场 场地 场馆 草坪 看台 公园 广场 游泳池 跑道 喷泉 舞台 空地 会场 露天 鸟巢 演播室
434,13,0.3991061836192558,-0.007995572250676358,0.5384615384615384,弓 枪 箭 剑 弹 弦 琴 拳 鼓 炮 伞 射,射 枪 炮 弹 铃 鼓 拳 伞,剑 射 弹 弦 弓 伞 箭 炮 琴 枪 拳 鼓,弓 枪 箭 剑 弹 弦 琴 拳 鼓 炮 伞 射 铃
435,4,0.3587284995224651,-0.06564659820604186,0.75,相传 流传 传 公元,公元 传 流传 相传,传 流传 相传 公元,相传 流传 传 公元
436,9,0.3998786138832733,0.014338555561839668,0.3333333333333333,大师 泰斗 前辈 高手 弟子 元老 天才 传人 爵士,传人 元老 爵士 天才 前辈 高手 泰斗 弟子,弟子 大师 爵士 传人 泰斗 天才 高手 前辈 元老,大师 泰斗 前辈 高手 弟子 元老 天才 传人 爵士
437,7,0.5112159098482577,0.1689624945819686,0.0,神话 传说 童话 传奇 故事 寓言 奇迹,奇迹 传说 寓言 故事 传奇 童话 神话,神话 奇迹 故事 传奇 寓言 童话 传说,神话 传说 童话 传奇 故事 寓言 奇迹
438,7,0.3563454929294,-0.03299596529720208,0.5714285714285714,媒体 新闻 舆论 头条 财经 传媒 民意,民意 财经 传媒 舆论 新闻 头条 媒体,财经 媒体 传媒 民意 新闻 头条 舆论,媒体 新闻 舆论 头条 财经 传媒 民意
439,8,0.45271900371765295,0.05674899781977826,0.25,弘扬 发扬光大 传承 发扬 精髓 继承 精华 经典,经典 传承 弘扬 继承 精髓 精华 发扬 发扬光大,精髓 发扬 传承 经典 发扬光大 弘扬 继承 精华,弘扬 发扬光大 传承 发扬 精髓 继承 精华 经典
440,5,0.320694418024797,-0.08038921135484596,0.8,教 训 审 裁 传授,传授 裁 审 教 训,审 教 传授 裁 训,教 训 审 裁 传授
441,9,0.41379762023353156,-0.04637899003081554,0.7777777777777778,宣扬 宣传 推销 兜售 传播 推广 散布 标榜 招揽,标榜 招揽 宣扬 散布 传播 宣传 推广 兜售,标榜 宣扬 宣传 推广 传播 兜售 招揽 散布 推销,宣扬 宣传 推销 兜售 传播 推广 散布 标榜 招揽
442,7,0.363578151597686,-0.015968822030963455,0.7142857142857143,输出 传输 输入 转化 生成 输送 分解,输送 转化 分解 生成 传输 输入 输出,输送 分解 生成 输出 输入 转化 传输,输出 传输 输入 转化 生成 输送 分解
443,9,0.4139811262696907,-0.014263173801618373,0.4444444444444444,反映 体现 印证 预示 表达 暗示 说明 传达 折射,折射 传达 表达 体现 反映 说明 暗示 预示,暗示 反映 折射 印证 说明 体现 预示 表达 传达,反映 体现 印证 预示 表达 暗示 说明 传达 折射
444,3,0.6322867645012297,0.2908234505778198,0.0,火炬 传递 接力,火炬 传递 接力,火炬 接力 传递,火炬 传递 接力
445,6,0.415348028614033,-0.014012634574222008,0.6666666666666666,毁 坏 损 伤 害 出毛病,出毛病 伤 害 坏 毁 损,坏 害 伤 损 毁 出毛病,毁 坏 损 伤 害 出毛病
446,17,0.40363975023600496,-0.008426084603694265,0.5882352941176471,救援 营救 抢救 搜救 解救 救 紧急 疏散 应急 拯救 伤员 防疫,伤员 卫生 挽救 应急 消防 防汛 紧急 救,抢救 挽救 伤员 营救 救 防汛 应急 解救 疏散 防疫 消防 搜救,救援 营救 抢救 搜救 解救 救 紧急 疏散 应急 拯救 伤员 防疫 打捞 消防 挽救 防汛 卫生
447,18,0.4639193887440208,0.07910601879140193,0.2222222222222222,损害 妨害 扰乱 破坏 侵害 侵犯 妨碍 触犯 危及 危害 违反 阻碍,滥用 干扰 冒犯 威胁 扰乱 违背 阻碍 危害,伤害 扰乱 威胁 滥用 危害 危及 破坏 侵犯 妨碍 侵害 冒犯 妨害,损害 妨害 扰乱 破坏 侵害 侵犯 妨碍 触犯 危及 危害 违反 阻碍 伤害 违背 冒犯 干扰 威胁 滥用
448,14,0.4419015428396583,0.02801161137055588,0.35714285714285715,裂缝 脱落 磨损 裂痕 断裂 破裂 损伤 损坏 变形 残缺 老化 伤痕,窟窿 伤痕 破裂 损坏 老化 破碎 磨损 残缺,损伤 伤痕 裂痕 裂缝 脱落 磨损 断裂 破碎 老化 破裂 残缺 变形,裂缝 脱落 磨损 裂痕 断裂 破裂 损伤 损坏 变形 残缺 老化 伤痕 破碎 窟窿
449,7,0.4743113882180287,0.10362981304703552,0.14285714285714285,发愁 犯愁 伤脑筋 头疼 愁 着落 成问题,愁 着落 成问题 头疼 伤脑筋 犯愁 发愁,愁 犯愁 发愁 着落 头疼 成问题 伤脑筋,发愁 犯愁 伤脑筋 头疼 愁 着落 成问题
450,14,0.44263254763771326,0.04353241536763041,0.2857142857142857,躲藏 藏身 隐蔽 躲 藏匿 躲避 隐藏 隐身 埋伏 避 伪装 掩护,伪装 住处 掩护 避难 避 埋伏 藏匿 隐藏,埋伏 避 躲 躲避 伪装 躲藏 藏身 藏匿 避难 隐身 隐藏 隐蔽,躲藏 藏身 隐蔽 躲 藏匿 躲避 隐藏 隐身 埋伏 避 伪装 掩护 避难 住处
451,34,0.4036306466398157,-0.02568666552850488,0.5882352941176471,诈骗 盗窃 敲诈 贿赂 受贿 走私 非法 贪污 倒卖 假冒 犯罪 欺诈,公款 钱财 团伙 窃取 盗 财物 盗窃 黑客,窃取 集资 盗 虚假 犯罪 贪污 敲诈 贿赂 团伙 财物 欺诈 毒品,诈骗 盗窃 敲诈 贿赂 受贿 走私 非法 贪污 倒卖 假冒 犯罪 欺诈 违法 涉嫌 团伙 伪造 作弊 违规 造假 窃取 钱财 公款 赌博 虚假 贩卖 回扣 弄虚作假 内幕 集资 财物 盗 毒品 恶意 黑客
452,28,0.42202762141090555,0.034304556263762304,0.39285714285714285,推断 推测 估算 推算 预测 测算 判断 猜测 断定 假设 估计 猜想,计算 得出 想象 统计 设想 定论 确定 结论,猜想 猜测 粗略 得出 确定 统计 判定 断定 估计 判断 揣测 计算,推断 推测 估算 推算 预测 测算 判断 猜测 断定 假设 估计 猜想 假定 揣测 预言 判定 计算 结论 分析 预料 设想 预见 得出 想象 粗略 定论 确定 统计
453,1,,0.0,0.0,伴,伴,伴,伴
454,19,0.44120377194190924,0.01421895341228914,0.42105263157894735,结婚 恋爱 离婚 订婚 分手 婚姻 求婚 娶 嫁 情人 约会 成家,失恋 伴侣 怀孕 独身 表白 婚姻 约会 夫妻,娶 嫁 婚姻 恋爱 独身 约会 伴侣 成家 离婚 夫妻 怀孕 订婚,结婚 恋爱 离婚 订婚 分手 婚姻 求婚 娶 嫁 情人 约会 成家 夫妻 怀孕 伴侣 表白 失恋 独身 门当户对
455,1,,0.0,0.0,伸张,伸张,伸张,伸张
456,21,0.43873374402664467,-0.01904384168204993,0.47619047619047616,照顾 照料 关照 侍候 呵护 爱护 看护 伺候 关爱 陪伴 抚养 关怀,体谅 伺候 侍候 陪伴 关心 抚养 赡养 管教,看管 看护 爱护 关心 关怀 关爱 关照 照料 侍候 宠爱 体谅 伺候,照顾 照料 关照 侍候 呵护 爱护 看护 伺候 关爱 陪伴 抚养 关怀 体谅 孝敬 管教 无微不至 赡养 宠爱 看管 关心 监护
457,9,0.3920553285110271,-0.04350311924651516,0.7777777777777778,卖弄 夸夸其谈 炫耀 有口无心 夸耀 半真半假 异想天开 似是而非 口吃,口吃 似是而非 夸耀 异想天开 有口无心 半真半假 卖弄 炫耀,卖弄 有口无心 夸耀 夸夸其谈 口吃 半真半假 炫耀 异想天开 似是而非,卖弄 夸夸其谈 炫耀 有口无心 夸耀 半真半假 异想天开 似是而非 口吃
458,3,0.5085285649152729,0.22339581961298335,0.0,陌生 熟悉 似曾相识,似曾相识 熟悉 陌生,熟悉 似曾相识 陌生,陌生 熟悉 似曾相识
459,2,0.7023654010455636,0.5055294442103502,0.0,位 名,名 位,名 位,位 名
460,4,0.4957681011667756,0.13595585095184543,0.0,座位 位子 就座 席,座位 席 就座 位子,席 就座 位子 座位,座位 位子 就座 席
461,10,0.4198700437632654,0.024792070106790173,0.5,弱 强 弱势 要强 强势 偏 低 高 差 逞强,逞强 高 弱势 偏 强势 低 差 要强,偏 差 弱 强 逞强 低 强势 高 弱势 要强,弱 强 弱势 要强 强势 偏 低 高 差 逞强
462,11,0.4251839695833261,-0.022914645887735285,0.7272727272727273,夸大 歪曲 误导 忽视 忽略 误解 混淆 否定 编造 虚构 低估,低估 忽略 编造 忽视 否定 歪曲 误解 虚构,否定 误导 虚构 忽略 歪曲 忽视 误解 低估 夸大 混淆 编造,夸大 歪曲 误导 忽视 忽略 误解 混淆 否定 编造 虚构 低估
463,24,0.42247224782650894,0.01812827077638547,0.4583333333333333,温度 湿度 干燥 低温 气温 潮湿 水温 寒冷 高温 摄氏度 湿润 零下,混浊 保鲜 气候 烘干 摄氏度 雨水 结冰 寒冷,气候 保鲜 气温 潮湿 通风 零下 烘干 透气 加热 风力 冷冻 寒冷,温度 湿度 干燥 低温 气温 潮湿 水温 寒冷 高温 摄氏度 湿润 零下 结冰 常温 加热 气候 通风 烘干 冷冻 雨水 透气 保鲜 风力 混浊
464,5,0.527319971346387,0.22810016361152585,0.0,节能 低碳 环保 节水 绿色,绿色 节水 环保 低碳 节能,环保 绿色 节能 节水 低碳,节能 低碳 环保 节水 绿色
465,3,0.5095846513832466,0.1766164817594561,0.0,居住 定居 住,住 定居 居住,住 定居 居住,居住 定居 住
466,8,0.39429025531903844,0.014634458660307291,0.625,性别 国籍 姓名 姓氏 住址 身份 种族 朝代,朝代 身份 住址 姓氏 种族 姓名 性别 国籍,种族 姓氏 国籍 姓名 朝代 性别 住址 身份,性别 国籍 姓名 姓氏 住址 身份 种族 朝代
467,20,0.4145433635543691,0.006708470083351789,0.35,住宅 房屋 公寓 房子 住房 别墅 新房 物业 出租 写字楼 幢 租金,营业 户 房东 装修 租赁 物业 栋 幢,房子 房屋 物业 营业 幢 租 别墅 户 栋 新房 写字楼 租赁,住宅 房屋 公寓 房子 住房 别墅 新房 物业 出租 写字楼 幢 租金 栋 住户 房东 租赁 装修 租 户 营业
468,10,0.46014609517784794,0.046356246579630576,0.4,感受 感触 体会 感觉 观感 感想 印象 切身 感 深刻,深刻 感 切身 体会 印象 感想 感觉 感受,感 切身 感触 感觉 观感 深刻 印象 体会 感受 感想,感受 感触 体会 感觉 观感 感想 印象 切身 感 深刻
469,7,0.49229945351727045,0.14230219917421277,0.0,体力 体能 体重 体质 视力 身高 智力,身高 智力 体重 视力 体质 体能 体力,体重 体能 体质 身高 视力 体力 智力,体力 体能 体重 体质 视力 身高 智力
470,26,0.39525424628438355,-0.016734850057873375,0.6153846153846154,检测 检验 化验 测试 鉴定 试验 测量 验收 检查 测定 评估 测验,试验 考核 样品 测验 采集 测试 实验室 验收,采集 审定 测 测验 测量 测试 验收 试验 考核 测定 验 评估,检测 检验 化验 测试 鉴定 试验 测量 验收 检查 测定 评估 测验 评定 验证 复查 实验 样品 验 测 评审 体检 认证 考核 实验室 审定 采集
471,18,0.414729479483174,0.03515157655370979,0.3888888888888889,尺寸 体积 厚度 重量 长度 宽度 直径 容量 密度 功率 强度 规格,能耗 性能 频率 口径 重量 寿命 强度 宽度,密度 功率 厚度 频率 性能 宽度 容量 寿命 规格 强度 大小 体积,尺寸 体积 厚度 重量 长度 宽度 直径 容量 密度 功率 强度 规格 性能 频率 大小 寿命 能耗 口径
472,1,,0.0,0.0,体面,体面,体面,体面
473,8,0.3869971429075739,-0.00740669723954011,0.625,灵 玄 神 妙 邪 佛 善 魂,魂 佛 邪 善 神 灵 妙 玄,善 妙 佛 神 灵 玄 魂 邪,灵 玄 神 妙 邪 佛 善 魂
474,1,,0.0,0.0,作,作,作,作
475,13,0.5542334412655975,0.21595210153625294,0.07692307692307693,当作 视为 称作 当成 看作 列为 称为 看成 定为 列入 叫作 作为,叫作 纳入 作为 当成 列入 称为 看成 称作,看成 看作 纳入 叫作 当作 当成 定为 视为 称作 称为 列入 列为,当作 视为 称作 当成 看作 列为 称为 看成 定为 列入 叫作 作为 纳入
476,7,0.3665744851175696,-0.05325480168650797,0.5714285714285714,针锋相对 较劲 作对 强硬 叫板 过不去 尖锐,过不去 尖锐 强硬 较劲 作对 叫板 针锋相对,针锋相对 叫板 强硬 尖锐 过不去 作对 较劲,针锋相对 较劲 作对 强硬 叫板 过不去 尖锐
477,7,0.40273094956002065,0.031230278210145724,0.2857142857142857,过期 失效 作废 变质 报废 保质期 无效,无效 保质期 报废 变质 失效 作废 过期,无效 报废 保质期 变质 失效 作废 过期,过期 失效 作废 变质 报废 保质期 无效
478,21,0.4039371288085165,-0.009244043585172116,0.47619047619047616,进攻 作战 攻击 反击 防卫 防御 自卫 侦察 侵略 战术 挑衅 入侵,机动 作战 反抗 侵略 入侵 挑衅 军事 军队,机动 武装 入侵 攻 武力 进攻 攻击 轰炸 防卫 防御 防守 反击,进攻 作战 攻击 反击 防卫 防御 自卫 侦察 侵略 战术 挑衅 入侵 武力 轰炸 防守 攻 武装 军事 反抗 军队 机动
479,8,0.4625932278168771,0.07397488377643317,0.125,用处 作用 效果 益处 功效 意义 成效 副作用,成效 意义 副作用 效果 功效 益处 作用 用处,功效 意义 效果 用处 副作用 成效 益处 作用,用处 作用 效果 益处 功效 意义 成效 副作用
480,1,,0.0,0.0,使唤,使唤,使唤,使唤
481,3,0.49720201410931253,0.1076721611240873,0.0,用 使用 用来,用来 使用 用,用 用来 使用,用 使用 用来
482,1,,0.0,0.0,使者,使者,使者,使者
483,4,0.5358914354852071,0.1829488392322854,0.0,特例 例子 例外 先例,例子 先例 特例 例外,例外 例子 特例 先例,特例 例子 例外 先例
484,4,0.3616850553186814,-0.005540176314705885,0.25,参考 建议 推荐 供,供 推荐 建议 参考,参考 供 建议 推荐,参考 建议 推荐 供
485,10,0.46265506220776254,0.10500729259887309,0.1,供应 短缺 紧缺 供给 供求 供不应求 需求 过剩 急需 内需,急需 内需 供不应求 过剩 需求 紧缺 短缺 供给,内需 急需 供应 供求 供给 短缺 需求 供不应求 过剩 紧缺,供应 短缺 紧缺 供给 供求 供不应求 需求 过剩 急需 内需
486,32,0.43494816416528065,0.025501012022547915,0.375,墓 祭奠 坟 墓碑 墓地 悼念 公墓 葬 扫墓 纪念碑 坟墓 葬礼,遗体 缅怀 去世 坟墓 送行 烈士 逝世 送别,墓地 坟 墓 庙 葬礼 祭 碑 烈士 诞辰 逝世 纪念馆 陪葬,墓 祭奠 坟 墓碑 墓地 悼念 公墓 葬 扫墓 纪念碑 坟墓 葬礼 遗体 瞻仰 烈士 祭祀 纪念馆 追悼会 缅怀 祭 遗物 纪念 碑 庙 陪葬 诞辰 供奉 逝世 送别 遗址 去世 送行
487,20,0.3765668814118937,-0.02728383528906931,0.55,燃料 能源 发电 燃气 天然气 煤气 电力 煤 核能 太阳能 燃油 电,供暖 焦 油 炭 电池 煤 碳 煤气,核能 太阳能 碳 焦 煤 炭 电 电力 油 电网 电池 能源,燃料 能源 发电 燃气 天然气 煤气 电力 煤 核能 太阳能 燃油 电 汽油 供暖 电池 电网 炭 油 碳 焦
488,14,0.45264146127202787,0.1265303448213157,0.14285714285714285,依照 按照 遵照 遵循 根据 按 依据 遵守 听从 参照 依 服从,顺从 符合 服从 听从 参照 遵守 根据 依据,依 按 参照 顺从 根据 依据 听从 服从 依照 遵照 符合 遵守,依照 按照 遵照 遵循 根据 按 依据 遵守 听从 参照 依 服从 符合 顺从
489,5,0.5262427136517726,0.177039626088127,0.0,满怀 恋恋不舍 依依不舍 怀着 兴高采烈,兴高采烈 依依不舍 怀着 满怀 恋恋不舍,恋恋不舍 依依不舍 兴高采烈 怀着 满怀,满怀 恋恋不舍 依依不舍 怀着 兴高采烈
490,8,0.3669000842984997,-0.03787169496139416,0.625,顺序 流程 步骤 程序 环节 过程 依次 排列,排列 依次 过程 流程 环节 步骤 程序 顺序,流程 步骤 环节 程序 顺序 依次 排列 过程,顺序 流程 步骤 程序 环节 过程 依次 排列
491,17,0.4193253343640399,0.028309528352549383,0.35294117647058826,处罚 惩处 查处 罚款 取缔 处分 吊销 拘留 没收 整顿 追究 整治,清理 治理 拘留 判处 惩处 追究 整顿 没收,取缔 拘留 追究 吊销 罚 惩处 罚款 判处 没收 清理 依法 治理,处罚 惩处 查处 罚款 取缔 处分 吊销 拘留 没收 整顿 追究 整治 判处 依法 罚 清理 治理
492,5,0.37306860018256854,-0.0605290295034843,1.0,侠义 励志 英雄 风流 正能量,风流 正能量 英雄 励志 侠义,励志 侠义 英雄 正能量 风流,侠义 励志 英雄 风流 正能量
493,5,0.48661505252366444,0.14331476467774196,0.0,侧面 正面 背面 反面 侧,背面 侧 反面 侧面 正面,侧 背面 侧面 反面 正面,侧面 正面 背面 反面 侧
494,13,0.4465013535172595,0.058402061405569757,0.38461538461538464,霸占 强占 侵占 占领 掠夺 抢夺 占有 瓜分 占据 剥夺 垄断 占用,出卖 瓜分 垄断 占用 占有 剥夺 抢夺 掠夺,占用 占据 占有 掠夺 霸占 垄断 占领 强占 出卖 剥夺 瓜分 侵占,霸占 强占 侵占 占领 掠夺 抢夺 占有 瓜分 占据 剥夺 垄断 占用 出卖
495,9,0.47324006825479636,0.07027573336806606,0.2222222222222222,便捷 通畅 顺畅 畅通 快捷 便利 高效 直达 通顺,通顺 直达 通畅 高效 便利 畅通 快捷 便捷,顺畅 快捷 通顺 畅通 直达 便利 便捷 高效 通畅,便捷 通畅 顺畅 畅通 快捷 便利 高效 直达 通顺
496,15,0.43451308567939145,0.04155538316869508,0.26666666666666666,信件 回信 信封 电报 请柬 请帖 便条 贺卡 公函 来信 公开信 封,表格 贺卡 信 名片 公开信 信封 封 请帖,封 信 请帖 请柬 电报 公开信 贺卡 回信 便条 名片 表格 公函,信件 回信 信封 电报 请柬 请帖 便条 贺卡 公函 来信 公开信 封 信 表格 名片
497,5,0.3653605836499701,-0.04696740090792153,0.8,开口 口 道 便道 腔,道 腔 口 便道 开口,口 便道 开口 道 腔,开口 口 道 便道 腔
498,9,0.4428479348048823,0.07521394362458711,0.2222222222222222,喜酒 请客 敬酒 婚礼 新郎 新娘 招待 嫁妆 便饭,招待 便饭 嫁妆 婚礼 敬酒 新娘 请客 新郎,婚礼 便饭 请客 新娘 喜酒 嫁妆 新郎 招待 敬酒,喜酒 请客 敬酒 婚礼 新郎 新娘 招待 嫁妆 便饭
499,3,0.34915527282175934,-0.03348635598546009,0.6666666666666666,俊 傲 特,特 俊 傲,傲 俊 特,俊 傲 特
500,1,,0.0,0.0,俗话说,俗话说,俗话说,俗话说
501,15,0.42026132892186946,0.008623730327644439,0.4666666666666667,词 词语 句 成语 俗语 字眼 名言 开场白 诗 谜语 结尾 话语,俗语 标题 诗 话语 谜语 字 结尾 句,谜语 成语 句 字 开头 名言 标题 俗语 词 诗 话语 开场白,词 词语 句 成语 俗语 字眼 名言 开场白 诗 谜语 结尾 话语 开头 字 标题
502,3,0.4872662157918966,0.14770595258570177,0.0,吸引 打动 俘获,吸引 俘获 打动,吸引 俘获 打动,吸引 打动 俘获
503,16,0.39020822442969283,-0.03455257903050251,0.4375,士兵 囚犯 军人 华侨 华人 平民 留学生 华裔 罪犯 公民 穆斯林 俘虏,囚犯 罪犯 外籍 奴隶 俘虏 官吏 僧人 留学生,留学生 僧人 囚犯 华裔 奴隶 穆斯林 官吏 俘虏 华侨 华人 外籍 罪犯,士兵 囚犯 军人 华侨 华人 平民 留学生 华裔 罪犯 公民 穆斯林 俘虏 官吏 奴隶 僧人 外籍
504,4,0.35925128659355615,-0.008291715311882008,0.75,保 延 险 稳,稳 延 险 保,延 保 稳 险,保 延 险 稳
505,11,0.41858228708376416,0.03292378445365116,0.45454545454545453,维修 修理 保养 安装 保修 修车 修补 调试 改装 修 开机,开机 调试 修补 修车 改装 修 安装 保养,调试 安装 修 开机 维修 保养 保修 修补 修车 修理 改装,维修 修理 保养 安装 保修 修车 修补 调试 改装 修 开机
506,8,0.4571095621627679,0.07128330594452077,0.25,守护 捍卫 保卫 维护 守 坚守 保护 守候,坚守 守候 守 维护 保护 保卫 捍卫 守护,坚守 守 守护 保护 保卫 维护 守候 捍卫,守护 捍卫 保卫 维护 守 坚守 保护 守候
507,7,0.48184465496161005,0.16315539630842293,0.14285714285714285,泄露 泄密 泄漏 机密 隐私 保密 流失,流失 保密 隐私 机密 泄漏 泄露 泄密,机密 流失 保密 泄露 泄漏 隐私 泄密,泄露 泄密 泄漏 机密 隐私 保密 流失
508,7,0.4522047736272551,0.1211340742863977,0.2857142857142857,持续 延续 维持 继续 保持 续 持久,续 持久 保持 继续 延续 维持 持续,持续 持久 续 延续 保持 维持 继续,持续 延续 维持 继续 保持 续 持久
509,6,0.3516343419381374,-0.12583955813577832,0.8333333333333334,留 藏 埋 存 保留 赖,留 赖 保留 埋 藏 存,埋 存 留 保留 藏 赖,留 藏 埋 存 保留 赖
510,5,0.4810335588776874,0.1311911897740948,0.4,确保 保证 保障 安全 做到,做到 安全 保障 确保 保证,保障 保证 确保 安全 做到,确保 保证 保障 安全 做到
511,9,0.42768290287440014,0.05061600696116847,0.2222222222222222,迹象 兆头 苗头 势头 预兆 趋势 预感 信号 动向,预感 动向 势头 趋势 信号 兆头 苗头 预兆,迹象 苗头 趋势 势头 预感 预兆 动向 信号 兆头,迹象 兆头 苗头 势头 预兆 趋势 预感 信号 动向
512,7,0.3969655330537186,0.010522521428419954,0.42857142857142855,资料 数据 数据库 信息 档案 资讯 图表,数据库 图表 档案 资讯 数据 信息 资料,数据库 数据 资料 档案 资讯 信息 图表,资料 数据 数据库 信息 档案 资讯 图表
513,6,0.42292025669584715,0.04615094358284116,0.3333333333333333,修复 复原 恢复 重建 完好 再生,再生 完好 重建 恢复 修复 复原,恢复 重建 完好 再生 修复 复原,修复 复原 恢复 重建 完好 再生
514,18,0.4327722692877169,0.020828180989306968,0.3333333333333333,兴建 动工 修建 建造 建成 竣工 扩建 开工 建设 建 工程 施工,开业 施工 拆除 开发 封顶 造 改造 工程,工程 建 竣工 开业 开发 开工 扩建 兴建 建成 建造 建设 施工,兴建 动工 修建 建造 建成 竣工 扩建 开工 建设 建 工程 施工 拆除 改造 开业 开发 封顶 造
515,9,0.4782845478008109,0.13423991668382665,0.1111111111111111,修改 更改 改动 修订 更换 变更 更新 修正 改版,更新 更换 修正 修订 改版 变更 改动 修改,改版 改动 更改 更新 更换 修订 修改 修正 变更,修改 更改 改动 修订 更换 变更 更新 修正 改版
516,2,0.47757384293495764,0.0699134199446575,0.5,修路 拆迁,修路 拆迁,修路 拆迁,修路 拆迁
517,25,0.3940172228197649,-0.01944758808050594,0.52,公斤 千克 斤 吨 磅 平方米 立方米 公顷 厘米 米 公里 元,立方米 平方 左右 马力 元 美元 百分点 尺,倍 克 元 吨 寸 尺 磅 米 斤 桶 百分点 平方米,公斤 千克 斤 吨 磅 平方米 立方米 公顷 厘米 米 公里 元 毫米 尺 毫升 美金 平方 桶 倍 美元 马力 克 寸 左右 百分点
518,2,0.4229150718904737,0.06772685296285907,0.0,掉队 倒下,掉队 倒下,倒下 掉队,掉队 倒下
519,4,0.5157675369069912,0.2019108194146181,0.0,排名 排行榜 倒数 垫底,倒数 垫底 排名 排行榜,倒数 排行榜 排名 垫底,排名 排行榜 倒数 垫底
520,3,0.33026510421710703,-0.11749962161845816,0.6666666666666666,揭晓 脱颖而出 倒计时,倒计时 脱颖而出 揭晓,倒计时 揭晓 脱颖而出,揭晓 脱颖而出 倒计时
521,18,0.4352058317568229,0.04049183814975295,0.3333333333333333,转弯 拐弯 刹车 车速 减速 超车 急转弯 倒车 超速 红灯 熄火 绿灯,追尾 方向盘 倒车 熄火 时速 超速 十字路口 拐,熄火 掉头 追尾 拐 红灯 方向盘 绿灯 车速 超车 超速 时速 减速,转弯 拐弯 刹车 车速 减速 超车 急转弯 倒车 超速 红灯 熄火 绿灯 掉头 追尾 方向盘 十字路口 时速 拐
522,5,0.39704829709821465,-0.035409005550131475,0.4,借用 借 趁 趁着 引用,引用 趁 借用 趁着 借,借 趁着 借用 趁 引用,借用 借 趁 趁着 引用
523,5,0.5237000660090351,0.14950774676658624,0.2,借助 通过 利用 透过 运用,运用 利用 借助 透过 通过,运用 通过 借助 利用 透过,借助 通过 利用 透过 运用
524,3,0.4757838021819543,0.13211498742588992,0.3333333333333333,借口 理由 辩护,辩护 借口 理由,借口 辩护 理由,借口 理由 辩护
525,8,0.4173368883147383,0.02647655477155576,0.5,启发 启示 鼓舞 鞭策 启迪 借鉴 激励 警钟,借鉴 激励 警钟 鼓舞 启迪 鞭策 启发 启示,启迪 激励 启发 启示 借鉴 警钟 鼓舞 鞭策,启发 启示 鼓舞 鞭策 启迪 借鉴 激励 警钟
526,5,0.32811638818462363,-0.047237577224005435,0.8,基准 标准 指标 定价 值,定价 值 标准 指标 基准,值 定价 指标 基准 标准,基准 标准 指标 定价 值
527,2,0.4517248419588481,0.09481936734378602,0.0,值得 有待,值得 有待,有待 值得,值得 有待
528,2,0.40376239398559655,-0.009495971087611063,0.5,值班 有事,值班 有事,有事 值班,值班 有事
529,3,0.6194961375765061,0.33588598247944096,0.0,稀罕 稀奇 值钱,值钱 稀奇 稀罕,稀罕 稀奇 值钱,稀罕 稀奇 值钱
530,3,0.6209671942480399,0.3131188477221269,0.0,偏向 倾向 转向,转向 偏向 倾向,偏向 倾向 转向,偏向 倾向 转向
531,7,0.4636032327434784,0.05813366238922113,0.42857142857142855,倾诉 诉说 发泄 宣泄 诉苦 倾听 诀别,诀别 倾听 发泄 宣泄 诉苦 倾诉 诉说,倾诉 诀别 宣泄 发泄 倾听 诉苦 诉说,倾诉 诉说 发泄 宣泄 诉苦 倾听 诀别
532,2,0.4778378125420333,0.057600875359918674,0.0,倾斜 靠拢,靠拢 倾斜,靠拢 倾斜,倾斜 靠拢
533,2,0.5321371290820431,0.3102763309625805,0.0,关税 倾销,倾销 关税,倾销 关税,关税 倾销
534,8,0.521848889586071,0.22587024282178408,0.125,辨别 分辨 辨认 鉴别 识别 真假 区分 假,假 区分 辨认 真假 鉴别 识别 分辨 辨别,假 辨认 区分 真假 分辨 辨别 识别 鉴别,辨别 分辨 辨认 鉴别 识别 真假 区分 假
535,14,0.4874770862293787,0.12342025967401328,0.07142857142857142,宽阔 宽广 辽阔 开阔 狭小 狭窄 荒凉 广阔 偏僻 宽敞 僻静 平坦,遥远 宽敞 广阔 偏远 开阔 僻静 偏僻 荒凉,开阔 偏僻 荒凉 宽广 遥远 宽敞 僻静 辽阔 偏远 宽阔 广阔 狭窄,宽阔 宽广 辽阔 开阔 狭小 狭窄 荒凉 广阔 偏僻 宽敞 僻静 平坦 偏远 遥远
536,12,0.45033324932422325,0.08577793261241796,0.16666666666666666,错误 过失 过错 疏忽 失误 错 差错 偏差 误 犯 误差 罪,疏忽 罪 误 犯 误差 错 偏差 失误,偏差 罪 犯 误差 疏忽 失误 错 误 错误 过错 差错 过失,错误 过失 过错 疏忽 失误 错 差错 偏差 误 犯 误差 罪
537,4,0.4433214901178451,0.0599850155315165,0.5,偏方 药方 求医 止咳,止咳 求医 药方 偏方,偏方 止咳 药方 求医,偏方 药方 求医 止咳
538,5,0.46529186095485214,0.07432315291776848,0.2,观念 迷信 偏见 教条 根深蒂固,根深蒂固 教条 迷信 观念 偏见,根深蒂固 迷信 偏见 观念 教条,观念 迷信 偏见 教条 根深蒂固
539,4,0.44850625466140354,0.02388926596626067,0.25,干 做 搞 活,做 活 搞 干,做 干 搞 活,干 做 搞 活
540,2,0.5780845601365578,0.26919358375900027,0.0,梦 做梦,做梦 梦,梦 做梦,梦 做梦
541,12,0.4379985638673878,-0.014114382987864627,0.5833333333333334,挣钱 做生意 赚钱 打工 谋生 干活儿 发财 经商 过日子 苦力 活儿 炒股,做生意 干活儿 活儿 苦力 发财 过日子 炒股 经商,谋生 赚钱 做生意 干活儿 炒股 活儿 苦力 打工 过日子 经商 发财 挣钱,挣钱 做生意 赚钱 打工 谋生 干活儿 发财 经商 过日子 苦力 活儿 炒股
542,6,0.5243724773411057,0.12995941840503944,0.0,做饭 洗澡 刷牙 打扫 理发 家务,家务 刷牙 洗澡 打扫 理发 做饭,洗澡 做饭 刷牙 理发 打扫 家务,做饭 洗澡 刷牙 打扫 理发 家务
543,3,0.37743605256855545,-0.013505284459524161,0.3333333333333333,停 停顿 闭,闭 停顿 停,停 闭 停顿,停 停顿 闭
544,8,0.4314172962651602,0.04287306820847452,0.25,摆放 放置 摆设 陈列 悬挂 布置 停放 花瓶,花瓶 布置 停放 摆设 放置 陈列 悬挂 摆放,摆放 陈列 停放 花瓶 放置 悬挂 摆设 布置,摆放 放置 摆设 陈列 悬挂 布置 停放 花瓶
545,31,0.4025628381814894,-0.02103057427977238,0.5483870967741935,军舰 潜艇 飞机 艘 船只 渔船 船 客机 航行 海军 直升机 导弹,飞船 核武器 船长 发射 游船 船 飞行 飞行员,直升机 坦克 飞行员 核武器 海军 空军 停泊 起飞 架 船舶 潜艇 游船,军舰 潜艇 飞机 艘 船只 渔船 船 客机 航行 海军 直升机 导弹 停泊 飞船 船舶 船员 轮船 飞行员 飞行 空军 坦克 降落 架 游船 起飞 船长 火箭 发射 陆军 核武器 核电站
546,4,0.4361820812723248,0.0859879626227012,0.25,失灵 故障 停电 失控,失控 停电 故障 失灵,停电 故障 失灵 失控,失灵 故障 停电 失控
547,2,0.5428968118481878,0.2717220322415417,0.0,停留 滞留,停留 滞留,停留 滞留,停留 滞留
548,9,0.4315843514152576,0.020768966238665025,0.5555555555555556,完善 完备 健全 齐全 完整 规范 配套 充实 长效,齐全 充实 长效 规范 配套 完整 健全 完备,规范 完整 齐全 健全 完备 完善 配套 充实 长效,完善 完备 健全 齐全 完整 规范 配套 充实 长效
549,14,0.4518207197819463,0.09457055858608153,0.21428571428571427,影星 歌星 明星 巨星 球星 偶像 帅哥 艺人 大腕儿 美女 名人 模特儿,摄影师 新人 美女 大腕儿 名人 帅哥 偶像 模特儿,模特儿 艺人 摄影师 球星 帅哥 新人 明星 偶像 美女 巨星 影星 大腕儿,影星 歌星 明星 巨星 球星 偶像 帅哥 艺人 大腕儿 美女 名人 模特儿 新人 摄影师
550,8,0.5892036593743851,0.3231433176842245,0.0,恰巧 碰巧 恰好 正好 刚好 凑巧 偶然 巧,巧 偶然 凑巧 碰巧 正好 恰巧 刚好 恰好,巧 恰巧 恰好 偶然 刚好 碰巧 凑巧 正好,恰巧 碰巧 恰好 正好 刚好 凑巧 偶然 巧
551,3,0.6360482189755716,0.3763158863949358,0.0,偷看 偷窥 偷,偷 偷看 偷窥,偷 偷看 偷窥,偷看 偷窥 偷
552,7,0.48777596456264083,0.11366603275396236,0.14285714285714285,粗心大意 粗心 马虎 潦草 偷懒 大意 怠慢,偷懒 怠慢 大意 潦草 马虎 粗心 粗心大意,偷懒 大意 马虎 潦草 粗心大意 怠慢 粗心,粗心大意 粗心 马虎 潦草 偷懒 大意 怠慢
553,3,0.41766163653137767,0.007065121789314614,0.3333333333333333,后备 储备 备用,后备 备用 储备,备用 后备 储备,后备 储备 备用
554,2,0.44197374710221227,0.1097804942042932,0.0,急 催,催 急,催 急,急 催
555,22,0.4732960088587581,0.05694599016137894,0.2727272727272727,劝说 劝 劝告 嘱咐 催促 叮嘱 恳求 劝阻 告诫 吩咐 哀求 说服,提醒 敦促 鼓动 招呼 推辞 催促 警告 再三,哀求 劝 示意 再三 答应 敦促 告诫 劝阻 劝说 鼓动 说服 叮嘱,劝说 劝 劝告 嘱咐 催促 叮嘱 恳求 劝阻 告诫 吩咐 哀求 说服 示意 敦促 再三 答应 提醒 逼迫 招呼 推辞 警告 鼓动
556,7,0.425972549478925,-0.011727326204454182,0.42857142857142855,服用 睡眠 减肥 安眠药 忌口 饮食 催眠,忌口 安眠药 催眠 饮食 减肥 睡眠 服用,睡眠 饮食 安眠药 服用 减肥 催眠 忌口,服用 睡眠 减肥 安眠药 忌口 饮食 催眠
557,16,0.43937089864348305,0.024558275047760977,0.4375,流氓 坏人 小偷儿 疯子 家伙 强盗 土匪 笨蛋 贼 骗子 傻瓜 小人,海盗 无恶不作 间谍 小偷儿 小丑 骗子 疯子 家伙,疯子 笨蛋 流氓 无恶不作 间谍 海盗 傻瓜 强盗 小人 小丑 贼 骗子,流氓 坏人 小偷儿 疯子 家伙 强盗 土匪 笨蛋 贼 骗子 傻瓜 小人 小丑 无恶不作 海盗 间谍
558,3,0.390410504465468,-0.023837532660306207,0.6666666666666666,现成 像样 有用,有用 像样 现成,现成 有用 像样,现成 像样 有用
559,6,0.37916449051280665,-0.021308681017862065,0.3333333333333333,孕育 蕴涵 蕴藏 萌芽 萌发 元素,元素 萌芽 萌发 蕴藏 蕴涵 孕育,蕴涵 萌发 元素 蕴藏 孕育 萌芽,孕育 蕴涵 蕴藏 萌芽 萌发 元素
560,28,0.37807890740287337,-0.0038583011004812854,0.5357142857142857,总统 议会 首相 议员 内阁 首脑 外交官 国会 大臣 元首 总理 大使,大使 政权 国王 军官 官 司令 领事馆 竞选,外交官 竞选 官 内阁 大使馆 领事馆 总理 总统 官员 国会 大使 司令,总统 议会 首相 议员 内阁 首脑 外交官 国会 大臣 元首 总理 大使 领事 军官 政党 官员 外交 大使馆 国王 领袖 司令 大选 将军 领事馆 政权 联合国 竞选 官
561,7,0.3999130980622701,-0.015666270175179377,0.7142857142857143,全面 深入 全方位 深度 纵深 充分 彻底,深度 充分 深入 彻底 全方位 纵深 全面,彻底 纵深 深入 深度 全方位 充分 全面,全面 深入 全方位 深度 纵深 充分 彻底
562,3,0.45068098170830884,0.023234541572829382,0.3333333333333333,充满 十足 带有,带有 十足 充满,充满 十足 带有,充满 十足 带有
563,25,0.397493763590904,0.001420654671823279,0.48,电脑 硬盘 屏幕 显示器 鼠标 笔记本 打印机 键盘 磁盘 手机 按键 浏览器,焦距 充电器 键 无线 手机 芯片 摄像 软件,机器 显示器 按键 键盘 摄像机 摄像 软件 无线 计算机 充电器 服务器 打印机,电脑 硬盘 屏幕 显示器 鼠标 笔记本 打印机 键盘 磁盘 手机 按键 浏览器 内存 相机 服务器 充电器 摄像机 芯片 计算机 软件 摄像 机器 无线 键 焦距
564,8,0.3881625278069686,-0.03461248370591438,0.625,先 再 想 去 顺便 来 首先 重新,想 重新 首先 来 去 顺便 再 先,重新 先 再 去 来 想 顺便 首先,先 再 想 去 顺便 来 首先 重新
565,2,0.5701707203300226,0.35031779283494385,0.0,后天 先天,先天 后天,后天 先天,后天 先天
566,10,0.3928433083032315,0.012309646912755396,0.3,新型 高科技 高新技术 全新 崭新 现代化 新兴 现代 新 先进,新 现代 先进 崭新 现代化 新兴 高新技术 高科技,高科技 新 新型 新兴 现代 现代化 先进 全新 崭新 高新技术,新型 高科技 高新技术 全新 崭新 现代化 新兴 现代 新 先进
567,5,0.3908458574098718,0.026061151136798376,0.2,雪 雾 霜 风 光,光 雾 风 霜 雪,光 风 霜 雪 雾,雪 雾 霜 风 光
568,2,0.541906948512366,0.2751176139017479,0.0,曙光 光明,曙光 光明,光明 曙光,曙光 光明
569,18,0.4372124212663195,0.016982944601905258,0.5555555555555556,花纹 形状 线条 外形 轮廓 颜色 造型 图案 外观 光泽 光滑 色彩,色彩 光滑 质地 风格 斑点 酷似 图案 字体,光滑 光泽 质地 图案 轮廓 花纹 线条 酷似 风格 外观 造型 形状,花纹 形状 线条 外形 轮廓 颜色 造型 图案 外观 光泽 光滑 色彩 棱角 质地 字体 酷似 斑点 风格
570,1,,0.0,0.0,光环,光环,光环,光环
571,8,0.4876250362778084,0.1545503396446302,0.25,光盘 光碟 盗版 磁带 正版 音像 游戏机 胶片,胶片 游戏机 正版 音像 磁带 盗版 光盘 光碟,正版 光盘 光碟 胶片 音像 磁带 游戏机 盗版,光盘 光碟 盗版 磁带 正版 音像 游戏机 胶片
572,6,0.4537684033686497,0.06682979860554035,0.16666666666666666,骄傲 荣幸 耻辱 光荣 喜悦 得意,得意 喜悦 耻辱 光荣 荣幸 骄傲,得意 光荣 耻辱 荣幸 喜悦 骄傲,骄傲 荣幸 耻辱 光荣 喜悦 得意
573,1,,0.0,0.0,光顾,光顾,光顾,光顾
574,8,0.46944300488895563,0.10496680168708208,0.125,破除 破解 克服 解决 摆脱 解开 打破 解脱,解脱 摆脱 解决 解开 打破 克服 破除 破解,解开 解决 克服 打破 破解 摆脱 破除 解脱,破除 破解 克服 解决 摆脱 解开 打破 解脱
575,9,0.408990912327585,-0.034902212921168504,0.5555555555555556,遗传 变异 基因 胚胎 进化 克隆 发育 生理 复制,复制 生理 发育 克隆 胚胎 基因 变异 进化,克隆 进化 生理 遗传 发育 胚胎 变异 基因 复制,遗传 变异 基因 胚胎 进化 克隆 发育 生理 复制
576,2,0.3790337047912127,-0.061298694731363165,1.0,兑换 券,兑换 券,券 兑换,兑换 券
577,4,0.41966585336722856,0.07374255722200049,0.25,兑现 承诺 诺言 释放,释放 承诺 诺言 兑现,释放 诺言 承诺 兑现,兑现 承诺 诺言 释放
578,16,0.41953418977979795,-0.025107131808192365,0.5625,拎 兜儿 挎 揣 背着 筐 兜 搀 捆 口袋 背 驮,带 包 口袋 手里 拴 捆 搀 背着,背着 兜 包 带 筐 搀 拎 拴 捆 挎 揣 口袋,拎 兜儿 挎 揣 背着 筐 兜 搀 捆 口袋 背 驮 包 带 手里 拴
579,4,0.4011317254767714,-0.0018605868111506415,0.25,进 回 入 趟,趟 进 回 入,入 回 趟 进,进 回 入 趟
580,5,0.331844821712707,-0.06686956565319543,0.8,前台 后台 窗口 入口 通道,通道 后台 入口 窗口 前台,通道 入口 后台 窗口 前台,前台 后台 窗口 入口 通道
581,8,0.39468214316211775,0.0017182731256156368,0.5,出境 入境 出国 回国 探亲 过境 港 参军,参军 出国 港 过境 探亲 回国 入境 出境,探亲 参军 入境 港 回国 出国 出境 过境,出境 入境 出国 回国 探亲 过境 港 参军
582,14,0.39543446500390056,-0.033920831237568234,0.6428571428571429,获得 获 取得 赢得 得到 荣获 拿到 获取 给予 收到 授予 提供,获取 赋予 提供 收到 入选 拿到 授予 赢得,授予 拿到 入选 得到 给予 收到 提供 获 赋予 获得 获取 赢得,获得 获 取得 赢得 得到 荣获 拿到 获取 给予 收到 授予 提供 入选 赋予
583,5,0.3703837137879945,-0.0038442688506945656,0.6,擅长 精通 入门 拿手 新手,精通 拿手 新手 入门 擅长,拿手 入门 新手 精通 擅长,擅长 精通 入门 拿手 新手
584,1,,0.0,0.0,全世界,全世界,全世界,全世界
585,4,0.39982560215925034,0.039753996689018106,0.25,工商界 广大 全体 文艺界,全体 文艺界 广大 工商界,全体 工商界 广大 文艺界,工商界 广大 全体 文艺界
586,4,0.45576866911922115,0.10940996612787288,0.0,在场 现场 全场 台上,全场 台上 现场 在场,现场 全场 在场 台上,在场 现场 全场 台上
587,6,0.3758152171593986,-0.015604698927249935,0.5,大局 得失 全局 利害 是非 决策,是非 决策 利害 大局 得失 全局,得失 是非 大局 全局 利害 决策,大局 得失 全局 利害 是非 决策
588,1,,0.0,0.0,全文,全文,全文,全文
589,1,,0.0,0.0,全程,全程,全程,全程
590,4,0.34810172824706775,-0.01566720786301332,0.5,太极 少林寺 八卦 魔术,八卦 魔术 太极 少林寺,少林寺 八卦 魔术 太极,太极 少林寺 八卦 魔术
591,7,0.2984416668990718,-0.10675418989136042,0.8571428571428571,德 立 公 安 文 国 洋,国 德 文 洋 安 立 公,公 国 安 德 立 文 洋,德 立 公 安 文 国 洋
592,9,0.4002690353550262,0.01302501991359126,0.4444444444444444,公主 皇帝 皇后 王子 皇室 美人 宫廷 宝贝 天使,天使 宝贝 宫廷 美人 皇室 皇帝 公主 王子,宝贝 美人 皇室 皇帝 皇后 天使 公主 宫廷 王子,公主 皇帝 皇后 王子 皇室 美人 宫廷 宝贝 天使
593,18,0.46819319845468005,0.010549959984916197,0.5555555555555556,观众 影迷 网民 听众 民众 读者 歌迷 球迷 消费者 市民 粉丝 用户,粉丝 影迷 民众 公众 歌迷 市民 大众 选民,消费者 网友 选民 网民 读者 股民 用户 球迷 大众 市民 听众 观众,观众 影迷 网民 听众 民众 读者 歌迷 球迷 消费者 市民 粉丝 用户 网友 顾客 股民 公众 选民 大众
594,3,0.386375652578884,0.02570291492609636,0.6666666666666666,公共 公益性 共享,公益性 共享 公共,共享 公益性 公共,公共 公益性 共享
595,3,0.5272188788876034,0.24583491725635728,0.0,公共场所 场所 场合,场合 公共场所 场所,公共场所 场所 场合,公共场所 场所 场合
596,5,0.4107146064408296,0.04073788245236644,0.4,收视率 点击率 票房 广告 公关,公关 票房 点击率 广告 收视率,收视率 点击率 票房 广告 公关,收视率 点击率 票房 广告 公关
597,4,0.4150406204215733,0.08943723330309883,0.25,公务 办公 商务 公车,公车 办公 商务 公务,办公 商务 公车 公务,公务 办公 商务 公车
598,11,0.3842702710412456,0.008482498899430242,0.18181818181818182,通告 公告 通知 报告 文件 通知书 通报 声明 说明书 附件 预告,通报 预告 附件 声明 文件 说明书 公告 通知,通告 附件 报告 通知书 说明书 文件 声明 预告 公告 通报 通知,通告 公告 通知 报告 文件 通知书 通报 声明 说明书 附件 预告
599,5,0.41371141543817413,0.02756273076200715,0.4,披露 公布 公开 刊登 对外,对外 刊登 公开 公布 披露,对外 刊登 披露 公开 公布,披露 公布 公开 刊登 对外
600,7,0.40859287232765196,-0.026641215659289664,0.42857142857142855,符号 标签 记号 标示 标志 包装 公式,包装 公式 标志 标示 标签 记号 符号,标志 标签 标示 包装 记号 符号 公式,符号 标签 记号 标示 标志 包装 公式
601,16,0.4425126196229208,0.08822735737953961,0.125,条例 宪法 公约 法规 草案 规定 条约 条款 法律 刑法 规则 宣言,规定 决议 宣言 纲领 纲要 规则 条约 条款,宣言 条约 决议 条款 法律 条例 宪法 法规 准则 规定 规则 刑法,条例 宪法 公约 法规 草案 规定 条约 条款 法律 刑法 规则 宣言 准则 纲领 决议 纲要
602,2,0.6302523429212078,0.42668511495764494,0.0,自费 公费,公费 自费,公费 自费,自费 公费
603,6,0.4085585541333602,0.005960520260453179,0.5,同盟 联盟 共同体 盟友 阵营 共识,共识 阵营 盟友 共同体 联盟 同盟,联盟 阵营 盟友 同盟 共同体 共识,同盟 联盟 共同体 盟友 阵营 共识
604,7,0.4685799554068269,0.0596102168235409,0.2857142857142857,震动 轰动 反响 震撼 共鸣 触动 好评,反响 好评 共鸣 触动 震撼 震动 轰动,触动 反响 轰动 共鸣 震动 震撼 好评,震动 轰动 反响 震撼 共鸣 触动 好评
605,7,0.29850900402485037,-0.13484991588786238,0.8571428571428571,槽 板 闸 焊 坑 膜 关,关 闸 坑 膜 焊 板 槽,关 坑 焊 板 槽 闸 膜,槽 板 闸 焊 坑 膜 关
606,8,0.3478946339552002,-0.16652601237514172,1.0,大门 关上 打开 钥匙 殿堂 关掉 台阶 园地,园地 台阶 钥匙 关掉 大门 殿堂 关上 打开,关上 关掉 园地 殿堂 台阶 大门 打开 钥匙,大门 关上 打开 钥匙 殿堂 关掉 台阶 园地
607,2,0.5001066869300398,0.23406114424614596,0.0,有关 关于,有关 关于,关于 有关,有关 关于
608,5,0.4819341569511629,0.15802951506078272,0.2,关头 危急 千钧一发 时刻 面前,面前 时刻 危急 千钧一发 关头,时刻 关头 面前 危急 千钧一发,关头 危急 千钧一发 时刻 面前
609,13,0.48059314068653053,0.1401151112847584,0.07692307692307693,电话 拨打 打电话 拨通 接听 接通 来电 热线 通话 报警 求助 关机,关机 接通 接到 求助 报警 通话 热线 打电话,关机 通话 热线 拨通 拨打 报警 求助 打电话 来电 电话 接到 接听,电话 拨打 打电话 拨通 接听 接通 来电 热线 通话 报警 求助 关机 接到
610,5,0.4983853603603395,0.15427610936622202,0.0,看重 看好 重视 看中 关注,关注 看中 重视 看重 看好,看好 看中 关注 重视 看重,看重 看好 重视 看中 关注
611,4,0.5277607370847678,0.2230805429993966,0.0,密切 紧密 联系 关系,关系 紧密 联系 密切,密切 紧密 联系 关系,密切 紧密 联系 关系
612,13,0.37578309374874364,-0.024459830567988474,0.6153846153846154,重要 关键 首要 必不可少 至关重要 重中之重 当务之急 重点 核心 离不开 密不可分 要点,必不可少 密不可分 要点 重点 少不了 核心 离不开 当务之急,重点 重中之重 必不可少 至关重要 少不了 核心 关键 要点 当务之急 离不开 密不可分 首要,重要 关键 首要 必不可少 至关重要 重中之重 当务之急 重点 核心 离不开 密不可分 要点 少不了
613,7,0.4380269186620914,0.060447425248157924,0.2857142857142857,酗酒 吸毒 吸烟 戒烟 自杀 兴奋剂 近视,近视 自杀 兴奋剂 戒烟 吸毒 吸烟 酗酒,兴奋剂 戒烟 吸毒 吸烟 近视 自杀 酗酒,酗酒 吸毒 吸烟 戒烟 自杀 兴奋剂 近视
614,13,0.4043945623965807,-0.012838329005306005,0.5384615384615384,兴旺 繁荣 蓬勃 欣欣向荣 昌盛 红火 旺盛 复兴 富强 生机 振兴 火热,生机 火暴 火热 红火 富强 复兴 振兴 旺盛,蓬勃 昌盛 红火 旺盛 生机 兴旺 振兴 火暴 火热 繁荣 富强 欣欣向荣,兴旺 繁荣 蓬勃 欣欣向荣 昌盛 红火 旺盛 复兴 富强 生机 振兴 火热 火暴
615,4,0.41167464335729287,-0.006726291909843524,0.5,热情 兴致 胃口 踊跃,踊跃 胃口 兴致 热情,热情 胃口 兴致 踊跃,热情 兴致 胃口 踊跃
616,7,0.41019161639902696,0.009710369851178267,0.42857142857142855,兴起 诞生 崛起 涌现 问世 爆发 普及,普及 问世 爆发 涌现 诞生 崛起 兴起,诞生 涌现 普及 问世 兴起 爆发 崛起,兴起 诞生 崛起 涌现 问世 爆发 普及
617,11,0.4208904848167552,-0.012012428691265615,0.45454545454545453,队员 队长 队 教练 领队 球员 员 外援 部队 大队 兵,队长 大队 兵 部队 员 球员 外援 教练,兵 员 球员 队 领队 部队 大队 外援 队员 队长 教练,队员 队长 队 教练 领队 球员 员 外援 部队 大队 兵
618,4,0.4263081088049924,0.11530838770514468,0.0,期间 前后 前 其间,前 其间 前后 期间,前 其间 期间 前后,期间 前后 前 其间
619,17,0.4239373120348439,0.0041650814304553165,0.5294117647058824,准确 确切 详尽 清晰 确凿 清楚 精确 直观 真实 明确 详细 透彻,真实 可信 客观 详细 清晰 可靠 透彻 清楚,客观 详尽 真实 确切 确凿 明确 透彻 可信 清晰 清楚 直观 准确,准确 确切 详尽 清晰 确凿 清楚 精确 直观 真实 明确 详细 透彻 客观 可靠 如实 可信 具体
620,4,0.6052357710495261,0.33872172094752057,0.0,具有 具备 拥有 有着,有着 具有 具备 拥有,拥有 有着 具备 具有,具有 具备 拥有 有着
621,4,0.4450931386701136,0.08317920263423556,0.25,常见 常用 典型 用法,典型 用法 常用 常见,用法 典型 常用 常见,常见 常用 典型 用法
622,4,0.4234024016310896,0.11654774463042691,0.0,瓦 兹 格 塔,兹 格 塔 瓦,兹 塔 瓦 格,瓦 兹 格 塔
623,6,0.4459076347417774,0.049904000878848505,0.3333333333333333,养 喂养 喂 宠 宠物 哄,哄 宠 宠物 喂 喂养 养,养 哄 喂 宠 宠物 喂养,养 喂养 喂 宠 宠物 哄
624,5,0.391592019708237,-0.007752004875051099,0.4,家政 家教 养老 教育 社区,社区 教育 养老 家教 家政,教育 养老 家政 家教 社区,家政 家教 养老 教育 社区
625,3,0.4326951713140665,0.05774295702934845,0.3333333333333333,并行 兼容 同步,兼容 同步 并行,兼容 同步 并行,并行 兼容 同步
626,5,0.4945072117881595,0.14332410907544837,0.2,满足 适应 迎合 顺应 兼顾,兼顾 顺应 适应 迎合 满足,顺应 满足 适应 兼顾 迎合,满足 适应 迎合 顺应 兼顾
627,1,,0.0,0.0,内向,内向,内向,内向
628,11,0.36541148475549723,-0.07373251724162655,0.6363636363636364,本质 本身 内在 归根到底 根源 根本 实质 自身 在于 到底 自我,根源 到底 自我 自身 根本 在于 实质 本身,到底 根源 根本 归根到底 自身 自我 内在 在于 本质 本身 实质,本质 本身 内在 归根到底 根源 根本 实质 自身 在于 到底 自我
629,4,0.3611451191511019,-0.043309302672020815,0.75,素材 内容 格式 第一手,第一手 素材 格式 内容,第一手 素材 内容 格式,素材 内容 格式 第一手
630,8,0.4754977522961686,0.09905992168051865,0.125,心里 心中 内心 心 脑海 心目 眼里 多心,多心 脑海 心 内心 眼里 心目 心里 心中,眼里 心 心目 心中 多心 内心 心里 脑海,心里 心中 内心 心 脑海 心目 眼里 多心
631,11,0.43315668547462294,0.028781296114531632,0.45454545454545453,涵义 含义 由来 来历 渊源 起源 内涵 意思 发源地 概念 记载,发源地 记载 概念 意思 内涵 起源 渊源 来历,概念 意思 渊源 涵义 由来 发源地 记载 内涵 来历 含义 起源,涵义 含义 由来 来历 渊源 起源 内涵 意思 发源地 概念 记载
632,3,0.6394131550132014,0.4150844561017187,0.0,内行 外行 行家,行家 内行 外行,内行 行家 外行,内行 外行 行家
633,1,,0.0,0.0,冒,冒,冒,冒
634,1,,0.0,0.0,冒险,冒险,冒险,冒险
635,9,0.4051430180995518,0.012505286705554123,0.4444444444444444,冗长 枯燥 简短 深奥 生硬 沉闷 委婉 通俗 篇幅,篇幅 沉闷 通俗 委婉 生硬 枯燥 深奥 冗长,通俗 简短 冗长 生硬 枯燥 深奥 篇幅 委婉 沉闷,冗长 枯燥 简短 深奥 生硬 沉闷 委婉 通俗 篇幅
636,5,0.4414401790756555,0.07827322872906324,0.2,写照 缩影 景象 面貌 历程,历程 景象 面貌 写照 缩影,历程 写照 缩影 景象 面貌,写照 缩影 景象 面貌 历程
637,25,0.36217039766785014,-0.08052663055992441,0.84,贸易 外贸 航运 进出口 运输 物流 海运 港口 煤炭 农产品 货物 集装箱,医药 房地产 物流 零售 出口 货物 石油 运输,流通 物流 集装箱 零售 货物 商品 商业 房地产 航空 服务业 贸易 大宗,贸易 外贸 航运 进出口 运输 物流 海运 港口 煤炭 农产品 货物 集装箱 出口 商品 批发 石油 农业 医药 服务业 零售 流通 大宗 商业 房地产 航空
638,22,0.41618671272164404,-0.037161647625233114,0.6363636363636364,农民 群众 职工 工人 民工 官兵 干部 师生 战士 妇女 牧民 渔民,战士 老百姓 团员 劳动 同志 大学生 学子 居民,官兵 团员 同志 劳动 群众 干部 牧民 妇女 大学生 师生 老百姓 居民,农民 群众 职工 工人 民工 官兵 干部 师生 战士 妇女 牧民 渔民 学员 农民工 青年 大学生 居民 老百姓 学子 团员 劳动 同志
639,5,0.42321843514444246,0.062092402662582626,0.2,凝固 融化 结晶 浓缩 冰,冰 浓缩 结晶 融化 凝固,冰 融化 结晶 凝固 浓缩,凝固 融化 结晶 浓缩 冰
640,27,0.3946206826281873,-0.015849292424306844,0.5185185185185185,热水器 冰箱 洗衣机 灯泡 空调 水管 电视机 电灯 彩电 炉灶 电线 电器,暖气 炉子 炉灶 液晶 水槽 电视 烟囱 管道,热水器 微波炉 烟囱 水龙头 彩电 开关 电器 管道 照明 洗衣机 电灯 电线,热水器 冰箱 洗衣机 灯泡 空调 水管 电视机 电灯 彩电 炉灶 电线 电器 水槽 开关 微波炉 水龙头 家电 电视 照明 炉子 暖气 路灯 阀门 家用 烟囱 管道 液晶
641,98,0.38750624381810916,-0.05407147180085137,0.7653061224489796,踹 拧 拽 搓 磕 劈 蹬 捏 捅 捶 咬 砸,跑 揍 撞 摸 扎 凿 摔倒 筋,冲 凿 切 刺 刨 刮 削 剪 剥 割 劈 勾,踹 拧 拽 搓 磕 劈 蹬 捏 捅 捶 咬 砸 摔 蹦 敲 扒 踢 扯 揪 搂 擦 揍 砍 甩 扔 掰 叼 掐 抠 扳 刨 揉 抡 撞 蹭 抖 摸 刮 舔 爬 撕 挠 溜 碰 绷 撬 扛 拉 滚 缠 踩 打 晃 跳 拦 剪 挑 绑 绞 踏 抬 铲 剥 锯 拔 撑 拖 夹 割 啃 抽 扑 趴 碎 卸 吊 翻 钉 勾 磨 压 扎 掀 轰 窜 削 挡 冲 刺 摔倒 凿 推 筋 摘 钩 切 跑 挪
642,5,0.3980054505463967,-0.048273796526387185,0.8,剧烈 冲击 猛烈 挤压 分化,冲击 挤压 分化 猛烈 剧烈,冲击 剧烈 分化 挤压 猛烈,剧烈 冲击 猛烈 挤压 分化
643,1,,0.0,0.0,冲刺,冲刺,冲刺,冲刺
644,4,0.478007641563237,0.0769681140933103,0.25,欲望 冲动 激情 野心,野心 激情 欲望 冲动,激情 冲动 欲望 野心,欲望 冲动 激情 野心
645,4,0.6239497345537893,0.38514990780596714,0.0,撞击 碰撞 冲撞 摩擦,摩擦 冲撞 撞击 碰撞,撞击 冲撞 摩擦 碰撞,撞击 碰撞 冲撞 摩擦
646,41,0.4118231416696959,-0.06239179768151161,0.7804878048780488,浇 淋 烫 糊 蒸 浸泡 凉水 洒 泡 泼 熏 熬,裹 凉 泡 冲洗 搅 湿 沾 敷,搅拌 冻 凉 喷 稠 粘 糊 熬 熏 炸 烫 烧,浇 淋 烫 糊 蒸 浸泡 凉水 洒 泡 泼 熏 熬 涂 粘 搅拌 冷水 沾 洗 掺 裹 烧 渗 搅 冲洗 泥 溅 冻 抹 热水 灌 喷 撒 湿 敷 淹 黏 水 炸 稠 凉 蜡
647,4,0.4820347306256912,0.1208601939503117,0.25,冷 热 暖 火,火 暖 热 冷,冷 热 火 暖,冷 热 暖 火
648,5,0.49054797930762134,0.16869377022103843,0.0,战争 战场 战斗 打仗 冷战,冷战 战斗 打仗 战争 战场,冷战 战场 战争 打仗 战斗,战争 战场 战斗 打仗 冷战
649,5,0.43117674557923946,0.11399341193312958,0.0,冷门 赢家 热门 输家 黑马,热门 输家 黑马 赢家 冷门,黑马 冷门 输家 热门 赢家,冷门 赢家 热门 输家 黑马
650,1,,0.0,0.0,冻结,冻结,冻结,冻结
651,1,,0.0,0.0,净,净,净,净
652,9,0.44889218120667873,0.06713052418090568,0.2222222222222222,清洗 消毒 洁净 干净 清洁 净化 洗涤剂 过滤 杀毒,消毒 清洁 杀毒 过滤 干净 洁净 净化 洗涤剂,净化 清洁 清洗 洁净 消毒 杀毒 干净 洗涤剂 过滤,清洗 消毒 洁净 干净 清洁 净化 洗涤剂 过滤 杀毒
653,2,0.3349274314786097,-0.1299299759966843,1.0,定 准,定 准,准 定,定 准
654,4,0.4623896446447895,0.08682135469894847,0.25,准备 打算 预备 考虑,考虑 预备 打算 准备,准备 考虑 打算 预备,准备 打算 预备 考虑
655,5,0.319057602427925,-0.11333796396125895,1.0,拆 补 改 整 减,补 拆 改 减 整,减 整 改 拆 补,拆 补 改 整 减
656,1,,0.0,0.0,减压,减压,减压,减压
657,4,0.380859082280242,-0.06613988453551906,0.75,勉强 暂时 凑合 短暂,暂时 凑合 短暂 勉强,暂时 勉强 短暂 凑合,勉强 暂时 凑合 短暂
658,11,0.43068260877850867,0.05087338065182885,0.2727272727272727,汇聚 汇集 聚集 凝聚 集结 集合 聚 汇合 容纳 吸纳 承载,吸纳 承载 容纳 聚 汇合 集合 凝聚 聚集,汇集 集结 汇聚 汇合 吸纳 凝聚 聚 容纳 承载 聚集 集合,汇聚 汇集 聚集 凝聚 集结 集合 聚 汇合 容纳 吸纳 承载
659,5,0.46368206557648045,0.14508438237010768,0.2,几率 概率 成功率 难度 门槛,门槛 难度 成功率 概率 几率,概率 几率 成功率 难度 门槛,几率 概率 成功率 难度 门槛
660,8,0.4540881642183387,0.06561856833107205,0.375,猛 狂 凶猛 凶 疯狂 狠 厉害 疯,疯 疯狂 厉害 凶猛 凶 狠 狂 猛,厉害 凶 疯狂 猛 狠 狂 疯 凶猛,猛 狂 凶猛 凶 疯狂 狠 厉害 疯
661,1,,0.0,0.0,出,出,出,出
662,2,0.5251700053444013,0.1586705685881844,0.0,出风头 出丑,出风头 出丑,出风头 出丑,出风头 出丑
663,3,0.4517310372977296,0.11711184772315669,0.0,肇事 出事 违章,违章 出事 肇事,肇事 出事 违章,肇事 出事 违章
664,4,0.5689782294100002,0.30613522552460126,0.0,来往 往来 出入 进出,进出 出入 往来 来往,往来 进出 出入 来往,来往 往来 出入 进出
665,4,0.5074102741769627,0.17996281153693672,0.0,派出 出动 动用 派,动用 派 出动 派出,派 出动 动用 派出,派出 出动 动用 派
666,15,0.4089653646427202,0.025563022179161753,0.3333333333333333,工厂 原料 加工 工序 成品 生产 车间 零件 厂 原材料 组装 厂家,原材料 组装 零件 图纸 材料 原料 厂家 车间,厂 图纸 零件 车间 成品 生产 加工 原料 出厂 原材料 材料 组装,工厂 原料 加工 工序 成品 生产 车间 零件 厂 原材料 组装 厂家 出厂 图纸 材料
667,13,0.44625467922804124,0.04381498149716339,0.23076923076923078,初衷 目的 宗旨 出发点 本意 用意 意图 理念 方针 思路 原则 动机,思路 导向 动机 原则 理念 目的 方针 用意,宗旨 用意 意图 本意 思路 初衷 目的 原则 方针 导向 理念 动机,初衷 目的 宗旨 出发点 本意 用意 意图 理念 方针 思路 原则 动机 导向
668,6,0.43677681665181295,0.11028771362803763,0.0,绘声绘色 滔滔不绝 引经据典 头头是道 出口成章 有声有色,有声有色 出口成章 引经据典 滔滔不绝 头头是道 绘声绘色,有声有色 绘声绘色 引经据典 头头是道 出口成章 滔滔不绝,绘声绘色 滔滔不绝 引经据典 头头是道 出口成章 有声有色
669,20,0.4024640402455544,0.011621481886791454,0.35,实施 实行 推行 制定 制订 施行 试行 开展 出台 落实 采取 颁布,进行 改为 采用 试点 搞好 落地 颁布 制订,颁布 制订 实施 开展 改为 搞好 试行 落实 落地 采用 制定 采取,实施 实行 推行 制定 制订 施行 试行 开展 出台 落实 采取 颁布 贯彻 执行 进行 采用 试点 搞好 落地 改为
670,5,0.37237704686467693,0.009326703483648955,0.6,标本 化石 样本 解剖 出土,样本 解剖 出土 化石 标本,标本 解剖 化石 出土 样本,标本 化石 样本 解剖 出土
671,1,,0.0,0.0,出头,出头,出头,出头
672,20,0.47536967603165975,-0.015957056290699885,0.5,吵嘴 胡闹 吵架 闹着玩儿 吵 唠叨 发脾气 打岔 打架 吹牛 絮叨 说闲话,出洋相 发脾气 打岔 逞能 闹 胡闹 瞎 耍,吹牛 吵 耍赖 瞎 唠叨 吵架 吵嘴 胡闹 絮叨 闹着玩儿 闹 逞能,吵嘴 胡闹 吵架 闹着玩儿 吵 唠叨 发脾气 打岔 打架 吹牛 絮叨 说闲话 逞能 耍赖 说话 闹 耍 开玩笑 出洋相 瞎
673,7,0.4353931901904563,0.05986934352230018,0.2857142857142857,祖籍 出生 土生土长 家乡 出身 故乡 长大,长大 土生土长 家乡 故乡 出身 出生 祖籍,祖籍 出身 土生土长 故乡 出生 家乡 长大,祖籍 出生 土生土长 家乡 出身 故乡 长大
674,13,0.43966635321444586,0.0041809236922152925,0.5384615384615384,逃走 逃跑 逃 逃亡 逃生 呼救 求救 脱身 出走 走投无路 撤离 连滚带爬,救命 出走 脱身 连滚带爬 逃生 撤离 走投无路 呼救,撤离 逃跑 逃走 脱身 逃亡 呼救 逃生 走投无路 出走 逃 求救 救命,逃走 逃跑 逃 逃亡 逃生 呼救 求救 脱身 出走 走投无路 撤离 连滚带爬 救命
675,4,0.4758731562281653,0.08669399975258879,0.25,路子 门路 出路 点子,点子 出路 路子 门路,门路 出路 点子 路子,路子 门路 出路 点子
676,5,0.3988900661846842,0.03283883721564797,0.4,演艺圈 圈 圈子 界 出道,界 出道 圈子 演艺圈 圈,圈 演艺圈 界 圈子 出道,演艺圈 圈 圈子 界 出道
677,3,0.4080821624861764,-0.029356993311228013,0.6666666666666666,出难题 泼冷水 解围,解围 泼冷水 出难题,解围 出难题 泼冷水,出难题 泼冷水 解围
678,36,0.4358324422453361,-0.0010237730569237831,0.4722222222222222,钳子 棍子 叉子 剪子 梳子 筷子 剪刀 铲子 刷子 绳子 竹竿 钉子,盘子 根 沙子 针 火柴 脸盆 吸管 盖子,叉子 脸盆 刀 瓶子 钉子 筷子 根 棍 禅杖 绳子 刷子 斧子,钳子 棍子 叉子 剪子 梳子 筷子 剪刀 铲子 刷子 绳子 竹竿 钉子 木头 脸盆 棍 钩子 斧子 扇子 瓶子 吸管 船桨 刀 石头 橡皮 禅杖 螺丝 盖子 拐杖 卡子 火柴 管子 盘子 沙子 根 锤子 针
679,1,,0.0,0.0,分,分,分,分
680,11,0.4042994533066237,-0.05115508494716136,0.6363636363636364,涵盖 包含 包括 涉及 限于 用于 分为 覆盖 适用 属于 含,属于 用于 涉及 分为 含 覆盖 适用 限于,含 包括 包含 用于 覆盖 适用 属于 限于 涵盖 涉及 分为,涵盖 包含 包括 涉及 限于 用于 分为 覆盖 适用 属于 含
681,8,0.49009864742198594,0.078993013828286,0.375,谈 畅谈 谈起 谈论 聊 讲 分享 回顾,谈论 谈起 回顾 讲 分享 聊 谈 畅谈,畅谈 回顾 聊 谈 讲 谈论 谈起 分享,谈 畅谈 谈起 谈论 聊 讲 分享 回顾
682,13,0.4080987716915613,-0.03216988927490025,0.6153846153846154,界定 划分 界限 界线 定义 限定 范畴 范围 边界 局限 设定 分割,分成 设定 边界 范围 分割 局限 范畴 定义,划分 界限 界线 边界 界定 局限 定义 限定 分成 分割 范畴 范围,界定 划分 界限 界线 定义 限定 范畴 范围 边界 局限 设定 分割 分成
683,18,0.5030801464757488,0.1329166038922157,0.05555555555555555,极为 非常 极其 十分 格外 分外 相当 尤为 无比 多么 更加 异常,如此 极度 十分 颇 多么 无比 显得 特别,如此 尤为 无比 极 异常 极为 极其 极度 多么 颇 更加 相当,极为 非常 极其 十分 格外 分外 相当 尤为 无比 多么 更加 异常 极度 极 如此 颇 显得 特别
684,9,0.42289266543770876,0.05259917121953487,0.3333333333333333,恰到好处 恰如其分 巧妙 分寸 得当 贴切 面面俱到 火候 画龙点睛,画龙点睛 面面俱到 贴切 得当 分寸 火候 巧妙 恰如其分,得当 巧妙 贴切 画龙点睛 火候 面面俱到 恰到好处 恰如其分 分寸,恰到好处 恰如其分 巧妙 分寸 得当 贴切 面面俱到 火候 画龙点睛
685,7,0.4303216061270982,0.03123249651848473,0.5714285714285714,协调 协同 协作 统筹 调度 分工 配合,分工 统筹 调度 配合 协同 协调 协作,协调 配合 协作 协同 统筹 分工 调度,协调 协同 协作 统筹 调度 分工 配合
686,3,0.4994960648306792,0.19928332814886837,0.0,分散 集中 分布,分布 集中 分散,集中 分散 分布,分散 集中 分布
687,4,0.44308032935407793,0.09737599747258631,0.25,分离 隔离 分开 封闭,封闭 隔离 分开 分离,封闭 分离 分开 隔离,分离 隔离 分开 封闭
688,1,,0.0,0.0,分支,分支,分支,分支
689,1,,0.0,0.0,分明,分明,分明,分明
690,16,0.3783816727496848,0.0026393880851705576,0.375,特性 类型 特征 性质 种类 属性 形态 类别 类 结构 用途 分类,性 构造 型号 用途 品种 分类 形态 类,构造 性质 类 种类 性 品种 型号 属性 类型 类别 形态 分类,特性 类型 特征 性质 种类 属性 形态 类别 类 结构 用途 分类 构造 品种 型号 性
691,6,0.3426937294763492,-0.0017199108544569547,0.5,小组 分组 组 抽签 局 单元,单元 局 抽签 分组 小组 组,局 抽签 组 小组 分组 单元,小组 分组 组 抽签 局 单元
692,13,0.42466528558105227,0.03262667812530015,0.3076923076923077,灭亡 毁灭 崩溃 破灭 完蛋 灭绝 解体 没落 破产 背叛 分裂 复活,破灭 分裂 背叛 完蛋 没落 复活 破产 崩溃,背叛 灭亡 解体 崩溃 灭绝 完蛋 分裂 没落 毁灭 破灭 破产 末日,灭亡 毁灭 崩溃 破灭 完蛋 灭绝 解体 没落 破产 背叛 分裂 复活 末日
693,1,,0.0,0.0,分赃,分赃,分赃,分赃
694,2,0.43883215804907016,0.04893072984671279,0.5,安排 分配,分配 安排,分配 安排,安排 分配
695,1,,0.0,0.0,分量,分量,分量,分量
696,9,0.48164594625655277,0.1096632229303825,0.3333333333333333,钟头 分钟 小时 星期 钟 半天 礼拜 秒 工作日,秒 半天 工作日 礼拜 钟 钟头 分钟 星期,秒 礼拜 分钟 钟 工作日 小时 钟头 星期 半天,钟头 分钟 小时 星期 钟 半天 礼拜 秒 工作日
697,4,0.4384943782728312,0.0901024912211142,0.0,打磨 成型 磨合 切割,磨合 切割 成型 打磨,磨合 成型 切割 打磨,打磨 成型 磨合 切割
698,5,0.464595073203547,0.0580938165482832,0.4,堵塞 切断 疏通 打通 封锁,打通 疏通 封锁 堵塞 切断,堵塞 疏通 打通 切断 封锁,堵塞 切断 疏通 打通 封锁
699,4,0.35358063619870633,-0.04585496648381718,1.0,拨 扣 划 收,收 扣 拨 划,划 收 扣 拨,拨 扣 划 收
700,3,0.40189853322150526,0.028160235243753304,0.3333333333333333,列 并列 排,排 并列 列,并列 列 排,列 并列 排
701,16,0.3916743315242686,0.01014119202233855,0.5,已 尚未 已经 即将 刚刚 正在 早已 将要 未 刚 快要 正,有望 将 暂 正在 刚 尚 快要 刚刚,已经 刚 尚 将 已 暂 未 正 快要 有望 即将 将要,已 尚未 已经 即将 刚刚 正在 早已 将要 未 刚 快要 正 将 尚 有望 暂
702,4,0.4255739597171537,0.015613086247733447,0.25,刷新 逼近 突破 创,刷新 创 逼近 突破,创 刷新 突破 逼近,刷新 逼近 突破 创
703,3,0.4853692695661566,0.14856852900607606,0.0,成才 致富 创业,致富 成才 创业,成才 致富 创业,成才 致富 创业
704,17,0.44843607214385783,0.07692724762097797,0.23529411764705882,构建 建立 打造 树立 营造 创造 搭建 开创 确立 塑造 创建 开辟,形成 培育 实现 塑造 树立 创建 奠定 造就,开辟 培育 实现 开创 树立 打造 营造 确立 创造 奠定 建立 搭建,构建 建立 打造 树立 营造 创造 搭建 开创 确立 塑造 创建 开辟 造就 形成 培育 奠定 实现
705,6,0.41349319391919487,0.07289767217523481,0.16666666666666666,设计师 构思 创意 灵感 建筑师 编排,编排 建筑师 创意 灵感 构思 设计师,编排 灵感 建筑师 创意 构思 设计师,设计师 构思 创意 灵感 建筑师 编排
706,9,0.42499539514181023,0.014498363947269107,0.3333333333333333,时期 初期 早期 阶段 期 前期 期中 时代 年代,年代 时代 阶段 早期 期 期中 前期 时期,早期 时期 年代 期 期中 初期 前期 阶段 时代,时期 初期 早期 阶段 期 前期 期中 时代 年代
707,7,0.4970265379550619,0.19913058623970148,0.14285714285714285,大体 大致 大体上 基本 总体 差不多 初步,总体 差不多 初步 基本 大致 大体上 大体,基本 总体 大体上 大体 初步 大致 差不多,大体 大致 大体上 基本 总体 差不多 初步
708,5,0.34459214732831056,-0.07391328502076884,1.0,抄袭 转载 删 投稿 山寨,投稿 山寨 删 抄袭 转载,转载 删 抄袭 投稿 山寨,抄袭 转载 删 投稿 山寨
709,10,0.4786282670564034,0.15878857375032174,0.1,去除 清除 去掉 消除 除去 剔除 扫除 排除 删除 淡化,淡化 消除 删除 扫除 清除 排除 剔除 去掉,排除 剔除 删除 扫除 去掉 淡化 消除 去除 清除 除去,去除 清除 去掉 消除 除去 剔除 扫除 排除 删除 淡化
710,9,0.27862223435534283,-0.15370558947295632,1.0,金 利 银 润 宝 合 平 环 王,王 金 宝 平 环 润 利 合,利 合 宝 平 环 王 润 金 银,金 利 银 润 宝 合 平 环 王
711,9,0.4278328437238559,0.06599633886102568,0.3333333333333333,权利 职权 权力 权 特权 行使 利益 财产 管辖,管辖 利益 财产 特权 权力 行使 权 权利,权 管辖 行使 财产 利益 权利 权力 职权 特权,权利 职权 权力 权 特权 行使 利益 财产 管辖
712,5,0.40946464736160076,0.013078163224782216,0.4,过瘾 费劲 起劲 利索 瘾,瘾 利索 费劲 起劲 过瘾,起劲 瘾 利索 费劲 过瘾,过瘾 费劲 起劲 利索 瘾
713,2,0.6569685683459277,0.4338741562619415,0.0,至 到,到 至,到 至,至 到
714,6,0.43273274253867033,0.039554712887809325,0.16666666666666666,到处 随处可见 遍地 四处 比比皆是 司空见惯,司空见惯 比比皆是 到处 遍地 四处 随处可见,比比皆是 到处 四处 遍地 随处可见 司空见惯,到处 随处可见 遍地 四处 比比皆是 司空见惯
715,4,0.454665334337265,0.11842154102328345,0.0,违约 逾期 拖欠 到期,逾期 到期 拖欠 违约,拖欠 到期 逾期 违约,违约 逾期 拖欠 到期
716,10,0.403468835256101,0.019046174306493375,0.4,制作 研制 制成 制造 工艺 研发 设计 铸造 制 合成,设计 合成 铸造 工艺 研发 制 制成 制造,工艺 制造 制 制成 研发 研制 制作 铸造 合成 设计,制作 研制 制成 制造 工艺 研发 设计 铸造 制 合成
717,19,0.38667432362841975,-0.003539022857814492,0.42105263157894735,铝 金属 塑料 橡胶 铅 铜 非金属 玻璃 陶瓷 制品 化纤 水泥,水泥 纤维 铜 机械 料 陶瓷 制品 工业,纺织 料 塑料 金属 化纤 陶瓷 锡 钢 铝 铜 铅 制品,铝 金属 塑料 橡胶 铅 铜 非金属 玻璃 陶瓷 制品 化纤 水泥 纺织 锡 钢 纤维 工业 机械 料
718,14,0.47835443156250745,0.08562642434791153,0.14285714285714285,阻止 抵抗 抵挡 阻挡 抵御 阻拦 抗拒 对抗 对付 抵制 牵制 制止,抗衡 阻挠 对抗 抗拒 对付 制止 阻拦 牵制,牵制 对付 对抗 抵御 抵制 抵挡 抵抗 抗衡 制止 抗拒 阻止 阻拦,阻止 抵抗 抵挡 阻挡 抵御 阻拦 抗拒 对抗 对付 抵制 牵制 制止 抗衡 阻挠
719,8,0.4392844964493991,0.06010794359145201,0.375,束缚 限制 约束 制约 压制 拘束 压抑 限,限 压制 压抑 拘束 制约 束缚 约束 限制,约束 压抑 压制 束缚 制约 限 限制 拘束,束缚 限制 约束 制约 压制 拘束 压抑 限
720,5,0.34415454613391294,-0.07228571100025663,1.0,填 刷 抄 填充 编,填充 编 抄 刷 填,刷 填 编 抄 填充,填 刷 抄 填充 编
721,7,0.49357514624525173,0.1090489697273489,0.2857142857142857,暖烘烘 火辣辣 灼热 红扑扑 热腾腾 刺骨 惨白,惨白 热腾腾 刺骨 灼热 红扑扑 暖烘烘 火辣辣,红扑扑 暖烘烘 惨白 火辣辣 刺骨 热腾腾 灼热,暖烘烘 火辣辣 灼热 红扑扑 热腾腾 刺骨 惨白
722,5,0.3627157467588176,-0.03880193840196891,0.8,刻舟求剑 画蛇添足 马后炮 自相矛盾 守株待兔,守株待兔 自相矛盾 马后炮 刻舟求剑 画蛇添足,画蛇添足 自相矛盾 马后炮 守株待兔 刻舟求剑,刻舟求剑 画蛇添足 马后炮 自相矛盾 守株待兔
723,11,0.39208811042299946,0.0513813957877379,0.09090909090909091,纱 织 布 染 棉 绣 麻 梳 剃 毛 皮,剃 绣 梳 皮 麻 布 染 毛,剃 布 纱 织 绣 皮 染 毛 棉 梳 麻,纱 织 布 染 棉 绣 麻 梳 剃 毛 皮
724,4,0.37061758719612636,-0.023837117880825147,0.5,因素 要素 前提 效应,效应 前提 要素 因素,效应 因素 要素 前提,因素 要素 前提 效应
725,4,0.36962106684777857,-0.04479805762441105,0.75,前沿 禁区 尖端 底线,尖端 底线 禁区 前沿,禁区 尖端 前沿 底线,前沿 禁区 尖端 底线
726,5,0.40631307169574366,0.031028365539151132,0.4,飞跃 进步 前进 跨越 长足,跨越 前进 长足 飞跃 进步,跨越 进步 长足 飞跃 前进,飞跃 进步 前进 跨越 长足
727,6,0.3433375336779555,-0.060465781216662275,0.8333333333333334,剩下 剩 掉 剩余 耗 埋没,埋没 耗 掉 剩下 剩余 剩,剩余 剩下 剩 掉 埋没 耗,剩下 剩 掉 剩余 耗 埋没
728,1,,0.0,0.0,副,副,副,副
729,2,0.41872333124950467,0.009452344695072853,0.5,力 功,功 力,功 力,力 功
730,6,0.3690106423933466,-0.035033589749401677,0.3333333333333333,步伐 迈进 步 迈 行列 力度,力度 步伐 迈进 迈 行列 步,步 行列 步伐 迈 迈进 力度,步伐 迈进 步 迈 行列 力度
731,1,,0.0,0.0,力所能及,力所能及,力所能及,力所能及
732,5,0.5530662890314947,0.23866270829294906,0.0,力气 工夫 心思 功夫 精力,心思 精力 功夫 工夫 力气,功夫 心思 力气 工夫 精力,力气 工夫 心思 功夫 精力
733,2,0.45142635067233927,0.07570085358710064,0.0,干事 办事,干事 办事,办事 干事,干事 办事
734,6,0.453640870115913,0.037528889401736924,0.3333333333333333,方式 手段 形式 途径 办法 行为,行为 办法 途径 形式 手段 方式,办法 行为 方式 形式 途径 手段,方式 手段 形式 途径 办法 行为
735,4,0.37356790940978185,-0.09281041202090107,1.0,功劳 贡献 功臣 回报,功臣 回报 贡献 功劳,功劳 功臣 回报 贡献,功劳 贡献 功臣 回报
736,2,0.39669918518984393,-0.024472861126649585,0.5,工具 功能,工具 功能,功能 工具,工具 功能
737,19,0.4151709968565376,0.02667278299941105,0.3157894736842105,讲课 课 备课 学习 听讲 课堂 夜校 补课 讲座 读书 培训班 培训,勤工俭学 用功 学 学堂 讲座 功课 培训 辅导,实习 学 培训 课堂 功课 辅导 用功 勤工俭学 备课 补课 读书 讲课,讲课 课 备课 学习 听讲 课堂 夜校 补课 讲座 读书 培训班 培训 功课 辅导 学 用功 实习 学堂 勤工俭学
738,4,0.5137773243100218,0.23616682020054805,0.0,添 添加 增添 加,加 增添 添加 添,加 增添 添 添加,添 添加 增添 加
739,1,,0.0,0.0,加油,加油,加油,加油
740,1,,0.0,0.0,动,动,动,动
741,2,0.4431109508785469,0.011693416495312955,0.5,节奏 动作,动作 节奏,动作 节奏,节奏 动作
742,2,0.49057765746141113,0.20629256946532998,0.0,动力 引擎,动力 引擎,引擎 动力,动力 引擎
743,5,0.3802429938546911,0.0008350459300326893,0.6,动员 组织 召集 调动 编制,编制 召集 调动 组织 动员,组织 编制 召集 动员 调动,动员 组织 召集 调动 编制
744,15,0.490130007054931,0.08321652410174062,0.2,眼泪 哭泣 泪水 哭 流泪 呜咽 泪 颤抖 淌 发抖 鼻涕 口水,动弹 淌 挣扎 口水 喘息 鼻涕 泪水 发抖,哭 流泪 泪水 泪 淌 发抖 眼泪 喘息 口水 挣扎 呜咽 动弹,眼泪 哭泣 泪水 哭 流泪 呜咽 泪 颤抖 淌 发抖 鼻涕 口水 挣扎 动弹 喘息
745,9,0.4392010840870318,0.03393855358704104,0.4444444444444444,监视 监控 跟踪 追踪 监测 观察 注视 动态 控制,注视 动态 控制 观察 追踪 监测 监视 监控,注视 追踪 跟踪 监视 观察 控制 动态 监测 监控,监视 监控 跟踪 追踪 监测 观察 注视 动态 控制
746,5,0.3817667430194302,-0.024551716034643418,0.4,垮 塌 震 惊 动摇,动摇 惊 塌 震 垮,垮 塌 惊 震 动摇,垮 塌 震 惊 动摇
747,1,,0.0,0.0,动静,动静,动静,动静
748,10,0.4847251240182468,0.06773617739532227,0.3,鼓掌 喝彩 欢呼 掌声 叫好 呐喊 热烈 经久不息 助威 捧场,助威 捧场 呐喊 热烈 经久不息 掌声 鼓掌 叫好,欢呼 呐喊 热烈 经久不息 喝彩 叫好 掌声 助威 鼓掌 捧场,鼓掌 喝彩 欢呼 掌声 叫好 呐喊 热烈 经久不息 助威 捧场
749,6,0.36036755851201263,-0.07541588710017663,0.8333333333333334,向导 参谋 助手 管家 带路 指挥,指挥 参谋 带路 助手 管家 向导,参谋 向导 带路 管家 助手 指挥,向导 参谋 助手 管家 带路 指挥
750,3,0.3788136869242808,-0.041339822885176805,1.0,赎 押 劫,劫 押 赎,劫 押 赎,赎 押 劫
751,1,,0.0,0.0,势不可当,势不可当,势不可当,势不可当
752,6,0.5159534967828667,0.17911121576078795,0.0,敢于 勇于 善于 大胆 敢 虚心,虚心 敢 大胆 善于 勇于 敢于,虚心 敢 善于 勇于 敢于 大胆,敢于 勇于 善于 大胆 敢 虚心
753,3,0.3934838148025746,0.010023525953729337,0.6666666666666666,塞 勒 吞,吞 勒 塞,勒 吞 塞,塞 勒 吞
754,6,0.5189001990062649,0.22534206649676003,0.16666666666666666,开采 采矿 勘探 矿 煤矿 开垦,开垦 矿 勘探 煤矿 采矿 开采,开采 矿 开垦 勘探 采矿 煤矿,开采 采矿 勘探 矿 煤矿 开垦
755,3,0.4881234966941041,0.1017672955498864,0.3333333333333333,包围 围 簇拥,簇拥 包围 围,围 包围 簇拥,包围 围 簇拥
756,1,,0.0,0.0,包容,包容,包容,包容
757,1,,0.0,0.0,包扎,包扎,包扎,包扎
758,3,0.418256819648912,0.05305725749508335,0.0,担子 担 包袱,包袱 担子 担,担 包袱 担子,担子 担 包袱
759,1,,0.0,0.0,包裹,包裹,包裹,包裹
760,1,,0.0,0.0,化,化,化,化
761,16,0.37751648060890314,-0.05433239522886397,0.625,预防 防范 防止 防 防治 遏制 杜绝 避免 防护 根治 应对 防盗,应对 化解 防盗 护 治 遏制 防火墙 根治,护 治 根治 防治 防止 防护 防盗 防火墙 应对 防 防范 避免,预防 防范 防止 防 防治 遏制 杜绝 避免 防护 根治 应对 防盗 化解 防火墙 治 护
762,1,,0.0,0.0,化险为夷,化险为夷,化险为夷,化险为夷
763,1,,0.0,0.0,北京,北京,北京,北京
764,13,0.3986571176570036,-0.019723840083187616,0.46153846153846156,观测 探测 月球 卫星 天文 南极 气象 北极 望远镜 太空 地质 预报,太空 卫星 地质 月球 南极 预报 望远镜 野外,探测 地质 月球 南极 观测 野外 北极 天文 预报 望远镜 卫星 气象,观测 探测 月球 卫星 天文 南极 气象 北极 望远镜 太空 地质 预报 野外
765,4,0.4373565127034032,0.04832693417788361,0.25,骏马 飞翔 翅膀 匹,匹 飞翔 骏马 翅膀,匹 骏马 飞翔 翅膀,骏马 飞翔 翅膀 匹
766,5,0.3912078607381132,0.03431768156990543,0.4,对比 对应 对照 相对 匹配,匹配 相对 对照 对应 对比,对应 对比 对照 匹配 相对,对比 对应 对照 相对 匹配
767,8,0.4504295906896451,0.0697121484038388,0.375,波涛 波浪 汹涌 风浪 浪 暴风骤雨 旋涡 千军万马,千军万马 汹涌 暴风骤雨 旋涡 浪 风浪 波涛 波浪,汹涌 浪 波涛 波浪 暴风骤雨 风浪 旋涡 千军万马,波涛 波浪 汹涌 风浪 浪 暴风骤雨 旋涡 千军万马
768,4,0.49843184265472534,0.1437805198936535,0.0,千变万化 变幻莫测 错综复杂 日新月异,错综复杂 日新月异 变幻莫测 千变万化,日新月异 变幻莫测 千变万化 错综复杂,千变万化 变幻莫测 错综复杂 日新月异
769,3,0.4287093474694168,0.012709429191894403,0.3333333333333333,家家户户 千家万户 喜洋洋,喜洋洋 千家万户 家家户户,千家万户 家家户户 喜洋洋,家家户户 千家万户 喜洋洋
770,9,0.3621967798325443,0.01935106496396795,0.2222222222222222,整合 转型 并购 重组 战略 布局 合并 升级 部署,部署 升级 合并 战略 转型 布局 并购 整合,部署 重组 升级 并购 战略 转型 布局 合并 整合,整合 转型 并购 重组 战略 布局 合并 升级 部署
771,1,,0.0,0.0,半,半,半,半
772,3,0.3833516451797803,-0.046321744753473885,0.6666666666666666,脊梁 半边天 生命线,生命线 脊梁 半边天,生命线 半边天 脊梁,脊梁 半边天 生命线
773,5,0.4301407391515225,0.043665757089005976,0.4,走弯路 半途而废 碰钉子 挫折 走过场,走过场 挫折 碰钉子 半途而废 走弯路,半途而废 挫折 碰钉子 走过场 走弯路,走弯路 半途而废 碰钉子 挫折 走过场
774,5,0.3637224116610448,-0.07031914312100193,0.6,社团 团体 协会 啦啦队 同人,协会 啦啦队 同人 团体 社团,同人 团体 啦啦队 协会 社团,社团 团体 协会 啦啦队 同人
775,6,0.533897346927302,0.19701790515813178,0.0,帮 帮忙 帮助 替 协助 给,协助 给 替 帮忙 帮助 帮,帮 给 替 帮助 帮忙 协助,帮 帮忙 帮助 替 协助 给
776,18,0.4401366336750674,0.09500758162721994,0.2777777777777778,协议 签订 签署 协议书 合同 订立 协定 签约 达成 签 约定 契约,谅解 合作 生效 达成 意向 协定 合约 契约,签订 协议书 签字 签 签署 签约 意向 契约 协议 约定 生效 谅解,协议 签订 签署 协议书 合同 订立 协定 签约 达成 签 约定 契约 合作 生效 签字 谅解 意向 合约
777,4,0.32738212436069264,-0.0817700921562777,1.0,轮 场 盘 单,场 单 轮 盘,单 场 盘 轮,轮 场 盘 单
778,3,0.4490899226421033,-0.01589122861213717,0.3333333333333333,独自 单独 陪,陪 单独 独自,独自 陪 单独,独自 单独 陪
779,1,,0.0,0.0,单边,单边,单边,单边
780,24,0.37200648175043777,-0.037977571637357474,0.6666666666666666,宫殿 教堂 礼堂 大楼 皇宫 清真寺 寺庙 大厦 大厅 建筑物 博物馆 花园,室 城墙 花园 庄园 建筑 阅览室 街道 博物馆,图书馆 厅 堂 宫 室 建筑 花园 大厦 大厅 皇宫 街道 礼堂,宫殿 教堂 礼堂 大楼 皇宫 清真寺 寺庙 大厦 大厅 建筑物 博物馆 花园 图书馆 四合院 宫 建筑 阅览室 厅 城墙 堂 院 庄园 街道 室
781,5,0.35782117486132337,-0.04554686845247452,1.0,占卜 猜谜 猜 赌 风水,风水 赌 猜 占卜 猜谜,猜 猜谜 风水 赌 占卜,占卜 猜谜 猜 赌 风水
782,4,0.46146530363991894,0.11589941206082158,0.25,寓意 象征 吉祥物 卡通,卡通 象征 寓意 吉祥物,寓意 象征 卡通 吉祥物,寓意 象征 吉祥物 卡通
783,3,0.4562758722936835,0.1357905704969187,0.0,墨 印 蒙,蒙 墨 印,印 墨 蒙,墨 印 蒙
784,11,0.4420627648687789,0.08113498546823844,0.18181818181818182,圆珠笔 毛笔 钢笔 墨水 纸 本子 字迹 文具 胶带 印刷 胶水,胶带 文具 印刷 胶水 字迹 本子 毛笔 纸,印刷 纸 本子 墨水 胶水 胶带 圆珠笔 毛笔 钢笔 文具 字迹,圆珠笔 毛笔 钢笔 墨水 纸 本子 字迹 文具 胶带 印刷 胶水
785,4,0.43749032708780283,0.1215908547264555,0.25,造纸术 印刷术 发明 首创,首创 发明 造纸术 印刷术,印刷术 发明 造纸术 首创,造纸术 印刷术 发明 首创
786,1,,0.0,0.0,卷,卷,卷,卷
787,4,0.566771779669696,0.3105551415935414,0.0,牵涉 牵扯 波及 卷入,波及 卷入 牵扯 牵涉,牵涉 牵扯 波及 卷入,牵涉 牵扯 波及 卷入
788,3,0.5453560190439519,0.210254201417688,0.0,纪录 记录 历史,历史 记录 纪录,记录 纪录 历史,纪录 记录 历史
789,1,,0.0,0.0,历届,历届,历届,历届
790,15,0.4276427997996825,0.057155632121060035,0.2,消灭 打败 摧毁 歼灭 打倒 战胜 粉碎 推翻 灭 夺取 压倒 征服,斩草除根 征服 敌人 颠覆 夺取 战胜 粉碎 灭,征服 灭 打败 斩草除根 压倒 摧毁 推翻 歼灭 消灭 打倒 夺取 敌人,消灭 打败 摧毁 歼灭 打倒 战胜 粉碎 推翻 灭 夺取 压倒 征服 敌人 斩草除根 颠覆
791,4,0.4415516522593217,0.015192464503279086,0.5,压力 施压 施加 阻力,施加 阻力 施压 压力,压力 施压 施加 阻力,压力 施压 施加 阻力
792,15,0.39557679284250974,0.018311519436214528,0.3333333333333333,窄 宽 厚 薄 粗 阔 长 细 短 浅 硬 稀,深 软 陡 稀 硬 薄 粗 短,厚 宽 硬 窄 稀 粗 细 短 浅 深 长 阔,窄 宽 厚 薄 粗 阔 长 细 短 浅 硬 稀 陡 深 软
793,3,0.37114117881826275,0.013345489259374782,0.6666666666666666,精品 原创 畅销,原创 畅销 精品,畅销 原创 精品,精品 原创 畅销
794,11,0.4542778848250129,0.05065953931085314,0.09090909090909091,状况 情况 局面 现状 形势 情形 状态 现象 处境 格局 原因,原因 处境 形势 现状 格局 状态 现象 情形,现状 状态 局面 状况 原因 处境 形势 格局 情况 情形 现象,状况 情况 局面 现状 形势 情形 状态 现象 处境 格局 原因
795,1,,0.0,0.0,原始,原始,原始,原始
796,13,0.46849874070757397,0.031076904127043444,0.5384615384615384,诀窍 秘诀 技巧 窍门 绝招 方法 招数 绝技 要领 秘方 心得 手法,招数 秘方 方法 手法 原理 绝招 绝技 心得,绝技 绝招 诀窍 心得 技巧 原理 窍门 秘方 方法 招数 秘诀 手法,诀窍 秘诀 技巧 窍门 绝招 方法 招数 绝技 要领 秘方 心得 手法 原理
797,7,0.4117112557860252,0.0008547913902909365,0.5714285714285714,厨师 服务员 清洁工 导游 木匠 手艺 小费,手艺 小费 木匠 清洁工 导游 服务员 厨师,清洁工 小费 服务员 导游 厨师 木匠 手艺,厨师 服务员 清洁工 导游 木匠 手艺 小费
798,6,0.39056993845121496,0.07923934927078159,0.3333333333333333,简介 目录 概况 参见 简称 清单,清单 简称 参见 概况 简介 目录,简介 概况 参见 简称 清单 目录,简介 目录 概况 参见 简称 清单
799,15,0.4212709525151783,0.04338190585905929,0.3333333333333333,实地 视察 参观 考察 察看 观摩 座谈 调研 采访 听取 访谈 汇报,访谈 记者 调研 查看 观看 汇报 参观 采访,参观 实地 采访 汇报 座谈 察看 考察 观摩 观看 听取 视察 查看,实地 视察 参观 考察 察看 观摩 座谈 调研 采访 听取 访谈 汇报 观看 查看 记者
800,1,,0.0,0.0,双,双,双,双
801,4,0.37036835524192563,0.007302821941624798,0.5,横向 跨 双向 跨国,双向 跨国 横向 跨,横向 双向 跨国 跨,横向 跨 双向 跨国
802,4,0.3984472893780567,0.01261201836339388,0.5,孪生 双胞胎 母 子,母 子 双胞胎 孪生,子 母 孪生 双胞胎,孪生 双胞胎 母 子
803,4,0.3570050126845787,-0.08280258951439544,0.5,良性 双赢 造福 正常,正常 造福 良性 双赢,良性 双赢 造福 正常,良性 双赢 造福 正常
804,1,,0.0,0.0,双重,双重,双重,双重
805,2,0.4547923338087029,0.13727993229358218,0.0,逆 反,逆 反,反 逆,逆 反
806,3,0.4921068102628663,0.12874856184862868,0.0,反复 重复 翻来覆去,重复 翻来覆去 反复,重复 翻来覆去 反复,反复 重复 翻来覆去
807,4,0.3944679655079672,-0.026882674791800815,0.5,消极 极端 负面 反常,反常 负面 消极 极端,反常 极端 消极 负面,消极 极端 负面 反常
808,1,,0.0,0.0,反应,反应,反应,反应
809,15,0.4600101229757074,0.012616282013060363,0.3333333333333333,思索 思考 反思 深思 琢磨 审视 揣摩 盘算 权衡 反省 推敲 沉思,正视 盘算 算计 反省 推敲 审视 深思 沉思,思索 权衡 审视 沉思 揣摩 盘算 思考 推敲 反思 算计 反省 深思,思索 思考 反思 深思 琢磨 审视 揣摩 盘算 权衡 反省 推敲 沉思 考量 算计 正视
810,1,,0.0,0.0,反过来,反过来,反过来,反过来
811,9,0.49833320891454147,0.10575230950638709,0.3333333333333333,回答 答复 回复 解答 提问 答案 回应 答 反馈,反馈 答 回应 提问 解答 答案 答复 回答,答 解答 答案 答复 回应 回复 反馈 回答 提问,回答 答复 回复 解答 提问 答案 回应 答 反馈
812,1,,0.0,0.0,发,发,发,发
813,4,0.44146165545343347,0.048191369273933304,0.25,火焰 火花 闪电 发光,发光 火焰 火花 闪电,闪电 火花 发光 火焰,火焰 火花 闪电 发光
814,2,0.48921121926984523,0.1098883094238518,0.0,发出 散发,发出 散发,发出 散发,发出 散发
815,6,0.4010160880769934,0.011854522414512519,0.5,掀起 拉开 展开 发动 挑起 推开,推开 挑起 发动 拉开 展开 掀起,展开 掀起 发动 推开 拉开 挑起,掀起 拉开 展开 发动 挑起 推开
816,8,0.38485387502594504,0.002877731979727422,0.5,扩展 扩张 发展 壮大 延伸 扩 成长 大有可为,成长 大有可为 延伸 扩 发展 扩张 壮大 扩展,成长 扩 扩张 扩展 发展 延伸 壮大 大有可为,扩展 扩张 发展 壮大 延伸 扩 成长 大有可为
817,4,0.48942815460339073,0.10880188564841063,0.0,发怒 发火 脾气 受惊,脾气 受惊 发火 发怒,发怒 发火 脾气 受惊,发怒 发火 脾气 受惊
818,14,0.451326964328414,0.06641204133617203,0.35714285714285715,寻找 寻觅 找到 搜寻 找出 查找 找 寻 搜集 挖掘 寻求 捕捉,提炼 寻求 找出 查找 捕捉 发掘 搜集 找,寻 找 寻找 寻求 找到 找出 挖掘 发掘 提炼 搜寻 寻觅 捕捉,寻找 寻觅 找到 搜寻 找出 查找 找 寻 搜集 挖掘 寻求 捕捉 发掘 提炼
819,2,0.3996847847986871,0.0019393958518740123,0.5,发行 截止,截止 发行,截止 发行,发行 截止
820,8,0.44167568535486185,0.07364103687505678,0.25,演说 发言 讲话 辩论 发表 宣读 社论 答辩,辩论 答辩 社论 发表 宣读 演说 发言 讲话,宣读 演说 答辩 讲话 社论 发表 发言 辩论,演说 发言 讲话 辩论 发表 宣读 社论 答辩
821,4,0.39413432105819374,0.019212106881450433,0.5,稠密 发达 密集 成熟,成熟 密集 发达 稠密,稠密 密集 成熟 发达,稠密 发达 密集 成熟
822,4,0.362530390294493,-0.039362337397587176,0.5,吸收 消化 吸取 发酵,发酵 吸取 吸收 消化,吸取 吸收 消化 发酵,吸收 消化 吸取 发酵
823,1,,0.0,0.0,取暖,取暖,取暖,取暖
824,11,0.4905726206876962,0.130776164138397,0.09090909090909091,受到 遭受 遭到 受 经受 遭遇 备受 深受 受过 承受 重创,承受 遭到 重创 深受 遭遇 经受 备受 受过,重创 受 备受 遭遇 深受 受过 经受 受到 承受 遭到 遭受,受到 遭受 遭到 受 经受 遭遇 备受 深受 受过 承受 重创
825,7,0.47713124448538613,0.10224014499198389,0.0,忍受 折磨 忍耐 忍 受不了 受苦 折腾,折腾 受苦 忍耐 受不了 折磨 忍 忍受,忍 忍受 忍耐 受不了 折磨 受苦 折腾,忍受 折磨 忍耐 忍 受不了 受苦 折腾
826,21,0.4569847320123366,0.1292305346175889,0.19047619047619047,旱灾 灾害 水灾 洪水 暴雨 干旱 灾难 海啸 旱 台风 灾 涝,突发 风暴 暴风雨 风沙 火灾 旱 瘟疫 受灾,洪水 海啸 旱灾 灾 旱 涝 暴风雨 台风 地震 瘟疫 突发 风沙,旱灾 灾害 水灾 洪水 暴雨 干旱 灾难 海啸 旱 台风 灾 涝 地震 火灾 受灾 瘟疫 暴风雨 特大 风沙 风暴 突发
827,5,0.5514886897998055,0.23682561635080038,0.0,变成 变为 成为 成 变,变 成为 成 变为 变成,变 成 成为 变成 变为,变成 变为 成为 成 变
828,8,0.4246959338896921,0.06078889094054247,0.25,变迁 变化 演变 变革 转变 改变 推移 衍生,衍生 推移 转变 变化 改变 变革 变迁 演变,改变 推移 转变 变革 变迁 变化 衍生 演变,变迁 变化 演变 变革 转变 改变 推移 衍生
829,3,0.4116516035041489,0.0419943465812824,0.6666666666666666,堆 群 叠,叠 群 堆,叠 堆 群,堆 群 叠
830,5,0.4426283536055262,0.0875692306165923,0.2,命令 指令 口令 指示 队形,队形 指示 口令 命令 指令,指令 队形 口令 命令 指示,命令 指令 口令 指示 队形
831,5,0.5039214867148603,0.20405643950804153,0.0,国旗 国歌 国徽 旗帜 口号,口号 旗帜 国歌 国徽 国旗,旗帜 国徽 国歌 国旗 口号,国旗 国歌 国徽 旗帜 口号
832,1,,0.0,0.0,口子,口子,口子,口子
833,2,0.5082529419416026,0.19509319095461472,0.0,古老 古,古老 古,古 古老,古老 古
834,13,0.4472750033028139,0.059281629303494614,0.15384615384615385,藏品 瑰宝 珍贵 珍藏 国宝 文物 宝藏 收藏 古董 宝库 名贵 贵重,贵重 名贵 遗产 文物 珍贵 古董 宝库 收藏,珍藏 珍贵 宝藏 瑰宝 名贵 国宝 遗产 收藏 宝库 文物 藏品 古董,藏品 瑰宝 珍贵 珍藏 国宝 文物 宝藏 收藏 古董 宝库 名贵 贵重 遗产
835,11,0.4784253184586157,0.08886047641107568,0.2727272727272727,景色 美景 风景 名胜 景观 风光 古迹 奇花异草 山川 游人 景,游人 奇花异草 景 景观 古迹 山川 风光 名胜,游人 景 美景 名胜 风光 风景 奇花异草 景色 景观 古迹 山川,景色 美景 风景 名胜 景观 风光 古迹 奇花异草 山川 游人 景
836,1,,0.0,0.0,另,另,另,另
837,5,0.3681081018384188,-0.09825304072830779,0.8,叫 喊 曰 听 辞,听 辞 曰 叫 喊,叫 听 喊 曰 辞,叫 喊 曰 听 辞
838,1,,0.0,0.0,可疑,可疑,可疑,可疑
839,12,0.4520170173943474,0.03475154908839927,0.16666666666666666,合适 恰当 合理 妥当 正确 可行 合乎 合情合理 明智 适宜 适合 常理,常理 正确 妥当 适合 明智 合情合理 恰当 合乎,妥当 正确 恰当 明智 合适 合情合理 适宜 适合 合乎 常理 可行 合理,合适 恰当 合理 妥当 正确 可行 合乎 合情合理 明智 适宜 适合 常理
840,13,0.38721759564693947,-0.06070365844085398,0.7692307692307693,珍惜 珍视 珍重 铭记 爱惜 可贵 感恩 宝贵 牢记 记住 奉献 回馈,奉献 有益 记住 回馈 宝贵 感恩 牢记 爱惜,珍视 珍重 爱惜 宝贵 有益 回馈 奉献 铭记 记住 牢记 珍惜 可贵,珍惜 珍视 珍重 铭记 爱惜 可贵 感恩 宝贵 牢记 记住 奉献 回馈 有益
841,5,0.4015838566622433,-0.008318661877054915,0.6,台 套 座 部 种,种 座 部 套 台,台 套 座 种 部,台 套 座 部 种
842,2,0.9333816871768907,0.9031854302925482,0.0,右 左,右 左,右 左,右 左
843,1,,0.0,0.0,号,号,号,号
844,4,0.5166767019821125,0.18455970341066535,0.0,各 各个 各自 各地,各地 各自 各个 各,各 各自 各个 各地,各 各个 各自 各地
845,3,0.36909303907603896,-0.035795651364372176,0.6666666666666666,合作社 社 承包,承包 社 合作社,社 合作社 承包,合作社 社 承包
846,14,0.3872346249531381,-0.013799726100877652,0.5714285714285714,照片 相片 拍照 留念 合影 图片 海报 照相 照 封面 签名 张,页 拍照 照 张 图 签名 海报 封面,拍照 图 张 签名 图片 照 海报 照片 照相 页 相片 封面,照片 相片 拍照 留念 合影 图片 海报 照相 照 封面 签名 张 图 页
847,2,0.544106006583097,0.26618162474055646,0.0,合格 达标,达标 合格,合格 达标,合格 达标
848,3,0.44142111675381157,0.12234048684020572,0.0,合法 正规 正当,正规 正当 合法,合法 正规 正当,合法 正规 正当
849,5,0.4202528240699661,0.08110100527688592,0.2,吉祥 平安 如意 太平 吉利,吉祥 吉利 如意 太平 平安,太平 如意 吉祥 吉利 平安,吉祥 平安 如意 太平 吉利
850,10,0.4490139987580072,0.09677206702881173,0.1,轿车 跑车 摩托 吉普 车型 电动 自行车 驾驶 标致 马车,马车 驾驶 标致 自行车 车型 电动 摩托 跑车,电动 标致 跑车 马车 驾驶 轿车 车型 自行车 摩托 吉普,轿车 跑车 摩托 吉普 车型 电动 自行车 驾驶 标致 马车
851,5,0.3864167232075244,0.010574940804456204,0.4,接纳 接受 采纳 接收 同意,同意 接纳 接收 接受 采纳,同意 采纳 接受 接收 接纳,接纳 接受 采纳 接收 同意
852,4,0.40553173282060556,0.018779131154762044,0.25,金钱 名利 物质 财富,物质 财富 名利 金钱,财富 金钱 名利 物质,金钱 名利 物质 财富
853,4,0.41206116044024416,0.0396652232599733,0.25,名额 名单 资格 席位,席位 资格 名单 名额,资格 席位 名额 名单,名额 名单 资格 席位
854,4,0.45446742704879495,0.046006610642642755,0.25,补给 物资 后勤 运送,运送 物资 补给 后勤,补给 后勤 运送 物资,补给 物资 后勤 运送
855,1,,0.0,0.0,后备箱,后备箱,后备箱,后备箱
856,10,0.45520195277259856,0.044108564866930204,0.4,坚实 坚固 稳固 根基 牢固 坚强 强大 基础 坚硬 后盾,根基 牢固 坚硬 坚强 强大 后盾 基础 坚固,稳固 基础 坚固 坚实 坚强 后盾 强大 根基 牢固 坚硬,坚实 坚固 稳固 根基 牢固 坚强 强大 基础 坚硬 后盾
857,11,0.46927702239108376,0.08842891060309,0.18181818181818182,退让 妥协 让步 退缩 屈服 退却 后退 投降 认错 迁就 道歉,认错 迁就 退缩 道歉 后退 投降 屈服 退却,妥协 屈服 投降 退却 退缩 认错 迁就 让步 退让 道歉 后退,退让 妥协 让步 退缩 屈服 退却 后退 投降 认错 迁就 道歉
858,7,0.46946879729154506,0.10661165240292465,0.14285714285714285,向着 朝着 向前 往 朝 向上 往后,向上 往后 往 朝 向前 朝着 向着,往 往后 朝 向着 向前 向上 朝着,向着 朝着 向前 往 朝 向上 往后
859,4,0.32745230115029617,-0.13106645716877338,1.0,天地 天下 君子 时空,君子 时空 天地 天下,时空 天地 君子 天下,天地 天下 君子 时空
860,25,0.4268936434568617,-0.010551709468179514,0.56,指出 表示 宣称 强调 声称 认为 坚信 说 透露 承认 深信 重申,声称 谈到 提出 宣称 宣布 表明 承认 提到,坚信 看出 重申 谈到 确信 否认 宣称 宣布 提到 提出 深信 说,指出 表示 宣称 强调 声称 认为 坚信 说 透露 承认 深信 重申 确信 证实 表明 否认 提到 相信 看出 谈到 宣布 显示 提出 获悉 证明
861,9,0.5052528368436506,0.19295578417310105,0.0,富含 蛋白质 钙 含量 含有 维生素 营养 膳食 成分,成分 含有 膳食 营养 含量 维生素 蛋白质 钙,含有 含量 营养 成分 维生素 钙 富含 膳食 蛋白质,富含 蛋白质 钙 含量 含有 维生素 营养 膳食 成分
862,9,0.4079469506233847,-0.01746367741440009,0.6666666666666666,标语 张贴 告示 醒目 对联 启事 锦旗 赫然 幅,幅 锦旗 醒目 赫然 启事 标语 对联 张贴,赫然 幅 启事 标语 锦旗 张贴 告示 醒目 对联,标语 张贴 告示 醒目 对联 启事 锦旗 赫然 幅
863,4,0.4511152106143812,0.12406183815839755,0.0,陶冶 熏陶 启蒙 身心,身心 启蒙 熏陶 陶冶,启蒙 熏陶 陶冶 身心,陶冶 熏陶 启蒙 身心
864,1,,0.0,0.0,吸,吸,吸,吸
865,3,0.49368933939530385,0.14046272166430923,0.0,抚摸 触摸 吻,吻 触摸 抚摸,吻 抚摸 触摸,抚摸 触摸 吻
866,6,0.3761396923455827,-0.034236564516387076,0.6666666666666666,告状 说情 穿小鞋 走后门 钻空子 告,告 钻空子 告状 穿小鞋 说情 走后门,告 钻空子 走后门 说情 告状 穿小鞋,告状 说情 穿小鞋 走后门 钻空子 告
867,2,0.4367192276256088,0.0413119490899787,0.5,远离 告别,远离 告别,远离 告别,远离 告别
868,7,0.4037679895631111,-0.03188775452659567,0.5714285714285714,核实 查明 确认 认定 告知 调查 澄清,调查 告知 澄清 认定 确认 查明 核实,确认 澄清 核实 查明 告知 认定 调查,核实 查明 确认 认定 告知 调查 澄清
869,8,0.4801740861424621,0.11683836601319483,0.125,询问 问 追问 打听 请教 求证 告诉 征求,征求 告诉 求证 请教 打听 问 追问 询问,询问 追问 征求 请教 告诉 问 打听 求证,询问 问 追问 打听 请教 求证 告诉 征求
870,18,0.45480379137428345,-0.0046867978185582415,0.6111111111111112,韵味 味道 气息 味儿 风情 醇厚 香味 魅力 情调 气味 滋味 气派,魅力 气派 风采 腥 风貌 情调 风范 底蕴,情调 气味 气息 气派 韵味 趣味 醇厚 香味 风情 腥 风采 风范,韵味 味道 气息 味儿 风情 醇厚 香味 魅力 情调 气味 滋味 气派 风貌 底蕴 风采 风范 趣味 腥
871,16,0.4683340723844136,0.011905880499660326,0.5,期盼 愿望 盼望 期望 渴望 心愿 期待 希望 盼 心声 呼声 奢望,梦想 心意 意愿 呼唤 心声 盼 奢望 希望,希望 盼望 渴望 心意 心愿 盼 期待 心声 期望 意愿 期盼 呼唤,期盼 愿望 盼望 期望 渴望 心愿 期待 希望 盼 心声 呼声 奢望 梦想 呼唤 意愿 心意
872,5,0.5016351763967146,0.15517165474625041,0.2,衬托 烘托 点缀 呼应 堆砌,堆砌 呼应 点缀 烘托 衬托,堆砌 呼应 烘托 点缀 衬托,衬托 烘托 点缀 呼应 堆砌
873,1,,0.0,0.0,呼风唤雨,呼风唤雨,呼风唤雨,呼风唤雨
874,3,0.5523523381185571,0.24674498925188484,0.0,性命 命 生死,生死 命 性命,命 生死 性命,性命 命 生死
875,2,0.5659510759376978,0.28359238558443417,0.0,和气 气,和气 气,气 和气,和气 气
876,1,,0.0,0.0,品,品,品,品
877,3,0.5234594849331498,0.21257443324305456,0.3333333333333333,水准 水平 品位,品位 水平 水准,品位 水准 水平,水准 水平 品位
878,3,0.5270623971489385,0.19794430468818666,0.0,质量 品质 效率,效率 品质 质量,质量 效率 品质,质量 品质 效率
879,1,,0.0,0.0,响应,响应,响应,响应
880,7,0.5212278058410683,0.21497871572675514,0.0,示威 罢工 抗议 游行 骚乱 怠工 哗变,骚乱 哗变 怠工 游行 抗议 示威 罢工,罢工 示威 游行 抗议 哗变 骚乱 怠工,示威 罢工 抗议 游行 骚乱 怠工 哗变
881,1,,0.0,0.0,唯一,唯一,唯一,唯一
882,10,0.4774655275933267,0.09911981773566805,0.1,喧闹 熙熙攘攘 喧哗 热闹 繁华 欢声笑语 嬉笑 拥挤 寂静 商贾,商贾 嬉笑 拥挤 寂静 欢声笑语 热闹 繁华 熙熙攘攘,熙熙攘攘 嬉笑 欢声笑语 繁华 拥挤 寂静 喧闹 喧哗 热闹 商贾,喧闹 熙熙攘攘 喧哗 热闹 繁华 欢声笑语 嬉笑 拥挤 寂静 商贾
883,2,0.5010509928083666,0.14613381828286273,0.0,喜怒哀乐 心事,心事 喜怒哀乐,心事 喜怒哀乐,喜怒哀乐 心事
884,9,0.4646543185350066,0.0871666857432557,0.2222222222222222,灵敏 敏锐 灵巧 嗅觉 敏捷 触觉 灵活 敏感 熟练,熟练 敏感 触觉 灵活 灵巧 敏捷 嗅觉 灵敏,嗅觉 触觉 灵巧 灵敏 灵活 敏感 敏捷 敏锐 熟练,灵敏 敏锐 灵巧 嗅觉 敏捷 触觉 灵活 敏感 熟练
885,12,0.41775825692993374,0.002613928732251296,0.5833333333333334,污染 有害 有毒 噪声 排放 废物 噪音 灰尘 垃圾 超标 残留 细菌,残留 超标 细菌 排放 灰尘 垃圾 废物 噪音,超标 污染 细菌 噪声 废物 有毒 噪音 有害 残留 排放 灰尘 垃圾,污染 有害 有毒 噪声 排放 废物 噪音 灰尘 垃圾 超标 残留 细菌
886,8,0.43862610838167243,0.08377365131364346,0.25,大批 成千上万 成群结队 川流不息 源源不断 络绎不绝 四面八方 大量,大量 络绎不绝 川流不息 成群结队 四面八方 成千上万 源源不断 大批,川流不息 成群结队 源源不断 大批 大量 络绎不绝 成千上万 四面八方,大批 成千上万 成群结队 川流不息 源源不断 络绎不绝 四面八方 大量
887,8,0.49266945592726075,0.09459314595286857,0.125,回忆 回味 往事 记忆 回想 时光 童年 温习,童年 温习 往事 时光 回想 记忆 回味 回忆,时光 往事 童年 温习 回忆 回味 记忆 回想,回忆 回味 往事 记忆 回想 时光 童年 温习
888,1,,0.0,0.0,回归,回归,回归,回归
889,4,0.4506470576208417,0.10269104459216394,0.0,回忆录 日记 生涯 生平,生平 回忆录 日记 生涯,回忆录 生涯 生平 日记,回忆录 日记 生涯 生平
890,3,0.4879125712754468,0.13970590514193826,0.3333333333333333,处置 处理 回收,回收 处理 处置,处置 回收 处理,处置 处理 回收
891,7,0.4693554830601406,0.11809854217224842,0.0,掩饰 隐瞒 掩盖 逃避 推卸 回避 瞒,瞒 推卸 回避 逃避 掩盖 隐瞒 掩饰,瞒 逃避 掩饰 回避 推卸 隐瞒 掩盖,掩饰 隐瞒 掩盖 逃避 推卸 回避 瞒
892,1,,0.0,0.0,团,团,团,团
893,5,0.45709634082748385,0.1270328793934558,0.0,欢聚 聚会 团聚 相约 狂欢,狂欢 相约 团聚 聚会 欢聚,聚会 欢聚 相约 狂欢 团聚,欢聚 聚会 团聚 相约 狂欢
894,6,0.41654511897923413,0.03021607149731821,0.5,绿化 园林 绿地 生态 美化 水利,美化 生态 水利 绿化 绿地 园林,绿地 绿化 园林 生态 美化 水利,绿化 园林 绿地 生态 美化 水利
895,5,0.38809026815385594,0.001740879062128653,0.4,特殊 特定 特有 独一无二 固定,独一无二 固定 特有 特定 特殊,独一无二 固定 特定 特殊 特有,特殊 特定 特有 独一无二 固定
896,1,,0.0,0.0,国情,国情,国情,国情
897,5,0.32003372807655966,-0.11993964099659164,0.8,航天 国防 航海 长征 国民,航天 国民 长征 航海 国防,航天 航海 国民 国防 长征,航天 国防 航海 长征 国民
898,4,0.47796293526898603,0.11189476566801114,0.25,成功 顺利 圆满 失败,失败 顺利 圆满 成功,顺利 失败 成功 圆满,成功 顺利 圆满 失败
899,10,0.46397005178488,0.0283661442074682,0.3,谎话 撒谎 谎言 骗人 说谎 阴谋 圈套 胡说 搞鬼 计策,计策 圈套 搞鬼 胡说 阴谋 说谎 撒谎 谎话,撒谎 搞鬼 胡说 圈套 计策 谎言 谎话 骗人 说谎 阴谋,谎话 撒谎 谎言 骗人 说谎 阴谋 圈套 胡说 搞鬼 计策
900,12,0.42485905316421435,0.019961366842589794,0.4166666666666667,水源 地下水 灌溉 污水 饮用水 土壤 自来水 饮水 粪便 肥沃 土地 矿藏,矿藏 粪便 土地 肥沃 污水 土壤 饮水 灌溉,污水 肥沃 灌溉 矿藏 饮用水 地下水 水源 土壤 土地 粪便 自来水 饮水,水源 地下水 灌溉 污水 饮用水 土壤 自来水 饮水 粪便 肥沃 土地 矿藏
901,1,,0.0,0.0,在,在,在,在
902,1,,0.0,0.0,地,地,地,地
903,5,0.35796751529613047,-0.01992134873688933,0.4,导航 指南针 地图 定位 温度计,温度计 定位 地图 指南针 导航,温度计 地图 定位 导航 指南针,导航 指南针 地图 定位 温度计
904,4,0.4314313593547778,0.09651204139744896,0.0,邮编 编号 地址 车号,车号 编号 邮编 地址,邮编 编号 地址 车号,邮编 编号 地址 车号
905,4,0.4930624849541389,0.15467912951263962,0.0,纬度 经度 地理 地域,纬度 经度 地域 地理,纬度 地域 地理 经度,纬度 经度 地理 地域
906,1,,0.0,0.0,地方,地方,地方,地方
907,5,0.4347935113059721,0.05326990509644629,0.4,境地 地步 泥潭 境界 陷,陷 境界 地步 泥潭 境地,境地 地步 陷 泥潭 境界,境地 地步 泥潭 境界 陷
908,12,0.3868263844103245,-0.03467977891096875,0.5,画面 片段 场面 场景 情节 段落 镜头 情景 对白 细节 段 银幕,段 银幕 对白 镜头 情景 细节 场景 段落,情节 对白 段 细节 银幕 段落 片段 场面 画面 镜头 场景 情景,画面 片段 场面 场景 情节 段落 镜头 情景 对白 细节 段 银幕
909,6,0.417942203432057,0.04193252749798679,0.3333333333333333,均衡 平衡 稳定 均匀 调节 有序,调节 有序 均匀 稳定 平衡 均衡,稳定 调节 平衡 有序 均匀 均衡,均衡 平衡 稳定 均匀 调节 有序
910,8,0.39129780800528235,-0.023992304616433764,0.625,耸立 布满 屹立 遍布 镶嵌 坐落 纵横交错 满,满 纵横交错 屹立 遍布 镶嵌 布满 坐落 耸立,坐落 满 屹立 镶嵌 耸立 纵横交错 遍布 布满,耸立 布满 屹立 遍布 镶嵌 坐落 纵横交错 满
911,8,0.393612352731777,-0.006307217828373495,0.375,颗 片 枚 粒 块 朵 支 大片,大片 支 朵 块 枚 片 颗 粒,块 粒 片 朵 枚 支 颗 大片,颗 片 枚 粒 块 朵 支 大片
912,3,0.5434319517634406,0.2474082059031458,0.0,坚定 坚决 坚持,坚持 坚决 坚定,坚决 坚定 坚持,坚定 坚决 坚持
913,12,0.44101281942689663,0.0340691160401125,0.3333333333333333,瓶 罐 壶 袋 盒 箱 缸 筒 盆 盏 杯 坛,箱 壶 杯 盆 盏 袋 缸 筒,坛 壶 箱 筒 缸 罐 瓶 盆 盏 盒 杯 袋,瓶 罐 壶 袋 盒 箱 缸 筒 盆 盏 杯 坛
914,6,0.35370851942378817,-0.025655901515421974,0.6666666666666666,落 坠 轻 沉 重 落下,落下 重 沉 坠 轻 落,坠 沉 落下 重 落 轻,落 坠 轻 沉 重 落下
915,3,0.44893315490716684,0.09482438157787765,0.0,垫 盖 铺,垫 铺 盖,垫 盖 铺,垫 盖 铺
916,2,0.4637125609543853,0.16141377157129733,0.0,基地 示范,示范 基地,示范 基地,基地 示范
917,5,0.35951473862194383,-0.028436480845180086,0.8,帝国 王国 金字塔 堡垒 巨人,巨人 堡垒 金字塔 王国 帝国,金字塔 巨人 帝国 堡垒 王国,帝国 王国 金字塔 堡垒 巨人
918,4,0.4063910868156797,0.021045899607294194,0.5,挤 搭 堵 插,堵 插 搭 挤,堵 搭 挤 插,挤 搭 堵 插
919,5,0.411802299611988,0.031422460037367005,0.4,香烟 塑料袋 烟 易拉罐 硬币,硬币 烟 塑料袋 易拉罐 香烟,烟 硬币 香烟 塑料袋 易拉罐,香烟 塑料袋 烟 易拉罐 硬币
920,2,0.4934696940320582,0.1557674458479919,0.0,壮胆 敲边鼓,壮胆 敲边鼓,壮胆 敲边鼓,壮胆 敲边鼓
921,2,0.38299586756329473,0.07441108913025053,0.0,核 壳,壳 核,壳 核,核 壳
922,3,0.4262759432000936,-0.00573025352285698,0.6666666666666666,此处 此 处,此 处 此处,处 此 此处,此处 此 处
923,6,0.464383856147627,0.06689370975617494,0.3333333333333333,处在 处于 陷入 面临 存在 徘徊,徘徊 存在 陷入 面临 处在 处于,面临 存在 处于 处在 徘徊 陷入,处在 处于 陷入 面临 存在 徘徊
924,6,0.3656950352754883,-0.044645156012614685,0.5,复印 打印 电子版 扫描 稿子 激光,稿子 激光 扫描 电子版 打印 复印,激光 扫描 电子版 打印 稿子 复印,复印 打印 电子版 扫描 稿子 激光
925,5,0.3183267678913386,-0.09274007410555933,0.8,组合 搭配 策略 操作 复合,搭配 复合 操作 策略 组合,复合 组合 操作 策略 搭配,组合 搭配 策略 操作 复合
926,11,0.38161339628122465,-0.04331654057585768,0.7272727272727273,招聘 应聘 面试 求职 报名 简历 招募 跳槽 外企 报到 征集,征集 报到 报名 外企 招募 跳槽 简历 招聘,简历 征集 招聘 应聘 报名 报到 求职 外企 跳槽 招募 面试,招聘 应聘 面试 求职 报名 简历 招募 跳槽 外企 报到 征集
927,3,0.5426270966455637,0.17025851085259366,0.0,快递 配送 外卖,快递 外卖 配送,快递 外卖 配送,快递 配送 外卖
928,1,,0.0,0.0,外来,外来,外来,外来
929,4,0.4025442677100421,0.028829546199488312,0.5,大 少 多 小,小 多 少 大,大 多 少 小,大 少 多 小
930,1,,0.0,0.0,多亏,多亏,多亏,多亏
931,5,0.3963084820304476,0.018890076996917925,0.4,额外 附加 附带 相应 多余,多余 相应 附带 额外 附加,额外 附加 附带 多余 相应,额外 附加 附带 相应 多余
932,1,,0.0,0.0,多元,多元,多元,多元
933,1,,0.0,0.0,多劳多得,多劳多得,多劳多得,多劳多得
934,7,0.4398262174263467,0.06577555260853321,0.42857142857142855,沧桑 风风雨雨 风雨 岁月 洗礼 容颜 多年,容颜 多年 洗礼 岁月 风雨 风风雨雨 沧桑,岁月 容颜 洗礼 多年 风雨 风风雨雨 沧桑,沧桑 风风雨雨 风雨 岁月 洗礼 容颜 多年
935,1,,0.0,0.0,大包大揽,大包大揽,大包大揽,大包大揽
936,5,0.3586518655780643,-0.025652899731360517,0.6,生活 家庭 大家庭 生存 都市,都市 生存 大家庭 生活 家庭,生活 生存 大家庭 都市 家庭,生活 家庭 大家庭 生存 都市
937,3,0.4512768520357213,0.05986070972708361,0.3333333333333333,小心翼翼 提心吊胆 大模大样,大模大样 提心吊胆 小心翼翼,大模大样 提心吊胆 小心翼翼,小心翼翼 提心吊胆 大模大样
938,4,0.5338339031781537,0.22352861113388076,0.0,巨额 大笔 高额 笔,笔 高额 大笔 巨额,笔 大笔 高额 巨额,巨额 大笔 高额 笔
939,2,0.6014534972478587,0.36592331788463706,0.0,自然 大自然,大自然 自然,自然 大自然,自然 大自然
940,3,0.39158749998161957,-0.03469165326807174,0.6666666666666666,角落 大街小巷 深处,深处 大街小巷 角落,角落 深处 大街小巷,角落 大街小巷 深处
941,5,0.33568251152990103,-0.033690617971684635,0.4,局部 大面积 部位 穴位 大规模,大规模 穴位 部位 局部 大面积,大规模 部位 穴位 大面积 局部,局部 大面积 部位 穴位 大规模
942,1,,0.0,0.0,天平,天平,天平,天平
943,7,0.4344026583541143,0.06967599347335715,0.14285714285714285,理所当然 顺理成章 天经地义 轻而易举 理直气壮 无可厚非 如愿以偿,如愿以偿 理直气壮 无可厚非 轻而易举 天经地义 理所当然 顺理成章,轻而易举 理直气壮 如愿以偿 无可厚非 天经地义 理所当然 顺理成章,理所当然 顺理成章 天经地义 轻而易举 理直气壮 无可厚非 如愿以偿
944,8,0.3526507181279567,-0.03917914083502599,0.625,赤字 顺差 物价 失业率 房价 差额 英镑 缺口,英镑 房价 缺口 失业率 差额 顺差 物价 赤字,物价 赤字 顺差 英镑 失业率 差额 缺口 房价,赤字 顺差 物价 失业率 房价 差额 英镑 缺口
945,2,0.5033398834089833,0.214483920001348,0.0,失传 祖传,失传 祖传,祖传 失传,失传 祖传
946,4,0.5508713671835944,0.2121947982721622,0.0,脑子 脑筋 头脑 心眼儿,心眼儿 头脑 脑筋 脑子,心眼儿 头脑 脑子 脑筋,脑子 脑筋 头脑 心眼儿
947,3,0.32754975821146987,-0.0721228019883217,1.0,念 奏 记,记 奏 念,奏 念 记,念 奏 记
948,4,0.49898925963108925,0.1890517271232857,0.0,奏效 见效 管用 无济于事,无济于事 管用 见效 奏效,无济于事 奏效 管用 见效,奏效 见效 管用 无济于事
949,5,0.5349387238295676,0.23184435378653814,0.0,契机 机遇 机会 时机 突破口,突破口 机会 机遇 时机 契机,时机 机会 突破口 契机 机遇,契机 机遇 机会 时机 突破口
950,4,0.43039516808008477,0.040370509791570815,0.5,奔 走 闯 赶,赶 闯 走 奔,奔 闯 赶 走,奔 走 闯 赶
951,5,0.41946219137218943,-0.006123296613648928,0.4,奔跑 赛跑 追逐 追赶 竞赛,竞赛 追赶 追逐 赛跑 奔跑,追逐 追赶 竞赛 赛跑 奔跑,奔跑 赛跑 追逐 追赶 竞赛
952,3,0.5079479790127842,0.1948875847323754,0.0,豪华 奢侈 阔绰,阔绰 奢侈 豪华,豪华 奢侈 阔绰,豪华 奢侈 阔绰
953,11,0.42791626423397716,0.02746744898557585,0.36363636363636365,谜团 谜 玄机 谜底 隐情 奥秘 疑点 神秘 秘密 悬念 未知数,疑点 秘密 谜 神秘 未知数 隐情 奥秘 悬念,玄机 谜底 谜团 谜 秘密 未知数 悬念 疑点 神秘 奥秘 隐情,谜团 谜 玄机 谜底 隐情 奥秘 疑点 神秘 秘密 悬念 未知数
954,1,,0.0,0.0,女士,女士,女士,女士
955,6,0.4722944020385105,0.11067955820301713,0.16666666666666666,好心 好心人 素不相识 热心 萍水相逢 好人,好人 热心 萍水相逢 素不相识 好心人 好心,热心 好心人 好人 好心 素不相识 萍水相逢,好心 好心人 素不相识 热心 萍水相逢 好人
956,3,0.5742681626418138,0.25007404861694954,0.0,难听 好听 离谱儿,离谱儿 难听 好听,离谱儿 好听 难听,难听 好听 离谱儿
957,2,0.41774190749649576,-0.027368068100981892,0.5,耐性 好奇心,好奇心 耐性,耐性 好奇心,耐性 好奇心
958,4,0.44224109695168673,0.01933903016218196,0.5,慢慢来 趁早 顺其自然 好好,顺其自然 好好 趁早 慢慢来,趁早 顺其自然 好好 慢慢来,慢慢来 趁早 顺其自然 好好
959,7,0.4068655788369258,0.022021151491013153,0.2857142857142857,福气 好运 幸运 运气 福 惊喜 生,生 惊喜 福 运气 幸运 福气 好运,运气 惊喜 福 生 福气 幸运 好运,福气 好运 幸运 运气 福 惊喜 生
960,8,0.4836485103162622,0.05997974731278534,0.25,幻想 幻觉 虚幻 妄想 空想 错觉 胡思乱想 朦胧,胡思乱想 虚幻 朦胧 空想 妄想 幻想 幻觉 错觉,虚幻 胡思乱想 空想 幻想 幻觉 朦胧 错觉 妄想,幻想 幻觉 虚幻 妄想 空想 错觉 胡思乱想 朦胧
961,1,,0.0,0.0,妥,妥,妥,妥
962,1,,0.0,0.0,威风,威风,威风,威风
963,4,0.4278239676990841,0.02109229622297159,0.25,娱乐 游戏 文娱 玩具,玩具 文娱 娱乐 游戏,娱乐 游戏 玩具 文娱,娱乐 游戏 文娱 玩具
964,4,0.4949685501466688,0.16907349204749803,0.0,宝宝 婴儿 孕妇 家长,家长 宝宝 婴儿 孕妇,家长 婴儿 孕妇 宝宝,宝宝 婴儿 孕妇 家长
965,3,0.3967995712819486,-0.04392618424614168,0.6666666666666666,嫌 嫌疑 惹,嫌疑 惹 嫌,嫌疑 嫌 惹,嫌 嫌疑 惹
966,3,0.5970549820031635,0.3245360509932239,0.0,航天员 宇航员 嫦娥,嫦娥 宇航员 航天员,嫦娥 航天员 宇航员,航天员 宇航员 嫦娥
967,7,0.5053195171981074,0.16837084647824366,0.14285714285714285,炸弹 炸药 子弹 火药 爆炸 手枪 武器,武器 爆炸 手枪 火药 子弹 炸弹 炸药,子弹 武器 火药 炸药 爆炸 炸弹 手枪,炸弹 炸药 子弹 火药 爆炸 手枪 武器
968,15,0.4536650015036091,0.10393992983354639,0.13333333333333333,播放 转播 重播 广播 收看 直播 收听 视频 播 录像 实况 录音,字幕 录音 录像 电台 播 实况 频道 广播,实况 重播 电台 播 收看 录像 收听 转播 频道 视频 播放 录音,播放 转播 重播 广播 收看 直播 收听 视频 播 录像 实况 录音 电台 频道 字幕
969,3,0.3894651640559786,0.048964642163640264,0.3333333333333333,排斥 孤立 抵触,抵触 孤立 排斥,抵触 排斥 孤立,排斥 孤立 抵触
970,3,0.5255671628310308,0.18978525098445165,0.0,孤零零 空荡荡 横七竖八,横七竖八 空荡荡 孤零零,孤零零 横七竖八 空荡荡,孤零零 空荡荡 横七竖八
971,6,0.5103940032529972,0.1469339582088159,0.16666666666666666,懂得 领悟 领会 懂 理解 学会,学会 理解 懂 领会 懂得 领悟,懂 懂得 理解 领会 领悟 学会,懂得 领悟 领会 懂 理解 学会
972,6,0.43508583354917746,0.01846329437213504,0.3333333333333333,知识 理论 常识 实践 经验 学说,实践 常识 学说 经验 知识 理论,经验 理论 常识 实践 学说 知识,知识 理论 常识 实践 经验 学说
973,37,0.4277251864006739,-0.025702895621564265,0.6216216216216216,安逸 悠闲 舒畅 愉快 安稳 快活 舒服 自在 快乐 安静 痛快 宁静,安心 幸福 顺心 心安理得 平静 美满 富足 潇洒,欢快 爽快 悠闲 安静 安逸 舒畅 宁静 舒服 幸福 快活 爽 酣畅,安逸 悠闲 舒畅 愉快 安稳 快活 舒服 自在 快乐 安静 痛快 宁静 无忧无虑 开心 潇洒 清静 怡然自得 平静 自由自在 欢快 顺心 幸福 知足 安宁 舒适 安心 富足 轻松 心安理得 美满 爽快 爽 美滋滋 酣畅 祥和 安定 自如
974,2,0.8186979570683264,0.6490808435502775,0.0,它们 它,它们 它,它 它们,它们 它
975,10,0.42318992695416313,0.01786197382255713,0.4,搬迁 迁移 迁 搬 移 转移 搬家 撤 安置 退,安置 转移 退 搬家 搬迁 撤 移 迁移,搬家 移 搬 撤 退 迁 安置 搬迁 转移 迁移,搬迁 迁移 迁 搬 移 转移 搬家 撤 安置 退
976,5,0.34654251611925957,-0.06529507972027362,0.8,整体 宏观 微观 整个 综合,整个 综合 微观 宏观 整体,微观 宏观 整体 整个 综合,整体 宏观 微观 整个 综合
977,1,,0.0,0.0,宗,宗,宗,宗
978,1,,0.0,0.0,官方,官方,官方,官方
979,1,,0.0,0.0,定向,定向,定向,定向
980,2,0.4015946190695545,0.05813524852833578,0.0,甜头 定心丸,甜头 定心丸,甜头 定心丸,甜头 定心丸
981,12,0.4034414449957606,-0.016382819273698994,0.4166666666666667,珍珠 宝石 钻石 水晶 玫瑰 玉 戒指 贝壳 花瓣 金子 牡丹 桃花,玫瑰 贝壳 花瓣 桃花 戒指 金子 牡丹 钻石,玉 牡丹 桃花 金子 花瓣 戒指 玫瑰 钻石 水晶 贝壳 宝石 珍珠,珍珠 宝石 钻石 水晶 玫瑰 玉 戒指 贝壳 花瓣 金子 牡丹 桃花
982,1,,0.0,0.0,实体,实体,实体,实体
983,1,,0.0,0.0,实物,实物,实物,实物
984,7,0.45217068545188105,0.11565376194358117,0.2857142857142857,时髦 时尚 潮流 新潮 流行 实用 酷,酷 实用 流行 潮流 新潮 时髦 时尚,时尚 流行 实用 潮流 新潮 时髦 酷,时髦 时尚 潮流 新潮 流行 实用 酷
985,10,0.4306177205715182,0.056314280896196535,0.4,杀 捉 逮 捕 枪毙 斩 抓 追 死 宰,死 追 抓 枪毙 斩 宰 捕 捉,枪毙 宰 杀 斩 抓 捕 捉 死 逮 追,杀 捉 逮 捕 枪毙 斩 抓 追 死 宰
986,1,,0.0,0.0,家,家,家,家
987,1,,0.0,0.0,家园,家园,家园,家园
988,5,0.42884480423964655,0.005605252557134977,0.6,焕发 活力 容光焕发 朝气蓬勃 激活,激活 活力 朝气蓬勃 容光焕发 焕发,激活 朝气蓬勃 焕发 活力 容光焕发,焕发 活力 容光焕发 朝气蓬勃 激活
989,1,,0.0,0.0,寄托,寄托,寄托,寄托
990,8,0.43017320400027564,0.0809310237078689,0.25,贫穷 贫困 穷人 富裕 贫富 饥饿 文盲 小康,穷人 文盲 饥饿 小康 富裕 贫富 贫困 贫穷,贫困 穷人 小康 文盲 富裕 贫穷 饥饿 贫富,贫穷 贫困 穷人 富裕 贫富 饥饿 文盲 小康
991,3,0.37723626913933644,-0.0115880051154095,0.3333333333333333,稀少 寥寥无几 活跃,活跃 稀少 寥寥无几,稀少 寥寥无几 活跃,稀少 寥寥无几 活跃
992,6,0.43601624072585615,0.05345937529093799,0.3333333333333333,对准 瞄准 指向 矛头 面向 锁定,锁定 面向 指向 矛头 对准 瞄准,对准 锁定 面向 瞄准 矛头 指向,对准 瞄准 指向 矛头 面向 锁定
993,3,0.5895791847967972,0.32976250100295795,0.0,对待 看待 平常心,平常心 对待 看待,看待 对待 平常心,对待 看待 平常心
994,5,0.40993213449434657,0.04689588405401444,0.4,球 皮球 犯规 对手 杆,杆 对手 皮球 犯规 球,对手 球 杆 犯规 皮球,球 皮球 犯规 对手 杆
995,1,,0.0,0.0,对象,对象,对象,对象
996,10,0.4748572416653461,0.12319330077013646,0.0,平常 平日 平时 常人 往常 普通人 往日 寻常 普通 日常,往日 往常 寻常 普通人 日常 普通 平时 常人,往日 往常 寻常 普通 常人 普通人 平常 日常 平时 平日,平常 平日 平时 常人 往常 普通人 往日 寻常 普通 日常
997,2,0.47678482877621153,0.18134244894893659,0.0,罪魁祸首 导火索,罪魁祸首 导火索,罪魁祸首 导火索,罪魁祸首 导火索
998,1,,0.0,0.0,小卒,小卒,小卒,小卒
999,8,0.5634058432402317,0.2623292705174196,0.0,注意 小心 留心 提防 当心 留神 警惕 留意,小心 留意 留神 警惕 注意 留心 当心 提防,当心 小心 注意 警惕 留心 提防 留意 留神,注意 小心 留心 提防 当心 留神 警惕 留意
1000,1,,0.0,0.0,小王,小王,小王,小王
1001,1,,0.0,0.0,小看,小看,小看,小看
1002,7,0.4096436775522145,-0.011534989124879833,0.5714285714285714,探索 摸索 探求 研究 攻关 尝试 科研,科研 尝试 攻关 探求 研究 摸索 探索,尝试 探索 摸索 探求 攻关 研究 科研,探索 摸索 探求 研究 攻关 尝试 科研
1003,3,0.44412406674706256,0.08389519209945306,0.0,尸体 棺材 废墟,废墟 棺材 尸体,尸体 棺材 废墟,尸体 棺材 废墟
1004,2,0.49465674945065374,0.0782388339396318,0.0,尺子 秤,秤 尺子,秤 尺子,尺子 秤
1005,4,0.41439002302726874,0.06144814944512436,0.25,层面 角度 方面 尺度,尺度 角度 方面 层面,方面 角度 尺度 层面,层面 角度 方面 尺度
1006,1,,0.0,0.0,尽,尽,尽,尽
1007,3,0.4600119550607798,0.09588522182942105,0.0,尽头 终点 通往,终点 通往 尽头,通往 尽头 终点,尽头 终点 通往
1008,8,0.40793145304354894,-0.029611151272443553,0.75,粪 臭 脏 烂 渣子 尿 糟 肥,渣子 肥 糟 尿 烂 粪 脏 臭,尿 粪 糟 烂 臭 脏 肥 渣子,粪 臭 脏 烂 渣子 尿 糟 肥
1009,2,0.4733759374791551,0.12170306058114727,0.0,底层 层,底层 层,层 底层,底层 层
1010,8,0.4220974929092808,0.040787404447087006,0.25,愈演愈烈 迭起 蔓延 此起彼伏 泛滥 层出不穷 盛行 连绵,蔓延 连绵 层出不穷 盛行 泛滥 迭起 此起彼伏 愈演愈烈,迭起 愈演愈烈 连绵 泛滥 此起彼伏 盛行 蔓延 层出不穷,愈演愈烈 迭起 蔓延 此起彼伏 泛滥 层出不穷 盛行 连绵
1011,1,,0.0,0.0,居高临下,居高临下,居高临下,居高临下
1012,1,,0.0,0.0,属,属,属,属
1013,5,0.43030197040206825,-0.006697041817797761,0.2,胆子 有两下子 竟敢 能耐 岂有此理,能耐 竟敢 胆子 有两下子 岂有此理,胆子 有两下子 能耐 岂有此理 竟敢,胆子 有两下子 竟敢 能耐 岂有此理
1014,3,0.5280144452379495,0.19974610866068346,0.0,崇尚 追求 讲究,追求 讲究 崇尚,追求 崇尚 讲究,崇尚 追求 讲究
1015,2,0.45725312984004796,0.1434511076940878,0.0,巅峰 极限,巅峰 极限,极限 巅峰,巅峰 极限
1016,1,,0.0,0.0,帆,帆,帆,帆
1017,1,,0.0,0.0,常态,常态,常态,常态
1018,1,,0.0,0.0,幕,幕,幕,幕
1019,3,0.5153785957679743,0.2448772176362738,0.0,幕后 背后 黑手,黑手 背后 幕后,背后 幕后 黑手,幕后 背后 黑手
1020,3,0.47892372556468504,0.10278809533136779,0.0,默默无闻 默默 平凡,平凡 默默 默默无闻,默默 平凡 默默无闻,默默无闻 默默 平凡
1021,2,0.5205270984144792,0.21676837832274692,0.0,摆平 平息,摆平 平息,摆平 平息,摆平 平息
1022,4,0.4463653495472481,0.012700316420336945,0.5,晚年 年迈 高龄 晚期,晚期 年迈 高龄 晚年,年迈 晚期 晚年 高龄,晚年 年迈 高龄 晚期
1023,3,0.4216540434582088,0.020404101035733528,0.6666666666666666,遭殃 幸免 祸害,祸害 幸免 遭殃,祸害 幸免 遭殃,遭殃 幸免 祸害
1024,8,0.4192766910254469,-0.007402287718053506,0.5,脚印 足迹 影子 身影 脚步 痕迹 轨迹 幻影,幻影 轨迹 脚步 痕迹 身影 影子 足迹 脚印,痕迹 幻影 脚印 脚步 足迹 影子 轨迹 身影,脚印 足迹 影子 身影 脚步 痕迹 轨迹 幻影
1025,2,0.5243094155137284,0.25715352549348913,0.0,广泛 广,广泛 广,广 广泛,广泛 广
1026,1,,0.0,0.0,广义,广义,广义,广义
1027,2,0.7011974814610978,0.5233906432068907,0.0,床位 病床,病床 床位,床位 病床,床位 病床
1028,5,0.3534871345047373,-0.08049173849393897,0.8,章 序 篇 节 谱,谱 篇 序 节 章,序 篇 章 节 谱,章 序 篇 节 谱
1029,1,,0.0,0.0,库,库,库,库
1030,4,0.42209607697847956,0.0482802599520171,0.25,挑战 面对 考验 应付,应付 面对 考验 挑战,挑战 面对 应付 考验,挑战 面对 考验 应付
1031,3,0.37515587287975327,-0.027236212266754583,0.6666666666666666,本钱 底子 筹码,筹码 底子 本钱,底子 本钱 筹码,本钱 底子 筹码
1032,3,0.5083072474354081,0.19370442937886398,0.0,昂贵 高昂 庞大,庞大 昂贵 高昂,庞大 高昂 昂贵,昂贵 高昂 庞大
1033,5,0.2824353815343204,-0.092764610369425,0.8,杂 残 废 散 良,良 废 散 残 杂,废 杂 散 残 良,杂 残 废 散 良
1034,6,0.4777385932956373,0.1332158378678369,0.16666666666666666,捡 拣 拾 收拾 废品 淘,收拾 废品 淘 捡 拾 拣,拾 拣 捡 淘 收拾 废品,捡 拣 拾 收拾 废品 淘
1035,1,,0.0,0.0,度,度,度,度
1036,3,0.5598302369650267,0.30450124430785036,0.0,渡过 度过 渡,渡 度过 渡过,渡 度过 渡过,渡过 度过 渡
1037,10,0.46247626025570127,0.09332725500162373,0.2,耽搁 推迟 延误 拖延 耽误 延期 迟到 晚点 搁置 搁浅,耽误 搁置 搁浅 迟到 晚点 耽搁 推迟 延期,搁浅 搁置 晚点 耽搁 延期 迟到 延误 推迟 耽误 拖延,耽搁 推迟 延误 拖延 耽误 延期 迟到 晚点 搁置 搁浅
1038,7,0.4383262214781444,0.04557749101824098,0.2857142857142857,缓解 弥补 抵消 扭转 抑制 延缓 挽回,挽回 抑制 延缓 扭转 缓解 弥补 抵消,挽回 抑制 扭转 弥补 缓解 抵消 延缓,缓解 弥补 抵消 扭转 抑制 延缓 挽回
1039,1,,0.0,0.0,建交,建交,建交,建交
1040,5,0.4485327454408493,0.0401365590430511,0.6,点火 燃烧 着火 点燃 开动,开动 点燃 燃烧 着火 点火,开动 着火 点火 点燃 燃烧,点火 燃烧 着火 点燃 开动
1041,6,0.4460777095675519,0.07458789627202171,0.3333333333333333,迎来 步入 进入 迎 开启 迎接,开启 迎接 迎 进入 步入 迎来,进入 开启 步入 迎 迎接 迎来,迎来 步入 进入 迎 开启 迎接
1042,1,,0.0,0.0,开天辟地,开天辟地,开天辟地,开天辟地
1043,4,0.5148873916353932,0.16579205519630774,0.25,缓缓 慢慢 徐徐 开始,开始 慢慢 缓缓 徐徐,徐徐 开始 慢慢 缓缓,缓缓 慢慢 徐徐 开始
1044,1,,0.0,0.0,开张,开张,开张,开张
1045,2,0.5192205099667058,0.1573027544694762,0.0,敞开 开放,开放 敞开,开放 敞开,敞开 开放
1046,6,0.44906665646015054,0.09651618318740209,0.3333333333333333,显眼 抢眼 突出 引人注目 明显 鹤立鸡群,明显 鹤立鸡群 引人注目 抢眼 显眼 突出,抢眼 明显 突出 鹤立鸡群 显眼 引人注目,显眼 抢眼 突出 引人注目 明显 鹤立鸡群
1047,4,0.4209741295334606,0.04946891128148721,0.25,融入 注入 引入 渗透,渗透 注入 引入 融入,渗透 融入 引入 注入,融入 注入 引入 渗透
1048,5,0.44270727479490724,0.11000490095389574,0.2,指导 指引 引导 督促 指南,督促 指南 引导 指引 指导,指南 指导 指引 引导 督促,指导 指引 引导 督促 指南
1049,5,0.3061005060415534,-0.1656081913475948,1.0,首批 落户 引进 批 登陆,首批 落户 批 引进 登陆,引进 登陆 批 落户 首批,首批 落户 引进 批 登陆
1050,1,,0.0,0.0,张扬,张扬,张扬,张扬
1051,5,0.4114735346437799,-0.011486264856344125,0.4,笼罩 弥漫 扑面而来 沸腾 阴影,阴影 沸腾 扑面而来 笼罩 弥漫,笼罩 扑面而来 沸腾 阴影 弥漫,笼罩 弥漫 扑面而来 沸腾 阴影
1052,2,0.5824218542142637,0.3350200477742499,0.0,弹性 韧性,韧性 弹性,弹性 韧性,弹性 韧性
1053,2,0.5552395577474942,0.2713594087804662,0.0,强加 灌输,灌输 强加,强加 灌输,强加 灌输
1054,6,0.4888646007347177,0.1612109631671423,0.16666666666666666,浓厚 浓重 浓 清淡 淡 强烈,强烈 清淡 淡 浓重 浓厚 浓,浓 淡 浓重 强烈 清淡 浓厚,浓厚 浓重 浓 清淡 淡 强烈
1055,2,0.5855202452695816,0.30035784415220096,0.0,归 归属,归 归属,归 归属,归 归属
1056,4,0.48313644742218104,0.15479871111570317,0.0,收回 归还 退回 收复,收复 归还 退回 收回,收回 收复 退回 归还,收回 归还 退回 收复
1057,5,0.3692682080554436,0.017109339152054762,0.6,时候 时 缘故 日子 当,当 缘故 日子 时 时候,时候 当 时 缘故 日子,时候 时 缘故 日子 当
1058,5,0.5633749249394031,0.2839489455641382,0.0,当下 眼下 当前 当今 近来,近来 当今 当前 当下 眼下,当下 当今 当前 眼下 近来,当下 眼下 当前 当今 近来
1059,5,0.5042533106735103,0.17911088208217885,0.0,当面 当众 当着 当场 私下,私下 当场 当众 当着 当面,当面 当众 当场 当着 私下,当面 当众 当着 当场 私下
1060,1,,0.0,0.0,录,录,录,录
1061,6,0.44446474082617343,0.09182118178542058,0.3333333333333333,等待 等候 等到 待 排队 眼看,眼看 排队 等到 待 等候 等待,待 排队 等候 等到 等待 眼看,等待 等候 等到 待 排队 眼看
1062,4,0.37387269595859257,-0.05122965185434429,1.0,雪上加霜 措手不及 得不偿失 恼羞成怒,恼羞成怒 得不偿失 雪上加霜 措手不及,恼羞成怒 雪上加霜 得不偿失 措手不及,雪上加霜 措手不及 得不偿失 恼羞成怒
1063,12,0.42469137243639327,-0.017319155938091513,0.5,想念 挂念 惦记 忘不了 念念不忘 牵挂 思念 想起 难忘 记忆犹新 看得起 得了,得了 看得起 记忆犹新 想起 难忘 思念 惦记 牵挂,牵挂 挂念 得了 看得起 思念 念念不忘 忘不了 想念 记忆犹新 难忘 想起 惦记,想念 挂念 惦记 忘不了 念念不忘 牵挂 思念 想起 难忘 记忆犹新 看得起 得了
1064,3,0.4797083961958237,0.19764853944364127,0.0,有力 有效 得力,得力 有效 有力,得力 有效 有力,有力 有效 得力
1065,1,,0.0,0.0,循环,循环,循环,循环
1066,4,0.497697288168764,0.1943287661745605,0.0,细微 微弱 微妙 轻微,轻微 微妙 微弱 细微,细微 微弱 微妙 轻微,细微 微弱 微妙 轻微
1067,6,0.5086806182485494,0.1342820056483112,0.0,情绪 心态 气氛 氛围 心情 心理,氛围 心情 心理 心态 气氛 情绪,心态 心情 心理 气氛 氛围 情绪,情绪 心态 气氛 氛围 心情 心理
1068,7,0.43015853186048014,0.04746470038189155,0.14285714285714285,精明 足智多谋 机智 能干 心灵手巧 高明 远见,能干 机智 远见 心灵手巧 高明 足智多谋 精明,能干 心灵手巧 足智多谋 高明 远见 精明 机智,精明 足智多谋 机智 能干 心灵手巧 高明 远见
1069,7,0.5225700044320922,0.17848285704093828,0.14285714285714285,视野 眼光 眼界 目光 视线 视角 心胸,心胸 视角 眼界 视线 目光 眼光 视野,视线 眼界 目光 眼光 视角 视野 心胸,视野 眼光 眼界 目光 视线 视角 心胸
1070,4,0.5200667407748847,0.12557468488523982,0.25,鲜血 汗水 心血 流血,流血 心血 鲜血 汗水,流血 汗水 心血 鲜血,鲜血 汗水 心血 流血
1071,2,0.5679959051131251,0.28543023528948586,0.0,必需 必要,必要 必需,必要 必需,必需 必要
1072,3,0.5767154805019864,0.31827297178390174,0.0,禁忌 忌讳 忌,忌讳 禁忌 忌,禁忌 忌讳 忌,禁忌 忌讳 忌
1073,1,,0.0,0.0,志愿,志愿,志愿,志愿
1074,5,0.4845309192213188,0.14348578389672798,0.0,慢 缓慢 快 速度 缓,速度 缓 缓慢 快 慢,快 缓 慢 速度 缓慢,慢 缓慢 快 速度 缓
1075,2,0.4806205585227674,0.12055767965080967,0.0,时好时坏 忽高忽低,忽高忽低 时好时坏,忽高忽低 时好时坏,时好时坏 忽高忽低
1076,2,0.5067468149088896,0.13496479895995758,0.0,怀抱 拥抱,拥抱 怀抱,拥抱 怀抱,怀抱 拥抱
1077,2,0.46802171827132977,0.09358337014769455,0.0,怀旧 情结,怀旧 情结,怀旧 情结,怀旧 情结
1078,6,0.5063938561575053,0.1153604883393461,0.16666666666666666,犹豫 迟疑 犹豫不决 畏惧 气馁 思前想后,思前想后 气馁 畏惧 犹豫不决 迟疑 犹豫,犹豫不决 犹豫 思前想后 畏惧 迟疑 气馁,犹豫 迟疑 犹豫不决 畏惧 气馁 思前想后
1079,1,,0.0,0.0,总,总,总,总
1080,3,0.44420581812445764,0.08392353337640573,0.0,畸形 扭曲 恶性,恶性 扭曲 畸形,恶性 扭曲 畸形,畸形 扭曲 恶性
1081,8,0.3216267129342663,-0.09767235456057205,0.875,飘 浮 漂 飞 闪 悬 腾 虚,虚 腾 闪 悬 漂 飞 浮 飘,悬 漂 浮 飞 飘 闪 虚 腾,飘 浮 漂 飞 闪 悬 腾 虚
1082,9,0.41630346121477046,0.03235693406715247,0.4444444444444444,通信 通讯 电讯 电信 无线电 邮政 网络 联络 情报,网络 联络 情报 邮政 无线电 通讯 电信 电讯,通信 联络 网络 邮政 通讯 电信 无线电 电讯 情报,通信 通讯 电讯 电信 无线电 邮政 网络 联络 情报
1083,5,0.571338733729948,0.2706716490806059,0.0,醒悟 惊醒 醒 觉醒 苏醒,醒 醒悟 惊醒 苏醒 觉醒,醒 苏醒 醒悟 觉醒 惊醒,醒悟 惊醒 醒 觉醒 苏醒
1084,1,,0.0,0.0,惯,惯,惯,惯
1085,1,,0.0,0.0,惯性,惯性,惯性,惯性
1086,4,0.4738356067253417,0.1300332599034164,0.0,慰劳 慰问 支援 接济,接济 支援 慰问 慰劳,支援 慰问 慰劳 接济,慰劳 慰问 支援 接济
1087,1,,0.0,0.0,成绩,成绩,成绩,成绩
1088,3,0.4145192386196883,0.0689585551402515,0.0,贪 戒 毒,毒 贪 戒,戒 毒 贪,贪 戒 毒
1089,4,0.3932237990956606,0.0382495548968894,0.25,漏 断 截 脱,脱 截 漏 断,断 截 漏 脱,漏 断 截 脱
1090,3,0.3749790418108118,-0.037043341016338605,0.6666666666666666,贴 戳 附,附 戳 贴,戳 附 贴,贴 戳 附
1091,1,,0.0,0.0,所,所,所,所
1092,1,,0.0,0.0,所谓,所谓,所谓,所谓
1093,2,0.5405735866944497,0.2689144700941838,0.0,门 扇,扇 门,扇 门,门 扇
1094,5,0.42591659377676194,0.06887198515190905,0.0,遥控 自动 远程 手动 联网,联网 手动 自动 远程 遥控,远程 联网 遥控 手动 自动,遥控 自动 远程 手动 联网
1095,1,,0.0,0.0,扎根,扎根,扎根,扎根
1096,4,0.39389273748748543,0.003991692916929499,0.5,麻将 扑克 棋 集邮,集邮 棋 麻将 扑克,集邮 棋 麻将 扑克,麻将 扑克 棋 集邮
1097,1,,0.0,0.0,打包,打包,打包,打包
1098,2,0.5651364909629133,0.27704494164658067,0.0,消遣 打发,打发 消遣,消遣 打发,消遣 打发
1099,3,0.6353648714085132,0.38874144253378934,0.0,打搅 打扰 打断,打断 打搅 打扰,打扰 打断 打搅,打搅 打扰 打断
1100,1,,0.0,0.0,托付,托付,托付,托付
1101,2,0.4494300071721805,0.12166133486118162,0.0,扩散 辐射,辐射 扩散,扩散 辐射,扩散 辐射
1102,1,,0.0,0.0,扬,扬,扬,扬
1103,5,0.5204563129567424,0.18719392526528686,0.0,牢牢 抓住 把握 紧紧 掌握,掌握 紧紧 把握 抓住 牢牢,把握 掌握 抓住 紧紧 牢牢,牢牢 抓住 把握 紧紧 掌握
1104,4,0.36271611679239185,-0.06636001084977547,0.5,靶子 把柄 要害 棋子,棋子 要害 把柄 靶子,把柄 要害 棋子 靶子,靶子 把柄 要害 棋子
1105,3,0.34956023442775663,-0.017473633640653723,0.6666666666666666,融 汇 投,投 融 汇,投 汇 融,融 汇 投
1106,1,,0.0,0.0,投射,投射,投射,投射
1107,4,0.41478344638776726,0.07296129830228845,0.5,炒作 炒 投机 爆,爆 投机 炒作 炒,炒 爆 炒作 投机,炒作 炒 投机 爆
1108,4,0.3528202324125353,-0.12075035088167042,1.0,空 破 抛 顶,抛 破 空 顶,破 空 抛 顶,空 破 抛 顶
1109,3,0.5337478318522137,0.12027950791290438,0.0,日报 晚报 报,报 晚报 日报,日报 报 晚报,日报 晚报 报
1110,1,,0.0,0.0,报社,报社,报社,报社
1111,8,0.39895184331086825,0.03694727226607359,0.375,裸露 遮盖 露 遮 暴露 罩 披 裸,罩 遮盖 暴露 裸 披 裸露 遮 露,罩 披 遮盖 遮 露 裸 裸露 暴露,裸露 遮盖 露 遮 暴露 罩 披 裸
1112,4,0.479465824894506,0.15946185122903445,0.25,拍 拍摄 拍戏 晒,晒 拍戏 拍摄 拍,拍戏 拍摄 晒 拍,拍 拍摄 拍戏 晒
1113,1,,0.0,0.0,招,招,招,招
1114,7,0.42412152506551076,0.0911912054487977,0.14285714285714285,筹划 拟定 筹备 酝酿 策划 计划 拟,计划 策划 筹备 拟 酝酿 拟定 筹划,酝酿 拟 策划 计划 拟定 筹备 筹划,筹划 拟定 筹备 酝酿 策划 计划 拟
1115,3,0.5202772758186639,0.21983740602788115,0.0,括弧 括号 省略,省略 括号 括弧,省略 括号 括弧,括弧 括号 省略
1116,1,,0.0,0.0,挂钩,挂钩,挂钩,挂钩
1117,1,,0.0,0.0,指,指,指,指
1118,3,0.40756283661963394,0.023334388427066477,0.6666666666666666,照常 按时 照例,按时 照例 照常,照例 照常 按时,照常 按时 照例
1119,6,0.4750310131833025,0.1524377175341924,0.3333333333333333,挑选 选 筛选 选择 选用 筛,筛 选用 筛选 选择 选 挑选,选用 选择 筛选 筛 选 挑选,挑选 选 筛选 选择 选用 筛
1120,2,0.4313347183243592,0.11408758281880067,0.0,钻 挖,挖 钻,挖 钻,钻 挖
1121,3,0.45213758009238486,0.1333211169348445,0.0,挨 耳光 顿,耳光 挨 顿,挨 耳光 顿,挨 耳光 顿
1122,3,0.4643306991797819,0.08653370476728052,0.3333333333333333,振奋 振作 耳目一新,耳目一新 振作 振奋,耳目一新 振作 振奋,振奋 振作 耳目一新
1123,1,,0.0,0.0,换位,换位,换位,换位
1124,1,,0.0,0.0,换取,换取,换取,换取
1125,3,0.5146548299829377,0.10007906929299831,0.3333333333333333,闹事 捣乱 看热闹,看热闹 捣乱 闹事,闹事 看热闹 捣乱,闹事 捣乱 看热闹
1126,4,0.39834779118008123,0.009300455446370644,0.75,由此 据此 自行 由,由此 由 自行 据此,由 据此 自行 由此,由此 据此 自行 由
1127,4,0.338531046629547,-0.014409898826807177,0.5,探 攀 试探 登,试探 登 攀 探,登 攀 探 试探,探 攀 试探 登
1128,2,0.676948126570447,0.4953602593829934,0.0,接班 接班人,接班 接班人,接班人 接班,接班 接班人
1129,3,0.436072130237435,0.05720123331984398,0.3333333333333333,逻辑 推理 规律,规律 推理 逻辑,规律 推理 逻辑,逻辑 推理 规律
1130,5,0.4920843777579334,0.14937870328116104,0.0,提早 提前 过早 早 迟,提前 迟 早 过早 提早,早 提早 提前 迟 过早,提早 提前 过早 早 迟
1131,2,0.5561340549767081,0.30014892214019306,0.0,风险 提示,提示 风险,提示 风险,风险 提示
1132,1,,0.0,0.0,提起,提起,提起,提起
1133,5,0.3575072469015159,-0.033699441088833895,0.4,搜索 查 搜 浏览 查出,查出 浏览 搜索 搜 查,查 搜 浏览 搜索 查出,搜索 查 搜 浏览 查出
1134,2,0.4718668956798526,0.16858970544224017,0.0,搭档 默契,搭档 默契,搭档 默契,搭档 默契
1135,2,0.6097290266115373,0.3631055621089926,0.0,随身 携带,随身 携带,携带 随身,随身 携带
1136,8,0.4072546764271925,-0.00906436738074654,0.625,衰弱 虚弱 衰竭 紊乱 瘫痪 衰老 摇摇欲坠 透支,紊乱 透支 摇摇欲坠 衰老 瘫痪 虚弱 衰竭 衰弱,虚弱 瘫痪 紊乱 透支 衰竭 衰弱 摇摇欲坠 衰老,衰弱 虚弱 衰竭 紊乱 瘫痪 衰老 摇摇欲坠 透支
1137,1,,0.0,0.0,摇篮,摇篮,摇篮,摇篮
1138,2,0.39727933104545454,0.05438614764844944,0.0,撇 摊,撇 摊,摊 撇,撇 摊
1139,4,0.4464269369998532,0.11126875333073981,0.25,操控 驾驭 操纵 胜任,胜任 驾驭 操纵 操控,操纵 操控 驾驭 胜任,操控 驾驭 操纵 胜任
1140,5,0.41405520256732053,0.058736604778194555,0.2,纽带 枢纽 桥梁 支柱 骨干,支柱 桥梁 纽带 枢纽 骨干,桥梁 骨干 纽带 支柱 枢纽,纽带 枢纽 桥梁 支柱 骨干
1141,1,,0.0,0.0,收敛,收敛,收敛,收敛
1142,5,0.4521591216121849,0.040092909912657494,0.4,纠正 改正 检讨 矫正 教训,矫正 教训 检讨 纠正 改正,改正 矫正 教训 纠正 检讨,纠正 改正 检讨 矫正 教训
1143,5,0.4471696996481603,0.08312096101171651,0.2,改良 改进 新式 革新 简易,简易 改进 新式 革新 改良,简易 新式 革新 改进 改良,改良 改进 新式 革新 简易
1144,3,0.45045351934021727,0.0633747419260316,0.3333333333333333,死心 罢休 改邪归正,改邪归正 罢休 死心,罢休 死心 改邪归正,死心 罢休 改邪归正
1145,2,0.593861403090252,0.329536482796957,0.0,放心 满意,满意 放心,放心 满意,放心 满意
1146,5,0.40651889191584106,-0.038676544211808314,0.4,麻痹 松弛 放松 窒息 迷惑,迷惑 放松 窒息 松弛 麻痹,松弛 窒息 放松 迷惑 麻痹,麻痹 松弛 放松 窒息 迷惑
1147,1,,0.0,0.0,放水,放水,放水,放水
1148,3,0.5946409064512435,0.2927188476029044,0.0,放纵 放肆 纵容,纵容 放肆 放纵,纵容 放肆 放纵,放纵 放肆 纵容
1149,1,,0.0,0.0,效力,效力,效力,效力
1150,3,0.3841871195189748,0.013318397702149112,0.3333333333333333,敬 饶 赐,饶 敬 赐,敬 饶 赐,敬 饶 赐
1151,2,0.5478719884856069,0.3082548207387587,0.0,整理 梳理,梳理 整理,整理 梳理,整理 梳理
1152,1,,0.0,0.0,新生,新生,新生,新生
1153,3,0.3758457208357524,-0.07400616775597836,1.0,方向 目标 重心,重心 目标 方向,重心 目标 方向,方向 目标 重心
1154,4,0.40766293230286915,0.04893401670987324,0.25,衣食住行 食宿 自理 方方面面,方方面面 自理 食宿 衣食住行,食宿 衣食住行 自理 方方面面,衣食住行 食宿 自理 方方面面
1155,3,0.49557263259758705,0.11302924306948581,0.3333333333333333,旁观 袖手旁观 观望,观望 袖手旁观 旁观,旁观 袖手旁观 观望,旁观 袖手旁观 观望
1156,2,0.3174844863192934,-0.12913807743602876,1.0,无 非,无 非,无 非,无 非
1157,1,,0.0,0.0,无可奉告,无可奉告,无可奉告,无可奉告
1158,4,0.4453030618636497,0.12293912428587439,0.25,无限 无穷 无边 远方,远方 无边 无限 无穷,无边 无限 无穷 远方,无限 无穷 无边 远方
1159,4,0.42591636737148014,0.08656870511779932,0.25,无缘 缺席 错过 止步,错过 止步 缺席 无缘,无缘 止步 错过 缺席,无缘 缺席 错过 止步
1160,5,0.40584188498901047,-0.04402704543477396,0.8,无聊 颓废 空虚 浮躁 有意思,有意思 无聊 浮躁 空虚 颓废,无聊 颓废 浮躁 有意思 空虚,无聊 颓废 空虚 浮躁 有意思
1161,3,0.4490335384703879,0.10522894916073645,0.0,菜单 选项 日历,选项 日历 菜单,菜单 日历 选项,菜单 选项 日历
1162,4,0.44349273972235065,0.08915313391536515,0.25,生前 遗愿 遗嘱 早年,早年 遗嘱 遗愿 生前,生前 遗嘱 遗愿 早年,生前 遗愿 遗嘱 早年
1163,1,,0.0,0.0,时事,时事,时事,时事
1164,3,0.5596626284014544,0.2812982676927331,0.0,高峰 高峰期 时段,时段 高峰 高峰期,时段 高峰期 高峰,高峰 高峰期 时段
1165,3,0.3253883170832242,-0.04783397218783015,0.6666666666666666,旺 盛 齐,齐 盛 旺,盛 旺 齐,旺 盛 齐
1166,1,,0.0,0.0,星座,星座,星座,星座
1167,1,,0.0,0.0,映,映,映,映
1168,3,0.3286624558582955,-0.04073306326695613,0.6666666666666666,直线 曲线 高速,高速 曲线 直线,曲线 高速 直线,直线 曲线 高速
1169,4,0.4313782347857993,-0.011756713530425303,0.5,最好 最 最佳 更,更 最佳 最 最好,更 最 最好 最佳,最好 最 最佳 更
1170,2,0.35646264307349074,0.05916318200408359,0.0,服 领,服 领,服 领,服 领
1171,1,,0.0,0.0,望,望,望,望
1172,3,0.4999719355159357,0.09931648992296986,0.0,贪玩儿 随大溜 朝三暮四,随大溜 贪玩儿 朝三暮四,随大溜 朝三暮四 贪玩儿,贪玩儿 随大溜 朝三暮四
1173,1,,0.0,0.0,期末,期末,期末,期末
1174,1,,0.0,0.0,末,末,末,末
1175,3,0.4131894401895187,0.05739305432453412,0.3333333333333333,本分 本色 良心,良心 本色 本分,本分 良心 本色,本分 本色 良心
1176,1,,0.0,0.0,权威,权威,权威,权威
1177,1,,0.0,0.0,杠铃,杠铃,杠铃,杠铃
1178,1,,0.0,0.0,条,条,条,条
1179,2,0.5237127246064753,0.23208847640312089,0.0,环境 条件,条件 环境,条件 环境,环境 条件
1180,1,,0.0,0.0,来源,来源,来源,来源
1181,1,,0.0,0.0,松绑,松绑,松绑,松绑
1182,2,0.5946689862760117,0.38777548432278464,0.0,组成 构成,组成 构成,组成 构成,组成 构成
1183,1,,0.0,0.0,某,某,某,某
1184,1,,0.0,0.0,标,标,标,标
1185,1,,0.0,0.0,栋梁,栋梁,栋梁,栋梁
1186,1,,0.0,0.0,栏,栏,栏,栏
1187,1,,0.0,0.0,校园,校园,校园,校园
1188,1,,0.0,0.0,样,样,样,样
1189,3,0.4093683477397995,-0.0322050549561624,0.3333333333333333,脱节 错位 格格不入,错位 格格不入 脱节,错位 脱节 格格不入,脱节 错位 格格不入
1190,1,,0.0,0.0,桑拿,桑拿,桑拿,桑拿
1191,1,,0.0,0.0,档,档,档,档
1192,1,,0.0,0.0,桩,桩,桩,桩
1193,8,0.48886564958493395,0.11631320110282997,0.0,甜蜜 浪漫 温馨 欢乐 温暖 美好 梦幻 蜜月,梦幻 美好 温暖 欢乐 蜜月 浪漫 温馨 甜蜜,欢乐 蜜月 甜蜜 浪漫 温馨 美好 温暖 梦幻,甜蜜 浪漫 温馨 欢乐 温暖 美好 梦幻 蜜月
1194,1,,0.0,0.0,棒,棒,棒,棒
1195,1,,0.0,0.0,歌颂,歌颂,歌颂,歌颂
1196,1,,0.0,0.0,每,每,每,每
1197,2,0.5383483101495714,0.24023273492148817,0.0,比方 比喻,比喻 比方,比方 比喻,比方 比喻
1198,2,0.6093674102408626,0.287442366171217,0.0,毫不 毫无,毫无 毫不,毫无 毫不,毫不 毫无
1199,1,,0.0,0.0,民间,民间,民间,民间
1200,12,0.48997220720801926,0.12852462621969582,0.16666666666666666,焰火 烟花 鞭炮 燃放 爆竹 烟火 灯笼 蜡烛 灯 灯光 气球 风筝,气球 风筝 蜡烛 灯光 灯 鞭炮 灯笼 烟火,气球 灯 烟火 烟花 蜡烛 风筝 焰火 燃放 爆竹 灯笼 灯光 鞭炮,焰火 烟花 鞭炮 燃放 爆竹 烟火 灯笼 蜡烛 灯 灯光 气球 风筝
1201,3,0.40868931982157924,0.0806286558840364,0.0,水手 舵手 猎人,猎人 舵手 水手,舵手 猎人 水手,水手 舵手 猎人
1202,3,0.3995275079519429,-0.011336656413295931,0.6666666666666666,讨 讨好 求,讨好 求 讨,讨好 求 讨,讨 讨好 求
1203,1,,0.0,0.0,池子,池子,池子,池子
1204,1,,0.0,0.0,汪洋,汪洋,汪洋,汪洋
1205,5,0.5507101087159969,0.25818985630046976,0.0,积累 积淀 沉淀 累积 积蓄,积蓄 积淀 沉淀 累积 积累,累积 沉淀 积淀 积累 积蓄,积累 积淀 沉淀 累积 积蓄
1206,1,,0.0,0.0,沉甸甸,沉甸甸,沉甸甸,沉甸甸
1207,1,,0.0,0.0,沏,沏,沏,沏
1208,1,,0.0,0.0,沾光,沾光,沾光,沾光
1209,8,0.4150731980391596,-0.008702888551361906,0.5,流 泻 涌 溢 泄 流淌 漫 豁,豁 漫 流淌 泄 流 溢 涌 泻,流淌 溢 漫 泄 泻 流 涌 豁,流 泻 涌 溢 泄 流淌 漫 豁
1210,5,0.2908960866977631,-0.0821134842579917,1.0,解 消 透 清 法,法 解 透 清 消,清 法 消 透 解,解 消 透 清 法
1211,1,,0.0,0.0,泡沫,泡沫,泡沫,泡沫
1212,3,0.4818527718018397,0.12166292518244563,0.0,泥土 腐烂 稻草,腐烂 泥土 稻草,腐烂 泥土 稻草,泥土 腐烂 稻草
1213,1,,0.0,0.0,注,注,注,注
1214,2,0.5077199766551815,0.23413968185978679,0.0,活动 行动,行动 活动,行动 活动,活动 行动
1215,5,0.4587566622623086,0.09629163400480498,0.2,流入 流向 流动 涌入 流转,流转 涌入 流动 流入 流向,流转 涌入 流动 流入 流向,流入 流向 流动 涌入 流转
1216,1,,0.0,0.0,流水,流水,流水,流水
1217,2,0.46388932703074803,0.13632906731189331,0.0,流量 海量,流量 海量,流量 海量,流量 海量
1218,2,0.5468254703811681,0.26293903642181626,0.0,浪费 白白,浪费 白白,白白 浪费,浪费 白白
1219,1,,0.0,0.0,海峡,海峡,海峡,海峡
1220,2,0.47772655105136264,0.17735127483744,0.0,海绵 海藻,海藻 海绵,海绵 海藻,海绵 海藻
1221,2,0.5189147032306631,0.2453389160322088,0.0,落后 淘汰,落后 淘汰,落后 淘汰,落后 淘汰
1222,1,,0.0,0.0,深入人心,深入人心,深入人心,深入人心
1223,1,,0.0,0.0,深深,深深,深深,深深
1224,3,0.45868982969529304,0.150466384200015,0.0,混合 混 纯,混 纯 混合,纯 混 混合,混合 混 纯
1225,3,0.4343663700758508,0.09264811138751715,0.0,砖 混凝土 窑,窑 混凝土 砖,砖 窑 混凝土,砖 混凝土 窑
1226,1,,0.0,0.0,温室,温室,温室,温室
1227,1,,0.0,0.0,源头,源头,源头,源头
1228,1,,0.0,0.0,滑,滑,滑,滑
1229,1,,0.0,0.0,滑梯,滑梯,滑梯,滑梯
1230,1,,0.0,0.0,滚动,滚动,滚动,滚动
1231,1,,0.0,0.0,滴,滴,滴,滴
1232,9,0.47929469314020573,0.099197596240125,0.3333333333333333,训练 练习 练 锻炼 苦练 演练 跑步 演习 运动,运动 跑步 演习 演练 练习 苦练 锻炼 练,运动 练 跑步 苦练 锻炼 训练 练习 演习 演练,训练 练习 练 锻炼 苦练 演练 跑步 演习 运动
1233,2,0.37258739830131127,0.012283694490989785,0.0,解说 演示,解说 演示,解说 演示,解说 演示
1234,5,0.3542447552584178,-0.0341185677330878,0.8,潜在 隐性 潜力 隐形 空间,空间 潜力 隐形 隐性 潜在,潜力 潜在 空间 隐性 隐形,潜在 隐性 潜力 隐形 空间
1235,1,,0.0,0.0,灵通,灵通,灵通,灵通
1236,1,,0.0,0.0,点,点,点,点
1237,1,,0.0,0.0,点名,点名,点名,点名
1238,2,0.5292827163325776,0.2615374407797784,0.0,点评 评,评 点评,点评 评,点评 评
1239,1,,0.0,0.0,爆满,爆满,爆满,爆满
1240,2,0.4256776624479184,0.05560375803834548,0.0,真心 爱,真心 爱,爱 真心,真心 爱
1241,2,0.5580741517084136,0.27867963406539553,0.0,牢 筑,牢 筑,筑 牢,牢 筑
1242,2,0.5413864544179027,0.2228636275009634,0.0,物品 道具,物品 道具,物品 道具,物品 道具
1243,1,,0.0,0.0,牺牲,牺牲,牺牲,牺牲
1244,1,,0.0,0.0,状元,状元,状元,状元
1245,1,,0.0,0.0,独,独,独,独
1246,4,0.4965220055961363,0.18687373142905303,0.0,独立自主 自主 独立 自立,自立 独立 自主 独立自主,独立 独立自主 自立 自主,独立自主 自主 独立 自立
1247,8,0.48048447856882875,0.0921368775764751,0.25,礼品 礼物 送礼 赠送 赠 礼 红包 献,献 红包 赠送 礼品 送礼 礼 礼物 赠,礼 献 送礼 红包 赠送 礼物 礼品 赠,礼品 礼物 送礼 赠送 赠 礼 红包 献
1248,1,,0.0,0.0,现实,现实,现实,现实
1249,2,0.5934710068774804,0.35830400780880634,0.0,现有 现行,现有 现行,现有 现行,现有 现行
1250,1,,0.0,0.0,班长,班长,班长,班长
1251,3,0.36642799636610546,0.0026714564515892872,0.6666666666666666,辩 识 理,理 识 辩,理 辩 识,辩 识 理
1252,1,,0.0,0.0,理想,理想,理想,理想
1253,1,,0.0,0.0,生意,生意,生意,生意
1254,1,,0.0,0.0,生物,生物,生物,生物
1255,2,0.4358282189432754,0.09781047901314724,0.0,生育 配偶,生育 配偶,生育 配偶,生育 配偶
1256,1,,0.0,0.0,用人,用人,用人,用人
1257,2,0.5796044669417204,0.3297043725599339,0.0,遗留 留下,遗留 留下,遗留 留下,遗留 留下
1258,3,0.5075756459523301,0.19622548338456638,0.0,白酒 茅台 酿造,酿造 茅台 白酒,酿造 茅台 白酒,白酒 茅台 酿造
1259,1,,0.0,0.0,监狱,监狱,监狱,监狱
1260,1,,0.0,0.0,直,直,直,直
1261,2,0.6261433469472352,0.4126913503703685,0.0,间接 直接,直接 间接,间接 直接,间接 直接
1262,1,,0.0,0.0,直视,直视,直视,直视
1263,5,0.36023439217997966,-0.028266363931410354,0.6,绝缘 腐蚀 真空 高压 锈,锈 真空 高压 腐蚀 绝缘,真空 绝缘 腐蚀 锈 高压,绝缘 腐蚀 真空 高压 锈
1264,1,,0.0,0.0,眨眼,眨眼,眨眼,眨眼
1265,1,,0.0,0.0,着,着,着,着
1266,1,,0.0,0.0,着想,着想,着想,着想
1267,2,0.48530510122148773,0.08988488654046849,0.0,碍事 要紧,碍事 要紧,碍事 要紧,碍事 要紧
1268,6,0.4992451753134529,0.1426352854729306,0.0,离 距离 靠近 距 贴近 走近,贴近 走近 距离 靠近 距 离,距离 离 靠近 距 贴近 走近,离 距离 靠近 距 贴近 走近
1269,2,0.4460810844809253,0.10575833244273292,0.0,零钱 私房钱,私房钱 零钱,零钱 私房钱,零钱 私房钱
1270,1,,0.0,0.0,科普,科普,科普,科普
1271,1,,0.0,0.0,移植,移植,移植,移植
1272,1,,0.0,0.0,程度,程度,程度,程度
1273,1,,0.0,0.0,稍候,稍候,稍候,稍候
1274,3,0.5947757936454593,0.2868631725316431,0.0,空隙 间隙 空儿,空儿 空隙 间隙,间隙 空儿 空隙,空隙 间隙 空儿
1275,1,,0.0,0.0,空白,空白,空白,空白
1276,1,,0.0,0.0,突击,突击,突击,突击
1277,1,,0.0,0.0,立功,立功,立功,立功
1278,1,,0.0,0.0,立方,立方,立方,立方
1279,1,,0.0,0.0,端正,端正,端正,端正
1280,2,0.6367788167046373,0.4468689811555331,0.0,精简 简化,简化 精简,简化 精简,精简 简化
1281,2,0.6831008523117716,0.49244706358369433,0.0,算 算是,算 算是,算 算是,算 算是
1282,1,,0.0,0.0,算盘,算盘,算盘,算盘
1283,4,0.4541900317845486,0.05171039589939702,0.25,精打细算 节俭 节衣缩食 算账,算账 节俭 精打细算 节衣缩食,算账 精打细算 节衣缩食 节俭,精打细算 节俭 节衣缩食 算账
1284,1,,0.0,0.0,管,管,管,管
1285,1,,0.0,0.0,粉,粉,粉,粉
1286,1,,0.0,0.0,系,系,系,系
1287,1,,0.0,0.0,索取,索取,索取,索取
1288,1,,0.0,0.0,红眼,红眼,红眼,红眼
1289,1,,0.0,0.0,结,结,结,结
1290,1,,0.0,0.0,统一,统一,统一,统一
1291,3,0.530009950658337,0.2548147473654606,0.0,自从 自 继,继 自从 自,继 自 自从,自从 自 继
1292,2,0.5730856369856073,0.29821740012741493,0.0,表 缩,缩 表,缩 表,表 缩
1293,3,0.5573163125939756,0.331167306318048,0.0,设 设置 置,置 设置 设,置 设 设置,设 设置 置
1294,1,,0.0,0.0,美,美,美,美
1295,1,,0.0,0.0,老,老,老,老
1296,1,,0.0,0.0,者,者,者,者
1297,1,,0.0,0.0,耐,耐,耐,耐
1298,1,,0.0,0.0,聋,聋,聋,聋
1299,1,,0.0,0.0,联想,联想,联想,联想
1300,2,0.39623252380499085,-0.011912505535964825,1.0,背景 题材,题材 背景,背景 题材,背景 题材
1301,5,0.49621430135751526,0.2154124369908325,0.0,车轮 轮胎 轮子 车轴 胎,胎 轮子 轮胎 车轴 车轮,轮子 车轮 车轴 轮胎 胎,车轮 轮胎 轮子 车轴 胎
1302,5,0.4535180318622494,0.1545788070260453,0.0,胜 赢 败 输 负,负 输 败 胜 赢,胜 赢 败 负 输,胜 赢 败 输 负
1303,1,,0.0,0.0,能人,能人,能人,能人
1304,4,0.3770124005632037,0.00825401893562347,0.25,脉络 血脉 脉搏 贯穿,贯穿 血脉 脉搏 脉络,血脉 贯穿 脉搏 脉络,脉络 血脉 脉搏 贯穿
1305,1,,0.0,0.0,自称,自称,自称,自称
1306,1,,0.0,0.0,舱,舱,舱,舱
1307,1,,0.0,0.0,花样,花样,花样,花样
1308,1,,0.0,0.0,若干,若干,若干,若干
1309,1,,0.0,0.0,苹果,苹果,苹果,苹果
1310,1,,0.0,0.0,荒,荒,荒,荒
1311,1,,0.0,0.0,行,行,行,行
1312,1,,0.0,0.0,补充,补充,补充,补充
1313,1,,0.0,0.0,表面,表面,表面,表面
1314,1,,0.0,0.0,被,被,被,被
1315,1,,0.0,0.0,要求,要求,要求,要求
1316,1,,0.0,0.0,见义勇为,见义勇为,见义勇为,见义勇为
1317,4,0.3538787152484275,-0.04552030493967354,0.5,足 饱 足够 觉,足够 觉 饱 足,足够 饱 足 觉,足 饱 足够 觉
1318,1,,0.0,0.0,触目惊心,触目惊心,触目惊心,触目惊心
1319,1,,0.0,0.0,计,计,计,计
1320,1,,0.0,0.0,计时,计时,计时,计时
1321,1,,0.0,0.0,认,认,认,认
1322,4,0.5333281765694349,0.21579798100678144,0.0,议论 讨论 议 话题,话题 讨论 议 议论,议论 议 话题 讨论,议论 讨论 议 话题
1323,1,,0.0,0.0,证,证,证,证
1324,2,0.47492421410811203,0.17004674371087214,0.0,试 试用,试用 试,试 试用,试 试用
1325,1,,0.0,0.0,该,该,该,该
1326,2,0.43115717577637425,-0.10641509265044982,1.0,陷阱 诱惑,诱惑 陷阱,诱惑 陷阱,陷阱 诱惑
1327,1,,0.0,0.0,诱饵,诱饵,诱饵,诱饵
1328,1,,0.0,0.0,说干就干,说干就干,说干就干,说干就干
1329,1,,0.0,0.0,请进,请进,请进,请进
1330,3,0.40257457833682664,0.005848449429744921,0.3333333333333333,项 课题 重大,项 课题 重大,重大 课题 项,项 课题 重大
1331,1,,0.0,0.0,调,调,调,调
1332,1,,0.0,0.0,豁出去,豁出去,豁出去,豁出去
1333,4,0.6316292824842836,0.38701641836365314,0.0,赶不上 跟不上 跟上 赶上,赶上 跟上 跟不上 赶不上,赶不上 跟上 赶上 跟不上,赶不上 跟不上 跟上 赶上
1334,1,,0.0,0.0,起,起,起,起
1335,3,0.47051626248650974,0.13052964097837427,0.0,起点 起跑线 起步,起步 起点 起跑线,起跑线 起点 起步,起点 起跑线 起步
1336,1,,0.0,0.0,跑龙套,跑龙套,跑龙套,跑龙套
1337,3,0.6631959766256417,0.4609388929815716,0.0,跟随 追随 随,随 追随 跟随,追随 跟随 随,跟随 追随 随
1338,1,,0.0,0.0,身价,身价,身价,身价
1339,1,,0.0,0.0,轨道,轨道,轨道,轨道
1340,1,,0.0,0.0,转,转,转,转
1341,3,0.4164333889569715,0.04272958113785986,0.3333333333333333,转折点 转机 里程碑,转机 里程碑 转折点,里程碑 转折点 转机,转折点 转机 里程碑
1342,1,,0.0,0.0,软实力,软实力,软实力,软实力
1343,1,,0.0,0.0,辅助,辅助,辅助,辅助
1344,1,,0.0,0.0,输血,输血,输血,输血
1345,1,,0.0,0.0,边缘,边缘,边缘,边缘
1346,1,,0.0,0.0,过关,过关,过关,过关
1347,3,0.6522243693518818,0.435868126025123,0.0,运转 运行 运作,运行 运转 运作,运作 运转 运行,运转 运行 运作
1348,1,,0.0,0.0,连,连,连,连
1349,1,,0.0,0.0,迷,迷,迷,迷
1350,1,,0.0,0.0,追溯,追溯,追溯,追溯
1351,1,,0.0,0.0,透明,透明,透明,透明
1352,3,0.3133485928256854,-0.1552438546609545,0.6666666666666666,顺 顺势 通,通 顺势 顺,顺势 顺 通,顺 顺势 通
1353,1,,0.0,0.0,逢,逢,逢,逢
1354,3,0.5055480186583116,0.20345650191956352,0.0,配备 配置 配,配备 配 配置,配置 配备 配,配备 配置 配
1355,1,,0.0,0.0,铺路,铺路,铺路,铺路
1356,1,,0.0,0.0,锁,锁,锁,锁
1357,1,,0.0,0.0,长城,长城,长城,长城
1358,1,,0.0,0.0,问卷,问卷,问卷,问卷
1359,1,,0.0,0.0,闲,闲,闲,闲
1360,2,0.5582884264701342,0.2942814144844459,0.0,隔 间隔,间隔 隔,间隔 隔,隔 间隔
1361,2,0.8785785645119271,0.7937039464593056,0.0,阴性 阳性,阴性 阳性,阳性 阴性,阴性 阳性
1362,1,,0.0,0.0,阴,阴,阴,阴
1363,1,,0.0,0.0,阵,阵,阵,阵
1364,1,,0.0,0.0,阶梯,阶梯,阶梯,阶梯
1365,1,,0.0,0.0,随机,随机,随机,随机
1366,1,,0.0,0.0,零,零,零,零
1367,1,,0.0,0.0,青春期,青春期,青春期,青春期
1368,1,,0.0,0.0,顾,顾,顾,顾
1369,1,,0.0,0.0,饭碗,饭碗,饭碗,饭碗
1370,1,,0.0,0.0,饱和,饱和,饱和,饱和
1371,1,,0.0,0.0,首,首,首,首
1372,1,,0.0,0.0,高度,高度,高度,高度
1373,1,,0.0,0.0,高调,高调,高调,高调
1374,1,,0.0,0.0,鲜花,鲜花,鲜花,鲜花
1375,1,,0.0,0.0,黄金,黄金,黄金,黄金
1376,1,,0.0,0.0,黑白,黑白,黑白,黑白
