community,size,mean_pair_cosine,mean_cosine_silhouette,negative_silhouette_fraction,representatives,boundary_words,deterministic_sample,all_members,soft_mass,mean_max_membership,mean_normalized_membership_entropy,highest_membership_words,strongest_members_outside_hard_cluster
0,46,0.4196762784403127,0.07226131631244381,0.13043478260869565,别致 | 古朴 | 优美 | 质朴 | 精致 | 艳丽 | 迷人 | 纯朴 | 优雅 | 朴实 | 甜美 | 浓郁,地道 | 原汁原味 | 浓郁 | 欢快 | 鲜艳 | 洋溢 | 丰满 | 诱人,甜美 | 秀美 | 丰富多彩 | 新奇 | 古朴 | 优美 | 浓郁 | 优雅 | 地道 | 亮丽 | 富有 | 动感,别致 | 古朴 | 优美 | 质朴 | 精致 | 艳丽 | 迷人 | 纯朴 | 优雅 | 朴实 | 甜美 | 浓郁 | 细腻 | 高雅 | 新颖 | 精美 | 秀丽 | 清新 | 动听 | 鲜艳 | 奇特 | 华丽 | 欢快 | 浪漫 | 悦耳 | 可爱 | 活泼 | 秀美 | 新奇 | 朴素 | 缤纷 | 动感 | 风情 | 情调 | 亮丽 | 逼真 | 酣畅 | 富有 | 诱人 | 洋溢 | 原汁原味 | 丰富多彩 | 别具匠心 | 丰满 | 点缀 | 地道,46.07613975439444,0.9992337585837533,0.0007127970915097989,精美:1.000000 | 别致:1.000000 | 浓郁:1.000000 | 缤纷:1.000000 | 诱人:1.000000 | 清新:1.000000 | 动感:1.000000 | 秀美:1.000000 | 丰富多彩:1.000000 | 优美:1.000000 | 秀丽:1.000000 | 纯朴:1.000000,高贵:0.084794 | 引人入胜:0.015564
1,70,0.38870725277769963,0.0485741600192027,0.11428571428571428,踹 | 扔 | 拽 | 磕 | 叼 | 蹦 | 揍 | 摔 | 砸 | 捡 | 捅 | 扒,穿 | 干 | 喷 | 耍 | 刮 | 偷 | 攒 | 吸,蹦 | 弄 | 挑 | 碰 | 摸 | 啃 | 撑 | 蹭 | 耍 | 砸 | 蹲 | 挤,踹 | 扔 | 拽 | 磕 | 叼 | 蹦 | 揍 | 摔 | 砸 | 捡 | 捅 | 扒 | 舔 | 扯 | 掏 | 摸 | 抠 | 蹭 | 踢 | 敲 | 躺 | 瞅 | 揪 | 扛 | 耍 | 打 | 溜 | 揣 | 丢 | 抖 | 捞 | 弄 | 撕 | 搬 | 碰 | 趴 | 搁 | 砍 | 挑 | 挨 | 蹲 | 啃 | 挤 | 坐 | 跳 | 搀 | 撑 | 翻 | 刮 | 偷 | 跪 | 摆 | 吹 | 刷 | 背 | 搭 | 攒 | 凑 | 抓 | 拣 | 捂 | 跑 | 盯 | 喷 | 干 | 哄 | 穿 | 装 | 扮 | 吸,70.19331722328006,0.9982691097962091,0.0019177123911462242,撕:1.000000 | 摆:1.000000 | 踢:1.000000 | 搭:1.000000 | 抠:1.000000 | 攒:1.000000 | 舔:1.000000 | 扯:1.000000 | 捅:1.000000 | 干:1.000000 | 掏:1.000000 | 耍:1.000000,挂:0.110389 | 甩:0.073103 | 拔:0.019999 | 放:0.016902 | 咬:0.010522
2,52,0.35969308084350177,0.021358612990877997,0.3076923076923077,讹诈 | 阻挠 | 煽动 | 挑衅 | 诽谤 | 纵容 | 恐吓 | 迫害 | 欺骗 | 谋害 | 谴责 | 阴谋,闹事 | 决不 | 猖狂 | 制止 | 钻空子 | 辩护 | 捣乱 | 袖手旁观,辩护 | 插手 | 报复 | 勾结 | 拒绝 | 引诱 | 大肆 | 制止 | 打倒 | 推卸 | 抗拒 | 恐吓,讹诈 | 阻挠 | 煽动 | 挑衅 | 诽谤 | 纵容 | 恐吓 | 迫害 | 欺骗 | 谋害 | 谴责 | 阴谋 | 公然 | 勾结 | 侮辱 | 无理 | 捣乱 | 企图 | 报复 | 猖狂 | 殴打 | 怠工 | 竟敢 | 虐待 | 背叛 | 鼓动 | 揭露 | 闹事 | 揭发 | 强迫 | 乘人之危 | 引诱 | 制止 | 逼迫 | 惩罚 | 借口 | 反对 | 拒绝 | 无恶不作 | 大肆 | 抵制 | 抗拒 | 推卸 | 插手 | 打倒 | 辩护 | 钻空子 | 袖手旁观 | 不顾 | 决不 | 斩草除根 | 矛头,52.028332344124294,0.9989026678865156,0.0011047587344561955,大肆:1.000000 | 怠工:1.000000 | 揭发:1.000000 | 企图:1.000000 | 公然:1.000000 | 猖狂:1.000000 | 阴谋:1.000000 | 推卸:1.000000 | 强迫:1.000000 | 借口:1.000000 | 乘人之危:1.000000 | 谋害:1.000000,干涉:0.051174
3,73,0.24843941765323002,-0.005669214180152291,0.547945205479452,测算 | 依据 | 估算 | 推算 | 根据 | 推断 | 分析 | 判定 | 推测 | 确定 | 计算 | 预测,审定 | 简要 | 解析 | 施行 | 变更 | 举例 | 曝光 | 潜在,据此 | 潜在 | 一致 | 简要 | 举例 | 简称 | 原 | 涉及 | 判定 | 评估 | 归属 | 推算,测算 | 依据 | 估算 | 推算 | 根据 | 推断 | 分析 | 判定 | 推测 | 确定 | 计算 | 预测 | 判断 | 统计 | 参照 | 界定 | 评估 | 认定 | 定义 | 如下 | 依照 | 具体 | 显示 | 按照 | 相关 | 披露 | 明确 | 据此 | 公布 | 评定 | 假设 | 解析 | 有关 | 参考 | 基于 | 得出 | 证实 | 发布 | 说明 | 上述 | 实际 | 举例 | 简要 | 对比 | 修正 | 针对 | 相应 | 变更 | 关联 | 涉及 | 审定 | 变动 | 后续 | 及 | 简称 | 一致 | 包括 | 及其 | 经 | 名称 | 关于 | 以下 | 来源 | 官方 | 未经 | 参见 | 对象 | 潜在 | 原 | 个案 | 曝光 | 归属 | 施行,73.00635484537997,0.9955943379151796,0.003933948112163225,经:1.000000 | 针对:1.000000 | 确定:1.000000 | 变动:1.000000 | 如下:1.000000 | 具体:1.000000 | 推算:1.000000 | 参照:1.000000 | 证实:1.000000 | 审定:0.999999 | 判断:0.999999 | 得出:0.999999,由:0.063846 | 率:0.048645 | 公开:0.033894 | 对应:0.017447 | 其中:0.017311 | 区分:0.013200 | 评审:0.011180 | 争议:0.010108
4,35,0.33953540884891126,0.033022803995540174,0.2571428571428571,荡漾 | 弥漫 | 流淌 | 闪烁 | 绽放 | 波涛 | 耸立 | 照耀 | 笼罩 | 光芒 | 汹涌 | 盛开,浓重 | 歌声 | 回首 | 寂静 | 往日 | 连绵 | 布满 | 摇摆,无边 | 如一 | 汹涌 | 荡漾 | 簇拥 | 摇摆 | 扑面而来 | 盛开 | 流淌 | 弥漫 | 跳动 | 笼罩,荡漾 | 弥漫 | 流淌 | 闪烁 | 绽放 | 波涛 | 耸立 | 照耀 | 笼罩 | 光芒 | 汹涌 | 盛开 | 朦胧 | 寂静 | 沸腾 | 布满 | 连绵 | 扑面而来 | 屹立 | 望见 | 跳动 | 歌声 | 徐徐 | 簇拥 | 浮现 | 起伏 | 无边 | 散发 | 显出 | 浓重 | 回首 | 如一 | 点燃 | 摇摆 | 往日,34.99497430056236,0.9997263331634874,0.00035708173988920614,耸立:1.000000 | 布满:1.000000 | 连绵:1.000000 | 屹立:1.000000 | 荡漾:1.000000 | 徐徐:1.000000 | 沸腾:1.000000 | 回首:1.000000 | 朦胧:1.000000 | 点燃:1.000000 | 显出:1.000000 | 如一:0.999999,
5,27,0.2843667556980027,-0.009607889675001216,0.5185185185185185,跳跃 | 奔跑 | 穿越 | 飞翔 | 探险 | 观赏 | 捕捉 | 触摸 | 撞击 | 行走 | 拍摄 | 操控,冲浪 | 环绕 | 观看 | 集结 | 搜寻 | 隐身 | 观测 | 驾驭,集结 | 冲浪 | 触摸 | 漫游 | 撞击 | 投射 | 跨越 | 隐身 | 操控 | 驾驭 | 搜寻 | 观赏,跳跃 | 奔跑 | 穿越 | 飞翔 | 探险 | 观赏 | 捕捉 | 触摸 | 撞击 | 行走 | 拍摄 | 操控 | 投射 | 漫游 | 冲浪 | 体验 | 观测 | 驾驭 | 观看 | 搜寻 | 环绕 | 跨越 | 碰撞 | 进化 | 隐身 | 传递 | 集结,26.996305962936354,0.9998588266622382,0.00018880525499000833,飞翔:1.000000 | 奔跑:1.000000 | 穿越:1.000000 | 触摸:1.000000 | 拍摄:1.000000 | 操控:1.000000 | 跳跃:1.000000 | 体验:1.000000 | 捕捉:1.000000 | 集结:1.000000 | 驾驭:1.000000 | 碰撞:1.000000,
6,55,0.415488224125693,0.054141690839573965,0.2,薯片 | 饼干 | 饮料 | 果汁 | 薯条 | 零食 | 点心 | 卤味 | 巧克力 | 烤肉 | 水果 | 汽水,肥皂 | 彩电 | 洗衣粉 | 鞭炮 | 爆竹 | 小吃 | 沐浴露 | 牙膏,桑拿 | 葡萄酒 | 洗衣粉 | 蛋糕 | 盒饭 | 口香糖 | 肥皂 | 红茶 | 水果 | 餐 | 薯片 | 香水,薯片 | 饼干 | 饮料 | 果汁 | 薯条 | 零食 | 点心 | 卤味 | 巧克力 | 烤肉 | 水果 | 汽水 | 海鲜 | 咖啡 | 红酒 | 罐头 | 火锅 | 糖果 | 啤酒 | 月饼 | 小吃 | 快餐 | 寿司 | 中餐 | 冰棍儿 | 方便面 | 可乐 | 西餐 | 红茶 | 烧烤 | 早餐 | 盒饭 | 蛋糕 | 粽子 | 三明治 | 烤鸭 | 口香糖 | 酒水 | 矿泉水 | 喜糖 | 主食 | 葡萄酒 | 餐 | 沐浴露 | 牙膏 | 洗衣粉 | 料理 | 肥皂 | 香水 | 麻将 | 鞭炮 | 杯 | 桑拿 | 爆竹 | 彩电,54.953039379758295,0.9961900286957173,0.0031109859119664994,烧烤:1.000000 | 中餐:1.000000 | 快餐:1.000000 | 烤肉:1.000000 | 西餐:1.000000 | 酒水:1.000000 | 爆竹:1.000000 | 海鲜:1.000000 | 啤酒:1.000000 | 喜糖:1.000000 | 桑拿:1.000000 | 小吃:1.000000,酸奶:0.095943 | 西瓜:0.014884
7,51,0.31736116853296487,-0.0040425954339671265,0.5490196078431373,贴切 | 简洁 | 恰当 | 生动 | 精妙 | 清晰 | 工整 | 准确 | 详尽 | 流畅 | 严谨 | 透彻,单一 | 透明 | 自如 | 不同寻常 | 流畅 | 十分 | 生动 | 简洁,极其 | 简单 | 合乎 | 千变万化 | 精确 | 详尽 | 深奥 | 真实 | 透彻 | 自如 | 恰当 | 微妙,贴切 | 简洁 | 恰当 | 生动 | 精妙 | 清晰 | 工整 | 准确 | 详尽 | 流畅 | 严谨 | 透彻 | 恰如其分 | 简单 | 巧妙 | 有趣 | 鲜明 | 直观 | 精练 | 深奥 | 精确 | 耐人寻味 | 微妙 | 简短 | 复杂 | 真实 | 恰到好处 | 紧凑 | 相似 | 宽泛 | 细微 | 通俗 | 吻合 | 醒目 | 极其 | 千变万化 | 可信 | 合乎 | 通顺 | 不同寻常 | 一目了然 | 寻常 | 极为 | 分明 | 十分 | 画龙点睛 | 熟悉 | 相同 | 自如 | 透明 | 单一,50.933722152968016,0.9971344768633448,0.002921218377716094,清晰:1.000000 | 醒目:1.000000 | 精练:1.000000 | 细微:1.000000 | 巧妙:1.000000 | 简短:1.000000 | 深奥:1.000000 | 恰如其分:1.000000 | 精妙:1.000000 | 流畅:1.000000 | 恰到好处:1.000000 | 紧凑:1.000000,对称:0.043910 | 截然不同:0.017302
8,79,0.22168950802668344,-0.035172700781345746,0.8354430379746836,进而 | 从而 | 使得 | 势必 | 将 | 一方面 | 必将 | 对于 | 由此 | 逐步 | 并且 | 同时,确信 | 始终 | 首先 | 即 | 认为 | 并且 | 外界 | 重新,首先 | 在于 | 以 | 得以 | 为 | 始终 | 同等 | 一方面 | 使得 | 不利于 | 未来 | 使,进而 | 从而 | 使得 | 势必 | 将 | 一方面 | 必将 | 对于 | 由此 | 逐步 | 并且 | 同时 | 使 | 意味着 | 另一方面 | 逐渐 | 取决于 | 有望 | 不利于 | 致使 | 并 | 在于 | 反过来 | 最终 | 以及 | 能否 | 对 | 鉴于 | 其 | 得以 | 与此同时 | 表明 | 随着 | 不断 | 无法 | 未来 | 自身 | 源于 | 与其 | 后者 | 首先 | 大大 | 继续 | 长期 | 即 | 与 | 和 | 决定 | 出于 | 重新 | 间接 | 主要 | 尚未 | 今后 | 其中 | 双重 | 始终 | 以 | 从中 | 已 | 视为 | 来源于 | 为此 | 当下 | 认为 | 除 | 迟迟 | 得到 | 确信 | 外界 | 分别 | 首要 | 为 | 各自 | 所 | 于 | 持有 | 变为 | 同等,80.09580278070287,0.9957060165106598,0.004110847636177529,进而:1.000000 | 对:1.000000 | 使:1.000000 | 同时:1.000000 | 以:1.000000 | 重新:1.000000 | 能否:1.000000 | 得以:1.000000 | 逐步:0.999999 | 致使:0.999997 | 逐渐:0.999997 | 不利于:0.999996,当前:0.454372 | 彻底:0.191492 | 由于:0.124874 | 必须:0.096332 | 起到:0.058888 | 至此:0.046344 | 由:0.040590 | 及:0.038594
9,42,0.29684506134535243,-0.004600151092362054,0.47619047619047616,艰苦奋斗 | 团结 | 发扬 | 自强不息 | 弘扬 | 祖国 | 富强 | 社会主义 | 中华民族 | 公仆 | 自力更生 | 爱国,学子 | 辛勤 | 一心 | 同舟共济 | 艰苦奋斗 | 自强不息 | 精神 | 干事,民主 | 事业 | 模范 | 一心 | 人民 | 干事 | 革命 | 成才 | 自强不息 | 爱国 | 同舟共济 | 同胞,艰苦奋斗 | 团结 | 发扬 | 自强不息 | 弘扬 | 祖国 | 富强 | 社会主义 | 中华民族 | 公仆 | 自力更生 | 爱国 | 人民 | 榜样 | 民主 | 觉悟 | 楷模 | 革命 | 志气 | 同舟共济 | 成才 | 争光 | 和平 | 党 | 精神 | 模范 | 辛勤 | 改革开放 | 造福 | 事业 | 保卫 | 表率 | 哺育 | 扎根 | 致富 | 大家庭 | 干事 | 互助 | 同胞 | 解放 | 学子 | 一心,41.632246914617966,0.9911361756547766,0.005403872982922726,扎根:1.000000 | 造福:1.000000 | 争光:1.000000 | 学子:1.000000 | 保卫:1.000000 | 辛勤:1.000000 | 干事:1.000000 | 致富:0.999999 | 公仆:0.999999 | 大家庭:0.999999 | 弘扬:0.999999 | 哺育:0.999998,
10,59,0.28957873114198945,-0.03513584118791161,0.7966101694915254,拦 | 爬 | 拉 | 撞 | 踏 | 抱 | 甩 | 走 | 窜 | 牵 | 扶 | 追,甩 | 闭 | 抽 | 爬 | 仰 | 捧 | 抢 | 充,闪 | 倚 | 充 | 拐 | 歇 | 牵 | 爬 | 停 | 堵 | 聚 | 撞 | 望,拦 | 爬 | 拉 | 撞 | 踏 | 抱 | 甩 | 走 | 窜 | 牵 | 扶 | 追 | 冲 | 踩 | 仰 | 奔 | 赶 | 掀 | 挽 | 倚 | 绕 | 揽 | 推 | 挡 | 撬 | 堵 | 骑 | 抽 | 飘 | 抢 | 拐 | 探 | 闪 | 寻 | 歇 | 挪 | 抛 | 停 | 掉头 | 守 | 钻 | 迎 | 摇 | 开 | 捧 | 围 | 驾 | 锁 | 望 | 见 | 转 | 护 | 闭 | 朝 | 隔 | 裸 | 添 | 聚 | 充,59.112234389048126,0.997036023203623,0.0028264389619568416,捧:1.000000 | 揽:1.000000 | 寻:1.000000 | 迎:1.000000 | 踏:1.000000 | 护:1.000000 | 驾:1.000000 | 望:1.000000 | 掀:1.000000 | 添:1.000000 | 堵:0.999999 | 裸:0.999999,溅:0.042668 | 抬:0.030122 | 进:0.025511 | 淘:0.021355 | 刮:0.020492 | 伸:0.013349 | 拖:0.013061 | 跑:0.011647
11,37,0.3438350668059991,0.061886676247726015,0.1891891891891892,功底 | 功力 | 天分 | 天赋 | 基本功 | 技巧 | 才华 | 特长 | 专长 | 本领 | 技能 | 技艺,前辈 | 角色 | 入门 | 作风 | 座右铭 | 诀窍 | 胜任 | 演技,才华 | 功底 | 功夫 | 技艺 | 一技之长 | 素质 | 演技 | 诀窍 | 学问 | 功力 | 天分 | 爱好,功底 | 功力 | 天分 | 天赋 | 基本功 | 技巧 | 才华 | 特长 | 专长 | 本领 | 技能 | 技艺 | 素养 | 口才 | 手艺 | 学问 | 一技之长 | 爱好 | 长处 | 精通 | 演技 | 素质 | 底子 | 诀窍 | 功夫 | 擅长 | 强项 | 心得 | 资历 | 要领 | 入门 | 胜任 | 作风 | 行家 | 前辈 | 座右铭 | 角色,36.96178499142458,0.997358730828864,0.0021944675554702526,要领:1.000000 | 底子:1.000000 | 胜任:1.000000 | 功底:1.000000 | 学问:1.000000 | 技能:1.000000 | 天赋:1.000000 | 技巧:1.000000 | 功力:1.000000 | 入门:1.000000 | 才华:1.000000 | 天分:1.000000,人才:0.044134 | 经验:0.012659
12,79,0.341907188275281,0.00330486615717466,0.4810126582278481,旁边 | 后边 | 前边 | 扭头 | 坐下 | 跟前 | 后面 | 老远 | 一旁 | 走开 | 门口 | 前面,穿着 | 关上 | 楼上 | 哪里 | 哪儿 | 打招呼 | 会意 | 上楼,里面 | 指着 | 左顾右盼 | 只见 | 右边 | 边 | 打招呼 | 站住 | 动静 | 哪儿 | 前边 | 把,旁边 | 后边 | 前边 | 扭头 | 坐下 | 跟前 | 后面 | 老远 | 一旁 | 走开 | 门口 | 前面 | 挨着 | 楼下 | 左边 | 下边 | 对面 | 上边 | 招呼 | 右边 | 底下 | 里边 | 站住 | 一眼 | 停下 | 回头 | 瞧 | 楼上 | 指着 | 上楼 | 进去 | 伸手 | 上面 | 转身 | 后头 | 示意 | 只见 | 招手 | 车上 | 递给 | 进来 | 边 | 上去 | 前头 | 上头 | 关上 | 两边 | 下面 | 东张西望 | 过来 | 台上 | 左顾右盼 | 里面 | 低头 | 打量 | 顺着 | 大模大样 | 连滚带爬 | 留神 | 拐弯 | 中间 | 抬头 | 敲门 | 打招呼 | 往 | 放下 | 哪儿 | 灵机一动 | 会意 | 推开 | 背着 | 举手 | 开口 | 着 | 张扬 | 把 | 哪里 | 穿着 | 动静,79.28572475773001,0.9958353785842219,0.003299473822565958,下边:1.000000 | 前边:1.000000 | 穿着:1.000000 | 后边:1.000000 | 楼上:1.000000 | 示意:1.000000 | 上边:1.000000 | 楼下:1.000000 | 门口:1.000000 | 前面:1.000000 | 递给:1.000000 | 左边:1.000000,发愣:0.260213 | 出去:0.164825 | 隔壁:0.056192 | 原地:0.045670 | 来回:0.012177
13,79,0.3462748169838862,0.01957432141061681,0.35443037974683544,不要 | 你 | 怕 | 别 | 何必 | 免得 | 用不着 | 干吗 | 你们 | 想 | 不用 | 咱,真心 | 敢情 | 你 | 大伙儿 | 俗话说 | 自己 | 到头来 | 人家,大伙儿 | 真心 | 谁 | 没事儿 | 怕 | 他们 | 老是 | 只管 | 不许 | 经常 | 有的 | 有时候,不要 | 你 | 怕 | 别 | 何必 | 免得 | 用不着 | 干吗 | 你们 | 想 | 不用 | 咱 | 何苦 | 人家 | 懒得 | 生怕 | 没事儿 | 巴不得 | 成天 | 老是 | 宁愿 | 只管 | 要 | 别人 | 从来不 | 没 | 用得着 | 整天 | 不许 | 忍心 | 没法儿 | 咱们 | 敢 | 随便 | 动不动 | 宁可 | 有人 | 谁 | 一天到晚 | 休想 | 不必 | 索性 | 好好 | 干脆 | 他们 | 就要 | 只好 | 从不 | 拜托 | 存心 | 假装 | 再 | 有时候 | 只顾 | 先 | 不 | 不至于 | 去 | 趁早 | 大伙儿 | 指望 | 不准 | 自己 | 别的 | 故意 | 真心 | 经常 | 免不了 | 敢情 | 帮 | 到头来 | 当心 | 让 | 有的 | 暗地里 | 们 | 为了 | 来 | 俗话说,79.55234335115054,0.9951554375903388,0.003886001261664652,咱:1.000000 | 整天:1.000000 | 别人:1.000000 | 成天:1.000000 | 动不动:1.000000 | 一天到晚:1.000000 | 再:1.000000 | 先:1.000000 | 咱们:1.000000 | 别:1.000000 | 好好:1.000000 | 想:1.000000,当:0.293646 | 于是:0.112163 | 不如:0.099996 | 没有:0.098800 | 常常:0.084563 | 总是:0.077288 | 什么:0.029814 | 都会:0.019466
14,63,0.25801070385056574,-0.011465206047294434,0.6507936507936508,特性 | 特征 | 特点 | 规律 | 差异 | 方法 | 区别 | 差别 | 原理 | 属性 | 形态 | 优点,基因 | 常识 | 个人 | 题材 | 设想 | 先天 | 分量 | 内在,无关 | 分量 | 区分 | 共性 | 原型 | 用法 | 过程 | 个人 | 误区 | 先天 | 程度 | 方法,特性 | 特征 | 特点 | 规律 | 差异 | 方法 | 区别 | 差别 | 原理 | 属性 | 形态 | 优点 | 角度 | 共性 | 轨迹 | 结构 | 成分 | 缺点 | 脉络 | 功能 | 变化 | 区分 | 形式 | 长短 | 尺度 | 方式 | 顺序 | 因人而异 | 效果 | 产物 | 细节 | 好坏 | 有所不同 | 误区 | 场景 | 元素 | 内在 | 高低 | 层次 | 视角 | 局限 | 程度 | 过程 | 息息相关 | 方方面面 | 性 | 密不可分 | 背景 | 误差 | 选项 | 无关 | 曲线 | 分量 | 常识 | 题材 | 基因 | 标志 | 先天 | 分支 | 原型 | 设想 | 用法 | 个人,63.099424874998306,0.9976305591554846,0.0027934593544482597,轨迹:1.000000 | 特性:1.000000 | 优点:1.000000 | 有所不同:1.000000 | 特征:0.999999 | 原型:0.999999 | 顺序:0.999999 | 规律:0.999999 | 形式:0.999998 | 分量:0.999998 | 区别:0.999998 | 效果:0.999997,性质:0.028745 | 等级:0.026521 | 与否:0.023618 | 缩影:0.023266 | 要素:0.018844 | 现状:0.018656 | 弊端:0.013381 | 起源:0.010171
15,44,0.2671480745851989,-0.03207325890199519,0.7727272727272727,黑暗 | 幻觉 | 苦难 | 伤痕 | 宇宙 | 灾难 | 阴影 | 旋涡 | 灵魂 | 浩劫 | 火焰 | 悲剧,灾难 | 瞬间 | 苦难 | 记忆 | 概念 | 裂缝 | 乌云 | 金字塔,幻影 | 概念 | 脚印 | 现实 | 世界 | 影子 | 乌云 | 生命 | 灵魂 | 痕迹 | 幻觉 | 错觉,黑暗 | 幻觉 | 苦难 | 伤痕 | 宇宙 | 灾难 | 阴影 | 旋涡 | 灵魂 | 浩劫 | 火焰 | 悲剧 | 错觉 | 生命 | 神话 | 地狱 | 影子 | 裂痕 | 幻影 | 痕迹 | 末日 | 人类 | 裂缝 | 时空 | 记忆 | 现实 | 乌云 | 地球 | 脚印 | 荆棘 | 自然界 | 世界 | 陷阱 | 光环 | 火花 | 瞬间 | 历史 | 无形 | 时代 | 金字塔 | 概念 | 何处 | 底层 | 中,44.028142513262296,0.9980796265156328,0.0019377263175714143,伤痕:1.000000 | 痕迹:1.000000 | 脚印:1.000000 | 火花:1.000000 | 幻觉:1.000000 | 末日:1.000000 | 影子:1.000000 | 裂缝:1.000000 | 裂痕:1.000000 | 火焰:1.000000 | 底层:1.000000 | 宇宙:1.000000,海底:0.074259 | 当下:0.011186 | 种:0.010290
16,43,0.32022081599911,-0.015792375334837985,0.6046511627906976,实话 | 说 | 赐教 | 夸奖 | 问 | 不敢当 | 回答 | 有口无心 | 久仰 | 实话实说 | 听 | 请教,眼里 | 感触 | 深思 | 同感 | 老朋友 | 名字 | 表白 | 夸奖,不敢当 | 指点 | 头头是道 | 出口成章 | 认识 | 听 | 认得 | 冒昧 | 引经据典 | 实话实说 | 问 | 开场白,实话 | 说 | 赐教 | 夸奖 | 问 | 不敢当 | 回答 | 有口无心 | 久仰 | 实话实说 | 听 | 请教 | 心里话 | 脱口而出 | 一句话 | 请坐 | 指教 | 感触 | 过奖 | 句 | 同感 | 认得 | 冒昧 | 没说的 | 指点 | 告诉 | 感想 | 开场白 | 大意 | 诸位 | 表白 | 引经据典 | 出口成章 | 头头是道 | 琢磨 | 认识 | 见识 | 深思 | 老朋友 | 留心 | 名字 | 一番 | 眼里,42.892471504175816,0.996845517008514,0.0022923301511028277,赐教:1.000000 | 请教:1.000000 | 过奖:1.000000 | 久仰:1.000000 | 指教:1.000000 | 听:1.000000 | 琢磨:1.000000 | 夸奖:1.000000 | 同感:1.000000 | 深思:1.000000 | 心里话:1.000000 | 感想:1.000000,滔滔不绝:0.011252
17,49,0.38934709628384134,0.0453171210638333,0.1836734693877551,失眠 | 腹泻 | 呕吐 | 咳嗽 | 头晕 | 抑郁 | 发炎 | 感冒 | 抑郁症 | 疼痛 | 晕车 | 过敏,劳累 | 刷牙 | 输液 | 饥饿 | 患病 | 自杀 | 熬夜 | 骨折,睡眠 | 忌口 | 发炎 | 食欲 | 失明 | 戒烟 | 输液 | 酗酒 | 上瘾 | 患病 | 骨折 | 近视,失眠 | 腹泻 | 呕吐 | 咳嗽 | 头晕 | 抑郁 | 发炎 | 感冒 | 抑郁症 | 疼痛 | 晕车 | 过敏 | 出血 | 发作 | 生病 | 发烧 | 出汗 | 痴呆 | 昏迷 | 发热 | 患病 | 酗酒 | 打针 | 熬夜 | 忌口 | 休克 | 失明 | 食欲 | 劳累 | 疲劳 | 睡眠 | 不适 | 失恋 | 骨折 | 上瘾 | 刷牙 | 近视 | 安眠药 | 戒烟 | 怀孕 | 减肥 | 上火 | 口吃 | 饥饿 | 吸烟 | 催眠 | 青春期 | 输液 | 自杀,49.03342333171381,0.9980735151853489,0.0017947781330258435,生病:1.000000 | 减肥:1.000000 | 抑郁:1.000000 | 疲劳:1.000000 | 抑郁症:1.000000 | 熬夜:1.000000 | 失眠:1.000000 | 发烧:1.000000 | 失恋:1.000000 | 晕车:1.000000 | 睡眠:1.000000 | 饥饿:1.000000,复发:0.028720 | 手术:0.026786 | 吸毒:0.025756 | 麻醉:0.017375
18,44,0.4072654634852849,0.053008303052702294,0.22727272727272727,嘲笑 | 责备 | 讥笑 | 责怪 | 取笑 | 挖苦 | 埋怨 | 指责 | 嘲弄 | 质问 | 反驳 | 讽刺,说谎 | 恼羞成怒 | 撒谎 | 察觉 | 不服 | 反感 | 争吵 | 笑话,嘲弄 | 讽刺 | 察觉 | 抱怨 | 埋怨 | 质问 | 讥笑 | 取笑 | 指责 | 打断 | 争执 | 刁难,嘲笑 | 责备 | 讥笑 | 责怪 | 取笑 | 挖苦 | 埋怨 | 指责 | 嘲弄 | 质问 | 反驳 | 讽刺 | 轻蔑 | 批评 | 调侃 | 反问 | 抱怨 | 理睬 | 刁难 | 恭维 | 辩解 | 议论 | 反感 | 争吵 | 怀疑 | 误会 | 撒谎 | 附和 | 冒犯 | 言辞 | 理会 | 误解 | 追问 | 笑话 | 恼羞成怒 | 争执 | 谎话 | 不满 | 得罪 | 说谎 | 打断 | 察觉 | 旁观 | 不服,44.00248716079968,0.9995639855194148,0.0005346895988708012,察觉:1.000000 | 抱怨:1.000000 | 理睬:1.000000 | 争吵:1.000000 | 恼羞成怒:1.000000 | 责怪:1.000000 | 笑话:1.000000 | 议论:1.000000 | 责备:1.000000 | 误会:1.000000 | 轻蔑:1.000000 | 不服:1.000000,争论:0.015641
19,56,0.3477416450520054,0.031314428756385015,0.2857142857142857,忽然 | 猛然 | 突然 | 顿时 | 不由得 | 仿佛 | 时不时 | 不禁 | 禁不住 | 忍不住 | 渐渐 | 不由自主,一边 | 心里 | 全都 | 往常 | 眼前 | 恨不得 | 犹如 | 直到,不禁 | 一瞬间 | 此时 | 翻来覆去 | 这时候 | 每当 | 忍不住 | 往常 | 顿时 | 仿佛 | 犹如 | 断断续续,忽然 | 猛然 | 突然 | 顿时 | 不由得 | 仿佛 | 时不时 | 不禁 | 禁不住 | 忍不住 | 渐渐 | 不由自主 | 不时 | 偶尔 | 不一会儿 | 不免 | 一会儿 | 一下子 | 这时 | 好似 | 这时候 | 常常 | 不知不觉 | 便 | 时常 | 一瞬间 | 此刻 | 慢慢 | 下意识 | 隐约 | 时而 | 不经意 | 一刹那 | 竟 | 有时 | 然后 | 心里 | 恨不得 | 此时 | 稍稍 | 一边 | 犹如 | 孤零零 | 于是 | 再也 | 如同 | 赫然 | 翻来覆去 | 眼前 | 不曾 | 每当 | 断断续续 | 日复一日 | 全都 | 直到 | 往常,55.74325201707368,0.9938103162535944,0.004436232790082163,时而:1.000000 | 不由得:1.000000 | 仿佛:1.000000 | 突然:1.000000 | 此时:1.000000 | 此刻:1.000000 | 顿时:1.000000 | 不由自主:1.000000 | 不禁:1.000000 | 日复一日:1.000000 | 猛然:1.000000 | 不一会儿:1.000000,时:0.039561 | 经常:0.014630 | 从早到晚:0.011669
20,51,0.3843823939910879,0.03071581945952979,0.2549019607843137,没劲 | 好笑 | 丢人 | 没意思 | 别扭 | 害臊 | 难看 | 好玩儿 | 丢脸 | 好看 | 奇怪 | 无聊,粗心大意 | 扫兴 | 生气 | 粗心 | 可怜 | 舒服 | 冤枉 | 孤陋寡闻,费劲 | 过瘾 | 好笑 | 生气 | 糊涂 | 丢人 | 痛快 | 不怎么样 | 离谱儿 | 舒服 | 奇怪 | 起劲,没劲 | 好笑 | 丢人 | 没意思 | 别扭 | 害臊 | 难看 | 好玩儿 | 丢脸 | 好看 | 奇怪 | 无聊 | 舒服 | 费劲 | 吓人 | 难听 | 碍事 | 离谱儿 | 厉害 | 倒霉 | 恶心 | 痛快 | 扫兴 | 好听 | 生气 | 稀罕 | 不像话 | 过瘾 | 没用 | 稀奇 | 惨 | 有意思 | 要命 | 糊涂 | 冤枉 | 活该 | 可怜 | 起劲 | 不值 | 美滋滋 | 不怎么样 | 不对 | 岂有此理 | 一塌糊涂 | 孤陋寡闻 | 管用 | 没完没了 | 乱七八糟 | 粗心 | 马虎 | 粗心大意,51.04155379208946,0.999923936641146,0.00012066253932073354,难看:1.000000 | 过瘾:1.000000 | 好看:1.000000 | 好玩儿:1.000000 | 吓人:1.000000 | 不值:1.000000 | 恶心:1.000000 | 没劲:1.000000 | 惨:1.000000 | 丢人:1.000000 | 费劲:1.000000 | 粗心:1.000000,难为情:0.019762 | 不行:0.017256
21,48,0.35661909271479325,0.06313464133068103,0.125,赶忙 | 急忙 | 赶紧 | 连忙 | 慌忙 | 赶快 | 立刻 | 马上 | 偷偷 | 匆匆 | 悄悄 | 立即,准时 | 不料 | 照常 | 下次 | 小心翼翼 | 给 | 待会儿 | 挨家挨户,一连 | 随手 | 偷偷 | 小心翼翼 | 立刻 | 匆匆 | 趁 | 顾不得 | 连夜 | 待会儿 | 照常 | 顺便,赶忙 | 急忙 | 赶紧 | 连忙 | 慌忙 | 赶快 | 立刻 | 马上 | 偷偷 | 匆匆 | 悄悄 | 立即 | 顺手 | 匆忙 | 火速 | 连夜 | 当即 | 顾不得 | 快点儿 | 来不及 | 顾不上 | 特意 | 待会儿 | 顺便 | 特地 | 来得及 | 迫不及待 | 接着 | 趁着 | 小心翼翼 | 改日 | 照例 | 随手 | 小心 | 趁 | 仔细 | 直奔 | 当场 | 准备 | 挨家挨户 | 不料 | 一连 | 准时 | 给 | 下次 | 照常 | 一一 | 轮流,47.967655295115364,0.999003427452903,0.0011158818429325217,急忙:1.000000 | 火速:1.000000 | 轮流:1.000000 | 慌忙:1.000000 | 匆忙:1.000000 | 准时:1.000000 | 特意:1.000000 | 顺手:1.000000 | 赶忙:1.000000 | 趁着:1.000000 | 特地:1.000000 | 趁:1.000000,
22,61,0.36521674888602124,0.08321064823047986,0.18032786885245902,体操 | 乒乓球 | 篮球 | 田径 | 网球 | 羽毛球 | 举重 | 排球 | 滑冰 | 游泳 | 摔跤 | 棒球,战斗 | 唱歌 | 作战 | 化妆 | 野营 | 跳舞 | 得分 | 体力,队 | 联赛 | 划船 | 帆船 | 得分 | 排球 | 篮球 | 外援 | 羽毛球 | 赛 | 网球 | 赛跑,体操 | 乒乓球 | 篮球 | 田径 | 网球 | 羽毛球 | 举重 | 排球 | 滑冰 | 游泳 | 摔跤 | 棒球 | 跳远 | 打球 | 台球 | 运动员 | 滑雪 | 跳高 | 武术 | 教练 | 射击 | 登山 | 单打 | 长跑 | 选手 | 跳伞 | 高尔夫球 | 竞技 | 双打 | 跑步 | 帆船 | 划船 | 训练 | 爬山 | 健身 | 体能 | 联赛 | 球员 | 太极拳 | 赛车 | 跳舞 | 啦啦队 | 球队 | 运动 | 龙舟 | 唱歌 | 队员 | 赛 | 比试 | 赛跑 | 上场 | 体力 | 野营 | 队 | 半场 | 航海 | 作战 | 战斗 | 外援 | 得分 | 化妆,60.95180906743696,0.9984290215412059,0.0014628799322580813,跳远:1.000000 | 爬山:1.000000 | 划船:1.000000 | 体能:1.000000 | 摔跤:1.000000 | 跑步:1.000000 | 运动:1.000000 | 滑雪:1.000000 | 打球:1.000000 | 跳高:1.000000 | 跳伞:1.000000 | 滑冰:1.000000,足球:0.019163
23,50,0.3947923332529432,0.07494504531569013,0.1,下班 | 回家 | 上班 | 睡觉 | 晚饭 | 放学 | 吃饭 | 午饭 | 早饭 | 出门 | 起床 | 上课,打牌 | 过年 | 开学 | 暑假 | 抽烟 | 寒假 | 趟 | 排队,堵车 | 出门 | 排队 | 趟 | 抽烟 | 出差 | 早饭 | 放假 | 修车 | 做饭 | 外出 | 夜班,下班 | 回家 | 上班 | 睡觉 | 晚饭 | 放学 | 吃饭 | 午饭 | 早饭 | 出门 | 起床 | 上课 | 下楼 | 午睡 | 加班 | 开车 | 骑车 | 洗澡 | 半夜 | 放假 | 开夜车 | 请假 | 夜班 | 休息 | 下课 | 做饭 | 出差 | 在家 | 堵车 | 下车 | 通宵 | 旷课 | 开会 | 寒假 | 打牌 | 过年 | 上车 | 抽烟 | 晚点 | 外出 | 迟到 | 暑假 | 顺路 | 开学 | 值班 | 搬家 | 修车 | 礼拜 | 趟 | 排队,50.03434959900825,0.9996723164784231,0.000447840903290864,寒假:1.000000 | 早饭:1.000000 | 下班:1.000000 | 开会:1.000000 | 晚饭:1.000000 | 迟到:1.000000 | 顺路:1.000000 | 开学:1.000000 | 午饭:1.000000 | 休息:1.000000 | 暑假:1.000000 | 旷课:1.000000,上楼:0.030318 | 休假:0.011896
24,42,0.35427247892548647,0.0013945627657067183,0.4523809523809524,聪明 | 老实 | 听话 | 懂事 | 勤快 | 能干 | 乖 | 人缘儿 | 倔 | 出息 | 小气 | 脾气,老大 | 拿手 | 敬业 | 小气 | 人品 | 耿直 | 看得起 | 高明,丑 | 耿直 | 勤快 | 出息 | 倔 | 一毛不拔 | 了不起 | 帅 | 见外 | 人缘儿 | 老实 | 内行,聪明 | 老实 | 听话 | 懂事 | 勤快 | 能干 | 乖 | 人缘儿 | 倔 | 出息 | 小气 | 脾气 | 耿直 | 娇气 | 心眼儿 | 机灵 | 笨 | 厚道 | 有两下子 | 胆子 | 精明 | 好学 | 丑 | 个头儿 | 懂 | 个儿 | 利索 | 争气 | 了不起 | 帅 | 看得起 | 内行 | 人品 | 高明 | 外行 | 敬业 | 见外 | 一毛不拔 | 老 | 老大 | 出头 | 拿手,41.958262024852594,0.9987232182621057,0.0011736325250765024,小气:1.000000 | 帅:1.000000 | 看得起:1.000000 | 倔:1.000000 | 个头儿:1.000000 | 乖:1.000000 | 精明:1.000000 | 争气:1.000000 | 懂:1.000000 | 娇气:1.000000 | 脾气:1.000000 | 聪明:1.000000,
25,44,0.3348964970042292,0.02743757867109684,0.29545454545454547,住院 | 抚养 | 照料 | 赡养 | 收养 | 救治 | 疗养 | 看病 | 休养 | 养老院 | 领养 | 治病,住宿 | 休假 | 亲属 | 配偶 | 接济 | 遗体 | 门诊 | 接送,配偶 | 家属 | 监护 | 生育 | 体检 | 义工 | 食宿 | 亲属 | 子女 | 疗养 | 养老院 | 独身,住院 | 抚养 | 照料 | 赡养 | 收养 | 救治 | 疗养 | 看病 | 休养 | 养老院 | 领养 | 治病 | 出院 | 子女 | 照顾 | 求医 | 就诊 | 救助 | 就医 | 看护 | 孤儿 | 家属 | 抚恤 | 探亲 | 生育 | 亲属 | 监护 | 休假 | 接送 | 居住 | 门诊 | 独身 | 食宿 | 住宿 | 献血 | 定居 | 自理 | 体检 | 义工 | 遗体 | 流浪 | 接济 | 配偶 | 单身,43.99607883467153,0.9986895952233109,0.0013168372558894168,疗养:1.000000 | 居住:1.000000 | 休养:1.000000 | 照料:1.000000 | 就诊:1.000000 | 领养:1.000000 | 生育:1.000000 | 看护:1.000000 | 监护:1.000000 | 治病:1.000000 | 就医:1.000000 | 求医:1.000000,移民:0.017240 | 急诊:0.015440 | 公民:0.010636
26,68,0.2822794599824275,0.00891945035060517,0.36764705882352944,拓展 | 构建 | 打造 | 推动 | 整合 | 开拓 | 培育 | 深化 | 探索 | 搭建 | 拓宽 | 引领,深化 | 着眼于 | 能耗 | 建立 | 提高 | 激发 | 专注 | 侧重,改造 | 瞄准 | 开拓 | 激发 | 致力于 | 配置 | 孵化 | 提高 | 普及 | 建设 | 互补 | 拓展,拓展 | 构建 | 打造 | 推动 | 整合 | 开拓 | 培育 | 深化 | 探索 | 搭建 | 拓宽 | 引领 | 提升 | 布局 | 建设 | 融合 | 创新 | 打通 | 引入 | 开发 | 带动 | 推广 | 挖掘 | 依托 | 延伸 | 建立 | 研发 | 致力于 | 着眼于 | 连接 | 驱动 | 引进 | 拉动 | 升级 | 结合 | 覆盖 | 涵盖 | 新型 | 瞄准 | 激活 | 定位 | 提高 | 配套 | 具备 | 孵化 | 激发 | 互补 | 面向 | 规划 | 围绕 | 改造 | 吸纳 | 具有 | 普及 | 匹配 | 示范 | 侧重 | 接轨 | 运作 | 配置 | 专注 | 纳入 | 现有 | 一体 | 制造 | 转向 | 多方面 | 能耗,67.949707622626,0.9956312744798105,0.0036093924854251184,探索:1.000000 | 挖掘:1.000000 | 拓宽:1.000000 | 搭建:1.000000 | 瞄准:1.000000 | 侧重:1.000000 | 延伸:1.000000 | 打造:1.000000 | 整合:1.000000 | 带动:0.999999 | 引领:0.999999 | 拓展:0.999999,适用:0.053326 | 扩大:0.035141 | 符合:0.023998 | 扩展:0.019934 | 起到:0.017358 | 生产:0.014387
27,53,0.3490904675727807,0.0072377001144029365,0.4339622641509434,善良 | 诚实 | 正直 | 仁慈 | 忠贞 | 大公无私 | 宽容 | 无私 | 忠诚 | 自尊 | 孝顺 | 高尚,体面 | 富裕 | 自由 | 忠心 | 和睦 | 尊重 | 爱护 | 顺从,大公无私 | 宽容 | 为人 | 侠义 | 和睦 | 平等 | 廉洁 | 良心 | 正义 | 勇敢 | 忠于 | 公道,善良 | 诚实 | 正直 | 仁慈 | 忠贞 | 大公无私 | 宽容 | 无私 | 忠诚 | 自尊 | 孝顺 | 高尚 | 光明磊落 | 正义 | 节俭 | 勇敢 | 公道 | 美德 | 骨气 | 勤劳 | 纯洁 | 尊严 | 忠心 | 崇高 | 廉洁 | 忠于 | 善意 | 尊重 | 和睦 | 为人 | 诚信 | 崇尚 | 爱惜 | 本分 | 侠义 | 良心 | 包容 | 顺从 | 爱护 | 坚强 | 平等 | 廉正 | 人道 | 名利 | 体面 | 善 | 人情 | 独立自主 | 友好 | 自立 | 自由 | 远见 | 富裕,52.99027581687475,0.999197555196978,0.000799490961068472,爱惜:1.000000 | 节俭:1.000000 | 廉洁:1.000000 | 仁慈:1.000000 | 善意:1.000000 | 善良:1.000000 | 廉正:1.000000 | 体面:1.000000 | 人情:1.000000 | 勤劳:1.000000 | 纯洁:1.000000 | 公道:1.000000,
28,37,0.30156661182219785,-0.02413095010617282,0.6756756756756757,愿望 | 缘分 | 命运 | 心愿 | 梦想 | 结局 | 人生 | 归宿 | 情怀 | 境界 | 念头 | 磨难,滋味 | 情谊 | 觉醒 | 勇气 | 烦恼 | 顺其自然 | 情怀 | 解脱,人生 | 情怀 | 情结 | 奢望 | 代价 | 恩怨 | 命运 | 愿望 | 顺其自然 | 磨难 | 诺言 | 平常心,愿望 | 缘分 | 命运 | 心愿 | 梦想 | 结局 | 人生 | 归宿 | 情怀 | 境界 | 念头 | 磨难 | 厄运 | 旅程 | 滋味 | 心声 | 烦恼 | 情谊 | 情结 | 勇气 | 日子 | 生死 | 恩怨 | 诺言 | 奢望 | 平常心 | 梦 | 兆头 | 时刻 | 降临 | 关头 | 顺其自然 | 得失 | 解脱 | 各奔前程 | 觉醒 | 代价,36.98440699280728,0.9995220143430092,0.0006232840024521565,滋味:1.000000 | 兆头:1.000000 | 归宿:1.000000 | 关头:1.000000 | 结局:1.000000 | 旅程:1.000000 | 情结:1.000000 | 缘分:0.999999 | 心声:0.999999 | 奢望:0.999998 | 诺言:0.999997 | 日子:0.999996,
29,48,0.26402731136882446,-0.036624879133103076,0.8333333333333334,捎 | 放 | 留 | 送 | 寄 | 取 | 挂 | 抄 | 递 | 换 | 填 | 摘,捐 | 挖 | 花 | 挂 | 扫 | 栽 | 放 | 贴,拨 | 发 | 选 | 换 | 剩 | 送 | 挖 | 借 | 改 | 排 | 寄 | 出,捎 | 放 | 留 | 送 | 寄 | 取 | 挂 | 抄 | 递 | 换 | 填 | 摘 | 接 | 贴 | 捐 | 栽 | 订 | 拾 | 催 | 加 | 拨 | 认 | 带 | 剩 | 发 | 选 | 进 | 提 | 扫 | 借 | 修 | 托 | 划 | 花 | 办 | 改 | 赐 | 挖 | 揭 | 引 | 积 | 排 | 满 | 待 | 凭 | 出 | 蒙 | 成,47.908356032525056,0.9952979720103076,0.0038751070309506613,送:1.000000 | 寄:1.000000 | 借:1.000000 | 办:1.000000 | 赐:1.000000 | 捐:1.000000 | 选:1.000000 | 栽:1.000000 | 订:1.000000 | 取:1.000000 | 捎:1.000000 | 引:1.000000,入:0.028223 | 盖:0.027034 | 开:0.017715 | 收:0.010155
30,85,0.29620636230342445,-0.037876395802166396,0.7647058823529411,树叶 | 叶子 | 虫子 | 柳树 | 松树 | 桃树 | 茎 | 柏树 | 棵 | 槐树 | 草 | 竹子,锅 | 开水 | 瓜 | 骨头 | 凉水 | 瓶子 | 汗 | 冷水,口 | 柏树 | 罐 | 皮 | 母鸡 | 血 | 根 | 颗 | 冷水 | 桃树 | 株 | 柳树,树叶 | 叶子 | 虫子 | 柳树 | 松树 | 桃树 | 茎 | 柏树 | 棵 | 槐树 | 草 | 竹子 | 芽 | 蛇 | 泥土 | 枝 | 粪 | 勺 | 花瓣 | 泥 | 蜡 | 杨树 | 公鸡 | 药水 | 母鸡 | 盆 | 瓶子 | 骨头 | 青蛙 | 根 | 株 | 树 | 蚊子 | 禾苗 | 锈 | 筋 | 鸽子 | 凉水 | 水 | 稻草 | 灰 | 卵 | 开水 | 烟 | 麻 | 鼠 | 瓜 | 庄稼 | 雪 | 霜 | 苍蝇 | 尿 | 肠 | 橘子 | 壶 | 缕 | 冷水 | 牙 | 粒 | 果实 | 盏 | 针 | 锅 | 毒 | 芦花 | 罐 | 缸 | 炭 | 血 | 皮 | 丝 | 毛 | 冰 | 残 | 胶水 | 斤 | 丸 | 巫婆 | 口 | 样 | 颗 | 胎 | 顿 | 汗 | 红眼,85.05823030417979,0.9961881073581257,0.003376585555148796,凉水:1.000000 | 叶子:1.000000 | 粪:1.000000 | 柏树:1.000000 | 蚊子:1.000000 | 果实:1.000000 | 棵:1.000000 | 茎:1.000000 | 虫子:1.000000 | 斤:1.000000 | 株:1.000000 | 缕:1.000000,鸟:0.064002 | 焦:0.050685 | 龟:0.035296 | 炉子:0.028201 | 熊:0.024631 | 大雁:0.024003 | 束:0.018279 | 毫升:0.013315
31,44,0.2843077477950839,-0.013115002710480146,0.5909090909090909,猜测 | 疑问 | 猜想 | 疑虑 | 忧虑 | 传言 | 担忧 | 传闻 | 困惑 | 谜团 | 隐情 | 质疑,情绪 | 困惑 | 分手 | 质疑 | 境遇 | 忧虑 | 处境 | 例子,质疑 | 疑问 | 分手 | 传闻 | 负面 | 隐情 | 风波 | 先例 | 心病 | 例子 | 巧合 | 疑虑,猜测 | 疑问 | 猜想 | 疑虑 | 忧虑 | 传言 | 担忧 | 传闻 | 困惑 | 谜团 | 隐情 | 质疑 | 预感 | 预兆 | 预言 | 消息 | 预料 | 真相 | 风波 | 巧合 | 意料之外 | 玄机 | 心病 | 境遇 | 暗示 | 争议 | 意外 | 话题 | 事件 | 境地 | 情绪 | 处境 | 先例 | 断定 | 交集 | 负面 | 罪魁祸首 | 反应 | 不得而知 | 例子 | 焦点 | 水落石出 | 特例 | 分手,43.97961423269661,0.9982019841133966,0.0018751596036035317,担忧:1.000000 | 困惑:1.000000 | 心病:1.000000 | 疑虑:1.000000 | 忧虑:1.000000 | 情绪:1.000000 | 巧合:1.000000 | 意外:1.000000 | 风波:1.000000 | 玄机:1.000000 | 消息:1.000000 | 隐情:1.000000,恐慌:0.028687 | 关系:0.016108 | 可想而知:0.010706
32,31,0.26999855664655176,0.005908991434895238,0.5806451612903226,耗费 | 报废 | 浪费 | 节省 | 损坏 | 花费 | 维修 | 修理 | 丢失 | 节约 | 更换 | 过期,过关 | 开销 | 按时 | 损坏 | 备用 | 人手 | 延误 | 过期,达标 | 花费 | 一次性 | 损坏 | 回收 | 完毕 | 工作量 | 更换 | 过期 | 多余 | 开销 | 修理,耗费 | 报废 | 浪费 | 节省 | 损坏 | 花费 | 维修 | 修理 | 丢失 | 节约 | 更换 | 过期 | 保管 | 耗时 | 作废 | 废品 | 回收 | 工作量 | 延误 | 多余 | 保修 | 额外 | 开销 | 不翼而飞 | 按时 | 一次性 | 备用 | 完毕 | 人手 | 达标 | 过关,31.014108266246204,0.9998540750194069,0.0002287111946969,不翼而飞:1.000000 | 丢失:1.000000 | 过期:1.000000 | 多余:1.000000 | 花费:1.000000 | 耗费:1.000000 | 一次性:1.000000 | 按时:1.000000 | 报废:1.000000 | 保管:1.000000 | 节省:1.000000 | 节约:1.000000,配送:0.017196
33,62,0.30254436988312644,0.011460433988777491,0.4032258064516129,如果 | 倘若 | 假如 | 譬如 | 而且 | 譬如说 | 因而 | 除非 | 比如说 | 因此 | 就是说 | 假使,起码 | 只能 | 不宜 | 多半 | 不再 | 基本上 | 是否 | 暂时,一旦 | 而 | 一般来说 | 皆 | 这样一来 | 尤其 | 换言之 | 只能 | 亦 | 也就是说 | 除了 | 甚至,如果 | 倘若 | 假如 | 譬如 | 而且 | 譬如说 | 因而 | 除非 | 比如说 | 因此 | 就是说 | 假使 | 比如 | 例如 | 尤其 | 甚至于 | 或是 | 也就是说 | 甚至 | 故 | 而 | 否则 | 若 | 换言之 | 以致 | 一般来说 | 或者 | 以至于 | 且 | 多半 | 通常 | 一旦 | 起码 | 至少 | 大多 | 基本上 | 如 | 这就是说 | 加上 | 大都 | 以免 | 亦 | 假定 | 大体上 | 除了 | 或 | 另外 | 前者 | 这样一来 | 只能 | 除此之外 | 此外 | 或多或少 | 皆 | 是否 | 等于 | 除去 | 大体 | 大致 | 不再 | 不宜 | 暂时,62.22610918671729,0.9951127119389489,0.004530720020024943,故:1.000000 | 大体:1.000000 | 若:1.000000 | 且:1.000000 | 除非:1.000000 | 以免:1.000000 | 大体上:1.000000 | 比如:1.000000 | 加上:1.000000 | 尤其:1.000000 | 例如:1.000000 | 以致:1.000000,其次:0.446109 | 但:0.035831
34,33,0.2978356481422876,-0.03933894957144639,0.7878787878787878,强硬 | 冷淡 | 谨慎 | 消极 | 理性 | 妥协 | 乐观 | 退让 | 克制 | 明智 | 迁就 | 严厉,安定 | 急迫 | 逞强 | 自负 | 公正 | 拘束 | 默契 | 过分,被动 | 乐观 | 强硬 | 公正 | 苛刻 | 克制 | 主观 | 安定 | 拘束 | 中庸 | 针锋相对 | 严厉,强硬 | 冷淡 | 谨慎 | 消极 | 理性 | 妥协 | 乐观 | 退让 | 克制 | 明智 | 迁就 | 严厉 | 苛刻 | 保守 | 客观 | 公正 | 让步 | 合情合理 | 中立 | 主观 | 过分 | 公平 | 中庸 | 拘束 | 自负 | 针锋相对 | 常理 | 急迫 | 被动 | 默契 | 逞强 | 内向 | 安定,33.02022555188759,0.9997623325895028,0.0003119130600379016,强硬:1.000000 | 严厉:1.000000 | 理性:1.000000 | 迁就:1.000000 | 自负:1.000000 | 冷淡:1.000000 | 乐观:1.000000 | 安定:1.000000 | 克制:1.000000 | 保守:1.000000 | 让步:1.000000 | 逞强:1.000000,过于:0.018760
35,36,0.35338710292631575,0.032042101273037096,0.2777777777777778,外边 | 外头 | 那儿 | 这儿 | 外面 | 那里 | 城里 | 那边 | 这边 | 到处 | 里头 | 乡下,一家人 | 白天 | 无数 | 隔壁 | 一大早 | 做梦 | 刮风 | 海边,刮风 | 成群结队 | 海边 | 这儿 | 一起 | 城里 | 做梦 | 那边 | 风餐露宿 | 遍地 | 一家人 | 一块儿,外边 | 外头 | 那儿 | 这儿 | 外面 | 那里 | 城里 | 那边 | 这边 | 到处 | 里头 | 乡下 | 这里 | 一块儿 | 海边 | 郊外 | 从早到晚 | 一年到头 | 一路上 | 里 | 隔壁 | 四处 | 路上 | 白天 | 路过 | 刮风 | 成群结队 | 家家户户 | 大街小巷 | 一大早 | 一起 | 一家人 | 风餐露宿 | 遍地 | 做梦 | 无数,35.93108600675123,0.9972677934162884,0.0024570620371763604,成群结队:1.000000 | 遍地:1.000000 | 家家户户:1.000000 | 一年到头:1.000000 | 刮风:1.000000 | 大街小巷:1.000000 | 到处:1.000000 | 路上:1.000000 | 那边:1.000000 | 城里:1.000000 | 这里:1.000000 | 外头:1.000000,里边:0.024068
36,47,0.34122712689892487,-0.020255632269324975,0.6808510638297872,父母 | 祖母 | 家人 | 亲戚 | 继父 | 祖父 | 长辈 | 女婿 | 继母 | 亲生 | 爱人 | 弟,她们 | 大人 | 大夫 | 寡妇 | 收留 | 小时候 | 爱人 | 弟,夫人 | 相依为命 | 岁数 | 亲戚 | 辈 | 朝夕相处 | 本人 | 祖母 | 她们 | 全家 | 父母 | 夫妻,父母 | 祖母 | 家人 | 亲戚 | 继父 | 祖父 | 长辈 | 女婿 | 继母 | 亲生 | 爱人 | 弟 | 老家 | 娶 | 辈 | 家境 | 亲友 | 年迈 | 大人 | 夫妇 | 寡妇 | 亲朋好友 | 小时候 | 嫁 | 全家 | 成家 | 从小 | 夫人 | 长大 | 相依为命 | 岁数 | 年纪 | 夫妻 | 生前 | 师长 | 上司 | 祖籍 | 她们 | 出生 | 住处 | 收留 | 大夫 | 本人 | 朝夕相处 | 姓 | 自称 | 受过,47.01100246738395,0.9969513509796822,0.002998177081638775,嫁:1.000000 | 娶:1.000000 | 祖父:1.000000 | 长大:1.000000 | 本人:1.000000 | 收留:1.000000 | 亲生:1.000000 | 相依为命:1.000000 | 亲友:1.000000 | 住处:1.000000 | 长辈:1.000000 | 年纪:1.000000,岳父:0.068787 | 终生:0.033341 | 伯父:0.026288
37,49,0.33301578914272106,-0.00538930508729056,0.5510204081632653,专制 | 罪恶 | 丑恶 | 腐朽 | 剥削 | 封建 | 帝国主义 | 腐化 | 堕落 | 侵略 | 统治 | 反抗,迷惑 | 自私自利 | 叛逆 | 野蛮 | 丑恶 | 残酷 | 污秽 | 损人利己,不正之风 | 种种 | 妄想 | 腐朽 | 统治 | 腐化 | 迷信 | 奴隶 | 帝国主义 | 谎言 | 迷惑 | 野蛮,专制 | 罪恶 | 丑恶 | 腐朽 | 剥削 | 封建 | 帝国主义 | 腐化 | 堕落 | 侵略 | 统治 | 反抗 | 仇恨 | 资本主义 | 自私自利 | 残酷 | 官僚 | 阶级 | 战争 | 贫穷 | 斗争 | 暴力 | 官僚主义 | 腐败 | 野蛮 | 损人利己 | 妄想 | 迷信 | 叛逆 | 毁灭 | 污秽 | 教条 | 奴隶 | 恐怖 | 抗争 | 种族 | 极端 | 贫富 | 谎言 | 冷战 | 政治 | 和平共处 | 种种 | 孤立 | 空想 | 金钱 | 泛滥 | 迷惑 | 不正之风,48.97008508868755,0.9980765169568918,0.001960737630514616,罪恶:1.000000 | 贫穷:1.000000 | 污秽:1.000000 | 腐化:1.000000 | 孤立:1.000000 | 专制:1.000000 | 谎言:1.000000 | 叛逆:1.000000 | 极端:1.000000 | 统治:1.000000 | 资本主义:1.000000 | 泛滥:1.000000,一切:0.031499
38,56,0.2598785447031009,-0.010210283225762546,0.5357142857142857,放置 | 制成 | 保存 | 添加 | 储存 | 含有 | 使用 | 存放 | 选用 | 填充 | 制作 | 摆放,揭示 | 摆放 | 陈列 | 旧 | 过滤 | 移植 | 传播 | 采集,标示 | 填充 | 改装 | 遗留 | 替换 | 隐藏 | 传播 | 生成 | 克隆 | 收集 | 携带 | 发明,放置 | 制成 | 保存 | 添加 | 储存 | 含有 | 使用 | 存放 | 选用 | 填充 | 制作 | 摆放 | 安装 | 去除 | 替换 | 收集 | 去掉 | 合成 | 采用 | 隐藏 | 提炼 | 保留 | 携带 | 过滤 | 生成 | 配备 | 取代 | 组装 | 采集 | 改装 | 带有 | 改良 | 复制 | 代替 | 挑选 | 借用 | 换成 | 陈列 | 埋藏 | 移植 | 容纳 | 衍生 | 标示 | 用于 | 还原 | 遗留 | 附带 | 放到 | 美化 | 发明 | 克隆 | 揭示 | 仿制 | 传播 | 透过 | 旧,56.05492857307399,0.998851631890438,0.001257382430036457,摆放:1.000000 | 挑选:1.000000 | 替换:1.000000 | 改装:1.000000 | 存放:1.000000 | 保存:1.000000 | 采集:1.000000 | 添加:1.000000 | 传播:1.000000 | 配备:1.000000 | 含有:1.000000 | 陈列:1.000000,发掘:0.041520 | 输入:0.035458 | 填补:0.020308
39,84,0.28665174034377794,0.044608491013243566,0.2619047619047619,主任 | 秘书长 | 处长 | 院长 | 部长 | 秘书 | 局长 | 委员 | 总经理 | 总裁 | 组长 | 会长,贺电 | 一行 | 座谈会 | 高等 | 倡议 | 贺信 | 建交 | 教育部,任 | 校长 | 高等 | 发起人 | 聘 | 座谈会 | 一把手 | 参谋 | 主管 | 资深 | 对外 | 带头人,主任 | 秘书长 | 处长 | 院长 | 部长 | 秘书 | 局长 | 委员 | 总经理 | 总裁 | 组长 | 会长 | 书记 | 总监 | 负责人 | 董事长 | 助理 | 校长 | 顾问 | 理事 | 所长 | 教授 | 司长 | 团长 | 主席 | 主管 | 首席 | 董事 | 经理 | 博士 | 厂长 | 领导 | 市长 | 委员会 | 发言人 | 工程师 | 院士 | 兼 | 导师 | 成员 | 主编 | 任 | 大使 | 资深 | 司令 | 专职 | 专家 | 创始人 | 参谋 | 研究所 | 董事会 | 律师 | 总部 | 员 | 带头人 | 办事处 | 副 | 协会 | 同志 | 一把手 | 人士 | 牵头 | 发起人 | 学士 | 高层 | 下属 | 贺信 | 聘 | 事务所 | 驻 | 教育部 | 助手 | 会计 | 骨干 | 座谈会 | 贺电 | 一行 | 所属 | 倡议 | 对外 | 建交 | 位 | 名 | 高等,83.28508652597252,0.9879640420366533,0.005978631963971286,主任:1.000000 | 处长:1.000000 | 带头人:1.000000 | 组长:1.000000 | 所长:1.000000 | 院长:1.000000 | 书记:1.000000 | 会长:1.000000 | 理事:1.000000 | 兼:1.000000 | 教授:1.000000 | 秘书长:1.000000,总理:0.081153 | 机构:0.028782 | 元首:0.027539 | 税务:0.024741 | 队长:0.013985
40,91,0.30920706417148314,0.0026609818846325237,0.4725274725274725,句子 | 文字 | 歌词 | 词汇 | 词语 | 题目 | 词 | 段落 | 字典 | 语法 | 生词 | 书,试题 | 表格 | 教材 | 作品 | 诗 | 真假 | 考题 | 占卜,括弧 | 汉字 | 题目 | 字体 | 名著 | 格式 | 剧本 | 繁体字 | 寓言 | 推理 | 文字 | 字迹,句子 | 文字 | 歌词 | 词汇 | 词语 | 题目 | 词 | 段落 | 字典 | 语法 | 生词 | 书 | 错别字 | 字体 | 谜语 | 汉字 | 剧本 | 小说 | 插图 | 图画 | 词典 | 音节 | 字幕 | 名著 | 成语 | 诗 | 素材 | 教材 | 繁体字 | 符号 | 书籍 | 文章 | 结尾 | 传记 | 字母 | 作品 | 简体字 | 故事 | 字 | 读音 | 语言 | 答案 | 笔记 | 寓言 | 题 | 篇幅 | 开头 | 考题 | 字迹 | 片段 | 试题 | 名言 | 字眼 | 教科书 | 剧情 | 俗语 | 公式 | 辞典 | 对白 | 画面 | 大纲 | 片子 | 篇 | 日记 | 记号 | 封面 | 情节 | 括弧 | 表格 | 括号 | 百科全书 | 命题 | 内容 | 格式 | 对联 | 回忆录 | 谜底 | 人物 | 外文 | 电子版 | 册 | 推理 | 序 | 文 | 页 | 全文 | 印刷术 | 反面 | 造纸术 | 占卜 | 真假,91.14137896957627,0.9963370305240852,0.002870646206425802,字迹:1.000000 | 错别字:1.000000 | 片段:1.000000 | 段落:1.000000 | 大纲:1.000000 | 表格:1.000000 | 字:1.000000 | 谜语:1.000000 | 符号:1.000000 | 成语:1.000000 | 册:1.000000 | 考题:1.000000,说明书:0.133561 | 主题歌:0.043591 | 中文:0.032389 | 画册:0.030049 | 杂志:0.025860 | 阿拉伯语:0.021411 | 论文:0.020293 | 句:0.016964
41,42,0.35420319873808215,0.013422234090121544,0.35714285714285715,傻 | 小偷儿 | 蠢 | 笨蛋 | 鬼 | 坏人 | 贼 | 疯子 | 家伙 | 流氓 | 骗子 | 逼,胡说 | 洞 | 蠢 | 惹 | 家伙 | 枪毙 | 逗 | 瞎,骗 | 家伙 | 贼 | 洞 | 枪毙 | 鬼 | 乱 | 错 | 逗 | 惹 | 假 | 黑心,傻 | 小偷儿 | 蠢 | 笨蛋 | 鬼 | 坏人 | 贼 | 疯子 | 家伙 | 流氓 | 骗子 | 逼 | 骗人 | 怪 | 傻瓜 | 小人 | 瞎 | 贱 | 恶 | 妖怪 | 逗 | 黑心 | 骗 | 坏 | 凶 | 祸害 | 胡说 | 黑 | 错 | 狠 | 忽悠 | 乱 | 邪 | 枪毙 | 假 | 好家伙 | 迷 | 惹 | 马后炮 | 坑 | 救命 | 洞,41.991186981984505,0.9995309082542541,0.0006072724889182126,恶:1.000000 | 流氓:1.000000 | 黑心:1.000000 | 乱:1.000000 | 错:1.000000 | 救命:1.000000 | 骗子:1.000000 | 小偷儿:1.000000 | 坏人:1.000000 | 笨蛋:1.000000 | 傻瓜:1.000000 | 家伙:1.000000,
42,44,0.417220270083275,0.08443681292665613,0.022727272727272728,煮 | 拌 | 蘸 | 煎 | 烤 | 蒸 | 炖 | 熬 | 烫 | 浇 | 淋 | 涮,酥 | 榨 | 粘 | 吃 | 尝 | 喝 | 饱 | 晒,糊 | 喝 | 煎 | 酥 | 摊 | 泼 | 炖 | 淋 | 烧 | 炒 | 熏 | 粘,煮 | 拌 | 蘸 | 煎 | 烤 | 蒸 | 炖 | 熬 | 烫 | 浇 | 淋 | 涮 | 糊 | 烧 | 熏 | 泡 | 嚼 | 裹 | 吃 | 喝 | 酥 | 搅 | 沾 | 洗 | 掺 | 煲 | 洒 | 冻 | 泼 | 抹 | 撒 | 炒 | 沏 | 喂 | 剥 | 粘 | 灌 | 饱 | 榨 | 敷 | 滴 | 晒 | 尝 | 摊,44.02165477494789,0.9993674194360277,0.0007825830865635784,吃:1.000000 | 喝:1.000000 | 烤:1.000000 | 煮:1.000000 | 蒸:1.000000 | 炖:1.000000 | 蘸:1.000000 | 煎:1.000000 | 沏:1.000000 | 拌:1.000000 | 榨:1.000000 | 涮:1.000000,湿:0.030030 | 涂:0.015242
43,82,0.28447107881858624,0.008370967363443841,0.35365853658536583,想法 | 态度 | 看法 | 动机 | 问题 | 原则 | 意图 | 立场 | 举动 | 行为 | 弊端 | 做法,对立 | 偏见 | 定论 | 冲突 | 隔阂 | 性质 | 场合 | 所作所为,后果 | 争端 | 举动 | 想法 | 规则 | 结论 | 条件 | 惯例 | 偏见 | 定论 | 关系 | 行动,想法 | 态度 | 看法 | 动机 | 问题 | 原则 | 意图 | 立场 | 举动 | 行为 | 弊端 | 做法 | 结论 | 事实 | 弊病 | 根源 | 用意 | 症结 | 目的 | 观点 | 顾虑 | 现象 | 说法 | 后果 | 出发点 | 措施 | 初衷 | 逻辑 | 言论 | 理由 | 原因 | 分歧 | 状况 | 本质 | 途径 | 矛盾 | 情形 | 情况 | 前提 | 步骤 | 手段 | 苗头 | 办法 | 本意 | 倾向 | 主张 | 议题 | 对策 | 偏见 | 手法 | 关系 | 界限 | 动向 | 所作所为 | 障碍 | 意愿 | 实质 | 策略 | 时机 | 余地 | 规则 | 准则 | 性质 | 教训 | 决策 | 争端 | 偏差 | 对立 | 隔阂 | 行动 | 条件 | 定论 | 冲突 | 界线 | 事态 | 惯例 | 机会 | 与否 | 底线 | 限度 | 是非 | 场合,81.99261370131597,0.9973935774742165,0.002743046943466846,本意:1.000000 | 后果:1.000000 | 举动:1.000000 | 限度:1.000000 | 意图:1.000000 | 立场:1.000000 | 原则:0.999999 | 症结:0.999999 | 手法:0.999999 | 理由:0.999999 | 说法:0.999999 | 结论:0.999999,个案:0.058652 | 政策:0.034612 | 边界:0.012150 | 尺度:0.011422
44,89,0.4289911895759159,0.07820104504806975,0.16853932584269662,豆腐 | 南瓜 | 红薯 | 茄子 | 辣椒 | 西红柿 | 白菜 | 黄瓜 | 米饭 | 酱 | 蜂蜜 | 柿子,酒 | 奶茶 | 酸奶 | 面包 | 土 | 佐料 | 鲜 | 豆浆,奶 | 酱 | 馒头 | 果酱 | 葱 | 馅儿 | 鲜 | 百合 | 蜜 | 肉 | 味精 | 汤,豆腐 | 南瓜 | 红薯 | 茄子 | 辣椒 | 西红柿 | 白菜 | 黄瓜 | 米饭 | 酱 | 蜂蜜 | 柿子 | 果酱 | 土豆 | 蒜 | 萝卜 | 橙汁 | 肉 | 饼 | 牛奶 | 醋 | 花生 | 菜 | 汁 | 香肠 | 香油 | 粥 | 香蕉 | 豆浆 | 葱 | 酸奶 | 蘑菇 | 鸡蛋 | 番茄 | 面条儿 | 饺子 | 核桃 | 汤圆 | 酱油 | 虾 | 西瓜 | 包子 | 馅儿 | 馒头 | 桂花 | 莲子 | 火腿 | 芝士 | 椰子 | 砂糖 | 调料 | 佐料 | 枣 | 梨 | 鸡 | 面包 | 糖 | 豆子 | 碗 | 葡萄 | 绿茶 | 茶 | 奶茶 | 蛋 | 味精 | 鸭子 | 奶 | 饭 | 芝麻 | 汤 | 香料 | 鱼 | 蜜 | 菊花 | 桃 | 鹅 | 瓜子 | 玫瑰 | 盐 | 鲜 | 羊 | 百合 | 酒 | 猪 | 粉 | 兔 | 油 | 珍珠 | 土,89.08010869333764,0.997903709010134,0.0018824233829370324,酒:1.000000 | 馅儿:1.000000 | 绿茶:1.000000 | 醋:1.000000 | 菜:1.000000 | 调料:1.000000 | 椰子:1.000000 | 茶:1.000000 | 辣椒:1.000000 | 饼:1.000000 | 包子:1.000000 | 鲜:1.000000,巧克力:0.081193 | 薯条:0.065493 | 橘子:0.040280 | 咖啡:0.020465 | 淀粉:0.013911
45,63,0.2850369762716587,0.017471810563639664,0.42857142857142855,举办 | 创办 | 开办 | 组建 | 设立 | 兴建 | 成立 | 举行 | 创立 | 开设 | 承办 | 筹办,通车 | 就职 | 出席 | 任职 | 获奖 | 聘任 | 洽谈 | 参展,参加 | 主办 | 兴建 | 担任 | 扩建 | 概况 | 开设 | 开辟 | 在内 | 举办 | 加盟 | 展出,举办 | 创办 | 开办 | 组建 | 设立 | 兴建 | 成立 | 举行 | 创立 | 开设 | 承办 | 筹办 | 主办 | 创建 | 聘请 | 召开 | 建成 | 担任 | 修建 | 筹备 | 兼任 | 建造 | 聘任 | 动工 | 颁发 | 落户 | 参加 | 开业 | 任职 | 入选 | 荣获 | 聘用 | 推选 | 扩建 | 出席 | 竣工 | 展出 | 授予 | 开辟 | 签约 | 申办 | 特邀 | 命名 | 表彰 | 就职 | 筹划 | 改名 | 组成 | 参展 | 列入 | 加盟 | 参与 | 洽谈 | 首创 | 获奖 | 搬迁 | 招募 | 列为 | 通车 | 在内 | 简介 | 附属 | 概况,63.040624578437956,0.998850262219045,0.0012121892046104042,兴建:1.000000 | 展出:1.000000 | 创办:1.000000 | 聘请:1.000000 | 建造:1.000000 | 修建:1.000000 | 开办:1.000000 | 建成:1.000000 | 落户:1.000000 | 开业:1.000000 | 开辟:1.000000 | 开设:1.000000,征集:0.038596 | 推出:0.037101
46,44,0.3189442121720502,0.017615200261668438,0.3181818181818182,魅力 | 韵味 | 底蕴 | 精髓 | 内涵 | 气息 | 风范 | 特质 | 风貌 | 风采 | 气魄 | 感染力,理想 | 色彩 | 韵味 | 兴趣 | 起源 | 共鸣 | 潮流 | 见解,气息 | 渊源 | 魄力 | 风格 | 韵味 | 奥秘 | 变迁 | 特质 | 印象 | 兴趣 | 本色 | 底蕴,魅力 | 韵味 | 底蕴 | 精髓 | 内涵 | 气息 | 风范 | 特质 | 风貌 | 风采 | 气魄 | 感染力 | 风格 | 气势 | 涵义 | 乐趣 | 色彩 | 魄力 | 写照 | 渊源 | 意义 | 感 | 典范 | 含义 | 风尚 | 积淀 | 见解 | 灵感 | 面貌 | 氛围 | 印象 | 奥秘 | 本色 | 寓意 | 共鸣 | 兴趣 | 观感 | 精华 | 潮流 | 无穷 | 变迁 | 结晶 | 起源 | 理想,43.732458509473695,0.9923777272293898,0.0034428395220112472,韵味:1.000000 | 魅力:1.000000 | 风范:1.000000 | 乐趣:1.000000 | 风貌:1.000000 | 涵义:1.000000 | 气魄:1.000000 | 感染力:1.000000 | 风采:1.000000 | 观感:1.000000 | 本色:1.000000 | 风尚:1.000000,萌芽:0.026890
47,71,0.2779168826116317,-0.018982772998363703,0.647887323943662,哲学 | 儒学 | 宗教 | 儒家 | 文学 | 伦理 | 学术 | 道德 | 佛教 | 国学 | 思想 | 基督教,办学 | 文学 | 青少年 | 商贾 | 意识 | 方言 | 乡村 | 知识,民族 | 学说 | 穆斯林 | 风气 | 法制 | 佛教 | 学科 | 文明 | 主义 | 学者 | 基督教 | 著作,哲学 | 儒学 | 宗教 | 儒家 | 文学 | 伦理 | 学术 | 道德 | 佛教 | 国学 | 思想 | 基督教 | 观念 | 人文 | 道教 | 文化 | 文人 | 学科 | 学说 | 知识分子 | 学者 | 价值观 | 近代 | 理论 | 伊斯兰教 | 科学 | 主义 | 启蒙 | 社会 | 知识 | 教育 | 民族 | 文明 | 派别 | 文艺界 | 市场经济 | 阶层 | 西方 | 法制 | 当代 | 著作 | 实践 | 风气 | 天主教 | 国情 | 文献 | 事物 | 穆斯林 | 意识 | 体制 | 科研 | 青少年 | 地域 | 地理 | 群体 | 古今中外 | 天文 | 华人 | 乡村 | 办学 | 方言 | 范畴 | 华侨 | 民间 | 课题 | 都市 | 园地 | 公益 | 商贾 | 环境 | 指南,70.9323054799738,0.9959723445041087,0.003293188989639304,宗教:1.000000 | 商贾:1.000000 | 风气:1.000000 | 基督教:1.000000 | 佛教:1.000000 | 文明:1.000000 | 都市:1.000000 | 儒学:1.000000 | 人文:0.999999 | 科学:0.999999 | 地理:0.999999 | 实践:0.999999,名著:0.054527 | 社会主义:0.023931 | 地质:0.014885 | 民主:0.011617
48,37,0.327118697715611,0.01510395515817613,0.4594594594594595,逃走 | 逃跑 | 躲藏 | 躲避 | 营救 | 开枪 | 挟持 | 埋伏 | 呼救 | 搜查 | 藏身 | 脱身,戒备 | 打猎 | 不慎 | 骚扰 | 冲撞 | 守株待兔 | 靠近 | 开枪,周旋 | 同伙 | 伪装 | 躲避 | 阻拦 | 监视 | 包围 | 解救 | 解围 | 逃跑 | 躲藏 | 下落,逃走 | 逃跑 | 躲藏 | 躲避 | 营救 | 开枪 | 挟持 | 埋伏 | 呼救 | 搜查 | 藏身 | 脱身 | 阻拦 | 歹徒 | 乔装 | 掩护 | 解救 | 同伙 | 求救 | 监视 | 凶手 | 包围 | 骚扰 | 隐蔽 | 解围 | 偷窥 | 伪装 | 周旋 | 戒备 | 看管 | 冲撞 | 下落 | 打猎 | 靠近 | 守株待兔 | 带路 | 不慎,36.9738107918009,0.9987202896907295,0.0012890286306948787,逃跑:1.000000 | 隐蔽:1.000000 | 呼救:1.000000 | 骚扰:1.000000 | 逃走:1.000000 | 求救:1.000000 | 藏身:1.000000 | 开枪:1.000000 | 监视:1.000000 | 阻拦:1.000000 | 解围:1.000000 | 冲撞:1.000000,下山:0.019420
49,101,0.2501270398921442,0.004476011676528645,0.39603960396039606,金融 | 产业 | 消费 | 投资 | 业务 | 行业 | 互联网 | 银行 | 零售 | 品牌 | 房地产 | 物流,节水 | 分红 | 会员 | 收益 | 社区 | 账户 | 小康 | 茅台,主流 | 账户 | 联盟 | 集团 | 航天 | 房地产 | 用户 | 会员 | 海外 | 经营 | 内地 | 行业,金融 | 产业 | 消费 | 投资 | 业务 | 行业 | 互联网 | 银行 | 零售 | 品牌 | 房地产 | 物流 | 服务 | 贸易 | 家电 | 产品 | 能源 | 信贷 | 资产 | 服务业 | 商业 | 外资 | 科技 | 保险 | 公司 | 经营 | 工业 | 资本 | 商品 | 医药 | 客户 | 高新技术 | 消费者 | 新兴 | 并购 | 经济 | 外贸 | 合资 | 厂商 | 巨头 | 海外 | 资源 | 全球 | 增值 | 电信 | 生态 | 实体 | 境外 | 管理 | 理财 | 信用 | 环保 | 股票 | 二手车 | 用户 | 跨国 | 股东 | 外汇 | 集团 | 石油 | 节能 | 基金 | 厂家 | 财富 | 国际 | 机构 | 进出口 | 国内 | 收益 | 创业 | 商务 | 配送 | 本土 | 中介 | 低碳 | 规模 | 开发商 | 价值 | 共享 | 账户 | 股份 | 大众 | 电讯 | 中国 | 分红 | 牌照 | 内地 | 社区 | 核能 | 股民 | 节水 | 新 | 航天 | 平价 | 主流 | 开放 | 茅台 | 联盟 | 会员 | 大陆 | 小康,99.96208644944765,0.975592379021331,0.013759622018341813,小康:0.999999 | 本土:0.999998 | 巨头:0.999994 | 价值:0.999989 | 股民:0.999989 | 科技:0.999989 | 贸易:0.999984 | 公司:0.999981 | 创业:0.999980 | 环保:0.999968 | 内地:0.999964 | 节水:0.999963,销售:0.466858 | 核心:0.180380 | 大宗:0.176582 | 余额:0.080365 | 采购:0.060884 | 权益:0.056380 | 成本:0.042750 | 商城:0.039750
50,42,0.4524419068358147,0.08211962898425906,0.07142857142857142,焦躁 | 恐惧 | 惊慌 | 茫然 | 慌张 | 绝望 | 慌乱 | 烦躁 | 悲伤 | 疲倦 | 胆怯 | 不安,同情 | 冷漠 | 流泪 | 喘息 | 苏醒 | 醒悟 | 怜惜 | 虚弱,恐慌 | 悲伤 | 漠然 | 怨恨 | 愤怒 | 疲惫 | 麻木 | 怜惜 | 发怒 | 慌张 | 畏缩 | 忧郁,焦躁 | 恐惧 | 惊慌 | 茫然 | 慌张 | 绝望 | 慌乱 | 烦躁 | 悲伤 | 疲倦 | 胆怯 | 不安 | 愤怒 | 悔恨 | 痛苦 | 焦虑 | 怨恨 | 心慌 | 疲惫 | 自责 | 畏惧 | 惊慌失措 | 忧郁 | 悲痛 | 烦闷 | 畏缩 | 哭泣 | 怜惜 | 冷漠 | 恐慌 | 漠然 | 麻木 | 发怒 | 沉默 | 虚弱 | 流泪 | 忍耐 | 醒悟 | 同情 | 清醒 | 苏醒 | 喘息,42.103833472249,0.9990680993617567,0.0009373258512088439,愤怒:1.000000 | 冷漠:1.000000 | 疲倦:1.000000 | 心慌:1.000000 | 惊慌:1.000000 | 苏醒:1.000000 | 畏惧:1.000000 | 漠然:1.000000 | 哭泣:1.000000 | 胆怯:1.000000 | 慌乱:1.000000 | 发怒:1.000000,焦急:0.142252
51,57,0.2874523276707502,-0.0030005367023548156,0.5263157894736842,打败 | 摧毁 | 消灭 | 抵抗 | 抛弃 | 压倒 | 摆脱 | 战胜 | 挽救 | 拯救 | 抵挡 | 夺取,压迫 | 分裂 | 追赶 | 陷入 | 扮演 | 受到 | 屈服 | 瓜分,抵抗 | 摆脱 | 牺牲 | 扫除 | 摧毁 | 靠拢 | 消灭 | 捍卫 | 支配 | 剥夺 | 瓜分 | 受到,打败 | 摧毁 | 消灭 | 抵抗 | 抛弃 | 压倒 | 摆脱 | 战胜 | 挽救 | 拯救 | 抵挡 | 夺取 | 征服 | 对抗 | 丧失 | 丢掉 | 失去 | 推翻 | 对付 | 捍卫 | 抗衡 | 抵御 | 主宰 | 粉碎 | 放弃 | 压迫 | 收复 | 剥夺 | 颠覆 | 遭受 | 挽回 | 束缚 | 重创 | 脱离 | 屈服 | 俘获 | 瓜分 | 挑起 | 遭到 | 激起 | 追随 | 支配 | 分裂 | 牺牲 | 复活 | 争夺 | 陷入 | 扫除 | 面对 | 追赶 | 卷入 | 伸张 | 埋没 | 受到 | 效仿 | 扮演 | 靠拢,57.14805746789118,0.9994785180505353,0.0006666546966286198,征服:1.000000 | 拯救:1.000000 | 追随:1.000000 | 抵挡:1.000000 | 粉碎:1.000000 | 打败:1.000000 | 消灭:1.000000 | 战胜:1.000000 | 挽救:1.000000 | 抗衡:1.000000 | 卷入:1.000000 | 抵抗:1.000000,毁灭:0.043211 | 发动:0.029436 | 付出:0.013393 | 波及:0.012853 | 歼灭:0.012155 | 废除:0.010785
52,95,0.18765802100135184,-0.04433641787665948,0.8947368421052632,九 | 宝 | 七 | 五 | 六 | 德 | 八 | 四 | 三 | 通 | 百 | 银,门 | 卡 | 少林寺 | 主 | 太平 | 越 | 独 | 料,远 | 格 | 百 | 团 | 融 | 盘 | 轮 | 电 | 创 | 七 | 部 | 太平,九 | 宝 | 七 | 五 | 六 | 德 | 八 | 四 | 三 | 通 | 百 | 银 | 融 | 利 | 金 | 十 | 优 | 双 | 富 | 格 | 胜 | 特 | 万 | 洋 | 汇 | 千 | 淘 | 品 | 科 | 美 | 创 | 享 | 大 | 业 | 网 | 钢 | 轮 | 货 | 云 | 乐 | 集 | 平安 | 电 | 卡 | 纯 | 盘 | 公 | 险 | 立方 | 小 | 国 | 法 | 台 | 广 | 吉利 | 码 | 节 | 团 | 太平 | 碳 | 库 | 东方 | 圈 | 服 | 超 | 条 | 宗 | 线 | 核 | 料 | 三角 | 长城 | 章 | 组 | 凤凰 | 个 | 独 | 世纪 | 全 | 门 | 局 | 号 | 主 | 北京 | 第 | 越 | 乙 | 旭日 | 远 | 部 | 桩 | 度 | 图 | 底 | 少林寺,94.97497766409946,0.9930106968569368,0.006693166536108045,富:1.000000 | 集:0.999998 | 底:0.999998 | 法:0.999998 | 利:0.999997 | 货:0.999997 | 太平:0.999996 | 胜:0.999994 | 局:0.999993 | 小:0.999992 | 图:0.999991 | 享:0.999988,二:0.198304 | 直线:0.059613 | 福:0.054395 | 光:0.039556 | 丙:0.035690 | 兹:0.034746 | 单:0.033176 | 新:0.021639
53,47,0.3264116106440654,-0.027781460393517327,0.574468085106383,居民楼 | 楼房 | 围墙 | 人行道 | 临街 | 屋顶 | 马路 | 烟囱 | 大楼 | 防盗门 | 水管 | 幢,角落 | 墙 | 池子 | 防盗门 | 水槽 | 温度计 | 横七竖八 | 灰尘,电线 | 地下 | 临街 | 角落 | 栋 | 幢 | 大棚 | 马路 | 玻璃 | 路边 | 电灯 | 烟囱,居民楼 | 楼房 | 围墙 | 人行道 | 临街 | 屋顶 | 马路 | 烟囱 | 大楼 | 防盗门 | 水管 | 幢 | 墙 | 楼 | 路灯 | 炉灶 | 栋 | 草坪 | 路面 | 空地 | 路边 | 工地 | 电线 | 电灯 | 大厦 | 街道 | 立交桥 | 屋 | 大街 | 水槽 | 大棚 | 走廊 | 暖气 | 大门 | 地面 | 池子 | 水龙头 | 仓库 | 横七竖八 | 角落 | 地下 | 玻璃 | 灰尘 | 冷气 | 车间 | 层 | 温度计,47.00468502406569,0.9993556065276407,0.0007888732045871847,围墙:1.000000 | 暖气:1.000000 | 车间:1.000000 | 路灯:1.000000 | 临街:1.000000 | 冷气:1.000000 | 防盗门:1.000000 | 幢:1.000000 | 楼房:1.000000 | 池子:1.000000 | 大厦:1.000000 | 烟囱:1.000000,阳台:0.021521
54,65,0.2854376469209321,-0.02665641177389376,0.7230769230769231,钉 | 缝 | 锯 | 竖 | 凹 | 钩 | 镶 | 斜 | 弯 | 剪 | 绣 | 罩,曲 | 瓷 | 拆 | 扇 | 牡丹 | 纱 | 铲 | 扭,焊 | 鼓 | 束 | 纱 | 扇 | 平 | 拴 | 斜 | 帆 | 扭 | 空 | 漆,钉 | 缝 | 锯 | 竖 | 凹 | 钩 | 镶 | 斜 | 弯 | 剪 | 绣 | 罩 | 拱 | 凿 | 凸 | 筒 | 横 | 雕 | 弓 | 垂 | 拴 | 焊 | 吊 | 扁 | 扇 | 圆 | 鼓 | 叠 | 扭 | 角 | 盖 | 铺 | 叉 | 槽 | 漆 | 刻 | 铲 | 尖 | 捆 | 尺 | 织 | 弹 | 截 | 遮 | 弦 | 束 | 布 | 瓷 | 板 | 串 | 印 | 纱 | 车轴 | 寸 | 藏 | 拆 | 瓦 | 曲 | 铁 | 卷 | 墨 | 平 | 帆 | 空 | 牡丹,64.70557934056522,0.9917836108318876,0.006383326057570367,刻:1.000000 | 绣:1.000000 | 斜:1.000000 | 钉:1.000000 | 焊:1.000000 | 漆:1.000000 | 弹:0.999999 | 捆:0.999999 | 竖:0.999999 | 鼓:0.999999 | 缝:0.999997 | 镶:0.999997,梅花:0.051082 | 色:0.031593 | 钢:0.023702 | 桶:0.020644 | 三角:0.015052 | 鹰:0.014685 | 塞:0.013607 | 折:0.013360
55,41,0.27640215721975286,-0.018376790803098418,0.6341463414634146,少见 | 瞩目 | 引人注目 | 司空见惯 | 耳熟能详 | 家喻户晓 | 难得一见 | 耳目一新 | 层出不穷 | 记忆犹新 | 罕见 | 触目惊心,着迷 | 众多 | 没落 | 难以置信 | 记忆犹新 | 惊人 | 默默无闻 | 耳目一新,脱颖而出 | 一无所知 | 没落 | 难以想象 | 难以置信 | 面目全非 | 流行 | 耳熟能详 | 大同小异 | 寥寥无几 | 层出不穷 | 惊人,少见 | 瞩目 | 引人注目 | 司空见惯 | 耳熟能详 | 家喻户晓 | 难得一见 | 耳目一新 | 层出不穷 | 记忆犹新 | 罕见 | 触目惊心 | 轰动 | 比比皆是 | 举世瞩目 | 着迷 | 随处可见 | 沸沸扬扬 | 流传 | 难以想象 | 盛行 | 难以置信 | 惊人 | 前无古人 | 流行 | 失传 | 寥寥无几 | 默默无闻 | 翻天覆地 | 大同小异 | 耳闻目睹 | 不为人知 | 划时代 | 兴起 | 一无所知 | 面目全非 | 类似 | 问世 | 众多 | 脱颖而出 | 没落,41.028984617059216,0.9995820279672994,0.0005868850084535047,罕见:1.000000 | 失传:1.000000 | 盛行:1.000000 | 比比皆是:1.000000 | 层出不穷:1.000000 | 流传:1.000000 | 惊人:1.000000 | 瞩目:1.000000 | 触目惊心:1.000000 | 问世:1.000000 | 耳闻目睹:1.000000 | 着迷:1.000000,遍布:0.014886 | 形形色色:0.011375
56,46,0.36651137703237935,0.05545609156999589,0.15217391304347827,出游 | 郊游 | 游玩 | 野餐 | 度假 | 假日 | 假期 | 佳节 | 游览 | 旅游 | 聚会 | 避暑,品尝 | 喜酒 | 午餐 | 晚餐 | 景点 | 燃放 | 庙会 | 圣诞节,午餐 | 燃放 | 欢聚 | 过节 | 游 | 节假日 | 购物 | 圣诞节 | 年夜饭 | 约会 | 野炊 | 新年,出游 | 郊游 | 游玩 | 野餐 | 度假 | 假日 | 假期 | 佳节 | 游览 | 旅游 | 聚会 | 避暑 | 用餐 | 节日 | 过节 | 晚餐 | 旅行 | 中秋节 | 元宵节 | 年夜饭 | 圣诞节 | 野炊 | 就餐 | 午餐 | 休闲 | 购物 | 节假日 | 观光 | 蜜月 | 新年 | 约会 | 庙会 | 团聚 | 扫墓 | 旅途 | 出行 | 吃喝玩乐 | 景点 | 游 | 欢聚 | 品尝 | 暑期 | 去处 | 相约 | 喜酒 | 燃放,46.47516543705961,0.9997214906963944,0.0003874041617069552,品尝:1.000000 | 去处:1.000000 | 晚餐:1.000000 | 出游:1.000000 | 喜酒:1.000000 | 度假:1.000000 | 休闲:1.000000 | 圣诞节:1.000000 | 佳节:1.000000 | 游玩:1.000000 | 观光:1.000000 | 欢聚:1.000000,端午节:0.280877 | 春节:0.117458 | 除夕:0.045433 | 长假:0.013959
57,40,0.334187564702692,0.052667241447488924,0.15,诈骗 | 违法 | 非法 | 欺诈 | 涉嫌 | 假冒 | 犯罪 | 违规 | 造假 | 虚假 | 作弊 | 盗版,特权 | 私有 | 倾销 | 取缔 | 虚构 | 受骗 | 触犯 | 合法,黑客 | 团伙 | 特权 | 造假 | 违规 | 罪 | 违法 | 非法 | 盗版 | 内幕 | 集资 | 丑闻,诈骗 | 违法 | 非法 | 欺诈 | 涉嫌 | 假冒 | 犯罪 | 违规 | 造假 | 虚假 | 作弊 | 盗版 | 恶意 | 内幕 | 侵权 | 团伙 | 弄虚作假 | 泄密 | 查处 | 触犯 | 抄袭 | 违反 | 泄露 | 罪 | 编造 | 赌博 | 谣言 | 集资 | 暴利 | 丑闻 | 毒品 | 黑客 | 垄断 | 受骗 | 虚构 | 合法 | 倾销 | 取缔 | 特权 | 私有,40.00515428719644,0.9991300603734465,0.0010889261044814995,虚假:1.000000 | 抄袭:1.000000 | 盗版:1.000000 | 非法:1.000000 | 编造:1.000000 | 垄断:1.000000 | 私有:1.000000 | 造假:1.000000 | 欺诈:1.000000 | 泄露:1.000000 | 泄密:1.000000 | 侵权:0.999999,牵涉:0.018740
58,75,0.26682404407487587,-0.010549744518945773,0.5866666666666667,机遇 | 根基 | 契机 | 优势 | 举措 | 使命 | 重任 | 责任感 | 成效 | 理念 | 潜力 | 活力,经验 | 与时俱进 | 下功夫 | 责任感 | 潜能 | 力度 | 抱负 | 前沿,共同体 | 重任 | 互信 | 难题 | 积极性 | 后盾 | 考验 | 责任感 | 启示 | 抱负 | 变革 | 根基,机遇 | 根基 | 契机 | 优势 | 举措 | 使命 | 重任 | 责任感 | 成效 | 理念 | 潜力 | 活力 | 突破口 | 步伐 | 出路 | 影响力 | 难题 | 作用 | 实力 | 纽带 | 成果 | 源泉 | 信心 | 困境 | 缩影 | 共识 | 变革 | 积极性 | 重中之重 | 宗旨 | 潜能 | 瓶颈 | 构想 | 软实力 | 启示 | 进步 | 载体 | 后盾 | 进程 | 地位 | 挑战 | 生命线 | 抱负 | 经验 | 大局 | 支柱 | 动力 | 成就 | 当务之急 | 迈进 | 战略 | 信誉 | 难关 | 声誉 | 互信 | 后顾之忧 | 建树 | 担当 | 力度 | 与时俱进 | 双赢 | 前途 | 呼声 | 下功夫 | 飞跃 | 共同体 | 考验 | 伙伴 | 先锋 | 智慧 | 人才 | 行列 | 前沿 | 铺路 | 权威,74.67725993737021,0.9893846726167508,0.0062204357489098906,突破口:1.000000 | 纽带:1.000000 | 积极性:1.000000 | 难关:1.000000 | 使命:1.000000 | 重任:0.999999 | 信誉:0.999999 | 大局:0.999999 | 后顾之忧:0.999999 | 机遇:0.999998 | 铺路:0.999997 | 根基:0.999997,典范:0.302260 | 难点:0.048560 | 能力:0.022503 | 动向:0.021056 | 方针:0.010381
59,82,0.30467767730362844,-0.00024886465245959775,0.5487804878048781,餐馆 | 饭馆 | 饭店 | 餐厅 | 旅馆 | 商场 | 酒楼 | 酒吧 | 旅店 | 宾馆 | 超市 | 酒店,厨房 | 餐桌 | 地下室 | 空调 | 医疗 | 游客 | 房东 | 游船,诊所 | 夜市 | 动物园 | 地方 | 商场 | 家政 | 食堂 | 小贩 | 私人 | 床位 | 医院 | 取款机,餐馆 | 饭馆 | 饭店 | 餐厅 | 旅馆 | 商场 | 酒楼 | 酒吧 | 旅店 | 宾馆 | 超市 | 酒店 | 舞厅 | 商店 | 书店 | 药店 | 电影院 | 网吧 | 菜市场 | 客房 | 夜总会 | 食堂 | 诊所 | 连锁店 | 报亭 | 餐饮 | 店 | 服务员 | 便利店 | 游泳池 | 公寓 | 医院 | 专卖店 | 五星级 | 写字楼 | 夜市 | 厨房 | 幼儿园 | 公共场所 | 邮局 | 图书馆 | 连锁 | 顾客 | 百货 | 别墅 | 家政 | 取款机 | 游船 | 小贩 | 商贩 | 售货员 | 地下室 | 动物园 | 客人 | 场所 | 房东 | 清洁工 | 街头 | 床位 | 餐桌 | 导游 | 装修 | 监狱 | 露天 | 校园 | 游客 | 外企 | 市民 | 热水器 | 城市 | 电器 | 户外 | 私人 | 新房 | 家 | 空调 | 垃圾 | 人群 | 地方 | 医疗 | 核电站 | 外国,82.0053282201469,0.9945349674141509,0.0036717626509295952,酒楼:1.000000 | 旅馆:1.000000 | 餐馆:1.000000 | 饭店:1.000000 | 酒吧:1.000000 | 饭馆:1.000000 | 旅店:1.000000 | 餐厅:1.000000 | 商贩:1.000000 | 书店:1.000000 | 夜总会:1.000000 | 人群:1.000000,商城:0.124154 | 家电:0.052237 | 快递:0.035051 | 二手车:0.034044 | 消费者:0.030451 | 大陆:0.027499 | 车主:0.018028 | 商业:0.016394
60,34,0.3508880142848026,0.044653213416316964,0.11764705882352941,生硬 | 荒诞 | 粗糙 | 荒谬 | 似是而非 | 枯燥 | 单调 | 冗长 | 拙劣 | 模糊 | 杂乱无章 | 片面,拙劣 | 荒谬 | 荒诞 | 尖锐 | 扭曲 | 刺耳 | 无关紧要 | 夸张,枯燥 | 片面 | 单薄 | 画蛇添足 | 颠倒 | 堆砌 | 粗糙 | 拙劣 | 笼统 | 模糊 | 荒诞 | 自相矛盾,生硬 | 荒诞 | 粗糙 | 荒谬 | 似是而非 | 枯燥 | 单调 | 冗长 | 拙劣 | 模糊 | 杂乱无章 | 片面 | 潦草 | 陈旧 | 自相矛盾 | 夸张 | 含糊 | 笼统 | 抽象 | 堆砌 | 刺耳 | 单薄 | 雷同 | 过时 | 画蛇添足 | 扭曲 | 一成不变 | 残缺 | 重复 | 颠倒 | 无关紧要 | 尖锐 | 刻舟求剑 | 约定俗成,33.98261124553779,0.9994343017692263,0.0006891608639518321,潦草:1.000000 | 模糊:1.000000 | 枯燥:1.000000 | 自相矛盾:1.000000 | 单调:1.000000 | 颠倒:1.000000 | 杂乱无章:1.000000 | 冗长:1.000000 | 残缺:1.000000 | 生硬:1.000000 | 笼统:1.000000 | 单薄:1.000000,
61,22,0.31786415192340456,0.008685093874000637,0.5,热闹 | 红火 | 张灯结彩 | 喜庆 | 兴旺 | 欢声笑语 | 欣欣向荣 | 忙碌 | 喜洋洋 | 不亦乐乎 | 爆满 | 分外,浓厚 | 丰盛 | 风光 | 隆重 | 久违 | 忙碌 | 欢声笑语 | 不亦乐乎,浓厚 | 忙碌 | 欣欣向荣 | 爆满 | 格外 | 喜庆 | 张灯结彩 | 喜洋洋 | 火热 | 红火 | 络绎不绝 | 丰盛,热闹 | 红火 | 张灯结彩 | 喜庆 | 兴旺 | 欢声笑语 | 欣欣向荣 | 忙碌 | 喜洋洋 | 不亦乐乎 | 爆满 | 分外 | 有声有色 | 火热 | 隆重 | 丰盛 | 络绎不绝 | 格外 | 开张 | 浓厚 | 风光 | 久违,21.99998084597696,0.99999912936258,2.086942769370876e-6,张灯结彩:1.000000 | 热闹:1.000000 | 隆重:1.000000 | 开张:1.000000 | 忙碌:1.000000 | 丰盛:1.000000 | 红火:1.000000 | 欢声笑语:1.000000 | 络绎不绝:1.000000 | 喜洋洋:1.000000 | 欣欣向荣:1.000000 | 兴旺:1.000000,
62,60,0.32403006312630495,0.047893945644297324,0.16666666666666666,驳回 | 起诉 | 判决 | 裁决 | 上诉 | 裁定 | 控告 | 判处 | 辞退 | 拘留 | 诉讼 | 处罚,贪污 | 受贿 | 派遣 | 隐瞒 | 警告 | 无故 | 推迟 | 移交,驳回 | 惩处 | 罚款 | 原告 | 冻结 | 纠纷 | 撤换 | 取消 | 和解 | 控告 | 处分 | 裁定,驳回 | 起诉 | 判决 | 裁决 | 上诉 | 裁定 | 控告 | 判处 | 辞退 | 拘留 | 诉讼 | 处罚 | 赔偿 | 免职 | 罢免 | 法院 | 罚款 | 处分 | 被告 | 解雇 | 开除 | 吊销 | 惩处 | 中止 | 撤换 | 原告 | 拖欠 | 索赔 | 否决 | 追究 | 冻结 | 案件 | 解散 | 不予 | 终止 | 受贿 | 停业 | 免除 | 解除 | 纠纷 | 违约 | 归还 | 破产 | 退回 | 取消 | 废除 | 逾期 | 延期 | 暂停 | 和解 | 贪污 | 收回 | 警告 | 无故 | 移交 | 隐瞒 | 准许 | 推迟 | 派遣 | 管辖,59.89820954775892,0.9973495719437528,0.0024775752313096868,无故:1.000000 | 起诉:1.000000 | 解雇:1.000000 | 辞退:1.000000 | 延期:1.000000 | 判处:1.000000 | 中止:1.000000 | 驳回:1.000000 | 推迟:1.000000 | 免除:1.000000 | 警告:1.000000 | 撤换:1.000000,拆迁:0.017656
63,41,0.33888513839552503,0.03491686242206313,0.1951219512195122,屠杀 | 袭击 | 逮捕 | 暗杀 | 歼灭 | 攻击 | 武装 | 示威 | 敌人 | 进攻 | 骚乱 | 轰炸,制服 | 抗议 | 冒险 | 伙 | 防守 | 劫持 | 通缉 | 逃亡,核武器 | 驱逐 | 对峙 | 投降 | 屠杀 | 劫持 | 骚乱 | 制服 | 间谍 | 海盗 | 示威 | 通缉,屠杀 | 袭击 | 逮捕 | 暗杀 | 歼灭 | 攻击 | 武装 | 示威 | 敌人 | 进攻 | 骚乱 | 轰炸 | 入侵 | 土匪 | 逃亡 | 俘虏 | 劫持 | 反击 | 武力 | 哗变 | 强盗 | 投降 | 被捕 | 人质 | 封锁 | 自卫 | 驱逐 | 搏斗 | 间谍 | 抗议 | 通缉 | 海盗 | 对峙 | 发动 | 出动 | 罢工 | 核武器 | 制服 | 防守 | 冒险 | 伙,40.99926385629731,0.9988282773446586,0.0011540592981973757,示威:1.000000 | 骚乱:1.000000 | 搏斗:1.000000 | 哗变:1.000000 | 逃亡:1.000000 | 轰炸:1.000000 | 抗议:1.000000 | 袭击:1.000000 | 被捕:1.000000 | 冒险:1.000000 | 自卫:1.000000 | 武装:1.000000,撤离:0.014142 | 杀害:0.013096
64,42,0.36405706731580795,0.06016116466067551,0.23809523809523808,蔬菜 | 饲料 | 粮食 | 小麦 | 大米 | 水产品 | 肥料 | 茶叶 | 玉米 | 棉花 | 面粉 | 作物,纯净水 | 煤气 | 白酒 | 豆制品 | 面粉 | 疫苗 | 奶粉 | 废物,作物 | 面粉 | 制品 | 铅 | 肥料 | 木材 | 淀粉 | 化肥 | 煤气 | 药材 | 奶粉 | 棉,蔬菜 | 饲料 | 粮食 | 小麦 | 大米 | 水产品 | 肥料 | 茶叶 | 玉米 | 棉花 | 面粉 | 作物 | 化肥 | 农作物 | 水稻 | 豆制品 | 家禽 | 食品 | 淀粉 | 乳制品 | 药材 | 牲畜 | 木材 | 果树 | 药品 | 奶牛 | 奶粉 | 中药 | 棉 | 饮用水 | 原料 | 制品 | 疫苗 | 纯净水 | 种子 | 药 | 白酒 | 苗 | 自来水 | 铅 | 废物 | 煤气,41.99689152934712,0.9992045815193975,0.0009037548934503174,肥料:1.000000 | 木材:1.000000 | 粮食:1.000000 | 水稻:1.000000 | 棉花:1.000000 | 原料:1.000000 | 药品:1.000000 | 饲料:1.000000 | 药材:1.000000 | 小麦:1.000000 | 废物:1.000000 | 白酒:0.999999,葡萄:0.010736 | 地下水:0.010651
65,35,0.3695138102832442,0.10798492440420418,0.14285714285714285,墓 | 遗址 | 宫殿 | 墓地 | 古迹 | 庙 | 寺庙 | 纪念碑 | 坟墓 | 墓碑 | 公墓 | 碑,山川 | 岛屿 | 幅 | 地名 | 建筑物 | 座 | 四合院 | 国徽,座 | 寺庙 | 公墓 | 烈士 | 纪念馆 | 寺 | 矿藏 | 出土 | 墓 | 皇宫 | 遗址 | 教堂,墓 | 遗址 | 宫殿 | 墓地 | 古迹 | 庙 | 寺庙 | 纪念碑 | 坟墓 | 墓碑 | 公墓 | 碑 | 教堂 | 纪念馆 | 坟 | 遗物 | 博物馆 | 壁画 | 清真寺 | 名胜 | 建筑物 | 文物 | 寺 | 皇宫 | 出土 | 烈士 | 四合院 | 地名 | 坐落 | 岛屿 | 国徽 | 座 | 矿藏 | 山川 | 幅,34.984725000051355,0.9994228989013296,0.0006601488360335308,坟:1.000000 | 墓碑:1.000000 | 纪念馆:1.000000 | 坟墓:1.000000 | 墓地:1.000000 | 遗物:1.000000 | 古迹:1.000000 | 庙:1.000000 | 碑:1.000000 | 出土:1.000000 | 墓:1.000000 | 公墓:1.000000,
66,51,0.2965924119080013,0.02895388278697283,0.35294117647058826,下跌 | 回落 | 回升 | 上涨 | 下降 | 攀升 | 飙升 | 上升 | 低迷 | 贬值 | 反弹 | 升值,损失 | 滞后 | 退出 | 观望 | 不足 | 出局 | 雪上加霜 | 了结,淘汰 | 不景气 | 回升 | 上升 | 观望 | 不足 | 波动 | 高涨 | 物价 | 好转 | 损失 | 下降,下跌 | 回落 | 回升 | 上涨 | 下降 | 攀升 | 飙升 | 上升 | 低迷 | 贬值 | 反弹 | 升值 | 不景气 | 缩水 | 高涨 | 波动 | 下调 | 亏损 | 好转 | 涨价 | 过剩 | 短缺 | 降价 | 拖累 | 低谷 | 水涨船高 | 徘徊 | 萧条 | 供不应求 | 赤字 | 调整 | 翻番 | 紧缺 | 压力 | 顺差 | 不足 | 倒闭 | 失业率 | 雪上加霜 | 损失 | 滞后 | 出局 | 物价 | 观望 | 透支 | 逼近 | 了结 | 垫底 | 淘汰 | 止步 | 退出,50.96751288732131,0.998386865778146,0.001696674074215477,缩水:1.000000 | 贬值:1.000000 | 供不应求:1.000000 | 不景气:1.000000 | 飙升:1.000000 | 失业率:1.000000 | 涨价:1.000000 | 损失:1.000000 | 了结:1.000000 | 亏损:1.000000 | 观望:1.000000 | 徘徊:0.999999,
67,50,0.32630045190113255,0.04914419413253289,0.12,屏幕 | 按键 | 相机 | 电脑 | 摄像机 | 鼠标 | 硬盘 | 键盘 | 耳机 | 音响 | 显示器 | 打印机,手势 | 密码 | 方向盘 | 指南针 | 望远镜 | 打印 | 耳机 | 秒,网页 | 屏幕 | 磁带 | 光盘 | 显示器 | 耳机 | 硬盘 | 摄像 | 电视 | 音响 | 手机 | 光碟,屏幕 | 按键 | 相机 | 电脑 | 摄像机 | 鼠标 | 硬盘 | 键盘 | 耳机 | 音响 | 显示器 | 打印机 | 摄像 | 手机 | 磁盘 | 磁带 | 录音 | 音量 | 关机 | 闹钟 | 光盘 | 开关 | 铃声 | 光碟 | 语音 | 镜头 | 胶片 | 电视 | 拍照 | 录像 | 游戏机 | 焦距 | 键 | 照相 | 菜单 | 方向盘 | 手势 | 开机 | 计时 | 日历 | 天线 | 打印 | 手动 | 望远镜 | 密码 | 网页 | 地图 | 口令 | 指南针 | 秒,49.95590213983221,0.9929660171237,0.004517302905394314,铃声:1.000000 | 手势:1.000000 | 口令:1.000000 | 闹钟:1.000000 | 照相:1.000000 | 拍照:1.000000 | 镜头:1.000000 | 关机:1.000000 | 音量:0.999999 | 菜单:0.999999 | 键盘:0.999999 | 鼠标:0.999999,浏览器:0.271830 | 计算机:0.013533
68,49,0.3377226547085078,-0.023664091209847957,0.7142857142857143,疲惫不堪 | 消沉 | 精疲力竭 | 狼狈 | 灰心 | 气馁 | 走投无路 | 挣扎 | 不堪 | 窘迫 | 悲惨 | 崩溃,忙乱 | 泄气 | 不平 | 消沉 | 动弹 | 窘迫 | 挣扎 | 吃力,折磨 | 无力 | 振作 | 惨重 | 沉重 | 挫折 | 动摇 | 动弹 | 崩溃 | 无所作为 | 失败 | 后退,疲惫不堪 | 消沉 | 精疲力竭 | 狼狈 | 灰心 | 气馁 | 走投无路 | 挣扎 | 不堪 | 窘迫 | 悲惨 | 崩溃 | 退缩 | 无能为力 | 忍饥挨饿 | 泄气 | 空虚 | 力不从心 | 动弹 | 惨重 | 受苦 | 无力 | 无所事事 | 提心吊胆 | 挫折 | 一事无成 | 惨痛 | 耻辱 | 一无所有 | 一筹莫展 | 吃力 | 无所作为 | 任人宰割 | 振作 | 折磨 | 忍受 | 沉重 | 忙乱 | 失败 | 退却 | 身不由己 | 死心 | 摇摇欲坠 | 倒下 | 后退 | 流血 | 灭亡 | 动摇 | 不平,49.00275600946398,0.9987538738121237,0.0014284755316818552,受苦:1.000000 | 摇摇欲坠:1.000000 | 折磨:1.000000 | 无所事事:1.000000 | 狼狈:1.000000 | 忙乱:1.000000 | 气馁:1.000000 | 任人宰割:1.000000 | 倒下:1.000000 | 振作:1.000000 | 一无所有:1.000000 | 消沉:1.000000,倾家荡产:0.052356
69,28,0.3841674862954377,0.092230626865233,0.07142857142857142,奋勇 | 奋力 | 拼搏 | 勇往直前 | 齐心协力 | 顽强 | 全力以赴 | 英勇 | 不懈 | 坚持不懈 | 竭尽全力 | 斗志,鼓舞 | 毅然 | 竭尽全力 | 一心一意 | 朝气蓬勃 | 坚持不懈 | 第一线 | 全力以赴,争分夺秒 | 朝气蓬勃 | 带领 | 奋斗 | 决心 | 坚持不懈 | 投身 | 一鼓作气 | 拼搏 | 众志成城 | 一心一意 | 第一线,奋勇 | 奋力 | 拼搏 | 勇往直前 | 齐心协力 | 顽强 | 全力以赴 | 英勇 | 不懈 | 坚持不懈 | 竭尽全力 | 斗志 | 奋斗 | 发愤图强 | 一心一意 | 争分夺秒 | 前赴后继 | 夜以继日 | 勇于 | 决心 | 众志成城 | 一鼓作气 | 朝气蓬勃 | 投身 | 毅然 | 鼓舞 | 带领 | 第一线,27.98767986876975,0.9995589605598884,0.0005337959556092482,奋勇:1.000000 | 奋力:1.000000 | 朝气蓬勃:1.000000 | 顽强:1.000000 | 奋斗:1.000000 | 一鼓作气:1.000000 | 拼搏:1.000000 | 鼓舞:1.000000 | 争分夺秒:1.000000 | 斗志:1.000000 | 前赴后继:1.000000 | 决心:1.000000,
70,61,0.3375656843655566,0.04681327634194072,0.21311475409836064,拜会 | 拜访 | 接见 | 探望 | 看望 | 拜见 | 应邀 | 会见 | 参观 | 专程 | 陪同 | 送行,颁奖 | 致敬 | 留念 | 庆祝 | 报名 | 追悼会 | 庆贺 | 祝贺,参观 | 主持 | 庆贺 | 会面 | 邀请 | 率领 | 作客 | 邀 | 动身 | 瞻仰 | 赶往 | 悼念,拜会 | 拜访 | 接见 | 探望 | 看望 | 拜见 | 应邀 | 会见 | 参观 | 专程 | 陪同 | 送行 | 慰问 | 前往 | 前来 | 邀请 | 赶赴 | 访问 | 视察 | 来访 | 瞻仰 | 会面 | 出访 | 招待 | 赶往 | 送别 | 赴 | 起程 | 问候 | 祝贺 | 动身 | 光临 | 做客 | 奔赴 | 赶到 | 贵宾 | 交谈 | 带队 | 率领 | 邀 | 见面 | 会晤 | 采访 | 作客 | 合影 | 追悼会 | 悼念 | 就座 | 接待 | 召集 | 庆贺 | 报到 | 颁奖 | 派出 | 来宾 | 留念 | 致敬 | 庆祝 | 主持 | 宣誓 | 报名,61.00801636053579,0.9991346952583412,0.0009323838855616514,留念:1.000000 | 看望:1.000000 | 参观:1.000000 | 探望:1.000000 | 访问:1.000000 | 赴:1.000000 | 会面:1.000000 | 慰问:1.000000 | 来访:1.000000 | 拜会:1.000000 | 拜见:1.000000 | 派出:1.000000,领队:0.024448
71,79,0.27651542519908956,0.012986982045683531,0.43037974683544306,北部 | 南部 | 沿岸 | 河 | 湖 | 东南 | 海岸 | 东部 | 西 | 岛 | 山 | 南,室 | 厅 | 塔 | 堂 | 果园 | 水域 | 内外 | 坡,北 | 运河 | 筑 | 坡 | 海 | 地区 | 园林 | 河 | 北部 | 港 | 首府 | 水域,北部 | 南部 | 沿岸 | 河 | 湖 | 东南 | 海岸 | 东部 | 西 | 岛 | 山 | 南 | 北 | 西南 | 西北 | 西部 | 岸 | 中部 | 东 | 沟 | 半岛 | 沿海 | 流域 | 运河 | 桥 | 坝 | 堤 | 村 | 海湾 | 城 | 屯 | 乡 | 园 | 花园 | 江 | 水库 | 滨海 | 镇 | 街 | 交界 | 县 | 海域 | 东北 | 海 | 水域 | 海峡 | 坡 | 南北 | 地区 | 首府 | 大道 | 田 | 一带 | 泉 | 庄园 | 北方 | 农场 | 果园 | 市 | 牧场 | 港 | 塔 | 井 | 位于 | 园林 | 南方 | 绿地 | 窑 | 院 | 环 | 堂 | 全长 | 厅 | 筑 | 社 | 安 | 中央 | 室 | 内外,78.73188281638484,0.9960505491447955,0.0033434557916538,北方:1.000000 | 乡:1.000000 | 北:1.000000 | 岸:1.000000 | 南:1.000000 | 镇:1.000000 | 园:1.000000 | 田:1.000000 | 半岛:1.000000 | 堤:1.000000 | 坝:1.000000 | 西:1.000000,闸:0.011532 | 港口:0.011409
72,50,0.24888809903018497,-0.010337531474773183,0.64,减 | 赔 | 缴 | 跌 | 收 | 降 | 亏 | 退 | 涨 | 补 | 交 | 付,判 | 涨 | 扣 | 签 | 告 | 跌 | 折 | 担,赔 | 限 | 续 | 折 | 销 | 管 | 判 | 领 | 增 | 废 | 报 | 罚,减 | 赔 | 缴 | 跌 | 收 | 降 | 亏 | 退 | 涨 | 补 | 交 | 付 | 罚 | 存 | 增 | 保 | 输 | 赎 | 判 | 销 | 扣 | 续 | 领 | 升 | 欠 | 定 | 赢 | 损 | 撤 | 押 | 耗 | 扩 | 免 | 投 | 租 | 限 | 报 | 告 | 折 | 签 | 筹 | 证 | 负 | 管 | 止 | 废 | 担 | 持 | 计 | 归,49.94523502622815,0.9980517212664296,0.001862098230105677,赔:1.000000 | 跌:1.000000 | 减:1.000000 | 涨:1.000000 | 欠:1.000000 | 亏:1.000000 | 赎:1.000000 | 退:1.000000 | 罚:1.000000 | 缴:1.000000 | 押:1.000000 | 告:1.000000,认:0.015661
73,74,0.4225359822533704,0.014418076915687594,0.35135135135135137,诧异 | 气愤 | 惊讶 | 羞愧 | 吃惊 | 沮丧 | 惊诧 | 惋惜 | 心疼 | 惭愧 | 疑惑 | 不解,惊讶 | 愣 | 沮丧 | 震惊 | 焦急 | 惊诧 | 害怕 | 无精打采,大吃一惊 | 遗憾 | 恍然大悟 | 尴尬 | 万分 | 后悔 | 感到 | 心酸 | 抱歉 | 沮丧 | 厌烦 | 吃惊,诧异 | 气愤 | 惊讶 | 羞愧 | 吃惊 | 沮丧 | 惊诧 | 惋惜 | 心疼 | 惭愧 | 疑惑 | 不解 | 难过 | 叹气 | 痛心 | 苦笑 | 哭笑不得 | 难为情 | 为难 | 失望 | 难堪 | 苦恼 | 不服气 | 难受 | 不耐烦 | 无奈 | 焦急 | 委屈 | 厌烦 | 着急 | 纳闷儿 | 愁眉苦脸 | 无可奈何 | 迷惑不解 | 害怕 | 摇头 | 垂头丧气 | 心酸 | 恍然大悟 | 后悔 | 目瞪口呆 | 尴尬 | 迟疑 | 过意不去 | 犹豫 | 大吃一惊 | 冷笑 | 震惊 | 歉意 | 不好意思 | 半信半疑 | 遗憾 | 抱歉 | 不以为然 | 感到 | 无话可说 | 担心 | 庆幸 | 面红耳赤 | 大惊小怪 | 犹豫不决 | 心急如焚 | 愣 | 受不了 | 无精打采 | 怨言 | 怨气 | 莫名其妙 | 说道 | 思前想后 | 对不起 | 措手不及 | 意料 | 万分,73.85774079669038,0.9974866942996851,0.0017247856083481565,惊讶:1.000000 | 诧异:1.000000 | 哭笑不得:1.000000 | 惊诧:1.000000 | 尴尬:1.000000 | 歉意:1.000000 | 纳闷儿:1.000000 | 痛心:1.000000 | 怨言:1.000000 | 心急如焚:1.000000 | 吃惊:1.000000 | 迷惑不解:1.000000,脱口而出:0.012839
74,72,0.2452621290260655,-0.04630111448818949,0.9166666666666666,它 | 那些 | 它们 | 这些 | 总是 | 统统 | 当成 | 当作 | 人们 | 真正 | 普通人 | 不论,不如说 | 小看 | 至于 | 无形中 | 多么 | 想象 | 用 | 自然,所谓 | 用 | 常 | 可以 | 当 | 千万 | 永远 | 总是 | 人们 | 一些 | 抛开 | 单纯,它 | 那些 | 它们 | 这些 | 总是 | 统统 | 当成 | 当作 | 人们 | 真正 | 普通人 | 不论 | 无论 | 永远 | 一样 | 谈不上 | 看成 | 纯粹 | 所谓 | 我们 | 可以 | 不如说 | 像 | 一些 | 一切 | 什么样 | 都会 | 抛开 | 各种 | 当 | 之类 | 多么 | 单纯 | 至于 | 形形色色 | 能够 | 古人 | 通通 | 变成 | 不妨 | 更 | 任何 | 如何 | 看作 | 凡是 | 一定 | 哪些 | 才能 | 诸如此类 | 将来 | 既 | 用来 | 看得见 | 老百姓 | 比喻 | 叫作 | 有朝一日 | 种 | 自然 | 用 | 无形中 | 想象 | 处处 | 少不了 | 小看 | 无可厚非 | 有的是 | 离不开 | 只 | 千万 | 常 | 的,71.55855250851522,0.9886648658275607,0.008192810534546274,当成:1.000000 | 当作:1.000000 | 凡是:1.000000 | 之类:1.000000 | 用来:1.000000 | 人们:1.000000 | 它:1.000000 | 单纯:1.000000 | 统统:1.000000 | 处处:1.000000 | 通通:0.999999 | 真正:0.999999,这样:0.060116 | 而是:0.036718 | 没有:0.030611 | 完全:0.029100 | 算是:0.024458 | 特别:0.023135 | 着:0.018048 | 当下:0.013561
75,53,0.46233063895228804,0.13463436302288792,0.05660377358490566,胳膊 | 手臂 | 脖子 | 肩膀 | 鼻子 | 嘴唇 | 手掌 | 脸颊 | 手指 | 舌头 | 腿 | 嘴巴,笛子 | 拐杖 | 绷带 | 鼻涕 | 杠铃 | 把手 | 浑身 | 怀里,脸颊 | 手脚 | 手掌 | 鼻涕 | 指甲 | 使劲 | 两手 | 眼 | 舌头 | 肚子 | 头发 | 手,胳膊 | 手臂 | 脖子 | 肩膀 | 鼻子 | 嘴唇 | 手掌 | 脸颊 | 手指 | 舌头 | 腿 | 嘴巴 | 脑袋 | 身子 | 爪子 | 眼睛 | 耳朵 | 手腕 | 膝盖 | 胸膛 | 双手 | 喉咙 | 眉毛 | 肚子 | 嘴 | 腰 | 指头 | 把手 | 脚 | 脸 | 头发 | 身躯 | 指甲 | 手脚 | 头顶 | 怀里 | 嗓子 | 浑身 | 用力 | 使劲 | 肩 | 手 | 鼻涕 | 两手 | 眼 | 头 | 绷带 | 胡子 | 身上 | 拐杖 | 鲜血 | 杠铃 | 笛子,53.06782210260951,0.9995660512878332,0.0004839483890537222,手臂:1.000000 | 肩膀:1.000000 | 身躯:1.000000 | 胳膊:1.000000 | 手脚:1.000000 | 胸膛:1.000000 | 手掌:1.000000 | 嘴唇:1.000000 | 脖子:1.000000 | 鼻子:1.000000 | 舌头:1.000000 | 双手:1.000000,弓:0.081752
76,46,0.32946106058387414,0.0013877945501137923,0.5,刻苦 | 兢兢业业 | 勤奋 | 虚心 | 钻研 | 努力 | 用心 | 吃苦 | 用功 | 苦心 | 认真 | 毅力,安心 | 充实 | 诚心诚意 | 踏实 | 力气 | 锻炼 | 动手 | 毅力,刻苦 | 不耻下问 | 虚心 | 懂得 | 踏实 | 苦心 | 精力 | 耐心 | 学会 | 善于 | 废寝忘食 | 全心全意,刻苦 | 兢兢业业 | 勤奋 | 虚心 | 钻研 | 努力 | 用心 | 吃苦 | 用功 | 苦心 | 认真 | 毅力 | 全心全意 | 踏实 | 苦练 | 废寝忘食 | 专心 | 诚心诚意 | 精益求精 | 持之以恒 | 辛苦 | 不耻下问 | 艰苦 | 精打细算 | 耐心 | 懂得 | 以身作则 | 自觉 | 顾全大局 | 善于 | 精力 | 操劳 | 实事求是 | 节衣缩食 | 端正 | 力气 | 安心 | 养成 | 锻炼 | 着想 | 有的放矢 | 力所能及 | 动手 | 学会 | 多劳多得 | 充实,46.00205879122986,0.9996041311655427,0.0005219218944157503,苦练:1.000000 | 刻苦:1.000000 | 认真:1.000000 | 虚心:1.000000 | 用功:1.000000 | 踏实:1.000000 | 节衣缩食:1.000000 | 兢兢业业:1.000000 | 专心:1.000000 | 钻研:1.000000 | 懂得:1.000000 | 养成:1.000000,
77,56,0.2632506357386351,-0.0002540412175087144,0.5178571428571429,尽量 | 酌情 | 必须 | 随意 | 及时 | 应当 | 严禁 | 须 | 适时 | 自行 | 随时 | 务必,习惯 | 私自 | 确保 | 配合 | 采取 | 一概 | 建议 | 等,采取 | 随意 | 需 | 严禁 | 做到 | 尽可能 | 就近 | 优先 | 必须 | 随时 | 等 | 直接,尽量 | 酌情 | 必须 | 随意 | 及时 | 应当 | 严禁 | 须 | 适时 | 自行 | 随时 | 务必 | 尽可能 | 应 | 便于 | 以便 | 一律 | 允许 | 定时 | 需要 | 事先 | 预先 | 需 | 随时随地 | 擅自 | 专人 | 注意 | 妥善 | 私自 | 定期 | 无须 | 就近 | 即可 | 确保 | 保证 | 加以 | 禁止 | 就地 | 单独 | 必需 | 采取 | 优先 | 任意 | 做到 | 直接 | 负责 | 专门 | 相互 | 按 | 建议 | 少量 | 配合 | 习惯 | 日常 | 一概 | 等,55.896976099715204,0.9969008803587245,0.0024293464826639776,一律:1.000000 | 随意:1.000000 | 以便:1.000000 | 酌情:1.000000 | 预先:1.000000 | 私自:1.000000 | 专人:1.000000 | 便于:1.000000 | 加以:1.000000 | 定时:1.000000 | 尽量:1.000000 | 专门:1.000000,互相:0.016568
78,94,0.351441127153983,0.05862160207319214,0.1595744680851064,入学 | 高中 | 研究生 | 大学 | 学校 | 初中 | 毕业生 | 就读 | 补习 | 报考 | 学生 | 毕业,剧团 | 退休 | 辅导 | 考试 | 笔试 | 经商 | 打工 | 上学,从业 | 求职 | 考生 | 留学生 | 硕士 | 选拔 | 函授 | 参军 | 就读 | 班 | 学生 | 毕业生,入学 | 高中 | 研究生 | 大学 | 学校 | 初中 | 毕业生 | 就读 | 补习 | 报考 | 学生 | 毕业 | 本科 | 升学 | 中学 | 转学 | 招生 | 小学 | 学业 | 念书 | 退学 | 教师 | 硕士 | 进修 | 求学 | 录取 | 年级 | 师范 | 考试 | 文凭 | 上学 | 学年 | 学期 | 函授 | 招收 | 理科 | 学位 | 读书 | 留学 | 攻读 | 补考 | 高考 | 工科 | 师资 | 在职 | 夜校 | 民办 | 班级 | 补课 | 学历 | 中小学 | 学员 | 私立 | 留学生 | 应聘 | 勤工俭学 | 文科 | 学院 | 中学生 | 学分 | 考生 | 面试 | 大学生 | 班 | 培训 | 实习 | 笔试 | 求职 | 兼职 | 小学生 | 学堂 | 培训班 | 出国 | 公立 | 子弟 | 公务员 | 学艺 | 打工 | 社团 | 志愿 | 讲学 | 招聘 | 业余 | 初等 | 辅导 | 选拔 | 文盲 | 及格 | 聋人 | 剧团 | 参军 | 退休 | 从业 | 经商,93.9283150436768,0.9969637363365906,0.0016159238764028886,就读:1.000000 | 念书:1.000000 | 小学:1.000000 | 中学:1.000000 | 补课:1.000000 | 大学:1.000000 | 学员:1.000000 | 高考:1.000000 | 班级:1.000000 | 学艺:1.000000 | 初中:1.000000 | 学生:1.000000,学时:0.094050 | 导游:0.047941 | 学士:0.012011 | 移民:0.010552 | 师生:0.010392
79,50,0.34402427348476805,0.0062249509877379625,0.44,美妙 | 壮丽 | 奇妙 | 惊心动魄 | 动人 | 感人 | 壮观 | 神奇 | 宏伟 | 扣人心弦 | 引人入胜 | 惊险,美丽 | 圆满 | 引人入胜 | 充满 | 完美 | 古老 | 艰辛 | 无比,意想不到 | 可贵 | 惊险 | 伟大 | 引人入胜 | 美丽 | 漫长 | 似曾相识 | 宏伟 | 不可思议 | 壮观 | 梦幻,美妙 | 壮丽 | 奇妙 | 惊心动魄 | 动人 | 感人 | 壮观 | 神奇 | 宏伟 | 扣人心弦 | 引人入胜 | 惊险 | 美丽 | 伟大 | 宏大 | 不可思议 | 雄伟 | 可歌可泣 | 精彩 | 曲折 | 离奇 | 神秘 | 震撼 | 惊天动地 | 艰险 | 神圣 | 梦幻 | 虚幻 | 非凡 | 耀眼 | 艰辛 | 可贵 | 平凡 | 变幻莫测 | 遥远 | 艰难 | 庄严 | 深远 | 珍贵 | 完美 | 古老 | 漫长 | 错综复杂 | 无比 | 深刻 | 充满 | 意想不到 | 宝贵 | 似曾相识 | 圆满,50.06318710092058,0.9992692234680566,0.0008278806246948152,庄严:1.000000 | 惊心动魄:1.000000 | 艰险:1.000000 | 珍贵:1.000000 | 神奇:1.000000 | 壮丽:1.000000 | 惊险:1.000000 | 无比:1.000000 | 宏伟:1.000000 | 深远:1.000000 | 可贵:1.000000 | 离奇:1.000000,鲜明:0.035177 | 千变万化:0.011370
80,50,0.28161061848005764,0.023571900599944663,0.34,有名 | 大名鼎鼎 | 驰名 | 著名 | 闻名 | 远近闻名 | 出名 | 举世闻名 | 当之无愧 | 名副其实 | 媲美 | 堪称,看中 | 深入人心 | 早年 | 祖传 | 酷似 | 特有 | 出身 | 深受,称作 | 看中 | 特有 | 显赫 | 早年 | 有名 | 名气 | 当之无愧 | 声望 | 典型 | 称为 | 知名,有名 | 大名鼎鼎 | 驰名 | 著名 | 闻名 | 远近闻名 | 出名 | 举世闻名 | 当之无愧 | 名副其实 | 媲美 | 堪称 | 号称 | 知名 | 公认 | 显赫 | 名气 | 杰出 | 举世无双 | 世界级 | 知名度 | 仅次于 | 土生土长 | 酷似 | 比不上 | 不亚于 | 泰斗 | 称为 | 昔日 | 不相上下 | 声望 | 相提并论 | 发源地 | 出身 | 深受 | 当今 | 称号 | 称作 | 典型 | 有着 | 出自 | 之一 | 特有 | 早年 | 海内外 | 一代 | 祖传 | 看中 | 来自 | 深入人心,50.08785535977856,0.998032829373216,0.0018049804830846874,有名:1.000000 | 远近闻名:1.000000 | 驰名:1.000000 | 酷似:1.000000 | 出名:1.000000 | 著名:1.000000 | 闻名:1.000000 | 土生土长:1.000000 | 媲美:1.000000 | 祖传:1.000000 | 显赫:1.000000 | 当之无愧:1.000000,创始人:0.155757
81,48,0.3679194075885765,0.029827235574578236,0.2708333333333333,棍子 | 钳子 | 绳子 | 剪子 | 叉子 | 竹竿 | 剪刀 | 棍 | 铲子 | 木头 | 梯子 | 树枝,尾巴 | 木板 | 拳头 | 灯 | 盖子 | 翅膀 | 梯子 | 皮带,剪刀 | 铲子 | 风筝 | 球 | 棍子 | 螺丝 | 炸药 | 灯 | 子弹 | 车轮 | 剪子 | 钉子,棍子 | 钳子 | 绳子 | 剪子 | 叉子 | 竹竿 | 剪刀 | 棍 | 铲子 | 木头 | 梯子 | 树枝 | 钉子 | 钩子 | 枪 | 木板 | 石头 | 船桨 | 斧子 | 刀 | 禅杖 | 橡皮 | 子弹 | 螺丝 | 箭 | 皮带 | 轮子 | 卡子 | 盖子 | 拳头 | 杆 | 沙子 | 管子 | 伞 | 风筝 | 手枪 | 火药 | 剑 | 炸药 | 翅膀 | 尾巴 | 气球 | 车轮 | 皮球 | 炮 | 球 | 灯 | 架,48.006361598253726,0.9970334843929217,0.0027333677992489626,梯子:1.000000 | 箭:1.000000 | 船桨:1.000000 | 绳子:1.000000 | 枪:1.000000 | 棍:1.000000 | 手枪:1.000000 | 竹竿:1.000000 | 卡子:1.000000 | 棍子:1.000000 | 树枝:1.000000 | 拳头:1.000000,筒:0.041757 | 球拍:0.018027 | 爪子:0.016317 | 帆:0.014141 | 根:0.012157 | 筷子:0.011350
82,48,0.2859641830605925,-0.020931635716521412,0.625,杀 | 救 | 毁 | 逮 | 捉 | 逃 | 攻 | 害 | 败 | 劫 | 灭 | 斩,炸 | 昏 | 攀 | 炼 | 疯 | 淹 | 放水 | 逮,放水 | 造 | 灭 | 赌 | 攻 | 轰 | 淹 | 避 | 飞 | 败 | 斗 | 炸,杀 | 救 | 毁 | 逮 | 捉 | 逃 | 攻 | 害 | 败 | 劫 | 灭 | 斩 | 夺 | 炸 | 轰 | 淹 | 射 | 吞 | 捕 | 盗 | 昏 | 狂 | 爆 | 陷 | 伤 | 避 | 斗 | 闯 | 破 | 疯 | 造 | 落 | 冒 | 逆 | 赌 | 争 | 垮 | 犯 | 误 | 治 | 反 | 渡 | 防 | 飞 | 荒 | 放水 | 攀 | 炼,48.069357295094186,0.999659459980197,0.00046103067878983784,毁:1.000000 | 反:1.000000 | 垮:1.000000 | 捕:1.000000 | 攻:1.000000 | 争:1.000000 | 劫:1.000000 | 逃:1.000000 | 败:1.000000 | 闯:1.000000 | 夺:1.000000 | 疯:1.000000,散:0.060405
83,48,0.32180468230797915,0.036464421167585075,0.25,机票 | 话费 | 车票 | 退票 | 预订 | 付款 | 挂号 | 挂失 | 门票 | 打折 | 汇款 | 银行卡,外卖 | 身份证 | 回扣 | 福利 | 通行证 | 打车 | 购买 | 上网,取款 | 银行卡 | 抽奖 | 中奖 | 机票 | 打车 | 驾照 | 福利 | 专柜 | 钱包 | 通行证 | 预约,机票 | 话费 | 车票 | 退票 | 预订 | 付款 | 挂号 | 挂失 | 门票 | 打折 | 汇款 | 银行卡 | 折扣 | 信用卡 | 预约 | 优惠 | 交费 | 兑换 | 取款 | 特价 | 打车 | 签证 | 抽奖 | 押金 | 收费 | 红包 | 票价 | 套餐 | 免费 | 月票 | 钱包 | 自助 | 零钱 | 外币 | 促销 | 身份证 | 中奖 | 付费 | 回扣 | 驾照 | 通行证 | 专柜 | 快递 | 购买 | 福利 | 打包 | 外卖 | 上网,47.972773615475035,0.9979066342006134,0.0020339287501201903,交费:1.000000 | 预订:1.000000 | 打折:1.000000 | 打包:1.000000 | 特价:1.000000 | 退票:1.000000 | 免费:1.000000 | 促销:1.000000 | 中奖:1.000000 | 红包:1.000000 | 机票:1.000000 | 车票:1.000000,正版:0.028583 | 租金:0.019336
84,68,0.2505731124093234,-0.023139791853579134,0.8088235294117647,暖 | 松 | 陡 | 沉 | 淡 | 缓 | 静 | 暗 | 顺 | 泻 | 猛 | 久,窄 | 震 | 开花 | 稳 | 豁 | 流水 | 静 | 沉,溢 | 变 | 开花 | 潮 | 流水 | 雨 | 暗 | 泄 | 焦 | 盛 | 缩 | 阔,暖 | 松 | 陡 | 沉 | 淡 | 缓 | 静 | 暗 | 顺 | 泻 | 猛 | 久 | 流 | 宽 | 润 | 紧 | 涌 | 虚 | 急 | 泄 | 阔 | 漫 | 亮 | 晴 | 雨 | 震 | 长 | 慢 | 浅 | 溢 | 雾 | 豁 | 窄 | 直 | 稳 | 腾 | 旺 | 气 | 动 | 绿 | 阴 | 浪 | 迟 | 快 | 深 | 清 | 热 | 扬 | 消 | 重 | 风 | 光 | 短 | 潮 | 盛 | 严 | 缩 | 变 | 景 | 足 | 立 | 齐 | 焦 | 迈 | 牢 | 化 | 流水 | 开花,68.13112178718163,0.9975227000659925,0.002392630133661536,慢:1.000000 | 淡:1.000000 | 陡:1.000000 | 润:1.000000 | 窄:1.000000 | 急:1.000000 | 缓:1.000000 | 暖:1.000000 | 紧:1.000000 | 漫:1.000000 | 直:1.000000 | 宽:1.000000,安:0.136317 | 聚:0.012891 | 青:0.012378 | 冷:0.011127
85,38,0.3643098109636035,0.021285528369232327,0.2894736842105263,大声 | 哄堂大笑 | 小声 | 鸦雀无声 | 交头接耳 | 眉开眼笑 | 欢呼 | 鼓掌 | 前仰后合 | 掌声 | 七嘴八舌 | 情不自禁,过头 | 热烈 | 如醉如痴 | 情不自禁 | 半真半假 | 一言不发 | 一声不吭 | 眉开眼笑,一言不发 | 情不自禁 | 滔滔不绝 | 得意扬扬 | 抑扬顿挫 | 哄堂大笑 | 目不转睛 | 前仰后合 | 鸦雀无声 | 鼓掌 | 大声 | 绘声绘色,大声 | 哄堂大笑 | 小声 | 鸦雀无声 | 交头接耳 | 眉开眼笑 | 欢呼 | 鼓掌 | 前仰后合 | 掌声 | 七嘴八舌 | 情不自禁 | 得意扬扬 | 一声不吭 | 异口同声 | 目不转睛 | 兴高采烈 | 滔滔不绝 | 经久不息 | 响起 | 一言不发 | 如醉如痴 | 喝彩 | 津津有味 | 热烈 | 叫好 | 绘声绘色 | 哗然 | 一阵 | 抑扬顿挫 | 半真半假 | 呐喊 | 在场 | 响亮 | 兴致 | 全场 | 传来 | 过头,37.99701231758671,0.9994286477554845,0.0006661051438734516,欢呼:1.000000 | 热烈:1.000000 | 兴高采烈:1.000000 | 喝彩:1.000000 | 哄堂大笑:1.000000 | 叫好:1.000000 | 眉开眼笑:1.000000 | 呐喊:1.000000 | 哗然:1.000000 | 津津有味:1.000000 | 鼓掌:1.000000 | 全场:1.000000,
86,42,0.3458593507468112,0.08141510610414715,0.09523809523809523,遇难 | 火灾 | 丧生 | 灾害 | 水灾 | 车祸 | 受伤 | 死亡 | 事故 | 倒塌 | 伤亡 | 重伤,尸体 | 迷路 | 霍乱 | 危险 | 瘫痪 | 中断 | 伤势 | 危急,突发 | 重伤 | 霍乱 | 抢救 | 着火 | 水灾 | 危急 | 伤势 | 解体 | 幸存 | 千钧一发 | 灾害,遇难 | 火灾 | 丧生 | 灾害 | 水灾 | 车祸 | 受伤 | 死亡 | 事故 | 倒塌 | 伤亡 | 重伤 | 失踪 | 遇险 | 旱灾 | 暴雨 | 爆炸 | 空难 | 地震 | 瘟疫 | 海啸 | 着火 | 停电 | 不幸 | 突发 | 幸存 | 无家可归 | 危急 | 伤势 | 抢救 | 受害 | 瘫痪 | 特大 | 霍乱 | 干旱 | 灭绝 | 危险 | 迷路 | 尸体 | 千钧一发 | 中断 | 解体,42.00746995046435,0.9991605954429036,0.0008663315688409496,车祸:1.000000 | 水灾:1.000000 | 旱灾:1.000000 | 无家可归:1.000000 | 干旱:1.000000 | 瘟疫:1.000000 | 倒塌:1.000000 | 丧生:1.000000 | 伤亡:1.000000 | 火灾:1.000000 | 幸存:1.000000 | 遇难:1.000000,灾:0.027829 | 风沙:0.012296
87,44,0.35476508958121916,0.011469800578597674,0.4090909090909091,英俊 | 俊俏 | 身材 | 壮实 | 健壮 | 气质 | 强壮 | 沉稳 | 稳重 | 长相 | 刚毅 | 硬朗,能人 | 嗜好 | 沉稳 | 绅士 | 口音 | 健美 | 高超 | 稳重,绅士 | 形象 | 出众 | 口音 | 敏捷 | 身高 | 修长 | 健美 | 英俊 | 发型 | 敏锐 | 强壮,英俊 | 俊俏 | 身材 | 壮实 | 健壮 | 气质 | 强壮 | 沉稳 | 稳重 | 长相 | 刚毅 | 硬朗 | 外貌 | 苗条 | 修长 | 灵巧 | 性情 | 外表 | 出众 | 高大 | 高贵 | 坚韧 | 矮小 | 心灵手巧 | 个性 | 宽厚 | 足智多谋 | 敏捷 | 身高 | 健美 | 天生 | 敏锐 | 年轻 | 灵敏 | 绅士 | 发型 | 形象 | 个子 | 高超 | 亲和力 | 一身 | 口音 | 嗜好 | 能人,43.89760093233755,0.9969102493562952,0.0024372643043649106,矮小:1.000000 | 强壮:1.000000 | 心灵手巧:1.000000 | 健美:1.000000 | 敏锐:1.000000 | 灵巧:1.000000 | 外貌:1.000000 | 身材:1.000000 | 灵敏:1.000000 | 个子:1.000000 | 亲和力:1.000000 | 口音:1.000000,性格:0.012986
88,35,0.3309472500194296,0.01663580024596727,0.2857142857142857,挣 | 挣钱 | 赚 | 买 | 省钱 | 钱 | 掏钱 | 养活 | 赚钱 | 卖 | 舍不得 | 买不起,偷懒 | 惦记 | 拿 | 折腾 | 拼 | 省事 | 够 | 舍不得,搞 | 白白 | 折腾 | 钱 | 偷懒 | 舍得 | 买 | 赚钱 | 发财 | 算 | 靠 | 手头,挣 | 挣钱 | 赚 | 买 | 省钱 | 钱 | 掏钱 | 养活 | 赚钱 | 卖 | 舍不得 | 买不起 | 拿 | 操心 | 过日子 | 凑合 | 够 | 省事 | 折腾 | 发财 | 偷懒 | 惦记 | 价钱 | 搞 | 少 | 沾光 | 对得起 | 算 | 做 | 靠 | 拼 | 舍得 | 白白 | 缺 | 手头,34.992955642661926,0.9997146038698921,0.0003873958570740294,搞:1.000000 | 养活:1.000000 | 省钱:1.000000 | 掏钱:1.000000 | 价钱:1.000000 | 舍得:1.000000 | 拿:1.000000 | 凑合:1.000000 | 赚:1.000000 | 赚钱:1.000000 | 卖:1.000000 | 缺:1.000000,
89,37,0.3779668837893494,0.0363501101412391,0.21621621621621623,聊天儿 | 溜达 | 打盹儿 | 玩儿 | 遛 | 转悠 | 睡 | 干活儿 | 玩耍 | 晒太阳 | 伺候 | 散步,凉快 | 走路 | 收拾 | 住 | 侃大山 | 使唤 | 躲 | 偷看,干活儿 | 晒太阳 | 呆 | 打扰 | 打听 | 打发 | 伺候 | 捉迷藏 | 溜达 | 侍候 | 光顾 | 躲,聊天儿 | 溜达 | 打盹儿 | 玩儿 | 遛 | 转悠 | 睡 | 干活儿 | 玩耍 | 晒太阳 | 伺候 | 散步 | 逛 | 串门 | 晃荡 | 侍候 | 陪 | 躲 | 呆 | 侃大山 | 打扫 | 偷看 | 找 | 下棋 | 忙活 | 打搅 | 打发 | 使唤 | 凉快 | 打扰 | 收拾 | 捉迷藏 | 光顾 | 走路 | 打听 | 问路 | 住,37.044770884245125,0.9996544110125375,0.00041376569739986124,转悠:1.000000 | 晃荡:1.000000 | 使唤:1.000000 | 溜达:1.000000 | 光顾:1.000000 | 走路:1.000000 | 逛:1.000000 | 打发:1.000000 | 打扫:1.000000 | 散步:1.000000 | 侍候:1.000000 | 找:1.000000,放过:0.056019
90,45,0.2587021372461931,-0.026917529552556083,0.6222222222222222,探讨 | 介绍 | 谈到 | 讨论 | 透露 | 畅谈 | 了解 | 指出 | 强调 | 解读 | 谈起 | 表示,峰会 | 好评 | 认可 | 互访 | 提起 | 咨询 | 所在 | 促成,解读 | 印证 | 推荐 | 表示 | 提起 | 回顾 | 获悉 | 互访 | 调研 | 接受 | 商讨 | 讨论,探讨 | 介绍 | 谈到 | 讨论 | 透露 | 畅谈 | 了解 | 指出 | 强调 | 解读 | 谈起 | 表示 | 听取 | 商讨 | 回顾 | 提到 | 交流 | 梳理 | 考察 | 评价 | 调研 | 反映 | 印证 | 沟通 | 获悉 | 报道 | 评判 | 看出 | 认可 | 关注 | 展望 | 合作 | 借鉴 | 点评 | 咨询 | 推荐 | 代表 | 接受 | 促成 | 提起 | 酝酿 | 好评 | 互访 | 峰会 | 所在,45.085784610755375,0.9994035095773716,0.0007554874336874714,探讨:1.000000 | 介绍:1.000000 | 讨论:1.000000 | 接受:1.000000 | 交流:1.000000 | 谈到:1.000000 | 回顾:1.000000 | 畅谈:1.000000 | 了解:1.000000 | 考察:1.000000 | 酝酿:0.999999 | 获悉:0.999999,总经理:0.034324 | 论坛:0.032462 | 加盟:0.010553
91,36,0.4205292406318757,0.07673107310631683,0.1388888888888889,衷心 | 真诚 | 敬重 | 敬佩 | 感激 | 钦佩 | 诚挚 | 真挚 | 敬意 | 诚恳 | 尊敬 | 赞许,称赞 | 由衷 | 坦诚 | 满怀 | 钦佩 | 深情 | 感激 | 敬佩,赞赏 | 关心 | 深切 | 敬佩 | 感激 | 忠实 | 称赞 | 满怀 | 虔诚 | 热心 | 尊敬 | 赞扬,衷心 | 真诚 | 敬重 | 敬佩 | 感激 | 钦佩 | 诚挚 | 真挚 | 敬意 | 诚恳 | 尊敬 | 赞许 | 由衷 | 赞扬 | 赞赏 | 关怀 | 深情 | 深切 | 亲切 | 信任 | 敬爱 | 信赖 | 坦诚 | 拥护 | 称赞 | 虔诚 | 热情 | 慷慨 | 满怀 | 热心 | 关心 | 诚意 | 无微不至 | 坚定 | 郑重 | 忠实,36.037316115974136,0.9999590869052992,0.00006994558485919728,郑重:1.000000 | 诚挚:1.000000 | 钦佩:1.000000 | 衷心:1.000000 | 深情:1.000000 | 慷慨:1.000000 | 赞赏:1.000000 | 赞许:1.000000 | 赞扬:1.000000 | 敬重:1.000000 | 诚意:1.000000 | 信赖:1.000000,忠诚:0.031261
92,65,0.300285045755319,-0.019676976391956102,0.6461538461538462,蛋白质 | 食物 | 营养 | 脂肪 | 植物 | 海藻 | 细菌 | 洗涤剂 | 钙 | 贮藏 | 液体 | 食用,烹调 | 气味 | 偏方 | 热水 | 禁忌 | 烘干 | 处方 | 杂交,贮藏 | 保质期 | 野生 | 害虫 | 二氧化碳 | 低温 | 保鲜 | 氧气 | 喂养 | 热水 | 酒精 | 蜜蜂,蛋白质 | 食物 | 营养 | 脂肪 | 植物 | 海藻 | 细菌 | 洗涤剂 | 钙 | 贮藏 | 液体 | 食用 | 抗生素 | 冷冻 | 热量 | 富含 | 氧气 | 粪便 | 保鲜 | 含量 | 酒精 | 纤维 | 烹调 | 害虫 | 维生素 | 水分 | 氧 | 昆虫 | 喂养 | 消毒 | 剂 | 繁殖 | 膳食 | 常温 | 低温 | 二氧化碳 | 热水 | 动物 | 物质 | 土壤 | 气味 | 烘干 | 空气 | 保健 | 野生 | 饲养 | 止咳 | 饮食 | 保质期 | 酿造 | 毫升 | 气泡 | 蜜蜂 | 栽培 | 适量 | 美容 | 生物 | 杂交 | 膜 | 人造 | 胶囊 | 偏方 | 海绵 | 禁忌 | 处方,65.11043313506984,0.9976458068200036,0.0021399275988608244,食用:1.000000 | 栽培:1.000000 | 气味:1.000000 | 食物:1.000000 | 烹调:1.000000 | 营养:1.000000 | 饲养:1.000000 | 酿造:1.000000 | 富含:1.000000 | 适量:1.000000 | 保质期:1.000000 | 膳食:1.000000,地下水:0.123836 | 药水:0.030598 | 种植:0.023742 | 激素:0.012301
93,110,0.3685381764128915,0.0495491518273377,0.15454545454545454,就算 | 也许 | 毕竟 | 难道 | 当然 | 反正 | 只不过 | 要不然 | 不然 | 何况 | 要是 | 说不定,一不小心 | 非得 | 不如 | 不算 | 会 | 没有 | 恰恰 | 这么,当然 | 无论如何 | 恐怕 | 本来 | 反正 | 迟早 | 没准儿 | 纵然 | 为什么 | 还 | 大概 | 但,就算 | 也许 | 毕竟 | 难道 | 当然 | 反正 | 只不过 | 要不然 | 不然 | 何况 | 要是 | 说不定 | 好歹 | 其实 | 要不 | 可是 | 恐怕 | 但是 | 也 | 好像 | 哪怕 | 是不是 | 别说 | 没准儿 | 确实 | 既然 | 明明 | 虽说 | 倒是 | 终究 | 或许 | 纵然 | 不过 | 肯定 | 的确 | 那 | 况且 | 顶多 | 不见得 | 固然 | 那么 | 即便 | 即使 | 本来 | 只是 | 说白了 | 虽然 | 所以 | 不一定 | 都 | 按说 | 因为 | 要么 | 未必 | 按理说 | 不管 | 说到底 | 还是 | 就 | 但 | 无非 | 大概 | 没错 | 怎么 | 说不上 | 可不是 | 应该 | 莫非 | 只要 | 总之 | 为什么 | 就是 | 非得 | 照样 | 必定 | 然而 | 可能 | 恰恰 | 很难说 | 不用说 | 而是 | 才 | 迟早 | 好比 | 往往 | 这 | 必然 | 无论如何 | 唯独 | 没关系 | 总而言之 | 也好 | 还 | 什么 | 没什么 | 根本 | 这么 | 是 | 归根到底 | 总的来说 | 到底 | 又 | 不算 | 差不多 | 一不小心 | 没有 | 怎么样 | 比方 | 不如 | 会,110.34897258525272,0.9919300598203816,0.007054845783652113,要不然:1.000000 | 不过:1.000000 | 要是:1.000000 | 当然:0.999999 | 说白了:0.999999 | 大概:0.999998 | 况且:0.999998 | 说到底:0.999997 | 其实:0.999997 | 别说:0.999997 | 既然:0.999996 | 就算:0.999995,如果说:0.255692 | 没:0.167399 | 真的:0.137168 | 无论:0.102252 | 实在:0.099371 | 如果:0.059861 | 吗:0.049512 | 几乎:0.041299
94,52,0.43842828241397735,0.09635401769132493,0.019230769230769232,愚蠢 | 自私 | 狡猾 | 粗鲁 | 卑鄙 | 奸诈 | 可恶 | 残忍 | 虚伪 | 凶残 | 冷酷 | 丑陋,自卑 | 暴躁 | 世故 | 天真 | 无辜 | 盛气凌人 | 可怕 | 软弱,愚蠢 | 自卑 | 无知 | 无能 | 盛气凌人 | 虚伪 | 高傲 | 幼稚 | 自私 | 可耻 | 冷酷 | 卑鄙,愚蠢 | 自私 | 狡猾 | 粗鲁 | 卑鄙 | 奸诈 | 可恶 | 残忍 | 虚伪 | 凶残 | 冷酷 | 丑陋 | 可笑 | 傲慢 | 凶恶 | 无知 | 高傲 | 无情无义 | 贪婪 | 邪恶 | 幼稚 | 冷酷无情 | 鲁莽 | 固执 | 凶狠 | 暴躁 | 可悲 | 懒惰 | 古怪 | 自以为是 | 胆小 | 软弱 | 庸俗 | 无能 | 天真 | 可耻 | 狭隘 | 目中无人 | 可怕 | 世故 | 放肆 | 顽固 | 粗暴 | 怪异 | 渺小 | 自卑 | 盛气凌人 | 无情 | 滑稽 | 无辜 | 异想天开 | 骇人听闻,51.98771166096731,0.9989854292388614,0.0008355434401779616,狡猾:1.000000 | 凶残:1.000000 | 凶恶:1.000000 | 凶狠:1.000000 | 奸诈:1.000000 | 冷酷:1.000000 | 可笑:1.000000 | 鲁莽:1.000000 | 自卑:1.000000 | 无辜:1.000000 | 粗鲁:1.000000 | 无情:1.000000,倔强:0.014913 | 调皮:0.010042
95,34,0.28415396629010425,-0.005464595158427103,0.5,剧烈 | 急剧 | 缓慢 | 骤然 | 紧张 | 激烈 | 猛烈 | 短暂 | 频繁 | 大幅度 | 沉闷 | 轻微,令 | 出人意料 | 沉闷 | 放松 | 不定 | 松弛 | 缓和 | 局部,缓慢 | 骤然 | 突如其来 | 紧缩 | 急剧 | 轻微 | 短暂 | 正常 | 紧张 | 缓和 | 沉闷 | 微弱,剧烈 | 急剧 | 缓慢 | 骤然 | 紧张 | 激烈 | 猛烈 | 短暂 | 频繁 | 大幅度 | 沉闷 | 轻微 | 缓和 | 松弛 | 忽高忽低 | 极度 | 过度 | 停顿 | 强烈 | 异常 | 交替 | 微弱 | 紧缩 | 间断 | 反复 | 放松 | 密集 | 突如其来 | 过早 | 不定 | 正常 | 局部 | 出人意料 | 令,34.02003955849084,0.9999694129753862,0.00005825001977890964,轻微:1.000000 | 骤然:1.000000 | 极度:1.000000 | 松弛:1.000000 | 反复:1.000000 | 密集:1.000000 | 微弱:1.000000 | 猛烈:1.000000 | 放松:1.000000 | 短暂:1.000000 | 过早:1.000000 | 缓慢:1.000000,不良:0.014127
96,59,0.29507269709061945,-0.02001478370712002,0.6779661016949152,情愿 | 轻易 | 毫不犹豫 | 竭力 | 不肯 | 极力 | 不惜 | 执意 | 理直气壮 | 无意 | 刻意 | 拼命,未免 | 一时 | 一贯 | 容许 | 心安理得 | 拼命 | 难免 | 伺机,不容 | 彻底 | 正当 | 坚决 | 迫使 | 试图 | 单方面 | 毫无 | 愿意 | 敢于 | 毫不 | 拼命,情愿 | 轻易 | 毫不犹豫 | 竭力 | 不肯 | 极力 | 不惜 | 执意 | 理直气壮 | 无意 | 刻意 | 拼命 | 愿意 | 不得不 | 甘心 | 急于 | 毫不 | 趁机 | 一味 | 乐意 | 心安理得 | 坚决 | 一再 | 强行 | 盲目 | 理所当然 | 三番五次 | 不得已 | 不假思索 | 有意 | 敢于 | 试图 | 轻而易举 | 不能不 | 勉强 | 只得 | 暗中 | 顺理成章 | 单方面 | 伺机 | 随心所欲 | 大胆 | 毫无 | 天经地义 | 果断 | 大包大揽 | 无条件 | 不容 | 不可避免 | 难免 | 容许 | 迫使 | 彻底 | 未免 | 一贯 | 互相 | 一时 | 自始至终 | 正当,59.179414228556695,0.9961523417336787,0.002268304512035576,坚决:1.000000 | 轻而易举:1.000000 | 毫不:1.000000 | 一贯:1.000000 | 毫不犹豫:1.000000 | 勉强:1.000000 | 果断:1.000000 | 盲目:1.000000 | 敢于:1.000000 | 只得:1.000000 | 有意:1.000000 | 极力:1.000000,无所谓:0.200071 | 不免:0.050813 | 暗地里:0.039725 | 指望:0.029455 | 不料:0.018641
97,47,0.2539132475174199,0.010188800772098291,0.40425531914893614,许多 | 大多数 | 绝大多数 | 大部分 | 越来越 | 大量 | 不少 | 日益 | 多数 | 诸多 | 日趋 | 愈来愈,巨大 | 备受 | 竞相 | 尤为 | 之外 | 与日俱增 | 以外 | 乃至,愈来愈 | 与日俱增 | 近年来 | 日趋 | 许多 | 大部分 | 越来越 | 各个 | 传统 | 时期 | 近来 | 年代,许多 | 大多数 | 绝大多数 | 大部分 | 越来越 | 大量 | 不少 | 日益 | 多数 | 诸多 | 日趋 | 愈来愈 | 普遍 | 大批 | 长期以来 | 以往 | 近年来 | 空前 | 成千上万 | 少有 | 各个 | 多年来 | 近来 | 早期 | 历来 | 前所未有 | 多年 | 一系列 | 初期 | 与日俱增 | 尤为 | 大规模 | 全世界 | 大面积 | 一部分 | 整个 | 传统 | 巨大 | 国外 | 备受 | 竞相 | 年代 | 时期 | 乃至 | 以外 | 当中 | 之外,46.65563760818089,0.9911705141093401,0.003784362340339631,竞相:1.000000 | 日趋:1.000000 | 各个:1.000000 | 大批:1.000000 | 普遍:1.000000 | 空前:1.000000 | 日益:1.000000 | 近来:0.999998 | 之外:0.999997 | 大量:0.999997 | 前所未有:0.999996 | 与日俱增:0.999995,以来:0.016337 | 以前:0.013434
98,43,0.31066127997562654,-0.00953663755984078,0.6046511627906976,否定 | 歪曲 | 忽视 | 抨击 | 夸大 | 忽略 | 吹捧 | 否认 | 宣扬 | 理解 | 正视 | 容忍,揣测 | 争论 | 抨击 | 反省 | 触动 | 认同 | 歧视 | 吹捧,掩饰 | 否定 | 归结 | 掩盖 | 触动 | 违背 | 抨击 | 牵扯 | 标榜 | 认同 | 容忍 | 对待,否定 | 歪曲 | 忽视 | 抨击 | 夸大 | 忽略 | 吹捧 | 否认 | 宣扬 | 理解 | 正视 | 容忍 | 排斥 | 掩饰 | 掩盖 | 揣测 | 谈论 | 承认 | 认同 | 违背 | 歧视 | 回避 | 批判 | 迎合 | 顾及 | 混淆 | 看待 | 误导 | 强加 | 对待 | 反思 | 标榜 | 争论 | 灌输 | 抵触 | 低估 | 牵扯 | 反省 | 归结 | 触动 | 炒作 | 破除 | 牵涉,42.94745244809925,0.9987139321277043,0.0014288649709663132,混淆:1.000000 | 忽略:1.000000 | 反思:1.000000 | 歪曲:1.000000 | 灌输:1.000000 | 迎合:1.000000 | 牵扯:1.000000 | 否定:1.000000 | 忽视:1.000000 | 否认:1.000000 | 谈论:1.000000 | 夸大:1.000000,
99,35,0.3145473368718064,-0.05034352231164189,0.7714285714285715,兜儿 | 盘子 | 架子 | 本子 | 筐 | 棺材 | 口袋 | 笼子 | 渣子 | 帽子 | 炉子 | 辫子,炉子 | 笼子 | 房子 | 棺材 | 架子 | 位子 | 靴子 | 木匠,口子 | 手里 | 位子 | 木匠 | 一头 | 块 | 窟窿 | 尺子 | 金子 | 砖 | 本子 | 钞票,兜儿 | 盘子 | 架子 | 本子 | 筐 | 棺材 | 口袋 | 笼子 | 渣子 | 帽子 | 炉子 | 辫子 | 饭碗 | 尺子 | 窟窿 | 画儿 | 手里 | 靴子 | 房子 | 担子 | 金子 | 算盘 | 牌子 | 钞票 | 包袱 | 钥匙 | 砖 | 位子 | 秤 | 木匠 | 口子 | 锤子 | 堆 | 块 | 一头,35.12695996825787,0.9985530214133558,0.0015561888149373633,尺子:1.000000 | 牌子:1.000000 | 兜儿:1.000000 | 架子:1.000000 | 担子:1.000000 | 房子:1.000000 | 窟窿:1.000000 | 画儿:1.000000 | 位子:1.000000 | 钥匙:1.000000 | 金子:1.000000 | 盘子:1.000000,瓶子:0.087860 | 盖子:0.027454 | 管子:0.025912 | 牌:0.015281
100,55,0.31928321086571365,0.03141307104063814,0.2909090909090909,形状 | 圆形 | 花纹 | 线条 | 弯曲 | 尺寸 | 颜色 | 轮廓 | 厚度 | 外形 | 直径 | 体积,完好 | 雕刻 | 裸露 | 质地 | 一长一短 | 框 | 包裹 | 仿,物体 | 灰色 | 颜色 | 转动 | 静止 | 搭配 | 尺寸 | 背面 | 造型 | 侧面 | 宽度 | 表面,形状 | 圆形 | 花纹 | 线条 | 弯曲 | 尺寸 | 颜色 | 轮廓 | 厚度 | 外形 | 直径 | 体积 | 宽度 | 旋转 | 白色 | 造型 | 外观 | 长度 | 平面 | 变形 | 形 | 转动 | 棱角 | 伸缩 | 重量 | 背面 | 镶嵌 | 物体 | 遮盖 | 黑色 | 构造 | 灰色 | 雕刻 | 质地 | 摆动 | 黄色 | 切割 | 折叠 | 发光 | 荧光 | 表面 | 搭配 | 框 | 静止 | 裸露 | 一长一短 | 大小 | 黑白 | 侧面 | 变换 | 悬挂 | 光线 | 包裹 | 仿 | 完好,54.96366094434222,0.997830160395408,0.002211936777176893,形状:1.000000 | 镶嵌:1.000000 | 花纹:1.000000 | 颜色:1.000000 | 棱角:1.000000 | 轮廓:1.000000 | 搭配:1.000000 | 裸露:1.000000 | 弯曲:1.000000 | 外观:1.000000 | 旋转:1.000000 | 圆形:1.000000,对称:0.038016 | 设计:0.015382
101,26,0.441881458462188,0.11044579949702163,0.11538461538461539,鲜美 | 可口 | 美味 | 风味 | 味道 | 口感 | 醇厚 | 好吃 | 香味 | 甜 | 味儿 | 麻辣,小曲 | 清凉 | 特产 | 素食 | 养生 | 浓 | 热腾腾 | 新鲜,好吃 | 醇厚 | 甜 | 素食 | 养生 | 特产 | 辣 | 小曲 | 麻辣 | 美食 | 可口 | 新鲜,鲜美 | 可口 | 美味 | 风味 | 味道 | 口感 | 醇厚 | 好吃 | 香味 | 甜 | 味儿 | 麻辣 | 口味 | 辣 | 香 | 美食 | 正宗 | 热腾腾 | 新鲜 | 清淡 | 素食 | 清凉 | 特产 | 浓 | 小曲 | 养生,25.998673004314917,0.9999392032713111,0.00009844503003141168,可口:1.000000 | 味儿:1.000000 | 清淡:1.000000 | 鲜美:1.000000 | 好吃:1.000000 | 味道:1.000000 | 特产:1.000000 | 风味:1.000000 | 麻辣:1.000000 | 正宗:1.000000 | 美味:1.000000 | 甜:1.000000,
102,42,0.36913442896272947,0.015509608931444596,0.42857142857142855,神情 | 眼神 | 笑容 | 表情 | 微笑 | 神态 | 语气 | 泪水 | 呜咽 | 笑声 | 嬉笑 | 点头,抚摸 | 吻 | 沉思 | 敬礼 | 心事 | 响声 | 众人 | 握手,道 | 脑海 | 握手 | 笑声 | 众人 | 口哨 | 泪 | 样子 | 声音 | 自言自语 | 目光 | 沉思,神情 | 眼神 | 笑容 | 表情 | 微笑 | 神态 | 语气 | 泪水 | 呜咽 | 笑声 | 嬉笑 | 点头 | 笑脸 | 口气 | 脸色 | 眼泪 | 声音 | 模样 | 自言自语 | 眼色 | 抚摸 | 目光 | 样子 | 沉思 | 鞠躬 | 泪 | 口哨 | 心事 | 声 | 注视 | 响声 | 俯首 | 心中 | 握手 | 众人 | 吻 | 敬礼 | 脑海 | 面前 | 一举一动 | 道 | 怀抱,42.00091049009171,0.9998066503148657,0.0002728358619064453,微笑:1.000000 | 口哨:1.000000 | 笑容:1.000000 | 声音:1.000000 | 眼泪:1.000000 | 笑脸:1.000000 | 泪水:1.000000 | 吻:1.000000 | 眼色:1.000000 | 响声:1.000000 | 鞠躬:1.000000 | 口气:1.000000,
103,51,0.2760254632468268,-0.008451076179605577,0.6274509803921569,飞行 | 导弹 | 潜艇 | 航行 | 侦察 | 飞船 | 转弯 | 发射 | 机动 | 军舰 | 救援 | 搜救,钓鱼 | 台风 | 急救 | 炸弹 | 破案 | 野外 | 紧急 | 报警,军舰 | 钓鱼 | 导弹 | 飞行 | 逃生 | 潜水 | 紧急 | 点火 | 倒车 | 熄火 | 报警 | 飞船,飞行 | 导弹 | 潜艇 | 航行 | 侦察 | 飞船 | 转弯 | 发射 | 机动 | 军舰 | 救援 | 搜救 | 刹车 | 坦克 | 船只 | 演习 | 驾驶 | 起飞 | 追尾 | 空中 | 炸弹 | 急转弯 | 潜水 | 逃生 | 火箭 | 两栖 | 熄火 | 倒车 | 高空 | 演练 | 打捞 | 超速 | 急救 | 时速 | 报警 | 超车 | 指挥 | 红灯 | 紧急 | 点火 | 绿灯 | 台风 | 陨石 | 月球 | 野外 | 突击 | 闪电 | 钓鱼 | 破案 | 禁区 | 向导,50.989938715236846,0.9979269482139407,0.002197061959855997,钓鱼:1.000000 | 演练:1.000000 | 熄火:1.000000 | 潜水:1.000000 | 演习:1.000000 | 点火:1.000000 | 逃生:1.000000 | 机动:1.000000 | 侦察:1.000000 | 发射:1.000000 | 报警:1.000000 | 野外:0.999999,车速:0.044926 | 长途:0.014413
104,99,0.22280555065181512,-0.059977983415489745,0.9292929292929293,好久 | 完了 | 半天 | 钟头 | 今天 | 明天 | 再说 | 以后 | 多久 | 转眼 | 整整 | 完,倒 | 但愿 | 再说 | 大家 | 唯 | 请问 | 估计 | 表,后天 | 次数 | 二 | 点 | 昨天 | 一半 | 眼看 | 从头 | 完了 | 一口气 | 钟头 | 在,好久 | 完了 | 半天 | 钟头 | 今天 | 明天 | 再说 | 以后 | 多久 | 转眼 | 整整 | 完 | 刚刚 | 之前 | 最后 | 刚 | 之后 | 时候 | 星期 | 昨天 | 等到 | 好多 | 前天 | 一晃 | 接下来 | 总算 | 一口气 | 天 | 快要 | 终于 | 几 | 过去 | 眼看 | 剩下 | 将近 | 下来 | 出来 | 往后 | 了 | 哪 | 最近 | 上次 | 后 | 结果 | 分钟 | 多少 | 估计 | 半 | 开始 | 大家 | 次 | 前 | 万一 | 半路 | 起来 | 回 | 从头 | 到 | 的话 | 小时 | 一 | 前年 | 时间 | 时 | 一半 | 钟 | 后天 | 早晚 | 何时 | 两 | 连 | 第二 | 但愿 | 点 | 上 | 倒 | 分 | 稍候 | 在 | 请问 | 为何 | 万万 | 下期 | 期末 | 从 | 另 | 被 | 次数 | 远远 | 每 | 起 | 必 | 本 | 总 | 本期 | 二 | 上期 | 唯 | 表,99.42577842511358,0.9932442436186942,0.0053188257727264585,完:1.000000 | 明天:0.999999 | 请问:0.999999 | 期末:0.999999 | 分钟:0.999998 | 最后:0.999998 | 今天:0.999994 | 好久:0.999993 | 次:0.999992 | 从头:0.999992 | 昨天:0.999991 | 一半:0.999991,上个月:0.136321 | 哪里:0.118026 | 周:0.112516 | 所有:0.076953 | 什么:0.057450 | 我们:0.040161 | 没想到:0.031940 | 三:0.031913
105,70,0.34137573165433754,-0.013341842930720547,0.6285714285714286,拧 | 搓 | 捏 | 蹬 | 劈 | 揉 | 擦 | 绷 | 缠 | 搂 | 捶 | 绞,拎 | 涂 | 溅 | 握 | 伸 | 掉 | 筛 | 染,抬 | 绑 | 露 | 咬 | 漂 | 驮 | 扑 | 擦 | 掐 | 浮 | 拎 | 梳,拧 | 搓 | 捏 | 蹬 | 劈 | 揉 | 擦 | 绷 | 缠 | 搂 | 捶 | 绞 | 扳 | 咬 | 掐 | 夹 | 绑 | 刨 | 掰 | 兜 | 拎 | 拔 | 滚 | 扎 | 卸 | 抡 | 磨 | 割 | 垫 | 剃 | 勾 | 握 | 压 | 伸 | 抬 | 挥 | 碎 | 埋 | 拖 | 拄 | 脱 | 涂 | 削 | 梳 | 翘 | 挎 | 插 | 扑 | 溅 | 刺 | 切 | 断 | 坠 | 漏 | 塞 | 勒 | 窝 | 撇 | 露 | 卧 | 漂 | 驮 | 染 | 筛 | 戴 | 悬 | 掉 | 顶 | 浮 | 整,70.07213147534442,0.9965698387595255,0.00350972284032502,掉:1.000000 | 坠:1.000000 | 埋:1.000000 | 染:1.000000 | 窝:1.000000 | 搓:1.000000 | 压:1.000000 | 割:1.000000 | 垫:1.000000 | 撇:0.999999 | 碎:0.999998 | 兜:0.999998,吊:0.154342 | 积:0.025488 | 散:0.023910 | 叉:0.015564 | 砍:0.012141
106,52,0.30099714267698763,0.002768294449026813,0.4807692307692308,阻止 | 遏制 | 扰乱 | 削弱 | 阻碍 | 干扰 | 破坏 | 牵制 | 防止 | 损害 | 妨碍 | 妨害,纠缠 | 防卫 | 试探 | 滥用 | 干涉 | 投机 | 停止 | 拖延,施加 | 侵害 | 削弱 | 阻止 | 阻挡 | 侵犯 | 妨碍 | 损害 | 牵制 | 避免 | 控制 | 防止,阻止 | 遏制 | 扰乱 | 削弱 | 阻碍 | 干扰 | 破坏 | 牵制 | 防止 | 损害 | 妨碍 | 妨害 | 威胁 | 压制 | 打击 | 防范 | 侵害 | 干涉 | 阻挡 | 干预 | 危及 | 避免 | 侵犯 | 威慑 | 激化 | 切断 | 制裁 | 杜绝 | 约束 | 逃避 | 纠正 | 提防 | 清除 | 滥用 | 施压 | 排除 | 控制 | 化解 | 拖延 | 警惕 | 操纵 | 施加 | 平息 | 防御 | 暴露 | 纠缠 | 停止 | 强制 | 防卫 | 试探 | 投机 | 松绑,51.9615120311563,0.9984968596932788,0.0014059047467302984,防止:1.000000 | 施压:1.000000 | 纠正:1.000000 | 滥用:1.000000 | 切断:1.000000 | 阻止:1.000000 | 防卫:1.000000 | 控制:1.000000 | 杜绝:1.000000 | 逃避:1.000000 | 牵制:1.000000 | 暴露:1.000000,保护:0.020914
107,79,0.2385334359460089,-0.03602935033344695,0.7848101265822784,零件 | 部件 | 配件 | 设备 | 金属 | 加工 | 塑料 | 工艺 | 材料 | 机械 | 仪器 | 装备,内存 | 厘米 | 克 | 液晶 | 尼龙 | 标签 | 实物 | 定价,毫米 | 金属 | 高压 | 产值 | 口径 | 装备 | 成型 | 标签 | 化石 | 真空 | 桶 | 塑料,零件 | 部件 | 配件 | 设备 | 金属 | 加工 | 塑料 | 工艺 | 材料 | 机械 | 仪器 | 装备 | 陶瓷 | 非金属 | 型号 | 铸造 | 成品 | 印刷 | 尼龙 | 电池 | 包装 | 器材 | 样品 | 橡胶 | 阀门 | 轮胎 | 重型 | 发电机 | 混凝土 | 仪表 | 铝 | 生产 | 规格 | 液晶 | 机器 | 化纤 | 绝缘 | 轻型 | 成型 | 工序 | 芯片 | 气体 | 千克 | 纺织 | 铜 | 产值 | 器械 | 容量 | 真空 | 毫米 | 马力 | 造价 | 工具 | 公斤 | 磅 | 内存 | 输出 | 高压 | 壳 | 锡 | 口径 | 化石 | 标签 | 实物 | 标本 | 厘米 | 样本 | 专利 | 商标 | 桶 | 匹 | 套 | 隐形 | 定价 | 枚 | 空白 | 后备 | 支 | 克,79.29975890353754,0.996836748414434,0.0034661319523171543,器材:1.000000 | 成型:1.000000 | 磅:1.000000 | 铸造:1.000000 | 样品:1.000000 | 金属:1.000000 | 配件:1.000000 | 毫米:1.000000 | 后备:0.999999 | 标本:0.999999 | 纺织:0.999999 | 化纤:0.999999,显示器:0.069257 | 基准:0.053757 | 流通:0.046472 | 服务器:0.041279 | 原材料:0.029707 | 复合:0.027232 | 净:0.024865 | 吨:0.023056
108,57,0.2875387676285065,-0.012422464400408966,0.5789473684210527,军人 | 妇女 | 残疾 | 患者 | 病人 | 罪犯 | 残疾人 | 孕妇 | 士兵 | 儿童 | 女性 | 精神病,急诊 | 患者 | 家长 | 新生 | 病人 | 精神病 | 岁 | 肇事,华裔 | 宇航员 | 民警 | 警官 | 船员 | 伤残 | 家长 | 老年 | 人身 | 职业 | 青年 | 男性,军人 | 妇女 | 残疾 | 患者 | 病人 | 罪犯 | 残疾人 | 孕妇 | 士兵 | 儿童 | 女性 | 精神病 | 青年 | 老年 | 男性 | 囚犯 | 医生 | 警察 | 伤残 | 未成年人 | 盲人 | 成年 | 船员 | 吸毒 | 伤员 | 受害人 | 中年 | 志愿者 | 警官 | 战士 | 飞行员 | 成人 | 家长 | 华裔 | 民警 | 失业 | 下岗 | 年龄 | 宇航员 | 见义勇为 | 岁 | 职业 | 高龄 | 急诊 | 航天员 | 家庭 | 肇事 | 个体 | 科学家 | 性别 | 智力 | 退役 | 人身 | 船长 | 精英 | 新生 | 终身,57.039096561017104,0.9970052671659776,0.002719091958569535,病人:1.000000 | 岁:1.000000 | 女性:1.000000 | 男性:1.000000 | 伤员:1.000000 | 警察:1.000000 | 儿童:1.000000 | 罪犯:1.000000 | 失业:1.000000 | 囚犯:1.000000 | 航天员:1.000000 | 退役:1.000000,艾滋病:0.051153 | 空军:0.044451 | 灾区:0.040935 | 住院:0.026040 | 受害:0.026025
109,65,0.30327114263436794,-0.028756447083369628,0.7538461538461538,不行 | 没辙 | 慌 | 不要紧 | 吃不上 | 回去 | 赔钱 | 够呛 | 出毛病 | 完蛋 | 吃亏 | 回来,头疼 | 空儿 | 打算 | 挨打 | 伤脑筋 | 算账 | 幸免 | 慌,空儿 | 慌 | 够呛 | 怎么办 | 幸免 | 不成 | 打算 | 碰钉子 | 挨打 | 出事 | 奔波 | 下去,不行 | 没辙 | 慌 | 不要紧 | 吃不上 | 回去 | 赔钱 | 够呛 | 出毛病 | 完蛋 | 吃亏 | 回来 | 发愁 | 碰钉子 | 办不到 | 得不偿失 | 过不去 | 伤脑筋 | 犯愁 | 耽误 | 挨打 | 要紧 | 算了 | 耽搁 | 走弯路 | 遭殃 | 豁出去 | 怎么办 | 半途而废 | 干什么 | 不成 | 不了了之 | 罢休 | 亏本 | 慢慢来 | 出事 | 麻烦 | 忙 | 头疼 | 下去 | 上当 | 无济于事 | 一锅粥 | 赶不上 | 跟不上 | 着落 | 出去 | 空儿 | 倾家荡产 | 成问题 | 东奔西走 | 一干二净 | 不通 | 说干就干 | 算账 | 掉队 | 得了 | 上来 | 盘算 | 走过场 | 可想而知 | 打算 | 奔波 | 幸免 | 亡羊补牢,64.77506421724382,0.9938777837910145,0.004439953054255432,发愁:1.000000 | 出事:1.000000 | 犯愁:1.000000 | 吃不上:1.000000 | 亏本:1.000000 | 遭殃:1.000000 | 不通:1.000000 | 慌:1.000000 | 跟不上:1.000000 | 耽搁:1.000000 | 着落:1.000000 | 耽误:1.000000,过来:0.060640 | 惨重:0.017386 | 料到:0.017099 | 跟上:0.011993
110,26,0.44727994400131227,0.09460525091342618,0.038461538461538464,欣喜 | 欣慰 | 惊叹 | 赞叹 | 惊奇 | 兴奋 | 自豪 | 高兴 | 激动 | 感慨 | 赞叹不已 | 感动,容光焕发 | 好奇 | 恋恋不舍 | 得意 | 依依不舍 | 佩服 | 满意 | 感动,好奇 | 满意 | 喜出望外 | 赞不绝口 | 骄傲 | 惊奇 | 激动 | 自豪 | 欣喜 | 兴奋 | 惊叹 | 高兴,欣喜 | 欣慰 | 惊叹 | 赞叹 | 惊奇 | 兴奋 | 自豪 | 高兴 | 激动 | 感慨 | 赞叹不已 | 感动 | 感叹 | 佩服 | 振奋 | 不已 | 喜出望外 | 得意 | 赞不绝口 | 骄傲 | 恋恋不舍 | 好奇 | 依依不舍 | 满意 | 爱不释手 | 容光焕发,25.99282067258538,0.9997238668166689,0.0003138300565795471,振奋:1.000000 | 爱不释手:1.000000 | 欣喜:1.000000 | 兴奋:1.000000 | 好奇:1.000000 | 赞不绝口:1.000000 | 喜出望外:1.000000 | 自豪:1.000000 | 依依不舍:1.000000 | 骄傲:1.000000 | 满意:1.000000 | 恋恋不舍:1.000000,
111,57,0.34546555034882176,0.03639626805005982,0.2631578947368421,山岭 | 山坡 | 树林 | 山顶 | 山谷 | 峡谷 | 远处 | 小溪 | 丘陵 | 东边 | 山峰 | 西边,前方 | 波浪 | 城墙 | 天空 | 树荫 | 隔开 | 雨水 | 废墟,两侧 | 堤坝 | 山冈 | 雨水 | 穿过 | 岸上 | 山谷 | 前方 | 风沙 | 海水 | 远处 | 深处,山岭 | 山坡 | 树林 | 山顶 | 山谷 | 峡谷 | 远处 | 小溪 | 丘陵 | 东边 | 山峰 | 西边 | 树梢 | 沼泽 | 礁石 | 树荫 | 南边 | 小路 | 海面 | 河流 | 北边 | 悬崖 | 池塘 | 岸上 | 湖泊 | 堤坝 | 平原 | 岩石 | 山冈 | 水面 | 树木 | 深处 | 城墙 | 旁 | 穿过 | 上空 | 村庄 | 天空 | 地带 | 河畔 | 两侧 | 尽头 | 周围 | 海水 | 四周 | 沿 | 风沙 | 波浪 | 废墟 | 雨水 | 便道 | 通往 | 隔开 | 前方 | 十字路口 | 边缘 | 间,56.8699696505269,0.9971380591339688,0.00242943823422643,西边:1.000000 | 东边:1.000000 | 南边:1.000000 | 树荫:1.000000 | 北边:1.000000 | 废墟:1.000000 | 树林:1.000000 | 小路:1.000000 | 尽头:1.000000 | 上空:1.000000 | 通往:1.000000 | 远处:1.000000,中部:0.011088
112,41,0.38140938638010347,0.017697673750974,0.34146341463414637,瞧不起 | 嫉妒 | 妒忌 | 嫌弃 | 看不起 | 讨厌 | 鄙视 | 羡慕 | 贪玩儿 | 耻笑 | 在乎 | 不屑,羡慕 | 耻笑 | 打扮 | 好感 | 夸夸其谈 | 不屑 | 出风头 | 贪玩儿,爱面子 | 耻笑 | 嫌弃 | 鄙视 | 宠爱 | 嫉妒 | 不屑 | 无所谓 | 瞧不起 | 贪玩儿 | 羡慕 | 打扮,瞧不起 | 嫉妒 | 妒忌 | 嫌弃 | 看不起 | 讨厌 | 鄙视 | 羡慕 | 贪玩儿 | 耻笑 | 在乎 | 不屑 | 介意 | 娇惯 | 欺负 | 在意 | 不在乎 | 爱面子 | 挑剔 | 喜欢 | 爱理不理 | 炫耀 | 眼红 | 计较 | 卖弄 | 夸耀 | 算计 | 见钱眼开 | 忌讳 | 宠爱 | 出风头 | 沽名钓誉 | 夸夸其谈 | 无所谓 | 好感 | 冷落 | 嫌 | 敬而远之 | 朝三暮四 | 惯 | 打扮,40.78050927716403,0.9943649576688791,0.0030689978572936943,瞧不起:1.000000 | 看不起:1.000000 | 羡慕:1.000000 | 喜欢:1.000000 | 炫耀:1.000000 | 宠爱:1.000000 | 在乎:1.000000 | 挑剔:1.000000 | 嫉妒:1.000000 | 讨厌:1.000000 | 嫌:1.000000 | 娇惯:1.000000,
113,30,0.42412000350614265,0.1100080619853644,0.13333333333333333,安逸 | 悠闲 | 宁静 | 安静 | 清静 | 平静 | 安稳 | 舒畅 | 自在 | 无忧无虑 | 愉快 | 快活,好客 | 明媚 | 从容 | 温暖 | 潇洒 | 温馨 | 融洽 | 和谐,安静 | 潇洒 | 和谐 | 无忧无虑 | 明媚 | 快活 | 悠闲 | 安稳 | 宁静 | 舒适 | 从容 | 舒畅,安逸 | 悠闲 | 宁静 | 安静 | 清静 | 平静 | 安稳 | 舒畅 | 自在 | 无忧无虑 | 愉快 | 快活 | 怡然自得 | 潇洒 | 安宁 | 富足 | 祥和 | 舒适 | 自由自在 | 知足 | 明媚 | 温馨 | 顺心 | 从容 | 温暖 | 轻松 | 平淡 | 和谐 | 融洽 | 好客,29.99634123653664,0.999875506077118,0.00016563263657025552,清静:1.000000 | 温馨:1.000000 | 平淡:1.000000 | 悠闲:1.000000 | 好客:1.000000 | 安静:1.000000 | 自由自在:1.000000 | 愉快:1.000000 | 舒适:1.000000 | 安逸:1.000000 | 知足:1.000000 | 潇洒:1.000000,
114,40,0.24670967996152213,-0.0464648313041885,0.85,向着 | 紧紧 | 朝着 | 缓缓 | 不停 | 沿着 | 一齐 | 飞速 | 向前 | 聚精会神 | 迅速 | 争先恐后,无不 | 关掉 | 彻夜 | 四面八方 | 时时 | 原地 | 千军万马 | 聚精会神,抓住 | 敞开 | 争先恐后 | 顺势 | 下 | 四面八方 | 一手 | 无不 | 站 | 沿着 | 飞速 | 源源不断,向着 | 紧紧 | 朝着 | 缓缓 | 不停 | 沿着 | 一齐 | 飞速 | 向前 | 聚精会神 | 迅速 | 争先恐后 | 开动 | 地 | 牢牢 | 一面 | 顺势 | 抓住 | 四面八方 | 不约而同 | 敞开 | 打开 | 对准 | 正在 | 源源不断 | 正 | 一路 | 时时 | 一如既往 | 向 | 拉开 | 站 | 千军万马 | 彻夜 | 一道 | 一手 | 原地 | 无不 | 关掉 | 下,39.98017114427241,0.9985265429707664,0.0013327387958640966,开动:1.000000 | 牢牢:1.000000 | 向着:1.000000 | 向:1.000000 | 顺势:1.000000 | 朝着:1.000000 | 迅速:1.000000 | 飞速:1.000000 | 敞开:1.000000 | 四面八方:1.000000 | 千军万马:1.000000 | 关掉:1.000000,率先:0.031861
115,61,0.2442443001972489,-0.03136210938006298,0.7540983606557377,灌溉 | 防治 | 水源 | 治理 | 地下水 | 污水 | 绿化 | 设施 | 防疫 | 开采 | 施工 | 防护,种植 | 入口 | 养殖 | 建筑 | 预防 | 产地 | 卫星 | 再生,照明 | 应急 | 预报 | 温室 | 整治 | 入口 | 辐射 | 修复 | 疏通 | 开采 | 扩散 | 重建,灌溉 | 防治 | 水源 | 治理 | 地下水 | 污水 | 绿化 | 设施 | 防疫 | 开采 | 施工 | 防护 | 防汛 | 饮水 | 净化 | 养殖 | 应急 | 整治 | 勘探 | 地质 | 采矿 | 疏通 | 种植 | 排放 | 预防 | 疏导 | 修复 | 消防 | 处置 | 照明 | 清洁 | 气象 | 建筑 | 通信 | 预报 | 通讯 | 温室 | 开垦 | 气候 | 输送 | 桥梁 | 辐射 | 枢纽 | 源头 | 重建 | 贯通 | 隔离 | 流入 | 人工 | 流向 | 取暖 | 卫星 | 扩散 | 密度 | 流动 | 再生 | 分离 | 转移 | 产地 | 入口 | 并行,60.83971636862899,0.9950851758540885,0.004214606091604882,疏通:1.000000 | 疏导:1.000000 | 取暖:1.000000 | 入口:1.000000 | 水源:0.999999 | 源头:0.999999 | 照明:0.999999 | 防治:0.999999 | 扩散:0.999999 | 防疫:0.999999 | 开垦:0.999998 | 预防:0.999998,太阳能:0.053948 | 三维:0.012835 | 调度:0.010580
116,65,0.2828537553148493,0.0017582607268640227,0.47692307692307695,决赛 | 冠军 | 夺冠 | 亚军 | 半决赛 | 比赛 | 夺魁 | 银牌 | 铜牌 | 金牌 | 预赛 | 奖杯,绝技 | 主演 | 跳水 | 出演 | 水准 | 上映 | 绯闻 | 叫板,胜负 | 绯闻 | 出道 | 勋章 | 搭档 | 铜牌 | 比分 | 冠军 | 出演 | 银牌 | 巨星 | 胜出,决赛 | 冠军 | 夺冠 | 亚军 | 半决赛 | 比赛 | 夺魁 | 银牌 | 铜牌 | 金牌 | 预赛 | 奖杯 | 获胜 | 奖牌 | 爆冷门 | 世界杯 | 胜出 | 入场券 | 大奖赛 | 角逐 | 取胜 | 奖项 | 交锋 | 较量 | 阵容 | 搭档 | 出场 | 无缘 | 胜负 | 比分 | 大腕儿 | 头衔 | 巨星 | 赢家 | 高手 | 巅峰 | 成绩 | 出道 | 主角 | 王牌 | 主演 | 奖 | 大师 | 开场 | 对弈 | 头号 | 新人 | 出演 | 亮相 | 生涯 | 代言人 | 票房 | 状元 | 上映 | 身价 | 绝技 | 叫板 | 场 | 绯闻 | 跳水 | 舵手 | 勋章 | 倒数 | 水准 | 阵营,64.99209562110153,0.9965487006995235,0.002793292134465033,奖杯:1.000000 | 爆冷门:1.000000 | 银牌:1.000000 | 铜牌:1.000000 | 金牌:1.000000 | 奖牌:1.000000 | 角逐:1.000000 | 冠军:1.000000 | 夺魁:1.000000 | 胜出:1.000000 | 对弈:1.000000 | 出场:1.000000,连续剧:0.041067 | 大赛:0.038833 | 球队:0.032318 | 角色:0.017542 | 球星:0.016392
117,27,0.3524679821131859,0.015030326388354722,0.4074074074074074,迷恋 | 放纵 | 沉迷 | 狂热 | 陶醉 | 痴迷 | 厌倦 | 颓废 | 迷失 | 浮躁 | 幻想 | 狂欢,压抑 | 怀旧 | 陶醉 | 喧哗 | 发泄 | 消遣 | 颓废 | 厌倦,压抑 | 浮躁 | 颓废 | 追求 | 陶醉 | 沉迷 | 发泄 | 沉浸 | 忘掉 | 幻想 | 宣泄 | 疯狂,迷恋 | 放纵 | 沉迷 | 狂热 | 陶醉 | 痴迷 | 厌倦 | 颓废 | 迷失 | 浮躁 | 幻想 | 狂欢 | 沉浸 | 追逐 | 宣泄 | 压抑 | 疯狂 | 忘掉 | 追求 | 怀旧 | 发泄 | 尽情 | 喧哗 | 消遣 | 遗忘 | 诱惑 | 远离,26.98926186093082,0.999065505962847,0.0009620584780830878,尽情:1.000000 | 狂欢:1.000000 | 沉迷:1.000000 | 喧哗:1.000000 | 疯狂:1.000000 | 发泄:1.000000 | 狂热:1.000000 | 放纵:1.000000 | 远离:1.000000 | 诱惑:1.000000 | 浮躁:1.000000 | 追逐:1.000000,
118,66,0.2723657302293434,-0.026773094219572108,0.7424242424242424,很 | 比较 | 非常 | 挺好 | 不怎么 | 挺 | 太 | 蛮 | 相当 | 好 | 不够 | 不错,自然而然 | 平时 | 好说 | 说老实话 | 有没有 | 不同 | 讲究 | 绝,最好 | 看上去 | 最 | 多 | 一概而论 | 说老实话 | 稍微 | 介于 | 美中不足 | 非常 | 容易 | 值得,很 | 比较 | 非常 | 挺好 | 不怎么 | 挺 | 太 | 蛮 | 相当 | 好 | 不够 | 不错 | 稍微 | 好说 | 实在 | 难说 | 容易 | 看起来 | 一点儿 | 真 | 如此 | 着实 | 要好 | 显得 | 足够 | 这样 | 得 | 更加 | 平常 | 那样 | 特别 | 看上去 | 要强 | 不难 | 难得 | 值得 | 见仁见智 | 难 | 比 | 讲究 | 难以 | 适合 | 能 | 说老实话 | 最 | 差 | 有 | 最好 | 一般 | 极 | 平时 | 显而易见 | 怎样 | 完全 | 有没有 | 自然而然 | 多 | 截然不同 | 足以 | 绝 | 美中不足 | 一概而论 | 不同 | 可 | 大于 | 介于,65.63411487752654,0.9912821253143997,0.006724511158833255,要强:1.000000 | 平时:1.000000 | 显得:1.000000 | 太:1.000000 | 要好:1.000000 | 难说:1.000000 | 挺好:1.000000 | 适合:1.000000 | 讲究:1.000000 | 难得:1.000000 | 绝:1.000000 | 不怎么:0.999998,这么:0.027917 | 重要:0.022886 | 没什么:0.021894 | 更:0.020599 | 十分:0.012883 | 无形中:0.011265 | 没有:0.011136
119,75,0.24536398526981004,-0.026437267201638737,0.7066666666666667,鹿 | 玉 | 虎 | 紫 | 玄 | 野 | 豹 | 马 | 仙鹤 | 白 | 鹰 | 灵,兄弟 | 姜 | 右 | 幕 | 左 | 吉祥 | 火 | 官,〇 | 鸟 | 姜 | 番 | 鹰 | 神 | 之 | 猴 | 朵 | 密 | 红 | 右,鹿 | 玉 | 虎 | 紫 | 玄 | 野 | 豹 | 马 | 仙鹤 | 白 | 鹰 | 灵 | 龙 | 鸟 | 琴 | 神 | 青 | 猴 | 黄 | 燕子 | 福 | 俊 | 佛 | 蓝 | 龟 | 红 | 熊 | 妙 | 魂 | 王 | 牛 | 巧 | 梅花 | 色 | 子 | 姜 | 丁 | 傲 | 桃花 | 铃 | 罗 | 良 | 拳 | 驯 | 火 | 功 | 如意 | 吉祥 | 棋 | 古 | 兵 | 素 | 坛 | 菩萨 | 密 | 太极 | 朵 | 嫦娥 | 官 | 阵 | 胆 | 母 | 兹 | 右 | 左 | 谱 | 甲 | 许 | 番 | 天下 | 兄弟 | 伴 | 之 | 幕 | 〇,74.59437340391406,0.9918137190163068,0.0067888804686007985,左:1.000000 | 驯:1.000000 | 妙:1.000000 | 右:1.000000 | 功:1.000000 | 魂:1.000000 | 如意:1.000000 | 兵:1.000000 | 吉祥:1.000000 | 棋:1.000000 | 丁:0.999999 | 豹:0.999999,帆:0.083928 | 狼:0.031205 | 文:0.020693
120,40,0.3145458034052573,0.0006421690732184467,0.5,怨 | 恨 | 馋 | 烦 | 忍 | 愁 | 冤 | 贪 | 苦 | 穷 | 忘 | 醉,情 | 祖宗 | 爱 | 夸 | 醉 | 馋 | 风流 | 活,闲 | 苦 | 顾 | 戒 | 贪 | 敬 | 馋 | 忘 | 求 | 死 | 饶 | 怨,怨 | 恨 | 馋 | 烦 | 忍 | 愁 | 冤 | 贪 | 苦 | 穷 | 忘 | 醉 | 懒 | 仇 | 死 | 俗 | 爱 | 敬 | 宠 | 养 | 累 | 瞒 | 夸 | 饶 | 戒 | 祖宗 | 亲 | 闲 | 风流 | 矣 | 宰 | 生 | 情 | 赖 | 求 | 君子 | 多心 | 讨 | 活 | 顾,40.190451628914815,0.9998209398739007,0.00023960712084793775,养:1.000000 | 怨:1.000000 | 穷:1.000000 | 宠:1.000000 | 夸:1.000000 | 贪:1.000000 | 烦:1.000000 | 苦:1.000000 | 忘:1.000000 | 多心:1.000000 | 愁:1.000000 | 情:1.000000,曰:0.146124 | 老:0.036286
121,30,0.3144669858611078,0.01809472353790217,0.4,阐述 | 论述 | 讲解 | 归纳 | 总结 | 编写 | 概括 | 表述 | 研讨 | 解答 | 撰写 | 论证,观摩 | 传达 | 温习 | 编排 | 书写 | 启发 | 推敲 | 举一反三,专著 | 总结 | 讲解 | 编写 | 启发 | 传达 | 演示 | 书写 | 撰写 | 研讨 | 列举 | 作,阐述 | 论述 | 讲解 | 归纳 | 总结 | 编写 | 概括 | 表述 | 研讨 | 解答 | 撰写 | 论证 | 列举 | 演示 | 解说 | 温习 | 编排 | 构思 | 推敲 | 传授 | 书写 | 引用 | 专著 | 启发 | 传达 | 观摩 | 概论 | 作 | 对照 | 举一反三,29.995679502557344,0.9998409070933563,0.0002194029519921893,编排:1.000000 | 论述:1.000000 | 演示:1.000000 | 表述:1.000000 | 讲解:1.000000 | 书写:1.000000 | 构思:1.000000 | 观摩:1.000000 | 作:1.000000 | 总结:1.000000 | 温习:1.000000 | 阐述:1.000000,
122,86,0.26951426458718025,-0.008320547984155666,0.5930232558139535,议会 | 议员 | 宪法 | 政党 | 国会 | 公民 | 内阁 | 总统 | 人权 | 外交官 | 军官 | 法官,势力 | 代表团 | 此致 | 慈善 | 东道主 | 法庭 | 外籍 | 裁判,舆论 | 条约 | 慈善 | 工会 | 空军 | 总理 | 军事 | 宣言 | 民意 | 元首 | 邻国 | 契约,议会 | 议员 | 宪法 | 政党 | 国会 | 公民 | 内阁 | 总统 | 人权 | 外交官 | 军官 | 法官 | 选民 | 首脑 | 首相 | 外交 | 政权 | 军队 | 官吏 | 政府 | 官员 | 元首 | 司法 | 法律 | 工会 | 大选 | 选举 | 权力 | 国民 | 民众 | 雇员 | 大臣 | 联合国 | 总理 | 军事 | 条约 | 领袖 | 国王 | 联邦 | 审判 | 竞选 | 纲领 | 工商界 | 领土 | 权利 | 陆军 | 海军 | 同盟 | 主权 | 法庭 | 刑法 | 邻国 | 民意 | 雇主 | 职员 | 国防 | 代表团 | 大使馆 | 舆论 | 势力 | 平民 | 空军 | 宣言 | 利益 | 团体 | 商人 | 裁判 | 财产 | 团员 | 契约 | 威信 | 社论 | 代理人 | 当事人 | 荣誉 | 责任 | 员工 | 国籍 | 名誉 | 东道主 | 慈善 | 此致 | 外籍 | 承诺 | 者 | 名义,85.968412065619,0.9952966446371475,0.004478507591662042,军官:1.000000 | 军事:1.000000 | 领土:1.000000 | 责任:1.000000 | 首脑:1.000000 | 势力:1.000000 | 团体:1.000000 | 雇员:0.999999 | 宣言:0.999999 | 名义:0.999999 | 名誉:0.999999 | 社论:0.999998,名:0.156846 | 团长:0.066170 | 华裔:0.060888 | 领队:0.027379 | 政治:0.010448
123,55,0.2269972076601735,-0.03131306892317102,0.7272727272727273,划分 | 分割 | 设置 | 重叠 | 分散 | 简化 | 压缩 | 分成 | 分配 | 间隔 | 限定 | 缩短,放大 | 限制 | 拆除 | 应付 | 安置 | 通行 | 整理 | 省略,交接 | 缩短 | 用途 | 限定 | 安置 | 重叠 | 分布 | 等级 | 封闭 | 追溯 | 关闭 | 间隔,划分 | 分割 | 设置 | 重叠 | 分散 | 简化 | 压缩 | 分成 | 分配 | 间隔 | 限定 | 缩短 | 占用 | 分布 | 安排 | 排列 | 衔接 | 限制 | 重合 | 精简 | 分开 | 固定 | 迁移 | 改动 | 安置 | 布置 | 封闭 | 集中 | 轮换 | 搁置 | 运转 | 流转 | 关闭 | 循环 | 拆除 | 清理 | 通行 | 集合 | 交换 | 交接 | 附加 | 相等 | 停留 | 放大 | 用途 | 纬度 | 过渡 | 等级 | 省略 | 累积 | 经度 | 整理 | 供 | 追溯 | 应付,55.283711849839285,0.9975126829346906,0.0026950593766188876,布置:1.000000 | 经度:1.000000 | 重叠:1.000000 | 安排:1.000000 | 轮换:1.000000 | 应付:1.000000 | 整理:1.000000 | 占用:1.000000 | 改动:0.999999 | 安置:0.999999 | 衔接:0.999998 | 封闭:0.999997,缩小:0.139124 | 更改:0.033012 | 对称:0.028275 | 转换:0.027533 | 分类:0.021068 | 抵消:0.019535 | 大小:0.014335 | 长短:0.013967
124,78,0.2557247396212515,-0.00816838905181119,0.5769230769230769,职责 | 法规 | 职权 | 履行 | 职能 | 规定 | 监督 | 制度 | 协调 | 协商 | 监察 | 纪律,给予 | 领事 | 会谈 | 仲裁 | 调动 | 依法 | 响应 | 会议,用人 | 方针 | 意向 | 计划 | 双边 | 事务 | 改革 | 予以 | 维护 | 分工 | 要求 | 执法,职责 | 法规 | 职权 | 履行 | 职能 | 规定 | 监督 | 制度 | 协调 | 协商 | 监察 | 纪律 | 事项 | 条例 | 程序 | 仲裁 | 协定 | 磋商 | 规范 | 监管 | 事务 | 行政 | 事宜 | 条款 | 执法 | 部门 | 议程 | 依法 | 公约 | 遵守 | 分工 | 义务 | 会议 | 改革 | 秩序 | 调解 | 谈判 | 多边 | 考核 | 方针 | 检察 | 负有 | 流程 | 调度 | 方案 | 整顿 | 统筹 | 部署 | 要求 | 维护 | 纲要 | 行使 | 任务 | 上级 | 会谈 | 把关 | 计划 | 双边 | 下级 | 人事 | 廉政 | 调动 | 予以 | 作出 | 经贸 | 服从 | 双方 | 领事 | 时间表 | 小组 | 指引 | 激励 | 全局 | 联络 | 用人 | 响应 | 意向 | 给予,78.24902772598543,0.9968067726372831,0.0032723267826612235,职权:1.000000 | 监察:1.000000 | 纪律:1.000000 | 监督:1.000000 | 协调:1.000000 | 下级:0.999998 | 调解:0.999997 | 给予:0.999997 | 分工:0.999997 | 制度:0.999996 | 纲要:0.999995 | 协商:0.999995,环节:0.190789 | 草案:0.031988 | 优先:0.031332 | 会晤:0.023534 | 进度:0.023055 | 和解:0.022729 | 准则:0.020069 | 选举:0.014324
125,32,0.3023007401285404,0.021449914255576918,0.46875,赠送 | 送给 | 捐赠 | 捐献 | 捐助 | 转交 | 赠 | 捐款 | 无偿 | 募捐 | 交给 | 拿走,亲自 | 随身 | 纪念 | 预备 | 拿走 | 嫁妆 | 自费 | 换取,亲自 | 慰劳 | 嫁妆 | 珍藏 | 捐赠 | 预备 | 捐献 | 无偿 | 赠 | 赞助 | 拿走 | 自费,赠送 | 送给 | 捐赠 | 捐献 | 捐助 | 转交 | 赠 | 捐款 | 无偿 | 募捐 | 交给 | 拿走 | 慰劳 | 献 | 订购 | 索取 | 拿出 | 送到 | 赞助 | 自费 | 领取 | 珍藏 | 嫁妆 | 亲手 | 拿到 | 定做 | 亲自 | 自愿 | 换取 | 随身 | 纪念 | 预备,31.98686883591487,0.9995843532367268,0.0004952263220102755,珍藏:1.000000 | 送给:1.000000 | 慰劳:1.000000 | 拿到:1.000000 | 赠送:1.000000 | 嫁妆:1.000000 | 亲手:1.000000 | 捐赠:1.000000 | 捐献:1.000000 | 拿走:1.000000 | 索取:1.000000 | 献:1.000000,
126,67,0.2962350262675899,-0.01342631073583151,0.6268656716417911,遇见 | 见到 | 看见 | 碰见 | 目睹 | 想起 | 看到 | 见过 | 听见 | 亲眼 | 听到 | 想到,祈祷 | 不辞而别 | 念念不忘 | 身边 | 迎接 | 记得 | 取经 | 祭奠,见到 | 找到 | 遇见 | 渡过 | 等待 | 寻觅 | 错过 | 不辞而别 | 相识 | 听到 | 亲眼 | 赶上,遇见 | 见到 | 看见 | 碰见 | 目睹 | 想起 | 看到 | 见过 | 听见 | 亲眼 | 听到 | 想到 | 梦见 | 忘不了 | 来到 | 认出 | 走过 | 结识 | 找到 | 陪伴 | 忘记 | 相识 | 离开 | 踏上 | 相遇 | 回想 | 放过 | 度过 | 有幸 | 记得 | 回到 | 寻觅 | 守候 | 走进 | 记住 | 错过 | 了却 | 走近 | 见证 | 经历 | 相伴 | 身边 | 赶上 | 投奔 | 念念不忘 | 不见 | 独自 | 亲身 | 渡过 | 形影不离 | 不辞而别 | 心爱 | 风风雨雨 | 身影 | 寻找 | 告别 | 跟随 | 留下 | 祭奠 | 迎接 | 归来 | 解开 | 如愿以偿 | 等待 | 祈祷 | 洗礼 | 取经,67.02338603025332,0.9986912097734327,0.0012132124951456738,想起:1.000000 | 目睹:1.000000 | 遇见:1.000000 | 找到:1.000000 | 有幸:1.000000 | 忘记:1.000000 | 心爱:1.000000 | 走进:1.000000 | 度过:1.000000 | 碰见:1.000000 | 梦见:1.000000 | 相识:1.000000,料到:0.033970 | 直奔:0.010191
127,94,0.4661663290394496,0.14980483604732434,0.031914893617021274,爸 | 姑姑 | 姐姐 | 爸爸 | 妈 | 奶奶 | 嫂子 | 妈妈 | 舅舅 | 闺女 | 哥哥 | 妹妹,脑子 | 家里 | 唉 | 啊 | 哎呀 | 一辈子 | 岳父 | 哎,呀 | 爷爷 | 父亲 | 女孩儿 | 哥 | 女儿 | 老婆 | 丈夫 | 阿姨 | 老公 | 大姐 | 妹,爸 | 姑姑 | 姐姐 | 爸爸 | 妈 | 奶奶 | 嫂子 | 妈妈 | 舅舅 | 闺女 | 哥哥 | 妹妹 | 姥姥 | 爹 | 爷爷 | 姥爷 | 媳妇 | 老婆 | 大姐 | 叔叔 | 儿子 | 外婆 | 弟弟 | 女儿 | 阿姨 | 母亲 | 大爷 | 父亲 | 大哥 | 老公 | 姐 | 外公 | 老太太 | 她 | 孩子 | 孙女 | 伯伯 | 娘 | 小孩儿 | 老头儿 | 伯父 | 姑娘 | 男朋友 | 丫头 | 女朋友 | 老伴儿 | 姨 | 我 | 丈夫 | 孙子 | 妹 | 大妈 | 妻子 | 女孩儿 | 岳父 | 师父 | 小伙子 | 老汉 | 老人家 | 他 | 老师 | 同学 | 两口子 | 胖子 | 师傅 | 男人 | 哎 | 女人 | 老王 | 朋友 | 男孩儿 | 呀 | 老人 | 哎呀 | 俩 | 女生 | 哥 | 男生 | 啊 | 家里 | 宝宝 | 哈哈 | 唉 | 徒弟 | 小朋友 | 保姆 | 小王 | 班长 | 哇 | 护士 | 嘿 | 人 | 一辈子 | 脑子,93.85139952492739,0.9981301146999165,0.0017589580378847257,孩子:1.000000 | 姥姥:1.000000 | 老伴儿:1.000000 | 同学:1.000000 | 奶奶:1.000000 | 哇:1.000000 | 妈:1.000000 | 爸爸:1.000000 | 爸:1.000000 | 男人:1.000000 | 姥爷:1.000000 | 爹:1.000000,同事:0.012590
128,40,0.37657526470654507,0.05938897949259682,0.175,恳求 | 劝说 | 劝 | 劝告 | 哀求 | 嘱咐 | 劝阻 | 吩咐 | 叮嘱 | 催促 | 答应 | 推辞,讨好 | 怠慢 | 有事 | 敬酒 | 坦白 | 体谅 | 当众 | 道歉,劝说 | 告诫 | 说情 | 有事 | 关照 | 听从 | 请求 | 乞求 | 答应 | 怠慢 | 替 | 讨好,恳求 | 劝说 | 劝 | 劝告 | 哀求 | 嘱咐 | 劝阻 | 吩咐 | 叮嘱 | 催促 | 答应 | 推辞 | 说服 | 安慰 | 告辞 | 再三 | 告诫 | 说情 | 体谅 | 乞求 | 认错 | 当着 | 帮忙 | 请求 | 道歉 | 商量 | 讨好 | 照办 | 听从 | 当面 | 关照 | 安抚 | 交涉 | 敬酒 | 私下 | 当众 | 怠慢 | 替 | 坦白 | 有事,39.99963970520181,0.9999166290414425,0.00013114268649453022,嘱咐:1.000000 | 劝:1.000000 | 劝说:1.000000 | 安抚:1.000000 | 叮嘱:1.000000 | 告辞:1.000000 | 当众:1.000000 | 推辞:1.000000 | 关照:1.000000 | 吩咐:1.000000 | 说服:1.000000 | 劝告:1.000000,
129,64,0.3297809697597093,0.009611085535280528,0.453125,情感 | 性格 | 人格 | 感情 | 内心 | 天性 | 心灵 | 审美 | 人性 | 品德 | 本性 | 自尊心,爱情 | 话语 | 冲动 | 生活 | 治学 | 修养 | 相处 | 喜怒哀乐,交往 | 冲动 | 认知 | 眼光 | 生活 | 欲望 | 话语 | 内心 | 心理 | 潜移默化 | 异性 | 智商,情感 | 性格 | 人格 | 感情 | 内心 | 天性 | 心灵 | 审美 | 人性 | 品德 | 本性 | 自尊心 | 理智 | 思维 | 感性 | 认知 | 欲望 | 直觉 | 自信心 | 信念 | 修养 | 言语 | 自我 | 教养 | 阅历 | 心胸 | 意志 | 心态 | 信仰 | 心理 | 爱情 | 品行 | 好奇心 | 身心 | 言行 | 本能 | 头脑 | 眼界 | 恋爱 | 交际 | 喜怒哀乐 | 智商 | 话语 | 思考 | 耐性 | 眼光 | 婚姻 | 生活 | 一言一行 | 交往 | 相处 | 冲动 | 常人 | 治学 | 异性 | 喜好 | 真理 | 潜移默化 | 圈子 | 伴侣 | 换位 | 衣食住行 | 他人 | 彼此,63.9803937590221,0.9973790867996192,0.0019509674569386213,生活:1.000000 | 异性:1.000000 | 自我:1.000000 | 欲望:1.000000 | 情感:1.000000 | 本能:1.000000 | 审美:1.000000 | 圈子:1.000000 | 心理:1.000000 | 言语:1.000000 | 交往:1.000000 | 品德:1.000000,觉悟:0.033294 | 性情:0.020962 | 上帝:0.019855 | 价值观:0.018811 | 灵魂:0.012437 | 精神:0.011984
130,39,0.28023143825819374,-0.018711619160946987,0.6153846153846154,把柄 | 计策 | 招数 | 弱点 | 黑手 | 帮手 | 圈套 | 得手 | 对手 | 绝招 | 下场 | 靶子,作对 | 名声 | 功劳 | 化险为夷 | 野心 | 武器 | 主意 | 摆平,下手 | 野心 | 功劳 | 输家 | 靶子 | 化险为夷 | 替身 | 作对 | 帮手 | 对手 | 得手 | 武器,把柄 | 计策 | 招数 | 弱点 | 黑手 | 帮手 | 圈套 | 得手 | 对手 | 绝招 | 下场 | 靶子 | 棋子 | 主意 | 下手 | 替身 | 战术 | 架势 | 诱饵 | 出手 | 野心 | 武器 | 威力 | 筹码 | 威风 | 要害 | 盟友 | 摆平 | 小卒 | 作对 | 失误 | 输家 | 犯规 | 可乘之机 | 功劳 | 名声 | 化险为夷 | 呼风唤雨 | 幕后,39.007412027201624,0.9989809402529894,0.0011531555491849583,把柄:1.000000 | 威风:1.000000 | 帮手:1.000000 | 架势:1.000000 | 武器:1.000000 | 替身:1.000000 | 圈套:1.000000 | 诱饵:1.000000 | 得手:1.000000 | 棋子:1.000000 | 出手:1.000000 | 失误:0.999999,跑龙套:0.020007 | 头号:0.011052
131,56,0.28964829257736996,-0.0007902750840867223,0.4642857142857143,稳妥 | 合理 | 顺畅 | 可靠 | 高效 | 便捷 | 严密 | 扎实 | 通畅 | 完备 | 周密 | 可行,熟练 | 性价比 | 艰巨 | 务实 | 面面俱到 | 过硬 | 不易 | 细致,有力 | 慎重 | 有效 | 见效 | 高效 | 不易 | 有序 | 循序渐进 | 便利 | 细致 | 适宜 | 适度,稳妥 | 合理 | 顺畅 | 可靠 | 高效 | 便捷 | 严密 | 扎实 | 通畅 | 完备 | 周密 | 可行 | 细致 | 严格 | 有序 | 正确 | 快捷 | 畅通 | 健全 | 有力 | 合适 | 灵活 | 得当 | 有效 | 慎重 | 充足 | 得力 | 适宜 | 周到 | 必要 | 紧迫 | 过硬 | 有利 | 充分 | 适当 | 适度 | 安全 | 到位 | 万无一失 | 顺利 | 迫切 | 便利 | 有益 | 艰巨 | 超前 | 务实 | 熟练 | 繁重 | 持久 | 重要 | 循序渐进 | 面面俱到 | 见效 | 不易 | 灵通 | 性价比,55.915281521652695,0.9951546309273719,0.003526001374548821,便捷:1.000000 | 通畅:1.000000 | 畅通:1.000000 | 快捷:1.000000 | 万无一失:1.000000 | 可靠:1.000000 | 有序:1.000000 | 得力:1.000000 | 便利:1.000000 | 持久:1.000000 | 周密:1.000000 | 稳妥:1.000000,与时俱进:0.059057 | 一帆风顺:0.027876 | 恰当:0.015835 | 有限:0.012986 | 成熟:0.012453 | 优质:0.011009
132,41,0.40365504149068654,0.06094850486285127,0.0975609756097561,胡闹 | 吵嘴 | 打岔 | 骂 | 吵架 | 闹着玩儿 | 发脾气 | 唠叨 | 吵 | 说闲话 | 嚷 | 插嘴,不理 | 胡思乱想 | 骂 | 哼 | 诉苦 | 喊 | 耳光 | 开玩笑,嚷 | 出洋相 | 闹 | 开玩笑 | 随大溜 | 打岔 | 吵架 | 指手画脚 | 吓唬 | 出丑 | 唠叨 | 哼,胡闹 | 吵嘴 | 打岔 | 骂 | 吵架 | 闹着玩儿 | 发脾气 | 唠叨 | 吵 | 说闲话 | 嚷 | 插嘴 | 逞能 | 吓唬 | 吹牛 | 絮叨 | 说话 | 打架 | 出洋相 | 耍赖 | 开玩笑 | 闹 | 告状 | 哼 | 不理 | 发火 | 胡思乱想 | 敲边鼓 | 看热闹 | 出丑 | 搞鬼 | 穿小鞋 | 随大溜 | 指手画脚 | 诉苦 | 喊 | 较劲 | 泼冷水 | 出难题 | 耳光 | 壮胆,41.0834377018774,0.9999157902765594,0.00014899096547075084,嚷:1.000000 | 吵:1.000000 | 发脾气:1.000000 | 打岔:1.000000 | 泼冷水:1.000000 | 出丑:1.000000 | 吵嘴:1.000000 | 发火:1.000000 | 骂:1.000000 | 指手画脚:1.000000 | 打架:1.000000 | 耳光:1.000000,捣乱:0.033549 | 贪玩儿:0.024730
133,69,0.2914342715338007,-0.012223621834955744,0.5797101449275363,大海 | 雪山 | 沙漠 | 沙滩 | 草原 | 海浪 | 海滩 | 高山 | 美景 | 景色 | 海滨 | 冰雪,洪水 | 黄昏 | 山路 | 朱红 | 海拔 | 片 | 红色 | 风雨,瀑布 | 风景 | 草原 | 太空 | 米 | 热带 | 海滨 | 巨型 | 高山 | 乐园 | 大地 | 高原,大海 | 雪山 | 沙漠 | 沙滩 | 草原 | 海浪 | 海滩 | 高山 | 美景 | 景色 | 海滨 | 冰雪 | 海洋 | 彩霞 | 蓝天 | 戈壁 | 瀑布 | 高原 | 月亮 | 风景 | 森林 | 星星 | 丛林 | 黑夜 | 彩虹 | 太阳 | 大自然 | 大地 | 陆地 | 奇花异草 | 天上 | 喷泉 | 草地 | 冰山 | 天鹅 | 海底 | 荷花 | 景观 | 焰火 | 热气球 | 远方 | 大雁 | 阳光 | 黄昏 | 火山 | 天堂 | 烟火 | 山路 | 北极 | 温泉 | 南极 | 游人 | 骏马 | 热带 | 蓝色 | 烟花 | 太空 | 乐园 | 海拔 | 天地 | 风雨 | 大象 | 鸟巢 | 巨型 | 红色 | 洪水 | 朱红 | 片 | 米,68.93503141575835,0.9964053616992739,0.00277097914148264,景色:1.000000 | 美景:1.000000 | 阳光:1.000000 | 大海:1.000000 | 喷泉:1.000000 | 沙滩:1.000000 | 游人:1.000000 | 风景:1.000000 | 丛林:1.000000 | 高原:1.000000 | 黑夜:1.000000 | 奇花异草:1.000000,峡谷:0.066722 | 地球:0.042542 | 朵:0.011499 | 杨树:0.010116
134,49,0.38755398442188926,0.027272363075107633,0.22448979591836735,哆嗦 | 哭 | 疼 | 颤抖 | 睡着 | 吓 | 发抖 | 睁 | 咧嘴 | 晕 | 发愣 | 笑,受惊 | 口水 | 痛 | 笑 | 发愣 | 挠 | 皱 | 颤抖,受惊 | 哑 | 喘 | 摔倒 | 笑 | 咽 | 一动不动 | 直视 | 睡着 | 哭 | 痛 | 瞪,哆嗦 | 哭 | 疼 | 颤抖 | 睡着 | 吓 | 发抖 | 睁 | 咧嘴 | 晕 | 发愣 | 笑 | 惨白 | 瞪 | 惊醒 | 醒 | 咳 | 瘫 | 一动不动 | 摇晃 | 憋 | 通红 | 痒 | 吐 | 淌 | 呛 | 醒来 | 晃 | 哑 | 喘 | 皱 | 僵 | 咽 | 痛 | 吼 | 眨眼 | 晕倒 | 摔倒 | 挠 | 惊 | 歪 | 酣睡 | 受惊 | 口水 | 觉 | 响 | 聋 | 直视 | 打雷,48.763406907377636,0.9941193566472293,0.002905934197439789,惊:1.000000 | 皱:1.000000 | 颤抖:1.000000 | 摔倒:1.000000 | 痛:1.000000 | 醒来:1.000000 | 笑:1.000000 | 酣睡:1.000000 | 咳:1.000000 | 醒:1.000000 | 摇晃:1.000000 | 哭:1.000000,蹲:0.023901
135,42,0.29120219345349185,0.036681865192772854,0.2857142857142857,接连 | 相继 | 先后 | 随即 | 再度 | 屡次 | 随后 | 再次 | 频频 | 多次 | 陆续 | 紧接着,史无前例 | 至今 | 下令 | 声称 | 发出 | 一同 | 直至 | 前夕,发出 | 其后 | 即将 | 继而 | 随后 | 屡次 | 陆续 | 史无前例 | 屡 | 前不久 | 多次 | 随即,接连 | 相继 | 先后 | 随即 | 再度 | 屡次 | 随后 | 再次 | 频频 | 多次 | 陆续 | 紧接着 | 纷纷 | 此后 | 曾 | 不久 | 接二连三 | 其后 | 被迫 | 宣布 | 一度 | 传出 | 屡 | 继而 | 首次 | 同年 | 前不久 | 宣告 | 将要 | 即将 | 前夕 | 一同 | 下令 | 一举 | 一连串 | 声称 | 宣称 | 直至 | 集体 | 发出 | 史无前例 | 至今,42.05304573707744,0.9989872145067383,0.0011509750985052585,发出:1.000000 | 声称:1.000000 | 宣布:1.000000 | 接连:1.000000 | 宣称:1.000000 | 宣告:1.000000 | 传出:1.000000 | 屡:1.000000 | 一度:1.000000 | 频频:1.000000 | 即将:1.000000 | 接二连三:1.000000,迄今为止:0.026677 | 据悉:0.019083 | 自从:0.014324 | 时隔:0.011064
136,46,0.2857590555534333,0.015794752268189462,0.2826086956521739,偏 | 弱 | 平稳 | 强劲 | 稳健 | 相对 | 明显 | 强势 | 弱势 | 略微 | 温和 | 趋于,温和 | 良好 | 领先 | 充沛 | 活跃 | 力 | 明朗 | 有限,宽松 | 韧性 | 向上 | 收敛 | 略微 | 均衡 | 强势 | 不大 | 较 | 为主 | 有所 | 温和,偏 | 弱 | 平稳 | 强劲 | 稳健 | 相对 | 明显 | 强势 | 弱势 | 略微 | 温和 | 趋于 | 稳定 | 稍 | 显著 | 韧性 | 良好 | 整体 | 向上 | 旺盛 | 偏向 | 宽松 | 略 | 明朗 | 有所 | 中性 | 均衡 | 显 | 充沛 | 收敛 | 强 | 表现 | 不大 | 保持 | 低 | 弹性 | 平衡 | 较 | 高 | 支撑 | 有限 | 活跃 | 领先 | 端 | 为主 | 力,46.13113142040063,0.9988268454488948,0.001362400852619323,收敛:1.000000 | 略:1.000000 | 偏:1.000000 | 温和:1.000000 | 活跃:1.000000 | 略微:1.000000 | 韧性:1.000000 | 强劲:1.000000 | 中性:1.000000 | 端:1.000000 | 力:1.000000 | 稍:1.000000,充足:0.172431
137,42,0.28475945432682537,-0.0355086582420446,0.7857142857142857,渴望 | 期盼 | 盼望 | 热爱 | 铭记 | 执着 | 期望 | 珍惜 | 希望 | 坚信 | 珍视 | 奉献,健康 | 汗水 | 热爱 | 深深 | 享受 | 关爱 | 珍视 | 怀着,终生 | 渴望 | 怀着 | 愿 | 铭记 | 凭着 | 希望 | 深信 | 正能量 | 珍惜 | 坚信 | 鞭策,渴望 | 期盼 | 盼望 | 热爱 | 铭记 | 执着 | 期望 | 珍惜 | 希望 | 坚信 | 珍视 | 奉献 | 怀着 | 关爱 | 辜负 | 牢记 | 呼唤 | 付出 | 深信 | 呵护 | 愿 | 默默 | 盼 | 守护 | 寄托 | 深深 | 鞭策 | 永恒 | 拥抱 | 永不 | 回馈 | 切身 | 正能量 | 终生 | 长久 | 汗水 | 凭着 | 享受 | 无限 | 收获 | 尽 | 健康,41.96572190665776,0.9985226417397015,0.0014590448427252906,呵护:1.000000 | 健康:1.000000 | 奉献:1.000000 | 拥抱:1.000000 | 享受:1.000000 | 希望:1.000000 | 回馈:1.000000 | 正能量:1.000000 | 深深:1.000000 | 深信:1.000000 | 期望:0.999999 | 铭记:0.999999,启迪:0.012287
138,32,0.2956581823589456,-0.005110505197529529,0.625,薄弱 | 脆弱 | 糟糕 | 严峻 | 恶劣 | 严重 | 混乱 | 低下 | 不利 | 困难 | 僵化 | 悬殊,凶猛 | 悲观 | 僵化 | 过于 | 反常 | 无足轻重 | 根深蒂固 | 例外,脱节 | 无足轻重 | 脆弱 | 严峻 | 僵化 | 反差 | 高昂 | 奏效 | 反常 | 时好时坏 | 困难 | 微不足道,薄弱 | 脆弱 | 糟糕 | 严峻 | 恶劣 | 严重 | 混乱 | 低下 | 不利 | 困难 | 僵化 | 悬殊 | 欠缺 | 劣势 | 棘手 | 脱节 | 悲观 | 落后 | 缺乏 | 敏感 | 根深蒂固 | 反常 | 微不足道 | 格格不入 | 无足轻重 | 过于 | 时好时坏 | 反差 | 高昂 | 凶猛 | 奏效 | 例外,31.9974496388892,0.998776120078315,0.0013261839270401403,凶猛:1.000000 | 脆弱:1.000000 | 恶劣:1.000000 | 低下:1.000000 | 根深蒂固:1.000000 | 严峻:1.000000 | 悬殊:1.000000 | 格格不入:1.000000 | 严重:1.000000 | 敏感:1.000000 | 反差:1.000000 | 欠缺:1.000000,缺少:0.017516
139,58,0.30037489902771497,0.014719060398248924,0.4482758620689655,加强 | 促进 | 强化 | 推进 | 着力 | 开展 | 落实 | 注重 | 贯彻 | 加快 | 完善 | 制定,力求 | 攻关 | 担负 | 广大 | 寻求 | 重视 | 谋求 | 优化,保障 | 开展 | 树立 | 协作 | 指导 | 着重 | 遵循 | 进一步 | 提倡 | 倡导 | 引导 | 至关重要,加强 | 促进 | 强化 | 推进 | 着力 | 开展 | 落实 | 注重 | 贯彻 | 加快 | 完善 | 制定 | 制订 | 倡导 | 增强 | 树立 | 有利于 | 巩固 | 推行 | 实施 | 发挥 | 优化 | 进一步 | 引导 | 增进 | 实行 | 重视 | 有助于 | 提倡 | 着重 | 谋求 | 遵循 | 顺应 | 立足 | 协同 | 着眼 | 深入 | 力求 | 密切 | 全方位 | 保障 | 寻求 | 促使 | 运用 | 组织 | 进行 | 协作 | 旨在 | 扶持 | 广泛 | 起到 | 指导 | 应对 | 至关重要 | 担负 | 共同 | 广大 | 攻关,57.79809753773463,0.9956049277269583,0.0035879186261213764,着重:1.000000 | 倡导:1.000000 | 密切:1.000000 | 组织:1.000000 | 重视:1.000000 | 增进:1.000000 | 注重:1.000000 | 制订:1.000000 | 力求:1.000000 | 着眼:1.000000 | 提倡:0.999999 | 引导:0.999999,推动:0.031440
140,51,0.3243076101252532,0.045035954646760634,0.0784313725490196,收据 | 支票 | 证件 | 信封 | 便条 | 欠条 | 存折 | 请柬 | 卡片 | 发票 | 信件 | 凭证,件 | 彩票 | 车牌 | 账 | 账单 | 笔 | 磁卡 | 锦旗,协议书 | 凭证 | 请帖 | 通知书 | 清单 | 锦旗 | 号码 | 便条 | 遗嘱 | 文件 | 笔 | 签名,收据 | 支票 | 证件 | 信封 | 便条 | 欠条 | 存折 | 请柬 | 卡片 | 发票 | 信件 | 凭证 | 护照 | 印章 | 借条 | 请帖 | 账单 | 相片 | 公函 | 签名 | 照片 | 遗嘱 | 证书 | 文件 | 通知书 | 签字 | 电报 | 告示 | 协议书 | 图纸 | 复印 | 磁卡 | 启事 | 档案 | 号码 | 执照 | 报纸 | 锦旗 | 住址 | 张 | 公证 | 问卷 | 简历 | 车牌 | 手册 | 清单 | 姓名 | 彩票 | 账 | 笔 | 件,51.124154164713694,0.9991632360246953,0.000973625973198306,信件:1.000000 | 账单:1.000000 | 便条:1.000000 | 请帖:1.000000 | 借条:1.000000 | 收据:1.000000 | 欠条:1.000000 | 住址:1.000000 | 公函:1.000000 | 签名:1.000000 | 支票:1.000000 | 遗嘱:1.000000,传真:0.082459 | 来信:0.028171 | 杂志:0.016476
141,48,0.3287585737454038,-0.00037305952678148266,0.4583333333333333,脆 | 腥 | 冷 | 胀 | 肿 | 嫩 | 湿 | 烂 | 闷 | 熟 | 黏 | 稠,咸 | 爽 | 腥 | 嫩 | 困 | 渗 | 肿 | 脆,粗 | 闷 | 糟 | 壮 | 胀 | 裂 | 耐 | 精 | 塌 | 滑 | 渗 | 肿,脆 | 腥 | 冷 | 胀 | 肿 | 嫩 | 湿 | 烂 | 闷 | 熟 | 黏 | 稠 | 脏 | 瘦 | 凉 | 薄 | 糟 | 渴 | 粗 | 酸 | 稀 | 臭 | 胖 | 咸 | 软 | 秃 | 厚 | 爽 | 滑 | 硬 | 渗 | 肥 | 矮 | 塌 | 旱 | 细 | 透 | 饿 | 裂 | 壮 | 困 | 涝 | 耐 | 杂 | 轻 | 散 | 精 | 忌,47.86607792582106,0.997070675295006,0.0025591806649231915,糟:1.000000 | 腥:1.000000 | 旱:1.000000 | 脆:1.000000 | 粗:1.000000 | 矮:1.000000 | 脏:1.000000 | 臭:1.000000 | 透:1.000000 | 瘦:1.000000 | 壮:1.000000 | 渴:1.000000,
142,72,0.32251592367213666,-0.01640344979217442,0.4722222222222222,电影 | 歌手 | 喜剧 | 歌曲 | 演员 | 导演 | 音乐 | 电视剧 | 动画片 | 编剧 | 影片 | 歌星,芭蕾 | 足球 | 法语 | 小提琴 | 钢琴 | 阿拉伯语 | 木偶 | 歌,听众 | 电影 | 动画片 | 扑克 | 偶像 | 画家 | 导演 | 读者 | 戏 | 纪录片 | 足球 | 励志,电影 | 歌手 | 喜剧 | 歌曲 | 演员 | 导演 | 音乐 | 电视剧 | 动画片 | 编剧 | 影片 | 歌星 | 动画 | 漫画 | 剧 | 摇滚 | 相声 | 华语 | 纪录片 | 配音 | 影星 | 科幻 | 节目 | 短片 | 艺人 | 唱片 | 芭蕾 | 偶像 | 乐队 | 专辑 | 影迷 | 作家 | 戏 | 主题歌 | 歌迷 | 观众 | 吉他 | 搞笑 | 连续剧 | 童话 | 听众 | 模特儿 | 画家 | 木偶 | 卡通 | 小提琴 | 演艺圈 | 游戏 | 歌 | 钢琴 | 诗人 | 魔术 | 评委 | 励志 | 摄影 | 足球 | 球星 | 银幕 | 收视率 | 球迷 | 名人 | 同人 | 西班牙语 | 建筑师 | 法语 | 读者 | 猜谜 | 中文 | 爵士 | 扑克 | 阿拉伯语 | 男女,71.75226255319417,0.9906004328917712,0.006019560725763715,音乐:1.000000 | 剧:1.000000 | 励志:1.000000 | 摇滚:1.000000 | 观众:1.000000 | 魔术:1.000000 | 科幻:1.000000 | 戏:1.000000 | 配音:1.000000 | 名人:0.999999 | 芭蕾:0.999999 | 相声:0.999999,外文:0.121825 | 点击率:0.068286 | 杂志:0.057589 | 油画:0.032996 | 华裔:0.030669 | 日语:0.023950 | 文学:0.012389
143,50,0.3790968090293631,0.011945302761086938,0.42,伤感 | 思念 | 怀念 | 寂寞 | 甜蜜 | 想念 | 忧愁 | 快乐 | 伤心 | 凄凉 | 孤独 | 牵挂,芬芳 | 失落 | 悲哀 | 美满 | 伤心 | 忧愁 | 喜悦 | 快乐,挂念 | 亲情 | 美好 | 诀别 | 容颜 | 酸甜苦辣 | 心情 | 回味 | 岁月 | 芬芳 | 感恩 | 幸福,伤感 | 思念 | 怀念 | 寂寞 | 甜蜜 | 想念 | 忧愁 | 快乐 | 伤心 | 凄凉 | 孤独 | 牵挂 | 孤单 | 悲哀 | 欢乐 | 往事 | 留恋 | 辛酸 | 美好 | 回忆 | 幸福 | 时光 | 喜悦 | 挂念 | 失落 | 难忘 | 岁月 | 回味 | 沧桑 | 童年 | 真情 | 亲情 | 酸甜苦辣 | 青春 | 感恩 | 悲欢离合 | 向往 | 友情 | 诀别 | 激情 | 珍重 | 美满 | 心情 | 天长地久 | 芬芳 | 灿烂 | 容颜 | 痴心 | 人间 | 故乡,50.13547866988921,0.9995000865641311,0.000674565489095762,挂念:1.000000 | 伤感:1.000000 | 孤单:1.000000 | 忧愁:1.000000 | 牵挂:1.000000 | 留恋:1.000000 | 珍重:1.000000 | 容颜:1.000000 | 孤独:1.000000 | 回味:1.000000 | 向往:1.000000 | 喜悦:1.000000,喜怒哀乐:0.125445 | 陶醉:0.017860
144,89,0.23456933126732812,-0.03648322690768537,0.797752808988764,电力 | 煤炭 | 港口 | 货运 | 发电 | 天然气 | 客运 | 航运 | 供应 | 燃气 | 铁路 | 燃料,农产品 | 客车 | 高速公路 | 客运 | 公路 | 区 | 房屋 | 逐年,开发区 | 劳务 | 海运 | 外 | 人次 | 供给 | 中心 | 开工 | 厂 | 供暖 | 航运 | 区域,电力 | 煤炭 | 港口 | 货运 | 发电 | 天然气 | 客运 | 航运 | 供应 | 燃气 | 铁路 | 燃料 | 农产品 | 煤 | 农业 | 产量 | 公路 | 水泥 | 海运 | 电网 | 出口 | 水利 | 原材料 | 民用 | 煤矿 | 管道 | 工程 | 批发 | 租赁 | 进口 | 工厂 | 公顷 | 航空 | 公用 | 立方米 | 供暖 | 销售 | 客车 | 住房 | 房屋 | 太阳能 | 光缆 | 采购 | 汽油 | 供给 | 上游 | 矿 | 高速公路 | 吨 | 区域 | 平方米 | 下游 | 燃油 | 亩 | 开发区 | 开工 | 国有 | 增产 | 大宗 | 邮政 | 公共 | 城区 | 面积 | 劳务 | 大型 | 营业 | 储备 | 流通 | 小型 | 厂 | 基地 | 中型 | 网点 | 户 | 公里 | 工商 | 区 | 人次 | 逐年 | 收购 | 省 | 各 | 净 | 一线 | 中心 | 批 | 余 | 内 | 外,87.86603590832208,0.9812602743064313,0.011796589876507928,区域:1.000000 | 厂:0.999999 | 亩:0.999998 | 公用:0.999998 | 公顷:0.999998 | 内:0.999997 | 大型:0.999995 | 客运:0.999993 | 平方米:0.999985 | 开工:0.999983 | 营业:0.999979 | 下游:0.999978,集装箱:0.296713 | 海关:0.036618 | 医药:0.028467 | 等:0.023123 | 公积金:0.018018 | 设备:0.014158 | 交通:0.012623 | 中央:0.012218
145,81,0.19740950681103958,-0.04037148457959436,0.9012345679012346,特定 | 类 | 普通 | 类型 | 种类 | 包含 | 常规 | 高于 | 特殊 | 对应 | 属于 | 分为,完整 | 对称 | 常用 | 粗略 | 正规 | 人为 | 正面 | 一经,一经 | 独立 | 完整 | 正规 | 指 | 类别 | 包含 | 相差 | 以上 | 过往 | 特定 | 混合,特定 | 类 | 普通 | 类型 | 种类 | 包含 | 常规 | 高于 | 特殊 | 对应 | 属于 | 分为 | 同类 | 适用 | 限于 | 原有 | 构成 | 现行 | 符合 | 同一 | 个别 | 部分 | 其他 | 初级 | 外部 | 多种 | 隐性 | 类别 | 设定 | 通用 | 常用 | 广义 | 原始 | 基准 | 级别 | 除外 | 非 | 兼容 | 少数 | 以上 | 中等 | 超出 | 所有 | 含 | 混合 | 型 | 属 | 定向 | 复合 | 剔除 | 占 | 正规 | 完整 | 粗略 | 级 | 内部 | 独立 | 对称 | 外来 | 式 | 相差 | 中级 | 项 | 若干 | 统一 | 组合 | 指向 | 定为 | 接近 | 改为 | 无 | 人为 | 该 | 系 | 过往 | 并列 | 一经 | 永久 | 某 | 指 | 正面,80.30183731585481,0.9868150754249115,0.010899831595161367,正规:1.000000 | 初级:1.000000 | 指向:1.000000 | 含:1.000000 | 改为:0.999999 | 个别:0.999999 | 中等:0.999998 | 普通:0.999998 | 特殊:0.999996 | 常用:0.999996 | 特定:0.999995 | 并列:0.999994,第:0.056950 | 组:0.027033 | 不同:0.024340 | 不良:0.018846 | 等级:0.018458 | 透过:0.014158 | 于:0.013878 | 涉及:0.012573
146,50,0.2950256866886408,0.004479042032971757,0.48,雄厚 | 独特 | 优良 | 丰富 | 坚实 | 深厚 | 强大 | 得天独厚 | 优越 | 优异 | 丰厚 | 出色,鲜活 | 精心 | 大气 | 多样 | 广阔 | 贴近 | 发达 | 精细,坚固 | 日新月异 | 广阔 | 庞大 | 成熟 | 品质 | 多样 | 优秀 | 绿色 | 尖端 | 雄厚 | 优异,雄厚 | 独特 | 优良 | 丰富 | 坚实 | 深厚 | 强大 | 得天独厚 | 优越 | 优异 | 丰厚 | 出色 | 丰硕 | 广阔 | 卓越 | 优秀 | 一流 | 悠久 | 优质 | 先进 | 稳固 | 坚固 | 多样 | 成熟 | 庞大 | 精细 | 特色 | 可观 | 独一无二 | 崭新 | 紧密 | 牢固 | 突出 | 长足 | 现代化 | 顶尖 | 尖端 | 品质 | 发达 | 高科技 | 天然 | 立体 | 鲜活 | 日新月异 | 现代 | 贴近 | 绿色 | 精心 | 有机 | 大气,50.02961855097803,0.9991934909666408,0.0009394882363781613,坚实:1.000000 | 坚固:1.000000 | 丰厚:1.000000 | 广阔:1.000000 | 牢固:1.000000 | 得天独厚:1.000000 | 精心:1.000000 | 崭新:1.000000 | 绿色:1.000000 | 贴近:1.000000 | 雄厚:0.999999 | 精细:0.999999,高超:0.011917 | 一体:0.011260
147,47,0.3042901806710484,0.034935770882392275,0.3617021276595745,辞职 | 出任 | 就任 | 职务 | 任命 | 离职 | 辞去 | 连任 | 当选 | 辞呈 | 任期 | 上任,官司 | 参赛 | 结婚 | 立功 | 订婚 | 抽签 | 队长 | 领队,出山 | 回国 | 辞职 | 出任 | 参赛 | 任命 | 席位 | 领队 | 连任 | 官司 | 缺席 | 任期,辞职 | 出任 | 就任 | 职务 | 任命 | 离职 | 辞去 | 连任 | 当选 | 辞呈 | 任期 | 上任 | 人选 | 提名 | 接替 | 下台 | 提拔 | 接班 | 候选人 | 现任 | 晋升 | 去世 | 职位 | 接班人 | 结婚 | 上台 | 回国 | 出走 | 接手 | 出山 | 逝世 | 离婚 | 年薪 | 队长 | 领队 | 资格 | 订婚 | 缺席 | 名额 | 露面 | 参赛 | 元老 | 席位 | 效力 | 抽签 | 官司 | 立功,46.96045450599545,0.9976642023104729,0.0024256676382771094,逝世:1.000000 | 去世:1.000000 | 上任:1.000000 | 辞去:1.000000 | 接班:1.000000 | 辞职:1.000000 | 就任:1.000000 | 结婚:1.000000 | 接替:1.000000 | 离婚:1.000000 | 提拔:1.000000 | 立功:1.000000,功臣:0.034257 | 竞选:0.019059
148,51,0.40151843332442694,0.04412805149097865,0.21568627450980393,谦逊 | 和蔼 | 谦虚 | 礼貌 | 温柔 | 文雅 | 彬彬有礼 | 风趣 | 豁达 | 乖巧 | 客气 | 幽默,平和 | 洪亮 | 倔强 | 顽皮 | 殷勤 | 亲密 | 细心 | 神气,坦率 | 开朗 | 居高临下 | 亲热 | 得体 | 和气 | 倔强 | 温柔 | 友善 | 流利 | 洪亮 | 文雅,谦逊 | 和蔼 | 谦虚 | 礼貌 | 温柔 | 文雅 | 彬彬有礼 | 风趣 | 豁达 | 乖巧 | 客气 | 幽默 | 慈祥 | 开朗 | 得体 | 含蓄 | 体贴 | 坦率 | 大方 | 倔强 | 友善 | 风度 | 镇定 | 冷静 | 调皮 | 大大咧咧 | 沉着 | 坦然 | 神气 | 敦厚 | 和气 | 自信 | 殷勤 | 委婉 | 害羞 | 机智 | 顽皮 | 亲热 | 举止 | 平和 | 爽快 | 严肃 | 从容不迫 | 细心 | 淘气 | 亲近 | 胸有成竹 | 流利 | 亲密 | 居高临下 | 洪亮,51.10956278610543,0.9993442462983918,0.0007542986376272326,含蓄:1.000000 | 彬彬有礼:1.000000 | 礼貌:1.000000 | 委婉:1.000000 | 和蔼:1.000000 | 得体:1.000000 | 文雅:1.000000 | 慈祥:1.000000 | 幽默:1.000000 | 爽快:1.000000 | 细心:1.000000 | 洪亮:1.000000,天真:0.048124 | 活泼:0.030432 | 大模大样:0.021768 | 机灵:0.012774
149,33,0.40552963063228387,0.06695913333666643,0.030303030303030304,晶莹 | 柔软 | 碧绿 | 翠绿 | 明亮 | 红润 | 光滑 | 暖烘烘 | 凉爽 | 湿润 | 柔和 | 坚硬,五颜六色 | 清脆 | 饱满 | 柔和 | 暖和 | 红扑扑 | 沉甸甸 | 结实,灼热 | 结实 | 滋润 | 光泽 | 沉甸甸 | 柔和 | 红润 | 碧绿 | 均匀 | 凉爽 | 干净 | 暖和,晶莹 | 柔软 | 碧绿 | 翠绿 | 明亮 | 红润 | 光滑 | 暖烘烘 | 凉爽 | 湿润 | 柔和 | 坚硬 | 潮湿 | 灼热 | 红扑扑 | 光泽 | 结实 | 暖和 | 滋润 | 清脆 | 寒冷 | 热气 | 洁净 | 干净 | 水灵灵 | 混浊 | 火辣辣 | 刺骨 | 均匀 | 饱满 | 整齐 | 五颜六色 | 沉甸甸,33.02554760254952,0.9998962373658375,0.0001522916239420047,红润:1.000000 | 暖烘烘:1.000000 | 凉爽:1.000000 | 晶莹:1.000000 | 洁净:1.000000 | 沉甸甸:1.000000 | 水灵灵:1.000000 | 火辣辣:1.000000 | 湿润:1.000000 | 柔和:1.000000 | 碧绿:1.000000 | 红扑扑:1.000000,炎热:0.026264
150,84,0.2517863343024167,-0.013177663759208964,0.6309523809523809,机制 | 趋势 | 模式 | 需求 | 层面 | 格局 | 导向 | 体系 | 发展 | 领域 | 政策 | 效益,能力 | 增长 | 企业 | 差距 | 思路 | 增收 | 数据 | 现状,供求 | 微观 | 相辅相成 | 需求 | 发展 | 效率 | 环节 | 百分点 | 出台 | 空间 | 落地 | 转型,机制 | 趋势 | 模式 | 需求 | 层面 | 格局 | 导向 | 体系 | 发展 | 领域 | 政策 | 效益 | 难点 | 市场 | 效率 | 因素 | 要素 | 平台 | 板块 | 成本 | 基础 | 方面 | 渠道 | 思路 | 水平 | 转型 | 前景 | 能力 | 效应 | 技术 | 环节 | 风险 | 指标 | 预期 | 企业 | 框架 | 增长 | 进度 | 进展 | 难度 | 周期 | 项目 | 转变 | 空间 | 重点 | 微观 | 宏观 | 试点 | 供求 | 质量 | 核心 | 门槛 | 良性 | 内需 | 常态 | 落地 | 亮点 | 幅度 | 调控 | 热点 | 长远 | 标准 | 数据 | 长效 | 出台 | 现状 | 主体 | 关键 | 比重 | 范围 | 深度 | 要点 | 行情 | 相辅相成 | 增收 | 差距 | 百分点 | 大有可为 | 有待 | 重大 | 入手 | 起步 | 挂钩 | 多元,85.0494093885251,0.9905070964691535,0.007252137968100385,亮点:1.000000 | 多元:0.999999 | 难度:0.999999 | 格局:0.999998 | 门槛:0.999997 | 热点:0.999996 | 板块:0.999994 | 趋势:0.999993 | 预期:0.999991 | 常态:0.999990 | 要点:0.999986 | 起步:0.999978,潜力:0.423746 | 规模:0.201268 | 示范:0.147316 | 总量:0.141612 | 产业:0.127472 | 基准:0.105075 | 资源:0.097534 | 当前:0.071788
151,53,0.26705986008352306,-0.012731960408771366,0.6037735849056604,序幕 | 高潮 | 波澜 | 迭起 | 愈演愈烈 | 局面 | 动荡 | 热潮 | 尾声 | 来临 | 结束 | 转折点,士气 | 暴风雨 | 景象 | 此起彼伏 | 气氛 | 落下 | 未知数 | 失利,波折 | 暴风雨 | 场面 | 局势 | 过半 | 景象 | 转折 | 此起彼伏 | 高潮 | 波澜 | 迹象 | 尾声,序幕 | 高潮 | 波澜 | 迭起 | 愈演愈烈 | 局面 | 动荡 | 热潮 | 尾声 | 来临 | 结束 | 转折点 | 景象 | 僵局 | 破灭 | 势头 | 此起彼伏 | 局势 | 到来 | 转折 | 导火索 | 形势 | 转机 | 气氛 | 波折 | 危机 | 场面 | 终结 | 警钟 | 暴风骤雨 | 迹象 | 峰回路转 | 泥潭 | 上演 | 悬念 | 势不可当 | 失利 | 之中 | 风暴 | 一帆风顺 | 暴风雨 | 搁浅 | 反响 | 倒计时 | 情景 | 纪录 | 日程 | 揭晓 | 过半 | 士气 | 落下 | 未知数 | 为止,53.07594796779266,0.9990352784821849,0.0010283725335242372,高潮:1.000000 | 来临:1.000000 | 倒计时:1.000000 | 暴风雨:1.000000 | 尾声:1.000000 | 序幕:1.000000 | 景象:1.000000 | 转折:1.000000 | 转机:1.000000 | 到来:1.000000 | 气氛:1.000000 | 波折:1.000000,境地:0.033838 | 实况:0.023345 | 事态:0.013884 | 时间表:0.013838
152,42,0.3858655531062517,-0.014703215431985136,0.5952380952380952,教室 | 房间 | 楼道 | 洗手间 | 卫生间 | 浴室 | 过道 | 病房 | 寝室 | 宿舍 | 楼梯 | 厕所,阳台 | 黑板 | 房间 | 楼梯 | 后备箱 | 过道 | 录音机 | 收音机,卫生间 | 厕所 | 操场 | 阳台 | 洗手间 | 轮椅 | 后备箱 | 宿舍 | 手术室 | 灯光 | 病房 | 行李,教室 | 房间 | 楼道 | 洗手间 | 卫生间 | 浴室 | 过道 | 病房 | 寝室 | 宿舍 | 楼梯 | 厕所 | 车厢 | 阳台 | 手术室 | 操场 | 机舱 | 更衣室 | 教学楼 | 大厅 | 阅览室 | 座位 | 电铃 | 病床 | 办公室 | 门铃 | 柜台 | 话筒 | 考场 | 看台 | 录音机 | 演播室 | 帐篷 | 黑板 | 后备箱 | 轮椅 | 滑梯 | 灯光 | 行李 | 前台 | 收音机 | 喇叭,41.958414099165005,0.9987185613162977,0.001313080288761285,黑板:1.000000 | 话筒:1.000000 | 轮椅:1.000000 | 灯光:1.000000 | 电铃:1.000000 | 操场:1.000000 | 喇叭:1.000000 | 病床:1.000000 | 行李:1.000000 | 办公室:1.000000 | 门铃:1.000000 | 看台:1.000000,
153,109,0.23404301680243367,-0.010936463681158066,0.5504587155963303,月初 | 月底 | 月份 | 年初 | 今年 | 上旬 | 下旬 | 上周 | 年底 | 中旬 | 上个月 | 近期,提早 | 延长 | 逢 | 工作日 | 半数 | 随 | 总体 | 稍后,提早 | 明年 | 工作日 | 未 | 全国 | 年初 | 同期 | 拟 | 上周 | 当晚 | 月底 | 月初,月初 | 月底 | 月份 | 年初 | 今年 | 上旬 | 下旬 | 上周 | 年底 | 中旬 | 上个月 | 近期 | 预计 | 去年 | 目前 | 全年 | 此前 | 累计 | 截至 | 月 | 下个月 | 当日 | 日 | 同期 | 明年 | 迄今 | 日前 | 季度 | 当天 | 共计 | 今日 | 总共 | 此次 | 近日 | 届时 | 截止 | 迄今为止 | 周 | 前期 | 以来 | 明日 | 至此 | 年前 | 晚间 | 总计 | 一共 | 当晚 | 次日 | 合计 | 共 | 共有 | 约 | 当前 | 年 | 据 | 年度 | 时隔 | 继 | 历时 | 据悉 | 初步 | 中期 | 为期 | 总体 | 仅 | 正式 | 平均 | 后年 | 前后 | 大约 | 初 | 稍后 | 后期 | 拟 | 工作日 | 日后 | 暂 | 提前 | 期 | 末 | 自 | 季 | 全国 | 早 | 至 | 其余 | 长达 | 由于 | 未 | 提早 | 全部 | 因 | 综上所述 | 经过 | 基本 | 半数 | 相当于 | 首 | 人均 | 延长 | 受 | 由 | 初次 | 逢 | 依次 | 尚 | 此 | 随 | 致,108.44739829299212,0.9848927768346277,0.009710925970619027,一共:1.000000 | 继:1.000000 | 今年:1.000000 | 总共:1.000000 | 当日:1.000000 | 全年:0.999999 | 月初:0.999999 | 大约:0.999999 | 月份:0.999998 | 次日:0.999997 | 年:0.999997 | 此次:0.999997,初期:0.370990 | 其中:0.086961 | 将近:0.071373 | 本:0.064541 | 期间:0.061253 | 各:0.058298 | 此外:0.057171 | 上期:0.048571
154,45,0.3317885383767025,-0.010240539890616514,0.5555555555555556,恩人 | 恩情 | 亲人 | 仇人 | 报答 | 宽恕 | 恩惠 | 好意 | 饶恕 | 亲爱 | 报仇 | 心意,老乡 | 主人 | 儿女 | 战友 | 皇上 | 家乡 | 好意 | 好心人,心 | 恩情 | 好意 | 性命 | 报仇 | 命 | 仇人 | 子孙 | 皇上 | 恩人 | 老乡 | 遗愿,恩人 | 恩情 | 亲人 | 仇人 | 报答 | 宽恕 | 恩惠 | 好意 | 饶恕 | 亲爱 | 报仇 | 心意 | 原谅 | 福气 | 心肠 | 孝敬 | 好心 | 儿女 | 命 | 遂心 | 好心人 | 知己 | 性命 | 保佑 | 子孙 | 皇上 | 托付 | 乡亲 | 恩赐 | 交情 | 好人 | 死心塌地 | 遗愿 | 老乡 | 发誓 | 战友 | 改邪归正 | 家乡 | 上帝 | 一生 | 主人 | 心 | 素不相识 | 从今以后 | 肯,44.97932675051129,0.9987567057380745,0.0013573937334059709,好心:1.000000 | 心意:1.000000 | 恩人:1.000000 | 遗愿:1.000000 | 命:1.000000 | 乡亲:1.000000 | 恩惠:1.000000 | 好心人:1.000000 | 报答:1.000000 | 遂心:1.000000 | 福气:1.000000 | 托付:1.000000,
155,43,0.2827593085776278,0.01550168596473567,0.3488372093023256,检测 | 检查 | 化验 | 验证 | 鉴定 | 检验 | 鉴别 | 辨别 | 查找 | 测定 | 辨认 | 试验,接到 | 接通 | 联系 | 补充 | 解剖 | 会诊 | 改进 | 破解,研制 | 检测 | 验证 | 破解 | 接触 | 第一手 | 复查 | 找出 | 查找 | 查出 | 接到 | 追踪,检测 | 检查 | 化验 | 验证 | 鉴定 | 检验 | 鉴别 | 辨别 | 查找 | 测定 | 辨认 | 试验 | 复查 | 研究 | 分辨 | 观察 | 筛选 | 搜集 | 实验 | 识别 | 查明 | 追踪 | 察看 | 查出 | 找出 | 调试 | 实地 | 会诊 | 跟踪 | 解剖 | 试用 | 改进 | 证明 | 记录 | 处理 | 研制 | 联系 | 破解 | 第一手 | 接通 | 接触 | 补充 | 接到,42.90467713359556,0.9972939253065648,0.0023455288474762874,察看:1.000000 | 辨认:1.000000 | 查出:1.000000 | 试用:1.000000 | 分辨:1.000000 | 会诊:1.000000 | 观察:1.000000 | 检查:1.000000 | 辨别:1.000000 | 查明:1.000000 | 接到:1.000000 | 接通:1.000000,
156,39,0.332596672629799,0.008502915382866565,0.48717948717948717,祝福 | 谢谢 | 祝 | 感谢 | 祝愿 | 恭喜 | 一路平安 | 朋友们 | 好运 | 开心 | 心想事成 | 哦,惊喜 | 放心 | 您 | 荣幸 | 团圆 | 友人 | 期待 | 萍水相逢,惊喜 | 放心 | 谢谢 | 喜事 | 萍水相逢 | 团圆 | 好运 | 保重 | 干杯 | 祝福 | 一路顺风 | 开心,祝福 | 谢谢 | 祝 | 感谢 | 祝愿 | 恭喜 | 一路平安 | 朋友们 | 好运 | 开心 | 心想事成 | 哦 | 保重 | 晚安 | 礼物 | 一路顺风 | 拜年 | 各位 | 荣幸 | 干杯 | 惊喜 | 捧场 | 加油 | 幸运 | 再见 | 欢迎 | 期待 | 喜事 | 团圆 | 生日 | 求婚 | 好友 | 爱心 | 萍水相逢 | 您 | 礼 | 友人 | 放心 | 定心丸,38.98964086768697,0.9991853731793722,0.0010218060242639495,惊喜:1.000000 | 恭喜:1.000000 | 喜事:1.000000 | 感谢:1.000000 | 加油:1.000000 | 爱心:1.000000 | 谢谢:1.000000 | 朋友们:1.000000 | 祝:1.000000 | 好运:1.000000 | 荣幸:1.000000 | 干杯:1.000000,祝贺:0.011540
157,92,0.2956321574744524,0.02754569706259421,0.2826086956521739,利息 | 学费 | 退休金 | 费用 | 工资 | 生活费 | 支出 | 补助 | 缴纳 | 房租 | 款项 | 经费,公职 | 票 | 奖学金 | 买卖 | 公费 | 就业 | 岗位 | 低价,高额 | 合同 | 生活费 | 关税 | 抚养费 | 债务 | 筹措 | 抵押 | 工资 | 现金 | 养老金 | 经费,利息 | 学费 | 退休金 | 费用 | 工资 | 生活费 | 支出 | 补助 | 缴纳 | 房租 | 款项 | 经费 | 税收 | 数额 | 补贴 | 贷款 | 开支 | 拨款 | 报酬 | 奖金 | 手续费 | 租金 | 抚养费 | 减免 | 管理费 | 交纳 | 支付 | 津贴 | 财政 | 报销 | 缴费 | 还款 | 返还 | 偿还 | 薪水 | 收支 | 定金 | 债务 | 资助 | 预算 | 差额 | 巨额 | 筹措 | 高额 | 补偿 | 资金 | 现金 | 纳税 | 担保 | 公积金 | 负担 | 筹集 | 金额 | 奖学金 | 养老金 | 征收 | 费 | 存款 | 奖励 | 储蓄 | 抵押 | 利润 | 关税 | 财力 | 税 | 公费 | 救济 | 余额 | 养老 | 援助 | 大笔 | 财务 | 兑现 | 合同 | 回报 | 活期 | 就业 | 试用期 | 公职 | 承包 | 权益 | 一揽子 | 高价 | 私营 | 岗位 | 低价 | 合伙 | 买卖 | 购 | 权 | 单位 | 票,92.62766960762465,0.9902851255315709,0.006444963310105519,高价:1.000000 | 低价:1.000000 | 开支:1.000000 | 退休金:1.000000 | 高额:1.000000 | 大笔:1.000000 | 抚养费:1.000000 | 援助:1.000000 | 巨额:1.000000 | 报销:1.000000 | 生活费:1.000000 | 房租:1.000000,信贷:0.372880 | 外汇:0.368410 | 投入:0.265849 | 资本:0.131463 | 劳务:0.076685 | 理财:0.040795 | 外币:0.026642 | 员工:0.022130
158,66,0.34361926175822827,0.01654952976258512,0.3333333333333333,幸亏 | 幸好 | 碰巧 | 没想到 | 听说 | 果然 | 知道 | 恰巧 | 觉得 | 那时候 | 真的 | 这会儿,不得了 | 算是 | 叫 | 似的 | 简直 | 几乎 | 明白 | 莫过于,说实话 | 得知 | 发现 | 幸亏 | 以为 | 那会儿 | 当真 | 看样子 | 果真 | 难怪 | 相信 | 跟,幸亏 | 幸好 | 碰巧 | 没想到 | 听说 | 果然 | 知道 | 恰巧 | 觉得 | 那时候 | 真的 | 这会儿 | 说真的 | 怪不得 | 偏偏 | 居然 | 竟然 | 可惜 | 想不到 | 那会儿 | 看样子 | 晓得 | 那时 | 要不是 | 当真 | 凑巧 | 好在 | 果真 | 说实话 | 刚好 | 碰上 | 难怪 | 发觉 | 当时 | 感觉 | 据说 | 料到 | 正好 | 碰到 | 以为 | 多亏 | 刚才 | 后来 | 恰好 | 不知 | 简直 | 遇上 | 现在 | 当初 | 遇到 | 明白 | 得知 | 跟 | 发现 | 相信 | 以前 | 算是 | 似的 | 叫 | 不得了 | 偶然 | 几乎 | 一模一样 | 还有 | 过 | 莫过于,65.85632818108303,0.9928972151754447,0.005934379005985132,据说:1.000000 | 得知:1.000000 | 居然:1.000000 | 恰巧:1.000000 | 幸亏:1.000000 | 凑巧:1.000000 | 一模一样:1.000000 | 听说:1.000000 | 竟然:1.000000 | 晓得:0.999999 | 碰巧:0.999999 | 果然:0.999999,告诉:0.101325 | 这时候:0.064321 | 这么:0.029747 | 从没:0.017715 | 可是:0.015566 | 又:0.014360 | 原来:0.014102 | 本来:0.013467
159,59,0.27023733360689783,-0.004352361680118769,0.5932203389830508,孕育 | 造就 | 焕发 | 汇聚 | 体现 | 凝聚 | 涌现 | 创造 | 凸显 | 形成 | 呈现 | 汇集,展示 | 扩展 | 打破 | 发掘 | 发扬光大 | 竞争 | 革新 | 纵观,伴随 | 竞争 | 注入 | 发掘 | 涌现 | 蕴藏 | 浓缩 | 奠定 | 开创 | 渗透 | 传承 | 凸显,孕育 | 造就 | 焕发 | 汇聚 | 体现 | 凝聚 | 涌现 | 创造 | 凸显 | 形成 | 呈现 | 汇集 | 延续 | 蕴藏 | 确立 | 奠定 | 展示 | 融入 | 诞生 | 开创 | 再现 | 增添 | 承载 | 营造 | 重现 | 传承 | 壮大 | 聚集 | 演变 | 吸引 | 预示 | 掀起 | 折射 | 贯穿 | 渗透 | 秉承 | 带来 | 扩展 | 注入 | 崛起 | 占据 | 发扬光大 | 成为 | 伴随 | 转化 | 遍布 | 浓缩 | 历经 | 吸取 | 萌发 | 涌入 | 打破 | 发掘 | 主导 | 萌芽 | 竞争 | 革新 | 纵观 | 联想,58.99494105597359,0.9971987272600078,0.002806043267999712,孕育:1.000000 | 焕发:1.000000 | 再现:1.000000 | 诞生:1.000000 | 涌入:1.000000 | 蕴藏:1.000000 | 吸引:1.000000 | 汇集:1.000000 | 聚集:1.000000 | 增添:1.000000 | 贯穿:1.000000 | 展示:1.000000,赢得:0.031373 | 扩张:0.027495 | 积淀:0.016209 | 净化:0.012047 | 吸纳:0.010913 | 效仿:0.010342
160,49,0.3020721587175952,0.005304266167062233,0.4489795918367347,答复 | 发言 | 回信 | 表态 | 汇报 | 公开信 | 意见 | 宣读 | 讲话 | 演说 | 谈话 | 提议,转告 | 交代 | 赞同 | 出面 | 谅解 | 转达 | 解释 | 表扬,拍板 | 公开信 | 汇报 | 声明 | 座谈 | 致辞 | 检讨 | 表态 | 通告 | 答复 | 议 | 来信,答复 | 发言 | 回信 | 表态 | 汇报 | 公开信 | 意见 | 宣读 | 讲话 | 演说 | 谈话 | 提议 | 转达 | 提问 | 通报 | 转告 | 回应 | 座谈 | 陈述 | 辩论 | 提出 | 决议 | 发表 | 来信 | 声明 | 解释 | 通告 | 检讨 | 征求 | 答辩 | 澄清 | 表扬 | 致辞 | 赞同 | 采纳 | 点名 | 异议 | 同意 | 此事 | 草案 | 重申 | 出面 | 谅解 | 起草 | 交代 | 口头 | 赞成 | 拍板 | 议,49.50524261463473,0.9982837970055043,0.0016762204052282476,转达:1.000000 | 转告:1.000000 | 澄清:1.000000 | 辩论:1.000000 | 宣读:1.000000 | 出面:1.000000 | 演说:1.000000 | 汇报:1.000000 | 陈述:1.000000 | 赞同:1.000000 | 检讨:1.000000 | 表扬:1.000000,座谈会:0.474266 | 议程:0.032090 | 倡议:0.030079 | 议题:0.017498
161,40,0.3125221925756264,-0.008678701889899715,0.45,加热 | 冲洗 | 干燥 | 浸泡 | 脱落 | 温度 | 凝固 | 溶解 | 磨损 | 清洗 | 愈合 | 搅拌,切除 | 搅拌 | 注射 | 斑点 | 按摩 | 浸泡 | 保暖 | 止血,切除 | 磨损 | 燃烧 | 干燥 | 寿命 | 温度 | 融化 | 加热 | 破碎 | 包扎 | 残留 | 振动,加热 | 冲洗 | 干燥 | 浸泡 | 脱落 | 温度 | 凝固 | 溶解 | 磨损 | 清洗 | 愈合 | 搅拌 | 湿度 | 缝合 | 包扎 | 水温 | 通风 | 透气 | 结冰 | 密封 | 融化 | 燃烧 | 止血 | 切除 | 保养 | 保暖 | 破碎 | 注射 | 修补 | 残留 | 生长 | 按摩 | 振动 | 复原 | 斑点 | 分解 | 减压 | 调节 | 休眠 | 寿命,40.01477943923547,0.9995012766527742,0.0006267740590829185,浸泡:1.000000 | 包扎:1.000000 | 融化:1.000000 | 减压:1.000000 | 冲洗:1.000000 | 缝合:1.000000 | 水温:1.000000 | 通风:1.000000 | 保养:1.000000 | 复原:1.000000 | 寿命:1.000000 | 燃烧:1.000000,新陈代谢:0.015951
162,47,0.28730850686605797,-0.030483043847108322,0.7872340425531915,做生意 | 应酬 | 大款 | 请客 | 零花钱 | 穷人 | 交朋友 | 送礼 | 便饭 | 乞丐 | 钱财 | 演戏,上班族 | 演戏 | 伙食 | 讨价还价 | 理发 | 管教 | 打仗 | 待遇,苦力 | 让座 | 私事 | 蓝领 | 演戏 | 炒股 | 理发 | 拍戏 | 请客 | 待遇 | 零花钱 | 门当户对,做生意 | 应酬 | 大款 | 请客 | 零花钱 | 穷人 | 交朋友 | 送礼 | 便饭 | 乞丐 | 钱财 | 演戏 | 苦力 | 私房钱 | 私事 | 小费 | 打官司 | 富人 | 家务 | 谋生 | 走后门 | 公事 | 打仗 | 乞讨 | 家教 | 富翁 | 雇 | 理发 | 炒股 | 拍戏 | 办事 | 打交道 | 生意 | 白领 | 跑龙套 | 讨价还价 | 上班族 | 富豪 | 让座 | 下海 | 管教 | 门当户对 | 蓝领 | 跳槽 | 伙食 | 待遇 | 平日,47.059794214807795,0.9992677721763735,0.0008162240800703835,送礼:1.000000 | 小费:1.000000 | 大款:1.000000 | 公事:1.000000 | 苦力:1.000000 | 私房钱:1.000000 | 私事:1.000000 | 零花钱:1.000000 | 谋生:1.000000 | 乞丐:1.000000 | 应酬:1.000000 | 乞讨:1.000000,算账:0.080258
163,69,0.26619299220546633,-0.0054759358082785035,0.5652173913043478,农民 | 群众 | 农村 | 山区 | 民工 | 城乡 | 牧民 | 干部 | 职工 | 部队 | 居民 | 基层,灾 | 受灾 | 运输 | 常年 | 外地 | 报社 | 师生 | 耕地,医务 | 人员 | 前线 | 物资 | 城乡 | 国家 | 官兵 | 公安局 | 队伍 | 卫生 | 后勤 | 市区,农民 | 群众 | 农村 | 山区 | 民工 | 城乡 | 牧民 | 干部 | 职工 | 部队 | 居民 | 基层 | 官兵 | 边远 | 工人 | 农民工 | 渔民 | 城镇 | 受灾 | 劳动 | 郊区 | 机关 | 灾区 | 医务 | 劳动力 | 治安 | 市区 | 修路 | 耕地 | 贫困 | 师生 | 边疆 | 各地 | 公安 | 救灾 | 当地 | 下乡 | 物资 | 卫生 | 边境 | 大队 | 人口 | 后勤 | 移民 | 沿线 | 人员 | 合作社 | 前线 | 拆迁 | 税务 | 纳税人 | 外地 | 土地 | 千家万户 | 国土 | 公安局 | 灾 | 人力 | 首都 | 运输 | 队伍 | 本地 | 公益性 | 境内 | 报社 | 周边 | 国家 | 两岸 | 常年,69.45004952485469,0.9960445691699916,0.0040427006326956135,修路:1.000000 | 常年:1.000000 | 贫困:1.000000 | 边远:1.000000 | 牧民:1.000000 | 土地:1.000000 | 民工:0.999999 | 国土:0.999999 | 周边:0.999999 | 物资:0.999999 | 工人:0.999999 | 农民:0.999998,改革开放:0.255446 | 海关:0.163653 | 法院:0.045110 | 单位:0.035777 | 城区:0.030668 | 联邦:0.029456 | 邮政:0.016289 | 公共:0.011830
164,62,0.2823917750026303,-0.0018859274816522746,0.532258064516129,往返 | 乘坐 | 搭乘 | 绕行 | 乘车 | 抵达 | 到达 | 步行 | 飞往 | 行驶 | 途中 | 降落,夜间 | 下山 | 日夜 | 此处 | 地段 | 停放 | 昼夜 | 疏散,沿途 | 运送 | 日夜 | 途中 | 临时 | 绕行 | 入境 | 往返 | 路程 | 行程 | 避难 | 地点,往返 | 乘坐 | 搭乘 | 绕行 | 乘车 | 抵达 | 到达 | 步行 | 飞往 | 行驶 | 途中 | 降落 | 沿途 | 徒步 | 运送 | 路程 | 停泊 | 过境 | 路途 | 驾车 | 返回 | 滞留 | 行程 | 直达 | 航班 | 进出 | 长途 | 乘 | 登机 | 来往 | 来回 | 巡逻 | 入境 | 中途 | 目的地 | 撤离 | 出入 | 停放 | 出境 | 等候 | 避难 | 疏散 | 下山 | 距 | 距离 | 出发 | 离 | 往来 | 越过 | 地点 | 夜间 | 昼夜 | 附近 | 补给 | 预定 | 汇合 | 日夜 | 地段 | 此处 | 临时 | 遇 | 其间,61.98519172423176,0.9973012443176272,0.002823933636984412,途中:1.000000 | 驾车:1.000000 | 到达:1.000000 | 路途:1.000000 | 路程:1.000000 | 返回:1.000000 | 遇:1.000000 | 日夜:1.000000 | 运送:1.000000 | 昼夜:1.000000 | 行程:1.000000 | 抵达:1.000000,小时:0.021896 | 过往:0.016487 | 通行:0.013726
165,38,0.26270785904578703,-0.027418578616119585,0.7368421052631579,证据 | 疑点 | 确凿 | 错误 | 过错 | 过失 | 证人 | 物证 | 机密 | 清楚 | 秘密 | 疏忽,命令 | 妥当 | 书面 | 嫌疑 | 匿名 | 清楚 | 详细 | 改正,情报 | 秘密 | 错误 | 疑点 | 过失 | 事后 | 可疑 | 改正 | 身份 | 无效 | 不便 | 匿名,证据 | 疑点 | 确凿 | 错误 | 过错 | 过失 | 证人 | 物证 | 机密 | 清楚 | 秘密 | 疏忽 | 可疑 | 差错 | 确切 | 保密 | 嫌疑 | 情报 | 如实 | 妥当 | 线索 | 无可奉告 | 隐私 | 来龙去脉 | 事后 | 指示 | 补救 | 不便 | 指令 | 书面 | 命令 | 改正 | 身份 | 去向 | 对方 | 匿名 | 详细 | 无效,38.030671377013476,0.9997665497492981,0.0003529752575382289,可疑:1.000000 | 命令:1.000000 | 补救:1.000000 | 隐私:1.000000 | 机密:1.000000 | 情报:1.000000 | 去向:1.000000 | 物证:1.000000 | 身份:1.000000 | 清楚:1.000000 | 证人:1.000000 | 指令:0.999999,一目了然:0.021404 | 凶手:0.010410
166,53,0.21739741997323755,-0.04940662024718256,0.9245283018867925,顶级 | 精品 | 畅销 | 经典 | 原装 | 新款 | 热门 | 全新 | 超级 | 山寨 | 明星 | 正版,老字号 | 附件 | 棒 | 跑车 | 苹果 | 说明书 | 流量 | 创意,成功 | 重量级 | 万能 | 排行榜 | 系列 | 山寨 | 环球 | 版 | 超级 | 顶级 | 成功率 | 全新,顶级 | 精品 | 畅销 | 经典 | 原装 | 新款 | 热门 | 全新 | 超级 | 山寨 | 明星 | 正版 | 国产 | 全能 | 水货 | 冷门 | 重量级 | 版 | 系列 | 无敌 | 口碑 | 酷 | 跑车 | 创意 | 人气 | 独家 | 排行榜 | 设计师 | 黑马 | 二手 | 家用 | 最佳 | 新手 | 万能 | 牌 | 袖珍 | 老字号 | 苹果 | 高级 | 商城 | 成功 | 合格 | 环球 | 流量 | 专用 | 团队 | 出厂 | 资讯 | 说明书 | 棒 | 成功率 | 代号 | 附件,52.677430226903994,0.990946585234922,0.006891668820001372,热门:1.000000 | 无敌:1.000000 | 冷门:1.000000 | 超级:1.000000 | 畅销:1.000000 | 最佳:1.000000 | 全能:1.000000 | 酷:1.000000 | 高级:1.000000 | 万能:0.999999 | 成功率:0.999999 | 水货:0.999999,电器:0.044422 | 家电:0.027523 | 车展:0.020943 | 级:0.015897
167,43,0.28811320717328487,-0.013884533739870664,0.627906976744186,写 | 学 | 读 | 唱 | 念 | 练 | 聊 | 讲 | 演 | 教 | 考 | 谈,戳 | 画 | 拍 | 考 | 唱 | 八卦 | 看 | 读,答 | 审 | 训 | 猜 | 八卦 | 曰 | 辞 | 传 | 识 | 教 | 闻 | 聊,写 | 学 | 读 | 唱 | 念 | 练 | 聊 | 讲 | 演 | 教 | 考 | 谈 | 猜 | 删 | 拍 | 辩 | 录 | 看 | 画 | 答 | 查 | 辞 | 奏 | 识 | 举 | 闻 | 编 | 记 | 评 | 搜 | 审 | 训 | 译 | 传 | 遍 | 曰 | 照 | 理 | 招 | 戳 | 赏 | 信 | 八卦,42.85303401532907,0.9960162823461128,0.0024862661124634288,读:1.000000 | 学:1.000000 | 查:1.000000 | 念:1.000000 | 唱:1.000000 | 教:1.000000 | 考:1.000000 | 演:1.000000 | 写:1.000000 | 评:1.000000 | 聊:1.000000 | 训:1.000000,文:0.010842
168,33,0.39053569986457193,0.03980977893179161,0.24242424242424243,肌肉 | 颈部 | 皮肤 | 胸部 | 腹部 | 关节 | 肢体 | 身体 | 血管 | 全身 | 气管 | 心脏,伤口 | 站立 | 牙齿 | 下坠 | 姿势 | 浮力 | 身体 | 头部,心脏 | 颈部 | 气管 | 伤口 | 呼吸 | 知觉 | 嗅觉 | 站立 | 身体 | 大脑 | 下坠 | 肢体,肌肉 | 颈部 | 皮肤 | 胸部 | 腹部 | 关节 | 肢体 | 身体 | 血管 | 全身 | 气管 | 心脏 | 面部 | 呼吸 | 牙齿 | 伤口 | 动脉 | 部位 | 肌肤 | 大脑 | 神经 | 穴位 | 体温 | 头部 | 触觉 | 知觉 | 咽喉 | 嗅觉 | 姿势 | 站立 | 下坠 | 腔 | 浮力,32.99335134332584,0.999768063762511,0.0003128884929058089,大脑:1.000000 | 站立:1.000000 | 颈部:1.000000 | 肢体:1.000000 | 神经:1.000000 | 咽喉:1.000000 | 身体:1.000000 | 头部:1.000000 | 知觉:1.000000 | 下坠:1.000000 | 面部:1.000000 | 肌肉:1.000000,
169,26,0.30729169014202884,-0.02864093922974498,0.6923076923076923,时髦 | 气派 | 阔绰 | 讨人喜欢 | 漂亮 | 抢眼 | 显眼 | 时尚 | 豪华 | 尊贵 | 奢侈 | 与众不同,看重 | 十足 | 感兴趣 | 漂亮 | 火暴 | 喜爱 | 讨人喜欢 | 装扮,尊贵 | 时髦 | 十足 | 鹤立鸡群 | 奢侈 | 显眼 | 阔绰 | 热衷 | 火暴 | 品位 | 气派 | 看重,时髦 | 气派 | 阔绰 | 讨人喜欢 | 漂亮 | 抢眼 | 显眼 | 时尚 | 豪华 | 尊贵 | 奢侈 | 与众不同 | 新潮 | 低调 | 装扮 | 热衷 | 喜爱 | 看重 | 鹤立鸡群 | 十足 | 高调 | 逊色 | 火暴 | 标致 | 品位 | 感兴趣,26.004950538351494,0.9999919619184184,0.000017339386827023803,阔绰:1.000000 | 奢侈:1.000000 | 豪华:1.000000 | 气派:1.000000 | 尊贵:1.000000 | 火暴:1.000000 | 十足:1.000000 | 热衷:1.000000 | 喜爱:1.000000 | 高调:1.000000 | 抢眼:1.000000 | 时髦:1.000000,
170,92,0.30850228799097057,0.026400776194936776,0.33695652173913043,公交车 | 车辆 | 公共汽车 | 出租车 | 列车 | 火车 | 电车 | 货车 | 大巴 | 私家车 | 停车场 | 慢车,俱乐部 | 公园 | 舱 | 办公 | 场馆 | 住户 | 场地 | 领事馆,艘 | 风力 | 码头 | 货物 | 路 | 俱乐部 | 慢车 | 安检 | 舱 | 船 | 路况 | 巴士,公交车 | 车辆 | 公共汽车 | 出租车 | 列车 | 火车 | 电车 | 货车 | 大巴 | 私家车 | 停车场 | 慢车 | 警车 | 巴士 | 车 | 车站 | 乘客 | 车道 | 卧铺 | 司机 | 缆车 | 地铁 | 地铁站 | 路段 | 卡车 | 救护车 | 停车位 | 停车 | 辆 | 电梯 | 飞机 | 自行车 | 电动车 | 车位 | 车主 | 轿车 | 机场 | 公车 | 旅客 | 车速 | 行人 | 路口 | 摩托 | 码头 | 机动车 | 快车 | 交警 | 隧道 | 高铁 | 线路 | 交通 | 轮船 | 马车 | 站台 | 集装箱 | 客机 | 路况 | 出租 | 船 | 售票 | 船舶 | 加油站 | 货物 | 特快 | 渔船 | 违章 | 天桥 | 小区 | 吉普 | 跑道 | 景区 | 客流 | 安检 | 直升机 | 路 | 场馆 | 公园 | 艘 | 物业 | 住户 | 场地 | 旅行社 | 保安 | 海关 | 公务 | 住宅 | 舱 | 领事馆 | 无线电 | 风力 | 办公 | 俱乐部,92.26580465380503,0.9928964878697433,0.00436053486245481,警车:1.000000 | 场地:1.000000 | 停车场:1.000000 | 飞机:1.000000 | 快车:1.000000 | 电梯:1.000000 | 摩托:1.000000 | 出租车:1.000000 | 停车位:1.000000 | 大巴:1.000000 | 天桥:1.000000 | 违章:1.000000,公寓:0.237329 | 高速公路:0.206656 | 汽车:0.115701 | 航空:0.056661 | 出境:0.034742 | 坦克:0.034674 | 货运:0.032069 | 公共:0.025092
171,65,0.29971767495726914,0.02149769579344743,0.3384615384615385,加剧 | 增大 | 减弱 | 缓解 | 萎缩 | 降低 | 加重 | 减少 | 增加 | 恶化 | 减轻 | 升高,预见 | 抑制 | 复苏 | 困扰 | 制约 | 维持 | 发酵 | 衰退,出现 | 萎缩 | 饱和 | 引发 | 加剧 | 遭遇 | 升温 | 波及 | 加深 | 消化 | 缩小 | 维持,加剧 | 增大 | 减弱 | 缓解 | 萎缩 | 降低 | 加重 | 减少 | 增加 | 恶化 | 减轻 | 升高 | 改善 | 衰减 | 显现 | 缩小 | 消除 | 导致 | 抑制 | 抵消 | 升温 | 收缩 | 造成 | 衰退 | 扩大 | 影响 | 增多 | 加深 | 引发 | 延缓 | 扭转 | 产生 | 出现 | 挤压 | 膨胀 | 蔓延 | 改变 | 消失 | 降温 | 释放 | 引起 | 扩张 | 波及 | 制约 | 淡化 | 分化 | 刺激 | 发生 | 冲击 | 消化 | 爆发 | 恢复 | 复苏 | 流失 | 维持 | 发酵 | 饱和 | 面临 | 困扰 | 遭遇 | 存在 | 达到 | 处于 | 预见 | 处在,64.83662663722212,0.9955260844203595,0.0035357521885767784,抑制:1.000000 | 降温:1.000000 | 困扰:1.000000 | 缓解:1.000000 | 刺激:1.000000 | 导致:1.000000 | 消化:1.000000 | 升温:1.000000 | 发生:1.000000 | 出现:1.000000 | 挤压:1.000000 | 发酵:1.000000,打破:0.020024 | 延长:0.018093 | 保持:0.014727 | 消耗:0.013284 | 弥补:0.012559 | 衰竭:0.012093
172,47,0.2503521670923704,-0.018023449195721,0.6595744680851063,承受 | 积累 | 弥补 | 掌握 | 适应 | 满足 | 承担 | 解决 | 依靠 | 经受 | 克服 | 拥有,坚守 | 缺失 | 保护 | 消耗 | 超越 | 打磨 | 摸索 | 成长,消耗 | 承受 | 肩负 | 沉淀 | 经受 | 保护 | 占有 | 考虑 | 成长 | 超越 | 获取 | 积蓄,承受 | 积累 | 弥补 | 掌握 | 适应 | 满足 | 承担 | 解决 | 依靠 | 经受 | 克服 | 拥有 | 依赖 | 兼顾 | 分担 | 培养 | 获取 | 填补 | 缺少 | 肩负 | 占有 | 消耗 | 赋予 | 衡量 | 利用 | 磨合 | 把握 | 提供 | 沉淀 | 继承 | 替代 | 权衡 | 缺失 | 接纳 | 考虑 | 生存 | 吸收 | 打磨 | 坚守 | 摸索 | 保护 | 享有 | 超越 | 从事 | 积蓄 | 成长 | 下一代,47.015086130801116,0.9973880203493599,0.0028097793528428492,克服:1.000000 | 积累:1.000000 | 培养:1.000000 | 沉淀:1.000000 | 适应:1.000000 | 打磨:1.000000 | 成长:1.000000 | 接纳:1.000000 | 积蓄:0.999999 | 磨合:0.999999 | 拥有:0.999999 | 解决:0.999999,担负:0.111538
173,51,0.26364032950459443,-0.02065607924096028,0.6470588235294118,辉煌 | 光辉 | 瑰宝 | 凯歌 | 脊梁 | 复兴 | 硕果 | 光彩 | 奇迹 | 宝库 | 胜利 | 昌盛,蓬勃 | 愚公移山 | 国宝 | 界 | 心血 | 生机 | 纪实 | 宝藏,昌盛 | 英雄 | 贡献 | 鹏程万里 | 中华 | 长征 | 半边天 | 历程 | 里程碑 | 愚公移山 | 万古长青 | 汪洋,辉煌 | 光辉 | 瑰宝 | 凯歌 | 脊梁 | 复兴 | 硕果 | 光彩 | 奇迹 | 宝库 | 胜利 | 昌盛 | 传奇 | 历程 | 光荣 | 繁荣 | 旗帜 | 英雄 | 万古长青 | 宝藏 | 生机 | 鹏程万里 | 友谊 | 光明 | 足迹 | 开天辟地 | 事迹 | 振兴 | 曙光 | 蓝图 | 里程碑 | 堡垒 | 摇篮 | 蓬勃 | 心血 | 血脉 | 丰收 | 半边天 | 长征 | 功臣 | 家园 | 栋梁 | 中华 | 贡献 | 愚公移山 | 国宝 | 风云 | 启迪 | 纪实 | 汪洋 | 界,50.99089716791182,0.9982862326935678,0.0018384332477587209,脊梁:1.000000 | 瑰宝:1.000000 | 旗帜:1.000000 | 硕果:1.000000 | 传奇:1.000000 | 生机:1.000000 | 摇篮:1.000000 | 半边天:1.000000 | 蓬勃:1.000000 | 凯歌:1.000000 | 国宝:1.000000 | 宝藏:1.000000,飞跃:0.020860 | 世纪:0.014353
174,71,0.33591715241421194,0.04324744982359489,0.22535211267605634,傍晚 | 夜晚 | 早晨 | 冬天 | 清晨 | 夜里 | 时节 | 晚上 | 中午 | 夏天 | 清明节 | 秋天,剧组 | 人数 | 段 | 长假 | 端午节 | 国庆 | 晚上 | 早上,下雨 | 段 | 季节 | 剧组 | 冬季 | 来年 | 夏天 | 节气 | 国庆 | 早晨 | 零下 | 晚,傍晚 | 夜晚 | 早晨 | 冬天 | 清晨 | 夜里 | 时节 | 晚上 | 中午 | 夏天 | 清明节 | 秋天 | 星期天 | 腊月 | 除夕 | 春节 | 阴天 | 季节 | 晴朗 | 早上 | 下雪 | 下午 | 元旦 | 炎热 | 冬季 | 深夜 | 夏季 | 下雨 | 春天 | 周末 | 晴天 | 春季 | 节气 | 天气 | 星期日 | 凌晨 | 秋季 | 端午节 | 风和日丽 | 气温 | 上午 | 农历 | 长假 | 清明 | 一早 | 国庆 | 旺季 | 晚 | 每逢 | 初一 | 淡季 | 零下 | 四季 | 多云 | 高峰期 | 夜 | 过后 | 黎明 | 瑞雪 | 时段 | 高温 | 临近 | 高峰 | 摄氏度 | 往年 | 来年 | 期间 | 年终 | 剧组 | 段 | 人数,70.56080918955455,0.9920601609645853,0.004516237160268012,夏季:1.000000 | 冬天:1.000000 | 秋天:1.000000 | 冬季:1.000000 | 清晨:1.000000 | 春季:1.000000 | 秋季:1.000000 | 夏天:1.000000 | 时节:1.000000 | 气温:1.000000 | 季节:1.000000 | 晴朗:1.000000,天:0.037427 | 前夕:0.016094 | 一大早:0.011168 | 工作日:0.010018
175,79,0.2943710244260912,-0.003668663066953926,0.5063291139240507,显然 | 似乎 | 却 | 反倒 | 实际上 | 仍旧 | 不仅 | 仍然 | 依然 | 却是 | 反而 | 依旧,从没 | 如果说 | 不光 | 其次 | 究竟 | 当年 | 看得出 | 注定,颇 | 从来 | 如果说 | 反倒 | 从此 | 恰恰相反 | 原先 | 并非 | 相对而言 | 之所以 | 其次 | 仅仅,显然 | 似乎 | 却 | 反倒 | 实际上 | 仍旧 | 不仅 | 仍然 | 依然 | 却是 | 反而 | 依旧 | 不但 | 虽 | 不光 | 从来 | 原本 | 看似 | 同样 | 不仅仅 | 并非 | 仅仅 | 无疑 | 早已 | 向来 | 事实上 | 更是 | 正是 | 尽管 | 早就 | 恰恰相反 | 可谓 | 一向 | 看来 | 一直 | 本身 | 则 | 原来 | 如今 | 仍 | 比起 | 丝毫 | 相反 | 之所以 | 曾经 | 已经 | 起初 | 如果说 | 绝对 | 究竟 | 相对而言 | 最初 | 原先 | 相比之下 | 由此看来 | 注定 | 便是 | 看得出 | 可见 | 取而代之 | 眼下 | 由此可见 | 众所周知 | 越发 | 颇 | 只有 | 从前 | 从未 | 正如 | 不止 | 相比 | 从此 | 自从 | 从没 | 先前 | 其次 | 唯一 | 当年 | 背后,78.61268794641552,0.9877243782951659,0.00650096844556838,依旧:1.000000 | 一向:1.000000 | 相反:1.000000 | 仍旧:1.000000 | 向来:1.000000 | 依然:1.000000 | 可谓:1.000000 | 显然:1.000000 | 曾经:0.999999 | 原先:0.999999 | 相对而言:0.999999 | 不仅:0.999999,完全:0.155920 | 倒是:0.081949 | 难怪:0.064876 | 然而:0.039125 | 至少:0.030406 | 也就是说:0.016612 | 另:0.013828 | 恰恰:0.013440
176,45,0.2100307833816769,-0.03376622401532968,0.9333333333333333,验 | 移 | 合 | 试 | 登 | 裁 | 征 | 运 | 采 | 建 | 迁 | 测,勿 | 派 | 披 | 行 | 映 | 封 | 播 | 跨,产 | 置 | 解 | 采 | 代 | 派 | 混 | 设 | 附 | 迁 | 映 | 方,验 | 移 | 合 | 试 | 登 | 裁 | 征 | 运 | 采 | 建 | 迁 | 测 | 调 | 入 | 解 | 配 | 置 | 延 | 附 | 设 | 临 | 混 | 结 | 播 | 标 | 妥 | 制 | 产 | 准 | 披 | 列 | 映 | 注 | 依 | 封 | 行 | 关 | 代 | 勿 | 凡 | 方 | 丙 | 跨 | 同 | 派,45.07608787338544,0.9975970456722324,0.0024756371216694056,配:1.000000 | 登:1.000000 | 设:1.000000 | 迁:1.000000 | 验:1.000000 | 产:1.000000 | 裁:1.000000 | 依:1.000000 | 凡:1.000000 | 试:1.000000 | 播:1.000000 | 跨:0.999999,原:0.040717 | 安:0.033809 | 系:0.031702 | 六:0.024963 | 号:0.015927 | 招:0.015272
177,39,0.3436605665036331,0.026785516668735212,0.23076923076923078,描绘 | 描写 | 叙述 | 诉说 | 歌颂 | 表达 | 烘托 | 展现 | 领略 | 感受 | 讲述 | 领悟,崇拜 | 缅怀 | 赞美 | 思索 | 心目 | 打动 | 审视 | 熏陶,表达 | 揣摩 | 描绘 | 审视 | 领会 | 烘托 | 缅怀 | 呼应 | 叙述 | 歌颂 | 衬托 | 崇拜,描绘 | 描写 | 叙述 | 诉说 | 歌颂 | 表达 | 烘托 | 展现 | 领略 | 感受 | 讲述 | 领悟 | 赞美 | 勾画 | 欣赏 | 塑造 | 倾诉 | 流露 | 揣摩 | 体会 | 衬托 | 领会 | 演绎 | 思索 | 唤起 | 描述 | 探求 | 缅怀 | 倾听 | 打动 | 陶冶 | 蕴涵 | 审视 | 模仿 | 熏陶 | 崇拜 | 形容 | 呼应 | 心目,38.998960411516315,0.9998918682050719,0.00017460835043272175,叙述:1.000000 | 歌颂:1.000000 | 烘托:1.000000 | 描写:1.000000 | 熏陶:1.000000 | 流露:1.000000 | 呼应:1.000000 | 欣赏:1.000000 | 唤起:1.000000 | 模仿:1.000000 | 陶冶:1.000000 | 蕴涵:1.000000,
178,46,0.4328119492012785,0.14720249853218095,0.021739130434782608,舞蹈 | 歌剧 | 戏剧 | 民歌 | 戏曲 | 诗歌 | 歌舞 | 演奏 | 独唱 | 演唱 | 乐曲 | 京剧,趣味 | 改编 | 礼仪 | 国歌 | 古典 | 民俗 | 素描 | 鉴赏,民歌 | 演唱 | 散文 | 表演 | 独唱 | 诗歌 | 戏曲 | 改编 | 绘画 | 书法 | 文艺 | 剧目,舞蹈 | 歌剧 | 戏剧 | 民歌 | 戏曲 | 诗歌 | 歌舞 | 演奏 | 独唱 | 演唱 | 乐曲 | 京剧 | 合唱 | 歌唱 | 绘画 | 杂技 | 话剧 | 交响乐 | 艺术 | 表演 | 伴奏 | 朗诵 | 国画 | 创作 | 秧歌 | 抒情 | 散文 | 书法 | 剧目 | 美术 | 旋律 | 歌咏 | 中国画 | 小品 | 舞 | 文艺 | 古典 | 马戏 | 素描 | 民俗 | 茶道 | 鉴赏 | 国歌 | 趣味 | 改编 | 礼仪,45.98074519902107,0.9995003061898121,0.0006316762788386457,演奏:1.000000 | 歌唱:1.000000 | 演唱:1.000000 | 合唱:1.000000 | 歌咏:1.000000 | 歌舞:1.000000 | 独唱:1.000000 | 抒情:1.000000 | 旋律:1.000000 | 朗诵:1.000000 | 乐曲:1.000000 | 鉴赏:1.000000,
179,52,0.267801713556187,-0.01719602017896073,0.6346153846153846,后裔 | 祭祀 | 祖先 | 传说 | 皇室 | 后代 | 世袭 | 古代 | 相传 | 习俗 | 供奉 | 后人,大片 | 作者 | 陪葬 | 谜 | 葬 | 宫 | 晚年 | 主人公,生平 | 族 | 宫廷 | 主人公 | 遗产 | 帝国 | 称呼 | 家族 | 皇室 | 葬 | 供奉 | 宫,后裔 | 祭祀 | 祖先 | 传说 | 皇室 | 后代 | 世袭 | 古代 | 相传 | 习俗 | 供奉 | 后人 | 贵族 | 姓氏 | 风俗 | 祭 | 宫廷 | 朝代 | 葬 | 家族 | 血缘 | 来历 | 记载 | 圣贤 | 世代 | 象征 | 陪葬 | 称呼 | 化身 | 由来 | 僧人 | 王国 | 生平 | 族 | 帝国 | 使者 | 宫 | 遗产 | 晚年 | 主人公 | 掌管 | 公元 | 风水 | 孪生 | 上流 | 长寿 | 干戈 | 乃 | 谜 | 巨人 | 作者 | 大片,52.31535851889682,0.9994243051206817,0.0007962128795971105,供奉:1.000000 | 祭祀:1.000000 | 相传:1.000000 | 葬:1.000000 | 来历:1.000000 | 记载:1.000000 | 祭:1.000000 | 皇室:1.000000 | 习俗:1.000000 | 后人:1.000000 | 长寿:1.000000 | 世袭:1.000000,古今中外:0.153676 | 称作:0.067723 | 宗:0.023858 | 年代:0.016562
180,51,0.32584211890216985,-0.001413889458362822,0.45098039215686275,工艺品 | 首饰 | 刺绣 | 礼品 | 瓷器 | 家具 | 服装 | 珠宝 | 服饰 | 地毯 | 装饰 | 图案,外衣 | 乐器 | 名片 | 油画 | 地毯 | 招牌 | 雕塑 | 奖品,花卉 | 时装 | 吉祥物 | 文具 | 肖像 | 特制 | 首饰 | 服饰 | 油画 | 贝壳 | 刺绣 | 藏品,工艺品 | 首饰 | 刺绣 | 礼品 | 瓷器 | 家具 | 服装 | 珠宝 | 服饰 | 地毯 | 装饰 | 图案 | 古董 | 丝绸 | 玩具 | 礼服 | 时装 | 雕塑 | 文具 | 邮票 | 婚纱 | 藏品 | 款式 | 贺卡 | 物品 | 宝石 | 油画 | 年画 | 画册 | 用品 | 道具 | 花卉 | 乐器 | 摆设 | 肖像 | 灯笼 | 手工 | 鲜花 | 收藏 | 水晶 | 吉祥物 | 钻石 | 海报 | 贝壳 | 彩色 | 奖品 | 花样 | 名片 | 特制 | 外衣 | 招牌,50.87081171833794,0.9949457401014872,0.004281495641066219,道具:1.000000 | 刺绣:1.000000 | 服饰:1.000000 | 招牌:1.000000 | 物品:1.000000 | 丝绸:1.000000 | 摆设:1.000000 | 宝石:1.000000 | 鲜花:1.000000 | 特制:1.000000 | 文具:1.000000 | 外衣:1.000000,封面:0.056984 | 唱片:0.027117 | 图书:0.025431
181,45,0.2963631567368226,-0.01067733492393796,0.5777777777777777,损伤 | 紊乱 | 危害 | 污染 | 破裂 | 腐烂 | 腐蚀 | 堵塞 | 有害 | 副作用 | 老化 | 缺陷,衰弱 | 病毒 | 兴奋剂 | 衰竭 | 麻痹 | 窒息 | 漏洞 | 副作用,恶性 | 变异 | 失效 | 失灵 | 有毒 | 变质 | 腐烂 | 病毒 | 紊乱 | 噪音 | 伤害 | 震动,损伤 | 紊乱 | 危害 | 污染 | 破裂 | 腐烂 | 腐蚀 | 堵塞 | 有害 | 副作用 | 老化 | 缺陷 | 变异 | 诱发 | 泄漏 | 恶性 | 伤害 | 传染 | 断裂 | 后遗症 | 失灵 | 畸形 | 故障 | 隐患 | 变质 | 有毒 | 衰竭 | 噪音 | 失效 | 麻痹 | 失控 | 噪声 | 超标 | 窒息 | 衰弱 | 致命 | 根治 | 病毒 | 摩擦 | 不良 | 漏洞 | 震动 | 泡沫 | 尾气 | 兴奋剂,44.978379900688395,0.9988401718059402,0.0012249143202158529,破裂:1.000000 | 老化:1.000000 | 麻痹:1.000000 | 后遗症:1.000000 | 有毒:1.000000 | 畸形:1.000000 | 腐烂:1.000000 | 超标:1.000000 | 根治:1.000000 | 有害:1.000000 | 泄漏:1.000000 | 污染:1.000000,
182,93,0.2655493353446854,-0.011810914556279315,0.5591397849462365,专栏 | 播出 | 直播 | 频道 | 访谈 | 栏目 | 电视台 | 博客 | 广播 | 视频 | 转播 | 播放,大会 | 阅读 | 竞赛 | 体育 | 嘉年华 | 发布会 | 届 | 大赛,卫视 | 编辑 | 车展 | 届 | 宣传 | 微博 | 网民 | 出版社 | 历届 | 点击率 | 嘉宾 | 预告,专栏 | 播出 | 直播 | 频道 | 访谈 | 栏目 | 电视台 | 博客 | 广播 | 视频 | 转播 | 播放 | 新闻 | 媒体 | 杂志 | 讲座 | 专题 | 卫视 | 报刊 | 广告 | 电台 | 微博 | 论坛 | 头条 | 收看 | 收听 | 投稿 | 演讲 | 录制 | 评论 | 改版 | 重播 | 刊登 | 刊物 | 出版 | 主页 | 晚报 | 互动 | 嘉宾 | 点击率 | 主持人 | 下载 | 评论员 | 沙龙 | 帖子 | 科普 | 转载 | 阅读 | 原创 | 实况 | 发布会 | 编辑 | 公众 | 评选 | 浏览 | 放映 | 传媒 | 宣传 | 图片 | 图书 | 娱乐 | 微信 | 社交 | 影视 | 活动 | 网友 | 分享 | 策划 | 少儿 | 网民 | 财经 | 音像 | 大赛 | 体育 | 标题 | 日报 | 主题 | 大会 | 嘉年华 | 车展 | 网址 | 投票 | 对话 | 征集 | 集邮 | 出版社 | 预告 | 公关 | 文娱 | 竞赛 | 届 | 历届 | 中外,93.48612469561779,0.9951061037984844,0.004469907624138739,播放:1.000000 | 互动:1.000000 | 宣传:1.000000 | 收听:1.000000 | 放映:1.000000 | 直播:1.000000 | 科普:1.000000 | 广播:1.000000 | 媒体:1.000000 | 阅读:1.000000 | 报刊:1.000000 | 分享:1.000000,大众:0.437256 | 乐:0.109334 | 奖:0.071069 | 竞技:0.038453 | 正版:0.029803 | 网上:0.028048 | 北京:0.027830 | 全文:0.025908
183,51,0.3817814585624464,0.08105796417230447,0.13725490196078433,课文 | 英语 | 口语 | 复习 | 背诵 | 预习 | 听写 | 外语 | 备课 | 课本 | 作文 | 写作,排练 | 上岗 | 工作 | 分组 | 稿子 | 学时 | 论文 | 分数,复习 | 写作 | 排练 | 背诵 | 试卷 | 学习 | 学时 | 作文 | 英文 | 分组 | 日语 | 练习,课文 | 英语 | 口语 | 复习 | 背诵 | 预习 | 听写 | 外语 | 备课 | 课本 | 作文 | 写作 | 讲课 | 课程 | 口试 | 课 | 选修 | 听力 | 朗读 | 自学 | 汉语 | 练习 | 试卷 | 教学 | 卷子 | 听讲 | 填空 | 默读 | 学习 | 功课 | 抄写 | 俄语 | 日语 | 必修 | 识字 | 测验 | 课堂 | 英文 | 学时 | 翻译 | 科目 | 普通话 | 稿子 | 论文 | 分数 | 排练 | 作业 | 时事 | 上岗 | 工作 | 分组,51.09201674850595,0.9961535008042044,0.0032455733123359196,背诵:1.000000 | 默读:1.000000 | 抄写:1.000000 | 练习:1.000000 | 听讲:1.000000 | 稿子:1.000000 | 写作:1.000000 | 朗读:1.000000 | 预习:1.000000 | 讲课:1.000000 | 复习:1.000000 | 学习:1.000000,笔试:0.248870
184,32,0.37731088537049867,0.06996484072375705,0.125,宽阔 | 荒凉 | 僻静 | 宽敞 | 狭小 | 狭窄 | 偏僻 | 茂密 | 拥挤 | 辽阔 | 平坦 | 开阔,阴暗 | 整洁 | 破旧 | 熙熙攘攘 | 陌生 | 喧闹 | 川流不息 | 肥沃,宽阔 | 拥挤 | 狭小 | 茂密 | 陌生 | 僻静 | 相连 | 偏远 | 熙熙攘攘 | 川流不息 | 开阔 | 茂盛,宽阔 | 荒凉 | 僻静 | 宽敞 | 狭小 | 狭窄 | 偏僻 | 茂密 | 拥挤 | 辽阔 | 平坦 | 开阔 | 宽广 | 喧闹 | 空荡荡 | 整洁 | 简陋 | 熙熙攘攘 | 茂盛 | 繁华 | 阴暗 | 破旧 | 稠密 | 肥沃 | 纵横交错 | 偏远 | 繁忙 | 稀少 | 川流不息 | 陌生 | 相通 | 相连,31.998321638229594,0.9998836838638171,0.0001458012551085475,偏僻:1.000000 | 偏远:1.000000 | 僻静:1.000000 | 宽敞:1.000000 | 拥挤:1.000000 | 熙熙攘攘:1.000000 | 宽阔:1.000000 | 简陋:1.000000 | 狭小:1.000000 | 川流不息:1.000000 | 喧闹:1.000000 | 相通:1.000000,
185,41,0.3440517342659581,0.026736026845486895,0.2926829268292683,抢劫 | 盗窃 | 收买 | 窃取 | 掠夺 | 敲诈 | 强占 | 抢夺 | 杀害 | 贩卖 | 扣留 | 倒卖,占领 | 贿赂 | 拉拢 | 伪造 | 公款 | 杀害 | 走私 | 散布,拉拢 | 兜售 | 绑架 | 招揽 | 敲诈 | 伪造 | 焚烧 | 分赃 | 杀害 | 扣留 | 侵占 | 毁坏,抢劫 | 盗窃 | 收买 | 窃取 | 掠夺 | 敲诈 | 强占 | 抢夺 | 杀害 | 贩卖 | 扣留 | 倒卖 | 侵占 | 藏匿 | 财物 | 出卖 | 扣押 | 毁坏 | 绑架 | 走私 | 烧毁 | 霸占 | 伪造 | 贿赂 | 遗弃 | 冒充 | 拉拢 | 兜售 | 分赃 | 没收 | 丢弃 | 销毁 | 雇佣 | 焚烧 | 占领 | 推销 | 招揽 | 公款 | 散布 | 动用 | 充当,41.05804566747381,0.9994559927823705,0.0005957381081936271,销毁:1.000000 | 推销:1.000000 | 兜售:1.000000 | 毁坏:1.000000 | 收买:1.000000 | 焚烧:1.000000 | 冒充:1.000000 | 遗弃:1.000000 | 招揽:1.000000 | 出卖:1.000000 | 霸占:1.000000 | 强占:1.000000,拘留:0.041462 | 搜查:0.028026
186,77,0.2908723129831929,-0.0484466168622726,0.8051948051948052,帅哥 | 仙女 | 少女 | 猫 | 公主 | 美女 | 姐妹 | 母女 | 情人 | 太太 | 小姐 | 新娘,伯母 | 岳母 | 太太 | 同事 | 邻居 | 前任 | 老板 | 娃娃,情侣 | 老板 | 新娘 | 女 | 群 | 帅哥 | 同伴 | 鳄鱼 | 酒鬼 | 宝贝 | 姐妹 | 绰号,帅哥 | 仙女 | 少女 | 猫 | 公主 | 美女 | 姐妹 | 母女 | 情人 | 太太 | 小姐 | 新娘 | 狗 | 美人 | 猩猩 | 伯母 | 王子 | 同伴 | 情侣 | 父女 | 狮子 | 女 | 怪物 | 猎人 | 宝贝 | 娃娃 | 野兽 | 主妇 | 邻居 | 男 | 小丑 | 王后 | 狼 | 神仙 | 新郎 | 岳母 | 双胞胎 | 母子 | 老板 | 路人 | 鳄鱼 | 皇帝 | 女子 | 男士 | 少年 | 和尚 | 阎王 | 厨师 | 杀手 | 同事 | 猎犬 | 男子 | 魔鬼 | 鲨鱼 | 皇后 | 水手 | 酒鬼 | 宠物 | 外星人 | 摄影师 | 父子 | 弟子 | 熟人 | 将军 | 天使 | 天才 | 粉丝 | 恐龙 | 女士 | 大熊猫 | 先生 | 外号 | 传人 | 星座 | 绰号 | 群 | 前任,78.04562250791591,0.9987783418393461,0.001410605750172609,女士:1.000000 | 宝贝:1.000000 | 男士:1.000000 | 杀手:1.000000 | 路人:1.000000 | 新郎:1.000000 | 美女:1.000000 | 帅哥:1.000000 | 男子:1.000000 | 传人:1.000000 | 猎犬:1.000000 | 猎人:0.999999,影星:0.351373 | 鸟:0.131462 | 大象:0.104849 | 大师:0.091774 | 蜜蜂:0.073194 | 师长:0.033586 | 兄弟:0.032872 | 家人:0.026729
187,72,0.2808363496250279,0.007142942770069898,0.4166666666666667,提交 | 申请 | 批准 | 审批 | 办理 | 审核 | 公示 | 登记 | 审查 | 递交 | 填写 | 受理,撤销 | 调查 | 邮编 | 开通 | 出资 | 张贴 | 报告 | 收取,发放 | 公告 | 提交 | 开通 | 收取 | 交付 | 许可证 | 报告 | 试行 | 出具 | 核对 | 删除,提交 | 申请 | 批准 | 审批 | 办理 | 审核 | 公示 | 登记 | 审查 | 递交 | 填写 | 受理 | 申报 | 上报 | 签署 | 手续 | 出具 | 申领 | 核实 | 修订 | 生效 | 签订 | 验收 | 查询 | 许可证 | 修改 | 确认 | 许可 | 评审 | 出示 | 订立 | 撤销 | 协议 | 注册 | 公告 | 授权 | 核对 | 拟定 | 委托 | 表决 | 发放 | 颁布 | 更改 | 认证 | 转让 | 通知 | 指定 | 编制 | 约定 | 收取 | 交付 | 有效期 | 试行 | 名单 | 报告 | 开通 | 接收 | 公开 | 执行 | 代理 | 张贴 | 编号 | 收到 | 期限 | 调查 | 出售 | 日期 | 删除 | 资料 | 出资 | 目录 | 邮编,72.2570272770123,0.9974954180504886,0.0027358564157152383,填写:1.000000 | 出示:1.000000 | 办理:1.000000 | 邮编:1.000000 | 受理:1.000000 | 认证:1.000000 | 开通:1.000000 | 递交:1.000000 | 张贴:1.000000 | 公示:0.999999 | 名单:0.999998 | 编制:0.999996,评估:0.073515 | 事项:0.071135 | 分类:0.065818 | 列入:0.037211 | 委员会:0.028268 | 交易:0.024241 | 税务:0.014222 | 收支:0.010675
188,33,0.5241183886108044,0.1996737776879412,0.0,柜子 | 书桌 | 桌子 | 椅子 | 凳子 | 窗子 | 书橱 | 书柜 | 写字台 | 屋子 | 窗台 | 窗户,书包 | 地上 | 被子 | 柱子 | 栏杆 | 客厅 | 卧室 | 箱子,窗子 | 窗帘 | 桌子 | 栏杆 | 书桌 | 抽屉 | 窗台 | 柜子 | 地板 | 柱子 | 床 | 被子,柜子 | 书桌 | 桌子 | 椅子 | 凳子 | 窗子 | 书橱 | 书柜 | 写字台 | 屋子 | 窗台 | 窗户 | 卧室 | 藤椅 | 沙发 | 书架 | 客厅 | 抽屉 | 墙壁 | 窗帘 | 箱子 | 帐子 | 书房 | 帘子 | 院子 | 被子 | 床 | 镜子 | 栏杆 | 地板 | 柱子 | 书包 | 地上,32.999483196447095,0.9999832912617176,0.00002987901910775997,书橱:1.000000 | 书架:1.000000 | 院子:1.000000 | 墙壁:1.000000 | 书房:1.000000 | 床:1.000000 | 书柜:1.000000 | 镜子:1.000000 | 窗子:1.000000 | 书桌:1.000000 | 藤椅:1.000000 | 客厅:1.000000,
189,29,0.3050996369290532,0.014054961810667425,0.3448275862068966,昂贵 | 便宜 | 贵重 | 廉价 | 值钱 | 实用 | 实惠 | 名贵 | 齐全 | 有用 | 划算 | 高档,美观 | 不起眼 | 划算 | 笨重 | 劣质 | 值钱 | 档次 | 方便,贵 | 档次 | 值钱 | 不起眼 | 便宜 | 常见 | 美观 | 高档 | 像样 | 现成 | 简易 | 贵重,昂贵 | 便宜 | 贵重 | 廉价 | 值钱 | 实用 | 实惠 | 名贵 | 齐全 | 有用 | 划算 | 高档 | 贵 | 方便 | 美观 | 简易 | 常见 | 应有尽有 | 笨重 | 现成 | 新式 | 五花八门 | 一应俱全 | 劣质 | 各式各样 | 不起眼 | 像样 | 必不可少 | 档次,28.99448194985689,0.999782861114419,0.000316185080493119,一应俱全:1.000000 | 便宜:1.000000 | 廉价:1.000000 | 昂贵:1.000000 | 贵重:1.000000 | 值钱:1.000000 | 应有尽有:1.000000 | 各式各样:1.000000 | 实惠:1.000000 | 划算:1.000000 | 笨重:1.000000 | 劣质:1.000000,
190,49,0.3448253014498921,0.04047268962812252,0.40816326530612246,晚会 | 闭幕式 | 庆典 | 音乐会 | 开幕式 | 开幕 | 盛会 | 宴会 | 联欢 | 演唱会 | 集会 | 典礼,席 | 演出 | 殿堂 | 赛场 | 球场 | 礼堂 | 助威 | 夏令营,闭幕式 | 诞辰 | 开幕式 | 舞台 | 招待会 | 体育馆 | 展览会 | 葬礼 | 赛场 | 晚会 | 国旗 | 口号,晚会 | 闭幕式 | 庆典 | 音乐会 | 开幕式 | 开幕 | 盛会 | 宴会 | 联欢 | 演唱会 | 集会 | 典礼 | 展览会 | 招待会 | 展览 | 会场 | 演出 | 运动会 | 博览会 | 葬礼 | 闭幕 | 礼堂 | 游行 | 画展 | 体育场 | 体育馆 | 婚礼 | 盛大 | 仪式 | 舞台 | 广场 | 剧院 | 剧场 | 奥运会 | 狂欢节 | 亚运会 | 纪念日 | 赛场 | 周年 | 诞辰 | 球场 | 夏令营 | 殿堂 | 国旗 | 助威 | 火炬 | 标语 | 口号 | 席,48.98417228744112,0.9990675006915692,0.0011634073762846358,舞台:1.000000 | 殿堂:1.000000 | 联欢:1.000000 | 晚会:1.000000 | 国旗:1.000000 | 游行:1.000000 | 仪式:1.000000 | 赛场:1.000000 | 口号:1.000000 | 葬礼:1.000000 | 盛大:1.000000 | 剧场:1.000000,大奖赛:0.018981
191,54,0.31451222069203777,0.0053439622837145005,0.42592592592592593,嘛 | 道理 | 本事 | 坏处 | 好处 | 事情 | 毛病 | 事 | 用处 | 玩意儿 | 话 | 意思,火候 | 废话 | 功效 | 分寸 | 面子 | 秘方 | 吧 | 胃口,秘方 | 呢 | 话 | 好处 | 大事 | 啦 | 点子 | 短处 | 利害 | 事 | 本钱 | 瘾,嘛 | 道理 | 本事 | 坏处 | 好处 | 事情 | 毛病 | 事 | 用处 | 玩意儿 | 话 | 意思 | 呢 | 活儿 | 难处 | 窍门 | 本钱 | 心思 | 吧 | 东西 | 罢了 | 坏事 | 能耐 | 秘诀 | 废话 | 劲头 | 益处 | 啦 | 路子 | 工夫 | 好事 | 门路 | 短处 | 吗 | 脑筋 | 分寸 | 地步 | 面子 | 缘故 | 规矩 | 胃口 | 些 | 而已 | 大事 | 甜头 | 点子 | 秘方 | 俗话 | 运气 | 瘾 | 利害 | 功效 | 火候 | 药方,54.00972449899714,0.9983616897380386,0.001617405363492549,火候:1.000000 | 秘方:1.000000 | 门路:1.000000 | 胃口:1.000000 | 东西:1.000000 | 药方:1.000000 | 玩意儿:1.000000 | 规矩:1.000000 | 嘛:1.000000 | 利害:1.000000 | 难处:1.000000 | 大事:1.000000,诀窍:0.065368 | 偏方:0.010084
192,81,0.3768766665117261,0.04096991345243006,0.2716049382716049,肿瘤 | 炎症 | 急性 | 疾病 | 治疗 | 病症 | 慢性 | 癌症 | 糖尿病 | 肝脏 | 高血压 | 症状,人体 | 胃 | 中毒 | 服用 | 唾液 | 器官 | 视力 | 新陈代谢,激素 | 视力 | 肾 | 阳性 | 胚胎 | 脾 | 艾滋病 | 输血 | 分泌 | 患 | 血压 | 慢性,肿瘤 | 炎症 | 急性 | 疾病 | 治疗 | 病症 | 慢性 | 癌症 | 糖尿病 | 肝脏 | 高血压 | 症状 | 发病 | 心脏病 | 血栓 | 病 | 确诊 | 癌 | 复发 | 肝 | 免疫 | 病情 | 诊断 | 手术 | 传染病 | 血压 | 内科 | 临床 | 激素 | 肺 | 外科 | 脾 | 药物 | 患有 | 疗效 | 肥胖 | 治愈 | 患 | 胎儿 | 疗法 | 针灸 | 艾滋病 | 儿科 | 肾 | 口腔 | 细胞 | 血液 | 康复 | 西医 | 胃 | 中医 | 感染 | 流感 | 器官 | 胚胎 | 生理 | 分泌 | 痰 | 阳性 | 麻醉 | 创伤 | 阴性 | 体质 | 医学 | 唾液 | 中毒 | 衰老 | 人体 | 遗传 | 腺 | 服用 | 视力 | 职业病 | 护理 | 输血 | 新陈代谢 | 婴儿 | 晚期 | 发育 | 体重 | 矫正,80.91951810087014,0.997294871096138,0.0026047810001874967,中医:1.000000 | 病:1.000000 | 血液:1.000000 | 阴性:1.000000 | 外科:1.000000 | 内科:1.000000 | 阳性:1.000000 | 矫正:1.000000 | 疾病:1.000000 | 痰:1.000000 | 患:1.000000 | 肺:1.000000,腹泻:0.039341 | 休克:0.020470 | 痴呆:0.020203 | 酒精:0.013206 | 抗生素:0.011724
193,85,0.4051157186063812,0.055322739324532355,0.27058823529411763,袜子 | 衬衣 | 毛衣 | 大衣 | 拖鞋 | 裤子 | 衬衫 | 衣服 | 围巾 | 外套 | 裙子 | 鞋,垫子 | 台灯 | 枕头 | 电视机 | 盒子 | 马桶 | 微波炉 | 脸盆,背包 | 裤子 | 瓶 | 圆珠笔 | 球鞋 | 毛笔 | 笔记本 | 墨水 | 外套 | 塑料袋 | 毯子 | 背心,袜子 | 衬衣 | 毛衣 | 大衣 | 拖鞋 | 裤子 | 衬衫 | 衣服 | 围巾 | 外套 | 裙子 | 鞋 | 毛巾 | 皮鞋 | 上衣 | 领带 | 羽绒服 | 短裤 | 衣架 | 牛仔裤 | 凉鞋 | 毯子 | 雨衣 | 水壶 | 皮包 | 手套 | 球鞋 | 杯子 | 西装 | 枕头 | 内衣 | 牙刷 | 手帕 | 梳子 | 蚊帐 | 睡袋 | 背心 | 垫子 | 拉锁 | 纽扣 | 铅笔 | 脸盆 | 口罩 | 扇子 | 圆珠笔 | 高跟鞋 | 背包 | 项链 | 刷子 | 钢笔 | 台灯 | 手表 | 旗袍 | 眼镜 | 筷子 | 马桶 | 火柴 | 吸管 | 电饭锅 | 塑料袋 | 球拍 | 袋 | 盒子 | 胶带 | 灯泡 | 戒指 | 笔记本 | 易拉罐 | 香烟 | 毛笔 | 瓶 | 洗衣机 | 药片 | 蜡烛 | 充电器 | 墨水 | 冰箱 | 花瓶 | 包 | 电视机 | 纸 | 盒 | 微波炉 | 箱 | 硬币,85.27781122856784,0.9987300011677513,0.0014737436147470428,西装:1.000000 | 衬衣:1.000000 | 拖鞋:1.000000 | 皮鞋:1.000000 | 毛衣:1.000000 | 短裤:1.000000 | 羽绒服:1.000000 | 裙子:1.000000 | 牛仔裤:1.000000 | 钢笔:1.000000 | 衣服:1.000000 | 眼镜:1.000000,玩具:0.077724 | 罐:0.057844 | 礼服:0.055210 | 剪刀:0.047715 | 打印机:0.039394 | 皮带:0.013341 | 胶水:0.013075 | 耳机:0.012254
194,75,0.26240563017550017,-0.012761897003241844,0.5866666666666667,软件 | 图像 | 传输 | 智能 | 计算机 | 系统 | 硬件 | 联网 | 遥控 | 监控 | 导航 | 应用,一卡通 | 汽车 | 专业 | 网站 | 浏览器 | 测量 | 实验室 | 设计,单元 | 转换 | 模拟 | 联网 | 运营 | 人工智能 | 汽车 | 输入 | 视觉 | 服务器 | 数据库 | 计算机,软件 | 图像 | 传输 | 智能 | 计算机 | 系统 | 硬件 | 联网 | 遥控 | 监控 | 导航 | 应用 | 远程 | 自动 | 数据库 | 多媒体 | 服务器 | 扫描 | 无线 | 监测 | 浏览器 | 模拟 | 图形 | 移动 | 人工智能 | 探测 | 影像 | 三维 | 性能 | 模型 | 网络 | 虚拟 | 测量 | 动态 | 测试 | 激光 | 杀毒 | 辅助 | 电源 | 多功能 | 机器人 | 引擎 | 装置 | 防盗 | 防火墙 | 搜索 | 视觉 | 功率 | 数字 | 充电 | 数码 | 微型 | 运行 | 在线 | 输入 | 海量 | 设计 | 实验室 | 运营 | 电动 | 汽车 | 一卡通 | 操作 | 网站 | 图表 | 专业 | 双向 | 综合 | 高速 | 分类 | 更新 | 单元 | 转换 | 随机 | 滚动,74.71857912374078,0.9868634408996125,0.009551583314790175,防盗:1.000000 | 图像:1.000000 | 虚拟:0.999996 | 自动:0.999995 | 专业:0.999991 | 高速:0.999988 | 影像:0.999987 | 扫描:0.999977 | 实验室:0.999977 | 遥控:0.999973 | 软件:0.999968 | 辅助:0.999968,天线:0.201286 | 类别:0.094851 | 定向:0.094689 | 筛选:0.075038 | 互联网:0.042201 | 合成:0.026261 | 芯片:0.023787 | 配套:0.018155
195,37,0.3330847044625811,0.04753984750452245,0.16216216216216217,尽力 | 全力 | 尽快 | 设法 | 尽早 | 抓紧 | 千方百计 | 积极 | 想方设法 | 切实 | 及早 | 敦促,全体 | 搞好 | 踊跃 | 坚持 | 自发 | 主动 | 带头 | 全力,踊跃 | 及早 | 全体 | 搞好 | 遵照 | 协助 | 督促 | 敦促 | 下决心 | 急需 | 带头 | 千方百计,尽力 | 全力 | 尽快 | 设法 | 尽早 | 抓紧 | 千方百计 | 积极 | 想方设法 | 切实 | 及早 | 敦促 | 加紧 | 争取 | 协助 | 督促 | 大力 | 下决心 | 早日 | 力争 | 鼓励 | 呼吁 | 帮助 | 号召 | 动员 | 搞好 | 着手 | 本着 | 带头 | 主动 | 坚持 | 支援 | 踊跃 | 遵照 | 急需 | 自发 | 全体,37.00149161283242,0.9998888225059351,0.000178333944307389,抓紧:1.000000 | 加紧:1.000000 | 呼吁:1.000000 | 尽快:1.000000 | 协助:1.000000 | 号召:1.000000 | 踊跃:1.000000 | 搞好:1.000000 | 争取:1.000000 | 帮助:1.000000 | 鼓励:1.000000 | 着手:1.000000,
196,78,0.2269862311266258,-0.01787259376948424,0.5769230769230769,价格 | 价 | 总额 | 总量 | 成交 | 数量 | 美元 | 销量 | 售价 | 量 | 美金 | 人民币,栏 | 连续 | 上调 | 收入 | 券 | 份 | 车型 | 预售,份 | 近 | 百分比 | 货币 | 进场 | 价格 | 收入 | 倍 | 左右 | 短期 | 品种 | 到期,价格 | 价 | 总额 | 总量 | 成交 | 数量 | 美元 | 销量 | 售价 | 量 | 美金 | 人民币 | 汇率 | 利率 | 价位 | 英镑 | 盈利 | 收入 | 元 | 业绩 | 份额 | 总数 | 百分比 | 上限 | 合约 | 指数 | 低于 | 折合 | 订单 | 交易 | 比例 | 数目 | 短期 | 超过 | 扣除 | 值 | 品种 | 房价 | 上调 | 到期 | 整数 | 排名 | 倍 | 预售 | 股 | 货币 | 剩余 | 上市 | 股市 | 小于 | 亿 | 招标 | 单边 | 数 | 左右 | 率 | 单 | 券 | 发行 | 车型 | 进场 | 以内 | 年限 | 黄金 | 封顶 | 平方 | 入场 | 债 | 连续 | 近 | 拍卖 | 期中 | 档 | 合并 | 重组 | 零 | 份 | 栏,78.19640790096314,0.9914940848799592,0.007660480838943331,剩余:1.000000 | 平方:1.000000 | 折合:1.000000 | 入场:0.999999 | 元:0.999999 | 合约:0.999999 | 美元:0.999999 | 数目:0.999998 | 券:0.999998 | 档:0.999996 | 份:0.999994 | 英镑:0.999992,金额:0.342386 | 中期:0.136591 | 余额:0.082237 | 收支:0.051918 | 限:0.050991 | 以上:0.050803 | 基准:0.016163 | 延长:0.013336
197,52,0.24648671432597807,-0.012867302864267469,0.6346153846153846,开启 | 迎来 | 启动 | 进入 | 获得 | 推出 | 借助 | 加速 | 率先 | 实现 | 完成 | 步入,考量 | 支持 | 冲刺 | 看好 | 接力 | 发起 | 联合 | 全面,展开 | 取得 | 携手 | 实现 | 持续 | 加速 | 接力 | 通过 | 联合 | 投入 | 借助 | 作为,开启 | 迎来 | 启动 | 进入 | 获得 | 推出 | 借助 | 加速 | 率先 | 实现 | 完成 | 步入 | 携手 | 快速 | 展开 | 取得 | 凭借 | 持续 | 达成 | 联手 | 通过 | 受益 | 全面 | 加入 | 提速 | 获 | 赢得 | 突破 | 介入 | 同步 | 得益于 | 尝试 | 投入 | 发起 | 刷新 | 登陆 | 首批 | 支持 | 重返 | 选择 | 自主 | 回归 | 跟上 | 冲刺 | 锁定 | 联合 | 看好 | 领军 | 作为 | 接力 | 主力 | 考量,51.656553017041055,0.9916942948101337,0.005329607596089212,携手:1.000000 | 联手:1.000000 | 开启:1.000000 | 看好:1.000000 | 接力:1.000000 | 登陆:1.000000 | 刷新:1.000000 | 选择:1.000000 | 迎来:0.999999 | 突破:0.999999 | 冲刺:0.999999 | 尝试:0.999998,促成:0.011745
198,46,0.28381090237248524,0.007445167251200535,0.5,电话 | 拨打 | 打电话 | 短信 | 接听 | 电子邮件 | 邮件 | 拨通 | 热线 | 来电 | 信箱 | 留言,管家 | 车号 | 同行 | 告知 | 提醒 | 请 | 二维码 | 现场,电子邮件 | 登录 | 留言 | 网上 | 全程 | 告知 | 账号 | 地址 | 通话 | 邮件 | 热线 | 面对面,电话 | 拨打 | 打电话 | 短信 | 接听 | 电子邮件 | 邮件 | 拨通 | 热线 | 来电 | 信箱 | 留言 | 投诉 | 举报 | 发送 | 求助 | 邮箱 | 询问 | 登录 | 传真 | 告知 | 回复 | 通话 | 账号 | 反馈 | 提醒 | 求证 | 地址 | 信息 | 查看 | 上门 | 请 | 二维码 | 提示 | 敬请 | 后台 | 车号 | 现场 | 网上 | 请进 | 面对面 | 记者 | 管家 | 全程 | 留意 | 同行,46.05943457866994,0.9971645194840129,0.0022939363368210267,接听:1.000000 | 信箱:1.000000 | 询问:1.000000 | 提醒:1.000000 | 拨打:1.000000 | 拨通:1.000000 | 热线:1.000000 | 提示:1.000000 | 电话:1.000000 | 面对面:1.000000 | 打电话:1.000000 | 管家:1.000000,在线:0.088694 | 动态:0.064358
199,63,0.2287404349200084,-0.03587969323210397,0.873015873015873,方向 | 速度 | 位置 | 脚步 | 姿态 | 轨道 | 阻力 | 节奏 | 重心 | 纵深 | 惯性 | 空隙,地形 | 台阶 | 窗口 | 脉搏 | 处 | 闸 | 视线 | 姿态,闸 | 间隙 | 起跑线 | 通道 | 战场 | 速度 | 方向 | 终点 | 力量 | 风浪 | 节奏 | 位置,方向 | 速度 | 位置 | 脚步 | 姿态 | 轨道 | 阻力 | 节奏 | 重心 | 纵深 | 惯性 | 空隙 | 强度 | 台阶 | 通道 | 起点 | 道路 | 前进 | 队形 | 高度 | 动作 | 力量 | 视线 | 能量 | 视野 | 减速 | 横向 | 状态 | 频率 | 倾斜 | 目标 | 脉搏 | 上方 | 起跑线 | 间隙 | 信号 | 错位 | 极限 | 直线 | 落差 | 边界 | 终点 | 推移 | 阶段 | 路线 | 步 | 概率 | 上下 | 阶梯 | 几率 | 缺口 | 地形 | 侧 | 风浪 | 交叉 | 窗口 | 战场 | 之内 | 之下 | 天平 | 之间 | 处 | 闸,63.24473384248551,0.9976213708920627,0.0023780007233768193,脉搏:1.000000 | 队形:1.000000 | 侧:1.000000 | 极限:1.000000 | 起点:1.000000 | 节奏:1.000000 | 台阶:1.000000 | 惯性:1.000000 | 倾斜:1.000000 | 间隙:1.000000 | 动作:1.000000 | 姿态:1.000000,生命线:0.068488 | 栏:0.055911 | 间:0.053505 | 光线:0.046704 | 桥梁:0.039383 | 范围:0.036122 | 过程:0.014173 | 前后:0.010816
