community,size,mean_pair_cosine,mean_cosine_silhouette,negative_silhouette_fraction,representatives,boundary_words,deterministic_sample,all_members
0,1,,0.0,0.0,〇,〇,〇,〇
1,5,0.44017651312347195,0.05791598149061544,0.2,另 一 同一 这 某,这 同一 一 另 某,另 一 某 同一 这,另 一 同一 这 某
2,1,,0.0,0.0,一一,一一,一一,一一
3,30,0.47831903038334955,0.008636198986420965,0.5,急忙 赶忙 连忙 立刻 慌忙 赶紧 忽然 猛然 立即 马上 不由得 忍不住,不由自主 不禁 情不自禁 迫不及待 悄悄 便 毫不犹豫 一下子,慌忙 便 立刻 立即 禁不住 不禁 不由自主 连忙 火速 不由得 一下子 迫不及待,急忙 赶忙 连忙 立刻 慌忙 赶紧 忽然 猛然 立即 马上 不由得 忍不住 顿时 随即 当即 突然 情不自禁 不禁 禁不住 不由自主 毫不犹豫 赶快 一下子 便 下意识 悄悄 恨不得 灵机一动 迫不及待 火速
4,4,0.5306596553312826,0.16281553729074555,0.25,生怕 怕 一不小心 万一,一不小心 万一 怕 生怕,一不小心 怕 生怕 万一,生怕 怕 一不小心 万一
5,1,,0.0,0.0,一举,一举,一举,一举
6,8,0.5098657437052301,0.1229314062861311,0.125,言行 举动 一言一行 所作所为 一举一动 行为 举止 行动,行动 举止 一举一动 一言一行 举动 行为 所作所为 言行,举动 行为 举止 行动 言行 一举一动 所作所为 一言一行,言行 举动 一言一行 所作所为 一举一动 行为 举止 行动
7,5,0.511466989843752,0.1441328896432913,0.0,无所事事 一无所有 一事无成 无所作为 一无所知,无所事事 一无所知 无所作为 一无所有 一事无成,无所作为 一无所知 无所事事 一无所有 一事无成,无所事事 一无所有 一事无成 无所作为 一无所知
8,12,0.5125748434076286,0.14867353455205085,0.0,许多 不少 一些 众多 好多 无数 大批 大量 诸多 那些 成千上万 些,成千上万 些 诸多 那些 一些 大量 好多 众多,些 不少 许多 无数 那些 大批 大量 好多 众多 诸多 一些 成千上万,许多 不少 一些 众多 好多 无数 大批 大量 诸多 那些 成千上万 些
9,4,0.5314095787166125,0.23630602962970357,0.0,一代 代 下一代 世代,世代 下一代 代 一代,代 世代 下一代 一代,一代 代 下一代 世代
10,6,0.44009460672921713,0.0004493082470529893,0.5,这时 这时候 不一会儿 一会儿 这里 同时,同时 这里 一会儿 不一会儿 这时候 这时,一会儿 不一会儿 同时 这时 这时候 这里,这时 这时候 不一会儿 一会儿 这里 同时
11,2,0.49243659431201126,0.17460842621705935,0.0,一体 一身,一体 一身,一身 一体,一体 一身
12,10,0.5721271107716329,0.2610997431612417,0.1,共计 总共 总计 共 一共 合计 共有 累计 约 折合,约 折合 累计 共有 一共 合计 总共 总计,共有 共 约 总共 总计 合计 折合 共计 一共 累计,共计 总共 总计 共 一共 合计 共有 累计 约 折合
13,11,0.5166340690719927,0.13874785735524323,0.09090909090909091,屡次 频频 多次 一再 接连 再次 再度 屡 接二连三 三番五次 频繁,接连 三番五次 频繁 再次 再度 接二连三 屡 频频,屡 频繁 三番五次 再度 再次 多次 接二连三 频频 屡次 接连 一再,屡次 频频 多次 一再 接连 再次 再度 屡 接二连三 三番五次 频繁
14,8,0.5091188808263757,0.07650193057382276,0.25,统统 全都 通通 全部 一律 所有 一切 一概,全部 全都 一概 一律 所有 一切 通通 统统,通通 所有 统统 全都 全部 一概 一切 一律,统统 全都 通通 全部 一律 所有 一切 一概
15,7,0.5101874296219853,0.18711261585284394,0.0,一瞬间 一刹那 时刻 瞬间 关头 千钧一发 时候,时候 关头 千钧一发 瞬间 时刻 一瞬间 一刹那,一瞬间 时候 时刻 关头 瞬间 千钧一发 一刹那,一瞬间 一刹那 时刻 瞬间 关头 千钧一发 时候
16,19,0.485592390643414,0.013093565015307665,0.3684210526315789,睡 躺 睡着 蹲 睡觉 坐 一动不动 打盹儿 瘫 坐下 趴 呆,瘫 站立 哭 卧 动弹 跪 挨着 一动不动,卧 呆 哭 坐 睡 瘫 睡着 酣睡 一动不动 睡觉 站立 跪,睡 躺 睡着 蹲 睡觉 坐 一动不动 打盹儿 瘫 坐下 趴 呆 哭 酣睡 站立 卧 跪 动弹 挨着
17,4,0.4067674294070425,-0.0251416753017489,0.75,一半 半 过半 一部分,一部分 过半 半 一半,半 一部分 过半 一半,一半 半 过半 一部分
18,17,0.44977452206309093,-0.006667878027152936,0.47058823529411764,银行卡 取款 存折 支票 信用卡 挂失 汇款 一卡通 账单 付款 取款机 磁卡,账单 缴费 支票 身份证 卡片 支付 存折 付款,取款 卡 挂失 缴费 一卡通 取款机 信用卡 付款 汇款 卡片 存折 支付,银行卡 取款 存折 支票 信用卡 挂失 汇款 一卡通 账单 付款 取款机 磁卡 身份证 卡片 卡 支付 缴费
19,3,0.4430542156466986,0.043002252820338344,0.3333333333333333,口 开口 一口气,一口气 开口 口,口 开口 一口气,口 开口 一口气
20,10,0.4744446611975099,-0.013321954901771576,0.5,一句话 句 俗话 话 实话 俗语 名言 废话 心里话 话语,实话 俗话 心里话 名言 俗语 话语 废话 话,心里话 句 名言 俗话 俗语 废话 话 话语 一句话 实话,一句话 句 俗话 话 实话 俗语 名言 废话 心里话 话语
21,7,0.48495385959518245,0.12828605131955784,0.2857142857142857,联手 携手 共同 联合 一同 一起 牵头,一起 牵头 一同 联合 共同 携手 联手,牵头 联手 一起 共同 联合 携手 一同,联手 携手 共同 联合 一同 一起 牵头
22,8,0.5506057007140156,0.15431325812130192,0.125,一向 向来 历来 一贯 一直 始终 长期以来 多年来,一贯 多年来 始终 一直 历来 长期以来 向来 一向,始终 历来 一贯 多年来 长期以来 向来 一直 一向,一向 向来 历来 一贯 一直 始终 长期以来 多年来
23,5,0.48546237691298677,0.06490456374766765,0.4,过分 过度 盲目 一味 过头,过头 一味 盲目 过度 过分,盲目 过度 过头 过分 一味,过分 过度 盲目 一味 过头
24,3,0.37671149427989253,-0.07412264852907847,0.6666666666666666,块 一块儿 个,个 一块儿 块,块 个 一块儿,块 一块儿 个
25,11,0.469055160574894,0.029496877073082087,0.45454545454545453,不行 不得了 够呛 不像话 要命 受不了 厉害 一塌糊涂 够 没辙 得,一塌糊涂 厉害 够 得 没辙 受不了 要命 不行,不像话 不得了 厉害 够 得 够呛 没辙 受不了 不行 要命 一塌糊涂,不行 不得了 够呛 不像话 要命 受不了 厉害 一塌糊涂 够 没辙 得
26,24,0.46815044169581765,0.012855765459421709,0.3333333333333333,哆嗦 发愣 摇头 咧嘴 通红 冷笑 发抖 一言不发 一声不吭 惨白 笑 眉开眼笑,僵 微笑 目不转睛 目瞪口呆 点头 摇头 前仰后合 睁,红扑扑 一声不吭 僵 一言不发 前仰后合 笑 睁 皱 咧嘴 愣 眉开眼笑 微笑,哆嗦 发愣 摇头 咧嘴 通红 冷笑 发抖 一言不发 一声不吭 惨白 笑 眉开眼笑 目瞪口呆 颤抖 愣 点头 睁 红扑扑 目不转睛 面红耳赤 前仰后合 皱 微笑 僵
27,39,0.4998582018224922,0.03712669002227929,0.38461538461538464,晚上 早上 早晨 中午 傍晚 下午 夜里 清晨 上午 凌晨 一早 深夜,夜班 醒来 午睡 昨天 从早到晚 前天 星期日 放学,昨天 早晨 起床 下午 凌晨 一大早 晚饭 晚间 上午 晚 次日 星期日,晚上 早上 早晨 中午 傍晚 下午 夜里 清晨 上午 凌晨 一早 深夜 半夜 一大早 晚饭 夜晚 白天 早饭 起床 午饭 下班 当晚 星期天 晚 前天 昨天 夜间 黄昏 明天 次日 晚间 午睡 醒来 当天 今天 放学 星期日 从早到晚 夜班
28,9,0.4735911845251625,0.08645617499133487,0.4444444444444444,整天 成天 一天到晚 一年到头 日复一日 没完没了 不停 动不动 常年,不停 常年 动不动 日复一日 没完没了 一年到头 一天到晚 成天,动不动 不停 一天到晚 一年到头 日复一日 成天 常年 整天 没完没了,整天 成天 一天到晚 一年到头 日复一日 没完没了 不停 动不动 常年
29,3,0.4126135341200614,-0.03171021933772878,0.6666666666666666,一头 头 匹,匹 头 一头,匹 头 一头,一头 头 匹
30,1,,0.0,0.0,一如既往,一如既往,一如既往,一如既往
31,4,0.3676763792600218,-0.013450045398253823,0.75,程度 高度 一定 幅度,一定 幅度 高度 程度,程度 幅度 高度 一定,程度 高度 一定 幅度
32,91,0.5068663074972871,0.03201409737054108,0.45054945054945056,姑姑 舅舅 奶奶 爸爸 姐姐 爸 爷爷 妹妹 姥姥 妈妈 嫂子 母亲,姐 妹 老家 大哥 一家人 同学 他 亲人,爱人 太太 胖子 哥哥 老太太 她 妈 妹 姐 姨 娘 弟,姑姑 舅舅 奶奶 爸爸 姐姐 爸 爷爷 妹妹 姥姥 妈妈 嫂子 母亲 哥哥 父亲 姥爷 爹 妈 弟弟 儿子 闺女 外婆 媳妇 女儿 老婆 伯母 叔叔 大姐 伯父 外公 孙女 祖母 岳母 父母 丈夫 阿姨 岳父 老公 妻子 大哥 老太太 伯伯 大爷 继父 老伴儿 孙子 太太 姐 娘 孩子 亲戚 她 长辈 姨 继母 女婿 家人 老头儿 男朋友 爱人 女朋友 师父 小孩儿 老人家 妹 弟 姑娘 祖父 老汉 大妈 邻居 丫头 老乡 两口子 他 我 亲生 大人 亲人 老人 老师 家里 儿女 师傅 老家 同学 小伙子 寡妇 一家人 老王 小时候 胖子
33,10,0.408286060503471,-0.020803218515675265,0.5,一路平安 一路顺风 祝 保佑 心想事成 保重 晚安 再见 一帆风顺 一路,一路 祝 保佑 一帆风顺 再见 晚安 心想事成 保重,一帆风顺 保重 一路 再见 祝 晚安 一路平安 保佑 一路顺风 心想事成,一路平安 一路顺风 祝 保佑 心想事成 保重 晚安 再见 一帆风顺 一路
34,6,0.4620740071978272,0.08712806893645657,0.0,区域 地区 沿线 地段 地域 一带,地域 沿线 一带 地区 地段 区域,区域 地区 地域 地段 沿线 一带,区域 地区 沿线 地段 地域 一带
35,2,0.4526370090925458,0.07376024082834706,0.0,面目全非 一干二净,一干二净 面目全非,面目全非 一干二净,面目全非 一干二净
36,5,0.500585137052968,0.12783103372993793,0.0,一应俱全 齐全 应有尽有 设施 配套,设施 配套 齐全 应有尽有 一应俱全,齐全 配套 一应俱全 应有尽有 设施,一应俱全 齐全 应有尽有 设施 配套
37,4,0.5125549409825932,0.1494206959134405,0.5,曾经 曾 一度 早年,一度 早年 曾经 曾,曾 曾经 早年 一度,曾经 曾 一度 早年
38,8,0.4644355872258191,-0.017482759574538178,0.625,一心一意 诚心诚意 全心全意 真心 用心 一心 痴心 诚意,诚意 一心一意 痴心 用心 一心 真心 全心全意 诚心诚意,诚意 真心 用心 痴心 诚心诚意 一心一意 全心全意 一心,一心一意 诚心诚意 全心全意 真心 用心 一心 痴心 诚意
39,4,0.46261198262017844,0.01639384604936931,0.5,僵化 一成不变 教条 单一,教条 单一 僵化 一成不变,僵化 一成不变 教条 单一,僵化 一成不变 教条 单一
40,4,0.5033756158315125,0.14218602128390592,0.0,两手 手 一手 握,一手 握 手 两手,手 握 两手 一手,两手 手 一手 握
41,6,0.45087758938406,0.034692661061465783,0.3333333333333333,本领 本事 一技之长 技能 能力 出息,能力 出息 技能 一技之长 本事 本领,技能 本事 一技之长 能力 出息 本领,本领 本事 一技之长 技能 能力 出息
42,3,0.47511450345359546,0.11214697675794223,0.0,领导 同志 一把手,同志 一把手 领导,同志 一把手 领导,领导 同志 一把手
43,4,0.4327005087930272,0.07297633570134306,0.5,一系列 一连串 若干 一揽子,一揽子 若干 一连串 一系列,若干 一连串 一系列 一揽子,一系列 一连串 若干 一揽子
44,9,0.4973679962361537,0.04323667563737943,0.5555555555555556,不仅仅 不仅 不光 恰恰 仅仅 一方面 既 尤其 不止,恰恰 尤其 一方面 既 仅仅 不止 不仅 不光,不仅 尤其 不光 不止 既 恰恰 仅仅 不仅仅 一方面,不仅仅 不仅 不光 恰恰 仅仅 一方面 既 尤其 不止
45,42,0.4862755401436635,0.006187031111034157,0.42857142857142855,旁边 后边 前边 外边 那边 里边 后面 前面 下边 那儿 上边 左边,上面 远处 一旁 右边 左边 上边 边 跟前,门口 旁边 跟前 旁 左边 北边 那儿 楼上 楼下 上面 那里 上边,旁边 后边 前边 外边 那边 里边 后面 前面 下边 那儿 上边 左边 右边 底下 东边 外面 对面 西边 南边 外头 旁 这边 里面 北边 上面 远处 楼下 门口 那里 里头 两边 这儿 下面 楼上 里 一旁 跟前 隔壁 中间 边 老远 两侧
46,19,0.5234695084518708,0.068145370581064,0.2631578947368421,如果 假如 即使 倘若 即便 只要 就算 假使 除非 哪怕 若 一旦,无论 不管 如果说 要么 当 每当 一旦 既然,如果 倘若 无论 当 如果说 不管 哪怕 每当 就算 除非 即使 即便,如果 假如 即使 倘若 即便 只要 就算 假使 除非 哪怕 若 一旦 如果说 既然 不管 当 无论 每当 要么
47,3,0.48653873561181754,0.09214419809841556,0.3333333333333333,暂时 暂 一时,暂 一时 暂时,暂时 暂 一时,暂时 暂 一时
48,4,0.49733429642230914,0.15299659134319094,0.25,转眼 一晃 眼看 眨眼,眨眼 眼看 一晃 转眼,眼看 转眼 眨眼 一晃,转眼 一晃 眼看 眨眼
49,9,0.5532778812566905,0.2129120785438473,0.0,如同 好似 犹如 像 似的 仿佛 一样 如一 酷似,一样 酷似 仿佛 如一 似的 像 如同 好似,似的 像 酷似 好似 犹如 一样 仿佛 如一 如同,如同 好似 犹如 像 似的 仿佛 一样 如一 酷似
50,4,0.463650739368582,0.10390047097683819,0.0,一概而论 见仁见智 因人而异 定论,定论 因人而异 见仁见智 一概而论,一概而论 因人而异 定论 见仁见智,一概而论 见仁见智 因人而异 定论
51,13,0.5002032357398166,0.09627411400141973,0.3076923076923077,相同 相似 截然不同 不同 有所不同 一模一样 大同小异 类似 与众不同 雷同 不同寻常 差不多,差不多 雷同 不相上下 不同寻常 类似 一模一样 与众不同 有所不同,不同寻常 不同 一模一样 大同小异 雷同 有所不同 相同 类似 相似 与众不同 截然不同 差不多,相同 相似 截然不同 不同 有所不同 一模一样 大同小异 类似 与众不同 雷同 不同寻常 差不多 不相上下
52,1,,0.0,0.0,一次性,一次性,一次性,一次性
53,1,,0.0,0.0,一毛不拔,一毛不拔,一毛不拔,一毛不拔
54,7,0.4778198272332153,0.09628680540173841,0.14285714285714285,顶级 顶尖 世界级 一流 重量级 精英 高手,高手 精英 重量级 一流 世界级 顶级 顶尖,顶级 顶尖 精英 重量级 世界级 高手 一流,顶级 顶尖 世界级 一流 重量级 精英 高手
55,5,0.4523994532091429,0.0450670263543332,0.4,离谱儿 人缘儿 玩意儿 一点儿 有两下子,一点儿 有两下子 玩意儿 人缘儿 离谱儿,离谱儿 有两下子 一点儿 人缘儿 玩意儿,离谱儿 人缘儿 玩意儿 一点儿 有两下子
56,4,0.632852571145719,0.3625375613442423,0.0,终生 一生 一辈子 终身,一生 一辈子 终身 终生,一辈子 终身 一生 终生,终生 一生 一辈子 终身
57,2,0.552211614295748,0.29360056672664847,0.0,番 一番,一番 番,番 一番,番 一番
58,1,,0.0,0.0,一目了然,一目了然,一目了然,一目了然
59,13,0.4820373053729786,0.05870959389255851,0.3076923076923077,瞅 扭头 瞧 一眼 打量 回头 偷看 抬头 看 东张西望 左顾右盼 只见,偷看 只见 指着 回头 左顾右盼 瞧 看 打量,瞧 瞅 看 打量 偷看 回头 只见 左顾右盼 东张西望 扭头 指着 一眼,瞅 扭头 瞧 一眼 打量 回头 偷看 抬头 看 东张西望 左顾右盼 只见 指着
60,8,0.49534599110125715,0.07780666830817867,0.25,发愁 犯愁 伤脑筋 头疼 操心 提心吊胆 一筹莫展 麻烦,麻烦 一筹莫展 操心 提心吊胆 发愁 头疼 犯愁 伤脑筋,操心 犯愁 发愁 一筹莫展 提心吊胆 麻烦 头疼 伤脑筋,发愁 犯愁 伤脑筋 头疼 操心 提心吊胆 一筹莫展 麻烦
61,2,0.46856166197880555,0.07403188704900646,0.0,一线 线,一线 线,线 一线,一线 线
62,1,,0.0,0.0,一经,一经,一经,一经
63,2,0.48138320855023276,0.13150020602932527,0.0,共识 一致,一致 共识,一致 共识,共识 一致
64,15,0.5119549147656872,0.09820461620868803,0.3333333333333333,大多 大多数 多数 绝大多数 大都 大部分 多半 通常 基本上 往往 一般 半数,有的 基本上 半数 普遍 几乎 往往 通常 大部分,通常 一般 往往 几乎 有的 大多 多数 绝大多数 基本上 多半 大都 大多数,大多 大多数 多数 绝大多数 大都 大部分 多半 通常 基本上 往往 一般 半数 普遍 几乎 有的
65,38,0.47670066296954383,-0.0113071909106072,0.5,换言之 事实上 总而言之 总之 也就是说 然而 此外 除此之外 当然 况且 由此看来 由此可见,相反 说实话 据悉 看来 另一方面 除此之外 所以 不过,看来 按说 总之 据悉 这就是说 说实话 就是说 相比之下 然而 总而言之 也就是说 况且,换言之 事实上 总而言之 总之 也就是说 然而 此外 除此之外 当然 况且 由此看来 由此可见 这就是说 其次 不过 另外 相比之下 因此 总的来说 说实话 与此同时 据悉 另一方面 实际上 其实 这样一来 相对而言 综上所述 按理说 就是说 说白了 一般来说 众所周知 所以 看来 相反 至此 按说
66,3,0.40183304391639757,0.037220599520328745,0.3333333333333333,代表团 代表 一行,一行 代表 代表团,一行 代表团 代表,代表团 代表 一行
67,9,0.5188680291989267,0.13173578247085457,0.1111111111111111,路途 旅途 途中 旅程 路上 路程 一路上 行程 沿途,途中 行程 沿途 路程 路上 一路上 旅途 旅程,旅途 沿途 旅程 一路上 行程 路途 路上 路程 途中,路途 旅途 途中 旅程 路上 路程 一路上 行程 沿途
68,2,0.6593817612682116,0.42659489921489074,0.0,一面 一边,一边 一面,一面 一边,一面 一边
69,3,0.5263196538094815,0.24573485444254084,0.0,一连 连续 连,连续 连 一连,一连 连续 连,一连 连续 连
70,1,,0.0,0.0,一道,一道,一道,一道
71,1,,0.0,0.0,一锅粥,一锅粥,一锅粥,一锅粥
72,1,,0.0,0.0,一长一短,一长一短,一长一短,一长一短
73,21,0.48064410953329423,0.029550658708233542,0.38095238095238093,响声 声音 响起 清脆 声 悦耳 刺耳 响 听见 笑声 电铃 铃声,铃声 门铃 笑声 音响 电铃 听见 呜咽 喇叭,响亮 响声 一阵 响 声 喇叭 门铃 洪亮 声音 音响 悦耳 传来,响声 声音 响起 清脆 声 悦耳 刺耳 响 听见 笑声 电铃 铃声 口哨 洪亮 响亮 呜咽 传来 喇叭 门铃 音响 一阵
74,4,0.5034826878960504,0.08880893944112504,0.25,振作 士气 振奋 一鼓作气,一鼓作气 振奋 士气 振作,一鼓作气 振作 振奋 士气,振作 士气 振奋 一鼓作气
75,5,0.47611458159196857,0.0309402797381484,0.4,异口同声 不约而同 争先恐后 一齐 兴高采烈,一齐 兴高采烈 争先恐后 不约而同 异口同声,一齐 争先恐后 兴高采烈 不约而同 异口同声,异口同声 不约而同 争先恐后 一齐 兴高采烈
76,5,0.43978951891123436,0.031953372301373587,0.2,王 姜 丁 罗 小王,罗 小王 丁 姜 王,姜 丁 罗 王 小王,王 姜 丁 罗 小王
77,13,0.6073419193396995,0.37964805370462334,0.0,四 五 六 七 三 八 九 十 二 第二 两 几,几 两 十 第 第二 二 九 七,第二 六 八 几 十 四 二 五 九 两 七 三,四 五 六 七 三 八 九 十 二 第二 两 几 第
78,27,0.4658047272847897,-0.021854101064539114,0.5185185185185185,吵嘴 打岔 唠叨 小声 插嘴 嬉笑 絮叨 吵架 聊天儿 说话 大声 嚷,发脾气 亲热 客气 吵架 吵 闹着玩儿 聊天儿 交头接耳,插嘴 吵 嚷 自言自语 有口无心 唠叨 吵架 嬉笑 吵嘴 胡闹 絮叨 七嘴八舌,吵嘴 打岔 唠叨 小声 插嘴 嬉笑 絮叨 吵架 聊天儿 说话 大声 嚷 胡闹 闹着玩儿 吵 发脾气 说闲话 自言自语 客气 开玩笑 亲热 交头接耳 招呼 七嘴八舌 打招呼 有口无心 半真半假
79,7,0.48292318557245717,0.15237002786744935,0.0,千 万 百 数 亿 余 千万,亿 千万 余 数 万 百 千,千 亿 万 余 百 数 千万,千 万 百 数 亿 余 千万
80,3,0.5831833617344685,0.2592406486855143,0.0,没想到 想不到 万万,万万 想不到 没想到,想不到 没想到 万万,没想到 想不到 万万
81,1,,0.0,0.0,万分,万分,万分,万分
82,5,0.4741899797292968,0.10655331857014323,0.2,友谊 友好 建交 万古长青 交往,交往 建交 万古长青 友谊 友好,建交 交往 友好 万古长青 友谊,友谊 友好 建交 万古长青 交往
83,1,,0.0,0.0,万无一失,万无一失,万无一失,万无一失
84,2,0.5551343701508054,0.28351011081680333,0.0,万能 全能,全能 万能,全能 万能,万能 全能
85,90,0.46624418853533983,-0.011138685113406682,0.5,米饭 卤味 饺子 薯条 烤肉 香肠 豆腐 饼 包子 好吃 芝士 海鲜,豆制品 香味 醋 香油 碗 快餐 脆 酱油,烧烤 汤圆 烤鸭 烤肉 巧克力 吃 嚼 饼干 面粉 方便面 碗 粥,米饭 卤味 饺子 薯条 烤肉 香肠 豆腐 饼 包子 好吃 芝士 海鲜 馅儿 饼干 点心 粥 薯片 酸奶 美味 豆浆 火锅 可口 酱 面条儿 小吃 果酱 面包 吃 汤圆 佐料 肉 馒头 酥 菜 烤 饭 寿司 橙汁 果汁 调料 汁 烤鸭 鲜美 麻辣 罐头 口感 牛奶 煮 巧克力 主食 炖 火腿 中餐 甜 涮 烧烤 西餐 奶茶 零食 月饼 风味 三明治 碗 酱油 醋 香油 豆制品 口味 食物 早餐 晚餐 辣 美食 冰棍儿 粽子 蛋糕 盒饭 热腾腾 汤 方便面 烹调 快餐 香味 午餐 嚼 品尝 脆 糖果 香 面粉
86,4,0.47621954643212483,0.11133846198413064,0.0,三维 平面 立体 图形,图形 平面 立体 三维,图形 立体 平面 三维,三维 平面 立体 图形
87,2,0.47352598055554385,0.1652003529681218,0.0,角 三角,角 三角,三角 角,角 三角
88,2,0.46211139437338566,0.1409274849060157,0.0,上头 上,上头 上,上 上头,上头 上
89,1,,0.0,0.0,上下,上下,上下,上下
90,15,0.52405417695968,0.1636547189719708,0.2,月初 月底 月份 中旬 下旬 上旬 年初 年底 上个月 去年 月 下个月,上周 底 下个月 今年 去年 年底 上个月 年初,底 年底 年初 上周 月 月底 月初 月份 上旬 中旬 上个月 去年,月初 月底 月份 中旬 下旬 上旬 年初 年底 上个月 去年 月 下个月 今年 上周 底
91,20,0.4991365265281787,0.06339319888383435,0.35,出任 就任 担任 任 兼任 任命 现任 任职 职务 辞去 聘任 连任,上任 兼 提名 聘任 接替 辞去 职务 连任,兼 任 任职 兼任 上任 当选 连任 现任 就任 任命 提名 辞去,出任 就任 担任 任 兼任 任命 现任 任职 职务 辞去 聘任 连任 就职 任期 接替 当选 上任 前任 提名 兼
92,17,0.5077485180401708,0.10529493502548398,0.23529411764705882,上涨 攀升 上升 下跌 回升 飙升 回落 下降 涨 跌 反弹 升高,跌 升温 反弹 跳水 涨 升高 高涨 增长,升 上升 涨 升温 上涨 升高 反弹 回落 跌 回升 增长 高涨,上涨 攀升 上升 下跌 回升 飙升 回落 下降 涨 跌 反弹 升高 高涨 增长 升 升温 跳水
93,15,0.5008829295954962,0.04042808307646266,0.2,过来 回来 回去 进去 出来 进来 下来 上去 出去 上来 下去 起来,完了 出来 出去 上去 回来 去 上来 来,下去 去 进去 上去 来 完了 进来 上来 回去 出去 回来 出来,过来 回来 回去 进去 出来 进来 下来 上去 出去 上来 下去 起来 完了 去 来
94,1,,0.0,0.0,上台,上台,上台,上台
95,4,0.5287897628485,0.20361219477852865,0.25,上级 下级 上司 下属,下属 上司 上级 下级,下属 上司 上级 下级,上级 下级 上司 下属
96,5,0.5106142881650848,0.09228067932397373,0.2,上场 出场 全场 开场 在场,在场 上场 开场 全场 出场,开场 上场 全场 出场 在场,上场 出场 全场 开场 在场
97,39,0.4590604587056929,-0.06753186822398619,0.717948717948718,大学 高中 就读 入学 毕业 研究生 初中 学校 转学 本科 学业 学期,硕士 本科 学院 课程 学生 小学 中学 年级,补习 研究生 选修 课程 入学 开学 上学 年级 进修 升学 本科 中学,大学 高中 就读 入学 毕业 研究生 初中 学校 转学 本科 学业 学期 中学 小学 学费 年级 毕业生 学年 念书 退学 学生 补习 上学 硕士 学位 升学 选修 进修 求学 课程 攻读 奖学金 开学 文凭 师范 学分 学院 留学 函授
98,2,0.5220829736023729,0.11667156239507796,0.0,岗位 上岗,岗位 上岗,岗位 上岗,岗位 上岗
99,1,,0.0,0.0,上市,上市,上市,上市
100,2,0.4658491847849672,0.10669327498840461,0.0,真理 上帝,上帝 真理,真理 上帝,真理 上帝
101,4,0.4812763133047088,0.05737948966134871,0.25,受骗 受害 受害人 上当,受害人 上当 受害 受骗,上当 受害人 受骗 受害,受骗 受害 受害人 上当
102,14,0.4629405026890905,-0.029976871537953996,0.6428571428571429,申请 审批 提交 审核 申报 审查 受理 上报 办理 递交 批准 登记,登记 审核 审查 上报 填写 递交 批准 公示,办理 登记 审查 审批 审核 上报 递交 提交 批准 受理 填写 公示,申请 审批 提交 审核 申报 审查 受理 上报 办理 递交 批准 登记 公示 填写
103,5,0.5239291317214608,0.14656861920955372,0.2,阻力 压力 压制 支撑 上方,上方 压制 支撑 压力 阻力,上方 压力 压制 支撑 阻力,阻力 压力 压制 支撑 上方
104,35,0.47631366989791163,-0.006105434967694126,0.5142857142857142,电影 电视剧 剧 话剧 导演 影片 喜剧 剧本 编剧 主演 演员 戏剧,演戏 动画 剧组 科幻 动画片 戏曲 上映 放映,演戏 演技 电视剧 剧 电影 戏 演 连续剧 上映 小说 剧团 剧场,电影 电视剧 剧 话剧 导演 影片 喜剧 剧本 编剧 主演 演员 戏剧 戏 剧目 动画片 演出 片子 出演 剧情 纪录片 连续剧 演 动画 短片 配音 演技 小说 演戏 剧场 上映 剧组 戏曲 剧团 放映 科幻
105,3,0.5354044043702277,0.2436441246398098,0.0,本期 上期 下期,下期 上期 本期,上期 本期 下期,本期 上期 下期
106,13,0.4690770204395305,0.012373912238300257,0.46153846153846156,下楼 下车 上楼 回家 走开 出门 告辞 下山 骑车 转身 停下 顺路,骑车 下山 掉头 停下 告辞 顺路 上楼 转身,下山 转身 停下 顺路 掉头 上楼 出门 告辞 回家 下车 走开 下楼,下楼 下车 上楼 回家 走开 出门 告辞 下山 骑车 转身 停下 顺路 掉头
107,4,0.4722776957844314,0.10320014446061461,0.25,上次 下次 次 此次,次 此次 下次 上次,次 上次 此次 下次,上次 下次 次 此次
108,4,0.4450366617594377,0.024179069254281742,0.25,流 溢 涌 上流,上流 溢 涌 流,溢 流 涌 上流,流 溢 涌 上流
109,2,0.7840290298431234,0.6505378353691489,0.0,上游 下游,下游 上游,上游 下游,上游 下游
110,4,0.5546388021171903,0.2529220954901433,0.0,再现 重现 上演 演绎,重现 演绎 再现 上演,重现 再现 上演 演绎,再现 重现 上演 演绎
111,3,0.4471521690100677,0.04444410323457127,0.0,熄火 点火 上火,上火 熄火 点火,熄火 上火 点火,熄火 点火 上火
112,11,0.4698583338535631,0.018221390020510115,0.5454545454545454,休假 休养 请假 出差 休息 探亲 疗养 生病 探望 上班 开会,休息 上班 生病 开会 请假 探望 探亲 疗养,探亲 探望 开会 请假 上班 生病 出差 休假 休养 休息 疗养,休假 休养 请假 出差 休息 探亲 疗养 生病 探望 上班 开会
113,5,0.47421312928064613,0.08999161890938004,0.2,白领 单身 上班族 蓝领 独身,独身 蓝领 上班族 单身 白领,单身 独身 上班族 蓝领 白领,白领 单身 上班族 蓝领 独身
114,9,0.4998487214792887,0.07999221060197609,0.2222222222222222,酗酒 抽烟 吸烟 吸毒 上瘾 沉迷 戒烟 赌博 熬夜,上瘾 熬夜 赌博 沉迷 戒烟 吸毒 酗酒 抽烟,抽烟 上瘾 戒烟 吸毒 吸烟 熬夜 酗酒 沉迷 赌博,酗酒 抽烟 吸烟 吸毒 上瘾 沉迷 戒烟 赌博 熬夜
115,3,0.5705704229714375,0.2624877774802178,0.0,高空 空中 上空,空中 上空 高空,空中 上空 高空,高空 空中 上空
116,2,0.5274311851515892,0.26536529338418835,0.0,上网 网上,网上 上网,网上 上网,上网 网上
117,59,0.49791219690981353,0.09599903681140977,0.3050847457627119,衬衣 衬衫 毛衣 大衣 上衣 裙子 外套 裤子 衣服 袜子 短裤 围巾,蚊帐 睡袋 时装 水壶 被子 项链 打扮 发型,背包 背心 枕头 拖鞋 穿 婚纱 内衣 睡袋 纽扣 球鞋 毛衣 穿着,衬衣 衬衫 毛衣 大衣 上衣 裙子 外套 裤子 衣服 袜子 短裤 围巾 西装 牛仔裤 鞋 拖鞋 羽绒服 皮鞋 凉鞋 领带 内衣 背心 穿着 雨衣 球鞋 礼服 旗袍 毯子 手套 毛巾 高跟鞋 服装 被子 穿 帽子 皮包 睡袋 靴子 款式 蚊帐 纽扣 手帕 书包 项链 拉锁 枕头 服饰 口罩 外衣 婚纱 制服 背包 水壶 地毯 发型 装扮 皮带 打扮 时装
118,25,0.49009539699672455,0.037196478346298016,0.4,判决 法院 上诉 诉讼 起诉 法庭 裁决 裁定 仲裁 驳回 被告 审判,判处 官司 控告 被告 原告 判 案件 司法,驳回 调解 判 裁决 裁判 裁定 不服 法庭 法官 审判 起诉 判处,判决 法院 上诉 诉讼 起诉 法庭 裁决 裁定 仲裁 驳回 被告 审判 原告 法官 控告 官司 案件 判处 赔偿 索赔 判 司法 裁判 调解 不服
119,8,0.47336403228071483,0.06844313702195165,0.125,旷课 上课 加班 补课 开夜车 下课 偷懒 迟到,加班 偷懒 补课 上课 迟到 开夜车 下课 旷课,开夜车 偷懒 旷课 上课 加班 补课 迟到 下课,旷课 上课 加班 补课 开夜车 下课 偷懒 迟到
120,3,0.595911855298952,0.3186207573068115,0.0,下调 上调 调,调 下调 上调,上调 调 下调,下调 上调 调
121,26,0.4848971648934732,0.034387441364472686,0.34615384615384615,列车 火车 公交车 公共汽车 电车 慢车 车站 车厢 卧铺 车票 巴士 大巴,乘坐 搭乘 车票 车厢 客运 地铁站 出租车 上车,客运 乘车 出租车 缆车 火车 地铁 快车 站台 上车 大巴 搭乘 公共汽车,列车 火车 公交车 公共汽车 电车 慢车 车站 车厢 卧铺 车票 巴士 大巴 乘客 地铁 缆车 出租车 乘车 乘坐 快车 搭乘 上车 地铁站 客运 特快 站台 车上
122,4,0.48408467094886287,0.14013039882946912,0.0,此 该 这些 上述,这些 该 此 上述,此 上述 这些 该,此 该 这些 上述
123,3,0.4926146485095646,0.16579594409332468,0.0,挨家挨户 上门 敲门,敲门 挨家挨户 上门,上门 敲门 挨家挨户,挨家挨户 上门 敲门
124,5,0.45849186345770504,0.04679292205354433,0.2,限制 限定 限 局限 上限,局限 限制 上限 限 限定,上限 局限 限 限定 限制,限制 限定 限 局限 上限
125,3,0.5514420272218878,0.271016582931891,0.0,下 之下 背景,背景 之下 下,背景 下 之下,下 之下 背景
126,6,0.4817308321200751,0.13866658230501144,0.16666666666666666,农村 乡村 城乡 乡下 基层 下乡,乡下 城乡 基层 下乡 乡村 农村,下乡 乡下 乡村 城乡 农村 基层,农村 乡村 城乡 乡下 基层 下乡
127,3,0.3938124360534292,-0.03899399874064726,0.6666666666666666,召集 下令 征求,下令 征求 召集,下令 征求 召集,召集 下令 征求
128,4,0.4888583854412761,0.07499932036639342,0.25,下决心 发誓 执意 打算,打算 执意 发誓 下决心,执意 打算 发誓 下决心,下决心 发誓 执意 打算
129,4,0.5546647806800687,0.2302725578856693,0.0,工夫 功夫 下功夫 力气,力气 下功夫 功夫 工夫,功夫 下功夫 力气 工夫,工夫 功夫 下功夫 力气
130,13,0.49844657634232886,0.0696568909182734,0.3076923076923077,辞职 辞退 免职 罢免 离职 解雇 开除 撤换 辞呈 解散 下台 公职,下台 辞 解散 公职 解雇 撤换 离职 罢免,撤换 下台 开除 罢免 解散 辞退 辞职 公职 辞呈 辞 免职 离职,辞职 辞退 免职 罢免 离职 解雇 开除 撤换 辞呈 解散 下台 公职 辞
131,4,0.43669426921532994,0.02327937792194379,0.5,下场 结局 后果 出局,出局 后果 结局 下场,下场 后果 出局 结局,下场 结局 后果 出局
132,4,0.4890524312747362,0.10328174260447053,0.0,泻 下坠 坠 泄,泄 坠 下坠 泻,下坠 坠 泄 泻,泻 下坠 坠 泄
133,6,0.48721861757011653,0.10475260426488435,0.0,失业 就业 下岗 求职 农民工 失业率,农民工 下岗 失业率 求职 就业 失业,下岗 就业 求职 农民工 失业率 失业,失业 就业 下岗 求职 农民工 失业率
134,3,0.477766017406656,0.1367153879926938,0.0,出手 下手 阔绰,阔绰 下手 出手,出手 阔绰 下手,出手 下手 阔绰
135,18,0.44724837247510013,-0.0026594488610359487,0.3888888888888889,玩耍 溜达 玩儿 散步 打牌 遛 跳舞 晒太阳 转悠 下棋 侃大山 串门,打仗 晒太阳 交朋友 散步 串门 打架 打牌 晃荡,交朋友 晒太阳 串门 跳舞 玩儿 捉迷藏 侃大山 逛 遛 玩耍 转悠 打仗,玩耍 溜达 玩儿 散步 打牌 遛 跳舞 晒太阳 转悠 下棋 侃大山 串门 逛 打架 捉迷藏 晃荡 交朋友 打仗
136,3,0.412697526909991,-0.04912092037824461,0.3333333333333333,跳槽 下海 外企,外企 下海 跳槽,外企 跳槽 下海,跳槽 下海 外企
137,3,0.44966006577822304,0.07459035134430568,0.0,落 落下 下落,下落 落下 落,落下 落 下落,落 落下 下落
138,8,0.46566923228061424,-0.02207543957236078,0.25,网页 网址 下载 网站 主页 登录 浏览 搜索,登录 搜索 浏览 下载 网站 网址 主页 网页,网址 登录 网站 网页 浏览 搜索 主页 下载,网页 网址 下载 网站 主页 登录 浏览 搜索
139,11,0.5399710437206442,0.1447623605716741,0.09090909090909091,阴天 下雨 晴天 下雪 晴朗 刮风 多云 晴 雨 打雷 风和日丽,雨 晴 打雷 风和日丽 多云 刮风 晴朗 下雪,刮风 打雷 晴 晴天 晴朗 多云 雨 风和日丽 阴天 下雪 下雨,阴天 下雨 晴天 下雪 晴朗 刮风 多云 晴 雨 打雷 风和日丽
140,11,0.4826976483583249,0.10680461114114183,0.18181818181818182,说不上 谈不上 难说 好说 不算 很难说 不见得 不一定 不用说 没什么 不,不算 不 没什么 不用说 不一定 好说 很难说 不见得,谈不上 不 不算 很难说 不一定 不见得 不用说 没什么 说不上 难说 好说,说不上 谈不上 难说 好说 不算 很难说 不见得 不一定 不用说 没什么 不
141,1,,0.0,0.0,不为人知,不为人知,不为人知,不为人知
142,16,0.5053039958212614,0.054922599144194915,0.375,随后 之后 此后 然后 其后 后 后来 以后 紧接着 接着 不久 过后,稍后 接下来 继而 于是 后来 其后 过后 以后,不久 后 以后 后来 然后 于是 稍后 紧接着 其后 接下来 之后 此后,随后 之后 此后 然后 其后 后 后来 以后 紧接着 接着 不久 过后 于是 稍后 接下来 继而
143,2,0.45372622873798174,0.07609618017161404,0.0,敬而远之 不了了之,不了了之 敬而远之,不了了之 敬而远之,敬而远之 不了了之
144,5,0.5229305889931228,0.18814922590221625,0.0,予以 不予 加以 给予 酌情,给予 加以 酌情 不予 予以,酌情 不予 给予 加以 予以,予以 不予 加以 给予 酌情
145,10,0.482232757075865,0.09156784730789101,0.2,比不上 比起 逊色 相比 比 要强 要好 不亚于 不如 媲美,要强 媲美 相比 要好 不亚于 不如 逊色 比起,不如 媲美 比 比不上 逊色 要强 要好 相比 不亚于 比起,比不上 比起 逊色 相比 比 要强 要好 不亚于 不如 媲美
146,2,0.539593931791565,0.18576551532257962,0.0,起劲 不亦乐乎,起劲 不亦乐乎,起劲 不亦乐乎,起劲 不亦乐乎
147,4,0.4558892914830805,0.054570079498368666,0.25,半信半疑 恍然大悟 不以为然 会意,恍然大悟 半信半疑 会意 不以为然,半信半疑 恍然大悟 不以为然 会意,半信半疑 恍然大悟 不以为然 会意
148,39,0.45753886900454194,-0.03519067707258721,0.717948717948718,确实 也 却 反倒 的确 似乎 竟然 居然 倒是 依然 固然 显然,好像 虽 照样 不但 真的 就 反而 未必,实在 仍然 不但 却 就 真的 也 简直 仍旧 竟 无疑 似乎,确实 也 却 反倒 的确 似乎 竟然 居然 倒是 依然 固然 显然 仍然 终究 反而 果真 都 仍旧 果然 真的 依旧 恐怕 肯定 竟 还 简直 也许 不但 好像 实在 着实 明明 照样 未必 就 虽 无疑 同样 未免
149,1,,0.0,0.0,不便,不便,不便,不便
150,6,0.466380916470535,0.06371469882140675,0.16666666666666666,值钱 贵重 稀罕 昂贵 贵 不值,不值 稀罕 昂贵 贵 贵重 值钱,不值 稀罕 贵 昂贵 贵重 值钱,值钱 贵重 稀罕 昂贵 贵 不值
151,5,0.5174020695020027,0.15593093868018815,0.4,犹豫 迟疑 犹豫不决 观望 不假思索,观望 不假思索 迟疑 犹豫不决 犹豫,犹豫不决 犹豫 观望 迟疑 不假思索,犹豫 迟疑 犹豫不决 观望 不假思索
152,13,0.47476329507154486,-0.010080915500399395,0.46153846153846156,必然 难免 势必 必定 免不了 不免 不可避免 会 迟早 都会 注定 或多或少,迟早 必定 否则 不免 会 或多或少 不可避免 势必,会 不免 否则 或多或少 不可避免 必定 免不了 必然 势必 都会 迟早 难免,必然 难免 势必 必定 免不了 不免 不可避免 会 迟早 都会 注定 或多或少 否则
153,14,0.4915299441072274,0.06519531884048356,0.35714285714285715,从未 从没 不曾 从来不 从不 从来 没有 没 未 决不 再也 尚未,尚未 毫不 未 决不 再也 不再 从来 没,不再 不曾 未 没 再也 从未 从来 从没 没有 从不 从来不 毫不,从未 从没 不曾 从来不 从不 从来 没有 没 未 决不 再也 尚未 毫不 不再
154,9,0.5472656056362732,0.21370675295596592,0.0,不许 允许 不准 严禁 禁止 擅自 准许 私自 容许,容许 严禁 准许 擅自 私自 不许 禁止 不准,私自 不准 严禁 容许 允许 不许 擅自 准许 禁止,不许 允许 不准 严禁 禁止 擅自 准许 私自 容许
155,5,0.5331444050298361,0.126317704844266,0.2,有益 有利 有害 不利 有用,有用 不利 有害 有利 有益,不利 有益 有用 有利 有害,有益 有利 有害 不利 有用
156,6,0.5522086715219222,0.19591499743792992,0.0,有利于 有助于 便于 不利于 以便 旨在,旨在 以便 便于 不利于 有利于 有助于,以便 有助于 不利于 便于 旨在 有利于,有利于 有助于 便于 不利于 以便 旨在
157,17,0.48912486776840275,0.03181773540682341,0.47058823529411764,奇特 奇妙 怪异 奇怪 古怪 新奇 神奇 有趣 离奇 不可思议 神秘 稀奇,惊险 微妙 稀奇 奇怪 不可思议 搞笑 深奥 神秘,古怪 滑稽 微妙 稀奇 新奇 搞笑 离奇 深奥 有趣 奇妙 怪异 奇怪,奇特 奇妙 怪异 奇怪 古怪 新奇 神奇 有趣 离奇 不可思议 神秘 稀奇 搞笑 滑稽 惊险 深奥 微妙
158,8,0.5324752789242897,0.1665526339141338,0.125,在乎 在意 不在乎 介意 计较 理会 无所谓 顾及,顾及 无所谓 理会 计较 介意 不在乎 在意 在乎,不在乎 计较 无所谓 理会 顾及 在乎 介意 在意,在乎 在意 不在乎 介意 计较 理会 无所谓 顾及
159,5,0.49904187567481273,0.05626383979833203,0.4,惨痛 惨重 惨 沉重 不堪,不堪 沉重 惨重 惨 惨痛,不堪 惨 惨痛 惨重 沉重,惨痛 惨重 惨 沉重 不堪
160,29,0.4874923237083881,0.0787493770365679,0.27586206896551724,非常 很 极为 十分 极其 比较 相当 格外 更加 越发 多么 越来越,过于 最 不够 不怎么 十分 多么 无比 颇,越发 越来越 尤为 太 很 不够 愈来愈 无比 更 最 极 挺,非常 很 极为 十分 极其 比较 相当 格外 更加 越发 多么 越来越 愈来愈 分外 挺 尤为 太 无比 蛮 过于 不怎么 更 极度 异常 颇 极 不够 最 越
161,3,0.36346318379418047,-0.04754276471954203,0.6666666666666666,有限 不大 合伙,不大 合伙 有限,不大 有限 合伙,有限 不大 合伙
162,17,0.46659223027245655,0.010378388600083506,0.47058823529411764,没意思 没劲 好玩儿 别扭 好看 丢人 难看 挺好 好听 费劲 有意思 不好意思,过瘾 费劲 挺好 碍事 吓人 过意不去 不好意思 丢人,没意思 丢人 好玩儿 吓人 别扭 没劲 过意不去 有意思 碍事 好看 好听 费劲,没意思 没劲 好玩儿 别扭 好看 丢人 难看 挺好 好听 费劲 有意思 不好意思 难听 吓人 过瘾 碍事 过意不去
163,11,0.5593130961936236,0.22111380154359514,0.18181818181818182,比如 譬如 比如说 例如 譬如说 如 比方 好比 正如 举例 不如说,好比 不如说 举例 正如 如 比方 譬如说 比如说,譬如 如 譬如说 举例 例如 好比 比如说 比方 不如说 比如 正如,比如 譬如 比如说 例如 譬如说 如 比方 好比 正如 举例 不如说
164,12,0.5220765171676991,0.13926288854072988,0.16666666666666666,必须 须 要 应 应当 需 需要 务必 应该 就要 不妨 无须,需要 无须 不妨 就要 应该 务必 需 要,必须 务必 应 不妨 无须 需要 应该 应当 须 需 要 就要,必须 须 要 应 应当 需 需要 务必 应该 就要 不妨 无须
165,111,0.45775346738137546,-0.05829334217937758,0.7207207207207207,沮丧 羞愧 气愤 难过 伤心 诧异 惊讶 惋惜 茫然 惭愧 伤感 苦恼,震惊 生气 着急 恨 吃惊 寂寞 苦恼 焦急,惊慌失措 怜惜 疲倦 吃惊 慌乱 得意 沮丧 慌张 迷惑不解 绝望 惊奇 垂头丧气,沮丧 羞愧 气愤 难过 伤心 诧异 惊讶 惋惜 茫然 惭愧 伤感 苦恼 悔恨 慌张 吃惊 悲伤 心疼 悲哀 绝望 惊慌 失望 愤怒 痛心 惊诧 焦躁 委屈 生气 烦躁 怨恨 厌烦 痛苦 自责 焦急 不安 欣慰 欣喜 难堪 害怕 心酸 胆怯 难受 恐惧 疑惑 激动 慌乱 怜惜 难为情 扫兴 失落 叹气 忧愁 嫉妒 兴奋 不解 为难 感激 畏惧 无奈 疲倦 高兴 悲痛 好笑 心慌 困惑 后悔 疲惫 妒忌 焦虑 愁眉苦脸 惊奇 垂头丧气 着急 烦闷 狼狈 不耐烦 害臊 自卑 凄凉 羡慕 泄气 不服气 灰心 埋怨 无可奈何 尴尬 苦笑 惊慌失措 得意 不屑 遗憾 自豪 哭笑不得 感慨 轻蔑 哭泣 气馁 纳闷儿 慌 骄傲 反感 忧郁 震惊 消沉 恨 迷惑不解 感到 孤独 孤单 庆幸 寂寞 恼羞成怒
166,4,0.4450510120860616,-0.0047668467683981,0.5,定时 按时 准时 不定,不定 定时 准时 按时,不定 准时 定时 按时,定时 按时 准时 不定
167,14,0.4841143861192882,0.08186936355430843,0.21428571428571427,不要 不必 何必 用不着 不用 别 免得 何苦 非得 以免 不至于 勿,免得 以免 不宜 用得着 勿 何苦 非得 不至于,别 勿 不宜 不必 以免 不用 免得 用不着 用得着 不要 何苦 何必,不要 不必 何必 用不着 不用 别 免得 何苦 非得 以免 不至于 勿 不宜 用得着
168,1,,0.0,0.0,不容,不容,不容,不容
169,2,0.45932245254891824,0.08353097659180013,0.0,对 不对,对 不对,对 不对,对 不对
170,25,0.48561098993148477,0.04999010721185218,0.32,赞叹 钦佩 敬佩 称赞 赞许 赞扬 赞赏 佩服 惊叹 夸奖 敬重 赞美,赞同 不已 夸 表扬 赞不绝口 感谢 赞叹不已 尊敬,佩服 由衷 惊叹 夸 不已 赞同 赞叹 赞扬 赞美 敬佩 称赞 同感,赞叹 钦佩 敬佩 称赞 赞许 赞扬 赞赏 佩服 惊叹 夸奖 敬重 赞美 由衷 赞叹不已 感叹 尊敬 感动 赞不绝口 感谢 同情 赞同 同感 表扬 夸 不已
171,4,0.4972098917189804,0.15657164790755784,0.0,怨气 不满 怨言 不平,不平 不满 怨言 怨气,不平 不满 怨言 怨气,怨气 不满 怨言 不平
172,3,0.5141822288699159,0.10825869486756234,0.3333333333333333,不慎 不幸 不料,不料 不慎 不幸,不幸 不料 不慎,不慎 不幸 不料
173,11,0.5214351845405272,0.14558609573531145,0.0,只好 只得 不得不 索性 宁愿 不得已 干脆 被迫 宁可 不惜 毅然,宁愿 被迫 宁可 毅然 不得不 不惜 不得已 索性,不得不 宁愿 不得已 不惜 只得 只好 被迫 干脆 索性 毅然 宁可,只好 只得 不得不 索性 宁愿 不得已 干脆 被迫 宁可 不惜 毅然
174,4,0.4204823650694481,0.02432898598017952,0.5,不得而知 未知数 有待 可想而知,有待 可想而知 未知数 不得而知,不得而知 可想而知 有待 未知数,不得而知 未知数 有待 可想而知
175,2,0.47404429869734965,0.11976288566492758,0.0,成问题 不怎么样,不怎么样 成问题,不怎么样 成问题,成问题 不怎么样
176,17,0.4714037770851304,0.002625416636950529,0.4117647058823529,刻苦 勤奋 辛勤 拼搏 艰苦奋斗 兢兢业业 艰苦 不懈 顽强 苦练 勤劳 坚持不懈,兢兢业业 辛苦 坚持不懈 吃苦 勤奋 苦练 顽强 自强不息,艰苦 不懈 刻苦 顽强 辛勤 兢兢业业 辛苦 苦练 吃苦 自强不息 苦心 发愤图强,刻苦 勤奋 辛勤 拼搏 艰苦奋斗 兢兢业业 艰苦 不懈 顽强 苦练 勤劳 坚持不懈 吃苦 苦心 辛苦 自强不息 发愤图强
177,4,0.4351129770065856,0.022813669482540006,0.25,办不到 休想 没法儿 不成,不成 办不到 没法儿 休想,不成 休想 办不到 没法儿,办不到 休想 没法儿 不成
178,7,0.4862843032353955,0.03954240804626526,0.42857142857142855,赐教 久仰 请坐 指教 不敢当 过奖 拜见,指教 拜见 请坐 不敢当 过奖 赐教 久仰,请坐 不敢当 久仰 指教 过奖 赐教 拜见,赐教 久仰 请坐 指教 不敢当 过奖 拜见
179,15,0.4878333874149503,0.0642601938780495,0.2,逐渐 日益 渐渐 逐步 日趋 急剧 逐年 不断 慢慢 骤然 趋于 迅速,迅速 慢慢 飞速 逐步 与日俱增 不断 趋于 渐渐,日益 不断 渐渐 趋于 骤然 逐年 推移 逐渐 逐步 飞速 迅速 慢慢,逐渐 日益 渐渐 逐步 日趋 急剧 逐年 不断 慢慢 骤然 趋于 迅速 飞速 推移 与日俱增
180,14,0.5338339790957429,0.17547820781918808,0.07142857142857142,时常 常常 经常 时不时 有时 不时 偶尔 有时候 时时 总是 常 时而,随时 老是 有时候 时而 总是 有时 偶尔 常,时常 时时 常 不时 总是 有时候 偶尔 时而 有时 老是 经常 时不时,时常 常常 经常 时不时 有时 不时 偶尔 有时候 时时 总是 常 时而 老是 随时
181,6,0.5141915587231624,0.12587561626353247,0.16666666666666666,容易 不易 轻易 轻而易举 难 不难,轻而易举 轻易 不易 不难 难 容易,轻而易举 不易 难 不难 轻易 容易,容易 不易 轻易 轻而易举 难 不难
182,9,0.4792115239048822,0.08141906858243068,0.2222222222222222,衰退 不景气 低迷 萧条 萎缩 好转 复苏 恶化 低谷,低谷 萎缩 萧条 恶化 复苏 衰退 好转 低迷,复苏 不景气 萧条 低迷 低谷 恶化 衰退 好转 萎缩,衰退 不景气 低迷 萧条 萎缩 好转 复苏 恶化 低谷
183,4,0.4384046387363422,0.027251913932682958,0.5,官僚主义 作风 不正之风 主义,主义 作风 不正之风 官僚主义,官僚主义 不正之风 主义 作风,官僚主义 作风 不正之风 主义
184,47,0.47542298020638396,-0.027459646429101713,0.6382978723404256,哎 唉 啊 哎呀 呀 嘛 哈哈 要不 咱 要不然 你们 你,吧 嘿 这会儿 哇 要是 说真的 没说的 没错,没关系 拜托 不要紧 吧 呀 咱 哎 哇 哦 哼 唉 啦,哎 唉 啊 哎呀 呀 嘛 哈哈 要不 咱 要不然 你们 你 嘿 不然 哇 哦 吧 咱们 没事儿 哼 没准儿 别说 再说 反正 要是 干吗 好歹 人家 啦 敢情 说真的 说不定 快点儿 难道 这会儿 不要紧 待会儿 小偷儿 没错 那 拜托 没关系 怪不得 没说的 活该 看样子 莫非
185,9,0.47159593918164106,0.05238076875718048,0.4444444444444444,顾不上 顾不得 来不及 懒得 来得及 只顾 不顾 匆忙 不理,不理 匆忙 只顾 不顾 来不及 懒得 来得及 顾不得,不理 来不及 来得及 不顾 懒得 只顾 匆忙 顾不上 顾不得,顾不上 顾不得 来不及 懒得 来得及 只顾 不顾 匆忙 不理
186,27,0.4848124814740602,0.06416066094772167,0.14814814814814814,怎么 什么 怎样 哪里 呢 究竟 哪儿 谁 哪 干什么 到底 怎么样,为什么 多久 多少 是不是 有没有 怎么样 不知 如何,怎么 是不是 请问 到底 有没有 吗 呢 哪 哪儿 为什么 哪些 不知,怎么 什么 怎样 哪里 呢 究竟 哪儿 谁 哪 干什么 到底 怎么样 吗 怎么办 什么样 哪些 多少 如何 是不是 何时 何处 不知 有没有 为什么 是否 多久 请问
187,4,0.5165062676268043,0.10617530158065311,0.0,不知不觉 潜移默化 无形中 自然而然,自然而然 潜移默化 不知不觉 无形中,自然而然 不知不觉 潜移默化 无形中,不知不觉 潜移默化 无形中 自然而然
188,9,0.449758414406022,0.037382476958260275,0.3333333333333333,故意 存心 无意 有意 刻意 公然 企图 竟敢 不经意,不经意 企图 刻意 竟敢 公然 故意 存心 无意,不经意 无意 有意 存心 故意 企图 刻意 公然 竟敢,故意 存心 无意 有意 刻意 公然 企图 竟敢 不经意
189,3,0.43936962609702856,0.08457865459111219,0.0,不翼而飞 不辞而别 不见,不辞而别 不见 不翼而飞,不见 不翼而飞 不辞而别,不翼而飞 不辞而别 不见
190,13,0.4573380836004013,0.015754142235177102,0.5384615384615384,学习 钻研 用功 自学 读书 学 好学 听讲 预习 备课 不耻下问 学艺,备课 学艺 预习 虚心 听讲 学 不耻下问 钻研,学 虚心 用功 备课 不耻下问 读书 好学 钻研 学习 预习 自学 听讲,学习 钻研 用功 自学 读书 学 好学 听讲 预习 备课 不耻下问 学艺 虚心
191,11,0.4893120355533283,0.09217292598348044,0.2727272727272727,愿意 乐意 情愿 甘心 不肯 肯 敢 忍心 答应 愿 舍得,敢 舍得 答应 愿 甘心 不肯 忍心 情愿,忍心 敢 愿 答应 乐意 不肯 肯 愿意 舍得 情愿 甘心,愿意 乐意 情愿 甘心 不肯 肯 敢 忍心 答应 愿 舍得
192,2,0.48600217777006627,0.13228219220999082,0.0,不能不 无不,不能不 无不,无不 不能不,不能不 无不
193,4,0.43250340378103397,-0.016469079863472617,0.75,良好 不错 好 不良,不错 不良 好 良好,好 良好 不良 不错,良好 不错 好 不良
194,2,0.4849005585739714,0.11709544215078722,0.0,不论 无论如何,不论 无论如何,无论如何 不论,不论 无论如何
195,5,0.49134569925488575,0.10532399107267654,0.0,微不足道 无足轻重 不起眼 渺小 默默无闻,默默无闻 渺小 不起眼 微不足道 无足轻重,微不足道 不起眼 无足轻重 默默无闻 渺小,微不足道 无足轻重 不起眼 渺小 默默无闻
196,8,0.5325241500683431,0.18184293050364306,0.125,欠缺 缺乏 缺少 缺失 不足 缺 薄弱 滞后,滞后 缺 薄弱 不足 缺失 缺少 缺乏 欠缺,缺 欠缺 滞后 不足 薄弱 缺乏 缺少 缺失,欠缺 缺乏 缺少 缺失 不足 缺 薄弱 滞后
197,23,0.49626137670279297,0.0416942851994056,0.30434782608695654,咳嗽 疼痛 呕吐 头晕 痒 疼 肿 痛 胀 发炎 发热 咳,灼热 咽 喘 失眠 痰 不适 麻木 出汗,咳 咽 喘 疼 痒 痛 痰 晕车 疼痛 发热 发烧 发炎,咳嗽 疼痛 呕吐 头晕 痒 疼 肿 痛 胀 发炎 发热 咳 恶心 发烧 痰 失眠 出汗 晕车 灼热 不适 咽 麻木 喘
198,7,0.4842140127967155,0.07236184451558514,0.2857142857142857,畅通 通畅 疏通 不通 堵塞 打通 通行,通行 不通 疏通 打通 堵塞 通畅 畅通,堵塞 疏通 通行 打通 畅通 不通 通畅,畅通 通畅 疏通 不通 堵塞 打通 通行
199,4,0.5701872469688483,0.27849560970920445,0.0,与 跟 同 与其,与其 与 跟 同,同 与 跟 与其,与 跟 同 与其
200,5,0.4987550296428969,0.09637609550260896,0.2,好坏 与否 高低 长短 取决于,长短 取决于 高低 好坏 与否,长短 好坏 与否 高低 取决于,好坏 与否 高低 长短 取决于
201,2,0.5000987961316063,0.13265176326505107,0.0,实事求是 与时俱进,实事求是 与时俱进,实事求是 与时俱进,实事求是 与时俱进
202,8,0.4763952008732034,0.08255300451810756,0.125,傻 逗 逼 丑 帅 耍 贱 瞎,耍 瞎 丑 贱 帅 逗 逼 傻,傻 帅 丑 瞎 逼 逗 耍 贱,傻 逗 逼 丑 帅 耍 贱 瞎
203,45,0.46624137166963153,-0.013642953538417168,0.5777777777777777,愚蠢 卑鄙 残忍 凶残 可恶 丑恶 狡猾 丑陋 凶恶 虚伪 可笑 奸诈,凶狠 悲惨 蠢 猖狂 庸俗 骇人听闻 自私 堕落,猖狂 粗暴 无能 粗鲁 虚伪 野蛮 软弱 卑鄙 贪婪 无知 丑恶 冷酷无情,愚蠢 卑鄙 残忍 凶残 可恶 丑恶 狡猾 丑陋 凶恶 虚伪 可笑 奸诈 邪恶 自私 冷酷 可悲 粗鲁 可耻 荒谬 蠢 冷漠 无知 荒诞 贪婪 残酷 可怕 冷酷无情 无情无义 罪恶 幼稚 傲慢 凶狠 拙劣 庸俗 猖狂 无能 野蛮 悲惨 软弱 阴暗 可怜 堕落 恐怖 粗暴 骇人听闻
204,5,0.46137253924010013,0.06901615799958609,0.2,事件 风波 丑闻 事态 此事,此事 事态 丑闻 风波 事件,事件 事态 丑闻 风波 此事,事件 风波 丑闻 事态 此事
205,4,0.4465996391907474,0.061092925012609385,0.25,职业 业余 专业 职业病,专业 职业病 业余 职业,专业 职业病 业余 职业,职业 业余 专业 职业病
206,2,0.4838232994272771,0.11069593358065882,0.0,专人 负责,专人 负责,专人 负责,专人 负责
207,3,0.5467018371158121,0.20341547989534578,0.0,商标 专利 侵权,侵权 商标 专利,专利 商标 侵权,商标 专利 侵权
208,14,0.4657022432995965,0.0033109500473031675,0.5,封建 剥削 官僚 专制 贵族 统治 阶级 压迫 帝国主义 阶层 官吏 资本主义,阶层 奴隶 官吏 资本主义 世袭 帝国主义 贵族 统治,专制 资本主义 奴隶 官僚 官吏 帝国主义 贵族 压迫 阶级 封建 剥削 阶层,封建 剥削 官僚 专制 贵族 统治 阶级 压迫 帝国主义 阶层 官吏 资本主义 奴隶 世袭
209,30,0.473842586363736,0.02393051433540693,0.4666666666666667,餐馆 饭店 饭馆 餐厅 酒楼 商场 旅馆 酒吧 旅店 宾馆 超市 书店,专卖店 百货 药店 超市 报亭 客房 连锁 夜总会,旅馆 网吧 加油站 店 饭店 菜市场 旅店 超市 商场 商店 电影院 舞厅,餐馆 饭店 饭馆 餐厅 酒楼 商场 旅馆 酒吧 旅店 宾馆 超市 书店 商店 连锁店 药店 店 舞厅 酒店 电影院 网吧 夜总会 便利店 专卖店 菜市场 连锁 报亭 加油站 客房 百货 夜市
210,5,0.49626668545394137,0.10469415928869305,0.4,学者 专家 科学家 院士 人士,院士 人士 专家 科学家 学者,专家 科学家 人士 院士 学者,学者 专家 科学家 院士 人士
211,2,0.5582353395673356,0.2502494981274924,0.0,聚精会神 专心,专心 聚精会神,专心 聚精会神,聚精会神 专心
212,3,0.5250172641186713,0.1786138655487878,0.0,柜台 专柜 网点,柜台 网点 专柜,网点 柜台 专柜,柜台 专柜 网点
213,4,0.5447363593901714,0.16609950140682367,0.25,专栏 栏目 专题 访谈,访谈 专栏 专题 栏目,专题 栏目 访谈 专栏,专栏 栏目 专题 访谈
214,5,0.4882898983347996,0.05114755704899758,0.2,注重 侧重 看重 讲究 专注,专注 讲究 看重 侧重 注重,注重 侧重 讲究 专注 看重,注重 侧重 看重 讲究 专注
215,2,0.4517075759596818,-0.012992148072225807,0.5,专用 公用,公用 专用,公用 专用,专用 公用
216,21,0.5008446252996235,0.10241266490364795,0.2857142857142857,赶赴 前往 赶往 奔赴 来到 抵达 赶到 起程 到达 飞往 动身 离开,专程 回国 走进 回到 前来 离开 到达 飞往,飞往 返回 离开 赶到 赶往 赴 回国 回到 前来 赶赴 抵达 到达,赶赴 前往 赶往 奔赴 来到 抵达 赶到 起程 到达 飞往 动身 离开 返回 赴 回到 直奔 踏上 专程 走进 前来 回国
217,4,0.4538575528161823,0.07725022051737526,0.25,兼职 专职 在职 实习,实习 专职 在职 兼职,实习 在职 专职 兼职,兼职 专职 在职 实习
218,16,0.48429991831131747,0.11233598039278009,0.1875,书籍 词典 著作 辞典 教材 专著 字典 名著 课本 百科全书 书 教科书,传记 论文 手册 文献 课本 书 字典 教材,词典 书 课本 名著 论文 著作 专著 辞典 教科书 文献 百科全书 手册,书籍 词典 著作 辞典 教材 专著 字典 名著 课本 百科全书 书 教科书 文献 传记 论文 手册
219,47,0.48195758059686394,0.01105037754042998,0.44680851063829785,演唱 演奏 独唱 歌曲 乐曲 合唱 伴奏 歌唱 舞蹈 民歌 歌剧 旋律,杂技 国歌 专辑 动听 相声 演唱会 京剧 排练,交响乐 唱歌 乐队 唱 芭蕾 诗歌 朗诵 独唱 曲 歌 伴奏 乐曲,演唱 演奏 独唱 歌曲 乐曲 合唱 伴奏 歌唱 舞蹈 民歌 歌剧 旋律 音乐 交响乐 唱 歌舞 歌词 乐队 朗诵 吉他 歌 歌声 歌手 笛子 音乐会 唱歌 表演 乐器 小提琴 芭蕾 诗歌 钢琴 摇滚 抒情 秧歌 舞 京剧 排练 杂技 演唱会 曲 动听 主题歌 相声 专辑 歌咏 国歌
220,9,0.48248744022037493,0.05952040575699283,0.3333333333333333,爱好 嗜好 兴趣 特长 喜好 专长 趣味 乐趣 座右铭,座右铭 专长 乐趣 兴趣 趣味 特长 喜好 嗜好,乐趣 趣味 嗜好 专长 兴趣 座右铭 喜好 特长 爱好,爱好 嗜好 兴趣 特长 喜好 专长 趣味 乐趣 座右铭
221,4,0.6042878402028858,0.23083857064854557,0.25,特意 特地 专门 亲自,亲自 专门 特地 特意,专门 亲自 特地 特意,特意 特地 专门 亲自
222,7,0.4803558125437466,-0.009174696531607589,0.5714285714285714,亦 皆 故 则 仍 且 乃,且 仍 则 乃 故 皆 亦,则 仍 亦 乃 且 皆 故,亦 皆 故 则 仍 且 乃
223,52,0.46305201354194647,-0.03907826913459092,0.6730769230769231,谦逊 善良 和蔼 朴实 文雅 温柔 豁达 谦虚 诚恳 质朴 纯朴 耿直,含蓄 老实 勇敢 聪明 和蔼 坚韧 友善 潇洒,正直 诚恳 坦率 质朴 含蓄 俊俏 纯朴 诚实 得体 开朗 宽厚 仁慈,谦逊 善良 和蔼 朴实 文雅 温柔 豁达 谦虚 诚恳 质朴 纯朴 耿直 稳重 沉稳 敦厚 开朗 乖巧 诚实 慈祥 风趣 礼貌 彬彬有礼 聪明 倔强 刚毅 高傲 英俊 幽默 正直 真诚 天真 老实 俊俏 坦率 友善 宽厚 坦诚 含蓄 体贴 世故 仁慈 得体 活泼 厚道 潇洒 可爱 勇敢 大方 坚韧 风度 孝顺 为人
224,5,0.5375824700661088,0.18116505598984714,0.0,全球 世界 全世界 全国 国际,国际 全国 全球 全世界 世界,全国 全球 世界 全世界 国际,全球 世界 全世界 全国 国际
225,26,0.482058843789667,0.06971818166710181,0.23076923076923078,决赛 冠军 亚军 银牌 比赛 预赛 铜牌 半决赛 世界杯 夺冠 奖牌 金牌,联赛 夺魁 奥运会 大赛 杯 奖杯 半决赛 参赛,参赛 选手 决赛 奥运会 杯 赛场 联赛 铜牌 双打 金牌 奖牌 亚运会,决赛 冠军 亚军 银牌 比赛 预赛 铜牌 半决赛 世界杯 夺冠 奖牌 金牌 大奖赛 赛场 单打 参赛 赛 奥运会 联赛 双打 选手 大赛 亚运会 奖杯 夺魁 杯
226,2,0.4746864664301489,0.14397842243884496,0.0,时代 世纪,世纪 时代,世纪 时代,时代 世纪
227,27,0.4708654757275114,0.03997068000290411,0.3333333333333333,山岭 山坡 山谷 峡谷 高山 丘陵 山峰 雪山 沼泽 山顶 沙漠 高原,岩石 山区 瀑布 山冈 山峰 悬崖 湖泊 小溪,丘陵 湖泊 山 瀑布 岩石 山谷 海拔 沼泽 丛林 山顶 沙漠 雪山,山岭 山坡 山谷 峡谷 高山 丘陵 山峰 雪山 沼泽 山顶 沙漠 高原 平原 草原 湖泊 悬崖 丛林 山区 小溪 山 戈壁 草地 森林 山冈 岩石 海拔 瀑布
228,3,0.7105063583108052,0.5525076112646299,0.0,乙 甲 丙,丙 甲 乙,乙 丙 甲,乙 甲 丙
229,7,0.47063358409357176,0.03313962912913238,0.2857142857142857,行业 产业 业务 领域 板块 市场 业,产业 市场 业 板块 领域 业务 行业,业 板块 行业 业务 产业 市场 领域,行业 产业 业务 领域 板块 市场 业
230,7,0.5000393092896667,0.13140009586890014,0.0,利润 盈利 收入 业绩 收益 效益 产值,产值 收益 效益 业绩 收入 盈利 利润,收益 效益 收入 盈利 利润 产值 业绩,利润 盈利 收入 业绩 收益 效益 产值
231,14,0.5665825275097774,0.21966118246414187,0.0,东南 北部 南部 西南 西北 东部 北 西 南 西部 东 中部,南北 东北 中部 南部 北 北部 西部 东,东北 东南 北 南 东 北部 东部 西部 南北 西 南部 中部,东南 北部 南部 西南 西北 东部 北 西 南 西部 东 中部 东北 南北
232,5,0.5021603853046956,0.16994600508613938,0.2,到处 四处 处处 遍地 东奔西走,东奔西走 处处 遍地 四处 到处,到处 四处 东奔西走 遍地 处处,到处 四处 处处 遍地 东奔西走
233,3,0.5694257532463057,0.271487228892267,0.0,北方 南方 东方,东方 北方 南方,南方 北方 东方,北方 南方 东方
234,4,0.4565586315656828,0.06916545750301199,0.25,事物 物体 物质 东西,物质 东西 物体 事物,物体 事物 东西 物质,事物 物体 物质 东西
235,1,,0.0,0.0,东道主,东道主,东道主,东道主
236,1,,0.0,0.0,丝,丝,丝,丝
237,4,0.47952786972201117,0.01072551810666681,0.25,根本 丝毫 完全 绝对,绝对 完全 丝毫 根本,绝对 完全 根本 丝毫,根本 丝毫 完全 绝对
238,9,0.4847801362903058,0.11403163315797299,0.2222222222222222,宝石 钻石 珠宝 首饰 珍珠 水晶 戒指 丝绸 金子,丝绸 金子 戒指 水晶 首饰 珍珠 珠宝 钻石,金子 戒指 丝绸 钻石 水晶 珠宝 宝石 珍珠 首饰,宝石 钻石 珠宝 首饰 珍珠 水晶 戒指 丝绸 金子
239,6,0.507086677209351,0.11885599325514916,0.0,丢掉 丢 拿走 丢弃 掉 拿,拿 丢弃 掉 丢掉 拿走 丢,丢 丢弃 拿 掉 丢掉 拿走,丢掉 丢 拿走 丢弃 掉 拿
240,6,0.4748915476868716,0.09162891163276653,0.3333333333333333,丧失 失去 丢失 消失 迷失 剥夺,剥夺 丢失 迷失 消失 失去 丧失,丢失 迷失 剥夺 消失 失去 丧失,丧失 失去 丢失 消失 迷失 剥夺
241,8,0.46363165827163105,-0.02217443194306023,0.375,出洋相 出丑 逞能 丢脸 出风头 出难题 卖弄 穿小鞋,卖弄 逞能 丢脸 出风头 穿小鞋 出难题 出洋相 出丑,卖弄 出难题 出风头 逞能 出丑 穿小鞋 丢脸 出洋相,出洋相 出丑 逞能 丢脸 出风头 出难题 卖弄 穿小鞋
242,1,,0.0,0.0,两岸,两岸,两岸,两岸
243,3,0.45653243550622125,0.10793131883943696,0.0,机动 突击 两栖,机动 两栖 突击,机动 突击 两栖,机动 突击 两栖
244,6,0.47313286015516703,0.06797434042511559,0.3333333333333333,严厉 严格 严肃 严 苛刻 坚决,坚决 严肃 严 苛刻 严厉 严格,坚决 严厉 严 严格 苛刻 严肃,严厉 严格 严肃 严 苛刻 坚决
245,11,0.45680394548282954,0.01428249042642139,0.6363636363636364,细致 细心 周密 精细 严谨 严密 精心 仔细 周到 精益求精 细,精益求精 严谨 细 周到 严密 细心 精心 仔细,周密 周到 细心 严密 细 细致 精益求精 精细 严谨 精心 仔细,细致 细心 周密 精细 严谨 严密 精心 仔细 周到 精益求精 细
246,11,0.5128373826500513,0.07371176330568426,0.2727272727272727,艰巨 紧迫 严峻 急迫 繁重 艰难 迫切 复杂 棘手 困难 艰险,艰险 复杂 困难 迫切 急迫 繁重 棘手 严峻,严峻 艰险 艰难 紧迫 艰巨 迫切 急迫 困难 棘手 繁重 复杂,艰巨 紧迫 严峻 急迫 繁重 艰难 迫切 复杂 棘手 困难 艰险
247,2,0.47421206185535303,0.08794701021425122,0.0,严重 致命,严重 致命,致命 严重,严重 致命
248,6,0.5395738251663268,0.1684131970961266,0.16666666666666666,遇难 丧生 失踪 死亡 空难 幸存,死亡 幸存 空难 丧生 失踪 遇难,幸存 失踪 空难 死亡 遇难 丧生,遇难 丧生 失踪 死亡 空难 幸存
249,3,0.43606955012494036,0.049675578021254045,0.6666666666666666,个人 本人 个体,个体 本人 个人,本人 个体 个人,个人 本人 个体
250,3,0.6058165904551989,0.3169018049975911,0.0,个头儿 个儿 个子,个子 个头儿 个儿,个头儿 个儿 个子,个头儿 个儿 个子
251,4,0.5196940374601072,0.1339770504201005,0.0,少数 个别 部分 少量,少量 个别 部分 少数,少量 部分 个别 少数,少数 个别 部分 少量
252,9,0.4974298784428337,0.05481018925187218,0.2222222222222222,天性 本性 人性 性情 个性 人格 感性 内心 审美,内心 人格 感性 审美 本性 天性 性情 个性,人性 人格 审美 本性 天性 内心 个性 性情 感性,天性 本性 人性 性情 个性 人格 感性 内心 审美
253,1,,0.0,0.0,个案,个案,个案,个案
254,5,0.5186785208437212,0.18950726251823033,0.4,当中 中 之中 过程 其中,其中 过程 之中 中 当中,中 当中 其中 之中 过程,当中 中 之中 过程 其中
255,2,0.4946521619517661,0.12308586765338309,0.0,中介 房东,中介 房东,中介 房东,中介 房东
256,37,0.4718662202720162,0.01807836337621915,0.32432432432432434,急诊 门诊 医院 治疗 儿科 医生 住院 就诊 病人 外科 手术 内科,医务 输液 医生 护士 救治 麻醉 看病 急救,临床 看病 挂号 门诊 打针 诊所 诊断 会诊 中医 病房 急诊 病人,急诊 门诊 医院 治疗 儿科 医生 住院 就诊 病人 外科 手术 内科 手术室 病房 打针 救治 针灸 看病 西医 临床 护士 出院 挂号 急救 诊所 会诊 中医 输液 求医 治病 诊断 康复 医学 病床 就医 医务 麻醉
257,3,0.5246338338800064,0.20504315805600523,0.0,中华民族 民族 中华,民族 中华 中华民族,中华 民族 中华民族,中华民族 民族 中华
258,2,0.4712612177965685,0.06887987633686912,0.0,中国 大陆,中国 大陆,中国 大陆,中国 大陆
259,25,0.4934892892527687,0.0741690560418438,0.28,绘画 国画 油画 中国画 画 素描 画家 美术 书法 雕塑 壁画 画展,漫画 文学 诗 散文 创作 艺术 插图 画册,雕塑 插图 肖像 图画 画 艺术 画展 画家 画册 画儿 年画 油画,绘画 国画 油画 中国画 画 素描 画家 美术 书法 雕塑 壁画 画展 作品 年画 图画 画册 漫画 艺术 创作 散文 肖像 插图 画儿 文学 诗
260,8,0.5029429515380589,0.15770574011913804,0.125,小型 中型 大型 微型 巨型 轻型 重型 袖珍,重型 袖珍 轻型 巨型 大型 微型 小型 中型,重型 微型 中型 大型 小型 袖珍 巨型 轻型,小型 中型 大型 微型 巨型 轻型 重型 袖珍
261,10,0.48605650130146716,-0.027153852104863645,0.6,国外 外国 海外 境外 海内外 国内 内地 外地 中外 本土,境外 本土 外地 外国 国内 内地 中外 海内外,境外 海外 本土 中外 海内外 国内 国外 内地 外国 外地,国外 外国 海外 境外 海内外 国内 内地 外地 中外 本土
262,1,,0.0,0.0,中央,中央,中央,中央
263,5,0.5176570941038221,0.11353198953398055,0.4,抽奖 中奖 奖品 话费 恭喜,话费 恭喜 抽奖 奖品 中奖,抽奖 中奖 恭喜 奖品 话费,抽奖 中奖 奖品 话费 恭喜
264,11,0.4990840900782372,0.08003683081717923,0.2727272727272727,青少年 中学生 大学生 小学生 青年 少年 儿童 少儿 未成年人 学子 学员,儿童 未成年人 学员 少儿 学子 大学生 小学生 青年,未成年人 青少年 大学生 小学生 学子 学员 中学生 青年 儿童 少年 少儿,青少年 中学生 大学生 小学生 青年 少年 儿童 少儿 未成年人 学子 学员
265,7,0.5023171434020023,0.04647074751514186,0.42857142857142855,教师 教学 师生 师资 中小学 班级 课堂,班级 课堂 中小学 教学 师资 师生 教师,课堂 班级 师生 师资 中小学 教学 教师,教师 教学 师生 师资 中小学 班级 课堂
266,11,0.4945293821217178,0.10489297165900448,0.18181818181818182,年纪 年龄 中年 岁数 年迈 年轻 岁 老年 高龄 成年 晚年,成年 晚年 老年 岁数 年轻 高龄 年迈 年龄,年迈 年轻 岁 岁数 年纪 中年 晚年 成年 老年 高龄 年龄,年纪 年龄 中年 岁数 年迈 年轻 岁 老年 高龄 成年 晚年
267,1,,0.0,0.0,中庸,中庸,中庸,中庸
268,2,0.4540625645914984,0.06136238241357839,0.0,中心 基地,基地 中心,中心 基地,中心 基地
269,1,,0.0,0.0,中性,中性,中性,中性
270,21,0.5087114919749405,0.15492548339968423,0.14285714285714285,汉语 英语 俄语 法语 日语 外语 口语 普通话 英文 西班牙语 语言 中文,流利 语法 语音 华语 口音 翻译 外文 语言,华语 流利 语音 俄语 语言 语法 口语 口音 中文 法语 西班牙语 英语,汉语 英语 俄语 法语 日语 外语 口语 普通话 英文 西班牙语 语言 中文 语法 阿拉伯语 方言 翻译 流利 口音 语音 华语 外文
271,9,0.47323527181260716,0.047929777115826834,0.3333333333333333,中止 停止 暂停 终止 中断 取消 撤销 停顿 停,停 停顿 中断 取消 撤销 终止 中止 停止,暂停 终止 取消 停 停止 中止 中断 撤销 停顿,中止 停止 暂停 终止 中断 取消 撤销 停顿 停
272,3,0.49078080166741994,0.14379560983761,0.0,短期 长期 中期,中期 长期 短期,中期 短期 长期,短期 长期 中期
273,41,0.4905788574253632,0.06360833036625066,0.3170731707317073,急性 疾病 病症 癌症 慢性 发病 炎症 抑郁症 症状 糖尿病 心脏病 病,传染 骨折 确诊 抑郁 休克 艾滋病 出血 传染病,传染病 骨折 流感 肿瘤 糖尿病 病 癌 腹泻 患 肥胖 患有 患病,急性 疾病 病症 癌症 慢性 发病 炎症 抑郁症 症状 糖尿病 心脏病 病 高血压 腹泻 患病 复发 患 确诊 发作 患有 肿瘤 患者 传染病 病情 痴呆 感冒 出血 癌 精神病 流感 抑郁 艾滋病 过敏 感染 治愈 肥胖 中毒 骨折 霍乱 休克 传染
274,31,0.4997806782907276,0.05427152235501254,0.25806451612903225,春节 中秋节 元宵节 清明节 除夕 端午节 元旦 圣诞节 节日 佳节 过年 假期,团圆 腊月 农历 庙会 周末 拜年 节气 节假日,拜年 清明节 周末 中秋节 新年 元宵节 团圆 暑假 暑期 清明 国庆 元旦,春节 中秋节 元宵节 清明节 除夕 端午节 元旦 圣诞节 节日 佳节 过年 假期 长假 新年 国庆 过节 节假日 暑假 放假 寒假 假日 农历 清明 腊月 周末 年夜饭 暑期 团圆 拜年 庙会 节气
275,4,0.43435896949645486,-0.015038091444273299,0.5,独立自主 独立 中立 自力更生,自力更生 中立 独立 独立自主,独立 独立自主 中立 自力更生,独立自主 独立 中立 自力更生
276,3,0.5052591420896332,0.15294334363631534,0.0,高等 初等 中等,中等 初等 高等,中等 初等 高等,高等 初等 中等
277,4,0.4900840360168865,0.13164283931681617,0.25,中级 初级 高级 资深,资深 初级 中级 高级,资深 中级 初级 高级,中级 初级 高级 资深
278,7,0.49436508559725734,0.10804577329182559,0.14285714285714285,中药 药 药品 处方 药方 医药 偏方,医药 偏方 药 药品 中药 药方 处方,偏方 药方 药品 药 处方 中药 医药,中药 药 药品 处方 药方 医药 偏方
279,2,0.5358311654529366,0.20651119533180426,0.0,半路 中途,中途 半路,半路 中途,半路 中途
280,8,0.49965015606691426,0.07492865552892006,0.25,深厚 底蕴 雄厚 积淀 丰厚 悠久 得天独厚 底子,悠久 丰厚 底子 积淀 得天独厚 雄厚 底蕴 深厚,得天独厚 积淀 丰厚 深厚 底子 底蕴 雄厚 悠久,深厚 底蕴 雄厚 积淀 丰厚 悠久 得天独厚 底子
281,4,0.4893497189970806,0.06300972622514009,0.25,丰富 丰富多彩 丰盛 富有,富有 丰富 丰盛 丰富多彩,丰盛 丰富 富有 丰富多彩,丰富 丰富多彩 丰盛 富有
282,21,0.47274199082494395,0.06834943230345283,0.19047619047619047,作物 水稻 农作物 小麦 庄稼 禾苗 灌溉 肥料 粮食 干旱 旱 棉花,耕地 农业 肥沃 干旱 粮食 土壤 增产 棉花,增产 种植 旱 涝 粮食 耕地 肥料 肥沃 小麦 灌溉 丰收 棉花,作物 水稻 农作物 小麦 庄稼 禾苗 灌溉 肥料 粮食 干旱 旱 棉花 种植 涝 耕地 农业 化肥 丰收 土壤 肥沃 增产
283,16,0.4852765329368841,0.05422179722260991,0.375,壮实 健壮 苗条 结实 强壮 修长 身材 矮小 高大 瘦 胖 丰满,红润 粗 硬朗 矮 身材 胖 高大 丰满,身材 粗 矮 瘦 红润 健壮 苗条 强壮 硬朗 矮小 丰满 胖,壮实 健壮 苗条 结实 强壮 修长 身材 矮小 高大 瘦 胖 丰满 矮 红润 硬朗 粗
284,6,0.5256970262820331,0.1581264033939586,0.0,成果 丰硕 成效 硕果 成就 成绩,成就 成效 成绩 丰硕 硕果 成果,丰硕 成就 成绩 成果 成效 硕果,成果 丰硕 成效 硕果 成就 成绩
285,3,0.4237349295616694,-0.03771532261054187,0.6666666666666666,堆 群 串,串 群 堆,堆 串 群,堆 群 串
286,1,,0.0,0.0,临,临,临,临
287,1,,0.0,0.0,临时,临时,临时,临时
288,21,0.47716178468959586,0.038469568536641685,0.23809523809523808,楼房 幢 栋 居民楼 住宅 房屋 房子 别墅 公寓 大楼 楼 临街,住房 建筑物 教学楼 四合院 住户 写字楼 临街 公寓,房子 房屋 屋 幢 别墅 栋 楼 新房 写字楼 楼房 大厦 大楼,楼房 幢 栋 居民楼 住宅 房屋 房子 别墅 公寓 大楼 楼 临街 建筑物 写字楼 新房 教学楼 屋 大厦 住户 四合院 住房
289,5,0.5370574409888473,0.12427351325716536,0.2,来临 到来 临近 降临 尾声,尾声 临近 降临 到来 来临,到来 尾声 降临 临近 来临,来临 到来 临近 降临 尾声
290,2,0.5214640515791664,0.20343069287706386,0.0,丸 胶囊,丸 胶囊,丸 胶囊,丸 胶囊
291,3,0.4491419162468951,0.03308210070274587,0.0,为 以 为了,为了 以 为,以 为 为了,为 以 为了
292,1,,0.0,0.0,为主,为主,为主,为主
293,2,0.6050913922726711,0.3415257485184322,0.0,为何 之所以,为何 之所以,之所以 为何,为何 之所以
294,6,0.46730812403193844,0.07916927849713688,0.3333333333333333,历时 长达 耗时 时隔 为期 全长,全长 时隔 长达 为期 耗时 历时,历时 长达 时隔 耗时 为期 全长,历时 长达 耗时 时隔 为期 全长
295,5,0.5698870948234687,0.2138948126956171,0.2,迄今 迄今为止 至今 以来 为止,为止 以来 至今 迄今为止 迄今,以来 迄今 迄今为止 为止 至今,迄今 迄今为止 至今 以来 为止
296,4,0.4480828433762734,0.07093240784807511,0.0,由此 据此 为此 从中,据此 从中 为此 由此,据此 从中 由此 为此,由此 据此 为此 从中
297,1,,0.0,0.0,主,主,主,主
298,2,0.46698943937995807,0.10293020998755427,0.0,主人 主妇,主人 主妇,主人 主妇,主人 主妇
299,5,0.5237300425804116,0.09082257415114192,0.2,主角 角色 主人公 扮演 人物,扮演 主人公 人物 主角 角色,扮演 角色 人物 主人公 主角,主角 角色 主人公 扮演 人物
300,27,0.4548381622129792,-0.011360573152850965,0.5925925925925926,主任 局长 处长 部长 总经理 院长 秘书长 总裁 总监 书记 董事长 司长,董事长 团长 首席 会长 所长 总经理 总裁 厂长,秘书长 董事长 院长 会长 处长 司长 总监 总裁 市长 局长 书记 厂长,主任 局长 处长 部长 总经理 院长 秘书长 总裁 总监 书记 董事长 司长 组长 所长 会长 助理 校长 秘书 主席 委员 团长 市长 经理 负责人 厂长 主管 首席
301,3,0.4275384762241929,-0.0010095702690827713,0.6666666666666666,载体 主体 突破口,主体 突破口 载体,突破口 载体 主体,载体 主体 突破口
302,2,0.5057524950672111,0.140052274160984,0.0,合约 主力,主力 合约,合约 主力,合约 主力
303,8,0.5142952168953507,0.15787935486232196,0.0,举办 承办 主办 筹办 举行 召开 办 申办,办 申办 召开 举行 筹办 举办 主办 承办,申办 办 举行 举办 召开 承办 主办 筹办,举办 承办 主办 筹办 举行 召开 办 申办
304,2,0.6213043533666234,0.369227705410589,0.0,主动 被动,主动 被动,被动 主动,主动 被动
305,3,0.5444505147740507,0.2345383014901736,0.0,主宰 支配 掌管,掌管 支配 主宰,支配 掌管 主宰,主宰 支配 掌管
306,4,0.5042129327977405,0.05774776388516964,0.25,主导 驱动 引领 导向,主导 引领 驱动 导向,驱动 导向 主导 引领,主导 驱动 引领 导向
307,6,0.5468184400496635,0.1858926657907862,0.0,提倡 倡导 宣扬 崇尚 标榜 主张,主张 宣扬 标榜 崇尚 倡导 提倡,标榜 崇尚 宣扬 提倡 倡导 主张,提倡 倡导 宣扬 崇尚 标榜 主张
308,3,0.47708149272897254,0.10680309501165641,0.0,计策 主意 对策,对策 主意 计策,对策 计策 主意,计策 主意 对策
309,3,0.48255231137870513,0.16041921656025362,0.0,主持人 主持 解说,解说 主持 主持人,主持人 主持 解说,主持人 主持 解说
310,4,0.45507922811942486,0.049541682243330165,0.0,人权 民主 法制 主权,法制 主权 民主 人权,法制 人权 民主 主权,人权 民主 法制 主权
311,1,,0.0,0.0,主流,主流,主流,主流
312,4,0.4465902355254592,0.10164625102090799,0.0,主编 编辑 作者 译,译 作者 主编 编辑,译 主编 编辑 作者,主编 编辑 作者 译
313,9,0.45005080256297375,0.06680626453637317,0.2222222222222222,重要 关键 首要 至关重要 要紧 主要 重点 核心 无关紧要,无关紧要 重点 首要 核心 至关重要 要紧 主要 重要,重点 至关重要 核心 关键 要紧 无关紧要 主要 首要 重要,重要 关键 首要 至关重要 要紧 主要 重点 核心 无关紧要
314,8,0.4671246956680948,0.02813396343086916,0.375,直觉 触觉 知觉 嗅觉 认知 视觉 错觉 主观,错觉 主观 触觉 认知 嗅觉 视觉 直觉 知觉,嗅觉 触觉 直觉 错觉 视觉 主观 知觉 认知,直觉 触觉 知觉 嗅觉 认知 视觉 错觉 主观
315,6,0.46503988232680865,0.09941458635970755,0.16666666666666666,话题 议题 热点 主题 题材 焦点,焦点 题材 主题 议题 热点 话题,热点 题材 议题 焦点 话题 主题,话题 议题 热点 主题 题材 焦点
316,2,0.46393841050248996,0.14309905938766698,0.0,举手 举,举手 举,举 举手,举手 举
317,1,,0.0,0.0,举一反三,举一反三,举一反三,举一反三
318,4,0.4203251106490149,0.020985913432354696,0.25,无敌 举世无双 独一无二 超级,超级 独一无二 举世无双 无敌,无敌 超级 独一无二 举世无双,无敌 举世无双 独一无二 超级
319,6,0.47046260507729304,0.08384707761619255,0.16666666666666666,引人注目 瞩目 显眼 抢眼 突出 举世瞩目,举世瞩目 抢眼 突出 显眼 瞩目 引人注目,抢眼 突出 举世瞩目 显眼 瞩目 引人注目,引人注目 瞩目 显眼 抢眼 突出 举世瞩目
320,12,0.5142630800615547,0.16528541125037857,0.08333333333333333,有名 著名 驰名 闻名 出名 大名鼎鼎 远近闻名 举世闻名 知名 家喻户晓 耳熟能详 名副其实,名副其实 知名 耳熟能详 家喻户晓 远近闻名 出名 大名鼎鼎 有名,耳熟能详 家喻户晓 知名 著名 举世闻名 名副其实 有名 出名 远近闻名 闻名 驰名 大名鼎鼎,有名 著名 驰名 闻名 出名 大名鼎鼎 远近闻名 举世闻名 知名 家喻户晓 耳熟能详 名副其实
321,4,0.5361098292359949,0.18964672289835408,0.0,投诉 举报 报警 求助,报警 求助 举报 投诉,投诉 举报 报警 求助,投诉 举报 报警 求助
322,9,0.48548547588454244,0.09571989039214225,0.0,方法 手段 方式 措施 途径 办法 手法 形式 举措,办法 形式 手法 举措 方法 途径 措施 方式,办法 举措 措施 方式 方法 形式 途径 手段 手法,方法 手段 方式 措施 途径 办法 手法 形式 举措
323,28,0.5122037074922723,0.07089560763340659,0.39285714285714285,乒乓球 体操 田径 排球 羽毛球 网球 篮球 举重 摔跤 棒球 滑冰 台球,太极拳 教练 武术 球拍 打球 足球 健美 滑雪,网球 球拍 举重 武术 滑冰 游泳 健美 羽毛球 乒乓球 跳高 跳远 射击,乒乓球 体操 田径 排球 羽毛球 网球 篮球 举重 摔跤 棒球 滑冰 台球 游泳 跳高 跳远 武术 足球 运动员 滑雪 高尔夫球 打球 健美 太极拳 射击 运动会 长跑 教练 球拍
324,8,0.5047877998562582,0.15502728251891343,0.0,甚至 甚至于 或者 或是 或 或许 乃至 至于,至于 或是 或许 乃至 或 甚至 甚至于 或者,或 乃至 甚至 或者 或许 至于 甚至于 或是,甚至 甚至于 或者 或是 或 或许 乃至 至于
325,2,0.47781691338834675,0.08907575297598079,0.0,好久 久,久 好久,久 好久,好久 久
326,6,0.5574849585515994,0.20850368475308848,0.0,难得一见 罕见 少见 难得 少有 久违,久违 少见 少有 罕见 难得 难得一见,少见 难得一见 罕见 久违 难得 少有,难得一见 罕见 少见 难得 少有 久违
327,13,0.4841646761617371,-0.000579936996240128,0.46153846153846156,肩负 职责 担负 责任 承担 使命 重任 负有 担当 履行 职能 义务,任务 职能 承担 担当 职责 重任 履行 负有,履行 使命 担负 义务 责任 任务 职责 职能 负有 担当 承担 肩负,肩负 职责 担负 责任 承担 使命 重任 负有 担当 履行 职能 义务 任务
328,4,0.5230280498666205,0.17655146967731422,0.25,志愿者 义工 志愿 献血,献血 志愿 义工 志愿者,献血 义工 志愿者 志愿,志愿者 义工 志愿 献血
329,3,0.4058291026351481,-0.012492206650479185,0.6666666666666666,矣 之 干戈,干戈 之 矣,之 矣 干戈,矣 之 干戈
330,2,0.4928244646509228,0.16245622572057472,0.0,唯一 之一,唯一 之一,之一 唯一,唯一 之一
331,6,0.42927866100442835,-0.04324197573170289,0.6666666666666666,范畴 范围 宽泛 定义 概念 之内,定义 之内 宽泛 范围 概念 范畴,概念 宽泛 定义 之内 范畴 范围,范畴 范围 宽泛 定义 概念 之内
332,8,0.44812834857471046,0.03098836710920416,0.5,之前 前 前夕 期间 此前 前后 前期 时,期间 时 前期 此前 前夕 前后 之前 前,前 时 期间 前期 前后 前夕 之前 此前,之前 前 前夕 期间 此前 前后 前期 时
333,6,0.5543345244497603,0.26118323485104644,0.0,以外 之外 外 除 除了 除外,除了 除外 除 外 之外 以外,外 以外 除 之外 除外 除了,以外 之外 外 除 除了 除外
334,3,0.49871505985790937,0.1367943525428759,0.0,之类 诸如此类 也好,也好 诸如此类 之类,诸如此类 也好 之类,之类 诸如此类 也好
335,3,0.5173823679700779,0.19566420004208476,0.0,之间 间 介于,介于 间 之间,间 之间 介于,之间 间 介于
336,8,0.49732662611535366,0.028819229421494567,0.375,天空 月亮 星星 天上 太阳 黑夜 彩霞 乌云,黑夜 彩霞 天空 乌云 天上 太阳 星星 月亮,太阳 月亮 星星 天空 乌云 天上 彩霞 黑夜,天空 月亮 星星 天上 太阳 黑夜 彩霞 乌云
337,1,,0.0,0.0,乐,乐,乐,乐
338,5,0.46424230499073244,0.047312254465402444,0.2,花园 园 家园 小区 乐园,乐园 小区 家园 园 花园,园 花园 小区 乐园 家园,花园 园 家园 小区 乐园
339,5,0.3471888803583271,-0.08499430554997686,0.8,看好 乐观 预期 保守 看中,看中 保守 乐观 预期 看好,乐观 看好 看中 保守 预期,看好 乐观 预期 保守 看中
340,3,0.4680083318014689,0.11949072194079703,0.0,乔装 假装 扮,假装 扮 乔装,扮 乔装 假装,乔装 假装 扮
341,26,0.46666063276719666,0.0009078023523188942,0.38461538461538464,胆小 调皮 暴躁 贪玩儿 顽皮 娇惯 娇气 乖 淘气 脾气 听话 倔,粗心 性格 暴躁 爱面子 脾气 懒惰 固执 笨,胆小 爱面子 糊涂 倔 乖 笨 害羞 懂事 顽皮 叛逆 讨人喜欢 脾气,胆小 调皮 暴躁 贪玩儿 顽皮 娇惯 娇气 乖 淘气 脾气 听话 倔 懂事 小气 懒惰 大大咧咧 固执 爱面子 叛逆 害羞 性格 粗心 鲁莽 讨人喜欢 笨 糊涂
342,2,0.4607131111254308,0.09039010715172666,0.0,驾 乘,驾 乘,乘 驾,驾 乘
343,4,0.4223813345832297,0.04015547066974611,0.5,可乘之机 钻空子 乘人之危 后顾之忧,后顾之忧 乘人之危 钻空子 可乘之机,可乘之机 钻空子 乘人之危 后顾之忧,可乘之机 钻空子 乘人之危 后顾之忧
344,7,0.5279631863327107,0.15485846337782677,0.14285714285714285,富人 富翁 富豪 穷人 大款 商人 乞丐,乞丐 商人 穷人 大款 富豪 富人 富翁,穷人 商人 乞丐 大款 富翁 富人 富豪,富人 富翁 富豪 穷人 大款 商人 乞丐
345,7,0.49049317722014896,0.0813257908927545,0.2857142857142857,寻求 谋求 探求 追求 求 乞求 争取,探求 争取 乞求 追求 寻求 求 谋求,谋求 追求 探求 求 寻求 乞求 争取,寻求 谋求 探求 追求 求 乞求 争取
346,3,0.4528945904351666,0.07717088032949326,0.3333333333333333,乞讨 流浪 让座,让座 流浪 乞讨,流浪 乞讨 让座,乞讨 流浪 让座
347,6,0.5596276494617011,0.1769342242150184,0.16666666666666666,习俗 风俗 民俗 祭祀 俗 礼仪,祭祀 礼仪 俗 民俗 习俗 风俗,俗 礼仪 习俗 风俗 祭祀 民俗,习俗 风俗 民俗 祭祀 俗 礼仪
348,5,0.43523338502143416,0.038120978735265224,0.4,习惯 养成 约定俗成 惯例 惯,惯例 惯 约定俗成 养成 习惯,惯 习惯 养成 约定俗成 惯例,习惯 养成 约定俗成 惯例 惯
349,6,0.5588261650490888,0.20905238603257945,0.16666666666666666,乡 村 镇 县 屯 大队,县 大队 屯 镇 村 乡,县 屯 乡 村 镇 大队,乡 村 镇 县 屯 大队
350,14,0.5197827174069655,0.10576950201202126,0.21428571428571427,朋友 亲朋好友 亲友 友人 同事 朋友们 好友 战友 老朋友 同伴 乡亲 熟人,小朋友 同伴 知己 乡亲 老朋友 战友 亲友 朋友们,朋友们 小朋友 乡亲 老朋友 同事 同伴 知己 亲朋好友 好友 战友 朋友 友人,朋友 亲朋好友 亲友 友人 同事 朋友们 好友 战友 老朋友 同伴 乡亲 熟人 小朋友 知己
351,14,0.47841769422628067,0.10347287363374784,0.07142857142857142,背诵 朗读 抄写 默读 读 写 课文 听写 写作 书写 阅读 温习,撰写 念 温习 写作 听写 阅读 课文 读,写作 写 念 朗读 课文 背诵 默读 听写 读 温习 阅读 撰写,背诵 朗读 抄写 默读 读 写 课文 听写 写作 书写 阅读 温习 念 撰写
352,55,0.4893077375857237,0.03510696238031728,0.4,柜子 书桌 桌子 椅子 凳子 窗子 卧室 窗台 屋子 书橱 窗户 房间,墙 杯子 台灯 地下室 脸盆 柱子 栏杆 教室,卫生间 寝室 脸盆 宿舍 洗手间 阳台 抽屉 墙 床 柜子 杯子 写字台,柜子 书桌 桌子 椅子 凳子 窗子 卧室 窗台 屋子 书橱 窗户 房间 客厅 书柜 写字台 墙壁 卫生间 阳台 书架 沙发 楼道 过道 书房 浴室 抽屉 藤椅 楼梯 窗帘 院子 垫子 衣架 箱子 厨房 洗手间 帘子 帐子 寝室 台灯 杯子 教室 床 栏杆 地板 宿舍 木板 马桶 脸盆 梯子 防盗门 镜子 厕所 柱子 墙 地下室 架子
353,3,0.442336873260039,0.015474845884878644,0.6666666666666666,口头 书面 言语,言语 书面 口头,言语 书面 口头,口头 书面 言语
354,3,0.535307847759728,0.16643756253863787,0.0,买 买不起 掏钱,掏钱 买 买不起,买 掏钱 买不起,买 买不起 掏钱
355,7,0.48726462463873915,0.04223050813346957,0.14285714285714285,贩卖 倒卖 卖 兜售 出售 出卖 买卖,出售 卖 买卖 倒卖 兜售 出卖 贩卖,卖 倒卖 贩卖 出售 出卖 买卖 兜售,贩卖 倒卖 卖 兜售 出售 出卖 买卖
356,5,0.5055991513387588,0.11322344198805087,0.0,混乱 乱 杂乱无章 紊乱 乱七八糟,紊乱 乱七八糟 混乱 乱 杂乱无章,混乱 乱 紊乱 乱七八糟 杂乱无章,混乱 乱 杂乱无章 紊乱 乱七八糟
357,5,0.5438905939444305,0.18739934054933413,0.0,食品 水产品 农产品 乳制品 食用,农产品 食用 乳制品 水产品 食品,食用 食品 水产品 乳制品 农产品,食品 水产品 农产品 乳制品 食用
358,4,0.46229074776992635,0.09345367453227205,0.0,了 过 着 得了,得了 着 过 了,了 得了 着 过,了 过 着 得了
359,8,0.46932981998237644,0.050948630347485244,0.5,看不起 瞧不起 看得起 对不起 得罪 冤枉 了不起 眼红,眼红 对不起 得罪 冤枉 了不起 看得起 瞧不起 看不起,得罪 看得起 冤枉 对不起 看不起 瞧不起 眼红 了不起,看不起 瞧不起 看得起 对不起 得罪 冤枉 了不起 眼红
360,1,,0.0,0.0,了却,了却,了却,了却
361,1,,0.0,0.0,了结,了结,了结,了结
362,5,0.4488483631511911,0.04343146761534419,0.4,熟悉 精通 熟练 掌握 了解,了解 熟练 掌握 精通 熟悉,熟悉 了解 精通 掌握 熟练,熟悉 精通 熟练 掌握 了解
363,4,0.4873092452832927,0.0788703658613383,0.25,争 抢 夺 拼,拼 夺 抢 争,夺 争 拼 抢,争 抢 夺 拼
364,2,0.5674420020248463,0.23541063449148558,0.0,争气 争光,争光 争气,争气 争光,争气 争光
365,8,0.506659834884979,0.10758503980575396,0.125,夜以继日 日夜 彻夜 昼夜 通宵 废寝忘食 连夜 争分夺秒,连夜 废寝忘食 争分夺秒 昼夜 通宵 日夜 彻夜 夜以继日,彻夜 通宵 废寝忘食 争分夺秒 连夜 夜以继日 昼夜 日夜,夜以继日 日夜 彻夜 昼夜 通宵 废寝忘食 连夜 争分夺秒
366,14,0.49714958906523277,0.11212846196049729,0.21428571428571427,争执 争吵 冲突 矛盾 争论 争端 纠纷 分歧 激化 对立 争议 对峙,纠缠 激化 对峙 隔阂 争议 争论 纠纷 分歧,对峙 激化 对立 冲突 争执 争端 纠纷 纠缠 隔阂 争吵 矛盾 分歧,争执 争吵 冲突 矛盾 争论 争端 纠纷 分歧 激化 对立 争议 对峙 隔阂 纠缠
367,9,0.466855752395956,0.04087825074400849,0.2222222222222222,较量 争夺 角逐 交锋 激烈 竞争 比试 对弈 针锋相对,针锋相对 激烈 比试 对弈 竞争 角逐 交锋 争夺,激烈 针锋相对 对弈 角逐 交锋 较量 竞争 争夺 比试,较量 争夺 角逐 交锋 激烈 竞争 比试 对弈 针锋相对
368,10,0.47478040721335196,0.055056368092004204,0.3,事 事情 好事 大事 坏事 私事 喜事 公事 心事 好人,好人 公事 心事 私事 喜事 事情 坏事 大事,事情 事 心事 大事 好人 好事 私事 喜事 坏事 公事,事 事情 好事 大事 坏事 私事 喜事 公事 心事 好人
369,1,,0.0,0.0,事业,事业,事业,事业
370,3,0.5885642581754174,0.3016732372770022,0.0,预先 事先 提前,提前 事先 预先,事先 提前 预先,预先 事先 提前
371,3,0.5282129995059911,0.19267142854605881,0.0,事宜 事项 事务,事务 事项 事宜,事务 事宜 事项,事宜 事项 事务
372,3,0.491260527577082,0.10296108621158943,0.0,律师 事务所 公证,公证 事务所 律师,事务所 公证 律师,律师 事务所 公证
373,1,,0.0,0.0,事后,事后,事后,事后
374,6,0.5247681964356682,0.10060229722264873,0.3333333333333333,证据 物证 确凿 证人 事实 证明,证人 证明 确凿 事实 物证 证据,事实 确凿 证明 证据 证人 物证,证据 物证 确凿 证人 事实 证明
375,9,0.4892162031992257,0.05720031891390011,0.3333333333333333,事故 火灾 着火 爆炸 故障 泄漏 车祸 出事 停电,泄漏 停电 出事 车祸 故障 着火 爆炸 火灾,事故 停电 着火 出事 火灾 爆炸 故障 车祸 泄漏,事故 火灾 着火 爆炸 故障 泄漏 车祸 出事 停电
376,7,0.5127732786366025,0.07479849627825544,0.42857142857142855,楷模 榜样 模范 典范 表率 事迹 英雄,表率 英雄 典范 事迹 模范 榜样 楷模,事迹 榜样 英雄 楷模 典范 模范 表率,楷模 榜样 模范 典范 表率 事迹 英雄
377,3,0.4876071102103401,0.15567284401474538,0.0,二手车 二手 瓜子,瓜子 二手 二手车,二手 二手车 瓜子,二手车 二手 瓜子
378,9,0.4840074100750362,0.10082841891804718,0.1111111111111111,气体 二氧化碳 氧气 尾气 空气 排放 氧 大气 温室,氧 排放 尾气 空气 温室 气体 氧气 大气,气体 氧气 氧 空气 尾气 大气 温室 二氧化碳 排放,气体 二氧化碳 氧气 尾气 空气 排放 氧 大气 温室
379,4,0.5405824537604033,0.24272631346576862,0.0,二维码 扫 扫描 码,码 扫描 扫 二维码,二维码 码 扫 扫描,二维码 扫 扫描 码
380,2,0.525894226554807,0.23954138527616503,0.0,在 于,在 于,在 于,在 于
381,7,0.48672117378316815,0.06014614059976559,0.2857142857142857,赔钱 亏 亏本 赚 亏损 赔 吃亏,吃亏 赔 亏损 赚 赔钱 亏本 亏,亏 赔 赚 亏本 亏损 赔钱 吃亏,赔钱 亏 亏本 赚 亏损 赔 吃亏
382,1,,0.0,0.0,云,云,云,云
383,8,0.4366794772727796,0.007029531107515287,0.625,同舟共济 协作 团结 齐心协力 互信 互助 众志成城 务实,务实 互信 众志成城 协作 互助 团结 齐心协力 同舟共济,互助 务实 互信 同舟共济 团结 协作 众志成城 齐心协力,同舟共济 协作 团结 齐心协力 互信 互助 众志成城 务实
384,4,0.42521689187636785,0.025027809514937334,0.25,交流 互动 联络 交换,联络 交换 互动 交流,联络 互动 交换 交流,交流 互动 联络 交换
385,5,0.5074378286138195,0.11840238939481443,0.4,相互 互相 相辅相成 互补 交叉,交叉 相辅相成 互补 互相 相互,互相 交叉 相辅相成 相互 互补,相互 互相 相辅相成 互补 交叉
386,3,0.4961998539886481,0.12396309334050674,0.3333333333333333,互联网 移动 网络,网络 移动 互联网,网络 移动 互联网,互联网 移动 网络
387,7,0.4920687124213621,0.10036052717750595,0.2857142857142857,访问 拜访 出访 来访 拜会 互访 采访,采访 互访 拜会 拜访 出访 来访 访问,拜会 采访 出访 来访 互访 访问 拜访,访问 拜访 出访 来访 拜会 互访 采访
388,5,0.4954311751374888,0.1667919908654652,0.0,豪华 高档 奢侈 尊贵 五星级,五星级 尊贵 奢侈 高档 豪华,豪华 五星级 尊贵 奢侈 高档,豪华 高档 奢侈 尊贵 五星级
389,7,0.5291521417696329,0.15312803741913705,0.14285714285714285,各种 各式各样 形形色色 多种 五花八门 种种 多样,多样 种种 五花八门 多种 形形色色 各式各样 各种,种种 形形色色 多样 多种 各式各样 五花八门 各种,各种 各式各样 形形色色 多种 五花八门 种种 多样
390,15,0.5047640576021433,0.14471963217196923,0.0,白色 黄色 颜色 蓝色 红色 黑色 灰色 色 彩色 鲜艳 色彩 五颜六色,斑点 鲜艳 荧光 黑白 五颜六色 色 色彩 彩色,黄色 黑色 红色 蓝色 五颜六色 色 白色 色彩 斑点 灰色 彩色 鲜艳,白色 黄色 颜色 蓝色 红色 黑色 灰色 色 彩色 鲜艳 色彩 五颜六色 荧光 斑点 黑白
391,4,0.435499924320967,0.03421812431382333,0.5,泉 井 洞 喷泉,喷泉 洞 井 泉,井 泉 洞 喷泉,泉 井 洞 喷泉
392,1,,0.0,0.0,亡羊补牢,亡羊补牢,亡羊补牢,亡羊补牢
393,2,0.4747347451899103,0.10362973074534121,0.0,交付 交,交 交付,交 交付,交付 交
394,2,0.5207423051895262,0.20640928566088235,0.0,交代 坦白,坦白 交代,坦白 交代,交代 坦白
395,15,0.49377988536090506,0.07254020738377938,0.2,情谊 感情 亲情 友情 真情 情怀 情感 情 真挚 深情 恩情 情结,激情 人情 恩情 交情 情结 情感 深情 情怀,情谊 激情 真挚 真情 情 人情 交情 深情 友情 恩情 亲情 情结,情谊 感情 亲情 友情 真情 情怀 情感 情 真挚 深情 恩情 情结 交情 人情 激情
396,3,0.4649332991481699,0.07143441531666522,0.3333333333333333,交接 移交 过渡,移交 过渡 交接,移交 交接 过渡,交接 移交 过渡
397,3,0.39695991986697504,-0.029536189194609385,0.6666666666666666,交易 成交 关联,关联 成交 交易,成交 关联 交易,交易 成交 关联
398,3,0.558631134038347,0.232384489054737,0.0,轮换 轮流 交替,交替 轮换 轮流,轮换 轮流 交替,轮换 轮流 交替
399,16,0.4698830609021475,0.01101218912284082,0.4375,会谈 会面 交谈 会晤 磋商 谈判 谈话 协商 对话 洽谈 交涉 沟通,见面 接见 沟通 会见 对话 讨价还价 谈话 交谈,磋商 谈判 会面 会谈 会见 交谈 洽谈 交涉 谈话 沟通 讨价还价 协商,会谈 会面 交谈 会晤 磋商 谈判 谈话 协商 对话 洽谈 交涉 沟通 见面 会见 讨价还价 接见
400,4,0.4632760115255465,0.043285121907836524,0.25,边界 地带 交界 边缘,边界 地带 交界 边缘,边界 边缘 地带 交界,边界 地带 交界 边缘
401,10,0.46249825113212906,0.02942869931678254,0.6,缴纳 交纳 缴 征收 收取 纳税 返还 纳税人 定金 付,征收 付 收取 定金 纳税人 返还 纳税 缴,征收 付 缴 纳税人 缴纳 纳税 收取 交纳 定金 返还,缴纳 交纳 缴 征收 收取 纳税 返还 纳税人 定金 付
402,12,0.47793601192358287,0.07991970662622781,0.16666666666666666,送给 递给 送 转交 捎 交给 递 寄 送到 赠送 赠 给,赠 给 赠送 送到 转交 寄 递 捎,寄 给 捎 送给 送到 递给 赠送 交给 送 递 赠 转交,送给 递给 送 转交 捎 交给 递 寄 送到 赠送 赠 给
403,12,0.48898136169909895,0.05464455859070804,0.25,警察 公安 交警 民警 公安局 治安 警官 消防 巡逻 保安 执法 检察,巡逻 消防 执法 保安 治安 公安局 检察 警官,巡逻 检察 公安局 交警 执法 保安 民警 消防 治安 公安 警察 警官,警察 公安 交警 民警 公安局 治安 警官 消防 巡逻 保安 执法 检察
404,6,0.4350102028463628,0.02044888146758737,0.5,收费 交费 手续费 付费 管理费 免费,免费 手续费 管理费 付费 交费 收费,手续费 交费 付费 收费 免费 管理费,收费 交费 手续费 付费 管理费 免费
405,9,0.5004364160869752,0.11619680226481682,0.1111111111111111,高速公路 铁路 公路 高铁 通车 隧道 高速 线路 交通,高速 线路 交通 通车 隧道 高铁 公路 铁路,高速公路 通车 隧道 交通 铁路 公路 线路 高速 高铁,高速公路 铁路 公路 高铁 通车 隧道 高速 线路 交通
406,2,0.5603044647399391,0.25348426959228265,0.0,社交 交际,社交 交际,交际 社交,社交 交际
407,3,0.4530711158243735,-0.011222120101898709,0.3333333333333333,重合 吻合 交集,重合 吻合 交集,重合 交集 吻合,重合 吻合 交集
408,4,0.38348718005955257,-0.030079812365384536,0.5,产量 产 产地 量,量 产地 产 产量,产 量 产地 产量,产量 产 产地 量
409,5,0.4507092750409679,0.036874919157263174,0.2,型号 产品 规格 品种 性能,性能 产品 规格 品种 型号,性能 品种 型号 规格 产品,型号 产品 规格 品种 性能
410,1,,0.0,0.0,产物,产物,产物,产物
411,7,0.5219820340402579,0.11443263702633368,0.14285714285714285,引发 引起 造成 产生 诱发 发生 带来,带来 造成 引起 发生 产生 诱发 引发,引起 诱发 发生 产生 造成 引发 带来,引发 引起 造成 产生 诱发 发生 带来
412,14,0.47669334943334657,0.04468358415361074,0.35714285714285715,公斤 千克 斤 吨 公顷 亩 立方米 平方米 磅 公里 米 元,米 平方米 元 桶 克 立方米 公里 磅,克 元 吨 亩 磅 米 斤 桶 平方米 公顷 公里 千克,公斤 千克 斤 吨 公顷 亩 立方米 平方米 磅 公里 米 元 桶 克
413,3,0.4765217341100397,0.14532066954309603,0.0,享受 享 受益,受益 享 享受,享 享受 受益,享受 享 受益
414,8,0.4871098695843103,0.11048100662107635,0.125,具有 拥有 有着 有 具备 带有 享有 还有,享有 还有 带有 有 具备 有着 具有 拥有,有 拥有 有着 还有 享有 具备 具有 带有,具有 拥有 有着 有 具备 带有 享有 还有
415,12,0.4777778006194589,0.09910015426666584,0.08333333333333333,紫 蓝 黑 红 白 黄 绿 灰 青 朱红 亮 暗,暗 亮 朱红 灰 白 青 黑 紫,亮 紫 红 绿 灰 白 暗 朱红 黄 黑 青 蓝,紫 蓝 黑 红 白 黄 绿 灰 青 朱红 亮 暗
416,12,0.5057597009408845,0.07808072604176873,0.16666666666666666,耀眼 灿烂 光芒 照耀 闪烁 光辉 光彩 明亮 绽放 晶莹 辉煌 亮丽,晶莹 光芒 绽放 光辉 闪烁 辉煌 亮丽 明亮,耀眼 光彩 闪烁 亮丽 光芒 光辉 明亮 灿烂 绽放 晶莹 照耀 辉煌,耀眼 灿烂 光芒 照耀 闪烁 光辉 光彩 明亮 绽放 晶莹 辉煌 亮丽
417,2,0.4688450822928125,0.11021109251381904,0.0,特色 亮点,亮点 特色,亮点 特色,特色 亮点
418,5,0.4125156015831058,0.008242972032564978,0.4,亮相 露面 车展 参展 曝光,参展 曝光 车展 露面 亮相,亮相 露面 参展 曝光 车展,亮相 露面 车展 参展 曝光
419,6,0.46636744493124843,0.028927735357739393,0.3333333333333333,亲近 亲密 亲爱 相处 融洽 亲,相处 融洽 亲爱 亲 亲密 亲近,亲 相处 亲近 融洽 亲爱 亲密,亲近 亲密 亲爱 相处 融洽 亲
420,15,0.5080593151578794,0.08768026358085776,0.2,祝贺 敬意 问候 衷心 祝愿 诚挚 贺电 祝福 致敬 贺信 慰问 敬礼,慰问 敬礼 敬爱 亲切 衷心 祝福 贺信 致敬,诚挚 转达 祝愿 衷心 祝福 问候 敬意 敬爱 敬礼 贺信 贺电 致敬,祝贺 敬意 问候 衷心 祝愿 诚挚 贺电 祝福 致敬 贺信 慰问 敬礼 转达 敬爱 亲切
421,10,0.4684045002117401,0.06026049893448436,0.2,魅力 气质 风范 特质 风采 感染力 精髓 内涵 风格 亲和力,内涵 特质 精髓 亲和力 风格 感染力 风范 风采,亲和力 精髓 感染力 风格 风采 风范 魅力 特质 内涵 气质,魅力 气质 风范 特质 风采 感染力 精髓 内涵 风格 亲和力
422,5,0.5194062222201983,0.15717211307195894,0.2,亲属 子女 家属 配偶 家长,家长 配偶 子女 亲属 家属,子女 家长 配偶 家属 亲属,亲属 子女 家属 配偶 家长
423,2,0.49646660289541455,0.05949299245974516,0.0,亲手 动手,亲手 动手,动手 亲手,亲手 动手
424,7,0.5129229628182524,0.1599892862425143,0.0,目睹 亲眼 亲身 耳闻目睹 领略 见证 见识,见识 领略 亲身 见证 耳闻目睹 目睹 亲眼,耳闻目睹 目睹 亲身 领略 见证 见识 亲眼,目睹 亲眼 亲身 耳闻目睹 领略 见证 见识
425,19,0.5035919070917219,0.12991632453549706,0.15789473684210525,女生 男人 女人 男生 女孩儿 女性 女 男 男士 男性 女子 少女,人 帅哥 妇女 美女 男性 男孩儿 男 少女,女 人 男 帅哥 男生 男性 妇女 男士 男女 男子 美女 男人,女生 男人 女人 男生 女孩儿 女性 女 男 男士 男性 女子 少女 男孩儿 美女 男女 男子 帅哥 妇女 人
426,1,,0.0,0.0,人为,人为,人为,人为
427,2,0.4817475140745473,0.15192464882206702,0.0,人事 用人,人事 用人,用人 人事,人事 用人
428,11,0.49533009974850584,0.034837435410804744,0.2727272727272727,他们 她们 人们 大家 它们 大伙儿 我们 它 别人 们 众人,别人 它 众人 人们 它们 们 大家 大伙儿,它 们 别人 我们 他们 人们 大家 大伙儿 她们 众人 它们,他们 她们 人们 大家 它们 大伙儿 我们 它 别人 们 众人
429,23,0.49098287249881123,0.06645515880856777,0.34782608695652173,肝脏 血管 肝 肺 脾 肾 胃 心脏 气管 动脉 血栓 细胞,血液 血压 肠 关节 切除 人体 腺 分泌,气管 细胞 人体 切除 器官 关节 腺 脾 胃 肠 肾 肺,肝脏 血管 肝 肺 脾 肾 胃 心脏 气管 动脉 血栓 细胞 器官 血液 肠 关节 神经 腺 大脑 分泌 人体 切除 血压
430,3,0.41538799400164467,0.009630431262389402,0.6666666666666666,人手 人力 手头,人力 手头 人手,人手 人力 手头,人手 人力 手头
431,3,0.487306029202574,0.12998228751406268,0.0,劳动力 人口 劳动,劳动 人口 劳动力,人口 劳动 劳动力,劳动力 人口 劳动
432,9,0.4947584874581524,0.07600152765299044,0.2222222222222222,职员 员工 职工 雇员 工人 人员 干部 民工 官员,官员 干部 工人 民工 雇员 人员 职工 员工,人员 员工 官员 干部 民工 雇员 工人 职工 职员,职员 员工 职工 雇员 工人 人员 干部 民工 官员
433,14,0.48267948503268954,0.02234002186366716,0.2857142857142857,天赋 天分 素养 才华 功底 修养 人品 功力 品德 素质 口才 基本功,品德 修养 智商 人品 口才 素质 基本功 功力,功力 功底 品德 才华 人品 基本功 素养 口才 天赋 素质 天才 修养,天赋 天分 素养 才华 功底 修养 人品 功力 品德 素质 口才 基本功 智商 天才
434,3,0.4203591573656498,0.08827749678127161,0.3333333333333333,平均 人均 每,每 人均 平均,每 人均 平均,平均 人均 每
435,2,0.5921056043857107,0.3134417872541888,0.0,人造 人工,人工 人造,人工 人造,人造 人工
436,4,0.5195872184160175,0.12012491194571989,0.0,智能 人工智能 机器人 智慧,机器人 智慧 人工智能 智能,人工智能 智能 智慧 机器人,智能 人工智能 机器人 智慧
437,4,0.45198596012980713,0.05468278122718303,0.25,成才 培养 人才 成长,人才 培养 成长 成才,成长 人才 培养 成才,成才 培养 人才 成长
438,14,0.48570239686144806,0.14692745639092233,0.14285714285714285,数量 总数 数目 总量 数额 比例 人数 比重 金额 占 总额 规模,次数 百分比 规模 总额 总量 金额 数额 比重,数目 占 次数 人数 总数 百分比 总额 总量 规模 比例 数额 数量,数量 总数 数目 总量 数额 比例 人数 比重 金额 占 总额 规模 百分比 次数
439,3,0.4483343604140719,0.07292875600709278,0.0,文化 人文 软实力,软实力 人文 文化,人文 软实力 文化,文化 人文 软实力
440,3,0.42937530670053053,0.06801131739131772,0.0,接待 接送 人次,接送 人次 接待,人次 接待 接送,接待 接送 人次
441,7,0.5017724616551663,0.1407473085917847,0.14285714285714285,群众 老百姓 农民 人民 居民 牧民 大众,大众 居民 人民 牧民 农民 老百姓 群众,人民 群众 牧民 大众 老百姓 居民 农民,群众 老百姓 农民 人民 居民 牧民 大众
442,8,0.5147301704165029,0.13647269060607026,0.125,汇率 贬值 升值 外币 人民币 外汇 兑换 货币,人民币 货币 外汇 兑换 外币 升值 贬值 汇率,汇率 货币 升值 贬值 外汇 外币 人民币 兑换,汇率 贬值 升值 外币 人民币 外汇 兑换 货币
443,12,0.5032256489579103,0.12553338827120578,0.16666666666666666,声誉 名声 知名度 名气 声望 信誉 影响力 威信 口碑 人气 实力 名誉,口碑 实力 信誉 威信 名誉 人气 影响力 名气,实力 知名度 人气 影响力 名誉 声誉 口碑 威信 信誉 声望 名气 名声,声誉 名声 知名度 名气 声望 信誉 影响力 威信 口碑 人气 实力 名誉
444,5,0.4688152725306896,0.10266244568385444,0.0,青春 童年 时光 人生 青春期,人生 青春期 时光 童年 青春,时光 青春期 人生 童年 青春,青春 童年 时光 人生 青春期
445,4,0.536202105057559,0.17165133240054375,0.0,地球 宇宙 人类 外星人,地球 宇宙 人类 外星人,外星人 人类 宇宙 地球,地球 宇宙 人类 外星人
446,2,0.6795012269311596,0.4831509908226528,0.0,人群 群体,人群 群体,人群 群体,人群 群体
447,19,0.47106413679472997,-0.01652731571063743,0.5789473684210527,路段 路口 人行道 路面 马路 山路 道路 路 车道 小路 行驶 立交桥,大街 小路 路口 行驶 堵车 立交桥 路边 大道,绕行 山路 道路 小路 车道 行人 人行道 路 大道 路面 大街 路边,路段 路口 人行道 路面 马路 山路 道路 路 车道 小路 行驶 立交桥 路边 行人 堵车 路况 大街 大道 绕行
448,22,0.4796992366588726,0.03369583371239438,0.4090909090909091,杀害 逮捕 谋害 暗杀 殴打 屠杀 绑架 抢劫 劫持 挟持 开枪 被捕,凶手 人质 歹徒 逮捕 报复 袭击 枪毙 恐吓,暗杀 枪毙 无辜 谋害 虐待 殴打 开枪 挟持 迫害 逮捕 报复 人质,杀害 逮捕 谋害 暗杀 殴打 屠杀 绑架 抢劫 劫持 挟持 开枪 被捕 迫害 凶手 虐待 袭击 恐吓 人质 歹徒 枪毙 报复 无辜
449,1,,0.0,0.0,人身,人身,人身,人身
450,7,0.45115120936582853,0.048942142559493494,0.2857142857142857,选 挑选 人选 选择 推选 选拔 选项,选项 选拔 人选 推选 选择 挑选 选,选择 选拔 人选 选 挑选 推选 选项,选 挑选 人选 选择 推选 选拔 选项
451,6,0.49684428211549225,0.11356189105020797,0.3333333333333333,公正 公平 公道 正义 人道 透明,透明 正义 人道 公道 公平 公正,透明 人道 公道 公平 公正 正义,公正 公平 公道 正义 人道 透明
452,4,0.4357961908051196,0.05554203730309078,0.25,地狱 天堂 人间 阎王,阎王 人间 天堂 地狱,人间 阎王 地狱 天堂,地狱 天堂 人间 阎王
453,4,0.44022580109645765,0.07733566586333357,0.25,只 只有 仅 只管,只管 仅 只有 只,只 仅 只管 只有,只 只有 仅 只管
454,2,0.4868847218504131,0.15436092009190935,0.0,并列 仅次于,仅次于 并列,并列 仅次于,并列 仅次于
455,6,0.49045318054321924,0.10069040197069616,0.0,仇人 仇 报仇 仇恨 恩怨 斩草除根,斩草除根 恩怨 报仇 仇恨 仇 仇人,仇 斩草除根 报仇 仇人 仇恨 恩怨,仇人 仇 报仇 仇恨 恩怨 斩草除根
456,6,0.49015690505645926,0.08850761315005885,0.0,今后 后续 日后 未来 后期 往后,未来 后期 日后 往后 今后 后续,往后 后期 后续 今后 未来 日后,今后 后续 日后 未来 后期 往后
457,7,0.49405232391579257,0.13886715484857654,0.0,近日 日前 前不久 今日 日 当日 最近,最近 当日 日 今日 前不久 近日 日前,日 当日 今日 前不久 最近 近日 日前,近日 日前 前不久 今日 日 当日 最近
458,3,0.5872253583156964,0.24850248370188877,0.3333333333333333,进场 入场 介入,介入 入场 进场,进场 入场 介入,进场 入场 介入
459,18,0.4704759459542502,0.03917633072081593,0.3888888888888889,阐述 叙述 讲述 描绘 描述 论述 概括 描写 表述 讲解 揭示 介绍,展示 解读 解释 概括 讲 勾画 揭示 描写,叙述 概括 展示 揭示 勾画 描述 讲述 讲解 讲 论述 介绍 阐述,阐述 叙述 讲述 描绘 描述 论述 概括 描写 表述 讲解 揭示 介绍 解释 列举 勾画 讲 展示 解读
460,4,0.48508684524454093,0.09536712516579365,0.25,自从 自 从 继,从 继 自 自从,从 继 自 自从,自从 自 从 继
461,2,0.47325047255440644,0.15541916227788316,0.0,从事 从业,从业 从事,从事 从业,从事 从业
462,2,0.4767676142682651,0.1343516116935346,0.0,从此 从今以后,从此 从今以后,从此 从今以后,从此 从今以后
463,14,0.47768578398417744,0.04829618727530161,0.42857142857142855,当初 以前 那时 那时候 当年 当时 原先 原来 那会儿 从前 先前 年前,前年 当年 原来 从前 起初 年前 原先 那会儿,起初 那时候 那会儿 年前 以前 那时 当初 当年 当时 从前 原来 原先,当初 以前 那时 那时候 当年 当时 原先 原来 那会儿 从前 先前 年前 前年 起初
464,3,0.4469677068338707,0.12239857342631238,0.0,再 重新 从头,重新 再 从头,重新 再 从头,再 重新 从头
465,7,0.5047526447379912,0.13995369925036752,0.0,从容 从容不迫 沉着 坦然 镇定 胸有成竹 自如,自如 沉着 胸有成竹 坦然 镇定 从容不迫 从容,坦然 镇定 胸有成竹 沉着 从容 自如 从容不迫,从容 从容不迫 沉着 坦然 镇定 胸有成竹 自如
466,7,0.4435449631770199,0.00877971660035551,0.2857142857142857,出生 出身 祖籍 土生土长 从小 长大 身高,身高 出生 从小 长大 祖籍 土生土长 出身,祖籍 身高 从小 出身 土生土长 出生 长大,出生 出身 祖籍 土生土长 从小 长大 身高
467,13,0.5429821546317831,0.12113645987074365,0.38461538461538464,使得 使 致使 促使 以致 导致 迫使 从而 令 进而 让 因而,因而 进而 导致 从而 以至于 致使 以致 促使,令 使 促使 使得 迫使 致使 让 从而 以致 以至于 导致 因而,使得 使 致使 促使 以致 导致 迫使 从而 令 进而 让 因而 以至于
468,6,0.5174751600191322,0.15048426096372738,0.16666666666666666,储存 存放 保管 贮藏 保存 仓库,仓库 贮藏 保存 保管 储存 存放,贮藏 仓库 保管 保存 存放 储存,储存 存放 保管 贮藏 保存 仓库
469,1,,0.0,0.0,他人,他人,他人,他人
470,7,0.49918311211195404,0.0676608938137762,0.14285714285714285,花费 耗费 付出 精力 心血 花 投入,付出 耗费 花 精力 投入 心血 花费,耗费 付出 花费 花 投入 心血 精力,花费 耗费 付出 精力 心血 花 投入
471,4,0.49476562892041426,0.15628337842990878,0.0,神仙 仙女 神 美人,神 美人 神仙 仙女,神 美人 神仙 仙女,神仙 仙女 神 美人
472,36,0.46846192557515626,0.014112012280318739,0.3888888888888889,蛇 鹅 猫 狗 鸽子 鸭子 公鸡 青蛙 狮子 鸟 母鸡 猴,动物 虫子 蚊子 大雁 羊 燕子 仙鹤 鹿,仙鹤 兔 羊 猴 猫 狼 狗 狮子 猩猩 燕子 公鸡 苍蝇,蛇 鹅 猫 狗 鸽子 鸭子 公鸡 青蛙 狮子 鸟 母鸡 猴 兔 鸡 狼 羊 鳄鱼 龟 鼠 虫子 鹿 天鹅 猩猩 鱼 蜜蜂 大雁 大象 燕子 蚊子 动物 仙鹤 豹 苍蝇 野兽 鹰 虎
473,3,0.44268469055905985,0.040076098470052245,0.3333333333333333,牺牲 代价 流血,流血 代价 牺牲,流血 代价 牺牲,牺牲 代价 流血
474,10,0.47706792638474516,0.11758364474597856,0.2,名字 绰号 称呼 外号 命名 名称 改名 代号 叫 地名,代号 地名 名称 叫 改名 名字 称呼 命名,叫 改名 地名 称呼 代号 命名 外号 名称 绰号 名字,名字 绰号 称呼 外号 命名 名称 改名 代号 叫 地名
475,6,0.5430215284769937,0.1787013953251112,0.16666666666666666,取代 代替 替代 替换 取而代之 换成,换成 替换 取而代之 代替 替代 取代,替换 替代 换成 代替 取而代之 取代,取代 代替 替代 替换 取而代之 换成
476,3,0.5248832518447845,0.22224511002301517,0.0,代理 委托 代理人,委托 代理人 代理,代理人 委托 代理,代理 委托 代理人
477,3,0.45614273328142513,0.09506461591186756,0.0,形象 代言人 化身,代言人 化身 形象,代言人 形象 化身,形象 代言人 化身
478,4,0.48892971081728415,0.14655624572356934,0.25,左右 以内 以上 出头,出头 左右 以上 以内,以内 以上 出头 左右,左右 以内 以上 出头
479,3,0.4681656039235334,0.0957646349041106,0.0,以下 简称 如下,如下 简称 以下,简称 以下 如下,以下 简称 如下
480,18,0.4732380085222489,0.037037946182975984,0.3888888888888889,坚信 认为 声称 表示 宣称 指出 深信 确信 说 强调 承认 相信,透露 断定 说 证实 以为 承认 重申 指出,坚信 重申 以为 确信 否认 断定 宣称 深信 说 相信 指出 证实,坚信 认为 声称 表示 宣称 指出 深信 确信 说 强调 承认 相信 断定 否认 重申 透露 证实 以为
481,4,0.606056790927859,0.24685867817648788,0.0,及 以及 和 及其,及其 和 以及 及,及 和 以及 及其,及 以及 和 及其
482,10,0.48651906458792293,0.020051607920327515,0.3,平常 以往 往常 平日 往日 平时 往年 过往 过去 日常,往日 过去 平常 日常 过往 平时 往常 平日,往日 往年 往常 以往 过往 过去 平常 日常 平时 平日,平常 以往 往常 平日 往日 平时 往年 过往 过去 日常
483,2,0.5831509240598224,0.29976476109939953,0.0,带头 以身作则,带头 以身作则,带头 以身作则,带头 以身作则
484,4,0.5502833900604712,0.16316307212953515,0.0,观测 探测 望远镜 仪器,仪器 观测 探测 望远镜,探测 仪器 观测 望远镜,观测 探测 望远镜 仪器
485,13,0.4920781567479352,0.09406513791958687,0.15384615384615385,庆典 庆祝 庆贺 典礼 周年 纪念日 隆重 喜庆 诞辰 仪式 盛大 联欢,联欢 喜庆 盛大 生日 纪念日 诞辰 仪式 庆贺,联欢 周年 诞辰 庆典 典礼 仪式 庆祝 盛大 生日 喜庆 纪念日 隆重,庆典 庆祝 庆贺 典礼 周年 纪念日 隆重 喜庆 诞辰 仪式 盛大 联欢 生日
486,4,0.4734306558772754,0.05281243186508718,0.25,阀门 开关 水龙头 仪表,水龙头 仪表 开关 阀门,水龙头 开关 仪表 阀门,阀门 开关 水龙头 仪表
487,8,0.4322212346959456,0.007639124060653747,0.5,仰 垂 伸 翘 倚 歪 扭 俯首,扭 伸 俯首 倚 翘 歪 垂 仰,俯首 倚 垂 仰 伸 翘 扭 歪,仰 垂 伸 翘 倚 歪 扭 俯首
488,5,0.4759120864162408,0.05740138548681657,0.2,项 篇 种 件 条,件 篇 种 条 项,件 种 篇 条 项,项 篇 种 件 条
489,11,0.4797214753645136,0.05795083321136722,0.18181818181818182,价格 售价 价 低价 降价 高价 价位 价钱 定价 涨价 性价比,低价 价钱 降价 价位 性价比 涨价 售价 高价,价 涨价 性价比 价钱 定价 价位 降价 价格 低价 高价 售价,价格 售价 价 低价 降价 高价 价位 价钱 定价 涨价 性价比
490,3,0.4086895391308181,-0.0016651222885733785,0.6666666666666666,增值 价值 增收,增收 价值 增值,增值 增收 价值,增值 价值 增收
491,9,0.494241398755926,0.08514930838519826,0.2222222222222222,观念 思维 理念 意识 思想 价值观 心态 思路 头脑,思路 头脑 心态 价值观 思维 理念 思想 观念,心态 思想 思维 头脑 思路 观念 理念 意识 价值观,观念 思维 理念 意识 思想 价值观 心态 思路 头脑
492,1,,0.0,0.0,任人宰割,任人宰割,任人宰割,任人宰割
493,5,0.39878264148885634,-0.028416222297114584,0.8,别的 的 任何 的话 其他,其他 的话 的 任何 别的,的 别的 任何 其他 的话,别的 的 任何 的话 其他
494,6,0.5030927526883179,0.13264488741195532,0.0,随意 随便 随心所欲 任意 随时随地 自由,自由 随时随地 随便 任意 随心所欲 随意,随时随地 任意 随心所欲 自由 随意 随便,随意 随便 随心所欲 任意 随时随地 自由
495,1,,0.0,0.0,份,份,份,份
496,2,0.49308608509559526,0.17047681299374923,0.0,份额 基金,基金 份额,份额 基金,份额 基金
497,5,0.4814545604672098,0.14315279685528587,0.2,模仿 仿 效仿 仿制 借鉴,借鉴 仿制 仿 模仿 效仿,仿 效仿 借鉴 模仿 仿制,模仿 仿 效仿 仿制 借鉴
498,8,0.4865827127346646,0.10897442143010105,0.125,工厂 厂 厂家 厂商 生产 企业 车间 出厂,出厂 企业 生产 厂商 车间 厂家 工厂 厂,厂 车间 企业 生产 出厂 厂家 厂商 工厂,工厂 厂 厂家 厂商 生产 企业 车间 出厂
499,9,0.5092799578104641,0.13175956322690305,0.3333333333333333,基督教 宗教 伊斯兰教 天主教 穆斯林 清真寺 教堂 信仰 派别,派别 信仰 教堂 清真寺 穆斯林 宗教 基督教 天主教,宗教 穆斯林 天主教 基督教 伊斯兰教 清真寺 信仰 教堂 派别,基督教 宗教 伊斯兰教 天主教 穆斯林 清真寺 教堂 信仰 派别
500,1,,0.0,0.0,休眠,休眠,休眠,休眠
501,18,0.46889247281180685,0.03646642191323465,0.3333333333333333,旅游 游玩 游览 观光 度假 景点 出游 游客 游 避暑 景区 旅行,导游 温泉 旅行 游客 休闲 蜜月 景点 旅行社,旅行 休闲 游客 蜜月 游人 游玩 游 游览 旅游 温泉 导游 观光,旅游 游玩 游览 观光 度假 景点 出游 游客 游 避暑 景区 旅行 旅行社 游人 休闲 导游 温泉 蜜月
502,1,,0.0,0.0,优,优,优,优
503,1,,0.0,0.0,优先,优先,优先,优先
504,19,0.46867388017780104,0.006617720250023577,0.3684210526315789,弱点 缺点 弊病 弊端 缺陷 优点 短处 毛病 长处 难点 症结 难题,毛病 特点 隐患 漏洞 优势 瓶颈 症结 难题,劣势 优点 优势 症结 漏洞 弱点 问题 毛病 弊端 弊病 短处 瓶颈,弱点 缺点 弊病 弊端 缺陷 优点 短处 毛病 长处 难点 症结 难题 特点 问题 劣势 优势 瓶颈 漏洞 隐患
505,21,0.48852340142571227,0.017259168467491707,0.38095238095238093,加强 深化 强化 增强 促进 加快 提升 提高 推进 拓宽 推动 扩大,拓展 完善 扩大 加速 推动 推进 进一步 优化,加速 增强 优化 进一步 完善 改善 扩大 强化 加深 推动 加强 加快,加强 深化 强化 增强 促进 加快 提升 提高 推进 拓宽 推动 扩大 增进 拓展 优化 加深 进一步 巩固 改善 完善 加速
506,12,0.48183127320388913,0.0785113404622064,0.16666666666666666,出色 优异 卓越 出众 杰出 优秀 优良 高超 非凡 过硬 独特 优越,独特 高超 优良 优越 非凡 优秀 过硬 卓越,优越 优良 优秀 独特 优异 杰出 出色 出众 高超 卓越 非凡 过硬,出色 优异 卓越 出众 杰出 优秀 优良 高超 非凡 过硬 独特 优越
507,7,0.542519054058147,0.22174834034888832,0.14285714285714285,折扣 打折 优惠 促销 特价 折 套餐,套餐 促销 折 特价 优惠 打折 折扣,优惠 折 套餐 折扣 促销 打折 特价,折扣 打折 优惠 促销 特价 折 套餐
508,32,0.45065834664472776,-0.03788391346681618,0.6875,精致 别致 优雅 优美 艳丽 古朴 简洁 高雅 细腻 精美 迷人 华丽,线条 精妙 时髦 柔和 韵味 浪漫 高贵 简洁,流畅 优雅 简洁 漂亮 优美 古朴 韵味 细腻 甜美 浪漫 精致 艳丽,精致 别致 优雅 优美 艳丽 古朴 简洁 高雅 细腻 精美 迷人 华丽 韵味 甜美 美妙 美丽 柔和 美观 新颖 流畅 漂亮 清新 动感 工整 精妙 高贵 浪漫 逼真 线条 整洁 时髦 缤纷
509,3,0.43281182887778497,0.04304760556047166,0.3333333333333333,精品 优质 经典,优质 经典 精品,优质 经典 精品,精品 优质 经典
510,2,0.5448950160387322,0.2622469815798201,0.0,同伙 伙,同伙 伙,伙 同伙,同伙 伙
511,2,0.5968826169306388,0.2934755087350115,0.0,伙伴 盟友,盟友 伙伴,伙伴 盟友,伙伴 盟友
512,13,0.4545060896421006,-0.0048680592101966146,0.46153846153846156,吃饭 请客 用餐 就餐 便饭 招待 敬酒 聚会 喜酒 应酬 食堂 客人,客人 聚会 应酬 伙食 食堂 敬酒 喜酒 就餐,伙食 便饭 请客 聚会 食堂 应酬 喜酒 客人 吃饭 就餐 招待 敬酒,吃饭 请客 用餐 就餐 便饭 招待 敬酒 聚会 喜酒 应酬 食堂 客人 伙食
513,6,0.4497834114283818,0.041361587081645924,0.16666666666666666,理事 协会 委员会 会员 学会 顾问,顾问 学会 会员 协会 理事 委员会,理事 协会 顾问 学会 会员 委员会,理事 协会 委员会 会员 学会 顾问
514,4,0.48521582992827866,-0.055256046655546516,0.75,台上 会场 舞台 就座,会场 舞台 台上 就座,舞台 就座 会场 台上,台上 会场 舞台 就座
515,3,0.5575088334573196,0.202259118647773,0.0,税务 会计 财务,税务 会计 财务,会计 财务 税务,税务 会计 财务
516,20,0.47591115256142663,0.04156985907450358,0.35,大会 开幕式 闭幕式 开幕 闭幕 展览会 会议 博览会 峰会 盛会 招待会 晚会,届 集会 论坛 会议 致辞 宴会 出席 晚会,集会 招待会 宴会 届 座谈会 发布会 开幕 会议 晚会 盛会 论坛 致辞,大会 开幕式 闭幕式 开幕 闭幕 展览会 会议 博览会 峰会 盛会 招待会 晚会 宴会 座谈会 发布会 论坛 集会 致辞 出席 届
517,1,,0.0,0.0,伞,伞,伞,伞
518,4,0.473779203725456,0.0957316292138052,0.25,光荣 神圣 耻辱 伟大,耻辱 伟大 神圣 光荣,光荣 耻辱 伟大 神圣,光荣 神圣 耻辱 伟大
519,8,0.47896271338216473,0.08649499567123571,0.25,传闻 传言 传出 消息 绯闻 沸沸扬扬 传 报道,报道 传 沸沸扬扬 绯闻 传言 传出 消息 传闻,传 绯闻 沸沸扬扬 传出 消息 报道 传闻 传言,传闻 传言 传出 消息 绯闻 沸沸扬扬 传 报道
520,7,0.45475989392437116,0.07356384441729004,0.2857142857142857,手艺 技艺 祖传 失传 手工 传人 心灵手巧,心灵手巧 传人 失传 手工 祖传 手艺 技艺,技艺 祖传 传人 心灵手巧 手工 失传 手艺,手艺 技艺 祖传 失传 手工 传人 心灵手巧
521,8,0.4959611595986261,0.09761424448868392,0.125,神话 童话 传奇 故事 传说 寓言 悲剧 奇迹,传说 悲剧 传奇 奇迹 故事 寓言 童话 神话,神话 奇迹 悲剧 故事 传奇 寓言 童话 传说,神话 童话 传奇 故事 传说 寓言 悲剧 奇迹
522,4,0.48979448227400696,0.13737980026641033,0.0,影视 娱乐 传媒 文娱,娱乐 文娱 影视 传媒,娱乐 传媒 文娱 影视,影视 娱乐 传媒 文娱
523,7,0.49639600114404303,0.11231278318336389,0.2857142857142857,发扬 弘扬 传承 发扬光大 继承 秉承 精神,秉承 精神 传承 继承 弘扬 发扬光大 发扬,秉承 发扬 传承 发扬光大 精神 弘扬 继承,发扬 弘扬 传承 发扬光大 继承 秉承 精神
524,6,0.4862538838869532,0.06442339217337949,0.16666666666666666,培训班 培训 讲座 辅导 传授 夏令营,夏令营 讲座 传授 辅导 培训 培训班,培训 夏令营 辅导 传授 讲座 培训班,培训班 培训 讲座 辅导 传授 夏令营
525,4,0.4092968899428963,-0.05637286094448869,0.75,传播 宣传 传达 扩散,扩散 宣传 传达 传播,扩散 宣传 传播 传达,传播 宣传 传达 扩散
526,10,0.5228653492000774,0.1552949235616333,0.0,电话 拨打 拨通 打电话 接听 接通 来电 热线 通话 传真,通话 传真 热线 接通 来电 打电话 拨打 接听,通话 热线 拨通 传真 拨打 打电话 来电 电话 接听 接通,电话 拨打 拨通 打电话 接听 接通 来电 热线 通话 传真
527,5,0.5071033947564854,0.15402631424275245,0.2,原有 现有 现行 旧 传统,旧 传统 现行 原有 现有,旧 现有 传统 原有 现行,原有 现有 现行 旧 传统
528,5,0.47666212280798703,0.09215506362110139,0.4,输出 传输 输入 发送 输送,输送 发送 传输 输入 输出,输送 输出 输入 发送 传输,输出 传输 输入 发送 输送
529,4,0.5569111648264121,0.28720220553081044,0.0,火炬 传递 接力 棒,棒 传递 接力 火炬,棒 火炬 接力 传递,火炬 传递 接力 棒
530,11,0.48265756935848503,0.02146716279914646,0.6363636363636364,受伤 重伤 伤 伤势 损伤 创伤 伤亡 伤员 伤痕 伤残 重创,伤亡 伤残 损伤 重创 伤痕 伤员 创伤 受伤,损伤 重创 伤痕 伤 伤残 伤员 伤势 伤亡 创伤 受伤 重伤,受伤 重伤 伤 伤势 损伤 创伤 伤亡 伤员 伤痕 伤残 重创
531,56,0.48903769021375854,0.003555529504697025,0.44642857142857145,胳膊 手臂 脖子 嘴唇 手掌 肩膀 鼻子 脸颊 舌头 腿 手指 嘴巴,抚摸 颈部 伤口 头发 胸部 嗓子 双手 面部,爪子 肚子 浑身 肢体 把手 脖子 嘴 拳头 骨头 喉咙 伤口 膝盖,胳膊 手臂 脖子 嘴唇 手掌 肩膀 鼻子 脸颊 舌头 腿 手指 嘴巴 脑袋 喉咙 耳朵 爪子 膝盖 胸膛 身子 颈部 眼睛 手腕 肚子 胸部 眉毛 身体 双手 腹部 腰 身躯 指甲 头发 嘴 指头 手脚 脸 肌肉 全身 脚 把手 牙齿 骨头 浑身 伤口 头顶 嗓子 皮肤 抚摸 怀里 用力 肢体 尾巴 面部 肩 拳头 使劲
532,16,0.46616013483108804,0.02368888800428563,0.3125,损害 危害 侵害 妨害 扰乱 伤害 破坏 危及 侵犯 威胁 祸害 干扰,触犯 影响 干扰 骚扰 害 妨害 损害 侵犯,祸害 害 伤害 扰乱 威胁 危害 危及 破坏 侵犯 骚扰 影响 侵害,损害 危害 侵害 妨害 扰乱 伤害 破坏 危及 侵犯 威胁 祸害 干扰 害 骚扰 触犯 影响
533,11,0.46246004241121874,0.011318597110228257,0.5454545454545454,儒学 儒家 哲学 国学 学问 学术 治学 伦理 道德 茶道 启蒙,道德 启蒙 治学 茶道 学术 儒家 伦理 学问,茶道 启蒙 伦理 哲学 国学 儒学 儒家 治学 学术 学问 道德,儒学 儒家 哲学 国学 学问 学术 治学 伦理 道德 茶道 启蒙
534,5,0.5120036628857221,0.12005398846284084,0.4,掩盖 掩饰 遮盖 伪装 推卸,推卸 伪装 遮盖 掩饰 掩盖,掩饰 遮盖 推卸 伪装 掩盖,掩盖 掩饰 遮盖 伪装 推卸
535,11,0.4798695233962888,-0.012560259393840962,0.5454545454545454,虚假 编造 伪造 弄虚作假 夸大 虚构 隐瞒 造假 误导 歪曲 欺诈,隐瞒 伪造 造假 歪曲 夸大 欺诈 误导 弄虚作假,虚假 误导 虚构 欺诈 伪造 歪曲 造假 夸大 隐瞒 弄虚作假 编造,虚假 编造 伪造 弄虚作假 夸大 虚构 隐瞒 造假 误导 歪曲 欺诈
536,14,0.5051052444244085,0.0912895286181751,0.2857142857142857,估算 测算 推算 推测 推断 预测 计算 估计 假设 判断 假定 粗略,统计 计算 预计 判断 粗略 推测 预测 假设,粗略 统计 估计 判断 计算 推算 推测 推断 测算 预测 假设 估算,估算 测算 推算 推测 推断 预测 计算 估计 假设 判断 假定 粗略 统计 预计
537,3,0.4178627501741854,0.02328178792914336,0.3333333333333333,陪 在家 伴,在家 伴 陪,伴 陪 在家,陪 在家 伴
538,9,0.4934734805298715,0.09702755211630452,0.0,恋爱 爱情 情人 情侣 约会 伴侣 分手 异性 失恋,伴侣 分手 情侣 爱情 异性 失恋 约会 情人,爱情 恋爱 异性 约会 伴侣 分手 失恋 情侣 情人,恋爱 爱情 情人 情侣 约会 伴侣 分手 异性 失恋
539,4,0.5588417065192003,0.25094042256464405,0.0,跟随 随 追随 伴随,伴随 追随 随 跟随,追随 跟随 随 伴随,跟随 随 追随 伴随
540,1,,0.0,0.0,伸张,伸张,伸张,伸张
541,5,0.4786322987712815,0.05383141711871747,0.4,顺手 随手 顺便 伸手 随身,随身 伸手 顺便 顺手 随手,顺手 顺便 伸手 随身 随手,顺手 随手 顺便 伸手 随身
542,10,0.505379757203221,0.08389882076862169,0.4,摆动 转动 旋转 摇晃 弯曲 摇摆 跳跃 跳动 振动 伸缩,振动 伸缩 跳跃 摇晃 弯曲 摇摆 跳动 旋转,摆动 跳跃 伸缩 弯曲 振动 跳动 转动 旋转 摇摆 摇晃,摆动 转动 旋转 摇晃 弯曲 摇摆 跳跃 跳动 振动 伸缩
543,15,0.4729831125120103,0.02647164528872926,0.4,照顾 关照 照料 呵护 爱护 关爱 侍候 关怀 伺候 陪伴 无微不至 看护,看护 陪伴 宠爱 孝敬 爱护 关心 伺候 侍候,看护 爱护 关心 关怀 关爱 关照 照料 侍候 宠爱 伺候 无微不至 陪伴,照顾 关照 照料 呵护 爱护 关爱 侍候 关怀 伺候 陪伴 无微不至 看护 关心 孝敬 宠爱
544,9,0.4635831133522568,0.08827408919389258,0.2222222222222222,趁机 偷偷 暗中 趁 伺机 暗地里 趁着 私下 借,借 私下 偷偷 暗地里 趁着 伺机 暗中 趁,暗中 借 趁机 趁着 偷偷 伺机 趁 私下 暗地里,趁机 偷偷 暗中 趁 伺机 暗地里 趁着 私下 借
545,5,0.44653225817116693,0.0274514675822068,0.4,模糊 似是而非 含糊 自相矛盾 抽象,抽象 自相矛盾 含糊 似是而非 模糊,自相矛盾 模糊 抽象 似是而非 含糊,模糊 似是而非 含糊 自相矛盾 抽象
546,8,0.44781604728266444,0.03864224232665284,0.375,相识 萍水相逢 相遇 素不相识 似曾相识 缘分 相约 陌生,缘分 相约 陌生 似曾相识 素不相识 相识 相遇 萍水相逢,相遇 相识 相约 缘分 素不相识 似曾相识 陌生 萍水相逢,相识 萍水相逢 相遇 素不相识 似曾相识 缘分 相约 陌生
547,23,0.5033489818180868,-0.01722749945796852,0.5217391304347826,但是 虽然 但 可是 虽说 毕竟 幸好 好在 何况 可惜 而且 因为,幸亏 而且 要不是 因为 唯独 幸好 而 难怪,纵然 偏偏 幸好 但 幸亏 虽说 而且 可是 可惜 但愿 但是 要不是,但是 虽然 但 可是 虽说 毕竟 幸好 好在 何况 可惜 而且 因为 幸亏 纵然 尽管 只不过 但愿 偏偏 要不是 唯独 难怪 而 据说
548,2,0.7023654010455636,0.5047794143724658,0.0,位 名,名 位,名 位,位 名
549,5,0.4619819456861567,0.07917375233124577,0.4,处于 处在 位于 属于 徘徊,属于 徘徊 位于 处在 处于,位于 属于 处于 处在 徘徊,处于 处在 位于 属于 徘徊
550,3,0.52785068637344,0.1701151618082054,0.0,位置 位子 地位,地位 位子 位置,地位 位子 位置,位置 位子 地位
551,3,0.5626975507700364,0.2781223084191465,0.0,低 高 低下,低下 高 低,低 高 低下,低 高 低下
552,10,0.5464727588720356,0.18832307813042168,0.0,高于 低于 小于 超过 大于 超出 远远 超越 远 超,远 超越 超过 小于 大于 超 远远 低于,超出 超过 超越 大于 小于 超 远 远远 低于 高于,高于 低于 小于 超过 大于 超出 远远 超越 远 超
553,6,0.4762793166934308,0.02790116967342544,0.5,忽视 忽略 抛弃 放弃 否定 低估,低估 放弃 抛弃 否定 忽略 忽视,否定 抛弃 放弃 忽略 忽视 低估,忽视 忽略 抛弃 放弃 否定 低估
554,5,0.5212563755704634,0.12926926662939905,0.2,道歉 认错 鞠躬 歉意 低头,低头 歉意 认错 鞠躬 道歉,鞠躬 认错 低头 歉意 道歉,道歉 认错 鞠躬 歉意 低头
555,17,0.5055839693390464,0.0466042508194936,0.4117647058823529,气温 温度 寒冷 湿度 潮湿 炎热 高温 干燥 水温 摄氏度 天气 低温,低温 结冰 天气 雨水 寒冷 温度 气候 湿润,气候 气温 潮湿 零下 炎热 寒冷 温度 湿度 水温 天气 高温 干燥,气温 温度 寒冷 湿度 潮湿 炎热 高温 干燥 水温 摄氏度 天气 低温 湿润 零下 气候 结冰 雨水
556,5,0.527319971346387,0.18824450285884758,0.0,节能 低碳 环保 节水 绿色,绿色 环保 节水 节能 低碳,环保 绿色 节能 节水 低碳,节能 低碳 环保 节水 绿色
557,2,0.6964052439475528,0.4966865178183446,0.0,高调 低调,低调 高调,高调 低调,高调 低调
558,5,0.48496269287589555,0.064697428434493,0.2,住宿 食宿 居住 住处 住,居住 住处 食宿 住 住宿,住 食宿 居住 住宿 住处,住宿 食宿 居住 住处 住
559,4,0.49902199965737554,0.12622259631565286,0.0,地址 住址 地点 邮编,地点 邮编 住址 地址,邮编 地址 地点 住址,地址 住址 地点 邮编
560,10,0.49994575730809165,0.07418744313551859,0.3,懂得 明白 领悟 懂 领会 理解 晓得 体会 认识 认得,认得 体会 认识 懂 晓得 理解 明白 领会,懂 懂得 明白 理解 领会 领悟 体会 认识 认得 晓得,懂得 明白 领悟 懂 领会 理解 晓得 体会 认识 认得
561,6,0.5139113985978173,0.13881500640015404,0.16666666666666666,机制 体制 制度 体系 模式 健全,健全 模式 体系 制度 体制 机制,机制 健全 模式 制度 体系 体制,机制 体制 制度 体系 模式 健全
562,7,0.4883584514577846,0.1048529865532394,0.14285714285714285,体力 体能 体质 视力 体重 体温 智力,体温 视力 智力 体重 体能 体质 体力,体重 体能 体质 视力 体温 体力 智力,体力 体能 体质 视力 体重 体温 智力
563,6,0.4655123202732735,0.06554009692454026,0.3333333333333333,检查 复查 查 查出 体检 核对,核对 查 查出 体检 检查 复查,查 核对 查出 体检 复查 检查,检查 复查 查 查出 体检 核对
564,12,0.471067853427541,0.04686709040515877,0.25,显现 展现 体现 呈现 凸显 显出 浮现 表现 出现 流露 涌现 显,涌现 出现 展现 显出 显 流露 呈现 凸显,流露 涌现 显 展现 浮现 凸显 体现 出现 呈现 显现 显出 表现,显现 展现 体现 呈现 凸显 显出 浮现 表现 出现 流露 涌现 显
565,13,0.47869163263460673,0.04662002310534468,0.3076923076923077,尺寸 体积 厚度 长度 宽度 重量 形状 直径 外形 大小 外观 容量,外形 外观 大小 形状 直径 尺度 容量 厚度,厚度 宽度 容量 大小 外观 体积 形状 外形 直径 尺寸 尺度 重量,尺寸 体积 厚度 长度 宽度 重量 形状 直径 外形 大小 外观 容量 尺度
566,3,0.44546981949613446,-0.002940863008005709,0.6666666666666666,教育 医疗 体育,体育 医疗 教育,体育 教育 医疗,教育 医疗 体育
567,12,0.47937124334644526,0.04628063827671797,0.4166666666666667,体育场 球场 体育馆 场馆 操场 公园 看台 场地 游泳池 广场 鸟巢 更衣室,游泳池 操场 广场 公园 更衣室 看台 场地 鸟巢,看台 球场 操场 鸟巢 更衣室 游泳池 体育馆 场馆 体育场 广场 公园 场地,体育场 球场 体育馆 场馆 操场 公园 看台 场地 游泳池 广场 鸟巢 更衣室
568,12,0.49026384270428014,0.07517722016997079,0.25,宽容 宽恕 容忍 原谅 饶恕 体谅 包容 纵容 迁就 忍耐 放纵 妥协,忍耐 妥协 迁就 放纵 体谅 饶恕 纵容 包容,妥协 纵容 包容 宽容 忍耐 体谅 宽恕 放纵 原谅 容忍 迁就 饶恕,宽容 宽恕 容忍 原谅 饶恕 体谅 包容 纵容 迁就 忍耐 放纵 妥协
569,2,0.5082368437356353,0.1794056301048934,0.0,面子 体面,面子 体面,面子 体面,面子 体面
570,6,0.503558786604061,0.12585308540545118,0.0,感受 感觉 观感 感 体验 感想,感觉 体验 感想 感受 感 观感,感 体验 感觉 观感 感受 感想,感受 感觉 观感 感 体验 感想
571,3,0.39319215391627216,0.020439700861291227,0.6666666666666666,空间 余地 时空,时空 余地 空间,时空 余地 空间,空间 余地 时空
572,2,0.4825077117785772,0.1091858382026673,0.0,余额 宝,宝 余额,宝 余额,余额 宝
573,10,0.5092958858028082,0.10761960443643075,0.1,佛教 寺庙 僧人 寺 菩萨 道教 佛 和尚 供奉 少林寺,供奉 少林寺 道教 佛教 寺庙 佛 菩萨 寺,僧人 寺 佛 少林寺 和尚 供奉 寺庙 菩萨 道教 佛教,佛教 寺庙 僧人 寺 菩萨 道教 佛 和尚 供奉 少林寺
574,4,0.5155002646970918,0.17531805627405916,0.0,作 做 作出 进行,作出 做 进行 作,做 作 进行 作出,作 做 作出 进行
575,1,,0.0,0.0,作业,作业,作业,作业
576,14,0.5296059613788745,0.13732313720560532,0.21428571428571427,视为 当作 称作 称为 看作 当成 看成 列为 定为 叫作 作为 成为,分为 成为 改为 叫作 作为 列为 当成 看成,看成 看作 改为 叫作 当作 当成 成为 定为 视为 称作 称为 分为,视为 当作 称作 称为 看作 当成 看成 列为 定为 叫作 作为 成为 分为 改为
577,6,0.5515449625513232,0.24511482201482052,0.0,邀请 邀 应邀 特邀 做客 作客,特邀 应邀 做客 作客 邀请 邀,应邀 邀 邀请 做客 特邀 作客,邀请 邀 应邀 特邀 做客 作客
578,6,0.4984527595425669,0.14523907592120636,0.0,作家 文人 诗人 文艺 文艺界 知识分子,文艺界 知识分子 文艺 文人 诗人 作家,诗人 文艺 知识分子 文人 作家 文艺界,作家 文人 诗人 文艺 文艺界 知识分子
579,5,0.4521495080264457,0.048734969803745885,0.4,作对 打交道 较劲 过不去 周旋,周旋 较劲 过不去 作对 打交道,周旋 过不去 打交道 作对 较劲,作对 打交道 较劲 过不去 周旋
580,4,0.4724366639334709,0.054218346515163086,0.5,失效 作废 无效 过期,失效 过期 无效 作废,无效 失效 作废 过期,失效 作废 无效 过期
581,2,0.47094254794492607,0.0654056867277686,0.0,抄袭 作弊,抄袭 作弊,抄袭 作弊,抄袭 作弊
582,6,0.5038510553136785,0.11791673699831799,0.0,作战 防卫 防御 侦察 自卫 战术,防御 侦察 战术 作战 自卫 防卫,防卫 防御 战术 作战 自卫 侦察,作战 防卫 防御 侦察 自卫 战术
583,28,0.48125899362601665,0.05241931199497842,0.25,考试 试题 试卷 高考 考题 笔试 考生 口试 作文 考 卷子 理科,文科 理科 招生 题 报考 生词 录取 补考,复习 生词 笔试 口试 命题 录取 题目 试题 考生 补考 考场 题,考试 试题 试卷 高考 考题 笔试 考生 口试 作文 考 卷子 理科 题目 复习 面试 考场 报考 录取 分数 填空 招生 文科 补考 听力 命题 科目 题 生词
584,4,0.471365094880791,0.08069788994527582,0.25,作用 起到 发挥 效应,效应 发挥 起到 作用,起到 效应 发挥 作用,作用 起到 发挥 效应
585,3,0.39617811374474216,-0.048318948180057116,0.6666666666666666,家务 料理 使唤,使唤 料理 家务,使唤 料理 家务,家务 料理 使唤
586,9,0.4836052871997979,0.09499352965908849,0.2222222222222222,使用 运用 用 采用 选用 利用 借用 动用 常用,常用 动用 利用 选用 借用 用 采用 使用,选用 运用 用 使用 利用 借用 采用 动用 常用,使用 运用 用 采用 选用 利用 借用 动用 常用
587,2,0.4844657888966464,0.18225900123922956,0.0,使者 天使,使者 天使,使者 天使,使者 天使
588,4,0.5358914354852071,0.17337662866437362,0.0,特例 例子 例外 先例,例子 先例 特例 例外,例外 例子 特例 先例,特例 例子 例外 先例
589,1,,0.0,0.0,供,供,供,供
590,7,0.5562926488478925,0.16893146244644458,0.0,供应 短缺 紧缺 供给 供不应求 供求 过剩,紧缺 供给 过剩 供不应求 供应 供求 短缺,供应 供求 供给 短缺 供不应求 过剩 紧缺,供应 短缺 紧缺 供给 供不应求 供求 过剩
591,6,0.46898958588937667,0.05726559978004675,0.16666666666666666,暖气 煤气 供暖 冷气 气 通风,气 通风 供暖 煤气 冷气 暖气,通风 气 冷气 供暖 暖气 煤气,暖气 煤气 供暖 冷气 气 通风
592,8,0.5789335398219457,0.21620152842998888,0.0,依照 按照 根据 依据 按 遵照 参照 依,根据 遵照 参照 依 按 依据 依照 按照,依 按 参照 根据 依据 依照 遵照 按照,依照 按照 根据 依据 按 遵照 参照 依
593,12,0.5091593689855582,0.11418054221657198,0.08333333333333333,怀念 想念 挂念 思念 留恋 牵挂 恋恋不舍 惦记 念念不忘 依依不舍 舍不得 怀旧,怀旧 舍不得 依依不舍 惦记 思念 念念不忘 恋恋不舍 牵挂,舍不得 牵挂 挂念 恋恋不舍 依依不舍 思念 念念不忘 想念 怀念 怀旧 留恋 惦记,怀念 想念 挂念 思念 留恋 牵挂 恋恋不舍 惦记 念念不忘 依依不舍 舍不得 怀旧
594,8,0.5008643833433342,0.07220800068787346,0.125,凭借 借助 依靠 凭着 通过 凭 依托 透过,依靠 通过 透过 依托 凭 凭着 借助 凭借,凭 通过 借助 依靠 依托 凭借 凭着 透过,凭借 借助 依靠 凭着 通过 凭 依托 透过
595,3,0.4711377660466812,0.11660333088306618,0.3333333333333333,依次 顺序 分别,顺序 分别 依次,顺序 依次 分别,依次 顺序 分别
596,8,0.5067041384846355,0.1332458832807971,0.125,违法 违规 非法 查处 涉嫌 违章 依法 合法,合法 依法 查处 涉嫌 违章 非法 违规 违法,依法 查处 涉嫌 合法 违规 非法 违章 违法,违法 违规 非法 查处 涉嫌 违章 依法 合法
597,2,0.47765327571445737,0.09766539878212717,0.0,靠 依赖,靠 依赖,依赖 靠,靠 依赖
598,2,0.49670380492763844,0.1502033421682098,0.0,侠义 风流,侠义 风流,侠义 风流,侠义 风流
599,2,0.5245104304228518,0.175235655468234,0.0,端 侧,侧 端,侧 端,端 侧
600,4,0.5584939798346872,0.27010769189096473,0.0,反面 正面 侧面 背面,反面 侧面 背面 正面,背面 侧面 反面 正面,反面 正面 侧面 背面
601,33,0.4765754538249081,-0.03235772357200343,0.5757575757575758,嘲笑 讥笑 挖苦 指责 取笑 责备 嘲弄 骂 讽刺 责怪 耻笑 抨击,夸耀 辩解 反问 诽谤 质问 笑话 抱怨 歧视,质疑 取笑 抱怨 挖苦 嫌弃 鄙视 吹捧 批评 讥笑 质问 讽刺 指责,嘲笑 讥笑 挖苦 指责 取笑 责备 嘲弄 骂 讽刺 责怪 耻笑 抨击 批评 调侃 质问 反驳 鄙视 侮辱 抱怨 嫌弃 恭维 刁难 诽谤 谴责 吹捧 质疑 反问 欺负 议论 辩解 夸耀 笑话 歧视
602,10,0.5031218324225952,0.11714074034028624,0.2,霸占 强占 占领 侵占 掠夺 瓜分 占有 抢夺 占据 领土,抢夺 瓜分 领土 占有 掠夺 占领 占据 强占,占据 占有 掠夺 霸占 占领 强占 领土 瓜分 侵占 抢夺,霸占 强占 占领 侵占 掠夺 瓜分 占有 抢夺 占据 领土
603,8,0.4464384467701859,0.017676071363149377,0.375,阴谋 勾结 势力 捣乱 侵略 分裂 野心 搞鬼,势力 搞鬼 野心 侵略 勾结 捣乱 分裂 阴谋,捣乱 搞鬼 勾结 分裂 势力 侵略 野心 阴谋,阴谋 勾结 势力 捣乱 侵略 分裂 野心 搞鬼
604,9,0.5308935487130142,0.060316357362663546,0.1111111111111111,方便 便捷 便宜 省钱 快捷 便利 省事 实惠 划算,快捷 方便 划算 实惠 便利 便宜 便捷 省钱,实惠 快捷 省钱 省事 便利 便宜 便捷 方便 划算,方便 便捷 便宜 省钱 快捷 便利 省事 实惠 划算
605,13,0.5027301535711441,0.04143076300445663,0.38461538461538464,就是 是 只是 却是 便是 可不是 而是 正是 还是 算是 更是 并非,算是 而是 并非 只是 无非 正是 还是 便是,正是 可不是 无非 是 只是 而是 还是 就是 更是 并非 便是 算是,就是 是 只是 却是 便是 可不是 而是 正是 还是 算是 更是 并非 无非
606,14,0.4773242555466528,0.01893687176144163,0.42857142857142855,信件 邮件 回信 来信 电子邮件 短信 电报 信箱 便条 信封 公开信 公函,信箱 公函 信封 留言 便条 公开信 信 回信,邮件 信 电报 公开信 回信 便条 短信 电子邮件 信箱 公函 信封 信件,信件 邮件 回信 来信 电子邮件 短信 电报 信箱 便条 信封 公开信 公函 留言 信
607,1,,0.0,0.0,便道,便道,便道,便道
608,4,0.4652164335698456,0.11440004997600121,0.25,构成 形成 组成 促成,促成 形成 组成 构成,组成 促成 形成 构成,构成 形成 组成 促成
609,3,0.4308127255289491,0.01531727730486697,0.3333333333333333,俊 玉 良,良 玉 俊,俊 玉 良,俊 玉 良
610,2,0.4523795392141312,0.06776981296549395,0.0,俗话说 所谓,俗话说 所谓,俗话说 所谓,俗话说 所谓
611,3,0.4188984718004846,0.054715513799543196,0.3333333333333333,征服 夺取 俘获,夺取 俘获 征服,征服 俘获 夺取,征服 夺取 俘获
612,13,0.45275895953268475,0.018017904390989322,0.46153846153846156,逃走 逃跑 逃亡 逃 投降 投奔 出走 撤离 避难 哗变 走投无路 逃生,俘虏 走投无路 避难 逃生 哗变 撤离 投降 投奔,撤离 投降 逃跑 逃走 俘虏 逃亡 哗变 逃生 走投无路 出走 逃 投奔,逃走 逃跑 逃亡 逃 投降 投奔 出走 撤离 避难 哗变 走投无路 逃生 俘虏
613,1,,0.0,0.0,保,保,保,保
614,8,0.4836996095010946,0.06647362278275923,0.375,修理 维修 保养 修车 修补 保修 修 改装,改装 修 保修 修补 修车 保养 修理 维修,修 维修 保养 保修 修补 修车 修理 改装,修理 维修 保养 修车 修补 保修 修 改装
615,8,0.49600020911034515,0.09467441597853056,0.25,养生 保健 健身 减肥 饮食 美容 素食 健康,美容 素食 保健 健康 减肥 饮食 健身 养生,健康 健身 饮食 保健 美容 减肥 养生 素食,养生 保健 健身 减肥 饮食 美容 素食 健康
616,7,0.4803065090388553,0.06541758383428642,0.42857142857142855,保卫 维护 捍卫 保护 守护 保障 护,守护 保障 护 保护 保卫 维护 捍卫,保障 护 守护 保护 保卫 维护 捍卫,保卫 维护 捍卫 保护 守护 保障 护
617,4,0.49057893569174665,0.13393867222906547,0.0,保姆 家政 家教 管家,家教 管家 家政 保姆,保姆 管家 家政 家教,保姆 家政 家教 管家
618,6,0.5320925166415008,0.1898835893646842,0.0,泄露 泄密 机密 保密 秘密 隐私,秘密 隐私 泄密 保密 机密 泄露,机密 保密 秘密 泄露 隐私 泄密,泄露 泄密 机密 保密 秘密 隐私
619,7,0.44975054780108487,0.02201340821511529,0.42857142857142855,延续 保持 维持 继续 持续 续 保留,保留 续 继续 持续 维持 延续 保持,持续 续 保留 延续 保持 维持 继续,延续 保持 维持 继续 持续 续 保留
620,15,0.48876969107644186,0.0334349584036239,0.4666666666666667,凉爽 暖和 凉快 舒服 舒适 清静 清凉 安静 温暖 暖烘烘 柔软 明媚,暖烘烘 柔软 明媚 安静 宁静 透气 温暖 保暖,安静 暖烘烘 宁静 舒服 明媚 透气 保暖 温暖 清凉 暖和 凉快 清静,凉爽 暖和 凉快 舒服 舒适 清静 清凉 安静 温暖 暖烘烘 柔软 明媚 宁静 透气 保暖
621,10,0.5014680202631531,0.08511432175462355,0.3,防止 杜绝 避免 遏制 制止 阻止 抑制 消除 确保 保证,阻止 消除 确保 保证 抑制 防止 避免 制止,保证 抑制 确保 防止 制止 消除 避免 遏制 杜绝 阻止,防止 杜绝 避免 遏制 制止 阻止 抑制 消除 确保 保证
622,4,0.5299528402370683,0.18070127425947405,0.0,保鲜 冷冻 常温 保质期,保质期 常温 冷冻 保鲜,保鲜 冷冻 常温 保质期,保鲜 冷冻 常温 保质期
623,2,0.6351033991030526,0.36438270912912096,0.0,险 保险,险 保险,保险 险,险 保险
624,8,0.47588584032213266,0.07466936289584498,0.25,信任 信赖 认可 认同 满意 拥护 好感 放心,好感 拥护 放心 认同 认可 信赖 满意 信任,拥护 好感 放心 信赖 认同 认可 信任 满意,信任 信赖 认可 认同 满意 拥护 好感 放心
625,1,,0.0,0.0,信号,信号,信号,信号
626,19,0.4780705097045937,-0.01266483565339961,0.42105263157894735,勇气 自信心 毅力 斗志 志气 魄力 骨气 信念 自信 气魄 信心 自尊心,劲头 决心 魄力 尊严 气魄 斗志 抱负 毅力,自尊心 骨气 斗志 魄力 意志 劲头 勇气 抱负 尊严 毅力 自信 自尊,勇气 自信心 毅力 斗志 志气 魄力 骨气 信念 自信 气魄 信心 自尊心 责任感 自尊 意志 决心 尊严 劲头 抱负
627,3,0.4375168997311745,0.04491613872727235,0.0,信息 情报 资讯,情报 资讯 信息,资讯 信息 情报,信息 情报 资讯
628,3,0.4406161340605201,0.036461207673352335,0.3333333333333333,诚信 信用 文明,文明 信用 诚信,诚信 文明 信用,诚信 信用 文明
629,7,0.47256236548261765,0.06742836456839148,0.14285714285714285,存款 银行 理财 储蓄 信贷 活期 金融,活期 金融 信贷 理财 储蓄 存款 银行,银行 储蓄 活期 理财 存款 信贷 金融,存款 银行 理财 储蓄 信贷 活期 金融
630,11,0.5172737313310772,0.17377723053964228,0.0,母女 父女 母子 父子 夫妻 姐妹 夫妇 俩 双胞胎 兄弟 孪生,俩 双胞胎 兄弟 夫妇 孪生 姐妹 夫妻 父子,俩 母子 母女 姐妹 夫妇 夫妻 孪生 双胞胎 兄弟 父女 父子,母女 父女 母子 父子 夫妻 姐妹 夫妇 俩 双胞胎 兄弟 孪生
631,4,0.49248162502549214,0.14494226125600115,0.0,复原 恢复 修复 复活,复活 修复 复原 恢复,恢复 修复 复活 复原,复原 恢复 修复 复活
632,12,0.5015905563048151,0.04505614403247652,0.5,兴建 修建 建造 建成 扩建 建 建设 创建 建立 组建 重建 拆除,拆除 组建 重建 建立 建 创建 扩建 建设,重建 建 组建 扩建 建立 兴建 建成 建造 建设 创建 修建 拆除,兴建 修建 建造 建成 扩建 建 建设 创建 建立 组建 重建 拆除
633,7,0.5031166144577693,0.10315008654842235,0.2857142857142857,修改 更改 改动 修订 变更 调整 改版,调整 改版 变更 修订 改动 更改 修改,改版 改动 更改 修订 修改 调整 变更,修改 更改 改动 修订 变更 调整 改版
634,4,0.5303053826076756,0.13851863321072883,0.0,纠正 改正 矫正 修正,修正 矫正 纠正 改正,改正 矫正 纠正 修正,纠正 改正 矫正 修正
635,5,0.42582740709495115,-0.05611529636144239,0.6,绿化 园林 水利 绿地 修路,修路 园林 绿化 绿地 水利,绿地 绿化 园林 修路 水利,绿化 园林 水利 绿地 修路
636,1,,0.0,0.0,俱乐部,俱乐部,俱乐部,俱乐部
637,1,,0.0,0.0,倍,倍,倍,倍
638,4,0.5302077743532357,0.1940580187286657,0.0,摔倒 晕倒 倒下 倒,倒下 摔倒 倒 晕倒,倒 摔倒 倒下 晕倒,摔倒 晕倒 倒下 倒
639,8,0.5118110332271678,0.05521026503393493,0.5,毁坏 毁 倒塌 损坏 烧毁 塌 淹 垮,烧毁 倒塌 损坏 垮 淹 塌 毁 毁坏,垮 塌 淹 毁 毁坏 倒塌 损坏 烧毁,毁坏 毁 倒塌 损坏 烧毁 塌 淹 垮
640,5,0.4789414150579089,0.13975943056953177,0.0,排名 排行榜 倒数 垫底 排,排 倒数 垫底 排行榜 排名,排 倒数 排行榜 排名 垫底,排名 排行榜 倒数 垫底 排
641,3,0.4287699449383324,0.06261595476350311,0.3333333333333333,倒计时 计时 冲刺,冲刺 计时 倒计时,倒计时 冲刺 计时,倒计时 计时 冲刺
642,10,0.5053699875285805,0.10298975206021861,0.1,转弯 刹车 拐弯 车速 超车 减速 倒车 急转弯 超速 方向盘,车速 方向盘 超速 刹车 拐弯 减速 倒车 超车,方向盘 车速 超车 超速 减速 拐弯 刹车 转弯 倒车 急转弯,转弯 刹车 拐弯 车速 超车 减速 倒车 急转弯 超速 方向盘
643,2,0.6213328773036626,0.3492567687913995,0.0,倒闭 停业,倒闭 停业,停业 倒闭,倒闭 停业
644,5,0.5228386310459606,0.17144040177937017,0.0,幸运 运气 福气 好运 倒霉,倒霉 福气 好运 幸运 运气,运气 福气 幸运 倒霉 好运,幸运 运气 福气 好运 倒霉
645,13,0.4964481870071286,0.07884314709641463,0.3076923076923077,议会 议员 大选 国会 选举 竞选 总统 政党 选民 内阁 候选人 首相,首相 宪法 政党 总统 候选人 选民 选举 内阁,竞选 选民 选举 内阁 宪法 总统 国会 大选 议员 议会 首相 候选人,议会 议员 大选 国会 选举 竞选 总统 政党 选民 内阁 候选人 首相 宪法
646,2,0.6178036211033959,0.3584007055573347,0.0,借口 理由,理由 借口,借口 理由,借口 理由
647,6,0.5374282756118666,0.21551647484944872,0.0,收据 欠条 发票 凭证 借条 印章,印章 发票 凭证 借条 收据 欠条,印章 欠条 凭证 收据 发票 借条,收据 欠条 发票 凭证 借条 印章
648,3,0.49575438612190453,0.15752737739381284,0.0,号召 倡议 响应,响应 号召 倡议,响应 倡议 号召,号召 倡议 响应
649,3,0.42268674997084804,0.046263645502711025,0.3333333333333333,债 发行 券,券 发行 债,债 券 发行,债 发行 券
650,8,0.4646732098147902,0.04802549242637093,0.25,贷款 还款 偿还 利息 债务 担保 款项 利率,款项 利率 贷款 担保 债务 偿还 还款 利息,偿还 款项 贷款 利率 还款 利息 债务 担保,贷款 还款 偿还 利息 债务 担保 款项 利率
651,1,,0.0,0.0,值,值,值,值
652,1,,0.0,0.0,值得,值得,值得,值得
653,1,,0.0,0.0,值班,值班,值班,值班
654,5,0.5015394241594668,0.15778296052547752,0.0,偏向 倾向 转向 靠拢 倾斜,靠拢 转向 倾斜 倾向 偏向,偏向 靠拢 倾斜 倾向 转向,偏向 倾向 转向 靠拢 倾斜
655,9,0.4652064188932633,0.03747297696076828,0.5555555555555556,倾诉 诉说 发泄 宣泄 诉苦 表达 表白 心声 倾听,倾听 心声 表白 发泄 诉苦 表达 宣泄 诉说,倾诉 心声 宣泄 发泄 倾听 诉苦 诉说 表达 表白,倾诉 诉说 发泄 宣泄 诉苦 表达 表白 心声 倾听
656,1,,0.0,0.0,倾家荡产,倾家荡产,倾家荡产,倾家荡产
657,5,0.525211670799027,0.11501227853547973,0.0,出口 进口 进出口 关税 倾销,进出口 进口 倾销 关税 出口,倾销 进口 关税 出口 进出口,出口 进口 进出口 关税 倾销
658,3,0.5802901583808019,0.25653429409308887,0.0,假冒 冒充 假,假 假冒 冒充,假 冒充 假冒,假冒 冒充 假
659,5,0.5215003485262324,0.11427687928110546,0.2,弱 弱势 强势 偏 强,强势 偏 强 弱势 弱,偏 弱 强 强势 弱势,弱 弱势 强势 偏 强
660,10,0.493344992357543,-0.033160257380605275,0.5,偏僻 简陋 狭小 破旧 狭窄 荒凉 僻静 偏远 陈旧 单薄,陈旧 偏远 简陋 单薄 狭窄 破旧 僻静 狭小,偏僻 荒凉 陈旧 单薄 僻静 偏远 破旧 简陋 狭窄 狭小,偏僻 简陋 狭小 破旧 狭窄 荒凉 僻静 偏远 陈旧 单薄
661,11,0.5034850992762394,0.1601972108129525,0.0,差异 差距 差别 相差 偏差 落差 悬殊 差 反差 误差 差额,偏差 反差 误差 差 差额 落差 相差 差别,偏差 差 误差 落差 反差 相差 悬殊 差别 差异 差额 差距,差异 差距 差别 相差 偏差 落差 悬殊 差 反差 误差 差额
662,2,0.4689170561000078,0.10238081866430906,0.0,偏见 迷信,迷信 偏见,迷信 偏见,偏见 迷信
663,4,0.46919147114925713,0.0745630399144311,0.5,实现 达到 做到 完成,做到 完成 达到 实现,达到 实现 完成 做到,实现 达到 做到 完成
664,11,0.46979299041776396,0.07010168828826906,0.2727272727272727,幻想 空想 幻觉 虚幻 梦 妄想 做梦 梦想 胡思乱想 梦幻 异想天开,胡思乱想 异想天开 幻觉 梦想 梦幻 做梦 虚幻 妄想,虚幻 梦 胡思乱想 空想 幻想 幻觉 妄想 做梦 梦幻 异想天开 梦想,幻想 空想 幻觉 虚幻 梦 妄想 做梦 梦想 胡思乱想 梦幻 异想天开
665,8,0.4890859171945047,0.07792185510044822,0.25,看法 观点 见解 说法 言论 结论 立场 做法,言论 立场 做法 结论 见解 说法 看法 观点,看法 立场 言论 观点 说法 结论 做法 见解,看法 观点 见解 说法 言论 结论 立场 做法
666,9,0.49957161319846843,0.08089862425009271,0.1111111111111111,挣钱 谋生 赚钱 做生意 发财 打工 经商 致富 门路,门路 经商 发财 做生意 致富 谋生 打工 挣钱,谋生 赚钱 做生意 门路 致富 打工 经商 发财 挣钱,挣钱 谋生 赚钱 做生意 发财 打工 经商 致富 门路
667,4,0.5253027642401659,0.11835464644329405,0.25,炉灶 炉子 做饭 取暖,做饭 取暖 炉灶 炉子,取暖 炉灶 做饭 炉子,炉灶 炉子 做饭 取暖
668,7,0.5225423109648764,0.17838875900521106,0.14285714285714285,停车位 车位 停车场 停车 停放 床位 座位,座位 床位 停放 停车 停车场 车位 停车位,床位 停放 车位 座位 停车位 停车场 停车,停车位 车位 停车场 停车 停放 床位 座位
669,17,0.5323424340035874,0.08580047460101756,0.29411764705882354,船只 渔船 船 艘 军舰 船员 船舶 轮船 停泊 航行 帆船 游船,帆船 航行 游船 码头 水手 渔民 船舶 潜艇,帆船 停泊 船舶 潜艇 游船 船长 码头 轮船 船员 船只 艘 船,船只 渔船 船 艘 军舰 船员 船舶 轮船 停泊 航行 帆船 游船 潜艇 船长 渔民 码头 水手
670,2,0.5428968118481878,0.26240498912111476,0.0,停留 滞留,滞留 停留,停留 滞留,停留 滞留
671,11,0.49153064071933905,0.09633363082877433,0.18181818181818182,影星 歌星 明星 巨星 球星 艺人 偶像 大腕儿 名人 模特儿 演艺圈,演艺圈 模特儿 球星 大腕儿 偶像 名人 艺人 巨星,模特儿 艺人 演艺圈 球星 明星 偶像 巨星 影星 大腕儿 歌星 名人,影星 歌星 明星 巨星 球星 艺人 偶像 大腕儿 名人 模特儿 演艺圈
672,9,0.5716533402251965,0.23114506424343734,0.1111111111111111,恰巧 碰巧 恰好 刚好 正好 凑巧 偶然 巧合 有幸,有幸 巧合 偶然 凑巧 刚好 碰巧 恰好 正好,恰巧 恰好 偶然 巧合 有幸 刚好 碰巧 凑巧 正好,恰巧 碰巧 恰好 刚好 正好 凑巧 偶然 巧合 有幸
673,4,0.4292680199657495,-0.00506431281053105,0.75,偷 抄 漏 偷窥,漏 偷窥 抄 偷,偷 抄 漏 偷窥,偷 抄 漏 偷窥
674,3,0.43397579242098017,0.04610223878384839,0.6666666666666666,后备 后备箱 储备,后备箱 储备 后备,后备 储备 后备箱,后备 后备箱 储备
675,1,,0.0,0.0,催,催,催,催
676,22,0.48292177571918876,0.016663176761023343,0.4090909090909091,劝告 劝 劝说 告诫 嘱咐 叮嘱 恳求 催促 劝阻 哀求 吩咐 提醒,催促 安慰 逼迫 警告 提醒 告知 说服 告诉,哀求 劝 示意 再三 敦促 告诉 告诫 劝阻 劝说 说服 安慰 叮嘱,劝告 劝 劝说 告诫 嘱咐 叮嘱 恳求 催促 劝阻 哀求 吩咐 提醒 说服 告诉 示意 转告 敦促 告知 警告 再三 安慰 逼迫
677,2,0.48225055499951563,0.10369021981402882,0.0,催眠 睡眠,睡眠 催眠,睡眠 催眠,催眠 睡眠
678,3,0.40696511830227694,0.018108077866920872,0.6666666666666666,傲 酷 腾,酷 腾 傲,傲 酷 腾,傲 酷 腾
679,12,0.47897942551787964,0.01135828271026365,0.25,妖怪 鬼 笨蛋 疯子 坏人 怪物 巫婆 小丑 家伙 傻瓜 小人 魔鬼,家伙 小人 小丑 疯子 坏人 怪物 鬼 妖怪,疯子 笨蛋 傻瓜 小人 小丑 鬼 怪物 魔鬼 巫婆 家伙 妖怪 坏人,妖怪 鬼 笨蛋 疯子 坏人 怪物 巫婆 小丑 家伙 傻瓜 小人 魔鬼
680,2,0.4558695155987025,0.12531393410423955,0.0,现成 像样,现成 像样,现成 像样,现成 像样
681,7,0.4850001368043436,0.08443113552433124,0.14285714285714285,局面 局势 格局 形势 势头 趋势 僵局,僵局 形势 势头 趋势 局面 格局 局势,僵局 趋势 局面 势头 形势 格局 局势,局面 局势 格局 形势 势头 趋势 僵局
682,3,0.4584732179697825,0.0648972015770394,0.3333333333333333,元素 要素 成分,成分 要素 元素,成分 元素 要素,元素 要素 成分
683,6,0.4757691060483395,0.10507817359691614,0.0,弟子 大师 前辈 徒弟 泰斗 元老,元老 徒弟 前辈 泰斗 弟子 大师,弟子 大师 泰斗 徒弟 前辈 元老,弟子 大师 前辈 徒弟 泰斗 元老
684,4,0.4858395307601137,0.1496012881372059,0.25,首脑 元首 总理 高层,高层 总理 元首 首脑,总理 高层 首脑 元首,首脑 元首 总理 高层
685,7,0.4772548520591086,0.07734058496625744,0.2857142857142857,充电 充电器 电源 电池 电网 发电机 充,电网 发电机 充 充电器 电池 充电 电源,充 电网 充电器 电源 电池 发电机 充电,充电 充电器 电源 电池 电网 发电机 充
686,3,0.44853124536860123,0.09815248587970686,0.0,足够 充分 足,充分 足 足够,足够 足 充分,足够 充分 足
687,1,,0.0,0.0,充实,充实,充实,充实
688,1,,0.0,0.0,充当,充当,充当,充当
689,5,0.5194771163807832,0.07121683513774017,0.4,充沛 充足 旺盛 强劲 饱满,旺盛 充足 强劲 饱满 充沛,旺盛 强劲 充足 充沛 饱满,充沛 充足 旺盛 强劲 饱满
690,3,0.4844122128964287,0.04849543302806871,0.3333333333333333,充满 十足 毫无,毫无 充满 十足,充满 毫无 十足,充满 十足 毫无
691,5,0.5106768474793324,0.15823224604902858,0.0,预兆 兆头 苗头 迹象 预感,迹象 预感 苗头 兆头 预兆,迹象 苗头 预感 预兆 兆头,预兆 兆头 苗头 迹象 预感
692,2,0.6369495024669072,0.3739443885379413,0.0,首先 先,先 首先,先 首先,首先 先
693,6,0.5470114444107846,0.19153496499326128,0.0,相继 陆续 纷纷 先后 率先 竞相,竞相 纷纷 率先 先后 陆续 相继,竞相 陆续 相继 率先 先后 纷纷,相继 陆续 纷纷 先后 率先 竞相
694,2,0.5701707203300226,0.3074420301835904,0.0,后天 先天,先天 后天,后天 先天,后天 先天
695,4,0.5176268790246589,0.20413077964613924,0.0,女士 先生 小姐 夫人,夫人 小姐 先生 女士,小姐 夫人 女士 先生,女士 先生 小姐 夫人
696,2,0.45276567651270994,0.059710742862840935,0.0,引进 先进,先进 引进,引进 先进,引进 先进
697,3,0.4776885071094567,0.10732285484536758,0.0,领军 领先 先锋,先锋 领先 领军,先锋 领军 领先,领军 领先 先锋
698,3,0.46263377086328367,0.09064528229070622,0.3333333333333333,光线 阳光 光,阳光 光 光线,阳光 光线 光,光线 阳光 光
699,2,0.6768213668131775,0.4670303130616802,0.0,光临 光顾,光临 光顾,光临 光顾,光临 光顾
700,4,0.4662474075773539,0.10067482583951658,0.25,光明 黎明 曙光 黑暗,黑暗 曙光 黎明 光明,光明 黎明 曙光 黑暗,光明 黎明 曙光 黑暗
701,5,0.5254519250649512,0.1380882203572464,0.0,大公无私 高尚 无私 崇高 光明磊落,崇高 光明磊落 无私 高尚 大公无私,光明磊落 无私 崇高 高尚 大公无私,大公无私 高尚 无私 崇高 光明磊落
702,6,0.49687523582610604,0.10324776160095128,0.0,光滑 光泽 坚硬 棱角 质地 轮廓,质地 轮廓 坚硬 棱角 光泽 光滑,光滑 光泽 质地 轮廓 棱角 坚硬,光滑 光泽 坚硬 棱角 质地 轮廓
703,3,0.4477140748003617,0.08707002522039888,0.0,头衔 光环 显赫,显赫 光环 头衔,光环 显赫 头衔,头衔 光环 显赫
704,12,0.4671031660757309,0.05631605524264296,0.4166666666666667,磁带 光盘 录音 光碟 录音机 录像 音像 盗版 录制 唱片 正版 话筒,话筒 录制 盗版 唱片 正版 录像 录音机 录音,正版 唱片 光盘 录音机 光碟 录制 录像 音像 磁带 话筒 录音 盗版,磁带 光盘 录音 光碟 录音机 录像 音像 盗版 录制 唱片 正版 话筒
705,8,0.4927977790155738,0.1236746669942292,0.0,通信 通讯 电讯 电信 无线电 无线 光缆 天线,天线 无线电 光缆 电信 无线 通讯 电讯 通信,通信 光缆 通讯 无线 电信 天线 无线电 电讯,通信 通讯 电讯 电信 无线电 无线 光缆 天线
706,2,0.4507854122140217,0.08178249436104275,0.0,戒备 克制,戒备 克制,克制 戒备,戒备 克制
707,9,0.452450642485399,0.006158349637771534,0.3333333333333333,破除 破解 解决 克服 解开 摆脱 打破 扭转 解,解 打破 扭转 摆脱 解决 破解 解开 克服,扭转 解开 解决 克服 解 打破 破解 摆脱 破除,破除 破解 解决 克服 解开 摆脱 打破 扭转 解
708,4,0.4435244209256262,0.02068144159846578,0.25,克隆 移植 胚胎 复制,胚胎 复制 移植 克隆,克隆 移植 胚胎 复制,克隆 移植 胚胎 复制
709,2,0.600306629035095,0.35700999521238597,0.0,免除 免,免除 免,免 免除,免除 免
710,12,0.4729953797124788,0.029951434306688837,0.3333333333333333,药物 抗生素 激素 药片 注射 剂 服用 疫苗 安眠药 疗法 药水 免疫,安眠药 药物 药片 药水 注射 疗法 免疫 剂,疗法 激素 剂 免疫 药片 药物 安眠药 药水 服用 疫苗 注射 抗生素,药物 抗生素 激素 药片 注射 剂 服用 疫苗 安眠药 疗法 药水 免疫
711,3,0.5482080269484828,0.2426771644733007,0.0,承诺 诺言 兑现,兑现 诺言 承诺,诺言 承诺 兑现,承诺 诺言 兑现
712,1,,0.0,0.0,党,党,党,党
713,10,0.46292901430575756,0.06543377530429621,0.3,袋 口袋 筐 兜儿 盒子 包 盒 箱 钱包 兜,兜 钱包 箱 盒 包 兜儿 筐 盒子,盒子 兜 包 钱包 箱 筐 盒 口袋 袋 兜儿,袋 口袋 筐 兜儿 盒子 包 盒 箱 钱包 兜
714,4,0.5123810334857181,0.1413428056597932,0.25,入 进入 进 涌入,涌入 进 进入 入,涌入 入 进入 进,入 进入 进 涌入
715,9,0.4589349205188998,0.03389340705370895,0.4444444444444444,进攻 攻击 反击 轰炸 攻 挑衅 牵制 入侵 掩护,挑衅 入侵 掩护 牵制 攻 轰炸 反击 进攻,牵制 入侵 攻 进攻 攻击 轰炸 反击 挑衅 掩护,进攻 攻击 反击 轰炸 攻 挑衅 牵制 入侵 掩护
716,2,0.4655209771055202,0.12585100726510656,0.0,入口 流量,流量 入口,流量 入口,入口 流量
717,3,0.4672253619653219,0.11368185236894311,0.0,名额 入场券 资格,名额 资格 入场券,资格 入场券 名额,名额 入场券 资格
718,6,0.488918196458082,0.06829803955723752,0.5,出境 入境 出国 签证 过境 外出,签证 外出 过境 入境 出国 出境,签证 入境 出国 出境 外出 过境,出境 入境 出国 签证 过境 外出
719,3,0.47985436749101584,0.13241899763245207,0.0,出发 入手 角度,角度 出发 入手,入手 出发 角度,出发 入手 角度
720,4,0.412118741714191,0.01097759984734575,0.75,名单 列入 入选 清单,清单 列入 入选 名单,入选 清单 列入 名单,名单 列入 入选 清单
721,2,0.4607315527104662,0.06295703902699919,0.0,门槛 入门,入门 门槛,入门 门槛,门槛 入门
722,1,,0.0,0.0,全,全,全,全
723,2,0.5636784188864532,0.2718748551308722,0.0,全体 广大,全体 广大,全体 广大,全体 广大
724,20,0.48878390352033146,0.06668123274342873,0.2,尽力 竭力 竭尽全力 全力 极力 想方设法 努力 千方百计 设法 全力以赴 力求 着力,着力 大力 拼命 尽可能 奋力 全力以赴 致力于 试图,致力于 着力 全力 大力 千方百计 极力 尽力 竭尽全力 想方设法 力求 奋力 力争,尽力 竭力 竭尽全力 全力 极力 想方设法 努力 千方百计 设法 全力以赴 力求 着力 力争 试图 致力于 奋力 尽量 大力 拼命 尽可能
725,3,0.4700301126757518,0.11395542825060297,0.0,家庭 大家庭 全家,全家 大家庭 家庭,全家 大家庭 家庭,家庭 大家庭 全家
726,4,0.5351513493582553,0.20626990905555503,0.0,大局 全局 顾全大局 长远,长远 顾全大局 大局 全局,长远 大局 全局 顾全大局,大局 全局 顾全大局 长远
727,4,0.48290698153862427,0.17464450231312664,0.0,年度 全年 年终 季度,季度 全年 年终 年度,年度 年终 全年 季度,年度 全年 年终 季度
728,3,0.3934144894527294,-0.01330532797524861,0.6666666666666666,详细 具体 全文,全文 具体 详细,全文 具体 详细,详细 具体 全文
729,6,0.46649241124666874,0.07193614453133998,0.3333333333333333,全新 新型 崭新 新 新式 新兴,新式 新兴 新 新型 崭新 全新,新 新式 新型 新兴 全新 崭新,全新 新型 崭新 新 新式 新兴
730,3,0.4887294875062791,0.13521981025436403,0.0,全面 全方位 彻底,全方位 彻底 全面,彻底 全方位 全面,全面 全方位 彻底
731,1,,0.0,0.0,全程,全程,全程,全程
732,1,,0.0,0.0,八卦,八卦,八卦,八卦
733,1,,0.0,0.0,公,公,公,公
734,9,0.5242870076935915,0.13679592735028617,0.1111111111111111,王后 皇帝 皇后 国王 公主 王子 皇室 皇上 大臣,皇室 皇上 大臣 皇帝 王子 公主 国王 皇后,皇室 皇帝 皇后 皇上 国王 大臣 公主 王子 王后,王后 皇帝 皇后 国王 公主 王子 皇室 皇上 大臣
735,4,0.5099197335555795,0.09172012945645129,0.0,廉政 廉洁 纪律 公仆,廉洁 纪律 公仆 廉政,廉政 廉洁 公仆 纪律,廉政 廉洁 纪律 公仆
736,14,0.4905359339395847,0.047937224672420044,0.42857142857142855,观众 影迷 歌迷 球迷 听众 网民 民众 读者 粉丝 网友 市民 股民,民众 市民 迷 公众 股民 读者 粉丝 网民,网友 网民 读者 股民 球迷 市民 听众 迷 观众 民众 影迷 歌迷,观众 影迷 歌迷 球迷 听众 网民 民众 读者 粉丝 网友 市民 股民 公众 迷
737,1,,0.0,0.0,公元,公元,公元,公元
738,2,0.4808199474624897,0.13117338890023578,0.0,公益性 公共,公共 公益性,公益性 公共,公益性 公共
739,3,0.5272188788876034,0.19692112479162352,0.0,公共场所 场所 场合,场合 公共场所 场所,公共场所 场所 场合,公共场所 场所 场合
740,2,0.5096972342278728,0.15413127154626674,0.0,公关 广告,公关 广告,广告 公关,公关 广告
741,4,0.4866198590996466,0.06549801542842759,0.25,公务 公车 公费 公务员,公费 公务员 公车 公务,公务员 公费 公车 公务,公务 公车 公费 公务员
742,4,0.4622866098471876,0.06162724343564001,0.5,公司 股份 集团 股东,股东 股份 公司 集团,股份 股东 公司 集团,公司 股份 集团 股东
743,4,0.5574764976978634,0.23747077134230768,0.0,通知 通告 公告 通知书,公告 通告 通知书 通知,通告 通知书 公告 通知,通知 通告 公告 通知书
744,17,0.49833316123958465,0.10408717911333784,0.23529411764705882,墓 坟墓 墓地 坟 墓碑 葬 公墓 遗物 遗体 陪葬 尸体 棺材,庙 葬礼 碑 遗体 尸体 出土 遗址 棺材,尸体 墓地 坟 墓 庙 葬礼 碑 棺材 陪葬 遗体 遗址 葬,墓 坟墓 墓地 坟 墓碑 葬 公墓 遗物 遗体 陪葬 尸体 棺材 遗址 碑 葬礼 庙 出土
745,4,0.4009572995039627,-0.010629472184213971,0.75,披露 公布 公开 披,披 公开 公布 披露,披 披露 公开 公布,披露 公布 公开 披
746,6,0.4497861495195033,0.025178136146161222,0.5,理论 原理 学说 公式 模型 概论,概论 模型 公式 学说 原理 理论,模型 原理 理论 公式 学说 概论,理论 原理 学说 公式 模型 概论
747,16,0.4604009891853552,-0.05416217677302843,0.5,盗窃 诈骗 受贿 贿赂 贪污 走私 犯罪 敲诈 钱财 财物 团伙 公款,罪犯 钱财 团伙 窃取 公款 回扣 犯罪 毒品,窃取 犯罪 贪污 敲诈 贿赂 团伙 财物 毒品 受贿 诈骗 回扣 盗窃,盗窃 诈骗 受贿 贿赂 贪污 走私 犯罪 敲诈 钱财 财物 团伙 公款 毒品 回扣 罪犯 窃取
748,3,0.46568633799850195,0.0760003579821155,0.3333333333333333,公民 国民 平民,平民 国民 公民,国民 公民 平民,公民 国民 平民
749,16,0.49362903095086375,0.04106474517709477,0.5,捐助 捐赠 捐款 募捐 慈善 捐 捐献 资助 援助 救灾 爱心 公益,灾区 公益 救济 救灾 援助 拨款 爱心 资助,赞助 捐 捐助 捐款 捐献 资助 灾区 捐赠 慈善 拨款 救灾 救济,捐助 捐赠 捐款 募捐 慈善 捐 捐献 资助 援助 救灾 爱心 公益 救济 赞助 拨款 灾区
750,1,,0.0,0.0,公积金,公积金,公积金,公积金
751,4,0.5879598810359765,0.24783138088046858,0.0,私立 公立 民办 幼儿园,幼儿园 民办 公立 私立,幼儿园 私立 民办 公立,私立 公立 民办 幼儿园
752,4,0.5344114059210244,0.2096936945658086,0.0,条约 公约 条款 契约,契约 条款 公约 条约,条约 条款 契约 公约,条约 公约 条款 契约
753,2,0.518269167500192,0.1877633926691196,0.0,公认 当之无愧,当之无愧 公认,公认 当之无愧,公认 当之无愧
754,2,0.47095298602165137,0.12225500313899827,0.0,共享 分享,分享 共享,共享 分享,共享 分享
755,3,0.5432469760692406,0.2002721395405331,0.0,同盟 联盟 共同体,共同体 联盟 同盟,联盟 同盟 共同体,同盟 联盟 共同体
756,6,0.49245524337721786,0.13489129544797127,0.0,特性 属性 特征 性质 性 共性,特征 共性 性质 性 特性 属性,共性 性质 性 属性 特征 特性,特性 属性 特征 性质 性 共性
757,6,0.46557988083096263,0.02125449764686291,0.16666666666666666,掌声 热烈 反响 共鸣 经久不息 好评,反响 经久不息 好评 共鸣 掌声 热烈,热烈 经久不息 反响 掌声 共鸣 好评,掌声 热烈 反响 共鸣 经久不息 好评
758,3,0.3881323301294037,-0.013521428680450512,0.6666666666666666,过关 及格 关,关 及格 过关,关 及格 过关,过关 及格 关
759,5,0.5278168706327582,0.009538762655715318,0.2,关掉 关闭 关上 关机 闭,关机 关上 关闭 闭 关掉,关上 关掉 关机 闭 关闭,关掉 关闭 关上 关机 闭
760,2,0.5001066869300398,0.13122908038621642,0.0,有关 关于,有关 关于,关于 有关,有关 关于
761,9,0.5313098638257754,0.15482998304978668,0.0,注意 留心 提防 小心 当心 留神 警惕 留意 关注,关注 小心 警惕 留神 留心 当心 留意 提防,关注 当心 小心 注意 警惕 留心 提防 留意 留神,注意 留心 提防 小心 当心 留神 警惕 留意 关注
762,4,0.5277607370847678,0.20687325953871208,0.0,密切 紧密 联系 关系,关系 联系 紧密 密切,密切 紧密 联系 关系,密切 紧密 联系 关系
763,1,,0.0,0.0,兴奋剂,兴奋剂,兴奋剂,兴奋剂
764,7,0.4786419926994911,0.0632787438410681,0.2857142857142857,富裕 富强 富足 昌盛 兴旺 小康 富,兴旺 富 昌盛 小康 富强 富足 富裕,富 昌盛 小康 兴旺 富强 富足 富裕,富裕 富强 富足 昌盛 兴旺 小康 富
765,3,0.5299735740410588,0.1377862699767791,0.3333333333333333,胃口 食欲 兴致,兴致 食欲 胃口,食欲 胃口 兴致,胃口 食欲 兴致
766,6,0.4354600000813837,-0.023582235055754765,0.5,发源地 根源 起源 源头 源泉 兴起,兴起 根源 源泉 起源 源头 发源地,根源 兴起 源泉 源头 发源地 起源,发源地 根源 起源 源头 源泉 兴起
767,14,0.48983507655676906,0.06428672079110773,0.21428571428571427,军官 海军 空军 士兵 部队 军队 陆军 军人 官兵 兵 军事 后勤,士兵 军事 战士 后勤 国防 兵 海军 军官,兵 海军 空军 官兵 后勤 部队 军队 陆军 战士 国防 军官 士兵,军官 海军 空军 士兵 部队 军队 陆军 军人 官兵 兵 军事 后勤 战士 国防
768,1,,0.0,0.0,其,其,其,其
769,4,0.5388652041858283,0.17441848265191592,0.0,剩下 剩余 剩 其余,剩余 其余 剩 剩下,剩余 剩下 剩 其余,剩下 剩余 剩 其余
770,1,,0.0,0.0,其间,其间,其间,其间
771,2,0.5241972262955819,0.14531472708397153,0.0,常见 典型,典型 常见,典型 常见,常见 典型
772,3,0.45134927964706656,0.07230549184242585,0.0,勒 兹 托,兹 托 勒,兹 勒 托,勒 兹 托
773,13,0.49981070100671204,0.08146384492429207,0.3076923076923077,饲养 喂养 奶牛 家禽 养殖 饲料 牲畜 猪 养 繁殖 喂 宠物,繁殖 养 奶 宠物 喂 饲料 猪 牲畜,养 喂 奶 猪 宠物 奶牛 饲料 饲养 牲畜 繁殖 养殖 家禽,饲养 喂养 奶牛 家禽 养殖 饲料 牲畜 猪 养 繁殖 喂 宠物 奶
774,10,0.46812459650267524,0.032786839092367695,0.3,活儿 干活儿 挣 干 能干 忙活 养活 活 苦力 勤快,勤快 忙活 挣 苦力 能干 活 干 养活,干 干活儿 挣 活 能干 活儿 忙活 苦力 养活 勤快,活儿 干活儿 挣 干 能干 忙活 养活 活 苦力 勤快
775,5,0.47989850094831504,0.01592856364949754,0.6,养老 养老金 养老院 退休 社区,养老金 退休 社区 养老院 养老,养老 退休 养老金 养老院 社区,养老 养老金 养老院 退休 社区
776,3,0.43223637720317437,0.027679886979495135,0.3333333333333333,兼容 并行 兼顾,并行 兼顾 兼容,兼容 并行 兼顾,兼容 并行 兼顾
777,4,0.48197665899412384,0.04423410221535443,0.5,内部 内外 外部 内,外部 内 内外 内部,内 内部 外部 内外,内部 内外 外部 内
778,1,,0.0,0.0,内向,内向,内向,内向
779,2,0.48402993377551595,0.1154192937149478,0.0,潜在 内在,潜在 内在,潜在 内在,潜在 内在
780,14,0.4761877877279002,0.008667051272437578,0.5,硬盘 显示器 屏幕 键盘 鼠标 电脑 按键 磁盘 笔记本 液晶 打印机 内存,打印机 笔记本 服务器 键 内存 电脑 鼠标 按键,显示器 按键 键盘 服务器 打印机 硬盘 键 磁盘 内存 笔记本 鼠标 屏幕,硬盘 显示器 屏幕 键盘 鼠标 电脑 按键 磁盘 笔记本 液晶 打印机 内存 服务器 键
781,3,0.40472412951732056,-0.02125621973511485,0.6666666666666666,视频 字幕 内容,字幕 内容 视频,视频 内容 字幕,视频 字幕 内容
782,3,0.4517406330721722,0.051473352850287486,0.3333333333333333,幕后 背后 内幕,内幕 背后 幕后,背后 内幕 幕后,幕后 背后 内幕
783,3,0.6394131550132014,0.40957453791919946,0.0,内行 外行 行家,行家 外行 内行,内行 行家 外行,内行 外行 行家
784,3,0.49518026399182696,0.12636853277245996,0.0,需求 消费 内需,需求 内需 消费,内需 消费 需求,需求 消费 内需
785,3,0.45271113667037405,0.08566740762631155,0.0,册 卷 页,卷 册 页,册 卷 页,册 卷 页
786,2,0.46536074832899954,0.11203121157472043,0.0,循环 再生,再生 循环,再生 循环,循环 再生
787,1,,0.0,0.0,冒,冒,冒,冒
788,4,0.4560201663474484,0.049712059423932246,0.25,冒昧 抱歉 孤陋寡闻 荣幸,荣幸 抱歉 孤陋寡闻 冒昧,抱歉 孤陋寡闻 荣幸 冒昧,冒昧 抱歉 孤陋寡闻 荣幸
789,8,0.47445177455109927,0.03831006266736952,0.375,打搅 打扰 耽搁 怠慢 耽误 理睬 推辞 冒犯,冒犯 理睬 耽误 推辞 耽搁 怠慢 打搅 打扰,耽搁 打扰 打搅 理睬 冒犯 推辞 耽误 怠慢,打搅 打扰 耽搁 怠慢 耽误 理睬 推辞 冒犯
790,2,0.5217515499205292,0.19375381991132318,0.0,冒险 危险,危险 冒险,危险 冒险,冒险 危险
791,7,0.49775002894983295,0.05492313365725044,0.2857142857142857,枯燥 单调 粗糙 生硬 冗长 简单 笨重,简单 冗长 粗糙 笨重 生硬 单调 枯燥,粗糙 简单 笨重 冗长 单调 生硬 枯燥,枯燥 单调 粗糙 生硬 冗长 简单 笨重
792,2,0.6841475958450305,0.44392566134497463,0.0,写照 缩影,缩影 写照,写照 缩影,写照 缩影
793,4,0.5841257935353587,0.24876808594061167,0.0,牧场 农场 庄园 果园,果园 庄园 农场 牧场,果园 牧场 庄园 农场,牧场 农场 庄园 果园
794,5,0.4834795450192907,0.07888215078289443,0.0,怨 愁 苦 冤 忍,忍 苦 冤 愁 怨,冤 忍 怨 愁 苦,怨 愁 苦 冤 忍
795,14,0.5414966454975025,0.2151090801289591,0.14285714285714285,冬季 夏季 春季 秋季 秋天 夏天 冬天 季节 春天 时节 四季 旺季,旺季 季 淡季 四季 时节 冬天 春天 季节,季 冬季 冬天 四季 季节 旺季 时节 淡季 春天 春季 秋天 秋季,冬季 夏季 春季 秋季 秋天 夏天 冬天 季节 春天 时节 四季 旺季 淡季 季
796,4,0.49974313300536605,0.10076879920779959,0.0,冰 冰雪 冰山 融化,融化 冰山 冰雪 冰,冰雪 冰 冰山 融化,冰 冰雪 冰山 融化
797,11,0.5236268246780994,0.1631256367529079,0.09090909090909091,洗衣机 冰箱 热水器 彩电 电饭锅 空调 微波炉 电视机 家电 电器 水槽,水槽 电视机 电器 电饭锅 家电 空调 冰箱 微波炉,热水器 微波炉 彩电 电器 洗衣机 空调 电饭锅 冰箱 水槽 家电 电视机,洗衣机 冰箱 热水器 彩电 电饭锅 空调 微波炉 电视机 家电 电器 水槽
798,4,0.4238733916070112,0.0635997728680005,0.25,冲击 挑战 考验 冲,冲 考验 挑战 冲击,冲 挑战 冲击 考验,冲击 挑战 考验 冲
799,11,0.47389634505613143,0.003792403158900434,0.5454545454545454,愿望 想法 念头 心愿 意愿 欲望 动机 意图 冲动 初衷 心意,初衷 意愿 心愿 欲望 心意 想法 冲动 意图,心意 心愿 冲动 意图 意愿 初衷 想法 欲望 动机 愿望 念头,愿望 想法 念头 心愿 意愿 欲望 动机 意图 冲动 初衷 心意
800,6,0.49805061571490417,0.09838094034387011,0.3333333333333333,撞击 碰撞 冲撞 摩擦 碰 接触,接触 碰 碰撞 摩擦 冲撞 撞击,撞击 碰 冲撞 摩擦 碰撞 接触,撞击 碰撞 冲撞 摩擦 碰 接触
801,11,0.5013543932354413,0.042307776117107135,0.2727272727272727,洗 清洗 冲洗 干净 消毒 清洁 洁净 打扫 洗澡 洗涤剂 烘干,洗澡 打扫 消毒 干净 烘干 清洁 洗涤剂 洁净,洗 洗澡 冲洗 烘干 清洁 清洗 洁净 消毒 打扫 干净 洗涤剂,洗 清洗 冲洗 干净 消毒 清洁 洁净 打扫 洗澡 洗涤剂 烘干
802,15,0.47714989959308424,0.031575090788595155,0.4,爬山 登山 野炊 野营 郊游 野餐 探险 打猎 徒步 野外 划船 钓鱼,划船 徒步 潜水 探险 户外 冲浪 爬山 野营,登山 野餐 野营 潜水 冲浪 探险 郊游 户外 爬山 钓鱼 打猎 野外,爬山 登山 野炊 野营 郊游 野餐 探险 打猎 徒步 野外 划船 钓鱼 潜水 冲浪 户外
803,3,0.4476772241070215,0.04428482504021237,0.0,拍板 决定 决策,决策 决定 拍板,拍板 决策 决定,拍板 决定 决策
804,2,0.465645703900434,0.09299637468454597,0.0,决议 议,决议 议,决议 议,决议 议
805,4,0.5354586640890814,0.19174691525678517,0.0,冷 凉 热 闷,闷 凉 热 冷,冷 凉 热 闷,冷 凉 热 闷
806,4,0.4612695097425485,0.06753249259373337,0.5,战争 冷战 战场 核武器,核武器 战场 冷战 战争,核武器 冷战 战场 战争,战争 冷战 战场 核武器
807,7,0.5516061455689597,0.2099084795923249,0.0,凉水 开水 冷水 热水 泡 沏 盆,盆 泡 沏 热水 开水 冷水 凉水,盆 热水 泡 沏 开水 冷水 凉水,凉水 开水 冷水 热水 泡 沏 盆
808,8,0.4764736909310022,0.014032579995066735,0.5,平淡 平静 冷淡 沉闷 清淡 沉默 寂静 淡,冷淡 淡 寂静 沉闷 沉默 平静 清淡 平淡,淡 清淡 寂静 冷淡 平静 沉闷 沉默 平淡,平淡 平静 冷淡 沉闷 清淡 沉默 寂静 淡
809,1,,0.0,0.0,冷落,冷落,冷落,冷落
810,4,0.5192178322366453,0.1894635674400017,0.0,冷门 热门 爆冷门 黑马,爆冷门 热门 黑马 冷门,黑马 冷门 热门 爆冷门,冷门 热门 爆冷门 黑马
811,7,0.5141801283496532,0.1319892785354687,0.0,理智 冷静 理性 谨慎 慎重 明智 果断,果断 明智 冷静 谨慎 理性 慎重 理智,果断 明智 冷静 慎重 谨慎 理智 理性,理智 冷静 理性 谨慎 慎重 明智 果断
812,27,0.45763766544781015,-0.03901352488495521,0.6296296296296297,拌 煎 蘸 蒸 浇 淋 烫 熬 糊 搅拌 烧 搅,涂 洒 烧 沾 浇 浸泡 炒 冻,搅拌 冻 糊 熬 熏 煲 煎 炸 炒 烫 烧 搅,拌 煎 蘸 蒸 浇 淋 烫 熬 糊 搅拌 烧 搅 裹 锅 熏 炸 浸泡 掺 沾 洒 抹 煲 涂 炒 撒 冻 加热
813,2,0.48412095975756,0.1282610712388828,0.0,解除 冻结,解除 冻结,冻结 解除,解除 冻结
814,1,,0.0,0.0,净,净,净,净
815,2,0.48528152947142034,0.1170252769380475,0.0,美化 净化,净化 美化,净化 美化,美化 净化
816,4,0.44450802046742677,0.05673393219909893,0.25,降 减 增 准,准 降 增 减,准 减 增 降,降 减 增 准
817,11,0.4544148493306672,0.0374539723018782,0.2727272727272727,法规 规则 规定 条例 规范 法律 准则 规矩 刑法 标准 秩序,标准 刑法 秩序 规矩 条例 法律 规范 准则,法律 规范 条例 法规 准则 规定 规则 规矩 刑法 秩序 标准,法规 规则 规定 条例 规范 法律 准则 规矩 刑法 标准 秩序
818,2,0.6333339331587493,0.40580525195594397,0.0,预备 准备,准备 预备,准备 预备,预备 准备
819,11,0.47090045466154923,-0.005165994550512382,0.45454545454545453,清晰 准确 确切 清楚 详尽 精确 明确 透彻 直观 贴切 明朗,透彻 明朗 明确 详尽 直观 贴切 清楚 清晰,详尽 确切 明确 透彻 明朗 清晰 清楚 直观 准确 贴切 精确,清晰 准确 确切 清楚 详尽 精确 明确 透彻 直观 贴切 明朗
820,6,0.4970500793490739,0.07960138100035948,0.16666666666666666,补助 补贴 奖励 扶持 减免 补偿,减免 补偿 扶持 奖励 补助 补贴,补偿 补助 补贴 奖励 减免 扶持,补助 补贴 奖励 扶持 减免 补偿
821,1,,0.0,0.0,减压,减压,减压,减压
822,14,0.49120188692961564,0.060053548947555456,0.2857142857142857,减少 降低 增大 增加 减轻 减弱 加重 加剧 削弱 缓解 缩小 缩短,缩小 增多 抵消 缩短 削弱 缓解 减弱 增大,加重 增多 增大 增加 缓解 抵消 加剧 减轻 降低 减少 减弱 缩小,减少 降低 增大 增加 减轻 减弱 加重 加剧 削弱 缓解 缩小 缩短 增多 抵消
823,3,0.5071629985969751,0.16909368981170717,0.0,凑合 勉强 凑,凑 勉强 凑合,凑 勉强 凑合,凑合 勉强 凑
824,5,0.4912977860073635,0.0410242033489685,0.2,凝固 溶解 结晶 沉淀 浓缩,结晶 沉淀 溶解 浓缩 凝固,沉淀 溶解 结晶 凝固 浓缩,凝固 溶解 结晶 沉淀 浓缩
825,9,0.49879521841166885,0.13388919085011639,0.2222222222222222,汇聚 聚集 汇集 集结 凝聚 集合 聚 汇合 集中,聚 集中 汇合 集合 凝聚 汇集 集结 汇聚,集中 汇集 集结 汇聚 汇合 凝聚 聚 聚集 集合,汇聚 聚集 汇集 集结 凝聚 集合 聚 汇合 集中
826,6,0.474422335226793,0.15524620891491073,0.0,几率 成功率 概率 率 效率 难度,效率 难度 率 概率 成功率 几率,概率 率 效率 几率 成功率 难度,几率 成功率 概率 率 效率 难度
827,2,0.7177595778620118,0.5033373099882588,0.0,凡 凡是,凡 凡是,凡 凡是,凡 凡是
828,1,,0.0,0.0,凤凰,凤凰,凤凰,凤凰
829,1,,0.0,0.0,凯歌,凯歌,凯歌,凯歌
830,4,0.5327065570225343,0.2128949334308194,0.0,猛 凶猛 凶 狠,凶猛 凶 狠 猛,凶 猛 狠 凶猛,猛 凶猛 凶 狠
831,12,0.45784702952113915,0.05755253799955826,0.0,凹 圆形 斜 凸 圆 弯 扁 形 竖 拱 尖 横,拱 弯 斜 横 尖 凸 竖 形,圆形 凹 凸 圆 尖 弯 形 竖 斜 扁 拱 横,凹 圆形 斜 凸 圆 弯 扁 形 竖 拱 尖 横
832,1,,0.0,0.0,出,出,出,出
833,6,0.5280190680094631,0.20660555673399206,0.0,来源于 源于 出自 来自 出于 来源,来源 出于 来自 源于 出自 来源于,出自 来自 出于 源于 来源 来源于,来源于 源于 出自 来自 出于 来源
834,7,0.5267464210742839,0.1624848190922073,0.2857142857142857,意料之外 意料 出人意料 意外 惊喜 意想不到 喜出望外,喜出望外 意想不到 惊喜 出人意料 意外 意料 意料之外,惊喜 出人意料 意外 意料 意料之外 意想不到 喜出望外,意料之外 意料 出人意料 意外 惊喜 意想不到 喜出望外
835,5,0.5410035936005051,0.22726510185203522,0.0,来往 往来 进出 出入 往返,往返 进出 出入 往来 来往,往来 进出 出入 来往 往返,来往 往来 进出 出入 往返
836,2,0.5529603611760386,0.23684366069733492,0.0,出示 出具,出具 出示,出具 出示,出示 出具
837,5,0.4646135875657892,0.015913017644571717,0.4,动员 发动 调动 出动 开动,开动 调动 发动 出动 动员,开动 发动 出动 动员 调动,动员 发动 调动 出动 开动
838,6,0.4767849648207521,0.057292458124288285,0.16666666666666666,目的 出发点 宗旨 本意 前提 原则,本意 前提 原则 目的 出发点 宗旨,宗旨 本意 目的 原则 前提 出发点,目的 出发点 宗旨 本意 前提 原则
839,4,0.47676822228304766,0.08286303971977985,0.0,滔滔不绝 夸夸其谈 引经据典 出口成章,夸夸其谈 滔滔不绝 引经据典 出口成章,引经据典 夸夸其谈 出口成章 滔滔不绝,滔滔不绝 夸夸其谈 引经据典 出口成章
840,14,0.48490118367061086,0.10380175101809457,0.07142857142857142,实施 实行 制定 推行 制订 施行 出台 试行 颁布 落实 贯彻 开展,落实 开展 出台 执行 贯彻 采取 制订 颁布,颁布 制订 实施 开展 试行 落实 制定 采取 出台 施行 执行 推行,实施 实行 制定 推行 制订 施行 出台 试行 颁布 落实 贯彻 开展 采取 执行
841,2,0.46815147396236756,0.15530016788470263,0.0,出山 归来,出山 归来,出山 归来,出山 归来
842,1,,0.0,0.0,出毛病,出毛病,出毛病,出毛病
843,10,0.47080711009976545,0.059963114383342966,0.3,报刊 报纸 刊物 杂志 报社 出版 出版社 日报 晚报 图书,日报 图书 晚报 出版社 出版 杂志 报社 报纸,日报 图书 晚报 报刊 报纸 报社 刊物 出版 出版社 杂志,报刊 报纸 刊物 杂志 报社 出版 出版社 日报 晚报 图书
844,4,0.5280635265928099,0.17633052742651448,0.25,租赁 租 出租 抵押,抵押 出租 租 租赁,租 抵押 租赁 出租,租赁 租 出租 抵押
845,3,0.45407149460508617,0.09215213370126911,0.0,衣食住行 吃喝玩乐 出行,出行 吃喝玩乐 衣食住行,衣食住行 出行 吃喝玩乐,衣食住行 吃喝玩乐 出行
846,5,0.4961913575602117,0.16246607611923766,0.0,筹集 筹措 集资 筹 出资,出资 筹 集资 筹措 筹集,筹 集资 出资 筹集 筹措,筹集 筹措 集资 筹 出资
847,3,0.4595860806902204,0.02769834076252443,0.6666666666666666,路子 出路 甜头,出路 甜头 路子,甜头 出路 路子,路子 出路 甜头
848,1,,0.0,0.0,出道,出道,出道,出道
849,3,0.41486356071786473,-0.025687924814445342,0.6666666666666666,说情 走后门 出面,出面 走后门 说情,走后门 出面 说情,说情 走后门 出面
850,9,0.4271293879930108,-0.06514321754831784,0.7777777777777778,锯 磨 凿 绞 剪 削 筋 钩 打磨,钩 打磨 筋 削 剪 凿 磨 绞,凿 削 剪 磨 筋 绞 锯 钩 打磨,锯 磨 凿 绞 剪 削 筋 钩 打磨
851,23,0.4927825453635485,0.051855164833796284,0.34782608695652173,棍子 钳子 剪子 叉子 剪刀 梳子 筷子 刷子 铲子 竹竿 绳子 斧子,船桨 木头 扇子 棍 刀 拐杖 尺子 禅杖,叉子 刀 钉子 筷子 棍 禅杖 绳子 刷子 斧子 钳子 船桨 拐杖,棍子 钳子 剪子 叉子 剪刀 梳子 筷子 刷子 铲子 竹竿 绳子 斧子 棍 扇子 刀 钩子 钉子 拐杖 木头 船桨 禅杖 尺子 锤子
852,2,0.4551404332837503,0.10466496626297242,0.0,分成 分,分 分成,分 分成,分成 分
853,5,0.5018150180229007,0.13321012061834653,0.2,分开 分离 隔开 隔离 分割,隔开 分割 隔离 分开 分离,分离 分开 分割 隔离 隔开,分开 分离 隔开 隔离 分割
854,5,0.43730292183859804,0.03218545787350989,0.2,贫穷 贫富 贫困 穷 分化,分化 贫困 穷 贫穷 贫富,贫困 穷 分化 贫穷 贫富,贫穷 贫富 贫困 穷 分化
855,4,0.5205605686534218,0.1510321144571511,0.0,恰到好处 分寸 恰如其分 火候,恰到好处 分寸 恰如其分 火候,火候 恰到好处 恰如其分 分寸,恰到好处 分寸 恰如其分 火候
856,1,,0.0,0.0,分工,分工,分工,分工
857,3,0.48280097177123943,0.1215125808793484,0.0,分布 遍布 分散,遍布 分散 分布,遍布 分散 分布,分布 遍布 分散
858,3,0.46584088196205675,0.09449741347245753,0.0,承受 承载 分担,分担 承受 承载,分担 承载 承受,承受 承载 分担
859,1,,0.0,0.0,分支,分支,分支,分支
860,1,,0.0,0.0,分明,分明,分明,分明
861,7,0.46650451944687144,0.08209113705679734,0.0,总结 分析 归纳 解析 梳理 回顾 归结,归结 梳理 回顾 分析 解析 归纳 总结,总结 解析 回顾 分析 归纳 归结 梳理,总结 分析 归纳 解析 梳理 回顾 归结
862,5,0.5241871705009385,0.2206211841854003,0.0,类型 类别 种类 类 分类,种类 类型 分类 类 类别,类 种类 类型 类别 分类,类型 类别 种类 类 分类
863,3,0.41873379913963144,0.03748936742898368,0.3333333333333333,分红 现金 分配,分配 现金 分红,分配 分红 现金,分红 现金 分配
864,3,0.5229469880174084,0.21892554280929255,0.0,组 小组 分组,分组 组 小组,组 小组 分组,组 小组 分组
865,3,0.48598175062122545,0.1478641411332084,0.0,生成 合成 分解,分解 生成 合成,分解 生成 合成,生成 合成 分解
866,1,,0.0,0.0,分赃,分赃,分赃,分赃
867,9,0.5257784031340816,0.13121222400798516,0.2222222222222222,辨别 分辨 区分 鉴别 辨认 识别 真假 区别 判定,判定 区分 区别 真假 识别 辨认 鉴别 分辨,辨认 区分 区别 真假 判定 分辨 辨别 识别 鉴别,辨别 分辨 区分 鉴别 辨认 识别 真假 区别 判定
868,2,0.4614981584919582,0.1412832781741186,0.0,沉甸甸 分量,沉甸甸 分量,沉甸甸 分量,沉甸甸 分量
869,9,0.5102335416568928,0.13242413621270469,0.1111111111111111,钟头 分钟 小时 星期 钟 天 半天 礼拜 秒,半天 天 钟 礼拜 秒 星期 小时 钟头,天 秒 礼拜 分钟 钟 小时 钟头 星期 半天,钟头 分钟 小时 星期 钟 天 半天 礼拜 秒
870,3,0.4573064544907248,0.04813289900698459,0.0,切 碎 斩,斩 碎 切,切 碎 斩,切 碎 斩
871,2,0.502998505434183,0.1696776331111964,0.0,激光 切割,切割 激光,激光 切割,激光 切割
872,11,0.4495603788958647,-0.0013732183348285252,0.6363636363636364,及早 尽早 尽快 早日 及时 提早 趁早 过早 急于 切实 妥善,急于 提早 切实 早日 妥善 过早 趁早 及时,妥善 早日 趁早 提早 切实 尽早 尽快 及时 及早 急于 过早,及早 尽早 尽快 早日 及时 提早 趁早 过早 急于 切实 妥善
873,3,0.48328139476417004,0.14143850048500115,0.0,断 切断 打断,打断 切断 断,断 切断 打断,断 切断 打断
874,4,0.5416735553463645,0.2069875191663895,0.0,深切 深刻 深深 切身,切身 深刻 深深 深切,切身 深切 深刻 深深,深切 深刻 深深 切身
875,4,0.44236705442211105,0.022466311432669285,0.5,刊登 发表 发布 启事,启事 发布 刊登 发表,启事 发布 刊登 发表,刊登 发表 发布 启事
876,3,0.4286828887915017,0.01464578179343235,0.6666666666666666,刮 吹 划,划 吹 刮,划 刮 吹,刮 吹 划
877,4,0.615573086003815,0.26076014110569556,0.0,界线 界限 界定 划分,划分 界定 界线 界限,划分 界限 界线 界定,界线 界限 界定 划分
878,3,0.4662784687655926,0.08434159273432758,0.0,划时代 深远 重大,深远 划时代 重大,重大 划时代 深远,划时代 深远 重大
879,4,0.42282874147530897,0.0011400804043564042,0.75,排列 整齐 队形 列,队形 列 整齐 排列,列 队形 排列 整齐,排列 整齐 队形 列
880,5,0.491512663762758,0.12159983091467497,0.4,刚刚 刚 刚才 快要 匆匆,匆匆 快要 刚才 刚刚 刚,刚 快要 匆匆 刚才 刚刚,刚刚 刚 刚才 快要 匆匆
881,2,0.5547245253862768,0.25754128681511446,0.0,融 创,融 创,创 融,融 创
882,3,0.5275475803637528,0.15667501200184714,0.0,创新 创业 创意,创意 创新 创业,创业 创意 创新,创新 创业 创意
883,9,0.5256488662588299,0.05715631001682789,0.3333333333333333,开办 开设 创办 设立 创立 成立 开辟 开通 推出,开辟 推出 开通 设立 成立 创立 创办 开办,开辟 开设 开通 开办 推出 成立 创办 创立 设立,开办 开设 创办 设立 创立 成立 开辟 开通 推出
884,3,0.4437377386262467,0.09910222875038278,0.3333333333333333,发起人 发起 创始人,发起 创始人 发起人,创始人 发起人 发起,发起人 发起 创始人
885,9,0.5024519677368926,0.10233294112603866,0.1111111111111111,打造 构建 营造 塑造 树立 搭建 创造 造就 培育,创造 培育 搭建 树立 造就 构建 塑造 营造,培育 树立 打造 营造 创造 搭建 造就 塑造 构建,打造 构建 营造 塑造 树立 搭建 创造 造就 培育
886,7,0.48108607251485985,0.056208069877511736,0.42857142857142855,初期 早期 年代 初 时期 晚期 最初,时期 最初 年代 初 晚期 早期 初期,早期 时期 初 年代 晚期 初期 最初,初期 早期 年代 初 时期 晚期 最初
887,1,,0.0,0.0,初一,初一,初一,初一
888,3,0.43489277830031364,0.06934878483232719,0.3333333333333333,首次 初次 首创,首创 初次 首次,初次 首创 首次,首次 初次 首创
889,1,,0.0,0.0,初步,初步,初步,初步
890,1,,0.0,0.0,删,删,删,删
891,9,0.4964499640227329,0.08765823554492846,0.2222222222222222,去除 除去 去掉 剔除 清除 扣除 排除 删除 扫除,删除 扫除 排除 扣除 除去 去掉 清除 去除,排除 剔除 删除 扣除 扫除 去掉 去除 清除 除去,去除 除去 去掉 剔除 清除 扣除 排除 删除 扫除
892,10,0.48413561853267545,0.002550621712951392,0.5,拣 捡 拾 刨 剥 摘 割 挑 卸 铲,刨 挑 铲 剥 摘 割 卸 捡,刨 剥 割 卸 摘 拾 拣 捡 挑 铲,拣 捡 拾 刨 剥 摘 割 挑 卸 铲
893,1,,0.0,0.0,利,利,利,利
894,2,0.5590330571700759,0.24458311815422012,0.0,得失 利害,得失 利害,得失 利害,得失 利害
895,2,0.4754513196768775,0.10576917942560055,0.0,利益 权益,利益 权益,利益 权益,利益 权益
896,1,,0.0,0.0,利索,利索,利索,利索
897,3,0.4455856596591628,0.06228901300915208,0.0,巧妙 别具匠心 高明,高明 别具匠心 巧妙,巧妙 别具匠心 高明,巧妙 别具匠心 高明
898,2,0.6569685683459277,0.4210823493497242,0.0,至 到,至 到,到 至,至 到
899,3,0.48386386298899686,0.11010292951365301,0.0,得当 得力 到位,得力 到位 得当,到位 得当 得力,得当 得力 到位
900,4,0.5082811970518332,0.11947993958575376,0.0,最终 最后 到头来 结果,到头来 结果 最后 最终,到头来 最后 结果 最终,最终 最后 到头来 结果
901,1,,0.0,0.0,到期,到期,到期,到期
902,4,0.4625915719676472,0.12094135890551178,0.0,制成 特制 制 定做,定做 制 特制 制成,制 制成 定做 特制,制成 特制 制 定做
903,5,0.496845339707633,0.09172896298402283,0.4,研发 研制 开发 制作 制造,制作 制造 开发 研制 研发,制造 开发 研发 研制 制作,研发 研制 开发 制作 制造
904,8,0.47078523216846374,0.049892229180958106,0.25,原料 原材料 加工 制品 成品 材料 工艺 木材,工艺 制品 木材 原材料 材料 加工 成品 原料,工艺 成品 加工 制品 原料 原材料 材料 木材,原料 原材料 加工 制品 成品 材料 工艺 木材
905,4,0.5535189630531041,0.24167255234982551,0.0,束缚 约束 拘束 制约,制约 拘束 束缚 约束,约束 束缚 制约 拘束,束缚 约束 拘束 制约
906,13,0.45030642604443055,0.047007173637858495,0.38461538461538464,处罚 惩处 惩罚 罚款 处分 拘留 追究 制裁 吊销 罚 没收 威慑,威慑 拘留 吊销 打击 没收 罚 追究 制裁,拘留 制裁 追究 吊销 罚 惩处 罚款 惩罚 没收 处分 打击 处罚,处罚 惩处 惩罚 罚款 处分 拘留 追究 制裁 吊销 罚 没收 威慑 打击
907,2,0.4707573158089886,0.10170689863509419,0.0,爆 刷,爆 刷,刷 爆,爆 刷
908,3,0.5131719184493267,0.14921957359205837,0.3333333333333333,破 突破 刷新,刷新 突破 破,破 刷新 突破,破 突破 刷新
909,5,0.4804264378199079,0.06678157659557371,0.2,理发 护理 按摩 化妆 刷牙,按摩 刷牙 护理 化妆 理发,刷牙 护理 化妆 理发 按摩,理发 护理 按摩 化妆 刷牙
910,2,0.48220383550792434,0.10946878882958233,0.0,刺 针,针 刺,刺 针,刺 针
911,4,0.5362692499215127,0.17242965024972262,0.0,拉动 带动 刺激 拖累,刺激 带动 拖累 拉动,带动 拖累 刺激 拉动,拉动 带动 刺激 拖累
912,11,0.4989708791651869,0.09523798679060587,0.18181818181818182,雕刻 花纹 图案 雕 镶嵌 镶 绣 刺绣 装饰 刻 造型,造型 刻 装饰 绣 刺绣 镶 花纹 镶嵌,雕刻 刻 刺绣 绣 图案 装饰 花纹 镶嵌 镶 雕 造型,雕刻 花纹 图案 雕 镶嵌 镶 绣 刺绣 装饰 刻 造型
913,2,0.5113941639014721,0.19241914612037475,0.0,火辣辣 刺骨,刺骨 火辣辣,火辣辣 刺骨,火辣辣 刺骨
914,3,0.4453542372384455,0.05162166058351462,0.0,刻舟求剑 朝三暮四 守株待兔,守株待兔 朝三暮四 刻舟求剑,守株待兔 刻舟求剑 朝三暮四,刻舟求剑 朝三暮四 守株待兔
915,4,0.5106306984398248,0.14754232618356283,0.0,辫子 剃 胡子 梳,剃 胡子 梳 辫子,剃 梳 辫子 胡子,辫子 剃 胡子 梳
916,2,0.6250470156443699,0.379034572892581,0.0,后台 前台,后台 前台,后台 前台,后台 前台
917,4,0.4811465910380597,0.05109157681969129,0.5,前头 后头 前方 前进,前方 前进 后头 前头,后头 前方 前头 前进,前头 后头 前方 前进
918,4,0.5914614153749008,0.32851232250154616,0.0,史无前例 前所未有 空前 前无古人,前无古人 前所未有 空前 史无前例,前无古人 前所未有 空前 史无前例,史无前例 前所未有 空前 前无古人
919,3,0.5439977960147485,0.26108079356276787,0.0,前景 前途 展望,展望 前途 前景,展望 前景 前途,前景 前途 展望
920,3,0.4398347199240375,0.0833031175644056,0.0,前沿 尖端 超前,超前 尖端 前沿,超前 尖端 前沿,前沿 尖端 超前
921,3,0.4658069009404948,0.08298221376035936,0.0,第一线 前线 第一手,第一手 前线 第一线,第一手 第一线 前线,第一线 前线 第一手
922,2,0.8200359094416292,0.6963999969957573,0.0,后者 前者,后者 前者,前者 后者,后者 前者
923,3,0.44364920351223674,0.06935812862469758,0.3333333333333333,勇往直前 前赴后继 闯,闯 勇往直前 前赴后继,前赴后继 闯 勇往直前,勇往直前 前赴后继 闯
924,6,0.47017139341257347,0.06594439685484611,0.3333333333333333,弓 弦 琴 剑 箭 鼓,箭 鼓 剑 弦 琴 弓,剑 弦 弓 箭 琴 鼓,弓 弦 琴 剑 箭 鼓
925,5,0.45409410546371703,0.023342640432251142,0.4,强烈 剧烈 猛烈 尖锐 鲜明,鲜明 猛烈 剧烈 尖锐 强烈,鲜明 强烈 剧烈 尖锐 猛烈,强烈 剧烈 猛烈 尖锐 鲜明
926,9,0.43672754910904793,0.0019208784352876863,0.5555555555555556,礼堂 大厅 阅览室 图书馆 厅 室 演播室 剧院 殿堂,殿堂 剧院 厅 演播室 室 图书馆 大厅 阅览室,图书馆 厅 室 殿堂 演播室 大厅 礼堂 阅览室 剧院,礼堂 大厅 阅览室 图书馆 厅 室 演播室 剧院 殿堂
927,1,,0.0,0.0,副,副,副,副
928,7,0.5132605236949866,0.1049673845797677,0.42857142857142855,好处 益处 坏处 用处 难处 道理 副作用,副作用 道理 难处 坏处 用处 益处 好处,用处 副作用 好处 益处 难处 坏处 道理,好处 益处 坏处 用处 难处 道理 副作用
929,44,0.4690026776727523,-0.02524605154807447,0.5681818181818182,踹 拧 拽 搓 捏 捅 磕 揍 摔 捶 咬 砸,蹬 摸 掏 揍 扔 蹦 揣 撞,劈 叼 咬 啃 磕 砸 砍 甩 晃 摔 摸 搂,踹 拧 拽 搓 捏 捅 磕 揍 摔 捶 咬 砸 掰 揪 敲 抠 扯 扔 蹦 叼 踢 蹬 搂 擦 劈 掐 拎 甩 舔 摸 揉 撕 扒 抡 蹭 砍 抖 挠 掏 撞 扳 揣 晃 啃
930,1,,0.0,0.0,力,力,力,力
931,9,0.4897450299372681,0.08329029003995436,0.2222222222222222,精疲力竭 疲惫不堪 无力 虚弱 力不从心 衰弱 吃力 无精打采 无能为力,无能为力 衰弱 虚弱 吃力 疲惫不堪 无精打采 力不从心 无力,虚弱 力不从心 无力 精疲力竭 无能为力 衰弱 疲惫不堪 无精打采 吃力,精疲力竭 疲惫不堪 无力 虚弱 力不从心 衰弱 吃力 无精打采 无能为力
932,7,0.4530755818716966,-0.020748312072970586,0.5714285714285714,步伐 脚步 节奏 速度 进度 力度 步,进度 速度 步 力度 脚步 步伐 节奏,进度 步 速度 脚步 步伐 力度 节奏,步伐 脚步 节奏 速度 进度 力度 步
933,1,,0.0,0.0,力所能及,力所能及,力所能及,力所能及
934,4,0.418425472842118,-0.013493007450938805,0.5,正能量 能量 力量 励志,力量 励志 能量 正能量,励志 正能量 力量 能量,正能量 能量 力量 励志
935,3,0.3929327343974544,-0.027518092905699343,0.6666666666666666,办事 照办 干事,照办 干事 办事,办事 照办 干事,办事 照办 干事
936,8,0.5125793084189856,0.15064353263130542,0.25,大使馆 领事 领事馆 大使 驻 外交官 外交 办事处,办事处 外交 大使 外交官 驻 领事馆 领事 大使馆,外交官 大使馆 领事馆 办事处 大使 驻 领事 外交,大使馆 领事 领事馆 大使 驻 外交官 外交 办事处
937,3,0.4689097471278048,0.10251715627338516,0.0,办公室 办公 实验室,实验室 办公 办公室,办公 办公室 实验室,办公室 办公 实验室
938,2,0.47726313094132156,0.10615548160306493,0.0,勤工俭学 办学,办学 勤工俭学,办学 勤工俭学,勤工俭学 办学
939,3,0.5088500585372411,0.13641598602372293,0.0,功劳 功臣 功,功 功劳 功臣,功 功劳 功臣,功劳 功臣 功
940,4,0.5393015031780425,0.17672878990813745,0.0,功效 疗效 效果 止咳,止咳 效果 疗效 功效,疗效 功效 效果 止咳,功效 疗效 效果 止咳
941,4,0.5391396553892459,0.20587849767548022,0.0,噪音 噪声 音量 功率,功率 音量 噪声 噪音,功率 噪声 噪音 音量,噪音 噪声 音量 功率
942,2,0.5786076768994945,0.29018205198732233,0.0,功能 多功能,多功能 功能,功能 多功能,功能 多功能
943,6,0.4577443122116352,0.03699232634203089,0.16666666666666666,课 必修 班 学时 功课 夜校,夜校 班 学时 功课 必修 课,班 功课 必修 课 学时 夜校,课 必修 班 学时 功课 夜校
944,4,0.5137773243100218,0.12651713768283268,0.25,添 添加 增添 加,加 增添 添加 添,加 增添 添 添加,添 添加 增添 加
945,1,,0.0,0.0,加上,加上,加上,加上
946,5,0.4832354149784335,0.07695948928086957,0.4,参与 参加 投身 加入 踊跃,踊跃 加入 投身 参加 参与,投身 参加 参与 加入 踊跃,参与 参加 投身 加入 踊跃
947,9,0.4755109752977407,0.058211962974681467,0.2222222222222222,喝彩 鼓掌 欢呼 叫好 呐喊 助威 加油 捧场 干杯,捧场 助威 呐喊 干杯 叫好 加油 欢呼 鼓掌,欢呼 呐喊 喝彩 叫好 加油 助威 鼓掌 捧场 干杯,喝彩 鼓掌 欢呼 叫好 呐喊 助威 加油 捧场 干杯
948,1,,0.0,0.0,加盟,加盟,加盟,加盟
949,4,0.49345961467690064,0.08969811651770235,0.25,抓紧 加紧 积极 认真,认真 积极 加紧 抓紧,加紧 积极 抓紧 认真,抓紧 加紧 积极 认真
950,3,0.45652788178102677,0.06917072204313063,0.0,廉价 劣质 平价,劣质 平价 廉价,廉价 劣质 平价,廉价 劣质 平价
951,4,0.4063336625528556,0.03940053427182899,0.25,静 动 动静 静止,静止 动 动静 静,静止 动 静 动静,静 动 动静 静止
952,10,0.4967531587546625,0.12721976215125327,0.0,动人 感人 扣人心弦 惊心动魄 引人入胜 生动 耐人寻味 可歌可泣 精彩 诱人,可歌可泣 诱人 精彩 生动 耐人寻味 惊心动魄 引人入胜 扣人心弦,诱人 耐人寻味 惊心动魄 扣人心弦 生动 动人 可歌可泣 引人入胜 感人 精彩,动人 感人 扣人心弦 惊心动魄 引人入胜 生动 耐人寻味 可歌可泣 精彩 诱人
953,4,0.5015542844537545,0.15045611077077117,0.0,姿势 动作 手势 架势,架势 动作 手势 姿势,姿势 手势 动作 架势,姿势 动作 手势 架势
954,3,0.4681143439030702,0.1180920783929071,0.0,动力 引擎 马力,马力 动力 引擎,马力 引擎 动力,动力 引擎 马力
955,2,0.5364318617746513,0.19169427692949453,0.0,去向 动向,去向 动向,去向 动向,去向 动向
956,8,0.4906141152472849,0.024861456751291762,0.125,开工 竣工 动工 施工 工程 工地 项目 开业,开业 施工 工地 项目 竣工 工程 开工 动工,工程 竣工 开业 开工 项目 施工 动工 工地,开工 竣工 动工 施工 工程 工地 项目 开业
957,1,,0.0,0.0,动态,动态,动态,动态
958,3,0.3917364986039252,-0.06361185754178632,0.6666666666666666,改变 动摇 面貌,动摇 面貌 改变,改变 动摇 面貌,改变 动摇 面貌
959,2,0.5461614412017975,0.25304482688636065,0.0,大熊猫 动物园,动物园 大熊猫,动物园 大熊猫,大熊猫 动物园
960,6,0.42805932505767774,0.0008879918206460882,0.5,迭起 此起彼伏 起伏 连绵 动荡 层出不穷,层出不穷 起伏 动荡 连绵 此起彼伏 迭起,迭起 起伏 连绵 此起彼伏 动荡 层出不穷,迭起 此起彼伏 起伏 连绵 动荡 层出不穷
961,3,0.48845319091849787,0.05233876695606721,0.3333333333333333,助手 帮手 向导,向导 帮手 助手,帮手 向导 助手,助手 帮手 向导
962,1,,0.0,0.0,劫,劫,劫,劫
963,2,0.502446183905237,0.16181442578369307,0.0,承包 劳务,承包 劳务,劳务 承包,承包 劳务
964,8,0.524264620821504,0.13655394590336403,0.0,忙碌 劳累 繁忙 忙乱 忙 操劳 奔波 紧张,紧张 操劳 忙 忙乱 奔波 劳累 繁忙 忙碌,紧张 忙 操劳 劳累 繁忙 忙乱 忙碌 奔波,忙碌 劳累 繁忙 忙乱 忙 操劳 奔波 紧张
965,1,,0.0,0.0,势不可当,势不可当,势不可当,势不可当
966,4,0.6082802099468706,0.32733940225900726,0.0,勇于 敢于 善于 大胆,大胆 善于 勇于 敢于,善于 勇于 敢于 大胆,勇于 敢于 善于 大胆
967,14,0.4611859621090225,0.0559015759756607,0.35714285714285715,奖项 奖 颁奖 获奖 评选 荣获 表彰 颁发 荣誉 称号 授予 勋章,揭晓 颁发 评委 勋章 荣誉 表彰 称号 荣获,授予 勋章 颁奖 颁发 奖项 奖 揭晓 评委 称号 获奖 评选 表彰,奖项 奖 颁奖 获奖 评选 荣获 表彰 颁发 荣誉 称号 授予 勋章 揭晓 评委
968,9,0.5058470487721466,0.10037627388693164,0.1111111111111111,开采 矿 采矿 煤矿 勘探 煤炭 石油 矿藏 煤,矿藏 煤 石油 采矿 开采 煤炭 矿 勘探,开采 煤 矿 勘探 采矿 矿藏 石油 煤炭 煤矿,开采 矿 采矿 煤矿 勘探 煤炭 石油 矿藏 煤
969,10,0.4756428680847573,0.052456931428519,0.3,罐 瓶 瓶子 勺 壶 吸管 盖子 筒 缸 易拉罐,筒 壶 勺 缸 盖子 吸管 易拉罐 瓶,勺 壶 瓶子 筒 缸 罐 瓶 吸管 盖子 易拉罐,罐 瓶 瓶子 勺 壶 吸管 盖子 筒 缸 易拉罐
970,3,0.4875060052737075,0.14133248025637554,0.0,叉 拐 勾,勾 拐 叉,勾 叉 拐,叉 拐 勾
971,4,0.5935902238377018,0.22779307233326077,0.0,涵盖 包含 包括 覆盖,覆盖 包括 包含 涵盖,包括 包含 覆盖 涵盖,涵盖 包含 包括 覆盖
972,3,0.43205195115050726,0.04200850771158147,0.3333333333333333,包围 围 孤立,孤立 围 包围,围 包围 孤立,包围 围 孤立
973,6,0.5280273050734712,0.1623440479530939,0.0,缝合 包扎 绷带 止血 愈合 缝,缝 止血 愈合 绷带 包扎 缝合,包扎 缝 愈合 绷带 缝合 止血,缝合 包扎 绷带 止血 愈合 缝
974,2,0.45315104814162466,0.075116394544641,0.0,包袱 铺,铺 包袱,包袱 铺,包袱 铺
975,3,0.42725959442315403,0.037408682589448954,0.3333333333333333,包装 打包 装,装 打包 包装,包装 装 打包,包装 打包 装
976,3,0.46728910223196185,0.10017543072802793,0.0,包裹 快递 行李,行李 快递 包裹,行李 包裹 快递,包裹 快递 行李
977,1,,0.0,0.0,化,化,化,化
978,4,0.4403586603359022,0.024043644440783503,0.5,恐龙 化石 陨石 龙,陨石 龙 化石 恐龙,恐龙 化石 龙 陨石,恐龙 化石 陨石 龙
979,7,0.4436317225636058,0.02201992709624931,0.5714285714285714,塑料 橡胶 尼龙 胶带 胶水 化纤 塑料袋,化纤 胶水 胶带 塑料袋 尼龙 橡胶 塑料,塑料 化纤 胶水 塑料袋 胶带 尼龙 橡胶,塑料 橡胶 尼龙 胶带 胶水 化纤 塑料袋
980,3,0.4846892931134563,0.11690099524686089,0.0,摆平 平息 化解,化解 平息 摆平,摆平 化解 平息,摆平 平息 化解
981,1,,0.0,0.0,化险为夷,化险为夷,化险为夷,化险为夷
982,13,0.47364487648589165,0.005845175473869333,0.38461538461538464,检测 测试 试验 测量 检验 化验 测定 实验 测 样品 测验 验证,验 样品 测量 测验 实验 验证 测 化验,测 测验 测量 测试 试验 测定 验 验证 检验 样品 化验 实验,检测 测试 试验 测量 检验 化验 测定 实验 测 样品 测验 验证 验
983,1,,0.0,0.0,北京,北京,北京,北京
984,2,0.7238286091626878,0.5341492053599366,0.0,南极 北极,南极 北极,南极 北极,南极 北极
985,5,0.4651668168700945,0.08292507064146426,0.2,配置 搭配 配 配备 匹配,匹配 搭配 配备 配置 配,配置 配备 匹配 配 搭配,配置 搭配 配 配备 匹配
986,9,0.47483379415247945,-0.000011364828050020345,0.5555555555555556,市区 城区 郊区 城镇 城市 街道 村庄 市 区,市 村庄 郊区 区 街道 城市 城镇 城区,区 市 城镇 村庄 郊区 街道 城区 城市 市区,市区 城区 郊区 城镇 城市 街道 村庄 市 区
987,1,,0.0,0.0,匿名,匿名,匿名,匿名
988,3,0.5825194417005038,0.2682705483628431,0.0,红灯 绿灯 十字路口,十字路口 绿灯 红灯,红灯 绿灯 十字路口,红灯 绿灯 十字路口
989,1,,0.0,0.0,千军万马,千军万马,千军万马,千军万马
990,4,0.49843184265472534,0.14231381155342213,0.0,千变万化 变幻莫测 错综复杂 日新月异,错综复杂 日新月异 变幻莫测 千变万化,日新月异 变幻莫测 千变万化 错综复杂,千变万化 变幻莫测 错综复杂 日新月异
991,3,0.4209616765569278,0.05308877681361237,0.3333333333333333,家家户户 千家万户 每逢,每逢 千家万户 家家户户,千家万户 家家户户 每逢,家家户户 千家万户 每逢
992,2,0.4642532610990582,0.047763943721394,0.0,改造 升级,升级 改造,升级 改造,改造 升级
993,11,0.4617478289019736,0.049499514068122336,0.2727272727272727,犯规 半场 球 得手 皮球 得分 防守 比分 禁区 解围 对手,对手 禁区 解围 半场 防守 比分 得手 球,禁区 得手 对手 得分 球 解围 犯规 防守 比分 半场 皮球,犯规 半场 球 得手 皮球 得分 防守 比分 禁区 解围 对手
994,3,0.5305417573274624,0.18363400838419905,0.0,半岛 岛 海峡,海峡 岛 半岛,岛 海峡 半岛,半岛 岛 海峡
995,1,,0.0,0.0,半边天,半边天,半边天,半边天
996,3,0.4989329876565851,0.10605847945909297,0.0,走弯路 碰钉子 半途而废,碰钉子 半途而废 走弯路,半途而废 碰钉子 走弯路,走弯路 碰钉子 半途而废
997,6,0.5207109790326397,0.16977930432622146,0.16666666666666666,华人 华侨 华裔 留学生 外籍 同胞,外籍 同胞 留学生 华侨 华裔 华人,留学生 华裔 华侨 华人 外籍 同胞,华人 华侨 华裔 留学生 外籍 同胞
998,4,0.5769331710722606,0.2594137430907215,0.0,帮 帮忙 替 协助,协助 替 帮忙 帮,帮 替 帮忙 协助,帮 帮忙 替 协助
999,5,0.4758836986579958,0.019549348801149332,0.4,协调 衔接 协同 统筹 配合,衔接 统筹 协同 配合 协调,协调 配合 衔接 协同 统筹,协调 衔接 协同 统筹 配合
1000,15,0.4747889071923685,0.02844489478693435,0.4666666666666667,签订 签署 协议 协议书 订立 合同 协定 达成 签约 签 约定 合作,协定 签字 签约 达成 约定 谅解 合作 生效,签订 协议书 签字 签 签署 签约 协议 约定 生效 谅解 订立 合作,签订 签署 协议 协议书 订立 合同 协定 达成 签约 签 约定 合作 生效 签字 谅解
1001,3,0.4038136454483318,-0.00198783910330839,0.6666666666666666,单 空 订单,订单 空 单,单 空 订单,单 空 订单
1002,3,0.5177496060195345,0.13759295659825135,0.0,机关 部门 单位,机关 部门 单位,机关 部门 单位,机关 部门 单位
1003,1,,0.0,0.0,单元,单元,单元,单元
1004,1,,0.0,0.0,单方面,单方面,单方面,单方面
1005,4,0.4514918429019504,0.034556842703507604,0.5,独自 孤零零 默默 单独,单独 默默 独自 孤零零,孤零零 独自 默默 单独,独自 孤零零 默默 单独
1006,5,0.4961831900613543,0.0491321426626806,0.2,单纯 狭隘 片面 纯粹 笼统,片面 笼统 狭隘 纯粹 单纯,纯粹 笼统 片面 单纯 狭隘,单纯 狭隘 片面 纯粹 笼统
1007,2,0.47456813142191967,0.13974426955926877,0.0,行情 单边,单边 行情,单边 行情,行情 单边
1008,41,0.5069643767510132,0.08214067334828794,0.24390243902439024,红薯 西红柿 黄瓜 南瓜 茄子 香蕉 辣椒 柿子 西瓜 白菜 花生 核桃,桂花 糖 莲子 砂糖 红茶 蔬菜 玉米 大米,玉米 莲子 糖 瓜 枣 桃 梨 花生 芝麻 香蕉 柿子 葡萄,红薯 西红柿 黄瓜 南瓜 茄子 香蕉 辣椒 柿子 西瓜 白菜 花生 核桃 水果 番茄 萝卜 土豆 蔬菜 梨 葡萄 蒜 蘑菇 椰子 蜂蜜 莲子 瓜 枣 鸡蛋 茶叶 葱 豆子 桂花 桃 大米 虾 红茶 砂糖 绿茶 糖 橘子 芝麻 玉米
1009,5,0.5004133955537519,0.10458474463246567,0.2,博士 教授 导师 学士 研究所,学士 研究所 导师 教授 博士,研究所 博士 导师 学士 教授,博士 教授 导师 学士 研究所
1010,4,0.4865141624813649,0.06629397754638959,0.0,文章 帖子 博客 稿子,博客 文章 稿子 帖子,博客 帖子 文章 稿子,文章 帖子 博客 稿子
1011,9,0.504067679529421,0.11998550542902743,0.0,藏品 收藏 博物馆 珍藏 展览 文物 展出 陈列 古董,陈列 古董 展出 文物 展览 珍藏 博物馆 收藏,珍藏 陈列 展出 展览 收藏 博物馆 文物 藏品 古董,藏品 收藏 博物馆 珍藏 展览 文物 展出 陈列 古董
1012,2,0.48409687052924055,0.10480627325958186,0.0,占卜 风水,风水 占卜,风水 占卜,占卜 风水
1013,7,0.4760821836288852,0.07232316095632009,0.2857142857142857,消耗 节约 节省 浪费 能耗 耗 占用,浪费 占用 能耗 耗 节省 节约 消耗,占用 耗 消耗 能耗 节省 节约 浪费,消耗 节约 节省 浪费 能耗 耗 占用
1014,13,0.4437402961442902,0.011064273937140084,0.38461538461538464,绑 缠 拴 钉 吊 绷 挂 捆 扎 夹 罩 悬,罩 扎 绷 缠 卡子 捆 夹 挂,吊 夹 缠 罩 绑 绷 扎 拴 捆 挂 悬 卡子,绑 缠 拴 钉 吊 绷 挂 捆 扎 夹 罩 悬 卡子
1015,18,0.49405200855254333,0.07331594883998487,0.1111111111111111,轿车 卡车 车 电动车 跑车 车辆 汽车 货车 辆 客车 摩托 车型,马车 驾驶 车型 电动 摩托 赛车 车辆 货车,客车 电动 车辆 汽车 电动车 跑车 辆 车 卡车 马车 驾驶 轿车,轿车 卡车 车 电动车 跑车 车辆 汽车 货车 辆 客车 摩托 车型 电动 吉普 自行车 赛车 驾驶 马车
1016,1,,0.0,0.0,卡通,卡通,卡通,卡通
1017,10,0.5104539229785318,0.10526388887665077,0.2,飞船 宇航员 太空 航天员 发射 航天 卫星 月球 嫦娥 火箭,月球 卫星 航天 嫦娥 火箭 太空 发射 飞船,航天 嫦娥 月球 发射 航天员 飞船 火箭 宇航员 卫星 太空,飞船 宇航员 太空 航天员 发射 航天 卫星 月球 嫦娥 火箭
1018,2,0.6004123901454559,0.3093965670805196,0.0,卫生 防疫,卫生 防疫,防疫 卫生,卫生 防疫
1019,17,0.48791605378359565,0.09094667197357274,0.17647058823529413,播出 转播 电视台 播放 重播 节目 收看 广播 电台 卫视 电视 收听,收视率 收音机 电视 节目 直播 频道 收听 卫视,收视率 重播 电视台 卫视 电台 播 收看 收听 转播 频道 播出 播放,播出 转播 电视台 播放 重播 节目 收看 广播 电台 卫视 电视 收听 播 直播 频道 收视率 收音机
1020,2,0.5018636374686134,0.12010054356597442,0.0,印 墨,墨 印,印 墨,印 墨
1021,3,0.5259207013207252,0.20067207764576378,0.0,打印 印刷 复印,印刷 复印 打印,印刷 打印 复印,打印 印刷 复印
1022,3,0.6033002104155782,0.31714559654712093,0.0,造纸术 印刷术 发明,发明 印刷术 造纸术,印刷术 发明 造纸术,造纸术 印刷术 发明
1023,7,0.4902150653463082,0.1038858045240253,0.2857142857142857,表明 预示 印证 说明 暗示 意味着 反映,反映 说明 意味着 表明 暗示 印证 预示,暗示 反映 印证 说明 预示 意味着 表明,表明 预示 印证 说明 暗示 意味着 反映
1024,9,0.4986497107226769,0.08241433673861259,0.1111111111111111,回忆 回味 记忆 难忘 回想 记忆犹新 往事 印象 感触,感触 印象 记忆犹新 回想 难忘 往事 记忆 回味,往事 感触 回忆 回味 印象 记忆 回想 记忆犹新 难忘,回忆 回味 记忆 难忘 回想 记忆犹新 往事 印象 感触
1025,17,0.46825421050540506,0.02439354913628118,0.47058823529411764,营救 救援 救 抢救 解救 遇险 呼救 救助 拯救 求救 搜救 危急,挽救 疏散 紧急 求救 危急 打捞 救助 救命,抢救 挽救 营救 救 解救 疏散 危急 呼救 搜救 救援 求救 打捞,营救 救援 救 抢救 解救 遇险 呼救 救助 拯救 求救 搜救 危急 挽救 紧急 救命 疏散 打捞
1026,16,0.47546453224014396,0.05353670801303354,0.3125,灾害 水灾 旱灾 洪水 灾难 暴雨 地震 灾 海啸 受灾 台风 瘟疫,浩劫 防汛 台风 危机 瘟疫 受灾 海啸 暴雨,洪水 浩劫 海啸 旱灾 灾 台风 地震 防汛 瘟疫 危机 灾害 水灾,灾害 水灾 旱灾 洪水 灾难 暴雨 地震 灾 海啸 受灾 台风 瘟疫 特大 浩劫 危机 防汛
1027,3,0.42974024240050274,0.03398601507340855,0.6666666666666666,即可 可 即,即 可 即可,即 可 即可,即可 可 即
1028,5,0.5358732656315185,0.18011764923644213,0.0,将 即将 必将 将要 有望,必将 有望 即将 将要 将,将 有望 必将 即将 将要,将 即将 必将 将要 有望
1029,3,0.41465296692781806,-0.006007610607704103,0.6666666666666666,卵 孵化 蛋,蛋 孵化 卵,卵 蛋 孵化,卵 孵化 蛋
1030,5,0.500637488957173,0.13591948467722603,0.0,陷入 陷 泥潭 卷入 旋涡,卷入 旋涡 泥潭 陷入 陷,陷 旋涡 泥潭 陷入 卷入,陷入 陷 泥潭 卷入 旋涡
1031,7,0.5190700299749936,0.07733883115461772,0.2857142857142857,处境 境遇 困境 境地 厄运 命运 窘迫,境地 命运 厄运 窘迫 困境 境遇 处境,境地 窘迫 困境 命运 处境 厄运 境遇,处境 境遇 困境 境地 厄运 命运 窘迫
1032,3,0.5453560190439519,0.19620820835538874,0.0,纪录 记录 历史,历史 记录 纪录,记录 纪录 历史,纪录 记录 历史
1033,1,,0.0,0.0,历届,历届,历届,历届
1034,17,0.46420635623606465,0.0015405371271796152,0.47058823529411764,磨难 风风雨雨 艰辛 苦难 波折 沧桑 风雨 经历 历程 酸甜苦辣 辛酸 曲折,悲欢离合 历经 酸甜苦辣 岁月 挫折 苦难 历程 洗礼,苦难 历经 历程 艰辛 挫折 岁月 波折 洗礼 曲折 酸甜苦辣 辛酸 风雨,磨难 风风雨雨 艰辛 苦难 波折 沧桑 风雨 经历 历程 酸甜苦辣 辛酸 曲折 历经 挫折 岁月 悲欢离合 洗礼
1035,3,0.4441884064531181,0.07377485020080789,0.6666666666666666,压 抛 压倒,抛 压倒 压,压 抛 压倒,压 抛 压倒
1036,5,0.4897716475015331,0.0887448482121314,0.2,悲观 消极 情绪 负面 压抑,压抑 情绪 悲观 消极 负面,压抑 消极 负面 情绪 悲观,悲观 消极 情绪 负面 压抑
1037,4,0.42576526419651284,-0.008224478319047553,0.5,收缩 压缩 挤压 收敛,收敛 压缩 挤压 收缩,收缩 压缩 收敛 挤压,收缩 压缩 挤压 收敛
1038,14,0.4974719540020073,0.06550108169455458,0.35714285714285715,迷恋 痴迷 热爱 喜欢 热衷 着迷 喜爱 讨厌 崇拜 向往 狂热 执着,厌倦 狂热 爱 喜爱 喜欢 着迷 崇拜 执着,讨厌 爱 热爱 崇拜 执着 着迷 迷恋 向往 热衷 喜欢 喜爱 厌倦,迷恋 痴迷 热爱 喜欢 热衷 着迷 喜爱 讨厌 崇拜 向往 狂热 执着 厌倦 爱
1039,4,0.5629768952900243,0.26125533855118355,0.0,厘米 寸 尺 毫米,毫米 尺 寸 厘米,寸 尺 毫米 厘米,厘米 寸 尺 毫米
1040,6,0.5151105789191573,0.11508142630630923,0.16666666666666666,宽 窄 厚 长 薄 短,短 长 薄 窄 厚 宽,厚 宽 窄 短 长 薄,宽 窄 厚 长 薄 短
1041,2,0.5151111095812906,0.19206083855851885,0.0,原 标题,原 标题,原 标题,原 标题
1042,3,0.39847532179737377,-0.02648203826418891,0.6666666666666666,转载 原创 引用,引用 原创 转载,转载 原创 引用,转载 原创 引用
1043,4,0.45523142139955547,0.05018954541053476,0.0,原因 罪魁祸首 缘故 导火索,缘故 导火索 原因 罪魁祸首,罪魁祸首 缘故 原因 导火索,原因 罪魁祸首 缘故 导火索
1044,3,0.48301989897463704,0.1712694218419861,0.3333333333333333,就地 就近 原地,原地 就近 就地,就地 原地 就近,就地 就近 原地
1045,1,,0.0,0.0,原型,原型,原型,原型
1046,1,,0.0,0.0,原始,原始,原始,原始
1047,4,0.5430328744955958,0.15957583828338778,0.25,本来 原本 本身 天生,天生 本身 原本 本来,本来 原本 天生 本身,本来 原本 本身 天生
1048,4,0.46069847844007167,0.07989045010624206,0.25,原汁原味 地道 正宗 鲜活,鲜活 正宗 地道 原汁原味,鲜活 原汁原味 地道 正宗,原汁原味 地道 正宗 鲜活
1049,1,,0.0,0.0,原装,原装,原装,原装
1050,5,0.5194418530140377,0.1653446666313304,0.2,设计师 建筑师 工程师 设计 厨师,厨师 设计 工程师 建筑师 设计师,工程师 厨师 建筑师 设计 设计师,设计师 建筑师 工程师 设计 厨师
1051,5,0.5219333095173894,0.1971824643305204,0.0,去世 逝世 遗愿 遗嘱 生前,去世 遗嘱 遗愿 生前 逝世,逝世 生前 遗嘱 去世 遗愿,去世 逝世 遗愿 遗嘱 生前
1052,2,0.5229594985195598,0.1563938916313769,0.0,归宿 去处,去处 归宿,去处 归宿,归宿 去处
1053,1,,0.0,0.0,参军,参军,参军,参军
1054,3,0.4461666668648873,0.10077587221001287,0.0,建议 推荐 参考,参考 推荐 建议,参考 建议 推荐,建议 推荐 参考
1055,5,0.501588448089067,0.19697820712976652,0.2,简介 概况 目录 参见 简要,简要 参见 目录 概况 简介,简介 概况 参见 目录 简要,简介 概况 目录 参见 简要
1056,11,0.488237819288648,0.05857911766660218,0.2727272727272727,参观 视察 考察 察看 实地 观摩 看望 听取 调研 座谈 观看,座谈 调研 观看 察看 实地 听取 观摩 看望,看望 参观 实地 座谈 察看 考察 观摩 观看 听取 视察 调研,参观 视察 考察 察看 实地 观摩 看望 听取 调研 座谈 观看
1057,6,0.46181355412582653,0.04512178504727222,0.5,师长 司令 参谋 将军 班长 指挥,指挥 班长 将军 参谋 司令 师长,参谋 司令 将军 班长 师长 指挥,师长 司令 参谋 将军 班长 指挥
1058,4,0.5666786512546456,0.24447873044020682,0.0,终于 总算 才 又,又 总算 才 终于,又 才 总算 终于,终于 总算 才 又
1059,2,0.47906671750205176,0.19028535430734148,0.0,双 双重,双重 双,双 双重,双 双重
1060,2,0.4575157132340082,0.08553574285366737,0.0,双向 横向,横向 双向,横向 双向,双向 横向
1061,4,0.4409229410937768,-0.005500841335400066,0.25,双方 对方 彼此 方,彼此 方 对方 双方,对方 方 彼此 双方,双方 对方 彼此 方
1062,2,0.4514532164089775,0.11640495261845477,0.0,造福 双赢,双赢 造福,双赢 造福,造福 双赢
1063,5,0.4950687642607431,0.06275312181997428,0.2,贸易 经贸 外贸 顺差 双边,双边 外贸 顺差 贸易 经贸,顺差 经贸 贸易 双边 外贸,贸易 经贸 外贸 顺差 双边
1064,4,0.42017780188475956,0.024270274506248135,0.75,逆 恶 邪 反,恶 邪 反 逆,反 恶 逆 邪,逆 恶 邪 反
1065,3,0.4935257695868313,0.11251010700734639,0.0,反复 翻来覆去 来回,来回 反复 翻来覆去,翻来覆去 反复 来回,反复 翻来覆去 来回
1066,5,0.5067366164016904,0.12602048155849815,0.0,赞成 同意 反对 否决 提议,否决 提议 反对 同意 赞成,赞成 否决 同意 反对 提议,赞成 同意 反对 否决 提议
1067,3,0.4734201728940319,0.12846171650961583,0.0,极端 恶劣 反常,反常 恶劣 极端,反常 极端 恶劣,极端 恶劣 反常
1068,2,0.513724411126705,0.20061237525493494,0.0,反馈 反应,反馈 反应,反应 反馈,反馈 反应
1069,5,0.5572170524427507,0.19822914189763155,0.0,反思 反省 审视 正视 检讨,审视 正视 检讨 反思 反省,审视 反思 反省 检讨 正视,反思 反省 审视 正视 检讨
1070,10,0.47617169626434547,0.048129174429587716,0.4,搏斗 抗争 斗争 英勇 战斗 奋勇 反抗 奋斗 挣扎 斗,奋勇 斗 挣扎 奋斗 反抗 战斗 英勇 斗争,斗争 斗 反抗 英勇 挣扎 奋勇 搏斗 奋斗 抗争 战斗,搏斗 抗争 斗争 英勇 战斗 奋勇 反抗 奋斗 挣扎 斗
1071,1,,0.0,0.0,反过来,反过来,反过来,反过来
1072,1,,0.0,0.0,发,发,发,发
1073,7,0.4471178475334992,-0.09396529244629462,1.0,火焰 燃烧 火 沸腾 热气 点燃 发光,燃烧 发光 热气 火焰 点燃 火 沸腾,火 热气 沸腾 发光 点燃 火焰 燃烧,火焰 燃烧 火 沸腾 热气 点燃 发光
1074,2,0.48921121926984523,0.1098883094238518,0.0,发出 散发,发出 散发,发出 散发,发出 散发
1075,5,0.5110860835821169,0.14447804043815757,0.0,振兴 复兴 繁荣 崛起 发展,发展 繁荣 崛起 复兴 振兴,发展 振兴 繁荣 崛起 复兴,振兴 复兴 繁荣 崛起 发展
1076,2,0.6435985625627116,0.38718389303987627,0.0,发火 发怒,发火 发怒,发怒 发火,发火 发怒
1077,4,0.5525348514570906,0.20141701126233935,0.0,挖掘 潜力 发掘 潜能,潜力 挖掘 潜能 发掘,潜力 潜能 挖掘 发掘,挖掘 潜力 发掘 潜能
1078,2,0.5434492031676115,0.19679683484146987,0.0,领取 发放,领取 发放,发放 领取,领取 发放
1079,6,0.48079423110768615,0.09170341411739708,0.3333333333333333,发觉 察觉 发现 认出 得知 觉,觉 得知 认出 察觉 发现 发觉,得知 发现 觉 发觉 认出 察觉,发觉 察觉 发现 认出 得知 觉
1080,8,0.5043672876445149,0.03486911630217624,0.25,能源 发电 电力 天然气 核能 太阳能 燃气 燃料,核能 燃料 燃气 发电 电力 天然气 太阳能 能源,核能 太阳能 电力 能源 发电 燃气 燃料 天然气,能源 发电 电力 天然气 核能 太阳能 燃气 燃料
1081,4,0.4311754119218276,0.018314249560590454,0.5,生长 发育 新陈代谢 栽培,栽培 新陈代谢 发育 生长,新陈代谢 生长 栽培 发育,生长 发育 新陈代谢 栽培
1082,7,0.5164221193937333,0.1030206769761836,0.2857142857142857,演讲 演说 讲课 发言 讲话 辩论 讲学,辩论 讲学 讲课 发言 讲话 演讲 演说,演说 演讲 讲话 讲课 发言 讲学 辩论,演讲 演说 讲课 发言 讲话 辩论 讲学
1083,3,0.4061048283325687,0.00892920527595191,0.6666666666666666,新闻 发言人 财经,财经 发言人 新闻,财经 新闻 发言人,新闻 发言人 财经
1084,4,0.4407875008361584,0.05027846131442888,0.25,完备 完整 完好 发达,发达 完备 完好 完整,完整 完好 完备 发达,完备 完整 完好 发达
1085,2,0.5345876891805876,0.19775424571684663,0.0,发酵 酿造,酿造 发酵,酿造 发酵,发酵 酿造
1086,4,0.4426878643522978,0.041988274175681184,0.25,放 搁 放到 取,取 放到 搁 放,取 搁 放 放到,放 搁 放到 取
1087,9,0.5081363433994965,0.10674901429871515,0.2222222222222222,获得 取得 得到 拿到 赢得 获 获取 收到 收获,收到 获取 收获 赢得 拿到 取得 获 得到,拿到 得到 收到 收获 获 获得 获取 赢得 取得,获得 取得 得到 拿到 赢得 获 获取 收到 收获
1088,1,,0.0,0.0,取经,取经,取经,取经
1089,8,0.4658888914036309,0.08234953088785757,0.25,整治 治理 整顿 根治 取缔 清理 防治 治,防治 清理 治 取缔 根治 治理 整顿 整治,取缔 治 根治 防治 清理 治理 整治 整顿,整治 治理 整顿 根治 取缔 清理 防治 治
1090,11,0.4707951057806762,-0.017806883926686903,0.6363636363636364,获胜 取胜 胜出 败 失利 战胜 胜 胜利 胜负 赢 失败,赢 胜出 胜 胜利 失败 胜负 败 战胜,获胜 取胜 失败 胜 赢 败 战胜 胜利 胜出 失利 胜负,获胜 取胜 胜出 败 失利 战胜 胜 胜利 胜负 赢 失败
1091,10,0.5069114118147021,0.16062777728848018,0.0,受到 遭受 遭到 受 遭遇 备受 经受 深受 受过 面临,面临 经受 受 遭遇 备受 受过 遭到 深受,受 备受 面临 遭遇 深受 受过 经受 受到 遭到 遭受,受到 遭受 遭到 受 遭遇 备受 经受 深受 受过 面临
1092,3,0.5023335038539791,0.11514188262514098,0.0,惊 大吃一惊 受惊,大吃一惊 受惊 惊,惊 受惊 大吃一惊,惊 大吃一惊 受惊
1093,6,0.4624961225579218,0.021242733032440893,0.3333333333333333,忍饥挨饿 受苦 忍受 折磨 吃不上 风餐露宿,吃不上 忍受 忍饥挨饿 风餐露宿 折磨 受苦,忍饥挨饿 忍受 风餐露宿 折磨 吃不上 受苦,忍饥挨饿 受苦 忍受 折磨 吃不上 风餐露宿
1094,4,0.5714346778974471,0.27598926590517364,0.0,变成 变为 变 成,成 变 变为 变成,变 成 变成 变为,变成 变为 变 成
1095,6,0.5052528732987276,0.13972455373652723,0.0,变化 变动 变迁 变革 演变 波动,变革 波动 演变 变化 变动 变迁,波动 变革 变迁 变化 变动 演变,变化 变动 变迁 变革 演变 波动
1096,5,0.5131803823144923,0.14475799765281164,0.0,遗传 变异 基因 杂交 进化,进化 杂交 基因 变异 遗传,进化 遗传 杂交 变异 基因,遗传 变异 基因 杂交 进化
1097,8,0.4693033614651076,0.049106434367110284,0.25,腐化 腐烂 腐朽 腐蚀 变质 腐败 污秽 变形,变形 污秽 腐败 腐朽 腐蚀 变质 腐烂 腐化,污秽 腐朽 腐烂 腐化 腐败 腐蚀 变质 变形,腐化 腐烂 腐朽 腐蚀 变质 腐败 污秽 变形
1098,3,0.5139635507908858,0.16016504018283065,0.0,换 更换 变换,更换 变换 换,换 更换 变换,换 更换 变换
1099,2,0.46757370809785415,0.08093129950885458,0.0,堆砌 叠,堆砌 叠,叠 堆砌,堆砌 叠
1100,4,0.5444930442815695,0.2240300050152029,0.0,指令 命令 指示 口令,口令 指示 命令 指令,指令 口令 命令 指示,指令 命令 指示 口令
1101,7,0.4335023553362709,-0.012711272750736576,0.7142857142857143,纲领 宣言 纲要 草案 议程 大纲 口号,口号 议程 宣言 草案 大纲 纲要 纲领,宣言 大纲 议程 草案 口号 纲要 纲领,纲领 宣言 纲要 草案 议程 大纲 口号
1102,2,0.45893429532071206,0.11254551058635193,0.0,顿 口吃,口吃 顿,顿 口吃,顿 口吃
1103,3,0.4753689788503373,0.10131134612271958,0.0,窟窿 口子 缺口,缺口 口子 窟窿,口子 缺口 窟窿,窟窿 口子 缺口
1104,1,,0.0,0.0,口径,口径,口径,口径
1105,16,0.5120846868609473,0.07656319558104986,0.375,神情 神态 眼神 表情 神气 语气 笑容 模样 脸色 样子 口气 笑脸,姿态 瞪 口气 模样 样子 漠然 语气 脸色,瞪 语气 脸色 模样 姿态 眼神 口气 样子 笑脸 漠然 笑容 神态,神情 神态 眼神 表情 神气 语气 笑容 模样 脸色 样子 口气 笑脸 眼色 漠然 姿态 瞪
1106,11,0.5283626332619246,0.14038202879887607,0.18181818181818182,泪水 眼泪 泪 淌 鼻涕 汗水 口水 流泪 鲜血 流淌 汗,汗 流淌 鲜血 鼻涕 淌 流泪 口水 汗水,流泪 流淌 泪水 汗 泪 淌 眼泪 口水 汗水 鲜血 鼻涕,泪水 眼泪 泪 淌 鼻涕 汗水 口水 流泪 鲜血 流淌 汗
1107,3,0.42226072381335467,0.026490007239925853,0.3333333333333333,口腔 牙 腔,牙 腔 口腔,牙 口腔 腔,口腔 牙 腔
1108,22,0.4708154204219922,0.023388901579154044,0.4090909090909091,饮料 汽水 啤酒 红酒 矿泉水 咖啡 可乐 酒 牙膏 沐浴露 葡萄酒 喝,酒 葡萄酒 香烟 酒水 奶粉 啤酒 纯净水 肥皂,纯净水 矿泉水 喝 沐浴露 奶粉 牙膏 洗衣粉 肥皂 可乐 汽水 红酒 酒精,饮料 汽水 啤酒 红酒 矿泉水 咖啡 可乐 酒 牙膏 沐浴露 葡萄酒 喝 香水 洗衣粉 纯净水 口香糖 香烟 茶 酒精 酒水 肥皂 奶粉
1109,2,0.5082529419416026,0.15644968911484167,0.0,古老 古,古老 古,古 古老,古老 古
1110,2,0.45506803722057865,0.029007136696353263,0.5,古人 古今中外,古人 古今中外,古人 古今中外,古人 古今中外
1111,8,0.44858292188243226,0.0459708128335332,0.5,近代 现代 古代 当代 古典 西方 现代化 朝代,古典 朝代 古代 现代化 西方 当代 近代 现代,古典 古代 现代 现代化 当代 朝代 西方 近代,近代 现代 古代 当代 古典 西方 现代化 朝代
1112,12,0.5260222885288407,0.15974808291673637,0.08333333333333333,景色 美景 风景 秀美 风光 名胜 秀丽 风貌 风情 景观 山川 古迹,景观 风貌 古迹 山川 风情 秀丽 名胜 秀美,美景 名胜 风光 风景 风情 风貌 景色 景观 古迹 秀丽 秀美 山川,景色 美景 风景 秀美 风光 名胜 秀丽 风貌 风情 景观 山川 古迹
1113,17,0.4953225781368613,0.09322204342281407,0.11764705882352941,词语 汉字 词汇 字母 句子 音节 读音 词 繁体字 文字 字 简体字,符号 成语 文字 错别字 句子 音节 简体字 字体,成语 读音 词汇 字 句子 错别字 汉字 词 简体字 符号 文字 字体,词语 汉字 词汇 字母 句子 音节 读音 词 繁体字 文字 字 简体字 字体 成语 错别字 符号 字眼
1114,11,0.4984949355575063,0.09708898865662702,0.18181818181818182,能够 能 可以 难以 无法 才能 能否 足以 得以 只能 可能,只能 可能 才能 难以 可以 足以 能否 无法,得以 无法 可以 能够 能否 足以 能 只能 才能 可能 难以,能够 能 可以 难以 无法 才能 能否 足以 得以 只能 可能
1115,1,,0.0,0.0,叫板,叫板,叫板,叫板
1116,2,0.6617533711006427,0.43069363504353886,0.0,可信 可靠,可靠 可信,可信 可靠,可信 可靠
1117,4,0.40205239925403197,-0.013260135426513091,0.75,嫌疑 疑点 可疑 嫌,嫌 疑点 可疑 嫌疑,嫌疑 嫌 可疑 疑点,嫌疑 疑点 可疑 嫌
1118,9,0.4837587195472669,-0.05495235303715421,0.6666666666666666,恰当 合适 合理 适当 妥当 适宜 可行 正确 适度,适宜 合适 正确 可行 妥当 适度 恰当 适当,妥当 正确 恰当 合适 适当 适度 适宜 可行 合理,恰当 合适 合理 适当 妥当 适宜 可行 正确 适度
1119,4,0.5010998633924274,0.10671058579750842,0.25,看出 看得出 可见 得出,得出 可见 看出 看得出,看出 得出 可见 看得出,看出 看得出 可见 得出
1120,4,0.46472594470808026,0.10217693388871849,0.0,巨大 可观 庞大 长足,长足 庞大 巨大 可观,长足 庞大 巨大 可观,巨大 可观 庞大 长足
1121,4,0.5037067333366783,0.17577902362196554,0.0,号称 堪称 可谓 自称,自称 可谓 堪称 号称,自称 可谓 堪称 号称,号称 堪称 可谓 自称
1122,9,0.5087886977523168,0.1338566464862955,0.1111111111111111,珍视 珍惜 珍重 爱惜 珍贵 可贵 宝贵 尊重 重视,重视 宝贵 珍贵 尊重 爱惜 可贵 珍重 珍惜,珍视 珍贵 珍重 爱惜 宝贵 尊重 珍惜 可贵 重视,珍视 珍惜 珍重 爱惜 珍贵 可贵 宝贵 尊重 重视
1123,3,0.44047109532897516,0.08338008920586681,0.0,台 套 部,部 套 台,台 套 部,台 套 部
1124,2,0.49369414773433573,0.16079565815254476,0.0,台阶 阶梯,台阶 阶梯,台阶 阶梯,台阶 阶梯
1125,2,0.9333816871768907,0.9008614202658657,0.0,右 左,右 左,右 左,右 左
1126,28,0.5074595505868132,0.09583982277717233,0.17857142857142858,柳树 松树 树木 柏树 桃树 槐树 棵 树叶 树枝 杨树 树梢 茂密,植物 枝 茎 草坪 奇花异草 栽 碧绿 果树,树荫 叶子 树木 树林 树枝 树梢 桃树 枝 树 栽 株 棵,柳树 松树 树木 柏树 桃树 槐树 棵 树叶 树枝 杨树 树梢 茂密 树林 果树 树 叶子 竹子 树荫 翠绿 株 茂盛 碧绿 草坪 奇花异草 枝 茎 植物 栽
1127,1,,0.0,0.0,号,号,号,号
1128,4,0.4914208507310683,0.05780343756133904,0.5,账号 账户 密码 号码,账户 号码 密码 账号,密码 号码 账号 账户,账号 账户 密码 号码
1129,12,0.46435791665514814,0.03553371493473408,0.3333333333333333,私家车 警车 开车 司机 车主 驾车 肇事 追尾 救护车 车牌 机动车 打车,打车 车主 追尾 车牌 驾车 机动车 警车 私家车,开车 追尾 打车 司机 肇事 私家车 警车 救护车 驾车 车主 车牌 机动车,私家车 警车 开车 司机 车主 驾车 肇事 追尾 救护车 车牌 机动车 打车
1130,3,0.4908451056803787,0.10861951394811403,0.0,比比皆是 随处可见 司空见惯,司空见惯 随处可见 比比皆是,比比皆是 随处可见 司空见惯,比比皆是 随处可见 司空见惯
1131,4,0.4372861708384308,0.06298587444731835,0.25,各地 各个 各 地方,地方 各地 各个 各,各 地方 各个 各地,各地 各个 各 地方
1132,7,0.4840601427144479,0.11083064186579736,0.0,各位 诸位 请 谢谢 敬请 您 欢迎,欢迎 谢谢 您 各位 请 诸位 敬请,您 欢迎 谢谢 请 诸位 各位 敬请,各位 诸位 请 谢谢 敬请 您 欢迎
1133,2,0.4698978980860199,0.11199633578530177,0.0,各奔前程 思前想后,思前想后 各奔前程,思前想后 各奔前程,各奔前程 思前想后
1134,4,0.49843395976905636,0.11956606617885711,0.0,自己 自身 各自 自我,自我 各自 自身 自己,自身 各自 自我 自己,自己 自身 各自 自我
1135,1,,0.0,0.0,合,合,合,合
1136,8,0.48779786880754783,0.0699743990253269,0.375,违背 遵守 遵循 违反 合乎 符合 服从 听从,符合 遵循 听从 合乎 违反 服从 遵守 违背,听从 服从 合乎 符合 遵守 遵循 违背 违反,违背 遵守 遵循 违反 合乎 符合 服从 听从
1137,3,0.3896378543747574,-0.03362275492690794,0.6666666666666666,合作社 社 大棚,大棚 社 合作社,社 合作社 大棚,合作社 社 大棚
1138,5,0.5439145213706287,0.20791978422330612,0.0,并购 重组 收购 整合 合并,整合 收购 合并 重组 并购,重组 收购 并购 合并 整合,并购 重组 收购 整合 合并
1139,2,0.4587010246589467,0.06661742031406062,0.0,签名 合影,签名 合影,签名 合影,签名 合影
1140,5,0.5135924522363412,0.19534821086156412,0.0,理所当然 天经地义 顺理成章 合情合理 无可厚非,合情合理 无可厚非 顺理成章 理所当然 天经地义,合情合理 无可厚非 天经地义 理所当然 顺理成章,理所当然 天经地义 顺理成章 合情合理 无可厚非
1141,3,0.5066538571537497,0.21131079730726934,0.0,达标 超标 合格,合格 超标 达标,超标 合格 达标,达标 超标 合格
1142,2,0.5697602359648041,0.26361252883964564,0.0,外资 合资,外资 合资,合资 外资,外资 合资
1143,2,0.48406133225279113,0.17357927908583487,0.0,吉利 标致,标致 吉利,标致 吉利,吉利 标致
1144,4,0.534387030389298,0.09955333192120562,0.25,寓意 象征 吉祥 吉祥物,吉祥 吉祥物 寓意 象征,寓意 象征 吉祥物 吉祥,寓意 象征 吉祥 吉祥物
1145,1,,0.0,0.0,同人,同人,同人,同人
1146,3,0.40365725861579566,0.006016774106345851,0.6666666666666666,年 多年 同年,多年 同年 年,年 同年 多年,年 多年 同年
1147,3,0.41542648167343366,0.06638559786188959,0.3333333333333333,期末 末 同期,同期 末 期末,末 期末 同期,期末 末 同期
1148,1,,0.0,0.0,同步,同步,同步,同步
1149,3,0.542244894739467,0.17532444945118628,0.0,同等 相等 平等,平等 相等 同等,平等 同等 相等,同等 相等 平等
1150,2,0.4666955873998704,0.1530718855412835,0.0,同类 同行,同行 同类,同类 同行,同类 同行
1151,1,,0.0,0.0,名义,名义,名义,名义
1152,7,0.4894134837388529,0.06479693750467581,0.14285714285714285,自私自利 损人利己 沽名钓誉 自以为是 见钱眼开 目中无人 名利,名利 见钱眼开 目中无人 自以为是 沽名钓誉 自私自利 损人利己,见钱眼开 名利 损人利己 自以为是 自私自利 目中无人 沽名钓誉,自私自利 损人利己 沽名钓誉 自以为是 见钱眼开 目中无人 名利
1153,1,,0.0,0.0,名片,名片,名片,名片
1154,5,0.47624381818672157,0.04258012914253338,0.4,药材 名贵 特产 野生 香料,香料 野生 名贵 药材 特产,名贵 药材 香料 野生 特产,药材 名贵 特产 野生 香料
1155,8,0.527566502028366,0.15558456442117555,0.125,子孙 后代 后裔 祖先 祖宗 后人 辈 子弟,子弟 辈 后裔 后人 祖先 祖宗 后代 子孙,祖先 祖宗 子孙 子弟 后人 后代 辈 后裔,子孙 后代 后裔 祖先 祖宗 后人 辈 子弟
1156,6,0.45671772523826093,0.021284526205113216,0.5,明年 后年 将来 来年 明日 届时,将来 来年 届时 明日 后年 明年,届时 明日 明年 后年 将来 来年,明年 后年 将来 来年 明日 届时
1157,4,0.4679428890338349,0.1133513059091626,0.0,后盾 强大 坚强 支柱,支柱 强大 坚强 后盾,坚强 后盾 强大 支柱,后盾 强大 坚强 支柱
1158,8,0.509750255936069,0.14995560247011658,0.125,退让 退缩 后退 退却 畏缩 让步 屈服 退,退 畏缩 让步 屈服 后退 退让 退却 退缩,屈服 退 退却 畏缩 退缩 让步 退让 后退,退让 退缩 后退 退却 畏缩 让步 屈服 退
1159,2,0.4542439088712147,0.07719496779644713,0.0,后遗症 心病,心病 后遗症,心病 后遗症,后遗症 心病
1160,8,0.4451188616401537,-0.029465669469201095,0.375,吓 晕 呛 憋 吐 吼 昏 轰,吐 昏 憋 轰 吓 呛 吼 晕,吼 吐 吓 呛 晕 昏 憋 轰,吓 晕 呛 憋 吐 吼 昏 轰
1161,8,0.5092030046149306,0.08131850031714034,0.25,向着 朝着 沿着 往 顺着 向前 向 朝,向前 向 沿着 顺着 朝 往 向着 朝着,向 往 顺着 朝 向着 向前 沿着 朝着,向着 朝着 沿着 往 顺着 向前 向 朝
1162,1,,0.0,0.0,向上,向上,向上,向上
1163,14,0.4800229220790237,0.018322634532748617,0.35714285714285715,骗人 撒谎 谎话 欺骗 骗 谎言 吓唬 讹诈 说谎 骗子 吹牛 忽悠,吹牛 骗 谎言 吓唬 骗子 胡说 说谎 欺骗,撒谎 吹牛 耍赖 吓唬 胡说 欺骗 骗 讹诈 忽悠 谎言 谎话 骗子,骗人 撒谎 谎话 欺骗 骗 谎言 吓唬 讹诈 说谎 骗子 吹牛 忽悠 耍赖 胡说
1164,2,0.5363173086918505,0.15484419454279608,0.0,圣贤 君子,圣贤 君子,圣贤 君子,圣贤 君子
1165,1,,0.0,0.0,吞,吞,吞,吞
1166,2,0.4616369023275345,0.06335762288089816,0.0,税 含,税 含,含 税,税 含
1167,8,0.5164458356313749,0.14872368939296268,0.0,含义 涵义 意思 来历 由来 用意 意义 渊源,意义 渊源 用意 意思 来历 由来 涵义 含义,意义 用意 意思 渊源 涵义 由来 来历 含义,含义 涵义 意思 来历 由来 用意 意义 渊源
1168,4,0.44816715320432193,0.045789016201253196,0.5,蕴涵 蕴藏 含有 赋予,含有 赋予 蕴藏 蕴涵,含有 蕴涵 蕴藏 赋予,蕴涵 蕴藏 含有 赋予
1169,11,0.5017928049619292,0.10812280061267175,0.09090909090909091,蛋白质 脂肪 钙 富含 含量 膳食 营养 热量 维生素 纤维 水分,纤维 富含 水分 膳食 营养 维生素 含量 热量,脂肪 含量 营养 维生素 钙 水分 热量 富含 膳食 蛋白质 纤维,蛋白质 脂肪 钙 富含 含量 膳食 营养 热量 维生素 纤维 水分
1170,2,0.49602215550937734,0.13233008074332736,0.0,闻 听,闻 听,听 闻,闻 听
1171,23,0.4791735044824339,0.02844261979220495,0.4782608695652174,碰见 遇见 见到 看见 碰到 遇到 看到 碰上 遇上 听到 见过 想到,料到 知道 想到 记得 路过 听到 听说 望见,看到 遇上 碰见 遇到 梦见 想到 遇 听到 料到 见 路过 结识,碰见 遇见 见到 看见 碰到 遇到 看到 碰上 遇上 听到 见过 想到 想起 梦见 听说 望见 路过 料到 知道 见 记得 结识 遇
1172,4,0.4921717901536313,0.1300722727288024,0.25,宣布 正式 宣告 启动,启动 宣告 正式 宣布,启动 宣布 宣告 正式,宣布 正式 宣告 启动
1173,7,0.454983514481891,0.05967468315063559,0.2857142857142857,启发 启示 鼓舞 鞭策 启迪 教训 激励,教训 激励 鼓舞 启示 鞭策 启迪 启发,启迪 激励 启发 启示 教训 鼓舞 鞭策,启发 启示 鼓舞 鞭策 启迪 教训 激励
1174,2,0.4536447329347948,0.07742368653489834,0.0,吸 抽,抽 吸,吸 抽,吸 抽
1175,3,0.43176399412157807,0.06196409085195944,0.3333333333333333,吸收 吸取 消化,消化 吸取 吸收,吸取 吸收 消化,吸收 吸取 消化
1176,6,0.5076660030090605,0.04069544321220048,0.3333333333333333,唤起 激起 激发 打动 触动 吸引,激发 吸引 触动 激起 唤起 打动,触动 激发 唤起 吸引 激起 打动,唤起 激起 激发 打动 触动 吸引
1177,5,0.4565340515056103,0.06542200806451537,0.2,接纳 接收 吸纳 容纳 接受,吸纳 接收 接受 容纳 接纳,吸纳 容纳 接受 接收 接纳,接纳 接收 吸纳 容纳 接受
1178,2,0.4522276380205481,0.09681261807058841,0.0,拥抱 吻,拥抱 吻,吻 拥抱,拥抱 吻
1179,3,0.48161391585948726,0.1160885503277647,0.0,告状 打官司 告,打官司 告 告状,告 打官司 告状,告状 打官司 告
1180,6,0.4954960992799401,0.11216264773498404,0.0,送别 送行 握手 诀别 告别 招手,握手 招手 告别 诀别 送行 送别,诀别 送别 握手 送行 招手 告别,送别 送行 握手 诀别 告别 招手
1181,7,0.4798439095762991,0.026316183036150492,0.42857142857142855,标语 张贴 告示 醒目 招牌 海报 牌子,醒目 标语 牌子 海报 招牌 告示 张贴,海报 标语 张贴 牌子 招牌 告示 醒目,标语 张贴 告示 醒目 招牌 海报 牌子
1182,8,0.5009880566103617,0.1106771367611378,0.125,队员 球员 队长 队 球队 领队 外援 员,球队 员 外援 队 领队 队长 球员 队员,员 球员 球队 队 领队 外援 队员 队长,队员 球员 队长 队 球队 领队 外援 员
1183,2,0.5095481308703707,0.21053433930848417,0.0,本 周,周 本,周 本,本 周
1184,5,0.49115243619385485,0.13295840962262878,0.2,周围 周边 四周 附近 环绕,环绕 附近 周边 四周 周围,周围 四周 周边 环绕 附近,周围 周边 四周 附近 环绕
1185,1,,0.0,0.0,周期,周期,周期,周期
1186,13,0.5081375498997168,0.10843929424067299,0.15384615384615385,浓郁 味道 味儿 气息 醇厚 气味 芬芳 浓重 腥 浓厚 滋味 弥漫,弥漫 腥 浓厚 滋味 浓重 扑面而来 芬芳 气味,气味 气息 扑面而来 浓重 浓郁 醇厚 腥 芬芳 味儿 味道 滋味 浓厚,浓郁 味道 味儿 气息 醇厚 气味 芬芳 浓重 腥 浓厚 滋味 弥漫 扑面而来
1187,4,0.47856942357244886,0.09129009788927317,0.25,味精 盐 淀粉 酸,酸 淀粉 味精 盐,淀粉 盐 酸 味精,味精 盐 淀粉 酸
1188,4,0.4399178847852027,0.021015896429212307,0.5,呼唤 呼声 呼吁 喊,喊 呼吁 呼声 呼唤,喊 呼吁 呼唤 呼声,呼唤 呼声 呼吁 喊
1189,3,0.4558774137863697,0.0680063562348343,0.0,呼吸 窒息 喘息,窒息 喘息 呼吸,呼吸 窒息 喘息,呼吸 窒息 喘息
1190,5,0.534532576865543,0.20685829407049433,0.0,衬托 烘托 点缀 呼应 画龙点睛,画龙点睛 呼应 点缀 衬托 烘托,呼应 烘托 点缀 画龙点睛 衬托,衬托 烘托 点缀 呼应 画龙点睛
1191,1,,0.0,0.0,呼风唤雨,呼风唤雨,呼风唤雨,呼风唤雨
1192,4,0.5360445875109524,0.16621731593803166,0.0,性命 命 生命 生死,生死 生命 命 性命,命 生死 生命 性命,性命 命 生命 生死
1193,10,0.47240481978025983,0.06367975690249407,0.2,和睦 和平 和谐 安宁 平和 安定 祥和 和平共处 缓和 和解,平和 缓和 祥和 安定 和解 和平共处 和谐 安宁,和平共处 和谐 和解 和睦 和平 安宁 安定 缓和 祥和 平和,和睦 和平 和谐 安宁 平和 安定 祥和 和平共处 缓和 和解
1194,2,0.48326638221488616,0.09366102536987789,0.0,温和 和气,温和 和气,和气 温和,温和 和气
1195,2,0.46562961215607745,0.09159203384816347,0.0,咨询 服务,服务 咨询,服务 咨询,咨询 服务
1196,4,0.47035758731490257,0.07515424445090121,0.0,鲜 嫩 新鲜 咸,嫩 新鲜 咸 鲜,咸 嫩 鲜 新鲜,鲜 嫩 新鲜 咸
1197,2,0.45241086090435967,0.0873292100957038,0.0,要害 咽喉,咽喉 要害,咽喉 要害,要害 咽喉
1198,1,,0.0,0.0,品,品,品,品
1199,3,0.516451027581073,0.19391529474097538,0.0,品质 质量 品位,品位 质量 品质,品位 质量 品质,品质 质量 品位
1200,2,0.4937438975830004,0.1261335304618413,0.0,品牌 老字号,老字号 品牌,老字号 品牌,品牌 老字号
1201,3,0.4700941467554731,0.07933699830647561,0.0,美德 品行 教养,教养 品行 美德,美德 品行 教养,美德 品行 教养
1202,2,0.47853158746025704,0.12504247467288565,0.0,宠 哄,哄 宠,哄 宠,宠 哄
1203,3,0.5899867333647033,0.30145609136584983,0.0,哄堂大笑 哗然 鸦雀无声,哗然 鸦雀无声 哄堂大笑,哄堂大笑 哗然 鸦雀无声,哄堂大笑 哗然 鸦雀无声
1204,1,,0.0,0.0,哑,哑,哑,哑
1205,1,,0.0,0.0,哥,哥,哥,哥
1206,3,0.4359402436057634,0.044261985640162954,0.3333333333333333,熏陶 哺育 灌输,哺育 灌输 熏陶,熏陶 哺育 灌输,熏陶 哺育 灌输
1207,7,0.5088353930688696,0.10571841921788873,0.14285714285714285,售票 退票 票价 机票 门票 旅客 客流,客流 旅客 机票 门票 售票 票价 退票,旅客 客流 退票 票价 售票 门票 机票,售票 退票 票价 机票 门票 旅客 客流
1208,6,0.47121637920637566,0.043709903929944505,0.3333333333333333,小贩 商贩 售货员 服务员 清洁工 商贾,商贾 服务员 清洁工 售货员 小贩 商贩,清洁工 小贩 服务员 售货员 商贾 商贩,小贩 商贩 售货员 服务员 清洁工 商贾
1209,1,,0.0,0.0,唯,唯,唯,唯
1210,5,0.5419348825890123,0.1761805246916877,0.0,粪便 尿 粪 唾液 血,血 唾液 粪 尿 粪便,尿 粪 血 唾液 粪便,粪便 尿 粪 唾液 血
1211,2,0.5215132343512471,0.1822452143145028,0.0,商务 商业,商业 商务,商务 商业,商务 商业
1212,2,0.5144255239607871,0.1731745068328054,0.0,大宗 商品,商品 大宗,商品 大宗,大宗 商品
1213,2,0.4893779655550716,0.15338707750433078,0.0,购物 商城,购物 商城,商城 购物,购物 商城
1214,11,0.5127750014811542,0.1427645497282002,0.0,谈论 谈 探讨 讨论 商讨 畅谈 谈起 聊 谈到 研讨 商量,商量 谈到 研讨 谈起 探讨 商讨 讨论 畅谈,谈到 畅谈 探讨 研讨 聊 谈 谈论 谈起 讨论 商量 商讨,谈论 谈 探讨 讨论 商讨 畅谈 谈起 聊 谈到 研讨 商量
1215,1,,0.0,0.0,啦啦队,啦啦队,啦啦队,啦啦队
1216,4,0.4530641777390609,0.023098633306326707,0.5,巧 妙 善 识,巧 识 妙 善,善 妙 巧 识,巧 妙 善 识
1217,2,0.5916852737181413,0.2775006636913413,0.0,恶意 善意,善意 恶意,善意 恶意,恶意 善意
1218,1,,0.0,0.0,喜怒哀乐,喜怒哀乐,喜怒哀乐,喜怒哀乐
1219,7,0.5173322621321972,0.11363634270001456,0.14285714285714285,幸福 甜蜜 欢乐 美满 美好 温馨 喜悦,喜悦 欢乐 美好 温馨 美满 甜蜜 幸福,欢乐 幸福 甜蜜 美满 温馨 美好 喜悦,幸福 甜蜜 欢乐 美满 美好 温馨 喜悦
1220,1,,0.0,0.0,喜洋洋,喜洋洋,喜洋洋,喜洋洋
1221,9,0.5181517613521459,0.14307769041114116,0.0,礼品 礼物 送礼 请柬 贺卡 喜糖 请帖 红包 礼,礼 红包 请柬 送礼 贺卡 请帖 喜糖 礼品,礼 请帖 送礼 请柬 红包 礼物 礼品 贺卡 喜糖,礼品 礼物 送礼 请柬 贺卡 喜糖 请帖 红包 礼
1222,8,0.5132081077769526,0.09964648789725314,0.125,喧闹 熙熙攘攘 热闹 喧哗 拥挤 繁华 欢声笑语 张灯结彩,张灯结彩 欢声笑语 拥挤 喧哗 热闹 繁华 熙熙攘攘 喧闹,熙熙攘攘 张灯结彩 欢声笑语 繁华 拥挤 喧闹 喧哗 热闹,喧闹 熙熙攘攘 热闹 喧哗 拥挤 繁华 欢声笑语 张灯结彩
1223,4,0.4783237977964913,0.09226620128572857,0.0,泼 喷 溅 灌,灌 溅 喷 泼,喷 灌 溅 泼,泼 喷 溅 灌
1224,3,0.590743932628924,0.31692850929053634,0.0,来宾 嘉宾 贵宾,嘉宾 贵宾 来宾,嘉宾 贵宾 来宾,来宾 嘉宾 贵宾
1225,3,0.5820268113857822,0.2725693849392828,0.0,狂欢节 狂欢 嘉年华,嘉年华 狂欢 狂欢节,嘉年华 狂欢节 狂欢,狂欢节 狂欢 嘉年华
1226,7,0.5120337099202549,0.10630942998190353,0.14285714285714285,用品 文具 家具 玩具 物品 工艺品 器材,器材 工艺品 物品 玩具 家具 文具 用品,物品 工艺品 用品 玩具 器材 家具 文具,用品 文具 家具 玩具 物品 工艺品 器材
1227,2,0.49298308034003124,0.09994298968746826,0.0,杠铃 器械,杠铃 器械,器械 杠铃,杠铃 器械
1228,1,,0.0,0.0,囚犯,囚犯,囚犯,囚犯
1229,5,0.4702287466218408,0.07710091053946386,0.2,川流不息 络绎不绝 四面八方 成群结队 源源不断,四面八方 成群结队 源源不断 络绎不绝 川流不息,川流不息 成群结队 源源不断 络绎不绝 四面八方,川流不息 络绎不绝 四面八方 成群结队 源源不断
1230,4,0.4665403246714995,0.1266476763284388,0.0,退回 收回 归还 回,回 归还 收回 退回,回 收回 退回 归还,退回 收回 归还 回
1231,9,0.5101484686110541,0.10905453109848245,0.3333333333333333,回答 答复 回复 答案 解答 提问 回应 答 评论,评论 答 回应 提问 答复 解答 回复 答案,答 解答 答案 答复 回应 回复 回答 提问 评论,回答 答复 回复 答案 解答 提问 回应 答 评论
1232,4,0.4731980914747302,0.09228561486434211,0.0,重返 脱离 远离 回归,远离 重返 回归 脱离,远离 回归 脱离 重返,重返 脱离 远离 回归
1233,4,0.49804657872824576,0.15023084747680013,0.0,日记 笔记 回忆录 记,记 回忆录 笔记 日记,笔记 回忆录 记 日记,日记 笔记 回忆录 记
1234,7,0.4611377745929141,0.07736258039363865,0.14285714285714285,报答 恩惠 感恩 回馈 恩赐 恩人 回报,恩人 回馈 报答 恩赐 回报 感恩 恩惠,恩赐 回馈 报答 回报 恩惠 恩人 感恩,报答 恩惠 感恩 回馈 恩赐 恩人 回报
1235,6,0.4973763814629011,0.0882104321032162,0.3333333333333333,废物 废品 垃圾 废 回收 报废,回收 垃圾 报废 废 废物 废品,废 废物 废品 报废 回收 垃圾,废物 废品 垃圾 废 回收 报废
1236,3,0.528311678555288,0.19022135969505097,0.0,逃避 回避 避,逃避 避 回避,逃避 回避 避,逃避 回避 避
1237,2,0.46043515876789143,0.10426800591603264,0.0,峰回路转 回首,峰回路转 回首,峰回路转 回首,峰回路转 回首
1238,1,,0.0,0.0,因,因,因,因
1239,3,0.5671693304593847,0.23253004725035034,0.0,考量 考虑 因素,因素 考虑 考量,因素 考虑 考量,考量 考虑 因素
1240,3,0.4489873828429964,0.11318624775513238,0.0,团员 成员 团,团 成员 团员,团 团员 成员,团员 成员 团
1241,3,0.5099821610164711,0.16895016422037415,0.0,团体 社团 组织,组织 社团 团体,组织 团体 社团,团体 社团 组织
1242,2,0.5390311979911238,0.23643819336218624,0.0,团聚 欢聚,欢聚 团聚,欢聚 团聚,团聚 欢聚
1243,3,0.46455837522017757,0.10222534913714121,0.0,队伍 团队 支,支 团队 队伍,支 队伍 团队,队伍 团队 支
1244,1,,0.0,0.0,园地,园地,园地,园地
1245,10,0.46025535373554477,0.05030338914764304,0.2,渴 馋 饿 困 烦 饱 累 醉 懒 爽,醉 烦 懒 爽 饱 馋 累 困,困 累 烦 爽 懒 渴 饱 饿 馋 醉,渴 馋 饿 困 烦 饱 累 醉 懒 爽
1246,10,0.5221356855680236,0.12545898153222074,0.3,疑虑 担忧 忧虑 顾虑 担心 怀疑 疑问 恐慌 误解 困扰,误解 恐慌 困扰 疑问 担心 怀疑 顾虑 忧虑,困扰 忧虑 误解 恐慌 怀疑 顾虑 担心 担忧 疑问 疑虑,疑虑 担忧 忧虑 顾虑 担心 怀疑 疑问 恐慌 误解 困扰
1247,3,0.5035967253550789,0.11430221201003987,0.0,屋顶 烟囱 围墙,围墙 烟囱 屋顶,烟囱 围墙 屋顶,屋顶 烟囱 围墙
1248,6,0.4824520885444502,0.04222575699103296,0.3333333333333333,着眼于 着眼 着重 围绕 着手 立足,着手 立足 着重 围绕 着眼 着眼于,着眼于 着眼 着手 着重 立足 围绕,着眼于 着眼 着重 围绕 着手 立足
1249,1,,0.0,0.0,固定,固定,固定,固定
1250,2,0.4731348910554185,0.0575986319410496,0.5,国 邻国,邻国 国,国 邻国,国 邻国
1251,1,,0.0,0.0,国产,国产,国产,国产
1252,4,0.4165939980681482,0.02153770928074985,0.5,土地 国土 开垦 流转,流转 开垦 国土 土地,流转 开垦 国土 土地,土地 国土 开垦 流转
1253,6,0.4834166346805612,0.14055886222360528,0.0,瑰宝 宝库 宝藏 遗产 国宝 精华,国宝 精华 遗产 宝藏 宝库 瑰宝,宝藏 瑰宝 国宝 遗产 宝库 精华,瑰宝 宝库 宝藏 遗产 国宝 精华
1254,1,,0.0,0.0,国家,国家,国家,国家
1255,4,0.5218011019436832,0.19884418278346483,0.0,国旗 旗帜 国徽 锦旗,锦旗 旗帜 国徽 国旗,旗帜 锦旗 国徽 国旗,国旗 旗帜 国徽 锦旗
1256,1,,0.0,0.0,国情,国情,国情,国情
1257,4,0.4810607683474113,0.14680237517532474,0.0,私有 私营 私人 国有,国有 私营 私人 私有,私营 国有 私有 私人,私有 私营 私人 国有
1258,5,0.44525380598000436,0.05230172327531839,0.4,性别 国籍 姓名 身份 种族,种族 姓名 身份 国籍 性别,种族 国籍 姓名 性别 身份,性别 国籍 姓名 身份 种族
1259,3,0.592204062644459,0.32751239189613474,0.0,图 图片 图表,图表 图片 图,图 图片 图表,图 图片 图表
1260,17,0.4865031782376645,0.045306981423189265,0.35294117647058826,相机 摄像 拍照 镜头 拍摄 照片 摄像机 相片 照相 摄影 影像 胶片,照 拍摄 拍 图像 摄影师 照片 相机 焦距,拍照 图像 拍摄 摄影师 摄像机 摄像 摄影 照 拍 照片 照相 胶片,相机 摄像 拍照 镜头 拍摄 照片 摄像机 相片 照相 摄影 影像 胶片 拍 摄影师 图像 焦距 照
1261,3,0.4428537100529224,0.04387742849785647,0.3333333333333333,资料 档案 图纸,图纸 档案 资料,图纸 资料 档案,资料 档案 图纸
1262,4,0.500776645760396,0.1601037381955895,0.0,顺利 成功 圆满 如愿以偿,如愿以偿 圆满 顺利 成功,顺利 成功 如愿以偿 圆满,顺利 成功 圆满 如愿以偿
1263,12,0.4663607723234716,0.04018457471667381,0.4166666666666667,圆珠笔 铅笔 钢笔 毛笔 墨水 本子 橡皮 字迹 牙刷 火柴 黑板 笔,火柴 笔 墨水 牙刷 黑板 字迹 本子 橡皮,铅笔 笔 本子 墨水 牙刷 圆珠笔 毛笔 火柴 钢笔 橡皮 黑板 字迹,圆珠笔 铅笔 钢笔 毛笔 墨水 本子 橡皮 字迹 牙刷 火柴 黑板 笔
1264,3,0.47970121470300847,0.11809965035229399,0.0,圈 圈子 界,界 圈子 圈,圈 界 圈子,圈 圈子 界
1265,5,0.4837560684144462,0.059858618900919834,0.4,陷阱 圈套 诱饵 迷惑 诱惑,陷阱 诱惑 诱饵 迷惑 圈套,诱惑 圈套 迷惑 诱饵 陷阱,陷阱 圈套 诱饵 迷惑 诱惑
1266,2,0.4958053781173939,0.16538395459391167,0.0,土 杂,土 杂,土 杂,土 杂
1267,7,0.49191181706099196,0.09668955673854059,0.0,强盗 土匪 流氓 贼 海盗 盗 无恶不作,贼 盗 海盗 无恶不作 流氓 土匪 强盗,流氓 无恶不作 盗 海盗 强盗 贼 土匪,强盗 土匪 流氓 贼 海盗 盗 无恶不作
1268,2,0.5330395418609759,0.23392616913814812,0.0,在于 莫过于,在于 莫过于,在于 莫过于,在于 莫过于
1269,2,0.4798991383553719,0.07453554811931468,0.0,等 在内,等 在内,等 在内,等 在内
1270,1,,0.0,0.0,在线,在线,在线,在线
1271,1,,0.0,0.0,地,地,地,地
1272,4,0.4985060609261849,0.08741929924784607,0.25,地上 地面 地下 空地,空地 地下 地面 地上,空地 地面 地上 地下,地上 地面 地下 空地
1273,8,0.5224917437986566,0.1288107759168781,0.25,水源 饮用水 污水 地下水 自来水 饮水 水 污染,污染 水 饮水 自来水 污水 地下水 饮用水 水源,污染 污水 水 饮用水 地下水 水源 自来水 饮水,水源 饮用水 污水 地下水 自来水 饮水 水 污染
1274,3,0.47530039097295945,0.1011499480242312,0.0,导航 地图 指南针,指南针 地图 导航,地图 导航 指南针,导航 地图 指南针
1275,5,0.46702687096636614,0.0721273623205266,0.2,地理 地质 地形 天文 气象,天文 气象 地形 地质 地理,地质 地形 地理 天文 气象,地理 地质 地形 天文 气象
1276,2,0.4776169253445166,0.09901637147644667,0.0,地步 境界,地步 境界,地步 境界,地步 境界
1277,2,0.45703057692218785,0.09690932711593157,0.0,场 轮,场 轮,场 轮,场 轮
1278,7,0.4806467604673637,0.09927289234421441,0.2857142857142857,场面 情景 画面 场景 景象 情节 细节,景象 细节 情节 画面 场景 情景 场面,情节 细节 场面 画面 景象 场景 情景,场面 情景 画面 场景 景象 情节 细节
1279,3,0.40853449028210376,0.004503273591651706,0.6666666666666666,适量 毫升 均匀,毫升 均匀 适量,适量 均匀 毫升,适量 毫升 均匀
1280,4,0.45929201287283394,0.044204915177491325,0.25,均衡 稳定 平衡 安全,安全 稳定 平衡 均衡,稳定 平衡 安全 均衡,均衡 稳定 平衡 安全
1281,5,0.47810724269664207,0.0492794984314603,0.2,烂 糟 坏 糟糕 脏,脏 糟糕 坏 糟 烂,坏 糟 烂 脏 糟糕,烂 糟 坏 糟糕 脏
1282,4,0.5430725687033862,0.19217974713964334,0.25,耸立 屹立 坐落 鹤立鸡群,鹤立鸡群 坐落 屹立 耸立,坐落 屹立 耸立 鹤立鸡群,耸立 屹立 坐落 鹤立鸡群
1283,2,0.45084624980314714,0.08893935604006276,0.0,坑 槽,坑 槽,坑 槽,坑 槽
1284,9,0.4950070984537758,0.12077447570213845,0.0,坚实 稳固 牢固 根基 基础 坚固 扎实 牢 奠定,奠定 扎实 坚固 稳固 牢 根基 基础 牢固,稳固 基础 坚固 坚实 牢 奠定 根基 扎实 牢固,坚实 稳固 牢固 根基 基础 坚固 扎实 牢 奠定
1285,3,0.5648839323194056,0.2329375703325883,0.0,守 坚守 守候,坚守 守候 守,坚守 守 守候,守 坚守 守候
1286,3,0.4380169746601153,0.033079600346852624,0.6666666666666666,坚持 本着 坚定,本着 坚定 坚持,坚定 本着 坚持,坚持 本着 坚定
1287,1,,0.0,0.0,坛,坛,坛,坛
1288,11,0.5021515316360085,0.051775603658240965,0.2727272727272727,河 坝 河流 水库 堤 堤坝 湖 沟 运河 桥 流域,桥 沟 流域 堤 堤坝 河 湖 运河,运河 坝 堤 流域 湖 沟 河 河流 桥 堤坝 水库,河 坝 河流 水库 堤 堤坝 湖 沟 运河 桥 流域
1289,2,0.5416128090976602,0.20091194393821335,0.0,陡 坡,坡 陡,坡 陡,陡 坡
1290,11,0.49552008358984784,0.10097789768392186,0.09090909090909091,子弹 枪 炸弹 炮 手枪 炸药 火药 导弹 弹 武器 坦克,武器 坦克 炮 枪 火药 导弹 弹 手枪,子弹 弹 坦克 炮 枪 武器 火药 炸药 导弹 炸弹 手枪,子弹 枪 炸弹 炮 手枪 炸药 火药 导弹 弹 武器 坦克
1291,3,0.4366400381853153,0.03840434329369621,0.6666666666666666,垄断 暴利 滥用,暴利 滥用 垄断,暴利 垄断 滥用,垄断 暴利 滥用
1292,2,0.468574136282252,0.13523855647963384,0.0,式 型,型 式,型 式,式 型
1293,2,0.47372649285936586,0.08133584846676668,0.0,盖 垫,垫 盖,垫 盖,盖 垫
1294,4,0.5158891619674145,0.14335457432472623,0.25,埋 埋藏 藏 埋没,埋没 藏 埋藏 埋,埋 埋没 埋藏 藏,埋 埋藏 藏 埋没
1295,10,0.5013284354157294,0.04827329532963812,0.4,躲藏 藏身 躲 隐蔽 藏匿 隐藏 躲避 隐身 埋伏 脱身,躲避 脱身 隐身 隐藏 埋伏 躲 藏匿 隐蔽,脱身 埋伏 躲 躲避 躲藏 藏身 藏匿 隐身 隐藏 隐蔽,躲藏 藏身 躲 隐蔽 藏匿 隐藏 躲避 隐身 埋伏 脱身
1296,2,0.4587478573532682,0.024265587981932724,0.0,城里 城,城里 城,城 城里,城里 城
1297,3,0.4255768619408362,0.009313025095944704,0.3333333333333333,城墙 堡垒 长城,城墙 长城 堡垒,城墙 堡垒 长城,城墙 堡垒 长城
1298,8,0.5000037599380744,0.0019845543925983943,0.5,鉴于 对于 由于 基于 得益于 随着 针对 纵观,由于 针对 随着 纵观 鉴于 得益于 对于 基于,基于 对于 得益于 纵观 由于 随着 鉴于 针对,鉴于 对于 由于 基于 得益于 随着 针对 纵观
1299,1,,0.0,0.0,基准,基准,基准,基准
1300,9,0.5115406166349555,0.1308546122023273,0.3333333333333333,大概 大致 大体上 大体 大约 起码 至少 顶多 基本,大约 基本 顶多 至少 起码 大致 大体 大体上,基本 顶多 大体上 大体 大约 大概 大致 至少 起码,大概 大致 大体上 大体 大约 起码 至少 顶多 基本
1301,2,0.5114507276102231,0.19586588950221775,0.0,学堂 堂,学堂 堂,堂 学堂,学堂 堂
1302,3,0.47031077573667607,0.05581264470175956,0.3333333333333333,挤 堵 搭,搭 堵 挤,堵 搭 挤,挤 堵 搭
1303,3,0.4343485349960084,0.08386620633219803,0.0,瓦 塔 格,格 塔 瓦,塔 瓦 格,瓦 塔 格
1304,2,0.4918310809143449,0.14110578808186752,0.0,塞 挪,塞 挪,塞 挪,塞 挪
1305,2,0.5244869951965532,0.18734285336202983,0.0,填 填充,填充 填,填 填充,填 填充
1306,4,0.5070502374605333,0.03423611608105119,0.5,弥补 补救 填补 挽回,填补 补救 挽回 弥补,补救 挽回 弥补 填补,弥补 补救 填补 挽回
1307,1,,0.0,0.0,境内,境内,境内,境内
1308,4,0.44122888606728367,0.04019854371183135,0.5,苗 肥 田 壮,壮 田 肥 苗,壮 田 肥 苗,苗 肥 田 壮
1309,8,0.5726234251949531,0.23601300518057322,0.0,宏伟 壮丽 雄伟 壮观 宏大 气势 气派 庄严,庄严 气势 气派 壮丽 壮观 宏大 雄伟 宏伟,气势 壮观 气派 宏大 宏伟 壮丽 庄严 雄伟,宏伟 壮丽 雄伟 壮观 宏大 气势 气派 庄严
1310,5,0.4763367838662361,0.08814951533577914,0.2,扩张 扩展 膨胀 扩 壮大,膨胀 壮大 扩 扩展 扩张,扩 膨胀 扩张 扩展 壮大,扩张 扩展 膨胀 扩 壮大
1311,2,0.4934696940320582,0.13318332036214856,0.0,壮胆 敲边鼓,壮胆 敲边鼓,壮胆 敲边鼓,壮胆 敲边鼓
1312,2,0.45768469631069786,0.13761823644482185,0.0,郑重 声明,郑重 声明,郑重 声明,郑重 声明
1313,1,,0.0,0.0,壳,壳,壳,壳
1314,2,0.5026009845558561,0.20827339480025964,0.0,此处 处,此处 处,处 此处,此处 处
1315,2,0.6441766242949168,0.4150069111501941,0.0,处置 处理,处置 处理,处置 处理,处置 处理
1316,2,0.45396146485396904,0.09989988182289392,0.0,备用 应急,应急 备用,备用 应急,备用 应急
1317,1,,0.0,0.0,复合,复合,复合,复合
1318,4,0.47882251847043067,0.11763871337446692,0.0,餐 餐饮 外卖 自助,自助 餐饮 外卖 餐,餐 餐饮 外卖 自助,餐 餐饮 外卖 自助
1319,1,,0.0,0.0,外来,外来,外来,外来
1320,1,,0.0,0.0,外界,外界,外界,外界
1321,5,0.4971785949882845,0.137749612930546,0.4,外表 外貌 长相 家境 表面,表面 家境 长相 外貌 外表,长相 外貌 外表 家境 表面,外表 外貌 长相 家境 表面
1322,2,0.5333699518668262,0.19161427093346045,0.0,多 少,少 多,多 少,多 少
1323,1,,0.0,0.0,多亏,多亏,多亏,多亏
1324,1,,0.0,0.0,多余,多余,多余,多余
1325,1,,0.0,0.0,多元,多元,多元,多元
1326,1,,0.0,0.0,多劳多得,多劳多得,多劳多得,多劳多得
1327,3,0.4717589639382774,0.11772221703210424,0.0,数码 数字 多媒体,多媒体 数字 数码,数字 数码 多媒体,数码 数字 多媒体
1328,1,,0.0,0.0,多心,多心,多心,多心
1329,4,0.5538456529331678,0.17406128328241047,0.0,方面 多方面 方方面面 层面,方方面面 层面 多方面 方面,多方面 方面 层面 方方面面,方面 多方面 方方面面 层面
1330,2,0.4633218612180212,0.1021157681885287,0.0,联合国 多边,多边 联合国,多边 联合国,联合国 多边
1331,1,,0.0,0.0,夜,夜,夜,夜
1332,2,0.5818833552906032,0.3050803250578946,0.0,大 小,小 大,大 小,大 小
1333,2,0.4594884022956831,0.07377531521283437,0.0,大包大揽 随大溜,随大溜 大包大揽,大包大揽 随大溜,大包大揽 随大溜
1334,3,0.4417550714173459,0.0820270829165453,0.0,天地 大地 天下,天下 大地 天地,大地 天地 天下,天地 大地 天下
1335,5,0.48643889798038176,0.11781403831549038,0.2,显著 明显 大幅度 大大 显而易见,显而易见 大大 大幅度 明显 显著,大幅度 显著 明显 大大 显而易见,显著 明显 大幅度 大大 显而易见
1336,1,,0.0,0.0,大夫,大夫,大夫,大夫
1337,2,0.48738912387777344,0.09953594821439157,0.0,大惊小怪 怪,大惊小怪 怪,怪 大惊小怪,大惊小怪 怪
1338,4,0.5005208808393599,0.1258160213156326,0.0,粗心大意 马虎 潦草 大意,马虎 潦草 大意 粗心大意,大意 马虎 潦草 粗心大意,粗心大意 马虎 潦草 大意
1339,1,,0.0,0.0,大有可为,大有可为,大有可为,大有可为
1340,5,0.450202005652517,0.009703693795981305,0.4,大模大样 得意扬扬 理直气壮 盛气凌人 连滚带爬,连滚带爬 盛气凌人 理直气壮 大模大样 得意扬扬,盛气凌人 大模大样 理直气壮 得意扬扬 连滚带爬,大模大样 得意扬扬 理直气壮 盛气凌人 连滚带爬
1341,22,0.4875599434302597,-0.004841964174482477,0.4090909090909091,海面 海岸 海滩 礁石 海域 海边 沙滩 海水 大海 水域 海滨 沿岸,岸上 沿岸 岛屿 海洋 海湾 海浪 海滨 海岸,海岸 海底 海域 海湾 海滨 海滩 海浪 海洋 海水 沙滩 水面 礁石,海面 海岸 海滩 礁石 海域 海边 沙滩 海水 大海 水域 海滨 沿岸 岛屿 海洋 海浪 海湾 海底 陆地 岸上 水面 沿海 池塘
1342,2,0.5530887496992192,0.2563759269636251,0.0,大片 片,片 大片,片 大片,大片 片
1343,4,0.5386596648830301,0.2226219675183691,0.0,巨额 高额 大笔 高昂,高昂 大笔 巨额 高额,大笔 高额 高昂 巨额,巨额 高额 大笔 高昂
1344,5,0.49888661753276586,0.1265971191881536,0.0,疯狂 狂 放肆 大肆 疯,疯 放肆 大肆 狂 疯狂,放肆 疯狂 狂 疯 大肆,疯狂 狂 放肆 大肆 疯
1345,4,0.5489345244152026,0.18645527685769653,0.25,大自然 自然界 自然 天然,天然 自然界 自然 大自然,自然界 天然 自然 大自然,大自然 自然界 自然 天然
1346,3,0.4869792445712089,0.1614706636472757,0.0,大街小巷 街头 角落,角落 街头 大街小巷,角落 街头 大街小巷,大街小巷 街头 角落
1347,3,0.45645135951227395,0.12147123607375704,0.3333333333333333,大面积 大规模 局部,局部 大规模 大面积,大规模 大面积 局部,大面积 大规模 局部
1348,3,0.524890056170945,0.16460037222943769,0.0,门 扇 大门,扇 大门 门,扇 门 大门,门 扇 大门
1349,2,0.48196030376613264,0.1884754839578177,0.0,天平 秤,秤 天平,秤 天平,天平 秤
1350,2,0.45172896329965373,0.0606426715057366,0.0,街 天桥,街 天桥,街 天桥,街 天桥
1351,6,0.47354511640417096,0.07672967658996638,0.16666666666666666,永恒 永远 长久 永不 永久 天长地久,长久 天长地久 永远 永恒 永不 永久,永远 天长地久 永久 永不 永恒 长久,永恒 永远 长久 永不 永久 天长地久
1352,2,0.5086722061089957,0.16088600871384573,0.0,太平 平安,平安 太平,太平 平安,太平 平安
1353,2,0.4964361591122579,0.12461138316275117,0.0,拳 太极,太极 拳,拳 太极,拳 太极
1354,2,0.5711081970048908,0.25327099164104866,0.0,失控 失灵,失灵 失控,失灵 失控,失控 失灵
1355,7,0.4977846688445553,0.0743125738325368,0.42857142857142855,盲人 残疾 残疾人 聋人 失明 聋 轮椅,聋 失明 轮椅 聋人 残疾人 残疾 盲人,聋人 轮椅 盲人 聋 残疾人 残疾 失明,盲人 残疾 残疾人 聋人 失明 聋 轮椅
1356,7,0.5427041613302891,0.1347791483992595,0.14285714285714285,过错 错误 过失 失误 疏忽 差错 错,疏忽 错 过失 错误 差错 失误 过错,疏忽 失误 错 错误 过错 差错 过失,过错 错误 过失 失误 疏忽 差错 错
1357,1,,0.0,0.0,头号,头号,头号,头号
1358,4,0.47381013354319695,0.037041047770751935,0.25,绘声绘色 有声有色 津津有味 头头是道,津津有味 头头是道 绘声绘色 有声有色,有声有色 绘声绘色 头头是道 津津有味,绘声绘色 有声有色 津津有味 头头是道
1359,4,0.4532485429406094,0.0610750510882768,0.25,微博 微信 头条 官方,官方 头条 微博 微信,微信 微博 官方 头条,微博 微信 头条 官方
1360,1,,0.0,0.0,头部,头部,头部,头部
1361,2,0.45410809048522494,0.04087741167236823,0.0,画蛇添足 夸张,夸张 画蛇添足,画蛇添足 夸张,画蛇添足 夸张
1362,2,0.5651920790199849,0.25133628970044236,0.0,献 奉献,奉献 献,献 奉献,献 奉献
1363,1,,0.0,0.0,奏,奏,奏,奏
1364,5,0.4839888112923106,0.10844226804316474,0.0,管用 奏效 无济于事 见效 没用,没用 见效 管用 无济于事 奏效,无济于事 奏效 没用 管用 见效,管用 奏效 无济于事 见效 没用
1365,6,0.4942140092526095,0.10348080848920373,0.3333333333333333,机遇 机会 契机 时机 转机 把握,把握 转机 契机 时机 机遇 机会,时机 机会 把握 契机 转机 机遇,机遇 机会 契机 时机 转机 把握
1366,8,0.46910345764133965,0.02137239352423427,0.375,跳 爬 跑 窜 溜 走 奔 滚,爬 跑 走 滚 窜 跳 溜 奔,奔 窜 爬 滚 溜 跳 跑 走,跳 爬 跑 窜 溜 走 奔 滚
1367,3,0.5004101941553439,0.11442324218261613,0.0,奔跑 追逐 赛跑,赛跑 追逐 奔跑,追逐 赛跑 奔跑,奔跑 追逐 赛跑
1368,9,0.5306185130273723,0.12432993143618128,0.0,工资 薪水 奖金 退休金 报酬 津贴 待遇 年薪 福利,退休金 年薪 报酬 津贴 福利 奖金 待遇 工资,年薪 退休金 工资 奖金 薪水 待遇 津贴 福利 报酬,工资 薪水 奖金 退休金 报酬 津贴 待遇 年薪 福利
1369,13,0.4950787291717339,0.12894934303998148,0.07692307692307693,盼望 期盼 希望 期望 渴望 期待 盼 指望 奢望 想 望 巴不得,想 巴不得 寄托 望 渴望 指望 期待 盼,希望 盼望 寄托 渴望 盼 望 想 期待 期望 期盼 巴不得 奢望,盼望 期盼 希望 期望 渴望 期待 盼 指望 奢望 想 望 巴不得 寄托
1370,5,0.48795117891151174,0.0488691364767056,0.4,隐情 玄机 奥秘 谜团 真相,谜团 真相 奥秘 隐情 玄机,玄机 真相 谜团 奥秘 隐情,隐情 玄机 奥秘 谜团 真相
1371,3,0.5266472069162181,0.1677045465291969,0.3333333333333333,好奇心 好奇 本能,本能 好奇心 好奇,好奇 本能 好奇心,好奇心 好奇 本能
1372,3,0.3924878632620145,-0.06048002693998702,0.6666666666666666,好好 改日 搞好,改日 搞好 好好,改日 搞好 好好,好好 改日 搞好
1373,7,0.47559318352534585,0.05268255936211839,0.2857142857142857,好心 好意 热心 殷勤 好心人 好客 慷慨,好意 慷慨 好心人 好客 热心 殷勤 好心,热心 好心人 慷慨 好意 好心 好客 殷勤,好心 好意 热心 殷勤 好心人 好客 慷慨
1374,1,,0.0,0.0,好家伙,好家伙,好家伙,好家伙
1375,12,0.4860609273199242,0.07819366266801947,0.25,眼下 目前 当下 当前 如今 现在 近来 当今 近期 近年来 此刻 此时,此时 近期 此刻 近年来 近来 当今 如今 现在,现在 当下 当今 当前 目前 眼下 此刻 此时 近来 近期 如今 近年来,眼下 目前 当下 当前 如今 现在 近来 当今 近期 近年来 此刻 此时
1376,4,0.4304253729091479,0.004569581054704883,0.5,真实 如实 客观 还原,还原 客观 如实 真实,客观 真实 还原 如实,真实 如实 客观 还原
1377,1,,0.0,0.0,如意,如意,如意,如意
1378,5,0.6066902130378138,0.3245367901226663,0.0,这么 这样 如此 那么 那样,那样 如此 那么 这样 这么,如此 那样 那么 这样 这么,这么 这样 如此 那么 那样
1379,5,0.5055902387080098,0.12004956981203688,0.2,陶醉 荡漾 沉浸 如醉如痴 洋溢,如醉如痴 洋溢 荡漾 沉浸 陶醉,如醉如痴 沉浸 荡漾 陶醉 洋溢,陶醉 荡漾 沉浸 如醉如痴 洋溢
1380,1,,0.0,0.0,妥,妥,妥,妥
1381,6,0.5615686834466622,0.20024668326261583,0.0,阻碍 阻挠 妨碍 阻拦 阻挡 障碍,障碍 阻挡 妨碍 阻拦 阻挠 阻碍,障碍 妨碍 阻碍 阻拦 阻挡 阻挠,阻碍 阻挠 妨碍 阻拦 阻挡 障碍
1382,4,0.47975181831396857,0.10399882628675866,0.25,姓氏 姓 血缘 家族,家族 血缘 姓 姓氏,姓 姓氏 血缘 家族,姓氏 姓 血缘 家族
1383,2,0.5265927642450523,0.15759353024944472,0.0,委婉 抑扬顿挫,委婉 抑扬顿挫,抑扬顿挫 委婉,委婉 抑扬顿挫
1384,2,0.4661487694102706,0.08390537092606531,0.0,威风 威力,威力 威风,威风 威力,威风 威力
1385,7,0.49236719290109027,0.03641071922054955,0.2857142857142857,宝宝 婴儿 胎儿 孕妇 怀孕 娃娃 宝贝,怀孕 宝贝 婴儿 胎儿 娃娃 孕妇 宝宝,宝贝 婴儿 娃娃 孕妇 胎儿 怀孕 宝宝,宝宝 婴儿 胎儿 孕妇 怀孕 娃娃 宝贝
1386,12,0.5054708432683691,0.10553679953694632,0.08333333333333333,结婚 订婚 娶 婚礼 嫁 新娘 离婚 求婚 嫁妆 新郎 婚姻 成家,婚姻 成家 离婚 求婚 嫁 嫁妆 新娘 娶,娶 嫁 婚礼 婚姻 新娘 成家 离婚 嫁妆 新郎 订婚 结婚 求婚,结婚 订婚 娶 婚礼 嫁 新娘 离婚 求婚 嫁妆 新郎 婚姻 成家
1387,3,0.44712423572811927,0.038600491658035994,0.3333333333333333,舆论 媒体 民意,民意 媒体 舆论,媒体 民意 舆论,舆论 媒体 民意
1388,1,,0.0,0.0,子,子,子,子
1389,3,0.5249246813805833,0.15355470097091403,0.0,萌发 萌芽 孕育,孕育 萌发 萌芽,萌发 孕育 萌芽,萌发 萌芽 孕育
1390,2,0.5180328666421853,0.17948393400604562,0.0,存在 存,存在 存,存 存在,存在 存
1391,8,0.5110130775766833,0.11270843249935415,0.25,收养 抚养 领养 赡养 孤儿 收留 抚养费 遗弃,遗弃 抚养费 赡养 收留 孤儿 抚养 领养 收养,收留 抚养费 收养 遗弃 赡养 领养 抚养 孤儿,收养 抚养 领养 赡养 孤儿 收留 抚养费 遗弃
1392,5,0.47212931896808186,0.07966366664875725,0.2,阅历 资历 经验 学历 知识,知识 学历 资历 经验 阅历,资历 经验 阅历 学历 知识,阅历 资历 经验 学历 知识
1393,6,0.4429591247197501,-0.009425013619930483,0.5,科研 课题 攻关 学科 研究 科学,学科 科学 科研 研究 攻关 课题,攻关 研究 课题 学科 科研 科学,科研 课题 攻关 学科 研究 科学
1394,1,,0.0,0.0,安,安,安,安
1395,21,0.46474437469555524,-0.007085686098704969,0.5238095238095238,愉快 安逸 快活 悠闲 快乐 痛快 开心 自在 无忧无虑 自由自在 舒畅 怡然自得,快乐 爽快 顺心 安心 痛快 欢快 知足 悠闲,欢快 爽快 悠闲 安逸 舒畅 快活 痛快 顺心 开心 快乐 无忧无虑 安心,愉快 安逸 快活 悠闲 快乐 痛快 开心 自在 无忧无虑 自由自在 舒畅 怡然自得 安稳 欢快 心安理得 轻松 顺心 爽快 安心 知足 美滋滋
1396,2,0.5267041423460237,0.19935543377113082,0.0,疏导 安抚,安抚 疏导,疏导 安抚,疏导 安抚
1397,2,0.4638186705048415,0.06260095504086396,0.0,安排 安置,安置 安排,安置 安排,安排 安置
1398,2,0.47424842059042094,0.10314670344924173,0.0,海关 安检,海关 安检,海关 安检,海关 安检
1399,4,0.5075300398764605,0.07439183370309553,0.25,安装 调试 设备 装置,设备 调试 装置 安装,调试 安装 装置 设备,安装 调试 设备 装置
1400,3,0.5554109991903863,0.24738504665672897,0.0,完毕 完 结束,结束 完 完毕,完 完毕 结束,完毕 完 结束
1401,2,0.4597764596556527,0.08915363323340278,0.0,完美 理想,理想 完美,完美 理想,完美 理想
1402,11,0.4497080831637901,-0.020560011825785273,0.45454545454545453,灭亡 毁灭 破灭 崩溃 完蛋 灭绝 解体 没落 破产 灭 终结,破产 破灭 终结 崩溃 灭 毁灭 没落 完蛋,灭 灭亡 解体 崩溃 灭绝 完蛋 没落 毁灭 破灭 破产 终结,灭亡 毁灭 破灭 崩溃 完蛋 灭绝 解体 没落 破产 灭 终结
1403,2,0.6829251862298392,0.4656942057733574,0.0,微观 宏观,微观 宏观,微观 宏观,微观 宏观
1404,1,,0.0,0.0,宗,宗,宗,宗
1405,1,,0.0,0.0,官,官,官,官
1406,7,0.4830285035632198,0.07104430836142599,0.2857142857142857,预订 预定 订 订购 预约 预售 定,定 订购 预售 预约 预订 预定 订,定 订购 订 预约 预售 预定 预订,预订 预定 订 订购 预约 预售 定
1407,3,0.4304783277551169,0.0044379176551035265,0.6666666666666666,错位 定位 换位,定位 换位 错位,错位 定位 换位,错位 定位 换位
1408,1,,0.0,0.0,定向,定向,定向,定向
1409,2,0.5816489247088755,0.2507613533142595,0.0,定居 移民,定居 移民,移民 定居,定居 移民
1410,1,,0.0,0.0,定心丸,定心丸,定心丸,定心丸
1411,1,,0.0,0.0,定期,定期,定期,定期
1412,2,0.49899996616417797,0.16174037212397446,0.0,实体 虚拟,虚拟 实体,实体 虚拟,实体 虚拟
1413,2,0.4530879087463662,0.09249939892290711,0.0,纪实 实况,实况 纪实,实况 纪实,纪实 实况
1414,1,,0.0,0.0,实物,实物,实物,实物
1415,1,,0.0,0.0,实用,实用,实用,实用
1416,2,0.6226111667047263,0.3466410430613067,0.0,实话实说 说老实话,说老实话 实话实说,实话实说 说老实话,实话实说 说老实话
1417,4,0.522592070773514,0.18330797866246346,0.0,归根到底 说到底 本质 实质,实质 本质 说到底 归根到底,说到底 归根到底 本质 实质,归根到底 说到底 本质 实质
1418,3,0.46827989059268926,0.12995575391072436,0.0,现实 实际 实践,实践 实际 现实,现实 实践 实际,现实 实际 实践
1419,1,,0.0,0.0,审,审,审,审
1420,4,0.45765989409154373,0.024461437551048033,0.25,鉴定 验收 审定 认证,审定 认证 鉴定 验收,审定 验收 鉴定 认证,鉴定 验收 审定 认证
1421,4,0.6431333721978862,0.38446725225034983,0.0,客户 顾客 用户 消费者,消费者 用户 顾客 客户,消费者 用户 客户 顾客,客户 顾客 用户 消费者
1422,14,0.47781791870794843,0.06831487518496746,0.2857142857142857,飞机 客机 降落 航班 起飞 飞行 直升机 飞行员 机场 登机 跳伞 航空,航空 登机 跑道 跳伞 飞行 航班 机场 架,机场 直升机 飞行员 起飞 架 航空 航班 飞机 跑道 降落 客机 飞行,飞机 客机 降落 航班 起飞 飞行 直升机 飞行员 机场 登机 跳伞 航空 架 跑道
1423,3,0.425109342683591,0.02710253933934589,0.3333333333333333,宣读 宣誓 陈述,陈述 宣誓 宣读,宣誓 宣读 陈述,宣读 宣誓 陈述
1424,4,0.6337324378962467,0.34607885027997437,0.0,皇宫 宫殿 宫 宫廷,宫廷 宫 宫殿 皇宫,宫 皇宫 宫殿 宫廷,皇宫 宫殿 宫 宫廷
1425,8,0.4437488474159436,-0.01024721267659754,0.625,捉 逮 捕 杀 追 捞 捕捉 宰,宰 捞 杀 捕捉 追 捉 逮 捕,宰 杀 捞 捕 捉 逮 追 捕捉,捉 逮 捕 杀 追 捞 捕捉 宰
1426,4,0.5310727757135765,0.15994931361485037,0.0,害虫 昆虫 细菌 病毒,病毒 昆虫 细菌 害虫,细菌 病毒 昆虫 害虫,害虫 昆虫 细菌 病毒
1427,2,0.4685473166729295,0.1563420420281233,0.0,户 家,家 户,家 户,户 家
1428,3,0.6124349623848201,0.3336394514698513,0.0,家乡 故乡 祖国,祖国 故乡 家乡,祖国 故乡 家乡,家乡 故乡 祖国
1429,2,0.5208580494309698,0.15978772070888503,0.0,民用 家用,民用 家用,民用 家用,民用 家用
1430,7,0.44955973465908416,0.03493363541200685,0.42857142857142855,肌肤 容颜 滋润 容光焕发 衰老 水灵灵 霜,霜 衰老 水灵灵 容光焕发 滋润 容颜 肌肤,容颜 霜 容光焕发 肌肤 衰老 滋润 水灵灵,肌肤 容颜 滋润 容光焕发 衰老 水灵灵 霜
1431,8,0.568859403618821,0.20774877903021904,0.125,宽阔 宽广 开阔 广阔 辽阔 宽敞 平坦 阔,阔 广阔 宽敞 平坦 辽阔 开阔 宽广 宽阔,开阔 宽广 宽敞 辽阔 阔 宽阔 广阔 平坦,宽阔 宽广 开阔 广阔 辽阔 宽敞 平坦 阔
1432,4,0.4957082974511387,0.10596495601439068,0.0,紧 宽松 紧缩 松,紧缩 松 宽松 紧,紧 松 宽松 紧缩,紧 宽松 紧缩 松
1433,3,0.47885873955592895,0.1606667603049329,0.0,稠密 密集 密,密 密集 稠密,稠密 密 密集,稠密 密集 密
1434,3,0.5206670900655693,0.13433567054968054,0.0,密不可分 息息相关 格格不入,息息相关 格格不入 密不可分,息息相关 格格不入 密不可分,密不可分 息息相关 格格不入
1435,2,0.49297369419693793,0.15744401269995212,0.0,密封 绝缘,绝缘 密封,密封 绝缘,密封 绝缘
1436,3,0.4825821256834402,0.1038588605402478,0.0,密度 强度 频率,频率 密度 强度,密度 频率 强度,密度 强度 频率
1437,2,0.5446938934844714,0.241791578443948,0.0,稀少 寥寥无几,寥寥无几 稀少,稀少 寥寥无几,稀少 寥寥无几
1438,8,0.5320202358417025,0.15674373640801742,0.125,对付 抵御 对抗 抵抗 抵挡 应对 抗衡 应付,抗衡 应对 应付 对抗 抵抗 抵御 抵挡 对付,对付 对抗 抵御 抵挡 抵抗 抗衡 应付 应对,对付 抵御 对抗 抵抗 抵挡 应对 抗衡 应付
1439,5,0.4967179215431822,0.12334031150778857,0.2,对准 瞄准 指向 矛头 盯,盯 瞄准 指向 矛头 对准,对准 盯 瞄准 矛头 指向,对准 瞄准 指向 矛头 盯
1440,1,,0.0,0.0,对外,对外,对外,对外
1441,3,0.4987136818555029,0.07682952062000419,0.3333333333333333,相应 相关 对应,相关 对应 相应,对应 相关 相应,相应 相关 对应
1442,4,0.5137701376382883,0.17176588380052116,0.25,对待 看待 平常心 面对,面对 平常心 看待 对待,看待 对待 面对 平常心,对待 看待 平常心 面对
1443,3,0.4707044654504587,0.09559914327742262,0.0,辜负 对得起 托付,托付 对得起 辜负,辜负 托付 对得起,辜负 对得起 托付
1444,2,0.635909130328618,0.42088794646909744,0.0,对比 对照,对照 对比,对比 对照,对比 对照
1445,7,0.4564396782500316,0.0678951097675701,0.14285714285714285,结尾 段落 开头 片段 开场白 对白 段,段 片段 对白 开场白 段落 开头 结尾,对白 开头 段 段落 片段 开场白 结尾,结尾 段落 开头 片段 开场白 对白 段
1446,1,,0.0,0.0,对称,对称,对称,对称
1447,1,,0.0,0.0,对联,对联,对联,对联
1448,1,,0.0,0.0,对象,对象,对象,对象
1449,8,0.5871107277589616,0.2297603427119384,0.0,寻找 找到 寻觅 找 寻 找出 搜寻 查找,查找 找出 寻 搜寻 找 寻觅 寻找 找到,寻 找 寻找 找到 找出 搜寻 寻觅 查找,寻找 找到 寻觅 找 寻 找出 搜寻 查找
1450,4,0.5136072220614529,0.17353904096328793,0.0,普通 平凡 普通人 寻常,平凡 普通人 寻常 普通,寻常 普通 普通人 平凡,普通 平凡 普通人 寻常
1451,3,0.38510544374332545,-0.02507528160293504,0.6666666666666666,寿命 年限 长寿,年限 长寿 寿命,寿命 长寿 年限,寿命 年限 长寿
1452,1,,0.0,0.0,封,封,封,封
1453,3,0.4648256027470333,0.10063393832995,0.0,封闭 封锁 开放,开放 封锁 封闭,开放 封闭 封锁,封闭 封锁 开放
1454,3,0.45036663991788356,0.08588210621500529,0.0,版 电子版 封面,电子版 封面 版,版 电子版 封面,版 电子版 封面
1455,1,,0.0,0.0,封顶,封顶,封顶,封顶
1456,3,0.47354780108193656,0.13903961116568112,0.0,投射 折射 射,折射 射 投射,射 折射 投射,投射 折射 射
1457,3,0.6260782668383706,0.3641911021474617,0.0,将近 近 整整,整整 近 将近,近 将近 整整,将近 近 整整
1458,3,0.46212231704842227,0.11955188212307533,0.0,棋子 棋 小卒,小卒 棋 棋子,棋 小卒 棋子,棋子 棋 小卒
1459,2,0.5031590113911365,0.1628571715935812,0.0,小品 小曲,小曲 小品,小品 小曲,小品 小曲
1460,3,0.5456546512055055,0.2514125817813489,0.0,缓缓 徐徐 小心翼翼,小心翼翼 徐徐 缓缓,徐徐 缓缓 小心翼翼,缓缓 徐徐 小心翼翼
1461,3,0.506245645590827,0.14837504170115204,0.0,放过 错过 小看,小看 错过 放过,放过 小看 错过,放过 错过 小看
1462,1,,0.0,0.0,小费,小费,小费,小费
1463,5,0.47012858054984735,0.0766309010734801,0.2,必不可少 少不了 必需 离不开 必要,必需 必要 离不开 少不了 必不可少,必要 必需 必不可少 少不了 离不开,必不可少 少不了 必需 离不开 必要
1464,2,0.4570299538896967,0.08700666837803167,0.0,尚 迟迟,尚 迟迟,迟迟 尚,尚 迟迟
1465,2,0.4621331613413069,0.03932281522005899,0.0,赐 尝,尝 赐,尝 赐,赐 尝
1466,3,0.44709179827932005,0.024449290593817213,0.3333333333333333,尝试 试 摸索,摸索 试 尝试,尝试 摸索 试,尝试 试 摸索
1467,3,0.42968339117793786,0.023327069177636068,0.3333333333333333,尽情 酣畅 尽,酣畅 尽 尽情,尽 酣畅 尽情,尽情 酣畅 尽
1468,3,0.42082762617766867,0.013509526795999543,0.6666666666666666,尽头 终点 深处,终点 深处 尽头,尽头 深处 终点,尽头 终点 深处
1469,1,,0.0,0.0,局,局,局,局
1470,2,0.4733759374791551,0.18771550750827345,0.0,底层 层,层 底层,层 底层,底层 层
1471,2,0.6370926999479491,0.38168826710165815,0.0,档次 层次,档次 层次,档次 层次,档次 层次
1472,1,,0.0,0.0,居高临下,居高临下,居高临下,居高临下
1473,7,0.43967489284581207,0.0061063753996167605,0.42857142857142855,开启 拉开 打开 推开 展开 敞开 掀起,掀起 打开 敞开 展开 推开 开启 拉开,开启 敞开 展开 掀起 推开 拉开 打开,开启 拉开 打开 推开 展开 敞开 掀起
1474,2,0.4602753541329301,0.11989248551228915,0.0,属 科,科 属,属 科,属 科
1475,2,0.4653599099511516,0.07867068437047431,0.0,水货 山寨,水货 山寨,水货 山寨,水货 山寨
1476,4,0.4409751894868969,0.0515846134044904,0.5,真 当真 真正 岂有此理,岂有此理 真正 当真 真,真正 真 当真 岂有此理,真 当真 真正 岂有此理
1477,1,,0.0,0.0,岸,岸,岸,岸
1478,3,0.3995867144774225,-0.05379993589777802,0.6666666666666666,极限 限度 巅峰,巅峰 限度 极限,极限 巅峰 限度,极限 限度 巅峰
1479,2,0.4808410742227327,0.13604753201667913,0.0,工业 服务业,服务业 工业,服务业 工业,工业 服务业
1480,2,0.47942738299402343,0.11093019692418941,0.0,雇主 工会,工会 雇主,雇主 工会,雇主 工会
1481,2,0.5376567931764115,0.1758832894322319,0.0,工作 工作量,工作 工作量,工作量 工作,工作 工作量
1482,1,,0.0,0.0,工作日,工作日,工作日,工作日
1483,2,0.45928782086427034,0.082025100386706,0.0,工具 道具,道具 工具,道具 工具,工具 道具
1484,2,0.5245337205982084,0.17606375364163002,0.0,工商界 工商,工商 工商界,工商界 工商,工商界 工商
1485,6,0.469186455909592,0.08112716891589251,0.16666666666666666,流程 程序 环节 步骤 工序 手续,手续 步骤 工序 环节 程序 流程,流程 步骤 环节 程序 手续 工序,流程 程序 环节 步骤 工序 手续
1486,1,,0.0,0.0,工科,工科,工科,工科
1487,3,0.44897844734677134,0.08146956213642394,0.0,猎人 猎犬 巨人,猎犬 巨人 猎人,猎人 猎犬 巨人,猎人 猎犬 巨人
1488,2,0.4514535863836905,0.06240204270347895,0.0,跨国 巨头,跨国 巨头,跨国 巨头,跨国 巨头
1489,6,0.5686874412394957,0.26303229423251545,0.0,已经 早已 已 早就 正在 正,正 正在 早就 早已 已 已经,已经 已 正 早已 早就 正在,已经 早已 已 早就 正在 正
1490,4,0.45500755402427684,0.04477927543335643,0.25,社会主义 市场经济 改革开放 社会,改革开放 社会 社会主义 市场经济,社会主义 改革开放 市场经济 社会,社会主义 市场经济 改革开放 社会
1491,6,0.46739516075608173,0.07791973986736984,0.16666666666666666,纱 织 棉 布 纺织 染,棉 布 纺织 染 纱 织,纺织 布 纱 织 染 棉,纱 织 棉 布 纺织 染
1492,5,0.47569822868203887,0.08755007442077065,0.0,蓝图 规划 构想 战略 布局,构想 布局 规划 战略 蓝图,蓝图 规划 战略 布局 构想,蓝图 规划 构想 战略 布局
1493,5,0.3928974974276682,-0.013507560799213423,0.8,布满 横七竖八 空荡荡 满 荆棘,荆棘 空荡荡 满 横七竖八 布满,满 横七竖八 空荡荡 布满 荆棘,布满 横七竖八 空荡荡 满 荆棘
1494,6,0.49590776033628825,0.10218851031190172,0.0,摆放 放置 摆设 布置 摆 悬挂,布置 摆 放置 悬挂 摆设 摆放,摆放 摆 放置 悬挂 摆设 布置,摆放 放置 摆设 布置 摆 悬挂
1495,1,,0.0,0.0,帆,帆,帆,帆
1496,1,,0.0,0.0,帐篷,帐篷,帐篷,帐篷
1497,3,0.475899160974443,0.14088559628818018,0.0,帝国 王国 联邦,联邦 王国 帝国,联邦 帝国 王国,帝国 王国 联邦
1498,3,0.4827536898459097,0.09899026502511188,0.3333333333333333,携带 带 背着,背着 带 携带,背着 带 携带,携带 带 背着
1499,2,0.5742672354020981,0.28475607695241056,0.0,带头人 骨干,骨干 带头人,带头人 骨干,带头人 骨干
1500,1,,0.0,0.0,带路,带路,带路,带路
1501,5,0.5249809027787041,0.10805463393568804,0.2,率领 带队 带领 陪同 派出,派出 陪同 带领 带队 率领,率领 带领 带队 陪同 派出,率领 带队 带领 陪同 派出
1502,2,0.60490510342719,0.34828390473097853,0.0,席位 席,席位 席,席 席位,席位 席
1503,7,0.43169134528451975,-0.01733552518055394,0.42857142857142855,指导 引导 鼓励 指引 督促 帮助 指南,帮助 指南 督促 引导 鼓励 指引 指导,帮助 鼓励 指南 指导 指引 引导 督促,指导 引导 鼓励 指引 督促 帮助 指南
1504,5,0.4767617371675151,0.060405185879427004,0.4,难以置信 难以想象 惊人 常人 触目惊心,常人 触目惊心 惊人 难以想象 难以置信,惊人 难以想象 难以置信 常人 触目惊心,难以置信 难以想象 惊人 常人 触目惊心
1505,4,0.4120027519478331,0.026983997269888475,0.25,正常 常规 正规 常态,常态 正规 常规 正常,常态 正规 常规 正常,正常 常规 正规 常态
1506,3,0.47422129916951344,0.08405437585134778,0.0,常理 常识 规律,常识 规律 常理,规律 常理 常识,常理 常识 规律
1507,2,0.4762583481312206,0.07886054104613008,0.0,张 幅,幅 张,幅 张,张 幅
1508,1,,0.0,0.0,幕,幕,幕,幕
1509,3,0.5900310333899672,0.3051407296765382,0.0,干涉 干预 插手,插手 干涉 干预,插手 干预 干涉,干涉 干预 插手
1510,1,,0.0,0.0,平,平,平,平
1511,3,0.4110859799598889,-0.009239299234918901,0.6666666666666666,平台 渠道 系统,系统 渠道 平台,系统 渠道 平台,平台 渠道 系统
1512,3,0.428968691624188,0.08101368645657493,0.0,平方 立方 面积,面积 立方 平方,面积 立方 平方,平方 立方 面积
1513,6,0.46187791195541383,0.02259627886831211,0.3333333333333333,平稳 稳健 稳妥 有序 稳 顺畅,顺畅 稳 有序 稳健 稳妥 平稳,稳健 稳妥 平稳 顺畅 稳 有序,平稳 稳健 稳妥 有序 稳 顺畅
1514,2,0.781044821866185,0.6361141966457916,0.0,并 并且,并且 并,并且 并,并 并且
1515,2,0.5096314036132251,0.1639038953825717,0.0,遭殃 幸免,遭殃 幸免,幸免 遭殃,遭殃 幸免
1516,3,0.4628192042601793,0.10329467418376485,0.0,影子 身影 幻影,幻影 身影 影子,幻影 影子 身影,影子 身影 幻影
1517,2,0.5243094155137284,0.24861316674275932,0.0,广泛 广,广 广泛,广 广泛,广泛 广
1518,1,,0.0,0.0,广义,广义,广义,广义
1519,2,0.4666814524636764,0.11985772096120981,0.0,序 谱,谱 序,序 谱,序 谱
1520,6,0.4205005513472988,-0.06040861880656163,0.6666666666666666,热潮 潮 高潮 潮流 新潮 序幕,序幕 潮流 新潮 高潮 热潮 潮,热潮 潮流 潮 新潮 序幕 高潮,热潮 潮 高潮 潮流 新潮 序幕
1521,2,0.46545320762603704,0.039590019707320935,0.5,库 数据库,数据库 库,数据库 库,库 数据库
1522,5,0.449251794596688,0.008296625362272918,0.4,推广 示范 应用 普及 试点,普及 试点 应用 示范 推广,普及 应用 推广 示范 试点,推广 示范 应用 普及 试点
1523,9,0.5042624619371926,0.07244150039715205,0.2222222222222222,聘用 雇佣 聘 聘请 招聘 应聘 招募 雇 派遣,派遣 招募 招聘 应聘 聘请 雇 雇佣 聘用,招聘 应聘 雇 派遣 聘 聘请 聘用 招募 雇佣,聘用 雇佣 聘 聘请 招聘 应聘 招募 雇 派遣
1524,1,,0.0,0.0,底线,底线,底线,底线
1525,1,,0.0,0.0,废墟,废墟,废墟,废墟
1526,10,0.46603353243060786,0.05428347285579307,0.3,消灭 打倒 歼灭 打败 摧毁 推翻 粉碎 敌人 驱逐 废除,废除 敌人 驱逐 打败 摧毁 歼灭 推翻 粉碎,打败 摧毁 推翻 废除 驱逐 歼灭 消灭 打倒 敌人 粉碎,消灭 打倒 歼灭 打败 摧毁 推翻 粉碎 敌人 驱逐 废除
1527,3,0.5318716435155434,0.23576973962173117,0.0,纬度 经度 度,度 经度 纬度,度 纬度 经度,纬度 经度 度
1528,4,0.5051602109831725,0.14297419756952834,0.25,渡过 度过 走过 难关,难关 走过 度过 渡过,度过 渡过 难关 走过,渡过 度过 走过 难关
1529,4,0.49527773128267905,0.1340639309545164,0.0,颗 枚 粒 座,座 粒 枚 颗,座 粒 枚 颗,颗 枚 粒 座
1530,1,,0.0,0.0,廉正,廉正,廉正,廉正
1531,1,,0.0,0.0,延,延,延,延
1532,3,0.37600784399991305,-0.08174091120297351,0.6666666666666666,贯穿 延伸 自始至终,自始至终 延伸 贯穿,延伸 自始至终 贯穿,贯穿 延伸 自始至终
1533,7,0.4974602940883859,0.09469331960125693,0.14285714285714285,推迟 拖延 延期 延缓 延长 延误 搁置,搁置 延长 延误 延缓 延期 推迟 拖延,搁置 延缓 延期 延长 延误 推迟 拖延,推迟 拖延 延期 延缓 延长 延误 搁置
1534,2,0.5130156765244874,0.15733583819750963,0.0,建树 贡献,贡献 建树,建树 贡献,建树 贡献
1535,4,0.4781508757703705,0.07832815823025788,0.25,混凝土 建筑 水泥 桥梁,桥梁 建筑 水泥 混凝土,桥梁 建筑 混凝土 水泥,混凝土 建筑 水泥 桥梁
1536,1,,0.0,0.0,开,开,开,开
1537,3,0.5504845949678825,0.16545824015529542,0.3333333333333333,开拓 开创 探索,探索 开创 开拓,探索 开创 开拓,开拓 开创 探索
1538,2,0.45584203461860406,0.08936128631669807,0.0,开发区 滨海,开发区 滨海,滨海 开发区,开发区 滨海
1539,3,0.48713898330213445,0.0916115505601557,0.0,房地产 开发商 物业,物业 开发商 房地产,物业 房地产 开发商,房地产 开发商 物业
1540,4,0.43409781081895726,0.04662799466128291,0.25,翻天覆地 惊天动地 开天辟地 颠覆,颠覆 开天辟地 惊天动地 翻天覆地,开天辟地 翻天覆地 惊天动地 颠覆,翻天覆地 惊天动地 开天辟地 颠覆
1541,2,0.4721194326697251,0.12390598254694953,0.0,开始 起,起 开始,开始 起,开始 起
1542,1,,0.0,0.0,开张,开张,开张,开张
1543,9,0.5148393783472162,0.08925281211937408,0.2222222222222222,开支 费用 开销 支出 经费 费 生活费 成本 负担,生活费 负担 经费 成本 费 支出 费用 开支,开销 开支 经费 成本 费 支出 负担 费用 生活费,开支 费用 开销 支出 经费 费 生活费 成本 负担
1544,1,,0.0,0.0,开机,开机,开机,开机
1545,4,0.45239263472087915,0.06763662791928296,0.0,芽 果实 种子 开花,开花 芽 种子 果实,开花 种子 果实 芽,芽 果实 种子 开花
1546,3,0.42880230211763665,0.03612213561531746,0.0,意见 采纳 异议,异议 采纳 意见,异议 采纳 意见,意见 采纳 异议
1547,4,0.5188300954032966,0.1882702143158001,0.0,弄 闹 折腾 搞,折腾 闹 搞 弄,弄 搞 闹 折腾,弄 闹 折腾 搞
1548,1,,0.0,0.0,引,引,引,引
1549,4,0.46499220446790046,-0.005609382007185144,0.5,融入 引入 纳入 注入,引入 纳入 融入 注入,纳入 融入 引入 注入,融入 引入 纳入 注入
1550,6,0.5204426332654514,0.1090706076052364,0.16666666666666666,拉拢 引诱 收买 鼓动 煽动 招揽,引诱 煽动 招揽 收买 鼓动 拉拢,引诱 收买 鼓动 拉拢 招揽 煽动,拉拢 引诱 收买 鼓动 煽动 招揽
1551,2,0.5096359126833356,0.2523595026286146,0.0,张扬 能人,能人 张扬,能人 张扬,张扬 能人
1552,2,0.5824218542142637,0.2857441108066213,0.0,弹性 韧性,韧性 弹性,弹性 韧性,弹性 韧性
1553,4,0.5647913237551635,0.24232156755792217,0.0,强迫 强行 强制 强加,强加 强行 强迫 强制,强制 强加 强行 强迫,强迫 强行 强制 强加
1554,4,0.48064486445880766,0.062053498448819945,0.25,表态 态度 言辞 强硬,言辞 强硬 态度 表态,强硬 言辞 态度 表态,表态 态度 言辞 强硬
1555,3,0.5202885344842864,0.18897726246398938,0.0,拿手 擅长 强项,强项 擅长 拿手,拿手 擅长 强项,拿手 擅长 强项
1556,2,0.46599193996485955,0.07750294801459556,0.0,归 母,归 母,归 母,归 母
1557,3,0.3794958359015479,-0.03646856062492779,1.0,归属 管辖 扣,扣 管辖 归属,扣 管辖 归属,归属 管辖 扣
1558,1,,0.0,0.0,当事人,当事人,当事人,当事人
1559,4,0.5774399699070111,0.20471339204792427,0.0,当众 当面 当着 当场,当场 当面 当着 当众,当面 当众 当场 当着,当众 当面 当着 当场
1560,4,0.41641851421316844,-0.01679603963825373,0.75,重中之重 当务之急 生命线 重心,重心 生命线 当务之急 重中之重,重心 重中之重 生命线 当务之急,重中之重 当务之急 生命线 重心
1561,2,0.6304395076139468,0.3835592368755213,0.0,当地 本地,本地 当地,本地 当地,当地 本地
1562,1,,0.0,0.0,录,录,录,录
1563,2,0.6989348767815708,0.5281820077950747,0.0,形容 比喻,比喻 形容,形容 比喻,形容 比喻
1564,4,0.5199787564591023,0.16750289086682923,0.0,朝夕相处 形影不离 相依为命 相伴,朝夕相处 形影不离 相伴 相依为命,形影不离 相依为命 朝夕相处 相伴,朝夕相处 形影不离 相依为命 相伴
1565,3,0.5281411654635627,0.19132567108347984,0.0,结构 构造 形态,形态 构造 结构,构造 形态 结构,结构 构造 形态
1566,5,0.47088109572366754,0.0662545430250598,0.4,钞票 硬币 邮票 彩票 零钱,邮票 零钱 彩票 钞票 硬币,邮票 彩票 零钱 硬币 钞票,钞票 硬币 邮票 彩票 零钱
1567,2,0.46882802464251205,0.08072742982317399,0.0,蓝天 彩虹,彩虹 蓝天,蓝天 彩虹,蓝天 彩虹
1568,1,,0.0,0.0,征,征,征,征
1569,4,0.60014207250315,0.27422324309064267,0.0,收集 搜集 采集 征集,征集 采集 搜集 收集,征集 采集 收集 搜集,收集 搜集 采集 征集
1570,5,0.5054553622018704,0.15033757903743714,0.4,等待 等候 等到 待 排队,排队 等到 待 等待 等候,待 排队 等候 等到 等待,等待 等候 等到 待 排队
1571,2,0.45325862108539927,0.0650990489762945,0.0,雪上加霜 得不偿失,得不偿失 雪上加霜,雪上加霜 得不偿失,雪上加霜 得不偿失
1572,3,0.49980228989000713,0.1791023894224113,0.0,慢慢来 循序渐进 顺其自然,顺其自然 循序渐进 慢慢来,顺其自然 循序渐进 慢慢来,慢慢来 循序渐进 顺其自然
1573,3,0.5200978044528192,0.20042470502802345,0.0,微弱 细微 轻微,细微 轻微 微弱,细微 微弱 轻微,微弱 细微 轻微
1574,3,0.40646598403698064,0.019916089329090995,0.3333333333333333,德 美 福,福 美 德,德 福 美,德 美 福
1575,6,0.526394194934049,0.15851597153928396,0.16666666666666666,心中 心里 心目 脑海 眼里 心,心 眼里 脑海 心里 心目 心中,眼里 心 心目 心中 心里 脑海,心中 心里 心目 脑海 眼里 心
1576,10,0.5078511926122924,0.11081139058629005,0.0,诀窍 秘诀 绝招 窍门 技巧 绝技 秘方 招数 要领 心得,秘方 绝技 窍门 心得 招数 要领 技巧 诀窍,绝技 绝招 诀窍 心得 技巧 窍门 秘方 招数 秘诀 要领,诀窍 秘诀 绝招 窍门 技巧 绝技 秘方 招数 要领 心得
1577,6,0.4885999757824662,0.05301606396431704,0.16666666666666666,脑筋 脑子 心思 心眼儿 心肠 胆子,胆子 心思 心肠 心眼儿 脑子 脑筋,胆子 心眼儿 心思 心肠 脑子 脑筋,脑筋 脑子 心思 心眼儿 心肠 胆子
1578,2,0.4910457468153878,0.0858909221155483,0.0,急 心急如焚,心急如焚 急,急 心急如焚,急 心急如焚
1579,6,0.4482551056052182,0.023669413900878362,0.5,身心 心灵 心理 生理 心情 陶冶,陶冶 心情 生理 心灵 心理 身心,心情 心理 心灵 生理 陶冶 身心,身心 心灵 心理 生理 心情 陶冶
1580,1,,0.0,0.0,心爱,心爱,心爱,心爱
1581,8,0.4884121524083292,0.0959455462429342,0.375,眼光 视野 目光 视线 眼界 视角 心胸 注视,注视 心胸 视角 眼界 目光 眼光 视线 视野,注视 视线 眼界 目光 眼光 视角 视野 心胸,眼光 视野 目光 视线 眼界 视角 心胸 注视
1582,1,,0.0,0.0,必,必,必,必
1583,4,0.5337970589880924,0.2029085619468732,0.0,禁忌 忌讳 忌 忌口,忌口 禁忌 忌讳 忌,禁忌 忌讳 忌 忌口,禁忌 忌讳 忌 忌口
1584,8,0.5447162350829118,0.16158685063115125,0.0,忘记 忘掉 记住 铭记 忘 遗忘 忘不了 牢记,忘不了 遗忘 忘掉 牢记 铭记 忘 记住 忘记,忘掉 忘 忘不了 铭记 遗忘 记住 牢记 忘记,忘记 忘掉 记住 铭记 忘 遗忘 忘不了 牢记
1585,9,0.4846203505079981,0.08348095361263623,0.3333333333333333,忠诚 忠心 忠贞 忠于 忠实 虔诚 死心塌地 背叛 纯洁,纯洁 死心塌地 虔诚 背叛 忠贞 忠于 忠心 忠实,背叛 纯洁 死心塌地 忠心 忠实 忠于 虔诚 忠诚 忠贞,忠诚 忠心 忠贞 忠于 忠实 虔诚 死心塌地 背叛 纯洁
1586,5,0.4694111416293671,0.10337348240644276,0.4,慢 快 缓 缓慢 迟,缓慢 迟 缓 快 慢,快 缓 慢 迟 缓慢,慢 快 缓 缓慢 迟
1587,2,0.482202524266098,0.1002588516798191,0.0,高效 快速,快速 高效,快速 高效,高效 快速
1588,2,0.4806205585227674,0.14548761810716831,0.0,时好时坏 忽高忽低,时好时坏 忽高忽低,忽高忽低 时好时坏,时好时坏 忽高忽低
1589,3,0.5734399403455943,0.22954034686995475,0.0,满怀 怀着 怀抱,怀抱 满怀 怀着,怀着 怀抱 满怀,满怀 怀着 怀抱
1590,9,0.5120195911236652,0.06973985232487766,0.2222222222222222,思索 思考 琢磨 深思 揣摩 推敲 沉思 构思 权衡,权衡 构思 深思 思考 揣摩 沉思 琢磨 推敲,思索 权衡 沉思 揣摩 思考 推敲 深思 构思 琢磨,思索 思考 琢磨 深思 揣摩 推敲 沉思 构思 权衡
1591,7,0.5369146161546056,0.20926685811082418,0.0,示威 抗议 罢工 游行 骚乱 怠工 闹事,闹事 骚乱 罢工 怠工 游行 抗议 示威,闹事 罢工 示威 游行 抗议 骚乱 怠工,示威 抗议 罢工 游行 骚乱 怠工 闹事
1592,1,,0.0,0.0,急需,急需,急需,急需
1593,2,0.47047818861377544,0.13342747377651204,0.0,总 总体,总体 总,总体 总,总 总体
1594,1,,0.0,0.0,总部,总部,总部,总部
1595,1,,0.0,0.0,恰恰相反,恰恰相反,恰恰相反,恰恰相反
1596,2,0.5080994988882575,0.18083540373200846,0.0,良性 恶性,良性 恶性,良性 恶性,良性 恶性
1597,1,,0.0,0.0,悬念,悬念,悬念,悬念
1598,11,0.5205285786274861,0.10037540047778015,0.09090909090909091,悼念 缅怀 祭奠 纪念 纪念碑 瞻仰 纪念馆 烈士 扫墓 追悼会 留念,留念 祭奠 追悼会 扫墓 纪念 纪念碑 纪念馆 烈士,烈士 纪念馆 瞻仰 扫墓 悼念 祭奠 缅怀 追悼会 纪念碑 留念 纪念,悼念 缅怀 祭奠 纪念 纪念碑 瞻仰 纪念馆 烈士 扫墓 追悼会 留念
1599,7,0.49387589775417695,0.138884234602341,0.0,状况 情况 情形 状态 现状 现象 条件,现状 条件 现象 状态 情形 情况 状况,条件 现状 状态 状况 情况 情形 现象,状况 情况 情形 状态 现状 现象 条件
1600,5,0.4780299033980526,0.08646895346575731,0.6,氛围 气氛 风气 环境 情调,环境 情调 风气 气氛 氛围,情调 气氛 风气 氛围 环境,氛围 气氛 风气 环境 情调
1601,8,0.4994146428455493,0.08628279643773885,0.25,醒悟 觉醒 醒 惊醒 苏醒 清醒 昏迷 觉悟,昏迷 惊醒 觉悟 清醒 醒 醒悟 苏醒 觉醒,觉悟 醒 苏醒 清醒 醒悟 昏迷 觉醒 惊醒,醒悟 觉醒 醒 惊醒 苏醒 清醒 昏迷 觉悟
1602,1,,0.0,0.0,惯性,惯性,惯性,惯性
1603,8,0.5043375424246228,0.12001286320674355,0.0,猜测 猜想 预料 想象 揣测 设想 预言 预见,预料 设想 预言 想象 揣测 预见 猜测 猜想,猜想 猜测 揣测 预料 预言 预见 设想 想象,猜测 猜想 预料 想象 揣测 设想 预言 预见
1604,3,0.40325789934861533,-0.009668479641439668,0.6666666666666666,饶 赖 惹,赖 惹 饶,惹 饶 赖,饶 赖 惹
1605,6,0.4789471294598646,0.10334400747016886,0.16666666666666666,盛行 流行 泛滥 蔓延 流传 愈演愈烈,流传 愈演愈烈 流行 蔓延 泛滥 盛行,流行 愈演愈烈 流传 泛滥 盛行 蔓延,盛行 流行 泛滥 蔓延 流传 愈演愈烈
1606,3,0.41933444934249847,0.02093810081566326,0.3333333333333333,计划 方案 意向,意向 方案 计划,意向 计划 方案,计划 方案 意向
1607,1,,0.0,0.0,愚公移山,愚公移山,愚公移山,愚公移山
1608,3,0.409144999565675,0.029630777436970818,0.6666666666666666,敏感 脆弱 感兴趣,感兴趣 脆弱 敏感,感兴趣 脆弱 敏感,敏感 脆弱 感兴趣
1609,3,0.48260841247348046,0.10298072556446276,0.0,抚恤 慰劳 接济,抚恤 慰劳 接济,抚恤 慰劳 接济,抚恤 慰劳 接济
1610,1,,0.0,0.0,成人,成人,成人,成人
1611,2,0.4746464338179517,0.12805054531964027,0.0,铸造 成型,成型 铸造,成型 铸造,铸造 成型
1612,2,0.5144901951231313,0.18085646347188486,0.0,熟 成熟,熟 成熟,熟 成熟,熟 成熟
1613,3,0.41523968550941426,-0.016189213359496153,0.6666666666666666,贪 戒 赌,赌 戒 贪,戒 赌 贪,贪 戒 赌
1614,4,0.4306496226031016,0.02088218734635688,0.5,拦 挡 遮 截,遮 截 拦 挡,截 拦 挡 遮,拦 挡 遮 截
1615,4,0.5974108365323391,0.2259372078712249,0.0,直至 截至 直到 截止,截至 直到 直至 截止,截止 直至 直到 截至,直至 截至 直到 截止
1616,1,,0.0,0.0,戳,戳,戳,戳
1617,3,0.4212059848235119,-0.0014567550843202616,0.3333333333333333,挎 背 戴,戴 背 挎,戴 挎 背,挎 背 戴
1618,5,0.47559647564131835,0.05920364694915836,0.2,房租 租金 房价 物价 押金,押金 物价 租金 房价 房租,物价 房租 租金 押金 房价,房租 租金 房价 物价 押金
1619,1,,0.0,0.0,所,所,所,所
1620,2,0.5076564987390255,0.16925228696057937,0.0,所在 所属,所在 所属,所在 所属,所在 所属
1621,2,0.5975937020015745,0.3322521302352156,0.0,自动 手动,自动 手动,手动 自动,自动 手动
1622,3,0.5597598987779577,0.26039558176462585,0.0,手机 手表 耳机,耳机 手机 手表,耳机 手机 手表,手机 手表 耳机
1623,5,0.48524495930709577,0.0499814127802015,0.2,面前 身边 身上 手里 眼前,身上 手里 眼前 身边 面前,面前 身边 眼前 手里 身上,面前 身边 身上 手里 眼前
1624,2,0.46171333871897335,0.09254489851898404,0.0,扎根 落户,落户 扎根,落户 扎根,扎根 落户
1625,2,0.4652269471755017,0.030438489108883467,0.5,抓 扑,抓 扑,扑 抓,抓 扑
1626,4,0.5214771840086495,0.20284648721214277,0.0,游戏机 游戏 麻将 扑克,游戏机 游戏 麻将 扑克,游戏 麻将 游戏机 扑克,游戏机 游戏 麻将 扑克
1627,4,0.4924954365401139,0.0816878601645616,0.25,挨 挨打 打 耳光,挨打 耳光 打 挨,打 挨 耳光 挨打,挨 挨打 打 耳光
1628,1,,0.0,0.0,打发,打发,打发,打发
1629,6,0.5368505734369158,0.17404607414845583,0.0,询问 追问 问 打听 请教 求证,求证 请教 问 打听 询问 追问,询问 追问 请教 问 打听 求证,询问 追问 问 打听 请教 求证
1630,9,0.4506483705316534,0.025672549785718455,0.4444444444444444,扛 抬 搀 撑 扶 拉 抱 拖 拄,拖 拄 拉 抱 扛 搀 撑 扶,搀 撑 扶 扛 拖 拄 拉 抬 抱,扛 抬 搀 撑 扶 拉 抱 拖 拄
1631,6,0.43754870079102814,0.02639620669870159,0.5,扣押 扣留 搜查 通缉 无理 销毁,无理 销毁 通缉 搜查 扣押 扣留,无理 搜查 销毁 扣留 扣押 通缉,扣押 扣留 搜查 通缉 无理 销毁
1632,10,0.4891132809516124,0.06052941282000761,0.2,执照 证件 许可证 证书 护照 驾照 通行证 申领 许可 牌照,申领 许可 护照 驾照 证书 证件 牌照 许可证,许可 护照 执照 许可证 牌照 通行证 证书 证件 申领 驾照,执照 证件 许可证 证书 护照 驾照 通行证 申领 许可 牌照
1633,1,,0.0,0.0,扬,扬,扬,扬
1634,2,0.5768636479438305,0.25912734230156603,0.0,畸形 扭曲,畸形 扭曲,扭曲 畸形,畸形 扭曲
1635,3,0.45821340886645795,0.11387024349257258,0.0,首批 批 首,批 首 首批,批 首 首批,首批 批 首
1636,5,0.4890909289667647,0.08182246291783854,0.4,揭露 揭发 批判 揭 歌颂,揭 歌颂 批判 揭发 揭露,揭露 揭 揭发 批判 歌颂,揭露 揭发 批判 揭 歌颂
1637,2,0.5851278007371393,0.27494386805490645,0.0,批发 零售,批发 零售,零售 批发,批发 零售
1638,4,0.5105668119356526,0.14656146685276092,0.0,高科技 高新技术 科技 技术,高新技术 科技 技术 高科技,高科技 技术 科技 高新技术,高科技 高新技术 科技 技术
1639,3,0.3794347654887429,-0.02516881430825688,0.6666666666666666,把 被 拿出,拿出 被 把,拿出 把 被,把 被 拿出
1640,3,0.44043223081979305,0.06562481002165536,0.3333333333333333,监督 监察 把关,把关 监察 监督,监察 把关 监督,监督 监察 把关
1641,2,0.4745341742021778,0.14775877257494585,0.0,把柄 靶子,把柄 靶子,把柄 靶子,把柄 靶子
1642,3,0.6026286219232133,0.29457167904079695,0.0,牢牢 紧紧 抓住,抓住 紧紧 牢牢,抓住 紧紧 牢牢,牢牢 紧紧 抓住
1643,1,,0.0,0.0,投,投,投,投
1644,2,0.5637375616318009,0.29964019634412886,0.0,炒作 投机,投机 炒作,炒作 投机,炒作 投机
1645,3,0.5414881042542012,0.180087876741286,0.0,投票 表决 票,票 表决 投票,票 投票 表决,投票 表决 票
1646,2,0.5759096723208461,0.25896427114657894,0.0,邮箱 投稿,邮箱 投稿,邮箱 投稿,邮箱 投稿
1647,4,0.438040154257009,0.01714222146181124,0.25,资产 财富 财产 投资,投资 财产 财富 资产,投资 资产 财富 财产,资产 财富 财产 投资
1648,5,0.4828267116138788,0.09548168668992449,0.0,抗拒 排斥 抵制 拒绝 抵触,排斥 拒绝 抵制 抗拒 抵触,抵制 抵触 拒绝 抗拒 排斥,抗拒 排斥 抵制 拒绝 抵触
1649,1,,0.0,0.0,折叠,折叠,折叠,折叠
1650,2,0.462752074277902,0.08673623886798737,0.0,放下 抛开,抛开 放下,抛开 放下,放下 抛开
1651,1,,0.0,0.0,报,报,报,报
1652,2,0.5265887562088298,0.1730558336746649,0.0,报名 报到,报名 报到,报名 报到,报名 报到
1653,3,0.5460950816205236,0.19517000543624463,0.0,汇报 通报 报告,通报 报告 汇报,汇报 报告 通报,汇报 通报 报告
1654,2,0.5063456111833182,0.15879431756836215,0.0,自费 报销,报销 自费,自费 报销,自费 报销
1655,1,,0.0,0.0,押,押,押,押
1656,3,0.36671991699013806,-0.05322542636253267,0.6666666666666666,摇 抽签 挥,挥 抽签 摇,抽签 摇 挥,摇 抽签 挥
1657,2,0.49866372018222904,0.18257956365617434,0.0,担子 担,担子 担,担 担子,担子 担
1658,3,0.4406838084483757,0.0877629305295108,0.0,拆迁 装修 拆,装修 拆 拆迁,拆 装修 拆迁,拆迁 装修 拆
1659,2,0.48436339216308133,0.0957714785906432,0.0,招标 拍卖,拍卖 招标,招标 拍卖,招标 拍卖
1660,1,,0.0,0.0,拍戏,拍戏,拍戏,拍戏
1661,3,0.4521096833991445,0.0809353616584778,0.0,拔 拨 插,插 拨 拔,拔 拨 插,拔 拨 插
1662,4,0.46400238575766933,0.07813118272279304,0.0,拖欠 违约 逾期 欠,违约 逾期 欠 拖欠,拖欠 欠 逾期 违约,拖欠 违约 逾期 欠
1663,2,0.5109830615900284,0.17075459832611395,0.0,招收 招,招收 招,招 招收,招收 招
1664,6,0.4585477753292199,0.02865774469159559,0.5,拟定 筹划 筹备 酝酿 起草 拟,拟 筹划 筹备 起草 酝酿 拟定,酝酿 拟 起草 拟定 筹备 筹划,拟定 筹划 筹备 酝酿 起草 拟
1665,3,0.5202772758186639,0.22058858965102401,0.0,括弧 括号 省略,省略 括号 括弧,省略 括号 括弧,括弧 括号 省略
1666,2,0.5129748897474893,0.18989564674207493,0.0,持有 持,持有 持,持有 持,持有 持
1667,3,0.4332380665313777,0.04037282186020064,0.3333333333333333,持久 持之以恒 长效,持之以恒 长效 持久,持久 持之以恒 长效,持久 持之以恒 长效
1668,3,0.44386369522770974,-0.014669450916587284,1.0,无关 相提并论 挂钩,挂钩 无关 相提并论,无关 挂钩 相提并论,无关 相提并论 挂钩
1669,1,,0.0,0.0,指,指,指,指
1670,4,0.4397520432316591,0.06976103907479332,0.5,特定 特殊 特有 指定,特有 指定 特殊 特定,指定 特定 特殊 特有,特定 特殊 特有 指定
1671,2,0.45828884994787533,0.037818657251311026,0.0,指点 指手画脚,指点 指手画脚,指手画脚 指点,指点 指手画脚
1672,2,0.45593523411643866,0.040768171882048544,0.0,指标 指数,指数 指标,指标 指数,指标 指数
1673,4,0.4205524383785208,-0.016655826895570314,0.75,讨好 顺从 附和 挑剔,讨好 挑剔 顺从 附和,讨好 顺从 挑剔 附和,讨好 顺从 附和 挑剔
1674,1,,0.0,0.0,挑起,挑起,挑起,挑起
1675,1,,0.0,0.0,挖,挖,挖,挖
1676,3,0.4703266897243268,0.08086385509051629,0.0,牵 挽 绕,绕 挽 牵,绕 牵 挽,牵 挽 绕
1677,1,,0.0,0.0,捂,捂,捂,捂
1678,2,0.49175043624327575,0.13879539120020695,0.0,损 损失,损失 损,损 损失,损 损失
1679,2,0.4628719414570839,0.06485411331442036,0.0,换取 索取,换取 索取,换取 索取,换取 索取
1680,3,0.3990408221322908,0.017006976271084228,0.6666666666666666,捧 簇拥 揽,揽 簇拥 捧,捧 揽 簇拥,捧 簇拥 揽
1681,1,,0.0,0.0,据,据,据,据
1682,2,0.4724937630083823,0.12576930716024698,0.0,推 掀,掀 推,掀 推,推 掀
1683,2,0.4764115339905297,0.006098215453712679,0.5,授权 未经,未经 授权,未经 授权,授权 未经
1684,1,,0.0,0.0,掉队,掉队,掉队,掉队
1685,2,0.5475189433526335,0.2111410706682168,0.0,试探 探,试探 探,探 试探,试探 探
1686,2,0.536473394196658,0.2260921615665215,0.0,接 接到,接到 接,接 接到,接 接到
1687,3,0.4939062736739191,0.1730075178843351,0.3333333333333333,接班 接班人 接手,接手 接班人 接班,接班人 接手 接班,接班 接班人 接手
1688,2,0.4791579338701065,0.13922673081194478,0.0,接轨 脱节,脱节 接轨,脱节 接轨,接轨 脱节
1689,5,0.5154228330557145,0.13358927716522884,0.0,靠近 接近 逼近 贴近 走近,接近 逼近 贴近 走近 靠近,靠近 逼近 贴近 接近 走近,靠近 接近 逼近 贴近 走近
1690,3,0.582238441521936,0.29434994546653687,0.0,操控 操纵 控制,控制 操纵 操控,操纵 操控 控制,操控 操纵 控制
1691,2,0.524459399635449,0.20244679801000298,0.0,逻辑 推理,逻辑 推理,推理 逻辑,逻辑 推理
1692,5,0.4982108892818092,0.1059376713590446,0.2,销售 销量 销 畅销 推销,推销 销售 销量 畅销 销,畅销 销 销售 销量 推销,销售 销量 销 畅销 推销
1693,1,,0.0,0.0,措手不及,措手不及,措手不及,措手不及
1694,4,0.48077629044225006,0.12283398915125424,0.0,提到 提出 提 提起,提起 提出 提 提到,提 提到 提出 提起,提到 提出 提 提起
1695,1,,0.0,0.0,提供,提供,提供,提供
1696,3,0.5041553213573086,0.11491150711357785,0.3333333333333333,晋升 提拔 职位,职位 提拔 晋升,提拔 晋升 职位,晋升 提拔 职位
1697,2,0.45506512373656216,0.09320284504181117,0.0,提炼 炼,提炼 炼,炼 提炼,提炼 炼
1698,2,0.5561340549767081,0.2711737532438888,0.0,风险 提示,风险 提示,提示 风险,风险 提示
1699,2,0.46324558273172656,0.07791276140495339,0.0,提速 时速,时速 提速,时速 提速,提速 时速
1700,1,,0.0,0.0,搁浅,搁浅,搁浅,搁浅
1701,1,,0.0,0.0,搜,搜,搜,搜
1702,8,0.46652713554154507,0.0646314971901614,0.125,迁移 搬迁 搬 迁 移 搬家 转移 撤,撤 搬家 转移 迁移 搬迁 迁 搬 移,搬家 移 搬 撤 迁 搬迁 转移 迁移,迁移 搬迁 搬 迁 移 搬家 转移 撤
1703,2,0.45615392586063597,0.09356055011061382,0.0,搭档 组合,搭档 组合,组合 搭档,搭档 组合
1704,1,,0.0,0.0,摇摇欲坠,摇摇欲坠,摇摇欲坠,摇摇欲坠
1705,1,,0.0,0.0,摇篮,摇篮,摇篮,摇篮
1706,1,,0.0,0.0,摊,摊,摊,摊
1707,1,,0.0,0.0,撇,撇,撇,撇
1708,2,0.4587066567176661,0.06356824959294856,0.0,钻 撬,钻 撬,撬 钻,钻 撬
1709,2,0.4508732247179872,0.06856592455825603,0.0,操作 策略,操作 策略,操作 策略,操作 策略
1710,1,,0.0,0.0,攀,攀,攀,攀
1711,6,0.492017072063246,0.04459143218654327,0.16666666666666666,零花钱 钱 私房钱 积蓄 攒 本钱,钱 积蓄 攒 本钱 零花钱 私房钱,零花钱 攒 钱 私房钱 积蓄 本钱,零花钱 钱 私房钱 积蓄 攒 本钱
1712,3,0.4104406114036893,0.01658043172841246,0.3333333333333333,支援 支持 物资,物资 支持 支援,支援 支持 物资,支援 支持 物资
1713,1,,0.0,0.0,收,收,收,收
1714,2,0.4600738338858543,0.09791445967238682,0.0,解放 收复,收复 解放,收复 解放,解放 收复
1715,2,0.47646483114184324,0.1282634352498912,0.0,收拾 整理,收拾 整理,收拾 整理,收拾 整理
1716,6,0.505519582099905,0.07971952335144551,0.16666666666666666,财政 预算 赤字 收支 税收 财力,税收 财力 财政 赤字 收支 预算,赤字 收支 财力 财政 税收 预算,财政 预算 赤字 收支 税收 财力
1717,2,0.505685400551202,0.15796934904845983,0.0,改 改革,改 改革,改 改革,改 改革
1718,5,0.46984267362787674,0.1203982617345715,0.0,编写 编排 编 编制 改编,改编 编 编排 编写 编制,编 改编 编写 编制 编排,编写 编排 编 编制 改编
1719,4,0.5058867463289681,0.08679390309676731,0.25,改进 革新 改良 进步,进步 革新 改良 改进,进步 革新 改进 改良,改进 革新 改良 进步
1720,4,0.4254099742942348,0.026849300893776438,0.5,死心 罢休 遂心 改邪归正,改邪归正 遂心 罢休 死心,罢休 死心 遂心 改邪归正,死心 罢休 遂心 改邪归正
1721,1,,0.0,0.0,放大,放大,放大,放大
1722,4,0.45512154086488965,0.02628312483779077,0.5,放松 松弛 麻痹 松绑,麻痹 松绑 放松 松弛,松弛 放松 麻痹 松绑,放松 松弛 麻痹 松绑
1723,2,0.4600385341686992,0.09974843118196053,0.0,放水 闸,闸 放水,放水 闸,放水 闸
1724,2,0.47915608604234383,0.12624702915227431,0.0,政府 行政,政府 行政,行政 政府,政府 行政
1725,4,0.4755248084371959,0.12517982224802301,0.0,武力 武装 暴力 政权,政权 暴力 武装 武力,武装 武力 暴力 政权,武力 武装 暴力 政权
1726,3,0.4134274740316248,0.02353168135517128,0.6666666666666666,政治 经济 时事,经济 时事 政治,经济 时事 政治,政治 经济 时事
1727,4,0.4071135467090308,-0.002063762645695792,0.75,调控 监管 政策 调节,调节 监管 政策 调控,调节 调控 政策 监管,调控 监管 政策 调节
1728,1,,0.0,0.0,效力,效力,效力,效力
1729,8,0.509008561559862,0.07495033034595759,0.25,灵敏 灵巧 敏捷 敏锐 机智 机灵 灵活 精明,机智 精明 机灵 灵巧 敏锐 灵活 敏捷 灵敏,灵巧 灵敏 灵活 敏捷 精明 敏锐 机灵 机智,灵敏 灵巧 敏捷 敏锐 机智 机灵 灵活 精明
1730,2,0.46760590295726334,0.10518822796529734,0.0,训 教,教 训,教 训,训 教
1731,1,,0.0,0.0,教育部,教育部,教育部,教育部
1732,1,,0.0,0.0,散,散,散,散
1733,2,0.5113445419121736,0.1487655800292585,0.0,散布 谣言,谣言 散布,谣言 散布,散布 谣言
1734,3,0.43881650968208324,0.010455189050222144,0.6666666666666666,祭 敬 祈祷,敬 祭 祈祷,祭 祈祷 敬,祭 敬 祈祷
1735,2,0.4584136739966054,0.055623123365543314,0.0,踏实 敬业,敬业 踏实,敬业 踏实,踏实 敬业
1736,2,0.477412494462395,0.12588718170242189,0.0,海量 数据,数据 海量,数据 海量,海量 数据
1737,4,0.3676545823701556,-0.11838968832686926,1.0,整体 整个 整 综合,整体 整 综合 整个,整 整体 整个 综合,整体 整个 整 综合
1738,1,,0.0,0.0,整数,整数,整数,整数
1739,2,0.4586387548504737,0.09030616794630308,0.0,敷 贴,贴 敷,敷 贴,敷 贴
1740,1,,0.0,0.0,文,文,文,文
1741,4,0.46785261658265354,0.06794633371929334,0.25,文件 表格 附件 格式,表格 附件 文件 格式,附件 文件 格式 表格,文件 表格 附件 格式
1742,2,0.6319747213242006,0.3962576444708582,0.0,识字 文盲,识字 文盲,识字 文盲,识字 文盲
1743,1,,0.0,0.0,料,料,料,料
1744,3,0.42515795435951803,0.04263520208608149,0.3333333333333333,断断续续 间断 隐约,隐约 间断 断断续续,断断续续 间断 隐约,断断续续 间断 隐约
1745,7,0.5037688801284537,0.1263090754209754,0.0,裂缝 破裂 裂痕 断裂 脱落 裂 破碎,脱落 裂 破碎 破裂 裂缝 断裂 裂痕,裂痕 裂缝 脱落 断裂 裂 破碎 破裂,裂缝 破裂 裂痕 断裂 脱落 裂 破碎
1746,2,0.5305094653182032,0.20565102013226436,0.0,新手 新人,新手 新人,新手 新人,新手 新人
1747,3,0.389470844231901,-0.03512575116865642,0.6666666666666666,新款 苹果 系列,苹果 系列 新款,苹果 新款 系列,新款 苹果 系列
1748,1,,0.0,0.0,新生,新生,新生,新生
1749,3,0.4778495204092446,0.08384897053183955,0.3333333333333333,路线 方针 方向,方向 方针 路线,方针 方向 路线,路线 方针 方向
1750,3,0.4594048137029769,0.1112413290992461,0.0,施压 施加 泼冷水,泼冷水 施加 施压,施压 施加 泼冷水,施压 施加 泼冷水
1751,3,0.5595328623306147,0.24236272793856992,0.0,旁观 袖手旁观 看热闹,看热闹 袖手旁观 旁观,旁观 看热闹 袖手旁观,旁观 袖手旁观 看热闹
1752,1,,0.0,0.0,族,族,族,族
1753,2,0.4526680871816917,0.07541729501541325,0.0,无故 无,无故 无,无故 无,无故 无
1754,2,0.49305139878255977,0.1006639892517964,0.0,无偿 无条件,无条件 无偿,无条件 无偿,无偿 无条件
1755,3,0.43790547313087097,0.03750925973438158,0.0,无话可说 爱理不理 无可奉告,爱理不理 无话可说 无可奉告,爱理不理 无话可说 无可奉告,无话可说 爱理不理 无可奉告
1756,2,0.45067705468176156,0.04405857406704521,0.0,无家可归 饥饿,饥饿 无家可归,无家可归 饥饿,无家可归 饥饿
1757,3,0.3790330437551696,-0.04482748245896518,0.6666666666666666,无形 看得见 无情,无情 看得见 无形,无情 无形 看得见,无形 看得见 无情
1758,3,0.5949135578212419,0.36438621092904117,0.0,无限 无穷 无边,无边 无限 无穷,无边 无限 无穷,无限 无穷 无边
1759,3,0.43765132654790756,0.11840782133183066,0.0,无缘 缺席 止步,止步 缺席 无缘,无缘 止步 缺席,无缘 缺席 止步
1760,4,0.497506956817904,0.09587492912540627,0.25,空虚 颓废 无聊 浮躁,无聊 空虚 浮躁 颓废,无聊 颓废 浮躁 空虚,空虚 颓废 无聊 浮躁
1761,3,0.40022346592570573,0.0021375881136260996,0.6666666666666666,菜单 日历 餐桌,餐桌 日历 菜单,菜单 餐桌 日历,菜单 日历 餐桌
1762,2,0.5753204015378586,0.26523710158033625,0.0,过日子 日子,过日子 日子,过日子 日子,过日子 日子
1763,4,0.455694173188061,0.0351619765644173,0.5,期限 日期 时间 有效期,期限 时间 有效期 日期,日期 有效期 期限 时间,期限 日期 时间 有效期
1764,2,0.5004288224140017,0.1868671451163541,0.0,时间表 日程,时间表 日程,日程 时间表,时间表 日程
1765,2,0.4812426218310284,0.14766976781913554,0.0,早 盘,早 盘,盘 早,早 盘
1766,1,,0.0,0.0,早晚,早晚,早晚,早晚
1767,1,,0.0,0.0,旭日,旭日,旭日,旭日
1768,3,0.4517452188310765,0.10131338055285832,0.0,时尚 风尚 都市,都市 风尚 时尚,时尚 风尚 都市,时尚 风尚 都市
1769,2,0.45108113397325234,0.010416135343388687,0.0,阶段 时段,阶段 时段,时段 阶段,阶段 时段
1770,1,,0.0,0.0,旺,旺,旺,旺
1771,1,,0.0,0.0,昔日,昔日,昔日,昔日
1772,1,,0.0,0.0,星座,星座,星座,星座
1773,1,,0.0,0.0,映,映,映,映
1774,2,0.5566399611923161,0.2798228992325997,0.0,是非 非,是非 非,是非 非,是非 非
1775,5,0.5591166590172001,0.24842469080478638,0.0,看起来 看上去 显得 看似 觉得,觉得 显得 看似 看起来 看上去,看起来 看似 觉得 显得 看上去,看起来 看上去 显得 看似 觉得
1776,2,0.45721913951642945,0.026772067765059117,0.0,显示 获悉,显示 获悉,获悉 显示,显示 获悉
1777,1,,0.0,0.0,晒,晒,晒,晒
1778,3,0.3939372079607408,-0.015127473660395718,0.6666666666666666,趟 遍 晚点,晚点 遍 趟,晚点 遍 趟,趟 遍 晚点
1779,2,0.46414248127885793,0.09075252552737602,0.5,景 顺,顺 景,景 顺,景 顺
1780,3,0.41038894342609966,-0.04724531869594667,1.0,暖 降温 转,降温 暖 转,暖 转 降温,暖 降温 转
1781,4,0.46897485149596013,0.11534462625762701,0.0,裸露 露 暴露 裸,裸 暴露 露 裸露,露 裸 裸露 暴露,裸露 露 暴露 裸
1782,9,0.4822964727496111,0.09163986607532665,0.1111111111111111,波涛 风浪 波浪 暴风骤雨 暴风雨 汹涌 风暴 浪 波澜,汹涌 波澜 风暴 浪 暴风骤雨 暴风雨 波浪 风浪,汹涌 浪 波涛 波浪 波澜 暴风雨 暴风骤雨 风浪 风暴,波涛 风浪 波浪 暴风骤雨 暴风雨 汹涌 风暴 浪 波澜
1783,4,0.5025747090633617,0.05254878255685919,0.25,说道 道 曰 脱口而出,道 曰 脱口而出 说道,脱口而出 曰 道 说道,说道 道 曰 脱口而出
1784,1,,0.0,0.0,曲线,曲线,曲线,曲线
1785,3,0.38667619932500097,-0.04761797997665362,0.6666666666666666,补充 更新 补给,更新 补给 补充,补充 补给 更新,补充 更新 补给
1786,2,0.4730217500492888,0.10646574429104538,0.0,跑龙套 替身,跑龙套 替身,跑龙套 替身,跑龙套 替身
1787,2,0.6444581295298892,0.3960412517497873,0.0,最佳 最好,最佳 最好,最好 最佳,最佳 最好
1788,1,,0.0,0.0,月票,月票,月票,月票
1789,1,,0.0,0.0,有事,有事,有事,有事
1790,1,,0.0,0.0,有人,有人,有人,有人
1791,2,0.592253820348912,0.30295800257141936,0.0,有效 有力,有效 有力,有效 有力,有效 有力
1792,8,0.5542775186923702,0.26743132333129355,0.0,稍 略微 稍微 稍稍 略 有所 较 相对,有所 相对 较 略微 稍稍 略 稍微 稍,稍 略 略微 稍微 有所 稍稍 相对 较,稍 略微 稍微 稍稍 略 有所 较 相对
1793,1,,0.0,0.0,有朝一日,有朝一日,有朝一日,有朝一日
1794,2,0.4694799180749256,0.07466846798673654,0.0,有机 结合,结合 有机,有机 结合,有机 结合
1795,3,0.5000511406595584,0.14331114283300597,0.0,毒 有毒 臭,臭 有毒 毒,毒 有毒 臭,毒 有毒 臭
1796,1,,0.0,0.0,有的放矢,有的放矢,有的放矢,有的放矢
1797,1,,0.0,0.0,有的是,有的是,有的是,有的是
1798,4,0.37702315453990193,-0.0018708053064021186,0.75,金 银 黄金 服,黄金 服 银 金,黄金 服 金 银,金 银 黄金 服
1799,6,0.5274897870174237,0.15728261782953543,0.0,生机 蓬勃 活力 焕发 朝气蓬勃 欣欣向荣,活力 欣欣向荣 焕发 朝气蓬勃 蓬勃 生机,蓬勃 朝气蓬勃 焕发 生机 活力 欣欣向荣,生机 蓬勃 活力 焕发 朝气蓬勃 欣欣向荣
1800,2,0.5748842298533761,0.2781552230030596,0.0,期 期中,期 期中,期 期中,期 期中
1801,3,0.4756598292655805,0.11059292640836776,0.0,笼罩 阴影 朦胧,朦胧 阴影 笼罩,笼罩 朦胧 阴影,笼罩 阴影 朦胧
1802,3,0.5211921054488095,0.20941676623196404,0.0,马戏 木偶 魔术,魔术 木偶 马戏,马戏 木偶 魔术,马戏 木偶 魔术
1803,3,0.45730486072681825,0.07774619210295447,0.0,老板 老大 木匠,老大 木匠 老板,老大 老板 木匠,老板 老大 木匠
1804,1,,0.0,0.0,末日,末日,末日,末日
1805,2,0.5334772383282316,0.20557853229107712,0.0,本色 本分,本分 本色,本分 本色,本色 本分
1806,3,0.4702813831980565,0.11362376842402994,0.3333333333333333,节俭 节衣缩食 朴素,朴素 节衣缩食 节俭,朴素 节衣缩食 节俭,节俭 节衣缩食 朴素
1807,4,0.48656393086598676,0.02170728114662801,0.5,束 缕 根 朵,缕 根 朵 束,缕 束 朵 根,束 缕 根 朵
1808,3,0.5158211134038854,0.12839258752194269,0.0,机器 机械 计算机,计算机 机械 机器,机器 计算机 机械,机器 机械 计算机
1809,1,,0.0,0.0,机构,机构,机构,机构
1810,3,0.4805550996461601,0.1284404110442656,0.0,机舱 舱 电梯,电梯 舱 机舱,电梯 舱 机舱,机舱 舱 电梯
1811,2,0.5092656703072773,0.11214325084592452,0.0,黑手 杀手,黑手 杀手,杀手 黑手,黑手 杀手
1812,4,0.478095887422842,0.03852886574334206,0.25,杀毒 浏览器 软件 防火墙,软件 浏览器 防火墙 杀毒,软件 防火墙 浏览器 杀毒,杀毒 浏览器 软件 防火墙
1813,6,0.5226910364957358,0.17319831203905225,0.0,权利 权力 职权 权 特权 行使,权利 特权 职权 行使 权力 权,权 行使 权利 权力 职权 特权,权利 权力 职权 权 特权 行使
1814,1,,0.0,0.0,权威,权威,权威,权威
1815,1,,0.0,0.0,杆,杆,杆,杆
1816,3,0.44045359035493403,0.034342594637568585,0.6666666666666666,脉络 来龙去脉 脉搏,来龙去脉 脉搏 脉络,脉搏 脉络 来龙去脉,脉络 来龙去脉 脉搏
1817,1,,0.0,0.0,板,板,板,板
1818,2,0.4900145130853405,0.11377276433204953,0.0,枢纽 纽带,枢纽 纽带,纽带 枢纽,枢纽 纽带
1819,4,0.4245945784249501,-0.031737177075976813,0.5,核实 查明 调查 澄清,调查 澄清 查明 核实,澄清 核实 查明 调查,核实 查明 调查 澄清
1820,2,0.5288752154894281,0.18692494058471051,0.0,查询 查看,查看 查询,查询 查看,查询 查看
1821,1,,0.0,0.0,标,标,标,标
1822,4,0.4913706850850719,0.11749057890469199,0.0,标志 标示 记号 标签,标签 标示 标志 记号,标志 标签 标示 记号,标志 标示 记号 标签
1823,2,0.5419783360865768,0.18999076787740615,0.0,样本 标本,标本 样本,标本 样本,样本 标本
1824,2,0.4799780173434608,0.14866597807688334,0.0,脊梁 栋梁,脊梁 栋梁,脊梁 栋梁,脊梁 栋梁
1825,1,,0.0,0.0,栏,栏,栏,栏
1826,1,,0.0,0.0,校园,校园,校园,校园
1827,1,,0.0,0.0,样,样,样,样
1828,1,,0.0,0.0,核,核,核,核
1829,1,,0.0,0.0,核电站,核电站,核电站,核电站
1830,3,0.41617164452153227,0.03473887489674449,0.3333333333333333,根深蒂固 顽固 深入人心,顽固 深入人心 根深蒂固,深入人心 根深蒂固 顽固,根深蒂固 顽固 深入人心
1831,10,0.5073323800738065,0.081319940146105,0.2,荷花 菊花 盛开 牡丹 梅花 桃花 玫瑰 花卉 花瓣 鲜花,玫瑰 桃花 花瓣 荷花 菊花 花卉 鲜花 梅花,梅花 牡丹 桃花 花瓣 盛开 花卉 荷花 玫瑰 鲜花 菊花,荷花 菊花 盛开 牡丹 梅花 桃花 玫瑰 花卉 花瓣 鲜花
1832,1,,0.0,0.0,框,框,框,框
1833,1,,0.0,0.0,框架,框架,框架,框架
1834,1,,0.0,0.0,桑拿,桑拿,桑拿,桑拿
1835,1,,0.0,0.0,档,档,档,档
1836,1,,0.0,0.0,桩,桩,桩,桩
1837,1,,0.0,0.0,榨,榨,榨,榨
1838,2,0.47981497156972397,0.15314404242070462,0.0,演示 模拟,演示 模拟,模拟 演示,演示 模拟
1839,5,0.5056017382711333,0.1216965539997523,0.2,欣赏 观赏 鉴赏 赏 消遣,消遣 赏 鉴赏 观赏 欣赏,鉴赏 消遣 赏 欣赏 观赏,欣赏 观赏 鉴赏 赏 消遣
1840,1,,0.0,0.0,歇,歇,歇,歇
1841,1,,0.0,0.0,止,止,止,止
1842,1,,0.0,0.0,正当,正当,正当,正当
1843,1,,0.0,0.0,此致,此致,此致,此致
1844,4,0.40746747658804,-0.02533727955686744,0.75,迈进 迈 步入 飞跃,步入 飞跃 迈 迈进,步入 迈 飞跃 迈进,迈进 迈 步入 飞跃
1845,3,0.5638846567807828,0.2699622722007648,0.0,步行 走路 行走,步行 走路 行走,步行 行走 走路,步行 走路 行走
1846,2,0.4714916167127835,0.08395792428991015,0.0,死 自杀,死 自杀,死 自杀,死 自杀
1847,3,0.4557306422947129,0.03740274801924084,0.6666666666666666,残 残留 残缺,残留 残缺 残,残 残缺 残留,残 残留 残缺
1848,1,,0.0,0.0,毛,毛,毛,毛
1849,1,,0.0,0.0,民间,民间,民间,民间
1850,4,0.45260217421776955,0.02322555380097343,0.5,液体 气泡 混浊 浮力,气泡 混浊 浮力 液体,气泡 浮力 液体 混浊,液体 气泡 混浊 浮力
1851,4,0.49894877823097245,0.1159791406032059,0.0,气球 热气球 风筝 滑梯,风筝 滑梯 热气球 气球,气球 滑梯 热气球 风筝,气球 热气球 风筝 滑梯
1852,2,0.7750196620386499,0.6260473060126512,0.0,水准 水平,水准 水平,水准 水平,水准 水平
1853,3,0.408582784412623,0.02766607134975368,0.6666666666666666,缩水 流失 水涨船高,水涨船高 流失 缩水,水涨船高 流失 缩水,缩水 流失 水涨船高
1854,4,0.5447002134180452,0.21209924899119345,0.0,水管 管道 电线 管子,电线 管子 管道 水管,管道 电线 水管 管子,水管 管道 电线 管子
1855,1,,0.0,0.0,水落石出,水落石出,水落石出,水落石出
1856,1,,0.0,0.0,汇,汇,汇,汇
1857,3,0.41805804820471454,-0.005748378968341867,0.6666666666666666,江 渡 海,海 渡 江,渡 江 海,江 渡 海
1858,4,0.3933024112064853,-0.12334547796795807,0.75,笼子 池子 盘子 监狱,监狱 盘子 池子 笼子,笼子 盘子 池子 监狱,笼子 池子 盘子 监狱
1859,1,,0.0,0.0,汪洋,汪洋,汪洋,汪洋
1860,3,0.5443409603596131,0.22384985879329453,0.0,汽油 燃油 油,油 燃油 汽油,油 汽油 燃油,汽油 燃油 油
1861,4,0.4747051254475534,0.06801012184091933,0.25,漂 浮 飘 沉,飘 沉 漂 浮,漂 沉 浮 飘,漂 浮 飘 沉
1862,7,0.5018047934896379,0.13452276971872387,0.0,泥土 沙子 石头 泥 渣子 砖 灰尘,砖 灰尘 泥 石头 泥土 渣子 沙子,砖 泥 沙子 渣子 泥土 石头 灰尘,泥土 沙子 石头 泥 渣子 砖 灰尘
1863,1,,0.0,0.0,沙龙,沙龙,沙龙,沙龙
1864,2,0.5130024310146222,0.13308168281736404,0.0,郊外 河畔,郊外 河畔,河畔 郊外,郊外 河畔
1865,1,,0.0,0.0,沾光,沾光,沾光,沾光
1866,5,0.5358874785924572,0.15444847461967026,0.2,穿过 越过 穿越 跨越 沿,跨越 沿 穿越 越过 穿过,跨越 沿 越过 穿过 穿越,穿过 越过 穿越 跨越 沿
1867,1,,0.0,0.0,法,法,法,法
1868,1,,0.0,0.0,泡沫,泡沫,泡沫,泡沫
1869,4,0.6293731885875528,0.33605064909708715,0.0,牵涉 牵扯 涉及 波及,涉及 波及 牵扯 牵涉,牵涉 牵扯 波及 涉及,牵涉 牵扯 涉及 波及
1870,1,,0.0,0.0,注,注,注,注
1871,1,,0.0,0.0,注册,注册,注册,注册
1872,1,,0.0,0.0,洋,洋,洋,洋
1873,1,,0.0,0.0,活动,活动,活动,活动
1874,1,,0.0,0.0,活跃,活跃,活跃,活跃
1875,1,,0.0,0.0,派,派,派,派
1876,4,0.5035530817415065,0.08627651286526523,0.25,流入 流向 资金 流动,资金 流向 流动 流入,流动 流入 流向 资金,流入 流向 资金 流动
1877,1,,0.0,0.0,流水,流水,流水,流水
1878,1,,0.0,0.0,流通,流通,流通,流通
1879,2,0.5893300341747907,0.3160688712993579,0.0,深 浅,深 浅,浅 深,深 浅
1880,3,0.5391310523836069,0.20491901823726155,0.0,稠 浓 稀,浓 稀 稠,稀 稠 浓,稠 浓 稀
1881,4,0.4736672061838962,0.0831890032548301,0.25,海藻 贝壳 鲨鱼 海绵,贝壳 鲨鱼 海绵 海藻,海绵 贝壳 海藻 鲨鱼,海藻 贝壳 鲨鱼 海绵
1882,8,0.5395664836279517,0.03675647601495406,0.375,货运 海运 运输 集装箱 航运 港口 货物 物流,港口 货物 运输 物流 航运 海运 集装箱 货运,物流 集装箱 货物 运输 航运 港口 海运 货运,货运 海运 运输 集装箱 航运 港口 货物 物流
1883,1,,0.0,0.0,消,消,消,消
1884,2,0.5061674771871083,0.13549882961872534,0.0,盛 润,盛 润,盛 润,盛 润
1885,1,,0.0,0.0,淘,淘,淘,淘
1886,2,0.5189147032306631,0.13381185529412498,0.0,落后 淘汰,淘汰 落后,落后 淘汰,落后 淘汰
1887,1,,0.0,0.0,淡化,淡化,淡化,淡化
1888,3,0.49943124898157126,0.13457783713309757,0.0,纵深 深入 深度,深度 深入 纵深,纵深 深入 深度,纵深 深入 深度
1889,3,0.45868982969529304,0.04900275705933971,0.3333333333333333,混合 混 纯,混 纯 混合,纯 混 混合,混合 混 纯
1890,4,0.4383803767803724,0.017832947037451457,0.75,混淆 误 误会 颠倒,误会 颠倒 误 混淆,误会 颠倒 误 混淆,混淆 误 误会 颠倒
1891,1,,0.0,0.0,清,清,清,清
1892,7,0.43963778618971894,0.029883505068679435,0.5714285714285714,粘 黏 湿 渗 蜡 锈 滑,渗 滑 蜡 锈 湿 黏 粘,粘 湿 渗 滑 黏 锈 蜡,粘 黏 湿 渗 蜡 锈 滑
1893,2,0.48486775611631017,0.025993644371450905,0.5,融合 渗透,融合 渗透,渗透 融合,融合 渗透
1894,1,,0.0,0.0,温度计,温度计,温度计,温度计
1895,1,,0.0,0.0,港,港,港,港
1896,1,,0.0,0.0,滚动,滚动,滚动,滚动
1897,4,0.5679228934767523,0.17169659579982452,0.0,迎合 适应 顺应 满足,适应 迎合 满足 顺应,顺应 满足 适应 迎合,迎合 适应 顺应 满足
1898,1,,0.0,0.0,滴,滴,滴,滴
1899,4,0.4666922231725659,0.0333738832437485,0.25,玻璃 陶瓷 非金属 漆,陶瓷 漆 非金属 玻璃,漆 陶瓷 玻璃 非金属,玻璃 陶瓷 非金属 漆
1900,8,0.48022136980992414,0.04506483091395099,0.5,训练 练习 练 锻炼 演练 跑步 演习 运动,运动 跑步 演练 演习 练 练习 训练 锻炼,运动 练 跑步 锻炼 训练 练习 演习 演练,训练 练习 练 锻炼 演练 跑步 演习 运动
1901,1,,0.0,0.0,漫,漫,漫,漫
1902,2,0.5079069237669787,0.2132371628955349,0.0,漫游 长途,长途 漫游,长途 漫游,漫游 长途
1903,3,0.42646527466845985,0.026533625864483826,0.3333333333333333,短暂 漫长 简短,简短 漫长 短暂,简短 漫长 短暂,短暂 漫长 简短
1904,1,,0.0,0.0,激活,激活,激活,激活
1905,1,,0.0,0.0,火山,火山,火山,火山
1906,4,0.4529670245154373,0.06050316633294303,0.25,红火 火暴 火热 生意,生意 火热 火暴 红火,红火 生意 火暴 火热,红火 火暴 火热 生意
1907,1,,0.0,0.0,火花,火花,火花,火花
1908,8,0.5424714578978328,0.1750714695532507,0.125,灯 电灯 路灯 灯光 灯泡 盏 照明 灯笼,灯笼 灯光 盏 灯泡 灯 照明 路灯 电灯,灯 盏 照明 电灯 灯泡 灯笼 路灯 灯光,灯 电灯 路灯 灯光 灯泡 盏 照明 灯笼
1909,4,0.4620166615758441,0.07335709040439455,0.25,灵魂 魂 血脉 灵,灵 血脉 灵魂 魂,灵 血脉 魂 灵魂,灵魂 魂 血脉 灵
1910,2,0.48065214759845154,0.11601246436425015,0.0,灵感 素材,素材 灵感,素材 灵感,灵感 素材
1911,1,,0.0,0.0,灵通,灵通,灵通,灵通
1912,4,0.458833371435824,0.10494394610531327,0.0,股票 股市 股 炒股,炒股 股 股市 股票,炒股 股票 股市 股,股票 股市 股 炒股
1913,1,,0.0,0.0,炫耀,炫耀,炫耀,炫耀
1914,2,0.5548808356776006,0.24375581642753397,0.0,碳 炭,炭 碳,碳 炭,碳 炭
1915,2,0.4954339104050658,0.20268285901212316,0.0,点子 点,点子 点,点 点子,点子 点
1916,2,0.48341789867798446,0.14730776065107742,0.0,点击率 票房,票房 点击率,点击率 票房,点击率 票房
1917,1,,0.0,0.0,点名,点名,点名,点名
1918,3,0.44315239416340546,0.10007243232489464,0.0,点评 要点 评,评 要点 点评,点评 要点 评,点评 要点 评
1919,8,0.5685700687392521,0.22813591080907739,0.0,烟花 爆竹 焰火 鞭炮 燃放 烟火 蜡烛 烟,蜡烛 烟 燃放 烟火 焰火 烟花 爆竹 鞭炮,烟 烟火 烟花 蜡烛 焰火 燃放 爆竹 鞭炮,烟花 爆竹 焰火 鞭炮 燃放 烟火 蜡烛 烟
1920,2,0.4865143838663235,0.11022091186182495,0.0,解脱 烦恼,烦恼 解脱,解脱 烦恼,解脱 烦恼
1921,1,,0.0,0.0,热带,热带,热带,热带
1922,2,0.5872392005032343,0.30045994100050644,0.0,积极性 热情,热情 积极性,热情 积极性,积极性 热情
1923,6,0.5325267229758744,0.14673930050910217,0.16666666666666666,零件 部件 配件 组装 螺丝 焊,焊 螺丝 组装 配件 部件 零件,焊 部件 零件 配件 螺丝 组装,零件 部件 配件 组装 螺丝 焊
1924,1,,0.0,0.0,焚烧,焚烧,焚烧,焚烧
1925,1,,0.0,0.0,焦,焦,焦,焦
1926,2,0.4714798358688519,0.14302988930481958,0.0,照常 照例,照常 照例,照例 照常,照常 照例
1927,3,0.549697814066353,0.2544234476460607,0.0,牛 熊 马,马 熊 牛,熊 牛 马,牛 熊 马
1928,4,0.4328190982249533,0.03195658358367175,0.25,迎来 迎 迎接 爆发,爆发 迎来 迎接 迎,迎 爆发 迎接 迎来,迎来 迎 迎接 爆发
1929,1,,0.0,0.0,爆满,爆满,爆满,爆满
1930,2,0.4883350928761978,0.11045429413489843,0.0,爱不释手 耳目一新,耳目一新 爱不释手,爱不释手 耳目一新,爱不释手 耳目一新
1931,1,,0.0,0.0,爱国,爱国,爱国,爱国
1932,2,0.5274392991860184,0.247628395729447,0.0,爵士 绅士,绅士 爵士,爵士 绅士,爵士 绅士
1933,2,0.4599562113057234,0.11710482117028886,0.0,王牌 牌,牌 王牌,王牌 牌,王牌 牌
1934,2,0.48511221937898896,0.16816496396959418,0.0,特别 特,特别 特,特 特别,特别 特
1935,2,0.6229859113104218,0.34428907585014445,0.0,犯 罪,犯 罪,罪 犯,犯 罪
1936,1,,0.0,0.0,状元,状元,状元,状元
1937,1,,0.0,0.0,独,独,独,独
1938,1,,0.0,0.0,独家,独家,独家,独家
1939,5,0.532854037669029,0.14345527404890326,0.0,谜语 猜谜 谜 谜底 猜,谜底 谜 谜语 猜 猜谜,谜语 猜 谜底 猜谜 谜,谜语 猜谜 谜 谜底 猜
1940,1,,0.0,0.0,玄,玄,玄,玄
1941,1,,0.0,0.0,环,环,环,环
1942,1,,0.0,0.0,环球,环球,环球,环球
1943,1,,0.0,0.0,现场,现场,现场,现场
1944,1,,0.0,0.0,理,理,理,理
1945,3,0.4690588844971287,0.0565428846642782,0.3333333333333333,雪 瑞雪 雾,雾 雪 瑞雪,雪 雾 瑞雪,雪 瑞雪 雾
1946,4,0.5200461495955107,0.1543057366465919,0.0,瓷器 瓷 窑 花瓶,花瓶 窑 瓷 瓷器,瓷器 窑 瓷 花瓶,瓷器 瓷 窑 花瓶
1947,1,,0.0,0.0,生,生,生,生
1948,2,0.5226758120049958,0.17832389950539684,0.0,生存 生活,生活 生存,生活 生存,生存 生活
1949,3,0.4333310072468451,0.0476086417530615,0.3333333333333333,生平 生涯 简历,生涯 简历 生平,简历 生涯 生平,生平 生涯 简历
1950,1,,0.0,0.0,生态,生态,生态,生态
1951,1,,0.0,0.0,生物,生物,生物,生物
1952,1,,0.0,0.0,生育,生育,生育,生育
1953,5,0.47422917660544484,0.06249303592616923,0.4,用于 用来 适用 用途 限于,适用 限于 用途 用来 用于,用来 用于 适用 限于 用途,用于 用来 适用 用途 限于
1954,1,,0.0,0.0,用法,用法,用法,用法
1955,1,,0.0,0.0,由,由,由,由
1956,1,,0.0,0.0,电,电,电,电
1957,3,0.5782185916688508,0.2844744803574286,0.0,留下 留 遗留,遗留 留 留下,留 遗留 留下,留下 留 遗留
1958,4,0.4608259358851495,0.06991252450259018,0.0,磨损 老化 衰减 疲劳,衰减 疲劳 磨损 老化,疲劳 磨损 衰减 老化,磨损 老化 衰减 疲劳
1959,4,0.5306047626813669,0.1650533896576374,0.25,脚印 足迹 痕迹 轨迹,轨迹 痕迹 脚印 足迹,痕迹 脚印 足迹 轨迹,脚印 足迹 痕迹 轨迹
1960,1,,0.0,0.0,瘫痪,瘫痪,瘫痪,瘫痪
1961,1,,0.0,0.0,瘾,瘾,瘾,瘾
1962,1,,0.0,0.0,登,登,登,登
1963,1,,0.0,0.0,登陆,登陆,登陆,登陆
1964,1,,0.0,0.0,白白,白白,白白,白白
1965,2,0.6178895668001074,0.31706921641604136,0.0,茅台 白酒,茅台 白酒,茅台 白酒,茅台 白酒
1966,1,,0.0,0.0,百分点,百分点,百分点,百分点
1967,1,,0.0,0.0,百合,百合,百合,百合
1968,1,,0.0,0.0,皮,皮,皮,皮
1969,3,0.49203320801982015,0.11644345450146316,0.0,看管 管教 监护,管教 监护 看管,看管 管教 监护,看管 管教 监护
1970,5,0.5860101582790783,0.24774088442602413,0.0,监控 跟踪 追踪 监视 监测,追踪 监测 监视 跟踪 监控,追踪 跟踪 监视 监测 监控,监控 跟踪 追踪 监视 监测
1971,5,0.5245085507306907,0.13447192537569053,0.2,盘算 算计 精打细算 算盘 算账,算账 精打细算 算盘 盘算 算计,盘算 算计 算账 精打细算 算盘,盘算 算计 精打细算 算盘 算账
1972,1,,0.0,0.0,目标,目标,目标,目标
1973,1,,0.0,0.0,目的地,目的地,目的地,目的地
1974,1,,0.0,0.0,直,直,直,直
1975,2,0.6261433469472352,0.3735925983414454,0.0,间接 直接,直接 间接,间接 直接,间接 直接
1976,1,,0.0,0.0,直线,直线,直线,直线
1977,4,0.4337215097483537,0.004952624938833569,0.5,眼 近视 眼镜 直视,眼镜 眼 直视 近视,眼镜 眼 直视 近视,眼 近视 眼镜 直视
1978,7,0.4902384461400253,0.10405128856947686,0.0,相连 贯通 相通 连接 直达 通往 纵横交错,纵横交错 通往 相连 直达 贯通 相通 连接,通往 贯通 连接 相通 直达 相连 纵横交错,相连 贯通 相通 连接 直达 通往 纵横交错
1979,2,0.45432739309530357,0.047722454991648004,0.0,相传 记载,记载 相传,相传 记载,相传 记载
1980,2,0.6029775251733509,0.3466516834803851,0.0,相当于 等于,等于 相当于,相当于 等于,相当于 等于
1981,1,,0.0,0.0,省,省,省,省
1982,2,0.46317173240926435,0.11157567349173836,0.0,真空 高压,真空 高压,真空 高压,真空 高压
1983,1,,0.0,0.0,着想,着想,着想,着想
1984,1,,0.0,0.0,着落,着落,着落,着落
1985,1,,0.0,0.0,瞒,瞒,瞒,瞒
1986,2,0.5456681207729961,0.24209760687831872,0.0,线索 破案,线索 破案,线索 破案,线索 破案
1987,2,0.6925522988771398,0.5058473660985938,0.0,软 硬,软 硬,硬 软,软 硬
1988,2,0.496287822929081,0.14104259943962527,0.0,硬件 芯片,硬件 芯片,硬件 芯片,硬件 芯片
1989,4,0.5622101792414188,0.21303523412730635,0.0,确定 确认 认定 确立,认定 确立 确认 确定,确定 确立 确认 认定,确定 确认 认定 确立
1990,2,0.4718782014117241,0.15392121350562007,0.0,默契 磨合,默契 磨合,磨合 默契,默契 磨合
1991,2,0.5450819489999561,0.24436082687431837,0.0,评论员 社论,社论 评论员,评论员 社论,评论员 社论
1992,4,0.5979764549479823,0.23074300020026656,0.25,距离 离 距 遥远,遥远 离 距离 距,距离 离 遥远 距,距离 离 距 遥远
1993,2,0.4791499955283798,0.06337429353316047,0.0,秃 豁,秃 豁,秃 豁,秃 豁
1994,1,,0.0,0.0,科普,科普,科普,科普
1995,3,0.564343618484941,0.2788596854529937,0.0,累积 积累 积,积 积累 累积,积 累积 积累,累积 积累 积
1996,1,,0.0,0.0,稍候,稍候,稍候,稍候
1997,2,0.4954055130681746,0.11882727021844036,0.0,草 稻草,草 稻草,草 稻草,草 稻草
1998,2,0.6182086096429444,0.34512719134000536,0.0,穴位 部位,穴位 部位,部位 穴位,穴位 部位
1999,4,0.5019653293690454,0.0727840057843889,0.5,空隙 间隙 空儿 间隔,间隔 空儿 空隙 间隙,间隔 间隙 空儿 空隙,空隙 间隙 空儿 间隔
2000,1,,0.0,0.0,空白,空白,空白,空白
2001,3,0.41919884263707347,0.028527702995974794,0.6666666666666666,突如其来 莫名其妙 突发,突发 莫名其妙 突如其来,突如其来 突发 莫名其妙,突如其来 莫名其妙 突发
2002,1,,0.0,0.0,窗口,窗口,窗口,窗口
2003,1,,0.0,0.0,窝,窝,窝,窝
2004,1,,0.0,0.0,立,立,立,立
2005,2,0.4555923744445449,0.054362638364772384,0.5,立功 见义勇为,立功 见义勇为,立功 见义勇为,立功 见义勇为
2006,2,0.5068162958811845,0.19075583005769717,0.0,站 站住,站住 站,站 站住,站 站住
2007,2,0.46498838673922893,0.08034979469127342,0.0,竞技 竞赛,竞技 竞赛,竞赛 竞技,竞技 竞赛
2008,2,0.6249341127647359,0.3961741522821013,0.0,节 章,章 节,章 节,节 章
2009,1,,0.0,0.0,端正,端正,端正,端正
2010,3,0.6188313420292544,0.3450032165356462,0.0,级别 等级 级,等级 级别 级,级 等级 级别,级别 等级 级
2011,2,0.4540279965985816,0.10907413634882626,0.0,筑 造,造 筑,筑 造,筑 造
2012,2,0.4685142009225841,0.06321893293905313,0.0,辩护 答辩,辩护 答辩,答辩 辩护,辩护 答辩
2013,1,,0.0,0.0,策划,策划,策划,策划
2014,3,0.5253511907059484,0.16202234831871,0.0,筛 筛选 过滤,筛选 过滤 筛,筛选 筛 过滤,筛 筛选 过滤
2015,1,,0.0,0.0,筹码,筹码,筹码,筹码
2016,2,0.6367788167046373,0.3803489881595077,0.0,精简 简化,精简 简化,简化 精简,精简 简化
2017,1,,0.0,0.0,简易,简易,简易,简易
2018,2,0.5491927884299506,0.1954014503591444,0.0,算了 算,算 算了,算 算了,算了 算
2019,1,,0.0,0.0,管,管,管,管
2020,7,0.4533775729027694,0.07520900691780175,0.2857142857142857,运营 运作 经营 运行 运转 管理 营业,营业 管理 运转 经营 运行 运作 运营,运作 营业 经营 管理 运转 运行 运营,运营 运作 经营 运行 运转 管理 营业
2021,1,,0.0,0.0,篇幅,篇幅,篇幅,篇幅
2022,2,0.45762354784018033,0.08041766242931431,0.0,粉 蜜,蜜 粉,粉 蜜,粉 蜜
2023,3,0.4101573241062874,-0.0011966971989701332,0.6666666666666666,精练 精 通顺,通顺 精 精练,精 通顺 精练,精练 精 通顺
2024,1,,0.0,0.0,系,系,系,系
2025,1,,0.0,0.0,素,素,素,素
2026,1,,0.0,0.0,紧凑,紧凑,紧凑,紧凑
2027,1,,0.0,0.0,红眼,红眼,红眼,红眼
2028,1,,0.0,0.0,纸,纸,纸,纸
2029,2,0.6708714516853373,0.44064555639431213,0.0,经 经过,经 经过,经 经过,经 经过
2030,1,,0.0,0.0,结,结,结,结
2031,1,,0.0,0.0,绝,绝,绝,绝
2032,1,,0.0,0.0,统一,统一,统一,统一
2033,2,0.4595257101993315,0.10149123674841112,0.0,编号 车号,编号 车号,编号 车号,编号 车号
2034,2,0.5730856369856073,0.2878034686156907,0.0,表 缩,缩 表,缩 表,表 缩
2035,1,,0.0,0.0,网,网,网,网
2036,2,0.8015556677997456,0.6706341677327308,0.0,而已 罢了,罢了 而已,罢了 而已,而已 罢了
2037,4,0.5114253701754781,0.18586971582806894,0.0,设置 设 设定 置,置 设定 设 设置,置 设 设置 设定,设置 设 设定 置
2038,1,,0.0,0.0,美中不足,美中不足,美中不足,美中不足
2039,3,0.6842128325272862,0.4539194068109002,0.0,美元 美金 英镑,英镑 美金 美元,英镑 美元 美金,美元 美金 英镑
2040,4,0.4687761323491125,0.11626272678686175,0.25,飞翔 翅膀 飞 鹏程万里,鹏程万里 飞 翅膀 飞翔,飞翔 飞 翅膀 鹏程万里,飞翔 翅膀 飞 鹏程万里
2041,2,0.5081048443605982,0.15068515898520807,0.0,翻番 翻,翻番 翻,翻 翻番,翻番 翻
2042,1,,0.0,0.0,老,老,老,老
2043,8,0.47729230119220784,0.06724740606713157,0.375,评判 评定 评估 评价 评审 衡量 考核 论证,评审 论证 衡量 评定 考核 评估 评价 评判,衡量 考核 评价 评估 评判 评审 评定 论证,评判 评定 评估 评价 评审 衡量 考核 论证
2044,1,,0.0,0.0,者,者,者,者
2045,2,0.5527631048338049,0.24525776046795952,0.0,能耐 耐,能耐 耐,耐 能耐,能耐 耐
2046,2,0.6503759887210949,0.38651205973315406,0.0,耐心 耐性,耐性 耐心,耐性 耐心,耐心 耐性
2047,1,,0.0,0.0,联想,联想,联想,联想
2048,3,0.49055016363644405,0.0972091463146586,0.0,远程 遥控 联网,遥控 联网 远程,远程 联网 遥控,远程 遥控 联网
2049,1,,0.0,0.0,胆,胆,胆,胆
2050,1,,0.0,0.0,胎,胎,胎,胎
2051,2,0.4665670781565173,0.07693143015205295,0.0,胜任 驾驭,驾驭 胜任,驾驭 胜任,胜任 驾驭
2052,1,,0.0,0.0,脱,脱,脱,脱
2053,1,,0.0,0.0,脱颖而出,脱颖而出,脱颖而出,脱颖而出
2054,1,,0.0,0.0,膜,膜,膜,膜
2055,2,0.5355301900119421,0.19531846911039913,0.0,自主 自行,自主 自行,自行 自主,自主 自行
2056,3,0.5002987252888802,0.1414996890849797,0.0,自发 自愿 自觉,自觉 自愿 自发,自觉 自愿 自发,自发 自愿 自觉
2057,3,0.42695275315649045,0.02675981889181626,0.3333333333333333,自理 自立 自负,自立 自理 自负,自负 自理 自立,自理 自立 自负
2058,1,,0.0,0.0,致,致,致,致
2059,1,,0.0,0.0,航海,航海,航海,航海
2060,2,0.46751389055962045,0.09310861402253148,0.0,舵手 领袖,领袖 舵手,舵手 领袖,舵手 领袖
2061,2,0.501603042486841,0.1505178302502928,0.0,良心 黑心,良心 黑心,良心 黑心,良心 黑心
2062,1,,0.0,0.0,芦花,芦花,芦花,芦花
2063,1,,0.0,0.0,花样,花样,花样,花样
2064,1,,0.0,0.0,荒,荒,荒,荒
2065,1,,0.0,0.0,落地,落地,落地,落地
2066,2,0.7085068232214109,0.5134087599712289,0.0,董事 董事会,董事会 董事,董事 董事会,董事 董事会
2067,1,,0.0,0.0,蒙,蒙,蒙,蒙
2068,2,0.4507192959098505,0.07108983182854182,0.0,虚 补,虚 补,虚 补,虚 补
2069,1,,0.0,0.0,行,行,行,行
2070,2,0.45516380601237105,0.10035317714109478,0.0,阵营 行列,阵营 行列,阵营 行列,阵营 行列
2071,1,,0.0,0.0,衍生,衍生,衍生,衍生
2072,2,0.45750886313651373,0.10140137772673406,0.0,衰竭 透支,衰竭 透支,透支 衰竭,衰竭 透支
2073,1,,0.0,0.0,裁,裁,裁,裁
2074,1,,0.0,0.0,装备,装备,装备,装备
2075,2,0.5091998324706624,0.19265624298488143,0.0,请求 要求,请求 要求,请求 要求,请求 要求
2076,1,,0.0,0.0,见外,见外,见外,见外
2077,1,,0.0,0.0,观察,观察,观察,观察
2078,1,,0.0,0.0,解剖,解剖,解剖,解剖
2079,1,,0.0,0.0,触摸,触摸,触摸,触摸
2080,1,,0.0,0.0,警钟,警钟,警钟,警钟
2081,1,,0.0,0.0,计,计,计,计
2082,1,,0.0,0.0,认,认,认,认
2083,1,,0.0,0.0,讨,讨,讨,讨
2084,1,,0.0,0.0,记者,记者,记者,记者
2085,1,,0.0,0.0,许,许,许,许
2086,1,,0.0,0.0,证,证,证,证
2087,2,0.49856165718442913,0.15098546090128634,0.0,试用期 试用,试用 试用期,试用期 试用,试用期 试用
2088,2,0.6132933544745336,0.32961993109716936,0.0,问世 诞生,诞生 问世,诞生 问世,问世 诞生
2089,1,,0.0,0.0,误区,误区,误区,误区
2090,1,,0.0,0.0,说干就干,说干就干,说干就干,说干就干
2091,1,,0.0,0.0,说明书,说明书,说明书,说明书
2092,1,,0.0,0.0,请进,请进,请进,请进
2093,1,,0.0,0.0,调度,调度,调度,调度
2094,1,,0.0,0.0,豁出去,豁出去,豁出去,豁出去
2095,1,,0.0,0.0,负,负,负,负
2096,1,,0.0,0.0,账,账,账,账
2097,1,,0.0,0.0,货,货,货,货
2098,3,0.5201694820426178,0.10448359522250346,0.3333333333333333,购买 购 采购,采购 购买 购,采购 购 购买,购买 购 采购
2099,1,,0.0,0.0,资本,资本,资本,资本
2100,1,,0.0,0.0,资源,资源,资源,资源
2101,1,,0.0,0.0,赎,赎,赎,赎
2102,2,0.7607448329989656,0.5947251884243958,0.0,输家 赢家,输家 赢家,输家 赢家,输家 赢家
2103,1,,0.0,0.0,赫然,赫然,赫然,赫然
2104,2,0.49880084224400156,0.171014254850598,0.0,通道 走廊,通道 走廊,通道 走廊,通道 走廊
2105,1,,0.0,0.0,走过场,走过场,走过场,走过场
2106,6,0.5202463693450095,0.15426714455337187,0.3333333333333333,赶不上 赶上 跟不上 跟上 追赶 赶,追赶 赶 跟不上 跟上 赶上 赶不上,追赶 赶不上 跟上 赶上 跟不上 赶,赶不上 赶上 跟不上 跟上 追赶 赶
2107,3,0.47051626248650974,0.11831703559710043,0.0,起点 起跑线 起步,起跑线 起步 起点,起跑线 起点 起步,起点 起跑线 起步
2108,1,,0.0,0.0,足智多谋,足智多谋,足智多谋,足智多谋
2109,1,,0.0,0.0,跨,跨,跨,跨
2110,3,0.47932800189003627,0.08444233277874495,0.0,问路 迷路 路人,路人 迷路 问路,迷路 问路 路人,问路 迷路 路人
2111,2,0.6250723671301094,0.35059779577707206,0.0,踏 踩,踏 踩,踏 踩,踏 踩
2112,1,,0.0,0.0,身不由己,身不由己,身不由己,身不由己
2113,2,0.4804398962371037,0.15901561969523345,0.0,造价 身价,身价 造价,造价 身价,造价 身价
2114,4,0.5479277738441056,0.1689216935360572,0.25,车轮 轮子 车轴 轮胎,轮胎 车轴 轮子 车轮,轮子 车轮 车轴 轮胎,车轮 轮子 车轴 轮胎
2115,1,,0.0,0.0,轨道,轨道,轨道,轨道
2116,4,0.5367816940391621,0.1542365894674973,0.25,转变 转化 转换 转型,转型 转换 转化 转变,转换 转化 转变 转型,转变 转化 转换 转型
2117,3,0.5393978471642311,0.19748742288506504,0.3333333333333333,转折点 转折 里程碑,里程碑 转折 转折点,里程碑 转折点 转折,转折点 转折 里程碑
2118,1,,0.0,0.0,转让,转让,转让,转让
2119,4,0.5179057667255456,0.17799396396747327,0.0,震动 震撼 轰动 震,震 轰动 震撼 震动,轰动 震 震动 震撼,震动 震撼 轰动 震
2120,2,0.6167942770101075,0.4058917828868654,0.0,轻 重,重 轻,重 轻,轻 重
2121,1,,0.0,0.0,辅助,辅助,辅助,辅助
2122,1,,0.0,0.0,辐射,辐射,辐射,辐射
2123,1,,0.0,0.0,输,输,输,输
2124,1,,0.0,0.0,输血,输血,输血,输血
2125,1,,0.0,0.0,辩,辩,辩,辩
2126,3,0.5414633398606208,0.1844291550043672,0.0,边疆 边远 边境,边境 边远 边疆,边疆 边境 边远,边疆 边远 边境
2127,1,,0.0,0.0,过时,过时,过时,过时
2128,3,0.45270140666974146,0.06273143426866638,0.3333333333333333,运送 运 配送,配送 运 运送,运 运送 配送,运送 运 配送
2129,2,0.5784008259159669,0.2508226889599729,0.0,进展 进程,进程 进展,进展 进程,进展 进程
2130,1,,0.0,0.0,远方,远方,远方,远方
2131,1,,0.0,0.0,远见,远见,远见,远见
2132,1,,0.0,0.0,追溯,追溯,追溯,追溯
2133,2,0.4717864692390328,0.14481151477219517,0.0,退役 退出,退出 退役,退出 退役,退役 退出
2134,1,,0.0,0.0,适合,适合,适合,适合
2135,3,0.3972143753309867,-0.019755429010007357,0.6666666666666666,顺势 适时 逢,适时 逢 顺势,顺势 适时 逢,顺势 适时 逢
2136,1,,0.0,0.0,透,透,透,透
2137,1,,0.0,0.0,通,通,通,通
2138,1,,0.0,0.0,通俗,通俗,通俗,通俗
2139,1,,0.0,0.0,通用,通用,通用,通用
2140,1,,0.0,0.0,逞强,逞强,逞强,逞强
2141,3,0.4986003401761425,0.13130193780385466,0.3333333333333333,邮政 邮局 集邮,集邮 邮局 邮政,邮局 邮政 集邮,邮政 邮局 集邮
2142,1,,0.0,0.0,部署,部署,部署,部署
2143,1,,0.0,0.0,酒鬼,酒鬼,酒鬼,酒鬼
2144,1,,0.0,0.0,采,采,采,采
2145,1,,0.0,0.0,释放,释放,释放,释放
2146,2,0.4715161457077228,-0.03208104492134083,0.5,重复 重叠,重叠 重复,重叠 重复,重复 重叠
2147,1,,0.0,0.0,野,野,野,野
2148,1,,0.0,0.0,金字塔,金字塔,金字塔,金字塔
2149,7,0.5425920186316847,0.22460343777824068,0.14285714285714285,铜 铅 铝 锡 金属 钢 铁,金属 铁 钢 铅 锡 铝 铜,金属 锡 钢 铝 铜 铅 铁,铜 铅 铝 锡 金属 钢 铁
2150,1,,0.0,0.0,金钱,金钱,金钱,金钱
2151,3,0.41221702941370936,0.002498467481779907,0.6666666666666666,锁 钥匙 锁定,钥匙 锁定 锁,锁定 锁 钥匙,锁 钥匙 锁定
2152,2,0.5069850367263447,0.13972930335549438,0.0,铃 闹钟,闹钟 铃,闹钟 铃,铃 闹钟
2153,1,,0.0,0.0,银幕,银幕,银幕,银幕
2154,1,,0.0,0.0,铺路,铺路,铺路,铺路
2155,1,,0.0,0.0,长征,长征,长征,长征
2156,1,,0.0,0.0,门当户对,门当户对,门当户对,门当户对
2157,2,0.4684035773388766,0.10162403164335304,0.0,闪 闪电,闪电 闪,闪电 闪,闪 闪电
2158,1,,0.0,0.0,问卷,问卷,问卷,问卷
2159,1,,0.0,0.0,闲,闲,闲,闲
2160,2,0.49962613967178493,0.12544738566921804,0.0,黑客 间谍,间谍 黑客,间谍 黑客,黑客 间谍
2161,5,0.5211971791155776,0.1841922933357939,0.0,防 防范 预防 防护 防盗,预防 防护 防盗 防范 防,防护 防盗 防 防范 预防,防 防范 预防 防护 防盗
2162,2,0.8785785645119271,0.7878342293822266,0.0,阴性 阳性,阴性 阳性,阳性 阴性,阴性 阳性
2163,1,,0.0,0.0,阴,阴,阴,阴
2164,2,0.45578126739584857,0.1361663409971984,0.0,阵容 阵,阵容 阵,阵 阵容,阵容 阵
2165,4,0.47657373761615585,0.11321405711110016,0.5,附加 附带 额外 附,附 额外 附加 附带,额外 附加 附带 附,附加 附带 额外 附
2166,1,,0.0,0.0,附属,附属,附属,附属
2167,1,,0.0,0.0,院,院,院,院
2168,1,,0.0,0.0,随机,随机,随机,随机
2169,2,0.593295147337237,0.36362921281983046,0.0,隐形 隐性,隐性 隐形,隐性 隐形,隐形 隐性
2170,1,,0.0,0.0,隔,隔,隔,隔
2171,1,,0.0,0.0,集,集,集,集
2172,1,,0.0,0.0,集体,集体,集体,集体
2173,1,,0.0,0.0,零,零,零,零
2174,1,,0.0,0.0,露天,露天,露天,露天
2175,1,,0.0,0.0,面向,面向,面向,面向
2176,1,,0.0,0.0,面对面,面对面,面对面,面对面
2177,1,,0.0,0.0,面面俱到,面面俱到,面面俱到,面面俱到
2178,1,,0.0,0.0,革命,革命,革命,革命
2179,1,,0.0,0.0,顶,顶,顶,顶
2180,1,,0.0,0.0,顾,顾,顾,顾
2181,2,0.5011319749201056,0.19320584793406198,0.0,预报 预告,预告 预报,预报 预告,预报 预告
2182,1,,0.0,0.0,领,领,领,领
2183,3,0.44600900933808835,0.07789308881197968,0.0,风 风力 风沙,风力 风沙 风,风力 风 风沙,风 风力 风沙
2184,1,,0.0,0.0,风云,风云,风云,风云
2185,1,,0.0,0.0,饭碗,饭碗,饭碗,饭碗
2186,1,,0.0,0.0,饱和,饱和,饱和,饱和
2187,2,0.5803075649511897,0.2596148058531145,0.0,首府 首都,首府 首都,首府 首都,首府 首都
2188,1,,0.0,0.0,马后炮,马后炮,马后炮,马后炮
2189,3,0.487057000618991,0.09049513407801107,0.0,骑 驮 骏马,骑 骏马 驮,骏马 驮 骑,骑 驮 骏马
2190,1,,0.0,0.0,驯,驯,驯,驯
2191,2,0.7917236740170635,0.6384967545945582,0.0,高峰期 高峰,高峰期 高峰,高峰期 高峰,高峰期 高峰
2192,1,,0.0,0.0,麻,麻,麻,麻
2193,1,,0.0,0.0,齐,齐,齐,齐
2194,1,,0.0,0.0,龙舟,龙舟,龙舟,龙舟
