community,size,mean_pair_cosine,mean_cosine_silhouette,negative_silhouette_fraction,representatives,boundary_words,deterministic_sample,all_members
0,1,,0.0,0.0,〇,〇,〇,〇
1,16,0.5146418646238374,0.22318897701399124,0.125,四 五 六 三 七 八 九 两 十 二 第二 几,另 若干 一 第 几 第二 十 二,若干 第二 六 八 几 十 另 四 二 五 九 两,四 五 六 三 七 八 九 两 十 二 第二 几 第 一 若干 另
2,5,0.541662384486236,0.17744262336039718,0.2,一起 一同 一齐 一块儿 一一,一一 一齐 一块儿 一同 一起,一齐 一起 一块儿 一同 一一,一起 一同 一齐 一块儿 一一
3,37,0.4264653611118723,-0.04444362453032644,0.7027027027027027,急忙 赶忙 连忙 立刻 慌忙 赶紧 忽然 马上 立即 猛然 随即 突然,匆忙 告辞 来不及 便 就 赫然 索性 只得,一瞬间 赫然 转身 慌忙 就 便 立刻 立即 只得 只好 瞬间 来不及,急忙 赶忙 连忙 立刻 慌忙 赶紧 忽然 马上 立即 猛然 随即 突然 顿时 当即 匆匆 赶快 一下子 便 匆忙 顾不得 火速 索性 转身 连滚带爬 只好 只得 来不及 顾不上 告辞 迅速 瞬间 骤然 就 一瞬间 一刹那 来得及 赫然
4,11,0.4631295371401818,0.11412153413140826,0.2727272727272727,小心 注意 提防 留心 留神 当心 警惕 留意 关注 一不小心 戒备,一不小心 戒备 关注 警惕 留意 当心 留心 留神,关注 一不小心 戒备 当心 小心 注意 警惕 留心 提防 留意 留神,小心 注意 提防 留心 留神 当心 警惕 留意 关注 一不小心 戒备
5,3,0.5014880134876297,0.17369055986074344,0.0,一鼓作气 一口气 一举,一口气 一举 一鼓作气,一鼓作气 一口气 一举,一鼓作气 一口气 一举
6,8,0.4972469083004355,0.12362142218547402,0.125,言行 举动 所作所为 一言一行 言论 行为 一举一动 表态,表态 一言一行 一举一动 言论 行为 所作所为 举动 言行,举动 行为 言论 言行 一举一动 所作所为 表态 一言一行,言行 举动 所作所为 一言一行 言论 行为 一举一动 表态
7,5,0.511466989843752,0.16645705807154887,0.0,无所事事 一无所有 一事无成 无所作为 一无所知,一无所知 无所作为 一事无成 无所事事 一无所有,无所作为 一无所知 无所事事 一无所有 一事无成,无所事事 一无所有 一事无成 无所作为 一无所知
8,23,0.42160974423464587,0.006377176592066768,0.4782608695652174,许多 诸多 众多 一些 各种 各式各样 无数 不少 好多 大量 种种 大批,成群结队 五花八门 多种 海量 大量 一连串 一系列 这些,些 不少 许多 无数 一连串 种种 形形色色 那些 成群结队 多种 这些 大批,许多 诸多 众多 一些 各种 各式各样 无数 不少 好多 大量 种种 大批 形形色色 一系列 这些 那些 成千上万 一连串 多种 些 五花八门 成群结队 海量
9,4,0.5314095787166125,0.2414729602830436,0.0,一代 代 下一代 世代,世代 下一代 代 一代,代 世代 下一代 一代,一代 代 下一代 世代
10,14,0.4213202784933493,0.006708640614247591,0.35714285714285715,钟头 星期 分钟 小时 半天 天 钟 好久 礼拜 一会儿 多久 周,本 秒 钟 一会儿 多久 周 礼拜 天,周 天 一会儿 秒 本 礼拜 分钟 多久 钟 小时 好久 钟头,钟头 星期 分钟 小时 半天 天 钟 好久 礼拜 一会儿 多久 周 秒 本
11,1,,0.0,0.0,一体,一体,一体,一体
12,14,0.490635607385393,0.13276617455832243,0.21428571428571427,总共 共计 总计 一共 共 约 合计 大约 共有 累计 将近 折合,整整 折合 大约 近 累计 将近 总计 合计,共有 共 约 总共 总计 合计 大约 近 折合 将近 共计 整整,总共 共计 总计 一共 共 约 合计 大约 共有 累计 将近 折合 整整 近
13,22,0.40285700182931405,0.004289352164747031,0.4090909090909091,屡次 接连 频频 再度 再次 相继 多次 一再 先后 纷纷 接二连三 屡,首次 再 重新 频繁 一度 竞相 率先 三番五次,重新 再 屡 频繁 三番五次 曾 再度 再次 竞相 多次 接二连三 陆续,屡次 接连 频频 再度 再次 相继 多次 一再 先后 纷纷 接二连三 屡 陆续 曾 三番五次 首次 频繁 率先 一度 竞相 重新 再
14,5,0.5224397489020505,0.17813009506640515,0.0,统统 一概 通通 一律 一切,一律 一切 一概 通通 统统,通通 统统 一概 一切 一律,统统 一概 通通 一律 一切
15,43,0.44550782234548253,-0.03809364042934506,0.6976744186046512,摇头 小声 苦笑 叹气 冷笑 咧嘴 哆嗦 大声 发愣 笑 自言自语 扭头,七嘴八舌 扭头 异口同声 道 流泪 反问 动弹 哼,插嘴 一声不吭 吼 哭 哼 喊 嚷 流泪 一言不发 自言自语 笑 瞪,摇头 小声 苦笑 叹气 冷笑 咧嘴 哆嗦 大声 发愣 笑 自言自语 扭头 点头 一声不吭 哭 一言不发 嚷 呜咽 瞪 插嘴 哼 眉开眼笑 一动不动 愣 说道 走开 发抖 通红 颤抖 惨白 反问 目不转睛 一眼 微笑 指着 流泪 漠然 吼 喊 七嘴八舌 异口同声 道 动弹
16,5,0.39709703760895143,-0.05725894470250674,0.6,部分 一部分 一半 个别 半,个别 半 一半 部分 一部分,半 部分 一部分 个别 一半,部分 一部分 一半 个别 半
17,4,0.5159441180289356,0.1208572710799615,0.0,磁卡 卡片 一卡通 卡,一卡通 卡片 磁卡 卡,卡 一卡通 卡片 磁卡,磁卡 卡片 一卡通 卡
18,6,0.5491336222770837,0.2073912138785309,0.0,俗话 俗语 一句话 句 名言 俗话说,俗话说 句 俗语 一句话 俗话 名言,俗话说 句 名言 俗话 俗语 一句话,俗话 俗语 一句话 句 名言 俗话说
19,23,0.42865169428417177,-0.021536004238474706,0.6521739130434783,仍旧 依然 仍然 依旧 仍 始终 一直 总是 都 向来 还 一向,始终 都 继续 无不 照样 总是 一贯 尚,始终 历来 仍然 尚 一贯 仍 亦 仍旧 皆 无不 照样 总是,仍旧 依然 仍然 依旧 仍 始终 一直 总是 都 向来 还 一向 还是 虽 照样 亦 皆 一贯 历来 尚 无不 继续 一如既往
20,8,0.4401779641113296,-0.01773206083289313,0.625,盲目 过分 一味 只顾 过度 随大溜 只管 过早,过早 随大溜 只顾 过度 只管 盲目 一味 过分,盲目 只管 只顾 随大溜 过度 过分 一味 过早,盲目 过分 一味 只顾 过度 随大溜 只管 过早
21,14,0.4298952823080382,-0.014414473164716989,0.5,没意思 没劲 没辙 没用 挺好 懒得 没法儿 没什么 不好意思 够呛 一塌糊涂 有意思,一塌糊涂 一干二净 无济于事 有意思 够呛 没什么 挺好 不好意思,没意思 无济于事 没劲 有意思 没用 够呛 没辙 没什么 懒得 一塌糊涂 一干二净 挺好,没意思 没劲 没辙 没用 挺好 懒得 没法儿 没什么 不好意思 够呛 一塌糊涂 有意思 无济于事 一干二净
22,42,0.44863617279634815,0.03559748304154496,0.3333333333333333,晚上 傍晚 早上 下午 中午 早晨 上午 夜里 清晨 凌晨 一早 深夜,近期 从早到晚 前不久 明天 晚 下班 黑夜 最近,昨天 早晨 起床 下午 凌晨 夜 一大早 晚间 上午 晚 日 次日,晚上 傍晚 早上 下午 中午 早晨 上午 夜里 清晨 凌晨 一早 深夜 昨天 一大早 前天 当晚 半夜 白天 夜晚 当天 今天 晚间 晚 次日 明天 夜间 星期天 起床 当日 黄昏 下班 日 今日 明日 近日 夜 从早到晚 日前 黑夜 前不久 近期 最近
23,7,0.5316915919768928,0.20382459324844288,0.0,成天 整天 一天到晚 一年到头 老是 动不动 常年,常年 老是 动不动 一年到头 一天到晚 成天 整天,动不动 一天到晚 一年到头 成天 老是 常年 整天,成天 整天 一天到晚 一年到头 老是 动不动 常年
24,1,,0.0,0.0,一头,一头,一头,一头
25,24,0.42271437412318386,-0.053336077240455304,0.5,必定 必然 势必 说不定 迟早 不然 肯定 未必 要不然 恐怕 不一定 没准儿,待会儿 迟早 将 快要 会 将要 一定 不见得,将 会 不然 否则 肯定 快要 要不然 不一定 不见得 必定 必将 没准儿,必定 必然 势必 说不定 迟早 不然 肯定 未必 要不然 恐怕 不一定 没准儿 会 否则 就要 必将 不见得 可能 注定 一定 待会儿 将要 将 快要
26,12,0.5170057229845841,0.15466757846854798,0.0,母女 父女 母子 夫妻 父子 两口子 夫妇 俩 一家人 情侣 双胞胎 孪生,孪生 两口子 情侣 双胞胎 夫妇 俩 一家人 夫妻,俩 母子 母女 一家人 夫妇 夫妻 孪生 双胞胎 情侣 两口子 父女 父子,母女 父女 母子 夫妻 父子 两口子 夫妇 俩 一家人 情侣 双胞胎 孪生
27,5,0.42233202397565395,0.011213277019305235,0.4,一路 一带 一路顺风 一帆风顺 沿线,一帆风顺 沿线 一路顺风 一带 一路,一帆风顺 一路 沿线 一路顺风 一带,一路 一带 一路顺风 一帆风顺 沿线
28,8,0.4139586609201456,-0.028857728028174705,0.75,多样 丰富 丰富多彩 齐全 一应俱全 应有尽有 多元 充实,充实 多元 丰富 齐全 一应俱全 丰富多彩 应有尽有 多样,齐全 多样 丰富 多元 充实 一应俱全 丰富多彩 应有尽有,多样 丰富 丰富多彩 齐全 一应俱全 应有尽有 多元 充实
29,1,,0.0,0.0,一心,一心,一心,一心
30,34,0.3815105509870493,-0.10704727951766582,0.8235294117647058,竭尽全力 竭力 尽力 努力 全力 拼命 奋力 极力 千方百计 全力以赴 想方设法 一心一意,一心一意 拼 公然 想 勇往直前 拼搏 妄想 大肆,争分夺秒 不懈 拼 想 顽强 全力 大力 积极 千方百计 极力 企图 尽力,竭尽全力 竭力 尽力 努力 全力 拼命 奋力 极力 千方百计 全力以赴 想方设法 一心一意 齐心协力 奋勇 设法 试图 争分夺秒 全心全意 拼搏 大力 诚心诚意 积极 企图 不懈 想 力争 顽强 勇往直前 妄想 奋斗 大肆 休想 公然 拼
31,8,0.43085217874376086,0.006052657818594164,0.5,枯燥 单调 沉闷 冗长 僵化 一成不变 教条 简短,简短 教条 一成不变 僵化 冗长 沉闷 单调 枯燥,简短 冗长 僵化 单调 枯燥 一成不变 教条 沉闷,枯燥 单调 沉闷 冗长 僵化 一成不变 教条 简短
32,1,,0.0,0.0,一手,一手,一手,一手
33,12,0.427002851469416,0.006830553066309364,0.5,爱好 嗜好 兴趣 专长 特长 喜好 擅长 趣味 乐趣 感兴趣 一技之长 座右铭,擅长 座右铭 趣味 乐趣 感兴趣 一技之长 兴趣 专长,感兴趣 乐趣 趣味 一技之长 嗜好 专长 擅长 兴趣 座右铭 喜好 特长 爱好,爱好 嗜好 兴趣 专长 特长 喜好 擅长 趣味 乐趣 感兴趣 一技之长 座右铭
34,3,0.47511450345359546,0.13038188465682443,0.0,领导 同志 一把手,一把手 同志 领导,同志 一把手 领导,领导 同志 一把手
35,1,,0.0,0.0,一揽子,一揽子,一揽子,一揽子
36,4,0.3762795058095769,-0.08764118203158158,0.75,首先 一方面 先 一面,一面 先 一方面 首先,一面 先 首先 一方面,首先 一方面 先 一面
37,51,0.44925666614591736,-0.007131620890551482,0.49019607843137253,旁边 后边 前边 外边 里边 那边 前面 后面 那儿 上边 下边 左边,中 跟前 上面 右边 左边 前头 一边 当中,门口 旁边 一边 中 城里 上头 跟前 旁 左边 北边 那儿 楼上,旁边 后边 前边 外边 里边 那边 前面 后面 那儿 上边 下边 左边 底下 右边 里面 外头 外面 里头 上面 这边 旁 那里 东边 西边 远处 对面 南边 这儿 门口 北边 楼下 下面 两边 里 楼上 跟前 一旁 中间 后头 前头 隔壁 边 老远 一边 这里 上头 两侧 前方 城里 当中 中
38,30,0.46643060856700774,0.02956113803027238,0.36666666666666664,如果 假如 倘若 即使 假使 即便 如果说 就算 要是 譬如 比如 比如说,每当 不管 万一 比方 当 好比 要么 要是,譬如 如果 纵然 倘若 如 当 如果说 不管 譬如说 哪怕 例如 每当,如果 假如 倘若 即使 假使 即便 如果说 就算 要是 譬如 比如 比如说 只要 哪怕 譬如说 除非 若 纵然 一旦 例如 既然 好比 如 当 每当 不管 正如 比方 要么 万一
39,3,0.48653873561181754,0.14549612387409308,0.0,暂时 暂 一时,一时 暂时 暂,暂时 暂 一时,暂时 暂 一时
40,6,0.3848617262935605,-0.046757461202632446,0.5,一晃 晃荡 晃 转眼 眼看 徘徊,徘徊 晃 眼看 转眼 晃荡 一晃,晃 眼看 转眼 徘徊 一晃 晃荡,一晃 晃荡 晃 转眼 眼看 徘徊
41,13,0.45510772679075273,0.09632229569048922,0.23076923076923078,如同 像 那样 好似 一样 犹如 似的 仿佛 这样 如一 那么 如此,同样 如此 仿佛 似的 那么 这样 如一 一样,如此 似的 像 那样 那么 同样 这样 好似 犹如 一样 仿佛 如一,如同 像 那样 好似 一样 犹如 似的 仿佛 这样 如一 那么 如此 同样
42,2,0.5496559203628515,0.10820181344039373,0.0,因人而异 一概而论,因人而异 一概而论,一概而论 因人而异,因人而异 一概而论
43,15,0.4577750487600248,0.03169812445402051,0.4,相同 相似 不同 截然不同 一模一样 有所不同 大同小异 类似 雷同 与众不同 不同寻常 同一,似曾相识 同一 相等 同等 与众不同 不同寻常 雷同 截然不同,不同寻常 不同 一模一样 大同小异 同一 雷同 同等 有所不同 相同 类似 相似 相等,相同 相似 不同 截然不同 一模一样 有所不同 大同小异 类似 雷同 与众不同 不同寻常 同一 同等 相等 似曾相识
44,1,,0.0,0.0,一次性,一次性,一次性,一次性
45,1,,0.0,0.0,一毛不拔,一毛不拔,一毛不拔,一毛不拔
46,16,0.43230453047764344,0.03470343843451968,0.375,著名 有名 知名 驰名 闻名 大名鼎鼎 出名 顶尖 顶级 举世闻名 世界级 远近闻名,精英 名副其实 重量级 顶尖 世界级 一流 顶级 举世闻名,顶级 顶尖 精英 知名 著名 举世闻名 名副其实 重量级 有名 世界级 出名 远近闻名,著名 有名 知名 驰名 闻名 大名鼎鼎 出名 顶尖 顶级 举世闻名 世界级 远近闻名 一流 名副其实 重量级 精英
47,7,0.5968665542638921,0.30016004598170515,0.14285714285714285,稍稍 稍微 稍 略微 略 有所 一点儿,一点儿 有所 略 稍 稍稍 略微 稍微,稍 略 略微 稍微 有所 稍稍 一点儿,稍稍 稍微 稍 略微 略 有所 一点儿
48,8,0.46249485698475085,0.07662563792203782,0.25,一生 终生 一辈子 人生 生涯 生平 终身 生前,生前 生平 生涯 终身 一辈子 人生 终生 一生,一辈子 人生 生涯 生前 生平 终身 一生 终生,一生 终生 一辈子 人生 生涯 生平 终身 生前
49,2,0.552211614295748,0.2823544130993896,0.0,番 一番,番 一番,番 一番,番 一番
50,1,,0.0,0.0,一目了然,一目了然,一目了然,一目了然
51,7,0.5286814585512694,0.13813476894773227,0.14285714285714285,发愁 犯愁 伤脑筋 头疼 操心 愁 一筹莫展,一筹莫展 愁 头疼 操心 伤脑筋 发愁 犯愁,愁 操心 犯愁 发愁 一筹莫展 头疼 伤脑筋,发愁 犯愁 伤脑筋 头疼 操心 愁 一筹莫展
52,6,0.3309392844743176,-0.1523464406550805,1.0,第一线 第一手 一线 前线 资料 档案,档案 一线 资料 第一手 前线 第一线,资料 第一手 档案 第一线 前线 一线,第一线 第一手 一线 前线 资料 档案
53,1,,0.0,0.0,一经,一经,一经,一经
54,1,,0.0,0.0,一致,一致,一致,一致
55,19,0.453200506660619,0.020994792075186758,0.47368421052631576,大多 绝大多数 大多数 大部分 多数 大都 多半 基本上 全都 几乎 通常 全部,全 半数 全都 基本上 完全 少数 所有 往往,通常 全 一般 往往 完全 几乎 大多 多数 绝大多数 基本上 多半 大都,大多 绝大多数 大多数 大部分 多数 大都 多半 基本上 全都 几乎 通常 全部 半数 往往 一般 所有 完全 全 少数
56,55,0.43566701050088324,-0.021615500522698346,0.5272727272727272,然而 况且 事实上 但是 不过 总而言之 总之 当然 换言之 何况 也就是说 因此,相反 说实话 幸好 因为 同时 这样一来 为此 说到底,说到底 按说 幸好 但 总之 据悉 这就是说 说实话 就是说 虽说 而且 相比之下,然而 况且 事实上 但是 不过 总而言之 总之 当然 换言之 何况 也就是说 因此 其实 此外 可是 说实话 毕竟 除此之外 实际上 但 所以 而且 总的来说 其次 另外 由此可见 相比之下 按理说 这就是说 由此看来 另一方面 与此同时 虽说 说白了 相对而言 据悉 就是说 好在 按说 虽然 这样一来 综上所述 众所周知 一般来说 因为 说到底 反正 幸好 相反 可惜 尽管 至此 同时 但愿 为此
57,1,,0.0,0.0,一行,一行,一行,一行
58,11,0.47615027335804816,0.08335674938836145,0.18181818181818182,路途 旅程 路程 途中 旅途 路上 一路上 行程 沿途 过程 历程,途中 历程 一路上 过程 行程 沿途 路上 旅程,旅途 历程 沿途 旅程 一路上 行程 路途 路上 路程 途中 过程,路途 旅程 路程 途中 旅途 路上 一路上 行程 沿途 过程 历程
59,19,0.4621931918132217,0.07937968861000322,0.3157894736842105,祝愿 祝贺 祝福 衷心 祝 敬意 问候 感谢 致敬 诚挚 敬礼 贺电,心想事成 慰问 一路平安 此致 欢迎 保佑 贺电 祈祷,诚挚 祝愿 衷心 祝福 祝 祈祷 问候 敬意 此致 敬礼 一路平安 欢迎,祝愿 祝贺 祝福 衷心 祝 敬意 问候 感谢 致敬 诚挚 敬礼 贺电 一路平安 保佑 慰问 祈祷 此致 欢迎 心想事成
60,1,,0.0,0.0,一身,一身,一身,一身
61,7,0.3809557865436145,-0.03322218437710811,0.5714285714285714,持续 连续 延续 维持 保持 一连 连,一连 连 延续 维持 保持 连续 持续,持续 一连 连续 延续 保持 维持 连,持续 连续 延续 维持 保持 一连 连
62,1,,0.0,0.0,一道,一道,一道,一道
63,1,,0.0,0.0,一锅粥,一锅粥,一锅粥,一锅粥
64,4,0.5176932578226596,0.1983021845117327,0.0,长短 短 长 一长一短,一长一短 长 长短 短,长短 短 一长一短 长,长短 短 长 一长一短
65,17,0.46279072742140837,0.03640297932471937,0.29411764705882354,清脆 响声 悦耳 声音 刺耳 响起 声 听见 响 响亮 洪亮 传来,一阵 绘声绘色 有声有色 听见 听 响声 抑扬顿挫 响亮,响亮 响声 一阵 听 响 声 洪亮 有声有色 抑扬顿挫 声音 悦耳 传来,清脆 响声 悦耳 声音 刺耳 响起 声 听见 响 响亮 洪亮 传来 听 抑扬顿挫 一阵 绘声绘色 有声有色
66,5,0.4694632166127983,0.14747042701717356,0.2,乙 丙 甲 丁 姜,姜 丁 丙 甲 乙,姜 乙 丙 丁 甲,乙 丙 甲 丁 姜
67,8,0.4487811451718761,0.09071462664950142,0.25,千 万 百 余 数 亿 千万 多,千万 多 亿 万 余 数 千 百,千 多 亿 万 余 百 数 千万,千 万 百 余 数 亿 千万 多
68,1,,0.0,0.0,万万,万万,万万,万万
69,1,,0.0,0.0,万分,万分,万分,万分
70,7,0.38382692049233114,-0.1039017595478285,1.0,友谊 互信 友好 万古长青 务实 共识 干杯,共识 务实 干杯 万古长青 友好 互信 友谊,务实 互信 共识 干杯 友好 万古长青 友谊,友谊 互信 友好 万古长青 务实 共识 干杯
71,1,,0.0,0.0,万无一失,万无一失,万无一失,万无一失
72,2,0.5551343701508054,0.29782687874517866,0.0,万能 全能,万能 全能,全能 万能,万能 全能
73,114,0.46593405082947653,-0.008577010829311378,0.5087719298245614,姑姑 舅舅 姐姐 妹妹 爸爸 奶奶 哥哥 爸 嫂子 妈妈 母亲 姥姥,亲属 子女 大哥 亲友 朋友 男人 老板 老王,爱人 太太 胖子 子女 哥哥 老太太 哥 她 妈 妹 姐 姨,姑姑 舅舅 姐姐 妹妹 爸爸 奶奶 哥哥 爸 嫂子 妈妈 母亲 姥姥 爷爷 闺女 父亲 弟弟 女儿 儿子 妈 媳妇 姥爷 老婆 爹 叔叔 外婆 伯母 大姐 孙女 伯父 老公 外公 阿姨 丈夫 父母 大哥 祖母 妻子 岳母 孩子 老太太 岳父 大爷 姐 太太 伯伯 亲戚 长辈 她 男朋友 孙子 继父 老伴儿 家人 女朋友 娘 女婿 姨 姑娘 小孩儿 继母 爱人 老头儿 妹 师父 丫头 弟 大妈 老人家 邻居 朋友 老乡 同学 老汉 女孩儿 大人 他 我 亲人 老师 小伙子 儿女 老人 祖父 你 师傅 男人 亲生 女人 同事 家里 寡妇 男孩儿 老家 徒弟 同伴 姐妹 人家 老王 胖子 女生 家伙 小朋友 男生 小姐 小时候 老板 哥 亲友 家长 情人 帅哥 子女 夫人 亲属
74,164,0.40586622713779097,-0.060920811472554987,0.6829268292682927,米饭 酸奶 豆腐 薯片 薯条 水果 豆浆 橙汁 饼干 果汁 香肠 饺子,白酒 甜 酒 用餐 大棚 嫩 年夜饭 就餐,烧烤 汤圆 纯净水 烤鸭 烤肉 矿泉水 巧克力 淀粉 吃 喝 嚼 奶,米饭 酸奶 豆腐 薯片 薯条 水果 豆浆 橙汁 饼干 果汁 香肠 饺子 卤味 果酱 牛奶 红薯 饼 海鲜 菜 烤肉 芝士 包子 酱 粥 西红柿 面包 南瓜 馅儿 面条儿 罐头 馒头 辣椒 点心 汤圆 肉 蜂蜜 吃 好吃 巧克力 茄子 汁 黄瓜 红茶 可口 佐料 醋 小吃 火锅 柿子 调料 饭 豆制品 白菜 咖啡 奶茶 红酒 香蕉 酱油 零食 火腿 蔬菜 寿司 美味 甜 土豆 主食 酥 饮料 烤鸭 月饼 食物 烤 口感 番茄 冰棍儿 花生 西瓜 鸡蛋 汽水 中餐 鲜美 萝卜 粽子 砂糖 茶 麻辣 蒜 西餐 椰子 面粉 早饭 方便面 烧烤 核桃 糖果 绿茶 可乐 虾 三明治 早餐 蘑菇 喝 涮 盒饭 糖 蛋糕 啤酒 风味 晚餐 辣 口味 茶叶 葱 桂花 食用 奶 快餐 美食 午餐 嚼 香料 大米 午饭 品尝 晚饭 素食 食品 味精 莲子 酒 枣 烹调 葡萄 脆 豆子 热腾腾 葡萄酒 梨 矿泉水 瓜 口香糖 餐 瓜子 年夜饭 淀粉 便饭 纯净水 酒水 料理 嫩 乳制品 橘子 蜜 芝麻 盐 吃饭 奶粉 桃 做饭 用餐 白酒 瓶 就餐 大棚
75,3,0.5241164331933246,0.18433996047096157,0.0,三维 立体 平面,平面 三维 立体,立体 平面 三维,三维 立体 平面
76,1,,0.0,0.0,三角,三角,三角,三角
77,1,,0.0,0.0,上,上,上,上
78,1,,0.0,0.0,上下,上下,上下,上下
79,25,0.42442009698242134,-0.02745585994273279,0.56,月初 年初 月底 月份 年底 中旬 下旬 去年 上旬 前年 今年 上个月,初 上次 全年 往年 年 下个月 底 去年,初 年 底 年底 年初 年前 往年 上周 月 月底 月初 月份,月初 年初 月底 月份 年底 中旬 下旬 去年 上旬 前年 今年 上个月 明年 年前 下个月 月 全年 年 上周 往年 后年 来年 底 上次 初
80,44,0.38798061479961826,-0.10054380338561518,0.8409090909090909,辞职 辞去 辞退 聘任 职务 任命 离职 就任 出任 任职 免职 担任,退役 兼 下岗 聘请 请假 招聘 接替 跳槽,撤换 下台 下岗 开除 兼 任 任职 罢免 请假 兼任 上任 招聘,辞职 辞去 辞退 聘任 职务 任命 离职 就任 出任 任职 免职 担任 聘用 兼任 罢免 解雇 就职 聘 撤换 公职 任 辞呈 应聘 任期 接替 上任 退休 现任 开除 职位 前任 聘请 辞 解散 退学 下台 跳槽 请假 雇佣 招聘 下岗 兼 退役 雇
81,24,0.41101242298538043,-0.011180190559012386,0.5833333333333334,上涨 回升 涨 攀升 下跌 回落 飙升 上升 反弹 跌 高涨 升温,收 好转 领 降温 行情 涨价 升高 复苏,升 水涨船高 复苏 涨价 上升 收 涨 升温 行情 上涨 升高 反弹,上涨 回升 涨 攀升 下跌 回落 飙升 上升 反弹 跌 高涨 升温 升高 升 增长 复苏 跳水 好转 降温 涨价 水涨船高 行情 收 领
82,23,0.43220515021002126,-0.025158519489743437,0.5652173913043478,回来 回去 过来 回家 进去 出去 进来 下楼 出来 上去 上楼 下来,下山 出来 归来 回国 顺路 起来 上去 出门,下去 下山 顺路 去 回 进去 上去 来 进来 上来 上楼 出门,回来 回去 过来 回家 进去 出去 进来 下楼 出来 上去 上楼 下来 去 上来 下山 出门 下去 起来 来 顺路 回 回国 归来
83,4,0.44775333958651237,0.06313116907538151,0.25,舞台 台上 上台 银幕,银幕 上台 台上 舞台,上台 舞台 银幕 台上,舞台 台上 上台 银幕
84,3,0.6141418738042678,0.3167660020915972,0.0,上级 下级 上司,下级 上司 上级,上司 上级 下级,上级 下级 上司
85,10,0.40493859833424173,-0.022444618749646778,0.6,开场 出场 上场 开场白 结尾 开头 下场 入场 进场 段落,段落 进场 入场 下场 上场 开场白 出场 开头,下场 进场 开场 入场 开头 上场 段落 出场 开场白 结尾,开场 出场 上场 开场白 结尾 开头 下场 入场 进场 段落
86,39,0.4361712955151854,-0.01163417952667166,0.5641025641025641,小学 学校 初中 中学 学生 高中 大学 年级 入学 就读 毕业生 转学,学堂 放学 学子 民办 班级 公立 入学 毕业,留学生 班 入学 开学 上学 幼儿园 年级 升学 中学 班级 大学 小学,小学 学校 初中 中学 学生 高中 大学 年级 入学 就读 毕业生 转学 中小学 学期 开学 中学生 上学 小学生 学年 教师 班级 毕业 幼儿园 念书 师范 升学 私立 学业 师生 大学生 学子 学员 放学 留学生 民办 班 公立 初一 学堂
87,8,0.38256641328283064,-0.0350578744940549,0.625,失业 就业 求职 失业率 岗位 上岗 失恋 无家可归,无家可归 上岗 失恋 岗位 求职 失业率 就业 失业,岗位 上岗 无家可归 就业 求职 失业率 失恋 失业,失业 就业 求职 失业率 岗位 上岗 失恋 无家可归
88,1,,0.0,0.0,上市,上市,上市,上市
89,10,0.4654142711541947,0.1293797445046427,0.1,皇帝 王后 国王 皇后 公主 王子 皇上 王国 帝国 上帝,上帝 帝国 皇上 王国 王子 公主 皇帝 国王,上帝 皇帝 皇后 皇上 国王 帝国 公主 王子 王后 王国,皇帝 王后 国王 皇后 公主 王子 皇上 王国 帝国 上帝
90,6,0.40435242642645325,-0.05391898687116117,0.8333333333333334,挨打 挨 吃亏 打 上当 任人宰割,打 挨 任人宰割 上当 吃亏 挨打,上当 打 挨 挨打 任人宰割 吃亏,挨打 挨 吃亏 打 上当 任人宰割
91,7,0.428758689177315,0.019674053230835865,0.2857142857142857,递交 提交 申请 申报 上报 宣读 宣誓,宣誓 宣读 申报 上报 申请 提交 递交,宣誓 宣读 上报 递交 提交 申请 申报,递交 提交 申请 申报 上报 宣读 宣誓
92,8,0.36103407002106735,-0.07580202774872287,0.75,周围 周边 身边 附近 身上 四周 上方 人身,上方 人身 四周 身边 身上 周边 附近 周围,周围 四周 周边 上方 身边 人身 身上 附近,周围 周边 身边 附近 身上 四周 上方 人身
93,31,0.4599615740373833,0.035115396773160494,0.2903225806451613,电影 影片 电视剧 导演 剧 喜剧 主演 动画片 编剧 剧本 片子 剧情,大片 票房 卡通 纪录片 改编 字幕 演 放映,演技 电视剧 剧 对白 电影 戏 演 连续剧 改编 上映 剧情 剧本,电影 影片 电视剧 导演 剧 喜剧 主演 动画片 编剧 剧本 片子 剧情 演员 纪录片 出演 戏 上映 动画 短片 配音 连续剧 演技 演 剧组 放映 字幕 对白 改编 大片 票房 卡通
94,3,0.5354044043702277,0.17502975562331377,0.0,本期 上期 下期,上期 下期 本期,上期 本期 下期,本期 上期 下期
95,1,,0.0,0.0,上流,上流,上流,上流
96,2,0.7840290298431234,0.6487487554249466,0.0,上游 下游,上游 下游,上游 下游,上游 下游
97,18,0.4147422531106892,0.0017166901569231803,0.5,显现 展现 凸显 呈现 体现 出现 再现 浮现 显出 表现 重现 显,显著 显出 演绎 明显 上演 涌现 重现 突出,涌现 重现 显 展现 显著 明显 再现 上演 浮现 凸显 突出 体现,显现 展现 凸显 呈现 体现 出现 再现 浮现 显出 表现 重现 显 涌现 明显 突出 演绎 上演 显著
98,5,0.4770176434267265,0.1050480239428361,0.2,火 火热 火暴 红火 上火,上火 红火 火暴 火 火热,火 红火 上火 火暴 火热,火 火热 火暴 红火 上火
99,12,0.45600559375711003,0.07489149313922926,0.25,通宵 加班 夜班 熬夜 彻夜 日夜 夜以继日 昼夜 开夜车 值班 上班 日复一日,日复一日 上班 开夜车 熬夜 值班 加班 夜以继日 昼夜,彻夜 通宵 开夜车 上班 加班 日复一日 值班 熬夜 夜以继日 夜班 昼夜 日夜,通宵 加班 夜班 熬夜 彻夜 日夜 夜以继日 昼夜 开夜车 值班 上班 日复一日
100,7,0.36837578108607166,-0.05879179961075633,0.7142857142857143,单身 白领 独身 上班族 独自 蓝领 单独,独自 单独 上班族 蓝领 独身 白领 单身,单身 独自 独身 上班族 蓝领 白领 单独,单身 白领 独身 上班族 独自 蓝领 单独
101,18,0.44276797011258245,0.008931658435770422,0.4444444444444444,痴迷 迷恋 着迷 沉迷 狂热 热爱 喜欢 热衷 崇拜 陶醉 喜爱 执着,爱不释手 喜爱 如醉如痴 迷信 迷 狂热 上瘾 热衷,爱不释手 热爱 上瘾 崇拜 如醉如痴 沉浸 执着 迷信 着迷 迷恋 迷 陶醉,痴迷 迷恋 着迷 沉迷 狂热 热爱 喜欢 热衷 崇拜 陶醉 喜爱 执着 如醉如痴 上瘾 迷 爱不释手 沉浸 迷信
102,8,0.43135071962698335,0.01083454141446307,0.5,天空 上空 彩霞 蓝天 空中 高空 乌云 彩虹,高空 空中 乌云 彩虹 彩霞 蓝天 上空 天空,空中 上空 蓝天 天空 乌云 高空 彩虹 彩霞,天空 上空 彩霞 蓝天 空中 高空 乌云 彩虹
103,5,0.4140604392960075,-0.031344662243771804,0.6,网络 互联网 网上 上网 移动,移动 互联网 上网 网上 网络,网上 网络 移动 上网 互联网,网络 互联网 网上 上网 移动
104,64,0.4791103158766062,0.08382575500886935,0.40625,衬衣 衬衫 大衣 毛衣 外套 上衣 裙子 衣服 裤子 袜子 围巾 短裤,项链 打扮 装扮 帐篷 书包 水壶 丝绸 背包,眼镜 背包 背心 拖鞋 穿 婚纱 内衣 戴 睡袋 纽扣 球鞋 毛衣,衬衣 衬衫 大衣 毛衣 外套 上衣 裙子 衣服 裤子 袜子 围巾 短裤 西装 牛仔裤 鞋 拖鞋 羽绒服 皮鞋 凉鞋 领带 内衣 背心 雨衣 穿着 球鞋 礼服 旗袍 手套 毯子 服装 高跟鞋 毛巾 帽子 穿 被子 皮包 睡袋 靴子 蚊帐 款式 纽扣 口罩 项链 手帕 书包 拉锁 服饰 外衣 婚纱 制服 背包 眼镜 地毯 水壶 发型 保暖 装扮 皮带 打扮 手表 时装 戴 丝绸 帐篷
105,29,0.4665015229340598,0.08007774055989116,0.2413793103448276,判决 法院 上诉 诉讼 起诉 法庭 裁决 裁定 仲裁 驳回 被告 审判,检察 提起 案件 侵权 判 司法 打官司 赔偿,驳回 检察 调解 判 裁决 裁判 裁定 不服 法庭 法官 审判 起诉,判决 法院 上诉 诉讼 起诉 法庭 裁决 裁定 仲裁 驳回 被告 审判 原告 法官 官司 控告 案件 索赔 赔偿 司法 判处 判 打官司 调解 裁判 提起 侵权 不服 检察
106,26,0.4554479968833531,0.016418328219947705,0.5,课程 课 讲课 备课 选修 上课 复习 课本 预习 补习 课堂 教材,讲座 学科 上课 科目 教学 教材 课本 课文,复习 补习 选修 课本 课文 培训 课程 课堂 功课 上课 备课 必修,课程 课 讲课 备课 选修 上课 复习 课本 预习 补习 课堂 教材 必修 课文 教学 学时 补课 功课 听讲 讲座 夜校 培训 学分 培训班 科目 学科
107,8,0.42351664049322946,0.03926287374307977,0.375,调整 变动 变化 下调 上调 波动 调 变迁,变迁 上调 调 波动 变化 下调 变动 调整,波动 上调 调 变迁 调整 下调 变化 变动,调整 变动 变化 下调 上调 波动 调 变迁
108,42,0.41506594712467504,-0.030860119973633044,0.5476190476190477,车 公交车 私家车 车辆 出租车 警车 货车 轿车 骑车 电动车 大巴 开车,车牌 标致 赛车 骑 堵车 辆 电动 乘客,开车 客车 乘车 出租车 乘 电动 打车 车辆 汽车 上车 司机 私家车,车 公交车 私家车 车辆 出租车 警车 货车 轿车 骑车 电动车 大巴 开车 卡车 驾车 辆 摩托 车上 客车 司机 自行车 车主 跑车 汽车 乘坐 救护车 乘车 公车 堵车 下车 车牌 打车 吉普 骑 上车 车型 电动 乘客 机动车 搭乘 赛车 乘 标致
109,1,,0.0,0.0,上述,上述,上述,上述
110,4,0.4371401081683605,0.020413549091330786,0.25,挨家挨户 家家户户 千家万户 上门,上门 家家户户 千家万户 挨家挨户,上门 挨家挨户 千家万户 家家户户,挨家挨户 家家户户 千家万户 上门
111,1,,0.0,0.0,上限,上限,上限,上限
112,2,0.7701053657327572,0.6227241784979902,0.0,之下 下,下 之下,下 之下,之下 下
113,1,,0.0,0.0,下乡,下乡,下乡,下乡
114,7,0.4397960397074114,0.05867817975837125,0.2857142857142857,命令 指令 指示 下令 请求 要求 口令,口令 要求 请求 下令 指示 指令 命令,下令 请求 要求 指令 口令 命令 指示,命令 指令 指示 下令 请求 要求 口令
115,9,0.4443744957077654,0.03734578609756945,0.3333333333333333,决心 下决心 坚决 坚持不懈 坚持 坚定 持之以恒 发誓 决定,决定 发誓 坚定 持之以恒 坚持 决心 下决心 坚持不懈,坚决 坚定 持之以恒 发誓 坚持不懈 下决心 决定 决心 坚持,决心 下决心 坚决 坚持不懈 坚持 坚定 持之以恒 发誓 决定
116,9,0.45155895453542194,0.06823805079050652,0.3333333333333333,心思 力气 精力 工夫 功夫 心血 脑筋 下功夫 财力,财力 脑筋 功夫 下功夫 心血 心思 工夫 力气,功夫 心思 财力 下功夫 力气 心血 工夫 脑筋 精力,心思 力气 精力 工夫 功夫 心血 脑筋 下功夫 财力
117,3,0.5285332033619462,0.19649685624305116,0.0,下坠 坠 下落,下落 坠 下坠,下坠 坠 下落,下坠 坠 下落
118,3,0.4660592059758561,0.07475496668357473,0.6666666666666666,所属 下属 所在,所在 下属 所属,下属 所在 所属,所属 下属 所在
119,29,0.4097304457305592,-0.044756865721616565,0.5517241379310345,时不时 情不自禁 不时 时常 忍不住 常常 不免 禁不住 不由自主 不禁 不由得 免不了,毫不犹豫 迫不及待 不可避免 下意识 经常 随时 不得不 身不由己,时常 时时 不得不 常 自然而然 不免 不时 禁不住 不禁 不由自主 不由得 有时候,时不时 情不自禁 不时 时常 忍不住 常常 不免 禁不住 不由自主 不禁 不由得 免不了 偶尔 经常 不能不 不得不 有时候 时时 有时 时而 下意识 自然而然 不约而同 身不由己 毫不犹豫 不可避免 迫不及待 随时 常
120,6,0.353550793888093,-0.08913287737995858,0.8333333333333334,出手 下手 阔绰 动手 入手 慷慨,慷慨 动手 入手 阔绰 下手 出手,入手 慷慨 出手 动手 阔绰 下手,出手 下手 阔绰 动手 入手 慷慨
121,5,0.49641777502385426,0.1069315461995656,0.4,对弈 下棋 棋 棋子 比试,棋子 比试 下棋 棋 对弈,对弈 棋 棋子 下棋 比试,对弈 下棋 棋 棋子 比试
122,2,0.5856932298919102,0.3036124895236455,0.0,下次 改日,下次 改日,改日 下次,下次 改日
123,1,,0.0,0.0,下海,下海,下海,下海
124,3,0.502045742367768,0.1323564615973509,0.0,旷课 迟到 下课,迟到 下课 旷课,旷课 迟到 下课,旷课 迟到 下课
125,4,0.4918814602599133,0.05608401921768964,0.25,浏览器 下载 浏览 杀毒,杀毒 下载 浏览 浏览器,浏览 浏览器 杀毒 下载,浏览器 下载 浏览 杀毒
126,32,0.4365845361687252,-0.0065932756808889485,0.5625,增强 提高 增加 降低 提升 加强 增大 扩大 强化 减少 加深 改善,萎缩 缩小 削弱 下降 恶化 改进 进一步 缩水,加重 增强 增大 增加 优化 进一步 改善 扩大 强化 加深 加强 加快,增强 提高 增加 降低 提升 加强 增大 扩大 强化 减少 加深 改善 加剧 减轻 加快 缩小 削弱 减弱 促进 增进 加重 拓宽 深化 优化 缩短 下降 进一步 巩固 恶化 改进 萎缩 缩水
127,14,0.4872010021008791,0.10690250063374737,0.14285714285714285,阴天 下雨 晴天 晴朗 下雪 刮风 天气 多云 雨 晴 打雷 风和日丽,闪电 晴 雾 风和日丽 刮风 雨 多云 天气,刮风 闪电 打雷 晴 晴天 晴朗 多云 雨 雾 天气 风和日丽 阴天,阴天 下雨 晴天 晴朗 下雪 刮风 天气 多云 雨 晴 打雷 风和日丽 雾 闪电
128,21,0.43863416719289433,0.021789689668939103,0.5238095238095238,从未 从没 没有 不曾 从来不 没 从不 从来 丝毫 未 不肯 再也,曾经 尚未 决不 迟迟 毫不 不肯 不 再也,迟迟 不 不曾 未 无 没 曾经 再也 根本 丝毫 从未 从来,从未 从没 没有 不曾 从来不 没 从不 从来 丝毫 未 不肯 再也 决不 根本 不 毫不 毫无 尚未 迟迟 无 曾经
129,18,0.4815141858330163,0.03366386126373024,0.3888888888888889,随后 之后 此后 后来 然后 以后 其后 后 接着 紧接着 不久 过后,稍后 于是 后来 最后 后 接下来 过后 不一会儿,不久 后 以后 后来 然后 于是 稍后 不一会儿 从此 紧接着 其后 接下来,随后 之后 此后 后来 然后 以后 其后 后 接着 紧接着 不久 过后 于是 稍后 接下来 最后 不一会儿 从此
130,17,0.39340973265926066,-0.03455555355328205,0.6470588235294118,隐藏 藏匿 隐蔽 掩盖 隐瞒 伪装 遮盖 埋藏 藏身 掩饰 埋 隐身,隐身 瞒 伪装 埋藏 埋 掩护 藏 掩饰,埋 瞒 埋没 掩饰 不为人知 遮盖 埋藏 藏 伪装 藏身 藏匿 隐身,隐藏 藏匿 隐蔽 掩盖 隐瞒 伪装 遮盖 埋藏 藏身 掩饰 埋 隐身 藏 掩护 不为人知 瞒 埋没
131,1,,0.0,0.0,不了了之,不了了之,不了了之,不了了之
132,8,0.43482499526424206,0.04398616246553283,0.375,予以 加以 作出 进行 作 给予 不予 做,做 给予 不予 进行 作出 加以 作 予以,不予 做 作 给予 加以 进行 作出 予以,予以 加以 作出 进行 作 给予 不予 做
133,11,0.36313710127047144,-0.10144076633910833,0.8181818181818182,逊色 比不上 要强 不相上下 媲美 不亚于 相提并论 仅次于 弱 强 偏,偏 相提并论 仅次于 弱 强 不亚于 不相上下 比不上,偏 弱 强 媲美 比不上 逊色 要强 相提并论 不亚于 仅次于 不相上下,逊色 比不上 要强 不相上下 媲美 不亚于 相提并论 仅次于 弱 强 偏
134,3,0.5216878336695625,0.19212924266134956,0.0,不亦乐乎 起劲 津津有味,不亦乐乎 津津有味 起劲,起劲 津津有味 不亦乐乎,不亦乐乎 起劲 津津有味
135,49,0.4283095068510031,-0.01578470911389437,0.42857142857142855,确实 反倒 的确 似乎 也 竟然 倒是 却 显然 居然 果真 好像,不仅仅 恰恰 真 真心 则 不光 当真 只不过,实在 偏偏 看起来 不仅 不但 则 却 又 真的 看似 也 简直,确实 反倒 的确 似乎 也 竟然 倒是 却 显然 居然 果真 好像 真的 简直 固然 也许 反而 果然 不仅 恰恰 只不过 不但 终究 难道 明明 不光 实在 偏偏 着实 或许 既 好歹 无疑 竟 看样子 本来 当真 看似 看起来 又 不仅仅 莫非 不如说 可谓 更是 真 看上去 真心 则
136,145,0.41932788521665054,-0.0796434538650466,0.7793103448275862,沮丧 羞愧 惊讶 气愤 诧异 吃惊 难过 惭愧 惋惜 茫然 惊诧 伤心,犹豫 过意不去 迟疑 半信半疑 焦急 着急 羡慕 恼羞成怒,惊慌失措 怜惜 佩服 疲倦 吃惊 半信半疑 由衷 慌乱 犹豫 得意 沮丧 慌张,沮丧 羞愧 惊讶 气愤 诧异 吃惊 难过 惭愧 惋惜 茫然 惊诧 伤心 慌张 伤感 心疼 苦恼 失望 惊慌 痛心 悲哀 欣喜 欣慰 绝望 悲伤 悔恨 难堪 焦躁 不安 厌烦 烦躁 生气 激动 愤怒 心酸 委屈 难受 疑惑 焦急 兴奋 痛苦 扫兴 自责 难为情 惊奇 胆怯 慌乱 不解 害怕 恐惧 怜惜 好笑 为难 高兴 失落 感激 困惑 怨恨 心慌 疲倦 畏惧 疲惫 后悔 无奈 悲痛 忧愁 狼狈 害臊 垂头丧气 羡慕 着急 震惊 不耐烦 愁眉苦脸 哭笑不得 泄气 尴尬 焦虑 不服气 惊慌失措 烦闷 敬佩 灰心 感慨 自豪 自卑 凄凉 迷惑不解 感动 纳闷儿 遗憾 得意 感到 别扭 气馁 骄傲 慌 钦佩 惊叹 庆幸 消沉 犹豫 哭泣 恍然大悟 丢脸 歉意 畏缩 好奇 过意不去 忧郁 孤单 迟疑 孤独 目瞪口呆 不已 寂寞 振奋 佩服 窘迫 恼羞成怒 无聊 恐慌 大吃一惊 感叹 大惊小怪 耻辱 疲惫不堪 丢人 厌倦 喜出望外 赞叹 同感 无精打采 半信半疑 不以为然 烦恼 由衷 惊喜 压抑 忙乱 抑郁 难看 荣幸 难以置信 惊 赞叹不已
137,4,0.450870991257542,0.04566421826849264,0.5,麻烦 碍事 烦 不便,碍事 烦 不便 麻烦,不便 烦 碍事 麻烦,麻烦 碍事 烦 不便
138,7,0.40170978917168576,-0.05450375343401779,0.5714285714285714,舍不得 恋恋不舍 依依不舍 舍得 不值 不辞而别 肯,不辞而别 肯 不值 舍得 依依不舍 恋恋不舍 舍不得,舍不得 不值 恋恋不舍 依依不舍 肯 不辞而别 舍得,舍不得 恋恋不舍 依依不舍 舍得 不值 不辞而别 肯
139,2,0.5332616503265519,0.11473602276493003,0.0,不假思索 脱口而出,不假思索 脱口而出,脱口而出 不假思索,不假思索 脱口而出
140,4,0.4838612118245467,0.10084649759139913,0.0,断断续续 不停 没完没了 间断,没完没了 间断 不停 断断续续,断断续续 不停 间断 没完没了,断断续续 不停 没完没了 间断
141,40,0.45828666960524855,-0.01730235112312347,0.7,哎 唉 哎呀 啊 呀 哈哈 嘛 哇 哦 嘿 吧 啦,晚安 不得了 别说 不行 吧 请坐 对不起 喂,没关系 拜托 抱歉 不像话 不得了 不要紧 吧 呀 咱 哎 哇 哦,哎 唉 哎呀 啊 呀 哈哈 嘛 哇 哦 嘿 吧 啦 咱 说真的 你们 再说 拜托 要不 谢谢 没错 对不起 没关系 快点儿 不要紧 没说的 咱们 不行 别说 请坐 敢情 抱歉 算了 恭喜 喂 不像话 好家伙 不得了 晚安 不对 滴
142,20,0.43870089381544114,0.025618050619089,0.5,不要 不必 免得 何必 不用 别 用不着 以免 怕 何苦 生怕 非得,难免 不再 避免 不宜 用得着 何苦 勿 非得,别 勿 不宜 不必 不再 无须 以免 不用 怕 免得 用不着 生怕,不要 不必 免得 何必 不用 别 用不着 以免 怕 何苦 生怕 非得 未免 难免 勿 不宜 无须 避免 用得着 不再
143,9,0.5472656056362732,0.2375426422490349,0.0,不许 允许 不准 严禁 禁止 擅自 准许 私自 容许,容许 严禁 私自 擅自 不准 不许 准许 禁止,私自 不准 严禁 容许 允许 不许 擅自 准许 禁止,不许 允许 不准 严禁 禁止 擅自 准许 私自 容许
144,8,0.47556376756669755,0.09129552254859279,0.25,有利于 不利于 有助于 便于 有利 以便 不利 旨在,旨在 不利 以便 有利 便于 不利于 有助于 有利于,不利 以便 有助于 不利于 有利 便于 旨在 有利于,有利于 不利于 有助于 便于 有利 以便 不利 旨在
145,24,0.45870867369938734,0.041089714937959564,0.3333333333333333,怪异 奇怪 古怪 奇特 奇妙 荒诞 可笑 离奇 荒谬 不可思议 有趣 新奇,新奇 自相矛盾 稀奇 惊人 不可思议 异想天开 反常 神秘,自相矛盾 惊人 古怪 滑稽 稀奇 新奇 吓人 搞笑 可笑 离奇 反常 荒谬,怪异 奇怪 古怪 奇特 奇妙 荒诞 可笑 离奇 荒谬 不可思议 有趣 新奇 神奇 稀奇 滑稽 搞笑 吓人 夸张 骇人听闻 异想天开 神秘 反常 自相矛盾 惊人
146,10,0.4583681204943451,0.07405934270893053,0.4,在乎 在意 不在乎 介意 看重 计较 无所谓 理会 看中 看好,看好 无所谓 理会 计较 看中 看重 介意 不在乎,不在乎 看好 看中 计较 无所谓 理会 在乎 介意 在意 看重,在乎 在意 不在乎 介意 看重 计较 无所谓 理会 看中 看好
147,14,0.3995350650044423,-0.06439645168146983,0.7857142857142857,悲惨 惨痛 惨 惨重 悲剧 糟糕 不幸 沉重 厄运 不堪 结局 命运,沉甸甸 糟 不堪 命运 沉重 糟糕 惨 结局,不堪 不幸 糟 惨 沉甸甸 命运 悲剧 悲惨 惨痛 糟糕 结局 惨重,悲惨 惨痛 惨 惨重 悲剧 糟糕 不幸 沉重 厄运 不堪 结局 命运 糟 沉甸甸
148,34,0.46124779046480174,0.041427803205103725,0.35294117647058826,很 非常 十分 极为 比较 极其 相当 格外 多么 挺 越发 太,不怎么样 不算 最 十分 够 无比 极度 颇,越发 越来越 尤为 太 够 很 不够 愈来愈 无比 不算 更 最,很 非常 十分 极为 比较 极其 相当 格外 多么 挺 越发 太 更加 越来越 蛮 分外 愈来愈 不怎么 尤为 无比 过于 更 不够 够 这么 极度 颇 异常 显得 不算 越 极 最 不怎么样
149,1,,0.0,0.0,不大,不大,不大,不大
150,15,0.415414934922379,-0.008737054789184902,0.4666666666666667,能够 能 可以 难以 无法 才能 能否 得以 可 足以 有望 即可,无力 即可 有望 难以 不如 不妨 才能 得以,可 不妨 不如 得以 无法 无力 有望 可以 能够 能否 足以 即可,能够 能 可以 难以 无法 才能 能否 得以 可 足以 有望 即可 不妨 无力 不如
151,1,,0.0,0.0,不定,不定,不定,不定
152,1,,0.0,0.0,不容,不容,不容,不容
153,48,0.44583819637753674,-0.021786294484029727,0.5833333333333334,嘲笑 讥笑 挖苦 责备 责怪 取笑 埋怨 骂 耻笑 嘲弄 鄙视 轻蔑,开玩笑 排斥 不满 嫉妒 吹捧 吓唬 批评 怨气,取笑 抱怨 挖苦 嫌弃 鄙视 不屑 讨厌 妒忌 不满 吹捧 批评 讥笑,嘲笑 讥笑 挖苦 责备 责怪 取笑 埋怨 骂 耻笑 嘲弄 鄙视 轻蔑 讽刺 嫉妒 指责 嫌弃 瞧不起 妒忌 抱怨 抨击 看不起 不屑 侮辱 调侃 反感 批评 欺负 恭维 刁难 质问 恨 夸奖 反驳 讨厌 吹捧 歧视 吓唬 谴责 夸耀 怨 开玩笑 笑话 安慰 仇恨 不满 怨气 怨言 排斥
154,1,,0.0,0.0,不平,不平,不平,不平
155,6,0.44363376250311837,0.007596171549077014,0.6666666666666666,无可奈何 不得已 走投无路 无能为力 无话可说 被迫,无能为力 无话可说 被迫 走投无路 不得已 无可奈何,不得已 无能为力 无话可说 被迫 走投无路 无可奈何,无可奈何 不得已 走投无路 无能为力 无话可说 被迫
156,4,0.42805370387384295,-0.009130702262361777,0.75,不得而知 可想而知 显而易见 未知数,显而易见 未知数 不得而知 可想而知,不得而知 可想而知 未知数 显而易见,不得而知 可想而知 显而易见 未知数
157,9,0.5052144897096164,0.16216952349083255,0.1111111111111111,宁愿 愿意 情愿 宁可 乐意 甘心 不惜 愿 干脆,干脆 愿 不惜 甘心 宁可 乐意 情愿 愿意,宁愿 不惜 愿 乐意 干脆 愿意 情愿 宁可 甘心,宁愿 愿意 情愿 宁可 乐意 甘心 不惜 愿 干脆
158,15,0.44339750194976024,0.03556848288594449,0.3333333333333333,疏忽 粗心 粗心大意 错误 失误 过失 错 过错 差错 误 马虎 潦草,误 偷懒 马虎 错 不慎 潦草 差错 失误,不慎 疏忽 偷懒 失误 错 大意 误 马虎 错误 潦草 过错 差错,疏忽 粗心 粗心大意 错误 失误 过失 错 过错 差错 误 马虎 潦草 大意 偷懒 不慎
159,1,,0.0,0.0,不成,不成,不成,不成
160,11,0.43291949984644396,0.008736905119087238,0.45454545454545453,赐教 指教 请教 不敢当 久仰 虚心 冒昧 指点 不耻下问 过奖 孤陋寡闻,指点 过奖 冒昧 孤陋寡闻 不敢当 久仰 请教 虚心,虚心 请教 不敢当 孤陋寡闻 久仰 不耻下问 指教 冒昧 指点 过奖 赐教,赐教 指教 请教 不敢当 久仰 虚心 冒昧 指点 不耻下问 过奖 孤陋寡闻
161,11,0.4615235578547997,0.0595158930752871,0.36363636363636365,想不到 意料之外 料到 意想不到 意料 没想到 出人意料 难以想象 意外 想象 不料,意外 想象 不料 难以想象 没想到 想不到 意料 出人意料,出人意料 不料 难以想象 想不到 意外 意料 意料之外 料到 意想不到 没想到 想象,想不到 意料之外 料到 意想不到 意料 没想到 出人意料 难以想象 意外 想象 不料
162,18,0.414478722757063,0.010320795418561415,0.3888888888888889,逐渐 逐步 渐渐 日益 日趋 慢慢 不断 逐年 急剧 趋于 增多 缓缓,源源不断 开始 初步 增多 缓缓 推移 趋于 徐徐,日益 增多 徐徐 不断 渐渐 开始 趋于 逐年 推移 逐渐 逐步 源源不断,逐渐 逐步 渐渐 日益 日趋 慢慢 不断 逐年 急剧 趋于 增多 缓缓 推移 与日俱增 徐徐 开始 源源不断 初步
163,4,0.5624423115379965,0.2686782783000566,0.0,不易 容易 难 不难,不难 难 容易 不易,不易 难 不难 容易,不易 容易 难 不难
164,9,0.4446613311819713,0.03297898241700656,0.4444444444444444,衰退 衰弱 萧条 低迷 不景气 没落 低谷 衰竭 衰减,衰竭 低谷 衰减 没落 衰弱 不景气 低迷 萧条,衰竭 衰减 衰弱 没落 不景气 萧条 低迷 低谷 衰退,衰退 衰弱 萧条 低迷 不景气 没落 低谷 衰竭 衰减
165,1,,0.0,0.0,不止,不止,不止,不止
166,7,0.4606028726918564,0.10560087446580255,0.0,廉洁 作风 廉政 纪律 风气 不正之风 廉正,不正之风 廉正 纪律 作风 廉政 风气 廉洁,廉政 廉洁 廉正 风气 不正之风 纪律 作风,廉洁 作风 廉政 纪律 风气 不正之风 廉正
167,8,0.41667279581986477,-0.038772561682687015,0.75,冷淡 不理 平淡 爱理不理 冷落 清淡 理睬 淡,淡 理睬 冷落 爱理不理 清淡 不理 平淡 冷淡,爱理不理 不理 淡 冷落 清淡 冷淡 理睬 平淡,冷淡 不理 平淡 爱理不理 冷落 清淡 理睬 淡
168,6,0.5696330896816623,0.26014477897706173,0.0,说不上 难说 好说 很难说 谈不上 不用说,好说 不用说 谈不上 难说 很难说 说不上,谈不上 很难说 不用说 说不上 难说 好说,说不上 难说 好说 很难说 谈不上 不用说
169,28,0.4744452562727421,0.11323621262208321,0.07142857142857142,怎么 什么 怎样 呢 究竟 哪里 干什么 哪儿 谁 哪 到底 吗,之所以 不知 何处 如何 何时 干吗 是不是 呢,怎么 是不是 到底 有没有 吗 呢 哪 哪儿 为什么 哪些 不知 干什么,怎么 什么 怎样 呢 究竟 哪里 干什么 哪儿 谁 哪 到底 吗 干吗 怎么样 怎么办 为什么 什么样 是不是 如何 哪些 多少 何时 何处 不知 有没有 为何 是否 之所以
170,8,0.36771384483329367,-0.04007574479741011,0.625,潜移默化 无形中 不知不觉 熏陶 陶冶 不经意 无形 启蒙,无形 启蒙 不经意 无形中 陶冶 熏陶 不知不觉 潜移默化,启蒙 不经意 熏陶 无形 不知不觉 陶冶 潜移默化 无形中,潜移默化 无形中 不知不觉 熏陶 陶冶 不经意 无形 启蒙
171,1,,0.0,0.0,不翼而飞,不翼而飞,不翼而飞,不翼而飞
172,9,0.49614009722909597,0.1650707112362364,0.1111111111111111,甚至于 甚至 或者 以至于 或是 乃至 至于 或 不至于,不至于 或 至于 或是 乃至 以至于 或者 甚至,或 乃至 甚至 以至于 或者 至于 甚至于 或是 不至于,甚至于 甚至 或者 以至于 或是 乃至 至于 或 不至于
173,1,,0.0,0.0,不良,不良,不良,不良
174,17,0.37925306677826953,-0.05391575128610211,0.5882352941176471,丢掉 丢失 丢弃 丢 抛弃 失去 丧失 迷失 消失 放弃 遗弃 掉,问路 不见 流失 抛开 迷路 掉 遗弃 放弃,丢 流失 丢失 丢弃 掉 丢掉 迷路 迷失 不见 抛弃 抛开 放弃,丢掉 丢失 丢弃 丢 抛弃 失去 丧失 迷失 消失 放弃 遗弃 掉 迷路 不见 流失 抛开 问路
175,3,0.6523529416419163,0.43253434526211043,0.0,无论 不论 无论如何,无论如何 不论 无论,无论 无论如何 不论,无论 不论 无论如何
176,5,0.4978739239931166,0.13299814010657807,0.0,微不足道 不起眼 渺小 无足轻重 平凡,不起眼 平凡 无足轻重 渺小 微不足道,微不足道 不起眼 平凡 无足轻重 渺小,微不足道 不起眼 渺小 无足轻重 平凡
177,9,0.49907560441870813,0.14808140789597724,0.3333333333333333,缺少 欠缺 缺乏 缺失 缺 不足 薄弱 残缺 少,残缺 少 薄弱 不足 欠缺 缺 缺乏 缺失,少 缺 欠缺 不足 薄弱 残缺 缺乏 缺少 缺失,缺少 欠缺 缺乏 缺失 缺 不足 薄弱 残缺 少
178,68,0.42305204634831534,-0.03361900765397929,0.5588235294117647,急性 炎症 腹泻 病症 症状 疼痛 发炎 咳嗽 慢性 疾病 出血 感冒,皱 切除 恶心 麻木 昏迷 休克 止咳 肿,传染病 疲劳 骨折 咳 流感 肿瘤 糖尿病 疼 病 痒 痛 皱,急性 炎症 腹泻 病症 症状 疼痛 发炎 咳嗽 慢性 疾病 出血 感冒 高血压 病 复发 发作 抑郁症 发病 癌症 心脏病 呕吐 糖尿病 头晕 过敏 患病 痴呆 失眠 患 患有 确诊 病情 肿瘤 骨折 发热 癌 肿 患者 流感 血栓 传染病 中毒 发烧 肥胖 精神病 感染 晕车 霍乱 休克 痒 失明 昏迷 艾滋病 疼 咳 痛 近视 不适 传染 出汗 职业病 恶心 瘟疫 切除 麻木 疲劳 止咳 病毒 皱
179,9,0.42640934205034386,0.01757444604112196,0.5555555555555556,通畅 畅通 疏通 顺畅 不通 打通 通顺 疏导 安抚,安抚 不通 疏导 通顺 打通 畅通 顺畅 通畅,疏通 顺畅 通顺 打通 畅通 疏导 不通 安抚 通畅,通畅 畅通 疏通 顺畅 不通 打通 通顺 疏导 安抚
180,8,0.36508201106998445,-0.08510435524427484,0.875,良好 好 最好 不错 要好 最佳 良性 恶性,恶性 良性 不错 良好 要好 最佳 最好 好,好 良性 良好 不错 要好 恶性 最好 最佳,良好 好 最好 不错 要好 最佳 良性 恶性
181,3,0.4911484297110487,0.0674692964074551,0.3333333333333333,顾及 兼顾 不顾,兼顾 不顾 顾及,不顾 顾及 兼顾,顾及 兼顾 不顾
182,5,0.486389159589481,0.15167418108104558,0.2,与其 与 跟 同 其他,其他 与 跟 同 与其,同 与 跟 其他 与其,与其 与 跟 同 其他
183,4,0.45581327344690825,0.08953714052949482,0.25,与否 取决于 好坏 在于,好坏 在于 取决于 与否,好坏 在于 与否 取决于,与否 取决于 好坏 在于
184,2,0.5000987961316063,0.15416356381799223,0.0,实事求是 与时俱进,实事求是 与时俱进,实事求是 与时俱进,实事求是 与时俱进
185,15,0.44277309202282966,0.015870210869838496,0.4666666666666667,蠢 傻 笨 笨蛋 丑 逼 贱 胖 懒 倒霉 帅 傻瓜,装 帅 活该 倒霉 胖 懒 傻瓜 逼,糊涂 傻 笨蛋 帅 丑 笨 懒 傻瓜 逼 胖 贱 装,蠢 傻 笨 笨蛋 丑 逼 贱 胖 懒 倒霉 帅 傻瓜 糊涂 活该 装
186,58,0.42788464846897195,-0.018903922875037008,0.5862068965517241,愚蠢 卑鄙 自私 凶残 狡猾 残忍 虚伪 丑恶 奸诈 可恶 凶恶 丑陋,损人利己 凶猛 固执 沽名钓誉 可怕 可怜 恐怖 黑暗,猖狂 粗暴 无能 凶 粗鲁 虚伪 野蛮 软弱 污秽 卑鄙 无情 贪婪,愚蠢 卑鄙 自私 凶残 狡猾 残忍 虚伪 丑恶 奸诈 可恶 凶恶 丑陋 邪恶 贪婪 冷酷 粗鲁 冷漠 无知 傲慢 无情无义 冷酷无情 懒惰 庸俗 凶狠 可耻 可悲 软弱 自私自利 无能 幼稚 猖狂 罪恶 堕落 阴暗 鲁莽 残酷 野蛮 狭隘 可怕 固执 自以为是 恶 拙劣 顽固 无情 粗暴 污秽 世故 损人利己 可怜 颓废 放纵 黑暗 恐怖 浮躁 凶 沽名钓誉 凶猛
187,6,0.47724849871586983,0.05812668473339466,0.16666666666666666,风波 危机 事件 丑闻 动荡 事态,事态 危机 动荡 事件 丑闻 风波,事件 事态 丑闻 危机 风波 动荡,风波 危机 事件 丑闻 动荡 事态
188,16,0.4715382500873377,0.08122664367786007,0.1875,硕士 研究生 本科 学位 学士 博士 学历 函授 文凭 在职 教授 工科,学院 专业 招收 导师 教授 学历 工科 博士,专业 工科 研究生 在职 博士 本科 函授 硕士 导师 招收 学士 学历,硕士 研究生 本科 学位 学士 博士 学历 函授 文凭 在职 教授 工科 学院 导师 招收 专业
189,8,0.4083104915988188,-0.0447021453847704,0.625,专门 特意 特地 亲自 专人 专职 亲手 兼职,兼职 亲手 专职 亲自 专人 专门 特地 特意,专人 专职 专门 亲自 兼职 亲手 特地 特意,专门 特意 特地 亲自 专人 专职 亲手 兼职
190,5,0.4332546190512706,0.022714294485597065,0.2,产品 商标 品牌 专利 品种,品牌 品种 商标 产品 专利,专利 商标 品牌 品种 产品,产品 商标 品牌 专利 品种
191,16,0.4300267321761692,0.0010895135356631179,0.5,剥削 帝国主义 封建 专制 资本主义 统治 压迫 侵略 掠夺 腐朽 阶级 政权,剥夺 社会 民主 社会主义 掠夺 专制 资本主义 阶级,专制 资本主义 腐朽 掠夺 帝国主义 压迫 阶级 封建 社会主义 民主 剥夺 剥削,剥削 帝国主义 封建 专制 资本主义 统治 压迫 侵略 掠夺 腐朽 阶级 政权 社会主义 民主 剥夺 社会
192,37,0.4308410062569881,0.01176920950800812,0.40540540540540543,饭店 餐馆 餐厅 饭馆 酒楼 商场 旅馆 旅店 酒吧 超市 宾馆 商店,零售 商城 住宿 网吧 服务员 厨师 餐饮 五星级,旅馆 网吧 店 饭店 菜市场 旅店 五星级 零售 超市 商城 商场 商店,饭店 餐馆 餐厅 饭馆 酒楼 商场 旅馆 旅店 酒吧 超市 宾馆 商店 酒店 连锁店 书店 店 药店 舞厅 餐饮 便利店 专卖店 电影院 连锁 夜总会 网吧 客房 菜市场 百货 食堂 服务员 五星级 专柜 售货员 住宿 商城 零售 厨师
193,10,0.39844851099460726,-0.015609944248753926,0.6,学者 学术 科学家 院士 哲学 科学 专家 学问 治学 资深,资深 专家 哲学 治学 学问 科学 院士 学术,专家 科学家 资深 哲学 院士 治学 学术 科学 学问 学者,学者 学术 科学家 院士 哲学 科学 专家 学问 治学 资深
194,16,0.42348871007724775,0.002949799901407083,0.5,细心 细致 仔细 用心 认真 精心 周密 严谨 精细 慎重 苦心 严密,专心 好好 严密 聚精会神 严谨 苦心 周到 慎重,专心 周密 周到 细心 严密 细致 用心 慎重 聚精会神 好好 苦心 精细,细心 细致 仔细 用心 认真 精心 周密 严谨 精细 慎重 苦心 严密 专心 聚精会神 周到 好好
195,9,0.36351692947756575,-0.06073600680037434,0.8888888888888888,议题 专题 专栏 话题 议程 主题 栏目 决议 声明,决议 声明 栏目 主题 议程 专栏 话题 专题,决议 专题 议题 议程 栏目 话题 主题 声明 专栏,议题 专题 专栏 话题 议程 主题 栏目 决议 声明
196,16,0.4160330556122306,0.018505427886332543,0.5,着眼于 着力 着重 着眼 注重 致力于 侧重 本着 秉承 专注 围绕 立足,重点 着想 专注 着手 侧重 立足 致力于 围绕,秉承 着眼于 注重 重点 致力于 侧重 着眼 本着 着手 着想 着力 着重,着眼于 着力 着重 着眼 注重 致力于 侧重 本着 秉承 专注 围绕 立足 力求 着手 重点 着想
197,1,,0.0,0.0,专用,专用,专用,专用
198,22,0.46730256726888963,0.04674202322899539,0.3181818181818182,赶往 赶赴 前往 奔赴 赶到 来到 抵达 起程 返回 到达 飞往 回到,到 回归 连夜 重返 专程 前来 离开 飞往,到 连夜 飞往 返回 离开 赶到 赶往 赴 回归 回到 前来 赶赴,赶往 赶赴 前往 奔赴 赶到 来到 抵达 起程 返回 到达 飞往 回到 动身 离开 赴 直奔 专程 重返 前来 连夜 到 回归
199,21,0.4263189139253379,-0.04883780493045907,0.6190476190476191,刊物 专著 书籍 出版 画册 著作 论文 杂志 书 报刊 名著 图书,传记 刊登 主编 篇 报刊 发表 册 封面,图书 册 书 篇 画册 名著 论文 报刊 著作 专著 刊物 刊登,刊物 专著 书籍 出版 画册 著作 论文 杂志 书 报刊 名著 图书 册 传记 出版社 主编 篇 文献 封面 刊登 发表
200,68,0.4381003970226551,-0.007383784415752925,0.5441176470588235,演唱 演奏 独唱 舞蹈 歌曲 乐曲 合唱 歌剧 伴奏 歌唱 音乐 民歌,马戏 录制 乐器 木偶 好听 诗歌 杂技 歌声,演戏 唱片 交响乐 唱歌 乐队 唱 奏 芭蕾 诗歌 朗诵 独唱 艺术,演唱 演奏 独唱 舞蹈 歌曲 乐曲 合唱 歌剧 伴奏 歌唱 音乐 民歌 交响乐 歌舞 旋律 演出 唱 表演 乐队 戏剧 朗诵 歌词 音乐会 唱歌 话剧 歌手 笛子 京剧 芭蕾 吉他 歌 歌声 戏曲 杂技 乐器 小提琴 诗歌 秧歌 排练 剧目 摇滚 抒情 相声 钢琴 演唱会 舞 创作 跳舞 剧团 演戏 动听 曲 小曲 主题歌 歌咏 艺术 专辑 口哨 录制 唱片 国歌 好听 马戏 诗 木偶 剧院 剧场 奏
201,23,0.41708126533066914,0.036379122399570744,0.30434782608695654,致使 从而 因而 进而 使得 使 以致 导致 促使 故 迫使 继而,致 据此 由此 因 而是 故 而 以致,并且 因 并 令 且 使 据此 故 而是 促使 使得 迫使,致使 从而 因而 进而 使得 使 以致 导致 促使 故 迫使 继而 并且 而 且 令 而是 让 并 由此 因 致 据此
202,7,0.5061709965733446,0.12447930651863703,0.14285714285714285,全球 世界 国内 全世界 全国 国际 中国,国际 中国 全球 国内 全国 全世界 世界,中国 全国 国内 全球 世界 全世界 国际,全球 世界 国内 全世界 全国 国际 中国
203,28,0.4372035956936277,0.028104226093105235,0.35714285714285715,决赛 冠军 亚军 银牌 铜牌 比赛 世界杯 预赛 夺冠 半决赛 金牌 奖牌,枚 块 联赛 竞赛 爆冷门 夺魁 杯 奖杯,东道主 参赛 决赛 块 竞赛 奥运会 杯 枚 赛场 联赛 铜牌 金牌,决赛 冠军 亚军 银牌 铜牌 比赛 世界杯 预赛 夺冠 半决赛 金牌 奖牌 大奖赛 参赛 赛场 奥运会 大赛 赛 亚运会 联赛 夺魁 奖杯 杯 爆冷门 东道主 竞赛 枚 块
204,7,0.4759273869628349,0.10588853067737815,0.14285714285714285,初期 早期 后期 晚期 年代 前期 世纪,世纪 年代 前期 初期 后期 早期 晚期,早期 年代 晚期 后期 初期 世纪 前期,初期 早期 后期 晚期 年代 前期 世纪
205,9,0.5082675462611412,0.1190758613426488,0.2222222222222222,子孙 后代 后裔 祖先 祖宗 后人 辈 世袭 前辈,前辈 世袭 辈 后裔 子孙 后代 祖先 后人,祖先 祖宗 子孙 后人 后代 辈 前辈 世袭 后裔,子孙 后代 后裔 祖先 祖宗 后人 辈 世袭 前辈
206,37,0.43356465919072795,-0.011643332000038984,0.5135135135135135,山岭 峡谷 山坡 山谷 丘陵 高山 沼泽 山峰 河流 湖泊 雪山 小溪,洞 草地 岩石 流域 水库 沟 山冈 山峰,丘陵 湖泊 山 瀑布 流域 岩石 湖 沟 河 洞 河流 山谷,山岭 峡谷 山坡 山谷 丘陵 高山 沼泽 山峰 河流 湖泊 雪山 小溪 山顶 平原 沙漠 山 草原 山区 悬崖 瀑布 高原 河 丛林 森林 沟 湖 山冈 池塘 山路 草地 岩石 戈壁 海拔 水库 小路 流域 洞
207,1,,0.0,0.0,业,业,业,业
208,2,0.5110308643275637,0.1932496241789364,0.0,业余 职业,职业 业余,业余 职业,业余 职业
209,9,0.4240255524106505,-0.04603563837755062,0.6666666666666666,行业 产业 业务 企业 服务业 板块 工业 公司 服务,公司 服务 板块 产业 服务业 行业 工业 业务,板块 服务业 行业 企业 业务 服务 产业 公司 工业,行业 产业 业务 企业 服务业 板块 工业 公司 服务
210,7,0.4973149028981026,0.14104021758770655,0.14285714285714285,利润 盈利 收益 业绩 收入 效益 暴利,暴利 收益 效益 收入 业绩 盈利 利润,收益 效益 暴利 收入 盈利 利润 业绩,利润 盈利 收益 业绩 收入 效益 暴利
211,17,0.5168618438381719,0.15506123627002955,0.17647058823529413,北部 东南 南部 西北 西南 东部 南 北 东北 西部 中部 西,南方 北方 沿海 南北 东 北 中部 西,东北 东南 北 南 东 北部 东部 西部 南北 南方 沿海 西,北部 东南 南部 西北 西南 东部 南 北 东北 西部 中部 西 东 北方 南北 沿海 南方
212,7,0.4173332391500387,-0.012696074857680395,0.5714285714285714,到处 四处 随处可见 处处 大街小巷 东奔西走 可见,可见 东奔西走 大街小巷 四处 处处 随处可见 到处,到处 四处 东奔西走 随处可见 处处 可见 大街小巷,到处 四处 随处可见 处处 大街小巷 东奔西走 可见
213,11,0.4304611980558878,0.02595080646527592,0.45454545454545453,瞅 瞧 看 偷看 打量 看得出 看出 东张西望 左顾右盼 偷窥 看来,看来 左顾右盼 看得出 东张西望 看出 偷窥 打量 看,看来 看出 瞧 瞅 看 打量 偷看 偷窥 左顾右盼 东张西望 看得出,瞅 瞧 看 偷看 打量 看得出 看出 东张西望 左顾右盼 偷窥 看来
214,1,,0.0,0.0,东方,东方,东方,东方
215,11,0.4649727854585811,0.051212343943186946,0.45454545454545453,事 事情 大事 好事 私事 坏事 公事 喜事 件 有事 东西,件 东西 有事 公事 喜事 私事 事情 坏事,事情 件 事 有事 大事 东西 好事 私事 喜事 坏事 公事,事 事情 大事 好事 私事 坏事 公事 喜事 件 有事 东西
216,3,0.5080485596089587,0.12035480471023936,0.3333333333333333,缕 丝 束,束 丝 缕,丝 缕 束,缕 丝 束
217,1,,0.0,0.0,两岸,两岸,两岸,两岸
218,69,0.45378860068201954,-0.049047932279623854,0.6231884057971014,胳膊 手臂 脖子 嘴唇 手掌 肩膀 鼻子 脸颊 舌头 手指 腿 嘴巴,牙齿 红扑扑 两手 伸手 尾巴 浑身 骨头 握,爪子 红扑扑 肚子 浑身 肢体 把手 脖子 吻 嘴 拳头 骨头 喉咙,胳膊 手臂 脖子 嘴唇 手掌 肩膀 鼻子 脸颊 舌头 手指 腿 嘴巴 脑袋 爪子 眼睛 身子 耳朵 喉咙 胸膛 膝盖 手腕 颈部 眉毛 肚子 胸部 双手 身体 腰 头发 腹部 嘴 指甲 身躯 指头 脸 手脚 把手 脚 全身 肌肉 浑身 牙齿 头顶 骨头 抚摸 嗓子 伤口 用力 怀里 皮肤 尾巴 拳头 肩 肢体 使劲 面部 关节 睁 眼 手 红扑扑 两手 头部 伸手 吻 辫子 脑子 握 胡子
219,10,0.4487487280926033,0.07807053247218712,0.3,小型 中型 轻型 大型 微型 巨型 重型 两栖 袖珍 坦克,坦克 两栖 大型 袖珍 巨型 轻型 重型 中型,重型 坦克 微型 中型 大型 小型 袖珍 巨型 两栖 轻型,小型 中型 轻型 大型 微型 巨型 重型 两栖 袖珍 坦克
220,6,0.425010294834838,0.03365018266401704,0.5,严格 严 把关 苛刻 挑剔 关,关 严 挑剔 苛刻 严格 把关,关 严 严格 挑剔 苛刻 把关,严格 严 把关 苛刻 挑剔 关
221,12,0.4387679167465102,0.06459486193666149,0.25,惩罚 惩处 处罚 制裁 处分 严厉 罚款 追究 威慑 打击 罚 威力,威力 罚 追究 打击 严厉 威慑 罚款 处分,制裁 追究 严厉 罚 惩处 罚款 惩罚 处分 打击 处罚 威慑 威力,惩罚 惩处 处罚 制裁 处分 严厉 罚款 追究 威慑 打击 罚 威力
222,14,0.4007320016713484,-0.04975213616221815,0.6428571428571429,紧迫 艰巨 急迫 复杂 严峻 繁重 迫切 棘手 错综复杂 任务 变幻莫测 千变万化,急 目标 变幻莫测 任务 千变万化 严峻 急迫 繁重,严峻 紧迫 急 艰巨 迫切 急迫 棘手 目标 变幻莫测 任务 千变万化 繁重,紧迫 艰巨 急迫 复杂 严峻 繁重 迫切 棘手 错综复杂 任务 变幻莫测 千变万化 急 目标
223,10,0.43730147066293523,0.05334305272811248,0.3,宏伟 雄伟 庄严 气势 壮观 宏大 气派 威风 严肃 郑重,严肃 郑重 威风 气势 气派 壮观 庄严 宏大,气势 壮观 郑重 气派 威风 宏大 宏伟 庄严 雄伟 严肃,宏伟 雄伟 庄严 气势 壮观 宏大 气派 威风 严肃 郑重
224,3,0.47750838357844905,0.06492470263887475,0.3333333333333333,恶劣 极端 严重,严重 恶劣 极端,极端 恶劣 严重,恶劣 极端 严重
225,13,0.4720172818670143,0.08327674471133933,0.23076923076923078,受伤 重伤 死亡 丧生 遇难 失踪 伤亡 伤 伤势 伤残 死 自杀,伤残 死 伤势 自杀 幸存 伤 失踪 死亡,幸存 伤 伤残 伤势 伤亡 死 失踪 死亡 自杀 受伤 遇难 丧生,受伤 重伤 死亡 丧生 遇难 失踪 伤亡 伤 伤势 伤残 死 自杀 幸存
226,4,0.506749249997782,0.11082931878363675,0.25,个儿 个头儿 个子 个,个 个儿 个子 个头儿,个 个头儿 个儿 个子,个儿 个头儿 个子 个
227,5,0.3755862784079883,-0.08169731559116725,0.6,私人 个人 私有 私营 本人,本人 私营 私有 个人 私人,私营 本人 私有 私人 个人,私人 个人 私有 私营 本人
228,5,0.4310637996242466,0.02016373538236176,0.4,群体 阶层 人群 知识分子 个体,知识分子 个体 阶层 人群 群体,人群 群体 阶层 知识分子 个体,群体 阶层 人群 知识分子 个体
229,17,0.42520640129523884,0.020586832657316805,0.4117647058823529,天赋 天性 天分 性格 本性 天生 性情 才华 特质 个性 先天 天才,为人 本能 功力 本性 功底 后天 性情 性格,功力 功底 才华 本性 后天 天赋 天生 天才 天性 天分 为人 特质,天赋 天性 天分 性格 本性 天生 性情 才华 特质 个性 先天 天才 功力 功底 本能 为人 后天
230,1,,0.0,0.0,个案,个案,个案,个案
231,1,,0.0,0.0,中介,中介,中介,中介
232,47,0.43876303186639215,-0.016931401300497192,0.425531914893617,急诊 治疗 门诊 医院 住院 儿科 病人 就诊 医生 手术 外科 内科,疗养 保健 麻醉 生病 口腔 养老院 医学 急救,临床 看病 疗效 疗法 挂号 床位 门诊 打针 诊所 诊断 会诊 口腔,急诊 治疗 门诊 医院 住院 儿科 病人 就诊 医生 手术 外科 内科 病房 针灸 打针 救治 手术室 看病 西医 出院 治病 临床 中医 诊所 护士 急救 康复 会诊 求医 输液 挂号 诊断 护理 医学 病床 就医 治愈 疗法 疗效 床位 麻醉 疗养 大夫 口腔 保健 养老院 生病
233,6,0.37377992445260183,-0.08349822543438425,0.6666666666666666,民族 种族 中华民族 性别 国籍 中华,中华 国籍 性别 种族 民族 中华民族,种族 中华 国籍 民族 性别 中华民族,民族 种族 中华民族 性别 国籍 中华
234,27,0.46093625998760673,0.06366715749255904,0.37037037037037035,绘画 国画 油画 画 素描 雕塑 中国画 壁画 雕刻 年画 图画 画家,漫画 幅 插图 绣 手工 作品 技艺 工艺品,雕塑 技艺 雕刻 插图 幅 肖像 图画 刺绣 绣 画 图案 画展,绘画 国画 油画 画 素描 雕塑 中国画 壁画 雕刻 年画 图画 画家 书法 美术 刺绣 画展 肖像 画儿 工艺品 插图 作品 图案 漫画 幅 绣 技艺 手工
235,7,0.403061703273129,-0.024079164976971292,0.42857142857142855,内外 海内外 外部 中外 外界 内部 古今中外,内部 古今中外 外界 中外 海内外 内外 外部,内部 中外 海内外 古今中外 外部 外界 内外,内外 海内外 外部 中外 外界 内部 古今中外
236,1,,0.0,0.0,中央,中央,中央,中央
237,6,0.3872299755098434,-0.011356618649078193,0.6666666666666666,抽奖 中奖 奖品 活动 彩票 行动,行动 彩票 活动 奖品 抽奖 中奖,抽奖 彩票 中奖 行动 活动 奖品,抽奖 中奖 奖品 活动 彩票 行动
238,20,0.4029590606537281,-0.014619551044171652,0.5,老年 青少年 少年 青年 中年 成年 年纪 年轻 年龄 未成年人 岁 儿童,残疾人 主妇 妇女 年迈 儿童 成人 高龄 岁,年迈 年轻 岁 岁数 年纪 未成年人 中年 青少年 成年 妇女 成人 老年,老年 青少年 少年 青年 中年 成年 年纪 年轻 年龄 未成年人 岁 儿童 妇女 年迈 高龄 岁数 少儿 残疾人 成人 主妇
239,1,,0.0,0.0,中庸,中庸,中庸,中庸
240,1,,0.0,0.0,中心,中心,中心,中心
241,1,,0.0,0.0,中性,中性,中性,中性
242,21,0.5049067257010477,0.17625313535202478,0.14285714285714285,英语 汉语 俄语 法语 日语 外语 口语 英文 普通话 西班牙语 语言 中文,语法 译 听力 口音 翻译 流利 外文 方言,流利 俄语 语言 语法 口语 口音 中文 法语 西班牙语 英语 听力 英文,英语 汉语 俄语 法语 日语 外语 口语 英文 普通话 西班牙语 语言 中文 语法 阿拉伯语 方言 翻译 流利 口音 听力 外文 译
243,8,0.46803579652472976,0.10104835832510384,0.125,中止 中断 停止 暂停 终止 切断 停顿 断,断 停顿 终止 切断 暂停 中止 停止 中断,暂停 终止 停止 断 中止 中断 切断 停顿,中止 中断 停止 暂停 终止 切断 停顿 断
244,9,0.3560829207817419,-0.07220239629170777,0.6666666666666666,长久 长期 长远 持久 短期 永久 久 深远 中期,中期 深远 短期 久 永久 长远 持久 长久,持久 久 中期 长远 短期 深远 永久 长久 长期,长久 长期 长远 持久 短期 永久 久 深远 中期
245,31,0.4984289651573074,0.08924492833405767,0.22580645161290322,春节 中秋节 清明节 元宵节 除夕 假期 元旦 圣诞节 端午节 长假 节日 佳节,休假 星期日 农历 拜年 周末 节假日 节气 腊月,拜年 清明节 周末 中秋节 新年 星期日 元宵节 团圆 暑假 暑期 清明 国庆,春节 中秋节 清明节 元宵节 除夕 假期 元旦 圣诞节 端午节 长假 节日 佳节 过年 国庆 节假日 新年 放假 暑假 过节 假日 寒假 周末 清明 农历 腊月 暑期 休假 团圆 拜年 星期日 节气
246,6,0.5301466129223813,0.13567461961291052,0.16666666666666666,公正 公平 正义 公道 平等 中立,中立 正义 平等 公道 公平 公正,平等 中立 公道 公平 公正 正义,公正 公平 正义 公道 平等 中立
247,6,0.45968999976993835,0.12736452529799822,0.0,初级 中级 高等 初等 中等 高级,中等 高级 初等 中级 初级 高等,中等 中级 初等 初级 高等 高级,初级 中级 高等 初等 中等 高级
248,17,0.43165360315268786,-0.002579906974314238,0.5882352941176471,药物 药 抗生素 药品 中药 药片 疫苗 激素 服用 安眠药 处方 注射,安眠药 仿制 药材 服用 剂 激素 药片 免疫,激素 剂 免疫 药片 药物 安眠药 药材 服用 药品 药 处方 中药,药物 药 抗生素 药品 中药 药片 疫苗 激素 服用 安眠药 处方 注射 剂 医药 免疫 仿制 药材
249,2,0.5358311654529366,0.22671342541892103,0.0,半路 中途,中途 半路,半路 中途,半路 中途
250,10,0.46688010058767654,0.07653064905046097,0.2,深厚 底蕴 独特 得天独厚 积淀 悠久 雄厚 丰厚 独一无二 特有,丰厚 独一无二 特有 积淀 雄厚 独特 底蕴 深厚,得天独厚 独特 积淀 丰厚 独一无二 深厚 底蕴 雄厚 特有 悠久,深厚 底蕴 独特 得天独厚 积淀 悠久 雄厚 丰厚 独一无二 特有
251,22,0.4485020445798387,0.035532637936087276,0.36363636363636365,作物 水稻 小麦 农作物 棉花 肥料 庄稼 种植 玉米 粮食 禾苗 灌溉,水利 棉 生长 肥 土壤 丰收 农产品 化肥,生长 玉米 种植 棉 粮食 肥料 小麦 灌溉 丰收 栽培 肥 水利,作物 水稻 小麦 农作物 棉花 肥料 庄稼 种植 玉米 粮食 禾苗 灌溉 农业 化肥 栽培 土壤 丰收 农产品 棉 水利 肥 生长
252,21,0.44373484696029714,-0.00040362948895622715,0.42857142857142855,结实 壮实 健壮 柔软 光滑 坚硬 红润 强壮 修长 丰满 苗条 光泽,晶莹 质地 矮 苗条 红润 壮 滋润 光滑,粗糙 光滑 光泽 质地 壮 矮 红润 细腻 健壮 苗条 强壮 矮小,结实 壮实 健壮 柔软 光滑 坚硬 红润 强壮 修长 丰满 苗条 光泽 粗糙 细腻 矮小 高大 晶莹 滋润 质地 矮 壮
253,1,,0.0,0.0,丰盛,丰盛,丰盛,丰盛
254,6,0.5256970262820331,0.16740502999284756,0.0,成果 丰硕 成效 硕果 成就 成绩,成就 丰硕 成绩 硕果 成效 成果,丰硕 成就 成绩 成果 成效 硕果,成果 丰硕 成效 硕果 成就 成绩
255,1,,0.0,0.0,串,串,串,串
256,23,0.42494259082739927,-0.042289843158204186,0.6956521739130435,玩儿 聊天儿 闹着玩儿 贪玩儿 溜达 遛 没事儿 打牌 好玩儿 小偷儿 玩耍 侃大山,扑克 空儿 麻将 溜 离谱儿 人缘儿 散步 小偷儿,串门 空儿 溜 离谱儿 好玩儿 玩儿 侃大山 闹着玩儿 没事儿 逛 遛 玩耍,玩儿 聊天儿 闹着玩儿 贪玩儿 溜达 遛 没事儿 打牌 好玩儿 小偷儿 玩耍 侃大山 串门 转悠 逛 人缘儿 空儿 溜 散步 玩意儿 离谱儿 麻将 扑克
257,1,,0.0,0.0,临,临,临,临
258,1,,0.0,0.0,临时,临时,临时,临时
259,20,0.43101134405186753,-0.0026356212991130745,0.55,幢 大楼 楼 楼房 栋 居民楼 教学楼 大厦 礼堂 临街 建筑物 大厅,层 厅 座 礼堂 阅览室 四合院 图书馆 居民楼,图书馆 厅 室 层 屋 幢 座 栋 楼 楼房 大厦 大厅,幢 大楼 楼 楼房 栋 居民楼 教学楼 大厦 礼堂 临街 建筑物 大厅 室 阅览室 四合院 屋 厅 图书馆 座 层
260,9,0.45213066307695926,-0.0012667594227576868,0.7777777777777778,来临 到来 临近 迎来 即将 尾声 前夕 降临 迎,前夕 尾声 降临 迎 临近 即将 迎来 到来,到来 尾声 即将 迎 降临 前夕 迎来 临近 来临,来临 到来 临近 迎来 即将 尾声 前夕 降临 迎
261,2,0.5214640515791664,0.19237207451107144,0.0,丸 胶囊,丸 胶囊,丸 胶囊,丸 胶囊
262,2,0.5061291410404496,0.14476745357590243,0.0,以 为,为 以,以 为,以 为
263,5,0.3761059103817429,-0.07739769603789153,0.8,主导 导向 为主 牵头 方向,方向 牵头 为主 导向 主导,牵头 导向 方向 为主 主导,主导 导向 为主 牵头 方向
264,1,,0.0,0.0,为了,为了,为了,为了
265,5,0.5134020566466839,0.2412098894489869,0.0,历时 耗时 长达 时隔 为期,长达 时隔 为期 耗时 历时,历时 长达 时隔 耗时 为期,历时 耗时 长达 时隔 为期
266,8,0.4280480869161031,0.05468961877668824,0.375,直到 直至 截至 截止 为止 等到 止 据,据 止 直至 等到 截止 截至 为止 直到,据 止 截止 直至 等到 直到 为止 截至,直到 直至 截至 截止 为止 等到 止 据
267,1,,0.0,0.0,主,主,主,主
268,1,,0.0,0.0,主义,主义,主义,主义
269,8,0.4064371419085984,-0.03360542960786641,0.5,主角 角色 扮演 主人公 人物 扮 充当 主人,扮 主人 充当 人物 主角 角色 扮演 主人公,扮演 角色 扮 人物 主人公 充当 主角 主人,主角 角色 扮演 主人公 人物 扮 充当 主人
270,33,0.4027249894599429,-0.04007045179384087,0.6363636363636364,主任 秘书长 总经理 董事长 会长 局长 院长 总裁 处长 部长 书记 理事,协会 董事会 团长 学会 会员 经理 创始人 董事,秘书长 董事 董事长 院长 会长 处长 司长 总监 总裁 创始人 市长 局长,主任 秘书长 总经理 董事长 会长 局长 院长 总裁 处长 部长 书记 理事 总监 主席 所长 秘书 校长 委员 组长 司长 助理 团长 董事 厂长 市长 经理 首席 班长 董事会 创始人 协会 会员 学会
271,4,0.4234600194057643,-0.01731812512135486,0.75,载体 纽带 突破口 主体,纽带 主体 突破口 载体,突破口 载体 纽带 主体,载体 纽带 突破口 主体
272,2,0.5057524950672111,0.17200966288501493,0.0,合约 主力,主力 合约,合约 主力,合约 主力
273,19,0.44203671304651193,0.02583738316052843,0.42105263157894735,开办 设立 创办 举办 开设 成立 创立 组建 创建 建立 承办 主办,办 设 开通 设置 建立 申办 组建 开辟,申办 开辟 开设 开通 办 组建 开办 举办 建立 成立 设 创建,开办 设立 创办 举办 开设 成立 创立 组建 创建 建立 承办 主办 筹办 开辟 开通 办 设置 设 申办
274,4,0.42200101057837464,0.026169466685728088,0.5,被动 消极 主动 负面,负面 主动 消极 被动,被动 消极 主动 负面,被动 消极 主动 负面
275,7,0.332656837592626,-0.12667019175594438,1.0,主管 掌管 负责人 主宰 人士 发言人 支配,支配 人士 发言人 掌管 主宰 主管 负责人,支配 人士 掌管 负责人 主管 发言人 主宰,主管 掌管 负责人 主宰 人士 发言人 支配
276,24,0.42025091742866955,-0.013332250192953407,0.5,赞许 赞扬 赞赏 称赞 赞同 认同 敬重 认可 赞美 同情 信任 拥护,主张 反对 赞不绝口 夸 信赖 表扬 同意 好感,夸 赞同 赞成 赞扬 赞美 称赞 同意 同情 赞不绝口 拥护 反对 好意,赞许 赞扬 赞赏 称赞 赞同 认同 敬重 认可 赞美 同情 信任 拥护 尊敬 信赖 好评 赞成 好感 表扬 好意 赞不绝口 同意 反对 夸 主张
277,6,0.40421128035027076,-0.005522868888983359,0.5,念头 欲望 冲动 主意 好奇心 计策,主意 计策 好奇心 欲望 冲动 念头,冲动 计策 欲望 主意 好奇心 念头,念头 欲望 冲动 主意 好奇心 计策
278,2,0.6040566493401748,0.33239339940519974,0.0,主持 主持人,主持人 主持,主持人 主持,主持 主持人
279,3,0.4751148411638928,0.07103858340815145,0.0,人权 人道 主权,人道 主权 人权,人权 人道 主权,人权 人道 主权
280,1,,0.0,0.0,主流,主流,主流,主流
281,11,0.4216121710751943,-0.041115997449192324,0.5454545454545454,重要 关键 首要 要紧 至关重要 重中之重 要命 当务之急 无关紧要 主要 厉害,厉害 主要 无关紧要 要命 重中之重 关键 首要 当务之急,厉害 重中之重 至关重要 关键 要紧 当务之急 要命 无关紧要 主要 首要 重要,重要 关键 首要 要紧 至关重要 重中之重 要命 当务之急 无关紧要 主要 厉害
282,16,0.39968322726128724,0.004792104250895406,0.5,直觉 敏锐 触觉 灵敏 感性 理智 嗅觉 知觉 理性 直观 灵巧 主观,客观 触摸 灵活 直观 灵巧 主观 理性 敏捷,客观 嗅觉 触觉 直觉 直观 灵巧 灵敏 灵活 理智 理性 主观 敏捷,直觉 敏锐 触觉 灵敏 感性 理智 嗅觉 知觉 理性 直观 灵巧 主观 敏捷 客观 灵活 触摸
283,4,0.5507369553530954,0.1850600506704193,0.0,网页 网站 网址 主页,网站 网页 主页 网址,网址 网站 网页 主页,网页 网站 网址 主页
284,8,0.3807674517865004,-0.06739136740181194,0.75,例子 特例 例外 举例 先例 列举 举 幸免,幸免 举 列举 特例 先例 举例 例外 例子,幸免 举 举例 例外 例子 列举 特例 先例,例子 特例 例外 举例 先例 列举 举 幸免
285,1,,0.0,0.0,举一反三,举一反三,举一反三,举一反三
286,7,0.438311718742102,-0.00003605758168088357,0.42857142857142855,引人注目 瞩目 显眼 醒目 抢眼 举世瞩目 举世无双,举世无双 抢眼 举世瞩目 醒目 显眼 瞩目 引人注目,抢眼 举世瞩目 显眼 瞩目 醒目 举世无双 引人注目,引人注目 瞩目 显眼 醒目 抢眼 举世瞩目 举世无双
287,11,0.40614571136958705,-0.03406303613708701,0.45454545454545453,鼓掌 喝彩 欢呼 叫好 呐喊 助威 加油 招手 壮胆 举手 加油站,加油站 壮胆 举手 招手 助威 加油 欢呼 呐喊,欢呼 加油站 呐喊 壮胆 举手 喝彩 叫好 加油 助威 鼓掌 招手,鼓掌 喝彩 欢呼 叫好 呐喊 助威 加油 招手 壮胆 举手 加油站
288,9,0.3439512441272178,-0.0892091999330285,0.7777777777777778,揭发 揭露 坦白 揭 举报 批判 交代 投诉 遮,遮 批判 揭 举报 投诉 交代 坦白 揭露,坦白 投诉 揭露 揭 揭发 举报 交代 遮 批判,揭发 揭露 坦白 揭 举报 批判 交代 投诉 遮
289,8,0.37675367174596225,-0.08844417498755261,0.875,措施 举措 政策 对策 方案 办法 调控 调节,调节 调控 政策 办法 方案 对策 举措 措施,调节 办法 对策 举措 措施 方案 调控 政策,措施 举措 政策 对策 方案 办法 调控 调节
290,20,0.4701657292187726,0.05434374784134719,0.25,神情 神态 表情 眼神 语气 神气 模样 笑容 样子 口气 脸色 举止,样 言辞 姿势 眼色 举止 口气 姿态 架势,样 语气 脸色 模样 举止 言语 言辞 姿态 眼神 口气 姿势 话语,神情 神态 表情 眼神 语气 神气 模样 笑容 样子 口气 脸色 举止 言语 姿态 眼色 言辞 话语 姿势 架势 样
291,22,0.42220573069860545,0.014208392449529721,0.36363636363636365,开幕 展览会 大会 博览会 闭幕 开幕式 展览 会议 闭幕式 峰会 盛会 展出,陈列 召集 论坛 开会 出席 展示 车展 峰会,陈列 参展 开会 举行 开幕 展示 会议 展出 盛会 论坛 展览 展览会,开幕 展览会 大会 博览会 闭幕 开幕式 展览 会议 闭幕式 峰会 盛会 展出 召开 举行 论坛 参展 出席 车展 开会 展示 召集 陈列
292,35,0.46992095948532253,0.011983259042357438,0.4,乒乓球 田径 体操 排球 篮球 羽毛球 网球 举重 棒球 摔跤 滑冰 游泳,太极拳 体育 球队 队员 跳伞 武术 球员 足球,选手 网球 举重 武术 球员 滑冰 游泳 健美 羽毛球 乒乓球 跳高 跳远,乒乓球 田径 体操 排球 篮球 羽毛球 网球 举重 棒球 摔跤 滑冰 游泳 台球 运动员 跳高 跳远 足球 武术 滑雪 打球 高尔夫球 教练 选手 双打 单打 射击 健美 运动会 太极拳 长跑 跳伞 球员 球队 体育 队员
293,3,0.5472050709425316,0.17003240054086677,0.0,曰 矣 乃,矣 乃 曰,乃 矣 曰,曰 矣 乃
294,13,0.41480483749958125,0.001219206215137072,0.5384615384615384,珍惜 珍视 珍贵 可贵 珍重 宝贵 爱惜 稀罕 尊重 难得 重视 值钱,久违 稀罕 值钱 难得 尊重 重视 可贵 珍贵,珍视 珍贵 珍重 爱惜 宝贵 稀罕 久违 尊重 珍惜 可贵 重视 难得,珍惜 珍视 珍贵 可贵 珍重 宝贵 爱惜 稀罕 尊重 难得 重视 值钱 久违
295,16,0.44507805110603776,0.01910504230994639,0.375,职责 肩负 责任 担负 承担 负有 重任 使命 担当 履行 职能 义务,担子 分工 重任 负责 履行 推卸 职能 担当,履行 使命 担负 义务 责任 推卸 职责 职能 负有 担子 担当 分工,职责 肩负 责任 担负 承担 负有 重任 使命 担当 履行 职能 义务 推卸 担子 负责 分工
296,21,0.4585367662903926,-0.010961819388612015,0.5238095238095238,捐助 募捐 捐款 捐赠 慈善 捐 捐献 救助 资助 筹集 援助 公益,公益 救灾 志愿者 集资 筹措 义工 捐献 筹集,赞助 集资 捐 捐助 捐款 捐献 资助 义工 志愿者 筹集 捐赠 慈善,捐助 募捐 捐款 捐赠 慈善 捐 捐献 救助 资助 筹集 援助 公益 爱心 救灾 救济 义工 赞助 拨款 筹措 志愿者 集资
297,1,,0.0,0.0,之,之,之,之
298,1,,0.0,0.0,之一,之一,之一,之一
299,9,0.43173256675514476,0.009034467554696382,0.4444444444444444,以内 之内 以外 之外 内 外 左右 以上 之中,以上 之中 左右 外 以外 内 之外 之内,内 外 以外 以内 以上 左右 之内 之外 之中,以内 之内 以外 之外 内 外 左右 以上 之中
300,17,0.432480714067726,-0.02725229055881819,0.4117647058823529,原先 先前 以前 从前 以往 原来 此前 之前 最初 原本 当初 过去,原有 传统 前 此前 起初 之前 过往 当初,起初 前 以往 以前 当初 从前 传统 原来 原有 原本 原先 之前,原先 先前 以前 从前 以往 原来 此前 之前 最初 原本 当初 过去 原有 起初 前 过往 传统
301,4,0.4723544102218474,0.11071536002701816,0.25,之类 诸如此类 等 也好,也好 等 诸如此类 之类,等 诸如此类 也好 之类,之类 诸如此类 等 也好
302,3,0.5173823679700779,0.22289456109263286,0.0,之间 间 介于,介于 间 之间,间 之间 介于,之间 间 介于
303,1,,0.0,0.0,乐,乐,乐,乐
304,2,0.5085099083822144,0.09739051029063975,0.0,乐园 天堂,乐园 天堂,乐园 天堂,乐园 天堂
305,6,0.36753790215447407,-0.13039523082429985,1.0,谨慎 乐观 观望 小心翼翼 明朗 提心吊胆,提心吊胆 明朗 乐观 观望 小心翼翼 谨慎,乐观 明朗 观望 提心吊胆 谨慎 小心翼翼,谨慎 乐观 观望 小心翼翼 明朗 提心吊胆
306,1,,0.0,0.0,乔装,乔装,乔装,乔装
307,23,0.4656906175392843,0.029695804158428703,0.391304347826087,乖巧 调皮 聪明 可爱 顽皮 乖 懂事 听话 胆小 淘气 讨人喜欢 机灵,娇惯 好客 逗 心灵手巧 机灵 叛逆 爱面子 勤劳,胆小 爱面子 乖 害羞 懂事 顽皮 叛逆 可爱 讨人喜欢 逗 淘气 好客,乖巧 调皮 聪明 可爱 顽皮 乖 懂事 听话 胆小 淘气 讨人喜欢 机灵 天真 勤快 娇惯 害羞 孝顺 心灵手巧 叛逆 爱面子 逗 勤劳 好客
308,1,,0.0,0.0,乘人之危,乘人之危,乘人之危,乘人之危
309,13,0.42517332148005327,-0.028360161801477265,0.5384615384615384,流氓 坏人 土匪 强盗 疯子 小人 贼 骗子 乞丐 小丑 无恶不作 敌人,乞丐 小丑 君子 敌人 疯子 骗子 无恶不作 贼,疯子 流氓 无恶不作 强盗 乞丐 小人 小丑 贼 骗子 土匪 敌人 君子,流氓 坏人 土匪 强盗 疯子 小人 贼 骗子 乞丐 小丑 无恶不作 敌人 君子
310,17,0.4211155476587342,0.01610148391787952,0.5294117647058824,寻找 寻觅 寻求 寻 找到 找 探求 搜寻 查找 找出 求 谋求,搜 乞求 搜索 谋求 找出 追求 寻 摸索,谋求 寻 追求 摸索 探求 搜 找 求 寻找 寻求 找到 找出,寻找 寻觅 寻求 寻 找到 找 探求 搜寻 查找 找出 求 谋求 搜索 追求 摸索 乞求 搜
311,2,0.6485916200130497,0.4330417195535028,0.0,流浪 乞讨,乞讨 流浪,流浪 乞讨,流浪 乞讨
312,14,0.39767477321514316,-0.032194915812978474,0.5,祭祀 习俗 风俗 民俗 庙会 祭 俗 庙 礼仪 供奉 规矩 占卜,占卜 夜市 规矩 民间 供奉 庙 俗 礼仪,庙 俗 祭 规矩 礼仪 习俗 风俗 祭祀 供奉 民间 民俗 庙会,祭祀 习俗 风俗 民俗 庙会 祭 俗 庙 礼仪 供奉 规矩 占卜 民间 夜市
313,6,0.40690937522734366,-0.02762013623089273,0.5,习惯 惯例 约定俗成 养成 惯 常理,常理 惯 惯例 约定俗成 养成 习惯,惯 习惯 养成 约定俗成 惯例 常理,习惯 惯例 约定俗成 养成 惯 常理
314,15,0.43926786412728624,0.009657008916016311,0.5333333333333333,村庄 乡 城镇 村 乡村 镇 街道 城乡 农村 城区 县 城市,城市 屯 农村 都市 城区 县 社区 乡村,县 屯 乡 城镇 村 乡村 村庄 街道 镇 城区 城市 城乡,村庄 乡 城镇 村 乡村 镇 街道 城乡 农村 城区 县 城市 社区 屯 都市
315,10,0.42116483601391774,-0.04366917201751991,0.6,偏僻 偏远 荒凉 遥远 边远 孤零零 乡下 空荡荡 远方 空虚,远方 空虚 孤零零 乡下 空荡荡 边远 偏僻 遥远,孤零零 偏僻 荒凉 乡下 遥远 空荡荡 偏远 空虚 边远 远方,偏僻 偏远 荒凉 遥远 边远 孤零零 乡下 空荡荡 远方 空虚
316,7,0.45342825830827044,0.08182988093852114,0.42857142857142855,华人 华侨 华裔 同胞 乡亲 外籍 华语,华语 乡亲 外籍 同胞 华侨 华裔 华人,华语 华裔 乡亲 华侨 华人 外籍 同胞,华人 华侨 华裔 同胞 乡亲 外籍 华语
317,17,0.44073812131423895,0.02006735404443176,0.47058823529411764,抄写 背诵 朗读 写 默读 听写 读 写作 书写 编写 阅读 温习,编排 抄 撰写 编写 念 生词 阅读 温习,写作 生词 写 念 朗读 背诵 抄 编写 编排 默读 听写 读,抄写 背诵 朗读 写 默读 听写 读 写作 书写 编写 阅读 温习 生词 撰写 抄 念 编排
318,63,0.4654019525642681,-0.0028124422345202574,0.47619047619047616,柜子 书桌 桌子 椅子 窗子 凳子 窗台 卧室 窗户 屋子 书橱 房间,垫子 本子 梯子 走廊 电梯 地下室 厨房 楼梯,卫生间 寝室 宿舍 洗手间 阳台 枕头 抽屉 墙 床 柜子 杯子 本子,柜子 书桌 桌子 椅子 窗子 凳子 窗台 卧室 窗户 屋子 书橱 房间 客厅 书柜 墙壁 写字台 阳台 卫生间 楼道 书架 过道 沙发 书房 楼梯 浴室 抽屉 院子 窗帘 藤椅 垫子 箱子 衣架 洗手间 厨房 帘子 帐子 寝室 枕头 栏杆 教室 宿舍 台灯 地板 木板 杯子 床 梯子 马桶 防盗门 厕所 柱子 镜子 墙 地下室 笼子 黑板 围墙 架子 屋顶 走廊 电梯 更衣室 本子
319,2,0.5514331749042373,0.2880594918983631,0.0,口头 书面,书面 口头,书面 口头,口头 书面
320,12,0.4342567766037497,0.04124667615781757,0.5,价钱 价格 售价 价位 价 高价 定价 性价比 卖 买 身价 造价,身价 买 性价比 造价 卖 高价 定价 价位,卖 价 买 性价比 价钱 定价 价位 价格 造价 高价 售价 身价,价钱 价格 售价 价位 价 高价 定价 性价比 卖 买 身价 造价
321,6,0.4861449518860019,0.1452012085308898,0.16666666666666666,赶不上 跟不上 赶上 跟上 吃不上 买不起,买不起 吃不上 跟上 赶上 跟不上 赶不上,赶不上 跟上 赶上 跟不上 吃不上 买不起,赶不上 跟不上 赶上 跟上 吃不上 买不起
322,2,0.525461648911141,0.2156178945751961,0.0,买卖 交易,买卖 交易,交易 买卖,买卖 交易
323,6,0.4761669616580548,0.10286767831401755,0.0,杂乱无章 乱 混乱 乱七八糟 紊乱 横七竖八,混乱 横七竖八 紊乱 乱 乱七八糟 杂乱无章,混乱 乱 横七竖八 紊乱 乱七八糟 杂乱无章,杂乱无章 乱 混乱 乱七八糟 紊乱 横七竖八
324,5,0.452552278786562,0.07238260268545452,0.0,了 过 得了 得 着,着 过 了 得了 得,得 了 得了 着 过,了 过 得了 得 着
325,1,,0.0,0.0,了不起,了不起,了不起,了不起
326,13,0.4272145390864998,0.018189256930867814,0.6923076923076923,倾诉 心里话 心事 心声 诉说 心愿 发泄 心意 宣泄 诉苦 了却 心病,心病 宣泄 了却 发泄 心意 倾听 心里话 心愿,心里话 倾诉 心意 心愿 心病 心事 心声 宣泄 发泄 倾听 诉苦 诉说,倾诉 心里话 心事 心声 诉说 心愿 发泄 心意 宣泄 诉苦 了却 心病 倾听
327,1,,0.0,0.0,了结,了结,了结,了结
328,20,0.3871484721653832,-0.01816462999269719,0.7,体会 感受 亲身 感触 领略 领悟 体验 切身 目睹 亲眼 感想 耳闻目睹,揣摩 有幸 领会 了解 感觉 观感 目睹 耳闻目睹,耳闻目睹 体验 了解 切身 揣摩 理解 目睹 感触 感觉 有幸 观感 亲身,体会 感受 亲身 感触 领略 领悟 体验 切身 目睹 亲眼 感想 耳闻目睹 领会 理解 感觉 有幸 观感 了解 见证 揣摩
329,10,0.3836270276555982,-0.04625003039007368,0.6,抢夺 抢 夺 夺取 偷 窃取 争 盗 争取 黑客,黑客 争取 盗 偷 争 窃取 抢 夺,偷 夺 窃取 争 盗 抢 争取 夺取 黑客 抢夺,抢夺 抢 夺 夺取 偷 窃取 争 盗 争取 黑客
330,7,0.32800617756587647,-0.11906896411739054,1.0,报名 踊跃 名额 争先恐后 入场券 报到 前赴后继,入场券 前赴后继 报到 名额 争先恐后 踊跃 报名,前赴后继 入场券 争先恐后 名额 报名 报到 踊跃,报名 踊跃 名额 争先恐后 入场券 报到 前赴后继
331,8,0.36854136895790773,-0.08876671329412128,1.0,本事 能耐 本领 出息 本钱 争气 争光 耐,耐 出息 争光 本钱 本事 争气 本领 能耐,本事 争气 争光 耐 能耐 出息 本领 本钱,本事 能耐 本领 出息 本钱 争气 争光 耐
332,19,0.41370343147877625,-0.021069225492123984,0.5263157894736842,争执 争吵 冲突 矛盾 分歧 对立 隔阂 争端 激化 纠纷 误会 对峙,面红耳赤 错觉 对峙 误解 交锋 针锋相对 对立 偏见,针锋相对 对峙 激化 对立 误会 交锋 冲突 面红耳赤 争执 争端 偏见 纠纷,争执 争吵 冲突 矛盾 分歧 对立 隔阂 争端 激化 纠纷 误会 对峙 误解 争议 交锋 偏见 针锋相对 面红耳赤 错觉
333,8,0.4288507691720587,0.013457463484143105,0.375,争夺 激烈 竞争 较量 角逐 较劲 尖锐 垄断,垄断 尖锐 较劲 较量 激烈 竞争 角逐 争夺,激烈 角逐 垄断 较量 竞争 争夺 尖锐 较劲,争夺 激烈 竞争 较量 角逐 较劲 尖锐 垄断
334,14,0.4160136899621141,0.0026841291697263336,0.2857142857142857,谈论 讨论 谈 探讨 议论 聊 谈起 争论 畅谈 谈到 议 分享,热 定论 分享 争论 畅谈 谈到 议 讨论,热 谈到 畅谈 探讨 议论 聊 谈 议 谈论 谈起 定论 讨论,谈论 讨论 谈 探讨 议论 聊 谈起 争论 畅谈 谈到 议 分享 定论 热
335,1,,0.0,0.0,事业,事业,事业,事业
336,2,0.7759440715173553,0.6290481130227626,0.0,事先 预先,事先 预先,事先 预先,事先 预先
337,1,,0.0,0.0,事务,事务,事务,事务
338,3,0.491260527577082,0.1032198498713306,0.0,律师 事务所 公证,事务所 公证 律师,事务所 公证 律师,律师 事务所 公证
339,1,,0.0,0.0,事后,事后,事后,事后
340,3,0.5130153467010314,0.13121790634660147,0.0,事项 事宜 重大,事宜 重大 事项,重大 事宜 事项,事项 事宜 重大
341,9,0.37403242003286885,-0.07084155731887577,0.8888888888888888,真相 事实 真实 道理 真理 现实 隐情 玄机 如实,现实 如实 真实 隐情 玄机 道理 真理 真相,事实 玄机 真相 真理 真实 现实 隐情 如实 道理,真相 事实 真实 道理 真理 现实 隐情 玄机 如实
342,7,0.4635606811936877,0.06921704038266145,0.14285714285714285,事故 车祸 故障 出事 肇事 空难 停电,停电 肇事 空难 车祸 故障 出事 事故,事故 停电 肇事 空难 出事 故障 车祸,事故 车祸 故障 出事 肇事 空难 停电
343,9,0.39143550147311323,-0.09024174484172068,0.7777777777777778,凝固 溶解 融化 混浊 液体 静止 物体 沸腾 事物,事物 物体 沸腾 溶解 液体 融化 混浊 凝固,静止 物体 事物 沸腾 溶解 融化 液体 凝固 混浊,凝固 溶解 融化 混浊 液体 静止 物体 沸腾 事物
344,11,0.4206436526358833,0.02436113116321364,0.5454545454545454,楷模 榜样 表率 典范 模范 事迹 写照 缩影 以身作则 典型 带头,带头 典型 事迹 缩影 写照 以身作则 模范 典范,带头 写照 事迹 榜样 典型 楷模 以身作则 典范 缩影 模范 表率,楷模 榜样 表率 典范 模范 事迹 写照 缩影 以身作则 典型 带头
345,2,0.6234377831595171,0.34437717927138795,0.0,二手车 二手,二手车 二手,二手 二手车,二手车 二手
346,13,0.41119587028732113,0.006779251624857434,0.3076923076923077,二氧化碳 气体 氧气 氧 空气 尾气 碳 排放 大气 温室 呼吸 炭,呼吸 酸 炭 大气 温室 排放 空气 碳,气体 氧气 碳 炭 氧 空气 呼吸 尾气 酸 大气 温室 二氧化碳,二氧化碳 气体 氧气 氧 空气 尾气 碳 排放 大气 温室 呼吸 炭 酸
347,5,0.4781472413217309,0.0813627949485272,0.4,二维码 码 扫 扫描 号码,号码 扫 扫描 二维码 码,二维码 码 扫 扫描 号码,二维码 码 扫 扫描 号码
348,2,0.525894226554807,0.2672878822832507,0.0,在 于,于 在,在 于,在 于
349,15,0.42043176112605174,-0.0019838167345662882,0.4666666666666667,赚 挣 赔钱 挣钱 赚钱 亏本 钱 亏 掏钱 赔 发财 攒,攒 亏损 捞 发财 倾家荡产 赔 亏 掏钱,赚钱 亏 掏钱 攒 捞 挣 钱 赔 赚 倾家荡产 亏本 亏损,赚 挣 赔钱 挣钱 赚钱 亏本 钱 亏 掏钱 赔 发财 攒 倾家荡产 亏损 捞
350,1,,0.0,0.0,云,云,云,云
351,19,0.4414847985233218,0.0072150712773274535,0.47368421052631576,交谈 见面 相处 交朋友 握手 交流 亲密 交往 沟通 亲近 亲热 打交道,交往 沟通 打交道 交流 朝夕相处 握手 见面 互动,交朋友 互动 交谈 交往 打招呼 朝夕相处 交流 相处 面对面 亲近 握手 沟通,交谈 见面 相处 交朋友 握手 交流 亲密 交往 沟通 亲近 亲热 打交道 接触 打招呼 面对面 朝夕相处 对话 亲切 互动
352,9,0.3844696715181538,-0.06859707477824048,0.7777777777777778,协同 协调 协作 融合 配合 结合 统筹 互助 融入,互助 结合 统筹 融入 协作 配合 协调 融合,互助 协调 配合 协作 融合 融入 协同 结合 统筹,协同 协调 协作 融合 配合 结合 统筹 互助 融入
353,8,0.4072535760616531,-0.0038020494357100566,0.625,互相 彼此 相互 双方 对方 互补 双赢 对手,双赢 对手 互补 双方 对方 相互 互相 彼此,互相 对方 对手 彼此 双方 双赢 相互 互补,互相 彼此 相互 双方 对方 互补 双赢 对手
354,25,0.4069592903849696,-0.016410851731295677,0.48,拜会 会见 拜访 接见 参观 视察 看望 访问 探望 会面 会晤 拜见,慰劳 调研 互访 会谈 实地 宴会 招待会 观摩,招待会 看望 参观 宴会 实地 拜会 探望 会面 会谈 会见 察看 考察,拜会 会见 拜访 接见 参观 视察 看望 访问 探望 会面 会晤 拜见 来访 会谈 考察 招待 观摩 宴会 接待 招待会 互访 实地 察看 调研 慰劳
355,27,0.43550710811467624,0.02369263336008645,0.4074074074074074,白色 黄色 蓝色 红色 灰色 颜色 黑色 色 紫 蓝 灰 黑,锈 青 斑点 花纹 绿色 彩色 白 黑,黄色 紫 红 绿 灰 白 黑色 花纹 红色 朱红 蓝色 黄,白色 黄色 蓝色 红色 灰色 颜色 黑色 色 紫 蓝 灰 黑 白 鲜艳 绿 红 黄 朱红 斑点 五颜六色 彩色 色彩 花纹 黑白 锈 绿色 青
356,4,0.4263092124692936,0.02557071679644231,0.5,田 井 泉 苗,苗 泉 田 井,井 田 泉 苗,田 井 泉 苗
357,6,0.39825031408953165,-0.03841598717784723,0.6666666666666666,弥补 填补 补救 抵消 空白 亡羊补牢,抵消 亡羊补牢 空白 补救 弥补 填补,补救 弥补 空白 抵消 填补 亡羊补牢,弥补 填补 补救 抵消 空白 亡羊补牢
358,17,0.39805878062218875,-0.03828777605890062,0.5882352941176471,缴纳 交纳 收取 交费 缴费 手续费 缴 收费 管理费 领取 费 利息,付费 发放 利息 索取 申领 交 缴费 管理费,交 缴费 缴 手续费 缴纳 交费 付费 收取 发放 利息 交纳 收费,缴纳 交纳 收取 交费 缴费 手续费 缴 收费 管理费 领取 费 利息 申领 付费 索取 交 发放
359,13,0.42919569718703543,0.012182883730204423,0.3076923076923077,转交 交给 送给 递给 递 捎 送 送到 移交 寄 给 交接,交接 交付 寄 送 递 给 捎 移交,寄 移交 给 捎 送给 送到 递给 交付 交给 送 递 交接,转交 交给 送给 递给 递 捎 送 送到 移交 寄 给 交接 交付
360,4,0.4838789433217141,0.03756857397753602,0.5,重叠 重合 吻合 交叉,吻合 交叉 重合 重叠,重合 重叠 交叉 吻合,重叠 重合 吻合 交叉
361,17,0.4199607169445122,-0.009101500122665203,0.5294117647058824,喧闹 欢声笑语 笑声 嬉笑 喧哗 熙熙攘攘 掌声 热闹 哄堂大笑 鸦雀无声 交头接耳 热烈,笑脸 繁华 拥挤 交头接耳 前仰后合 热烈 热闹 经久不息,熙熙攘攘 哄堂大笑 前仰后合 热烈 嬉笑 欢声笑语 经久不息 繁华 鸦雀无声 拥挤 喧闹 掌声,喧闹 欢声笑语 笑声 嬉笑 喧哗 熙熙攘攘 掌声 热闹 哄堂大笑 鸦雀无声 交头接耳 热烈 前仰后合 经久不息 拥挤 笑脸 繁华
362,18,0.46312998644139936,0.05706714948290085,0.3333333333333333,情谊 感情 友情 亲情 情感 恩情 情怀 情 爱情 真情 深情 缘分,仇 天长地久 缘分 情怀 激情 交情 情结 恩怨,情谊 激情 爱情 仇 真情 情 交情 天长地久 缘分 深情 友情 恩情,情谊 感情 友情 亲情 情感 恩情 情怀 情 爱情 真情 深情 缘分 情结 恩怨 交情 激情 天长地久 仇
363,1,,0.0,0.0,交换,交换,交换,交换
364,3,0.558631134038347,0.25727907313112647,0.0,轮换 轮流 交替,交替 轮流 轮换,轮换 轮流 交替,轮换 轮流 交替
365,8,0.5314473184821453,0.21006752839520637,0.0,磋商 协商 商讨 谈判 交涉 洽谈 讨价还价 商量,讨价还价 交涉 商量 商讨 洽谈 谈判 磋商 协商,磋商 谈判 洽谈 交涉 讨价还价 协商 商量 商讨,磋商 协商 商讨 谈判 交涉 洽谈 讨价还价 商量
366,7,0.44190288739472905,0.03810619463857506,0.2857142857142857,地区 区域 地带 地段 区 地域 交界,交界 区 地域 地带 地区 地段 区域,区 区域 地区 地域 地带 交界 地段,地区 区域 地带 地段 区 地域 交界
367,10,0.5142161870417054,0.15600735116812306,0.0,警察 交警 公安 民警 公安局 警官 消防 治安 保安 巡逻,治安 公安局 消防 巡逻 保安 警官 交警 民警,巡逻 公安局 交警 保安 民警 消防 治安 公安 警察 警官,警察 交警 公安 民警 公安局 警官 消防 治安 保安 巡逻
368,1,,0.0,0.0,交通,交通,交通,交通
369,4,0.44135429184917513,0.01542398530663373,0.5,交际 口才 出口成章 社交,出口成章 社交 交际 口才,交际 口才 出口成章 社交,交际 口才 出口成章 社交
370,1,,0.0,0.0,交集,交集,交集,交集
371,11,0.39263243128536723,-0.014958771292262309,0.6363636363636364,销售 销量 生产 产量 销 产值 经营 产 批发 畅销 营业,批发 经营 营业 产值 畅销 产 生产 销,营业 产 畅销 经营 生产 销 批发 销售 产值 销量 产量,销售 销量 生产 产量 销 产值 经营 产 批发 畅销 营业
372,9,0.3896429287606538,-0.025874052243884896,0.5555555555555556,原料 燃料 原材料 燃油 成品 汽油 油 材料 产地,油 材料 产地 成品 原材料 汽油 原料 燃油,油 汽油 成品 原料 原材料 产地 燃油 燃料 材料,原料 燃料 原材料 燃油 成品 汽油 油 材料 产地
373,8,0.3620986609955335,-0.09260710486972942,0.75,积累 沉淀 累积 积蓄 结晶 经验 产物 私房钱,产物 私房钱 累积 经验 积蓄 结晶 积累 沉淀,累积 经验 沉淀 积累 产物 私房钱 积蓄 结晶,积累 沉淀 累积 积蓄 结晶 经验 产物 私房钱
374,13,0.3924274207884167,-0.034048113954195165,0.38461538461538464,引发 引起 激发 激起 诱发 产生 造成 唤起 带来 发生 激活 提供,提供 激励 发生 激活 产生 造成 激发 唤起,引起 激活 诱发 激励 激发 唤起 发生 提供 激起 产生 造成 引发,引发 引起 激发 激起 诱发 产生 造成 唤起 带来 发生 激活 提供 激励
375,18,0.4010552228907524,-0.020185331815618202,0.5555555555555556,公顷 亩 公斤 千克 斤 立方米 平方米 吨 磅 平方 元 毫升,耕地 开垦 元 毫升 面积 桶 克 平方,克 元 吨 亩 面积 磅 立方 开垦 斤 桶 耕地 平方米,公顷 亩 公斤 千克 斤 立方米 平方米 吨 磅 平方 元 毫升 桶 立方 面积 克 耕地 开垦
376,10,0.3925799214321033,0.002801737241521349,0.3,具有 拥有 享有 具备 有着 有 带有 享受 享 带,带 享 享受 有 具备 享有 带有 有着,带 享 有 拥有 有着 享受 享有 具备 具有 带有,具有 拥有 享有 具备 有着 有 带有 享受 享 带
377,4,0.4162989257835729,0.017851148775971402,0.5,沉 暗 亮 浮,亮 浮 沉 暗,亮 暗 沉 浮,沉 暗 亮 浮
378,35,0.4416105158085896,-0.02400445776630866,0.6285714285714286,优美 美丽 迷人 艳丽 别致 秀美 秀丽 精致 美妙 优雅 古朴 明媚,新颖 简洁 山川 动人 工整 灿烂 高贵 壮丽,优雅 诱人 简洁 漂亮 优美 古朴 亮丽 明媚 甜美 美景 浪漫 精致,优美 美丽 迷人 艳丽 别致 秀美 秀丽 精致 美妙 优雅 古朴 明媚 壮丽 甜美 精美 华丽 动人 亮丽 高雅 景色 漂亮 清新 浪漫 美景 美好 缤纷 诱人 灿烂 高贵 简洁 美观 新颖 工整 风光 山川
379,5,0.4530340682465833,0.02883988589079246,0.4,热门 热点 焦点 冷门 亮点,冷门 亮点 焦点 热门 热点,亮点 热点 冷门 焦点 热门,热门 热点 焦点 冷门 亮点
380,4,0.46421093363037347,0.04304027366890586,0.5,亮相 问世 露面 诞生,露面 诞生 亮相 问世,诞生 亮相 露面 问世,亮相 问世 露面 诞生
381,13,0.4599793528772979,0.04771681223774057,0.38461538461538464,想念 怀念 挂念 思念 牵挂 惦记 留恋 亲爱 念念不忘 敬爱 爱 怀旧,亲 怀旧 敬爱 爱 亲爱 念念不忘 惦记 留恋,牵挂 亲 挂念 爱 思念 敬爱 念念不忘 想念 怀念 怀旧 亲爱 留恋,想念 怀念 挂念 思念 牵挂 惦记 留恋 亲爱 念念不忘 敬爱 爱 怀旧 亲
382,5,0.4637109277198408,0.08523004031960943,0.2,活力 生机 焕发 容光焕发 亲和力,容光焕发 亲和力 生机 焕发 活力,亲和力 焕发 生机 活力 容光焕发,活力 生机 焕发 容光焕发 亲和力
383,11,0.4715878590486434,0.06509326376476338,0.2727272727272727,老朋友 好友 友人 亲朋好友 战友 知己 仇人 朋友们 恩人 熟人 兄弟,兄弟 朋友们 仇人 恩人 友人 老朋友 战友 亲朋好友,朋友们 老朋友 知己 仇人 亲朋好友 好友 战友 友人 兄弟 恩人 熟人,老朋友 好友 友人 亲朋好友 战友 知己 仇人 朋友们 恩人 熟人 兄弟
384,1,,0.0,0.0,人,人,人,人
385,1,,0.0,0.0,人为,人为,人为,人为
386,1,,0.0,0.0,人事,人事,人事,人事
387,14,0.4350211380586607,0.03726061269524574,0.42857142857142855,他们 她们 别人 它们 人们 它 大家 我们 大伙儿 自己 众人 他人,其 有人 他人 自己 众人 大家 别人 它,其 它 别人 我们 他人 他们 人们 大家 有人 大伙儿 她们 众人,他们 她们 别人 它们 人们 它 大家 我们 大伙儿 自己 众人 他人 有人 其
388,6,0.4693916353689127,0.06241151683032934,0.5,衰老 肌肤 新陈代谢 容颜 老化 人体,容颜 老化 人体 衰老 新陈代谢 肌肤,新陈代谢 容颜 人体 肌肤 老化 衰老,衰老 肌肤 新陈代谢 容颜 老化 人体
389,5,0.4318094952368532,0.016523555662158875,0.4,劳动力 人力 人口 劳动 人手,劳动 人手 人口 人力 劳动力,人手 人力 人口 劳动 劳动力,劳动力 人力 人口 劳动 人手
390,14,0.421008989797668,0.011806326770970899,0.5,职员 职工 工人 员工 雇员 干部 民工 人员 农民工 公务员 工会 雇主,干事 干部 员 工会 雇主 人员 公务员 民工,员 人员 员工 干部 公务员 民工 农民工 雇主 雇员 干事 工会 工人,职员 职工 工人 员工 雇员 干部 民工 人员 农民工 公务员 工会 雇主 员 干事
391,11,0.449439805744853,0.045154380251691946,0.2727272727272727,素养 品德 修养 素质 教养 品行 人品 知识 技能 常识 教育,教育 常识 技能 人品 素质 修养 品行 知识,技能 品德 人品 教育 素养 素质 修养 品行 常识 教养 知识,素养 品德 修养 素质 教养 品行 人品 知识 技能 常识 教育
392,2,0.5670367574612281,0.2677053041399971,0.0,人均 平均,平均 人均,人均 平均,人均 平均
393,6,0.4474554109376392,0.08462632798678682,0.16666666666666666,大自然 天然 自然界 自然 人造 人工,人工 自然界 人造 自然 大自然 天然,人工 人造 自然界 天然 自然 大自然,大自然 天然 自然界 自然 人造 人工
394,7,0.4237968987800193,0.01034488901781239,0.42857142857142855,智能 机器人 人工智能 机器 芯片 机械 智慧,芯片 智慧 机械 智能 机器 人工智能 机器人,机器 芯片 人工智能 智能 智慧 机器人 机械,智能 机器人 人工智能 机器 芯片 机械 智慧
395,8,0.41888859549742236,0.008111177092755304,0.375,道德 良心 伦理 人性 诚信 美德 人情 黑心,黑心 人情 美德 人性 诚信 良心 道德 伦理,诚信 伦理 人情 人性 良心 美德 黑心 道德,道德 良心 伦理 人性 诚信 美德 人情 黑心
396,3,0.46942906671610096,0.08359374558600423,0.3333333333333333,师资 办学 人才,人才 办学 师资,办学 人才 师资,师资 办学 人才
397,19,0.4045887596473186,-0.011711075588779126,0.5263157894736842,数量 总数 总量 金额 数目 数额 人数 总额 比例 比重 占 规模,发行 成交 款项 人次 百分比 比例 数额 占,数目 占 款项 次数 人数 人次 总数 百分比 总额 总量 规模 成交,数量 总数 总量 金额 数目 数额 人数 总额 比例 比重 占 规模 量 次数 百分比 人次 款项 成交 发行
398,13,0.43630322097585417,0.036829074767451654,0.38461538461538464,文学 散文 作家 小说 诗人 文艺 寓言 科幻 文人 童话 小品 人文,文化 人文 小品 童话 科幻 作家 小说 文人,诗人 人文 小说 小品 文艺 寓言 文人 童话 文化 文学 科幻 作家,文学 散文 作家 小说 诗人 文艺 寓言 科幻 文人 童话 小品 人文 文化
399,24,0.4200506438893087,-0.011392923025972368,0.5,勇气 自信心 自尊 骨气 斗志 自信 毅力 自尊心 魄力 志气 尊严 信念,体面 振作 面子 气魄 人格 远见 自我 诚意,自尊心 诚意 骨气 斗志 魄力 面子 人格 意志 体面 勇气 振作 尊严,勇气 自信心 自尊 骨气 斗志 自信 毅力 自尊心 魄力 志气 尊严 信念 信心 气魄 意志 责任感 士气 人格 振作 面子 诚意 自我 远见 体面
400,26,0.43527363920774426,-0.020801071687641566,0.5,观众 民众 市民 游客 听众 群众 消费者 影迷 顾客 读者 网民 歌迷,粉丝 居民 民众 牧民 来宾 人民 消费者 农民,消费者 网友 游客 网民 读者 游人 旅客 用户 人民 球迷 群众 牧民,观众 民众 市民 游客 听众 群众 消费者 影迷 顾客 读者 网民 歌迷 球迷 用户 居民 旅客 老百姓 游人 客人 粉丝 客户 农民 网友 人民 牧民 来宾
401,10,0.44905516204297186,0.07230935343153996,0.3,汇率 贬值 人民币 美元 升值 英镑 外汇 货币 美金 利率,利率 货币 美金 外汇 升值 英镑 美元 人民币,汇率 货币 升值 利率 英镑 美元 美金 贬值 外汇 人民币,汇率 贬值 人民币 美元 升值 英镑 外汇 货币 美金 利率
402,13,0.4838266145238821,0.11467231314233269,0.23076923076923078,名声 声誉 声望 名气 知名度 威信 信誉 影响力 口碑 人气 资历 名誉,资历 显赫 人气 威信 口碑 名誉 影响力 信誉,知名度 人气 显赫 资历 影响力 名誉 声誉 口碑 威信 信誉 声望 名气,名声 声誉 声望 名气 知名度 威信 信誉 影响力 口碑 人气 资历 名誉 显赫
403,4,0.39754588195899015,0.0007613736697002771,0.5,进化 人类 外星人 演变,演变 外星人 人类 进化,外星人 进化 人类 演变,进化 人类 外星人 演变
404,15,0.4299205125354594,0.050582622723805266,0.3333333333333333,马路 路口 人行道 大街 路边 十字路口 行人 路 街 红灯 大道 街头,街头 便道 路人 街 绿灯 红灯 路 大道,便道 红灯 绿灯 行人 人行道 路 街 大道 大街 街头 路边 马路,马路 路口 人行道 大街 路边 十字路口 行人 路 街 红灯 大道 街头 路人 绿灯 便道
405,31,0.4335747806192938,0.0031143359675063985,0.5161290322580645,杀害 逮捕 谋害 抢劫 暗杀 被捕 殴打 绑架 劫持 屠杀 凶手 挟持,扣押 伙 报仇 杀 殴打 扣留 迫害 盗窃,暗杀 拘留 枪毙 伙 谋害 虐待 殴打 杀 开枪 挟持 同伙 迫害,杀害 逮捕 谋害 抢劫 暗杀 被捕 殴打 绑架 劫持 屠杀 凶手 挟持 开枪 迫害 歹徒 罪犯 枪毙 虐待 拘留 袭击 扣留 人质 同伙 杀 通缉 扣押 报复 盗窃 报仇 团伙 伙
406,14,0.4507553962523485,0.06416211503160277,0.21428571428571427,选举 候选人 提名 连任 当选 竞选 选民 投票 大选 推选 人选 表决,人选 票 民意 表决 选民 提名 推选 当选,竞选 选民 选举 票 当选 连任 人选 提名 大选 民意 候选人 投票,选举 候选人 提名 连任 当选 竞选 选民 投票 大选 推选 人选 表决 民意 票
407,16,0.3963004501636421,-0.04159370520349877,0.625,太空 月球 飞船 地球 宇宙 宇航员 嫦娥 航天员 月亮 太阳 天上 飞行,人间 时空 天上 飞行 航天 星星 地球 太阳,时空 太阳 航天 嫦娥 月亮 月球 人间 航天员 宇宙 地球 飞行 飞船,太空 月球 飞船 地球 宇宙 宇航员 嫦娥 航天员 月亮 太阳 天上 飞行 航天 星星 人间 时空
408,62,0.4370403915529699,-0.021551094766841788,0.532258064516129,谦逊 和蔼 诚恳 豁达 朴实 谦虚 沉稳 善良 文雅 温柔 质朴 稳重,低调 风流 俊俏 老实 客气 高傲 坚韧 硬朗,正直 诚恳 坦率 坦然 质朴 含蓄 俊俏 纯朴 诚实 镇定 得体 真挚,谦逊 和蔼 诚恳 豁达 朴实 谦虚 沉稳 善良 文雅 温柔 质朴 稳重 纯朴 开朗 敦厚 耿直 彬彬有礼 真诚 礼貌 慈祥 刚毅 诚实 风趣 高傲 坦诚 含蓄 幽默 倔强 坦率 潇洒 真挚 得体 正直 友善 英俊 老实 宽厚 仁慈 俊俏 坚韧 大方 勇敢 平和 朴素 宽容 厚道 客气 风度 坦然 柔和 冷静 沉着 活泼 镇定 委婉 从容 虔诚 硬朗 殷勤 低调 善意 风流
409,18,0.4069535951575195,-0.04231862599290369,0.6666666666666666,只是 就是 是 便是 仅仅 却是 可不是 算是 正是 无非 只有 只能,算 只 仅 莫过于 只是 仅仅 顶多 正是,正是 只 仅 顶多 可不是 无非 算 是 只是 只有 就是 并非,只是 就是 是 便是 仅仅 却是 可不是 算是 正是 无非 只有 只能 顶多 并非 仅 只 莫过于 算
410,7,0.4590135319257583,0.07670387175653404,0.2857142857142857,将来 今后 未来 日后 后续 有朝一日 从今以后,有朝一日 后续 从今以后 未来 将来 日后 今后,有朝一日 后续 将来 从今以后 今后 未来 日后,将来 今后 未来 日后 后续 有朝一日 从今以后
411,4,0.5449648527501038,0.21184176854232636,0.0,插手 干预 干涉 介入,介入 插手 干涉 干预,插手 干预 介入 干涉,插手 干预 干涉 介入
412,21,0.4347142495647644,0.03429808511903347,0.38095238095238093,宣称 声称 表示 指出 强调 认为 坚信 说 承认 深信 重申 透露,号称 提出 提到 宣布 承认 介绍 相信 自称,坚信 重申 确信 否认 宣称 宣布 提到 提出 深信 说 相信 指出,宣称 声称 表示 指出 强调 认为 坚信 说 承认 深信 重申 透露 确信 提到 否认 相信 宣布 提出 介绍 自称 号称
413,5,0.4333549615717368,0.06486050369282123,0.4,自 从 自从 继 由,由 从 继 自 自从,从 继 由 自 自从,自 从 自从 继 由
414,1,,0.0,0.0,从业,从业,从业,从业
415,1,,0.0,0.0,从中,从中,从中,从中
416,1,,0.0,0.0,从事,从事,从事,从事
417,1,,0.0,0.0,从头,从头,从头,从头
418,5,0.4262716373315147,-0.036154526327311094,0.6,滔滔不绝 从容不迫 头头是道 胸有成竹 夸夸其谈,夸夸其谈 头头是道 胸有成竹 从容不迫 滔滔不绝,胸有成竹 夸夸其谈 头头是道 从容不迫 滔滔不绝,滔滔不绝 从容不迫 头头是道 胸有成竹 夸夸其谈
419,6,0.40225181373603236,0.026078663566569567,0.3333333333333333,童年 早年 晚年 青春期 从小 青春,晚年 青春 从小 青春期 早年 童年,青春期 晚年 童年 从小 青春 早年,童年 早年 晚年 青春期 从小 青春
420,9,0.41911029713494785,0.0029050361631810704,0.4444444444444444,工厂 厂 厂家 车间 厂商 仓库 工地 出厂 巨头,巨头 仓库 出厂 工地 厂家 厂商 车间 工厂,厂 仓库 车间 巨头 出厂 厂家 厂商 工厂 工地,工厂 厂 厂家 车间 厂商 仓库 工地 出厂 巨头
421,4,0.5350065871093279,0.13892844957973724,0.25,付款 支付 付 定金,定金 付 支付 付款,付 付款 支付 定金,付款 支付 付 定金
422,12,0.4392296193412248,0.04805583208000513,0.5,耗费 花费 节省 消耗 浪费 节约 付出 白白 花 代价 耗 牺牲,代价 牺牲 花 白白 耗 节约 消耗 浪费,耗费 付出 花费 耗 花 消耗 白白 代价 节省 节约 牺牲 浪费,耗费 花费 节省 消耗 浪费 节约 付出 白白 花 代价 耗 牺牲
423,12,0.4720771070554071,0.10503307927047616,0.16666666666666666,女 男 女性 女子 少女 美女 男女 男性 男士 男子 美人 仙女,仙女 美人 男性 美女 男 男士 女性 男子,女 男 美人 男性 男士 男女 男子 美女 女子 女性 少女 仙女,女 男 女性 女子 少女 美女 男女 男性 男士 男子 美人 仙女
424,50,0.40818471378376353,-0.047442216776715514,0.62,蛇 猫 鹅 狗 青蛙 鸽子 鸭子 鸟 虫子 公鸡 动物 母鸡,飞翔 灰尘 恐龙 细菌 植物 羊 野生 鹿,仙鹤 兔 羊 猴 猪 猫 狼 狗 狮子 猩猩 细菌 恐龙,蛇 猫 鹅 狗 青蛙 鸽子 鸭子 鸟 虫子 公鸡 动物 母鸡 狮子 猴 鳄鱼 鸡 兔 猩猩 鼠 龟 鱼 蜜蜂 狼 蚊子 羊 天鹅 鹿 昆虫 鲨鱼 苍蝇 大象 大雁 燕子 仙鹤 豹 猪 恐龙 鹰 猎犬 虎 大熊猫 野生 蛋 害虫 动物园 飞翔 植物 细菌 生物 灰尘
425,4,0.4273700491666081,-0.0146615138958457,0.5,型号 代号 编号 规格,编号 规格 代号 型号,型号 编号 规格 代号,型号 代号 编号 规格
426,5,0.5980428675687612,0.34191426146337583,0.0,取代 代替 替代 替换 取而代之,取而代之 替换 替代 代替 取代,替换 替代 代替 取而代之 取代,取代 代替 替代 替换 取而代之
427,4,0.4876046744579782,0.10159513613123348,0.0,委托 代理 代理人 授权,授权 代理人 委托 代理,代理人 委托 代理 授权,委托 代理 代理人 授权
428,4,0.4366027675523019,0.011301282554804119,0.25,代表团 团员 成员 代表,代表 团员 成员 代表团,代表团 团员 成员 代表,代表团 团员 成员 代表
429,1,,0.0,0.0,代言人,代言人,代言人,代言人
430,3,0.4681656039235334,0.08099572844072368,0.0,以下 简称 如下,简称 如下 以下,简称 以下 如下,以下 简称 如下
431,13,0.4290473358988187,0.0326066003699134,0.3076923076923077,知道 发觉 晓得 明白 觉得 得知 懂得 察觉 发现 以为 懂 觉,懂 获悉 觉 察觉 以为 发现 懂得 晓得,得知 以为 懂 懂得 明白 觉得 发现 觉 获悉 发觉 察觉 知道,知道 发觉 晓得 明白 觉得 得知 懂得 察觉 发现 以为 懂 觉 获悉
432,4,0.606056790927859,0.35571631656275055,0.0,及 以及 和 及其,和 及其 以及 及,及 和 以及 及其,及 以及 和 及其
433,9,0.48061118342221665,0.1648074926783326,0.0,多年来 近年来 迄今 以来 长期以来 迄今为止 近来 至今 多年,至今 迄今为止 多年 近来 以来 迄今 长期以来 近年来,以来 迄今 多年来 长期以来 迄今为止 多年 至今 近来 近年来,多年来 近年来 迄今 以来 长期以来 迄今为止 近来 至今 多年
434,12,0.42245038150662345,0.02807320487324279,0.25,设备 配件 零件 部件 器材 仪器 设施 装置 器械 组装 仪表 配套,配套 器械 设施 组装 仪表 器材 设备 仪器,部件 零件 仪器 配件 配套 器材 器械 装置 仪表 组装 设施 设备,设备 配件 零件 部件 器材 仪器 设施 装置 器械 组装 仪表 配套
435,16,0.46700081776288194,0.1035875684597329,0.125,庆典 庆祝 庆贺 典礼 周年 纪念日 纪念 隆重 诞辰 喜庆 联欢 仪式,喜庆 迎接 生日 晚会 盛大 周年 联欢 诞辰,联欢 周年 诞辰 晚会 庆典 典礼 仪式 庆祝 盛大 生日 喜庆 纪念日,庆典 庆祝 庆贺 典礼 周年 纪念日 纪念 隆重 诞辰 喜庆 联欢 仪式 盛大 生日 晚会 迎接
436,8,0.42439768870914524,0.04162039101127277,0.375,各位 诸位 广大 请 们 您 敬请 全体,全体 请 您 敬请 们 广大 诸位 各位,们 您 全体 请 诸位 各位 广大 敬请,各位 诸位 广大 请 们 您 敬请 全体
437,24,0.43918930302134374,-0.033167922305459625,0.4583333333333333,睡 躺 睡着 蹲 睡觉 坐 打盹儿 坐下 午睡 站立 瘫 趴,休息 睡眠 仰 晒太阳 瘫 站住 跪 倚,晒太阳 倚 卧 呆 坐 仰 站 睡 瘫 睡着 睡眠 酣睡,睡 躺 睡着 蹲 睡觉 坐 打盹儿 坐下 午睡 站立 瘫 趴 酣睡 卧 呆 休息 仰 晒太阳 挨着 跪 倚 站住 站 睡眠
438,13,0.41604207457728365,0.0072689911933477205,0.38461538461538464,思维 观念 理念 意识 价值观 思想 认知 审美 逻辑 思路 头脑 推理,价值 推理 头脑 思路 审美 思想 逻辑 认知,思想 思维 审美 头脑 推理 思路 逻辑 价值 观念 理念 意识 价值观,思维 观念 理念 意识 价值观 思想 认知 审美 逻辑 思路 头脑 推理 价值
439,6,0.4014230561022619,-0.0205489525459151,0.5,别的 有的 的 的话 有的是 任何,任何 有的是 的话 有的 的 别的,的 别的 有的 任何 有的是 的话,别的 有的 的 的话 有的是 任何
440,7,0.42179171866116133,0.0033945027300857377,0.5714285714285714,随意 随便 随手 任意 随身 轻易 携带,轻易 携带 随身 任意 随手 随意 随便,任意 轻易 携带 随身 随手 随意 随便,随意 随便 随手 任意 随身 轻易 携带
441,1,,0.0,0.0,份,份,份,份
442,1,,0.0,0.0,份额,份额,份额,份额
443,4,0.4934587639640425,0.12903701446823929,0.25,模仿 效仿 仿 抄袭,抄袭 仿 效仿 模仿,仿 效仿 模仿 抄袭,模仿 效仿 仿 抄袭
444,19,0.41192703534267017,-0.047502277974650294,0.631578947368421,佛教 宗教 道教 基督教 伊斯兰教 儒学 儒家 寺庙 天主教 信仰 清真寺 教堂,寺 古人 教堂 殿堂 儒家 寺庙 信仰 国学,茶道 宗教 寺 古人 穆斯林 殿堂 天主教 国学 儒学 儒家 基督教 伊斯兰教,佛教 宗教 道教 基督教 伊斯兰教 儒学 儒家 寺庙 天主教 信仰 清真寺 教堂 穆斯林 圣贤 寺 茶道 国学 殿堂 古人
445,1,,0.0,0.0,休养,休养,休养,休养
446,1,,0.0,0.0,休眠,休眠,休眠,休眠
447,21,0.4342606494433204,-0.007731915545831613,0.38095238095238093,旅游 游览 游玩 观光 景点 度假 避暑 出游 景区 名胜 游 郊游,出行 生态 景观 郊游 旅行 温泉 休闲 避暑,旅行 休闲 蜜月 游玩 游 游览 旅游 名胜 生态 温泉 郊游 出行,旅游 游览 游玩 观光 景点 度假 避暑 出游 景区 名胜 游 郊游 旅行 休闲 温泉 风景 景观 蜜月 出行 古迹 生态
448,6,0.48494213557824833,0.10921626554365753,0.0,艰苦奋斗 自强不息 发愤图强 自力更生 同舟共济 众志成城,众志成城 自力更生 同舟共济 发愤图强 艰苦奋斗 自强不息,同舟共济 自强不息 自力更生 发愤图强 艰苦奋斗 众志成城,艰苦奋斗 自强不息 发愤图强 自力更生 同舟共济 众志成城
449,1,,0.0,0.0,优,优,优,优
450,1,,0.0,0.0,优先,优先,优先,优先
451,18,0.4689158438214166,0.05207758901187996,0.3333333333333333,缺点 弱点 优点 弊端 弊病 短处 缺陷 长处 毛病 好处 特点 坏处,问题 出毛病 漏洞 症结 优势 好处 长处 短处,劣势 优点 优势 出毛病 症结 漏洞 弱点 问题 毛病 好处 弊端 弊病,缺点 弱点 优点 弊端 弊病 短处 缺陷 长处 毛病 好处 特点 坏处 劣势 优势 症结 问题 漏洞 出毛病
452,11,0.4785412426528202,0.09256533451998993,0.18181818181818182,出色 优异 卓越 出众 优秀 杰出 优良 过硬 高超 非凡 优质,优质 非凡 优良 杰出 出众 高超 过硬 优秀,优质 优良 优秀 优异 杰出 出色 出众 高超 卓越 非凡 过硬,出色 优异 卓越 出众 优秀 杰出 优良 过硬 高超 非凡 优质
453,11,0.43795800874108126,0.049647009562588565,0.36363636363636365,打折 折扣 特价 促销 优惠 降价 低价 折 廉价 套餐 劣质,劣质 廉价 套餐 低价 折 降价 促销 特价,廉价 优惠 折 劣质 套餐 折扣 降价 促销 打折 低价 特价,打折 折扣 特价 促销 优惠 降价 低价 折 廉价 套餐 劣质
454,11,0.47827025958880254,0.09015809192647742,0.18181818181818182,便捷 方便 便利 快捷 便宜 省钱 省事 实惠 划算 高效 优越,优越 高效 划算 实惠 便宜 省事 便利 省钱,优越 实惠 快捷 省钱 省事 便利 便宜 便捷 方便 高效 划算,便捷 方便 便利 快捷 便宜 省钱 省事 实惠 划算 高效 优越
455,6,0.4392226478546327,0.019616489109847146,0.3333333333333333,盟友 同盟 伙伴 联盟 共同体 邻国,邻国 联盟 同盟 伙伴 共同体 盟友,联盟 伙伴 盟友 同盟 共同体 邻国,盟友 同盟 伙伴 联盟 共同体 邻国
456,7,0.3911749470729816,-0.02124994031760116,0.5714285714285714,衣食住行 食宿 生活 伙食 自理 吃喝玩乐 生存,自理 吃喝玩乐 生存 生活 伙食 食宿 衣食住行,伙食 食宿 衣食住行 生活 生存 吃喝玩乐 自理,衣食住行 食宿 生活 伙食 自理 吃喝玩乐 生存
457,5,0.4460182861900721,0.08431166900560041,0.2,在场 会场 现场 全场 就座,就座 全场 现场 会场 在场,现场 全场 就座 在场 会场,在场 会场 现场 全场 就座
458,1,,0.0,0.0,会意,会意,会意,会意
459,13,0.3892878251225057,-0.008958384549531236,0.46153846153846156,税收 税务 纳税 征收 关税 纳税人 财政 税 政府 会计 财务 征,财务 政府 会计 征 倾销 财政 关税 纳税人,征收 征 税 倾销 关税 会计 纳税人 财务 纳税 财政 税务 税收,税收 税务 纳税 征收 关税 纳税人 财政 税 政府 会计 财务 征 倾销
460,1,,0.0,0.0,伞,伞,伞,伞
461,7,0.415369689605072,-0.006997130862130981,0.5714285714285714,崇高 伟大 神圣 光荣 高尚 划时代 里程碑,划时代 高尚 里程碑 伟大 光荣 神圣 崇高,里程碑 光荣 崇高 划时代 伟大 神圣 高尚,崇高 伟大 神圣 光荣 高尚 划时代 里程碑
462,7,0.5001328200193423,0.15693142330999035,0.2857142857142857,传闻 传言 消息 传出 绯闻 传 报道,报道 传 绯闻 传出 消息 传言 传闻,传 绯闻 传出 消息 报道 传闻 传言,传闻 传言 消息 传出 绯闻 传 报道
463,10,0.38734926080793736,-0.039824708777182936,0.6,传承 弘扬 发扬光大 发扬 继承 失传 传人 精神 承载 灭绝,承载 灭绝 精神 传人 继承 失传 发扬 弘扬,灭绝 发扬 传承 传人 承载 发扬光大 精神 弘扬 继承 失传,传承 弘扬 发扬光大 发扬 继承 失传 传人 精神 承载 灭绝
464,6,0.45162360917681105,0.058744173413038094,0.5,传说 神话 传奇 相传 奇迹 据说,据说 奇迹 传奇 相传 神话 传说,神话 奇迹 传奇 相传 据说 传说,传说 神话 传奇 相传 奇迹 据说
465,2,0.5783932996667215,0.3205064016958317,0.0,影视 传媒,传媒 影视,传媒 影视,影视 传媒
466,6,0.42767943270215397,0.050972565178309226,0.16666666666666666,强迫 强加 强行 强制 灌输 传授,传授 强行 强加 强迫 灌输 强制,强制 强加 传授 强行 强迫 灌输,强迫 强加 强行 强制 灌输 传授
467,8,0.42023505528047167,0.03107816535294913,0.5,宣传 推广 传播 推销 广告 普及 科普 公关,公关 广告 科普 推销 普及 传播 推广 宣传,普及 宣传 推广 传播 科普 广告 公关 推销,宣传 推广 传播 推销 广告 普及 科普 公关
468,13,0.4636760488482264,0.10295539519951044,0.3076923076923077,电话 拨打 接听 打电话 拨通 接通 通话 来电 热线 关机 话费 传真,话费 关机 开机 传真 热线 接通 来电 通话,关机 通话 热线 开机 拨通 传真 拨打 话费 打电话 来电 电话 接听,电话 拨打 接听 打电话 拨通 接通 通话 来电 热线 关机 话费 传真 开机
469,9,0.4458341071297522,0.011920006292065006,0.4444444444444444,通信 电讯 通讯 电信 无线电 邮政 光缆 传输 邮局,无线电 邮局 传输 光缆 通讯 邮政 通信 电信,通信 光缆 邮局 邮政 通讯 电信 无线电 电讯 传输,通信 电讯 通讯 电信 无线电 邮政 光缆 传输 邮局
470,7,0.36620774146333934,0.001699368162105645,0.5714285714285714,传递 火炬 传达 接力 表达 转达 棒,表达 转达 棒 传达 接力 火炬 传递,转达 棒 火炬 表达 接力 传递 传达,传递 火炬 传达 接力 表达 转达 棒
471,18,0.44659887631112977,0.02710410014947776,0.4444444444444444,营救 救援 救 呼救 抢救 解救 求救 遇险 搜救 拯救 求助 逃生,报警 逃生 伤员 疏散 打捞 挽救 救援 求助,抢救 挽救 伤员 营救 救 解救 疏散 呼救 逃生 搜救 救援 求救,营救 救援 救 呼救 抢救 解救 求救 遇险 搜救 拯救 求助 逃生 救命 挽救 疏散 打捞 伤员 报警
472,26,0.41584439193187617,-0.005860183366099617,0.38461538461538464,损害 破坏 妨害 阻碍 伤害 扰乱 侵害 妨碍 干扰 阻挠 危害 威胁,冒犯 阻挡 损失 捣乱 阻止 害 损伤 祸害,损伤 祸害 害 伤害 捣乱 扰乱 威胁 危害 危及 破坏 侵犯 骚扰,损害 破坏 妨害 阻碍 伤害 扰乱 侵害 妨碍 干扰 阻挠 危害 威胁 侵犯 危及 祸害 骚扰 阻拦 阻止 冒犯 损伤 影响 害 挑衅 阻挡 捣乱 损失
473,7,0.49799459417717784,0.14583821628642507,0.0,裂缝 裂痕 破裂 断裂 脱落 裂 伤痕,伤痕 裂 脱落 破裂 断裂 裂缝 裂痕,伤痕 裂痕 裂缝 脱落 断裂 裂 破裂,裂缝 裂痕 破裂 断裂 脱落 裂 伤痕
474,25,0.41107640491340924,-0.04693354191317366,0.72,欺骗 虚假 伪造 欺诈 诈骗 误导 骗 敲诈 诽谤 弄虚作假 讹诈 假冒,骗 夸大 讹诈 冒充 歪曲 作弊 假 假冒,假 虚假 误导 虚构 敲诈 欺骗 欺诈 骗 迷惑 讹诈 忽悠 伪造,欺骗 虚假 伪造 欺诈 诈骗 误导 骗 敲诈 诽谤 弄虚作假 讹诈 假冒 冒充 恶意 造假 恐吓 忽悠 假 歪曲 受骗 夸大 煽动 迷惑 虚构 作弊
475,21,0.4428637050759137,0.0315966599895355,0.47619047619047616,估算 推测 预测 推断 测算 推算 估计 判断 假设 假定 计算 断定,计算 预料 预期 预计 统计 粗略 猜想 判断,猜想 粗略 统计 断定 估计 判断 计算 推算 推测 推断 测算 预测,估算 推测 预测 推断 测算 推算 估计 判断 假设 假定 计算 断定 预计 预言 分析 预料 预见 猜想 粗略 统计 预期
476,4,0.4569390895590734,0.1032019469358865,0.0,相伴 相依为命 形影不离 伴,形影不离 相依为命 伴 相伴,形影不离 伴 相依为命 相伴,相伴 相依为命 形影不离 伴
477,20,0.43403651036068364,0.018507330649823482,0.4,结婚 订婚 离婚 求婚 恋爱 婚姻 娶 嫁 婚礼 分手 新娘 约会,伴侣 生育 异性 表白 成家 嫁妆 分手 嫁,生育 娶 嫁 婚礼 婚姻 恋爱 新娘 异性 约会 伴侣 成家 离婚,结婚 订婚 离婚 求婚 恋爱 婚姻 娶 嫁 婚礼 分手 新娘 约会 怀孕 新郎 成家 嫁妆 伴侣 表白 异性 生育
478,13,0.41162389138835503,0.01966473124190943,0.46153846153846156,表明 印证 证明 预示 说明 证实 验证 揭示 暗示 反映 意味着 论证,伴随 论证 说明 反映 验证 揭示 证实 暗示,暗示 揭示 反映 验证 论证 印证 说明 证明 证实 预示 意味着 表明,表明 印证 证明 预示 说明 证实 验证 揭示 暗示 反映 意味着 论证 伴随
479,1,,0.0,0.0,伸,伸,伸,伸
480,1,,0.0,0.0,伸张,伸张,伸张,伸张
481,14,0.4148605704831005,-0.038102666676539144,0.6428571428571429,摆动 转动 旋转 摇晃 振动 摇摆 跳动 弯曲 跳跃 伸缩 噪音 噪声,开动 摇 伸缩 弯曲 噪声 摇摆 噪音 跳跃,摆动 开动 摇 跳跃 噪声 伸缩 弯曲 噪音 振动 跳动 转动 旋转,摆动 转动 旋转 摇晃 振动 摇摆 跳动 弯曲 跳跃 伸缩 噪音 噪声 摇 开动
482,20,0.43601304746457886,0.02963345992275404,0.3,照顾 照料 关照 侍候 伺候 呵护 陪伴 体贴 爱护 看护 体谅 关爱,陪 使唤 陪伴 关心 监护 体谅 伺候 孝敬,看管 看护 爱护 关心 关怀 关爱 关照 照料 侍候 体谅 体贴 伺候,照顾 照料 关照 侍候 伺候 呵护 陪伴 体贴 爱护 看护 体谅 关爱 关怀 无微不至 孝敬 关心 看管 陪 使唤 监护
483,13,0.40821319788373134,-0.026401494127354357,0.6153846153846154,偷偷 悄悄 趁机 暗中 暗地里 伺机 趁 默默 顺手 顺便 趁着 私下,默默无闻 顺手 趁 顺便 私下 趁机 趁着 伺机,暗中 顺手 趁机 顺便 趁着 偷偷 伺机 默默 趁 私下 暗地里 悄悄,偷偷 悄悄 趁机 暗中 暗地里 伺机 趁 默默 顺手 顺便 趁着 私下 默默无闻
484,9,0.40669362829375555,-0.08011818853849623,0.7777777777777778,虚幻 幻想 幻觉 梦幻 幻影 空想 虚拟 似是而非 模拟,模拟 似是而非 虚拟 幻觉 幻想 空想 梦幻 幻影,虚幻 虚拟 空想 幻影 模拟 幻想 幻觉 梦幻 似是而非,虚幻 幻想 幻觉 梦幻 幻影 空想 虚拟 似是而非 模拟
485,2,0.7023654010455636,0.4879181308766074,0.0,位 名,名 位,名 位,位 名
486,9,0.38966037406034926,-0.022592597704548325,0.6666666666666666,陷入 处在 处于 陷 泥潭 卷入 面临 旋涡 位于,位于 旋涡 泥潭 面临 卷入 处于 处在 陷,面临 陷 位于 处于 处在 旋涡 泥潭 陷入 卷入,陷入 处在 处于 陷 泥潭 卷入 面临 旋涡 位于
487,4,0.48659111373967967,0.07791051854884892,0.5,位子 位置 座位 地位,地位 座位 位置 位子,地位 位子 位置 座位,位子 位置 座位 地位
488,5,0.4804089897732977,0.10298929606635357,0.2,低 高 高低 忽高忽低 低下,忽高忽低 低下 高低 高 低,低 忽高忽低 高 低下 高低,低 高 高低 忽高忽低 低下
489,13,0.45100478056744164,0.0804432387304462,0.15384615384615385,高于 低于 小于 大于 超过 超出 远远 超越 超 远 等于 相当于,超级 相当于 远 超越 超 等于 远远 超出,相当于 超级 超出 超过 超越 等于 大于 小于 超 远 远远 低于,高于 低于 小于 大于 超过 超出 远远 超越 超 远 等于 相当于 超级
490,15,0.41490149677556115,-0.000032173687356229265,0.4666666666666667,忘记 记住 忘掉 忽略 铭记 遗忘 忘 忘不了 牢记 忽视 记得 小看,记忆犹新 低估 省略 小看 忽视 记得 忘不了 忘,忘掉 忘 省略 忘不了 小看 铭记 遗忘 忽略 忽视 记得 记住 低估,忘记 记住 忘掉 忽略 铭记 遗忘 忘 忘不了 牢记 忽视 记得 小看 记忆犹新 低估 省略
491,5,0.5146948478093555,0.13631912788248818,0.0,低头 抬头 回头 过头 俯首,过头 俯首 回头 抬头 低头,俯首 回头 低头 过头 抬头,低头 抬头 回头 过头 俯首
492,28,0.4380233264689214,0.012732795687136289,0.39285714285714285,寒冷 温度 潮湿 凉爽 气温 炎热 湿润 湿度 干燥 暖和 摄氏度 高温,气候 火辣辣 凉 常温 湿 暖 体温 温度计,气候 冷 凉 暖烘烘 气温 潮湿 零下 暖 湿 温度计 温暖 炎热,寒冷 温度 潮湿 凉爽 气温 炎热 湿润 湿度 干燥 暖和 摄氏度 高温 水温 暖烘烘 零下 低温 冷 温暖 灼热 刺骨 湿 体温 凉 暖 气候 常温 火辣辣 温度计
493,6,0.4468933916394814,0.08821913475543301,0.16666666666666666,节能 环保 能耗 节水 低碳 成本,成本 能耗 低碳 节水 环保 节能,成本 能耗 环保 节能 节水 低碳,节能 环保 能耗 节水 低碳 成本
494,16,0.45075731886520043,0.025766711801941244,0.4375,住宅 公寓 房子 房屋 住房 别墅 新房 出租 物业 写字楼 租金 居住,居住 小区 住 租金 租赁 住房 物业 新房,房子 房屋 物业 住 租 别墅 新房 写字楼 小区 租赁 租金 居住,住宅 公寓 房子 房屋 住房 别墅 新房 出租 物业 写字楼 租金 居住 租赁 租 小区 住
495,5,0.458281859310426,0.08499797051561038,0.0,地址 住址 地点 住处 邮编,邮编 地点 住处 住址 地址,邮编 地址 地点 住处 住址,地址 住址 地点 住处 邮编
496,2,0.5545019787711525,0.21027004799970128,0.0,住户 户,户 住户,户 住户,住户 户
497,7,0.4293382553033741,0.030943368630200994,0.42857142857142855,机制 体制 制度 体系 市场经济 系统 长效,系统 市场经济 长效 体系 制度 机制 体制,机制 系统 制度 体系 体制 市场经济 长效,机制 体制 制度 体系 市场经济 系统 长效
498,6,0.5049154340261205,0.18480041647157344,0.0,体力 体能 智力 体质 视力 智商,智商 视力 体质 体能 智力 体力,体能 体质 视力 体力 智商 智力,体力 体能 智力 体质 视力 智商
499,12,0.4602093138931894,0.07222067970257741,0.25,检测 化验 检验 测定 测量 检查 鉴定 复查 测 验 样品 体检,体检 样品 检查 复查 测 验 测量 鉴定,测 测量 测定 验 体检 检验 样品 鉴定 化验 复查 检查 检测,检测 化验 检验 测定 测量 检查 鉴定 复查 测 验 样品 体检
500,13,0.46315588201208213,0.0404201373425835,0.3076923076923077,厚度 长度 宽度 体积 尺寸 重量 直径 形状 密度 大小 强度 浮力,全长 强度 浮力 形状 大小 重量 密度 直径,密度 厚度 宽度 强度 大小 浮力 体积 形状 直径 全长 尺寸 重量,厚度 长度 宽度 体积 尺寸 重量 直径 形状 密度 大小 强度 浮力 全长
501,17,0.4425914104054196,-0.01089801924772261,0.47058823529411764,体育场 球场 公园 体育馆 操场 草坪 广场 场馆 场地 游泳池 看台 喷泉,园 空地 喷泉 游泳池 花园 操场 跑道 草坪,看台 园 空地 球场 操场 鸟巢 游泳池 喷泉 体育馆 花园 草坪 跑道,体育场 球场 公园 体育馆 操场 草坪 广场 场馆 场地 游泳池 看台 喷泉 跑道 花园 空地 鸟巢 园
502,12,0.43773296117747684,0.05215909491751377,0.4166666666666667,外貌 外形 外表 长相 身材 外观 造型 身高 酷似 体重 瘦 表面,瘦 表面 体重 造型 身高 酷似 身材 外观,身材 长相 瘦 体重 身高 酷似 外貌 外表 外观 造型 外形 表面,外貌 外形 外表 长相 身材 外观 造型 身高 酷似 体重 瘦 表面
503,1,,0.0,0.0,余地,余地,余地,余地
504,15,0.41376569210423836,-0.036756611657945484,0.6,贷款 存款 信贷 外币 信用卡 理财 储蓄 银行 活期 抵押 余额 信用,财富 兑换 信用 余额 信用卡 抵押 活期 理财,银行 储蓄 信用卡 抵押 财富 贷款 活期 理财 存款 余额 外币 信贷,贷款 存款 信贷 外币 信用卡 理财 储蓄 银行 活期 抵押 余额 信用 担保 兑换 财富
505,7,0.44823086859582373,-0.008428089630204654,0.14285714285714285,和尚 僧人 弟子 菩萨 大师 佛 泰斗,泰斗 僧人 佛 大师 菩萨 弟子 和尚,僧人 弟子 佛 大师 和尚 泰斗 菩萨,和尚 僧人 弟子 菩萨 大师 佛 泰斗
506,1,,0.0,0.0,作业,作业,作业,作业
507,20,0.4508503961293066,0.06285639249165817,0.4,当成 当作 视为 看成 称作 称为 列为 看作 变成 定为 成为 变为,变 换成 叫作 成 堪称 定为 变为 作为,看成 变 看作 成 纳入 叫作 当作 当成 成为 换成 定为 视为,当成 当作 视为 看成 称作 称为 列为 看作 变成 定为 成为 变为 叫作 作为 列入 纳入 成 换成 堪称 变
508,2,0.7717876351398814,0.5755933917852677,0.0,作客 做客,做客 作客,做客 作客,作客 做客
509,15,0.41296457151555827,-0.01735642348155099,0.4666666666666667,抵抗 对抗 抗衡 反抗 对付 抵挡 抗争 抵御 抗拒 应对 作对 应付,挣扎 作对 抵触 应对 叫板 应付 反抗 抗争,对付 对抗 抵御 抵挡 抵抗 叫板 抗衡 应付 应对 反抗 抵触 挣扎,抵抗 对抗 抗衡 反抗 对付 抵挡 抗争 抵御 抗拒 应对 作对 应付 抵触 挣扎 叫板
510,6,0.3974257507239814,-0.007990295585678467,0.5,失效 失灵 无效 作废 生效 失控,作废 生效 失控 无效 失灵 失效,无效 生效 失灵 失效 失控 作废,失效 失灵 无效 作废 生效 失控
511,11,0.41361805142146074,-0.029068474802259534,0.7272727272727273,战斗 战争 斗争 作战 战场 搏斗 英勇 打仗 斗 冷战 英雄,英雄 冷战 作战 搏斗 英勇 打仗 斗 斗争,斗争 斗 英雄 冷战 英勇 战场 战争 打仗 搏斗 战斗 作战,战斗 战争 斗争 作战 战场 搏斗 英勇 打仗 斗 冷战 英雄
512,31,0.44473816698185925,0.023217488475557834,0.3870967741935484,考试 试卷 试题 笔试 高考 考题 口试 考生 考 作文 卷子 面试,稿子 题 志愿 文科 驾照 理科 分数 大纲,笔试 测验 口试 答辩 命题 录取 题目 试题 考生 补考 考场 大纲,考试 试卷 试题 笔试 高考 考题 口试 考生 考 作文 卷子 面试 题目 录取 理科 报考 分数 考场 补考 招生 填空 文科 命题 题 测验 大纲 及格 答辩 志愿 驾照 稿子
513,6,0.44579078368035746,0.059503175358657456,0.5,作用 效果 起到 功效 发挥 效应,功效 效应 起到 发挥 效果 作用,起到 功效 效应 效果 发挥 作用,作用 效果 起到 功效 发挥 效应
514,1,,0.0,0.0,作者,作者,作者,作者
515,12,0.42414678794225413,0.021059653809116907,0.4166666666666667,使用 运用 用 利用 用于 采用 动用 应用 滥用 用来 用途 试用,试用 用来 应用 用途 采用 用于 滥用 利用,运用 用 用来 用于 使用 应用 利用 滥用 采用 动用 试用 用途,使用 运用 用 利用 用于 采用 动用 应用 滥用 用来 用途 试用
516,9,0.45379984027881964,0.05077134030808209,0.4444444444444444,大使馆 领事馆 领事 大使 驻 外交官 办事处 使者 总部,使者 总部 外交官 办事处 驻 大使 领事 大使馆,外交官 大使馆 使者 领事馆 办事处 总部 大使 驻 领事,大使馆 领事馆 领事 大使 驻 外交官 办事处 使者 总部
517,1,,0.0,0.0,供,供,供,供
518,8,0.5314321294940431,0.19038176612215796,0.0,供应 短缺 供给 供求 紧缺 供不应求 过剩 需求,需求 供不应求 过剩 供给 紧缺 供应 短缺 供求,供应 供求 供给 短缺 需求 供不应求 过剩 紧缺,供应 短缺 供给 供求 紧缺 供不应求 过剩 需求
519,7,0.46795882308659803,0.12481907210652991,0.0,炉灶 暖气 取暖 炉子 供暖 烟囱 通风,通风 烟囱 炉灶 炉子 供暖 暖气 取暖,取暖 烟囱 通风 炉灶 炉子 供暖 暖气,炉灶 暖气 取暖 炉子 供暖 烟囱 通风
520,12,0.47338347637276906,0.16242650748073584,0.16666666666666666,依照 按照 参照 根据 依据 遵照 遵循 按 依 遵守 参考 借鉴,借鉴 参考 遵守 依 依据 根据 按 遵循,参考 依 按 借鉴 参照 根据 依据 依照 遵照 遵守 遵循 按照,依照 按照 参照 根据 依据 遵照 遵循 按 依 遵守 参考 借鉴
521,13,0.4080502900496543,0.04796252374657832,0.3076923076923077,借助 依靠 凭借 通过 凭着 借 凭 靠 依托 借用 透过 依赖,引用 依赖 借用 依托 凭着 透过 凭 借,借 凭 通过 借助 依赖 借用 依靠 依托 靠 凭借 凭着 引用,借助 依靠 凭借 通过 凭着 借 凭 靠 依托 借用 透过 依赖 引用
522,5,0.4058536935997033,-0.04057878416840545,0.8,依次 顺序 排列 列 分别,列 分别 排列 顺序 依次,列 顺序 依次 排列 分别,依次 顺序 排列 列 分别
523,15,0.3903809232286051,-0.033727135585648625,0.6,非法 违法 违规 倒卖 走私 涉嫌 贩卖 犯罪 违章 违反 毒品 合法,合法 毒品 出卖 兜售 犯罪 涉嫌 依法 违反,犯罪 毒品 倒卖 依法 贩卖 出卖 兜售 涉嫌 合法 走私 违规 非法,非法 违法 违规 倒卖 走私 涉嫌 贩卖 犯罪 违章 违反 毒品 合法 依法 兜售 出卖
524,1,,0.0,0.0,侠义,侠义,侠义,侠义
525,14,0.3911558279810544,-0.03385683058654105,0.7142857142857143,监视 侦察 探测 观测 追踪 监控 监测 跟踪 卫星 观察 情报 望远镜,机动 间谍 情报 跟踪 卫星 监控 观察 追踪,机动 追踪 跟踪 探测 监视 间谍 观测 观察 望远镜 卫星 情报 监测,监视 侦察 探测 观测 追踪 监控 监测 跟踪 卫星 观察 情报 望远镜 间谍 机动
526,6,0.4265356963380634,0.060497767312929086,0.16666666666666666,侧面 背面 正面 反面 侧 端,端 反面 背面 侧 正面 侧面,侧 端 背面 侧面 反面 正面,侧面 背面 正面 反面 侧 端
527,11,0.439454089258596,0.05868569284369752,0.2727272727272727,侵占 强占 霸占 占领 瓜分 占有 占据 领土 占用 入侵 分赃,分赃 领土 入侵 占用 瓜分 占有 占据 占领,占用 占据 占有 入侵 霸占 占领 强占 分赃 领土 瓜分 侵占,侵占 强占 霸占 占领 瓜分 占有 占据 领土 占用 入侵 分赃
528,23,0.40615532084345496,-0.0545837118001498,0.5652173913043478,支票 护照 证件 存折 身份证 收据 银行卡 发票 汇款 挂失 凭证 签证,过境 取款机 出境 身份证 入境 便条 账户 账单,取款 签证 挂失 取款机 入境 欠条 凭证 汇款 收据 护照 发票 借条,支票 护照 证件 存折 身份证 收据 银行卡 发票 汇款 挂失 凭证 签证 欠条 取款 借条 账单 通行证 便条 账户 取款机 入境 出境 过境
529,11,0.4008010144683239,0.00041076701265304027,0.5454545454545454,带动 拉动 推动 驱动 引领 刺激 拖累 动力 引擎 内需 促成,促成 引擎 动力 内需 引领 拖累 刺激 推动,带动 拖累 刺激 内需 驱动 促成 推动 拉动 引擎 动力 引领,带动 拉动 推动 驱动 引领 刺激 拖累 动力 引擎 内需 促成
530,1,,0.0,0.0,俊,俊,俊,俊
531,7,0.37339438348580717,-0.0503538392040017,0.7142857142857143,俘虏 歼灭 俘获 囚犯 奴隶 监狱 收复,收复 奴隶 监狱 歼灭 囚犯 俘获 俘虏,囚犯 奴隶 收复 俘虏 俘获 歼灭 监狱,俘虏 歼灭 俘获 囚犯 奴隶 监狱 收复
532,1,,0.0,0.0,保,保,保,保
533,7,0.5008361289302823,0.13506150260715385,0.14285714285714285,修理 维修 保养 修车 保修 修补 理发,修补 保修 理发 维修 修车 保养 修理,维修 保养 保修 修补 修车 修理 理发,修理 维修 保养 修车 保修 修补 理发
534,6,0.4818718264493642,0.10829139083411458,0.3333333333333333,保卫 捍卫 保护 维护 自卫 防卫,防卫 保护 自卫 维护 捍卫 保卫,保护 保卫 防卫 维护 自卫 捍卫,保卫 捍卫 保护 维护 自卫 防卫
535,6,0.43814313088829165,0.036356135897368205,0.3333333333333333,保姆 家政 家教 管家 清洁工 房东,房东 家政 清洁工 管家 家教 保姆,清洁工 保姆 管家 家政 家教 房东,保姆 家政 家教 管家 清洁工 房东
536,9,0.46230844564659673,0.0666717169589422,0.3333333333333333,贮藏 储存 存放 保鲜 保存 冷冻 保管 密封 烘干,密封 保管 烘干 保存 冷冻 保鲜 存放 储存,密封 保鲜 贮藏 烘干 保管 保存 冷冻 存放 储存,贮藏 储存 存放 保鲜 保存 冷冻 保管 密封 烘干
537,1,,0.0,0.0,保守,保守,保守,保守
538,8,0.4964361061689148,0.1191338500107135,0.125,泄露 泄密 机密 泄漏 秘密 隐私 保密 内幕,泄漏 隐私 内幕 秘密 保密 泄露 机密 泄密,机密 保密 秘密 内幕 泄露 泄漏 隐私 泄密,泄露 泄密 机密 泄漏 秘密 隐私 保密 内幕
539,6,0.44804147609395334,0.11644628542495511,0.16666666666666666,留 遗留 留下 残留 保留 残,残 留 保留 遗留 残留 留下,留 残 保留 遗留 残留 留下,留 遗留 留下 残留 保留 残
540,6,0.44333230507786386,0.002656222097311219,0.5,确保 保证 保障 做到 切实 达到,达到 切实 保障 做到 保证 确保,达到 保障 保证 确保 切实 做到,确保 保证 保障 做到 切实 达到
541,5,0.4357600339313503,0.0261767261661514,0.2,变质 过期 腐烂 保质期 烂,烂 保质期 过期 腐烂 变质,烂 腐烂 保质期 变质 过期,变质 过期 腐烂 保质期 烂
542,23,0.46616897878739977,0.047129659723938316,0.391304347826087,劝 嘱咐 叮嘱 劝告 告诫 催促 劝说 恳求 吩咐 劝阻 哀求 提醒,保重 警告 示意 招呼 逼迫 催 提醒 敦促,哀求 保重 催 劝 示意 再三 敦促 告诉 告诫 劝阻 劝说 叮嘱,劝 嘱咐 叮嘱 劝告 告诫 催促 劝说 恳求 吩咐 劝阻 哀求 提醒 示意 转告 告诉 告知 敦促 警告 招呼 再三 逼迫 催 保重
543,7,0.3539935704994407,-0.11892574356767541,1.0,科技 高科技 高新技术 金融 保险 技术 险,险 高新技术 金融 保险 技术 高科技 科技,保险 高科技 技术 险 科技 高新技术 金融,科技 高科技 高新技术 金融 保险 技术 险
544,15,0.4548614735636985,0.05374381414150202,0.3333333333333333,信件 邮件 电子邮件 回信 来信 短信 电报 信箱 贺信 公开信 邮箱 封,投稿 公开信 封 发送 信 贺信 邮箱 短信,邮件 封 信 邮箱 电报 公开信 贺信 回信 短信 电子邮件 发送 信箱,信件 邮件 电子邮件 回信 来信 短信 电报 信箱 贺信 公开信 邮箱 封 发送 信 投稿
545,1,,0.0,0.0,信号,信号,信号,信号
546,5,0.48628876261780485,0.15036501399943178,0.2,邮票 钞票 硬币 信封 集邮,信封 集邮 硬币 钞票 邮票,集邮 邮票 硬币 钞票 信封,邮票 钞票 硬币 信封 集邮
547,10,0.4250557859002961,-0.001145464616364869,0.6,公告 通告 通知 公示 通报 披露 公布 通知书 公函 信息,信息 披露 公布 公示 公函 通报 通知书 公告,通告 披露 通知书 信息 公函 公告 公布 公示 通报 通知,公告 通告 通知 公示 通报 披露 公布 通知书 公函 信息
548,18,0.42278714458905076,0.0016684277151180883,0.5,修建 兴建 动工 竣工 建造 建成 开工 扩建 建设 建 工程 施工,修路 施工 项目 开张 修 建 开业 造,工程 建 修 竣工 开业 开张 开工 扩建 兴建 建成 建造 项目,修建 兴建 动工 竣工 建造 建成 开工 扩建 建设 建 工程 施工 修路 开业 修 项目 造 开张
549,5,0.4683795316308762,0.09829433426802667,0.2,复原 恢复 修复 重建 还原,还原 重建 复原 恢复 修复,恢复 重建 还原 修复 复原,复原 恢复 修复 重建 还原
550,9,0.41013010221614454,-0.0431756130338866,0.6666666666666666,修改 更改 改动 更换 改版 变更 修正 换 版,版 换 更换 修正 改版 变更 更改 修改,版 换 改版 改动 更改 更换 修改 修正 变更,修改 更改 改动 更换 改版 变更 修正 换 版
551,19,0.41067752853069905,-0.010100777985789119,0.47368421052631576,制定 颁布 制订 修订 法规 出台 草案 起草 规定 条例 拟定 宪法,推出 编制 法制 发布 法律 宪法 纲要 出台,颁布 制订 法律 法制 条例 起草 宪法 法规 编制 规定 发布 刑法,制定 颁布 制订 修订 法规 出台 草案 起草 规定 条例 拟定 宪法 法律 刑法 编制 纲要 发布 法制 推出
552,1,,0.0,0.0,俱乐部,俱乐部,俱乐部,俱乐部
553,1,,0.0,0.0,倍,倍,倍,倍
554,6,0.385601477209484,-0.04073436798966528,0.6666666666666666,倒闭 倒下 破产 停业 晕倒 倒,倒 破产 停业 晕倒 倒下 倒闭,停业 倒 倒下 晕倒 破产 倒闭,倒闭 倒下 破产 停业 晕倒 倒
555,14,0.4095077142797686,-0.051332169265682244,0.7142857142857143,毁坏 毁 摧毁 烧毁 毁灭 损坏 倒塌 消灭 灭 重创 坏 损,斩草除根 重创 损 坏 消灭 废墟 倒塌 损坏,重创 坏 灭 损 毁 斩草除根 废墟 毁坏 摧毁 倒塌 毁灭 消灭,毁坏 毁 摧毁 烧毁 毁灭 损坏 倒塌 消灭 灭 重创 坏 损 斩草除根 废墟
556,7,0.37114827279535045,-0.0410124077826909,0.7142857142857143,倒数 排名 排行榜 排 垫底 倒计时 计时,倒计时 计时 垫底 排 排行榜 排名 倒数,倒计时 排 倒数 计时 排行榜 排名 垫底,倒数 排名 排行榜 排 垫底 倒计时 计时
557,18,0.424445582729288,0.007258868886533216,0.4444444444444444,转弯 拐弯 车速 行驶 刹车 超车 减速 急转弯 倒车 超速 追尾 掉头,拐 弯 通行 追尾 方向盘 绕行 刹车 掉头,绕行 掉头 弯 通行 追尾 拐 方向盘 车速 超车 超速 时速 减速,转弯 拐弯 车速 行驶 刹车 超车 减速 急转弯 倒车 超速 追尾 掉头 时速 方向盘 绕行 弯 拐 通行
558,12,0.451507748508057,0.005336918359564224,0.3333333333333333,暴躁 脾气 盛气凌人 小气 目中无人 大大咧咧 倔 娇气 发怒 发火 见钱眼开 有口无心,见钱眼开 有口无心 娇气 发火 盛气凌人 发怒 倔 大大咧咧,盛气凌人 倔 有口无心 见钱眼开 发怒 发火 脾气 小气 暴躁 大大咧咧 娇气 目中无人,暴躁 脾气 盛气凌人 小气 目中无人 大大咧咧 倔 娇气 发怒 发火 见钱眼开 有口无心
559,4,0.5185101345801322,0.1729716409823034,0.0,辩解 辩护 借口 理由,借口 理由 辩护 辩解,借口 辩护 理由 辩解,辩解 辩护 借口 理由
560,8,0.4170509249768349,0.01259434933920783,0.5,宣扬 提倡 倡导 崇尚 标榜 讲究 散布 散发,散发 标榜 散布 讲究 倡导 崇尚 宣扬 提倡,标榜 崇尚 宣扬 提倡 倡导 讲究 散发 散布,宣扬 提倡 倡导 崇尚 标榜 讲究 散布 散发
561,6,0.43771681750518876,0.0363420949757551,0.3333333333333333,倡议 建议 呼吁 提议 号召 推荐,推荐 号召 倡议 呼吁 提议 建议,呼吁 建议 倡议 提议 推荐 号召,倡议 建议 呼吁 提议 号召 推荐
562,1,,0.0,0.0,债,债,债,债
563,10,0.36561033442564106,-0.08769663947500586,0.8,归还 退回 返还 偿还 收回 还款 退 撤 撤离 债务,债务 还款 退 撤离 撤 偿还 返还 收回,撤离 偿还 撤 收回 还款 债务 退 退回 返还 归还,归还 退回 返还 偿还 收回 还款 退 撤 撤离 债务
564,1,,0.0,0.0,值,值,值,值
565,1,,0.0,0.0,值得,值得,值得,值得
566,4,0.5287977529485016,0.16235870680655873,0.0,偏向 倾向 转向 重心,重心 转向 倾向 偏向,重心 偏向 倾向 转向,偏向 倾向 转向 重心
567,1,,0.0,0.0,倾斜,倾斜,倾斜,倾斜
568,6,0.5101773330144787,0.10946855380795728,0.16666666666666666,故意 有意 刻意 无意 存心 假装,假装 存心 刻意 有意 无意 故意,无意 有意 存心 故意 刻意 假装,故意 有意 刻意 无意 存心 假装
569,11,0.5033298215310658,0.1117444423440137,0.18181818181818182,差别 差异 差距 相差 悬殊 偏差 落差 差 反差 误差 区别,误差 区别 反差 偏差 落差 差 悬殊 差距,偏差 差 区别 误差 落差 反差 相差 悬殊 差别 差异 差距,差别 差异 差距 相差 悬殊 偏差 落差 差 反差 误差 区别
570,15,0.4306865385750024,0.041458321834652055,0.4,诀窍 秘诀 秘方 窍门 绝招 绝技 技巧 要领 偏方 心得 奥秘 高手,心得 手艺 高手 药方 奥秘 祖传 绝技 要领,祖传 绝技 绝招 偏方 诀窍 心得 技巧 药方 窍门 高手 秘方 秘诀,诀窍 秘诀 秘方 窍门 绝招 绝技 技巧 要领 偏方 心得 奥秘 高手 手艺 药方 祖传
571,2,0.5780845601365578,0.3225278714953267,0.0,梦 做梦,做梦 梦,梦 做梦,梦 做梦
572,11,0.44155773410941923,0.05220453384513426,0.18181818181818182,看法 观点 见解 想法 说法 结论 立场 态度 意见 做法 得出,得出 想法 态度 做法 结论 意见 说法 见解,看法 得出 立场 想法 观点 态度 说法 结论 做法 意见 见解,看法 观点 见解 想法 说法 结论 立场 态度 意见 做法 得出
573,11,0.39806053221994636,-0.04182696552577176,0.6363636363636364,商人 做生意 商贩 经商 商贾 小贩 谋生 打工 生意 官吏 官,官吏 打工 官 小贩 生意 经商 谋生 商贩,谋生 官 做生意 商人 小贩 官吏 生意 打工 经商 商贾 商贩,商人 做生意 商贩 经商 商贾 小贩 谋生 打工 生意 官吏 官
574,9,0.40064539812174593,-0.019925018323159117,0.3333333333333333,停车 停车位 停车场 停放 车位 停 停下 歇 放下,放下 歇 停下 车位 停放 停 停车场 停车,停下 停 停放 歇 放下 车位 停车位 停车场 停车,停车 停车位 停车场 停放 车位 停 停下 歇 放下
575,19,0.5063615939244193,0.1028002359570168,0.3157894736842105,船只 渔船 船 艘 军舰 船舶 船员 帆船 停泊 轮船 游船 航行,船长 海域 船桨 帆船 龙舟 渔民 船员 码头,帆船 海域 停泊 船舶 龙舟 潜艇 游船 船长 码头 轮船 船员 船只,船只 渔船 船 艘 军舰 船舶 船员 帆船 停泊 轮船 游船 航行 潜艇 船长 渔民 码头 海域 船桨 龙舟
576,12,0.3651334890035819,-0.07482663053980441,0.8333333333333334,限制 局限 限定 束缚 约束 拘束 制约 限于 停留 限 设定 滞留,设定 滞留 停留 限 限于 拘束 束缚 约束,停留 约束 束缚 制约 局限 限 滞留 限定 限制 限于 设定 拘束,限制 局限 限定 束缚 约束 拘束 制约 限于 停留 限 设定 滞留
577,6,0.5050666572039703,0.1288520447144221,0.16666666666666666,完善 完备 健全 完整 规范 完好,规范 完好 完整 健全 完备 完善,规范 完整 健全 完好 完备 完善,完善 完备 健全 完整 规范 完好
578,1,,0.0,0.0,健康,健康,健康,健康
579,8,0.4390622244291397,-0.0018512405013760733,0.375,减肥 健身 饮食 养生 美容 忌口 化妆 运动,忌口 养生 运动 饮食 化妆 健身 美容 减肥,运动 健身 饮食 化妆 美容 减肥 养生 忌口,减肥 健身 饮食 养生 美容 忌口 化妆 运动
580,10,0.4917007350530778,0.09773203474634504,0.1,影星 明星 巨星 歌星 球星 艺人 偶像 大腕儿 名人 外援,外援 偶像 艺人 大腕儿 名人 巨星 歌星 影星,艺人 球星 明星 偶像 巨星 影星 外援 大腕儿 歌星 名人,影星 明星 巨星 歌星 球星 艺人 偶像 大腕儿 名人 外援
581,11,0.5075644657066738,0.15179787658490104,0.18181818181818182,恰巧 刚好 碰巧 正好 恰好 凑巧 刚刚 刚 偶然 巧合 刚才,刚才 刚 巧合 刚刚 偶然 恰好 凑巧 碰巧,刚 恰巧 恰好 偶然 巧合 刚才 刚刚 刚好 碰巧 凑巧 正好,恰巧 刚好 碰巧 正好 恰好 凑巧 刚刚 刚 偶然 巧合 刚才
582,3,0.43397579242098017,0.04544580717370935,0.3333333333333333,后备 后备箱 储备,后备箱 储备 后备,后备 储备 后备箱,后备 后备箱 储备
583,1,,0.0,0.0,催眠,催眠,催眠,催眠
584,1,,0.0,0.0,傲,傲,傲,傲
585,1,,0.0,0.0,像样,像样,像样,像样
586,1,,0.0,0.0,僵,僵,僵,僵
587,16,0.42951371835745467,0.007263282654032672,0.5,状况 局面 境地 处境 情况 状态 情形 形势 境遇 现状 景象 现象,局势 境界 景象 僵局 现状 地步 形势 现象,境地 僵局 现状 状态 局面 地步 状况 处境 景象 形势 情况 情形,状况 局面 境地 处境 情况 状态 情形 形势 境遇 现状 景象 现象 地步 局势 境界 僵局
588,19,0.45504412716332004,0.03133675016165107,0.42105263157894735,安静 宁静 安逸 清静 安稳 平静 安宁 悠闲 寂静 安定 安心 踏实,富足 静 安心 僻静 沉默 怡然自得 心安理得 悠闲,悠闲 安静 安逸 宁静 僻静 寂静 静 安心 安宁 安定 平静 安稳,安静 宁静 安逸 清静 安稳 平静 安宁 悠闲 寂静 安定 安心 踏实 怡然自得 祥和 富足 僻静 心安理得 静 沉默
589,10,0.37000434421851797,-0.04731190885476515,0.7,根源 原因 因素 罪魁祸首 源泉 要素 导火索 源头 缘故 元素,元素 导火索 源头 缘故 要素 源泉 罪魁祸首 因素,根源 罪魁祸首 缘故 元素 因素 要素 原因 源泉 源头 导火索,根源 原因 因素 罪魁祸首 源泉 要素 导火索 源头 缘故 元素
590,1,,0.0,0.0,元老,元老,元老,元老
591,13,0.4514703519586404,0.0784131335677881,0.23076923076923078,议会 首相 内阁 议员 首脑 国会 总统 总理 元首 大臣 官员 联邦,高层 联邦 官员 大臣 元首 国会 议员 首脑,内阁 总理 总统 联邦 官员 国会 大臣 议员 议会 高层 首相 首脑,议会 首相 内阁 议员 首脑 国会 总统 总理 元首 大臣 官员 联邦 高层
592,15,0.39428179333761654,-0.03175018707990817,0.6,发电 电源 电池 电力 太阳能 电网 核能 充电 发电机 能源 充电器 核电站,核 风力 充电 充 充电器 能源 电力 电网,核能 充 太阳能 电力 核 电网 充电器 电源 电池 能源 风力 发电,发电 电源 电池 电力 太阳能 电网 核能 充电 发电机 能源 充电器 核电站 风力 充 核
593,8,0.41017895571572843,-0.021470604731068904,0.5,充足 充沛 旺盛 强劲 饱满 足够 充分 旺,旺 足够 充分 饱满 强劲 充足 旺盛 充沛,旺 旺盛 强劲 足够 充足 充沛 充分 饱满,充足 充沛 旺盛 强劲 饱满 足够 充分 旺
594,6,0.39592984386371316,-0.060420114285325156,0.8333333333333334,增添 充满 添 富有 注入 十足,十足 富有 注入 添 充满 增添,增添 添 充满 富有 十足 注入,增添 充满 添 富有 注入 十足
595,7,0.4751880514723939,0.10439433764524153,0.0,兆头 迹象 苗头 预兆 势头 趋势 预感,预感 势头 趋势 迹象 苗头 预兆 兆头,迹象 苗头 趋势 势头 预感 预兆 兆头,兆头 迹象 苗头 预兆 势头 趋势 预感
596,2,0.7085879677728892,0.5511318162631105,0.0,女士 先生,女士 先生,女士 先生,女士 先生
597,4,0.44954961392492016,0.0784939433874095,0.25,领先 领军 先锋 先进,先进 领军 先锋 领先,先锋 先进 领军 领先,领先 领军 先锋 先进
598,1,,0.0,0.0,光,光,光,光
599,3,0.5394742351063871,0.2173734381363928,0.0,光临 光顾 捧场,捧场 光顾 光临,光临 光顾 捧场,光临 光顾 捧场
600,13,0.4193447840445786,-0.02990341185848599,0.5384615384615384,光芒 闪烁 耀眼 照耀 光辉 光彩 明亮 火焰 闪 火花 辉煌 阳光,眨眼 火焰 辉煌 阳光 闪烁 光辉 耀眼 明亮,阳光 耀眼 光彩 闪烁 光芒 光辉 火花 明亮 闪 火焰 眨眼 照耀,光芒 闪烁 耀眼 照耀 光辉 光彩 明亮 火焰 闪 火花 辉煌 阳光 眨眼
601,3,0.5147274662685255,0.19497677364856672,0.0,曙光 光明 黎明,曙光 光明 黎明,光明 黎明 曙光,曙光 光明 黎明
602,8,0.37632502629889564,-0.06175736249523128,0.625,大公无私 顾全大局 无私 大局 光明磊落 公仆 全局 无偿,无偿 全局 公仆 光明磊落 无私 大局 顾全大局 大公无私,光明磊落 无私 无偿 大局 全局 大公无私 顾全大局 公仆,大公无私 顾全大局 无私 大局 光明磊落 公仆 全局 无偿
603,17,0.40983731918064875,0.018223312832951276,0.5294117647058824,奖项 奖 颁奖 获奖 荣获 评选 荣誉 称号 颁发 表彰 授予 勋章,光环 揭晓 头衔 表彰 评委 授予 颁发 入选,授予 勋章 颁奖 颁发 光环 入选 奖项 奖 头衔 揭晓 评委 称号,奖项 奖 颁奖 获奖 荣获 评选 荣誉 称号 颁发 表彰 授予 勋章 揭晓 头衔 评委 入选 光环
604,4,0.631033262043657,0.336829408039789,0.0,盗版 光盘 光碟 正版,正版 光盘 盗版 光碟,正版 光盘 光碟 盗版,盗版 光盘 光碟 正版
605,10,0.4866620530328735,0.07575281077074894,0.4,电灯 灯 灯泡 灯光 路灯 照明 开关 盏 电线 光线,光线 电线 开关 盏 灯光 灯 灯泡 路灯,光线 灯 盏 开关 照明 电灯 电线 灯泡 路灯 灯光,电灯 灯 灯泡 灯光 路灯 照明 开关 盏 电线 光线
606,16,0.3909154720782853,-0.035614644607868756,0.625,忍受 忍耐 容忍 原谅 饶恕 宽恕 忍 承受 受不了 包容 克制 折磨,放过 受不了 包容 接受 耐心 耐性 折磨 饶恕,忍 放过 忍受 包容 忍耐 克制 宽恕 原谅 受不了 折磨 耐性 耐心,忍受 忍耐 容忍 原谅 饶恕 宽恕 忍 承受 受不了 包容 克制 折磨 耐性 耐心 放过 接受
607,11,0.46172505603315717,0.061634236056943535,0.36363636363636365,消除 破除 解决 克服 缓解 破解 化解 摆脱 解除 打破 排除,解除 摆脱 化解 排除 缓解 解决 破解 克服,排除 缓解 解决 克服 消除 打破 破解 摆脱 破除 化解 解除,消除 破除 解决 克服 缓解 破解 化解 摆脱 解除 打破 排除
608,10,0.3750161103206766,-0.06181781760715207,0.6,变异 胚胎 基因 遗传 杂交 克隆 发育 卵 复制 变形,变形 卵 复制 发育 克隆 胚胎 杂交 变异,卵 克隆 遗传 发育 胚胎 杂交 变异 变形 基因 复制,变异 胚胎 基因 遗传 杂交 克隆 发育 卵 复制 变形
609,8,0.383664957556883,-0.02411062692585954,0.625,废除 取消 推翻 免除 撤销 否定 颠覆 免,免 否定 撤销 颠覆 推翻 免除 取消 废除,取消 免 否定 推翻 废除 免除 颠覆 撤销,废除 取消 推翻 免除 撤销 否定 颠覆 免
610,11,0.45769590143610783,0.07873278921110774,0.09090909090909091,礼品 礼物 送礼 贺卡 请柬 喜糖 红包 请帖 赠送 礼 免费,免费 请柬 赠送 红包 贺卡 礼 请帖 喜糖,礼 请帖 送礼 请柬 红包 赠送 礼物 礼品 贺卡 免费 喜糖,礼品 礼物 送礼 贺卡 请柬 喜糖 红包 请帖 赠送 礼 免费
611,3,0.5482080269484828,0.2466491555254011,0.0,承诺 诺言 兑现,兑现 承诺 诺言,诺言 承诺 兑现,承诺 诺言 兑现
612,5,0.42279393880371163,-0.025400122747976282,0.8,政党 社团 团体 领袖 党,领袖 团体 党 社团 政党,党 团体 领袖 政党 社团,政党 社团 团体 领袖 党
613,8,0.44429546365112704,0.012571142894271452,0.5,口袋 兜儿 钱包 手里 揣 零钱 兜 手头,兜 零钱 手头 揣 手里 钱包 兜儿 口袋,兜 钱包 揣 口袋 零钱 兜儿 手头 手里,口袋 兜儿 钱包 手里 揣 零钱 兜 手头
614,21,0.39936989859856525,-0.05284565554809147,0.6666666666666666,刻苦 钻研 学习 勤奋 用功 读书 求学 自学 攻读 学艺 好学 进修,奉献 精益求精 进修 勤工俭学 敬业 留学 废寝忘食 攻读,废寝忘食 学 刻苦 进修 敬业 用功 勤工俭学 精益求精 兢兢业业 奉献 读书 好学,刻苦 钻研 学习 勤奋 用功 读书 求学 自学 攻读 学艺 好学 进修 学 讲学 兢兢业业 废寝忘食 勤工俭学 敬业 精益求精 留学 奉献
615,6,0.5059240306196011,0.1465761020393592,0.16666666666666666,进入 步入 走进 进 入 踏上,踏上 进 走进 入 步入 进入,入 进入 步入 进 踏上 走进,进入 步入 走进 进 入 踏上
616,1,,0.0,0.0,入口,入口,入口,入口
617,3,0.4498901745159552,0.06858478797312222,0.3333333333333333,新手 新人 入门,入门 新人 新手,入门 新手 新人,新手 新人 入门
618,6,0.3385392515255873,-0.1247902062747876,0.8333333333333334,家庭 家用 全家 家境 大家庭 民用,民用 大家庭 全家 家境 家用 家庭,全家 大家庭 民用 家境 家庭 家用,家庭 家用 全家 家境 大家庭 民用
619,1,,0.0,0.0,全文,全文,全文,全文
620,4,0.5255433346808962,0.13202065845874245,0.25,全新 崭新 新 新款,新款 新 崭新 全新,新 新款 全新 崭新,全新 崭新 新 新款
621,8,0.3826645404773208,-0.05808805454041888,0.75,多方面 方方面面 全方位 方面 全面 领域 面面俱到 彻底,彻底 面面俱到 领域 全面 方方面面 全方位 方面 多方面,彻底 多方面 方面 全方位 领域 面面俱到 全面 方方面面,多方面 方方面面 全方位 方面 全面 领域 面面俱到 彻底
622,1,,0.0,0.0,全程,全程,全程,全程
623,1,,0.0,0.0,八卦,八卦,八卦,八卦
624,1,,0.0,0.0,公,公,公,公
625,4,0.418018343373958,-0.036242800026621086,0.5,微信 账号 公众 密码,公众 密码 微信 账号,密码 微信 公众 账号,微信 账号 公众 密码
626,1,,0.0,0.0,公元,公元,公元,公元
627,4,0.4286847771188152,-0.07623731935344864,0.75,公共场所 公共 公用 场所,场所 公用 公共 公共场所,公共场所 公共 场所 公用,公共场所 公共 公用 场所
628,22,0.45821467025593765,0.04729492310182406,0.3181818181818182,列车 火车 车票 慢车 车站 电车 卧铺 公共汽车 车厢 地铁 缆车 特快,门票 缆车 机票 售票 地铁 站台 晚点 车票,缆车 晚点 火车 地铁 快车 站台 退票 公共汽车 列车 车厢 票价 车站,列车 火车 车票 慢车 车站 电车 卧铺 公共汽车 车厢 地铁 缆车 特快 快车 售票 地铁站 票价 巴士 站台 晚点 退票 机票 门票
629,14,0.3787721580731339,-0.0432407944321041,0.6428571428571429,贪污 公款 腐败 贿赂 受贿 回扣 腐化 公费 官僚主义 公务 官僚 报销,腐蚀 自费 官僚 官僚主义 报销 公费 公务 腐化,贪污 腐化 官僚 贿赂 官僚主义 腐败 腐蚀 公费 受贿 自费 回扣 报销,贪污 公款 腐败 贿赂 受贿 回扣 腐化 公费 官僚主义 公务 官僚 报销 腐蚀 自费
630,28,0.43462163337666926,0.037151144715137106,0.35714285714285715,墓 墓地 坟墓 坟 墓碑 公墓 葬 祭奠 遗体 纪念碑 扫墓 葬礼,送别 送行 发掘 出土 缅怀 碑 棺材 遗物,尸体 墓地 坟 墓 葬礼 碑 烈士 棺材 纪念馆 陪葬 送别 瞻仰,墓 墓地 坟墓 坟 墓碑 公墓 葬 祭奠 遗体 纪念碑 扫墓 葬礼 悼念 遗物 烈士 瞻仰 纪念馆 追悼会 陪葬 碑 尸体 缅怀 遗址 棺材 送别 送行 出土 发掘
631,1,,0.0,0.0,公开,公开,公开,公开
632,10,0.394494533916391,-0.050537936347067845,0.7,方法 方式 手法 手段 招数 形式 模式 公式 法 招,公式 招 法 形式 模式 手段 招数 方式,招 法 模式 方式 方法 招数 形式 公式 手段 手法,方法 方式 手法 手段 招数 形式 模式 公式 法 招
633,2,0.5154695808975831,0.17215872295770518,0.0,公民 国民,国民 公民,国民 公民,公民 国民
634,1,,0.0,0.0,公益性,公益性,公益性,公益性
635,3,0.5690233577404857,0.2697521934393752,0.0,养老金 养老 公积金,公积金 养老 养老金,公积金 养老 养老金,养老金 养老 公积金
636,18,0.4533908126722909,0.015799187406476695,0.5555555555555556,协议 签订 签署 协定 协议书 订立 合同 条约 公约 达成 契约 签,签字 签约 达成 公约 签 约定 宣言 条款,签订 宣言 协议书 条约 条款 签字 签 签署 签约 契约 协议 约定,协议 签订 签署 协定 协议书 订立 合同 条约 公约 达成 契约 签 约定 条款 签约 签字 谅解 宣言
637,8,0.3994612325936995,-0.02220368304344495,0.625,理所当然 天经地义 顺理成章 轻而易举 当之无愧 理直气壮 无可厚非 公认,公认 理直气壮 轻而易举 当之无愧 无可厚非 顺理成章 天经地义 理所当然,轻而易举 理直气壮 公认 无可厚非 当之无愧 天经地义 理所当然 顺理成章,理所当然 天经地义 顺理成章 轻而易举 当之无愧 理直气壮 无可厚非 公认
638,17,0.43735802636959414,-0.008511810789793631,0.47058823529411764,公路 路段 高速公路 隧道 路面 通车 立交桥 铁路 道路 车道 线路 桥梁,路况 天桥 路线 桥 高铁 桥梁 铁路 道路,桥梁 高速公路 通车 隧道 桥 道路 车道 铁路 公路 线路 路面 高铁,公路 路段 高速公路 隧道 路面 通车 立交桥 铁路 道路 车道 线路 桥梁 路况 桥 高铁 天桥 路线
639,6,0.5261294106694815,0.21417408319322273,0.0,厘米 米 尺 毫米 寸 公里,公里 毫米 寸 尺 米 厘米,寸 尺 米 公里 毫米 厘米,厘米 米 尺 毫米 寸 公里
640,1,,0.0,0.0,共享,共享,共享,共享
641,5,0.566242615949953,0.2696316172372043,0.0,联手 携手 共同 联合 合作,合作 联合 共同 携手 联手,联手 共同 联合 携手 合作,联手 携手 共同 联合 合作
642,12,0.44805438795272506,0.04038145999437581,0.3333333333333333,难题 难点 困难 难关 瓶颈 困境 难处 障碍 困扰 难度 出难题 共性,出难题 难度 共性 困境 障碍 困扰 难处 困难,共性 困扰 困境 出难题 障碍 困难 瓶颈 难题 难关 难处 难度 难点,难题 难点 困难 难关 瓶颈 困境 难处 障碍 困扰 难度 出难题 共性
643,3,0.4590955647616233,0.0550407798941277,0.3333333333333333,反响 反应 共鸣,反应 共鸣 反响,反响 反应 共鸣,反响 反应 共鸣
644,11,0.37793954101825816,-0.062162813979643454,0.7272727272727273,关上 关闭 打开 大门 关掉 敞开 扇 闭 门 开放 退出,退出 扇 开放 门 打开 闭 大门 敞开,关上 关掉 扇 开放 敞开 门 闭 关闭 退出 大门 打开,关上 关闭 打开 大门 关掉 敞开 扇 闭 门 开放 退出
645,5,0.40644967086943284,0.03144742212974835,0.4,相关 有关 相应 对应 关于,对应 关于 相应 相关 有关,关于 对应 有关 相关 相应,相关 有关 相应 对应 关于
646,6,0.4492150494528767,0.05450668540445026,0.16666666666666666,危急 关头 千钧一发 危险 时刻 冒险,冒险 危险 时刻 危急 千钧一发 关头,时刻 关头 危急 危险 冒险 千钧一发,危急 关头 千钧一发 危险 时刻 冒险
647,6,0.45982551478621875,0.10165544701216879,0.0,联系 密切 紧密 关系 关联 联络,关联 联络 关系 紧密 联系 密切,密切 紧密 联络 联系 关系 关联,联系 密切 紧密 关系 关联 联络
648,1,,0.0,0.0,兴奋剂,兴奋剂,兴奋剂,兴奋剂
649,9,0.47347961350426193,0.07986259146131426,0.1111111111111111,兴旺 繁荣 昌盛 欣欣向荣 富强 蓬勃 复兴 振兴 朝气蓬勃,朝气蓬勃 蓬勃 富强 振兴 欣欣向荣 昌盛 繁荣 兴旺,蓬勃 昌盛 朝气蓬勃 兴旺 振兴 繁荣 富强 欣欣向荣 复兴,兴旺 繁荣 昌盛 欣欣向荣 富强 蓬勃 复兴 振兴 朝气蓬勃
650,7,0.43267660492102566,0.063299715149403,0.42857142857142855,热情 积极性 兴致 意愿 劲头 胃口 意向,劲头 意向 胃口 兴致 意愿 积极性 热情,热情 积极性 意向 意愿 劲头 胃口 兴致,热情 积极性 兴致 意愿 劲头 胃口 意向
651,7,0.4665162868990129,0.06310743742602375,0.2857142857142857,热潮 掀起 兴起 高潮 掀 潮 崛起,崛起 掀 高潮 潮 兴起 热潮 掀起,热潮 掀 潮 掀起 兴起 高潮 崛起,热潮 掀起 兴起 高潮 掀 潮 崛起
652,5,0.453795978615008,0.040580729118488625,0.4,满怀 兴高采烈 得意扬扬 怀着 大模大样,大模大样 得意扬扬 兴高采烈 怀着 满怀,大模大样 兴高采烈 得意扬扬 怀着 满怀,满怀 兴高采烈 得意扬扬 怀着 大模大样
653,19,0.4523397132091729,0.061791945915877264,0.3157894736842105,军官 空军 陆军 海军 部队 士兵 军队 军人 官兵 司令 将军 兵,军事 国防 飞行员 后勤 师长 兵 军人 战士,参谋 兵 飞行员 海军 空军 官兵 后勤 司令 将军 部队 军队 师长,军官 空军 陆军 海军 部队 士兵 军队 军人 官兵 司令 将军 兵 战士 参谋 军事 飞行员 后勤 师长 国防
654,6,0.4219079204251726,0.06506471293109382,0.16666666666666666,剩下 剩余 其余 剩 多余 其中,其中 剩 多余 其余 剩下 剩余,剩余 剩下 剩 多余 其余 其中,剩下 剩余 其余 剩 多余 其中
655,7,0.3831454609231785,-0.05335928583215575,0.7142857142857143,时期 期中 期间 期 阶段 时代 其间,其间 期间 阶段 时代 期 时期 期中,时期 期 期中 其间 期间 阶段 时代,时期 期中 期间 期 阶段 时代 其间
656,2,0.5136769251224598,0.09901261299563467,0.0,具体 详细,具体 详细,具体 详细,具体 详细
657,4,0.4553535784129569,-0.01389819862060556,0.5,勒 扎 塞 兹,塞 兹 扎 勒,兹 勒 塞 扎,勒 扎 塞 兹
658,19,0.39655684636957894,-0.04117570261394645,0.631578947368421,饲养 喂养 养 领养 收养 家禽 养殖 奶牛 抚养 牲畜 繁殖 宠物,孤儿 管教 养活 收留 水产品 赡养 养 饲料,养 收留 宠物 奶牛 饲料 饲养 牲畜 收养 水产品 繁殖 赡养 管教,饲养 喂养 养 领养 收养 家禽 养殖 奶牛 抚养 牲畜 繁殖 宠物 饲料 赡养 收留 养活 孤儿 水产品 管教
659,1,,0.0,0.0,兼容,兼容,兼容,兼容
660,1,,0.0,0.0,内向,内向,内向,内向
661,13,0.39078889896307173,-0.029214490300387405,0.5384615384615384,涵义 含义 内涵 渊源 由来 来历 意义 起源 益处 用处 发源地 内在,发源地 内容 用处 益处 内在 起源 意义 来历,意义 渊源 用处 涵义 益处 由来 内容 内在 发源地 内涵 来历 含义,涵义 含义 内涵 渊源 由来 来历 意义 起源 益处 用处 发源地 内在 内容
662,12,0.4286019338473857,-0.023101820830002968,0.6666666666666666,外国 国外 境外 海外 内地 外地 外资 外来 外企 大陆 境内 西方,西方 外企 大陆 外地 外资 境内 内地 外来,境外 境内 海外 国外 大陆 外资 外来 外企 内地 外国 外地 西方,外国 国外 境外 海外 内地 外地 外资 外来 外企 大陆 境内 西方
663,14,0.4707869746777088,0.039444790675627193,0.2857142857142857,硬盘 键盘 屏幕 鼠标 电脑 按键 显示器 笔记本 磁盘 打印机 内存 服务器,键 服务器 手机 电脑 打印机 磁盘 按键 笔记本,显示器 按键 键盘 服务器 打印机 硬盘 键 磁盘 内存 笔记本 鼠标 屏幕,硬盘 键盘 屏幕 鼠标 电脑 按键 显示器 笔记本 磁盘 打印机 内存 服务器 手机 键
664,11,0.4562398054101714,0.016339005473574843,0.45454545454545453,心里 心中 内心 心 心灵 心目 脑海 心眼儿 眼里 心肠 身心,身心 心肠 眼里 心 心眼儿 脑海 心灵 内心,眼里 心眼儿 心 心目 心灵 心中 内心 心肠 心里 脑海 身心,心里 心中 内心 心 心灵 心目 脑海 心眼儿 眼里 心肠 身心
665,3,0.6394131550132014,0.39399213773347325,0.0,内行 外行 行家,行家 外行 内行,内行 行家 外行,内行 外行 行家
666,8,0.38163433425204657,-0.05907746805604823,0.625,收集 采集 搜集 回收 征集 接收 采 再生,再生 采 回收 接收 征集 搜集 采集 收集,征集 采集 再生 收集 采 回收 搜集 接收,收集 采集 搜集 回收 征集 接收 采 再生
667,1,,0.0,0.0,再见,再见,再见,再见
668,1,,0.0,0.0,冒,冒,冒,冒
669,5,0.5312799474912627,0.1658262958334349,0.2,农场 牧场 庄园 果园 合作社,合作社 果园 庄园 牧场 农场,果园 牧场 合作社 庄园 农场,农场 牧场 庄园 果园 合作社
670,3,0.5549887417189999,0.20420892504656454,0.0,冤枉 冤 无辜,无辜 冤 冤枉,无辜 冤 冤枉,冤枉 冤 无辜
671,16,0.489321528323353,0.16212323774207396,0.125,冬季 夏季 春季 秋季 秋天 季节 夏天 冬天 春天 四季 时节 旺季,度 季度 旺季 时节 淡季 季 冬天 春天,季 度 冬季 冬天 四季 季节 旺季 时节 季度 淡季 春天 春季,冬季 夏季 春季 秋季 秋天 季节 夏天 冬天 春天 四季 时节 旺季 淡季 季 季度 度
672,8,0.44425847102116933,0.03425836682067643,0.375,雪 冰 冰雪 结冰 冻 霜 冰山 瑞雪,冰山 冻 瑞雪 结冰 霜 冰雪 雪 冰,冰雪 冰 冻 霜 雪 冰山 结冰 瑞雪,雪 冰 冰雪 结冰 冻 霜 冰山 瑞雪
673,13,0.457418553916003,0.08571245162743876,0.23076923076923078,洗衣机 冰箱 热水器 彩电 空调 电视机 电饭锅 微波炉 家电 电器 水槽 液晶,槽 液晶 水槽 家电 电器 电饭锅 电视机 空调,热水器 微波炉 彩电 电器 槽 洗衣机 空调 电饭锅 冰箱 水槽 家电 液晶,洗衣机 冰箱 热水器 彩电 空调 电视机 电饭锅 微波炉 家电 电器 水槽 液晶 槽
674,1,,0.0,0.0,冲,冲,冲,冲
675,7,0.446009943699223,0.039407433953093055,0.42857142857142855,撞击 冲撞 碰撞 摩擦 磨损 冲击 陨石,陨石 冲击 磨损 摩擦 冲撞 碰撞 撞击,撞击 冲击 冲撞 磨损 陨石 摩擦 碰撞,撞击 冲撞 碰撞 摩擦 磨损 冲击 陨石
676,1,,0.0,0.0,冲刺,冲刺,冲刺,冲刺
677,16,0.46629654887323385,0.0458646228051799,0.375,洗涤剂 沐浴露 肥皂 洗衣粉 牙膏 牙刷 洗 刷牙 洗澡 冲洗 药水 消毒,打扫 药水 酒精 刷牙 牙刷 消毒 洗 牙膏,洗 沐浴露 洗澡 冲洗 牙膏 洗衣粉 肥皂 刷牙 清洗 牙刷 药水 酒精,洗涤剂 沐浴露 肥皂 洗衣粉 牙膏 牙刷 洗 刷牙 洗澡 冲洗 药水 消毒 清洗 香水 酒精 打扫
678,27,0.43708785238541653,0.02186096157119966,0.3333333333333333,海岸 海面 海滩 海边 海滨 礁石 沙滩 海湾 岛屿 沿岸 大海 海洋,冲浪 水面 海 海水 海浪 半岛 海峡 运河,运河 岸 岛 海岸 海峡 海底 海 海湾 海滨 海滩 海浪 海洋,海岸 海面 海滩 海边 海滨 礁石 沙滩 海湾 岛屿 沿岸 大海 海洋 海浪 海水 岸上 水域 陆地 海底 水面 岸 岛 海峡 半岛 海 滨海 运河 冲浪
679,1,,0.0,0.0,决策,决策,决策,决策
680,7,0.37429451603043695,-0.07666810803879835,0.8571428571428571,气球 气泡 热气 热气球 冷气 风筝 泡沫,风筝 泡沫 冷气 热气球 气球 热气 气泡,气球 气泡 热气 热气球 泡沫 冷气 风筝,气球 气泡 热气 热气球 冷气 风筝 泡沫
681,31,0.47526075108069366,0.056628250334525315,0.25806451612903225,煮 炖 煎 开水 蒸 烫 拌 锅 凉水 熬 碗 煲,壶 碗 炒 糊 炸 烧 汤 盆,搅拌 勺 壶 碗 糊 熬 熏 煲 煮 煎 炸 炖,煮 炖 煎 开水 蒸 烫 拌 锅 凉水 熬 碗 煲 勺 淋 汤 搅拌 冷水 蘸 泡 热水 浸泡 烧 香油 糊 熏 加热 炸 炒 沏 盆 壶
682,1,,0.0,0.0,冻结,冻结,冻结,冻结
683,1,,0.0,0.0,净,净,净,净
684,9,0.381980798433861,-0.05436043225322909,0.6666666666666666,筛选 挑选 选 选用 选择 选拔 过滤 筛 净化,净化 选拔 筛 选择 选用 过滤 选 筛选,选用 选择 选拔 筛选 筛 净化 选 挑选 过滤,筛选 挑选 选 选用 选择 选拔 过滤 筛 净化
685,1,,0.0,0.0,准,准,准,准
686,6,0.39755671931819514,-0.03509431096312249,0.5,原则 准则 规则 标准 前提 背景,背景 标准 前提 准则 规则 原则,背景 准则 规则 原则 前提 标准,原则 准则 规则 标准 前提 背景
687,7,0.4251312265322091,0.0018252555490544406,0.42857142857142855,准备 筹备 筹划 酝酿 预备 打算 策划,打算 筹划 策划 预备 酝酿 筹备 准备,酝酿 策划 准备 打算 预备 筹备 筹划,准备 筹备 筹划 酝酿 预备 打算 策划
688,4,0.5134222166313088,0.16874662270088514,0.0,定时 按时 准时 定期,定期 定时 准时 按时,准时 定时 定期 按时,定时 按时 准时 定期
689,13,0.434915140113292,-0.0376857251224002,0.5384615384615384,准确 恰当 确切 精确 正确 贴切 确凿 可靠 妥当 详尽 可信 得当,详尽 得当 得力 正确 妥当 可信 可靠 确切,妥当 正确 详尽 得当 得力 恰当 确切 确凿 可信 准确 贴切 可靠,准确 恰当 确切 精确 正确 贴切 确凿 可靠 妥当 详尽 可信 得当 得力
690,14,0.4323077080588827,0.008045086552963047,0.5,舒服 爽 痛快 凉快 舒畅 过瘾 爽快 舒适 清凉 酣畅 美滋滋 好看,瘾 好看 透气 美滋滋 舒适 过瘾 酣畅 舒畅,爽快 舒畅 舒服 爽 瘾 酣畅 痛快 透气 清凉 好看 凉快 美滋滋,舒服 爽 痛快 凉快 舒畅 过瘾 爽快 舒适 清凉 酣畅 美滋滋 好看 透气 瘾
691,3,0.5761195630704813,0.2511925297728707,0.0,减 增 降,降 增 减,减 增 降,减 增 降
692,21,0.43983832153562313,0.008171022294321954,0.47619047619047616,工资 生活费 奖金 津贴 退休金 薪水 学费 补助 报酬 补贴 抚恤 奖学金,退休金 补偿 抚恤 年薪 减免 房租 报酬 奖励,补偿 补助 年薪 退休金 工资 零花钱 房租 奖金 薪水 抚养费 待遇 津贴,工资 生活费 奖金 津贴 退休金 薪水 学费 补助 报酬 补贴 抚恤 奖学金 待遇 房租 奖励 抚养费 零花钱 福利 年薪 补偿 减免
693,1,,0.0,0.0,减压,减压,减压,减压
694,6,0.42036216070966087,0.02669041976573419,0.5,总算 勉强 终于 才 凑合 凑,凑 才 凑合 终于 勉强 总算,凑 才 勉强 总算 凑合 终于,总算 勉强 终于 才 凑合 凑
695,9,0.49879521841166885,0.1479189080955271,0.0,汇聚 聚集 汇集 集结 凝聚 集合 聚 汇合 集中,集中 汇合 聚 集合 凝聚 汇集 汇聚 聚集,集中 汇集 集结 汇聚 汇合 凝聚 聚 聚集 集合,汇聚 聚集 汇集 集结 凝聚 集合 聚 汇合 集中
696,5,0.5057100966342508,0.20298087237701243,0.0,几率 成功率 概率 率 效率,效率 率 成功率 概率 几率,概率 率 效率 几率 成功率,几率 成功率 概率 率 效率
697,2,0.7177595778620118,0.5455123607536199,0.0,凡 凡是,凡是 凡,凡 凡是,凡 凡是
698,1,,0.0,0.0,凤凰,凤凰,凤凰,凤凰
699,1,,0.0,0.0,凯歌,凯歌,凯歌,凯歌
700,8,0.48873691117960594,0.07563376007443855,0.125,凹 凸 圆形 圆 扁 形 尖 翘,翘 扁 尖 凹 圆 形 凸 圆形,圆形 凹 凸 圆 尖 形 翘 扁,凹 凸 圆形 圆 扁 形 尖 翘
701,1,,0.0,0.0,出,出,出,出
702,8,0.4830331536676854,0.07472694434757118,0.0,逞能 出丑 出洋相 卖弄 耍 出风头 耍赖 炫耀,耍赖 炫耀 出风头 出洋相 出丑 卖弄 耍 逞能,耍赖 卖弄 出风头 逞能 耍 出丑 出洋相 炫耀,逞能 出丑 出洋相 卖弄 耍 出风头 耍赖 炫耀
703,6,0.5280190680094631,0.18459494551171654,0.3333333333333333,来源于 源于 出自 来自 出于 来源,来源 出于 出自 来自 源于 来源于,出自 来自 出于 源于 来源 来源于,来源于 源于 出自 来自 出于 来源
704,2,0.6540465884222582,0.4452627745614528,0.0,进出 出入,进出 出入,进出 出入,进出 出入
705,2,0.5529603611760386,0.27590693288525303,0.0,出示 出具,出具 出示,出具 出示,出示 出具
706,6,0.3904061341781484,0.003691870794523743,0.5,派遣 派出 出动 派 劳务 承包,承包 劳务 出动 派 派出 派遣,派 劳务 派遣 出动 承包 派出,派遣 派出 出动 派 劳务 承包
707,10,0.4639544325958727,0.1021447280399042,0.1,本意 初衷 目的 用意 出发点 意图 意思 动机 宗旨 出发,出发 动机 意思 宗旨 目的 意图 用意 出发点,宗旨 用意 意图 意思 本意 初衷 目的 出发 动机 出发点,本意 初衷 目的 用意 出发点 意图 意思 动机 宗旨 出发
708,10,0.38475166988242987,-0.025453680997461963,0.5,进出口 进口 出口 外贸 贸易 海关 经贸 经济 原装 国产,国产 经济 原装 经贸 海关 外贸 贸易 出口,海关 进口 经贸 贸易 国产 原装 出口 外贸 进出口 经济,进出口 进口 出口 外贸 贸易 海关 经贸 经济 原装 国产
709,9,0.41783457695609905,-0.01333600840978288,0.6666666666666666,收购 并购 重组 出售 购买 整合 合并 转让 购,转让 整合 购 购买 出售 合并 并购 重组,转让 重组 收购 并购 购 出售 购买 合并 整合,收购 并购 重组 出售 购买 整合 合并 转让 购
710,7,0.407096708399555,-0.0038974788420678996,0.42857142857142855,探亲 出差 出国 外出 团聚 出访 欢聚,欢聚 外出 出访 探亲 团聚 出国 出差,探亲 出访 欢聚 出国 出差 外出 团聚,探亲 出差 出国 外出 团聚 出访 欢聚
711,1,,0.0,0.0,出头,出头,出头,出头
712,4,0.39565316548702195,-0.07004079348763667,0.75,落后 淘汰 出局 滞后,滞后 出局 淘汰 落后,滞后 落后 出局 淘汰,落后 淘汰 出局 滞后
713,1,,0.0,0.0,出山,出山,出山,出山
714,7,0.42820667928439926,0.03930851236261101,0.42857142857142855,出生 祖籍 去世 逝世 出身 土生土长 生,土生土长 生 出身 去世 逝世 祖籍 出生,祖籍 生 逝世 出身 土生土长 去世 出生,出生 祖籍 去世 逝世 出身 土生土长 生
715,3,0.46007828437252324,0.06020088349993347,0.3333333333333333,出资 合资 拟,合资 拟 出资,拟 合资 出资,出资 合资 拟
716,17,0.4270019000600283,-0.008525165333263637,0.47058823529411764,逃 逃走 逃跑 躲避 逃亡 躲藏 躲 逃避 避难 投奔 脱身 避,脱身 窜 投降 奔 出走 回避 避难 投奔,奔 投降 窜 逃避 逃跑 逃走 脱身 逃亡 回避 出走 逃 避,逃 逃走 逃跑 躲避 逃亡 躲藏 躲 逃避 避难 投奔 脱身 避 出走 窜 奔 投降 回避
717,8,0.37203096516445694,-0.08166315283415068,0.75,路子 门路 出路 方针 途径 渠道 纲领 贯彻,渠道 贯彻 纲领 途径 路子 出路 门路 方针,门路 出路 方针 路子 纲领 途径 渠道 贯彻,路子 门路 出路 方针 途径 渠道 纲领 贯彻
718,3,0.5043338382127179,0.13732543918168208,0.0,演艺圈 出道 模特儿,模特儿 演艺圈 出道,模特儿 演艺圈 出道,演艺圈 出道 模特儿
719,10,0.43059011061340496,0.01811251249879861,0.3,帮忙 帮 好心 好心人 帮助 协助 热心 替 出面 好人,好人 出面 协助 替 帮助 热心 好心人 好心,帮 替 热心 出面 好心人 帮助 帮忙 好人 好心 协助,帮忙 帮 好心 好心人 帮助 协助 热心 替 出面 好人
720,6,0.40528764140293916,-0.04309790501675795,0.6666666666666666,刻 印 雕 凿 印章 墨,墨 凿 印章 雕 印 刻,凿 刻 印 墨 印章 雕,刻 印 雕 凿 印章 墨
721,31,0.44748370409473026,-0.011226347834469989,0.5161290322580645,棍子 钳子 叉子 剪子 梳子 刷子 筷子 铲子 剪刀 绳子 竹竿 棍,拐杖 根 盘子 扇子 杆 尺子 吸管 刀,叉子 脸盆 盒子 刀 瓶子 钉子 筷子 杆 根 棍 禅杖 绳子,棍子 钳子 叉子 剪子 梳子 刷子 筷子 铲子 剪刀 绳子 竹竿 棍 钩子 斧子 脸盆 钉子 扇子 瓶子 尺子 吸管 刀 禅杖 盖子 拐杖 螺丝 卡子 盘子 盒子 锤子 根 杆
722,1,,0.0,0.0,分,分,分,分
723,14,0.3743376805497084,-0.08115724992194506,0.8571428571428571,界定 划分 定义 界线 确定 判定 认定 界限 边界 分成 确认 分为,定 边界 分成 划 分为 确认 认定 界限,划分 划 定 确定 界限 判定 界线 边界 界定 确认 定义 分成,界定 划分 定义 界线 确定 判定 认定 界限 边界 分成 确认 分为 划 定
724,4,0.3984815030278124,-0.031725045130451525,0.75,切割 切 分割 激光,激光 分割 切 切割,切 激光 切割 分割,切割 切 分割 激光
725,7,0.33753443408126327,-0.09077242374442969,0.7142857142857143,违背 合乎 符合 背叛 合情合理 分裂 分化,分裂 分化 合情合理 背叛 符合 合乎 违背,背叛 分裂 合情合理 合乎 符合 分化 违背,违背 合乎 符合 背叛 合情合理 分裂 分化
726,11,0.3982478992935588,-0.02784464777506832,0.6363636363636364,精妙 巧妙 恰到好处 恰如其分 巧 妙 分寸 完美 别具匠心 火候 精彩,分寸 精彩 妙 别具匠心 火候 完美 巧 恰如其分,妙 巧 完美 巧妙 别具匠心 火候 恰到好处 恰如其分 分寸 精彩 精妙,精妙 巧妙 恰到好处 恰如其分 巧 妙 分寸 完美 别具匠心 火候 精彩
727,5,0.444067218506798,0.0020358614440931346,0.6,遍布 分布 覆盖 布满 分散,布满 分散 覆盖 分布 遍布,覆盖 遍布 分散 布满 分布,遍布 分布 覆盖 布满 分散
728,6,0.45292941674255194,0.05061364128090881,0.3333333333333333,隔开 分开 隔离 分离 隔 间隔,间隔 隔离 分离 分开 隔 隔开,间隔 隔 分离 分开 隔离 隔开,隔开 分开 隔离 分离 隔 间隔
729,12,0.4324305337816495,0.04695406686244149,0.3333333333333333,支出 开支 经费 开销 收支 费用 预算 赤字 负担 顺差 资金 分担,分担 资金 顺差 负担 收支 赤字 经费 费用,开销 赤字 顺差 开支 经费 收支 支出 负担 资金 分担 费用 预算,支出 开支 经费 开销 收支 费用 预算 赤字 负担 顺差 资金 分担
730,1,,0.0,0.0,分支,分支,分支,分支
731,1,,0.0,0.0,分明,分明,分明,分明
732,23,0.48347189144944885,0.050086489501252295,0.2608695652173913,肝脏 肝 血管 肺 胃 脾 肾 气管 心脏 动脉 肠 血液,咽 肠 腺 气管 细胞 食欲 痰 唾液,咽 气管 食欲 痰 细胞 器官 腺 脾 胃 肠 肾 肺,肝脏 肝 血管 肺 胃 脾 肾 气管 心脏 动脉 肠 血液 细胞 分泌 痰 器官 腺 唾液 神经 咽 血压 大脑 食欲
733,6,0.4670165532639615,0.11795187543746045,0.16666666666666666,类型 类 类别 种类 分类 型,型 分类 类 类别 种类 类型,型 类 种类 类型 类别 分类,类型 类 类别 种类 分类 型
734,1,,0.0,0.0,分红,分红,分红,分红
735,2,0.5648924699546533,0.27936256907825896,0.0,分组 抽签,分组 抽签,抽签 分组,分组 抽签
736,1,,0.0,0.0,分解,分解,分解,分解
737,9,0.493275567256661,0.12796362308887949,0.1111111111111111,辨别 分辨 辨认 区分 鉴别 识别 真假 混淆 颠倒,颠倒 识别 真假 混淆 辨认 区分 鉴别 辨别,辨认 区分 真假 颠倒 分辨 辨别 识别 鉴别 混淆,辨别 分辨 辨认 区分 鉴别 识别 真假 混淆 颠倒
738,1,,0.0,0.0,分配,分配,分配,分配
739,1,,0.0,0.0,分量,分量,分量,分量
740,18,0.42048699526658,0.02599101356483159,0.4444444444444444,爬山 登山 徒步 野炊 野营 探险 野餐 打猎 跑步 划船 野外 步行,夏令营 行走 户外 走路 划船 潜水 跑步 野餐,登山 野餐 步行 野营 潜水 夏令营 跑步 探险 户外 爬山 钓鱼 打猎,爬山 登山 徒步 野炊 野营 探险 野餐 打猎 跑步 划船 野外 步行 户外 潜水 钓鱼 行走 走路 夏令营
741,7,0.3761569831410783,-0.023971189668209655,0.5714285714285714,纪录 记录 创 刷新 历史 记载 融,融 记载 刷新 创 记录 历史 纪录,创 刷新 融 记录 记载 纪录 历史,纪录 记录 创 刷新 历史 记载 融
742,2,0.573661696883731,0.26472499640402813,0.0,创新 创业,创业 创新,创业 创新,创新 创业
743,6,0.3488937772996341,-0.05416282261375219,0.6666666666666666,后果 后遗症 副作用 结果 创伤 最终,最终 创伤 结果 副作用 后果 后遗症,后遗症 后果 副作用 创伤 结果 最终,后果 后遗症 副作用 结果 创伤 最终
744,8,0.43513940960187825,0.006328266945098245,0.625,设计师 设计 建筑师 创意 构思 灵感 工程师 原创,原创 灵感 创意 构思 工程师 建筑师 设计 设计师,工程师 灵感 原创 建筑师 创意 设计 构思 设计师,设计师 设计 建筑师 创意 构思 灵感 工程师 原创
745,13,0.44926850534150264,0.04028264291848841,0.38461538461538464,构建 打造 营造 塑造 培育 树立 造就 搭建 培养 创造 形成 确立,孵化 形成 搭建 创造 确立 培养 树立 造就,培育 树立 打造 营造 确立 创造 培养 搭建 造就 形成 塑造 孵化,构建 打造 营造 塑造 培育 树立 造就 搭建 培养 创造 形成 确立 孵化
746,1,,0.0,0.0,初次,初次,初次,初次
747,11,0.416581993150083,-0.03591529833247318,0.6363636363636364,除去 去除 去掉 剔除 除 删除 清除 扣除 除了 还有 删,还有 删 除了 除 扣除 清除 删除 剔除,删 剔除 删除 扣除 还有 去掉 除 去除 清除 除去 除了,除去 去除 去掉 剔除 除 删除 清除 扣除 除了 还有 删
748,12,0.4377966082690966,-0.025454701236862384,0.5833333333333334,锯 剪 刨 割 剃 剥 削 铲 秃 撬 梳 刺,秃 刺 撬 削 梳 剥 剃 铲,刺 刨 削 剃 剪 剥 割 秃 撬 梳 锯 铲,锯 剪 刨 割 剃 剥 削 铲 秃 撬 梳 刺
749,1,,0.0,0.0,利,利,利,利
750,3,0.4867121672565884,0.15345974236439558,0.0,利害 得失 利益,利益 得失 利害,得失 利益 利害,利害 得失 利益
751,8,0.42963831676703407,0.0314800668476128,0.5,干净 整洁 洁净 整齐 脏 清洁 利索 臭,臭 利索 整齐 脏 清洁 洁净 整洁 干净,利索 清洁 洁净 臭 脏 整洁 干净 整齐,干净 整洁 洁净 整齐 脏 清洁 利索 臭
752,2,0.5617130768517923,0.22903490900276913,0.0,吹 刮,刮 吹,刮 吹,吹 刮
753,1,,0.0,0.0,到位,到位,到位,到位
754,6,0.4044687869495834,0.024433866400196787,0.5,本质 本身 归根到底 实质 自身 到头来,到头来 实质 自身 本质 归根到底 本身,归根到底 到头来 自身 本质 本身 实质,本质 本身 归根到底 实质 自身 到头来
755,5,0.4295843761672735,0.012447453011822313,0.4,期限 有效期 年限 日期 到期,年限 日期 到期 有效期 期限,日期 到期 有效期 期限 年限,期限 有效期 年限 日期 到期
756,4,0.5106832639219893,0.13543261231995535,0.0,制成 特制 制作 制,特制 制作 制 制成,制 制成 制作 特制,制成 特制 制作 制
757,9,0.36884328654043586,-0.05766257657965165,0.6666666666666666,工序 流程 工艺 步骤 环节 程序 加工 制品 步,步 制品 加工 工艺 程序 流程 步骤 环节,工艺 流程 步骤 环节 程序 步 加工 制品 工序,工序 流程 工艺 步骤 环节 程序 加工 制品 步
758,12,0.42754330751097247,0.01636641522373101,0.3333333333333333,防止 防范 遏制 预防 制止 杜绝 抑制 防 抵制 控制 防盗 防护,防护 防盗 控制 抵制 防 抑制 杜绝 防范,抑制 抵制 防止 防护 防盗 制止 防 防范 控制 遏制 杜绝 预防,防止 防范 遏制 预防 制止 杜绝 抑制 防 抵制 控制 防盗 防护
759,7,0.3674650361195603,-0.12201770188757091,0.8571428571428571,印刷 打印 包装 铸造 制造 标签 复印,复印 铸造 标签 包装 制造 打印 印刷,标签 制造 印刷 包装 打印 铸造 复印,印刷 打印 包装 铸造 制造 标签 复印
760,1,,0.0,0.0,刷,刷,刷,刷
761,1,,0.0,0.0,券,券,券,券
762,1,,0.0,0.0,刻舟求剑,刻舟求剑,刻舟求剑,刻舟求剑
763,4,0.44263056914041204,0.0601095017924143,0.25,前台 柜台 后台 网点,网点 后台 柜台 前台,网点 柜台 后台 前台,前台 柜台 后台 网点
764,1,,0.0,0.0,前后,前后,前后,前后
765,4,0.5914614153749008,0.33010280828354066,0.0,史无前例 前所未有 空前 前无古人,前无古人 空前 前所未有 史无前例,前无古人 前所未有 空前 史无前例,史无前例 前所未有 空前 前无古人
766,8,0.34340986681055974,-0.0792291872408601,0.75,潜力 前景 潜能 挖掘 潜在 前途 展望 挖,挖 展望 前途 潜在 挖掘 潜能 前景 潜力,潜力 潜在 挖 展望 潜能 挖掘 前景 前途,潜力 前景 潜能 挖掘 潜在 前途 展望 挖
767,2,0.5458871362694742,0.20060486873378952,0.0,尖端 前沿,前沿 尖端,尖端 前沿,尖端 前沿
768,2,0.8200359094416292,0.7102575403304676,0.0,后者 前者,后者 前者,前者 后者,后者 前者
769,9,0.4348119323386256,-0.014041384396712034,0.5555555555555556,向着 向前 朝着 迈进 前进 向 向上 朝 进步,进步 向 向上 迈进 朝 向前 前进 朝着,向 朝 进步 向着 向前 向上 迈进 朝着 前进,向着 向前 朝着 迈进 前进 向 向上 朝 进步
770,7,0.4152210447281282,-0.070105734881379,0.8571428571428571,剑 弓 琴 拳 弦 玉 斩,玉 弦 拳 斩 琴 弓 剑,剑 弦 弓 玉 琴 斩 拳,剑 弓 琴 拳 弦 玉 斩
771,5,0.44181530719945855,0.04680790503568556,0.4,猛烈 猛 剧烈 狠 强烈,狠 强烈 剧烈 猛 猛烈,猛 狠 强烈 剧烈 猛烈,猛烈 猛 剧烈 狠 强烈
772,1,,0.0,0.0,副,副,副,副
773,48,0.457892982722874,-0.06744012348801319,0.8125,踹 拧 拽 磕 搓 捅 摔 捏 揍 捶 砸 咬,踩 拧 蹬 爬 抡 搅 揍 蹭,劈 叼 咬 啃 碰 磕 砸 砍 爬 甩 摔 摸,踹 拧 拽 磕 搓 捅 摔 捏 揍 捶 砸 咬 蹦 蹬 踢 敲 掰 扔 擦 揪 扯 劈 抠 甩 叼 掐 搂 舔 扒 摸 拎 蹭 揉 撕 撞 抡 抖 砍 挠 碰 扳 爬 踩 啃 滚 跳 搅 摔倒
774,6,0.37336173029415237,-0.04976848655053229,0.5,力量 势力 能量 正能量 力 派别,派别 能量 势力 力 正能量 力量,力 正能量 力量 能量 势力 派别,力量 势力 能量 正能量 力 派别
775,13,0.4351252338389524,0.020389070595577742,0.46153846153846156,忙碌 辛苦 劳累 操劳 忙 奔波 繁忙 精疲力竭 吃力 累 费劲 辛勤,力不从心 费劲 精疲力竭 忙 辛勤 吃力 累 操劳,忙 累 操劳 力不从心 劳累 繁忙 精疲力竭 辛勤 辛苦 忙碌 费劲 奔波,忙碌 辛苦 劳累 操劳 忙 奔波 繁忙 精疲力竭 吃力 累 费劲 辛勤 力不从心
776,4,0.4579134952890909,0.044908770436898275,0.25,大幅度 幅度 力度 大大,力度 大大 大幅度 幅度,大幅度 大大 幅度 力度,大幅度 幅度 力度 大大
777,1,,0.0,0.0,力所能及,力所能及,力所能及,力所能及
778,7,0.38678913234428774,-0.06959030732108544,0.8571428571428571,拒绝 推辞 答应 照办 无理 办不到 无故,办不到 无故 照办 无理 拒绝 答应 推辞,无故 无理 照办 答应 拒绝 办不到 推辞,拒绝 推辞 答应 照办 无理 办不到 无故
779,1,,0.0,0.0,办事,办事,办事,办事
780,4,0.3923685587980919,0.04028184054787538,0.5,办公 商务 商业 办公室,办公室 商业 办公 商务,办公 办公室 商务 商业,办公 商务 商业 办公室
781,16,0.408305458116534,-0.009143110115258596,0.5625,审查 审核 审批 评审 验收 审定 评定 评估 批准 登记 受理 审,评判 审 办理 手续 评价 登记 批准 评估,审 办理 登记 审定 审查 审批 审核 验收 评价 评估 批准 评判,审查 审核 审批 评审 验收 审定 评定 评估 批准 登记 受理 审 办理 手续 评判 评价
782,4,0.49399925558137253,0.08253267398336567,0.0,功臣 功劳 立功 功,立功 功 功臣 功劳,功 功劳 立功 功臣,功臣 功劳 立功 功
783,8,0.33998602868705463,-0.1073954806477416,0.75,功率 马力 输出 匹 容量 频率 输入 骏马,骏马 频率 匹 容量 输入 马力 输出 功率,功率 匹 频率 容量 骏马 马力 输出 输入,功率 马力 输出 匹 容量 频率 输入 骏马
784,9,0.39273492384633,-0.019088813254904965,0.6666666666666666,特性 功能 属性 性能 特征 性 性质 多功能 多媒体,多媒体 多功能 性质 性能 性 特征 功能 属性,性质 性能 性 功能 属性 多功能 特征 特性 多媒体,特性 功能 属性 性能 特征 性 性质 多功能 多媒体
785,9,0.35490731367525746,-0.09835209738367973,1.0,加入 引入 投身 参与 参加 投入 添加 引进 加,加 投身 引进 添加 投入 参加 加入 引入,引进 投身 加 参加 参与 添加 加入 投入 引入,加入 引入 投身 参与 参加 投入 添加 引进 加
786,11,0.4417191590028358,0.08367285988800295,0.18181818181818182,对于 鉴于 针对 由于 基于 得益于 随着 面对 对 加上 面向,面向 得益于 面对 加上 基于 对 随着 对于,基于 对于 对 得益于 面向 面对 加上 由于 随着 鉴于 针对,对于 鉴于 针对 由于 基于 得益于 随着 面对 对 加上 面向
787,1,,0.0,0.0,加盟,加盟,加盟,加盟
788,3,0.57116980872772,0.29125223659816685,0.0,正在 正 加紧,加紧 正 正在,正 加紧 正在,正在 正 加紧
789,10,0.4252276458245881,0.002804686618289194,0.4,快速 速度 飞速 加速 缓慢 提速 高速 慢 快 飞跃,飞跃 慢 快 提速 飞速 高速 快速 加速,加速 快 慢 速度 快速 飞速 飞跃 高速 缓慢 提速,快速 速度 飞速 加速 缓慢 提速 高速 慢 快 飞跃
790,13,0.4736467749836626,0.11573645995796758,0.15384615384615385,必须 须 需要 要 应 应当 需 务必 必需 应该 必要 必,急需 必 应该 需 必要 必需 需要 要,必要 必需 必须 务必 应 必 需要 应该 急需 应当 须 需,必须 须 需要 要 应 应当 需 务必 必需 应该 必要 必 急需
791,1,,0.0,0.0,动,动,动,动
792,5,0.37846867038530674,-0.07440841960638497,0.8,手势 助手 语音 帮手 动作,动作 帮手 语音 助手 手势,语音 帮手 助手 手势 动作,手势 助手 语音 帮手 动作
793,6,0.3915398400134871,-0.06918812650122744,0.8333333333333334,去向 流向 动向 去处 流入 归宿,归宿 流入 去处 动向 流向 去向,流入 流向 去向 去处 动向 归宿,去向 流向 动向 去处 流入 归宿
794,5,0.3982883271642045,-0.05184198428118766,0.8,发动 发起 动员 调动 发起人,发起人 动员 调动 发起 发动,发动 发起人 发起 动员 调动,发动 发起 动员 调动 发起人
795,1,,0.0,0.0,动态,动态,动态,动态
796,8,0.38950396474684446,-0.05409152656242079,0.75,线条 动感 轮廓 流畅 棱角 感 曲线 自如,曲线 自如 棱角 流畅 感 动感 轮廓 线条,流畅 感 轮廓 曲线 线条 动感 自如 棱角,线条 动感 轮廓 流畅 棱角 感 曲线 自如
797,1,,0.0,0.0,动摇,动摇,动摇,动摇
798,1,,0.0,0.0,动静,动静,动静,动静
799,2,0.5404172590681264,0.2102461653972443,0.0,浩劫 劫,浩劫 劫,劫 浩劫,浩劫 劫
800,11,0.43842596563160185,0.023264671079672315,0.45454545454545453,感人 扣人心弦 惊心动魄 引人入胜 生动 耐人寻味 可歌可泣 逼真 感染力 触目惊心 励志,励志 感染力 触目惊心 可歌可泣 逼真 耐人寻味 生动 引人入胜,励志 耐人寻味 惊心动魄 扣人心弦 感染力 生动 触目惊心 可歌可泣 引人入胜 逼真 感人,感人 扣人心弦 惊心动魄 引人入胜 生动 耐人寻味 可歌可泣 逼真 感染力 触目惊心 励志
801,1,,0.0,0.0,势不可当,势不可当,势不可当,势不可当
802,10,0.40699454335197643,-0.05030591956636171,0.6,敢于 敢 勇于 胆子 大胆 善于 竟敢 忍心 胆 善,善 忍心 竟敢 胆 胆子 善于 勇于 敢,胆子 善 忍心 敢 善于 勇于 敢于 胆 大胆 竟敢,敢于 敢 勇于 胆子 大胆 善于 竟敢 忍心 胆 善
803,9,0.5058470487721466,0.15635295529557583,0.1111111111111111,开采 矿 采矿 煤矿 勘探 煤炭 石油 矿藏 煤,矿藏 煤 石油 矿 煤炭 采矿 勘探 煤矿,开采 煤 矿 勘探 采矿 矿藏 石油 煤炭 煤矿,开采 矿 采矿 煤矿 勘探 煤炭 石油 矿藏 煤
804,2,0.5431353173931475,0.13957498370746502,0.0,钩 勾,勾 钩,勾 钩,钩 勾
805,19,0.43002916432838884,-0.00030159971086071165,0.5263157894736842,叙述 阐述 概括 论述 描绘 描述 讲述 描写 表述 归纳 勾画 总结,简要 归结 故事 归纳 讲 总结 歌颂 篇幅,叙述 概括 总结 勾画 描述 讲述 故事 讲 论述 篇幅 简要 阐述,叙述 阐述 概括 论述 描绘 描述 讲述 描写 表述 归纳 勾画 总结 讲 歌颂 陈述 简要 篇幅 故事 归结
806,12,0.4013426812611141,-0.032300821092482494,0.5833333333333334,引诱 拉拢 收买 招揽 鼓动 诱饵 说服 诱惑 吸引 勾结 纵容 招募,招募 吸引 勾结 说服 纵容 诱饵 鼓动 诱惑,诱惑 引诱 纵容 吸引 收买 勾结 鼓动 说服 拉拢 诱饵 招揽 招募,引诱 拉拢 收买 招揽 鼓动 诱饵 说服 诱惑 吸引 勾结 纵容 招募
807,10,0.4291937487478554,0.03094828439632492,0.5,箱 袋 盒 筐 包 罐 捆 包裹 缸 舱,缸 捆 包裹 舱 包 筐 罐 盒,包 箱 筐 缸 罐 盒 捆 包裹 舱 袋,箱 袋 盒 筐 包 罐 捆 包裹 缸 舱
808,8,0.48413563450386876,0.14596201468801284,0.125,涉及 牵涉 包含 涵盖 包括 牵扯 波及 在内,在内 波及 包含 牵扯 包括 涵盖 牵涉 涉及,牵涉 牵扯 包括 包含 波及 涵盖 涉及 在内,涉及 牵涉 包含 涵盖 包括 牵扯 波及 在内
809,6,0.38688261367515153,-0.08326085864701367,1.0,包围 环绕 封锁 围 绕 封闭,封闭 环绕 围 绕 封锁 包围,围 绕 包围 封闭 封锁 环绕,包围 环绕 封锁 围 绕 封闭
810,7,0.45973518117065076,0.01907421112214421,0.42857142857142855,包扎 缝合 绷带 止血 愈合 胶带 输血,输血 胶带 愈合 缝合 止血 绷带 包扎,包扎 输血 愈合 胶带 绷带 缝合 止血,包扎 缝合 绷带 止血 愈合 胶带 输血
811,1,,0.0,0.0,包袱,包袱,包袱,包袱
812,1,,0.0,0.0,化,化,化,化
813,3,0.4582236759843556,0.1052678580419994,0.0,标本 样本 化石,样本 化石 标本,标本 化石 样本,标本 样本 化石
814,10,0.3828792905890776,-0.06725560087345057,0.7,化纤 塑料 尼龙 纺织 纱 橡胶 织 塑料袋 染 易拉罐,染 橡胶 织 易拉罐 纱 塑料 塑料袋 尼龙,纺织 纱 织 染 塑料 化纤 塑料袋 易拉罐 尼龙 橡胶,化纤 塑料 尼龙 纺织 纱 橡胶 织 塑料袋 染 易拉罐
815,1,,0.0,0.0,化身,化身,化身,化身
816,1,,0.0,0.0,化险为夷,化险为夷,化险为夷,化险为夷
817,1,,0.0,0.0,北京,北京,北京,北京
818,2,0.7238286091626878,0.5388215929685265,0.0,南极 北极,南极 北极,南极 北极,南极 北极
819,1,,0.0,0.0,匹配,匹配,匹配,匹配
820,4,0.5218536915265238,0.15703471627352944,0.0,医务 卫生 防疫 医疗,医疗 防疫 医务 卫生,防疫 医务 医疗 卫生,医务 卫生 防疫 医疗
821,1,,0.0,0.0,匿名,匿名,匿名,匿名
822,1,,0.0,0.0,千军万马,千军万马,千军万马,千军万马
823,10,0.3881622959335366,-0.07926990798330526,0.8,变革 转型 转变 升级 转换 革新 改革 转化 变换 改革开放,变换 转化 改革开放 革新 转换 改革 升级 变革,升级 革新 转换 转化 转变 转型 变革 改革开放 变换 改革,变革 转型 转变 升级 转换 革新 改革 转化 变换 改革开放
824,9,0.47731029686246934,0.0844954360306448,0.2222222222222222,球 犯规 半场 皮球 得手 比分 得分 禁区 解围,禁区 得分 解围 比分 皮球 得手 球 犯规,禁区 得手 得分 球 解围 犯规 比分 半场 皮球,球 犯规 半场 皮球 得手 比分 得分 禁区 解围
825,1,,0.0,0.0,半真半假,半真半假,半真半假,半真半假
826,1,,0.0,0.0,半边天,半边天,半边天,半边天
827,3,0.4989329876565851,0.07426830480322999,0.0,走弯路 碰钉子 半途而废,碰钉子 半途而废 走弯路,半途而废 碰钉子 走弯路,走弯路 碰钉子 半途而废
828,2,0.5066010328168948,0.13770337967271834,0.0,空 单,空 单,单 空,空 单
829,11,0.3811700525658196,-0.04143532175777535,0.6363636363636364,陈旧 简陋 破旧 简单 单纯 笨重 单一 简易 纯粹 旧 纯,旧 纯 纯粹 简单 单一 笨重 简易 陈旧,简单 纯粹 简易 笨重 纯 陈旧 旧 破旧 简陋 单纯 单一,陈旧 简陋 破旧 简单 单纯 笨重 单一 简易 纯粹 旧 纯
830,4,0.4499970544698742,0.05118507848110345,0.25,机关 部门 单位 行政,行政 单位 部门 机关,机关 行政 部门 单位,机关 部门 单位 行政
831,1,,0.0,0.0,单元,单元,单元,单元
832,8,0.41072108709976135,-0.035065776722483066,0.625,笼统 片面 含糊 生硬 抽象 模糊 深奥 单方面,单方面 深奥 含糊 生硬 模糊 抽象 片面 笼统,笼统 模糊 生硬 单方面 深奥 片面 抽象 含糊,笼统 片面 含糊 生硬 抽象 模糊 深奥 单方面
833,6,0.4127032555430474,-0.003987738561286665,0.5,脆弱 单薄 薄 虚弱 厚 敏感,虚弱 敏感 厚 薄 单薄 脆弱,厚 虚弱 单薄 脆弱 薄 敏感,脆弱 单薄 薄 虚弱 厚 敏感
834,3,0.5566061356870358,0.21745283372165458,0.0,双边 多边 单边,单边 多边 双边,单边 双边 多边,双边 多边 单边
835,9,0.40359697260965294,-0.05939143173647764,0.6666666666666666,评论 文章 博客 帖子 微博 留言 社论 评论员 官方,官方 评论员 微博 博客 留言 文章 社论 评论,评论员 博客 微博 官方 帖子 社论 文章 评论 留言,评论 文章 博客 帖子 微博 留言 社论 评论员 官方
836,11,0.4415933120673318,0.04071073652811538,0.2727272727272727,瓷器 藏品 瓷 收藏 文物 古董 陶瓷 珍藏 博物馆 花瓶 窑,窑 花瓶 陶瓷 瓷 文物 珍藏 古董 收藏,珍藏 瓷器 窑 瓷 花瓶 陶瓷 收藏 博物馆 文物 藏品 古董,瓷器 藏品 瓷 收藏 文物 古董 陶瓷 珍藏 博物馆 花瓶 窑
837,19,0.4772759232189946,0.08342998568990967,0.15789473684210525,播出 转播 电视台 节目 播放 重播 收看 直播 广播 卫视 电视 播,收视率 实况 演播室 电视 视频 频道 电台 直播,收视率 实况 重播 电视台 卫视 电台 播 收看 收听 演播室 转播 频道,播出 转播 电视台 节目 播放 重播 收看 直播 广播 卫视 电视 播 电台 频道 收听 收视率 视频 演播室 实况
838,3,0.6033002104155782,0.359004687740296,0.0,造纸术 印刷术 发明,发明 造纸术 印刷术,印刷术 发明 造纸术,造纸术 印刷术 发明
839,11,0.4291350882126617,0.021479821167823984,0.45454545454545453,回忆 回想 回味 往事 记忆 难忘 回首 回顾 时光 印象 纵观,纵观 印象 难忘 时光 回首 回顾 回想 回忆,时光 往事 纵观 回首 回顾 回忆 回味 印象 记忆 回想 难忘,回忆 回想 回味 往事 记忆 难忘 回首 回顾 时光 印象 纵观
840,1,,0.0,0.0,即,即,即,即
841,1,,0.0,0.0,卷,卷,卷,卷
842,8,0.45072944840275814,0.03120602650865037,0.375,拣 捡 拾 挑 摘 收拾 卸 挑起,挑起 卸 收拾 拾 挑 摘 拣 捡,卸 摘 拾 拣 捡 挑 收拾 挑起,拣 捡 拾 挑 摘 收拾 卸 挑起
843,2,0.5564803240451734,0.26694723246133695,0.0,届 历届,届 历届,届 历届,届 历届
844,12,0.45996395205273877,0.03614632109157035,0.3333333333333333,磨难 风风雨雨 历经 风雨 经历 经受 洗礼 波折 沧桑 岁月 考验 经过,经过 波折 岁月 考验 风雨 历经 沧桑 经受,历经 岁月 经过 波折 洗礼 风雨 考验 磨难 经受 经历 风风雨雨 沧桑,磨难 风风雨雨 历经 风雨 经历 经受 洗礼 波折 沧桑 岁月 考验 经过
845,7,0.3559746452540296,-0.11553154606650289,1.0,粉碎 碎 压 压倒 破碎 打倒 抛,抛 打倒 破碎 碎 压 压倒 粉碎,压 碎 抛 压倒 破碎 打倒 粉碎,粉碎 碎 压 压倒 破碎 打倒 抛
846,7,0.4251990127359923,0.041417869048984306,0.2857142857142857,压制 压力 阻力 施压 支撑 牵制 施加,牵制 施加 阻力 压力 支撑 施压 压制,牵制 压力 压制 施压 施加 支撑 阻力,压制 压力 阻力 施压 支撑 牵制 施加
847,4,0.42967002510399005,0.07017218657849442,0.25,压缩 精简 简化 挤压,挤压 简化 精简 压缩,简化 压缩 挤压 精简,压缩 精简 简化 挤压
848,2,0.5151111095812906,0.16907071863837614,0.0,原 标题,标题 原,原 标题,原 标题
849,1,,0.0,0.0,原地,原地,原地,原地
850,1,,0.0,0.0,原型,原型,原型,原型
851,1,,0.0,0.0,原始,原始,原始,原始
852,28,0.41089818232652175,-0.037813848529781764,0.5714285714285714,韵味 气息 浓郁 味道 味儿 醇厚 香味 气质 风情 气味 情调 芬芳,腥 原汁原味 形象 香 面貌 魅力 氛围 风范,情调 气味 气息 气氛 原汁原味 浓 韵味 浓重 浓郁 醇厚 香味 香,韵味 气息 浓郁 味道 味儿 醇厚 香味 气质 风情 气味 情调 芬芳 浓厚 风貌 滋味 魅力 浓重 氛围 风采 原汁原味 风范 风格 气氛 腥 浓 香 面貌 形象
853,8,0.3663257263662524,-0.10462667379468055,1.0,理论 原理 规律 学说 概论 轨迹 实践 轨道,轨道 实践 概论 轨迹 学说 理论 规律 原理,规律 原理 理论 轨迹 轨道 实践 学说 概论,理论 原理 规律 学说 概论 轨迹 实践 轨道
854,1,,0.0,0.0,参军,参军,参军,参军
855,4,0.5528553831368449,0.2951872420065371,0.0,简介 概况 目录 参见,参见 目录 概况 简介,简介 概况 参见 目录,简介 概况 目录 参见
856,1,,0.0,0.0,叉,叉,叉,叉
857,11,0.4736497917235584,0.03114301394568303,0.5454545454545454,尽早 及早 尽快 提早 早日 尽量 及时 抓紧 尽可能 提前 趁早,提前 抓紧 及时 趁早 尽可能 提早 尽量 早日,早日 趁早 提早 尽早 尽快 提前 及时 及早 抓紧 尽量 尽可能,尽早 及早 尽快 提早 早日 尽量 及时 抓紧 尽可能 提前 趁早
858,1,,0.0,0.0,双,双,双,双
859,1,,0.0,0.0,双向,双向,双向,双向
860,1,,0.0,0.0,双重,双重,双重,双重
861,1,,0.0,0.0,反,反,反,反
862,7,0.5415487988599269,0.1700828025746227,0.14285714285714285,进攻 反击 防守 攻击 攻 防御 战术,战术 防御 防守 反击 攻击 攻 进攻,攻 进攻 攻击 防御 防守 反击 战术,进攻 反击 防守 攻击 攻 防御 战术
863,3,0.4921068102628663,0.10650675601828331,0.0,反复 重复 翻来覆去,翻来覆去 重复 反复,重复 翻来覆去 反复,反复 重复 翻来覆去
864,13,0.4577606865727614,0.03749947551362597,0.3076923076923077,思考 反思 思索 审视 深思 反省 考量 权衡 正视 考虑 沉思 检讨,衡量 沉思 考虑 深思 正视 权衡 检讨 反省,衡量 思索 权衡 审视 沉思 思考 反思 反省 考虑 深思 检讨 考量,思考 反思 思索 审视 深思 反省 考量 权衡 正视 考虑 沉思 检讨 衡量
865,1,,0.0,0.0,反过来,反过来,反过来,反过来
866,7,0.3609552299655119,-0.09885701822898366,0.7142857142857143,报答 回馈 对得起 回报 辜负 看得起 反馈,看得起 反馈 辜负 回报 回馈 对得起 报答,辜负 看得起 回馈 对得起 报答 反馈 回报,报答 回馈 对得起 回报 辜负 看得起 反馈
867,1,,0.0,0.0,发,发,发,发
868,2,0.6331487920478422,0.32438974013195354,0.0,发光 荧光,发光 荧光,发光 荧光,发光 荧光
869,4,0.46544728983771994,0.1080392441916817,0.5,接到 收到 发出 接,发出 接 收到 接到,接 收到 发出 接到,接到 收到 发出 接
870,9,0.3997821465810597,-0.028990664184946852,0.5555555555555556,武器 核武器 导弹 武装 武力 发射 火箭 装备 暴力,装备 火箭 暴力 发射 武力 核武器 武装 导弹,武装 核武器 武器 武力 暴力 发射 导弹 火箭 装备,武器 核武器 导弹 武装 武力 发射 火箭 装备 暴力
871,5,0.3884945656401239,-0.03054402912876778,0.6,强大 壮大 坚强 后盾 发展,发展 坚强 后盾 强大 壮大,坚强 后盾 发展 强大 壮大,强大 壮大 坚强 后盾 发展
872,9,0.39040586259438,-0.011247206323806588,0.4444444444444444,座谈 座谈会 研讨 汇报 听取 发布会 征求 报告 新闻,新闻 报告 发布会 征求 汇报 研讨 听取 座谈,征求 座谈会 发布会 汇报 座谈 报告 听取 研讨 新闻,座谈 座谈会 研讨 汇报 听取 发布会 征求 报告 新闻
873,17,0.4700818939498563,0.015446916548519733,0.47058823529411764,吵架 胡闹 吵嘴 吵 唠叨 打岔 絮叨 发脾气 打架 说闲话 闹 胡思乱想,胡说 胡思乱想 发脾气 闹事 说闲话 说话 瞎 折腾,闹事 吵 瞎 唠叨 吵架 吵嘴 胡思乱想 胡闹 胡说 絮叨 闹 发脾气,吵架 胡闹 吵嘴 吵 唠叨 打岔 絮叨 发脾气 打架 说闲话 闹 胡思乱想 说话 闹事 瞎 胡说 折腾
874,10,0.4498724601425431,0.05246495010805452,0.3,演讲 发言 演说 讲话 谈话 致辞 辩论 访谈 嘉宾 辩,辩 嘉宾 访谈 辩论 谈话 致辞 演讲 发言,嘉宾 演说 演讲 致辞 讲话 辩 谈话 访谈 发言 辩论,演讲 发言 演说 讲话 谈话 致辞 辩论 访谈 嘉宾 辩
875,1,,0.0,0.0,发达,发达,发达,发达
876,2,0.5345876891805876,0.2027195949190051,0.0,发酵 酿造,发酵 酿造,酿造 发酵,发酵 酿造
877,1,,0.0,0.0,取,取,取,取
878,13,0.41015466016071034,0.004212779183775924,0.46153846153846156,获得 拿到 取得 获取 赢得 得到 拿走 拿 获 换取 拿出 收获,掏 换取 拿出 收获 拿 拿走 取得 获取,拿到 拿出 得到 拿 掏 收获 获 换取 获得 获取 拿走 赢得,获得 拿到 取得 获取 赢得 得到 拿走 拿 获 换取 拿出 收获 掏
879,1,,0.0,0.0,取经,取经,取经,取经
880,10,0.4433757140280864,0.05432562736941129,0.4,整治 治理 整顿 取缔 防治 根治 查处 清理 治 污染,清理 查处 污染 治 取缔 防治 整顿 根治,取缔 污染 治 根治 防治 清理 治理 查处 整治 整顿,整治 治理 整顿 取缔 防治 根治 查处 清理 治 污染
881,17,0.3691455393231188,-0.07194784534048407,0.7058823529411765,获胜 取胜 胜出 战胜 失利 败 打败 胜 胜利 胜负 失败 过关,脱颖而出 挫折 负 平 过关 胜利 征服 失败,获胜 征服 平 取胜 挫折 打败 失败 胜 败 负 脱颖而出 战胜,获胜 取胜 胜出 战胜 失利 败 打败 胜 胜利 胜负 失败 过关 挫折 脱颖而出 负 征服 平
882,9,0.480523558648527,0.15655524152973233,0.1111111111111111,受到 遭到 遭受 受 备受 深受 受过 被 遭殃,遭殃 被 受过 受 备受 深受 遭受 遭到,受 备受 深受 被 受过 受到 遭殃 遭到 遭受,受到 遭到 遭受 受 备受 深受 受过 被 遭殃
883,7,0.4140968503052963,0.0014334286969909763,0.5714285714285714,证人 物证 证据 受害人 当事人 受害 痕迹,痕迹 受害 当事人 受害人 证据 物证 证人,当事人 痕迹 受害人 证据 证人 受害 物证,证人 物证 证据 受害人 当事人 受害 痕迹
884,11,0.41972799683780243,-0.003267780889395407,0.36363636363636365,醒悟 觉醒 惊醒 醒来 苏醒 醒 清醒 觉悟 受惊 自觉 复活,自觉 复活 受惊 觉悟 醒 醒悟 醒来 清醒,觉悟 醒 苏醒 自觉 清醒 受惊 醒悟 醒来 觉醒 复活 惊醒,醒悟 觉醒 惊醒 醒来 苏醒 醒 清醒 觉悟 受惊 自觉 复活
885,20,0.46733585502646274,0.06650991917051081,0.45,旱灾 灾害 水灾 洪水 暴雨 干旱 涝 旱 灾 受灾 灾难 地震,台风 火灾 淹 雨水 灾区 海啸 特大 灾难,洪水 海啸 旱灾 灾 旱 淹 涝 台风 地震 风沙 灾害 灾区,旱灾 灾害 水灾 洪水 暴雨 干旱 涝 旱 灾 受灾 灾难 地震 海啸 台风 火灾 特大 风沙 淹 雨水 灾区
886,1,,0.0,0.0,受益,受益,受益,受益
887,19,0.40736793007789684,-0.011902755805148199,0.5263157894736842,艰辛 苦难 艰险 艰苦 辛酸 艰难 苦 酸甜苦辣 忍饥挨饿 受苦 风餐露宿 吃苦,惊险 漫长 饥饿 喜怒哀乐 荆棘 曲折 悲欢离合 苦,忍饥挨饿 苦难 艰辛 艰苦 艰险 艰难 曲折 漫长 酸甜苦辣 风餐露宿 辛酸 苦,艰辛 苦难 艰险 艰苦 辛酸 艰难 苦 酸甜苦辣 忍饥挨饿 受苦 风餐露宿 吃苦 曲折 悲欢离合 漫长 荆棘 惊险 喜怒哀乐 饥饿
888,1,,0.0,0.0,叠,叠,叠,叠
889,2,0.5327128779265291,0.22648707895577624,0.0,口 开口,开口 口,口 开口,口 开口
890,12,0.4005335289868337,0.02363272236280121,0.5,标语 张贴 告示 旗帜 锦旗 海报 国旗 口号 对联 启事 国徽 贴,贴 对联 旗帜 口号 海报 国徽 启事 锦旗,旗帜 启事 海报 标语 锦旗 国徽 国旗 张贴 贴 口号 告示 对联,标语 张贴 告示 旗帜 锦旗 海报 国旗 口号 对联 启事 国徽 贴
891,7,0.4542880097166009,0.019418118996941323,0.42857142857142855,渴 馋 饿 饱 困 贪 口吃,贪 口吃 困 饱 馋 渴 饿,困 渴 饱 饿 馋 贪 口吃,渴 馋 饿 饱 困 贪 口吃
892,4,0.44797321077137936,0.028298212380264334,0.5,窟窿 口子 池子 缺口,缺口 池子 口子 窟窿,池子 口子 缺口 窟窿,窟窿 口子 池子 缺口
893,1,,0.0,0.0,口径,口径,口径,口径
894,11,0.5216198290300905,0.18556327793209373,0.0,泪水 眼泪 泪 鼻涕 淌 鲜血 汗水 口水 血 流血 汗,汗 淌 流血 血 汗水 鼻涕 口水 泪,流血 泪水 汗 泪 淌 眼泪 血 口水 汗水 鲜血 鼻涕,泪水 眼泪 泪 鼻涕 淌 鲜血 汗水 口水 血 流血 汗
895,10,0.40151398749859263,0.016533700125678445,0.5,古代 近代 古典 现代 当代 古老 古 现代化 朝代 经典,经典 古老 古 朝代 现代化 当代 古典 近代,古 古典 古代 现代 现代化 当代 朝代 经典 古老 近代,古代 近代 古典 现代 当代 古老 古 现代化 朝代 经典
896,23,0.44259685353117423,0.0420423849038796,0.2608695652173913,汉字 词语 字母 词汇 读音 音节 句子 繁体字 词 符号 字 文字,成语 姓 字体 括弧 文字 记号 姓氏 地名,成语 读音 词汇 姓 字 句子 错别字 汉字 地名 姓氏 词 简体字,汉字 词语 字母 词汇 读音 音节 句子 繁体字 词 符号 字 文字 字体 简体字 地名 错别字 字眼 成语 姓氏 括号 记号 括弧 姓
897,24,0.4689746573701029,0.04077567451356574,0.4583333333333333,看见 碰见 见到 遇见 碰到 遇到 看到 碰上 遇上 听到 见过 望见,认得 遭遇 梦见 见 遇 望见 隐约 只见,看到 遇上 碰见 遇到 梦见 遭遇 想到 遇 听到 见 只见 路过,看见 碰见 见到 遇见 碰到 遇到 看到 碰上 遇上 听到 见过 望见 想起 想到 梦见 认出 听说 路过 认得 见 只见 遇 遭遇 隐约
898,8,0.4861881809383389,0.09440840534883242,0.375,名字 绰号 外号 称呼 名称 命名 叫 姓名,命名 姓名 叫 名称 称呼 名字 外号 绰号,叫 姓名 称呼 命名 外号 名称 绰号 名字,名字 绰号 外号 称呼 名称 命名 叫 姓名
899,2,0.5627975914362772,0.15410462812009207,0.0,可乘之机 钻空子,可乘之机 钻空子,可乘之机 钻空子,可乘之机 钻空子
900,1,,0.0,0.0,可疑,可疑,可疑,可疑
901,4,0.49642218847066344,0.17886013694946107,0.0,奏效 管用 见效 可行,可行 见效 管用 奏效,奏效 管用 见效 可行,奏效 管用 见效 可行
902,5,0.41769415956323996,-0.017839297297877543,0.4,巨大 大 庞大 可观 小,小 可观 大 巨大 庞大,大 小 庞大 巨大 可观,巨大 大 庞大 可观 小
903,1,,0.0,0.0,台,台,台,台
904,1,,0.0,0.0,台阶,台阶,台阶,台阶
905,2,0.9333816871768907,0.9003844461949461,0.0,右 左,右 左,右 左,右 左
906,31,0.4827200471535342,0.028789647650753904,0.3870967741935484,柳树 松树 桃树 柏树 树木 槐树 棵 树叶 树枝 树梢 叶子 杨树,碧绿 芽 朵 栽 果实 盛开 奇花异草 花瓣,树荫 叶子 树木 树林 树枝 树梢 桃树 朵 枝 树 栽 株,柳树 松树 桃树 柏树 树木 槐树 棵 树叶 树枝 树梢 叶子 杨树 茂密 树林 树 翠绿 株 果树 竹子 树荫 茂盛 枝 碧绿 茎 盛开 奇花异草 芽 花瓣 栽 果实 朵
907,1,,0.0,0.0,号,号,号,号
908,7,0.49080766619760724,0.12564671422513415,0.2857142857142857,少见 罕见 常见 难得一见 少有 司空见惯 常用,常用 少有 司空见惯 难得一见 常见 罕见 少见,少见 难得一见 罕见 司空见惯 常用 常见 少有,少见 罕见 常见 难得一见 少有 司空见惯 常用
909,6,0.3818172085865946,-0.08220958210090461,0.6666666666666666,各个 各 整个 各地 各自 整体,整体 整个 各地 各自 各个 各,各 各自 整体 整个 各个 各地,各个 各 整个 各地 各自 整体
910,1,,0.0,0.0,各奔前程,各奔前程,各奔前程,各奔前程
911,1,,0.0,0.0,合,合,合,合
912,1,,0.0,0.0,合伙,合伙,合伙,合伙
913,22,0.43485515118861423,0.009362495620527949,0.5,拍照 摄像 照片 镜头 相机 拍摄 相片 照相 摄影 摄像机 影像 摄影师,留念 照 合影 拍戏 视觉 图像 录像 焦距,拍照 图像 拍戏 拍摄 摄影师 摄像机 摄像 摄影 照 拍 照片 照相,拍照 摄像 照片 镜头 相机 拍摄 相片 照相 摄影 摄像机 影像 摄影师 拍 胶片 图像 录像 留念 焦距 照 合影 拍戏 视觉
914,2,0.6099354104271506,0.3204096897745554,0.0,生成 合成,生成 合成,生成 合成,生成 合成
915,4,0.4521587772095664,0.042066465890989196,0.25,达标 合格 超标 考核,考核 合格 超标 达标,超标 考核 合格 达标,达标 合格 超标 考核
916,11,0.4073656325111021,0.0031587347082673617,0.45454545454545453,适当 适宜 适度 合适 适量 适合 适时 合理 酌情 少量 适用,适用 少量 适时 合适 合理 适合 适度 酌情,少量 酌情 适量 合适 适时 适用 适当 适度 适宜 适合 合理,适当 适宜 适度 合适 适量 适合 适时 合理 酌情 少量 适用
917,1,,0.0,0.0,吉利,吉利,吉利,吉利
918,7,0.40636400219668933,-0.028024459876656607,0.5714285714285714,寓意 象征 吉祥 吉祥物 标志 标示 如意,标示 如意 吉祥物 吉祥 标志 象征 寓意,标志 寓意 如意 标示 象征 吉祥物 吉祥,寓意 象征 吉祥 吉祥物 标志 标示 如意
919,9,0.4440926193615881,-0.004077665284066044,0.4444444444444444,绑 挂 拴 吊 悬 钉 牵 悬挂 挽,钉 挽 牵 悬挂 悬 挂 吊 绑,吊 绑 牵 拴 挽 挂 悬 钉 悬挂,绑 挂 拴 吊 悬 钉 牵 悬挂 挽
920,8,0.448928208854646,0.04966649540003279,0.25,许可证 执照 吊销 证书 许可 牌照 认证 没收,没收 认证 证书 执照 牌照 吊销 许可 许可证,吊销 许可 没收 执照 许可证 牌照 证书 认证,许可证 执照 吊销 证书 许可 牌照 认证 没收
921,1,,0.0,0.0,同人,同人,同人,同人
922,1,,0.0,0.0,同年,同年,同年,同年
923,1,,0.0,0.0,同期,同期,同期,同期
924,1,,0.0,0.0,同步,同步,同步,同步
925,1,,0.0,0.0,同类,同类,同类,同类
926,1,,0.0,0.0,同行,同行,同行,同行
927,1,,0.0,0.0,名义,名义,名义,名义
928,6,0.42857048316185514,-0.007640961029985576,0.5,钱财 财物 财产 金钱 名利 资产,资产 名利 金钱 财产 财物 钱财,资产 财产 财物 钱财 金钱 名利,钱财 财物 财产 金钱 名利 资产
929,2,0.5211354137269202,0.15965873094074787,0.0,名单 清单,名单 清单,清单 名单,名单 清单
930,1,,0.0,0.0,名片,名片,名片,名片
931,5,0.4734076272419049,0.13450428444641843,0.0,昂贵 贵重 名贵 贵 高昂,高昂 名贵 贵 贵重 昂贵,名贵 贵 高昂 昂贵 贵重,昂贵 贵重 名贵 贵 高昂
932,10,0.471665759340117,0.08598229789833627,0.1,退让 屈服 退缩 妥协 退却 让步 顺从 后退 服从 听从,后退 听从 退却 退缩 服从 顺从 屈服 让步,妥协 屈服 顺从 听从 服从 退却 退缩 让步 退让 后退,退让 屈服 退缩 妥协 退却 让步 顺从 后退 服从 听从
933,14,0.46269494354475077,0.07287971990933687,0.21428571428571427,疑虑 担忧 忧虑 疑问 顾虑 怀疑 担心 质疑 猜测 揣测 疑点 悲观,悲观 疑点 后顾之忧 异议 担心 猜测 揣测 怀疑,质疑 猜测 后顾之忧 揣测 异议 忧虑 疑点 怀疑 顾虑 担心 担忧 疑问,疑虑 担忧 忧虑 疑问 顾虑 怀疑 担心 质疑 猜测 揣测 疑点 悲观 异议 后顾之忧
934,4,0.4849212898314274,0.1027789801819626,0.0,泻 吐 泄 吞,泄 吞 吐 泻,吐 吞 泄 泻,泻 吐 泄 吞
935,4,0.45232845329086135,0.06122693797470677,0.25,导游 旅行社 小费 向导,向导 小费 旅行社 导游,小费 向导 导游 旅行社,导游 旅行社 小费 向导
936,17,0.44135414408105245,0.0037270794268744484,0.47058823529411764,期盼 渴望 盼望 期望 愿望 期待 希望 奢望 梦想 盼 向往 指望,梦想 指望 野心 盼 抱负 理想 希望 向往,希望 盼望 渴望 盼 期待 期望 期盼 呼唤 呼声 向往 奢望 抱负,期盼 渴望 盼望 期望 愿望 期待 希望 奢望 梦想 盼 向往 指望 抱负 呼声 呼唤 野心 理想
937,11,0.4130760215858517,-0.06362914403570553,0.8181818181818182,喘 憋 晕 闷 胀 吓 呛 昏 醉 缓 喘息,喘息 醉 缓 胀 呛 吓 昏 憋,吓 呛 喘 缓 晕 昏 憋 醉 闷 胀 喘息,喘 憋 晕 闷 胀 吓 呛 昏 醉 缓 喘息
938,8,0.35829417404409475,-0.07906093892346092,0.75,接纳 吸纳 采纳 吸收 吸取 容纳 否决 教训,教训 否决 容纳 吸收 吸纳 吸取 接纳 采纳,否决 吸取 吸收 教训 吸纳 采纳 容纳 接纳,接纳 吸纳 采纳 吸收 吸取 容纳 否决 教训
939,14,0.45817919540313606,0.0648352956858788,0.2857142857142857,蛋白质 富含 含量 钙 脂肪 含有 营养 膳食 维生素 热量 纤维 水分,纤维 成分 含 营养 膳食 水分 维生素 含有,含有 脂肪 含量 营养 含 成分 维生素 钙 水分 热量 富含 膳食,蛋白质 富含 含量 钙 脂肪 含有 营养 膳食 维生素 热量 纤维 水分 成分 含
940,11,0.47295594907170874,0.09164780375246423,0.2727272727272727,实施 实行 推行 施行 开展 试行 推进 落实 采取 启动 执行,落实 启动 推进 开展 执行 采取 试行 施行,实施 启动 开展 试行 落实 采取 施行 执行 推进 推行 实行,实施 实行 推行 施行 开展 试行 推进 落实 采取 启动 执行
941,5,0.525132403060659,0.21584997486164048,0.0,启发 启示 鼓舞 启迪 鞭策,鞭策 启示 启迪 鼓舞 启发,启迪 启发 启示 鼓舞 鞭策,启发 启示 鼓舞 启迪 鞭策
942,1,,0.0,0.0,吸,吸,吸,吸
943,12,0.4233712994400558,-0.019727808407595755,0.6666666666666666,抽烟 吸烟 香烟 烟 酗酒 吸毒 戒烟 赌博 火柴 抽 赌 蜡烛,蜡烛 抽 赌 火柴 戒烟 赌博 酗酒 吸毒,抽烟 烟 抽 戒烟 吸毒 吸烟 蜡烛 香烟 赌 火柴 酗酒 赌博,抽烟 吸烟 香烟 烟 酗酒 吸毒 戒烟 赌博 火柴 抽 赌 蜡烛
944,12,0.44355560575056446,-0.00811845450235634,0.5833333333333334,谎话 谎言 骗人 撒谎 说谎 吹牛 编造 谣言 阴谋 废话 圈套 话,圈套 话 废话 吹牛 编造 谣言 阴谋 说谎,撒谎 吹牛 圈套 谎言 谎话 废话 话 谣言 骗人 说谎 编造 阴谋,谎话 谎言 骗人 撒谎 说谎 吹牛 编造 谣言 阴谋 废话 圈套 话
945,4,0.3971080996548897,-0.029867658307766654,0.5,告状 说情 走后门 告,走后门 告 说情 告状,告 走后门 说情 告状,告状 说情 走后门 告
946,2,0.5596814023525192,0.17766371052287938,0.0,诀别 告别,告别 诀别,诀别 告别,诀别 告别
947,2,0.5308259052998605,0.19386852472958555,0.0,周旋 纠缠,纠缠 周旋,周旋 纠缠,周旋 纠缠
948,1,,0.0,0.0,周期,周期,周期,周期
949,6,0.47488837106528575,0.08847224792631887,0.16666666666666666,衬托 烘托 点缀 画龙点睛 呼应 画蛇添足,画蛇添足 呼应 衬托 点缀 画龙点睛 烘托,画蛇添足 呼应 烘托 点缀 画龙点睛 衬托,衬托 烘托 点缀 画龙点睛 呼应 画蛇添足
950,1,,0.0,0.0,呼风唤雨,呼风唤雨,呼风唤雨,呼风唤雨
951,5,0.49392779189723524,0.1364353079459407,0.2,性命 生命 命 生死 生命线,生命线 生死 命 生命 性命,命 生命线 生死 生命 性命,性命 生命 命 生死 生命线
952,11,0.3935383179881467,-0.035695772531900295,0.5454545454545454,和睦 和谐 和平 和平共处 融洽 和解 团结 缓和 温和 文明 默契,默契 温和 缓和 文明 团结 和解 融洽 和平,和平共处 和谐 和解 和睦 团结 和平 默契 温和 融洽 文明 缓和,和睦 和谐 和平 和平共处 融洽 和解 团结 缓和 温和 文明 默契
953,2,0.5659510759376978,0.27987468241921215,0.0,和气 气,和气 气,气 和气,和气 气
954,2,0.5441617488745851,0.25407679765834784,0.0,咨询 顾问,咨询 顾问,顾问 咨询,咨询 顾问
955,1,,0.0,0.0,咸,咸,咸,咸
956,1,,0.0,0.0,咽喉,咽喉,咽喉,咽喉
957,1,,0.0,0.0,品,品,品,品
958,3,0.516451027581073,0.14298761740607613,0.0,品质 质量 品位,质量 品位 品质,品位 质量 品质,品质 质量 品位
959,1,,0.0,0.0,哄,哄,哄,哄
960,1,,0.0,0.0,响应,响应,响应,响应
961,2,0.5783394607275676,0.25833896531265066,0.0,哑 聋,哑 聋,哑 聋,哑 聋
962,8,0.520174711143767,0.2131472012395022,0.0,示威 游行 抗议 罢工 集会 骚乱 怠工 哗变,骚乱 哗变 集会 怠工 游行 抗议 罢工 示威,集会 罢工 示威 游行 抗议 哗变 骚乱 怠工,示威 游行 抗议 罢工 集会 骚乱 怠工 哗变
963,8,0.40231312579641954,-0.02376688673638807,0.75,震动 轰动 震撼 触动 哗然 打动 震 沸沸扬扬,沸沸扬扬 震 打动 哗然 触动 震撼 轰动 震动,触动 哗然 沸沸扬扬 轰动 震 打动 震动 震撼,震动 轰动 震撼 触动 哗然 打动 震 沸沸扬扬
964,4,0.5189052544930471,0.1426877397915876,0.25,孕育 蕴藏 蕴涵 哺育,哺育 蕴涵 孕育 蕴藏,蕴涵 哺育 蕴藏 孕育,孕育 蕴藏 蕴涵 哺育
965,2,0.5159226479166918,0.1721615868898721,0.0,唯独 唯,唯独 唯,唯 唯独,唯独 唯
966,1,,0.0,0.0,唯一,唯一,唯一,唯一
967,8,0.3873656638008308,-0.0654074758849775,0.75,物品 货物 商品 物资 行李 货 道具 大宗,道具 大宗 货 物资 行李 商品 物品 货物,物品 货物 商品 行李 大宗 货 道具 物资,物品 货物 商品 物资 行李 货 道具 大宗
968,1,,0.0,0.0,啦啦队,啦啦队,啦啦队,啦啦队
969,17,0.4172787303210619,-0.013924766063593845,0.4117647058823529,录音机 音响 收音机 铃声 电铃 闹钟 喇叭 门铃 音量 话筒 录音 耳机,音像 磁带 敲门 日历 铃 耳机 录音 话筒,录音机 喇叭 门铃 耳机 闹钟 敲门 音像 音响 铃 磁带 铃声 话筒,录音机 音响 收音机 铃声 电铃 闹钟 喇叭 门铃 音量 话筒 录音 耳机 磁带 铃 音像 敲门 日历
970,15,0.4734923151035167,0.06979253120799425,0.2,快乐 欢乐 幸福 愉快 开心 甜蜜 快活 欢快 喜悦 美满 无忧无虑 知足,感恩 轻松 无忧无虑 欢快 知足 开心 美满 喜悦,欢快 欢乐 幸福 快活 开心 快乐 甜蜜 美满 无忧无虑 温馨 轻松 愉快,快乐 欢乐 幸福 愉快 开心 甜蜜 快活 欢快 喜悦 美满 无忧无虑 知足 温馨 轻松 感恩
971,1,,0.0,0.0,喜洋洋,喜洋洋,喜洋洋,喜洋洋
972,10,0.4020514614617695,-0.03291432905347549,0.8,敬酒 请客 鞠躬 道歉 喜酒 认错 应酬 敬 让座 聚会,认错 聚会 让座 敬 应酬 道歉 请客 鞠躬,请客 聚会 敬 应酬 喜酒 鞠躬 认错 敬酒 道歉 让座,敬酒 请客 鞠躬 道歉 喜酒 认错 应酬 敬 让座 聚会
973,15,0.4048546259794328,-0.08004087922985237,0.8666666666666667,浇 洒 泼 沾 涂 喷 撒 溅 抹 掺 灌 敷,沾光 轰 泼冷水 灌 涂 溅 抹 泼,喷 灌 撒 敷 抹 掺 溅 泼 沾 浇 洒 涂,浇 洒 泼 沾 涂 喷 撒 溅 抹 掺 灌 敷 轰 泼冷水 沾光
974,6,0.4539451739239156,0.0918416401075061,0.16666666666666666,狂欢 狂欢节 疯狂 狂 疯 嘉年华,嘉年华 疯 狂欢节 疯狂 狂 狂欢,嘉年华 疯狂 狂 疯 狂欢节 狂欢,狂欢 狂欢节 疯狂 狂 疯 嘉年华
975,1,,0.0,0.0,四面八方,四面八方,四面八方,四面八方
976,19,0.38078634844349,-0.04081946710219214,0.6842105263157895,回答 解答 解释 提问 问 答复 询问 回应 答 回复 追问 答案,请问 答 打听 解说 讲解 解析 澄清 回应,询问 追问 请问 答 解答 答案 解析 澄清 答复 问 讲解 回应,回答 解答 解释 提问 问 答复 询问 回应 答 回复 追问 答案 讲解 解读 解析 解说 澄清 请问 打听
977,3,0.6083269907371108,0.29740527114923127,0.0,日记 笔记 回忆录,回忆录 笔记 日记,笔记 回忆录 日记,日记 笔记 回忆录
978,1,,0.0,0.0,团,团,团,团
979,7,0.4138607187595361,-0.03664266417391358,0.7142857142857143,队 队长 队伍 领队 大队 团队 支,支 队伍 团队 大队 领队 队长 队,支 队 领队 大队 队伍 队长 团队,队 队长 队伍 领队 大队 团队 支
980,1,,0.0,0.0,园地,园地,园地,园地
981,4,0.4823319992579651,0.12551733914439248,0.0,绿化 绿地 园林 美化,美化 园林 绿地 绿化,绿地 绿化 园林 美化,绿化 绿地 园林 美化
982,1,,0.0,0.0,固定,固定,固定,固定
983,1,,0.0,0.0,国,国,国,国
984,3,0.4525119399458331,0.0764359721340981,0.3333333333333333,土地 国土 流转,流转 国土 土地,流转 国土 土地,土地 国土 流转
985,6,0.48552226081455707,0.11924165062066568,0.0,瑰宝 宝库 宝藏 精华 精髓 国宝,国宝 精华 精髓 宝藏 宝库 瑰宝,宝藏 瑰宝 精髓 国宝 宝库 精华,瑰宝 宝库 宝藏 精华 精髓 国宝
986,1,,0.0,0.0,国家,国家,国家,国家
987,1,,0.0,0.0,国情,国情,国情,国情
988,1,,0.0,0.0,国有,国有,国有,国有
989,4,0.5053051603513845,0.15910709259194103,0.25,图 图表 图片 图形,图形 图片 图表 图,图形 图 图片 图表,图 图表 图片 图形
990,6,0.46951295314037117,0.10468014919154867,0.16666666666666666,蓝图 构想 规划 设想 计划 图纸,图纸 计划 构想 设想 规划 蓝图,图纸 蓝图 规划 计划 构想 设想,蓝图 构想 规划 设想 计划 图纸
991,4,0.500776645760396,0.17686545556518635,0.0,顺利 成功 圆满 如愿以偿,圆满 如愿以偿 成功 顺利,顺利 成功 如愿以偿 圆满,顺利 成功 圆满 如愿以偿
992,7,0.5614893643691052,0.1996233859866044,0.0,钢笔 圆珠笔 铅笔 毛笔 墨水 橡皮 字迹,墨水 橡皮 字迹 毛笔 铅笔 圆珠笔 钢笔,铅笔 墨水 圆珠笔 毛笔 钢笔 橡皮 字迹,钢笔 圆珠笔 铅笔 毛笔 墨水 橡皮 字迹
993,2,0.5970671770108473,0.281420993734142,0.0,圈子 圈,圈 圈子,圈 圈子,圈子 圈
994,11,0.44659378754766804,0.03229859097995555,0.45454545454545453,泥土 木头 石头 沙子 渣子 泥 砖 稻草 土 金子 木匠,土 稻草 木匠 金子 砖 泥 渣子 木头,土 砖 泥 金子 沙子 渣子 泥土 木匠 木头 石头 稻草,泥土 木头 石头 沙子 渣子 泥 砖 稻草 土 金子 木匠
995,9,0.44535372973042225,0.028907489903869574,0.4444444444444444,活儿 干活儿 干 忙活 能干 活 家务 苦力 在家,在家 苦力 家务 能干 忙活 活 干 干活儿,干 干活儿 活 能干 活儿 忙活 苦力 家务 在家,活儿 干活儿 干 忙活 能干 活 家务 苦力 在家
996,1,,0.0,0.0,在线,在线,在线,在线
997,1,,0.0,0.0,地,地,地,地
998,3,0.5532051741444354,0.19558606478169374,0.0,地上 地面 地下,地上 地下 地面,地面 地上 地下,地上 地面 地下
999,15,0.4339121328614199,0.026393885737353254,0.4666666666666667,自来水 水管 管道 污水 水源 煤气 燃气 饮用水 地下水 水 饮水 水龙头,管子 阀门 天然气 煤气 地下水 污水 水 管道,水龙头 污水 水 管道 饮用水 地下水 燃气 水管 管子 水源 天然气 煤气,自来水 水管 管道 污水 水源 煤气 燃气 饮用水 地下水 水 饮水 水龙头 天然气 阀门 管子
1000,3,0.47530039097295945,0.14223792630176377,0.0,导航 地图 指南针,地图 指南针 导航,地图 导航 指南针,导航 地图 指南针
1001,4,0.4917606640395072,0.11818191475764625,0.0,地理 地质 地形 天文,天文 地质 地形 地理,地质 地形 地理 天文,地理 地质 地形 天文
1002,1,,0.0,0.0,地方,地方,地方,地方
1003,13,0.4363813827745824,0.005176417502894067,0.3076923076923077,妖怪 鬼 怪物 巫婆 魔鬼 神仙 阎王 怪 野兽 猎人 地狱 神,搞鬼 神 猎人 地狱 野兽 魔鬼 怪物 巫婆,神 怪 搞鬼 阎王 猎人 鬼 地狱 怪物 魔鬼 野兽 巫婆 神仙,妖怪 鬼 怪物 巫婆 魔鬼 神仙 阎王 怪 野兽 猎人 地狱 神 搞鬼
1004,2,0.5587535290408318,0.2668262786317548,0.0,正宗 地道,正宗 地道,地道 正宗,正宗 地道
1005,3,0.48471784174251636,0.06425317416365339,0.0,次 场 趟,场 趟 次,场 次 趟,次 场 趟
1006,1,,0.0,0.0,场合,场合,场合,场合
1007,6,0.5008146699864364,0.13025387071986802,0.16666666666666666,场面 画面 场景 情景 情节 片段,片段 场景 情节 情景 画面 场面,情节 片段 场面 画面 场景 情景,场面 画面 场景 情景 情节 片段
1008,3,0.562220068653197,0.24396913312195648,0.0,均衡 平衡 均匀,均匀 平衡 均衡,平衡 均匀 均衡,均衡 平衡 均匀
1009,5,0.5136098404002297,0.1389281064556019,0.2,耸立 镶嵌 屹立 坐落 镶,镶 屹立 耸立 镶嵌 坐落,坐落 屹立 镶嵌 耸立 镶,耸立 镶嵌 屹立 坐落 镶
1010,1,,0.0,0.0,坑,坑,坑,坑
1011,12,0.4160956467364474,-0.029140795376811825,0.5833333333333334,根基 坚实 稳固 基础 牢固 坚固 扎实 奠定 支柱 堡垒 底子 扎根,底子 扎根 堡垒 支柱 牢固 坚固 奠定 稳固,稳固 基础 坚固 坚实 奠定 根基 扎根 底子 支柱 扎实 堡垒 牢固,根基 坚实 稳固 基础 牢固 坚固 扎实 奠定 支柱 堡垒 底子 扎根
1012,10,0.40379872427343433,-0.012732931417585141,0.5,守候 等待 等候 守 守株待兔 埋伏 坚守 守护 待 排队,待 排队 守护 守株待兔 坚守 埋伏 守 等待,坚守 守 待 排队 守株待兔 埋伏 守护 等候 等待 守候,守候 等待 等候 守 守株待兔 埋伏 坚守 守护 待 排队
1013,1,,0.0,0.0,坛,坛,坛,坛
1014,6,0.4579276283955028,0.07111708352212498,0.3333333333333333,坝 堤 堤坝 闸 坡 陡,陡 闸 坡 堤 堤坝 坝,坝 坡 堤 堤坝 闸 陡,坝 堤 堤坝 闸 坡 陡
1015,4,0.5262114399884802,0.10471284724386415,0.25,横 斜 竖 垂,垂 斜 横 竖,垂 竖 斜 横,横 斜 竖 垂
1016,7,0.4735228360667011,0.0625765694457089,0.42857142857142855,废物 粪便 垃圾 粪 废品 废 尿,废 尿 废品 粪 垃圾 废物 粪便,尿 废 粪 废物 废品 粪便 垃圾,废物 粪便 垃圾 粪 废品 废 尿
1017,1,,0.0,0.0,垫,垫,垫,垫
1018,3,0.4880050175293041,0.04692212676169467,0.3333333333333333,塌 垮 歪,歪 垮 塌,垮 塌 歪,塌 垮 歪
1019,1,,0.0,0.0,城,城,城,城
1020,9,0.4070403600883982,-0.04561408244358854,0.5555555555555556,皇宫 宫廷 宫殿 皇室 贵族 宫 绅士 城墙 爵士,爵士 城墙 绅士 贵族 宫 皇室 宫殿 皇宫,宫 皇宫 皇室 贵族 爵士 城墙 绅士 宫殿 宫廷,皇宫 宫廷 宫殿 皇室 贵族 宫 绅士 城墙 爵士
1021,1,,0.0,0.0,基准,基准,基准,基准
1022,1,,0.0,0.0,基地,基地,基地,基地
1023,1,,0.0,0.0,基层,基层,基层,基层
1024,9,0.488622267393245,0.14977714506181022,0.1111111111111111,大体 大致 大体上 大概 起码 差不多 基本 至少 总体,总体 至少 差不多 基本 起码 大概 大体上 大致,基本 总体 大体上 大体 大概 大致 差不多 至少 起码,大体 大致 大体上 大概 起码 差不多 基本 至少 总体
1025,11,0.4418414216762491,0.05691889980380265,0.45454545454545453,训练 练 练习 演练 苦练 锻炼 基本功 演习 训 教 演示,演示 训 教 锻炼 基本功 演习 苦练 演练,练 教 基本功 苦练 训 锻炼 训练 练习 演习 演示 演练,训练 练 练习 演练 苦练 锻炼 基本功 演习 训 教 演示
1026,1,,0.0,0.0,基金,基金,基金,基金
1027,1,,0.0,0.0,堂,堂,堂,堂
1028,3,0.43837742647908073,0.01226985014252844,0.3333333333333333,堆 堆砌 群,堆砌 群 堆,堆 堆砌 群,堆 堆砌 群
1029,5,0.46105965301345997,0.03196417571802944,0.4,堵 拦 挤 挡 堵塞,堵塞 挡 挤 拦 堵,堵塞 堵 拦 挤 挡,堵 拦 挤 挡 堵塞
1030,2,0.501238323612847,0.13280990722696562,0.0,瓦 塔,瓦 塔,塔 瓦,瓦 塔
1031,6,0.37006986253929,-0.07587932011123695,0.8333333333333334,填 表格 填写 表 填充 缩,缩 填充 表格 填写 填 表,填 缩 表 填写 填充 表格,填 表格 填写 表 填充 缩
1032,6,0.3822496436055656,-0.04074377129951142,0.6666666666666666,成才 致富 增收 成长 增产 长大,长大 增产 增收 致富 成长 成才,成长 增产 增收 成才 致富 长大,成才 致富 增收 成长 增产 长大
1033,1,,0.0,0.0,增值,增值,增值,增值
1034,1,,0.0,0.0,壳,壳,壳,壳
1035,5,0.36683220212857565,-0.08585830133648735,0.8,此 此处 该 这 处,处 这 该 此 此处,处 此 这 该 此处,此 此处 该 这 处
1036,2,0.6441766242949168,0.4421663319106631,0.0,处置 处理,处置 处理,处置 处理,处置 处理
1037,1,,0.0,0.0,备用,备用,备用,备用
1038,1,,0.0,0.0,复合,复合,复合,复合
1039,2,0.561074011828155,0.22470954208148466,0.0,政治 外交,政治 外交,外交 政治,政治 外交
1040,13,0.41342502380161167,-0.02251157672890136,0.6923076923076923,运输 海运 货运 航运 物流 集装箱 港口 客运 快递 配送 港 航海,航海 外卖 客运 港 配送 物流 运输 货运,客运 物流 集装箱 港 航海 快递 运输 航运 港口 外卖 海运 货运,运输 海运 货运 航运 物流 集装箱 港口 客运 快递 配送 港 航海 外卖
1041,7,0.49236161469886647,0.1455491160506978,0.0,怪不得 幸亏 要不是 难怪 巴不得 多亏 恨不得,恨不得 巴不得 难怪 多亏 幸亏 要不是 怪不得,幸亏 要不是 多亏 巴不得 恨不得 怪不得 难怪,怪不得 幸亏 要不是 难怪 巴不得 多亏 恨不得
1042,1,,0.0,0.0,多劳多得,多劳多得,多劳多得,多劳多得
1043,1,,0.0,0.0,多心,多心,多心,多心
1044,1,,0.0,0.0,大众,大众,大众,大众
1045,1,,0.0,0.0,大包大揽,大包大揽,大包大揽,大包大揽
1046,2,0.5214417881809548,0.15288533819563874,0.0,大地 天地,天地 大地,大地 天地,大地 天地
1047,16,0.438480533070339,0.04416643898684844,0.375,宽阔 宽广 开阔 广阔 狭窄 宽敞 狭小 平坦 辽阔 窄 宽 阔,空间 大有可为 心胸 肥沃 平坦 宽 窄 宽敞,开阔 宽 窄 宽广 肥沃 宽敞 辽阔 阔 空间 宽阔 广阔 心胸,宽阔 宽广 开阔 广阔 狭窄 宽敞 狭小 平坦 辽阔 窄 宽 阔 心胸 肥沃 空间 大有可为
1048,11,0.45588775390447867,0.055267810299951335,0.36363636363636365,富人 贫穷 穷人 富裕 富翁 穷 富豪 贫困 贫富 大款 小康,大款 小康 穷 富裕 富豪 贫富 富人 贫困,贫困 穷人 穷 小康 大款 富翁 富人 富豪 富裕 贫穷 贫富,富人 贫穷 穷人 富裕 富翁 穷 富豪 贫困 贫富 大款 小康
1049,4,0.5338339031781537,0.22174247217329873,0.0,巨额 大笔 高额 笔,笔 高额 大笔 巨额,笔 大笔 高额 巨额,巨额 大笔 高额 笔
1050,2,0.5880704165466728,0.2775020992742366,0.0,大规模 大面积,大面积 大规模,大规模 大面积,大规模 大面积
1051,1,,0.0,0.0,天下,天下,天下,天下
1052,1,,0.0,0.0,天使,天使,天使,天使
1053,1,,0.0,0.0,天平,天平,天平,天平
1054,2,0.5671894385869092,0.2706119470927447,0.0,无线 天线,天线 无线,无线 天线,无线 天线
1055,2,0.5086722061089957,0.21346597387003513,0.0,太平 平安,平安 太平,太平 平安,太平 平安
1056,1,,0.0,0.0,太极,太极,太极,太极
1057,1,,0.0,0.0,头,头,头,头
1058,1,,0.0,0.0,头号,头号,头号,头号
1059,1,,0.0,0.0,头条,头条,头条,头条
1060,8,0.4332793865264079,-0.03267118429301108,0.625,粘 黏 裹 缠 夹 稠 绷 稀,稀 绷 夹 缠 稠 裹 粘 黏,夹 稀 稠 粘 缠 绷 黏 裹,粘 黏 裹 缠 夹 稠 绷 稀
1061,5,0.493194841081106,0.10244228499340173,0.2,机遇 契机 机会 时机 挑战,挑战 时机 机会 契机 机遇,时机 机会 挑战 契机 机遇,机遇 契机 机会 时机 挑战
1062,6,0.4601315533652361,0.06216306352956643,0.16666666666666666,追赶 追逐 奔跑 追 赶 赛跑,赛跑 赶 奔跑 追 追赶 追逐,追逐 追赶 赶 追 赛跑 奔跑,追赶 追逐 奔跑 追 赶 赛跑
1063,1,,0.0,0.0,套,套,套,套
1064,5,0.45874552485686537,0.09952200353021819,0.2,豪华 尊贵 高档 奢侈 贵宾,贵宾 高档 奢侈 尊贵 豪华,豪华 贵宾 尊贵 奢侈 高档,豪华 尊贵 高档 奢侈 贵宾
1065,5,0.496085577679872,0.1527999613583153,0.2,福气 好运 运气 幸运 福,福 运气 幸运 好运 福气,运气 福 福气 幸运 好运,福气 好运 运气 幸运 福
1066,20,0.44025249509240116,0.0551777301145979,0.3,那时 那时候 此时 当时 这时候 这时 此刻 现在 这会儿 眼下 如今 那会儿,当前 当年 那 时 目前 当今 当下 时候,时候 那时候 那会儿 时 那时 现在 当下 当今 这时 当前 当年 当时,那时 那时候 此时 当时 这时候 这时 此刻 现在 这会儿 眼下 如今 那会儿 当下 时候 目前 当前 当今 当年 那 时
1067,1,,0.0,0.0,妥,妥,妥,妥
1068,8,0.41607754506592304,-0.018995034457780703,0.625,平稳 稳定 稳健 稳妥 有序 稳 妥善 秩序,妥善 秩序 稳定 稳 稳健 有序 稳妥 平稳,稳健 稳定 稳妥 平稳 妥善 稳 有序 秩序,平稳 稳定 稳健 稳妥 有序 稳 妥善 秩序
1069,3,0.4570312238549253,0.08738515058407618,0.0,小组 组 委员会,组 委员会 小组,组 小组 委员会,小组 组 委员会
1070,8,0.38650281528281205,-0.043346077846758785,0.625,婴儿 胎儿 宝宝 孕妇 娃娃 宝贝 畸形 扭曲,扭曲 宝贝 畸形 宝宝 孕妇 娃娃 胎儿 婴儿,宝贝 婴儿 娃娃 孕妇 胎儿 扭曲 宝宝 畸形,婴儿 胎儿 宝宝 孕妇 娃娃 宝贝 畸形 扭曲
1071,4,0.4043572225936796,-0.0265156306236296,0.75,消遣 娱乐 文娱 打发,文娱 打发 娱乐 消遣,娱乐 消遣 打发 文娱,消遣 娱乐 文娱 打发
1072,2,0.5603368216102993,0.22270320534876942,0.0,媒体 舆论,媒体 舆论,媒体 舆论,媒体 舆论
1073,2,0.5057097197454148,0.08360931080370687,0.0,嫌 嫌疑,嫌疑 嫌,嫌疑 嫌,嫌 嫌疑
1074,1,,0.0,0.0,子,子,子,子
1075,1,,0.0,0.0,子弟,子弟,子弟,子弟
1076,13,0.43439017785118833,0.009443443476686453,0.46153846153846156,炸弹 子弹 炸药 枪 弹 火药 炮 爆炸 手枪 箭 射 爆,爆 轰炸 射 炮 箭 爆炸 火药 手枪,子弹 射 弹 箭 炮 爆 枪 火药 轰炸 炸药 爆炸 炸弹,炸弹 子弹 炸药 枪 弹 火药 炮 爆炸 手枪 箭 射 爆 轰炸
1077,6,0.569450413739056,0.27265999799057616,0.0,词典 辞典 字典 百科全书 手册 教科书,手册 教科书 百科全书 字典 辞典 词典,词典 辞典 教科书 百科全书 手册 字典,词典 辞典 字典 百科全书 手册 教科书
1078,2,0.5180328666421853,0.23684604497917597,0.0,存在 存,存 存在,存 存在,存在 存
1079,1,,0.0,0.0,孤立,孤立,孤立,孤立
1080,1,,0.0,0.0,安,安,安,安
1081,1,,0.0,0.0,安全,安全,安全,安全
1082,5,0.4658222662932673,0.033519686894486464,0.2,摆放 布置 摆设 摆 安排,安排 摆 摆设 布置 摆放,摆放 摆 安排 摆设 布置,摆放 布置 摆设 摆 安排
1083,12,0.47105069710737224,0.0739646135883821,0.25,飞机 客机 航班 降落 登机 起飞 机场 直升机 机舱 航空 架 安检,航空 架 安检 起飞 机场 机舱 降落 航班,机场 直升机 起飞 架 航空 航班 飞机 降落 客机 安检 机舱 登机,飞机 客机 航班 降落 登机 起飞 机场 直升机 机舱 航空 架 安检
1084,12,0.41424733444732204,-0.034509027170687774,0.5833333333333334,搬迁 迁移 搬 迁 搬家 拆迁 拆除 安置 移 转移 拆 落户,落户 拆除 转移 移 拆 安置 迁移 迁,搬家 移 搬 拆 落户 迁 安置 搬迁 转移 迁移 拆迁 拆除,搬迁 迁移 搬 迁 搬家 拆迁 拆除 安置 移 转移 拆 落户
1085,6,0.4052509816330732,-0.04607518436056054,0.6666666666666666,改装 改良 新式 改造 安装 新型,新型 安装 新式 改装 改造 改良,安装 新式 新型 改装 改良 改造,改装 改良 新式 改造 安装 新型
1086,5,0.4493256579126818,-0.0010405803628197653,0.4,完了 完 遍 完毕 遍地,遍地 完毕 遍 完 完了,完 完毕 完了 遍地 遍,完了 完 遍 完毕 遍地
1087,2,0.5671020412700833,0.2782570070521342,0.0,完成 实现,实现 完成,实现 完成,完成 实现
1088,7,0.4493562075316109,0.04298260365948982,0.2857142857142857,崩溃 完蛋 灭亡 解体 破灭 摇摇欲坠 瘫痪,瘫痪 摇摇欲坠 灭亡 完蛋 解体 破灭 崩溃,灭亡 解体 瘫痪 崩溃 完蛋 破灭 摇摇欲坠,崩溃 完蛋 灭亡 解体 破灭 摇摇欲坠 瘫痪
1089,2,0.6829251862298392,0.4656942057733574,0.0,微观 宏观,微观 宏观,微观 宏观,微观 宏观
1090,1,,0.0,0.0,宗,宗,宗,宗
1091,2,0.5026973886327708,0.09448988370179663,0.0,定位 错位,错位 定位,错位 定位,定位 错位
1092,1,,0.0,0.0,定做,定做,定做,定做
1093,1,,0.0,0.0,定向,定向,定向,定向
1094,2,0.5816489247088755,0.31372644145060047,0.0,定居 移民,定居 移民,移民 定居,定居 移民
1095,1,,0.0,0.0,定心丸,定心丸,定心丸,定心丸
1096,1,,0.0,0.0,宝,宝,宝,宝
1097,9,0.46990871625583064,0.06900491910313115,0.2222222222222222,宝石 珍珠 钻石 珠宝 首饰 水晶 戒指 贝壳 海藻,海藻 贝壳 戒指 钻石 首饰 水晶 珠宝 珍珠,戒指 钻石 水晶 贝壳 海藻 珠宝 宝石 珍珠 首饰,宝石 珍珠 钻石 珠宝 首饰 水晶 戒指 贝壳 海藻
1098,1,,0.0,0.0,实习,实习,实习,实习
1099,1,,0.0,0.0,实体,实体,实体,实体
1100,5,0.47724585114174917,0.12249437955221695,0.0,水平 实力 水准 能力 软实力,实力 能力 软实力 水准 水平,实力 能力 水准 水平 软实力,水平 实力 水准 能力 软实力
1101,1,,0.0,0.0,实物,实物,实物,实物
1102,7,0.35201274249379527,-0.11995198968974873,0.8571428571428571,有害 有毒 有用 有益 毒 邪 实用,邪 实用 毒 有益 有用 有毒 有害,实用 毒 有毒 有益 有用 有害 邪,有害 有毒 有用 有益 毒 邪 实用
1103,4,0.5605249105240915,0.23389379321542628,0.0,实话 实话实说 说老实话 难听,难听 说老实话 实话实说 实话,实话实说 说老实话 难听 实话,实话 实话实说 说老实话 难听
1104,1,,0.0,0.0,实际,实际,实际,实际
1105,8,0.40204917426371184,0.0035822177595450574,0.375,测试 试验 实验 试 调试 试探 实验室 探,探 实验室 试探 实验 调试 测试 试验 试,调试 探 测试 试验 试 实验室 试探 实验,测试 试验 实验 试 调试 试探 实验室 探
1106,2,0.6059694320414943,0.2797625380394306,0.0,宠 宠爱,宠 宠爱,宠 宠爱,宠 宠爱
1107,2,0.5074232706977388,0.12429206462154384,0.0,客流 流量,流量 客流,流量 客流,客流 流量
1108,4,0.4717484796770224,0.09102072441958167,0.25,宣告 终结 结束 正式,正式 终结 结束 宣告,宣告 结束 正式 终结,宣告 终结 结束 正式
1109,1,,0.0,0.0,宰,宰,宰,宰
1110,1,,0.0,0.0,家,家,家,家
1111,5,0.45070591346696975,0.07724709802804683,0.2,家乡 祖国 故乡 边疆 边境,边境 祖国 边疆 故乡 家乡,祖国 边疆 边境 故乡 家乡,家乡 祖国 故乡 边疆 边境
1112,8,0.4129206379560868,-0.02290113153649663,0.75,家具 装饰 文具 用品 玩具 建筑 装修 木材,玩具 建筑 木材 文具 装修 用品 装饰 家具,装饰 用品 建筑 玩具 装修 家具 文具 木材,家具 装饰 文具 用品 玩具 建筑 装修 木材
1113,4,0.45722688057261135,0.11090623808557042,0.25,深入人心 家喻户晓 耳熟能详 根深蒂固,根深蒂固 耳熟能详 家喻户晓 深入人心,耳熟能详 深入人心 根深蒂固 家喻户晓,深入人心 家喻户晓 耳熟能详 根深蒂固
1114,1,,0.0,0.0,家园,家园,家园,家园
1115,1,,0.0,0.0,家属,家属,家属,家属
1116,5,0.3875244880110983,-0.10516503233651578,1.0,血脉 灵魂 血缘 魂 家族,家族 魂 灵魂 血脉 血缘,血脉 魂 灵魂 血缘 家族,血脉 灵魂 血缘 魂 家族
1117,5,0.4632976072232179,0.09327642930673138,0.0,紧 宽松 紧缩 紧张 松,紧张 松 宽松 紧缩 紧,紧张 紧 松 宽松 紧缩,紧 宽松 紧缩 紧张 松
1118,6,0.38653131503057003,-0.04333209127708226,0.5,范畴 概念 宽泛 题材 范围 素材,素材 范围 宽泛 范畴 题材 概念,概念 题材 宽泛 素材 范畴 范围,范畴 概念 宽泛 题材 范围 素材
1119,1,,0.0,0.0,寄托,寄托,寄托,寄托
1120,1,,0.0,0.0,密,密,密,密
1121,7,0.43350814598252035,-0.012224690359229172,0.5714285714285714,密不可分 必不可少 息息相关 离不开 相辅相成 少不了 无关,无关 少不了 相辅相成 息息相关 密不可分 必不可少 离不开,必不可少 息息相关 无关 少不了 相辅相成 离不开 密不可分,密不可分 必不可少 息息相关 离不开 相辅相成 少不了 无关
1122,2,0.5629681539316229,0.2196464029223621,0.0,密集 稠密,稠密 密集,稠密 密集,密集 稠密
1123,1,,0.0,0.0,富,富,富,富
1124,6,0.39650173313788634,-0.027075049125343323,0.5,络绎不绝 寥寥无几 比比皆是 层出不穷 稀少 川流不息,川流不息 稀少 层出不穷 络绎不绝 寥寥无几 比比皆是,比比皆是 川流不息 稀少 寥寥无几 络绎不绝 层出不穷,络绎不绝 寥寥无几 比比皆是 层出不穷 稀少 川流不息
1125,4,0.5740280642763779,0.2543698536184145,0.0,对准 矛头 指向 瞄准,瞄准 矛头 指向 对准,对准 瞄准 矛头 指向,对准 矛头 指向 瞄准
1126,1,,0.0,0.0,对外,对外,对外,对外
1127,6,0.3959288182823734,0.021045405311939717,0.3333333333333333,平常心 慢慢来 对待 顺其自然 看待 循序渐进,循序渐进 顺其自然 看待 慢慢来 对待 平常心,看待 对待 顺其自然 循序渐进 慢慢来 平常心,平常心 慢慢来 对待 顺其自然 看待 循序渐进
1128,7,0.46135265085118826,0.09427698919335943,0.2857142857142857,相比 比 比起 对比 较 相对 对照,对照 较 相对 相比 对比 比起 比,对比 对照 比 相对 较 相比 比起,相比 比 比起 对比 较 相对 对照
1129,1,,0.0,0.0,对称,对称,对称,对称
1130,1,,0.0,0.0,对象,对象,对象,对象
1131,12,0.42817165916519495,0.008835003832607604,0.5,平常 平日 平时 往日 常人 普通人 往常 寻常 普通 日常 昔日 平民,平民 寻常 往常 日常 昔日 普通 普通人 平时,往日 往常 昔日 寻常 普通 常人 普通人 平常 日常 平民 平时 平日,平常 平日 平时 往日 常人 普通人 往常 寻常 普通 日常 昔日 平民
1132,1,,0.0,0.0,寿命,寿命,寿命,寿命
1133,1,,0.0,0.0,封顶,封顶,封顶,封顶
1134,1,,0.0,0.0,小卒,小卒,小卒,小卒
1135,2,0.530477296594916,0.18191014288494733,0.0,王 小王,王 小王,王 小王,王 小王
1136,1,,0.0,0.0,少林寺,少林寺,少林寺,少林寺
1137,2,0.5318974108880059,0.17442904783034383,0.0,尝 闻,尝 闻,尝 闻,尝 闻
1138,10,0.39966091913360896,-0.0030084799634322286,0.6,拓展 扩展 扩张 开拓 延伸 扩 收缩 探索 膨胀 尝试,收缩 尝试 膨胀 延伸 探索 扩 开拓 扩展,尝试 探索 扩 开拓 收缩 膨胀 扩张 扩展 延伸 拓展,拓展 扩展 扩张 开拓 延伸 扩 收缩 探索 膨胀 尝试
1139,2,0.6964469068552345,0.45768607946615497,0.0,特别 尤其,特别 尤其,尤其 特别,特别 尤其
1140,2,0.696038330928732,0.47537831508241596,0.0,就近 就地,就地 就近,就地 就近,就近 就地
1141,1,,0.0,0.0,尺度,尺度,尺度,尺度
1142,1,,0.0,0.0,尽,尽,尽,尽
1143,4,0.451088976916352,0.01993934473475683,0.75,终点 起点 起跑线 尽头,尽头 起跑线 起点 终点,起跑线 尽头 终点 起点,终点 起点 起跑线 尽头
1144,7,0.4775733541291893,0.0874268907580354,0.14285714285714285,自由自在 随心所欲 尽情 自在 自由 放肆 随时随地,随时随地 尽情 自在 放肆 自由 随心所欲 自由自在,放肆 随时随地 尽情 随心所欲 自由 自由自在 自在,自由自在 随心所欲 尽情 自在 自由 放肆 随时随地
1145,1,,0.0,0.0,局,局,局,局
1146,1,,0.0,0.0,局部,局部,局部,局部
1147,4,0.44699145319858796,0.04383082559242877,0.5,层次 层面 档次 角度,档次 角度 层面 层次,档次 层次 角度 层面,层次 层面 档次 角度
1148,1,,0.0,0.0,居高临下,居高临下,居高临下,居高临下
1149,1,,0.0,0.0,届时,届时,届时,届时
1150,7,0.3827760364539306,-0.032676315467684104,0.5714285714285714,开启 拉开 序幕 开创 展开 推开 首创,首创 推开 序幕 开创 展开 开启 拉开,开启 开创 展开 推开 拉开 序幕 首创,开启 拉开 序幕 开创 展开 推开 首创
1151,2,0.7184692532859438,0.5117976375719604,0.0,属 属于,属 属于,属 属于,属 属于
1152,1,,0.0,0.0,山寨,山寨,山寨,山寨
1153,1,,0.0,0.0,岂有此理,岂有此理,岂有此理,岂有此理
1154,4,0.5357236384660041,0.2220768394815554,0.0,转折 转折点 转机 峰回路转,峰回路转 转机 转折点 转折,峰回路转 转折点 转机 转折,转折 转折点 转机 峰回路转
1155,3,0.5801089702674515,0.23745278121341737,0.0,高峰 高峰期 巅峰,巅峰 高峰 高峰期,高峰期 巅峰 高峰,高峰 高峰期 巅峰
1156,2,0.5376567931764115,0.1758832894322319,0.0,工作 工作量,工作 工作量,工作量 工作,工作 工作量
1157,1,,0.0,0.0,工作日,工作日,工作日,工作日
1158,1,,0.0,0.0,工具,工具,工具,工具
1159,3,0.4666949584580686,0.11541921153998742,0.3333333333333333,工商界 文艺界 工商,文艺界 工商 工商界,工商界 工商 文艺界,工商界 文艺界 工商
1160,1,,0.0,0.0,巨人,巨人,巨人,巨人
1161,1,,0.0,0.0,差额,差额,差额,差额
1162,5,0.6100153354675377,0.32421269940387903,0.2,早已 已经 早就 已 早,早 已 早就 已经 早已,已经 已 早 早已 早就,早已 已经 早就 已 早
1163,7,0.4088729053549505,0.016045058275065527,0.2857142857142857,市区 郊区 市 郊外 开发区 河畔 省,省 河畔 开发区 郊外 市 郊区 市区,市 省 河畔 郊区 郊外 市区 开发区,市区 郊区 市 郊外 开发区 河畔 省
1164,4,0.4331334701196483,-0.013600338340778036,0.5,股市 股民 炒股 市场,市场 炒股 股民 股市,股民 炒股 股市 市场,股市 股民 炒股 市场
1165,1,,0.0,0.0,布,布,布,布
1166,7,0.39363936528493226,-0.030816732036579024,0.5714285714285714,结构 布局 格局 形态 战略 构造 策略,策略 构造 战略 形态 格局 布局 结构,构造 策略 战略 布局 形态 结构 格局,结构 布局 格局 形态 战略 构造 策略
1167,1,,0.0,0.0,帆,帆,帆,帆
1168,2,0.5742672354020981,0.29241551951244027,0.0,带头人 骨干,骨干 带头人,带头人 骨干,带头人 骨干
1169,1,,0.0,0.0,带路,带路,带路,带路
1170,4,0.5905892554362125,0.30265975814113094,0.0,率领 带领 带队 陪同,陪同 带队 率领 带领,率领 带领 带队 陪同,率领 带领 带队 陪同
1171,2,0.60490510342719,0.3355189347891293,0.0,席位 席,席位 席,席 席位,席位 席
1172,1,,0.0,0.0,常态,常态,常态,常态
1173,1,,0.0,0.0,常规,常规,常规,常规
1174,1,,0.0,0.0,幕,幕,幕,幕
1175,4,0.4366010776177474,0.04928244127041724,0.25,幕后 黑手 背后 杀手,杀手 黑手 背后 幕后,背后 杀手 幕后 黑手,幕后 黑手 背后 杀手
1176,1,,0.0,0.0,干戈,干戈,干戈,干戈
1177,1,,0.0,0.0,平价,平价,平价,平价
1178,1,,0.0,0.0,平台,平台,平台,平台
1179,2,0.5205270984144792,0.1969690931556715,0.0,摆平 平息,平息 摆平,摆平 平息,摆平 平息
1180,2,0.5624469019536205,0.2773242113420036,0.0,年度 年终,年度 年终,年度 年终,年度 年终
1181,1,,0.0,0.0,并列,并列,并列,并列
1182,1,,0.0,0.0,并行,并行,并行,并行
1183,3,0.46828076690365256,0.12516373128451355,0.0,广泛 普遍 广,普遍 广 广泛,广 普遍 广泛,广泛 普遍 广
1184,1,,0.0,0.0,广义,广义,广义,广义
1185,1,,0.0,0.0,序,序,序,序
1186,1,,0.0,0.0,库,库,库,库
1187,3,0.5586242291698963,0.22072295403881836,0.0,应急 紧急 防汛,防汛 紧急 应急,防汛 应急 紧急,应急 紧急 防汛
1188,4,0.634067740448462,0.3194507795890492,0.0,邀请 邀 应邀 特邀,特邀 应邀 邀 邀请,应邀 邀 邀请 特邀,邀请 邀 应邀 特邀
1189,1,,0.0,0.0,底层,底层,底层,底层
1190,1,,0.0,0.0,底线,底线,底线,底线
1191,5,0.4202017458339246,0.018676791378737883,0.6,渡过 度过 渡 走过 江,江 走过 度过 渡 渡过,渡 江 度过 渡过 走过,渡过 度过 渡 走过 江
1192,1,,0.0,0.0,延,延,延,延
1193,14,0.39913022813035437,-0.042748883345499276,0.7142857142857143,耽搁 耽误 推迟 拖延 延误 延期 延缓 搁置 打搅 错过 打扰 延长,延长 错过 打断 搁浅 搁置 打扰 打搅 延期,搁浅 搁置 延缓 耽搁 延期 错过 打扰 打断 打搅 延长 延误 推迟,耽搁 耽误 推迟 拖延 延误 延期 延缓 搁置 打搅 错过 打扰 延长 搁浅 打断
1194,1,,0.0,0.0,建交,建交,建交,建交
1195,2,0.5130156765244874,0.20144677348496848,0.0,建树 贡献,建树 贡献,建树 贡献,建树 贡献
1196,1,,0.0,0.0,开,开,开,开
1197,8,0.4616886448997772,0.09663534866983056,0.25,研发 研究 研制 攻关 科研 课题 开发 研究所,研究所 开发 科研 研制 课题 研发 攻关 研究,研究所 开发 攻关 研究 课题 研发 研制 科研,研发 研究 研制 攻关 科研 课题 开发 研究所
1198,4,0.43531430340367777,0.0559649675021818,0.25,房价 房地产 开发商 物价,开发商 房地产 物价 房价,物价 房地产 开发商 房价,房价 房地产 开发商 物价
1199,4,0.4366499384839259,0.02803311976885807,0.5,翻天覆地 惊天动地 开天辟地 日新月异,日新月异 惊天动地 开天辟地 翻天覆地,日新月异 开天辟地 翻天覆地 惊天动地,翻天覆地 惊天动地 开天辟地 日新月异
1200,10,0.4036884584633643,-0.041201718029379504,0.5,荡漾 流淌 绽放 弥漫 洋溢 飘 流露 朦胧 漂 开花,开花 漂 飘 流露 朦胧 流淌 洋溢 弥漫,流露 开花 流淌 漂 荡漾 朦胧 飘 绽放 洋溢 弥漫,荡漾 流淌 绽放 弥漫 洋溢 飘 流露 朦胧 漂 开花
1201,3,0.44526025164718447,0.06635541270892653,0.3333333333333333,搞 搞好 弄,弄 搞好 搞,弄 搞 搞好,搞 搞好 弄
1202,1,,0.0,0.0,式,式,式,式
1203,1,,0.0,0.0,引,引,引,引
1204,10,0.38686698958081533,-0.0355264058723815,0.7,指导 引导 鼓励 扶持 支持 督促 指引 辅导 支援 指南,支援 指南 辅导 扶持 督促 支持 指引 鼓励,辅导 鼓励 支援 支持 指南 指导 指引 扶持 引导 督促,指导 引导 鼓励 扶持 支持 督促 指引 辅导 支援 指南
1205,1,,0.0,0.0,引经据典,引经据典,引经据典,引经据典
1206,1,,0.0,0.0,张,张,张,张
1207,2,0.5096359126833356,0.2523595026286146,0.0,张扬 能人,能人 张扬,能人 张扬,张扬 能人
1208,8,0.5804863864824245,0.27624783218555526,0.125,焰火 鞭炮 爆竹 烟花 燃放 烟火 灯笼 张灯结彩,张灯结彩 灯笼 烟火 燃放 爆竹 烟花 鞭炮 焰火,张灯结彩 烟火 烟花 焰火 燃放 爆竹 灯笼 鞭炮,焰火 鞭炮 爆竹 烟花 燃放 烟火 灯笼 张灯结彩
1209,6,0.3974949218131652,-0.01676300342877981,0.5,强势 强硬 弱势 硬 软 逞强,软 逞强 硬 弱势 强势 强硬,逞强 硬 强硬 强势 软 弱势,强势 强硬 弱势 硬 软 逞强
1210,2,0.5824218542142637,0.32699305081107943,0.0,弹性 韧性,弹性 韧性,弹性 韧性,弹性 韧性
1211,2,0.508170830777921,0.19021119105010947,0.0,强项 拿手,拿手 强项,拿手 强项,强项 拿手
1212,2,0.5855202452695816,0.21341537359531904,0.0,归 归属,归属 归,归 归属,归 归属
1213,4,0.5774399699070111,0.25666795255367825,0.0,当众 当面 当着 当场,当场 当着 当面 当众,当面 当众 当场 当着,当众 当面 当着 当场
1214,3,0.5460195829938562,0.2543740151775781,0.0,本地 当地 本土,本土 当地 本地,本土 本地 当地,本地 当地 本土
1215,1,,0.0,0.0,录,录,录,录
1216,2,0.6989348767815708,0.522980121467703,0.0,形容 比喻,比喻 形容,形容 比喻,形容 比喻
1217,7,0.29239305452151465,-0.1810560551603702,1.0,罩 笼罩 阴影 影子 身影 盖 筒,筒 盖 身影 罩 笼罩 影子 阴影,笼罩 筒 罩 盖 影子 阴影 身影,罩 笼罩 阴影 影子 身影 盖 筒
1218,2,0.5495255036612727,0.2396681809337759,0.0,往 往后,往后 往,往 往后,往 往后
1219,8,0.41778667345218284,-0.010658257451050188,0.75,往返 来往 往来 来回 直达 长途 通往 漫游,通往 往来 来回 漫游 直达 来往 长途 往返,往来 通往 长途 直达 漫游 来回 来往 往返,往返 来往 往来 来回 直达 长途 通往 漫游
1220,1,,0.0,0.0,得不偿失,得不偿失,得不偿失,得不偿失
1221,6,0.4290580379719912,0.020379327419868493,0.5,得罪 触犯 犯 罪 惹 怠慢,惹 怠慢 罪 犯 得罪 触犯,得罪 罪 犯 惹 触犯 怠慢,得罪 触犯 犯 罪 惹 怠慢
1222,1,,0.0,0.0,循环,循环,循环,循环
1223,7,0.35819976628246136,-0.09507672767843636,0.8571428571428571,细微 细 微妙 微弱 轻微 细节 粗,粗 细节 轻微 微弱 细 微妙 细微,细微 粗 细 微弱 微妙 细节 轻微,细微 细 微妙 微弱 轻微 细节 粗
1224,1,,0.0,0.0,德,德,德,德
1225,5,0.4981760861658051,0.1342909881105671,0.2,心理 心态 情绪 心情 生理,生理 心情 情绪 心态 心理,心态 心情 心理 生理 情绪,心理 心态 情绪 心情 生理
1226,1,,0.0,0.0,心急如焚,心急如焚,心急如焚,心急如焚
1227,1,,0.0,0.0,心爱,心爱,心爱,心爱
1228,3,0.5767154805019864,0.3031863971048367,0.0,禁忌 忌讳 忌,禁忌 忌讳 忌,禁忌 忌讳 忌,禁忌 忌讳 忌
1229,10,0.4349042430128617,0.02494142336763993,0.5,忠心 忠诚 忠贞 死心塌地 忠于 忠实 死心 痴心 纯洁 罢休,纯洁 罢休 痴心 死心 忠贞 死心塌地 忠于 忠实,纯洁 罢休 死心塌地 痴心 忠心 忠实 忠于 死心 忠诚 忠贞,忠心 忠诚 忠贞 死心塌地 忠于 忠实 死心 痴心 纯洁 罢休
1230,6,0.4073775264429727,-0.049529537206492204,0.8333333333333334,抱 搀 怀抱 揽 扶 拥抱,扶 揽 搀 怀抱 拥抱 抱,搀 扶 抱 揽 拥抱 怀抱,抱 搀 怀抱 揽 扶 拥抱
1231,1,,0.0,0.0,思前想后,思前想后,思前想后,思前想后
1232,1,,0.0,0.0,急于,急于,急于,急于
1233,1,,0.0,0.0,总,总,总,总
1234,5,0.42148171395710765,0.05021998252511286,0.4,赐 恩赐 赠 恩惠 献,献 恩惠 赠 恩赐 赐,恩赐 献 赐 赠 恩惠,赐 恩赐 赠 恩惠 献
1235,1,,0.0,0.0,恰恰相反,恰恰相反,恰恰相反,恰恰相反
1236,10,0.4115537203259431,0.008201878758503731,0.6,谜 谜语 谜底 谜团 猜谜 解开 猜 悬念 捉迷藏 解,解 捉迷藏 悬念 解开 谜底 猜 猜谜 谜团,谜语 猜 解开 捉迷藏 谜底 谜团 猜谜 谜 解 悬念,谜 谜语 谜底 谜团 猜谜 解开 猜 悬念 捉迷藏 解
1237,1,,0.0,0.0,惯性,惯性,惯性,惯性
1238,4,0.4795881157646749,0.10004664565103163,0.25,蔓延 泛滥 扩散 愈演愈烈,扩散 愈演愈烈 泛滥 蔓延,愈演愈烈 扩散 泛滥 蔓延,蔓延 泛滥 扩散 愈演愈烈
1239,1,,0.0,0.0,愚公移山,愚公移山,愚公移山,愚公移山
1240,1,,0.0,0.0,成型,成型,成型,成型
1241,2,0.5144901951231313,0.1187645339060583,0.0,熟 成熟,成熟 熟,熟 成熟,熟 成熟
1242,1,,0.0,0.0,成问题,成问题,成问题,成问题
1243,1,,0.0,0.0,戒,戒,戒,戒
1244,2,0.5084369820889131,0.17442811923345589,0.0,或多或少 都会,都会 或多或少,或多或少 都会,或多或少 都会
1245,1,,0.0,0.0,截,截,截,截
1246,1,,0.0,0.0,戳,戳,戳,戳
1247,1,,0.0,0.0,所,所,所,所
1248,1,,0.0,0.0,所谓,所谓,所谓,所谓
1249,5,0.3788113043954409,-0.02256425983208177,0.6,驾驶 驾 自动 马车 手动,马车 手动 自动 驾 驾驶,驾 马车 驾驶 手动 自动,驾驶 驾 自动 马车 手动
1250,1,,0.0,0.0,扑,扑,扑,扑
1251,6,0.4162214625910823,-0.05205641661458105,0.6666666666666666,涌 汹涌 涌入 流 溢 扑面而来,扑面而来 流 溢 汹涌 涌入 涌,涌入 汹涌 溢 流 涌 扑面而来,涌 汹涌 涌入 流 溢 扑面而来
1252,1,,0.0,0.0,打包,打包,打包,打包
1253,9,0.3854699080927909,-0.08748568819770061,0.8888888888888888,琢磨 算计 打磨 盘算 磨 推敲 磨合 算盘 绞,绞 推敲 打磨 磨 盘算 磨合 算盘 算计,磨 绞 磨合 盘算 推敲 算计 算盘 打磨 琢磨,琢磨 算计 打磨 盘算 磨 推敲 磨合 算盘 绞
1254,1,,0.0,0.0,托,托,托,托
1255,1,,0.0,0.0,托付,托付,托付,托付
1256,8,0.4524948529759661,0.007610526875702045,0.375,扛 背着 驮 背 抬 挎 拉 拖,拖 拉 抬 背 扛 挎 驮 背着,背着 扛 拖 拉 抬 挎 驮 背,扛 背着 驮 背 抬 挎 拉 拖
1257,1,,0.0,0.0,扣,扣,扣,扣
1258,8,0.36420197546796823,-0.09761071355036727,0.875,机智 精明 明智 果断 足智多谋 高明 毅然 执意,执意 高明 毅然 机智 足智多谋 明智 果断 精明,果断 明智 执意 足智多谋 高明 毅然 精明 机智,机智 精明 明智 果断 足智多谋 高明 毅然 执意
1259,3,0.5545210171496564,0.13242394015380207,0.0,监察 监督 执法,执法 监督 监察,监察 执法 监督,监察 监督 执法
1260,3,0.5055009470036373,0.14700042670691152,0.3333333333333333,文盲 识字 扫除,扫除 识字 文盲,扫除 识字 文盲,文盲 识字 扫除
1261,1,,0.0,0.0,扬,扬,扬,扬
1262,1,,0.0,0.0,扭,扭,扭,扭
1263,6,0.44570206827319947,-0.004550213863263322,0.6666666666666666,纠正 扭转 改正 改变 矫正 挽回,改变 矫正 挽回 改正 纠正 扭转,挽回 扭转 改正 矫正 改变 纠正,纠正 扭转 改正 改变 矫正 挽回
1264,4,0.4616898032705808,0.02428303186998204,0.5,首批 试点 示范 批,批 示范 首批 试点,批 示范 首批 试点,首批 试点 示范 批
1265,5,0.4615947331829403,0.04090267991915543,0.6,放到 放 搁 放置 把,放置 把 搁 放 放到,搁 放 把 放置 放到,放到 放 搁 放置 把
1266,11,0.40054924371177325,-0.03772046754609629,0.7272727272727273,抓住 抓 捉 捕捉 牢牢 把握 逮 紧紧 盯 捕 掌握,盯 逮 掌握 捕 捉 抓 紧紧 牢牢,把握 盯 抓 捕 捉 逮 掌握 捕捉 抓住 紧紧 牢牢,抓住 抓 捉 捕捉 牢牢 把握 逮 紧紧 盯 捕 掌握
1267,1,,0.0,0.0,把柄,把柄,把柄,把柄
1268,1,,0.0,0.0,投,投,投,投
1269,2,0.5361311667386988,0.23116297939371686,0.0,折射 投射,投射 折射,折射 投射,折射 投射
1270,2,0.5637375616318009,0.27098239199699253,0.0,炒作 投机,投机 炒作,炒作 投机,炒作 投机
1271,1,,0.0,0.0,投资,投资,投资,投资
1272,1,,0.0,0.0,折叠,折叠,折叠,折叠
1273,1,,0.0,0.0,护,护,护,护
1274,1,,0.0,0.0,报,报,报,报
1275,5,0.4838700847073875,0.08929491159872352,0.0,晚报 报纸 日报 报社 报亭,报亭 日报 报纸 报社 晚报,日报 晚报 报亭 报纸 报社,晚报 报纸 日报 报社 报亭
1276,1,,0.0,0.0,报废,报废,报废,报废
1277,1,,0.0,0.0,披,披,披,披
1278,1,,0.0,0.0,押,押,押,押
1279,1,,0.0,0.0,押金,押金,押金,押金
1280,2,0.5094238851381676,0.11212988820350228,0.0,撑 拄,拄 撑,撑 拄,撑 拄
1281,1,,0.0,0.0,担,担,担,担
1282,1,,0.0,0.0,拍卖,拍卖,拍卖,拍卖
1283,1,,0.0,0.0,拍板,拍板,拍板,拍板
1284,2,0.5428806262151435,0.1810062894733688,0.0,拨 拔,拔 拨,拔 拨,拨 拔
1285,4,0.46400238575766933,0.06275332722007965,0.25,拖欠 违约 逾期 欠,逾期 欠 违约 拖欠,拖欠 欠 逾期 违约,拖欠 违约 逾期 欠
1286,9,0.43543792654341945,0.03653130624870782,0.4444444444444444,预订 订购 预定 预约 订 预售 订单 采购 招标,招标 预售 采购 订 预约 订单 预定 订购,采购 订购 订 订单 招标 预约 预售 预定 预订,预订 订购 预定 预约 订 预售 订单 采购 招标
1287,3,0.521250099805429,0.1650860090746575,0.0,牌子 招牌 牌,牌 招牌 牌子,牌 牌子 招牌,牌子 招牌 牌
1288,1,,0.0,0.0,拱,拱,拱,拱
1289,2,0.5129748897474893,0.2039097851330484,0.0,持有 持,持有 持,持有 持,持有 持
1290,1,,0.0,0.0,挂钩,挂钩,挂钩,挂钩
1291,1,,0.0,0.0,指,指,指,指
1292,3,0.49391681922211417,0.16331159522852312,0.0,特定 特殊 指定,指定 特殊 特定,指定 特定 特殊,特定 特殊 指定
1293,1,,0.0,0.0,指手画脚,指手画脚,指手画脚,指手画脚
1294,2,0.5307646152101904,0.2049815511567405,0.0,调度 指挥,调度 指挥,指挥 调度,调度 指挥
1295,1,,0.0,0.0,指数,指数,指数,指数
1296,1,,0.0,0.0,指标,指标,指标,指标
1297,4,0.4320528731005357,0.036368530187698325,0.5,穴位 按摩 部位 桑拿,桑拿 部位 按摩 穴位,桑拿 部位 穴位 按摩,穴位 按摩 部位 桑拿
1298,1,,0.0,0.0,挥,挥,挥,挥
1299,1,,0.0,0.0,挪,挪,挪,挪
1300,1,,0.0,0.0,捂,捂,捂,捂
1301,1,,0.0,0.0,换位,换位,换位,换位
1302,1,,0.0,0.0,捧,捧,捧,捧
1303,1,,0.0,0.0,掉队,掉队,掉队,掉队
1304,1,,0.0,0.0,接手,接手,接手,接手
1305,2,0.5225564756512961,0.17780587180522536,0.0,补给 接济,补给 接济,补给 接济,补给 接济
1306,2,0.676948126570447,0.4128813994940512,0.0,接班 接班人,接班 接班人,接班人 接班,接班 接班人
1307,9,0.4522688572699788,0.024950610085076444,0.4444444444444444,相连 贯通 衔接 相通 连接 接轨 贯穿 纵横交错 脱节,脱节 贯穿 连接 接轨 纵横交错 衔接 相通 贯通,贯通 连接 脱节 相通 相连 纵横交错 衔接 贯穿 接轨,相连 贯通 衔接 相通 连接 接轨 贯穿 纵横交错 脱节
1308,8,0.4082674406916145,-0.012035262193798855,0.625,逼近 靠近 接近 贴近 靠拢 突破 走近 破,破 靠拢 走近 突破 靠近 贴近 接近 逼近,破 靠拢 靠近 突破 逼近 贴近 接近 走近,逼近 靠近 接近 贴近 靠拢 突破 走近 破
1309,4,0.4433649372220383,0.11274719241987854,0.0,运送 输送 运 接送,接送 运 输送 运送,输送 运 运送 接送,运送 输送 运 接送
1310,1,,0.0,0.0,推,推,推,推
1311,1,,0.0,0.0,措手不及,措手不及,措手不及,措手不及
1312,1,,0.0,0.0,提,提,提,提
1313,2,0.6077061496597382,0.3262782125382637,0.0,晋升 提拔,提拔 晋升,提拔 晋升,晋升 提拔
1314,4,0.433292178557627,0.021720420086473895,0.25,精练 提炼 浓缩 精,精 提炼 浓缩 精练,精 提炼 精练 浓缩,精练 提炼 浓缩 精
1315,3,0.474656959892166,0.10745745430857612,0.3333333333333333,风险 提示 隐患,隐患 提示 风险,提示 风险 隐患,风险 提示 隐患
1316,1,,0.0,0.0,插,插,插,插
1317,3,0.4437686234270208,0.07084333925616482,0.3333333333333333,调查 问卷 搜查,搜查 问卷 调查,问卷 搜查 调查,调查 问卷 搜查
1318,3,0.4802566915279183,0.01357046098200202,0.3333333333333333,搭配 搭 配,配 搭 搭配,搭 配 搭配,搭配 搭 配
1319,1,,0.0,0.0,搭档,搭档,搭档,搭档
1320,1,,0.0,0.0,摇篮,摇篮,摇篮,摇篮
1321,1,,0.0,0.0,摊,摊,摊,摊
1322,1,,0.0,0.0,撇,撇,撇,撇
1323,1,,0.0,0.0,操作,操作,操作,操作
1324,5,0.4467395838110962,-0.003731101137636794,0.4,操控 操纵 遥控 驾驭 远程,驾驭 远程 遥控 操控 操纵,远程 操纵 操控 遥控 驾驭,操控 操纵 遥控 驾驭 远程
1325,1,,0.0,0.0,攀,攀,攀,攀
1326,1,,0.0,0.0,收敛,收敛,收敛,收敛
1327,3,0.5421266353038666,0.2142658880166901,0.0,混 改 混合,混合 改 混,改 混 混合,混 改 混合
1328,2,0.6277773303691796,0.3601990962377769,0.0,改为 改名,改名 改为,改为 改名,改为 改名
1329,1,,0.0,0.0,改邪归正,改邪归正,改邪归正,改邪归正
1330,1,,0.0,0.0,放大,放大,放大,放大
1331,4,0.4599911787442523,0.08388549915015894,0.25,顺心 放心 满意 遂心,遂心 放心 顺心 满意,顺心 放心 遂心 满意,顺心 放心 满意 遂心
1332,4,0.45512154086488965,0.04746303683437737,0.25,放松 松弛 麻痹 松绑,麻痹 松绑 放松 松弛,松弛 放松 麻痹 松绑,放松 松弛 麻痹 松绑
1333,1,,0.0,0.0,放水,放水,放水,放水
1334,1,,0.0,0.0,效力,效力,效力,效力
1335,1,,0.0,0.0,教育部,教育部,教育部,教育部
1336,1,,0.0,0.0,散,散,散,散
1337,1,,0.0,0.0,敬而远之,敬而远之,敬而远之,敬而远之
1338,5,0.3909152153624107,-0.010907683405142837,0.6,数据 数字 数据库 显示 数码,数据库 数码 显示 数字 数据,数字 数据库 数据 数码 显示,数据 数字 数据库 显示 数码
1339,1,,0.0,0.0,敲边鼓,敲边鼓,敲边鼓,敲边鼓
1340,1,,0.0,0.0,整,整,整,整
1341,1,,0.0,0.0,整数,整数,整数,整数
1342,2,0.5478719884856069,0.2831106383055513,0.0,整理 梳理,整理 梳理,整理 梳理,整理 梳理
1343,1,,0.0,0.0,文,文,文,文
1344,6,0.3942869438457303,-0.014637042802728992,0.5,附加 附带 附件 附 额外 文件,文件 额外 附 附件 附加 附带,额外 附加 附带 附件 附 文件,附加 附带 附件 附 额外 文件
1345,1,,0.0,0.0,料,料,料,料
1346,1,,0.0,0.0,新兴,新兴,新兴,新兴
1347,9,0.41810055756712505,0.006351587363222652,0.4444444444444444,时髦 流行 潮流 时尚 新潮 风尚 盛行 过时 流传,流传 盛行 过时 潮流 时尚 风尚 流行 新潮,时尚 流行 潮流 流传 新潮 时髦 风尚 盛行 过时,时髦 流行 潮流 时尚 新潮 风尚 盛行 过时 流传
1348,1,,0.0,0.0,新生,新生,新生,新生
1349,3,0.52198901113943,0.11540050073756813,0.0,新鲜 鲜活 鲜,鲜活 鲜 新鲜,鲜活 鲜 新鲜,新鲜 鲜活 鲜
1350,1,,0.0,0.0,方,方,方,方
1351,3,0.5595328623306147,0.21843779207868116,0.0,旁观 袖手旁观 看热闹,袖手旁观 看热闹 旁观,旁观 看热闹 袖手旁观,旁观 袖手旁观 看热闹
1352,1,,0.0,0.0,族,族,族,族
1353,1,,0.0,0.0,无可奉告,无可奉告,无可奉告,无可奉告
1354,1,,0.0,0.0,无敌,无敌,无敌,无敌
1355,1,,0.0,0.0,无条件,无条件,无条件,无条件
1356,3,0.5949135578212419,0.2789624701060473,0.0,无限 无穷 无边,无边 无限 无穷,无边 无限 无穷,无限 无穷 无边
1357,2,0.5184963914664416,0.15770339147868315,0.0,无缘 缺席,无缘 缺席,无缘 缺席,无缘 缺席
1358,2,0.5753204015378586,0.23967166805645804,0.0,过日子 日子,过日子 日子,过日子 日子,过日子 日子
1359,3,0.4590196298077876,0.12411479328772335,0.0,时间表 时间 日程,时间 日程 时间表,日程 时间 时间表,时间表 时间 日程
1360,1,,0.0,0.0,早晚,早晚,早晚,早晚
1361,1,,0.0,0.0,旭日,旭日,旭日,旭日
1362,1,,0.0,0.0,时事,时事,时事,时事
1363,1,,0.0,0.0,时好时坏,时好时坏,时好时坏,时好时坏
1364,1,,0.0,0.0,时段,时段,时段,时段
1365,8,0.3366364076802625,-0.15359176809110886,1.0,清晰 清楚 鲜明 透彻 明确 透 特色 特产,特产 特色 透 鲜明 清楚 清晰 明确 透彻,鲜明 明确 透彻 清晰 清楚 透 特色 特产,清晰 清楚 鲜明 透彻 明确 透 特色 特产
1366,1,,0.0,0.0,星座,星座,星座,星座
1367,1,,0.0,0.0,映,映,映,映
1368,2,0.5566399611923161,0.29156942048837076,0.0,是非 非,非 是非,是非 非,是非 非
1369,1,,0.0,0.0,晒,晒,晒,晒
1370,1,,0.0,0.0,景,景,景,景
1371,4,0.46897485149596013,0.10293046577038992,0.0,裸露 露 暴露 裸,裸 暴露 露 裸露,露 裸 裸露 暴露,裸露 露 暴露 裸
1372,4,0.531173341738337,0.18343790489645403,0.25,暴风雨 风暴 暴风骤雨 风,风 暴风骤雨 风暴 暴风雨,暴风雨 风 暴风骤雨 风暴,暴风雨 风暴 暴风骤雨 风
1373,1,,0.0,0.0,曝光,曝光,曝光,曝光
1374,1,,0.0,0.0,更新,更新,更新,更新
1375,1,,0.0,0.0,替身,替身,替身,替身
1376,1,,0.0,0.0,月票,月票,月票,月票
1377,1,,0.0,0.0,有两下子,有两下子,有两下子,有两下子
1378,2,0.592253820348912,0.3099225299997182,0.0,有效 有力,有力 有效,有效 有力,有效 有力
1379,1,,0.0,0.0,有待,有待,有待,有待
1380,1,,0.0,0.0,有机,有机,有机,有机
1381,1,,0.0,0.0,有的放矢,有的放矢,有的放矢,有的放矢
1382,1,,0.0,0.0,有限,有限,有限,有限
1383,1,,0.0,0.0,服,服,服,服
1384,1,,0.0,0.0,望,望,望,望
1385,1,,0.0,0.0,朝三暮四,朝三暮四,朝三暮四,朝三暮四
1386,1,,0.0,0.0,期末,期末,期末,期末
1387,2,0.5414788330038731,0.23447559344850305,0.0,经 未经,经 未经,经 未经,经 未经
1388,1,,0.0,0.0,末,末,末,末
1389,1,,0.0,0.0,末日,末日,末日,末日
1390,2,0.5334772383282316,0.21662215252249956,0.0,本色 本分,本分 本色,本分 本色,本色 本分
1391,1,,0.0,0.0,机构,机构,机构,机构
1392,1,,0.0,0.0,杂,杂,杂,杂
1393,7,0.47931610231652017,0.11242403016377356,0.14285714285714285,权利 职权 权力 权 特权 行使 权益,权益 行使 职权 权力 特权 权利 权,权 行使 权利 权力 权益 职权 特权,权利 职权 权力 权 特权 行使 权益
1394,1,,0.0,0.0,权威,权威,权威,权威
1395,2,0.5042939207015223,0.2021739237726721,0.0,杠铃 球拍,球拍 杠铃,球拍 杠铃,杠铃 球拍
1396,1,,0.0,0.0,条,条,条,条
1397,2,0.5237127246064753,0.21207607112391413,0.0,环境 条件,条件 环境,条件 环境,环境 条件
1398,3,0.44045359035493403,0.06952512846763276,0.0,脉络 来龙去脉 脉搏,来龙去脉 脉搏 脉络,脉搏 脉络 来龙去脉,脉络 来龙去脉 脉搏
1399,1,,0.0,0.0,板,板,板,板
1400,1,,0.0,0.0,极限,极限,极限,极限
1401,2,0.5946689862760117,0.3442726380067668,0.0,组成 构成,组成 构成,组成 构成,组成 构成
1402,1,,0.0,0.0,枢纽,枢纽,枢纽,枢纽
1403,1,,0.0,0.0,某,某,某,某
1404,6,0.418585429104879,-0.0035566672560892417,0.5,核实 查明 核对 查 查出 求证,求证 查出 查 查明 核对 核实,查 核实 核对 查出 求证 查明,核实 查明 核对 查 查出 求证
1405,5,0.41441085279005707,0.0035655866328619,0.4,登录 登陆 查询 注册 查看,查看 登陆 注册 查询 登录,查询 登录 登陆 查看 注册,登录 登陆 查询 注册 查看
1406,1,,0.0,0.0,标,标,标,标
1407,1,,0.0,0.0,栋梁,栋梁,栋梁,栋梁
1408,1,,0.0,0.0,栏,栏,栏,栏
1409,1,,0.0,0.0,校园,校园,校园,校园
1410,1,,0.0,0.0,核心,核心,核心,核心
1411,1,,0.0,0.0,格,格,格,格
1412,1,,0.0,0.0,格式,格式,格式,格式
1413,1,,0.0,0.0,格格不入,格格不入,格格不入,格格不入
1414,10,0.4708029146293283,0.10613283892402155,0.2,荷花 菊花 牡丹 梅花 桃花 玫瑰 花卉 鲜花 百合 芦花,鲜花 芦花 百合 花卉 玫瑰 桃花 梅花 牡丹,梅花 牡丹 桃花 百合 芦花 花卉 荷花 玫瑰 鲜花 菊花,荷花 菊花 牡丹 梅花 桃花 玫瑰 花卉 鲜花 百合 芦花
1415,1,,0.0,0.0,框,框,框,框
1416,1,,0.0,0.0,框架,框架,框架,框架
1417,1,,0.0,0.0,档,档,档,档
1418,1,,0.0,0.0,桩,桩,桩,桩
1419,1,,0.0,0.0,榨,榨,榨,榨
1420,1,,0.0,0.0,模型,模型,模型,模型
1421,1,,0.0,0.0,横向,横向,横向,横向
1422,5,0.5210645529756928,0.2204420455384352,0.0,欣赏 观赏 鉴赏 观看 赏,鉴赏 赏 观看 观赏 欣赏,鉴赏 观看 赏 欣赏 观赏,欣赏 观赏 鉴赏 观看 赏
1423,1,,0.0,0.0,止步,止步,止步,止步
1424,2,0.505494182408641,0.05777674143428385,0.0,照常 正常,正常 照常,照常 正常,照常 正常
1425,1,,0.0,0.0,正当,正当,正当,正当
1426,1,,0.0,0.0,正规,正规,正规,正规
1427,1,,0.0,0.0,此事,此事,此事,此事
1428,1,,0.0,0.0,此次,此次,此次,此次
1429,9,0.4463456727515697,0.03700286039510973,0.3333333333333333,波涛 起伏 波浪 波澜 迭起 风浪 浪 此起彼伏 连绵,风浪 此起彼伏 浪 起伏 连绵 迭起 波澜 波涛,迭起 起伏 浪 连绵 波涛 波浪 波澜 风浪 此起彼伏,波涛 起伏 波浪 波澜 迭起 风浪 浪 此起彼伏 连绵
1430,8,0.4172298910503361,-0.012895395872109318,0.5,步伐 脚步 进程 进度 节奏 进展 脚印 足迹,脚印 进展 足迹 节奏 进度 脚步 进程 步伐,进展 进度 进程 脚印 脚步 步伐 足迹 节奏,步伐 脚步 进程 进度 节奏 进展 脚印 足迹
1431,4,0.5401597242985664,0.2110336870066174,0.0,盲人 聋人 残疾 轮椅,轮椅 残疾 聋人 盲人,聋人 轮椅 盲人 残疾,盲人 聋人 残疾 轮椅
1432,1,,0.0,0.0,段,段,段,段
1433,1,,0.0,0.0,母,母,母,母
1434,1,,0.0,0.0,每,每,每,每
1435,1,,0.0,0.0,每逢,每逢,每逢,每逢
1436,1,,0.0,0.0,毛,毛,毛,毛
1437,3,0.43811465083921136,0.07890709148335247,0.6666666666666666,预报 气象 预告,气象 预告 预报,预报 预告 气象,预报 气象 预告
1438,2,0.55353836731928,0.20603825534147002,0.0,水手 海盗,水手 海盗,海盗 水手,水手 海盗
1439,3,0.5054809971794563,0.19187265954838387,0.0,水泥 混凝土 玻璃,玻璃 混凝土 水泥,玻璃 混凝土 水泥,水泥 混凝土 玻璃
1440,1,,0.0,0.0,水灵灵,水灵灵,水灵灵,水灵灵
1441,1,,0.0,0.0,水落石出,水落石出,水落石出,水落石出
1442,1,,0.0,0.0,水货,水货,水货,水货
1443,5,0.44526450953531677,0.07879452461540679,0.0,永远 永不 绝对 永恒 绝,绝 永恒 绝对 永不 永远,绝 绝对 永远 永不 永恒,永远 永不 绝对 永恒 绝
1444,1,,0.0,0.0,汇,汇,汇,汇
1445,1,,0.0,0.0,汪洋,汪洋,汪洋,汪洋
1446,1,,0.0,0.0,沙龙,沙龙,沙龙,沙龙
1447,8,0.46955291853708214,0.10267734319785511,0.125,穿过 越过 沿着 穿越 沿 跨越 顺着 跨,跨 顺着 沿着 穿越 跨越 沿 越过 穿过,跨越 顺着 沿 沿着 跨 越过 穿过 穿越,穿过 越过 沿着 穿越 沿 跨越 顺着 跨
1448,1,,0.0,0.0,注,注,注,注
1449,8,0.47684507041016316,0.13501299671271202,0.125,眼光 视野 目光 视线 视角 眼界 注视 直视,直视 眼界 注视 视角 目光 视野 视线 眼光,注视 直视 视线 眼界 目光 眼光 视角 视野,眼光 视野 目光 视线 视角 眼界 注视 直视
1450,1,,0.0,0.0,洋,洋,洋,洋
1451,1,,0.0,0.0,活跃,活跃,活跃,活跃
1452,1,,0.0,0.0,流动,流动,流动,流动
1453,1,,0.0,0.0,流水,流水,流水,流水
1454,1,,0.0,0.0,流通,流通,流通,流通
1455,2,0.5893300341747907,0.2774554402776481,0.0,深 浅,深 浅,浅 深,深 浅
1456,1,,0.0,0.0,海绵,海绵,海绵,海绵
1457,1,,0.0,0.0,消,消,消,消
1458,1,,0.0,0.0,消化,消化,消化,消化
1459,2,0.5260426885353706,0.20480170459676905,0.0,消费 购物,购物 消费,消费 购物,消费 购物
1460,3,0.4796172170076965,0.057482328827455735,0.0,润 顺 盛,顺 润 盛,盛 润 顺,润 顺 盛
1461,1,,0.0,0.0,淘,淘,淘,淘
1462,1,,0.0,0.0,淡化,淡化,淡化,淡化
1463,5,0.4521795939326547,0.026940895958713972,0.6,深刻 深切 深入 深深 纵深,纵深 深深 深入 深刻 深切,纵深 深切 深刻 深入 深深,深刻 深切 深入 深深 纵深
1464,1,,0.0,0.0,深处,深处,深处,深处
1465,1,,0.0,0.0,深度,深度,深度,深度
1466,1,,0.0,0.0,清,清,清,清
1467,2,0.5232251483502114,0.1369053133188862,0.0,渗透 渗,渗 渗透,渗 渗透,渗透 渗
1468,2,0.6798307912984547,0.39324874943521027,0.0,游戏机 游戏,游戏 游戏机,游戏 游戏机,游戏机 游戏
1469,1,,0.0,0.0,滑,滑,滑,滑
1470,1,,0.0,0.0,滑梯,滑梯,滑梯,滑梯
1471,1,,0.0,0.0,滚动,滚动,滚动,滚动
1472,1,,0.0,0.0,满,满,满,满
1473,7,0.4054953213661226,-0.058998575313093486,0.7142857142857143,迎合 顺应 适应 满足 迁就 讨好 顺势,顺势 讨好 迁就 适应 满足 顺应 迎合,讨好 顺应 顺势 满足 适应 迁就 迎合,迎合 顺应 适应 满足 迁就 讨好 顺势
1474,2,0.5575552937374021,0.23463198025608667,0.0,漆 蜡,蜡 漆,漆 蜡,漆 蜡
1475,1,,0.0,0.0,漏,漏,漏,漏
1476,1,,0.0,0.0,漫,漫,漫,漫
1477,1,,0.0,0.0,火山,火山,火山,火山
1478,1,,0.0,0.0,灵,灵,灵,灵
1479,1,,0.0,0.0,灵机一动,灵机一动,灵机一动,灵机一动
1480,1,,0.0,0.0,灵通,灵通,灵通,灵通
1481,1,,0.0,0.0,点,点,点,点
1482,1,,0.0,0.0,点击率,点击率,点击率,点击率
1483,1,,0.0,0.0,点名,点名,点名,点名
1484,1,,0.0,0.0,点子,点子,点子,点子
1485,6,0.4604931639737997,0.10108396597679409,0.16666666666666666,燃烧 点火 着火 点燃 焚烧 熄火,熄火 焚烧 着火 点燃 燃烧 点火,熄火 着火 点火 点燃 焚烧 燃烧,燃烧 点火 着火 点燃 焚烧 熄火
1486,3,0.44315239416340546,0.10159380352237446,0.3333333333333333,点评 要点 评,要点 评 点评,点评 要点 评,点评 要点 评
1487,1,,0.0,0.0,炼,炼,炼,炼
1488,1,,0.0,0.0,热带,热带,热带,热带
1489,3,0.4545178298027024,0.04379057825717114,0.3333333333333333,缝 针 焊,焊 针 缝,缝 焊 针,缝 针 焊
1490,1,,0.0,0.0,焦,焦,焦,焦
1491,1,,0.0,0.0,照例,照例,照例,照例
1492,3,0.549697814066353,0.25554998030774545,0.0,牛 熊 马,马 熊 牛,熊 牛 马,牛 熊 马
1493,4,0.47025667622238115,0.09626153364905221,0.0,熟悉 熟练 精通 陌生,陌生 精通 熟练 熟悉,熟悉 精通 陌生 熟练,熟悉 熟练 精通 陌生
1494,1,,0.0,0.0,爆发,爆发,爆发,爆发
1495,1,,0.0,0.0,爆满,爆满,爆满,爆满
1496,1,,0.0,0.0,爱国,爱国,爱国,爱国
1497,1,,0.0,0.0,片,片,片,片
1498,1,,0.0,0.0,牙,牙,牙,牙
1499,2,0.5580741517084136,0.2816863154877274,0.0,牢 筑,牢 筑,筑 牢,牢 筑
1500,1,,0.0,0.0,物质,物质,物质,物质
1501,1,,0.0,0.0,特,特,特,特
1502,1,,0.0,0.0,状元,状元,状元,状元
1503,1,,0.0,0.0,犹豫不决,犹豫不决,犹豫不决,犹豫不决
1504,1,,0.0,0.0,独,独,独,独
1505,1,,0.0,0.0,独家,独家,独家,独家
1506,5,0.4529763320327209,0.07452600741399071,0.2,独立自主 自主 独立 自立 自行,自行 自立 独立 独立自主 自主,独立 独立自主 自行 自立 自主,独立自主 自主 独立 自立 自行
1507,1,,0.0,0.0,献血,献血,献血,献血
1508,1,,0.0,0.0,玄,玄,玄,玄
1509,1,,0.0,0.0,王牌,王牌,王牌,王牌
1510,1,,0.0,0.0,环,环,环,环
1511,1,,0.0,0.0,环球,环球,环球,环球
1512,1,,0.0,0.0,现成,现成,现成,现成
1513,2,0.5934710068774804,0.3129107958491577,0.0,现有 现行,现有 现行,现有 现行,现有 现行
1514,1,,0.0,0.0,现金,现金,现金,现金
1515,1,,0.0,0.0,理,理,理,理
1516,1,,0.0,0.0,甜头,甜头,甜头,甜头
1517,1,,0.0,0.0,用人,用人,用人,用人
1518,1,,0.0,0.0,用法,用法,用法,用法
1519,1,,0.0,0.0,电,电,电,电
1520,1,,0.0,0.0,电子版,电子版,电子版,电子版
1521,1,,0.0,0.0,界,界,界,界
1522,1,,0.0,0.0,登,登,登,登
1523,1,,0.0,0.0,百分点,百分点,百分点,百分点
1524,1,,0.0,0.0,皮,皮,皮,皮
1525,1,,0.0,0.0,监管,监管,监管,监管
1526,1,,0.0,0.0,盘,盘,盘,盘
1527,1,,0.0,0.0,目的地,目的地,目的地,目的地
1528,1,,0.0,0.0,直,直,直,直
1529,2,0.6261433469472352,0.3735925983414454,0.0,间接 直接,直接 间接,间接 直接,间接 直接
1530,1,,0.0,0.0,直线,直线,直线,直线
1531,9,0.4254869922293718,0.010770696827807668,0.5555555555555556,相识 结识 相遇 萍水相逢 认识 素不相识 见识 相约 阅历,阅历 相约 认识 见识 相遇 萍水相逢 素不相识 结识,相遇 阅历 相识 相约 结识 素不相识 认识 见识 萍水相逢,相识 结识 相遇 萍水相逢 认识 素不相识 见识 相约 阅历
1532,1,,0.0,0.0,看得见,看得见,看得见,看得见
1533,1,,0.0,0.0,真正,真正,真正,真正
1534,1,,0.0,0.0,真空,真空,真空,真空
1535,2,0.6317703744865653,0.3716138171330249,0.0,眼前 面前,眼前 面前,面前 眼前,眼前 面前
1536,1,,0.0,0.0,眼红,眼红,眼红,眼红
1537,1,,0.0,0.0,着落,着落,着落,着落
1538,1,,0.0,0.0,短暂,短暂,短暂,短暂
1539,2,0.5456681207729961,0.2362195859277532,0.0,线索 破案,线索 破案,线索 破案,线索 破案
1540,3,0.5612176170163492,0.25400747583837585,0.0,软件 硬件 计算机,计算机 软件 硬件,软件 计算机 硬件,软件 硬件 计算机
1541,1,,0.0,0.0,社,社,社,社
1542,5,0.5357058015592694,0.2397610687528256,0.2,离 距离 距 远离 脱离,脱离 远离 距离 距 离,远离 距离 离 距 脱离,离 距离 距 远离 脱离
1543,2,0.5354386366107404,0.1398034247794095,0.0,项 种,种 项,种 项,项 种
1544,1,,0.0,0.0,种子,种子,种子,种子
1545,1,,0.0,0.0,科,科,科,科
1546,1,,0.0,0.0,秤,秤,秤,秤
1547,1,,0.0,0.0,积,积,积,积
1548,1,,0.0,0.0,移植,移植,移植,移植
1549,2,0.5220277159668611,0.06122583348355538,0.0,程度 限度,限度 程度,程度 限度,程度 限度
1550,1,,0.0,0.0,稍候,稍候,稍候,稍候
1551,2,0.7322665340526697,0.5564087033667908,0.0,间隙 空隙,空隙 间隙,间隙 空隙,间隙 空隙
1552,1,,0.0,0.0,穿小鞋,穿小鞋,穿小鞋,穿小鞋
1553,1,,0.0,0.0,突击,突击,突击,突击
1554,1,,0.0,0.0,突发,突发,突发,突发
1555,2,0.5340077121538653,0.15436908509113217,0.0,突如其来 莫名其妙,突如其来 莫名其妙,突如其来 莫名其妙,突如其来 莫名其妙
1556,1,,0.0,0.0,窒息,窒息,窒息,窒息
1557,1,,0.0,0.0,窗口,窗口,窗口,窗口
1558,1,,0.0,0.0,窝,窝,窝,窝
1559,1,,0.0,0.0,立,立,立,立
1560,1,,0.0,0.0,竞技,竞技,竞技,竞技
1561,2,0.6249341127647359,0.381668571235184,0.0,节 章,章 节,章 节,节 章
1562,1,,0.0,0.0,端正,端正,端正,端正
1563,3,0.6188313420292544,0.41322154187278576,0.0,级别 等级 级,等级 级 级别,级 等级 级别,级别 等级 级
1564,1,,0.0,0.0,筋,筋,筋,筋
1565,1,,0.0,0.0,筹,筹,筹,筹
1566,1,,0.0,0.0,筹码,筹码,筹码,筹码
1567,1,,0.0,0.0,签名,签名,签名,签名
1568,1,,0.0,0.0,简历,简历,简历,简历
1569,5,0.3966340605599719,0.031737152914225394,0.2,精打细算 节俭 算账 节衣缩食 账,账 节衣缩食 节俭 算账 精打细算,算账 账 精打细算 节衣缩食 节俭,精打细算 节俭 算账 节衣缩食 账
1570,1,,0.0,0.0,管,管,管,管
1571,5,0.5214771062010499,0.14191840369594777,0.2,运作 运营 运行 运转 管理,管理 运营 运转 运行 运作,运作 管理 运转 运行 运营,运作 运营 运行 运转 管理
1572,1,,0.0,0.0,管辖,管辖,管辖,管辖
1573,1,,0.0,0.0,簇拥,簇拥,簇拥,簇拥
1574,1,,0.0,0.0,粉,粉,粉,粉
1575,2,0.6048226948896878,0.26282083447822624,0.0,颗 粒,粒 颗,粒 颗,颗 粒
1576,1,,0.0,0.0,精品,精品,精品,精品
1577,1,,0.0,0.0,系,系,系,系
1578,1,,0.0,0.0,系列,系列,系列,系列
1579,1,,0.0,0.0,素,素,素,素
1580,1,,0.0,0.0,紧凑,紧凑,紧凑,紧凑
1581,1,,0.0,0.0,红眼,红眼,红眼,红眼
1582,1,,0.0,0.0,纪实,纪实,纪实,纪实
1583,2,0.7183816991727843,0.5311582857025243,0.0,经度 纬度,纬度 经度,纬度 经度,经度 纬度
1584,1,,0.0,0.0,纸,纸,纸,纸
1585,1,,0.0,0.0,线,线,线,线
1586,1,,0.0,0.0,组合,组合,组合,组合
1587,1,,0.0,0.0,组织,组织,组织,组织
1588,1,,0.0,0.0,结,结,结,结
1589,1,,0.0,0.0,绝缘,绝缘,绝缘,绝缘
1590,1,,0.0,0.0,统一,统一,统一,统一
1591,1,,0.0,0.0,续,续,续,续
1592,1,,0.0,0.0,综合,综合,综合,综合
1593,1,,0.0,0.0,编,编,编,编
1594,1,,0.0,0.0,编辑,编辑,编辑,编辑
1595,1,,0.0,0.0,网,网,网,网
1596,1,,0.0,0.0,罗,罗,罗,罗
1597,2,0.8015556677997456,0.65669728501717,0.0,而已 罢了,罢了 而已,罢了 而已,而已 罢了
1598,1,,0.0,0.0,置,置,置,置
1599,1,,0.0,0.0,美,美,美,美
1600,1,,0.0,0.0,美中不足,美中不足,美中不足,美中不足
1601,1,,0.0,0.0,翅膀,翅膀,翅膀,翅膀
1602,2,0.5081048443605982,0.15440402275094078,0.0,翻番 翻,翻番 翻,翻 翻番,翻番 翻
1603,1,,0.0,0.0,老,老,老,老
1604,1,,0.0,0.0,老大,老大,老大,老大
1605,1,,0.0,0.0,老字号,老字号,老字号,老字号
1606,1,,0.0,0.0,者,者,者,者
1607,1,,0.0,0.0,耳光,耳光,耳光,耳光
1608,1,,0.0,0.0,耳目一新,耳目一新,耳目一新,耳目一新
1609,1,,0.0,0.0,联合国,联合国,联合国,联合国
1610,1,,0.0,0.0,联想,联想,联想,联想
1611,1,,0.0,0.0,联网,联网,联网,联网
1612,3,0.5183678240617102,0.13512556139329115,0.0,股 股票 股份,股份 股票 股,股票 股份 股,股 股票 股份
1613,1,,0.0,0.0,股东,股东,股东,股东
1614,5,0.49621430135751526,0.16672492463264227,0.0,车轮 轮胎 轮子 车轴 胎,胎 车轴 轮子 轮胎 车轮,轮子 车轮 车轴 轮胎 胎,车轮 轮胎 轮子 车轴 胎
1615,1,,0.0,0.0,胜任,胜任,胜任,胜任
1616,1,,0.0,0.0,胶水,胶水,胶水,胶水
1617,1,,0.0,0.0,脊梁,脊梁,脊梁,脊梁
1618,1,,0.0,0.0,脱,脱,脱,脱
1619,1,,0.0,0.0,腔,腔,腔,腔
1620,1,,0.0,0.0,腾,腾,腾,腾
1621,1,,0.0,0.0,膜,膜,膜,膜
1622,1,,0.0,0.0,自助,自助,自助,自助
1623,2,0.5413880966607004,0.20568582957088374,0.0,自愿 自发,自愿 自发,自愿 自发,自愿 自发
1624,1,,0.0,0.0,自始至终,自始至终,自始至终,自始至终
1625,1,,0.0,0.0,自负,自负,自负,自负
1626,1,,0.0,0.0,至,至,至,至
1627,1,,0.0,0.0,致命,致命,致命,致命
1628,1,,0.0,0.0,舵手,舵手,舵手,舵手
1629,1,,0.0,0.0,良,良,良,良
1630,1,,0.0,0.0,花样,花样,花样,花样
1631,1,,0.0,0.0,苹果,苹果,苹果,苹果
1632,1,,0.0,0.0,茅台,茅台,茅台,茅台
1633,1,,0.0,0.0,草,草,草,草
1634,1,,0.0,0.0,荒,荒,荒,荒
1635,2,0.5449672501326672,0.1793611145493415,0.0,菜单 选项,菜单 选项,菜单 选项,菜单 选项
1636,2,0.6568670352109249,0.3852405650355689,0.0,萌芽 萌发,萌芽 萌发,萌发 萌芽,萌芽 萌发
1637,2,0.5388027965781168,0.19315361862070024,0.0,落 落下,落 落下,落下 落,落 落下
1638,1,,0.0,0.0,落地,落地,落地,落地
1639,1,,0.0,0.0,蒙,蒙,蒙,蒙
1640,1,,0.0,0.0,虚,虚,虚,虚
1641,1,,0.0,0.0,行,行,行,行
1642,1,,0.0,0.0,行列,行列,行列,行列
1643,1,,0.0,0.0,衍生,衍生,衍生,衍生
1644,1,,0.0,0.0,补,补,补,补
1645,1,,0.0,0.0,补充,补充,补充,补充
1646,1,,0.0,0.0,裁,裁,裁,裁
1647,1,,0.0,0.0,要害,要害,要害,要害
1648,1,,0.0,0.0,见义勇为,见义勇为,见义勇为,见义勇为
1649,1,,0.0,0.0,见仁见智,见仁见智,见仁见智,见仁见智
1650,1,,0.0,0.0,见外,见外,见外,见外
1651,1,,0.0,0.0,角,角,角,角
1652,1,,0.0,0.0,角落,角落,角落,角落
1653,1,,0.0,0.0,解剖,解剖,解剖,解剖
1654,1,,0.0,0.0,解放,解放,解放,解放
1655,1,,0.0,0.0,解脱,解脱,解脱,解脱
1656,1,,0.0,0.0,警钟,警钟,警钟,警钟
1657,1,,0.0,0.0,计,计,计,计
1658,1,,0.0,0.0,认,认,认,认
1659,1,,0.0,0.0,讨,讨,讨,讨
1660,1,,0.0,0.0,记,记,记,记
1661,2,0.5371856962749413,0.20573261016790495,0.0,采访 记者,记者 采访,采访 记者,采访 记者
1662,1,,0.0,0.0,许,许,许,许
1663,1,,0.0,0.0,证,证,证,证
1664,1,,0.0,0.0,识,识,识,识
1665,1,,0.0,0.0,试用期,试用期,试用期,试用期
1666,2,0.5322963541035747,0.1976290977541318,0.0,陷阱 误区,陷阱 误区,误区 陷阱,陷阱 误区
1667,1,,0.0,0.0,说干就干,说干就干,说干就干,说干就干
1668,1,,0.0,0.0,说明书,说明书,说明书,说明书
1669,1,,0.0,0.0,请进,请进,请进,请进
1670,1,,0.0,0.0,谱,谱,谱,谱
1671,1,,0.0,0.0,豁,豁,豁,豁
1672,1,,0.0,0.0,豁出去,豁出去,豁出去,豁出去
1673,1,,0.0,0.0,财经,财经,财经,财经
1674,1,,0.0,0.0,资本,资本,资本,资本
1675,1,,0.0,0.0,资格,资格,资格,资格
1676,1,,0.0,0.0,资源,资源,资源,资源
1677,1,,0.0,0.0,资讯,资讯,资讯,资讯
1678,1,,0.0,0.0,赋予,赋予,赋予,赋予
1679,1,,0.0,0.0,赎,赎,赎,赎
1680,1,,0.0,0.0,赖,赖,赖,赖
1681,4,0.49050366807562823,0.12238108756147026,0.25,跑 赢 输 走,走 赢 跑 输,跑 赢 走 输,跑 赢 输 走
1682,2,0.7607448329989656,0.5938759329204593,0.0,输家 赢家,输家 赢家,输家 赢家,输家 赢家
1683,1,,0.0,0.0,走过场,走过场,走过场,走过场
1684,1,,0.0,0.0,起,起,起,起
1685,1,,0.0,0.0,起步,起步,起步,起步
1686,1,,0.0,0.0,超前,超前,超前,超前
1687,1,,0.0,0.0,足,足,足,足
1688,1,,0.0,0.0,跑龙套,跑龙套,跑龙套,跑龙套
1689,4,0.5345981714702591,0.22295142513510152,0.25,跟随 追随 随 附和,附和 随 跟随 追随,追随 跟随 附和 随,跟随 追随 随 附和
1690,1,,0.0,0.0,跨国,跨国,跨国,跨国
1691,1,,0.0,0.0,踏,踏,踏,踏
1692,1,,0.0,0.0,身份,身份,身份,身份
1693,1,,0.0,0.0,车号,车号,车号,车号
1694,1,,0.0,0.0,转,转,转,转
1695,1,,0.0,0.0,转载,转载,转载,转载
1696,1,,0.0,0.0,轮,轮,轮,轮
1697,2,0.6167942770101075,0.3981451539167368,0.0,轻 重,重 轻,重 轻,轻 重
1698,1,,0.0,0.0,辅助,辅助,辅助,辅助
1699,1,,0.0,0.0,辐射,辐射,辐射,辐射
1700,1,,0.0,0.0,边缘,边缘,边缘,边缘
1701,1,,0.0,0.0,过不去,过不去,过不去,过不去
1702,1,,0.0,0.0,过半,过半,过半,过半
1703,1,,0.0,0.0,过渡,过渡,过渡,过渡
1704,1,,0.0,0.0,迈,迈,迈,迈
1705,1,,0.0,0.0,迟,迟,迟,迟
1706,1,,0.0,0.0,追溯,追溯,追溯,追溯
1707,1,,0.0,0.0,逆,逆,逆,逆
1708,1,,0.0,0.0,透支,透支,透支,透支
1709,1,,0.0,0.0,透明,透明,透明,透明
1710,1,,0.0,0.0,通,通,通,通
1711,1,,0.0,0.0,通俗,通俗,通俗,通俗
1712,1,,0.0,0.0,通用,通用,通用,通用
1713,1,,0.0,0.0,通道,通道,通道,通道
1714,1,,0.0,0.0,造福,造福,造福,造福
1715,1,,0.0,0.0,逢,逢,逢,逢
1716,3,0.525153890869947,0.19939146458374038,0.0,遗嘱 遗愿 遗产,遗产 遗嘱 遗愿,遗产 遗嘱 遗愿,遗嘱 遗愿 遗产
1717,1,,0.0,0.0,部,部,部,部
1718,1,,0.0,0.0,部署,部署,部署,部署
1719,1,,0.0,0.0,配偶,配偶,配偶,配偶
1720,2,0.5511979142349175,0.2040481530969418,0.0,配置 配备,配置 配备,配置 配备,配置 配备
1721,1,,0.0,0.0,酒鬼,酒鬼,酒鬼,酒鬼
1722,1,,0.0,0.0,酷,酷,酷,酷
1723,1,,0.0,0.0,释放,释放,释放,释放
1724,1,,0.0,0.0,野,野,野,野
1725,2,0.5296892143723422,0.1671812340259804,0.0,银 金,金 银,金 银,银 金
1726,1,,0.0,0.0,金字塔,金字塔,金字塔,金字塔
1727,8,0.5083960834516861,0.15657256710656295,0.125,铜 铝 铅 锡 金属 钢 铁 非金属,非金属 钢 铁 金属 铜 锡 铅 铝,金属 锡 钢 铝 铜 铅 铁 非金属,铜 铝 铅 锡 金属 钢 铁 非金属
1728,2,0.5143664877060186,0.13762809366842568,0.0,锁 钥匙,锁 钥匙,锁 钥匙,锁 钥匙
1729,1,,0.0,0.0,钻,钻,钻,钻
1730,1,,0.0,0.0,铺,铺,铺,铺
1731,1,,0.0,0.0,铺路,铺路,铺路,铺路
1732,1,,0.0,0.0,销毁,销毁,销毁,销毁
1733,1,,0.0,0.0,锁定,锁定,锁定,锁定
1734,1,,0.0,0.0,长城,长城,长城,长城
1735,1,,0.0,0.0,长寿,长寿,长寿,长寿
1736,1,,0.0,0.0,长征,长征,长征,长征
1737,1,,0.0,0.0,长足,长足,长足,长足
1738,1,,0.0,0.0,门当户对,门当户对,门当户对,门当户对
1739,1,,0.0,0.0,门槛,门槛,门槛,门槛
1740,1,,0.0,0.0,闯,闯,闯,闯
1741,1,,0.0,0.0,闲,闲,闲,闲
1742,1,,0.0,0.0,队形,队形,队形,队形
1743,1,,0.0,0.0,防火墙,防火墙,防火墙,防火墙
1744,2,0.8785785645119271,0.7878342293822266,0.0,阴性 阳性,阴性 阳性,阳性 阴性,阴性 阳性
1745,1,,0.0,0.0,阴,阴,阴,阴
1746,1,,0.0,0.0,阵,阵,阵,阵
1747,1,,0.0,0.0,阵容,阵容,阵容,阵容
1748,1,,0.0,0.0,阵营,阵营,阵营,阵营
1749,1,,0.0,0.0,阶梯,阶梯,阶梯,阶梯
1750,1,,0.0,0.0,附属,附属,附属,附属
1751,1,,0.0,0.0,院,院,院,院
1752,1,,0.0,0.0,除外,除外,除外,除外
1753,1,,0.0,0.0,随机,随机,随机,随机
1754,2,0.593295147337237,0.3507020362791383,0.0,隐形 隐性,隐形 隐性,隐性 隐形,隐形 隐性
1755,1,,0.0,0.0,集,集,集,集
1756,1,,0.0,0.0,集体,集体,集体,集体
1757,1,,0.0,0.0,集团,集团,集团,集团
1758,1,,0.0,0.0,雪上加霜,雪上加霜,雪上加霜,雪上加霜
1759,1,,0.0,0.0,零,零,零,零
1760,1,,0.0,0.0,露天,露天,露天,露天
1761,1,,0.0,0.0,面目全非,面目全非,面目全非,面目全非
1762,1,,0.0,0.0,革命,革命,革命,革命
1763,1,,0.0,0.0,靶子,靶子,靶子,靶子
1764,1,,0.0,0.0,页,页,页,页
1765,1,,0.0,0.0,顶,顶,顶,顶
1766,1,,0.0,0.0,顾,顾,顾,顾
1767,1,,0.0,0.0,顿,顿,顿,顿
1768,1,,0.0,0.0,风云,风云,风云,风云
1769,1,,0.0,0.0,风水,风水,风水,风水
1770,1,,0.0,0.0,飞,飞,飞,飞
1771,1,,0.0,0.0,餐桌,餐桌,餐桌,餐桌
1772,1,,0.0,0.0,饭碗,饭碗,饭碗,饭碗
1773,1,,0.0,0.0,饱和,饱和,饱和,饱和
1774,1,,0.0,0.0,饶,饶,饶,饶
1775,1,,0.0,0.0,首,首,首,首
1776,2,0.5803075649511897,0.2711500110846305,0.0,首府 首都,首都 首府,首府 首都,首府 首都
1777,1,,0.0,0.0,马后炮,马后炮,马后炮,马后炮
1778,1,,0.0,0.0,驯,驯,驯,驯
1779,1,,0.0,0.0,驱逐,驱逐,驱逐,驱逐
1780,1,,0.0,0.0,高压,高压,高压,高压
1781,1,,0.0,0.0,高度,高度,高度,高度
1782,1,,0.0,0.0,高调,高调,高调,高调
1783,1,,0.0,0.0,魔术,魔术,魔术,魔术
1784,1,,0.0,0.0,鹏程万里,鹏程万里,鹏程万里,鹏程万里
1785,1,,0.0,0.0,鹤立鸡群,鹤立鸡群,鹤立鸡群,鹤立鸡群
1786,1,,0.0,0.0,麻,麻,麻,麻
1787,1,,0.0,0.0,黄金,黄金,黄金,黄金
1788,1,,0.0,0.0,黑马,黑马,黑马,黑马
1789,1,,0.0,0.0,鼓,鼓,鼓,鼓
1790,1,,0.0,0.0,齐,齐,齐,齐
1791,1,,0.0,0.0,龙,龙,龙,龙
