community,size,mean_pair_cosine,mean_cosine_silhouette,negative_silhouette_fraction,representatives,boundary_words,deterministic_sample,all_members,soft_mass,mean_max_membership,mean_normalized_membership_entropy,highest_membership_words,strongest_members_outside_hard_cluster
0,0,,,,,,,,0.014390375669748915,,,需求:0.000021 | 资源:0.000018 | 指标:0.000018 | 体系:0.000017 | 转型:0.000017 | 比例:0.000017 | 目标:0.000017 | 进度:0.000016 | 渠道:0.000016 | 幅度:0.000016 | 盈利:0.000016 | 市场:0.000016,
1,52,0.40115072224646675,0.06312044177211325,0.07692307692307693,扭头 | 小声 | 摇头 | 大声 | 插嘴 | 招呼 | 走开 | 嚷 | 点头 | 打岔 | 坐下 | 瞅,听到 | 吓 | 听见 | 愣 | 摇头 | 停下 | 过头 | 说话,道 | 指着 | 嚷 | 打招呼 | 站住 | 打岔 | 听 | 打断 | 坐下 | 反问 | 大声 | 听到,扭头 | 小声 | 摇头 | 大声 | 插嘴 | 招呼 | 走开 | 嚷 | 点头 | 打岔 | 坐下 | 瞅 | 瞪 | 哼 | 听见 | 反问 | 说道 | 问 | 瞧 | 示意 | 愣 | 告辞 | 一眼 | 喊 | 站住 | 招手 | 指着 | 说话 | 回头 | 转身 | 伸手 | 递给 | 打招呼 | 请坐 | 会意 | 听 | 停下 | 开口 | 脱口而出 | 叫 | 过头 | 敲门 | 吼 | 听到 | 打断 | 举手 | 吓 | 当着 | 七嘴八舌 | 异口同声 | 道 | 放下,54.47271733353323,0.7233466348819438,0.2113006690257325,招呼:0.969811 | 告辞:0.958008 | 喊:0.932314 | 递给:0.932108 | 示意:0.931022 | 大声:0.928128 | 招手:0.906382 | 打招呼:0.899157 | 嚷:0.898977 | 扭头:0.898373 | 走开:0.882290 | 坐下:0.875902,笑:0.349705 | 跟前:0.325355 | 交头接耳:0.322079 | 说:0.288363 | 低头:0.287513 | 冷笑:0.255835 | 见:0.239740 | 进来:0.231675
2,89,0.2796387780437559,0.01276699476120869,0.4606741573033708,收据 | 证件 | 挂失 | 身份证 | 发票 | 支票 | 存折 | 银行卡 | 凭证 | 汇款 | 账单 | 付款,许可 | 拍卖 | 买卖 | 认证 | 流量 | 地址 | 专利 | 付费,取款 | 协议书 | 凭证 | 账户 | 银行卡 | 现金 | 通知书 | 清单 | 许可证 | 号码 | 款项 | 通行证,收据 | 证件 | 挂失 | 身份证 | 发票 | 支票 | 存折 | 银行卡 | 凭证 | 汇款 | 账单 | 付款 | 护照 | 欠条 | 借条 | 登记 | 信用卡 | 取款 | 交费 | 卡片 | 账户 | 手续 | 签证 | 证书 | 填写 | 缴费 | 支付 | 办理 | 一卡通 | 印章 | 密码 | 还款 | 押金 | 通行证 | 公证 | 话费 | 账号 | 号码 | 定金 | 执照 | 外币 | 许可证 | 通知书 | 款项 | 便条 | 签字 | 文件 | 协议书 | 住址 | 邮局 | 名片 | 收费 | 现金 | 零钱 | 账 | 二维码 | 注册 | 档案 | 逾期 | 认证 | 姓名 | 活期 | 牌照 | 告示 | 彩票 | 地址 | 信息 | 有效期 | 清单 | 许可 | 保修 | 工商 | 中介 | 月票 | 理财 | 商标 | 付费 | 说明书 | 票 | 保密 | 笔 | 日期 | 买卖 | 编号 | 专利 | 相关 | 拍卖 | 流量 | 去向,95.19680861748004,0.3843684458486798,0.4752761498708731,收据:0.971729 | 欠条:0.968205 | 借条:0.951834 | 证件:0.947922 | 支票:0.928714 | 存折:0.918027 | 身份证:0.905193 | 护照:0.864082 | 发票:0.840745 | 账单:0.831768 | 汇款:0.829639 | 凭证:0.821835,车票:0.461173 | 机票:0.375019 | 钱包:0.312400 | 报销:0.283046 | 手续费:0.279010 | 驾照:0.276434 | 兑换:0.264563 | 查询:0.255347
3,30,0.3603614851941277,0.08574696730074498,0.1,交往 | 交流 | 沟通 | 交谈 | 互访 | 对话 | 会晤 | 会谈 | 会面 | 往来 | 合作 | 洽谈,深度 | 多边 | 交接 | 社交 | 互信 | 面对面 | 联系 | 通话,交接 | 交往 | 互信 | 双边 | 会面 | 接触 | 互访 | 联络 | 通话 | 交谈 | 会谈 | 互动,交往 | 交流 | 沟通 | 交谈 | 互访 | 对话 | 会晤 | 会谈 | 会面 | 往来 | 合作 | 洽谈 | 互信 | 接触 | 谈话 | 来往 | 经贸 | 联络 | 互动 | 通话 | 双边 | 联系 | 交际 | 建交 | 面对面 | 交换 | 多边 | 社交 | 交接 | 深度,41.21346571627527,0.7309437353033594,0.2425978686560209,往来:0.989820 | 交流:0.980461 | 联络:0.977325 | 接触:0.976032 | 沟通:0.974192 | 对话:0.973832 | 会面:0.969089 | 来往:0.968003 | 交谈:0.962919 | 互动:0.951025 | 面对面:0.928111 | 互访:0.924500,磋商:0.310100 | 交涉:0.237126 | 访谈:0.234918 | 协作:0.226281 | 谈判:0.192975 | 出入:0.190219 | 座谈:0.185539 | 协商:0.154598
4,0,,,,,,,,0.00006879785995412711,,,需求:0.000000 | 体系:0.000000 | 框架:0.000000 | 目标:0.000000 | 进度:0.000000 | 指标:0.000000 | 层面:0.000000 | 要素:0.000000 | 导向:0.000000 | 机制:0.000000 | 资源:0.000000 | 结构:0.000000,
5,0,,,,,,,,0.9628137053144278,,,其余:0.001634 | 继:0.001560 | 得益于:0.001537 | 预计:0.001489 | 目前:0.001439 | 高于:0.001388 | 相当于:0.001386 | 仅次于:0.001360 | 前期:0.001333 | 其中:0.001328 | 源于:0.001324 | 称为:0.001317,
6,30,0.3089726949106269,0.04470023639190417,0.23333333333333334,预订 | 订购 | 预售 | 特价 | 促销 | 打折 | 优惠 | 购买 | 折扣 | 预约 | 预定 | 降价,接收 | 降价 | 申领 | 交付 | 招标 | 发放 | 门票 | 封顶,发放 | 交付 | 购 | 封顶 | 营业 | 预约 | 售价 | 优惠 | 免费 | 特价 | 采购 | 接收,预订 | 订购 | 预售 | 特价 | 促销 | 打折 | 优惠 | 购买 | 折扣 | 预约 | 预定 | 降价 | 领取 | 免费 | 兑换 | 售价 | 采购 | 门票 | 购 | 申领 | 开业 | 出售 | 试用 | 招标 | 交付 | 发放 | 营业 | 封顶 | 开张 | 接收,47.25407381608963,0.4614765655033892,0.4352148769535819,预订:0.907720 | 订购:0.900854 | 免费:0.840384 | 封顶:0.788583 | 开张:0.781748 | 优惠:0.776973 | 开业:0.765207 | 预定:0.727858 | 预约:0.716679 | 打折:0.708795 | 特价:0.669366 | 预售:0.655442,中奖:0.246877 | 套餐:0.244137 | 抽奖:0.239374 | 返还:0.226661 | 定金:0.223648 | 付款:0.217377 | 月票:0.206907 | 话费:0.198782
7,0,,,,,,,,0.005209636429187004,,,需求:0.000007 | 指标:0.000006 | 资源:0.000006 | 比例:0.000006 | 幅度:0.000006 | 转型:0.000006 | 目标:0.000006 | 体系:0.000006 | 盈利:0.000006 | 百分比:0.000006 | 进度:0.000006 | 渠道:0.000006,
8,210,0.2839539111464098,-0.005547360137520954,0.5428571428571428,戏剧 | 歌剧 | 歌曲 | 舞蹈 | 话剧 | 演唱 | 独唱 | 电影 | 音乐 | 喜剧 | 演出 | 剧本,杂志 | 出版 | 出版社 | 太极 | 博览会 | 展览会 | 画册 | 太极拳,电影 | 卫视 | 动画片 | 编辑 | 番 | 场面 | 画家 | 导演 | 出道 | 车展 | 剧组 | 排练,戏剧 | 歌剧 | 歌曲 | 舞蹈 | 话剧 | 演唱 | 独唱 | 电影 | 音乐 | 喜剧 | 演出 | 剧本 | 歌词 | 作品 | 表演 | 歌舞 | 创作 | 乐曲 | 合唱 | 诗歌 | 演员 | 影片 | 演奏 | 戏曲 | 交响乐 | 漫画 | 导演 | 动画片 | 剧目 | 戏 | 电视剧 | 京剧 | 民歌 | 绘画 | 歌唱 | 动画 | 纪录片 | 伴奏 | 歌手 | 芭蕾 | 剧 | 朗诵 | 杂技 | 相声 | 艺术 | 小说 | 短片 | 主题歌 | 编剧 | 旋律 | 节目 | 小品 | 音乐会 | 抒情 | 美术 | 配音 | 国画 | 散文 | 文学 | 主演 | 演戏 | 剧情 | 片子 | 排练 | 专辑 | 乐队 | 画册 | 油画 | 摇滚 | 演唱会 | 诗 | 画展 | 木偶 | 故事 | 画 | 文艺 | 出演 | 笛子 | 唱 | 歌 | 歌星 | 小提琴 | 吉他 | 童话 | 秧歌 | 画面 | 画家 | 连续剧 | 科幻 | 摄影 | 唱片 | 剧团 | 演 | 舞台 | 改编 | 舞 | 马戏 | 书法 | 图画 | 素描 | 乐器 | 年画 | 中国画 | 艺人 | 武术 | 华语 | 字幕 | 放映 | 插图 | 寓言 | 片段 | 海报 | 钢琴 | 卡通 | 传记 | 歌咏 | 影视 | 对白 | 展览 | 剧组 | 古典 | 诗人 | 题材 | 情节 | 魔术 | 游戏 | 模特儿 | 曲 | 上映 | 人物 | 原创 | 励志 | 封面 | 肖像 | 国歌 | 主人公 | 出道 | 银幕 | 电视台 | 解说 | 主角 | 少儿 | 演艺圈 | 啦啦队 | 鉴赏 | 出版 | 小曲 | 国学 | 场面 | 卫视 | 结尾 | 拍戏 | 镜头 | 开场 | 主持人 | 跑龙套 | 同人 | 演播室 | 替身 | 角色 | 收视率 | 纪实 | 科普 | 音像 | 模仿 | 太极拳 | 票房 | 杂志 | 集邮 | 图片 | 设计师 | 奏 | 策划 | 黑白 | 主题 | 对联 | 幕后 | 吉祥物 | 幕 | 文娱 | 愚公移山 | 展览会 | 幅 | 出版社 | 新闻 | 播 | 场景 | 视觉 | 作者 | 编辑 | 车展 | 天文 | 八卦 | 传播 | 版 | 博览会 | 风云 | 太极 | 场 | 少林寺 | 谱 | 历史 | 头条 | 部 | 记 | 首 | 图 | 中华 | 组 | 番,186.91296377507592,0.6071001539411767,0.30585763561273155,歌唱:0.996419 | 歌舞:0.996146 | 演唱:0.995921 | 合唱:0.995820 | 独唱:0.995172 | 舞蹈:0.995146 | 伴奏:0.994661 | 乐曲:0.994506 | 戏剧:0.993845 | 演奏:0.993367 | 表演:0.989332 | 歌剧:0.986165,录制:0.444245 | 雕塑:0.430096 | 转播:0.394388 | 演技:0.390443 | 拍摄:0.366961 | 直播:0.317245 | 播出:0.309303 | 剧场:0.303294
9,39,0.3466489317526176,0.015356723158891706,0.28205128205128205,好听 | 风趣 | 动听 | 悦耳 | 难听 | 抑扬顿挫 | 幽默 | 欢快 | 有趣 | 绘声绘色 | 流利 | 清脆,没意思 | 欢快 | 废话 | 精练 | 不错 | 不亦乐乎 | 有趣 | 有口无心,过瘾 | 滔滔不绝 | 抑扬顿挫 | 头头是道 | 出口成章 | 流利 | 洪亮 | 引经据典 | 不错 | 起劲 | 绘声绘色 | 悦耳,好听 | 风趣 | 动听 | 悦耳 | 难听 | 抑扬顿挫 | 幽默 | 欢快 | 有趣 | 绘声绘色 | 流利 | 清脆 | 有口无心 | 刺耳 | 滔滔不绝 | 好玩儿 | 爽快 | 委婉 | 搞笑 | 过瘾 | 响亮 | 利索 | 洪亮 | 头头是道 | 津津有味 | 起劲 | 有意思 | 引经据典 | 简短 | 滑稽 | 出口成章 | 废话 | 没意思 | 有声有色 | 精练 | 通顺 | 通俗 | 不亦乐乎 | 不错,42.80932356718097,0.8202941532859567,0.14378220366537103,洪亮:0.993759 | 好听:0.992548 | 响亮:0.991855 | 清脆:0.991678 | 悦耳:0.987973 | 简短:0.983897 | 流利:0.980985 | 抑扬顿挫:0.978258 | 绘声绘色:0.976776 | 动听:0.974446 | 委婉:0.972835 | 滔滔不绝:0.941961,痛快:0.381746 | 挺好:0.210144 | 没劲:0.208140 | 实话:0.176593 | 笑话:0.168258 | 简单:0.166491 | 抒情:0.166065 | 有两下子:0.145603
10,1,,0.0,0.0,冲刺,冲刺,冲刺,冲刺,5.474881700284082,0.9691818780383112,0.0490372657990986,冲刺:0.969182 | 倒数:0.025406 | 逼近:0.014873 | 阶段:0.014618 | 跳水:0.014435 | 倒计时:0.012784 | 攻关:0.012033 | 接力:0.011805 | 目标:0.011063 | 突击:0.010863 | 突破:0.010265 | 提速:0.009781,倒数:0.025406 | 逼近:0.014873 | 阶段:0.014618 | 跳水:0.014435 | 倒计时:0.012784 | 攻关:0.012033 | 接力:0.011805 | 目标:0.011063
11,9,0.38207068962414553,0.15296864103999713,0.1111111111111111,书籍 | 报刊 | 报纸 | 刊物 | 图书 | 印刷术 | 造纸术 | 册 | 发明,发明 | 册 | 造纸术 | 印刷术 | 刊物 | 图书 | 书籍 | 报纸,册 | 书籍 | 报刊 | 发明 | 造纸术 | 刊物 | 印刷术 | 图书 | 报纸,书籍 | 报刊 | 报纸 | 刊物 | 图书 | 印刷术 | 造纸术 | 册 | 发明,23.073726870574465,0.6089858733321102,0.28828951898790794,印刷术:0.874884 | 册:0.854591 | 造纸术:0.770200 | 书籍:0.664686 | 报刊:0.620596 | 报纸:0.506486 | 图书:0.443774 | 发明:0.393434 | 刊物:0.352222 | 出版:0.270919 | 文献:0.257753 | 专著:0.220846,出版:0.270919 | 文献:0.257753 | 专著:0.220846 | 百科全书:0.203973 | 辞典:0.200809 | 著作:0.169545 | 印刷:0.143592 | 光盘:0.128754
12,8,0.30580440173332574,0.006216792721390758,0.375,协调 | 协同 | 配合 | 协作 | 安排 | 辅助 | 准备 | 预备,准备 | 预备 | 辅助 | 协作 | 安排 | 协同 | 协调 | 配合,协作 | 预备 | 辅助 | 协调 | 配合 | 安排 | 协同 | 准备,协调 | 协同 | 配合 | 协作 | 安排 | 辅助 | 准备 | 预备,15.562987708923202,0.6895986939637566,0.2891811392614,预备:0.935785 | 安排:0.931261 | 协调:0.886142 | 配合:0.803429 | 辅助:0.701623 | 准备:0.583890 | 协作:0.433116 | 协同:0.241544 | 调度:0.127583 | 分工:0.078442 | 统筹:0.069805 | 筹备:0.068851,调度:0.127583 | 分工:0.078442 | 统筹:0.069805 | 筹备:0.068851 | 优化:0.068752 | 指导:0.067817 | 互补:0.063535 | 组织:0.055972
13,33,0.3507347964640511,0.0634610340232553,0.030303030303030304,韵味 | 魅力 | 底蕴 | 风貌 | 风情 | 风采 | 气息 | 风范 | 精髓 | 内涵 | 情调 | 风尚,气势 | 怀旧 | 根基 | 趣味 | 理念 | 面貌 | 软实力 | 本色,气息 | 品质 | 韵味 | 根基 | 本色 | 底蕴 | 精华 | 风范 | 精髓 | 气魄 | 精品 | 灵感,韵味 | 魅力 | 底蕴 | 风貌 | 风情 | 风采 | 气息 | 风范 | 精髓 | 内涵 | 情调 | 风尚 | 气魄 | 趣味 | 特色 | 气势 | 理念 | 品位 | 人文 | 品质 | 时尚 | 潮流 | 文化 | 怀旧 | 创意 | 氛围 | 本色 | 精品 | 精华 | 面貌 | 根基 | 灵感 | 软实力,37.390755801865225,0.6988915897909538,0.25825200712575125,风貌:0.988747 | 风采:0.984989 | 风范:0.963370 | 底蕴:0.962178 | 魅力:0.962117 | 精髓:0.952059 | 气势:0.947594 | 气息:0.939447 | 风尚:0.907201 | 韵味:0.899035 | 风情:0.896567 | 气魄:0.888619,元素:0.224305 | 风格:0.224050 | 形象:0.181415 | 特质:0.178999 | 境界:0.177064 | 典范:0.162089 | 风度:0.147982 | 积淀:0.147901
14,35,0.3126403099912458,0.03335651546608139,0.2571428571428571,安装 | 建造 | 修建 | 兴建 | 扩建 | 建成 | 拆除 | 竣工 | 动工 | 配备 | 改装 | 维修,分布 | 保管 | 研制 | 配套 | 布置 | 采用 | 造价 | 存放,改造 | 研制 | 改装 | 兴建 | 扩建 | 配置 | 设 | 开工 | 分布 | 配套 | 存放 | 布置,安装 | 建造 | 修建 | 兴建 | 扩建 | 建成 | 拆除 | 竣工 | 动工 | 配备 | 改装 | 维修 | 施工 | 建 | 设置 | 摆放 | 放置 | 改造 | 使用 | 停放 | 修理 | 开工 | 更换 | 布置 | 存放 | 造价 | 研制 | 搬迁 | 配置 | 采用 | 选用 | 配套 | 设 | 保管 | 分布,43.2421972736573,0.6426906532158895,0.30095349749632416,放置:0.993808 | 修建:0.984866 | 建造:0.984791 | 摆放:0.978258 | 兴建:0.970403 | 布置:0.950345 | 修理:0.946844 | 选用:0.931248 | 安装:0.927596 | 动工:0.905342 | 设置:0.902532 | 配备:0.892460,组装:0.339458 | 调试:0.260541 | 改良:0.242112 | 保留:0.211466 | 改为:0.201818 | 储存:0.200479 | 报废:0.188036 | 悬挂:0.163292
15,45,0.3460801724821851,0.038676130100389915,0.24444444444444444,简陋 | 偏僻 | 艰难 | 繁重 | 狭小 | 荒凉 | 复杂 | 艰巨 | 拥挤 | 狭窄 | 紧迫 | 艰苦,阴暗 | 吃力 | 紧张 | 艰险 | 陈旧 | 艰难 | 熟悉 | 艰苦,单薄 | 沉重 | 边远 | 不起眼 | 漫长 | 紧张 | 严峻 | 封闭 | 高昂 | 沉闷 | 拥挤 | 迫切,简陋 | 偏僻 | 艰难 | 繁重 | 狭小 | 荒凉 | 复杂 | 艰巨 | 拥挤 | 狭窄 | 紧迫 | 艰苦 | 严峻 | 破旧 | 薄弱 | 笨重 | 单薄 | 沉重 | 偏远 | 不堪 | 沉闷 | 困难 | 遥远 | 艰险 | 急迫 | 棘手 | 昂贵 | 陈旧 | 糟糕 | 吃力 | 阴暗 | 紧张 | 漫长 | 稀少 | 混乱 | 僻静 | 陌生 | 迫切 | 紧缺 | 边远 | 高昂 | 熟悉 | 不起眼 | 短缺 | 封闭,43.789739970107576,0.8284743576018163,0.14586042618662026,偏僻:0.998981 | 简陋:0.998231 | 偏远:0.997564 | 破旧:0.994028 | 笨重:0.992730 | 狭小:0.992595 | 繁重:0.987149 | 艰巨:0.984867 | 紧迫:0.983560 | 狭窄:0.977916 | 僻静:0.977399 | 拥挤:0.972993,繁华:0.352108 | 杂乱无章:0.266947 | 空荡荡:0.262896 | 脆弱:0.207619 | 摇摇欲坠:0.163837 | 力不从心:0.151011 | 无力:0.142816 | 庞大:0.132747
16,27,0.33252428779617454,0.06775660302508325,0.07407407407407407,评审 | 审核 | 审查 | 面试 | 公示 | 选拔 | 报名 | 评选 | 招聘 | 答辩 | 申报 | 审批,身份 | 求职 | 名额 | 答辩 | 应聘 | 选拔 | 考核 | 申办,求职 | 选拔 | 应聘 | 面试 | 身份 | 投票 | 评选 | 上报 | 资格 | 审批 | 报名 | 评审,评审 | 审核 | 审查 | 面试 | 公示 | 选拔 | 报名 | 评选 | 招聘 | 答辩 | 申报 | 审批 | 评定 | 考核 | 资格 | 审定 | 应聘 | 报到 | 上报 | 征集 | 上岗 | 投票 | 名额 | 申办 | 合格 | 求职 | 身份,39.250567346523844,0.46636809023321757,0.40210978198601244,资格:0.870878 | 答辩:0.839165 | 报到:0.836428 | 报名:0.808827 | 招聘:0.807347 | 应聘:0.785991 | 面试:0.780713 | 上岗:0.732567 | 评审:0.662019 | 名额:0.656433 | 选拔:0.547428 | 求职:0.487491,试用期:0.319903 | 验收:0.255837 | 执照:0.241726 | 职位:0.225606 | 手续:0.222394 | 抽签:0.220394 | 申请:0.218170 | 年薪:0.216805
17,68,0.3706267863154384,0.040241922385652065,0.19117647058823528,诚恳 | 谦逊 | 真诚 | 谦虚 | 坦诚 | 诚实 | 善良 | 豁达 | 礼貌 | 宽容 | 仁慈 | 坦率,知足 | 勤劳 | 平常心 | 良心 | 善良 | 无微不至 | 高尚 | 胸有成竹,坦率 | 大公无私 | 宽容 | 和气 | 可贵 | 克制 | 良心 | 友善 | 虔诚 | 热心 | 镇定 | 公道,诚恳 | 谦逊 | 真诚 | 谦虚 | 坦诚 | 诚实 | 善良 | 豁达 | 礼貌 | 宽容 | 仁慈 | 坦率 | 友善 | 真挚 | 彬彬有礼 | 冷静 | 正直 | 客气 | 诚挚 | 无私 | 坦然 | 厚道 | 体贴 | 善意 | 慷慨 | 理智 | 虔诚 | 大公无私 | 平和 | 自信 | 殷勤 | 从容 | 光明磊落 | 镇定 | 忠心 | 耐心 | 和气 | 沉着 | 知足 | 包容 | 严肃 | 好客 | 坚强 | 勤劳 | 明智 | 忍耐 | 理性 | 务实 | 诚意 | 节俭 | 坚定 | 从容不迫 | 公道 | 本分 | 高尚 | 热心 | 平常心 | 清醒 | 坦白 | 亲切 | 可贵 | 克制 | 周到 | 胸有成竹 | 良心 | 无微不至 | 郑重 | 换位,60.613021935180505,0.6716695903786931,0.2326271715431433,诚恳:0.992787 | 坦诚:0.990102 | 真诚:0.982709 | 冷静:0.970161 | 慷慨:0.966159 | 坦率:0.963607 | 礼貌:0.948722 | 善意:0.947954 | 诚挚:0.945629 | 亲切:0.926863 | 殷勤:0.923403 | 友善:0.922409,和蔼:0.484852 | 勇敢:0.356556 | 顺从:0.333181 | 踏实:0.300088 | 实事求是:0.297068 | 敬业:0.292720 | 好意:0.266673 | 忠贞:0.222422
18,23,0.3153452022821351,0.044357847633603245,0.21739130434782608,溶解 | 凝固 | 沉淀 | 生成 | 浓缩 | 含有 | 分解 | 结晶 | 富含 | 合成 | 融化 | 填充,带有 | 衍生 | 成型 | 积累 | 含有 | 成分 | 循环 | 融化,填充 | 沉淀 | 成型 | 生成 | 浓缩 | 渗透 | 成分 | 融化 | 衍生 | 带有 | 添加 | 转化,溶解 | 凝固 | 沉淀 | 生成 | 浓缩 | 含有 | 分解 | 结晶 | 富含 | 合成 | 融化 | 填充 | 转化 | 成分 | 添加 | 渗透 | 积累 | 发酵 | 吸收 | 成型 | 衍生 | 循环 | 带有,25.096690238767074,0.5139176926942951,0.4059987151188048,沉淀:0.963383 | 浓缩:0.925949 | 含有:0.896814 | 渗透:0.871125 | 填充:0.855476 | 发酵:0.839171 | 凝固:0.805346 | 融化:0.712348 | 添加:0.684042 | 结晶:0.674617 | 富含:0.671316 | 成分:0.443190,提炼:0.292723 | 积淀:0.247584 | 过滤:0.239702 | 注入:0.232490 | 含量:0.208766 | 储存:0.193834 | 输送:0.139757 | 消化:0.134361
19,49,0.2993536873887048,0.03049547359567507,0.3469387755102041,差别 | 相同 | 相似 | 差异 | 不同 | 相差 | 区别 | 有所不同 | 截然不同 | 不相上下 | 差距 | 一模一样,尺度 | 层次 | 变化 | 介于 | 长短 | 固定 | 特定 | 等级,无关 | 区分 | 一致 | 档次 | 同等 | 相差 | 特定 | 介于 | 同类 | 有所不同 | 等级 | 大同小异,差别 | 相同 | 相似 | 差异 | 不同 | 相差 | 区别 | 有所不同 | 截然不同 | 不相上下 | 差距 | 一模一样 | 相等 | 悬殊 | 大同小异 | 吻合 | 区分 | 息息相关 | 无关 | 高低 | 同等 | 反差 | 相提并论 | 挂钩 | 同一 | 格格不入 | 长短 | 匹配 | 类似 | 密不可分 | 一致 | 变化 | 对比 | 落差 | 档次 | 好坏 | 界限 | 介于 | 同类 | 等级 | 水平 | 同 | 关联 | 并列 | 特定 | 层次 | 界线 | 尺度 | 固定,51.13230828905628,0.4754437769329271,0.46056641100419066,相差:0.979498 | 相似:0.978535 | 悬殊:0.974119 | 相同:0.971413 | 相等:0.969470 | 不相上下:0.958593 | 差别:0.910749 | 差异:0.872116 | 差距:0.867108 | 高低:0.845086 | 吻合:0.834801 | 区别:0.777065,重合:0.402677 | 相比:0.186498 | 对称:0.160002 | 大小:0.148720 | 分开:0.148428 | 相辅相成:0.146474 | 之间:0.145640 | 接近:0.120377
20,75,0.2888210280384633,0.014406747539671584,0.41333333333333333,决赛 | 夺冠 | 冠军 | 亚军 | 半决赛 | 预赛 | 夺魁 | 参赛 | 银牌 | 获胜 | 铜牌 | 奖牌,巅峰 | 倒数 | 跳水 | 过半 | 接力 | 黑马 | 起跑线 | 级别,脱颖而出 | 起跑线 | 胜负 | 进场 | 搭档 | 铜牌 | 比分 | 过半 | 冠军 | 历届 | 得分 | 输家,决赛 | 夺冠 | 冠军 | 亚军 | 半决赛 | 预赛 | 夺魁 | 参赛 | 银牌 | 获胜 | 铜牌 | 奖牌 | 胜出 | 金牌 | 单打 | 爆冷门 | 出局 | 世界杯 | 奖杯 | 取胜 | 上场 | 入场券 | 赛场 | 出场 | 比分 | 东道主 | 获奖 | 无缘 | 奥运会 | 阵容 | 失利 | 得分 | 球队 | 奖项 | 大赛 | 胜负 | 对手 | 犯规 | 半场 | 赢家 | 抽签 | 输家 | 揭晓 | 排名 | 垫底 | 入选 | 席位 | 脱颖而出 | 缺席 | 搭档 | 下场 | 名单 | 过关 | 奖 | 赢 | 黑马 | 入场 | 排行榜 | 历届 | 全场 | 纪录 | 起跑线 | 巅峰 | 倒数 | 跳水 | 状元 | 接力 | 过半 | 筹码 | 进场 | 身价 | 主力 | 轮换 | 日程 | 级别,65.29007405567248,0.4546586406879635,0.47140273490355755,夺魁:0.974147 | 胜出:0.969997 | 获胜:0.942388 | 爆冷门:0.927394 | 脱颖而出:0.912105 | 上场:0.904188 | 出场:0.903048 | 银牌:0.895871 | 夺冠:0.868719 | 出局:0.854228 | 铜牌:0.846226 | 奖牌:0.828353,开场:0.309934 | 比赛:0.279574 | 选手:0.220072 | 双打:0.192824 | 成绩:0.191204 | 联赛:0.176686 | 王牌:0.174149 | 人选:0.158157
21,37,0.30310174036566523,0.005524624545160507,0.4594594594594595,愈演愈烈 | 兴起 | 升温 | 热潮 | 盛行 | 汹涌 | 蔓延 | 泛滥 | 涌现 | 涌入 | 高涨 | 迭起,与日俱增 | 浓厚 | 轰动 | 增多 | 水涨船高 | 传出 | 高涨 | 沸沸扬扬,浓厚 | 与日俱增 | 此起彼伏 | 汹涌 | 升温 | 涌现 | 高涨 | 爆发 | 水涨船高 | 聚集 | 问世 | 扩散,愈演愈烈 | 兴起 | 升温 | 热潮 | 盛行 | 汹涌 | 蔓延 | 泛滥 | 涌现 | 涌入 | 高涨 | 迭起 | 掀起 | 火热 | 此起彼伏 | 爆发 | 红火 | 增多 | 沸沸扬扬 | 上演 | 水涨船高 | 流传 | 旺盛 | 诞生 | 火暴 | 活跃 | 深入人心 | 与日俱增 | 演变 | 流入 | 轰动 | 浓厚 | 扩散 | 传出 | 聚集 | 问世 | 流向,36.52526483633702,0.6740024684014909,0.27506460058221005,盛行:0.979792 | 涌入:0.952652 | 兴起:0.950429 | 泛滥:0.948453 | 掀起:0.932407 | 迭起:0.919428 | 沸沸扬扬:0.889647 | 热潮:0.887902 | 愈演愈烈:0.887792 | 上演:0.872720 | 聚集:0.860081 | 流传:0.851677,层出不穷:0.402652 | 流行:0.353780 | 崛起:0.192235 | 日趋:0.155672 | 高潮:0.145971 | 出现:0.143350 | 供不应求:0.137408 | 家喻户晓:0.130513
22,54,0.3552227159314298,0.039496127220722946,0.16666666666666666,阻挠 | 恐吓 | 迫害 | 挑衅 | 讹诈 | 侮辱 | 谴责 | 诽谤 | 反抗 | 纵容 | 报复 | 无理,迫使 | 罪 | 饶恕 | 妄想 | 骚乱 | 惩处 | 侵害 | 侮辱,插手 | 报复 | 惩处 | 妄想 | 迫使 | 罪 | 骚乱 | 阻拦 | 制止 | 侵害 | 推卸 | 阻止,阻挠 | 恐吓 | 迫害 | 挑衅 | 讹诈 | 侮辱 | 谴责 | 诽谤 | 反抗 | 纵容 | 报复 | 无理 | 抗议 | 殴打 | 干涉 | 虐待 | 威胁 | 惩罚 | 骚扰 | 煽动 | 阻拦 | 怠工 | 阴谋 | 侵犯 | 企图 | 阻止 | 制止 | 强迫 | 逼迫 | 制裁 | 剥削 | 背叛 | 伤害 | 示威 | 抵制 | 剥夺 | 抗拒 | 侵害 | 打击 | 逃避 | 借口 | 饶恕 | 惩处 | 妄想 | 施压 | 阻挡 | 推卸 | 迫使 | 骚乱 | 干预 | 插手 | 罢工 | 罪 | 矛头,54.43327006073646,0.6173182870718222,0.26692768078074836,虐待:0.953888 | 抗议:0.940697 | 骚扰:0.920195 | 挑衅:0.909154 | 阻拦:0.906018 | 逼迫:0.902628 | 怠工:0.901251 | 殴打:0.895451 | 阻止:0.888037 | 恐吓:0.885289 | 惩罚:0.881502 | 阻挠:0.850637,压迫:0.389115 | 暴力:0.361381 | 反对:0.340159 | 强加:0.300879 | 容忍:0.292764 | 恶意:0.285179 | 袭击:0.279979 | 攻击:0.273194
23,52,0.335065093655184,0.02743862332443479,0.25,欺骗 | 敲诈 | 诈骗 | 收买 | 窃取 | 贩卖 | 伪造 | 倒卖 | 勾结 | 冒充 | 盗窃 | 引诱,乔装 | 赌博 | 犯罪 | 鼓动 | 掠夺 | 涉嫌 | 借用 | 掩护,骗 | 拉拢 | 宣传 | 伪装 | 勾结 | 引诱 | 兜售 | 大肆 | 非法 | 招揽 | 敲诈 | 伪造,欺骗 | 敲诈 | 诈骗 | 收买 | 窃取 | 贩卖 | 伪造 | 倒卖 | 勾结 | 冒充 | 盗窃 | 引诱 | 骗 | 非法 | 编造 | 假冒 | 欺诈 | 兜售 | 掠夺 | 拉拢 | 走私 | 抢夺 | 虚假 | 出卖 | 大肆 | 侵占 | 强占 | 涉嫌 | 恶意 | 乘人之危 | 诱饵 | 推销 | 操纵 | 鼓动 | 假 | 招揽 | 虚构 | 伪装 | 犯罪 | 散布 | 霸占 | 掩护 | 倾销 | 雇佣 | 赌博 | 乔装 | 宣传 | 谣言 | 垄断 | 瓜分 | 充当 | 借用,51.05171119133627,0.697238582616716,0.22051351028764427,兜售:0.987852 | 冒充:0.985745 | 拉拢:0.983230 | 贩卖:0.982952 | 招揽:0.974443 | 收买:0.973608 | 伪造:0.957432 | 诱饵:0.943925 | 编造:0.939621 | 引诱:0.922706 | 抢夺:0.909598 | 推销:0.907123,煽动:0.435262 | 分赃:0.372422 | 忽悠:0.326160 | 贿赂:0.303793 | 宣扬:0.280494 | 黑心:0.251511 | 团伙:0.250653 | 隐瞒:0.215104
24,60,0.2566798512361582,-0.030301282312583,0.75,宽 | 窄 | 斜 | 凹 | 厚 | 粗 | 弯 | 薄 | 横 | 阔 | 圆 | 陡,延 | 消 | 竖 | 续 | 虚 | 胜 | 独 | 清,远 | 粗 | 续 | 密 | 暗 | 缩 | 平 | 阔 | 紧 | 斜 | 空 | 陡,宽 | 窄 | 斜 | 凹 | 厚 | 粗 | 弯 | 薄 | 横 | 阔 | 圆 | 陡 | 矮 | 长 | 尖 | 细 | 暗 | 凸 | 短 | 硬 | 松 | 浅 | 竖 | 形 | 直 | 拱 | 紧 | 软 | 密 | 平 | 深 | 缓 | 亮 | 尺 | 虚 | 重 | 足 | 角 | 缩 | 顺 | 寸 | 轻 | 扬 | 空 | 立 | 合 | 远 | 延 | 三角 | 清 | 消 | 牢 | 独 | 胜 | 行 | 蒙 | 妥 | 止 | 续 | 负,54.01434300282025,0.31164844422378574,0.5153984490983992,窄:0.937532 | 宽:0.791044 | 凹:0.779593 | 薄:0.779546 | 陡:0.766038 | 厚:0.744027 | 阔:0.694573 | 矮:0.691091 | 粗:0.664944 | 斜:0.663924 | 凸:0.549167 | 圆:0.527866,扁:0.210068 | 垂:0.201990 | 秃:0.194867 | 壮:0.194592 | 右:0.176023 | 移:0.171261 | 截:0.151540 | 遮:0.151217
25,0,,,,,,,,0.0000201861130142184,,,需求:0.000000 | 指标:0.000000 | 体系:0.000000 | 目标:0.000000 | 资源:0.000000 | 进度:0.000000 | 转型:0.000000 | 结构:0.000000 | 比例:0.000000 | 幅度:0.000000 | 要素:0.000000 | 框架:0.000000,
26,96,0.3133393413819767,0.04198033738028532,0.22916666666666666,商场 | 旅馆 | 饭店 | 餐厅 | 宾馆 | 饭馆 | 餐馆 | 酒楼 | 酒吧 | 停车场 | 舞厅 | 公园,游船 | 景区 | 书店 | 设施 | 草坪 | 公用 | 居住 | 动物园,座 | 临街 | 夜市 | 动物园 | 商场 | 食堂 | 入口 | 体育馆 | 出租 | 停车场 | 取款机 | 街,商场 | 旅馆 | 饭店 | 餐厅 | 宾馆 | 饭馆 | 餐馆 | 酒楼 | 酒吧 | 停车场 | 舞厅 | 公园 | 临街 | 旅店 | 公寓 | 酒店 | 电影院 | 广场 | 地铁站 | 游泳池 | 客房 | 商店 | 菜市场 | 场馆 | 花园 | 书店 | 别墅 | 写字楼 | 夜总会 | 食堂 | 剧院 | 大厦 | 网吧 | 报亭 | 大楼 | 体育馆 | 超市 | 剧场 | 礼堂 | 建筑物 | 体育场 | 街道 | 停车位 | 店 | 住宅 | 球场 | 公共场所 | 五星级 | 四合院 | 夜市 | 喷泉 | 街 | 专卖店 | 连锁店 | 清真寺 | 大街 | 车位 | 场所 | 出租 | 物业 | 草坪 | 园 | 社区 | 游船 | 便利店 | 场地 | 动物园 | 景区 | 房屋 | 露天 | 住户 | 建筑 | 设施 | 校园 | 天桥 | 厅 | 装修 | 取款机 | 大街小巷 | 网点 | 商城 | 街头 | 监狱 | 庄园 | 居住 | 住房 | 堂 | 平方米 | 公共 | 租 | 院 | 座 | 商务 | 入口 | 公用 | 家,113.69822661105336,0.49095480406273184,0.33590140807345165,酒楼:0.960745 | 酒吧:0.939305 | 饭馆:0.931417 | 饭店:0.927794 | 餐馆:0.913737 | 舞厅:0.910305 | 餐厅:0.907066 | 旅馆:0.894850 | 夜总会:0.870289 | 旅店:0.855771 | 宾馆:0.823644 | 酒店:0.813213,幢:0.449094 | 大厅:0.447662 | 栋:0.427954 | 楼:0.422433 | 小区:0.422166 | 屋:0.388238 | 看台:0.382631 | 居民楼:0.354812
27,0,,,,,,,,4.6532855447360564e-6,,,量:0.000000 | 占:0.000000 | 低于:0.000000 | 价:0.000000 | 幅度:0.000000 | 值:0.000000 | 需求:0.000000 | 减:0.000000 | 增:0.000000 | 百分比:0.000000 | 小于:0.000000 | 盈利:0.000000,
28,32,0.3773639935707094,0.048173466216523755,0.25,操心 | 忙碌 | 忙 | 操劳 | 忙活 | 忙乱 | 劳累 | 发愁 | 奔波 | 辛苦 | 伤脑筋 | 犯愁,不便 | 应酬 | 絮叨 | 头疼 | 提心吊胆 | 无所事事 | 唠叨 | 无聊,费劲 | 折腾 | 私事 | 忙碌 | 不便 | 唠叨 | 奔波 | 东奔西走 | 无聊 | 耽误 | 辛苦 | 无所事事,操心 | 忙碌 | 忙 | 操劳 | 忙活 | 忙乱 | 劳累 | 发愁 | 奔波 | 辛苦 | 伤脑筋 | 犯愁 | 耽搁 | 唠叨 | 无聊 | 胡思乱想 | 耽误 | 麻烦 | 折腾 | 头疼 | 提心吊胆 | 费劲 | 东奔西走 | 絮叨 | 无所事事 | 繁忙 | 应酬 | 公事 | 私事 | 盘算 | 着落 | 不便,34.1820125225851,0.8762059828656853,0.11117908855357793,忙碌:0.997392 | 操劳:0.993795 | 奔波:0.984942 | 应酬:0.980272 | 发愁:0.980169 | 麻烦:0.978668 | 操心:0.969938 | 忙活:0.965997 | 不便:0.965293 | 私事:0.959914 | 公事:0.958638 | 耽搁:0.952764,思前想后:0.216302 | 着急:0.187520 | 说闲话:0.166396 | 没完没了:0.147527 | 过日子:0.144631 | 计较:0.123145 | 愁眉苦脸:0.109524 | 打搅:0.103128
29,47,0.37418632818445796,0.03626043052915804,0.14893617021276595,疼 | 难受 | 痒 | 肿 | 馋 | 烦 | 慌 | 恶心 | 痛 | 渴 | 闷 | 憋,好看 | 丑 | 吃不上 | 咽 | 吓人 | 慌 | 难受 | 难看,闲 | 丑 | 闷 | 慌 | 壮 | 胀 | 哑 | 喘 | 咽 | 肿 | 馋 | 渴,疼 | 难受 | 痒 | 肿 | 馋 | 烦 | 慌 | 恶心 | 痛 | 渴 | 闷 | 憋 | 惨 | 晕 | 没劲 | 胀 | 懒 | 胖 | 爽 | 饿 | 咳 | 瘦 | 醉 | 僵 | 累 | 脏 | 难看 | 喘 | 饱 | 丑 | 醒 | 哑 | 疯 | 烂 | 臭 | 昏 | 厉害 | 穷 | 要命 | 吓人 | 咽 | 好看 | 觉 | 吃不上 | 闲 | 壮 | 迟,45.49372713767412,0.6161855949830716,0.2728650850228005,疼:0.977864 | 难看:0.957620 | 痛:0.951377 | 痒:0.910889 | 瘦:0.893894 | 胖:0.878476 | 懒:0.870578 | 恶心:0.853867 | 渴:0.844021 | 累:0.835271 | 馋:0.817475 | 好看:0.808712,苦:0.297274 | 糟:0.268835 | 心慌:0.235008 | 秃:0.229604 | 帅:0.213873 | 碍事:0.207193 | 黑:0.190716 | 够呛:0.189133
30,0,,,,,,,,3.693714139949722,,,资源:0.005287 | 需求:0.005224 | 利润:0.005138 | 盈利:0.005131 | 销量:0.004979 | 量:0.004760 | 规模:0.004720 | 渠道:0.004712 | 转型:0.004657 | 业绩:0.004647 | 市场:0.004627 | 增长:0.004553,
31,265,0.3115929451262785,0.010377136617241885,0.44150943396226416,姐姐 | 妹妹 | 姑姑 | 哥哥 | 舅舅 | 母亲 | 嫂子 | 妈妈 | 爸爸 | 媳妇 | 父亲 | 闺女,上流 | 普通人 | 兹 | 罗 | 影星 | 神仙 | 身边 | 好人,华裔 | 情侣 | 校长 | 老板 | 爷爷 | 父亲 | 偶像 | 新娘 | 女孩儿 | 夫人 | 让座 | 英雄,姐姐 | 妹妹 | 姑姑 | 哥哥 | 舅舅 | 母亲 | 嫂子 | 妈妈 | 爸爸 | 媳妇 | 父亲 | 闺女 | 女儿 | 老婆 | 奶奶 | 弟弟 | 大姐 | 儿子 | 叔叔 | 伯母 | 爸 | 爷爷 | 姥姥 | 孙女 | 父母 | 长辈 | 妻子 | 丈夫 | 爹 | 大哥 | 伯父 | 阿姨 | 老公 | 妈 | 姥爷 | 姑娘 | 太太 | 祖母 | 亲戚 | 孩子 | 老太太 | 外婆 | 岳父 | 男朋友 | 家人 | 大爷 | 女朋友 | 岳母 | 女婿 | 朋友 | 爱人 | 伯伯 | 姐 | 她 | 继父 | 小孩儿 | 外公 | 妹 | 老头儿 | 继母 | 娘 | 大人 | 老乡 | 女孩儿 | 男人 | 孙子 | 同学 | 亲人 | 老人 | 师父 | 邻居 | 老伴儿 | 女人 | 丫头 | 小伙子 | 大妈 | 姨 | 儿女 | 同事 | 姐妹 | 老师 | 寡妇 | 弟 | 老人家 | 师傅 | 母女 | 同伴 | 老汉 | 徒弟 | 男孩儿 | 女生 | 帅哥 | 恩人 | 两口子 | 亲生 | 小姐 | 情人 | 男生 | 小朋友 | 祖父 | 胖子 | 她们 | 友人 | 新娘 | 保姆 | 亲友 | 战友 | 主人 | 父女 | 老板 | 夫人 | 一家人 | 仇人 | 亲朋好友 | 新郎 | 主妇 | 乡亲 | 朋友们 | 少女 | 老大 | 俩 | 子女 | 好心人 | 家里 | 老王 | 宝宝 | 女 | 家长 | 护士 | 老朋友 | 美女 | 夫妇 | 老家 | 公主 | 熟人 | 好友 | 娃娃 | 母子 | 哥 | 大款 | 小王 | 大夫 | 弟子 | 男 | 路人 | 家属 | 宝贝 | 皇上 | 上司 | 亲属 | 班长 | 兄弟 | 仙女 | 皇帝 | 辈 | 父子 | 客人 | 王后 | 全家 | 师长 | 木匠 | 美人 | 夫妻 | 众人 | 服务员 | 小时候 | 情侣 | 男士 | 富翁 | 人 | 厨师 | 教练 | 少年 | 房东 | 双胞胎 | 王子 | 女子 | 女士 | 男子 | 和尚 | 校长 | 身边 | 童年 | 普通人 | 将军 | 绅士 | 皇后 | 们 | 队长 | 阎王 | 先生 | 好人 | 子弟 | 从小 | 亲 | 偶像 | 中年 | 新人 | 售货员 | 摄影师 | 家乡 | 神仙 | 影星 | 导师 | 富豪 | 素不相识 | 国王 | 小卒 | 同胞 | 单身 | 本人 | 僧人 | 管家 | 受害人 | 年轻 | 上班族 | 家庭 | 元老 | 名人 | 女性 | 孪生 | 英雄 | 让座 | 教授 | 配偶 | 老 | 天才 | 男性 | 顾客 | 能人 | 博士 | 伙伴 | 王 | 兵 | 同行 | 皇室 | 华裔 | 菩萨 | 男女 | 助手 | 他人 | 白领 | 司令 | 使者 | 行家 | 者 | 新手 | 大家庭 | 母 | 代言人 | 官 | 航天员 | 族 | 天使 | 向导 | 上流 | 爵士 | 位 | 星座 | 罗 | 栋梁 | 名 | 兹 | 副 | 界,262.04934280246795,0.7299342954071526,0.21055530413994894,姑姑:0.999920 | 姐姐:0.999910 | 奶奶:0.999897 | 妈妈:0.999827 | 舅舅:0.999788 | 妹妹:0.999763 | 姥姥:0.999752 | 外婆:0.999702 | 哥哥:0.999657 | 嫂子:0.999649 | 爷爷:0.999575 | 爸爸:0.999372,伴侣:0.401145 | 家族:0.375158 | 水手:0.370947 | 警官:0.353913 | 生前:0.353310 | 清洁工:0.350007 | 乡下:0.328520 | 同志:0.326160
32,61,0.29180260316030393,-0.030296276440503398,0.7049180327868853,展现 | 孕育 | 体现 | 焕发 | 激发 | 造就 | 凸显 | 呈现 | 再现 | 凝聚 | 蕴涵 | 显现,熏陶 | 进入 | 塑造 | 陶冶 | 贯穿 | 凸显 | 激活 | 造就,激发 | 伴随 | 出现 | 注入 | 蕴藏 | 烘托 | 奠定 | 传承 | 凸显 | 重现 | 折射 | 凝聚,展现 | 孕育 | 体现 | 焕发 | 激发 | 造就 | 凸显 | 呈现 | 再现 | 凝聚 | 蕴涵 | 显现 | 重现 | 塑造 | 演绎 | 展示 | 蕴藏 | 浮现 | 增添 | 唤起 | 创造 | 延续 | 营造 | 迎来 | 积淀 | 汇聚 | 折射 | 预示 | 融入 | 充满 | 流露 | 烘托 | 形成 | 承载 | 带来 | 开启 | 奠定 | 激起 | 反映 | 出现 | 表现 | 点燃 | 汇集 | 贯穿 | 注入 | 陶冶 | 传承 | 激活 | 伴随 | 熏陶 | 萌发 | 洗礼 | 成为 | 还原 | 步入 | 历经 | 传递 | 扎根 | 回归 | 萌芽 | 进入,49.52514600340327,0.5834699106741627,0.3500170933670549,再现:0.990880 | 展现:0.989115 | 凝聚:0.966912 | 呈现:0.958178 | 演绎:0.957594 | 塑造:0.954814 | 重现:0.954583 | 蕴涵:0.949865 | 孕育:0.941057 | 烘托:0.913329 | 体现:0.897231 | 汇聚:0.893514,印证:0.274588 | 引领:0.261034 | 传达:0.254932 | 揭示:0.219229 | 开创:0.193795 | 涌现:0.177775 | 赋予:0.164481 | 勾画:0.158387
33,35,0.34566865430123117,0.07990433399594926,0.2571428571428571,冬天 | 冬季 | 季节 | 夏季 | 夏天 | 秋天 | 春季 | 春天 | 时节 | 秋季 | 下雪 | 下雨,往年 | 行情 | 周期 | 度 | 晴 | 大面积 | 日子 | 台风,下雨 | 刮风 | 季节 | 冬季 | 来年 | 夏天 | 秋天 | 时节 | 多云 | 往年 | 晴天 | 打雷,冬天 | 冬季 | 季节 | 夏季 | 夏天 | 秋天 | 春季 | 春天 | 时节 | 秋季 | 下雪 | 下雨 | 旺季 | 天气 | 阴天 | 晴天 | 淡季 | 四季 | 刮风 | 来临 | 高峰期 | 打雷 | 往年 | 季 | 晴 | 来年 | 多云 | 到来 | 日子 | 高峰 | 台风 | 度 | 周期 | 大面积 | 行情,60.78815388002926,0.6679732956549405,0.2777727045097852,下雪:0.987046 | 下雨:0.985712 | 季节:0.983015 | 刮风:0.976158 | 春季:0.969721 | 夏季:0.965029 | 冬季:0.964281 | 阴天:0.951783 | 打雷:0.944090 | 秋季:0.941278 | 冬天:0.940956 | 秋天:0.933972,夜晚:0.334583 | 临近:0.333992 | 气温:0.329621 | 炎热:0.281880 | 风和日丽:0.267863 | 夜间:0.256020 | 下旬:0.250810 | 上旬:0.248557
34,59,0.28886468780997604,0.01558994564720673,0.4745762711864407,推断 | 测算 | 判断 | 估算 | 推算 | 推测 | 判定 | 预测 | 断定 | 依据 | 假定 | 假设,划分 | 预期 | 分类 | 基于 | 标准 | 按 | 按照 | 要点,据此 | 印证 | 结论 | 判定 | 定论 | 推算 | 依据 | 确认 | 断定 | 界定 | 按照 | 说明,推断 | 测算 | 判断 | 估算 | 推算 | 推测 | 判定 | 预测 | 断定 | 依据 | 假定 | 假设 | 计算 | 确定 | 结论 | 认定 | 界定 | 定义 | 统计 | 确认 | 根据 | 得出 | 粗略 | 证明 | 定论 | 证实 | 表明 | 预见 | 参照 | 衡量 | 按照 | 显示 | 预言 | 说明 | 据此 | 印证 | 划分 | 证据 | 参考 | 设定 | 查明 | 预料 | 基准 | 基于 | 如下 | 预期 | 按 | 标准 | 展望 | 实际 | 上述 | 概率 | 分类 | 有关 | 指引 | 点评 | 要点 | 宏观 | 经,63.93716552088885,0.4149634533572671,0.49140848464121617,推断:0.967552 | 推测:0.943548 | 推算:0.937703 | 判定:0.922304 | 假定:0.913028 | 假设:0.891324 | 估算:0.884203 | 测算:0.859602 | 判断:0.842591 | 预测:0.829358 | 断定:0.817229 | 证明:0.742894,设想:0.292292 | 验证:0.290717 | 评估:0.237123 | 猜想:0.228978 | 分析:0.208531 | 暗示:0.183906 | 指出:0.183041 | 考量:0.180160
35,33,0.3283671751894441,0.06467078906066892,0.12121212121212122,工艺 | 零件 | 部件 | 配件 | 设备 | 组装 | 加工 | 产品 | 制造 | 工序 | 生产 | 研发,规格 | 质量 | 模型 | 流程 | 系统 | 手工 | 型号 | 应用,装备 | 配件 | 制造 | 型号 | 规格 | 图纸 | 技术 | 组装 | 质量 | 成品 | 系统 | 应用,工艺 | 零件 | 部件 | 配件 | 设备 | 组装 | 加工 | 产品 | 制造 | 工序 | 生产 | 研发 | 技术 | 成品 | 装备 | 型号 | 图纸 | 样品 | 材料 | 制作 | 厂家 | 硬件 | 应用 | 机械 | 流程 | 铸造 | 规格 | 手工 | 模型 | 仿制 | 系统 | 智能 | 质量,40.30378677508871,0.31576263641520624,0.5404119276349864,工艺:0.882699 | 图纸:0.806816 | 工序:0.798705 | 加工:0.645225 | 制作:0.626285 | 手工:0.596297 | 零件:0.543816 | 组装:0.504907 | 样品:0.466186 | 部件:0.462196 | 成品:0.428640 | 配件:0.360848,研制:0.257883 | 成型:0.210799 | 调试:0.177849 | 性能:0.159311 | 包装:0.156711 | 仪表:0.150025 | 原装:0.146628 | 仪器:0.126580
36,33,0.3773581528896947,0.05732167202305788,0.12121212121212122,痛苦 | 苦难 | 悲惨 | 孤独 | 磨难 | 艰辛 | 寂寞 | 凄凉 | 受苦 | 辛酸 | 惨痛 | 孤单,不平 | 平凡 | 一事无成 | 孤单 | 默默无闻 | 凄凉 | 生存 | 命运,折磨 | 苦 | 挫折 | 命运 | 境遇 | 磨难 | 任人宰割 | 耻辱 | 孤单 | 忍受 | 辛酸 | 厄运,痛苦 | 苦难 | 悲惨 | 孤独 | 磨难 | 艰辛 | 寂寞 | 凄凉 | 受苦 | 辛酸 | 惨痛 | 孤单 | 苦 | 耻辱 | 折磨 | 境遇 | 贫穷 | 忍受 | 忍饥挨饿 | 挫折 | 厄运 | 处境 | 悲剧 | 命运 | 饥饿 | 一无所有 | 任人宰割 | 风风雨雨 | 平凡 | 一事无成 | 默默无闻 | 不平 | 生存,35.646452661784274,0.7630278472649394,0.18647622490037877,苦难:0.989351 | 磨难:0.978940 | 忍饥挨饿:0.964523 | 悲惨:0.964351 | 折磨:0.957033 | 惨痛:0.954429 | 挫折:0.936002 | 贫穷:0.933288 | 境遇:0.927118 | 耻辱:0.920623 | 忍受:0.920090 | 孤独:0.915791,灾难:0.352278 | 悲哀:0.248716 | 渺小:0.246431 | 不堪:0.240724 | 结局:0.223544 | 经历:0.208044 | 风餐露宿:0.184383 | 走投无路:0.181978
37,132,0.2593011977772354,-0.013677834052635346,0.6363636363636364,利息 | 税收 | 收入 | 数额 | 租金 | 收益 | 手续费 | 工资 | 利润 | 贷款 | 金额 | 报酬,进度 | 次数 | 数目 | 激励 | 销售 | 限 | 数量 | 行业,劳务 | 货币 | 次数 | 限 | 合同 | 生活费 | 关税 | 抚养费 | 债务 | 价格 | 抵押 | 工资,利息 | 税收 | 收入 | 数额 | 租金 | 收益 | 手续费 | 工资 | 利润 | 贷款 | 金额 | 报酬 | 管理费 | 补贴 | 房租 | 奖金 | 退休金 | 缴纳 | 债务 | 差额 | 收支 | 财政 | 补助 | 资金 | 分红 | 薪水 | 减免 | 预算 | 存款 | 盈利 | 纳税 | 生活费 | 返还 | 担保 | 扣除 | 信贷 | 公积金 | 赤字 | 偿还 | 养老金 | 关税 | 余额 | 期限 | 效益 | 征收 | 汇率 | 储蓄 | 资产 | 抵押 | 抚养费 | 价格 | 增值 | 利率 | 规模 | 津贴 | 补偿 | 奖励 | 报销 | 交纳 | 劳务 | 投资 | 业绩 | 人民币 | 收取 | 年薪 | 税 | 增收 | 货币 | 顺差 | 外汇 | 回报 | 待遇 | 份额 | 价值 | 美元 | 财务 | 定价 | 销售 | 股票 | 交易 | 合同 | 福利 | 价 | 物价 | 业务 | 英镑 | 权益 | 到期 | 分配 | 比例 | 兑现 | 基金 | 美金 | 多劳多得 | 信用 | 上限 | 年限 | 合约 | 财富 | 劳动力 | 门槛 | 失业率 | 转让 | 数量 | 比重 | 元 | 数目 | 监管 | 激励 | 多元 | 附加 | 价位 | 人数 | 内需 | 缺口 | 渠道 | 承包 | 人均 | 一揽子 | 一次性 | 行业 | 发行 | 进度 | 并购 | 资源 | 数据 | 归属 | 平台 | 次数 | 项 | 单位 | 限,89.50150339735012,0.19987245740257353,0.6327478807155406,薪水:0.735924 | 工资:0.683582 | 生活费:0.680008 | 退休金:0.590965 | 房租:0.575203 | 数额:0.569448 | 津贴:0.543584 | 报酬:0.529461 | 交纳:0.515474 | 利息:0.511598 | 缴纳:0.497086 | 减免:0.468619,学费:0.408120 | 经费:0.281424 | 开支:0.278192 | 支出:0.270940 | 款项:0.252922 | 还款:0.247175 | 费用:0.243844 | 缴费:0.237973
38,0,,,,,,,,1.1445298376605186e-6,,,需求:0.000000 | 体系:0.000000 | 指标:0.000000 | 目标:0.000000 | 进度:0.000000 | 资源:0.000000 | 结构:0.000000 | 转型:0.000000 | 比例:0.000000 | 要素:0.000000 | 幅度:0.000000 | 框架:0.000000,
39,36,0.3280144813468662,0.04691774282519275,0.19444444444444445,宗教 | 儒家 | 儒学 | 哲学 | 基督教 | 封建 | 佛教 | 政党 | 伦理 | 伊斯兰教 | 政治 | 宪法,公约 | 体制 | 科学 | 外交 | 纲领 | 宪法 | 议会 | 刑法,宫廷 | 佛教 | 军事 | 文明 | 主义 | 外交 | 学者 | 基督教 | 政治 | 天主教 | 刑法 | 公约,宗教 | 儒家 | 儒学 | 哲学 | 基督教 | 封建 | 佛教 | 政党 | 伦理 | 伊斯兰教 | 政治 | 宪法 | 官僚 | 主义 | 派别 | 天主教 | 文人 | 学术 | 贵族 | 近代 | 西方 | 刑法 | 阶级 | 学者 | 军事 | 种族 | 纲领 | 议会 | 市场经济 | 外交 | 宫廷 | 科学 | 文明 | 当代 | 体制 | 公约,53.22311605967597,0.36384267925227753,0.46866975223632196,宗教:0.757872 | 儒学:0.742132 | 官僚:0.696538 | 基督教:0.658733 | 儒家:0.654164 | 文人:0.607760 | 伊斯兰教:0.550288 | 封建:0.533057 | 天主教:0.463095 | 近代:0.447577 | 佛教:0.443895 | 派别:0.440773,官吏:0.379867 | 首脑:0.251625 | 阶层:0.251308 | 皇室:0.222297 | 穆斯林:0.214205 | 民族:0.213475 | 道教:0.202986 | 世袭:0.198674
40,40,0.3918293512011538,0.12430691395896236,0.05,看见 | 碰见 | 遇见 | 见到 | 碰到 | 看到 | 想起 | 想到 | 碰上 | 遇到 | 遇上 | 见过,预感 | 小看 | 明白 | 察觉 | 回想 | 多亏 | 见 | 不见,见到 | 得知 | 察觉 | 遇见 | 发现 | 认得 | 错过 | 小看 | 赶上 | 碰到 | 忘掉 | 见过,看见 | 碰见 | 遇见 | 见到 | 碰到 | 看到 | 想起 | 想到 | 碰上 | 遇到 | 遇上 | 见过 | 碰巧 | 认出 | 认得 | 梦见 | 听说 | 发觉 | 料到 | 忘记 | 记得 | 恰巧 | 忘不了 | 发现 | 凑巧 | 得知 | 记住 | 明白 | 放过 | 忘掉 | 回想 | 见 | 赶上 | 察觉 | 偶然 | 多亏 | 错过 | 不见 | 预感 | 小看,54.81468453232567,0.745292356094079,0.19306587507177161,碰上:0.987286 | 碰见:0.987203 | 碰到:0.983734 | 遇见:0.982010 | 遇上:0.979220 | 认出:0.975923 | 忘掉:0.959955 | 忘记:0.955015 | 见到:0.954554 | 遇到:0.952168 | 想起:0.950591 | 看到:0.949233,知道:0.357358 | 幸亏:0.351452 | 晓得:0.306772 | 正好:0.268260 | 认识:0.253314 | 刚好:0.238045 | 找到:0.235311 | 看出:0.232408
41,86,0.345814656106712,0.05516157943384051,0.20930232558139536,治疗 | 急诊 | 针灸 | 儿科 | 病人 | 门诊 | 医院 | 医生 | 患者 | 手术 | 外科 | 打针,减压 | 艾滋病 | 安眠药 | 成人 | 功效 | 职业病 | 传染病 | 自理,秘方 | 诊所 | 卫生 | 体检 | 家政 | 艾滋病 | 输液 | 床位 | 医院 | 输血 | 老年 | 养生,治疗 | 急诊 | 针灸 | 儿科 | 病人 | 门诊 | 医院 | 医生 | 患者 | 手术 | 外科 | 打针 | 就诊 | 内科 | 住院 | 中医 | 西医 | 康复 | 治病 | 临床 | 输液 | 药物 | 护理 | 保健 | 诊所 | 看病 | 疗法 | 诊断 | 求医 | 医学 | 疗效 | 病房 | 手术室 | 出院 | 中药 | 会诊 | 挂号 | 医疗 | 药品 | 麻醉 | 口腔 | 就医 | 药店 | 疗养 | 传染病 | 抗生素 | 处方 | 美容 | 止血 | 药 | 偏方 | 孕妇 | 按摩 | 注射 | 病床 | 体检 | 药方 | 包扎 | 床位 | 养老院 | 预防 | 疫苗 | 艾滋病 | 输血 | 防治 | 献血 | 职业病 | 缝合 | 止咳 | 休养 | 婴儿 | 卫生 | 养生 | 秘方 | 安眠药 | 饮食 | 儿童 | 矫正 | 老年 | 养老 | 治 | 成人 | 功效 | 家政 | 自理 | 减压,82.68504366039011,0.7732563853409791,0.1603440429022935,急诊:0.998005 | 门诊:0.997891 | 儿科:0.993943 | 住院:0.990803 | 就诊:0.989892 | 医院:0.989840 | 病人:0.988417 | 治病:0.988078 | 保健:0.987669 | 会诊:0.987342 | 针灸:0.987180 | 护理:0.986970,确诊:0.491073 | 戒烟:0.384012 | 膳食:0.345607 | 穴位:0.310889 | 切除:0.298201 | 肿瘤:0.290078 | 糖尿病:0.280447 | 免疫:0.270689
42,187,0.30999509762315075,-0.017755479087251377,0.6577540106951871,拧 | 拽 | 搓 | 踹 | 磕 | 劈 | 蹬 | 扒 | 捏 | 扯 | 蹦 | 甩,冲 | 弹 | 拐 | 扛 | 斗 | 搂 | 铺 | 调,焊 | 闪 | 绑 | 拨 | 蹦 | 折 | 弄 | 拐 | 挑 | 咬 | 碰 | 啃,拧 | 拽 | 搓 | 踹 | 磕 | 劈 | 蹬 | 扒 | 捏 | 扯 | 蹦 | 甩 | 敲 | 扔 | 擦 | 捅 | 摔 | 砸 | 搂 | 捶 | 抠 | 抖 | 咬 | 揪 | 踢 | 砍 | 扳 | 叼 | 掐 | 掰 | 刨 | 溜 | 刮 | 撕 | 剪 | 挑 | 碰 | 揍 | 缠 | 拉 | 滚 | 蹭 | 打 | 绷 | 爬 | 绑 | 拔 | 拦 | 撞 | 跳 | 扛 | 抽 | 晃 | 挤 | 弄 | 兜 | 搁 | 挠 | 拖 | 捞 | 踩 | 卸 | 撬 | 放 | 吹 | 抡 | 剥 | 裹 | 割 | 翻 | 绞 | 踏 | 撑 | 搬 | 夹 | 扭 | 压 | 挂 | 吊 | 摆 | 搅 | 泼 | 拍 | 勾 | 扎 | 挨 | 抄 | 背 | 磨 | 刷 | 啃 | 铲 | 锯 | 削 | 贴 | 脱 | 插 | 挡 | 冲 | 缝 | 倒 | 剃 | 摘 | 捂 | 推 | 断 | 轰 | 落 | 凑 | 塌 | 戳 | 扫 | 拆 | 涂 | 撇 | 吞 | 留 | 钻 | 抛 | 射 | 绕 | 切 | 划 | 爆 | 挪 | 拾 | 拨 | 遮 | 扣 | 晒 | 跑 | 叠 | 换 | 取 | 坠 | 拐 | 截 | 摇 | 滑 | 塞 | 铺 | 挖 | 揭 | 填 | 焊 | 勒 | 震 | 开 | 举 | 弹 | 闪 | 吸 | 攀 | 破 | 裂 | 锁 | 顶 | 悬 | 补 | 斗 | 提 | 收 | 进 | 押 | 加 | 裁 | 围 | 移 | 动 | 裸 | 照 | 结 | 整 | 转 | 残 | 试 | 折 | 披 | 传 | 搜 | 登 | 混 | 改 | 招 | 调 | 入 | 逆,109.46430716688948,0.3703661863050814,0.4134312775693641,撕:0.859343 | 摔:0.857199 | 砸:0.850083 | 捅:0.839348 | 踹:0.814624 | 撞:0.794066 | 掰:0.753923 | 砍:0.725297 | 劈:0.682764 | 磕:0.681570 | 踢:0.680405 | 捶:0.676495,舔:0.400539 | 揉:0.320698 | 搭:0.314677 | 抬:0.311493 | 拎:0.286384 | 刺:0.284753 | 摸:0.280983 | 拴:0.274766
43,53,0.3272337808522201,0.050512403043779894,0.22641509433962265,判决 | 驳回 | 裁决 | 起诉 | 上诉 | 裁定 | 法院 | 控告 | 仲裁 | 罢免 | 法庭 | 免职,行使 | 承诺 | 披露 | 申请 | 草案 | 事项 | 决议 | 批准,驳回 | 提交 | 辞职 | 原告 | 冻结 | 撤换 | 出具 | 控告 | 处分 | 裁定 | 辞退 | 表决,判决 | 驳回 | 裁决 | 起诉 | 上诉 | 裁定 | 法院 | 控告 | 仲裁 | 罢免 | 法庭 | 免职 | 判处 | 否决 | 被告 | 处罚 | 赔偿 | 辞退 | 处分 | 辞呈 | 辞职 | 原告 | 受理 | 申请 | 撤换 | 索赔 | 审判 | 开除 | 解雇 | 提交 | 表决 | 递交 | 公职 | 吊销 | 生效 | 异议 | 追究 | 冻结 | 决议 | 离职 | 当事人 | 批准 | 下台 | 事项 | 违约 | 国会 | 草案 | 出具 | 披露 | 承诺 | 行使 | 大选 | 管辖,72.34109154800403,0.4659550923882996,0.4064303576243521,辞退:0.971806 | 免职:0.951142 | 罢免:0.947429 | 解雇:0.940326 | 撤换:0.920549 | 驳回:0.919809 | 开除:0.902447 | 裁决:0.820995 | 判决:0.815143 | 裁定:0.808630 | 辞职:0.794431 | 起诉:0.794103,辞去:0.431236 | 诉讼:0.372016 | 选举:0.284821 | 破产:0.242682 | 提名:0.239084 | 任期:0.223528 | 连任:0.219444 | 拖欠:0.198293
44,432,0.22733490059317757,-0.07965572728004912,0.9699074074074074,牛奶 | 米饭 | 橙汁 | 果汁 | 酸奶 | 罐头 | 肉 | 红薯 | 豆腐 | 面条儿 | 薯片 | 水果,厘米 | 微型 | 芯片 | 锅 | 汤 | 阴 | 类 | 鹅,份 | 〇 | 放水 | 桑拿 | 奶 | 姜 | 瓶 | 口 | 罐 | 贮藏 | 皮 | 酱,牛奶 | 米饭 | 橙汁 | 果汁 | 酸奶 | 罐头 | 肉 | 红薯 | 豆腐 | 面条儿 | 薯片 | 水果 | 醋 | 菜 | 酱 | 饼 | 果酱 | 饼干 | 辣椒 | 香肠 | 蜂蜜 | 豆浆 | 面粉 | 酱油 | 白菜 | 南瓜 | 香油 | 鸡蛋 | 薯条 | 西红柿 | 砂糖 | 蔬菜 | 海鲜 | 粥 | 卤味 | 糖 | 花生 | 黄瓜 | 茄子 | 饺子 | 馒头 | 豆制品 | 调料 | 巧克力 | 碗 | 馅儿 | 面包 | 茶 | 芝士 | 包子 | 蒜 | 佐料 | 饮料 | 核桃 | 柿子 | 红酒 | 红茶 | 香蕉 | 奶 | 椰子 | 土豆 | 汽水 | 虾 | 火腿 | 零食 | 蘑菇 | 咖啡 | 大米 | 茶叶 | 萝卜 | 奶茶 | 蛋 | 烤肉 | 香料 | 汤圆 | 冰棍儿 | 枣 | 糖果 | 鸡 | 西瓜 | 葱 | 火锅 | 饭 | 番茄 | 酒 | 点心 | 啤酒 | 月饼 | 勺 | 食物 | 绿茶 | 淀粉 | 味精 | 桂花 | 食品 | 可乐 | 汤 | 烤鸭 | 豆子 | 寿司 | 鱼 | 洗衣粉 | 盐 | 主食 | 方便面 | 莲子 | 葡萄 | 电饭锅 | 蜜 | 小吃 | 梨 | 矿泉水 | 粽子 | 葡萄酒 | 瓜 | 开水 | 瓶 | 食用 | 饲料 | 蛋糕 | 油 | 烧烤 | 牙膏 | 三明治 | 水产品 | 纯净水 | 锅 | 榨 | 口香糖 | 乳制品 | 快餐 | 罐 | 鸭子 | 中餐 | 海藻 | 瓜子 | 奶粉 | 粉 | 鹅 | 冷冻 | 西餐 | 药片 | 烟 | 盒饭 | 特产 | 羊 | 炭 | 水 | 制品 | 泥 | 芝麻 | 玉米 | 菊花 | 桃 | 早餐 | 素食 | 玫瑰 | 鲜 | 原料 | 药水 | 麻 | 餐 | 橘子 | 蜡 | 白酒 | 猪 | 洗涤剂 | 烹调 | 酒水 | 小麦 | 包 | 营养 | 肥 | 微波炉 | 芽 | 粪 | 药材 | 酒精 | 母鸡 | 酿造 | 壶 | 皮 | 纤维 | 粒 | 斤 | 毫升 | 珍珠 | 维生素 | 化肥 | 野生 | 水晶 | 保鲜 | 姜 | 盆 | 棉花 | 钙 | 棉 | 包装 | 百合 | 奶牛 | 木材 | 农产品 | 餐饮 | 料理 | 冰 | 缸 | 丸 | 保质期 | 紫 | 适量 | 素 | 品 | 红 | 膳食 | 丝 | 胶囊 | 饮用水 | 霜 | 外卖 | 花卉 | 苗 | 白 | 杯 | 土 | 橡胶 | 酒鬼 | 野 | 色 | 贮藏 | 玉 | 铅 | 块 | 货 | 高档 | 摊 | 煤 | 料 | 燃料 | 苹果 | 杂 | 牛 | 原材料 | 铁 | 水泥 | 顿 | 果实 | 老字号 | 千克 | 精 | 碳 | 青 | 铜 | 丁 | 黄 | 铝 | 壳 | 润 | 汽油 | 子 | 桶 | 套餐 | 绿 | 口 | 卵 | 炼 | 商品 | 公斤 | 桑拿 | 坛 | 克 | 种子 | 膜 | 麻将 | 盛 | 锡 | 淘 | 进口 | 毛 | 宝 | 蓝 | 牌 | 人造 | 钢 | 原装 | 海绵 | 天然 | 洋 | 有机 | 矿 | 样 | 产 | 伙食 | 胎 | 饮水 | 生 | 产地 | 金属 | 电池 | 吨 | 金 | 打包 | 批发 | 品牌 | 银 | 片 | 焦 | 家电 | 磅 | 槽 | 茅台 | 花样 | 小 | 盘 | 运 | 连锁 | 墨 | 百货 | 国产 | 非金属 | 医药 | 厂 | 电 | 胆 | 忌 | 销 | 卡 | 口子 | 废 | 特 | 配 | 优 | 纯 | 平价 | 吉利 | 卷 | 服 | 山寨 | 制 | 光 | 如意 | 丙 | 业 | 黄金 | 放水 | 担 | 瓦 | 采 | 券 | 棒 | 零售 | 芯片 | 圈 | 出厂 | 耐 | 混合 | 美 | 板 | 机器人 | 充 | 码 | 外贸 | 回收 | 取暖 | 长寿 | 二手 | 燃气 | 格 | 高科技 | 网 | 团 | 净 | 晚报 | 匹 | 枚 | 大 | 力 | 富 | 微型 | 人工 | 乐 | 端 | 聚 | 良 | 双 | 标 | 厘米 | 类 | 样本 | 风 | 单 | 利 | 份 | 阴 | 系列 | 底 | 大宗 | 复合 | 民用 | 千 | 安 | 法 | 资讯 | 股 | 超 | 化 | 伴 | 九 | 甲 | 七 | 腾 | 百 | 满 | 档 | 齐 | 传媒 | 型 | 库 | 证 | 八 | 代 | 管 | 桩 | 防 | 五 | 隐形 | 支 | 系 | 六 | 套 | 表 | 批 | 〇,333.6963864516214,0.49705856969056267,0.3836748145143701,水果:0.995805 | 牛奶:0.995413 | 豆制品:0.995270 | 饮料:0.994453 | 鸡蛋:0.994187 | 饼干:0.993750 | 果汁:0.993595 | 啤酒:0.991283 | 面粉:0.991063 | 方便面:0.990860 | 罐头:0.990860 | 面包:0.990220,煲:0.487840 | 汁:0.465560 | 美食:0.454262 | 袋:0.448250 | 香烟:0.436063 | 肥料:0.431264 | 塑料:0.391505 | 盒:0.382898
45,297,0.20600074318905062,-0.08617831307903537,0.9663299663299664,山岭 | 丘陵 | 沿岸 | 海岸 | 湖泊 | 河流 | 平原 | 峡谷 | 北部 | 湖 | 山区 | 南部,东 | 东南 | 西南 | 西北 | 南北 | 南部 | 北部 | 中部,瀑布 | 运河 | 地下 | 开发区 | 筑 | 堤坝 | 全国 | 集团 | 坡 | 航天 | 房地产 | 海,山岭 | 丘陵 | 沿岸 | 海岸 | 湖泊 | 河流 | 平原 | 峡谷 | 北部 | 湖 | 山区 | 南部 | 流域 | 水库 | 河 | 海滨 | 沿海 | 水域 | 沼泽 | 沙漠 | 山谷 | 村庄 | 森林 | 岛屿 | 树林 | 山坡 | 海湾 | 堤坝 | 陆地 | 山峰 | 城镇 | 海面 | 东部 | 山 | 山顶 | 海洋 | 坝 | 水源 | 西部 | 高山 | 海域 | 草原 | 东南 | 地区 | 海滩 | 运河 | 海边 | 市区 | 边境 | 礁石 | 岸 | 地带 | 池塘 | 地形 | 沟 | 半岛 | 滨海 | 中部 | 高原 | 地下水 | 境内 | 西北 | 郊区 | 耕地 | 水利 | 山川 | 沙滩 | 港口 | 城市 | 水面 | 西南 | 河畔 | 雪山 | 牧场 | 岩石 | 区域 | 果园 | 岛 | 戈壁 | 乡村 | 绿地 | 海底 | 隧道 | 城区 | 城墙 | 绿化 | 国土 | 土地 | 城 | 海拔 | 地质 | 公顷 | 草地 | 开发区 | 堤 | 海峡 | 瀑布 | 地段 | 海 | 郊外 | 生态 | 矿藏 | 丛林 | 悬崖 | 坡 | 地域 | 园林 | 乡 | 农场 | 桥 | 大道 | 亩 | 冰雪 | 县 | 旱 | 枢纽 | 上游 | 一带 | 村 | 北方 | 地面 | 江 | 火山 | 南北 | 山冈 | 能源 | 涝 | 奇花异草 | 热带 | 东 | 镇 | 区 | 都市 | 东北 | 纵深 | 管道 | 洞 | 屯 | 周边 | 首府 | 工业 | 工程 | 电网 | 发电 | 北极 | 桥梁 | 边界 | 基地 | 冰山 | 田 | 高新技术 | 房地产 | 地下 | 气象 | 立方米 | 南极 | 太阳能 | 国有 | 人口 | 家园 | 月球 | 天然气 | 地方 | 泉 | 煤矿 | 金融 | 南方 | 下游 | 全国 | 面积 | 环保 | 港 | 两岸 | 绿色 | 井 | 空中 | 市 | 东方 | 核能 | 现代化 | 新兴 | 雾 | 低碳 | 环境 | 塔 | 环 | 核电站 | 经济 | 大片 | 天地 | 长城 | 服务业 | 立方 | 陨石 | 古 | 科技 | 集团 | 项目 | 国际 | 汪洋 | 海外 | 王国 | 商业 | 中型 | 省 | 全球 | 航天 | 节能 | 辐射 | 进出口 | 筑 | 跨国 | 前沿 | 本地 | 移动 | 禁区 | 合资 | 中央 | 大气 | 环球 | 股份 | 米 | 鸟巢 | 中心 | 世纪 | 一线 | 景 | 出口 | 险 | 资本 | 综合 | 公司 | 金字塔 | 毫米 | 云 | 源头 | 太平 | 产值 | 中国 | 阶梯 | 宗 | 人工智能 | 临 | 汇 | 流转 | 外资 | 流水 | 融 | 万 | 户 | 平方 | 小康 | 通 | 线 | 德 | 公 | 空间 | 社 | 平安 | 国 | 实体 | 核 | 财经 | 扩 | 内外 | 附属 | 流动 | 科 | 合伙 | 创 | 通用 | 流通 | 广 | 集 | 迁 | 方 | 定向 | 投 | 虚拟 | 迈 | 新 | 中等 | 跨 | 公元 | 日报 | 债 | 概况 | 所在 | 长征 | 级 | 余 | 内 | 报 | 号 | 条 | 列 | 天平,204.3355347726967,0.3427220775119479,0.5285968597398548,海岸:0.953750 | 丘陵:0.942727 | 河流:0.933581 | 山岭:0.921267 | 峡谷:0.918415 | 湖泊:0.915085 | 沿岸:0.906201 | 平原:0.905133 | 山谷:0.898646 | 水域:0.896873 | 山区:0.893173 | 岛屿:0.883446,小溪:0.423227 | 海水:0.391989 | 北:0.358792 | 南:0.358045 | 树荫:0.312777 | 沿线:0.304913 | 风沙:0.297449 | 小路:0.292784
46,104,0.26777180623763935,0.011390582998918437,0.46153846153846156,兼任 | 出任 | 担任 | 任命 | 聘任 | 现任 | 任职 | 就任 | 职务 | 任 | 董事 | 秘书,指导 | 接班人 | 提拔 | 公告 | 招募 | 上市 | 指定 | 首批,任 | 独立 | 公告 | 发起人 | 联盟 | 聘 | 届 | 主管 | 简称 | 原 | 担任 | 对外,兼任 | 出任 | 担任 | 任命 | 聘任 | 现任 | 任职 | 就任 | 职务 | 任 | 董事 | 秘书 | 辞去 | 总经理 | 董事长 | 秘书长 | 总裁 | 理事 | 主任 | 助理 | 就职 | 兼 | 主席 | 提名 | 当选 | 董事会 | 顾问 | 聘请 | 总监 | 首席 | 任期 | 推选 | 会长 | 院长 | 前任 | 主管 | 接替 | 委员会 | 连任 | 聘用 | 部长 | 上任 | 聘 | 书记 | 组长 | 人选 | 专职 | 职位 | 候选人 | 负责人 | 选举 | 事务 | 所长 | 代理 | 主持 | 司长 | 召集 | 委托 | 发言人 | 提拔 | 接手 | 创始人 | 颁发 | 事务所 | 总部 | 发起人 | 授权 | 下属 | 授予 | 协会 | 负责 | 届 | 人事 | 竞选 | 加盟 | 研究所 | 荣获 | 从事 | 接班人 | 所属 | 股东 | 领军 | 指定 | 年度 | 联盟 | 获 | 简称 | 独立 | 加入 | 代表 | 招募 | 原 | 获悉 | 公告 | 机构 | 对外 | 简介 | 效力 | 独家 | 首批 | 官方 | 指导 | 上市 | 派,98.53769333025122,0.38143833518649556,0.48742710106422094,担任:0.988271 | 兼任:0.981369 | 出任:0.967701 | 任:0.913362 | 任命:0.907340 | 接替:0.878634 | 现任:0.869577 | 聘请:0.868306 | 聘任:0.824424 | 任职:0.820749 | 兼:0.818192 | 就任:0.815657,公职:0.331607 | 特邀:0.282348 | 派出:0.278497 | 承办:0.278139 | 处长:0.277434 | 派遣:0.277141 | 牵头:0.273713 | 入选:0.271707
47,26,0.32935874608173155,0.03940431477596813,0.2692307692307692,淌 | 泻 | 涌 | 吐 | 溅 | 洒 | 流 | 渗 | 飘 | 漫 | 溢 | 泄,惊 | 猛 | 引 | 气 | 急 | 闻 | 沉 | 洒,溢 | 露 | 漂 | 泄 | 浮 | 漫 | 急 | 渗 | 映 | 闻 | 淌 | 冒,淌 | 泻 | 涌 | 吐 | 溅 | 洒 | 流 | 渗 | 飘 | 漫 | 溢 | 泄 | 喷 | 浮 | 漂 | 沉 | 冒 | 露 | 惊 | 映 | 积 | 急 | 气 | 猛 | 闻 | 引,31.514646791203308,0.45162213741284096,0.3857089140087649,涌:0.933990 | 淌:0.905854 | 泻:0.788165 | 洒:0.762426 | 惊:0.743210 | 渗:0.734190 | 急:0.661404 | 流:0.645772 | 溢:0.609938 | 浮:0.478149 | 泄:0.457499 | 飘:0.443613,震:0.253159 | 灌:0.248467 | 沾:0.221699 | 吹:0.209858 | 泼:0.204155 | 缓:0.203789 | 抹:0.142378 | 呛:0.137926
48,20,0.33230306606061827,0.06425463615256535,0.15,虚幻 | 宇宙 | 自然界 | 幻觉 | 人类 | 大自然 | 世界 | 幻想 | 事物 | 时空 | 现实 | 上帝,极限 | 诱惑 | 感性 | 幻想 | 幻影 | 错觉 | 无限 | 虚幻,幻影 | 现实 | 世界 | 事物 | 大自然 | 幻觉 | 错觉 | 幻想 | 无限 | 上帝 | 极限 | 无穷,虚幻 | 宇宙 | 自然界 | 幻觉 | 人类 | 大自然 | 世界 | 幻想 | 事物 | 时空 | 现实 | 上帝 | 感性 | 地球 | 错觉 | 无穷 | 幻影 | 无限 | 极限 | 诱惑,21.928053061171784,0.5235837380638417,0.4029502096839378,幻觉:0.978652 | 诱惑:0.927214 | 幻想:0.912438 | 虚幻:0.898508 | 自然界:0.855751 | 错觉:0.825186 | 宇宙:0.766877 | 大自然:0.757616 | 人类:0.732114 | 事物:0.638630 | 时空:0.488468 | 地球:0.397818,空想:0.242948 | 梦:0.237527 | 永恒:0.207161 | 欲望:0.185620 | 人间:0.135834 | 真理:0.135020 | 生命:0.124217 | 地狱:0.120583
49,70,0.31583005564690364,0.023030063893586594,0.3142857142857143,天分 | 功力 | 本事 | 天赋 | 功底 | 才华 | 本领 | 技巧 | 长处 | 手艺 | 绝技 | 魄力,火候 | 脑筋 | 水准 | 习惯 | 名声 | 人品 | 瘾 | 弱点,才华 | 功底 | 野心 | 名气 | 点子 | 短处 | 功夫 | 魄力 | 本钱 | 瘾 | 技艺 | 兴趣,天分 | 功力 | 本事 | 天赋 | 功底 | 才华 | 本领 | 技巧 | 长处 | 手艺 | 绝技 | 魄力 | 特长 | 口才 | 专长 | 基本功 | 学问 | 功夫 | 诀窍 | 爱好 | 兴趣 | 本钱 | 弱点 | 绝招 | 心思 | 技艺 | 能耐 | 能力 | 技能 | 实力 | 招数 | 力气 | 短处 | 名气 | 耐性 | 演技 | 窍门 | 底子 | 秘诀 | 经验 | 嗜好 | 强项 | 人品 | 运气 | 优势 | 门路 | 野心 | 优点 | 名声 | 胃口 | 工夫 | 拿手 | 潜力 | 资历 | 喜好 | 擅长 | 知名度 | 影响力 | 威力 | 脑筋 | 火候 | 建树 | 习惯 | 瘾 | 要领 | 水准 | 口碑 | 人气 | 甜头 | 点子,63.00686313092587,0.669646826734008,0.27353484985576354,手艺:0.983399 | 功力:0.980437 | 技巧:0.978108 | 功底:0.977915 | 名气:0.976943 | 绝技:0.975472 | 底子:0.975235 | 绝招:0.971070 | 技艺:0.962421 | 天分:0.946675 | 功夫:0.945336 | 工夫:0.943909,一技之长:0.357545 | 声望:0.343717 | 潜能:0.250788 | 素养:0.230596 | 用处:0.228907 | 素质:0.219009 | 精力:0.213529 | 体能:0.209615
50,27,0.3683471183685885,0.04660102455600095,0.18518518518518517,伺候 | 侍候 | 干活儿 | 做饭 | 使唤 | 捡 | 喂 | 遛 | 打扫 | 收拾 | 活儿 | 陪,耍 | 惯 | 搞 | 遛 | 洗澡 | 找 | 活 | 家务,干活儿 | 搞 | 打发 | 耍 | 伺候 | 侍候 | 做饭 | 在家 | 雇 | 捡 | 扮 | 收拾,伺候 | 侍候 | 干活儿 | 做饭 | 使唤 | 捡 | 喂 | 遛 | 打扫 | 收拾 | 活儿 | 陪 | 养 | 养活 | 家务 | 在家 | 耍 | 洗澡 | 拣 | 找 | 哄 | 雇 | 打发 | 扮 | 活 | 惯 | 搞,29.895770504777055,0.809621916405721,0.1652788759163021,伺候:0.988496 | 收拾:0.986502 | 打扫:0.984844 | 做饭:0.964153 | 养活:0.962234 | 侍候:0.962230 | 雇:0.958236 | 洗澡:0.930288 | 耍:0.930090 | 养:0.926660 | 搞:0.925588 | 使唤:0.923821,搬:0.282674 | 刷牙:0.243162 | 做:0.238293 | 睡觉:0.222000 | 弄:0.182139 | 干:0.162590 | 讨:0.146646 | 玩儿:0.134609
51,100,0.282685952907518,-0.009029677337951663,0.58,想法 | 思路 | 举措 | 方法 | 意图 | 路子 | 目的 | 初衷 | 动机 | 道理 | 方针 | 看法,阶段 | 常态 | 目标 | 模式 | 难度 | 环节 | 铺路 | 见解,好处 | 方针 | 想法 | 意向 | 过程 | 概念 | 方法 | 先例 | 行动 | 实质 | 例子 | 环节,想法 | 思路 | 举措 | 方法 | 意图 | 路子 | 目的 | 初衷 | 动机 | 道理 | 方针 | 看法 | 趋势 | 做法 | 念头 | 用意 | 措施 | 迹象 | 途径 | 出发点 | 步骤 | 手段 | 方式 | 效果 | 势头 | 契机 | 构想 | 逻辑 | 步伐 | 好处 | 模式 | 主意 | 作用 | 成效 | 时机 | 办法 | 机制 | 前提 | 意义 | 意愿 | 策略 | 说法 | 方案 | 本意 | 手法 | 因素 | 理由 | 规律 | 坏处 | 见解 | 力度 | 计策 | 行为 | 观点 | 苗头 | 原因 | 导向 | 机会 | 进程 | 先例 | 动向 | 益处 | 格局 | 设想 | 成果 | 例子 | 过程 | 前景 | 政策 | 形势 | 余地 | 效应 | 目标 | 进展 | 倾向 | 概念 | 阶段 | 蓝图 | 角度 | 用处 | 地步 | 亮点 | 信号 | 难度 | 时间表 | 实质 | 基础 | 状态 | 行动 | 决策 | 背景 | 缘故 | 意向 | 动力 | 重中之重 | 环节 | 常态 | 铺路 | 热点 | 定心丸,70.09905289966451,0.40188753944722805,0.4945550001912875,意图:0.907934 | 想法:0.847363 | 意愿:0.840113 | 路子:0.817289 | 目的:0.815606 | 初衷:0.794522 | 动机:0.784254 | 步伐:0.778150 | 思路:0.774932 | 构想:0.756073 | 念头:0.744862 | 好处:0.739301,出路:0.410237 | 兆头:0.406993 | 突破口:0.380794 | 现象:0.315231 | 对策:0.296005 | 形式:0.270887 | 机遇:0.244715 | 甜头:0.244675
52,94,0.42317580425246504,0.06854408062240339,0.0425531914893617,沮丧 | 焦躁 | 茫然 | 羞愧 | 慌张 | 烦躁 | 不安 | 绝望 | 苦恼 | 惊慌 | 气愤 | 恐惧,感到 | 气愤 | 颓废 | 为难 | 冷淡 | 措手不及 | 疑惑 | 难堪,自卑 | 恐慌 | 压抑 | 无力 | 生气 | 感到 | 悲伤 | 漠然 | 沮丧 | 厌烦 | 无所作为 | 颓废,沮丧 | 焦躁 | 茫然 | 羞愧 | 慌张 | 烦躁 | 不安 | 绝望 | 苦恼 | 惊慌 | 气愤 | 恐惧 | 厌烦 | 胆怯 | 慌乱 | 焦急 | 难过 | 焦虑 | 疲倦 | 怨恨 | 失望 | 悔恨 | 疲惫 | 愤怒 | 悲伤 | 伤心 | 伤感 | 自责 | 忧愁 | 畏惧 | 害怕 | 烦闷 | 心慌 | 悲哀 | 困惑 | 委屈 | 生气 | 惊慌失措 | 消沉 | 难堪 | 失落 | 垂头丧气 | 疑惑 | 无奈 | 愁眉苦脸 | 不耐烦 | 自卑 | 畏缩 | 无可奈何 | 狼狈 | 灰心 | 泄气 | 为难 | 着急 | 忧虑 | 悲痛 | 犹豫 | 忧郁 | 气馁 | 恐慌 | 疲惫不堪 | 迟疑 | 窘迫 | 漠然 | 厌倦 | 无精打采 | 担心 | 恼羞成怒 | 压抑 | 怨气 | 犹豫不决 | 感到 | 精疲力竭 | 烦恼 | 麻木 | 担忧 | 冷淡 | 空虚 | 心急如焚 | 不满 | 颓废 | 怨言 | 走投无路 | 无能为力 | 疑虑 | 仇恨 | 一筹莫展 | 思前想后 | 力不从心 | 顾虑 | 措手不及 | 无力 | 身不由己 | 无所作为,95.17628905166266,0.7683918206435001,0.1537936532921646,焦虑:0.992126 | 忧虑:0.989712 | 不安:0.989561 | 焦躁:0.982817 | 疲惫:0.979898 | 疲倦:0.979696 | 恐慌:0.976000 | 恐惧:0.975250 | 困惑:0.973502 | 烦闷:0.973404 | 焦急:0.967247 | 慌乱:0.964416,扫兴:0.455946 | 惋惜:0.451314 | 后悔:0.448585 | 痛心:0.393394 | 尴尬:0.386744 | 痛苦:0.333065 | 心酸:0.330794 | 不解:0.325514
53,26,0.32281697597919123,0.07303831576780494,0.19230769230769232,影迷 | 观众 | 粉丝 | 歌迷 | 球迷 | 听众 | 网民 | 网友 | 读者 | 嘉宾 | 大腕儿 | 明星,头号 | 选手 | 王牌 | 点击率 | 资深 | 中外 | 巨头 | 评委,听众 | 读者 | 用户 | 网民 | 资深 | 点击率 | 嘉宾 | 巨星 | 公众 | 粉丝 | 股民 | 大腕儿,影迷 | 观众 | 粉丝 | 歌迷 | 球迷 | 听众 | 网民 | 网友 | 读者 | 嘉宾 | 大腕儿 | 明星 | 评委 | 股民 | 媒体 | 球星 | 用户 | 公众 | 选手 | 巨星 | 点击率 | 资深 | 中外 | 巨头 | 王牌 | 头号,47.2258361883725,0.5052370075901804,0.3737692245657548,观众:0.980577 | 听众:0.968754 | 粉丝:0.934370 | 影迷:0.895231 | 歌迷:0.892700 | 网民:0.780566 | 读者:0.776803 | 评委:0.763877 | 球迷:0.738252 | 网友:0.728207 | 嘉宾:0.629177 | 大腕儿:0.541424,来宾:0.269557 | 重量级:0.269462 | 影星:0.267257 | 新人:0.259207 | 选民:0.222174 | 高手:0.221386 | 艺人:0.214330 | 名人:0.206482
54,12,0.4477663365553897,0.20346207634192862,0.16666666666666666,仍 | 仍然 | 仍旧 | 依然 | 依旧 | 始终 | 一直 | 亦 | 暂 | 故 | 因 | 致使,致使 | 故 | 因 | 亦 | 暂 | 一直 | 始终 | 依旧,始终 | 亦 | 仍 | 仍旧 | 一直 | 依然 | 因 | 致使 | 故 | 暂 | 依旧 | 仍然,仍 | 仍然 | 仍旧 | 依然 | 依旧 | 始终 | 一直 | 亦 | 暂 | 故 | 因 | 致使,54.40216777220622,0.5473373197018447,0.2671549454065634,依旧:0.873432 | 仍:0.833366 | 仍旧:0.816577 | 依然:0.746501 | 仍然:0.712508 | 始终:0.591972 | 一直:0.543630 | 故:0.405777 | 亦:0.352494 | 致使:0.315884 | 一向:0.313638 | 虽:0.298903,一向:0.313638 | 虽:0.298903 | 皆:0.284163 | 以致:0.268597 | 则:0.250848 | 向来:0.238565 | 进而:0.233806 | 使得:0.230623
55,68,0.3401985315773135,0.0371676055654249,0.19117647058823528,不肯 | 偷偷 | 执意 | 不惜 | 故意 | 愿意 | 宁愿 | 情愿 | 公然 | 竭力 | 趁机 | 无意,盲目 | 毫不 | 冒昧 | 一再 | 趁 | 假装 | 死心塌地 | 再三,偷偷 | 试图 | 趁 | 只管 | 愿意 | 不许 | 打算 | 毫不 | 冒昧 | 一再 | 无意 | 不得已,不肯 | 偷偷 | 执意 | 不惜 | 故意 | 愿意 | 宁愿 | 情愿 | 公然 | 竭力 | 趁机 | 无意 | 极力 | 忍心 | 存心 | 竟敢 | 刻意 | 不得不 | 急于 | 私自 | 甘心 | 只好 | 敢 | 宁可 | 乐意 | 暗中 | 不许 | 打算 | 干脆 | 三番五次 | 有意 | 暗地里 | 想方设法 | 擅自 | 试图 | 从不 | 特意 | 轻易 | 一再 | 只得 | 强行 | 只顾 | 设法 | 决不 | 再三 | 被迫 | 不得已 | 毅然 | 只管 | 假装 | 千方百计 | 私下 | 一味 | 特地 | 伺机 | 理直气壮 | 冒昧 | 当众 | 发誓 | 毫不 | 盲目 | 不顾 | 不准 | 无故 | 死心塌地 | 肯 | 趁 | 高调,71.37267956006043,0.7486297837102165,0.19838815257258163,私自:0.984125 | 不惜:0.981087 | 趁机:0.980147 | 暗中:0.979294 | 故意:0.966484 | 极力:0.963446 | 偷偷:0.963407 | 竭力:0.960045 | 有意:0.959488 | 急于:0.958784 | 擅自:0.950729 | 伺机:0.948409,尽力:0.380827 | 索性:0.343889 | 毫不犹豫:0.341530 | 悄悄:0.330241 | 休想:0.310304 | 想:0.287361 | 企图:0.267765 | 一心:0.255700
56,69,0.29848162318326404,0.012284920813954976,0.42028985507246375,打电话 | 电话 | 回信 | 答复 | 信件 | 电子邮件 | 来信 | 邮件 | 短信 | 转告 | 拨打 | 留言,赐教 | 此致 | 指点 | 指教 | 向 | 倾听 | 推荐 | 打听,公开信 | 声明 | 指点 | 打听 | 微博 | 推荐 | 电子邮件 | 留言 | 通告 | 网上 | 答复 | 来信,打电话 | 电话 | 回信 | 答复 | 信件 | 电子邮件 | 来信 | 邮件 | 短信 | 转告 | 拨打 | 留言 | 回复 | 询问 | 举报 | 投诉 | 信箱 | 来电 | 公函 | 接听 | 告知 | 反馈 | 提问 | 拨通 | 电报 | 通知 | 发送 | 热线 | 接到 | 公开信 | 转达 | 传真 | 收到 | 征求 | 邮箱 | 核实 | 求证 | 投稿 | 当面 | 通报 | 查询 | 请教 | 意见 | 通告 | 匿名 | 解答 | 转交 | 咨询 | 书面 | 打听 | 启事 | 问卷 | 微博 | 微信 | 信 | 赐教 | 评论 | 点名 | 出示 | 上门 | 声明 | 指教 | 倾听 | 调查 | 指点 | 此致 | 向 | 网上 | 推荐,58.77533542248646,0.5812106337292319,0.33428920998128037,拨通:0.974529 | 请教:0.969485 | 拨打:0.968693 | 回信:0.967970 | 信件:0.961669 | 指点:0.958282 | 来信:0.953968 | 电话:0.943232 | 打电话:0.922718 | 来电:0.919849 | 接到:0.912341 | 电报:0.901161,发出:0.242685 | 告示:0.218543 | 递交:0.201690 | 文件:0.193022 | 账号:0.191860 | 口头:0.190338 | 查看:0.186917 | 介绍:0.184153
57,51,0.34574988563285336,0.07928429681594469,0.11764705882352941,墓 | 遗物 | 遗址 | 宫殿 | 墓地 | 坟墓 | 博物馆 | 墓碑 | 文物 | 壁画 | 纪念馆 | 古迹,摇篮 | 雕 | 园地 | 展出 | 珍藏 | 遗产 | 尸体 | 雕刻,寺庙 | 珍藏 | 公墓 | 遗产 | 化石 | 展出 | 烈士 | 纪念馆 | 寺 | 出土 | 殿堂 | 陈列,墓 | 遗物 | 遗址 | 宫殿 | 墓地 | 坟墓 | 博物馆 | 墓碑 | 文物 | 壁画 | 纪念馆 | 古迹 | 碑 | 纪念碑 | 公墓 | 坟 | 庙 | 藏品 | 葬 | 雕塑 | 寺庙 | 出土 | 瑰宝 | 供奉 | 陪葬 | 教堂 | 雕刻 | 珍藏 | 宝藏 | 遗体 | 殿堂 | 陈列 | 皇宫 | 宝库 | 收藏 | 保存 | 尸体 | 国宝 | 寺 | 烈士 | 宫 | 遗产 | 标本 | 完好 | 废墟 | 化石 | 展出 | 雕 | 物证 | 园地 | 摇篮,58.02146163625419,0.7946163604246298,0.1670334544238925,遗物:0.998816 | 墓:0.997893 | 坟墓:0.994645 | 珍藏:0.994513 | 墓碑:0.992564 | 墓地:0.992113 | 葬:0.986015 | 碑:0.983984 | 坟:0.983493 | 遗址:0.978728 | 公墓:0.971419 | 宝藏:0.968625,展览:0.360421 | 清真寺:0.297580 | 庄园:0.225274 | 名胜:0.215621 | 堂:0.204490 | 宫廷:0.184286 | 建筑:0.183333 | 文献:0.168110
58,28,0.3350039032183104,0.06133867963441293,0.25,错误 | 偏差 | 缺陷 | 疏忽 | 失误 | 毛病 | 缺点 | 缺失 | 差错 | 过错 | 欠缺 | 过失,不了了之 | 不通 | 局限 | 半途而废 | 误差 | 赶不上 | 走过场 | 马虎,脱节 | 错误 | 过失 | 不足 | 不了了之 | 偏差 | 半途而废 | 缺失 | 误差 | 疏忽 | 局限 | 毛病,错误 | 偏差 | 缺陷 | 疏忽 | 失误 | 毛病 | 缺点 | 缺失 | 差错 | 过错 | 欠缺 | 过失 | 跟不上 | 脱节 | 出毛病 | 马虎 | 不足 | 误差 | 滞后 | 走弯路 | 错位 | 劣势 | 半途而废 | 走过场 | 赶不上 | 局限 | 不通 | 不了了之,33.82599057226201,0.7152542423259297,0.2603425918722768,疏忽:0.980792 | 走弯路:0.965021 | 失误:0.964931 | 偏差:0.956757 | 跟不上:0.935349 | 错误:0.894309 | 脱节:0.893777 | 缺陷:0.885039 | 差错:0.879403 | 过失:0.867985 | 毛病:0.867090 | 缺点:0.850939,错:0.288767 | 延误:0.244457 | 得不偿失:0.216375 | 缺乏:0.178869 | 失败:0.168473 | 坏处:0.166132 | 粗心大意:0.163909 | 差:0.156693
59,38,0.29377876107059625,0.021665770383625795,0.3684210526315789,获得 | 拥有 | 承担 | 承受 | 担负 | 赢得 | 具备 | 经受 | 占据 | 胜任 | 掌握 | 享有,超越 | 调动 | 具备 | 发挥 | 依靠 | 适应 | 容纳 | 分担,取得 | 承受 | 肩负 | 经受 | 占有 | 超越 | 获取 | 接受 | 具备 | 承担 | 驾驭 | 满足,获得 | 拥有 | 承担 | 承受 | 担负 | 赢得 | 具备 | 经受 | 占据 | 胜任 | 掌握 | 享有 | 肩负 | 赋予 | 占有 | 取得 | 获取 | 提供 | 满足 | 发挥 | 扮演 | 得到 | 容纳 | 依靠 | 驾驭 | 凭借 | 接受 | 给予 | 适应 | 分担 | 吸引 | 担当 | 吸纳 | 接纳 | 换取 | 调动 | 掌管 | 超越,35.20668329456466,0.5899137581391926,0.3698054500079937,吸引:0.963086 | 担负:0.955420 | 容纳:0.951018 | 肩负:0.906436 | 扮演:0.906187 | 驾驭:0.894640 | 承受:0.892972 | 享有:0.892842 | 拥有:0.884563 | 获得:0.839956 | 经受:0.823684 | 胜任:0.804339,打动:0.278175 | 承载:0.205377 | 充当:0.202301 | 迎合:0.193080 | 兼顾:0.175373 | 俘获:0.167425 | 创造:0.137175 | 支配:0.133059
60,51,0.29303415519072784,0.029343506362434924,0.43137254901960786,著名 | 有名 | 驰名 | 大名鼎鼎 | 顶级 | 知名 | 世界级 | 闻名 | 出名 | 举世闻名 | 顶尖 | 一流,现代 | 全新 | 主流 | 冷门 | 性价比 | 尖端 | 特有 | 出自,主流 | 特有 | 有名 | 重量级 | 当之无愧 | 流行 | 耳熟能详 | 尖端 | 超级 | 顶级 | 知名 | 全新,著名 | 有名 | 驰名 | 大名鼎鼎 | 顶级 | 知名 | 世界级 | 闻名 | 出名 | 举世闻名 | 顶尖 | 一流 | 当之无愧 | 远近闻名 | 杰出 | 名副其实 | 独一无二 | 经典 | 耳熟能详 | 家喻户晓 | 公认 | 媲美 | 正宗 | 堪称 | 古老 | 举世无双 | 悠久 | 号称 | 畅销 | 划时代 | 土生土长 | 当今 | 热门 | 重量级 | 传奇 | 流行 | 仅次于 | 本土 | 全新 | 特有 | 最佳 | 海内外 | 全能 | 主流 | 性价比 | 超级 | 冷门 | 尖端 | 之一 | 现代 | 出自,49.18607185210226,0.558664049707108,0.37725131172879517,驰名:0.994168 | 有名:0.984651 | 出名:0.982794 | 闻名:0.972019 | 著名:0.960102 | 媲美:0.958024 | 大名鼎鼎:0.956276 | 远近闻名:0.954711 | 举世闻名:0.928757 | 顶级:0.901466 | 热门:0.861680 | 当之无愧:0.857535,前无古人:0.371002 | 举世瞩目:0.249887 | 众多:0.198348 | 擅长:0.190560 | 首创:0.186915 | 不亚于:0.185773 | 资深:0.179996 | 称为:0.159535
61,40,0.3595039583262754,0.052875833761822456,0.175,渴望 | 挂念 | 想念 | 期盼 | 盼望 | 怀念 | 向往 | 思念 | 迷恋 | 热爱 | 痴迷 | 牵挂,愿 | 等候 | 陪伴 | 守护 | 狂热 | 托付 | 沉浸 | 着迷,挂念 | 渴望 | 等待 | 怀着 | 追求 | 愿 | 希望 | 念念不忘 | 沉迷 | 陪伴 | 热衷 | 沉浸,渴望 | 挂念 | 想念 | 期盼 | 盼望 | 怀念 | 向往 | 思念 | 迷恋 | 热爱 | 痴迷 | 牵挂 | 留恋 | 惦记 | 期待 | 痴心 | 喜欢 | 着迷 | 念念不忘 | 期望 | 盼 | 追求 | 爱 | 希望 | 守候 | 怀着 | 心爱 | 寄托 | 热衷 | 陪伴 | 呼唤 | 狂热 | 追逐 | 沉迷 | 沉浸 | 托付 | 守护 | 等待 | 愿 | 等候,39.23016694618273,0.8445736545322872,0.14021756003122404,守候:0.995487 | 痴迷:0.995000 | 迷恋:0.993845 | 盼望:0.993639 | 期盼:0.989690 | 想念:0.988716 | 挂念:0.986611 | 热衷:0.976117 | 思念:0.970805 | 陪伴:0.967135 | 怀念:0.965714 | 向往:0.962980,崇拜:0.221622 | 执着:0.196578 | 奢望:0.193026 | 模仿:0.134020 | 忘不了:0.106342 | 满怀:0.083275 | 珍重:0.082151 | 羡慕:0.078254
62,27,0.36648160024021054,0.055392335645856015,0.2222222222222222,躺 | 睡 | 蹲 | 坐 | 呆 | 瘫 | 趴 | 躲 | 卧 | 仰 | 跪 | 困,吵 | 一锅粥 | 闹 | 垂 | 困 | 堵 | 站立 | 闭,倚 | 呆 | 歇 | 闹 | 堵 | 蹲 | 站 | 躲 | 守 | 坐 | 站立 | 窝,躺 | 睡 | 蹲 | 坐 | 呆 | 瘫 | 趴 | 躲 | 卧 | 仰 | 跪 | 困 | 倚 | 站立 | 窝 | 歇 | 守 | 吵 | 堵 | 站 | 赖 | 陷 | 闹 | 闭 | 住 | 垂 | 一锅粥,31.243970097576884,0.6300189957804017,0.28024549546273875,呆:0.953616 | 躺:0.930849 | 守:0.911560 | 睡:0.908930 | 站立:0.894276 | 倚:0.888924 | 闹:0.882635 | 卧:0.882272 | 瘫:0.877453 | 蹲:0.865838 | 困:0.859506 | 坐:0.828710,醒:0.255502 | 昏:0.224573 | 挤:0.223304 | 爬:0.209062 | 挨:0.205747 | 憋:0.186758 | 疯:0.180892 | 闷:0.147645
63,42,0.3511563600595034,0.07141586769812718,0.09523809523809523,叙述 | 阐述 | 写 | 论述 | 讲述 | 描绘 | 表述 | 描述 | 描写 | 讲解 | 概括 | 列举,提到 | 回忆录 | 阅读 | 写作 | 念 | 推理 | 读 | 构思,写作 | 表达 | 总结 | 讲解 | 编写 | 简要 | 举例 | 背诵 | 传达 | 描绘 | 推理 | 演示,叙述 | 阐述 | 写 | 论述 | 讲述 | 描绘 | 表述 | 描述 | 描写 | 讲解 | 概括 | 列举 | 归纳 | 背诵 | 讲 | 书写 | 抄写 | 编写 | 朗读 | 默读 | 勾画 | 表达 | 撰写 | 陈述 | 总结 | 写作 | 揭示 | 读 | 介绍 | 引用 | 构思 | 举例 | 温习 | 编排 | 简要 | 传达 | 演示 | 念 | 阅读 | 提到 | 推理 | 回忆录,49.16579387840053,0.7173128833983016,0.20746429397803492,叙述:0.997376 | 抄写:0.978324 | 讲述:0.971447 | 写:0.966734 | 默读:0.964387 | 描述:0.957623 | 概括:0.951627 | 阐述:0.951054 | 构思:0.949274 | 描写:0.945496 | 书写:0.945471 | 论述:0.935412,篇幅:0.360556 | 笔记:0.297364 | 解读:0.283634 | 著作:0.276746 | 解析:0.241867 | 解说:0.193036 | 日记:0.189234 | 论文:0.179251
64,43,0.32025035064666313,0.009562748111460172,0.3953488372093023,损害 | 扰乱 | 妨碍 | 阻碍 | 妨害 | 削弱 | 破坏 | 忽视 | 违背 | 掩盖 | 干扰 | 误导,避免 | 不利于 | 约束 | 施加 | 迎合 | 强加 | 违反 | 掩饰,掩饰 | 掩盖 | 违背 | 施加 | 负面 | 不利于 | 削弱 | 误导 | 夸大 | 妨碍 | 回避 | 损害,损害 | 扰乱 | 妨碍 | 阻碍 | 妨害 | 削弱 | 破坏 | 忽视 | 违背 | 掩盖 | 干扰 | 误导 | 歪曲 | 违反 | 避免 | 忽略 | 危及 | 触犯 | 遏制 | 防止 | 夸大 | 诱发 | 滥用 | 危害 | 不利于 | 杜绝 | 隐瞒 | 掩饰 | 束缚 | 暴露 | 人为 | 强加 | 排除 | 防范 | 迎合 | 回避 | 低估 | 约束 | 隐性 | 依赖 | 不良 | 施加 | 负面,45.01585313495251,0.5873293333998215,0.3333547224625454,掩盖:0.939033 | 妨碍:0.932359 | 忽视:0.921879 | 忽略:0.899131 | 妨害:0.888881 | 防止:0.883942 | 误导:0.874474 | 歪曲:0.873552 | 夸大:0.866236 | 损害:0.848628 | 扰乱:0.842527 | 违背:0.837899,侵害:0.434060 | 侵犯:0.314497 | 推卸:0.274276 | 制约:0.251183 | 淡化:0.223391 | 抑制:0.221228 | 造成:0.218754 | 压制:0.214694
65,43,0.33778165325299836,0.05537595102363373,0.18604651162790697,准确 | 详尽 | 恰当 | 细致 | 精确 | 确切 | 严谨 | 清晰 | 透彻 | 清楚 | 确凿 | 正确,常理 | 讲究 | 符合 | 细微 | 严格 | 超前 | 精细 | 慎重,完整 | 慎重 | 合乎 | 第一手 | 精确 | 详尽 | 细致 | 清楚 | 明确 | 真实 | 周密 | 透彻,准确 | 详尽 | 恰当 | 细致 | 精确 | 确切 | 严谨 | 清晰 | 透彻 | 清楚 | 确凿 | 正确 | 合理 | 周密 | 严密 | 妥当 | 严格 | 客观 | 明确 | 真实 | 合情合理 | 合乎 | 直观 | 详细 | 精细 | 完整 | 深刻 | 充分 | 慎重 | 可信 | 妥善 | 如实 | 得当 | 面面俱到 | 具体 | 讲究 | 有的放矢 | 细微 | 常理 | 一目了然 | 超前 | 符合 | 第一手,48.06466014580539,0.7313287237379256,0.2409182358307698,详尽:0.988275 | 确凿:0.985295 | 准确:0.980675 | 细致:0.979639 | 周密:0.978706 | 严密:0.974225 | 妥当:0.960435 | 真实:0.948906 | 确切:0.944097 | 清楚:0.938193 | 恰当:0.920053 | 合乎:0.918826,恰如其分:0.347218 | 稳妥:0.337237 | 可靠:0.235965 | 万无一失:0.223411 | 深入:0.217696 | 仔细:0.179744 | 周到:0.179347 | 因人而异:0.175540
66,53,0.3547606888077589,0.07577230143536996,0.03773584905660377,游玩 | 游览 | 度假 | 美景 | 旅游 | 旅行 | 观光 | 避暑 | 郊游 | 野餐 | 景点 | 出游,欣赏 | 生活 | 晚餐 | 享受 | 尽情 | 自助 | 乐趣 | 消遣,午餐 | 风景 | 生活 | 食宿 | 漫游 | 游 | 购物 | 享 | 乐园 | 野炊 | 用餐 | 景观,游玩 | 游览 | 度假 | 美景 | 旅游 | 旅行 | 观光 | 避暑 | 郊游 | 野餐 | 景点 | 出游 | 美食 | 观赏 | 住宿 | 休闲 | 用餐 | 品尝 | 景色 | 风景 | 旅途 | 野炊 | 游 | 购物 | 吃喝玩乐 | 名胜 | 消遣 | 就餐 | 体验 | 蜜月 | 去处 | 旅程 | 游人 | 乐趣 | 温泉 | 欣赏 | 晚餐 | 景观 | 风光 | 领略 | 午餐 | 出行 | 食宿 | 尽情 | 乐园 | 漫游 | 娱乐 | 享受 | 生活 | 享 | 自助 | 赏 | 衣食住行,51.093871874739115,0.8046345022934265,0.15311095613221562,游览:0.994080 | 观赏:0.993410 | 美景:0.992942 | 品尝:0.985875 | 避暑:0.983799 | 游玩:0.982292 | 用餐:0.981215 | 就餐:0.977096 | 度假:0.976672 | 出游:0.975516 | 旅途:0.963312 | 游人:0.961697,游客:0.397072 | 景区:0.339788 | 早餐:0.224489 | 游船:0.193822 | 餐饮:0.192813 | 时光:0.190248 | 夜市:0.178826 | 烧烤:0.178319
67,50,0.33992626460309966,0.04881983358135049,0.3,丧生 | 车祸 | 遇难 | 水灾 | 受伤 | 灾害 | 灾难 | 伤亡 | 重伤 | 火灾 | 事故 | 死亡,追尾 | 晕倒 | 肇事 | 倒下 | 遇 | 摔倒 | 迷路 | 危险,惨重 | 幸免 | 突发 | 摔倒 | 遭遇 | 重伤 | 出事 | 水灾 | 危急 | 幸存 | 不慎 | 千钧一发,丧生 | 车祸 | 遇难 | 水灾 | 受伤 | 灾害 | 灾难 | 伤亡 | 重伤 | 火灾 | 事故 | 死亡 | 遇险 | 不幸 | 旱灾 | 失踪 | 遭受 | 惨重 | 暴雨 | 洪水 | 出事 | 空难 | 浩劫 | 海啸 | 突发 | 摔倒 | 地震 | 瘟疫 | 重创 | 追尾 | 遭殃 | 遭遇 | 受害 | 幸存 | 幸免 | 停电 | 无家可归 | 特大 | 危急 | 倒下 | 晕倒 | 发生 | 迷路 | 肇事 | 危险 | 不慎 | 遭到 | 千钧一发 | 致命 | 遇,51.08468509103152,0.8262289599806825,0.15628961322252605,水灾:0.996698 | 旱灾:0.991500 | 伤亡:0.990399 | 车祸:0.988456 | 丧生:0.984677 | 受伤:0.983666 | 灾害:0.976270 | 突发:0.973807 | 遭受:0.973641 | 遇难:0.973076 | 事故:0.965939 | 摔倒:0.960653,干旱:0.339015 | 倒塌:0.285399 | 失控:0.255192 | 厄运:0.195321 | 事件:0.178013 | 掉队:0.167981 | 受灾:0.159143 | 流血:0.152778
68,27,0.32792373019476506,0.056399114098006374,0.07407407407407407,特性 | 特征 | 形态 | 性质 | 特点 | 形式 | 属性 | 范畴 | 结构 | 功能 | 用途 | 类型,产物 | 范围 | 种类 | 需求 | 领域 | 主体 | 体系 | 载体,用途 | 需求 | 条件 | 功能 | 特征 | 结构 | 情况 | 层面 | 体系 | 特点 | 性质 | 属性,特性 | 特征 | 形态 | 性质 | 特点 | 形式 | 属性 | 范畴 | 结构 | 功能 | 用途 | 类型 | 状况 | 种类 | 要素 | 情况 | 载体 | 原理 | 条件 | 范围 | 情形 | 体系 | 领域 | 层面 | 主体 | 需求 | 产物,32.94151000898109,0.2878231716691773,0.5837544483298762,特性:0.836048 | 特征:0.821613 | 属性:0.665046 | 特点:0.661658 | 功能:0.558189 | 形态:0.382642 | 形式:0.379827 | 性质:0.340810 | 载体:0.313990 | 原理:0.303039 | 状况:0.297541 | 情况:0.292911,模式:0.276350 | 效果:0.218649 | 作用:0.211016 | 概念:0.171591 | 方式:0.167936 | 优点:0.161970 | 格局:0.155117 | 状态:0.144837
69,37,0.2838891716493151,0.0024759619483847787,0.4864864864864865,酌情 | 尽量 | 应当 | 须 | 随意 | 适当 | 随时 | 自行 | 应 | 务必 | 以便 | 便于,以便 | 定期 | 相应 | 务必 | 定时 | 凡 | 未经 | 供,随意 | 需 | 尽可能 | 就近 | 优先 | 随时 | 以便 | 任意 | 随心所欲 | 应 | 自行 | 尽量,酌情 | 尽量 | 应当 | 须 | 随意 | 适当 | 随时 | 自行 | 应 | 务必 | 以便 | 便于 | 随时随地 | 预先 | 尽可能 | 即可 | 一律 | 定时 | 需 | 事先 | 无须 | 就近 | 不宜 | 就地 | 任意 | 加以 | 专人 | 定期 | 单独 | 按时 | 优先 | 随心所欲 | 未经 | 相应 | 随机 | 供 | 凡,38.15215850102175,0.548955093361788,0.4031507365653016,任意:0.916274 | 酌情:0.910188 | 随时随地:0.887318 | 随意:0.886960 | 一律:0.871231 | 定时:0.841306 | 尽量:0.827804 | 预先:0.724680 | 随心所欲:0.713567 | 务必:0.705154 | 便于:0.703545 | 须:0.698703,必须:0.272086 | 勿:0.229737 | 严禁:0.220069 | 自动:0.171898 | 予以:0.148652 | 适度:0.147041 | 可:0.140864 | 不予:0.129989
70,0,,,,,,,,8.173702793623767e-6,,,需求:0.000000 | 指标:0.000000 | 幅度:0.000000 | 低于:0.000000 | 比例:0.000000 | 百分比:0.000000 | 资源:0.000000 | 目标:0.000000 | 整体:0.000000 | 占:0.000000 | 盈利:0.000000 | 业绩:0.000000,
71,27,0.33949891983315567,0.07024183103576595,0.1111111111111111,职责 | 职权 | 规则 | 权利 | 职能 | 原则 | 权力 | 责任 | 法规 | 规矩 | 制度 | 纪律,负有 | 大局 | 限度 | 分工 | 任务 | 法规 | 利益 | 惯例,规则 | 特权 | 惯例 | 分工 | 条款 | 任务 | 程序 | 条例 | 权力 | 制度 | 职责 | 纪律,职责 | 职权 | 规则 | 权利 | 职能 | 原则 | 权力 | 责任 | 法规 | 规矩 | 制度 | 纪律 | 义务 | 条例 | 秩序 | 准则 | 特权 | 条款 | 利益 | 程序 | 分工 | 惯例 | 权 | 负有 | 限度 | 任务 | 大局,26.961546105325695,0.3560247342709885,0.5459583991409621,职责:0.895856 | 权利:0.842276 | 规矩:0.837632 | 特权:0.801536 | 职权:0.770396 | 责任:0.630586 | 权力:0.561914 | 原则:0.551453 | 纪律:0.440338 | 职能:0.435905 | 义务:0.340900 | 规则:0.326884,方针:0.101589 | 规定:0.101405 | 法律:0.101026 | 底线:0.092621 | 机制:0.088183 | 行为:0.086630 | 措施:0.082652 | 事项:0.080736
72,17,0.3348360380804789,0.05697075449905622,0.058823529411764705,镶 | 钉 | 凿 | 盖 | 绣 | 刻 | 埋 | 栽 | 罩 | 造 | 装 | 藏,淹 | 埋 | 置 | 装 | 栽 | 修 | 罩 | 织,造 | 置 | 淹 | 埋 | 刻 | 钉 | 凿 | 藏 | 镶 | 装 | 织 | 罩,镶 | 钉 | 凿 | 盖 | 绣 | 刻 | 埋 | 栽 | 罩 | 造 | 装 | 藏 | 印 | 修 | 织 | 淹 | 置,31.272236617348973,0.4727676265161148,0.3729201713500401,凿:0.839809 | 埋:0.828564 | 栽:0.782554 | 造:0.675004 | 淹:0.644705 | 镶:0.610422 | 装:0.518661 | 修:0.499854 | 藏:0.409482 | 刻:0.387820 | 绣:0.361167 | 拆:0.334392,拆:0.334392 | 刨:0.282516 | 剪:0.265781 | 挂:0.213363 | 卸:0.211952 | 悬:0.196772 | 割:0.180419 | 留:0.175520
73,20,0.37404169507715823,0.14054446988124938,0.05,厚度 | 长度 | 宽度 | 尺寸 | 体积 | 重量 | 直径 | 密度 | 强度 | 容量 | 大小 | 纬度,性能 | 位置 | 间隔 | 纬度 | 分量 | 高度 | 口径 | 经度,分量 | 口径 | 位置 | 尺寸 | 寿命 | 性能 | 宽度 | 密度 | 间隔 | 重量 | 大小 | 体积,厚度 | 长度 | 宽度 | 尺寸 | 体积 | 重量 | 直径 | 密度 | 强度 | 容量 | 大小 | 纬度 | 经度 | 寿命 | 间隔 | 性能 | 分量 | 高度 | 口径 | 位置,34.77272900828728,0.48111692947784057,0.43269165281039645,长度:0.900473 | 重量:0.850695 | 直径:0.837164 | 宽度:0.834569 | 厚度:0.817993 | 经度:0.817182 | 体积:0.741724 | 纬度:0.683786 | 间隔:0.596466 | 强度:0.496650 | 尺寸:0.370872 | 密度:0.318934,焦距:0.240798 | 平面:0.201416 | 距离:0.164492 | 误差:0.147315 | 型号:0.139860 | 规格:0.134448 | 毫米:0.133670 | 数目:0.133355
74,95,0.37864074346786003,0.07206319966749214,0.10526315789473684,炎症 | 急性 | 腹泻 | 症状 | 病症 | 抑郁症 | 慢性 | 发炎 | 疼痛 | 高血压 | 出血 | 复发,上火 | 激素 | 刷牙 | 聋 | 流血 | 熬夜 | 失恋 | 食欲,睡眠 | 切除 | 恶性 | 忌口 | 发炎 | 激素 | 食欲 | 阳性 | 失明 | 戒烟 | 酗酒 | 霍乱,炎症 | 急性 | 腹泻 | 症状 | 病症 | 抑郁症 | 慢性 | 发炎 | 疼痛 | 高血压 | 出血 | 复发 | 疾病 | 抑郁 | 癌症 | 咳嗽 | 失眠 | 发作 | 心脏病 | 糖尿病 | 感冒 | 发病 | 过敏 | 呕吐 | 痴呆 | 病 | 患病 | 头晕 | 患有 | 肥胖 | 患 | 骨折 | 病情 | 中毒 | 癌 | 肿瘤 | 精神病 | 休克 | 血栓 | 确诊 | 治愈 | 生病 | 晕车 | 失明 | 昏迷 | 发热 | 血压 | 感染 | 发烧 | 损伤 | 流感 | 近视 | 酗酒 | 服用 | 衰竭 | 出汗 | 激素 | 紊乱 | 副作用 | 霍乱 | 后遗症 | 衰老 | 忌口 | 创伤 | 愈合 | 不适 | 食欲 | 麻痹 | 疲劳 | 怀孕 | 戒烟 | 传染 | 切除 | 睡眠 | 畸形 | 上瘾 | 阳性 | 口吃 | 熬夜 | 失恋 | 减肥 | 恶性 | 吸毒 | 上火 | 聋 | 吸烟 | 青春期 | 阴性 | 刷牙 | 窒息 | 催眠 | 松弛 | 晚期 | 流血 | 兴奋剂,93.80065602711768,0.7854212608800222,0.14068875051493243,失眠:0.997304 | 酗酒:0.982889 | 感冒:0.981742 | 发作:0.980142 | 患:0.978541 | 痴呆:0.978528 | 抑郁症:0.978368 | 发烧:0.972037 | 腹泻:0.963692 | 失明:0.962309 | 呕吐:0.959219 | 晕车:0.958319,视力:0.413755 | 艾滋病:0.409443 | 分泌:0.399431 | 新陈代谢:0.381915 | 免疫:0.355498 | 传染病:0.351317 | 职业病:0.337953 | 病毒:0.319463
75,55,0.32238981844242903,0.042089410950901525,0.21818181818181817,救灾 | 救援 | 救助 | 捐助 | 救治 | 援助 | 募捐 | 捐赠 | 支援 | 物资 | 营救 | 捐款,突击 | 输送 | 扶持 | 急救 | 动用 | 疏导 | 集结 | 拆迁,运送 | 慈善 | 集结 | 物资 | 筹措 | 应急 | 紧急 | 后勤 | 捐赠 | 灾区 | 安置 | 捐献,救灾 | 救援 | 救助 | 捐助 | 救治 | 援助 | 募捐 | 捐赠 | 支援 | 物资 | 营救 | 捐款 | 搜救 | 灾区 | 救济 | 筹集 | 抢救 | 紧急 | 筹措 | 伤员 | 防疫 | 应急 | 受灾 | 运送 | 捐献 | 急救 | 抚恤 | 疏散 | 动员 | 拨款 | 资助 | 安置 | 重建 | 防汛 | 灾 | 打捞 | 出动 | 慈善 | 派出 | 派遣 | 补给 | 疏导 | 消防 | 急需 | 处置 | 动用 | 无偿 | 后勤 | 扶持 | 赞助 | 治安 | 集结 | 拆迁 | 输送 | 突击,56.12870773515765,0.6841087519760141,0.2652935222091529,救援:0.986249 | 捐助:0.982417 | 紧急:0.976501 | 支援:0.969034 | 捐献:0.964481 | 募捐:0.961898 | 援助:0.959370 | 救助:0.955479 | 运送:0.951419 | 筹集:0.951201 | 应急:0.947226 | 捐赠:0.943250,人力:0.252067 | 补偿:0.230664 | 集资:0.206758 | 见义勇为:0.205923 | 发动:0.203850 | 前线:0.174908 | 经费:0.170737 | 贫困:0.166985
76,8,0.5472328729573934,0.3557131151574314,0.0,越发 | 格外 | 日益 | 愈来愈 | 日趋 | 分外 | 显得 | 显出,显出 | 显得 | 日益 | 日趋 | 分外 | 愈来愈 | 格外 | 越发,愈来愈 | 日趋 | 显得 | 显出 | 格外 | 分外 | 越发 | 日益,越发 | 格外 | 日益 | 愈来愈 | 日趋 | 分外 | 显得 | 显出,15.731870931248116,0.5534153419753984,0.3710733026919525,显出:0.905671 | 显得:0.765547 | 格外:0.631115 | 分外:0.558640 | 越发:0.525656 | 日益:0.391752 | 日趋:0.384622 | 愈来愈:0.264319 | 显:0.237594 | 尤为:0.174001 | 分明:0.138585 | 趋于:0.138002,显:0.237594 | 尤为:0.174001 | 分明:0.138585 | 趋于:0.138002 | 更加:0.120007 | 与日俱增:0.103838 | 越来越:0.080845 | 突出:0.080784
77,6,0.4685799229425969,0.2367937548390527,0.0,势必 | 以免 | 以致 | 进而 | 必将 | 难免,难免 | 必将 | 以致 | 进而 | 以免 | 势必,以免 | 势必 | 以致 | 进而 | 必将 | 难免,势必 | 以免 | 以致 | 进而 | 必将 | 难免,145.1593553541788,0.4131756351114713,0.2618649999777944,势必:0.474404 | 难免:0.467670 | 以免:0.422331 | 反而:0.377996 | 必将:0.375866 | 不仅:0.375582 | 从而:0.371658 | 进而:0.370787 | 以致:0.367995 | 不但:0.366642 | 必然:0.359840 | 反倒:0.343436,反而:0.377996 | 不仅:0.375582 | 从而:0.371658 | 不但:0.366642 | 必然:0.359840 | 反倒:0.343436 | 无形中:0.331553 | 必定:0.323204
78,55,0.33702332800135154,0.051294115194809066,0.2,参观 | 拜访 | 应邀 | 拜会 | 看望 | 视察 | 接见 | 观摩 | 会见 | 专程 | 陪同 | 邀请,目睹 | 座谈会 | 谈起 | 结识 | 分享 | 亲眼 | 有幸 | 瞻仰,亲自 | 参加 | 汇报 | 参观 | 座谈 | 座谈会 | 邀请 | 作客 | 邀 | 瞻仰 | 专程 | 出席,参观 | 拜访 | 应邀 | 拜会 | 看望 | 视察 | 接见 | 观摩 | 会见 | 专程 | 陪同 | 邀请 | 探望 | 拜见 | 实地 | 座谈 | 访问 | 采访 | 考察 | 出席 | 观看 | 参加 | 亲身 | 听取 | 做客 | 前来 | 瞻仰 | 亲眼 | 访谈 | 带队 | 来访 | 察看 | 出访 | 邀 | 目睹 | 亲自 | 光临 | 畅谈 | 有幸 | 作客 | 调研 | 特邀 | 结识 | 见证 | 汇报 | 接待 | 座谈会 | 一行 | 耳闻目睹 | 现场 | 谈起 | 参与 | 参展 | 分享 | 全程,54.159839570550936,0.7870169593085976,0.1745939382197971,参观:0.998867 | 拜访:0.996620 | 拜会:0.994705 | 视察:0.994273 | 看望:0.992219 | 实地:0.992030 | 观摩:0.988034 | 拜见:0.986371 | 探望:0.982573 | 亲眼:0.981807 | 接见:0.977692 | 察看:0.971275,主持:0.297886 | 率领:0.283439 | 召集:0.229690 | 代表团:0.221652 | 贵宾:0.217617 | 赴:0.190993 | 研讨:0.156339 | 谈到:0.155098
79,133,0.2789477057817474,-0.007318887599546022,0.556390977443609,车辆 | 客运 | 火车 | 货车 | 列车 | 货运 | 出租车 | 公交车 | 公共汽车 | 大巴 | 客车 | 私家车,时速 | 厂商 | 起步 | 堵车 | 房价 | 消费者 | 轻型 | 高速,艘 | 堵车 | 码头 | 海运 | 货物 | 通道 | 慢车 | 经营 | 安检 | 人次 | 运营 | 入境,车辆 | 客运 | 火车 | 货车 | 列车 | 货运 | 出租车 | 公交车 | 公共汽车 | 大巴 | 客车 | 私家车 | 乘客 | 电车 | 旅客 | 巴士 | 车 | 航班 | 卡车 | 运输 | 卧铺 | 铁路 | 车票 | 慢车 | 司机 | 飞机 | 汽车 | 集装箱 | 高铁 | 公路 | 货物 | 警车 | 电动车 | 长途 | 车主 | 船舶 | 轮船 | 交通 | 机场 | 机票 | 客机 | 堵车 | 车站 | 缆车 | 高速公路 | 快车 | 救护车 | 地铁 | 辆 | 船只 | 轿车 | 机动车 | 停车 | 打车 | 车上 | 驾驶 | 码头 | 航运 | 公车 | 登机 | 航空 | 船 | 特快 | 行李 | 车牌 | 接送 | 售票 | 快递 | 晚点 | 邮政 | 马车 | 票价 | 客流 | 交警 | 物流 | 旅行社 | 海运 | 车号 | 车型 | 过境 | 游客 | 退票 | 电动 | 时速 | 渔船 | 燃油 | 加油站 | 行人 | 延误 | 安检 | 运营 | 公务 | 目的地 | 二手车 | 导游 | 租赁 | 高速 | 艘 | 出境 | 配送 | 充电 | 入境 | 海关 | 电力 | 重型 | 服务 | 电信 | 订单 | 光缆 | 银行 | 保险 | 通信 | 消费者 | 共享 | 轻型 | 卫星 | 企业 | 客户 | 采矿 | 通道 | 消费 | 互联网 | 电讯 | 引擎 | 贸易 | 人次 | 经营 | 房价 | 马力 | 厂商 | 境外 | 开发商 | 起步,126.25946611487514,0.432630431032414,0.42281757395180164,乘客:0.961066 | 旅客:0.942502 | 车辆:0.893307 | 货车:0.880011 | 出租车:0.875353 | 火车:0.846464 | 列车:0.843929 | 公交车:0.838338 | 私家车:0.825366 | 航班:0.824791 | 司机:0.824310 | 大巴:0.821101,驾车:0.419434 | 线路:0.397931 | 违章:0.386289 | 车道:0.356722 | 乘车:0.342964 | 停放:0.295353 | 直升机:0.287054 | 军舰:0.282648
80,25,0.34647231716787075,0.057488006368193005,0.08,捎 | 拎 | 抱 | 搀 | 牵 | 揣 | 扶 | 挎 | 挽 | 抬 | 搭 | 递,迎 | 保 | 掀 | 拴 | 添 | 带 | 护 | 领,抬 | 驮 | 牵 | 领 | 拎 | 拴 | 掀 | 挎 | 抱 | 保 | 搀 | 挽,捎 | 拎 | 抱 | 搀 | 牵 | 揣 | 扶 | 挎 | 挽 | 抬 | 搭 | 递 | 揽 | 接 | 驮 | 捧 | 拴 | 掀 | 带 | 托 | 迎 | 护 | 领 | 添 | 保,41.331715241747276,0.5314894351981283,0.3186529787703034,捎:0.900090 | 迎:0.886393 | 递:0.829762 | 捧:0.811321 | 搀:0.751043 | 揣:0.750173 | 牵:0.742147 | 驮:0.720771 | 揽:0.615654 | 拎:0.571087 | 掀:0.562680 | 接:0.560850,绑:0.338150 | 兜:0.318808 | 拉:0.317536 | 扛:0.300138 | 踏:0.263536 | 凑:0.262031 | 推:0.256505 | 夹:0.246552
81,31,0.3464767460314736,0.033440824122253944,0.3225806451612903,帮忙 | 安慰 | 救 | 恳求 | 照顾 | 拯救 | 哀求 | 求助 | 解救 | 挽救 | 求救 | 帮助,协助 | 孝敬 | 哀求 | 监护 | 管教 | 报警 | 帮手 | 恳求,保护 | 监护 | 报警 | 协助 | 解救 | 关照 | 乞求 | 替 | 帮手 | 帮 | 求救 | 救,帮忙 | 安慰 | 救 | 恳求 | 照顾 | 拯救 | 哀求 | 求助 | 解救 | 挽救 | 求救 | 帮助 | 呼救 | 照料 | 乞求 | 接济 | 看护 | 关照 | 安抚 | 协助 | 救命 | 帮 | 管教 | 替 | 看管 | 保护 | 帮手 | 孝敬 | 监护 | 报警 | 挽回,33.15292223146847,0.8768905065648422,0.11234673184849787,求救:0.998366 | 呼救:0.995999 | 照料:0.993625 | 看护:0.992205 | 救命:0.991478 | 照顾:0.988648 | 求助:0.988437 | 救:0.987876 | 乞求:0.985776 | 解救:0.979322 | 接济:0.975243 | 挽救:0.966602,报答:0.323804 | 营救:0.322766 | 说情:0.272650 | 收留:0.259266 | 解围:0.199871 | 托付:0.191765 | 劝说:0.113201 | 掩护:0.112050
82,34,0.2996919288288652,0.026403690986414024,0.29411764705882354,便捷 | 顺畅 | 方便 | 高效 | 通畅 | 快捷 | 畅通 | 可行 | 稳妥 | 管用 | 有用 | 有效,万能 | 到位 | 良性 | 万无一失 | 健康 | 循序渐进 | 灵通 | 实惠,有效 | 见效 | 万能 | 高效 | 有序 | 循序渐进 | 便利 | 适宜 | 万无一失 | 至关重要 | 到位 | 顺利,便捷 | 顺畅 | 方便 | 高效 | 通畅 | 快捷 | 畅通 | 可行 | 稳妥 | 管用 | 有用 | 有效 | 便利 | 合适 | 有益 | 有利 | 适宜 | 有序 | 实用 | 实惠 | 安全 | 顺利 | 适合 | 健康 | 良性 | 至关重要 | 重要 | 长效 | 见效 | 万无一失 | 灵通 | 循序渐进 | 到位 | 万能,33.59921351544865,0.6597530544245095,0.3007154377754761,通畅:0.997090 | 便捷:0.996650 | 畅通:0.994600 | 方便:0.991275 | 顺畅:0.989208 | 快捷:0.988252 | 便利:0.957415 | 适宜:0.936257 | 顺利:0.920251 | 管用:0.899739 | 合适:0.892750 | 见效:0.873975,合理:0.276055 | 可靠:0.268416 | 省事:0.199812 | 必要:0.192829 | 成功:0.140291 | 必不可少:0.124165 | 成问题:0.123081 | 持久:0.103277
83,46,0.3319793862828185,0.04069519463844867,0.2391304347826087,损坏 | 磨损 | 脱落 | 毁坏 | 断裂 | 腐烂 | 破裂 | 烧毁 | 丢失 | 撞击 | 倒塌 | 变形,埋藏 | 失控 | 冲撞 | 倒塌 | 下坠 | 摩擦 | 震动 | 碰撞,遗留 | 磨损 | 失效 | 燃烧 | 失灵 | 面目全非 | 变质 | 腐烂 | 撞击 | 着火 | 流失 | 破碎,损坏 | 磨损 | 脱落 | 毁坏 | 断裂 | 腐烂 | 破裂 | 烧毁 | 丢失 | 撞击 | 倒塌 | 变形 | 着火 | 老化 | 裂缝 | 泄漏 | 爆炸 | 破碎 | 变质 | 裂痕 | 失效 | 失灵 | 报废 | 腐蚀 | 丢弃 | 堵塞 | 故障 | 燃烧 | 残缺 | 遗弃 | 冲撞 | 流失 | 失控 | 碰撞 | 下坠 | 摩擦 | 泄露 | 面目全非 | 埋没 | 失传 | 焚烧 | 遗忘 | 不翼而飞 | 遗留 | 埋藏 | 震动,44.367745414688365,0.8330575406392002,0.13639678665709762,损坏:0.996014 | 磨损:0.993396 | 毁坏:0.993053 | 断裂:0.992640 | 撞击:0.992187 | 脱落:0.986470 | 烧毁:0.984308 | 破裂:0.981418 | 失传:0.979340 | 泄漏:0.977477 | 摩擦:0.976639 | 裂痕:0.973609,解体:0.298233 | 残留:0.222319 | 膨胀:0.108705 | 隐藏:0.099802 | 缺失:0.098564 | 腐化:0.090155 | 损伤:0.081434 | 留下:0.081246
84,27,0.34247362959875227,0.044329497478328185,0.14814814814814814,和平 | 平等 | 和平共处 | 正义 | 公正 | 妥协 | 民主 | 人权 | 条约 | 中立 | 公平 | 团结,法律 | 宽恕 | 退让 | 友好 | 人权 | 契约 | 民主 | 互助,民主 | 共同体 | 条约 | 公正 | 平等 | 正义 | 契约 | 和解 | 法律 | 中立 | 让步 | 人权,和平 | 平等 | 和平共处 | 正义 | 公正 | 妥协 | 民主 | 人权 | 条约 | 中立 | 公平 | 团结 | 和解 | 同盟 | 谅解 | 人道 | 协定 | 宽恕 | 友好 | 契约 | 主权 | 让步 | 退让 | 共同体 | 互助 | 盟友 | 法律,37.77725152244702,0.5280380144161597,0.36485078648648606,平等:0.934902 | 让步:0.904112 | 妥协:0.891313 | 中立:0.854255 | 和平共处:0.840546 | 和平:0.826648 | 公正:0.801426 | 退让:0.727944 | 公平:0.709771 | 团结:0.646995 | 民主:0.605763 | 人道:0.576028,互信:0.260977 | 宪法:0.247501 | 屈服:0.215522 | 议会:0.212167 | 政党:0.211507 | 建交:0.190540 | 公道:0.161668 | 伸张:0.152127
85,55,0.3129471692908889,0.026171838192284635,0.3090909090909091,揣摩 | 辨别 | 审视 | 搜集 | 思考 | 琢磨 | 寻找 | 查找 | 观察 | 思索 | 分辨 | 挖掘,找到 | 提炼 | 解读 | 回顾 | 注意 | 探索 | 看待 | 解析,找到 | 解读 | 揣摩 | 验证 | 发掘 | 审视 | 回顾 | 收集 | 寻觅 | 分析 | 找出 | 核对,揣摩 | 辨别 | 审视 | 搜集 | 思考 | 琢磨 | 寻找 | 查找 | 观察 | 思索 | 分辨 | 挖掘 | 分析 | 探求 | 筛选 | 梳理 | 找出 | 寻觅 | 推敲 | 辨认 | 仔细 | 追踪 | 搜寻 | 研究 | 鉴别 | 捕捉 | 收集 | 权衡 | 摸索 | 留心 | 探索 | 挑选 | 发掘 | 识别 | 核对 | 评判 | 验证 | 考量 | 解析 | 提炼 | 论证 | 解读 | 跟踪 | 采集 | 找到 | 查看 | 回顾 | 整理 | 留意 | 吸取 | 看待 | 真假 | 对照 | 追溯 | 注意,54.37726901413379,0.748652338661604,0.21250505878092502,搜集:0.993834 | 捕捉:0.992285 | 寻觅:0.990892 | 寻找:0.990786 | 辨别:0.988997 | 辨认:0.984182 | 分辨:0.982106 | 琢磨:0.975908 | 探求:0.973979 | 揣摩:0.968767 | 查找:0.965543 | 搜寻:0.961995,总结:0.351862 | 考虑:0.224881 | 深思:0.206385 | 衡量:0.201291 | 正视:0.197838 | 区分:0.187246 | 评价:0.181537 | 了解:0.178106
86,48,0.4004207928295618,0.05015524318214831,0.14583333333333334,哆嗦 | 发愣 | 一动不动 | 叹气 | 发抖 | 一声不吭 | 颤抖 | 哭泣 | 一言不发 | 呜咽 | 哭 | 咧嘴,笑 | 冷笑 | 挣扎 | 一旁 | 醒悟 | 苦笑 | 发怒 | 脑海,受惊 | 一言不发 | 得意扬扬 | 脑海 | 小心翼翼 | 目不转睛 | 前仰后合 | 笑 | 动弹 | 一动不动 | 鸦雀无声 | 睡着,哆嗦 | 发愣 | 一动不动 | 叹气 | 发抖 | 一声不吭 | 颤抖 | 哭泣 | 一言不发 | 呜咽 | 哭 | 咧嘴 | 苦笑 | 自言自语 | 睡着 | 冷笑 | 惨白 | 流泪 | 笑 | 通红 | 目不转睛 | 沉默 | 惊醒 | 摇晃 | 动弹 | 沉思 | 醒来 | 前仰后合 | 面红耳赤 | 酣睡 | 得意扬扬 | 低头 | 发怒 | 一旁 | 鸦雀无声 | 眨眼 | 连滚带爬 | 挣扎 | 受惊 | 醒悟 | 苏醒 | 默默 | 大模大样 | 小心翼翼 | 一阵 | 喘息 | 原地 | 脑海,51.00068985296869,0.7033496732094723,0.21026236465929893,哭泣:0.989476 | 颤抖:0.985758 | 呜咽:0.984609 | 发抖:0.979898 | 流泪:0.974536 | 一动不动:0.966286 | 哆嗦:0.933631 | 发愣:0.925512 | 哭:0.923212 | 惨白:0.920613 | 叹气:0.898037 | 沉思:0.889167,摇头:0.448266 | 眼泪:0.354431 | 愣:0.315017 | 浑身:0.268852 | 眉开眼笑:0.261678 | 使劲:0.242182 | 泪:0.232676 | 脸色:0.221048
87,36,0.3599405846077641,0.06410857921925252,0.1388888888888889,祝福 | 谢谢 | 感谢 | 祝 | 祝愿 | 恭喜 | 一路平安 | 亲爱 | 保佑 | 感恩 | 保重 | 晚安,关爱 | 好心 | 辜负 | 对不起 | 久仰 | 报答 | 大家 | 幸运,大家 | 谢谢 | 好运 | 感恩 | 正能量 | 保重 | 祝福 | 报答 | 一路顺风 | 晚安 | 亲爱 | 对不起,祝福 | 谢谢 | 感谢 | 祝 | 祝愿 | 恭喜 | 一路平安 | 亲爱 | 保佑 | 感恩 | 保重 | 晚安 | 福气 | 好运 | 各位 | 心想事成 | 哦 | 诸位 | 一路顺风 | 祈祷 | 对不起 | 报答 | 加油 | 再见 | 幸运 | 爱心 | 久仰 | 好心 | 关爱 | 恩惠 | 辜负 | 回馈 | 恩赐 | 大家 | 正能量 | 您,41.619643905315584,0.7918021777077506,0.16433093651133712,祝:0.993653 | 谢谢:0.986026 | 保佑:0.984525 | 祝福:0.978476 | 恭喜:0.977901 | 一路平安:0.976431 | 爱心:0.970415 | 恩惠:0.962331 | 福气:0.956661 | 感恩:0.941965 | 好运:0.941727 | 恩赐:0.941071,恩情:0.326884 | 朋友们:0.309136 | 真心:0.274652 | 拜托:0.262435 | 对得起:0.253009 | 哇:0.225625 | 抱歉:0.218222 | 哈哈:0.213305
88,42,0.34960568652933194,0.047960196954666724,0.14285714285714285,相处 | 相识 | 见面 | 亲密 | 朝夕相处 | 亲热 | 结婚 | 恋爱 | 相遇 | 分手 | 约会 | 知己,诉说 | 和睦 | 之间 | 关系 | 对方 | 一起 | 婚姻 | 结婚,亲热 | 分手 | 相依为命 | 和睦 | 朝夕相处 | 诀别 | 萍水相逢 | 一起 | 关系 | 亲近 | 相识 | 交集,相处 | 相识 | 见面 | 亲密 | 朝夕相处 | 亲热 | 结婚 | 恋爱 | 相遇 | 分手 | 约会 | 知己 | 交朋友 | 彼此 | 亲近 | 融洽 | 萍水相逢 | 订婚 | 异性 | 形影不离 | 相依为命 | 伴侣 | 倾诉 | 诀别 | 团聚 | 表白 | 互相 | 相约 | 相伴 | 默契 | 隔阂 | 门当户对 | 相互 | 求婚 | 和睦 | 婚姻 | 关系 | 交集 | 诉说 | 一起 | 之间 | 对方,40.676372497592205,0.8406476960367157,0.12342596268618722,相遇:0.995127 | 相识:0.993385 | 朝夕相处:0.992932 | 融洽:0.992568 | 相处:0.991831 | 形影不离:0.991519 | 求婚:0.987115 | 亲密:0.984678 | 相约:0.983607 | 约会:0.981225 | 相伴:0.980010 | 互相:0.976041,友好:0.226543 | 离婚:0.190496 | 分开:0.186408 | 素不相识:0.173130 | 团圆:0.137479 | 交往:0.129151 | 友谊:0.116715 | 孪生:0.093791
89,44,0.34609130158267293,0.01607459656388964,0.4318181818181818,壮丽 | 宽敞 | 耀眼 | 气派 | 宽阔 | 宏伟 | 壮观 | 亮丽 | 雄伟 | 华丽 | 明亮 | 高大,高贵 | 干净 | 奢侈 | 时髦 | 平坦 | 整齐 | 秀美 | 光辉,尊贵 | 广阔 | 显赫 | 宽阔 | 秀美 | 时髦 | 鹤立鸡群 | 奢侈 | 宏伟 | 壮观 | 亮丽 | 显眼,壮丽 | 宽敞 | 耀眼 | 气派 | 宽阔 | 宏伟 | 壮观 | 亮丽 | 雄伟 | 华丽 | 明亮 | 高大 | 整洁 | 高贵 | 显赫 | 秀丽 | 宽广 | 秀美 | 显眼 | 宏大 | 开阔 | 辉煌 | 醒目 | 尊贵 | 庄严 | 崭新 | 体面 | 阔绰 | 整齐 | 光彩 | 广阔 | 引人注目 | 豪华 | 繁华 | 非凡 | 抢眼 | 时髦 | 光辉 | 干净 | 平坦 | 鹤立鸡群 | 深远 | 新潮 | 奢侈,44.19596547694476,0.7881159122256872,0.14667397703296892,宽敞:0.991993 | 宏伟:0.989815 | 显眼:0.988525 | 壮丽:0.987606 | 宽阔:0.986990 | 雄伟:0.984359 | 尊贵:0.980182 | 整洁:0.978179 | 显赫:0.977870 | 阔绰:0.973678 | 耀眼:0.973198 | 醒目:0.971922,灿烂:0.286446 | 鲜艳:0.276743 | 风光:0.268643 | 时尚:0.266569 | 美丽:0.231943 | 高雅:0.227691 | 辽阔:0.222601 | 美观:0.217393
90,52,0.3391835290406608,0.02487063690783361,0.21153846153846154,感情 | 情谊 | 情感 | 爱情 | 亲情 | 真情 | 情怀 | 友情 | 恩情 | 心意 | 心事 | 情,事 | 交情 | 永恒 | 干戈 | 人间 | 贫富 | 信仰 | 梦想,人生 | 心 | 恩情 | 情怀 | 性命 | 亲情 | 情结 | 利害 | 事 | 恩怨 | 内心 | 愿望,感情 | 情谊 | 情感 | 爱情 | 亲情 | 真情 | 情怀 | 友情 | 恩情 | 心意 | 心事 | 情 | 心灵 | 缘分 | 悲欢离合 | 恩怨 | 深情 | 心声 | 心 | 内心 | 心愿 | 人生 | 情结 | 喜怒哀乐 | 灵魂 | 心中 | 生命 | 生死 | 梦想 | 天长地久 | 心里话 | 人情 | 信仰 | 交情 | 愿望 | 名利 | 友谊 | 人间 | 青春 | 性命 | 血脉 | 归宿 | 血缘 | 永恒 | 诺言 | 梦 | 利害 | 得失 | 事 | 心目 | 干戈 | 贫富,48.48618921707987,0.6713637599295086,0.2704264099125188,亲情:0.987629 | 真情:0.982873 | 情谊:0.982616 | 情:0.978824 | 心愿:0.963655 | 心意:0.961571 | 感情:0.960829 | 情感:0.959341 | 恩怨:0.952439 | 人情:0.949414 | 心事:0.924921 | 交情:0.916865,信念:0.333837 | 人性:0.324839 | 真理:0.199594 | 命运:0.198646 | 婚姻:0.193808 | 童年:0.190992 | 勇气:0.167578 | 心胸:0.149190
91,28,0.2838687472403147,-0.028464163152857613,0.6785714285714286,退回 | 收回 | 丢掉 | 拿走 | 掉 | 丢 | 销毁 | 作废 | 关闭 | 归还 | 撤 | 没收,熄火 | 掉头 | 尾声 | 后退 | 停 | 关闭 | 停顿 | 结束,淘汰 | 熄火 | 停 | 掉头 | 后退 | 拿走 | 关闭 | 尾声 | 落下 | 停顿 | 收回 | 完毕,退回 | 收回 | 丢掉 | 拿走 | 掉 | 丢 | 销毁 | 作废 | 关闭 | 归还 | 撤 | 没收 | 停 | 结束 | 退 | 停业 | 掉头 | 过期 | 后退 | 熄火 | 淘汰 | 停顿 | 完毕 | 移交 | 掉队 | 交给 | 落下 | 尾声,28.94425932813056,0.7089773178208398,0.2531115949275905,完毕:0.965287 | 丢掉:0.958037 | 退回:0.949902 | 拿走:0.947686 | 停顿:0.932717 | 销毁:0.908207 | 作废:0.900111 | 没收:0.880407 | 熄火:0.868895 | 掉头:0.857895 | 结束:0.854176 | 过期:0.838041,退出:0.307587 | 报废:0.243582 | 放下:0.238431 | 无效:0.179581 | 取缔:0.160215 | 撤离:0.133583 | 停下:0.121763 | 换成:0.121734
92,34,0.3088669203148361,0.0034623842361097682,0.47058823529411764,弘扬 | 忠诚 | 忠于 | 忠贞 | 发扬 | 崇高 | 奉献 | 铭记 | 伟大 | 歌颂 | 牢记 | 光荣,树立 | 一贯 | 秉承 | 独立自主 | 造福 | 廉正 | 同舟共济 | 诚信,模范 | 伟大 | 廉洁 | 树立 | 牺牲 | 爱国 | 同舟共济 | 一贯 | 忠实 | 铭记 | 忠于 | 歌颂,弘扬 | 忠诚 | 忠于 | 忠贞 | 发扬 | 崇高 | 奉献 | 铭记 | 伟大 | 歌颂 | 牢记 | 光荣 | 崇尚 | 中华民族 | 爱国 | 廉洁 | 树立 | 神圣 | 忠实 | 坚守 | 祖国 | 模范 | 发扬光大 | 秉承 | 同舟共济 | 诚信 | 牺牲 | 独立自主 | 造福 | 争光 | 廉正 | 改革开放 | 立功 | 一贯,36.98129579833466,0.573479404391421,0.3438580878515318,弘扬:0.968737 | 铭记:0.946100 | 歌颂:0.898579 | 奉献:0.884127 | 牢记:0.853429 | 发扬:0.847831 | 秉承:0.846049 | 坚守:0.845521 | 光荣:0.819914 | 忠于:0.818463 | 神圣:0.768428 | 树立:0.752871,捍卫:0.353306 | 自强不息:0.306820 | 光辉:0.259420 | 众志成城:0.212305 | 团结:0.211689 | 忠心:0.204063 | 尊严:0.195351 | 万古长青:0.191583
93,27,0.328297398467636,0.057151691663788654,0.14814814814814814,召开 | 举行 | 会议 | 演讲 | 发布会 | 发言 | 发表 | 举办 | 讲话 | 发布 | 演说 | 峰会,签约 | 社论 | 宣言 | 议程 | 宣读 | 刊登 | 公开 | 露面,主办 | 宣言 | 举办 | 报告 | 发布会 | 演讲 | 沙龙 | 公布 | 会议 | 亮相 | 公开 | 发表,召开 | 举行 | 会议 | 演讲 | 发布会 | 发言 | 发表 | 举办 | 讲话 | 发布 | 演说 | 峰会 | 论坛 | 宣读 | 刊登 | 主办 | 宣言 | 沙龙 | 公布 | 亮相 | 议程 | 报告 | 承办 | 社论 | 露面 | 公开 | 签约,39.228624947053994,0.4462089881441545,0.42688182956340653,露面:0.943213 | 举行:0.921833 | 亮相:0.901501 | 宣读:0.877625 | 发言:0.864142 | 讲话:0.851804 | 演讲:0.798986 | 举办:0.773156 | 演说:0.770146 | 召开:0.646330 | 发布会:0.460556 | 发表:0.442355,闭幕:0.375768 | 开幕:0.351907 | 大会:0.293733 | 座谈会:0.269117 | 访谈:0.213320 | 致辞:0.203330 | 颁发:0.196922 | 表态:0.186820
94,41,0.37315106760324074,0.04511626784649353,0.1951219512195122,聊天儿 | 玩耍 | 打盹儿 | 溜达 | 散步 | 嬉笑 | 打牌 | 跳舞 | 晒太阳 | 侃大山 | 吃饭 | 玩儿,奔跑 | 对弈 | 热闹 | 交头接耳 | 川流不息 | 旁观 | 左顾右盼 | 喧闹,左顾右盼 | 晒太阳 | 抽烟 | 捉迷藏 | 溜达 | 光顾 | 侃大山 | 东张西望 | 聊 | 逛 | 转悠 | 嬉笑,聊天儿 | 玩耍 | 打盹儿 | 溜达 | 散步 | 嬉笑 | 打牌 | 跳舞 | 晒太阳 | 侃大山 | 吃饭 | 玩儿 | 转悠 | 睡觉 | 下棋 | 抽烟 | 唱歌 | 串门 | 晃荡 | 东张西望 | 逛 | 看热闹 | 捉迷藏 | 喧哗 | 喧闹 | 午睡 | 交头接耳 | 左顾右盼 | 走路 | 熙熙攘攘 | 热闹 | 奔跑 | 聊 | 猜谜 | 问路 | 旁观 | 行走 | 光顾 | 守株待兔 | 川流不息 | 对弈,41.09840708460365,0.8500679276634939,0.11185229400511919,玩耍:0.991007 | 溜达:0.990012 | 下棋:0.988012 | 打牌:0.984859 | 转悠:0.983305 | 侃大山:0.982859 | 熙熙攘攘:0.980758 | 喧哗:0.980174 | 聊天儿:0.977760 | 散步:0.972362 | 逛:0.970968 | 串门:0.956156,休息:0.380734 | 打球:0.317749 | 遛:0.314363 | 钓鱼:0.189973 | 鸦雀无声:0.155313 | 打猎:0.104772 | 练:0.102962 | 七嘴八舌:0.102596
95,74,0.3460994875440205,0.035020959813558315,0.2972972972972973,肝脏 | 皮肤 | 肌肉 | 血管 | 胃 | 肝 | 身体 | 细胞 | 脾 | 心脏 | 肺 | 唾液,毒 | 伤势 | 物体 | 体重 | 头部 | 物质 | 斑点 | 发育,物体 | 血 | 心脏 | 视力 | 变异 | 肾 | 胚胎 | 颈部 | 脾 | 尿 | 气管 | 先天,肝脏 | 皮肤 | 肌肉 | 血管 | 胃 | 肝 | 身体 | 细胞 | 脾 | 心脏 | 肺 | 唾液 | 人体 | 血液 | 器官 | 颈部 | 分泌 | 关节 | 气管 | 胸部 | 肢体 | 腹部 | 全身 | 胎儿 | 肾 | 体温 | 大脑 | 肌肤 | 脂肪 | 胚胎 | 神经 | 腺 | 动脉 | 生理 | 牙齿 | 伤口 | 痰 | 呼吸 | 肠 | 新陈代谢 | 蛋白质 | 面部 | 免疫 | 穴位 | 体质 | 视力 | 部位 | 细菌 | 知觉 | 发育 | 血 | 触觉 | 变异 | 嗅觉 | 尿 | 遗传 | 体力 | 咽喉 | 体重 | 基因 | 头部 | 斑点 | 能量 | 智力 | 物体 | 腔 | 病毒 | 先天 | 物质 | 伤势 | 脉搏 | 毒 | 剂 | 人身,78.56750871057659,0.6672631168907047,0.22693672709620946,肢体:0.978812 | 肌肉:0.956938 | 身体:0.952999 | 皮肤:0.941811 | 面部:0.933102 | 咽喉:0.926846 | 颈部:0.904974 | 部位:0.903451 | 唾液:0.898774 | 关节:0.897836 | 大脑:0.879948 | 伤口:0.879834,骨折:0.462376 | 激素:0.428959 | 食欲:0.339965 | 膝盖:0.337985 | 血栓:0.322785 | 血压:0.321599 | 气味:0.287529 | 钙:0.287007
96,22,0.3842456923704571,0.10295278591714693,0.09090909090909091,推动 | 促进 | 推进 | 提升 | 拓展 | 带动 | 优化 | 增强 | 引领 | 拉动 | 拓宽 | 引导,提速 | 促使 | 扩展 | 发展 | 引导 | 增进 | 促成 | 转型,拓展 | 发展 | 创新 | 拉动 | 推动 | 转型 | 引导 | 拓宽 | 促使 | 增强 | 提升 | 驱动,推动 | 促进 | 推进 | 提升 | 拓展 | 带动 | 优化 | 增强 | 引领 | 拉动 | 拓宽 | 引导 | 驱动 | 发展 | 升级 | 促使 | 增进 | 提速 | 扩展 | 创新 | 转型 | 促成,33.95926878929959,0.32083819679625536,0.5405133018869092,带动:0.861544 | 推动:0.829578 | 促进:0.733890 | 拉动:0.654942 | 引导:0.478233 | 增进:0.434593 | 引领:0.419041 | 推进:0.308429 | 增强:0.298301 | 驱动:0.263081 | 提升:0.248328 | 拓展:0.239629,加快:0.195205 | 深化:0.189613 | 强化:0.176719 | 巩固:0.169349 | 加速:0.161090 | 支撑:0.158693 | 开拓:0.147796 | 加深:0.147720
97,59,0.40106763945486024,0.05745407922097331,0.13559322033898305,俊俏 | 文雅 | 朴实 | 沉稳 | 质朴 | 稳重 | 英俊 | 纯朴 | 壮实 | 柔和 | 温柔 | 硬朗,心灵手巧 | 讨人喜欢 | 和蔼 | 风流 | 韧性 | 可爱 | 鲜艳 | 低调,开朗 | 朝气蓬勃 | 得体 | 甜美 | 结实 | 韧性 | 潇洒 | 光泽 | 温柔 | 文雅 | 修长 | 中庸,俊俏 | 文雅 | 朴实 | 沉稳 | 质朴 | 稳重 | 英俊 | 纯朴 | 壮实 | 柔和 | 温柔 | 硬朗 | 活泼 | 健壮 | 艳丽 | 红润 | 优雅 | 敦厚 | 柔软 | 甜美 | 开朗 | 结实 | 刚毅 | 和蔼 | 可爱 | 苗条 | 得体 | 慈祥 | 潇洒 | 坚韧 | 修长 | 含蓄 | 丰满 | 朴素 | 宽厚 | 讨人喜欢 | 强壮 | 大方 | 鲜艳 | 高雅 | 漂亮 | 红扑扑 | 容光焕发 | 光滑 | 纯洁 | 水灵灵 | 坚硬 | 光泽 | 风度 | 饱满 | 心灵手巧 | 矮小 | 朝气蓬勃 | 端正 | 风流 | 亲和力 | 低调 | 中庸 | 韧性,63.198915122239,0.8008413374690025,0.14152979424682657,壮实:0.997812 | 健壮:0.997660 | 强壮:0.990347 | 红润:0.988559 | 结实:0.984750 | 俊俏:0.981979 | 苗条:0.970610 | 宽厚:0.969899 | 矮小:0.969890 | 英俊:0.969490 | 朴实:0.966436 | 质朴:0.960701,高贵:0.467385 | 高大:0.390377 | 平和:0.371048 | 乖巧:0.366397 | 富有:0.347781 | 豁达:0.343778 | 谦逊:0.340951 | 细腻:0.303601
98,74,0.37871448920774464,0.07656430895313115,0.17567567567567569,煮 | 烤 | 汁 | 炖 | 酥 | 蘸 | 烫 | 煎 | 拌 | 蒸 | 腥 | 甜,黑 | 凉 | 干 | 稀 | 风味 | 火 | 湿 | 灌,好吃 | 糊 | 糟 | 甜 | 喝 | 煎 | 酥 | 炖 | 炸 | 脆 | 碎 | 辣,煮 | 烤 | 汁 | 炖 | 酥 | 蘸 | 烫 | 煎 | 拌 | 蒸 | 腥 | 甜 | 涮 | 糊 | 熬 | 淋 | 嚼 | 香味 | 脆 | 辣 | 可口 | 熏 | 吃 | 香 | 烧 | 好吃 | 鲜美 | 浇 | 炸 | 口感 | 嫩 | 咸 | 熟 | 喝 | 泡 | 冻 | 煲 | 味儿 | 味道 | 稠 | 麻辣 | 热腾腾 | 凉 | 沾 | 凉水 | 粘 | 炒 | 掺 | 美味 | 黏 | 呛 | 沏 | 酸 | 糟 | 洗 | 抹 | 风味 | 碎 | 口味 | 撒 | 干 | 尝 | 滴 | 湿 | 灌 | 火辣辣 | 敷 | 稀 | 火 | 透 | 染 | 灰 | 黑 | 筛,89.6684729228889,0.6368839148241617,0.22401840579221485,味道:0.973058 | 味儿:0.962996 | 香味:0.957527 | 熬:0.952614 | 鲜美:0.947463 | 口感:0.928575 | 涮:0.922205 | 好吃:0.921556 | 可口:0.913453 | 脆:0.910257 | 蒸:0.885752 | 甜:0.883649,锅:0.456989 | 佐料:0.413895 | 鲜:0.384302 | 汤:0.350628 | 麻:0.332641 | 搅:0.328979 | 烂:0.320442 | 榨:0.310251
99,35,0.3306234540074759,0.06740169426791713,0.17142857142857143,耗费 | 花费 | 消耗 | 费用 | 节省 | 开支 | 支出 | 开销 | 成本 | 节约 | 投入 | 浪费,用于 | 累积 | 精简 | 收获 | 应付 | 积蓄 | 损失 | 效率,消耗 | 贡献 | 经费 | 代价 | 投入 | 损失 | 效率 | 花费 | 精力 | 财力 | 积蓄 | 人力,耗费 | 花费 | 消耗 | 费用 | 节省 | 开支 | 支出 | 开销 | 成本 | 节约 | 投入 | 浪费 | 经费 | 付出 | 负担 | 人力 | 损失 | 费 | 财力 | 精力 | 工作量 | 占用 | 耗 | 代价 | 耗时 | 效率 | 额外 | 储备 | 贡献 | 积蓄 | 应付 | 精简 | 用于 | 累积 | 收获,42.71547771386598,0.4538508976050755,0.4401557237814562,耗费:0.996402 | 花费:0.989665 | 节省:0.965205 | 耗时:0.908724 | 消耗:0.901772 | 开销:0.808911 | 节约:0.792055 | 负担:0.785536 | 工作量:0.691881 | 损失:0.647945 | 费用:0.557254 | 积蓄:0.514742,积累:0.325585 | 透支:0.167132 | 储蓄:0.157364 | 预算:0.151619 | 增收:0.149319 | 收入:0.139230 | 扣除:0.117134 | 压缩:0.108671
100,51,0.35710310612843277,0.033215757915171416,0.17647058823529413,撒谎 | 胡闹 | 吹牛 | 逞能 | 闹着玩儿 | 说闲话 | 骗人 | 出洋相 | 说谎 | 耍赖 | 谎话 | 出丑,骗子 | 发火 | 发脾气 | 挨打 | 见钱眼开 | 走后门 | 半真半假 | 捣乱,出洋相 | 开玩笑 | 随大溜 | 碰钉子 | 挨打 | 面子 | 出丑 | 谎言 | 内行 | 出难题 | 耍赖 | 逞能,撒谎 | 胡闹 | 吹牛 | 逞能 | 闹着玩儿 | 说闲话 | 骗人 | 出洋相 | 说谎 | 耍赖 | 谎话 | 出丑 | 胡说 | 发脾气 | 随大溜 | 卖弄 | 搞鬼 | 夸夸其谈 | 笑话 | 捣乱 | 开玩笑 | 穿小鞋 | 实话 | 钻空子 | 沽名钓誉 | 敲边鼓 | 见钱眼开 | 吃亏 | 碰钉子 | 出风头 | 认错 | 出难题 | 半真半假 | 告状 | 忽悠 | 骗子 | 挨打 | 上当 | 坏事 | 泼冷水 | 面子 | 谎言 | 把柄 | 马后炮 | 壮胆 | 发火 | 沾光 | 走后门 | 外行 | 内行 | 好事,47.474739925092386,0.6556253094863663,0.2830067538927247,撒谎:0.974200 | 出丑:0.967131 | 吹牛:0.955917 | 说谎:0.954228 | 耍赖:0.937612 | 出洋相:0.928823 | 谎话:0.919644 | 骗人:0.910947 | 出风头:0.908021 | 搞鬼:0.894009 | 卖弄:0.887579 | 出难题:0.876279,指手画脚:0.368919 | 闹事:0.273497 | 圈套:0.265566 | 说情:0.213339 | 损人利己:0.193094 | 朝三暮四:0.178815 | 废话:0.178023 | 乘人之危:0.166379
101,50,0.301601210994282,-0.000736827710240804,0.48,惊心动魄 | 不可思议 | 出人意料 | 惊天动地 | 难以置信 | 意想不到 | 不同寻常 | 惊人 | 意料之外 | 翻天覆地 | 惊险 | 耐人寻味,无比 | 空前 | 飞跃 | 考验 | 日新月异 | 悬念 | 变迁 | 耐人寻味,波折 | 突如其来 | 日新月异 | 意想不到 | 考验 | 惊险 | 难以想象 | 转折 | 千变万化 | 难以置信 | 变迁 | 史无前例,惊心动魄 | 不可思议 | 出人意料 | 惊天动地 | 难以置信 | 意想不到 | 不同寻常 | 惊人 | 意料之外 | 翻天覆地 | 惊险 | 耐人寻味 | 史无前例 | 难以想象 | 离奇 | 曲折 | 微妙 | 变幻莫测 | 举世瞩目 | 峰回路转 | 转折 | 错综复杂 | 前无古人 | 前所未有 | 可歌可泣 | 波折 | 巧合 | 突如其来 | 奇迹 | 触目惊心 | 千变万化 | 波澜 | 巨大 | 意外 | 空前 | 开天辟地 | 势不可当 | 一连串 | 无比 | 不为人知 | 悬念 | 似曾相识 | 日新月异 | 一帆风顺 | 如愿以偿 | 顺理成章 | 转机 | 变迁 | 考验 | 飞跃,45.07877371858176,0.586756948475027,0.3433845405354411,惊心动魄:0.970208 | 曲折:0.965865 | 惊险:0.954292 | 离奇:0.940846 | 出人意料:0.934645 | 惊人:0.921706 | 波折:0.909343 | 峰回路转:0.896116 | 巧合:0.896067 | 惊天动地:0.890247 | 变幻莫测:0.861499 | 触目惊心:0.860768,扣人心弦:0.317613 | 意料:0.241266 | 偶然:0.223170 | 起伏:0.219553 | 划时代:0.205269 | 转折点:0.192484 | 深远:0.159918 | 水落石出:0.158611
102,49,0.34341914933393747,0.06932063103218811,0.20408163265306123,蛇 | 猫 | 狼 | 狮子 | 狗 | 鸟 | 猩猩 | 猴 | 鳄鱼 | 青蛙 | 鼠 | 野兽,阵 | 浪 | 巨型 | 俊 | 傲 | 飞 | 外星人 | 神,鸟 | 鹰 | 神 | 猴 | 群 | 鼠 | 鳄鱼 | 青蛙 | 嫦娥 | 虫子 | 飞 | 巨型,蛇 | 猫 | 狼 | 狮子 | 狗 | 鸟 | 猩猩 | 猴 | 鳄鱼 | 青蛙 | 鼠 | 野兽 | 兔 | 鹿 | 豹 | 虫子 | 动物 | 龟 | 大象 | 鲨鱼 | 虎 | 怪物 | 蚊子 | 鹰 | 恐龙 | 蜜蜂 | 猎犬 | 苍蝇 | 猎人 | 昆虫 | 宠物 | 熊 | 大熊猫 | 驯 | 龙 | 外星人 | 巨人 | 马 | 神 | 凤凰 | 飞 | 红眼 | 巨型 | 群 | 嫦娥 | 傲 | 俊 | 浪 | 阵,72.63119231960128,0.4558398640674883,0.3989042023013651,猫:0.829579 | 野兽:0.820398 | 猩猩:0.760748 | 怪物:0.744246 | 青蛙:0.725118 | 蛇:0.699876 | 猴:0.695529 | 猎犬:0.693001 | 鸟:0.676350 | 动物:0.662204 | 鲨鱼:0.660767 | 狮子:0.652329,妖怪:0.435257 | 天鹅:0.347593 | 鸽子:0.340406 | 羊:0.306652 | 仙鹤:0.298789 | 公鸡:0.294607 | 母鸡:0.293482 | 鹅:0.258712
103,27,0.3040928221130323,0.02301165106724374,0.2222222222222222,常见 | 少见 | 各式各样 | 形形色色 | 五花八门 | 随处可见 | 司空见惯 | 比比皆是 | 各种 | 层出不穷 | 罕见 | 难得一见,尤为 | 寻常 | 特殊 | 常用 | 现成 | 海量 | 例外 | 层出不穷,典型 | 形形色色 | 寥寥无几 | 常见 | 层出不穷 | 常用 | 难得一见 | 随处可见 | 现成 | 众多 | 五花八门 | 尤为,常见 | 少见 | 各式各样 | 形形色色 | 五花八门 | 随处可见 | 司空见惯 | 比比皆是 | 各种 | 层出不穷 | 罕见 | 难得一见 | 众多 | 多种 | 应有尽有 | 必不可少 | 典型 | 常用 | 大量 | 寥寥无几 | 一应俱全 | 现成 | 寻常 | 尤为 | 特殊 | 例外 | 海量,32.59132610316977,0.5482034410516254,0.3855977198309906,常见:0.978683 | 少见:0.951353 | 罕见:0.920532 | 随处可见:0.909400 | 比比皆是:0.884842 | 各式各样:0.846770 | 形形色色:0.804403 | 常用:0.800982 | 一应俱全:0.800725 | 五花八门:0.798925 | 难得一见:0.742136 | 应有尽有:0.724080,少有:0.246178 | 稀奇:0.220677 | 逊色:0.145727 | 类似:0.138686 | 大同小异:0.117856 | 之类:0.114232 | 难得:0.104983 | 极为:0.096838
104,38,0.3386560177214767,0.03028153604591993,0.21052631578947367,生硬 | 粗糙 | 简单 | 单调 | 片面 | 笼统 | 枯燥 | 抽象 | 似是而非 | 僵化 | 模糊 | 冗长,过于 | 过分 | 拙劣 | 主观 | 反面 | 扭曲 | 原始 | 雷同,简单 | 枯燥 | 片面 | 画蛇添足 | 颠倒 | 主观 | 堆砌 | 粗糙 | 拙劣 | 单纯 | 笼统 | 深奥,生硬 | 粗糙 | 简单 | 单调 | 片面 | 笼统 | 枯燥 | 抽象 | 似是而非 | 僵化 | 模糊 | 冗长 | 拙劣 | 单纯 | 潦草 | 夸张 | 深奥 | 含糊 | 过于 | 堆砌 | 过分 | 杂乱无章 | 纯粹 | 自相矛盾 | 雷同 | 一成不变 | 宽泛 | 画蛇添足 | 扭曲 | 过时 | 混淆 | 主观 | 单一 | 重复 | 刻舟求剑 | 颠倒 | 反面 | 原始,37.58771497907339,0.7027383058501734,0.25459318300695727,冗长:0.994081 | 潦草:0.977293 | 堆砌:0.962902 | 生硬:0.948549 | 枯燥:0.922339 | 深奥:0.913339 | 笼统:0.900624 | 模糊:0.894188 | 夸张:0.885658 | 拙劣:0.884220 | 颠倒:0.879433 | 抽象:0.856773,狭隘:0.253312 | 陈旧:0.218700 | 无关紧要:0.216382 | 教条:0.180836 | 无足轻重:0.171822 | 约定俗成:0.166909 | 常理:0.146224 | 感性:0.134026
105,42,0.31779067638400715,0.02480069768391447,0.2857142857142857,抚养 | 收养 | 成家 | 赡养 | 年迈 | 独身 | 退休 | 娶 | 离婚 | 去世 | 岁 | 岁数,收留 | 长大 | 贫困 | 不辞而别 | 出走 | 各奔前程 | 投奔 | 逝世,岁数 | 生育 | 伤残 | 身高 | 不辞而别 | 独身 | 年纪 | 高龄 | 岁 | 残疾 | 退役 | 贫困,抚养 | 收养 | 成家 | 赡养 | 年迈 | 独身 | 退休 | 娶 | 离婚 | 去世 | 岁 | 岁数 | 年纪 | 年龄 | 出生 | 领养 | 家境 | 下岗 | 残疾 | 成年 | 高龄 | 生育 | 孤儿 | 长大 | 定居 | 收留 | 嫁 | 失业 | 退役 | 流浪 | 投奔 | 出走 | 不辞而别 | 身高 | 逝世 | 伤残 | 出身 | 性别 | 接班 | 贫困 | 跳槽 | 各奔前程,40.883756172275035,0.7120968405891144,0.22892284717243228,娶:0.994884 | 收养:0.991773 | 嫁:0.984365 | 领养:0.980677 | 去世:0.975246 | 赡养:0.956692 | 出生:0.951050 | 抚养:0.950472 | 残疾:0.947493 | 家境:0.933374 | 成家:0.927353 | 伤残:0.909891,结婚:0.366439 | 退学:0.258929 | 婚姻:0.235735 | 子女:0.225456 | 参军:0.205847 | 离职:0.197203 | 祖籍:0.187627 | 怀孕:0.158320
106,141,0.3297321252678521,0.035692975008746436,0.2765957446808511,窗户 | 柜子 | 屋子 | 窗子 | 窗台 | 楼道 | 房间 | 桌子 | 卧室 | 客厅 | 书桌 | 阳台,方向盘 | 车轮 | 工厂 | 图书馆 | 路面 | 车轴 | 小区 | 阅览室,闸 | 电线 | 单元 | 窗子 | 卫生间 | 厕所 | 角落 | 栋 | 操场 | 窗帘 | 幢 | 舱,窗户 | 柜子 | 屋子 | 窗子 | 窗台 | 楼道 | 房间 | 桌子 | 卧室 | 客厅 | 书桌 | 阳台 | 卫生间 | 椅子 | 书橱 | 墙壁 | 过道 | 凳子 | 楼梯 | 院子 | 浴室 | 书柜 | 写字台 | 厨房 | 书架 | 洗手间 | 教室 | 书房 | 窗帘 | 宿舍 | 沙发 | 寝室 | 藤椅 | 栏杆 | 抽屉 | 楼房 | 防盗门 | 厕所 | 地板 | 地下室 | 帘子 | 炉子 | 车厢 | 柱子 | 帐子 | 围墙 | 居民楼 | 马桶 | 炉灶 | 木板 | 墙 | 梯子 | 床 | 台灯 | 楼 | 屋顶 | 水槽 | 教学楼 | 操场 | 人行道 | 电梯 | 房子 | 机舱 | 烟囱 | 屋 | 水管 | 笼子 | 座位 | 走廊 | 大厅 | 马路 | 池子 | 黑板 | 架子 | 镜子 | 餐桌 | 阅览室 | 棺材 | 滑梯 | 树荫 | 水龙头 | 地上 | 冰箱 | 幢 | 帐篷 | 柜台 | 大门 | 后备箱 | 办公室 | 暖气 | 看台 | 空地 | 更衣室 | 路灯 | 栋 | 角落 | 大棚 | 空调 | 电线 | 盘子 | 小区 | 住处 | 仓库 | 工地 | 热水器 | 台阶 | 站台 | 玻璃 | 洗衣机 | 室 | 车间 | 跑道 | 舱 | 图书馆 | 位子 | 路面 | 盏 | 新房 | 门 | 立交桥 | 前台 | 窟窿 | 煤气 | 办公 | 方向盘 | 窑 | 架 | 窗口 | 车轮 | 饭碗 | 混凝土 | 阀门 | 层 | 工厂 | 电器 | 闸 | 家用 | 车轴 | 席 | 单元 | 台,158.61395376174792,0.6281193631531793,0.24018805812193667,卧室:0.997005 | 客厅:0.991425 | 书房:0.990301 | 书桌:0.989750 | 屋子:0.989617 | 房间:0.987467 | 书橱:0.986766 | 窗台:0.984839 | 卫生间:0.984513 | 窗户:0.983915 | 窗子:0.980333 | 写字台:0.973758,临街:0.488507 | 游泳池:0.438794 | 草坪:0.415071 | 盖子:0.413877 | 大楼:0.395721 | 食堂:0.378478 | 停车场:0.350418 | 蚊帐:0.338050
107,72,0.3731191870168752,0.08991109091089024,0.20833333333333334,旁边 | 后边 | 前边 | 外边 | 左边 | 前面 | 下边 | 那边 | 上边 | 后面 | 右边 | 里边,北边 | 南边 | 东边 | 赫然 | 西边 | 一块儿 | 排 | 往,两侧 | 里面 | 右边 | 边 | 右 | 这儿 | 前边 | 岸上 | 前方 | 顺着 | 那边 | 附近,旁边 | 后边 | 前边 | 外边 | 左边 | 前面 | 下边 | 那边 | 上边 | 后面 | 右边 | 里边 | 旁 | 那儿 | 远处 | 东边 | 底下 | 对面 | 西边 | 南边 | 两边 | 上面 | 外面 | 北边 | 门口 | 外头 | 这边 | 楼下 | 那里 | 下面 | 里面 | 这儿 | 里头 | 楼上 | 跟前 | 两侧 | 中间 | 边 | 后头 | 里 | 挨着 | 路边 | 周围 | 隔壁 | 岸上 | 老远 | 前方 | 前头 | 这里 | 台上 | 孤零零 | 空荡荡 | 四周 | 附近 | 背面 | 一块儿 | 横七竖八 | 此处 | 上方 | 顺着 | 侧面 | 往 | 右 | 处 | 侧 | 隔 | 边缘 | 堆 | 赫然 | 左 | 排 | 一道,83.97353947066857,0.6942856195056664,0.24145712598121838,旁边:0.996213 | 左边:0.995949 | 右边:0.994735 | 前边:0.989273 | 西边:0.988881 | 东边:0.987302 | 南边:0.986543 | 下边:0.986352 | 对面:0.985360 | 后边:0.983002 | 旁:0.981501 | 北边:0.981254,地上:0.297125 | 角落:0.276292 | 一旁:0.255814 | 位置:0.232257 | 靠近:0.229965 | 城里:0.216169 | 位于:0.212856 | 上:0.190708
108,57,0.3422442237215244,0.04847668384522237,0.17543859649122806,逮捕 | 杀害 | 逃跑 | 逃走 | 暗杀 | 被捕 | 藏匿 | 凶手 | 抢劫 | 逃亡 | 谋害 | 劫持,闹事 | 撤离 | 强盗 | 逃生 | 隐身 | 拘留 | 分赃 | 团伙,情报 | 逃生 | 秘密 | 黑客 | 同伙 | 劫持 | 团伙 | 隐藏 | 枪毙 | 可疑 | 躲避 | 间谍,逮捕 | 杀害 | 逃跑 | 逃走 | 暗杀 | 被捕 | 藏匿 | 凶手 | 抢劫 | 逃亡 | 谋害 | 劫持 | 开枪 | 罪犯 | 同伙 | 人质 | 绑架 | 挟持 | 歹徒 | 搜查 | 躲藏 | 通缉 | 间谍 | 土匪 | 逃 | 扣留 | 俘虏 | 枪毙 | 藏身 | 拘留 | 扣押 | 埋伏 | 团伙 | 自杀 | 炸弹 | 强盗 | 躲避 | 闹事 | 秘密 | 哗变 | 避难 | 隐蔽 | 分赃 | 证人 | 黑手 | 破案 | 海盗 | 可疑 | 逃生 | 隐藏 | 情报 | 撤离 | 下落 | 黑客 | 伙 | 机密 | 隐身,55.34467464204128,0.7089976136802754,0.2322082630695716,藏身:0.985404 | 藏匿:0.983582 | 逃跑:0.981211 | 躲藏:0.978502 | 逮捕:0.972269 | 逃亡:0.969733 | 凶手:0.964846 | 杀害:0.961870 | 搜查:0.958714 | 逃走:0.958615 | 同伙:0.948830 | 被捕:0.936087,乔装:0.375464 | 驱逐:0.373823 | 袭击:0.322957 | 敌人:0.240245 | 犯罪:0.236393 | 屠杀:0.225756 | 失踪:0.222592 | 受骗:0.213112
109,204,0.2409854656309501,-0.039992982545775525,0.8676470588235294,干部 | 军官 | 军人 | 士兵 | 警察 | 医务 | 教师 | 职员 | 工人 | 公民 | 官兵 | 学生,各地 | 社会主义 | 不正之风 | 人才 | 对象 | 运动员 | 个体 | 大众,队 | 不正之风 | 舆论 | 民族 | 宇航员 | 医务 | 穆斯林 | 人员 | 前线 | 工会 | 全体 | 民警,干部 | 军官 | 军人 | 士兵 | 警察 | 医务 | 教师 | 职员 | 工人 | 公民 | 官兵 | 学生 | 公务员 | 法官 | 官员 | 职工 | 雇员 | 妇女 | 民众 | 青年 | 群众 | 农民 | 外交官 | 大学生 | 战士 | 留学生 | 议员 | 警官 | 队员 | 官吏 | 学员 | 知识分子 | 民工 | 机关 | 团员 | 工会 | 师生 | 部队 | 人员 | 华侨 | 员工 | 船员 | 人民 | 军队 | 工商界 | 选民 | 公仆 | 志愿者 | 渔民 | 运动员 | 中学生 | 市民 | 青少年 | 领导 | 律师 | 基层 | 华人 | 农民工 | 囚犯 | 作家 | 飞行员 | 居民 | 球员 | 同志 | 残疾人 | 民警 | 学子 | 领事 | 工程师 | 雇主 | 小学生 | 平民 | 委员 | 成员 | 国民 | 老百姓 | 义工 | 员 | 检察 | 公安 | 牧民 | 政府 | 劳动 | 文艺界 | 穆斯林 | 科学家 | 参谋 | 厂长 | 精英 | 空军 | 司法 | 海军 | 领袖 | 税务 | 阶层 | 纳税人 | 干事 | 大臣 | 首脑 | 保安 | 陆军 | 聋人 | 移民 | 人才 | 裁判 | 团体 | 人士 | 建筑师 | 总统 | 队伍 | 私营 | 外籍 | 局长 | 内阁 | 下级 | 全体 | 蓝领 | 领队 | 水手 | 市长 | 党 | 领事馆 | 民族 | 大使馆 | 团长 | 部门 | 报社 | 院士 | 社会 | 元首 | 总理 | 大使 | 盲人 | 社会主义 | 经理 | 广大 | 行政 | 公安局 | 职业 | 舆论 | 群体 | 处长 | 专家 | 驻 | 一把手 | 首相 | 民意 | 未成年人 | 高层 | 国防 | 骨干 | 外企 | 农村 | 廉政 | 船长 | 评论员 | 外援 | 联合国 | 法制 | 宇航员 | 带头人 | 联邦 | 首都 | 城乡 | 外国 | 边疆 | 见义勇为 | 第一线 | 队 | 国家 | 革命 | 办事处 | 前线 | 会员 | 大队 | 人群 | 代理人 | 团队 | 大众 | 民间 | 个体 | 舵手 | 各地 | 当地 | 会计 | 公关 | 公益 | 不正之风 | 公益性 | 外来 | 小组 | 用人 | 私人 | 高级 | 全局 | 对象 | 后备 | 大陆 | 权威 | 先锋 | 私有 | 内地 | 局 | 阵营,149.49591964457755,0.3794761097394316,0.47504464538119207,官兵:0.933303 | 工人:0.923298 | 士兵:0.913698 | 职工:0.912226 | 军官:0.898887 | 干部:0.869892 | 群众:0.847466 | 民工:0.837933 | 师生:0.830545 | 妇女:0.827603 | 队员:0.826623 | 战士:0.815532,儿童:0.375456 | 教练:0.322322 | 男性:0.320259 | 华裔:0.315967 | 司令:0.304361 | 女性:0.294068 | 文盲:0.292873 | 队长:0.280450
110,44,0.3378644544070299,0.02008123811457804,0.25,反驳 | 批评 | 指责 | 质问 | 辩解 | 抨击 | 质疑 | 反思 | 解释 | 揣测 | 否认 | 承认,告诉 | 认识 | 领悟 | 触动 | 领会 | 指责 | 表态 | 了解,否定 | 辩护 | 触动 | 质疑 | 疑问 | 启发 | 检讨 | 抨击 | 表态 | 认识 | 领会 | 质问,反驳 | 批评 | 指责 | 质问 | 辩解 | 抨击 | 质疑 | 反思 | 解释 | 揣测 | 否认 | 承认 | 追问 | 怀疑 | 揭发 | 回应 | 反省 | 揭露 | 否定 | 回答 | 理解 | 猜测 | 批判 | 检讨 | 澄清 | 正视 | 道歉 | 疑问 | 辩护 | 深思 | 认识 | 表态 | 领会 | 暗示 | 教训 | 启发 | 交代 | 告诉 | 猜想 | 领悟 | 评价 | 改正 | 了解 | 触动,48.980014408260175,0.6594142615528547,0.2651255703718259,反驳:0.970792 | 质疑:0.960611 | 揣测:0.943418 | 辩解:0.930807 | 揭露:0.924636 | 反省:0.924555 | 反思:0.905387 | 猜测:0.902006 | 抨击:0.901260 | 启发:0.894057 | 检讨:0.868932 | 批判:0.868795,谴责:0.419655 | 反问:0.299593 | 看待:0.239041 | 求证:0.234998 | 启示:0.232289 | 坦白:0.201862 | 矛头:0.200256 | 结论:0.193720
111,45,0.3061969531753722,0.029445969005283977,0.4666666666666667,作物 | 种植 | 水稻 | 农作物 | 果树 | 繁殖 | 栽培 | 养殖 | 饲养 | 肥料 | 灌溉 | 害虫,孵化 | 产业 | 输出 | 喂养 | 进化 | 治理 | 生长 | 克隆,开花 | 害虫 | 孵化 | 温室 | 品种 | 作物 | 克隆 | 石油 | 肥料 | 喂养 | 开采 | 移植,作物 | 种植 | 水稻 | 农作物 | 果树 | 繁殖 | 栽培 | 养殖 | 饲养 | 肥料 | 灌溉 | 害虫 | 家禽 | 牲畜 | 杂交 | 农业 | 生长 | 植物 | 土壤 | 粮食 | 喂养 | 开垦 | 温室 | 增产 | 节水 | 粪便 | 合作社 | 产量 | 开采 | 品种 | 孵化 | 生物 | 开花 | 产业 | 煤炭 | 移植 | 供应 | 石油 | 进化 | 再生 | 治理 | 休眠 | 迁移 | 克隆 | 输出,67.1956436386254,0.4651516627220863,0.4024846422564376,繁殖:0.957257 | 饲养:0.953497 | 栽培:0.941443 | 生长:0.933909 | 喂养:0.900681 | 种植:0.878662 | 牲畜:0.844806 | 农作物:0.824513 | 害虫:0.810823 | 作物:0.783915 | 家禽:0.752995 | 养殖:0.732999,饲料:0.469704 | 耕地:0.386197 | 庄稼:0.361310 | 奶牛:0.342691 | 化肥:0.338092 | 昆虫:0.316516 | 野生:0.303798 | 小麦:0.277935
112,47,0.301249831064504,0.022077468289157662,0.3404255319148936,习俗 | 地名 | 来历 | 俗语 | 由来 | 传说 | 涵义 | 起源 | 姓氏 | 风俗 | 称呼 | 古代,常识 | 字眼 | 学说 | 道教 | 分支 | 民俗 | 约定俗成 | 礼仪,标示 | 学说 | 渊源 | 用法 | 绰号 | 称呼 | 成语 | 俗语 | 名言 | 命名 | 寓意 | 朝代,习俗 | 地名 | 来历 | 俗语 | 由来 | 传说 | 涵义 | 起源 | 姓氏 | 风俗 | 称呼 | 古代 | 名字 | 渊源 | 含义 | 谜语 | 寓意 | 古人 | 名言 | 成语 | 记载 | 民俗 | 相传 | 约定俗成 | 道教 | 绰号 | 外号 | 象征 | 神话 | 禁忌 | 朝代 | 礼仪 | 名称 | 茶道 | 学说 | 字眼 | 姓 | 占卜 | 命名 | 风水 | 标志 | 发源地 | 用法 | 古今中外 | 常识 | 标示 | 分支,47.999817214784805,0.665799465076323,0.2766735014425085,习俗:0.992081 | 来历:0.988992 | 风俗:0.979187 | 礼仪:0.972817 | 称呼:0.968459 | 渊源:0.967611 | 由来:0.961538 | 传说:0.935341 | 绰号:0.933904 | 民俗:0.921471 | 名字:0.908379 | 外号:0.906062,符号:0.396550 | 佛教:0.346172 | 寓言:0.310954 | 记号:0.277021 | 俗话:0.274105 | 词语:0.260827 | 对联:0.229392 | 比喻:0.208701
113,7,0.4671419895895489,0.2847533833526707,0.0,涵盖 | 包含 | 包括 | 涉及 | 覆盖 | 分为 | 构成,构成 | 分为 | 覆盖 | 涉及 | 包含 | 包括 | 涵盖,包含 | 涉及 | 覆盖 | 包括 | 分为 | 涵盖 | 构成,涵盖 | 包含 | 包括 | 涉及 | 覆盖 | 分为 | 构成,15.319229430542602,0.365634803097187,0.5237762401852979,包含:0.820962 | 涵盖:0.672588 | 涉及:0.482172 | 分为:0.178299 | 构成:0.159641 | 覆盖:0.130879 | 含:0.127006 | 纳入:0.121537 | 包括:0.114902 | 列入:0.084735 | 贯穿:0.071321 | 来源于:0.053215,含:0.127006 | 纳入:0.121537 | 列入:0.084735 | 贯穿:0.071321 | 来源于:0.053215 | 对应:0.050310 | 具有:0.050202 | 形成:0.049133
114,70,0.2888660765660303,0.001619249440799059,0.5571428571428572,症结 | 难题 | 困境 | 弊病 | 问题 | 弊端 | 难点 | 根源 | 谜团 | 隐患 | 疑点 | 难处,挑战 | 事件 | 漏洞 | 圈套 | 关头 | 事态 | 预兆 | 结局,后果 | 难题 | 大事 | 局势 | 疑点 | 误区 | 谜底 | 隐情 | 启示 | 奥秘 | 心病 | 压力,症结 | 难题 | 困境 | 弊病 | 问题 | 弊端 | 难点 | 根源 | 谜团 | 隐患 | 疑点 | 难处 | 困扰 | 出路 | 障碍 | 难关 | 隐情 | 僵局 | 瓶颈 | 危机 | 真相 | 局面 | 兆头 | 玄机 | 误区 | 奥秘 | 陷阱 | 转折点 | 心病 | 境地 | 现象 | 罪魁祸首 | 突破口 | 泥潭 | 阴影 | 事实 | 警钟 | 启示 | 后果 | 挑战 | 漏洞 | 机遇 | 谜 | 导火索 | 对策 | 结局 | 谜底 | 现状 | 当务之急 | 嫌疑 | 圈套 | 来龙去脉 | 压力 | 水落石出 | 线索 | 大事 | 风险 | 要害 | 可乘之机 | 后顾之忧 | 细节 | 预兆 | 局势 | 未知数 | 关头 | 脉络 | 阻力 | 事件 | 事态 | 个案,53.90850028707366,0.4967960527305018,0.41009336202702207,难题:0.978163 | 困境:0.947250 | 症结:0.921669 | 玄机:0.913351 | 疑点:0.906770 | 谜团:0.900728 | 难关:0.897330 | 陷阱:0.893172 | 弊病:0.892718 | 心病:0.884087 | 误区:0.882377 | 隐情:0.880450,苗头:0.321251 | 先例:0.248741 | 原因:0.226340 | 教训:0.215465 | 状况:0.209911 | 动向:0.198646 | 形势:0.195118 | 顾虑:0.175180
115,28,0.29935344595721186,0.018280739896765767,0.32142857142857145,矣 | 善 | 俗 | 敬 | 邪 | 命 | 识 | 玄 | 妙 | 曰 | 乃 | 灵,望 | 迷 | 宠 | 饶 | 福 | 魂 | 顾 | 邪,解 | 之 | 顾 | 望 | 戒 | 敬 | 功 | 巧 | 曰 | 命 | 辞 | 识,矣 | 善 | 俗 | 敬 | 邪 | 命 | 识 | 玄 | 妙 | 曰 | 乃 | 灵 | 巧 | 辞 | 魂 | 戒 | 君子 | 功 | 福 | 佛 | 理 | 之 | 饶 | 迷 | 宠 | 解 | 顾 | 望,26.47829082341578,0.5366960569012701,0.387105223878211,巧:0.976979 | 识:0.942835 | 辞:0.939789 | 俗:0.933469 | 迷:0.911096 | 敬:0.873628 | 魂:0.824871 | 矣:0.813381 | 妙:0.801912 | 乃:0.795121 | 善:0.786008 | 曰:0.762276,绝:0.191688 | 必:0.154055 | 唯:0.125481 | 神:0.108218 | 漫:0.107762 | 闻:0.105528 | 忌:0.102525 | 傲:0.097266
116,31,0.3104039786088673,-0.008828396763435886,0.5806451612903226,走近 | 注视 | 打量 | 抚摸 | 目光 | 走进 | 望见 | 只见 | 走过 | 向着 | 拥抱 | 推开,迎接 | 俯首 | 望见 | 抚摸 | 面前 | 抬头 | 打量 | 拉开,只见 | 敞开 | 脚步 | 直视 | 触摸 | 簇拥 | 拉开 | 告别 | 视线 | 身影 | 目光 | 走过,走近 | 注视 | 打量 | 抚摸 | 目光 | 走进 | 望见 | 只见 | 走过 | 向着 | 拥抱 | 推开 | 直视 | 抬头 | 脚步 | 俯首 | 对准 | 紧紧 | 眼前 | 视线 | 怀抱 | 回首 | 簇拥 | 朝着 | 身影 | 敞开 | 面前 | 拉开 | 触摸 | 迎接 | 告别,32.4312128948978,0.819750891037569,0.17478845838279217,注视:0.994144 | 簇拥:0.982080 | 拥抱:0.978016 | 打量:0.958739 | 告别:0.951838 | 走进:0.950631 | 触摸:0.945144 | 目光:0.936411 | 俯首:0.924015 | 抚摸:0.918731 | 紧紧:0.916357 | 走近:0.914291,低头:0.287707 | 站住:0.203386 | 一眼:0.196168 | 向前:0.192270 | 步入:0.160789 | 昔日:0.156209 | 顺着:0.132225 | 望:0.099865
117,79,0.3295105894175942,0.006928715668691749,0.43037974683544306,兢兢业业 | 刻苦 | 坚持不懈 | 努力 | 拼搏 | 勤奋 | 一心一意 | 全心全意 | 艰苦奋斗 | 不懈 | 勇于 | 毅力,养成 | 奋力 | 自觉 | 全力 | 踏实 | 勇敢 | 执着 | 全力以赴,争分夺秒 | 一心 | 奋斗 | 刻苦 | 坚决 | 敢于 | 坚持不懈 | 不耻下问 | 虚心 | 自强不息 | 懂得 | 踏实,兢兢业业 | 刻苦 | 坚持不懈 | 努力 | 拼搏 | 勤奋 | 一心一意 | 全心全意 | 艰苦奋斗 | 不懈 | 勇于 | 毅力 | 齐心协力 | 竭尽全力 | 奋勇 | 虚心 | 持之以恒 | 辛勤 | 全力以赴 | 钻研 | 用心 | 苦心 | 认真 | 诚心诚意 | 顽强 | 苦练 | 勇敢 | 精益求精 | 废寝忘食 | 奋力 | 发愤图强 | 吃苦 | 执着 | 勇往直前 | 尽力 | 自强不息 | 顾全大局 | 争分夺秒 | 聚精会神 | 专心 | 细心 | 自觉 | 用功 | 全力 | 以身作则 | 踏实 | 奋斗 | 坚持 | 敢于 | 英勇 | 下决心 | 敬业 | 不耻下问 | 自力更生 | 精打细算 | 善于 | 实事求是 | 精心 | 一心 | 懂得 | 与时俱进 | 节衣缩食 | 众志成城 | 坚决 | 大胆 | 带头 | 本着 | 心血 | 说干就干 | 凭着 | 着想 | 下功夫 | 力所能及 | 一如既往 | 动手 | 养成 | 举一反三 | 学会 | 自立,69.74802190384348,0.7023470059759385,0.22954377479512617,刻苦:0.996086 | 奋勇:0.994889 | 坚持不懈:0.991968 | 苦心:0.989877 | 兢兢业业:0.988561 | 苦练:0.982648 | 不懈:0.982193 | 奋力:0.981827 | 拼搏:0.980967 | 辛勤:0.980575 | 精心:0.974368 | 钻研:0.974296,千方百计:0.336198 | 坚定:0.334300 | 一贯:0.332642 | 一鼓作气:0.321362 | 同舟共济:0.304022 | 勤劳:0.291131 | 大公无私:0.271882 | 夜以继日:0.270401
118,119,0.28889592302317474,-0.00834917064839223,0.5798319327731093,句子 | 课文 | 词汇 | 语法 | 文字 | 生词 | 字典 | 题目 | 课本 | 作文 | 英文 | 词典,文献 | 著作 | 书 | 专著 | 口音 | 百科全书 | 复印 | 论文,括弧 | 汉字 | 专著 | 题目 | 字体 | 名著 | 格式 | 繁体字 | 文字 | 字迹 | 试卷 | 书,句子 | 课文 | 词汇 | 语法 | 文字 | 生词 | 字典 | 题目 | 课本 | 作文 | 英文 | 词典 | 错别字 | 英语 | 口语 | 听写 | 汉语 | 汉字 | 教材 | 词语 | 填空 | 翻译 | 字体 | 繁体字 | 稿子 | 词 | 日语 | 试题 | 语言 | 字母 | 书 | 音节 | 简体字 | 外语 | 卷子 | 俄语 | 论文 | 本子 | 试卷 | 笔记 | 段落 | 考题 | 文章 | 题 | 中文 | 符号 | 读音 | 表格 | 法语 | 素材 | 名著 | 辞典 | 答案 | 著作 | 大纲 | 字 | 教科书 | 字迹 | 括号 | 阿拉伯语 | 译 | 西班牙语 | 篇幅 | 格式 | 专著 | 文献 | 公式 | 听力 | 普通话 | 电子版 | 篇 | 括弧 | 外文 | 方言 | 百科全书 | 命题 | 记号 | 开头 | 标题 | 手册 | 句 | 日记 | 内容 | 专栏 | 大意 | 图表 | 帖子 | 页 | 图形 | 全文 | 复印 | 文 | 简历 | 主编 | 标签 | 省略 | 选项 | 序 | 删 | 时事 | 口音 | 数据库 | 输入 | 编 | 资料 | 顺序 | 地理 | 国徽 | 日历 | 课题 | 目录 | 邮编 | 指南 | 栏 | 附件 | 注 | 章 | 空白 | 代号,110.84928270635451,0.5476893345609745,0.33452595660896906,生词:0.959163 | 词汇:0.945979 | 错别字:0.942330 | 题目:0.937536 | 普通话:0.934533 | 语法:0.929812 | 俄语:0.927005 | 课本:0.923294 | 句子:0.914973 | 汉语:0.901186 | 日语:0.901176 | 课文:0.896481,结尾:0.410122 | 语音:0.345711 | 地名:0.339600 | 成语:0.319847 | 传记:0.302286 | 对白:0.301461 | 刊物:0.281404 | 写作:0.281292
119,82,0.38175504991548237,0.04108448235138312,0.23170731707317074,愚蠢 | 卑鄙 | 自私 | 虚伪 | 残忍 | 凶残 | 狡猾 | 丑恶 | 奸诈 | 可恶 | 凶恶 | 粗鲁,资本主义 | 逞强 | 空想 | 暴力 | 腐败 | 固执 | 叛逆 | 凶猛,愚蠢 | 无知 | 无能 | 居高临下 | 盛气凌人 | 虚伪 | 高傲 | 腐朽 | 幼稚 | 自私 | 腐化 | 浮躁,愚蠢 | 卑鄙 | 自私 | 虚伪 | 残忍 | 凶残 | 狡猾 | 丑恶 | 奸诈 | 可恶 | 凶恶 | 粗鲁 | 贪婪 | 邪恶 | 冷酷 | 丑陋 | 冷漠 | 傲慢 | 可笑 | 无知 | 无情无义 | 庸俗 | 冷酷无情 | 荒谬 | 可耻 | 高傲 | 自私自利 | 荒诞 | 可悲 | 幼稚 | 软弱 | 猖狂 | 凶狠 | 鲁莽 | 狭隘 | 无能 | 固执 | 堕落 | 自以为是 | 野蛮 | 罪恶 | 放肆 | 残酷 | 顽固 | 可怕 | 古怪 | 粗暴 | 叛逆 | 腐朽 | 目中无人 | 损人利己 | 专制 | 无情 | 盛气凌人 | 放纵 | 怪异 | 腐化 | 渺小 | 恐怖 | 消极 | 疯狂 | 无恶不作 | 浮躁 | 迷信 | 自负 | 骇人听闻 | 顺从 | 异想天开 | 暴力 | 教条 | 无辜 | 官僚主义 | 根深蒂固 | 朝三暮四 | 冒险 | 凶猛 | 腐败 | 空想 | 逞强 | 居高临下 | 孤立 | 资本主义,81.21222745270074,0.7455487208825513,0.196571845541286,凶残:0.998295 | 凶恶:0.996278 | 凶狠:0.996041 | 残忍:0.994518 | 丑恶:0.982916 | 邪恶:0.980646 | 狡猾:0.980313 | 丑陋:0.979677 | 虚伪:0.979583 | 卑鄙:0.977768 | 愚蠢:0.976287 | 恐怖:0.971394,世故:0.408422 | 妄想:0.348942 | 无理:0.314779 | 强盗:0.301367 | 极端:0.289463 | 滑稽:0.280900 | 可怜:0.238622 | 胆怯:0.217934
120,47,0.2932623849078153,0.01723218725353726,0.3829787234042553,消除 | 清除 | 去除 | 解决 | 克服 | 修补 | 去掉 | 清理 | 破除 | 纠正 | 扫除 | 化解,磨合 | 改进 | 打磨 | 换成 | 补充 | 切割 | 遮盖 | 改良,摆脱 | 替换 | 破解 | 整治 | 扫除 | 维护 | 修复 | 疏通 | 遮盖 | 磨合 | 复原 | 解决,消除 | 清除 | 去除 | 解决 | 克服 | 修补 | 去掉 | 清理 | 破除 | 纠正 | 扫除 | 化解 | 摆脱 | 疏通 | 破解 | 取代 | 根治 | 替换 | 代替 | 补救 | 修复 | 改变 | 替代 | 整顿 | 遮盖 | 解开 | 恢复 | 改进 | 填补 | 除去 | 剔除 | 打破 | 取缔 | 淡化 | 改良 | 处理 | 维护 | 复原 | 整治 | 美化 | 应对 | 切割 | 打磨 | 脱离 | 磨合 | 补充 | 换成,41.75150222396309,0.6530931466174559,0.3020356623572014,清除:0.989913 | 打磨:0.981612 | 修补:0.977463 | 去除:0.975852 | 扫除:0.970996 | 修复:0.970818 | 代替:0.969276 | 补救:0.954157 | 复原:0.945885 | 去掉:0.941187 | 美化:0.922436 | 清理:0.921418,弥补:0.361015 | 扭转:0.272703 | 切断:0.178336 | 缝合:0.177187 | 重建:0.169288 | 改造:0.163616 | 成型:0.157197 | 消化:0.139990
121,52,0.32693695807147266,0.0353452189283449,0.19230769230769232,雄厚 | 坚实 | 出色 | 强大 | 丰富 | 过硬 | 出众 | 优良 | 扎实 | 深厚 | 完备 | 优异,广泛 | 灵巧 | 自如 | 精通 | 持久 | 敏捷 | 充实 | 突出,有力 | 坚固 | 庞大 | 成熟 | 出众 | 敏捷 | 优秀 | 雄厚 | 优异 | 敏锐 | 优质 | 灵活,雄厚 | 坚实 | 出色 | 强大 | 丰富 | 过硬 | 出众 | 优良 | 扎实 | 深厚 | 完备 | 优异 | 良好 | 稳固 | 充沛 | 强劲 | 可靠 | 优越 | 充足 | 丰厚 | 灵敏 | 优秀 | 完善 | 坚固 | 敏锐 | 高超 | 健全 | 卓越 | 得天独厚 | 牢固 | 成熟 | 可观 | 齐全 | 庞大 | 灵巧 | 熟练 | 灵活 | 先进 | 有力 | 长足 | 优质 | 敏捷 | 突出 | 发达 | 得力 | 广泛 | 领先 | 宝贵 | 充实 | 持久 | 精通 | 自如,49.65643348781225,0.7067308788484935,0.25167404250380837,雄厚:0.993349 | 灵敏:0.991151 | 过硬:0.990602 | 出色:0.987980 | 优异:0.983823 | 深厚:0.982652 | 熟练:0.978126 | 丰厚:0.965374 | 敏锐:0.964117 | 充沛:0.964056 | 高超:0.959589 | 敏捷:0.958738,广阔:0.403990 | 旺盛:0.395913 | 稳定:0.384408 | 一流:0.322219 | 紧密:0.273825 | 悠久:0.236002 | 高明:0.233301 | 杰出:0.176108
122,36,0.37354669707326493,0.06802974925151578,0.1388888888888889,争吵 | 较量 | 争执 | 较劲 | 吵架 | 吵嘴 | 对峙 | 抗争 | 搏斗 | 抗衡 | 作对 | 打架,赛跑 | 算计 | 诉苦 | 拼 | 角逐 | 算账 | 矛盾 | 打仗,对峙 | 周旋 | 竞争 | 吵架 | 较量 | 争执 | 针锋相对 | 赛跑 | 作对 | 冲突 | 叫板 | 吵嘴,争吵 | 较量 | 争执 | 较劲 | 吵架 | 吵嘴 | 对峙 | 抗争 | 搏斗 | 抗衡 | 作对 | 打架 | 对抗 | 比试 | 交锋 | 争夺 | 周旋 | 讨价还价 | 针锋相对 | 纠缠 | 对立 | 冲突 | 争 | 打交道 | 打官司 | 竞争 | 叫板 | 矛盾 | 打仗 | 商量 | 角逐 | 赛跑 | 算账 | 算计 | 拼 | 诉苦,38.344641144219935,0.8790197086166048,0.1130893285032256,周旋:0.994998 | 争吵:0.994542 | 较量:0.992709 | 对峙:0.992387 | 吵架:0.987279 | 搏斗:0.987058 | 吵嘴:0.985818 | 算账:0.984864 | 争夺:0.975889 | 抗衡:0.974588 | 纠缠:0.973665 | 较劲:0.972948,战斗:0.410428 | 斗争:0.270716 | 胜负:0.201246 | 交涉:0.199120 | 分歧:0.185171 | 说闲话:0.149189 | 计较:0.144921 | 冷战:0.126005
123,54,0.3235795692243344,0.03449816297898464,0.25925925925925924,天空 | 波涛 | 黑夜 | 彩霞 | 光芒 | 乌云 | 大海 | 闪烁 | 火焰 | 照耀 | 荡漾 | 海浪,地狱 | 末日 | 流淌 | 深处 | 芬芳 | 发光 | 盛开 | 扑面而来,暴风雨 | 无边 | 雨 | 风浪 | 荡漾 | 瑞雪 | 深处 | 扑面而来 | 大地 | 乌云 | 芬芳 | 黑夜,天空 | 波涛 | 黑夜 | 彩霞 | 光芒 | 乌云 | 大海 | 闪烁 | 火焰 | 照耀 | 荡漾 | 海浪 | 星星 | 飞翔 | 绽放 | 朦胧 | 黄昏 | 盛开 | 黑暗 | 暴风雨 | 月亮 | 彩虹 | 太阳 | 弥漫 | 波浪 | 天上 | 无边 | 流淌 | 笼罩 | 大地 | 蓝天 | 芬芳 | 风雨 | 黎明 | 远方 | 降临 | 雨 | 缕 | 闪电 | 暴风骤雨 | 瑞雪 | 旋涡 | 曙光 | 风浪 | 火花 | 深处 | 旭日 | 风暴 | 天堂 | 扑面而来 | 发光 | 末日 | 地狱 | 之中,51.8839611492137,0.6380842631375834,0.29332077801093787,黑夜:0.966414 | 荡漾:0.964264 | 流淌:0.962449 | 弥漫:0.962192 | 波涛:0.951925 | 绽放:0.949727 | 笼罩:0.942282 | 乌云:0.906989 | 天空:0.889634 | 闪烁:0.878126 | 降临:0.873689 | 飞翔:0.856111,汹涌:0.312153 | 尽头:0.255915 | 洗礼:0.231131 | 翅膀:0.195987 | 荆棘:0.173759 | 风和日丽:0.157602 | 阳光:0.149826 | 幻影:0.146611
124,2,0.27474385548399105,0.028636550025730588,0.5,普遍 | 自发,普遍 | 自发,普遍 | 自发,普遍 | 自发,8.200273868430006,0.9141448756226526,0.10885401151413111,自发:0.953335 | 普遍:0.874955 | 多数:0.051369 | 广泛:0.036142 | 各地:0.036057 | 持:0.023834 | 绝大多数:0.022971 | 半数:0.019988 | 大多数:0.018687 | 广大:0.018406 | 集体:0.018270 | 主流:0.016732,多数:0.051369 | 广泛:0.036142 | 各地:0.036057 | 持:0.023834 | 绝大多数:0.022971 | 半数:0.019988 | 大多数:0.018687 | 广大:0.018406
125,6,0.5017199316702009,0.30693622373295876,0.0,平常 | 平时 | 平日 | 往常 | 日常 | 照例,照例 | 日常 | 往常 | 平时 | 平日 | 平常,往常 | 照例 | 平时 | 平常 | 平日 | 日常,平常 | 平时 | 平日 | 往常 | 日常 | 照例,13.890520557137704,0.7549759066775691,0.2180173024140054,平日:0.954163 | 平常:0.922617 | 平时:0.920518 | 照例:0.716208 | 日常:0.606673 | 往常:0.409677 | 照常:0.070700 | 往日:0.058938 | 普通:0.051706 | 从前:0.039942 | 一般:0.036536 | 正常:0.035226,照常:0.070700 | 往日:0.058938 | 普通:0.051706 | 从前:0.039942 | 一般:0.036536 | 正常:0.035226 | 以往:0.032200 | 比较:0.022036
126,81,0.3263797075792908,0.038652689120240974,0.41975308641975306,滑冰 | 游泳 | 体操 | 滑雪 | 田径 | 篮球 | 乒乓球 | 网球 | 羽毛球 | 举重 | 排球 | 摔跤,步行 | 锻炼 | 长跑 | 队形 | 探险 | 太空 | 跑车 | 大奖赛,军舰 | 钓鱼 | 导弹 | 联赛 | 飞行 | 扑克 | 划船 | 俱乐部 | 潜水 | 帆船 | 太空 | 排球,滑冰 | 游泳 | 体操 | 滑雪 | 田径 | 篮球 | 乒乓球 | 网球 | 羽毛球 | 举重 | 排球 | 摔跤 | 跳伞 | 台球 | 帆船 | 棒球 | 登山 | 跳远 | 划船 | 跳高 | 射击 | 跑步 | 高尔夫球 | 打球 | 爬山 | 冲浪 | 赛车 | 健身 | 足球 | 长跑 | 运动会 | 竞技 | 健美 | 潜水 | 自行车 | 骑车 | 训练 | 龙舟 | 摩托 | 运动 | 比赛 | 热气球 | 野营 | 钓鱼 | 徒步 | 打猎 | 探险 | 双打 | 轮椅 | 体能 | 飞行 | 联赛 | 体育 | 航海 | 锻炼 | 户外 | 亚运会 | 杠铃 | 骑 | 赛 | 跑车 | 器械 | 俱乐部 | 潜艇 | 大奖赛 | 坦克 | 扑克 | 野外 | 战术 | 步行 | 直升机 | 两栖 | 高空 | 吉普 | 火箭 | 导弹 | 太空 | 军舰 | 飞船 | 火炬 | 队形,92.95171070050628,0.6759993162129151,0.2403136827090276,游泳:0.996736 | 跳伞:0.994181 | 滑冰:0.988882 | 登山:0.986802 | 滑雪:0.985090 | 划船:0.985080 | 跳高:0.983219 | 摔跤:0.981642 | 跳远:0.979512 | 潜水:0.970916 | 羽毛球:0.967773 | 射击:0.965020,太极拳:0.432089 | 单打:0.414713 | 武术:0.343893 | 滑梯:0.328347 | 飞机:0.306220 | 驾驶:0.294681 | 机动:0.279006 | 芭蕾:0.276360
127,12,0.321776284757227,0.05162429626519263,0.25,贵重 | 珍贵 | 特制 | 名贵 | 随身 | 携带 | 制成 | 物品 | 沉甸甸 | 袖珍 | 包裹 | 送到,送到 | 制成 | 袖珍 | 包裹 | 物品 | 沉甸甸 | 珍贵 | 特制,沉甸甸 | 携带 | 特制 | 珍贵 | 袖珍 | 贵重 | 物品 | 名贵 | 送到 | 随身 | 制成 | 包裹,贵重 | 珍贵 | 特制 | 名贵 | 随身 | 携带 | 制成 | 物品 | 沉甸甸 | 袖珍 | 包裹 | 送到,16.06403629312947,0.8663278492665892,0.13119288663298925,贵重:0.995399 | 特制:0.994599 | 携带:0.994481 | 沉甸甸:0.988366 | 珍贵:0.970183 | 随身:0.960540 | 名贵:0.939614 | 物品:0.930144 | 制成:0.843478 | 包裹:0.800213 | 送到:0.535197 | 袖珍:0.443720,宝贵:0.132591 | 行李:0.111164 | 原装:0.075750 | 专用:0.068583 | 巨型:0.063307 | 定做:0.059902 | 备用:0.053309 | 特殊:0.037336
128,85,0.3837243639096036,0.06953185274747994,0.24705882352941178,胳膊 | 脖子 | 手臂 | 手掌 | 嘴唇 | 鼻子 | 肩膀 | 舌头 | 爪子 | 腿 | 手指 | 嘴巴,弓 | 豁 | 汗 | 针 | 垫 | 朝 | 挥 | 棍子,脸颊 | 手脚 | 手里 | 棍子 | 手掌 | 一手 | 一头 | 梳 | 鼻涕 | 指甲 | 使劲 | 两手,胳膊 | 脖子 | 手臂 | 手掌 | 嘴唇 | 鼻子 | 肩膀 | 舌头 | 爪子 | 腿 | 手指 | 嘴巴 | 脸颊 | 脑袋 | 身子 | 耳朵 | 眼睛 | 嘴 | 眉毛 | 手腕 | 双手 | 喉咙 | 胸膛 | 膝盖 | 指头 | 腰 | 把手 | 脚 | 肚子 | 头发 | 指甲 | 脸 | 棍子 | 身躯 | 用力 | 使劲 | 头顶 | 怀里 | 拳头 | 手脚 | 揉 | 浑身 | 肩 | 尾巴 | 睁 | 骨头 | 嗓子 | 鼻涕 | 舔 | 伸 | 头 | 眼 | 皱 | 手 | 握 | 两手 | 吻 | 翘 | 胡子 | 拄 | 秃 | 挥 | 牙 | 拐杖 | 筋 | 歪 | 弓 | 口水 | 刺 | 耳光 | 一长一短 | 身上 | 钩 | 手里 | 皮球 | 扁 | 梳 | 一头 | 叉 | 垫 | 针 | 汗 | 一手 | 豁 | 朝,113.98561481842763,0.6548035043492032,0.23900338764358542,胳膊:0.991058 | 肩膀:0.987562 | 脖子:0.982144 | 嘴巴:0.979662 | 双手:0.974708 | 身子:0.972128 | 鼻子:0.969154 | 胸膛:0.960917 | 爪子:0.958067 | 舌头:0.954479 | 手掌:0.951859 | 嘴唇:0.951183,咬:0.420082 | 蹬:0.368710 | 扳:0.328909 | 抡:0.327877 | 捏:0.327044 | 挠:0.323206 | 绷:0.307862 | 抖:0.299775
129,39,0.32726137132732,0.02496274958339658,0.358974358974359,劝告 | 劝说 | 劝阻 | 催促 | 劝 | 吩咐 | 嘱咐 | 答应 | 告诫 | 叮嘱 | 听从 | 请求,单方面 | 予以 | 不予 | 推辞 | 吩咐 | 遵照 | 无可奉告 | 说情,拍板 | 劝说 | 告诫 | 单方面 | 拒绝 | 说情 | 予以 | 遵照 | 督促 | 敦促 | 无条件 | 听从,劝告 | 劝说 | 劝阻 | 催促 | 劝 | 吩咐 | 嘱咐 | 答应 | 告诫 | 叮嘱 | 听从 | 请求 | 命令 | 说服 | 照办 | 敦促 | 拒绝 | 下令 | 警告 | 推辞 | 指示 | 督促 | 提醒 | 说情 | 指令 | 遵照 | 出面 | 口头 | 上级 | 服从 | 采纳 | 无条件 | 不予 | 响应 | 拍板 | 予以 | 无可奉告 | 单方面 | 提示,39.85542617719344,0.6422873074827627,0.28914754897247585,嘱咐:0.985267 | 催促:0.979926 | 命令:0.978386 | 劝告:0.974046 | 叮嘱:0.972248 | 劝:0.954049 | 吩咐:0.950882 | 提醒:0.938857 | 答应:0.936873 | 告诫:0.923948 | 下令:0.904831 | 劝阻:0.887464,再三:0.370391 | 同意:0.337768 | 通知:0.333027 | 当面:0.257759 | 告知:0.250636 | 通报:0.161044 | 要求:0.138909 | 告诉:0.128350
130,37,0.3346800504640563,0.025381893117173163,0.2702702702702703,回忆 | 感触 | 往事 | 感受 | 泪水 | 酸甜苦辣 | 记忆 | 回味 | 滋味 | 岁月 | 体会 | 难忘,眼泪 | 鲜血 | 感 | 泪水 | 心情 | 泪 | 经历 | 影子,景象 | 酸甜苦辣 | 脚印 | 历程 | 心情 | 印象 | 回味 | 影子 | 岁月 | 泪 | 痕迹 | 感触,回忆 | 感触 | 往事 | 感受 | 泪水 | 酸甜苦辣 | 记忆 | 回味 | 滋味 | 岁月 | 体会 | 难忘 | 伤痕 | 感想 | 痕迹 | 眼泪 | 历程 | 时光 | 沧桑 | 印象 | 足迹 | 泪 | 心情 | 脚印 | 经历 | 情景 | 景象 | 写照 | 汗水 | 轨迹 | 心得 | 事迹 | 观感 | 鲜血 | 切身 | 感 | 影子,38.48705721149214,0.798613761331691,0.17232059035589684,痕迹:0.984134 | 足迹:0.978529 | 感想:0.974952 | 感受:0.972021 | 回忆:0.967257 | 伤痕:0.965552 | 景象:0.962442 | 酸甜苦辣:0.953346 | 汗水:0.952957 | 情景:0.951472 | 回味:0.949435 | 感触:0.944964,容颜:0.341709 | 感觉:0.294793 | 缩影:0.263966 | 风风雨雨:0.262342 | 回想:0.225187 | 辛酸:0.171565 | 深深:0.146439 | 光芒:0.110441
131,59,0.3304295231601848,0.035912948832779304,0.3728813559322034,赶往 | 前往 | 起程 | 赶赴 | 动身 | 奔赴 | 离开 | 赶到 | 来到 | 搭乘 | 返回 | 踏上,度过 | 开车 | 匆匆 | 驾车 | 上楼 | 投身 | 驾 | 回家,出山 | 回国 | 带领 | 途中 | 匆匆 | 出门 | 率领 | 渡过 | 投身 | 动身 | 到达 | 连夜,赶往 | 前往 | 起程 | 赶赴 | 动身 | 奔赴 | 离开 | 赶到 | 来到 | 搭乘 | 返回 | 踏上 | 抵达 | 回家 | 直奔 | 下车 | 下楼 | 飞往 | 回到 | 到达 | 顺路 | 路过 | 下山 | 乘车 | 出门 | 乘坐 | 开车 | 赴 | 回国 | 驾车 | 上车 | 匆匆 | 赶 | 上楼 | 独自 | 乘 | 连夜 | 途中 | 出发 | 走 | 背着 | 归来 | 回 | 重返 | 出山 | 跟随 | 下海 | 率领 | 驾 | 一同 | 带路 | 带领 | 渡过 | 半路 | 中途 | 随 | 投身 | 一路 | 度过,55.282007661431436,0.7073066480989837,0.23087593575733373,起程:0.997254 | 动身:0.995403 | 赶往:0.995061 | 奔赴:0.992362 | 赶赴:0.986710 | 赶到:0.984983 | 顺路:0.978925 | 抵达:0.975209 | 下车:0.966766 | 离开:0.963417 | 前往:0.960940 | 返回:0.954425,登机:0.328146 | 步行:0.315977 | 趟:0.283459 | 一路上:0.228201 | 出去:0.219882 | 去:0.217133 | 骑车:0.214161 | 撤离:0.179288
132,55,0.2599330290202393,-0.009873138459093558,0.5454545454545454,共计 | 合计 | 总计 | 约 | 累计 | 平均 | 总数 | 总共 | 占 | 超过 | 总量 | 折合,分成 | 含 | 类别 | 及 | 指数 | 市场 | 整数 | 现有,近 | 百分比 | 同期 | 类别 | 以上 | 倍 | 左右 | 累计 | 上期 | 百分点 | 截至 | 成交,共计 | 合计 | 总计 | 约 | 累计 | 平均 | 总数 | 总共 | 占 | 超过 | 总量 | 折合 | 总额 | 共 | 共有 | 低于 | 对应 | 一共 | 同期 | 较 | 分别 | 剩余 | 高于 | 量 | 百分比 | 相当于 | 计 | 左右 | 近 | 数 | 截至 | 以上 | 成交 | 销量 | 百分点 | 截止 | 值 | 至 | 含 | 亿 | 以内 | 上期 | 指数 | 率 | 倍 | 持有 | 分成 | 指标 | 现有 | 分 | 及 | 市场 | 各 | 整数 | 类别,66.48986964259161,0.24378748267166625,0.617947747922415,共计:0.962308 | 共:0.905827 | 总共:0.863326 | 总计:0.855820 | 一共:0.806172 | 合计:0.790798 | 折合:0.674245 | 分别:0.542817 | 约:0.434620 | 累计:0.425333 | 共有:0.416777 | 相当于:0.300966,大约:0.217521 | 仅:0.189862 | 其余:0.174543 | 数目:0.167496 | 其中:0.153869 | 扣除:0.150695 | 将近:0.150201 | 金额:0.143952
133,64,0.3527758759939178,0.06306550322796273,0.234375,元宵节 | 节日 | 中秋节 | 春节 | 除夕 | 佳节 | 过年 | 新年 | 圣诞节 | 过节 | 清明节 | 元旦,便饭 | 节气 | 抽奖 | 小费 | 鲜花 | 暑期 | 奖品 | 中奖,燃放 | 请帖 | 抽奖 | 节气 | 国庆 | 中奖 | 嫁妆 | 过节 | 喜事 | 团圆 | 节假日 | 圣诞节,元宵节 | 节日 | 中秋节 | 春节 | 除夕 | 佳节 | 过年 | 新年 | 圣诞节 | 过节 | 清明节 | 元旦 | 端午节 | 年夜饭 | 拜年 | 喜庆 | 礼物 | 送礼 | 国庆 | 礼品 | 团圆 | 庙会 | 贺卡 | 假期 | 长假 | 张灯结彩 | 腊月 | 生日 | 鞭炮 | 农历 | 节假日 | 喜糖 | 假日 | 婚礼 | 焰火 | 请客 | 清明 | 爆竹 | 喜事 | 喜酒 | 狂欢节 | 请帖 | 请柬 | 红包 | 节气 | 每逢 | 烟花 | 烟火 | 家家户户 | 喜洋洋 | 吉祥 | 燃放 | 礼 | 礼拜 | 奖品 | 嫁妆 | 鲜花 | 暑期 | 抽奖 | 嘉年华 | 中奖 | 便饭 | 小费 | 节,65.88525935420955,0.8135592930737604,0.14241802808062953,礼品:0.997309 | 元宵节:0.995361 | 送礼:0.994511 | 礼物:0.993690 | 中秋节:0.992946 | 过节:0.986492 | 除夕:0.983889 | 圣诞节:0.981713 | 清明节:0.981461 | 爆竹:0.981412 | 节日:0.980063 | 新年:0.979850,周末:0.425580 | 蜜月:0.317543 | 初一:0.315745 | 放假:0.306846 | 灯笼:0.270966 | 星期日:0.268775 | 门票:0.223914 | 瑞雪:0.202872
134,51,0.2982226542006537,-0.015122485893958376,0.6274509803921569,偏 | 平稳 | 弱 | 稳健 | 略微 | 谨慎 | 弱势 | 相对 | 乐观 | 缓慢 | 温和 | 清淡,显 | 趋于 | 差 | 悲观 | 稍 | 单边 | 稍稍 | 明显,缓慢 | 乐观 | 宽松 | 向上 | 观望 | 收敛 | 总体 | 略微 | 均衡 | 维持 | 持 | 谨慎,偏 | 平稳 | 弱 | 稳健 | 略微 | 谨慎 | 弱势 | 相对 | 乐观 | 缓慢 | 温和 | 清淡 | 稳 | 趋于 | 平淡 | 稍 | 宽松 | 悲观 | 强势 | 明显 | 略 | 中性 | 适度 | 稳定 | 整体 | 明朗 | 有所 | 偏向 | 维持 | 总体 | 向上 | 稍稍 | 保持 | 观望 | 显 | 收敛 | 低 | 显著 | 均衡 | 慢 | 保守 | 放松 | 差 | 高 | 强 | 持 | 弹性 | 单边 | 重心 | 有限 | 严,43.31689184632687,0.504080574110336,0.411423504103725,温和:0.980831 | 略微:0.966855 | 谨慎:0.965921 | 清淡:0.964332 | 乐观:0.963183 | 明朗:0.956177 | 平淡:0.950241 | 弱:0.947682 | 偏:0.945912 | 平稳:0.935502 | 稳健:0.887691 | 缓慢:0.885049,低迷:0.309897 | 紧:0.231778 | 稍微:0.217983 | 冷淡:0.190619 | 缓和:0.154235 | 缩:0.140355 | 短暂:0.131806 | 回升:0.118134
135,46,0.29947568086269544,0.01632328819337303,0.41304347826086957,检测 | 监测 | 测量 | 监控 | 测试 | 试验 | 检查 | 观测 | 探测 | 检验 | 化验 | 测定,达标 | 把关 | 解剖 | 示范 | 模拟 | 调度 | 机动 | 验收,检测 | 达标 | 模拟 | 预报 | 评估 | 监视 | 机动 | 复查 | 执法 | 操控 | 演习 | 监察,检测 | 监测 | 测量 | 监控 | 测试 | 试验 | 检查 | 观测 | 探测 | 检验 | 化验 | 测定 | 评估 | 监视 | 实验 | 调试 | 侦察 | 验收 | 演练 | 测 | 鉴定 | 监督 | 监察 | 复查 | 预报 | 实验室 | 调度 | 巡逻 | 模拟 | 演习 | 执法 | 勘探 | 攻关 | 指挥 | 运行 | 控制 | 操作 | 发射 | 操控 | 把关 | 管理 | 机动 | 达标 | 动态 | 示范 | 解剖,49.53575325273639,0.5256054016887918,0.39786491101832766,监视:0.984598 | 监控:0.965039 | 检测:0.957601 | 观测:0.941540 | 探测:0.937760 | 测量:0.934811 | 侦察:0.928301 | 检验:0.916679 | 检查:0.911889 | 复查:0.876768 | 鉴定:0.872078 | 试验:0.868806,跟踪:0.280777 | 验证:0.274977 | 防护:0.210577 | 作业:0.190278 | 评定:0.169650 | 样品:0.148782 | 认证:0.139035 | 情报:0.137747
136,6,0.40632698304763304,0.15731098865868384,0.0,培养 | 培育 | 哺育 | 成长 | 成才 | 灌输,灌输 | 培育 | 成才 | 成长 | 哺育 | 培养,成长 | 成才 | 培育 | 灌输 | 培养 | 哺育,培养 | 培育 | 哺育 | 成长 | 成才 | 灌输,13.145746428826028,0.7505415808703023,0.22587776903127163,哺育:0.973870 | 培养:0.930616 | 灌输:0.902015 | 培育:0.850219 | 成长:0.529466 | 成才:0.317064 | 孵化:0.163323 | 潜移默化:0.100807 | 扎根:0.076534 | 开拓:0.072271 | 传授:0.068787 | 创业:0.062249,孵化:0.163323 | 潜移默化:0.100807 | 扎根:0.076534 | 开拓:0.072271 | 传授:0.068787 | 创业:0.062249 | 输送:0.058387 | 转型:0.052360
137,58,0.2860465782659061,0.024316501354218662,0.29310344827586204,播放 | 视频 | 录像 | 下载 | 录制 | 录音 | 直播 | 转播 | 图像 | 播出 | 照片 | 相片,实物 | 三维 | 拍照 | 打印 | 张贴 | 专题 | 记录 | 照相,网页 | 光盘 | 登录 | 预告 | 摄像 | 转播 | 光碟 | 更新 | 图像 | 收看 | 专题 | 主页,播放 | 视频 | 录像 | 下载 | 录制 | 录音 | 直播 | 转播 | 图像 | 播出 | 照片 | 相片 | 浏览 | 收看 | 重播 | 收听 | 光碟 | 光盘 | 摄像 | 网页 | 拍摄 | 浏览器 | 广告 | 影像 | 网站 | 广播 | 扫描 | 频道 | 搜索 | 主页 | 登录 | 实况 | 网址 | 拍照 | 地图 | 改版 | 博客 | 电台 | 正版 | 栏目 | 网络 | 记录 | 照相 | 转载 | 专题 | 打印 | 曝光 | 在线 | 更新 | 复制 | 预告 | 张贴 | 上网 | 后台 | 登陆 | 数字 | 三维 | 实物,60.232040546314266,0.3972164758125012,0.45101011454475,收听:0.941665 | 播放:0.888620 | 收看:0.884769 | 录像:0.868329 | 实况:0.788706 | 浏览:0.773965 | 重播:0.773405 | 相片:0.719661 | 录音:0.717142 | 照片:0.674005 | 扫描:0.661992 | 播出:0.652501,放映:0.393198 | 图片:0.311465 | 海报:0.297703 | 电视台:0.277721 | 镜头:0.276713 | 点击率:0.274144 | 上映:0.267426 | 开机:0.256295
138,67,0.32856046473853556,0.017507241880795804,0.3283582089552239,品德 | 人格 | 思维 | 素养 | 审美 | 观念 | 修养 | 意识 | 自尊 | 信念 | 价值观 | 思想,常人 | 真理 | 冲动 | 天性 | 教养 | 本质 | 风气 | 共性,微观 | 风气 | 冲动 | 认知 | 共性 | 眼光 | 责任感 | 欲望 | 抱负 | 素质 | 知识 | 理论,品德 | 人格 | 思维 | 素养 | 审美 | 观念 | 修养 | 意识 | 自尊 | 信念 | 价值观 | 思想 | 道德 | 人性 | 认知 | 自尊心 | 意志 | 自信心 | 本性 | 素质 | 眼界 | 天性 | 责任感 | 心态 | 境界 | 教养 | 欲望 | 勇气 | 品行 | 精神 | 阅历 | 心胸 | 头脑 | 自我 | 直觉 | 好奇心 | 眼光 | 美德 | 知识 | 尊严 | 心理 | 抱负 | 本能 | 智商 | 潜能 | 见识 | 作风 | 身心 | 内在 | 治学 | 视野 | 本质 | 真理 | 冲动 | 风气 | 底线 | 实践 | 远见 | 智慧 | 常人 | 视角 | 理论 | 圈子 | 国情 | 共性 | 微观 | 启迪,64.7913764243706,0.5510520849845191,0.35954716008452814,人格:0.948626 | 思维:0.904355 | 品德:0.899345 | 意识:0.876932 | 眼界:0.865007 | 本性:0.841559 | 认知:0.839091 | 观念:0.834885 | 修养:0.829534 | 见识:0.827326 | 自尊:0.823192 | 直觉:0.805710,毅力:0.372601 | 人品:0.363591 | 伦理:0.345778 | 信仰:0.343766 | 力量:0.263262 | 觉悟:0.242852 | 偏见:0.237767 | 嗅觉:0.229042
139,79,0.3199573198219847,0.023550629350765278,0.34177215189873417,湿度 | 温度 | 干燥 | 空气 | 加热 | 水温 | 潮湿 | 热气 | 热水 | 氧气 | 低温 | 灰尘,功率 | 炎热 | 含量 | 搅拌 | 污秽 | 能耗 | 浸泡 | 备用,风力 | 灼热 | 冷水 | 雨水 | 高压 | 二氧化碳 | 零下 | 低温 | 干燥 | 真空 | 有毒 | 风沙,湿度 | 温度 | 干燥 | 空气 | 加热 | 水温 | 潮湿 | 热气 | 热水 | 氧气 | 低温 | 灰尘 | 气体 | 寒冷 | 雨水 | 热量 | 冲洗 | 通风 | 高温 | 冷水 | 湿润 | 液体 | 结冰 | 海水 | 洁净 | 二氧化碳 | 烘干 | 消毒 | 透气 | 水分 | 气温 | 污染 | 浸泡 | 常温 | 冷气 | 污水 | 摄氏度 | 混浊 | 炎热 | 搅拌 | 灼热 | 气味 | 氧 | 气泡 | 污秽 | 噪声 | 过滤 | 尾气 | 净化 | 密封 | 清洗 | 保暖 | 零下 | 浮力 | 有毒 | 清洁 | 刺骨 | 气候 | 排放 | 风沙 | 均匀 | 干旱 | 残留 | 有害 | 真空 | 含量 | 自来水 | 储存 | 风力 | 供暖 | 高压 | 废物 | 能耗 | 防护 | 垃圾 | 泡沫 | 功率 | 保养 | 备用,75.06685278956503,0.6300215797708004,0.27019284813334027,温度:0.990035 | 干燥:0.988776 | 水温:0.984905 | 潮湿:0.981373 | 湿度:0.980886 | 加热:0.971377 | 低温:0.953791 | 寒冷:0.951856 | 冲洗:0.947472 | 消毒:0.941685 | 清洗:0.934917 | 空气:0.920245,噪音:0.433957 | 洗涤剂:0.398518 | 燃烧:0.365731 | 溶解:0.346471 | 贮藏:0.282922 | 暖气:0.274123 | 冷冻:0.225250 | 细菌:0.215635
140,44,0.36613378711690586,0.06001020343196435,0.20454545454545456,语气 | 神情 | 表情 | 神态 | 眼神 | 笑容 | 举止 | 言语 | 言辞 | 话语 | 神气 | 口气,话题 | 宣泄 | 节奏 | 微笑 | 眼色 | 脸色 | 一句话 | 分寸,话 | 举动 | 节奏 | 话语 | 举止 | 言辞 | 样子 | 声音 | 场合 | 开场白 | 神情 | 意思,语气 | 神情 | 表情 | 神态 | 眼神 | 笑容 | 举止 | 言语 | 言辞 | 话语 | 神气 | 口气 | 样子 | 举动 | 态度 | 模样 | 脸色 | 声音 | 姿态 | 言行 | 架势 | 眼色 | 姿势 | 笑脸 | 话 | 手势 | 微笑 | 言论 | 情绪 | 一举一动 | 动作 | 意思 | 开场白 | 事情 | 一言一行 | 所作所为 | 分寸 | 一句话 | 立场 | 反应 | 节奏 | 话题 | 场合 | 宣泄,45.60474295756281,0.7427566452437236,0.21568586446261306,神态:0.995659 | 表情:0.992109 | 笑容:0.991392 | 语气:0.989758 | 神情:0.987912 | 模样:0.987838 | 笑脸:0.977518 | 话语:0.974137 | 眼神:0.969971 | 神气:0.966199 | 姿态:0.963775 | 言语:0.963712,字眼:0.248872 | 句:0.245114 | 说法:0.211754 | 动静:0.186135 | 心里话:0.175385 | 道理:0.158143 | 观点:0.157396 | 看法:0.149255
141,31,0.33588072923530843,0.06674141114255121,0.12903225806451613,取消 | 中止 | 终止 | 撤销 | 暂停 | 停止 | 废除 | 更改 | 放弃 | 延长 | 推迟 | 解散,抛弃 | 退出 | 改动 | 拖延 | 简化 | 缩短 | 变更 | 无效,缩短 | 延长 | 无效 | 取消 | 删除 | 修改 | 退出 | 改动 | 解散 | 抛弃 | 废除 | 宣告,取消 | 中止 | 终止 | 撤销 | 暂停 | 停止 | 废除 | 更改 | 放弃 | 延长 | 推迟 | 解散 | 中断 | 延期 | 搁置 | 解除 | 修改 | 删除 | 终结 | 缩短 | 拖延 | 免除 | 简化 | 抛弃 | 变更 | 保留 | 无效 | 改为 | 退出 | 宣告 | 改动,38.31197664499339,0.7178364097581403,0.25864847755349285,取消:0.974561 | 中止:0.971065 | 停止:0.969912 | 废除:0.956033 | 放弃:0.915346 | 暂停:0.910779 | 终止:0.903993 | 免除:0.895789 | 更改:0.854255 | 删除:0.848893 | 推迟:0.831161 | 撤销:0.820647,关闭:0.422475 | 搁浅:0.174074 | 不予:0.171689 | 生效:0.165801 | 恢复:0.136520 | 脱离:0.136367 | 改名:0.135180 | 间断:0.132372
142,0,,,,,,,,0.0002444924258554355,,,需求:0.000000 | 指标:0.000000 | 体系:0.000000 | 目标:0.000000 | 资源:0.000000 | 进度:0.000000 | 转型:0.000000 | 比例:0.000000 | 幅度:0.000000 | 结构:0.000000 | 低于:0.000000 | 动力:0.000000,
143,36,0.3137277962758878,0.025190673952644863,0.3611111111111111,打工 | 做生意 | 谋生 | 经商 | 乡下 | 穷人 | 上学 | 乞丐 | 城里 | 苦力 | 小贩 | 商人,富裕 | 过日子 | 清洁工 | 炒股 | 搬家 | 上学 | 自费 | 理发,苦力 | 小贩 | 出差 | 城里 | 下乡 | 修车 | 清洁工 | 发财 | 炒股 | 自费 | 经商 | 商人,打工 | 做生意 | 谋生 | 经商 | 乡下 | 穷人 | 上学 | 乞丐 | 城里 | 苦力 | 小贩 | 商人 | 外出 | 乞讨 | 商贩 | 出差 | 修路 | 发财 | 修车 | 理发 | 外地 | 致富 | 探亲 | 过日子 | 商贾 | 富人 | 废品 | 出国 | 清洁工 | 下乡 | 生意 | 搬家 | 办事 | 富裕 | 炒股 | 自费,36.20797568603658,0.6576098689551721,0.2623182274336271,商贩:0.982600 | 小贩:0.971975 | 谋生:0.959126 | 做生意:0.944046 | 打工:0.932188 | 发财:0.912283 | 乞讨:0.911449 | 穷人:0.883027 | 商贾:0.880791 | 苦力:0.876286 | 经商:0.873110 | 外地:0.864998,挣钱:0.423584 | 公费:0.356459 | 大款:0.343742 | 请假:0.283883 | 富翁:0.263474 | 赚钱:0.246479 | 售货员:0.212820 | 流浪:0.201374
144,40,0.35167427894638537,0.03099152311225999,0.375,造型 | 外形 | 线条 | 形状 | 气质 | 外貌 | 外表 | 花纹 | 外观 | 装扮 | 轮廓 | 颜色,个子 | 气质 | 平面 | 衬托 | 容颜 | 风格 | 特质 | 点缀,颜色 | 原型 | 形象 | 容颜 | 风格 | 搭配 | 特质 | 造型 | 发型 | 打扮 | 表面 | 衬托,造型 | 外形 | 线条 | 形状 | 气质 | 外貌 | 外表 | 花纹 | 外观 | 装扮 | 轮廓 | 颜色 | 图案 | 发型 | 身材 | 长相 | 色彩 | 款式 | 风格 | 打扮 | 个性 | 搭配 | 特质 | 酷似 | 棱角 | 点缀 | 形象 | 衬托 | 装饰 | 设计 | 质地 | 容颜 | 元素 | 构造 | 平面 | 表面 | 原型 | 化身 | 组合 | 个子,46.15769194908418,0.7433763126383954,0.2030691603090046,外形:0.993670 | 造型:0.992322 | 外貌:0.990127 | 装扮:0.985347 | 轮廓:0.984922 | 形状:0.984188 | 花纹:0.978088 | 搭配:0.968839 | 线条:0.966539 | 衬托:0.965485 | 长相:0.962700 | 颜色:0.960101,尺寸:0.365965 | 光泽:0.350752 | 性格:0.330505 | 身高:0.301486 | 圆形:0.253516 | 新款:0.230805 | 品位:0.191416 | 天生:0.174924
145,98,0.2723197677281427,-0.018406248708253716,0.6326530612244898,制定 | 制订 | 开展 | 组建 | 实施 | 建立 | 设立 | 推出 | 推行 | 构建 | 成立 | 拟定,在内 | 开拓 | 适用 | 面向 | 整合 | 统筹 | 纳入 | 列入,展开 | 采取 | 开拓 | 拟 | 开通 | 计划 | 实现 | 开展 | 开设 | 普及 | 改革 | 开辟,制定 | 制订 | 开展 | 组建 | 实施 | 建立 | 设立 | 推出 | 推行 | 构建 | 成立 | 拟定 | 出台 | 开办 | 颁布 | 创建 | 启动 | 实行 | 确立 | 签署 | 创立 | 开设 | 签订 | 创办 | 试行 | 起草 | 搭建 | 引入 | 订立 | 落实 | 建设 | 开辟 | 开通 | 筹划 | 采取 | 筹备 | 修订 | 试点 | 发起 | 施行 | 牵头 | 贯彻 | 宣布 | 开发 | 完成 | 开创 | 引进 | 编制 | 组织 | 推广 | 纳入 | 整合 | 规划 | 开拓 | 联合 | 筹办 | 进行 | 部署 | 战略 | 计划 | 布局 | 列入 | 运作 | 酝酿 | 首创 | 实现 | 展开 | 正式 | 拟 | 改革 | 出资 | 框架 | 执行 | 统筹 | 通过 | 组成 | 落地 | 作出 | 主导 | 落户 | 收购 | 开放 | 合并 | 列为 | 重组 | 专门 | 普及 | 利用 | 统一 | 面向 | 重大 | 改名 | 介入 | 关于 | 定为 | 在内 | 适用 | 核心,72.15362570454215,0.321686512951996,0.5537398329753124,开办:0.918754 | 创办:0.894613 | 创立:0.877132 | 拟定:0.873786 | 制订:0.854697 | 组建:0.851061 | 开设:0.820242 | 制定:0.793544 | 创建:0.783073 | 设立:0.768363 | 开辟:0.750347 | 建立:0.742900,打造:0.291739 | 推进:0.221253 | 承办:0.186716 | 主办:0.179375 | 开启:0.164680 | 达成:0.156612 | 加入:0.154883 | 举办:0.149496
146,28,0.293715452510183,-0.017223552413848566,0.6071428571428571,死心 | 脱身 | 退却 | 罢休 | 报仇 | 退缩 | 得手 | 袖手旁观 | 斩草除根 | 遂心 | 屈服 | 改邪归正,追赶 | 追随 | 戒备 | 退缩 | 振作 | 提防 | 警惕 | 解脱,下手 | 振作 | 报仇 | 动摇 | 化险为夷 | 解围 | 退却 | 袖手旁观 | 奏效 | 得手 | 摆平 | 死心,死心 | 脱身 | 退却 | 罢休 | 报仇 | 退缩 | 得手 | 袖手旁观 | 斩草除根 | 遂心 | 屈服 | 改邪归正 | 振作 | 解围 | 下手 | 动摇 | 奏效 | 化险为夷 | 出手 | 戒备 | 摆平 | 提防 | 无济于事 | 追赶 | 解脱 | 追随 | 试探 | 警惕,27.957111138097517,0.7281720455732771,0.24276322307464554,试探:0.955318 | 戒备:0.947882 | 退却:0.944785 | 提防:0.944221 | 追赶:0.928353 | 追随:0.922356 | 警惕:0.918078 | 奏效:0.912266 | 化险为夷:0.911689 | 死心:0.898311 | 脱身:0.890978 | 改邪归正:0.879545,跟随:0.325930 | 投降:0.314265 | 克制:0.267707 | 退让:0.223439 | 醒悟:0.149461 | 靠拢:0.124613 | 逞强:0.113369 | 关头:0.111728
147,0,,,,,,,,0.00006346883695217301,,,需求:0.000000 | 体系:0.000000 | 指标:0.000000 | 目标:0.000000 | 资源:0.000000 | 进度:0.000000 | 转型:0.000000 | 结构:0.000000 | 框架:0.000000 | 比例:0.000000 | 要素:0.000000 | 渠道:0.000000,
148,139,0.2703370758865227,-0.015672330046522197,0.5899280575539568,晚上 | 中午 | 下午 | 早上 | 上午 | 傍晚 | 早晨 | 凌晨 | 夜里 | 一早 | 前天 | 昨天,倒计时 | 照常 | 排队 | 白天 | 秒 | 休息 | 预计 | 短期,明年 | 段 | 工作日 | 年初 | 昨天 | 临时 | 上周 | 当晚 | 排队 | 早晨 | 月底 | 钟头,晚上 | 中午 | 下午 | 早上 | 上午 | 傍晚 | 早晨 | 凌晨 | 夜里 | 一早 | 前天 | 昨天 | 星期 | 半夜 | 清晨 | 周末 | 当晚 | 明天 | 一大早 | 晚饭 | 下班 | 深夜 | 当天 | 星期天 | 晚 | 月初 | 午饭 | 夜晚 | 晚间 | 次日 | 天 | 中旬 | 下旬 | 白天 | 月底 | 早饭 | 上个月 | 起床 | 星期日 | 下个月 | 日 | 上旬 | 钟头 | 寒假 | 暑假 | 当日 | 月份 | 放学 | 放假 | 周 | 明日 | 前夕 | 月 | 上周 | 年初 | 工作日 | 准时 | 上班 | 年底 | 开学 | 夜间 | 今日 | 小时 | 通宵 | 近期 | 前不久 | 前年 | 夜班 | 去年 | 年前 | 日前 | 夜 | 今年 | 初一 | 过后 | 近日 | 期间 | 请假 | 加班 | 最近 | 休息 | 趁着 | 临近 | 分钟 | 季度 | 下课 | 明年 | 时段 | 休假 | 刚 | 开夜车 | 早 | 稍后 | 此前 | 年 | 提前 | 照常 | 时间 | 迟到 | 全年 | 开会 | 钟 | 届时 | 前 | 期中 | 前期 | 期末 | 整整 | 年终 | 期 | 为期 | 下期 | 以来 | 初 | 后年 | 值班 | 倒计时 | 许 | 半 | 预计 | 次 | 中期 | 短期 | 时隔 | 将近 | 历时 | 本期 | 此次 | 逢 | 后续 | 秒 | 长达 | 本 | 排队 | 临时 | 轮 | 末 | 北京 | 段,120.19870928644886,0.4980378134491558,0.4017333228650762,中午:0.986523 | 晚上:0.984341 | 早上:0.980448 | 下班:0.966385 | 下午:0.965392 | 深夜:0.959694 | 晚饭:0.957463 | 午饭:0.942165 | 加班:0.939840 | 夜里:0.939467 | 上午:0.934468 | 半夜:0.930848,礼拜:0.368919 | 旷课:0.365372 | 暑期:0.337815 | 今天:0.320526 | 午睡:0.297099 | 回家:0.294179 | 上次:0.288154 | 来年:0.279856
149,0,,,,,,,,0.006606572626506756,,,减:0.000012 | 增:0.000010 | 升:0.000010 | 价:0.000009 | 降:0.000009 | 计:0.000009 | 续:0.000008 | 量:0.000008 | 注:0.000008 | 值:0.000008 | 扩:0.000008 | 净:0.000008,
150,50,0.3259131544341094,0.0004009712247468371,0.44,整天 | 成天 | 常常 | 时常 | 不停 | 一天到晚 | 经常 | 时不时 | 从早到晚 | 不时 | 到处 | 日复一日,常年 | 偶尔 | 常 | 经常 | 千军万马 | 一齐 | 无不 | 有时,一连 | 日夜 | 成群结队 | 常 | 争先恐后 | 老是 | 翻来覆去 | 四面八方 | 经常 | 拼命 | 无不 | 断断续续,整天 | 成天 | 常常 | 时常 | 不停 | 一天到晚 | 经常 | 时不时 | 从早到晚 | 不时 | 到处 | 日复一日 | 时时 | 日夜 | 夜以继日 | 一年到头 | 彻夜 | 一边 | 老是 | 拼命 | 偶尔 | 四处 | 时而 | 成群结队 | 有时 | 没完没了 | 翻来覆去 | 处处 | 遍地 | 断断续续 | 轮流 | 挨家挨户 | 常年 | 反复 | 昼夜 | 争先恐后 | 四面八方 | 无数 | 一齐 | 一连 | 风餐露宿 | 常 | 成千上万 | 一面 | 源源不断 | 无不 | 间断 | 前赴后继 | 千军万马 | 大批,52.27623950175415,0.7099925561111351,0.2328319485040616,日夜:0.992237 | 成天:0.984754 | 整天:0.982815 | 成群结队:0.968767 | 不时:0.955558 | 时常:0.955088 | 从早到晚:0.954153 | 昼夜:0.952812 | 断断续续:0.948776 | 不停:0.947075 | 经常:0.946691 | 到处:0.931859,从不:0.339109 | 来回:0.284742 | 总是:0.283530 | 从来不:0.234250 | 川流不息:0.218530 | 竞相:0.196305 | 只管:0.182815 | 白天:0.174736
151,0,,,,,,,,17.40599724643336,,,顾问:0.087155 | 秘书:0.083574 | 处长:0.083246 | 部长:0.074013 | 组长:0.072114 | 主任:0.069460 | 院长:0.066675 | 参谋:0.065656 | 助理:0.064735 | 总监:0.062258 | 委员:0.060811 | 司长:0.059875,顾问:0.087155 | 秘书:0.083574 | 处长:0.083246 | 部长:0.074013 | 组长:0.072114 | 主任:0.069460 | 院长:0.066675 | 参谋:0.065656
152,31,0.30291142413102057,0.011724749871012831,0.3548387096774194,繁荣 | 兴旺 | 欣欣向荣 | 蓬勃 | 硕果 | 昌盛 | 生机 | 复兴 | 崛起 | 壮大 | 富强 | 胜利,迈进 | 变革 | 活力 | 壮大 | 丰硕 | 高潮 | 缩影 | 里程碑,昌盛 | 鹏程万里 | 高潮 | 半边天 | 变革 | 里程碑 | 支柱 | 万古长青 | 丰收 | 进步 | 凯歌 | 生机,繁荣 | 兴旺 | 欣欣向荣 | 蓬勃 | 硕果 | 昌盛 | 生机 | 复兴 | 崛起 | 壮大 | 富强 | 胜利 | 振兴 | 丰收 | 进步 | 凯歌 | 活力 | 源泉 | 丰硕 | 迈进 | 万古长青 | 缩影 | 鹏程万里 | 变革 | 大有可为 | 序幕 | 支柱 | 高潮 | 里程碑 | 千家万户 | 半边天,31.8546129618495,0.49486427778847547,0.43868966064693643,兴旺:0.989474 | 欣欣向荣:0.976692 | 硕果:0.965059 | 序幕:0.929415 | 繁荣:0.920891 | 昌盛:0.857791 | 蓬勃:0.821592 | 丰硕:0.812369 | 凯歌:0.807007 | 生机:0.797077 | 富强:0.745047 | 活力:0.727789,朝气蓬勃:0.352627 | 日新月异:0.263602 | 辉煌:0.248372 | 富裕:0.238976 | 势不可当:0.197503 | 光辉:0.173196 | 奇迹:0.169985 | 成果:0.161131
153,0,,,,,,,,0.008048340290866832,,,需求:0.000011 | 指标:0.000010 | 资源:0.000010 | 比例:0.000009 | 幅度:0.000009 | 目标:0.000009 | 体系:0.000009 | 进度:0.000009 | 转型:0.000009 | 百分比:0.000009 | 低于:0.000009 | 结构:0.000009,
154,0,,,,,,,,2.671274712433525e-7,,,需求:0.000000 | 指标:0.000000 | 目标:0.000000 | 体系:0.000000 | 幅度:0.000000 | 资源:0.000000 | 比例:0.000000 | 低于:0.000000 | 进度:0.000000 | 转型:0.000000 | 百分比:0.000000 | 结构:0.000000,
155,27,0.33760335790719403,0.02905782192689221,0.25925925925925924,怨 | 害 | 冤 | 恨 | 毁 | 死 | 错 | 贪 | 伤 | 坏 | 忘 | 愁,忍 | 恨 | 坏 | 祸害 | 错 | 垮 | 愁 | 惹,灭 | 败 | 贪 | 罚 | 乱 | 忘 | 错 | 惹 | 犯 | 死 | 怨 | 恨,怨 | 害 | 冤 | 恨 | 毁 | 死 | 错 | 贪 | 伤 | 坏 | 忘 | 愁 | 祸害 | 误 | 漏 | 败 | 仇 | 乱 | 忍 | 惹 | 灭 | 瞒 | 犯 | 损 | 罚 | 垮 | 荒,28.70791142602973,0.6938274051352712,0.2640044777327139,怨:0.993628 | 害:0.985767 | 误:0.974721 | 毁:0.972521 | 愁:0.926416 | 伤:0.917719 | 冤:0.908876 | 祸害:0.903329 | 恨:0.897217 | 忘:0.883524 | 仇:0.863493 | 犯:0.802303,断:0.255912 | 恶:0.255248 | 戒:0.180029 | 塌:0.169160 | 烦:0.148137 | 怪:0.142453 | 劫:0.139418 | 毒:0.126978
156,34,0.327078093300685,0.02719158608353977,0.4117647058823529,再度 | 接连 | 相继 | 再次 | 频频 | 陆续 | 屡次 | 逐步 | 不断 | 逐渐 | 先后 | 纷纷,加速 | 逐渐 | 纷纷 | 将 | 一度 | 逐年 | 大规模 | 飞速,即将 | 持续 | 加速 | 屡次 | 重新 | 陆续 | 飞速 | 屡 | 多次 | 逐步 | 连续 | 纷纷,再度 | 接连 | 相继 | 再次 | 频频 | 陆续 | 屡次 | 逐步 | 不断 | 逐渐 | 先后 | 纷纷 | 多次 | 接二连三 | 持续 | 屡 | 继续 | 首次 | 连续 | 有望 | 一度 | 竞相 | 重新 | 逐年 | 曾 | 即将 | 加速 | 飞速 | 正在 | 一举 | 继 | 将 | 大规模 | 同年,46.72364982483286,0.5417206845684668,0.3592595025003025,频频:0.973542 | 接连:0.972019 | 再度:0.901076 | 屡:0.889723 | 相继:0.888328 | 纷纷:0.820658 | 不断:0.816950 | 先后:0.814135 | 屡次:0.808618 | 多次:0.807953 | 曾:0.798561 | 接二连三:0.777093,率先:0.343782 | 已:0.196094 | 将要:0.166402 | 进一步:0.148545 | 拟:0.115662 | 从未:0.114957 | 一再:0.113295 | 依次:0.110898
157,184,0.32148606563173665,0.024809333927517704,0.3967391304347826,袜子 | 衣服 | 裤子 | 毛衣 | 衬衣 | 裙子 | 大衣 | 围巾 | 拖鞋 | 鞋 | 外套 | 衬衫,印刷 | 杆 | 标致 | 斧子 | 邮票 | 子弹 | 彩色 | 扇,剪刀 | 背包 | 裤子 | 圆珠笔 | 铲子 | 时装 | 球鞋 | 束 | 纱 | 毛笔 | 笔记本 | 墨水,袜子 | 衣服 | 裤子 | 毛衣 | 衬衣 | 裙子 | 大衣 | 围巾 | 拖鞋 | 鞋 | 外套 | 衬衫 | 皮鞋 | 上衣 | 皮包 | 毛巾 | 梳子 | 毯子 | 衣架 | 领带 | 凉鞋 | 手套 | 雨衣 | 箱子 | 拉锁 | 水壶 | 短裤 | 手帕 | 球鞋 | 牛仔裤 | 牙刷 | 垫子 | 西装 | 羽绒服 | 枕头 | 杯子 | 内衣 | 书包 | 纽扣 | 铅笔 | 扇子 | 刷子 | 蚊帐 | 被子 | 绳子 | 钳子 | 睡袋 | 背心 | 肥皂 | 帽子 | 圆珠笔 | 剪子 | 项链 | 剪刀 | 钢笔 | 高跟鞋 | 地毯 | 脸盆 | 皮带 | 靴子 | 首饰 | 口罩 | 瓶子 | 背包 | 旗袍 | 兜儿 | 橡皮 | 火柴 | 绷带 | 手表 | 礼服 | 服装 | 眼镜 | 叉子 | 筷子 | 穿着 | 信封 | 胶带 | 文具 | 盒子 | 戒指 | 吸管 | 沐浴露 | 毛笔 | 球拍 | 辫子 | 玩具 | 尼龙 | 铲子 | 口袋 | 袋 | 卡子 | 塑料袋 | 香水 | 易拉罐 | 伞 | 家具 | 工艺品 | 钉子 | 刺绣 | 香烟 | 穿 | 耳机 | 丝绸 | 婚纱 | 盖子 | 外衣 | 花瓶 | 蜡烛 | 笔记本 | 塑料 | 尺子 | 筐 | 墨水 | 用品 | 螺丝 | 服饰 | 手枪 | 制服 | 纱 | 钞票 | 钩子 | 瓷器 | 钱包 | 相机 | 戴 | 纸 | 筒 | 子弹 | 化妆 | 时装 | 捆 | 珠宝 | 硬币 | 瓷 | 牌子 | 胶水 | 漆 | 道具 | 古董 | 砖 | 画儿 | 盒 | 管子 | 轮子 | 布 | 斧子 | 胶片 | 箱 | 轮胎 | 气球 | 邮票 | 温度计 | 宝石 | 火药 | 扇 | 器材 | 秤 | 锤子 | 陶瓷 | 折叠 | 框 | 件 | 钻石 | 束 | 专柜 | 炸药 | 磁卡 | 化纤 | 指南针 | 彩色 | 摆设 | 新款 | 印刷 | 纺织 | 绝缘 | 包袱 | 一身 | 工具 | 串 | 杆 | 仿 | 张 | 标致,178.87688031933948,0.6555357826010808,0.2351778061764999,衬衣:0.999358 | 衬衫:0.999336 | 上衣:0.999147 | 大衣:0.999113 | 凉鞋:0.999029 | 毛衣:0.998995 | 裙子:0.998876 | 短裤:0.998849 | 领带:0.998845 | 围巾:0.998660 | 外套:0.998454 | 牛仔裤:0.997894,牙膏:0.400447 | 包:0.363116 | 棺材:0.335286 | 盘子:0.329063 | 笼子:0.327082 | 棍子:0.318675 | 帐子:0.317946 | 架子:0.305187
158,35,0.3516838799682656,0.06546766040665612,0.08571428571428572,挣 | 赚 | 钱 | 买 | 挣钱 | 赔钱 | 掏钱 | 卖 | 零花钱 | 省钱 | 掏 | 便宜,输 | 省事 | 手头 | 倾家荡产 | 亏 | 欠 | 缺 | 划算,赔 | 贵 | 钱 | 值钱 | 剩 | 买 | 赚钱 | 便宜 | 攒 | 拿出 | 手头 | 零花钱,挣 | 赚 | 钱 | 买 | 挣钱 | 赔钱 | 掏钱 | 卖 | 零花钱 | 省钱 | 掏 | 便宜 | 价钱 | 攒 | 值钱 | 拿 | 赚钱 | 亏本 | 买不起 | 赔 | 划算 | 花 | 贵 | 私房钱 | 少 | 亏 | 省事 | 拿到 | 欠 | 缺 | 剩 | 拿出 | 倾家荡产 | 手头 | 输,36.581241997733024,0.7269588033610613,0.22995819769609882,赚:0.995565 | 挣:0.988746 | 省钱:0.983058 | 值钱:0.978896 | 便宜:0.972480 | 买:0.969614 | 亏本:0.965081 | 卖:0.959803 | 赔钱:0.955555 | 划算:0.950966 | 钱:0.914252 | 贵:0.912221,积蓄:0.357957 | 稀罕:0.198338 | 不值:0.193422 | 手里:0.190182 | 节衣缩食:0.171017 | 定做:0.115279 | 实惠:0.112279 | 吃亏:0.110987
159,31,0.3414075045027705,0.046567588977782334,0.25806451612903225,翠绿 | 碧绿 | 晶莹 | 白色 | 茂密 | 布满 | 黄色 | 耸立 | 五颜六色 | 蓝色 | 灰色 | 圆形,坐落 | 遍布 | 屹立 | 辽阔 | 茂盛 | 荧光 | 悬挂 | 镶嵌,灰色 | 碧绿 | 裸露 | 茂密 | 荧光 | 蓝色 | 茂盛 | 遍布 | 红色 | 五颜六色 | 连绵 | 圆形,翠绿 | 碧绿 | 晶莹 | 白色 | 茂密 | 布满 | 黄色 | 耸立 | 五颜六色 | 蓝色 | 灰色 | 圆形 | 镶嵌 | 红色 | 黑色 | 连绵 | 环绕 | 纵横交错 | 茂盛 | 裸露 | 稠密 | 辽阔 | 朱红 | 肥沃 | 遍布 | 屹立 | 散发 | 透明 | 悬挂 | 荧光 | 坐落,36.93631660072933,0.7576416103100702,0.20908990524315424,耸立:0.990144 | 屹立:0.979867 | 茂密:0.973520 | 坐落:0.972434 | 翠绿:0.967843 | 碧绿:0.965586 | 茂盛:0.959526 | 布满:0.950844 | 镶嵌:0.927409 | 散发:0.923813 | 稠密:0.906707 | 肥沃:0.903142,盛开:0.418144 | 奇花异草:0.239539 | 芬芳:0.212805 | 鲜艳:0.148267 | 彩色:0.136174 | 背面:0.121047 | 平坦:0.117576 | 光泽:0.103259
160,71,0.3651792666780667,0.04075886050219963,0.19718309859154928,忽然 | 急忙 | 连忙 | 赶忙 | 立刻 | 猛然 | 慌忙 | 顿时 | 突然 | 赶紧 | 不由得 | 随即,不免 | 继而 | 渐渐 | 竟 | 骤然 | 犹如 | 地 | 来得及,骤然 | 情不自禁 | 不禁 | 立刻 | 一瞬间 | 一口气 | 此时 | 继而 | 顾不得 | 随后 | 忍不住 | 顿时,忽然 | 急忙 | 连忙 | 赶忙 | 立刻 | 猛然 | 慌忙 | 顿时 | 突然 | 赶紧 | 不由得 | 随即 | 马上 | 忍不住 | 情不自禁 | 一下子 | 不禁 | 不一会儿 | 禁不住 | 不由自主 | 便 | 立即 | 当即 | 悄悄 | 下意识 | 缓缓 | 毫不犹豫 | 渐渐 | 一瞬间 | 顾不得 | 索性 | 一会儿 | 一刹那 | 转眼 | 不知不觉 | 仿佛 | 骤然 | 恨不得 | 接着 | 迫不及待 | 慢慢 | 灵机一动 | 瞬间 | 赶快 | 这时 | 不假思索 | 此刻 | 匆忙 | 紧接着 | 顾不上 | 一晃 | 不约而同 | 不料 | 来不及 | 火速 | 不经意 | 竟 | 不免 | 此时 | 好似 | 快要 | 刚刚 | 一口气 | 当场 | 隐约 | 随后 | 来得及 | 徐徐 | 继而 | 犹如 | 地,91.84564838652551,0.6707882303439544,0.22336580998456007,急忙:0.995706 | 赶忙:0.990032 | 慌忙:0.987811 | 立刻:0.986379 | 连忙:0.985766 | 顿时:0.985458 | 随即:0.983809 | 当即:0.979503 | 忽然:0.977837 | 猛然:0.974398 | 不由得:0.959758 | 突然:0.958366,然后:0.363200 | 终于:0.361960 | 于是:0.336928 | 这时候:0.291086 | 自然而然:0.269094 | 又:0.260127 | 匆匆:0.257069 | 生怕:0.249714
161,42,0.3087048102910375,0.017087193494407463,0.38095238095238093,受贿 | 贿赂 | 贪污 | 违法 | 回扣 | 违规 | 公款 | 钱财 | 作弊 | 弄虚作假 | 造假 | 查处,财产 | 黑心 | 案件 | 大笔 | 违章 | 受骗 | 低价 | 罚款,高额 | 罚款 | 造假 | 违规 | 违法 | 查出 | 炒作 | 盗版 | 内幕 | 案件 | 集资 | 高价,受贿 | 贿赂 | 贪污 | 违法 | 回扣 | 违规 | 公款 | 钱财 | 作弊 | 弄虚作假 | 造假 | 查处 | 暴利 | 盗版 | 财物 | 巨额 | 侵权 | 内幕 | 拖欠 | 泄密 | 违章 | 集资 | 劣质 | 罚款 | 高额 | 抄袭 | 黑心 | 案件 | 高价 | 毒品 | 受骗 | 索取 | 低价 | 超标 | 投机 | 查出 | 金钱 | 炒作 | 水货 | 大笔 | 财产 | 隐私,46.493037629389164,0.5650921198797301,0.3564287358528755,钱财:0.991654 | 财物:0.972971 | 公款:0.928729 | 劣质:0.900836 | 受贿:0.896159 | 巨额:0.888209 | 高额:0.845197 | 违规:0.820613 | 回扣:0.810933 | 大笔:0.809240 | 贪污:0.779637 | 索取:0.778033,泄露:0.384209 | 涉嫌:0.351775 | 欺诈:0.309000 | 赌博:0.284753 | 丑闻:0.233825 | 犯罪:0.232013 | 假冒:0.196883 | 非法:0.194779
162,0,,,,,,,,0.0160826023676824,,,流程:0.000033 | 进度:0.000026 | 框架:0.000025 | 体系:0.000025 | 机制:0.000024 | 程序:0.000024 | 环节:0.000023 | 方案:0.000023 | 需求:0.000023 | 期限:0.000022 | 主体:0.000021 | 标准:0.000021,
163,4,0.5416801933012414,0.40103227471288694,0.0,北 | 南 | 西 | 位于,位于 | 西 | 南 | 北,北 | 位于 | 南 | 西,北 | 南 | 西 | 位于,27.301988243379064,0.4289813498707806,0.3266490452027978,西:0.534212 | 北:0.486745 | 南:0.447536 | 东:0.349615 | 东南:0.325100 | 位于:0.247432 | 西北:0.231777 | 西南:0.209871 | 中部:0.184733 | 南北:0.110818 | 西部:0.101009 | 扩:0.092401,东:0.349615 | 东南:0.325100 | 西北:0.231777 | 西南:0.209871 | 中部:0.184733 | 南北:0.110818 | 西部:0.101009 | 扩:0.092401
164,66,0.39097481411904594,0.05557796750951596,0.15151515151515152,嘲笑 | 讥笑 | 瞧不起 | 责怪 | 取笑 | 责备 | 嫉妒 | 耻笑 | 嫌弃 | 鄙视 | 妒忌 | 埋怨,迷惑 | 眼红 | 不服 | 吓唬 | 打搅 | 看得起 | 羡慕 | 发泄,嘲弄 | 讽刺 | 耻笑 | 嫌弃 | 鄙视 | 打扰 | 抱怨 | 嫉妒 | 不屑 | 埋怨 | 偏见 | 讥笑,嘲笑 | 讥笑 | 瞧不起 | 责怪 | 取笑 | 责备 | 嫉妒 | 耻笑 | 嫌弃 | 鄙视 | 妒忌 | 埋怨 | 轻蔑 | 看不起 | 挖苦 | 嘲弄 | 骂 | 不屑 | 反感 | 欺负 | 讨厌 | 理睬 | 刁难 | 羡慕 | 恭维 | 讽刺 | 不理 | 讨好 | 抱怨 | 冒犯 | 介意 | 吓唬 | 歧视 | 挑剔 | 爱理不理 | 吹捧 | 怠慢 | 原谅 | 调侃 | 理会 | 得罪 | 夸耀 | 迁就 | 排斥 | 误会 | 误解 | 冷落 | 容忍 | 炫耀 | 附和 | 打扰 | 眼红 | 打搅 | 忌讳 | 计较 | 指手画脚 | 夸 | 迷惑 | 看得起 | 偏见 | 敬而远之 | 抵触 | 拘束 | 对待 | 发泄 | 不服,67.08947484101942,0.75816358726579,0.19334501342888122,嘲笑:0.991704 | 鄙视:0.988592 | 讥笑:0.988228 | 瞧不起:0.985546 | 取笑:0.978623 | 挖苦:0.978391 | 责怪:0.977681 | 看不起:0.969798 | 嫉妒:0.962339 | 欺负:0.956278 | 责备:0.954986 | 嘲弄:0.953527,侮辱:0.399896 | 在意:0.312596 | 冤枉:0.294462 | 不以为然:0.287891 | 在乎:0.266132 | 不服气:0.262295 | 不满:0.250442 | 厌烦:0.230214
165,32,0.3558714053792004,0.06482301312739112,0.1875,回去 | 回来 | 完了 | 进去 | 过来 | 待会儿 | 快点儿 | 好好 | 上去 | 去 | 出去 | 顺便,随手 | 请 | 不行 | 半天 | 小心 | 完蛋 | 啦 | 顺手,随手 | 空儿 | 啦 | 从头 | 完了 | 先 | 完 | 待会儿 | 顺便 | 快点儿 | 下去 | 进来,回去 | 回来 | 完了 | 进去 | 过来 | 待会儿 | 快点儿 | 好好 | 上去 | 去 | 出去 | 顺便 | 进来 | 顺手 | 空儿 | 下来 | 完 | 下去 | 上来 | 改日 | 先 | 随便 | 不行 | 下次 | 啦 | 半天 | 完蛋 | 小心 | 趁早 | 从头 | 随手 | 请,46.79668120353698,0.5590895044046875,0.3080704914008041,完了:0.964172 | 顺手:0.933343 | 完:0.866726 | 改日:0.857723 | 回去:0.842380 | 顺便:0.830078 | 随手:0.780082 | 完蛋:0.748710 | 回来:0.724397 | 快点儿:0.667725 | 待会儿:0.661684 | 进去:0.638382,好久:0.303900 | 来得及:0.267152 | 呀:0.260863 | 出来:0.259359 | 懒得:0.253058 | 再:0.248908 | 给:0.245850 | 没用:0.236709
166,39,0.298583087549927,-0.0035733512579224982,0.5384615384615384,衰退 | 衰弱 | 崩溃 | 萧条 | 萎缩 | 陷入 | 不景气 | 低迷 | 没落 | 恶化 | 破灭 | 动荡,波动 | 复苏 | 停留 | 供不应求 | 好转 | 落后 | 觉醒 | 失败,不景气 | 萎缩 | 没落 | 波动 | 崩溃 | 好转 | 失败 | 解体 | 破灭 | 低迷 | 衰弱 | 丧失,衰退 | 衰弱 | 崩溃 | 萧条 | 萎缩 | 陷入 | 不景气 | 低迷 | 没落 | 恶化 | 破灭 | 动荡 | 倒闭 | 丧失 | 瘫痪 | 低谷 | 消失 | 徘徊 | 解体 | 迷失 | 亏损 | 好转 | 复苏 | 破产 | 失去 | 失败 | 摇摇欲坠 | 处于 | 处在 | 雪上加霜 | 面临 | 膨胀 | 搁浅 | 落后 | 波动 | 觉醒 | 供不应求 | 止步 | 停留,41.71228709035267,0.5457587115123322,0.3616626124397532,徘徊:0.981552 | 衰弱:0.975362 | 衰退:0.944599 | 陷入:0.935786 | 崩溃:0.928373 | 消失:0.910275 | 倒闭:0.907730 | 瘫痪:0.887535 | 丧失:0.881447 | 迷失:0.876728 | 没落:0.875687 | 萧条:0.836988,爆发:0.329654 | 危机:0.266223 | 衰减:0.259638 | 减弱:0.259034 | 缩水:0.222926 | 攀升:0.216727 | 收缩:0.209628 | 升高:0.204935
167,40,0.34989154123288646,0.0271839049244331,0.25,欢呼 | 掌声 | 喝彩 | 热烈 | 赞叹 | 笑声 | 如醉如痴 | 振奋 | 鼓掌 | 惊叹 | 哄堂大笑 | 欢声笑语,踊跃 | 爱不释手 | 感染力 | 惊叹 | 耳目一新 | 满怀 | 赞叹 | 气氛,踊跃 | 哄堂大笑 | 赞不绝口 | 笑声 | 陶醉 | 满怀 | 鼓掌 | 呼声 | 经久不息 | 震撼 | 惊叹 | 感染力,欢呼 | 掌声 | 喝彩 | 热烈 | 赞叹 | 笑声 | 如醉如痴 | 振奋 | 鼓掌 | 惊叹 | 哄堂大笑 | 欢声笑语 | 经久不息 | 叫好 | 喜悦 | 洋溢 | 赞叹不已 | 沸腾 | 歌声 | 热情 | 陶醉 | 共鸣 | 哗然 | 激情 | 呐喊 | 兴高采烈 | 震撼 | 赞不绝口 | 反响 | 感染力 | 耳目一新 | 满怀 | 鼓舞 | 兴致 | 踊跃 | 络绎不绝 | 气氛 | 爱不释手 | 爆满 | 呼声,43.83119944028431,0.8603381995711015,0.12122642772426444,热烈:0.988248 | 踊跃:0.983127 | 赞叹不已:0.978426 | 振奋:0.974451 | 如醉如痴:0.969921 | 欢呼:0.969533 | 喝彩:0.961603 | 赞不绝口:0.957077 | 掌声:0.952872 | 热情:0.950151 | 气氛:0.943691 | 经久不息:0.942597,不已:0.420398 | 感动:0.377159 | 好评:0.374709 | 感叹:0.252989 | 前仰后合:0.245039 | 兴奋:0.213687 | 助威:0.189775 | 氛围:0.177595
168,30,0.33419590129765536,0.05502809307843646,0.16666666666666666,着眼于 | 着力 | 注重 | 着眼 | 立足 | 围绕 | 着重 | 侧重 | 结合 | 瞄准 | 依托 | 牢牢,深化 | 打造 | 兼顾 | 锁定 | 深入 | 紧密 | 顺应 | 密切,瞄准 | 抓住 | 致力于 | 着重 | 借助 | 着眼于 | 专注 | 定位 | 着眼 | 结合 | 围绕 | 密切,着眼于 | 着力 | 注重 | 着眼 | 立足 | 围绕 | 着重 | 侧重 | 结合 | 瞄准 | 依托 | 牢牢 | 专注 | 致力于 | 顺应 | 抓住 | 把握 | 深化 | 借助 | 贴近 | 密切 | 紧密 | 重点 | 兼顾 | 打造 | 深入 | 定位 | 运用 | 入手 | 锁定,34.97211490518915,0.45288795048095515,0.4419721695497566,牢牢:0.929036 | 抓住:0.892392 | 注重:0.856535 | 瞄准:0.815677 | 着眼:0.797943 | 致力于:0.795812 | 密切:0.777365 | 着眼于:0.770262 | 专注:0.722967 | 着力:0.693943 | 把握:0.684982 | 打造:0.508716,构建:0.287425 | 加强:0.183311 | 掌握:0.179037 | 强化:0.177272 | 推进:0.143323 | 拓展:0.127909 | 开拓:0.126494 | 贯穿:0.126180
169,34,0.32702131996986994,0.04857937644883119,0.23529411764705882,主张 | 呼吁 | 强调 | 坚信 | 重申 | 倡导 | 提倡 | 声称 | 宣称 | 提出 | 认为 | 赞成,拥护 | 借鉴 | 鼓励 | 效仿 | 反对 | 同意 | 决定 | 考虑,考虑 | 标榜 | 表示 | 认为 | 提倡 | 倡导 | 重申 | 借鉴 | 深信 | 反对 | 鼓励 | 寻求,主张 | 呼吁 | 强调 | 坚信 | 重申 | 倡导 | 提倡 | 声称 | 宣称 | 提出 | 认为 | 赞成 | 深信 | 提议 | 表示 | 号召 | 指出 | 反对 | 宣扬 | 确信 | 倡议 | 建议 | 谋求 | 标榜 | 鼓励 | 同意 | 寻求 | 考虑 | 决定 | 拥护 | 尝试 | 选择 | 效仿 | 借鉴,38.86473034428008,0.6592718233909763,0.2807231923797022,提倡:0.959831 | 宣称:0.957222 | 标榜:0.944833 | 坚信:0.931289 | 主张:0.927335 | 倡导:0.912442 | 深信:0.907215 | 赞成:0.903635 | 呼吁:0.902585 | 声称:0.900075 | 寻求:0.896391 | 号召:0.873909,赞同:0.355759 | 敦促:0.355216 | 相信:0.299923 | 承认:0.288498 | 采纳:0.189998 | 支持:0.151208 | 响应:0.149378 | 遵循:0.139871
170,63,0.3684065267161014,0.037470886502067126,0.30158730158730157,敬重 | 敬佩 | 钦佩 | 感激 | 尊敬 | 赞许 | 赞赏 | 同情 | 赞扬 | 佩服 | 信任 | 怜惜,自豪 | 顾及 | 放心 | 骄傲 | 在意 | 荣幸 | 同感 | 呵护,赞赏 | 看中 | 关心 | 深切 | 好意 | 放心 | 宠爱 | 满意 | 认同 | 敬佩 | 骄傲 | 感激,敬重 | 敬佩 | 钦佩 | 感激 | 尊敬 | 赞许 | 赞赏 | 同情 | 赞扬 | 佩服 | 信任 | 怜惜 | 敬意 | 尊重 | 衷心 | 信赖 | 称赞 | 赞美 | 感动 | 关心 | 夸奖 | 认同 | 珍视 | 认可 | 喜爱 | 由衷 | 爱护 | 体谅 | 好感 | 重视 | 赞同 | 好意 | 关怀 | 崇拜 | 爱惜 | 宠爱 | 敬爱 | 看重 | 自豪 | 骄傲 | 珍惜 | 满意 | 同感 | 珍重 | 深切 | 表扬 | 在乎 | 在意 | 好评 | 瞩目 | 关注 | 欢迎 | 荣幸 | 打动 | 看好 | 呵护 | 支持 | 放心 | 深深 | 鞭策 | 感兴趣 | 看中 | 顾及,59.772692497753454,0.7515082272413864,0.17876790047274954,敬重:0.994322 | 尊敬:0.987972 | 信赖:0.979530 | 赞赏:0.977656 | 钦佩:0.973882 | 赞扬:0.973526 | 敬佩:0.971297 | 赞许:0.964400 | 爱惜:0.962820 | 关心:0.961066 | 信任:0.957863 | 爱护:0.955580,歉意:0.327972 | 热爱:0.303356 | 谅解:0.257613 | 拥护:0.248560 | 羡慕:0.248389 | 忠心:0.226004 | 值得:0.191721 | 期待:0.154230
171,57,0.34742380057670347,0.05478538220723553,0.2982456140350877,柳树 | 松树 | 树叶 | 树枝 | 槐树 | 柏树 | 叶子 | 桃树 | 树梢 | 竹子 | 棵 | 树木,炮 | 坑 | 天鹅 | 船桨 | 公鸡 | 渣子 | 铃 | 鸽子,柏树 | 根 | 颗 | 桃树 | 风筝 | 朵 | 株 | 柳树 | 禾苗 | 帆 | 铃 | 仙鹤,柳树 | 松树 | 树叶 | 树枝 | 槐树 | 柏树 | 叶子 | 桃树 | 树梢 | 竹子 | 棵 | 树木 | 杨树 | 树 | 竹竿 | 荷花 | 石头 | 泥土 | 花瓣 | 枝 | 木头 | 草 | 株 | 茎 | 燕子 | 禾苗 | 小溪 | 鸽子 | 芦花 | 仙鹤 | 大雁 | 梅花 | 庄稼 | 公鸡 | 桃花 | 沙子 | 牡丹 | 灯笼 | 稻草 | 荆棘 | 翅膀 | 根 | 风筝 | 贝壳 | 雪 | 船桨 | 渣子 | 天鹅 | 金子 | 骏马 | 朵 | 锈 | 铃 | 颗 | 帆 | 坑 | 炮,91.61705153489235,0.5247146985889172,0.3043904620820358,树枝:0.920308 | 柳树:0.918386 | 树叶:0.918026 | 松树:0.886048 | 柏树:0.882992 | 桃树:0.865716 | 槐树:0.859795 | 竹子:0.856385 | 棵:0.827382 | 树梢:0.803214 | 叶子:0.798130 | 泥土:0.797564,池塘:0.332493 | 虫子:0.312419 | 果实:0.286508 | 蜜蜂:0.280760 | 山冈:0.265864 | 泥:0.259439 | 芽:0.259362 | 岩石:0.253344
172,31,0.3817777794296488,0.056388026414840905,0.12903225806451613,小偷儿 | 蠢 | 傻 | 笨蛋 | 鬼 | 疯子 | 贼 | 家伙 | 流氓 | 妖怪 | 坏人 | 傻瓜,个头儿 | 瞎 | 有两下子 | 个儿 | 酷 | 杀手 | 狠 | 恶,家伙 | 贼 | 帅 | 鬼 | 魔鬼 | 逗 | 傻 | 小丑 | 酷 | 流氓 | 小偷儿 | 杀手,小偷儿 | 蠢 | 傻 | 笨蛋 | 鬼 | 疯子 | 贼 | 家伙 | 流氓 | 妖怪 | 坏人 | 傻瓜 | 小人 | 贱 | 逗 | 怪 | 逼 | 小丑 | 恶 | 凶 | 帅 | 巫婆 | 瞎 | 魔鬼 | 有两下子 | 狠 | 个儿 | 个头儿 | 无敌 | 杀手 | 酷,37.10762149707713,0.6259144624066091,0.2848270970913229,笨蛋:0.891668 | 凶:0.882683 | 小偷儿:0.857856 | 家伙:0.847824 | 贼:0.847770 | 坏人:0.827047 | 傻:0.823269 | 疯子:0.820799 | 鬼:0.796692 | 傻瓜:0.774295 | 流氓:0.756460 | 蠢:0.746122,笨:0.415972 | 胆子:0.292282 | 阎王:0.219357 | 狂:0.211685 | 黑心:0.199124 | 丑:0.196358 | 狼:0.192940 | 骗子:0.186247
173,26,0.401412655565877,0.17447071772988448,0.0,上涨 | 下跌 | 涨 | 上升 | 回落 | 回升 | 飙升 | 攀升 | 跌 | 反弹 | 增长 | 升值,供求 | 板块 | 幅度 | 翻番 | 减 | 变动 | 缩水 | 涨价,供求 | 回升 | 上升 | 增 | 板块 | 回落 | 降 | 上涨 | 升值 | 下跌 | 贬值 | 跌,上涨 | 下跌 | 涨 | 上升 | 回落 | 回升 | 飙升 | 攀升 | 跌 | 反弹 | 增长 | 升值 | 下调 | 贬值 | 上调 | 升 | 缩水 | 涨价 | 降 | 翻番 | 幅度 | 增 | 变动 | 减 | 板块 | 供求,43.919507682267984,0.2439211107337957,0.5798401001044946,跌:0.642292 | 涨:0.564284 | 飙升:0.481618 | 攀升:0.386140 | 上涨:0.369148 | 上升:0.335313 | 下跌:0.330113 | 回落:0.293057 | 下降:0.250883 | 缩水:0.243011 | 贬值:0.239601 | 增长:0.227632,下降:0.250883 | 波动:0.142152 | 美元:0.110398 | 水涨船高:0.104065 | 亏损:0.095973 | 调整:0.093789 | 扩张:0.089154 | 价:0.088468
174,38,0.2626548190754488,-0.02238994364462408,0.6842105263157895,寄 | 送 | 赠 | 捐 | 赐 | 献 | 交 | 缴 | 订 | 付 | 验 | 认,送给 | 辩 | 关 | 赠送 | 送 | 催 | 判 | 定做,发 | 选 | 判 | 审 | 送 | 借 | 赠 | 附 | 归 | 交 | 求 | 签,寄 | 送 | 赠 | 捐 | 赐 | 献 | 交 | 缴 | 订 | 付 | 验 | 认 | 判 | 审 | 征 | 赎 | 求 | 讨 | 催 | 送给 | 赠送 | 告 | 发 | 录 | 选 | 签 | 存 | 定 | 借 | 评 | 附 | 辩 | 定做 | 筹 | 免 | 封 | 归 | 关,32.971992234440435,0.5073493066580608,0.42262635155998945,赠:0.990867 | 赠送:0.984109 | 送给:0.972202 | 催:0.962344 | 献:0.946662 | 捐:0.941628 | 寄:0.910914 | 送:0.900747 | 审:0.848909 | 订:0.837373 | 赐:0.823830 | 告:0.740029,取:0.231147 | 查:0.170248 | 领:0.153375 | 收:0.141210 | 罚:0.139664 | 押:0.138164 | 裁:0.124844 | 托:0.116702
175,54,0.2719562225123384,-0.01709009768425559,0.6481481481481481,相连 | 衔接 | 重叠 | 摆动 | 连接 | 贯通 | 转动 | 旋转 | 弯曲 | 重合 | 相通 | 相辅相成,跳跃 | 间隙 | 过渡 | 打通 | 静止 | 跳动 | 延伸 | 直线,间隙 | 转换 | 转动 | 相辅相成 | 静止 | 互补 | 靠拢 | 重叠 | 摇摆 | 呼应 | 滚动 | 投射,相连 | 衔接 | 重叠 | 摆动 | 连接 | 贯通 | 转动 | 旋转 | 弯曲 | 重合 | 相通 | 相辅相成 | 交叉 | 并行 | 隔开 | 横向 | 融合 | 伸缩 | 交替 | 倾斜 | 呼应 | 互补 | 跳跃 | 分开 | 分离 | 延伸 | 排列 | 对称 | 起伏 | 同步 | 分割 | 摇摆 | 兼容 | 双向 | 跳动 | 变换 | 转换 | 运转 | 接轨 | 靠拢 | 静止 | 打通 | 纽带 | 曲线 | 滚动 | 直线 | 上下 | 一体 | 空隙 | 隔离 | 投射 | 间 | 过渡 | 间隙,42.18945432990216,0.539164663059493,0.41136742755819733,摆动:0.992875 | 相通:0.992557 | 转动:0.985349 | 相连:0.984043 | 旋转:0.978295 | 隔开:0.968652 | 贯通:0.966604 | 空隙:0.927012 | 跳跃:0.912501 | 连接:0.905735 | 摇摆:0.856176 | 衔接:0.854223,摇晃:0.391712 | 之间:0.226618 | 下坠:0.216048 | 间隔:0.192686 | 错位:0.151663 | 环绕:0.148738 | 汇合:0.139562 | 平面:0.128673
176,15,0.3088160979962924,0.04398196478342743,0.26666666666666666,新式 | 新型 | 小型 | 常规 | 简易 | 大型 | 传统 | 正规 | 多功能 | 廉价 | 普通 | 旧,普通 | 少量 | 革新 | 常规 | 专用 | 廉价 | 旧 | 传统,正规 | 新型 | 传统 | 常规 | 旧 | 革新 | 简易 | 少量 | 专用 | 大型 | 小型 | 廉价,新式 | 新型 | 小型 | 常规 | 简易 | 大型 | 传统 | 正规 | 多功能 | 廉价 | 普通 | 旧 | 专用 | 革新 | 少量,21.055770783018325,0.47833975106518983,0.4721135862264455,简易:0.962183 | 新式:0.908740 | 旧:0.876959 | 廉价:0.876508 | 传统:0.804621 | 正规:0.655044 | 革新:0.497142 | 小型:0.352734 | 常规:0.324930 | 普通:0.319801 | 新型:0.201852 | 大型:0.126520,多余:0.124581 | 现成:0.121373 | 先进:0.107396 | 单一:0.098268 | 现代:0.088674 | 特殊:0.086650 | 轻型:0.081121 | 低价:0.075218
177,43,0.30641010318979656,-0.006569081429844988,0.6046511627906976,尽快 | 尽早 | 切实 | 及早 | 加快 | 积极 | 抓紧 | 加强 | 适时 | 大力 | 及时 | 加紧,一鼓作气 | 强化 | 保障 | 加快 | 双赢 | 有助于 | 果断 | 率先,提早 | 成功 | 保障 | 彻底 | 及早 | 搞好 | 顺势 | 携手 | 进一步 | 一鼓作气 | 联手 | 抓紧,尽快 | 尽早 | 切实 | 及早 | 加快 | 积极 | 抓紧 | 加强 | 适时 | 大力 | 及时 | 加紧 | 进一步 | 早日 | 迅速 | 力争 | 有利于 | 全面 | 力求 | 确保 | 强化 | 有助于 | 率先 | 争取 | 快速 | 提早 | 巩固 | 全方位 | 搞好 | 携手 | 彻底 | 旨在 | 主动 | 联手 | 着手 | 共同 | 一鼓作气 | 保证 | 顺势 | 果断 | 保障 | 成功 | 双赢,46.99055113083825,0.5654939259841228,0.35100946851977916,抓紧:0.978157 | 及早:0.971648 | 携手:0.959737 | 尽早:0.940769 | 尽快:0.932074 | 加紧:0.923503 | 联手:0.902081 | 早日:0.875832 | 及时:0.836920 | 力争:0.828982 | 切实:0.809778 | 争取:0.791575,全力:0.420400 | 着重:0.308585 | 着力:0.251359 | 逐步:0.190595 | 以便:0.182768 | 加速:0.178999 | 下决心:0.168492 | 本着:0.167097
178,75,0.3204365944397917,0.024174907686530713,0.30666666666666664,歼灭 | 侵略 | 摧毁 | 抵抗 | 打败 | 消灭 | 进攻 | 攻击 | 占领 | 统治 | 反击 | 敌人,邻国 | 压制 | 伸张 | 压迫 | 斗争 | 奴隶 | 夺取 | 袭击,核武器 | 驱逐 | 投降 | 屠杀 | 抵抗 | 战场 | 统治 | 摧毁 | 消灭 | 邻国 | 帝国 | 打倒,歼灭 | 侵略 | 摧毁 | 抵抗 | 打败 | 消灭 | 进攻 | 攻击 | 占领 | 统治 | 反击 | 敌人 | 屠杀 | 入侵 | 毁灭 | 武力 | 袭击 | 对付 | 打倒 | 牵制 | 战争 | 保卫 | 压迫 | 帝国主义 | 灭亡 | 战斗 | 作战 | 威慑 | 势力 | 封锁 | 武装 | 征服 | 包围 | 轰炸 | 防御 | 政权 | 推翻 | 投降 | 夺取 | 粉碎 | 自卫 | 收复 | 驱逐 | 斗争 | 抵御 | 堡垒 | 防卫 | 领土 | 捍卫 | 抵挡 | 分裂 | 战胜 | 武器 | 压倒 | 发动 | 核武器 | 主宰 | 解放 | 切断 | 压制 | 俘获 | 复活 | 战场 | 支配 | 平息 | 防守 | 颠覆 | 灭绝 | 挑起 | 奴隶 | 帝国 | 冷战 | 反 | 邻国 | 伸张,67.6911357838131,0.6390448220919441,0.276947645438185,打败:0.991950 | 摧毁:0.988302 | 消灭:0.967834 | 歼灭:0.965410 | 毁灭:0.960769 | 对付:0.953828 | 夺取:0.950554 | 进攻:0.950262 | 防御:0.947583 | 灭亡:0.947398 | 战胜:0.931280 | 占领:0.927004,对抗:0.432774 | 反抗:0.390206 | 瓜分:0.318463 | 阻挡:0.314855 | 军队:0.252583 | 打击:0.246570 | 战术:0.229414 | 施压:0.226568
179,904,0.2106080702976656,-0.10910193971773573,0.9789823008849557,就算 | 也许 | 毕竟 | 不然 | 当然 | 难道 | 要不然 | 可是 | 其实 | 反正 | 何况 | 要是,越来越 | 更加 | 从而 | 极为 | 十分 | 往日 | 虽 | 尚,当然 | 大伙儿 | 被动 | 首先 | 真心 | 呢 | 无论如何 | 在于 | 后天 | 一经 | 所谓 | 一旦,就算 | 也许 | 毕竟 | 不然 | 当然 | 难道 | 要不然 | 可是 | 其实 | 反正 | 何况 | 要是 | 要不 | 别说 | 好像 | 只不过 | 那么 | 但是 | 真的 | 说不定 | 再说 | 恐怕 | 好歹 | 你 | 唉 | 倒是 | 是不是 | 觉得 | 没准儿 | 确实 | 说实话 | 所以 | 那 | 说真的 | 也 | 既然 | 的确 | 他 | 似乎 | 怎么 | 只是 | 哪怕 | 因为 | 纵然 | 不过 | 况且 | 说不上 | 我 | 怕 | 本来 | 明明 | 虽说 | 不见得 | 你们 | 看样子 | 有时候 | 或许 | 肯定 | 偏偏 | 都 | 反倒 | 哎 | 如果 | 起码 | 嘛 | 而且 | 知道 | 当真 | 顶多 | 终究 | 虽然 | 那时候 | 不光 | 就 | 固然 | 不管 | 人家 | 按说 | 说白了 | 非得 | 实际上 | 说到底 | 显然 | 这会儿 | 没错 | 应该 | 他们 | 按理说 | 实在 | 果然 | 未必 | 可不是 | 不用说 | 不一定 | 啊 | 怪不得 | 即使 | 没 | 它 | 哈哈 | 现在 | 照样 | 哎呀 | 简直 | 不如说 | 那时 | 总之 | 可惜 | 谁 | 还是 | 只要 | 但 | 居然 | 幸好 | 就是 | 这么 | 感觉 | 想 | 却 | 要么 | 不要紧 | 即便 | 竟然 | 好在 | 晓得 | 没法儿 | 咱 | 要不是 | 何必 | 然而 | 为什么 | 一点儿 | 这时候 | 可能 | 多半 | 大概 | 呀 | 就是说 | 很难说 | 什么 | 好比 | 没想到 | 无非 | 反而 | 咱们 | 没什么 | 生怕 | 如果说 | 谈不上 | 以为 | 这样 | 难怪 | 莫非 | 用不着 | 何苦 | 假如 | 幸亏 | 果真 | 到头来 | 倘若 | 没关系 | 没事儿 | 至于 | 往往 | 无论如何 | 挺好 | 必定 | 免得 | 基本上 | 干吗 | 真心 | 迟早 | 后来 | 不知 | 不用 | 没有 | 难说 | 唯独 | 从来 | 未免 | 离谱儿 | 巴不得 | 好说 | 恰恰 | 算是 | 敢情 | 看起来 | 说老实话 | 不要 | 说 | 全都 | 才 | 很 | 真 | 玩意儿 | 不至于 | 根本 | 好多 | 不算 | 也好 | 早就 | 相信 | 比起 | 这 | 而是 | 但愿 | 否则 | 假使 | 事实上 | 不仅仅 | 甚至于 | 恰恰相反 | 譬如说 | 那会儿 | 看似 | 本身 | 别人 | 有没有 | 不在乎 | 必然 | 没说的 | 然后 | 想不到 | 从来不 | 究竟 | 据说 | 只能 | 是 | 除非 | 总而言之 | 那些 | 同样 | 甚至 | 呢 | 不怎么 | 没用 | 总是 | 仅仅 | 着实 | 活该 | 比如说 | 差不多 | 看来 | 我们 | 用得着 | 总的来说 | 于是 | 那样 | 一样 | 以前 | 像 | 绝对 | 不但 | 够 | 还 | 无所谓 | 吧 | 看得出 | 估计 | 却是 | 几乎 | 稍微 | 罢了 | 归根到底 | 哪 | 原来 | 完全 | 自己 | 至少 | 不仅 | 要 | 跟 | 因此 | 别 | 如今 | 不 | 有人 | 不必 | 当时 | 到底 | 指望 | 永远 | 一旦 | 总算 | 干什么 | 拜托 | 别的 | 只有 | 真正 | 并非 | 动不动 | 再也 | 不如 | 相反 | 吗 | 多么 | 或是 | 懒得 | 当初 | 多少 | 一般来说 | 就要 | 刚才 | 让 | 而 | 尤其 | 除了 | 无论 | 尽管 | 一不小心 | 对于 | 算 | 大多 | 怎么办 | 看上去 | 或者 | 自然而然 | 反过来 | 容易 | 刚好 | 首先 | 它们 | 也就是说 | 这些 | 以后 | 之所以 | 又 | 嘿 | 这样一来 | 哪儿 | 比如 | 更 | 一般 | 从没 | 注定 | 还有 | 比不上 | 休想 | 时候 | 有的 | 脑子 | 一辈子 | 如此 | 当 | 好久 | 不能不 | 并且 | 会 | 正好 | 慢慢来 | 怎么样 | 丝毫 | 不对 | 通常 | 特别 | 换言之 | 原本 | 的话 | 以至于 | 免不了 | 所谓 | 要紧 | 自然 | 如同 | 不止 | 不论 | 办不到 | 可以 | 譬如 | 抛开 | 一定 | 因而 | 或多或少 | 相对而言 | 哇 | 不像话 | 既 | 大多数 | 再 | 太 | 得 | 理所当然 | 一方面 | 眼里 | 凑合 | 无疑 | 比较 | 哪里 | 统统 | 东西 | 不曾 | 恰好 | 做梦 | 将来 | 似的 | 都会 | 大部分 | 好 | 比方 | 虽 | 直到 | 够呛 | 曾经 | 能 | 连 | 今天 | 俗话说 | 可见 | 早已 | 怎样 | 绝 | 正是 | 实话实说 | 才能 | 而已 | 接下来 | 不难 | 对得起 | 大伙儿 | 大体上 | 不得了 | 上头 | 必须 | 之前 | 已经 | 见仁见智 | 这就是说 | 显而易见 | 不够 | 无可厚非 | 终于 | 嫌 | 奢望 | 万一 | 为何 | 无形中 | 是否 | 毫无 | 大都 | 可想而知 | 豁出去 | 需要 | 把 | 无关紧要 | 另外 | 不怎么样 | 能够 | 请问 | 不妨 | 眼下 | 算了 | 不再 | 最好 | 挺 | 起初 | 剩下 | 过去 | 什么样 | 有 | 眼看 | 天经地义 | 乱七八糟 | 非常 | 可谓 | 绝大多数 | 向来 | 了却 | 过不去 | 越来越 | 一些 | 远远 | 最后 | 意味着 | 若 | 足够 | 诸如此类 | 相比之下 | 些 | 无法 | 看成 | 加上 | 从此 | 正如 | 多久 | 由此看来 | 有朝一日 | 便是 | 往后 | 想象 | 一时 | 懂 | 得不偿失 | 凡是 | 众所周知 | 其次 | 之类 | 从前 | 结果 | 要强 | 岂有此理 | 许多 | 猜 | 蛮 | 人们 | 通通 | 另一方面 | 勉强 | 当成 | 轻而易举 | 白白 | 为了 | 一塌糊涂 | 一概而论 | 之后 | 靠 | 当下 | 任何 | 一概 | 且 | 出来 | 过 | 由此可见 | 颇 | 等到 | 前者 | 难得 | 要好 | 俗话 | 一向 | 如何 | 变成 | 张扬 | 不成 | 相当 | 得了 | 足以 | 几 | 缺少 | 离不开 | 只 | 不得而知 | 不易 | 留神 | 给 | 当年 | 因人而异 | 开始 | 不少 | 好家伙 | 当心 | 在于 | 早晚 | 等于 | 不亚于 | 面对 | 取决于 | 难以 | 暂时 | 少不了 | 更是 | 看出 | 来 | 不可避免 | 自从 | 做到 | 有的是 | 无足轻重 | 对 | 归结 | 美中不足 | 每当 | 纵观 | 做 | 用 | 一切 | 能否 | 除此之外 | 例如 | 从未 | 与否 | 必要 | 使得 | 最初 | 当作 | 起来 | 多数 | 万万 | 取而代之 | 由于 | 分明 | 缺乏 | 看得见 | 比 | 不大 | 大体 | 看作 | 莫过于 | 整个 | 原先 | 多 | 最终 | 可 | 值得 | 答 | 综上所述 | 微不足道 | 一半 | 一部分 | 有事 | 难 | 从今以后 | 以往 | 顺其自然 | 形容 | 十分 | 属于 | 并 | 使 | 背后 | 哪些 | 大约 | 少有 | 了 | 更加 | 迟迟 | 的 | 唯一 | 当中 | 何时 | 一干二净 | 越 | 是非 | 后者 | 所有 | 则 | 不久 | 事后 | 种种 | 直接 | 像样 | 不容 | 过早 | 同时 | 自始至终 | 相比 | 关键 | 千万 | 目前 | 最 | 方方面面 | 全世界 | 着 | 皆 | 从而 | 一无所知 | 大致 | 有着 | 出于 | 由此 | 后期 | 与其 | 迄今为止 | 鉴于 | 今后 | 上次 | 正常 | 长久 | 如 | 另 | 用来 | 被 | 比喻 | 大包大揽 | 多余 | 往日 | 和 | 出头 | 程度 | 之外 | 至今 | 先前 | 国外 | 主 | 潜移默化 | 历来 | 必 | 近来 | 作为 | 其他 | 未来 | 自称 | 此后 | 限于 | 后天 | 大大 | 一毛不拔 | 成问题 | 存在 | 长远 | 上 | 放到 | 极 | 基本 | 永不 | 日后 | 几率 | 多年来 | 与此同时 | 留下 | 将要 | 种 | 全部 | 快 | 远离 | 至此 | 待 | 不定 | 叫作 | 此外 | 在 | 凭 | 多年 | 变 | 舍得 | 经过 | 自身 | 唯 | 迄今 | 极为 | 以外 | 为此 | 首要 | 外界 | 方面 | 之下 | 即 | 过奖 | 时刻 | 其中 | 正当 | 呼风唤雨 | 主要 | 到 | 特例 | 久违 | 其余 | 长期 | 早期 | 初期 | 何处 | 一 | 遍 | 或 | 时 | 底层 | 逊色 | 诸多 | 有待 | 长期以来 | 个人 | 受过 | 个别 | 理想 | 仅 | 视为 | 两 | 乃至 | 随着 | 直至 | 必需 | 跟上 | 令 | 从 | 源于 | 昔日 | 少数 | 之内 | 天下 | 全 | 人手 | 尚未 | 各个 | 得益于 | 勿 | 敬请 | 亡羊补牢 | 时代 | 无形 | 深受 | 得以 | 半数 | 该 | 一经 | 以及 | 针对 | 一番 | 尽 | 如一 | 第二 | 据悉 | 出 | 前后 | 过往 | 时期 | 点 | 多方面 | 个 | 具有 | 当前 | 近年来 | 接近 | 其后 | 国内 | 无 | 股市 | 后 | 总 | 下 | 此 | 已 | 成 | 稍候 | 部分 | 正 | 年代 | 从中 | 性 | 据 | 被动 | 短暂 | 潜在 | 备受 | 除 | 所 | 为止 | 十 | 称作 | 尚 | 准 | 未 | 其间 | 二 | 集体 | 成功率 | 内部 | 来源于 | 正面 | 各自 | 称为 | 一系列 | 双重 | 来自 | 一一 | 分散 | 其 | 步 | 每 | 外部 | 透过 | 联想 | 等 | 请进 | 指 | 指向 | 附带 | 与 | 间接 | 广义 | 三 | 自 | 非 | 四 | 自主 | 原有 | 初步 | 某 | 若干 | 记者 | 变为 | 中 | 初次 | 外 | 起 | 除外 | 作 | 永久 | 以 | 乙 | 属 | 来源 | 集中 | 集合 | 第 | 式 | 以下 | 为主 | 零 | 及其 | 依次 | 由 | 致 | 为 | 于 | 参见,533.1993487465742,0.44678641633028693,0.43456542279575733,别说:0.857827 | 反正:0.853926 | 说实话:0.849153 | 说真的:0.849046 | 好歹:0.848852 | 真的:0.843664 | 说不上:0.835320 | 没准儿:0.831904 | 要是:0.831643 | 难道:0.829634 | 要不然:0.824503 | 其实:0.817806,难免:0.425588 | 势必:0.392483 | 有时:0.379934 | 不行:0.370611 | 以免:0.356886 | 料到:0.353303 | 此时:0.351240 | 转眼:0.344321
180,42,0.29026126921929346,0.005505339744289298,0.47619047619047616,榜样 | 斗志 | 威信 | 志气 | 旗帜 | 楷模 | 声誉 | 荣誉 | 决心 | 劲头 | 声望 | 信心,觉悟 | 事业 | 担子 | 威风 | 标语 | 决心 | 宗旨 | 光环,事业 | 重任 | 积极性 | 功劳 | 后盾 | 决心 | 力量 | 声望 | 口号 | 使命 | 行列 | 头衔,榜样 | 斗志 | 威信 | 志气 | 旗帜 | 楷模 | 声誉 | 荣誉 | 决心 | 劲头 | 声望 | 信心 | 士气 | 使命 | 信誉 | 重任 | 表率 | 功劳 | 典范 | 地位 | 称号 | 威风 | 觉悟 | 脊梁 | 成就 | 宗旨 | 力量 | 积极性 | 头衔 | 口号 | 后盾 | 座右铭 | 前途 | 行列 | 功臣 | 招牌 | 名誉 | 生命线 | 担子 | 光环 | 事业 | 标语,40.96853257024307,0.6317124229463792,0.31924779561470473,旗帜:0.959742 | 士气:0.948085 | 斗志:0.931787 | 劲头:0.923913 | 志气:0.922151 | 荣誉:0.918231 | 头衔:0.901081 | 口号:0.895911 | 重任:0.888643 | 招牌:0.885640 | 威风:0.840135 | 榜样:0.827066,名声:0.291461 | 信念:0.201485 | 责任感:0.185687 | 模范:0.181764 | 抱负:0.170335 | 建树:0.164854 | 方针:0.152583 | 纲领:0.150586
181,10,0.3334333564070448,0.05480417221638737,0.2,冷 | 暖 | 淡 | 浓 | 热 | 旺 | 静 | 久 | 散 | 潮,潮 | 散 | 静 | 久 | 浓 | 冷 | 热 | 淡,潮 | 热 | 久 | 冷 | 静 | 淡 | 暖 | 浓 | 散 | 旺,冷 | 暖 | 淡 | 浓 | 热 | 旺 | 静 | 久 | 散 | 潮,23.368019262020372,0.528940832511322,0.3646311533365173,暖:0.973567 | 冷:0.792357 | 浓:0.744292 | 热:0.726197 | 淡:0.676925 | 旺:0.462101 | 潮:0.335770 | 静:0.252050 | 凉:0.185189 | 久:0.182411 | 火:0.147007 | 散:0.143738,凉:0.185189 | 火:0.147007 | 紧:0.122538 | 透:0.116468 | 缓:0.114868 | 润:0.104771 | 消:0.102365 | 清:0.098869
182,22,0.32714021731565185,0.0318416416899798,0.22727272727272727,规定 | 允许 | 禁止 | 准许 | 遵守 | 限制 | 限定 | 依照 | 合法 | 规范 | 依法 | 容许,自愿 | 名义 | 履行 | 依 | 要求 | 遵循 | 现行 | 规范,限定 | 严禁 | 遵循 | 要求 | 依照 | 履行 | 限制 | 名义 | 现行 | 规范 | 合法 | 依法,规定 | 允许 | 禁止 | 准许 | 遵守 | 限制 | 限定 | 依照 | 合法 | 规范 | 依法 | 容许 | 严禁 | 强制 | 遵循 | 约定 | 要求 | 履行 | 自愿 | 现行 | 依 | 名义,30.19947184387174,0.4801837023237807,0.4300356344629432,禁止:0.907453 | 准许:0.878677 | 合法:0.844399 | 允许:0.821073 | 强制:0.808531 | 依法:0.784012 | 自愿:0.778989 | 容许:0.635770 | 遵守:0.597198 | 依照:0.538874 | 严禁:0.515726 | 规定:0.386384,遵照:0.263922 | 实行:0.238742 | 无条件:0.193408 | 采取:0.164979 | 依据:0.159749 | 按照:0.158705 | 不予:0.147692 | 予以:0.127294
183,0,,,,,,,,4.410053400251762e-6,,,需求:0.000000 | 指标:0.000000 | 体系:0.000000 | 目标:0.000000 | 资源:0.000000 | 进度:0.000000 | 转型:0.000000 | 比例:0.000000 | 结构:0.000000 | 幅度:0.000000 | 要素:0.000000 | 低于:0.000000,
184,77,0.2777589899852778,-0.04959441431071857,0.8311688311688312,增大 | 加剧 | 减弱 | 降低 | 缓解 | 增加 | 减少 | 加重 | 抑制 | 抵消 | 减轻 | 下降,冲击 | 牵涉 | 下降 | 逼近 | 导致 | 突破 | 牵扯 | 转变,紧缩 | 牵扯 | 饱和 | 引发 | 加剧 | 提高 | 转向 | 供给 | 波及 | 加深 | 消化 | 缩小,增大 | 加剧 | 减弱 | 降低 | 缓解 | 增加 | 减少 | 加重 | 抑制 | 抵消 | 减轻 | 下降 | 改善 | 影响 | 提高 | 收缩 | 缩小 | 缓和 | 扩大 | 导致 | 激化 | 扭转 | 挤压 | 升高 | 拖累 | 衰减 | 压缩 | 延缓 | 造成 | 刺激 | 放大 | 引发 | 加深 | 释放 | 紧缩 | 制约 | 波及 | 弥补 | 冲击 | 降温 | 调整 | 扩张 | 引起 | 过剩 | 消化 | 受到 | 过度 | 产生 | 分化 | 调节 | 超出 | 透支 | 大于 | 平衡 | 达到 | 调控 | 起到 | 小于 | 修正 | 供给 | 饱和 | 转变 | 推移 | 转移 | 支撑 | 逼近 | 牵扯 | 突破 | 转向 | 松绑 | 刷新 | 局部 | 受 | 了结 | 受益 | 牵涉 | 卷入,64.77318165895312,0.38150212603195166,0.5039103516788949,牵扯:0.947776 | 拖累:0.895041 | 加重:0.877505 | 缓解:0.856926 | 引发:0.843584 | 抵消:0.840889 | 牵涉:0.817155 | 挤压:0.816335 | 引起:0.796719 | 减轻:0.752396 | 刺激:0.732293 | 波及:0.723363,削弱:0.321342 | 诱发:0.296547 | 好转:0.282213 | 缩水:0.223893 | 带来:0.219802 | 上升:0.212736 | 回升:0.212379 | 压制:0.203912
185,13,0.4469606261408219,0.20188006710022346,0.07692307692307693,转弯 | 拐弯 | 刹车 | 车速 | 减速 | 超车 | 急转弯 | 超速 | 倒车 | 红灯 | 绿灯 | 速度,速度 | 超车 | 惯性 | 急转弯 | 倒车 | 减速 | 绿灯 | 拐弯,速度 | 倒车 | 超速 | 减速 | 超车 | 刹车 | 车速 | 拐弯 | 转弯 | 绿灯 | 红灯 | 急转弯,转弯 | 拐弯 | 刹车 | 车速 | 减速 | 超车 | 急转弯 | 超速 | 倒车 | 红灯 | 绿灯 | 速度 | 惯性,24.4783171100703,0.6567002213222927,0.2870483385147207,拐弯:0.984539 | 急转弯:0.963819 | 转弯:0.961745 | 超车:0.914172 | 超速:0.838745 | 刹车:0.737851 | 车速:0.718058 | 减速:0.666589 | 红灯:0.548083 | 倒车:0.520019 | 绿灯:0.481884 | 时速:0.229605,时速:0.229605 | 高速:0.126771 | 慢车:0.119735 | 方向:0.100375 | 车道:0.088097 | 直线:0.083018 | 停车:0.079830 | 机动车:0.065508
186,39,0.31776458312977096,0.008244374564222796,0.41025641025641024,争论 | 讨论 | 磋商 | 商讨 | 协商 | 争议 | 议论 | 谈论 | 纠纷 | 谈判 | 辩论 | 议题,诉讼 | 提起 | 透露 | 交涉 | 研讨 | 谈到 | 磋商 | 丑闻,绯闻 | 争端 | 传闻 | 提起 | 纠纷 | 风波 | 分歧 | 议 | 争论 | 官司 | 商讨 | 讨论,争论 | 讨论 | 磋商 | 商讨 | 协商 | 争议 | 议论 | 谈论 | 纠纷 | 谈判 | 辩论 | 议题 | 争端 | 探讨 | 议 | 事宜 | 交涉 | 谈 | 绯闻 | 分歧 | 传闻 | 诉讼 | 研讨 | 传言 | 此事 | 官司 | 协议 | 达成 | 风波 | 共识 | 调解 | 双方 | 丑闻 | 焦点 | 谈到 | 消息 | 报道 | 提起 | 透露,41.01186127026344,0.5618172395566686,0.3510569871496143,商讨:0.975973 | 讨论:0.972460 | 争论:0.965015 | 纠纷:0.941133 | 谈论:0.926452 | 辩论:0.869204 | 探讨:0.855266 | 议论:0.840667 | 争议:0.839086 | 谈:0.830986 | 议:0.802564 | 官司:0.774367,和解:0.258410 | 仲裁:0.217753 | 酝酿:0.193240 | 事件:0.170205 | 话题:0.164798 | 传出:0.153987 | 表态:0.132385 | 异议:0.128627
187,57,0.380662605454736,0.05659228573346571,0.10526315789473684,别致 | 美妙 | 精致 | 新颖 | 优美 | 奇特 | 细腻 | 迷人 | 引人入胜 | 古朴 | 精妙 | 动人,恰如其分 | 地道 | 美观 | 贴切 | 美丽 | 醇厚 | 工整 | 十足,醇厚 | 丰富多彩 | 新奇 | 十足 | 引人入胜 | 古朴 | 优美 | 多样 | 美丽 | 浓郁 | 地道 | 梦幻,别致 | 美妙 | 精致 | 新颖 | 优美 | 奇特 | 细腻 | 迷人 | 引人入胜 | 古朴 | 精妙 | 动人 | 精美 | 独特 | 新奇 | 生动 | 奇妙 | 逼真 | 浓郁 | 简洁 | 酣畅 | 流畅 | 动感 | 醇厚 | 别具匠心 | 缤纷 | 感人 | 扣人心弦 | 浪漫 | 诱人 | 巧妙 | 美丽 | 丰富多彩 | 清新 | 富有 | 鲜明 | 精彩 | 完美 | 工整 | 贴切 | 原汁原味 | 神奇 | 美观 | 多样 | 与众不同 | 恰到好处 | 梦幻 | 鲜活 | 新鲜 | 紧凑 | 浓重 | 恰如其分 | 神秘 | 十足 | 画龙点睛 | 立体 | 地道,57.55466544597656,0.7959737825670842,0.1512450500236219,巧妙:0.989516 | 精妙:0.982420 | 精美:0.979708 | 别具匠心:0.978720 | 浓郁:0.977209 | 新颖:0.976552 | 奇妙:0.971519 | 奇特:0.966457 | 感人:0.965956 | 逼真:0.963739 | 引人入胜:0.957779 | 新奇:0.957626,耐人寻味:0.358433 | 华丽:0.306169 | 有趣:0.259481 | 秀丽:0.231625 | 浓厚:0.217919 | 精练:0.214309 | 优雅:0.212334 | 艳丽:0.211694
188,52,0.390580029297286,0.08655266859962622,0.09615384615384616,安逸 | 宁静 | 悠闲 | 安静 | 快乐 | 舒畅 | 清静 | 安稳 | 愉快 | 舒服 | 凉爽 | 快活,美滋滋 | 灿烂 | 阳光 | 光明 | 滋润 | 晴朗 | 自由 | 风和日丽,安静 | 滋润 | 美好 | 安定 | 和谐 | 无忧无虑 | 痛快 | 明媚 | 舒服 | 快活 | 悠闲 | 安稳,安逸 | 宁静 | 悠闲 | 安静 | 快乐 | 舒畅 | 清静 | 安稳 | 愉快 | 舒服 | 凉爽 | 快活 | 明媚 | 幸福 | 无忧无虑 | 平静 | 温暖 | 自在 | 开心 | 安宁 | 欢乐 | 舒适 | 美满 | 凉快 | 暖和 | 富足 | 美好 | 祥和 | 甜蜜 | 怡然自得 | 暖烘烘 | 温馨 | 痛快 | 自由自在 | 顺心 | 清凉 | 寂静 | 晴朗 | 安心 | 和谐 | 轻松 | 安定 | 心安理得 | 美滋滋 | 滋润 | 灿烂 | 风和日丽 | 丰盛 | 阳光 | 自由 | 圆满 | 光明,53.66640250424223,0.8619128963954424,0.10857077395008703,清静:0.996721 | 安静:0.995591 | 安稳:0.994835 | 悠闲:0.994835 | 安逸:0.993660 | 美满:0.992114 | 快活:0.991312 | 愉快:0.991090 | 无忧无虑:0.989889 | 暖和:0.989428 | 凉快:0.988117 | 快乐:0.987992,美丽:0.292270 | 芬芳:0.271861 | 自如:0.266864 | 清新:0.252627 | 明亮:0.237136 | 尽情:0.213927 | 富裕:0.189555 | 和睦:0.159906
189,58,0.29863431950641167,-0.02249759111435845,0.5862068965517241,绕行 | 行驶 | 路程 | 路段 | 通往 | 小路 | 道路 | 路口 | 山路 | 路途 | 沿途 | 穿过,向前 | 交界 | 车道 | 十字路口 | 跨越 | 行驶 | 路况 | 前进,沿途 | 路 | 穿过 | 方向 | 终点 | 绕行 | 往返 | 趟 | 路况 | 路程 | 行程 | 线路,绕行 | 行驶 | 路程 | 路段 | 通往 | 小路 | 道路 | 路口 | 山路 | 路途 | 沿途 | 穿过 | 路 | 沿着 | 沿 | 路上 | 车道 | 终点 | 往返 | 穿越 | 线路 | 距离 | 公里 | 直达 | 通车 | 一路上 | 航行 | 路况 | 距 | 越过 | 趟 | 路线 | 停泊 | 全长 | 沿线 | 靠近 | 十字路口 | 通行 | 方向 | 行程 | 前进 | 来回 | 跨越 | 降落 | 尽头 | 上空 | 进出 | 轨道 | 便道 | 交界 | 离 | 起飞 | 起点 | 滞留 | 出入 | 向前 | 地点 | 汇合,56.7367048036627,0.6171578620507376,0.2881987072081695,路程:0.972523 | 沿着:0.943869 | 终点:0.932885 | 路途:0.922345 | 沿:0.901423 | 绕行:0.900591 | 往返:0.895346 | 行驶:0.879577 | 沿途:0.879105 | 通往:0.836210 | 穿过:0.832496 | 前进:0.820579,过境:0.435150 | 长途:0.351660 | 行走:0.341716 | 慢车:0.286542 | 时速:0.268302 | 快车:0.266704 | 步行:0.261424 | 路面:0.208364
190,0,,,,,,,,0.00015181208247652943,,,需求:0.000000 | 指标:0.000000 | 体系:0.000000 | 目标:0.000000 | 资源:0.000000 | 进度:0.000000 | 幅度:0.000000 | 比例:0.000000 | 转型:0.000000 | 结构:0.000000 | 低于:0.000000 | 整体:0.000000,
191,89,0.2992521919442438,0.013397428118817532,0.3595505617977528,音响 | 开关 | 电铃 | 录音机 | 电脑 | 按键 | 遥控 | 收音机 | 音量 | 话筒 | 显示器 | 门铃,声 | 频率 | 口哨 | 响起 | 焦距 | 关上 | 响声 | 开动,发出 | 屏幕 | 照明 | 磁带 | 点火 | 联网 | 动静 | 显示器 | 硬盘 | 电视 | 服务器 | 音响,音响 | 开关 | 电铃 | 录音机 | 电脑 | 按键 | 遥控 | 收音机 | 音量 | 话筒 | 显示器 | 门铃 | 屏幕 | 关机 | 电视机 | 鼠标 | 灯泡 | 喇叭 | 充电器 | 闹钟 | 铃声 | 打印机 | 电灯 | 键盘 | 硬盘 | 摄像机 | 电源 | 语音 | 电视 | 手机 | 灯光 | 关掉 | 磁盘 | 磁带 | 液晶 | 灯 | 无线电 | 发电机 | 无线 | 振动 | 机器 | 传输 | 天线 | 仪表 | 防盗 | 导航 | 计算机 | 游戏机 | 仪器 | 接通 | 噪音 | 键 | 响声 | 钥匙 | 关上 | 多媒体 | 彩电 | 照明 | 开机 | 激光 | 软件 | 计时 | 服务器 | 装置 | 自动 | 内存 | 焦距 | 口哨 | 通讯 | 响 | 声 | 防火墙 | 联网 | 望远镜 | 打开 | 杀毒 | 口令 | 开动 | 手动 | 响起 | 数码 | 远程 | 菜单 | 点火 | 频率 | 光线 | 动静 | 传来 | 发出,72.35800596040403,0.509253498547713,0.3754531881290043,电铃:0.996741 | 音量:0.988436 | 响声:0.976664 | 铃声:0.965145 | 响起:0.964457 | 门铃:0.954888 | 关机:0.949043 | 话筒:0.945459 | 接通:0.942262 | 关掉:0.941478 | 录音机:0.939429 | 音响:0.926697,声音:0.311700 | 噪声:0.296868 | 耳机:0.277301 | 浏览器:0.235125 | 相机:0.222985 | 摄像:0.207755 | 磁卡:0.178154 | 空调:0.175166
192,28,0.3219270402881004,-0.004951692907699448,0.5357142857142857,剧烈 | 严重 | 恶劣 | 激烈 | 尖锐 | 猛烈 | 强烈 | 极度 | 脆弱 | 急剧 | 虚弱 | 严厉,极其 | 异常 | 大幅度 | 虚弱 | 急剧 | 极度 | 密集 | 脆弱,极其 | 强硬 | 急剧 | 苛刻 | 轻微 | 脆弱 | 严厉 | 微弱 | 异常 | 频繁 | 反常 | 时好时坏,剧烈 | 严重 | 恶劣 | 激烈 | 尖锐 | 猛烈 | 强烈 | 极度 | 脆弱 | 急剧 | 虚弱 | 严厉 | 敏感 | 极端 | 强硬 | 极其 | 异常 | 反常 | 频繁 | 轻微 | 微弱 | 苛刻 | 不利 | 低下 | 忽高忽低 | 大幅度 | 时好时坏 | 密集,31.0807980871563,0.6806718104996916,0.26382801585574395,剧烈:0.973507 | 猛烈:0.964024 | 激烈:0.940168 | 严厉:0.933746 | 强硬:0.919283 | 尖锐:0.905671 | 频繁:0.903316 | 忽高忽低:0.878436 | 恶劣:0.874788 | 强烈:0.870048 | 严重:0.855766 | 微弱:0.847976,严峻:0.417376 | 升高:0.221665 | 明显:0.174533 | 恶化:0.149079 | 无力:0.145611 | 紧缩:0.142641 | 愈来愈:0.128541 | 不定:0.125538
193,69,0.34489022263977615,0.042910957882790465,0.21739130434782608,庆典 | 联欢 | 典礼 | 宴会 | 庆贺 | 祝贺 | 庆祝 | 悼念 | 送行 | 颁奖 | 葬礼 | 招待会,闭幕 | 大会 | 狂欢 | 开幕 | 在场 | 鞠躬 | 扫墓 | 助威,闭幕式 | 慰劳 | 诞辰 | 致辞 | 勋章 | 欢聚 | 开幕式 | 握手 | 庆贺 | 招待会 | 葬礼 | 锦旗,庆典 | 联欢 | 典礼 | 宴会 | 庆贺 | 祝贺 | 庆祝 | 悼念 | 送行 | 颁奖 | 葬礼 | 招待会 | 追悼会 | 送别 | 晚会 | 集会 | 闭幕式 | 仪式 | 贺信 | 致辞 | 祭奠 | 敬酒 | 开幕式 | 招待 | 隆重 | 致敬 | 纪念 | 聚会 | 诞辰 | 开幕 | 贺电 | 握手 | 敬礼 | 纪念日 | 问候 | 盛大 | 缅怀 | 游行 | 周年 | 慰问 | 留念 | 祭 | 大会 | 盛会 | 合影 | 闭幕 | 宣誓 | 鞠躬 | 扫墓 | 干杯 | 祭祀 | 会场 | 慰劳 | 就座 | 贵宾 | 来宾 | 欢聚 | 捧场 | 代表团 | 助威 | 表彰 | 锦旗 | 狂欢 | 签名 | 国旗 | 活动 | 勋章 | 在场 | 上台,65.3443418785992,0.8084583680355307,0.14988200758609976,祭奠:0.997489 | 悼念:0.997051 | 庆贺:0.995705 | 纪念:0.995047 | 敬礼:0.994499 | 送别:0.993600 | 庆祝:0.993436 | 典礼:0.989179 | 送行:0.981987 | 联欢:0.981144 | 慰劳:0.977268 | 留念:0.976360,狂欢节:0.355068 | 鼓掌:0.257826 | 礼:0.231117 | 祈祷:0.222993 | 台上:0.182433 | 婚礼:0.167469 | 发布会:0.160089 | 标语:0.148302
194,30,0.32470869717800227,0.01886639537095528,0.3333333333333333,捉 | 逮 | 杀 | 偷 | 追 | 摸 | 抢 | 捕 | 窜 | 抓 | 夺 | 盯,渡 | 劫 | 看 | 偷看 | 狂 | 斩 | 宰 | 避,赌 | 攻 | 摸 | 扑 | 避 | 盗 | 偷看 | 窜 | 抢 | 看 | 劫 | 夺,捉 | 逮 | 杀 | 偷 | 追 | 摸 | 抢 | 捕 | 窜 | 抓 | 夺 | 盯 | 扑 | 偷看 | 奔 | 盗 | 闯 | 寻 | 斩 | 攻 | 偷窥 | 劫 | 狂 | 探 | 查 | 看 | 赌 | 避 | 宰 | 渡,34.98755059799448,0.626494870115353,0.2816155354474569,偷窥:0.969567 | 偷看:0.968938 | 盯:0.952293 | 杀:0.937379 | 捕:0.924831 | 捉:0.918513 | 偷:0.897555 | 抓:0.854944 | 窜:0.817795 | 寻:0.816861 | 闯:0.802857 | 逮:0.802201,揍:0.325101 | 逃:0.321630 | 跑:0.180176 | 拦:0.172521 | 拾:0.161186 | 走:0.158623 | 轰:0.154710 | 灭:0.151836
195,32,0.31755511777231554,0.04714894076845447,0.1875,后代 | 子孙 | 后人 | 祖先 | 后裔 | 祖宗 | 一生 | 传人 | 晚年 | 前辈 | 生前 | 遗愿,高手 | 下一代 | 圣贤 | 泰斗 | 亲手 | 生涯 | 一代 | 祖籍,生平 | 早年 | 终生 | 遗嘱 | 家族 | 继承 | 祖先 | 子孙 | 后代 | 遗愿 | 前辈 | 高手,后代 | 子孙 | 后人 | 祖先 | 后裔 | 祖宗 | 一生 | 传人 | 晚年 | 前辈 | 生前 | 遗愿 | 家族 | 世代 | 生平 | 世袭 | 祖传 | 终生 | 继承 | 一代 | 遗嘱 | 故乡 | 祖籍 | 早年 | 圣贤 | 大师 | 生涯 | 下一代 | 泰斗 | 终身 | 亲手 | 高手,36.55486042219489,0.6997413192913844,0.24598824098396208,后代:0.968743 | 祖先:0.964635 | 后人:0.961761 | 遗愿:0.957392 | 祖传:0.948202 | 祖宗:0.944766 | 子孙:0.938001 | 传人:0.925087 | 终生:0.906118 | 后裔:0.895281 | 遗嘱:0.871038 | 生平:0.848933,弟子:0.455804 | 辈:0.446835 | 家乡:0.278299 | 遗产:0.257075 | 元老:0.213226 | 名人:0.152124 | 行家:0.146813 | 接班人:0.141209
196,53,0.4056956756610985,0.07519882875858304,0.03773584905660377,聪明 | 胆小 | 乖巧 | 贪玩儿 | 懂事 | 倔强 | 耿直 | 调皮 | 暴躁 | 脾气 | 听话 | 老实,偷懒 | 高明 | 懒惰 | 侠义 | 笨 | 多心 | 害羞 | 机智,爱面子 | 耿直 | 为人 | 勤快 | 倔强 | 侠义 | 偷懒 | 出息 | 倔 | 糊涂 | 大大咧咧 | 乖巧,聪明 | 胆小 | 乖巧 | 贪玩儿 | 懂事 | 倔强 | 耿直 | 调皮 | 暴躁 | 脾气 | 听话 | 老实 | 乖 | 娇气 | 倔 | 顽皮 | 小气 | 机灵 | 娇惯 | 性格 | 勤快 | 懒惰 | 天真 | 淘气 | 世故 | 爱面子 | 孝顺 | 大大咧咧 | 性情 | 粗心 | 笨 | 心眼儿 | 人缘儿 | 害羞 | 精明 | 好学 | 能干 | 糊涂 | 胆子 | 粗心大意 | 心肠 | 为人 | 骨气 | 机智 | 出息 | 偷懒 | 足智多谋 | 天生 | 内向 | 争气 | 侠义 | 高明 | 多心,56.134950072462594,0.7200568612484503,0.20144292127643273,脾气:0.966054 | 淘气:0.965520 | 调皮:0.965181 | 娇气:0.960098 | 听话:0.957596 | 勤快:0.953243 | 懂事:0.950806 | 顽皮:0.931820 | 粗心:0.929625 | 性情:0.926531 | 倔:0.919234 | 能干:0.919191,厚道:0.386419 | 叛逆:0.337324 | 自负:0.321844 | 心灵手巧:0.319256 | 天性:0.296356 | 吃苦:0.273068 | 自卑:0.267364 | 本分:0.265486
197,15,0.3762686832494483,0.12426701529055384,0.0,棍 | 剑 | 刀 | 枪 | 拳 | 禅杖 | 箭 | 琴 | 棋 | 弦 | 棋子 | 算盘,靶子 | 球 | 鼓 | 禅杖 | 算盘 | 棋子 | 箭 | 弦,鼓 | 球 | 靶子 | 拳 | 棋 | 剑 | 箭 | 禅杖 | 弦 | 算盘 | 棋子 | 棍,棍 | 剑 | 刀 | 枪 | 拳 | 禅杖 | 箭 | 琴 | 棋 | 弦 | 棋子 | 算盘 | 鼓 | 球 | 靶子,25.015381231719314,0.5848937864577806,0.30053399757936167,拳:0.938375 | 算盘:0.922015 | 棋子:0.897780 | 棋:0.845085 | 棍:0.822162 | 弦:0.659298 | 剑:0.649174 | 鼓:0.637098 | 枪:0.465422 | 刀:0.455711 | 箭:0.440681 | 禅杖:0.440026,弓:0.326614 | 斧子:0.243658 | 船桨:0.238200 | 弹:0.184785 | 剪子:0.164946 | 棍子:0.158014 | 杆:0.136352 | 射:0.117626
198,73,0.40051800166474505,0.04402208935029525,0.1643835616438356,惊讶 | 诧异 | 吃惊 | 惊诧 | 惭愧 | 好笑 | 心疼 | 惋惜 | 哭笑不得 | 欣慰 | 惊奇 | 痛心,碍事 | 眉开眼笑 | 倒霉 | 不值 | 后悔 | 目瞪口呆 | 受不了 | 心里,不敢当 | 大吃一惊 | 遗憾 | 恍然大悟 | 尴尬 | 万分 | 好笑 | 惊喜 | 好奇 | 后悔 | 喜出望外 | 心酸,惊讶 | 诧异 | 吃惊 | 惊诧 | 惭愧 | 好笑 | 心疼 | 惋惜 | 哭笑不得 | 欣慰 | 惊奇 | 痛心 | 难为情 | 不解 | 扫兴 | 欣喜 | 高兴 | 奇怪 | 心酸 | 害臊 | 纳闷儿 | 不服气 | 激动 | 过意不去 | 迷惑不解 | 不好意思 | 恍然大悟 | 目瞪口呆 | 兴奋 | 震惊 | 感慨 | 别扭 | 后悔 | 大吃一惊 | 尴尬 | 得意 | 遗憾 | 丢脸 | 丢人 | 大惊小怪 | 抱歉 | 好奇 | 庆幸 | 喜出望外 | 不以为然 | 恋恋不舍 | 半信半疑 | 无话可说 | 感叹 | 冤枉 | 不已 | 歉意 | 眉开眼笑 | 稀罕 | 依依不舍 | 稀奇 | 舍不得 | 可怜 | 惊喜 | 倒霉 | 不值 | 没辙 | 心里 | 受不了 | 了不起 | 莫名其妙 | 不敢当 | 意料 | 碍事 | 记忆犹新 | 孤陋寡闻 | 见外 | 万分,76.96549561514298,0.6182093407836771,0.24525413424227804,惊奇:0.964924 | 惊讶:0.955891 | 诧异:0.927720 | 吃惊:0.926045 | 惊诧:0.923544 | 丢脸:0.907068 | 哭笑不得:0.881867 | 欣喜:0.877141 | 心疼:0.870877 | 奇怪:0.867003 | 丢人:0.866749 | 大吃一惊:0.864587,难堪:0.477118 | 疑惑:0.423862 | 为难:0.368765 | 委屈:0.365733 | 感到:0.354351 | 难过:0.349362 | 生气:0.342521 | 羞愧:0.323924
199,140,0.3174014730830619,0.040825138132020856,0.32857142857142857,补习 | 课程 | 入学 | 高中 | 研究生 | 学校 | 初中 | 大学 | 选修 | 本科 | 考试 | 报考,练习 | 国籍 | 教育 | 启蒙 | 传授 | 创业 | 成绩 | 辅导,复习 | 从业 | 高等 | 考生 | 硕士 | 函授 | 参军 | 就读 | 班 | 毕业生 | 文凭 | 本科,补习 | 课程 | 入学 | 高中 | 研究生 | 学校 | 初中 | 大学 | 选修 | 本科 | 考试 | 报考 | 自学 | 学业 | 就读 | 学期 | 毕业 | 上课 | 升学 | 进修 | 小学 | 年级 | 函授 | 念书 | 毕业生 | 中学 | 转学 | 学时 | 招生 | 教学 | 考 | 硕士 | 复习 | 理科 | 补考 | 课 | 文凭 | 学年 | 学分 | 学费 | 读书 | 补课 | 师范 | 学习 | 讲课 | 夜校 | 预习 | 录取 | 退学 | 学位 | 攻读 | 口试 | 备课 | 培训 | 奖学金 | 工科 | 必修 | 求学 | 班级 | 师资 | 招收 | 高考 | 班 | 学 | 笔试 | 学科 | 文科 | 培训班 | 学院 | 学历 | 实习 | 听讲 | 留学 | 在职 | 中小学 | 功课 | 课堂 | 勤工俭学 | 家教 | 民办 | 辅导 | 考生 | 学堂 | 办学 | 私立 | 兼职 | 分数 | 讲座 | 科目 | 测验 | 夏令营 | 幼儿园 | 旷课 | 识字 | 考场 | 教 | 公费 | 学艺 | 驾照 | 讲学 | 专业 | 教育 | 学士 | 及格 | 初等 | 社团 | 志愿 | 教育部 | 公立 | 业余 | 练习 | 练 | 成绩 | 竞赛 | 一技之长 | 就业 | 文盲 | 新生 | 科研 | 传授 | 启蒙 | 入门 | 训 | 作业 | 岗位 | 从业 | 初级 | 高等 | 试用期 | 概论 | 中级 | 参军 | 晋升 | 工作 | 创业 | 办 | 纲要 | 取经 | 国籍 | 分组,139.25479313214785,0.722199799304552,0.2264086031081717,初中:0.996316 | 高中:0.994523 | 补习:0.993073 | 入学:0.991551 | 进修:0.991505 | 自学:0.991144 | 学时:0.989813 | 本科:0.988233 | 年级:0.987565 | 学期:0.986573 | 小学:0.985398 | 考试:0.984285,教师:0.454851 | 试题:0.390025 | 外语:0.384565 | 试卷:0.374821 | 听力:0.360719 | 求职:0.322201 | 成才:0.316973 | 大纲:0.315798
