community,size,mean_pair_cosine,mean_cosine_silhouette,negative_silhouette_fraction,representatives,boundary_words,deterministic_sample,all_members,soft_mass,mean_max_membership,mean_normalized_membership_entropy,highest_membership_words,strongest_members_outside_hard_cluster
0,137,0.29737653664654967,-0.006791449201436309,0.5547445255474452,拧 | 缠 | 劈 | 绷 | 剪 | 搂 | 钉 | 绑 | 裹 | 兜 | 扳 | 绞,穿 | 追 | 背面 | 戴 | 左 | 扒 | 右 | 握,抬 | 焊 | 绑 | 拨 | 倚 | 露 | 鼓 | 束 | 驮 | 牵 | 右 | 扇,拧 | 缠 | 劈 | 绷 | 剪 | 搂 | 钉 | 绑 | 裹 | 兜 | 扳 | 绞 | 夹 | 捶 | 竖 | 缝 | 挂 | 挽 | 罩 | 镶 | 吊 | 拴 | 扒 | 牵 | 拔 | 卸 | 绣 | 仰 | 扎 | 拱 | 锯 | 背 | 抹 | 垫 | 垂 | 勾 | 割 | 压 | 伸 | 钩 | 踏 | 抱 | 斜 | 翘 | 插 | 洗 | 扭 | 凿 | 涂 | 拖 | 滚 | 拄 | 埋 | 放 | 抬 | 剃 | 贴 | 挎 | 梳 | 遮 | 握 | 挡 | 横 | 倚 | 挥 | 叠 | 削 | 脱 | 扶 | 捆 | 盖 | 抽 | 穿 | 刺 | 踩 | 悬 | 留 | 卧 | 绕 | 画 | 扇 | 铺 | 射 | 焊 | 露 | 切 | 塞 | 撇 | 戴 | 勒 | 驮 | 截 | 雕 | 递 | 斩 | 刻 | 叉 | 扣 | 染 | 锁 | 鼓 | 冲 | 围 | 敷 | 拨 | 织 | 抛 | 划 | 填 | 拆 | 揭 | 闭 | 披 | 弹 | 摇 | 裁 | 护 | 追 | 挪 | 藏 | 印 | 托 | 漆 | 摊 | 束 | 带 | 排 | 修 | 动 | 角 | 照 | 背面 | 驾 | 右 | 左 | 服 | 栏,137.0293768358144,0.9945843111804107,0.004814065249085026,罩:1.000000 | 拴:1.000000 | 钉:1.000000 | 绣:1.000000 | 垂:1.000000 | 织:1.000000 | 绑:1.000000 | 镶:1.000000 | 牵:1.000000 | 戴:1.000000 | 捆:1.000000 | 缠:1.000000,板:0.209416 | 扫:0.184003 | 卷:0.048272 | 拉:0.036135 | 蒙:0.031855 | 消:0.031555 | 吞:0.030709 | 抄:0.012394
1,101,0.26456696066350727,-0.01554125922930443,0.6435643564356436,惊心动魄 | 分外 | 无比 | 扣人心弦 | 引人注目 | 不同寻常 | 难以置信 | 格外 | 惊人 | 触目惊心 | 耐人寻味 | 极为,万分 | 红火 | 哗然 | 意料 | 微弱 | 叫好 | 稀奇 | 赞叹不已,愈来愈 | 极其 | 突如其来 | 颇 | 日新月异 | 场面 | 意想不到 | 万分 | 惊险 | 景象 | 赞不绝口 | 难以想象,惊心动魄 | 分外 | 无比 | 扣人心弦 | 引人注目 | 不同寻常 | 难以置信 | 格外 | 惊人 | 触目惊心 | 耐人寻味 | 极为 | 不可思议 | 难得一见 | 空前 | 惊天动地 | 着实 | 出人意料 | 极其 | 难以想象 | 耳目一新 | 举世瞩目 | 变幻莫测 | 瞩目 | 史无前例 | 记忆犹新 | 罕见 | 少见 | 震撼 | 意想不到 | 前所未有 | 尤为 | 赞叹不已 | 意料之外 | 汹涌 | 十分 | 迭起 | 惊险 | 此起彼伏 | 颇 | 层出不穷 | 难得 | 翻天覆地 | 景象 | 有声有色 | 突如其来 | 越发 | 稀奇 | 轰动 | 巨大 | 前无古人 | 扑面而来 | 场面 | 可谓 | 意料 | 千变万化 | 蓬勃 | 堪称 | 沸沸扬扬 | 比比皆是 | 欣欣向荣 | 可歌可泣 | 日新月异 | 深远 | 赞不绝口 | 似曾相识 | 一连串 | 随处可见 | 峰回路转 | 抢眼 | 哗然 | 红火 | 久违 | 显得 | 少有 | 显出 | 愈来愈 | 五花八门 | 叫好 | 响亮 | 日趋 | 日益 | 忽高忽低 | 鹤立鸡群 | 不亦乐乎 | 络绎不绝 | 形形色色 | 暴风骤雨 | 耳闻目睹 | 上演 | 火热 | 沉甸甸 | 少不了 | 逊色 | 美中不足 | 情景 | 一番 | 万分 | 一系列 | 传出 | 微弱,100.98844630206999,0.9982963345951607,0.0017824547170365516,惊险:1.000000 | 引人注目:1.000000 | 沉甸甸:1.000000 | 震撼:1.000000 | 轰动:1.000000 | 格外:1.000000 | 随处可见:1.000000 | 惊心动魄:1.000000 | 罕见:1.000000 | 耳目一新:1.000000 | 络绎不绝:1.000000 | 久违:1.000000,众多:0.031123 | 愈演愈烈:0.027718 | 深受:0.020965 | 更加:0.016396 | 司空见惯:0.011769
2,92,0.3591958845129178,0.09438902366114924,0.06521739130434782,傍晚 | 夜晚 | 清明节 | 春节 | 除夕 | 星期天 | 早晨 | 中秋节 | 圣诞节 | 夜里 | 元旦 | 晚上,半夜 | 团圆 | 开学 | 休假 | 晴朗 | 瑞雪 | 下雨 | 趁着,下雨 | 后天 | 刮风 | 季节 | 冬季 | 来年 | 夏天 | 节气 | 国庆 | 早晨 | 晚 | 过节,傍晚 | 夜晚 | 清明节 | 春节 | 除夕 | 星期天 | 早晨 | 中秋节 | 圣诞节 | 夜里 | 元旦 | 晚上 | 冬天 | 假期 | 时节 | 中午 | 清晨 | 腊月 | 暑假 | 元宵节 | 寒假 | 周末 | 夏天 | 放假 | 秋天 | 端午节 | 节假日 | 早上 | 长假 | 佳节 | 过年 | 节日 | 黄昏 | 白天 | 季节 | 假日 | 深夜 | 阴天 | 下午 | 星期日 | 下雪 | 新年 | 晴朗 | 春天 | 国庆 | 农历 | 过节 | 下雨 | 清明 | 一大早 | 半夜 | 节气 | 冬季 | 夏季 | 春季 | 晴天 | 一早 | 夜间 | 开学 | 上午 | 每逢 | 风和日丽 | 凌晨 | 天气 | 刮风 | 初一 | 秋季 | 暑期 | 日子 | 旺季 | 星期 | 晚 | 休假 | 天 | 气温 | 来临 | 淡季 | 趁着 | 礼拜 | 夜 | 前夕 | 家家户户 | 临近 | 高峰期 | 黎明 | 多云 | 瑞雪 | 团圆 | 往年 | 来年 | 高峰 | 后天,91.99384811129386,0.9997981842801845,0.0002642906152816942,中秋节:1.000000 | 假期:1.000000 | 元旦:1.000000 | 冬季:1.000000 | 夏天:1.000000 | 夏季:1.000000 | 夜间:1.000000 | 季节:1.000000 | 时节:1.000000 | 春天:1.000000 | 春季:1.000000 | 春节:1.000000,
3,116,0.2564751677826187,-0.01823490208775653,0.6637931034482759,恰当 | 妥当 | 简单 | 合适 | 贴切 | 无关紧要 | 合情合理 | 似是而非 | 常理 | 一成不变 | 有用 | 深奥,无能为力 | 麻烦 | 自相矛盾 | 枯燥 | 困难 | 深奥 | 划算 | 不定,简单 | 枯燥 | 正规 | 无足轻重 | 合乎 | 一无所知 | 画蛇添足 | 一概而论 | 不易 | 不怎么样 | 正常 | 单纯,恰当 | 妥当 | 简单 | 合适 | 贴切 | 无关紧要 | 合情合理 | 似是而非 | 常理 | 一成不变 | 有用 | 深奥 | 寻常 | 不对 | 枯燥 | 无足轻重 | 可行 | 正确 | 平常 | 常见 | 大同小异 | 容易 | 相似 | 有意思 | 清楚 | 不错 | 管用 | 宽泛 | 合乎 | 要紧 | 不难 | 微不足道 | 见仁见智 | 不怎么样 | 讲究 | 笼统 | 一概而论 | 含糊 | 雷同 | 一模一样 | 得不偿失 | 乱七八糟 | 现成 | 单调 | 成问题 | 必要 | 自相矛盾 | 画蛇添足 | 格格不入 | 必不可少 | 无可厚非 | 司空见惯 | 棘手 | 不易 | 显而易见 | 划算 | 面面俱到 | 截然不同 | 抽象 | 陌生 | 可信 | 确切 | 有所不同 | 熟悉 | 过时 | 顺理成章 | 一无所知 | 纯粹 | 适合 | 正常 | 吻合 | 类似 | 例外 | 麻烦 | 要好 | 不得而知 | 巧合 | 约定俗成 | 之类 | 一目了然 | 难免 | 不通 | 刻舟求剑 | 单纯 | 无能为力 | 困难 | 非常 | 一帆风顺 | 不大 | 什么样 | 常用 | 客观 | 多余 | 值得 | 感兴趣 | 难 | 特殊 | 诸如此类 | 理想 | 像样 | 公平 | 跟不上 | 特例 | 不便 | 通顺 | 寥寥无几 | 可想而知 | 正规 | 走过场 | 必需 | 冷门 | 怎样 | 不定 | 粗略 | 赶不上 | 古今中外,116.19071841692802,0.9960462405796567,0.0030181581008257114,熟悉:1.000000 | 清楚:1.000000 | 不难:1.000000 | 相似:1.000000 | 一成不变:1.000000 | 合情合理:1.000000 | 陌生:1.000000 | 雷同:1.000000 | 大同小异:1.000000 | 笼统:1.000000 | 讲究:1.000000 | 无可厚非:1.000000,任何:0.106066 | 难得:0.088396 | 原始:0.063590 | 特定:0.062980 | 直观:0.027599 | 不够:0.027391 | 没意思:0.024507 | 似曾相识:0.024088
4,103,0.3094009413342032,-0.03002946250910181,0.7087378640776699,祖母 | 父母 | 亲人 | 家人 | 继母 | 亲生 | 爱人 | 继父 | 儿女 | 祖父 | 仇人 | 母女,继父 | 父母 | 祖母 | 弟 | 女士 | 好心人 | 主妇 | 继母,新娘 | 夫人 | 相依为命 | 性命 | 配偶 | 族 | 家属 | 报仇 | 同伴 | 辈 | 朝夕相处 | 葬礼,祖母 | 父母 | 亲人 | 家人 | 继母 | 亲生 | 爱人 | 继父 | 儿女 | 祖父 | 仇人 | 母女 | 恩人 | 姐妹 | 子女 | 亲友 | 父女 | 弟 | 母子 | 亲属 | 结婚 | 娶 | 夫妇 | 父子 | 抚养 | 情人 | 寡妇 | 子孙 | 夫人 | 亲朋好友 | 同伴 | 辈 | 夫妻 | 后代 | 友人 | 战友 | 相依为命 | 后裔 | 年迈 | 乡亲 | 收养 | 嫁 | 好友 | 订婚 | 去世 | 老朋友 | 配偶 | 离婚 | 新娘 | 祖先 | 兄弟 | 赡养 | 葬礼 | 报仇 | 王后 | 全家 | 故乡 | 双胞胎 | 家属 | 主人 | 团聚 | 新郎 | 家乡 | 弟子 | 公主 | 相识 | 遗愿 | 孤儿 | 独身 | 好心人 | 孪生 | 领养 | 收留 | 生前 | 长大 | 交情 | 皇帝 | 生日 | 师长 | 求婚 | 晚年 | 逝世 | 祖籍 | 遗体 | 心爱 | 主妇 | 朝夕相处 | 形影不离 | 素不相识 | 王子 | 性命 | 出生 | 皇后 | 将军 | 姓 | 陪葬 | 世代 | 使者 | 女士 | 僧人 | 族 | 外号 | 绰号,102.97369078974089,0.9994046384416593,0.0008030406386499944,亲友:1.000000 | 亲属:1.000000 | 亲朋好友:1.000000 | 亲人:1.000000 | 订婚:1.000000 | 儿女:1.000000 | 母女:1.000000 | 去世:1.000000 | 亲生:1.000000 | 父女:1.000000 | 领养:1.000000 | 辈:1.000000,长辈:0.010176
5,124,0.29344821364372226,0.029039790441325992,0.25806451612903225,抵抗 | 反抗 | 摧毁 | 攻击 | 阻止 | 牵制 | 对抗 | 侵略 | 对付 | 挑衅 | 反击 | 阻挠,警告 | 隐身 | 呼风唤雨 | 骚乱 | 乞求 | 提防 | 强迫 | 安抚,核武器 | 掩盖 | 拉拢 | 投降 | 屠杀 | 抵抗 | 施加 | 迫使 | 保护 | 统治 | 扫除 | 摧毁,抵抗 | 反抗 | 摧毁 | 攻击 | 阻止 | 牵制 | 对抗 | 侵略 | 对付 | 挑衅 | 反击 | 阻挠 | 袭击 | 威胁 | 威慑 | 武力 | 制止 | 封锁 | 屠杀 | 消灭 | 阻拦 | 打败 | 阻挡 | 歼灭 | 煽动 | 干涉 | 进攻 | 打击 | 毁灭 | 抵挡 | 打倒 | 破坏 | 保卫 | 企图 | 统治 | 抵制 | 占领 | 入侵 | 抵御 | 削弱 | 敌人 | 捍卫 | 惩罚 | 包围 | 谴责 | 压制 | 逼迫 | 推翻 | 势力 | 拉拢 | 拯救 | 抗议 | 粉碎 | 鼓动 | 武装 | 抗争 | 制裁 | 扰乱 | 抗衡 | 轰炸 | 压倒 | 夺取 | 迫使 | 分裂 | 挽救 | 示威 | 自卫 | 斗争 | 平息 | 发动 | 征服 | 防御 | 掩护 | 冲撞 | 切断 | 干扰 | 掩盖 | 战争 | 投降 | 剥夺 | 挑起 | 解救 | 防卫 | 战胜 | 收复 | 骚乱 | 强迫 | 武器 | 颠覆 | 清除 | 主宰 | 施压 | 营救 | 乞求 | 支配 | 激起 | 妨害 | 冲击 | 戒备 | 核武器 | 操纵 | 反 | 强加 | 伸张 | 安抚 | 施加 | 盟友 | 容许 | 保护 | 援助 | 扫除 | 提防 | 推卸 | 追随 | 警告 | 俘获 | 挽回 | 矛头 | 约束 | 罢工 | 充当 | 隔离 | 呼风唤雨 | 隐身,124.10382639192498,0.9990602793989679,0.0012471670939800557,歼灭:1.000000 | 轰炸:1.000000 | 反击:1.000000 | 摧毁:1.000000 | 征服:1.000000 | 抗衡:1.000000 | 袭击:1.000000 | 对抗:1.000000 | 牵制:1.000000 | 抵抗:1.000000 | 阻止:1.000000 | 切断:1.000000,恐吓:0.102819 | 妨碍:0.030603 | 驱逐:0.013658 | 干预:0.011019
6,107,0.2923888894150309,0.04660906555379075,0.2523364485981308,北部 | 南部 | 沿岸 | 北边 | 南边 | 丘陵 | 东边 | 东南 | 山区 | 海岸 | 西边 | 东部,山顶 | 僻静 | 肥沃 | 桥梁 | 纪念馆 | 公墓 | 兴建 | 丘陵,座 | 北 | 运河 | 开发区 | 筑 | 坡 | 地区 | 兴建 | 河 | 北部 | 首府 | 公墓,北部 | 南部 | 沿岸 | 北边 | 南边 | 丘陵 | 东边 | 东南 | 山区 | 海岸 | 西边 | 东部 | 河 | 平原 | 湖 | 中部 | 郊区 | 河畔 | 西北 | 海滨 | 村庄 | 西南 | 西部 | 山 | 山顶 | 沿海 | 交界 | 郊外 | 西 | 北 | 岸 | 沟 | 岛 | 半岛 | 流域 | 南 | 岛屿 | 村 | 边境 | 乡 | 水库 | 城区 | 县 | 首府 | 坝 | 镇 | 运河 | 地带 | 地区 | 偏远 | 庙 | 偏僻 | 境内 | 海湾 | 东 | 坐落 | 遗址 | 桥 | 滨海 | 水域 | 城镇 | 海域 | 坡 | 城 | 堤 | 屯 | 边远 | 修建 | 区 | 街 | 僻静 | 东北 | 海拔 | 公墓 | 大道 | 南北 | 寺 | 通往 | 位于 | 肥沃 | 墓地 | 开发区 | 江 | 园 | 纪念碑 | 海峡 | 兴建 | 墓 | 市 | 区域 | 北方 | 塔 | 首都 | 庄园 | 碑 | 国土 | 距 | 大队 | 全长 | 纪念馆 | 田 | 省 | 座 | 南方 | 井 | 桥梁 | 筑,106.95357430891237,0.9988242918995476,0.0014447217344469552,偏远:1.000000 | 半岛:1.000000 | 北方:1.000000 | 位于:1.000000 | 北边:1.000000 | 碑:1.000000 | 海湾:1.000000 | 西边:1.000000 | 偏僻:1.000000 | 北:1.000000 | 南部:1.000000 | 郊外:1.000000,牧场:0.040915 | 河流:0.013492
7,68,0.3910650666502078,0.07113607909729143,0.08823529411764706,聪明 | 乖巧 | 倔强 | 高傲 | 胆小 | 暴躁 | 耿直 | 调皮 | 脾气 | 娇气 | 俊俏 | 奸诈,装扮 | 能耐 | 凶狠 | 打扮 | 狡猾 | 出众 | 争气 | 孝顺,爱面子 | 开朗 | 盛气凌人 | 耿直 | 为人 | 勤快 | 倔强 | 高傲 | 倔 | 出众 | 大大咧咧 | 乖巧,聪明 | 乖巧 | 倔强 | 高傲 | 胆小 | 暴躁 | 耿直 | 调皮 | 脾气 | 娇气 | 俊俏 | 奸诈 | 老实 | 顽皮 | 懂事 | 倔 | 听话 | 小气 | 讨人喜欢 | 狡猾 | 娇惯 | 开朗 | 可爱 | 大大咧咧 | 英俊 | 机灵 | 天真 | 固执 | 爱面子 | 性情 | 精明 | 世故 | 无情无义 | 勤快 | 害羞 | 淘气 | 目中无人 | 傲慢 | 凶狠 | 神气 | 孝顺 | 能干 | 盛气凌人 | 心眼儿 | 粗心 | 壮实 | 心肠 | 自以为是 | 胆子 | 好学 | 为人 | 粗心大意 | 心灵手巧 | 足智多谋 | 见钱眼开 | 举止 | 个头儿 | 自负 | 打扮 | 逞强 | 出众 | 内向 | 争气 | 要强 | 阔绰 | 威风 | 能耐 | 装扮,67.94900149210079,0.9982490590643143,0.0014336620898196839,打扮:1.000000 | 奸诈:1.000000 | 阔绰:1.000000 | 俊俏:1.000000 | 调皮:1.000000 | 威风:1.000000 | 性情:1.000000 | 内向:1.000000 | 淘气:1.000000 | 精明:1.000000 | 粗心:1.000000 | 能耐:1.000000,品行:0.027091 | 出头:0.025423
8,122,0.2191403950349286,-0.020890327991232523,0.680327868852459,著名 | 有名 | 驰名 | 大名鼎鼎 | 闻名 | 出名 | 杰出 | 知名 | 远近闻名 | 当之无愧 | 举世闻名 | 世界级,专业 | 比喻 | 全新 | 特色 | 祖传 | 精通 | 正宗 | 有机,脱颖而出 | 成功 | 称作 | 特有 | 显赫 | 早年 | 有名 | 简称 | 原型 | 资深 | 重量级 | 中华,著名 | 有名 | 驰名 | 大名鼎鼎 | 闻名 | 出名 | 杰出 | 知名 | 远近闻名 | 当之无愧 | 举世闻名 | 世界级 | 媲美 | 独一无二 | 顶级 | 耳熟能详 | 家喻户晓 | 公认 | 名副其实 | 悠久 | 一流 | 顶尖 | 诞生 | 土生土长 | 号称 | 优秀 | 显赫 | 正宗 | 泰斗 | 划时代 | 举世无双 | 首创 | 发源地 | 特有 | 得天独厚 | 畅销 | 早期 | 当今 | 卓越 | 荣获 | 典型 | 深受 | 称为 | 特色 | 众多 | 传统 | 资深 | 流行 | 仅次于 | 擅长 | 有着 | 精通 | 出自 | 之一 | 重量级 | 备受 | 相传 | 起源 | 拥有 | 大师 | 问世 | 海内外 | 称作 | 出身 | 命名 | 昔日 | 凭借 | 遍布 | 全新 | 脱颖而出 | 原型 | 相提并论 | 热门 | 全能 | 发明 | 由来 | 不相上下 | 传人 | 一代 | 成为 | 叫作 | 祖传 | 优质 | 入选 | 早年 | 最佳 | 深入人心 | 密不可分 | 具备 | 年代 | 简介 | 息息相关 | 超级 | 系列 | 扮演 | 多年 | 代表 | 专业 | 来自 | 界 | 中华 | 来源于 | 独家 | 万能 | 概况 | 胜任 | 时代 | 行家 | 成功 | 改名 | 分支 | 参见 | 目录 | 加入 | 所在 | 简称 | 时期 | 双重 | 有机 | 比喻 | 章 | 某,122.32858857582931,0.9964380882067395,0.0035527458338222863,大名鼎鼎:1.000000 | 有名:1.000000 | 出名:1.000000 | 著名:1.000000 | 闻名:1.000000 | 远近闻名:1.000000 | 驰名:1.000000 | 土生土长:1.000000 | 举世闻名:1.000000 | 媲美:1.000000 | 顶级:1.000000 | 号称:1.000000,具有:0.304945 | 相辅相成:0.171860 | 多年来:0.029701 | 优异:0.029569 | 定义:0.022624 | 主编:0.022340 | 古代:0.019739 | 代:0.017276
9,105,0.324471458081474,0.009672508544696631,0.34285714285714286,箱子 | 钳子 | 棍子 | 绳子 | 叉子 | 剪子 | 刷子 | 竹竿 | 铲子 | 瓶子 | 脸盆 | 筷子,爪子 | 卡 | 抽屉 | 皮带 | 画儿 | 帐子 | 口袋 | 码,剪刀 | 瓶 | 电线 | 罐 | 口子 | 铲子 | 棍子 | 靶子 | 螺丝 | 包 | 胶水 | 盏,箱子 | 钳子 | 棍子 | 绳子 | 叉子 | 剪子 | 刷子 | 竹竿 | 铲子 | 瓶子 | 脸盆 | 筷子 | 木头 | 剪刀 | 木板 | 树枝 | 钉子 | 盖子 | 扇子 | 盒子 | 筐 | 钩子 | 帘子 | 爪子 | 梯子 | 棍 | 吸管 | 帐子 | 石头 | 螺丝 | 柱子 | 兜儿 | 树叶 | 橡皮 | 盘子 | 抽屉 | 棺材 | 卡子 | 尺子 | 斧子 | 火柴 | 叶子 | 架子 | 船桨 | 禅杖 | 沙子 | 竹子 | 笼子 | 筒 | 袋 | 皮带 | 刀 | 灯笼 | 轮子 | 枪 | 瓶 | 易拉罐 | 蜡烛 | 药片 | 电线 | 胶带 | 子弹 | 口袋 | 伞 | 罐 | 药水 | 盒 | 鞭炮 | 池子 | 砖 | 花瓣 | 稻草 | 箱 | 一长一短 | 秤 | 锤子 | 杆 | 包 | 硬币 | 窟窿 | 棋子 | 纸 | 画儿 | 贝壳 | 算盘 | 温度计 | 胶水 | 靶子 | 串 | 盏 | 爆竹 | 框 | 东西 | 堆 | 块 | 车轮 | 折叠 | 口子 | 包裹 | 空隙 | 圈 | 牌 | 垃圾 | 码 | 卡,104.98863925703493,0.9985280650658971,0.0017217351456243512,竹竿:1.000000 | 扇子:1.000000 | 叉子:1.000000 | 爆竹:1.000000 | 木头:1.000000 | 靶子:1.000000 | 兜儿:1.000000 | 钳子:1.000000 | 船桨:1.000000 | 筐:1.000000 | 稻草:1.000000 | 胶带:1.000000,水壶:0.039857 | 套:0.028727
10,132,0.24530625927606847,-0.001868179252692465,0.5378787878787878,机遇 | 趋势 | 步伐 | 契机 | 势头 | 局面 | 难题 | 思路 | 举措 | 突破口 | 困境 | 瓶颈,地步 | 上限 | 到来 | 事态 | 差距 | 先例 | 力量 | 错位,起跑线 | 向上 | 难题 | 积极性 | 局势 | 速度 | 计划 | 考验 | 方向 | 需求 | 转折 | 力量,机遇 | 趋势 | 步伐 | 契机 | 势头 | 局面 | 难题 | 思路 | 举措 | 突破口 | 困境 | 瓶颈 | 转折点 | 力度 | 路子 | 格局 | 机会 | 成效 | 迹象 | 出路 | 时机 | 压力 | 方向 | 难点 | 优势 | 形势 | 难度 | 苗头 | 潜力 | 重中之重 | 信心 | 挑战 | 节奏 | 序幕 | 热潮 | 难关 | 导向 | 状况 | 脚步 | 转折 | 进展 | 因素 | 力量 | 缩影 | 目标 | 需求 | 积极性 | 速度 | 变革 | 阶段 | 水平 | 效益 | 动力 | 效应 | 意愿 | 阻力 | 转机 | 警钟 | 常态 | 空间 | 策略 | 劣势 | 亮点 | 蓝图 | 情况 | 危机 | 生命线 | 重心 | 底线 | 信号 | 政策 | 风险 | 考验 | 局势 | 甜头 | 当务之急 | 差距 | 状态 | 任务 | 大局 | 低谷 | 先例 | 导火索 | 进度 | 起点 | 构想 | 高潮 | 概率 | 焦点 | 门槛 | 对策 | 筹码 | 决策 | 纵深 | 缺口 | 后顾之忧 | 周期 | 飞跃 | 定心丸 | 指标 | 地步 | 威力 | 起跑线 | 到来 | 惯性 | 热点 | 里程碑 | 纽带 | 行情 | 步 | 几率 | 大有可为 | 见效 | 支柱 | 下功夫 | 关头 | 计划 | 曙光 | 事态 | 调控 | 行动 | 未知数 | 铺路 | 代价 | 向上 | 上限 | 风暴 | 松绑 | 错位 | 指引 | 革新 | 频率,132.10358256311804,0.9977768029493688,0.002719511349207601,亮点:1.000000 | 势头:1.000000 | 信心:1.000000 | 节奏:1.000000 | 几率:1.000000 | 先例:1.000000 | 局面:1.000000 | 转机:1.000000 | 步伐:1.000000 | 概率:1.000000 | 目标:1.000000 | 动力:1.000000,症结:0.104443 | 效率:0.045507 | 境地:0.028057 | 干预:0.021569 | 转变:0.017929 | 现状:0.017016 | 僵局:0.014788 | 结构:0.012668
11,97,0.31851934252024827,0.05763144300430194,0.18556701030927836,联欢 | 祝贺 | 宴会 | 招待会 | 接见 | 庆典 | 送行 | 庆贺 | 典礼 | 招待 | 庆祝 | 拜会,好评 | 国旗 | 表扬 | 喝彩 | 鞠躬 | 扫墓 | 拜访 | 历届,闭幕式 | 参加 | 慰劳 | 诞辰 | 参观 | 座谈 | 致辞 | 座谈会 | 历届 | 欢聚 | 开幕式 | 握手,联欢 | 祝贺 | 宴会 | 招待会 | 接见 | 庆典 | 送行 | 庆贺 | 典礼 | 招待 | 庆祝 | 拜会 | 送别 | 致辞 | 集会 | 贺信 | 会见 | 握手 | 悼念 | 问候 | 座谈 | 慰问 | 闭幕式 | 追悼会 | 敬酒 | 开幕 | 开幕式 | 参观 | 隆重 | 贺电 | 应邀 | 瞻仰 | 举行 | 致敬 | 仪式 | 掌声 | 诞辰 | 拜访 | 合影 | 贵宾 | 闭幕 | 热烈 | 欢呼 | 盛会 | 祭奠 | 会面 | 鼓掌 | 就座 | 拜年 | 宣读 | 大会 | 留念 | 敬礼 | 邀请 | 会晤 | 捧场 | 观摩 | 纪念 | 来宾 | 干杯 | 游行 | 来访 | 盛大 | 座谈会 | 鞠躬 | 光临 | 见面 | 会场 | 欢聚 | 周年 | 观看 | 欢迎 | 访问 | 纪念日 | 表彰 | 扫墓 | 宣誓 | 举办 | 慰劳 | 视察 | 喝彩 | 畅谈 | 出访 | 助威 | 参加 | 邀 | 互访 | 做客 | 作客 | 国歌 | 接待 | 表扬 | 采访 | 国旗 | 评选 | 好评 | 历届,96.99691217608093,0.9995805628843758,0.0005066783693413697,招待:1.000000 | 敬礼:1.000000 | 送别:1.000000 | 留念:1.000000 | 瞻仰:1.000000 | 贺信:1.000000 | 拜访:1.000000 | 接见:1.000000 | 慰问:1.000000 | 联欢:1.000000 | 典礼:1.000000 | 游行:1.000000,颁奖:0.014328
12,68,0.3487723113915498,0.04669354000704841,0.16176470588235295,宁静 | 明媚 | 悠闲 | 安静 | 安逸 | 喧闹 | 清静 | 欢快 | 热闹 | 凉爽 | 平静 | 寂静,鲜花 | 火辣辣 | 怀旧 | 遥远 | 炎热 | 浪漫 | 寒冷 | 情调,昌盛 | 安静 | 滋润 | 美好 | 安定 | 和谐 | 无忧无虑 | 陶醉 | 忙碌 | 明媚 | 快活 | 悠闲,宁静 | 明媚 | 悠闲 | 安静 | 安逸 | 喧闹 | 清静 | 欢快 | 热闹 | 凉爽 | 平静 | 寂静 | 温暖 | 愉快 | 无忧无虑 | 快活 | 舒畅 | 温馨 | 暖烘烘 | 祥和 | 浪漫 | 甜蜜 | 洋溢 | 美好 | 安宁 | 怡然自得 | 暖和 | 灿烂 | 安稳 | 清凉 | 富足 | 喜庆 | 芬芳 | 忙碌 | 熙熙攘攘 | 情调 | 自在 | 繁华 | 陶醉 | 寒冷 | 平淡 | 盛开 | 自由自在 | 炎热 | 喧哗 | 丰盛 | 朦胧 | 和谐 | 融洽 | 绽放 | 滋润 | 兴旺 | 沸腾 | 张灯结彩 | 气氛 | 容光焕发 | 清淡 | 风光 | 阳光 | 安定 | 尽情 | 繁忙 | 喜洋洋 | 怀旧 | 火辣辣 | 昌盛 | 遥远 | 鲜花,67.99960089224857,0.999718138156818,0.0003440264740587996,宁静:1.000000 | 清静:1.000000 | 沸腾:1.000000 | 安宁:1.000000 | 喧闹:1.000000 | 清淡:1.000000 | 悠闲:1.000000 | 寒冷:1.000000 | 寂静:1.000000 | 热闹:1.000000 | 清凉:1.000000 | 安逸:1.000000,
13,126,0.26757102921558285,0.00968175738703187,0.4365079365079365,农作物 | 饲料 | 灌溉 | 种植 | 粮食 | 肥料 | 蔬菜 | 化肥 | 作物 | 木材 | 养殖 | 水稻,蔬菜 | 铁路 | 维生素 | 研发 | 实验室 | 玉米 | 苗 | 饮用水,改造 | 货物 | 物资 | 花卉 | 园林 | 产值 | 卫生 | 扩建 | 后勤 | 温室 | 大棚 | 作物,农作物 | 饲料 | 灌溉 | 种植 | 粮食 | 肥料 | 蔬菜 | 化肥 | 作物 | 木材 | 养殖 | 水稻 | 水源 | 水产品 | 农业 | 果树 | 耕地 | 小麦 | 牲畜 | 地下水 | 农产品 | 棉花 | 水利 | 节水 | 运输 | 开采 | 家禽 | 生产 | 饲养 | 加工 | 原料 | 燃料 | 污水 | 玉米 | 产量 | 亩 | 发电 | 采矿 | 土壤 | 天然气 | 增产 | 大棚 | 栽培 | 果园 | 绿化 | 石油 | 药材 | 温室 | 公顷 | 饮用水 | 煤 | 施工 | 矿藏 | 水泥 | 开垦 | 设施 | 勘探 | 煤气 | 管道 | 奶牛 | 供应 | 原材料 | 物资 | 土地 | 自来水 | 立方米 | 饮水 | 煤矿 | 粪便 | 农场 | 合作社 | 牧场 | 花卉 | 供暖 | 仓库 | 燃气 | 地质 | 货物 | 工程 | 排放 | 产值 | 产地 | 工厂 | 矿 | 集装箱 | 电网 | 出口 | 面积 | 防汛 | 卫生 | 汽油 | 进口 | 棉 | 铁路 | 能耗 | 窑 | 治理 | 光缆 | 尾气 | 成品 | 气候 | 园林 | 储备 | 建造 | 扩建 | 核电站 | 取暖 | 科研 | 文物 | 燃油 | 吨 | 化石 | 苗 | 搬迁 | 气象 | 改造 | 平方米 | 厂 | 消防 | 维生素 | 人力 | 后勤 | 研发 | 营业 | 实验室 | 标本,126.07893519224913,0.9969631167290667,0.002900656427301908,粮食:1.000000 | 亩:1.000000 | 种植:1.000000 | 棉花:1.000000 | 肥料:1.000000 | 开垦:1.000000 | 小麦:1.000000 | 养殖:1.000000 | 开采:1.000000 | 增产:1.000000 | 药材:1.000000 | 公顷:1.000000,配送:0.121437 | 医药:0.065767 | 煤炭:0.049032 | 民用:0.038598 | 设备:0.029768 | 海运:0.022642 | 钢:0.014966 | 株:0.013849
14,95,0.4164077713892848,0.08992806550873894,0.05263157894736842,酸奶 | 果汁 | 饼干 | 牛奶 | 薯片 | 米饭 | 饮料 | 卤味 | 橙汁 | 薯条 | 豆浆 | 水果,肥皂 | 菜 | 冰箱 | 沐浴露 | 香水 | 大米 | 砂糖 | 香味,葡萄酒 | 洗衣粉 | 果酱 | 蛋糕 | 盒饭 | 口香糖 | 素食 | 面粉 | 肥皂 | 红茶 | 水果 | 餐,酸奶 | 果汁 | 饼干 | 牛奶 | 薯片 | 米饭 | 饮料 | 卤味 | 橙汁 | 薯条 | 豆浆 | 水果 | 果酱 | 点心 | 海鲜 | 巧克力 | 罐头 | 面包 | 红酒 | 红茶 | 零食 | 奶茶 | 芝士 | 烤肉 | 咖啡 | 饺子 | 汽水 | 小吃 | 酱油 | 豆制品 | 火锅 | 啤酒 | 方便面 | 月饼 | 调料 | 糖果 | 食物 | 寿司 | 佐料 | 中餐 | 食品 | 菜 | 西餐 | 可乐 | 主食 | 口感 | 快餐 | 烤鸭 | 面粉 | 茶 | 粽子 | 香料 | 葡萄酒 | 砂糖 | 绿茶 | 烧烤 | 早餐 | 酒 | 矿泉水 | 风味 | 口味 | 三明治 | 蛋糕 | 茶叶 | 盒饭 | 酒水 | 口香糖 | 味精 | 烹调 | 食用 | 电饭锅 | 洗衣粉 | 纯净水 | 乳制品 | 素食 | 香味 | 品尝 | 味道 | 喜糖 | 大米 | 牙膏 | 沐浴露 | 餐 | 奶粉 | 料理 | 肥皂 | 香烟 | 微波炉 | 香水 | 酿造 | 冰箱 | 厨师 | 白酒 | 制品 | 外卖,94.99670110060308,0.9997988655461609,0.00030070271117396826,主食:1.000000 | 口味:1.000000 | 味道:1.000000 | 咖啡:1.000000 | 葡萄酒:1.000000 | 西餐:1.000000 | 酒水:1.000000 | 零食:1.000000 | 风味:1.000000 | 中餐:1.000000 | 烹调:1.000000 | 饮料:1.000000,
15,62,0.3761492870177695,0.07127397226720195,0.0967741935483871,残忍 | 愚蠢 | 凶残 | 可笑 | 荒谬 | 卑鄙 | 荒诞 | 可恶 | 丑陋 | 丑恶 | 凶恶 | 粗鲁,鲁莽 | 脆弱 | 渺小 | 凶猛 | 粗鲁 | 不堪 | 冷酷无情 | 异想天开,愚蠢 | 幼稚 | 拙劣 | 可耻 | 冷酷 | 脆弱 | 严厉 | 模糊 | 真实 | 荒诞 | 卑鄙 | 离奇,残忍 | 愚蠢 | 凶残 | 可笑 | 荒谬 | 卑鄙 | 荒诞 | 可恶 | 丑陋 | 丑恶 | 凶恶 | 粗鲁 | 冷酷 | 残酷 | 可怕 | 古怪 | 怪异 | 可悲 | 邪恶 | 悲惨 | 拙劣 | 可耻 | 恐怖 | 幼稚 | 粗暴 | 冷酷无情 | 野蛮 | 阴暗 | 骇人听闻 | 猖狂 | 糟糕 | 离奇 | 鲁莽 | 滑稽 | 不堪 | 生硬 | 恶劣 | 惨痛 | 无情 | 夸张 | 搞笑 | 渺小 | 疯狂 | 刺耳 | 尖锐 | 严厉 | 扭曲 | 极端 | 混乱 | 暴力 | 反常 | 脆弱 | 潦草 | 异想天开 | 无辜 | 凶猛 | 微妙 | 真实 | 冗长 | 模糊 | 杂乱无章 | 确凿,62.00813635137252,0.9998752080415351,0.00019481257238776833,凶恶:1.000000 | 古怪:1.000000 | 丑陋:1.000000 | 猖狂:1.000000 | 残忍:1.000000 | 荒诞:1.000000 | 恐怖:1.000000 | 拙劣:1.000000 | 潦草:1.000000 | 愚蠢:1.000000 | 生硬:1.000000 | 粗暴:1.000000,
16,122,0.24516541000846737,0.000992970958410612,0.45901639344262296,推动 | 加速 | 拓展 | 提升 | 带动 | 扩展 | 逐步 | 加快 | 确立 | 拉动 | 显现 | 开启,冻结 | 退出 | 抓住 | 支持 | 推出 | 开花 | 流失 | 宣告,展开 | 取得 | 瞄准 | 抓住 | 激发 | 开花 | 得以 | 冻结 | 伴随 | 出现 | 占有 | 实现,推动 | 加速 | 拓展 | 提升 | 带动 | 扩展 | 逐步 | 加快 | 确立 | 拉动 | 显现 | 开启 | 形成 | 扩大 | 引领 | 延续 | 迎来 | 持续 | 凸显 | 增强 | 壮大 | 实现 | 奠定 | 延伸 | 提速 | 呈现 | 提高 | 释放 | 增加 | 转变 | 逐渐 | 积累 | 涌现 | 扩张 | 巩固 | 激发 | 启动 | 升级 | 渗透 | 布局 | 进入 | 步入 | 迈进 | 激活 | 驱动 | 突破 | 崛起 | 转化 | 打通 | 转向 | 保持 | 借助 | 占据 | 展开 | 促成 | 依托 | 掀起 | 伴随 | 随着 | 支撑 | 涌入 | 推广 | 落地 | 兴起 | 拉开 | 转移 | 转型 | 维持 | 吸引 | 取得 | 预示 | 普及 | 提供 | 带来 | 吸纳 | 获得 | 出现 | 覆盖 | 聚集 | 瞄准 | 完成 | 打破 | 推出 | 依靠 | 靠拢 | 刷新 | 围绕 | 得到 | 放大 | 连接 | 超越 | 介入 | 迁移 | 抓住 | 得以 | 处于 | 回归 | 贯穿 | 恢复 | 跟上 | 投入 | 推移 | 扩散 | 累积 | 接轨 | 锁定 | 进步 | 支持 | 处在 | 供给 | 起步 | 指向 | 源源不断 | 宣告 | 响应 | 开花 | 流失 | 过渡 | 占有 | 退出 | 萌芽 | 冻结,121.72204199717824,0.9939703785125539,0.004932644308945597,迎来:1.000000 | 宣告:1.000000 | 瞄准:1.000000 | 吸引:1.000000 | 伴随:1.000000 | 吸纳:1.000000 | 开启:1.000000 | 延续:1.000000 | 积累:1.000000 | 逐渐:1.000000 | 投入:1.000000 | 步入:1.000000,淘汰:0.139258 | 滚动:0.106727 | 发展:0.035058 | 延长:0.023665 | 开拓:0.022717 | 蔓延:0.015770 | 促使:0.012246 | 起到:0.011199
17,83,0.35703512476350585,0.0525535611465812,0.1566265060240964,敬重 | 敬佩 | 感激 | 钦佩 | 尊敬 | 同情 | 怜惜 | 怀念 | 衷心 | 感动 | 敬意 | 赞美,自豪 | 振奋 | 骄傲 | 热心 | 留恋 | 羡慕 | 诚挚 | 夸奖,赞赏 | 关心 | 深切 | 宠爱 | 渴望 | 认同 | 敬佩 | 骄傲 | 感激 | 怀着 | 缅怀 | 铭记,敬重 | 敬佩 | 感激 | 钦佩 | 尊敬 | 同情 | 怜惜 | 怀念 | 衷心 | 感动 | 敬意 | 赞美 | 赞许 | 热爱 | 羡慕 | 赞扬 | 佩服 | 赞叹 | 由衷 | 关怀 | 赞赏 | 深切 | 深情 | 尊重 | 信任 | 称赞 | 爱护 | 敬爱 | 夸奖 | 体谅 | 珍视 | 崇拜 | 信赖 | 关心 | 向往 | 铭记 | 自豪 | 诚挚 | 认同 | 喜爱 | 拥护 | 欣赏 | 缅怀 | 渴望 | 好感 | 关爱 | 骄傲 | 满怀 | 感触 | 留恋 | 歌颂 | 安慰 | 珍惜 | 爱惜 | 怀着 | 亲近 | 宠爱 | 振奋 | 鼓舞 | 心声 | 深深 | 倾诉 | 打动 | 感受 | 辜负 | 认可 | 共鸣 | 流露 | 诉说 | 热情 | 鞭策 | 呵护 | 念念不忘 | 倾听 | 体会 | 坚信 | 热心 | 深信 | 呼唤 | 怀抱 | 牢记 | 拥抱 | 切身,83.01897645567608,0.9999044752250036,0.00014917144805625223,敬重:1.000000 | 爱护:1.000000 | 敬佩:1.000000 | 歌颂:1.000000 | 钦佩:1.000000 | 向往:1.000000 | 呵护:1.000000 | 信赖:1.000000 | 赞美:1.000000 | 感受:1.000000 | 欣赏:1.000000 | 深切:1.000000,
18,116,0.3493978907903355,0.039747814201758214,0.19827586206896552,炎症 | 疼痛 | 发炎 | 症状 | 腹泻 | 出血 | 病症 | 肝脏 | 皮肤 | 咳嗽 | 血管 | 肿瘤,痛 | 疗效 | 肢体 | 戒烟 | 部位 | 癌症 | 肌肉 | 疲劳,睡眠 | 切除 | 忌口 | 发炎 | 激素 | 心脏 | 视力 | 肾 | 食欲 | 阳性 | 失明 | 胚胎,炎症 | 疼痛 | 发炎 | 症状 | 腹泻 | 出血 | 病症 | 肝脏 | 皮肤 | 咳嗽 | 血管 | 肿瘤 | 过敏 | 肌肉 | 肝 | 血压 | 呕吐 | 血栓 | 胃 | 脾 | 失眠 | 肺 | 癌症 | 抑郁症 | 复发 | 头晕 | 激素 | 损伤 | 感冒 | 分泌 | 发病 | 气管 | 心脏 | 痰 | 肥胖 | 发作 | 痴呆 | 骨折 | 癌 | 关节 | 发热 | 唾液 | 出汗 | 食欲 | 愈合 | 休克 | 肾 | 神经 | 胎儿 | 肢体 | 痒 | 免疫 | 体温 | 视力 | 器官 | 生理 | 切除 | 衰老 | 细胞 | 止血 | 睡眠 | 人体 | 动脉 | 血液 | 呼吸 | 肌肤 | 中毒 | 副作用 | 昏迷 | 口腔 | 穴位 | 忌口 | 晕车 | 创伤 | 体质 | 腺 | 感染 | 麻醉 | 发烧 | 失明 | 大脑 | 痛 | 疗效 | 注射 | 疲劳 | 服用 | 近视 | 麻痹 | 止咳 | 不适 | 知觉 | 后遗症 | 咽喉 | 减肥 | 胚胎 | 阳性 | 青春期 | 口吃 | 阴性 | 戒烟 | 催眠 | 传染 | 部位 | 遗传 | 体重 | 聋 | 按摩 | 功效 | 身心 | 病毒 | 触觉 | 吸烟 | 禁忌 | 基因 | 减压 | 运动,116.11125589990718,0.9989365601685836,0.0011521678256614129,痴呆:1.000000 | 视力:1.000000 | 催眠:1.000000 | 发炎:1.000000 | 血液:1.000000 | 呕吐:1.000000 | 青春期:1.000000 | 体质:1.000000 | 肢体:1.000000 | 睡眠:1.000000 | 近视:1.000000 | 减压:1.000000,肿:0.075665 | 上火:0.049876 | 急性:0.024289 | 新陈代谢:0.019495
19,118,0.28483175854139353,0.02088486484042972,0.3305084745762712,道理 | 毛病 | 想法 | 弊病 | 事情 | 意思 | 弊端 | 弱点 | 难处 | 顾虑 | 好处 | 疑点,药方 | 黑手 | 阴影 | 厄运 | 种种 | 规矩 | 误解 | 愿望,后果 | 不正之风 | 好处 | 疑问 | 举动 | 种种 | 错误 | 大事 | 想法 | 疑点 | 点子 | 结论,道理 | 毛病 | 想法 | 弊病 | 事情 | 意思 | 弊端 | 弱点 | 难处 | 顾虑 | 好处 | 疑点 | 用意 | 隐情 | 说法 | 症结 | 坏处 | 问题 | 事实 | 念头 | 疑问 | 结论 | 缺点 | 看法 | 事 | 错觉 | 根源 | 理由 | 主意 | 错误 | 后果 | 原因 | 误解 | 动机 | 真相 | 益处 | 过错 | 把柄 | 举动 | 借口 | 见解 | 含义 | 嫌疑 | 计策 | 教训 | 意图 | 坏事 | 兆头 | 用处 | 过失 | 态度 | 愿望 | 启示 | 例子 | 涵义 | 证据 | 感想 | 窍门 | 本意 | 现象 | 玄机 | 缘故 | 来龙去脉 | 缺陷 | 痕迹 | 谜团 | 漏洞 | 隐患 | 言论 | 罪魁祸首 | 观点 | 所作所为 | 大意 | 归宿 | 余地 | 定论 | 意义 | 谣言 | 好事 | 行为 | 心病 | 办法 | 疏忽 | 预兆 | 来历 | 情形 | 责任 | 立场 | 诺言 | 圈套 | 境地 | 失误 | 要害 | 谜底 | 黑手 | 传言 | 厄运 | 动向 | 大事 | 陷阱 | 阴影 | 线索 | 种种 | 规矩 | 可乘之机 | 结果 | 药方 | 影子 | 差错 | 是非 | 物证 | 去向 | 水落石出 | 不正之风 | 得失 | 点子 | 真假 | 何处,117.90678137494227,0.9976797264670665,0.002269553136549848,毛病:1.000000 | 线索:1.000000 | 疑点:1.000000 | 心病:1.000000 | 嫌疑:1.000000 | 罪魁祸首:1.000000 | 陷阱:1.000000 | 意思:1.000000 | 兆头:1.000000 | 动向:1.000000 | 证据:1.000000 | 说法:1.000000,目的:0.069844 | 案件:0.024468 | 谎言:0.013319 | 地步:0.011311
20,58,0.3531702218620106,0.08441764589367767,0.10344827586206896,看见 | 碰见 | 见到 | 看到 | 遇见 | 碰到 | 想起 | 想到 | 听到 | 见过 | 碰上 | 听说,要不是 | 眼里 | 告诉 | 曾经 | 自称 | 光顾 | 猜 | 瞧,见到 | 看中 | 得知 | 找到 | 遇见 | 发现 | 认得 | 光顾 | 听到 | 猜 | 小看 | 偷看,看见 | 碰见 | 见到 | 看到 | 遇见 | 碰到 | 想起 | 想到 | 听到 | 见过 | 碰上 | 听说 | 认出 | 碰巧 | 认得 | 遇到 | 遇上 | 梦见 | 目睹 | 记得 | 亲眼 | 恰巧 | 发觉 | 料到 | 瞧 | 问 | 得知 | 发现 | 结识 | 偷看 | 忘不了 | 凑巧 | 惦记 | 找到 | 见 | 回想 | 有幸 | 记住 | 多亏 | 放过 | 告诉 | 偶然 | 谈起 | 久仰 | 不知 | 看 | 留心 | 看中 | 不见 | 光顾 | 赶上 | 小看 | 猜 | 要不是 | 亲身 | 曾经 | 眼里 | 自称,58.00897928903156,0.9997992805659086,0.0003207989887504448,亲眼:1.000000 | 多亏:1.000000 | 看中:1.000000 | 碰上:1.000000 | 碰见:1.000000 | 得知:1.000000 | 看:1.000000 | 碰到:1.000000 | 遇到:1.000000 | 碰巧:1.000000 | 遇上:1.000000 | 认得:1.000000,
21,137,0.23336378237704428,-0.022469184466197046,0.6642335766423357,零件 | 配件 | 部件 | 陶瓷 | 金属 | 塑料 | 尺寸 | 设备 | 工艺品 | 仪器 | 尼龙 | 装备,纱 | 丝绸 | 布 | 克 | 尼龙 | 包装 | 道具 | 火药,照明 | 金属 | 口径 | 纱 | 装备 | 墨水 | 显示器 | 汽车 | 米 | 玻璃 | 尺寸 | 桶,零件 | 配件 | 部件 | 陶瓷 | 金属 | 塑料 | 尺寸 | 设备 | 工艺品 | 仪器 | 尼龙 | 装备 | 机械 | 液晶 | 型号 | 非金属 | 轻型 | 玻璃 | 重型 | 发电机 | 器材 | 材料 | 激光 | 工艺 | 显示器 | 家用 | 微型 | 制造 | 机器 | 高档 | 装饰 | 电池 | 制成 | 原装 | 小型 | 铸造 | 瓷器 | 新式 | 轮胎 | 宝石 | 人造 | 太阳能 | 电动 | 电器 | 仪表 | 彩电 | 特制 | 民用 | 橡胶 | 印刷 | 汽车 | 古董 | 高科技 | 功率 | 混凝土 | 丝绸 | 墨水 | 化纤 | 装置 | 手工 | 贵重 | 规格 | 多功能 | 水晶 | 智能 | 巨型 | 铝 | 车轴 | 新款 | 照明 | 纺织 | 电源 | 硬件 | 铜 | 家电 | 仿制 | 机器人 | 包装 | 名贵 | 设计 | 阀门 | 铅 | 钻石 | 器械 | 造价 | 中型 | 模型 | 游戏机 | 制作 | 火药 | 尖端 | 跑车 | 袖珍 | 大型 | 仿 | 马力 | 千克 | 工具 | 寸 | 专用 | 望远镜 | 道具 | 纱 | 三维 | 架 | 台 | 廉价 | 碳 | 二手 | 实物 | 锡 | 指南针 | 磅 | 内存 | 壳 | 公斤 | 瓦 | 造纸术 | 布 | 备用 | 匹 | 隐形 | 口径 | 尺 | 立方 | 旧 | 枚 | 平方 | 套 | 桶 | 双 | 级 | 米 | 后备 | 级别 | 支 | 克,136.7497618697515,0.9943716907435026,0.0037049842663287175,装饰:1.000000 | 道具:1.000000 | 古董:1.000000 | 仪表:1.000000 | 手工:1.000000 | 磅:1.000000 | 装备:1.000000 | 制成:1.000000 | 特制:1.000000 | 轮胎:1.000000 | 器材:1.000000 | 包装:1.000000,复合:0.135088 | 天线:0.115850 | 性能:0.026127 | 水泥:0.024747 | 医药:0.018081 | 纸:0.013956 | 型:0.012136 | 车型:0.011825
22,104,0.41561467271142827,0.07844203508788081,0.028846153846153848,诧异 | 惊讶 | 吃惊 | 羞愧 | 气愤 | 惊诧 | 惋惜 | 茫然 | 疑惑 | 心疼 | 惭愧 | 慌张,眉开眼笑 | 委屈 | 慌乱 | 思前想后 | 忧虑 | 狼狈 | 苦恼 | 同感,大吃一惊 | 遗憾 | 恍然大悟 | 尴尬 | 好笑 | 好奇 | 生气 | 后悔 | 满意 | 喜出望外 | 感到 | 心酸,诧异 | 惊讶 | 吃惊 | 羞愧 | 气愤 | 惊诧 | 惋惜 | 茫然 | 疑惑 | 心疼 | 惭愧 | 慌张 | 难过 | 痛心 | 不解 | 欣喜 | 失望 | 苦恼 | 惊慌 | 扫兴 | 欣慰 | 为难 | 惊奇 | 难为情 | 焦急 | 着急 | 生气 | 哭笑不得 | 高兴 | 难堪 | 迷惑不解 | 激动 | 好笑 | 兴奋 | 害怕 | 慌乱 | 困惑 | 纳闷儿 | 无奈 | 不耐烦 | 心酸 | 愁眉苦脸 | 后悔 | 委屈 | 惊慌失措 | 奇怪 | 尴尬 | 害臊 | 恍然大悟 | 无可奈何 | 泄气 | 震惊 | 感慨 | 目瞪口呆 | 垂头丧气 | 大吃一惊 | 迟疑 | 犹豫 | 过意不去 | 狼狈 | 惊叹 | 担心 | 感到 | 得意 | 灰心 | 遗憾 | 半信半疑 | 头疼 | 好奇 | 喜出望外 | 不已 | 伤脑筋 | 气馁 | 庆幸 | 忧虑 | 不以为然 | 恼羞成怒 | 歉意 | 不好意思 | 大惊小怪 | 感叹 | 发愁 | 抱歉 | 犯愁 | 提心吊胆 | 心急如焚 | 犹豫不决 | 眉开眼笑 | 担忧 | 吃力 | 无话可说 | 怀疑 | 眼红 | 满意 | 着迷 | 不满 | 同感 | 一筹莫展 | 措手不及 | 莫名其妙 | 疑虑 | 思前想后 | 冒昧 | 爱不释手,103.95832873313144,0.9986441634013996,0.0015428472959075335,疑惑:1.000000 | 焦急:1.000000 | 惊诧:1.000000 | 诧异:1.000000 | 犯愁:1.000000 | 心急如焚:1.000000 | 恼羞成怒:1.000000 | 头疼:1.000000 | 惋惜:1.000000 | 不解:1.000000 | 困惑:1.000000 | 欣喜:1.000000,得意扬扬:0.026368 | 沮丧:0.025591 | 脱口而出:0.014444
23,68,0.28417387777469105,0.029288547744014543,0.25,争执 | 争吵 | 冲突 | 争论 | 矛盾 | 分歧 | 对峙 | 隔阂 | 争端 | 对立 | 纠纷 | 交锋,前景 | 境遇 | 处境 | 高度 | 垄断 | 分担 | 幕后 | 传闻,波折 | 绯闻 | 对峙 | 交往 | 争端 | 互信 | 周旋 | 传闻 | 牵扯 | 输家 | 竞争 | 纠纷,争执 | 争吵 | 冲突 | 争论 | 矛盾 | 分歧 | 对峙 | 隔阂 | 争端 | 对立 | 纠纷 | 交锋 | 恩怨 | 较量 | 关系 | 摩擦 | 纠缠 | 争议 | 激烈 | 裂痕 | 竞争 | 僵局 | 妥协 | 争夺 | 对话 | 交集 | 默契 | 风波 | 交往 | 讨价还价 | 针锋相对 | 相处 | 波折 | 周旋 | 之间 | 错综复杂 | 互信 | 磨合 | 沟通 | 官司 | 波澜 | 绯闻 | 双方 | 悬殊 | 冷战 | 彼此 | 利益 | 牵扯 | 旋涡 | 卷入 | 共识 | 牵涉 | 碰撞 | 丑闻 | 反差 | 境遇 | 悬念 | 输家 | 处境 | 阵营 | 垄断 | 传闻 | 炒作 | 分担 | 天平 | 前景 | 幕后 | 高度,67.92836112325081,0.9985645009371593,0.0018246480563472404,隔阂:1.000000 | 牵扯:1.000000 | 牵涉:1.000000 | 风波:1.000000 | 悬殊:1.000000 | 对立:1.000000 | 交锋:1.000000 | 交集:1.000000 | 丑闻:1.000000 | 裂痕:1.000000 | 纠缠:1.000000 | 针锋相对:1.000000,
24,116,0.25776726715880643,0.003794323854593923,0.5086206896551724,节目 | 播出 | 访谈 | 直播 | 视频 | 播放 | 专栏 | 转播 | 栏目 | 电视台 | 短片 | 频道,歌曲 | 高层 | 咨询 | 同行 | 展览会 | 字幕 | 华语 | 峰会,听众 | 卫视 | 编辑 | 车展 | 读者 | 抽奖 | 宣传 | 微博 | 网民 | 出版社 | 推荐 | 点击率,节目 | 播出 | 访谈 | 直播 | 视频 | 播放 | 专栏 | 转播 | 栏目 | 电视台 | 短片 | 频道 | 博客 | 讲座 | 媒体 | 广播 | 录制 | 演讲 | 广告 | 演播室 | 微博 | 新闻 | 嘉宾 | 收看 | 留言 | 卫视 | 听众 | 歌曲 | 收听 | 重播 | 专题 | 电台 | 评论 | 观众 | 海报 | 论坛 | 实况 | 点击率 | 文章 | 投稿 | 网友 | 主持人 | 帖子 | 字幕 | 改版 | 主页 | 录像 | 互动 | 头条 | 解说 | 话题 | 网民 | 录音 | 放映 | 刊登 | 发布会 | 粉丝 | 读者 | 歌迷 | 公众 | 抽奖 | 图片 | 晚报 | 出版 | 影迷 | 宣传 | 收视率 | 分享 | 开场白 | 沙龙 | 原创 | 转载 | 科普 | 展览会 | 现场 | 华语 | 车展 | 标题 | 报社 | 社交 | 编辑 | 活动 | 图书 | 预告 | 上映 | 球迷 | 音像 | 资讯 | 网络 | 标语 | 主题 | 参展 | 博览会 | 纪实 | 投票 | 交流 | 排行榜 | 敬请 | 全文 | 公关 | 网上 | 在线 | 征集 | 日报 | 峰会 | 曝光 | 出版社 | 咨询 | 面对面 | 同行 | 文娱 | 推荐 | 全程 | 中外 | 高层 | 北京,116.87528233298507,0.9970923476081848,0.002986518996914302,听众:1.000000 | 收听:1.000000 | 观众:1.000000 | 广播:1.000000 | 读者:1.000000 | 网民:1.000000 | 公关:1.000000 | 播放:1.000000 | 点击率:1.000000 | 粉丝:1.000000 | 网友:1.000000 | 互动:1.000000,财经:0.423699 | 刊物:0.283168 | 演唱会:0.151293 | 杂志:0.040856 | 影视:0.039094 | 作者:0.037618 | 工商界:0.027670 | 开幕式:0.026687
25,153,0.3255595715366043,0.06240286933736572,0.20261437908496732,舞蹈 | 戏剧 | 歌剧 | 杂技 | 芭蕾 | 音乐 | 绘画 | 话剧 | 歌舞 | 表演 | 戏曲 | 独唱,赛场 | 男女 | 夏令营 | 时装 | 刺绣 | 竞赛 | 杂志 | 化妆,电影 | 动画片 | 扑克 | 画家 | 导演 | 风筝 | 时装 | 民歌 | 戏 | 演唱 | 散文 | 寓言,舞蹈 | 戏剧 | 歌剧 | 杂技 | 芭蕾 | 音乐 | 绘画 | 话剧 | 歌舞 | 表演 | 戏曲 | 独唱 | 演奏 | 京剧 | 演唱 | 歌唱 | 合唱 | 艺术 | 民歌 | 诗歌 | 交响乐 | 喜剧 | 美术 | 相声 | 演出 | 乐曲 | 武术 | 国画 | 歌手 | 电影 | 朗诵 | 书法 | 唱歌 | 演员 | 伴奏 | 秧歌 | 体操 | 小提琴 | 吉他 | 文学 | 音乐会 | 马戏 | 笛子 | 漫画 | 摇滚 | 木偶 | 剧目 | 跳舞 | 滑冰 | 篮球 | 乐器 | 动画片 | 钢琴 | 散文 | 乐队 | 动画 | 油画 | 戏 | 乒乓球 | 文艺 | 摔跤 | 舞 | 小品 | 雕塑 | 棒球 | 排球 | 导演 | 田径 | 网球 | 抒情 | 旋律 | 画展 | 画家 | 歌星 | 中国画 | 演唱会 | 歌咏 | 电视剧 | 剧团 | 剧 | 台球 | 小说 | 摄影 | 素描 | 魔术 | 纪录片 | 年画 | 影片 | 编剧 | 羽毛球 | 晚会 | 主题歌 | 足球 | 童话 | 举重 | 舞台 | 科幻 | 配音 | 茶道 | 古典 | 模特儿 | 太极拳 | 啦啦队 | 歌 | 作家 | 艺人 | 刺绣 | 图画 | 跳高 | 跳远 | 民俗 | 国学 | 唱片 | 游泳 | 龙舟 | 时装 | 专辑 | 壁画 | 卡通 | 鉴赏 | 健美 | 趣味 | 游戏 | 风筝 | 猜谜 | 竞技 | 寓言 | 化妆 | 集邮 | 运动会 | 展览 | 连续剧 | 小曲 | 体育 | 演艺圈 | 摄影师 | 创意 | 高尔夫球 | 麻将 | 同人 | 夏令营 | 银幕 | 扑克 | 竞赛 | 嘉年华 | 设计师 | 吉祥物 | 赛场 | 占卜 | 天文 | 男女 | 对弈 | 杂志,153.11888487095334,0.997333948828842,0.0025521412167471974,秧歌:1.000000 | 舞蹈:1.000000 | 杂技:1.000000 | 猜谜:1.000000 | 马戏:1.000000 | 笛子:1.000000 | 跳舞:1.000000 | 小提琴:1.000000 | 歌唱:1.000000 | 乐器:1.000000 | 歌舞:1.000000 | 演奏:1.000000,爵士:0.176782 | 华语:0.131004 | 诗人:0.044097 | 插图:0.023100 | 谜语:0.022343 | 歌曲:0.021050 | 俱乐部:0.020729 | 车展:0.016355
26,132,0.3148280183162254,0.04653479710072667,0.10606060606060606,敲诈 | 抢劫 | 盗窃 | 欺骗 | 诈骗 | 谋害 | 讹诈 | 杀害 | 勾结 | 绑架 | 窃取 | 逮捕,驱逐 | 损人利己 | 捣乱 | 无理 | 擅自 | 被 | 回扣 | 海盗,驱逐 | 秘密 | 黑客 | 报复 | 同伙 | 劫持 | 伪装 | 勾结 | 团伙 | 引诱 | 枪毙 | 造假,敲诈 | 抢劫 | 盗窃 | 欺骗 | 诈骗 | 谋害 | 讹诈 | 杀害 | 勾结 | 绑架 | 窃取 | 逮捕 | 收买 | 诽谤 | 恐吓 | 殴打 | 贪污 | 非法 | 劫持 | 贿赂 | 挟持 | 掠夺 | 流氓 | 走私 | 虐待 | 阴谋 | 团伙 | 扣留 | 贩卖 | 暗杀 | 倒卖 | 骚扰 | 伪造 | 欺诈 | 藏匿 | 犯罪 | 控告 | 同伙 | 迫害 | 假冒 | 强占 | 钱财 | 受贿 | 纵容 | 揭发 | 被捕 | 出卖 | 引诱 | 怠工 | 侵犯 | 冒充 | 闹事 | 无恶不作 | 坏人 | 侵占 | 报复 | 骗子 | 乘人之危 | 涉嫌 | 捣乱 | 抢夺 | 间谍 | 强盗 | 搜查 | 公然 | 财物 | 扣押 | 恶意 | 无理 | 剥削 | 侵害 | 土匪 | 凶手 | 通缉 | 编造 | 偷窥 | 分赃 | 歹徒 | 作弊 | 大肆 | 祸害 | 钻空子 | 受骗 | 泄露 | 揭露 | 泄密 | 枪毙 | 滥用 | 隐瞒 | 拘留 | 赌博 | 开枪 | 私自 | 黑心 | 雇佣 | 损人利己 | 抄袭 | 弄虚作假 | 乔装 | 俘虏 | 误导 | 虚假 | 霸占 | 造假 | 盗版 | 人质 | 兜售 | 毒品 | 黑客 | 驱逐 | 回扣 | 暴利 | 倾销 | 伪装 | 商人 | 诱饵 | 腐败 | 无故 | 秘密 | 虚构 | 海盗 | 哗变 | 机密 | 伙 | 推销 | 证人 | 瓜分 | 招揽 | 擅自 | 山寨 | 水货 | 被,131.97937032144173,0.9984542734541811,0.001551404235744955,抢劫:1.000000 | 伪造:1.000000 | 盗窃:1.000000 | 暗杀:1.000000 | 走私:1.000000 | 编造:1.000000 | 贩卖:1.000000 | 冒充:1.000000 | 贿赂:1.000000 | 诈骗:1.000000 | 窃取:1.000000 | 谋害:1.000000,谎话:0.068940 | 官僚主义:0.034790 | 判处:0.018350 | 案件:0.014883
27,126,0.25031728595443037,0.009854279824045313,0.36507936507936506,方法 | 特性 | 原则 | 特点 | 特征 | 模式 | 范畴 | 原理 | 本质 | 步骤 | 规律 | 流程,前后 | 落差 | 思维 | 做法 | 误区 | 单元 | 进程 | 常识,分量 | 单元 | 用人 | 档次 | 方针 | 共性 | 规则 | 用法 | 过程 | 条件 | 概念 | 误区,方法 | 特性 | 原则 | 特点 | 特征 | 模式 | 范畴 | 原理 | 本质 | 步骤 | 规律 | 流程 | 机制 | 方式 | 形式 | 要素 | 手段 | 逻辑 | 规则 | 属性 | 性质 | 角度 | 功能 | 途径 | 出发点 | 标准 | 程序 | 层面 | 目的 | 形态 | 界限 | 手法 | 体系 | 环节 | 前提 | 差异 | 职能 | 思维 | 载体 | 措施 | 差别 | 准则 | 范围 | 尺度 | 顺序 | 内容 | 区别 | 体制 | 共性 | 效果 | 方针 | 框架 | 议题 | 作用 | 层次 | 效率 | 概念 | 优点 | 脉络 | 条件 | 场景 | 基础 | 过程 | 细节 | 误区 | 轨迹 | 方案 | 初衷 | 做法 | 进程 | 障碍 | 实质 | 主体 | 要领 | 选项 | 视角 | 现状 | 程度 | 方面 | 方方面面 | 产物 | 条款 | 限度 | 国情 | 界线 | 背景 | 分工 | 习惯 | 偏差 | 课题 | 环境 | 惯例 | 要点 | 地域 | 边界 | 与否 | 常识 | 好坏 | 性 | 长短 | 质量 | 档次 | 高低 | 标志 | 入手 | 等级 | 误差 | 时间表 | 场合 | 源头 | 日程 | 入口 | 自身 | 底层 | 分量 | 用法 | 挂钩 | 内部 | 一部分 | 单元 | 全局 | 落差 | 空白 | 用人 | 除外 | 前后,125.96109332486778,0.9971340684706527,0.0032630909301906356,步骤:1.000000 | 效果:1.000000 | 形式:1.000000 | 选项:1.000000 | 尺度:1.000000 | 落差:1.000000 | 细节:1.000000 | 原则:1.000000 | 场合:1.000000 | 入口:1.000000 | 功能:1.000000 | 方方面面:1.000000,制度:0.038018 | 结构:0.037274 | 类型:0.035533 | 效应:0.030382 | 上限:0.028710 | 工序:0.017118 | 举措:0.015554 | 因素:0.013224
28,156,0.33167568191565044,0.03841866789733602,0.14102564102564102,拽 | 踹 | 扔 | 蹦 | 叼 | 磕 | 砸 | 捡 | 揍 | 搓 | 扯 | 拎,揉 | 播 | 骗 | 蹲 | 搅 | 骑 | 泼 | 沾,骗 | 造 | 蹦 | 弄 | 挑 | 选 | 咬 | 碰 | 摸 | 啃 | 扑 | 撑,拽 | 踹 | 扔 | 蹦 | 叼 | 磕 | 砸 | 捡 | 揍 | 搓 | 扯 | 拎 | 掏 | 捏 | 甩 | 摔 | 捅 | 蹭 | 蹬 | 捞 | 踢 | 咬 | 打 | 摸 | 敲 | 揪 | 舔 | 抠 | 扛 | 耍 | 擦 | 砍 | 丢 | 溜 | 爬 | 挑 | 弄 | 揣 | 碰 | 掰 | 撕 | 搬 | 掐 | 抖 | 拦 | 跳 | 刨 | 拿 | 拉 | 撞 | 逮 | 偷 | 抡 | 挤 | 刮 | 搀 | 吓 | 啃 | 捉 | 躲 | 翻 | 趴 | 挨 | 抢 | 挣 | 晃 | 吹 | 搁 | 泼 | 撑 | 拍 | 捎 | 淌 | 撬 | 搅 | 掀 | 扑 | 揉 | 挠 | 赶 | 憋 | 蹲 | 凑 | 摆 | 攒 | 拣 | 杀 | 跑 | 抓 | 窜 | 刷 | 跪 | 抄 | 喷 | 沾 | 搭 | 买 | 捂 | 盯 | 揽 | 摘 | 铲 | 干 | 轰 | 栽 | 倒 | 拾 | 接 | 哄 | 卖 | 捧 | 赚 | 推 | 吼 | 骗 | 晒 | 吞 | 掉 | 唱 | 换 | 装 | 拼 | 爆 | 挖 | 戳 | 钻 | 扫 | 奔 | 扮 | 冒 | 争 | 狂 | 闯 | 举 | 骑 | 开 | 夺 | 催 | 吸 | 造 | 斗 | 进 | 剩 | 提 | 攀 | 捕 | 停 | 花 | 借 | 选 | 添 | 输 | 赢 | 迎 | 引 | 播,155.949170715058,0.9967411426595757,0.003111603121584473,窜:1.000000 | 舔:1.000000 | 啃:1.000000 | 捡:1.000000 | 扯:1.000000 | 抠:1.000000 | 撕:1.000000 | 捧:1.000000 | 抓:1.000000 | 掏:1.000000 | 搅:1.000000 | 踢:1.000000,抽:0.059819 | 磨:0.056223 | 捶:0.031397 | 拧:0.031091 | 抬:0.031088 | 动:0.026291 | 挥:0.026206 | 讨:0.013835
29,140,0.2669014406413123,-0.015648119741619344,0.6785714285714286,胀 | 肿 | 冷 | 闷 | 沉 | 粘 | 僵 | 晕 | 秃 | 湿 | 凉 | 黏,牙 | 肿 | 腔 | 拐 | 形 | 疯 | 肥 | 凉,溢 | 闪 | 变 | 粗 | 闷 | 拐 | 密 | 歇 | 壮 | 胀 | 漂 | 哑,胀 | 肿 | 冷 | 闷 | 沉 | 粘 | 僵 | 晕 | 秃 | 湿 | 凉 | 黏 | 塌 | 瘦 | 弯 | 碎 | 筋 | 漏 | 暗 | 粗 | 渴 | 歪 | 稀 | 哑 | 凹 | 渗 | 灰 | 脏 | 薄 | 裂 | 醒 | 暖 | 锈 | 瘫 | 黑 | 滑 | 淡 | 软 | 陡 | 飘 | 透 | 豁 | 咳 | 堵 | 昏 | 矮 | 厚 | 细 | 泻 | 松 | 硬 | 臭 | 虚 | 浅 | 喘 | 困 | 漂 | 窄 | 淹 | 漫 | 泄 | 尖 | 缓 | 旱 | 震 | 坠 | 歇 | 扁 | 静 | 霜 | 散 | 流 | 残 | 壮 | 浓 | 浮 | 断 | 紧 | 落 | 毒 | 肥 | 气 | 亮 | 凸 | 火 | 宽 | 猛 | 汗 | 急 | 响 | 乱 | 疯 | 雾 | 直 | 阔 | 色 | 轻 | 长 | 热 | 阴 | 窝 | 密 | 久 | 涌 | 迟 | 变 | 涝 | 牙 | 慢 | 积 | 土 | 形 | 重 | 溢 | 杂 | 清 | 闪 | 润 | 晴 | 短 | 荒 | 槽 | 生 | 足 | 精 | 深 | 风 | 坑 | 飞 | 裸 | 拐 | 耐 | 焦 | 毛 | 胎 | 牢 | 显 | 特 | 严 | 腔,140.12313604369177,0.9954381561793537,0.003456922115969984,窄:1.000000 | 薄:1.000000 | 矮:1.000000 | 脏:1.000000 | 静:1.000000 | 粗:1.000000 | 暗:1.000000 | 秃:1.000000 | 陡:1.000000 | 亮:1.000000 | 厚:1.000000 | 细:1.000000,叉:0.114451 | 截:0.108791 | 顺:0.086003 | 齐:0.064859 | 广:0.049654 | 横:0.044034 | 烂:0.040828 | 空:0.037129
30,84,0.2740933848057712,-0.026154254252741215,0.7261904761904762,男人 | 女人 | 女生 | 男生 | 男性 | 女性 | 男 | 女 | 帅哥 | 普通人 | 男士 | 异性,性格 | 留学生 | 别人 | 自己 | 前辈 | 从小 | 上司 | 教养,华裔 | 情侣 | 偶像 | 留学生 | 女 | 群 | 帅哥 | 岁数 | 终生 | 个人 | 位 | 本人,男人 | 女人 | 女生 | 男生 | 男性 | 女性 | 男 | 女 | 帅哥 | 普通人 | 男士 | 异性 | 身材 | 少女 | 中年 | 年纪 | 单身 | 美女 | 年轻 | 长相 | 性格 | 外貌 | 年龄 | 少年 | 大款 | 人 | 岁 | 穷人 | 岁数 | 家境 | 女子 | 富人 | 白领 | 成年 | 恋爱 | 别人 | 富翁 | 男子 | 智商 | 富豪 | 情侣 | 伴侣 | 交朋友 | 身高 | 教养 | 华裔 | 天生 | 常人 | 偶像 | 性别 | 名人 | 婚姻 | 精英 | 上司 | 影星 | 一辈子 | 天才 | 自己 | 从小 | 圈子 | 前辈 | 留学生 | 蓝领 | 口音 | 华人 | 雇主 | 本人 | 新手 | 他人 | 对方 | 小卒 | 终生 | 高龄 | 身份 | 智力 | 者 | 个子 | 个人 | 群 | 受过 | 先天 | 名 | 位 | 终身,83.94842733822189,0.9990304913764718,0.0011495788566236974,异性:1.000000 | 终生:1.000000 | 年龄:1.000000 | 长相:1.000000 | 普通人:1.000000 | 身高:1.000000 | 男性:1.000000 | 本人:1.000000 | 常人:1.000000 | 圈子:1.000000 | 年纪:1.000000 | 家境:1.000000,
31,180,0.2006839077065058,-0.031158019768041726,0.8611111111111112,相同 | 区分 | 划分 | 不同 | 重叠 | 特定 | 设置 | 分成 | 分为 | 相互 | 相辅相成 | 包含,伙伴 | 摆放 | 流水 | 高级 | 中 | 接触 | 初级 | 定义,微观 | 无关 | 区分 | 间隙 | 潜在 | 缩短 | 用途 | 独立 | 填充 | 限定 | 转换 | 类别,相同 | 区分 | 划分 | 不同 | 重叠 | 特定 | 设置 | 分成 | 分为 | 相互 | 相辅相成 | 包含 | 匹配 | 种类 | 固定 | 并行 | 交叉 | 分离 | 兼容 | 变换 | 放置 | 采用 | 互补 | 分散 | 构成 | 分割 | 混淆 | 排列 | 引入 | 融合 | 转换 | 分布 | 间隔 | 多种 | 原有 | 相连 | 分开 | 重合 | 限定 | 使用 | 组成 | 简化 | 隔开 | 定义 | 填充 | 衔接 | 构造 | 设定 | 衍生 | 对称 | 同步 | 互相 | 同一 | 关联 | 配置 | 涵盖 | 类型 | 单独 | 相等 | 平面 | 带有 | 具有 | 用于 | 摆放 | 重复 | 横向 | 涉及 | 替代 | 双向 | 各个 | 交换 | 任意 | 常规 | 组合 | 适用 | 现有 | 交替 | 新型 | 替换 | 添加 | 外部 | 分类 | 各式各样 | 虚拟 | 容纳 | 循环 | 用途 | 取代 | 相通 | 集合 | 流动 | 同等 | 合并 | 贯通 | 存在 | 保留 | 更改 | 包括 | 缩短 | 定位 | 封闭 | 通用 | 附带 | 代替 | 分组 | 并列 | 介于 | 用来 | 无关 | 大小 | 类 | 复合 | 一体 | 去掉 | 普通 | 各种 | 随机 | 各自 | 日常 | 式 | 少量 | 多边 | 各 | 独立 | 指定 | 若干 | 集中 | 改为 | 透过 | 原始 | 种 | 滚动 | 定向 | 接触 | 双边 | 同类 | 设 | 类别 | 间断 | 型 | 海量 | 自主 | 在内 | 注入 | 大量 | 内外 | 省略 | 间 | 等 | 及其 | 潜在 | 与 | 享有 | 换成 | 微观 | 依次 | 变为 | 初级 | 附属 | 永久 | 名称 | 除去 | 外界 | 间接 | 内 | 间隙 | 过往 | 自发 | 停留 | 中央 | 高级 | 中心 | 流水 | 两岸 | 前沿 | 外 | 中 | 伙伴 | 每 | 一道,179.2164147012076,0.990104916085531,0.007956893196951701,相通:1.000000 | 重复:1.000000 | 划分:1.000000 | 重叠:1.000000 | 排列:1.000000 | 放置:1.000000 | 设置:1.000000 | 分开:1.000000 | 相互:1.000000 | 互相:1.000000 | 流动:1.000000 | 固定:1.000000,其他:0.131177 | 贯穿:0.092244 | 管辖:0.053842 | 遍布:0.050711 | 加入:0.042118 | 所有:0.035648 | 任何:0.027699 | 枢纽:0.026559
32,106,0.30841632956294296,0.02315211455817878,0.3113207547169811,天分 | 才华 | 毅力 | 天赋 | 功力 | 魄力 | 本事 | 功底 | 本领 | 素养 | 品德 | 口才,姿势 | 一身 | 天性 | 兢兢业业 | 动作 | 本分 | 出口成章 | 一举一动,才华 | 功底 | 野心 | 功劳 | 眼光 | 名气 | 短处 | 责任感 | 功夫 | 不耻下问 | 魄力 | 出口成章,天分 | 才华 | 毅力 | 天赋 | 功力 | 魄力 | 本事 | 功底 | 本领 | 素养 | 品德 | 口才 | 勇气 | 学问 | 修养 | 阅历 | 志气 | 心思 | 自信心 | 人品 | 技巧 | 斗志 | 眼界 | 勤奋 | 基本功 | 手艺 | 耐性 | 素质 | 劲头 | 抱负 | 责任感 | 兴趣 | 爱好 | 长处 | 体力 | 一技之长 | 本钱 | 能力 | 演技 | 技艺 | 力气 | 意志 | 见识 | 特长 | 技能 | 眼光 | 运气 | 野心 | 实力 | 觉悟 | 专长 | 心胸 | 天性 | 精力 | 短处 | 绝技 | 潜能 | 功夫 | 头脑 | 底子 | 作风 | 经验 | 资历 | 好奇心 | 品行 | 知识 | 名气 | 名声 | 嗜好 | 苦心 | 诀窍 | 分寸 | 兴致 | 胃口 | 思想 | 治学 | 声望 | 本分 | 威信 | 心得 | 脑筋 | 招数 | 心血 | 直觉 | 善于 | 兢兢业业 | 士气 | 嗅觉 | 绝招 | 秘诀 | 架势 | 喜好 | 凭着 | 远见 | 不耻下问 | 功劳 | 强项 | 水准 | 精益求精 | 一言一行 | 出口成章 | 姿态 | 姿势 | 动作 | 一举一动 | 一身,105.86523794014515,0.997695149636639,0.0023399815328975166,嗜好:1.000000 | 底子:1.000000 | 基本功:1.000000 | 爱好:1.000000 | 功底:1.000000 | 架势:1.000000 | 苦心:1.000000 | 技能:1.000000 | 功力:1.000000 | 体力:1.000000 | 斗志:1.000000 | 本领:1.000000,窍门:0.025436 | 甜头:0.013052 | 精神:0.011499 | 聚精会神:0.011345
33,122,0.26059474257276577,0.01042864860824119,0.32786885245901637,切实 | 促进 | 加强 | 有利于 | 确保 | 注重 | 搞好 | 及早 | 积极 | 着力 | 妥善 | 有助于,谨慎 | 根治 | 因人而异 | 不宜 | 欠缺 | 广泛 | 建议 | 重视,保障 | 及早 | 搞好 | 慎重 | 需 | 做到 | 有效 | 尽可能 | 破解 | 不利于 | 第一手 | 维护,切实 | 促进 | 加强 | 有利于 | 确保 | 注重 | 搞好 | 及早 | 积极 | 着力 | 妥善 | 有助于 | 尽早 | 完善 | 稳妥 | 尽快 | 适时 | 及时 | 力求 | 抓紧 | 适当 | 重视 | 督促 | 尽可能 | 合理 | 解决 | 防止 | 健全 | 引导 | 防范 | 不利于 | 严格 | 进一步 | 规范 | 适度 | 鼓励 | 保证 | 充分 | 有效 | 便于 | 帮助 | 慎重 | 顺应 | 着重 | 兼顾 | 适应 | 杜绝 | 密切 | 注意 | 增进 | 保障 | 协调 | 促使 | 以便 | 有的放矢 | 持之以恒 | 遵循 | 坚持 | 克服 | 纠正 | 力争 | 维护 | 应对 | 提倡 | 做到 | 明确 | 争取 | 侧重 | 忽视 | 本着 | 加以 | 全面 | 循序渐进 | 全方位 | 配合 | 长效 | 有利 | 妨碍 | 至关重要 | 有益 | 弥补 | 满足 | 结合 | 良性 | 符合 | 深入 | 应 | 化解 | 务必 | 适宜 | 起到 | 酌情 | 破除 | 疏导 | 多方面 | 长远 | 广泛 | 早日 | 重点 | 谨慎 | 补救 | 以免 | 旨在 | 破解 | 超前 | 有待 | 相应 | 力所能及 | 根治 | 举一反三 | 重要 | 需 | 首要 | 关键 | 因人而异 | 填补 | 建议 | 给予 | 欠缺 | 不宜 | 亡羊补牢 | 第一手,122.1889254939762,0.9977081996433314,0.0028678417778753022,及早:1.000000 | 确保:1.000000 | 酌情:1.000000 | 保证:1.000000 | 适时:1.000000 | 健全:1.000000 | 不宜:1.000000 | 便于:1.000000 | 补救:1.000000 | 慎重:1.000000 | 维护:1.000000 | 保障:1.000000,适用:0.070492 | 推动:0.065046 | 均衡:0.063963 | 着眼于:0.057155 | 应当:0.027513 | 排除:0.026230 | 面面俱到:0.026009 | 尽力:0.020681
34,64,0.3340746015492541,0.05774421820144988,0.15625,转告 | 嘱咐 | 恳求 | 劝告 | 吩咐 | 劝说 | 叮嘱 | 劝 | 打电话 | 劝阻 | 询问 | 催促,推辞 | 有事 | 关照 | 交谈 | 看望 | 帮忙 | 谈话 | 解答,汇报 | 劝说 | 告诫 | 指点 | 打听 | 说情 | 事后 | 答复 | 来信 | 联络 | 有事 | 告知,转告 | 嘱咐 | 恳求 | 劝告 | 吩咐 | 劝说 | 叮嘱 | 劝 | 打电话 | 劝阻 | 询问 | 催促 | 招呼 | 告辞 | 请教 | 告知 | 答应 | 转达 | 拜见 | 告诫 | 请求 | 打听 | 说服 | 回信 | 求助 | 探望 | 说情 | 帮忙 | 求救 | 商量 | 答复 | 推辞 | 当面 | 指点 | 听从 | 赐教 | 拨通 | 照办 | 交谈 | 提醒 | 关照 | 汇报 | 交代 | 征求 | 拨打 | 看望 | 指教 | 陪同 | 接听 | 请 | 私下 | 谈话 | 命令 | 有事 | 来信 | 接到 | 听取 | 此事 | 解答 | 指示 | 联系 | 联络 | 请进 | 事后,63.98699645566649,0.9996406101891628,0.000521866874980752,拨通:1.000000 | 探望:1.000000 | 求助:1.000000 | 提醒:1.000000 | 询问:1.000000 | 命令:1.000000 | 照办:1.000000 | 转告:1.000000 | 指教:1.000000 | 叮嘱:1.000000 | 指点:1.000000 | 打电话:1.000000,
35,96,0.2750560925126739,0.016360039257588357,0.4479166666666667,潜艇 | 航行 | 军舰 | 飞行 | 侦察 | 跳伞 | 直升机 | 飞机 | 船只 | 坦克 | 导弹 | 飞船,动物园 | 滑雪 | 零下 | 滑梯 | 警车 | 时速 | 冲浪 | 打猎,军舰 | 艘 | 导弹 | 风力 | 宇航员 | 飞行 | 情报 | 逃生 | 划船 | 潜水 | 帆船 | 战场,潜艇 | 航行 | 军舰 | 飞行 | 侦察 | 跳伞 | 直升机 | 飞机 | 船只 | 坦克 | 导弹 | 飞船 | 机动 | 潜水 | 帆船 | 搜救 | 海军 | 巡逻 | 渔船 | 作战 | 热气球 | 射击 | 演习 | 发射 | 空中 | 探险 | 空军 | 艘 | 两栖 | 救援 | 航海 | 陆地 | 船 | 高空 | 部队 | 太空 | 摩托 | 宇航员 | 海底 | 火箭 | 补给 | 战斗 | 登山 | 驾驶 | 无线电 | 月球 | 滑雪 | 卫星 | 水手 | 战术 | 野外 | 地面 | 炸弹 | 赛车 | 地形 | 划船 | 警车 | 地球 | 队形 | 打猎 | 轮船 | 陆军 | 冲浪 | 演练 | 出动 | 北极 | 滑梯 | 战场 | 风浪 | 逃生 | 吉普 | 救护车 | 陨石 | 航天员 | 冒险 | 南极 | 急转弯 | 指挥 | 冰山 | 搏斗 | 情报 | 昼夜 | 炸药 | 时速 | 风力 | 突击 | 马车 | 经度 | 纬度 | 极限 | 防守 | 零下 | 破案 | 禁区 | 动物园 | 千钧一发,95.92953934691654,0.9982827989976172,0.0018875172390530872,跳伞:1.000000 | 探险:1.000000 | 潜水:1.000000 | 飞行:1.000000 | 演习:1.000000 | 射击:1.000000 | 打猎:1.000000 | 野外:1.000000 | 机动:1.000000 | 队形:1.000000 | 登山:1.000000 | 空中:1.000000,客机:0.038532 | 岛屿:0.033614
36,217,0.32376318067809573,0.04994344119202858,0.17511520737327188,毕竟 | 就算 | 也许 | 何况 | 可是 | 难道 | 当然 | 但是 | 其实 | 要是 | 只不过 | 好像,唉 | 没 | 想不到 | 这么 | 没什么 | 相当 | 怎么 | 非得,当然 | 首先 | 无论如何 | 所谓 | 一旦 | 而 | 一般来说 | 恐怕 | 说实话 | 本来 | 反正 | 看上去,毕竟 | 就算 | 也许 | 何况 | 可是 | 难道 | 当然 | 但是 | 其实 | 要是 | 只不过 | 好像 | 反正 | 不然 | 要不然 | 况且 | 别说 | 虽说 | 说不定 | 说实话 | 不过 | 好歹 | 的确 | 如果 | 真的 | 确实 | 说真的 | 倒是 | 纵然 | 是不是 | 哪怕 | 要不 | 既然 | 那么 | 恐怕 | 所以 | 虽然 | 看样子 | 果然 | 按说 | 因为 | 明明 | 而且 | 或许 | 没准儿 | 如果说 | 即使 | 按理说 | 显然 | 即便 | 偏偏 | 觉得 | 唉 | 实际上 | 也 | 但 | 幸好 | 然而 | 似乎 | 假如 | 起码 | 那 | 本来 | 说白了 | 总之 | 怪不得 | 好在 | 只是 | 不如说 | 居然 | 终究 | 就是说 | 果真 | 难怪 | 不见得 | 简直 | 可惜 | 幸亏 | 据说 | 倘若 | 肯定 | 莫非 | 不管 | 说到底 | 顶多 | 为什么 | 竟然 | 大概 | 比如说 | 那时候 | 假使 | 当真 | 可不是 | 说不上 | 只要 | 好比 | 还是 | 没想到 | 都 | 实在 | 就 | 怎么 | 譬如说 | 未必 | 事实上 | 至于 | 不一定 | 要么 | 不用说 | 就是 | 总而言之 | 除非 | 但愿 | 却 | 看来 | 唯独 | 那时 | 比如 | 非得 | 照样 | 也就是说 | 很难说 | 以为 | 无非 | 应该 | 总的来说 | 看起来 | 无论如何 | 比起 | 现在 | 必定 | 而是 | 譬如 | 相信 | 想不到 | 才 | 基本上 | 估计 | 这么 | 算是 | 否则 | 这 | 究竟 | 而 | 换言之 | 看似 | 刚好 | 看上去 | 这样 | 看得出 | 像 | 因此 | 没 | 正好 | 一般来说 | 还 | 却是 | 恰好 | 谈不上 | 这就是说 | 迟早 | 总算 | 没什么 | 不算 | 请问 | 有没有 | 是 | 原来 | 比方 | 相比之下 | 之所以 | 很 | 或是 | 或者 | 无论 | 那样 | 一旦 | 到底 | 不料 | 其次 | 差不多 | 并非 | 首先 | 没有 | 又 | 以前 | 不怎么 | 比不上 | 不如 | 还有 | 一样 | 有人 | 对于 | 万一 | 为何 | 另外 | 不论 | 多么 | 不 | 例如 | 所谓 | 是否 | 更 | 由此看来 | 如此 | 众所周知 | 由此可见 | 一定 | 综上所述 | 比较 | 比 | 相比 | 不亚于 | 从前 | 相当 | 另 | 基本,216.78850471195997,0.9934922286397713,0.005451628914524255,果真:1.000000 | 果然:1.000000 | 好歹:1.000000 | 好在:1.000000 | 别说:1.000000 | 莫非:1.000000 | 不然:1.000000 | 何况:1.000000 | 按说:1.000000 | 难道:1.000000 | 要不然:1.000000 | 难怪:1.000000,同样:0.195724 | 可能:0.148204 | 便是:0.127160 | 恰恰:0.101906 | 尽管:0.084915 | 仅仅:0.074162 | 非常:0.043573 | 再说:0.042576
37,121,0.26561673457557544,0.006607737984773877,0.4049586776859504,电脑 | 浏览器 | 磁盘 | 下载 | 打印机 | 电子邮件 | 鼠标 | 图像 | 硬盘 | 软件 | 按键 | 扫描,耳机 | 卡片 | 开关 | 电话 | 录音机 | 车号 | 磁卡 | 填写,网页 | 屏幕 | 磁带 | 格式 | 光盘 | 联网 | 清单 | 电子邮件 | 耳机 | 标签 | 登录 | 硬盘,电脑 | 浏览器 | 磁盘 | 下载 | 打印机 | 电子邮件 | 鼠标 | 图像 | 硬盘 | 软件 | 按键 | 扫描 | 光盘 | 手机 | 屏幕 | 短信 | 语音 | 密码 | 表格 | 邮件 | 网页 | 卡片 | 磁带 | 菜单 | 网址 | 导航 | 遥控 | 格式 | 打印 | 数据库 | 录音机 | 文件 | 登录 | 键盘 | 浏览 | 相机 | 光碟 | 通话 | 铃声 | 发送 | 摄像机 | 摄像 | 杀毒 | 计算机 | 闹钟 | 查询 | 电子版 | 搜索 | 磁卡 | 开关 | 日历 | 键 | 耳机 | 地图 | 多媒体 | 无线 | 传真 | 二维码 | 影像 | 电话 | 删除 | 防火墙 | 邮箱 | 微信 | 图形 | 胶片 | 标签 | 音量 | 账号 | 电视 | 网站 | 信箱 | 远程 | 信息 | 口令 | 防盗 | 联网 | 来电 | 一卡通 | 记录 | 地址 | 系统 | 计时 | 填写 | 数码 | 照相 | 后台 | 图纸 | 上网 | 附件 | 充电 | 指令 | 图表 | 手动 | 移动 | 数字 | 正版 | 问卷 | 焦距 | 镜头 | 天线 | 反馈 | 隐私 | 手册 | 动态 | 资料 | 引擎 | 付费 | 清单 | 窗口 | 应用 | 匿名 | 车号 | 热线 | 说明书 | 更新 | 视觉 | 页 | 指南 | 编号 | 代号,120.80955942651939,0.997224997863351,0.0028597745837548195,闹钟:1.000000 | 摄像机:1.000000 | 问卷:1.000000 | 电话:1.000000 | 音量:1.000000 | 图表:1.000000 | 表格:1.000000 | 防盗:1.000000 | 标签:1.000000 | 代号:1.000000 | 日历:1.000000 | 充电:1.000000,服务器:0.022405 | 模型:0.018354 | 主页:0.014744 | 在线:0.012091
38,116,0.25293461030014197,-0.005704456685908064,0.5603448275862069,艰苦奋斗 | 拼搏 | 奋斗 | 奋勇 | 团结 | 勇往直前 | 英勇 | 自强不息 | 奉献 | 发扬 | 不懈 | 弘扬,典范 | 圆满 | 汪洋 | 收获 | 一如既往 | 干事 | 忠于 | 光明,事业 | 模范 | 重任 | 肩负 | 朝气蓬勃 | 踊跃 | 英雄 | 奋斗 | 鹏程万里 | 后盾 | 队伍 | 决心,艰苦奋斗 | 拼搏 | 奋斗 | 奋勇 | 团结 | 勇往直前 | 英勇 | 自强不息 | 奉献 | 发扬 | 不懈 | 弘扬 | 辛勤 | 光荣 | 伟大 | 榜样 | 发愤图强 | 楷模 | 光辉 | 齐心协力 | 旗帜 | 众志成城 | 朝气蓬勃 | 勇于 | 坚持不懈 | 同舟共济 | 胜利 | 祖国 | 辉煌 | 努力 | 决心 | 中华民族 | 表率 | 争光 | 脊梁 | 自力更生 | 模范 | 号召 | 艰苦 | 凯歌 | 投身 | 忠于 | 造福 | 英雄 | 万古长青 | 前赴后继 | 繁荣 | 硕果 | 扎根 | 边疆 | 爱国 | 事业 | 公仆 | 以身作则 | 与时俱进 | 复兴 | 荣誉 | 担当 | 鹏程万里 | 改革开放 | 堡垒 | 第一线 | 默默无闻 | 重任 | 坚守 | 愚公移山 | 独立自主 | 典范 | 振兴 | 支援 | 肩负 | 大家庭 | 党 | 丰硕 | 动员 | 后盾 | 立功 | 踊跃 | 致富 | 势不可当 | 带头 | 前途 | 付出 | 口号 | 开天辟地 | 家园 | 广大 | 座右铭 | 半边天 | 解放 | 社论 | 互助 | 光明 | 功臣 | 自立 | 倡议 | 干事 | 丰收 | 长征 | 栋梁 | 双赢 | 赢得 | 评论员 | 队伍 | 摇篮 | 千家万户 | 行列 | 园地 | 历经 | 重建 | 一如既往 | 圆满 | 全世界 | 收获 | 汪洋 | 公元,115.87716878327538,0.9958641440480706,0.0026134882337137963,拼搏:1.000000 | 奉献:1.000000 | 丰收:1.000000 | 奋斗:1.000000 | 收获:1.000000 | 胜利:1.000000 | 愚公移山:1.000000 | 坚守:1.000000 | 旗帜:1.000000 | 立功:1.000000 | 踊跃:1.000000 | 辛勤:1.000000,革命:0.084417 | 成就:0.066493 | 此致:0.050389 | 兢兢业业:0.028002 | 世纪:0.024380 | 大有可为:0.016483 | 多年:0.013397 | 成才:0.010892
39,112,0.3658347518419708,0.04976509312125205,0.10714285714285714,嘲笑 | 取笑 | 讥笑 | 骂 | 责怪 | 责备 | 埋怨 | 挖苦 | 耻笑 | 胡闹 | 打岔 | 妒忌,不服气 | 反感 | 坦白 | 惯 | 不屑 | 打架 | 介意 | 忌讳,掩饰 | 嚷 | 插手 | 嘲弄 | 讽刺 | 出洋相 | 耻笑 | 嫌弃 | 鄙视 | 抨击 | 打扰 | 抱怨,嘲笑 | 取笑 | 讥笑 | 骂 | 责怪 | 责备 | 埋怨 | 挖苦 | 耻笑 | 胡闹 | 打岔 | 妒忌 | 瞧不起 | 撒谎 | 嫉妒 | 嘲弄 | 唠叨 | 嫌弃 | 欺负 | 轻蔑 | 说闲话 | 指责 | 吓唬 | 吵嘴 | 恭维 | 发脾气 | 不理 | 理睬 | 刁难 | 不屑 | 鄙视 | 插嘴 | 看不起 | 开玩笑 | 抱怨 | 不服气 | 讽刺 | 闹着玩儿 | 絮叨 | 讨厌 | 讨好 | 反驳 | 爱理不理 | 逞能 | 反感 | 调侃 | 吵架 | 质问 | 吹牛 | 吹捧 | 夸耀 | 耍赖 | 说谎 | 嚷 | 炫耀 | 辩解 | 发怒 | 笑话 | 卖弄 | 介意 | 胡说 | 出洋相 | 冒犯 | 得罪 | 反问 | 抨击 | 原谅 | 挑剔 | 误会 | 附和 | 出丑 | 理会 | 指手画脚 | 穿小鞋 | 谎话 | 告状 | 夸夸其谈 | 迁就 | 算计 | 议论 | 搞鬼 | 怠慢 | 夸 | 计较 | 在乎 | 使唤 | 认错 | 打搅 | 诉苦 | 在意 | 表白 | 打扰 | 泼冷水 | 容忍 | 作对 | 打架 | 忌讳 | 沽名钓誉 | 出风头 | 出难题 | 敲边鼓 | 冷落 | 较劲 | 掩饰 | 袖手旁观 | 敬而远之 | 不服 | 称呼 | 马后炮 | 插手 | 坦白 | 惯,111.76005591979157,0.9972657736533664,0.0023215712181620424,嘲笑:1.000000 | 瞧不起:1.000000 | 讥笑:1.000000 | 挖苦:1.000000 | 卖弄:1.000000 | 耻笑:1.000000 | 撒谎:1.000000 | 理睬:1.000000 | 责备:1.000000 | 笑话:1.000000 | 取笑:1.000000 | 嘲弄:1.000000,有口无心:0.035499 | 不以为然:0.010625
40,95,0.30980203409817575,-0.01386548006934176,0.6736842105263158,自私 | 虚伪 | 懒惰 | 自私自利 | 贪婪 | 无知 | 庸俗 | 狭隘 | 堕落 | 冷漠 | 放纵 | 叛逆,侮辱 | 触动 | 冷漠 | 迷惑 | 污秽 | 颓废 | 效仿 | 罪恶,无知 | 无能 | 触动 | 虚伪 | 片面 | 冲动 | 妄想 | 腐朽 | 颠倒 | 克制 | 标榜 | 主观,自私 | 虚伪 | 懒惰 | 自私自利 | 贪婪 | 无知 | 庸俗 | 狭隘 | 堕落 | 冷漠 | 放纵 | 叛逆 | 自尊 | 浮躁 | 颓废 | 软弱 | 本性 | 偏见 | 迷信 | 无能 | 人性 | 腐化 | 消极 | 仇恨 | 教条 | 理智 | 顺从 | 罪恶 | 自尊心 | 背叛 | 欲望 | 腐朽 | 妄想 | 放肆 | 宽恕 | 僵化 | 顽固 | 抗拒 | 本能 | 人格 | 迷恋 | 耻辱 | 自我 | 狂热 | 歪曲 | 名利 | 主观 | 污秽 | 饶恕 | 信念 | 迷惑 | 贫穷 | 排斥 | 逃避 | 片面 | 歧视 | 言行 | 侮辱 | 冲动 | 沉迷 | 束缚 | 根深蒂固 | 谎言 | 酗酒 | 宣扬 | 克制 | 官僚主义 | 压迫 | 拘束 | 发泄 | 价值观 | 空想 | 批判 | 痴迷 | 灌输 | 心态 | 朝三暮四 | 心理 | 良心 | 抵触 | 退让 | 反省 | 宣泄 | 诱惑 | 孤立 | 奢侈 | 金钱 | 迎合 | 颠倒 | 标榜 | 热衷 | 潜移默化 | 触动 | 生存 | 效仿,95.0495223489032,0.9985826327201621,0.0016590031962581198,沉迷:1.000000 | 浮躁:1.000000 | 迷恋:1.000000 | 耻辱:1.000000 | 诱惑:1.000000 | 叛逆:1.000000 | 心理:1.000000 | 无知:1.000000 | 狭隘:1.000000 | 排斥:1.000000 | 颓废:1.000000 | 腐朽:1.000000,思想:0.069413 | 意志:0.035733 | 空虚:0.028184
41,164,0.23974034359141985,-0.0066556584966328694,0.6097560975609756,规定 | 审查 | 审批 | 审核 | 依法 | 公示 | 批准 | 申请 | 登记 | 上报 | 受理 | 办理,名誉 | 事件 | 内幕 | 跨国 | 统筹 | 人为 | 消息 | 侵权,协议书 | 据此 | 一经 | 采取 | 公告 | 提交 | 惩处 | 严禁 | 通知书 | 整治 | 优先 | 许可证,规定 | 审查 | 审批 | 审核 | 依法 | 公示 | 批准 | 申请 | 登记 | 上报 | 受理 | 办理 | 履行 | 不予 | 事项 | 提交 | 法规 | 处罚 | 查处 | 核实 | 申报 | 修订 | 通报 | 手续 | 许可 | 披露 | 许可证 | 依据 | 审定 | 吊销 | 依照 | 出具 | 验收 | 条例 | 监督 | 评估 | 颁布 | 公证 | 案件 | 予以 | 协议 | 评审 | 通知 | 公告 | 惩处 | 违规 | 评定 | 授权 | 监管 | 违法 | 诉讼 | 通告 | 生效 | 通知书 | 书面 | 事宜 | 修改 | 复查 | 颁发 | 确认 | 协议书 | 约定 | 公布 | 证书 | 有关 | 确定 | 委托 | 合法 | 职责 | 制度 | 考核 | 义务 | 拟定 | 调查 | 要求 | 监察 | 认证 | 当事人 | 订立 | 相关 | 强制 | 机关 | 举报 | 列入 | 编制 | 执照 | 发布 | 取消 | 把关 | 作出 | 应当 | 投诉 | 申办 | 准许 | 未经 | 负有 | 执法 | 授予 | 执行 | 报告 | 禁止 | 合格 | 采取 | 保密 | 施行 | 按照 | 注册 | 索赔 | 现行 | 取缔 | 自愿 | 名单 | 如实 | 一律 | 上级 | 统计 | 上述 | 遵照 | 根据 | 重大 | 安排 | 侵权 | 违约 | 检察 | 行使 | 整治 | 严禁 | 自行 | 允许 | 具体 | 定期 | 无效 | 统筹 | 内幕 | 须 | 重组 | 个案 | 专人 | 获悉 | 统一 | 优先 | 如下 | 据此 | 商标 | 廉政 | 下级 | 收到 | 签约 | 报道 | 日期 | 人事 | 一经 | 列为 | 按 | 消息 | 详细 | 官方 | 拍卖 | 上市 | 事件 | 定为 | 人为 | 跨国 | 名誉,164.29929215165697,0.9959815578232877,0.004247306017183177,通知书:1.000000 | 依法:1.000000 | 评定:1.000000 | 准许:1.000000 | 约定:1.000000 | 调查:1.000000 | 查处:1.000000 | 执照:1.000000 | 如实:0.999999 | 安排:0.999999 | 举报:0.999999 | 投诉:0.999999,违反:0.201576 | 出台:0.156446 | 转让:0.107649 | 合同:0.097555 | 分类:0.042587 | 有效期:0.039808 | 部门:0.025463 | 到期:0.017334
42,124,0.2753342760591279,-0.011652687660755652,0.6129032258064516,常常 | 时不时 | 忽然 | 成天 | 时常 | 整天 | 偶尔 | 一天到晚 | 仿佛 | 生怕 | 有时候 | 有时,短暂 | 能人 | 一边 | 剩下 | 未免 | 他们 | 们 | 把,一连 | 随手 | 偷偷 | 日夜 | 成群结队 | 眼看 | 从头 | 他们 | 老是 | 此时 | 当 | 翻来覆去,常常 | 时不时 | 忽然 | 成天 | 时常 | 整天 | 偶尔 | 一天到晚 | 仿佛 | 生怕 | 有时候 | 有时 | 经常 | 不时 | 老是 | 突然 | 渐渐 | 好似 | 一不小心 | 偷偷 | 从早到晚 | 时时 | 时而 | 便 | 恨不得 | 一边 | 动不动 | 再也 | 日复一日 | 不停 | 慢慢 | 全都 | 到处 | 这时候 | 不免 | 照例 | 一年到头 | 转眼 | 一下子 | 从不 | 竟 | 早就 | 平时 | 此刻 | 永远 | 然后 | 顾不得 | 这时 | 他们 | 不知不觉 | 默默 | 翻来覆去 | 免不了 | 一齐 | 没完没了 | 不经意 | 每当 | 顾不上 | 随时 | 它 | 统统 | 如同 | 早已 | 处处 | 接着 | 成群结队 | 随时随地 | 快要 | 顺便 | 犹如 | 从没 | 眼看 | 不曾 | 于是 | 从此 | 隐约 | 背着 | 通通 | 断断续续 | 随手 | 那些 | 一连 | 彻夜 | 四处 | 开始 | 日夜 | 直到 | 们 | 此时 | 往常 | 一时 | 它们 | 连 | 无数 | 当 | 有朝一日 | 早晚 | 未免 | 把 | 无不 | 遍地 | 人们 | 注定 | 一起 | 平日 | 永不 | 常年 | 变成 | 往日 | 自然 | 从头 | 轮流 | 自始至终 | 成千上万 | 遍 | 紧接着 | 只 | 千军万马 | 一切 | 剩下 | 有的是 | 如一 | 能人 | 短暂,123.87661457161137,0.9936867726510216,0.004545449337857894,整天:1.000000 | 成天:1.000000 | 从早到晚:1.000000 | 一天到晚:1.000000 | 它:1.000000 | 日夜:1.000000 | 这时:1.000000 | 日复一日:1.000000 | 平日:1.000000 | 断断续续:1.000000 | 偶尔:1.000000 | 平时:1.000000,从来不:0.185738 | 一:0.087933 | 有的:0.042123 | 每:0.041935 | 自然而然:0.040837 | 千万:0.027441 | 不一会儿:0.027222 | 猛然:0.023617
43,112,0.3049112734124906,0.025035899869195605,0.33035714285714285,旅馆 | 饭店 | 商场 | 餐厅 | 宾馆 | 饭馆 | 餐馆 | 酒楼 | 酒吧 | 旅店 | 酒店 | 舞厅,医疗 | 购物 | 医院 | 游船 | 轿车 | 公务 | 床位 | 教学楼,诊所 | 临街 | 俱乐部 | 栋 | 寺庙 | 幢 | 商场 | 家政 | 食堂 | 体育馆 | 私人 | 床位,旅馆 | 饭店 | 商场 | 餐厅 | 宾馆 | 饭馆 | 餐馆 | 酒楼 | 酒吧 | 旅店 | 酒店 | 舞厅 | 公寓 | 电影院 | 临街 | 客房 | 书店 | 商店 | 楼房 | 写字楼 | 公园 | 超市 | 别墅 | 游泳池 | 食堂 | 养老院 | 图书馆 | 夜总会 | 菜市场 | 诊所 | 大楼 | 剧院 | 药店 | 报亭 | 大厦 | 网吧 | 教堂 | 场馆 | 礼堂 | 广场 | 剧场 | 花园 | 医院 | 体育馆 | 宫殿 | 五星级 | 楼 | 连锁店 | 住宅 | 餐饮 | 博物馆 | 幼儿园 | 店 | 建筑物 | 幢 | 教学楼 | 专卖店 | 寺庙 | 四合院 | 屋 | 邮局 | 清真寺 | 体育场 | 公共场所 | 街道 | 便利店 | 百货 | 皇宫 | 栋 | 球场 | 房屋 | 物业 | 游船 | 建筑 | 场所 | 连锁 | 大街 | 领事馆 | 办公 | 装修 | 豪华 | 床位 | 取款机 | 监狱 | 校园 | 购物 | 商城 | 俱乐部 | 住房 | 露天 | 家政 | 专柜 | 绿地 | 老字号 | 新房 | 厅 | 街头 | 乡村 | 售票 | 公共 | 私人 | 邮政 | 商务 | 养老 | 一应俱全 | 都市 | 轿车 | 公用 | 快递 | 应有尽有 | 医疗 | 公务,112.01682443192345,0.9991124415556042,0.0010001975196744768,舞厅:1.000000 | 酒楼:1.000000 | 饭店:1.000000 | 饭馆:1.000000 | 夜总会:1.000000 | 书店:1.000000 | 酒吧:1.000000 | 餐馆:1.000000 | 诊所:1.000000 | 别墅:1.000000 | 菜市场:1.000000 | 一应俱全:1.000000,保险:0.025029 | 高档:0.021363 | 海关:0.019379 | 一卡通:0.015307
44,100,0.46853194197219244,0.19582283287416477,0.02,姑姑 | 舅舅 | 奶奶 | 姐姐 | 爸爸 | 爸 | 嫂子 | 妈妈 | 妹妹 | 姥姥 | 爷爷 | 哥哥,身边 | 城里 | 大夫 | 俩 | 家里 | 一家人 | 宝宝 | 乡下,老板 | 爷爷 | 父亲 | 女孩儿 | 哥 | 女儿 | 老婆 | 丈夫 | 亲戚 | 阿姨 | 老公 | 大姐,姑姑 | 舅舅 | 奶奶 | 姐姐 | 爸爸 | 爸 | 嫂子 | 妈妈 | 妹妹 | 姥姥 | 爷爷 | 哥哥 | 闺女 | 妈 | 姥爷 | 爹 | 媳妇 | 母亲 | 老婆 | 大姐 | 儿子 | 父亲 | 叔叔 | 外婆 | 弟弟 | 女儿 | 伯母 | 阿姨 | 大哥 | 外公 | 大爷 | 老公 | 孙女 | 伯父 | 老太太 | 伯伯 | 姐 | 丈夫 | 岳母 | 岳父 | 孩子 | 太太 | 老伴儿 | 她 | 妻子 | 娘 | 亲戚 | 姨 | 长辈 | 孙子 | 小孩儿 | 老头儿 | 男朋友 | 女朋友 | 姑娘 | 大妈 | 女婿 | 丫头 | 妹 | 师父 | 老汉 | 老乡 | 老人家 | 邻居 | 老师 | 大人 | 同学 | 师傅 | 两口子 | 他 | 小伙子 | 朋友 | 女孩儿 | 老人 | 家里 | 老王 | 同事 | 老家 | 男孩儿 | 徒弟 | 保姆 | 俩 | 一家人 | 老大 | 她们 | 老板 | 小朋友 | 哥 | 小姐 | 小时候 | 宝宝 | 乡下 | 小王 | 家长 | 班长 | 房东 | 大夫 | 熟人 | 城里 | 身边,100.00779317026124,0.9998481404430248,0.00021111229426459217,爸:1.000000 | 大哥:1.000000 | 阿姨:1.000000 | 大姐:1.000000 | 姥爷:1.000000 | 老太太:1.000000 | 姥姥:1.000000 | 姨:1.000000 | 姑姑:1.000000 | 两口子:1.000000 | 舅舅:1.000000 | 奶奶:1.000000,祖母:0.012588
45,83,0.2974661307519382,0.030061323380550793,0.3373493975903614,赶往 | 前往 | 起程 | 离开 | 动身 | 逃走 | 赶到 | 赶赴 | 返回 | 抵达 | 奔赴 | 搭乘,度过 | 呼救 | 遇险 | 去 | 相遇 | 上车 | 走 | 路上,出山 | 回国 | 集结 | 途中 | 就近 | 往返 | 趟 | 躲避 | 渡过 | 避难 | 动身 | 到达,赶往 | 前往 | 起程 | 离开 | 动身 | 逃走 | 赶到 | 赶赴 | 返回 | 抵达 | 奔赴 | 搭乘 | 来到 | 到达 | 飞往 | 路过 | 下车 | 逃亡 | 逃跑 | 投奔 | 下山 | 乘车 | 步行 | 直奔 | 踏上 | 徒步 | 乘坐 | 逃 | 顺路 | 回到 | 途中 | 驾车 | 撤离 | 迷路 | 往返 | 避难 | 回国 | 上车 | 住处 | 躲藏 | 赴 | 躲避 | 掉头 | 去 | 走 | 趟 | 独自 | 乘 | 问路 | 出发 | 路上 | 归来 | 遇险 | 探亲 | 重返 | 等候 | 藏身 | 穿越 | 定居 | 中途 | 追赶 | 渡过 | 出山 | 守候 | 相遇 | 离 | 跟随 | 带路 | 来往 | 埋伏 | 半路 | 集结 | 呼救 | 远离 | 汇合 | 取经 | 解围 | 居住 | 就近 | 下落 | 向导 | 度过 | 往来,83.08215298770033,0.9998786315578602,0.00020065646551406416,前往:1.000000 | 起程:1.000000 | 住处:1.000000 | 赶往:1.000000 | 赶到:1.000000 | 来到:1.000000 | 徒步:1.000000 | 乘坐:1.000000 | 躲藏:1.000000 | 顺路:1.000000 | 独自:1.000000 | 动身:1.000000,闯:0.038375 | 下海:0.021131 | 带领:0.015138
46,84,0.2695494810446486,0.01587673410124846,0.38095238095238093,展现 | 描绘 | 展示 | 塑造 | 孕育 | 蕴涵 | 勾画 | 演绎 | 烘托 | 凝聚 | 体现 | 揭示,迎接 | 改动 | 散布 | 悬挂 | 展出 | 借用 | 触摸 | 唤起,标示 | 沉淀 | 经受 | 传达 | 描绘 | 隐藏 | 珍藏 | 堆砌 | 传播 | 发掘 | 蕴藏 | 触摸,展现 | 描绘 | 展示 | 塑造 | 孕育 | 蕴涵 | 勾画 | 演绎 | 烘托 | 凝聚 | 体现 | 揭示 | 衬托 | 再现 | 承载 | 蕴藏 | 焕发 | 描写 | 领略 | 传承 | 汇聚 | 讲述 | 造就 | 创造 | 折射 | 营造 | 镶嵌 | 唤起 | 传达 | 隐藏 | 重现 | 汇集 | 探求 | 挖掘 | 提炼 | 哺育 | 浓缩 | 寻觅 | 埋藏 | 雕刻 | 寄托 | 浮现 | 赋予 | 象征 | 陈列 | 投射 | 融入 | 寓意 | 散发 | 陶冶 | 构思 | 发掘 | 增添 | 见证 | 堆砌 | 珍藏 | 还原 | 打磨 | 寻找 | 流传 | 沉淀 | 传递 | 演变 | 展出 | 触摸 | 驾驭 | 吸取 | 呼应 | 记载 | 复原 | 继承 | 守护 | 变迁 | 传播 | 美化 | 经受 | 散布 | 标示 | 萌发 | 借用 | 悬挂 | 出土 | 迎接 | 改动,84.03294726022801,0.9998215546685555,0.0003045439010238639,打磨:1.000000 | 镶嵌:1.000000 | 散发:1.000000 | 演绎:1.000000 | 寻觅:1.000000 | 塑造:1.000000 | 埋藏:1.000000 | 烘托:1.000000 | 沉淀:1.000000 | 哺育:1.000000 | 展现:1.000000 | 勾画:1.000000,激发:0.017361 | 发挥:0.013831
47,135,0.276389316776286,0.03557961110141735,0.3037037037037037,出任 | 兼任 | 任命 | 秘书 | 担任 | 就任 | 职务 | 秘书长 | 主任 | 总裁 | 现任 | 院长,管家 | 提起 | 学士 | 出席 | 选民 | 签订 | 露面 | 建交,任 | 校长 | 发起人 | 主办 | 聘 | 工会 | 一把手 | 参谋 | 主管 | 总理 | 担任 | 事务,出任 | 兼任 | 任命 | 秘书 | 担任 | 就任 | 职务 | 秘书长 | 主任 | 总裁 | 现任 | 院长 | 委员 | 部长 | 总经理 | 董事长 | 聘任 | 任职 | 主席 | 书记 | 任 | 助理 | 团长 | 局长 | 董事 | 理事 | 校长 | 组长 | 顾问 | 会长 | 处长 | 辞去 | 总监 | 首席 | 当选 | 主管 | 任期 | 前任 | 队长 | 就职 | 司长 | 兼 | 市长 | 上任 | 所长 | 负责人 | 厂长 | 领导 | 议员 | 接替 | 领队 | 教授 | 经理 | 委员会 | 成员 | 聘请 | 提名 | 连任 | 博士 | 推选 | 大使 | 官 | 董事会 | 人选 | 专职 | 大臣 | 职员 | 聘 | 候选人 | 代表团 | 司令 | 聘用 | 召集 | 职位 | 主持 | 事务 | 导师 | 特邀 | 元老 | 提拔 | 率领 | 出席 | 总理 | 院士 | 首相 | 参谋 | 领袖 | 带队 | 团员 | 总统 | 先生 | 办事处 | 一把手 | 创始人 | 主办 | 派出 | 干部 | 同志 | 承办 | 员 | 领事 | 总部 | 牵头 | 带头人 | 下属 | 接班人 | 掌管 | 驻 | 接班 | 召开 | 接手 | 事务所 | 助手 | 学士 | 发起人 | 工会 | 派遣 | 晋升 | 领军 | 元首 | 签署 | 席位 | 加盟 | 所属 | 一行 | 院 | 签订 | 局 | 选民 | 管家 | 露面 | 效力 | 招募 | 建交 | 提起,135.286873512798,0.9990930522489875,0.0011702609727895447,主任:1.000000 | 担任:1.000000 | 兼任:1.000000 | 接替:1.000000 | 秘书:1.000000 | 任:1.000000 | 处长:1.000000 | 现任:1.000000 | 前任:1.000000 | 会长:1.000000 | 书记:1.000000 | 总裁:1.000000,内阁:0.124248 | 团体:0.055277 | 骨干:0.054926 | 记者:0.040586 | 工商:0.024887 | 代理人:0.016378 | 首脑:0.011698 | 选拔:0.010591
48,122,0.2674327401141325,-0.00036079989058018883,0.48360655737704916,裁决 | 驳回 | 判决 | 否决 | 裁定 | 上诉 | 罢免 | 起诉 | 撤换 | 法院 | 辞呈 | 撤销,批评 | 教育部 | 人权 | 触犯 | 赞同 | 讲话 | 移交 | 交涉,拍板 | 辩护 | 公开信 | 违背 | 一致 | 驳回 | 声明 | 辞职 | 原告 | 检讨 | 表态 | 单方面,裁决 | 驳回 | 判决 | 否决 | 裁定 | 上诉 | 罢免 | 起诉 | 撤换 | 法院 | 辞呈 | 撤销 | 辞职 | 法庭 | 拒绝 | 仲裁 | 免职 | 提议 | 表态 | 解散 | 决议 | 表决 | 开除 | 批评 | 废除 | 下台 | 异议 | 辞退 | 承认 | 辩护 | 同意 | 道歉 | 解雇 | 公职 | 国会 | 议会 | 主张 | 选举 | 和解 | 让步 | 辩论 | 递交 | 否认 | 协商 | 审判 | 采纳 | 磋商 | 交涉 | 判处 | 中止 | 职权 | 被告 | 敦促 | 答辩 | 单方面 | 调解 | 提出 | 反对 | 处分 | 内阁 | 会谈 | 法官 | 重申 | 谈判 | 公开信 | 声明 | 赞同 | 出面 | 宣布 | 赞成 | 违反 | 决定 | 律师 | 议程 | 草案 | 签字 | 意见 | 竞选 | 追究 | 发言 | 谅解 | 澄清 | 认定 | 会议 | 原告 | 违背 | 离职 | 无条件 | 大选 | 终止 | 声称 | 呼吁 | 公开 | 解除 | 检讨 | 遵守 | 拍板 | 触犯 | 人权 | 口头 | 发表 | 拖延 | 宣称 | 改正 | 联邦 | 发言人 | 干预 | 讲话 | 点名 | 接纳 | 移交 | 无可奉告 | 接受 | 主权 | 一致 | 服从 | 变更 | 上台 | 教育部 | 纪律 | 正式 | 管辖,121.90781044053729,0.9946687483789028,0.00446426773713346,赞成:1.000000 | 辩论:1.000000 | 辞呈:1.000000 | 出面:1.000000 | 同意:1.000000 | 公职:1.000000 | 宣布:1.000000 | 辞职:1.000000 | 开除:1.000000 | 下台:1.000000 | 提议:1.000000 | 解散:1.000000,行使:0.114995 | 诉讼:0.093876 | 表示:0.057408 | 对外:0.051649 | 暂停:0.018772 | 联合国:0.017032 | 施行:0.015414 | 修订:0.014140
49,90,0.3457644825398916,0.07749290915876166,0.05555555555555555,入学 | 研究生 | 高中 | 大学 | 毕业生 | 学校 | 初中 | 本科 | 报考 | 就读 | 学生 | 毕业,辅导 | 经商 | 驾照 | 培训 | 培训班 | 下乡 | 学时 | 小学生,从业 | 求职 | 考生 | 硕士 | 选拔 | 函授 | 参军 | 就读 | 班 | 学生 | 毕业生 | 应聘,入学 | 研究生 | 高中 | 大学 | 毕业生 | 学校 | 初中 | 本科 | 报考 | 就读 | 学生 | 毕业 | 升学 | 招生 | 中学 | 小学 | 转学 | 学业 | 硕士 | 教师 | 退学 | 录取 | 师范 | 文凭 | 进修 | 学年 | 函授 | 奖学金 | 学位 | 招收 | 年级 | 求学 | 学期 | 理科 | 留学 | 师资 | 学时 | 民办 | 工科 | 攻读 | 在职 | 中小学 | 学历 | 班级 | 夜校 | 学院 | 学员 | 学分 | 私立 | 勤工俭学 | 高考 | 公费 | 文科 | 应聘 | 大学生 | 中学生 | 办学 | 培训 | 考生 | 班 | 求职 | 兼职 | 学科 | 公立 | 小学生 | 出国 | 学堂 | 公务员 | 培训班 | 子弟 | 志愿 | 成才 | 社团 | 讲学 | 招聘 | 业余 | 初等 | 教育 | 辅导 | 选拔 | 驾照 | 文盲 | 自费 | 岗位 | 下岗 | 退休 | 参军 | 从业 | 下乡 | 经商,89.98350924959666,0.9995913021086319,0.0005638373939847441,小学:1.000000 | 初中:1.000000 | 考生:1.000000 | 求学:1.000000 | 就读:1.000000 | 高中:1.000000 | 年级:1.000000 | 学分:1.000000 | 中学:1.000000 | 学年:1.000000 | 辅导:1.000000 | 文盲:1.000000,考试:0.011710
50,145,0.2589808224806078,-0.0018841377050167205,0.4827586206896552,加剧 | 减弱 | 加重 | 恶化 | 萎缩 | 严重 | 缓解 | 急剧 | 抑制 | 缓和 | 紊乱 | 激化,苛刻 | 情绪 | 火暴 | 看重 | 衰竭 | 乐观 | 猛烈 | 衰弱,缓慢 | 被动 | 紧缩 | 承受 | 乐观 | 不景气 | 急剧 | 脱节 | 与日俱增 | 负面 | 苛刻 | 萎缩,加剧 | 减弱 | 加重 | 恶化 | 萎缩 | 严重 | 缓解 | 急剧 | 抑制 | 缓和 | 紊乱 | 激化 | 趋于 | 导致 | 低迷 | 衰弱 | 过度 | 衰退 | 影响 | 剧烈 | 诱发 | 缓慢 | 收缩 | 改善 | 好转 | 降低 | 造成 | 明显 | 不利 | 遏制 | 拖累 | 扭转 | 升温 | 松弛 | 严峻 | 紧缩 | 减轻 | 损害 | 愈演愈烈 | 制约 | 减少 | 挤压 | 滞后 | 增多 | 显著 | 不景气 | 抵消 | 极度 | 改变 | 引发 | 膨胀 | 阻碍 | 大幅度 | 消除 | 过分 | 限制 | 过剩 | 延缓 | 刺激 | 困扰 | 动荡 | 引起 | 高涨 | 衰竭 | 低下 | 加深 | 缺失 | 蔓延 | 有所 | 紧缺 | 过于 | 缺乏 | 危及 | 畸形 | 薄弱 | 短缺 | 受到 | 泛滥 | 降温 | 依赖 | 产生 | 情绪 | 雪上加霜 | 避免 | 不足 | 放松 | 不可避免 | 复苏 | 普遍 | 淡化 | 乐观 | 倾向 | 强烈 | 脱节 | 波及 | 敏感 | 忽略 | 暴露 | 突出 | 饱和 | 偏向 | 平衡 | 频繁 | 表现 | 透支 | 压缩 | 轻微 | 低估 | 猛烈 | 警惕 | 均衡 | 收敛 | 爆发 | 局限 | 面临 | 消化 | 时好时坏 | 负面 | 过早 | 与日俱增 | 不良 | 供不应求 | 承受 | 略微 | 有限 | 异常 | 被动 | 受 | 盛行 | 排除 | 单一 | 水涨船高 | 落后 | 缺少 | 隐性 | 局部 | 大面积 | 观望 | 火暴 | 保守 | 看重 | 受益 | 苛刻 | 看好 | 为主,144.82124363386353,0.994320771381713,0.004409001720464497,紊乱:1.000000 | 轻微:1.000000 | 缓和:1.000000 | 造成:1.000000 | 加重:1.000000 | 降温:1.000000 | 收敛:1.000000 | 引起:1.000000 | 严重:1.000000 | 缓解:1.000000 | 敏感:1.000000 | 猛烈:1.000000,增加:0.275918 | 存在:0.082300 | 供给:0.066250 | 达到:0.035261 | 增大:0.029414 | 削弱:0.028348 | 扩大:0.013507
51,109,0.3244249251430436,0.054664265557269366,0.1559633027522936,山岭 | 树林 | 山坡 | 茂密 | 树木 | 峡谷 | 树荫 | 小溪 | 树梢 | 山谷 | 松树 | 沼泽,角落 | 暴雨 | 黑夜 | 台风 | 脚印 | 名胜 | 洪水 | 荒凉,瀑布 | 地下 | 柏树 | 暴风雨 | 堤坝 | 桃树 | 山冈 | 角落 | 雨水 | 株 | 风景 | 洞,山岭 | 树林 | 山坡 | 茂密 | 树木 | 峡谷 | 树荫 | 小溪 | 树梢 | 山谷 | 松树 | 沼泽 | 柳树 | 礁石 | 山峰 | 池塘 | 柏树 | 大海 | 湖泊 | 沙漠 | 岩石 | 雪山 | 河流 | 高山 | 泥土 | 景色 | 奇花异草 | 沙滩 | 海滩 | 海浪 | 悬崖 | 草原 | 草坪 | 天空 | 海边 | 瀑布 | 森林 | 丛林 | 槐树 | 风沙 | 堤坝 | 海面 | 山冈 | 波涛 | 小路 | 茂盛 | 连绵 | 草地 | 桃树 | 荒凉 | 戈壁 | 杨树 | 海水 | 禾苗 | 山路 | 山川 | 美景 | 水面 | 彩霞 | 荆棘 | 庄稼 | 辽阔 | 棵 | 风景 | 大地 | 冰雪 | 喷泉 | 黑夜 | 高原 | 雨水 | 城墙 | 干旱 | 雨 | 荷花 | 景观 | 树 | 裂缝 | 蓝天 | 芦花 | 波浪 | 深处 | 坟墓 | 乌云 | 废墟 | 暴风雨 | 火山 | 上空 | 洪水 | 风雨 | 坟 | 古迹 | 墓碑 | 海洋 | 脚印 | 洞 | 纵横交错 | 太阳 | 名胜 | 热带 | 株 | 暴雨 | 大片 | 大街小巷 | 角落 | 片 | 地下 | 金字塔 | 鸟巢 | 台风,109.20823309885036,0.9982957171166675,0.0015561840099224094,景色:1.000000 | 沼泽:1.000000 | 树林:1.000000 | 山川:1.000000 | 柏树:1.000000 | 风景:1.000000 | 名胜:1.000000 | 棵:1.000000 | 奇花异草:1.000000 | 沙滩:1.000000 | 山冈:1.000000 | 暴雨:1.000000,海啸:0.154371 | 天桥:0.149316 | 雪:0.043997 | 气温:0.013941
52,82,0.3353212340459085,0.037922358206465945,0.2073170731707317,光滑 | 柔软 | 鲜艳 | 翠绿 | 坚硬 | 结实 | 晶莹 | 明亮 | 修长 | 光泽 | 碧绿 | 线条,强壮 | 灵巧 | 大气 | 简陋 | 水灵灵 | 清脆 | 侧面 | 干燥,灰色 | 颜色 | 结实 | 韧性 | 光泽 | 宽阔 | 单薄 | 粗糙 | 干燥 | 搭配 | 修长 | 不起眼,光滑 | 柔软 | 鲜艳 | 翠绿 | 坚硬 | 结实 | 晶莹 | 明亮 | 修长 | 光泽 | 碧绿 | 线条 | 花纹 | 粗糙 | 美观 | 柔和 | 白色 | 红润 | 形状 | 整洁 | 圆形 | 颜色 | 整齐 | 轮廓 | 硬朗 | 丰满 | 高大 | 宽阔 | 苗条 | 宽敞 | 健壮 | 棱角 | 弯曲 | 外形 | 五颜六色 | 质地 | 黄色 | 灰色 | 外表 | 斑点 | 矮小 | 潮湿 | 外观 | 干净 | 造型 | 显眼 | 湿润 | 黑色 | 平坦 | 清脆 | 裸露 | 均匀 | 遮盖 | 灵巧 | 强壮 | 点缀 | 洁净 | 透气 | 醒目 | 单薄 | 干燥 | 饱满 | 图案 | 酷似 | 笨重 | 破旧 | 水灵灵 | 红色 | 蓝色 | 稠密 | 透明 | 简陋 | 残缺 | 完好 | 搭配 | 表面 | 荧光 | 不起眼 | 韧性 | 分明 | 侧面 | 大气,81.94392945151188,0.9990543470562808,0.0008467342926529848,光泽:1.000000 | 坚硬:1.000000 | 整洁:1.000000 | 柔软:1.000000 | 矮小:1.000000 | 破旧:1.000000 | 酷似:1.000000 | 醒目:1.000000 | 修长:1.000000 | 光滑:1.000000 | 线条:1.000000 | 干净:1.000000,
53,67,0.31693263680623157,0.03548310791794843,0.29850746268656714,游玩 | 度假 | 郊游 | 野餐 | 游览 | 旅游 | 出游 | 避暑 | 旅行 | 用餐 | 野炊 | 观光,饮食 | 上班族 | 午餐 | 喜酒 | 美食 | 年夜饭 | 接送 | 晚餐,钓鱼 | 桑拿 | 午餐 | 燃放 | 夜市 | 漫游 | 游 | 年夜饭 | 养生 | 乐园 | 约会 | 野炊,游玩 | 度假 | 郊游 | 野餐 | 游览 | 旅游 | 出游 | 避暑 | 旅行 | 用餐 | 野炊 | 观光 | 晚餐 | 休闲 | 住宿 | 美食 | 就餐 | 景点 | 聚会 | 游 | 午餐 | 吃喝玩乐 | 蜜月 | 游客 | 约会 | 野营 | 观赏 | 温泉 | 年夜饭 | 消遣 | 狂欢 | 预订 | 景区 | 游人 | 婚礼 | 出行 | 健身 | 庙会 | 去处 | 体验 | 夜市 | 娱乐 | 养生 | 钓鱼 | 自助 | 乐园 | 户外 | 客人 | 套餐 | 拍照 | 焰火 | 喜酒 | 桑拿 | 接送 | 相约 | 饮食 | 狂欢节 | 特价 | 漫游 | 促销 | 上班族 | 烟火 | 燃放 | 打折 | 拍摄 | 享受 | 烟花,67.43321071541742,0.9998529887359459,0.00024225242389987122,晚餐:1.000000 | 游人:1.000000 | 约会:1.000000 | 观光:1.000000 | 观赏:1.000000 | 野炊:1.000000 | 游览:1.000000 | 避暑:1.000000 | 午餐:1.000000 | 出游:1.000000 | 享受:1.000000 | 用餐:1.000000,食宿:0.397993 | 摄影:0.034011
54,112,0.33461052124100327,0.008706413496887387,0.4107142857142857,蠢 | 没劲 | 丢人 | 难受 | 傻 | 没意思 | 疼 | 别扭 | 贪玩儿 | 倒霉 | 慌 | 好玩儿,请坐 | 偷懒 | 贪玩儿 | 无聊 | 难受 | 个儿 | 乖 | 慌,费劲 | 丑 | 不敢当 | 过瘾 | 慌 | 贵 | 糟 | 苦 | 够呛 | 闹 | 偷懒 | 出息,蠢 | 没劲 | 丢人 | 难受 | 傻 | 没意思 | 疼 | 别扭 | 贪玩儿 | 倒霉 | 慌 | 好玩儿 | 难看 | 惨 | 厉害 | 乖 | 丢脸 | 好看 | 馋 | 碍事 | 难听 | 舒服 | 烦 | 丑 | 无聊 | 糊涂 | 恶心 | 费劲 | 痛快 | 活该 | 稀罕 | 冤枉 | 笨 | 逗 | 不像话 | 受不了 | 好听 | 瞎 | 要命 | 贱 | 懒 | 吵 | 够呛 | 胖 | 有两下子 | 吓人 | 吃亏 | 过瘾 | 爽 | 偷懒 | 可怜 | 起劲 | 穷 | 出息 | 逼 | 赔钱 | 坏 | 不值 | 出毛病 | 挨打 | 冤 | 看得起 | 凶 | 帅 | 了不起 | 喜欢 | 烂 | 嫌 | 糟 | 美滋滋 | 不敢当 | 骗人 | 不得了 | 懂 | 值钱 | 随大溜 | 累 | 省事 | 错 | 利索 | 闹 | 便宜 | 孤陋寡闻 | 狠 | 上瘾 | 苦 | 过不去 | 一塌糊涂 | 个儿 | 太 | 岂有此理 | 碰钉子 | 买不起 | 少 | 上当 | 一锅粥 | 马虎 | 沾光 | 过奖 | 亏本 | 贵 | 亏 | 外行 | 见外 | 请坐 | 不成 | 内行 | 得了 | 差 | 缺 | 一毛不拔 | 拿手,111.9173204402554,0.9977887772638381,0.002479459337191157,过瘾:1.000000 | 贵:1.000000 | 恶心:1.000000 | 碍事:1.000000 | 惨:1.000000 | 厉害:1.000000 | 舒服:1.000000 | 值钱:1.000000 | 喜欢:1.000000 | 便宜:1.000000 | 一锅粥:1.000000 | 丑:1.000000,不怎么样:0.023586 | 瘦:0.019799 | 多心:0.018670 | 闹着玩儿:0.018566 | 跑龙套:0.018211 | 出头:0.014738
55,114,0.29045242007321487,0.027880344368228976,0.24561403508771928,急忙 | 赶忙 | 慌忙 | 连忙 | 赶紧 | 趁机 | 悄悄 | 立刻 | 火速 | 毫不犹豫 | 连夜 | 立即,得意扬扬 | 一手 | 前来 | 再三 | 打算 | 当众 | 小心翼翼 | 正当,争分夺秒 | 亲自 | 带领 | 得意扬扬 | 正当 | 小心翼翼 | 争先恐后 | 立刻 | 顺势 | 临时 | 匆匆 | 坚决,急忙 | 赶忙 | 慌忙 | 连忙 | 赶紧 | 趁机 | 悄悄 | 立刻 | 火速 | 毫不犹豫 | 连夜 | 立即 | 竭力 | 纷纷 | 赶快 | 急于 | 极力 | 迫不及待 | 毅然 | 想方设法 | 设法 | 特意 | 匆忙 | 马上 | 当即 | 争先恐后 | 执意 | 不得不 | 特地 | 三番五次 | 奋力 | 迅速 | 一再 | 不惜 | 随即 | 千方百计 | 伺机 | 只好 | 竭尽全力 | 全力 | 强行 | 尽力 | 小心翼翼 | 试图 | 亲自 | 匆匆 | 再三 | 被迫 | 只得 | 暗中 | 加紧 | 下令 | 下决心 | 果断 | 得意扬扬 | 不得已 | 接连 | 不约而同 | 陆续 | 屡次 | 接二连三 | 来不及 | 一鼓作气 | 频频 | 坚决 | 竞相 | 暗地里 | 来得及 | 夜以继日 | 多次 | 专程 | 重新 | 打算 | 挨家挨户 | 率先 | 准备 | 亲手 | 全力以赴 | 争分夺秒 | 郑重 | 紧急 | 不断 | 当众 | 有意 | 当场 | 大力 | 顺势 | 趁 | 仔细 | 毫不 | 一同 | 精心 | 继续 | 不顾 | 预先 | 快速 | 迟迟 | 事先 | 飞速 | 一一 | 急需 | 前来 | 就地 | 反复 | 带领 | 为此 | 一举 | 大批 | 向 | 正当 | 一手 | 从中 | 大规模 | 临时,113.4810125152016,0.9948358345982516,0.002827360527055704,立即:1.000000 | 竞相:1.000000 | 当场:1.000000 | 趁机:1.000000 | 迅速:1.000000 | 当即:1.000000 | 亲手:1.000000 | 火速:1.000000 | 伺机:1.000000 | 亲自:1.000000 | 紧急:1.000000 | 一再:1.000000,不懈:0.010630
56,130,0.2772890759470639,0.019645967663669005,0.3384615384615385,阐述 | 解释 | 分析 | 判断 | 揣测 | 推断 | 表述 | 推测 | 理解 | 猜测 | 思考 | 解读,认识 | 预感 | 深思 | 察觉 | 回复 | 启发 | 关注 | 提到,否定 | 表达 | 总结 | 归结 | 质疑 | 简要 | 察觉 | 启发 | 举例 | 解读 | 揣摩 | 考虑,阐述 | 解释 | 分析 | 判断 | 揣测 | 推断 | 表述 | 推测 | 理解 | 猜测 | 思考 | 解读 | 探讨 | 总结 | 叙述 | 论述 | 揣摩 | 断定 | 概括 | 审视 | 描述 | 归纳 | 反思 | 思索 | 预测 | 评判 | 回答 | 谈论 | 猜想 | 讨论 | 判定 | 解析 | 追问 | 表达 | 观察 | 推算 | 印证 | 论证 | 否定 | 预言 | 估算 | 衡量 | 测算 | 琢磨 | 看出 | 评价 | 指出 | 列举 | 举例 | 设想 | 看待 | 认为 | 考虑 | 了解 | 假定 | 推敲 | 介绍 | 质疑 | 考量 | 预见 | 反映 | 权衡 | 证实 | 假设 | 分辨 | 回顾 | 陈述 | 领会 | 回应 | 界定 | 证明 | 暗示 | 想象 | 强调 | 谈到 | 谈 | 说明 | 求证 | 认识 | 正视 | 提到 | 深思 | 表示 | 确信 | 形容 | 得出 | 透露 | 表明 | 提问 | 领悟 | 归结 | 预料 | 把握 | 察觉 | 对比 | 预感 | 对待 | 引用 | 回避 | 找出 | 顾及 | 简要 | 参考 | 夸大 | 展望 | 借鉴 | 显示 | 模仿 | 启发 | 反应 | 参照 | 试探 | 对 | 选择 | 提示 | 尝试 | 补充 | 关注 | 针对 | 修正 | 留意 | 点评 | 面对 | 换位 | 对照 | 追溯 | 回复 | 联想 | 整理 | 正面,130.06855066354095,0.9989218534077134,0.0012656624913584716,推断:1.000000 | 思考:1.000000 | 琢磨:1.000000 | 推测:1.000000 | 判断:1.000000 | 谈到:1.000000 | 回顾:1.000000 | 求证:1.000000 | 猜测:1.000000 | 暗示:1.000000 | 断定:1.000000 | 提到:1.000000,否认:0.069840 | 怀疑:0.048987 | 预期:0.011814 | 梳理:0.011571 | 辨认:0.010644
57,87,0.42497251799765134,0.14829916124639775,0.06896551724137931,衬衣 | 袜子 | 大衣 | 毛衣 | 衣服 | 裤子 | 衬衫 | 裙子 | 围巾 | 外套 | 上衣 | 拖鞋,餐桌 | 凳子 | 椅子 | 沙发 | 花瓶 | 藤椅 | 杯子 | 辫子,背包 | 裤子 | 圆珠笔 | 球鞋 | 毛笔 | 笔记本 | 文具 | 外套 | 塑料袋 | 毯子 | 制服 | 背心,衬衣 | 袜子 | 大衣 | 毛衣 | 衣服 | 裤子 | 衬衫 | 裙子 | 围巾 | 外套 | 上衣 | 拖鞋 | 鞋 | 皮鞋 | 短裤 | 凉鞋 | 牛仔裤 | 领带 | 西装 | 羽绒服 | 球鞋 | 内衣 | 雨衣 | 毯子 | 毛巾 | 衣架 | 手套 | 背心 | 皮包 | 枕头 | 被子 | 垫子 | 穿着 | 礼服 | 书包 | 睡袋 | 高跟鞋 | 旗袍 | 蚊帐 | 帽子 | 手帕 | 服装 | 水壶 | 梳子 | 拉锁 | 椅子 | 纽扣 | 牙刷 | 靴子 | 项链 | 凳子 | 地毯 | 口罩 | 款式 | 杯子 | 沙发 | 背包 | 眼镜 | 首饰 | 藤椅 | 铅笔 | 手表 | 服饰 | 婚纱 | 辫子 | 外衣 | 钢笔 | 发型 | 制服 | 圆珠笔 | 戒指 | 球拍 | 文具 | 家具 | 保暖 | 玩具 | 用品 | 塑料袋 | 笔记本 | 毛笔 | 手枪 | 自行车 | 牌子 | 珠宝 | 花瓶 | 充电器 | 餐桌,86.98341516695366,0.9994067496573161,0.000647165479046873,上衣:1.000000 | 内衣:1.000000 | 凉鞋:1.000000 | 制服:1.000000 | 口罩:1.000000 | 围巾:1.000000 | 拖鞋:1.000000 | 毛衣:1.000000 | 牛仔裤:1.000000 | 球鞋:1.000000 | 短裤:1.000000 | 礼服:1.000000,
58,113,0.22181255954405668,-0.04108013765804346,0.8230088495575221,紫 | 玉 | 鹿 | 雪 | 剑 | 仙鹤 | 虎 | 龙 | 玄 | 白 | 琴 | 鹰,根 | 龟 | 平安 | 珍珠 | 个 | 彩色 | 老 | 副,鹰 | 根 | 海 | 朵 | 红 | 球 | 罗 | 母 | 部 | 伴 | 嫦娥 | 拳,紫 | 玉 | 鹿 | 雪 | 剑 | 仙鹤 | 虎 | 龙 | 玄 | 白 | 琴 | 鹰 | 蓝 | 马 | 野 | 红 | 梅花 | 青 | 豹 | 弓 | 泉 | 灵 | 箭 | 魂 | 黄 | 俊 | 草 | 枝 | 牡丹 | 佛 | 傲 | 桃花 | 铃 | 绿 | 熊 | 龟 | 骏马 | 海 | 如意 | 宝 | 朱红 | 墨 | 帆 | 子 | 圆 | 金 | 丁 | 珍珠 | 朵 | 瓷 | 宫 | 吉祥 | 王 | 光 | 洋 | 良 | 弦 | 缕 | 酷 | 古 | 太极 | 坛 | 曲 | 云 | 罗 | 拳 | 堂 | 凤凰 | 嫦娥 | 铁 | 根 | 兵 | 德 | 丝 | 老 | 国宝 | 谱 | 巨人 | 胆 | 浪 | 旭日 | 阵 | 天地 | 甲 | 球 | 黑白 | 三角 | 风云 | 美 | 炮 | 母 | 力 | 小 | 优 | 天下 | 彩色 | 吉利 | 幕 | 东方 | 棒 | 长寿 | 丙 | 乙 | 伴 | 爵士 | 长城 | 标致 | 少林寺 | 幅 | 平安 | 副 | 部 | 个,113.70057020560009,0.9963959748655188,0.003477296572806396,拳:1.000000 | 酷:1.000000 | 弦:1.000000 | 长寿:1.000000 | 玉:1.000000 | 如意:1.000000 | 旭日:1.000000 | 力:1.000000 | 子:1.000000 | 国宝:1.000000 | 龙:1.000000 | 阵:1.000000,科:0.276171 | 土:0.268275 | 利:0.158084 | 板:0.077981 | 广:0.043547 | 家:0.038167 | 黑马:0.032391 | 焦:0.031138
59,73,0.3076968009300146,0.04886146125617211,0.1780821917808219,受伤 | 事故 | 车祸 | 伤亡 | 丧生 | 火灾 | 重伤 | 损坏 | 倒塌 | 死亡 | 毁坏 | 爆炸,尸体 | 流血 | 超速 | 晕倒 | 可疑 | 意外 | 危险 | 查出,恶性 | 遗留 | 惨重 | 失灵 | 突发 | 遭遇 | 可疑 | 重伤 | 损失 | 出事 | 着火 | 水灾,受伤 | 事故 | 车祸 | 伤亡 | 丧生 | 火灾 | 重伤 | 损坏 | 倒塌 | 死亡 | 毁坏 | 爆炸 | 遇难 | 灾害 | 水灾 | 失踪 | 着火 | 烧毁 | 损失 | 不幸 | 出事 | 遭受 | 追尾 | 故障 | 惨重 | 泄漏 | 伤 | 伤害 | 停电 | 重创 | 破裂 | 受害 | 旱灾 | 瘫痪 | 空难 | 断裂 | 突发 | 肇事 | 发生 | 伤势 | 瘟疫 | 海啸 | 失控 | 遗弃 | 地震 | 堵塞 | 危险 | 污染 | 无家可归 | 晕倒 | 窒息 | 延误 | 中断 | 不慎 | 失灵 | 危害 | 流血 | 危急 | 遭遇 | 致命 | 特大 | 意外 | 恶性 | 滞留 | 遭到 | 尸体 | 焚烧 | 震动 | 超标 | 可疑 | 超速 | 遗留 | 查出,72.84664185569396,0.997724357402425,0.0015296011777026447,水灾:1.000000 | 突发:1.000000 | 事故:1.000000 | 受伤:1.000000 | 空难:1.000000 | 重伤:1.000000 | 不慎:1.000000 | 伤亡:1.000000 | 火灾:1.000000 | 车祸:1.000000 | 遭受:1.000000 | 故障:1.000000,
60,89,0.3551574457418942,0.06643376870286646,0.15730337078651685,治疗 | 病人 | 急诊 | 患者 | 疾病 | 住院 | 糖尿病 | 儿科 | 确诊 | 手术 | 就诊 | 救治,膳食 | 理发 | 自杀 | 急性 | 慢性 | 失业 | 胶囊 | 护士,监护 | 生育 | 体检 | 艾滋病 | 输液 | 输血 | 霍乱 | 患 | 老年 | 慢性 | 抢救 | 针灸,治疗 | 病人 | 急诊 | 患者 | 疾病 | 住院 | 糖尿病 | 儿科 | 确诊 | 手术 | 就诊 | 救治 | 打针 | 医生 | 治病 | 患病 | 门诊 | 急性 | 内科 | 康复 | 针灸 | 病 | 外科 | 临床 | 高血压 | 诊断 | 病情 | 传染病 | 精神病 | 慢性 | 药物 | 西医 | 看病 | 心脏病 | 急救 | 求医 | 出院 | 输液 | 中医 | 治愈 | 护理 | 艾滋病 | 疗法 | 生病 | 保健 | 医学 | 患 | 护士 | 会诊 | 患有 | 就医 | 孕妇 | 抗生素 | 职业病 | 流感 | 挂号 | 疗养 | 药品 | 中药 | 疫苗 | 防治 | 体检 | 预防 | 霍乱 | 监护 | 处方 | 药 | 防疫 | 怀孕 | 抢救 | 输血 | 婴儿 | 休养 | 美容 | 安眠药 | 生育 | 看护 | 老年 | 吸毒 | 理发 | 矫正 | 晚期 | 膳食 | 兴奋剂 | 自杀 | 成人 | 胶囊 | 自理 | 失业,88.96729849045109,0.9992796765842478,0.0009262790239253539,儿科:1.000000 | 内科:1.000000 | 外科:1.000000 | 护理:1.000000 | 病人:1.000000 | 西医:1.000000 | 救治:1.000000 | 出院:1.000000 | 急诊:1.000000 | 急救:1.000000 | 中医:1.000000 | 针灸:1.000000,
61,163,0.2305633073761429,-0.003816636684173511,0.5521472392638037,月初 | 年初 | 上个月 | 月底 | 近期 | 此前 | 今年 | 去年 | 下旬 | 上周 | 前不久 | 中旬,那会儿 | 过 | 明天 | 四季 | 逢 | 正在 | 预期 | 一半,明年 | 其后 | 未 | 全国 | 即将 | 年初 | 同期 | 昨天 | 拟 | 上周 | 一半 | 当晚,月初 | 年初 | 上个月 | 月底 | 近期 | 此前 | 今年 | 去年 | 下旬 | 上周 | 前不久 | 中旬 | 月份 | 年底 | 刚刚 | 前天 | 上旬 | 昨天 | 此后 | 近日 | 日前 | 随后 | 下个月 | 当天 | 之前 | 目前 | 当晚 | 前年 | 不久 | 明年 | 最近 | 当日 | 以来 | 年前 | 接下来 | 今日 | 日 | 即将 | 此次 | 今天 | 迄今 | 次日 | 届时 | 前期 | 其后 | 期间 | 至此 | 之后 | 同年 | 月 | 预计 | 后来 | 再度 | 晚间 | 明日 | 稍后 | 近来 | 迄今为止 | 先后 | 截至 | 过后 | 时隔 | 刚 | 自从 | 全年 | 同期 | 后 | 明天 | 后续 | 已 | 至今 | 以后 | 周 | 季度 | 日后 | 上次 | 总共 | 再次 | 后期 | 初 | 当时 | 相继 | 年 | 一共 | 继 | 将要 | 当年 | 首次 | 已经 | 初期 | 后年 | 一度 | 尚未 | 截止 | 终于 | 当前 | 与此同时 | 曾 | 共计 | 历时 | 据悉 | 据 | 最后 | 将近 | 首批 | 短期 | 为期 | 年度 | 此外 | 早 | 那会儿 | 本期 | 何时 | 初步 | 有望 | 整整 | 共 | 共有 | 期中 | 拟 | 上期 | 总计 | 期 | 未 | 年终 | 四季 | 自 | 经过 | 预期 | 将 | 下期 | 第二 | 次 | 直至 | 季 | 时 | 全国 | 分别 | 长达 | 正在 | 屡 | 因 | 获 | 第 | 集体 | 其间 | 初次 | 该 | 全部 | 创 | 半数 | 经 | 记者 | 过 | 在 | 整个 | 逢 | 由 | 批 | 十 | 原 | 以下 | 一半,164.66059160382991,0.9974926896666805,0.0028257469502227794,昨天:1.000000 | 前天:1.000000 | 月份:1.000000 | 届时:1.000000 | 时隔:1.000000 | 总共:1.000000 | 今年:1.000000 | 继:1.000000 | 前年:1.000000 | 晚间:1.000000 | 期间:1.000000 | 上个月:1.000000,率先:0.439874 | 七:0.216176 | 综上所述:0.215949 | 相当于:0.168853 | 直到:0.165450 | 一:0.151923 | 二:0.140178 | 其中:0.124002
62,118,0.2785227134850566,0.03713862745720902,0.2711864406779661,利息 | 费用 | 学费 | 数额 | 工资 | 支出 | 补助 | 退休金 | 款项 | 管理费 | 补贴 | 奖金,就业 | 成绩 | 分数 | 份 | 学费 | 买卖 | 排名 | 规模,高额 | 份 | 合同 | 生活费 | 关税 | 抚养费 | 债务 | 筹措 | 罚款 | 贡献 | 抵押 | 工资,利息 | 费用 | 学费 | 数额 | 工资 | 支出 | 补助 | 退休金 | 款项 | 管理费 | 补贴 | 奖金 | 减免 | 报酬 | 生活费 | 租金 | 手续费 | 税收 | 房租 | 开支 | 经费 | 贷款 | 抚养费 | 收入 | 返还 | 拨款 | 支付 | 还款 | 赔偿 | 缴费 | 偿还 | 定金 | 薪水 | 报销 | 金额 | 补偿 | 津贴 | 拖欠 | 收支 | 差额 | 押金 | 收取 | 奖励 | 纳税 | 付款 | 负担 | 收益 | 交费 | 收费 | 高额 | 预算 | 资助 | 筹措 | 债务 | 巨额 | 担保 | 征收 | 抚恤 | 费 | 现金 | 筹集 | 罚款 | 分红 | 优惠 | 待遇 | 抵押 | 赤字 | 年薪 | 福利 | 关税 | 出资 | 储蓄 | 增收 | 余额 | 逾期 | 公款 | 财力 | 回报 | 合同 | 兑现 | 折扣 | 纳税人 | 集资 | 工作量 | 分配 | 增值 | 承诺 | 多劳多得 | 到期 | 承包 | 试用期 | 扶持 | 年限 | 大笔 | 数目 | 规模 | 活期 | 多元 | 转让 | 就业 | 节约 | 分数 | 承担 | 人数 | 激励 | 预售 | 贡献 | 流转 | 成绩 | 买卖 | 名义 | 排名 | 招标 | 户 | 海关 | 单位 | 余 | 份,118.25877849678155,0.9945124124174074,0.004765718551179115,巨额:1.000000 | 报酬:1.000000 | 补偿:1.000000 | 经费:1.000000 | 赔偿:1.000000 | 奖励:1.000000 | 资助:1.000000 | 补助:1.000000 | 兑现:1.000000 | 拨款:1.000000 | 补贴:1.000000 | 开支:1.000000,存款:0.270802 | 份额:0.150312 | 公积金:0.114316 | 信用:0.062870 | 养老金:0.058910 | 工商:0.053576 | 开销:0.033313 | 付费:0.020244
63,104,0.2806909984437921,0.010393632412257221,0.40384615384615385,便捷 | 完备 | 丰富 | 坚实 | 顺畅 | 清晰 | 灵敏 | 可靠 | 雄厚 | 流畅 | 通畅 | 稳固,萧条 | 拥挤 | 舒适 | 可贵 | 细微 | 流畅 | 陈旧 | 高明,有力 | 坚固 | 宽松 | 完整 | 广阔 | 可贵 | 庞大 | 成熟 | 高效 | 多样 | 精确 | 敏捷,便捷 | 完备 | 丰富 | 坚实 | 顺畅 | 清晰 | 灵敏 | 可靠 | 雄厚 | 流畅 | 通畅 | 稳固 | 高效 | 灵活 | 强大 | 快捷 | 宽广 | 充足 | 出色 | 广阔 | 坚固 | 多样 | 充沛 | 严密 | 开阔 | 准确 | 敏锐 | 复杂 | 强劲 | 牢固 | 精细 | 齐全 | 良好 | 丰厚 | 精确 | 过硬 | 透彻 | 方便 | 紧凑 | 庞大 | 优越 | 详尽 | 紧密 | 可观 | 完整 | 稳健 | 熟练 | 成熟 | 畅通 | 优良 | 明朗 | 有力 | 稳定 | 直观 | 舒适 | 精练 | 优异 | 平稳 | 旺盛 | 高超 | 繁重 | 发达 | 紧迫 | 便利 | 周密 | 深刻 | 敏捷 | 更加 | 得当 | 艰巨 | 得力 | 有序 | 充实 | 轻松 | 隐蔽 | 迫切 | 昂贵 | 贴近 | 先进 | 实惠 | 高昂 | 实用 | 持久 | 自如 | 可贵 | 狭窄 | 灵通 | 高明 | 长足 | 密集 | 活跃 | 狭小 | 立体 | 稀少 | 宝贵 | 宽松 | 安全 | 拥挤 | 细微 | 简易 | 陈旧 | 到位 | 精简 | 萧条,103.90272946850847,0.9982923718076466,0.0018105079800665547,便捷:1.000000 | 拥挤:1.000000 | 隐蔽:1.000000 | 畅通:1.000000 | 通畅:1.000000 | 精确:1.000000 | 快捷:1.000000 | 便利:1.000000 | 顺畅:1.000000 | 开阔:1.000000 | 有序:1.000000 | 敏锐:1.000000,有效:0.023154 | 面面俱到:0.011173
64,91,0.37031830854102427,0.08383202322652708,0.07692307692307693,房间 | 窗户 | 卧室 | 卫生间 | 客厅 | 窗子 | 柜子 | 屋子 | 楼道 | 书桌 | 浴室 | 窗台,管子 | 闸 | 站台 | 方向盘 | 病床 | 洗衣机 | 窗帘 | 帐篷,闸 | 窗子 | 卫生间 | 厕所 | 操场 | 窗帘 | 舱 | 阳台 | 洗手间 | 音响 | 轮椅 | 灯,房间 | 窗户 | 卧室 | 卫生间 | 客厅 | 窗子 | 柜子 | 屋子 | 楼道 | 书桌 | 浴室 | 窗台 | 书橱 | 阳台 | 桌子 | 洗手间 | 厨房 | 写字台 | 过道 | 墙壁 | 书柜 | 窗帘 | 书房 | 院子 | 教室 | 书架 | 寝室 | 宿舍 | 防盗门 | 厕所 | 台灯 | 病房 | 马桶 | 车厢 | 地下室 | 炉灶 | 炉子 | 栏杆 | 地板 | 门铃 | 电铃 | 床 | 机舱 | 水槽 | 电灯 | 镜子 | 手术室 | 墙 | 灯泡 | 水龙头 | 电视机 | 操场 | 黑板 | 水管 | 屋顶 | 灯 | 围墙 | 阅览室 | 灯光 | 更衣室 | 大厅 | 后备箱 | 暖气 | 烟囱 | 空调 | 房子 | 办公室 | 柜台 | 话筒 | 通风 | 帐篷 | 冷气 | 路灯 | 热水器 | 病床 | 音响 | 钥匙 | 洗衣机 | 室 | 轮椅 | 收音机 | 摆设 | 舱 | 喇叭 | 车间 | 管子 | 前台 | 站台 | 方向盘 | 门 | 闸,91.10662147457828,0.9995465867964763,0.0006897753998230282,书房:1.000000 | 卧室:1.000000 | 浴室:1.000000 | 病房:1.000000 | 卫生间:1.000000 | 室:1.000000 | 病床:1.000000 | 黑板:1.000000 | 炉子:1.000000 | 寝室:1.000000 | 床:1.000000 | 手术室:1.000000,柱子:0.036927 | 温度计:0.029308 | 发电机:0.019061 | 耳机:0.017943 | 箱子:0.013970
65,76,0.38884060825496003,0.08894879970926442,0.039473684210526314,睡觉 | 吃饭 | 下班 | 回家 | 上班 | 晚饭 | 睡 | 聊天儿 | 下楼 | 午睡 | 出门 | 起床,凉快 | 念书 | 找 | 住 | 空儿 | 坐下 | 躺 | 打雷,干活儿 | 空儿 | 晒太阳 | 呆 | 出门 | 打发 | 抽烟 | 出差 | 念书 | 睡着 | 早饭 | 溜达,睡觉 | 吃饭 | 下班 | 回家 | 上班 | 晚饭 | 睡 | 聊天儿 | 下楼 | 午睡 | 出门 | 起床 | 上课 | 午饭 | 洗澡 | 放学 | 溜达 | 打盹儿 | 睡着 | 早饭 | 遛 | 骑车 | 晒太阳 | 散步 | 干活儿 | 休息 | 打牌 | 做饭 | 爬山 | 串门 | 开车 | 玩儿 | 抽烟 | 在家 | 回去 | 玩耍 | 上学 | 刷牙 | 坐下 | 陪 | 醒来 | 回来 | 上楼 | 逛 | 打球 | 坐 | 加班 | 开夜车 | 走路 | 熬夜 | 躺 | 出差 | 下课 | 转悠 | 念书 | 开会 | 跑步 | 请假 | 打扫 | 空儿 | 侃大山 | 通宵 | 旷课 | 夜班 | 晃荡 | 凉快 | 呆 | 收拾 | 外出 | 打发 | 找 | 拍戏 | 聊 | 值班 | 打雷 | 住,75.99168377788612,0.9998884858342795,0.00017572744689989516,午饭:1.000000 | 早饭:1.000000 | 晚饭:1.000000 | 起床:1.000000 | 睡觉:1.000000 | 晒太阳:1.000000 | 洗澡:1.000000 | 溜达:1.000000 | 玩耍:1.000000 | 聊天儿:1.000000 | 散步:1.000000 | 侃大山:1.000000,
66,109,0.25678134376310563,-0.017151972891240947,0.6422018348623854,怨 | 命 | 恨 | 恶 | 忘 | 贪 | 矣 | 忍 | 敬 | 识 | 俗 | 辞,皇上 | 送 | 风流 | 惊 | 盗 | 祖宗 | 后人 | 活,闲 | 灭 | 解 | 之 | 赌 | 顾 | 判 | 审 | 利害 | 罪 | 送 | 瘾,怨 | 命 | 恨 | 恶 | 忘 | 贪 | 矣 | 忍 | 敬 | 识 | 俗 | 辞 | 邪 | 尝 | 害 | 劫 | 遂心 | 赐 | 曰 | 愁 | 醉 | 戒 | 怪 | 仇 | 救 | 善 | 皇上 | 求 | 死 | 辩 | 祖宗 | 君子 | 瞒 | 奏 | 情 | 判 | 觉 | 饶 | 巧 | 圣贤 | 乃 | 寄 | 祭 | 惹 | 亲 | 罪 | 养 | 宠 | 惊 | 讨 | 风流 | 宰 | 绝 | 闻 | 删 | 迷 | 认 | 妙 | 误 | 功 | 审 | 验 | 干戈 | 盗 | 解 | 灭 | 必 | 犯 | 献 | 驯 | 寻 | 礼 | 闲 | 唯 | 告 | 理 | 人情 | 葬 | 赎 | 勿 | 古人 | 赠 | 之 | 利害 | 罚 | 赏 | 送 | 多心 | 治 | 尽 | 赌 | 供奉 | 顾 | 瘾 | 忌 | 查 | 活 | 议 | 后人 | 招 | 记 | 假 | 妥 | 上流 | 八卦 | 风水 | 依 | 作 | 凭,109.21197546940185,0.9988453821706146,0.0014603354548859589,敬:1.000000 | 俗:1.000000 | 祭:1.000000 | 君子:1.000000 | 议:1.000000 | 辩:1.000000 | 忍:1.000000 | 劫:1.000000 | 迷:1.000000 | 仇:1.000000 | 戒:1.000000 | 惊:1.000000,是非:0.044723 | 赖:0.039456 | 错:0.030759 | 骗:0.018553 | 捎:0.016988 | 消:0.016782 | 名利:0.016425 | 玄:0.015664
67,124,0.2610282410725514,0.003386030565310121,0.41935483870967744,宗教 | 封建 | 儒家 | 儒学 | 民主 | 专制 | 政党 | 宪法 | 伦理 | 哲学 | 官僚 | 基督教,雇员 | 和睦 | 高等 | 家族 | 诚信 | 智慧 | 对象 | 富裕,民主 | 共同体 | 舆论 | 民族 | 条约 | 穆斯林 | 高等 | 和睦 | 宫廷 | 法制 | 佛教 | 平等,宗教 | 封建 | 儒家 | 儒学 | 民主 | 专制 | 政党 | 宪法 | 伦理 | 哲学 | 官僚 | 基督教 | 信仰 | 道德 | 贵族 | 政治 | 佛教 | 伊斯兰教 | 政权 | 阶层 | 文人 | 主义 | 法律 | 阶级 | 帝国主义 | 社会主义 | 民族 | 官吏 | 穆斯林 | 资本主义 | 派别 | 知识分子 | 社会 | 种族 | 和平 | 皇室 | 平等 | 世袭 | 天主教 | 权力 | 和平共处 | 西方 | 人道 | 学术 | 近代 | 军事 | 文明 | 军队 | 法制 | 风俗 | 道教 | 司法 | 市场经济 | 学者 | 外交 | 共同体 | 条约 | 契约 | 纲领 | 文化 | 同盟 | 特权 | 刑法 | 邻国 | 奴隶 | 古代 | 人文 | 权利 | 平民 | 领土 | 帝国 | 血缘 | 科学 | 贫富 | 习俗 | 宫廷 | 文艺界 | 人类 | 真理 | 和睦 | 富强 | 事物 | 舆论 | 工商界 | 王国 | 中立 | 宣言 | 国王 | 革命 | 秩序 | 联合国 | 首脑 | 遗产 | 公约 | 财产 | 祭祀 | 当代 | 富裕 | 私有 | 民意 | 商贾 | 团体 | 自由 | 协定 | 官员 | 现代化 | 行政 | 科学家 | 群体 | 经贸 | 诚信 | 家族 | 民间 | 地理 | 财富 | 现代 | 建筑师 | 世纪 | 雇员 | 代理人 | 智慧 | 高等 | 开放 | 对象,124.06676464534009,0.9964977741464883,0.0035071651195421522,贵族:1.000000 | 基督教:1.000000 | 伊斯兰教:1.000000 | 官僚:1.000000 | 伦理:1.000000 | 习俗:1.000000 | 商贾:1.000000 | 皇室:1.000000 | 官吏:1.000000 | 群体:1.000000 | 宗教:1.000000 | 家族:1.000000,改革开放:0.362986 | 教育部:0.034546 | 法规:0.029006
68,99,0.3044463642606759,0.02215347489812122,0.32323232323232326,不要 | 愿意 | 宁愿 | 想 | 忍心 | 懒得 | 不肯 | 怕 | 何必 | 只管 | 敢 | 不用,谁 | 拜托 | 干吗 | 慢慢来 | 用 | 不在乎 | 到头来 | 毫无,一心 | 用 | 谁 | 白白 | 随意 | 怕 | 只管 | 毫无 | 愿意 | 敢于 | 不许 | 舍得,不要 | 愿意 | 宁愿 | 想 | 忍心 | 懒得 | 不肯 | 怕 | 何必 | 只管 | 敢 | 不用 | 用不着 | 宁可 | 要 | 甘心 | 乐意 | 别 | 情愿 | 随便 | 何苦 | 舍不得 | 巴不得 | 心安理得 | 休想 | 存心 | 不必 | 轻易 | 免得 | 不许 | 拼命 | 好好 | 干吗 | 干脆 | 用得着 | 决不 | 索性 | 只顾 | 一心一意 | 理直气壮 | 就要 | 竟敢 | 刻意 | 故意 | 尽量 | 不在乎 | 只能 | 诚心诚意 | 一味 | 随意 | 趁早 | 再 | 指望 | 无意 | 小心 | 先 | 谁 | 敢于 | 必须 | 拜托 | 无所谓 | 白白 | 死心塌地 | 懂得 | 肯 | 不准 | 发誓 | 专心 | 舍得 | 盲目 | 天经地义 | 慢慢来 | 为了 | 当心 | 随心所欲 | 全心全意 | 理所当然 | 勉强 | 需要 | 帮 | 安心 | 自觉 | 替 | 从今以后 | 轻而易举 | 到头来 | 一心 | 无须 | 主动 | 靠 | 顺其自然 | 给 | 用 | 直接 | 毫无 | 当成 | 当作 | 等于 | 一概,99.09217823695609,0.9994874978918225,0.0007663461033679098,随意:1.000000 | 宁可:1.000000 | 宁愿:1.000000 | 竟敢:1.000000 | 不许:1.000000 | 趁早:1.000000 | 不准:1.000000 | 只管:1.000000 | 给:1.000000 | 随便:1.000000 | 小心:1.000000 | 心安理得:1.000000,能:0.055729 | 尽可能:0.017587 | 出于:0.013382 | 勇于:0.010296
69,117,0.3276275999886503,0.023850300241112232,0.2564102564102564,嘛 | 啊 | 呀 | 哎 | 哎呀 | 哈哈 | 吧 | 你 | 咱 | 再说 | 你们 | 没事儿,我 | 知道 | 做梦 | 脑子 | 晓得 | 大伙儿 | 明白 | 人家,大伙儿 | 真心 | 呢 | 话 | 呀 | 最好 | 没事儿 | 啦 | 完了 | 答 | 怎么办 | 最,嘛 | 啊 | 呀 | 哎 | 哎呀 | 哈哈 | 吧 | 你 | 咱 | 再说 | 你们 | 没事儿 | 挺好 | 啦 | 哇 | 我 | 哼 | 嘿 | 咱们 | 没说的 | 呢 | 没关系 | 哦 | 人家 | 不行 | 不要紧 | 快点儿 | 什么 | 没错 | 干什么 | 说 | 吗 | 完了 | 好说 | 没用 | 离谱儿 | 这会儿 | 人缘儿 | 玩意儿 | 一点儿 | 待会儿 | 够 | 晓得 | 实话 | 哪儿 | 知道 | 好多 | 废话 | 敢情 | 没法儿 | 真 | 算了 | 没辙 | 好 | 好久 | 哪 | 怎么办 | 怎么样 | 感觉 | 对不起 | 话 | 说老实话 | 也好 | 真心 | 叫 | 的话 | 难说 | 凑合 | 算 | 大伙儿 | 实话实说 | 哪里 | 跟 | 罢了 | 脑子 | 多少 | 些 | 别的 | 好家伙 | 得 | 明白 | 大家 | 多久 | 改日 | 做梦 | 挺 | 办不到 | 下次 | 时候 | 对得起 | 讲 | 蛮 | 一句话 | 我们 | 答 | 不够 | 了 | 有 | 完 | 俗话说 | 而已 | 根本 | 做 | 几 | 俗话 | 来 | 快 | 多 | 最好 | 的 | 等到 | 万万 | 将来 | 一 | 稍候 | 出 | 最,116.41125394311447,0.9937215665061516,0.005816211220665906,嘛:1.000000 | 呀:1.000000 | 哈哈:1.000000 | 咱:1.000000 | 呢:1.000000 | 咱们:1.000000 | 话:1.000000 | 待会儿:1.000000 | 吧:1.000000 | 感觉:1.000000 | 啦:1.000000 | 哇:1.000000,他们:0.023275 | 联想:0.015985
70,229,0.1866679112952646,-0.04175695976911732,0.9213973799126638,保 | 合 | 升 | 减 | 降 | 跌 | 稳 | 增 | 存 | 补 | 移 | 退,遇 | 放水 | 节 | 回 | 缴 | 取 | 品 | 期末,〇 | 放水 | 赔 | 近 | 段 | 番 | 远 | 产 | 发 | 置 | 限 | 格,保 | 合 | 升 | 减 | 降 | 跌 | 稳 | 增 | 存 | 补 | 移 | 退 | 涨 | 销 | 续 | 收 | 加 | 定 | 交 | 建 | 利 | 运 | 信 | 顺 | 融 | 立 | 改 | 取 | 调 | 汇 | 延 | 付 | 领 | 通 | 评 | 货 | 缴 | 登 | 破 | 发 | 旺 | 租 | 享 | 胜 | 征 | 录 | 赔 | 守 | 盛 | 转 | 偏 | 扩 | 试 | 标 | 产 | 平 | 格 | 腾 | 投 | 耗 | 扬 | 限 | 攻 | 弱 | 福 | 缩 | 测 | 聚 | 公 | 富 | 充 | 消 | 顶 | 回 | 采 | 配 | 购 | 略 | 押 | 安 | 银 | 撤 | 废 | 空 | 料 | 入 | 价 | 景 | 证 | 税 | 齐 | 电 | 险 | 淘 | 盘 | 折 | 炼 | 品 | 低 | 筹 | 高 | 附 | 单 | 止 | 探 | 准 | 损 | 混 | 迁 | 签 | 整 | 渡 | 映 | 逆 | 主 | 超 | 结 | 临 | 业 | 管 | 传 | 报 | 独 | 行 | 搜 | 免 | 量 | 钢 | 避 | 欠 | 封 | 持 | 库 | 关 | 迈 | 环 | 化 | 潮 | 列 | 集 | 望 | 五 | 网 | 科 | 百 | 表 | 强 | 注 | 六 | 满 | 防 | 制 | 大 | 三 | 八 | 首 | 板 | 代 | 待 | 端 | 七 | 文 | 置 | 担 | 方 | 赖 | 四 | 九 | 纯 | 远 | 净 | 计 | 法 | 卷 | 蒙 | 隔 | 放水 | 广 | 万 | 兹 | 负 | 半 | 乐 | 随 | 二 | 分 | 本 | 底 | 千 | 国 | 档 | 社 | 全 | 股 | 核 | 系 | 近 | 宗 | 线 | 越 | 太平 | 同 | 两 | 致 | 遇 | 点 | 派 | 跨 | 家 | 番 | 零 | 末 | 含 | 前 | 非 | 图 | 归 | 极 | 桩 | 段 | 成 | 节 | 号 | 期末 | 起 | 条 | 〇 | 总 | 许,227.98954402787732,0.9896637251676559,0.008700384309611715,跌:1.000000 | 料:1.000000 | 涨:1.000000 | 减:1.000000 | 报:1.000000 | 降:1.000000 | 略:1.000000 | 调:1.000000 | 弱:1.000000 | 负:1.000000 | 遇:1.000000 | 扩:1.000000,无:0.150833 | 外:0.144724 | 扣:0.137104 | 至:0.112386 | 散:0.094312 | 深:0.050051 | 下期:0.046332 | 此:0.043086
71,76,0.2383642605081277,-0.013260322773539394,0.6578947368421053,关机 | 倒计时 | 结束 | 延期 | 准时 | 推迟 | 完毕 | 按时 | 预约 | 晚点 | 提前 | 开机,钟头 | 迟到 | 报名 | 时段 | 照常 | 工作日 | 期限 | 晚点,提早 | 交接 | 次数 | 工作日 | 进场 | 达标 | 开通 | 点火 | 过半 | 排队 | 钟头 | 钟,关机 | 倒计时 | 结束 | 延期 | 准时 | 推迟 | 完毕 | 按时 | 预约 | 晚点 | 提前 | 开机 | 预定 | 钟头 | 关闭 | 关掉 | 熄火 | 竣工 | 停业 | 开工 | 退票 | 迟到 | 开动 | 作废 | 提早 | 暂停 | 动工 | 开业 | 排队 | 上岗 | 爆满 | 分钟 | 定时 | 时间 | 小时 | 停止 | 开通 | 绿灯 | 工作日 | 进场 | 接通 | 点火 | 照常 | 报到 | 停顿 | 延长 | 报名 | 开张 | 失效 | 钟 | 耗时 | 尾声 | 等待 | 封顶 | 入场 | 顺利 | 秒 | 过关 | 过半 | 万无一失 | 期限 | 揭晓 | 为止 | 保修 | 即可 | 自动 | 时段 | 登陆 | 达标 | 倒数 | 有效期 | 出厂 | 轮换 | 交接 | 次数 | 预备,75.88680068167054,0.998146058349705,0.0019372731823152991,开业:1.000000 | 爆满:1.000000 | 开张:1.000000 | 竣工:1.000000 | 定时:1.000000 | 分钟:1.000000 | 停业:1.000000 | 关闭:1.000000 | 接通:1.000000 | 准时:1.000000 | 停止:1.000000 | 按时:1.000000,
72,91,0.2940218904454995,0.005691968197191983,0.5164835164835165,苦难 | 人生 | 爱情 | 岁月 | 往事 | 悲欢离合 | 磨难 | 旅程 | 时光 | 心灵 | 回忆 | 艰辛,伤痕 | 内心 | 沉浸 | 黑暗 | 灾难 | 执着 | 充满 | 思念,人生 | 心 | 无边 | 生活 | 主人公 | 诀别 | 酸甜苦辣 | 奥秘 | 回味 | 命运 | 内心 | 漫长,苦难 | 人生 | 爱情 | 岁月 | 往事 | 悲欢离合 | 磨难 | 旅程 | 时光 | 心灵 | 回忆 | 艰辛 | 辛酸 | 酸甜苦辣 | 情感 | 梦想 | 童年 | 思念 | 沧桑 | 旅途 | 心事 | 记忆 | 灵魂 | 感情 | 缘分 | 生命 | 人间 | 幻想 | 虚幻 | 喜怒哀乐 | 悲剧 | 青春 | 命运 | 回味 | 传奇 | 内心 | 永恒 | 激情 | 生死 | 黑暗 | 一生 | 乐趣 | 滋味 | 诀别 | 梦 | 幻觉 | 灾难 | 结局 | 风风雨雨 | 路途 | 艰险 | 浩劫 | 无边 | 神话 | 泪 | 执着 | 生活 | 奇迹 | 传说 | 曲折 | 主人公 | 伤痕 | 痴心 | 经历 | 现实 | 漫长 | 时空 | 充满 | 了却 | 心 | 奥秘 | 地狱 | 回首 | 宝藏 | 大自然 | 天堂 | 末日 | 宇宙 | 相伴 | 无穷 | 不为人知 | 沉浸 | 灵感 | 无限 | 历史 | 时刻 | 谜 | 火花 | 长久 | 之中 | 无形,91.01751911404328,0.999227471623615,0.0010517689673233315,乐趣:1.000000 | 酸甜苦辣:1.000000 | 旅程:1.000000 | 艰辛:1.000000 | 旅途:1.000000 | 艰险:1.000000 | 宝藏:1.000000 | 回味:1.000000 | 路途:1.000000 | 辛酸:1.000000 | 末日:1.000000 | 激情:1.000000,天长地久:0.019357 | 感性:0.014240 | 平凡:0.010301
73,77,0.32751170932460805,0.019107911863010363,0.37662337662337664,祝福 | 祝愿 | 亲爱 | 感恩 | 祝 | 感谢 | 福气 | 快乐 | 幸福 | 谢谢 | 挂念 | 牵挂,您 | 惊喜 | 欢乐 | 放心 | 心情 | 朋友们 | 开心 | 好心,恩情 | 好意 | 惊喜 | 放心 | 挂念 | 亲情 | 谢谢 | 喜事 | 奢望 | 萍水相逢 | 好运 | 愿,祝福 | 祝愿 | 亲爱 | 感恩 | 祝 | 感谢 | 福气 | 快乐 | 幸福 | 谢谢 | 挂念 | 牵挂 | 想念 | 心意 | 一路平安 | 恩情 | 保佑 | 开心 | 情谊 | 好运 | 心想事成 | 喜悦 | 心愿 | 欢乐 | 保重 | 盼望 | 期盼 | 珍重 | 晚安 | 好意 | 报答 | 真情 | 友情 | 朋友们 | 期待 | 恭喜 | 美满 | 希望 | 祈祷 | 知足 | 爱心 | 恩惠 | 荣幸 | 爱 | 顺心 | 幸运 | 天长地久 | 陪伴 | 一路顺风 | 知己 | 亲情 | 萍水相逢 | 愿 | 再见 | 好心 | 心情 | 心里话 | 惊喜 | 难忘 | 奢望 | 期望 | 各位 | 喜事 | 诸位 | 托付 | 恩赐 | 送给 | 好人 | 友谊 | 盼 | 加油 | 放心 | 平常心 | 回馈 | 亲密 | 此致 | 您,76.94453573175554,0.9988795947125156,0.0011656367406273403,一路平安:1.000000 | 亲爱:1.000000 | 保佑:1.000000 | 祝:1.000000 | 好运:1.000000 | 情谊:1.000000 | 快乐:1.000000 | 福气:1.000000 | 报答:1.000000 | 保重:1.000000 | 心意:1.000000 | 恩惠:1.000000,思念:0.012144
74,86,0.27340728259850366,-0.015407486599813882,0.627906976744186,摇晃 | 缓缓 | 远处 | 转动 | 荡漾 | 闪烁 | 穿过 | 摆动 | 流淌 | 跳跃 | 跳动 | 望见,岸上 | 眨眼 | 关上 | 望见 | 惊醒 | 远处 | 周围 | 酣睡,两侧 | 骤然 | 发出 | 敞开 | 一瞬间 | 转动 | 穿过 | 四面八方 | 荡漾 | 岸上 | 前方 | 簇拥,摇晃 | 缓缓 | 远处 | 转动 | 荡漾 | 闪烁 | 穿过 | 摆动 | 流淌 | 跳跃 | 跳动 | 望见 | 耸立 | 旋转 | 照耀 | 站立 | 沿着 | 奔跑 | 下坠 | 后退 | 注视 | 响起 | 徐徐 | 向前 | 布满 | 向着 | 前方 | 两侧 | 弥漫 | 靠近 | 一瞬间 | 环绕 | 走过 | 簇拥 | 一刹那 | 前进 | 关上 | 走近 | 摇摆 | 眼前 | 尽头 | 眨眼 | 越过 | 惊醒 | 朝着 | 行走 | 抬头 | 远方 | 屹立 | 酣睡 | 飞翔 | 起伏 | 四周 | 撞击 | 笼罩 | 岸上 | 周围 | 川流不息 | 推开 | 紧紧 | 沿 | 瞬间 | 四面八方 | 骤然 | 传来 | 对准 | 走进 | 敞开 | 朝 | 倾斜 | 站 | 追逐 | 原地 | 打开 | 点燃 | 减速 | 侧 | 边缘 | 跨越 | 发出 | 看得见 | 伸缩 | 上下 | 直线 | 一路 | 牢牢,86.00914954933566,0.9992523555201491,0.0009861301481587329,摆动:1.000000 | 跳跃:1.000000 | 摇摆:1.000000 | 穿过:1.000000 | 打开:1.000000 | 耸立:1.000000 | 飞翔:1.000000 | 闪烁:1.000000 | 屹立:1.000000 | 奔跑:1.000000 | 紧紧:1.000000 | 望见:1.000000,向:0.031183
75,82,0.3563101638372137,0.08306040552204534,0.13414634146341464,旁边 | 后边 | 前边 | 那儿 | 外边 | 里边 | 那边 | 上边 | 后面 | 前面 | 外头 | 上面,出去 | 拿出 | 半天 | 隔壁 | 连滚带爬 | 指着 | 赫然 | 大模大样,里面 | 指着 | 只见 | 右边 | 边 | 手里 | 这儿 | 前边 | 顺着 | 那边 | 路边 | 挨着,旁边 | 后边 | 前边 | 那儿 | 外边 | 里边 | 那边 | 上边 | 后面 | 前面 | 外头 | 上面 | 下边 | 底下 | 这儿 | 那里 | 里头 | 跟前 | 外面 | 门口 | 楼下 | 里面 | 这边 | 左边 | 对面 | 楼上 | 老远 | 下面 | 右边 | 里 | 旁 | 进去 | 挨着 | 上去 | 上头 | 地上 | 两边 | 路边 | 车上 | 后头 | 过来 | 前头 | 一会儿 | 刚才 | 边 | 中间 | 台上 | 隔壁 | 进来 | 一块儿 | 孤零零 | 这里 | 不一会儿 | 手里 | 上来 | 空荡荡 | 横七竖八 | 下来 | 指着 | 似的 | 出来 | 一路上 | 只见 | 顺手 | 顺着 | 往 | 大模大样 | 连滚带爬 | 往后 | 一晃 | 上 | 起来 | 着 | 出去 | 下去 | 来回 | 半天 | 过去 | 放到 | 赫然 | 拿出 | 到,82.06280684888593,0.9992244725978464,0.0009338576602614323,上边:1.000000 | 上面:1.000000 | 下边:1.000000 | 前边:1.000000 | 后边:1.000000 | 前面:1.000000 | 外边:1.000000 | 底下:1.000000 | 孤零零:1.000000 | 下面:1.000000 | 里边:1.000000 | 里面:1.000000,了:0.083558 | 几:0.019036
76,131,0.3005274452815133,0.030248278845613097,0.35877862595419846,句子 | 课文 | 歌词 | 文字 | 词汇 | 课本 | 语法 | 题目 | 作文 | 字典 | 名著 | 词语,创作 | 启蒙 | 念 | 本子 | 默读 | 画面 | 诗人 | 试卷,括弧 | 汉字 | 生平 | 专著 | 学说 | 题目 | 字体 | 编写 | 名著 | 剧本 | 繁体字 | 推理,句子 | 课文 | 歌词 | 文字 | 词汇 | 课本 | 语法 | 题目 | 作文 | 字典 | 名著 | 词语 | 稿子 | 抄写 | 生词 | 教材 | 剧本 | 英文 | 词 | 翻译 | 书 | 写 | 错别字 | 词典 | 著作 | 汉字 | 谜语 | 书籍 | 繁体字 | 传记 | 插图 | 本子 | 论文 | 段落 | 默读 | 诗 | 字体 | 作品 | 语言 | 简体字 | 音节 | 日语 | 填空 | 素材 | 笔记 | 成语 | 辞典 | 专著 | 读音 | 字母 | 书写 | 教科书 | 符号 | 试题 | 译 | 俄语 | 篇幅 | 卷子 | 题 | 画册 | 法语 | 名言 | 考题 | 地名 | 结尾 | 编写 | 字迹 | 中文 | 故事 | 试卷 | 字 | 文献 | 答案 | 名字 | 俗语 | 大纲 | 开头 | 对白 | 篇 | 片段 | 百科全书 | 外文 | 日记 | 句 | 回忆录 | 西班牙语 | 编排 | 撰写 | 片子 | 封面 | 剧情 | 创作 | 刊物 | 公式 | 阿拉伯语 | 方言 | 命题 | 对联 | 记号 | 括弧 | 括号 | 姓氏 | 改编 | 诗人 | 情节 | 演说 | 报刊 | 念 | 画面 | 通俗 | 作者 | 人物 | 序 | 时事 | 报纸 | 主编 | 推理 | 简短 | 印刷术 | 题材 | 编 | 国徽 | 理论 | 启蒙 | 简历 | 生平 | 朝代 | 学说 | 概论 | 反面 | 版,130.73297358638806,0.9963558883092422,0.0026088658287591725,抄写:1.000000 | 生词:1.000000 | 稿子:1.000000 | 卷子:1.000000 | 繁体字:1.000000 | 句子:1.000000 | 字迹:1.000000 | 课本:1.000000 | 题目:1.000000 | 音节:1.000000 | 简体字:1.000000 | 课文:1.000000,英语:0.073235 | 写作:0.023454 | 编剧:0.021947 | 汉语:0.010801 | 页:0.010378
77,176,0.2341008010251852,-0.00206123403528367,0.48295454545454547,金融 | 企业 | 产业 | 行业 | 业务 | 市场 | 投资 | 银行 | 房地产 | 物流 | 消费 | 运营,彩票 | 苹果 | 公积金 | 社区 | 工程师 | 养老金 | 世界 | 服务器,主流 | 劳务 | 货币 | 海运 | 账户 | 集团 | 航天 | 房地产 | 国家 | 用户 | 会员 | 海外,金融 | 企业 | 产业 | 行业 | 业务 | 市场 | 投资 | 银行 | 房地产 | 物流 | 消费 | 运营 | 互联网 | 贸易 | 零售 | 服务业 | 服务 | 创新 | 信贷 | 商业 | 公司 | 产品 | 资产 | 租赁 | 能源 | 品牌 | 工业 | 航运 | 销售 | 科技 | 外资 | 商品 | 医药 | 渠道 | 外贸 | 保险 | 资本 | 电力 | 平台 | 经营 | 板块 | 厂商 | 高新技术 | 经济 | 资金 | 海外 | 电信 | 客户 | 技术 | 新兴 | 消费者 | 合资 | 资源 | 巨头 | 管理 | 财务 | 领域 | 煤炭 | 境外 | 并购 | 全球 | 外汇 | 交易 | 通信 | 税务 | 实体 | 信用 | 环保 | 厂家 | 股票 | 国内 | 货币 | 基金 | 人工智能 | 进出口 | 外企 | 港口 | 生态 | 机构 | 财政 | 内需 | 理财 | 航空 | 项目 | 外币 | 集团 | 国际 | 政府 | 二手车 | 芯片 | 节能 | 股东 | 大宗 | 用户 | 批发 | 配送 | 开发商 | 海运 | 劳务 | 中介 | 股市 | 本土 | 私营 | 采购 | 创业 | 部门 | 国家 | 工商 | 传媒 | 影视 | 电讯 | 上游 | 国有 | 人才 | 网点 | 服务器 | 通讯 | 配套 | 账户 | 共享 | 股份 | 下游 | 代理 | 城市 | 低碳 | 存款 | 内地 | 核能 | 员工 | 国防 | 核心 | 本地 | 社区 | 团队 | 综合 | 国外 | 大众 | 物价 | 权益 | 定价 | 中国 | 公益性 | 房价 | 专利 | 领先 | 航天 | 养老金 | 公益 | 财经 | 会计 | 国民 | 绿色 | 股民 | 公积金 | 主流 | 黄金 | 平价 | 茅台 | 环球 | 工程师 | 大陆 | 新 | 彩票 | 国产 | 港 | 专家 | 债 | 苹果 | 合伙 | 会员 | 人士 | 世界 | 下一代 | 项 | 一线 | 小康,174.89670092650172,0.989917198418122,0.007636506622918382,消费:1.000000 | 市场:1.000000 | 企业:1.000000 | 物价:1.000000 | 贸易:1.000000 | 业务:1.000000 | 创业:1.000000 | 生态:1.000000 | 经济:1.000000 | 本土:1.000000 | 内地:1.000000 | 客户:1.000000,海关:0.147758 | 石油:0.113326 | 盈利:0.060616 | 天然气:0.057128 | 炒股:0.029566 | 余额:0.027156 | 市:0.020904 | 活期:0.019563
78,99,0.2781527557243669,-0.01842359862624679,0.7171717171717171,挣钱 | 操心 | 活儿 | 伺候 | 打工 | 侍候 | 忙活 | 家务 | 忙 | 养活 | 过日子 | 做生意,木匠 | 售货员 | 管教 | 家教 | 忽悠 | 食宿 | 便饭 | 包袱,苦力 | 下手 | 搞 | 折腾 | 钱 | 位子 | 木匠 | 私事 | 食宿 | 伺候 | 面子 | 侍候,挣钱 | 操心 | 活儿 | 伺候 | 打工 | 侍候 | 忙活 | 家务 | 忙 | 养活 | 过日子 | 做生意 | 钱 | 零花钱 | 应酬 | 辛苦 | 吃苦 | 掏钱 | 孝敬 | 省钱 | 照顾 | 请客 | 操劳 | 吃不上 | 便饭 | 赚钱 | 修车 | 精打细算 | 苦力 | 雇 | 东奔西走 | 谋生 | 私房钱 | 打仗 | 私事 | 公事 | 接济 | 打官司 | 算账 | 门路 | 忍饥挨饿 | 发财 | 修路 | 盘算 | 奔波 | 耽误 | 折腾 | 面子 | 节衣缩食 | 帮手 | 开销 | 搬家 | 成家 | 摆平 | 走后门 | 木匠 | 耽搁 | 照料 | 办事 | 生意 | 饭碗 | 着想 | 风餐露宿 | 手头 | 着落 | 家教 | 伙食 | 衣食住行 | 小费 | 担子 | 工夫 | 价钱 | 管教 | 打交道 | 下海 | 搞 | 动手 | 大包大揽 | 说干就干 | 食宿 | 积蓄 | 废品 | 下手 | 工作 | 忽悠 | 炒股 | 浪费 | 外地 | 人手 | 售货员 | 上门 | 办 | 出头 | 位子 | 门当户对 | 跳槽 | 看管 | 应付 | 包袱,98.5835315743774,0.994368380632002,0.0032468139454808406,家务:1.000000 | 办事:1.000000 | 接济:1.000000 | 价钱:1.000000 | 操劳:1.000000 | 照顾:1.000000 | 手头:1.000000 | 做生意:1.000000 | 帮手:1.000000 | 公事:1.000000 | 忙活:1.000000 | 养活:1.000000,排队:0.040636 | 回扣:0.022158 | 教养:0.013139
79,83,0.2654971462315697,0.019481821626501625,0.2891566265060241,检测 | 测量 | 监测 | 调试 | 探测 | 测定 | 测试 | 检查 | 采集 | 监控 | 观测 | 试验,讲解 | 分解 | 打捞 | 解剖 | 输入 | 布置 | 化验 | 传输,研制 | 讲解 | 检测 | 改装 | 模拟 | 应急 | 预报 | 验证 | 演示 | 生成 | 输入 | 监视,检测 | 测量 | 监测 | 调试 | 探测 | 测定 | 测试 | 检查 | 采集 | 监控 | 观测 | 试验 | 识别 | 验证 | 安装 | 化验 | 检验 | 查找 | 鉴定 | 筛选 | 收集 | 辨别 | 监视 | 修理 | 搜集 | 组装 | 鉴别 | 辨认 | 实验 | 核对 | 追踪 | 维修 | 模拟 | 传输 | 处理 | 搜寻 | 演示 | 修补 | 修复 | 操控 | 研制 | 调节 | 改进 | 捕捉 | 保养 | 清理 | 防护 | 运用 | 调度 | 跟踪 | 改装 | 辅助 | 试用 | 改良 | 运行 | 察看 | 操作 | 合成 | 处置 | 控制 | 运转 | 预报 | 输入 | 掌握 | 疏通 | 应急 | 生成 | 解剖 | 利用 | 打捞 | 人工 | 讲解 | 配备 | 查明 | 移植 | 查看 | 克隆 | 分解 | 输出 | 选用 | 复制 | 布置 | 输送,83.01541214263641,0.9996431946192701,0.0004817020350342925,观测:1.000000 | 检测:1.000000 | 察看:1.000000 | 查找:1.000000 | 追踪:1.000000 | 搜集:1.000000 | 采集:1.000000 | 探测:1.000000 | 修理:1.000000 | 鉴别:1.000000 | 疏通:1.000000 | 实验:1.000000,使用:0.017583
80,60,0.27470808439681854,0.02114085947354445,0.3,交纳 | 赠送 | 拿走 | 领取 | 订购 | 购买 | 捐赠 | 缴纳 | 接收 | 归还 | 捐献 | 运送,定做 | 缴纳 | 过期 | 不翼而飞 | 丢失 | 订 | 报废 | 转交,发放 | 运送 | 捐赠 | 交付 | 安置 | 捐献 | 无偿 | 携带 | 交纳 | 获取 | 储存 | 拿走,交纳 | 赠送 | 拿走 | 领取 | 订购 | 购买 | 捐赠 | 缴纳 | 接收 | 归还 | 捐献 | 运送 | 退回 | 丢弃 | 索取 | 保管 | 转交 | 存放 | 无偿 | 收回 | 丢失 | 销毁 | 没收 | 发放 | 出售 | 拿到 | 携带 | 储存 | 交给 | 出示 | 耗费 | 花费 | 申领 | 交付 | 捐 | 回收 | 兑换 | 节省 | 保存 | 获取 | 更换 | 占用 | 报废 | 剩余 | 过期 | 送到 | 换取 | 免费 | 拆除 | 动用 | 一次性 | 打包 | 额外 | 安置 | 免除 | 不翼而飞 | 挑选 | 订 | 定做 | 供,59.936095053819145,0.99883286899728,0.0013572579924477609,拿到:1.000000 | 交给:1.000000 | 索取:1.000000 | 赠送:1.000000 | 运送:1.000000 | 打包:1.000000 | 不翼而飞:1.000000 | 拿走:1.000000 | 拆除:1.000000 | 购买:1.000000 | 丢失:1.000000 | 报废:1.000000,
81,218,0.2218152403867701,-0.0334263520631029,0.8119266055045872,往往 | 不仅 | 反倒 | 反而 | 大多 | 恰恰 | 固然 | 不但 | 因而 | 仍然 | 同样 | 多半,从来不 | 下 | 能 | 不光 | 总是 | 稍微 | 可以 | 恰恰相反,在于 | 不容 | 常 | 以 | 指 | 为 | 皆 | 可以 | 始终 | 从来 | 一方面 | 下,往往 | 不仅 | 反倒 | 反而 | 大多 | 恰恰 | 固然 | 不但 | 因而 | 仍然 | 同样 | 多半 | 不仅仅 | 甚至 | 通常 | 大都 | 不光 | 仍旧 | 势必 | 尤其 | 虽 | 甚至于 | 仅仅 | 并且 | 一方面 | 无疑 | 几乎 | 可能 | 依然 | 则 | 必然 | 亦 | 且 | 仍 | 既 | 本身 | 依旧 | 尽管 | 以致 | 原本 | 从而 | 大多数 | 使得 | 除了 | 大部分 | 或多或少 | 故 | 更是 | 绝大多数 | 至少 | 以至于 | 多数 | 皆 | 相反 | 进而 | 总是 | 从来 | 始终 | 不至于 | 前者 | 正是 | 由于 | 一直 | 大体上 | 一般 | 向来 | 完全 | 无形中 | 足以 | 另一方面 | 并 | 都会 | 能够 | 丝毫 | 相对而言 | 必将 | 一向 | 恰恰相反 | 可见 | 归根到底 | 绝对 | 致使 | 远远 | 仅 | 不能不 | 起初 | 只有 | 若 | 使 | 会 | 后者 | 如今 | 在于 | 反过来 | 以往 | 原先 | 可以 | 加上 | 不再 | 特别 | 不止 | 真正 | 自然而然 | 同时 | 由此 | 最初 | 意味着 | 难以 | 从来不 | 这些 | 便是 | 除 | 无法 | 主要 | 历来 | 这样一来 | 能否 | 即 | 许多 | 看作 | 最终 | 取而代之 | 有的 | 让 | 以及 | 大体 | 不妨 | 稍 | 与其 | 其余 | 才能 | 鉴于 | 凡是 | 稍微 | 取决于 | 眼下 | 或 | 抛开 | 不少 | 看成 | 长期以来 | 当下 | 一些 | 暂时 | 能 | 继而 | 正如 | 乃至 | 大致 | 纵观 | 限于 | 唯一 | 当初 | 稍稍 | 除此之外 | 莫过于 | 从未 | 大大 | 得益于 | 如 | 其中 | 一贯 | 当中 | 大约 | 可 | 越来越 | 属于 | 令 | 未来 | 任何 | 长期 | 源于 | 之外 | 背后 | 作为 | 其 | 视为 | 足够 | 少数 | 先前 | 以外 | 基于 | 超出 | 今后 | 出于 | 诸多 | 离不开 | 所有 | 个别 | 常 | 尚 | 多年来 | 其他 | 近年来 | 和 | 如何 | 之下 | 相当于 | 所 | 较 | 不容 | 正 | 及 | 哪些 | 千万 | 暂 | 以 | 对应 | 之内 | 从 | 此 | 凡 | 指 | 无 | 属 | 于 | 下 | 为,217.95635238138834,0.9887316889153683,0.009145807121359243,故:1.000000 | 一向:1.000000 | 以致:1.000000 | 反而:1.000000 | 即:1.000000 | 使得:1.000000 | 历来:1.000000 | 向来:1.000000 | 若:1.000000 | 皆:1.000000 | 往往:1.000000 | 大体上:1.000000,从没:0.317523 | 之所以:0.221743 | 普遍:0.207276 | 综上所述:0.133988 | 对于:0.132519 | 一般来说:0.095337 | 某:0.087099 | 从不:0.065377
82,73,0.423442980208578,0.14327241059475332,0.0410958904109589,胳膊 | 手臂 | 脖子 | 嘴唇 | 肩膀 | 手掌 | 脸颊 | 鼻子 | 舌头 | 腿 | 手指 | 嘴巴,针 | 拐杖 | 绷带 | 摔倒 | 血 | 皱 | 身上 | 皮球,脸颊 | 血 | 手脚 | 颈部 | 手掌 | 一头 | 摔倒 | 伤口 | 鼻涕 | 指甲 | 使劲 | 两手,胳膊 | 手臂 | 脖子 | 嘴唇 | 肩膀 | 手掌 | 脸颊 | 鼻子 | 舌头 | 腿 | 手指 | 嘴巴 | 脑袋 | 身子 | 胸膛 | 膝盖 | 眼睛 | 喉咙 | 耳朵 | 手腕 | 颈部 | 双手 | 肚子 | 眉毛 | 胸部 | 腰 | 头发 | 身躯 | 身体 | 嘴 | 脸 | 指甲 | 指头 | 腹部 | 脚 | 把手 | 手脚 | 浑身 | 全身 | 头顶 | 伤口 | 怀里 | 用力 | 骨头 | 抚摸 | 牙齿 | 嗓子 | 拳头 | 肩 | 使劲 | 鼻涕 | 面部 | 红扑扑 | 眼 | 绷带 | 两手 | 手 | 头部 | 头 | 皱 | 吻 | 身上 | 胡子 | 鲜血 | 包扎 | 汗水 | 拐杖 | 摔倒 | 杠铃 | 皮球 | 血 | 一头 | 针,73.05861997854329,0.9998535375926686,0.00020115698758968106,嘴唇:1.000000 | 头发:1.000000 | 手臂:1.000000 | 肩膀:1.000000 | 胳膊:1.000000 | 鼻子:1.000000 | 肚子:1.000000 | 脖子:1.000000 | 身子:1.000000 | 腿:1.000000 | 双手:1.000000 | 手掌:1.000000,皮肤:0.038868 | 肌肉:0.014801
83,132,0.24163055046650556,0.01372252686870145,0.4090909090909091,下降 | 上涨 | 下跌 | 上升 | 回落 | 回升 | 增长 | 攀升 | 幅度 | 飙升 | 波动 | 反弹,增大 | 扣除 | 结构 | 投机 | 中等 | 附加 | 衰减 | 徘徊,供求 | 百分比 | 意向 | 价格 | 相差 | 回升 | 上升 | 以上 | 倍 | 左右 | 部分 | 品种,下降 | 上涨 | 下跌 | 上升 | 回落 | 回升 | 增长 | 攀升 | 幅度 | 飙升 | 波动 | 反弹 | 贬值 | 价格 | 总量 | 下调 | 升值 | 利润 | 比重 | 低于 | 盈利 | 上调 | 平均 | 缩水 | 成本 | 高于 | 总额 | 销量 | 百分比 | 美元 | 占 | 汇率 | 变动 | 整体 | 比例 | 指数 | 总体 | 调整 | 成交 | 超过 | 数量 | 人民币 | 升高 | 增大 | 翻番 | 降价 | 折合 | 业绩 | 累计 | 利率 | 亏损 | 小于 | 值 | 达到 | 售价 | 价位 | 供求 | 份额 | 总数 | 顺差 | 弱势 | 缩小 | 衰减 | 计算 | 涨价 | 分化 | 合计 | 英镑 | 价值 | 变化 | 美金 | 逐年 | 百分点 | 相对 | 扣除 | 大于 | 基准 | 约 | 相差 | 失业率 | 强势 | 流入 | 容量 | 单边 | 左右 | 品种 | 徘徊 | 性价比 | 订单 | 元 | 率 | 合约 | 接近 | 上方 | 逼近 | 结构 | 实际 | 倍 | 数据 | 高价 | 人均 | 剔除 | 弹性 | 以上 | 整数 | 低价 | 曲线 | 票房 | 亿 | 连续 | 以内 | 至 | 中期 | 流向 | 中性 | 持有 | 投机 | 流通 | 样本 | 流量 | 数 | 宏观 | 部分 | 收购 | 附加 | 归属 | 意向 | 发行 | 度 | 广义 | 中等 | 来源,131.90338091589084,0.9952142882134206,0.0045339790971586705,低价:1.000000 | 下调:1.000000 | 整体:1.000000 | 下跌:1.000000 | 逼近:1.000000 | 高价:1.000000 | 百分比:1.000000 | 流量:1.000000 | 回落:1.000000 | 性价比:1.000000 | 接近:1.000000 | 流入:1.000000,萎缩:0.266483 | 过剩:0.033098 | 信用:0.031477 | 减少:0.028332 | 行情:0.027846 | 等级:0.026742 | 金额:0.019667 | 收入:0.010444
84,79,0.36535895607185664,0.047954034254101496,0.22784810126582278,煮 | 炖 | 拌 | 蒸 | 烤 | 煎 | 碗 | 烫 | 蘸 | 开水 | 淋 | 浇,麻 | 素 | 烟 | 吃 | 肠 | 吐 | 粥 | 饿,糊 | 口 | 冷水 | 喝 | 煎 | 尿 | 咽 | 泥 | 麻 | 缸 | 水 | 炖,煮 | 炖 | 拌 | 蒸 | 烤 | 煎 | 碗 | 烫 | 蘸 | 开水 | 淋 | 浇 | 勺 | 熬 | 涮 | 锅 | 粥 | 凉水 | 糊 | 汤 | 嚼 | 喝 | 烧 | 泡 | 饭 | 熏 | 腥 | 吃 | 搅拌 | 煲 | 冷水 | 热水 | 冻 | 热气 | 掺 | 热腾腾 | 沏 | 炸 | 泥 | 熟 | 洒 | 喂 | 稠 | 水 | 饱 | 灌 | 呛 | 渣子 | 上火 | 咸 | 撒 | 炒 | 吐 | 咽 | 盆 | 溅 | 粪 | 滴 | 尿 | 口水 | 榨 | 酸 | 盐 | 剥 | 肠 | 蜡 | 壶 | 炭 | 缸 | 火候 | 麻 | 筛 | 磨 | 烟 | 冰 | 饿 | 口 | 顿 | 素,78.88203644545978,0.9982791065559513,0.001721945288284342,喝:1.000000 | 炖:1.000000 | 涮:1.000000 | 煮:1.000000 | 凉水:1.000000 | 煎:1.000000 | 吃:1.000000 | 蒸:1.000000 | 烤:1.000000 | 沏:1.000000 | 拌:1.000000 | 嚼:1.000000,
85,78,0.3226753799542452,0.03994216567630459,0.3333333333333333,猫 | 妖怪 | 虫子 | 蛇 | 青蛙 | 狗 | 鬼 | 狮子 | 鸽子 | 怪物 | 野兽 | 公鸡,尾巴 | 胖子 | 家伙 | 宝贝 | 娃娃 | 翅膀 | 小偷儿 | 和尚,鸟 | 母鸡 | 家伙 | 颗 | 神 | 猴 | 贼 | 幻影 | 鼠 | 鳄鱼 | 酒鬼 | 青蛙,猫 | 妖怪 | 虫子 | 蛇 | 青蛙 | 狗 | 鬼 | 狮子 | 鸽子 | 怪物 | 野兽 | 公鸡 | 猩猩 | 蚊子 | 小偷儿 | 狼 | 鸟 | 鳄鱼 | 苍蝇 | 猴 | 母鸡 | 笨蛋 | 天鹅 | 鲨鱼 | 巫婆 | 仙女 | 疯子 | 燕子 | 动物 | 蜜蜂 | 鼠 | 小丑 | 猎人 | 大象 | 神仙 | 魔鬼 | 胖子 | 猎犬 | 家伙 | 大雁 | 小人 | 娃娃 | 傻瓜 | 外星人 | 尾巴 | 昆虫 | 宠物 | 贼 | 恐龙 | 星星 | 月亮 | 阎王 | 翅膀 | 宝贝 | 神 | 天上 | 美人 | 幻影 | 捉迷藏 | 和尚 | 大熊猫 | 天使 | 上帝 | 酒鬼 | 杀手 | 金子 | 气球 | 菩萨 | 彩虹 | 闪电 | 守株待兔 | 无敌 | 红眼 | 星座 | 救命 | 样 | 花样 | 颗,77.99469652746252,0.9992582584294882,0.0009614783301638353,妖怪:1.000000 | 星星:1.000000 | 巫婆:1.000000 | 野兽:1.000000 | 蚊子:1.000000 | 救命:1.000000 | 怪物:1.000000 | 闪电:1.000000 | 鬼:1.000000 | 鳄鱼:1.000000 | 家伙:1.000000 | 娃娃:1.000000,植物:0.039683
86,91,0.39655382345371626,0.05821055284805835,0.23076923076923078,茄子 | 南瓜 | 辣椒 | 红薯 | 黄瓜 | 豆腐 | 白菜 | 西红柿 | 柿子 | 肉 | 萝卜 | 酱,美味 | 偏方 | 可口 | 冰棍儿 | 香肠 | 奶 | 好吃 | 汁,秘方 | 好吃 | 奶 | 姜 | 皮 | 酱 | 馒头 | 野生 | 甜 | 葱 | 馅儿 | 酥,茄子 | 南瓜 | 辣椒 | 红薯 | 黄瓜 | 豆腐 | 白菜 | 西红柿 | 柿子 | 肉 | 萝卜 | 酱 | 蒜 | 土豆 | 蘑菇 | 花生 | 酥 | 葱 | 虾 | 核桃 | 香蕉 | 香肠 | 蜂蜜 | 饼 | 西瓜 | 汁 | 面条儿 | 番茄 | 椰子 | 馅儿 | 莲子 | 桂花 | 醋 | 甜 | 香油 | 包子 | 梨 | 汤圆 | 鸡蛋 | 枣 | 馒头 | 火腿 | 鸡 | 瓜 | 豆子 | 好吃 | 香 | 鲜美 | 葡萄 | 脆 | 鸭子 | 嫩 | 蛋 | 糖 | 鱼 | 可口 | 蜜 | 辣 | 麻辣 | 芝麻 | 桃 | 菊花 | 鹅 | 冰棍儿 | 鲜 | 奶 | 美味 | 橘子 | 羊 | 瓜子 | 玫瑰 | 淀粉 | 百合 | 特产 | 姜 | 猪 | 芽 | 海藻 | 新鲜 | 兔 | 味儿 | 粉 | 野生 | 皮 | 油 | 粒 | 斤 | 偏方 | 丸 | 秘方 | 牛,91.03711052738964,0.9998078185483271,0.0003304537511198744,可口:1.000000 | 好吃:1.000000 | 鲜美:1.000000 | 豆子:1.000000 | 特产:1.000000 | 麻辣:1.000000 | 柿子:1.000000 | 猪:1.000000 | 美味:1.000000 | 蛋:1.000000 | 鸡:1.000000 | 虾:1.000000,猴:0.012626 | 白:0.012010
87,76,0.4030763890043614,0.0642596768973842,0.039473684210526314,沮丧 | 焦躁 | 烦躁 | 疲倦 | 痛苦 | 疲惫 | 绝望 | 烦闷 | 悲伤 | 恐惧 | 不安 | 焦虑,怨言 | 伤心 | 沮丧 | 畏惧 | 力不从心 | 愤怒 | 漠然 | 厌烦,自卑 | 灼热 | 折磨 | 恐慌 | 压抑 | 无力 | 沉重 | 悲伤 | 漠然 | 沮丧 | 厌烦 | 怨恨,沮丧 | 焦躁 | 烦躁 | 疲倦 | 痛苦 | 疲惫 | 绝望 | 烦闷 | 悲伤 | 恐惧 | 不安 | 焦虑 | 忧愁 | 消沉 | 孤独 | 厌烦 | 伤感 | 悲哀 | 悔恨 | 胆怯 | 寂寞 | 忧郁 | 伤心 | 怨恨 | 心慌 | 抑郁 | 自卑 | 凄凉 | 自责 | 愤怒 | 失落 | 孤单 | 悲痛 | 压抑 | 畏惧 | 麻木 | 畏缩 | 疲惫不堪 | 劳累 | 窘迫 | 空虚 | 厌倦 | 虚弱 | 精疲力竭 | 恐慌 | 漠然 | 忙乱 | 无精打采 | 沉闷 | 烦恼 | 沉默 | 挣扎 | 胡思乱想 | 忍耐 | 折磨 | 沉重 | 怨气 | 冷淡 | 无所事事 | 悲观 | 忍受 | 失恋 | 受苦 | 紧张 | 灼热 | 饥饿 | 急迫 | 怨言 | 刺骨 | 身不由己 | 不平 | 艰难 | 力不从心 | 无力 | 清醒 | 喘息,75.98331089772691,0.999015033990228,0.0011275028719178878,烦闷:1.000000 | 疲倦:1.000000 | 疲惫:1.000000 | 疲惫不堪:1.000000 | 厌烦:1.000000 | 烦躁:1.000000 | 痛苦:1.000000 | 精疲力竭:1.000000 | 忧郁:1.000000 | 艰难:1.000000 | 刺骨:1.000000 | 挣扎:1.000000,提心吊胆:0.019004 | 垂头丧气:0.015859 | 一事无成:0.010476
88,120,0.34614651670301305,0.02611891007664819,0.26666666666666666,谦逊 | 诚恳 | 谦虚 | 真诚 | 和蔼 | 善良 | 豁达 | 诚实 | 文雅 | 礼貌 | 温柔 | 沉稳,扎实 | 无微不至 | 神圣 | 骨气 | 善良 | 机智 | 亲切 | 强硬,坦率 | 大公无私 | 得体 | 强硬 | 宽容 | 公正 | 和气 | 尊贵 | 潇洒 | 侠义 | 绅士 | 温柔,谦逊 | 诚恳 | 谦虚 | 真诚 | 和蔼 | 善良 | 豁达 | 诚实 | 文雅 | 礼貌 | 温柔 | 沉稳 | 坦诚 | 正直 | 彬彬有礼 | 真挚 | 仁慈 | 稳重 | 友善 | 勇敢 | 刚毅 | 坦率 | 宽容 | 敦厚 | 慈祥 | 厚道 | 体贴 | 得体 | 坚韧 | 风趣 | 冷静 | 宽厚 | 无私 | 客气 | 光明磊落 | 含蓄 | 幽默 | 虔诚 | 慷慨 | 风度 | 大公无私 | 高贵 | 严肃 | 潇洒 | 平和 | 自信 | 忠贞 | 严谨 | 忠诚 | 坦然 | 从容 | 大方 | 沉着 | 高尚 | 骨气 | 踏实 | 殷勤 | 善意 | 和气 | 机智 | 纯洁 | 镇定 | 坚强 | 忠心 | 勤劳 | 虚心 | 节俭 | 细心 | 务实 | 委婉 | 好客 | 从容不迫 | 崇高 | 坚定 | 敬业 | 公道 | 爽快 | 低调 | 言辞 | 亲切 | 耐心 | 包容 | 强硬 | 明智 | 细致 | 实事求是 | 理性 | 绅士 | 顽强 | 公正 | 温和 | 体面 | 侠义 | 诚意 | 庄严 | 尊严 | 正义 | 廉洁 | 顾全大局 | 尊贵 | 用心 | 感性 | 认真 | 中庸 | 端正 | 周到 | 美德 | 廉正 | 平凡 | 流利 | 忠实 | 友好 | 无微不至 | 洪亮 | 扎实 | 大胆 | 神圣 | 高调 | 礼仪 | 权威,120.47801852555119,0.9995928851467837,0.0005794360484792911,和蔼:1.000000 | 宽厚:1.000000 | 尊贵:1.000000 | 礼貌:1.000000 | 诚恳:1.000000 | 敦厚:1.000000 | 好客:1.000000 | 慈祥:1.000000 | 绅士:1.000000 | 慷慨:1.000000 | 殷勤:1.000000 | 纯洁:1.000000,面面俱到:0.259001 | 天真:0.102275 | 利索:0.039044 | 理智:0.031580 | 稳妥:0.022416 | 公仆:0.017794 | 轻松:0.010161
89,148,0.3409839083827275,0.013777923266846053,0.3716216216216216,小声 | 摇头 | 扭头 | 大声 | 咧嘴 | 叹气 | 苦笑 | 发愣 | 神情 | 冷笑 | 哆嗦 | 嬉笑,欢声笑语 | 恋恋不舍 | 哭泣 | 引经据典 | 听见 | 发火 | 动弹 | 依依不舍,受惊 | 道 | 左顾右盼 | 居高临下 | 亲热 | 一言不发 | 情不自禁 | 滔滔不绝 | 不禁 | 脑海 | 抑扬顿挫 | 打招呼,小声 | 摇头 | 扭头 | 大声 | 咧嘴 | 叹气 | 苦笑 | 发愣 | 神情 | 冷笑 | 哆嗦 | 嬉笑 | 笑 | 自言自语 | 一声不吭 | 点头 | 一言不发 | 呜咽 | 眼神 | 目不转睛 | 一动不动 | 忍不住 | 哭 | 愣 | 脸色 | 瞪 | 走开 | 颤抖 | 交头接耳 | 微笑 | 听见 | 笑容 | 一眼 | 前仰后合 | 说话 | 口气 | 情不自禁 | 表情 | 禁不住 | 笑声 | 哀求 | 神态 | 哭泣 | 发抖 | 眼色 | 一旁 | 瞅 | 通红 | 眼泪 | 面红耳赤 | 语气 | 泪水 | 惨白 | 流泪 | 声音 | 哄堂大笑 | 睁 | 低头 | 鸦雀无声 | 打量 | 有口无心 | 会意 | 下意识 | 说道 | 沉思 | 不由得 | 示意 | 招手 | 心里 | 半真半假 | 转身 | 七嘴八舌 | 站住 | 伸手 | 听 | 猛然 | 滔滔不绝 | 东张西望 | 口哨 | 回头 | 亲热 | 脱口而出 | 左顾右盼 | 不由自主 | 过头 | 声 | 不禁 | 响声 | 依依不舍 | 停下 | 打招呼 | 异口同声 | 笑脸 | 恋恋不舍 | 假装 | 众人 | 言语 | 俯首 | 顿时 | 模样 | 举手 | 当着 | 一阵 | 递给 | 灵机一动 | 开口 | 目光 | 动弹 | 喊 | 样子 | 津津有味 | 不假思索 | 抑扬顿挫 | 兴高采烈 | 敲门 | 旁观 | 如醉如痴 | 耳光 | 发火 | 直视 | 话语 | 心中 | 看热闹 | 绘声绘色 | 留神 | 打断 | 面前 | 道 | 欢声笑语 | 受惊 | 手势 | 呐喊 | 脑海 | 歌声 | 一口气 | 聚精会神 | 胸有成竹 | 在场 | 居高临下 | 张扬 | 视线 | 地 | 经久不息 | 头头是道 | 引经据典 | 壮胆 | 动静 | 一面,148.22755786843894,0.9991499300783754,0.0010311348591018113,笑声:1.000000 | 响声:1.000000 | 哆嗦:1.000000 | 眼色:1.000000 | 笑容:1.000000 | 笑脸:1.000000 | 微笑:1.000000 | 发愣:1.000000 | 发火:1.000000 | 会意:1.000000 | 呜咽:1.000000 | 嬉笑:1.000000,插嘴:0.124790 | 反问:0.057575 | 出口成章:0.033666 | 内心:0.019372 | 眼前:0.016146 | 吓:0.015940 | 起劲:0.014554 | 毫不犹豫:0.014218
90,66,0.3569407935666622,0.061540146991133526,0.07575757575757576,复习 | 预习 | 练习 | 自学 | 学习 | 背诵 | 备课 | 补习 | 口语 | 课 | 考试 | 练,下棋 | 演戏 | 演 | 实习 | 废寝忘食 | 比试 | 体能 | 汉语,复习 | 写作 | 排练 | 刻苦 | 背诵 | 面试 | 学习 | 训 | 演戏 | 学会 | 练习 | 功课,复习 | 预习 | 练习 | 自学 | 学习 | 背诵 | 备课 | 补习 | 口语 | 课 | 考试 | 练 | 英语 | 课程 | 讲课 | 外语 | 听讲 | 选修 | 训练 | 读书 | 学 | 写作 | 听写 | 口试 | 功课 | 用功 | 考 | 必修 | 教学 | 刻苦 | 温习 | 听力 | 读 | 识字 | 朗读 | 补考 | 补课 | 测验 | 苦练 | 课堂 | 教 | 笔试 | 钻研 | 锻炼 | 汉语 | 排练 | 面试 | 科目 | 交际 | 阅读 | 学艺 | 实习 | 普通话 | 演戏 | 传授 | 体能 | 及格 | 入门 | 下棋 | 作业 | 训 | 比试 | 养成 | 废寝忘食 | 演 | 学会,65.88518448282741,0.998090251756736,0.0018037629320594136,听讲:1.000000 | 温习:1.000000 | 锻炼:1.000000 | 复习:1.000000 | 练习:1.000000 | 练:1.000000 | 学艺:1.000000 | 考:1.000000 | 补考:1.000000 | 预习:1.000000 | 排练:1.000000 | 听力:1.000000,
91,127,0.2750190781464909,0.005349206374579292,0.41732283464566927,加热 | 温度 | 湿度 | 液体 | 溶解 | 热量 | 氧气 | 含量 | 细菌 | 气体 | 蛋白质 | 水分,果实 | 缝合 | 适量 | 营养 | 浸泡 | 发育 | 冷冻 | 保质期,物体 | 消耗 | 贮藏 | 保质期 | 变异 | 毫米 | 高压 | 害虫 | 磨损 | 二氧化碳 | 成型 | 燃烧,加热 | 温度 | 湿度 | 液体 | 溶解 | 热量 | 氧气 | 含量 | 细菌 | 气体 | 蛋白质 | 水分 | 气泡 | 腐烂 | 低温 | 凝固 | 浸泡 | 脂肪 | 水温 | 空气 | 氧 | 厚度 | 燃烧 | 灰尘 | 洗涤剂 | 冲洗 | 常温 | 体积 | 冷冻 | 过滤 | 烘干 | 二氧化碳 | 气味 | 贮藏 | 腐蚀 | 纤维 | 磨损 | 脱落 | 残留 | 富含 | 消毒 | 混浊 | 有毒 | 变质 | 钙 | 酒精 | 密封 | 浮力 | 保鲜 | 能量 | 融化 | 有害 | 植物 | 振动 | 结冰 | 物质 | 变形 | 新陈代谢 | 生长 | 净化 | 剂 | 含有 | 密度 | 噪声 | 物体 | 高温 | 营养 | 发光 | 火焰 | 老化 | 重量 | 变异 | 样品 | 清洗 | 强度 | 成分 | 膜 | 害虫 | 摄氏度 | 保质期 | 繁殖 | 噪音 | 绝缘 | 真空 | 去除 | 直径 | 结晶 | 茎 | 切割 | 破碎 | 废物 | 发酵 | 自然界 | 性能 | 毫升 | 静止 | 寿命 | 消耗 | 成型 | 发育 | 辐射 | 长度 | 劣质 | 喂养 | 卵 | 天然 | 吸收 | 再生 | 休眠 | 工序 | 光线 | 清洁 | 宽度 | 缝合 | 泡沫 | 海绵 | 进化 | 毫米 | 杂交 | 果实 | 厘米 | 高压 | 生物 | 适量 | 混合 | 层 | 种子,127.43581095961466,0.9983235663318116,0.0019441428833667168,发酵:1.000000 | 富含:1.000000 | 生长:1.000000 | 溶解:1.000000 | 混浊:1.000000 | 变质:1.000000 | 温度:1.000000 | 脱落:1.000000 | 腐烂:1.000000 | 保质期:1.000000 | 重量:1.000000 | 噪声:1.000000,功率:0.470848 | 弯曲:0.065748 | 商标:0.035044 | 复合:0.012551
92,133,0.2865793317252315,0.022160678720501023,0.3609022556390977,公交车 | 路段 | 车道 | 列车 | 行驶 | 车辆 | 慢车 | 公共汽车 | 火车 | 停车场 | 堵车 | 大巴,楼梯 | 大门 | 走廊 | 一带 | 此处 | 看台 | 旅行社 | 居民楼,堵车 | 沿途 | 码头 | 路 | 通道 | 慢车 | 倒车 | 安检 | 终点 | 市区 | 绕行 | 入境,公交车 | 路段 | 车道 | 列车 | 行驶 | 车辆 | 慢车 | 公共汽车 | 火车 | 停车场 | 堵车 | 大巴 | 货车 | 电车 | 路口 | 车站 | 人行道 | 地铁站 | 出租车 | 公路 | 路面 | 私家车 | 客运 | 马路 | 停车 | 高速公路 | 地铁 | 车速 | 卧铺 | 道路 | 通车 | 停车位 | 立交桥 | 巴士 | 绕行 | 线路 | 隧道 | 缆车 | 路况 | 转弯 | 停放 | 行人 | 车 | 机场 | 客车 | 交通 | 拐弯 | 货运 | 航班 | 高铁 | 车位 | 快车 | 旅客 | 市区 | 电梯 | 路程 | 卡车 | 辆 | 路 | 通行 | 跑道 | 停泊 | 码头 | 长途 | 座位 | 居民楼 | 楼梯 | 机动车 | 刹车 | 公车 | 便道 | 打车 | 沿途 | 倒车 | 天桥 | 超车 | 电动车 | 特快 | 加油站 | 十字路口 | 登机 | 沿线 | 过境 | 地段 | 票价 | 轨道 | 客流 | 违章 | 小区 | 公里 | 安检 | 工地 | 直达 | 路线 | 红灯 | 出租 | 高速 | 客机 | 降落 | 通道 | 目的地 | 考场 | 空地 | 枢纽 | 走廊 | 进出 | 场地 | 车型 | 疏散 | 终点 | 起飞 | 船舶 | 行程 | 入境 | 看台 | 住户 | 距离 | 旅行社 | 出境 | 大门 | 报警 | 台阶 | 周边 | 出入 | 地点 | 附近 | 位置 | 牌照 | 地方 | 阶梯 | 此处 | 一带 | 处,133.06190890580035,0.997804176741348,0.001999718476783686,大门:1.000000 | 走廊:1.000000 | 座位:1.000000 | 停车:1.000000 | 起飞:1.000000 | 行人:1.000000 | 大巴:1.000000 | 跑道:1.000000 | 车位:1.000000 | 停车位:1.000000 | 地段:1.000000 | 路段:1.000000,海关:0.064308 | 时速:0.048923 | 铁路:0.048272 | 轿车:0.044474 | 飞机:0.029329 | 起点:0.028018
93,112,0.26842475001608207,0.027979901723404175,0.26785714285714285,构建 | 开展 | 制定 | 建立 | 组建 | 制订 | 推进 | 探索 | 搭建 | 打造 | 创建 | 设立,梳理 | 培养 | 研究所 | 调动 | 强化 | 实地 | 协助 | 着眼于,开拓 | 联盟 | 携手 | 致力于 | 对外 | 孵化 | 开展 | 树立 | 开设 | 协作 | 改革 | 开辟,构建 | 开展 | 制定 | 建立 | 组建 | 制订 | 推进 | 探索 | 搭建 | 打造 | 创建 | 设立 | 深化 | 实施 | 培育 | 开拓 | 开辟 | 推行 | 建设 | 开办 | 发展 | 创办 | 倡导 | 创立 | 成立 | 致力于 | 落实 | 开创 | 筹备 | 起草 | 筹划 | 研讨 | 整合 | 合作 | 强化 | 贯彻 | 开发 | 树立 | 组织 | 协作 | 试点 | 开设 | 出台 | 商讨 | 协同 | 实行 | 筹办 | 着眼于 | 立足 | 谋求 | 联合 | 试行 | 建成 | 规划 | 研究 | 实践 | 优化 | 引进 | 战略 | 着手 | 携手 | 洽谈 | 培养 | 联手 | 拓宽 | 部署 | 发挥 | 寻求 | 运作 | 共同 | 酝酿 | 摸索 | 着眼 | 发起 | 达成 | 孵化 | 攻关 | 协助 | 进行 | 改革 | 参与 | 秉承 | 从事 | 策划 | 主导 | 指导 | 负责 | 整顿 | 通过 | 示范 | 考察 | 面向 | 担负 | 梳理 | 调研 | 落户 | 联盟 | 纲要 | 调动 | 专门 | 纳入 | 专注 | 协会 | 基地 | 实地 | 深度 | 骨干 | 一揽子 | 研究所 | 小组 | 对外 | 关于,111.68264604117077,0.9952303591754578,0.004481358697467734,洽谈:1.000000 | 创办:1.000000 | 寻求:1.000000 | 联手:1.000000 | 创立:1.000000 | 开办:1.000000 | 建成:1.000000 | 从事:1.000000 | 研究:1.000000 | 培养:1.000000 | 致力于:1.000000 | 着手:1.000000,围绕:0.032226 | 委员会:0.027458 | 前沿:0.026790 | 考核:0.023272 | 承办:0.022360 | 转型:0.016137
94,76,0.30522206515319167,0.04306049327159341,0.17105263157894737,支票 | 收据 | 存折 | 信封 | 证件 | 请柬 | 贺卡 | 身份证 | 护照 | 发票 | 便条 | 车票,件 | 嫁妆 | 随身 | 捐助 | 行李 | 钱包 | 册 | 物品,取款 | 凭证 | 银行卡 | 请帖 | 中奖 | 嫁妆 | 机票 | 肖像 | 册 | 锦旗 | 号码 | 钱包,支票 | 收据 | 存折 | 信封 | 证件 | 请柬 | 贺卡 | 身份证 | 护照 | 发票 | 便条 | 车票 | 信件 | 欠条 | 汇款 | 银行卡 | 礼品 | 钞票 | 账单 | 请帖 | 相片 | 借条 | 邮票 | 挂失 | 印章 | 凭证 | 礼物 | 签名 | 名片 | 照片 | 机票 | 物品 | 奖品 | 话费 | 通行证 | 信用卡 | 钱包 | 公函 | 红包 | 号码 | 零钱 | 签证 | 门票 | 遗嘱 | 取款 | 电报 | 中奖 | 车牌 | 送礼 | 锦旗 | 复印 | 告示 | 住址 | 捐款 | 张 | 行李 | 月票 | 藏品 | 启事 | 肖像 | 票 | 遗物 | 张贴 | 嫁妆 | 档案 | 募捐 | 姓名 | 册 | 随身 | 收藏 | 捐助 | 笔 | 账 | 券 | 邮编 | 件,76.18260392591517,0.99985401324246,0.00023781233166218332,礼品:1.000000 | 礼物:1.000000 | 物品:1.000000 | 支票:1.000000 | 欠条:1.000000 | 请柬:1.000000 | 捐款:1.000000 | 请帖:1.000000 | 护照:1.000000 | 存折:1.000000 | 告示:1.000000 | 借条:1.000000,墓碑:0.119657 | 邮件:0.041967 | 捐赠:0.012402
95,84,0.3692860158108696,0.08084442307077509,0.011904761904761904,别致 | 优美 | 精致 | 古朴 | 迷人 | 美妙 | 质朴 | 奇特 | 动人 | 艳丽 | 新颖 | 优雅,活泼 | 朴实 | 纯朴 | 恰如其分 | 励志 | 精品 | 地道 | 工整,浓厚 | 甜美 | 醇厚 | 秀美 | 时髦 | 丰富多彩 | 新奇 | 十足 | 引人入胜 | 古朴 | 优美 | 美丽,别致 | 优美 | 精致 | 古朴 | 迷人 | 美妙 | 质朴 | 奇特 | 动人 | 艳丽 | 新颖 | 优雅 | 朴实 | 精美 | 细腻 | 美丽 | 引人入胜 | 壮丽 | 华丽 | 高雅 | 浓郁 | 独特 | 纯朴 | 新奇 | 动听 | 生动 | 精妙 | 简洁 | 甜美 | 秀丽 | 奇妙 | 醇厚 | 壮观 | 朴素 | 动感 | 清新 | 悦耳 | 秀美 | 缤纷 | 亮丽 | 逼真 | 富有 | 感人 | 酣畅 | 漂亮 | 诱人 | 有趣 | 鲜明 | 活泼 | 气派 | 雄伟 | 宏伟 | 丰富多彩 | 工整 | 精彩 | 风情 | 原汁原味 | 别具匠心 | 完美 | 神奇 | 时髦 | 宏大 | 耀眼 | 与众不同 | 梦幻 | 巧妙 | 古老 | 浓重 | 神秘 | 鲜活 | 非凡 | 崭新 | 经典 | 十足 | 时尚 | 浓厚 | 恰到好处 | 恰如其分 | 新潮 | 画龙点睛 | 珍贵 | 地道 | 励志 | 精品,84.06584909870247,0.9997277287450307,0.00036633246880985457,地道:1.000000 | 迷人:1.000000 | 气派:1.000000 | 原汁原味:1.000000 | 古朴:1.000000 | 精美:1.000000 | 奇妙:1.000000 | 浓郁:1.000000 | 优美:1.000000 | 奇特:1.000000 | 宏伟:1.000000 | 动听:1.000000,划时代:0.065961 | 灿烂:0.016478
96,93,0.2755728704072135,-0.0044800557783183405,0.5483870967741935,抛弃 | 灭亡 | 完蛋 | 崩溃 | 丢掉 | 倒下 | 破灭 | 死心 | 忘掉 | 放弃 | 消失 | 醒悟,挫折 | 忘记 | 振作 | 退缩 | 错过 | 无所作为 | 醒悟 | 不辞而别,淘汰 | 彻底 | 分手 | 振作 | 摆脱 | 没落 | 幸免 | 挫折 | 动摇 | 牺牲 | 化险为夷 | 崩溃,抛弃 | 灭亡 | 完蛋 | 崩溃 | 丢掉 | 倒下 | 破灭 | 死心 | 忘掉 | 放弃 | 消失 | 醒悟 | 失败 | 迷失 | 丧失 | 失去 | 脱身 | 退却 | 没落 | 走投无路 | 半途而废 | 忘记 | 退缩 | 陷入 | 遗忘 | 败 | 遭殃 | 幸免 | 一事无成 | 失传 | 倒闭 | 掉队 | 失利 | 埋没 | 出局 | 不辞而别 | 灭绝 | 毁 | 一无所有 | 振作 | 屈服 | 改邪归正 | 倾家荡产 | 终结 | 出走 | 解体 | 动摇 | 摆脱 | 罢休 | 彻底 | 解脱 | 下场 | 各奔前程 | 不了了之 | 豁出去 | 挫折 | 任人宰割 | 破产 | 泥潭 | 苏醒 | 分手 | 无所作为 | 放下 | 搁浅 | 脱离 | 面目全非 | 陷 | 复活 | 斩草除根 | 走弯路 | 化险为夷 | 降临 | 无缘 | 无济于事 | 摇摇欲坠 | 一干二净 | 得手 | 错过 | 淘汰 | 止步 | 缺席 | 垮 | 牺牲 | 告别 | 幸存 | 如愿以偿 | 奏效 | 落下 | 解开 | 觉醒 | 了结 | 搁置 | 留下,92.88772806988057,0.9981277390338013,0.0014802741338789803,完蛋:1.000000 | 遗忘:1.000000 | 苏醒:1.000000 | 埋没:1.000000 | 无缘:1.000000 | 化险为夷:1.000000 | 丢掉:1.000000 | 解开:1.000000 | 搁置:1.000000 | 搁浅:1.000000 | 缺席:1.000000 | 改邪归正:1.000000,水落石出:0.016424 | 报仇:0.016317
97,114,0.2636406330599743,0.025883858736528514,0.39473684210526316,决赛 | 冠军 | 比赛 | 夺冠 | 亚军 | 半决赛 | 选手 | 参赛 | 预赛 | 单打 | 银牌 | 铜牌,中级 | 颁奖 | 叫板 | 职业 | 主演 | 出演 | 先锋 | 跑龙套,队 | 联赛 | 胜负 | 出道 | 勋章 | 搭档 | 铜牌 | 团 | 比分 | 届 | 冠军 | 得分,决赛 | 冠军 | 比赛 | 夺冠 | 亚军 | 半决赛 | 选手 | 参赛 | 预赛 | 单打 | 银牌 | 铜牌 | 金牌 | 世界杯 | 奖牌 | 联赛 | 奖杯 | 球员 | 夺魁 | 双打 | 上场 | 大赛 | 球队 | 获胜 | 大奖赛 | 教练 | 爆冷门 | 球星 | 阵容 | 奥运会 | 赛 | 出场 | 入场券 | 东道主 | 运动员 | 奖项 | 颁奖 | 胜出 | 获奖 | 比分 | 角逐 | 对手 | 取胜 | 搭档 | 犯规 | 评委 | 半场 | 裁判 | 亚运会 | 队员 | 外援 | 胜负 | 得分 | 队 | 抽签 | 杯 | 头衔 | 大腕儿 | 巨星 | 新人 | 高手 | 开场 | 奖 | 名额 | 赢家 | 出道 | 主角 | 明星 | 王牌 | 替身 | 头号 | 退役 | 巅峰 | 黑马 | 生涯 | 主演 | 全场 | 舵手 | 长跑 | 代言人 | 资格 | 届 | 出演 | 赞助 | 跳水 | 赛跑 | 状元 | 垫底 | 称号 | 场 | 职业 | 角色 | 接力 | 亮相 | 棋 | 跑龙套 | 纪录 | 身价 | 人气 | 席 | 国籍 | 勋章 | 冲刺 | 轮 | 叫板 | 主力 | 火炬 | 组 | 出手 | 先锋 | 成功率 | 团 | 权 | 中级,113.95966573692012,0.9986495615957593,0.0016405930697135208,银牌:1.000000 | 铜牌:1.000000 | 奖牌:1.000000 | 出场:1.000000 | 金牌:1.000000 | 获奖:1.000000 | 冠军:1.000000 | 夺魁:1.000000 | 决赛:1.000000 | 胜出:1.000000 | 亚军:1.000000 | 参赛:1.000000,偶像:0.038303 | 输家:0.013377 | 人数:0.013146 | 主持人:0.012611
98,91,0.28627826668453216,0.005885612021771298,0.42857142857142855,气质 | 魅力 | 底蕴 | 风范 | 韵味 | 风采 | 情怀 | 风貌 | 气息 | 特质 | 内涵 | 精髓,韵味 | 字眼 | 健康 | 个性 | 色彩 | 光彩 | 容颜 | 深厚,气息 | 风气 | 认知 | 情怀 | 渊源 | 形象 | 情结 | 成长 | 容颜 | 风格 | 品质 | 韵味,气质 | 魅力 | 底蕴 | 风范 | 韵味 | 风采 | 情怀 | 风貌 | 气息 | 特质 | 内涵 | 精髓 | 感染力 | 形象 | 气魄 | 理念 | 光芒 | 境界 | 根基 | 审美 | 积淀 | 气势 | 精神 | 风格 | 活力 | 风尚 | 情结 | 氛围 | 观念 | 品质 | 瑰宝 | 熏陶 | 个性 | 意识 | 面貌 | 影响力 | 风气 | 色彩 | 生机 | 亲和力 | 本色 | 印象 | 声誉 | 写照 | 崇尚 | 感 | 容颜 | 光彩 | 历程 | 使命 | 知名度 | 成就 | 发扬光大 | 品位 | 潮流 | 追求 | 血脉 | 宗旨 | 软实力 | 观感 | 认知 | 源泉 | 正能量 | 视野 | 内在 | 深厚 | 渊源 | 足迹 | 事迹 | 脉搏 | 元素 | 精华 | 口碑 | 信誉 | 殿堂 | 洗礼 | 地位 | 心目 | 化身 | 身影 | 反响 | 建树 | 宝库 | 光环 | 招牌 | 成果 | 启迪 | 呼声 | 字眼 | 成长 | 健康,91.02665209419025,0.9983845248903699,0.0018250147078620576,精髓:1.000000 | 风貌:1.000000 | 风采:1.000000 | 事迹:1.000000 | 气息:1.000000 | 品位:1.000000 | 健康:1.000000 | 品质:1.000000 | 容颜:1.000000 | 成长:1.000000 | 风格:1.000000 | 韵味:1.000000,持久:0.048789 | 基因:0.036893 | 视角:0.030158 | 代言人:0.014925
99,102,0.2750262126033044,0.006112671613079972,0.4803921568627451,民工 | 军人 | 士兵 | 农民 | 农民工 | 群众 | 妇女 | 残疾人 | 官兵 | 警察 | 工人 | 渔民,新生 | 献血 | 少儿 | 学子 | 让座 | 服务员 | 船长 | 灾,医务 | 慈善 | 人员 | 前线 | 全体 | 剧组 | 让座 | 民警 | 城乡 | 警官 | 船员 | 人民,民工 | 军人 | 士兵 | 农民 | 农民工 | 群众 | 妇女 | 残疾人 | 官兵 | 警察 | 工人 | 渔民 | 民众 | 市民 | 职工 | 居民 | 公民 | 罪犯 | 乘客 | 志愿者 | 伤员 | 青年 | 民警 | 医务 | 船员 | 战士 | 华侨 | 牧民 | 儿童 | 乞丐 | 师生 | 人民 | 囚犯 | 残疾 | 青少年 | 司机 | 小贩 | 盲人 | 军官 | 义工 | 老百姓 | 人员 | 服务员 | 商贩 | 学子 | 路人 | 清洁工 | 乞讨 | 交警 | 聋人 | 未成年人 | 伤残 | 警官 | 受害人 | 受灾 | 同胞 | 车主 | 治安 | 贫困 | 救助 | 劳动 | 见义勇为 | 顾客 | 农村 | 移民 | 保安 | 烈士 | 飞行员 | 外交官 | 基层 | 灾区 | 导游 | 公安 | 人群 | 救济 | 城乡 | 救灾 | 流浪 | 劳动力 | 献血 | 让座 | 外籍 | 家庭 | 人口 | 个体 | 拆迁 | 公安局 | 外来 | 少儿 | 全体 | 当地 | 慈善 | 人身 | 外国 | 人次 | 剧组 | 船长 | 前线 | 灾 | 新生 | 大使馆 | 各地,102.1326206739957,0.9994522637497855,0.0007584162220924995,残疾:1.000000 | 路人:1.000000 | 盲人:1.000000 | 司机:1.000000 | 残疾人:1.000000 | 保安:1.000000 | 伤残:1.000000 | 牧民:1.000000 | 商贩:1.000000 | 老百姓:1.000000 | 交警:1.000000 | 人群:1.000000,工商界:0.072419 | 水手:0.033367 | 修车:0.014049
