community,size,mean_pair_cosine,mean_cosine_silhouette,negative_silhouette_fraction,representatives,boundary_words,deterministic_sample,all_members,soft_mass,mean_max_membership,mean_normalized_membership_entropy,highest_membership_words,strongest_members_outside_hard_cluster
0,45,0.47459209987786877,0.18895931587182171,0.0,演奏 | 乐曲 | 演唱 | 独唱 | 歌曲 | 伴奏 | 合唱 | 歌唱 | 舞蹈 | 民歌 | 旋律 | 歌剧,话剧 | 戏剧 | 演戏 | 唱歌 | 小品 | 诗歌 | 诗 | 相声,民歌 | 演唱 | 表演 | 独唱 | 诗歌 | 演戏 | 话剧 | 小曲 | 摇滚 | 戏剧 | 歌 | 奏,演奏 | 乐曲 | 演唱 | 独唱 | 歌曲 | 伴奏 | 合唱 | 歌唱 | 舞蹈 | 民歌 | 旋律 | 歌剧 | 音乐 | 交响乐 | 唱 | 歌舞 | 朗诵 | 歌词 | 笛子 | 歌 | 吉他 | 唱歌 | 歌声 | 乐队 | 小提琴 | 乐器 | 诗歌 | 表演 | 抒情 | 戏剧 | 钢琴 | 秧歌 | 舞 | 话剧 | 摇滚 | 小曲 | 曲 | 歌咏 | 相声 | 诗 | 国歌 | 小品 | 奏 | 演戏 | 琴,45.03001651438253,0.999996560765458,6.889432138816131e-6,合唱:1.000000 | 唱:1.000000 | 国歌:1.000000 | 奏:1.000000 | 小曲:1.000000 | 旋律:1.000000 | 歌:1.000000 | 歌咏:1.000000 | 歌唱:1.000000 | 笛子:1.000000 | 舞:1.000000 | 乐器:1.000000,京剧:0.013350 | 散文:0.012678
1,65,0.2742464008030333,0.012202814570049911,0.4153846153846154,制度 | 职责 | 法规 | 职能 | 机制 | 措施 | 程序 | 规则 | 条例 | 原则 | 事项 | 职权,指南 | 顺序 | 期限 | 机关 | 全局 | 草案 | 课题 | 纪律,用人 | 规则 | 清单 | 改革 | 分工 | 环节 | 执法 | 廉政 | 修订 | 条款 | 项 | 纲要,制度 | 职责 | 法规 | 职能 | 机制 | 措施 | 程序 | 规则 | 条例 | 原则 | 事项 | 职权 | 流程 | 规范 | 体制 | 条款 | 政策 | 方案 | 准则 | 草案 | 责任 | 决策 | 步骤 | 改革 | 部门 | 工作 | 纪律 | 标准 | 修订 | 监管 | 考核 | 事宜 | 议题 | 分工 | 任务 | 机关 | 纲要 | 义务 | 环节 | 编制 | 清单 | 行政 | 课题 | 试点 | 时间表 | 日程 | 主体 | 进度 | 把关 | 执法 | 指令 | 重大 | 要点 | 指南 | 期限 | 廉政 | 顺序 | 分类 | 小组 | 公益性 | 权 | 项 | 单位 | 用人 | 全局,65.05346159818535,0.9998825995501385,0.0001913245385642547,职责:1.000000 | 任务:1.000000 | 日程:1.000000 | 工作:1.000000 | 流程:1.000000 | 程序:1.000000 | 条款:1.000000 | 职能:1.000000 | 把关:1.000000 | 职权:1.000000 | 课题:1.000000 | 权:1.000000,日期:0.038286
2,49,0.2965762347617895,0.030088085974557324,0.3877551020408163,有名 | 驰名 | 大名鼎鼎 | 闻名 | 举世闻名 | 著名 | 远近闻名 | 当之无愧 | 出名 | 家喻户晓 | 名副其实 | 堪称,正宗 | 相传 | 传奇 | 瞩目 | 简介 | 呼风唤雨 | 杰出 | 经典,特有 | 显赫 | 有名 | 当之无愧 | 耳熟能详 | 问世 | 著名 | 诞生 | 一流 | 呼风唤雨 | 深受 | 名副其实,有名 | 驰名 | 大名鼎鼎 | 闻名 | 举世闻名 | 著名 | 远近闻名 | 当之无愧 | 出名 | 家喻户晓 | 名副其实 | 堪称 | 瞩目 | 举世无双 | 独一无二 | 媲美 | 耳熟能详 | 杰出 | 公认 | 举世瞩目 | 号称 | 悠久 | 显赫 | 划时代 | 一流 | 正宗 | 经典 | 泰斗 | 土生土长 | 仅次于 | 传奇 | 诞生 | 首创 | 畅销 | 前无古人 | 深受 | 发源地 | 备受 | 不亚于 | 相传 | 当今 | 特有 | 之一 | 有着 | 问世 | 荣获 | 呼风唤雨 | 出自 | 简介,49.0013190853193,0.9999925887294056,0.000014714369180782767,出名:1.000000 | 大名鼎鼎:1.000000 | 显赫:1.000000 | 远近闻名:1.000000 | 闻名:1.000000 | 驰名:1.000000 | 有名:1.000000 | 问世:1.000000 | 正宗:1.000000 | 呼风唤雨:1.000000 | 号称:1.000000 | 相传:1.000000,
3,94,0.24347120578032813,-0.0002734921966891829,0.5638297872340425,总计 | 约 | 合计 | 总数 | 共计 | 平均 | 累计 | 总量 | 超过 | 占 | 总额 | 折合,品种 | 票房 | 收获 | 份 | 营业 | 指标 | 面积 | 计算,份 | 近 | 百分比 | 同期 | 为 | 产值 | 以上 | 倍 | 左右 | 品种 | 人均 | 归属,总计 | 约 | 合计 | 总数 | 共计 | 平均 | 累计 | 总量 | 超过 | 占 | 总额 | 折合 | 数量 | 大约 | 总共 | 低于 | 产值 | 规模 | 达到 | 量 | 比重 | 小于 | 数目 | 百分比 | 同期 | 仅 | 将近 | 比例 | 较 | 高于 | 计 | 面积 | 共 | 计算 | 人数 | 对应 | 销量 | 人均 | 数 | 共有 | 相当于 | 左右 | 大于 | 吨 | 剩余 | 值 | 成交 | 一共 | 份额 | 千克 | 期末 | 近 | 上限 | 实际 | 分别 | 截止 | 截至 | 以上 | 排名 | 亿 | 倍 | 人民币 | 以内 | 至 | 公斤 | 平方 | 总 | 半数 | 率 | 基准 | 含 | 票房 | 磅 | 上期 | 持有 | 营业 | 整数 | 余 | 纪录 | 指标 | 刷新 | 品种 | 股 | 本期 | 发行 | 归属 | 每 | 收获 | 分 | 注 | 为 | 零 | 以下 | 份,93.79385223578247,0.9953062560823598,0.003042073222050824,共计:1.000000 | 折合:1.000000 | 共:1.000000 | 总计:1.000000 | 合计:1.000000 | 数目:1.000000 | 总共:1.000000 | 一共:1.000000 | 收获:1.000000 | 低于:1.000000 | 含:1.000000 | 计:1.000000,万:0.173030
4,59,0.27864858363528155,0.027828702310978972,0.3220338983050847,差别 | 相同 | 差异 | 相似 | 区分 | 区别 | 相差 | 不同 | 重叠 | 重合 | 相等 | 混淆,排列 | 性别 | 等级 | 隔开 | 大致 | 对称 | 之间 | 存在,无关 | 区分 | 转换 | 同等 | 相差 | 混合 | 重叠 | 介于 | 同类 | 分布 | 有所不同 | 等级,差别 | 相同 | 差异 | 相似 | 区分 | 区别 | 相差 | 不同 | 重叠 | 重合 | 相等 | 混淆 | 划分 | 分开 | 差距 | 有所不同 | 相连 | 之间 | 悬殊 | 匹配 | 高低 | 无关 | 大同小异 | 长短 | 分成 | 隔开 | 挂钩 | 分离 | 界限 | 并行 | 介于 | 错位 | 同等 | 同一 | 息息相关 | 并列 | 交叉 | 分割 | 排列 | 界线 | 落差 | 对比 | 关联 | 大体 | 分布 | 对称 | 兼容 | 大致 | 与其 | 等级 | 合并 | 存在 | 转换 | 与 | 混合 | 同类 | 性别 | 组合 | 复合,58.9836641286975,0.9996443093944353,0.0004121706621553761,相等:1.000000 | 重叠:1.000000 | 隔开:1.000000 | 排列:1.000000 | 对比:1.000000 | 相同:1.000000 | 相差:1.000000 | 错位:1.000000 | 落差:1.000000 | 差距:1.000000 | 重合:1.000000 | 悬殊:1.000000,
5,29,0.3779762636689076,0.09566628601953611,0.0,救援 | 救灾 | 救治 | 救助 | 搜救 | 应急 | 急救 | 伤员 | 抢救 | 防疫 | 受灾 | 紧急,抚恤 | 演练 | 出动 | 灾 | 急救 | 治安 | 救治 | 受灾,物资 | 应急 | 紧急 | 灾区 | 安置 | 抢救 | 重建 | 打捞 | 救援 | 处置 | 搜救 | 防汛,救援 | 救灾 | 救治 | 救助 | 搜救 | 应急 | 急救 | 伤员 | 抢救 | 防疫 | 受灾 | 紧急 | 疏散 | 灾区 | 防汛 | 援助 | 灾 | 物资 | 救济 | 抚恤 | 安置 | 疏导 | 消防 | 打捞 | 处置 | 重建 | 演练 | 治安 | 出动,29.000001877993427,0.9999999918434574,2.524416443388185e-8,伤员:1.000000 | 出动:1.000000 | 安置:1.000000 | 应急:1.000000 | 急救:1.000000 | 打捞:1.000000 | 抚恤:1.000000 | 抢救:1.000000 | 搜救:1.000000 | 救助:1.000000 | 救治:1.000000 | 治安:1.000000,
6,38,0.43978996876132254,0.10741498774287735,0.05263157894736842,钦佩 | 敬佩 | 赞扬 | 赞许 | 赞叹 | 称赞 | 赞赏 | 感激 | 敬重 | 敬意 | 由衷 | 赞美,骄傲 | 自豪 | 惊叹 | 振奋 | 荣幸 | 感动 | 感激 | 祝贺,赞赏 | 赞不绝口 | 敬佩 | 骄傲 | 感激 | 称赞 | 鼓掌 | 尊敬 | 自豪 | 赞扬 | 由衷 | 惊叹,钦佩 | 敬佩 | 赞扬 | 赞许 | 赞叹 | 称赞 | 赞赏 | 感激 | 敬重 | 敬意 | 由衷 | 赞美 | 佩服 | 夸奖 | 衷心 | 尊敬 | 惊叹 | 欢呼 | 感动 | 感谢 | 祝贺 | 自豪 | 喝彩 | 鼓掌 | 赞叹不已 | 振奋 | 表扬 | 掌声 | 赞不绝口 | 好评 | 骄傲 | 拥护 | 热烈 | 欢迎 | 鼓舞 | 叫好 | 荣幸 | 鞭策,38.00040650440292,0.9999994366945597,1.3072381191610543e-6,好评:1.000000 | 热烈:1.000000 | 称赞:1.000000 | 赞不绝口:1.000000 | 赞扬:1.000000 | 鞭策:1.000000 | 骄傲:1.000000 | 鼓舞:1.000000 | 叫好:1.000000 | 欢迎:1.000000 | 荣幸:1.000000 | 钦佩:1.000000,
7,85,0.3145536785893228,0.050485743618828356,0.2,出任 | 兼任 | 任命 | 担任 | 职务 | 现任 | 就任 | 聘任 | 任职 | 任 | 秘书 | 辞去,转交 | 出面 | 聘 | 派遣 | 先生 | 胜任 | 特邀 | 高层,任 | 聘 | 辞职 | 主管 | 担任 | 事务 | 出任 | 加盟 | 事务所 | 协会 | 总经理 | 任命,出任 | 兼任 | 任命 | 担任 | 职务 | 现任 | 就任 | 聘任 | 任职 | 任 | 秘书 | 辞去 | 总裁 | 总经理 | 主任 | 董事长 | 董事 | 秘书长 | 助理 | 理事 | 院长 | 委员 | 主席 | 部长 | 辞职 | 总监 | 兼 | 就职 | 顾问 | 会长 | 前任 | 局长 | 任期 | 处长 | 首席 | 书记 | 当选 | 接替 | 上任 | 公职 | 主管 | 组长 | 提名 | 连任 | 所长 | 聘 | 团长 | 职位 | 聘请 | 董事会 | 司长 | 聘用 | 离职 | 推选 | 人选 | 委员会 | 负责人 | 事务 | 名誉 | 提拔 | 市长 | 候选人 | 成员 | 特邀 | 代理 | 先生 | 人事 | 接手 | 创始人 | 晋升 | 事务所 | 总部 | 掌管 | 胜任 | 下属 | 研究所 | 出面 | 高层 | 驻 | 加盟 | 协会 | 派遣 | 转交 | 股东 | 效力,84.95558745256005,0.9991052582992248,0.0008739865027076892,兼任:1.000000 | 担任:1.000000 | 接替:1.000000 | 辞去:1.000000 | 提拔:1.000000 | 出任:1.000000 | 职务:1.000000 | 任:1.000000 | 聘任:1.000000 | 掌管:1.000000 | 胜任:1.000000 | 就职:1.000000,发起人:0.020773
8,44,0.2939809348651512,0.014939108571855214,0.38636363636363635,核对 | 核实 | 查询 | 查找 | 辨认 | 辨别 | 检查 | 调查 | 询问 | 查明 | 追踪 | 查,姓名 | 询问 | 物证 | 验证 | 复查 | 记载 | 察看 | 去向,标示 | 验证 | 评估 | 报告 | 复查 | 核对 | 通报 | 查找 | 确认 | 追溯 | 追踪 | 显示,核对 | 核实 | 查询 | 查找 | 辨认 | 辨别 | 检查 | 调查 | 询问 | 查明 | 追踪 | 查 | 监控 | 查看 | 验证 | 鉴别 | 监测 | 识别 | 记录 | 分辨 | 统计 | 复查 | 确认 | 评估 | 察看 | 求证 | 证据 | 出示 | 资料 | 跟踪 | 通报 | 显示 | 物证 | 记载 | 标示 | 追溯 | 线索 | 真假 | 报告 | 提示 | 对照 | 去向 | 姓名 | 记者,44.006611593825674,0.9999971510677597,6.289931319366119e-6,分辨:1.000000 | 核对:1.000000 | 监控:1.000000 | 跟踪:1.000000 | 辨别:1.000000 | 辨认:1.000000 | 对照:1.000000 | 去向:1.000000 | 物证:1.000000 | 真假:1.000000 | 线索:1.000000 | 追溯:1.000000,
9,83,0.32589412525026906,-0.01029179698667318,0.5903614457831325,缠 | 绑 | 绷 | 兜 | 扳 | 挽 | 裹 | 牵 | 夹 | 拴 | 撑 | 钉,钻 | 推 | 踏 | 拉 | 划 | 挪 | 织 | 撇,抬 | 绑 | 拨 | 倚 | 拐 | 驮 | 牵 | 撑 | 拴 | 扭 | 拔 | 摆,缠 | 绑 | 绷 | 兜 | 扳 | 挽 | 裹 | 牵 | 夹 | 拴 | 撑 | 钉 | 吊 | 绞 | 抱 | 拱 | 挂 | 搭 | 伸 | 垂 | 抬 | 竖 | 拖 | 搀 | 钩 | 拉 | 扭 | 仰 | 拄 | 背 | 压 | 剪 | 罩 | 扶 | 握 | 勾 | 扎 | 挎 | 倚 | 垫 | 缝 | 插 | 踏 | 拔 | 摆 | 弯 | 捆 | 挡 | 横 | 绣 | 绕 | 悬 | 叠 | 遮 | 驮 | 贴 | 塞 | 坠 | 卧 | 递 | 削 | 叉 | 拐 | 勒 | 抛 | 举 | 射 | 顶 | 撇 | 攀 | 推 | 托 | 围 | 摇 | 锁 | 拨 | 扣 | 挪 | 钻 | 织 | 披 | 划 | 护,83.00655861156795,0.9998609316294844,0.00020027403267126436,拴:1.000000 | 扶:1.000000 | 倚:1.000000 | 绑:1.000000 | 罩:1.000000 | 夹:1.000000 | 垂:1.000000 | 牵:1.000000 | 拐:1.000000 | 垫:1.000000 | 压:1.000000 | 挽:1.000000,
10,38,0.4771068101042398,0.12535374161271182,0.0,烦躁 | 焦躁 | 沮丧 | 烦闷 | 疲倦 | 悲伤 | 焦虑 | 孤独 | 忧郁 | 疲惫 | 忧愁 | 绝望,伤感 | 沮丧 | 苦恼 | 胡思乱想 | 无所事事 | 麻木 | 不安 | 恐慌,自卑 | 恐慌 | 压抑 | 悲伤 | 沮丧 | 浮躁 | 颓废 | 窘迫 | 疲惫 | 沉闷 | 无聊 | 麻木,烦躁 | 焦躁 | 沮丧 | 烦闷 | 疲倦 | 悲伤 | 焦虑 | 孤独 | 忧郁 | 疲惫 | 忧愁 | 绝望 | 痛苦 | 寂寞 | 消沉 | 抑郁 | 恐惧 | 苦恼 | 伤感 | 不安 | 自卑 | 孤单 | 失落 | 凄凉 | 压抑 | 无聊 | 空虚 | 颓废 | 厌倦 | 烦恼 | 浮躁 | 麻木 | 窘迫 | 沉闷 | 胡思乱想 | 恐慌 | 无所事事 | 饥饿,38.006392508591404,0.9999994056866389,1.3968153240767033e-6,孤单:1.000000 | 孤独:1.000000 | 无聊:1.000000 | 浮躁:1.000000 | 消沉:1.000000 | 烦闷:1.000000 | 颓废:1.000000 | 无所事事:1.000000 | 胡思乱想:1.000000 | 沉闷:1.000000 | 忧郁:1.000000 | 烦恼:1.000000,
11,86,0.2501915537884077,-0.035653558648668426,0.8488372093023255,冷 | 沉 | 暖 | 泻 | 流 | 漫 | 暗 | 醉 | 虚 | 浮 | 静 | 泄,妙 | 醉 | 探 | 冒 | 惊 | 猛 | 夜 | 闭,闲 | 溢 | 闪 | 变 | 潮 | 歇 | 漂 | 暗 | 泄 | 停 | 焦 | 浮,冷 | 沉 | 暖 | 泻 | 流 | 漫 | 暗 | 醉 | 虚 | 浮 | 静 | 泄 | 涌 | 淡 | 歇 | 惊 | 豁 | 透 | 震 | 气 | 缓 | 散 | 急 | 溢 | 陡 | 漂 | 动 | 火 | 猛 | 雾 | 松 | 闲 | 浓 | 邪 | 消 | 狂 | 轻 | 阴 | 逆 | 魂 | 久 | 闪 | 停 | 直 | 玄 | 闭 | 慢 | 热 | 迷 | 顺 | 风 | 清 | 移 | 浪 | 映 | 迟 | 飞 | 灵 | 润 | 冒 | 吸 | 空 | 潮 | 扬 | 快 | 变 | 转 | 妙 | 重 | 光 | 缩 | 闻 | 调 | 足 | 胆 | 深 | 夜 | 止 | 上流 | 行 | 满 | 探 | 焦 | 伴 | 越 | 出,85.99584328525563,0.999501859152182,0.0006164566626168464,迷:1.000000 | 涌:1.000000 | 暖:1.000000 | 流:1.000000 | 溢:1.000000 | 上流:1.000000 | 豁:1.000000 | 漫:1.000000 | 伴:1.000000 | 魂:1.000000 | 惊:1.000000 | 急:1.000000,延:0.012781 | 腾:0.010523
12,70,0.35202996026041666,0.03209125315196318,0.22857142857142856,公交车 | 列车 | 车道 | 路段 | 车辆 | 货车 | 停车场 | 车站 | 慢车 | 公路 | 人行道 | 出租车,辆 | 景区 | 电梯 | 客车 | 车厢 | 加油站 | 警车 | 车上,闸 | 码头 | 路 | 慢车 | 安检 | 马路 | 警车 | 卧铺 | 线路 | 停车场 | 车位 | 高铁,公交车 | 列车 | 车道 | 路段 | 车辆 | 货车 | 停车场 | 车站 | 慢车 | 公路 | 人行道 | 出租车 | 路面 | 高速公路 | 地铁 | 路口 | 大巴 | 地铁站 | 私家车 | 车厢 | 立交桥 | 通车 | 马路 | 铁路 | 警车 | 客运 | 停车 | 隧道 | 停车位 | 卧铺 | 司机 | 道路 | 乘客 | 站台 | 客车 | 车上 | 行人 | 救护车 | 高铁 | 线路 | 交警 | 货运 | 辆 | 机场 | 交通 | 停放 | 车位 | 快车 | 电梯 | 机动车 | 码头 | 公车 | 路 | 车牌 | 天桥 | 便道 | 加油站 | 时速 | 跑道 | 工地 | 车号 | 桥 | 集装箱 | 十字路口 | 轨道 | 施工 | 安检 | 公里 | 景区 | 闸,69.96523377139722,0.9992591080222829,0.0007976115604616959,车站:1.000000 | 警车:1.000000 | 救护车:1.000000 | 路口:1.000000 | 车号:1.000000 | 车道:1.000000 | 道路:1.000000 | 通车:1.000000 | 便道:1.000000 | 停放:1.000000 | 十字路口:1.000000 | 停车位:1.000000,大街:0.010013
13,76,0.22410738280871115,-0.02223602417560821,0.6842105263157895,顶级 | 国内 | 本土 | 顶尖 | 世界级 | 全球 | 国外 | 知名 | 国际 | 海外 | 主流 | 跨国,叫板 | 苹果 | 人士 | 凤凰 | 多年 | 全能 | 成功 | 年代,主流 | 成功 | 联盟 | 全国 | 海外 | 内地 | 重量级 | 私人 | 排行榜 | 系列 | 山寨 | 跨国,顶级 | 国内 | 本土 | 顶尖 | 世界级 | 全球 | 国外 | 知名 | 国际 | 海外 | 主流 | 跨国 | 外国 | 重量级 | 内地 | 领军 | 中国 | 大型 | 新兴 | 国产 | 本地 | 高科技 | 海内外 | 外资 | 中外 | 巨头 | 热门 | 大陆 | 现代 | 全新 | 全国 | 大众 | 领先 | 前沿 | 环球 | 新 | 当下 | 排行榜 | 尖端 | 中型 | 诸多 | 头号 | 山寨 | 超级 | 热点 | 水货 | 黑马 | 阵营 | 主力 | 世纪 | 独家 | 东方 | 全能 | 官方 | 一线 | 叫板 | 下一代 | 二手 | 界 | 私人 | 最佳 | 批 | 外界 | 联盟 | 系列 | 苹果 | 财经 | 北京 | 成功 | 人士 | 凤凰 | 级 | 某 | 多年 | 年代 | 于,75.83472769231906,0.9966141692915818,0.003405850674676395,叫板:1.000000 | 顶级:1.000000 | 独家:1.000000 | 尖端:1.000000 | 热门:1.000000 | 一线:1.000000 | 水货:1.000000 | 主流:1.000000 | 界:1.000000 | 国外:1.000000 | 最佳:1.000000 | 顶尖:1.000000,境外:0.031420 | 十:0.012568 | 时代:0.011977
14,41,0.3352527134116437,0.00993686991457077,0.34146341463414637,求学 | 打工 | 念书 | 上学 | 退学 | 出国 | 留学 | 读书 | 转学 | 回国 | 谋生 | 经商,投奔 | 成家 | 接班 | 乡下 | 出山 | 城里 | 家境 | 子弟,出山 | 回国 | 参军 | 成才 | 子弟 | 出差 | 念书 | 城里 | 留学 | 创业 | 经商 | 外出,求学 | 打工 | 念书 | 上学 | 退学 | 出国 | 留学 | 读书 | 转学 | 回国 | 谋生 | 经商 | 定居 | 外出 | 成家 | 探亲 | 乡下 | 学艺 | 出走 | 出差 | 投奔 | 下海 | 勤工俭学 | 下岗 | 城里 | 家境 | 家乡 | 参军 | 搬家 | 长大 | 成才 | 跳槽 | 外地 | 退休 | 流浪 | 创业 | 子弟 | 退役 | 出山 | 取经 | 接班,41.00063943915034,0.9999703413126595,0.000043340794630788675,取经:1.000000 | 学艺:1.000000 | 投奔:1.000000 | 退学:1.000000 | 成家:1.000000 | 上学:1.000000 | 定居:1.000000 | 谋生:1.000000 | 下海:1.000000 | 退役:1.000000 | 搬家:1.000000 | 探亲:1.000000,
15,34,0.3613570861514839,0.08144903458153782,0.08823529411764706,描绘 | 描写 | 展现 | 叙述 | 阐述 | 勾画 | 讲述 | 揭示 | 烘托 | 塑造 | 描述 | 展示,驾驭 | 构思 | 增添 | 歌颂 | 呼应 | 扮演 | 书写 | 讲解,表达 | 讲解 | 传达 | 描绘 | 书写 | 烘托 | 呼应 | 叙述 | 歌颂 | 折射 | 驾驭 | 衬托,描绘 | 描写 | 展现 | 叙述 | 阐述 | 勾画 | 讲述 | 揭示 | 烘托 | 塑造 | 描述 | 展示 | 概括 | 表达 | 演绎 | 衬托 | 体现 | 歌颂 | 论述 | 再现 | 书写 | 蕴涵 | 传达 | 讲解 | 形容 | 营造 | 构思 | 还原 | 折射 | 比喻 | 呼应 | 扮演 | 驾驭 | 增添,34.00625100540151,0.999999610286706,9.067550979885243e-7,勾画:1.000000 | 叙述:1.000000 | 呼应:1.000000 | 塑造:1.000000 | 展现:1.000000 | 展示:1.000000 | 扮演:1.000000 | 描写:1.000000 | 描绘:1.000000 | 构思:1.000000 | 演绎:1.000000 | 烘托:1.000000,
16,64,0.2741473500239345,-0.020569914947085613,0.71875,工程师 | 职员 | 教练 | 厨师 | 服务员 | 员 | 雇员 | 经理 | 导师 | 校长 | 设计师 | 教授,女士 | 上司 | 伙伴 | 班长 | 学士 | 能人 | 专业 | 前台,校长 | 人员 | 一把手 | 参谋 | 资深 | 位 | 职业 | 专业 | 清洁工 | 蓝领 | 外企 | 领队,工程师 | 职员 | 教练 | 厨师 | 服务员 | 员 | 雇员 | 经理 | 导师 | 校长 | 设计师 | 教授 | 导游 | 律师 | 领队 | 清洁工 | 博士 | 兼职 | 班长 | 厂长 | 人员 | 专职 | 员工 | 资深 | 领导 | 参谋 | 队长 | 售货员 | 评委 | 专家 | 助手 | 建筑师 | 雇主 | 外籍 | 上司 | 保安 | 官 | 元老 | 院士 | 高级 | 精英 | 蓝领 | 职业 | 裁判 | 人才 | 舵手 | 公关 | 管家 | 前台 | 岗位 | 一把手 | 向导 | 专业 | 外企 | 学士 | 女士 | 下级 | 新手 | 中级 | 名 | 伙伴 | 副 | 位 | 能人,64.08282561697416,0.9997950059235585,0.00028499301851851077,厨师:1.000000 | 向导:1.000000 | 设计师:1.000000 | 班长:1.000000 | 员:1.000000 | 导游:1.000000 | 舵手:1.000000 | 前台:1.000000 | 雇员:1.000000 | 裁判:1.000000 | 清洁工:1.000000 | 公关:1.000000,院长:0.045482 | 顾问:0.013747 | 公务员:0.010415
17,51,0.2874816310914612,0.012044694591846117,0.4117647058823529,平稳 | 稳健 | 偏 | 弱 | 温和 | 乐观 | 缓慢 | 弱势 | 稳定 | 平淡 | 清淡 | 趋于,悲观 | 温和 | 被动 | 平淡 | 单边 | 长期 | 微弱 | 活跃,缓慢 | 被动 | 乐观 | 宽松 | 韧性 | 向上 | 轻微 | 靠拢 | 收敛 | 均衡 | 正常 | 紧,平稳 | 稳健 | 偏 | 弱 | 温和 | 乐观 | 缓慢 | 弱势 | 稳定 | 平淡 | 清淡 | 趋于 | 稳 | 宽松 | 相对 | 缓和 | 强势 | 悲观 | 中性 | 明朗 | 明显 | 适度 | 维持 | 紧 | 平衡 | 均衡 | 向上 | 韧性 | 收敛 | 偏向 | 显著 | 保持 | 低 | 保守 | 放松 | 不大 | 显 | 弹性 | 微弱 | 轻微 | 强 | 高 | 单边 | 活跃 | 接近 | 有限 | 正常 | 靠拢 | 被动 | 严 | 长期,51.00134146983429,0.999996113860503,7.92542830564232e-6,乐观:1.000000 | 清淡:1.000000 | 温和:1.000000 | 明朗:1.000000 | 悲观:1.000000 | 微弱:1.000000 | 韧性:1.000000 | 活跃:1.000000 | 宽松:1.000000 | 弱:1.000000 | 中性:1.000000 | 缓慢:1.000000,
18,43,0.31424572496992575,0.05406459058766321,0.18604651162790697,中止 | 终止 | 停止 | 取消 | 撤销 | 暂停 | 废除 | 关闭 | 中断 | 解散 | 解除 | 延期,改正 | 停顿 | 收回 | 完成 | 失效 | 删除 | 变更 | 拖延,缩短 | 冻结 | 失效 | 改正 | 延长 | 无效 | 取消 | 删除 | 修改 | 永久 | 关闭 | 退出,中止 | 终止 | 停止 | 取消 | 撤销 | 暂停 | 废除 | 关闭 | 中断 | 解散 | 解除 | 延期 | 延长 | 作废 | 放弃 | 更改 | 搁置 | 推迟 | 结束 | 终结 | 失效 | 删除 | 恢复 | 停业 | 修改 | 冻结 | 拖延 | 收回 | 生效 | 无效 | 宣告 | 缩短 | 退出 | 免除 | 停顿 | 变更 | 保留 | 完毕 | 改为 | 改正 | 永久 | 完成 | 为止,42.999993895725495,0.9999997605951205,6.280802713267118e-7,中断:1.000000 | 中止:1.000000 | 停止:1.000000 | 停顿:1.000000 | 完毕:1.000000 | 宣告:1.000000 | 废除:1.000000 | 拖延:1.000000 | 无效:1.000000 | 暂停:1.000000 | 免除:1.000000 | 延期:1.000000,
19,36,0.3702226134864586,0.04238748003247499,0.25,辛苦 | 劳累 | 操劳 | 忙碌 | 奔波 | 艰辛 | 艰苦 | 操心 | 忙 | 忙活 | 苦 | 忍饥挨饿,愁 | 发愁 | 折磨 | 思前想后 | 忙乱 | 日子 | 提心吊胆 | 受苦,折磨 | 折腾 | 苦 | 风餐露宿 | 忙碌 | 漫长 | 奔波 | 东奔西走 | 担子 | 日子 | 耽误 | 繁重,辛苦 | 劳累 | 操劳 | 忙碌 | 奔波 | 艰辛 | 艰苦 | 操心 | 忙 | 忙活 | 苦 | 忍饥挨饿 | 繁重 | 艰难 | 忙乱 | 耽搁 | 艰险 | 提心吊胆 | 风餐露宿 | 东奔西走 | 发愁 | 折腾 | 受苦 | 耽误 | 吃不上 | 艰巨 | 惦记 | 繁忙 | 折磨 | 累 | 漫长 | 愁 | 担子 | 思前想后 | 日子 | 着落,36.00825626085333,0.9999998929896806,2.7225917554844907e-7,东奔西走:1.000000 | 奔波:1.000000 | 忍饥挨饿:1.000000 | 忙乱:1.000000 | 忙活:1.000000 | 忙碌:1.000000 | 担子:1.000000 | 操劳:1.000000 | 日子:1.000000 | 漫长:1.000000 | 繁忙:1.000000 | 耽搁:1.000000,
20,40,0.39252311665516004,0.09722386187599771,0.15,碰见 | 看见 | 见到 | 遇见 | 碰到 | 看到 | 碰上 | 遇到 | 遇上 | 听到 | 碰巧 | 想到,小看 | 半路 | 察觉 | 看中 | 拨通 | 自称 | 见 | 结识,见到 | 看中 | 得知 | 察觉 | 找到 | 遇见 | 打听 | 发现 | 认识 | 认得 | 听到 | 小看,碰见 | 看见 | 见到 | 遇见 | 碰到 | 看到 | 碰上 | 遇到 | 遇上 | 听到 | 碰巧 | 想到 | 认出 | 见过 | 想起 | 听说 | 恰巧 | 认得 | 发觉 | 梦见 | 找到 | 发现 | 得知 | 路过 | 结识 | 料到 | 凑巧 | 认识 | 见 | 打听 | 偶然 | 接到 | 赶上 | 察觉 | 看中 | 不见 | 拨通 | 半路 | 小看 | 自称,40.004199829054706,0.9999701133790608,0.000043991085845566576,梦见:1.000000 | 碰上:1.000000 | 碰到:1.000000 | 碰见:1.000000 | 结识:1.000000 | 认出:1.000000 | 遇上:1.000000 | 遇到:1.000000 | 发现:1.000000 | 得知:1.000000 | 拨通:1.000000 | 自称:1.000000,
21,36,0.3353261338803721,0.040019400253762445,0.2222222222222222,秉承 | 坚持 | 兢兢业业 | 坚持不懈 | 一心一意 | 一贯 | 执着 | 全心全意 | 致力于 | 不懈 | 崇尚 | 本着,懂得 | 热衷 | 凭着 | 不懈 | 忠于 | 默默无闻 | 兢兢业业 | 标榜,肩负 | 始终 | 致力于 | 标榜 | 树立 | 坚持不懈 | 懂得 | 一贯 | 忠实 | 追求 | 凭着 | 忠于,秉承 | 坚持 | 兢兢业业 | 坚持不懈 | 一心一意 | 一贯 | 执着 | 全心全意 | 致力于 | 不懈 | 崇尚 | 本着 | 注重 | 坚守 | 始终 | 持之以恒 | 专注 | 追求 | 精益求精 | 倡导 | 牢记 | 专心 | 提倡 | 忠于 | 一如既往 | 树立 | 忠实 | 凭着 | 热衷 | 标榜 | 自始至终 | 一向 | 默默无闻 | 懂得 | 多年来 | 肩负,36.00052778909042,0.9999494560374076,0.00007098140456110966,一贯:1.000000 | 专注:1.000000 | 坚持:1.000000 | 崇尚:1.000000 | 提倡:1.000000 | 标榜:1.000000 | 热衷:1.000000 | 追求:1.000000 | 默默无闻:1.000000 | 忠实:1.000000 | 秉承:1.000000 | 凭着:1.000000,
22,62,0.3005035541216935,-0.0025422449021789586,0.5483870967741935,翠绿 | 碧绿 | 彩霞 | 星星 | 花瓣 | 白色 | 树叶 | 天空 | 蓝色 | 彩虹 | 五颜六色 | 火焰,大片 | 翅膀 | 百合 | 翠绿 | 流水 | 碧绿 | 如一 | 气球,灰色 | 朵 | 流水 | 幻影 | 如一 | 百合 | 帆 | 巨型 | 绿色 | 大地 | 乌云 | 碧绿,翠绿 | 碧绿 | 彩霞 | 星星 | 花瓣 | 白色 | 树叶 | 天空 | 蓝色 | 彩虹 | 五颜六色 | 火焰 | 珍珠 | 玫瑰 | 灯笼 | 红色 | 黄色 | 彩色 | 宝石 | 月亮 | 荷花 | 叶子 | 水晶 | 乌云 | 桃花 | 朱红 | 蓝天 | 太阳 | 阳光 | 荧光 | 贝壳 | 发光 | 黑色 | 灰色 | 绿 | 鲜花 | 牡丹 | 梅花 | 翅膀 | 烟花 | 斑点 | 烟火 | 朵 | 金子 | 缕 | 绿色 | 闪电 | 钻石 | 骏马 | 气球 | 旭日 | 黑白 | 幻影 | 人造 | 大地 | 光线 | 百合 | 巨型 | 大片 | 帆 | 如一 | 流水,62.186378726336095,0.9991700440897526,0.0006726571603134454,蓝色:1.000000 | 鲜花:1.000000 | 红色:1.000000 | 黑色:1.000000 | 黑白:1.000000 | 黄色:1.000000 | 翅膀:1.000000 | 星星:1.000000 | 彩虹:1.000000 | 流水:1.000000 | 阳光:1.000000 | 人造:1.000000,玉:0.226858
23,68,0.4486691300219636,0.150064849216916,0.014705882352941176,胳膊 | 手臂 | 脖子 | 嘴唇 | 鼻子 | 肩膀 | 脸颊 | 手掌 | 舌头 | 腿 | 嘴巴 | 手指,鼻涕 | 胡子 | 睁 | 一头 | 皮肤 | 头发 | 身上 | 用力,脸颊 | 手脚 | 颈部 | 手掌 | 一头 | 伤口 | 鼻涕 | 指甲 | 两手 | 眼 | 拳头 | 骨头,胳膊 | 手臂 | 脖子 | 嘴唇 | 鼻子 | 肩膀 | 脸颊 | 手掌 | 舌头 | 腿 | 嘴巴 | 手指 | 脑袋 | 眼睛 | 耳朵 | 爪子 | 喉咙 | 颈部 | 身子 | 胸膛 | 膝盖 | 胸部 | 手腕 | 肚子 | 眉毛 | 身体 | 双手 | 身躯 | 腹部 | 头发 | 腰 | 嘴 | 指甲 | 脸 | 指头 | 全身 | 牙齿 | 脚 | 手脚 | 肌肉 | 浑身 | 骨头 | 头顶 | 伤口 | 皮肤 | 嗓子 | 尾巴 | 怀里 | 肢体 | 抚摸 | 面部 | 肩 | 用力 | 拳头 | 关节 | 眼 | 睁 | 头部 | 鼻涕 | 头 | 两手 | 吻 | 胡子 | 身上 | 牙 | 鲜血 | 姿势 | 一头,68.00894601817816,0.9999992165449894,1.8485218534832786e-6,嘴唇:1.000000 | 头部:1.000000 | 手脚:1.000000 | 胸膛:1.000000 | 脸颊:1.000000 | 舌头:1.000000 | 身躯:1.000000 | 鼻子:1.000000 | 手掌:1.000000 | 肩膀:1.000000 | 腿:1.000000 | 面部:1.000000,
24,47,0.36745530958225103,0.06573731988613248,0.06382978723404255,天赋 | 天分 | 功底 | 才华 | 功力 | 素养 | 毅力 | 阅历 | 技能 | 口才 | 技巧 | 修养,自信心 | 长处 | 人品 | 品位 | 修养 | 见识 | 天才 | 魄力,才华 | 功底 | 功夫 | 魄力 | 技艺 | 一技之长 | 素质 | 知识 | 兴趣 | 经验 | 精力 | 潜能,天赋 | 天分 | 功底 | 才华 | 功力 | 素养 | 毅力 | 阅历 | 技能 | 口才 | 技巧 | 修养 | 素质 | 本领 | 基本功 | 特长 | 技艺 | 魄力 | 人品 | 一技之长 | 体力 | 能力 | 手艺 | 专长 | 演技 | 体能 | 爱好 | 智商 | 底蕴 | 耐性 | 知识 | 潜能 | 自信心 | 兴趣 | 见识 | 运气 | 绝技 | 底子 | 智力 | 长处 | 资历 | 经验 | 功夫 | 嗜好 | 天才 | 精力 | 品位,46.98568767975314,0.9996919841171829,0.00033957728353206776,体力:1.000000 | 功底:1.000000 | 天分:1.000000 | 天赋:1.000000 | 底子:1.000000 | 手艺:1.000000 | 特长:1.000000 | 耐性:1.000000 | 功力:1.000000 | 技能:1.000000 | 技艺:1.000000 | 口才:1.000000,
25,98,0.26086284904303486,-0.007387713869239373,0.5918367346938775,贸易 | 农业 | 航运 | 能源 | 金融 | 电力 | 外贸 | 煤炭 | 物流 | 石油 | 工业 | 纺织,省 | 节水 | 高等 | 医疗 | 茅台 | 化纤 | 土地 | 煤,开发区 | 劳务 | 货币 | 海运 | 高等 | 货物 | 集团 | 航天 | 房地产 | 经营 | 对外 | 物价,贸易 | 农业 | 航运 | 能源 | 金融 | 电力 | 外贸 | 煤炭 | 物流 | 石油 | 工业 | 纺织 | 运输 | 海运 | 房地产 | 医药 | 进出口 | 农产品 | 经贸 | 港口 | 服务业 | 水利 | 产业 | 经济 | 银行 | 信贷 | 商业 | 航空 | 医疗 | 电信 | 税务 | 高新技术 | 保险 | 零售 | 租赁 | 邮政 | 科技 | 开采 | 采矿 | 环保 | 外汇 | 勘探 | 核能 | 经营 | 财务 | 工商 | 原材料 | 化纤 | 国防 | 水泥 | 劳务 | 批发 | 电网 | 电讯 | 出口 | 货币 | 大宗 | 物价 | 海关 | 销售 | 流通 | 货物 | 煤矿 | 商务 | 工程 | 物业 | 进口 | 开发区 | 节水 | 国有 | 航天 | 科研 | 生态 | 政府 | 煤 | 集团 | 土地 | 传媒 | 资本 | 公共 | 基金 | 低碳 | 综合 | 生物 | 合资 | 财富 | 股份 | 燃油 | 光缆 | 对外 | 黄金 | 一揽子 | 流转 | 债 | 茅台 | 高等 | 长城 | 省,98.17187168999581,0.9978162433589841,0.0023932118123216294,流转:1.000000 | 进出口:1.000000 | 采矿:1.000000 | 海运:1.000000 | 农业:1.000000 | 节水:1.000000 | 贸易:1.000000 | 生态:1.000000 | 货物:1.000000 | 外贸:1.000000 | 商务:1.000000 | 劳务:1.000000,信用:0.068747 | 商品:0.045587 | 外资:0.030746 | 投资:0.029517 | 抵押:0.019924 | 资产:0.018842 | 股票:0.016190 | 住房:0.015099
26,42,0.3065543640240196,0.02546093604674326,0.3333333333333333,成群结队 | 络绎不绝 | 熙熙攘攘 | 川流不息 | 成千上万 | 四面八方 | 无数 | 争先恐后 | 到处 | 大批 | 竞相 | 众多,游人 | 时而 | 人们 | 家家户户 | 此起彼伏 | 不时 | 掀起 | 前赴后继,踊跃 | 成群结队 | 争先恐后 | 四面八方 | 此起彼伏 | 许多 | 人们 | 簇拥 | 无不 | 源源不断 | 形形色色 | 遍地,成群结队 | 络绎不绝 | 熙熙攘攘 | 川流不息 | 成千上万 | 四面八方 | 无数 | 争先恐后 | 到处 | 大批 | 竞相 | 众多 | 随处可见 | 大街小巷 | 纷纷 | 形形色色 | 遍地 | 涌入 | 许多 | 四处 | 源源不断 | 不时 | 遍布 | 兴高采烈 | 簇拥 | 无不 | 商贾 | 此起彼伏 | 不少 | 商贩 | 踊跃 | 处处 | 游人 | 家家户户 | 前赴后继 | 街头 | 人们 | 聚集 | 千军万马 | 自发 | 时而 | 掀起,42.01336129193248,0.9999870133961691,0.000021851405922241517,川流不息:1.000000 | 成群结队:1.000000 | 源源不断:1.000000 | 竞相:1.000000 | 簇拥:1.000000 | 络绎不绝:1.000000 | 自发:1.000000 | 踊跃:1.000000 | 商贾:1.000000 | 遍地:1.000000 | 四处:1.000000 | 到处:1.000000,汇聚:0.013665
27,79,0.3052793155015912,0.036675348217348455,0.25316455696202533,决赛 | 夺冠 | 冠军 | 比赛 | 亚军 | 半决赛 | 预赛 | 参赛 | 银牌 | 夺魁 | 铜牌 | 奖牌,跳水 | 俱乐部 | 赛跑 | 状元 | 级别 | 双打 | 冲刺 | 亚运会,队 | 脱颖而出 | 联赛 | 起跑线 | 胜负 | 俱乐部 | 铜牌 | 比分 | 过半 | 冠军 | 历届 | 得分,决赛 | 夺冠 | 冠军 | 比赛 | 亚军 | 半决赛 | 预赛 | 参赛 | 银牌 | 夺魁 | 铜牌 | 奖牌 | 单打 | 选手 | 获胜 | 世界杯 | 金牌 | 联赛 | 爆冷门 | 赛场 | 胜出 | 大奖赛 | 双打 | 奖杯 | 大赛 | 入场券 | 赛 | 取胜 | 奥运会 | 东道主 | 出局 | 上场 | 球队 | 比分 | 角逐 | 无缘 | 亚运会 | 获奖 | 胜负 | 失利 | 奖项 | 出场 | 抽签 | 对手 | 半场 | 得分 | 阵容 | 杯 | 成绩 | 名额 | 揭晓 | 队 | 垫底 | 赢家 | 输家 | 入选 | 脱颖而出 | 外援 | 奖 | 冷门 | 席位 | 过关 | 缺席 | 赛跑 | 历届 | 全场 | 起跑线 | 跳水 | 接力 | 巅峰 | 倒数 | 冲刺 | 入场 | 状元 | 席 | 过半 | 秒 | 俱乐部 | 级别,79.00179252906112,0.9999079452316406,0.00014060894401898776,奖牌:1.000000 | 爆冷门:1.000000 | 银牌:1.000000 | 夺魁:1.000000 | 上场:1.000000 | 铜牌:1.000000 | 参赛:1.000000 | 冲刺:1.000000 | 脱颖而出:1.000000 | 出场:1.000000 | 胜出:1.000000 | 过关:1.000000,
28,30,0.3328173135800398,0.02746938799426489,0.26666666666666666,引诱 | 拉拢 | 趁机 | 伺机 | 逼迫 | 鼓动 | 收买 | 暗中 | 阻止 | 企图 | 抢夺 | 大肆,壮胆 | 企图 | 阻拦 | 追赶 | 提防 | 施压 | 迫使 | 收买,拉拢 | 正当 | 迫使 | 趁 | 引诱 | 兜售 | 大肆 | 阻拦 | 阻止 | 招揽 | 施压 | 暗中,引诱 | 拉拢 | 趁机 | 伺机 | 逼迫 | 鼓动 | 收买 | 暗中 | 阻止 | 企图 | 抢夺 | 大肆 | 掩护 | 招揽 | 诱饵 | 阻拦 | 暗地里 | 试探 | 趁 | 兜售 | 迫使 | 追逐 | 提防 | 追随 | 追赶 | 施压 | 充当 | 换取 | 壮胆 | 正当,30.002291279448965,0.9999999619506456,1.0778492065159681e-7,伺机:1.000000 | 大肆:1.000000 | 拉拢:1.000000 | 招揽:1.000000 | 掩护:1.000000 | 试探:1.000000 | 趁机:1.000000 | 追逐:1.000000 | 追随:1.000000 | 正当:1.000000 | 诱饵:1.000000 | 鼓动:1.000000,
29,61,0.3537393390251926,0.009819103704008958,0.32786885245901637,真挚 | 真诚 | 深情 | 情谊 | 感恩 | 祝福 | 怀念 | 热爱 | 真情 | 牵挂 | 诚挚 | 挂念,喜悦 | 祝愿 | 心中 | 虔诚 | 真诚 | 善意 | 缅怀 | 可贵,恩情 | 深切 | 可贵 | 挂念 | 渴望 | 怀着 | 愿 | 缅怀 | 铭记 | 满怀 | 虔诚 | 热心,真挚 | 真诚 | 深情 | 情谊 | 感恩 | 祝福 | 怀念 | 热爱 | 真情 | 牵挂 | 诚挚 | 挂念 | 恩情 | 亲爱 | 关怀 | 关爱 | 心意 | 祝愿 | 敬爱 | 想念 | 期盼 | 渴望 | 珍重 | 深切 | 盼望 | 无私 | 满怀 | 爱护 | 心愿 | 友情 | 珍惜 | 珍视 | 心声 | 爱心 | 喜悦 | 铭记 | 怀着 | 虔诚 | 爱 | 缅怀 | 善意 | 恩惠 | 爱惜 | 心里话 | 福气 | 热情 | 友谊 | 怀抱 | 痴心 | 热心 | 诚意 | 心中 | 可贵 | 深深 | 寄托 | 祖国 | 愿 | 盼 | 回馈 | 正能量 | 平常心,60.995855450688794,0.9997223277636373,0.0003171030651047071,爱心:1.000000 | 爱惜:1.000000 | 珍重:1.000000 | 心意:1.000000 | 真情:1.000000 | 恩情:1.000000 | 怀念:1.000000 | 爱护:1.000000 | 正能量:1.000000 | 寄托:1.000000 | 热心:1.000000 | 情谊:1.000000,愿望:0.012716
30,85,0.35740847214953275,0.06722312708894314,0.18823529411764706,山岭 | 山坡 | 树林 | 峡谷 | 小溪 | 山谷 | 茂密 | 沼泽 | 山峰 | 丘陵 | 山顶 | 礁石,岸上 | 桃树 | 竹子 | 雪 | 脚印 | 冰雪 | 棵 | 田,瀑布 | 柏树 | 堤坝 | 坡 | 桃树 | 海 | 山冈 | 河 | 风景 | 洞 | 柳树 | 草原,山岭 | 山坡 | 树林 | 峡谷 | 小溪 | 山谷 | 茂密 | 沼泽 | 山峰 | 丘陵 | 山顶 | 礁石 | 湖泊 | 池塘 | 松树 | 高山 | 河流 | 雪山 | 树木 | 柳树 | 树荫 | 柏树 | 树梢 | 岩石 | 悬崖 | 瀑布 | 山冈 | 山 | 沙漠 | 海滩 | 小路 | 沙滩 | 草原 | 平原 | 大海 | 森林 | 湖 | 沟 | 海边 | 堤坝 | 山路 | 丛林 | 河 | 奇花异草 | 草地 | 泥土 | 槐树 | 坝 | 景色 | 海滨 | 茂盛 | 戈壁 | 桃树 | 坡 | 水库 | 连绵 | 山川 | 岸上 | 水面 | 村庄 | 海浪 | 高原 | 堤 | 竹子 | 树 | 肥沃 | 荆棘 | 城墙 | 雪 | 芦花 | 风景 | 棵 | 河畔 | 洞 | 冰雪 | 火山 | 冰山 | 泉 | 纵横交错 | 江 | 脚印 | 田 | 海 | 汪洋 | 井,84.99865805185577,0.9985479715287001,0.0010720253012256318,小溪:1.000000 | 荆棘:1.000000 | 山川:1.000000 | 茂密:1.000000 | 肥沃:1.000000 | 沼泽:1.000000 | 柏树:1.000000 | 连绵:1.000000 | 纵横交错:1.000000 | 悬崖:1.000000 | 山岭:1.000000 | 山冈:1.000000,草:0.056736 | 石头:0.029399 | 海岸:0.015134 | 杨树:0.010073
31,24,0.3303443094660079,0.048189714323513204,0.08333333333333333,丢弃 | 销毁 | 烧毁 | 遗弃 | 毁坏 | 丢失 | 报废 | 没收 | 拆除 | 拿走 | 归还 | 退回,毁坏 | 交给 | 超标 | 废品 | 淘汰 | 拆除 | 取缔 | 报废,淘汰 | 遗留 | 拿走 | 存放 | 焚烧 | 毁坏 | 过期 | 遗弃 | 拆除 | 交给 | 保管 | 超标,丢弃 | 销毁 | 烧毁 | 遗弃 | 毁坏 | 丢失 | 报废 | 没收 | 拆除 | 拿走 | 归还 | 退回 | 焚烧 | 保管 | 过期 | 移交 | 存放 | 不翼而飞 | 遗留 | 取缔 | 废品 | 淘汰 | 交给 | 超标,24.000013937370124,0.9999999999884608,5.066738548615018e-11,不翼而飞:1.000000 | 丢失:1.000000 | 丢弃:1.000000 | 保管:1.000000 | 废品:1.000000 | 报废:1.000000 | 拆除:1.000000 | 拿走:1.000000 | 毁坏:1.000000 | 淘汰:1.000000 | 烧毁:1.000000 | 超标:1.000000,
32,95,0.29266582859014667,-0.03204926021663279,0.7368421052631579,这么 | 什么 | 怎么 | 没 | 觉得 | 说不上 | 我 | 没什么 | 别说 | 说真的 | 好多 | 再说,他 | 我 | 再说 | 那时 | 的话 | 说真的 | 万万 | 实在,真心 | 用 | 谁 | 说实话 | 一半 | 他们 | 最 | 多 | 那会儿 | 哪儿 | 一些 | 没,这么 | 什么 | 怎么 | 没 | 觉得 | 说不上 | 我 | 没什么 | 别说 | 说真的 | 好多 | 再说 | 很 | 不怎么 | 说实话 | 知道 | 不算 | 那时候 | 他 | 多么 | 谁 | 感觉 | 有没有 | 没有 | 哪 | 那会儿 | 多少 | 哪儿 | 挺 | 怎么样 | 跟 | 不 | 不用说 | 谈不上 | 真心 | 这样 | 可不是 | 那些 | 蛮 | 比较 | 实在 | 别的 | 不在乎 | 那样 | 像 | 哪里 | 算 | 他们 | 那时 | 现在 | 一样 | 比不上 | 差不多 | 记得 | 算是 | 根本 | 什么样 | 也好 | 有 | 以前 | 时候 | 非常 | 更 | 还有 | 到底 | 过 | 不如 | 对得起 | 我们 | 的话 | 几 | 多久 | 绝对 | 哪些 | 这些 | 一些 | 连 | 眼里 | 特别 | 指望 | 多 | 不止 | 比 | 最 | 了 | 用 | 的 | 俗话说 | 个 | 绝 | 一 | 两 | 万万 | 一半 | 极,95.1978492106584,0.9960516758896905,0.0035096529152111307,跟:1.000000 | 感觉:1.000000 | 那会儿:1.000000 | 算:1.000000 | 比较:1.000000 | 对得起:1.000000 | 那些:1.000000 | 挺:1.000000 | 不怎么:1.000000 | 绝:1.000000 | 蛮:1.000000 | 别的:1.000000,真的:0.129422 | 来:0.093803 | 相当:0.058484 | 如此:0.048985 | 三:0.034709 | 怎样:0.019257 | 无所谓:0.016998 | 十:0.014905
33,57,0.43620196962615765,0.16255959586104715,0.03508771929824561,旁边 | 后边 | 前边 | 外边 | 那边 | 里边 | 前面 | 后面 | 下边 | 那儿 | 左边 | 上边,指着 | 只见 | 空荡荡 | 地上 | 楼上 | 横七竖八 | 楼下 | 隔壁,两侧 | 里面 | 指着 | 只见 | 右边 | 边 | 这儿 | 前边 | 前方 | 那边 | 路边 | 挨着,旁边 | 后边 | 前边 | 外边 | 那边 | 里边 | 前面 | 后面 | 下边 | 那儿 | 左边 | 上边 | 右边 | 对面 | 旁 | 底下 | 外面 | 远处 | 东边 | 西边 | 外头 | 门口 | 南边 | 楼下 | 上面 | 这边 | 北边 | 那里 | 两边 | 里面 | 里头 | 这儿 | 楼上 | 下面 | 跟前 | 里 | 隔壁 | 路边 | 边 | 后头 | 中间 | 挨着 | 周围 | 老远 | 两侧 | 前头 | 一边 | 台上 | 地上 | 前方 | 这里 | 孤零零 | 空荡荡 | 只见 | 四周 | 横七竖八 | 指着,57.03424097109226,0.9999998968471601,2.623061766782812e-7,上边:1.000000 | 下边:1.000000 | 东边:1.000000 | 前方:1.000000 | 前边:1.000000 | 前面:1.000000 | 南边:1.000000 | 后边:1.000000 | 外边:1.000000 | 孤零零:1.000000 | 对面:1.000000 | 挨着:1.000000,一旁:0.020970 | 上:0.012312
34,71,0.4184867746769966,0.09997081582200265,0.014084507042253521,踹 | 拧 | 拽 | 磕 | 搓 | 摔 | 捅 | 蹦 | 砸 | 揍 | 捏 | 蹬,使劲 | 溅 | 跪 | 揉 | 趴 | 拦 | 揍 | 挨,蹦 | 咬 | 碰 | 摸 | 啃 | 扑 | 爬 | 蹭 | 擦 | 掐 | 砸 | 轰,踹 | 拧 | 拽 | 磕 | 搓 | 摔 | 捅 | 蹦 | 砸 | 揍 | 捏 | 蹬 | 捶 | 敲 | 咬 | 踢 | 扔 | 劈 | 擦 | 揪 | 叼 | 扒 | 甩 | 蹭 | 舔 | 扯 | 抠 | 搂 | 掰 | 摸 | 掐 | 拎 | 抡 | 撞 | 抖 | 砍 | 撕 | 揉 | 挠 | 碰 | 爬 | 打 | 溜 | 刮 | 刨 | 晃 | 跳 | 踩 | 滚 | 使劲 | 趴 | 扑 | 啃 | 挨 | 拦 | 撬 | 吹 | 翻 | 掀 | 挥 | 抽 | 轰 | 铲 | 抓 | 窜 | 溅 | 跪 | 戳 | 刷 | 冲 | 捂,70.97969041168041,0.9996842344352668,0.00038009377593656096,撕:1.000000 | 摔:1.000000 | 踹:1.000000 | 捅:1.000000 | 掀:1.000000 | 戳:1.000000 | 掰:1.000000 | 舔:1.000000 | 啃:1.000000 | 蹦:1.000000 | 砸:1.000000 | 抓:1.000000,
35,72,0.288979041461021,0.0005480632111825084,0.5138888888888888,民主 | 人权 | 宗教 | 宪法 | 政党 | 道德 | 正义 | 政治 | 平等 | 伦理 | 和平 | 公民,安定 | 文艺界 | 教育 | 道德 | 私有 | 人民 | 刑法 | 特权,民主 | 共同体 | 舆论 | 民族 | 穆斯林 | 公正 | 国家 | 人民 | 法制 | 平等 | 安定 | 特权,民主 | 人权 | 宗教 | 宪法 | 政党 | 道德 | 正义 | 政治 | 平等 | 伦理 | 和平 | 公民 | 法律 | 社会主义 | 公正 | 团结 | 民族 | 法制 | 基督教 | 人道 | 司法 | 主权 | 社会 | 阶级 | 和平共处 | 权力 | 伊斯兰教 | 公平 | 中立 | 种族 | 人民 | 穆斯林 | 市场经济 | 爱国 | 外交 | 同盟 | 独立自主 | 共同体 | 派别 | 阶层 | 利益 | 秩序 | 知识分子 | 党 | 军事 | 领土 | 舆论 | 文明 | 邻国 | 科学 | 天主教 | 刑法 | 契约 | 民意 | 特权 | 自由 | 贫富 | 国家 | 革命 | 文艺界 | 国民 | 公约 | 检察 | 大家庭 | 教育 | 安定 | 权威 | 团体 | 大局 | 自立 | 私有 | 边界,71.92370381367961,0.99870527921696,0.0011806657387196284,平等:1.000000 | 特权:1.000000 | 公平:1.000000 | 大家庭:1.000000 | 契约:1.000000 | 和平:1.000000 | 人道:1.000000 | 自由:1.000000 | 中立:1.000000 | 刑法:1.000000 | 伦理:1.000000 | 利益:1.000000,
36,54,0.35047012276949735,0.03450194379336493,0.2777777777777778,温度 | 加热 | 干燥 | 热气 | 湿度 | 液体 | 氧气 | 空气 | 热水 | 水温 | 潮湿 | 热量,透气 | 搅拌 | 滋润 | 浸泡 | 冷水 | 肌肤 | 雨水 | 洁净,灼热 | 贮藏 | 沉淀 | 冷水 | 滋润 | 雨水 | 二氧化碳 | 燃烧 | 低温 | 干燥 | 真空 | 浓缩,温度 | 加热 | 干燥 | 热气 | 湿度 | 液体 | 氧气 | 空气 | 热水 | 水温 | 潮湿 | 热量 | 溶解 | 湿润 | 气泡 | 低温 | 凝固 | 气体 | 搅拌 | 水分 | 浸泡 | 海水 | 冷水 | 灼热 | 灰尘 | 氧 | 渗 | 混浊 | 融化 | 常温 | 燃烧 | 雨水 | 高温 | 二氧化碳 | 气味 | 透气 | 细菌 | 均匀 | 浮力 | 冷气 | 滋润 | 摄氏度 | 肌肤 | 洁净 | 富含 | 贮藏 | 有毒 | 真空 | 能量 | 浓缩 | 沉淀 | 发酵 | 表面 | 泡沫,53.99668532890708,0.9999318412660366,0.000099449814369473,凝固:1.000000 | 均匀:1.000000 | 温度:1.000000 | 发酵:1.000000 | 混浊:1.000000 | 湿度:1.000000 | 浸泡:1.000000 | 浓缩:1.000000 | 融化:1.000000 | 低温:1.000000 | 滋润:1.000000 | 浮力:1.000000,
37,87,0.2474884090747476,-0.016569462801579574,0.6781609195402298,产品 | 平台 | 业务 | 企业 | 服务 | 品牌 | 渠道 | 运营 | 行业 | 市场 | 客户 | 用户,车型 | 网点 | 质量 | 基因 | 服务器 | 社区 | 类型 | 品质,潜在 | 用户 | 类别 | 会员 | 运营 | 配置 | 人工智能 | 竞争 | 行业 | 品质 | 服务器 | 功能,产品 | 平台 | 业务 | 企业 | 服务 | 品牌 | 渠道 | 运营 | 行业 | 市场 | 客户 | 用户 | 资产 | 资源 | 互联网 | 消费 | 数据 | 公司 | 投资 | 商品 | 厂商 | 交易 | 优质 | 消费者 | 增值 | 竞争 | 品质 | 成本 | 管理 | 厂家 | 项目 | 资金 | 流量 | 订单 | 配送 | 信息 | 网络 | 配置 | 服务器 | 效益 | 并购 | 相关 | 数据库 | 价值 | 社交 | 机构 | 实体 | 共享 | 车型 | 网点 | 采购 | 效率 | 信用 | 团队 | 股票 | 二手车 | 功能 | 质量 | 理财 | 海量 | 人工智能 | 上市 | 自主 | 专利 | 潜在 | 中介 | 境外 | 权益 | 资讯 | 开发商 | 社区 | 输出 | 重组 | 会员 | 在线 | 数字 | 现有 | 基因 | 类型 | 动态 | 类别 | 点评 | 其 | 来源 | 等 | 该 | 及其,86.84918313140258,0.9949002589154818,0.00473423742774489,品质:1.000000 | 社交:1.000000 | 海量:1.000000 | 渠道:1.000000 | 厂家:1.000000 | 产品:1.000000 | 运营:1.000000 | 价值:1.000000 | 功能:1.000000 | 流量:1.000000 | 服务:1.000000 | 优质:0.999999,板块:0.124873 | 银行:0.027141 | 基金:0.013403 | 大众:0.013249 | 芯片:0.013186 | 财经:0.012852 | 产业:0.011166 | 外资:0.010226
38,48,0.4226541392740982,0.04895770924689535,0.10416666666666667,茫然 | 发愣 | 慌张 | 慌乱 | 惊慌失措 | 哆嗦 | 发抖 | 惊慌 | 焦急 | 叹气 | 颤抖 | 垂头丧气,虚弱 | 大吃一惊 | 疲惫不堪 | 茫然 | 镇定 | 沉思 | 无精打采 | 愁眉苦脸,受惊 | 大吃一惊 | 一言不发 | 漠然 | 动弹 | 一动不动 | 鸦雀无声 | 一筹莫展 | 心急如焚 | 镇定 | 目瞪口呆 | 迟疑,茫然 | 发愣 | 慌张 | 慌乱 | 惊慌失措 | 哆嗦 | 发抖 | 惊慌 | 焦急 | 叹气 | 颤抖 | 垂头丧气 | 一动不动 | 一声不吭 | 一言不发 | 迟疑 | 惨白 | 哭泣 | 愁眉苦脸 | 目瞪口呆 | 呜咽 | 畏缩 | 不耐烦 | 犹豫 | 无精打采 | 漠然 | 动弹 | 疲惫不堪 | 沉默 | 通红 | 发怒 | 精疲力竭 | 惊醒 | 沉思 | 挣扎 | 心急如焚 | 恼羞成怒 | 犹豫不决 | 流泪 | 鸦雀无声 | 大吃一惊 | 受惊 | 酣睡 | 虚弱 | 镇定 | 一筹莫展 | 苏醒 | 喘息,48.01749069803808,0.9999036002454701,0.0001162580898188234,受惊:1.000000 | 哭泣:1.000000 | 挣扎:1.000000 | 颤抖:1.000000 | 精疲力竭:1.000000 | 惨白:1.000000 | 惊慌失措:1.000000 | 发抖:1.000000 | 呜咽:1.000000 | 沉思:1.000000 | 心急如焚:1.000000 | 流泪:1.000000,冷笑:0.017578
39,45,0.2961010906699011,0.01772628322466448,0.4,声望 | 影响力 | 实力 | 名声 | 名气 | 声誉 | 知名度 | 威信 | 地位 | 信誉 | 野心 | 优势,担当 | 水准 | 威风 | 强项 | 筹码 | 力 | 力量 | 招牌,重任 | 野心 | 功劳 | 贡献 | 后盾 | 名气 | 力量 | 声望 | 身份 | 根基 | 使命 | 行列,声望 | 影响力 | 实力 | 名声 | 名气 | 声誉 | 知名度 | 威信 | 地位 | 信誉 | 野心 | 优势 | 荣誉 | 功劳 | 信心 | 成就 | 士气 | 人气 | 风采 | 力量 | 潜力 | 口碑 | 头衔 | 威力 | 光环 | 根基 | 软实力 | 威风 | 重任 | 称号 | 建树 | 贡献 | 使命 | 后盾 | 身价 | 强项 | 水准 | 前途 | 身份 | 担当 | 招牌 | 力 | 功臣 | 行列 | 筹码,45.00162586061452,0.9999999439255369,1.6749481939076013e-7,名声:1.000000 | 声望:1.000000 | 声誉:1.000000 | 威风:1.000000 | 招牌:1.000000 | 荣誉:1.000000 | 身份:1.000000 | 野心:1.000000 | 人气:1.000000 | 头衔:1.000000 | 贡献:1.000000 | 重任:1.000000,
40,51,0.3318551937325663,0.027194885041358186,0.35294117647058826,拼搏 | 艰苦奋斗 | 奋勇 | 刻苦 | 努力 | 发愤图强 | 奋斗 | 顽强 | 齐心协力 | 奋力 | 英勇 | 勇往直前,振作 | 诺言 | 竭尽全力 | 发誓 | 坚强 | 座右铭 | 心血 | 付出,争分夺秒 | 一心 | 奋斗 | 振作 | 刻苦 | 决心 | 牺牲 | 自强不息 | 同舟共济 | 苦心 | 愚公移山 | 一鼓作气,拼搏 | 艰苦奋斗 | 奋勇 | 刻苦 | 努力 | 发愤图强 | 奋斗 | 顽强 | 齐心协力 | 奋力 | 英勇 | 勇往直前 | 斗志 | 自强不息 | 竭尽全力 | 吃苦 | 奉献 | 决心 | 勇于 | 辛勤 | 全力以赴 | 苦练 | 发扬 | 同舟共济 | 众志成城 | 顾全大局 | 争分夺秒 | 苦心 | 以身作则 | 振作 | 自力更生 | 争气 | 榜样 | 坚强 | 节衣缩食 | 牺牲 | 表率 | 付出 | 一鼓作气 | 一心 | 发誓 | 号召 | 愚公移山 | 心血 | 带头 | 光荣 | 着想 | 诺言 | 座右铭 | 立功 | 时刻,51.02453208585263,0.999964731861029,0.000057488412522479144,奋力:1.000000 | 奋勇:1.000000 | 心血:1.000000 | 拼搏:1.000000 | 牺牲:1.000000 | 节衣缩食:1.000000 | 苦心:1.000000 | 苦练:1.000000 | 争气:1.000000 | 一鼓作气:1.000000 | 奋斗:1.000000 | 立功:1.000000,楷模:0.015699
41,38,0.4035611109675192,0.05941513400639616,0.05263157894736842,好看 | 好笑 | 好玩儿 | 没劲 | 舒服 | 没意思 | 挺好 | 好听 | 过瘾 | 痛快 | 丢人 | 难看,丢人 | 喜欢 | 利索 | 不像话 | 丑 | 吓人 | 搞笑 | 开心,费劲 | 丑 | 过瘾 | 好笑 | 值钱 | 了不起 | 丢人 | 帅 | 痛快 | 便宜 | 舒服 | 不错,好看 | 好笑 | 好玩儿 | 没劲 | 舒服 | 没意思 | 挺好 | 好听 | 过瘾 | 痛快 | 丢人 | 难看 | 开心 | 厉害 | 吓人 | 有意思 | 费劲 | 稀罕 | 爽 | 难听 | 不像话 | 稀奇 | 美滋滋 | 凉快 | 好 | 划算 | 搞笑 | 起劲 | 不错 | 要命 | 喜欢 | 值钱 | 丑 | 了不起 | 便宜 | 帅 | 利索 | 不亦乐乎,37.9925401591588,0.99978960658121,0.00023379369230321385,值钱:1.000000 | 划算:1.000000 | 利索:1.000000 | 好听:1.000000 | 好玩儿:1.000000 | 稀罕:1.000000 | 过瘾:1.000000 | 难听:1.000000 | 爽:1.000000 | 美滋滋:1.000000 | 起劲:1.000000 | 喜欢:1.000000,
42,46,0.3146717229309748,0.01595036885592887,0.41304347826086957,严峻 | 激烈 | 急迫 | 剧烈 | 极其 | 尖锐 | 愈来愈 | 日益 | 极为 | 强烈 | 空前 | 日趋,恶劣 | 沉重 | 暴风骤雨 | 强硬 | 紧张 | 反常 | 狂热 | 凶猛,愈来愈 | 极其 | 突如其来 | 浓厚 | 强硬 | 沉重 | 日趋 | 高涨 | 紧张 | 越来越 | 严峻 | 严厉,严峻 | 激烈 | 急迫 | 剧烈 | 极其 | 尖锐 | 愈来愈 | 日益 | 极为 | 强烈 | 空前 | 日趋 | 越发 | 猛烈 | 紧迫 | 迫切 | 极度 | 严厉 | 异常 | 沉重 | 越来越 | 更加 | 紧张 | 高涨 | 微妙 | 恶劣 | 浓重 | 凶猛 | 频繁 | 巨大 | 极端 | 错综复杂 | 狂热 | 强硬 | 浓厚 | 火热 | 敏感 | 火暴 | 前所未有 | 高昂 | 反常 | 突如其来 | 普遍 | 暴风骤雨 | 密集 | 一连串,46.00332081963094,0.9999739870257561,0.00004121284109426083,激烈:1.000000 | 火暴:1.000000 | 狂热:1.000000 | 猛烈:1.000000 | 迫切:1.000000 | 频繁:1.000000 | 尖锐:1.000000 | 沉重:1.000000 | 微妙:1.000000 | 严厉:1.000000 | 反常:1.000000 | 高昂:1.000000,
43,61,0.3530856720068184,0.02917013522079279,0.32786885245901637,不要 | 免得 | 何必 | 非得 | 别 | 怕 | 不用 | 宁愿 | 用不着 | 生怕 | 宁可 | 从来不,为了 | 自己 | 别人 | 一不小心 | 早晚 | 只顾 | 一辈子 | 随便,白白 | 怕 | 从来 | 老是 | 只管 | 免得 | 把 | 顺便 | 为了 | 不用 | 不妨 | 从来不,不要 | 免得 | 何必 | 非得 | 别 | 怕 | 不用 | 宁愿 | 用不着 | 生怕 | 宁可 | 从来不 | 想 | 巴不得 | 要 | 懒得 | 何苦 | 不必 | 恨不得 | 老是 | 忍心 | 就要 | 从不 | 舍不得 | 休想 | 随便 | 敢 | 只管 | 索性 | 动不动 | 用得着 | 再 | 干脆 | 再也 | 偶尔 | 照样 | 从没 | 有人 | 时不时 | 好好 | 不能不 | 别人 | 尽量 | 不妨 | 不曾 | 顺便 | 免不了 | 一不小心 | 趁早 | 小心 | 只顾 | 当心 | 下次 | 从来 | 一辈子 | 把 | 白白 | 自己 | 从今以后 | 为了 | 早晚,61.017281853713904,0.9993453015082134,0.0007096677636309225,白白:1.000000 | 只管:1.000000 | 想:1.000000 | 当心:1.000000 | 休想:1.000000 | 从不:1.000000 | 生怕:1.000000 | 一不小心:1.000000 | 用不着:1.000000 | 小心:1.000000 | 不妨:1.000000 | 宁愿:1.000000,干吗:0.037481
44,40,0.40386245829800416,0.025296581065749273,0.275,难受 | 难为情 | 难堪 | 为难 | 害臊 | 别扭 | 扫兴 | 尴尬 | 害怕 | 着急 | 丢脸 | 过意不去,狼狈 | 生气 | 不平 | 抱歉 | 身不由己 | 哭笑不得 | 措手不及 | 担心,尴尬 | 慌 | 生气 | 抱歉 | 莫名其妙 | 纳闷儿 | 不便 | 身不由己 | 难堪 | 奇怪 | 出难题 | 扫兴,难受 | 难为情 | 难堪 | 为难 | 害臊 | 别扭 | 扫兴 | 尴尬 | 害怕 | 着急 | 丢脸 | 过意不去 | 慌 | 生气 | 奇怪 | 头疼 | 哭笑不得 | 不好意思 | 伤脑筋 | 纳闷儿 | 冤枉 | 倒霉 | 麻烦 | 狼狈 | 犯愁 | 介意 | 担心 | 吃力 | 大惊小怪 | 抱歉 | 受不了 | 眼红 | 出难题 | 冤 | 棘手 | 莫名其妙 | 措手不及 | 不平 | 身不由己 | 不便,39.999178120420865,0.999778243501211,0.0002531476208562239,不便:1.000000 | 不平:1.000000 | 伤脑筋:1.000000 | 吃力:1.000000 | 头疼:1.000000 | 麻烦:1.000000 | 眼红:1.000000 | 别扭:1.000000 | 为难:1.000000 | 不好意思:1.000000 | 棘手:1.000000 | 慌:1.000000,
45,48,0.38767772774821846,0.09520167793632418,0.041666666666666664,冬天 | 晴朗 | 阴天 | 寒冷 | 炎热 | 下雪 | 下雨 | 晴天 | 天气 | 夜晚 | 刮风 | 凉爽,来临 | 暴雨 | 台风 | 干旱 | 风雨 | 风沙 | 风浪 | 热带,下雨 | 刮风 | 暴风雨 | 季节 | 冬季 | 夏天 | 早晨 | 雨 | 零下 | 风浪 | 傍晚 | 热带,冬天 | 晴朗 | 阴天 | 寒冷 | 炎热 | 下雪 | 下雨 | 晴天 | 天气 | 夜晚 | 刮风 | 凉爽 | 夏天 | 秋天 | 气温 | 冬季 | 季节 | 时节 | 傍晚 | 清晨 | 春天 | 夏季 | 早晨 | 黑夜 | 黄昏 | 风和日丽 | 暴雨 | 雨 | 多云 | 干旱 | 春季 | 打雷 | 暴风雨 | 晴 | 秋季 | 刺骨 | 气候 | 夜间 | 零下 | 风沙 | 风雨 | 瑞雪 | 台风 | 黎明 | 四季 | 风浪 | 来临 | 热带,48.00862162958484,0.9999960131731109,7.4804148400950685e-6,下雨:1.000000 | 下雪:1.000000 | 冬天:1.000000 | 冬季:1.000000 | 刮风:1.000000 | 夏天:1.000000 | 夏季:1.000000 | 多云:1.000000 | 天气:1.000000 | 季节:1.000000 | 打雷:1.000000 | 春天:1.000000,
46,52,0.3011886899928191,0.012430704483417375,0.40384615384615385,内涵 | 涵义 | 含义 | 特质 | 特征 | 精髓 | 历程 | 理念 | 渊源 | 脉络 | 特点 | 魅力,题材 | 魅力 | 情结 | 细节 | 手法 | 传说 | 观感 | 情景,渊源 | 景象 | 概况 | 情结 | 概念 | 风格 | 启示 | 奥秘 | 变迁 | 历程 | 特质 | 印象,内涵 | 涵义 | 含义 | 特质 | 特征 | 精髓 | 历程 | 理念 | 渊源 | 脉络 | 特点 | 魅力 | 来历 | 风貌 | 由来 | 缩影 | 写照 | 意义 | 风格 | 启示 | 轨迹 | 起源 | 来龙去脉 | 寓意 | 景象 | 奥秘 | 痕迹 | 构想 | 情结 | 面貌 | 概念 | 变迁 | 背景 | 主题 | 特色 | 情景 | 印象 | 手法 | 场景 | 事迹 | 演变 | 亮点 | 标志 | 氛围 | 元素 | 细节 | 足迹 | 灵感 | 传说 | 观感 | 题材 | 概况,51.996273316682355,0.9999270706041817,0.00009272128630697324,景象:1.000000 | 来历:1.000000 | 痕迹:1.000000 | 足迹:1.000000 | 面貌:1.000000 | 渊源:1.000000 | 写照:1.000000 | 情景:1.000000 | 亮点:1.000000 | 精髓:1.000000 | 场景:1.000000 | 奥秘:1.000000,
47,86,0.316518015226381,0.045481245968559625,0.19767441860465115,利息 | 费用 | 学费 | 缴纳 | 支出 | 退休金 | 工资 | 房租 | 开支 | 税收 | 生活费 | 数额,买卖 | 储蓄 | 索取 | 工作量 | 名义 | 住房 | 年限 | 现金,高额 | 生活费 | 关税 | 抚养费 | 债务 | 抵押 | 工资 | 收入 | 现金 | 收取 | 养老金 | 经费,利息 | 费用 | 学费 | 缴纳 | 支出 | 退休金 | 工资 | 房租 | 开支 | 税收 | 生活费 | 数额 | 补助 | 报酬 | 交纳 | 租金 | 手续费 | 款项 | 减免 | 管理费 | 补贴 | 抚养费 | 奖金 | 经费 | 收入 | 返还 | 拨款 | 支付 | 报销 | 津贴 | 薪水 | 开销 | 高额 | 收取 | 负担 | 贷款 | 收支 | 财政 | 定金 | 巨额 | 偿还 | 还款 | 差额 | 征收 | 纳税 | 费 | 扣除 | 补偿 | 预算 | 缴 | 回扣 | 债务 | 金额 | 收益 | 现金 | 资助 | 奖励 | 公积金 | 养老金 | 赤字 | 关税 | 分红 | 税 | 担保 | 储蓄 | 年薪 | 抵押 | 公款 | 财力 | 增收 | 额外 | 纳税人 | 大笔 | 分配 | 集资 | 回报 | 工作量 | 多劳多得 | 住房 | 无偿 | 年限 | 承包 | 索取 | 代价 | 名义 | 买卖,85.90092072941998,0.9986498898755638,0.0014701343580546982,大笔:1.000000 | 薪水:1.000000 | 报酬:1.000000 | 高额:1.000000 | 房租:1.000000 | 费用:1.000000 | 退休金:1.000000 | 开支:1.000000 | 开销:1.000000 | 工资:1.000000 | 索取:1.000000 | 负担:1.000000,成本:0.011871
48,70,0.23506315493386676,-0.018331761474383475,0.7,常见 | 各式各样 | 多种 | 常规 | 廉价 | 特殊 | 少量 | 常用 | 特定 | 各种 | 现成 | 新式,适合 | 昂贵 | 有害 | 旧 | 简易 | 叫作 | 各式各样 | 大量,正规 | 万能 | 特定 | 部分 | 典型 | 广义 | 外来 | 若干 | 个别 | 流行 | 常见 | 特例,常见 | 各式各样 | 多种 | 常规 | 廉价 | 特殊 | 少量 | 常用 | 特定 | 各种 | 现成 | 新式 | 劣质 | 类似 | 小型 | 种 | 传统 | 昂贵 | 大量 | 普通 | 带有 | 简易 | 典型 | 单一 | 含有 | 之类 | 隐性 | 多余 | 类 | 正规 | 五花八门 | 有害 | 附加 | 原始 | 固定 | 式 | 大规模 | 个别 | 少数 | 早期 | 型 | 必需 | 天然 | 必不可少 | 流行 | 初级 | 适合 | 通用 | 用来 | 万能 | 人工 | 专用 | 附带 | 为主 | 大面积 | 纯 | 隐形 | 广义 | 部分 | 外来 | 盛行 | 特例 | 一系列 | 除外 | 旧 | 非 | 定向 | 若干 | 叫作 | 无,70.46291989263644,0.99851671112241,0.0014928105215797358,常用:1.000000 | 劣质:1.000000 | 现成:1.000000 | 昂贵:1.000000 | 简易:1.000000 | 特殊:1.000000 | 廉价:1.000000 | 正规:1.000000 | 盛行:1.000000 | 人工:1.000000 | 大面积:1.000000 | 多余:1.000000,其他:0.485217 | 属:0.050654 | 原有:0.015628
49,70,0.28699766971597,0.02441214928746375,0.3,申请 | 审批 | 审核 | 登记 | 公示 | 审查 | 证书 | 提交 | 批准 | 办理 | 许可证 | 手续,仲裁 | 会计 | 原 | 答辩 | 领取 | 拍卖 | 监察 | 试用期,协议书 | 发放 | 公告 | 合同 | 提交 | 达标 | 意向 | 原 | 通知书 | 交付 | 许可证 | 到期,申请 | 审批 | 审核 | 登记 | 公示 | 审查 | 证书 | 提交 | 批准 | 办理 | 许可证 | 手续 | 申报 | 受理 | 申领 | 验收 | 递交 | 评审 | 通知书 | 填写 | 许可 | 认证 | 颁发 | 上报 | 执照 | 审定 | 签字 | 出具 | 注册 | 资格 | 公证 | 协议书 | 领取 | 授权 | 书面 | 合同 | 仲裁 | 协议 | 评定 | 申办 | 发放 | 委托 | 报到 | 答辩 | 公告 | 通知 | 上岗 | 披露 | 转让 | 招标 | 通告 | 合格 | 指定 | 有效期 | 名单 | 意向 | 交付 | 牌照 | 咨询 | 试用期 | 保密 | 监察 | 到期 | 编号 | 达标 | 日期 | 拍卖 | 名称 | 会计 | 原,69.97798671356094,0.9992717608277067,0.0006750631579005105,资格:1.000000 | 合格:1.000000 | 证书:1.000000 | 保密:1.000000 | 通知书:1.000000 | 协议书:1.000000 | 上岗:1.000000 | 达标:1.000000 | 验收:1.000000 | 意向:1.000000 | 申请:1.000000 | 提交:1.000000,授予:0.015268
50,48,0.32708373406456,0.0007234310101774413,0.5208333333333334,坦然 | 毫不犹豫 | 情愿 | 理直气壮 | 心安理得 | 勇敢 | 乐意 | 从容 | 轻易 | 从容不迫 | 诚心诚意 | 顺从,明智 | 慷慨 | 冒昧 | 愿意 | 死心塌地 | 遂心 | 坦白 | 小心翼翼,小心翼翼 | 坚决 | 放心 | 愿意 | 敢于 | 舍得 | 毫不 | 冒昧 | 勇敢 | 大胆 | 无条件 | 不假思索,坦然 | 毫不犹豫 | 情愿 | 理直气壮 | 心安理得 | 勇敢 | 乐意 | 从容 | 轻易 | 从容不迫 | 诚心诚意 | 顺从 | 愿意 | 不假思索 | 爽快 | 慷慨 | 小心翼翼 | 理所当然 | 自觉 | 坚定 | 毫不 | 坚决 | 死心塌地 | 果断 | 大胆 | 顺理成章 | 放心 | 敢于 | 轻而易举 | 明智 | 主动 | 胸有成竹 | 默默 | 随心所欲 | 冒昧 | 郑重 | 安心 | 遂心 | 无条件 | 肯 | 坦白 | 如愿以偿 | 顺其自然 | 地 | 舍得 | 大包大揽 | 力所能及 | 高调,48.00106809068355,0.9999992717987612,1.8086788784849994e-6,郑重:1.000000 | 大胆:1.000000 | 如愿以偿:1.000000 | 高调:1.000000 | 果断:1.000000 | 顺理成章:1.000000 | 从容不迫:1.000000 | 遂心:1.000000 | 轻而易举:1.000000 | 坚定:1.000000 | 自觉:1.000000 | 大包大揽:1.000000,
51,52,0.35964471488226396,0.0407047452849862,0.23076923076923078,句子 | 词语 | 词汇 | 词 | 课文 | 音节 | 题目 | 文字 | 错别字 | 字母 | 生词 | 汉字,语法 | 考题 | 课文 | 序 | 寓言 | 遍 | 简体字 | 繁体字,括弧 | 汉字 | 题目 | 字体 | 格式 | 繁体字 | 寓言 | 文字 | 字迹 | 考题 | 生词 | 成语,句子 | 词语 | 词汇 | 词 | 课文 | 音节 | 题目 | 文字 | 错别字 | 字母 | 生词 | 汉字 | 读音 | 语法 | 段落 | 字 | 成语 | 填空 | 符号 | 句 | 繁体字 | 默读 | 字体 | 谜语 | 结尾 | 字眼 | 开头 | 名字 | 写 | 题 | 地名 | 括号 | 字迹 | 简体字 | 记号 | 答案 | 名言 | 稿子 | 开场白 | 括弧 | 考题 | 公式 | 一句话 | 大意 | 念 | 命题 | 对联 | 省略 | 寓言 | 格式 | 序 | 遍,52.00182000248983,0.9999966822071579,6.500699382033144e-6,字母:1.000000 | 字迹:1.000000 | 开场白:1.000000 | 开头:1.000000 | 谜语:1.000000 | 错别字:1.000000 | 音节:1.000000 | 题目:1.000000 | 字眼:1.000000 | 字体:1.000000 | 括弧:1.000000 | 括号:1.000000,
52,64,0.27035371927668395,-0.006045312912776036,0.578125,依照 | 规定 | 依据 | 按照 | 遵循 | 依法 | 遵守 | 严格 | 遵照 | 实行 | 予以 | 履行,允许 | 准许 | 强制 | 未经 | 确定 | 违反 | 简化 | 专人,据此 | 采取 | 独立 | 限定 | 需 | 优先 | 予以 | 遵照 | 试行 | 遵循 | 要求 | 依据,依照 | 规定 | 依据 | 按照 | 遵循 | 依法 | 遵守 | 严格 | 遵照 | 实行 | 予以 | 履行 | 应当 | 违反 | 采取 | 不予 | 酌情 | 根据 | 按 | 自行 | 参照 | 适当 | 允许 | 应 | 一律 | 要求 | 准许 | 试行 | 现行 | 合法 | 自愿 | 相应 | 限定 | 约定 | 强制 | 设定 | 须 | 确定 | 进行 | 负有 | 施行 | 依 | 加以 | 作出 | 适用 | 优先 | 按时 | 有关 | 定期 | 执行 | 统一 | 服从 | 未经 | 设置 | 需 | 据此 | 行使 | 经 | 上述 | 简化 | 专人 | 凡 | 就地 | 独立,64.01196211689836,0.9998330689577744,0.00022737279537245032,酌情:1.000000 | 合法:1.000000 | 准许:1.000000 | 限定:1.000000 | 予以:1.000000 | 遵照:1.000000 | 一律:1.000000 | 依照:1.000000 | 就地:1.000000 | 自愿:1.000000 | 加以:1.000000 | 严格:1.000000,若干:0.018109
53,55,0.42552501004876897,0.09253606898315744,0.03636363636363636,谦逊 | 文雅 | 和蔼 | 朴实 | 谦虚 | 质朴 | 诚恳 | 温柔 | 礼貌 | 豁达 | 善良 | 纯朴,纯洁 | 讨人喜欢 | 亲切 | 高雅 | 活泼 | 耿直 | 得体 | 言辞,坦率 | 开朗 | 得体 | 宽容 | 耿直 | 和气 | 尊贵 | 绅士 | 温柔 | 友善 | 文雅 | 中庸,谦逊 | 文雅 | 和蔼 | 朴实 | 谦虚 | 质朴 | 诚恳 | 温柔 | 礼貌 | 豁达 | 善良 | 纯朴 | 沉稳 | 彬彬有礼 | 稳重 | 敦厚 | 风趣 | 含蓄 | 得体 | 慈祥 | 幽默 | 开朗 | 友善 | 耿直 | 体贴 | 坦诚 | 宽厚 | 坦率 | 大方 | 刚毅 | 朴素 | 厚道 | 客气 | 仁慈 | 宽容 | 风度 | 和气 | 平和 | 活泼 | 委婉 | 讨人喜欢 | 好客 | 高雅 | 举止 | 殷勤 | 节俭 | 亲切 | 绅士 | 低调 | 纯洁 | 言辞 | 包容 | 中庸 | 亲和力 | 尊贵,55.028839524650586,0.9999946007420099,0.000010303891082543286,委婉:1.000000 | 幽默:1.000000 | 礼貌:1.000000 | 风趣:1.000000 | 好客:1.000000 | 含蓄:1.000000 | 朴实:1.000000 | 中庸:1.000000 | 慈祥:1.000000 | 和蔼:1.000000 | 尊贵:1.000000 | 和气:1.000000,正直:0.024739
54,48,0.383401390097818,0.046340910051540264,0.1875,头晕 | 疼 | 呕吐 | 咳嗽 | 痒 | 心慌 | 肿 | 疼痛 | 痛 | 咳 | 胀 | 失眠,疲劳 | 上火 | 晕倒 | 心慌 | 上瘾 | 失眠 | 疯 | 烦,血 | 胀 | 哑 | 喘 | 尿 | 咽 | 瘾 | 上瘾 | 肿 | 出汗 | 渴 | 痛,头晕 | 疼 | 呕吐 | 咳嗽 | 痒 | 心慌 | 肿 | 疼痛 | 痛 | 咳 | 胀 | 失眠 | 恶心 | 晕 | 晕车 | 瘫 | 渴 | 痰 | 出汗 | 喘 | 发烧 | 昏迷 | 咽 | 憋 | 烦 | 醒 | 哑 | 昏 | 僵 | 困 | 麻痹 | 尿 | 晕倒 | 聋 | 饿 | 伤 | 疲劳 | 上火 | 窒息 | 汗 | 流血 | 上瘾 | 疯 | 口吃 | 觉 | 瘾 | 血 | 红眼,48.00120484126002,0.999990125565187,0.000017645233465447795,僵:1.000000 | 晕倒:1.000000 | 痛:1.000000 | 瘫:1.000000 | 疼:1.000000 | 疲劳:1.000000 | 上瘾:1.000000 | 困:1.000000 | 流血:1.000000 | 痒:1.000000 | 麻痹:1.000000 | 口吃:1.000000,
55,55,0.322315662489291,0.04677664378706897,0.18181818181818182,难题 | 困境 | 症结 | 弊病 | 难点 | 瓶颈 | 难关 | 困难 | 弊端 | 弱点 | 问题 | 障碍,挫折 | 共识 | 处境 | 阴影 | 警钟 | 低谷 | 局面 | 几率,难题 | 考验 | 破解 | 挫折 | 误区 | 心病 | 压力 | 问题 | 症结 | 瓶颈 | 难处 | 包袱,难题 | 困境 | 症结 | 弊病 | 难点 | 瓶颈 | 难关 | 困难 | 弊端 | 弱点 | 问题 | 障碍 | 难处 | 困扰 | 挑战 | 隐患 | 矛盾 | 出路 | 顾虑 | 根源 | 劣势 | 缺陷 | 误区 | 僵局 | 危机 | 机遇 | 突破口 | 转折点 | 压力 | 心病 | 泥潭 | 局面 | 挫折 | 阴影 | 陷阱 | 漏洞 | 境地 | 破解 | 考验 | 难度 | 当务之急 | 阻力 | 教训 | 对策 | 处境 | 契机 | 风险 | 罪魁祸首 | 警钟 | 重中之重 | 低谷 | 包袱 | 关键 | 共识 | 几率,54.99663373737518,0.9998957301429181,0.0001354232729827649,困境:1.000000 | 阴影:1.000000 | 难题:1.000000 | 心病:1.000000 | 隐患:1.000000 | 难关:1.000000 | 难处:1.000000 | 误区:1.000000 | 症结:1.000000 | 教训:1.000000 | 弊病:1.000000 | 困扰:1.000000,
56,70,0.26928464089546417,-0.004385595646150202,0.5428571428571428,繁荣 | 兴旺 | 辉煌 | 欣欣向荣 | 蓬勃 | 复兴 | 崛起 | 富强 | 硕果 | 生机 | 昌盛 | 前进,丰收 | 楷模 | 焕发 | 双赢 | 潮流 | 涌现 | 致富 | 朝气蓬勃,事业 | 昌盛 | 日新月异 | 朝气蓬勃 | 鹏程万里 | 长征 | 成长 | 带头人 | 涌现 | 半边天 | 变革 | 里程碑,繁荣 | 兴旺 | 辉煌 | 欣欣向荣 | 蓬勃 | 复兴 | 崛起 | 富强 | 硕果 | 生机 | 昌盛 | 前进 | 壮大 | 光辉 | 发扬光大 | 进步 | 朝气蓬勃 | 脊梁 | 凯歌 | 振兴 | 焕发 | 迈进 | 旗帜 | 活力 | 楷模 | 典范 | 胜利 | 源泉 | 兴起 | 争光 | 变革 | 蓝图 | 与时俱进 | 万古长青 | 鹏程万里 | 日新月异 | 热潮 | 现代化 | 飞跃 | 事业 | 势不可当 | 改革开放 | 中华民族 | 致富 | 大有可为 | 潮流 | 里程碑 | 造福 | 扎根 | 先锋 | 曙光 | 风尚 | 生命线 | 丰收 | 涌现 | 支柱 | 成长 | 半边天 | 深入人心 | 摇篮 | 千家万户 | 成果 | 带头人 | 双赢 | 栋梁 | 小康 | 起点 | 铺路 | 评论员 | 长征,69.96589093389633,0.9992837156068486,0.0007597097090424406,硕果:1.000000 | 凯歌:1.000000 | 欣欣向荣:1.000000 | 铺路:1.000000 | 摇篮:1.000000 | 焕发:1.000000 | 造福:1.000000 | 兴起:1.000000 | 活力:1.000000 | 热潮:1.000000 | 朝气蓬勃:1.000000 | 繁荣:1.000000,祖国:0.010930
57,47,0.2854002033612521,-0.01239994539124234,0.6808510638297872,走近 | 注视 | 向着 | 打量 | 朝着 | 站住 | 走进 | 望见 | 停下 | 顺着 | 对准 | 沿着,眼前 | 望见 | 等候 | 跟随 | 守候 | 倾听 | 触摸 | 呼唤,瞄准 | 抓住 | 敞开 | 穿过 | 站住 | 脚步 | 直视 | 触摸 | 顺着 | 从 | 站 | 沿着,走近 | 注视 | 向着 | 打量 | 朝着 | 站住 | 走进 | 望见 | 停下 | 顺着 | 对准 | 沿着 | 穿过 | 目光 | 脚步 | 推开 | 紧紧 | 抬头 | 靠近 | 直视 | 视线 | 越过 | 抓住 | 瞄准 | 放下 | 打开 | 往 | 敞开 | 拥抱 | 呼唤 | 拉开 | 解开 | 倾听 | 朝 | 眼前 | 着 | 触摸 | 站 | 身影 | 守候 | 指向 | 跟随 | 一举一动 | 看得见 | 影子 | 等候 | 从,46.99836201443569,0.9999645322102663,0.000052059449641809975,呼唤:1.000000 | 守候:1.000000 | 对准:1.000000 | 拥抱:1.000000 | 敞开:1.000000 | 注视:1.000000 | 紧紧:1.000000 | 倾听:1.000000 | 推开:1.000000 | 靠近:1.000000 | 沿着:1.000000 | 拉开:1.000000,
58,84,0.3727561508655073,0.05223178253133974,0.07142857142857142,好像 | 果然 | 难道 | 居然 | 可是 | 幸亏 | 看样子 | 幸好 | 竟然 | 偏偏 | 说不定 | 好歹,刚才 | 想不到 | 终于 | 要不 | 看上去 | 于是 | 此刻 | 当真,本来 | 反正 | 看上去 | 眼看 | 没准儿 | 幸亏 | 以为 | 此时 | 这时候 | 还 | 大概 | 当真,好像 | 果然 | 难道 | 居然 | 可是 | 幸亏 | 看样子 | 幸好 | 竟然 | 偏偏 | 说不定 | 好歹 | 没准儿 | 要是 | 要不然 | 这会儿 | 果真 | 倒是 | 反正 | 真的 | 不然 | 似乎 | 是不是 | 明明 | 没想到 | 莫非 | 要不 | 确实 | 要不是 | 本来 | 仿佛 | 的确 | 怪不得 | 按说 | 那 | 简直 | 当真 | 好在 | 可惜 | 难怪 | 这时候 | 就 | 正好 | 刚好 | 据说 | 大概 | 按理说 | 肯定 | 总算 | 好似 | 才 | 恰好 | 想不到 | 多亏 | 不知 | 不料 | 后来 | 这时 | 此刻 | 以为 | 早就 | 这 | 估计 | 原来 | 看来 | 但愿 | 当时 | 看起来 | 于是 | 着实 | 刚才 | 又 | 还 | 究竟 | 终于 | 此时 | 看得出 | 看上去 | 眼看 | 却是 | 直到 | 当初 | 万一 | 请问,83.95724135553999,0.995565500082956,0.0034491450529837092,多亏:1.000000 | 幸亏:1.000000 | 幸好:1.000000 | 果然:1.000000 | 刚好:1.000000 | 此刻:1.000000 | 总算:1.000000 | 正好:1.000000 | 果真:1.000000 | 看样子:1.000000 | 此时:1.000000 | 居然:1.000000,实在:0.065013 | 为什么:0.043199 | 可不是:0.025747 | 显然:0.021974 | 别说:0.014292 | 就算:0.014056 | 然而:0.013134 | 那么:0.012885
59,53,0.3311211574726616,0.041677768726237414,0.2641509433962264,专著 | 书籍 | 著作 | 教材 | 论文 | 名著 | 书 | 辞典 | 插图 | 出版 | 词典 | 刊物,抄写 | 引经据典 | 译 | 大纲 | 图表 | 阅读 | 讲座 | 简历,专著 | 编辑 | 编写 | 名著 | 出版社 | 书 | 书籍 | 报刊 | 第一手 | 著作 | 回忆录 | 讲座,专著 | 书籍 | 著作 | 教材 | 论文 | 名著 | 书 | 辞典 | 插图 | 出版 | 词典 | 刊物 | 百科全书 | 编写 | 传记 | 主编 | 文章 | 撰写 | 回忆录 | 字典 | 笔记 | 杂志 | 篇 | 手册 | 专栏 | 文献 | 教科书 | 报刊 | 日记 | 抄写 | 篇幅 | 概论 | 出版社 | 讲座 | 素材 | 译 | 大纲 | 阅读 | 刊登 | 栏目 | 作者 | 编辑 | 编 | 专题 | 引用 | 时事 | 引经据典 | 内容 | 图表 | 目录 | 第一手 | 简历 | 章,53.010296640908024,0.9999672334820169,0.000051877810832104785,篇幅:1.000000 | 辞典:1.000000 | 回忆录:1.000000 | 论文:1.000000 | 专著:1.000000 | 抄写:1.000000 | 撰写:1.000000 | 传记:1.000000 | 著作:1.000000 | 教科书:1.000000 | 笔记:1.000000 | 日记:1.000000,
60,37,0.3590230840126141,0.040784573018876474,0.21621621621621623,花纹 | 图案 | 形状 | 造型 | 线条 | 雕刻 | 圆形 | 装饰 | 镶嵌 | 外形 | 颜色 | 镶,款式 | 装扮 | 美观 | 定做 | 酷似 | 质地 | 轮廓 | 搭配,颜色 | 搭配 | 背面 | 特制 | 造型 | 美观 | 设计 | 轮廓 | 镶 | 布置 | 仿 | 花纹,花纹 | 图案 | 形状 | 造型 | 线条 | 雕刻 | 圆形 | 装饰 | 镶嵌 | 外形 | 颜色 | 镶 | 外观 | 美观 | 点缀 | 轮廓 | 款式 | 形 | 设计 | 摆放 | 色彩 | 搭配 | 图形 | 雕 | 装扮 | 酷似 | 背面 | 平面 | 画 | 质地 | 制成 | 放置 | 悬挂 | 特制 | 布置 | 仿 | 定做,37.00281698002123,0.999912449618109,0.00011236444436260418,定做:1.000000 | 布置:1.000000 | 搭配:1.000000 | 摆放:1.000000 | 放置:1.000000 | 特制:1.000000 | 花纹:1.000000 | 轮廓:1.000000 | 镶嵌:1.000000 | 悬挂:1.000000 | 点缀:1.000000 | 酷似:1.000000,
61,46,0.32951489506815873,0.05063202237008353,0.17391304347826086,海面 | 探测 | 航行 | 月球 | 卫星 | 潜艇 | 飞行 | 飞船 | 陆地 | 侦察 | 地球 | 观测,极限 | 船只 | 坦克 | 风力 | 直升机 | 演习 | 地形 | 大气,军舰 | 导弹 | 风力 | 飞行 | 预报 | 太空 | 飞船 | 机动 | 直升机 | 海洋 | 望远镜 | 坦克,海面 | 探测 | 航行 | 月球 | 卫星 | 潜艇 | 飞行 | 飞船 | 陆地 | 侦察 | 地球 | 观测 | 导弹 | 军舰 | 发射 | 太空 | 海洋 | 海底 | 海域 | 上空 | 直升机 | 降落 | 船只 | 空中 | 北极 | 地面 | 高空 | 南极 | 陨石 | 航海 | 气象 | 望远镜 | 火箭 | 地形 | 地质 | 坦克 | 机动 | 两栖 | 演习 | 起飞 | 经度 | 纬度 | 风力 | 预报 | 大气 | 极限,45.999996207659315,0.9999673583704008,0.00004911472696116034,上空:1.000000 | 经度:1.000000 | 月球:1.000000 | 极限:1.000000 | 大气:1.000000 | 气象:1.000000 | 空中:1.000000 | 预报:1.000000 | 纬度:1.000000 | 高空:1.000000 | 机动:1.000000 | 地形:1.000000,
62,55,0.32324449409556416,0.02840845219325941,0.2,军官 | 士兵 | 军人 | 外交官 | 警官 | 官吏 | 警察 | 囚犯 | 将军 | 俘虏 | 飞行员 | 军队,王后 | 皇后 | 作家 | 议员 | 皇帝 | 航天员 | 证人 | 罪犯,宇航员 | 警官 | 船员 | 空军 | 元首 | 学者 | 领事馆 | 海盗 | 大使馆 | 外交官 | 国王 | 部队,军官 | 士兵 | 军人 | 外交官 | 警官 | 官吏 | 警察 | 囚犯 | 将军 | 俘虏 | 飞行员 | 军队 | 战士 | 官员 | 罪犯 | 法官 | 船员 | 海军 | 大臣 | 司令 | 部队 | 皇帝 | 国王 | 陆军 | 水手 | 议员 | 领事 | 空军 | 贵族 | 元首 | 商人 | 兵 | 平民 | 队员 | 船长 | 僧人 | 土匪 | 学者 | 大使 | 宇航员 | 哗变 | 皇室 | 海盗 | 领事馆 | 科学家 | 作家 | 领袖 | 大使馆 | 使者 | 王后 | 团员 | 监狱 | 证人 | 皇后 | 航天员,55.01163705538686,0.9991428884045851,0.0007020607449014168,宇航员:1.000000 | 囚犯:1.000000 | 官吏:1.000000 | 船长:1.000000 | 使者:1.000000 | 水手:1.000000 | 士兵:1.000000 | 皇室:1.000000 | 领事馆:1.000000 | 飞行员:1.000000 | 陆军:1.000000 | 科学家:1.000000,内阁:0.030986 | 和尚:0.010215
63,57,0.3836562813367701,0.040159055807246005,0.15789473684210525,牛奶 | 果汁 | 饮料 | 罐头 | 酱油 | 洗衣粉 | 面粉 | 砂糖 | 矿泉水 | 啤酒 | 汽水 | 纯净水,塑料袋 | 食物 | 罐头 | 豆制品 | 红酒 | 胶囊 | 糖果 | 适量,葡萄酒 | 保质期 | 洗衣粉 | 塑料袋 | 口香糖 | 面粉 | 肥皂 | 制品 | 保鲜 | 牙膏 | 味精 | 酒精,牛奶 | 果汁 | 饮料 | 罐头 | 酱油 | 洗衣粉 | 面粉 | 砂糖 | 矿泉水 | 啤酒 | 汽水 | 纯净水 | 豆制品 | 味精 | 香料 | 红酒 | 食品 | 牙膏 | 奶粉 | 洗涤剂 | 葡萄酒 | 酒精 | 乳制品 | 茶叶 | 糖 | 沐浴露 | 方便面 | 食物 | 肥皂 | 糖果 | 淀粉 | 食用 | 大米 | 酒 | 口香糖 | 药片 | 药水 | 酒水 | 白酒 | 盐 | 酿造 | 香烟 | 饮用水 | 冷冻 | 制品 | 毫升 | 海藻 | 蛋白质 | 安眠药 | 维生素 | 钙 | 原料 | 保质期 | 塑料袋 | 保鲜 | 适量 | 胶囊,57.16615924261907,0.9994109165160917,0.000628043999088043,保质期:1.000000 | 适量:1.000000 | 安眠药:1.000000 | 酿造:1.000000 | 香烟:1.000000 | 矿泉水:1.000000 | 洗涤剂:1.000000 | 药片:1.000000 | 洗衣粉:1.000000 | 食物:1.000000 | 白酒:1.000000 | 砂糖:1.000000,醋:0.112416 | 可乐:0.024528 | 酸奶:0.014972 | 蜂蜜:0.012288
64,43,0.3708493257571713,0.005959182829663266,0.4186046511627907,骂 | 哼 | 瞧 | 瞅 | 嚷 | 哭 | 吓 | 笑 | 吓唬 | 问 | 插嘴 | 瞪,阎王 | 不理 | 岂有此理 | 狠 | 愣 | 久仰 | 不敢当 | 笑,不敢当 | 嚷 | 答 | 枪毙 | 笑 | 听 | 打断 | 吓唬 | 哭 | 馋 | 哼 | 不理,骂 | 哼 | 瞧 | 瞅 | 嚷 | 哭 | 吓 | 笑 | 吓唬 | 问 | 插嘴 | 瞪 | 喊 | 说 | 逗 | 愣 | 听 | 胡说 | 吼 | 馋 | 瞎 | 叫 | 夸 | 不理 | 喂 | 偷看 | 逼 | 不敢当 | 怪 | 看 | 当着 | 猜 | 哄 | 惹 | 耳光 | 久仰 | 留神 | 枪毙 | 岂有此理 | 打断 | 狠 | 答 | 阎王,43.000308229008226,0.9999935491370813,0.000013535228561345165,偷看:1.000000 | 打断:1.000000 | 喊:1.000000 | 喂:1.000000 | 嚷:1.000000 | 看:1.000000 | 叫:1.000000 | 听:1.000000 | 瞅:1.000000 | 猜:1.000000 | 久仰:1.000000 | 逗:1.000000,
65,52,0.38080351200319146,0.08828576904752301,0.21153846153846154,餐厅 | 餐馆 | 饭店 | 饭馆 | 酒楼 | 旅馆 | 宾馆 | 酒吧 | 商场 | 旅店 | 酒店 | 超市,餐桌 | 温泉 | 取款机 | 柜台 | 早餐 | 午餐 | 办公 | 景点,桑拿 | 午餐 | 夜市 | 商场 | 食堂 | 出租 | 取款机 | 专柜 | 酒吧 | 餐 | 购物 | 宾馆,餐厅 | 餐馆 | 饭店 | 饭馆 | 酒楼 | 旅馆 | 宾馆 | 酒吧 | 商场 | 旅店 | 酒店 | 超市 | 书店 | 商店 | 餐饮 | 舞厅 | 客房 | 店 | 连锁店 | 网吧 | 药店 | 电影院 | 食堂 | 用餐 | 便利店 | 夜总会 | 菜市场 | 就餐 | 专卖店 | 公寓 | 夜市 | 报亭 | 五星级 | 早餐 | 住宿 | 连锁 | 写字楼 | 餐 | 购物 | 午餐 | 专柜 | 柜台 | 景点 | 桑拿 | 外卖 | 取款机 | 温泉 | 餐桌 | 商城 | 出租 | 装修 | 办公,52.04134308100846,0.9999975878142593,5.056671792164089e-6,就餐:1.000000 | 用餐:1.000000 | 酒楼:1.000000 | 餐厅:1.000000 | 餐馆:1.000000 | 饭馆:1.000000 | 桑拿:1.000000 | 连锁店:1.000000 | 饭店:1.000000 | 夜总会:1.000000 | 办公:1.000000 | 酒吧:1.000000,景区:0.023314
66,45,0.42262213720452246,0.09518039931524384,0.022222222222222223,残忍 | 可恶 | 凶残 | 可笑 | 可悲 | 愚蠢 | 卑鄙 | 可怕 | 丑陋 | 丑恶 | 凶恶 | 可耻,渺小 | 粗暴 | 不堪 | 虚伪 | 惨 | 愚蠢 | 凶 | 耻辱,愚蠢 | 虚伪 | 可耻 | 冷酷 | 不可思议 | 荒诞 | 卑鄙 | 离奇 | 野蛮 | 触目惊心 | 耻辱 | 可恶,残忍 | 可恶 | 凶残 | 可笑 | 可悲 | 愚蠢 | 卑鄙 | 可怕 | 丑陋 | 丑恶 | 凶恶 | 可耻 | 悲惨 | 荒谬 | 邪恶 | 残酷 | 荒诞 | 恐怖 | 罪恶 | 冷酷 | 虚伪 | 古怪 | 骇人听闻 | 惨痛 | 怪异 | 可怜 | 野蛮 | 耻辱 | 污秽 | 糟糕 | 离奇 | 惨 | 不堪 | 恶 | 无情 | 触目惊心 | 滑稽 | 不可思议 | 渺小 | 疯狂 | 粗暴 | 凶 | 无辜 | 危险 | 致命,45.00687101363672,0.9999967302004439,6.878161671870203e-6,丑陋:1.000000 | 凶恶:1.000000 | 无辜:1.000000 | 残忍:1.000000 | 耻辱:1.000000 | 荒诞:1.000000 | 骇人听闻:1.000000 | 可恶:1.000000 | 无情:1.000000 | 凶残:1.000000 | 疯狂:1.000000 | 可怜:1.000000,
67,77,0.26153759446194835,-0.04403729887608018,0.8831168831168831,袋 | 蜡 | 瓶 | 罐 | 泥 | 炭 | 筒 | 盒 | 粪 | 烟 | 剂 | 粒,尼龙 | 姜 | 肠 | 蜜 | 纱 | 毒 | 腔 | 水,姜 | 瓶 | 口 | 罐 | 皮 | 束 | 纱 | 墨水 | 霜 | 泥 | 桶 | 包,袋 | 蜡 | 瓶 | 罐 | 泥 | 炭 | 筒 | 盒 | 粪 | 烟 | 剂 | 粒 | 粉 | 漆 | 水 | 壶 | 箱 | 芽 | 砖 | 包 | 皮 | 茎 | 油 | 盆 | 蜜 | 草 | 丝 | 纱 | 枝 | 纤维 | 铅 | 膜 | 棉 | 胶水 | 霜 | 塑料 | 稻草 | 布 | 尼龙 | 筛 | 墨水 | 土 | 肠 | 胎 | 束 | 块 | 盏 | 斤 | 卵 | 锡 | 壳 | 铁 | 丸 | 铜 | 素 | 冰 | 堆 | 桶 | 玉 | 橡胶 | 碳 | 片 | 毒 | 铝 | 料 | 炼 | 海绵 | 包裹 | 样 | 串 | 口 | 立方 | 腔 | 墨 | 姜 | 卷 | 克,76.77328539598074,0.9957971948852017,0.0024705976840158884,腔:1.000000 | 纱:1.000000 | 样:1.000000 | 包裹:1.000000 | 堆:1.000000 | 包:1.000000 | 胎:1.000000 | 串:1.000000 | 料:1.000000 | 粪:1.000000 | 袋:1.000000 | 壶:1.000000,筐:0.025416 | 丁:0.016571 | 金属:0.013583
68,26,0.3832174638604535,0.09984485235659676,0.11538461538461539,磨损 | 脱落 | 损坏 | 撞击 | 破裂 | 断裂 | 裂缝 | 损伤 | 变形 | 腐蚀 | 裂痕 | 腐烂,震动 | 爆炸 | 结冰 | 裸露 | 损伤 | 绝缘 | 冲撞 | 着火,磨损 | 变质 | 腐烂 | 撞击 | 着火 | 破碎 | 震动 | 老化 | 绝缘 | 破裂 | 堵塞 | 裸露,磨损 | 脱落 | 损坏 | 撞击 | 破裂 | 断裂 | 裂缝 | 损伤 | 变形 | 腐蚀 | 裂痕 | 腐烂 | 老化 | 摩擦 | 着火 | 碰撞 | 破碎 | 变质 | 冲撞 | 泄漏 | 结冰 | 爆炸 | 堵塞 | 裸露 | 震动 | 绝缘,26.000000012313517,0.9999999998493775,5.850229991551188e-10,冲撞:1.000000 | 变质:1.000000 | 堵塞:1.000000 | 摩擦:1.000000 | 撞击:1.000000 | 断裂:1.000000 | 着火:1.000000 | 破碎:1.000000 | 破裂:1.000000 | 碰撞:1.000000 | 磨损:1.000000 | 绝缘:1.000000,
69,103,0.47712372801489755,0.13305428775229605,0.038834951456310676,姑姑 | 舅舅 | 奶奶 | 姐姐 | 爸爸 | 爸 | 妹妹 | 嫂子 | 妈妈 | 哥哥 | 姥姥 | 爷爷,寡妇 | 岳父 | 孙女 | 媳妇 | 儿女 | 大夫 | 继母 | 家里,老板 | 爷爷 | 父亲 | 女孩儿 | 哥 | 女儿 | 老婆 | 丈夫 | 亲戚 | 阿姨 | 木匠 | 老公,姑姑 | 舅舅 | 奶奶 | 姐姐 | 爸爸 | 爸 | 妹妹 | 嫂子 | 妈妈 | 哥哥 | 姥姥 | 爷爷 | 母亲 | 父亲 | 闺女 | 妈 | 姥爷 | 爹 | 媳妇 | 弟弟 | 儿子 | 女儿 | 外婆 | 老婆 | 伯母 | 叔叔 | 大姐 | 伯父 | 孙女 | 阿姨 | 外公 | 祖母 | 大哥 | 老公 | 父母 | 岳母 | 丈夫 | 大爷 | 老太太 | 岳父 | 伯伯 | 妻子 | 姐 | 太太 | 继父 | 老伴儿 | 孙子 | 娘 | 孩子 | 姨 | 亲戚 | 长辈 | 继母 | 她 | 家人 | 老头儿 | 小孩儿 | 男朋友 | 女朋友 | 师父 | 妹 | 姑娘 | 爱人 | 老汉 | 大妈 | 老人家 | 弟 | 丫头 | 邻居 | 老乡 | 两口子 | 祖父 | 大人 | 师傅 | 老师 | 老人 | 亲生 | 同学 | 儿女 | 女孩儿 | 家里 | 小伙子 | 寡妇 | 老家 | 老王 | 一家人 | 徒弟 | 保姆 | 男孩儿 | 俩 | 姐妹 | 胖子 | 老大 | 老板 | 哥 | 宝宝 | 小时候 | 全家 | 小王 | 主人 | 大夫 | 房东 | 木匠,103.03815069014475,0.99998513182622,0.000026184418522365387,儿子:1.000000 | 外婆:1.000000 | 大爷:1.000000 | 奶奶:1.000000 | 妈:1.000000 | 姐姐:1.000000 | 姑姑:1.000000 | 姥姥:1.000000 | 姥爷:1.000000 | 媳妇:1.000000 | 嫂子:1.000000 | 母亲:1.000000,皇上:0.011698
70,40,0.35803606138137034,0.034902607337254775,0.2,往事 | 苦难 | 悲欢离合 | 酸甜苦辣 | 心事 | 辛酸 | 泪水 | 感情 | 回忆 | 思念 | 岁月 | 喜怒哀乐,心情 | 仇 | 悲剧 | 伤痕 | 思念 | 诀别 | 情 | 感情,人生 | 亲情 | 诀别 | 酸甜苦辣 | 恩怨 | 心情 | 命运 | 岁月 | 泪 | 境遇 | 磨难 | 悲欢离合,往事 | 苦难 | 悲欢离合 | 酸甜苦辣 | 心事 | 辛酸 | 泪水 | 感情 | 回忆 | 思念 | 岁月 | 喜怒哀乐 | 沧桑 | 磨难 | 眼泪 | 诉说 | 恩怨 | 泪 | 亲情 | 人生 | 缘分 | 倾诉 | 时光 | 童年 | 诀别 | 记忆 | 难忘 | 滋味 | 命运 | 情 | 悲剧 | 风风雨雨 | 心情 | 境遇 | 生死 | 伤痕 | 仇 | 切身 | 血脉 | 干戈,40.013274519006615,0.9999998070374468,4.958879242181835e-7,倾诉:1.000000 | 切身:1.000000 | 悲欢离合:1.000000 | 滋味:1.000000 | 生死:1.000000 | 诀别:1.000000 | 诉说:1.000000 | 酸甜苦辣:1.000000 | 血脉:1.000000 | 记忆:1.000000 | 恩怨:1.000000 | 干戈:1.000000,情感:0.013277
71,53,0.35398043194597506,0.08097248703272045,0.05660377358490566,起诉 | 判决 | 诉讼 | 控告 | 处罚 | 上诉 | 赔偿 | 驳回 | 案件 | 被告 | 判处 | 惩处,财产 | 拆迁 | 认定 | 罢免 | 涉嫌 | 受害人 | 牵涉 | 此事,驳回 | 惩处 | 罚款 | 原告 | 过失 | 纠纷 | 违规 | 罪 | 拆迁 | 违法 | 控告 | 处分,起诉 | 判决 | 诉讼 | 控告 | 处罚 | 上诉 | 赔偿 | 驳回 | 案件 | 被告 | 判处 | 惩处 | 裁定 | 索赔 | 法院 | 拘留 | 原告 | 罚款 | 处分 | 追究 | 受贿 | 查处 | 违法 | 侵权 | 纠纷 | 官司 | 辞退 | 涉嫌 | 吊销 | 免职 | 举报 | 投诉 | 罪 | 拖欠 | 当事人 | 过错 | 过失 | 罢免 | 违规 | 违约 | 开除 | 不服 | 解雇 | 异议 | 认定 | 受害人 | 破产 | 逾期 | 此事 | 丑闻 | 财产 | 拆迁 | 牵涉,53.00310976574427,0.9999809292242278,0.000030289087698841323,辞退:1.000000 | 起诉:1.000000 | 处分:1.000000 | 免职:1.000000 | 开除:1.000000 | 原告:1.000000 | 处罚:1.000000 | 诉讼:1.000000 | 追究:1.000000 | 吊销:1.000000 | 案件:1.000000 | 异议:1.000000,
72,58,0.37109092024359264,0.09762612707385653,0.10344827586206896,果树 | 水稻 | 作物 | 农作物 | 种植 | 蔬菜 | 庄稼 | 小麦 | 牲畜 | 肥料 | 栽培 | 灌溉,废物 | 饮水 | 喂养 | 葡萄 | 水产品 | 立方米 | 地下水 | 蔬菜,野生 | 花卉 | 开花 | 株 | 害虫 | 禾苗 | 温室 | 大棚 | 作物 | 牧场 | 肥料 | 木材,果树 | 水稻 | 作物 | 农作物 | 种植 | 蔬菜 | 庄稼 | 小麦 | 牲畜 | 肥料 | 栽培 | 灌溉 | 饲料 | 禾苗 | 饲养 | 家禽 | 果园 | 粮食 | 害虫 | 棉花 | 玉米 | 养殖 | 亩 | 杨树 | 耕地 | 葡萄 | 繁殖 | 奶牛 | 大棚 | 土壤 | 植物 | 化肥 | 水产品 | 杂交 | 花卉 | 药材 | 野生 | 株 | 旱 | 木材 | 公顷 | 喂养 | 开垦 | 生长 | 涝 | 水源 | 苗 | 温室 | 种子 | 农场 | 粪便 | 果实 | 牧场 | 地下水 | 饮水 | 开花 | 立方米 | 废物,58.01152291297879,0.9996455418510982,0.00039351488634283135,喂养:1.000000 | 栽培:1.000000 | 种植:1.000000 | 饲养:1.000000 | 作物:1.000000 | 杂交:1.000000 | 繁殖:1.000000 | 果实:1.000000 | 牲畜:1.000000 | 生长:1.000000 | 亩:1.000000 | 农作物:1.000000,桃树:0.012828 | 农产品:0.012193
73,53,0.30309000818584725,0.008238956041374404,0.4528301886792453,好处 | 坏处 | 窍门 | 本事 | 诀窍 | 招数 | 主意 | 用处 | 劲头 | 门路 | 心思 | 本钱,去处 | 说干就干 | 动手 | 能耐 | 本事 | 架势 | 出手 | 本钱,下手 | 好处 | 积极性 | 点子 | 短处 | 见效 | 本钱 | 路子 | 本事 | 诀窍 | 工夫 | 胃口,好处 | 坏处 | 窍门 | 本事 | 诀窍 | 招数 | 主意 | 用处 | 劲头 | 门路 | 心思 | 本钱 | 秘诀 | 毛病 | 益处 | 短处 | 路子 | 绝招 | 计策 | 力气 | 缺点 | 优点 | 办法 | 帮手 | 甜头 | 余地 | 把柄 | 工夫 | 脑筋 | 机会 | 能耐 | 去处 | 心得 | 效果 | 成效 | 胃口 | 后顾之忧 | 架势 | 下功夫 | 见效 | 下手 | 点子 | 积极性 | 要领 | 好事 | 说干就干 | 要害 | 动手 | 奏效 | 可乘之机 | 定心丸 | 出手 | 成功率,52.94511919763695,0.9988856398783027,0.000839374814250469,下手:1.000000 | 动手:1.000000 | 去处:1.000000 | 奏效:1.000000 | 把柄:1.000000 | 见效:1.000000 | 说干就干:1.000000 | 门路:1.000000 | 出手:1.000000 | 益处:1.000000 | 秘诀:1.000000 | 劲头:1.000000,
74,49,0.29040334429758013,0.011232608460526457,0.3877551020408163,清除 | 清洗 | 修补 | 去除 | 清理 | 冲洗 | 消毒 | 修复 | 修理 | 净化 | 遮盖 | 过滤,残留 | 污染 | 包扎 | 防 | 休眠 | 回收 | 缝合 | 补救,改造 | 填充 | 替换 | 整治 | 扫除 | 修复 | 疏通 | 包扎 | 残留 | 遮盖 | 复原 | 隔离,清除 | 清洗 | 修补 | 去除 | 清理 | 冲洗 | 消毒 | 修复 | 修理 | 净化 | 遮盖 | 过滤 | 替换 | 去掉 | 疏通 | 处理 | 缝合 | 包扎 | 改造 | 清洁 | 保养 | 整顿 | 整治 | 填充 | 切割 | 维修 | 更换 | 美化 | 防护 | 替代 | 改良 | 治理 | 补救 | 复原 | 扫除 | 除去 | 代替 | 回收 | 切断 | 污染 | 隔离 | 剔除 | 再生 | 取代 | 残留 | 备用 | 整理 | 防 | 休眠,49.00052758105962,0.9999975377712733,4.9650514214496305e-6,修复:1.000000 | 修补:1.000000 | 去除:1.000000 | 清理:1.000000 | 清除:1.000000 | 遮盖:1.000000 | 包扎:1.000000 | 补救:1.000000 | 休眠:1.000000 | 替换:1.000000 | 复原:1.000000 | 缝合:1.000000,
75,58,0.30690216437378826,0.009746856403745875,0.5,萎缩 | 衰弱 | 恶化 | 衰退 | 紊乱 | 低迷 | 不景气 | 加剧 | 缺失 | 混乱 | 减弱 | 急剧,衰竭 | 摇摇欲坠 | 力不从心 | 出现 | 无力 | 与日俱增 | 萧条 | 脆弱,紧缩 | 不景气 | 急剧 | 脱节 | 无力 | 与日俱增 | 出现 | 萎缩 | 饱和 | 加剧 | 不足 | 好转,萎缩 | 衰弱 | 恶化 | 衰退 | 紊乱 | 低迷 | 不景气 | 加剧 | 缺失 | 混乱 | 减弱 | 急剧 | 薄弱 | 短缺 | 严重 | 紧缺 | 低下 | 不足 | 萧条 | 陷入 | 脆弱 | 缺乏 | 动荡 | 失控 | 激化 | 衰竭 | 脱节 | 滞后 | 欠缺 | 泛滥 | 愈演愈烈 | 松弛 | 瘫痪 | 力不从心 | 好转 | 增多 | 跟不上 | 过剩 | 收缩 | 无力 | 膨胀 | 雪上加霜 | 紧缩 | 流失 | 不利 | 蔓延 | 供不应求 | 缺少 | 出现 | 饱和 | 摇摇欲坠 | 爆发 | 面临 | 处于 | 时好时坏 | 落后 | 与日俱增 | 处在,58.01275782137129,0.9999837867685651,0.000029566060335146873,衰弱:1.000000 | 薄弱:1.000000 | 瘫痪:1.000000 | 恶化:1.000000 | 时好时坏:1.000000 | 膨胀:1.000000 | 混乱:1.000000 | 欠缺:1.000000 | 不景气:1.000000 | 滞后:1.000000 | 无力:1.000000 | 出现:1.000000,
76,33,0.3802054506736213,0.06729747266840813,0.18181818181818182,响声 | 电铃 | 声音 | 响起 | 响 | 声 | 刺耳 | 门铃 | 铃声 | 听见 | 清脆 | 喇叭,听见 | 口哨 | 关机 | 关上 | 话筒 | 电灯 | 敲门 | 爆竹,动静 | 洪亮 | 电灯 | 噪音 | 口哨 | 开动 | 灯光 | 关上 | 声音 | 传来 | 门铃 | 关机,响声 | 电铃 | 声音 | 响起 | 响 | 声 | 刺耳 | 门铃 | 铃声 | 听见 | 清脆 | 喇叭 | 口哨 | 音量 | 话筒 | 洪亮 | 响亮 | 关上 | 敲门 | 传来 | 喧哗 | 灯光 | 鞭炮 | 噪音 | 电灯 | 接通 | 关掉 | 关机 | 接听 | 动静 | 爆竹 | 口令 | 开动,32.99929110797177,0.9999776646336112,0.00003533200790966642,关掉:1.000000 | 刺耳:1.000000 | 动静:1.000000 | 响:1.000000 | 响声:1.000000 | 响起:1.000000 | 开动:1.000000 | 接通:1.000000 | 爆竹:1.000000 | 电铃:1.000000 | 话筒:1.000000 | 喧哗:1.000000,
77,66,0.41497702116560414,0.05924603879140457,0.12121212121212122,胆小 | 自私 | 蠢 | 暴躁 | 懒惰 | 贪玩儿 | 高傲 | 胆怯 | 粗鲁 | 倔强 | 调皮 | 娇惯,守株待兔 | 狡猾 | 冷酷无情 | 冷漠 | 机灵 | 偷懒 | 贱 | 胆怯,爱面子 | 无知 | 无能 | 盛气凌人 | 倔强 | 高傲 | 偷懒 | 倔 | 幼稚 | 自私 | 糊涂 | 大大咧咧,胆小 | 自私 | 蠢 | 暴躁 | 懒惰 | 贪玩儿 | 高傲 | 胆怯 | 粗鲁 | 倔强 | 调皮 | 娇惯 | 固执 | 乖巧 | 鲁莽 | 傲慢 | 小气 | 顽皮 | 奸诈 | 娇气 | 狡猾 | 天真 | 无情无义 | 无知 | 幼稚 | 冷漠 | 老实 | 倔 | 自以为是 | 乖 | 爱面子 | 听话 | 世故 | 软弱 | 淘气 | 粗心 | 脾气 | 傻 | 目中无人 | 大大咧咧 | 叛逆 | 害羞 | 贪婪 | 自私自利 | 笨蛋 | 懂事 | 笨 | 糊涂 | 机灵 | 无能 | 盛气凌人 | 粗心大意 | 冷酷无情 | 懒 | 放肆 | 偷懒 | 贱 | 自负 | 傻瓜 | 小人 | 逞强 | 朝三暮四 | 天生 | 内向 | 惯 | 守株待兔,65.99743972982888,0.9998843765792156,0.00014230304578549766,娇气:1.000000 | 守株待兔:1.000000 | 淘气:1.000000 | 内向:1.000000 | 懒惰:1.000000 | 胆小:1.000000 | 倔:1.000000 | 粗心:1.000000 | 听话:1.000000 | 乖:1.000000 | 害羞:1.000000 | 爱面子:1.000000,
78,43,0.40656536839535734,0.12344605696300132,0.09302325581395349,乒乓球 | 体操 | 篮球 | 排球 | 田径 | 摔跤 | 网球 | 滑冰 | 羽毛球 | 台球 | 武术 | 举重,芭蕾 | 杂技 | 比试 | 游戏 | 风筝 | 猜谜 | 马戏 | 竞赛,扑克 | 帆船 | 风筝 | 排球 | 篮球 | 羽毛球 | 足球 | 健美 | 芭蕾 | 棋 | 网球 | 田径,乒乓球 | 体操 | 篮球 | 排球 | 田径 | 摔跤 | 网球 | 滑冰 | 羽毛球 | 台球 | 武术 | 举重 | 棒球 | 游泳 | 跳高 | 跳远 | 足球 | 太极拳 | 高尔夫球 | 杂技 | 帆船 | 健美 | 竞技 | 运动会 | 射击 | 芭蕾 | 龙舟 | 长跑 | 跳伞 | 体育 | 马戏 | 啦啦队 | 扑克 | 麻将 | 魔术 | 业余 | 竞赛 | 风筝 | 棋 | 猜谜 | 比试 | 游戏 | 太极,43.003543083515325,0.9999903659236972,0.000016551884742600445,健美:1.000000 | 扑克:1.000000 | 比试:1.000000 | 猜谜:1.000000 | 龙舟:1.000000 | 体操:1.000000 | 台球:1.000000 | 跳远:1.000000 | 麻将:1.000000 | 射击:1.000000 | 跳高:1.000000 | 竞技:1.000000,
79,53,0.3397978332512652,0.023848461534422022,0.3018867924528302,认知 | 直觉 | 情感 | 思维 | 内心 | 心灵 | 审美 | 感性 | 知觉 | 理智 | 头脑 | 本性,宣泄 | 共鸣 | 喜好 | 情绪 | 话语 | 感 | 言语 | 眼界,心 | 脑海 | 冲动 | 认知 | 眼光 | 主观 | 欲望 | 视觉 | 话语 | 内心 | 知觉 | 心理,认知 | 直觉 | 情感 | 思维 | 内心 | 心灵 | 审美 | 感性 | 知觉 | 理智 | 头脑 | 本性 | 欲望 | 天性 | 意识 | 人性 | 心理 | 本能 | 幻觉 | 触觉 | 情绪 | 主观 | 理性 | 心态 | 好奇心 | 自我 | 大脑 | 嗅觉 | 言语 | 思想 | 领悟 | 身心 | 眼界 | 心 | 错觉 | 境界 | 冲动 | 事物 | 眼光 | 话语 | 感 | 脑海 | 视觉 | 催眠 | 共鸣 | 视野 | 宣泄 | 觉醒 | 心目 | 常人 | 喜好 | 脉搏 | 圈子,52.983147588766656,0.9994347229019681,0.0005782134506667456,直觉:1.000000 | 本能:1.000000 | 心目:1.000000 | 幻觉:1.000000 | 感:1.000000 | 理性:1.000000 | 嗅觉:1.000000 | 共鸣:1.000000 | 脉搏:1.000000 | 错觉:1.000000 | 触觉:1.000000 | 身心:1.000000,
80,60,0.3553862645289924,0.020897742284942997,0.3,品德 | 骨气 | 自尊 | 人格 | 正直 | 诚实 | 信念 | 高尚 | 情怀 | 责任感 | 大公无私 | 性格,勤劳 | 为人 | 诚实 | 反省 | 自信 | 善 | 性情 | 正直,大公无私 | 为人 | 侠义 | 情怀 | 形象 | 廉洁 | 良心 | 责任感 | 不耻下问 | 抱负 | 本色 | 公道,品德 | 骨气 | 自尊 | 人格 | 正直 | 诚实 | 信念 | 高尚 | 情怀 | 责任感 | 大公无私 | 性格 | 品行 | 忠贞 | 光明磊落 | 忠诚 | 气质 | 美德 | 自尊心 | 教养 | 志气 | 尊严 | 勇气 | 性情 | 心胸 | 心肠 | 风范 | 崇高 | 意志 | 言行 | 自信 | 价值观 | 作风 | 气魄 | 信仰 | 抱负 | 侠义 | 精神 | 公仆 | 良心 | 忠心 | 本分 | 觉悟 | 为人 | 敬业 | 治学 | 诚信 | 廉洁 | 个性 | 勤劳 | 公道 | 形象 | 廉正 | 名利 | 本色 | 一言一行 | 不耻下问 | 远见 | 善 | 反省,59.999600058401676,0.9995390296313977,0.00043293465167397547,一言一行:1.000000 | 本色:1.000000 | 教养:1.000000 | 信念:1.000000 | 廉正:1.000000 | 自尊:1.000000 | 敬业:1.000000 | 良心:1.000000 | 性格:1.000000 | 名利:1.000000 | 意志:1.000000 | 信仰:1.000000,思想:0.014940 | 修养:0.010492
81,44,0.2927656080779429,0.01608500057841218,0.3409090909090909,协调 | 督促 | 调动 | 协助 | 引导 | 保障 | 搞好 | 指导 | 支援 | 确保 | 落实 | 动员,发动 | 突击 | 支援 | 补充 | 贯彻 | 指挥 | 干预 | 辅助,保障 | 搞好 | 保护 | 指导 | 维护 | 协助 | 督促 | 响应 | 引导 | 辅助 | 控制 | 鼓励,协调 | 督促 | 调动 | 协助 | 引导 | 保障 | 搞好 | 指导 | 支援 | 确保 | 落实 | 动员 | 帮助 | 维护 | 解决 | 配合 | 防范 | 调度 | 鼓励 | 保证 | 统筹 | 发挥 | 监督 | 扶持 | 保护 | 组织 | 应对 | 贯彻 | 调节 | 化解 | 分担 | 响应 | 安排 | 干预 | 辅助 | 指挥 | 改进 | 兼顾 | 控制 | 负责 | 发动 | 激励 | 补充 | 突击,44.00503377429051,0.9999970560932183,5.8280996369460825e-6,支援:1.000000 | 鼓励:1.000000 | 调动:1.000000 | 响应:1.000000 | 协助:1.000000 | 保护:1.000000 | 动员:1.000000 | 督促:1.000000 | 保证:1.000000 | 维护:1.000000 | 辅助:1.000000 | 保障:1.000000,
82,54,0.30915027723933397,0.006912941139090168,0.3888888888888889,相片 | 贺卡 | 信封 | 画册 | 卡片 | 照片 | 信件 | 表格 | 请柬 | 邮票 | 封面 | 海报,件 | 本子 | 国徽 | 商标 | 物品 | 实物 | 册 | 光盘,请帖 | 光盘 | 肖像 | 册 | 标签 | 表格 | 来信 | 光碟 | 文件 | 签名 | 地图 | 本子,相片 | 贺卡 | 信封 | 画册 | 卡片 | 照片 | 信件 | 表格 | 请柬 | 邮票 | 封面 | 海报 | 图画 | 印章 | 本子 | 报纸 | 名片 | 请帖 | 光盘 | 签名 | 告示 | 光碟 | 文件 | 张贴 | 电子版 | 启事 | 公函 | 册 | 印刷 | 标语 | 肖像 | 图书 | 复印 | 张 | 日历 | 标签 | 电报 | 地图 | 图片 | 印 | 信箱 | 档案 | 页 | 问卷 | 物品 | 来信 | 幅 | 国徽 | 附件 | 说明书 | 音像 | 商标 | 实物 | 件,53.998098088558145,0.9998755711864642,0.0001786680978945607,册:1.000000 | 名片:1.000000 | 告示:1.000000 | 张贴:1.000000 | 相片:1.000000 | 贺卡:1.000000 | 启事:1.000000 | 标语:1.000000 | 电报:1.000000 | 请帖:1.000000 | 邮票:1.000000 | 信件:1.000000,
83,48,0.3542780682923676,0.06011732020522906,0.041666666666666664,会见 | 接见 | 拜会 | 座谈 | 参观 | 拜访 | 应邀 | 视察 | 出席 | 访谈 | 访问 | 招待会,露面 | 开会 | 参加 | 光临 | 邀 | 观看 | 拜访 | 应邀,参加 | 汇报 | 参观 | 座谈 | 致辞 | 座谈会 | 主持 | 讲学 | 邀请 | 招待会 | 作客 | 邀,会见 | 接见 | 拜会 | 座谈 | 参观 | 拜访 | 应邀 | 视察 | 出席 | 访谈 | 访问 | 招待会 | 演讲 | 邀请 | 观摩 | 采访 | 谈话 | 看望 | 宴会 | 座谈会 | 来访 | 招待 | 致辞 | 发言 | 做客 | 听取 | 出访 | 考察 | 开会 | 代表团 | 研讨 | 讲学 | 汇报 | 调研 | 宣读 | 讲话 | 畅谈 | 参加 | 提问 | 观看 | 就座 | 主持 | 作客 | 接待 | 光临 | 邀 | 点名 | 露面,48.000803942939925,0.9999951586831853,9.689685563028984e-6,会见:1.000000 | 参观:1.000000 | 开会:1.000000 | 拜会:1.000000 | 拜访:1.000000 | 接待:1.000000 | 考察:1.000000 | 观摩:1.000000 | 讲学:1.000000 | 露面:1.000000 | 做客:1.000000 | 访问:1.000000,
84,66,0.44152061826319244,0.06057440533827585,0.13636363636363635,惊讶 | 惋惜 | 诧异 | 羞愧 | 气愤 | 吃惊 | 欣慰 | 惊诧 | 欣喜 | 惭愧 | 痛心 | 失望,悲哀 | 困惑 | 羡慕 | 悲痛 | 难过 | 怨气 | 伤心 | 委屈,遗憾 | 恍然大悟 | 万分 | 惊喜 | 好奇 | 后悔 | 喜出望外 | 感到 | 心酸 | 惊奇 | 吃惊 | 庆幸,惊讶 | 惋惜 | 诧异 | 羞愧 | 气愤 | 吃惊 | 欣慰 | 惊诧 | 欣喜 | 惭愧 | 痛心 | 失望 | 不解 | 疑惑 | 心疼 | 难过 | 悔恨 | 惊奇 | 伤心 | 感慨 | 悲哀 | 愤怒 | 激动 | 怜惜 | 自责 | 高兴 | 心酸 | 兴奋 | 遗憾 | 委屈 | 羡慕 | 震惊 | 无奈 | 后悔 | 不服气 | 困惑 | 悲痛 | 歉意 | 迷惑不解 | 庆幸 | 感叹 | 忧虑 | 无可奈何 | 恍然大悟 | 感到 | 灰心 | 得意 | 泄气 | 不已 | 感触 | 好奇 | 同感 | 恋恋不舍 | 气馁 | 不满 | 半信半疑 | 不以为然 | 喜出望外 | 担忧 | 惊喜 | 依依不舍 | 怨气 | 怨言 | 疑虑 | 深思 | 万分,66.01167014952964,0.9999789697325779,0.000033769030707797885,依依不舍:1.000000 | 惊奇:1.000000 | 感慨:1.000000 | 遗憾:1.000000 | 兴奋:1.000000 | 好奇:1.000000 | 担忧:1.000000 | 泄气:1.000000 | 后悔:1.000000 | 疑惑:1.000000 | 庆幸:1.000000 | 万分:1.000000,
85,69,0.30370090109624165,0.0542632546807151,0.18840579710144928,下降 | 上升 | 上涨 | 回升 | 下跌 | 回落 | 攀升 | 飙升 | 增长 | 贬值 | 增加 | 涨,徘徊 | 度 | 增产 | 衰减 | 利润 | 缺口 | 有所 | 涨价,回升 | 上升 | 提高 | 增 | 短期 | 波动 | 缺口 | 缩小 | 百分点 | 下降 | 升高 | 盈利,下降 | 上升 | 上涨 | 回升 | 下跌 | 回落 | 攀升 | 飙升 | 增长 | 贬值 | 增加 | 涨 | 升值 | 反弹 | 下调 | 跌 | 降低 | 减少 | 升高 | 上调 | 缩水 | 幅度 | 扩大 | 波动 | 增大 | 提高 | 大幅度 | 升 | 翻番 | 降 | 调整 | 缩小 | 增 | 盈利 | 衰减 | 汇率 | 亏损 | 减 | 利润 | 涨价 | 变动 | 增产 | 顺差 | 产量 | 指数 | 短期 | 逐年 | 美元 | 水涨船高 | 利率 | 业绩 | 房价 | 百分点 | 修正 | 失业率 | 英镑 | 扩 | 有所 | 兑现 | 缺口 | 流入 | 徘徊 | 股市 | 逼近 | 累积 | 中期 | 净 | 概率 | 度,69.24066218158619,0.9994672815053994,0.000630077131083085,徘徊:1.000000 | 跌:1.000000 | 减少:1.000000 | 贬值:1.000000 | 涨:1.000000 | 飙升:1.000000 | 亏损:1.000000 | 缩水:1.000000 | 翻番:1.000000 | 下跌:1.000000 | 增加:1.000000 | 增产:1.000000,人民币:0.216277 | 变化:0.020228 | 赤字:0.016754
86,40,0.343158186062012,0.038424707289778294,0.2,生硬 | 枯燥 | 庸俗 | 简单 | 似是而非 | 粗糙 | 单调 | 笼统 | 冗长 | 片面 | 深奥 | 拙劣,拙劣 | 复杂 | 夸张 | 微不足道 | 常理 | 枯燥 | 苛刻 | 乱七八糟,简单 | 枯燥 | 片面 | 错误 | 无足轻重 | 画蛇添足 | 颠倒 | 苛刻 | 堆砌 | 粗糙 | 拙劣 | 单纯,生硬 | 枯燥 | 庸俗 | 简单 | 似是而非 | 粗糙 | 单调 | 笼统 | 冗长 | 片面 | 深奥 | 拙劣 | 抽象 | 潦草 | 夸张 | 含糊 | 杂乱无章 | 模糊 | 堆砌 | 过于 | 过分 | 单纯 | 自相矛盾 | 无关紧要 | 画蛇添足 | 宽泛 | 一成不变 | 纯粹 | 复杂 | 雷同 | 无足轻重 | 过时 | 乱七八糟 | 错误 | 刻舟求剑 | 重复 | 常理 | 微不足道 | 苛刻 | 颠倒,40.00000491522556,0.9999999312629253,1.854982447931085e-7,冗长:1.000000 | 单调:1.000000 | 堆砌:1.000000 | 夸张:1.000000 | 宽泛:1.000000 | 拙劣:1.000000 | 枯燥:1.000000 | 深奥:1.000000 | 潦草:1.000000 | 生硬:1.000000 | 苛刻:1.000000 | 颠倒:1.000000,
87,118,0.4327836466788516,0.10526869989924585,0.025423728813559324,米饭 | 豆腐 | 饺子 | 饼 | 香肠 | 薯条 | 卤味 | 南瓜 | 薯片 | 果酱 | 红薯 | 菜,奶 | 汁 | 可乐 | 蜂蜜 | 碗 | 快餐 | 汤 | 醋,好吃 | 奶 | 酱 | 馒头 | 果酱 | 蛋糕 | 甜 | 盒饭 | 葱 | 馅儿 | 素食 | 酥,米饭 | 豆腐 | 饺子 | 饼 | 香肠 | 薯条 | 卤味 | 南瓜 | 薯片 | 果酱 | 红薯 | 菜 | 酱 | 包子 | 芝士 | 水果 | 豆浆 | 酸奶 | 馅儿 | 辣椒 | 西红柿 | 茄子 | 橙汁 | 海鲜 | 饼干 | 粥 | 烤肉 | 汤圆 | 面条儿 | 好吃 | 肉 | 馒头 | 黄瓜 | 酥 | 汁 | 面包 | 白菜 | 柿子 | 佐料 | 可口 | 点心 | 甜 | 土豆 | 蜂蜜 | 美味 | 火腿 | 小吃 | 巧克力 | 火锅 | 调料 | 香蕉 | 寿司 | 醋 | 烤鸭 | 饭 | 鲜美 | 萝卜 | 番茄 | 香油 | 红茶 | 麻辣 | 口感 | 奶茶 | 西瓜 | 蘑菇 | 蒜 | 椰子 | 虾 | 花生 | 月饼 | 核桃 | 咖啡 | 冰棍儿 | 碗 | 零食 | 鸡蛋 | 桂花 | 葱 | 辣 | 主食 | 粽子 | 风味 | 三明治 | 香 | 茶 | 口味 | 香味 | 莲子 | 绿茶 | 烧烤 | 西餐 | 蛋糕 | 美食 | 中餐 | 汤 | 可乐 | 味道 | 梨 | 枣 | 豆子 | 盒饭 | 瓜 | 热腾腾 | 烹调 | 素食 | 快餐 | 奶 | 喜糖 | 味儿 | 瓜子 | 特产 | 鲜 | 芝麻 | 橘子 | 菊花 | 料理 | 新鲜 | 桃,117.90766670309608,0.9983248250238503,0.0013500387350250834,口味:1.000000 | 味道:1.000000 | 风味:1.000000 | 可口:1.000000 | 味儿:1.000000 | 美味:1.000000 | 饺子:1.000000 | 特产:1.000000 | 鲜美:1.000000 | 汤圆:1.000000 | 蛋糕:1.000000 | 烹调:1.000000,百合:0.048401 | 果汁:0.021527 | 嫩:0.014041
88,38,0.3540000772158277,0.05251962789025894,0.18421052631578946,荡漾 | 流淌 | 弥漫 | 洋溢 | 绽放 | 闪烁 | 光芒 | 淌 | 照耀 | 笼罩 | 汹涌 | 芬芳,汗水 | 经久不息 | 淌 | 深处 | 朦胧 | 火辣辣 | 流露 | 显出,气息 | 沉甸甸 | 汹涌 | 荡漾 | 蕴藏 | 犹如 | 深处 | 扑面而来 | 芬芳 | 经久不息 | 盛开 | 流淌,荡漾 | 流淌 | 弥漫 | 洋溢 | 绽放 | 闪烁 | 光芒 | 淌 | 照耀 | 笼罩 | 汹涌 | 芬芳 | 暖烘烘 | 扑面而来 | 散发 | 波涛 | 耸立 | 布满 | 盛开 | 朦胧 | 沸腾 | 气息 | 飘 | 充满 | 流露 | 火辣辣 | 浮现 | 徐徐 | 隐约 | 深处 | 犹如 | 屹立 | 蕴藏 | 显出 | 经久不息 | 汗水 | 沉甸甸 | 点燃,38.004421521030565,0.9999978718931655,4.546390379684263e-6,屹立:1.000000 | 散发:1.000000 | 显出:1.000000 | 朦胧:1.000000 | 沉甸甸:1.000000 | 流淌:1.000000 | 流露:1.000000 | 点燃:1.000000 | 笼罩:1.000000 | 绽放:1.000000 | 耸立:1.000000 | 荡漾:1.000000,
89,70,0.28406280537061607,-0.006511492000242017,0.5142857142857142,设备 | 遥控 | 配件 | 智能 | 部件 | 仪器 | 硬件 | 机械 | 仪表 | 软件 | 装备 | 导航,摄像 | 电动 | 器械 | 原装 | 指南针 | 隐身 | 台 | 重型,改装 | 照明 | 金属 | 联网 | 装备 | 摄像 | 计算机 | 配件 | 制造 | 太阳能 | 新型 | 隐身,设备 | 遥控 | 配件 | 智能 | 部件 | 仪器 | 硬件 | 机械 | 仪表 | 软件 | 装备 | 导航 | 激光 | 电源 | 安装 | 通信 | 零件 | 无线 | 机器 | 计算机 | 器材 | 照明 | 芯片 | 家用 | 电器 | 装置 | 无线电 | 系统 | 传输 | 通讯 | 机器人 | 电池 | 太阳能 | 防盗 | 电动 | 多媒体 | 联网 | 充电 | 远程 | 家电 | 天线 | 自动 | 微型 | 多功能 | 改装 | 民用 | 节能 | 轻型 | 移动 | 重型 | 操控 | 摄像 | 非金属 | 制造 | 数码 | 新型 | 工具 | 金属 | 原装 | 引擎 | 器械 | 计时 | 虚拟 | 防火墙 | 手动 | 保修 | 指南针 | 公用 | 台 | 隐身,69.98462268858947,0.9985814409386139,0.001534711556691563,改装:1.000000 | 器材:1.000000 | 计时:1.000000 | 远程:1.000000 | 防盗:1.000000 | 指南针:1.000000 | 器械:1.000000 | 无线电:1.000000 | 重型:1.000000 | 工具:1.000000 | 安装:1.000000 | 配件:1.000000,中型:0.026683 | 小型:0.024191 | 人工智能:0.011215
90,61,0.4101835074029683,0.058461241031425554,0.13114754098360656,嘲笑 | 责备 | 讥笑 | 责怪 | 妒忌 | 嫉妒 | 轻蔑 | 埋怨 | 取笑 | 怨恨 | 耻笑 | 嫌弃,厌烦 | 畏惧 | 忍耐 | 迷惑 | 同情 | 得罪 | 夸耀 | 不屑,嘲弄 | 讽刺 | 耻笑 | 嫌弃 | 鄙视 | 好意 | 打扰 | 抱怨 | 宠爱 | 嫉妒 | 不屑 | 埋怨,嘲笑 | 责备 | 讥笑 | 责怪 | 妒忌 | 嫉妒 | 轻蔑 | 埋怨 | 取笑 | 怨恨 | 耻笑 | 嫌弃 | 鄙视 | 厌烦 | 瞧不起 | 挖苦 | 嘲弄 | 看不起 | 反感 | 不屑 | 讨厌 | 理睬 | 讽刺 | 欺负 | 恭维 | 恨 | 刁难 | 原谅 | 同情 | 畏惧 | 体谅 | 冒犯 | 讨好 | 抱怨 | 好意 | 怨 | 容忍 | 挑剔 | 怠慢 | 批评 | 误会 | 冷淡 | 宽恕 | 迁就 | 得罪 | 理会 | 误解 | 冷落 | 饶恕 | 调侃 | 崇拜 | 附和 | 忍受 | 夸耀 | 打扰 | 宠爱 | 迷惑 | 忍耐 | 打搅 | 敬而远之 | 称呼,60.99461123346669,0.9999089418294667,0.0001099023359734894,冷落:1.000000 | 打扰:1.000000 | 挑剔:1.000000 | 瞧不起:1.000000 | 称呼:1.000000 | 妒忌:1.000000 | 讥笑:1.000000 | 理睬:1.000000 | 轻蔑:1.000000 | 看不起:1.000000 | 误会:1.000000 | 宽恕:1.000000,
91,92,0.24394380018311979,-0.018803143092963385,0.6739130434782609,除此之外 | 此外 | 由此可见 | 相比之下 | 由此看来 | 与此同时 | 目前 | 此前 | 另外 | 相对而言 | 如今 | 除了,背后 | 认为 | 预示 | 原本 | 另 | 使得 | 大体上 | 中,在于 | 指 | 外 | 这样一来 | 使得 | 近年来 | 综上所述 | 基本 | 据悉 | 从此 | 恰恰相反 | 大部分,除此之外 | 此外 | 由此可见 | 相比之下 | 由此看来 | 与此同时 | 目前 | 此前 | 另外 | 相对而言 | 如今 | 除了 | 相反 | 可见 | 众所周知 | 据悉 | 对于 | 此后 | 鉴于 | 至此 | 之外 | 眼下 | 其中 | 纵观 | 相比 | 由于 | 比起 | 以外 | 迄今为止 | 恰恰相反 | 这样一来 | 其余 | 除 | 正是 | 使得 | 近年来 | 综上所述 | 以往 | 正如 | 起初 | 加上 | 表明 | 迄今 | 最初 | 意味着 | 大多数 | 原先 | 前者 | 绝大多数 | 长期以来 | 大部分 | 原本 | 当中 | 作为 | 当前 | 据 | 主要 | 多数 | 包括 | 认为 | 剩下 | 先前 | 在于 | 便是 | 以及 | 后者 | 初期 | 只有 | 外 | 从前 | 取而代之 | 其他 | 从此 | 大体上 | 至今 | 唯一 | 取决于 | 和 | 看作 | 远远 | 莫过于 | 视为 | 预示 | 另 | 及 | 整个 | 所有 | 基本 | 即 | 背后 | 中 | 指,91.56274726252755,0.9912808407591939,0.004080471795706359,剩下:1.000000 | 纵观:1.000000 | 眼下:1.000000 | 原先:1.000000 | 相反:1.000000 | 可见:1.000000 | 绝大多数:1.000000 | 除:1.000000 | 如今:1.000000 | 当中:1.000000 | 之外:1.000000 | 大多数:1.000000,截至:0.121062 | 还有:0.083197 | 事实上:0.026095 | 多年:0.019612 | 然而:0.019305 | 该:0.016167 | 总的来说:0.015373
92,46,0.34945553230707616,0.04763929581973045,0.21739130434782608,整天 | 从早到晚 | 经常 | 夜里 | 成天 | 一天到晚 | 半夜 | 常常 | 彻夜 | 日复一日 | 日夜 | 通宵,聚精会神 | 熬夜 | 白天 | 夜里 | 半夜 | 一连 | 来回 | 没完没了,一连 | 日夜 | 常 | 翻来覆去 | 经常 | 每当 | 往常 | 断断续续 | 照常 | 深夜 | 照例 | 平时,整天 | 从早到晚 | 经常 | 夜里 | 成天 | 一天到晚 | 半夜 | 常常 | 彻夜 | 日复一日 | 日夜 | 通宵 | 白天 | 时常 | 深夜 | 夜以继日 | 一年到头 | 昼夜 | 不停 | 翻来覆去 | 熬夜 | 平时 | 开夜车 | 加班 | 照常 | 废寝忘食 | 夜班 | 常年 | 轮流 | 平日 | 平常 | 没完没了 | 往常 | 照例 | 时时 | 来回 | 断断续续 | 常 | 值班 | 定时 | 一连 | 反复 | 挨家挨户 | 间断 | 聚精会神 | 每当,45.999882377702406,0.9997718943090209,0.00026681851611571776,从早到晚:1.000000 | 值班:1.000000 | 反复:1.000000 | 夜班:1.000000 | 常年:1.000000 | 平日:1.000000 | 彻夜:1.000000 | 断断续续:1.000000 | 日夜:1.000000 | 昼夜:1.000000 | 照例:1.000000 | 间断:1.000000,
93,44,0.30474425710181025,0.016672419882683538,0.4090909090909091,议会 | 国会 | 内阁 | 决议 | 大选 | 演说 | 选举 | 总统 | 裁决 | 竞选 | 辩论 | 表决,法庭 | 裁决 | 命令 | 口头 | 审判 | 答复 | 让步 | 发言人,辩护 | 条约 | 公开信 | 声明 | 总理 | 宣言 | 撤换 | 答复 | 示威 | 总统 | 表决 | 投票,议会 | 国会 | 内阁 | 决议 | 大选 | 演说 | 选举 | 总统 | 裁决 | 竞选 | 辩论 | 表决 | 下台 | 会议 | 首相 | 首脑 | 宣言 | 纲领 | 否决 | 辞呈 | 议程 | 条约 | 投票 | 公开信 | 总理 | 协定 | 示威 | 法庭 | 联合国 | 辩护 | 声明 | 答复 | 撤换 | 社论 | 联邦 | 审判 | 罢工 | 上台 | 让步 | 发言人 | 命令 | 公开 | 口头 | 代理人,43.9811488301521,0.9991248407100602,0.0008300748522959845,下台:1.000000 | 口头:1.000000 | 上台:1.000000 | 宣言:1.000000 | 辩论:1.000000 | 大选:1.000000 | 罢工:1.000000 | 命令:1.000000 | 辩护:1.000000 | 社论:1.000000 | 答复:1.000000 | 撤换:1.000000,
94,110,0.26723355783136127,0.014926492094342717,0.44545454545454544,月初 | 下旬 | 月底 | 中旬 | 上旬 | 月份 | 年初 | 前天 | 上个月 | 昨天 | 前夕 | 今年,淡季 | 旺季 | 刚 | 年终 | 周期 | 分钟 | 下午 | 整整,提早 | 明年 | 后天 | 工作日 | 年初 | 来年 | 昨天 | 上周 | 当晚 | 月底 | 轮 | 月初,月初 | 下旬 | 月底 | 中旬 | 上旬 | 月份 | 年初 | 前天 | 上个月 | 昨天 | 前夕 | 今年 | 下个月 | 年底 | 当天 | 下午 | 去年 | 上午 | 年前 | 近期 | 前不久 | 上周 | 之前 | 星期 | 日 | 前年 | 月 | 今天 | 当晚 | 明天 | 日前 | 明年 | 当日 | 凌晨 | 次日 | 晚 | 刚刚 | 周 | 期间 | 晚间 | 近日 | 过后 | 今日 | 不久 | 明日 | 最近 | 天 | 之后 | 以来 | 季度 | 以后 | 接下来 | 年 | 日后 | 前期 | 前 | 后 | 后年 | 来年 | 全年 | 上次 | 前后 | 届时 | 临近 | 刚 | 后期 | 往年 | 初 | 工作日 | 当年 | 旺季 | 同年 | 高峰期 | 提前 | 期中 | 预计 | 此次 | 期 | 时隔 | 早 | 自从 | 小时 | 今后 | 年终 | 连续 | 季 | 提早 | 后天 | 为期 | 时段 | 将来 | 年度 | 尾声 | 淡季 | 分钟 | 时 | 继 | 整整 | 次 | 时间 | 历时 | 末 | 高峰 | 半 | 周期 | 第二 | 长达 | 轮 | 自 | 十,110.35310199035628,0.9992130531022125,0.0008186677573316291,月初:1.000000 | 高峰期:1.000000 | 前年:1.000000 | 明年:1.000000 | 高峰:1.000000 | 中旬:1.000000 | 上旬:1.000000 | 来年:1.000000 | 当晚:1.000000 | 次日:1.000000 | 下旬:1.000000 | 当天:1.000000,据:0.170096 | 未来:0.085049 | 五:0.043772 | 北京:0.036113 | 该:0.022381 | 本期:0.017001 | 三:0.010665
95,33,0.3753590675883682,0.0950822880180692,0.09090909090909091,存折 | 支票 | 银行卡 | 汇款 | 身份证 | 收据 | 挂失 | 账单 | 发票 | 信用卡 | 借条 | 欠条,电话 | 钥匙 | 便条 | 笔 | 短信 | 余额 | 存款 | 钱包,凭证 | 账户 | 银行卡 | 号码 | 钱包 | 便条 | 笔 | 钞票 | 账单 | 活期 | 支票 | 钥匙,存折 | 支票 | 银行卡 | 汇款 | 身份证 | 收据 | 挂失 | 账单 | 发票 | 信用卡 | 借条 | 欠条 | 凭证 | 证件 | 账户 | 护照 | 钱包 | 钞票 | 磁卡 | 密码 | 便条 | 零钱 | 短信 | 外币 | 号码 | 存款 | 活期 | 电话 | 账 | 钥匙 | 余额 | 住址 | 笔,33.03836673862311,0.9999994724342391,1.3034838921957198e-6,住址:1.000000 | 借条:1.000000 | 欠条:1.000000 | 钥匙:1.000000 | 证件:1.000000 | 账单:1.000000 | 收据:1.000000 | 身份证:1.000000 | 笔:1.000000 | 钱包:1.000000 | 发票:1.000000 | 密码:1.000000,账号:0.018620 | 现金:0.017336
96,60,0.3747969962062029,0.06356717480974719,0.26666666666666666,影片 | 电视剧 | 电影 | 纪录片 | 剧 | 剧本 | 短片 | 节目 | 动画片 | 播出 | 导演 | 喜剧,排练 | 剧团 | 创作 | 专辑 | 唱片 | 主题歌 | 演出 | 对白,电影 | 动画片 | 导演 | 剧组 | 排练 | 剧本 | 戏 | 纪录片 | 改编 | 转播 | 小说 | 作品,影片 | 电视剧 | 电影 | 纪录片 | 剧 | 剧本 | 短片 | 节目 | 动画片 | 播出 | 导演 | 喜剧 | 片子 | 演出 | 动画 | 连续剧 | 剧情 | 编剧 | 剧目 | 播放 | 配音 | 放映 | 戏 | 字幕 | 录制 | 拍摄 | 作品 | 上映 | 小说 | 主题歌 | 漫画 | 重播 | 片段 | 画面 | 创作 | 电视台 | 改编 | 录音 | 排练 | 剧组 | 演 | 故事 | 专辑 | 对白 | 转播 | 唱片 | 录像 | 收视率 | 情节 | 剧团 | 镜头 | 播 | 银幕 | 编排 | 广播 | 解说 | 影像 | 电台 | 纪实 | 幕,60.042568141939974,0.9999861934043454,0.000025971600054909474,剧情:1.000000 | 拍摄:1.000000 | 排练:1.000000 | 片子:1.000000 | 播放:1.000000 | 片段:1.000000 | 画面:1.000000 | 剧本:1.000000 | 剧组:1.000000 | 录制:1.000000 | 纪实:1.000000 | 播:1.000000,卫视:0.034687
97,65,0.28075491950509684,0.013629785688654701,0.38461538461538464,再度 | 仍 | 再次 | 已 | 仍然 | 接连 | 相继 | 一度 | 已经 | 依然 | 屡次 | 仍旧,另一方面 | 一方面 | 随后 | 逐步 | 接二连三 | 集体 | 持续 | 乃至,其后 | 即将 | 得以 | 皆 | 一方面 | 继而 | 持续 | 随后 | 屡次 | 陆续 | 屡 | 亦,再度 | 仍 | 再次 | 已 | 仍然 | 接连 | 相继 | 一度 | 已经 | 依然 | 屡次 | 仍旧 | 逐渐 | 早已 | 依旧 | 势必 | 亦 | 必将 | 虽 | 逐步 | 一直 | 频频 | 先后 | 陆续 | 曾 | 有望 | 将 | 迟迟 | 屡 | 从未 | 进而 | 曾经 | 则 | 尚未 | 更是 | 继而 | 多次 | 并 | 不断 | 持续 | 能否 | 正在 | 将要 | 随后 | 皆 | 一举 | 首次 | 即将 | 一方面 | 从而 | 接二连三 | 由此 | 得以 | 正 | 最终 | 其后 | 直至 | 近来 | 同时 | 另一方面 | 尚 | 一路 | 乃至 | 所 | 集体,65.03373262867592,0.9995469382643198,0.0005420230979812531,屡:1.000000 | 曾:1.000000 | 不断:1.000000 | 一举:1.000000 | 多次:1.000000 | 接连:1.000000 | 接二连三:1.000000 | 一度:1.000000 | 依旧:1.000000 | 仍:1.000000 | 仍旧:1.000000 | 频频:1.000000,未:0.016355 | 据:0.014690
98,35,0.339793328906106,0.025238335194858227,0.3142857142857143,细心 | 细致 | 认真 | 周密 | 慎重 | 严谨 | 冷静 | 仔细 | 耐心 | 谨慎 | 用心 | 踏实,务实 | 严肃 | 面面俱到 | 分寸 | 清醒 | 到位 | 虚心 | 端正,慎重 | 虚心 | 踏实 | 循序渐进 | 细致 | 仔细 | 谨慎 | 耐心 | 周密 | 透彻 | 万无一失 | 务实,细心 | 细致 | 认真 | 周密 | 慎重 | 严谨 | 冷静 | 仔细 | 耐心 | 谨慎 | 用心 | 踏实 | 稳妥 | 透彻 | 严肃 | 实事求是 | 妥善 | 虚心 | 严密 | 周到 | 精打细算 | 留心 | 精心 | 分寸 | 务实 | 有的放矢 | 面面俱到 | 端正 | 清醒 | 注意 | 循序渐进 | 万无一失 | 超前 | 举一反三 | 到位,35.000014022646575,0.9999999996012702,1.5421421550531722e-9,严密:1.000000 | 严谨:1.000000 | 仔细:1.000000 | 周到:1.000000 | 周密:1.000000 | 精心:1.000000 | 细心:1.000000 | 超前:1.000000 | 慎重:1.000000 | 留心:1.000000 | 端正:1.000000 | 细致:1.000000,
99,39,0.2731624637080144,0.0013814103021623334,0.5641025641025641,耗费 | 消耗 | 节省 | 花费 | 筹集 | 筹措 | 人力 | 储备 | 节约 | 动用 | 运送 | 浪费,急需 | 运转 | 积蓄 | 运送 | 收集 | 耗时 | 精简 | 压缩,消耗 | 运送 | 集结 | 筹措 | 投入 | 收集 | 携带 | 储存 | 花费 | 急需 | 积蓄 | 补给,耗费 | 消耗 | 节省 | 花费 | 筹集 | 筹措 | 人力 | 储备 | 节约 | 动用 | 运送 | 浪费 | 投入 | 输送 | 储存 | 占用 | 积累 | 劳动力 | 收集 | 补给 | 吸纳 | 分散 | 积蓄 | 集结 | 接收 | 压缩 | 人手 | 转移 | 流动 | 携带 | 集中 | 急需 | 耗时 | 运转 | 精简 | 担负 | 轮换 | 后备 | 应付,39.000021604089866,0.9999995889563084,1.0414449618459613e-6,携带:1.000000 | 消耗:1.000000 | 积蓄:1.000000 | 补给:1.000000 | 运送:1.000000 | 动用:1.000000 | 应付:1.000000 | 耗费:1.000000 | 急需:1.000000 | 积累:1.000000 | 耗时:1.000000 | 花费:1.000000,
100,147,0.3361529933568791,0.02662219651039378,0.272108843537415,也许 | 就算 | 只不过 | 毕竟 | 但是 | 当然 | 何况 | 即使 | 哪怕 | 即便 | 而且 | 如果,会 | 不至于 | 那么 | 却 | 不免 | 只能 | 都会 | 反倒,当然 | 首先 | 无论如何 | 所谓 | 一旦 | 而 | 一般来说 | 恐怕 | 迟早 | 纵然 | 尤其 | 如果说,也许 | 就算 | 只不过 | 毕竟 | 但是 | 当然 | 何况 | 即使 | 哪怕 | 即便 | 而且 | 如果 | 纵然 | 或许 | 其实 | 所以 | 但 | 恐怕 | 虽说 | 反倒 | 虽然 | 况且 | 也 | 实际上 | 既然 | 固然 | 往往 | 终究 | 因为 | 不过 | 倘若 | 尤其 | 反而 | 要么 | 不光 | 多半 | 显然 | 假如 | 不如说 | 只是 | 而是 | 必定 | 如果说 | 只要 | 然而 | 除非 | 起码 | 无非 | 都 | 不管 | 顶多 | 说白了 | 未必 | 有时候 | 不一定 | 恰恰 | 总之 | 甚至 | 就是说 | 却 | 假使 | 或是 | 而 | 甚至于 | 不仅 | 不但 | 因而 | 不见得 | 说到底 | 比如说 | 唯独 | 还是 | 譬如 | 并且 | 必然 | 譬如说 | 不仅仅 | 那么 | 有时 | 因此 | 否则 | 总而言之 | 仅仅 | 比如 | 尽管 | 通常 | 至于 | 应该 | 事实上 | 可能 | 为什么 | 基本上 | 大多 | 同样 | 或者 | 也就是说 | 好比 | 无论如何 | 至少 | 就是 | 无疑 | 一旦 | 总是 | 一般来说 | 未免 | 若 | 以至于 | 换言之 | 之所以 | 且 | 难免 | 只能 | 总的来说 | 无论 | 并非 | 大都 | 很难说 | 到头来 | 看似 | 本身 | 其次 | 归根到底 | 有的 | 迟早 | 以致 | 几乎 | 注定 | 不论 | 不免 | 例如 | 不至于 | 首先 | 或多或少 | 一般 | 故 | 这就是说 | 都会 | 凡是 | 是否 | 是 | 为何 | 比方 | 一定 | 会 | 所谓 | 如 | 或,147.3079528282986,0.9981528434184055,0.0018902024750433821,若:1.000000 | 一般来说:1.000000 | 倘若:1.000000 | 说白了:1.000000 | 假使:1.000000 | 故:1.000000 | 譬如说:1.000000 | 通常:1.000000 | 往往:1.000000 | 除非:1.000000 | 以致:1.000000 | 一般:1.000000,既:0.071661 | 这:0.069087 | 可是:0.036202 | 反正:0.034727 | 算是:0.031939 | 可不是:0.030196 | 综上所述:0.021837 | 免不了:0.019680
101,56,0.27646296681635324,-0.015367128880969352,0.6607142857142857,少见 | 不同寻常 | 分外 | 格外 | 难得一见 | 引人注目 | 罕见 | 尤为 | 难以置信 | 如此 | 难以想象 | 相当,阔绰 | 千变万化 | 变幻莫测 | 分明 | 难以置信 | 记忆犹新 | 一无所知 | 一应俱全,颇 | 不容 | 意想不到 | 一无所知 | 难以想象 | 毫无 | 十足 | 千变万化 | 难以置信 | 鹤立鸡群 | 史无前例 | 美中不足,少见 | 不同寻常 | 分外 | 格外 | 难得一见 | 引人注目 | 罕见 | 尤为 | 难以置信 | 如此 | 难以想象 | 相当 | 惊人 | 十分 | 截然不同 | 出人意料 | 难得 | 司空见惯 | 颇 | 十足 | 格格不入 | 不相上下 | 显而易见 | 比比皆是 | 一模一样 | 记忆犹新 | 少有 | 可谓 | 密不可分 | 逊色 | 显得 | 抢眼 | 寻常 | 可想而知 | 意想不到 | 毫无 | 史无前例 | 变幻莫测 | 例外 | 层出不穷 | 似曾相识 | 鹤立鸡群 | 不容 | 千变万化 | 寥寥无几 | 反差 | 相提并论 | 美中不足 | 一无所知 | 少不了 | 阔绰 | 翻天覆地 | 应有尽有 | 一帆风顺 | 分明 | 一应俱全,55.908111891501605,0.9979233525912855,0.0016230674059975647,一应俱全:1.000000 | 应有尽有:1.000000 | 惊人:1.000000 | 逊色:1.000000 | 罕见:1.000000 | 分明:1.000000 | 难得一见:1.000000 | 阔绰:1.000000 | 格外:1.000000 | 一模一样:1.000000 | 格格不入:1.000000 | 难得:1.000000,
102,30,0.3643210881222119,0.09202418646496634,0.0,思索 | 思考 | 探求 | 寻找 | 琢磨 | 寻觅 | 探索 | 探讨 | 审视 | 揣摩 | 摸索 | 挖掘,发掘 | 钻研 | 选择 | 捕捉 | 盘算 | 梳理 | 搜寻 | 观察,揣摩 | 考虑 | 发掘 | 审视 | 寻觅 | 找出 | 摸索 | 搜寻 | 研究 | 钻研 | 反思 | 寻求,思索 | 思考 | 探求 | 寻找 | 琢磨 | 寻觅 | 探索 | 探讨 | 审视 | 揣摩 | 摸索 | 挖掘 | 寻求 | 反思 | 钻研 | 研究 | 权衡 | 搜集 | 找出 | 搜寻 | 观察 | 发掘 | 考虑 | 盘算 | 尝试 | 梳理 | 捕捉 | 酝酿 | 挑选 | 选择,30.002229318325515,0.9999999999368304,2.612075674606873e-10,发掘:1.000000 | 寻找:1.000000 | 寻觅:1.000000 | 尝试:1.000000 | 思索:1.000000 | 挑选:1.000000 | 挖掘:1.000000 | 捕捉:1.000000 | 探求:1.000000 | 搜寻:1.000000 | 摸索:1.000000 | 琢磨:1.000000,
103,39,0.2856343943409631,-0.00738031823611367,0.5641025641025641,走过 | 忘掉 | 经历 | 回想 | 目睹 | 忘记 | 回首 | 忘不了 | 度过 | 告别 | 记住 | 重现,回到 | 目睹 | 落下 | 不为人知 | 念念不忘 | 了却 | 谈起 | 再见,经受 | 过往 | 回顾 | 渡过 | 错过 | 过去 | 重现 | 念念不忘 | 告别 | 度过 | 见证 | 面对,走过 | 忘掉 | 经历 | 回想 | 目睹 | 忘记 | 回首 | 忘不了 | 度过 | 告别 | 记住 | 重现 | 错过 | 过去 | 遗忘 | 历经 | 回顾 | 昔日 | 经受 | 渡过 | 谈起 | 了却 | 再见 | 见证 | 往日 | 回到 | 耳闻目睹 | 念念不忘 | 过往 | 经过 | 面对 | 远离 | 洗礼 | 留下 | 久违 | 迎来 | 历史 | 不为人知 | 落下,38.999402211822485,0.9999794604221341,0.00003567767957751601,再见:1.000000 | 告别:1.000000 | 度过:1.000000 | 洗礼:1.000000 | 目睹:1.000000 | 耳闻目睹:1.000000 | 渡过:1.000000 | 面对:1.000000 | 久违:1.000000 | 见证:1.000000 | 忘记:1.000000 | 错过:1.000000,
104,26,0.40897495581928667,0.05200373978665497,0.2692307692307692,结婚 | 恋爱 | 订婚 | 情侣 | 情人 | 求婚 | 爱情 | 约会 | 婚姻 | 离婚 | 分手 | 夫妻,新娘 | 新郎 | 失恋 | 相约 | 门当户对 | 母女 | 结婚 | 父女,情侣 | 绯闻 | 新娘 | 分手 | 父女 | 情人 | 约会 | 夫妻 | 异性 | 门当户对 | 相约 | 母女,结婚 | 恋爱 | 订婚 | 情侣 | 情人 | 求婚 | 爱情 | 约会 | 婚姻 | 离婚 | 分手 | 夫妻 | 婚礼 | 伴侣 | 新娘 | 新郎 | 表白 | 母女 | 父女 | 异性 | 失恋 | 蜜月 | 门当户对 | 绯闻 | 相约 | 心爱,26.000360451896164,0.999999997728356,7.78332798672e-9,分手:1.000000 | 婚姻:1.000000 | 婚礼:1.000000 | 异性:1.000000 | 心爱:1.000000 | 恋爱:1.000000 | 求婚:1.000000 | 相约:1.000000 | 离婚:1.000000 | 约会:1.000000 | 结婚:1.000000 | 绯闻:1.000000,
105,4,0.5483222151149245,0.24122765274209773,0.0,娶 | 嫁 | 女婿 | 拜见,女婿 | 拜见 | 嫁 | 娶,嫁 | 娶 | 女婿 | 拜见,娶 | 嫁 | 女婿 | 拜见,4.000000508700719,0.9999999999999787,1.2586182961323863e-13,娶:1.000000 | 嫁:1.000000 | 拜见:1.000000 | 女婿:1.000000 | 岳父:0.000001 | 夫人:0.000000 | 孙女:0.000000 | 媳妇:0.000000 | 儿子:0.000000 | 孙子:0.000000 | 太太:0.000000 | 女儿:0.000000,
106,36,0.3651403409831382,0.0747463174344856,0.16666666666666666,前往 | 赶赴 | 赶往 | 来到 | 奔赴 | 专程 | 赶到 | 起程 | 赴 | 动身 | 抵达 | 亲自,有幸 | 亲眼 | 特意 | 初次 | 亲身 | 实地 | 一行 | 特地,亲自 | 带领 | 率领 | 动身 | 连夜 | 赶往 | 专程 | 一行 | 亲眼 | 赴 | 独自 | 返回,前往 | 赶赴 | 赶往 | 来到 | 奔赴 | 专程 | 赶到 | 起程 | 赴 | 动身 | 抵达 | 亲自 | 飞往 | 前来 | 带队 | 陪同 | 踏上 | 离开 | 返回 | 直奔 | 连夜 | 率领 | 独自 | 亲眼 | 特地 | 一同 | 亲身 | 特意 | 实地 | 带领 | 亲手 | 一行 | 送到 | 有幸 | 归来 | 初次,36.00125971226288,0.9999999984690073,5.302828976985175e-9,专程:1.000000 | 亲手:1.000000 | 亲眼:1.000000 | 亲自:1.000000 | 亲身:1.000000 | 前来:1.000000 | 动身:1.000000 | 奔赴:1.000000 | 带队:1.000000 | 带领:1.000000 | 有幸:1.000000 | 特地:1.000000,
107,54,0.36010692698510705,0.04500948940927534,0.18518518518518517,恳求 | 嘱咐 | 劝 | 劝告 | 吩咐 | 叮嘱 | 劝说 | 转告 | 哀求 | 催促 | 劝阻 | 告诫,请坐 | 认错 | 反问 | 对方 | 回信 | 有事 | 答应 | 推辞,劝说 | 告诫 | 指点 | 说情 | 事后 | 质问 | 拜托 | 有事 | 告知 | 反问 | 回信 | 交代,恳求 | 嘱咐 | 劝 | 劝告 | 吩咐 | 叮嘱 | 劝说 | 转告 | 哀求 | 催促 | 劝阻 | 告诫 | 答应 | 告辞 | 招呼 | 安慰 | 示意 | 质问 | 拜托 | 说服 | 推辞 | 再三 | 告诉 | 打电话 | 告知 | 帮忙 | 请求 | 反问 | 说情 | 请教 | 赐教 | 转达 | 提醒 | 指点 | 乞求 | 道歉 | 商量 | 照办 | 认错 | 交代 | 当面 | 请坐 | 听从 | 回信 | 请 | 指教 | 安抚 | 替 | 有事 | 给 | 无可奉告 | 事后 | 上级 | 对方,53.99092192778571,0.9998298782283989,0.00019423553412036194,乞求:1.000000 | 催促:1.000000 | 劝告:1.000000 | 劝说:1.000000 | 叮嘱:1.000000 | 吩咐:1.000000 | 嘱咐:1.000000 | 恳求:1.000000 | 指教:1.000000 | 指点:1.000000 | 请教:1.000000 | 赐教:1.000000,
108,82,0.24574984393177746,-0.005102096711150393,0.573170731707317,采用 | 包含 | 拥有 | 获得 | 借助 | 具备 | 引入 | 基于 | 具有 | 涵盖 | 凭借 | 依靠,产生 | 吸引 | 激活 | 代表 | 赢得 | 确立 | 开启 | 简称,取得 | 称作 | 以 | 简称 | 包含 | 占有 | 实现 | 涉及 | 在内 | 通过 | 面向 | 超越,采用 | 包含 | 拥有 | 获得 | 借助 | 具备 | 引入 | 基于 | 具有 | 涵盖 | 凭借 | 依靠 | 运用 | 用于 | 通过 | 提供 | 涉及 | 占据 | 赋予 | 来源于 | 纳入 | 取得 | 成为 | 享有 | 得益于 | 选用 | 构成 | 获取 | 属于 | 利用 | 分为 | 赢得 | 承载 | 实现 | 满足 | 列入 | 使用 | 确立 | 掌握 | 限于 | 配备 | 源于 | 汇集 | 覆盖 | 产生 | 给予 | 占有 | 承担 | 针对 | 得到 | 称为 | 容纳 | 获 | 面向 | 列为 | 离不开 | 组成 | 从事 | 吸引 | 借用 | 以 | 由 | 透过 | 称作 | 开启 | 填补 | 来自 | 在内 | 变为 | 激活 | 衍生 | 换成 | 加入 | 超越 | 锁定 | 代表 | 原有 | 属 | 集合 | 简称 | 间接 | 参见,81.99354505837303,0.999017500583315,0.0009199340382467868,容纳:1.000000 | 选用:1.000000 | 赋予:1.000000 | 获得:1.000000 | 享有:1.000000 | 吸引:1.000000 | 赢得:1.000000 | 拥有:1.000000 | 组成:1.000000 | 借用:1.000000 | 获取:1.000000 | 包含:1.000000,为:0.028949 | 叫作:0.010020
109,39,0.36686202417939373,0.07418679466614589,0.10256410256410256,水灾 | 灾害 | 灾难 | 遇难 | 伤亡 | 丧生 | 火灾 | 车祸 | 旱灾 | 受伤 | 事故 | 倒塌,遇 | 千钧一发 | 危急 | 意外 | 遇险 | 遭遇 | 不幸 | 倒塌,惨重 | 突发 | 遭遇 | 骚乱 | 重伤 | 损失 | 水灾 | 危急 | 千钧一发 | 灾害 | 无家可归 | 遇,水灾 | 灾害 | 灾难 | 遇难 | 伤亡 | 丧生 | 火灾 | 车祸 | 旱灾 | 受伤 | 事故 | 倒塌 | 重伤 | 死亡 | 失踪 | 遇险 | 洪水 | 遭受 | 惨重 | 地震 | 不幸 | 空难 | 海啸 | 浩劫 | 瘟疫 | 突发 | 损失 | 重创 | 骚乱 | 特大 | 停电 | 受害 | 无家可归 | 发生 | 遭遇 | 危急 | 意外 | 千钧一发 | 遇,38.99998358624256,0.999999453901174,1.2258571009371242e-6,丧生:1.000000 | 伤亡:1.000000 | 停电:1.000000 | 危急:1.000000 | 受害:1.000000 | 损失:1.000000 | 旱灾:1.000000 | 水灾:1.000000 | 火灾:1.000000 | 特大:1.000000 | 空难:1.000000 | 突发:1.000000,
110,51,0.39341462965919577,0.08320494477576462,0.0784313725490196,急诊 | 病人 | 治疗 | 住院 | 门诊 | 患者 | 就诊 | 医院 | 手术 | 医生 | 儿科 | 病房,艾滋病 | 成人 | 伤残 | 病房 | 老年 | 生育 | 监护 | 休养,诊所 | 监护 | 生育 | 体检 | 艾滋病 | 输液 | 床位 | 医院 | 输血 | 伤残 | 老年 | 儿科,急诊 | 病人 | 治疗 | 住院 | 门诊 | 患者 | 就诊 | 医院 | 手术 | 医生 | 儿科 | 病房 | 出院 | 打针 | 外科 | 内科 | 确诊 | 护士 | 看病 | 手术室 | 康复 | 输液 | 诊断 | 临床 | 求医 | 西医 | 会诊 | 治病 | 病床 | 诊所 | 护理 | 精神病 | 就医 | 麻醉 | 床位 | 体检 | 孕妇 | 监护 | 艾滋病 | 献血 | 职业病 | 输血 | 婴儿 | 休养 | 疫苗 | 残疾 | 生育 | 老年 | 伤残 | 矫正 | 成人,51.0177574133118,0.9999681335810894,0.00004920168546970766,会诊:1.000000 | 住院:1.000000 | 儿科:1.000000 | 出院:1.000000 | 医院:1.000000 | 就诊:1.000000 | 急诊:1.000000 | 患者:1.000000 | 手术室:1.000000 | 求医:1.000000 | 治病:1.000000 | 病人:1.000000,注射:0.018391
111,32,0.357653978093324,0.05698772668776874,0.09375,逃走 | 逃跑 | 营救 | 解救 | 救 | 脱身 | 呼救 | 求救 | 逃 | 逃生 | 逃亡 | 躲藏,摆平 | 幸存 | 报仇 | 带路 | 求助 | 撤离 | 得手 | 营救,逃生 | 报仇 | 化险为夷 | 躲避 | 避难 | 解救 | 解围 | 逃跑 | 躲藏 | 幸存 | 人质 | 下落,逃走 | 逃跑 | 营救 | 解救 | 救 | 脱身 | 呼救 | 求救 | 逃 | 逃生 | 逃亡 | 躲藏 | 报仇 | 躲避 | 避难 | 人质 | 解围 | 拯救 | 开枪 | 求助 | 撤离 | 藏身 | 自杀 | 救命 | 挽救 | 幸存 | 埋伏 | 化险为夷 | 得手 | 下落 | 摆平 | 带路,32.000269924174226,0.9999999642607273,1.0446348236660453e-7,下落:1.000000 | 化险为夷:1.000000 | 呼救:1.000000 | 埋伏:1.000000 | 拯救:1.000000 | 摆平:1.000000 | 撤离:1.000000 | 救:1.000000 | 救命:1.000000 | 求救:1.000000 | 脱身:1.000000 | 自杀:1.000000,
112,71,0.35889903192544254,0.08955083557624204,0.16901408450704225,蛇 | 猫 | 狗 | 狮子 | 青蛙 | 猴 | 鹅 | 狼 | 鸟 | 鸭子 | 公鸡 | 鸽子,子 | 娃娃 | 疯子 | 王 | 俊 | 菩萨 | 和尚 | 嫦娥,鸟 | 鹰 | 母鸡 | 神 | 猴 | 群 | 贼 | 动物园 | 鼠 | 鳄鱼 | 酒鬼 | 青蛙,蛇 | 猫 | 狗 | 狮子 | 青蛙 | 猴 | 鹅 | 狼 | 鸟 | 鸭子 | 公鸡 | 鸽子 | 猩猩 | 兔 | 虫子 | 鸡 | 鳄鱼 | 羊 | 母鸡 | 妖怪 | 鹿 | 龟 | 鼠 | 野兽 | 鬼 | 鱼 | 动物 | 天鹅 | 蚊子 | 大象 | 仙鹤 | 燕子 | 豹 | 鲨鱼 | 猪 | 蜜蜂 | 怪物 | 虎 | 苍蝇 | 鹰 | 大雁 | 猎犬 | 猎人 | 宠物 | 恐龙 | 仙女 | 昆虫 | 蛋 | 熊 | 神仙 | 驯 | 大熊猫 | 牛 | 巫婆 | 贼 | 动物园 | 娃娃 | 疯子 | 野 | 马 | 外星人 | 神 | 龙 | 和尚 | 酒鬼 | 嫦娥 | 群 | 菩萨 | 王 | 子 | 俊,71.03701705653431,0.9997159585890725,0.0003094820125766231,猎犬:1.000000 | 蚊子:1.000000 | 鳄鱼:1.000000 | 群:1.000000 | 驯:1.000000 | 猴:1.000000 | 虫子:1.000000 | 青蛙:1.000000 | 鸟:1.000000 | 兔:1.000000 | 豹:1.000000 | 猩猩:1.000000,巨人:0.023150 | 凤凰:0.018060
113,99,0.3714005878897243,0.05005812813128075,0.1717171717171717,炎症 | 急性 | 慢性 | 病症 | 疾病 | 症状 | 腹泻 | 肝脏 | 发炎 | 癌症 | 出血 | 肿瘤,咽喉 | 怀孕 | 发热 | 不适 | 治愈 | 呼吸 | 吸毒 | 吸烟,睡眠 | 切除 | 恶性 | 发炎 | 激素 | 心脏 | 视力 | 变异 | 肾 | 食欲 | 阳性 | 失明,炎症 | 急性 | 慢性 | 病症 | 疾病 | 症状 | 腹泻 | 肝脏 | 发炎 | 癌症 | 出血 | 肿瘤 | 发病 | 高血压 | 糖尿病 | 心脏病 | 血栓 | 复发 | 病 | 抑郁症 | 血管 | 癌 | 肝 | 过敏 | 患病 | 肥胖 | 发作 | 痴呆 | 血压 | 患有 | 病情 | 肺 | 激素 | 脾 | 患 | 感冒 | 骨折 | 感染 | 免疫 | 胃 | 胎儿 | 心脏 | 休克 | 分泌 | 气管 | 传染病 | 中毒 | 肾 | 切除 | 治愈 | 细胞 | 愈合 | 唾液 | 流感 | 血液 | 器官 | 衰老 | 发热 | 生病 | 动脉 | 视力 | 失明 | 体温 | 体质 | 腺 | 生理 | 食欲 | 创伤 | 霍乱 | 传染 | 副作用 | 近视 | 阳性 | 神经 | 畸形 | 人体 | 胚胎 | 服用 | 注射 | 阴性 | 脂肪 | 睡眠 | 遗传 | 后遗症 | 变异 | 病毒 | 怀孕 | 呼吸 | 新陈代谢 | 恶性 | 伤势 | 青春期 | 发育 | 不适 | 体重 | 咽喉 | 晚期 | 吸烟 | 吸毒,98.97889613650115,0.9997630981913175,0.0002508894983034259,发病:1.000000 | 咽喉:1.000000 | 畸形:1.000000 | 病症:1.000000 | 症状:1.000000 | 肥胖:1.000000 | 阴性:1.000000 | 感染:1.000000 | 病:1.000000 | 衰老:1.000000 | 视力:1.000000 | 患:1.000000,
114,66,0.30687016205302864,-0.000927998821089279,0.45454545454545453,秃 | 粗 | 黑 | 胖 | 白 | 瘦 | 皱 | 嫩 | 矮 | 凹 | 粘 | 紫,涂 | 敷 | 切 | 酷 | 个子 | 梳 | 滑 | 剃,粗 | 露 | 密 | 红 | 壮 | 梳 | 裂 | 麻 | 耐 | 阔 | 斜 | 色,秃 | 粗 | 黑 | 胖 | 白 | 瘦 | 皱 | 嫩 | 矮 | 凹 | 粘 | 紫 | 薄 | 灰 | 锈 | 厚 | 尖 | 翘 | 扁 | 歪 | 麻 | 筋 | 红 | 裂 | 斜 | 黏 | 细 | 硬 | 烂 | 脏 | 凸 | 稀 | 圆 | 软 | 浅 | 色 | 黄 | 宽 | 刺 | 露 | 湿 | 毛 | 剃 | 密 | 长 | 臭 | 亮 | 肥 | 阔 | 壮 | 蓝 | 涂 | 染 | 青 | 梳 | 滑 | 短 | 杂 | 裸 | 老 | 小 | 切 | 敷 | 酷 | 耐 | 个子,66.01959726708807,0.9996591052668181,0.00038603309904460507,粗:1.000000 | 硬:1.000000 | 矮:1.000000 | 瘦:1.000000 | 秃:1.000000 | 黑:1.000000 | 歪:1.000000 | 老:1.000000 | 裸:1.000000 | 厚:1.000000 | 脏:1.000000 | 酷:1.000000,清:0.012821 | 美:0.010765
115,61,0.36947621901206573,0.03758451350715748,0.2786885245901639,快乐 | 悠闲 | 安逸 | 宁静 | 欢乐 | 明媚 | 幸福 | 欢快 | 愉快 | 快活 | 清静 | 安静,美丽 | 风流 | 光彩 | 幸运 | 暖和 | 寂静 | 潇洒 | 体面,安静 | 潇洒 | 美好 | 和谐 | 无忧无虑 | 好运 | 美丽 | 明媚 | 梦幻 | 快活 | 悠闲 | 安稳,快乐 | 悠闲 | 安逸 | 宁静 | 欢乐 | 明媚 | 幸福 | 欢快 | 愉快 | 快活 | 清静 | 安静 | 浪漫 | 无忧无虑 | 甜蜜 | 美好 | 舒畅 | 温馨 | 美满 | 平静 | 潇洒 | 安稳 | 温暖 | 自在 | 祥和 | 富足 | 热闹 | 喧闹 | 美丽 | 安宁 | 喜庆 | 寂静 | 怡然自得 | 顺心 | 缤纷 | 自由自在 | 清凉 | 和谐 | 舒适 | 欢声笑语 | 知足 | 清新 | 灿烂 | 情调 | 暖和 | 梦幻 | 轻松 | 丰盛 | 体面 | 吉祥 | 激情 | 红火 | 喜洋洋 | 好运 | 平凡 | 风光 | 心想事成 | 风流 | 幸运 | 光彩 | 圆满,61.00027758871359,0.9999942548731259,0.000011915325176054639,安静:1.000000 | 悠闲:1.000000 | 愉快:1.000000 | 无忧无虑:1.000000 | 欢乐:1.000000 | 清静:1.000000 | 热闹:1.000000 | 温馨:1.000000 | 舒适:1.000000 | 安逸:1.000000 | 怡然自得:1.000000 | 美满:1.000000,
116,48,0.35037077357881646,0.06070922324608435,0.0625,磋商 | 对话 | 沟通 | 会谈 | 交往 | 交谈 | 会晤 | 会面 | 谈判 | 交涉 | 交流 | 协商,纠缠 | 商讨 | 调解 | 关系 | 磨合 | 打交道 | 争执 | 针锋相对,交接 | 对峙 | 交往 | 争端 | 互信 | 周旋 | 双边 | 会面 | 接触 | 较量 | 关系 | 争执,磋商 | 对话 | 沟通 | 会谈 | 交往 | 交谈 | 会晤 | 会面 | 谈判 | 交涉 | 交流 | 协商 | 互访 | 争执 | 合作 | 交锋 | 洽谈 | 对峙 | 讨价还价 | 互信 | 往来 | 接触 | 商讨 | 和解 | 冲突 | 周旋 | 较量 | 打交道 | 关系 | 争端 | 来往 | 双方 | 双边 | 达成 | 联系 | 通话 | 面对面 | 联络 | 建交 | 互动 | 调解 | 对弈 | 磨合 | 纠缠 | 交换 | 针锋相对 | 多边 | 交接,48.000020243386786,0.9999997578049177,6.340829607235892e-7,互动:1.000000 | 交锋:1.000000 | 周旋:1.000000 | 对弈:1.000000 | 对话:1.000000 | 往来:1.000000 | 接触:1.000000 | 沟通:1.000000 | 磨合:1.000000 | 纠缠:1.000000 | 联络:1.000000 | 面对面:1.000000,
117,40,0.3401842665396814,0.01259452197720946,0.5,朋友们 | 朋友 | 亲朋好友 | 同事 | 友人 | 亲友 | 战友 | 好友 | 诸位 | 老朋友 | 各位 | 谢谢,身边 | 请进 | 亲 | 帮 | 兄弟 | 同伴 | 您 | 客人,大家 | 同伴 | 谢谢 | 粉丝 | 同胞 | 亲朋好友 | 来宾 | 帮 | 保重 | 请进 | 同行 | 亲,朋友们 | 朋友 | 亲朋好友 | 同事 | 友人 | 亲友 | 战友 | 好友 | 诸位 | 老朋友 | 各位 | 谢谢 | 好心人 | 乡亲 | 同伴 | 大家 | 前辈 | 熟人 | 同行 | 祝 | 好心 | 一路平安 | 们 | 保重 | 客人 | 捧场 | 兄弟 | 恭喜 | 来宾 | 粉丝 | 您 | 同胞 | 亲 | 一路顺风 | 好人 | 行家 | 身边 | 加油 | 帮 | 请进,40.014709766473395,0.9999906164243171,0.000016064731907252785,一路平安:1.000000 | 加油:1.000000 | 恭喜:1.000000 | 老朋友:1.000000 | 各位:1.000000 | 一路顺风:1.000000 | 好心人:1.000000 | 捧场:1.000000 | 朋友们:1.000000 | 您:1.000000 | 诸位:1.000000 | 亲:1.000000,贵宾:0.014256
118,33,0.3677740274149665,0.05829658919392977,0.24242424242424243,卡车 | 火车 | 摩托 | 车 | 轿车 | 电车 | 跑车 | 飞机 | 游船 | 公共汽车 | 轮船 | 汽车,高速 | 滑梯 | 火炬 | 公共汽车 | 轮椅 | 热气球 | 电车 | 赛车,艘 | 船 | 汽车 | 巴士 | 火车 | 轮椅 | 车轮 | 游船 | 高速 | 自行车 | 驾驶 | 客机,卡车 | 火车 | 摩托 | 车 | 轿车 | 电车 | 跑车 | 飞机 | 游船 | 公共汽车 | 轮船 | 汽车 | 电动车 | 马车 | 自行车 | 吉普 | 巴士 | 缆车 | 船 | 赛车 | 客机 | 驾驶 | 车轮 | 轮胎 | 渔船 | 船舶 | 轮椅 | 驾 | 艘 | 热气球 | 滑梯 | 高速 | 火炬,33.02361243961649,0.9999982460753906,3.7115871833699755e-6,游船:1.000000 | 滑梯:1.000000 | 轮椅:1.000000 | 摩托:1.000000 | 跑车:1.000000 | 马车:1.000000 | 船:1.000000 | 自行车:1.000000 | 吉普:1.000000 | 驾:1.000000 | 轮船:1.000000 | 驾驶:1.000000,公交车:0.010807
119,74,0.3632454026781256,0.06202656265443777,0.20270270270270271,入学 | 研究生 | 高中 | 学校 | 本科 | 报考 | 毕业生 | 大学 | 初中 | 招生 | 录取 | 就读,考场 | 笔试 | 家教 | 夏令营 | 培训 | 培训班 | 文盲 | 实习,从业 | 求职 | 考生 | 硕士 | 选拔 | 函授 | 就读 | 班 | 毕业生 | 应聘 | 文凭 | 本科,入学 | 研究生 | 高中 | 学校 | 本科 | 报考 | 毕业生 | 大学 | 初中 | 招生 | 录取 | 就读 | 中学 | 升学 | 毕业 | 小学 | 理科 | 硕士 | 文凭 | 师范 | 招收 | 学业 | 年级 | 教师 | 学年 | 学位 | 函授 | 奖学金 | 师资 | 高考 | 班级 | 文科 | 进修 | 民办 | 工科 | 学院 | 学历 | 学分 | 考生 | 私立 | 中小学 | 面试 | 笔试 | 在职 | 攻读 | 夜校 | 学员 | 应聘 | 办学 | 幼儿园 | 班 | 培训 | 公费 | 学科 | 公立 | 分数 | 实习 | 学堂 | 求职 | 招聘 | 培训班 | 考场 | 志愿 | 公务员 | 家教 | 夏令营 | 教育部 | 初等 | 就业 | 社团 | 选拔 | 新生 | 文盲 | 从业,74.0001468818655,0.9998482679035142,0.0001680374091032249,新生:1.000000 | 中学:1.000000 | 小学:1.000000 | 入学:1.000000 | 进修:1.000000 | 班级:1.000000 | 年级:1.000000 | 考生:1.000000 | 攻读:1.000000 | 文凭:1.000000 | 初中:1.000000 | 高中:1.000000,
120,26,0.3742350498641069,0.05309599276240059,0.19230769230769232,欣赏 | 陶醉 | 迷恋 | 感受 | 痴迷 | 着迷 | 领略 | 品尝 | 回味 | 如醉如痴 | 留恋 | 观赏,模仿 | 留恋 | 光顾 | 喜爱 | 沉迷 | 兴致 | 品尝 | 观赏,陶醉 | 回味 | 光顾 | 沉迷 | 观赏 | 美景 | 沉浸 | 向往 | 喜爱 | 模仿 | 乐趣 | 品尝,欣赏 | 陶醉 | 迷恋 | 感受 | 痴迷 | 着迷 | 领略 | 品尝 | 回味 | 如醉如痴 | 留恋 | 观赏 | 向往 | 乐趣 | 沉浸 | 尽情 | 体验 | 美景 | 享受 | 体会 | 喜爱 | 沉迷 | 爱不释手 | 兴致 | 光顾 | 模仿,26.0000365673989,0.9999999999918965,3.5649628071895e-11,乐趣:1.000000 | 享受:1.000000 | 体验:1.000000 | 光顾:1.000000 | 品尝:1.000000 | 喜爱:1.000000 | 回味:1.000000 | 如醉如痴:1.000000 | 尽情:1.000000 | 感受:1.000000 | 模仿:1.000000 | 欣赏:1.000000,
121,31,0.3648057256987787,0.058653872444909765,0.16129032258064516,相处 | 相识 | 朝夕相处 | 亲密 | 见面 | 融洽 | 相遇 | 彼此 | 亲近 | 亲热 | 交朋友 | 萍水相逢,换位 | 友好 | 团聚 | 和睦 | 知己 | 一起 | 交朋友 | 亲热,亲热 | 相依为命 | 和睦 | 握手 | 朝夕相处 | 萍水相逢 | 一起 | 亲近 | 相识 | 交集 | 默契 | 见面,相处 | 相识 | 朝夕相处 | 亲密 | 见面 | 融洽 | 相遇 | 彼此 | 亲近 | 亲热 | 交朋友 | 萍水相逢 | 交情 | 互相 | 相依为命 | 形影不离 | 知己 | 相互 | 握手 | 隔阂 | 默契 | 相伴 | 团聚 | 和睦 | 相通 | 交集 | 素不相识 | 一起 | 友好 | 汇合 | 换位,31.00000747475104,0.9999999999852515,6.503694428963642e-11,互相:1.000000 | 交情:1.000000 | 交朋友:1.000000 | 亲密:1.000000 | 亲热:1.000000 | 亲近:1.000000 | 形影不离:1.000000 | 换位:1.000000 | 朝夕相处:1.000000 | 汇合:1.000000 | 相伴:1.000000 | 相依为命:1.000000,
122,49,0.3238788705914918,0.0275092840343876,0.32653061224489793,开幕 | 晚会 | 开幕式 | 闭幕式 | 音乐会 | 盛会 | 大会 | 闭幕 | 展览会 | 博览会 | 颁奖 | 演唱会,卫视 | 反响 | 音乐会 | 收看 | 舞台 | 气氛 | 演唱会 | 燃放,闭幕式 | 燃放 | 卫视 | 场面 | 车展 | 届 | 开幕式 | 舞台 | 嘉宾 | 展览会 | 高潮 | 晚会,开幕 | 晚会 | 开幕式 | 闭幕式 | 音乐会 | 盛会 | 大会 | 闭幕 | 展览会 | 博览会 | 颁奖 | 演唱会 | 展览 | 会场 | 发布会 | 峰会 | 画展 | 嘉年华 | 论坛 | 车展 | 盛大 | 隆重 | 狂欢节 | 舞台 | 开场 | 嘉宾 | 焰火 | 参展 | 狂欢 | 活动 | 亮相 | 现场 | 沙龙 | 实况 | 演播室 | 届 | 序幕 | 直播 | 场面 | 上演 | 倒计时 | 场 | 爆满 | 气氛 | 高潮 | 反响 | 燃放 | 收看 | 卫视,48.96938420774482,0.9991553309863633,0.0007681774784758612,上演:1.000000 | 爆满:1.000000 | 狂欢:1.000000 | 现场:1.000000 | 隆重:1.000000 | 亮相:1.000000 | 狂欢节:1.000000 | 气氛:1.000000 | 高潮:1.000000 | 序幕:1.000000 | 参展:1.000000 | 晚会:1.000000,
123,69,0.2762710681204958,0.0032548317058494042,0.5072463768115942,下载 | 主页 | 网址 | 网站 | 微信 | 微博 | 网页 | 登录 | 博客 | 电子邮件 | 浏览 | 邮件,键 | 标题 | 版 | 传真 | 盗版 | 开机 | 视频 | 账号,网页 | 微博 | 推荐 | 点击率 | 电子邮件 | 登录 | 预告 | 公众 | 输入 | 留言 | 网上 | 更新,下载 | 主页 | 网址 | 网站 | 微信 | 微博 | 网页 | 登录 | 博客 | 电子邮件 | 浏览 | 邮件 | 留言 | 浏览器 | 账号 | 邮箱 | 搜索 | 视频 | 投稿 | 发送 | 帖子 | 删 | 广告 | 匿名 | 转载 | 头条 | 拨打 | 改版 | 评论 | 扫描 | 点击率 | 地址 | 收听 | 菜单 | 杀毒 | 添加 | 频道 | 二维码 | 新闻 | 标题 | 回复 | 更新 | 公众 | 热线 | 来电 | 网上 | 媒体 | 传真 | 正版 | 分享 | 全文 | 盗版 | 原创 | 后台 | 敬请 | 选项 | 登陆 | 上网 | 反馈 | 隐私 | 开机 | 输入 | 邮编 | 曝光 | 键 | 晚报 | 版 | 预告 | 推荐,69.00698383027658,0.99935196662275,0.0007208228128046202,浏览:1.000000 | 隐私:1.000000 | 匿名:1.000000 | 下载:1.000000 | 反馈:1.000000 | 菜单:1.000000 | 点击率:1.000000 | 曝光:1.000000 | 登录:1.000000 | 微博:1.000000 | 邮编:1.000000 | 删:1.000000,在线:0.045013
124,51,0.2900031669965278,0.014765040172562012,0.3137254901960784,检测 | 试验 | 样品 | 测试 | 组装 | 实验 | 测量 | 测定 | 工艺 | 调试 | 化验 | 加工,构造 | 筛选 | 分解 | 解剖 | 移植 | 图像 | 图纸 | 化验,研制 | 检测 | 模拟 | 原型 | 成型 | 演示 | 生成 | 克隆 | 图像 | 图纸 | 三维 | 移植,检测 | 试验 | 样品 | 测试 | 组装 | 实验 | 测量 | 测定 | 工艺 | 调试 | 化验 | 加工 | 制作 | 检验 | 鉴定 | 研制 | 演示 | 模型 | 合成 | 研发 | 图纸 | 成型 | 成品 | 实验室 | 筛选 | 采集 | 模拟 | 攻关 | 打磨 | 技术 | 图像 | 工序 | 打印 | 测 | 构造 | 试用 | 样本 | 三维 | 原型 | 克隆 | 生成 | 材料 | 仿制 | 铸造 | 复制 | 操作 | 解剖 | 移植 | 分解 | 进化 | 制,51.00336390724426,0.9999682818856694,0.0000514565740337302,实验:1.000000 | 打磨:1.000000 | 模拟:1.000000 | 工序:1.000000 | 试验:1.000000 | 样品:1.000000 | 图纸:1.000000 | 调试:1.000000 | 原型:1.000000 | 合成:1.000000 | 试用:1.000000 | 化验:1.000000,
125,67,0.3046170945067362,0.016539080858521134,0.3880597014925373,坚实 | 雄厚 | 丰富 | 良好 | 充足 | 稳固 | 强大 | 可靠 | 完备 | 广阔 | 优越 | 便捷,灵活 | 富裕 | 卓越 | 灵通 | 过硬 | 优秀 | 开阔 | 透明,有力 | 坚固 | 广阔 | 有效 | 庞大 | 成熟 | 高效 | 便利 | 优秀 | 适宜 | 雄厚 | 优异,坚实 | 雄厚 | 丰富 | 良好 | 充足 | 稳固 | 强大 | 可靠 | 完备 | 广阔 | 优越 | 便捷 | 充沛 | 优良 | 顺畅 | 丰厚 | 扎实 | 深厚 | 强劲 | 牢固 | 通畅 | 宽广 | 坚固 | 丰硕 | 健全 | 高效 | 得天独厚 | 过硬 | 畅通 | 可观 | 优异 | 开阔 | 齐全 | 有力 | 紧密 | 广泛 | 快捷 | 成熟 | 旺盛 | 庞大 | 方便 | 优秀 | 灵活 | 发达 | 便利 | 有利 | 长足 | 先进 | 足够 | 卓越 | 持久 | 宝贵 | 突出 | 重要 | 适宜 | 充实 | 长久 | 有效 | 有益 | 富裕 | 安全 | 贴近 | 灵通 | 顺利 | 理想 | 至关重要 | 透明,66.9935482835081,0.9999022223842984,0.00012526133144467603,丰厚:1.000000 | 便捷:1.000000 | 充实:1.000000 | 充沛:1.000000 | 快捷:1.000000 | 深厚:1.000000 | 通畅:1.000000 | 雄厚:1.000000 | 方便:1.000000 | 优良:1.000000 | 便利:1.000000 | 顺畅:1.000000,
126,37,0.3025967179026894,0.02926908152188,0.3783783783783784,提出 | 表示 | 强调 | 声称 | 指出 | 重申 | 呼吁 | 宣称 | 宣布 | 提议 | 表态 | 透露,提起 | 收到 | 向 | 征求 | 拿出 | 发出 | 采纳 | 拍板,发出 | 拍板 | 表态 | 表示 | 提起 | 获悉 | 敦促 | 重申 | 报道 | 拿出 | 为此 | 关于,提出 | 表示 | 强调 | 声称 | 指出 | 重申 | 呼吁 | 宣称 | 宣布 | 提议 | 表态 | 透露 | 敦促 | 提到 | 否认 | 回应 | 主张 | 谈到 | 发出 | 承诺 | 同意 | 决定 | 澄清 | 发表 | 倡议 | 获悉 | 建议 | 报道 | 征求 | 采纳 | 提起 | 关于 | 收到 | 为此 | 拿出 | 拍板 | 向,37.00242487416526,0.9999996536083842,8.648996621675137e-7,发出:1.000000 | 宣称:1.000000 | 拍板:1.000000 | 拿出:1.000000 | 提起:1.000000 | 提议:1.000000 | 提出:1.000000 | 澄清:1.000000 | 声称:1.000000 | 向:1.000000 | 呼吁:1.000000 | 收到:1.000000,
127,53,0.46903279992695934,0.16709444768617782,0.0,卧室 | 柜子 | 房间 | 书桌 | 客厅 | 屋子 | 桌子 | 卫生间 | 窗台 | 窗户 | 窗子 | 椅子,窗帘 | 镜子 | 住处 | 凳子 | 帐篷 | 笼子 | 藤椅 | 池子,窗子 | 卫生间 | 厕所 | 窗帘 | 阳台 | 洗手间 | 桌子 | 栏杆 | 后备箱 | 书桌 | 宿舍 | 马桶,卧室 | 柜子 | 房间 | 书桌 | 客厅 | 屋子 | 桌子 | 卫生间 | 窗台 | 窗户 | 窗子 | 椅子 | 书橱 | 凳子 | 楼道 | 书柜 | 写字台 | 阳台 | 浴室 | 书房 | 过道 | 洗手间 | 沙发 | 墙壁 | 院子 | 书架 | 厨房 | 寝室 | 抽屉 | 楼梯 | 教室 | 宿舍 | 藤椅 | 窗帘 | 厕所 | 马桶 | 床 | 地板 | 地下室 | 防盗门 | 栏杆 | 镜子 | 笼子 | 黑板 | 机舱 | 办公室 | 座位 | 房子 | 更衣室 | 后备箱 | 池子 | 住处 | 帐篷,53.01588981754458,0.9999938365791345,0.000012097292980676623,住处:1.000000 | 卧室:1.000000 | 客厅:1.000000 | 寝室:1.000000 | 书房:1.000000 | 黑板:1.000000 | 房间:1.000000 | 院子:1.000000 | 书桌:1.000000 | 书架:1.000000 | 浴室:1.000000 | 屋子:1.000000,
128,94,0.23536821904073396,-0.044412210189883145,0.9148936170212766,留 | 寄 | 取 | 命 | 赐 | 忘 | 判 | 审 | 验 | 认 | 敬 | 辞,命 | 敬 | 判 | 宰 | 辞 | 传 | 选 | 罚,赔 | 发 | 置 | 充 | 解 | 续 | 采 | 管 | 选 | 顾 | 判 | 领,留 | 寄 | 取 | 命 | 赐 | 忘 | 判 | 审 | 验 | 认 | 敬 | 辞 | 保 | 求 | 忍 | 付 | 裁 | 退 | 押 | 存 | 补 | 定 | 解 | 告 | 催 | 罚 | 理 | 守 | 录 | 辩 | 交 | 撤 | 避 | 赎 | 收 | 征 | 改 | 登 | 宰 | 充 | 提 | 饶 | 生 | 订 | 宠 | 赖 | 戒 | 发 | 选 | 赔 | 领 | 识 | 加 | 迁 | 曰 | 欠 | 引 | 招 | 续 | 试 | 输 | 免 | 添 | 赏 | 矣 | 配 | 照 | 必 | 签 | 顾 | 渡 | 迎 | 结 | 采 | 传 | 乃 | 附 | 入 | 置 | 记 | 封 | 准 | 尽 | 赢 | 望 | 妥 | 管 | 关 | 混 | 作 | 归 | 派 | 担 | 凭,93.94070622883213,0.9992618336945773,0.000843544271072126,忘:1.000000 | 审:1.000000 | 催:1.000000 | 辩:1.000000 | 告:1.000000 | 识:1.000000 | 判:1.000000 | 认:1.000000 | 撤:1.000000 | 饶:1.000000 | 罚:1.000000 | 定:1.000000,
129,31,0.3804593899723854,0.03909901483949253,0.3870967741935484,照顾 | 抚养 | 照料 | 赡养 | 侍候 | 孝敬 | 看护 | 伺候 | 陪伴 | 孝顺 | 收养 | 收留,亲人 | 家属 | 侍候 | 恩人 | 伺候 | 孝顺 | 母子 | 子女,家属 | 伺候 | 亲属 | 子女 | 侍候 | 关照 | 无微不至 | 陪伴 | 恩人 | 报答 | 照料 | 看管,照顾 | 抚养 | 照料 | 赡养 | 侍候 | 孝敬 | 看护 | 伺候 | 陪伴 | 孝顺 | 收养 | 收留 | 探望 | 关照 | 子女 | 管教 | 亲人 | 接济 | 报答 | 看管 | 恩人 | 领养 | 呵护 | 母子 | 托付 | 无微不至 | 孤儿 | 亲属 | 守护 | 家属 | 保佑,31.000002688197377,0.9999990278392337,2.1281055269660855e-6,伺候:1.000000 | 侍候:1.000000 | 呵护:1.000000 | 孝敬:1.000000 | 守护:1.000000 | 托付:1.000000 | 抚养:1.000000 | 接济:1.000000 | 收养:1.000000 | 收留:1.000000 | 照料:1.000000 | 看护:1.000000,
130,65,0.32702435720045864,0.03196006988161013,0.3384615384615385,推断 | 推测 | 解释 | 判断 | 猜测 | 揣测 | 断定 | 分析 | 结论 | 表述 | 反驳 | 判定,反映 | 考量 | 推敲 | 讲 | 追问 | 检讨 | 表述 | 质疑,否定 | 总结 | 归结 | 质疑 | 举例 | 检讨 | 解读 | 印证 | 推理 | 结论 | 判定 | 定论,推断 | 推测 | 解释 | 判断 | 猜测 | 揣测 | 断定 | 分析 | 结论 | 表述 | 反驳 | 判定 | 猜想 | 预测 | 评判 | 预言 | 推算 | 解读 | 估算 | 假定 | 论证 | 定论 | 假设 | 归纳 | 测算 | 讨论 | 总结 | 定义 | 否定 | 设想 | 议论 | 衡量 | 证明 | 回答 | 谈论 | 界定 | 争论 | 证实 | 解答 | 质疑 | 预见 | 得出 | 评价 | 解析 | 举例 | 列举 | 推敲 | 陈述 | 印证 | 推理 | 想象 | 追问 | 预料 | 看出 | 考量 | 说明 | 介绍 | 讲 | 反映 | 暗示 | 归结 | 谈 | 看待 | 检讨 | 参考,65.00442452727007,0.9999410583596907,0.00008759725601592186,推断:1.000000 | 谈论:1.000000 | 推测:1.000000 | 解答:1.000000 | 揣测:1.000000 | 议论:1.000000 | 评判:1.000000 | 谈:1.000000 | 定论:1.000000 | 质疑:1.000000 | 推算:1.000000 | 论证:1.000000,
131,50,0.33291234048052637,0.02359878428416343,0.32,绘画 | 艺术 | 文学 | 美术 | 书法 | 国画 | 戏曲 | 国学 | 文艺 | 中国画 | 散文 | 民俗,京剧 | 聋人 | 影视 | 诗人 | 少林寺 | 木偶 | 戏曲 | 地理,慈善 | 画家 | 散文 | 佛教 | 中华 | 聋人 | 文娱 | 戏曲 | 励志 | 绘画 | 书法 | 文艺,绘画 | 艺术 | 文学 | 美术 | 书法 | 国画 | 戏曲 | 国学 | 文艺 | 中国画 | 散文 | 民俗 | 京剧 | 哲学 | 儒学 | 画家 | 油画 | 雕塑 | 佛教 | 茶道 | 古典 | 年画 | 文化 | 素描 | 鉴赏 | 道教 | 科幻 | 摄影 | 学术 | 人文 | 木偶 | 集邮 | 趣味 | 诗人 | 科普 | 少儿 | 当代 | 影视 | 天文 | 近代 | 同人 | 励志 | 民间 | 慈善 | 聋人 | 公益 | 文娱 | 地理 | 中华 | 少林寺,50.01757089094762,0.9993808795378782,0.0006546644868172156,科普:1.000000 | 鉴赏:1.000000 | 励志:1.000000 | 公益:1.000000 | 文化:1.000000 | 集邮:1.000000 | 茶道:1.000000 | 国学:1.000000 | 趣味:1.000000 | 文学:1.000000 | 地理:1.000000 | 书法:1.000000,作家:0.044350
132,22,0.29064009930618134,-0.003755152141032979,0.5909090909090909,生活 | 伙食 | 衣食住行 | 食宿 | 家务 | 养老 | 自理 | 福利 | 家政 | 理发 | 养老院 | 居住,人身 | 养老院 | 应酬 | 办事 | 乞讨 | 理发 | 日常 | 失业,生活 | 家政 | 食宿 | 福利 | 人身 | 养老院 | 理发 | 居住 | 养老 | 待遇 | 公务 | 办事,生活 | 伙食 | 衣食住行 | 食宿 | 家务 | 养老 | 自理 | 福利 | 家政 | 理发 | 养老院 | 居住 | 家庭 | 待遇 | 应酬 | 乞讨 | 失业 | 日常 | 生存 | 公务 | 办事 | 人身,22.001340876815743,0.9999999999485993,2.1413382156528573e-10,伙食:1.000000 | 办事:1.000000 | 家务:1.000000 | 居住:1.000000 | 应酬:1.000000 | 日常:1.000000 | 理发:1.000000 | 生存:1.000000 | 生活:1.000000 | 自理:1.000000 | 衣食住行:1.000000 | 食宿:1.000000,
133,37,0.3246593186107284,0.06632773220786112,0.16216216216216217,尺寸 | 厚度 | 长度 | 体积 | 重量 | 宽度 | 直径 | 功率 | 密度 | 容量 | 强度 | 规格,部位 | 振动 | 改动 | 噪声 | 分量 | 含量 | 焦距 | 代号,分量 | 用途 | 次数 | 毫米 | 速度 | 口径 | 尺寸 | 寿命 | 型号 | 规格 | 功率 | 性能,尺寸 | 厚度 | 长度 | 体积 | 重量 | 宽度 | 直径 | 功率 | 密度 | 容量 | 强度 | 规格 | 性能 | 频率 | 型号 | 含量 | 寿命 | 误差 | 间隔 | 焦距 | 速度 | 噪声 | 振动 | 大小 | 毫米 | 厘米 | 能耗 | 口径 | 造价 | 次数 | 马力 | 种类 | 分量 | 部位 | 用途 | 改动 | 代号,37.00017929188471,0.9999994514507264,1.351717832650023e-6,代号:1.000000 | 分量:1.000000 | 重量:1.000000 | 长度:1.000000 | 改动:1.000000 | 强度:1.000000 | 部位:1.000000 | 厚度:1.000000 | 寿命:1.000000 | 尺寸:1.000000 | 体积:1.000000 | 宽度:1.000000,
134,75,0.32773747194818353,0.004448364160772824,0.41333333333333333,楼房 | 居民楼 | 大楼 | 建筑物 | 教学楼 | 花园 | 幢 | 宫殿 | 公园 | 礼堂 | 围墙 | 操场,角落 | 墙 | 走廊 | 屋 | 大门 | 台阶 | 室 | 剧场,座 | 地下 | 临街 | 园林 | 角落 | 栋 | 寺庙 | 操场 | 幢 | 体育馆 | 绿地 | 图书馆,楼房 | 居民楼 | 大楼 | 建筑物 | 教学楼 | 花园 | 幢 | 宫殿 | 公园 | 礼堂 | 围墙 | 操场 | 广场 | 临街 | 草坪 | 楼 | 栋 | 大厅 | 教堂 | 大厦 | 体育馆 | 游泳池 | 屋顶 | 别墅 | 体育场 | 小区 | 喷泉 | 场馆 | 四合院 | 殿堂 | 建筑 | 球场 | 空地 | 阅览室 | 图书馆 | 清真寺 | 住宅 | 场地 | 寺庙 | 屋 | 街道 | 房屋 | 剧场 | 剧院 | 看台 | 皇宫 | 墙 | 走廊 | 大街 | 绿地 | 景观 | 露天 | 大门 | 园 | 住户 | 绿化 | 设施 | 路灯 | 场所 | 校园 | 厅 | 平方米 | 公共场所 | 座 | 室 | 鸟巢 | 园地 | 新房 | 庄园 | 园林 | 角落 | 废墟 | 地下 | 台阶 | 户,75.08803390886428,0.9995475156448691,0.000521711494153618,场所:1.000000 | 殿堂:1.000000 | 露天:1.000000 | 园地:1.000000 | 建筑物:1.000000 | 大厅:1.000000 | 场地:1.000000 | 角落:1.000000 | 体育馆:1.000000 | 大楼:1.000000 | 礼堂:1.000000 | 公共场所:1.000000,城墙:0.098414 | 堂:0.016705
135,34,0.41108939649106124,0.10876129176902623,0.058823529411764705,游玩 | 郊游 | 滑雪 | 爬山 | 登山 | 探险 | 避暑 | 野餐 | 度假 | 野营 | 游览 | 休闲,运动 | 跑步 | 划船 | 健身 | 疗养 | 吃喝玩乐 | 滑雪 | 乐园,钓鱼 | 划船 | 潜水 | 冲浪 | 游 | 疗养 | 乐园 | 野炊 | 打猎 | 观光 | 跑步 | 吃喝玩乐,游玩 | 郊游 | 滑雪 | 爬山 | 登山 | 探险 | 避暑 | 野餐 | 度假 | 野营 | 游览 | 休闲 | 野炊 | 旅行 | 旅游 | 观光 | 出游 | 冲浪 | 徒步 | 打猎 | 钓鱼 | 健身 | 潜水 | 划船 | 户外 | 疗养 | 游 | 消遣 | 跑步 | 野外 | 吃喝玩乐 | 娱乐 | 运动 | 乐园,34.00004936633188,0.9999996755845573,7.67152483057605e-7,吃喝玩乐:1.000000 | 户外:1.000000 | 打猎:1.000000 | 消遣:1.000000 | 游览:1.000000 | 爬山:1.000000 | 运动:1.000000 | 避暑:1.000000 | 野外:1.000000 | 野炊:1.000000 | 野营:1.000000 | 休闲:1.000000,
136,33,0.36706020467891143,0.054814153243153606,0.15151515151515152,竭力 | 极力 | 执意 | 不惜 | 不得不 | 想方设法 | 不肯 | 设法 | 急于 | 拼命 | 尽力 | 试图,决不 | 甘心 | 拒绝 | 单方面 | 盲目 | 毅然 | 下令 | 只好,试图 | 单方面 | 拒绝 | 打算 | 拼命 | 一再 | 无意 | 不得已 | 下决心 | 只好 | 只得 | 千方百计,竭力 | 极力 | 执意 | 不惜 | 不得不 | 想方设法 | 不肯 | 设法 | 急于 | 拼命 | 尽力 | 试图 | 千方百计 | 被迫 | 刻意 | 只好 | 不得已 | 只得 | 毅然 | 一再 | 无意 | 有意 | 下决心 | 一味 | 打算 | 甘心 | 拒绝 | 三番五次 | 下令 | 不顾 | 决不 | 盲目 | 单方面,33.008793461066716,0.9999994061677405,1.3397401499860939e-6,一味:1.000000 | 下令:1.000000 | 不得已:1.000000 | 不惜:1.000000 | 不顾:1.000000 | 只得:1.000000 | 打算:1.000000 | 拼命:1.000000 | 有意:1.000000 | 毅然:1.000000 | 盲目:1.000000 | 被迫:1.000000,
137,78,0.3008645500457445,0.04644299963388073,0.23076923076923078,设立 | 组建 | 开办 | 举办 | 兴建 | 成立 | 创办 | 制定 | 制订 | 开设 | 推出 | 举行,管辖 | 开业 | 派出 | 出售 | 专门 | 开张 | 召集 | 搬迁,发起人 | 主办 | 拟 | 兴建 | 开通 | 计划 | 扩建 | 开展 | 开设 | 开辟 | 举办 | 联合,设立 | 组建 | 开办 | 举办 | 兴建 | 成立 | 创办 | 制定 | 制订 | 开设 | 推出 | 举行 | 召开 | 创建 | 签署 | 拟定 | 修建 | 建成 | 开展 | 建立 | 创立 | 签订 | 颁布 | 建造 | 主办 | 开通 | 启动 | 承办 | 筹备 | 筹办 | 订立 | 发起 | 实施 | 动工 | 出台 | 起草 | 发布 | 开辟 | 牵头 | 推行 | 出资 | 筹划 | 建 | 扩建 | 派出 | 公布 | 召集 | 开业 | 联合 | 竣工 | 落户 | 引进 | 开工 | 拟 | 设 | 联手 | 办 | 签约 | 正式 | 授予 | 开张 | 计划 | 部署 | 命名 | 评选 | 参与 | 改名 | 策划 | 招募 | 首批 | 收购 | 发起人 | 征集 | 专门 | 搬迁 | 出售 | 定为 | 管辖,77.9910353498779,0.9992956671085136,0.0007177531121743309,修建:1.000000 | 兴建:1.000000 | 动工:1.000000 | 开张:1.000000 | 开办:1.000000 | 策划:1.000000 | 建造:1.000000 | 筹备:1.000000 | 开设:1.000000 | 开业:1.000000 | 改名:1.000000 | 拟定:1.000000,上市:0.034066
138,42,0.41478901674386665,0.07550142302519944,0.023809523809523808,睡觉 | 聊天儿 | 吃饭 | 睡 | 晒太阳 | 打盹儿 | 溜达 | 玩耍 | 散步 | 玩儿 | 遛 | 打牌,打扫 | 跳舞 | 打球 | 躺 | 上班 | 捉迷藏 | 拍照 | 拍戏,干活儿 | 晒太阳 | 呆 | 抽烟 | 蹲 | 做梦 | 捉迷藏 | 睡着 | 溜达 | 做饭 | 坐 | 拍戏,睡觉 | 聊天儿 | 吃饭 | 睡 | 晒太阳 | 打盹儿 | 溜达 | 玩耍 | 散步 | 玩儿 | 遛 | 打牌 | 洗澡 | 午睡 | 睡着 | 跳舞 | 抽烟 | 干活儿 | 逛 | 躺 | 蹲 | 休息 | 做饭 | 串门 | 下棋 | 上班 | 转悠 | 打球 | 刷牙 | 侃大山 | 坐 | 陪 | 在家 | 走路 | 呆 | 晃荡 | 做梦 | 捉迷藏 | 打扫 | 聊 | 拍戏 | 拍照,42.000172108447735,0.9999999665810377,9.796597694865363e-8,串门:1.000000 | 休息:1.000000 | 侃大山:1.000000 | 做饭:1.000000 | 呆:1.000000 | 打牌:1.000000 | 晃荡:1.000000 | 洗澡:1.000000 | 聊:1.000000 | 走路:1.000000 | 转悠:1.000000 | 逛:1.000000,
139,54,0.2890999262393936,0.00017511049925523982,0.5740740740740741,农民 | 群众 | 职工 | 干部 | 民工 | 工人 | 妇女 | 官兵 | 牧民 | 医务 | 基层 | 农民工,移民 | 合作社 | 各地 | 民众 | 妇女 | 前线 | 志愿者 | 医务,模范 | 不正之风 | 医务 | 前线 | 工会 | 全体 | 民警 | 城乡 | 官兵 | 公安局 | 队伍 | 卫生,农民 | 群众 | 职工 | 干部 | 民工 | 工人 | 妇女 | 官兵 | 牧民 | 医务 | 基层 | 农民工 | 渔民 | 师生 | 农村 | 劳动 | 民众 | 居民 | 老百姓 | 华侨 | 工会 | 城乡 | 残疾人 | 乡村 | 民警 | 工商界 | 志愿者 | 广大 | 合作社 | 下乡 | 同志 | 贫困 | 公安 | 大队 | 卫生 | 第一线 | 修路 | 私营 | 边疆 | 全体 | 模范 | 干事 | 前线 | 互助 | 公安局 | 后勤 | 移民 | 报社 | 各地 | 队伍 | 见义勇为 | 当地 | 骨干 | 不正之风,54.054588409880566,0.9998936709532499,0.0001578923611388077,第一线:1.000000 | 农民:1.000000 | 修路:1.000000 | 贫困:1.000000 | 民工:1.000000 | 牧民:1.000000 | 全体:1.000000 | 居民:1.000000 | 渔民:1.000000 | 见义勇为:1.000000 | 劳动:1.000000 | 医务:1.000000,人民:0.053479
140,50,0.32827210617749897,0.017743010392344008,0.34,乘车 | 乘坐 | 搭乘 | 往返 | 行驶 | 绕行 | 步行 | 骑车 | 驾车 | 路程 | 长途 | 路途,停泊 | 骑车 | 到达 | 漫游 | 路况 | 游客 | 巡逻 | 一路上,沿途 | 途中 | 终点 | 绕行 | 入境 | 往返 | 趟 | 路况 | 路程 | 行程 | 漫游 | 行驶,乘车 | 乘坐 | 搭乘 | 往返 | 行驶 | 绕行 | 步行 | 骑车 | 驾车 | 路程 | 长途 | 路途 | 旅途 | 旅客 | 旅程 | 开车 | 行程 | 沿途 | 航班 | 途中 | 趟 | 出行 | 接送 | 过境 | 登机 | 直达 | 行李 | 到达 | 乘 | 目的地 | 游客 | 路上 | 出境 | 一路上 | 入境 | 路况 | 进出 | 特快 | 滞留 | 通行 | 出发 | 巡逻 | 路线 | 停泊 | 穿越 | 客流 | 漫游 | 出入 | 终点 | 全程,49.993035105213366,0.9998600295938131,0.00017486808612958893,乘坐:1.000000 | 全程:1.000000 | 往返:1.000000 | 旅程:1.000000 | 旅途:1.000000 | 滞留:1.000000 | 行程:1.000000 | 途中:1.000000 | 接送:1.000000 | 路程:1.000000 | 出入:1.000000 | 搭乘:1.000000,
141,69,0.31090414205943834,0.06165525334579146,0.2753623188405797,北部 | 南部 | 沿岸 | 东部 | 东南 | 中部 | 市区 | 西北 | 西部 | 西南 | 沿海 | 海岸,海拔 | 附近 | 岛屿 | 街 | 全长 | 通往 | 大道 | 产地,北 | 运河 | 地区 | 北部 | 市区 | 地方 | 首府 | 边境 | 水域 | 街 | 附近 | 村,北部 | 南部 | 沿岸 | 东部 | 东南 | 中部 | 市区 | 西北 | 西部 | 西南 | 沿海 | 海岸 | 山区 | 郊区 | 地区 | 首府 | 半岛 | 城区 | 北 | 交界 | 沿线 | 南 | 西 | 地带 | 流域 | 东北 | 边境 | 东 | 境内 | 城镇 | 区 | 区域 | 南北 | 县 | 岛屿 | 郊外 | 海湾 | 滨海 | 岸 | 一带 | 沿 | 镇 | 周边 | 水域 | 地段 | 岛 | 运河 | 乡 | 北方 | 附近 | 位于 | 城市 | 村 | 坐落 | 首都 | 海峡 | 大道 | 海拔 | 通往 | 街 | 南方 | 办事处 | 国土 | 距 | 人口 | 全长 | 地方 | 产地 | 两岸,69.07880176620225,0.9997354505816729,0.0002892153573208508,东南:1.000000 | 坐落:1.000000 | 西:1.000000 | 西北:1.000000 | 南部:1.000000 | 附近:1.000000 | 北部:1.000000 | 通往:1.000000 | 东部:1.000000 | 位于:1.000000 | 一带:1.000000 | 地带:1.000000,开发区:0.028236 | 屯:0.016984 | 市:0.012537 | 城:0.010707
142,83,0.25105545397694384,-0.01768466927591686,0.7108433734939759,趋势 | 格局 | 需求 | 提速 | 势头 | 升温 | 拉动 | 带动 | 驱动 | 复苏 | 显现 | 分化,表现 | 提升 | 呈现 | 凸显 | 放大 | 目标 | 降温 | 惯性,供求 | 伴随 | 方向 | 需求 | 节奏 | 未来 | 升温 | 转向 | 总体 | 供给 | 消化 | 后续,趋势 | 格局 | 需求 | 提速 | 势头 | 升温 | 拉动 | 带动 | 驱动 | 复苏 | 显现 | 分化 | 提升 | 延续 | 步伐 | 改善 | 预期 | 供给 | 进程 | 整体 | 释放 | 转变 | 变化 | 呈现 | 力度 | 总体 | 支撑 | 板块 | 凸显 | 前景 | 节奏 | 扩张 | 形势 | 表现 | 供应 | 降温 | 供求 | 进展 | 转向 | 受益 | 主导 | 水平 | 阶段 | 增强 | 方向 | 展望 | 重心 | 内需 | 后续 | 行情 | 下游 | 运行 | 动力 | 空间 | 步入 | 调控 | 常态 | 未来 | 随着 | 突破 | 到来 | 消化 | 方面 | 推移 | 惯性 | 回归 | 上游 | 伴随 | 进入 | 放大 | 扩散 | 流向 | 跟上 | 端 | 介入 | 指引 | 松绑 | 起步 | 过渡 | 目标 | 有待 | 时期 | 之下,82.36102545229714,0.9921997566657602,0.0049074368795616686,延续:1.000000 | 呈现:1.000000 | 拉动:1.000000 | 表现:1.000000 | 步伐:1.000000 | 扩散:1.000000 | 消化:1.000000 | 降温:1.000000 | 跟上:1.000000 | 动力:1.000000 | 显现:1.000000 | 带动:1.000000,
143,61,0.34129322373452825,0.04068426036492725,0.18032786885245902,盗窃 | 抢劫 | 逮捕 | 杀害 | 诈骗 | 敲诈 | 窃取 | 藏匿 | 谋害 | 劫持 | 走私 | 团伙,散布 | 扣押 | 炸弹 | 查出 | 捕 | 卷入 | 扣留 | 谋害,情报 | 秘密 | 黑客 | 同伙 | 劫持 | 勾结 | 团伙 | 隐藏 | 可疑 | 间谍 | 绑架 | 非法,盗窃 | 抢劫 | 逮捕 | 杀害 | 诈骗 | 敲诈 | 窃取 | 藏匿 | 谋害 | 劫持 | 走私 | 团伙 | 绑架 | 暗杀 | 被捕 | 同伙 | 挟持 | 勾结 | 犯罪 | 搜查 | 贪污 | 非法 | 贩卖 | 假冒 | 间谍 | 凶手 | 伪造 | 倒卖 | 盗 | 扣留 | 通缉 | 贿赂 | 扣押 | 歹徒 | 泄密 | 泄露 | 冒充 | 财物 | 分赃 | 出卖 | 偷窥 | 黑手 | 乔装 | 毒品 | 秘密 | 受骗 | 黑客 | 内幕 | 操纵 | 可疑 | 破案 | 机密 | 查出 | 雇佣 | 炸弹 | 情报 | 捕 | 伙 | 隐藏 | 散布 | 卷入,61.00057923040383,0.999993797268155,0.000012734088155485479,可疑:1.000000 | 乔装:1.000000 | 偷窥:1.000000 | 机密:1.000000 | 通缉:1.000000 | 搜查:1.000000 | 盗窃:1.000000 | 贩卖:1.000000 | 破案:1.000000 | 窃取:1.000000 | 秘密:1.000000 | 分赃:1.000000,
144,72,0.3658481384842569,0.016027165690828807,0.3055555555555556,摇头 | 小声 | 神情 | 咧嘴 | 扭头 | 苦笑 | 点头 | 冷笑 | 嬉笑 | 大声 | 眉开眼笑 | 眼神,一旁 | 笑声 | 面前 | 面红耳赤 | 呐喊 | 心里 | 一阵 | 脸色,道 | 左顾右盼 | 居高临下 | 滔滔不绝 | 得意扬扬 | 哄堂大笑 | 笑声 | 目不转睛 | 前仰后合 | 众人 | 大模大样 | 一面,摇头 | 小声 | 神情 | 咧嘴 | 扭头 | 苦笑 | 点头 | 冷笑 | 嬉笑 | 大声 | 眉开眼笑 | 眼神 | 自言自语 | 微笑 | 笑容 | 神气 | 得意扬扬 | 神态 | 交头接耳 | 走开 | 脸色 | 表情 | 眼色 | 口气 | 一眼 | 目不转睛 | 语气 | 说道 | 一旁 | 低头 | 前仰后合 | 眨眼 | 有口无心 | 面红耳赤 | 半真半假 | 会意 | 笑脸 | 笑声 | 招手 | 东张西望 | 七嘴八舌 | 伸手 | 左顾右盼 | 过头 | 哄堂大笑 | 模样 | 回头 | 假装 | 大模大样 | 滔滔不绝 | 脱口而出 | 心里 | 样子 | 众人 | 俯首 | 异口同声 | 举手 | 递给 | 开口 | 津津有味 | 似的 | 道 | 旁观 | 手势 | 面前 | 一阵 | 居高临下 | 张扬 | 在场 | 呐喊 | 一面 | 一番,71.9390894342566,0.9991345924985021,0.0008749973169355538,俯首:1.000000 | 微笑:1.000000 | 神情:1.000000 | 神气:1.000000 | 笑脸:1.000000 | 七嘴八舌:1.000000 | 大模大样:1.000000 | 模样:1.000000 | 笑容:1.000000 | 嬉笑:1.000000 | 左顾右盼:1.000000 | 会意:1.000000,
145,45,0.3246241823254255,0.006435399535660349,0.4222222222222222,专制 | 封建 | 腐朽 | 狭隘 | 压迫 | 剥削 | 僵化 | 帝国主义 | 官僚 | 腐化 | 教条 | 资本主义,容许 | 贫穷 | 堕落 | 消极 | 克制 | 拘束 | 排斥 | 仇恨,种种 | 妄想 | 腐朽 | 克制 | 偏见 | 主义 | 腐化 | 拘束 | 抗拒 | 奴隶 | 帝国主义 | 支配,专制 | 封建 | 腐朽 | 狭隘 | 压迫 | 剥削 | 僵化 | 帝国主义 | 官僚 | 腐化 | 教条 | 资本主义 | 顽固 | 束缚 | 主义 | 对立 | 偏见 | 官僚主义 | 仇恨 | 堕落 | 消极 | 妄想 | 排斥 | 分裂 | 孤立 | 根深蒂固 | 贫穷 | 抗拒 | 扭曲 | 批判 | 腐败 | 强加 | 妥协 | 支配 | 奴隶 | 垄断 | 拘束 | 西方 | 伸张 | 冷战 | 种种 | 颠覆 | 克制 | 容许 | 反面,44.986547774914065,0.9996761018327286,0.0003299833691547491,伸张:1.000000 | 拘束:1.000000 | 腐化:1.000000 | 顽固:1.000000 | 腐败:1.000000 | 妄想:1.000000 | 僵化:1.000000 | 根深蒂固:1.000000 | 教条:1.000000 | 反面:1.000000 | 孤立:1.000000 | 专制:1.000000,
146,62,0.2751447043139104,-0.019332466507081536,0.6774193548387096,永恒 | 人间 | 上帝 | 宇宙 | 虚幻 | 灵魂 | 幻想 | 天堂 | 黑暗 | 真理 | 生命 | 无边,黑暗 | 青春 | 尽头 | 晚安 | 天长地久 | 智慧 | 伟大 | 神圣,无边 | 伟大 | 帝国 | 现实 | 世界 | 魔鬼 | 尽头 | 奇迹 | 大自然 | 生命 | 灵魂 | 巨人,永恒 | 人间 | 上帝 | 宇宙 | 虚幻 | 灵魂 | 幻想 | 天堂 | 黑暗 | 真理 | 生命 | 无边 | 梦想 | 地狱 | 世界 | 大自然 | 神话 | 人类 | 童话 | 天上 | 末日 | 天长地久 | 奇迹 | 天地 | 自然界 | 魔鬼 | 主宰 | 化身 | 降临 | 时空 | 开天辟地 | 神圣 | 梦 | 伟大 | 尽头 | 现实 | 光明 | 无敌 | 无穷 | 空想 | 无限 | 青春 | 恩赐 | 象征 | 永不 | 远方 | 帝国 | 归宿 | 王国 | 晚安 | 天下 | 巨人 | 全世界 | 家园 | 无形 | 时代 | 智慧 | 都市 | 星座 | 何处 | 金字塔 | 天平,61.95308399904039,0.9992286843219055,0.0008193226136415653,归宿:1.000000 | 自然界:1.000000 | 降临:1.000000 | 永恒:1.000000 | 大自然:1.000000 | 星座:1.000000 | 家园:1.000000 | 无形:1.000000 | 地狱:1.000000 | 晚安:1.000000 | 人间:1.000000 | 无限:1.000000,
147,71,0.3112121133223674,0.0333462246454574,0.14084507042253522,想法 | 举动 | 态度 | 意图 | 看法 | 动机 | 念头 | 做法 | 意思 | 举措 | 说法 | 道理,指示 | 感想 | 宗旨 | 权利 | 动作 | 效应 | 因素 | 见解,后果 | 举动 | 方针 | 想法 | 过程 | 事 | 方法 | 先例 | 行动 | 例子 | 动机 | 口号,想法 | 举动 | 态度 | 意图 | 看法 | 动机 | 念头 | 做法 | 意思 | 举措 | 说法 | 道理 | 事情 | 用意 | 愿望 | 方法 | 目的 | 初衷 | 行为 | 思路 | 现象 | 观点 | 立场 | 情况 | 言论 | 方针 | 情形 | 事实 | 迹象 | 理由 | 本意 | 事 | 出发点 | 见解 | 后果 | 状况 | 原因 | 例子 | 意愿 | 方式 | 途径 | 手段 | 逻辑 | 前提 | 口号 | 苗头 | 地步 | 宗旨 | 所作所为 | 姿态 | 感想 | 意见 | 动向 | 缘故 | 因素 | 呼声 | 作用 | 时机 | 倾向 | 策略 | 状态 | 先例 | 权利 | 反应 | 结果 | 动作 | 行动 | 信号 | 过程 | 效应 | 指示,71.11820193956997,0.9996409130926256,0.0004207849664866176,态度:1.000000 | 本意:1.000000 | 缘故:1.000000 | 行为:1.000000 | 举动:1.000000 | 念头:1.000000 | 手段:1.000000 | 做法:1.000000 | 目的:1.000000 | 言论:1.000000 | 想法:1.000000 | 立场:1.000000,趋势:0.080880 | 办法:0.056406
148,60,0.33838084145547076,0.027033748027987213,0.3333333333333333,女生 | 学生 | 男生 | 中学生 | 男人 | 大学生 | 青年 | 女性 | 小学生 | 男士 | 青少年 | 小朋友,运动员 | 她们 | 富翁 | 女人 | 单身 | 义工 | 主妇 | 乞丐,华裔 | 听众 | 读者 | 留学生 | 网民 | 学生 | 个人 | 义工 | 小贩 | 她们 | 家长 | 顾客,女生 | 学生 | 男生 | 中学生 | 男人 | 大学生 | 青年 | 女性 | 小学生 | 男士 | 青少年 | 小朋友 | 少女 | 观众 | 男性 | 女人 | 少年 | 学子 | 家长 | 市民 | 球迷 | 听众 | 男女 | 读者 | 影迷 | 网民 | 女子 | 歌迷 | 留学生 | 上班族 | 儿童 | 男子 | 路人 | 白领 | 普通人 | 顾客 | 人群 | 人 | 主妇 | 车主 | 她们 | 中年 | 网友 | 盲人 | 选民 | 年轻 | 运动员 | 股民 | 未成年人 | 乞丐 | 单身 | 球员 | 华人 | 华裔 | 富翁 | 富豪 | 小贩 | 者 | 义工 | 个人,59.99593894269525,0.9998232821175518,0.0002548353135514679,听众:1.000000 | 上班族:1.000000 | 观众:1.000000 | 男士:1.000000 | 人群:1.000000 | 者:1.000000 | 女性:1.000000 | 读者:1.000000 | 歌迷:1.000000 | 中年:1.000000 | 男性:1.000000 | 年轻:1.000000,
149,61,0.32283411733963296,0.004911998546666074,0.4918032786885246,欺骗 | 骗人 | 谎话 | 编造 | 沽名钓誉 | 谎言 | 骗 | 骗子 | 弄虚作假 | 虚假 | 忽悠 | 钻空子,发泄 | 见钱眼开 | 酗酒 | 异想天开 | 算计 | 冒险 | 放纵 | 贪,骗 | 掩饰 | 宣传 | 伪装 | 造假 | 酗酒 | 贪 | 迷信 | 误导 | 夸大 | 谎言 | 炫耀,欺骗 | 骗人 | 谎话 | 编造 | 沽名钓誉 | 谎言 | 骗 | 骗子 | 弄虚作假 | 虚假 | 忽悠 | 钻空子 | 卖弄 | 误导 | 欺诈 | 夸大 | 损人利己 | 吹捧 | 隐瞒 | 恶意 | 夸夸其谈 | 掩饰 | 伪装 | 乘人之危 | 炒作 | 坏人 | 放纵 | 炫耀 | 辩解 | 虚构 | 假 | 谣言 | 迷信 | 造假 | 逃避 | 宣扬 | 借口 | 算计 | 圈套 | 见钱眼开 | 作弊 | 流氓 | 抄袭 | 赌博 | 嫌疑 | 瞒 | 暴利 | 黑心 | 滥用 | 马后炮 | 投机 | 贪 | 异想天开 | 推销 | 宣传 | 诱惑 | 酗酒 | 他人 | 犯 | 发泄 | 冒险,60.99276160435252,0.9998781074990983,0.00016118005516259294,卖弄:1.000000 | 虚构:1.000000 | 算计:1.000000 | 谎言:1.000000 | 嫌疑:1.000000 | 骗人:1.000000 | 编造:1.000000 | 隐瞒:1.000000 | 黑心:1.000000 | 弄虚作假:1.000000 | 冒险:1.000000 | 诱惑:1.000000,
150,25,0.40274731548927933,0.07602813487259891,0.08,聪明 | 灵巧 | 精明 | 机智 | 敏锐 | 灵敏 | 勤奋 | 勤快 | 敏捷 | 高超 | 能干 | 足智多谋,凶狠 | 坚韧 | 沉着 | 好学 | 得力 | 出众 | 聪明 | 勤快,勤快 | 出众 | 敏捷 | 敏锐 | 善于 | 沉着 | 凶狠 | 精明 | 高明 | 精通 | 得力 | 擅长,聪明 | 灵巧 | 精明 | 机智 | 敏锐 | 灵敏 | 勤奋 | 勤快 | 敏捷 | 高超 | 能干 | 足智多谋 | 心灵手巧 | 熟练 | 出众 | 凶狠 | 高明 | 善于 | 出色 | 好学 | 沉着 | 坚韧 | 精通 | 擅长 | 得力,25.00009865260007,0.9999999997369531,1.0229143442483207e-9,善于:1.000000 | 坚韧:1.000000 | 得力:1.000000 | 心灵手巧:1.000000 | 擅长:1.000000 | 敏捷:1.000000 | 敏锐:1.000000 | 灵巧:1.000000 | 灵敏:1.000000 | 熟练:1.000000 | 精通:1.000000 | 高明:1.000000,
151,45,0.31315605351516534,-0.01050214485706584,0.6444444444444445,认同 | 信任 | 相信 | 认可 | 尊重 | 关心 | 理解 | 赞同 | 信赖 | 重视 | 看重 | 在乎,打动 | 满意 | 好感 | 对待 | 辜负 | 触动 | 赞同 | 怀疑,触动 | 关心 | 满意 | 认同 | 奢望 | 对待 | 值得 | 接受 | 相信 | 希望 | 深信 | 正视,认同 | 信任 | 相信 | 认可 | 尊重 | 关心 | 理解 | 赞同 | 信赖 | 重视 | 看重 | 在乎 | 怀疑 | 在意 | 期待 | 期望 | 坚信 | 确信 | 承认 | 好感 | 看好 | 希望 | 赞成 | 关注 | 满意 | 深信 | 辜负 | 正视 | 支持 | 对 | 奢望 | 抵触 | 对待 | 顾及 | 谅解 | 了解 | 感兴趣 | 接纳 | 打动 | 触动 | 接受 | 警惕 | 值得 | 效仿 | 出于,45.00057413361672,0.9999989653765837,2.4858976602008575e-6,信任:1.000000 | 信赖:1.000000 | 关注:1.000000 | 打动:1.000000 | 看重:1.000000 | 认可:1.000000 | 辜负:1.000000 | 满意:1.000000 | 看好:1.000000 | 认同:1.000000 | 感兴趣:1.000000 | 效仿:1.000000,
152,35,0.3402639761112018,0.062132272939245316,0.08571428571428572,准确 | 确切 | 详尽 | 恰当 | 清楚 | 清晰 | 精确 | 正确 | 确凿 | 明确 | 直观 | 真实,通顺 | 深刻 | 简短 | 不难 | 粗略 | 合适 | 妥当 | 吻合,一致 | 完整 | 简要 | 合乎 | 精确 | 详尽 | 清楚 | 明确 | 真实 | 正确 | 恰当 | 一目了然,准确 | 确切 | 详尽 | 恰当 | 清楚 | 清晰 | 精确 | 正确 | 确凿 | 明确 | 直观 | 真实 | 合理 | 妥当 | 详细 | 合情合理 | 合乎 | 完整 | 客观 | 可信 | 吻合 | 具体 | 可行 | 合适 | 如实 | 深刻 | 简短 | 简要 | 一目了然 | 符合 | 粗略 | 通顺 | 一致 | 如下 | 不难,35.00017703539268,0.9999999941980895,1.9094031002116033e-8,一致:1.000000 | 准确:1.000000 | 如实:1.000000 | 妥当:1.000000 | 清晰:1.000000 | 清楚:1.000000 | 真实:1.000000 | 确凿:1.000000 | 确切:1.000000 | 简短:1.000000 | 详尽:1.000000 | 详细:1.000000,
153,43,0.3230227019006309,0.01425181137555822,0.3953488372093023,机票 | 退票 | 车票 | 挂号 | 预订 | 预约 | 门票 | 交费 | 话费 | 售票 | 付款 | 缴费,取款 | 卡 | 邮局 | 旅行社 | 驾照 | 通行证 | 彩票 | 上门,取款 | 抽奖 | 中奖 | 排队 | 人次 | 机票 | 打车 | 驾照 | 通行证 | 预约 | 自费 | 退票,机票 | 退票 | 车票 | 挂号 | 预订 | 预约 | 门票 | 交费 | 话费 | 售票 | 付款 | 缴费 | 签证 | 一卡通 | 打车 | 票价 | 收费 | 小费 | 取款 | 月票 | 免费 | 自助 | 押金 | 付费 | 抽奖 | 兑换 | 报名 | 中奖 | 订购 | 自费 | 排队 | 邮局 | 通行证 | 旅行社 | 红包 | 票 | 驾照 | 彩票 | 预定 | 卡 | 快递 | 上门 | 人次,43.01058716826175,0.9999979199615608,4.5437368417541985e-6,上门:1.000000 | 中奖:1.000000 | 免费:1.000000 | 排队:1.000000 | 月票:1.000000 | 预订:1.000000 | 驾照:1.000000 | 退票:1.000000 | 预定:1.000000 | 交费:1.000000 | 抽奖:1.000000 | 自费:1.000000,定金:0.010184
154,58,0.3687756681711432,0.03482761567468699,0.1896551724137931,动人 | 美妙 | 引人入胜 | 壮丽 | 奇特 | 迷人 | 壮观 | 优美 | 生动 | 感人 | 扣人心弦 | 韵味,悦耳 | 地道 | 逼真 | 动听 | 酣畅 | 无比 | 华丽 | 轰动,醇厚 | 惊险 | 丰富多彩 | 新奇 | 引人入胜 | 古朴 | 优美 | 韵味 | 浓郁 | 地道 | 宏伟 | 壮观,动人 | 美妙 | 引人入胜 | 壮丽 | 奇特 | 迷人 | 壮观 | 优美 | 生动 | 感人 | 扣人心弦 | 韵味 | 古朴 | 惊心动魄 | 奇妙 | 动听 | 浓郁 | 独特 | 宏伟 | 新奇 | 逼真 | 雄伟 | 悦耳 | 酣畅 | 醇厚 | 宏大 | 震撼 | 诱人 | 精彩 | 富有 | 动感 | 耐人寻味 | 丰富多彩 | 华丽 | 神奇 | 惊险 | 气势 | 气派 | 感染力 | 鲜明 | 非凡 | 耳目一新 | 风情 | 原汁原味 | 与众不同 | 惊天动地 | 神秘 | 可歌可泣 | 深远 | 绘声绘色 | 曲折 | 鲜活 | 庄严 | 崭新 | 有声有色 | 无比 | 轰动 | 地道,57.99995485033563,0.9999895877514464,0.00001966245721719713,壮丽:1.000000 | 壮观:1.000000 | 宏伟:1.000000 | 感人:1.000000 | 扣人心弦:1.000000 | 生动:1.000000 | 诱人:1.000000 | 感染力:1.000000 | 动人:1.000000 | 奇特:1.000000 | 震撼:1.000000 | 惊天动地:1.000000,
155,49,0.27950749596462415,-0.00870129924646281,0.5510204081632653,波澜 | 谜团 | 风波 | 隐情 | 疑点 | 悬念 | 波折 | 沸沸扬扬 | 传言 | 玄机 | 结局 | 疑问,火花 | 风暴 | 意料 | 预感 | 之中 | 关头 | 哗然 | 传出,波折 | 疑问 | 传闻 | 局势 | 疑点 | 转折 | 谜底 | 隐情 | 风波 | 分歧 | 波澜 | 议,波澜 | 谜团 | 风波 | 隐情 | 疑点 | 悬念 | 波折 | 沸沸扬扬 | 传言 | 玄机 | 结局 | 疑问 | 谜 | 水落石出 | 传闻 | 导火索 | 争议 | 谜底 | 迭起 | 真相 | 哗然 | 预兆 | 峰回路转 | 分歧 | 旋涡 | 转折 | 意料之外 | 事件 | 预感 | 巧合 | 意料 | 局势 | 消息 | 兆头 | 平息 | 事态 | 话题 | 焦点 | 未知数 | 转机 | 议 | 传出 | 不得而知 | 风云 | 了结 | 火花 | 关头 | 之中 | 风暴,49.00123740173565,0.9999928829523119,0.000012771673464549585,悬念:1.000000 | 沸沸扬扬:1.000000 | 波澜:1.000000 | 谜:1.000000 | 转机:1.000000 | 水落石出:1.000000 | 预兆:1.000000 | 谜团:1.000000 | 火花:1.000000 | 玄机:1.000000 | 议:1.000000 | 隐情:1.000000,
156,38,0.30096970160410264,0.008719156513267134,0.4473684210526316,习俗 | 规矩 | 风俗 | 古人 | 俗 | 忌讳 | 学问 | 礼仪 | 俗语 | 儒家 | 禁忌 | 人情,讲究 | 学问 | 文人 | 私事 | 公事 | 君子 | 忌讳 | 俗语,风气 | 大事 | 私事 | 惯例 | 利害 | 俗语 | 八卦 | 学问 | 场合 | 人情 | 俗话 | 是非,习俗 | 规矩 | 风俗 | 古人 | 俗 | 忌讳 | 学问 | 礼仪 | 俗语 | 儒家 | 禁忌 | 人情 | 古代 | 讲究 | 圣贤 | 约定俗成 | 文人 | 习惯 | 风水 | 俗话 | 风气 | 私事 | 君子 | 常识 | 利害 | 公事 | 古今中外 | 惯例 | 得失 | 向来 | 占卜 | 大事 | 朝代 | 忌 | 八卦 | 历来 | 是非 | 场合,37.995460692069905,0.9998793274874016,0.00016404007770349255,习俗:1.000000 | 人情:1.000000 | 公事:1.000000 | 场合:1.000000 | 礼仪:1.000000 | 私事:1.000000 | 规矩:1.000000 | 风水:1.000000 | 古人:1.000000 | 得失:1.000000 | 俗:1.000000 | 习惯:1.000000,
157,51,0.28676153409441413,-0.0419657330637353,0.7450980392156863,后代 | 后裔 | 辈 | 祖籍 | 晚年 | 一生 | 年迈 | 去世 | 出生 | 出身 | 生前 | 家族,夫人 | 师长 | 仇人 | 性命 | 夫妇 | 世袭 | 独身 | 母,生平 | 夫人 | 早年 | 性命 | 配偶 | 族 | 岁数 | 终生 | 辈 | 母 | 本人 | 身高,后代 | 后裔 | 辈 | 祖籍 | 晚年 | 一生 | 年迈 | 去世 | 出生 | 出身 | 生前 | 家族 | 岁 | 岁数 | 年纪 | 世袭 | 逝世 | 早年 | 生平 | 传人 | 姓氏 | 配偶 | 高龄 | 从小 | 世代 | 年龄 | 终生 | 夫妇 | 父子 | 独身 | 血缘 | 姓 | 弟子 | 成年 | 故乡 | 仇人 | 夫人 | 身高 | 生涯 | 祖传 | 国籍 | 一代 | 本人 | 孪生 | 接班人 | 终身 | 性命 | 师长 | 受过 | 族 | 母,50.99428768823906,0.9996918991924943,0.0003909926241471237,终生:1.000000 | 终身:1.000000 | 高龄:1.000000 | 家族:1.000000 | 性命:1.000000 | 祖传:1.000000 | 逝世:1.000000 | 生涯:1.000000 | 晚年:1.000000 | 年迈:1.000000 | 去世:1.000000 | 世代:1.000000,
158,40,0.2840996614178992,-0.004940253547260487,0.625,熏陶 | 弘扬 | 孕育 | 陶冶 | 培养 | 传承 | 启发 | 激发 | 哺育 | 凝聚 | 造就 | 积淀,领会 | 投身 | 哺育 | 结晶 | 联想 | 提炼 | 学会 | 启蒙,启发 | 激发 | 普及 | 传播 | 领会 | 投身 | 开创 | 发明 | 潜移默化 | 传承 | 学会 | 借鉴,熏陶 | 弘扬 | 孕育 | 陶冶 | 培养 | 传承 | 启发 | 激发 | 哺育 | 凝聚 | 造就 | 积淀 | 创造 | 吸取 | 唤起 | 传授 | 启蒙 | 灌输 | 继承 | 开创 | 实践 | 潜移默化 | 养成 | 提炼 | 启迪 | 融入 | 传播 | 领会 | 萌发 | 吸收 | 借鉴 | 普及 | 增进 | 结晶 | 革新 | 投身 | 发明 | 萌芽 | 学会 | 联想,40.02126152430129,0.9999999590325779,1.2549907517086964e-7,启发:1.000000 | 熏陶:1.000000 | 继承:1.000000 | 萌发:1.000000 | 传授:1.000000 | 启蒙:1.000000 | 发明:1.000000 | 积淀:1.000000 | 养成:1.000000 | 萌芽:1.000000 | 启迪:1.000000 | 灌输:1.000000,扎根:0.019249
159,129,0.1956720534030241,-0.039887052418736406,0.7984496124031008,福 | 德 | 利 | 盛 | 合 | 信 | 富 | 宝 | 安 | 胜 | 旺 | 格,节 | 服 | 市 | 如意 | 日报 | 坛 | 塔 | 同,〇 | 筑 | 番 | 远 | 产 | 限 | 格 | 二 | 百 | 团 | 之 | 销,福 | 德 | 利 | 盛 | 合 | 信 | 富 | 宝 | 安 | 胜 | 旺 | 格 | 金 | 腾 | 通 | 融 | 汇 | 城 | 优 | 聚 | 银 | 立 | 景 | 创 | 运 | 科 | 精 | 九 | 特 | 屯 | 傲 | 佛 | 业 | 良 | 公 | 兹 | 港 | 七 | 证 | 品 | 六 | 环 | 百 | 洋 | 延 | 文 | 五 | 八 | 迈 | 平 | 美 | 国 | 三 | 产 | 评 | 矿 | 堂 | 功 | 齐 | 云 | 销 | 四 | 唯 | 方 | 乐 | 丙 | 甲 | 服 | 投 | 法 | 院 | 标 | 网 | 库 | 广 | 万 | 险 | 电 | 二 | 平安 | 丁 | 集 | 社 | 太平 | 双 | 蒙 | 如意 | 塔 | 代 | 盘 | 乙 | 吉利 | 列 | 千 | 市 | 谱 | 罗 | 临 | 筑 | 独 | 宗 | 坛 | 核 | 致 | 团 | 本 | 大 | 主 | 限 | 合伙 | 同 | 首 | 局 | 持 | 远 | 家 | 报 | 系 | 全 | 表 | 之 | 日报 | 负 | 节 | 番 | 许 | 底 | 〇 | 起,128.5607311492673,0.9954836871590181,0.004046921394245698,持:1.000000 | 胜:1.000000 | 富:1.000000 | 乙:1.000000 | 番:1.000000 | 宗:1.000000 | 集:1.000000 | 平:1.000000 | 库:1.000000 | 广:1.000000 | 唯:1.000000 | 独:1.000000,十:0.032909 | 渡:0.030971 | 北京:0.011213
160,59,0.3965283209155432,0.05305822718969815,0.2033898305084746,煮 | 拌 | 煎 | 烤 | 炖 | 蘸 | 烫 | 蒸 | 熬 | 浇 | 淋 | 涮,脆 | 吃 | 吐 | 喷 | 口水 | 爆 | 剥 | 闷,糊 | 闷 | 糟 | 喝 | 煎 | 泼 | 炖 | 炸 | 脆 | 淋 | 烧 | 呛,煮 | 拌 | 煎 | 烤 | 炖 | 蘸 | 烫 | 蒸 | 熬 | 浇 | 淋 | 涮 | 糊 | 烧 | 嚼 | 锅 | 熏 | 开水 | 炸 | 腥 | 喝 | 泡 | 凉水 | 吃 | 勺 | 搅 | 煲 | 掺 | 沾 | 泼 | 冻 | 闷 | 熟 | 洗 | 洒 | 炒 | 沏 | 抹 | 呛 | 撒 | 凉 | 脆 | 咸 | 吐 | 稠 | 灌 | 饱 | 渣子 | 干 | 剥 | 喷 | 糟 | 滴 | 榨 | 酸 | 尝 | 口水 | 火候 | 爆,59.008111738066454,0.999994307470049,0.000011052091471793194,火候:1.000000 | 掺:1.000000 | 沏:1.000000 | 熬:1.000000 | 尝:1.000000 | 吃:1.000000 | 嚼:1.000000 | 炒:1.000000 | 洒:1.000000 | 涮:1.000000 | 蒸:1.000000 | 喝:1.000000,
161,47,0.42471750298196187,0.142469352008257,0.10638297872340426,春节 | 中秋节 | 除夕 | 元宵节 | 清明节 | 圣诞节 | 元旦 | 过年 | 节日 | 佳节 | 端午节 | 假期,喜酒 | 扫墓 | 晚餐 | 节气 | 请客 | 喜事 | 聚会 | 开学,节气 | 国庆 | 过节 | 喜事 | 团圆 | 节假日 | 圣诞节 | 年夜饭 | 放假 | 初一 | 新年 | 过年,春节 | 中秋节 | 除夕 | 元宵节 | 清明节 | 圣诞节 | 元旦 | 过年 | 节日 | 佳节 | 端午节 | 假期 | 新年 | 过节 | 长假 | 放假 | 国庆 | 节假日 | 暑假 | 寒假 | 假日 | 农历 | 腊月 | 星期天 | 周末 | 年夜饭 | 清明 | 拜年 | 扫墓 | 生日 | 团圆 | 庙会 | 休假 | 开学 | 每逢 | 初一 | 暑期 | 星期日 | 送礼 | 节气 | 张灯结彩 | 晚餐 | 聚会 | 礼拜 | 请客 | 喜事 | 喜酒,46.99977327149253,0.9999949117432136,8.980878747583475e-6,中秋节:1.000000 | 假日:1.000000 | 假期:1.000000 | 元宵节:1.000000 | 寒假:1.000000 | 扫墓:1.000000 | 清明:1.000000 | 清明节:1.000000 | 端午节:1.000000 | 节气:1.000000 | 过节:1.000000 | 除夕:1.000000,
162,77,0.2861602452605669,0.021760625960848646,0.24675324675324675,拓展 | 构建 | 推进 | 整合 | 融合 | 深化 | 推动 | 发展 | 协同 | 优化 | 延伸 | 打造,起到 | 桥梁 | 相辅相成 | 循环 | 促进 | 完善 | 强化 | 汇聚,开拓 | 相辅相成 | 孵化 | 注入 | 协作 | 建设 | 互补 | 拓展 | 发展 | 创新 | 奠定 | 规划,拓展 | 构建 | 推进 | 整合 | 融合 | 深化 | 推动 | 发展 | 协同 | 优化 | 延伸 | 打造 | 促进 | 开拓 | 打通 | 培育 | 建设 | 搭建 | 布局 | 衔接 | 完善 | 强化 | 扩展 | 连接 | 拓宽 | 创新 | 贯通 | 载体 | 转型 | 引领 | 推广 | 互补 | 应用 | 协作 | 渗透 | 依托 | 转化 | 形成 | 开发 | 纽带 | 升级 | 战略 | 结合 | 孵化 | 纵深 | 配套 | 相辅相成 | 落地 | 良性 | 示范 | 规划 | 枢纽 | 汇聚 | 贯穿 | 运作 | 接轨 | 奠定 | 跨越 | 深度 | 框架 | 领域 | 定位 | 长效 | 辐射 | 注入 | 有机 | 核心 | 一体 | 开放 | 迁移 | 桥梁 | 基地 | 化 | 源头 | 循环 | 起到 | 分支,77.23927542410154,0.9994709082171168,0.0006735051452008474,贯通:1.000000 | 迁移:1.000000 | 贯穿:1.000000 | 打通:1.000000 | 衔接:1.000000 | 渗透:1.000000 | 纽带:1.000000 | 互补:1.000000 | 布局:1.000000 | 协同:1.000000 | 基地:1.000000 | 相辅相成:1.000000,增强:0.253725
163,27,0.38815879532508696,0.06627304938226308,0.037037037037037035,精妙 | 精致 | 简洁 | 别致 | 新颖 | 细腻 | 巧妙 | 流畅 | 工整 | 精美 | 精细 | 贴切,有趣 | 巧 | 自如 | 细微 | 恰如其分 | 贴切 | 立体 | 精美,多样 | 巧 | 自如 | 画龙点睛 | 紧凑 | 精美 | 别致 | 别具匠心 | 流畅 | 恰到好处 | 精妙 | 完美,精妙 | 精致 | 简洁 | 别致 | 新颖 | 细腻 | 巧妙 | 流畅 | 工整 | 精美 | 精细 | 贴切 | 别具匠心 | 精练 | 恰到好处 | 紧凑 | 完美 | 恰如其分 | 有趣 | 巧 | 多样 | 得当 | 画龙点睛 | 实用 | 立体 | 自如 | 细微,27.000016637054795,0.9999999907420208,2.8458782066801346e-8,别具匠心:1.000000 | 工整:1.000000 | 巧:1.000000 | 巧妙:1.000000 | 恰到好处:1.000000 | 流畅:1.000000 | 精练:1.000000 | 精细:1.000000 | 精美:1.000000 | 细微:1.000000 | 立体:1.000000 | 得当:1.000000,
164,21,0.382120201415471,0.0956897832382405,0.047619047619047616,私自 | 擅自 | 不许 | 故意 | 不准 | 公然 | 偷偷 | 随意 | 强行 | 严禁 | 禁止 | 无故,存心 | 预先 | 竟敢 | 偷偷 | 当众 | 事先 | 私下 | 公然,偷偷 | 随意 | 严禁 | 不许 | 私自 | 任意 | 存心 | 当众 | 强迫 | 事先 | 单独 | 竟敢,私自 | 擅自 | 不许 | 故意 | 不准 | 公然 | 偷偷 | 随意 | 强行 | 严禁 | 禁止 | 无故 | 强迫 | 竟敢 | 私下 | 存心 | 当众 | 单独 | 任意 | 事先 | 预先,21.000006750991595,0.9999999999904929,4.304052930185516e-11,不准:1.000000 | 不许:1.000000 | 任意:1.000000 | 偷偷:1.000000 | 公然:1.000000 | 单独:1.000000 | 强行:1.000000 | 当众:1.000000 | 擅自:1.000000 | 故意:1.000000 | 无故:1.000000 | 私下:1.000000,
165,59,0.3875474003284009,0.08501859541137305,0.03389830508474576,急忙 | 赶忙 | 连忙 | 忽然 | 立刻 | 慌忙 | 猛然 | 赶紧 | 突然 | 顿时 | 马上 | 随即,竟 | 连滚带爬 | 匆忙 | 然后 | 顾不上 | 不禁 | 转身 | 赫然,骤然 | 随手 | 情不自禁 | 不禁 | 立刻 | 一瞬间 | 匆匆 | 一口气 | 顾不得 | 忍不住 | 顿时 | 一下子,急忙 | 赶忙 | 连忙 | 忽然 | 立刻 | 慌忙 | 猛然 | 赶紧 | 突然 | 顿时 | 马上 | 随即 | 忍不住 | 不由得 | 情不自禁 | 一下子 | 立即 | 当即 | 悄悄 | 不禁 | 匆匆 | 禁不住 | 不由自主 | 下意识 | 不一会儿 | 便 | 顾不得 | 赶快 | 转身 | 缓缓 | 一瞬间 | 灵机一动 | 顺手 | 迫不及待 | 转眼 | 连滚带爬 | 瞬间 | 渐渐 | 骤然 | 接着 | 一刹那 | 匆忙 | 火速 | 不知不觉 | 来不及 | 一齐 | 顾不上 | 然后 | 一晃 | 紧接着 | 不约而同 | 随手 | 不经意 | 当场 | 一口气 | 竟 | 快要 | 来得及 | 赫然,58.98227374953567,0.9996899333916313,0.00035247630092351446,匆忙:1.000000 | 当即:1.000000 | 急忙:1.000000 | 慌忙:1.000000 | 猛然:1.000000 | 瞬间:1.000000 | 赫然:1.000000 | 赶忙:1.000000 | 连忙:1.000000 | 不禁:1.000000 | 当场:1.000000 | 不由得:1.000000,
166,65,0.1869920155541879,-0.06997766836492121,1.0,横向 | 上方 | 位置 | 侧面 | 空隙 | 侧 | 通道 | 处 | 间 | 内 | 内外 | 边缘,此处 | 上 | 右 | 初步 | 左 | 临时 | 码 | 窗口,间隙 | 段 | 单元 | 通道 | 临时 | 就近 | 右 | 入口 | 部 | 位置 | 地点 | 中心,横向 | 上方 | 位置 | 侧面 | 空隙 | 侧 | 通道 | 处 | 间 | 内 | 内外 | 边缘 | 内部 | 各个 | 间隙 | 各 | 圈 | 距离 | 上下 | 入口 | 中央 | 窗口 | 线 | 层 | 阶梯 | 组 | 上 | 之内 | 双向 | 段 | 三角 | 就近 | 依次 | 中心 | 随机 | 此处 | 即可 | 单元 | 正面 | 分组 | 条 | 同步 | 码 | 步 | 局部 | 跨 | 左 | 右 | 一道 | 栏 | 各自 | 地点 | 所在 | 空白 | 附属 | 其间 | 部 | 图 | 所属 | 初步 | 号 | 中等 | 临时 | 供 | 第,65.03326977639502,0.999342895290145,0.0007980967652577127,空隙:1.000000 | 间隙:1.000000 | 侧面:1.000000 | 位置:1.000000 | 左:1.000000 | 地点:1.000000 | 一道:1.000000 | 上方:1.000000 | 处:1.000000 | 上下:1.000000 | 各:1.000000 | 右:1.000000,四:0.032331 | 若干:0.027187
167,38,0.3346123101507246,0.029355982098314182,0.2894736842105263,挣钱 | 挣 | 钱 | 赚 | 赚钱 | 赔钱 | 零花钱 | 发财 | 掏钱 | 做生意 | 钱财 | 穷人,嫁妆 | 饭碗 | 雇 | 大款 | 打官司 | 出头 | 走后门 | 苦力,苦力 | 钱 | 嫁妆 | 一毛不拔 | 赚钱 | 修车 | 发财 | 炒股 | 靠 | 饭碗 | 手头 | 零花钱,挣钱 | 挣 | 钱 | 赚 | 赚钱 | 赔钱 | 零花钱 | 发财 | 掏钱 | 做生意 | 钱财 | 穷人 | 省钱 | 养活 | 私房钱 | 大款 | 亏本 | 过日子 | 倾家荡产 | 富人 | 雇 | 打官司 | 买不起 | 炒股 | 苦力 | 修车 | 金钱 | 沾光 | 走后门 | 生意 | 嫁妆 | 花 | 亏 | 一毛不拔 | 靠 | 手头 | 饭碗 | 出头,38.0005562750606,0.9999985421663924,2.979788968824212e-6,亏本:1.000000 | 养活:1.000000 | 出头:1.000000 | 发财:1.000000 | 嫁妆:1.000000 | 省钱:1.000000 | 赔钱:1.000000 | 赚钱:1.000000 | 雇:1.000000 | 私房钱:1.000000 | 赚:1.000000 | 掏钱:1.000000,
168,40,0.2843287501528946,0.025015521004704555,0.375,特价 | 打折 | 折扣 | 优惠 | 价格 | 低价 | 降价 | 价位 | 售价 | 促销 | 价钱 | 高价,拿到 | 新款 | 超 | 享 | 筹 | 一次性 | 券 | 档,折 | 档次 | 价格 | 单 | 购 | 享 | 封顶 | 平价 | 价 | 一次性 | 售价 | 高价,特价 | 打折 | 折扣 | 优惠 | 价格 | 低价 | 降价 | 价位 | 售价 | 促销 | 价钱 | 高价 | 价 | 性价比 | 定价 | 购买 | 预售 | 实惠 | 折 | 平价 | 元 | 套餐 | 购 | 新款 | 打包 | 货 | 美金 | 券 | 档次 | 套 | 享 | 封顶 | 单 | 合约 | 多元 | 一次性 | 档 | 拿到 | 筹 | 超,40.004507270502955,0.9999949463373372,0.000010718475541062831,价钱:1.000000 | 封顶:1.000000 | 打折:1.000000 | 拿到:1.000000 | 促销:1.000000 | 打包:1.000000 | 低价:1.000000 | 享:1.000000 | 优惠:1.000000 | 档次:1.000000 | 新款:1.000000 | 多元:1.000000,
169,69,0.39154504351743746,0.051781962897093005,0.15942028985507245,呀 | 啊 | 嘛 | 哎 | 唉 | 哎呀 | 哈哈 | 吧 | 咱 | 没事儿 | 哇 | 嘿,上头 | 皇上 | 出来 | 胆子 | 脑子 | 起来 | 好久 | 心眼儿,大伙儿 | 呢 | 话 | 呀 | 没事儿 | 家伙 | 够呛 | 啦 | 怎么办 | 说老实话 | 快点儿 | 人缘儿,呀 | 啊 | 嘛 | 哎 | 唉 | 哎呀 | 哈哈 | 吧 | 咱 | 没事儿 | 哇 | 嘿 | 啦 | 你 | 你们 | 干吗 | 哦 | 小偷儿 | 咱们 | 快点儿 | 没说的 | 人家 | 不行 | 不要紧 | 玩意儿 | 没关系 | 呢 | 敢情 | 没错 | 人缘儿 | 家伙 | 干什么 | 活该 | 没辙 | 实话 | 吗 | 有两下子 | 一点儿 | 晓得 | 够呛 | 废话 | 真 | 不得了 | 没法儿 | 够 | 算了 | 好家伙 | 心眼儿 | 活儿 | 怎么办 | 对不起 | 说老实话 | 大伙儿 | 脑子 | 实话实说 | 好久 | 话 | 胆子 | 慢慢来 | 个儿 | 豁出去 | 画儿 | 个头儿 | 上头 | 东西 | 得 | 皇上 | 出来 | 起来,68.9299599269719,0.9984764134873879,0.0015311587725170379,哦:1.000000 | 玩意儿:1.000000 | 啦:1.000000 | 东西:1.000000 | 废话:1.000000 | 有两下子:1.000000 | 个头儿:1.000000 | 哇:1.000000 | 咱:1.000000 | 心眼儿:1.000000 | 哎呀:1.000000 | 实话:1.000000,的话:0.024891
170,44,0.5336024855205381,0.27866511397090193,0.0,衬衣 | 衬衫 | 外套 | 短裤 | 上衣 | 大衣 | 毛衣 | 裙子 | 裤子 | 衣服 | 袜子 | 西装,背包 | 睡袋 | 打扮 | 眼镜 | 一身 | 手套 | 项链 | 戴,背包 | 裤子 | 球鞋 | 外套 | 制服 | 背心 | 戴 | 袜子 | 衣服 | 西装 | 发型 | 打扮,衬衣 | 衬衫 | 外套 | 短裤 | 上衣 | 大衣 | 毛衣 | 裙子 | 裤子 | 衣服 | 袜子 | 西装 | 牛仔裤 | 围巾 | 鞋 | 羽绒服 | 凉鞋 | 拖鞋 | 皮鞋 | 穿着 | 领带 | 背心 | 球鞋 | 内衣 | 雨衣 | 礼服 | 旗袍 | 穿 | 高跟鞋 | 手套 | 帽子 | 靴子 | 睡袋 | 外衣 | 口罩 | 制服 | 项链 | 发型 | 眼镜 | 保暖 | 打扮 | 背包 | 戴 | 一身,44.00339872908897,0.9999993239980447,1.4780416266780955e-6,保暖:1.000000 | 制服:1.000000 | 外衣:1.000000 | 短裤:1.000000 | 穿着:1.000000 | 西装:1.000000 | 上衣:1.000000 | 衬衣:1.000000 | 裙子:1.000000 | 穿:1.000000 | 衬衫:1.000000 | 靴子:1.000000,
171,55,0.29961020451871323,-0.014399803007683122,0.6545454545454545,灭亡 | 完蛋 | 崩溃 | 死心 | 倒下 | 抛弃 | 退却 | 退缩 | 没落 | 破灭 | 消失 | 半途而废,解脱 | 下去 | 醒悟 | 迷失 | 放过 | 无能为力 | 无所作为 | 一无所有,彻底 | 投降 | 没落 | 幸免 | 动摇 | 崩溃 | 面目全非 | 无所作为 | 失败 | 败 | 不辞而别 | 解体,灭亡 | 完蛋 | 崩溃 | 死心 | 倒下 | 抛弃 | 退却 | 退缩 | 没落 | 破灭 | 消失 | 半途而废 | 醒悟 | 失败 | 走投无路 | 丧失 | 遭殃 | 丢掉 | 屈服 | 投降 | 迷失 | 罢休 | 一事无成 | 失去 | 袖手旁观 | 灭绝 | 退让 | 无能为力 | 败 | 幸免 | 一无所有 | 任人宰割 | 掉队 | 厄运 | 动摇 | 倒闭 | 无所作为 | 改邪归正 | 不辞而别 | 解体 | 埋没 | 不了了之 | 下场 | 放过 | 各奔前程 | 无济于事 | 面目全非 | 彻底 | 一干二净 | 复活 | 搁浅 | 解脱 | 下去 | 止步 | 亡羊补牢,54.987728733395436,0.999765778457119,0.00024647853824060905,倒下:1.000000 | 迷失:1.000000 | 遭殃:1.000000 | 退却:1.000000 | 改邪归正:1.000000 | 面目全非:1.000000 | 各奔前程:1.000000 | 埋没:1.000000 | 丢掉:1.000000 | 彻底:1.000000 | 解脱:1.000000 | 任人宰割:1.000000,
172,31,0.3552440113249476,0.05191879808340001,0.1935483870967742,偏僻 | 狭小 | 简陋 | 荒凉 | 狭窄 | 僻静 | 破旧 | 偏远 | 拥挤 | 遥远 | 阴暗 | 宽敞,像样 | 阴暗 | 残缺 | 宽敞 | 显眼 | 繁华 | 熟悉 | 古老,单薄 | 边远 | 不起眼 | 封闭 | 显眼 | 拥挤 | 像样 | 狭小 | 陌生 | 僻静 | 偏远 | 繁华,偏僻 | 狭小 | 简陋 | 荒凉 | 狭窄 | 僻静 | 破旧 | 偏远 | 拥挤 | 遥远 | 阴暗 | 宽敞 | 单薄 | 陈旧 | 辽阔 | 陌生 | 平坦 | 笨重 | 不起眼 | 稀少 | 古老 | 窄 | 显眼 | 边远 | 稠密 | 繁华 | 隐蔽 | 熟悉 | 残缺 | 封闭 | 像样,31.00001190427969,0.9999999053712948,2.4904532027045226e-7,不起眼:1.000000 | 偏僻:1.000000 | 偏远:1.000000 | 僻静:1.000000 | 封闭:1.000000 | 平坦:1.000000 | 拥挤:1.000000 | 残缺:1.000000 | 熟悉:1.000000 | 狭小:1.000000 | 狭窄:1.000000 | 破旧:1.000000,
173,50,0.3989534343345382,0.08537672834886977,0.08,复习 | 预习 | 课 | 备课 | 上课 | 考试 | 课程 | 补习 | 选修 | 自学 | 课本 | 背诵,写作 | 听写 | 识字 | 听力 | 锻炼 | 旷课 | 学期 | 用功,复习 | 写作 | 背诵 | 试卷 | 学习 | 训 | 学时 | 作文 | 辅导 | 练习 | 功课 | 课堂,复习 | 预习 | 课 | 备课 | 上课 | 考试 | 课程 | 补习 | 选修 | 自学 | 课本 | 背诵 | 练习 | 讲课 | 学习 | 听讲 | 功课 | 考 | 作文 | 必修 | 口试 | 补考 | 听写 | 补课 | 学期 | 教学 | 练 | 学时 | 课堂 | 卷子 | 试卷 | 训练 | 写作 | 测验 | 听力 | 学 | 试题 | 温习 | 科目 | 读 | 辅导 | 用功 | 教 | 识字 | 旷课 | 作业 | 及格 | 锻炼 | 入门 | 训,49.997175604356194,0.9999161251282903,0.00012619113660573128,听力:1.000000 | 学:1.000000 | 教:1.000000 | 温习:1.000000 | 练习:1.000000 | 训练:1.000000 | 复习:1.000000 | 测验:1.000000 | 预习:1.000000 | 练:1.000000 | 识字:1.000000 | 补考:1.000000,
174,70,0.3363480892124623,0.04605625417137606,0.2,歼灭 | 抵抗 | 进攻 | 攻击 | 摧毁 | 反击 | 打败 | 反抗 | 侵略 | 对抗 | 敌人 | 对付,掠夺 | 阴谋 | 戒备 | 袭击 | 争夺 | 强盗 | 斩草除根 | 监视,核武器 | 驱逐 | 屠杀 | 抵抗 | 战场 | 攻 | 统治 | 摧毁 | 消灭 | 监视 | 打倒 | 势力,歼灭 | 抵抗 | 进攻 | 攻击 | 摧毁 | 反击 | 打败 | 反抗 | 侵略 | 对抗 | 敌人 | 对付 | 消灭 | 袭击 | 入侵 | 占领 | 作战 | 屠杀 | 战斗 | 武力 | 统治 | 牵制 | 防御 | 掠夺 | 保卫 | 打倒 | 威慑 | 毁灭 | 夺取 | 自卫 | 封锁 | 战争 | 包围 | 阴谋 | 斗争 | 轰炸 | 武装 | 防卫 | 势力 | 抵御 | 征服 | 抵挡 | 搏斗 | 堡垒 | 抗衡 | 捍卫 | 驱逐 | 攻 | 收复 | 抗争 | 战胜 | 粉碎 | 政权 | 强盗 | 武器 | 推翻 | 压倒 | 防守 | 战术 | 核武器 | 戒备 | 监视 | 战场 | 盟友 | 斩草除根 | 俘获 | 瓜分 | 解放 | 反 | 争夺,70.00631022632311,0.9998847484717768,0.00015183634780006541,包围:1.000000 | 对付:1.000000 | 戒备:1.000000 | 打败:1.000000 | 搏斗:1.000000 | 摧毁:1.000000 | 歼灭:1.000000 | 进攻:1.000000 | 防御:1.000000 | 抗衡:1.000000 | 瓜分:1.000000 | 封锁:1.000000,帝国主义:0.014136
175,65,0.294378221276627,-0.04017231593208257,0.8615384615384616,好说 | 没用 | 离谱儿 | 碍事 | 难说 | 不值 | 无所谓 | 吃亏 | 不对 | 办不到 | 不怎么样 | 错,见外 | 省事 | 过奖 | 管用 | 离谱儿 | 碍事 | 无话可说 | 得了,贵 | 出息 | 头头是道 | 不成 | 一概而论 | 无所谓 | 面子 | 不怎么样 | 见外 | 不够 | 内行 | 离谱儿,好说 | 没用 | 离谱儿 | 碍事 | 难说 | 不值 | 无所谓 | 吃亏 | 不对 | 办不到 | 不怎么样 | 错 | 罢了 | 无话可说 | 嫌 | 凑合 | 要紧 | 过不去 | 出毛病 | 不够 | 懂 | 马虎 | 得不偿失 | 管用 | 计较 | 省事 | 出息 | 孤陋寡闻 | 见仁见智 | 坏事 | 成问题 | 明白 | 少 | 看得起 | 太 | 不成 | 一塌糊涂 | 要好 | 外行 | 天经地义 | 穷 | 因人而异 | 要强 | 内行 | 面子 | 而已 | 不通 | 一概而论 | 无可厚非 | 贵 | 差 | 些 | 一锅粥 | 上当 | 有用 | 过奖 | 缺 | 赶不上 | 得了 | 头头是道 | 难 | 见外 | 多心 | 必要 | 走过场,64.95909045470266,0.9993684622819081,0.0006931693372546781,不通:1.000000 | 要紧:1.000000 | 碍事:1.000000 | 孤陋寡闻:1.000000 | 穷:1.000000 | 因人而异:1.000000 | 缺:1.000000 | 走过场:1.000000 | 懂:1.000000 | 看得起:1.000000 | 面子:1.000000 | 见外:1.000000,
176,46,0.4089972832864718,0.07657153310432566,0.08695652173913043,俊俏 | 红润 | 壮实 | 艳丽 | 苗条 | 修长 | 英俊 | 结实 | 鲜艳 | 健壮 | 柔软 | 明亮,高贵 | 优雅 | 可爱 | 醒目 | 宽阔 | 矮小 | 柔和 | 长相,甜美 | 结实 | 光泽 | 宽阔 | 秀美 | 容颜 | 修长 | 优雅 | 英俊 | 亮丽 | 柔和 | 红润,俊俏 | 红润 | 壮实 | 艳丽 | 苗条 | 修长 | 英俊 | 结实 | 鲜艳 | 健壮 | 柔软 | 明亮 | 甜美 | 光滑 | 丰满 | 晶莹 | 柔和 | 漂亮 | 高大 | 强壮 | 整洁 | 硬朗 | 优雅 | 身材 | 亮丽 | 红扑扑 | 可爱 | 容光焕发 | 光泽 | 水灵灵 | 秀美 | 秀丽 | 高贵 | 坚硬 | 容颜 | 整齐 | 外表 | 矮小 | 宽阔 | 耀眼 | 长相 | 外貌 | 饱满 | 干净 | 棱角 | 醒目,45.99635692023452,0.999911482867512,0.00010937080191206577,健壮:1.000000 | 坚硬:1.000000 | 壮实:1.000000 | 外貌:1.000000 | 容光焕发:1.000000 | 容颜:1.000000 | 干净:1.000000 | 强壮:1.000000 | 整齐:1.000000 | 棱角:1.000000 | 矮小:1.000000 | 红润:1.000000,
177,50,0.301895885917779,0.0026382572034267344,0.44,煤气 | 水管 | 炉子 | 炉灶 | 燃气 | 烟囱 | 管道 | 热水器 | 水槽 | 发电机 | 阀门 | 污水,舱 | 仓库 | 空调 | 水槽 | 水龙头 | 炉子 | 烘干 | 玻璃,放水 | 焊 | 电线 | 点火 | 高压 | 舱 | 炸药 | 玻璃 | 厂 | 供暖 | 烟囱 | 缸,煤气 | 水管 | 炉子 | 炉灶 | 燃气 | 烟囱 | 管道 | 热水器 | 水槽 | 发电机 | 阀门 | 污水 | 暖气 | 自来水 | 供暖 | 燃料 | 通风 | 电线 | 缸 | 发电 | 窑 | 水龙头 | 点火 | 尾气 | 焊 | 混凝土 | 汽油 | 天然气 | 空调 | 烘干 | 密封 | 排放 | 火药 | 取暖 | 槽 | 车间 | 核电站 | 炸药 | 工厂 | 高压 | 厂 | 玻璃 | 垃圾 | 仓库 | 出厂 | 生产 | 钢 | 舱 | 放水 | 瓦,50.070990184473736,0.9998857939970219,0.0001649230303922943,火药:1.000000 | 炉灶:1.000000 | 煤气:1.000000 | 点火:1.000000 | 车间:1.000000 | 垃圾:1.000000 | 尾气:1.000000 | 炸药:1.000000 | 厂:1.000000 | 取暖:1.000000 | 供暖:1.000000 | 暖气:1.000000,燃油:0.024251 | 太阳能:0.018138 | 电:0.012832
178,64,0.24531914892814674,-0.04120469654015111,0.890625,可以 | 统统 | 它 | 能 | 能够 | 无法 | 容易 | 全都 | 完全 | 才能 | 自然而然 | 真正,千万 | 自然而然 | 以免 | 有的是 | 来 | 一时 | 诸如此类 | 必须,一经 | 最好 | 可以 | 做到 | 从头 | 当 | 千万 | 永远 | 不易 | 抛开 | 从中 | 必须,可以 | 统统 | 它 | 能 | 能够 | 无法 | 容易 | 全都 | 完全 | 才能 | 自然而然 | 真正 | 永远 | 通通 | 必须 | 它们 | 随时随地 | 难以 | 一概 | 随时 | 足以 | 当成 | 当作 | 可 | 既 | 变成 | 一切 | 以免 | 如何 | 让 | 怎样 | 无形中 | 反过来 | 不再 | 如同 | 任何 | 不易 | 看成 | 需要 | 做到 | 当 | 被 | 直接 | 丝毫 | 全部 | 自然 | 无须 | 等于 | 抛开 | 来 | 从头 | 不可避免 | 有朝一日 | 一一 | 最好 | 一经 | 一时 | 放到 | 只 | 千万 | 从中 | 诸如此类 | 成 | 有的是,63.768748676336685,0.9961278003729978,0.0030634003177070932,随时随地:1.000000 | 从中:1.000000 | 不易:1.000000 | 统统:1.000000 | 可:1.000000 | 做到:1.000000 | 直接:1.000000 | 容易:1.000000 | 被:1.000000 | 它:1.000000 | 随时:1.000000 | 能够:1.000000,
179,45,0.3964428426171891,0.05587030002939374,0.022222222222222223,吵嘴 | 胡闹 | 吵架 | 发脾气 | 闹着玩儿 | 打岔 | 说闲话 | 打架 | 撒谎 | 唠叨 | 吵 | 逞能,爱理不理 | 随大溜 | 使唤 | 打招呼 | 打岔 | 笑话 | 争吵 | 看热闹,出洋相 | 打招呼 | 闹 | 开玩笑 | 随大溜 | 打岔 | 碰钉子 | 吵架 | 指手画脚 | 挨打 | 出丑 | 唠叨,吵嘴 | 胡闹 | 吵架 | 发脾气 | 闹着玩儿 | 打岔 | 说闲话 | 打架 | 撒谎 | 唠叨 | 吵 | 逞能 | 吹牛 | 说话 | 耍赖 | 出洋相 | 争吵 | 捣乱 | 开玩笑 | 絮叨 | 闹事 | 告状 | 说谎 | 闹 | 挨打 | 发火 | 出丑 | 搞鬼 | 爱理不理 | 笑话 | 穿小鞋 | 敲边鼓 | 较劲 | 打招呼 | 看热闹 | 出风头 | 随大溜 | 碰钉子 | 打仗 | 诉苦 | 指手画脚 | 使唤 | 作对 | 算账 | 泼冷水,45.001559364079505,0.9999993541218903,1.4331787226322696e-6,出丑:1.000000 | 吵:1.000000 | 吵嘴:1.000000 | 吵架:1.000000 | 打仗:1.000000 | 絮叨:1.000000 | 闹:1.000000 | 算账:1.000000 | 耍赖:1.000000 | 说话:1.000000 | 唠叨:1.000000 | 告状:1.000000,
180,55,0.2854244132933306,-0.025348677592654602,0.7090909090909091,毁 | 埋 | 碎 | 漏 | 塌 | 凿 | 割 | 淹 | 断 | 堵 | 卸 | 拆,搁 | 摊 | 藏 | 倒 | 栽 | 落 | 刻 | 斩,造 | 灭 | 剩 | 堵 | 废 | 淹 | 挖 | 斗 | 塌 | 摊 | 乱 | 埋,毁 | 埋 | 碎 | 漏 | 塌 | 凿 | 割 | 淹 | 断 | 堵 | 卸 | 拆 | 掉 | 坏 | 搁 | 磨 | 栽 | 脱 | 死 | 倒 | 陷 | 落 | 吞 | 修 | 填 | 铺 | 垮 | 造 | 坑 | 残 | 破 | 盖 | 窝 | 灭 | 挖 | 截 | 斩 | 乱 | 损 | 剩 | 窟窿 | 斗 | 揭 | 积 | 刻 | 耗 | 整 | 荒 | 劫 | 废 | 摊 | 藏 | 排 | 隔 | 牢,55.02407214866589,0.9999653549379798,0.00005683561557842791,断:1.000000 | 毁:1.000000 | 栽:1.000000 | 窟窿:1.000000 | 淹:1.000000 | 牢:1.000000 | 埋:1.000000 | 陷:1.000000 | 堵:1.000000 | 残:1.000000 | 修:1.000000 | 荒:1.000000,败:0.012231
181,32,0.33341078627897036,0.04976039543361352,0.1875,摆动 | 旋转 | 转动 | 跳跃 | 摇晃 | 弯曲 | 跳动 | 摇摆 | 下坠 | 站立 | 奔跑 | 静止,投射 | 环绕 | 原地 | 飞速 | 后退 | 行走 | 站立 | 物体,物体 | 转动 | 静止 | 摇摆 | 飞速 | 后退 | 滚动 | 投射 | 站立 | 倾斜 | 下坠 | 跳动,摆动 | 旋转 | 转动 | 跳跃 | 摇晃 | 弯曲 | 跳动 | 摇摆 | 下坠 | 站立 | 奔跑 | 静止 | 起伏 | 后退 | 飞翔 | 波浪 | 行走 | 伸缩 | 变换 | 向前 | 物体 | 队形 | 直线 | 忽高忽低 | 倾斜 | 飞速 | 滚动 | 环绕 | 原地 | 交替 | 曲线 | 投射,32.00025326665991,0.9999999996744457,1.2638606281365765e-9,交替:1.000000 | 奔跑:1.000000 | 忽高忽低:1.000000 | 摆动:1.000000 | 摇摆:1.000000 | 摇晃:1.000000 | 旋转:1.000000 | 起伏:1.000000 | 跳动:1.000000 | 跳跃:1.000000 | 转动:1.000000 | 队形:1.000000,
182,38,0.3512483516635818,0.042834164409754384,0.15789473684210525,针灸 | 保健 | 药物 | 中药 | 中医 | 疗法 | 疗效 | 偏方 | 养生 | 秘方 | 美容 | 药方,口腔 | 医学 | 用法 | 长寿 | 兴奋剂 | 健康 | 减压 | 抗生素,秘方 | 忌口 | 用法 | 戒烟 | 养生 | 针灸 | 功效 | 药方 | 疗效 | 减肥 | 按摩 | 治,针灸 | 保健 | 药物 | 中药 | 中医 | 疗法 | 疗效 | 偏方 | 养生 | 秘方 | 美容 | 药方 | 减肥 | 止咳 | 抗生素 | 功效 | 穴位 | 药 | 处方 | 止血 | 戒烟 | 饮食 | 营养 | 忌口 | 预防 | 医学 | 药品 | 按摩 | 防治 | 膳食 | 口腔 | 根治 | 治 | 健康 | 兴奋剂 | 长寿 | 减压 | 用法,37.9999106467767,0.9999955654086026,8.171279263596716e-6,偏方:1.000000 | 健康:1.000000 | 养生:1.000000 | 减压:1.000000 | 忌口:1.000000 | 按摩:1.000000 | 根治:1.000000 | 秘方:1.000000 | 美容:1.000000 | 药方:1.000000 | 长寿:1.000000 | 预防:1.000000,
183,57,0.36033377015625634,0.04135855634658685,0.15789473684210525,侮辱 | 诽谤 | 挑衅 | 迫害 | 谴责 | 阻挠 | 讹诈 | 恐吓 | 侵犯 | 指责 | 纵容 | 虐待,猖狂 | 警告 | 歧视 | 指责 | 无恶不作 | 背叛 | 抨击 | 暴力,插手 | 违背 | 报复 | 抨击 | 制止 | 指责 | 侵害 | 推卸 | 伤害 | 侵犯 | 剥夺 | 恐吓,侮辱 | 诽谤 | 挑衅 | 迫害 | 谴责 | 阻挠 | 讹诈 | 恐吓 | 侵犯 | 指责 | 纵容 | 虐待 | 殴打 | 骚扰 | 侵害 | 报复 | 无理 | 威胁 | 破坏 | 干涉 | 抨击 | 煽动 | 伤害 | 歪曲 | 惩罚 | 祸害 | 妨害 | 损害 | 触犯 | 抗议 | 歧视 | 猖狂 | 背叛 | 怠工 | 制止 | 侵占 | 强占 | 揭露 | 制裁 | 剥夺 | 抵制 | 暴力 | 揭发 | 危害 | 打击 | 违背 | 反对 | 无恶不作 | 霸占 | 害 | 遭到 | 插手 | 矛头 | 挑起 | 推卸 | 警告 | 倾销,57.0011162208118,0.9999872813522408,0.000021001093894609215,揭露:1.000000 | 插手:1.000000 | 祸害:1.000000 | 虐待:1.000000 | 剥夺:1.000000 | 谴责:1.000000 | 侵害:1.000000 | 骚扰:1.000000 | 矛头:1.000000 | 怠工:1.000000 | 伤害:1.000000 | 无恶不作:1.000000,
184,50,0.3180897712240617,0.005886039638606055,0.42,影星 | 歌星 | 演员 | 歌手 | 帅哥 | 明星 | 偶像 | 大腕儿 | 巨星 | 美女 | 主演 | 球星,公主 | 女 | 小姐 | 歌手 | 宝贝 | 爵士 | 出演 | 双胞胎,偶像 | 出道 | 英雄 | 搭档 | 女 | 帅哥 | 吉祥物 | 主人公 | 出演 | 巨星 | 宝贝 | 绰号,影星 | 歌星 | 演员 | 歌手 | 帅哥 | 明星 | 偶像 | 大腕儿 | 巨星 | 美女 | 主演 | 球星 | 艺人 | 主角 | 模特儿 | 替身 | 人物 | 美人 | 小丑 | 出演 | 搭档 | 代言人 | 名人 | 高手 | 新人 | 摄影师 | 演艺圈 | 公主 | 王子 | 角色 | 小姐 | 主人公 | 杀手 | 主持人 | 女 | 出道 | 宝贝 | 大师 | 英雄 | 男 | 跑龙套 | 小卒 | 王牌 | 双胞胎 | 绰号 | 外号 | 天使 | 幕后 | 爵士 | 吉祥物,49.99393354444085,0.9998314740736655,0.00022353953044447657,外号:1.000000 | 替身:1.000000 | 绰号:1.000000 | 角色:1.000000 | 主角:1.000000 | 高手:1.000000 | 大腕儿:1.000000 | 美女:1.000000 | 跑龙套:1.000000 | 歌星:1.000000 | 搭档:1.000000 | 幕后:1.000000,
185,31,0.33828528338974106,0.06271309752648627,0.16129032258064516,瑰宝 | 文物 | 藏品 | 珍藏 | 遗址 | 古迹 | 博物馆 | 宝藏 | 保存 | 珍贵 | 宝库 | 壁画,遗址 | 印刷术 | 展出 | 精华 | 流传 | 公元 | 名胜 | 失传,珍藏 | 遗产 | 化石 | 展出 | 矿藏 | 出土 | 陈列 | 造纸术 | 遗址 | 古 | 珍贵 | 精华,瑰宝 | 文物 | 藏品 | 珍藏 | 遗址 | 古迹 | 博物馆 | 宝藏 | 保存 | 珍贵 | 宝库 | 壁画 | 收藏 | 出土 | 国宝 | 名胜 | 陈列 | 遗产 | 矿藏 | 埋藏 | 化石 | 失传 | 完好 | 标本 | 展出 | 造纸术 | 流传 | 古 | 印刷术 | 精华 | 公元,30.99999936660418,0.999999895784476,2.916694316277105e-7,保存:1.000000 | 出土:1.000000 | 印刷术:1.000000 | 埋藏:1.000000 | 失传:1.000000 | 完好:1.000000 | 宝库:1.000000 | 宝藏:1.000000 | 收藏:1.000000 | 文物:1.000000 | 珍藏:1.000000 | 珍贵:1.000000,
186,75,0.3997414677755599,0.030211925049192304,0.36,箱子 | 梳子 | 钳子 | 垫子 | 棍子 | 杯子 | 毯子 | 绳子 | 刷子 | 剪子 | 叉子 | 脸盆,纽扣 | 地毯 | 戒指 | 辫子 | 皮包 | 被子 | 蚊帐 | 毛巾,剪刀 | 圆珠笔 | 铲子 | 手里 | 毛笔 | 棍子 | 毯子 | 胶带 | 剪子 | 钢笔 | 钉子 | 木头,箱子 | 梳子 | 钳子 | 垫子 | 棍子 | 杯子 | 毯子 | 绳子 | 刷子 | 剪子 | 叉子 | 脸盆 | 筷子 | 枕头 | 衣架 | 水壶 | 剪刀 | 扇子 | 毛巾 | 瓶子 | 铲子 | 竹竿 | 木板 | 被子 | 帘子 | 皮包 | 帐子 | 手帕 | 木头 | 把手 | 书包 | 拉锁 | 牙刷 | 梯子 | 铅笔 | 蚊帐 | 吸管 | 橡皮 | 盖子 | 树枝 | 钉子 | 盒子 | 圆珠笔 | 兜儿 | 钢笔 | 火柴 | 拐杖 | 盘子 | 皮带 | 毛笔 | 筐 | 棺材 | 绷带 | 尺子 | 卡子 | 石头 | 架子 | 纽扣 | 辫子 | 柱子 | 管子 | 口袋 | 胶带 | 蜡烛 | 易拉罐 | 花瓶 | 沙子 | 伞 | 球拍 | 地毯 | 戒指 | 纸 | 牌子 | 硬币 | 手里,74.94956506662909,0.9990471590933938,0.0009202400027359036,架子:1.000000 | 兜儿:1.000000 | 毛笔:1.000000 | 梳子:1.000000 | 绷带:1.000000 | 圆珠笔:1.000000 | 杯子:1.000000 | 棺材:1.000000 | 扇子:1.000000 | 花瓶:1.000000 | 水壶:1.000000 | 筷子:1.000000,墨水:0.013920
187,25,0.44923137587606937,0.17565387947802186,0.12,汉语 | 英语 | 法语 | 俄语 | 日语 | 外语 | 口语 | 普通话 | 英文 | 语言 | 西班牙语 | 中文,出口成章 | 通俗 | 抑扬顿挫 | 朗读 | 交际 | 华语 | 语音 | 口语,抑扬顿挫 | 出口成章 | 流利 | 口音 | 英文 | 日语 | 外语 | 汉语 | 朗读 | 西班牙语 | 华语 | 中文,汉语 | 英语 | 法语 | 俄语 | 日语 | 外语 | 口语 | 普通话 | 英文 | 语言 | 西班牙语 | 中文 | 方言 | 流利 | 阿拉伯语 | 翻译 | 口音 | 朗读 | 语音 | 华语 | 外文 | 交际 | 抑扬顿挫 | 通俗 | 出口成章,25.00014526767217,0.9999999999952882,2.216795812853569e-11,交际:1.000000 | 俄语:1.000000 | 口音:1.000000 | 抑扬顿挫:1.000000 | 方言:1.000000 | 普通话:1.000000 | 法语:1.000000 | 流利:1.000000 | 英文:1.000000 | 西班牙语:1.000000 | 通俗:1.000000 | 中文:1.000000,
188,30,0.415573528672418,0.13643253639192562,0.03333333333333333,墓 | 坟 | 坟墓 | 墓地 | 墓碑 | 葬 | 公墓 | 祭奠 | 祭祀 | 纪念碑 | 庙 | 遗体,子孙 | 宫 | 祖宗 | 遗物 | 遗嘱 | 遗愿 | 后人 | 尸体,公墓 | 葬礼 | 烈士 | 纪念馆 | 寺 | 瞻仰 | 遗嘱 | 墓 | 葬 | 供奉 | 宫 | 陪葬,墓 | 坟 | 坟墓 | 墓地 | 墓碑 | 葬 | 公墓 | 祭奠 | 祭祀 | 纪念碑 | 庙 | 遗体 | 遗物 | 碑 | 祭 | 葬礼 | 供奉 | 烈士 | 瞻仰 | 陪葬 | 纪念馆 | 遗愿 | 尸体 | 祖先 | 祖宗 | 遗嘱 | 子孙 | 后人 | 寺 | 宫,30.001293223593187,0.9999999898753873,3.2121192410799943e-8,供奉:1.000000 | 后人:1.000000 | 坟:1.000000 | 墓:1.000000 | 墓碑:1.000000 | 尸体:1.000000 | 烈士:1.000000 | 瞻仰:1.000000 | 碑:1.000000 | 祭:1.000000 | 祭祀:1.000000 | 纪念碑:1.000000,
189,75,0.30228560364972834,0.02984427879741165,0.29333333333333333,削弱 | 阻碍 | 导致 | 抑制 | 抵消 | 避免 | 消除 | 造成 | 妨碍 | 缓解 | 诱发 | 加重,负面 | 回避 | 迎合 | 依赖 | 扰乱 | 人为 | 挤压 | 暴露,承受 | 掩盖 | 施加 | 摆脱 | 负面 | 牵扯 | 引发 | 不利于 | 使 | 波及 | 加深 | 削弱,削弱 | 阻碍 | 导致 | 抑制 | 抵消 | 避免 | 消除 | 造成 | 妨碍 | 缓解 | 诱发 | 加重 | 减轻 | 影响 | 遏制 | 扰乱 | 克服 | 引发 | 扭转 | 引起 | 防止 | 制约 | 促使 | 弥补 | 拖累 | 危及 | 改变 | 干扰 | 掩盖 | 延缓 | 忽视 | 致使 | 不利于 | 摆脱 | 限制 | 阻挡 | 使 | 刺激 | 促成 | 杜绝 | 压制 | 激起 | 忽略 | 受到 | 挤压 | 打破 | 纠正 | 排除 | 破除 | 迎合 | 加深 | 令 | 适应 | 带来 | 波及 | 过度 | 承受 | 冲击 | 暴露 | 超出 | 脱离 | 施加 | 挽回 | 依赖 | 淡化 | 牵扯 | 受 | 大大 | 回避 | 透支 | 人为 | 低估 | 因 | 不良 | 负面,75.00002409449155,0.9999361204257166,0.00010048943662911818,拖累:1.000000 | 缓解:1.000000 | 承受:1.000000 | 挤压:1.000000 | 克服:1.000000 | 因:1.000000 | 暴露:1.000000 | 刺激:1.000000 | 诱发:1.000000 | 引起:1.000000 | 引发:1.000000 | 波及:1.000000,
190,50,0.37800870860145586,0.04703934028449222,0.18,回去 | 回家 | 下楼 | 晚饭 | 回来 | 下班 | 午饭 | 早饭 | 起床 | 晚上 | 出门 | 早上,位子 | 请假 | 打发 | 到 | 完了 | 坐下 | 一块儿 | 去,空儿 | 完了 | 出门 | 钟头 | 打发 | 位子 | 早饭 | 完 | 待会儿 | 坐下 | 下山 | 一块儿,回去 | 回家 | 下楼 | 晚饭 | 回来 | 下班 | 午饭 | 早饭 | 起床 | 晚上 | 出门 | 早上 | 坐下 | 上楼 | 放学 | 醒来 | 待会儿 | 下车 | 中午 | 进去 | 一会儿 | 出去 | 一早 | 过来 | 上车 | 顺路 | 一大早 | 空儿 | 钟头 | 完了 | 下山 | 下课 | 进来 | 去 | 半天 | 收拾 | 便饭 | 上去 | 一块儿 | 完 | 改日 | 下来 | 上来 | 打发 | 请假 | 趁着 | 准时 | 顿 | 位子 | 到,50.02700976766426,0.999953483906801,0.00007672207469360388,上楼:1.000000 | 回家:1.000000 | 收拾:1.000000 | 顺路:1.000000 | 下楼:1.000000 | 打发:1.000000 | 早饭:1.000000 | 下课:1.000000 | 回来:1.000000 | 午饭:1.000000 | 回去:1.000000 | 顿:1.000000,来:0.023485
191,66,0.32642078741329666,-0.01070711474237025,0.5454545454545454,捡 | 捞 | 掏 | 挑 | 买 | 拿 | 搬 | 丢 | 扛 | 偷 | 抢 | 弄,讨 | 挤 | 扫 | 杀 | 耍 | 躲 | 盯 | 扮,搞 | 弄 | 赌 | 挑 | 耍 | 换 | 送 | 挤 | 骑 | 借 | 买 | 攒,捡 | 捞 | 掏 | 挑 | 买 | 拿 | 搬 | 丢 | 扛 | 偷 | 抢 | 弄 | 捎 | 放 | 耍 | 揣 | 拣 | 找 | 捉 | 卖 | 逮 | 追 | 赶 | 送 | 攒 | 躲 | 拾 | 拍 | 走 | 摘 | 凑 | 抄 | 揽 | 换 | 跑 | 挤 | 杀 | 接 | 争 | 装 | 盯 | 养 | 拼 | 寻 | 背着 | 夺 | 奔 | 捧 | 讨 | 带 | 扮 | 闯 | 搞 | 骑 | 晒 | 进 | 活 | 借 | 淘 | 赌 | 扫 | 开 | 做 | 租 | 搜 | 住,65.99216648615844,0.999816275804409,0.00023986651478917603,搞:1.000000 | 争:1.000000 | 卖:1.000000 | 背着:1.000000 | 拼:1.000000 | 耍:1.000000 | 养:1.000000 | 盯:1.000000 | 赶:1.000000 | 买:1.000000 | 扮:1.000000 | 躲:1.000000,
192,61,0.2650375168263017,-0.00381855290689185,0.5737704918032787,本质 | 特性 | 层面 | 范畴 | 角度 | 属性 | 观念 | 性质 | 要素 | 规律 | 形态 | 微观,观念 | 偏差 | 个案 | 先天 | 群体 | 底线 | 现状 | 尺度,微观 | 学说 | 共性 | 条件 | 先天 | 程度 | 实质 | 与否 | 理论 | 尺度 | 成分 | 结构,本质 | 特性 | 层面 | 范畴 | 角度 | 属性 | 观念 | 性质 | 要素 | 规律 | 形态 | 微观 | 内在 | 结构 | 原理 | 形式 | 导向 | 层次 | 尺度 | 共性 | 物质 | 模式 | 程度 | 实质 | 基础 | 理论 | 体系 | 条件 | 视角 | 多方面 | 局限 | 群体 | 性 | 自身 | 地域 | 方方面面 | 环境 | 范围 | 产物 | 限度 | 成分 | 宏观 | 约束 | 现状 | 国情 | 外部 | 学说 | 个体 | 高度 | 底层 | 先天 | 与否 | 双重 | 门槛 | 好坏 | 底线 | 对象 | 入手 | 偏差 | 个案 | 一部分,60.99410174412444,0.9997579312549536,0.0003197166851460693,限度:1.000000 | 尺度:1.000000 | 微观:1.000000 | 底线:1.000000 | 学说:1.000000 | 原理:1.000000 | 地域:1.000000 | 偏差:1.000000 | 层次:1.000000 | 个案:1.000000 | 物质:1.000000 | 环境:1.000000,
193,36,0.33600730471220724,0.03165362803014699,0.2777777777777778,转弯 | 拐弯 | 堵车 | 追尾 | 刹车 | 熄火 | 超速 | 车速 | 摔倒 | 红灯 | 故障 | 超车,让座 | 犯规 | 报警 | 摔倒 | 不慎 | 出事 | 失灵 | 问路,堵车 | 让座 | 倒车 | 熄火 | 失灵 | 摔倒 | 报警 | 出事 | 掉头 | 超速 | 不慎 | 减速,转弯 | 拐弯 | 堵车 | 追尾 | 刹车 | 熄火 | 超速 | 车速 | 摔倒 | 红灯 | 故障 | 超车 | 急转弯 | 倒车 | 减速 | 违章 | 晚点 | 肇事 | 绿灯 | 出事 | 失误 | 掉头 | 失灵 | 问路 | 迷路 | 延误 | 走弯路 | 中途 | 疏忽 | 报警 | 差错 | 迟到 | 不慎 | 误 | 犯规 | 让座,36.000018900795254,0.9999999783613435,6.163878203755161e-8,不慎:1.000000 | 中途:1.000000 | 出事:1.000000 | 堵车:1.000000 | 急转弯:1.000000 | 拐弯:1.000000 | 熄火:1.000000 | 让座:1.000000 | 误:1.000000 | 超车:1.000000 | 超速:1.000000 | 迟到:1.000000,
194,44,0.23836470048690928,-0.044095481239313714,0.8636363636363636,稍稍 | 稍微 | 稍 | 慢慢 | 先 | 略微 | 待 | 暂时 | 稍后 | 等待 | 继续 | 重新,不定 | 回 | 重返 | 往后 | 慢慢 | 不宜 | 勿 | 最后,进场 | 未 | 点 | 顺势 | 在 | 下 | 观望 | 稍微 | 预备 | 略微 | 短暂 | 等待,稍稍 | 稍微 | 稍 | 慢慢 | 先 | 略微 | 待 | 暂时 | 稍后 | 等待 | 继续 | 重新 | 勉强 | 略 | 等到 | 顺势 | 观望 | 暂 | 过早 | 稍候 | 短暂 | 逢 | 开始 | 往后 | 回 | 留意 | 勿 | 随 | 不宜 | 何时 | 重返 | 进场 | 最后 | 准备 | 在 | 停留 | 下期 | 未 | 预备 | 离 | 不定 | 点 | 此 | 下,43.985494009336165,0.9995106561412399,0.0005345608312535393,略微:1.000000 | 稍微:1.000000 | 稍稍:1.000000 | 预备:1.000000 | 勉强:1.000000 | 稍:1.000000 | 不定:1.000000 | 待:1.000000 | 观望:1.000000 | 准备:1.000000 | 随:1.000000 | 等待:1.000000,
195,54,0.31091198291623245,0.038003092168117106,0.2222222222222222,着力 | 切实 | 全力 | 积极 | 尽快 | 尽早 | 抓紧 | 加快 | 着眼于 | 大力 | 加强 | 及早,迅速 | 务必 | 首要 | 充分 | 长远 | 谋求 | 深入 | 把握,展开 | 及早 | 携手 | 尽可能 | 加速 | 着重 | 有序 | 进一步 | 着眼于 | 抓紧 | 着眼 | 充分,着力 | 切实 | 全力 | 积极 | 尽快 | 尽早 | 抓紧 | 加快 | 着眼于 | 大力 | 加强 | 及早 | 加紧 | 力求 | 着重 | 有利于 | 进一步 | 力争 | 适时 | 全面 | 有助于 | 着眼 | 加速 | 尽可能 | 迅速 | 谋求 | 全方位 | 巩固 | 及时 | 早日 | 立足 | 牢牢 | 争取 | 以便 | 着手 | 顺应 | 旨在 | 快速 | 率先 | 深入 | 充分 | 密切 | 围绕 | 侧重 | 便于 | 重点 | 携手 | 有序 | 把握 | 共同 | 务必 | 长远 | 展开 | 首要,54.01235150071587,0.9999265950101891,0.00010084438858308529,加紧:1.000000 | 尽早:1.000000 | 快速:1.000000 | 抓紧:1.000000 | 尽快:1.000000 | 早日:1.000000 | 力求:1.000000 | 携手:1.000000 | 及早:1.000000 | 争取:1.000000 | 力争:1.000000 | 密切:1.000000,增强:0.013956
196,55,0.32812613250885264,0.0032972414576354363,0.45454545454545453,庆贺 | 悼念 | 庆典 | 庆祝 | 联欢 | 礼物 | 慰问 | 致敬 | 送别 | 敬礼 | 送行 | 纪念,追悼会 | 国旗 | 送给 | 欢聚 | 表彰 | 捐 | 捐助 | 纪念日,慰劳 | 诞辰 | 勋章 | 欢聚 | 捐赠 | 庆贺 | 捐献 | 锦旗 | 悼念 | 国旗 | 赠 | 赞助,庆贺 | 悼念 | 庆典 | 庆祝 | 联欢 | 礼物 | 慰问 | 致敬 | 送别 | 敬礼 | 送行 | 纪念 | 典礼 | 贺信 | 问候 | 赠送 | 慰劳 | 贺电 | 纪念日 | 礼品 | 敬酒 | 留念 | 诞辰 | 追悼会 | 锦旗 | 赠 | 捐款 | 鞠躬 | 仪式 | 捐助 | 捐赠 | 集会 | 周年 | 送给 | 献 | 祈祷 | 宣誓 | 募捐 | 捐献 | 合影 | 游行 | 干杯 | 表彰 | 助威 | 奖品 | 贵宾 | 礼 | 迎接 | 国旗 | 欢聚 | 勋章 | 捐 | 赞助 | 此致 | 传递,54.980093926851694,0.9996207451757962,0.0004038629103280958,募捐:1.000000 | 合影:1.000000 | 宣誓:1.000000 | 庆祝:1.000000 | 慰劳:1.000000 | 捐献:1.000000 | 捐赠:1.000000 | 敬礼:1.000000 | 留念:1.000000 | 礼物:1.000000 | 赠送:1.000000 | 送给:1.000000,
197,42,0.3178119701827783,-0.01716392704055559,0.5238095238095238,工艺品 | 首饰 | 时装 | 珠宝 | 家具 | 服装 | 服饰 | 刺绣 | 瓷器 | 古董 | 丝绸 | 玩具,婚纱 | 服装 | 标致 | 服饰 | 怀旧 | 百货 | 照相 | 老字号,时装 | 时髦 | 宫廷 | 文具 | 香水 | 奢侈 | 首饰 | 高档 | 服饰 | 刺绣 | 瓷 | 家具,工艺品 | 首饰 | 时装 | 珠宝 | 家具 | 服装 | 服饰 | 刺绣 | 瓷器 | 古董 | 丝绸 | 玩具 | 文具 | 时尚 | 用品 | 婚纱 | 香水 | 奢侈 | 高档 | 化妆 | 名贵 | 时髦 | 陶瓷 | 手工 | 瓷 | 摆设 | 创意 | 贵重 | 道具 | 精品 | 百货 | 包装 | 怀旧 | 豪华 | 卡通 | 宫廷 | 新潮 | 老字号 | 花样 | 照相 | 袖珍 | 标致,41.99837540125726,0.999904093259967,0.00012547350626582318,古董:1.000000 | 怀旧:1.000000 | 摆设:1.000000 | 贵重:1.000000 | 名贵:1.000000 | 奢侈:1.000000 | 时尚:1.000000 | 花样:1.000000 | 袖珍:1.000000 | 玩具:1.000000 | 豪华:1.000000 | 新潮:1.000000,
198,57,0.2761404699904063,-0.036832232008140564,0.7719298245614035,棍 | 刀 | 枪 | 箭 | 弓 | 杆 | 禅杖 | 剑 | 子弹 | 钩子 | 根 | 斧子,手 | 鼓 | 钩子 | 口子 | 拿手 | 船桨 | 车轴 | 铃,口子 | 根 | 颗 | 鼓 | 球 | 钟 | 靶子 | 螺丝 | 米 | 一手 | 扇 | 拳,棍 | 刀 | 枪 | 箭 | 弓 | 杆 | 禅杖 | 剑 | 子弹 | 钩子 | 根 | 斧子 | 船桨 | 螺丝 | 锯 | 弹 | 扇 | 针 | 手枪 | 尺 | 弦 | 炮 | 拳 | 一长一短 | 球 | 轮子 | 鼓 | 手 | 杠铃 | 算盘 | 棋子 | 靶子 | 秤 | 架 | 皮球 | 锤子 | 枚 | 车轴 | 寸 | 角 | 门 | 铃 | 颗 | 框 | 棒 | 桩 | 板 | 钟 | 牌 | 拿手 | 阵 | 米 | 匹 | 支 | 一手 | 口子 | 禁区,57.002458288667576,0.9998086981230115,0.00024306973060318166,拿手:1.000000 | 枪:1.000000 | 棋子:1.000000 | 一长一短:1.000000 | 剑:1.000000 | 一手:1.000000 | 算盘:1.000000 | 拳:1.000000 | 棍:1.000000 | 手枪:1.000000 | 球:1.000000 | 弦:1.000000,
199,40,0.3870833079781847,0.08890332553978611,0.15,录音机 | 电视机 | 电脑 | 显示器 | 笔记本 | 屏幕 | 音响 | 耳机 | 打印机 | 收音机 | 台灯 | 硬盘,台灯 | 折叠 | 灯 | 温度计 | 手表 | 随身 | 闹钟 | 电饭锅,屏幕 | 磁带 | 笔记本 | 显示器 | 耳机 | 硬盘 | 电视 | 音响 | 灯 | 手机 | 电饭锅 | 闹钟,录音机 | 电视机 | 电脑 | 显示器 | 笔记本 | 屏幕 | 音响 | 耳机 | 打印机 | 收音机 | 台灯 | 硬盘 | 充电器 | 手机 | 相机 | 液晶 | 灯泡 | 摄像机 | 鼠标 | 电视 | 键盘 | 手表 | 按键 | 电饭锅 | 冰箱 | 彩电 | 洗衣机 | 开关 | 磁带 | 游戏机 | 磁盘 | 闹钟 | 微波炉 | 灯 | 内存 | 胶片 | 方向盘 | 温度计 | 随身 | 折叠,40.02143878699365,0.9999994591688498,1.2997936673065906e-6,录音机:1.000000 | 微波炉:1.000000 | 电视机:1.000000 | 随身:1.000000 | 收音机:1.000000 | 温度计:1.000000 | 闹钟:1.000000 | 耳机:1.000000 | 电饭锅:1.000000 | 鼠标:1.000000 | 音响:1.000000 | 按键:1.000000,浏览器:0.012930
