path,sha256,tokens
results/leiden-v2/ablations-2026-09-26/screening/candidates/fc9885db9bcd8fb30de107bb7b53b8384f6bf2de3968e0c11aaa91caaf0b9183/seed-42/communities.csv,63f8be69d2a839d55d1efba43eb9ada3a0605dc007ef81bc83abeef4f381e0ef,10936
results/leiden-v2/ablations-2026-09-26/screening/candidates/fc9885db9bcd8fb30de107bb7b53b8384f6bf2de3968e0c11aaa91caaf0b9183/seed-43/communities.csv,353f72ed0acc93886a77a2f3de06951529e6e775564fd57f99da35347c3d08f3,10936
results/leiden-v2/ablations-2026-09-26/screening/candidates/fc9885db9bcd8fb30de107bb7b53b8384f6bf2de3968e0c11aaa91caaf0b9183/seed-44/communities.csv,c1d5b05637c501d4061d63b863b4b1593ddd4dc2be047afb050085c594d171ed,10936
results/leiden-v2/ablations-2026-09-26/screening/candidates/fc9885db9bcd8fb30de107bb7b53b8384f6bf2de3968e0c11aaa91caaf0b9183/stress/comparator-10000/communities.csv,d114f737f10a33e83164cff482aa97fd46649d73825e34d3c46c5b688cc3fb4f,10936
results/leiden-v2/ablations-2026-09-26/screening/candidates/fc9885db9bcd8fb30de107bb7b53b8384f6bf2de3968e0c11aaa91caaf0b9183/stress/edge_removal-10000/communities.csv,836c3e0e9454a546345de0e89ad04302fda48adf458fa7d6c3afcef2f82f135d,10936
results/leiden-v2/ablations-2026-09-26/screening/candidates/fc9885db9bcd8fb30de107bb7b53b8384f6bf2de3968e0c11aaa91caaf0b9183/stress/vocabulary_subsample-10000/communities.csv,1b7fbe501eadaf8ce697ed329c254af90c07c8ceeb1a88fd5de2ecb75263886b,9842
results/leiden-v2/ablations-2026-09-26/screening/candidates/fc9885db9bcd8fb30de107bb7b53b8384f6bf2de3968e0c11aaa91caaf0b9183/stress/comparator-10001/communities.csv,b2bc0a27a063356d1f8e758b17b5cd0a6497574de1af53712b959b5942a722b1,10936
results/leiden-v2/ablations-2026-09-26/screening/candidates/fc9885db9bcd8fb30de107bb7b53b8384f6bf2de3968e0c11aaa91caaf0b9183/stress/edge_removal-10001/communities.csv,0bca579d8ae13d03f4140544889eb512728415114f53fbbe34bf4fc148c4bd21,10936
results/leiden-v2/ablations-2026-09-26/screening/candidates/fc9885db9bcd8fb30de107bb7b53b8384f6bf2de3968e0c11aaa91caaf0b9183/stress/vocabulary_subsample-10001/communities.csv,2f134cbae35267033c78980d24ccc2262e305fa029c5aad20e2a210c7ba039fc,9842
results/leiden-v2/ablations-2026-09-26/screening/candidates/fc9885db9bcd8fb30de107bb7b53b8384f6bf2de3968e0c11aaa91caaf0b9183/stress/comparator-10002/communities.csv,adcaf863c758eb9c2823f6522cbfeae4aa7a7eb939f65a894d2e964a69b44e09,10936
results/leiden-v2/ablations-2026-09-26/screening/candidates/fc9885db9bcd8fb30de107bb7b53b8384f6bf2de3968e0c11aaa91caaf0b9183/stress/edge_removal-10002/communities.csv,bf097a49201abe4cfebea32dedd184fbce779d209a4aee4afb68fe3605e1afc8,10936
results/leiden-v2/ablations-2026-09-26/screening/candidates/fc9885db9bcd8fb30de107bb7b53b8384f6bf2de3968e0c11aaa91caaf0b9183/stress/vocabulary_subsample-10002/communities.csv,1855e750cd81e26e140e4e4ec51cc402b382d917a07d0bd2b5e4e1dde76e8a0a,9842
results/leiden-v2/ablations-2026-09-26/screening/candidates/fc9885db9bcd8fb30de107bb7b53b8384f6bf2de3968e0c11aaa91caaf0b9183/stress/comparator-10003/communities.csv,8985cde6233b13b519a1c6978b78e04d94862a60498056494942a4fe3ee9b8dd,10936
results/leiden-v2/ablations-2026-09-26/screening/candidates/fc9885db9bcd8fb30de107bb7b53b8384f6bf2de3968e0c11aaa91caaf0b9183/stress/edge_removal-10003/communities.csv,0b1c346ee145fa4cda16da7342479c86c1beb62275b3f570c4c71c15d2fd90ec,10936
results/leiden-v2/ablations-2026-09-26/screening/candidates/fc9885db9bcd8fb30de107bb7b53b8384f6bf2de3968e0c11aaa91caaf0b9183/stress/vocabulary_subsample-10003/communities.csv,d629dc1f99ac489c3eda1c9ca67fbed11793fc17f111cec16e8ba282846f9093,9842
results/leiden-v2/ablations-2026-09-26/screening/candidates/fc9885db9bcd8fb30de107bb7b53b8384f6bf2de3968e0c11aaa91caaf0b9183/stress/comparator-10004/communities.csv,fcb8aa1ba6cbc39d87209933882a710319abf90ed54d2c52cce7fe3e87164c65,10936
results/leiden-v2/ablations-2026-09-26/screening/candidates/fc9885db9bcd8fb30de107bb7b53b8384f6bf2de3968e0c11aaa91caaf0b9183/stress/edge_removal-10004/communities.csv,108fe12a64d91cfe9565e16b87ad106886ae58847cffcba1a0957960eb7834b6,10936
results/leiden-v2/ablations-2026-09-26/screening/candidates/fc9885db9bcd8fb30de107bb7b53b8384f6bf2de3968e0c11aaa91caaf0b9183/stress/vocabulary_subsample-10004/communities.csv,f67fba132f505a1bca6b4a86c7d1144ecf9b4cf886ab512c6df47cdcff7e793c,9842
results/leiden-v2/ablations-2026-09-26/screening/candidates/fc9885db9bcd8fb30de107bb7b53b8384f6bf2de3968e0c11aaa91caaf0b9183/stress/comparator-10005/communities.csv,bc93e7d4dc9cdd7856e291573433139ed6ba8d594f21ce0c42734e3d0891e92e,10936
results/leiden-v2/ablations-2026-09-26/screening/candidates/fc9885db9bcd8fb30de107bb7b53b8384f6bf2de3968e0c11aaa91caaf0b9183/stress/edge_removal-10005/communities.csv,095a10b9aba9a81978250449f60876d6113d91368fb86e4db4341b804ee8c2c8,10936
results/leiden-v2/ablations-2026-09-26/screening/candidates/fc9885db9bcd8fb30de107bb7b53b8384f6bf2de3968e0c11aaa91caaf0b9183/stress/vocabulary_subsample-10005/communities.csv,f801e86cdcd50129c8f18246fcf1ef5a083d5964593246c82e0f7460bfcac288,9842
results/leiden-v2/ablations-2026-09-26/screening/candidates/fc9885db9bcd8fb30de107bb7b53b8384f6bf2de3968e0c11aaa91caaf0b9183/stress/comparator-10006/communities.csv,e09f02eca692101ee25d4e7d173fed175a21dfd39b7a06a69145e55247d200ca,10936
results/leiden-v2/ablations-2026-09-26/screening/candidates/fc9885db9bcd8fb30de107bb7b53b8384f6bf2de3968e0c11aaa91caaf0b9183/stress/edge_removal-10006/communities.csv,c26bd361e46176d517f9ddf963bd693233254e3146b59ccc5608e0db55293624,10936
results/leiden-v2/ablations-2026-09-26/screening/candidates/fc9885db9bcd8fb30de107bb7b53b8384f6bf2de3968e0c11aaa91caaf0b9183/stress/vocabulary_subsample-10006/communities.csv,857b5afddda644360ed0ec8e6e951a9d8dd2477702f38d8e9b037ab1f135bb88,9842
results/leiden-v2/ablations-2026-09-26/screening/candidates/fc9885db9bcd8fb30de107bb7b53b8384f6bf2de3968e0c11aaa91caaf0b9183/stress/comparator-10007/communities.csv,c2d663ff4f599d8159a299da5722d33d70d3107af8cfb344ebbfd442f9130664,10936
results/leiden-v2/ablations-2026-09-26/screening/candidates/fc9885db9bcd8fb30de107bb7b53b8384f6bf2de3968e0c11aaa91caaf0b9183/stress/edge_removal-10007/communities.csv,81f0864347ff3d4881e45883974deec6ef63c18dc0a9b08efe03dd52313b1cae,10936
results/leiden-v2/ablations-2026-09-26/screening/candidates/fc9885db9bcd8fb30de107bb7b53b8384f6bf2de3968e0c11aaa91caaf0b9183/stress/vocabulary_subsample-10007/communities.csv,82943b525658d3e9894a81b65eb14feb14445ccf95b8411363b8cc5b5ccae602,9842
results/leiden-v2/ablations-2026-09-26/screening/candidates/fc9885db9bcd8fb30de107bb7b53b8384f6bf2de3968e0c11aaa91caaf0b9183/stress/comparator-10008/communities.csv,b9598576953f701521424f91f526836ba391bb6f3ee6c58740d03f0e4a452397,10936
results/leiden-v2/ablations-2026-09-26/screening/candidates/fc9885db9bcd8fb30de107bb7b53b8384f6bf2de3968e0c11aaa91caaf0b9183/stress/edge_removal-10008/communities.csv,728628bb3342bf3461498854cc18bc403da0f9bb7fa18fedfff218a8377fff95,10936
results/leiden-v2/ablations-2026-09-26/screening/candidates/fc9885db9bcd8fb30de107bb7b53b8384f6bf2de3968e0c11aaa91caaf0b9183/stress/vocabulary_subsample-10008/communities.csv,f08617a655ff4a1588d9e6401a946b297f3046c1f15c47dda0acdbdbe929f071,9842
results/leiden-v2/ablations-2026-09-26/screening/candidates/fc9885db9bcd8fb30de107bb7b53b8384f6bf2de3968e0c11aaa91caaf0b9183/stress/comparator-10009/communities.csv,4b5548de2bd4d007fcb6c4910f1fb22e370571e0d16bbd9d9c72b8340b2e0b14,10936
results/leiden-v2/ablations-2026-09-26/screening/candidates/fc9885db9bcd8fb30de107bb7b53b8384f6bf2de3968e0c11aaa91caaf0b9183/stress/edge_removal-10009/communities.csv,5655576f75d731fb230df8ae59e27703c56103ccaf49d3bc28b5d6a27c12632e,10936
results/leiden-v2/ablations-2026-09-26/screening/candidates/fc9885db9bcd8fb30de107bb7b53b8384f6bf2de3968e0c11aaa91caaf0b9183/stress/vocabulary_subsample-10009/communities.csv,083be95c811b6afb3f4c0357e7d0b59e045428061f24a86d01c46dae6a19a487,9842
results/leiden-v2/ablations-2026-09-26/screening/candidates/fc9885db9bcd8fb30de107bb7b53b8384f6bf2de3968e0c11aaa91caaf0b9183/sensitivity/resolution-increase/communities.csv,2f26684052ff9dd1703d49d9fb00e678462a2c38e91d432d46a9e3452f736c0c,10936
results/leiden-v2/ablations-2026-09-26/screening/candidates/fc9885db9bcd8fb30de107bb7b53b8384f6bf2de3968e0c11aaa91caaf0b9183/sensitivity/resolution-decrease/communities.csv,cc0cdce27bd4feddf32a10103080cb5e3db780d2483b4fef2196dd1d9b4c8086,10936
results/leiden-v2/ablations-2026-09-26/screening/candidates/cf4f02f5de05747348c1d74a71ed3f9623f39818c827243c04ec05324a1d8333/seed-42/communities.csv,c39ac83a4c98ed0d3d80d81293c6c7568c258f70812f2402fd94da7c06962875,10936
results/leiden-v2/ablations-2026-09-26/screening/candidates/cf4f02f5de05747348c1d74a71ed3f9623f39818c827243c04ec05324a1d8333/seed-43/communities.csv,1ed8f484beacce033438e7c99362940cc5c0278e0dc4d56f686adef9353e67c5,10936
results/leiden-v2/ablations-2026-09-26/screening/candidates/cf4f02f5de05747348c1d74a71ed3f9623f39818c827243c04ec05324a1d8333/seed-44/communities.csv,27815a6e87a169ff97b8cc5fa283701de144ea036f8b353c0329d6c81b388d09,10936
results/leiden-v2/ablations-2026-09-26/screening/candidates/cf4f02f5de05747348c1d74a71ed3f9623f39818c827243c04ec05324a1d8333/stress/comparator-10000/communities.csv,5641c127ecc401a1c56af59f2032646b8c4ce50430f792fc55284fa5a561126e,10936
results/leiden-v2/ablations-2026-09-26/screening/candidates/cf4f02f5de05747348c1d74a71ed3f9623f39818c827243c04ec05324a1d8333/stress/edge_removal-10000/communities.csv,8a77fdd27fcd9452e02227d14dfac738a19098116da6609773496187d7584a66,10936
results/leiden-v2/ablations-2026-09-26/screening/candidates/cf4f02f5de05747348c1d74a71ed3f9623f39818c827243c04ec05324a1d8333/stress/vocabulary_subsample-10000/communities.csv,cb1f83dfa67482bb531131e529196bfe8a4fcd1fcc1982b8de328254f193fcb5,9842
results/leiden-v2/ablations-2026-09-26/screening/candidates/cf4f02f5de05747348c1d74a71ed3f9623f39818c827243c04ec05324a1d8333/stress/comparator-10001/communities.csv,e699245955423e2b0f6fec7a58bdf494fea18ec9aa13b6573e6c5ca69a2672de,10936
results/leiden-v2/ablations-2026-09-26/screening/candidates/cf4f02f5de05747348c1d74a71ed3f9623f39818c827243c04ec05324a1d8333/stress/edge_removal-10001/communities.csv,020690b599aeec44b650e784bdaf946af232e5cfc4a789033dd75e3eae3a9670,10936
results/leiden-v2/ablations-2026-09-26/screening/candidates/cf4f02f5de05747348c1d74a71ed3f9623f39818c827243c04ec05324a1d8333/stress/vocabulary_subsample-10001/communities.csv,47a0ea437fe476dd81c735a04eb8fb027b876a5b9a5a5799bf3571c14d42eda3,9842
results/leiden-v2/ablations-2026-09-26/screening/candidates/cf4f02f5de05747348c1d74a71ed3f9623f39818c827243c04ec05324a1d8333/stress/comparator-10002/communities.csv,f13af93ddf5641cf9e936d8f41651662d288361712c8da4408817f3965c8d1f1,10936
results/leiden-v2/ablations-2026-09-26/screening/candidates/cf4f02f5de05747348c1d74a71ed3f9623f39818c827243c04ec05324a1d8333/stress/edge_removal-10002/communities.csv,1beb2c714ffeabdb1683d82ca9c2cfa94947cdef1371044e9051541817b4ef27,10936
results/leiden-v2/ablations-2026-09-26/screening/candidates/cf4f02f5de05747348c1d74a71ed3f9623f39818c827243c04ec05324a1d8333/stress/vocabulary_subsample-10002/communities.csv,f270b538a6d71fd8e0a0fb1875e01c1e2948253131aa904f2f8343ff3f95cffd,9842
results/leiden-v2/ablations-2026-09-26/screening/candidates/cf4f02f5de05747348c1d74a71ed3f9623f39818c827243c04ec05324a1d8333/stress/comparator-10003/communities.csv,d4ecca664b87d0c6b7a5bd40130374b096e6db8c277ec2b8e7672cd7e331ddda,10936
results/leiden-v2/ablations-2026-09-26/screening/candidates/cf4f02f5de05747348c1d74a71ed3f9623f39818c827243c04ec05324a1d8333/stress/edge_removal-10003/communities.csv,69cf8bd9a70b577cbead86df4814ad02473b1c65e80921f65e316b2a3a6fdcd1,10936
results/leiden-v2/ablations-2026-09-26/screening/candidates/cf4f02f5de05747348c1d74a71ed3f9623f39818c827243c04ec05324a1d8333/stress/vocabulary_subsample-10003/communities.csv,0bb10997af54e860babf57984877cafe4eb00b628b9629ab8c13ae4cf91a2daa,9842
results/leiden-v2/ablations-2026-09-26/screening/candidates/cf4f02f5de05747348c1d74a71ed3f9623f39818c827243c04ec05324a1d8333/stress/comparator-10004/communities.csv,fd09418d35fef58a0c321cefa237d5baac4a5daa8d6be699abcb9e16d886e5eb,10936
results/leiden-v2/ablations-2026-09-26/screening/candidates/cf4f02f5de05747348c1d74a71ed3f9623f39818c827243c04ec05324a1d8333/stress/edge_removal-10004/communities.csv,669a77ff1cd6ebb2e63874d5d383d97eb037182df0a40e6503fb6ca86526210d,10936
results/leiden-v2/ablations-2026-09-26/screening/candidates/cf4f02f5de05747348c1d74a71ed3f9623f39818c827243c04ec05324a1d8333/stress/vocabulary_subsample-10004/communities.csv,e0b3a6f74469498f5115b4c787c68b3648117a4059d22febd1e320c7c76d9432,9842
results/leiden-v2/ablations-2026-09-26/screening/candidates/cf4f02f5de05747348c1d74a71ed3f9623f39818c827243c04ec05324a1d8333/stress/comparator-10005/communities.csv,245036bc64989958b2889bc90ace2f0547cdd74be42b2f8790f93ffdb98104ab,10936
results/leiden-v2/ablations-2026-09-26/screening/candidates/cf4f02f5de05747348c1d74a71ed3f9623f39818c827243c04ec05324a1d8333/stress/edge_removal-10005/communities.csv,9fb8931b85d16ce31a5d0a8e4ec14d90b756090ed88718aac372e9b3390659ba,10936
results/leiden-v2/ablations-2026-09-26/screening/candidates/cf4f02f5de05747348c1d74a71ed3f9623f39818c827243c04ec05324a1d8333/stress/vocabulary_subsample-10005/communities.csv,257b766c61c24ccc0b5b7f0e8a0745699f80a4ffdea3f709cfb7b03f3af73e68,9842
results/leiden-v2/ablations-2026-09-26/screening/candidates/cf4f02f5de05747348c1d74a71ed3f9623f39818c827243c04ec05324a1d8333/stress/comparator-10006/communities.csv,a152240c205943234be0f1aaa4f485be6d35f5ec27d3ed3cf8adcbeb786ce866,10936
results/leiden-v2/ablations-2026-09-26/screening/candidates/cf4f02f5de05747348c1d74a71ed3f9623f39818c827243c04ec05324a1d8333/stress/edge_removal-10006/communities.csv,452368fb4af31a6c8f9c3125d362acf91f066d77e41fe4487677580a2cf6ea9c,10936
results/leiden-v2/ablations-2026-09-26/screening/candidates/cf4f02f5de05747348c1d74a71ed3f9623f39818c827243c04ec05324a1d8333/stress/vocabulary_subsample-10006/communities.csv,014cfc352cdba8511c04b56f2953e58751b059efeeb60992766a958295bd9871,9842
results/leiden-v2/ablations-2026-09-26/screening/candidates/cf4f02f5de05747348c1d74a71ed3f9623f39818c827243c04ec05324a1d8333/stress/comparator-10007/communities.csv,4e6cc645e45e9cf39a2f354d23af09a2de4ce71c85dba6a2f6a9fe682e5fecb3,10936
results/leiden-v2/ablations-2026-09-26/screening/candidates/cf4f02f5de05747348c1d74a71ed3f9623f39818c827243c04ec05324a1d8333/stress/edge_removal-10007/communities.csv,c6531f16b75e56bf757a202a98beb5446b12164ca244042bcfacc6a449d20b0d,10936
results/leiden-v2/ablations-2026-09-26/screening/candidates/cf4f02f5de05747348c1d74a71ed3f9623f39818c827243c04ec05324a1d8333/stress/vocabulary_subsample-10007/communities.csv,07241546c0f448ce3550989051f37684ed4d71da2434dbec0a5a402a8e5defb1,9842
results/leiden-v2/ablations-2026-09-26/screening/candidates/cf4f02f5de05747348c1d74a71ed3f9623f39818c827243c04ec05324a1d8333/stress/comparator-10008/communities.csv,356fba7adcc75db734393514b800af168f28507c8e76122085e6c23ce3edd5d8,10936
results/leiden-v2/ablations-2026-09-26/screening/candidates/cf4f02f5de05747348c1d74a71ed3f9623f39818c827243c04ec05324a1d8333/stress/edge_removal-10008/communities.csv,2aa5c55be192d7a6389b36d4cd4a7ebec65f75dc43b7094e4ba4448a235bee7e,10936
results/leiden-v2/ablations-2026-09-26/screening/candidates/cf4f02f5de05747348c1d74a71ed3f9623f39818c827243c04ec05324a1d8333/stress/vocabulary_subsample-10008/communities.csv,4a7c92cb26b97bd6f0aaf4e0d4351772d9cdbde5f63d658e2df4ba1c15e73601,9842
results/leiden-v2/ablations-2026-09-26/screening/candidates/cf4f02f5de05747348c1d74a71ed3f9623f39818c827243c04ec05324a1d8333/stress/comparator-10009/communities.csv,b960f43d500208376a928914a0dbf3188725ec3b9cf5dc51160e3095f7ba60ab,10936
results/leiden-v2/ablations-2026-09-26/screening/candidates/cf4f02f5de05747348c1d74a71ed3f9623f39818c827243c04ec05324a1d8333/stress/edge_removal-10009/communities.csv,4861990d2b78d1fc1a3a06f38f275f9edeed54f5700def0284a9f3bf45ea6348,10936
results/leiden-v2/ablations-2026-09-26/screening/candidates/cf4f02f5de05747348c1d74a71ed3f9623f39818c827243c04ec05324a1d8333/stress/vocabulary_subsample-10009/communities.csv,33cce297a79e1d5c3c89419d6876336c33020ebddbd7eb17db68bd8844b230f8,9842
results/leiden-v2/ablations-2026-09-26/screening/candidates/cf4f02f5de05747348c1d74a71ed3f9623f39818c827243c04ec05324a1d8333/sensitivity/resolution-increase/communities.csv,10a057f2bd18c77e24312a19c6ab8d2133b73303fafe429801073835088263e4,10936
results/leiden-v2/ablations-2026-09-26/screening/candidates/cf4f02f5de05747348c1d74a71ed3f9623f39818c827243c04ec05324a1d8333/sensitivity/resolution-decrease/communities.csv,b0aa878ee044493c58a8f28d9b890012f80f66f8571ee2c435ec8a8e105ef2da,10936
results/leiden-v2/ablations-2026-09-26/screening/candidates/4079e0589ca6b806f43802ece7a65d9d710e273292cfe9092797d0170e77380f/seed-42/communities.csv,aa9cb3f3380000cb7933c349da551ead706de88b6c8404b7dbad68d51826ee23,10936
results/leiden-v2/ablations-2026-09-26/screening/candidates/4079e0589ca6b806f43802ece7a65d9d710e273292cfe9092797d0170e77380f/seed-43/communities.csv,b8434f7b85aa78b50f35e288ac58ae0615e4749235076721e4de0b3d7266a773,10936
results/leiden-v2/ablations-2026-09-26/screening/candidates/4079e0589ca6b806f43802ece7a65d9d710e273292cfe9092797d0170e77380f/seed-44/communities.csv,9544bcaa7761a0752ceb7c0c23c2e4c26c5337ecd395c2d8e7972e3efc69556a,10936
results/leiden-v2/ablations-2026-09-26/screening/candidates/4079e0589ca6b806f43802ece7a65d9d710e273292cfe9092797d0170e77380f/stress/comparator-10000/communities.csv,7edaa673f88ea40ad4ac9f8204a2fe55d12c6566a0ee36a257eef491d01fbda5,10936
results/leiden-v2/ablations-2026-09-26/screening/candidates/4079e0589ca6b806f43802ece7a65d9d710e273292cfe9092797d0170e77380f/stress/edge_removal-10000/communities.csv,eb4c0846d01b30f159045e2346351c0af343514c138358de4d46e7277b5d47b6,10936
results/leiden-v2/ablations-2026-09-26/screening/candidates/4079e0589ca6b806f43802ece7a65d9d710e273292cfe9092797d0170e77380f/stress/vocabulary_subsample-10000/communities.csv,4b7bcd40a8655723b834e4a29741af31ad8f6bcd8413a8ceae9a02ecfed41752,9842
results/leiden-v2/ablations-2026-09-26/screening/candidates/4079e0589ca6b806f43802ece7a65d9d710e273292cfe9092797d0170e77380f/stress/comparator-10001/communities.csv,1de31b858de4abb58001038ceaf5ec97d79c61bce342a2d1bca3f614364b3cb6,10936
results/leiden-v2/ablations-2026-09-26/screening/candidates/4079e0589ca6b806f43802ece7a65d9d710e273292cfe9092797d0170e77380f/stress/edge_removal-10001/communities.csv,6ea604260c72e168798e587182c059f4881dc2a9386b40c57f7dc9deedc93a4b,10936
results/leiden-v2/ablations-2026-09-26/screening/candidates/4079e0589ca6b806f43802ece7a65d9d710e273292cfe9092797d0170e77380f/stress/vocabulary_subsample-10001/communities.csv,444f73441b993c8b06a8dc50fe82ccba1888dd2d9100979bff8216016014bf4b,9842
results/leiden-v2/ablations-2026-09-26/screening/candidates/4079e0589ca6b806f43802ece7a65d9d710e273292cfe9092797d0170e77380f/stress/comparator-10002/communities.csv,34e5c0fc9f2970eb1c0f0c800b6405c791b6e5d3e87df624e869a9ac1fdf287b,10936
results/leiden-v2/ablations-2026-09-26/screening/candidates/4079e0589ca6b806f43802ece7a65d9d710e273292cfe9092797d0170e77380f/stress/edge_removal-10002/communities.csv,683bd19f3511f41d5431d28d327df8790c2e10f9b0ac3b49bf9eadd561b12ca7,10936
results/leiden-v2/ablations-2026-09-26/screening/candidates/4079e0589ca6b806f43802ece7a65d9d710e273292cfe9092797d0170e77380f/stress/vocabulary_subsample-10002/communities.csv,08ebfac2eb2e0cdca81aea8e141e4af04b96980e89b29be30741d08bf326b0b1,9842
results/leiden-v2/ablations-2026-09-26/screening/candidates/4079e0589ca6b806f43802ece7a65d9d710e273292cfe9092797d0170e77380f/stress/comparator-10003/communities.csv,a0cdb2b9008749552b71504bf42d5b68c8b15f78e99f766e1367e7a48253c88a,10936
results/leiden-v2/ablations-2026-09-26/screening/candidates/4079e0589ca6b806f43802ece7a65d9d710e273292cfe9092797d0170e77380f/stress/edge_removal-10003/communities.csv,136954ac4a11419451c10af1687d2d30b278163f7be4bfeee882c149867ad525,10936
results/leiden-v2/ablations-2026-09-26/screening/candidates/4079e0589ca6b806f43802ece7a65d9d710e273292cfe9092797d0170e77380f/stress/vocabulary_subsample-10003/communities.csv,eda6bc1b56ff24452ae92bd0d9bf1572fd994ecb9f4b7e3725df2ca8c9f7d640,9842
results/leiden-v2/ablations-2026-09-26/screening/candidates/4079e0589ca6b806f43802ece7a65d9d710e273292cfe9092797d0170e77380f/stress/comparator-10004/communities.csv,2afdd9f39dfc569b2a35f5b1b2436f606c4f60afe4a661d34db796d44d7b75d8,10936
results/leiden-v2/ablations-2026-09-26/screening/candidates/4079e0589ca6b806f43802ece7a65d9d710e273292cfe9092797d0170e77380f/stress/edge_removal-10004/communities.csv,5cb7e77b90bf83a8b29b0f5807a1555b442bc25be3dd4871c5438dec056af8d7,10936
results/leiden-v2/ablations-2026-09-26/screening/candidates/4079e0589ca6b806f43802ece7a65d9d710e273292cfe9092797d0170e77380f/stress/vocabulary_subsample-10004/communities.csv,552142bac9eedb3b7d7eb7dda4d6323569c1da49542c34949d7a95045083a648,9842
results/leiden-v2/ablations-2026-09-26/screening/candidates/4079e0589ca6b806f43802ece7a65d9d710e273292cfe9092797d0170e77380f/stress/comparator-10005/communities.csv,838d5de141cfb0b451c2a0bab4d320903f58e8fcb1c6058fd72e067f2ed098d7,10936
results/leiden-v2/ablations-2026-09-26/screening/candidates/4079e0589ca6b806f43802ece7a65d9d710e273292cfe9092797d0170e77380f/stress/edge_removal-10005/communities.csv,a6c5736e565794bbbcf65a06063cf030e3beb4f9d5139203149966ffd658d29c,10936
results/leiden-v2/ablations-2026-09-26/screening/candidates/4079e0589ca6b806f43802ece7a65d9d710e273292cfe9092797d0170e77380f/stress/vocabulary_subsample-10005/communities.csv,25b77903e32c8382a3dc135129666c911c90d345e4af4a0466c0a25ae2de3904,9842
results/leiden-v2/ablations-2026-09-26/screening/candidates/4079e0589ca6b806f43802ece7a65d9d710e273292cfe9092797d0170e77380f/stress/comparator-10006/communities.csv,525600fb7eb01e353516cb2034298a3285afd554d1c2be4afdcbfb78454ca4e5,10936
results/leiden-v2/ablations-2026-09-26/screening/candidates/4079e0589ca6b806f43802ece7a65d9d710e273292cfe9092797d0170e77380f/stress/edge_removal-10006/communities.csv,b77ebed16682c27d0a731a1707f99af656dc077e0e65870f4627c4876167ea92,10936
results/leiden-v2/ablations-2026-09-26/screening/candidates/4079e0589ca6b806f43802ece7a65d9d710e273292cfe9092797d0170e77380f/stress/vocabulary_subsample-10006/communities.csv,174e084684d4557cd32363727c7a5407e6b480d394e6d7a66a6c0da6a3b56ac1,9842
results/leiden-v2/ablations-2026-09-26/screening/candidates/4079e0589ca6b806f43802ece7a65d9d710e273292cfe9092797d0170e77380f/stress/comparator-10007/communities.csv,93cd5513f5e2b064b7c31b7b44c3f1ea97f7e6e771c3a8ed30302db26399e2ea,10936
results/leiden-v2/ablations-2026-09-26/screening/candidates/4079e0589ca6b806f43802ece7a65d9d710e273292cfe9092797d0170e77380f/stress/edge_removal-10007/communities.csv,92b76ef6eef66d214ecb4e354c11e6053ac5f69f7f7e6a501188cebc39393fee,10936
results/leiden-v2/ablations-2026-09-26/screening/candidates/4079e0589ca6b806f43802ece7a65d9d710e273292cfe9092797d0170e77380f/stress/vocabulary_subsample-10007/communities.csv,f3c3ac0084f38466a4eb2bb5a929c0645de0bfa5c2c6b680bf73451f155e750d,9842
results/leiden-v2/ablations-2026-09-26/screening/candidates/4079e0589ca6b806f43802ece7a65d9d710e273292cfe9092797d0170e77380f/stress/comparator-10008/communities.csv,54abdc204ce0c99a43db7819d4229dbfb078f1a80a94fa07066b613df6e03df8,10936
results/leiden-v2/ablations-2026-09-26/screening/candidates/4079e0589ca6b806f43802ece7a65d9d710e273292cfe9092797d0170e77380f/stress/edge_removal-10008/communities.csv,1f56b683b3037d16cb8664be5567ca54fc5ff91555a6eaba29b473913b0365bd,10936
results/leiden-v2/ablations-2026-09-26/screening/candidates/4079e0589ca6b806f43802ece7a65d9d710e273292cfe9092797d0170e77380f/stress/vocabulary_subsample-10008/communities.csv,cc1a9b0db5b177c29cf756f9bd62e2a1774b6b189a14022714889ab72ba918bb,9842
results/leiden-v2/ablations-2026-09-26/screening/candidates/4079e0589ca6b806f43802ece7a65d9d710e273292cfe9092797d0170e77380f/stress/comparator-10009/communities.csv,361bc58777579cce064bd2a5537920686a1c203e45de16bcdeba9a41bb51dee5,10936
results/leiden-v2/ablations-2026-09-26/screening/candidates/4079e0589ca6b806f43802ece7a65d9d710e273292cfe9092797d0170e77380f/stress/edge_removal-10009/communities.csv,d53430030a7954e1f98d9444101504b637b2e1db48a63c9f9d3eb438aefbdf82,10936
results/leiden-v2/ablations-2026-09-26/screening/candidates/4079e0589ca6b806f43802ece7a65d9d710e273292cfe9092797d0170e77380f/stress/vocabulary_subsample-10009/communities.csv,d881550ef7597b5614fa6b4895b116992aebd48f25f9baba52cc4b320d954c53,9842
results/leiden-v2/ablations-2026-09-26/screening/candidates/4079e0589ca6b806f43802ece7a65d9d710e273292cfe9092797d0170e77380f/sensitivity/resolution-increase/communities.csv,d4028f9379d938e8af63dd88b7bd245020ac86c7dd59be7bcfac8023a69f8ca2,10936
results/leiden-v2/ablations-2026-09-26/screening/candidates/4079e0589ca6b806f43802ece7a65d9d710e273292cfe9092797d0170e77380f/sensitivity/resolution-decrease/communities.csv,175515021c39db3354b5da21071f0fdf680c5a48d9c15b65cca2c4a132c15001,10936
results/leiden-v2/ablations-2026-09-26/screening/candidates/51873a67c03bd2ac2764493d292c5bec459a0d90bdfc4643fd219d06df2cde8d/seed-42/communities.csv,87e716d7d4fae8485ed1f328b927a9fff000746f726b3a4c0da69bb304ba2065,10936
results/leiden-v2/ablations-2026-09-26/screening/candidates/51873a67c03bd2ac2764493d292c5bec459a0d90bdfc4643fd219d06df2cde8d/seed-43/communities.csv,65cd286372ee7b9be83f745c73c7617742283430e472f876c95638ff38b7d42f,10936
results/leiden-v2/ablations-2026-09-26/screening/candidates/51873a67c03bd2ac2764493d292c5bec459a0d90bdfc4643fd219d06df2cde8d/seed-44/communities.csv,bae2019d76046942541bc35ff79b821b122aee35b7ca0ad63b7c658c30e59fb6,10936
results/leiden-v2/ablations-2026-09-26/screening/candidates/51873a67c03bd2ac2764493d292c5bec459a0d90bdfc4643fd219d06df2cde8d/stress/comparator-10000/communities.csv,3ca3f6fbd689046aa3df7ab150846a6316ea26d1b08de114204f95a2bae39d57,10936
results/leiden-v2/ablations-2026-09-26/screening/candidates/51873a67c03bd2ac2764493d292c5bec459a0d90bdfc4643fd219d06df2cde8d/stress/edge_removal-10000/communities.csv,975de92a202b327aea074f2e54d4a35bcb9083295f3d6cbf0772bd33d71cbe7e,10936
results/leiden-v2/ablations-2026-09-26/screening/candidates/51873a67c03bd2ac2764493d292c5bec459a0d90bdfc4643fd219d06df2cde8d/stress/vocabulary_subsample-10000/communities.csv,3963049e8a063eac7c4f8b537e8448bacd3b65889a45e3b00b8a5e7fbbf9d788,9842
results/leiden-v2/ablations-2026-09-26/screening/candidates/51873a67c03bd2ac2764493d292c5bec459a0d90bdfc4643fd219d06df2cde8d/stress/comparator-10001/communities.csv,8a40a50b76f267a11ae19434531a38ecd0de40822606604734aca5819f2a4a16,10936
results/leiden-v2/ablations-2026-09-26/screening/candidates/51873a67c03bd2ac2764493d292c5bec459a0d90bdfc4643fd219d06df2cde8d/stress/edge_removal-10001/communities.csv,56d2f2534e45c79245f15f08c1fa62b85c9fa3ca5ba4f879fe51deb45dde6705,10936
results/leiden-v2/ablations-2026-09-26/screening/candidates/51873a67c03bd2ac2764493d292c5bec459a0d90bdfc4643fd219d06df2cde8d/stress/vocabulary_subsample-10001/communities.csv,2103c93f622b9773f0d63989fad95f3668bd6f96e43eb55355f9753a485f44a9,9842
results/leiden-v2/ablations-2026-09-26/screening/candidates/51873a67c03bd2ac2764493d292c5bec459a0d90bdfc4643fd219d06df2cde8d/stress/comparator-10002/communities.csv,287d2994311c3ba0207727dca8d35b89745b014309710b462f9cfc2609f6a96f,10936
results/leiden-v2/ablations-2026-09-26/screening/candidates/51873a67c03bd2ac2764493d292c5bec459a0d90bdfc4643fd219d06df2cde8d/stress/edge_removal-10002/communities.csv,01e7f755a9f0e155d20bd4824821287e02eb29263ec349fac6d08a7919fb1176,10936
results/leiden-v2/ablations-2026-09-26/screening/candidates/51873a67c03bd2ac2764493d292c5bec459a0d90bdfc4643fd219d06df2cde8d/stress/vocabulary_subsample-10002/communities.csv,7940aae0b65a61954ae98669c8738c9b90e33c891fc494cf702a6a81c1c4ebf2,9842
results/leiden-v2/ablations-2026-09-26/screening/candidates/51873a67c03bd2ac2764493d292c5bec459a0d90bdfc4643fd219d06df2cde8d/stress/comparator-10003/communities.csv,07662f3b33bb09b86e87f3eea750e90a0b57681f8b52f31e5593b0d502c2d577,10936
results/leiden-v2/ablations-2026-09-26/screening/candidates/51873a67c03bd2ac2764493d292c5bec459a0d90bdfc4643fd219d06df2cde8d/stress/edge_removal-10003/communities.csv,80b9c570362604656addd7330b7a7a2c01b503d3b2036e57397ce3d39cb147e9,10936
results/leiden-v2/ablations-2026-09-26/screening/candidates/51873a67c03bd2ac2764493d292c5bec459a0d90bdfc4643fd219d06df2cde8d/stress/vocabulary_subsample-10003/communities.csv,665c2af8546850572760d75dbe637e354fe4142c154c013568c93f83a521b502,9842
results/leiden-v2/ablations-2026-09-26/screening/candidates/51873a67c03bd2ac2764493d292c5bec459a0d90bdfc4643fd219d06df2cde8d/stress/comparator-10004/communities.csv,208aa1d49339c026864d4908e0a16cea262b7ac12c985f74720df90dec25341e,10936
results/leiden-v2/ablations-2026-09-26/screening/candidates/51873a67c03bd2ac2764493d292c5bec459a0d90bdfc4643fd219d06df2cde8d/stress/edge_removal-10004/communities.csv,0f04bd386f5043990fbba47b63739a53e75717150039236e9d337409548a1e54,10936
results/leiden-v2/ablations-2026-09-26/screening/candidates/51873a67c03bd2ac2764493d292c5bec459a0d90bdfc4643fd219d06df2cde8d/stress/vocabulary_subsample-10004/communities.csv,61a2bcfa346c3a4f367b9cbce24241b1431b2be81cf62bb0c9fee7af0d4b8f8c,9842
results/leiden-v2/ablations-2026-09-26/screening/candidates/51873a67c03bd2ac2764493d292c5bec459a0d90bdfc4643fd219d06df2cde8d/stress/comparator-10005/communities.csv,f293719fed51434bcddcc298a6bf3163c55e4e9817e35162a4d9fc1223714980,10936
results/leiden-v2/ablations-2026-09-26/screening/candidates/51873a67c03bd2ac2764493d292c5bec459a0d90bdfc4643fd219d06df2cde8d/stress/edge_removal-10005/communities.csv,d700712b1ab9fb8018c1046c79245bf356654e74e0eb7bd52d52ba9be66a999a,10936
results/leiden-v2/ablations-2026-09-26/screening/candidates/51873a67c03bd2ac2764493d292c5bec459a0d90bdfc4643fd219d06df2cde8d/stress/vocabulary_subsample-10005/communities.csv,d4a30f0005f903f840d57a50e3d6c5fc0f8cf2e4f2f89bcb1d27265601b12c01,9842
results/leiden-v2/ablations-2026-09-26/screening/candidates/51873a67c03bd2ac2764493d292c5bec459a0d90bdfc4643fd219d06df2cde8d/stress/comparator-10006/communities.csv,633440c2a25e54b67dbf509ead17ecc43e63a9f01249e864292ea3114b9ac594,10936
results/leiden-v2/ablations-2026-09-26/screening/candidates/51873a67c03bd2ac2764493d292c5bec459a0d90bdfc4643fd219d06df2cde8d/stress/edge_removal-10006/communities.csv,b0deb8d3da4ddaa9e04e372a9ffad53a357fc40b6425abe8fe0779fee53d3065,10936
results/leiden-v2/ablations-2026-09-26/screening/candidates/51873a67c03bd2ac2764493d292c5bec459a0d90bdfc4643fd219d06df2cde8d/stress/vocabulary_subsample-10006/communities.csv,284d4fef14085c0257a1372e7213fbcbcab197a686a18c451af2a9579eeb9028,9842
results/leiden-v2/ablations-2026-09-26/screening/candidates/51873a67c03bd2ac2764493d292c5bec459a0d90bdfc4643fd219d06df2cde8d/stress/comparator-10007/communities.csv,f6a2cf626f5b4fdde07e6c5737ab3477e36ab8c4dfd370c693c64038e7872841,10936
results/leiden-v2/ablations-2026-09-26/screening/candidates/51873a67c03bd2ac2764493d292c5bec459a0d90bdfc4643fd219d06df2cde8d/stress/edge_removal-10007/communities.csv,6f0061d9240c558f6566e0160aa75d7077294ae85f1841cd1f60157efe30294e,10936
results/leiden-v2/ablations-2026-09-26/screening/candidates/51873a67c03bd2ac2764493d292c5bec459a0d90bdfc4643fd219d06df2cde8d/stress/vocabulary_subsample-10007/communities.csv,8818d9e3dbbfa78579d012cf75008045a1df7a06e72b8e508c56d46f74af3c37,9842
results/leiden-v2/ablations-2026-09-26/screening/candidates/51873a67c03bd2ac2764493d292c5bec459a0d90bdfc4643fd219d06df2cde8d/stress/comparator-10008/communities.csv,a4d5c837a7edb407b336b8cd8dc87c64a32222d2bb44cc43874e966ada55d2c7,10936
results/leiden-v2/ablations-2026-09-26/screening/candidates/51873a67c03bd2ac2764493d292c5bec459a0d90bdfc4643fd219d06df2cde8d/stress/edge_removal-10008/communities.csv,50f523985d6008e990d6a6c958d76a5a1579973427d2537fe0ea7dfc882499ef,10936
results/leiden-v2/ablations-2026-09-26/screening/candidates/51873a67c03bd2ac2764493d292c5bec459a0d90bdfc4643fd219d06df2cde8d/stress/vocabulary_subsample-10008/communities.csv,9c3970162529f9fecbe2b2541b1756088218252973e1d2eb4a1d0b87e3166b12,9842
results/leiden-v2/ablations-2026-09-26/screening/candidates/51873a67c03bd2ac2764493d292c5bec459a0d90bdfc4643fd219d06df2cde8d/stress/comparator-10009/communities.csv,42a4065badc3939a4cb1dbc9c255f9c58c037364216f071f90a566f8b50914b0,10936
results/leiden-v2/ablations-2026-09-26/screening/candidates/51873a67c03bd2ac2764493d292c5bec459a0d90bdfc4643fd219d06df2cde8d/stress/edge_removal-10009/communities.csv,746ba17934b6d5d643f6deb4eb0ea207db2be892887e1a4dc8f7da06ccba7d21,10936
results/leiden-v2/ablations-2026-09-26/screening/candidates/51873a67c03bd2ac2764493d292c5bec459a0d90bdfc4643fd219d06df2cde8d/stress/vocabulary_subsample-10009/communities.csv,cace7383a87acb9e189a3977cc7bbd6c011497982d4910ecb2375adba1307cf4,9842
results/leiden-v2/ablations-2026-09-26/screening/candidates/51873a67c03bd2ac2764493d292c5bec459a0d90bdfc4643fd219d06df2cde8d/sensitivity/resolution-increase/communities.csv,128e2bd47465b3e4b529fc060894599c649314af1431a9ba2025ae821224ed95,10936
results/leiden-v2/ablations-2026-09-26/screening/candidates/51873a67c03bd2ac2764493d292c5bec459a0d90bdfc4643fd219d06df2cde8d/sensitivity/resolution-decrease/communities.csv,b719683f9625662e96de1fb91d60e894b4b7c95405dc4358cfb04f7aa6e77f79,10936
results/leiden-v2/ablations-2026-09-26/screening/candidates/b58dfe04de33ba8c519a49ab8641c0cfd99a5c4022b6a198e1ffe7db1adade67/seed-42/communities.csv,ef71c0b0ee282c7505c84fd3dcf7e9202ba8d077bdd2684d2e13a2b1c8b68cc3,10936
results/leiden-v2/ablations-2026-09-26/screening/candidates/b58dfe04de33ba8c519a49ab8641c0cfd99a5c4022b6a198e1ffe7db1adade67/seed-43/communities.csv,e8c4cd3cbf2f5395638f7e36548449e16023c0dabfafaafbe86a4f6bf83e9be9,10936
results/leiden-v2/ablations-2026-09-26/screening/candidates/b58dfe04de33ba8c519a49ab8641c0cfd99a5c4022b6a198e1ffe7db1adade67/seed-44/communities.csv,69ed21e10d272c23d66196eaf395279b0aaf0f955a8e171462b5ad5e4a3b0620,10936
results/leiden-v2/ablations-2026-09-26/screening/candidates/b58dfe04de33ba8c519a49ab8641c0cfd99a5c4022b6a198e1ffe7db1adade67/stress/comparator-10000/communities.csv,f6a1aa73b6629ea1653cebb49ef31c7be99dc73e39577a23204f06214d428b5e,10936
results/leiden-v2/ablations-2026-09-26/screening/candidates/b58dfe04de33ba8c519a49ab8641c0cfd99a5c4022b6a198e1ffe7db1adade67/stress/edge_removal-10000/communities.csv,3d47417e5d818668930c5ba527cc8872fc5f55e7d71b116318724d99f0e2b108,10936
results/leiden-v2/ablations-2026-09-26/screening/candidates/b58dfe04de33ba8c519a49ab8641c0cfd99a5c4022b6a198e1ffe7db1adade67/stress/vocabulary_subsample-10000/communities.csv,0420e7524f807d36fdc13b2d926dbffd4fd551cf89d938a2a32b5a58ed5a89a5,9842
results/leiden-v2/ablations-2026-09-26/screening/candidates/b58dfe04de33ba8c519a49ab8641c0cfd99a5c4022b6a198e1ffe7db1adade67/stress/comparator-10001/communities.csv,f558d06f4de0d0abc2dee2ae905750b030584d173a33f47bad756e42f967d729,10936
results/leiden-v2/ablations-2026-09-26/screening/candidates/b58dfe04de33ba8c519a49ab8641c0cfd99a5c4022b6a198e1ffe7db1adade67/stress/edge_removal-10001/communities.csv,92ab1e304d6780952c478964f38b5dc30ca0e3351763599067e89b2255f2b75a,10936
results/leiden-v2/ablations-2026-09-26/screening/candidates/b58dfe04de33ba8c519a49ab8641c0cfd99a5c4022b6a198e1ffe7db1adade67/stress/vocabulary_subsample-10001/communities.csv,bfe9f941284f90af1cc5e625fc0d35a36db3aff297314af261024824d3ea6439,9842
results/leiden-v2/ablations-2026-09-26/screening/candidates/b58dfe04de33ba8c519a49ab8641c0cfd99a5c4022b6a198e1ffe7db1adade67/stress/comparator-10002/communities.csv,98c0b1ebe8f2199976384bddb319862e3b7b54ddb8039a5c4b4ca662140476c7,10936
results/leiden-v2/ablations-2026-09-26/screening/candidates/b58dfe04de33ba8c519a49ab8641c0cfd99a5c4022b6a198e1ffe7db1adade67/stress/edge_removal-10002/communities.csv,a7d5aad1146d11907b4279ce3e0100f8ba2b885b08dba1d09c004c771bbefc1c,10936
results/leiden-v2/ablations-2026-09-26/screening/candidates/b58dfe04de33ba8c519a49ab8641c0cfd99a5c4022b6a198e1ffe7db1adade67/stress/vocabulary_subsample-10002/communities.csv,ec3339cb5f15647ff15d77a88fd0dfd3492b3b38e575cbc4dc318a9fb2c618a3,9842
results/leiden-v2/ablations-2026-09-26/screening/candidates/b58dfe04de33ba8c519a49ab8641c0cfd99a5c4022b6a198e1ffe7db1adade67/stress/comparator-10003/communities.csv,9952a3c9b96099331dcc704f6e8843f59eedcb6a233a4d8c5784d7ae9446d08a,10936
results/leiden-v2/ablations-2026-09-26/screening/candidates/b58dfe04de33ba8c519a49ab8641c0cfd99a5c4022b6a198e1ffe7db1adade67/stress/edge_removal-10003/communities.csv,0053960099870366381a35dd91abc8ff2451c6d040882ddefd8ed04809e30d68,10936
results/leiden-v2/ablations-2026-09-26/screening/candidates/b58dfe04de33ba8c519a49ab8641c0cfd99a5c4022b6a198e1ffe7db1adade67/stress/vocabulary_subsample-10003/communities.csv,93a01b27fc045f63738f77869d26c90dc69dc0f8eca579c993c6999ac0a06ff2,9842
results/leiden-v2/ablations-2026-09-26/screening/candidates/b58dfe04de33ba8c519a49ab8641c0cfd99a5c4022b6a198e1ffe7db1adade67/stress/comparator-10004/communities.csv,317a5a057553f6d38ada3c83cf61bdf00a014a596484577c9307b3a0a28911d6,10936
results/leiden-v2/ablations-2026-09-26/screening/candidates/b58dfe04de33ba8c519a49ab8641c0cfd99a5c4022b6a198e1ffe7db1adade67/stress/edge_removal-10004/communities.csv,f2693f14a0956f9db578f824a1f8dd0b9c55ce0098ac004b28c86798afa2ac23,10936
results/leiden-v2/ablations-2026-09-26/screening/candidates/b58dfe04de33ba8c519a49ab8641c0cfd99a5c4022b6a198e1ffe7db1adade67/stress/vocabulary_subsample-10004/communities.csv,2565f431327f4426e3a597f3a9006307635b69e15aacbb045a5507622cf1fad8,9842
results/leiden-v2/ablations-2026-09-26/screening/candidates/b58dfe04de33ba8c519a49ab8641c0cfd99a5c4022b6a198e1ffe7db1adade67/stress/comparator-10005/communities.csv,9a8fbc8b9356a94aa430b0d3ed313bc2fc7938d4b1d1a60a46d69d71c93d21e6,10936
results/leiden-v2/ablations-2026-09-26/screening/candidates/b58dfe04de33ba8c519a49ab8641c0cfd99a5c4022b6a198e1ffe7db1adade67/stress/edge_removal-10005/communities.csv,3c6ab8c5690562cf51ed3787dba21e680a27db6d5301336512928b3f6fd4cc22,10936
results/leiden-v2/ablations-2026-09-26/screening/candidates/b58dfe04de33ba8c519a49ab8641c0cfd99a5c4022b6a198e1ffe7db1adade67/stress/vocabulary_subsample-10005/communities.csv,863f41458d353e59107e69a0eb37218e918575e8d84cde82192a5229dd257f9e,9842
results/leiden-v2/ablations-2026-09-26/screening/candidates/b58dfe04de33ba8c519a49ab8641c0cfd99a5c4022b6a198e1ffe7db1adade67/stress/comparator-10006/communities.csv,b62a291ab06aba49be6a943c0bf4852bf10b9b2dc62e67efb9977e6835ee506f,10936
results/leiden-v2/ablations-2026-09-26/screening/candidates/b58dfe04de33ba8c519a49ab8641c0cfd99a5c4022b6a198e1ffe7db1adade67/stress/edge_removal-10006/communities.csv,a44904c669c4be893d97ec756e4ab444a7a9b6a271ee7ddf3037bddada57a14f,10936
results/leiden-v2/ablations-2026-09-26/screening/candidates/b58dfe04de33ba8c519a49ab8641c0cfd99a5c4022b6a198e1ffe7db1adade67/stress/vocabulary_subsample-10006/communities.csv,97e33db38d3ad4f9b868a05eeff5836030ff6d56cb0eca662a6373ed76f1f2ec,9842
results/leiden-v2/ablations-2026-09-26/screening/candidates/b58dfe04de33ba8c519a49ab8641c0cfd99a5c4022b6a198e1ffe7db1adade67/stress/comparator-10007/communities.csv,a95b757c4118eb6c809f4854cdd8d76f9fd276cac45bc6a5b66586220ca9fe9e,10936
results/leiden-v2/ablations-2026-09-26/screening/candidates/b58dfe04de33ba8c519a49ab8641c0cfd99a5c4022b6a198e1ffe7db1adade67/stress/edge_removal-10007/communities.csv,e9f032b3f1488c4a7edcfd43935231a7d9c31d6eac1f592ff9dd2afddab9ea23,10936
results/leiden-v2/ablations-2026-09-26/screening/candidates/b58dfe04de33ba8c519a49ab8641c0cfd99a5c4022b6a198e1ffe7db1adade67/stress/vocabulary_subsample-10007/communities.csv,b1b071a99cd60dac49fef129f172dc1918207a30a57eec1e629ec1ed2d438019,9842
results/leiden-v2/ablations-2026-09-26/screening/candidates/b58dfe04de33ba8c519a49ab8641c0cfd99a5c4022b6a198e1ffe7db1adade67/stress/comparator-10008/communities.csv,23b5ff5473b7e83406ae5104e21e05130fdf8ae85286bfe13237d6c4753d3924,10936
results/leiden-v2/ablations-2026-09-26/screening/candidates/b58dfe04de33ba8c519a49ab8641c0cfd99a5c4022b6a198e1ffe7db1adade67/stress/edge_removal-10008/communities.csv,f83b47ca8865616b3a87bc3617f6f5e006f2f3d67ff154674bed8ff46d8dba18,10936
results/leiden-v2/ablations-2026-09-26/screening/candidates/b58dfe04de33ba8c519a49ab8641c0cfd99a5c4022b6a198e1ffe7db1adade67/stress/vocabulary_subsample-10008/communities.csv,32c78faa65844c523f986d0d87b1069442f55c17229a53713bfb4b760422d55e,9842
results/leiden-v2/ablations-2026-09-26/screening/candidates/b58dfe04de33ba8c519a49ab8641c0cfd99a5c4022b6a198e1ffe7db1adade67/stress/comparator-10009/communities.csv,a27aed33a4f56c2a98d27af579eaebdcb7f9436084f5bee8a8fcb2a816371b65,10936
results/leiden-v2/ablations-2026-09-26/screening/candidates/b58dfe04de33ba8c519a49ab8641c0cfd99a5c4022b6a198e1ffe7db1adade67/stress/edge_removal-10009/communities.csv,366ba8d6d83d9ba53bb587ed085edcc918d157edd2874a496bdb707fb5e37c48,10936
results/leiden-v2/ablations-2026-09-26/screening/candidates/b58dfe04de33ba8c519a49ab8641c0cfd99a5c4022b6a198e1ffe7db1adade67/stress/vocabulary_subsample-10009/communities.csv,bd656bdfaed7cfb3f2c7fdd8f5b75bbad310f15bdbea95faa3be8810315c2e16,9842
results/leiden-v2/ablations-2026-09-26/screening/candidates/b58dfe04de33ba8c519a49ab8641c0cfd99a5c4022b6a198e1ffe7db1adade67/sensitivity/resolution-increase/communities.csv,349708df1ca9ab13c5b4ddc5f2a3f800f14f82d73cdbb868cd595524f93de0ac,10936
results/leiden-v2/ablations-2026-09-26/screening/candidates/b58dfe04de33ba8c519a49ab8641c0cfd99a5c4022b6a198e1ffe7db1adade67/sensitivity/resolution-decrease/communities.csv,abdb37e136c712c59199e7b4c125070de0949b5eee70ad7698fdf5ca85e888ed,10936
results/leiden-v2/ablations-2026-09-26/screening/candidates/c64f421716ca1c07e63fb416032aa8af4302b0dd353d9d931f1e2c63b565a0dc/seed-42/communities.csv,f85fb23b9090d38086b2a95d74b7a43943bdf2c7137065f03632ecda1dfa6c22,10936
results/leiden-v2/ablations-2026-09-26/screening/candidates/c64f421716ca1c07e63fb416032aa8af4302b0dd353d9d931f1e2c63b565a0dc/seed-43/communities.csv,0cc6044f88005c7b068e9db2d09a74bb7b976854a4c4c56e001c76ba54ff6408,10936
results/leiden-v2/ablations-2026-09-26/screening/candidates/c64f421716ca1c07e63fb416032aa8af4302b0dd353d9d931f1e2c63b565a0dc/seed-44/communities.csv,2a5d06dc96378202baba830efad92eba9cb66a6bc8714ec8113b9ca5b9465abf,10936
results/leiden-v2/ablations-2026-09-26/screening/candidates/c64f421716ca1c07e63fb416032aa8af4302b0dd353d9d931f1e2c63b565a0dc/stress/comparator-10000/communities.csv,173bf4d4241a70b0982919a34b36919775f8b36b16320a2e849a191c7d68f142,10936
results/leiden-v2/ablations-2026-09-26/screening/candidates/c64f421716ca1c07e63fb416032aa8af4302b0dd353d9d931f1e2c63b565a0dc/stress/edge_removal-10000/communities.csv,68f0bf0870dd9a53b2563c68f0a23a9afe8b72200f5f90faec3e2717e2e29a0b,10936
results/leiden-v2/ablations-2026-09-26/screening/candidates/c64f421716ca1c07e63fb416032aa8af4302b0dd353d9d931f1e2c63b565a0dc/stress/vocabulary_subsample-10000/communities.csv,704d96cfdb745dd84e5e500ba65827cafa08768888f58f1e67ee6dab7618e7a9,9842
results/leiden-v2/ablations-2026-09-26/screening/candidates/c64f421716ca1c07e63fb416032aa8af4302b0dd353d9d931f1e2c63b565a0dc/stress/comparator-10001/communities.csv,b1ac0f6c1833083f33ab63153184e118994df8f0df6969be06ea8b8df8306063,10936
results/leiden-v2/ablations-2026-09-26/screening/candidates/c64f421716ca1c07e63fb416032aa8af4302b0dd353d9d931f1e2c63b565a0dc/stress/edge_removal-10001/communities.csv,cf082be69ef35b1a29edd9388a8d93e7f2c7ab9e375c680c37af641fddb00958,10936
results/leiden-v2/ablations-2026-09-26/screening/candidates/c64f421716ca1c07e63fb416032aa8af4302b0dd353d9d931f1e2c63b565a0dc/stress/vocabulary_subsample-10001/communities.csv,9e75f3e2c936c3b8788e0d6abd92756f2d81c740d588560f56473b33df6586fe,9842
results/leiden-v2/ablations-2026-09-26/screening/candidates/c64f421716ca1c07e63fb416032aa8af4302b0dd353d9d931f1e2c63b565a0dc/stress/comparator-10002/communities.csv,13764d8a176caa62292f180fdb6cf079a12173844bd6a91da8c58e39a189fcd4,10936
results/leiden-v2/ablations-2026-09-26/screening/candidates/c64f421716ca1c07e63fb416032aa8af4302b0dd353d9d931f1e2c63b565a0dc/stress/edge_removal-10002/communities.csv,f399a32f0912e003ee7c3d51d1c6ba22f57a2d763dfa85a63a0b9f5566600d3e,10936
results/leiden-v2/ablations-2026-09-26/screening/candidates/c64f421716ca1c07e63fb416032aa8af4302b0dd353d9d931f1e2c63b565a0dc/stress/vocabulary_subsample-10002/communities.csv,9d9bf89f02a2df5ca546793f70bfe1025b6073c822de6a84fa923e9f0663e1ee,9842
results/leiden-v2/ablations-2026-09-26/screening/candidates/c64f421716ca1c07e63fb416032aa8af4302b0dd353d9d931f1e2c63b565a0dc/stress/comparator-10003/communities.csv,12da2d0b78dd7f5ab5b3abc65e8e143005b33772c4dc6cb0956e798db4a44d91,10936
results/leiden-v2/ablations-2026-09-26/screening/candidates/c64f421716ca1c07e63fb416032aa8af4302b0dd353d9d931f1e2c63b565a0dc/stress/edge_removal-10003/communities.csv,0b6d7e0228aa1fa2b96dc2d9621c250691263f6dddbe1419ca16e5c9feedc964,10936
results/leiden-v2/ablations-2026-09-26/screening/candidates/c64f421716ca1c07e63fb416032aa8af4302b0dd353d9d931f1e2c63b565a0dc/stress/vocabulary_subsample-10003/communities.csv,4084f05c2dafeb6b776200736f43db662ad39c405b193db7e2cf5c95b3b7914f,9842
results/leiden-v2/ablations-2026-09-26/screening/candidates/c64f421716ca1c07e63fb416032aa8af4302b0dd353d9d931f1e2c63b565a0dc/stress/comparator-10004/communities.csv,92cb6bfc95adc5cbff1691c68eba7f6b5f1ea0550d31055e8801eb35dc050fe7,10936
results/leiden-v2/ablations-2026-09-26/screening/candidates/c64f421716ca1c07e63fb416032aa8af4302b0dd353d9d931f1e2c63b565a0dc/stress/edge_removal-10004/communities.csv,3579277a2dbe9662ba447e437db3fc8519640031a714a0658364b185bad6f701,10936
results/leiden-v2/ablations-2026-09-26/screening/candidates/c64f421716ca1c07e63fb416032aa8af4302b0dd353d9d931f1e2c63b565a0dc/stress/vocabulary_subsample-10004/communities.csv,73d437fcd364ab1d1a533c3042f14612c45cd176e301348a8223e6d4e3c0222c,9842
results/leiden-v2/ablations-2026-09-26/screening/candidates/c64f421716ca1c07e63fb416032aa8af4302b0dd353d9d931f1e2c63b565a0dc/stress/comparator-10005/communities.csv,51b1494b8030a89691cd602abdd621ca7429176378ca7a8269ca77b28640513c,10936
results/leiden-v2/ablations-2026-09-26/screening/candidates/c64f421716ca1c07e63fb416032aa8af4302b0dd353d9d931f1e2c63b565a0dc/stress/edge_removal-10005/communities.csv,e417191d1ff29dd94238c57955c5dfb52c0b3639ba45303119624c786818c7c0,10936
results/leiden-v2/ablations-2026-09-26/screening/candidates/c64f421716ca1c07e63fb416032aa8af4302b0dd353d9d931f1e2c63b565a0dc/stress/vocabulary_subsample-10005/communities.csv,0e19a7ec8b505f962e7405602fc19825126929ffd197973b011216ae80618133,9842
results/leiden-v2/ablations-2026-09-26/screening/candidates/c64f421716ca1c07e63fb416032aa8af4302b0dd353d9d931f1e2c63b565a0dc/stress/comparator-10006/communities.csv,77a6b18bfe6f76207cd7550c0c8d61f9c38abf08914ff65fd3b839c312a56ac1,10936
results/leiden-v2/ablations-2026-09-26/screening/candidates/c64f421716ca1c07e63fb416032aa8af4302b0dd353d9d931f1e2c63b565a0dc/stress/edge_removal-10006/communities.csv,a282c0c694b199ab066a91f4f7b6f35121c1fc82271bd1eb690b9822637df973,10936
results/leiden-v2/ablations-2026-09-26/screening/candidates/c64f421716ca1c07e63fb416032aa8af4302b0dd353d9d931f1e2c63b565a0dc/stress/vocabulary_subsample-10006/communities.csv,cbc656cc06fe271de4cd0991e3fed8c96847c213fcb478d505ca984232f4cd03,9842
results/leiden-v2/ablations-2026-09-26/screening/candidates/c64f421716ca1c07e63fb416032aa8af4302b0dd353d9d931f1e2c63b565a0dc/stress/comparator-10007/communities.csv,2c062d43eeda4f262ef9ac35d9669f474acdae7b052bd0fc461663fc447ccb8c,10936
results/leiden-v2/ablations-2026-09-26/screening/candidates/c64f421716ca1c07e63fb416032aa8af4302b0dd353d9d931f1e2c63b565a0dc/stress/edge_removal-10007/communities.csv,05f04e8bb54634c167eb74a907c3e8d448463906fbf91d0c0d3bb869c4de02a1,10936
results/leiden-v2/ablations-2026-09-26/screening/candidates/c64f421716ca1c07e63fb416032aa8af4302b0dd353d9d931f1e2c63b565a0dc/stress/vocabulary_subsample-10007/communities.csv,42fa5678757e4aa4beb049d12713c2ce5e9988e800bb94856307e748cf256996,9842
results/leiden-v2/ablations-2026-09-26/screening/candidates/c64f421716ca1c07e63fb416032aa8af4302b0dd353d9d931f1e2c63b565a0dc/stress/comparator-10008/communities.csv,a0f14bebef647dd87aa22e4e08d1cf0d3ff47425448ece14de0a7b293ded3e23,10936
results/leiden-v2/ablations-2026-09-26/screening/candidates/c64f421716ca1c07e63fb416032aa8af4302b0dd353d9d931f1e2c63b565a0dc/stress/edge_removal-10008/communities.csv,26fbe03da6c7bb74b116abed01db6aeaaf7676eb9be6d98f3ef44b2e2dc7e04f,10936
results/leiden-v2/ablations-2026-09-26/screening/candidates/c64f421716ca1c07e63fb416032aa8af4302b0dd353d9d931f1e2c63b565a0dc/stress/vocabulary_subsample-10008/communities.csv,8107217ce9cb0c0055b29bffb976719e09e3e1bdd8fa6b7ba7968fe414adce3d,9842
results/leiden-v2/ablations-2026-09-26/screening/candidates/c64f421716ca1c07e63fb416032aa8af4302b0dd353d9d931f1e2c63b565a0dc/stress/comparator-10009/communities.csv,f0355f4adc16f9b59c6a4d4e809e6ee971fcd34def8fdacab52a2356d3b652ce,10936
results/leiden-v2/ablations-2026-09-26/screening/candidates/c64f421716ca1c07e63fb416032aa8af4302b0dd353d9d931f1e2c63b565a0dc/stress/edge_removal-10009/communities.csv,ea573b89939d6237b3c7265770745eef1714658979db2c265abf1aeca8d63374,10936
results/leiden-v2/ablations-2026-09-26/screening/candidates/c64f421716ca1c07e63fb416032aa8af4302b0dd353d9d931f1e2c63b565a0dc/stress/vocabulary_subsample-10009/communities.csv,d8f090caec71ba0f97d5bee22f48b395092d98ab784e4b406dd444d99a6ad273,9842
results/leiden-v2/ablations-2026-09-26/screening/candidates/c64f421716ca1c07e63fb416032aa8af4302b0dd353d9d931f1e2c63b565a0dc/sensitivity/resolution-increase/communities.csv,b4b9c7d367685a81ada5da7871d521a0050467261f8b456506f040f06b69f54c,10936
results/leiden-v2/ablations-2026-09-26/screening/candidates/c64f421716ca1c07e63fb416032aa8af4302b0dd353d9d931f1e2c63b565a0dc/sensitivity/resolution-decrease/communities.csv,baeffd8d54983521cf9a58ae0413b3a146991ef5b6c6f18a48de7c964457633b,10936
results/leiden-v2/ablations-2026-09-26/screening/candidates/492bebeff72687231638cbba78d12cb8575cf19e6f639d4f25f4cd494c87d367/seed-42/communities.csv,f2104b1c531193fce612e33bad3bac2de9bfe2dbcd588db3fb8578cffe92ea19,10936
results/leiden-v2/ablations-2026-09-26/screening/candidates/492bebeff72687231638cbba78d12cb8575cf19e6f639d4f25f4cd494c87d367/seed-43/communities.csv,50c697033fecabdb1286b342b01ed8be0d39b90debdbf06f43ab7b0719059f22,10936
results/leiden-v2/ablations-2026-09-26/screening/candidates/492bebeff72687231638cbba78d12cb8575cf19e6f639d4f25f4cd494c87d367/seed-44/communities.csv,6d7487722d0837181fde1083bbd9adcf6eeffdf66a735b33535f9ea2946027c4,10936
results/leiden-v2/ablations-2026-09-26/screening/candidates/492bebeff72687231638cbba78d12cb8575cf19e6f639d4f25f4cd494c87d367/stress/comparator-10000/communities.csv,0a6bd7179ded35032199b9364d80d2deb5e22f47c2c0effdd8ee27235b24bee6,10936
results/leiden-v2/ablations-2026-09-26/screening/candidates/492bebeff72687231638cbba78d12cb8575cf19e6f639d4f25f4cd494c87d367/stress/edge_removal-10000/communities.csv,cc4ffacd32de5a97e80fed84e30113dfdc9427c83ed96750c3717a303586293f,10936
results/leiden-v2/ablations-2026-09-26/screening/candidates/492bebeff72687231638cbba78d12cb8575cf19e6f639d4f25f4cd494c87d367/stress/vocabulary_subsample-10000/communities.csv,2b98967827265faef378f6eb1dd9960f17bf89fe445b03506e58a68697c86bf1,9842
results/leiden-v2/ablations-2026-09-26/screening/candidates/492bebeff72687231638cbba78d12cb8575cf19e6f639d4f25f4cd494c87d367/stress/comparator-10001/communities.csv,2c25bbe85aba78679265bd147c98828b10dad71a7e13698e99f1fe475122e7fb,10936
results/leiden-v2/ablations-2026-09-26/screening/candidates/492bebeff72687231638cbba78d12cb8575cf19e6f639d4f25f4cd494c87d367/stress/edge_removal-10001/communities.csv,5b3231d143c1cb6277ce15f0892b5bc8824111b1847bf9c0a975bee5990f0ea5,10936
results/leiden-v2/ablations-2026-09-26/screening/candidates/492bebeff72687231638cbba78d12cb8575cf19e6f639d4f25f4cd494c87d367/stress/vocabulary_subsample-10001/communities.csv,b8e3d4ba985da37f68a16a382ff38cb55faf9c0e23f7932ecc5b7555b15e3139,9842
results/leiden-v2/ablations-2026-09-26/screening/candidates/492bebeff72687231638cbba78d12cb8575cf19e6f639d4f25f4cd494c87d367/stress/comparator-10002/communities.csv,b9c193140f41f235c260d2aafe27a63c1da730158cd8fcf83d7ff10159770f2f,10936
results/leiden-v2/ablations-2026-09-26/screening/candidates/492bebeff72687231638cbba78d12cb8575cf19e6f639d4f25f4cd494c87d367/stress/edge_removal-10002/communities.csv,f6de95a4ef69e9357ebf939f2e58388d16ca69a2ad742e96e0738977f8bce665,10936
results/leiden-v2/ablations-2026-09-26/screening/candidates/492bebeff72687231638cbba78d12cb8575cf19e6f639d4f25f4cd494c87d367/stress/vocabulary_subsample-10002/communities.csv,85985e482338ae2760fd68151dd4492d0b4f7469d1a943cf4cabefffe2ae49b0,9842
results/leiden-v2/ablations-2026-09-26/screening/candidates/492bebeff72687231638cbba78d12cb8575cf19e6f639d4f25f4cd494c87d367/stress/comparator-10003/communities.csv,ac1864ccad2945ffc729d685bda37937df3883da6d8f0fb6428964f029233f78,10936
results/leiden-v2/ablations-2026-09-26/screening/candidates/492bebeff72687231638cbba78d12cb8575cf19e6f639d4f25f4cd494c87d367/stress/edge_removal-10003/communities.csv,ec4a61247a78e126a3dfadeb77569141d752a3aca7988e519680cdb9f134f017,10936
results/leiden-v2/ablations-2026-09-26/screening/candidates/492bebeff72687231638cbba78d12cb8575cf19e6f639d4f25f4cd494c87d367/stress/vocabulary_subsample-10003/communities.csv,d3a5ea79443b8216a073334cd8ddad69b55bbb32db01a7da48b53bcf7b6cfe5f,9842
results/leiden-v2/ablations-2026-09-26/screening/candidates/492bebeff72687231638cbba78d12cb8575cf19e6f639d4f25f4cd494c87d367/stress/comparator-10004/communities.csv,256e17a20d7f8a5bdf3da885bf25123c4ceea2db20d9b6bc682d630d50a432bb,10936
results/leiden-v2/ablations-2026-09-26/screening/candidates/492bebeff72687231638cbba78d12cb8575cf19e6f639d4f25f4cd494c87d367/stress/edge_removal-10004/communities.csv,f72354bc2f05bafdb3fbc34f63704bea5560b55fa065449b25d89f09914c4235,10936
results/leiden-v2/ablations-2026-09-26/screening/candidates/492bebeff72687231638cbba78d12cb8575cf19e6f639d4f25f4cd494c87d367/stress/vocabulary_subsample-10004/communities.csv,65c3d51a7e7cf857b17e2b2f022289ef0c7074ffc2379db2f980d97ace1c69e2,9842
results/leiden-v2/ablations-2026-09-26/screening/candidates/492bebeff72687231638cbba78d12cb8575cf19e6f639d4f25f4cd494c87d367/stress/comparator-10005/communities.csv,1d163801a1782635f9eb6cf99772c9ebdf20e24ace9c1e8303f33e33a5f79db8,10936
results/leiden-v2/ablations-2026-09-26/screening/candidates/492bebeff72687231638cbba78d12cb8575cf19e6f639d4f25f4cd494c87d367/stress/edge_removal-10005/communities.csv,fa9318071d8965270b32bc072977d7215f4bc64ffcde07e6ddf3613e76e4d52c,10936
results/leiden-v2/ablations-2026-09-26/screening/candidates/492bebeff72687231638cbba78d12cb8575cf19e6f639d4f25f4cd494c87d367/stress/vocabulary_subsample-10005/communities.csv,35c6ea8ecf4a02ab32f529e02a5279291fa5e3986bf53f0aa2ec10d149f3e5a1,9842
results/leiden-v2/ablations-2026-09-26/screening/candidates/492bebeff72687231638cbba78d12cb8575cf19e6f639d4f25f4cd494c87d367/stress/comparator-10006/communities.csv,05a0b57f2e4b46dd444da87e0e493782e8a570199e2436f9d864d118d93e5d73,10936
results/leiden-v2/ablations-2026-09-26/screening/candidates/492bebeff72687231638cbba78d12cb8575cf19e6f639d4f25f4cd494c87d367/stress/edge_removal-10006/communities.csv,8d2787ee7e0a53cfaa1c9a91425f6e304c1e94e3bf1e914bda24b9cf570b3530,10936
results/leiden-v2/ablations-2026-09-26/screening/candidates/492bebeff72687231638cbba78d12cb8575cf19e6f639d4f25f4cd494c87d367/stress/vocabulary_subsample-10006/communities.csv,125d7284d0e7cef5f3a05560262197d9ad00088f5c51683becc1430aeda73fcd,9842
results/leiden-v2/ablations-2026-09-26/screening/candidates/492bebeff72687231638cbba78d12cb8575cf19e6f639d4f25f4cd494c87d367/stress/comparator-10007/communities.csv,65dff785da848448c5d7a27b20c218aaca9d4cb3af19d95883cabbf0793dc0cf,10936
results/leiden-v2/ablations-2026-09-26/screening/candidates/492bebeff72687231638cbba78d12cb8575cf19e6f639d4f25f4cd494c87d367/stress/edge_removal-10007/communities.csv,91af7b6228a0293eb21ff050bf70db068d0bdc835176f2830646a95b591b8707,10936
results/leiden-v2/ablations-2026-09-26/screening/candidates/492bebeff72687231638cbba78d12cb8575cf19e6f639d4f25f4cd494c87d367/stress/vocabulary_subsample-10007/communities.csv,8018b62963921dffb79e14528d9ba015992bc60fc2f978025882678459df877a,9842
results/leiden-v2/ablations-2026-09-26/screening/candidates/492bebeff72687231638cbba78d12cb8575cf19e6f639d4f25f4cd494c87d367/stress/comparator-10008/communities.csv,22c71d2d330a0685be27df5e2017298116db7ec8f615a95c1a7b8385beed83a4,10936
results/leiden-v2/ablations-2026-09-26/screening/candidates/492bebeff72687231638cbba78d12cb8575cf19e6f639d4f25f4cd494c87d367/stress/edge_removal-10008/communities.csv,e6faf59ec14744623ed57db9650249503e3b9482caecbf0d06f188791e670d21,10936
results/leiden-v2/ablations-2026-09-26/screening/candidates/492bebeff72687231638cbba78d12cb8575cf19e6f639d4f25f4cd494c87d367/stress/vocabulary_subsample-10008/communities.csv,e4a66ac13f84b0848c2654303ec8d135de359ea9acf3070259b5449dfec18cb9,9842
results/leiden-v2/ablations-2026-09-26/screening/candidates/492bebeff72687231638cbba78d12cb8575cf19e6f639d4f25f4cd494c87d367/stress/comparator-10009/communities.csv,299ee4c32ae7eed19f2e1bde8786df8828cfcd2686854995e280ea1788d44594,10936
results/leiden-v2/ablations-2026-09-26/screening/candidates/492bebeff72687231638cbba78d12cb8575cf19e6f639d4f25f4cd494c87d367/stress/edge_removal-10009/communities.csv,0970e24b19b81f2eb499e6718a374e78abb736cb0aa1d0ceed6bd77558a4761f,10936
results/leiden-v2/ablations-2026-09-26/screening/candidates/492bebeff72687231638cbba78d12cb8575cf19e6f639d4f25f4cd494c87d367/stress/vocabulary_subsample-10009/communities.csv,7e6cb4fa2d7d826e3af114a4ed1e6e02f0430418bf4893e98228c1b4caf825bc,9842
results/leiden-v2/ablations-2026-09-26/screening/candidates/492bebeff72687231638cbba78d12cb8575cf19e6f639d4f25f4cd494c87d367/sensitivity/resolution-increase/communities.csv,61998e65a96cfc19d345f4dbda07440a6370fd3171509a4fc5b01cfc06e21535,10936
results/leiden-v2/ablations-2026-09-26/screening/candidates/492bebeff72687231638cbba78d12cb8575cf19e6f639d4f25f4cd494c87d367/sensitivity/resolution-decrease/communities.csv,1f61e33f53b17b57c486d3135b000d62b10878b4b2d63d17c863fe328162b238,10936
results/leiden-v2/ablations-2026-09-26/screening/candidates/e6564bf3ce1b07f44b2767c663adbef91f1f4d28459c685a4b3760f12d8ea853/seed-42/communities.csv,ede533b021b093bceeceb00236826b804d8d3903bc665b66b418c2dc5cae3264,10936
results/leiden-v2/ablations-2026-09-26/screening/candidates/e6564bf3ce1b07f44b2767c663adbef91f1f4d28459c685a4b3760f12d8ea853/seed-43/communities.csv,ede533b021b093bceeceb00236826b804d8d3903bc665b66b418c2dc5cae3264,10936
results/leiden-v2/ablations-2026-09-26/screening/candidates/e6564bf3ce1b07f44b2767c663adbef91f1f4d28459c685a4b3760f12d8ea853/seed-44/communities.csv,ede533b021b093bceeceb00236826b804d8d3903bc665b66b418c2dc5cae3264,10936
results/leiden-v2/ablations-2026-09-26/screening/candidates/e6564bf3ce1b07f44b2767c663adbef91f1f4d28459c685a4b3760f12d8ea853/stress/comparator-10000/communities.csv,ede533b021b093bceeceb00236826b804d8d3903bc665b66b418c2dc5cae3264,10936
results/leiden-v2/ablations-2026-09-26/screening/candidates/e6564bf3ce1b07f44b2767c663adbef91f1f4d28459c685a4b3760f12d8ea853/stress/edge_removal-10000/communities.csv,ede533b021b093bceeceb00236826b804d8d3903bc665b66b418c2dc5cae3264,10936
results/leiden-v2/ablations-2026-09-26/screening/candidates/e6564bf3ce1b07f44b2767c663adbef91f1f4d28459c685a4b3760f12d8ea853/stress/vocabulary_subsample-10000/communities.csv,ec5063c8cc04f03895b44b428aa49b363f256368d63b0af664ba48522257ad46,9842
results/leiden-v2/ablations-2026-09-26/screening/candidates/e6564bf3ce1b07f44b2767c663adbef91f1f4d28459c685a4b3760f12d8ea853/stress/comparator-10001/communities.csv,ede533b021b093bceeceb00236826b804d8d3903bc665b66b418c2dc5cae3264,10936
results/leiden-v2/ablations-2026-09-26/screening/candidates/e6564bf3ce1b07f44b2767c663adbef91f1f4d28459c685a4b3760f12d8ea853/stress/edge_removal-10001/communities.csv,ede533b021b093bceeceb00236826b804d8d3903bc665b66b418c2dc5cae3264,10936
results/leiden-v2/ablations-2026-09-26/screening/candidates/e6564bf3ce1b07f44b2767c663adbef91f1f4d28459c685a4b3760f12d8ea853/stress/vocabulary_subsample-10001/communities.csv,2917953a07803bc6be659e856150cf880189b92de3773d58ef2088b674d97460,9842
results/leiden-v2/ablations-2026-09-26/screening/candidates/e6564bf3ce1b07f44b2767c663adbef91f1f4d28459c685a4b3760f12d8ea853/stress/comparator-10002/communities.csv,ede533b021b093bceeceb00236826b804d8d3903bc665b66b418c2dc5cae3264,10936
results/leiden-v2/ablations-2026-09-26/screening/candidates/e6564bf3ce1b07f44b2767c663adbef91f1f4d28459c685a4b3760f12d8ea853/stress/edge_removal-10002/communities.csv,ede533b021b093bceeceb00236826b804d8d3903bc665b66b418c2dc5cae3264,10936
results/leiden-v2/ablations-2026-09-26/screening/candidates/e6564bf3ce1b07f44b2767c663adbef91f1f4d28459c685a4b3760f12d8ea853/stress/vocabulary_subsample-10002/communities.csv,fbaddf7ba1cd06ec633af701c93d35be0c3132361b33e24ba91cf4298ee82960,9842
results/leiden-v2/ablations-2026-09-26/screening/candidates/e6564bf3ce1b07f44b2767c663adbef91f1f4d28459c685a4b3760f12d8ea853/stress/comparator-10003/communities.csv,ede533b021b093bceeceb00236826b804d8d3903bc665b66b418c2dc5cae3264,10936
results/leiden-v2/ablations-2026-09-26/screening/candidates/e6564bf3ce1b07f44b2767c663adbef91f1f4d28459c685a4b3760f12d8ea853/stress/edge_removal-10003/communities.csv,ede533b021b093bceeceb00236826b804d8d3903bc665b66b418c2dc5cae3264,10936
results/leiden-v2/ablations-2026-09-26/screening/candidates/e6564bf3ce1b07f44b2767c663adbef91f1f4d28459c685a4b3760f12d8ea853/stress/vocabulary_subsample-10003/communities.csv,04e3064dbe7d14787d7de1db0ebda65eb0312f25c0a312ea95009076e5bb644f,9842
results/leiden-v2/ablations-2026-09-26/screening/candidates/e6564bf3ce1b07f44b2767c663adbef91f1f4d28459c685a4b3760f12d8ea853/stress/comparator-10004/communities.csv,ede533b021b093bceeceb00236826b804d8d3903bc665b66b418c2dc5cae3264,10936
results/leiden-v2/ablations-2026-09-26/screening/candidates/e6564bf3ce1b07f44b2767c663adbef91f1f4d28459c685a4b3760f12d8ea853/stress/edge_removal-10004/communities.csv,ede533b021b093bceeceb00236826b804d8d3903bc665b66b418c2dc5cae3264,10936
results/leiden-v2/ablations-2026-09-26/screening/candidates/e6564bf3ce1b07f44b2767c663adbef91f1f4d28459c685a4b3760f12d8ea853/stress/vocabulary_subsample-10004/communities.csv,9680676d2500ce182cb9c04c94c35eeabe904a79637304ef0ad5d6e581802cc3,9842
results/leiden-v2/ablations-2026-09-26/screening/candidates/e6564bf3ce1b07f44b2767c663adbef91f1f4d28459c685a4b3760f12d8ea853/stress/comparator-10005/communities.csv,ede533b021b093bceeceb00236826b804d8d3903bc665b66b418c2dc5cae3264,10936
results/leiden-v2/ablations-2026-09-26/screening/candidates/e6564bf3ce1b07f44b2767c663adbef91f1f4d28459c685a4b3760f12d8ea853/stress/edge_removal-10005/communities.csv,ede533b021b093bceeceb00236826b804d8d3903bc665b66b418c2dc5cae3264,10936
results/leiden-v2/ablations-2026-09-26/screening/candidates/e6564bf3ce1b07f44b2767c663adbef91f1f4d28459c685a4b3760f12d8ea853/stress/vocabulary_subsample-10005/communities.csv,f5f546912c415d94e5c8469463b04c936de642c90655fd233a0daf7bb95ead35,9842
results/leiden-v2/ablations-2026-09-26/screening/candidates/e6564bf3ce1b07f44b2767c663adbef91f1f4d28459c685a4b3760f12d8ea853/stress/comparator-10006/communities.csv,ede533b021b093bceeceb00236826b804d8d3903bc665b66b418c2dc5cae3264,10936
results/leiden-v2/ablations-2026-09-26/screening/candidates/e6564bf3ce1b07f44b2767c663adbef91f1f4d28459c685a4b3760f12d8ea853/stress/edge_removal-10006/communities.csv,ede533b021b093bceeceb00236826b804d8d3903bc665b66b418c2dc5cae3264,10936
results/leiden-v2/ablations-2026-09-26/screening/candidates/e6564bf3ce1b07f44b2767c663adbef91f1f4d28459c685a4b3760f12d8ea853/stress/vocabulary_subsample-10006/communities.csv,74cfee99238affdf707d11bb1dec734b6b0bfa447152dfaded2bb660dd7240fe,9842
results/leiden-v2/ablations-2026-09-26/screening/candidates/e6564bf3ce1b07f44b2767c663adbef91f1f4d28459c685a4b3760f12d8ea853/stress/comparator-10007/communities.csv,ede533b021b093bceeceb00236826b804d8d3903bc665b66b418c2dc5cae3264,10936
results/leiden-v2/ablations-2026-09-26/screening/candidates/e6564bf3ce1b07f44b2767c663adbef91f1f4d28459c685a4b3760f12d8ea853/stress/edge_removal-10007/communities.csv,ede533b021b093bceeceb00236826b804d8d3903bc665b66b418c2dc5cae3264,10936
results/leiden-v2/ablations-2026-09-26/screening/candidates/e6564bf3ce1b07f44b2767c663adbef91f1f4d28459c685a4b3760f12d8ea853/stress/vocabulary_subsample-10007/communities.csv,9e93bb73c3f98d3f1159b4a625ad7f92cabdb8145c1a8012163dfae83b2f183c,9842
results/leiden-v2/ablations-2026-09-26/screening/candidates/e6564bf3ce1b07f44b2767c663adbef91f1f4d28459c685a4b3760f12d8ea853/stress/comparator-10008/communities.csv,ede533b021b093bceeceb00236826b804d8d3903bc665b66b418c2dc5cae3264,10936
results/leiden-v2/ablations-2026-09-26/screening/candidates/e6564bf3ce1b07f44b2767c663adbef91f1f4d28459c685a4b3760f12d8ea853/stress/edge_removal-10008/communities.csv,ede533b021b093bceeceb00236826b804d8d3903bc665b66b418c2dc5cae3264,10936
results/leiden-v2/ablations-2026-09-26/screening/candidates/e6564bf3ce1b07f44b2767c663adbef91f1f4d28459c685a4b3760f12d8ea853/stress/vocabulary_subsample-10008/communities.csv,62e81d8973fd9ee4eb0408ec233c93640f33cbec9102d3d94d3d676d5b371a71,9842
results/leiden-v2/ablations-2026-09-26/screening/candidates/e6564bf3ce1b07f44b2767c663adbef91f1f4d28459c685a4b3760f12d8ea853/stress/comparator-10009/communities.csv,ede533b021b093bceeceb00236826b804d8d3903bc665b66b418c2dc5cae3264,10936
results/leiden-v2/ablations-2026-09-26/screening/candidates/e6564bf3ce1b07f44b2767c663adbef91f1f4d28459c685a4b3760f12d8ea853/stress/edge_removal-10009/communities.csv,ede533b021b093bceeceb00236826b804d8d3903bc665b66b418c2dc5cae3264,10936
results/leiden-v2/ablations-2026-09-26/screening/candidates/e6564bf3ce1b07f44b2767c663adbef91f1f4d28459c685a4b3760f12d8ea853/stress/vocabulary_subsample-10009/communities.csv,6f0de88fd6ffbd513245740362871b24cfac031affc55cbb563344f4961ccd71,9842
results/leiden-v2/ablations-2026-09-26/screening/candidates/e6564bf3ce1b07f44b2767c663adbef91f1f4d28459c685a4b3760f12d8ea853/sensitivity/resolution-increase/communities.csv,ede533b021b093bceeceb00236826b804d8d3903bc665b66b418c2dc5cae3264,10936
results/leiden-v2/ablations-2026-09-26/screening/candidates/e6564bf3ce1b07f44b2767c663adbef91f1f4d28459c685a4b3760f12d8ea853/sensitivity/resolution-decrease/communities.csv,f22f2a60a5b0a2acfa130b37da4e78d7c6c501b2e21294fc1e91d10cc4f0c853,10936
results/leiden-v2/ablations-2026-09-26/screening/candidates/fe95943cba3b473beded8b6229c8e09e530d1bf42a35103888e35252ad44d90c/seed-42/communities.csv,d4e5239ac6d1d47161fd202a4f1371988500f753b08f28916d62c63bbb951735,10936
results/leiden-v2/ablations-2026-09-26/screening/candidates/fe95943cba3b473beded8b6229c8e09e530d1bf42a35103888e35252ad44d90c/seed-43/communities.csv,cd642302d4769608a45c6c7ff04ad6dd7a7939875b198b24f53ab2dfb6f4d84d,10936
results/leiden-v2/ablations-2026-09-26/screening/candidates/fe95943cba3b473beded8b6229c8e09e530d1bf42a35103888e35252ad44d90c/seed-44/communities.csv,dc4cb35e8ea7163bf8fb803d437f028be35b725c0cf99b291c6b1cee41ea47da,10936
results/leiden-v2/ablations-2026-09-26/screening/candidates/fe95943cba3b473beded8b6229c8e09e530d1bf42a35103888e35252ad44d90c/stress/comparator-10000/communities.csv,da781bfe20c883d5e9b381613af4eb2456b125861f37feb69f7fb438032f34d7,10936
results/leiden-v2/ablations-2026-09-26/screening/candidates/fe95943cba3b473beded8b6229c8e09e530d1bf42a35103888e35252ad44d90c/stress/edge_removal-10000/communities.csv,d72d5e98aacc826eba4241930f01354602fa8e3ee442e6319a0bedbcd4659447,10936
results/leiden-v2/ablations-2026-09-26/screening/candidates/fe95943cba3b473beded8b6229c8e09e530d1bf42a35103888e35252ad44d90c/stress/vocabulary_subsample-10000/communities.csv,fc5791b6fb63506d6132956f1511ec82cdf9e8e496f3b84b4ac3e7e281c3e8bb,9842
results/leiden-v2/ablations-2026-09-26/screening/candidates/fe95943cba3b473beded8b6229c8e09e530d1bf42a35103888e35252ad44d90c/stress/comparator-10001/communities.csv,65c9dc936a0aa26260f6338659a7a601f16e57ee08b4f10152180e2288783d6f,10936
results/leiden-v2/ablations-2026-09-26/screening/candidates/fe95943cba3b473beded8b6229c8e09e530d1bf42a35103888e35252ad44d90c/stress/edge_removal-10001/communities.csv,e0723977d8a32af6c1041117c9137f6504d2018bfe965238a40ad730a43eb91e,10936
results/leiden-v2/ablations-2026-09-26/screening/candidates/fe95943cba3b473beded8b6229c8e09e530d1bf42a35103888e35252ad44d90c/stress/vocabulary_subsample-10001/communities.csv,eeb4613a2c3b74de2a768e1e110ccc838f4265179727ebb067a1405188812274,9842
results/leiden-v2/ablations-2026-09-26/screening/candidates/fe95943cba3b473beded8b6229c8e09e530d1bf42a35103888e35252ad44d90c/stress/comparator-10002/communities.csv,792fa62a5e88dfda83b1e56ec0d4813cc7446f9a423f526223b7b670c40c06a6,10936
results/leiden-v2/ablations-2026-09-26/screening/candidates/fe95943cba3b473beded8b6229c8e09e530d1bf42a35103888e35252ad44d90c/stress/edge_removal-10002/communities.csv,fd4c8a6d22df3fb2b4542b96a06bd49fef5472631191d777ec98142ab9b73d76,10936
results/leiden-v2/ablations-2026-09-26/screening/candidates/fe95943cba3b473beded8b6229c8e09e530d1bf42a35103888e35252ad44d90c/stress/vocabulary_subsample-10002/communities.csv,497cc13fd2a092079b4131d3b7004c560763c16292ba1f7baebe0c5cd82afd24,9842
results/leiden-v2/ablations-2026-09-26/screening/candidates/fe95943cba3b473beded8b6229c8e09e530d1bf42a35103888e35252ad44d90c/stress/comparator-10003/communities.csv,25b9f1bba57d2804841738897194ab8cc749301d6dce5cf59c7f78d9f885e12d,10936
results/leiden-v2/ablations-2026-09-26/screening/candidates/fe95943cba3b473beded8b6229c8e09e530d1bf42a35103888e35252ad44d90c/stress/edge_removal-10003/communities.csv,c5438a7a5fad853b5fd0291a29b2020e0d419b4e13e68931b9e6cfccc1450b5a,10936
results/leiden-v2/ablations-2026-09-26/screening/candidates/fe95943cba3b473beded8b6229c8e09e530d1bf42a35103888e35252ad44d90c/stress/vocabulary_subsample-10003/communities.csv,ab62837a71a4d7caf056bfd8daf28694c0f902d35a166cc8fd576b8f1853ff58,9842
results/leiden-v2/ablations-2026-09-26/screening/candidates/fe95943cba3b473beded8b6229c8e09e530d1bf42a35103888e35252ad44d90c/stress/comparator-10004/communities.csv,ca2fcc7e91e3a25fa1f003f3f4cf4565ceaf6aef613db59876b6b47e6b162822,10936
results/leiden-v2/ablations-2026-09-26/screening/candidates/fe95943cba3b473beded8b6229c8e09e530d1bf42a35103888e35252ad44d90c/stress/edge_removal-10004/communities.csv,c9db0c9bebc5dc0c0544fdf809641c7f8a6e9e87072ade7dc542d03490eee300,10936
results/leiden-v2/ablations-2026-09-26/screening/candidates/fe95943cba3b473beded8b6229c8e09e530d1bf42a35103888e35252ad44d90c/stress/vocabulary_subsample-10004/communities.csv,5ce076ded66cb5240329191cc3349378e76c39e176da7e56eb640b8aa6a46dc7,9842
results/leiden-v2/ablations-2026-09-26/screening/candidates/fe95943cba3b473beded8b6229c8e09e530d1bf42a35103888e35252ad44d90c/stress/comparator-10005/communities.csv,14fdf26ae743dce5dfb570169c99988b846d1003715c84b7cf2796df43a783bd,10936
results/leiden-v2/ablations-2026-09-26/screening/candidates/fe95943cba3b473beded8b6229c8e09e530d1bf42a35103888e35252ad44d90c/stress/edge_removal-10005/communities.csv,4d6b2a48ccf95fb50aac580fa9125074b682ec578871160bc6d1c84649590d3e,10936
results/leiden-v2/ablations-2026-09-26/screening/candidates/fe95943cba3b473beded8b6229c8e09e530d1bf42a35103888e35252ad44d90c/stress/vocabulary_subsample-10005/communities.csv,3b3bfcea067dc457792234afde9cb8372bffc30d683154bdd64aa962d6587442,9842
results/leiden-v2/ablations-2026-09-26/screening/candidates/fe95943cba3b473beded8b6229c8e09e530d1bf42a35103888e35252ad44d90c/stress/comparator-10006/communities.csv,cab90fa73a5348708bf0edacfa6763140977941a65942ad6d59641a6d4a1d2b1,10936
results/leiden-v2/ablations-2026-09-26/screening/candidates/fe95943cba3b473beded8b6229c8e09e530d1bf42a35103888e35252ad44d90c/stress/edge_removal-10006/communities.csv,6ed35ae9697fc9c512bfe590b7d5726f05605ad3aaa71adccad3c8bc61c07f5a,10936
results/leiden-v2/ablations-2026-09-26/screening/candidates/fe95943cba3b473beded8b6229c8e09e530d1bf42a35103888e35252ad44d90c/stress/vocabulary_subsample-10006/communities.csv,06f426722f351461e71a513e00ab69138707e31b5d5710d141c33160048c744c,9842
results/leiden-v2/ablations-2026-09-26/screening/candidates/fe95943cba3b473beded8b6229c8e09e530d1bf42a35103888e35252ad44d90c/stress/comparator-10007/communities.csv,0fa4ac296559cd3e49fc552229eb9400fff957c50ceff2387df0239ce6815b48,10936
results/leiden-v2/ablations-2026-09-26/screening/candidates/fe95943cba3b473beded8b6229c8e09e530d1bf42a35103888e35252ad44d90c/stress/edge_removal-10007/communities.csv,5f3147f858f38d3df32d80eb3e1d0ac86178e74f762d14c35f65cb1bd4535f05,10936
results/leiden-v2/ablations-2026-09-26/screening/candidates/fe95943cba3b473beded8b6229c8e09e530d1bf42a35103888e35252ad44d90c/stress/vocabulary_subsample-10007/communities.csv,af149e631dec8e6ae15bc16a21be27889bb401ee57fabc186a2632ff4fbda26b,9842
results/leiden-v2/ablations-2026-09-26/screening/candidates/fe95943cba3b473beded8b6229c8e09e530d1bf42a35103888e35252ad44d90c/stress/comparator-10008/communities.csv,b466db2b549a04f6c3bebb8fee6d9115adf5801176786f757d1cd53c5b89ae57,10936
results/leiden-v2/ablations-2026-09-26/screening/candidates/fe95943cba3b473beded8b6229c8e09e530d1bf42a35103888e35252ad44d90c/stress/edge_removal-10008/communities.csv,5b01f113ef41d02793a44196b86a3c5ee3088e056230d78267b2bfff3b8fbed1,10936
results/leiden-v2/ablations-2026-09-26/screening/candidates/fe95943cba3b473beded8b6229c8e09e530d1bf42a35103888e35252ad44d90c/stress/vocabulary_subsample-10008/communities.csv,94bda49cc08530b8144784a20e5f5d4457ed3d62af0e9b54e3ddc9e65d970106,9842
results/leiden-v2/ablations-2026-09-26/screening/candidates/fe95943cba3b473beded8b6229c8e09e530d1bf42a35103888e35252ad44d90c/stress/comparator-10009/communities.csv,3acab59331288b04eb11db54e7c5dd4194cc4469f1ea0d5f3a6f9af750242c66,10936
results/leiden-v2/ablations-2026-09-26/screening/candidates/fe95943cba3b473beded8b6229c8e09e530d1bf42a35103888e35252ad44d90c/stress/edge_removal-10009/communities.csv,724f945961e8f4d0a53e825f7461a29729a0a93e72aedd3d9ce3705d2b6c56e2,10936
results/leiden-v2/ablations-2026-09-26/screening/candidates/fe95943cba3b473beded8b6229c8e09e530d1bf42a35103888e35252ad44d90c/stress/vocabulary_subsample-10009/communities.csv,138249ed6f16ad97c1e001222685935c38be013be364fd850c2ff63d68b5359e,9842
results/leiden-v2/ablations-2026-09-26/screening/candidates/16a3a71a6202a5db6528e2b9f9115f324d36c2cfdf82cc33980b9bb8dd73b113/seed-42/communities.csv,ca58b8170ce2205dfe245fd44563d8ee7525106cdc05a5abe9546219ed7716e9,10936
results/leiden-v2/ablations-2026-09-26/screening/candidates/16a3a71a6202a5db6528e2b9f9115f324d36c2cfdf82cc33980b9bb8dd73b113/seed-43/communities.csv,8e03ef2d213d61da096279da8500a4a2d8f11886fc3492f51e682186c43065c8,10936
results/leiden-v2/ablations-2026-09-26/screening/candidates/16a3a71a6202a5db6528e2b9f9115f324d36c2cfdf82cc33980b9bb8dd73b113/seed-44/communities.csv,54199a4483e50700dee977b3a7be417206351267b7d286adaddfca0b44df417e,10936
results/leiden-v2/ablations-2026-09-26/screening/candidates/16a3a71a6202a5db6528e2b9f9115f324d36c2cfdf82cc33980b9bb8dd73b113/stress/comparator-10000/communities.csv,845c6dd05b291e7afbecf2d567d6ebe49a7d45dde23ccd2235ff4e3ee8154272,10936
results/leiden-v2/ablations-2026-09-26/screening/candidates/16a3a71a6202a5db6528e2b9f9115f324d36c2cfdf82cc33980b9bb8dd73b113/stress/edge_removal-10000/communities.csv,5a6e1d1271f5d93c90a3c04346b3c51285d5dfcc78831845c8d382dbc3fc6427,10936
results/leiden-v2/ablations-2026-09-26/screening/candidates/16a3a71a6202a5db6528e2b9f9115f324d36c2cfdf82cc33980b9bb8dd73b113/stress/vocabulary_subsample-10000/communities.csv,8086f098b2a19707bd6781117fe1612df94e0539c2598ff078807701f0895728,9842
results/leiden-v2/ablations-2026-09-26/screening/candidates/16a3a71a6202a5db6528e2b9f9115f324d36c2cfdf82cc33980b9bb8dd73b113/stress/comparator-10001/communities.csv,06cae6517bed5cda4314b9a4f80f5904df226cac5b4602edb22c8ce081e28ce5,10936
results/leiden-v2/ablations-2026-09-26/screening/candidates/16a3a71a6202a5db6528e2b9f9115f324d36c2cfdf82cc33980b9bb8dd73b113/stress/edge_removal-10001/communities.csv,b103b8da15527064d18bfe19fe64999999851b804ff784fb219a98f62988856f,10936
results/leiden-v2/ablations-2026-09-26/screening/candidates/16a3a71a6202a5db6528e2b9f9115f324d36c2cfdf82cc33980b9bb8dd73b113/stress/vocabulary_subsample-10001/communities.csv,8012ee0a708fbf90360b10fd59d32759d090cfd75c04ff545d594939ea10c082,9842
results/leiden-v2/ablations-2026-09-26/screening/candidates/16a3a71a6202a5db6528e2b9f9115f324d36c2cfdf82cc33980b9bb8dd73b113/stress/comparator-10002/communities.csv,33cae4959ec94f3f83c73d2137dbdfcc5f80f6585ed33c0bf63bff57aec780e5,10936
results/leiden-v2/ablations-2026-09-26/screening/candidates/16a3a71a6202a5db6528e2b9f9115f324d36c2cfdf82cc33980b9bb8dd73b113/stress/edge_removal-10002/communities.csv,10659435fe3c0880a4d402ea41b7e4edf134bc34f82920dd6165c124ae364a90,10936
results/leiden-v2/ablations-2026-09-26/screening/candidates/16a3a71a6202a5db6528e2b9f9115f324d36c2cfdf82cc33980b9bb8dd73b113/stress/vocabulary_subsample-10002/communities.csv,8396a048f137a1c1a0fe9c80ce88b2189f1acca7be5bdb16c1b3febdb3027bbb,9842
results/leiden-v2/ablations-2026-09-26/screening/candidates/16a3a71a6202a5db6528e2b9f9115f324d36c2cfdf82cc33980b9bb8dd73b113/stress/comparator-10003/communities.csv,9b129c12b14bdb87b2ec4e573cb1b477fb24fec1edcf36d632c4f552cd2b29ba,10936
results/leiden-v2/ablations-2026-09-26/screening/candidates/16a3a71a6202a5db6528e2b9f9115f324d36c2cfdf82cc33980b9bb8dd73b113/stress/edge_removal-10003/communities.csv,8cdba9eeb05674d2f9f2692cae462574fe07a7fb095bc8ada4ee79ecb04cac5b,10936
results/leiden-v2/ablations-2026-09-26/screening/candidates/16a3a71a6202a5db6528e2b9f9115f324d36c2cfdf82cc33980b9bb8dd73b113/stress/vocabulary_subsample-10003/communities.csv,44937588db59951b69a9277b2afac9650d02170b9bacf2710a8dd24048b84df8,9842
results/leiden-v2/ablations-2026-09-26/screening/candidates/16a3a71a6202a5db6528e2b9f9115f324d36c2cfdf82cc33980b9bb8dd73b113/stress/comparator-10004/communities.csv,53e41b2e6486aba79b64b8347141ded99c4868ebf76e25464509becb0cd947c2,10936
results/leiden-v2/ablations-2026-09-26/screening/candidates/16a3a71a6202a5db6528e2b9f9115f324d36c2cfdf82cc33980b9bb8dd73b113/stress/edge_removal-10004/communities.csv,e74dc26369703f9e93832351c351d136d21260b2d77746a2ce03b698f6657346,10936
results/leiden-v2/ablations-2026-09-26/screening/candidates/16a3a71a6202a5db6528e2b9f9115f324d36c2cfdf82cc33980b9bb8dd73b113/stress/vocabulary_subsample-10004/communities.csv,85a67104760b26110f3ac934fddd91bdc7331abb4f6a53ca4a587ebd54b728e4,9842
results/leiden-v2/ablations-2026-09-26/screening/candidates/16a3a71a6202a5db6528e2b9f9115f324d36c2cfdf82cc33980b9bb8dd73b113/stress/comparator-10005/communities.csv,4d7326c4ee379a25af2ffd49fafa3aa9fa5da280bcd04867910f853d9a8abde5,10936
results/leiden-v2/ablations-2026-09-26/screening/candidates/16a3a71a6202a5db6528e2b9f9115f324d36c2cfdf82cc33980b9bb8dd73b113/stress/edge_removal-10005/communities.csv,8ab8409a287f63af3da563b7e9bec45de2617068378ab290de7a0401dd52df44,10936
results/leiden-v2/ablations-2026-09-26/screening/candidates/16a3a71a6202a5db6528e2b9f9115f324d36c2cfdf82cc33980b9bb8dd73b113/stress/vocabulary_subsample-10005/communities.csv,f75db2020c25afe2f019252adbc82f4adadae57f80bc7cb0a5ee61b1bbac6b79,9842
results/leiden-v2/ablations-2026-09-26/screening/candidates/16a3a71a6202a5db6528e2b9f9115f324d36c2cfdf82cc33980b9bb8dd73b113/stress/comparator-10006/communities.csv,639605a217786c97b5bccba90d9e11c3fca299b9394edcc151eefab3a3673a8c,10936
results/leiden-v2/ablations-2026-09-26/screening/candidates/16a3a71a6202a5db6528e2b9f9115f324d36c2cfdf82cc33980b9bb8dd73b113/stress/edge_removal-10006/communities.csv,6f3c1cb5da75e1f0b7c49a65b902a315d78f35dc6f6aae5df37701c866f3f2d7,10936
results/leiden-v2/ablations-2026-09-26/screening/candidates/16a3a71a6202a5db6528e2b9f9115f324d36c2cfdf82cc33980b9bb8dd73b113/stress/vocabulary_subsample-10006/communities.csv,409a202d3a162ce0a5011abf7091061e4f7d71526bddc5963606e9e9c4331021,9842
results/leiden-v2/ablations-2026-09-26/screening/candidates/16a3a71a6202a5db6528e2b9f9115f324d36c2cfdf82cc33980b9bb8dd73b113/stress/comparator-10007/communities.csv,d88b78560f35fa5a3b0f602065f23d54c4438829cc8773f372da066e0c08b15a,10936
results/leiden-v2/ablations-2026-09-26/screening/candidates/16a3a71a6202a5db6528e2b9f9115f324d36c2cfdf82cc33980b9bb8dd73b113/stress/edge_removal-10007/communities.csv,611441250a030b1b73fee0e9b802337b195b7784642ab823f312684334a61538,10936
results/leiden-v2/ablations-2026-09-26/screening/candidates/16a3a71a6202a5db6528e2b9f9115f324d36c2cfdf82cc33980b9bb8dd73b113/stress/vocabulary_subsample-10007/communities.csv,4b10679821076ef1160f7267be70c049f3d04494aa3f88fb446ebfa50748e200,9842
results/leiden-v2/ablations-2026-09-26/screening/candidates/16a3a71a6202a5db6528e2b9f9115f324d36c2cfdf82cc33980b9bb8dd73b113/stress/comparator-10008/communities.csv,1f04c28a22f4a88770d2f18a51a08551ed957962e295915fa12e2ec4d71ed352,10936
results/leiden-v2/ablations-2026-09-26/screening/candidates/16a3a71a6202a5db6528e2b9f9115f324d36c2cfdf82cc33980b9bb8dd73b113/stress/edge_removal-10008/communities.csv,46c3b6c527582df4d81a09aa8000d971a92785edd56aaabc5f4c194c35f5f699,10936
results/leiden-v2/ablations-2026-09-26/screening/candidates/16a3a71a6202a5db6528e2b9f9115f324d36c2cfdf82cc33980b9bb8dd73b113/stress/vocabulary_subsample-10008/communities.csv,8aae686de4dbddf7f531a2cbfcd2d12445169a1fb07dc4c7886d52c50c89f592,9842
results/leiden-v2/ablations-2026-09-26/screening/candidates/16a3a71a6202a5db6528e2b9f9115f324d36c2cfdf82cc33980b9bb8dd73b113/stress/comparator-10009/communities.csv,cb1474d5ff50d69f1f504d257e8d8b83feb71c3c122a5d1cfd3055cb0deaa2c1,10936
results/leiden-v2/ablations-2026-09-26/screening/candidates/16a3a71a6202a5db6528e2b9f9115f324d36c2cfdf82cc33980b9bb8dd73b113/stress/edge_removal-10009/communities.csv,9cb56d2b5b0b76654b4bbeb768a9a2ecda24621f277f45406737504e7ee63763,10936
results/leiden-v2/ablations-2026-09-26/screening/candidates/16a3a71a6202a5db6528e2b9f9115f324d36c2cfdf82cc33980b9bb8dd73b113/stress/vocabulary_subsample-10009/communities.csv,4a979010b703b70fafca9f7e99a2d5ba4cba8bd2da0ca63ed6b12f37c97c399b,9842
results/leiden-v2/ablations-2026-09-26/screening/candidates/16a3a71a6202a5db6528e2b9f9115f324d36c2cfdf82cc33980b9bb8dd73b113/sensitivity/k-increase/communities.csv,60dec1e771adc450cef619e0690ad646e6448697cc643d58c55255ee2d7fe00d,10936
results/leiden-v2/ablations-2026-09-26/screening/candidates/16a3a71a6202a5db6528e2b9f9115f324d36c2cfdf82cc33980b9bb8dd73b113/sensitivity/k-decrease/communities.csv,8711589c0b81d5c1c558c511673a946bbc405eb24286dace709aaeee0e6c3ae1,10936
results/leiden-v2/ablations-2026-09-26/screening/candidates/16a3a71a6202a5db6528e2b9f9115f324d36c2cfdf82cc33980b9bb8dd73b113/sensitivity/resolution-increase/communities.csv,9339ec5d20755a158eff4607d810581a886c074f9fe0c483d13c5c70ba4e4c80,10936
results/leiden-v2/ablations-2026-09-26/screening/candidates/16a3a71a6202a5db6528e2b9f9115f324d36c2cfdf82cc33980b9bb8dd73b113/sensitivity/resolution-decrease/communities.csv,4af926423bcfe90b422608151783e0c8294afe36e9107afb424ef03fa7f4c5a5,10936
results/leiden-v2/ablations-2026-09-26/screening/candidates/9ef89c0d6aebf7cb5486230b4c6ecc6ffee2ea6d143e42279a1fb69883003a51/seed-42/communities.csv,d5ebe524c5a23b4b69f62f245563a42e65b3c24b65b2641e3c752c311a463449,10936
results/leiden-v2/ablations-2026-09-26/screening/candidates/9ef89c0d6aebf7cb5486230b4c6ecc6ffee2ea6d143e42279a1fb69883003a51/seed-43/communities.csv,531ac360e3ccba33a9908efbb5b12e7103d055b4b1a52ad5b7192203c3a781f4,10936
results/leiden-v2/ablations-2026-09-26/screening/candidates/9ef89c0d6aebf7cb5486230b4c6ecc6ffee2ea6d143e42279a1fb69883003a51/seed-44/communities.csv,30fc7f92f7388bf426eca156a7c2cfd59131448f9f2775f87e33ed0495e0adf0,10936
results/leiden-v2/ablations-2026-09-26/screening/candidates/9ef89c0d6aebf7cb5486230b4c6ecc6ffee2ea6d143e42279a1fb69883003a51/stress/comparator-10000/communities.csv,f6f63a216889389fe0c24bc41d1b63e79d9ad55dbb6722651dd731f4fe109380,10936
results/leiden-v2/ablations-2026-09-26/screening/candidates/9ef89c0d6aebf7cb5486230b4c6ecc6ffee2ea6d143e42279a1fb69883003a51/stress/edge_removal-10000/communities.csv,e73f6b6add5c035098f1ea1b7facc6138d6719b21a3bef5d11db6355f7bd04ae,10936
results/leiden-v2/ablations-2026-09-26/screening/candidates/9ef89c0d6aebf7cb5486230b4c6ecc6ffee2ea6d143e42279a1fb69883003a51/stress/vocabulary_subsample-10000/communities.csv,e91dd93450cf2ac03af2a52edfb45dedda78f6b862c348e4e4f36ce50fbc230b,9842
results/leiden-v2/ablations-2026-09-26/screening/candidates/9ef89c0d6aebf7cb5486230b4c6ecc6ffee2ea6d143e42279a1fb69883003a51/stress/comparator-10001/communities.csv,96648d664b10b3196012ab39119b4a670c4e1f62b5f643d33182aaf5e5b4a60d,10936
results/leiden-v2/ablations-2026-09-26/screening/candidates/9ef89c0d6aebf7cb5486230b4c6ecc6ffee2ea6d143e42279a1fb69883003a51/stress/edge_removal-10001/communities.csv,f7a423ad295af4020018b1cd89b81e3140221d1050174800c32c969bc93b9cc2,10936
results/leiden-v2/ablations-2026-09-26/screening/candidates/9ef89c0d6aebf7cb5486230b4c6ecc6ffee2ea6d143e42279a1fb69883003a51/stress/vocabulary_subsample-10001/communities.csv,72f425ad066f087fee193b69f363f13a3b7efe5b8532bbbdf46c2c8106c82d38,9842
results/leiden-v2/ablations-2026-09-26/screening/candidates/9ef89c0d6aebf7cb5486230b4c6ecc6ffee2ea6d143e42279a1fb69883003a51/stress/comparator-10002/communities.csv,c7c9ec677b563853bbeaa4959ad764cd5e561d87c965863e8324a15bd68539b7,10936
results/leiden-v2/ablations-2026-09-26/screening/candidates/9ef89c0d6aebf7cb5486230b4c6ecc6ffee2ea6d143e42279a1fb69883003a51/stress/edge_removal-10002/communities.csv,2a4fe54d08fe02290c3afc718afe7f8ba11d0fc6054dc408f6e9e490dcb5507c,10936
results/leiden-v2/ablations-2026-09-26/screening/candidates/9ef89c0d6aebf7cb5486230b4c6ecc6ffee2ea6d143e42279a1fb69883003a51/stress/vocabulary_subsample-10002/communities.csv,27b4dbd14ef364686b72b38d2421d87bcfb3bfade7874cc573eae558f6fc202a,9842
results/leiden-v2/ablations-2026-09-26/screening/candidates/9ef89c0d6aebf7cb5486230b4c6ecc6ffee2ea6d143e42279a1fb69883003a51/stress/comparator-10003/communities.csv,4544c079af8f89731cd8a7b8e97817dea0c692767055ebfb63747f8fd09d40d5,10936
results/leiden-v2/ablations-2026-09-26/screening/candidates/9ef89c0d6aebf7cb5486230b4c6ecc6ffee2ea6d143e42279a1fb69883003a51/stress/edge_removal-10003/communities.csv,8f79a4f8abc06bdcc8568ebb14bc7119ecb13d4f6f7713933fcca5041b0ab2d7,10936
results/leiden-v2/ablations-2026-09-26/screening/candidates/9ef89c0d6aebf7cb5486230b4c6ecc6ffee2ea6d143e42279a1fb69883003a51/stress/vocabulary_subsample-10003/communities.csv,13cf7eacbb6b37871ecbeb22bbb12f750043c0a60112790a609b77038b54f516,9842
results/leiden-v2/ablations-2026-09-26/screening/candidates/9ef89c0d6aebf7cb5486230b4c6ecc6ffee2ea6d143e42279a1fb69883003a51/stress/comparator-10004/communities.csv,ec0e1b5c1ced269040b3d38ad3e7defedb84a9c3882c3d8c2db69e8179075454,10936
results/leiden-v2/ablations-2026-09-26/screening/candidates/9ef89c0d6aebf7cb5486230b4c6ecc6ffee2ea6d143e42279a1fb69883003a51/stress/edge_removal-10004/communities.csv,5387c9a4c5d299bb4f1f32979cb004e86d86b86d6d2229e11d8b5041d1d88e72,10936
results/leiden-v2/ablations-2026-09-26/screening/candidates/9ef89c0d6aebf7cb5486230b4c6ecc6ffee2ea6d143e42279a1fb69883003a51/stress/vocabulary_subsample-10004/communities.csv,b619aa7ccab291f5c5339fa00f967de4bdbd06ddef06a7dee818d42f59fe9c92,9842
results/leiden-v2/ablations-2026-09-26/screening/candidates/9ef89c0d6aebf7cb5486230b4c6ecc6ffee2ea6d143e42279a1fb69883003a51/stress/comparator-10005/communities.csv,8749b003927b2a6002e4286f3023a61a6258e60248c6c01a140bc07f195afa76,10936
results/leiden-v2/ablations-2026-09-26/screening/candidates/9ef89c0d6aebf7cb5486230b4c6ecc6ffee2ea6d143e42279a1fb69883003a51/stress/edge_removal-10005/communities.csv,a25abb6e729ed888c4cbf799e422a4d35b3e52ccf351eb47d3b9cf55d41fba01,10936
results/leiden-v2/ablations-2026-09-26/screening/candidates/9ef89c0d6aebf7cb5486230b4c6ecc6ffee2ea6d143e42279a1fb69883003a51/stress/vocabulary_subsample-10005/communities.csv,87dbd76bac4f811bc37d3592cd20bd6d62be12dd4f70ab92517c1bc98f3511ee,9842
results/leiden-v2/ablations-2026-09-26/screening/candidates/9ef89c0d6aebf7cb5486230b4c6ecc6ffee2ea6d143e42279a1fb69883003a51/stress/comparator-10006/communities.csv,773a9b769cd1b5ca12eccd12801055859e53441d0cbaa40b83e71ef09d1cd44a,10936
results/leiden-v2/ablations-2026-09-26/screening/candidates/9ef89c0d6aebf7cb5486230b4c6ecc6ffee2ea6d143e42279a1fb69883003a51/stress/edge_removal-10006/communities.csv,f7a1beee9064998ef8dd3eb877456439779bdd9137e05ee1eb5122bf947d734e,10936
results/leiden-v2/ablations-2026-09-26/screening/candidates/9ef89c0d6aebf7cb5486230b4c6ecc6ffee2ea6d143e42279a1fb69883003a51/stress/vocabulary_subsample-10006/communities.csv,044f38fd389718938b0b8be7108a5d3b26e7c3a063d48a8f361843ffe682e805,9842
results/leiden-v2/ablations-2026-09-26/screening/candidates/9ef89c0d6aebf7cb5486230b4c6ecc6ffee2ea6d143e42279a1fb69883003a51/stress/comparator-10007/communities.csv,793c772de03c3adb2981e38dac5318b0b99aca500991d7fbb2e454fb974fea39,10936
results/leiden-v2/ablations-2026-09-26/screening/candidates/9ef89c0d6aebf7cb5486230b4c6ecc6ffee2ea6d143e42279a1fb69883003a51/stress/edge_removal-10007/communities.csv,072e760818724b2ee4c65bc3384a67343a477e89bfcb5c5d2cc57499bcec3d6b,10936
results/leiden-v2/ablations-2026-09-26/screening/candidates/9ef89c0d6aebf7cb5486230b4c6ecc6ffee2ea6d143e42279a1fb69883003a51/stress/vocabulary_subsample-10007/communities.csv,70f968adb1c4093d1ad72726b80f383c12e3b4413b8e075daccb7f11441281a3,9842
results/leiden-v2/ablations-2026-09-26/screening/candidates/9ef89c0d6aebf7cb5486230b4c6ecc6ffee2ea6d143e42279a1fb69883003a51/stress/comparator-10008/communities.csv,8a993cca2311a7ce7afc67aae7cce0c7f3746699778942709927c7e1670c86cc,10936
results/leiden-v2/ablations-2026-09-26/screening/candidates/9ef89c0d6aebf7cb5486230b4c6ecc6ffee2ea6d143e42279a1fb69883003a51/stress/edge_removal-10008/communities.csv,b63ef46074713ffd01038f3c25e6acc8a318ef6f7f8994f8746d0cb5e8490925,10936
results/leiden-v2/ablations-2026-09-26/screening/candidates/9ef89c0d6aebf7cb5486230b4c6ecc6ffee2ea6d143e42279a1fb69883003a51/stress/vocabulary_subsample-10008/communities.csv,364bb419338110cb70ead14a77df681f4a2d810710a605ec1b4dc951c7852afc,9842
results/leiden-v2/ablations-2026-09-26/screening/candidates/9ef89c0d6aebf7cb5486230b4c6ecc6ffee2ea6d143e42279a1fb69883003a51/stress/comparator-10009/communities.csv,3e91105b8f9b81fbf5f71826219b70b0f5d9d2ae8a54b73d8e47e900eff89529,10936
results/leiden-v2/ablations-2026-09-26/screening/candidates/9ef89c0d6aebf7cb5486230b4c6ecc6ffee2ea6d143e42279a1fb69883003a51/stress/edge_removal-10009/communities.csv,4c8eb4f63780b534e6db85fe1f6126c735f120b7478de19ddc5ce5960e8d2e5a,10936
results/leiden-v2/ablations-2026-09-26/screening/candidates/9ef89c0d6aebf7cb5486230b4c6ecc6ffee2ea6d143e42279a1fb69883003a51/stress/vocabulary_subsample-10009/communities.csv,62042de72f7fb2f016c67017b48f12151af31b9e84b8015b7eb74bc8b03e895f,9842
results/leiden-v2/ablations-2026-09-26/screening/candidates/13a6f713700626845f39ce752f8e8e4edbb6763ffe46cfdc13ba8c115b2e7e40/seed-42/communities.csv,e127e464828a193985427d1c6643b43d582a2314f6c37f96d56e22118ae5c332,10936
results/leiden-v2/ablations-2026-09-26/screening/candidates/13a6f713700626845f39ce752f8e8e4edbb6763ffe46cfdc13ba8c115b2e7e40/seed-43/communities.csv,0f044687aa483510ce2421695174efe5521974aedc9ea58c18081c22bd1455d8,10936
results/leiden-v2/ablations-2026-09-26/screening/candidates/13a6f713700626845f39ce752f8e8e4edbb6763ffe46cfdc13ba8c115b2e7e40/seed-44/communities.csv,520de8a46baa2fff28a6d0821a77eefa5c43675930d7bc17f9212c55274beffc,10936
results/leiden-v2/ablations-2026-09-26/screening/candidates/13a6f713700626845f39ce752f8e8e4edbb6763ffe46cfdc13ba8c115b2e7e40/stress/comparator-10000/communities.csv,3fc546c97c5f06e0853cb6610322339a6a4fb6c738ac3f79a56b9be2c77161ba,10936
results/leiden-v2/ablations-2026-09-26/screening/candidates/13a6f713700626845f39ce752f8e8e4edbb6763ffe46cfdc13ba8c115b2e7e40/stress/edge_removal-10000/communities.csv,9de0a5405827c0fb7cf62a95975b364d6da1396e78f41e6f4d3d1b8bbc8ebe18,10936
results/leiden-v2/ablations-2026-09-26/screening/candidates/13a6f713700626845f39ce752f8e8e4edbb6763ffe46cfdc13ba8c115b2e7e40/stress/vocabulary_subsample-10000/communities.csv,05b14c2af27ca2f5339f90691dc157f9c1659dce4d2114e6d0f0e9df24f316dc,9842
results/leiden-v2/ablations-2026-09-26/screening/candidates/13a6f713700626845f39ce752f8e8e4edbb6763ffe46cfdc13ba8c115b2e7e40/stress/comparator-10001/communities.csv,83766f416bcedcf2fb3e310b34155c01dbd2e04dc7830af83ebdd0d7db550c35,10936
results/leiden-v2/ablations-2026-09-26/screening/candidates/13a6f713700626845f39ce752f8e8e4edbb6763ffe46cfdc13ba8c115b2e7e40/stress/edge_removal-10001/communities.csv,a0160cd41f379af60138d4df57d7e9b742b953709ea24503b62621e5007ef6e5,10936
results/leiden-v2/ablations-2026-09-26/screening/candidates/13a6f713700626845f39ce752f8e8e4edbb6763ffe46cfdc13ba8c115b2e7e40/stress/vocabulary_subsample-10001/communities.csv,87b2c5925c17417c12119ae95696f96f9b9b426947588174267b6d002344a321,9842
results/leiden-v2/ablations-2026-09-26/screening/candidates/13a6f713700626845f39ce752f8e8e4edbb6763ffe46cfdc13ba8c115b2e7e40/stress/comparator-10002/communities.csv,69a3a185efcf550c72324ec3d33ff7288fa8fd39c077522859e648a037ed362c,10936
results/leiden-v2/ablations-2026-09-26/screening/candidates/13a6f713700626845f39ce752f8e8e4edbb6763ffe46cfdc13ba8c115b2e7e40/stress/edge_removal-10002/communities.csv,201aa77a781d79f3e5adc49ff9abe1bc86dd37267408e1b9771ec09715d89aeb,10936
results/leiden-v2/ablations-2026-09-26/screening/candidates/13a6f713700626845f39ce752f8e8e4edbb6763ffe46cfdc13ba8c115b2e7e40/stress/vocabulary_subsample-10002/communities.csv,bd7d4e405d9524ca107e44e37703e9712f52077bc743f50326ba94e10cd15266,9842
results/leiden-v2/ablations-2026-09-26/screening/candidates/13a6f713700626845f39ce752f8e8e4edbb6763ffe46cfdc13ba8c115b2e7e40/stress/comparator-10003/communities.csv,15ba593d2a5129a17e0cd29c108c82dd1944f493050357f0d7ae40dd6516e0a0,10936
results/leiden-v2/ablations-2026-09-26/screening/candidates/13a6f713700626845f39ce752f8e8e4edbb6763ffe46cfdc13ba8c115b2e7e40/stress/edge_removal-10003/communities.csv,50333274ef5a8ef2457cb5f52f9b36a5a7113e65e859ddaf137c53d76e84cbe5,10936
results/leiden-v2/ablations-2026-09-26/screening/candidates/13a6f713700626845f39ce752f8e8e4edbb6763ffe46cfdc13ba8c115b2e7e40/stress/vocabulary_subsample-10003/communities.csv,a579b053ebe693873da750e3d1b6d110753e5df258a68cb59db2fff545d3ca9d,9842
results/leiden-v2/ablations-2026-09-26/screening/candidates/13a6f713700626845f39ce752f8e8e4edbb6763ffe46cfdc13ba8c115b2e7e40/stress/comparator-10004/communities.csv,162ea98e62305e25435bb9160fc4664ee86b43c377a3e9ce97ccaad599b202af,10936
results/leiden-v2/ablations-2026-09-26/screening/candidates/13a6f713700626845f39ce752f8e8e4edbb6763ffe46cfdc13ba8c115b2e7e40/stress/edge_removal-10004/communities.csv,e06209abe251dd3e4a7f234173fb488959ec2ec8750aaffc54abe28ceafa0f06,10936
results/leiden-v2/ablations-2026-09-26/screening/candidates/13a6f713700626845f39ce752f8e8e4edbb6763ffe46cfdc13ba8c115b2e7e40/stress/vocabulary_subsample-10004/communities.csv,ca20222111deb7c951c623139999697d812b79e28e5ecd9bf10e01243ed9f4eb,9842
results/leiden-v2/ablations-2026-09-26/screening/candidates/13a6f713700626845f39ce752f8e8e4edbb6763ffe46cfdc13ba8c115b2e7e40/stress/comparator-10005/communities.csv,6f532a323609d4b1043d72f336925a654d4171422df8be0f840900a1b804103a,10936
results/leiden-v2/ablations-2026-09-26/screening/candidates/13a6f713700626845f39ce752f8e8e4edbb6763ffe46cfdc13ba8c115b2e7e40/stress/edge_removal-10005/communities.csv,7f2d4f61ff34576fa50b21c253e188dcdb12a212e924684187c2792b19a32732,10936
results/leiden-v2/ablations-2026-09-26/screening/candidates/13a6f713700626845f39ce752f8e8e4edbb6763ffe46cfdc13ba8c115b2e7e40/stress/vocabulary_subsample-10005/communities.csv,a4d7507f0533dbb5c0665c6daa183da7813049adc50264b2c4f998cc9bc0343d,9842
results/leiden-v2/ablations-2026-09-26/screening/candidates/13a6f713700626845f39ce752f8e8e4edbb6763ffe46cfdc13ba8c115b2e7e40/stress/comparator-10006/communities.csv,28c7fdebb5c4728b5d021f2875e55296ffe1c707d4a90a24b224ceae78844a5b,10936
results/leiden-v2/ablations-2026-09-26/screening/candidates/13a6f713700626845f39ce752f8e8e4edbb6763ffe46cfdc13ba8c115b2e7e40/stress/edge_removal-10006/communities.csv,a2975ef73d9350c1b8bfd8858c0000ad5873c97c4b61baf07d01c8fd0bc7c57c,10936
results/leiden-v2/ablations-2026-09-26/screening/candidates/13a6f713700626845f39ce752f8e8e4edbb6763ffe46cfdc13ba8c115b2e7e40/stress/vocabulary_subsample-10006/communities.csv,e5153ba9b81d9fe85c26d86139c68f4e33af1ba6b8b274806e3d9c1a6468a144,9842
results/leiden-v2/ablations-2026-09-26/screening/candidates/13a6f713700626845f39ce752f8e8e4edbb6763ffe46cfdc13ba8c115b2e7e40/stress/comparator-10007/communities.csv,6e39dcc3e7b645339dce4130421239f58e406aa67a18fd789e46796218b23cdf,10936
results/leiden-v2/ablations-2026-09-26/screening/candidates/13a6f713700626845f39ce752f8e8e4edbb6763ffe46cfdc13ba8c115b2e7e40/stress/edge_removal-10007/communities.csv,a34d788e3da85ba57696b14e87c1ca3743f4ce71dce9be1b276773feb0440c43,10936
results/leiden-v2/ablations-2026-09-26/screening/candidates/13a6f713700626845f39ce752f8e8e4edbb6763ffe46cfdc13ba8c115b2e7e40/stress/vocabulary_subsample-10007/communities.csv,74dc4e57aad5aae385177827aebbe771f083d7007e0b46cd026681ba3e1f3ec2,9842
results/leiden-v2/ablations-2026-09-26/screening/candidates/13a6f713700626845f39ce752f8e8e4edbb6763ffe46cfdc13ba8c115b2e7e40/stress/comparator-10008/communities.csv,bed51db0f527dc7208dea4e23090e0e2665f6aa3e65ae6830e9c1cc51d0bf63f,10936
results/leiden-v2/ablations-2026-09-26/screening/candidates/13a6f713700626845f39ce752f8e8e4edbb6763ffe46cfdc13ba8c115b2e7e40/stress/edge_removal-10008/communities.csv,f551ffea4ec8818ac9d78db0a58243d2aac9d70691b680f83ebc27d3e31bf0ee,10936
results/leiden-v2/ablations-2026-09-26/screening/candidates/13a6f713700626845f39ce752f8e8e4edbb6763ffe46cfdc13ba8c115b2e7e40/stress/vocabulary_subsample-10008/communities.csv,ca28d1174cd93dc998d4324e0a3713f4f6fab83be65d99ad1df28eada6880faa,9842
results/leiden-v2/ablations-2026-09-26/screening/candidates/13a6f713700626845f39ce752f8e8e4edbb6763ffe46cfdc13ba8c115b2e7e40/stress/comparator-10009/communities.csv,050ec2a7ecee0924443cda026b2ccc80bea33ffeea17d8fb64cc09b22d115ad8,10936
results/leiden-v2/ablations-2026-09-26/screening/candidates/13a6f713700626845f39ce752f8e8e4edbb6763ffe46cfdc13ba8c115b2e7e40/stress/edge_removal-10009/communities.csv,97d621a85d8a2c78bc8496493ba5e4b50211298c747aad0d5baa62b0244293af,10936
results/leiden-v2/ablations-2026-09-26/screening/candidates/13a6f713700626845f39ce752f8e8e4edbb6763ffe46cfdc13ba8c115b2e7e40/stress/vocabulary_subsample-10009/communities.csv,7444d4da37b4e8741e95ae3575efd8da0cf3b8bc97d18b3184d8395536acc61a,9842
results/leiden-v2/ablations-2026-09-26/screening/candidates/13a6f713700626845f39ce752f8e8e4edbb6763ffe46cfdc13ba8c115b2e7e40/sensitivity/k-increase/communities.csv,14f6cffca8a99bb5e84193b97136cbe5d1a97060d6a4da36e6b8e69146f6022a,10936
results/leiden-v2/ablations-2026-09-26/screening/candidates/13a6f713700626845f39ce752f8e8e4edbb6763ffe46cfdc13ba8c115b2e7e40/sensitivity/k-decrease/communities.csv,0eb977282b38243baec5da49638725570cbe5eb2308a76e683889c09ad678b9e,10936
results/leiden-v2/ablations-2026-09-26/screening/candidates/13a6f713700626845f39ce752f8e8e4edbb6763ffe46cfdc13ba8c115b2e7e40/sensitivity/resolution-increase/communities.csv,75f61e148ec44c67c469a52b98791be4e733c24ca992989046281df9524164e1,10936
results/leiden-v2/ablations-2026-09-26/screening/candidates/13a6f713700626845f39ce752f8e8e4edbb6763ffe46cfdc13ba8c115b2e7e40/sensitivity/resolution-decrease/communities.csv,cff36a8a35915bc5a874255ff9a4af5b4ab56a67e6ce15df878096ca9a610f70,10936
results/leiden-v2/ablations-2026-09-26/screening/candidates/cf95b9c208c943ecfd7df5ff383fe8ce0b70ca7960ed8e9cc81197bb8e1ae523/seed-42/communities.csv,5291e5a3a03794a96d93ae96f17765732131aaf455507e30e0c275a46f53085d,10936
results/leiden-v2/ablations-2026-09-26/screening/candidates/cf95b9c208c943ecfd7df5ff383fe8ce0b70ca7960ed8e9cc81197bb8e1ae523/seed-43/communities.csv,c90abe8933b43c9b38b75d11b131307a85266e639192b8e36880ce10f450e979,10936
results/leiden-v2/ablations-2026-09-26/screening/candidates/cf95b9c208c943ecfd7df5ff383fe8ce0b70ca7960ed8e9cc81197bb8e1ae523/seed-44/communities.csv,5278a401e60caa5ff48e4bd70b03c2e2575b4fb0592d47461a035d202066de41,10936
results/leiden-v2/ablations-2026-09-26/screening/candidates/cf95b9c208c943ecfd7df5ff383fe8ce0b70ca7960ed8e9cc81197bb8e1ae523/stress/comparator-10000/communities.csv,3e5d31acd3c3eb3cb7314c2b6ad4e658af84c7a1bbac2811c034bfc488d0b462,10936
results/leiden-v2/ablations-2026-09-26/screening/candidates/cf95b9c208c943ecfd7df5ff383fe8ce0b70ca7960ed8e9cc81197bb8e1ae523/stress/edge_removal-10000/communities.csv,ba38b5bedf5df5bee5fdab7e31231e83610285dd7f6e370baa119952fa579e23,10936
results/leiden-v2/ablations-2026-09-26/screening/candidates/cf95b9c208c943ecfd7df5ff383fe8ce0b70ca7960ed8e9cc81197bb8e1ae523/stress/vocabulary_subsample-10000/communities.csv,9fbf5edbac752fe788d8dd16aa305436c23cd3e0742b08ba77fe6b7087e70002,9842
results/leiden-v2/ablations-2026-09-26/screening/candidates/cf95b9c208c943ecfd7df5ff383fe8ce0b70ca7960ed8e9cc81197bb8e1ae523/stress/comparator-10001/communities.csv,2eeeabb17b9dff4eb011bcec3ffa2152fec2371b49268e31c337d8946268cd08,10936
results/leiden-v2/ablations-2026-09-26/screening/candidates/cf95b9c208c943ecfd7df5ff383fe8ce0b70ca7960ed8e9cc81197bb8e1ae523/stress/edge_removal-10001/communities.csv,14a8024e50cf3c2474d768ed2521baf84c5eb199199fb721d61e80a93a4d878d,10936
results/leiden-v2/ablations-2026-09-26/screening/candidates/cf95b9c208c943ecfd7df5ff383fe8ce0b70ca7960ed8e9cc81197bb8e1ae523/stress/vocabulary_subsample-10001/communities.csv,7a4e83abd5aa6a54689c7649719c744344e29a8b537ef43e1585071d9c9a6dbd,9842
results/leiden-v2/ablations-2026-09-26/screening/candidates/cf95b9c208c943ecfd7df5ff383fe8ce0b70ca7960ed8e9cc81197bb8e1ae523/stress/comparator-10002/communities.csv,5138b4107a39816e79fa1f9dcef1edeb355728aac634477376b24587913cae83,10936
results/leiden-v2/ablations-2026-09-26/screening/candidates/cf95b9c208c943ecfd7df5ff383fe8ce0b70ca7960ed8e9cc81197bb8e1ae523/stress/edge_removal-10002/communities.csv,01f6b07fe354c04b263a2eaa2339fb2b023e91d6a11ae888801159db80f445cc,10936
results/leiden-v2/ablations-2026-09-26/screening/candidates/cf95b9c208c943ecfd7df5ff383fe8ce0b70ca7960ed8e9cc81197bb8e1ae523/stress/vocabulary_subsample-10002/communities.csv,9acdd93c629f57ef9142a1a6b0f4b057f5cbb20f3e96af1197be89f57e0b4a2c,9842
results/leiden-v2/ablations-2026-09-26/screening/candidates/cf95b9c208c943ecfd7df5ff383fe8ce0b70ca7960ed8e9cc81197bb8e1ae523/stress/comparator-10003/communities.csv,87aa61d5ad58baefbbf38d6c33da1f844f6ed53594eb5164eb6573661ee24871,10936
results/leiden-v2/ablations-2026-09-26/screening/candidates/cf95b9c208c943ecfd7df5ff383fe8ce0b70ca7960ed8e9cc81197bb8e1ae523/stress/edge_removal-10003/communities.csv,36685ee2c1e7eb26184a9868540fb4476d5a1bdba98ddbef6b993bce520aefce,10936
results/leiden-v2/ablations-2026-09-26/screening/candidates/cf95b9c208c943ecfd7df5ff383fe8ce0b70ca7960ed8e9cc81197bb8e1ae523/stress/vocabulary_subsample-10003/communities.csv,bb50acbca062c64cbacb435d7e299c62832d1ba8d6980283e9b481e31a21ffbb,9842
results/leiden-v2/ablations-2026-09-26/screening/candidates/cf95b9c208c943ecfd7df5ff383fe8ce0b70ca7960ed8e9cc81197bb8e1ae523/stress/comparator-10004/communities.csv,05c1dfe7a7626677b390763780391ac4580c4a4842b5b6ce42f5a799a60283fa,10936
results/leiden-v2/ablations-2026-09-26/screening/candidates/cf95b9c208c943ecfd7df5ff383fe8ce0b70ca7960ed8e9cc81197bb8e1ae523/stress/edge_removal-10004/communities.csv,9ba00307838adb7d933c36fe995189c261c5adb3dacbb2029175ed0fcd796edb,10936
results/leiden-v2/ablations-2026-09-26/screening/candidates/cf95b9c208c943ecfd7df5ff383fe8ce0b70ca7960ed8e9cc81197bb8e1ae523/stress/vocabulary_subsample-10004/communities.csv,be7aad23b86ece010e3a6fa90341263c19ce101160a0624b2be435ef39b672d3,9842
results/leiden-v2/ablations-2026-09-26/screening/candidates/cf95b9c208c943ecfd7df5ff383fe8ce0b70ca7960ed8e9cc81197bb8e1ae523/stress/comparator-10005/communities.csv,1b1e49dbc0776b4e6162370e2e623c813db6cf0d361ce42f04117879e48afeba,10936
results/leiden-v2/ablations-2026-09-26/screening/candidates/cf95b9c208c943ecfd7df5ff383fe8ce0b70ca7960ed8e9cc81197bb8e1ae523/stress/edge_removal-10005/communities.csv,a5a58ce9e19439ca4f4ac8acb3a21a0facdeab3ac1c2e8889d0e675c6bf549ca,10936
results/leiden-v2/ablations-2026-09-26/screening/candidates/cf95b9c208c943ecfd7df5ff383fe8ce0b70ca7960ed8e9cc81197bb8e1ae523/stress/vocabulary_subsample-10005/communities.csv,ab3e0d10ab8d36c85a5e6792d06ccc0d0fb63f64a78bbde3a3dd89a568d26727,9842
results/leiden-v2/ablations-2026-09-26/screening/candidates/cf95b9c208c943ecfd7df5ff383fe8ce0b70ca7960ed8e9cc81197bb8e1ae523/stress/comparator-10006/communities.csv,369fbef9274b5e53b91c01e90c0a6bdd72dde65d843c5901a28ca8c30ae0a3d9,10936
results/leiden-v2/ablations-2026-09-26/screening/candidates/cf95b9c208c943ecfd7df5ff383fe8ce0b70ca7960ed8e9cc81197bb8e1ae523/stress/edge_removal-10006/communities.csv,98adacc29f57bc1e295c2e1c9a08b351782eb256ad0ce1ecce9e9bc68413fcc3,10936
results/leiden-v2/ablations-2026-09-26/screening/candidates/cf95b9c208c943ecfd7df5ff383fe8ce0b70ca7960ed8e9cc81197bb8e1ae523/stress/vocabulary_subsample-10006/communities.csv,9ecb391cecd273566f439c3b3ce110fdbc88991d33c8dacdb721123f007acab7,9842
results/leiden-v2/ablations-2026-09-26/screening/candidates/cf95b9c208c943ecfd7df5ff383fe8ce0b70ca7960ed8e9cc81197bb8e1ae523/stress/comparator-10007/communities.csv,650e03aa7cd9a3d1deec878be1b719734b2286f08cbd8bbe967caea45c9d9e41,10936
results/leiden-v2/ablations-2026-09-26/screening/candidates/cf95b9c208c943ecfd7df5ff383fe8ce0b70ca7960ed8e9cc81197bb8e1ae523/stress/edge_removal-10007/communities.csv,108210d7e7cfd5eaa5aae431a78aca46ad1e46bebe0c147bcac03750b5f0fbfc,10936
results/leiden-v2/ablations-2026-09-26/screening/candidates/cf95b9c208c943ecfd7df5ff383fe8ce0b70ca7960ed8e9cc81197bb8e1ae523/stress/vocabulary_subsample-10007/communities.csv,f33c0878498059a0c74f7fcab738e77ce29ff54deb3ca051810e2807e13d1cc5,9842
results/leiden-v2/ablations-2026-09-26/screening/candidates/cf95b9c208c943ecfd7df5ff383fe8ce0b70ca7960ed8e9cc81197bb8e1ae523/stress/comparator-10008/communities.csv,5584a1da85cdf8b83bf3463875d5605766f2ac2868009ac4a500fb08aae783e2,10936
results/leiden-v2/ablations-2026-09-26/screening/candidates/cf95b9c208c943ecfd7df5ff383fe8ce0b70ca7960ed8e9cc81197bb8e1ae523/stress/edge_removal-10008/communities.csv,8009e556cd17019f3019d75a956ca09042e45c87e79a550daf7f1ce3ef6e90a9,10936
results/leiden-v2/ablations-2026-09-26/screening/candidates/cf95b9c208c943ecfd7df5ff383fe8ce0b70ca7960ed8e9cc81197bb8e1ae523/stress/vocabulary_subsample-10008/communities.csv,d933f6ebbb1ea762849565a388763043dc8a5e2313ce75d1b5202cb6ccf93747,9842
results/leiden-v2/ablations-2026-09-26/screening/candidates/cf95b9c208c943ecfd7df5ff383fe8ce0b70ca7960ed8e9cc81197bb8e1ae523/stress/comparator-10009/communities.csv,3ae85ef483c35e74d6fcb458a1d04de463c63da7035063b2acb8af800daf1d9f,10936
results/leiden-v2/ablations-2026-09-26/screening/candidates/cf95b9c208c943ecfd7df5ff383fe8ce0b70ca7960ed8e9cc81197bb8e1ae523/stress/edge_removal-10009/communities.csv,c3c0c670a8edfca5f76f95e05a465bbb7443daccd211d3b8054f92bf23390e76,10936
results/leiden-v2/ablations-2026-09-26/screening/candidates/cf95b9c208c943ecfd7df5ff383fe8ce0b70ca7960ed8e9cc81197bb8e1ae523/stress/vocabulary_subsample-10009/communities.csv,b2cb5e8df9bdc483d4a6f6cd78758440ac8346c4bb424eb8a1539b191e9e3fec,9842
results/leiden-v2/ablations-2026-09-26/screening/candidates/582548f5461bc9fe1cf07320d400f01dc60bd3482c1cb7f79425a966efe02dc6/seed-42/communities.csv,128bfc383864acb788eddc26264051197f512ee96f4c8f43defa5f5b2aaa9378,10936
results/leiden-v2/ablations-2026-09-26/screening/candidates/582548f5461bc9fe1cf07320d400f01dc60bd3482c1cb7f79425a966efe02dc6/seed-43/communities.csv,1d989204b56bda590d760713810063afe584b9e4b758cdb7537f4e9607079b8c,10936
results/leiden-v2/ablations-2026-09-26/screening/candidates/582548f5461bc9fe1cf07320d400f01dc60bd3482c1cb7f79425a966efe02dc6/seed-44/communities.csv,767c0d3cb742a642a6e1977e63442e1942670a44fa47f0ea37ec3b103100977d,10936
results/leiden-v2/ablations-2026-09-26/screening/candidates/582548f5461bc9fe1cf07320d400f01dc60bd3482c1cb7f79425a966efe02dc6/stress/comparator-10000/communities.csv,fc5d127e576751147f64137ced06ef760d70c7a6ce7fc3b192817b237e769e57,10936
results/leiden-v2/ablations-2026-09-26/screening/candidates/582548f5461bc9fe1cf07320d400f01dc60bd3482c1cb7f79425a966efe02dc6/stress/edge_removal-10000/communities.csv,189d547730d41317d2a30422e11e03c2b1f02a3369f2b61e321587e7d20f811a,10936
results/leiden-v2/ablations-2026-09-26/screening/candidates/582548f5461bc9fe1cf07320d400f01dc60bd3482c1cb7f79425a966efe02dc6/stress/vocabulary_subsample-10000/communities.csv,4a36aea74c004973f2563f254898c031a9218b650b3f945dc8f9d5825b7d3428,9842
results/leiden-v2/ablations-2026-09-26/screening/candidates/582548f5461bc9fe1cf07320d400f01dc60bd3482c1cb7f79425a966efe02dc6/stress/comparator-10001/communities.csv,c3fc139a326bfdc0689541dffc1334a1311355610164326669137884417ad4ce,10936
results/leiden-v2/ablations-2026-09-26/screening/candidates/582548f5461bc9fe1cf07320d400f01dc60bd3482c1cb7f79425a966efe02dc6/stress/edge_removal-10001/communities.csv,1781299dc1cb0d8070df90d24654f9bb1eab1ce97b65e33d1d8174c63a4273df,10936
results/leiden-v2/ablations-2026-09-26/screening/candidates/582548f5461bc9fe1cf07320d400f01dc60bd3482c1cb7f79425a966efe02dc6/stress/vocabulary_subsample-10001/communities.csv,48dc6c5b92ee81125e3043cee6c45ceff1ac5bb4acbc0526510e5286de0057d3,9842
results/leiden-v2/ablations-2026-09-26/screening/candidates/582548f5461bc9fe1cf07320d400f01dc60bd3482c1cb7f79425a966efe02dc6/stress/comparator-10002/communities.csv,d75810384f001af4ff28217a44a62e9098bfc2b5de2d85532eb73efeed540004,10936
results/leiden-v2/ablations-2026-09-26/screening/candidates/582548f5461bc9fe1cf07320d400f01dc60bd3482c1cb7f79425a966efe02dc6/stress/edge_removal-10002/communities.csv,db75699389c95b57cb5c9621dbe187f5b06b28c3898c971624aa8e2d86c8f4ab,10936
results/leiden-v2/ablations-2026-09-26/screening/candidates/582548f5461bc9fe1cf07320d400f01dc60bd3482c1cb7f79425a966efe02dc6/stress/vocabulary_subsample-10002/communities.csv,fc122f24c0a76ceed1e9aa178e55c939d361078d352641b1b68b5569539ca9b6,9842
results/leiden-v2/ablations-2026-09-26/screening/candidates/582548f5461bc9fe1cf07320d400f01dc60bd3482c1cb7f79425a966efe02dc6/stress/comparator-10003/communities.csv,fd26115c2818727addc3a939a7f40f2b9777e7e42687643abed9e11b1488334c,10936
results/leiden-v2/ablations-2026-09-26/screening/candidates/582548f5461bc9fe1cf07320d400f01dc60bd3482c1cb7f79425a966efe02dc6/stress/edge_removal-10003/communities.csv,45b243613a57075138a40ed09f83026c327bccc6eff83a691ae3a08c08c88495,10936
results/leiden-v2/ablations-2026-09-26/screening/candidates/582548f5461bc9fe1cf07320d400f01dc60bd3482c1cb7f79425a966efe02dc6/stress/vocabulary_subsample-10003/communities.csv,9c6a200e9c6a42cce267e9185bd85ad7a36839656c3be9b7cd9ade91b7bb1de1,9842
results/leiden-v2/ablations-2026-09-26/screening/candidates/582548f5461bc9fe1cf07320d400f01dc60bd3482c1cb7f79425a966efe02dc6/stress/comparator-10004/communities.csv,2d233b7e6fc946cf130c7981d007148875b40e005ffda99069c33423e73de569,10936
results/leiden-v2/ablations-2026-09-26/screening/candidates/582548f5461bc9fe1cf07320d400f01dc60bd3482c1cb7f79425a966efe02dc6/stress/edge_removal-10004/communities.csv,6e22ced9f472b88ea680e5c2959fc039fbb3702e3eaf45186f315e4ca0e4cc87,10936
results/leiden-v2/ablations-2026-09-26/screening/candidates/582548f5461bc9fe1cf07320d400f01dc60bd3482c1cb7f79425a966efe02dc6/stress/vocabulary_subsample-10004/communities.csv,8e6225196ada5dd082afc95f568f9f82d703f55f7c482b8cb3f61bcea6f19c7a,9842
results/leiden-v2/ablations-2026-09-26/screening/candidates/582548f5461bc9fe1cf07320d400f01dc60bd3482c1cb7f79425a966efe02dc6/stress/comparator-10005/communities.csv,ec563cd7997faf10589ab1a5baf74264cac0d648946edd5cf30fde05d27fa133,10936
results/leiden-v2/ablations-2026-09-26/screening/candidates/582548f5461bc9fe1cf07320d400f01dc60bd3482c1cb7f79425a966efe02dc6/stress/edge_removal-10005/communities.csv,08844a70ee4149c552b4f70a6d4f18493d89ced414ae04a4677fdb896bd16c94,10936
results/leiden-v2/ablations-2026-09-26/screening/candidates/582548f5461bc9fe1cf07320d400f01dc60bd3482c1cb7f79425a966efe02dc6/stress/vocabulary_subsample-10005/communities.csv,e0e538bcac00df4896f42b692f968bc98ed730e4a2dc98732199233aa3752b13,9842
results/leiden-v2/ablations-2026-09-26/screening/candidates/582548f5461bc9fe1cf07320d400f01dc60bd3482c1cb7f79425a966efe02dc6/stress/comparator-10006/communities.csv,0889a30a2b923a93ecfbcc481cfb435ab998fcabdf7b0efef11bfa9507b63698,10936
results/leiden-v2/ablations-2026-09-26/screening/candidates/582548f5461bc9fe1cf07320d400f01dc60bd3482c1cb7f79425a966efe02dc6/stress/edge_removal-10006/communities.csv,d31bb7c5585ec11f4bdf5a5f3ac23e9d213799a86bb6950978ba215baf782501,10936
results/leiden-v2/ablations-2026-09-26/screening/candidates/582548f5461bc9fe1cf07320d400f01dc60bd3482c1cb7f79425a966efe02dc6/stress/vocabulary_subsample-10006/communities.csv,4e519e0457096f8bc71dbf296ba01a7dbe773c63ac3a482b29b2f0343f61a88e,9842
results/leiden-v2/ablations-2026-09-26/screening/candidates/582548f5461bc9fe1cf07320d400f01dc60bd3482c1cb7f79425a966efe02dc6/stress/comparator-10007/communities.csv,400f37f1e8da861d5f661df0d5c470e89b4286725cd4272e861b7df799731f96,10936
results/leiden-v2/ablations-2026-09-26/screening/candidates/582548f5461bc9fe1cf07320d400f01dc60bd3482c1cb7f79425a966efe02dc6/stress/edge_removal-10007/communities.csv,e5d0ada2fde60e3e1ea6214e594d2ea030f9609f8a06927ac658956efef6801c,10936
results/leiden-v2/ablations-2026-09-26/screening/candidates/582548f5461bc9fe1cf07320d400f01dc60bd3482c1cb7f79425a966efe02dc6/stress/vocabulary_subsample-10007/communities.csv,7c8f35754cf54e5d0582ace9a0cf8e54aea4db5653ee8f8f029d14e8c2be32e5,9842
results/leiden-v2/ablations-2026-09-26/screening/candidates/582548f5461bc9fe1cf07320d400f01dc60bd3482c1cb7f79425a966efe02dc6/stress/comparator-10008/communities.csv,f415a19c5b4088d249e57370f8ef6b422ff209298ee30d1782d7db9b761aa664,10936
results/leiden-v2/ablations-2026-09-26/screening/candidates/582548f5461bc9fe1cf07320d400f01dc60bd3482c1cb7f79425a966efe02dc6/stress/edge_removal-10008/communities.csv,b7dae1fd5f9832297eb09b819eebfec9d5e855cae3b7f08d0a880f517fc93ccb,10936
results/leiden-v2/ablations-2026-09-26/screening/candidates/582548f5461bc9fe1cf07320d400f01dc60bd3482c1cb7f79425a966efe02dc6/stress/vocabulary_subsample-10008/communities.csv,b41e3884676ec1521f0d471beff33d2ed21eb6e9ed0edc8be2e3c76b8855f053,9842
results/leiden-v2/ablations-2026-09-26/screening/candidates/582548f5461bc9fe1cf07320d400f01dc60bd3482c1cb7f79425a966efe02dc6/stress/comparator-10009/communities.csv,f8c0b54e860bfff3af6973be3c00aaf36c331b254aa7ec26f8b6eedb50612424,10936
results/leiden-v2/ablations-2026-09-26/screening/candidates/582548f5461bc9fe1cf07320d400f01dc60bd3482c1cb7f79425a966efe02dc6/stress/edge_removal-10009/communities.csv,c891980075a47b7411aeb10e5c4d477ea4148d0b5dc64ffd7615bd970393bc36,10936
results/leiden-v2/ablations-2026-09-26/screening/candidates/582548f5461bc9fe1cf07320d400f01dc60bd3482c1cb7f79425a966efe02dc6/stress/vocabulary_subsample-10009/communities.csv,d6d949c8e250954a3ae3d2bbbe393e5c72f1b0cf592bc7d0c16e4e7b9ad9bab5,9842
results/leiden-v2/ablations-2026-09-26/screening/candidates/582548f5461bc9fe1cf07320d400f01dc60bd3482c1cb7f79425a966efe02dc6/sensitivity/k-increase/communities.csv,47978fcdf3232e5b1b983a5ba3467be46aa67f3ad33d09023cda6e06bf33d1ab,10936
results/leiden-v2/ablations-2026-09-26/screening/candidates/582548f5461bc9fe1cf07320d400f01dc60bd3482c1cb7f79425a966efe02dc6/sensitivity/k-decrease/communities.csv,37e5972b58d27c40ef1bdda6ab52fb9dbe19ee53e9cd09cfcc4cfdb14878e75e,10936
results/leiden-v2/ablations-2026-09-26/screening/candidates/582548f5461bc9fe1cf07320d400f01dc60bd3482c1cb7f79425a966efe02dc6/sensitivity/resolution-increase/communities.csv,73a1f4538c05f854673ae2b50979081ba5913dab454729d33703cf32161640d1,10936
results/leiden-v2/ablations-2026-09-26/screening/candidates/582548f5461bc9fe1cf07320d400f01dc60bd3482c1cb7f79425a966efe02dc6/sensitivity/resolution-decrease/communities.csv,e7d7d86f692aac5b457009fbfbe08adc77a0107d0716a4820b57cf1c493bfda7,10936
results/leiden-v2/ablations-2026-09-26/screening/candidates/f0a10464eaad704bb7141bde0f575c3fe6cdf1e450c1e9bd2deb136400595f8c/seed-42/communities.csv,ede533b021b093bceeceb00236826b804d8d3903bc665b66b418c2dc5cae3264,10936
results/leiden-v2/ablations-2026-09-26/screening/candidates/f0a10464eaad704bb7141bde0f575c3fe6cdf1e450c1e9bd2deb136400595f8c/seed-43/communities.csv,ede533b021b093bceeceb00236826b804d8d3903bc665b66b418c2dc5cae3264,10936
results/leiden-v2/ablations-2026-09-26/screening/candidates/f0a10464eaad704bb7141bde0f575c3fe6cdf1e450c1e9bd2deb136400595f8c/seed-44/communities.csv,ede533b021b093bceeceb00236826b804d8d3903bc665b66b418c2dc5cae3264,10936
results/leiden-v2/ablations-2026-09-26/screening/candidates/f0a10464eaad704bb7141bde0f575c3fe6cdf1e450c1e9bd2deb136400595f8c/stress/comparator-10000/communities.csv,ede533b021b093bceeceb00236826b804d8d3903bc665b66b418c2dc5cae3264,10936
results/leiden-v2/ablations-2026-09-26/screening/candidates/f0a10464eaad704bb7141bde0f575c3fe6cdf1e450c1e9bd2deb136400595f8c/stress/edge_removal-10000/communities.csv,ede533b021b093bceeceb00236826b804d8d3903bc665b66b418c2dc5cae3264,10936
results/leiden-v2/ablations-2026-09-26/screening/candidates/f0a10464eaad704bb7141bde0f575c3fe6cdf1e450c1e9bd2deb136400595f8c/stress/vocabulary_subsample-10000/communities.csv,ec5063c8cc04f03895b44b428aa49b363f256368d63b0af664ba48522257ad46,9842
results/leiden-v2/ablations-2026-09-26/screening/candidates/f0a10464eaad704bb7141bde0f575c3fe6cdf1e450c1e9bd2deb136400595f8c/stress/comparator-10001/communities.csv,ede533b021b093bceeceb00236826b804d8d3903bc665b66b418c2dc5cae3264,10936
results/leiden-v2/ablations-2026-09-26/screening/candidates/f0a10464eaad704bb7141bde0f575c3fe6cdf1e450c1e9bd2deb136400595f8c/stress/edge_removal-10001/communities.csv,ede533b021b093bceeceb00236826b804d8d3903bc665b66b418c2dc5cae3264,10936
results/leiden-v2/ablations-2026-09-26/screening/candidates/f0a10464eaad704bb7141bde0f575c3fe6cdf1e450c1e9bd2deb136400595f8c/stress/vocabulary_subsample-10001/communities.csv,2917953a07803bc6be659e856150cf880189b92de3773d58ef2088b674d97460,9842
results/leiden-v2/ablations-2026-09-26/screening/candidates/f0a10464eaad704bb7141bde0f575c3fe6cdf1e450c1e9bd2deb136400595f8c/stress/comparator-10002/communities.csv,ede533b021b093bceeceb00236826b804d8d3903bc665b66b418c2dc5cae3264,10936
results/leiden-v2/ablations-2026-09-26/screening/candidates/f0a10464eaad704bb7141bde0f575c3fe6cdf1e450c1e9bd2deb136400595f8c/stress/edge_removal-10002/communities.csv,ede533b021b093bceeceb00236826b804d8d3903bc665b66b418c2dc5cae3264,10936
results/leiden-v2/ablations-2026-09-26/screening/candidates/f0a10464eaad704bb7141bde0f575c3fe6cdf1e450c1e9bd2deb136400595f8c/stress/vocabulary_subsample-10002/communities.csv,fbaddf7ba1cd06ec633af701c93d35be0c3132361b33e24ba91cf4298ee82960,9842
results/leiden-v2/ablations-2026-09-26/screening/candidates/f0a10464eaad704bb7141bde0f575c3fe6cdf1e450c1e9bd2deb136400595f8c/stress/comparator-10003/communities.csv,ede533b021b093bceeceb00236826b804d8d3903bc665b66b418c2dc5cae3264,10936
results/leiden-v2/ablations-2026-09-26/screening/candidates/f0a10464eaad704bb7141bde0f575c3fe6cdf1e450c1e9bd2deb136400595f8c/stress/edge_removal-10003/communities.csv,ede533b021b093bceeceb00236826b804d8d3903bc665b66b418c2dc5cae3264,10936
results/leiden-v2/ablations-2026-09-26/screening/candidates/f0a10464eaad704bb7141bde0f575c3fe6cdf1e450c1e9bd2deb136400595f8c/stress/vocabulary_subsample-10003/communities.csv,04e3064dbe7d14787d7de1db0ebda65eb0312f25c0a312ea95009076e5bb644f,9842
results/leiden-v2/ablations-2026-09-26/screening/candidates/f0a10464eaad704bb7141bde0f575c3fe6cdf1e450c1e9bd2deb136400595f8c/stress/comparator-10004/communities.csv,ede533b021b093bceeceb00236826b804d8d3903bc665b66b418c2dc5cae3264,10936
results/leiden-v2/ablations-2026-09-26/screening/candidates/f0a10464eaad704bb7141bde0f575c3fe6cdf1e450c1e9bd2deb136400595f8c/stress/edge_removal-10004/communities.csv,ede533b021b093bceeceb00236826b804d8d3903bc665b66b418c2dc5cae3264,10936
results/leiden-v2/ablations-2026-09-26/screening/candidates/f0a10464eaad704bb7141bde0f575c3fe6cdf1e450c1e9bd2deb136400595f8c/stress/vocabulary_subsample-10004/communities.csv,9680676d2500ce182cb9c04c94c35eeabe904a79637304ef0ad5d6e581802cc3,9842
results/leiden-v2/ablations-2026-09-26/screening/candidates/f0a10464eaad704bb7141bde0f575c3fe6cdf1e450c1e9bd2deb136400595f8c/stress/comparator-10005/communities.csv,ede533b021b093bceeceb00236826b804d8d3903bc665b66b418c2dc5cae3264,10936
results/leiden-v2/ablations-2026-09-26/screening/candidates/f0a10464eaad704bb7141bde0f575c3fe6cdf1e450c1e9bd2deb136400595f8c/stress/edge_removal-10005/communities.csv,ede533b021b093bceeceb00236826b804d8d3903bc665b66b418c2dc5cae3264,10936
results/leiden-v2/ablations-2026-09-26/screening/candidates/f0a10464eaad704bb7141bde0f575c3fe6cdf1e450c1e9bd2deb136400595f8c/stress/vocabulary_subsample-10005/communities.csv,f5f546912c415d94e5c8469463b04c936de642c90655fd233a0daf7bb95ead35,9842
results/leiden-v2/ablations-2026-09-26/screening/candidates/f0a10464eaad704bb7141bde0f575c3fe6cdf1e450c1e9bd2deb136400595f8c/stress/comparator-10006/communities.csv,ede533b021b093bceeceb00236826b804d8d3903bc665b66b418c2dc5cae3264,10936
results/leiden-v2/ablations-2026-09-26/screening/candidates/f0a10464eaad704bb7141bde0f575c3fe6cdf1e450c1e9bd2deb136400595f8c/stress/edge_removal-10006/communities.csv,ede533b021b093bceeceb00236826b804d8d3903bc665b66b418c2dc5cae3264,10936
results/leiden-v2/ablations-2026-09-26/screening/candidates/f0a10464eaad704bb7141bde0f575c3fe6cdf1e450c1e9bd2deb136400595f8c/stress/vocabulary_subsample-10006/communities.csv,74cfee99238affdf707d11bb1dec734b6b0bfa447152dfaded2bb660dd7240fe,9842
results/leiden-v2/ablations-2026-09-26/screening/candidates/f0a10464eaad704bb7141bde0f575c3fe6cdf1e450c1e9bd2deb136400595f8c/stress/comparator-10007/communities.csv,ede533b021b093bceeceb00236826b804d8d3903bc665b66b418c2dc5cae3264,10936
results/leiden-v2/ablations-2026-09-26/screening/candidates/f0a10464eaad704bb7141bde0f575c3fe6cdf1e450c1e9bd2deb136400595f8c/stress/edge_removal-10007/communities.csv,ede533b021b093bceeceb00236826b804d8d3903bc665b66b418c2dc5cae3264,10936
results/leiden-v2/ablations-2026-09-26/screening/candidates/f0a10464eaad704bb7141bde0f575c3fe6cdf1e450c1e9bd2deb136400595f8c/stress/vocabulary_subsample-10007/communities.csv,9e93bb73c3f98d3f1159b4a625ad7f92cabdb8145c1a8012163dfae83b2f183c,9842
results/leiden-v2/ablations-2026-09-26/screening/candidates/f0a10464eaad704bb7141bde0f575c3fe6cdf1e450c1e9bd2deb136400595f8c/stress/comparator-10008/communities.csv,ede533b021b093bceeceb00236826b804d8d3903bc665b66b418c2dc5cae3264,10936
results/leiden-v2/ablations-2026-09-26/screening/candidates/f0a10464eaad704bb7141bde0f575c3fe6cdf1e450c1e9bd2deb136400595f8c/stress/edge_removal-10008/communities.csv,ede533b021b093bceeceb00236826b804d8d3903bc665b66b418c2dc5cae3264,10936
results/leiden-v2/ablations-2026-09-26/screening/candidates/f0a10464eaad704bb7141bde0f575c3fe6cdf1e450c1e9bd2deb136400595f8c/stress/vocabulary_subsample-10008/communities.csv,62e81d8973fd9ee4eb0408ec233c93640f33cbec9102d3d94d3d676d5b371a71,9842
results/leiden-v2/ablations-2026-09-26/screening/candidates/f0a10464eaad704bb7141bde0f575c3fe6cdf1e450c1e9bd2deb136400595f8c/stress/comparator-10009/communities.csv,ede533b021b093bceeceb00236826b804d8d3903bc665b66b418c2dc5cae3264,10936
results/leiden-v2/ablations-2026-09-26/screening/candidates/f0a10464eaad704bb7141bde0f575c3fe6cdf1e450c1e9bd2deb136400595f8c/stress/edge_removal-10009/communities.csv,ede533b021b093bceeceb00236826b804d8d3903bc665b66b418c2dc5cae3264,10936
results/leiden-v2/ablations-2026-09-26/screening/candidates/f0a10464eaad704bb7141bde0f575c3fe6cdf1e450c1e9bd2deb136400595f8c/stress/vocabulary_subsample-10009/communities.csv,6f0de88fd6ffbd513245740362871b24cfac031affc55cbb563344f4961ccd71,9842
results/leiden-v2/ablations-2026-09-26/screening/candidates/b6f562eeb80cd07700e1379444f0c5807a447ef3c0facb6ff7ef7c4d5e1161c1/seed-42/communities.csv,12e83ca7a35b344da9464ce4c62ae721c04f1d21be4fd2e8715fc88ad7c25cfc,10936
results/leiden-v2/ablations-2026-09-26/screening/candidates/b6f562eeb80cd07700e1379444f0c5807a447ef3c0facb6ff7ef7c4d5e1161c1/seed-43/communities.csv,091b0cd26964200e047ca6b2dff7f8a5df1b2fb5db6ff5bd9de8f7a0f7ac944d,10936
results/leiden-v2/ablations-2026-09-26/screening/candidates/b6f562eeb80cd07700e1379444f0c5807a447ef3c0facb6ff7ef7c4d5e1161c1/seed-44/communities.csv,bb3b6595bd5ce23d0e98ca4e1e6f97d61969f949adae4dcc7f329a127736b50a,10936
results/leiden-v2/ablations-2026-09-26/screening/candidates/b6f562eeb80cd07700e1379444f0c5807a447ef3c0facb6ff7ef7c4d5e1161c1/stress/comparator-10000/communities.csv,ba6ac5831d1812dcf3fecc9a39385ffc8fe5aac5a63470581edb8d78bdaf7660,10936
results/leiden-v2/ablations-2026-09-26/screening/candidates/b6f562eeb80cd07700e1379444f0c5807a447ef3c0facb6ff7ef7c4d5e1161c1/stress/edge_removal-10000/communities.csv,1ebb4472bb77258e3041a03ed359fff87413723e699c60f75f58ac93c23d4aba,10936
results/leiden-v2/ablations-2026-09-26/screening/candidates/b6f562eeb80cd07700e1379444f0c5807a447ef3c0facb6ff7ef7c4d5e1161c1/stress/vocabulary_subsample-10000/communities.csv,8eebeedf93306aa48759d61174cc5420baa9c2da3b97d4f09e4d0e0591b4c571,9842
results/leiden-v2/ablations-2026-09-26/screening/candidates/b6f562eeb80cd07700e1379444f0c5807a447ef3c0facb6ff7ef7c4d5e1161c1/stress/comparator-10001/communities.csv,260d73de87c8a61d03895cee4d39949f14281fae63a172da71a4b55f6c97c081,10936
results/leiden-v2/ablations-2026-09-26/screening/candidates/b6f562eeb80cd07700e1379444f0c5807a447ef3c0facb6ff7ef7c4d5e1161c1/stress/edge_removal-10001/communities.csv,ca17ba58791ad1b7d4970e0834454d884fc273327bde5566946bf4acdaa395d5,10936
results/leiden-v2/ablations-2026-09-26/screening/candidates/b6f562eeb80cd07700e1379444f0c5807a447ef3c0facb6ff7ef7c4d5e1161c1/stress/vocabulary_subsample-10001/communities.csv,d883ead5e4d7b1bbd920e31edd21568ee24cf6fe5c4e64f5cdde80f9b53cfffb,9842
results/leiden-v2/ablations-2026-09-26/screening/candidates/b6f562eeb80cd07700e1379444f0c5807a447ef3c0facb6ff7ef7c4d5e1161c1/stress/comparator-10002/communities.csv,40392447fc0235594f854d7c44d9cb4c814dd175a423aaafa9bec5e4705ffb2f,10936
results/leiden-v2/ablations-2026-09-26/screening/candidates/b6f562eeb80cd07700e1379444f0c5807a447ef3c0facb6ff7ef7c4d5e1161c1/stress/edge_removal-10002/communities.csv,56f7faf0ffc16217672eafc107ddc64810e7c12b5491be47988f02154e0334b2,10936
results/leiden-v2/ablations-2026-09-26/screening/candidates/b6f562eeb80cd07700e1379444f0c5807a447ef3c0facb6ff7ef7c4d5e1161c1/stress/vocabulary_subsample-10002/communities.csv,85f99e255635b0a4369cb28aff3b13453101027ae4c33e84551a5b8db6f960d9,9842
results/leiden-v2/ablations-2026-09-26/screening/candidates/b6f562eeb80cd07700e1379444f0c5807a447ef3c0facb6ff7ef7c4d5e1161c1/stress/comparator-10003/communities.csv,6dafb8aa5f2ae23fc441dc9cd2a424e29184b0b1e0988471132197300f7df37f,10936
results/leiden-v2/ablations-2026-09-26/screening/candidates/b6f562eeb80cd07700e1379444f0c5807a447ef3c0facb6ff7ef7c4d5e1161c1/stress/edge_removal-10003/communities.csv,18fd85cea93ed9b7b4d6fc3b512b47d7b14b24cf502a43ef1dc6729e2f2fe3cd,10936
results/leiden-v2/ablations-2026-09-26/screening/candidates/b6f562eeb80cd07700e1379444f0c5807a447ef3c0facb6ff7ef7c4d5e1161c1/stress/vocabulary_subsample-10003/communities.csv,63ec43f1e28d9b14c47c63f64032d492d5f03ae3cf7c227cdc1da5a62ee3b5fe,9842
results/leiden-v2/ablations-2026-09-26/screening/candidates/b6f562eeb80cd07700e1379444f0c5807a447ef3c0facb6ff7ef7c4d5e1161c1/stress/comparator-10004/communities.csv,44cb202289f97f481a396220a6019c52e44856e1ecb19199871b9eeb524e83f1,10936
results/leiden-v2/ablations-2026-09-26/screening/candidates/b6f562eeb80cd07700e1379444f0c5807a447ef3c0facb6ff7ef7c4d5e1161c1/stress/edge_removal-10004/communities.csv,9061091e5cfdca02e3ddc65cf5a4f8f4a556f625cb8ef0e2e5fa1bd8aa83c114,10936
results/leiden-v2/ablations-2026-09-26/screening/candidates/b6f562eeb80cd07700e1379444f0c5807a447ef3c0facb6ff7ef7c4d5e1161c1/stress/vocabulary_subsample-10004/communities.csv,743fc21e90da065487e3699f4b8ca1f37319dfc94c078274ac9d174aad2c9867,9842
results/leiden-v2/ablations-2026-09-26/screening/candidates/b6f562eeb80cd07700e1379444f0c5807a447ef3c0facb6ff7ef7c4d5e1161c1/stress/comparator-10005/communities.csv,dbe8f9742992da28013d843c16ec9e0849b09580b8698f43f196a39d23607cf7,10936
results/leiden-v2/ablations-2026-09-26/screening/candidates/b6f562eeb80cd07700e1379444f0c5807a447ef3c0facb6ff7ef7c4d5e1161c1/stress/edge_removal-10005/communities.csv,a67e7352907ee4678c5f248fb6df4fbb0f81907b570f26c52e3a4de751a78204,10936
results/leiden-v2/ablations-2026-09-26/screening/candidates/b6f562eeb80cd07700e1379444f0c5807a447ef3c0facb6ff7ef7c4d5e1161c1/stress/vocabulary_subsample-10005/communities.csv,49f48d33ac212ddb6472ff5b12f8edfbf10648beffa39c418f158fb72760066a,9842
results/leiden-v2/ablations-2026-09-26/screening/candidates/b6f562eeb80cd07700e1379444f0c5807a447ef3c0facb6ff7ef7c4d5e1161c1/stress/comparator-10006/communities.csv,9485e642ae94ec30b9d7b17814375e30d7772ee23e96dc67c4c682ad60fb2fc0,10936
results/leiden-v2/ablations-2026-09-26/screening/candidates/b6f562eeb80cd07700e1379444f0c5807a447ef3c0facb6ff7ef7c4d5e1161c1/stress/edge_removal-10006/communities.csv,e964bda0c21fac9843c39a6b44bfa59a9eacb8ba312853a37770e9aeb9f83b9f,10936
results/leiden-v2/ablations-2026-09-26/screening/candidates/b6f562eeb80cd07700e1379444f0c5807a447ef3c0facb6ff7ef7c4d5e1161c1/stress/vocabulary_subsample-10006/communities.csv,6fb188ae9e0168d515ad2c0ca30254dad150121cfb7ffa9b73aac8c29429712b,9842
results/leiden-v2/ablations-2026-09-26/screening/candidates/b6f562eeb80cd07700e1379444f0c5807a447ef3c0facb6ff7ef7c4d5e1161c1/stress/comparator-10007/communities.csv,0f20a6685894c73bb363fac6c84f364a718e1e856fba102629811b9fd47110d3,10936
results/leiden-v2/ablations-2026-09-26/screening/candidates/b6f562eeb80cd07700e1379444f0c5807a447ef3c0facb6ff7ef7c4d5e1161c1/stress/edge_removal-10007/communities.csv,8323c57f280dd719d2802cf997f32dcd9667ce6b590ec077ee9323d21e16b073,10936
results/leiden-v2/ablations-2026-09-26/screening/candidates/b6f562eeb80cd07700e1379444f0c5807a447ef3c0facb6ff7ef7c4d5e1161c1/stress/vocabulary_subsample-10007/communities.csv,2043305faf0254cd54e46a1a7240b29ad09fe1f42e4c4804d1f56a485fe0edd7,9842
results/leiden-v2/ablations-2026-09-26/screening/candidates/b6f562eeb80cd07700e1379444f0c5807a447ef3c0facb6ff7ef7c4d5e1161c1/stress/comparator-10008/communities.csv,1e29d5842bf2f94096c850f259ef977f5757e58e0730ac122fdbb107eb347656,10936
results/leiden-v2/ablations-2026-09-26/screening/candidates/b6f562eeb80cd07700e1379444f0c5807a447ef3c0facb6ff7ef7c4d5e1161c1/stress/edge_removal-10008/communities.csv,4f3e8fa145e453686b5e63e261a59c5a9257a0255f594ebc4589c895b24c5493,10936
results/leiden-v2/ablations-2026-09-26/screening/candidates/b6f562eeb80cd07700e1379444f0c5807a447ef3c0facb6ff7ef7c4d5e1161c1/stress/vocabulary_subsample-10008/communities.csv,eef16d69466bf5be7f1809a1b2cf463be0edfe834bfe9116dbfaf0a5b65f8926,9842
results/leiden-v2/ablations-2026-09-26/screening/candidates/b6f562eeb80cd07700e1379444f0c5807a447ef3c0facb6ff7ef7c4d5e1161c1/stress/comparator-10009/communities.csv,821d1454306f52a20d98202f36703458de14ba88fe949f338fc5799fb4a77ffc,10936
results/leiden-v2/ablations-2026-09-26/screening/candidates/b6f562eeb80cd07700e1379444f0c5807a447ef3c0facb6ff7ef7c4d5e1161c1/stress/edge_removal-10009/communities.csv,b9e0c04d40817688a0a0c70004414413a3bd3de3bf82200510c39be9565087bb,10936
results/leiden-v2/ablations-2026-09-26/screening/candidates/b6f562eeb80cd07700e1379444f0c5807a447ef3c0facb6ff7ef7c4d5e1161c1/stress/vocabulary_subsample-10009/communities.csv,8eecccfac7ef9567d25106c2dd6633769c1d299d75e7e0982fc13ad76d000939,9842
results/leiden-v2/ablations-2026-09-26/screening/candidates/4027310994c02d10f5efc0b11c0d1d7328830b3781ea68201f62d850aaf80d2a/seed-42/communities.csv,3de4e4c677805333afb0781902e5ae971957988f8e318659de5215c760c28678,10936
results/leiden-v2/ablations-2026-09-26/screening/candidates/4027310994c02d10f5efc0b11c0d1d7328830b3781ea68201f62d850aaf80d2a/seed-43/communities.csv,d1b5ec6ad99bffb816e1ee500a0fe006b8d407671bf3aa435474e3ca125d5fd6,10936
results/leiden-v2/ablations-2026-09-26/screening/candidates/4027310994c02d10f5efc0b11c0d1d7328830b3781ea68201f62d850aaf80d2a/seed-44/communities.csv,0f19adb83a2126d5c7579d206d2620c35a4fd3b0c589d8878109252fd85253bd,10936
results/leiden-v2/ablations-2026-09-26/screening/candidates/4027310994c02d10f5efc0b11c0d1d7328830b3781ea68201f62d850aaf80d2a/stress/comparator-10000/communities.csv,8a8a77d6a2cdf91d65bd52e2e233e5a94b960db6c79bfd2cce0f6184288b2575,10936
results/leiden-v2/ablations-2026-09-26/screening/candidates/4027310994c02d10f5efc0b11c0d1d7328830b3781ea68201f62d850aaf80d2a/stress/edge_removal-10000/communities.csv,94643572e05a01e0ba96a2b0fa63328353aae7aecfc929a2eb528e53bf08e4e3,10936
results/leiden-v2/ablations-2026-09-26/screening/candidates/4027310994c02d10f5efc0b11c0d1d7328830b3781ea68201f62d850aaf80d2a/stress/vocabulary_subsample-10000/communities.csv,69cb842810b74d68417fe0204453e3cf929b51810562874b861626ec3e85f6f6,9842
results/leiden-v2/ablations-2026-09-26/screening/candidates/4027310994c02d10f5efc0b11c0d1d7328830b3781ea68201f62d850aaf80d2a/stress/comparator-10001/communities.csv,b94da768f914d44928d5c076d568e71629b4c10d57e00b0b3b9bf9cc8b48131f,10936
results/leiden-v2/ablations-2026-09-26/screening/candidates/4027310994c02d10f5efc0b11c0d1d7328830b3781ea68201f62d850aaf80d2a/stress/edge_removal-10001/communities.csv,6cced4baef5f130d345ef609bb712db43870f46b8c033d006c5f1ec122678c23,10936
results/leiden-v2/ablations-2026-09-26/screening/candidates/4027310994c02d10f5efc0b11c0d1d7328830b3781ea68201f62d850aaf80d2a/stress/vocabulary_subsample-10001/communities.csv,70795942bad4d3c40071d09e914d96dbedd58b35f620b17747b6fb50f104483c,9842
results/leiden-v2/ablations-2026-09-26/screening/candidates/4027310994c02d10f5efc0b11c0d1d7328830b3781ea68201f62d850aaf80d2a/stress/comparator-10002/communities.csv,5589ed6d316327d0432531df3a72a081a0d3f33d747ba4e45100905e082f5b7b,10936
results/leiden-v2/ablations-2026-09-26/screening/candidates/4027310994c02d10f5efc0b11c0d1d7328830b3781ea68201f62d850aaf80d2a/stress/edge_removal-10002/communities.csv,f4d33cd2fd1e4ed6d2d09e4348be64fd2a1fd133b357a166ad14cc8b16602926,10936
results/leiden-v2/ablations-2026-09-26/screening/candidates/4027310994c02d10f5efc0b11c0d1d7328830b3781ea68201f62d850aaf80d2a/stress/vocabulary_subsample-10002/communities.csv,70cbb7cdc924e2b4fb3e527d860ff8f5fad97e22ed5b909dd357fa13a301700b,9842
results/leiden-v2/ablations-2026-09-26/screening/candidates/4027310994c02d10f5efc0b11c0d1d7328830b3781ea68201f62d850aaf80d2a/stress/comparator-10003/communities.csv,0d2133fdff568812891a06e535e1123adedf91d9921167b784e98636e73e9d95,10936
results/leiden-v2/ablations-2026-09-26/screening/candidates/4027310994c02d10f5efc0b11c0d1d7328830b3781ea68201f62d850aaf80d2a/stress/edge_removal-10003/communities.csv,7b9a867f3cdfb407edcdf18519922061e020676a72d5a7aa3199a37cb279327a,10936
results/leiden-v2/ablations-2026-09-26/screening/candidates/4027310994c02d10f5efc0b11c0d1d7328830b3781ea68201f62d850aaf80d2a/stress/vocabulary_subsample-10003/communities.csv,9ed31c5066ea30b2b57f683c2bff724d8d524c1abace8d25f6c9a9c974981f2c,9842
results/leiden-v2/ablations-2026-09-26/screening/candidates/4027310994c02d10f5efc0b11c0d1d7328830b3781ea68201f62d850aaf80d2a/stress/comparator-10004/communities.csv,57c5ad2892500f2ce9b02b786b42880572c0916bb53bc9e7775c34c5bbcd8ffe,10936
results/leiden-v2/ablations-2026-09-26/screening/candidates/4027310994c02d10f5efc0b11c0d1d7328830b3781ea68201f62d850aaf80d2a/stress/edge_removal-10004/communities.csv,8a8768b0a5cf5feaf4700ef553b6bbd8e6cc62ea82c1a21b7c085bf44a8e6f38,10936
results/leiden-v2/ablations-2026-09-26/screening/candidates/4027310994c02d10f5efc0b11c0d1d7328830b3781ea68201f62d850aaf80d2a/stress/vocabulary_subsample-10004/communities.csv,ebba98ab7f48ecb7b82635f192d5b66eb0dec3c879c4203a257ef208f98e376a,9842
results/leiden-v2/ablations-2026-09-26/screening/candidates/4027310994c02d10f5efc0b11c0d1d7328830b3781ea68201f62d850aaf80d2a/stress/comparator-10005/communities.csv,97c70cfbff1b6fbaf28393b5abde475e22d6ceabb2c9deda89b0ca1981b9fce3,10936
results/leiden-v2/ablations-2026-09-26/screening/candidates/4027310994c02d10f5efc0b11c0d1d7328830b3781ea68201f62d850aaf80d2a/stress/edge_removal-10005/communities.csv,163dffcf25e1f9b350527990d36c181dd3c3e3ced83b37dfc36d58180dbc8388,10936
results/leiden-v2/ablations-2026-09-26/screening/candidates/4027310994c02d10f5efc0b11c0d1d7328830b3781ea68201f62d850aaf80d2a/stress/vocabulary_subsample-10005/communities.csv,9ab3f5a2903dfaa5e0ce3f317ed1866c88dae7d72ce6b394b55c129432319876,9842
results/leiden-v2/ablations-2026-09-26/screening/candidates/4027310994c02d10f5efc0b11c0d1d7328830b3781ea68201f62d850aaf80d2a/stress/comparator-10006/communities.csv,366a191508ef9a164cfca7ad984467f8db0ed04492e20f8f4ee2978927b5565e,10936
results/leiden-v2/ablations-2026-09-26/screening/candidates/4027310994c02d10f5efc0b11c0d1d7328830b3781ea68201f62d850aaf80d2a/stress/edge_removal-10006/communities.csv,2f23088c44b950be11afd358cd86680a100f0596e72bd6941583383ae61ea017,10936
results/leiden-v2/ablations-2026-09-26/screening/candidates/4027310994c02d10f5efc0b11c0d1d7328830b3781ea68201f62d850aaf80d2a/stress/vocabulary_subsample-10006/communities.csv,a4c6ead8daa5d5e4b67f69e58b7c0df11a18d9b6171aa5d40e3c4d61a7d78e91,9842
results/leiden-v2/ablations-2026-09-26/screening/candidates/4027310994c02d10f5efc0b11c0d1d7328830b3781ea68201f62d850aaf80d2a/stress/comparator-10007/communities.csv,aeb30fe9ccf06d8eb6e3085788daaf21e323692b26b4d320b2660c07d53dcf46,10936
results/leiden-v2/ablations-2026-09-26/screening/candidates/4027310994c02d10f5efc0b11c0d1d7328830b3781ea68201f62d850aaf80d2a/stress/edge_removal-10007/communities.csv,c59d2d3e3b0d4d44374bbbe30ce14cc0e0f4fa4732a31e91b148d862dd2f2d4c,10936
results/leiden-v2/ablations-2026-09-26/screening/candidates/4027310994c02d10f5efc0b11c0d1d7328830b3781ea68201f62d850aaf80d2a/stress/vocabulary_subsample-10007/communities.csv,49fff274b0d599f35463f8c0751f29bed806373b39d44ab0fbe29efde7ad62a5,9842
results/leiden-v2/ablations-2026-09-26/screening/candidates/4027310994c02d10f5efc0b11c0d1d7328830b3781ea68201f62d850aaf80d2a/stress/comparator-10008/communities.csv,313aefd19e130be6ee88b7a49e9099921fc001d44540535360a898bab22bc1d4,10936
results/leiden-v2/ablations-2026-09-26/screening/candidates/4027310994c02d10f5efc0b11c0d1d7328830b3781ea68201f62d850aaf80d2a/stress/edge_removal-10008/communities.csv,1b18d11d122c0d22df0896c67636100f97680178c9447fffccaf472ea11c058b,10936
results/leiden-v2/ablations-2026-09-26/screening/candidates/4027310994c02d10f5efc0b11c0d1d7328830b3781ea68201f62d850aaf80d2a/stress/vocabulary_subsample-10008/communities.csv,db3cc6fbd70ef38c0bece21851c4333f3612389a5162327554ce22802739484d,9842
results/leiden-v2/ablations-2026-09-26/screening/candidates/4027310994c02d10f5efc0b11c0d1d7328830b3781ea68201f62d850aaf80d2a/stress/comparator-10009/communities.csv,072064248d9665a697bb569eff44bc5cb9cb6eb62430d4dd8b20b0bcfa7bb337,10936
results/leiden-v2/ablations-2026-09-26/screening/candidates/4027310994c02d10f5efc0b11c0d1d7328830b3781ea68201f62d850aaf80d2a/stress/edge_removal-10009/communities.csv,186ee3cf7d28858e3630bf5694de74b3e358089d06cd2ecedc5cfb247fa41f5d,10936
results/leiden-v2/ablations-2026-09-26/screening/candidates/4027310994c02d10f5efc0b11c0d1d7328830b3781ea68201f62d850aaf80d2a/stress/vocabulary_subsample-10009/communities.csv,c88e63f76b1882eb792ec8619566ecac73dd7a641448be98cde39a68b77680f4,9842
results/leiden-v2/ablations-2026-09-26/screening/candidates/04df865daae2a855d614ef567ece96cdc99d3c59594425071c6cb56fca9139c8/seed-42/communities.csv,9abca89af2e345abdb13806db2d1ab1fc8d9f2d0b02ad90116ec2a53c9e98a64,10936
results/leiden-v2/ablations-2026-09-26/screening/candidates/04df865daae2a855d614ef567ece96cdc99d3c59594425071c6cb56fca9139c8/seed-43/communities.csv,09c8b7af5008f341074c9e71f694db6246d5cc9c10aa8ffcff13903c2e833946,10936
results/leiden-v2/ablations-2026-09-26/screening/candidates/04df865daae2a855d614ef567ece96cdc99d3c59594425071c6cb56fca9139c8/seed-44/communities.csv,e195596096c1d21ac9e405fd081be038fe6fbab32989968bb2c1091f19320d54,10936
results/leiden-v2/ablations-2026-09-26/screening/candidates/04df865daae2a855d614ef567ece96cdc99d3c59594425071c6cb56fca9139c8/stress/comparator-10000/communities.csv,461cd1d33eeb0c9a1a75b0aaadd2e4c7cd33a6dc217127c225f7b4d1067f9db1,10936
results/leiden-v2/ablations-2026-09-26/screening/candidates/04df865daae2a855d614ef567ece96cdc99d3c59594425071c6cb56fca9139c8/stress/edge_removal-10000/communities.csv,c0578c02b2f7b897ee93574f727764b154b0f930faf035dc7f785871438cec1b,10936
results/leiden-v2/ablations-2026-09-26/screening/candidates/04df865daae2a855d614ef567ece96cdc99d3c59594425071c6cb56fca9139c8/stress/vocabulary_subsample-10000/communities.csv,1fec31497cb5c6328f154e727264c14d7dc778fbf0773e0a22e1227e9ba7ff75,9842
results/leiden-v2/ablations-2026-09-26/screening/candidates/04df865daae2a855d614ef567ece96cdc99d3c59594425071c6cb56fca9139c8/stress/comparator-10001/communities.csv,de168c2eb56e07b73cab2f57b418057e481068fef19a8effe7cd9cb60c602c0e,10936
results/leiden-v2/ablations-2026-09-26/screening/candidates/04df865daae2a855d614ef567ece96cdc99d3c59594425071c6cb56fca9139c8/stress/edge_removal-10001/communities.csv,7337f7a70e07600c46fbdf342708b216b53b2399dee1f9615ccd7cbcbc2513d5,10936
results/leiden-v2/ablations-2026-09-26/screening/candidates/04df865daae2a855d614ef567ece96cdc99d3c59594425071c6cb56fca9139c8/stress/vocabulary_subsample-10001/communities.csv,8fb537b146e9e1d6d52cf445c7638859994627431a904e507c4ba3d48e3dc73a,9842
results/leiden-v2/ablations-2026-09-26/screening/candidates/04df865daae2a855d614ef567ece96cdc99d3c59594425071c6cb56fca9139c8/stress/comparator-10002/communities.csv,41b80f6c941bec85fa6ebdb334d7e6850cea9900d9527738bd3394fba10b0c93,10936
results/leiden-v2/ablations-2026-09-26/screening/candidates/04df865daae2a855d614ef567ece96cdc99d3c59594425071c6cb56fca9139c8/stress/edge_removal-10002/communities.csv,1c436a9bf9f0186df1be39044dcc6ea459dcbe431da9f600f60825effaf4d0ed,10936
results/leiden-v2/ablations-2026-09-26/screening/candidates/04df865daae2a855d614ef567ece96cdc99d3c59594425071c6cb56fca9139c8/stress/vocabulary_subsample-10002/communities.csv,bda0c8a57c7f0c8d1a49f5164ce98d0d6213b9452d257c26a40552b91786262e,9842
results/leiden-v2/ablations-2026-09-26/screening/candidates/04df865daae2a855d614ef567ece96cdc99d3c59594425071c6cb56fca9139c8/stress/comparator-10003/communities.csv,78645ed8ce33acd991718ef9cbb8511d74c5ffc84d8034339526afc3a97faee1,10936
results/leiden-v2/ablations-2026-09-26/screening/candidates/04df865daae2a855d614ef567ece96cdc99d3c59594425071c6cb56fca9139c8/stress/edge_removal-10003/communities.csv,7d39355fbefc86d58b048ee3decc7d0af713712f3fb4cb8ca21c802370025e83,10936
results/leiden-v2/ablations-2026-09-26/screening/candidates/04df865daae2a855d614ef567ece96cdc99d3c59594425071c6cb56fca9139c8/stress/vocabulary_subsample-10003/communities.csv,78a76d0ea2e3b4a3010ce7677f6e31de8e96e9a0e0d7cbc32c08131e75505b24,9842
results/leiden-v2/ablations-2026-09-26/screening/candidates/04df865daae2a855d614ef567ece96cdc99d3c59594425071c6cb56fca9139c8/stress/comparator-10004/communities.csv,57870d26599511e07a7740d7985e1ba0f640d4c5d85f165bb4588a91f6172be7,10936
results/leiden-v2/ablations-2026-09-26/screening/candidates/04df865daae2a855d614ef567ece96cdc99d3c59594425071c6cb56fca9139c8/stress/edge_removal-10004/communities.csv,c7e82eaae6294fd5413b9b11863542b3708530c708070e4019009b1a6ed4c84f,10936
results/leiden-v2/ablations-2026-09-26/screening/candidates/04df865daae2a855d614ef567ece96cdc99d3c59594425071c6cb56fca9139c8/stress/vocabulary_subsample-10004/communities.csv,f848776c6b89b5c89736ef2cf4fcf3d09266a8080dfa17cc2e20c83d76ff21e9,9842
results/leiden-v2/ablations-2026-09-26/screening/candidates/04df865daae2a855d614ef567ece96cdc99d3c59594425071c6cb56fca9139c8/stress/comparator-10005/communities.csv,721d88c690e4e43ce996165b5a9f4cc8125761d65cad1d35815c20f410534f8c,10936
results/leiden-v2/ablations-2026-09-26/screening/candidates/04df865daae2a855d614ef567ece96cdc99d3c59594425071c6cb56fca9139c8/stress/edge_removal-10005/communities.csv,c970e2feb29b4af1e3f42d505812d3ecc8a70ad873b8e6a5a7089b7dee470d88,10936
results/leiden-v2/ablations-2026-09-26/screening/candidates/04df865daae2a855d614ef567ece96cdc99d3c59594425071c6cb56fca9139c8/stress/vocabulary_subsample-10005/communities.csv,955f5dd941219a6f0e83710f5a8cfce8515bcebaf8090f3f4026c60ac2a1a01c,9842
results/leiden-v2/ablations-2026-09-26/screening/candidates/04df865daae2a855d614ef567ece96cdc99d3c59594425071c6cb56fca9139c8/stress/comparator-10006/communities.csv,a80ca866e138c16c20a4e4d473d806d575c77eca54a43af57e9a99b8f51bddd9,10936
results/leiden-v2/ablations-2026-09-26/screening/candidates/04df865daae2a855d614ef567ece96cdc99d3c59594425071c6cb56fca9139c8/stress/edge_removal-10006/communities.csv,da0564bae80a996091672002cfc946e41ea4e437e585b7e0e8f8a80940ab68c3,10936
results/leiden-v2/ablations-2026-09-26/screening/candidates/04df865daae2a855d614ef567ece96cdc99d3c59594425071c6cb56fca9139c8/stress/vocabulary_subsample-10006/communities.csv,2c7fc1bf0ecdf4e0b54e8a883900659646fce659cf5a1cc213ddace8bbf4e355,9842
results/leiden-v2/ablations-2026-09-26/screening/candidates/04df865daae2a855d614ef567ece96cdc99d3c59594425071c6cb56fca9139c8/stress/comparator-10007/communities.csv,35860ad06d75aa213827c577f7579793308854d3de712ade1a6a4bfaa6ae3d49,10936
results/leiden-v2/ablations-2026-09-26/screening/candidates/04df865daae2a855d614ef567ece96cdc99d3c59594425071c6cb56fca9139c8/stress/edge_removal-10007/communities.csv,ce68081d5e3f8d7ff3bfc17f7438f93dac38819d1070b68f3b16b4a5f7745041,10936
results/leiden-v2/ablations-2026-09-26/screening/candidates/04df865daae2a855d614ef567ece96cdc99d3c59594425071c6cb56fca9139c8/stress/vocabulary_subsample-10007/communities.csv,3d091ddea3e72f7f6168ec831156bedd53ee2e3fc2945cd59df2ce5944a8e2d4,9842
results/leiden-v2/ablations-2026-09-26/screening/candidates/04df865daae2a855d614ef567ece96cdc99d3c59594425071c6cb56fca9139c8/stress/comparator-10008/communities.csv,512d98b2e8846ac90a2c25496380e90c01073ffdbd3347db3eef5ebc490d2574,10936
results/leiden-v2/ablations-2026-09-26/screening/candidates/04df865daae2a855d614ef567ece96cdc99d3c59594425071c6cb56fca9139c8/stress/edge_removal-10008/communities.csv,13abe81325e2e764ce0b86421c45a925f0598af146efd1788c071d8c72ea59c0,10936
results/leiden-v2/ablations-2026-09-26/screening/candidates/04df865daae2a855d614ef567ece96cdc99d3c59594425071c6cb56fca9139c8/stress/vocabulary_subsample-10008/communities.csv,a7cb5486a3342589af66389e19a32f8a8913925d1b12f42eaeb0e7417bbb9767,9842
results/leiden-v2/ablations-2026-09-26/screening/candidates/04df865daae2a855d614ef567ece96cdc99d3c59594425071c6cb56fca9139c8/stress/comparator-10009/communities.csv,60ee61ea452dc72155d4de4ce61daf53c8f9c23cf0fe82033bbf0416c4827364,10936
results/leiden-v2/ablations-2026-09-26/screening/candidates/04df865daae2a855d614ef567ece96cdc99d3c59594425071c6cb56fca9139c8/stress/edge_removal-10009/communities.csv,e627904aad0a12b6c4d31b834bb27b55a5696d4b96465116c7996fd43a93fc98,10936
results/leiden-v2/ablations-2026-09-26/screening/candidates/04df865daae2a855d614ef567ece96cdc99d3c59594425071c6cb56fca9139c8/stress/vocabulary_subsample-10009/communities.csv,972fa5c4a148875686e9a28697805b3605e5720209a2ae0446596ab843a79831,9842
results/leiden-v2/ablations-2026-09-26/screening/candidates/04df865daae2a855d614ef567ece96cdc99d3c59594425071c6cb56fca9139c8/sensitivity/k-increase/communities.csv,75fb0aa866aaf426405524f501fd1ec34cc60d942e792a3874461037721e7ae4,10936
results/leiden-v2/ablations-2026-09-26/screening/candidates/04df865daae2a855d614ef567ece96cdc99d3c59594425071c6cb56fca9139c8/sensitivity/k-decrease/communities.csv,c1351e3860f9240574bbb614e1c54b8547ae8d9219df3e8d0e6c414727e45940,10936
results/leiden-v2/ablations-2026-09-26/screening/candidates/04df865daae2a855d614ef567ece96cdc99d3c59594425071c6cb56fca9139c8/sensitivity/resolution-increase/communities.csv,be6d63a3723ab4e564ca45f195b56c40f6b23213cc4cdb97e10446ba17cc936f,10936
results/leiden-v2/ablations-2026-09-26/screening/candidates/04df865daae2a855d614ef567ece96cdc99d3c59594425071c6cb56fca9139c8/sensitivity/resolution-decrease/communities.csv,6ddb3a1830bac79551166e40e21dddc11fd1a9ce0875b3b7d06156ab03f39716,10936
results/leiden-v2/ablations-2026-09-26/screening/candidates/61c3fb746194c654ace3b4e6a87c04c90fe768e0b3e86bc0d5d082e4bbf72766/seed-42/communities.csv,ecf907626b847ebb89b122523d1c3159027ee9bf27bfbee1259197f2fa9ebdab,10936
results/leiden-v2/ablations-2026-09-26/screening/candidates/61c3fb746194c654ace3b4e6a87c04c90fe768e0b3e86bc0d5d082e4bbf72766/seed-43/communities.csv,c690ba8fd02333191a90a3e1bd942586c43baa73ffb96839b4145b391e0d80ec,10936
results/leiden-v2/ablations-2026-09-26/screening/candidates/61c3fb746194c654ace3b4e6a87c04c90fe768e0b3e86bc0d5d082e4bbf72766/seed-44/communities.csv,de58ac6b66aa00d6517eae5da339dcfe1375dce65d39f522c376a4c7719daf5e,10936
results/leiden-v2/ablations-2026-09-26/screening/candidates/61c3fb746194c654ace3b4e6a87c04c90fe768e0b3e86bc0d5d082e4bbf72766/stress/comparator-10000/communities.csv,d30dae6e734ef501706557c4778add1d92e317eb84d6d9a8076b009258f31c4e,10936
results/leiden-v2/ablations-2026-09-26/screening/candidates/61c3fb746194c654ace3b4e6a87c04c90fe768e0b3e86bc0d5d082e4bbf72766/stress/edge_removal-10000/communities.csv,9b45c141517c542df7520e4718884c79221e0012fc40218b2aff4294ec4f8a8d,10936
results/leiden-v2/ablations-2026-09-26/screening/candidates/61c3fb746194c654ace3b4e6a87c04c90fe768e0b3e86bc0d5d082e4bbf72766/stress/vocabulary_subsample-10000/communities.csv,b0e55bda09e12b7e5e4f1b4012c969107323e6e06607399672fa27bc9c33790e,9842
results/leiden-v2/ablations-2026-09-26/screening/candidates/61c3fb746194c654ace3b4e6a87c04c90fe768e0b3e86bc0d5d082e4bbf72766/stress/comparator-10001/communities.csv,65bd0eb756b06b1371efa1d59f50bd82044309f78ad7cea1a65fb0666bbb2186,10936
results/leiden-v2/ablations-2026-09-26/screening/candidates/61c3fb746194c654ace3b4e6a87c04c90fe768e0b3e86bc0d5d082e4bbf72766/stress/edge_removal-10001/communities.csv,fdbfa1e4330d5c7020a15d09d92e8779be6782dabf90e2757b4a05046146d7d4,10936
results/leiden-v2/ablations-2026-09-26/screening/candidates/61c3fb746194c654ace3b4e6a87c04c90fe768e0b3e86bc0d5d082e4bbf72766/stress/vocabulary_subsample-10001/communities.csv,2a04a9df7483a11b986d80f72c04b4815f459446144950c80c632eeaa6c2c91d,9842
results/leiden-v2/ablations-2026-09-26/screening/candidates/61c3fb746194c654ace3b4e6a87c04c90fe768e0b3e86bc0d5d082e4bbf72766/stress/comparator-10002/communities.csv,69d911a9aac6b38319efb7deb9e5e3fc38fe55969f8152a6b29f7c16d74da591,10936
results/leiden-v2/ablations-2026-09-26/screening/candidates/61c3fb746194c654ace3b4e6a87c04c90fe768e0b3e86bc0d5d082e4bbf72766/stress/edge_removal-10002/communities.csv,7da274674de35885c44c756a080b132f5a54271aa199e12d935ecad92a8c7e60,10936
results/leiden-v2/ablations-2026-09-26/screening/candidates/61c3fb746194c654ace3b4e6a87c04c90fe768e0b3e86bc0d5d082e4bbf72766/stress/vocabulary_subsample-10002/communities.csv,35f446ac5e0a8fed210a983627793ce90ba4b6c254e76710d33c8e2033279855,9842
results/leiden-v2/ablations-2026-09-26/screening/candidates/61c3fb746194c654ace3b4e6a87c04c90fe768e0b3e86bc0d5d082e4bbf72766/stress/comparator-10003/communities.csv,fbc6c28e45204c279417d47fea779520015cfcc6b28d3ad71b345918d3af193d,10936
results/leiden-v2/ablations-2026-09-26/screening/candidates/61c3fb746194c654ace3b4e6a87c04c90fe768e0b3e86bc0d5d082e4bbf72766/stress/edge_removal-10003/communities.csv,769231c3283b812589887f5d8f28ca9dc6db92c7bd949487bf768ff88781aa60,10936
results/leiden-v2/ablations-2026-09-26/screening/candidates/61c3fb746194c654ace3b4e6a87c04c90fe768e0b3e86bc0d5d082e4bbf72766/stress/vocabulary_subsample-10003/communities.csv,7dd4b70099a91568ea9dcb78229bb39f4ade58b7eb979afc09b46cbdc973d5e8,9842
results/leiden-v2/ablations-2026-09-26/screening/candidates/61c3fb746194c654ace3b4e6a87c04c90fe768e0b3e86bc0d5d082e4bbf72766/stress/comparator-10004/communities.csv,71a62e41ba39bf833641bef3383266b0e8c04117d5920a4a8fe6d08a1da8b457,10936
results/leiden-v2/ablations-2026-09-26/screening/candidates/61c3fb746194c654ace3b4e6a87c04c90fe768e0b3e86bc0d5d082e4bbf72766/stress/edge_removal-10004/communities.csv,a68392c03dd2c21b8ff91dd7c8a58c789a6f89073216f412bbb9345b988753f7,10936
results/leiden-v2/ablations-2026-09-26/screening/candidates/61c3fb746194c654ace3b4e6a87c04c90fe768e0b3e86bc0d5d082e4bbf72766/stress/vocabulary_subsample-10004/communities.csv,37668e966c6b28adef1318162437482ab6325cf6471654b1bd6616cbc58ab212,9842
results/leiden-v2/ablations-2026-09-26/screening/candidates/61c3fb746194c654ace3b4e6a87c04c90fe768e0b3e86bc0d5d082e4bbf72766/stress/comparator-10005/communities.csv,3cdc614b90835bc076086b93f8f717699d1eefc53ac0bf5e0b77a600ec5630c5,10936
results/leiden-v2/ablations-2026-09-26/screening/candidates/61c3fb746194c654ace3b4e6a87c04c90fe768e0b3e86bc0d5d082e4bbf72766/stress/edge_removal-10005/communities.csv,ee92595d5806d24bf8b1e1c4368821841b8307c5f738f25604af1d507e036f4d,10936
results/leiden-v2/ablations-2026-09-26/screening/candidates/61c3fb746194c654ace3b4e6a87c04c90fe768e0b3e86bc0d5d082e4bbf72766/stress/vocabulary_subsample-10005/communities.csv,56342b696b96db536516ea90d7b9c3883c7644d0c75b48d7b3af29e771b3f32f,9842
results/leiden-v2/ablations-2026-09-26/screening/candidates/61c3fb746194c654ace3b4e6a87c04c90fe768e0b3e86bc0d5d082e4bbf72766/stress/comparator-10006/communities.csv,7231c3fa7fdefae2a701a39451c9c0d6e6ff496e5f9731f75c70463080b2dfb7,10936
results/leiden-v2/ablations-2026-09-26/screening/candidates/61c3fb746194c654ace3b4e6a87c04c90fe768e0b3e86bc0d5d082e4bbf72766/stress/edge_removal-10006/communities.csv,774e6b05f5e7aff835904fd00444c96af4fd37d51a472dd28ad5217779e08feb,10936
results/leiden-v2/ablations-2026-09-26/screening/candidates/61c3fb746194c654ace3b4e6a87c04c90fe768e0b3e86bc0d5d082e4bbf72766/stress/vocabulary_subsample-10006/communities.csv,c78942eba8d42331b7ea1f50c9630b73bdb96f251b49cea8b7ebf3314a143892,9842
results/leiden-v2/ablations-2026-09-26/screening/candidates/61c3fb746194c654ace3b4e6a87c04c90fe768e0b3e86bc0d5d082e4bbf72766/stress/comparator-10007/communities.csv,c79721bb6f6ecce507511014f8143b3572f25c6940d0b221f9e569cb932180ad,10936
results/leiden-v2/ablations-2026-09-26/screening/candidates/61c3fb746194c654ace3b4e6a87c04c90fe768e0b3e86bc0d5d082e4bbf72766/stress/edge_removal-10007/communities.csv,e3d60f55b9340b40110e7578869345bd75a1d9d8dac25c4c03810060fd165507,10936
results/leiden-v2/ablations-2026-09-26/screening/candidates/61c3fb746194c654ace3b4e6a87c04c90fe768e0b3e86bc0d5d082e4bbf72766/stress/vocabulary_subsample-10007/communities.csv,15a9fdfe47e3f319e2b2a5685469b4f73ba1d258b3035124ea5b29da30828f5b,9842
results/leiden-v2/ablations-2026-09-26/screening/candidates/61c3fb746194c654ace3b4e6a87c04c90fe768e0b3e86bc0d5d082e4bbf72766/stress/comparator-10008/communities.csv,a9e08bd6b933f5af86bb99322ee93e40547c3f49362b019d2270856e9310ab80,10936
results/leiden-v2/ablations-2026-09-26/screening/candidates/61c3fb746194c654ace3b4e6a87c04c90fe768e0b3e86bc0d5d082e4bbf72766/stress/edge_removal-10008/communities.csv,61e431173e0a252ffed67b058ff14468d5df603e125a25921f9539f7d2631ce8,10936
results/leiden-v2/ablations-2026-09-26/screening/candidates/61c3fb746194c654ace3b4e6a87c04c90fe768e0b3e86bc0d5d082e4bbf72766/stress/vocabulary_subsample-10008/communities.csv,f33c05630476355a0ac171c04b831072844082eb21f53276d3ba5a638a4652fe,9842
results/leiden-v2/ablations-2026-09-26/screening/candidates/61c3fb746194c654ace3b4e6a87c04c90fe768e0b3e86bc0d5d082e4bbf72766/stress/comparator-10009/communities.csv,3347dc463228b638fad68397d3cfa65ff67c22c94063bf412ba8261f516444fc,10936
results/leiden-v2/ablations-2026-09-26/screening/candidates/61c3fb746194c654ace3b4e6a87c04c90fe768e0b3e86bc0d5d082e4bbf72766/stress/edge_removal-10009/communities.csv,b0b319b3563c337100789a90d5e06548d1a5db8958f9ad2d09acaab6b7307f18,10936
results/leiden-v2/ablations-2026-09-26/screening/candidates/61c3fb746194c654ace3b4e6a87c04c90fe768e0b3e86bc0d5d082e4bbf72766/stress/vocabulary_subsample-10009/communities.csv,ad909b41342a5596174b3da849cdb61639e1fd4c2ec8a177f99ddc5951c83492,9842
results/leiden-v2/ablations-2026-09-26/screening/candidates/61c3fb746194c654ace3b4e6a87c04c90fe768e0b3e86bc0d5d082e4bbf72766/sensitivity/k-increase/communities.csv,ae5d0dd94d03f02cbaf23d689217a388534c650d3595484667620079f0e7b8e9,10936
results/leiden-v2/ablations-2026-09-26/screening/candidates/61c3fb746194c654ace3b4e6a87c04c90fe768e0b3e86bc0d5d082e4bbf72766/sensitivity/k-decrease/communities.csv,584140695598084ea8fd35dd3cb70ad726fcc0168570a11b124f757413b88b47,10936
results/leiden-v2/ablations-2026-09-26/screening/candidates/61c3fb746194c654ace3b4e6a87c04c90fe768e0b3e86bc0d5d082e4bbf72766/sensitivity/resolution-increase/communities.csv,74caa296b3e43e5789400db64ff7604d3f2c4e264193120a4f937c92ce744636,10936
results/leiden-v2/ablations-2026-09-26/screening/candidates/61c3fb746194c654ace3b4e6a87c04c90fe768e0b3e86bc0d5d082e4bbf72766/sensitivity/resolution-decrease/communities.csv,1783ad48a9e48f8f0a7070f0bd540a0918d273d145535c68a6496861ba8a4d85,10936
results/leiden-v2/ablations-2026-09-26/screening/candidates/a350e7b700819901e3b6c6f02f3f8f07badde82e4cd8ae6077d550357d90b3ec/seed-42/communities.csv,ca7250d8b94aea29e2282a3e9e73e43bfc6bb8d6a7ba2420d2d5c483ee196d7a,10936
results/leiden-v2/ablations-2026-09-26/screening/candidates/a350e7b700819901e3b6c6f02f3f8f07badde82e4cd8ae6077d550357d90b3ec/seed-43/communities.csv,39bad9adc7ea07321aaa7f91858aea8bf1f404e567205ad2d2bb18937a83800f,10936
results/leiden-v2/ablations-2026-09-26/screening/candidates/a350e7b700819901e3b6c6f02f3f8f07badde82e4cd8ae6077d550357d90b3ec/seed-44/communities.csv,b762d7dcf1994a6a092b905acacad4847b19bc4c5a26aeae1f3c7668cff447e3,10936
results/leiden-v2/ablations-2026-09-26/screening/candidates/a350e7b700819901e3b6c6f02f3f8f07badde82e4cd8ae6077d550357d90b3ec/stress/comparator-10000/communities.csv,b95df9d20f17c58041f50aee1cf6282fdcd050f754e6815ec92198d441fe5c4a,10936
results/leiden-v2/ablations-2026-09-26/screening/candidates/a350e7b700819901e3b6c6f02f3f8f07badde82e4cd8ae6077d550357d90b3ec/stress/edge_removal-10000/communities.csv,a3f939c9418a535f92adb02f4a5fda273f26fff73aa142bdae895930a85f9627,10936
results/leiden-v2/ablations-2026-09-26/screening/candidates/a350e7b700819901e3b6c6f02f3f8f07badde82e4cd8ae6077d550357d90b3ec/stress/vocabulary_subsample-10000/communities.csv,2c8d4181a9619e6e1481aecc993987db6c048657101b0df24a1b8a24b9dddb2b,9842
results/leiden-v2/ablations-2026-09-26/screening/candidates/a350e7b700819901e3b6c6f02f3f8f07badde82e4cd8ae6077d550357d90b3ec/stress/comparator-10001/communities.csv,102977a23bd02ec27dee157ffd3c2ceb1adb53266a61057650bcb0c505885704,10936
results/leiden-v2/ablations-2026-09-26/screening/candidates/a350e7b700819901e3b6c6f02f3f8f07badde82e4cd8ae6077d550357d90b3ec/stress/edge_removal-10001/communities.csv,a96b67867d63b4c9bdf2d64b82dcd027115582c52080da25fdc1069489a396b0,10936
results/leiden-v2/ablations-2026-09-26/screening/candidates/a350e7b700819901e3b6c6f02f3f8f07badde82e4cd8ae6077d550357d90b3ec/stress/vocabulary_subsample-10001/communities.csv,274acd4a029c71bb73c2bdf5198eab185df902a8ac84cb42ee81ed4f5fc9d29b,9842
results/leiden-v2/ablations-2026-09-26/screening/candidates/a350e7b700819901e3b6c6f02f3f8f07badde82e4cd8ae6077d550357d90b3ec/stress/comparator-10002/communities.csv,dcef6df367d21de58d9a1ea81fde19b176e90558d533b3959d4a989aedea6c61,10936
results/leiden-v2/ablations-2026-09-26/screening/candidates/a350e7b700819901e3b6c6f02f3f8f07badde82e4cd8ae6077d550357d90b3ec/stress/edge_removal-10002/communities.csv,3f7148c8ff079776cb1e8e7de479a8d24aaa3ed0af2b684f858ff7c6cf79c73a,10936
results/leiden-v2/ablations-2026-09-26/screening/candidates/a350e7b700819901e3b6c6f02f3f8f07badde82e4cd8ae6077d550357d90b3ec/stress/vocabulary_subsample-10002/communities.csv,c74c9e4f73b61c8749be1f47e820cbfd50177f5ad50d1b3139b693c617a3156e,9842
results/leiden-v2/ablations-2026-09-26/screening/candidates/a350e7b700819901e3b6c6f02f3f8f07badde82e4cd8ae6077d550357d90b3ec/stress/comparator-10003/communities.csv,d23a94cff74ccbda9364b7d47f52f88b3413d5082db50e05240f0c91d1613106,10936
results/leiden-v2/ablations-2026-09-26/screening/candidates/a350e7b700819901e3b6c6f02f3f8f07badde82e4cd8ae6077d550357d90b3ec/stress/edge_removal-10003/communities.csv,a74b1d92e807d8db7872d2d9caab3784dd3814103032a842c0190ca5d48dbc7a,10936
results/leiden-v2/ablations-2026-09-26/screening/candidates/a350e7b700819901e3b6c6f02f3f8f07badde82e4cd8ae6077d550357d90b3ec/stress/vocabulary_subsample-10003/communities.csv,5932399c96e0aa10badf378ff69854de87c4386ca95302dfa736f90ed9087bc5,9842
results/leiden-v2/ablations-2026-09-26/screening/candidates/a350e7b700819901e3b6c6f02f3f8f07badde82e4cd8ae6077d550357d90b3ec/stress/comparator-10004/communities.csv,a220af51b6931d5cc848c8963349c93ab4b04124d7b7404331b78083965da1b9,10936
results/leiden-v2/ablations-2026-09-26/screening/candidates/a350e7b700819901e3b6c6f02f3f8f07badde82e4cd8ae6077d550357d90b3ec/stress/edge_removal-10004/communities.csv,898885ecf5071db51682ac0a9a200278809123875cf949afe7caf5d0c365753a,10936
results/leiden-v2/ablations-2026-09-26/screening/candidates/a350e7b700819901e3b6c6f02f3f8f07badde82e4cd8ae6077d550357d90b3ec/stress/vocabulary_subsample-10004/communities.csv,31a3337d7fafdfa85fdf6b051ddd487d761c69f2bc35500f5487b78afcb99e2b,9842
results/leiden-v2/ablations-2026-09-26/screening/candidates/a350e7b700819901e3b6c6f02f3f8f07badde82e4cd8ae6077d550357d90b3ec/stress/comparator-10005/communities.csv,5705405943d858c43c8b35aa26ae96684c9a8b89e3333dae32bdf167ee55975c,10936
results/leiden-v2/ablations-2026-09-26/screening/candidates/a350e7b700819901e3b6c6f02f3f8f07badde82e4cd8ae6077d550357d90b3ec/stress/edge_removal-10005/communities.csv,113e5afd571c25e96d9f4eca5e5dc212e6f543a99f86e420ad5fe22b81eaa207,10936
results/leiden-v2/ablations-2026-09-26/screening/candidates/a350e7b700819901e3b6c6f02f3f8f07badde82e4cd8ae6077d550357d90b3ec/stress/vocabulary_subsample-10005/communities.csv,920ed1575bd69cf35fcb46d42336f402d0ac64abde8f256cfa096014fa54feef,9842
results/leiden-v2/ablations-2026-09-26/screening/candidates/a350e7b700819901e3b6c6f02f3f8f07badde82e4cd8ae6077d550357d90b3ec/stress/comparator-10006/communities.csv,82b2b45b1493030f7341bb08aba1d89180ea940aa2bc6a3b71fe5146f56f8af6,10936
results/leiden-v2/ablations-2026-09-26/screening/candidates/a350e7b700819901e3b6c6f02f3f8f07badde82e4cd8ae6077d550357d90b3ec/stress/edge_removal-10006/communities.csv,1e99b6ff51e1def5a3c9fb13981a840950573f7a350197353d1eddcf2fd6bb3c,10936
results/leiden-v2/ablations-2026-09-26/screening/candidates/a350e7b700819901e3b6c6f02f3f8f07badde82e4cd8ae6077d550357d90b3ec/stress/vocabulary_subsample-10006/communities.csv,58a993a584b6e2b2f32487b34a7b31c2311e15e0727e5f8708330f1612f89104,9842
results/leiden-v2/ablations-2026-09-26/screening/candidates/a350e7b700819901e3b6c6f02f3f8f07badde82e4cd8ae6077d550357d90b3ec/stress/comparator-10007/communities.csv,463a8d95d6bdaa510a0b9d8246bef8156e17329c54bfaf923501611f80a8d068,10936
results/leiden-v2/ablations-2026-09-26/screening/candidates/a350e7b700819901e3b6c6f02f3f8f07badde82e4cd8ae6077d550357d90b3ec/stress/edge_removal-10007/communities.csv,c5dab7334f59c3ea96c7b88b446dfa53400aab6dd100ad8ce1250d72f7af2adc,10936
results/leiden-v2/ablations-2026-09-26/screening/candidates/a350e7b700819901e3b6c6f02f3f8f07badde82e4cd8ae6077d550357d90b3ec/stress/vocabulary_subsample-10007/communities.csv,2e70d2da55329d2deeff809672fae69aebb14ce8795dc6f24de8ce5570853787,9842
results/leiden-v2/ablations-2026-09-26/screening/candidates/a350e7b700819901e3b6c6f02f3f8f07badde82e4cd8ae6077d550357d90b3ec/stress/comparator-10008/communities.csv,bd03eabb204a9dd5697a108c89c23ca1ef76210bd23ca06978f1e9115f285a96,10936
results/leiden-v2/ablations-2026-09-26/screening/candidates/a350e7b700819901e3b6c6f02f3f8f07badde82e4cd8ae6077d550357d90b3ec/stress/edge_removal-10008/communities.csv,739f322497bf6a8544f2fa109e37f13e3fcb3a76f86c9d8bc462a5cbacef0162,10936
results/leiden-v2/ablations-2026-09-26/screening/candidates/a350e7b700819901e3b6c6f02f3f8f07badde82e4cd8ae6077d550357d90b3ec/stress/vocabulary_subsample-10008/communities.csv,f9b5517adc397f8449b61073f7d6ea26ec0bbea7800952f29bb3bc9022877c02,9842
results/leiden-v2/ablations-2026-09-26/screening/candidates/a350e7b700819901e3b6c6f02f3f8f07badde82e4cd8ae6077d550357d90b3ec/stress/comparator-10009/communities.csv,7485d38add56009d99ae08b04452baa2e2cefe3279b6b1d3a1bbdde91b9d50d9,10936
results/leiden-v2/ablations-2026-09-26/screening/candidates/a350e7b700819901e3b6c6f02f3f8f07badde82e4cd8ae6077d550357d90b3ec/stress/edge_removal-10009/communities.csv,b46f8bedec322e931c71f8292c6402d6b0dc2250ed6027c96322584ea85ad0fc,10936
results/leiden-v2/ablations-2026-09-26/screening/candidates/a350e7b700819901e3b6c6f02f3f8f07badde82e4cd8ae6077d550357d90b3ec/stress/vocabulary_subsample-10009/communities.csv,9126803ced8779c8485ada7ca70f64beb776005bb7fa2bd90205824d9c1b1d48,9842
results/leiden-v2/ablations-2026-09-26/screening/candidates/a350e7b700819901e3b6c6f02f3f8f07badde82e4cd8ae6077d550357d90b3ec/sensitivity/k-increase/communities.csv,21896d5ca9d4071c6339463be0e7f2d9e484914091712612187c20080dc745ac,10936
results/leiden-v2/ablations-2026-09-26/screening/candidates/a350e7b700819901e3b6c6f02f3f8f07badde82e4cd8ae6077d550357d90b3ec/sensitivity/k-decrease/communities.csv,52b02f46aaf8b5a11580a048788e2bf5229f58d42f8d2e882cc87cc5096f7e8f,10936
results/leiden-v2/ablations-2026-09-26/screening/candidates/a350e7b700819901e3b6c6f02f3f8f07badde82e4cd8ae6077d550357d90b3ec/sensitivity/resolution-increase/communities.csv,7b4263a9527ab81c5a1337d3d5cdd329495785a18dd794d15b45fb5bbe91dc4a,10936
results/leiden-v2/ablations-2026-09-26/screening/candidates/a350e7b700819901e3b6c6f02f3f8f07badde82e4cd8ae6077d550357d90b3ec/sensitivity/resolution-decrease/communities.csv,8417f7df4257687184405528757a34a26afde755f1df6df05f09d40b1b784811,10936
results/leiden-v2/ablations-2026-09-26/screening/candidates/b50f8452ebf4c223e55cff82d44f43b6c61a37618d03248f3ed0e5a5001ea7cd/seed-42/communities.csv,ede533b021b093bceeceb00236826b804d8d3903bc665b66b418c2dc5cae3264,10936
results/leiden-v2/ablations-2026-09-26/screening/candidates/b50f8452ebf4c223e55cff82d44f43b6c61a37618d03248f3ed0e5a5001ea7cd/seed-43/communities.csv,ede533b021b093bceeceb00236826b804d8d3903bc665b66b418c2dc5cae3264,10936
results/leiden-v2/ablations-2026-09-26/screening/candidates/b50f8452ebf4c223e55cff82d44f43b6c61a37618d03248f3ed0e5a5001ea7cd/seed-44/communities.csv,ede533b021b093bceeceb00236826b804d8d3903bc665b66b418c2dc5cae3264,10936
results/leiden-v2/ablations-2026-09-26/screening/candidates/b50f8452ebf4c223e55cff82d44f43b6c61a37618d03248f3ed0e5a5001ea7cd/stress/comparator-10000/communities.csv,ede533b021b093bceeceb00236826b804d8d3903bc665b66b418c2dc5cae3264,10936
results/leiden-v2/ablations-2026-09-26/screening/candidates/b50f8452ebf4c223e55cff82d44f43b6c61a37618d03248f3ed0e5a5001ea7cd/stress/edge_removal-10000/communities.csv,ede533b021b093bceeceb00236826b804d8d3903bc665b66b418c2dc5cae3264,10936
results/leiden-v2/ablations-2026-09-26/screening/candidates/b50f8452ebf4c223e55cff82d44f43b6c61a37618d03248f3ed0e5a5001ea7cd/stress/vocabulary_subsample-10000/communities.csv,ec5063c8cc04f03895b44b428aa49b363f256368d63b0af664ba48522257ad46,9842
results/leiden-v2/ablations-2026-09-26/screening/candidates/b50f8452ebf4c223e55cff82d44f43b6c61a37618d03248f3ed0e5a5001ea7cd/stress/comparator-10001/communities.csv,ede533b021b093bceeceb00236826b804d8d3903bc665b66b418c2dc5cae3264,10936
results/leiden-v2/ablations-2026-09-26/screening/candidates/b50f8452ebf4c223e55cff82d44f43b6c61a37618d03248f3ed0e5a5001ea7cd/stress/edge_removal-10001/communities.csv,ede533b021b093bceeceb00236826b804d8d3903bc665b66b418c2dc5cae3264,10936
results/leiden-v2/ablations-2026-09-26/screening/candidates/b50f8452ebf4c223e55cff82d44f43b6c61a37618d03248f3ed0e5a5001ea7cd/stress/vocabulary_subsample-10001/communities.csv,2917953a07803bc6be659e856150cf880189b92de3773d58ef2088b674d97460,9842
results/leiden-v2/ablations-2026-09-26/screening/candidates/b50f8452ebf4c223e55cff82d44f43b6c61a37618d03248f3ed0e5a5001ea7cd/stress/comparator-10002/communities.csv,ede533b021b093bceeceb00236826b804d8d3903bc665b66b418c2dc5cae3264,10936
results/leiden-v2/ablations-2026-09-26/screening/candidates/b50f8452ebf4c223e55cff82d44f43b6c61a37618d03248f3ed0e5a5001ea7cd/stress/edge_removal-10002/communities.csv,ede533b021b093bceeceb00236826b804d8d3903bc665b66b418c2dc5cae3264,10936
results/leiden-v2/ablations-2026-09-26/screening/candidates/b50f8452ebf4c223e55cff82d44f43b6c61a37618d03248f3ed0e5a5001ea7cd/stress/vocabulary_subsample-10002/communities.csv,fbaddf7ba1cd06ec633af701c93d35be0c3132361b33e24ba91cf4298ee82960,9842
results/leiden-v2/ablations-2026-09-26/screening/candidates/b50f8452ebf4c223e55cff82d44f43b6c61a37618d03248f3ed0e5a5001ea7cd/stress/comparator-10003/communities.csv,ede533b021b093bceeceb00236826b804d8d3903bc665b66b418c2dc5cae3264,10936
results/leiden-v2/ablations-2026-09-26/screening/candidates/b50f8452ebf4c223e55cff82d44f43b6c61a37618d03248f3ed0e5a5001ea7cd/stress/edge_removal-10003/communities.csv,ede533b021b093bceeceb00236826b804d8d3903bc665b66b418c2dc5cae3264,10936
results/leiden-v2/ablations-2026-09-26/screening/candidates/b50f8452ebf4c223e55cff82d44f43b6c61a37618d03248f3ed0e5a5001ea7cd/stress/vocabulary_subsample-10003/communities.csv,04e3064dbe7d14787d7de1db0ebda65eb0312f25c0a312ea95009076e5bb644f,9842
results/leiden-v2/ablations-2026-09-26/screening/candidates/b50f8452ebf4c223e55cff82d44f43b6c61a37618d03248f3ed0e5a5001ea7cd/stress/comparator-10004/communities.csv,ede533b021b093bceeceb00236826b804d8d3903bc665b66b418c2dc5cae3264,10936
results/leiden-v2/ablations-2026-09-26/screening/candidates/b50f8452ebf4c223e55cff82d44f43b6c61a37618d03248f3ed0e5a5001ea7cd/stress/edge_removal-10004/communities.csv,ede533b021b093bceeceb00236826b804d8d3903bc665b66b418c2dc5cae3264,10936
results/leiden-v2/ablations-2026-09-26/screening/candidates/b50f8452ebf4c223e55cff82d44f43b6c61a37618d03248f3ed0e5a5001ea7cd/stress/vocabulary_subsample-10004/communities.csv,9680676d2500ce182cb9c04c94c35eeabe904a79637304ef0ad5d6e581802cc3,9842
results/leiden-v2/ablations-2026-09-26/screening/candidates/b50f8452ebf4c223e55cff82d44f43b6c61a37618d03248f3ed0e5a5001ea7cd/stress/comparator-10005/communities.csv,ede533b021b093bceeceb00236826b804d8d3903bc665b66b418c2dc5cae3264,10936
results/leiden-v2/ablations-2026-09-26/screening/candidates/b50f8452ebf4c223e55cff82d44f43b6c61a37618d03248f3ed0e5a5001ea7cd/stress/edge_removal-10005/communities.csv,ede533b021b093bceeceb00236826b804d8d3903bc665b66b418c2dc5cae3264,10936
results/leiden-v2/ablations-2026-09-26/screening/candidates/b50f8452ebf4c223e55cff82d44f43b6c61a37618d03248f3ed0e5a5001ea7cd/stress/vocabulary_subsample-10005/communities.csv,f5f546912c415d94e5c8469463b04c936de642c90655fd233a0daf7bb95ead35,9842
results/leiden-v2/ablations-2026-09-26/screening/candidates/b50f8452ebf4c223e55cff82d44f43b6c61a37618d03248f3ed0e5a5001ea7cd/stress/comparator-10006/communities.csv,ede533b021b093bceeceb00236826b804d8d3903bc665b66b418c2dc5cae3264,10936
results/leiden-v2/ablations-2026-09-26/screening/candidates/b50f8452ebf4c223e55cff82d44f43b6c61a37618d03248f3ed0e5a5001ea7cd/stress/edge_removal-10006/communities.csv,ede533b021b093bceeceb00236826b804d8d3903bc665b66b418c2dc5cae3264,10936
results/leiden-v2/ablations-2026-09-26/screening/candidates/b50f8452ebf4c223e55cff82d44f43b6c61a37618d03248f3ed0e5a5001ea7cd/stress/vocabulary_subsample-10006/communities.csv,74cfee99238affdf707d11bb1dec734b6b0bfa447152dfaded2bb660dd7240fe,9842
results/leiden-v2/ablations-2026-09-26/screening/candidates/b50f8452ebf4c223e55cff82d44f43b6c61a37618d03248f3ed0e5a5001ea7cd/stress/comparator-10007/communities.csv,ede533b021b093bceeceb00236826b804d8d3903bc665b66b418c2dc5cae3264,10936
results/leiden-v2/ablations-2026-09-26/screening/candidates/b50f8452ebf4c223e55cff82d44f43b6c61a37618d03248f3ed0e5a5001ea7cd/stress/edge_removal-10007/communities.csv,ede533b021b093bceeceb00236826b804d8d3903bc665b66b418c2dc5cae3264,10936
results/leiden-v2/ablations-2026-09-26/screening/candidates/b50f8452ebf4c223e55cff82d44f43b6c61a37618d03248f3ed0e5a5001ea7cd/stress/vocabulary_subsample-10007/communities.csv,9e93bb73c3f98d3f1159b4a625ad7f92cabdb8145c1a8012163dfae83b2f183c,9842
results/leiden-v2/ablations-2026-09-26/screening/candidates/b50f8452ebf4c223e55cff82d44f43b6c61a37618d03248f3ed0e5a5001ea7cd/stress/comparator-10008/communities.csv,ede533b021b093bceeceb00236826b804d8d3903bc665b66b418c2dc5cae3264,10936
results/leiden-v2/ablations-2026-09-26/screening/candidates/b50f8452ebf4c223e55cff82d44f43b6c61a37618d03248f3ed0e5a5001ea7cd/stress/edge_removal-10008/communities.csv,ede533b021b093bceeceb00236826b804d8d3903bc665b66b418c2dc5cae3264,10936
results/leiden-v2/ablations-2026-09-26/screening/candidates/b50f8452ebf4c223e55cff82d44f43b6c61a37618d03248f3ed0e5a5001ea7cd/stress/vocabulary_subsample-10008/communities.csv,62e81d8973fd9ee4eb0408ec233c93640f33cbec9102d3d94d3d676d5b371a71,9842
results/leiden-v2/ablations-2026-09-26/screening/candidates/b50f8452ebf4c223e55cff82d44f43b6c61a37618d03248f3ed0e5a5001ea7cd/stress/comparator-10009/communities.csv,ede533b021b093bceeceb00236826b804d8d3903bc665b66b418c2dc5cae3264,10936
results/leiden-v2/ablations-2026-09-26/screening/candidates/b50f8452ebf4c223e55cff82d44f43b6c61a37618d03248f3ed0e5a5001ea7cd/stress/edge_removal-10009/communities.csv,ede533b021b093bceeceb00236826b804d8d3903bc665b66b418c2dc5cae3264,10936
results/leiden-v2/ablations-2026-09-26/screening/candidates/b50f8452ebf4c223e55cff82d44f43b6c61a37618d03248f3ed0e5a5001ea7cd/stress/vocabulary_subsample-10009/communities.csv,6f0de88fd6ffbd513245740362871b24cfac031affc55cbb563344f4961ccd71,9842
results/leiden-v2/ablations-2026-09-26/screening/candidates/8a419abcbb75a5a1468eecc332236ec36cce3f3654d6104c39f841ecaa88b6df/seed-42/communities.csv,2b52470984b7a22ef108ea2cf15678e9ff495d741cfa074e20e22a17fca059bf,10936
results/leiden-v2/ablations-2026-09-26/screening/candidates/8a419abcbb75a5a1468eecc332236ec36cce3f3654d6104c39f841ecaa88b6df/seed-43/communities.csv,e74457ea54911cb6c314b3d73c108bc151acacc68f282bc11d4de1f18a689918,10936
results/leiden-v2/ablations-2026-09-26/screening/candidates/8a419abcbb75a5a1468eecc332236ec36cce3f3654d6104c39f841ecaa88b6df/seed-44/communities.csv,e9d5c14739675419dd09b7efb94cae0d02eb4c91f3bf0d9e5d6710a907c2fac0,10936
results/leiden-v2/ablations-2026-09-26/screening/candidates/8a419abcbb75a5a1468eecc332236ec36cce3f3654d6104c39f841ecaa88b6df/stress/comparator-10000/communities.csv,7b5aa9562a6ea8525417335878a57e9a65d943f775092537d8480d9459a6b04e,10936
results/leiden-v2/ablations-2026-09-26/screening/candidates/8a419abcbb75a5a1468eecc332236ec36cce3f3654d6104c39f841ecaa88b6df/stress/edge_removal-10000/communities.csv,de3a2f7dc89321e01b69f4037b6183d5da5d79fd1cbf76db88834cf6e3d00a8c,10936
results/leiden-v2/ablations-2026-09-26/screening/candidates/8a419abcbb75a5a1468eecc332236ec36cce3f3654d6104c39f841ecaa88b6df/stress/vocabulary_subsample-10000/communities.csv,8368a4615d9c9cb64007e0621e34642c3278bcd45a2600223504ba2b0697c8f9,9842
results/leiden-v2/ablations-2026-09-26/screening/candidates/8a419abcbb75a5a1468eecc332236ec36cce3f3654d6104c39f841ecaa88b6df/stress/comparator-10001/communities.csv,94e81b189c082267a155188247939474ae9b5f4d64ee981a14e748cca64ae7a3,10936
results/leiden-v2/ablations-2026-09-26/screening/candidates/8a419abcbb75a5a1468eecc332236ec36cce3f3654d6104c39f841ecaa88b6df/stress/edge_removal-10001/communities.csv,499beb3c57f9fbe384ee95176659038385bd8652f099a08be99b7b49fec0dea3,10936
results/leiden-v2/ablations-2026-09-26/screening/candidates/8a419abcbb75a5a1468eecc332236ec36cce3f3654d6104c39f841ecaa88b6df/stress/vocabulary_subsample-10001/communities.csv,19c38d7309418390e3da4df0389c980b0bbfc51bcadd708f1d681b086316bb50,9842
results/leiden-v2/ablations-2026-09-26/screening/candidates/8a419abcbb75a5a1468eecc332236ec36cce3f3654d6104c39f841ecaa88b6df/stress/comparator-10002/communities.csv,c13eaabb445a4f45b1180021446d622227729d46f53e046a60b42b4153fbbde9,10936
results/leiden-v2/ablations-2026-09-26/screening/candidates/8a419abcbb75a5a1468eecc332236ec36cce3f3654d6104c39f841ecaa88b6df/stress/edge_removal-10002/communities.csv,67f83a71ded16db205731ed56474e3971ecd6c5da70170460e9c24c2cf57cfc9,10936
results/leiden-v2/ablations-2026-09-26/screening/candidates/8a419abcbb75a5a1468eecc332236ec36cce3f3654d6104c39f841ecaa88b6df/stress/vocabulary_subsample-10002/communities.csv,390d9174bfaf022cd23a7b25f887cedacf681f125cf2f9a8309d91860637bff4,9842
results/leiden-v2/ablations-2026-09-26/screening/candidates/8a419abcbb75a5a1468eecc332236ec36cce3f3654d6104c39f841ecaa88b6df/stress/comparator-10003/communities.csv,dd470d6509fe9f75e0197e4328f604ac8ebd430b76da7aab26bd406223f14f40,10936
results/leiden-v2/ablations-2026-09-26/screening/candidates/8a419abcbb75a5a1468eecc332236ec36cce3f3654d6104c39f841ecaa88b6df/stress/edge_removal-10003/communities.csv,844cde26c95b3b5f97ae8a6fac651f748d56fe057eb65c13cb5a9470d1372ce0,10936
results/leiden-v2/ablations-2026-09-26/screening/candidates/8a419abcbb75a5a1468eecc332236ec36cce3f3654d6104c39f841ecaa88b6df/stress/vocabulary_subsample-10003/communities.csv,cf0f60e6ab4d1f11d9ac429fea29e596e6119fe445c26352c43233f27b51a9f4,9842
results/leiden-v2/ablations-2026-09-26/screening/candidates/8a419abcbb75a5a1468eecc332236ec36cce3f3654d6104c39f841ecaa88b6df/stress/comparator-10004/communities.csv,95b6bf8515d5469b296dbad7e2b2786314d971d5b0326c42c713fb2ec2202684,10936
results/leiden-v2/ablations-2026-09-26/screening/candidates/8a419abcbb75a5a1468eecc332236ec36cce3f3654d6104c39f841ecaa88b6df/stress/edge_removal-10004/communities.csv,576911a173191f7c609d60b25f91a4d08a86d811e1e823804156cd60e01655f3,10936
results/leiden-v2/ablations-2026-09-26/screening/candidates/8a419abcbb75a5a1468eecc332236ec36cce3f3654d6104c39f841ecaa88b6df/stress/vocabulary_subsample-10004/communities.csv,f4f84d1ab2ff6d858754da5234dbb86d8fb0bf5882afb3e0e74130c875c8f005,9842
results/leiden-v2/ablations-2026-09-26/screening/candidates/8a419abcbb75a5a1468eecc332236ec36cce3f3654d6104c39f841ecaa88b6df/stress/comparator-10005/communities.csv,9a2d77054904a04c9e67c0185974f5843ba228ade14a80132351ee9d5e2e4a9a,10936
results/leiden-v2/ablations-2026-09-26/screening/candidates/8a419abcbb75a5a1468eecc332236ec36cce3f3654d6104c39f841ecaa88b6df/stress/edge_removal-10005/communities.csv,e84d70f54a2e1b3c09d3264875573c8ddbec3b963fd210ddec41204ef880a081,10936
results/leiden-v2/ablations-2026-09-26/screening/candidates/8a419abcbb75a5a1468eecc332236ec36cce3f3654d6104c39f841ecaa88b6df/stress/vocabulary_subsample-10005/communities.csv,f4b9137a165d26e2b5b33c228a887370124837d02fb2b87c1ba0f2756bc87b01,9842
results/leiden-v2/ablations-2026-09-26/screening/candidates/8a419abcbb75a5a1468eecc332236ec36cce3f3654d6104c39f841ecaa88b6df/stress/comparator-10006/communities.csv,5c441d2bb85414a3e21ec156134aa055f7e4b9dbdb5b52f048bd1e7c843e9cd2,10936
results/leiden-v2/ablations-2026-09-26/screening/candidates/8a419abcbb75a5a1468eecc332236ec36cce3f3654d6104c39f841ecaa88b6df/stress/edge_removal-10006/communities.csv,1318a5c6e76aafe7aea96d4535fabeeeefa717185726b1ef789caddb9463e1cc,10936
results/leiden-v2/ablations-2026-09-26/screening/candidates/8a419abcbb75a5a1468eecc332236ec36cce3f3654d6104c39f841ecaa88b6df/stress/vocabulary_subsample-10006/communities.csv,778e0a82a01af2dfcf625fe6432910ed83c824d664582053e441dc0dcb0e539f,9842
results/leiden-v2/ablations-2026-09-26/screening/candidates/8a419abcbb75a5a1468eecc332236ec36cce3f3654d6104c39f841ecaa88b6df/stress/comparator-10007/communities.csv,9e2586dfe5f385cffdac5956922fbd9fe367f4be6547d14129edff2b9dadd8f7,10936
results/leiden-v2/ablations-2026-09-26/screening/candidates/8a419abcbb75a5a1468eecc332236ec36cce3f3654d6104c39f841ecaa88b6df/stress/edge_removal-10007/communities.csv,8c1146a5be9d2d54347b2bbf72aa2fb8e5ad6e8b213a3b8c1c699ecb2f88738d,10936
results/leiden-v2/ablations-2026-09-26/screening/candidates/8a419abcbb75a5a1468eecc332236ec36cce3f3654d6104c39f841ecaa88b6df/stress/vocabulary_subsample-10007/communities.csv,7836bc29f37a15aa66c7203c3f0e904220aadd05ee588390f4c4d8620b20ca95,9842
results/leiden-v2/ablations-2026-09-26/screening/candidates/8a419abcbb75a5a1468eecc332236ec36cce3f3654d6104c39f841ecaa88b6df/stress/comparator-10008/communities.csv,3973793488681a9546afbc251b39a50fb837e757ceb84c346c5edc7764e23ce3,10936
results/leiden-v2/ablations-2026-09-26/screening/candidates/8a419abcbb75a5a1468eecc332236ec36cce3f3654d6104c39f841ecaa88b6df/stress/edge_removal-10008/communities.csv,8d66fa415e6af16003d04fe65fbe6a77e4dd68d1cd22e5789f208fb04d77a904,10936
results/leiden-v2/ablations-2026-09-26/screening/candidates/8a419abcbb75a5a1468eecc332236ec36cce3f3654d6104c39f841ecaa88b6df/stress/vocabulary_subsample-10008/communities.csv,d0b3739c4420950edd2409878a96d32a28c04dd73ef6679f834d5d5f938254a8,9842
results/leiden-v2/ablations-2026-09-26/screening/candidates/8a419abcbb75a5a1468eecc332236ec36cce3f3654d6104c39f841ecaa88b6df/stress/comparator-10009/communities.csv,78fec6ea8472e3d7f4e02f7ada884c4d7161b5b893520c4a1cac5b343b409997,10936
results/leiden-v2/ablations-2026-09-26/screening/candidates/8a419abcbb75a5a1468eecc332236ec36cce3f3654d6104c39f841ecaa88b6df/stress/edge_removal-10009/communities.csv,502d13d2cd554bea384ba28beba51fa4f309fc7d76986a6badea8c58fbcf99be,10936
results/leiden-v2/ablations-2026-09-26/screening/candidates/8a419abcbb75a5a1468eecc332236ec36cce3f3654d6104c39f841ecaa88b6df/stress/vocabulary_subsample-10009/communities.csv,55f53ee508e54e37c6988c798b39ac9ee4c0ee11ab2b54acf5dc55a66ed03b71,9842
results/leiden-v2/ablations-2026-09-26/screening/candidates/77a70a7b85826be9e3716acb2359d7d83472bebb1329328358d8a40d702bd135/seed-42/communities.csv,a4a453dad6aea41de816ddddd6c292cf55f911e4c1c7f33e5abcd1af3cf08a3a,10936
results/leiden-v2/ablations-2026-09-26/screening/candidates/77a70a7b85826be9e3716acb2359d7d83472bebb1329328358d8a40d702bd135/seed-43/communities.csv,bf3cd51d841531a35727bd691820466dccdbdb109698c42e663103f2a634948b,10936
results/leiden-v2/ablations-2026-09-26/screening/candidates/77a70a7b85826be9e3716acb2359d7d83472bebb1329328358d8a40d702bd135/seed-44/communities.csv,4aca408a9d03acdaace5362f5cbd51cebe950ab09a48dfeedf715472b07cf41e,10936
results/leiden-v2/ablations-2026-09-26/screening/candidates/77a70a7b85826be9e3716acb2359d7d83472bebb1329328358d8a40d702bd135/stress/comparator-10000/communities.csv,a5b9a950d42694e6df6126b0be2608b1200cbbbd6de12e8a723f11363d789359,10936
results/leiden-v2/ablations-2026-09-26/screening/candidates/77a70a7b85826be9e3716acb2359d7d83472bebb1329328358d8a40d702bd135/stress/edge_removal-10000/communities.csv,f411ee690e3d125d63ea7d24ece297b4c4d4e0b7866e5c0c5a6122e38dcbb698,10936
results/leiden-v2/ablations-2026-09-26/screening/candidates/77a70a7b85826be9e3716acb2359d7d83472bebb1329328358d8a40d702bd135/stress/vocabulary_subsample-10000/communities.csv,d8e207e7803fff72728217bd3bbcfa107d6a2be9336415daa1d084ff458d2aa1,9842
results/leiden-v2/ablations-2026-09-26/screening/candidates/77a70a7b85826be9e3716acb2359d7d83472bebb1329328358d8a40d702bd135/stress/comparator-10001/communities.csv,c3ec3a1c9f6448a922c2e933b5c9e68d15389920c4b6e0cfbff18932420ffd74,10936
results/leiden-v2/ablations-2026-09-26/screening/candidates/77a70a7b85826be9e3716acb2359d7d83472bebb1329328358d8a40d702bd135/stress/edge_removal-10001/communities.csv,7416ce733b4eb073b7f7fb87a572f0f4101d31035c120c2373934cb626abbad8,10936
results/leiden-v2/ablations-2026-09-26/screening/candidates/77a70a7b85826be9e3716acb2359d7d83472bebb1329328358d8a40d702bd135/stress/vocabulary_subsample-10001/communities.csv,420ca184de302388d8e1e14ea95c3660297dbb9fd9ba5381a168399334452607,9842
results/leiden-v2/ablations-2026-09-26/screening/candidates/77a70a7b85826be9e3716acb2359d7d83472bebb1329328358d8a40d702bd135/stress/comparator-10002/communities.csv,b7cff00d1260d7ae5280c1f358d6b80271b435d6cbd0c15b3502533532f397de,10936
results/leiden-v2/ablations-2026-09-26/screening/candidates/77a70a7b85826be9e3716acb2359d7d83472bebb1329328358d8a40d702bd135/stress/edge_removal-10002/communities.csv,adbd8170261dcf90b68a4776a9f453b55e1acc5e67dde2234f4686910ff6c570,10936
results/leiden-v2/ablations-2026-09-26/screening/candidates/77a70a7b85826be9e3716acb2359d7d83472bebb1329328358d8a40d702bd135/stress/vocabulary_subsample-10002/communities.csv,11ee4327be18fbb76c91164a2cdba06d4d06dbfd208ab0107a62cac872f21004,9842
results/leiden-v2/ablations-2026-09-26/screening/candidates/77a70a7b85826be9e3716acb2359d7d83472bebb1329328358d8a40d702bd135/stress/comparator-10003/communities.csv,f7e4b4dbb1eee1049269f4628c95c80ae5a98ab735a0258fa1c7dca67f9415c7,10936
results/leiden-v2/ablations-2026-09-26/screening/candidates/77a70a7b85826be9e3716acb2359d7d83472bebb1329328358d8a40d702bd135/stress/edge_removal-10003/communities.csv,4c5c19bb3d86f8c460b36de8ea184c776424077aa0ac0c0fc0ec439caec18e03,10936
results/leiden-v2/ablations-2026-09-26/screening/candidates/77a70a7b85826be9e3716acb2359d7d83472bebb1329328358d8a40d702bd135/stress/vocabulary_subsample-10003/communities.csv,053cb68b2fb097c506c633e63c7a315a55fae5cb631c73da7f3c88cf821ef04a,9842
results/leiden-v2/ablations-2026-09-26/screening/candidates/77a70a7b85826be9e3716acb2359d7d83472bebb1329328358d8a40d702bd135/stress/comparator-10004/communities.csv,8d7d3cf53b3a6e759c965300a60d81ba8f91d8b54f8796d0e03bbc42b8b06c51,10936
results/leiden-v2/ablations-2026-09-26/screening/candidates/77a70a7b85826be9e3716acb2359d7d83472bebb1329328358d8a40d702bd135/stress/edge_removal-10004/communities.csv,7dea03874d8bd6f4a8b6902e91069e69c3c54f4da8f87a3736796a2edff3a2a6,10936
results/leiden-v2/ablations-2026-09-26/screening/candidates/77a70a7b85826be9e3716acb2359d7d83472bebb1329328358d8a40d702bd135/stress/vocabulary_subsample-10004/communities.csv,8e619242b33f9546158374ffc9037ed31283d41017597d6e0b671d5c56351f04,9842
results/leiden-v2/ablations-2026-09-26/screening/candidates/77a70a7b85826be9e3716acb2359d7d83472bebb1329328358d8a40d702bd135/stress/comparator-10005/communities.csv,191642a54b2cb6c8205dd84550422f08b82d249f52d75809caa26de8ea6d1de2,10936
results/leiden-v2/ablations-2026-09-26/screening/candidates/77a70a7b85826be9e3716acb2359d7d83472bebb1329328358d8a40d702bd135/stress/edge_removal-10005/communities.csv,2eb232117ad0317b0c3a02d4705a77ca31185898d462c4c359af9795e4f7701f,10936
results/leiden-v2/ablations-2026-09-26/screening/candidates/77a70a7b85826be9e3716acb2359d7d83472bebb1329328358d8a40d702bd135/stress/vocabulary_subsample-10005/communities.csv,278a3abbf998c7f5f455a9cfd30d33ff5bf7d79363e95dc11f83b9d4a345cc00,9842
results/leiden-v2/ablations-2026-09-26/screening/candidates/77a70a7b85826be9e3716acb2359d7d83472bebb1329328358d8a40d702bd135/stress/comparator-10006/communities.csv,16eb480b2e5c6b2d00da1d94e2078c6e441c85365c6345610f6a8edc21191da2,10936
results/leiden-v2/ablations-2026-09-26/screening/candidates/77a70a7b85826be9e3716acb2359d7d83472bebb1329328358d8a40d702bd135/stress/edge_removal-10006/communities.csv,6763919740dcc53d86c11262caf783d5625da39f7908e414d4ae4015b4578d72,10936
results/leiden-v2/ablations-2026-09-26/screening/candidates/77a70a7b85826be9e3716acb2359d7d83472bebb1329328358d8a40d702bd135/stress/vocabulary_subsample-10006/communities.csv,87335a2ce472393d37679377cc04a6e25dba3e1d19eab365926bb3d6202f51ae,9842
results/leiden-v2/ablations-2026-09-26/screening/candidates/77a70a7b85826be9e3716acb2359d7d83472bebb1329328358d8a40d702bd135/stress/comparator-10007/communities.csv,8c950c4dc9e8e2ba5d1da73706d083bcf7e3d690e19b6e1df434c82d5b77bfc0,10936
results/leiden-v2/ablations-2026-09-26/screening/candidates/77a70a7b85826be9e3716acb2359d7d83472bebb1329328358d8a40d702bd135/stress/edge_removal-10007/communities.csv,0adec4afb2c3f32fc86ac1e04153dd6f7754585c849031cc8d186c35a5c0d58a,10936
results/leiden-v2/ablations-2026-09-26/screening/candidates/77a70a7b85826be9e3716acb2359d7d83472bebb1329328358d8a40d702bd135/stress/vocabulary_subsample-10007/communities.csv,6adaca2af0b401ab09e333478c74afeb49f20fa47b14cfbff7899667cefa122f,9842
results/leiden-v2/ablations-2026-09-26/screening/candidates/77a70a7b85826be9e3716acb2359d7d83472bebb1329328358d8a40d702bd135/stress/comparator-10008/communities.csv,0b127f9572fcac64261dc5daaa23e0bb968862068f930f61be34e58a1fc89c31,10936
results/leiden-v2/ablations-2026-09-26/screening/candidates/77a70a7b85826be9e3716acb2359d7d83472bebb1329328358d8a40d702bd135/stress/edge_removal-10008/communities.csv,f94db0e9f9e9d1f489ab45870242dd1925b4808e68311d7f15e802b49ae5a373,10936
results/leiden-v2/ablations-2026-09-26/screening/candidates/77a70a7b85826be9e3716acb2359d7d83472bebb1329328358d8a40d702bd135/stress/vocabulary_subsample-10008/communities.csv,d3e80a8e36a2727129dfef16864b16dacd8553d63d80a309c875972d6ab3ef80,9842
results/leiden-v2/ablations-2026-09-26/screening/candidates/77a70a7b85826be9e3716acb2359d7d83472bebb1329328358d8a40d702bd135/stress/comparator-10009/communities.csv,db31b25eb4812d4cd3efad3748e6904d15669fd130fedd5cadfbc2e180057f00,10936
results/leiden-v2/ablations-2026-09-26/screening/candidates/77a70a7b85826be9e3716acb2359d7d83472bebb1329328358d8a40d702bd135/stress/edge_removal-10009/communities.csv,eeaad96bb5eb139f98232931039490ea7318c57bdeb390238998873b4d9b1aec,10936
results/leiden-v2/ablations-2026-09-26/screening/candidates/77a70a7b85826be9e3716acb2359d7d83472bebb1329328358d8a40d702bd135/stress/vocabulary_subsample-10009/communities.csv,5767ef802fc715b4e3c8a055d6e6930594115b20bf5ca495d9d7525796f15037,9842
results/leiden-v2/ablations-2026-09-26/screening/candidates/77a70a7b85826be9e3716acb2359d7d83472bebb1329328358d8a40d702bd135/sensitivity/k-increase/communities.csv,698b4b84f2b184df847a7f485c1a7e1b2dcd5f03e482f34edd5bde7ff0a36d74,10936
results/leiden-v2/ablations-2026-09-26/screening/candidates/77a70a7b85826be9e3716acb2359d7d83472bebb1329328358d8a40d702bd135/sensitivity/k-decrease/communities.csv,b26a5cc720513eefc70c3519e9caf01fecf33e04cf5fc6232f0a952bda96863d,10936
results/leiden-v2/ablations-2026-09-26/screening/candidates/77a70a7b85826be9e3716acb2359d7d83472bebb1329328358d8a40d702bd135/sensitivity/resolution-increase/communities.csv,10b04580f83792bf6908382b30212f2aa610ff3d8eff77c58ca021205f6bf2ba,10936
results/leiden-v2/ablations-2026-09-26/screening/candidates/77a70a7b85826be9e3716acb2359d7d83472bebb1329328358d8a40d702bd135/sensitivity/resolution-decrease/communities.csv,16a28ed26cfd7a02c95f3fe2af91274ff1584ee427798c0a740cdaec45d6b81c,10936
results/leiden-v2/ablations-2026-09-26/screening/candidates/a4a547d6853e0209b348d9931438914fd759984269f39355b09895d876205d75/seed-42/communities.csv,5ead55bec41ff3d6998b19ddc9433837cb261db1410a793d684ee9a70176ef98,10936
results/leiden-v2/ablations-2026-09-26/screening/candidates/a4a547d6853e0209b348d9931438914fd759984269f39355b09895d876205d75/seed-43/communities.csv,c21ebcf7b2fad139d0f2f9f68c3c347c7b1a40f862b206a0e75bdbf0d54cee60,10936
results/leiden-v2/ablations-2026-09-26/screening/candidates/a4a547d6853e0209b348d9931438914fd759984269f39355b09895d876205d75/seed-44/communities.csv,634fe3d0530e49292fda5979c276e68b16813644d9d2c4dd615578cac10f5cc3,10936
results/leiden-v2/ablations-2026-09-26/screening/candidates/a4a547d6853e0209b348d9931438914fd759984269f39355b09895d876205d75/stress/comparator-10000/communities.csv,d08710f74ef67a31cb334c726c0e04866f7c9447f12da4d05c5a34eabcbd5479,10936
results/leiden-v2/ablations-2026-09-26/screening/candidates/a4a547d6853e0209b348d9931438914fd759984269f39355b09895d876205d75/stress/edge_removal-10000/communities.csv,ae183eb9f50404ad12f78845f93114974497a3a96d147bd36c186fc9fade6aec,10936
results/leiden-v2/ablations-2026-09-26/screening/candidates/a4a547d6853e0209b348d9931438914fd759984269f39355b09895d876205d75/stress/vocabulary_subsample-10000/communities.csv,69ee6afc5e8e75735e8e0d547aa847d5b9f8ca31a7c38f5fe5b3ed910d4b1df8,9842
results/leiden-v2/ablations-2026-09-26/screening/candidates/a4a547d6853e0209b348d9931438914fd759984269f39355b09895d876205d75/stress/comparator-10001/communities.csv,768e4f2912207a04ff06ff53f32e76359da014885e92b3c886ff9f81fd23709d,10936
results/leiden-v2/ablations-2026-09-26/screening/candidates/a4a547d6853e0209b348d9931438914fd759984269f39355b09895d876205d75/stress/edge_removal-10001/communities.csv,b4c8d1dbd29da2848d747ae1658d90f32c24485915c86de953eef69fd6b33dc3,10936
results/leiden-v2/ablations-2026-09-26/screening/candidates/a4a547d6853e0209b348d9931438914fd759984269f39355b09895d876205d75/stress/vocabulary_subsample-10001/communities.csv,111617657f3c20e506f73ee9e4e34b2cf5bb601063ecc9412d76bd6fe46cc678,9842
results/leiden-v2/ablations-2026-09-26/screening/candidates/a4a547d6853e0209b348d9931438914fd759984269f39355b09895d876205d75/stress/comparator-10002/communities.csv,ee82bfa6536a2b2d707bca2de73ac957985a5a7e89a3042b561fca556cc299d3,10936
results/leiden-v2/ablations-2026-09-26/screening/candidates/a4a547d6853e0209b348d9931438914fd759984269f39355b09895d876205d75/stress/edge_removal-10002/communities.csv,d7b8d35725d36a2ff820d1300a03a727f60849b40d76fd4ad7cb825cabca2d43,10936
results/leiden-v2/ablations-2026-09-26/screening/candidates/a4a547d6853e0209b348d9931438914fd759984269f39355b09895d876205d75/stress/vocabulary_subsample-10002/communities.csv,8d36555cc3742ee411d37fb7c953f9c9ad71ea86ace7eb961014ef6b60283c89,9842
results/leiden-v2/ablations-2026-09-26/screening/candidates/a4a547d6853e0209b348d9931438914fd759984269f39355b09895d876205d75/stress/comparator-10003/communities.csv,9c32b444f6b8c6593f776d47a9c2ab832275bf9c17ac2c6b8c92139579f5323d,10936
results/leiden-v2/ablations-2026-09-26/screening/candidates/a4a547d6853e0209b348d9931438914fd759984269f39355b09895d876205d75/stress/edge_removal-10003/communities.csv,33ebb89738dd13c93c195ee07eb07319fc75f399e4e1b224cd7380f42f7d5f4b,10936
results/leiden-v2/ablations-2026-09-26/screening/candidates/a4a547d6853e0209b348d9931438914fd759984269f39355b09895d876205d75/stress/vocabulary_subsample-10003/communities.csv,4430c43d4cd2485626cf211fe4836d2a87b2bcc109cff2424fc30d26a7bcc6ad,9842
results/leiden-v2/ablations-2026-09-26/screening/candidates/a4a547d6853e0209b348d9931438914fd759984269f39355b09895d876205d75/stress/comparator-10004/communities.csv,e368b3eceb224225151e18d30e87327d941aaa4319629a86aedb79014927b20a,10936
results/leiden-v2/ablations-2026-09-26/screening/candidates/a4a547d6853e0209b348d9931438914fd759984269f39355b09895d876205d75/stress/edge_removal-10004/communities.csv,842ccc5480387932790bb5e6ff5870558abf7a5ac8357f313d4955114fd38605,10936
results/leiden-v2/ablations-2026-09-26/screening/candidates/a4a547d6853e0209b348d9931438914fd759984269f39355b09895d876205d75/stress/vocabulary_subsample-10004/communities.csv,3006fc6c5dad6aa1c34060b14820f59ca6c7e73f5345ae07092bd54f42df85e4,9842
results/leiden-v2/ablations-2026-09-26/screening/candidates/a4a547d6853e0209b348d9931438914fd759984269f39355b09895d876205d75/stress/comparator-10005/communities.csv,c78a3aa0eb245824624ae5e1d4e5c91a132540501743f100b35e750cc5ceefdb,10936
results/leiden-v2/ablations-2026-09-26/screening/candidates/a4a547d6853e0209b348d9931438914fd759984269f39355b09895d876205d75/stress/edge_removal-10005/communities.csv,e5d8226193fe7b8984d88d5e315bda030db6ec3e5a9eeffe430115c0dc7626aa,10936
results/leiden-v2/ablations-2026-09-26/screening/candidates/a4a547d6853e0209b348d9931438914fd759984269f39355b09895d876205d75/stress/vocabulary_subsample-10005/communities.csv,314115ba2a6ff7c626dade602c913278a1fb1c4fcebaae82ed024d966ac70fcc,9842
results/leiden-v2/ablations-2026-09-26/screening/candidates/a4a547d6853e0209b348d9931438914fd759984269f39355b09895d876205d75/stress/comparator-10006/communities.csv,aad96b35cfa70234e44c11119c69fd498cb27aeb201bcde9c2997de6fc70f2e2,10936
results/leiden-v2/ablations-2026-09-26/screening/candidates/a4a547d6853e0209b348d9931438914fd759984269f39355b09895d876205d75/stress/edge_removal-10006/communities.csv,183090807b99e597361c61ec7a98200510c278c23e175808de59e14100de89d1,10936
results/leiden-v2/ablations-2026-09-26/screening/candidates/a4a547d6853e0209b348d9931438914fd759984269f39355b09895d876205d75/stress/vocabulary_subsample-10006/communities.csv,56507cd19bb80b23af9a8eb1b2af5c6ed81716e203e59e44694d30a478c3c82f,9842
results/leiden-v2/ablations-2026-09-26/screening/candidates/a4a547d6853e0209b348d9931438914fd759984269f39355b09895d876205d75/stress/comparator-10007/communities.csv,47945fa528e95ab278aa59de90ce3ad1f830e88f3f1d3c7e480ece1e801e5ee1,10936
results/leiden-v2/ablations-2026-09-26/screening/candidates/a4a547d6853e0209b348d9931438914fd759984269f39355b09895d876205d75/stress/edge_removal-10007/communities.csv,dfd86d010e47a5e6dfb700dcc00d2c5fe1c5057f58fe39fb94dfeb25cf631f22,10936
results/leiden-v2/ablations-2026-09-26/screening/candidates/a4a547d6853e0209b348d9931438914fd759984269f39355b09895d876205d75/stress/vocabulary_subsample-10007/communities.csv,541f9099eb96a78b89318e5005b61f54bf68231ae5fcf699cc544c01f5088525,9842
results/leiden-v2/ablations-2026-09-26/screening/candidates/a4a547d6853e0209b348d9931438914fd759984269f39355b09895d876205d75/stress/comparator-10008/communities.csv,c4e9bfcc5c0096b567a4cf0eff3d1764a5e6e8cddd5f1a5e1e262f2a6617613e,10936
results/leiden-v2/ablations-2026-09-26/screening/candidates/a4a547d6853e0209b348d9931438914fd759984269f39355b09895d876205d75/stress/edge_removal-10008/communities.csv,a95ba4d95a2c681fd28997eb3199ce8c329c7bcd0fcb875e518047f78f0dd606,10936
results/leiden-v2/ablations-2026-09-26/screening/candidates/a4a547d6853e0209b348d9931438914fd759984269f39355b09895d876205d75/stress/vocabulary_subsample-10008/communities.csv,4b286c4381c1e7de4be736a83f362123e927790b60707c3a7627a0f65f20bba3,9842
results/leiden-v2/ablations-2026-09-26/screening/candidates/a4a547d6853e0209b348d9931438914fd759984269f39355b09895d876205d75/stress/comparator-10009/communities.csv,f03b142c8de9c307ff49ea2afaa4f75a6721649adaba727252ea312f272abd64,10936
results/leiden-v2/ablations-2026-09-26/screening/candidates/a4a547d6853e0209b348d9931438914fd759984269f39355b09895d876205d75/stress/edge_removal-10009/communities.csv,4eb73f768796a1a34eed25c7f3cdd8087839a9192a548c91fa629be950afa560,10936
results/leiden-v2/ablations-2026-09-26/screening/candidates/a4a547d6853e0209b348d9931438914fd759984269f39355b09895d876205d75/stress/vocabulary_subsample-10009/communities.csv,977789706d5d4948558b9cdf281d0f9b50d4a78c6be48fa29589d8cc35dc888c,9842
results/leiden-v2/ablations-2026-09-26/screening/candidates/a4a547d6853e0209b348d9931438914fd759984269f39355b09895d876205d75/sensitivity/k-increase/communities.csv,cf2d09db41a4b2c77c3ac53f7c52fbef3848df562bcff23c806fbfa84dbe78ff,10936
results/leiden-v2/ablations-2026-09-26/screening/candidates/a4a547d6853e0209b348d9931438914fd759984269f39355b09895d876205d75/sensitivity/k-decrease/communities.csv,7d140df3755ae7917c8ffd9ede56b41cc274e2d57b5320e411e044a20c33d38c,10936
results/leiden-v2/ablations-2026-09-26/screening/candidates/a4a547d6853e0209b348d9931438914fd759984269f39355b09895d876205d75/sensitivity/resolution-increase/communities.csv,9b77a406186cdedc045cbfc5c785ae888f00f14944bf65cfb4a4b958ff361ad1,10936
results/leiden-v2/ablations-2026-09-26/screening/candidates/a4a547d6853e0209b348d9931438914fd759984269f39355b09895d876205d75/sensitivity/resolution-decrease/communities.csv,ab7a6698f25d37ad89e3b8cb2091d1fba1496ed9f388937a1fbd85fc7b28f9d8,10936
results/leiden-v2/ablations-2026-09-26/screening/candidates/bda25d45c0323b3913888781f07416c24e17538c9b70099ee331f7549bf47b7b/seed-42/communities.csv,c4741b7c6ccfcb2c2363f131d7c2d8be6e844f6d38d7d0c3b8fa67a78a780ec3,10936
results/leiden-v2/ablations-2026-09-26/screening/candidates/bda25d45c0323b3913888781f07416c24e17538c9b70099ee331f7549bf47b7b/seed-43/communities.csv,9bf1f0f707269b6959ee41626a2f22d4aee4f8aca395cc8bb98892be47b6b9cb,10936
results/leiden-v2/ablations-2026-09-26/screening/candidates/bda25d45c0323b3913888781f07416c24e17538c9b70099ee331f7549bf47b7b/seed-44/communities.csv,bddd2f9a86bdddb4d6be99b742ed66fa869d05c4d6e1ad4924a7e5d6a8913fb5,10936
results/leiden-v2/ablations-2026-09-26/screening/candidates/bda25d45c0323b3913888781f07416c24e17538c9b70099ee331f7549bf47b7b/stress/comparator-10000/communities.csv,ee42c0875637aef463a301b84a130d2c39b02a6db0d51aeefa0a9402fbcdec49,10936
results/leiden-v2/ablations-2026-09-26/screening/candidates/bda25d45c0323b3913888781f07416c24e17538c9b70099ee331f7549bf47b7b/stress/edge_removal-10000/communities.csv,227ed3e962738a493c166228b7d19380efaaa3ed272f50f396d4e546134aa47e,10936
results/leiden-v2/ablations-2026-09-26/screening/candidates/bda25d45c0323b3913888781f07416c24e17538c9b70099ee331f7549bf47b7b/stress/vocabulary_subsample-10000/communities.csv,3b2c55e241267836803fc49ec62b4a1ebf1df40e79e8ff6e97dc0c1fd7217c1d,9842
results/leiden-v2/ablations-2026-09-26/screening/candidates/bda25d45c0323b3913888781f07416c24e17538c9b70099ee331f7549bf47b7b/stress/comparator-10001/communities.csv,461190c44ee86f289d0de9af9de792d24844a45775fd647dd7ac7169e095b33e,10936
results/leiden-v2/ablations-2026-09-26/screening/candidates/bda25d45c0323b3913888781f07416c24e17538c9b70099ee331f7549bf47b7b/stress/edge_removal-10001/communities.csv,7772521e91d8b57e9e001b80cdb515a926be82328ac5d07728bebc47b434c6ee,10936
results/leiden-v2/ablations-2026-09-26/screening/candidates/bda25d45c0323b3913888781f07416c24e17538c9b70099ee331f7549bf47b7b/stress/vocabulary_subsample-10001/communities.csv,f898388322840964fa48353f5b9153055b9c456532e7b252d0ab87b782ef15c4,9842
results/leiden-v2/ablations-2026-09-26/screening/candidates/bda25d45c0323b3913888781f07416c24e17538c9b70099ee331f7549bf47b7b/stress/comparator-10002/communities.csv,d5141f131da5ea86069114d18ca2c7c2f4791b621ed1cb0e354c1aa73058ab96,10936
results/leiden-v2/ablations-2026-09-26/screening/candidates/bda25d45c0323b3913888781f07416c24e17538c9b70099ee331f7549bf47b7b/stress/edge_removal-10002/communities.csv,3756b64805c82b377a6a5ca943a24108caee219665f364c498a30ce6d3c74d0b,10936
results/leiden-v2/ablations-2026-09-26/screening/candidates/bda25d45c0323b3913888781f07416c24e17538c9b70099ee331f7549bf47b7b/stress/vocabulary_subsample-10002/communities.csv,531b2cdf093eff5aa85bdb1a72ce7f7de1dbba6907e1c1b14933648e385cac6b,9842
results/leiden-v2/ablations-2026-09-26/screening/candidates/bda25d45c0323b3913888781f07416c24e17538c9b70099ee331f7549bf47b7b/stress/comparator-10003/communities.csv,a1008aa52b90922bf1a0a07d78449dff160a8f024e6222fd7c732954456ee953,10936
results/leiden-v2/ablations-2026-09-26/screening/candidates/bda25d45c0323b3913888781f07416c24e17538c9b70099ee331f7549bf47b7b/stress/edge_removal-10003/communities.csv,fdfd207e60ed713794b4ecd7fcddbca9741b3a01e43112468d3b69bef4ec17e8,10936
results/leiden-v2/ablations-2026-09-26/screening/candidates/bda25d45c0323b3913888781f07416c24e17538c9b70099ee331f7549bf47b7b/stress/vocabulary_subsample-10003/communities.csv,8fe8a2cec68daff2f0a9303be6a5ff1bbe208b043bcfcb26dac01c6a73a46ca9,9842
results/leiden-v2/ablations-2026-09-26/screening/candidates/bda25d45c0323b3913888781f07416c24e17538c9b70099ee331f7549bf47b7b/stress/comparator-10004/communities.csv,163ea704e4a2966848cfdb550c4ca624f6c98e09b9d2dfc9313a371bab6ee12b,10936
results/leiden-v2/ablations-2026-09-26/screening/candidates/bda25d45c0323b3913888781f07416c24e17538c9b70099ee331f7549bf47b7b/stress/edge_removal-10004/communities.csv,070ada420662c90ca9adeebdcf4b8615fb70a9832ebe57f895cc39e79f614e11,10936
results/leiden-v2/ablations-2026-09-26/screening/candidates/bda25d45c0323b3913888781f07416c24e17538c9b70099ee331f7549bf47b7b/stress/vocabulary_subsample-10004/communities.csv,701fc2931140c88e645065ec19496a9cec0936d3d5896d0d7d3e3f8d5ea415aa,9842
results/leiden-v2/ablations-2026-09-26/screening/candidates/bda25d45c0323b3913888781f07416c24e17538c9b70099ee331f7549bf47b7b/stress/comparator-10005/communities.csv,ddf2a151c1012c6dc3605f71678a53aa7efa25492c5ecab8b79d4b3837826e22,10936
results/leiden-v2/ablations-2026-09-26/screening/candidates/bda25d45c0323b3913888781f07416c24e17538c9b70099ee331f7549bf47b7b/stress/edge_removal-10005/communities.csv,1e44afef970b920c26ab3c9a7eb905bff0afdd424d86f2fd4cc8a26ba9044f14,10936
results/leiden-v2/ablations-2026-09-26/screening/candidates/bda25d45c0323b3913888781f07416c24e17538c9b70099ee331f7549bf47b7b/stress/vocabulary_subsample-10005/communities.csv,871203f18b632ea08931c32eb3fcb581dabca08f5fc9bd5e5c6ebe0ac7e81aa1,9842
results/leiden-v2/ablations-2026-09-26/screening/candidates/bda25d45c0323b3913888781f07416c24e17538c9b70099ee331f7549bf47b7b/stress/comparator-10006/communities.csv,568e5446ba802e2bd5b54c6fdc3a3b58d9e382f9fbd180ef773b183b3bf4b704,10936
results/leiden-v2/ablations-2026-09-26/screening/candidates/bda25d45c0323b3913888781f07416c24e17538c9b70099ee331f7549bf47b7b/stress/edge_removal-10006/communities.csv,f2be78e4d4a62deeb6f99f5224cf62d09994da6b500840a9517a854a5dd71a71,10936
results/leiden-v2/ablations-2026-09-26/screening/candidates/bda25d45c0323b3913888781f07416c24e17538c9b70099ee331f7549bf47b7b/stress/vocabulary_subsample-10006/communities.csv,eb11692b576d917e5531e90763126732d1c14a84a5b0933d99b6f16b12ae4327,9842
results/leiden-v2/ablations-2026-09-26/screening/candidates/bda25d45c0323b3913888781f07416c24e17538c9b70099ee331f7549bf47b7b/stress/comparator-10007/communities.csv,75530952e10c988d695eadd88986497ff563a19bc920abe54122528cae776161,10936
results/leiden-v2/ablations-2026-09-26/screening/candidates/bda25d45c0323b3913888781f07416c24e17538c9b70099ee331f7549bf47b7b/stress/edge_removal-10007/communities.csv,89feac2b4d00439c9a1ad59c22acac21571e18c0851266e292ddc32a80eac3c6,10936
results/leiden-v2/ablations-2026-09-26/screening/candidates/bda25d45c0323b3913888781f07416c24e17538c9b70099ee331f7549bf47b7b/stress/vocabulary_subsample-10007/communities.csv,ea1048f2ea66dee6e9cd34ec71cc4c9271f34df861e6a815a7225d4307b24708,9842
results/leiden-v2/ablations-2026-09-26/screening/candidates/bda25d45c0323b3913888781f07416c24e17538c9b70099ee331f7549bf47b7b/stress/comparator-10008/communities.csv,19071ce0f6ab0a8c4aaf789a533a673fd5c2e46f31ee9c055acb2c71441066fa,10936
results/leiden-v2/ablations-2026-09-26/screening/candidates/bda25d45c0323b3913888781f07416c24e17538c9b70099ee331f7549bf47b7b/stress/edge_removal-10008/communities.csv,c3ea237b85b3ea738f15aec1e4a3d2535acdd924a7b1c40c66ec53bcc75bf39e,10936
results/leiden-v2/ablations-2026-09-26/screening/candidates/bda25d45c0323b3913888781f07416c24e17538c9b70099ee331f7549bf47b7b/stress/vocabulary_subsample-10008/communities.csv,b7cc95f86f06d68bf75b6ea69a27c9763b6d47ad71ba122e22d43a693611ae5d,9842
results/leiden-v2/ablations-2026-09-26/screening/candidates/bda25d45c0323b3913888781f07416c24e17538c9b70099ee331f7549bf47b7b/stress/comparator-10009/communities.csv,5c36d144f3cfdba33860ea2e234dee413b6f2fb33ff21225148e1aeaa4aeb232,10936
results/leiden-v2/ablations-2026-09-26/screening/candidates/bda25d45c0323b3913888781f07416c24e17538c9b70099ee331f7549bf47b7b/stress/edge_removal-10009/communities.csv,c86e1b453cd2b6fd53558b538d495ab84290212bb7ebc056dad0651a14246600,10936
results/leiden-v2/ablations-2026-09-26/screening/candidates/bda25d45c0323b3913888781f07416c24e17538c9b70099ee331f7549bf47b7b/stress/vocabulary_subsample-10009/communities.csv,298c176b57f15d81fc6cbad7fa84f62800e14b567e140eb31b88444de14598a3,9842
results/leiden-v2/ablations-2026-09-26/screening/candidates/bda25d45c0323b3913888781f07416c24e17538c9b70099ee331f7549bf47b7b/sensitivity/k-increase/communities.csv,9495b8f1ff215db75f83b5f1dad4a35db445733d528842f2631c514c937f7cf2,10936
results/leiden-v2/ablations-2026-09-26/screening/candidates/bda25d45c0323b3913888781f07416c24e17538c9b70099ee331f7549bf47b7b/sensitivity/k-decrease/communities.csv,6879e3eab97969f62cb185d82e16c96e205b8d6b200a880a7ce73d19f0da0efb,10936
results/leiden-v2/ablations-2026-09-26/screening/candidates/bda25d45c0323b3913888781f07416c24e17538c9b70099ee331f7549bf47b7b/sensitivity/resolution-increase/communities.csv,ce6dc1d1a8991dd4c5c1152279d765c5dce7d3977b3ad615393c27bac1ff4d9c,10936
results/leiden-v2/ablations-2026-09-26/screening/candidates/bda25d45c0323b3913888781f07416c24e17538c9b70099ee331f7549bf47b7b/sensitivity/resolution-decrease/communities.csv,3fbec4403c446a0800ec217c5751511e0909da18612d993000e3b9847dbea737,10936
results/leiden-v2/ablations-2026-09-26/screening/candidates/99208c85a67fb4f5441f8b44a399f7eb4b283c6f99bd2c7c7b0a4b0c263256c3/seed-42/communities.csv,654bca8381813bb39666f674bc1e974235cd2a0df14cdfa81d395eca704d480a,10936
results/leiden-v2/ablations-2026-09-26/screening/candidates/99208c85a67fb4f5441f8b44a399f7eb4b283c6f99bd2c7c7b0a4b0c263256c3/seed-43/communities.csv,0edcddbbbc7612b2e1324591234206c573dd4ed95f62eeead3810591774f3ffc,10936
results/leiden-v2/ablations-2026-09-26/screening/candidates/99208c85a67fb4f5441f8b44a399f7eb4b283c6f99bd2c7c7b0a4b0c263256c3/seed-44/communities.csv,c4c01cfb1aa9af27624eed1bfdcfd8d16dbae636e2a1290274bbd1282b065289,10936
results/leiden-v2/ablations-2026-09-26/screening/candidates/99208c85a67fb4f5441f8b44a399f7eb4b283c6f99bd2c7c7b0a4b0c263256c3/stress/comparator-10000/communities.csv,6d9fdf486e6ccf9c13740e0e92f9690967d02d7246a56e930afc17d6b6554e94,10936
results/leiden-v2/ablations-2026-09-26/screening/candidates/99208c85a67fb4f5441f8b44a399f7eb4b283c6f99bd2c7c7b0a4b0c263256c3/stress/edge_removal-10000/communities.csv,fa241c3150596e5c9f2425ec858272c6f4b72b2a845b283eb01754849074e3cc,10936
results/leiden-v2/ablations-2026-09-26/screening/candidates/99208c85a67fb4f5441f8b44a399f7eb4b283c6f99bd2c7c7b0a4b0c263256c3/stress/vocabulary_subsample-10000/communities.csv,37a7db3cd2739c8ce076aa61f5d6a0a5773db9f003f04ed7a7f38ae79a001b71,9842
results/leiden-v2/ablations-2026-09-26/screening/candidates/99208c85a67fb4f5441f8b44a399f7eb4b283c6f99bd2c7c7b0a4b0c263256c3/stress/comparator-10001/communities.csv,b2f5645e7bc3cc0d581cc2bb81126851533da208162c34881b5834a580843470,10936
results/leiden-v2/ablations-2026-09-26/screening/candidates/99208c85a67fb4f5441f8b44a399f7eb4b283c6f99bd2c7c7b0a4b0c263256c3/stress/edge_removal-10001/communities.csv,ddd63a61d1e328d960a531ddb81eaff76c7d7a4c48c4cebcbd14891c991769c8,10936
results/leiden-v2/ablations-2026-09-26/screening/candidates/99208c85a67fb4f5441f8b44a399f7eb4b283c6f99bd2c7c7b0a4b0c263256c3/stress/vocabulary_subsample-10001/communities.csv,4d946d679365522145e84766869d4fd719ea0608146023ca19b0bd8513224230,9842
results/leiden-v2/ablations-2026-09-26/screening/candidates/99208c85a67fb4f5441f8b44a399f7eb4b283c6f99bd2c7c7b0a4b0c263256c3/stress/comparator-10002/communities.csv,7b39fe2177ec6f1e4594e442501c51f957c29a90c10f501f05ae8b9d2b41def5,10936
results/leiden-v2/ablations-2026-09-26/screening/candidates/99208c85a67fb4f5441f8b44a399f7eb4b283c6f99bd2c7c7b0a4b0c263256c3/stress/edge_removal-10002/communities.csv,7e2e57340009886314d91e66c33782e87d3e35f0d32527d9c3d2c3620d4a28c9,10936
results/leiden-v2/ablations-2026-09-26/screening/candidates/99208c85a67fb4f5441f8b44a399f7eb4b283c6f99bd2c7c7b0a4b0c263256c3/stress/vocabulary_subsample-10002/communities.csv,47352f58e542c2be9cdc9a8690ee231ea00aa6f8c1bb9cb4ebb3f63e74068ef3,9842
results/leiden-v2/ablations-2026-09-26/screening/candidates/99208c85a67fb4f5441f8b44a399f7eb4b283c6f99bd2c7c7b0a4b0c263256c3/stress/comparator-10003/communities.csv,911b40e22417496a4c3a496ba2533fa8f6a7504bc61175266f2efadb851602c7,10936
results/leiden-v2/ablations-2026-09-26/screening/candidates/99208c85a67fb4f5441f8b44a399f7eb4b283c6f99bd2c7c7b0a4b0c263256c3/stress/edge_removal-10003/communities.csv,9e09a6bea6fed3ae854d9ee4e33b5c5622b1615dd18abf36ce3c1da4d5782bff,10936
results/leiden-v2/ablations-2026-09-26/screening/candidates/99208c85a67fb4f5441f8b44a399f7eb4b283c6f99bd2c7c7b0a4b0c263256c3/stress/vocabulary_subsample-10003/communities.csv,b6a79cdb22119c6fdeed37ba1b294c3455f5f2dd10e24062b1aa7c532a1520f2,9842
results/leiden-v2/ablations-2026-09-26/screening/candidates/99208c85a67fb4f5441f8b44a399f7eb4b283c6f99bd2c7c7b0a4b0c263256c3/stress/comparator-10004/communities.csv,972c5d7b81b16af26b6cc54163689d149ef6037e158b0a8ecf67903d81cbbe13,10936
results/leiden-v2/ablations-2026-09-26/screening/candidates/99208c85a67fb4f5441f8b44a399f7eb4b283c6f99bd2c7c7b0a4b0c263256c3/stress/edge_removal-10004/communities.csv,170f463df42a39f49534cf3382ba24e900517f6606cb99997eb3d192b76b5cea,10936
results/leiden-v2/ablations-2026-09-26/screening/candidates/99208c85a67fb4f5441f8b44a399f7eb4b283c6f99bd2c7c7b0a4b0c263256c3/stress/vocabulary_subsample-10004/communities.csv,69547065142a8cb27199cbe0cb5da2c8a95e76d466eede29b469c561f378bb89,9842
results/leiden-v2/ablations-2026-09-26/screening/candidates/99208c85a67fb4f5441f8b44a399f7eb4b283c6f99bd2c7c7b0a4b0c263256c3/stress/comparator-10005/communities.csv,ffa20a06267c0f381878135fb045b9195d3ee91a52531372d3bb6b60a128df4f,10936
results/leiden-v2/ablations-2026-09-26/screening/candidates/99208c85a67fb4f5441f8b44a399f7eb4b283c6f99bd2c7c7b0a4b0c263256c3/stress/edge_removal-10005/communities.csv,49d4dac566d0c02890d2576dd518a24224ca8132e755d242e4569cd54a12915c,10936
results/leiden-v2/ablations-2026-09-26/screening/candidates/99208c85a67fb4f5441f8b44a399f7eb4b283c6f99bd2c7c7b0a4b0c263256c3/stress/vocabulary_subsample-10005/communities.csv,8beb0ea5991516e7ef6987439942d1909d370bf02abc8f74c36242816b43ce67,9842
results/leiden-v2/ablations-2026-09-26/screening/candidates/99208c85a67fb4f5441f8b44a399f7eb4b283c6f99bd2c7c7b0a4b0c263256c3/stress/comparator-10006/communities.csv,cee6ddc3f9aecee848ef253f0b7e9b1e172a47a5526a64982d9a3fcb9553f76e,10936
results/leiden-v2/ablations-2026-09-26/screening/candidates/99208c85a67fb4f5441f8b44a399f7eb4b283c6f99bd2c7c7b0a4b0c263256c3/stress/edge_removal-10006/communities.csv,7db12bc46e96ba18e67e36837fab297cb5e2114edf7c5d996019da4ceaf51685,10936
results/leiden-v2/ablations-2026-09-26/screening/candidates/99208c85a67fb4f5441f8b44a399f7eb4b283c6f99bd2c7c7b0a4b0c263256c3/stress/vocabulary_subsample-10006/communities.csv,499c576cad3cc625c94315a4e497074a035cf14df7bee434bc8a13537dfdd5e4,9842
results/leiden-v2/ablations-2026-09-26/screening/candidates/99208c85a67fb4f5441f8b44a399f7eb4b283c6f99bd2c7c7b0a4b0c263256c3/stress/comparator-10007/communities.csv,2610fd0b54cbeb77bb1d06a530d97d8754c8c46a7b66af50a4af1a8ed65cc689,10936
results/leiden-v2/ablations-2026-09-26/screening/candidates/99208c85a67fb4f5441f8b44a399f7eb4b283c6f99bd2c7c7b0a4b0c263256c3/stress/edge_removal-10007/communities.csv,66410d1b8a4138f7fa2eff822567634757ff86fb9fff7c3b0e907af60b514662,10936
results/leiden-v2/ablations-2026-09-26/screening/candidates/99208c85a67fb4f5441f8b44a399f7eb4b283c6f99bd2c7c7b0a4b0c263256c3/stress/vocabulary_subsample-10007/communities.csv,23ff1779213454eb416256a04598745c2f1d44a04c6493aeaa8a600a9d8c1ac5,9842
results/leiden-v2/ablations-2026-09-26/screening/candidates/99208c85a67fb4f5441f8b44a399f7eb4b283c6f99bd2c7c7b0a4b0c263256c3/stress/comparator-10008/communities.csv,9ebd30898d43371480885752c83063c004e95d1e53c2725cb1f930dd3c6c6386,10936
results/leiden-v2/ablations-2026-09-26/screening/candidates/99208c85a67fb4f5441f8b44a399f7eb4b283c6f99bd2c7c7b0a4b0c263256c3/stress/edge_removal-10008/communities.csv,6da2f2da7895c6fdcbd599fec1086c33328c1ccba737fcc7cae22fc9c9917ee3,10936
results/leiden-v2/ablations-2026-09-26/screening/candidates/99208c85a67fb4f5441f8b44a399f7eb4b283c6f99bd2c7c7b0a4b0c263256c3/stress/vocabulary_subsample-10008/communities.csv,b5fbcf81b92886b198046f5c94e10b3c9291a3826629d017f589daa0463727b6,9842
results/leiden-v2/ablations-2026-09-26/screening/candidates/99208c85a67fb4f5441f8b44a399f7eb4b283c6f99bd2c7c7b0a4b0c263256c3/stress/comparator-10009/communities.csv,b199e2862539cb6f2ec88284d5701acb4b1bed49d04366b6836acb914da98c86,10936
results/leiden-v2/ablations-2026-09-26/screening/candidates/99208c85a67fb4f5441f8b44a399f7eb4b283c6f99bd2c7c7b0a4b0c263256c3/stress/edge_removal-10009/communities.csv,14d249ca683110024fb323e0b16892ea16cf79cc64398076e6db89f5d4a036f0,10936
results/leiden-v2/ablations-2026-09-26/screening/candidates/99208c85a67fb4f5441f8b44a399f7eb4b283c6f99bd2c7c7b0a4b0c263256c3/stress/vocabulary_subsample-10009/communities.csv,7947ea182296765179c1098f3d7a3d9c6209b82da5822bda176e732e5e5a40d0,9842
results/leiden-v2/ablations-2026-09-26/screening/candidates/99208c85a67fb4f5441f8b44a399f7eb4b283c6f99bd2c7c7b0a4b0c263256c3/sensitivity/k-increase/communities.csv,8067c0eb816cd6dc896a79d3cdf77e08b9ff658a475db98c2666e5ee32231b04,10936
results/leiden-v2/ablations-2026-09-26/screening/candidates/99208c85a67fb4f5441f8b44a399f7eb4b283c6f99bd2c7c7b0a4b0c263256c3/sensitivity/k-decrease/communities.csv,ac1eefd158ceda9e7431ad22795607d21871cc6b0da14032424883ff87e31e69,10936
results/leiden-v2/ablations-2026-09-26/screening/candidates/99208c85a67fb4f5441f8b44a399f7eb4b283c6f99bd2c7c7b0a4b0c263256c3/sensitivity/resolution-increase/communities.csv,075e45dcfcfd96c501ed4409070f9437f9fc95e2a73b8e9e3b86d644714c3997,10936
results/leiden-v2/ablations-2026-09-26/screening/candidates/99208c85a67fb4f5441f8b44a399f7eb4b283c6f99bd2c7c7b0a4b0c263256c3/sensitivity/resolution-decrease/communities.csv,31549e7e39e71e60fa97d76f3420c9f94a40b2fb3966228225f34d0c7c4f7fc2,10936
results/leiden-v2/ablations-2026-09-26/screening/candidates/4327e32e3244951f627aa1a975a61e0efd9a30eb33b2f3547040bb9ef3828231/seed-42/communities.csv,ede533b021b093bceeceb00236826b804d8d3903bc665b66b418c2dc5cae3264,10936
results/leiden-v2/ablations-2026-09-26/screening/candidates/4327e32e3244951f627aa1a975a61e0efd9a30eb33b2f3547040bb9ef3828231/seed-43/communities.csv,ede533b021b093bceeceb00236826b804d8d3903bc665b66b418c2dc5cae3264,10936
results/leiden-v2/ablations-2026-09-26/screening/candidates/4327e32e3244951f627aa1a975a61e0efd9a30eb33b2f3547040bb9ef3828231/seed-44/communities.csv,ede533b021b093bceeceb00236826b804d8d3903bc665b66b418c2dc5cae3264,10936
results/leiden-v2/ablations-2026-09-26/screening/candidates/4327e32e3244951f627aa1a975a61e0efd9a30eb33b2f3547040bb9ef3828231/stress/comparator-10000/communities.csv,ede533b021b093bceeceb00236826b804d8d3903bc665b66b418c2dc5cae3264,10936
results/leiden-v2/ablations-2026-09-26/screening/candidates/4327e32e3244951f627aa1a975a61e0efd9a30eb33b2f3547040bb9ef3828231/stress/edge_removal-10000/communities.csv,ede533b021b093bceeceb00236826b804d8d3903bc665b66b418c2dc5cae3264,10936
results/leiden-v2/ablations-2026-09-26/screening/candidates/4327e32e3244951f627aa1a975a61e0efd9a30eb33b2f3547040bb9ef3828231/stress/vocabulary_subsample-10000/communities.csv,ec5063c8cc04f03895b44b428aa49b363f256368d63b0af664ba48522257ad46,9842
results/leiden-v2/ablations-2026-09-26/screening/candidates/4327e32e3244951f627aa1a975a61e0efd9a30eb33b2f3547040bb9ef3828231/stress/comparator-10001/communities.csv,ede533b021b093bceeceb00236826b804d8d3903bc665b66b418c2dc5cae3264,10936
results/leiden-v2/ablations-2026-09-26/screening/candidates/4327e32e3244951f627aa1a975a61e0efd9a30eb33b2f3547040bb9ef3828231/stress/edge_removal-10001/communities.csv,ede533b021b093bceeceb00236826b804d8d3903bc665b66b418c2dc5cae3264,10936
results/leiden-v2/ablations-2026-09-26/screening/candidates/4327e32e3244951f627aa1a975a61e0efd9a30eb33b2f3547040bb9ef3828231/stress/vocabulary_subsample-10001/communities.csv,2917953a07803bc6be659e856150cf880189b92de3773d58ef2088b674d97460,9842
results/leiden-v2/ablations-2026-09-26/screening/candidates/4327e32e3244951f627aa1a975a61e0efd9a30eb33b2f3547040bb9ef3828231/stress/comparator-10002/communities.csv,ede533b021b093bceeceb00236826b804d8d3903bc665b66b418c2dc5cae3264,10936
results/leiden-v2/ablations-2026-09-26/screening/candidates/4327e32e3244951f627aa1a975a61e0efd9a30eb33b2f3547040bb9ef3828231/stress/edge_removal-10002/communities.csv,ede533b021b093bceeceb00236826b804d8d3903bc665b66b418c2dc5cae3264,10936
results/leiden-v2/ablations-2026-09-26/screening/candidates/4327e32e3244951f627aa1a975a61e0efd9a30eb33b2f3547040bb9ef3828231/stress/vocabulary_subsample-10002/communities.csv,fbaddf7ba1cd06ec633af701c93d35be0c3132361b33e24ba91cf4298ee82960,9842
results/leiden-v2/ablations-2026-09-26/screening/candidates/4327e32e3244951f627aa1a975a61e0efd9a30eb33b2f3547040bb9ef3828231/stress/comparator-10003/communities.csv,ede533b021b093bceeceb00236826b804d8d3903bc665b66b418c2dc5cae3264,10936
results/leiden-v2/ablations-2026-09-26/screening/candidates/4327e32e3244951f627aa1a975a61e0efd9a30eb33b2f3547040bb9ef3828231/stress/edge_removal-10003/communities.csv,ede533b021b093bceeceb00236826b804d8d3903bc665b66b418c2dc5cae3264,10936
results/leiden-v2/ablations-2026-09-26/screening/candidates/4327e32e3244951f627aa1a975a61e0efd9a30eb33b2f3547040bb9ef3828231/stress/vocabulary_subsample-10003/communities.csv,04e3064dbe7d14787d7de1db0ebda65eb0312f25c0a312ea95009076e5bb644f,9842
results/leiden-v2/ablations-2026-09-26/screening/candidates/4327e32e3244951f627aa1a975a61e0efd9a30eb33b2f3547040bb9ef3828231/stress/comparator-10004/communities.csv,ede533b021b093bceeceb00236826b804d8d3903bc665b66b418c2dc5cae3264,10936
results/leiden-v2/ablations-2026-09-26/screening/candidates/4327e32e3244951f627aa1a975a61e0efd9a30eb33b2f3547040bb9ef3828231/stress/edge_removal-10004/communities.csv,ede533b021b093bceeceb00236826b804d8d3903bc665b66b418c2dc5cae3264,10936
results/leiden-v2/ablations-2026-09-26/screening/candidates/4327e32e3244951f627aa1a975a61e0efd9a30eb33b2f3547040bb9ef3828231/stress/vocabulary_subsample-10004/communities.csv,9680676d2500ce182cb9c04c94c35eeabe904a79637304ef0ad5d6e581802cc3,9842
results/leiden-v2/ablations-2026-09-26/screening/candidates/4327e32e3244951f627aa1a975a61e0efd9a30eb33b2f3547040bb9ef3828231/stress/comparator-10005/communities.csv,ede533b021b093bceeceb00236826b804d8d3903bc665b66b418c2dc5cae3264,10936
results/leiden-v2/ablations-2026-09-26/screening/candidates/4327e32e3244951f627aa1a975a61e0efd9a30eb33b2f3547040bb9ef3828231/stress/edge_removal-10005/communities.csv,ede533b021b093bceeceb00236826b804d8d3903bc665b66b418c2dc5cae3264,10936
results/leiden-v2/ablations-2026-09-26/screening/candidates/4327e32e3244951f627aa1a975a61e0efd9a30eb33b2f3547040bb9ef3828231/stress/vocabulary_subsample-10005/communities.csv,f5f546912c415d94e5c8469463b04c936de642c90655fd233a0daf7bb95ead35,9842
results/leiden-v2/ablations-2026-09-26/screening/candidates/4327e32e3244951f627aa1a975a61e0efd9a30eb33b2f3547040bb9ef3828231/stress/comparator-10006/communities.csv,ede533b021b093bceeceb00236826b804d8d3903bc665b66b418c2dc5cae3264,10936
results/leiden-v2/ablations-2026-09-26/screening/candidates/4327e32e3244951f627aa1a975a61e0efd9a30eb33b2f3547040bb9ef3828231/stress/edge_removal-10006/communities.csv,ede533b021b093bceeceb00236826b804d8d3903bc665b66b418c2dc5cae3264,10936
results/leiden-v2/ablations-2026-09-26/screening/candidates/4327e32e3244951f627aa1a975a61e0efd9a30eb33b2f3547040bb9ef3828231/stress/vocabulary_subsample-10006/communities.csv,74cfee99238affdf707d11bb1dec734b6b0bfa447152dfaded2bb660dd7240fe,9842
results/leiden-v2/ablations-2026-09-26/screening/candidates/4327e32e3244951f627aa1a975a61e0efd9a30eb33b2f3547040bb9ef3828231/stress/comparator-10007/communities.csv,ede533b021b093bceeceb00236826b804d8d3903bc665b66b418c2dc5cae3264,10936
results/leiden-v2/ablations-2026-09-26/screening/candidates/4327e32e3244951f627aa1a975a61e0efd9a30eb33b2f3547040bb9ef3828231/stress/edge_removal-10007/communities.csv,ede533b021b093bceeceb00236826b804d8d3903bc665b66b418c2dc5cae3264,10936
results/leiden-v2/ablations-2026-09-26/screening/candidates/4327e32e3244951f627aa1a975a61e0efd9a30eb33b2f3547040bb9ef3828231/stress/vocabulary_subsample-10007/communities.csv,9e93bb73c3f98d3f1159b4a625ad7f92cabdb8145c1a8012163dfae83b2f183c,9842
results/leiden-v2/ablations-2026-09-26/screening/candidates/4327e32e3244951f627aa1a975a61e0efd9a30eb33b2f3547040bb9ef3828231/stress/comparator-10008/communities.csv,ede533b021b093bceeceb00236826b804d8d3903bc665b66b418c2dc5cae3264,10936
results/leiden-v2/ablations-2026-09-26/screening/candidates/4327e32e3244951f627aa1a975a61e0efd9a30eb33b2f3547040bb9ef3828231/stress/edge_removal-10008/communities.csv,ede533b021b093bceeceb00236826b804d8d3903bc665b66b418c2dc5cae3264,10936
results/leiden-v2/ablations-2026-09-26/screening/candidates/4327e32e3244951f627aa1a975a61e0efd9a30eb33b2f3547040bb9ef3828231/stress/vocabulary_subsample-10008/communities.csv,62e81d8973fd9ee4eb0408ec233c93640f33cbec9102d3d94d3d676d5b371a71,9842
results/leiden-v2/ablations-2026-09-26/screening/candidates/4327e32e3244951f627aa1a975a61e0efd9a30eb33b2f3547040bb9ef3828231/stress/comparator-10009/communities.csv,ede533b021b093bceeceb00236826b804d8d3903bc665b66b418c2dc5cae3264,10936
results/leiden-v2/ablations-2026-09-26/screening/candidates/4327e32e3244951f627aa1a975a61e0efd9a30eb33b2f3547040bb9ef3828231/stress/edge_removal-10009/communities.csv,ede533b021b093bceeceb00236826b804d8d3903bc665b66b418c2dc5cae3264,10936
results/leiden-v2/ablations-2026-09-26/screening/candidates/4327e32e3244951f627aa1a975a61e0efd9a30eb33b2f3547040bb9ef3828231/stress/vocabulary_subsample-10009/communities.csv,6f0de88fd6ffbd513245740362871b24cfac031affc55cbb563344f4961ccd71,9842
results/leiden-v2/ablations-2026-09-26/screening/candidates/01d08e36055a8a770611226e8f5a24150517c11033a4b689e87fe3e8be562c6f/seed-42/communities.csv,7636a08df354229baaa8ca99bc63b8ff70f00ef1e513ea46c32b66c1547fb011,10936
results/leiden-v2/ablations-2026-09-26/screening/candidates/01d08e36055a8a770611226e8f5a24150517c11033a4b689e87fe3e8be562c6f/seed-43/communities.csv,7a26ca4b00f70dd1bc14a0cc5adf525f73a879bb714a3a1b49a13a7847949dad,10936
results/leiden-v2/ablations-2026-09-26/screening/candidates/01d08e36055a8a770611226e8f5a24150517c11033a4b689e87fe3e8be562c6f/seed-44/communities.csv,abf2b7905f06e0df947c63e52ee5ef20647ef916969f0b93cbebd90b645d980c,10936
results/leiden-v2/ablations-2026-09-26/screening/candidates/01d08e36055a8a770611226e8f5a24150517c11033a4b689e87fe3e8be562c6f/stress/comparator-10000/communities.csv,3a9afc5e34848e0aeac1bb2bd3b4d1c3299782d310bc50db0f8fcf92fb67a05f,10936
results/leiden-v2/ablations-2026-09-26/screening/candidates/01d08e36055a8a770611226e8f5a24150517c11033a4b689e87fe3e8be562c6f/stress/edge_removal-10000/communities.csv,228cf2be2fe4b0ac4160116466de0f0ba1c41bd3b522433351abfe4779061099,10936
results/leiden-v2/ablations-2026-09-26/screening/candidates/01d08e36055a8a770611226e8f5a24150517c11033a4b689e87fe3e8be562c6f/stress/vocabulary_subsample-10000/communities.csv,c3b7e2c7f0352cb1a1f7d6be7d4e2a780d26518b3f6da0e67b97d6d1d9c7311e,9842
results/leiden-v2/ablations-2026-09-26/screening/candidates/01d08e36055a8a770611226e8f5a24150517c11033a4b689e87fe3e8be562c6f/stress/comparator-10001/communities.csv,9eb7bd52ce7d27b31a51e16d2bf99c2ea4a683e2b29d0a2b66cfa34a92c2742a,10936
results/leiden-v2/ablations-2026-09-26/screening/candidates/01d08e36055a8a770611226e8f5a24150517c11033a4b689e87fe3e8be562c6f/stress/edge_removal-10001/communities.csv,0c6c0bd22864263c4d20890f6f090cb61799bc59f1e1b5e464f6ea431b397203,10936
results/leiden-v2/ablations-2026-09-26/screening/candidates/01d08e36055a8a770611226e8f5a24150517c11033a4b689e87fe3e8be562c6f/stress/vocabulary_subsample-10001/communities.csv,bcd1477905285a02f6c10e7ebdba4cf9f24785a44807ac13a706adb70c223632,9842
results/leiden-v2/ablations-2026-09-26/screening/candidates/01d08e36055a8a770611226e8f5a24150517c11033a4b689e87fe3e8be562c6f/stress/comparator-10002/communities.csv,4bf8c2a8100d723a78266b9f63ae5c4fab3617c79aef8928a5eeb635a6ac4f2a,10936
results/leiden-v2/ablations-2026-09-26/screening/candidates/01d08e36055a8a770611226e8f5a24150517c11033a4b689e87fe3e8be562c6f/stress/edge_removal-10002/communities.csv,ce43d473be5aa9cb430eda331c3d16b8bef14de21472806fa0aeda71087dc021,10936
results/leiden-v2/ablations-2026-09-26/screening/candidates/01d08e36055a8a770611226e8f5a24150517c11033a4b689e87fe3e8be562c6f/stress/vocabulary_subsample-10002/communities.csv,ec3e67ac33619577d8d85898be6caefb433c6c911494ed6fd4c5ecd1d35531a7,9842
results/leiden-v2/ablations-2026-09-26/screening/candidates/01d08e36055a8a770611226e8f5a24150517c11033a4b689e87fe3e8be562c6f/stress/comparator-10003/communities.csv,c41f8606eb4a0b07e19039f412160d3e28a6834335c64ffe562a43905d723053,10936
results/leiden-v2/ablations-2026-09-26/screening/candidates/01d08e36055a8a770611226e8f5a24150517c11033a4b689e87fe3e8be562c6f/stress/edge_removal-10003/communities.csv,77aee67846ca267c4f33802fa9ece5c064fec841d2d5f935668f6bfb2d4d982d,10936
results/leiden-v2/ablations-2026-09-26/screening/candidates/01d08e36055a8a770611226e8f5a24150517c11033a4b689e87fe3e8be562c6f/stress/vocabulary_subsample-10003/communities.csv,251d3abdcaf4c1b15335b4f7b17afa30bb05aa0a22e0173da88d6c4be294e14e,9842
results/leiden-v2/ablations-2026-09-26/screening/candidates/01d08e36055a8a770611226e8f5a24150517c11033a4b689e87fe3e8be562c6f/stress/comparator-10004/communities.csv,455870c2bed1077f93a55b46307a73f383e1834f995eaec6fa63ed60ad480812,10936
results/leiden-v2/ablations-2026-09-26/screening/candidates/01d08e36055a8a770611226e8f5a24150517c11033a4b689e87fe3e8be562c6f/stress/edge_removal-10004/communities.csv,8410486b017505be019be9d63968435c46e26e30a0e51727bc0bab189d5570cc,10936
results/leiden-v2/ablations-2026-09-26/screening/candidates/01d08e36055a8a770611226e8f5a24150517c11033a4b689e87fe3e8be562c6f/stress/vocabulary_subsample-10004/communities.csv,77ba2ce35a518dce63ccdc6ef32a31d87c09d801065080e52d2d9e0611f6f8f1,9842
results/leiden-v2/ablations-2026-09-26/screening/candidates/01d08e36055a8a770611226e8f5a24150517c11033a4b689e87fe3e8be562c6f/stress/comparator-10005/communities.csv,3debb1634d0ca973b964835f1146dbc83337309b46687727d83227a63ddf47ba,10936
results/leiden-v2/ablations-2026-09-26/screening/candidates/01d08e36055a8a770611226e8f5a24150517c11033a4b689e87fe3e8be562c6f/stress/edge_removal-10005/communities.csv,c9cb7f8b6e705ef31c0a84cd23122e9e25d8bd5a8ac08455445d87a00e049e36,10936
results/leiden-v2/ablations-2026-09-26/screening/candidates/01d08e36055a8a770611226e8f5a24150517c11033a4b689e87fe3e8be562c6f/stress/vocabulary_subsample-10005/communities.csv,528ea9dcc78144c3029ff17b165b145414808b57349ad531888d2d0f658c88f0,9842
results/leiden-v2/ablations-2026-09-26/screening/candidates/01d08e36055a8a770611226e8f5a24150517c11033a4b689e87fe3e8be562c6f/stress/comparator-10006/communities.csv,909ece56c9388ac3d87783f37587747a5f70c2872a4b4164da657323fca2046b,10936
results/leiden-v2/ablations-2026-09-26/screening/candidates/01d08e36055a8a770611226e8f5a24150517c11033a4b689e87fe3e8be562c6f/stress/edge_removal-10006/communities.csv,433383a3ba4154321f9956b7ae48b5773998871e0f0ae7b543d5b873111d822f,10936
results/leiden-v2/ablations-2026-09-26/screening/candidates/01d08e36055a8a770611226e8f5a24150517c11033a4b689e87fe3e8be562c6f/stress/vocabulary_subsample-10006/communities.csv,cfcbcde7989f93bb35d02590f19bfd5b9e37339ec5363de93c699f12971e8958,9842
results/leiden-v2/ablations-2026-09-26/screening/candidates/01d08e36055a8a770611226e8f5a24150517c11033a4b689e87fe3e8be562c6f/stress/comparator-10007/communities.csv,89bf57aa76cf22e7653f220d1b937a896da8aeb8accd8ccd0b1694f158543c85,10936
results/leiden-v2/ablations-2026-09-26/screening/candidates/01d08e36055a8a770611226e8f5a24150517c11033a4b689e87fe3e8be562c6f/stress/edge_removal-10007/communities.csv,4119b6d2306b7475f53c0d40cef5918c22d8d0f20f8f29329abd06ee812118a8,10936
results/leiden-v2/ablations-2026-09-26/screening/candidates/01d08e36055a8a770611226e8f5a24150517c11033a4b689e87fe3e8be562c6f/stress/vocabulary_subsample-10007/communities.csv,6f95c1f3f730e527af174452aadaab70fcc7f3515ad382f3b972e8fac5e2eb04,9842
results/leiden-v2/ablations-2026-09-26/screening/candidates/01d08e36055a8a770611226e8f5a24150517c11033a4b689e87fe3e8be562c6f/stress/comparator-10008/communities.csv,6c93b2dccee3bbedbd2dae212938c853ebf3cf3830bd6f1df4614038fab510ff,10936
results/leiden-v2/ablations-2026-09-26/screening/candidates/01d08e36055a8a770611226e8f5a24150517c11033a4b689e87fe3e8be562c6f/stress/edge_removal-10008/communities.csv,e7815e2ce55effc0a1ce8d1bbe54366464431183168731e846ee0d8f81c9630a,10936
results/leiden-v2/ablations-2026-09-26/screening/candidates/01d08e36055a8a770611226e8f5a24150517c11033a4b689e87fe3e8be562c6f/stress/vocabulary_subsample-10008/communities.csv,e4e78a9365ac6f4fe127e8ff56eecaedacdf6bf8062840f1ba4af85d5ea090ca,9842
results/leiden-v2/ablations-2026-09-26/screening/candidates/01d08e36055a8a770611226e8f5a24150517c11033a4b689e87fe3e8be562c6f/stress/comparator-10009/communities.csv,e9f08ff6a5c7a1aa7b154134a1f64903cf856228e7f7fab00a3de9e7c9010035,10936
results/leiden-v2/ablations-2026-09-26/screening/candidates/01d08e36055a8a770611226e8f5a24150517c11033a4b689e87fe3e8be562c6f/stress/edge_removal-10009/communities.csv,e47984ea154d27afacfa4eb27525352a62b968854d45cc2c294634b7f042303c,10936
results/leiden-v2/ablations-2026-09-26/screening/candidates/01d08e36055a8a770611226e8f5a24150517c11033a4b689e87fe3e8be562c6f/stress/vocabulary_subsample-10009/communities.csv,b943016351c21c8d9c47404b94d8c16b43be250105f9d634d782211811f6c2bc,9842
results/leiden-v2/ablations-2026-09-26/screening/candidates/28f7577a910b7a16ae8ae6f30b708eb830cd3cfe5503ffdca914b4ced94f89cf/seed-42/communities.csv,9798628c8636e25445176ad2371cd414e6820f62823644e2708886957f0d4844,10936
results/leiden-v2/ablations-2026-09-26/screening/candidates/28f7577a910b7a16ae8ae6f30b708eb830cd3cfe5503ffdca914b4ced94f89cf/seed-43/communities.csv,295fc2929e41c4488d25dceb4dc043e090783e32fd6203ccf9363bc3820d19a4,10936
results/leiden-v2/ablations-2026-09-26/screening/candidates/28f7577a910b7a16ae8ae6f30b708eb830cd3cfe5503ffdca914b4ced94f89cf/seed-44/communities.csv,b1f0f2662b947d517aed2125f10fdc2502995bd5a0ff372a8f60a7c3a780db90,10936
results/leiden-v2/ablations-2026-09-26/screening/candidates/28f7577a910b7a16ae8ae6f30b708eb830cd3cfe5503ffdca914b4ced94f89cf/stress/comparator-10000/communities.csv,9801237f585e90066d2678ca2feb59af89a530af05c6ce51868fe926defd2833,10936
results/leiden-v2/ablations-2026-09-26/screening/candidates/28f7577a910b7a16ae8ae6f30b708eb830cd3cfe5503ffdca914b4ced94f89cf/stress/edge_removal-10000/communities.csv,e6dd7eab2da9839f1bcbda91c52c45dc4bfdd1efcf7949c46b3637b369565be0,10936
results/leiden-v2/ablations-2026-09-26/screening/candidates/28f7577a910b7a16ae8ae6f30b708eb830cd3cfe5503ffdca914b4ced94f89cf/stress/vocabulary_subsample-10000/communities.csv,91f7f53ebb80d9457c0ac12a6b342a188f3d2121f3e6706248441e9a2462361f,9842
results/leiden-v2/ablations-2026-09-26/screening/candidates/28f7577a910b7a16ae8ae6f30b708eb830cd3cfe5503ffdca914b4ced94f89cf/stress/comparator-10001/communities.csv,4060f2afbceaffec316ad5665c64993301f2e48dee62832c9c9e087beee81148,10936
results/leiden-v2/ablations-2026-09-26/screening/candidates/28f7577a910b7a16ae8ae6f30b708eb830cd3cfe5503ffdca914b4ced94f89cf/stress/edge_removal-10001/communities.csv,f90c3bb7855e008e75215f1496692bb96640c8c71844f371be0376d3972fd502,10936
results/leiden-v2/ablations-2026-09-26/screening/candidates/28f7577a910b7a16ae8ae6f30b708eb830cd3cfe5503ffdca914b4ced94f89cf/stress/vocabulary_subsample-10001/communities.csv,b24f6ae6843b2f0a793347c1730d7391c486a3d4e67d4b39c0a95ce2ab03d0c4,9842
results/leiden-v2/ablations-2026-09-26/screening/candidates/28f7577a910b7a16ae8ae6f30b708eb830cd3cfe5503ffdca914b4ced94f89cf/stress/comparator-10002/communities.csv,8786ec655fddea1ff7d6dc3c99120fcef7cd0aec2e601728230bb4107a23a968,10936
results/leiden-v2/ablations-2026-09-26/screening/candidates/28f7577a910b7a16ae8ae6f30b708eb830cd3cfe5503ffdca914b4ced94f89cf/stress/edge_removal-10002/communities.csv,e08c55a8478136ddf1ca1b96ebc3fe370cee5ad4dbffbc371fc7fc8efd3ad163,10936
results/leiden-v2/ablations-2026-09-26/screening/candidates/28f7577a910b7a16ae8ae6f30b708eb830cd3cfe5503ffdca914b4ced94f89cf/stress/vocabulary_subsample-10002/communities.csv,7b7ecb8631a64456eb793cdb12e478bcf34b4b49dc47443184deccc7307407ff,9842
results/leiden-v2/ablations-2026-09-26/screening/candidates/28f7577a910b7a16ae8ae6f30b708eb830cd3cfe5503ffdca914b4ced94f89cf/stress/comparator-10003/communities.csv,c569bd8bd172364bbd08bb766876a1baaa2a9d287aeb56c68898c51c0cb36a56,10936
results/leiden-v2/ablations-2026-09-26/screening/candidates/28f7577a910b7a16ae8ae6f30b708eb830cd3cfe5503ffdca914b4ced94f89cf/stress/edge_removal-10003/communities.csv,4a80e20ffa803d986b61fa981d2aa6f410864b688b5c293b1ef738e4cf32efe9,10936
results/leiden-v2/ablations-2026-09-26/screening/candidates/28f7577a910b7a16ae8ae6f30b708eb830cd3cfe5503ffdca914b4ced94f89cf/stress/vocabulary_subsample-10003/communities.csv,9f5601b7580a72f997474c9e7c813a17a03c33b41a9ecbae57883783e5497fc0,9842
results/leiden-v2/ablations-2026-09-26/screening/candidates/28f7577a910b7a16ae8ae6f30b708eb830cd3cfe5503ffdca914b4ced94f89cf/stress/comparator-10004/communities.csv,68fa1d976e1a7fa0998182a45d4e8300111cb78b0dd5f46814983cc5bb72f09a,10936
results/leiden-v2/ablations-2026-09-26/screening/candidates/28f7577a910b7a16ae8ae6f30b708eb830cd3cfe5503ffdca914b4ced94f89cf/stress/edge_removal-10004/communities.csv,2dfe7f65bda1acee778c015d79c872068d279ed9baf6837f77d03444ea4ada1a,10936
results/leiden-v2/ablations-2026-09-26/screening/candidates/28f7577a910b7a16ae8ae6f30b708eb830cd3cfe5503ffdca914b4ced94f89cf/stress/vocabulary_subsample-10004/communities.csv,cfb6776e3fc94a5cd8d9958ac97665cf7e85664294d3ffe8203a41628ab7cb26,9842
results/leiden-v2/ablations-2026-09-26/screening/candidates/28f7577a910b7a16ae8ae6f30b708eb830cd3cfe5503ffdca914b4ced94f89cf/stress/comparator-10005/communities.csv,3617c05e4b60c501efc3285eb8b67527d3f78fa3759d7bd4182d8385be9482fa,10936
results/leiden-v2/ablations-2026-09-26/screening/candidates/28f7577a910b7a16ae8ae6f30b708eb830cd3cfe5503ffdca914b4ced94f89cf/stress/edge_removal-10005/communities.csv,0a41e22da3732390315c788ca94995a3c20aaf058a605758aaaca2ba06fad6c7,10936
results/leiden-v2/ablations-2026-09-26/screening/candidates/28f7577a910b7a16ae8ae6f30b708eb830cd3cfe5503ffdca914b4ced94f89cf/stress/vocabulary_subsample-10005/communities.csv,8bb3ea2581993aba8a374161649a15e5af7b2b2f1704f10e1b520d265f069cc2,9842
results/leiden-v2/ablations-2026-09-26/screening/candidates/28f7577a910b7a16ae8ae6f30b708eb830cd3cfe5503ffdca914b4ced94f89cf/stress/comparator-10006/communities.csv,9e69efdea75675081530e8b6475af637276792762c44352901fd947d34082d5c,10936
results/leiden-v2/ablations-2026-09-26/screening/candidates/28f7577a910b7a16ae8ae6f30b708eb830cd3cfe5503ffdca914b4ced94f89cf/stress/edge_removal-10006/communities.csv,348653a73a58dc0b8407456d5b8c4d1ca5663c66616e52ff5e4e4af88322ead9,10936
results/leiden-v2/ablations-2026-09-26/screening/candidates/28f7577a910b7a16ae8ae6f30b708eb830cd3cfe5503ffdca914b4ced94f89cf/stress/vocabulary_subsample-10006/communities.csv,7344b0543cd2d5bbfd27ab1bc7bb8fb6ed039b763ba82427c45e62c67e5ae710,9842
results/leiden-v2/ablations-2026-09-26/screening/candidates/28f7577a910b7a16ae8ae6f30b708eb830cd3cfe5503ffdca914b4ced94f89cf/stress/comparator-10007/communities.csv,d93be93f80fcfb1737ec43cce27a2f88ec4421d390f1bf726de18a3e79ced8ce,10936
results/leiden-v2/ablations-2026-09-26/screening/candidates/28f7577a910b7a16ae8ae6f30b708eb830cd3cfe5503ffdca914b4ced94f89cf/stress/edge_removal-10007/communities.csv,de31d3f5cc093482e515243fa9d16baf7ef38568261c84676617df2c542e57e0,10936
results/leiden-v2/ablations-2026-09-26/screening/candidates/28f7577a910b7a16ae8ae6f30b708eb830cd3cfe5503ffdca914b4ced94f89cf/stress/vocabulary_subsample-10007/communities.csv,9fd1293cf47d7f47dbbb17d0f6611a62b96127b9da239d07a73882691c18e23c,9842
results/leiden-v2/ablations-2026-09-26/screening/candidates/28f7577a910b7a16ae8ae6f30b708eb830cd3cfe5503ffdca914b4ced94f89cf/stress/comparator-10008/communities.csv,565ac862fbf767320e8fa53410acc387a856ba7d180a5b347f516d79adcfb7be,10936
results/leiden-v2/ablations-2026-09-26/screening/candidates/28f7577a910b7a16ae8ae6f30b708eb830cd3cfe5503ffdca914b4ced94f89cf/stress/edge_removal-10008/communities.csv,7f265532a36cf1608f0787dbd15127843151bb8920504188fdbb8b6e1f31ee41,10936
results/leiden-v2/ablations-2026-09-26/screening/candidates/28f7577a910b7a16ae8ae6f30b708eb830cd3cfe5503ffdca914b4ced94f89cf/stress/vocabulary_subsample-10008/communities.csv,fc22bba3c167560c089340031338973a4882d6170f1690d3c87e4cb3be7261e7,9842
results/leiden-v2/ablations-2026-09-26/screening/candidates/28f7577a910b7a16ae8ae6f30b708eb830cd3cfe5503ffdca914b4ced94f89cf/stress/comparator-10009/communities.csv,b325ad14faf222df635804f2971033d82ac31b316bcdfcfd6584af513509e790,10936
results/leiden-v2/ablations-2026-09-26/screening/candidates/28f7577a910b7a16ae8ae6f30b708eb830cd3cfe5503ffdca914b4ced94f89cf/stress/edge_removal-10009/communities.csv,344f92e934650b2be80ddcfa979d13beb384f0ca0d11eaabe58737a10d3c6c66,10936
results/leiden-v2/ablations-2026-09-26/screening/candidates/28f7577a910b7a16ae8ae6f30b708eb830cd3cfe5503ffdca914b4ced94f89cf/stress/vocabulary_subsample-10009/communities.csv,d0cb388d69803933297704a1a589a35ff5fc31f2ac5f459a2dd150c0002ba435,9842
results/leiden-v2/ablations-2026-09-26/screening/candidates/28f7577a910b7a16ae8ae6f30b708eb830cd3cfe5503ffdca914b4ced94f89cf/sensitivity/k-increase/communities.csv,e8f782eae3f30da618cc855899346f20e0496258769376c2001c77b528ca27b2,10936
results/leiden-v2/ablations-2026-09-26/screening/candidates/28f7577a910b7a16ae8ae6f30b708eb830cd3cfe5503ffdca914b4ced94f89cf/sensitivity/k-decrease/communities.csv,1c7952ac96f036c8cb245c9a4351ebc50c80c25eea3751af13f1a3629c16dcfe,10936
results/leiden-v2/ablations-2026-09-26/screening/candidates/28f7577a910b7a16ae8ae6f30b708eb830cd3cfe5503ffdca914b4ced94f89cf/sensitivity/resolution-increase/communities.csv,6e06f30a2b76aadca9e0470d927610760884bad51234751d92ffa7cc62e6844a,10936
results/leiden-v2/ablations-2026-09-26/screening/candidates/28f7577a910b7a16ae8ae6f30b708eb830cd3cfe5503ffdca914b4ced94f89cf/sensitivity/resolution-decrease/communities.csv,649e71c861fbe31cbde362c3bd9491be6e5ae2e91a1bdb05b5ad1188122eca3f,10936
results/leiden-v2/ablations-2026-09-26/screening/candidates/abf1672f469d728689427171d78a42c8a70cd60f4c6ca1e65c1c4b622f5276a7/seed-42/communities.csv,2e856cbbdbb148366544ad12047a4ff8893da547a4ef8dd0a638356fb643c301,10936
results/leiden-v2/ablations-2026-09-26/screening/candidates/abf1672f469d728689427171d78a42c8a70cd60f4c6ca1e65c1c4b622f5276a7/seed-43/communities.csv,97f20eeb1eb524fc772fe8b78b62c2de2d36a7a8e989aebc075445a6fe282feb,10936
results/leiden-v2/ablations-2026-09-26/screening/candidates/abf1672f469d728689427171d78a42c8a70cd60f4c6ca1e65c1c4b622f5276a7/seed-44/communities.csv,fc571d94e5a1484b31ca4c60f23f0e57fcef3865965c58cf1c7ed32c0ab1a6c9,10936
results/leiden-v2/ablations-2026-09-26/screening/candidates/abf1672f469d728689427171d78a42c8a70cd60f4c6ca1e65c1c4b622f5276a7/stress/comparator-10000/communities.csv,f1e8b1e34223a357da4e4b569c47b33646519658e473c5a54e5fb733622bf37c,10936
results/leiden-v2/ablations-2026-09-26/screening/candidates/abf1672f469d728689427171d78a42c8a70cd60f4c6ca1e65c1c4b622f5276a7/stress/edge_removal-10000/communities.csv,c76d974ffc5e23d5786f0426268d33782db5e99e896c70ad15dff7eab3706349,10936
results/leiden-v2/ablations-2026-09-26/screening/candidates/abf1672f469d728689427171d78a42c8a70cd60f4c6ca1e65c1c4b622f5276a7/stress/vocabulary_subsample-10000/communities.csv,3150f8d7bad7dde8bc796da6e28b06d57c1485a9758df6c7d3cdf52c0205418f,9842
results/leiden-v2/ablations-2026-09-26/screening/candidates/abf1672f469d728689427171d78a42c8a70cd60f4c6ca1e65c1c4b622f5276a7/stress/comparator-10001/communities.csv,383d01fc1301f43401a3a874600fcd4410a6e6e268c4e5dfaee2983bc3732a41,10936
results/leiden-v2/ablations-2026-09-26/screening/candidates/abf1672f469d728689427171d78a42c8a70cd60f4c6ca1e65c1c4b622f5276a7/stress/edge_removal-10001/communities.csv,7d0e320fe9fd8ea5fb3e989c3b7f17f42a6298c1eb5d8cea080a6c1001704892,10936
results/leiden-v2/ablations-2026-09-26/screening/candidates/abf1672f469d728689427171d78a42c8a70cd60f4c6ca1e65c1c4b622f5276a7/stress/vocabulary_subsample-10001/communities.csv,8484181a4484f57c1cf1882009dd85f589bfae98e1296b4230365e26085ce01f,9842
results/leiden-v2/ablations-2026-09-26/screening/candidates/abf1672f469d728689427171d78a42c8a70cd60f4c6ca1e65c1c4b622f5276a7/stress/comparator-10002/communities.csv,d28c1c538e98d361d6f3bd778fbef461fba4e4ad9ebb899ed724bd0fb18d355c,10936
results/leiden-v2/ablations-2026-09-26/screening/candidates/abf1672f469d728689427171d78a42c8a70cd60f4c6ca1e65c1c4b622f5276a7/stress/edge_removal-10002/communities.csv,3d51d9810fa01bd2063b9e09f69b306b03b06a1db2a887880f468058d58cadc4,10936
results/leiden-v2/ablations-2026-09-26/screening/candidates/abf1672f469d728689427171d78a42c8a70cd60f4c6ca1e65c1c4b622f5276a7/stress/vocabulary_subsample-10002/communities.csv,863f08cd92903449a18cd1a0e978c5108ded0bce2799cad58190b448a52ba92e,9842
results/leiden-v2/ablations-2026-09-26/screening/candidates/abf1672f469d728689427171d78a42c8a70cd60f4c6ca1e65c1c4b622f5276a7/stress/comparator-10003/communities.csv,bc74a2c830c972f95d9d959f47e9bc9fdb1677eb083bc9bcd6f0d547888adaf7,10936
results/leiden-v2/ablations-2026-09-26/screening/candidates/abf1672f469d728689427171d78a42c8a70cd60f4c6ca1e65c1c4b622f5276a7/stress/edge_removal-10003/communities.csv,53dfe3901f2882458479c5c326baa405fe102b90e90bbd240a40f094e6fcb32f,10936
results/leiden-v2/ablations-2026-09-26/screening/candidates/abf1672f469d728689427171d78a42c8a70cd60f4c6ca1e65c1c4b622f5276a7/stress/vocabulary_subsample-10003/communities.csv,8dce587838ba92bb18803f47495a202f9e6c6d10d4b7567a6e663271de93f609,9842
results/leiden-v2/ablations-2026-09-26/screening/candidates/abf1672f469d728689427171d78a42c8a70cd60f4c6ca1e65c1c4b622f5276a7/stress/comparator-10004/communities.csv,02929ed01a31780d0268681c6a5295b6043b90b7c872fe8d8f33bc25c21d9acb,10936
results/leiden-v2/ablations-2026-09-26/screening/candidates/abf1672f469d728689427171d78a42c8a70cd60f4c6ca1e65c1c4b622f5276a7/stress/edge_removal-10004/communities.csv,712daa53e99272a7992d64ce084cc131dff3dabeb51b56695a0f5d1ef747395b,10936
results/leiden-v2/ablations-2026-09-26/screening/candidates/abf1672f469d728689427171d78a42c8a70cd60f4c6ca1e65c1c4b622f5276a7/stress/vocabulary_subsample-10004/communities.csv,70ff69c90fdd2eed41ad958c4624f384ae285e0d926006c5114a66e1e1306dae,9842
results/leiden-v2/ablations-2026-09-26/screening/candidates/abf1672f469d728689427171d78a42c8a70cd60f4c6ca1e65c1c4b622f5276a7/stress/comparator-10005/communities.csv,1829269eb12abfd0592beba3f1b2ce660309696ee9ffa9f0436770f77c505f53,10936
results/leiden-v2/ablations-2026-09-26/screening/candidates/abf1672f469d728689427171d78a42c8a70cd60f4c6ca1e65c1c4b622f5276a7/stress/edge_removal-10005/communities.csv,4bcbb6bfd5bd43cdabbf171162f837a401d61f2327f9545b848cccd7cb498928,10936
results/leiden-v2/ablations-2026-09-26/screening/candidates/abf1672f469d728689427171d78a42c8a70cd60f4c6ca1e65c1c4b622f5276a7/stress/vocabulary_subsample-10005/communities.csv,a870f8f9150c57d3cc6c98b0ddb008b2773520df5f4bd39902a818befdf7f0a9,9842
results/leiden-v2/ablations-2026-09-26/screening/candidates/abf1672f469d728689427171d78a42c8a70cd60f4c6ca1e65c1c4b622f5276a7/stress/comparator-10006/communities.csv,74b46c2b606ecaad110d08eb3c0c1c7ccf79bd2ac534f0b1baf8d7c70859eb24,10936
results/leiden-v2/ablations-2026-09-26/screening/candidates/abf1672f469d728689427171d78a42c8a70cd60f4c6ca1e65c1c4b622f5276a7/stress/edge_removal-10006/communities.csv,43e0192af3bf0f4d227c2eb344b6653a3824243b6256ce21b3cf73aec278e1b3,10936
results/leiden-v2/ablations-2026-09-26/screening/candidates/abf1672f469d728689427171d78a42c8a70cd60f4c6ca1e65c1c4b622f5276a7/stress/vocabulary_subsample-10006/communities.csv,e297d6e8949c25f927c0cdefdb4d89136081cfc38c9390086ffdeb4d92945e5f,9842
results/leiden-v2/ablations-2026-09-26/screening/candidates/abf1672f469d728689427171d78a42c8a70cd60f4c6ca1e65c1c4b622f5276a7/stress/comparator-10007/communities.csv,69bca36fc5bfd69938c27023160f7fdf58280114974f6a218e89a22022524851,10936
results/leiden-v2/ablations-2026-09-26/screening/candidates/abf1672f469d728689427171d78a42c8a70cd60f4c6ca1e65c1c4b622f5276a7/stress/edge_removal-10007/communities.csv,fbf96384bd49956405b05479a6313519a244848db14d4f466170b6cfc392c4a7,10936
results/leiden-v2/ablations-2026-09-26/screening/candidates/abf1672f469d728689427171d78a42c8a70cd60f4c6ca1e65c1c4b622f5276a7/stress/vocabulary_subsample-10007/communities.csv,a2f2070efb72cc5a88b439e9fda9d10b737c17fbf7f0cb6c16669d5b02bab7e7,9842
results/leiden-v2/ablations-2026-09-26/screening/candidates/abf1672f469d728689427171d78a42c8a70cd60f4c6ca1e65c1c4b622f5276a7/stress/comparator-10008/communities.csv,f7d3926b7888c3502998b31c417417952e5c6f60b7a5ba0c9d5969266f217d80,10936
results/leiden-v2/ablations-2026-09-26/screening/candidates/abf1672f469d728689427171d78a42c8a70cd60f4c6ca1e65c1c4b622f5276a7/stress/edge_removal-10008/communities.csv,11fdffc9421e511c1ee9866c22bab8994ad781342a020bf6babcac2b7554a5fe,10936
results/leiden-v2/ablations-2026-09-26/screening/candidates/abf1672f469d728689427171d78a42c8a70cd60f4c6ca1e65c1c4b622f5276a7/stress/vocabulary_subsample-10008/communities.csv,4cd95e3117fd03f93e5c3ab3d24fd75198f3abeddcd207e4069a1c92b9e74612,9842
results/leiden-v2/ablations-2026-09-26/screening/candidates/abf1672f469d728689427171d78a42c8a70cd60f4c6ca1e65c1c4b622f5276a7/stress/comparator-10009/communities.csv,d5064e7a492b0feebec767dc70f5504a4a38d03adff3bd83118bc7c687aff56c,10936
results/leiden-v2/ablations-2026-09-26/screening/candidates/abf1672f469d728689427171d78a42c8a70cd60f4c6ca1e65c1c4b622f5276a7/stress/edge_removal-10009/communities.csv,7eb3fab1ec3e301a0bd963bcb133852b0f39298cf45894583257702ee2e43820,10936
results/leiden-v2/ablations-2026-09-26/screening/candidates/abf1672f469d728689427171d78a42c8a70cd60f4c6ca1e65c1c4b622f5276a7/stress/vocabulary_subsample-10009/communities.csv,bfb441179474464c9e4e85b23ca64fd480ad62b611da16323e34edbf6791ebe1,9842
results/leiden-v2/ablations-2026-09-26/screening/candidates/abf1672f469d728689427171d78a42c8a70cd60f4c6ca1e65c1c4b622f5276a7/sensitivity/k-increase/communities.csv,3afad0d8954e43e1e9448c27aedb575573f695938446030be4190866e845c32f,10936
results/leiden-v2/ablations-2026-09-26/screening/candidates/abf1672f469d728689427171d78a42c8a70cd60f4c6ca1e65c1c4b622f5276a7/sensitivity/k-decrease/communities.csv,a3142f4f167bef685416bb347824b99ac0518f9974862209db60683a7e24e243,10936
results/leiden-v2/ablations-2026-09-26/screening/candidates/abf1672f469d728689427171d78a42c8a70cd60f4c6ca1e65c1c4b622f5276a7/sensitivity/resolution-increase/communities.csv,7b7e7ffaf2ab5d47300907ebf5925113ebc2970b8269ac2f93a1303af778360e,10936
results/leiden-v2/ablations-2026-09-26/screening/candidates/abf1672f469d728689427171d78a42c8a70cd60f4c6ca1e65c1c4b622f5276a7/sensitivity/resolution-decrease/communities.csv,3ad1ffb6437b67114156381032ec7a419ddf6a7ff5e56580b0a4741cc3089107,10936
results/leiden-v2/ablations-2026-09-26/screening/candidates/c25fe35396425969cbabd0ffabea4395579fe6bb9518e5632afe93816d9a21a0/seed-42/communities.csv,7e2336420184b8b7b30c1d844b7afa1008f46d4a43a0300a8dcd9e16d095b038,10936
results/leiden-v2/ablations-2026-09-26/screening/candidates/c25fe35396425969cbabd0ffabea4395579fe6bb9518e5632afe93816d9a21a0/seed-43/communities.csv,6c5f502ac5c06ebffaebfa5c3df7ef77fbe92ba880000dcfb4c1d8ccce1f5c58,10936
results/leiden-v2/ablations-2026-09-26/screening/candidates/c25fe35396425969cbabd0ffabea4395579fe6bb9518e5632afe93816d9a21a0/seed-44/communities.csv,005181f06753c69e83a3c92ae329ac60f43f079ecff6327b9268d0ae1618da65,10936
results/leiden-v2/ablations-2026-09-26/screening/candidates/c25fe35396425969cbabd0ffabea4395579fe6bb9518e5632afe93816d9a21a0/stress/comparator-10000/communities.csv,275f646bf2412a2b09f50028f42c9a980cde17383ae523c939839c724f66e566,10936
results/leiden-v2/ablations-2026-09-26/screening/candidates/c25fe35396425969cbabd0ffabea4395579fe6bb9518e5632afe93816d9a21a0/stress/edge_removal-10000/communities.csv,d75910e787fa0a511647811e30fe899433f0bd5049bf27be77878633c06d5d52,10936
results/leiden-v2/ablations-2026-09-26/screening/candidates/c25fe35396425969cbabd0ffabea4395579fe6bb9518e5632afe93816d9a21a0/stress/vocabulary_subsample-10000/communities.csv,169fc522689b16ee60fc22826ff87d5b748b942634de8c9bf71956b0a34d1d97,9842
results/leiden-v2/ablations-2026-09-26/screening/candidates/c25fe35396425969cbabd0ffabea4395579fe6bb9518e5632afe93816d9a21a0/stress/comparator-10001/communities.csv,6a09c38b741a005607c525f94ba11d09afa38339e9c6514f3a9d3c63cbbec731,10936
results/leiden-v2/ablations-2026-09-26/screening/candidates/c25fe35396425969cbabd0ffabea4395579fe6bb9518e5632afe93816d9a21a0/stress/edge_removal-10001/communities.csv,fa50b43341de8d6a4eb05229d55978cadcab568a290a40466677936ae8fa3780,10936
results/leiden-v2/ablations-2026-09-26/screening/candidates/c25fe35396425969cbabd0ffabea4395579fe6bb9518e5632afe93816d9a21a0/stress/vocabulary_subsample-10001/communities.csv,fe7a2684ba816ef2bf2401080fd17d6db80a700dddf5e69ce629bcf55379d0f5,9842
results/leiden-v2/ablations-2026-09-26/screening/candidates/c25fe35396425969cbabd0ffabea4395579fe6bb9518e5632afe93816d9a21a0/stress/comparator-10002/communities.csv,a371a2193ac11237fd6d9f08d200c48ef3281b51f99b0edfc4b2e18623479a7f,10936
results/leiden-v2/ablations-2026-09-26/screening/candidates/c25fe35396425969cbabd0ffabea4395579fe6bb9518e5632afe93816d9a21a0/stress/edge_removal-10002/communities.csv,cbe86f38cf200c33987314e57bd198285960d3cb7aaa7c8e454d57d8ca99bf5e,10936
results/leiden-v2/ablations-2026-09-26/screening/candidates/c25fe35396425969cbabd0ffabea4395579fe6bb9518e5632afe93816d9a21a0/stress/vocabulary_subsample-10002/communities.csv,8d287bd7a9c2e5e3ea21e208d5be54aa5d7df59184693d63de6b783b7bfc1bc6,9842
results/leiden-v2/ablations-2026-09-26/screening/candidates/c25fe35396425969cbabd0ffabea4395579fe6bb9518e5632afe93816d9a21a0/stress/comparator-10003/communities.csv,a10aabc88b69984f5ea5d002fadf697738a978a68dfa34ca5d87e33453a5bf4b,10936
results/leiden-v2/ablations-2026-09-26/screening/candidates/c25fe35396425969cbabd0ffabea4395579fe6bb9518e5632afe93816d9a21a0/stress/edge_removal-10003/communities.csv,a8e0744fcf93a2c51ccfe9b6a12396c90a70e478cf8cdb25345b7145bc41aac1,10936
results/leiden-v2/ablations-2026-09-26/screening/candidates/c25fe35396425969cbabd0ffabea4395579fe6bb9518e5632afe93816d9a21a0/stress/vocabulary_subsample-10003/communities.csv,83766e903b9289209d01383c0130f63181bedda6736f524ebc7c8b2399ab242f,9842
results/leiden-v2/ablations-2026-09-26/screening/candidates/c25fe35396425969cbabd0ffabea4395579fe6bb9518e5632afe93816d9a21a0/stress/comparator-10004/communities.csv,ae05196cd7d1c805a11af258f3ef74bc939b7788458df08a89a6f5c6b4627366,10936
results/leiden-v2/ablations-2026-09-26/screening/candidates/c25fe35396425969cbabd0ffabea4395579fe6bb9518e5632afe93816d9a21a0/stress/edge_removal-10004/communities.csv,83d101d289491967f6989b3f38a31d263ae6ab6e9ab620b5594d9b40b7e4b720,10936
results/leiden-v2/ablations-2026-09-26/screening/candidates/c25fe35396425969cbabd0ffabea4395579fe6bb9518e5632afe93816d9a21a0/stress/vocabulary_subsample-10004/communities.csv,ba54444d02a47ca29a801c019fb027d19cf9783038d178da2eb18a4ae5001284,9842
results/leiden-v2/ablations-2026-09-26/screening/candidates/c25fe35396425969cbabd0ffabea4395579fe6bb9518e5632afe93816d9a21a0/stress/comparator-10005/communities.csv,9b2bf1bb67dfcd5fc9ac50a66691c5f8cc50bd94662f64bcc01c154f9dd08c7d,10936
results/leiden-v2/ablations-2026-09-26/screening/candidates/c25fe35396425969cbabd0ffabea4395579fe6bb9518e5632afe93816d9a21a0/stress/edge_removal-10005/communities.csv,13c25a8be8058f8a03915aa0721987f6df8a1d5b7248acb360dc3f287c519058,10936
results/leiden-v2/ablations-2026-09-26/screening/candidates/c25fe35396425969cbabd0ffabea4395579fe6bb9518e5632afe93816d9a21a0/stress/vocabulary_subsample-10005/communities.csv,0e9dd3b7c1bfac9861833ab8a2881e24d86e95d992aa4e33ff97a986be1307dd,9842
results/leiden-v2/ablations-2026-09-26/screening/candidates/c25fe35396425969cbabd0ffabea4395579fe6bb9518e5632afe93816d9a21a0/stress/comparator-10006/communities.csv,646b524a83b34fb00b7807f0a531760b2036afa12086bce1ef59882dc3bb4084,10936
results/leiden-v2/ablations-2026-09-26/screening/candidates/c25fe35396425969cbabd0ffabea4395579fe6bb9518e5632afe93816d9a21a0/stress/edge_removal-10006/communities.csv,c27c74b181c7bf0a5ab8d2ccc790f682e52b0788accc14ca3886d8ce8c8cb67b,10936
results/leiden-v2/ablations-2026-09-26/screening/candidates/c25fe35396425969cbabd0ffabea4395579fe6bb9518e5632afe93816d9a21a0/stress/vocabulary_subsample-10006/communities.csv,7645ab456f36af3831b1613d6f1f30b83f558c41258717470d9da3bb5358d3f9,9842
results/leiden-v2/ablations-2026-09-26/screening/candidates/c25fe35396425969cbabd0ffabea4395579fe6bb9518e5632afe93816d9a21a0/stress/comparator-10007/communities.csv,b8b2b4ffc04a679bf314f16bf7c42321efb08bb1fcf43670efe0b3d9ebc0bf8f,10936
results/leiden-v2/ablations-2026-09-26/screening/candidates/c25fe35396425969cbabd0ffabea4395579fe6bb9518e5632afe93816d9a21a0/stress/edge_removal-10007/communities.csv,00c6a009b942aa2dd1d76a6f4305a4e39261aa869fa819351b745abfb97cd128,10936
results/leiden-v2/ablations-2026-09-26/screening/candidates/c25fe35396425969cbabd0ffabea4395579fe6bb9518e5632afe93816d9a21a0/stress/vocabulary_subsample-10007/communities.csv,56d419d00a922d814bb62208c86ef8ccc8560c73632f96beb159613db2728dbc,9842
results/leiden-v2/ablations-2026-09-26/screening/candidates/c25fe35396425969cbabd0ffabea4395579fe6bb9518e5632afe93816d9a21a0/stress/comparator-10008/communities.csv,d3cd38b0bc9a5ded7ff73e616e0276f0cbd665eea009c143858bf2993a088e23,10936
results/leiden-v2/ablations-2026-09-26/screening/candidates/c25fe35396425969cbabd0ffabea4395579fe6bb9518e5632afe93816d9a21a0/stress/edge_removal-10008/communities.csv,119e28605e73134dbad905812ecb824257e8cc891837918462afaf3c39f5fe27,10936
results/leiden-v2/ablations-2026-09-26/screening/candidates/c25fe35396425969cbabd0ffabea4395579fe6bb9518e5632afe93816d9a21a0/stress/vocabulary_subsample-10008/communities.csv,414e2a9c4684f943d8e1ec3917b61838f6088deebd6f806080981b6350dfbe7b,9842
results/leiden-v2/ablations-2026-09-26/screening/candidates/c25fe35396425969cbabd0ffabea4395579fe6bb9518e5632afe93816d9a21a0/stress/comparator-10009/communities.csv,83161a018dd68d21fa1f7f958f618b617b9aadb6bd968dd5169ef139f7791a3c,10936
results/leiden-v2/ablations-2026-09-26/screening/candidates/c25fe35396425969cbabd0ffabea4395579fe6bb9518e5632afe93816d9a21a0/stress/edge_removal-10009/communities.csv,9793d3736b52d170d4927ba83d9cc87041b74573bdba429d71819d713a6b53e5,10936
results/leiden-v2/ablations-2026-09-26/screening/candidates/c25fe35396425969cbabd0ffabea4395579fe6bb9518e5632afe93816d9a21a0/stress/vocabulary_subsample-10009/communities.csv,abb98dd38e4026b5c8d8ef2aa9714160aeb4f335d5e489970f723c3d53c9c272,9842
results/leiden-v2/ablations-2026-09-26/screening/candidates/c25fe35396425969cbabd0ffabea4395579fe6bb9518e5632afe93816d9a21a0/sensitivity/k-increase/communities.csv,dbb5508dfdc76f6677c267e3042f8fb483539488869902e639d8ea897a953714,10936
results/leiden-v2/ablations-2026-09-26/screening/candidates/c25fe35396425969cbabd0ffabea4395579fe6bb9518e5632afe93816d9a21a0/sensitivity/k-decrease/communities.csv,acc7dbe3a168c0656d999ba935f132b746758db2a4629696d43fe40b48eb2acf,10936
results/leiden-v2/ablations-2026-09-26/screening/candidates/c25fe35396425969cbabd0ffabea4395579fe6bb9518e5632afe93816d9a21a0/sensitivity/resolution-increase/communities.csv,c5508b2e2848b250ee7d182e32629e86dafe184eac59e59b0ba44b4c02ab4db7,10936
results/leiden-v2/ablations-2026-09-26/screening/candidates/c25fe35396425969cbabd0ffabea4395579fe6bb9518e5632afe93816d9a21a0/sensitivity/resolution-decrease/communities.csv,fa3c750ce6a4f468c85ab963fb10071bfe5c5405e3f311e5f1ad294f1f293ad5,10936
results/leiden-v2/ablations-2026-09-26/screening/candidates/b8ad2a749703f245f554a8a34fb6d36dfedff57b4d87c4e08e0b54e4fd599451/seed-42/communities.csv,0e76065011cdec89856990116d6507b9a86eb9c6efcb672cdfb50decd1342aab,10936
results/leiden-v2/ablations-2026-09-26/screening/candidates/b8ad2a749703f245f554a8a34fb6d36dfedff57b4d87c4e08e0b54e4fd599451/seed-43/communities.csv,1e6a4dc96a77fdeff3a63288853ae0eb45087f76134af9d1de35c3166f360b78,10936
results/leiden-v2/ablations-2026-09-26/screening/candidates/b8ad2a749703f245f554a8a34fb6d36dfedff57b4d87c4e08e0b54e4fd599451/seed-44/communities.csv,5fb3163ebdc1e0fa33455936d9df501e3857782ddf6a9e39d8ebffa63f827f73,10936
results/leiden-v2/ablations-2026-09-26/screening/candidates/b8ad2a749703f245f554a8a34fb6d36dfedff57b4d87c4e08e0b54e4fd599451/stress/comparator-10000/communities.csv,acf21978c17d79968329932a708497a34a4fe9cfab74be43a11f549352b1c92f,10936
results/leiden-v2/ablations-2026-09-26/screening/candidates/b8ad2a749703f245f554a8a34fb6d36dfedff57b4d87c4e08e0b54e4fd599451/stress/edge_removal-10000/communities.csv,4fd3a7a196136e49a90c141d07d53444c7d2451c0bf98ea9085c7dabebc1c674,10936
results/leiden-v2/ablations-2026-09-26/screening/candidates/b8ad2a749703f245f554a8a34fb6d36dfedff57b4d87c4e08e0b54e4fd599451/stress/vocabulary_subsample-10000/communities.csv,e572bd4dfca4d62c6c8491dd29178007d255d20768525f51bd529892a0328fee,9842
results/leiden-v2/ablations-2026-09-26/screening/candidates/b8ad2a749703f245f554a8a34fb6d36dfedff57b4d87c4e08e0b54e4fd599451/stress/comparator-10001/communities.csv,5a06b159ad80ff811153ecb8d89e57f2b0af73fd8546a0b55a9e0fbfebfe8069,10936
results/leiden-v2/ablations-2026-09-26/screening/candidates/b8ad2a749703f245f554a8a34fb6d36dfedff57b4d87c4e08e0b54e4fd599451/stress/edge_removal-10001/communities.csv,36e794112297340882f403d5a1249ec4b6a9f3fc60d0d944e046717897a14987,10936
results/leiden-v2/ablations-2026-09-26/screening/candidates/b8ad2a749703f245f554a8a34fb6d36dfedff57b4d87c4e08e0b54e4fd599451/stress/vocabulary_subsample-10001/communities.csv,b3a91bd724e7ae8165a5efcdfb951e81844462e0d27e025167e280be74a0703e,9842
results/leiden-v2/ablations-2026-09-26/screening/candidates/b8ad2a749703f245f554a8a34fb6d36dfedff57b4d87c4e08e0b54e4fd599451/stress/comparator-10002/communities.csv,9ad59e4d5a833da409fee5d79b2110f5c53f6f75f17c9f4234a780ab2c050699,10936
results/leiden-v2/ablations-2026-09-26/screening/candidates/b8ad2a749703f245f554a8a34fb6d36dfedff57b4d87c4e08e0b54e4fd599451/stress/edge_removal-10002/communities.csv,258853d501011fe051df88abd4ed840e04567f1a28cffad26f7375a6e81fb8e2,10936
results/leiden-v2/ablations-2026-09-26/screening/candidates/b8ad2a749703f245f554a8a34fb6d36dfedff57b4d87c4e08e0b54e4fd599451/stress/vocabulary_subsample-10002/communities.csv,e4c16de4410394e8e68668bf10c1b419da22844c0ae82d6da91cfbf182a30582,9842
results/leiden-v2/ablations-2026-09-26/screening/candidates/b8ad2a749703f245f554a8a34fb6d36dfedff57b4d87c4e08e0b54e4fd599451/stress/comparator-10003/communities.csv,f721cab24ef140292cd8ea409bb55a500723211a7e15b5b7909e54800fcbe367,10936
results/leiden-v2/ablations-2026-09-26/screening/candidates/b8ad2a749703f245f554a8a34fb6d36dfedff57b4d87c4e08e0b54e4fd599451/stress/edge_removal-10003/communities.csv,5979d93bc19cb2802d98f05ad4592cb3f37f8284b296cc8cbf43edf385505020,10936
results/leiden-v2/ablations-2026-09-26/screening/candidates/b8ad2a749703f245f554a8a34fb6d36dfedff57b4d87c4e08e0b54e4fd599451/stress/vocabulary_subsample-10003/communities.csv,97e31eae3868c0f1a7ffab1ad4be0b241cfc8e98ea0e0867a4d017ca2f6abd8a,9842
results/leiden-v2/ablations-2026-09-26/screening/candidates/b8ad2a749703f245f554a8a34fb6d36dfedff57b4d87c4e08e0b54e4fd599451/stress/comparator-10004/communities.csv,576cb497877896a52ed2970afd1487a8d9cd60b78df67922ebf95cc770058eb1,10936
results/leiden-v2/ablations-2026-09-26/screening/candidates/b8ad2a749703f245f554a8a34fb6d36dfedff57b4d87c4e08e0b54e4fd599451/stress/edge_removal-10004/communities.csv,2f1ccb3ed479ec105e9dcca43c2e699d027b88a8bd1b121ca9affecb23c1617f,10936
results/leiden-v2/ablations-2026-09-26/screening/candidates/b8ad2a749703f245f554a8a34fb6d36dfedff57b4d87c4e08e0b54e4fd599451/stress/vocabulary_subsample-10004/communities.csv,344c13245bf805b4431bc445e69d0b730b193b403055d5d1af8159d9055f23b7,9842
results/leiden-v2/ablations-2026-09-26/screening/candidates/b8ad2a749703f245f554a8a34fb6d36dfedff57b4d87c4e08e0b54e4fd599451/stress/comparator-10005/communities.csv,b7d20b40764367ba1203b42bd7da3572c14bed8d1d7fcda52f0a6fc5714c6937,10936
results/leiden-v2/ablations-2026-09-26/screening/candidates/b8ad2a749703f245f554a8a34fb6d36dfedff57b4d87c4e08e0b54e4fd599451/stress/edge_removal-10005/communities.csv,59351600b85d53f26d5b69f84c92a5d864c60df2d8799d317ac241ffd827f62c,10936
results/leiden-v2/ablations-2026-09-26/screening/candidates/b8ad2a749703f245f554a8a34fb6d36dfedff57b4d87c4e08e0b54e4fd599451/stress/vocabulary_subsample-10005/communities.csv,9a14480ef562c113a2c0211ce7fa495906fe4a4b57a5e75619969589bddbafcd,9842
results/leiden-v2/ablations-2026-09-26/screening/candidates/b8ad2a749703f245f554a8a34fb6d36dfedff57b4d87c4e08e0b54e4fd599451/stress/comparator-10006/communities.csv,7b0c7634735ed9178038522a9f342faf904869e0cc54d84f1cbc7ee94285ea92,10936
results/leiden-v2/ablations-2026-09-26/screening/candidates/b8ad2a749703f245f554a8a34fb6d36dfedff57b4d87c4e08e0b54e4fd599451/stress/edge_removal-10006/communities.csv,e65cc74f089d2c9e099b551412e9c43d70aca7953cee20b2cfc69f9bc19523c8,10936
results/leiden-v2/ablations-2026-09-26/screening/candidates/b8ad2a749703f245f554a8a34fb6d36dfedff57b4d87c4e08e0b54e4fd599451/stress/vocabulary_subsample-10006/communities.csv,d66d688d4f6ea08f14f864720c4b963a41dec6be7e1acaa2cd1ca783bf150c0e,9842
results/leiden-v2/ablations-2026-09-26/screening/candidates/b8ad2a749703f245f554a8a34fb6d36dfedff57b4d87c4e08e0b54e4fd599451/stress/comparator-10007/communities.csv,a0dc8369c0ef5232b53724003e08fba3ff486ec37833e3e696f360b16703ff37,10936
results/leiden-v2/ablations-2026-09-26/screening/candidates/b8ad2a749703f245f554a8a34fb6d36dfedff57b4d87c4e08e0b54e4fd599451/stress/edge_removal-10007/communities.csv,77c0206aee7f5ed60d87527ec9005f899299c98e0c425739261cd1a03af56fa2,10936
results/leiden-v2/ablations-2026-09-26/screening/candidates/b8ad2a749703f245f554a8a34fb6d36dfedff57b4d87c4e08e0b54e4fd599451/stress/vocabulary_subsample-10007/communities.csv,2dbe66df40806d1afc7f6ac3d621c83a2ac48be5909b3d8ffef9018d1e656f5e,9842
results/leiden-v2/ablations-2026-09-26/screening/candidates/b8ad2a749703f245f554a8a34fb6d36dfedff57b4d87c4e08e0b54e4fd599451/stress/comparator-10008/communities.csv,52abba25dd3ac0b9919a543ca4d92c05b98e73f35bc1d8f2c54b4a29daa4761b,10936
results/leiden-v2/ablations-2026-09-26/screening/candidates/b8ad2a749703f245f554a8a34fb6d36dfedff57b4d87c4e08e0b54e4fd599451/stress/edge_removal-10008/communities.csv,432ef45a2434de28c11a493c26cd6360a7bca4671eed12e5d85b869e3e47a3c4,10936
results/leiden-v2/ablations-2026-09-26/screening/candidates/b8ad2a749703f245f554a8a34fb6d36dfedff57b4d87c4e08e0b54e4fd599451/stress/vocabulary_subsample-10008/communities.csv,87898bdddc62644a31a2d2ae4d88e58dededb2e9afe30b0caa66716dfef4362b,9842
results/leiden-v2/ablations-2026-09-26/screening/candidates/b8ad2a749703f245f554a8a34fb6d36dfedff57b4d87c4e08e0b54e4fd599451/stress/comparator-10009/communities.csv,3aa6eef834415f32ef76b4647005d757a7c2bde777625564bb9b9cfff449807a,10936
results/leiden-v2/ablations-2026-09-26/screening/candidates/b8ad2a749703f245f554a8a34fb6d36dfedff57b4d87c4e08e0b54e4fd599451/stress/edge_removal-10009/communities.csv,d9848ee85d98b145d686e359e248e99283899c974ad02abbaac3450664dfdf2a,10936
results/leiden-v2/ablations-2026-09-26/screening/candidates/b8ad2a749703f245f554a8a34fb6d36dfedff57b4d87c4e08e0b54e4fd599451/stress/vocabulary_subsample-10009/communities.csv,e0082b4c56923aac807edf5017b4a48e74b0fce832c8eacd79ee4db37e2dda2a,9842
results/leiden-v2/ablations-2026-09-26/screening/candidates/b8ad2a749703f245f554a8a34fb6d36dfedff57b4d87c4e08e0b54e4fd599451/sensitivity/k-increase/communities.csv,70f1a537679ebfa0474f21885d9be403a6b39b3da6990cb54253661c689fa364,10936
results/leiden-v2/ablations-2026-09-26/screening/candidates/b8ad2a749703f245f554a8a34fb6d36dfedff57b4d87c4e08e0b54e4fd599451/sensitivity/k-decrease/communities.csv,0b0aac5a30795147139a2219c02e5bc614340db069dc25da090ed4bfd96e6230,10936
results/leiden-v2/ablations-2026-09-26/screening/candidates/b8ad2a749703f245f554a8a34fb6d36dfedff57b4d87c4e08e0b54e4fd599451/sensitivity/resolution-increase/communities.csv,681df1da19ef85a6b21da6307a3d53fd6b8dcc1947e8edea35a5fbc91ab55599,10936
results/leiden-v2/ablations-2026-09-26/screening/candidates/b8ad2a749703f245f554a8a34fb6d36dfedff57b4d87c4e08e0b54e4fd599451/sensitivity/resolution-decrease/communities.csv,ea9d1be69e95094b516f337a15cefb9e421abe0d6af07157d203a6f76febfea3,10936
results/leiden-v2/ablations-2026-09-26/screening/candidates/dd737c2bae2b745837236b0c4a64cc3796bb621f322609c8caa51bbdae207055/seed-42/communities.csv,ede533b021b093bceeceb00236826b804d8d3903bc665b66b418c2dc5cae3264,10936
results/leiden-v2/ablations-2026-09-26/screening/candidates/dd737c2bae2b745837236b0c4a64cc3796bb621f322609c8caa51bbdae207055/seed-43/communities.csv,ede533b021b093bceeceb00236826b804d8d3903bc665b66b418c2dc5cae3264,10936
results/leiden-v2/ablations-2026-09-26/screening/candidates/dd737c2bae2b745837236b0c4a64cc3796bb621f322609c8caa51bbdae207055/seed-44/communities.csv,ede533b021b093bceeceb00236826b804d8d3903bc665b66b418c2dc5cae3264,10936
results/leiden-v2/ablations-2026-09-26/screening/candidates/dd737c2bae2b745837236b0c4a64cc3796bb621f322609c8caa51bbdae207055/stress/comparator-10000/communities.csv,ede533b021b093bceeceb00236826b804d8d3903bc665b66b418c2dc5cae3264,10936
results/leiden-v2/ablations-2026-09-26/screening/candidates/dd737c2bae2b745837236b0c4a64cc3796bb621f322609c8caa51bbdae207055/stress/edge_removal-10000/communities.csv,ede533b021b093bceeceb00236826b804d8d3903bc665b66b418c2dc5cae3264,10936
results/leiden-v2/ablations-2026-09-26/screening/candidates/dd737c2bae2b745837236b0c4a64cc3796bb621f322609c8caa51bbdae207055/stress/vocabulary_subsample-10000/communities.csv,ec5063c8cc04f03895b44b428aa49b363f256368d63b0af664ba48522257ad46,9842
results/leiden-v2/ablations-2026-09-26/screening/candidates/dd737c2bae2b745837236b0c4a64cc3796bb621f322609c8caa51bbdae207055/stress/comparator-10001/communities.csv,ede533b021b093bceeceb00236826b804d8d3903bc665b66b418c2dc5cae3264,10936
results/leiden-v2/ablations-2026-09-26/screening/candidates/dd737c2bae2b745837236b0c4a64cc3796bb621f322609c8caa51bbdae207055/stress/edge_removal-10001/communities.csv,ede533b021b093bceeceb00236826b804d8d3903bc665b66b418c2dc5cae3264,10936
results/leiden-v2/ablations-2026-09-26/screening/candidates/dd737c2bae2b745837236b0c4a64cc3796bb621f322609c8caa51bbdae207055/stress/vocabulary_subsample-10001/communities.csv,2917953a07803bc6be659e856150cf880189b92de3773d58ef2088b674d97460,9842
results/leiden-v2/ablations-2026-09-26/screening/candidates/dd737c2bae2b745837236b0c4a64cc3796bb621f322609c8caa51bbdae207055/stress/comparator-10002/communities.csv,ede533b021b093bceeceb00236826b804d8d3903bc665b66b418c2dc5cae3264,10936
results/leiden-v2/ablations-2026-09-26/screening/candidates/dd737c2bae2b745837236b0c4a64cc3796bb621f322609c8caa51bbdae207055/stress/edge_removal-10002/communities.csv,ede533b021b093bceeceb00236826b804d8d3903bc665b66b418c2dc5cae3264,10936
results/leiden-v2/ablations-2026-09-26/screening/candidates/dd737c2bae2b745837236b0c4a64cc3796bb621f322609c8caa51bbdae207055/stress/vocabulary_subsample-10002/communities.csv,fbaddf7ba1cd06ec633af701c93d35be0c3132361b33e24ba91cf4298ee82960,9842
results/leiden-v2/ablations-2026-09-26/screening/candidates/dd737c2bae2b745837236b0c4a64cc3796bb621f322609c8caa51bbdae207055/stress/comparator-10003/communities.csv,ede533b021b093bceeceb00236826b804d8d3903bc665b66b418c2dc5cae3264,10936
results/leiden-v2/ablations-2026-09-26/screening/candidates/dd737c2bae2b745837236b0c4a64cc3796bb621f322609c8caa51bbdae207055/stress/edge_removal-10003/communities.csv,ede533b021b093bceeceb00236826b804d8d3903bc665b66b418c2dc5cae3264,10936
results/leiden-v2/ablations-2026-09-26/screening/candidates/dd737c2bae2b745837236b0c4a64cc3796bb621f322609c8caa51bbdae207055/stress/vocabulary_subsample-10003/communities.csv,04e3064dbe7d14787d7de1db0ebda65eb0312f25c0a312ea95009076e5bb644f,9842
results/leiden-v2/ablations-2026-09-26/screening/candidates/dd737c2bae2b745837236b0c4a64cc3796bb621f322609c8caa51bbdae207055/stress/comparator-10004/communities.csv,ede533b021b093bceeceb00236826b804d8d3903bc665b66b418c2dc5cae3264,10936
results/leiden-v2/ablations-2026-09-26/screening/candidates/dd737c2bae2b745837236b0c4a64cc3796bb621f322609c8caa51bbdae207055/stress/edge_removal-10004/communities.csv,ede533b021b093bceeceb00236826b804d8d3903bc665b66b418c2dc5cae3264,10936
results/leiden-v2/ablations-2026-09-26/screening/candidates/dd737c2bae2b745837236b0c4a64cc3796bb621f322609c8caa51bbdae207055/stress/vocabulary_subsample-10004/communities.csv,9680676d2500ce182cb9c04c94c35eeabe904a79637304ef0ad5d6e581802cc3,9842
results/leiden-v2/ablations-2026-09-26/screening/candidates/dd737c2bae2b745837236b0c4a64cc3796bb621f322609c8caa51bbdae207055/stress/comparator-10005/communities.csv,ede533b021b093bceeceb00236826b804d8d3903bc665b66b418c2dc5cae3264,10936
results/leiden-v2/ablations-2026-09-26/screening/candidates/dd737c2bae2b745837236b0c4a64cc3796bb621f322609c8caa51bbdae207055/stress/edge_removal-10005/communities.csv,ede533b021b093bceeceb00236826b804d8d3903bc665b66b418c2dc5cae3264,10936
results/leiden-v2/ablations-2026-09-26/screening/candidates/dd737c2bae2b745837236b0c4a64cc3796bb621f322609c8caa51bbdae207055/stress/vocabulary_subsample-10005/communities.csv,f5f546912c415d94e5c8469463b04c936de642c90655fd233a0daf7bb95ead35,9842
results/leiden-v2/ablations-2026-09-26/screening/candidates/dd737c2bae2b745837236b0c4a64cc3796bb621f322609c8caa51bbdae207055/stress/comparator-10006/communities.csv,ede533b021b093bceeceb00236826b804d8d3903bc665b66b418c2dc5cae3264,10936
results/leiden-v2/ablations-2026-09-26/screening/candidates/dd737c2bae2b745837236b0c4a64cc3796bb621f322609c8caa51bbdae207055/stress/edge_removal-10006/communities.csv,ede533b021b093bceeceb00236826b804d8d3903bc665b66b418c2dc5cae3264,10936
results/leiden-v2/ablations-2026-09-26/screening/candidates/dd737c2bae2b745837236b0c4a64cc3796bb621f322609c8caa51bbdae207055/stress/vocabulary_subsample-10006/communities.csv,74cfee99238affdf707d11bb1dec734b6b0bfa447152dfaded2bb660dd7240fe,9842
results/leiden-v2/ablations-2026-09-26/screening/candidates/dd737c2bae2b745837236b0c4a64cc3796bb621f322609c8caa51bbdae207055/stress/comparator-10007/communities.csv,ede533b021b093bceeceb00236826b804d8d3903bc665b66b418c2dc5cae3264,10936
results/leiden-v2/ablations-2026-09-26/screening/candidates/dd737c2bae2b745837236b0c4a64cc3796bb621f322609c8caa51bbdae207055/stress/edge_removal-10007/communities.csv,ede533b021b093bceeceb00236826b804d8d3903bc665b66b418c2dc5cae3264,10936
results/leiden-v2/ablations-2026-09-26/screening/candidates/dd737c2bae2b745837236b0c4a64cc3796bb621f322609c8caa51bbdae207055/stress/vocabulary_subsample-10007/communities.csv,9e93bb73c3f98d3f1159b4a625ad7f92cabdb8145c1a8012163dfae83b2f183c,9842
results/leiden-v2/ablations-2026-09-26/screening/candidates/dd737c2bae2b745837236b0c4a64cc3796bb621f322609c8caa51bbdae207055/stress/comparator-10008/communities.csv,ede533b021b093bceeceb00236826b804d8d3903bc665b66b418c2dc5cae3264,10936
results/leiden-v2/ablations-2026-09-26/screening/candidates/dd737c2bae2b745837236b0c4a64cc3796bb621f322609c8caa51bbdae207055/stress/edge_removal-10008/communities.csv,ede533b021b093bceeceb00236826b804d8d3903bc665b66b418c2dc5cae3264,10936
results/leiden-v2/ablations-2026-09-26/screening/candidates/dd737c2bae2b745837236b0c4a64cc3796bb621f322609c8caa51bbdae207055/stress/vocabulary_subsample-10008/communities.csv,62e81d8973fd9ee4eb0408ec233c93640f33cbec9102d3d94d3d676d5b371a71,9842
results/leiden-v2/ablations-2026-09-26/screening/candidates/dd737c2bae2b745837236b0c4a64cc3796bb621f322609c8caa51bbdae207055/stress/comparator-10009/communities.csv,ede533b021b093bceeceb00236826b804d8d3903bc665b66b418c2dc5cae3264,10936
results/leiden-v2/ablations-2026-09-26/screening/candidates/dd737c2bae2b745837236b0c4a64cc3796bb621f322609c8caa51bbdae207055/stress/edge_removal-10009/communities.csv,ede533b021b093bceeceb00236826b804d8d3903bc665b66b418c2dc5cae3264,10936
results/leiden-v2/ablations-2026-09-26/screening/candidates/dd737c2bae2b745837236b0c4a64cc3796bb621f322609c8caa51bbdae207055/stress/vocabulary_subsample-10009/communities.csv,6f0de88fd6ffbd513245740362871b24cfac031affc55cbb563344f4961ccd71,9842
results/leiden-v2/ablations-2026-09-26/screening/candidates/44417920f885ce2ed966b9bbf2f6ea8d4df620ba52af8a3cd51a960085e3e7b3/seed-42/communities.csv,ac9f6773ce81b37e057fe2f472f579aa06aba698f8603abe9a8db1c945520ec2,10936
results/leiden-v2/ablations-2026-09-26/screening/candidates/44417920f885ce2ed966b9bbf2f6ea8d4df620ba52af8a3cd51a960085e3e7b3/seed-43/communities.csv,dfe00db7c7f80f7cd3d8326fa6d605596bf054b87704680d5844fce7ed7dffe6,10936
results/leiden-v2/ablations-2026-09-26/screening/candidates/44417920f885ce2ed966b9bbf2f6ea8d4df620ba52af8a3cd51a960085e3e7b3/seed-44/communities.csv,5ddcafb4c46dbf348f654ac5c725b3601c77b43028331f8a8790ed5c99a2fc01,10936
results/leiden-v2/ablations-2026-09-26/screening/candidates/44417920f885ce2ed966b9bbf2f6ea8d4df620ba52af8a3cd51a960085e3e7b3/stress/comparator-10000/communities.csv,c03064e460f1c386ae694fd233bb703080529db8c8d5d296b52f0395554a59e7,10936
results/leiden-v2/ablations-2026-09-26/screening/candidates/44417920f885ce2ed966b9bbf2f6ea8d4df620ba52af8a3cd51a960085e3e7b3/stress/edge_removal-10000/communities.csv,cd4c4c09f7b2a33f2baa3e1c639b810452585f4dcd53bc7ac2c7119e504629a5,10936
results/leiden-v2/ablations-2026-09-26/screening/candidates/44417920f885ce2ed966b9bbf2f6ea8d4df620ba52af8a3cd51a960085e3e7b3/stress/vocabulary_subsample-10000/communities.csv,3cb398395e841bc6da97bb724f7b7238d180dd9468b5b8b62f77ebbbc05302ca,9842
results/leiden-v2/ablations-2026-09-26/screening/candidates/44417920f885ce2ed966b9bbf2f6ea8d4df620ba52af8a3cd51a960085e3e7b3/stress/comparator-10001/communities.csv,8f984ee6122380d4f85d1cf7981626e22be030013d948c8efc71e8610b8a0f60,10936
results/leiden-v2/ablations-2026-09-26/screening/candidates/44417920f885ce2ed966b9bbf2f6ea8d4df620ba52af8a3cd51a960085e3e7b3/stress/edge_removal-10001/communities.csv,9ff7c1578a331c4aa1786fe8218436a35fc857d9373a6fea23fe8ecd42202631,10936
results/leiden-v2/ablations-2026-09-26/screening/candidates/44417920f885ce2ed966b9bbf2f6ea8d4df620ba52af8a3cd51a960085e3e7b3/stress/vocabulary_subsample-10001/communities.csv,1265b7bd0c8e137c585a034ae65157b484d0cb16de89cc0c0ac4f1628badc218,9842
results/leiden-v2/ablations-2026-09-26/screening/candidates/44417920f885ce2ed966b9bbf2f6ea8d4df620ba52af8a3cd51a960085e3e7b3/stress/comparator-10002/communities.csv,78d687c317a52d52223fcec4126a226418994fb204d623dbcd12c702a489a8e0,10936
results/leiden-v2/ablations-2026-09-26/screening/candidates/44417920f885ce2ed966b9bbf2f6ea8d4df620ba52af8a3cd51a960085e3e7b3/stress/edge_removal-10002/communities.csv,4e81b44095c558dc4fb50796806b2bfae91b67fd408b97489548d913a78d9e8c,10936
results/leiden-v2/ablations-2026-09-26/screening/candidates/44417920f885ce2ed966b9bbf2f6ea8d4df620ba52af8a3cd51a960085e3e7b3/stress/vocabulary_subsample-10002/communities.csv,dd39da9a9d7b830a34c58a619f715786c3298a6da2d51144aab1096bef6ac7a4,9842
results/leiden-v2/ablations-2026-09-26/screening/candidates/44417920f885ce2ed966b9bbf2f6ea8d4df620ba52af8a3cd51a960085e3e7b3/stress/comparator-10003/communities.csv,ef08bc798b4736550e96a0312adc9d7d3a4206db798e78f852e332cf0f7364a2,10936
results/leiden-v2/ablations-2026-09-26/screening/candidates/44417920f885ce2ed966b9bbf2f6ea8d4df620ba52af8a3cd51a960085e3e7b3/stress/edge_removal-10003/communities.csv,3e85de91169493c6a163ddbf4a697c37814bae7b21c55c111e51dafa26439298,10936
results/leiden-v2/ablations-2026-09-26/screening/candidates/44417920f885ce2ed966b9bbf2f6ea8d4df620ba52af8a3cd51a960085e3e7b3/stress/vocabulary_subsample-10003/communities.csv,ca3e765b5a1519dfed59aef1e08830f237dac1120008b50ce9af3c06622886ce,9842
results/leiden-v2/ablations-2026-09-26/screening/candidates/44417920f885ce2ed966b9bbf2f6ea8d4df620ba52af8a3cd51a960085e3e7b3/stress/comparator-10004/communities.csv,6b41f522be10ac31577d22e76b8ebccfa152c89ec59742f933c7424efe1d3531,10936
results/leiden-v2/ablations-2026-09-26/screening/candidates/44417920f885ce2ed966b9bbf2f6ea8d4df620ba52af8a3cd51a960085e3e7b3/stress/edge_removal-10004/communities.csv,f6a3d9e778cb3b3b725cce633b2227c514ac399daa7421ef2573905ffc5a1d13,10936
results/leiden-v2/ablations-2026-09-26/screening/candidates/44417920f885ce2ed966b9bbf2f6ea8d4df620ba52af8a3cd51a960085e3e7b3/stress/vocabulary_subsample-10004/communities.csv,16386e2575d1b2db9cb89c8bb0cd2a9f9bee9a8466cbdb6dcf58f8134ec11ebf,9842
results/leiden-v2/ablations-2026-09-26/screening/candidates/44417920f885ce2ed966b9bbf2f6ea8d4df620ba52af8a3cd51a960085e3e7b3/stress/comparator-10005/communities.csv,3805e462b2ef6cacdd84d8755ac98093d49ee3cce8f6eadc82e73e077118171e,10936
results/leiden-v2/ablations-2026-09-26/screening/candidates/44417920f885ce2ed966b9bbf2f6ea8d4df620ba52af8a3cd51a960085e3e7b3/stress/edge_removal-10005/communities.csv,c4f3eb7e91ccc64b02ae0ec070af48251d6746d80e682e77b65ee3fc1a893131,10936
results/leiden-v2/ablations-2026-09-26/screening/candidates/44417920f885ce2ed966b9bbf2f6ea8d4df620ba52af8a3cd51a960085e3e7b3/stress/vocabulary_subsample-10005/communities.csv,85d98fc54d578cfef0487d27121227d434a760a6fec58c47552c65710eeaeb80,9842
results/leiden-v2/ablations-2026-09-26/screening/candidates/44417920f885ce2ed966b9bbf2f6ea8d4df620ba52af8a3cd51a960085e3e7b3/stress/comparator-10006/communities.csv,30d377da3a12fb34f7c82dc0905c788b8e11db2e32740f95bd26b825cdd07d7d,10936
results/leiden-v2/ablations-2026-09-26/screening/candidates/44417920f885ce2ed966b9bbf2f6ea8d4df620ba52af8a3cd51a960085e3e7b3/stress/edge_removal-10006/communities.csv,dba804390fe32146602f099f310a10dc819e434ac59ace253786635646c78f4f,10936
results/leiden-v2/ablations-2026-09-26/screening/candidates/44417920f885ce2ed966b9bbf2f6ea8d4df620ba52af8a3cd51a960085e3e7b3/stress/vocabulary_subsample-10006/communities.csv,50f45db9ee506030511f3488f341b19f7a79282885bc59330eae50575c31ccad,9842
results/leiden-v2/ablations-2026-09-26/screening/candidates/44417920f885ce2ed966b9bbf2f6ea8d4df620ba52af8a3cd51a960085e3e7b3/stress/comparator-10007/communities.csv,0a1ca4bc4dd9ac295bd28ee9eda652108b880a7052330ee21c2aa876e67bc556,10936
results/leiden-v2/ablations-2026-09-26/screening/candidates/44417920f885ce2ed966b9bbf2f6ea8d4df620ba52af8a3cd51a960085e3e7b3/stress/edge_removal-10007/communities.csv,24bd6e7df45f89fcdeb03b473208ee76b99739823f75664b55a6f2e446c6073e,10936
results/leiden-v2/ablations-2026-09-26/screening/candidates/44417920f885ce2ed966b9bbf2f6ea8d4df620ba52af8a3cd51a960085e3e7b3/stress/vocabulary_subsample-10007/communities.csv,3fb02fde96631c0fc39d6d3f157c72e6fa770231f38aa3d835d52ab53c892cbf,9842
results/leiden-v2/ablations-2026-09-26/screening/candidates/44417920f885ce2ed966b9bbf2f6ea8d4df620ba52af8a3cd51a960085e3e7b3/stress/comparator-10008/communities.csv,af063fea5ca9e675d45c5609abec587276290c478fc8e2c98515a4f24aa0dceb,10936
results/leiden-v2/ablations-2026-09-26/screening/candidates/44417920f885ce2ed966b9bbf2f6ea8d4df620ba52af8a3cd51a960085e3e7b3/stress/edge_removal-10008/communities.csv,8ec5e3dffd5959268e425b6e0ecebb98ef944fa8be58538c9ae389ca9711e809,10936
results/leiden-v2/ablations-2026-09-26/screening/candidates/44417920f885ce2ed966b9bbf2f6ea8d4df620ba52af8a3cd51a960085e3e7b3/stress/vocabulary_subsample-10008/communities.csv,906562a81c265c36ad9859f84eb54db3b193c2052b66d66cc2fc9c8d624b4975,9842
results/leiden-v2/ablations-2026-09-26/screening/candidates/44417920f885ce2ed966b9bbf2f6ea8d4df620ba52af8a3cd51a960085e3e7b3/stress/comparator-10009/communities.csv,30e85176b663bc6af45d89ab0a2f232b7d57b06d3b1aac39de14b7eadb8a2470,10936
results/leiden-v2/ablations-2026-09-26/screening/candidates/44417920f885ce2ed966b9bbf2f6ea8d4df620ba52af8a3cd51a960085e3e7b3/stress/edge_removal-10009/communities.csv,7c3a1ec315ff82281ef6566886542c750c78e6b54b48ddaebdf69186541b6769,10936
results/leiden-v2/ablations-2026-09-26/screening/candidates/44417920f885ce2ed966b9bbf2f6ea8d4df620ba52af8a3cd51a960085e3e7b3/stress/vocabulary_subsample-10009/communities.csv,2d20cf74bf278d1e3880a926d97ddebf87460c7818b4ff17879b4580548cc136,9842
results/leiden-v2/ablations-2026-09-26/screening/candidates/ce0b4afcff376b5f96a0118eb5f33cc39b0b276cd7c67134f7f32b9383df4bac/seed-42/communities.csv,2f79636735d6ee5edc521683464a778b399194a2e6458abc905c73d3b0b7a721,10936
results/leiden-v2/ablations-2026-09-26/screening/candidates/ce0b4afcff376b5f96a0118eb5f33cc39b0b276cd7c67134f7f32b9383df4bac/seed-43/communities.csv,fba71936f8213a8c7dee5dd2256ea5fbe2a5678aff822b68129db1c50843b445,10936
results/leiden-v2/ablations-2026-09-26/screening/candidates/ce0b4afcff376b5f96a0118eb5f33cc39b0b276cd7c67134f7f32b9383df4bac/seed-44/communities.csv,a05b52e21c74326d324d5892ceb3115abbac9a93bdb2ca7d875714f016b1403e,10936
results/leiden-v2/ablations-2026-09-26/screening/candidates/ce0b4afcff376b5f96a0118eb5f33cc39b0b276cd7c67134f7f32b9383df4bac/stress/comparator-10000/communities.csv,31435865c74435c56af8ea9f02e45d562a9299ccd99d9287cb4dd7d13101fedf,10936
results/leiden-v2/ablations-2026-09-26/screening/candidates/ce0b4afcff376b5f96a0118eb5f33cc39b0b276cd7c67134f7f32b9383df4bac/stress/edge_removal-10000/communities.csv,adfd4c4d0bee53f2e1b3525b2bd84d58beb5843d0afe42340e143abf2b5191b2,10936
results/leiden-v2/ablations-2026-09-26/screening/candidates/ce0b4afcff376b5f96a0118eb5f33cc39b0b276cd7c67134f7f32b9383df4bac/stress/vocabulary_subsample-10000/communities.csv,3f165399a36be2c038ec1e59f069b68c60c3504313d2fae02da14c399ff1fb5d,9842
results/leiden-v2/ablations-2026-09-26/screening/candidates/ce0b4afcff376b5f96a0118eb5f33cc39b0b276cd7c67134f7f32b9383df4bac/stress/comparator-10001/communities.csv,e5ce3801d7a4d1b04043068fbbc8993693eafeccba4ba07e8f1b048b902f9731,10936
results/leiden-v2/ablations-2026-09-26/screening/candidates/ce0b4afcff376b5f96a0118eb5f33cc39b0b276cd7c67134f7f32b9383df4bac/stress/edge_removal-10001/communities.csv,597c66aadd67cc50648a64c760c9f9b97ef9a80dc30a34290a577a4d54dd9ee0,10936
results/leiden-v2/ablations-2026-09-26/screening/candidates/ce0b4afcff376b5f96a0118eb5f33cc39b0b276cd7c67134f7f32b9383df4bac/stress/vocabulary_subsample-10001/communities.csv,8de1d82391a8375fbe5288bf31f64e92e42b5e5a7aca235ffe81cc815c5946e6,9842
results/leiden-v2/ablations-2026-09-26/screening/candidates/ce0b4afcff376b5f96a0118eb5f33cc39b0b276cd7c67134f7f32b9383df4bac/stress/comparator-10002/communities.csv,225144d1391bf9718d3e77552ef5503a5196c1e23f43fd7c842249d0febcb2cb,10936
results/leiden-v2/ablations-2026-09-26/screening/candidates/ce0b4afcff376b5f96a0118eb5f33cc39b0b276cd7c67134f7f32b9383df4bac/stress/edge_removal-10002/communities.csv,5f6ef6dcd066de2eddeb689bb4b008e24e322176d8607fbf151fd6d90b88b494,10936
results/leiden-v2/ablations-2026-09-26/screening/candidates/ce0b4afcff376b5f96a0118eb5f33cc39b0b276cd7c67134f7f32b9383df4bac/stress/vocabulary_subsample-10002/communities.csv,a79f2e350fe4ebe396252c256738e3294c8b5c1e9517b25349ceb0d6385b07bd,9842
results/leiden-v2/ablations-2026-09-26/screening/candidates/ce0b4afcff376b5f96a0118eb5f33cc39b0b276cd7c67134f7f32b9383df4bac/stress/comparator-10003/communities.csv,42550527446d41d0ba18f1055de57204d16cf33897e0c14e68f5f5bd7c550cd8,10936
results/leiden-v2/ablations-2026-09-26/screening/candidates/ce0b4afcff376b5f96a0118eb5f33cc39b0b276cd7c67134f7f32b9383df4bac/stress/edge_removal-10003/communities.csv,5d370bab96cd9cdb380b4f842c4b73a86dbc9f4ca7d82dfadb7254b4f63d2260,10936
results/leiden-v2/ablations-2026-09-26/screening/candidates/ce0b4afcff376b5f96a0118eb5f33cc39b0b276cd7c67134f7f32b9383df4bac/stress/vocabulary_subsample-10003/communities.csv,8e694871f02b619b9c44f6d597e82f54bc4fb523d9218b3513372ab8caacb8c5,9842
results/leiden-v2/ablations-2026-09-26/screening/candidates/ce0b4afcff376b5f96a0118eb5f33cc39b0b276cd7c67134f7f32b9383df4bac/stress/comparator-10004/communities.csv,1a2db79e0c1c3b3daec851f41f4cbd82aef920f0d8ddd75d5984998efba301d6,10936
results/leiden-v2/ablations-2026-09-26/screening/candidates/ce0b4afcff376b5f96a0118eb5f33cc39b0b276cd7c67134f7f32b9383df4bac/stress/edge_removal-10004/communities.csv,9dbbee607c6d100adb3a1540787eab56a7261e78e083f685c6c9cd7e113512b5,10936
results/leiden-v2/ablations-2026-09-26/screening/candidates/ce0b4afcff376b5f96a0118eb5f33cc39b0b276cd7c67134f7f32b9383df4bac/stress/vocabulary_subsample-10004/communities.csv,f1bf2a696925b2cd7ce07a9b272efd3f97a59d73d8b4d15ae4c6b56bbf0fb463,9842
results/leiden-v2/ablations-2026-09-26/screening/candidates/ce0b4afcff376b5f96a0118eb5f33cc39b0b276cd7c67134f7f32b9383df4bac/stress/comparator-10005/communities.csv,cd337d3bf13f5fc47985385d9a90811d8c1ecd1a66fc1131cae232c9190d350a,10936
results/leiden-v2/ablations-2026-09-26/screening/candidates/ce0b4afcff376b5f96a0118eb5f33cc39b0b276cd7c67134f7f32b9383df4bac/stress/edge_removal-10005/communities.csv,aad35dcd4261371ead2e6cbd84ef43ba50f0345ed22e147edc52331bbdc007e2,10936
results/leiden-v2/ablations-2026-09-26/screening/candidates/ce0b4afcff376b5f96a0118eb5f33cc39b0b276cd7c67134f7f32b9383df4bac/stress/vocabulary_subsample-10005/communities.csv,14afcd96a3f25680a76abbd3ea25edc0df7c7b41be6918bf1c38c7f1492b83fa,9842
results/leiden-v2/ablations-2026-09-26/screening/candidates/ce0b4afcff376b5f96a0118eb5f33cc39b0b276cd7c67134f7f32b9383df4bac/stress/comparator-10006/communities.csv,603d6ce704560df7354e0acb3b4b31eedbd14a27cc2438c9aa7baf91355d72b7,10936
results/leiden-v2/ablations-2026-09-26/screening/candidates/ce0b4afcff376b5f96a0118eb5f33cc39b0b276cd7c67134f7f32b9383df4bac/stress/edge_removal-10006/communities.csv,e66a0c441a0498e3b2af6eb1a05e9458fbc2a5441020e1f831cdcc6f9a1a4412,10936
results/leiden-v2/ablations-2026-09-26/screening/candidates/ce0b4afcff376b5f96a0118eb5f33cc39b0b276cd7c67134f7f32b9383df4bac/stress/vocabulary_subsample-10006/communities.csv,7be1a1e32eeaef43d5096fe9eca1bfd37612bad40d5c18f4423149f652046822,9842
results/leiden-v2/ablations-2026-09-26/screening/candidates/ce0b4afcff376b5f96a0118eb5f33cc39b0b276cd7c67134f7f32b9383df4bac/stress/comparator-10007/communities.csv,b7d59b576c7a465c8b531bc1c8c052810543b3d6692b60179e63018a056f7f53,10936
results/leiden-v2/ablations-2026-09-26/screening/candidates/ce0b4afcff376b5f96a0118eb5f33cc39b0b276cd7c67134f7f32b9383df4bac/stress/edge_removal-10007/communities.csv,a9f080dd072b9ed72a3373655ec99ed21d3e5b402c39c4c69061490d1f49c8e5,10936
results/leiden-v2/ablations-2026-09-26/screening/candidates/ce0b4afcff376b5f96a0118eb5f33cc39b0b276cd7c67134f7f32b9383df4bac/stress/vocabulary_subsample-10007/communities.csv,e416117702a8f37822fbb4c637eb961c62e91a50f8c1121f076a8a48a1f8e4bb,9842
results/leiden-v2/ablations-2026-09-26/screening/candidates/ce0b4afcff376b5f96a0118eb5f33cc39b0b276cd7c67134f7f32b9383df4bac/stress/comparator-10008/communities.csv,8a58123a3a35dd24c667a4b3e76d9007813bac4bd3b7311c05c6ec3f382d7ec8,10936
results/leiden-v2/ablations-2026-09-26/screening/candidates/ce0b4afcff376b5f96a0118eb5f33cc39b0b276cd7c67134f7f32b9383df4bac/stress/edge_removal-10008/communities.csv,bb0b700cfb82a3521f073fed15e7978e5174d09856414bedfaf0e01158a08058,10936
results/leiden-v2/ablations-2026-09-26/screening/candidates/ce0b4afcff376b5f96a0118eb5f33cc39b0b276cd7c67134f7f32b9383df4bac/stress/vocabulary_subsample-10008/communities.csv,2b19240cadca81a9b875085a19443e0d625d3e4de71b7cafb038a6487eee9451,9842
results/leiden-v2/ablations-2026-09-26/screening/candidates/ce0b4afcff376b5f96a0118eb5f33cc39b0b276cd7c67134f7f32b9383df4bac/stress/comparator-10009/communities.csv,e8712f6a083ff5868b680eaa1da8715f728b75c7939fc3bdb6f59d49e80b0e23,10936
results/leiden-v2/ablations-2026-09-26/screening/candidates/ce0b4afcff376b5f96a0118eb5f33cc39b0b276cd7c67134f7f32b9383df4bac/stress/edge_removal-10009/communities.csv,5cdb70898bf6f3bf8f071401ba8487ee9cc380644eed23dc24e5c25e1faa67fe,10936
results/leiden-v2/ablations-2026-09-26/screening/candidates/ce0b4afcff376b5f96a0118eb5f33cc39b0b276cd7c67134f7f32b9383df4bac/stress/vocabulary_subsample-10009/communities.csv,8b4406b3f613d4f7b1c4e9689953d55beb974a8b7a3f95b8b6217717e74131c3,9842
results/leiden-v2/ablations-2026-09-26/screening/candidates/ce0b4afcff376b5f96a0118eb5f33cc39b0b276cd7c67134f7f32b9383df4bac/sensitivity/k-increase/communities.csv,59ff8febf3f5f55c130283cef24e77a027d24705261afd83e6404538a8d8fdb3,10936
results/leiden-v2/ablations-2026-09-26/screening/candidates/ce0b4afcff376b5f96a0118eb5f33cc39b0b276cd7c67134f7f32b9383df4bac/sensitivity/k-decrease/communities.csv,c7a6cd5fc58cb2f717e368d9906bb5393ab4c29f412a4b04eb449eb440f669e4,10936
results/leiden-v2/ablations-2026-09-26/screening/candidates/ce0b4afcff376b5f96a0118eb5f33cc39b0b276cd7c67134f7f32b9383df4bac/sensitivity/resolution-increase/communities.csv,4f3a6b4b8c165f55fff5edbd95293cfa4c773664e7b08cf2e68f88c539a5c013,10936
results/leiden-v2/ablations-2026-09-26/screening/candidates/ce0b4afcff376b5f96a0118eb5f33cc39b0b276cd7c67134f7f32b9383df4bac/sensitivity/resolution-decrease/communities.csv,06e1a95ac8f9aac09523c7f2c2524d2acd5ef2657b1bc95e38f9a449af6d66b7,10936
results/leiden-v2/ablations-2026-09-26/screening/candidates/fdeacfe8a18745cfad4cbd41e29ad26cbb1fec79c58b819d6385fc4f6aa90fab/seed-42/communities.csv,27ae6531ca04c68048f7baec91d0056b85cf9b64827722e0c676ecfb7cc3a862,10936
results/leiden-v2/ablations-2026-09-26/screening/candidates/fdeacfe8a18745cfad4cbd41e29ad26cbb1fec79c58b819d6385fc4f6aa90fab/seed-43/communities.csv,50f2daa16f484147881b32d7f1fa2c86a135d91ab00b1b3d5650499b041c3fd9,10936
results/leiden-v2/ablations-2026-09-26/screening/candidates/fdeacfe8a18745cfad4cbd41e29ad26cbb1fec79c58b819d6385fc4f6aa90fab/seed-44/communities.csv,2c45e91863747de08141a223b626764f42c55b2bf777b9e26df3a7fbaf64803a,10936
results/leiden-v2/ablations-2026-09-26/screening/candidates/fdeacfe8a18745cfad4cbd41e29ad26cbb1fec79c58b819d6385fc4f6aa90fab/stress/comparator-10000/communities.csv,06381e15ff2610ecf8a118d8851b1441e87d82399648bee2b8cbd746e15e1063,10936
results/leiden-v2/ablations-2026-09-26/screening/candidates/fdeacfe8a18745cfad4cbd41e29ad26cbb1fec79c58b819d6385fc4f6aa90fab/stress/edge_removal-10000/communities.csv,c8512a79aea6f52ad8ecaac03ea142b8a0e815da6a3cd9b95bc95ba9738cff50,10936
results/leiden-v2/ablations-2026-09-26/screening/candidates/fdeacfe8a18745cfad4cbd41e29ad26cbb1fec79c58b819d6385fc4f6aa90fab/stress/vocabulary_subsample-10000/communities.csv,8c093056c270c86cb9706ab5a4b3bb65254966f9792059e4caf9c250424ca41d,9842
results/leiden-v2/ablations-2026-09-26/screening/candidates/fdeacfe8a18745cfad4cbd41e29ad26cbb1fec79c58b819d6385fc4f6aa90fab/stress/comparator-10001/communities.csv,8cae20161fcd0074ff6e5b70f825ac92df5c0afba82835e12c96f26db54ebf4f,10936
results/leiden-v2/ablations-2026-09-26/screening/candidates/fdeacfe8a18745cfad4cbd41e29ad26cbb1fec79c58b819d6385fc4f6aa90fab/stress/edge_removal-10001/communities.csv,a44f874f10610f607399252ce28e450429dfc43bf88cc826fce9637fbfddd041,10936
results/leiden-v2/ablations-2026-09-26/screening/candidates/fdeacfe8a18745cfad4cbd41e29ad26cbb1fec79c58b819d6385fc4f6aa90fab/stress/vocabulary_subsample-10001/communities.csv,486d7f660fbb0e2ce870be4de70a796fa0208bbfe1ac828eb4833605dee4c0cb,9842
results/leiden-v2/ablations-2026-09-26/screening/candidates/fdeacfe8a18745cfad4cbd41e29ad26cbb1fec79c58b819d6385fc4f6aa90fab/stress/comparator-10002/communities.csv,ddd8f260d6ae9a7d90fd776a03531c2baae02e047cfc574a94cf0511e96b6a28,10936
results/leiden-v2/ablations-2026-09-26/screening/candidates/fdeacfe8a18745cfad4cbd41e29ad26cbb1fec79c58b819d6385fc4f6aa90fab/stress/edge_removal-10002/communities.csv,8e0af7cb086a2275af9170a8eca5f98990114412c01d8b673b3f06f9da28435b,10936
results/leiden-v2/ablations-2026-09-26/screening/candidates/fdeacfe8a18745cfad4cbd41e29ad26cbb1fec79c58b819d6385fc4f6aa90fab/stress/vocabulary_subsample-10002/communities.csv,6db562a5ca03fadc67c205f49fbcc8b8b78ce10b9d5af9cd3a5ed7540a7f2789,9842
results/leiden-v2/ablations-2026-09-26/screening/candidates/fdeacfe8a18745cfad4cbd41e29ad26cbb1fec79c58b819d6385fc4f6aa90fab/stress/comparator-10003/communities.csv,53ddf3647cbe9b40757e431c701671aa879f7fdb5c63071f5fcf1d56e2b39a91,10936
results/leiden-v2/ablations-2026-09-26/screening/candidates/fdeacfe8a18745cfad4cbd41e29ad26cbb1fec79c58b819d6385fc4f6aa90fab/stress/edge_removal-10003/communities.csv,83cf4e9dfef2e9649d115bed21dc84e0a4141a7c41016b25ba7b83414d0cee8d,10936
results/leiden-v2/ablations-2026-09-26/screening/candidates/fdeacfe8a18745cfad4cbd41e29ad26cbb1fec79c58b819d6385fc4f6aa90fab/stress/vocabulary_subsample-10003/communities.csv,e8321093b1733f454439b0d00a64d8abd625b18bd28e8fd818f8522090ec8788,9842
results/leiden-v2/ablations-2026-09-26/screening/candidates/fdeacfe8a18745cfad4cbd41e29ad26cbb1fec79c58b819d6385fc4f6aa90fab/stress/comparator-10004/communities.csv,70abfb975975899c2b88a66ce37e0e92ab85df1dff454e420e92ef488ecf8bf7,10936
results/leiden-v2/ablations-2026-09-26/screening/candidates/fdeacfe8a18745cfad4cbd41e29ad26cbb1fec79c58b819d6385fc4f6aa90fab/stress/edge_removal-10004/communities.csv,76a1e62a02d5e36136c69cc24b189218a13549643f3ce15c136a164af732a378,10936
results/leiden-v2/ablations-2026-09-26/screening/candidates/fdeacfe8a18745cfad4cbd41e29ad26cbb1fec79c58b819d6385fc4f6aa90fab/stress/vocabulary_subsample-10004/communities.csv,0bb0dc0b708ab5e6f5b2d266c4909bedb73276e58bc99be74409ab080d5ac0dc,9842
results/leiden-v2/ablations-2026-09-26/screening/candidates/fdeacfe8a18745cfad4cbd41e29ad26cbb1fec79c58b819d6385fc4f6aa90fab/stress/comparator-10005/communities.csv,631ed4be393d29f8e515fc7f7aa8a0a44fe08dccc44a734324d2e196a41ddc48,10936
results/leiden-v2/ablations-2026-09-26/screening/candidates/fdeacfe8a18745cfad4cbd41e29ad26cbb1fec79c58b819d6385fc4f6aa90fab/stress/edge_removal-10005/communities.csv,66abdaf753845ce85bbe1e52fa380d28f0a411de4567c2da7fd7c6eaed6ee618,10936
results/leiden-v2/ablations-2026-09-26/screening/candidates/fdeacfe8a18745cfad4cbd41e29ad26cbb1fec79c58b819d6385fc4f6aa90fab/stress/vocabulary_subsample-10005/communities.csv,2af6357740ea1191737f565bb11d9699869cdb79dba4e242b11944c15b499d37,9842
results/leiden-v2/ablations-2026-09-26/screening/candidates/fdeacfe8a18745cfad4cbd41e29ad26cbb1fec79c58b819d6385fc4f6aa90fab/stress/comparator-10006/communities.csv,3d92bf5e2834505fdf600185e361da75d4f3a0dd6afb746e18cb85f6d79c498e,10936
results/leiden-v2/ablations-2026-09-26/screening/candidates/fdeacfe8a18745cfad4cbd41e29ad26cbb1fec79c58b819d6385fc4f6aa90fab/stress/edge_removal-10006/communities.csv,a2ab1eacd7529803862b497028000e12f8a81e293ea097d5fd3f74e8e15727b3,10936
results/leiden-v2/ablations-2026-09-26/screening/candidates/fdeacfe8a18745cfad4cbd41e29ad26cbb1fec79c58b819d6385fc4f6aa90fab/stress/vocabulary_subsample-10006/communities.csv,c770264eb01f5d86a770cfb9d42d7bceb5f811153a68bc58207e955552802d67,9842
results/leiden-v2/ablations-2026-09-26/screening/candidates/fdeacfe8a18745cfad4cbd41e29ad26cbb1fec79c58b819d6385fc4f6aa90fab/stress/comparator-10007/communities.csv,59a7e008a9e0140c91e9b117a0f137a7cc157a48dd6067e2d32ab520c8a6b061,10936
results/leiden-v2/ablations-2026-09-26/screening/candidates/fdeacfe8a18745cfad4cbd41e29ad26cbb1fec79c58b819d6385fc4f6aa90fab/stress/edge_removal-10007/communities.csv,4383a4c4cc729ad559106c117cd092706f13d6ff766a057f9df1bd41adef7928,10936
results/leiden-v2/ablations-2026-09-26/screening/candidates/fdeacfe8a18745cfad4cbd41e29ad26cbb1fec79c58b819d6385fc4f6aa90fab/stress/vocabulary_subsample-10007/communities.csv,66c119a43c5364cea2e455789a1058970e2230b86ab7cf3623388696a3c36f57,9842
results/leiden-v2/ablations-2026-09-26/screening/candidates/fdeacfe8a18745cfad4cbd41e29ad26cbb1fec79c58b819d6385fc4f6aa90fab/stress/comparator-10008/communities.csv,f329f5913a93d2e2f2c7b60065f1088e9cbf83e770fbc0125fd4122a57e691b6,10936
results/leiden-v2/ablations-2026-09-26/screening/candidates/fdeacfe8a18745cfad4cbd41e29ad26cbb1fec79c58b819d6385fc4f6aa90fab/stress/edge_removal-10008/communities.csv,4318341f77f4d5db4b5e09e89edeffc1266749576404cbc07c737b00a751b657,10936
results/leiden-v2/ablations-2026-09-26/screening/candidates/fdeacfe8a18745cfad4cbd41e29ad26cbb1fec79c58b819d6385fc4f6aa90fab/stress/vocabulary_subsample-10008/communities.csv,83e75cf861fef7b0435bfd559492b0ca52f964f5491cd85ce819dad1018fa57e,9842
results/leiden-v2/ablations-2026-09-26/screening/candidates/fdeacfe8a18745cfad4cbd41e29ad26cbb1fec79c58b819d6385fc4f6aa90fab/stress/comparator-10009/communities.csv,7b94c0e885bbf1a03063f9a2455af9a38cdd6ba45701fb9c0ab0442762fa5357,10936
results/leiden-v2/ablations-2026-09-26/screening/candidates/fdeacfe8a18745cfad4cbd41e29ad26cbb1fec79c58b819d6385fc4f6aa90fab/stress/edge_removal-10009/communities.csv,21c0513382cafeb5cb612689af8acc38871e296ee011c275373497dd1661bd06,10936
results/leiden-v2/ablations-2026-09-26/screening/candidates/fdeacfe8a18745cfad4cbd41e29ad26cbb1fec79c58b819d6385fc4f6aa90fab/stress/vocabulary_subsample-10009/communities.csv,33d46d9dedec69e471a8787c7196770a43e603f02d94dda2336a3e7d2297fb05,9842
results/leiden-v2/ablations-2026-09-26/screening/candidates/fdeacfe8a18745cfad4cbd41e29ad26cbb1fec79c58b819d6385fc4f6aa90fab/sensitivity/k-increase/communities.csv,669f821281a10d7bd57f2ce95b60465bc324d8366ebbce4119c4bef4ad15c69f,10936
results/leiden-v2/ablations-2026-09-26/screening/candidates/fdeacfe8a18745cfad4cbd41e29ad26cbb1fec79c58b819d6385fc4f6aa90fab/sensitivity/k-decrease/communities.csv,d4da25328be7ac1ef4119260b164d89e3563e60f4ae1b716c5a58c44581b686d,10936
results/leiden-v2/ablations-2026-09-26/screening/candidates/fdeacfe8a18745cfad4cbd41e29ad26cbb1fec79c58b819d6385fc4f6aa90fab/sensitivity/resolution-increase/communities.csv,0a17202b735cc1b323def94c85b05ae2d4380f6c585cbfa38d68519c376e46d2,10936
results/leiden-v2/ablations-2026-09-26/screening/candidates/fdeacfe8a18745cfad4cbd41e29ad26cbb1fec79c58b819d6385fc4f6aa90fab/sensitivity/resolution-decrease/communities.csv,a7e971ec37af0736600a50aa378307bd3abb075acf9f6bc3f75151362125c3c1,10936
results/leiden-v2/ablations-2026-09-26/screening/candidates/2ada89cfa48c2d80a804e636d4f814df053a03ecebfd0d5db447f8fa29104a17/seed-42/communities.csv,c83d4c44229374a9e82b8f3993e427d4916b10a0ef56226c0295dd0c474e62dc,10936
results/leiden-v2/ablations-2026-09-26/screening/candidates/2ada89cfa48c2d80a804e636d4f814df053a03ecebfd0d5db447f8fa29104a17/seed-43/communities.csv,b0fcd00cd53e12c236ecd3098200c89034a168fb36b5f79d1515275a25f2140d,10936
results/leiden-v2/ablations-2026-09-26/screening/candidates/2ada89cfa48c2d80a804e636d4f814df053a03ecebfd0d5db447f8fa29104a17/seed-44/communities.csv,053d56b4b0c78b5531efa3d92e01a31bacaceb13bc5790dcaa08a79bc43e5982,10936
results/leiden-v2/ablations-2026-09-26/screening/candidates/2ada89cfa48c2d80a804e636d4f814df053a03ecebfd0d5db447f8fa29104a17/stress/comparator-10000/communities.csv,b5bac565d7d4b465debd4eb69ae2a0819b7ad5dbc23ab06e7a157c78555de3eb,10936
results/leiden-v2/ablations-2026-09-26/screening/candidates/2ada89cfa48c2d80a804e636d4f814df053a03ecebfd0d5db447f8fa29104a17/stress/edge_removal-10000/communities.csv,b69026facb8201db2765a4d72fde3ccc02f470765f8ddde18de8ab567a727605,10936
results/leiden-v2/ablations-2026-09-26/screening/candidates/2ada89cfa48c2d80a804e636d4f814df053a03ecebfd0d5db447f8fa29104a17/stress/vocabulary_subsample-10000/communities.csv,4495089cc5e707375f5d28edf05fe9ebebfcb0cd6725e7d39723224962dea161,9842
results/leiden-v2/ablations-2026-09-26/screening/candidates/2ada89cfa48c2d80a804e636d4f814df053a03ecebfd0d5db447f8fa29104a17/stress/comparator-10001/communities.csv,bac99d46f7980e5a2fe8d81bdf2889e4620051c0f402b0b60532a586795254f8,10936
results/leiden-v2/ablations-2026-09-26/screening/candidates/2ada89cfa48c2d80a804e636d4f814df053a03ecebfd0d5db447f8fa29104a17/stress/edge_removal-10001/communities.csv,e52294022f145359e4f79ed7b2cbca153135ac51aadbc000bc796dcb41b55289,10936
results/leiden-v2/ablations-2026-09-26/screening/candidates/2ada89cfa48c2d80a804e636d4f814df053a03ecebfd0d5db447f8fa29104a17/stress/vocabulary_subsample-10001/communities.csv,51d2ad25e36c4849943a0bda6f33e7ee61467bab9f290572871b8af8a1f74fdc,9842
results/leiden-v2/ablations-2026-09-26/screening/candidates/2ada89cfa48c2d80a804e636d4f814df053a03ecebfd0d5db447f8fa29104a17/stress/comparator-10002/communities.csv,57c04da134c2f58d50ccfa52cd440392415c4973939940a11a54cc6e85bd3a0e,10936
results/leiden-v2/ablations-2026-09-26/screening/candidates/2ada89cfa48c2d80a804e636d4f814df053a03ecebfd0d5db447f8fa29104a17/stress/edge_removal-10002/communities.csv,2dc1e38853c05c7f242121e45258289990e1f2162ef10a5d408ad5fb2bc89b42,10936
results/leiden-v2/ablations-2026-09-26/screening/candidates/2ada89cfa48c2d80a804e636d4f814df053a03ecebfd0d5db447f8fa29104a17/stress/vocabulary_subsample-10002/communities.csv,b612623db2b3bd2c5f7301783ede1ef3cf104dfe51339d14374f99b382e696ca,9842
results/leiden-v2/ablations-2026-09-26/screening/candidates/2ada89cfa48c2d80a804e636d4f814df053a03ecebfd0d5db447f8fa29104a17/stress/comparator-10003/communities.csv,752067ac09eb11e72a51cd07c1cf523887e2977b947614b23dcde66163b12d50,10936
results/leiden-v2/ablations-2026-09-26/screening/candidates/2ada89cfa48c2d80a804e636d4f814df053a03ecebfd0d5db447f8fa29104a17/stress/edge_removal-10003/communities.csv,1f2eec087b7311037fd357d4f5336ed2ff9f3fa0e2050d3c8dbdc5b8029e8da8,10936
results/leiden-v2/ablations-2026-09-26/screening/candidates/2ada89cfa48c2d80a804e636d4f814df053a03ecebfd0d5db447f8fa29104a17/stress/vocabulary_subsample-10003/communities.csv,759e5fa64c972ade6c50b3c0f9f991d1ec40fb74e67475fab536b238f9df0bbb,9842
results/leiden-v2/ablations-2026-09-26/screening/candidates/2ada89cfa48c2d80a804e636d4f814df053a03ecebfd0d5db447f8fa29104a17/stress/comparator-10004/communities.csv,5ae0eed6753ee76be18b7dd50a267e67e8915d6a523f4692183e28b73b652f5a,10936
results/leiden-v2/ablations-2026-09-26/screening/candidates/2ada89cfa48c2d80a804e636d4f814df053a03ecebfd0d5db447f8fa29104a17/stress/edge_removal-10004/communities.csv,b257dc12fb0cb0a082f08de8c49891f4bb359fd2c52502c4effed3402bf78ed3,10936
results/leiden-v2/ablations-2026-09-26/screening/candidates/2ada89cfa48c2d80a804e636d4f814df053a03ecebfd0d5db447f8fa29104a17/stress/vocabulary_subsample-10004/communities.csv,133ffa10483260a4a793a754f820d6f09904119d0557550f7fbdd8cc1a25fc74,9842
results/leiden-v2/ablations-2026-09-26/screening/candidates/2ada89cfa48c2d80a804e636d4f814df053a03ecebfd0d5db447f8fa29104a17/stress/comparator-10005/communities.csv,c0d3adf628816154b43b435215f94439da7f2a67fb0d130b0502d8f697b703b3,10936
results/leiden-v2/ablations-2026-09-26/screening/candidates/2ada89cfa48c2d80a804e636d4f814df053a03ecebfd0d5db447f8fa29104a17/stress/edge_removal-10005/communities.csv,0dd20c23e03447fe21169821c0e68d7c963af32d3550a8d2da4b56754769f399,10936
results/leiden-v2/ablations-2026-09-26/screening/candidates/2ada89cfa48c2d80a804e636d4f814df053a03ecebfd0d5db447f8fa29104a17/stress/vocabulary_subsample-10005/communities.csv,5739089eedf8ed08bae149e81358b29ff92dd308ffaeb337c6dc930e3ff37fe4,9842
results/leiden-v2/ablations-2026-09-26/screening/candidates/2ada89cfa48c2d80a804e636d4f814df053a03ecebfd0d5db447f8fa29104a17/stress/comparator-10006/communities.csv,ab62da7de4242ba9ace737057b34938866f42d76354f44c1407041c2b2a5a6f6,10936
results/leiden-v2/ablations-2026-09-26/screening/candidates/2ada89cfa48c2d80a804e636d4f814df053a03ecebfd0d5db447f8fa29104a17/stress/edge_removal-10006/communities.csv,5c3cdfa64bf460df45083b01292907e8a043d8141f2e7a93ee8d0d5cc73ccf52,10936
results/leiden-v2/ablations-2026-09-26/screening/candidates/2ada89cfa48c2d80a804e636d4f814df053a03ecebfd0d5db447f8fa29104a17/stress/vocabulary_subsample-10006/communities.csv,fe016505017808302c5911e68887d9b1777dfd6cbc9a5cd6cb665613d4c9e46c,9842
results/leiden-v2/ablations-2026-09-26/screening/candidates/2ada89cfa48c2d80a804e636d4f814df053a03ecebfd0d5db447f8fa29104a17/stress/comparator-10007/communities.csv,cbb563a875b19ef6fe96f7cdc8d3231e415e62258d00fda311ff01d6ee8d4c3c,10936
results/leiden-v2/ablations-2026-09-26/screening/candidates/2ada89cfa48c2d80a804e636d4f814df053a03ecebfd0d5db447f8fa29104a17/stress/edge_removal-10007/communities.csv,7d5918818fe84283230c6eb0872808e8cc365c1dbfab0d399b99936aba395031,10936
results/leiden-v2/ablations-2026-09-26/screening/candidates/2ada89cfa48c2d80a804e636d4f814df053a03ecebfd0d5db447f8fa29104a17/stress/vocabulary_subsample-10007/communities.csv,999bb54f17641bfd5a6f15edee69de600d02578a323f983aa08b24a26393f08e,9842
results/leiden-v2/ablations-2026-09-26/screening/candidates/2ada89cfa48c2d80a804e636d4f814df053a03ecebfd0d5db447f8fa29104a17/stress/comparator-10008/communities.csv,e571a7421ba355bb55127890a06d290a5f4c2694f688bd3d3c3bee4cfe61dadc,10936
results/leiden-v2/ablations-2026-09-26/screening/candidates/2ada89cfa48c2d80a804e636d4f814df053a03ecebfd0d5db447f8fa29104a17/stress/edge_removal-10008/communities.csv,5f9c33c177031c0b75e00b43e8f688011f478a8283daeeec023c4b8d966e177f,10936
results/leiden-v2/ablations-2026-09-26/screening/candidates/2ada89cfa48c2d80a804e636d4f814df053a03ecebfd0d5db447f8fa29104a17/stress/vocabulary_subsample-10008/communities.csv,7402e170f41989c2c1db67a1f723d589e50e2865f9da23f1654f697bde88cd08,9842
results/leiden-v2/ablations-2026-09-26/screening/candidates/2ada89cfa48c2d80a804e636d4f814df053a03ecebfd0d5db447f8fa29104a17/stress/comparator-10009/communities.csv,2bcaa8a22d534c50ccf48b2746dcc4d8ffd139ed393e8c868a7f52d1c24c800e,10936
results/leiden-v2/ablations-2026-09-26/screening/candidates/2ada89cfa48c2d80a804e636d4f814df053a03ecebfd0d5db447f8fa29104a17/stress/edge_removal-10009/communities.csv,bfd673e851018a332b0c5583e95d19c9342cce91f9c7e146f467d8721d5967b2,10936
results/leiden-v2/ablations-2026-09-26/screening/candidates/2ada89cfa48c2d80a804e636d4f814df053a03ecebfd0d5db447f8fa29104a17/stress/vocabulary_subsample-10009/communities.csv,b50285344ee42c8465300ff0a1df70f1aa4a1349db4dda89bd10b53f8da8c979,9842
results/leiden-v2/ablations-2026-09-26/screening/candidates/2ada89cfa48c2d80a804e636d4f814df053a03ecebfd0d5db447f8fa29104a17/sensitivity/k-increase/communities.csv,a4d157e14bf2d9a8c2bac94b52cc0033d7c9e289bd56f57bfe44c226bd7ce8f4,10936
results/leiden-v2/ablations-2026-09-26/screening/candidates/2ada89cfa48c2d80a804e636d4f814df053a03ecebfd0d5db447f8fa29104a17/sensitivity/k-decrease/communities.csv,e1841bab047558ec8067c61a40738cde7881c05a1cfc1b010dd649bcbac49c49,10936
results/leiden-v2/ablations-2026-09-26/screening/candidates/2ada89cfa48c2d80a804e636d4f814df053a03ecebfd0d5db447f8fa29104a17/sensitivity/resolution-increase/communities.csv,aae521c2ccbf17fff1e3581dfb419665a538ae60d4e7d1160f7b17b4b6a8b796,10936
results/leiden-v2/ablations-2026-09-26/screening/candidates/2ada89cfa48c2d80a804e636d4f814df053a03ecebfd0d5db447f8fa29104a17/sensitivity/resolution-decrease/communities.csv,51998cc0aa52a75d3c68995e53e5d45c27a904d585d9ea06967458518af81e61,10936
results/leiden-v2/ablations-2026-09-26/screening/candidates/895e15081dab388577e039d83c6478fc336d77f5a8fe5ba78c3c463859d4cb39/seed-42/communities.csv,fee1c9893e62471c4258aad5e2f0891d1eab648ca8c4e6343fcfd62e2d7fb9a7,10936
results/leiden-v2/ablations-2026-09-26/screening/candidates/895e15081dab388577e039d83c6478fc336d77f5a8fe5ba78c3c463859d4cb39/seed-43/communities.csv,31a1a728db6f2df4b2f7c942374cda2b9b2085aa125bbe0cd79a100e76991deb,10936
results/leiden-v2/ablations-2026-09-26/screening/candidates/895e15081dab388577e039d83c6478fc336d77f5a8fe5ba78c3c463859d4cb39/seed-44/communities.csv,72d5300aee17b7201b288e6f748b503ab4a866f3e543f288a410dccb1970cf1e,10936
results/leiden-v2/ablations-2026-09-26/screening/candidates/895e15081dab388577e039d83c6478fc336d77f5a8fe5ba78c3c463859d4cb39/stress/comparator-10000/communities.csv,1dbdde281766269e0ee8403289a2e58e06ade80ff33b71e7251f36cc1524d120,10936
results/leiden-v2/ablations-2026-09-26/screening/candidates/895e15081dab388577e039d83c6478fc336d77f5a8fe5ba78c3c463859d4cb39/stress/edge_removal-10000/communities.csv,77470ed47df4de594e3a7aaf23d4824df240b9a8cefb0447bb18ddab3f92a24f,10936
results/leiden-v2/ablations-2026-09-26/screening/candidates/895e15081dab388577e039d83c6478fc336d77f5a8fe5ba78c3c463859d4cb39/stress/vocabulary_subsample-10000/communities.csv,3447640737297d65dfd5f1ebad679861a184d9c50950ca5bb7f13bfe4d8d08a5,9842
results/leiden-v2/ablations-2026-09-26/screening/candidates/895e15081dab388577e039d83c6478fc336d77f5a8fe5ba78c3c463859d4cb39/stress/comparator-10001/communities.csv,32d909a7ea048091eade1bc3d7916acfef5327b045b08e8cb5f3b0dd57e0d2b2,10936
results/leiden-v2/ablations-2026-09-26/screening/candidates/895e15081dab388577e039d83c6478fc336d77f5a8fe5ba78c3c463859d4cb39/stress/edge_removal-10001/communities.csv,f94f9a725ddf3070f129302aebb8943caccd4cdf3a143a0d24e9c917f0d1016e,10936
results/leiden-v2/ablations-2026-09-26/screening/candidates/895e15081dab388577e039d83c6478fc336d77f5a8fe5ba78c3c463859d4cb39/stress/vocabulary_subsample-10001/communities.csv,80c316e2fbcae2eeb3a5e238d2c5bd12fe0d425e99f1d6ca905cffa364d24758,9842
results/leiden-v2/ablations-2026-09-26/screening/candidates/895e15081dab388577e039d83c6478fc336d77f5a8fe5ba78c3c463859d4cb39/stress/comparator-10002/communities.csv,e843e1117a6583fce4fdcd290ef74f957f7cd47a06bacbdde959fb7b573bf32f,10936
results/leiden-v2/ablations-2026-09-26/screening/candidates/895e15081dab388577e039d83c6478fc336d77f5a8fe5ba78c3c463859d4cb39/stress/edge_removal-10002/communities.csv,2530511978141f024190c1a6888046df56d9ca9236eaad6fea4067c1c836e5d4,10936
results/leiden-v2/ablations-2026-09-26/screening/candidates/895e15081dab388577e039d83c6478fc336d77f5a8fe5ba78c3c463859d4cb39/stress/vocabulary_subsample-10002/communities.csv,92b8a84f4007029a9f5601b52b2260df3f164da5330ef9cb5cb59d0266132333,9842
results/leiden-v2/ablations-2026-09-26/screening/candidates/895e15081dab388577e039d83c6478fc336d77f5a8fe5ba78c3c463859d4cb39/stress/comparator-10003/communities.csv,4c9c5bec4d3d4fcb3bbdbae19505f8e702fc6e64fea444e733c643182c4b709f,10936
results/leiden-v2/ablations-2026-09-26/screening/candidates/895e15081dab388577e039d83c6478fc336d77f5a8fe5ba78c3c463859d4cb39/stress/edge_removal-10003/communities.csv,c46d95c0dce25182b2074cf2499c109bdb276cc0b7521deeb45291d04c480f15,10936
results/leiden-v2/ablations-2026-09-26/screening/candidates/895e15081dab388577e039d83c6478fc336d77f5a8fe5ba78c3c463859d4cb39/stress/vocabulary_subsample-10003/communities.csv,f9c7da76aa7601cb2a146e8e70b07603e885981d50395a0d9683149ac7c5ae14,9842
results/leiden-v2/ablations-2026-09-26/screening/candidates/895e15081dab388577e039d83c6478fc336d77f5a8fe5ba78c3c463859d4cb39/stress/comparator-10004/communities.csv,a228a1661e25cd739962f99bb9468aefef49928e7dc79dbf78fdb0c4b55835a1,10936
results/leiden-v2/ablations-2026-09-26/screening/candidates/895e15081dab388577e039d83c6478fc336d77f5a8fe5ba78c3c463859d4cb39/stress/edge_removal-10004/communities.csv,3078f5704291c07c939048aad75a0633056ef020f834996ec1dfb96b32afa697,10936
results/leiden-v2/ablations-2026-09-26/screening/candidates/895e15081dab388577e039d83c6478fc336d77f5a8fe5ba78c3c463859d4cb39/stress/vocabulary_subsample-10004/communities.csv,3f05b8393694686bd5ba2b3cd0a32fdaa9669ab8c1e3e1a0dec02ec954ae34c6,9842
results/leiden-v2/ablations-2026-09-26/screening/candidates/895e15081dab388577e039d83c6478fc336d77f5a8fe5ba78c3c463859d4cb39/stress/comparator-10005/communities.csv,bcf938fd36fdd89009ca06339c5e53da6defb9bc7c79fd1698a2063b7c41d72f,10936
results/leiden-v2/ablations-2026-09-26/screening/candidates/895e15081dab388577e039d83c6478fc336d77f5a8fe5ba78c3c463859d4cb39/stress/edge_removal-10005/communities.csv,6e2f80fab436fb74a657c2e4717b3fb12ef5465bbbca2b6ac2c108067e7adb6f,10936
results/leiden-v2/ablations-2026-09-26/screening/candidates/895e15081dab388577e039d83c6478fc336d77f5a8fe5ba78c3c463859d4cb39/stress/vocabulary_subsample-10005/communities.csv,e7dfaa8cdf07c942d118bc27b1381eaaf0750d0b9cd455d8f60f95373e1edb30,9842
results/leiden-v2/ablations-2026-09-26/screening/candidates/895e15081dab388577e039d83c6478fc336d77f5a8fe5ba78c3c463859d4cb39/stress/comparator-10006/communities.csv,3274678dd4c87c165b881f00164f03dce139c95fd47d9825705fe48b4fdb9f89,10936
results/leiden-v2/ablations-2026-09-26/screening/candidates/895e15081dab388577e039d83c6478fc336d77f5a8fe5ba78c3c463859d4cb39/stress/edge_removal-10006/communities.csv,e62d61c3851267066a88521247fda7638336428479e54f4718bbfc17d29cfdc1,10936
results/leiden-v2/ablations-2026-09-26/screening/candidates/895e15081dab388577e039d83c6478fc336d77f5a8fe5ba78c3c463859d4cb39/stress/vocabulary_subsample-10006/communities.csv,4fa620aea90e1aa4ef8fc205384a604088fe8156cb66e2f2ac18727097991e85,9842
results/leiden-v2/ablations-2026-09-26/screening/candidates/895e15081dab388577e039d83c6478fc336d77f5a8fe5ba78c3c463859d4cb39/stress/comparator-10007/communities.csv,efca38c8b430f32a297bb765ed8f8e9837ce8a0939b66a33ef7e2a0064f23432,10936
results/leiden-v2/ablations-2026-09-26/screening/candidates/895e15081dab388577e039d83c6478fc336d77f5a8fe5ba78c3c463859d4cb39/stress/edge_removal-10007/communities.csv,2d79eb1adeac05322bbfb79477718a803f85b8084ac5ecb89109031eab069abd,10936
results/leiden-v2/ablations-2026-09-26/screening/candidates/895e15081dab388577e039d83c6478fc336d77f5a8fe5ba78c3c463859d4cb39/stress/vocabulary_subsample-10007/communities.csv,09cb531b0fef4e3d1d7b474c6139b75b79f0954ab983e9ee31b6934d1b9bca64,9842
results/leiden-v2/ablations-2026-09-26/screening/candidates/895e15081dab388577e039d83c6478fc336d77f5a8fe5ba78c3c463859d4cb39/stress/comparator-10008/communities.csv,d56dc94a5c4c5942333f7a4900fc6fb19fc0b555d4fa70ffa69b7a8dfec74d85,10936
results/leiden-v2/ablations-2026-09-26/screening/candidates/895e15081dab388577e039d83c6478fc336d77f5a8fe5ba78c3c463859d4cb39/stress/edge_removal-10008/communities.csv,33fa530e75e9be17b7f96fdb5e3134e0a2de00fa38376c3956993d1137fb3f3a,10936
results/leiden-v2/ablations-2026-09-26/screening/candidates/895e15081dab388577e039d83c6478fc336d77f5a8fe5ba78c3c463859d4cb39/stress/vocabulary_subsample-10008/communities.csv,ee63e8e9394b968276db514772aa79a302f5e781b87d6aaae5e364f4b8495cfb,9842
results/leiden-v2/ablations-2026-09-26/screening/candidates/895e15081dab388577e039d83c6478fc336d77f5a8fe5ba78c3c463859d4cb39/stress/comparator-10009/communities.csv,62e305c1390708767d6fd4e619ab30e99dcac69b58601ac45e7c59ed31d1031c,10936
results/leiden-v2/ablations-2026-09-26/screening/candidates/895e15081dab388577e039d83c6478fc336d77f5a8fe5ba78c3c463859d4cb39/stress/edge_removal-10009/communities.csv,f157f21878dab8168118c5f6f0a1a135f0a1e4e80b8b37564cbf756b4aafc98b,10936
results/leiden-v2/ablations-2026-09-26/screening/candidates/895e15081dab388577e039d83c6478fc336d77f5a8fe5ba78c3c463859d4cb39/stress/vocabulary_subsample-10009/communities.csv,599cf5916bf7319b7d539d75e5d2b40ba10063659d138a491b9ee9936a988152,9842
results/leiden-v2/ablations-2026-09-26/screening/candidates/895e15081dab388577e039d83c6478fc336d77f5a8fe5ba78c3c463859d4cb39/sensitivity/k-increase/communities.csv,b7413728b1e97c6e024226a5405d21d431e33e8452f1bbf9a293dcb6295cafbb,10936
results/leiden-v2/ablations-2026-09-26/screening/candidates/895e15081dab388577e039d83c6478fc336d77f5a8fe5ba78c3c463859d4cb39/sensitivity/k-decrease/communities.csv,8f34ddfc1ec6f8573e08540b9852e38a25894e3cc58a211e04b66d6f7aea1583,10936
results/leiden-v2/ablations-2026-09-26/screening/candidates/895e15081dab388577e039d83c6478fc336d77f5a8fe5ba78c3c463859d4cb39/sensitivity/resolution-increase/communities.csv,9c4f88023455a86d183ae628b71d74bc12ef572322a204e9eb3898298d3a0b71,10936
results/leiden-v2/ablations-2026-09-26/screening/candidates/895e15081dab388577e039d83c6478fc336d77f5a8fe5ba78c3c463859d4cb39/sensitivity/resolution-decrease/communities.csv,cd9ced9f4b57f2c58265579343cd9c3408f9080c654114913faa035a98507c0c,10936
results/leiden-v2/ablations-2026-09-26/screening/candidates/c9e0fc3d3c571835dfb4d8e5ad6ae89ddf04e98fa160e03f3f06d167de9ee2c1/seed-42/communities.csv,ede533b021b093bceeceb00236826b804d8d3903bc665b66b418c2dc5cae3264,10936
results/leiden-v2/ablations-2026-09-26/screening/candidates/c9e0fc3d3c571835dfb4d8e5ad6ae89ddf04e98fa160e03f3f06d167de9ee2c1/seed-43/communities.csv,ede533b021b093bceeceb00236826b804d8d3903bc665b66b418c2dc5cae3264,10936
results/leiden-v2/ablations-2026-09-26/screening/candidates/c9e0fc3d3c571835dfb4d8e5ad6ae89ddf04e98fa160e03f3f06d167de9ee2c1/seed-44/communities.csv,ede533b021b093bceeceb00236826b804d8d3903bc665b66b418c2dc5cae3264,10936
results/leiden-v2/ablations-2026-09-26/screening/candidates/c9e0fc3d3c571835dfb4d8e5ad6ae89ddf04e98fa160e03f3f06d167de9ee2c1/stress/comparator-10000/communities.csv,ede533b021b093bceeceb00236826b804d8d3903bc665b66b418c2dc5cae3264,10936
results/leiden-v2/ablations-2026-09-26/screening/candidates/c9e0fc3d3c571835dfb4d8e5ad6ae89ddf04e98fa160e03f3f06d167de9ee2c1/stress/edge_removal-10000/communities.csv,ede533b021b093bceeceb00236826b804d8d3903bc665b66b418c2dc5cae3264,10936
results/leiden-v2/ablations-2026-09-26/screening/candidates/c9e0fc3d3c571835dfb4d8e5ad6ae89ddf04e98fa160e03f3f06d167de9ee2c1/stress/vocabulary_subsample-10000/communities.csv,ec5063c8cc04f03895b44b428aa49b363f256368d63b0af664ba48522257ad46,9842
results/leiden-v2/ablations-2026-09-26/screening/candidates/c9e0fc3d3c571835dfb4d8e5ad6ae89ddf04e98fa160e03f3f06d167de9ee2c1/stress/comparator-10001/communities.csv,ede533b021b093bceeceb00236826b804d8d3903bc665b66b418c2dc5cae3264,10936
results/leiden-v2/ablations-2026-09-26/screening/candidates/c9e0fc3d3c571835dfb4d8e5ad6ae89ddf04e98fa160e03f3f06d167de9ee2c1/stress/edge_removal-10001/communities.csv,ede533b021b093bceeceb00236826b804d8d3903bc665b66b418c2dc5cae3264,10936
results/leiden-v2/ablations-2026-09-26/screening/candidates/c9e0fc3d3c571835dfb4d8e5ad6ae89ddf04e98fa160e03f3f06d167de9ee2c1/stress/vocabulary_subsample-10001/communities.csv,2917953a07803bc6be659e856150cf880189b92de3773d58ef2088b674d97460,9842
results/leiden-v2/ablations-2026-09-26/screening/candidates/c9e0fc3d3c571835dfb4d8e5ad6ae89ddf04e98fa160e03f3f06d167de9ee2c1/stress/comparator-10002/communities.csv,ede533b021b093bceeceb00236826b804d8d3903bc665b66b418c2dc5cae3264,10936
results/leiden-v2/ablations-2026-09-26/screening/candidates/c9e0fc3d3c571835dfb4d8e5ad6ae89ddf04e98fa160e03f3f06d167de9ee2c1/stress/edge_removal-10002/communities.csv,ede533b021b093bceeceb00236826b804d8d3903bc665b66b418c2dc5cae3264,10936
results/leiden-v2/ablations-2026-09-26/screening/candidates/c9e0fc3d3c571835dfb4d8e5ad6ae89ddf04e98fa160e03f3f06d167de9ee2c1/stress/vocabulary_subsample-10002/communities.csv,fbaddf7ba1cd06ec633af701c93d35be0c3132361b33e24ba91cf4298ee82960,9842
results/leiden-v2/ablations-2026-09-26/screening/candidates/c9e0fc3d3c571835dfb4d8e5ad6ae89ddf04e98fa160e03f3f06d167de9ee2c1/stress/comparator-10003/communities.csv,ede533b021b093bceeceb00236826b804d8d3903bc665b66b418c2dc5cae3264,10936
results/leiden-v2/ablations-2026-09-26/screening/candidates/c9e0fc3d3c571835dfb4d8e5ad6ae89ddf04e98fa160e03f3f06d167de9ee2c1/stress/edge_removal-10003/communities.csv,ede533b021b093bceeceb00236826b804d8d3903bc665b66b418c2dc5cae3264,10936
results/leiden-v2/ablations-2026-09-26/screening/candidates/c9e0fc3d3c571835dfb4d8e5ad6ae89ddf04e98fa160e03f3f06d167de9ee2c1/stress/vocabulary_subsample-10003/communities.csv,04e3064dbe7d14787d7de1db0ebda65eb0312f25c0a312ea95009076e5bb644f,9842
results/leiden-v2/ablations-2026-09-26/screening/candidates/c9e0fc3d3c571835dfb4d8e5ad6ae89ddf04e98fa160e03f3f06d167de9ee2c1/stress/comparator-10004/communities.csv,ede533b021b093bceeceb00236826b804d8d3903bc665b66b418c2dc5cae3264,10936
results/leiden-v2/ablations-2026-09-26/screening/candidates/c9e0fc3d3c571835dfb4d8e5ad6ae89ddf04e98fa160e03f3f06d167de9ee2c1/stress/edge_removal-10004/communities.csv,ede533b021b093bceeceb00236826b804d8d3903bc665b66b418c2dc5cae3264,10936
results/leiden-v2/ablations-2026-09-26/screening/candidates/c9e0fc3d3c571835dfb4d8e5ad6ae89ddf04e98fa160e03f3f06d167de9ee2c1/stress/vocabulary_subsample-10004/communities.csv,9680676d2500ce182cb9c04c94c35eeabe904a79637304ef0ad5d6e581802cc3,9842
results/leiden-v2/ablations-2026-09-26/screening/candidates/c9e0fc3d3c571835dfb4d8e5ad6ae89ddf04e98fa160e03f3f06d167de9ee2c1/stress/comparator-10005/communities.csv,ede533b021b093bceeceb00236826b804d8d3903bc665b66b418c2dc5cae3264,10936
results/leiden-v2/ablations-2026-09-26/screening/candidates/c9e0fc3d3c571835dfb4d8e5ad6ae89ddf04e98fa160e03f3f06d167de9ee2c1/stress/edge_removal-10005/communities.csv,ede533b021b093bceeceb00236826b804d8d3903bc665b66b418c2dc5cae3264,10936
results/leiden-v2/ablations-2026-09-26/screening/candidates/c9e0fc3d3c571835dfb4d8e5ad6ae89ddf04e98fa160e03f3f06d167de9ee2c1/stress/vocabulary_subsample-10005/communities.csv,f5f546912c415d94e5c8469463b04c936de642c90655fd233a0daf7bb95ead35,9842
results/leiden-v2/ablations-2026-09-26/screening/candidates/c9e0fc3d3c571835dfb4d8e5ad6ae89ddf04e98fa160e03f3f06d167de9ee2c1/stress/comparator-10006/communities.csv,ede533b021b093bceeceb00236826b804d8d3903bc665b66b418c2dc5cae3264,10936
results/leiden-v2/ablations-2026-09-26/screening/candidates/c9e0fc3d3c571835dfb4d8e5ad6ae89ddf04e98fa160e03f3f06d167de9ee2c1/stress/edge_removal-10006/communities.csv,ede533b021b093bceeceb00236826b804d8d3903bc665b66b418c2dc5cae3264,10936
results/leiden-v2/ablations-2026-09-26/screening/candidates/c9e0fc3d3c571835dfb4d8e5ad6ae89ddf04e98fa160e03f3f06d167de9ee2c1/stress/vocabulary_subsample-10006/communities.csv,74cfee99238affdf707d11bb1dec734b6b0bfa447152dfaded2bb660dd7240fe,9842
results/leiden-v2/ablations-2026-09-26/screening/candidates/c9e0fc3d3c571835dfb4d8e5ad6ae89ddf04e98fa160e03f3f06d167de9ee2c1/stress/comparator-10007/communities.csv,ede533b021b093bceeceb00236826b804d8d3903bc665b66b418c2dc5cae3264,10936
results/leiden-v2/ablations-2026-09-26/screening/candidates/c9e0fc3d3c571835dfb4d8e5ad6ae89ddf04e98fa160e03f3f06d167de9ee2c1/stress/edge_removal-10007/communities.csv,ede533b021b093bceeceb00236826b804d8d3903bc665b66b418c2dc5cae3264,10936
results/leiden-v2/ablations-2026-09-26/screening/candidates/c9e0fc3d3c571835dfb4d8e5ad6ae89ddf04e98fa160e03f3f06d167de9ee2c1/stress/vocabulary_subsample-10007/communities.csv,9e93bb73c3f98d3f1159b4a625ad7f92cabdb8145c1a8012163dfae83b2f183c,9842
results/leiden-v2/ablations-2026-09-26/screening/candidates/c9e0fc3d3c571835dfb4d8e5ad6ae89ddf04e98fa160e03f3f06d167de9ee2c1/stress/comparator-10008/communities.csv,ede533b021b093bceeceb00236826b804d8d3903bc665b66b418c2dc5cae3264,10936
results/leiden-v2/ablations-2026-09-26/screening/candidates/c9e0fc3d3c571835dfb4d8e5ad6ae89ddf04e98fa160e03f3f06d167de9ee2c1/stress/edge_removal-10008/communities.csv,ede533b021b093bceeceb00236826b804d8d3903bc665b66b418c2dc5cae3264,10936
results/leiden-v2/ablations-2026-09-26/screening/candidates/c9e0fc3d3c571835dfb4d8e5ad6ae89ddf04e98fa160e03f3f06d167de9ee2c1/stress/vocabulary_subsample-10008/communities.csv,62e81d8973fd9ee4eb0408ec233c93640f33cbec9102d3d94d3d676d5b371a71,9842
results/leiden-v2/ablations-2026-09-26/screening/candidates/c9e0fc3d3c571835dfb4d8e5ad6ae89ddf04e98fa160e03f3f06d167de9ee2c1/stress/comparator-10009/communities.csv,ede533b021b093bceeceb00236826b804d8d3903bc665b66b418c2dc5cae3264,10936
results/leiden-v2/ablations-2026-09-26/screening/candidates/c9e0fc3d3c571835dfb4d8e5ad6ae89ddf04e98fa160e03f3f06d167de9ee2c1/stress/edge_removal-10009/communities.csv,ede533b021b093bceeceb00236826b804d8d3903bc665b66b418c2dc5cae3264,10936
results/leiden-v2/ablations-2026-09-26/screening/candidates/c9e0fc3d3c571835dfb4d8e5ad6ae89ddf04e98fa160e03f3f06d167de9ee2c1/stress/vocabulary_subsample-10009/communities.csv,6f0de88fd6ffbd513245740362871b24cfac031affc55cbb563344f4961ccd71,9842
results/leiden-v2/ablations-2026-09-26/screening/candidates/ef62d43fd6b88ac448361f76ac8cf7727cbe1799e7dcd51f0948f0c60b313089/seed-42/communities.csv,165b982651c4c9963105e493f1ff0fccb5fa2c9b11175354fad9185e9951469c,10936
results/leiden-v2/ablations-2026-09-26/screening/candidates/ef62d43fd6b88ac448361f76ac8cf7727cbe1799e7dcd51f0948f0c60b313089/seed-43/communities.csv,d032b308eb68dfb1e268b50b7689f3c57b864c2d736eae0f44512410a4cdbdec,10936
results/leiden-v2/ablations-2026-09-26/screening/candidates/ef62d43fd6b88ac448361f76ac8cf7727cbe1799e7dcd51f0948f0c60b313089/seed-44/communities.csv,a4b960d4a0cd260ee8aa2be6c84f57cc5689f658e64246eb8bdec549a8cd3d5f,10936
results/leiden-v2/ablations-2026-09-26/screening/candidates/ef62d43fd6b88ac448361f76ac8cf7727cbe1799e7dcd51f0948f0c60b313089/stress/comparator-10000/communities.csv,c4abb246989e683cf29836efcf8b5792e205705fb96d23936748faea08fce339,10936
results/leiden-v2/ablations-2026-09-26/screening/candidates/ef62d43fd6b88ac448361f76ac8cf7727cbe1799e7dcd51f0948f0c60b313089/stress/edge_removal-10000/communities.csv,8c6717d0db334a263927cd044dba45356c3a0975aaddcc5a20fe50554db129a3,10936
results/leiden-v2/ablations-2026-09-26/screening/candidates/ef62d43fd6b88ac448361f76ac8cf7727cbe1799e7dcd51f0948f0c60b313089/stress/vocabulary_subsample-10000/communities.csv,874a4af8c8014af8a552eff2737886fde955714e8b02b691de0f135f2f677b70,9842
results/leiden-v2/ablations-2026-09-26/screening/candidates/ef62d43fd6b88ac448361f76ac8cf7727cbe1799e7dcd51f0948f0c60b313089/stress/comparator-10001/communities.csv,6272e0afd52bc43a364c284e29c9b680d868fdd29ee34f710470b96bf3059596,10936
results/leiden-v2/ablations-2026-09-26/screening/candidates/ef62d43fd6b88ac448361f76ac8cf7727cbe1799e7dcd51f0948f0c60b313089/stress/edge_removal-10001/communities.csv,a7ab709c3b4c3e9b64881fe808271f074ef11f9a9276e8d63b6522a7d8357637,10936
results/leiden-v2/ablations-2026-09-26/screening/candidates/ef62d43fd6b88ac448361f76ac8cf7727cbe1799e7dcd51f0948f0c60b313089/stress/vocabulary_subsample-10001/communities.csv,40bbd93a26b5c193c50179ba3a9a007b3786169ba03ab7ea9b0f1bd5b80fb428,9842
results/leiden-v2/ablations-2026-09-26/screening/candidates/ef62d43fd6b88ac448361f76ac8cf7727cbe1799e7dcd51f0948f0c60b313089/stress/comparator-10002/communities.csv,c555dd3c1c4f671ff1e61fa9c44d8ee056995cc7bd763cdfdab29d7938805b95,10936
results/leiden-v2/ablations-2026-09-26/screening/candidates/ef62d43fd6b88ac448361f76ac8cf7727cbe1799e7dcd51f0948f0c60b313089/stress/edge_removal-10002/communities.csv,da5db1ac036840802d0669471542bfba7d0cac6b03ad04fc83db78d7296875f7,10936
results/leiden-v2/ablations-2026-09-26/screening/candidates/ef62d43fd6b88ac448361f76ac8cf7727cbe1799e7dcd51f0948f0c60b313089/stress/vocabulary_subsample-10002/communities.csv,33710c57c13ff7330788a1b28093c9b03647b123610bd6b003fd0ceb35425d09,9842
results/leiden-v2/ablations-2026-09-26/screening/candidates/ef62d43fd6b88ac448361f76ac8cf7727cbe1799e7dcd51f0948f0c60b313089/stress/comparator-10003/communities.csv,00e179fbc7e421eaa6b20f723526045a881b75bdcc438f7d778d9f7b2fac1b39,10936
results/leiden-v2/ablations-2026-09-26/screening/candidates/ef62d43fd6b88ac448361f76ac8cf7727cbe1799e7dcd51f0948f0c60b313089/stress/edge_removal-10003/communities.csv,758bc774cb4586a13a339fd907cc18fa93601108274fab75319c18a4c6118a2f,10936
results/leiden-v2/ablations-2026-09-26/screening/candidates/ef62d43fd6b88ac448361f76ac8cf7727cbe1799e7dcd51f0948f0c60b313089/stress/vocabulary_subsample-10003/communities.csv,6ce00a30bd390dec37646c4ea797156f67834bb392303835e003c81542190c82,9842
results/leiden-v2/ablations-2026-09-26/screening/candidates/ef62d43fd6b88ac448361f76ac8cf7727cbe1799e7dcd51f0948f0c60b313089/stress/comparator-10004/communities.csv,ed500340e75cced746fdf50d8522bdbd7c12a8b4cc70b060d8ee20a752caeb04,10936
results/leiden-v2/ablations-2026-09-26/screening/candidates/ef62d43fd6b88ac448361f76ac8cf7727cbe1799e7dcd51f0948f0c60b313089/stress/edge_removal-10004/communities.csv,63e1dbd56e2a83e171bc77583f2927ba779e1ba3c2568760aa55e404dada2b01,10936
results/leiden-v2/ablations-2026-09-26/screening/candidates/ef62d43fd6b88ac448361f76ac8cf7727cbe1799e7dcd51f0948f0c60b313089/stress/vocabulary_subsample-10004/communities.csv,ff0c95df4db28a631fff9414e4f93516380fea88d47589e8aa15601f9d132168,9842
results/leiden-v2/ablations-2026-09-26/screening/candidates/ef62d43fd6b88ac448361f76ac8cf7727cbe1799e7dcd51f0948f0c60b313089/stress/comparator-10005/communities.csv,3fd22f6adabaa3f583b32a5421cf2e2a1aab606b0657e40dce38821b5f6663b4,10936
results/leiden-v2/ablations-2026-09-26/screening/candidates/ef62d43fd6b88ac448361f76ac8cf7727cbe1799e7dcd51f0948f0c60b313089/stress/edge_removal-10005/communities.csv,30db4bf024d0e8de1540cef46f22337127b4122843b1c0eabf0069cffd5432dc,10936
results/leiden-v2/ablations-2026-09-26/screening/candidates/ef62d43fd6b88ac448361f76ac8cf7727cbe1799e7dcd51f0948f0c60b313089/stress/vocabulary_subsample-10005/communities.csv,fcfe6166d4c3aea53d1facbdfc0822cf7d13d8b3fec868df77dc5d2b6a369aba,9842
results/leiden-v2/ablations-2026-09-26/screening/candidates/ef62d43fd6b88ac448361f76ac8cf7727cbe1799e7dcd51f0948f0c60b313089/stress/comparator-10006/communities.csv,99720591d0683c0084162f05761273e6bf788593e4111276a9a675fbce2a7224,10936
results/leiden-v2/ablations-2026-09-26/screening/candidates/ef62d43fd6b88ac448361f76ac8cf7727cbe1799e7dcd51f0948f0c60b313089/stress/edge_removal-10006/communities.csv,414f3838781a1c5675822e558def03ce35743a0a9b6178565a27001589d6604e,10936
results/leiden-v2/ablations-2026-09-26/screening/candidates/ef62d43fd6b88ac448361f76ac8cf7727cbe1799e7dcd51f0948f0c60b313089/stress/vocabulary_subsample-10006/communities.csv,8ce2be1eaf820e3707e6f5d7f9eeaeb96f1244c9e42857c0aa7b01ae7d5820de,9842
results/leiden-v2/ablations-2026-09-26/screening/candidates/ef62d43fd6b88ac448361f76ac8cf7727cbe1799e7dcd51f0948f0c60b313089/stress/comparator-10007/communities.csv,6f950e2d00689f0ce9a1e8ed5f2696808068a300e2ecd0fad3a08d38a1122509,10936
results/leiden-v2/ablations-2026-09-26/screening/candidates/ef62d43fd6b88ac448361f76ac8cf7727cbe1799e7dcd51f0948f0c60b313089/stress/edge_removal-10007/communities.csv,39558419f5cd287423c50773a9158b2842cf96d49398ebdbff99e6645f45f793,10936
results/leiden-v2/ablations-2026-09-26/screening/candidates/ef62d43fd6b88ac448361f76ac8cf7727cbe1799e7dcd51f0948f0c60b313089/stress/vocabulary_subsample-10007/communities.csv,e102d8915c1a097f227d693253ed5d612026c88007e78143a38ea0914244f98d,9842
results/leiden-v2/ablations-2026-09-26/screening/candidates/ef62d43fd6b88ac448361f76ac8cf7727cbe1799e7dcd51f0948f0c60b313089/stress/comparator-10008/communities.csv,c4ed85271be87464d5709092fbad41e81bc1f471331fcbeef056ccb376ed409e,10936
results/leiden-v2/ablations-2026-09-26/screening/candidates/ef62d43fd6b88ac448361f76ac8cf7727cbe1799e7dcd51f0948f0c60b313089/stress/edge_removal-10008/communities.csv,fc53fabb815523701f9d97354b7e3730a4653141807949d1ae685aa63980f5fb,10936
results/leiden-v2/ablations-2026-09-26/screening/candidates/ef62d43fd6b88ac448361f76ac8cf7727cbe1799e7dcd51f0948f0c60b313089/stress/vocabulary_subsample-10008/communities.csv,78b883258b57acfc48488409b1e01fcf2d9b501eb5780e55355617a138eee50c,9842
results/leiden-v2/ablations-2026-09-26/screening/candidates/ef62d43fd6b88ac448361f76ac8cf7727cbe1799e7dcd51f0948f0c60b313089/stress/comparator-10009/communities.csv,9ba83b5af017ba6277cf9faefeff7b686e7c7c387b744bc8ec8518ede49f5166,10936
results/leiden-v2/ablations-2026-09-26/screening/candidates/ef62d43fd6b88ac448361f76ac8cf7727cbe1799e7dcd51f0948f0c60b313089/stress/edge_removal-10009/communities.csv,67a619f68eb08473806f5d5d699e6c5c48bcd26a67b62383e89aedc88d54491b,10936
results/leiden-v2/ablations-2026-09-26/screening/candidates/ef62d43fd6b88ac448361f76ac8cf7727cbe1799e7dcd51f0948f0c60b313089/stress/vocabulary_subsample-10009/communities.csv,518741f3eed9818ec8851ff5d4cdf44cc76c7a1976e2c0677b18ef9360e17b8b,9842
results/leiden-v2/ablations-2026-09-26/screening/candidates/321f5fbbfebce44c949188ee99d32d7a8b211b33e672e807efd19b85375e6921/seed-42/communities.csv,e2dee477eb847ee3785c8252fa1308b65baa5903b4aae26937203c929b6f476d,10936
results/leiden-v2/ablations-2026-09-26/screening/candidates/321f5fbbfebce44c949188ee99d32d7a8b211b33e672e807efd19b85375e6921/seed-43/communities.csv,192de8bea1dcb5477c73e5833f90a79b3032cbd88dfdd47b467aaf6fb5c239b5,10936
results/leiden-v2/ablations-2026-09-26/screening/candidates/321f5fbbfebce44c949188ee99d32d7a8b211b33e672e807efd19b85375e6921/seed-44/communities.csv,72577aead8684e21ccb11396bc934b4548360fde8f2a5e1956926717cda9af5b,10936
results/leiden-v2/ablations-2026-09-26/screening/candidates/321f5fbbfebce44c949188ee99d32d7a8b211b33e672e807efd19b85375e6921/stress/comparator-10000/communities.csv,37019f7796b82ff423b178558e4096633ad7803d7df81c6e0e4952ffe77274c4,10936
results/leiden-v2/ablations-2026-09-26/screening/candidates/321f5fbbfebce44c949188ee99d32d7a8b211b33e672e807efd19b85375e6921/stress/edge_removal-10000/communities.csv,616cc94b3b82a441e3f620874d247638873c756f8c7e947920caa81ca806e49b,10936
results/leiden-v2/ablations-2026-09-26/screening/candidates/321f5fbbfebce44c949188ee99d32d7a8b211b33e672e807efd19b85375e6921/stress/vocabulary_subsample-10000/communities.csv,97614ecf57d54f89a1b295e47663405e0de49e1574ea0d6168f1adb4a35a73e3,9842
results/leiden-v2/ablations-2026-09-26/screening/candidates/321f5fbbfebce44c949188ee99d32d7a8b211b33e672e807efd19b85375e6921/stress/comparator-10001/communities.csv,059d220b9571ec9a754f85f45264b6feac9005309d5ddfc7df4e690d157b9381,10936
results/leiden-v2/ablations-2026-09-26/screening/candidates/321f5fbbfebce44c949188ee99d32d7a8b211b33e672e807efd19b85375e6921/stress/edge_removal-10001/communities.csv,75b3102bc50432aaec43333e5310863d721fa23c455218fbf2ec15fcd120bc53,10936
results/leiden-v2/ablations-2026-09-26/screening/candidates/321f5fbbfebce44c949188ee99d32d7a8b211b33e672e807efd19b85375e6921/stress/vocabulary_subsample-10001/communities.csv,f177e75a31db703863296263a2c2ea245850614bb6c806304a5d6e0b5a1d8204,9842
results/leiden-v2/ablations-2026-09-26/screening/candidates/321f5fbbfebce44c949188ee99d32d7a8b211b33e672e807efd19b85375e6921/stress/comparator-10002/communities.csv,81323ad110fd3c9c9dda1ee13929b1dbca18d8ee2467af84f5827a68ad7a44e2,10936
results/leiden-v2/ablations-2026-09-26/screening/candidates/321f5fbbfebce44c949188ee99d32d7a8b211b33e672e807efd19b85375e6921/stress/edge_removal-10002/communities.csv,65a22412b79f9c085bf69573f926eb5fa4c71fc281b973b9f78ead5d0b8b5a8d,10936
results/leiden-v2/ablations-2026-09-26/screening/candidates/321f5fbbfebce44c949188ee99d32d7a8b211b33e672e807efd19b85375e6921/stress/vocabulary_subsample-10002/communities.csv,bab2577fb8bb5659f471ab72aa04719fd836a059d74f090d682d78de4cf81bf6,9842
results/leiden-v2/ablations-2026-09-26/screening/candidates/321f5fbbfebce44c949188ee99d32d7a8b211b33e672e807efd19b85375e6921/stress/comparator-10003/communities.csv,b7e12dd4e290fc6f7f96f146e870593097d074c0b7dae108737ac8b0dae2cdbe,10936
results/leiden-v2/ablations-2026-09-26/screening/candidates/321f5fbbfebce44c949188ee99d32d7a8b211b33e672e807efd19b85375e6921/stress/edge_removal-10003/communities.csv,96d663623b4f96dd5f10491361b174f59cc018e767ad81650f6b72e206509c34,10936
results/leiden-v2/ablations-2026-09-26/screening/candidates/321f5fbbfebce44c949188ee99d32d7a8b211b33e672e807efd19b85375e6921/stress/vocabulary_subsample-10003/communities.csv,3d05ccdc773436c01507b70f6156caa89ed181eefa9cc4f02e72aa2d67434b99,9842
results/leiden-v2/ablations-2026-09-26/screening/candidates/321f5fbbfebce44c949188ee99d32d7a8b211b33e672e807efd19b85375e6921/stress/comparator-10004/communities.csv,7a9ae198b117d413d4e666ba92eff84a303ab68e9daf005af20e11006669f88a,10936
results/leiden-v2/ablations-2026-09-26/screening/candidates/321f5fbbfebce44c949188ee99d32d7a8b211b33e672e807efd19b85375e6921/stress/edge_removal-10004/communities.csv,b94457b2a3e3033ae7ed37b9ef0d3d60023c287c3fb3beaddb135adbca472721,10936
results/leiden-v2/ablations-2026-09-26/screening/candidates/321f5fbbfebce44c949188ee99d32d7a8b211b33e672e807efd19b85375e6921/stress/vocabulary_subsample-10004/communities.csv,09790c54966e2bf527bb3be58d7bbf325e8b18c4012b565f3a7f168545e69cd8,9842
results/leiden-v2/ablations-2026-09-26/screening/candidates/321f5fbbfebce44c949188ee99d32d7a8b211b33e672e807efd19b85375e6921/stress/comparator-10005/communities.csv,2352374f7b619033944ee108f12a866839d3bc6a58324adcb947103bd7e4f013,10936
results/leiden-v2/ablations-2026-09-26/screening/candidates/321f5fbbfebce44c949188ee99d32d7a8b211b33e672e807efd19b85375e6921/stress/edge_removal-10005/communities.csv,4ea2fd265c64fb3bf463e31a23d947cf3cb52b042f4c6b3da5832dd3d7268879,10936
results/leiden-v2/ablations-2026-09-26/screening/candidates/321f5fbbfebce44c949188ee99d32d7a8b211b33e672e807efd19b85375e6921/stress/vocabulary_subsample-10005/communities.csv,76cd8f9bc0c880f9fcb18a6be25ae671c604a84f71cea13da3b3a3fdef302a53,9842
results/leiden-v2/ablations-2026-09-26/screening/candidates/321f5fbbfebce44c949188ee99d32d7a8b211b33e672e807efd19b85375e6921/stress/comparator-10006/communities.csv,4858a929325ccd1ba13518ee2ec83c4216c5cd64041ba50bd5a032c9a65b89cf,10936
results/leiden-v2/ablations-2026-09-26/screening/candidates/321f5fbbfebce44c949188ee99d32d7a8b211b33e672e807efd19b85375e6921/stress/edge_removal-10006/communities.csv,b96d2abcc4bb4f68a2dff1e3ec04c493c30b58fe83d3bdaeb0260075fca7c92f,10936
results/leiden-v2/ablations-2026-09-26/screening/candidates/321f5fbbfebce44c949188ee99d32d7a8b211b33e672e807efd19b85375e6921/stress/vocabulary_subsample-10006/communities.csv,49e6b8b4c5c4143dfd84830c3b644b350a807e755d6afea72dcdbd87b558059f,9842
results/leiden-v2/ablations-2026-09-26/screening/candidates/321f5fbbfebce44c949188ee99d32d7a8b211b33e672e807efd19b85375e6921/stress/comparator-10007/communities.csv,2405258799c950fdf7bad81ce4217b00c849961f4a1b2c03369291662e65e239,10936
results/leiden-v2/ablations-2026-09-26/screening/candidates/321f5fbbfebce44c949188ee99d32d7a8b211b33e672e807efd19b85375e6921/stress/edge_removal-10007/communities.csv,d5165b2acbea2e0d16eb46cbbb169ea4f9a091d1063b499e51aa40f464619853,10936
results/leiden-v2/ablations-2026-09-26/screening/candidates/321f5fbbfebce44c949188ee99d32d7a8b211b33e672e807efd19b85375e6921/stress/vocabulary_subsample-10007/communities.csv,91105344a68d6fe322d35bffbe37f800fc462f0f6b3683cda4b9647dd10df7f2,9842
results/leiden-v2/ablations-2026-09-26/screening/candidates/321f5fbbfebce44c949188ee99d32d7a8b211b33e672e807efd19b85375e6921/stress/comparator-10008/communities.csv,3b89f4787eec8a8c619dea48bdc6005a9e9375f16f0eec28beb942e7968083f5,10936
results/leiden-v2/ablations-2026-09-26/screening/candidates/321f5fbbfebce44c949188ee99d32d7a8b211b33e672e807efd19b85375e6921/stress/edge_removal-10008/communities.csv,c95dfdada1167d2b0d8520822b0a1e00e22c2539499c1c03cf21393ecd21568b,10936
results/leiden-v2/ablations-2026-09-26/screening/candidates/321f5fbbfebce44c949188ee99d32d7a8b211b33e672e807efd19b85375e6921/stress/vocabulary_subsample-10008/communities.csv,f87251773d11e95d47ee686bfb6067565df990ce396fa007ff49407562f4f03a,9842
results/leiden-v2/ablations-2026-09-26/screening/candidates/321f5fbbfebce44c949188ee99d32d7a8b211b33e672e807efd19b85375e6921/stress/comparator-10009/communities.csv,b0db091f78e7ddeddfbcbea81ac82960b32e6c7aed3e0ba9e07d00c7e2eeb3b9,10936
results/leiden-v2/ablations-2026-09-26/screening/candidates/321f5fbbfebce44c949188ee99d32d7a8b211b33e672e807efd19b85375e6921/stress/edge_removal-10009/communities.csv,6a703debf5ac7c39634ab58e3258f192bf6a97dc13838f081aa6e5114c9c6ad3,10936
results/leiden-v2/ablations-2026-09-26/screening/candidates/321f5fbbfebce44c949188ee99d32d7a8b211b33e672e807efd19b85375e6921/stress/vocabulary_subsample-10009/communities.csv,66083e2734c5796c705893e998a21c9e9c1ac805f6c8083737f7cf73d8ece953,9842
results/leiden-v2/ablations-2026-09-26/screening/candidates/321f5fbbfebce44c949188ee99d32d7a8b211b33e672e807efd19b85375e6921/sensitivity/k-increase/communities.csv,188a2266e35bc2d9c2e17e48850353f3f6d0b0c90939bdd1f2275301a33a050a,10936
results/leiden-v2/ablations-2026-09-26/screening/candidates/321f5fbbfebce44c949188ee99d32d7a8b211b33e672e807efd19b85375e6921/sensitivity/k-decrease/communities.csv,9bc4a28f102b408ab7a743b58b1359f47700ef093e3f6d05fffcc8faf0040f47,10936
results/leiden-v2/ablations-2026-09-26/screening/candidates/321f5fbbfebce44c949188ee99d32d7a8b211b33e672e807efd19b85375e6921/sensitivity/resolution-increase/communities.csv,83cdb4eacd22e09e37bce959d8a0f33f03f9a72bc014d158b5fd1cbe45fe837e,10936
results/leiden-v2/ablations-2026-09-26/screening/candidates/321f5fbbfebce44c949188ee99d32d7a8b211b33e672e807efd19b85375e6921/sensitivity/resolution-decrease/communities.csv,59b9cd7baaff3fc818bb89eb3aaeac4aab54b5f7000ea04fda0271aa79d87479,10936
results/leiden-v2/ablations-2026-09-26/screening/candidates/83f3e7ba5712748354bf38ae49aaa0b86593bb3adb7caf604fe3c56546fb8ccf/seed-42/communities.csv,7296685c6c194420c5ae6aeda6bc146c730fbb46bd2d6f519704e170a41db4b7,10936
results/leiden-v2/ablations-2026-09-26/screening/candidates/83f3e7ba5712748354bf38ae49aaa0b86593bb3adb7caf604fe3c56546fb8ccf/seed-43/communities.csv,3b7dc9f05548d7edc28726b172a32e082cf2296e61c028dec232b9b55a22acd7,10936
results/leiden-v2/ablations-2026-09-26/screening/candidates/83f3e7ba5712748354bf38ae49aaa0b86593bb3adb7caf604fe3c56546fb8ccf/seed-44/communities.csv,9402c7cdbe29f186abe126e14008d09fc4ae9f4aa5bf094ea15ecd0ff3bd95e7,10936
results/leiden-v2/ablations-2026-09-26/screening/candidates/83f3e7ba5712748354bf38ae49aaa0b86593bb3adb7caf604fe3c56546fb8ccf/stress/comparator-10000/communities.csv,bda3679440d8b44b3cbaa89dd14a6624769fed21819775a499cae4558790f0c7,10936
results/leiden-v2/ablations-2026-09-26/screening/candidates/83f3e7ba5712748354bf38ae49aaa0b86593bb3adb7caf604fe3c56546fb8ccf/stress/edge_removal-10000/communities.csv,58187d712283bfd093543afdc1e210a959f6c58601f5a8246d0a3e06867385ba,10936
results/leiden-v2/ablations-2026-09-26/screening/candidates/83f3e7ba5712748354bf38ae49aaa0b86593bb3adb7caf604fe3c56546fb8ccf/stress/vocabulary_subsample-10000/communities.csv,9d9dccc8d5f0d9f705ff373a39a01795a35c5ea210c5685d3f8306c127a2b7c2,9842
results/leiden-v2/ablations-2026-09-26/screening/candidates/83f3e7ba5712748354bf38ae49aaa0b86593bb3adb7caf604fe3c56546fb8ccf/stress/comparator-10001/communities.csv,3651a823d7294c74619b687d9f18658849d371898f5fb4c4b0eaf3e73c505f48,10936
results/leiden-v2/ablations-2026-09-26/screening/candidates/83f3e7ba5712748354bf38ae49aaa0b86593bb3adb7caf604fe3c56546fb8ccf/stress/edge_removal-10001/communities.csv,b974c8b9ab0638da1570aa84a29082fa90ff0a6d4e2faf6c46c23497e4342c42,10936
results/leiden-v2/ablations-2026-09-26/screening/candidates/83f3e7ba5712748354bf38ae49aaa0b86593bb3adb7caf604fe3c56546fb8ccf/stress/vocabulary_subsample-10001/communities.csv,257c0946d1d9b5bc12edc978295d7ea859588b94ee4f91179421355b66dd2a9c,9842
results/leiden-v2/ablations-2026-09-26/screening/candidates/83f3e7ba5712748354bf38ae49aaa0b86593bb3adb7caf604fe3c56546fb8ccf/stress/comparator-10002/communities.csv,76a722822e1e7c64a33d07df18a2a80cb3d58ef4c742432920503293de68d077,10936
results/leiden-v2/ablations-2026-09-26/screening/candidates/83f3e7ba5712748354bf38ae49aaa0b86593bb3adb7caf604fe3c56546fb8ccf/stress/edge_removal-10002/communities.csv,9704cc3e6d9605e657cb9423c92f200c16ec816b91f907c59c96a9c2cbd970ea,10936
results/leiden-v2/ablations-2026-09-26/screening/candidates/83f3e7ba5712748354bf38ae49aaa0b86593bb3adb7caf604fe3c56546fb8ccf/stress/vocabulary_subsample-10002/communities.csv,a205e7b67d6c4540bf425e06cea75d0248f756467daa2786ea9449c0ba016e48,9842
results/leiden-v2/ablations-2026-09-26/screening/candidates/83f3e7ba5712748354bf38ae49aaa0b86593bb3adb7caf604fe3c56546fb8ccf/stress/comparator-10003/communities.csv,adf40a4e637e956de55c7a48847ad1b5aa99c53c67ef686a1dcc9f944981daa0,10936
results/leiden-v2/ablations-2026-09-26/screening/candidates/83f3e7ba5712748354bf38ae49aaa0b86593bb3adb7caf604fe3c56546fb8ccf/stress/edge_removal-10003/communities.csv,387ebc62399ef1552c0c12c0cf8fbb136e541246dcd91fb8370d29b3f326e319,10936
results/leiden-v2/ablations-2026-09-26/screening/candidates/83f3e7ba5712748354bf38ae49aaa0b86593bb3adb7caf604fe3c56546fb8ccf/stress/vocabulary_subsample-10003/communities.csv,6214b68b9110ebc5fe0bb20a16d9fd660269d42c0fb0d086e24b4b8781f449ca,9842
results/leiden-v2/ablations-2026-09-26/screening/candidates/83f3e7ba5712748354bf38ae49aaa0b86593bb3adb7caf604fe3c56546fb8ccf/stress/comparator-10004/communities.csv,a181dd9e596a2f9977195af5384fec19f30033b80418d3f1ff1baec8a3ae32b1,10936
results/leiden-v2/ablations-2026-09-26/screening/candidates/83f3e7ba5712748354bf38ae49aaa0b86593bb3adb7caf604fe3c56546fb8ccf/stress/edge_removal-10004/communities.csv,556a7ee5abcfa98ca19376fca3b01c586d44ea8bd3cfd2660c13f6dcd62ffce9,10936
results/leiden-v2/ablations-2026-09-26/screening/candidates/83f3e7ba5712748354bf38ae49aaa0b86593bb3adb7caf604fe3c56546fb8ccf/stress/vocabulary_subsample-10004/communities.csv,143cbf0d564d5c12da46f1355487df0b01c5e11f3b82b0219ccf9db1c3ad10c4,9842
results/leiden-v2/ablations-2026-09-26/screening/candidates/83f3e7ba5712748354bf38ae49aaa0b86593bb3adb7caf604fe3c56546fb8ccf/stress/comparator-10005/communities.csv,d8815c9207e5dcbea797fa9a4ef82496994fc90af97c8a674dc1cfa4c83d5df4,10936
results/leiden-v2/ablations-2026-09-26/screening/candidates/83f3e7ba5712748354bf38ae49aaa0b86593bb3adb7caf604fe3c56546fb8ccf/stress/edge_removal-10005/communities.csv,2ab259e6dc4de2aeeb5ae3a33c8398ad6c3c704562791be8d78e92bdb4e7c8fe,10936
results/leiden-v2/ablations-2026-09-26/screening/candidates/83f3e7ba5712748354bf38ae49aaa0b86593bb3adb7caf604fe3c56546fb8ccf/stress/vocabulary_subsample-10005/communities.csv,5c1625ace5cdc3ae9239fe453534c943dabbbdec3175a54e8afcd09cb325b357,9842
results/leiden-v2/ablations-2026-09-26/screening/candidates/83f3e7ba5712748354bf38ae49aaa0b86593bb3adb7caf604fe3c56546fb8ccf/stress/comparator-10006/communities.csv,27e8de6d76aebc9828846a015009e901ca27ab0891b40626e51f1ba8fcdeda0a,10936
results/leiden-v2/ablations-2026-09-26/screening/candidates/83f3e7ba5712748354bf38ae49aaa0b86593bb3adb7caf604fe3c56546fb8ccf/stress/edge_removal-10006/communities.csv,6cfd50d13eae4a82d500d405b7d27e46c7c3499c644b1d46a89b207b18fb3487,10936
results/leiden-v2/ablations-2026-09-26/screening/candidates/83f3e7ba5712748354bf38ae49aaa0b86593bb3adb7caf604fe3c56546fb8ccf/stress/vocabulary_subsample-10006/communities.csv,f0d553422953a55dc65a6f3cc23ade49b90c7c91dc75dfecb0bbd645190b1a2b,9842
results/leiden-v2/ablations-2026-09-26/screening/candidates/83f3e7ba5712748354bf38ae49aaa0b86593bb3adb7caf604fe3c56546fb8ccf/stress/comparator-10007/communities.csv,cde21ed70c1a1a0b62ff7132b339d60dd44cad92942dda970d883989c725433e,10936
results/leiden-v2/ablations-2026-09-26/screening/candidates/83f3e7ba5712748354bf38ae49aaa0b86593bb3adb7caf604fe3c56546fb8ccf/stress/edge_removal-10007/communities.csv,89d113436405f114208f3cccc43eec3eaaa809235a5f485b46836a532e1a8ce0,10936
results/leiden-v2/ablations-2026-09-26/screening/candidates/83f3e7ba5712748354bf38ae49aaa0b86593bb3adb7caf604fe3c56546fb8ccf/stress/vocabulary_subsample-10007/communities.csv,bf6fbe453d8cecdb3f7fb924e9a496805fdae3c11ca13b0650505857b9b75d4d,9842
results/leiden-v2/ablations-2026-09-26/screening/candidates/83f3e7ba5712748354bf38ae49aaa0b86593bb3adb7caf604fe3c56546fb8ccf/stress/comparator-10008/communities.csv,8e6de79af3be446d413c9100bb7dacffa17fbc8994abe9b5be99a1989b080a31,10936
results/leiden-v2/ablations-2026-09-26/screening/candidates/83f3e7ba5712748354bf38ae49aaa0b86593bb3adb7caf604fe3c56546fb8ccf/stress/edge_removal-10008/communities.csv,3dbb3141267eedea42a5370d9308ee85f8107b06ef22e043a7bc93bd319e3395,10936
results/leiden-v2/ablations-2026-09-26/screening/candidates/83f3e7ba5712748354bf38ae49aaa0b86593bb3adb7caf604fe3c56546fb8ccf/stress/vocabulary_subsample-10008/communities.csv,44944de71449e8c741cbf7ca047af49d6505b2f250746decfb2458767a23456d,9842
results/leiden-v2/ablations-2026-09-26/screening/candidates/83f3e7ba5712748354bf38ae49aaa0b86593bb3adb7caf604fe3c56546fb8ccf/stress/comparator-10009/communities.csv,e516f27d1650f5d94f21b0c32c3e1aafddea6cd690b446b439b0c00a2f4d345b,10936
results/leiden-v2/ablations-2026-09-26/screening/candidates/83f3e7ba5712748354bf38ae49aaa0b86593bb3adb7caf604fe3c56546fb8ccf/stress/edge_removal-10009/communities.csv,55d2369fc16e31c6466b3667edee7fce6bb9978530d2e6e233980663a9d25f4e,10936
results/leiden-v2/ablations-2026-09-26/screening/candidates/83f3e7ba5712748354bf38ae49aaa0b86593bb3adb7caf604fe3c56546fb8ccf/stress/vocabulary_subsample-10009/communities.csv,a3cb27f634c5d8d2d1557b8e0a3db9e1dded02a6d79d689f99ecc6d5911375b5,9842
results/leiden-v2/ablations-2026-09-26/screening/candidates/83f3e7ba5712748354bf38ae49aaa0b86593bb3adb7caf604fe3c56546fb8ccf/sensitivity/k-increase/communities.csv,11f13f24668440ea3da5a469665c79f0e7e6deef7be791abd057e0e0510599b9,10936
results/leiden-v2/ablations-2026-09-26/screening/candidates/83f3e7ba5712748354bf38ae49aaa0b86593bb3adb7caf604fe3c56546fb8ccf/sensitivity/k-decrease/communities.csv,4637cfee657ae36d8ab556cb2284974dcf22b6b92c4c08f539ee725570ca96b7,10936
results/leiden-v2/ablations-2026-09-26/screening/candidates/83f3e7ba5712748354bf38ae49aaa0b86593bb3adb7caf604fe3c56546fb8ccf/sensitivity/resolution-increase/communities.csv,52229b9459874f928b7ebc25cf2e06e1e3388e3a65396780e43f5d95882e22a6,10936
results/leiden-v2/ablations-2026-09-26/screening/candidates/83f3e7ba5712748354bf38ae49aaa0b86593bb3adb7caf604fe3c56546fb8ccf/sensitivity/resolution-decrease/communities.csv,6209027b3cf0fa20c64563da0176d1c4a2a788adad2d93f4e7cd07d6bf9bf7bd,10936
results/leiden-v2/ablations-2026-09-26/screening/candidates/414826689f7fdbf2628e72b8e1cf8e9f691af9ae274a1f6939da19adbb5e5d9d/seed-42/communities.csv,435cc37c1d8947b38315fa0a01fbc06e2aa040c436cfbbbebc6dbff0f467b7e5,10936
results/leiden-v2/ablations-2026-09-26/screening/candidates/414826689f7fdbf2628e72b8e1cf8e9f691af9ae274a1f6939da19adbb5e5d9d/seed-43/communities.csv,a8dfea48bd107cfaeae529d36766abfa0fc2bacbdbcf158fc4838c9bcf2437f8,10936
results/leiden-v2/ablations-2026-09-26/screening/candidates/414826689f7fdbf2628e72b8e1cf8e9f691af9ae274a1f6939da19adbb5e5d9d/seed-44/communities.csv,f7d3a2c58274e7f49b71dff5d9d0d981b82ea521b81096e3bba9503b92753efc,10936
results/leiden-v2/ablations-2026-09-26/screening/candidates/414826689f7fdbf2628e72b8e1cf8e9f691af9ae274a1f6939da19adbb5e5d9d/stress/comparator-10000/communities.csv,f43d032ec90dadce37b2458bde09792268b74d015161afa6e629920ea31f924b,10936
results/leiden-v2/ablations-2026-09-26/screening/candidates/414826689f7fdbf2628e72b8e1cf8e9f691af9ae274a1f6939da19adbb5e5d9d/stress/edge_removal-10000/communities.csv,7d809b8cea6eff16a23196ddf0008615240df8de92a67503e9e46afc277154f9,10936
results/leiden-v2/ablations-2026-09-26/screening/candidates/414826689f7fdbf2628e72b8e1cf8e9f691af9ae274a1f6939da19adbb5e5d9d/stress/vocabulary_subsample-10000/communities.csv,f8baa38d323c77588184e1bb84b49dc17f9e1cc16d99dac5d6f06227c3f4a3f2,9842
results/leiden-v2/ablations-2026-09-26/screening/candidates/414826689f7fdbf2628e72b8e1cf8e9f691af9ae274a1f6939da19adbb5e5d9d/stress/comparator-10001/communities.csv,2cb2894b75a2be787d08ccf024e8b39c1035aef1b7ca03c9587650ac6ce2b5bc,10936
results/leiden-v2/ablations-2026-09-26/screening/candidates/414826689f7fdbf2628e72b8e1cf8e9f691af9ae274a1f6939da19adbb5e5d9d/stress/edge_removal-10001/communities.csv,632f517255250144084b51b30349d4767458cbb56cf6ab5c2b8e2a86588bcc96,10936
results/leiden-v2/ablations-2026-09-26/screening/candidates/414826689f7fdbf2628e72b8e1cf8e9f691af9ae274a1f6939da19adbb5e5d9d/stress/vocabulary_subsample-10001/communities.csv,16252b576f3b2bd122bb2261cf28cf024b930dde4d72e4b38fbb29d940769e11,9842
results/leiden-v2/ablations-2026-09-26/screening/candidates/414826689f7fdbf2628e72b8e1cf8e9f691af9ae274a1f6939da19adbb5e5d9d/stress/comparator-10002/communities.csv,7a98da8ca71d10cb3883e10a0349679feb958f24bf509aeea3b0d502aedf75a8,10936
results/leiden-v2/ablations-2026-09-26/screening/candidates/414826689f7fdbf2628e72b8e1cf8e9f691af9ae274a1f6939da19adbb5e5d9d/stress/edge_removal-10002/communities.csv,af9237fc0de2916cfbdfcc3f09993e0e315c8a7930d1654600ff73f48b425e32,10936
results/leiden-v2/ablations-2026-09-26/screening/candidates/414826689f7fdbf2628e72b8e1cf8e9f691af9ae274a1f6939da19adbb5e5d9d/stress/vocabulary_subsample-10002/communities.csv,b020d481753b9a2df4e767c6144672c80c56ded2fbc9ca686ea67acdde462729,9842
results/leiden-v2/ablations-2026-09-26/screening/candidates/414826689f7fdbf2628e72b8e1cf8e9f691af9ae274a1f6939da19adbb5e5d9d/stress/comparator-10003/communities.csv,2ade7a71c2dbcacb321ab9ab5448084c4c4e5a71fdcee1979ba58d90ad312a31,10936
results/leiden-v2/ablations-2026-09-26/screening/candidates/414826689f7fdbf2628e72b8e1cf8e9f691af9ae274a1f6939da19adbb5e5d9d/stress/edge_removal-10003/communities.csv,15020f8cbd668c4947c5fdce0f575585be600154aa54c960ad00c61a8e12901f,10936
results/leiden-v2/ablations-2026-09-26/screening/candidates/414826689f7fdbf2628e72b8e1cf8e9f691af9ae274a1f6939da19adbb5e5d9d/stress/vocabulary_subsample-10003/communities.csv,fee0727f637de3102c2caa5b94078d20305c63badf43e867eef184e513455a04,9842
results/leiden-v2/ablations-2026-09-26/screening/candidates/414826689f7fdbf2628e72b8e1cf8e9f691af9ae274a1f6939da19adbb5e5d9d/stress/comparator-10004/communities.csv,4be014e6951661a56971802d1237006677e01eb14c3d32b23e3dc69d15677143,10936
results/leiden-v2/ablations-2026-09-26/screening/candidates/414826689f7fdbf2628e72b8e1cf8e9f691af9ae274a1f6939da19adbb5e5d9d/stress/edge_removal-10004/communities.csv,e8e36264c200098c9fd78b656ecbe06dda4b2df69808b361801bdf1f088f6e57,10936
results/leiden-v2/ablations-2026-09-26/screening/candidates/414826689f7fdbf2628e72b8e1cf8e9f691af9ae274a1f6939da19adbb5e5d9d/stress/vocabulary_subsample-10004/communities.csv,235d397dcf6138e5b8cf2d350847771ad9fab0e2e26af25046c36958136bcf2c,9842
results/leiden-v2/ablations-2026-09-26/screening/candidates/414826689f7fdbf2628e72b8e1cf8e9f691af9ae274a1f6939da19adbb5e5d9d/stress/comparator-10005/communities.csv,380fb0569cf2a6b90de50b11f89460ce25822e03a4f4c467c8864e098149f8a3,10936
results/leiden-v2/ablations-2026-09-26/screening/candidates/414826689f7fdbf2628e72b8e1cf8e9f691af9ae274a1f6939da19adbb5e5d9d/stress/edge_removal-10005/communities.csv,584c67da807144bf7a6ec184a0d8b2c612234a98e1bb527b1c6fe8b1afc34d69,10936
results/leiden-v2/ablations-2026-09-26/screening/candidates/414826689f7fdbf2628e72b8e1cf8e9f691af9ae274a1f6939da19adbb5e5d9d/stress/vocabulary_subsample-10005/communities.csv,b1b4eb6c446908f5c4f59bf48c12025eefc14bd130bd3f13b6b940138ea3cb6e,9842
results/leiden-v2/ablations-2026-09-26/screening/candidates/414826689f7fdbf2628e72b8e1cf8e9f691af9ae274a1f6939da19adbb5e5d9d/stress/comparator-10006/communities.csv,c6179e8e476cadfcb42167cec7a9787c3e5ede663e44dfeb46b330e0cb79f456,10936
results/leiden-v2/ablations-2026-09-26/screening/candidates/414826689f7fdbf2628e72b8e1cf8e9f691af9ae274a1f6939da19adbb5e5d9d/stress/edge_removal-10006/communities.csv,9d98d79da860ba2c405442a2f0037dadc2f451395c162e26dc51c8b2728740a2,10936
results/leiden-v2/ablations-2026-09-26/screening/candidates/414826689f7fdbf2628e72b8e1cf8e9f691af9ae274a1f6939da19adbb5e5d9d/stress/vocabulary_subsample-10006/communities.csv,a6925b6d61af59524969f24e7cf303036e001b120d897449642fbaa03251a29b,9842
results/leiden-v2/ablations-2026-09-26/screening/candidates/414826689f7fdbf2628e72b8e1cf8e9f691af9ae274a1f6939da19adbb5e5d9d/stress/comparator-10007/communities.csv,97d89e23147945e9ba7fc34b91f17ae6e05227d1823f35fd3a58495000adf60b,10936
results/leiden-v2/ablations-2026-09-26/screening/candidates/414826689f7fdbf2628e72b8e1cf8e9f691af9ae274a1f6939da19adbb5e5d9d/stress/edge_removal-10007/communities.csv,170f394fff9e5f89f53ea50cc4b718235ae1a104a3780b5d628da231936a4c9d,10936
results/leiden-v2/ablations-2026-09-26/screening/candidates/414826689f7fdbf2628e72b8e1cf8e9f691af9ae274a1f6939da19adbb5e5d9d/stress/vocabulary_subsample-10007/communities.csv,718d47172ef3c969c16d6d5a5500ac7f3574934dd8f76a1ff24ac4e8ff8e3c92,9842
results/leiden-v2/ablations-2026-09-26/screening/candidates/414826689f7fdbf2628e72b8e1cf8e9f691af9ae274a1f6939da19adbb5e5d9d/stress/comparator-10008/communities.csv,e86fa7b1389d864f2ffb64396e56d2113267882c9cf195e88c72f34d6195b06d,10936
results/leiden-v2/ablations-2026-09-26/screening/candidates/414826689f7fdbf2628e72b8e1cf8e9f691af9ae274a1f6939da19adbb5e5d9d/stress/edge_removal-10008/communities.csv,948799fca774ee90882f6c698776b904d72e24c5baa7a19ec371d1838a640853,10936
results/leiden-v2/ablations-2026-09-26/screening/candidates/414826689f7fdbf2628e72b8e1cf8e9f691af9ae274a1f6939da19adbb5e5d9d/stress/vocabulary_subsample-10008/communities.csv,3c24d7ce067f1dcffe03e409f4112640ec7b2a2aa0545fb715e646949e700d40,9842
results/leiden-v2/ablations-2026-09-26/screening/candidates/414826689f7fdbf2628e72b8e1cf8e9f691af9ae274a1f6939da19adbb5e5d9d/stress/comparator-10009/communities.csv,538eaa5206c49247ff02028f9df8053874f5b5f1486e18c9ebd75cfdb98b26cc,10936
results/leiden-v2/ablations-2026-09-26/screening/candidates/414826689f7fdbf2628e72b8e1cf8e9f691af9ae274a1f6939da19adbb5e5d9d/stress/edge_removal-10009/communities.csv,31c72fbc81022ce457d60f50098432354911d2ec73ca035b73261abcffd156fc,10936
results/leiden-v2/ablations-2026-09-26/screening/candidates/414826689f7fdbf2628e72b8e1cf8e9f691af9ae274a1f6939da19adbb5e5d9d/stress/vocabulary_subsample-10009/communities.csv,c2e45e26fd31655c236a5537fecb5c05ab524d8a78101e96714b6a8b377bfcad,9842
results/leiden-v2/ablations-2026-09-26/screening/candidates/414826689f7fdbf2628e72b8e1cf8e9f691af9ae274a1f6939da19adbb5e5d9d/sensitivity/k-increase/communities.csv,4485f3efe81001d0533963786102a1a88899879eee2b71ad848ee8e073268ef9,10936
results/leiden-v2/ablations-2026-09-26/screening/candidates/414826689f7fdbf2628e72b8e1cf8e9f691af9ae274a1f6939da19adbb5e5d9d/sensitivity/k-decrease/communities.csv,680c9d91f72b234eb07235567a92501bfddaec8565d70a366a270a862b531922,10936
results/leiden-v2/ablations-2026-09-26/screening/candidates/414826689f7fdbf2628e72b8e1cf8e9f691af9ae274a1f6939da19adbb5e5d9d/sensitivity/resolution-increase/communities.csv,346bd2584c68981884910beafc61411f0258aeaaeb8d1af680fbf05a5ee57be2,10936
results/leiden-v2/ablations-2026-09-26/screening/candidates/414826689f7fdbf2628e72b8e1cf8e9f691af9ae274a1f6939da19adbb5e5d9d/sensitivity/resolution-decrease/communities.csv,f26f051af55db9e9b6a386a52008aabc94ccbff618e4a3d0133927ffdada89ee,10936
results/leiden-v2/ablations-2026-09-26/screening/candidates/60b34c50ea9805154f2e14c2e288bfe6057c77a67eabab7ddddf8ee1e6d8fd4b/seed-42/communities.csv,b46cd5d8676dc041182cf4682b450ff64be64f29c8b5061605e3db39be7e83f5,10936
results/leiden-v2/ablations-2026-09-26/screening/candidates/60b34c50ea9805154f2e14c2e288bfe6057c77a67eabab7ddddf8ee1e6d8fd4b/seed-43/communities.csv,a543ae3b1e6dec4546a65aeb1df387e2cb8c00a43a4dbb23b996b9bf067607ec,10936
results/leiden-v2/ablations-2026-09-26/screening/candidates/60b34c50ea9805154f2e14c2e288bfe6057c77a67eabab7ddddf8ee1e6d8fd4b/seed-44/communities.csv,cfb88be0d2a035ccbe5d07547f1e5b377a1938f696ea570f257c2e41ec33fa7d,10936
results/leiden-v2/ablations-2026-09-26/screening/candidates/60b34c50ea9805154f2e14c2e288bfe6057c77a67eabab7ddddf8ee1e6d8fd4b/stress/comparator-10000/communities.csv,6dcc14276cf250d3f4b4087aad817fc427e4a604990b1523d3f1839ee1d5fde6,10936
results/leiden-v2/ablations-2026-09-26/screening/candidates/60b34c50ea9805154f2e14c2e288bfe6057c77a67eabab7ddddf8ee1e6d8fd4b/stress/edge_removal-10000/communities.csv,5b1543f455825f86aaf2e1b0159abec54ef1c1630ee1a5dade6d9ee9269f36d7,10936
results/leiden-v2/ablations-2026-09-26/screening/candidates/60b34c50ea9805154f2e14c2e288bfe6057c77a67eabab7ddddf8ee1e6d8fd4b/stress/vocabulary_subsample-10000/communities.csv,7eac4f2912e1f45a3446adc0f7fcd3d3f77e5e22c44f1b7ff19f9a20ff35d683,9842
results/leiden-v2/ablations-2026-09-26/screening/candidates/60b34c50ea9805154f2e14c2e288bfe6057c77a67eabab7ddddf8ee1e6d8fd4b/stress/comparator-10001/communities.csv,112186b87f28295b1cd470f2a2c8e66373f50eac594721d36911c3ece2e8f34f,10936
results/leiden-v2/ablations-2026-09-26/screening/candidates/60b34c50ea9805154f2e14c2e288bfe6057c77a67eabab7ddddf8ee1e6d8fd4b/stress/edge_removal-10001/communities.csv,e42b820dbb487c2209edfa5d4652e846ac3550a8e4c42930b9cd806a698af3d8,10936
results/leiden-v2/ablations-2026-09-26/screening/candidates/60b34c50ea9805154f2e14c2e288bfe6057c77a67eabab7ddddf8ee1e6d8fd4b/stress/vocabulary_subsample-10001/communities.csv,a9035083354e958afeb4638685b3a01e45e750bb8837d629b4fb9ad21addbfb9,9842
results/leiden-v2/ablations-2026-09-26/screening/candidates/60b34c50ea9805154f2e14c2e288bfe6057c77a67eabab7ddddf8ee1e6d8fd4b/stress/comparator-10002/communities.csv,b211aaf459aba5553006248b4767a38b5dfb544ea43fa13bfa5ddc23fb7e6e1b,10936
results/leiden-v2/ablations-2026-09-26/screening/candidates/60b34c50ea9805154f2e14c2e288bfe6057c77a67eabab7ddddf8ee1e6d8fd4b/stress/edge_removal-10002/communities.csv,a390bea099ddbf687ceef243a380f2094a847752808b5045a38b067e47f3a035,10936
results/leiden-v2/ablations-2026-09-26/screening/candidates/60b34c50ea9805154f2e14c2e288bfe6057c77a67eabab7ddddf8ee1e6d8fd4b/stress/vocabulary_subsample-10002/communities.csv,c3c059c95c781e6c968f45f1ee74aefd2b4317b3fea17adbce20f7d0fa438a35,9842
results/leiden-v2/ablations-2026-09-26/screening/candidates/60b34c50ea9805154f2e14c2e288bfe6057c77a67eabab7ddddf8ee1e6d8fd4b/stress/comparator-10003/communities.csv,e468b97bd459123cf4a8c6fdbf65641b6ea177b01fb511182677673d8f06c2b0,10936
results/leiden-v2/ablations-2026-09-26/screening/candidates/60b34c50ea9805154f2e14c2e288bfe6057c77a67eabab7ddddf8ee1e6d8fd4b/stress/edge_removal-10003/communities.csv,c369771ddd9a831d8b0ca45e0507e55c5167f9e90a15a7ba5f164689e3640f02,10936
results/leiden-v2/ablations-2026-09-26/screening/candidates/60b34c50ea9805154f2e14c2e288bfe6057c77a67eabab7ddddf8ee1e6d8fd4b/stress/vocabulary_subsample-10003/communities.csv,9e026756013d743f0aa8d71981f7c1f964b56e7d6c8fc173a7ac65fcd7645d9f,9842
results/leiden-v2/ablations-2026-09-26/screening/candidates/60b34c50ea9805154f2e14c2e288bfe6057c77a67eabab7ddddf8ee1e6d8fd4b/stress/comparator-10004/communities.csv,fde4398facd1fd9ee899d8f9448296c0591326726efae5375ec81798b7f2f0c3,10936
results/leiden-v2/ablations-2026-09-26/screening/candidates/60b34c50ea9805154f2e14c2e288bfe6057c77a67eabab7ddddf8ee1e6d8fd4b/stress/edge_removal-10004/communities.csv,9dfdd308b3bc9d2283d24ecfea40835ca35176c42a5af484075cbfe3a1ba6e37,10936
results/leiden-v2/ablations-2026-09-26/screening/candidates/60b34c50ea9805154f2e14c2e288bfe6057c77a67eabab7ddddf8ee1e6d8fd4b/stress/vocabulary_subsample-10004/communities.csv,5fe3cf40ce20d30663c315a2ee4185ac0cbcdec2da730688f8f3c9cd4ea3be87,9842
results/leiden-v2/ablations-2026-09-26/screening/candidates/60b34c50ea9805154f2e14c2e288bfe6057c77a67eabab7ddddf8ee1e6d8fd4b/stress/comparator-10005/communities.csv,e21e7f7ce12d834d39ce4f10588794085224b57e83bf2c46d7d95e27358b8134,10936
results/leiden-v2/ablations-2026-09-26/screening/candidates/60b34c50ea9805154f2e14c2e288bfe6057c77a67eabab7ddddf8ee1e6d8fd4b/stress/edge_removal-10005/communities.csv,8e77ddecae2f913364cb8abce799135852d4086890b30f9016671f06242fd85b,10936
results/leiden-v2/ablations-2026-09-26/screening/candidates/60b34c50ea9805154f2e14c2e288bfe6057c77a67eabab7ddddf8ee1e6d8fd4b/stress/vocabulary_subsample-10005/communities.csv,bf4d6b4353119770d0d80c9ef40ea55ce312d8baef6a9378ccfa33488d2f55c7,9842
results/leiden-v2/ablations-2026-09-26/screening/candidates/60b34c50ea9805154f2e14c2e288bfe6057c77a67eabab7ddddf8ee1e6d8fd4b/stress/comparator-10006/communities.csv,e27701a641da4304b5d66eae852a8f776ca243fa3b7ef536e8f45d22ee63b271,10936
results/leiden-v2/ablations-2026-09-26/screening/candidates/60b34c50ea9805154f2e14c2e288bfe6057c77a67eabab7ddddf8ee1e6d8fd4b/stress/edge_removal-10006/communities.csv,6b3b76b1137779549a7252eef0d9d45162b31a0d9f0a6b4654f4eb28c3746acb,10936
results/leiden-v2/ablations-2026-09-26/screening/candidates/60b34c50ea9805154f2e14c2e288bfe6057c77a67eabab7ddddf8ee1e6d8fd4b/stress/vocabulary_subsample-10006/communities.csv,e6d0c818f7dffb4f5401da7e5fce34892a8afe0ad6bfecccc7a953b1f4d98e0f,9842
results/leiden-v2/ablations-2026-09-26/screening/candidates/60b34c50ea9805154f2e14c2e288bfe6057c77a67eabab7ddddf8ee1e6d8fd4b/stress/comparator-10007/communities.csv,046134f6e680316de55c776850133c7f5b615a457beebf94194722631871f9ac,10936
results/leiden-v2/ablations-2026-09-26/screening/candidates/60b34c50ea9805154f2e14c2e288bfe6057c77a67eabab7ddddf8ee1e6d8fd4b/stress/edge_removal-10007/communities.csv,835daca968abdef102e7cb73fb9af6d97c9d1893bc0982ceec477770e7791037,10936
results/leiden-v2/ablations-2026-09-26/screening/candidates/60b34c50ea9805154f2e14c2e288bfe6057c77a67eabab7ddddf8ee1e6d8fd4b/stress/vocabulary_subsample-10007/communities.csv,3b092158382ea6ea1dc70f1a26baed31bf9946d52c7d3fb1652983b27fc9daa1,9842
results/leiden-v2/ablations-2026-09-26/screening/candidates/60b34c50ea9805154f2e14c2e288bfe6057c77a67eabab7ddddf8ee1e6d8fd4b/stress/comparator-10008/communities.csv,1597704bc1919882d1c0aa3cd198759e1445c8ab1dd64c3bcd26c8c17e5ab9ba,10936
results/leiden-v2/ablations-2026-09-26/screening/candidates/60b34c50ea9805154f2e14c2e288bfe6057c77a67eabab7ddddf8ee1e6d8fd4b/stress/edge_removal-10008/communities.csv,1f2926d6c6ce2eb40bdca489a28520987d5ce8afc565a50be9e601639028868e,10936
results/leiden-v2/ablations-2026-09-26/screening/candidates/60b34c50ea9805154f2e14c2e288bfe6057c77a67eabab7ddddf8ee1e6d8fd4b/stress/vocabulary_subsample-10008/communities.csv,96757c37f03f85f610fdcc88f570ec0c35325613ea51ef5163adc1dba9eb6296,9842
results/leiden-v2/ablations-2026-09-26/screening/candidates/60b34c50ea9805154f2e14c2e288bfe6057c77a67eabab7ddddf8ee1e6d8fd4b/stress/comparator-10009/communities.csv,5fe92cd1d91fbe9637c4e65a59a82fd65dec4005f7e943c3b4ecde800a5b3866,10936
results/leiden-v2/ablations-2026-09-26/screening/candidates/60b34c50ea9805154f2e14c2e288bfe6057c77a67eabab7ddddf8ee1e6d8fd4b/stress/edge_removal-10009/communities.csv,41a783658c05a5ed5a4599657308710501965f5d812b5a825e4e8f7a4d15ae8a,10936
results/leiden-v2/ablations-2026-09-26/screening/candidates/60b34c50ea9805154f2e14c2e288bfe6057c77a67eabab7ddddf8ee1e6d8fd4b/stress/vocabulary_subsample-10009/communities.csv,d18ca514a654cce3a0aea0908bd05de552b04f080f4f318e86acae804f988b51,9842
results/leiden-v2/ablations-2026-09-26/screening/candidates/31a640d7445b5c2b8093278984092be37cab0251bb0997c9f36c117494e3d8ec/seed-42/communities.csv,8677f9c4a6a8146924f8d2c918188449fb634f335d679ba8b88ef90acf62ed01,10936
results/leiden-v2/ablations-2026-09-26/screening/candidates/31a640d7445b5c2b8093278984092be37cab0251bb0997c9f36c117494e3d8ec/seed-43/communities.csv,c2f492a85f3a0026c6ca27d5bf42dd15a5453004f62f52bdd7f483f69f16b631,10936
results/leiden-v2/ablations-2026-09-26/screening/candidates/31a640d7445b5c2b8093278984092be37cab0251bb0997c9f36c117494e3d8ec/seed-44/communities.csv,7cf78ade92c783199a84c7cdeead136fa63c6d341cca1594aac8688f6578385f,10936
results/leiden-v2/ablations-2026-09-26/screening/candidates/31a640d7445b5c2b8093278984092be37cab0251bb0997c9f36c117494e3d8ec/stress/comparator-10000/communities.csv,ccdb8787e30b82b02a612817f1b6b3293e093499997e6afe031a1ed56c65241c,10936
results/leiden-v2/ablations-2026-09-26/screening/candidates/31a640d7445b5c2b8093278984092be37cab0251bb0997c9f36c117494e3d8ec/stress/edge_removal-10000/communities.csv,9dc75b0d30a3c8216aa67da8582be06062e8150f1e5037f2d5721f0d1015df03,10936
results/leiden-v2/ablations-2026-09-26/screening/candidates/31a640d7445b5c2b8093278984092be37cab0251bb0997c9f36c117494e3d8ec/stress/vocabulary_subsample-10000/communities.csv,7089b1561409bbe1dee2484e03fc81d78f76de054a6aea3ff53f9cbf40580ce5,9842
results/leiden-v2/ablations-2026-09-26/screening/candidates/31a640d7445b5c2b8093278984092be37cab0251bb0997c9f36c117494e3d8ec/stress/comparator-10001/communities.csv,aa5dca107117ed37abe13dc9012d08569d6f5e53c67af29b6546b2bcaf21a78c,10936
results/leiden-v2/ablations-2026-09-26/screening/candidates/31a640d7445b5c2b8093278984092be37cab0251bb0997c9f36c117494e3d8ec/stress/edge_removal-10001/communities.csv,e069abc7b5f9ab20c07ebed04907bc57c2d6c17b68abb78e4e43003acd3fcba5,10936
results/leiden-v2/ablations-2026-09-26/screening/candidates/31a640d7445b5c2b8093278984092be37cab0251bb0997c9f36c117494e3d8ec/stress/vocabulary_subsample-10001/communities.csv,cba69165bff9610e72aa03ce1424472d09f33c8e0392235ead93e0f6b4bc4e9f,9842
results/leiden-v2/ablations-2026-09-26/screening/candidates/31a640d7445b5c2b8093278984092be37cab0251bb0997c9f36c117494e3d8ec/stress/comparator-10002/communities.csv,c60e37fe6fcf927035070bfcba98885665df3414f1c47ca698f7fccb1f01c484,10936
results/leiden-v2/ablations-2026-09-26/screening/candidates/31a640d7445b5c2b8093278984092be37cab0251bb0997c9f36c117494e3d8ec/stress/edge_removal-10002/communities.csv,07cb287b7f12d8aa3ab96668aaa087fc50f8861d289eedbf97c5a5fa856df004,10936
results/leiden-v2/ablations-2026-09-26/screening/candidates/31a640d7445b5c2b8093278984092be37cab0251bb0997c9f36c117494e3d8ec/stress/vocabulary_subsample-10002/communities.csv,0ce897566e0cf62cc96507e78492c929ab1659f2a47a3d1ed911276431fc8ccf,9842
results/leiden-v2/ablations-2026-09-26/screening/candidates/31a640d7445b5c2b8093278984092be37cab0251bb0997c9f36c117494e3d8ec/stress/comparator-10003/communities.csv,430b3ded9949bc46945bc6ff7ed1239e2eaa3fd90f7717bba76903d83079ace0,10936
results/leiden-v2/ablations-2026-09-26/screening/candidates/31a640d7445b5c2b8093278984092be37cab0251bb0997c9f36c117494e3d8ec/stress/edge_removal-10003/communities.csv,46d8b43c837487a19cbb7377a5f982f52de199254482858bebcae09b82bbea34,10936
results/leiden-v2/ablations-2026-09-26/screening/candidates/31a640d7445b5c2b8093278984092be37cab0251bb0997c9f36c117494e3d8ec/stress/vocabulary_subsample-10003/communities.csv,39c9b63527c3ca832918f6418d4b5fd3a26ef551e32b386a43e17741e838d55f,9842
results/leiden-v2/ablations-2026-09-26/screening/candidates/31a640d7445b5c2b8093278984092be37cab0251bb0997c9f36c117494e3d8ec/stress/comparator-10004/communities.csv,8c5e526cc03a11f6b1fa92d116c08bb9d06a387c44f39db7c121f5611100b107,10936
results/leiden-v2/ablations-2026-09-26/screening/candidates/31a640d7445b5c2b8093278984092be37cab0251bb0997c9f36c117494e3d8ec/stress/edge_removal-10004/communities.csv,a982381b70338a34dd55b0d411287a189bb00c6c3237c818ff8f78501160763e,10936
results/leiden-v2/ablations-2026-09-26/screening/candidates/31a640d7445b5c2b8093278984092be37cab0251bb0997c9f36c117494e3d8ec/stress/vocabulary_subsample-10004/communities.csv,37b0f71be46e83761dc7a921d5b4b3630e94de44b43511f6c5c741708532d322,9842
results/leiden-v2/ablations-2026-09-26/screening/candidates/31a640d7445b5c2b8093278984092be37cab0251bb0997c9f36c117494e3d8ec/stress/comparator-10005/communities.csv,c1df90e463ecfd8c3269caa07e6840314e4dc1328ad6e1e45f3662f21c8fd1bc,10936
results/leiden-v2/ablations-2026-09-26/screening/candidates/31a640d7445b5c2b8093278984092be37cab0251bb0997c9f36c117494e3d8ec/stress/edge_removal-10005/communities.csv,469aa7f9a697a662faac9399f5f09d3cf15e323465fd8710fbf19a21dabc6abe,10936
results/leiden-v2/ablations-2026-09-26/screening/candidates/31a640d7445b5c2b8093278984092be37cab0251bb0997c9f36c117494e3d8ec/stress/vocabulary_subsample-10005/communities.csv,889ed7ee05c81b5f60de850f9fa65267425b42747d865a6266b19b372ab12672,9842
results/leiden-v2/ablations-2026-09-26/screening/candidates/31a640d7445b5c2b8093278984092be37cab0251bb0997c9f36c117494e3d8ec/stress/comparator-10006/communities.csv,fccf08093a4f193b1db0bf7da775c9af9dbf5ef49fcb39373d7a4dc8fa6f14e4,10936
results/leiden-v2/ablations-2026-09-26/screening/candidates/31a640d7445b5c2b8093278984092be37cab0251bb0997c9f36c117494e3d8ec/stress/edge_removal-10006/communities.csv,e01dff49c53c50b9be99bc1300b9330c31407457f8a7d5a0f5f251f5c9a59d8a,10936
results/leiden-v2/ablations-2026-09-26/screening/candidates/31a640d7445b5c2b8093278984092be37cab0251bb0997c9f36c117494e3d8ec/stress/vocabulary_subsample-10006/communities.csv,846102280f6dc7eacf3074f02987bef6811c3371f0897b7b4b6a99d1c4f8cd86,9842
results/leiden-v2/ablations-2026-09-26/screening/candidates/31a640d7445b5c2b8093278984092be37cab0251bb0997c9f36c117494e3d8ec/stress/comparator-10007/communities.csv,0aad60186c610f0a114e4ca4515e8576163f52e2ea3c1c63fa6c8881a178a3d9,10936
results/leiden-v2/ablations-2026-09-26/screening/candidates/31a640d7445b5c2b8093278984092be37cab0251bb0997c9f36c117494e3d8ec/stress/edge_removal-10007/communities.csv,c2529ca64840ec6d86e31cbc7d8bf294cc26120aa8e74fb69d9019c4e325bdc8,10936
results/leiden-v2/ablations-2026-09-26/screening/candidates/31a640d7445b5c2b8093278984092be37cab0251bb0997c9f36c117494e3d8ec/stress/vocabulary_subsample-10007/communities.csv,83f36f1dbc30ba57be4434775e3e9bea24918ef597e62711b9abcf72349b210b,9842
results/leiden-v2/ablations-2026-09-26/screening/candidates/31a640d7445b5c2b8093278984092be37cab0251bb0997c9f36c117494e3d8ec/stress/comparator-10008/communities.csv,b14633d5f88dcf320306fd317fbce83b84c813c6803b8e895a8937dc6b1be76a,10936
results/leiden-v2/ablations-2026-09-26/screening/candidates/31a640d7445b5c2b8093278984092be37cab0251bb0997c9f36c117494e3d8ec/stress/edge_removal-10008/communities.csv,6c0d933cb8aec031be7def9a6bde9c7b08ce6528ca12f41f3d0f927a8e6dfb6b,10936
results/leiden-v2/ablations-2026-09-26/screening/candidates/31a640d7445b5c2b8093278984092be37cab0251bb0997c9f36c117494e3d8ec/stress/vocabulary_subsample-10008/communities.csv,6c8a77342ded40f9f48e8d109d441e30f3c8785ac53d1816f3b8adfa658b1912,9842
results/leiden-v2/ablations-2026-09-26/screening/candidates/31a640d7445b5c2b8093278984092be37cab0251bb0997c9f36c117494e3d8ec/stress/comparator-10009/communities.csv,22b485fd4c289e2f76a2ba844c5cc5ffc99222c40ec2713e1c9535985fcb567b,10936
results/leiden-v2/ablations-2026-09-26/screening/candidates/31a640d7445b5c2b8093278984092be37cab0251bb0997c9f36c117494e3d8ec/stress/edge_removal-10009/communities.csv,cb6f419ab7799f442251ef4e355983f71e575282a8a31179b726541d383b2da7,10936
results/leiden-v2/ablations-2026-09-26/screening/candidates/31a640d7445b5c2b8093278984092be37cab0251bb0997c9f36c117494e3d8ec/stress/vocabulary_subsample-10009/communities.csv,ad95652d0537e21c101fbc6d36258db2e7974d3b885238d96cc93065f6095a54,9842
results/leiden-v2/ablations-2026-09-26/screening/candidates/31a640d7445b5c2b8093278984092be37cab0251bb0997c9f36c117494e3d8ec/sensitivity/k-increase/communities.csv,2d98a796ec797fbc55ca6ca2e0e3b71919cf9c9339c8850af15b35ee3dc0bae4,10936
results/leiden-v2/ablations-2026-09-26/screening/candidates/31a640d7445b5c2b8093278984092be37cab0251bb0997c9f36c117494e3d8ec/sensitivity/k-decrease/communities.csv,c3a98c10654c69d1c2a14617e4f9955d8ce7f1bcdc149fa320424c235fd16b76,10936
results/leiden-v2/ablations-2026-09-26/screening/candidates/31a640d7445b5c2b8093278984092be37cab0251bb0997c9f36c117494e3d8ec/sensitivity/resolution-increase/communities.csv,fe52b2e30054a94460f229b8d62a5404847d3866bd4fae8880902beef78d7ef4,10936
results/leiden-v2/ablations-2026-09-26/screening/candidates/31a640d7445b5c2b8093278984092be37cab0251bb0997c9f36c117494e3d8ec/sensitivity/resolution-decrease/communities.csv,06b5f58314fcd202b233c2d8eada52e1935c4dfdc5c993c2a127047ac8a026c4,10936
results/leiden-v2/ablations-2026-09-26/screening/candidates/1670591ec3b40c672813d05ce0d71b8dd788cb2159c57674513be75501d4936d/seed-42/communities.csv,ede533b021b093bceeceb00236826b804d8d3903bc665b66b418c2dc5cae3264,10936
results/leiden-v2/ablations-2026-09-26/screening/candidates/1670591ec3b40c672813d05ce0d71b8dd788cb2159c57674513be75501d4936d/seed-43/communities.csv,ede533b021b093bceeceb00236826b804d8d3903bc665b66b418c2dc5cae3264,10936
results/leiden-v2/ablations-2026-09-26/screening/candidates/1670591ec3b40c672813d05ce0d71b8dd788cb2159c57674513be75501d4936d/seed-44/communities.csv,ede533b021b093bceeceb00236826b804d8d3903bc665b66b418c2dc5cae3264,10936
results/leiden-v2/ablations-2026-09-26/screening/candidates/1670591ec3b40c672813d05ce0d71b8dd788cb2159c57674513be75501d4936d/stress/comparator-10000/communities.csv,ede533b021b093bceeceb00236826b804d8d3903bc665b66b418c2dc5cae3264,10936
results/leiden-v2/ablations-2026-09-26/screening/candidates/1670591ec3b40c672813d05ce0d71b8dd788cb2159c57674513be75501d4936d/stress/edge_removal-10000/communities.csv,ede533b021b093bceeceb00236826b804d8d3903bc665b66b418c2dc5cae3264,10936
results/leiden-v2/ablations-2026-09-26/screening/candidates/1670591ec3b40c672813d05ce0d71b8dd788cb2159c57674513be75501d4936d/stress/vocabulary_subsample-10000/communities.csv,ec5063c8cc04f03895b44b428aa49b363f256368d63b0af664ba48522257ad46,9842
results/leiden-v2/ablations-2026-09-26/screening/candidates/1670591ec3b40c672813d05ce0d71b8dd788cb2159c57674513be75501d4936d/stress/comparator-10001/communities.csv,ede533b021b093bceeceb00236826b804d8d3903bc665b66b418c2dc5cae3264,10936
results/leiden-v2/ablations-2026-09-26/screening/candidates/1670591ec3b40c672813d05ce0d71b8dd788cb2159c57674513be75501d4936d/stress/edge_removal-10001/communities.csv,ede533b021b093bceeceb00236826b804d8d3903bc665b66b418c2dc5cae3264,10936
results/leiden-v2/ablations-2026-09-26/screening/candidates/1670591ec3b40c672813d05ce0d71b8dd788cb2159c57674513be75501d4936d/stress/vocabulary_subsample-10001/communities.csv,2917953a07803bc6be659e856150cf880189b92de3773d58ef2088b674d97460,9842
results/leiden-v2/ablations-2026-09-26/screening/candidates/1670591ec3b40c672813d05ce0d71b8dd788cb2159c57674513be75501d4936d/stress/comparator-10002/communities.csv,ede533b021b093bceeceb00236826b804d8d3903bc665b66b418c2dc5cae3264,10936
results/leiden-v2/ablations-2026-09-26/screening/candidates/1670591ec3b40c672813d05ce0d71b8dd788cb2159c57674513be75501d4936d/stress/edge_removal-10002/communities.csv,ede533b021b093bceeceb00236826b804d8d3903bc665b66b418c2dc5cae3264,10936
results/leiden-v2/ablations-2026-09-26/screening/candidates/1670591ec3b40c672813d05ce0d71b8dd788cb2159c57674513be75501d4936d/stress/vocabulary_subsample-10002/communities.csv,fbaddf7ba1cd06ec633af701c93d35be0c3132361b33e24ba91cf4298ee82960,9842
results/leiden-v2/ablations-2026-09-26/screening/candidates/1670591ec3b40c672813d05ce0d71b8dd788cb2159c57674513be75501d4936d/stress/comparator-10003/communities.csv,ede533b021b093bceeceb00236826b804d8d3903bc665b66b418c2dc5cae3264,10936
results/leiden-v2/ablations-2026-09-26/screening/candidates/1670591ec3b40c672813d05ce0d71b8dd788cb2159c57674513be75501d4936d/stress/edge_removal-10003/communities.csv,ede533b021b093bceeceb00236826b804d8d3903bc665b66b418c2dc5cae3264,10936
results/leiden-v2/ablations-2026-09-26/screening/candidates/1670591ec3b40c672813d05ce0d71b8dd788cb2159c57674513be75501d4936d/stress/vocabulary_subsample-10003/communities.csv,04e3064dbe7d14787d7de1db0ebda65eb0312f25c0a312ea95009076e5bb644f,9842
results/leiden-v2/ablations-2026-09-26/screening/candidates/1670591ec3b40c672813d05ce0d71b8dd788cb2159c57674513be75501d4936d/stress/comparator-10004/communities.csv,ede533b021b093bceeceb00236826b804d8d3903bc665b66b418c2dc5cae3264,10936
results/leiden-v2/ablations-2026-09-26/screening/candidates/1670591ec3b40c672813d05ce0d71b8dd788cb2159c57674513be75501d4936d/stress/edge_removal-10004/communities.csv,ede533b021b093bceeceb00236826b804d8d3903bc665b66b418c2dc5cae3264,10936
results/leiden-v2/ablations-2026-09-26/screening/candidates/1670591ec3b40c672813d05ce0d71b8dd788cb2159c57674513be75501d4936d/stress/vocabulary_subsample-10004/communities.csv,9680676d2500ce182cb9c04c94c35eeabe904a79637304ef0ad5d6e581802cc3,9842
results/leiden-v2/ablations-2026-09-26/screening/candidates/1670591ec3b40c672813d05ce0d71b8dd788cb2159c57674513be75501d4936d/stress/comparator-10005/communities.csv,ede533b021b093bceeceb00236826b804d8d3903bc665b66b418c2dc5cae3264,10936
results/leiden-v2/ablations-2026-09-26/screening/candidates/1670591ec3b40c672813d05ce0d71b8dd788cb2159c57674513be75501d4936d/stress/edge_removal-10005/communities.csv,ede533b021b093bceeceb00236826b804d8d3903bc665b66b418c2dc5cae3264,10936
results/leiden-v2/ablations-2026-09-26/screening/candidates/1670591ec3b40c672813d05ce0d71b8dd788cb2159c57674513be75501d4936d/stress/vocabulary_subsample-10005/communities.csv,f5f546912c415d94e5c8469463b04c936de642c90655fd233a0daf7bb95ead35,9842
results/leiden-v2/ablations-2026-09-26/screening/candidates/1670591ec3b40c672813d05ce0d71b8dd788cb2159c57674513be75501d4936d/stress/comparator-10006/communities.csv,ede533b021b093bceeceb00236826b804d8d3903bc665b66b418c2dc5cae3264,10936
results/leiden-v2/ablations-2026-09-26/screening/candidates/1670591ec3b40c672813d05ce0d71b8dd788cb2159c57674513be75501d4936d/stress/edge_removal-10006/communities.csv,ede533b021b093bceeceb00236826b804d8d3903bc665b66b418c2dc5cae3264,10936
results/leiden-v2/ablations-2026-09-26/screening/candidates/1670591ec3b40c672813d05ce0d71b8dd788cb2159c57674513be75501d4936d/stress/vocabulary_subsample-10006/communities.csv,74cfee99238affdf707d11bb1dec734b6b0bfa447152dfaded2bb660dd7240fe,9842
results/leiden-v2/ablations-2026-09-26/screening/candidates/1670591ec3b40c672813d05ce0d71b8dd788cb2159c57674513be75501d4936d/stress/comparator-10007/communities.csv,ede533b021b093bceeceb00236826b804d8d3903bc665b66b418c2dc5cae3264,10936
results/leiden-v2/ablations-2026-09-26/screening/candidates/1670591ec3b40c672813d05ce0d71b8dd788cb2159c57674513be75501d4936d/stress/edge_removal-10007/communities.csv,ede533b021b093bceeceb00236826b804d8d3903bc665b66b418c2dc5cae3264,10936
results/leiden-v2/ablations-2026-09-26/screening/candidates/1670591ec3b40c672813d05ce0d71b8dd788cb2159c57674513be75501d4936d/stress/vocabulary_subsample-10007/communities.csv,9e93bb73c3f98d3f1159b4a625ad7f92cabdb8145c1a8012163dfae83b2f183c,9842
results/leiden-v2/ablations-2026-09-26/screening/candidates/1670591ec3b40c672813d05ce0d71b8dd788cb2159c57674513be75501d4936d/stress/comparator-10008/communities.csv,ede533b021b093bceeceb00236826b804d8d3903bc665b66b418c2dc5cae3264,10936
results/leiden-v2/ablations-2026-09-26/screening/candidates/1670591ec3b40c672813d05ce0d71b8dd788cb2159c57674513be75501d4936d/stress/edge_removal-10008/communities.csv,ede533b021b093bceeceb00236826b804d8d3903bc665b66b418c2dc5cae3264,10936
results/leiden-v2/ablations-2026-09-26/screening/candidates/1670591ec3b40c672813d05ce0d71b8dd788cb2159c57674513be75501d4936d/stress/vocabulary_subsample-10008/communities.csv,62e81d8973fd9ee4eb0408ec233c93640f33cbec9102d3d94d3d676d5b371a71,9842
results/leiden-v2/ablations-2026-09-26/screening/candidates/1670591ec3b40c672813d05ce0d71b8dd788cb2159c57674513be75501d4936d/stress/comparator-10009/communities.csv,ede533b021b093bceeceb00236826b804d8d3903bc665b66b418c2dc5cae3264,10936
results/leiden-v2/ablations-2026-09-26/screening/candidates/1670591ec3b40c672813d05ce0d71b8dd788cb2159c57674513be75501d4936d/stress/edge_removal-10009/communities.csv,ede533b021b093bceeceb00236826b804d8d3903bc665b66b418c2dc5cae3264,10936
results/leiden-v2/ablations-2026-09-26/screening/candidates/1670591ec3b40c672813d05ce0d71b8dd788cb2159c57674513be75501d4936d/stress/vocabulary_subsample-10009/communities.csv,6f0de88fd6ffbd513245740362871b24cfac031affc55cbb563344f4961ccd71,9842
