community,size,mean_pair_cosine,mean_cosine_silhouette,negative_silhouette_fraction,representatives,boundary_words,deterministic_sample,all_members,soft_mass,mean_max_membership,mean_normalized_membership_entropy,highest_membership_words,strongest_members_outside_hard_cluster
0,47,0.41942512921629543,0.0721349372303483,0.1276595744680851,别致 | 古朴 | 优美 | 质朴 | 精致 | 艳丽 | 迷人 | 纯朴 | 优雅 | 朴实 | 甜美 | 浓郁,地道 | 原汁原味 | 浓郁 | 欢快 | 洋溢 | 鲜艳 | 诱人 | 丰满,甜美 | 秀美 | 丰富多彩 | 新奇 | 引人入胜 | 古朴 | 优美 | 浓郁 | 优雅 | 地道 | 亮丽 | 富有,别致 | 古朴 | 优美 | 质朴 | 精致 | 艳丽 | 迷人 | 纯朴 | 优雅 | 朴实 | 甜美 | 浓郁 | 细腻 | 高雅 | 新颖 | 精美 | 秀丽 | 清新 | 动听 | 奇特 | 鲜艳 | 悦耳 | 浪漫 | 华丽 | 欢快 | 引人入胜 | 新奇 | 可爱 | 活泼 | 秀美 | 朴素 | 缤纷 | 动感 | 风情 | 情调 | 逼真 | 亮丽 | 酣畅 | 富有 | 诱人 | 丰富多彩 | 洋溢 | 原汁原味 | 别具匠心 | 丰满 | 点缀 | 地道,46.98760155504053,0.998923120210384,0.0010160535053718549,精美:1.000000 | 别致:1.000000 | 精致:1.000000 | 艳丽:1.000000 | 清新:1.000000 | 动感:1.000000 | 缤纷:1.000000 | 诱人:1.000000 | 秀美:1.000000 | 优美:1.000000 | 丰富多彩:1.000000 | 古朴:1.000000,高贵:0.023260 | 梦幻:0.010447
1,64,0.3924630792984013,0.05017746513146606,0.09375,扔 | 拽 | 踹 | 叼 | 蹦 | 揍 | 摔 | 扯 | 捡 | 砸 | 捅 | 舔,喷 | 干 | 穿 | 耍 | 偷 | 捞 | 抖 | 攒,蹦 | 弄 | 挑 | 碰 | 摸 | 啃 | 撑 | 蹭 | 耍 | 砸 | 蹲 | 挤,扔 | 拽 | 踹 | 叼 | 蹦 | 揍 | 摔 | 扯 | 捡 | 砸 | 捅 | 舔 | 摸 | 扒 | 抠 | 掏 | 蹭 | 踢 | 躺 | 敲 | 揪 | 瞅 | 扛 | 耍 | 揣 | 弄 | 打 | 丢 | 溜 | 搬 | 抖 | 撕 | 捞 | 搁 | 碰 | 挨 | 趴 | 挑 | 蹲 | 啃 | 搀 | 坐 | 挤 | 撑 | 跳 | 跪 | 偷 | 摆 | 吹 | 搭 | 背 | 挂 | 攒 | 凑 | 捂 | 抓 | 盯 | 拣 | 喷 | 干 | 哄 | 捧 | 穿 | 扮,64.13816220295386,0.9936463327283135,0.005302738163550523,摆:1.000000 | 抠:1.000000 | 扯:1.000000 | 攒:1.000000 | 踢:1.000000 | 扮:1.000000 | 撕:1.000000 | 叼:1.000000 | 干:1.000000 | 耍:1.000000 | 舔:0.999999 | 掏:0.999999,翻:0.108568 | 甩:0.102051 | 刮:0.098741 | 磕:0.086783 | 跑:0.033870 | 晃:0.018263 | 吸:0.016866 | 掰:0.012848
2,52,0.35969308084350177,0.02264620564451364,0.28846153846153844,讹诈 | 阻挠 | 煽动 | 挑衅 | 诽谤 | 纵容 | 恐吓 | 迫害 | 欺骗 | 谋害 | 谴责 | 阴谋,闹事 | 决不 | 猖狂 | 制止 | 钻空子 | 捣乱 | 辩护 | 无恶不作,辩护 | 插手 | 报复 | 勾结 | 拒绝 | 引诱 | 大肆 | 制止 | 打倒 | 推卸 | 抗拒 | 恐吓,讹诈 | 阻挠 | 煽动 | 挑衅 | 诽谤 | 纵容 | 恐吓 | 迫害 | 欺骗 | 谋害 | 谴责 | 阴谋 | 公然 | 勾结 | 侮辱 | 无理 | 捣乱 | 企图 | 报复 | 猖狂 | 殴打 | 怠工 | 竟敢 | 虐待 | 背叛 | 鼓动 | 揭露 | 闹事 | 揭发 | 强迫 | 乘人之危 | 引诱 | 制止 | 逼迫 | 惩罚 | 借口 | 反对 | 拒绝 | 无恶不作 | 大肆 | 抵制 | 抗拒 | 推卸 | 插手 | 打倒 | 辩护 | 钻空子 | 袖手旁观 | 不顾 | 决不 | 斩草除根 | 矛头,52.00642138909957,0.9986055651835263,0.0015136035043335498,大肆:1.000000 | 揭发:1.000000 | 公然:1.000000 | 企图:1.000000 | 谋害:1.000000 | 阴谋:1.000000 | 怠工:1.000000 | 猖狂:1.000000 | 无恶不作:1.000000 | 借口:1.000000 | 乘人之危:1.000000 | 推卸:0.999999,干涉:0.021797 | 饶恕:0.017759
3,77,0.24080803146568147,-0.009040638808512936,0.5844155844155844,测算 | 依据 | 估算 | 推算 | 根据 | 分析 | 推断 | 判定 | 计算 | 界定 | 确定 | 推测,解析 | 简要 | 率 | 章 | 施行 | 曝光 | 举例 | 部分,据此 | 一致 | 简要 | 举例 | 类别 | 简称 | 涉及 | 判定 | 部分 | 评估 | 归属 | 推算,测算 | 依据 | 估算 | 推算 | 根据 | 分析 | 推断 | 判定 | 计算 | 界定 | 确定 | 推测 | 统计 | 参照 | 预测 | 判断 | 评估 | 定义 | 如下 | 粗略 | 依照 | 认定 | 按照 | 具体 | 相关 | 明确 | 据此 | 解析 | 对应 | 评定 | 显示 | 有关 | 参考 | 基于 | 设定 | 分类 | 得出 | 简要 | 上述 | 相应 | 说明 | 举例 | 对比 | 关联 | 实际 | 变更 | 针对 | 涉及 | 变动 | 修正 | 证实 | 及 | 简称 | 一致 | 名称 | 后续 | 包括 | 合并 | 及其 | 经 | 来源 | 类别 | 参见 | 对象 | 以下 | 关于 | 目录 | 重组 | 统一 | 未经 | 归属 | 部分 | 官方 | 施行 | 曝光 | 率 | 章,76.80312952989809,0.9869705987955931,0.010760114928211613,经:1.000000 | 具体:1.000000 | 证实:1.000000 | 针对:0.999999 | 变动:0.999999 | 得出:0.999999 | 如下:0.999997 | 确定:0.999996 | 参见:0.999995 | 明确:0.999994 | 参照:0.999993 | 根据:0.999991,披露:0.118856 | 发行:0.117459 | 由:0.064341 | 一经:0.038689 | 其中:0.036600 | 对照:0.031892 | 纳入:0.028936 | 定向:0.025648
4,34,0.338713967165769,0.03680153862750552,0.23529411764705882,荡漾 | 弥漫 | 流淌 | 闪烁 | 绽放 | 波涛 | 耸立 | 照耀 | 笼罩 | 光芒 | 汹涌 | 盛开,歌声 | 浓重 | 回首 | 往日 | 连绵 | 朦胧 | 摇摆 | 布满,无边 | 如一 | 汹涌 | 荡漾 | 簇拥 | 摇摆 | 扑面而来 | 盛开 | 流淌 | 弥漫 | 跳动 | 笼罩,荡漾 | 弥漫 | 流淌 | 闪烁 | 绽放 | 波涛 | 耸立 | 照耀 | 笼罩 | 光芒 | 汹涌 | 盛开 | 朦胧 | 布满 | 连绵 | 沸腾 | 扑面而来 | 屹立 | 望见 | 跳动 | 簇拥 | 徐徐 | 歌声 | 浮现 | 起伏 | 散发 | 显出 | 无边 | 浓重 | 回首 | 如一 | 点燃 | 摇摆 | 往日,33.990252101912205,0.9996160604067282,0.0004695822868689044,耸立:1.000000 | 布满:1.000000 | 屹立:1.000000 | 荡漾:1.000000 | 显出:1.000000 | 徐徐:1.000000 | 沸腾:1.000000 | 回首:1.000000 | 流淌:1.000000 | 朦胧:1.000000 | 点燃:1.000000 | 连绵:0.999999,
5,27,0.2843667556980027,-0.007299179254302108,0.48148148148148145,跳跃 | 奔跑 | 穿越 | 飞翔 | 探险 | 观赏 | 捕捉 | 触摸 | 撞击 | 行走 | 拍摄 | 操控,冲浪 | 环绕 | 观看 | 集结 | 搜寻 | 隐身 | 观测 | 驾驭,集结 | 冲浪 | 触摸 | 漫游 | 撞击 | 投射 | 跨越 | 隐身 | 操控 | 驾驭 | 搜寻 | 观赏,跳跃 | 奔跑 | 穿越 | 飞翔 | 探险 | 观赏 | 捕捉 | 触摸 | 撞击 | 行走 | 拍摄 | 操控 | 投射 | 漫游 | 冲浪 | 体验 | 观测 | 驾驭 | 观看 | 搜寻 | 环绕 | 跨越 | 碰撞 | 进化 | 隐身 | 传递 | 集结,26.998453391439345,0.9999209504523746,0.00012121379548116066,奔跑:1.000000 | 飞翔:1.000000 | 穿越:1.000000 | 触摸:1.000000 | 拍摄:1.000000 | 投射:1.000000 | 体验:1.000000 | 操控:1.000000 | 捕捉:1.000000 | 集结:1.000000 | 跳跃:1.000000 | 驾驭:1.000000,
6,59,0.4185223405233467,0.054835738572457174,0.2033898305084746,饼干 | 薯片 | 果汁 | 饮料 | 酸奶 | 薯条 | 橙汁 | 巧克力 | 点心 | 零食 | 卤味 | 汽水,钞票 | 肥皂 | 塑料袋 | 洗衣粉 | 小吃 | 沐浴露 | 果酱 | 卤味,桑拿 | 葡萄酒 | 洗衣粉 | 果酱 | 蛋糕 | 盒饭 | 塑料袋 | 口香糖 | 肥皂 | 红茶 | 水果 | 餐,饼干 | 薯片 | 果汁 | 饮料 | 酸奶 | 薯条 | 橙汁 | 巧克力 | 点心 | 零食 | 卤味 | 汽水 | 水果 | 烤肉 | 果酱 | 海鲜 | 咖啡 | 罐头 | 红酒 | 糖果 | 啤酒 | 月饼 | 火锅 | 小吃 | 可乐 | 冰棍儿 | 寿司 | 快餐 | 方便面 | 红茶 | 中餐 | 西餐 | 烧烤 | 口香糖 | 早餐 | 盒饭 | 三明治 | 蛋糕 | 粽子 | 矿泉水 | 烤鸭 | 喜糖 | 酒水 | 主食 | 葡萄酒 | 餐 | 牙膏 | 沐浴露 | 洗衣粉 | 料理 | 肥皂 | 香水 | 塑料袋 | 麻将 | 鞭炮 | 杯 | 桑拿 | 爆竹 | 钞票,58.65707917948264,0.9903203205273783,0.004386746156543497,烧烤:1.000000 | 快餐:1.000000 | 麻将:1.000000 | 酒水:1.000000 | 鞭炮:1.000000 | 烤肉:1.000000 | 中餐:1.000000 | 爆竹:1.000000 | 喜糖:1.000000 | 桑拿:1.000000 | 啤酒:1.000000 | 海鲜:1.000000,面包:0.061153 | 纯净水:0.052327 | 香肠:0.023764 | 夜市:0.019940 | 西瓜:0.018173 | 火柴:0.010079
7,45,0.32966883923555934,0.00932164777570061,0.4666666666666667,贴切 | 简洁 | 恰当 | 精妙 | 工整 | 准确 | 生动 | 流畅 | 清晰 | 详尽 | 透彻 | 严谨,透明 | 自如 | 生动 | 寻常 | 对称 | 有趣 | 醒目 | 流畅,简单 | 合乎 | 千变万化 | 精确 | 详尽 | 深奥 | 真实 | 对称 | 透彻 | 自如 | 恰当 | 微妙,贴切 | 简洁 | 恰当 | 精妙 | 工整 | 准确 | 生动 | 流畅 | 清晰 | 详尽 | 透彻 | 严谨 | 巧妙 | 恰如其分 | 精练 | 精确 | 简单 | 直观 | 深奥 | 有趣 | 真实 | 恰到好处 | 简短 | 微妙 | 耐人寻味 | 复杂 | 紧凑 | 通俗 | 细微 | 宽泛 | 可信 | 通顺 | 吻合 | 醒目 | 合乎 | 相似 | 千变万化 | 一目了然 | 画龙点睛 | 分明 | 自如 | 熟悉 | 寻常 | 对称 | 透明,44.792988063068776,0.9951877872179427,0.00406483962620485,清晰:1.000000 | 精练:1.000000 | 细微:1.000000 | 巧妙:1.000000 | 醒目:1.000000 | 直观:1.000000 | 深奥:1.000000 | 简短:1.000000 | 紧凑:1.000000 | 流畅:1.000000 | 透彻:1.000000 | 透明:0.999999,
8,77,0.223165522954998,-0.032508706695231496,0.8051948051948052,从而 | 进而 | 使得 | 势必 | 必将 | 一方面 | 对于 | 将 | 由此 | 逐步 | 意味着 | 使,始终 | 确信 | 必须 | 即 | 首先 | 并且 | 认为 | 重新,首先 | 在于 | 潜在 | 彻底 | 以 | 得以 | 为 | 始终 | 同等 | 一方面 | 使得 | 不利于,从而 | 进而 | 使得 | 势必 | 必将 | 一方面 | 对于 | 将 | 由此 | 逐步 | 意味着 | 使 | 同时 | 取决于 | 并且 | 另一方面 | 不利于 | 逐渐 | 有望 | 在于 | 反过来 | 对 | 致使 | 以及 | 能否 | 并 | 最终 | 鉴于 | 得以 | 其 | 自身 | 与此同时 | 不断 | 表明 | 随着 | 源于 | 未来 | 大大 | 首先 | 无法 | 与其 | 必须 | 长期 | 继续 | 与 | 和 | 潜在 | 决定 | 出于 | 双重 | 重新 | 今后 | 即 | 主要 | 间接 | 视为 | 以 | 始终 | 来源于 | 认为 | 彻底 | 从中 | 为此 | 当下 | 确信 | 首要 | 得到 | 外界 | 除 | 分别 | 为 | 各自 | 于 | 所 | 持有 | 变为 | 同等,77.0400712161272,0.9936643776857266,0.0058674991656862945,进而:1.000000 | 使:1.000000 | 重新:1.000000 | 同时:0.999999 | 得以:0.999999 | 对:0.999999 | 能否:0.999999 | 以:0.999998 | 逐渐:0.999996 | 逐步:0.999996 | 将:0.999995 | 不利于:0.999995,已:0.059714 | 由于:0.047872 | 如何:0.031853 | 其中:0.030228 | 属于:0.028390 | 及:0.023308 | 是否:0.016987 | 所有:0.016875
9,43,0.2972999872915832,-0.006002660643478938,0.4883720930232558,艰苦奋斗 | 团结 | 发扬 | 自强不息 | 弘扬 | 祖国 | 富强 | 社会主义 | 中华民族 | 公仆 | 爱国 | 觉悟,学子 | 辛勤 | 一心 | 同舟共济 | 责任感 | 艰苦奋斗 | 自强不息 | 干事,民主 | 事业 | 模范 | 一心 | 人民 | 干事 | 责任感 | 革命 | 成才 | 自强不息 | 爱国 | 同舟共济,艰苦奋斗 | 团结 | 发扬 | 自强不息 | 弘扬 | 祖国 | 富强 | 社会主义 | 中华民族 | 公仆 | 爱国 | 觉悟 | 榜样 | 自力更生 | 楷模 | 志气 | 民主 | 人民 | 责任感 | 革命 | 同舟共济 | 成才 | 争光 | 精神 | 党 | 模范 | 和平 | 辛勤 | 改革开放 | 事业 | 造福 | 表率 | 保卫 | 哺育 | 扎根 | 大家庭 | 致富 | 干事 | 互助 | 同胞 | 解放 | 学子 | 一心,42.467443562758476,0.9870071912538131,0.008624492259578244,造福:1.000000 | 扎根:1.000000 | 团结:0.999999 | 辛勤:0.999999 | 哺育:0.999999 | 干事:0.999998 | 公仆:0.999998 | 保卫:0.999997 | 志气:0.999997 | 争光:0.999997 | 学子:0.999996 | 致富:0.999996,复兴:0.015441
10,63,0.2934755990684814,-0.032137650880423314,0.8253968253968254,拦 | 爬 | 拉 | 踏 | 甩 | 撞 | 抬 | 走 | 牵 | 窜 | 抱 | 拖,闭 | 甩 | 抽 | 爬 | 抢 | 仰 | 垂 | 添,抬 | 闪 | 倚 | 拐 | 歇 | 牵 | 爬 | 停 | 撞 | 望 | 飞 | 骑,拦 | 爬 | 拉 | 踏 | 甩 | 撞 | 抬 | 走 | 牵 | 窜 | 抱 | 拖 | 扶 | 追 | 踩 | 冲 | 赶 | 挽 | 仰 | 绕 | 跑 | 掀 | 奔 | 倚 | 飘 | 挡 | 推 | 揽 | 抽 | 骑 | 拐 | 落 | 抢 | 插 | 歇 | 挪 | 抛 | 闪 | 停 | 探 | 顶 | 掉头 | 守 | 摇 | 开 | 进 | 寻 | 迎 | 垂 | 驾 | 围 | 飞 | 锁 | 望 | 见 | 转 | 护 | 闭 | 排 | 隔 | 裸 | 添 | 整,63.09095984015902,0.9911203885964368,0.0070686125092103156,寻:1.000000 | 望:1.000000 | 踏:1.000000 | 停:1.000000 | 驾:1.000000 | 揽:1.000000 | 骑:0.999999 | 隔:0.999999 | 迎:0.999999 | 走:0.999996 | 裸:0.999993 | 歇:0.999992,悬:0.390006 | 翻:0.050292 | 伸:0.021454 | 塞:0.015426 | 捧:0.015280 | 打:0.013487 | 空:0.012149
11,37,0.3438350668059991,0.06107930692404228,0.1891891891891892,功底 | 功力 | 天分 | 天赋 | 基本功 | 技巧 | 才华 | 特长 | 专长 | 本领 | 技能 | 技艺,前辈 | 角色 | 入门 | 作风 | 座右铭 | 胜任 | 诀窍 | 演技,才华 | 功底 | 功夫 | 技艺 | 一技之长 | 素质 | 演技 | 诀窍 | 学问 | 功力 | 天分 | 爱好,功底 | 功力 | 天分 | 天赋 | 基本功 | 技巧 | 才华 | 特长 | 专长 | 本领 | 技能 | 技艺 | 素养 | 口才 | 手艺 | 学问 | 一技之长 | 爱好 | 长处 | 精通 | 演技 | 素质 | 底子 | 诀窍 | 功夫 | 擅长 | 强项 | 心得 | 资历 | 要领 | 入门 | 胜任 | 作风 | 行家 | 前辈 | 座右铭 | 角色,36.859080596863194,0.9950390174642753,0.0030406979717142357,功底:1.000000 | 要领:1.000000 | 学问:1.000000 | 胜任:1.000000 | 底子:1.000000 | 功力:1.000000 | 天赋:1.000000 | 技能:1.000000 | 技巧:1.000000 | 特长:1.000000 | 入门:1.000000 | 精通:1.000000,人才:0.018854 | 经验:0.014926
12,71,0.3453798750636116,0.007317544809952994,0.4647887323943662,旁边 | 坐下 | 后边 | 前边 | 跟前 | 老远 | 一旁 | 走开 | 门口 | 挨着 | 楼下 | 后面,穿着 | 楼上 | 关上 | 打招呼 | 隔壁 | 伸手 | 敲门 | 上楼,指着 | 左顾右盼 | 只见 | 右边 | 边 | 打招呼 | 站住 | 前边 | 顺着 | 挨着 | 大模大样 | 坐下,旁边 | 坐下 | 后边 | 前边 | 跟前 | 老远 | 一旁 | 走开 | 门口 | 挨着 | 楼下 | 后面 | 对面 | 招呼 | 左边 | 前面 | 停下 | 站住 | 回头 | 下边 | 上楼 | 右边 | 上边 | 一眼 | 指着 | 底下 | 转身 | 瞧 | 伸手 | 楼上 | 示意 | 只见 | 进去 | 招手 | 关上 | 后头 | 边 | 东张西望 | 递给 | 左顾右盼 | 过来 | 车上 | 进来 | 低头 | 两边 | 打量 | 上去 | 台上 | 大模大样 | 隔壁 | 连滚带爬 | 上头 | 顺着 | 拐弯 | 留神 | 打招呼 | 敲门 | 抬头 | 中间 | 放下 | 往 | 灵机一动 | 推开 | 背着 | 举手 | 开口 | 着 | 来回 | 张扬 | 原地 | 穿着,70.64698127630447,0.9921018475981506,0.004727440324539051,前边:1.000000 | 楼上:1.000000 | 穿着:1.000000 | 隔壁:1.000000 | 后边:1.000000 | 示意:1.000000 | 楼下:1.000000 | 下边:1.000000 | 门口:1.000000 | 右边:1.000000 | 递给:1.000000 | 左边:1.000000,会意:0.058729 | 把:0.043102 | 下面:0.032476 | 上面:0.030789
13,71,0.35297800588256123,0.029423017926146367,0.2676056338028169,不要 | 你 | 别 | 怕 | 何必 | 干吗 | 你们 | 免得 | 想 | 用不着 | 不用 | 咱,真心 | 大伙儿 | 有时候 | 自己 | 故意 | 人家 | 索性 | 你,大伙儿 | 真心 | 谁 | 没事儿 | 怕 | 他们 | 老是 | 当 | 只管 | 不许 | 有时候 | 免得,不要 | 你 | 别 | 怕 | 何必 | 干吗 | 你们 | 免得 | 想 | 用不着 | 不用 | 咱 | 何苦 | 人家 | 巴不得 | 生怕 | 懒得 | 没事儿 | 宁愿 | 老是 | 成天 | 要 | 不许 | 别人 | 只管 | 忍心 | 用得着 | 从来不 | 咱们 | 整天 | 随便 | 敢 | 谁 | 宁可 | 有人 | 动不动 | 休想 | 不必 | 索性 | 好好 | 一天到晚 | 他们 | 干脆 | 拜托 | 就要 | 存心 | 再 | 假装 | 只好 | 从不 | 先 | 有时候 | 去 | 趁早 | 不 | 大伙儿 | 指望 | 不准 | 故意 | 自己 | 别的 | 真心 | 帮 | 免不了 | 当心 | 让 | 暗地里 | 当 | 们 | 为了 | 来,71.04548665260864,0.9916680935398224,0.006128021903123017,成天:1.000000 | 咱:1.000000 | 别人:1.000000 | 咱们:1.000000 | 一天到晚:1.000000 | 整天:1.000000 | 动不动:1.000000 | 们:0.999999 | 好好:0.999999 | 先:0.999998 | 再:0.999998 | 人家:0.999997,不如:0.096308 | 没法儿:0.096152 | 于是:0.077390 | 我:0.064148 | 有的:0.054234 | 都会:0.046933 | 没:0.017635 | 不至于:0.016168
14,59,0.26501127763854426,-0.004789121130382357,0.5423728813559322,特性 | 特征 | 特点 | 方法 | 原理 | 规律 | 区别 | 差异 | 属性 | 差别 | 优点 | 形态,个人 | 基因 | 常识 | 题材 | 先天 | 分量 | 内在 | 曲线,分量 | 区分 | 共性 | 原型 | 用法 | 过程 | 个人 | 概念 | 误区 | 先天 | 程度 | 方法,特性 | 特征 | 特点 | 方法 | 原理 | 规律 | 区别 | 差异 | 属性 | 差别 | 优点 | 形态 | 手法 | 成分 | 缺点 | 角度 | 步骤 | 结构 | 功能 | 共性 | 形式 | 概念 | 效果 | 脉络 | 方式 | 顺序 | 区分 | 误区 | 尺度 | 变化 | 长短 | 细节 | 产物 | 元素 | 因人而异 | 场景 | 视角 | 过程 | 局限 | 好坏 | 程度 | 内在 | 高低 | 有所不同 | 性 | 选项 | 误差 | 背景 | 曲线 | 题材 | 常识 | 标志 | 基因 | 分量 | 先天 | 分支 | 原型 | 用法 | 个人,59.42264613326031,0.9965730217337596,0.003725337886767127,方法:1.000000 | 步骤:1.000000 | 特性:0.999999 | 特征:0.999999 | 顺序:0.999999 | 优点:0.999998 | 分量:0.999998 | 原型:0.999997 | 效果:0.999997 | 形式:0.999997 | 基因:0.999994 | 属性:0.999993,等级:0.381718 | 弊端:0.027492 | 要素:0.024740 | 范围:0.024588 | 性质:0.020218 | 类型:0.017080 | 相等:0.016473 | 高度:0.014057
15,48,0.26634859898724383,-0.03290119489497438,0.75,黑暗 | 宇宙 | 幻觉 | 伤痕 | 苦难 | 灾难 | 阴影 | 旋涡 | 火焰 | 浩劫 | 地球 | 灵魂,灾难 | 苦难 | 瞬间 | 记忆 | 何处 | 裂缝 | 乌云 | 浩劫,物体 | 幻影 | 脚印 | 帝国 | 现实 | 世界 | 影子 | 乌云 | 生命 | 灵魂 | 痕迹 | 幻觉,黑暗 | 宇宙 | 幻觉 | 伤痕 | 苦难 | 灾难 | 阴影 | 旋涡 | 火焰 | 浩劫 | 地球 | 灵魂 | 人类 | 裂痕 | 生命 | 地狱 | 幻影 | 神话 | 影子 | 时空 | 悲剧 | 裂缝 | 错觉 | 物体 | 痕迹 | 末日 | 脚印 | 现实 | 记忆 | 荆棘 | 乌云 | 自然界 | 世界 | 巨人 | 陷阱 | 月球 | 光环 | 火花 | 瞬间 | 海底 | 帝国 | 无形 | 金字塔 | 历史 | 时代 | 何处 | 底层 | 中,47.47871628467549,0.9870579981540614,0.007388510465932385,痕迹:1.000000 | 伤痕:1.000000 | 脚印:1.000000 | 幻觉:1.000000 | 物体:1.000000 | 火花:1.000000 | 末日:1.000000 | 裂缝:1.000000 | 裂痕:1.000000 | 火焰:0.999999 | 影子:0.999999 | 宇宙:0.999999,海啸:0.036541 | 概念:0.031672
16,41,0.32105879893099926,-0.014800821742902412,0.6341463414634146,实话 | 赐教 | 不敢当 | 说 | 夸奖 | 问 | 有口无心 | 回答 | 实话实说 | 久仰 | 心里话 | 听,眼里 | 感触 | 深思 | 同感 | 名字 | 表白 | 夸奖 | 有口无心,不敢当 | 指点 | 头头是道 | 出口成章 | 认识 | 听 | 说老实话 | 认得 | 冒昧 | 引经据典 | 实话实说 | 问,实话 | 赐教 | 不敢当 | 说 | 夸奖 | 问 | 有口无心 | 回答 | 实话实说 | 久仰 | 心里话 | 听 | 一句话 | 请坐 | 请教 | 指教 | 过奖 | 没说的 | 感触 | 句 | 同感 | 冒昧 | 认得 | 指点 | 说老实话 | 感想 | 大意 | 诸位 | 开场白 | 表白 | 引经据典 | 琢磨 | 头头是道 | 认识 | 出口成章 | 深思 | 见识 | 留心 | 一番 | 名字 | 眼里,41.012057726432374,0.9989193144873459,0.0011544998334036397,久仰:1.000000 | 赐教:1.000000 | 过奖:1.000000 | 指教:1.000000 | 请教:1.000000 | 夸奖:1.000000 | 琢磨:1.000000 | 指点:1.000000 | 听:1.000000 | 感想:1.000000 | 眼里:1.000000 | 表白:1.000000,老朋友:0.018892 | 废话:0.018496
17,49,0.38583993160305446,0.03717783328809366,0.20408163265306123,失眠 | 咳嗽 | 呕吐 | 疼痛 | 发炎 | 头晕 | 感冒 | 抑郁症 | 抑郁 | 晕车 | 过敏 | 出血,手术 | 刷牙 | 病情 | 劳累 | 饥饿 | 输液 | 患病 | 上火,睡眠 | 忌口 | 发炎 | 食欲 | 失明 | 戒烟 | 输液 | 酗酒 | 上瘾 | 患病 | 骨折 | 近视,失眠 | 咳嗽 | 呕吐 | 疼痛 | 发炎 | 头晕 | 感冒 | 抑郁症 | 抑郁 | 晕车 | 过敏 | 出血 | 发作 | 生病 | 发烧 | 痴呆 | 出汗 | 昏迷 | 打针 | 患病 | 发热 | 忌口 | 熬夜 | 酗酒 | 病情 | 休克 | 失明 | 劳累 | 睡眠 | 疲劳 | 骨折 | 食欲 | 近视 | 不适 | 刷牙 | 失恋 | 戒烟 | 上瘾 | 怀孕 | 安眠药 | 减肥 | 口吃 | 上火 | 吸烟 | 饥饿 | 催眠 | 输液 | 手术 | 青春期,49.05469297914671,0.9979973697549037,0.0019044709963780744,生病:1.000000 | 减肥:1.000000 | 抑郁:1.000000 | 病情:1.000000 | 失恋:1.000000 | 抑郁症:1.000000 | 饥饿:1.000000 | 发烧:1.000000 | 失眠:1.000000 | 忌口:1.000000 | 睡眠:1.000000 | 熬夜:1.000000,视力:0.033911 | 血压:0.029623 | 麻醉:0.025861 | 复发:0.021264 | 症状:0.017625
18,46,0.40276802118949284,0.044621007088044694,0.2608695652173913,嘲笑 | 责备 | 讥笑 | 责怪 | 取笑 | 挖苦 | 埋怨 | 指责 | 嘲弄 | 质问 | 讽刺 | 轻蔑,迷惑 | 说谎 | 恼羞成怒 | 撒谎 | 争吵 | 反感 | 笑话 | 察觉,嘲弄 | 讽刺 | 察觉 | 抱怨 | 埋怨 | 质问 | 讥笑 | 取笑 | 指责 | 打断 | 争执 | 刁难,嘲笑 | 责备 | 讥笑 | 责怪 | 取笑 | 挖苦 | 埋怨 | 指责 | 嘲弄 | 质问 | 讽刺 | 轻蔑 | 反驳 | 批评 | 调侃 | 反问 | 抱怨 | 刁难 | 理睬 | 恭维 | 辩解 | 反感 | 怀疑 | 误会 | 议论 | 撒谎 | 争吵 | 冒犯 | 附和 | 误解 | 理会 | 冤枉 | 言辞 | 恼羞成怒 | 追问 | 笑话 | 谎话 | 争执 | 得罪 | 不满 | 说谎 | 迷惑 | 打断 | 察觉 | 旁观 | 不服,45.94682527708522,0.9973501465402587,0.002412612487871256,察觉:1.000000 | 抱怨:1.000000 | 理睬:1.000000 | 笑话:1.000000 | 争吵:1.000000 | 议论:1.000000 | 打断:1.000000 | 恼羞成怒:1.000000 | 轻蔑:1.000000 | 责备:1.000000 | 误会:1.000000 | 不服:0.999999,争论:0.020261 | 上当:0.016129 | 揣测:0.011793 | 开玩笑:0.011289
19,56,0.34193103559420307,0.0265923559884232,0.3392857142857143,忽然 | 猛然 | 突然 | 顿时 | 时不时 | 仿佛 | 不由得 | 不时 | 不禁 | 渐渐 | 禁不住 | 忍不住,一边 | 恨不得 | 眼前 | 全都 | 不禁 | 禁不住 | 直到 | 犹如,不禁 | 一瞬间 | 此时 | 翻来覆去 | 经常 | 每当 | 总是 | 忍不住 | 往常 | 顿时 | 仿佛 | 犹如,忽然 | 猛然 | 突然 | 顿时 | 时不时 | 仿佛 | 不由得 | 不时 | 不禁 | 渐渐 | 禁不住 | 忍不住 | 偶尔 | 不由自主 | 常常 | 时常 | 好似 | 不一会儿 | 一会儿 | 便 | 一下子 | 这时 | 不知不觉 | 一瞬间 | 慢慢 | 时而 | 不经意 | 下意识 | 此刻 | 竟 | 隐约 | 有时 | 一刹那 | 然后 | 总是 | 恨不得 | 经常 | 此时 | 一边 | 稍稍 | 犹如 | 孤零零 | 于是 | 再也 | 如同 | 赫然 | 每当 | 翻来覆去 | 不曾 | 日复一日 | 断断续续 | 眼前 | 全都 | 直到 | 往常 | 时,56.12220888819229,0.9959663550684466,0.003665412930207957,仿佛:1.000000 | 时而:1.000000 | 此刻:1.000000 | 不由得:1.000000 | 突然:1.000000 | 如同:1.000000 | 好似:1.000000 | 不知不觉:1.000000 | 忽然:1.000000 | 此时:1.000000 | 不一会儿:1.000000 | 不禁:1.000000,这时候:0.193888 | 瞬间:0.057534 | 都会:0.020682 | 从早到晚:0.012954 | 那:0.011504 | 把:0.011485 | 从不:0.010309
20,49,0.3844519623180091,0.03318554609807565,0.20408163265306123,没劲 | 好笑 | 丢人 | 没意思 | 别扭 | 害臊 | 好玩儿 | 难看 | 丢脸 | 好看 | 奇怪 | 无聊,扫兴 | 粗心大意 | 粗心 | 可怜 | 舒服 | 孤陋寡闻 | 没完没了 | 糊涂,费劲 | 过瘾 | 好笑 | 糊涂 | 丢人 | 痛快 | 不怎么样 | 离谱儿 | 舒服 | 奇怪 | 起劲 | 粗心大意,没劲 | 好笑 | 丢人 | 没意思 | 别扭 | 害臊 | 好玩儿 | 难看 | 丢脸 | 好看 | 奇怪 | 无聊 | 吓人 | 舒服 | 费劲 | 离谱儿 | 厉害 | 难听 | 碍事 | 恶心 | 好听 | 痛快 | 倒霉 | 稀罕 | 扫兴 | 不像话 | 过瘾 | 稀奇 | 没用 | 有意思 | 要命 | 惨 | 糊涂 | 活该 | 可怜 | 起劲 | 不值 | 美滋滋 | 不怎么样 | 不对 | 岂有此理 | 一塌糊涂 | 管用 | 孤陋寡闻 | 乱七八糟 | 没完没了 | 粗心 | 马虎 | 粗心大意,49.12515482591298,0.9998313760428802,0.0002528152797799568,难看:1.000000 | 过瘾:1.000000 | 好看:1.000000 | 好玩儿:1.000000 | 没劲:1.000000 | 吓人:1.000000 | 不值:1.000000 | 恶心:1.000000 | 舒服:1.000000 | 费劲:1.000000 | 惨:1.000000 | 粗心:1.000000,生气:0.062185 | 不行:0.040384 | 冤枉:0.017333
21,48,0.3560569076691446,0.06226202105974254,0.14583333333333334,赶忙 | 急忙 | 赶紧 | 连忙 | 慌忙 | 赶快 | 立刻 | 马上 | 偷偷 | 匆匆 | 悄悄 | 立即,准时 | 下次 | 照常 | 把 | 待会儿 | 给 | 小心翼翼 | 改日,一连 | 随手 | 偷偷 | 小心翼翼 | 立刻 | 匆匆 | 趁 | 顾不得 | 把 | 连夜 | 待会儿 | 照常,赶忙 | 急忙 | 赶紧 | 连忙 | 慌忙 | 赶快 | 立刻 | 马上 | 偷偷 | 匆匆 | 悄悄 | 立即 | 顺手 | 匆忙 | 火速 | 连夜 | 快点儿 | 当即 | 顾不得 | 来不及 | 特意 | 待会儿 | 顾不上 | 顺便 | 特地 | 来得及 | 迫不及待 | 接着 | 小心翼翼 | 趁着 | 改日 | 随手 | 照例 | 小心 | 趁 | 仔细 | 直奔 | 当场 | 挨家挨户 | 准备 | 一连 | 准时 | 把 | 给 | 下次 | 一一 | 照常 | 轮流,47.95995075212042,0.9979946884827903,0.0018855659465017588,急忙:1.000000 | 准时:1.000000 | 火速:1.000000 | 匆忙:1.000000 | 轮流:1.000000 | 趁:1.000000 | 赶忙:1.000000 | 随手:1.000000 | 马上:1.000000 | 趁着:1.000000 | 悄悄:1.000000 | 来得及:1.000000,预备:0.034638 | 留神:0.013811
22,62,0.3633298402116258,0.0853964391524964,0.1774193548387097,篮球 | 体操 | 乒乓球 | 田径 | 网球 | 羽毛球 | 排球 | 举重 | 滑冰 | 游泳 | 摔跤 | 棒球,战斗 | 唱歌 | 化妆 | 作战 | 野营 | 跳舞 | 体力 | 得分,队 | 联赛 | 划船 | 俱乐部 | 帆船 | 得分 | 排球 | 篮球 | 外援 | 羽毛球 | 赛 | 网球,篮球 | 体操 | 乒乓球 | 田径 | 网球 | 羽毛球 | 排球 | 举重 | 滑冰 | 游泳 | 摔跤 | 棒球 | 打球 | 台球 | 跳远 | 运动员 | 滑雪 | 跳高 | 武术 | 教练 | 登山 | 单打 | 射击 | 高尔夫球 | 竞技 | 长跑 | 选手 | 跳伞 | 双打 | 跑步 | 帆船 | 划船 | 训练 | 健身 | 爬山 | 联赛 | 球员 | 体能 | 赛车 | 跳舞 | 太极拳 | 啦啦队 | 球队 | 运动 | 龙舟 | 唱歌 | 队员 | 赛 | 俱乐部 | 比试 | 赛跑 | 上场 | 野营 | 体力 | 队 | 半场 | 航海 | 作战 | 外援 | 战斗 | 得分 | 化妆,61.688004531716516,0.992872872999009,0.004204490037608518,划船:1.000000 | 体能:1.000000 | 运动:1.000000 | 爬山:1.000000 | 打球:1.000000 | 跑步:1.000000 | 滑雪:1.000000 | 游泳:1.000000 | 摔跤:1.000000 | 滑冰:1.000000 | 跳高:1.000000 | 跳舞:1.000000,奥运会:0.028851 | 下棋:0.014248 | 文娱:0.014033 | 徒步:0.010680
23,49,0.394510571067779,0.07125428709450334,0.10204081632653061,下班 | 回家 | 睡觉 | 上班 | 晚饭 | 放学 | 吃饭 | 午饭 | 出门 | 早饭 | 起床 | 上课,过年 | 打牌 | 暑假 | 开学 | 抽烟 | 趟 | 下车 | 排队,堵车 | 出门 | 排队 | 趟 | 抽烟 | 出差 | 早饭 | 放假 | 修车 | 做饭 | 外出 | 过年,下班 | 回家 | 睡觉 | 上班 | 晚饭 | 放学 | 吃饭 | 午饭 | 出门 | 早饭 | 起床 | 上课 | 下楼 | 午睡 | 开车 | 加班 | 骑车 | 洗澡 | 放假 | 半夜 | 开夜车 | 请假 | 休息 | 下课 | 做饭 | 在家 | 出差 | 堵车 | 下车 | 旷课 | 通宵 | 开会 | 寒假 | 打牌 | 过年 | 上车 | 抽烟 | 外出 | 晚点 | 迟到 | 暑假 | 顺路 | 开学 | 值班 | 搬家 | 修车 | 礼拜 | 趟 | 排队,48.92952397832859,0.9966561164050488,0.002558714973875646,寒假:1.000000 | 早饭:1.000000 | 迟到:1.000000 | 晚饭:1.000000 | 顺路:1.000000 | 暑假:1.000000 | 开会:1.000000 | 午饭:1.000000 | 下班:1.000000 | 休息:1.000000 | 开车:1.000000 | 放假:1.000000,上楼:0.035713 | 理发:0.035183 | 休假:0.015496
24,42,0.35427247892548647,0.001826755727715453,0.4523809523809524,聪明 | 老实 | 听话 | 懂事 | 勤快 | 能干 | 乖 | 人缘儿 | 倔 | 出息 | 小气 | 脾气,老大 | 拿手 | 敬业 | 人品 | 小气 | 看得起 | 耿直 | 高明,丑 | 耿直 | 勤快 | 出息 | 倔 | 一毛不拔 | 了不起 | 帅 | 见外 | 人缘儿 | 老实 | 内行,聪明 | 老实 | 听话 | 懂事 | 勤快 | 能干 | 乖 | 人缘儿 | 倔 | 出息 | 小气 | 脾气 | 耿直 | 娇气 | 心眼儿 | 机灵 | 笨 | 厚道 | 有两下子 | 胆子 | 精明 | 好学 | 丑 | 个头儿 | 懂 | 个儿 | 利索 | 争气 | 了不起 | 帅 | 看得起 | 内行 | 人品 | 高明 | 外行 | 敬业 | 见外 | 一毛不拔 | 老 | 老大 | 出头 | 拿手,41.971469984622644,0.9984787032456831,0.0013845734229324322,小气:1.000000 | 倔:1.000000 | 争气:1.000000 | 精明:1.000000 | 脾气:1.000000 | 乖:1.000000 | 看得起:1.000000 | 有两下子:1.000000 | 个头儿:1.000000 | 懂:1.000000 | 娇气:1.000000 | 聪明:1.000000,孝顺:0.012660 | 蠢:0.012623
25,46,0.33317162497797936,0.020302591183761855,0.34782608695652173,住院 | 救治 | 照料 | 抚养 | 赡养 | 收养 | 看病 | 疗养 | 出院 | 就诊 | 治病 | 养老院,夜班 | 休假 | 住宿 | 急诊 | 配偶 | 接济 | 亲属 | 探亲,配偶 | 家属 | 监护 | 生育 | 体检 | 义工 | 食宿 | 亲属 | 子女 | 抢救 | 疗养 | 养老院,住院 | 救治 | 照料 | 抚养 | 赡养 | 收养 | 看病 | 疗养 | 出院 | 就诊 | 治病 | 养老院 | 休养 | 求医 | 照顾 | 救助 | 领养 | 就医 | 看护 | 子女 | 家属 | 孤儿 | 急诊 | 监护 | 抚恤 | 探亲 | 生育 | 门诊 | 亲属 | 接送 | 休假 | 食宿 | 献血 | 抢救 | 居住 | 体检 | 住宿 | 自理 | 独身 | 义工 | 定居 | 遗体 | 流浪 | 接济 | 夜班 | 配偶,46.10632181555913,0.9989864226817005,0.0011199499716842685,居住:1.000000 | 疗养:1.000000 | 休养:1.000000 | 照料:1.000000 | 救治:1.000000 | 监护:1.000000 | 看护:1.000000 | 就诊:1.000000 | 抚养:1.000000 | 领养:1.000000 | 生育:1.000000 | 治病:1.000000,移民:0.080353 | 单身:0.023807 | 出差:0.017711 | 急救:0.016689
26,72,0.2784046504819744,0.005086646960892959,0.4305555555555556,拓展 | 构建 | 推动 | 打造 | 整合 | 开拓 | 培育 | 深化 | 拓宽 | 探索 | 扩展 | 搭建,深化 | 能耗 | 着眼于 | 激发 | 提高 | 建立 | 制造 | 多方面,改造 | 瞄准 | 开拓 | 激发 | 致力于 | 配置 | 孵化 | 提高 | 普及 | 建设 | 互补 | 拓展,拓展 | 构建 | 推动 | 打造 | 整合 | 开拓 | 培育 | 深化 | 拓宽 | 探索 | 扩展 | 搭建 | 打通 | 融合 | 提升 | 布局 | 引领 | 开发 | 引入 | 建设 | 创新 | 延伸 | 挖掘 | 推广 | 带动 | 着眼于 | 依托 | 建立 | 致力于 | 连接 | 研发 | 涵盖 | 驱动 | 结合 | 引进 | 覆盖 | 拉动 | 具备 | 瞄准 | 定位 | 新型 | 激活 | 面向 | 兼顾 | 提高 | 配套 | 激发 | 互补 | 具有 | 匹配 | 侧重 | 吸纳 | 围绕 | 孵化 | 规划 | 兼容 | 普及 | 改造 | 运作 | 接轨 | 输出 | 专注 | 配置 | 纳入 | 现有 | 一体 | 转向 | 符合 | 制造 | 适用 | 多方面 | 能耗,71.71172140094683,0.9908831939528463,0.007316086354837954,搭建:1.000000 | 探索:1.000000 | 挖掘:1.000000 | 瞄准:1.000000 | 侧重:0.999999 | 匹配:0.999999 | 整合:0.999999 | 引领:0.999996 | 打造:0.999995 | 建设:0.999995 | 带动:0.999991 | 孵化:0.999987,升级:0.070502 | 范围:0.047908 | 试点:0.035075 | 扩大:0.032475 | 核心:0.028404 | 顺应:0.014835 | 转化:0.012898 | 为主:0.011785
27,52,0.3493507309347551,0.00826886179051977,0.4230769230769231,善良 | 诚实 | 正直 | 仁慈 | 忠贞 | 大公无私 | 宽容 | 忠诚 | 无私 | 自尊 | 孝顺 | 高尚,体面 | 富裕 | 忠心 | 自由 | 和睦 | 尊重 | 爱护 | 顺从,大公无私 | 宽容 | 侠义 | 和睦 | 平等 | 廉洁 | 良心 | 正义 | 勇敢 | 忠于 | 公道 | 廉正,善良 | 诚实 | 正直 | 仁慈 | 忠贞 | 大公无私 | 宽容 | 忠诚 | 无私 | 自尊 | 孝顺 | 高尚 | 正义 | 光明磊落 | 勇敢 | 节俭 | 公道 | 美德 | 骨气 | 尊严 | 纯洁 | 勤劳 | 忠心 | 崇高 | 廉洁 | 忠于 | 善意 | 尊重 | 和睦 | 诚信 | 爱惜 | 崇尚 | 本分 | 良心 | 包容 | 侠义 | 顺从 | 爱护 | 坚强 | 平等 | 廉正 | 人道 | 名利 | 体面 | 善 | 人情 | 独立自主 | 友好 | 自由 | 自立 | 富裕 | 远见,51.99101341627109,0.9986998664455068,0.0012686143055199097,爱惜:1.000000 | 节俭:1.000000 | 廉洁:1.000000 | 仁慈:1.000000 | 体面:1.000000 | 善意:1.000000 | 人情:1.000000 | 廉正:1.000000 | 纯洁:1.000000 | 崇尚:1.000000 | 善良:1.000000 | 勤劳:1.000000,执着:0.016226
28,37,0.3048205737114969,-0.019635409349338964,0.6216216216216216,信念 | 愿望 | 心愿 | 梦想 | 命运 | 缘分 | 情怀 | 念头 | 境界 | 结局 | 归宿 | 心声,滋味 | 情谊 | 觉醒 | 烦恼 | 顺其自然 | 勇气 | 解脱 | 情怀,情怀 | 情结 | 奢望 | 代价 | 恩怨 | 命运 | 愿望 | 顺其自然 | 磨难 | 诺言 | 意志 | 平常心,信念 | 愿望 | 心愿 | 梦想 | 命运 | 缘分 | 情怀 | 念头 | 境界 | 结局 | 归宿 | 心声 | 磨难 | 勇气 | 情谊 | 情结 | 意志 | 厄运 | 烦恼 | 滋味 | 旅程 | 生死 | 诺言 | 恩怨 | 日子 | 奢望 | 平常心 | 梦 | 时刻 | 降临 | 关头 | 得失 | 解脱 | 顺其自然 | 各奔前程 | 觉醒 | 代价,36.981598038241366,0.999278235800553,0.0009077484167442265,滋味:1.000000 | 归宿:1.000000 | 旅程:1.000000 | 意志:0.999999 | 缘分:0.999999 | 关头:0.999999 | 奢望:0.999999 | 情结:0.999999 | 情怀:0.999999 | 结局:0.999998 | 愿望:0.999998 | 诺言:0.999995,
29,50,0.2707751599106125,-0.035807522567451344,0.82,捎 | 放 | 留 | 送 | 寄 | 取 | 抄 | 换 | 填 | 递 | 摘 | 贴,翻 | 捐 | 钻 | 刷 | 放 | 挖 | 花 | 贴,造 | 拨 | 发 | 充 | 选 | 换 | 剩 | 送 | 挖 | 借 | 改 | 钻,捎 | 放 | 留 | 送 | 寄 | 取 | 抄 | 换 | 填 | 递 | 摘 | 贴 | 装 | 接 | 翻 | 刷 | 拾 | 捐 | 栽 | 订 | 造 | 加 | 催 | 拨 | 修 | 发 | 提 | 带 | 借 | 扫 | 剩 | 充 | 选 | 挖 | 花 | 藏 | 托 | 划 | 赐 | 揭 | 改 | 钻 | 办 | 结 | 积 | 引 | 满 | 待 | 凭 | 蒙,49.88202908639532,0.9925510519847343,0.005867867221416687,寄:1.000000 | 送:1.000000 | 办:1.000000 | 赐:1.000000 | 取:1.000000 | 造:1.000000 | 借:1.000000 | 栽:1.000000 | 修:1.000000 | 刷:0.999999 | 捎:0.999999 | 捐:0.999999,挂:0.126136 | 补:0.032099 | 扒:0.021889 | 入:0.017826 | 进:0.012562
30,84,0.29435797896621124,-0.035000367259086396,0.7738095238095238,树叶 | 叶子 | 柳树 | 虫子 | 松树 | 茎 | 桃树 | 柏树 | 棵 | 槐树 | 芽 | 草,锅 | 开水 | 瓜 | 凉水 | 骨头 | 冷水 | 巫婆 | 汗,口 | 柏树 | 皮 | 母鸡 | 血 | 根 | 颗 | 冷水 | 桃树 | 株 | 束 | 柳树,树叶 | 叶子 | 柳树 | 虫子 | 松树 | 茎 | 桃树 | 柏树 | 棵 | 槐树 | 芽 | 草 | 枝 | 蛇 | 泥土 | 竹子 | 粪 | 泥 | 勺 | 花瓣 | 杨树 | 公鸡 | 母鸡 | 蜡 | 盆 | 骨头 | 根 | 株 | 树 | 筋 | 药水 | 禾苗 | 锈 | 青蛙 | 蚊子 | 鸽子 | 灰 | 水 | 麻 | 卵 | 凉水 | 鼠 | 雪 | 烟 | 瓜 | 窝 | 庄稼 | 苍蝇 | 霜 | 尿 | 开水 | 缕 | 肠 | 牙 | 粒 | 壶 | 冷水 | 盏 | 果实 | 针 | 芦花 | 锅 | 毒 | 血 | 炭 | 皮 | 缸 | 丝 | 毛 | 束 | 土 | 冰 | 残 | 丸 | 斤 | 样 | 口 | 巫婆 | 颗 | 胎 | 顿 | 铁 | 汗 | 红眼,84.55682484553536,0.996798859890026,0.003395793430963393,凉水:1.000000 | 叶子:1.000000 | 粪:1.000000 | 果实:1.000000 | 虫子:1.000000 | 蚊子:1.000000 | 柏树:1.000000 | 禾苗:1.000000 | 茎:1.000000 | 胎:0.999999 | 丝:0.999999 | 棵:0.999999,橘子:0.333567 | 鸟:0.054517 | 焦:0.051348 | 匹:0.047716 | 大雁:0.039839 | 墨:0.027043 | 菊花:0.024482 | 毫升:0.021636
31,47,0.2831672852565094,-0.01364745024530211,0.6382978723404256,猜测 | 疑虑 | 猜想 | 传言 | 疑问 | 忧虑 | 担忧 | 传闻 | 隐情 | 谜团 | 困惑 | 质疑,恐慌 | 困惑 | 质疑 | 境遇 | 忧虑 | 无关 | 处境 | 例子,无关 | 质疑 | 疑问 | 恐慌 | 传闻 | 负面 | 隐情 | 风波 | 先例 | 心病 | 例子 | 巧合,猜测 | 疑虑 | 猜想 | 传言 | 疑问 | 忧虑 | 担忧 | 传闻 | 隐情 | 谜团 | 困惑 | 质疑 | 预感 | 预兆 | 预言 | 谣言 | 真相 | 消息 | 恐慌 | 兆头 | 玄机 | 风波 | 巧合 | 预料 | 意料之外 | 事件 | 境遇 | 暗示 | 心病 | 争议 | 话题 | 意外 | 先例 | 断定 | 境地 | 处境 | 来龙去脉 | 罪魁祸首 | 不得而知 | 交集 | 负面 | 例子 | 反应 | 水落石出 | 特例 | 真假 | 无关,46.99124883369144,0.9983134821094404,0.0018155940345215495,担忧:1.000000 | 困惑:1.000000 | 心病:1.000000 | 忧虑:1.000000 | 巧合:1.000000 | 疑虑:1.000000 | 玄机:1.000000 | 风波:1.000000 | 意外:1.000000 | 恐慌:1.000000 | 负面:0.999998 | 隐情:0.999997,
32,31,0.26999855664655176,0.005582168337891696,0.4838709677419355,耗费 | 报废 | 浪费 | 节省 | 损坏 | 花费 | 维修 | 修理 | 丢失 | 节约 | 更换 | 过期,过关 | 开销 | 按时 | 损坏 | 备用 | 人手 | 延误 | 过期,达标 | 花费 | 一次性 | 损坏 | 回收 | 完毕 | 工作量 | 更换 | 过期 | 多余 | 开销 | 修理,耗费 | 报废 | 浪费 | 节省 | 损坏 | 花费 | 维修 | 修理 | 丢失 | 节约 | 更换 | 过期 | 保管 | 耗时 | 作废 | 废品 | 回收 | 工作量 | 延误 | 多余 | 保修 | 额外 | 开销 | 不翼而飞 | 按时 | 一次性 | 备用 | 完毕 | 人手 | 达标 | 过关,30.996349559786502,0.9992288693031837,0.000980558289949732,不翼而飞:1.000000 | 过期:1.000000 | 丢失:1.000000 | 报废:1.000000 | 耗费:1.000000 | 多余:1.000000 | 一次性:1.000000 | 花费:1.000000 | 按时:1.000000 | 完毕:1.000000 | 节约:1.000000 | 节省:1.000000,配送:0.015583
33,63,0.3022291780688234,0.01832942189686414,0.3333333333333333,如果 | 倘若 | 假如 | 譬如 | 假使 | 除非 | 因而 | 譬如说 | 比如说 | 尤其 | 因此 | 但,不宜 | 起码 | 不再 | 无形中 | 虽 | 多半 | 暂时 | 几乎,一旦 | 而 | 一般来说 | 皆 | 尤其 | 换言之 | 但 | 亦 | 也就是说 | 除了 | 甚至 | 其次,如果 | 倘若 | 假如 | 譬如 | 假使 | 除非 | 因而 | 譬如说 | 比如说 | 尤其 | 因此 | 但 | 就是说 | 比如 | 或是 | 甚至于 | 甚至 | 例如 | 若 | 故 | 以致 | 而 | 且 | 或者 | 也就是说 | 否则 | 以至于 | 多半 | 起码 | 一旦 | 通常 | 一般来说 | 换言之 | 大多 | 至少 | 基本上 | 如 | 大都 | 假定 | 大体上 | 亦 | 虽 | 其次 | 加上 | 以免 | 几乎 | 或 | 这就是说 | 前者 | 或多或少 | 皆 | 除了 | 假设 | 另外 | 是否 | 等于 | 大体 | 大致 | 无形中 | 除去 | 不再 | 不宜 | 暂时,62.35759387556119,0.9812112520932263,0.010193302482912796,故:1.000000 | 大体:1.000000 | 若:1.000000 | 虽:1.000000 | 皆:1.000000 | 除非:1.000000 | 大体上:1.000000 | 加上:1.000000 | 且:0.999999 | 以免:0.999999 | 比如:0.999999 | 假使:0.999999,而且:0.342420 | 只能:0.055443 | 除此之外:0.047564 | 尽管:0.015309 | 完全:0.011232 | 即便:0.010485
34,33,0.2978356481422876,-0.040459409899996336,0.7878787878787878,强硬 | 冷淡 | 谨慎 | 消极 | 理性 | 妥协 | 乐观 | 退让 | 克制 | 明智 | 迁就 | 严厉,安定 | 急迫 | 逞强 | 自负 | 公正 | 拘束 | 默契 | 过分,被动 | 乐观 | 强硬 | 公正 | 苛刻 | 克制 | 主观 | 安定 | 拘束 | 中庸 | 针锋相对 | 严厉,强硬 | 冷淡 | 谨慎 | 消极 | 理性 | 妥协 | 乐观 | 退让 | 克制 | 明智 | 迁就 | 严厉 | 苛刻 | 保守 | 客观 | 公正 | 让步 | 合情合理 | 中立 | 主观 | 过分 | 公平 | 中庸 | 拘束 | 自负 | 针锋相对 | 常理 | 急迫 | 被动 | 默契 | 逞强 | 内向 | 安定,33.0028104759984,0.9994349211819192,0.0006868368650359859,强硬:1.000000 | 严厉:1.000000 | 冷淡:1.000000 | 理性:1.000000 | 妥协:0.999999 | 保守:0.999999 | 克制:0.999998 | 退让:0.999998 | 谨慎:0.999998 | 乐观:0.999998 | 自负:0.999998 | 拘束:0.999997,
35,40,0.3532117225202149,0.03279192359870364,0.3,那儿 | 外头 | 外边 | 这儿 | 那里 | 城里 | 外面 | 那边 | 这边 | 里头 | 哪儿 | 里边,两口子 | 一家人 | 白天 | 无数 | 老家 | 路过 | 海边 | 做梦,刮风 | 成群结队 | 海边 | 这儿 | 哪儿 | 一起 | 城里 | 做梦 | 那边 | 风餐露宿 | 里边 | 遍地,那儿 | 外头 | 外边 | 这儿 | 那里 | 城里 | 外面 | 那边 | 这边 | 里头 | 哪儿 | 里边 | 到处 | 乡下 | 这里 | 一块儿 | 一年到头 | 里 | 哪里 | 海边 | 郊外 | 老家 | 从早到晚 | 一路上 | 四处 | 路上 | 家家户户 | 白天 | 刮风 | 两口子 | 大街小巷 | 一家人 | 路过 | 成群结队 | 一辈子 | 一起 | 做梦 | 风餐露宿 | 遍地 | 无数,40.01051075167353,0.9994407257222628,0.0006754096723518995,成群结队:1.000000 | 遍地:1.000000 | 城里:1.000000 | 路上:1.000000 | 一辈子:1.000000 | 家家户户:1.000000 | 刮风:1.000000 | 一年到头:1.000000 | 这儿:1.000000 | 一路上:1.000000 | 那边:1.000000 | 大街小巷:1.000000,里面:0.021182
36,43,0.3347171426707081,-0.034192010285237225,0.6744186046511628,父母 | 祖母 | 家人 | 祖父 | 继父 | 长辈 | 继母 | 亲生 | 爱人 | 弟 | 娶 | 辈,她们 | 大人 | 大夫 | 寡妇 | 爱人 | 长辈 | 弟 | 住处,夫人 | 相依为命 | 岁数 | 辈 | 朝夕相处 | 本人 | 祖母 | 她们 | 全家 | 父母 | 夫妻 | 亲朋好友,父母 | 祖母 | 家人 | 祖父 | 继父 | 长辈 | 继母 | 亲生 | 爱人 | 弟 | 娶 | 辈 | 家境 | 年迈 | 亲友 | 大人 | 从小 | 夫妇 | 小时候 | 寡妇 | 嫁 | 成家 | 长大 | 相依为命 | 全家 | 夫人 | 亲朋好友 | 年纪 | 岁数 | 夫妻 | 生前 | 出生 | 她们 | 祖籍 | 师长 | 住处 | 收留 | 本人 | 朝夕相处 | 大夫 | 姓 | 受过 | 自称,42.856300307252916,0.9958277805629736,0.0037080542179054048,嫁:1.000000 | 娶:1.000000 | 长大:1.000000 | 本人:1.000000 | 住处:1.000000 | 亲生:1.000000 | 相依为命:1.000000 | 长辈:1.000000 | 年迈:1.000000 | 祖父:1.000000 | 受过:1.000000 | 亲友:1.000000,
37,47,0.33568490360401093,0.0007313830441392547,0.48936170212765956,专制 | 罪恶 | 丑恶 | 腐朽 | 剥削 | 封建 | 帝国主义 | 腐化 | 堕落 | 侵略 | 反抗 | 统治,叛逆 | 自私自利 | 野蛮 | 残酷 | 丑恶 | 污秽 | 损人利己 | 极端,不正之风 | 种种 | 妄想 | 腐朽 | 统治 | 腐化 | 迷信 | 奴隶 | 帝国主义 | 谎言 | 野蛮 | 泛滥,专制 | 罪恶 | 丑恶 | 腐朽 | 剥削 | 封建 | 帝国主义 | 腐化 | 堕落 | 侵略 | 反抗 | 统治 | 仇恨 | 资本主义 | 自私自利 | 官僚 | 残酷 | 阶级 | 斗争 | 官僚主义 | 贫穷 | 战争 | 野蛮 | 腐败 | 暴力 | 损人利己 | 妄想 | 迷信 | 污秽 | 叛逆 | 教条 | 奴隶 | 恐怖 | 抗争 | 种族 | 贫富 | 种种 | 极端 | 冷战 | 谎言 | 和平共处 | 空想 | 孤立 | 一切 | 金钱 | 不正之风 | 泛滥,46.95541943462842,0.9977424878222535,0.00231659437903355,罪恶:1.000000 | 污秽:1.000000 | 贫穷:1.000000 | 专制:1.000000 | 腐化:1.000000 | 谎言:1.000000 | 资本主义:1.000000 | 叛逆:1.000000 | 极端:1.000000 | 腐朽:0.999999 | 堕落:0.999999 | 奴隶:0.999998,政治:0.020995 | 主义:0.016178
38,54,0.26399581115226967,-0.004548838910529811,0.5370370370370371,放置 | 制成 | 保存 | 储存 | 添加 | 使用 | 含有 | 存放 | 选用 | 填充 | 安装 | 制作,摆放 | 旧 | 陈列 | 传播 | 过滤 | 移植 | 放到 | 采集,标示 | 填充 | 改装 | 遗留 | 包含 | 替换 | 隐藏 | 传播 | 生成 | 克隆 | 收集 | 携带,放置 | 制成 | 保存 | 储存 | 添加 | 使用 | 含有 | 存放 | 选用 | 填充 | 安装 | 制作 | 摆放 | 替换 | 收集 | 去除 | 合成 | 去掉 | 保留 | 采用 | 隐藏 | 提炼 | 包含 | 配备 | 携带 | 生成 | 过滤 | 组装 | 采集 | 取代 | 改装 | 复制 | 改良 | 代替 | 挑选 | 换成 | 借用 | 移植 | 陈列 | 容纳 | 埋藏 | 标示 | 衍生 | 用于 | 还原 | 遗留 | 附带 | 美化 | 放到 | 发明 | 克隆 | 仿制 | 传播 | 旧,53.9266494278022,0.9963228726522715,0.0029089955451737735,挑选:1.000000 | 摆放:1.000000 | 存放:1.000000 | 替换:1.000000 | 保存:1.000000 | 添加:1.000000 | 改装:1.000000 | 配备:1.000000 | 采集:1.000000 | 传播:1.000000 | 选用:1.000000 | 去掉:1.000000,输入:0.034304 | 涵盖:0.022577 | 揭示:0.013082 | 填补:0.012261
39,89,0.28712961945569954,0.040324189777519774,0.3146067415730337,主任 | 处长 | 秘书长 | 部长 | 院长 | 秘书 | 局长 | 委员 | 组长 | 总经理 | 书记 | 总裁,贺电 | 一行 | 座谈会 | 倡议 | 班长 | 贺信 | 建交 | 学士,任 | 校长 | 人员 | 发起人 | 聘 | 座谈会 | 一把手 | 参谋 | 主管 | 总理 | 对外 | 带头人,主任 | 处长 | 秘书长 | 部长 | 院长 | 秘书 | 局长 | 委员 | 组长 | 总经理 | 书记 | 总裁 | 会长 | 负责人 | 助理 | 校长 | 团长 | 董事长 | 总监 | 所长 | 理事 | 顾问 | 司长 | 教授 | 主席 | 主管 | 董事 | 首席 | 经理 | 厂长 | 领导 | 现任 | 市长 | 博士 | 队长 | 委员会 | 发言人 | 工程师 | 导师 | 院士 | 成员 | 兼 | 班长 | 任 | 大使 | 司令 | 主编 | 参谋 | 专职 | 专家 | 同志 | 员 | 团员 | 董事会 | 研究所 | 律师 | 总理 | 办事处 | 带头人 | 总部 | 一把手 | 副 | 先生 | 协会 | 人士 | 牵头 | 发起人 | 学士 | 人员 | 高层 | 下属 | 贺信 | 聘 | 事务所 | 驻 | 部门 | 助手 | 教育部 | 会计 | 骨干 | 贺电 | 座谈会 | 一行 | 所属 | 倡议 | 名 | 建交 | 对外 | 位,89.35909202361835,0.9961154356856577,0.0034772721021274614,主任:1.000000 | 所长:1.000000 | 处长:1.000000 | 组长:1.000000 | 院长:1.000000 | 带头人:1.000000 | 书记:1.000000 | 教授:1.000000 | 秘书长:1.000000 | 助理:1.000000 | 会长:1.000000 | 司长:1.000000,机关:0.134959 | 干部:0.092868 | 税务:0.067147 | 创始人:0.060998 | 高等:0.055699 | 代表团:0.041283 | 电讯:0.032252 | 机构:0.022948
40,85,0.31520009389016834,0.009905809878587853,0.4117647058823529,句子 | 歌词 | 文字 | 词汇 | 词语 | 词 | 题目 | 段落 | 字典 | 语法 | 生词 | 错别字,表格 | 主题歌 | 考题 | 作品 | 诗 | 占卜 | 命题 | 剧本,括弧 | 汉字 | 题目 | 字体 | 名著 | 格式 | 剧本 | 繁体字 | 寓言 | 推理 | 文字 | 字迹,句子 | 歌词 | 文字 | 词汇 | 词语 | 词 | 题目 | 段落 | 字典 | 语法 | 生词 | 错别字 | 书 | 谜语 | 字体 | 汉字 | 剧本 | 小说 | 图画 | 音节 | 插图 | 字幕 | 诗 | 成语 | 词典 | 符号 | 名著 | 结尾 | 素材 | 繁体字 | 字母 | 作品 | 传记 | 书籍 | 文章 | 故事 | 字 | 寓言 | 读音 | 简体字 | 语言 | 开头 | 答案 | 片段 | 篇幅 | 名言 | 笔记 | 字迹 | 题 | 字眼 | 俗语 | 剧情 | 考题 | 画面 | 公式 | 辞典 | 对白 | 教科书 | 记号 | 片子 | 日记 | 情节 | 括弧 | 封面 | 篇 | 括号 | 表格 | 对联 | 主题歌 | 百科全书 | 格式 | 内容 | 回忆录 | 命题 | 谜底 | 人物 | 电子版 | 册 | 推理 | 序 | 页 | 印刷术 | 反面 | 造纸术 | 占卜,85.47127947960222,0.9955244696376526,0.003292239339405299,字迹:1.000000 | 错别字:1.000000 | 片段:1.000000 | 段落:1.000000 | 谜语:1.000000 | 表格:1.000000 | 词:1.000000 | 字:1.000000 | 词语:1.000000 | 成语:0.999999 | 读音:0.999999 | 画面:0.999999,试题:0.347371 | 画册:0.234635 | 文:0.056568 | 句:0.021417 | 说明书:0.015340 | 外文:0.014392 | 教材:0.012723 | 杂志:0.012204
41,42,0.35825541934273514,0.01912995100608127,0.3333333333333333,傻 | 小偷儿 | 蠢 | 笨蛋 | 鬼 | 坏人 | 贼 | 疯子 | 流氓 | 家伙 | 骗子 | 逼,胡说 | 蠢 | 惹 | 家伙 | 逗 | 枪毙 | 瞎 | 好家伙,骗 | 家伙 | 贼 | 枪毙 | 鬼 | 乱 | 错 | 逗 | 惹 | 假 | 黑心 | 傻,傻 | 小偷儿 | 蠢 | 笨蛋 | 鬼 | 坏人 | 贼 | 疯子 | 流氓 | 家伙 | 骗子 | 逼 | 骗人 | 傻瓜 | 怪 | 小人 | 瞎 | 恶 | 贱 | 妖怪 | 逗 | 黑心 | 坏 | 骗 | 凶 | 祸害 | 胡说 | 黑 | 错 | 狠 | 忽悠 | 乱 | 邪 | 阎王 | 枪毙 | 好家伙 | 假 | 迷 | 惹 | 马后炮 | 救命 | 坑,41.92217382448477,0.9974833691152041,0.0020813846209758206,恶:1.000000 | 流氓:1.000000 | 黑心:1.000000 | 骗子:1.000000 | 坏人:1.000000 | 错:1.000000 | 救命:1.000000 | 家伙:1.000000 | 傻瓜:1.000000 | 小偷儿:1.000000 | 笨蛋:0.999999 | 贼:0.999998,
42,44,0.417220270083275,0.08408290555218455,0.022727272727272728,煮 | 拌 | 蘸 | 煎 | 烤 | 蒸 | 炖 | 熬 | 烫 | 浇 | 淋 | 涮,酥 | 喝 | 吃 | 粘 | 榨 | 尝 | 剥 | 晒,糊 | 喝 | 煎 | 酥 | 摊 | 泼 | 炖 | 淋 | 烧 | 炒 | 熏 | 粘,煮 | 拌 | 蘸 | 煎 | 烤 | 蒸 | 炖 | 熬 | 烫 | 浇 | 淋 | 涮 | 糊 | 烧 | 熏 | 泡 | 嚼 | 裹 | 吃 | 喝 | 酥 | 搅 | 沾 | 洗 | 掺 | 煲 | 洒 | 冻 | 泼 | 抹 | 撒 | 炒 | 沏 | 喂 | 剥 | 粘 | 灌 | 饱 | 榨 | 敷 | 滴 | 晒 | 尝 | 摊,44.131705553940144,0.9990888000610284,0.0010971559550501631,吃:1.000000 | 喝:1.000000 | 煮:1.000000 | 烤:1.000000 | 炖:1.000000 | 榨:1.000000 | 蒸:1.000000 | 煎:1.000000 | 蘸:1.000000 | 拌:1.000000 | 涮:1.000000 | 沏:1.000000,涂:0.087933 | 湿:0.046149 | 喷:0.025758
43,83,0.2834628467767321,0.007184484187760974,0.37349397590361444,想法 | 态度 | 看法 | 问题 | 动机 | 原则 | 立场 | 意图 | 举动 | 弊端 | 行为 | 结论,对立 | 偏见 | 定论 | 冲突 | 性质 | 隔阂 | 场合 | 余地,后果 | 争端 | 举动 | 想法 | 规则 | 结论 | 条件 | 惯例 | 偏见 | 定论 | 关系 | 行动,想法 | 态度 | 看法 | 问题 | 动机 | 原则 | 立场 | 意图 | 举动 | 弊端 | 行为 | 结论 | 做法 | 事实 | 思路 | 弊病 | 根源 | 症结 | 观点 | 用意 | 顾虑 | 现象 | 说法 | 目的 | 后果 | 出发点 | 措施 | 初衷 | 逻辑 | 言论 | 状况 | 分歧 | 原因 | 矛盾 | 理由 | 情况 | 本质 | 途径 | 前提 | 情形 | 苗头 | 办法 | 倾向 | 本意 | 议题 | 偏见 | 手段 | 对策 | 主张 | 动向 | 关系 | 界限 | 所作所为 | 意愿 | 策略 | 障碍 | 政策 | 实质 | 时机 | 规则 | 决策 | 余地 | 准则 | 教训 | 争端 | 偏差 | 性质 | 对立 | 隔阂 | 定论 | 行动 | 条件 | 冲突 | 惯例 | 界线 | 机会 | 事态 | 底线 | 与否 | 是非 | 限度 | 个案 | 场合,82.79732913802918,0.9947988099237206,0.004353311913243016,本意:1.000000 | 原则:1.000000 | 意图:1.000000 | 后果:0.999999 | 举动:0.999999 | 目的:0.999998 | 用意:0.999997 | 症结:0.999997 | 理由:0.999997 | 根源:0.999996 | 现象:0.999995 | 立场:0.999995,范围:0.053287 | 机制:0.028405 | 范畴:0.023451 | 共识:0.020364 | 阻力:0.016703 | 对象:0.015660
44,85,0.4299447226432873,0.08106994319330112,0.15294117647058825,豆腐 | 南瓜 | 茄子 | 辣椒 | 红薯 | 西红柿 | 白菜 | 黄瓜 | 米饭 | 酱 | 柿子 | 蒜,奶茶 | 酒 | 面包 | 佐料 | 豆浆 | 鲜 | 牛奶 | 芝士,奶 | 酱 | 馒头 | 葱 | 馅儿 | 鲜 | 百合 | 蜜 | 肉 | 味精 | 汤 | 香料,豆腐 | 南瓜 | 茄子 | 辣椒 | 红薯 | 西红柿 | 白菜 | 黄瓜 | 米饭 | 酱 | 柿子 | 蒜 | 蜂蜜 | 萝卜 | 土豆 | 肉 | 饼 | 菜 | 花生 | 醋 | 汁 | 香油 | 香肠 | 葱 | 粥 | 牛奶 | 香蕉 | 蘑菇 | 豆浆 | 鸡蛋 | 饺子 | 面条儿 | 番茄 | 汤圆 | 虾 | 核桃 | 包子 | 馒头 | 西瓜 | 酱油 | 莲子 | 馅儿 | 桂花 | 火腿 | 椰子 | 芝士 | 佐料 | 调料 | 砂糖 | 枣 | 梨 | 鸡 | 豆子 | 面包 | 糖 | 碗 | 绿茶 | 茶 | 鸭子 | 蛋 | 饭 | 味精 | 奶茶 | 芝麻 | 鱼 | 奶 | 汤 | 香料 | 菊花 | 蜜 | 桃 | 鹅 | 瓜子 | 橘子 | 羊 | 鲜 | 盐 | 玫瑰 | 百合 | 酒 | 猪 | 粉 | 兔 | 油 | 珍珠,85.11508476104771,0.9933553846835014,0.004113553864669619,酒:1.000000 | 菜:1.000000 | 茶:1.000000 | 醋:1.000000 | 饼:1.000000 | 馅儿:0.999999 | 糖:0.999999 | 汤:0.999999 | 包子:0.999999 | 粥:0.999999 | 蛋:0.999999 | 辣椒:0.999998,酸奶:0.443333 | 薯条:0.053019 | 葡萄:0.033506 | 巧克力:0.016530 | 丸:0.015713 | 土:0.015087 | 瓜:0.011845 | 盆:0.011341
45,61,0.28667730041794753,0.020732776977513533,0.4426229508196721,举办 | 创办 | 开办 | 组建 | 设立 | 兴建 | 成立 | 创立 | 开设 | 举行 | 承办 | 筹办,通车 | 就职 | 出席 | 任职 | 获奖 | 聘任 | 洽谈 | 概况,参加 | 主办 | 兴建 | 担任 | 扩建 | 概况 | 开设 | 开辟 | 在内 | 举办 | 加盟 | 展出,举办 | 创办 | 开办 | 组建 | 设立 | 兴建 | 成立 | 创立 | 开设 | 举行 | 承办 | 筹办 | 主办 | 创建 | 聘请 | 召开 | 担任 | 建成 | 修建 | 筹备 | 兼任 | 建造 | 聘任 | 颁发 | 动工 | 落户 | 任职 | 参加 | 开业 | 荣获 | 推选 | 聘用 | 入选 | 扩建 | 展出 | 出席 | 开辟 | 竣工 | 授予 | 申办 | 特邀 | 命名 | 表彰 | 就职 | 筹划 | 改名 | 组成 | 参展 | 参与 | 加盟 | 首创 | 洽谈 | 获奖 | 搬迁 | 招募 | 通车 | 列为 | 简介 | 在内 | 附属 | 概况,61.03519664604269,0.997349289696302,0.0023636914409106684,兴建:1.000000 | 创办:1.000000 | 展出:1.000000 | 聘请:1.000000 | 建成:1.000000 | 动工:1.000000 | 修建:1.000000 | 落户:1.000000 | 开业:1.000000 | 开办:1.000000 | 开设:1.000000 | 建造:1.000000,引进:0.120345 | 征集:0.018216
46,44,0.31911160213115886,0.017092699757835315,0.29545454545454547,魅力 | 韵味 | 底蕴 | 精髓 | 内涵 | 风范 | 气息 | 特质 | 风貌 | 风采 | 气魄 | 感染力,理想 | 韵味 | 色彩 | 兴趣 | 起源 | 共鸣 | 见解 | 潮流,气息 | 渊源 | 形象 | 魄力 | 风格 | 韵味 | 奥秘 | 变迁 | 特质 | 印象 | 兴趣 | 本色,魅力 | 韵味 | 底蕴 | 精髓 | 内涵 | 风范 | 气息 | 特质 | 风貌 | 风采 | 气魄 | 感染力 | 风格 | 气势 | 涵义 | 色彩 | 魄力 | 乐趣 | 写照 | 感 | 典范 | 意义 | 含义 | 形象 | 风尚 | 渊源 | 见解 | 面貌 | 灵感 | 印象 | 氛围 | 本色 | 寓意 | 奥秘 | 共鸣 | 观感 | 兴趣 | 潮流 | 精华 | 无穷 | 变迁 | 起源 | 结晶 | 理想,43.94435594097137,0.9964471332395998,0.0026802252213927215,魅力:1.000000 | 乐趣:1.000000 | 风范:1.000000 | 韵味:1.000000 | 涵义:1.000000 | 气魄:1.000000 | 风貌:1.000000 | 感染力:1.000000 | 观感:1.000000 | 风采:1.000000 | 本色:1.000000 | 精髓:1.000000,萌芽:0.033456 | 角色:0.017529 | 源泉:0.010726
47,67,0.2888815626772689,-0.003910667689784717,0.4925373134328358,哲学 | 儒学 | 宗教 | 儒家 | 文学 | 伦理 | 学术 | 道德 | 佛教 | 思想 | 国学 | 基督教,办学 | 意识 | 商贾 | 方言 | 文学 | 课题 | 知识 | 主义,民族 | 学说 | 穆斯林 | 风气 | 法制 | 佛教 | 学科 | 文明 | 主义 | 学者 | 基督教 | 著作,哲学 | 儒学 | 宗教 | 儒家 | 文学 | 伦理 | 学术 | 道德 | 佛教 | 思想 | 国学 | 基督教 | 道教 | 观念 | 人文 | 文化 | 文人 | 学说 | 政治 | 学科 | 近代 | 理论 | 知识分子 | 学者 | 价值观 | 伊斯兰教 | 科学 | 主义 | 古代 | 启蒙 | 社会 | 文明 | 知识 | 西方 | 派别 | 民族 | 市场经济 | 教育 | 阶层 | 文艺界 | 当代 | 法制 | 著作 | 风气 | 天主教 | 实践 | 文献 | 事物 | 国情 | 穆斯林 | 体制 | 科研 | 意识 | 古今中外 | 地理 | 地域 | 天文 | 群体 | 方言 | 办学 | 华人 | 课题 | 民间 | 都市 | 商贾 | 园地 | 环境,67.61254575612355,0.9950661192839511,0.004379138522837454,宗教:1.000000 | 商贾:1.000000 | 风气:1.000000 | 佛教:1.000000 | 儒学:1.000000 | 道教:0.999999 | 人文:0.999999 | 地理:0.999999 | 基督教:0.999999 | 古代:0.999998 | 实践:0.999998 | 都市:0.999997,名著:0.178370 | 方方面面:0.165539 | 个体:0.123987 | 民主:0.103519 | 社会主义:0.073838 | 改革开放:0.044951 | 封建:0.035735 | 华侨:0.024651
48,38,0.32431590068938265,0.009436698263471748,0.5263157894736842,逃走 | 逃跑 | 躲藏 | 躲避 | 营救 | 开枪 | 挟持 | 埋伏 | 呼救 | 搜查 | 脱身 | 阻拦,下山 | 戒备 | 打猎 | 不慎 | 骚扰 | 冲撞 | 开枪 | 守株待兔,周旋 | 同伙 | 伪装 | 躲避 | 阻拦 | 监视 | 包围 | 解救 | 解围 | 逃跑 | 躲藏 | 下山,逃走 | 逃跑 | 躲藏 | 躲避 | 营救 | 开枪 | 挟持 | 埋伏 | 呼救 | 搜查 | 脱身 | 阻拦 | 藏身 | 歹徒 | 乔装 | 掩护 | 解救 | 同伙 | 求救 | 监视 | 凶手 | 包围 | 骚扰 | 隐蔽 | 解围 | 伪装 | 偷窥 | 周旋 | 戒备 | 看管 | 冲撞 | 下落 | 打猎 | 下山 | 靠近 | 守株待兔 | 带路 | 不慎,37.93803288553056,0.9982220177398193,0.0016977548121427303,隐蔽:1.000000 | 求救:1.000000 | 逃跑:1.000000 | 呼救:1.000000 | 藏身:1.000000 | 骚扰:1.000000 | 逃走:1.000000 | 开枪:1.000000 | 监视:1.000000 | 伪装:1.000000 | 解围:0.999999 | 冲撞:0.999999,
49,115,0.24922161779789664,0.004573126797750168,0.4,企业 | 金融 | 产业 | 业务 | 行业 | 投资 | 市场 | 运营 | 互联网 | 品牌 | 零售 | 物流,节水 | 预售 | 分红 | 会员 | 收益 | 小康 | 社区 | 账户,主流 | 账户 | 联盟 | 集团 | 航天 | 房地产 | 国家 | 用户 | 会员 | 海外 | 经营 | 内地,企业 | 金融 | 产业 | 业务 | 行业 | 投资 | 市场 | 运营 | 互联网 | 品牌 | 零售 | 物流 | 销售 | 服务 | 产品 | 银行 | 公司 | 房地产 | 平台 | 贸易 | 商业 | 渠道 | 经营 | 资产 | 能源 | 服务业 | 信贷 | 科技 | 资本 | 并购 | 客户 | 工业 | 外资 | 医药 | 保险 | 厂商 | 海外 | 交易 | 合资 | 新兴 | 全球 | 巨头 | 资源 | 高新技术 | 消费者 | 外贸 | 管理 | 经济 | 增值 | 电信 | 境外 | 生态 | 集团 | 厂家 | 实体 | 环保 | 股东 | 用户 | 信用 | 网络 | 项目 | 股票 | 基金 | 跨国 | 机构 | 二手车 | 国际 | 配送 | 国内 | 理财 | 大宗 | 采购 | 节能 | 进出口 | 收益 | 本土 | 开发商 | 石油 | 商务 | 收购 | 规模 | 航空 | 传媒 | 中介 | 创业 | 财富 | 股份 | 共享 | 国家 | 低碳 | 价值 | 账户 | 中国 | 大众 | 牌照 | 社区 | 内地 | 分红 | 电讯 | 本地 | 招标 | 核能 | 预售 | 新 | 联盟 | 主流 | 节水 | 股民 | 平价 | 航天 | 开放 | 大陆 | 茅台 | 会员 | 小康,114.0519199146656,0.972305598071818,0.016752387464473408,价值:0.999997 | 本土:0.999996 | 巨头:0.999992 | 公司:0.999986 | 国际:0.999976 | 服务:0.999971 | 小康:0.999956 | 科技:0.999954 | 中国:0.999911 | 外资:0.999897 | 创业:0.999888 | 电信:0.999881,外汇:0.453972 | 余额:0.380049 | 权益:0.317663 | 芯片:0.083888 | 电力:0.061981 | 利润:0.061811 | 核心:0.052414 | 亿:0.047807
50,42,0.45455062641174326,0.08567732530996282,0.07142857142857142,焦躁 | 茫然 | 惊慌 | 慌张 | 绝望 | 恐惧 | 烦躁 | 慌乱 | 悲伤 | 疲倦 | 胆怯 | 不安,同情 | 冷漠 | 流泪 | 喘息 | 苏醒 | 醒悟 | 怜惜 | 虚弱,悲伤 | 漠然 | 怨恨 | 愤怒 | 疲惫 | 麻木 | 怜惜 | 发怒 | 慌张 | 畏缩 | 忧郁 | 疲倦,焦躁 | 茫然 | 惊慌 | 慌张 | 绝望 | 恐惧 | 烦躁 | 慌乱 | 悲伤 | 疲倦 | 胆怯 | 不安 | 愤怒 | 悔恨 | 焦急 | 痛苦 | 焦虑 | 怨恨 | 疲惫 | 心慌 | 自责 | 畏惧 | 惊慌失措 | 忧郁 | 烦闷 | 悲痛 | 畏缩 | 哭泣 | 怜惜 | 冷漠 | 漠然 | 麻木 | 发怒 | 沉默 | 虚弱 | 流泪 | 忍耐 | 醒悟 | 同情 | 清醒 | 苏醒 | 喘息,41.995886352898125,0.9996779804501379,0.0004647208544910777,愤怒:1.000000 | 畏惧:1.000000 | 苏醒:1.000000 | 疲倦:1.000000 | 漠然:1.000000 | 心慌:1.000000 | 冷漠:1.000000 | 惊慌:1.000000 | 慌乱:1.000000 | 哭泣:0.999999 | 忧郁:0.999999 | 怨恨:0.999999,
51,58,0.28791493683822844,-0.004374949363782428,0.5344827586206896,打败 | 摧毁 | 抵抗 | 消灭 | 毁灭 | 抛弃 | 压倒 | 抵挡 | 拯救 | 摆脱 | 挽救 | 征服,压迫 | 分裂 | 追赶 | 陷入 | 扮演 | 受到 | 剥夺 | 屈服,承受 | 抵抗 | 摆脱 | 牺牲 | 扫除 | 摧毁 | 靠拢 | 消灭 | 捍卫 | 支配 | 剥夺 | 瓜分,打败 | 摧毁 | 抵抗 | 消灭 | 毁灭 | 抛弃 | 压倒 | 抵挡 | 拯救 | 摆脱 | 挽救 | 征服 | 战胜 | 对抗 | 夺取 | 抵御 | 对付 | 抗衡 | 丧失 | 主宰 | 失去 | 捍卫 | 推翻 | 粉碎 | 压迫 | 遭受 | 收复 | 颠覆 | 剥夺 | 放弃 | 重创 | 挽回 | 屈服 | 束缚 | 脱离 | 俘获 | 瓜分 | 挑起 | 承受 | 遭到 | 激起 | 支配 | 追随 | 分裂 | 复活 | 牺牲 | 面对 | 陷入 | 扫除 | 争夺 | 追赶 | 卷入 | 伸张 | 埋没 | 受到 | 效仿 | 扮演 | 靠拢,58.19985735525282,0.9991751162646428,0.001028757529189471,拯救:1.000000 | 征服:1.000000 | 挽救:1.000000 | 战胜:1.000000 | 粉碎:1.000000 | 束缚:1.000000 | 打败:1.000000 | 抗衡:1.000000 | 抵挡:1.000000 | 复活:1.000000 | 卷入:1.000000 | 激起:1.000000,经受:0.102723 | 发动:0.036391 | 歼灭:0.023349
52,99,0.1864270282387256,-0.04365631517178389,0.8787878787878788,宝 | 九 | 五 | 德 | 七 | 六 | 三 | 四 | 八 | 融 | 利 | 通,卡 | 少林寺 | 越 | 有 | 主 | 太平 | 独 | 旭日,〇 | 远 | 格 | 二 | 百 | 团 | 融 | 盘 | 轮 | 电 | 创 | 七,宝 | 九 | 五 | 德 | 七 | 六 | 三 | 四 | 八 | 融 | 利 | 通 | 百 | 金 | 信 | 富 | 银 | 优 | 安 | 十 | 胜 | 格 | 汇 | 特 | 双 | 方 | 淘 | 洋 | 万 | 千 | 云 | 二 | 创 | 大 | 品 | 享 | 美 | 网 | 科 | 公 | 乐 | 业 | 平安 | 货 | 文 | 集 | 纯 | 险 | 小 | 盘 | 电 | 卡 | 轮 | 国 | 服 | 立方 | 广 | 太平 | 吉利 | 码 | 台 | 团 | 超 | 东方 | 宗 | 库 | 圈 | 碳 | 线 | 料 | 社 | 节 | 凤凰 | 条 | 长城 | 核 | 全 | 独 | 个 | 乙 | 主 | 第 | 越 | 远 | 世纪 | 局 | 号 | 成 | 度 | 旭日 | 桩 | 部 | 有 | 底 | 图 | 〇 | 出 | 少林寺 | 起,97.56165463609241,0.9724774429836597,0.017230066922691484,富:0.999996 | 底:0.999996 | 全:0.999989 | 利:0.999988 | 太平:0.999987 | 小:0.999969 | 货:0.999960 | 金:0.999952 | 千:0.999942 | 德:0.999941 | 胜:0.999925 | 集:0.999923,中:0.349195 | 两:0.112738 | 番:0.104742 | 章:0.062718 | 丙:0.044854 | 新:0.037804 | 上:0.035917 | 福:0.033005
53,48,0.3236892684964012,-0.03034100930122184,0.6041666666666666,居民楼 | 楼房 | 围墙 | 临街 | 人行道 | 屋顶 | 烟囱 | 马路 | 大楼 | 防盗门 | 幢 | 楼,角落 | 墙 | 池子 | 室 | 防盗门 | 横七竖八 | 水槽 | 温度计,电线 | 地下 | 临街 | 角落 | 栋 | 幢 | 大棚 | 马路 | 玻璃 | 路边 | 电灯 | 烟囱,居民楼 | 楼房 | 围墙 | 临街 | 人行道 | 屋顶 | 烟囱 | 马路 | 大楼 | 防盗门 | 幢 | 楼 | 水管 | 墙 | 路灯 | 栋 | 炉灶 | 草坪 | 空地 | 路面 | 工地 | 大厦 | 路边 | 电线 | 屋 | 电灯 | 街道 | 立交桥 | 大街 | 走廊 | 水槽 | 暖气 | 大棚 | 大门 | 地面 | 池子 | 仓库 | 水龙头 | 横七竖八 | 角落 | 地下 | 灰尘 | 玻璃 | 冷气 | 车间 | 室 | 层 | 温度计,47.95389211232795,0.9968523277505682,0.0027428699784758314,车间:1.000000 | 池子:1.000000 | 围墙:1.000000 | 暖气:1.000000 | 幢:1.000000 | 临街:1.000000 | 冷气:1.000000 | 楼房:1.000000 | 防盗门:1.000000 | 烟囱:1.000000 | 大厦:0.999999 | 栋:0.999999,阳台:0.031231 | 厅:0.023019 | 隧道:0.011494
54,64,0.28634614801549774,-0.02609306309537058,0.703125,钉 | 缝 | 锯 | 竖 | 凹 | 镶 | 斜 | 钩 | 弯 | 剪 | 罩 | 凸,曲 | 瓷 | 扇 | 拆 | 包 | 纱 | 铲 | 剪,焊 | 折 | 鼓 | 纱 | 扇 | 平 | 拴 | 包 | 斜 | 色 | 空 | 漆,钉 | 缝 | 锯 | 竖 | 凹 | 镶 | 斜 | 钩 | 弯 | 剪 | 罩 | 凸 | 绣 | 凿 | 拱 | 筒 | 横 | 雕 | 焊 | 弓 | 吊 | 圆 | 扁 | 拴 | 叠 | 扇 | 角 | 鼓 | 槽 | 盖 | 铺 | 铲 | 漆 | 叉 | 刻 | 尖 | 捆 | 尺 | 漏 | 截 | 织 | 弹 | 弦 | 遮 | 布 | 板 | 串 | 瓷 | 纱 | 印 | 寸 | 色 | 包 | 扣 | 车轴 | 三角 | 拆 | 折 | 卷 | 瓦 | 曲 | 墨 | 平 | 空,63.630494789394675,0.9913622674763799,0.0065300919601039625,绣:1.000000 | 刻:1.000000 | 钉:1.000000 | 漏:1.000000 | 竖:1.000000 | 漆:0.999998 | 雕:0.999998 | 捆:0.999998 | 鼓:0.999997 | 缝:0.999995 | 焊:0.999992 | 镶:0.999992,铁:0.037187 | 桶:0.016532 | 塞:0.016117 | 拾:0.011797 | 幅:0.011208
55,41,0.27940936707103836,-0.018026899481383838,0.6341463414634146,少见 | 瞩目 | 引人注目 | 司空见惯 | 轰动 | 家喻户晓 | 耳目一新 | 耳熟能详 | 记忆犹新 | 触目惊心 | 难得一见 | 罕见,震惊 | 着迷 | 没落 | 难以置信 | 默默无闻 | 记忆犹新 | 耳目一新 | 惊人,脱颖而出 | 一无所知 | 没落 | 难以想象 | 难以置信 | 面目全非 | 流行 | 耳熟能详 | 震惊 | 大同小异 | 寥寥无几 | 层出不穷,少见 | 瞩目 | 引人注目 | 司空见惯 | 轰动 | 家喻户晓 | 耳目一新 | 耳熟能详 | 记忆犹新 | 触目惊心 | 难得一见 | 罕见 | 举世瞩目 | 震惊 | 层出不穷 | 着迷 | 比比皆是 | 沸沸扬扬 | 流传 | 难以置信 | 难以想象 | 随处可见 | 盛行 | 惊人 | 前无古人 | 流行 | 翻天覆地 | 耳闻目睹 | 失传 | 默默无闻 | 划时代 | 不为人知 | 大同小异 | 一无所知 | 寥寥无几 | 兴起 | 面目全非 | 类似 | 问世 | 脱颖而出 | 没落,41.037000611609905,0.99855199150176,0.0014441302206714749,盛行:1.000000 | 失传:1.000000 | 层出不穷:1.000000 | 比比皆是:1.000000 | 司空见惯:1.000000 | 流传:1.000000 | 耳闻目睹:1.000000 | 罕见:1.000000 | 着迷:1.000000 | 瞩目:1.000000 | 问世:1.000000 | 惊人:1.000000,众多:0.034670 | 不堪:0.017761 | 遍布:0.011215
56,52,0.3713980057300686,0.06547455905295038,0.11538461538461539,出游 | 郊游 | 假期 | 假日 | 春节 | 游玩 | 佳节 | 中秋节 | 节日 | 端午节 | 野餐 | 元宵节,品尝 | 午餐 | 喜酒 | 晚餐 | 景点 | 燃放 | 旅途 | 去处,午餐 | 燃放 | 欢聚 | 过节 | 游 | 节假日 | 购物 | 圣诞节 | 年夜饭 | 约会 | 野炊 | 新年,出游 | 郊游 | 假期 | 假日 | 春节 | 游玩 | 佳节 | 中秋节 | 节日 | 端午节 | 野餐 | 元宵节 | 清明节 | 长假 | 过节 | 圣诞节 | 度假 | 除夕 | 年夜饭 | 避暑 | 聚会 | 旅游 | 节假日 | 晚餐 | 游览 | 用餐 | 新年 | 旅行 | 周末 | 野炊 | 午餐 | 庙会 | 扫墓 | 就餐 | 购物 | 蜜月 | 休闲 | 团聚 | 暑期 | 约会 | 观光 | 旅途 | 出行 | 吃喝玩乐 | 欢聚 | 景点 | 游 | 品尝 | 相约 | 去处 | 喜酒 | 燃放,52.228827914600956,0.9996277293684075,0.0004741242019881029,晚餐:1.000000 | 去处:1.000000 | 度假:1.000000 | 出游:1.000000 | 休闲:1.000000 | 游玩:1.000000 | 品尝:1.000000 | 欢聚:1.000000 | 佳节:1.000000 | 观光:1.000000 | 喜酒:1.000000 | 旅行:1.000000,团圆:0.080584 | 客流:0.079154 | 嘉年华:0.040392 | 元旦:0.021776 | 国庆:0.011755
57,40,0.3209723762156744,0.03619432157579584,0.275,诈骗 | 违法 | 欺诈 | 涉嫌 | 假冒 | 犯罪 | 违规 | 造假 | 作弊 | 虚假 | 侵权 | 盗版,救济 | 特权 | 强制 | 私有 | 倾销 | 取缔 | 虚构 | 受骗,黑客 | 团伙 | 特权 | 造假 | 违规 | 罪 | 违法 | 盗版 | 内幕 | 集资 | 丑闻 | 诈骗,诈骗 | 违法 | 欺诈 | 涉嫌 | 假冒 | 犯罪 | 违规 | 造假 | 作弊 | 虚假 | 侵权 | 盗版 | 恶意 | 内幕 | 查处 | 弄虚作假 | 团伙 | 泄密 | 触犯 | 违反 | 抄袭 | 罪 | 泄露 | 赌博 | 编造 | 集资 | 暴利 | 丑闻 | 垄断 | 毒品 | 黑客 | 受骗 | 倾销 | 虚构 | 合法 | 取缔 | 特权 | 强制 | 私有 | 救济,40.05670742957827,0.9975586996909124,0.0025706008508361205,虚假:1.000000 | 抄袭:1.000000 | 盗版:1.000000 | 泄露:1.000000 | 垄断:0.999999 | 受骗:0.999999 | 合法:0.999999 | 倾销:0.999999 | 私有:0.999998 | 欺诈:0.999998 | 编造:0.999998 | 泄密:0.999997,逃避:0.137614
58,74,0.26223077794385574,-0.014159034016484724,0.6351351351351351,机遇 | 根基 | 举措 | 契机 | 重任 | 使命 | 理念 | 成效 | 步伐 | 突破口 | 活力 | 影响力,经验 | 与时俱进 | 下功夫 | 潜能 | 抱负 | 声望 | 前沿 | 实力,共同体 | 重任 | 互信 | 难题 | 积极性 | 后盾 | 考验 | 启示 | 抱负 | 声望 | 变革 | 根基,机遇 | 根基 | 举措 | 契机 | 重任 | 使命 | 理念 | 成效 | 步伐 | 突破口 | 活力 | 影响力 | 出路 | 成果 | 作用 | 纽带 | 缩影 | 难题 | 源泉 | 共识 | 实力 | 困境 | 信心 | 构想 | 变革 | 宗旨 | 重中之重 | 积极性 | 启示 | 软实力 | 进程 | 地位 | 进步 | 后盾 | 抱负 | 载体 | 大局 | 挑战 | 成就 | 生命线 | 支柱 | 声誉 | 潜能 | 经验 | 当务之急 | 迈进 | 信誉 | 互信 | 战略 | 建树 | 动力 | 难关 | 后顾之忧 | 方方面面 | 担当 | 双赢 | 呼声 | 与时俱进 | 前途 | 力度 | 共同体 | 飞跃 | 下功夫 | 声望 | 伙伴 | 设想 | 考验 | 先锋 | 智慧 | 行列 | 人才 | 前沿 | 铺路 | 权威,74.0516885902856,0.9930489005832686,0.0058713229826756015,突破口:1.000000 | 积极性:0.999999 | 机遇:0.999998 | 难关:0.999998 | 后顾之忧:0.999998 | 重任:0.999997 | 使命:0.999995 | 成果:0.999994 | 纽带:0.999994 | 铺路:0.999994 | 软实力:0.999991 | 契机:0.999988,瓶颈:0.206490 | 典范:0.098823 | 责任感:0.056806 | 动向:0.032892 | 难点:0.026342 | 导向:0.011069 | 潜力:0.010839
59,82,0.30415894864264803,-0.0012047265757658885,0.5609756097560976,餐馆 | 饭馆 | 饭店 | 餐厅 | 旅馆 | 商场 | 酒楼 | 酒吧 | 旅店 | 宾馆 | 超市 | 酒店,厨房 | 餐桌 | 地下室 | 空调 | 医疗 | 房东 | 游客 | 游船,诊所 | 夜市 | 动物园 | 地方 | 商场 | 家政 | 食堂 | 小贩 | 私人 | 床位 | 医院 | 取款机,餐馆 | 饭馆 | 饭店 | 餐厅 | 旅馆 | 商场 | 酒楼 | 酒吧 | 旅店 | 宾馆 | 超市 | 酒店 | 舞厅 | 商店 | 书店 | 药店 | 网吧 | 菜市场 | 电影院 | 客房 | 夜总会 | 连锁店 | 餐饮 | 报亭 | 诊所 | 食堂 | 店 | 服务员 | 便利店 | 专卖店 | 游泳池 | 医院 | 夜市 | 五星级 | 厨房 | 写字楼 | 幼儿园 | 邮局 | 公共场所 | 连锁 | 顾客 | 图书馆 | 百货 | 家政 | 商贩 | 小贩 | 售货员 | 取款机 | 游船 | 别墅 | 地下室 | 动物园 | 客人 | 场所 | 清洁工 | 房东 | 街头 | 导游 | 餐桌 | 床位 | 装修 | 露天 | 商城 | 监狱 | 校园 | 游客 | 市民 | 电器 | 家电 | 外企 | 热水器 | 城市 | 户外 | 私人 | 新房 | 家 | 空调 | 垃圾 | 人群 | 医疗 | 地方 | 外国,81.81830196117592,0.9898775026001038,0.005997320174720561,酒楼:1.000000 | 旅馆:1.000000 | 饭店:1.000000 | 饭馆:1.000000 | 旅店:1.000000 | 餐厅:1.000000 | 酒吧:1.000000 | 餐馆:1.000000 | 书店:1.000000 | 夜总会:1.000000 | 商贩:1.000000 | 食堂:1.000000,公寓:0.171166 | 快递:0.067354 | 消费者:0.060644 | 专柜:0.049752 | 员工:0.042086 | 俱乐部:0.034918 | 大陆:0.020854 | 二手车:0.020288
60,34,0.3508880142848026,0.04409241617033511,0.14705882352941177,生硬 | 荒诞 | 粗糙 | 荒谬 | 似是而非 | 枯燥 | 单调 | 冗长 | 拙劣 | 模糊 | 杂乱无章 | 片面,拙劣 | 荒谬 | 荒诞 | 尖锐 | 刺耳 | 扭曲 | 无关紧要 | 夸张,枯燥 | 片面 | 单薄 | 画蛇添足 | 颠倒 | 堆砌 | 粗糙 | 拙劣 | 笼统 | 模糊 | 荒诞 | 自相矛盾,生硬 | 荒诞 | 粗糙 | 荒谬 | 似是而非 | 枯燥 | 单调 | 冗长 | 拙劣 | 模糊 | 杂乱无章 | 片面 | 潦草 | 陈旧 | 自相矛盾 | 夸张 | 含糊 | 笼统 | 抽象 | 堆砌 | 刺耳 | 单薄 | 雷同 | 过时 | 画蛇添足 | 扭曲 | 一成不变 | 残缺 | 重复 | 颠倒 | 无关紧要 | 尖锐 | 刻舟求剑 | 约定俗成,33.995972689045956,0.9995929864176755,0.0005500889659120315,潦草:1.000000 | 模糊:1.000000 | 枯燥:1.000000 | 残缺:1.000000 | 自相矛盾:1.000000 | 颠倒:1.000000 | 单调:1.000000 | 生硬:1.000000 | 笼统:1.000000 | 单薄:1.000000 | 冗长:1.000000 | 杂乱无章:1.000000,
61,22,0.31786415192340456,0.006251578804666488,0.5,热闹 | 红火 | 张灯结彩 | 喜庆 | 兴旺 | 欢声笑语 | 欣欣向荣 | 忙碌 | 喜洋洋 | 不亦乐乎 | 爆满 | 分外,浓厚 | 丰盛 | 风光 | 隆重 | 格外 | 久违 | 忙碌 | 分外,浓厚 | 忙碌 | 欣欣向荣 | 爆满 | 格外 | 喜庆 | 张灯结彩 | 喜洋洋 | 火热 | 红火 | 络绎不绝 | 丰盛,热闹 | 红火 | 张灯结彩 | 喜庆 | 兴旺 | 欢声笑语 | 欣欣向荣 | 忙碌 | 喜洋洋 | 不亦乐乎 | 爆满 | 分外 | 有声有色 | 火热 | 隆重 | 丰盛 | 络绎不绝 | 格外 | 开张 | 浓厚 | 风光 | 久违,21.999971350627465,0.9999983611188352,3.6596664678905165e-6,热闹:1.000000 | 隆重:1.000000 | 张灯结彩:1.000000 | 忙碌:1.000000 | 红火:1.000000 | 开张:1.000000 | 喜洋洋:1.000000 | 欢声笑语:1.000000 | 丰盛:1.000000 | 兴旺:1.000000 | 络绎不绝:1.000000 | 欣欣向荣:1.000000,
62,62,0.3220456458446223,0.046026723638476846,0.20967741935483872,驳回 | 起诉 | 判决 | 裁决 | 上诉 | 裁定 | 撤销 | 控告 | 判处 | 辞退 | 拘留 | 处罚,贪污 | 受贿 | 派遣 | 隐瞒 | 警告 | 拖延 | 无故 | 生效,驳回 | 惩处 | 罚款 | 原告 | 冻结 | 纠纷 | 撤换 | 取消 | 和解 | 控告 | 处分 | 裁定,驳回 | 起诉 | 判决 | 裁决 | 上诉 | 裁定 | 撤销 | 控告 | 判处 | 辞退 | 拘留 | 处罚 | 诉讼 | 罢免 | 赔偿 | 免职 | 处分 | 吊销 | 罚款 | 解雇 | 开除 | 被告 | 中止 | 惩处 | 撤换 | 拖欠 | 原告 | 索赔 | 否决 | 解散 | 追究 | 冻结 | 终止 | 不予 | 案件 | 停业 | 解除 | 免除 | 受贿 | 取消 | 归还 | 违约 | 退回 | 纠纷 | 废除 | 破产 | 延期 | 逾期 | 暂停 | 拖延 | 和解 | 贪污 | 收回 | 生效 | 警告 | 无故 | 隐瞒 | 移交 | 准许 | 推迟 | 派遣 | 管辖,61.95207158318728,0.9978292134738922,0.002315721842196039,无故:1.000000 | 起诉:1.000000 | 延期:1.000000 | 判处:1.000000 | 解雇:1.000000 | 否决:1.000000 | 推迟:1.000000 | 辞退:0.999999 | 拖欠:0.999999 | 免除:0.999999 | 罢免:0.999999 | 驳回:0.999999,法院:0.033104
63,42,0.34208850224714127,0.038621465177278665,0.16666666666666666,屠杀 | 袭击 | 杀害 | 逮捕 | 暗杀 | 歼灭 | 攻击 | 武装 | 敌人 | 示威 | 进攻 | 轰炸,制服 | 抗议 | 冒险 | 伙 | 防守 | 劫持 | 通缉 | 逃亡,核武器 | 驱逐 | 对峙 | 投降 | 屠杀 | 劫持 | 骚乱 | 制服 | 间谍 | 海盗 | 示威 | 通缉,屠杀 | 袭击 | 杀害 | 逮捕 | 暗杀 | 歼灭 | 攻击 | 武装 | 敌人 | 示威 | 进攻 | 轰炸 | 骚乱 | 劫持 | 入侵 | 俘虏 | 土匪 | 逃亡 | 被捕 | 哗变 | 强盗 | 武力 | 反击 | 投降 | 人质 | 封锁 | 驱逐 | 自卫 | 搏斗 | 间谍 | 抗议 | 通缉 | 海盗 | 发动 | 对峙 | 出动 | 罢工 | 核武器 | 制服 | 冒险 | 防守 | 伙,41.96720761160205,0.99821142097669,0.001683736205144355,骚乱:1.000000 | 示威:1.000000 | 哗变:1.000000 | 搏斗:1.000000 | 抗议:1.000000 | 轰炸:1.000000 | 被捕:1.000000 | 袭击:1.000000 | 自卫:1.000000 | 冒险:1.000000 | 逃亡:1.000000 | 武装:1.000000,侵略:0.013621
64,50,0.3498504250711131,0.046491417909076,0.32,蔬菜 | 饲料 | 粮食 | 小麦 | 水产品 | 玉米 | 棉花 | 肥料 | 大米 | 茶叶 | 化肥 | 农产品,纯净水 | 葡萄 | 煤气 | 抗生素 | 面粉 | 白酒 | 疫苗 | 奶粉,作物 | 面粉 | 制品 | 铅 | 肥料 | 木材 | 淀粉 | 化肥 | 煤气 | 药材 | 奶粉 | 棉,蔬菜 | 饲料 | 粮食 | 小麦 | 水产品 | 玉米 | 棉花 | 肥料 | 大米 | 茶叶 | 化肥 | 农产品 | 面粉 | 作物 | 水稻 | 豆制品 | 农作物 | 家禽 | 淀粉 | 乳制品 | 食品 | 药材 | 木材 | 牲畜 | 养殖 | 果树 | 奶牛 | 药品 | 葡萄 | 中药 | 棉 | 原料 | 奶粉 | 抗生素 | 制品 | 饮用水 | 疫苗 | 纯净水 | 煤 | 药 | 白酒 | 种子 | 铅 | 苗 | 自来水 | 铝 | 铜 | 钢 | 废物 | 煤气,49.99640361007,0.9970211111407888,0.0027905582837685653,肥料:1.000000 | 粮食:1.000000 | 水稻:1.000000 | 棉花:1.000000 | 木材:1.000000 | 药品:1.000000 | 小麦:1.000000 | 化肥:1.000000 | 饲料:1.000000 | 药材:1.000000 | 白酒:1.000000 | 原料:1.000000,医疗:0.021748 | 燃气:0.016451 | 桶:0.013378 | 毫升:0.011974 | 汽油:0.010292
65,36,0.36332164496942165,0.09824411044763337,0.16666666666666666,墓 | 遗址 | 宫殿 | 墓地 | 古迹 | 庙 | 纪念碑 | 寺庙 | 坟墓 | 公墓 | 墓碑 | 碑,河畔 | 山川 | 幅 | 岛屿 | 地名 | 建筑物 | 四合院 | 座,座 | 寺庙 | 公墓 | 烈士 | 纪念馆 | 寺 | 矿藏 | 出土 | 墓 | 皇宫 | 遗址 | 教堂,墓 | 遗址 | 宫殿 | 墓地 | 古迹 | 庙 | 纪念碑 | 寺庙 | 坟墓 | 公墓 | 墓碑 | 碑 | 教堂 | 纪念馆 | 坟 | 遗物 | 博物馆 | 清真寺 | 壁画 | 名胜 | 建筑物 | 文物 | 寺 | 皇宫 | 出土 | 烈士 | 四合院 | 坐落 | 地名 | 岛屿 | 国徽 | 座 | 矿藏 | 山川 | 河畔 | 幅,35.978233797106334,0.9989346440882083,0.0011733122176027884,坟:1.000000 | 坟墓:1.000000 | 墓碑:1.000000 | 碑:1.000000 | 古迹:1.000000 | 坐落:1.000000 | 遗物:1.000000 | 遗址:1.000000 | 公墓:1.000000 | 宫殿:1.000000 | 墓地:1.000000 | 寺庙:1.000000,
66,50,0.29696780808635703,0.027822066848692532,0.36,下跌 | 回落 | 回升 | 上涨 | 下降 | 攀升 | 飙升 | 低迷 | 上升 | 贬值 | 反弹 | 升值,损失 | 滞后 | 退出 | 观望 | 雪上加霜 | 出局 | 不足 | 倒闭,淘汰 | 不景气 | 回升 | 上升 | 观望 | 不足 | 波动 | 高涨 | 物价 | 好转 | 损失 | 下降,下跌 | 回落 | 回升 | 上涨 | 下降 | 攀升 | 飙升 | 低迷 | 上升 | 贬值 | 反弹 | 升值 | 不景气 | 缩水 | 波动 | 高涨 | 下调 | 亏损 | 好转 | 过剩 | 涨价 | 短缺 | 降价 | 拖累 | 低谷 | 萧条 | 徘徊 | 供不应求 | 赤字 | 调整 | 紧缺 | 翻番 | 顺差 | 压力 | 不足 | 倒闭 | 失业率 | 损失 | 滞后 | 雪上加霜 | 出局 | 物价 | 观望 | 透支 | 逼近 | 了结 | 垫底 | 淘汰 | 止步 | 退出,50.013297851127035,0.9978015696916515,0.0023157722403657063,缩水:1.000000 | 贬值:1.000000 | 损失:1.000000 | 紧缺:1.000000 | 供不应求:1.000000 | 不景气:1.000000 | 飙升:0.999999 | 短缺:0.999998 | 亏损:0.999998 | 了结:0.999998 | 拖累:0.999998 | 观望:0.999998,破产:0.038779 | 上调:0.034281 | 汇率:0.010587
67,52,0.3240201758585241,0.04740805272380521,0.1346153846153846,屏幕 | 按键 | 相机 | 电脑 | 鼠标 | 摄像机 | 硬盘 | 键盘 | 耳机 | 打印机 | 显示器 | 音响,手势 | 标签 | 方向盘 | 密码 | 望远镜 | 打印 | 指南针 | 秒,网页 | 屏幕 | 磁带 | 光盘 | 显示器 | 耳机 | 标签 | 硬盘 | 摄像 | 电视 | 音响 | 手机,屏幕 | 按键 | 相机 | 电脑 | 鼠标 | 摄像机 | 硬盘 | 键盘 | 耳机 | 打印机 | 显示器 | 音响 | 磁盘 | 手机 | 摄像 | 磁带 | 音量 | 录音 | 闹钟 | 浏览器 | 关机 | 光盘 | 开关 | 铃声 | 语音 | 光碟 | 胶片 | 镜头 | 电视 | 拍照 | 录像 | 游戏机 | 键 | 焦距 | 菜单 | 照相 | 手势 | 方向盘 | 开机 | 日历 | 打印 | 天线 | 计时 | 手动 | 网页 | 密码 | 望远镜 | 地图 | 口令 | 指南针 | 标签 | 秒,51.28318765194855,0.9849677139322949,0.009195433519342766,铃声:1.000000 | 口令:1.000000 | 手势:1.000000 | 闹钟:1.000000 | 镜头:1.000000 | 拍照:0.999999 | 照相:0.999999 | 音量:0.999998 | 关机:0.999998 | 摄像:0.999995 | 手机:0.999993 | 密码:0.999993,液晶:0.018551 | 计算机:0.010137
68,51,0.3350848993110153,-0.02454059920013088,0.7254901960784313,疲惫不堪 | 消沉 | 精疲力竭 | 狼狈 | 灰心 | 走投无路 | 气馁 | 悲惨 | 挣扎 | 不堪 | 崩溃 | 窘迫,忙乱 | 泄气 | 不平 | 消沉 | 窘迫 | 挣扎 | 吃力 | 空虚,折磨 | 无力 | 振作 | 惨重 | 沉重 | 挫折 | 动摇 | 崩溃 | 挨打 | 无所作为 | 失败 | 后退,疲惫不堪 | 消沉 | 精疲力竭 | 狼狈 | 灰心 | 走投无路 | 气馁 | 悲惨 | 挣扎 | 不堪 | 崩溃 | 窘迫 | 挨打 | 忍饥挨饿 | 退缩 | 无能为力 | 泄气 | 空虚 | 受苦 | 惨重 | 力不从心 | 一事无成 | 惨痛 | 无所事事 | 任人宰割 | 耻辱 | 提心吊胆 | 一无所有 | 无力 | 挫折 | 折磨 | 无所作为 | 振作 | 一筹莫展 | 吃力 | 忍受 | 失败 | 死心 | 沉重 | 忙乱 | 退却 | 身不由己 | 摇摇欲坠 | 倾家荡产 | 倒下 | 后退 | 流血 | 灭亡 | 动摇 | 罢休 | 不平,51.006160615746,0.9986819909757831,0.001588602106674531,受苦:1.000000 | 无所事事:1.000000 | 摇摇欲坠:1.000000 | 振作:1.000000 | 折磨:1.000000 | 气馁:1.000000 | 狼狈:1.000000 | 倒下:0.999999 | 一无所有:0.999998 | 忙乱:0.999998 | 泄气:0.999998 | 挫折:0.999998,动弹:0.052700
69,29,0.38507965949625134,0.09214583804179947,0.06896551724137931,奋勇 | 奋力 | 拼搏 | 齐心协力 | 勇往直前 | 顽强 | 全力以赴 | 不懈 | 坚持不懈 | 竭尽全力 | 英勇 | 努力,鼓舞 | 毅然 | 一心一意 | 朝气蓬勃 | 竭尽全力 | 努力 | 第一线 | 带领,争分夺秒 | 朝气蓬勃 | 带领 | 奋斗 | 决心 | 坚持不懈 | 投身 | 一鼓作气 | 拼搏 | 众志成城 | 一心一意 | 第一线,奋勇 | 奋力 | 拼搏 | 齐心协力 | 勇往直前 | 顽强 | 全力以赴 | 不懈 | 坚持不懈 | 竭尽全力 | 英勇 | 努力 | 奋斗 | 斗志 | 一心一意 | 发愤图强 | 争分夺秒 | 夜以继日 | 前赴后继 | 决心 | 勇于 | 众志成城 | 一鼓作气 | 朝气蓬勃 | 投身 | 毅然 | 鼓舞 | 带领 | 第一线,28.97458938399442,0.9990593611862488,0.0009593045109508118,奋勇:1.000000 | 朝气蓬勃:1.000000 | 奋力:1.000000 | 拼搏:1.000000 | 顽强:1.000000 | 奋斗:1.000000 | 鼓舞:1.000000 | 争分夺秒:1.000000 | 一鼓作气:1.000000 | 决心:1.000000 | 斗志:1.000000 | 勇往直前:1.000000,
70,60,0.33758004731573743,0.04795846112573019,0.21666666666666667,拜访 | 拜会 | 接见 | 探望 | 看望 | 拜见 | 应邀 | 参观 | 陪同 | 专程 | 会见 | 前往,颁奖 | 致敬 | 留念 | 庆贺 | 追悼会 | 报名 | 祝贺 | 领队,参观 | 主持 | 庆贺 | 会面 | 邀请 | 率领 | 作客 | 邀 | 动身 | 瞻仰 | 赶往 | 悼念,拜访 | 拜会 | 接见 | 探望 | 看望 | 拜见 | 应邀 | 参观 | 陪同 | 专程 | 会见 | 前往 | 送行 | 慰问 | 前来 | 邀请 | 赶赴 | 访问 | 视察 | 来访 | 瞻仰 | 赶往 | 出访 | 会面 | 起程 | 赴 | 招待 | 送别 | 动身 | 光临 | 问候 | 祝贺 | 奔赴 | 带队 | 赶到 | 做客 | 贵宾 | 率领 | 邀 | 交谈 | 作客 | 采访 | 见面 | 就座 | 合影 | 接待 | 追悼会 | 召集 | 悼念 | 报到 | 派出 | 颁奖 | 来宾 | 庆贺 | 留念 | 致敬 | 主持 | 领队 | 宣誓 | 报名,60.02036924573056,0.9990971591689563,0.0010792020046169408,留念:1.000000 | 探望:1.000000 | 参观:1.000000 | 赴:1.000000 | 拜会:1.000000 | 赶往:1.000000 | 看望:1.000000 | 慰问:1.000000 | 拜见:1.000000 | 光临:1.000000 | 派出:1.000000 | 接见:1.000000,拜年:0.023060 | 代表团:0.020059 | 嘉宾:0.010745
71,77,0.28370413554809737,0.02191265697119837,0.38961038961038963,北部 | 南部 | 沿岸 | 河 | 湖 | 海岸 | 东南 | 东部 | 西 | 平原 | 山 | 西南,厅 | 塔 | 堂 | 内外 | 坡 | 窑 | 水域 | 果园,北 | 运河 | 筑 | 坡 | 海 | 地区 | 园林 | 河 | 北部 | 港 | 首府 | 水域,北部 | 南部 | 沿岸 | 河 | 湖 | 海岸 | 东南 | 东部 | 西 | 平原 | 山 | 西南 | 西北 | 南 | 北 | 岛 | 西部 | 岸 | 中部 | 沿海 | 半岛 | 东 | 沟 | 运河 | 流域 | 海湾 | 坝 | 堤 | 桥 | 城 | 村 | 滨海 | 乡 | 水库 | 屯 | 江 | 花园 | 交界 | 镇 | 园 | 海域 | 街 | 县 | 东北 | 水域 | 海峡 | 海 | 地区 | 坡 | 南北 | 首府 | 大道 | 一带 | 田 | 庄园 | 北方 | 泉 | 农场 | 牧场 | 果园 | 市 | 港 | 塔 | 位于 | 井 | 南方 | 绿地 | 园林 | 环 | 窑 | 全长 | 堂 | 院 | 筑 | 厅 | 中央 | 内外,77.06175844456695,0.9954730024165529,0.003941030407796559,北方:1.000000 | 乡:1.000000 | 北:1.000000 | 南:1.000000 | 岸:1.000000 | 园:1.000000 | 海湾:1.000000 | 半岛:1.000000 | 西:1.000000 | 堤:0.999999 | 河:0.999999 | 坝:0.999999,安:0.265343 | 社:0.075763 | 室:0.019470 | 寺:0.015843 | 港口:0.012473
72,49,0.24964686036695297,-0.010332569208032272,0.6122448979591837,赔 | 减 | 缴 | 跌 | 收 | 降 | 亏 | 退 | 涨 | 交 | 补 | 付,判 | 涨 | 签 | 跌 | 告 | 耗 | 担 | 损,赔 | 限 | 续 | 销 | 管 | 判 | 领 | 增 | 废 | 报 | 罚 | 持,赔 | 减 | 缴 | 跌 | 收 | 降 | 亏 | 退 | 涨 | 交 | 补 | 付 | 存 | 罚 | 保 | 增 | 输 | 判 | 赎 | 销 | 领 | 续 | 欠 | 赢 | 认 | 升 | 定 | 撤 | 损 | 押 | 耗 | 扩 | 租 | 免 | 投 | 告 | 限 | 报 | 签 | 筹 | 证 | 管 | 负 | 废 | 止 | 担 | 持 | 计 | 归,49.15203564225811,0.9988376887958647,0.0012498709932475026,涨:1.000000 | 跌:1.000000 | 赎:1.000000 | 减:1.000000 | 赔:1.000000 | 欠:1.000000 | 亏:1.000000 | 缴:1.000000 | 罚:1.000000 | 告:1.000000 | 存:1.000000 | 押:1.000000,改:0.094171 | 核:0.059671 | 创:0.011055
73,74,0.4209744683744753,0.013819813393128983,0.35135135135135137,诧异 | 气愤 | 羞愧 | 惊讶 | 吃惊 | 沮丧 | 惊诧 | 心疼 | 惋惜 | 惭愧 | 疑惑 | 叹气,惊讶 | 沮丧 | 愣 | 惊诧 | 害怕 | 无精打采 | 感到 | 怨气,大吃一惊 | 遗憾 | 恍然大悟 | 尴尬 | 万分 | 生气 | 后悔 | 感到 | 心酸 | 抱歉 | 沮丧 | 厌烦,诧异 | 气愤 | 羞愧 | 惊讶 | 吃惊 | 沮丧 | 惊诧 | 心疼 | 惋惜 | 惭愧 | 疑惑 | 叹气 | 难过 | 不解 | 苦笑 | 难为情 | 哭笑不得 | 生气 | 痛心 | 为难 | 难堪 | 失望 | 苦恼 | 不服气 | 不耐烦 | 难受 | 厌烦 | 无奈 | 委屈 | 纳闷儿 | 着急 | 摇头 | 愁眉苦脸 | 无可奈何 | 害怕 | 迷惑不解 | 垂头丧气 | 恍然大悟 | 心酸 | 后悔 | 目瞪口呆 | 尴尬 | 过意不去 | 迟疑 | 犹豫 | 大吃一惊 | 冷笑 | 不好意思 | 歉意 | 半信半疑 | 不以为然 | 遗憾 | 抱歉 | 无话可说 | 感到 | 担心 | 庆幸 | 面红耳赤 | 大惊小怪 | 犹豫不决 | 愣 | 心急如焚 | 受不了 | 怨言 | 无精打采 | 怨气 | 莫名其妙 | 说道 | 思前想后 | 对不起 | 措手不及 | 脱口而出 | 意料 | 万分,74.00465569614288,0.9987573959380008,0.0011705694209184123,哭笑不得:1.000000 | 吃惊:1.000000 | 诧异:1.000000 | 惊诧:1.000000 | 惊讶:1.000000 | 纳闷儿:1.000000 | 迷惑不解:1.000000 | 心疼:1.000000 | 歉意:1.000000 | 痛心:1.000000 | 尴尬:1.000000 | 怨言:1.000000,点头:0.051302 | 意料之外:0.014501
74,66,0.24726893457305382,-0.044038469404991905,0.8787878787878788,那些 | 它 | 它们 | 这些 | 当成 | 当作 | 统统 | 真正 | 普通人 | 有没有 | 人们 | 看成,不如说 | 小看 | 更 | 处处 | 想象 | 算是 | 自然 | 至于,所谓 | 用 | 常 | 可以 | 千万 | 永远 | 人们 | 一些 | 抛开 | 单纯 | 有朝一日 | 形形色色,那些 | 它 | 它们 | 这些 | 当成 | 当作 | 统统 | 真正 | 普通人 | 有没有 | 人们 | 看成 | 所谓 | 谈不上 | 纯粹 | 可以 | 一样 | 我们 | 不论 | 永远 | 不如说 | 像 | 无论 | 一些 | 之类 | 至于 | 什么样 | 不妨 | 抛开 | 都会 | 算是 | 各种 | 变成 | 能够 | 单纯 | 通通 | 古人 | 哪些 | 看作 | 更 | 如何 | 才能 | 形形色色 | 诸如此类 | 用来 | 凡是 | 一定 | 叫作 | 将来 | 既 | 老百姓 | 看得见 | 比喻 | 用 | 种 | 有朝一日 | 自然 | 有的是 | 想象 | 小看 | 少不了 | 只 | 处处 | 千万 | 常 | 的,65.24698338988941,0.982872551541694,0.011942289216172448,它:1.000000 | 人们:1.000000 | 当成:1.000000 | 之类:1.000000 | 凡是:1.000000 | 当作:1.000000 | 它们:1.000000 | 用来:0.999999 | 统统:0.999999 | 通通:0.999998 | 将来:0.999997 | 看得见:0.999995,有:0.042256 | 能:0.028295 | 当:0.027935 | 是:0.020016 | 只要:0.019134 | 完全:0.018602 | 样:0.018484 | 特别:0.016392
75,54,0.45074507898475347,0.12359105651650341,0.05555555555555555,胳膊 | 手臂 | 脖子 | 肩膀 | 鼻子 | 嘴唇 | 手掌 | 脸颊 | 手指 | 嘴巴 | 舌头 | 腿,笛子 | 拐杖 | 绷带 | 鼻涕 | 杠铃 | 把手 | 手里 | 浑身,脸颊 | 手脚 | 手里 | 手掌 | 一头 | 鼻涕 | 指甲 | 使劲 | 两手 | 眼 | 舌头 | 肚子,胳膊 | 手臂 | 脖子 | 肩膀 | 鼻子 | 嘴唇 | 手掌 | 脸颊 | 手指 | 嘴巴 | 舌头 | 腿 | 脑袋 | 身子 | 眼睛 | 耳朵 | 手腕 | 胸膛 | 双手 | 喉咙 | 膝盖 | 眉毛 | 肚子 | 嘴 | 把手 | 腰 | 指头 | 头发 | 脸 | 脚 | 身躯 | 手脚 | 指甲 | 怀里 | 头顶 | 浑身 | 嗓子 | 用力 | 使劲 | 手 | 肩 | 鼻涕 | 两手 | 眼 | 头 | 绷带 | 胡子 | 身上 | 拐杖 | 鲜血 | 手里 | 杠铃 | 一头 | 笛子,54.03086533002085,0.9997575431111179,0.0003341585934158948,身躯:1.000000 | 胳膊:1.000000 | 身子:1.000000 | 手臂:1.000000 | 双手:1.000000 | 鼻子:1.000000 | 手脚:1.000000 | 手掌:1.000000 | 肩膀:1.000000 | 胸膛:1.000000 | 嘴唇:1.000000 | 舌头:1.000000,弓:0.033461
76,46,0.32458966382050003,-0.00440533179877334,0.5434782608695652,刻苦 | 兢兢业业 | 勤奋 | 虚心 | 钻研 | 吃苦 | 用心 | 用功 | 认真 | 苦心 | 毅力 | 踏实,安心 | 充实 | 诚心诚意 | 踏实 | 力气 | 繁重 | 锻炼 | 动手,刻苦 | 不耻下问 | 虚心 | 懂得 | 踏实 | 苦心 | 精力 | 耐心 | 学会 | 善于 | 废寝忘食 | 全心全意,刻苦 | 兢兢业业 | 勤奋 | 虚心 | 钻研 | 吃苦 | 用心 | 用功 | 认真 | 苦心 | 毅力 | 踏实 | 废寝忘食 | 全心全意 | 苦练 | 专心 | 精益求精 | 诚心诚意 | 持之以恒 | 辛苦 | 艰苦 | 不耻下问 | 精打细算 | 以身作则 | 耐心 | 懂得 | 自觉 | 顾全大局 | 善于 | 精力 | 操劳 | 实事求是 | 节衣缩食 | 端正 | 安心 | 养成 | 力气 | 锻炼 | 着想 | 有的放矢 | 动手 | 力所能及 | 繁重 | 多劳多得 | 学会 | 充实,45.966670980419075,0.9989174362514891,0.0011687751664019197,苦练:1.000000 | 刻苦:1.000000 | 认真:1.000000 | 虚心:1.000000 | 踏实:1.000000 | 用功:1.000000 | 节衣缩食:1.000000 | 养成:1.000000 | 兢兢业业:1.000000 | 艰苦:1.000000 | 专心:1.000000 | 废寝忘食:1.000000,
77,55,0.26712861444888336,0.002885347943724022,0.5454545454545454,尽量 | 酌情 | 适当 | 及时 | 随意 | 应当 | 适时 | 自行 | 尽可能 | 随时 | 便于 | 严禁,习惯 | 私自 | 确保 | 配合 | 一概 | 采取 | 直接 | 建议,采取 | 随意 | 需 | 严禁 | 做到 | 尽可能 | 就近 | 优先 | 随时 | 直接 | 注意 | 私自,尽量 | 酌情 | 适当 | 及时 | 随意 | 应当 | 适时 | 自行 | 尽可能 | 随时 | 便于 | 严禁 | 须 | 应 | 务必 | 以便 | 定时 | 预先 | 一律 | 事先 | 允许 | 专人 | 随时随地 | 需要 | 妥善 | 擅自 | 注意 | 需 | 定期 | 私自 | 就近 | 加以 | 即可 | 确保 | 单独 | 就地 | 保证 | 无须 | 必需 | 任意 | 优先 | 采取 | 指定 | 做到 | 直接 | 专门 | 负责 | 相互 | 按 | 少量 | 建议 | 配合 | 日常 | 习惯 | 一概,55.141023201740644,0.9988889827250369,0.001259966615163458,一律:1.000000 | 酌情:1.000000 | 便于:1.000000 | 以便:1.000000 | 随意:1.000000 | 专人:1.000000 | 预先:1.000000 | 尽量:1.000000 | 定时:1.000000 | 私自:1.000000 | 专门:1.000000 | 任意:1.000000,互相:0.059832 | 等:0.037525 | 按照:0.029219 | 禁止:0.018499 | 必须:0.011219
78,93,0.3528050180671023,0.060047270532088706,0.16129032258064516,入学 | 高中 | 大学 | 研究生 | 初中 | 学校 | 毕业生 | 就读 | 学生 | 报考 | 补习 | 毕业,剧团 | 退休 | 辅导 | 考试 | 笔试 | 经商 | 打工 | 上学,从业 | 求职 | 考生 | 留学生 | 硕士 | 选拔 | 函授 | 参军 | 就读 | 班 | 学生 | 毕业生,入学 | 高中 | 大学 | 研究生 | 初中 | 学校 | 毕业生 | 就读 | 学生 | 报考 | 补习 | 毕业 | 本科 | 升学 | 中学 | 转学 | 小学 | 招生 | 学业 | 念书 | 退学 | 年级 | 教师 | 录取 | 求学 | 硕士 | 师范 | 进修 | 文凭 | 上学 | 考试 | 学年 | 学期 | 理科 | 招收 | 学位 | 读书 | 函授 | 留学 | 攻读 | 学时 | 补考 | 高考 | 工科 | 班级 | 师资 | 民办 | 在职 | 私立 | 补课 | 留学生 | 夜校 | 中小学 | 学历 | 文科 | 勤工俭学 | 应聘 | 学员 | 学分 | 中学生 | 考生 | 学院 | 面试 | 大学生 | 班 | 实习 | 笔试 | 求职 | 小学生 | 兼职 | 公立 | 学堂 | 出国 | 子弟 | 公务员 | 学艺 | 打工 | 社团 | 志愿 | 讲学 | 招聘 | 初等 | 业余 | 辅导 | 文盲 | 选拔 | 及格 | 聋人 | 参军 | 剧团 | 退休 | 从业 | 经商,93.02084510477579,0.9980804176909414,0.0017749827065958177,就读:1.000000 | 念书:1.000000 | 小学:1.000000 | 学艺:1.000000 | 中学:1.000000 | 初中:1.000000 | 学生:1.000000 | 大学:1.000000 | 考生:1.000000 | 高中:1.000000 | 补课:1.000000 | 求学:1.000000,导游:0.054237 | 俄语:0.027765 | 移民:0.019067 | 英语:0.016506 | 师生:0.012907 | 学士:0.012477
79,51,0.3403662796972525,0.002906059236334909,0.45098039215686275,美妙 | 壮丽 | 惊心动魄 | 奇妙 | 动人 | 壮观 | 感人 | 宏伟 | 神奇 | 扣人心弦 | 惊险 | 伟大,鲜明 | 美丽 | 圆满 | 充满 | 完美 | 古老 | 动人 | 无比,意想不到 | 可贵 | 惊险 | 伟大 | 美丽 | 漫长 | 似曾相识 | 宏伟 | 不可思议 | 壮观 | 梦幻 | 动人,美妙 | 壮丽 | 惊心动魄 | 奇妙 | 动人 | 壮观 | 感人 | 宏伟 | 神奇 | 扣人心弦 | 惊险 | 伟大 | 美丽 | 宏大 | 雄伟 | 可歌可泣 | 不可思议 | 曲折 | 精彩 | 离奇 | 震撼 | 神秘 | 艰险 | 艰巨 | 惊天动地 | 神圣 | 艰辛 | 非凡 | 耀眼 | 可贵 | 虚幻 | 梦幻 | 艰难 | 平凡 | 变幻莫测 | 庄严 | 深远 | 遥远 | 珍贵 | 漫长 | 深刻 | 错综复杂 | 完美 | 无比 | 古老 | 充满 | 鲜明 | 意想不到 | 宝贵 | 似曾相识 | 圆满,51.076397353979154,0.998452996774777,0.0015898187191237076,艰险:1.000000 | 惊心动魄:1.000000 | 庄严:1.000000 | 惊险:1.000000 | 珍贵:1.000000 | 神奇:1.000000 | 无比:1.000000 | 壮丽:1.000000 | 宏大:1.000000 | 可贵:1.000000 | 深远:1.000000 | 漫长:1.000000,光荣:0.056438 | 寻常:0.018782 | 生动:0.017861 | 不为人知:0.012452 | 独一无二:0.010371
80,50,0.2793620423942074,0.019076215783877616,0.34,有名 | 大名鼎鼎 | 著名 | 驰名 | 闻名 | 远近闻名 | 出名 | 举世闻名 | 名副其实 | 媲美 | 当之无愧 | 知名,深入人心 | 看中 | 创始人 | 早年 | 祖传 | 酷似 | 特有 | 出身,称作 | 看中 | 特有 | 显赫 | 早年 | 有名 | 资深 | 名气 | 当之无愧 | 典型 | 称为 | 知名,有名 | 大名鼎鼎 | 著名 | 驰名 | 闻名 | 远近闻名 | 出名 | 举世闻名 | 名副其实 | 媲美 | 当之无愧 | 知名 | 堪称 | 号称 | 公认 | 杰出 | 显赫 | 名气 | 世界级 | 举世无双 | 土生土长 | 仅次于 | 酷似 | 知名度 | 比不上 | 泰斗 | 不亚于 | 称为 | 发源地 | 昔日 | 深受 | 不相上下 | 出身 | 相提并论 | 当今 | 称作 | 典型 | 出自 | 有着 | 资深 | 之一 | 特有 | 早年 | 海内外 | 一代 | 祖传 | 看中 | 创始人 | 来自 | 深入人心,49.954105984252855,0.9970364851691669,0.0028582006382164515,有名:1.000000 | 远近闻名:1.000000 | 驰名:1.000000 | 闻名:1.000000 | 出名:1.000000 | 酷似:1.000000 | 著名:1.000000 | 土生土长:1.000000 | 媲美:1.000000 | 公认:1.000000 | 当之无愧:1.000000 | 显赫:1.000000,家喻户晓:0.034766 | 称号:0.018971
81,54,0.34210818019576805,0.0013611856329003838,0.3888888888888889,棍子 | 钳子 | 绳子 | 竹竿 | 剪子 | 叉子 | 棍 | 剪刀 | 铲子 | 梯子 | 爪子 | 木头,爪子 | 尾巴 | 木板 | 舱 | 拳头 | 灯 | 路 | 门,剪刀 | 闸 | 铲子 | 路 | 风筝 | 洞 | 球 | 舱 | 棍子 | 螺丝 | 炸药 | 灯,棍子 | 钳子 | 绳子 | 竹竿 | 剪子 | 叉子 | 棍 | 剪刀 | 铲子 | 梯子 | 爪子 | 木头 | 树枝 | 枪 | 钩子 | 钉子 | 船桨 | 木板 | 刀 | 石头 | 斧子 | 禅杖 | 子弹 | 螺丝 | 橡皮 | 箭 | 轮子 | 杆 | 卡子 | 皮带 | 拳头 | 伞 | 沙子 | 球拍 | 剑 | 手枪 | 风筝 | 火药 | 炸药 | 翅膀 | 尾巴 | 车轮 | 皮球 | 气球 | 炮 | 球 | 灯 | 洞 | 架 | 帆 | 门 | 闸 | 舱 | 路,54.076411624727456,0.9974442082279175,0.0024833474266551785,棍:1.000000 | 梯子:1.000000 | 枪:1.000000 | 箭:1.000000 | 绳子:1.000000 | 船桨:1.000000 | 手枪:1.000000 | 棍子:1.000000 | 卡子:1.000000 | 轮子:1.000000 | 竹竿:1.000000 | 拳头:0.999999,望远镜:0.070129 | 鹰:0.017076 | 筐:0.014821 | 角:0.014384 | 刷子:0.012171 | 盏:0.010422
82,43,0.29650224432773187,-0.009623482644524782,0.6046511627906976,杀 | 救 | 毁 | 逮 | 捉 | 害 | 逃 | 败 | 攻 | 劫 | 灭 | 斩,炸 | 疯 | 淹 | 困 | 捉 | 放水 | 爆 | 逮,放水 | 灭 | 赌 | 攻 | 堵 | 淹 | 避 | 败 | 斗 | 炸 | 盗 | 治,杀 | 救 | 毁 | 逮 | 捉 | 害 | 逃 | 败 | 攻 | 劫 | 灭 | 斩 | 淹 | 堵 | 夺 | 困 | 炸 | 捕 | 盗 | 陷 | 伤 | 断 | 避 | 射 | 狂 | 疯 | 闯 | 逆 | 破 | 爆 | 斗 | 犯 | 冒 | 治 | 误 | 赌 | 争 | 垮 | 防 | 反 | 渡 | 荒 | 放水,43.0310841233271,0.9987774974614508,0.0013528785191249113,反:1.000000 | 毁:1.000000 | 垮:1.000000 | 捕:1.000000 | 败:1.000000 | 劫:1.000000 | 夺:1.000000 | 逃:1.000000 | 堵:1.000000 | 争:1.000000 | 闯:1.000000 | 斗:1.000000,飞:0.066485
83,53,0.31600965360386585,0.026422562516745313,0.3018867924528302,机票 | 话费 | 车票 | 退票 | 付款 | 挂号 | 预订 | 挂失 | 门票 | 信用卡 | 汇款 | 银行卡,外卖 | 身份证 | 卧铺 | 租金 | 回扣 | 福利 | 通行证 | 消费,取款 | 银行卡 | 抽奖 | 中奖 | 机票 | 打车 | 驾照 | 福利 | 卧铺 | 专柜 | 钱包 | 通行证,机票 | 话费 | 车票 | 退票 | 付款 | 挂号 | 预订 | 挂失 | 门票 | 信用卡 | 汇款 | 银行卡 | 打折 | 交费 | 折扣 | 优惠 | 预约 | 缴费 | 取款 | 兑换 | 签证 | 特价 | 打车 | 押金 | 收费 | 票价 | 抽奖 | 自助 | 套餐 | 月票 | 红包 | 外币 | 钱包 | 免费 | 身份证 | 零钱 | 促销 | 登机 | 中奖 | 付费 | 驾照 | 回扣 | 卧铺 | 通行证 | 专柜 | 快递 | 购买 | 消费 | 租金 | 福利 | 打包 | 外卖 | 上网,52.98236332395162,0.9966477263246413,0.0029200361701202846,交费:1.000000 | 退票:1.000000 | 打折:1.000000 | 预订:1.000000 | 特价:1.000000 | 免费:1.000000 | 促销:1.000000 | 打包:1.000000 | 车票:1.000000 | 红包:1.000000 | 中奖:1.000000 | 零钱:1.000000,公车:0.041629 | 管理费:0.030473 | 护照:0.017519 | 奖品:0.013875 | 支付:0.013121 | 正版:0.011080
84,69,0.2496489320881296,-0.02326967154211736,0.782608695652174,暖 | 松 | 沉 | 陡 | 静 | 缓 | 淡 | 暗 | 顺 | 泻 | 久 | 润,窄 | 震 | 豁 | 开花 | 稳 | 流水 | 静 | 沉,溢 | 变 | 开花 | 潮 | 流水 | 雨 | 暗 | 泄 | 焦 | 盛 | 聚 | 缩,暖 | 松 | 沉 | 陡 | 静 | 缓 | 淡 | 暗 | 顺 | 泻 | 久 | 润 | 流 | 猛 | 宽 | 涌 | 紧 | 虚 | 漫 | 泄 | 阔 | 急 | 亮 | 晴 | 雨 | 震 | 长 | 溢 | 雾 | 旺 | 腾 | 慢 | 稳 | 浅 | 直 | 豁 | 窄 | 气 | 动 | 绿 | 阴 | 浪 | 迟 | 快 | 深 | 清 | 消 | 扬 | 热 | 重 | 风 | 短 | 盛 | 光 | 潮 | 严 | 缩 | 变 | 景 | 立 | 足 | 齐 | 聚 | 焦 | 迈 | 化 | 牢 | 流水 | 开花,69.40840017065395,0.9970568230827138,0.002994457269158099,淡:1.000000 | 慢:1.000000 | 急:1.000000 | 陡:1.000000 | 暖:1.000000 | 漫:1.000000 | 缓:1.000000 | 润:1.000000 | 紧:1.000000 | 静:1.000000 | 窄:1.000000 | 虚:1.000000,安:0.160604 | 圈:0.108619 | 火:0.058279 | 行:0.023891 | 汇:0.023008 | 广:0.013404 | 冷:0.012825 | 密:0.012699
85,43,0.3644013253237362,0.014603638684170452,0.32558139534883723,大声 | 小声 | 哄堂大笑 | 鸦雀无声 | 交头接耳 | 眉开眼笑 | 一声不吭 | 前仰后合 | 目不转睛 | 欢呼 | 情不自禁 | 听见,热烈 | 扭头 | 过头 | 发愣 | 一动不动 | 如醉如痴 | 情不自禁 | 半真半假,一言不发 | 情不自禁 | 滔滔不绝 | 得意扬扬 | 抑扬顿挫 | 哄堂大笑 | 目不转睛 | 前仰后合 | 一动不动 | 鸦雀无声 | 鼓掌 | 大声,大声 | 小声 | 哄堂大笑 | 鸦雀无声 | 交头接耳 | 眉开眼笑 | 一声不吭 | 前仰后合 | 目不转睛 | 欢呼 | 情不自禁 | 听见 | 发愣 | 鼓掌 | 得意扬扬 | 七嘴八舌 | 一言不发 | 掌声 | 响起 | 异口同声 | 滔滔不绝 | 兴高采烈 | 扭头 | 一动不动 | 经久不息 | 津津有味 | 如醉如痴 | 听到 | 一阵 | 叫好 | 喝彩 | 绘声绘色 | 热烈 | 抑扬顿挫 | 哗然 | 半真半假 | 呐喊 | 在场 | 响亮 | 兴致 | 传来 | 全场 | 过头,43.088520867847656,0.9997614356026702,0.00034506096813119767,欢呼:1.000000 | 兴高采烈:1.000000 | 热烈:1.000000 | 喝彩:1.000000 | 哄堂大笑:1.000000 | 叫好:1.000000 | 哗然:1.000000 | 响起:1.000000 | 津津有味:1.000000 | 异口同声:1.000000 | 眉开眼笑:1.000000 | 鼓掌:1.000000,自言自语:0.064526 | 走开:0.016906
86,43,0.3438549518493927,0.07809547452089381,0.13953488372093023,遇难 | 丧生 | 火灾 | 死亡 | 车祸 | 水灾 | 受伤 | 灾害 | 事故 | 伤亡 | 倒塌 | 重伤,霍乱 | 迷路 | 尸体 | 危险 | 危急 | 伤势 | 中断 | 瘫痪,幸免 | 突发 | 重伤 | 霍乱 | 着火 | 水灾 | 危急 | 伤势 | 解体 | 幸存 | 千钧一发 | 灾害,遇难 | 丧生 | 火灾 | 死亡 | 车祸 | 水灾 | 受伤 | 灾害 | 事故 | 伤亡 | 倒塌 | 重伤 | 失踪 | 遇险 | 旱灾 | 爆炸 | 暴雨 | 空难 | 瘟疫 | 地震 | 海啸 | 着火 | 不幸 | 停电 | 幸存 | 突发 | 无家可归 | 自杀 | 受害 | 危急 | 伤势 | 瘫痪 | 特大 | 霍乱 | 幸免 | 干旱 | 灭绝 | 危险 | 尸体 | 迷路 | 千钧一发 | 中断 | 解体,42.92954306918533,0.9978929054956381,0.0021298014682196915,水灾:1.000000 | 旱灾:1.000000 | 无家可归:1.000000 | 车祸:1.000000 | 干旱:1.000000 | 伤亡:1.000000 | 丧生:1.000000 | 瘟疫:1.000000 | 危急:1.000000 | 空难:1.000000 | 火灾:1.000000 | 倒塌:1.000000,
87,41,0.36700875099327007,0.02326289428756553,0.36585365853658536,俊俏 | 英俊 | 壮实 | 健壮 | 身材 | 强壮 | 气质 | 沉稳 | 稳重 | 刚毅 | 硬朗 | 长相,嗜好 | 绅士 | 口音 | 沉稳 | 健美 | 高超 | 亲和力 | 发型,绅士 | 出众 | 口音 | 敏捷 | 修长 | 健美 | 英俊 | 发型 | 敏锐 | 强壮 | 苗条 | 身材,俊俏 | 英俊 | 壮实 | 健壮 | 身材 | 强壮 | 气质 | 沉稳 | 稳重 | 刚毅 | 硬朗 | 长相 | 苗条 | 修长 | 灵巧 | 外貌 | 性情 | 出众 | 外表 | 坚韧 | 高贵 | 高大 | 矮小 | 心灵手巧 | 宽厚 | 个性 | 足智多谋 | 敏捷 | 健美 | 天生 | 敏锐 | 灵敏 | 年轻 | 绅士 | 个子 | 发型 | 高超 | 亲和力 | 一身 | 口音 | 嗜好,41.0635818736558,0.9980462394337717,0.001834382511285462,矮小:1.000000 | 强壮:1.000000 | 心灵手巧:1.000000 | 敏锐:1.000000 | 健美:1.000000 | 灵巧:1.000000 | 外貌:1.000000 | 灵敏:1.000000 | 身材:1.000000 | 口音:1.000000 | 亲和力:1.000000 | 足智多谋:1.000000,性格:0.083330 | 形象:0.034592
88,35,0.3288541001695851,0.015671692573493493,0.37142857142857144,挣 | 挣钱 | 赚 | 买 | 省钱 | 钱 | 掏钱 | 养活 | 赚钱 | 卖 | 舍不得 | 拿,偷懒 | 拿 | 惦记 | 折腾 | 拼 | 省事 | 舍不得 | 丢掉,搞 | 白白 | 折腾 | 钱 | 偷懒 | 舍得 | 买 | 赚钱 | 发财 | 算 | 靠 | 手头,挣 | 挣钱 | 赚 | 买 | 省钱 | 钱 | 掏钱 | 养活 | 赚钱 | 卖 | 舍不得 | 拿 | 买不起 | 过日子 | 操心 | 凑合 | 省事 | 偷懒 | 发财 | 折腾 | 惦记 | 搞 | 价钱 | 少 | 沾光 | 做 | 对得起 | 靠 | 舍得 | 白白 | 拼 | 算 | 丢掉 | 缺 | 手头,34.9983610631152,0.9995467005694502,0.0005801848819723003,养活:1.000000 | 搞:1.000000 | 省钱:1.000000 | 掏钱:1.000000 | 赚:1.000000 | 价钱:1.000000 | 舍得:1.000000 | 惦记:1.000000 | 凑合:1.000000 | 拿:0.999999 | 买不起:0.999999 | 赚钱:0.999999,
89,37,0.3779668837893494,0.035561674555905295,0.21621621621621623,聊天儿 | 溜达 | 打盹儿 | 玩儿 | 遛 | 转悠 | 睡 | 干活儿 | 玩耍 | 晒太阳 | 伺候 | 散步,凉快 | 走路 | 住 | 收拾 | 躲 | 侃大山 | 使唤 | 偷看,干活儿 | 晒太阳 | 呆 | 打扰 | 打听 | 打发 | 伺候 | 捉迷藏 | 溜达 | 侍候 | 光顾 | 躲,聊天儿 | 溜达 | 打盹儿 | 玩儿 | 遛 | 转悠 | 睡 | 干活儿 | 玩耍 | 晒太阳 | 伺候 | 散步 | 逛 | 串门 | 晃荡 | 侍候 | 陪 | 躲 | 呆 | 侃大山 | 打扫 | 偷看 | 找 | 下棋 | 忙活 | 打搅 | 打发 | 使唤 | 凉快 | 打扰 | 收拾 | 捉迷藏 | 光顾 | 走路 | 打听 | 问路 | 住,37.0012295512158,0.9994388629852414,0.0006381234852764154,晃荡:1.000000 | 转悠:1.000000 | 光顾:1.000000 | 使唤:1.000000 | 溜达:1.000000 | 散步:1.000000 | 侍候:1.000000 | 走路:1.000000 | 逛:1.000000 | 打发:1.000000 | 打扫:1.000000 | 打盹儿:1.000000,放过:0.018748
90,45,0.25920138727743053,-0.025360311549765032,0.6222222222222222,探讨 | 介绍 | 谈到 | 讨论 | 透露 | 指出 | 了解 | 解读 | 畅谈 | 强调 | 谈起 | 提到,峰会 | 好评 | 认可 | 提起 | 所在 | 咨询 | 联系 | 印证,解读 | 印证 | 推荐 | 表示 | 提起 | 回顾 | 获悉 | 调研 | 接受 | 商讨 | 讨论 | 借鉴,探讨 | 介绍 | 谈到 | 讨论 | 透露 | 指出 | 了解 | 解读 | 畅谈 | 强调 | 谈起 | 提到 | 表示 | 商讨 | 回顾 | 听取 | 梳理 | 交流 | 评价 | 考察 | 调研 | 反映 | 获悉 | 印证 | 沟通 | 报道 | 展望 | 看出 | 评判 | 关注 | 认可 | 预见 | 借鉴 | 合作 | 点评 | 咨询 | 推荐 | 联系 | 接受 | 提起 | 酝酿 | 好评 | 峰会 | 联想 | 所在,45.12112177269523,0.9990249468259597,0.0011574076611607282,探讨:1.000000 | 介绍:1.000000 | 沟通:1.000000 | 畅谈:1.000000 | 回顾:1.000000 | 接受:1.000000 | 谈到:1.000000 | 交流:1.000000 | 了解:0.999999 | 所在:0.999999 | 讨论:0.999998 | 考察:0.999997,总经理:0.030424 | 调查:0.029845 | 论坛:0.025598 | 解释:0.017948 | 代表:0.017098
91,36,0.4205292406318757,0.07683317649656557,0.1388888888888889,衷心 | 真诚 | 敬重 | 敬佩 | 感激 | 钦佩 | 诚挚 | 真挚 | 敬意 | 诚恳 | 尊敬 | 赞许,称赞 | 由衷 | 坦诚 | 满怀 | 钦佩 | 感激 | 坚定 | 敬佩,赞赏 | 关心 | 深切 | 敬佩 | 感激 | 忠实 | 称赞 | 满怀 | 虔诚 | 热心 | 尊敬 | 赞扬,衷心 | 真诚 | 敬重 | 敬佩 | 感激 | 钦佩 | 诚挚 | 真挚 | 敬意 | 诚恳 | 尊敬 | 赞许 | 由衷 | 赞扬 | 赞赏 | 关怀 | 深情 | 深切 | 亲切 | 信任 | 敬爱 | 信赖 | 坦诚 | 拥护 | 称赞 | 虔诚 | 热情 | 慷慨 | 满怀 | 热心 | 关心 | 诚意 | 无微不至 | 坚定 | 郑重 | 忠实,36.09294795617106,0.9999345135869065,0.0001079640045651713,郑重:1.000000 | 诚挚:1.000000 | 钦佩:1.000000 | 衷心:1.000000 | 深情:1.000000 | 赞许:1.000000 | 赞赏:1.000000 | 慷慨:1.000000 | 称赞:1.000000 | 敬重:1.000000 | 信赖:1.000000 | 赞扬:1.000000,忠诚:0.041657 | 一如既往:0.036091
92,63,0.29886032490471504,-0.018122878496842135,0.6190476190476191,蛋白质 | 食物 | 营养 | 脂肪 | 海藻 | 植物 | 洗涤剂 | 钙 | 贮藏 | 细菌 | 食用 | 冷冻,烹调 | 气味 | 偏方 | 热水 | 禁忌 | 处方 | 食物 | 杂交,贮藏 | 保质期 | 野生 | 害虫 | 二氧化碳 | 低温 | 保鲜 | 氧气 | 喂养 | 热水 | 酒精 | 冷冻,蛋白质 | 食物 | 营养 | 脂肪 | 海藻 | 植物 | 洗涤剂 | 钙 | 贮藏 | 细菌 | 食用 | 冷冻 | 液体 | 热量 | 氧气 | 保鲜 | 富含 | 含量 | 粪便 | 纤维 | 酒精 | 烹调 | 水分 | 氧 | 维生素 | 消毒 | 害虫 | 喂养 | 剂 | 膳食 | 繁殖 | 常温 | 昆虫 | 低温 | 烘干 | 热水 | 二氧化碳 | 物质 | 动物 | 气味 | 保健 | 空气 | 止咳 | 野生 | 饮食 | 饲养 | 保质期 | 毫升 | 酿造 | 气泡 | 适量 | 栽培 | 美容 | 人造 | 膜 | 生物 | 杂交 | 胶囊 | 再生 | 偏方 | 海绵 | 禁忌 | 处方,62.975635506079065,0.9938029085307828,0.004269605322445947,食用:1.000000 | 栽培:1.000000 | 气味:1.000000 | 食物:1.000000 | 营养:1.000000 | 酿造:1.000000 | 饮食:1.000000 | 保鲜:1.000000 | 富含:1.000000 | 饲养:1.000000 | 膳食:1.000000 | 冷冻:1.000000,土壤:0.062288 | 蜜蜂:0.059804 | 自然界:0.055841 | 种植:0.044810 | 碳:0.029454 | 护理:0.026675 | 冷水:0.017559 | 化石:0.016273
93,136,0.35589771623592154,0.03159121890178301,0.22058823529411764,就算 | 也许 | 毕竟 | 难道 | 当然 | 要不然 | 不然 | 反正 | 要是 | 何况 | 可是 | 要不,不得了 | 非得 | 一不小心 | 没法儿 | 不如 | 哎呀 | 没 | 呀,当然 | 无论如何 | 呀 | 恐怕 | 说实话 | 本来 | 反正 | 迟早 | 没准儿 | 怎么办 | 这样一来 | 纵然,就算 | 也许 | 毕竟 | 难道 | 当然 | 要不然 | 不然 | 反正 | 要是 | 何况 | 可是 | 要不 | 说不定 | 好歹 | 其实 | 真的 | 别说 | 只不过 | 恐怕 | 是不是 | 但是 | 没准儿 | 唉 | 说真的 | 也 | 说实话 | 确实 | 明明 | 的确 | 既然 | 哪怕 | 倒是 | 虽说 | 不过 | 那 | 况且 | 肯定 | 终究 | 觉得 | 哎 | 那么 | 或许 | 纵然 | 说白了 | 按说 | 顶多 | 没错 | 不见得 | 怎么 | 本来 | 啊 | 说到底 | 固然 | 按理说 | 所以 | 而且 | 说不上 | 因为 | 都 | 不管 | 只是 | 不一定 | 可不是 | 总之 | 还是 | 就 | 实在 | 虽然 | 哎呀 | 莫非 | 要么 | 即使 | 即便 | 未必 | 大概 | 呀 | 非得 | 为什么 | 实际上 | 无非 | 应该 | 照样 | 就是 | 敢情 | 不用说 | 只要 | 然而 | 如果说 | 很难说 | 没关系 | 可能 | 必定 | 也好 | 才 | 好比 | 总而言之 | 迟早 | 没 | 这 | 无论如何 | 到头来 | 这么 | 什么 | 看来 | 恰恰 | 究竟 | 没什么 | 总的来说 | 吗 | 而是 | 还 | 没法儿 | 根本 | 往往 | 必然 | 到底 | 归根到底 | 这样 | 只能 | 是 | 不至于 | 怎么办 | 好多 | 差不多 | 又 | 怎么样 | 一不小心 | 没有 | 有的 | 俗话说 | 这样一来 | 比方 | 不如 | 会 | 不得了 | 可想而知,136.15209970323508,0.981253988428243,0.011863605418149925,要不然:1.000000 | 不过:0.999999 | 要是:0.999999 | 其实:0.999998 | 当然:0.999998 | 哎:0.999997 | 唉:0.999997 | 说白了:0.999994 | 也许:0.999991 | 啊:0.999990 | 呀:0.999987 | 别说:0.999985,但:0.452853 | 呢:0.296723 | 事实上:0.258626 | 几:0.202232 | 以为:0.170341 | 谁:0.164674 | 完全:0.149728 | 有没有:0.126418
94,52,0.43842828241397735,0.09667272068356646,0.019230769230769232,愚蠢 | 自私 | 狡猾 | 粗鲁 | 卑鄙 | 奸诈 | 可恶 | 残忍 | 虚伪 | 凶残 | 冷酷 | 丑陋,自卑 | 暴躁 | 世故 | 无辜 | 天真 | 可怕 | 盛气凌人 | 软弱,愚蠢 | 自卑 | 无知 | 无能 | 盛气凌人 | 虚伪 | 高傲 | 幼稚 | 自私 | 可耻 | 冷酷 | 卑鄙,愚蠢 | 自私 | 狡猾 | 粗鲁 | 卑鄙 | 奸诈 | 可恶 | 残忍 | 虚伪 | 凶残 | 冷酷 | 丑陋 | 可笑 | 傲慢 | 凶恶 | 无知 | 高傲 | 无情无义 | 贪婪 | 邪恶 | 幼稚 | 冷酷无情 | 鲁莽 | 固执 | 凶狠 | 暴躁 | 可悲 | 懒惰 | 古怪 | 自以为是 | 胆小 | 软弱 | 庸俗 | 无能 | 天真 | 可耻 | 狭隘 | 目中无人 | 可怕 | 世故 | 放肆 | 顽固 | 粗暴 | 怪异 | 渺小 | 自卑 | 盛气凌人 | 无情 | 滑稽 | 无辜 | 异想天开 | 骇人听闻,52.008020821550815,0.9986292929424878,0.0011461557541765012,狡猾:1.000000 | 凶恶:1.000000 | 凶残:1.000000 | 凶狠:1.000000 | 奸诈:1.000000 | 冷酷:1.000000 | 冷酷无情:1.000000 | 庸俗:1.000000 | 粗鲁:1.000000 | 无能:1.000000 | 可笑:1.000000 | 无辜:1.000000,倔强:0.023275 | 自私自利:0.016927 | 调皮:0.013200
95,35,0.2794930432235147,-0.010996621737382303,0.6,剧烈 | 急剧 | 缓慢 | 紧张 | 骤然 | 激烈 | 猛烈 | 短暂 | 频繁 | 轻微 | 沉闷 | 大幅度,出人意料 | 令 | 不良 | 沉闷 | 放松 | 不定 | 松弛 | 缓和,缓慢 | 骤然 | 突如其来 | 紧缩 | 急剧 | 轻微 | 短暂 | 正常 | 紧张 | 缓和 | 沉闷 | 微弱,剧烈 | 急剧 | 缓慢 | 紧张 | 骤然 | 激烈 | 猛烈 | 短暂 | 频繁 | 轻微 | 沉闷 | 大幅度 | 缓和 | 松弛 | 忽高忽低 | 极度 | 过度 | 强烈 | 异常 | 停顿 | 紧缩 | 交替 | 微弱 | 反复 | 间断 | 放松 | 密集 | 过早 | 突如其来 | 正常 | 不定 | 局部 | 出人意料 | 不良 | 令,35.02195460238441,0.9998959785246124,0.00017621902338389356,轻微:1.000000 | 缓慢:1.000000 | 松弛:1.000000 | 忽高忽低:1.000000 | 骤然:1.000000 | 反复:1.000000 | 微弱:1.000000 | 停顿:1.000000 | 过早:1.000000 | 极度:1.000000 | 密集:1.000000 | 异常:1.000000,
96,61,0.2951887383877584,-0.021306959985132184,0.6885245901639344,情愿 | 不肯 | 竭力 | 毫不犹豫 | 轻易 | 极力 | 不惜 | 执意 | 无意 | 刻意 | 拼命 | 理直气壮,不免 | 未免 | 一贯 | 拼命 | 心安理得 | 一时 | 迫使 | 伺机,不容 | 正当 | 坚决 | 迫使 | 试图 | 单方面 | 毫无 | 愿意 | 敢于 | 毫不 | 拼命 | 一再,情愿 | 不肯 | 竭力 | 毫不犹豫 | 轻易 | 极力 | 不惜 | 执意 | 无意 | 刻意 | 拼命 | 理直气壮 | 急于 | 不得不 | 愿意 | 一味 | 毫不 | 甘心 | 趁机 | 乐意 | 心安理得 | 一再 | 盲目 | 坚决 | 理所当然 | 强行 | 三番五次 | 不得已 | 只顾 | 有意 | 不假思索 | 试图 | 不能不 | 敢于 | 只得 | 轻而易举 | 勉强 | 暗中 | 顺理成章 | 伺机 | 单方面 | 随心所欲 | 毫无 | 不免 | 天经地义 | 大胆 | 大包大揽 | 果断 | 难免 | 不容 | 无可厚非 | 不可避免 | 无条件 | 未免 | 迟迟 | 一贯 | 迫使 | 互相 | 一时 | 自始至终 | 正当,61.242436460911904,0.9979577346733877,0.001976293079158233,一贯:1.000000 | 坚决:1.000000 | 毫不:1.000000 | 勉强:1.000000 | 果断:1.000000 | 盲目:1.000000 | 轻而易举:1.000000 | 拼命:1.000000 | 敢于:1.000000 | 不得已:1.000000 | 有意:1.000000 | 毫不犹豫:1.000000,暗地里:0.156588 | 无所谓:0.055140 | 免不了:0.043057 | 暂时:0.026781 | 不料:0.013144 | 只好:0.012735
97,49,0.25477972678265465,0.009724821750951898,0.46938775510204084,许多 | 众多 | 大多数 | 绝大多数 | 诸多 | 越来越 | 大部分 | 大量 | 不少 | 日益 | 多数 | 日趋,尤为 | 巨大 | 竞相 | 备受 | 国外 | 乃至 | 之外 | 密不可分,愈来愈 | 与日俱增 | 近年来 | 日趋 | 许多 | 大部分 | 越来越 | 各个 | 传统 | 时期 | 近来 | 年代,许多 | 众多 | 大多数 | 绝大多数 | 诸多 | 越来越 | 大部分 | 大量 | 不少 | 日益 | 多数 | 日趋 | 愈来愈 | 大批 | 普遍 | 长期以来 | 以往 | 近年来 | 成千上万 | 空前 | 各个 | 少有 | 近来 | 多年来 | 历来 | 一系列 | 与日俱增 | 前所未有 | 早期 | 多年 | 尤为 | 一部分 | 全世界 | 息息相关 | 大规模 | 整个 | 大面积 | 传统 | 备受 | 巨大 | 国外 | 竞相 | 密不可分 | 乃至 | 年代 | 时期 | 以外 | 当中 | 之外,49.06573471907865,0.9976496178439815,0.0026451092563881825,竞相:1.000000 | 普遍:1.000000 | 日趋:1.000000 | 空前:0.999999 | 大批:0.999999 | 大量:0.999997 | 日益:0.999996 | 近来:0.999989 | 与日俱增:0.999988 | 各个:0.999984 | 之外:0.999983 | 诸多:0.999981,初期:0.106911 | 半数:0.014254
98,44,0.307167660153516,-0.014067020312718625,0.6590909090909091,歪曲 | 否定 | 忽视 | 抨击 | 夸大 | 忽略 | 理解 | 吹捧 | 宣扬 | 否认 | 正视 | 容忍,揣测 | 抨击 | 纠缠 | 争论 | 反省 | 认同 | 歧视 | 思考,掩饰 | 否定 | 归结 | 掩盖 | 触动 | 违背 | 抨击 | 牵扯 | 标榜 | 认同 | 容忍 | 对待,歪曲 | 否定 | 忽视 | 抨击 | 夸大 | 忽略 | 理解 | 吹捧 | 宣扬 | 否认 | 正视 | 容忍 | 揣测 | 排斥 | 谈论 | 掩饰 | 掩盖 | 承认 | 认同 | 批判 | 歧视 | 违背 | 反思 | 顾及 | 看待 | 迎合 | 混淆 | 强加 | 争论 | 误导 | 对待 | 灌输 | 标榜 | 抵触 | 思考 | 牵扯 | 反省 | 低估 | 纠缠 | 归结 | 触动 | 炒作 | 牵涉 | 破除,43.92805791567046,0.9974107238189756,0.002852302726793494,混淆:1.000000 | 反思:1.000000 | 反省:1.000000 | 灌输:1.000000 | 歪曲:1.000000 | 迎合:1.000000 | 忽略:1.000000 | 牵扯:1.000000 | 宣扬:1.000000 | 否定:0.999999 | 忽视:0.999999 | 对待:0.999998,存在:0.018802 | 思索:0.011868
99,36,0.3142467943280736,-0.044645940405781286,0.7777777777777778,兜儿 | 架子 | 盖子 | 盘子 | 筐 | 本子 | 棺材 | 炉子 | 笼子 | 渣子 | 口袋 | 帽子,笼子 | 炉子 | 房子 | 棺材 | 位子 | 架子 | 木匠 | 辫子,口子 | 位子 | 木匠 | 块 | 窟窿 | 尺子 | 金子 | 砖 | 本子 | 担子 | 包袱 | 饭碗,兜儿 | 架子 | 盖子 | 盘子 | 筐 | 本子 | 棺材 | 炉子 | 笼子 | 渣子 | 口袋 | 帽子 | 窟窿 | 尺子 | 饭碗 | 辫子 | 靴子 | 房子 | 画儿 | 牌子 | 管子 | 担子 | 金子 | 算盘 | 砖 | 稻草 | 包袱 | 钥匙 | 秤 | 位子 | 锤子 | 木匠 | 口子 | 堆 | 块 | 套,36.1617960308141,0.9990435737309274,0.0011624115569358572,尺子:1.000000 | 牌子:1.000000 | 盖子:1.000000 | 架子:1.000000 | 兜儿:1.000000 | 窟窿:1.000000 | 担子:1.000000 | 房子:1.000000 | 靴子:1.000000 | 位子:1.000000 | 画儿:1.000000 | 钥匙:1.000000,桩:0.119446 | 瓶子:0.039217 | 筷子:0.015695
100,53,0.3226531525493347,0.037602157667765965,0.24528301886792453,形状 | 圆形 | 花纹 | 线条 | 弯曲 | 尺寸 | 颜色 | 轮廓 | 厚度 | 外形 | 直径 | 宽度,雕刻 | 裸露 | 质地 | 一长一短 | 框 | 包裹 | 光线 | 仿,灰色 | 颜色 | 转动 | 静止 | 搭配 | 尺寸 | 背面 | 造型 | 侧面 | 宽度 | 表面 | 遮盖,形状 | 圆形 | 花纹 | 线条 | 弯曲 | 尺寸 | 颜色 | 轮廓 | 厚度 | 外形 | 直径 | 宽度 | 体积 | 白色 | 造型 | 旋转 | 长度 | 外观 | 平面 | 变形 | 形 | 棱角 | 转动 | 伸缩 | 背面 | 重量 | 镶嵌 | 遮盖 | 灰色 | 黑色 | 构造 | 质地 | 雕刻 | 摆动 | 黄色 | 切割 | 折叠 | 荧光 | 发光 | 表面 | 搭配 | 框 | 一长一短 | 裸露 | 静止 | 大小 | 黑白 | 侧面 | 变换 | 悬挂 | 光线 | 包裹 | 仿,52.94347728141914,0.9983721880863662,0.0019399840393188356,形状:1.000000 | 镶嵌:1.000000 | 颜色:1.000000 | 棱角:1.000000 | 轮廓:1.000000 | 花纹:1.000000 | 裸露:1.000000 | 圆形:1.000000 | 弯曲:1.000000 | 旋转:1.000000 | 背面:0.999999 | 静止:0.999999,
101,26,0.441881458462188,0.10977794970033036,0.11538461538461539,鲜美 | 可口 | 美味 | 风味 | 味道 | 口感 | 醇厚 | 好吃 | 香味 | 甜 | 味儿 | 麻辣,小曲 | 清凉 | 特产 | 素食 | 养生 | 浓 | 热腾腾 | 新鲜,好吃 | 醇厚 | 甜 | 素食 | 养生 | 特产 | 辣 | 小曲 | 麻辣 | 美食 | 可口 | 新鲜,鲜美 | 可口 | 美味 | 风味 | 味道 | 口感 | 醇厚 | 好吃 | 香味 | 甜 | 味儿 | 麻辣 | 口味 | 辣 | 香 | 美食 | 正宗 | 热腾腾 | 新鲜 | 清淡 | 素食 | 清凉 | 特产 | 浓 | 小曲 | 养生,25.9981201136339,0.999864479069005,0.00020488093563759323,可口:1.000000 | 味儿:1.000000 | 清淡:1.000000 | 鲜美:1.000000 | 味道:1.000000 | 好吃:1.000000 | 特产:1.000000 | 风味:1.000000 | 麻辣:1.000000 | 正宗:1.000000 | 美味:1.000000 | 口味:1.000000,
102,45,0.3654534365836349,0.011747553027776017,0.4444444444444444,神情 | 眼神 | 笑容 | 表情 | 微笑 | 神态 | 语气 | 点头 | 泪水 | 呜咽 | 嬉笑 | 笑声,吻 | 抚摸 | 沉思 | 敬礼 | 心事 | 响声 | 众人 | 心里,道 | 脑海 | 握手 | 笑声 | 众人 | 口哨 | 泪 | 样子 | 声音 | 自言自语 | 似的 | 目光,神情 | 眼神 | 笑容 | 表情 | 微笑 | 神态 | 语气 | 点头 | 泪水 | 呜咽 | 嬉笑 | 笑声 | 笑脸 | 口气 | 脸色 | 眼泪 | 声音 | 自言自语 | 眼色 | 模样 | 抚摸 | 样子 | 目光 | 心里 | 沉思 | 心事 | 口哨 | 鞠躬 | 泪 | 会意 | 声 | 注视 | 响声 | 心中 | 俯首 | 似的 | 握手 | 众人 | 脑海 | 吻 | 面前 | 敬礼 | 一举一动 | 道 | 怀抱,44.84589411471547,0.9959551787075158,0.0030393683586682776,微笑:1.000000 | 笑脸:1.000000 | 笑容:1.000000 | 口哨:1.000000 | 吻:1.000000 | 声音:1.000000 | 样子:1.000000 | 注视:1.000000 | 泪水:1.000000 | 眼色:1.000000 | 泪:1.000000 | 表情:1.000000,
103,52,0.28049319083748253,-0.003141588055866127,0.5,飞行 | 导弹 | 航行 | 转弯 | 潜艇 | 侦察 | 刹车 | 机动 | 飞船 | 发射 | 救援 | 军舰,钓鱼 | 台风 | 急救 | 炸弹 | 遥控 | 破案 | 野外 | 向导,军舰 | 钓鱼 | 导弹 | 飞行 | 逃生 | 潜水 | 紧急 | 点火 | 倒车 | 熄火 | 报警 | 飞船,飞行 | 导弹 | 航行 | 转弯 | 潜艇 | 侦察 | 刹车 | 机动 | 飞船 | 发射 | 救援 | 军舰 | 驾驶 | 坦克 | 追尾 | 急转弯 | 搜救 | 起飞 | 遥控 | 倒车 | 船只 | 车速 | 熄火 | 演习 | 减速 | 炸弹 | 逃生 | 空中 | 潜水 | 两栖 | 超速 | 火箭 | 演练 | 时速 | 高空 | 报警 | 超车 | 急救 | 红灯 | 打捞 | 指挥 | 绿灯 | 紧急 | 点火 | 台风 | 突击 | 野外 | 闪电 | 钓鱼 | 破案 | 禁区 | 向导,51.875605465371635,0.9957462686971522,0.0038276934299071317,熄火:1.000000 | 演练:1.000000 | 钓鱼:1.000000 | 演习:1.000000 | 逃生:1.000000 | 侦察:1.000000 | 炸弹:1.000000 | 点火:1.000000 | 报警:0.999999 | 潜水:0.999999 | 救援:0.999999 | 机动:0.999997,安检:0.019723 | 长途:0.018636 | 行驶:0.011144
104,94,0.22432746605802173,-0.05898746711610694,0.925531914893617,好久 | 半天 | 钟头 | 今天 | 明天 | 再说 | 以后 | 转眼 | 多久 | 整整 | 刚刚 | 最后,倒 | 但愿 | 再说 | 请问 | 唯 | 大家 | 估计 | 哪,后天 | 次数 | 点 | 昨天 | 一半 | 眼看 | 从头 | 一口气 | 钟头 | 在 | 钟 | 大家,好久 | 半天 | 钟头 | 今天 | 明天 | 再说 | 以后 | 转眼 | 多久 | 整整 | 刚刚 | 最后 | 之前 | 星期 | 刚 | 之后 | 昨天 | 完 | 等到 | 前天 | 接下来 | 时候 | 总算 | 一晃 | 终于 | 一口气 | 天 | 快要 | 过去 | 眼看 | 剩下 | 几 | 往后 | 将近 | 最近 | 下来 | 出来 | 上次 | 哪 | 后 | 分钟 | 结果 | 估计 | 了 | 半 | 多少 | 半路 | 前 | 开始 | 万一 | 大家 | 次 | 从头 | 回 | 小时 | 的话 | 起来 | 前年 | 到 | 后天 | 一 | 一半 | 时间 | 钟 | 早晚 | 何时 | 但愿 | 两 | 连 | 第二 | 点 | 上 | 稍候 | 倒 | 分 | 在 | 万万 | 为何 | 请问 | 下期 | 从 | 期末 | 另 | 被 | 远远 | 次数 | 背后 | 每 | 必 | 总 | 本 | 本期 | 上期 | 唯,94.32574205109316,0.9832065106722216,0.009797667217568714,分钟:0.999999 | 请问:0.999995 | 明天:0.999995 | 完:0.999995 | 今天:0.999994 | 最后:0.999992 | 次:0.999986 | 期末:0.999986 | 钟:0.999980 | 回:0.999979 | 半:0.999968 | 一半:0.999966,二:0.471147 | 起:0.197885 | 上个月:0.128917 | 表:0.087114 | 不要紧:0.083840 | 当下:0.076668 | 进去:0.075314 | 千万:0.069162
105,70,0.3499296186844455,-0.009396707785996938,0.6,拧 | 搓 | 捏 | 劈 | 蹬 | 磕 | 揉 | 擦 | 捶 | 搂 | 咬 | 绷,拎 | 涂 | 磕 | 染 | 筛 | 搂 | 溅 | 掉,绑 | 露 | 咬 | 漂 | 驮 | 扑 | 擦 | 掐 | 浮 | 轰 | 拎 | 梳,拧 | 搓 | 捏 | 劈 | 蹬 | 磕 | 揉 | 擦 | 捶 | 搂 | 咬 | 绷 | 绞 | 缠 | 扳 | 掐 | 刨 | 掰 | 刮 | 夹 | 绑 | 抡 | 砍 | 拎 | 滚 | 拔 | 兜 | 扎 | 磨 | 卸 | 割 | 握 | 扭 | 剃 | 勾 | 挥 | 碎 | 撬 | 伸 | 垫 | 压 | 埋 | 拄 | 涂 | 削 | 刺 | 脱 | 溅 | 翘 | 扑 | 梳 | 挎 | 切 | 吞 | 坠 | 轰 | 勒 | 撇 | 塞 | 漂 | 露 | 卧 | 驮 | 筛 | 染 | 戴 | 掉 | 吸 | 悬 | 浮,69.88521880067978,0.9880564486558886,0.007082814824980961,埋:1.000000 | 染:1.000000 | 搓:1.000000 | 坠:1.000000 | 剃:0.999999 | 碎:0.999998 | 垫:0.999998 | 撇:0.999997 | 割:0.999997 | 握:0.999995 | 捏:0.999994 | 抡:0.999991,吊:0.142610 | 拖:0.104588 | 抬:0.070806 | 扒:0.060345 | 晃:0.035515 | 整:0.033128 | 搀:0.032640 | 喷:0.025578
106,52,0.30361942769129296,0.009255553786065447,0.40384615384615385,遏制 | 阻止 | 扰乱 | 削弱 | 阻碍 | 防止 | 干扰 | 破坏 | 牵制 | 损害 | 防范 | 妨碍,试探 | 防卫 | 干涉 | 回避 | 滥用 | 投机 | 逃避 | 激化,施加 | 保护 | 侵害 | 削弱 | 阻止 | 阻挡 | 侵犯 | 妨碍 | 回避 | 损害 | 牵制 | 避免,遏制 | 阻止 | 扰乱 | 削弱 | 阻碍 | 防止 | 干扰 | 破坏 | 牵制 | 损害 | 防范 | 妨碍 | 打击 | 威胁 | 妨害 | 压制 | 阻挡 | 避免 | 侵害 | 干预 | 危及 | 干涉 | 侵犯 | 威慑 | 杜绝 | 激化 | 切断 | 保护 | 提防 | 约束 | 制裁 | 逃避 | 清除 | 纠正 | 滥用 | 容许 | 排除 | 控制 | 警惕 | 化解 | 施压 | 操纵 | 施加 | 平息 | 防御 | 回避 | 暴露 | 人为 | 防卫 | 试探 | 投机 | 松绑,51.860513366118305,0.9958627697725851,0.002949345269266606,施压:1.000000 | 防止:1.000000 | 阻止:1.000000 | 切断:1.000000 | 杜绝:1.000000 | 滥用:1.000000 | 防卫:1.000000 | 纠正:1.000000 | 干预:0.999999 | 侵害:0.999999 | 激化:0.999999 | 保护:0.999999,倾向:0.016902 | 抵触:0.016101 | 分化:0.013785 | 低估:0.011176
107,73,0.24504174587208477,-0.030072417775125607,0.7123287671232876,零件 | 部件 | 配件 | 加工 | 设备 | 塑料 | 金属 | 机械 | 材料 | 仪器 | 工艺 | 非金属,厘米 | 内存 | 克 | 尼龙 | 液晶 | 实物 | 样本 | 桶,毫米 | 金属 | 高压 | 产值 | 装备 | 成型 | 化石 | 真空 | 桶 | 塑料 | 配件 | 型号,零件 | 部件 | 配件 | 加工 | 设备 | 塑料 | 金属 | 机械 | 材料 | 仪器 | 工艺 | 非金属 | 装备 | 陶瓷 | 型号 | 铸造 | 器材 | 样品 | 成品 | 印刷 | 电池 | 阀门 | 包装 | 橡胶 | 轮胎 | 尼龙 | 发电机 | 生产 | 混凝土 | 重型 | 仪表 | 机器 | 化纤 | 液晶 | 规格 | 气体 | 绝缘 | 工序 | 轻型 | 芯片 | 成型 | 纺织 | 千克 | 商品 | 器械 | 产值 | 真空 | 马力 | 汽油 | 毫米 | 容量 | 公斤 | 工具 | 内存 | 流通 | 磅 | 高压 | 化石 | 壳 | 实物 | 锡 | 标本 | 厘米 | 专利 | 样本 | 商标 | 桶 | 匹 | 空白 | 枚 | 后备 | 克 | 支,73.16746832656209,0.9885706021263141,0.008932199679428567,器材:1.000000 | 成型:1.000000 | 磅:1.000000 | 铸造:0.999999 | 毫米:0.999999 | 空白:0.999999 | 标本:0.999995 | 样品:0.999995 | 配件:0.999991 | 成品:0.999989 | 支:0.999989 | 机器:0.999987,电器:0.382199 | 原材料:0.073834 | 标签:0.067931 | 显示器:0.055582 | 倍:0.042616 | 吨:0.032741 | 出口:0.029982 | 二氧化碳:0.028212
108,58,0.2895722791697259,-0.010954737875141058,0.5862068965517241,军人 | 妇女 | 残疾 | 患者 | 病人 | 罪犯 | 残疾人 | 孕妇 | 士兵 | 青少年 | 儿童 | 青年,身高 | 患者 | 家长 | 病人 | 新生 | 精神病 | 岁 | 护士,宇航员 | 民警 | 警官 | 船员 | 伤残 | 家长 | 身高 | 老年 | 人身 | 职业 | 青年 | 男性,军人 | 妇女 | 残疾 | 患者 | 病人 | 罪犯 | 残疾人 | 孕妇 | 士兵 | 青少年 | 儿童 | 青年 | 女性 | 男性 | 老年 | 精神病 | 护士 | 囚犯 | 警察 | 未成年人 | 医生 | 伤残 | 成年 | 盲人 | 船员 | 吸毒 | 伤员 | 中年 | 志愿者 | 受害人 | 警官 | 战士 | 成人 | 飞行员 | 家长 | 年龄 | 民警 | 失业 | 宇航员 | 下岗 | 岁 | 职业 | 见义勇为 | 航天员 | 高龄 | 家庭 | 肇事 | 性别 | 个体 | 科学家 | 智力 | 退役 | 人身 | 身高 | 船长 | 精英 | 新生 | 终身,58.2529121429276,0.9966604247198221,0.002529955966134812,岁:1.000000 | 病人:1.000000 | 男性:1.000000 | 女性:1.000000 | 警察:1.000000 | 儿童:1.000000 | 罪犯:1.000000 | 年龄:1.000000 | 失业:0.999999 | 老年:0.999999 | 退役:0.999999 | 身高:0.999999,华裔:0.122134 | 灾区:0.100673 | 艾滋病:0.096188 | 空军:0.035649 | 住院:0.013668 | 官兵:0.010812
109,61,0.3072298213675918,-0.025356464445309618,0.6885245901639344,不行 | 没辙 | 慌 | 回去 | 不要紧 | 吃不上 | 完了 | 够呛 | 出毛病 | 赔钱 | 回来 | 完蛋,头疼 | 前头 | 空儿 | 打算 | 伤脑筋 | 算账 | 慌 | 回去,空儿 | 慌 | 够呛 | 完了 | 不成 | 打算 | 碰钉子 | 出事 | 奔波 | 下去 | 要紧 | 东奔西走,不行 | 没辙 | 慌 | 回去 | 不要紧 | 吃不上 | 完了 | 够呛 | 出毛病 | 赔钱 | 回来 | 完蛋 | 吃亏 | 发愁 | 碰钉子 | 过不去 | 办不到 | 耽误 | 要紧 | 伤脑筋 | 算了 | 得不偿失 | 犯愁 | 耽搁 | 走弯路 | 豁出去 | 干什么 | 不成 | 慢慢来 | 半途而废 | 忙 | 不了了之 | 麻烦 | 遭殃 | 亏本 | 出事 | 头疼 | 赶不上 | 下去 | 一锅粥 | 跟不上 | 空儿 | 上当 | 无济于事 | 出去 | 着落 | 成问题 | 东奔西走 | 一干二净 | 不通 | 说干就干 | 算账 | 得了 | 掉队 | 上来 | 盘算 | 前头 | 走过场 | 打算 | 奔波 | 亡羊补牢,61.16299326857781,0.9950114484795372,0.004234362695915598,出事:1.000000 | 吃不上:1.000000 | 发愁:1.000000 | 不通:1.000000 | 犯愁:1.000000 | 遭殃:1.000000 | 得不偿失:1.000000 | 跟不上:1.000000 | 不了了之:1.000000 | 慌:1.000000 | 着落:0.999999 | 耽搁:0.999999,过来:0.332679 | 怎么办:0.044527 | 跟上:0.015535 | 幸免:0.012255
110,26,0.44727994400131227,0.09664483759839859,0.038461538461538464,欣喜 | 欣慰 | 惊叹 | 赞叹 | 惊奇 | 兴奋 | 自豪 | 高兴 | 激动 | 感慨 | 赞叹不已 | 感动,容光焕发 | 好奇 | 恋恋不舍 | 依依不舍 | 得意 | 佩服 | 满意 | 感动,好奇 | 满意 | 喜出望外 | 赞不绝口 | 骄傲 | 惊奇 | 激动 | 自豪 | 欣喜 | 兴奋 | 惊叹 | 高兴,欣喜 | 欣慰 | 惊叹 | 赞叹 | 惊奇 | 兴奋 | 自豪 | 高兴 | 激动 | 感慨 | 赞叹不已 | 感动 | 感叹 | 佩服 | 振奋 | 不已 | 喜出望外 | 得意 | 赞不绝口 | 骄傲 | 恋恋不舍 | 好奇 | 依依不舍 | 满意 | 爱不释手 | 容光焕发,25.99550503884089,0.9998267788439339,0.00022233891639715275,爱不释手:1.000000 | 振奋:1.000000 | 满意:1.000000 | 欣喜:1.000000 | 赞不绝口:1.000000 | 依依不舍:1.000000 | 好奇:1.000000 | 喜出望外:1.000000 | 兴奋:1.000000 | 自豪:1.000000 | 骄傲:1.000000 | 恋恋不舍:1.000000,
111,56,0.3463989654311007,0.03928819344132125,0.2857142857142857,山岭 | 山坡 | 树林 | 山顶 | 山谷 | 峡谷 | 远处 | 小溪 | 东边 | 山峰 | 丘陵 | 西边,前方 | 波浪 | 天空 | 城墙 | 雨水 | 树荫 | 废墟 | 隔开,两侧 | 堤坝 | 山冈 | 雨水 | 穿过 | 岸上 | 山谷 | 前方 | 风沙 | 海水 | 远处 | 深处,山岭 | 山坡 | 树林 | 山顶 | 山谷 | 峡谷 | 远处 | 小溪 | 东边 | 山峰 | 丘陵 | 西边 | 树梢 | 树荫 | 礁石 | 小路 | 沼泽 | 悬崖 | 南边 | 海面 | 池塘 | 北边 | 岸上 | 河流 | 堤坝 | 岩石 | 山路 | 湖泊 | 山冈 | 树木 | 水面 | 深处 | 城墙 | 穿过 | 旁 | 上空 | 天空 | 村庄 | 两侧 | 地带 | 尽头 | 周围 | 海水 | 四周 | 沿 | 风沙 | 便道 | 波浪 | 废墟 | 雨水 | 通往 | 隔开 | 前方 | 十字路口 | 边缘 | 间,55.83324276230059,0.9957567082612445,0.0033386259766855107,西边:1.000000 | 南边:1.000000 | 东边:1.000000 | 北边:1.000000 | 废墟:1.000000 | 树林:1.000000 | 小路:1.000000 | 便道:1.000000 | 远处:1.000000 | 树荫:1.000000 | 堤坝:1.000000 | 四周:1.000000,平原:0.027310
112,41,0.38058870511885673,0.01807582532793336,0.3170731707317073,瞧不起 | 嫉妒 | 妒忌 | 嫌弃 | 看不起 | 讨厌 | 鄙视 | 羡慕 | 耻笑 | 在乎 | 不屑 | 介意,羡慕 | 耻笑 | 打扮 | 好感 | 夸夸其谈 | 不屑 | 出风头 | 朝三暮四,爱面子 | 耻笑 | 嫌弃 | 鄙视 | 宠爱 | 嫉妒 | 不屑 | 无所谓 | 瞧不起 | 羡慕 | 打扮 | 炫耀,瞧不起 | 嫉妒 | 妒忌 | 嫌弃 | 看不起 | 讨厌 | 鄙视 | 羡慕 | 耻笑 | 在乎 | 不屑 | 介意 | 娇惯 | 讨好 | 在意 | 欺负 | 挑剔 | 不在乎 | 爱面子 | 喜欢 | 爱理不理 | 炫耀 | 眼红 | 计较 | 卖弄 | 夸耀 | 算计 | 见钱眼开 | 宠爱 | 忌讳 | 出风头 | 沽名钓誉 | 好感 | 夸夸其谈 | 无所谓 | 冷落 | 嫌 | 敬而远之 | 朝三暮四 | 惯 | 打扮,40.967829978045074,0.9974699239650265,0.002261119284989721,瞧不起:1.000000 | 看不起:1.000000 | 喜欢:1.000000 | 挑剔:1.000000 | 羡慕:1.000000 | 宠爱:1.000000 | 在乎:1.000000 | 嫉妒:1.000000 | 嫌:1.000000 | 娇惯:1.000000 | 卖弄:1.000000 | 炫耀:1.000000,反感:0.032595 | 嘲笑:0.030942
113,30,0.42412000350614265,0.11070479004950913,0.13333333333333333,安逸 | 悠闲 | 宁静 | 安静 | 清静 | 平静 | 安稳 | 舒畅 | 自在 | 无忧无虑 | 愉快 | 快活,好客 | 明媚 | 从容 | 温暖 | 潇洒 | 温馨 | 融洽 | 和谐,安静 | 潇洒 | 和谐 | 无忧无虑 | 明媚 | 快活 | 悠闲 | 安稳 | 宁静 | 舒适 | 从容 | 舒畅,安逸 | 悠闲 | 宁静 | 安静 | 清静 | 平静 | 安稳 | 舒畅 | 自在 | 无忧无虑 | 愉快 | 快活 | 怡然自得 | 潇洒 | 安宁 | 富足 | 祥和 | 舒适 | 自由自在 | 知足 | 明媚 | 温馨 | 顺心 | 从容 | 温暖 | 轻松 | 平淡 | 和谐 | 融洽 | 好客,29.99684049481737,0.9997666284564575,0.0002895317529244763,清静:1.000000 | 温馨:1.000000 | 悠闲:1.000000 | 平淡:1.000000 | 好客:1.000000 | 舒适:1.000000 | 安静:1.000000 | 自由自在:1.000000 | 知足:1.000000 | 安逸:1.000000 | 安稳:1.000000 | 愉快:1.000000,
114,40,0.24880651642830204,-0.04344607840665711,0.85,向着 | 朝着 | 紧紧 | 缓缓 | 沿着 | 一齐 | 不停 | 飞速 | 向前 | 聚精会神 | 迅速 | 争先恐后,关掉 | 无不 | 彻夜 | 时时 | 四面八方 | 聚精会神 | 千军万马 | 一如既往,抓住 | 敞开 | 争先恐后 | 顺势 | 下 | 四面八方 | 一手 | 无不 | 站 | 沿着 | 飞速 | 源源不断,向着 | 朝着 | 紧紧 | 缓缓 | 沿着 | 一齐 | 不停 | 飞速 | 向前 | 聚精会神 | 迅速 | 争先恐后 | 开动 | 地 | 朝 | 牢牢 | 抓住 | 一面 | 顺势 | 敞开 | 四面八方 | 不约而同 | 对准 | 打开 | 正在 | 源源不断 | 正 | 一路 | 时时 | 向 | 一如既往 | 拉开 | 千军万马 | 站 | 一道 | 一手 | 彻夜 | 无不 | 关掉 | 下,40.03008921326963,0.9986424855233281,0.0012761013953834842,开动:1.000000 | 牢牢:1.000000 | 向着:1.000000 | 敞开:1.000000 | 向:1.000000 | 朝着:1.000000 | 顺势:1.000000 | 关掉:1.000000 | 四面八方:1.000000 | 飞速:1.000000 | 打开:1.000000 | 时时:1.000000,率先:0.058279 | 离不开:0.014390
115,61,0.24018289396110318,-0.030368326559460694,0.7213114754098361,水源 | 灌溉 | 防治 | 地下水 | 治理 | 污水 | 绿化 | 土壤 | 开采 | 防汛 | 施工 | 饮水,种植 | 入口 | 建筑 | 预防 | 产地 | 重大 | 密度 | 并行,风力 | 照明 | 应急 | 预报 | 温室 | 整治 | 入口 | 辐射 | 修复 | 疏通 | 开采 | 扩散,水源 | 灌溉 | 防治 | 地下水 | 治理 | 污水 | 绿化 | 土壤 | 开采 | 防汛 | 施工 | 饮水 | 防疫 | 应急 | 地质 | 勘探 | 净化 | 整治 | 排放 | 尾气 | 采矿 | 气象 | 预防 | 疏通 | 种植 | 清洁 | 照明 | 消防 | 处置 | 气候 | 疏导 | 预报 | 修复 | 温室 | 建筑 | 开垦 | 辐射 | 输送 | 通信 | 通讯 | 源头 | 枢纽 | 流入 | 流向 | 卫星 | 重建 | 贯通 | 人工 | 取暖 | 扩散 | 隔离 | 流动 | 核电站 | 风力 | 密度 | 转移 | 分离 | 产地 | 入口 | 重大 | 并行,61.09145557630014,0.9943501510211541,0.005404347587109933,预防:1.000000 | 疏通:1.000000 | 疏导:1.000000 | 取暖:1.000000 | 开垦:1.000000 | 入口:1.000000 | 防治:1.000000 | 气候:0.999998 | 防疫:0.999994 | 产地:0.999989 | 整治:0.999989 | 灌溉:0.999989,太阳能:0.250041 | 二氧化碳:0.054395 | 调度:0.015055 | 休眠:0.011428 | 救灾:0.011247
116,62,0.28187120425762374,0.0041315041212399975,0.46774193548387094,冠军 | 决赛 | 夺冠 | 亚军 | 半决赛 | 夺魁 | 银牌 | 铜牌 | 金牌 | 预赛 | 奖杯 | 奖牌,绝技 | 跳水 | 主演 | 上映 | 出演 | 叫板 | 高手 | 绯闻,胜负 | 绯闻 | 出道 | 勋章 | 搭档 | 铜牌 | 比分 | 冠军 | 出演 | 银牌 | 巨星 | 胜出,冠军 | 决赛 | 夺冠 | 亚军 | 半决赛 | 夺魁 | 银牌 | 铜牌 | 金牌 | 预赛 | 奖杯 | 奖牌 | 爆冷门 | 获胜 | 世界杯 | 胜出 | 入场券 | 角逐 | 大奖赛 | 奖项 | 交锋 | 搭档 | 阵容 | 较量 | 无缘 | 出场 | 头衔 | 大腕儿 | 比分 | 胜负 | 巨星 | 赢家 | 高手 | 巅峰 | 王牌 | 出道 | 成绩 | 主角 | 主演 | 头号 | 大师 | 出演 | 对弈 | 开场 | 新人 | 亮相 | 代言人 | 称号 | 生涯 | 状元 | 票房 | 身价 | 绝技 | 上映 | 绯闻 | 叫板 | 舵手 | 跳水 | 场 | 勋章 | 倒数 | 阵营,61.64802502451471,0.9900506748672655,0.004673337137705214,银牌:1.000000 | 铜牌:1.000000 | 奖杯:1.000000 | 金牌:1.000000 | 爆冷门:1.000000 | 奖牌:1.000000 | 角逐:1.000000 | 夺魁:1.000000 | 入场券:1.000000 | 出场:1.000000 | 胜出:0.999999 | 勋章:0.999999,连续剧:0.108264 | 对手:0.054369 | 半场:0.024357 | 输家:0.014604
117,28,0.34123827910015053,0.00928625006075597,0.35714285714285715,迷恋 | 放纵 | 狂热 | 沉迷 | 厌倦 | 迷失 | 痴迷 | 颓废 | 追逐 | 浮躁 | 幻想 | 追求,压抑 | 怀旧 | 颓废 | 喧哗 | 浮躁 | 厌倦 | 疯狂 | 消遣,压抑 | 浮躁 | 颓废 | 追求 | 寻觅 | 沉迷 | 发泄 | 沉浸 | 忘掉 | 幻想 | 寻找 | 宣泄,迷恋 | 放纵 | 狂热 | 沉迷 | 厌倦 | 迷失 | 痴迷 | 颓废 | 追逐 | 浮躁 | 幻想 | 追求 | 宣泄 | 狂欢 | 发泄 | 疯狂 | 压抑 | 沉浸 | 怀旧 | 忘掉 | 尽情 | 消遣 | 喧哗 | 寻觅 | 遗忘 | 诱惑 | 远离 | 寻找,28.014027881401386,0.9995388754099449,0.0005884653372745298,尽情:1.000000 | 狂欢:1.000000 | 沉迷:1.000000 | 喧哗:1.000000 | 疯狂:1.000000 | 狂热:1.000000 | 放纵:1.000000 | 浮躁:1.000000 | 遗忘:1.000000 | 消遣:1.000000 | 远离:1.000000 | 追逐:1.000000,充满:0.018459
118,65,0.2910703653146242,-0.0017746809872809777,0.5846153846153846,很 | 非常 | 比较 | 不怎么 | 挺 | 太 | 够 | 十分 | 相当 | 挺好 | 蛮 | 多么,自然而然 | 不同寻常 | 好说 | 平时 | 能 | 讲究 | 挺好 | 可,极其 | 最好 | 看上去 | 最 | 多 | 一概而论 | 稍微 | 美中不足 | 非常 | 容易 | 值得 | 平时,很 | 非常 | 比较 | 不怎么 | 挺 | 太 | 够 | 十分 | 相当 | 挺好 | 蛮 | 多么 | 不算 | 极其 | 不够 | 极为 | 好 | 过于 | 不错 | 更加 | 如此 | 稍微 | 显得 | 着实 | 足够 | 容易 | 难说 | 好说 | 看起来 | 一点儿 | 得 | 特别 | 要好 | 真 | 平常 | 难得 | 看上去 | 极 | 值得 | 要强 | 最 | 不难 | 见仁见智 | 难 | 难以 | 比 | 讲究 | 显而易见 | 适合 | 差 | 怎样 | 最好 | 不同寻常 | 平时 | 一般 | 能 | 美中不足 | 多 | 足以 | 绝 | 重要 | 自然而然 | 截然不同 | 一概而论 | 可,66.60885210719357,0.9977217383684671,0.0025927789204251367,平时:1.000000 | 要强:1.000000 | 显得:1.000000 | 非常:1.000000 | 要好:1.000000 | 平常:0.999999 | 难得:0.999999 | 难说:0.999999 | 挺好:0.999999 | 绝:0.999998 | 适合:0.999998 | 太:0.999998,那样:0.300717 | 更:0.282435 | 这样:0.233570 | 完全:0.224146 | 什么样:0.174140 | 实在:0.138388 | 不同:0.119752 | 不如:0.102983
119,71,0.2508612078979274,-0.020714582769446377,0.6619718309859155,鹿 | 玉 | 虎 | 紫 | 玄 | 仙鹤 | 野 | 豹 | 马 | 鹰 | 龙 | 鸟,姜 | 右 | 火 | 左 | 吉祥 | 官 | 天下 | 桃花,鸟 | 姜 | 番 | 鹰 | 神 | 之 | 猴 | 朵 | 密 | 红 | 右 | 罗,鹿 | 玉 | 虎 | 紫 | 玄 | 仙鹤 | 野 | 豹 | 马 | 鹰 | 龙 | 鸟 | 灵 | 白 | 琴 | 青 | 神 | 燕子 | 猴 | 龟 | 黄 | 佛 | 福 | 熊 | 红 | 蓝 | 俊 | 梅花 | 王 | 牛 | 魂 | 妙 | 桃花 | 姜 | 铃 | 子 | 丁 | 傲 | 牡丹 | 罗 | 拳 | 良 | 驯 | 如意 | 火 | 吉祥 | 古 | 坛 | 棋 | 功 | 素 | 太极 | 菩萨 | 兵 | 密 | 嫦娥 | 朵 | 官 | 母 | 胆 | 阵 | 兹 | 右 | 左 | 许 | 谱 | 甲 | 番 | 天下 | 伴 | 之,70.7844743894316,0.9914326921722542,0.0073207862904381485,左:1.000000 | 驯:1.000000 | 右:1.000000 | 灵:1.000000 | 妙:1.000000 | 功:1.000000 | 吉祥:1.000000 | 如意:0.999999 | 丁:0.999999 | 棋:0.999998 | 豹:0.999997 | 兵:0.999996,〇:0.091453 | 狼:0.066969 | 文:0.035978 | 帆:0.034031 | 墨:0.031451 | 凤凰:0.023893 | 天鹅:0.021874 | 冰:0.020327
120,40,0.3145458034052573,0.0004212606406544425,0.5,怨 | 恨 | 馋 | 烦 | 忍 | 愁 | 冤 | 贪 | 苦 | 穷 | 忘 | 醉,情 | 祖宗 | 醉 | 爱 | 夸 | 馋 | 活 | 风流,闲 | 苦 | 顾 | 戒 | 贪 | 敬 | 馋 | 忘 | 求 | 死 | 饶 | 怨,怨 | 恨 | 馋 | 烦 | 忍 | 愁 | 冤 | 贪 | 苦 | 穷 | 忘 | 醉 | 懒 | 仇 | 死 | 俗 | 爱 | 敬 | 宠 | 养 | 累 | 瞒 | 夸 | 饶 | 戒 | 祖宗 | 亲 | 闲 | 风流 | 矣 | 宰 | 生 | 情 | 赖 | 求 | 君子 | 多心 | 讨 | 活 | 顾,40.11945947681447,0.9997504245840414,0.00034348615312644463,养:1.000000 | 穷:1.000000 | 怨:1.000000 | 宠:1.000000 | 苦:1.000000 | 烦:1.000000 | 忘:1.000000 | 贪:1.000000 | 敬:1.000000 | 情:1.000000 | 愁:1.000000 | 冤:1.000000,曰:0.064675 | 老:0.039726
121,31,0.31556632586951094,0.016377514477180614,0.41935483870967744,阐述 | 论述 | 讲解 | 归纳 | 总结 | 概括 | 编写 | 表述 | 解答 | 研讨 | 领会 | 撰写,观摩 | 温习 | 传达 | 编排 | 书写 | 概论 | 启发 | 推敲,专著 | 总结 | 讲解 | 编写 | 启发 | 传达 | 演示 | 领会 | 书写 | 撰写 | 研讨 | 列举,阐述 | 论述 | 讲解 | 归纳 | 总结 | 概括 | 编写 | 表述 | 解答 | 研讨 | 领会 | 撰写 | 论证 | 列举 | 演示 | 解说 | 温习 | 推敲 | 构思 | 编排 | 传授 | 书写 | 引用 | 传达 | 启发 | 专著 | 观摩 | 概论 | 作 | 对照 | 举一反三,30.950309885048107,0.998264057419514,0.0016322220700977315,编排:1.000000 | 演示:1.000000 | 论述:1.000000 | 讲解:1.000000 | 表述:1.000000 | 构思:1.000000 | 书写:1.000000 | 观摩:1.000000 | 阐述:1.000000 | 总结:1.000000 | 推敲:0.999998 | 传授:0.999995,
122,82,0.27260088031005275,-0.005878634328635512,0.5609756097560976,议会 | 议员 | 宪法 | 政党 | 国会 | 公民 | 内阁 | 人权 | 外交官 | 总统 | 军官 | 选民,代表团 | 此致 | 势力 | 慈善 | 东道主 | 裁判 | 法庭 | 外籍,华裔 | 舆论 | 条约 | 慈善 | 工会 | 空军 | 军事 | 宣言 | 民意 | 元首 | 邻国 | 契约,议会 | 议员 | 宪法 | 政党 | 国会 | 公民 | 内阁 | 人权 | 外交官 | 总统 | 军官 | 选民 | 法官 | 外交 | 首脑 | 政权 | 军队 | 官吏 | 首相 | 司法 | 法律 | 政府 | 官员 | 元首 | 大选 | 工会 | 民众 | 选举 | 国民 | 军事 | 权力 | 联合国 | 大臣 | 雇员 | 条约 | 领袖 | 审判 | 国王 | 工商界 | 领土 | 竞选 | 海军 | 纲领 | 权利 | 陆军 | 邻国 | 同盟 | 主权 | 法庭 | 刑法 | 民意 | 华侨 | 平民 | 势力 | 舆论 | 雇主 | 大使馆 | 国防 | 职员 | 代表团 | 空军 | 商人 | 团体 | 裁判 | 宣言 | 利益 | 财产 | 契约 | 社论 | 威信 | 代理人 | 华裔 | 当事人 | 国籍 | 责任 | 东道主 | 名誉 | 慈善 | 外籍 | 此致 | 者 | 名义,81.95991957857429,0.9903779036555422,0.00789094993254079,契约:1.000000 | 领土:0.999999 | 宣言:0.999999 | 军官:0.999999 | 社论:0.999999 | 势力:0.999999 | 军事:0.999998 | 邻国:0.999998 | 责任:0.999997 | 同盟:0.999996 | 裁判:0.999995 | 团体:0.999993,承诺:0.289241 | 总理:0.132084 | 员工:0.050689 | 政治:0.042536 | 天主教:0.027154 | 和解:0.023570 | 名:0.021425 | 建交:0.015099
123,56,0.22760249665049956,-0.033554514485000644,0.7678571428571429,划分 | 设置 | 分割 | 重叠 | 简化 | 分散 | 压缩 | 分配 | 间隔 | 分成 | 更改 | 限定,放大 | 限制 | 出入 | 拆除 | 应付 | 安置 | 通行 | 整理,交接 | 缩短 | 用途 | 限定 | 安置 | 重叠 | 分布 | 等级 | 封闭 | 追溯 | 关闭 | 间隔,划分 | 设置 | 分割 | 重叠 | 简化 | 分散 | 压缩 | 分配 | 间隔 | 分成 | 更改 | 限定 | 占用 | 缩短 | 安排 | 改动 | 限制 | 衔接 | 分布 | 排列 | 重合 | 精简 | 迁移 | 分开 | 固定 | 安置 | 布置 | 轮换 | 封闭 | 搁置 | 集中 | 运转 | 流转 | 关闭 | 拆除 | 通行 | 循环 | 交换 | 清理 | 交接 | 用途 | 放大 | 附加 | 停留 | 出入 | 相等 | 过渡 | 省略 | 纬度 | 等级 | 经度 | 整理 | 累积 | 供 | 追溯 | 应付,55.951261032369935,0.9880244230415307,0.006609728912719493,布置:1.000000 | 安排:1.000000 | 经度:1.000000 | 轮换:1.000000 | 重叠:1.000000 | 应付:0.999999 | 出入:0.999998 | 占用:0.999997 | 整理:0.999996 | 清理:0.999996 | 封闭:0.999994 | 压缩:0.999988,缩小:0.230880 | 标示:0.118329 | 转换:0.072677 | 分离:0.039058 | 次数:0.018550 | 对称:0.011882
124,81,0.2560646972679497,-0.008376528966561738,0.5555555555555556,职责 | 履行 | 职权 | 法规 | 规定 | 职能 | 制度 | 磋商 | 协商 | 监督 | 协定 | 事项,领事 | 会晤 | 调动 | 维护 | 依法 | 仲裁 | 予以 | 互访,用人 | 方针 | 意向 | 计划 | 双边 | 事务 | 改革 | 予以 | 维护 | 分工 | 要求 | 环节,职责 | 履行 | 职权 | 法规 | 规定 | 职能 | 制度 | 磋商 | 协商 | 监督 | 协定 | 事项 | 程序 | 条例 | 协调 | 纪律 | 议程 | 仲裁 | 监察 | 草案 | 事宜 | 条款 | 事务 | 会议 | 规范 | 监管 | 公约 | 决议 | 谈判 | 执法 | 行政 | 义务 | 分工 | 遵守 | 改革 | 依法 | 方针 | 秩序 | 多边 | 方案 | 调解 | 流程 | 会谈 | 考核 | 检察 | 会晤 | 纲要 | 负有 | 部署 | 调度 | 整顿 | 任务 | 日程 | 要求 | 维护 | 计划 | 双边 | 行使 | 上级 | 把关 | 人事 | 经贸 | 廉政 | 时间表 | 互访 | 双方 | 下级 | 作出 | 领事 | 调动 | 予以 | 进度 | 服从 | 小组 | 环节 | 指引 | 联络 | 意向 | 全局 | 响应 | 用人,80.87264816515834,0.9915277021466044,0.006596514017964381,调解:1.000000 | 下级:0.999998 | 监察:0.999998 | 多边:0.999996 | 职权:0.999996 | 联络:0.999995 | 纪律:0.999993 | 日程:0.999993 | 分工:0.999992 | 监督:0.999990 | 任务:0.999985 | 协商:0.999983,准则:0.180560 | 司法:0.094248 | 执行:0.022643 | 法制:0.020208 | 统筹:0.018382 | 统一:0.018365 | 选举:0.016360 | 外交:0.015364
125,32,0.3023007401285404,0.021452226132745576,0.46875,赠送 | 送给 | 捐赠 | 捐献 | 捐助 | 转交 | 赠 | 捐款 | 无偿 | 募捐 | 交给 | 拿走,亲自 | 随身 | 纪念 | 预备 | 嫁妆 | 自费 | 亲手 | 拿走,亲自 | 慰劳 | 嫁妆 | 珍藏 | 捐赠 | 预备 | 捐献 | 无偿 | 赠 | 赞助 | 拿走 | 自费,赠送 | 送给 | 捐赠 | 捐献 | 捐助 | 转交 | 赠 | 捐款 | 无偿 | 募捐 | 交给 | 拿走 | 慰劳 | 献 | 订购 | 索取 | 拿出 | 送到 | 赞助 | 自费 | 领取 | 珍藏 | 嫁妆 | 亲手 | 拿到 | 定做 | 亲自 | 自愿 | 换取 | 随身 | 纪念 | 预备,31.96137588518962,0.9986975217913785,0.0012041014178421476,送给:1.000000 | 珍藏:1.000000 | 赠送:1.000000 | 拿到:1.000000 | 慰劳:1.000000 | 捐献:1.000000 | 捐赠:1.000000 | 献:1.000000 | 亲手:1.000000 | 索取:1.000000 | 无偿:1.000000 | 拿走:1.000000,
126,61,0.29936488026025915,-0.00787476473656235,0.5573770491803278,遇见 | 见到 | 看见 | 碰见 | 目睹 | 想起 | 看到 | 见过 | 亲眼 | 想到 | 忘不了 | 来到,念念不忘 | 不辞而别 | 料到 | 取经 | 祭奠 | 迎接 | 身影 | 心爱,见到 | 找到 | 遇见 | 渡过 | 等待 | 错过 | 不辞而别 | 相识 | 亲眼 | 赶上 | 念念不忘 | 告别,遇见 | 见到 | 看见 | 碰见 | 目睹 | 想起 | 看到 | 见过 | 亲眼 | 想到 | 忘不了 | 来到 | 走过 | 认出 | 结识 | 梦见 | 忘记 | 陪伴 | 相识 | 离开 | 找到 | 相遇 | 踏上 | 回想 | 放过 | 有幸 | 度过 | 记得 | 回到 | 记住 | 走进 | 错过 | 了却 | 守候 | 见证 | 料到 | 走近 | 经历 | 赶上 | 相伴 | 亲身 | 渡过 | 投奔 | 独自 | 风风雨雨 | 念念不忘 | 不见 | 形影不离 | 不辞而别 | 告别 | 心爱 | 身影 | 跟随 | 留下 | 如愿以偿 | 解开 | 迎接 | 祭奠 | 洗礼 | 等待 | 取经,61.05211591662766,0.9988707606956009,0.0012417006816041606,遇见:1.000000 | 目睹:1.000000 | 度过:1.000000 | 看到:1.000000 | 心爱:1.000000 | 亲眼:1.000000 | 走进:1.000000 | 记住:1.000000 | 找到:1.000000 | 想起:1.000000 | 告别:1.000000 | 结识:1.000000,等候:0.037743 | 归来:0.012573 | 祈祷:0.012383
127,97,0.467590779298651,0.1590466704765083,0.041237113402061855,姑姑 | 姐姐 | 爸 | 舅舅 | 爸爸 | 奶奶 | 嫂子 | 妈妈 | 妹妹 | 妈 | 哥哥 | 闺女,脑子 | 身边 | 哇 | 家里 | 哈哈 | 嘿 | 能人 | 伯父,老板 | 爷爷 | 父亲 | 女孩儿 | 哥 | 女儿 | 老婆 | 丈夫 | 亲戚 | 阿姨 | 老公 | 大姐,姑姑 | 姐姐 | 爸 | 舅舅 | 爸爸 | 奶奶 | 嫂子 | 妈妈 | 妹妹 | 妈 | 哥哥 | 闺女 | 姥姥 | 爷爷 | 爹 | 姥爷 | 媳妇 | 老婆 | 大姐 | 儿子 | 叔叔 | 母亲 | 弟弟 | 外婆 | 女儿 | 父亲 | 伯母 | 阿姨 | 老公 | 大哥 | 大爷 | 老太太 | 外公 | 孙女 | 姐 | 伯父 | 她 | 伯伯 | 孩子 | 男朋友 | 丈夫 | 太太 | 小孩儿 | 娘 | 岳母 | 老头儿 | 老伴儿 | 女朋友 | 姑娘 | 妻子 | 岳父 | 姨 | 孙子 | 丫头 | 亲戚 | 大妈 | 妹 | 我 | 女婿 | 老汉 | 师父 | 女孩儿 | 老人家 | 小伙子 | 同学 | 他 | 老乡 | 老师 | 朋友 | 邻居 | 师傅 | 男人 | 老人 | 胖子 | 女人 | 老王 | 男孩儿 | 同事 | 家里 | 女生 | 俩 | 徒弟 | 男生 | 哥 | 宝宝 | 小朋友 | 老板 | 保姆 | 小王 | 哈哈 | 熟人 | 哇 | 嘿 | 人 | 身边 | 脑子 | 能人,97.0203172466049,0.9985033040800618,0.0014211313923932361,老伴儿:1.000000 | 姥姥:1.000000 | 爸爸:1.000000 | 奶奶:1.000000 | 孩子:1.000000 | 爸:1.000000 | 妈:1.000000 | 闺女:1.000000 | 妈妈:1.000000 | 老太太:1.000000 | 儿子:1.000000 | 老婆:1.000000,小姐:0.095553 | 弟:0.030349 | 继父:0.014081
128,40,0.37467617208543263,0.059662759174921184,0.15,恳求 | 劝说 | 劝 | 劝告 | 哀求 | 嘱咐 | 吩咐 | 劝阻 | 叮嘱 | 催促 | 答应 | 推辞,怠慢 | 上司 | 敬酒 | 有事 | 坦白 | 体谅 | 当众 | 安慰,劝说 | 告诫 | 说情 | 有事 | 关照 | 听从 | 请求 | 乞求 | 答应 | 怠慢 | 替 | 劝阻,恳求 | 劝说 | 劝 | 劝告 | 哀求 | 嘱咐 | 吩咐 | 劝阻 | 叮嘱 | 催促 | 答应 | 推辞 | 说服 | 安慰 | 告辞 | 告诫 | 再三 | 说情 | 体谅 | 乞求 | 认错 | 当着 | 请求 | 帮忙 | 道歉 | 商量 | 照办 | 当面 | 听从 | 关照 | 交涉 | 私下 | 安抚 | 敬酒 | 当众 | 怠慢 | 坦白 | 上司 | 替 | 有事,39.98722565035192,0.9990087415426137,0.0011097048726131339,嘱咐:1.000000 | 劝:1.000000 | 吩咐:1.000000 | 劝说:1.000000 | 叮嘱:1.000000 | 催促:1.000000 | 告辞:1.000000 | 关照:1.000000 | 推辞:1.000000 | 当众:1.000000 | 哀求:1.000000 | 劝告:1.000000,讨好:0.018963
129,61,0.32887004513034246,0.010192493872135208,0.47540983606557374,性格 | 人格 | 情感 | 内心 | 感情 | 天性 | 心灵 | 审美 | 人性 | 品德 | 本性 | 自尊心,为人 | 话语 | 情绪 | 冲动 | 生活 | 治学 | 修养 | 相处,交往 | 为人 | 冲动 | 认知 | 眼光 | 生活 | 欲望 | 话语 | 内心 | 心理 | 潜移默化 | 异性,性格 | 人格 | 情感 | 内心 | 感情 | 天性 | 心灵 | 审美 | 人性 | 品德 | 本性 | 自尊心 | 理智 | 思维 | 感性 | 认知 | 言语 | 教养 | 欲望 | 修养 | 直觉 | 自信心 | 自我 | 心胸 | 心理 | 心态 | 阅历 | 品行 | 言行 | 好奇心 | 身心 | 情绪 | 本能 | 信仰 | 头脑 | 眼界 | 交际 | 智商 | 恋爱 | 话语 | 耐性 | 眼光 | 婚姻 | 相处 | 为人 | 交往 | 生活 | 一言一行 | 常人 | 冲动 | 异性 | 治学 | 潜移默化 | 喜好 | 圈子 | 真理 | 他人 | 衣食住行 | 换位 | 伴侣 | 彼此,61.26410125265935,0.9978625687727913,0.0018741139889206294,异性:1.000000 | 生活:1.000000 | 心理:1.000000 | 本能:1.000000 | 圈子:1.000000 | 眼光:1.000000 | 欲望:1.000000 | 自我:1.000000 | 情感:1.000000 | 审美:1.000000 | 品德:1.000000 | 内心:1.000000,喜怒哀乐:0.149536 | 价值观:0.070450 | 上帝:0.030817 | 性情:0.026445 | 上司:0.019946 | 爱情:0.017930 | 精神:0.015962 | 运气:0.014674
130,40,0.27883164029176727,-0.019452452500702145,0.625,把柄 | 计策 | 招数 | 弱点 | 黑手 | 帮手 | 得手 | 对手 | 圈套 | 绝招 | 下场 | 靶子,作对 | 功劳 | 取胜 | 野心 | 主意 | 名声 | 武器 | 化险为夷,下手 | 野心 | 功劳 | 输家 | 靶子 | 化险为夷 | 替身 | 作对 | 帮手 | 对手 | 得手 | 武器,把柄 | 计策 | 招数 | 弱点 | 黑手 | 帮手 | 得手 | 对手 | 圈套 | 绝招 | 下场 | 靶子 | 棋子 | 战术 | 主意 | 替身 | 下手 | 架势 | 诱饵 | 出手 | 野心 | 威力 | 武器 | 筹码 | 威风 | 要害 | 盟友 | 摆平 | 输家 | 失误 | 作对 | 小卒 | 犯规 | 可乘之机 | 取胜 | 功劳 | 化险为夷 | 名声 | 呼风唤雨 | 幕后,39.978221026352266,0.9978696676152359,0.0019756905121053126,把柄:1.000000 | 威风:1.000000 | 帮手:1.000000 | 架势:1.000000 | 威力:1.000000 | 武器:1.000000 | 圈套:1.000000 | 棋子:1.000000 | 得手:1.000000 | 取胜:1.000000 | 诱饵:1.000000 | 化险为夷:0.999999,跑龙套:0.015701 | 上当:0.015456
131,48,0.30005832472692395,0.011528335675554467,0.3541666666666667,顺畅 | 稳妥 | 可靠 | 合理 | 高效 | 通畅 | 便捷 | 严密 | 扎实 | 完备 | 周密 | 有序,熟练 | 不易 | 面面俱到 | 细致 | 务实 | 过硬 | 慎重 | 灵通,有力 | 慎重 | 有效 | 见效 | 高效 | 不易 | 有序 | 循序渐进 | 便利 | 细致 | 适宜 | 适度,顺畅 | 稳妥 | 可靠 | 合理 | 高效 | 通畅 | 便捷 | 严密 | 扎实 | 完备 | 周密 | 有序 | 可行 | 畅通 | 快捷 | 正确 | 细致 | 健全 | 得当 | 严格 | 有力 | 灵活 | 合适 | 有效 | 得力 | 周到 | 充足 | 慎重 | 适宜 | 过硬 | 适度 | 万无一失 | 到位 | 有利 | 安全 | 必要 | 顺利 | 务实 | 超前 | 便利 | 熟练 | 有益 | 循序渐进 | 持久 | 面面俱到 | 见效 | 不易 | 灵通,48.159787120330634,0.9980878149302219,0.0015939802868655923,便捷:1.000000 | 通畅:1.000000 | 畅通:1.000000 | 万无一失:1.000000 | 快捷:1.000000 | 有序:1.000000 | 得力:1.000000 | 便利:1.000000 | 可靠:1.000000 | 有力:1.000000 | 周密:1.000000 | 顺利:1.000000,恰当:0.097677 | 性价比:0.034347 | 与时俱进:0.026310 | 严谨:0.025260 | 适当:0.019780
132,42,0.4044271787568258,0.06223631247264987,0.047619047619047616,胡闹 | 吵嘴 | 打岔 | 骂 | 闹着玩儿 | 吵架 | 发脾气 | 唠叨 | 吵 | 说闲话 | 嚷 | 插嘴,不理 | 贪玩儿 | 骂 | 哼 | 胡思乱想 | 诉苦 | 喊 | 耳光,嚷 | 出洋相 | 闹 | 开玩笑 | 随大溜 | 打岔 | 吵架 | 指手画脚 | 贪玩儿 | 吓唬 | 出丑 | 唠叨,胡闹 | 吵嘴 | 打岔 | 骂 | 闹着玩儿 | 吵架 | 发脾气 | 唠叨 | 吵 | 说闲话 | 嚷 | 插嘴 | 逞能 | 吓唬 | 吹牛 | 絮叨 | 贪玩儿 | 说话 | 打架 | 耍赖 | 出洋相 | 开玩笑 | 闹 | 不理 | 告状 | 哼 | 胡思乱想 | 发火 | 敲边鼓 | 看热闹 | 出丑 | 随大溜 | 穿小鞋 | 搞鬼 | 指手画脚 | 诉苦 | 较劲 | 喊 | 泼冷水 | 出难题 | 耳光 | 壮胆,42.07654481677278,0.9996011363873107,0.0004976518584551832,嚷:1.000000 | 吵:1.000000 | 贪玩儿:1.000000 | 打架:1.000000 | 打岔:1.000000 | 发脾气:1.000000 | 发火:1.000000 | 出丑:1.000000 | 泼冷水:1.000000 | 敲边鼓:1.000000 | 骂:1.000000 | 随大溜:0.999999,撒谎:0.030126 | 捣乱:0.025398 | 钻空子:0.019120
133,68,0.29158227485818666,-0.00986548621754835,0.5588235294117647,大海 | 雪山 | 沙漠 | 草原 | 沙滩 | 海浪 | 美景 | 海滩 | 景色 | 高山 | 彩霞 | 冰雪,洪水 | 黄昏 | 海拔 | 朱红 | 米 | 红色 | 风雨 | 片,瀑布 | 风景 | 草原 | 太空 | 米 | 热带 | 海滨 | 瑞雪 | 巨型 | 高山 | 乐园 | 大地,大海 | 雪山 | 沙漠 | 草原 | 沙滩 | 海浪 | 美景 | 海滩 | 景色 | 高山 | 彩霞 | 冰雪 | 蓝天 | 海滨 | 戈壁 | 瀑布 | 海洋 | 月亮 | 高原 | 风景 | 星星 | 森林 | 黑夜 | 彩虹 | 大地 | 太阳 | 丛林 | 奇花异草 | 大自然 | 天上 | 喷泉 | 陆地 | 草地 | 荷花 | 焰火 | 天鹅 | 冰山 | 景观 | 阳光 | 黄昏 | 大雁 | 远方 | 热气球 | 烟火 | 天堂 | 火山 | 瑞雪 | 温泉 | 北极 | 游人 | 热带 | 南极 | 骏马 | 烟花 | 蓝色 | 太空 | 乐园 | 天地 | 风雨 | 海拔 | 大片 | 鸟巢 | 巨型 | 红色 | 洪水 | 朱红 | 片 | 米,68.12240811718418,0.9947947785452769,0.0031506768987361604,景色:1.000000 | 美景:1.000000 | 风景:1.000000 | 远方:1.000000 | 焰火:1.000000 | 沙滩:1.000000 | 喷泉:1.000000 | 丛林:1.000000 | 片:1.000000 | 阳光:1.000000 | 大海:1.000000 | 烟火:1.000000,大象:0.251724 | 丘陵:0.089496 | 峡谷:0.025974 | 燕子:0.018151 | 海底:0.018036 | 地球:0.013375
134,49,0.3854249243560417,0.02953214557587562,0.22448979591836735,哆嗦 | 哭 | 疼 | 吓 | 颤抖 | 晕 | 睡着 | 发抖 | 睁 | 咧嘴 | 笑 | 醒,受惊 | 笑 | 口水 | 痛 | 颤抖 | 挠 | 眨眼 | 皱,受惊 | 哑 | 喘 | 摔倒 | 笑 | 动弹 | 咽 | 直视 | 睡着 | 哭 | 痛 | 瞪,哆嗦 | 哭 | 疼 | 吓 | 颤抖 | 晕 | 睡着 | 发抖 | 睁 | 咧嘴 | 笑 | 醒 | 惨白 | 惊醒 | 咳 | 瘫 | 瞪 | 憋 | 摇晃 | 痒 | 通红 | 吐 | 动弹 | 呛 | 淌 | 喘 | 哑 | 晃 | 醒来 | 咽 | 僵 | 痛 | 昏 | 皱 | 吼 | 晕倒 | 眨眼 | 挠 | 摔倒 | 惊 | 歪 | 酣睡 | 受惊 | 觉 | 口水 | 响 | 聋 | 打雷 | 直视,48.92960184123789,0.997315611352571,0.0023757235475013803,皱:1.000000 | 醒来:1.000000 | 惊:1.000000 | 颤抖:1.000000 | 笑:1.000000 | 痛:1.000000 | 酣睡:1.000000 | 咳:1.000000 | 摔倒:1.000000 | 哑:1.000000 | 哭:0.999999 | 醒:0.999999,迷路:0.012859
135,41,0.29380038527790725,0.04038798619692204,0.24390243902439024,相继 | 接连 | 先后 | 随即 | 再度 | 屡次 | 再次 | 频频 | 随后 | 陆续 | 多次 | 纷纷,停止 | 史无前例 | 发出 | 下令 | 声称 | 直至 | 一同 | 宣称,发出 | 其后 | 即将 | 继而 | 随后 | 屡次 | 陆续 | 史无前例 | 屡 | 前不久 | 多次 | 随即,相继 | 接连 | 先后 | 随即 | 再度 | 屡次 | 再次 | 频频 | 随后 | 陆续 | 多次 | 纷纷 | 紧接着 | 此后 | 接二连三 | 被迫 | 曾 | 宣布 | 不久 | 其后 | 一度 | 传出 | 继而 | 屡 | 首次 | 宣告 | 同年 | 将要 | 一同 | 即将 | 下令 | 前不久 | 一举 | 一连串 | 声称 | 宣称 | 发出 | 集体 | 直至 | 停止 | 史无前例,41.46669188159639,0.9991994783298791,0.0009663647467686026,声称:1.000000 | 发出:1.000000 | 接连:1.000000 | 接二连三:1.000000 | 宣告:1.000000 | 宣称:1.000000 | 频频:1.000000 | 屡:1.000000 | 一度:1.000000 | 宣布:1.000000 | 紧接着:0.999999 | 即将:0.999998,为期:0.448324 | 立即:0.020528
136,45,0.2864069682883445,0.013873314533889862,0.28888888888888886,偏 | 弱 | 强劲 | 平稳 | 稳健 | 明显 | 相对 | 弱势 | 强势 | 略微 | 温和 | 趋于,温和 | 良好 | 领先 | 充沛 | 活跃 | 明朗 | 力 | 不大,宽松 | 韧性 | 向上 | 收敛 | 略微 | 均衡 | 强势 | 不大 | 较 | 为主 | 有所 | 温和,偏 | 弱 | 强劲 | 平稳 | 稳健 | 明显 | 相对 | 弱势 | 强势 | 略微 | 温和 | 趋于 | 显著 | 稳定 | 稍 | 韧性 | 良好 | 整体 | 偏向 | 向上 | 宽松 | 旺盛 | 略 | 明朗 | 中性 | 有所 | 均衡 | 显 | 强 | 充沛 | 收敛 | 低 | 不大 | 表现 | 弹性 | 平衡 | 较 | 高 | 支撑 | 有限 | 活跃 | 领先 | 端 | 为主 | 力,45.041803188881154,0.99898965441196,0.0013304532052650427,收敛:1.000000 | 略:1.000000 | 温和:1.000000 | 偏:1.000000 | 强劲:1.000000 | 略微:1.000000 | 韧性:1.000000 | 活跃:1.000000 | 中性:1.000000 | 稍:1.000000 | 显:1.000000 | 力:0.999999,充足:0.072280
137,42,0.28475945432682537,-0.03498622629313215,0.7619047619047619,渴望 | 期盼 | 盼望 | 热爱 | 铭记 | 执着 | 期望 | 珍惜 | 希望 | 坚信 | 珍视 | 奉献,健康 | 汗水 | 热爱 | 深深 | 享受 | 关爱 | 珍视 | 怀着,终生 | 渴望 | 怀着 | 愿 | 铭记 | 凭着 | 希望 | 深信 | 正能量 | 珍惜 | 坚信 | 鞭策,渴望 | 期盼 | 盼望 | 热爱 | 铭记 | 执着 | 期望 | 珍惜 | 希望 | 坚信 | 珍视 | 奉献 | 怀着 | 关爱 | 辜负 | 牢记 | 呼唤 | 付出 | 深信 | 呵护 | 愿 | 默默 | 盼 | 守护 | 寄托 | 深深 | 鞭策 | 永恒 | 拥抱 | 永不 | 回馈 | 切身 | 正能量 | 终生 | 长久 | 汗水 | 凭着 | 享受 | 无限 | 收获 | 尽 | 健康,41.984185261141526,0.9987717214031286,0.001418511289105456,呵护:1.000000 | 拥抱:1.000000 | 享受:1.000000 | 健康:1.000000 | 深深:1.000000 | 奉献:1.000000 | 寄托:0.999999 | 深信:0.999998 | 默默:0.999998 | 无限:0.999997 | 希望:0.999997 | 盼望:0.999995,启迪:0.015800
138,34,0.2941280521884124,-0.004979676978819431,0.5882352941176471,薄弱 | 脆弱 | 严峻 | 糟糕 | 困难 | 严重 | 恶劣 | 紧迫 | 棘手 | 混乱 | 低下 | 不利,凶猛 | 悲观 | 僵化 | 一帆风顺 | 反常 | 无足轻重 | 根深蒂固 | 微不足道,脱节 | 无足轻重 | 脆弱 | 严峻 | 僵化 | 反差 | 高昂 | 奏效 | 反常 | 迫切 | 时好时坏 | 困难,薄弱 | 脆弱 | 严峻 | 糟糕 | 困难 | 严重 | 恶劣 | 紧迫 | 棘手 | 混乱 | 低下 | 不利 | 悬殊 | 欠缺 | 劣势 | 僵化 | 迫切 | 脱节 | 悲观 | 敏感 | 根深蒂固 | 落后 | 微不足道 | 缺乏 | 格格不入 | 无足轻重 | 反常 | 时好时坏 | 高昂 | 反差 | 奏效 | 凶猛 | 一帆风顺 | 例外,34.004191457401646,0.9996696935439464,0.0004496339892186232,脆弱:1.000000 | 凶猛:1.000000 | 低下:1.000000 | 恶劣:1.000000 | 格格不入:1.000000 | 严重:1.000000 | 根深蒂固:1.000000 | 严峻:1.000000 | 迫切:1.000000 | 悬殊:1.000000 | 时好时坏:1.000000 | 高昂:0.999999,
139,61,0.29863048150269833,0.014732968316858776,0.4262295081967213,加强 | 强化 | 促进 | 推进 | 着力 | 落实 | 注重 | 开展 | 完善 | 加快 | 贯彻 | 制定,攻关 | 力求 | 寻求 | 广大 | 谋求 | 重视 | 应对 | 充分,保障 | 开展 | 树立 | 协作 | 指导 | 着重 | 遵循 | 进一步 | 提倡 | 倡导 | 引导 | 至关重要,加强 | 强化 | 促进 | 推进 | 着力 | 落实 | 注重 | 开展 | 完善 | 加快 | 贯彻 | 制定 | 增强 | 有利于 | 制订 | 倡导 | 巩固 | 树立 | 优化 | 进一步 | 实施 | 推行 | 发挥 | 重视 | 引导 | 实行 | 增进 | 着重 | 有助于 | 提倡 | 顺应 | 立足 | 谋求 | 遵循 | 深入 | 全方位 | 着眼 | 协同 | 统筹 | 全面 | 力求 | 保障 | 密切 | 运用 | 寻求 | 促使 | 进行 | 旨在 | 协作 | 组织 | 广泛 | 充分 | 扶持 | 指导 | 起到 | 至关重要 | 应对 | 重点 | 广大 | 离不开 | 攻关,60.91405242666654,0.9961593406904147,0.0041203074418922426,着重:1.000000 | 密切:1.000000 | 注重:1.000000 | 倡导:0.999999 | 着眼:0.999999 | 重视:0.999999 | 引导:0.999999 | 增进:0.999998 | 力求:0.999998 | 制订:0.999997 | 全方位:0.999993 | 提倡:0.999991,着眼于:0.100235
140,51,0.3243076101252532,0.048120493060114775,0.0784313725490196,收据 | 支票 | 证件 | 信封 | 便条 | 欠条 | 存折 | 请柬 | 卡片 | 发票 | 信件 | 凭证,件 | 车牌 | 彩票 | 账 | 手册 | 账单 | 笔 | 锦旗,协议书 | 凭证 | 请帖 | 通知书 | 清单 | 锦旗 | 号码 | 便条 | 遗嘱 | 文件 | 笔 | 签名,收据 | 支票 | 证件 | 信封 | 便条 | 欠条 | 存折 | 请柬 | 卡片 | 发票 | 信件 | 凭证 | 护照 | 印章 | 借条 | 请帖 | 账单 | 相片 | 公函 | 签名 | 照片 | 遗嘱 | 证书 | 文件 | 通知书 | 签字 | 电报 | 告示 | 协议书 | 图纸 | 复印 | 磁卡 | 启事 | 档案 | 号码 | 执照 | 报纸 | 锦旗 | 住址 | 张 | 公证 | 问卷 | 简历 | 车牌 | 手册 | 清单 | 姓名 | 彩票 | 账 | 笔 | 件,51.385829264891946,0.9985937712677984,0.0016060709460243615,信件:1.000000 | 账单:1.000000 | 借条:1.000000 | 便条:1.000000 | 收据:1.000000 | 请帖:1.000000 | 欠条:1.000000 | 遗嘱:1.000000 | 住址:1.000000 | 支票:1.000000 | 请柬:1.000000 | 签名:1.000000,传真:0.184399 | 车号:0.146126 | 来信:0.028234 | 音像:0.024785 | 许可证:0.014179
141,48,0.32778725411995363,-0.0009069338965170442,0.4375,脆 | 腥 | 嫩 | 冷 | 胀 | 肿 | 湿 | 熟 | 烂 | 黏 | 闷 | 稠,咸 | 爽 | 腥 | 嫩 | 渗 | 肿 | 脆 | 饿,粗 | 闷 | 糟 | 壮 | 胀 | 裂 | 耐 | 精 | 塌 | 巧 | 滑 | 渗,脆 | 腥 | 嫩 | 冷 | 胀 | 肿 | 湿 | 熟 | 烂 | 黏 | 闷 | 稠 | 瘦 | 脏 | 凉 | 薄 | 糟 | 粗 | 酸 | 稀 | 胖 | 渴 | 臭 | 咸 | 软 | 秃 | 厚 | 爽 | 滑 | 肥 | 硬 | 渗 | 矮 | 细 | 塌 | 旱 | 透 | 裂 | 饿 | 壮 | 涝 | 耐 | 杂 | 轻 | 巧 | 散 | 精 | 忌,47.9521947215871,0.9979139828263578,0.002097285176072301,巧:1.000000 | 糟:1.000000 | 腥:1.000000 | 矮:1.000000 | 脏:1.000000 | 脆:1.000000 | 旱:1.000000 | 粗:1.000000 | 透:1.000000 | 嫩:1.000000 | 瘦:1.000000 | 臭:1.000000,困:0.019561 | 清:0.010005
142,72,0.3120695303606547,-0.026252549217438463,0.5416666666666666,电影 | 喜剧 | 歌手 | 演员 | 导演 | 音乐 | 动画片 | 编剧 | 漫画 | 动画 | 电视剧 | 歌星,足球 | 芭蕾 | 素描 | 小提琴 | 英文 | 法语 | 钢琴 | 音乐,听众 | 电影 | 动画片 | 扑克 | 偶像 | 画家 | 导演 | 读者 | 戏 | 纪录片 | 足球 | 励志,电影 | 喜剧 | 歌手 | 演员 | 导演 | 音乐 | 动画片 | 编剧 | 漫画 | 动画 | 电视剧 | 歌星 | 相声 | 摇滚 | 剧 | 配音 | 华语 | 科幻 | 纪录片 | 影星 | 芭蕾 | 节目 | 作家 | 艺人 | 短片 | 偶像 | 唱片 | 影迷 | 乐队 | 专辑 | 戏 | 歌迷 | 搞笑 | 吉他 | 观众 | 模特儿 | 画家 | 童话 | 木偶 | 听众 | 卡通 | 连续剧 | 小提琴 | 演艺圈 | 游戏 | 钢琴 | 摄影 | 诗人 | 魔术 | 评委 | 励志 | 足球 | 球星 | 银幕 | 西班牙语 | 法语 | 球迷 | 名人 | 同人 | 收视率 | 建筑师 | 素描 | 读者 | 中文 | 英文 | 猜谜 | 外文 | 杂志 | 爵士 | 阿拉伯语 | 扑克 | 男女,72.57519346253487,0.9912333207017383,0.006730720790243608,摇滚:1.000000 | 音乐:1.000000 | 励志:1.000000 | 观众:1.000000 | 名人:0.999999 | 剧:0.999999 | 配音:0.999999 | 魔术:0.999999 | 喜剧:0.999998 | 小提琴:0.999996 | 歌迷:0.999995 | 电影:0.999994,点击率:0.395524 | 日语:0.243185 | 油画:0.090217 | 华裔:0.083225 | 俄语:0.069410 | 华人:0.067859 | 俱乐部:0.035610 | 字幕:0.031827
143,55,0.3733665119448059,0.006836802830483476,0.4727272727272727,伤感 | 思念 | 怀念 | 寂寞 | 甜蜜 | 忧愁 | 快乐 | 想念 | 孤独 | 伤心 | 爱情 | 凄凉,陶醉 | 芬芳 | 失落 | 伤心 | 悲哀 | 忧愁 | 美满 | 喜悦,人生 | 挂念 | 亲情 | 美好 | 诀别 | 容颜 | 酸甜苦辣 | 心情 | 陶醉 | 回味 | 岁月 | 芬芳,伤感 | 思念 | 怀念 | 寂寞 | 甜蜜 | 忧愁 | 快乐 | 想念 | 孤独 | 伤心 | 爱情 | 凄凉 | 牵挂 | 悲哀 | 孤单 | 欢乐 | 幸福 | 往事 | 喜悦 | 美好 | 时光 | 留恋 | 辛酸 | 回忆 | 失落 | 挂念 | 难忘 | 岁月 | 回味 | 沧桑 | 真情 | 童年 | 亲情 | 人生 | 酸甜苦辣 | 悲欢离合 | 感恩 | 青春 | 向往 | 友情 | 诀别 | 激情 | 美满 | 天长地久 | 心情 | 珍重 | 喜怒哀乐 | 芬芳 | 陶醉 | 容颜 | 灿烂 | 痴心 | 人间 | 故乡 | 祈祷,54.82772689929689,0.9962697225437905,0.0026471288528019045,挂念:1.000000 | 伤感:1.000000 | 留恋:1.000000 | 孤单:1.000000 | 牵挂:1.000000 | 快乐:1.000000 | 孤独:1.000000 | 珍重:1.000000 | 喜悦:1.000000 | 激情:1.000000 | 容颜:1.000000 | 回味:0.999999,
144,89,0.23521940968746563,-0.034933597419967065,0.8539325842696629,港口 | 电力 | 货运 | 煤炭 | 航运 | 铁路 | 发电 | 客运 | 集装箱 | 船舶 | 天然气 | 燃气,客车 | 高速公路 | 客运 | 区 | 公路 | 逐年 | 房屋 | 网点,开发区 | 劳务 | 海运 | 货物 | 全国 | 外 | 供给 | 中心 | 开工 | 厂 | 供暖 | 航运,港口 | 电力 | 货运 | 煤炭 | 航运 | 铁路 | 发电 | 客运 | 集装箱 | 船舶 | 天然气 | 燃气 | 公路 | 水利 | 燃料 | 海运 | 电网 | 供应 | 农业 | 交通 | 工程 | 货物 | 水泥 | 管道 | 设施 | 产量 | 出口 | 民用 | 煤矿 | 工厂 | 公用 | 租赁 | 供暖 | 原材料 | 客车 | 公顷 | 房屋 | 住房 | 开发区 | 立方米 | 高速公路 | 批发 | 进口 | 光缆 | 区域 | 太阳能 | 邮政 | 开工 | 亩 | 公共 | 国有 | 上游 | 矿 | 城区 | 平方米 | 吨 | 供给 | 下游 | 试点 | 燃油 | 面积 | 劳务 | 海关 | 增产 | 大型 | 营业 | 基地 | 小型 | 厂 | 网点 | 中型 | 储备 | 全国 | 公里 | 户 | 增收 | 工商 | 区 | 逐年 | 省 | 各 | 中心 | 批 | 一线 | 净 | 余 | 内 | 等 | 外,88.06485947739203,0.9774825650145199,0.01644003237399922,区域:1.000000 | 内:0.999997 | 亩:0.999997 | 客运:0.999997 | 供暖:0.999996 | 平方米:0.999994 | 厂:0.999991 | 设施:0.999976 | 区:0.999953 | 公用:0.999953 | 下游:0.999912 | 立方米:0.999900,大宗:0.146370 | 市:0.133729 | 橡胶:0.121856 | 仓库:0.075481 | 航空:0.056964 | 流通:0.045686 | 工业:0.044664 | 汽油:0.042299
145,77,0.19838876453862372,-0.03781612852231527,0.8831168831168831,特定 | 单一 | 相同 | 普通 | 特殊 | 不同 | 常规 | 类 | 种类 | 类型 | 高于 | 同类,完整 | 常用 | 高等 | 一经 | 正规 | 正面 | 占 | 相差,一经 | 独立 | 高等 | 完整 | 正规 | 指 | 相差 | 过往 | 特定 | 混合 | 广义 | 外来,特定 | 单一 | 相同 | 普通 | 特殊 | 不同 | 常规 | 类 | 种类 | 类型 | 高于 | 同类 | 属于 | 同一 | 限于 | 原有 | 带有 | 分为 | 其他 | 多种 | 初级 | 外部 | 隐性 | 个别 | 原始 | 任何 | 介于 | 构成 | 所有 | 现行 | 混合 | 广义 | 级别 | 型 | 中等 | 少数 | 非 | 除外 | 通用 | 常用 | 正规 | 复合 | 属 | 定向 | 超出 | 集合 | 含 | 外来 | 级 | 内部 | 完整 | 式 | 独立 | 相差 | 无 | 若干 | 隐形 | 剔除 | 项 | 组合 | 中级 | 占 | 高等 | 接近 | 过往 | 指向 | 改为 | 某 | 该 | 定为 | 一经 | 并列 | 透过 | 永久 | 组 | 指 | 正面,77.244584478275,0.9832470055282679,0.01064835985224964,正规:1.000000 | 普通:1.000000 | 透过:1.000000 | 初级:0.999999 | 指向:0.999999 | 含:0.999998 | 特殊:0.999998 | 并列:0.999997 | 特定:0.999996 | 原始:0.999995 | 中等:0.999993 | 改为:0.999991,以上:0.329776 | 第:0.183224 | 等级:0.108650 | 核:0.096930 | 对应:0.088805 | 设定:0.087108 | 类别:0.079564 | 部分:0.074126
146,50,0.2950256866886408,0.0042361137143501655,0.48,雄厚 | 独特 | 优良 | 丰富 | 坚实 | 深厚 | 强大 | 得天独厚 | 优越 | 优异 | 丰厚 | 出色,鲜活 | 精心 | 大气 | 多样 | 贴近 | 精细 | 广阔 | 独特,坚固 | 日新月异 | 广阔 | 庞大 | 成熟 | 品质 | 多样 | 优秀 | 绿色 | 尖端 | 雄厚 | 优异,雄厚 | 独特 | 优良 | 丰富 | 坚实 | 深厚 | 强大 | 得天独厚 | 优越 | 优异 | 丰厚 | 出色 | 丰硕 | 广阔 | 卓越 | 优秀 | 一流 | 悠久 | 优质 | 先进 | 稳固 | 坚固 | 多样 | 成熟 | 庞大 | 精细 | 特色 | 可观 | 独一无二 | 崭新 | 紧密 | 牢固 | 突出 | 长足 | 现代化 | 顶尖 | 尖端 | 品质 | 发达 | 高科技 | 天然 | 立体 | 鲜活 | 日新月异 | 现代 | 贴近 | 绿色 | 精心 | 有机 | 大气,50.14434551442616,0.9992699018926594,0.0009091307103413367,坚实:1.000000 | 精心:1.000000 | 丰厚:1.000000 | 牢固:1.000000 | 广阔:1.000000 | 坚固:1.000000 | 发达:1.000000 | 精细:1.000000 | 崭新:0.999999 | 得天独厚:0.999999 | 绿色:0.999999 | 丰富:0.999998,一体:0.069733 | 高超:0.018971 | 巨大:0.016866 | 古老:0.014615 | 新型:0.012325
147,45,0.30595781255064153,0.03945121744370414,0.4,辞职 | 就任 | 离职 | 出任 | 职务 | 辞去 | 任命 | 连任 | 辞呈 | 任期 | 当选 | 人选,参赛 | 官司 | 立功 | 结婚 | 抽签 | 分手 | 订婚 | 元老,出山 | 回国 | 分手 | 辞职 | 出任 | 参赛 | 任命 | 席位 | 连任 | 官司 | 缺席 | 任期,辞职 | 就任 | 离职 | 出任 | 职务 | 辞去 | 任命 | 连任 | 辞呈 | 任期 | 当选 | 人选 | 上任 | 提名 | 下台 | 接替 | 提拔 | 接班 | 候选人 | 去世 | 晋升 | 结婚 | 职位 | 出走 | 接班人 | 上台 | 回国 | 离婚 | 接手 | 逝世 | 出山 | 年薪 | 订婚 | 分手 | 缺席 | 资格 | 名额 | 露面 | 参赛 | 元老 | 席位 | 抽签 | 效力 | 官司 | 立功,45.07783083573926,0.9989956197382971,0.001248983790564812,逝世:1.000000 | 上任:1.000000 | 接班:1.000000 | 去世:1.000000 | 辞去:1.000000 | 离婚:1.000000 | 辞职:1.000000 | 立功:1.000000 | 结婚:1.000000 | 接手:1.000000 | 就任:1.000000 | 接替:0.999999,退休:0.056153 | 功臣:0.026512 | 竞选:0.014118
148,51,0.40151843332442694,0.04302211651862184,0.21568627450980393,谦逊 | 和蔼 | 谦虚 | 礼貌 | 温柔 | 文雅 | 彬彬有礼 | 风趣 | 豁达 | 乖巧 | 客气 | 幽默,平和 | 洪亮 | 倔强 | 顽皮 | 殷勤 | 亲密 | 害羞 | 神气,坦率 | 开朗 | 居高临下 | 亲热 | 得体 | 和气 | 倔强 | 温柔 | 友善 | 流利 | 洪亮 | 文雅,谦逊 | 和蔼 | 谦虚 | 礼貌 | 温柔 | 文雅 | 彬彬有礼 | 风趣 | 豁达 | 乖巧 | 客气 | 幽默 | 慈祥 | 开朗 | 得体 | 含蓄 | 体贴 | 坦率 | 大方 | 倔强 | 友善 | 风度 | 镇定 | 冷静 | 调皮 | 大大咧咧 | 沉着 | 坦然 | 神气 | 敦厚 | 和气 | 自信 | 殷勤 | 委婉 | 害羞 | 机智 | 顽皮 | 亲热 | 举止 | 平和 | 爽快 | 严肃 | 从容不迫 | 细心 | 淘气 | 亲近 | 胸有成竹 | 流利 | 亲密 | 居高临下 | 洪亮,51.099002611280596,0.9987944643206804,0.0013363420784874493,含蓄:1.000000 | 彬彬有礼:1.000000 | 和蔼:1.000000 | 得体:1.000000 | 礼貌:1.000000 | 委婉:1.000000 | 文雅:1.000000 | 细心:1.000000 | 慈祥:1.000000 | 爽快:1.000000 | 亲密:1.000000 | 幽默:1.000000,天真:0.056722 | 活泼:0.038224 | 机灵:0.018442 | 默契:0.010460
149,33,0.4006613422293403,0.06039454261941036,0.06060606060606061,晶莹 | 柔软 | 碧绿 | 翠绿 | 凉爽 | 红润 | 暖烘烘 | 光滑 | 湿润 | 潮湿 | 坚硬 | 柔和,五颜六色 | 清脆 | 柔和 | 饱满 | 结实 | 整齐 | 炎热 | 红扑扑,灼热 | 结实 | 滋润 | 光泽 | 沉甸甸 | 柔和 | 红润 | 碧绿 | 均匀 | 凉爽 | 干净 | 暖和,晶莹 | 柔软 | 碧绿 | 翠绿 | 凉爽 | 红润 | 暖烘烘 | 光滑 | 湿润 | 潮湿 | 坚硬 | 柔和 | 灼热 | 红扑扑 | 结实 | 寒冷 | 暖和 | 光泽 | 滋润 | 热气 | 清脆 | 洁净 | 干净 | 刺骨 | 混浊 | 火辣辣 | 水灵灵 | 炎热 | 均匀 | 饱满 | 整齐 | 五颜六色 | 沉甸甸,32.996010454590035,0.9997761758244499,0.00026187124796001114,凉爽:1.000000 | 红润:1.000000 | 暖烘烘:1.000000 | 寒冷:1.000000 | 水灵灵:1.000000 | 沉甸甸:1.000000 | 晶莹:1.000000 | 红扑扑:1.000000 | 洁净:1.000000 | 火辣辣:1.000000 | 湿润:1.000000 | 干净:1.000000,
150,81,0.2503733677725584,-0.015715262265234203,0.6790123456790124,需求 | 趋势 | 优势 | 格局 | 机制 | 模式 | 潜力 | 层面 | 效益 | 发展 | 导向 | 效率,水涨船高 | 增长 | 能力 | 数据 | 水准 | 长效 | 幅度 | 出台,供求 | 微观 | 相辅相成 | 需求 | 竞争 | 发展 | 效率 | 百分点 | 出台 | 空间 | 落地 | 瓶颈,需求 | 趋势 | 优势 | 格局 | 机制 | 模式 | 潜力 | 层面 | 效益 | 发展 | 导向 | 效率 | 要素 | 水平 | 瓶颈 | 因素 | 体系 | 难点 | 领域 | 效应 | 基础 | 能力 | 成本 | 转型 | 前景 | 竞争 | 方面 | 技术 | 空间 | 板块 | 转变 | 增长 | 指标 | 预期 | 范畴 | 风险 | 升级 | 周期 | 难度 | 框架 | 亮点 | 质量 | 门槛 | 核心 | 常态 | 良性 | 进展 | 微观 | 供求 | 差距 | 内需 | 标准 | 热点 | 现状 | 幅度 | 宏观 | 长远 | 关键 | 比重 | 层次 | 落地 | 相辅相成 | 调控 | 数据 | 深度 | 水准 | 主体 | 长效 | 出台 | 要点 | 行情 | 大有可为 | 百分点 | 有待 | 焦点 | 入手 | 示范 | 起步 | 水涨船高 | 挂钩 | 多元,80.71540170685832,0.9832130353284312,0.010938544786987145,亮点:1.000000 | 关键:0.999999 | 难度:0.999992 | 效应:0.999983 | 门槛:0.999982 | 格局:0.999975 | 趋势:0.999974 | 热点:0.999972 | 长效:0.999968 | 良性:0.999943 | 常态:0.999931 | 宏观:0.999920,市场:0.461781 | 试点:0.101105 | 总量:0.046073 | 翻番:0.042411 | 范围:0.035253 | 重点:0.034083 | 量:0.026671 | 政策:0.025318
151,51,0.2693605113540303,-0.00960935558617399,0.5882352941176471,序幕 | 高潮 | 迭起 | 波澜 | 局面 | 愈演愈烈 | 动荡 | 热潮 | 来临 | 尾声 | 结束 | 景象,士气 | 暴风雨 | 落下 | 景象 | 气氛 | 失利 | 此起彼伏 | 未知数,波折 | 暴风雨 | 场面 | 局势 | 过半 | 景象 | 转折 | 此起彼伏 | 高潮 | 波澜 | 迹象 | 尾声,序幕 | 高潮 | 迭起 | 波澜 | 局面 | 愈演愈烈 | 动荡 | 热潮 | 来临 | 尾声 | 结束 | 景象 | 转折点 | 僵局 | 破灭 | 局势 | 势头 | 此起彼伏 | 转折 | 导火索 | 到来 | 形势 | 危机 | 气氛 | 转机 | 场面 | 终结 | 波折 | 警钟 | 迹象 | 暴风骤雨 | 泥潭 | 峰回路转 | 上演 | 悬念 | 势不可当 | 失利 | 风暴 | 之中 | 暴风雨 | 反响 | 搁浅 | 倒计时 | 情景 | 纪录 | 士气 | 揭晓 | 过半 | 落下 | 未知数 | 为止,51.066949319591444,0.9996379478846364,0.0005164767221682021,高潮:1.000000 | 尾声:1.000000 | 倒计时:1.000000 | 结束:1.000000 | 气氛:1.000000 | 景象:1.000000 | 迭起:1.000000 | 峰回路转:1.000000 | 转机:1.000000 | 暴风雨:1.000000 | 悬念:1.000000 | 转折:1.000000,境地:0.032500
152,42,0.3858655531062517,-0.014114536811100123,0.5952380952380952,教室 | 房间 | 楼道 | 洗手间 | 卫生间 | 浴室 | 过道 | 病房 | 寝室 | 宿舍 | 楼梯 | 厕所,阳台 | 黑板 | 房间 | 楼梯 | 后备箱 | 过道 | 病床 | 收音机,卫生间 | 厕所 | 操场 | 阳台 | 洗手间 | 轮椅 | 后备箱 | 宿舍 | 手术室 | 灯光 | 病房 | 行李,教室 | 房间 | 楼道 | 洗手间 | 卫生间 | 浴室 | 过道 | 病房 | 寝室 | 宿舍 | 楼梯 | 厕所 | 车厢 | 阳台 | 手术室 | 操场 | 机舱 | 更衣室 | 教学楼 | 大厅 | 阅览室 | 座位 | 电铃 | 病床 | 办公室 | 门铃 | 柜台 | 话筒 | 考场 | 看台 | 录音机 | 演播室 | 帐篷 | 黑板 | 后备箱 | 轮椅 | 滑梯 | 灯光 | 行李 | 前台 | 收音机 | 喇叭,41.9781834160763,0.9984202119108758,0.0016301857902535524,黑板:1.000000 | 轮椅:1.000000 | 话筒:1.000000 | 灯光:1.000000 | 电铃:1.000000 | 操场:1.000000 | 病床:1.000000 | 门铃:1.000000 | 喇叭:1.000000 | 教室:1.000000 | 机舱:1.000000 | 房间:0.999999,会场:0.019185
153,116,0.23229872895061543,-0.012258064059656683,0.5689655172413793,月初 | 月底 | 年初 | 月份 | 上旬 | 今年 | 下旬 | 中旬 | 年底 | 上周 | 目前 | 上个月,提早 | 延长 | 大于 | 逢 | 随 | 半数 | 总体 | 当晚,提早 | 明年 | 未 | 年初 | 同期 | 拟 | 上周 | 当晚 | 月底 | 月初 | 月 | 此次,月初 | 月底 | 年初 | 月份 | 上旬 | 今年 | 下旬 | 中旬 | 年底 | 上周 | 目前 | 上个月 | 近期 | 预计 | 此前 | 去年 | 截至 | 累计 | 全年 | 迄今 | 月 | 同期 | 当日 | 日 | 日前 | 共计 | 下个月 | 明年 | 迄今为止 | 当天 | 届时 | 季度 | 近日 | 总共 | 至此 | 此次 | 以来 | 截止 | 今日 | 前期 | 年前 | 晚间 | 总计 | 周 | 明日 | 当晚 | 已 | 一共 | 次日 | 至今 | 共 | 合计 | 据悉 | 共有 | 据 | 当前 | 初期 | 尚未 | 约 | 中期 | 初步 | 仅 | 初 | 时隔 | 年 | 年度 | 历时 | 此外 | 继 | 总体 | 其中 | 后期 | 前后 | 正式 | 后年 | 稍后 | 大约 | 为期 | 平均 | 拟 | 暂 | 日后 | 期 | 末 | 提前 | 自 | 期中 | 其余 | 早 | 未 | 由于 | 至 | 季 | 除此之外 | 长达 | 全部 | 因 | 提早 | 综上所述 | 基本 | 半数 | 经过 | 相当于 | 首 | 延长 | 受 | 尚 | 人均 | 由 | 初次 | 此 | 依次 | 逢 | 大于 | 致 | 随,116.57831960523359,0.9861001558662316,0.00923015731668569,一共:1.000000 | 总共:1.000000 | 当日:0.999999 | 今年:0.999999 | 继:0.999999 | 次日:0.999999 | 暂:0.999998 | 月初:0.999995 | 总计:0.999995 | 日:0.999991 | 年:0.999989 | 此次:0.999988,高于:0.449780 | 上期:0.299099 | 本:0.272603 | 将近:0.272511 | 属于:0.171764 | 达到:0.071936 | 分别:0.069166 | 第:0.063614
154,44,0.3329685048551049,-0.007968295261275486,0.5454545454545454,恩人 | 恩情 | 亲人 | 仇人 | 报答 | 宽恕 | 恩惠 | 饶恕 | 好意 | 亲爱 | 报仇 | 心意,主人 | 战友 | 儿女 | 乡亲 | 好心人 | 皇上 | 好意 | 家乡,心 | 恩情 | 好意 | 性命 | 报仇 | 命 | 仇人 | 子孙 | 皇上 | 恩人 | 遗愿 | 报答,恩人 | 恩情 | 亲人 | 仇人 | 报答 | 宽恕 | 恩惠 | 饶恕 | 好意 | 亲爱 | 报仇 | 心意 | 原谅 | 福气 | 心肠 | 孝敬 | 命 | 遂心 | 好心 | 儿女 | 性命 | 保佑 | 好心人 | 知己 | 皇上 | 子孙 | 托付 | 恩赐 | 好人 | 交情 | 死心塌地 | 遗愿 | 乡亲 | 发誓 | 改邪归正 | 战友 | 一生 | 上帝 | 心 | 家乡 | 主人 | 素不相识 | 从今以后 | 肯,44.01621474483871,0.9985935082702491,0.001424856409929768,好心:1.000000 | 恩人:1.000000 | 心意:1.000000 | 遗愿:1.000000 | 命:1.000000 | 托付:1.000000 | 恩惠:1.000000 | 好心人:1.000000 | 素不相识:1.000000 | 报答:1.000000 | 恩情:0.999999 | 乡亲:0.999999,老乡:0.022844 | 情谊:0.012008
155,42,0.28526283535095137,0.019864943459443604,0.30952380952380953,检测 | 检查 | 化验 | 验证 | 鉴定 | 检验 | 鉴别 | 辨别 | 测定 | 查找 | 辨认 | 试验,接到 | 接通 | 补充 | 会诊 | 解剖 | 记录 | 接触 | 破解,研制 | 检测 | 验证 | 破解 | 接触 | 第一手 | 复查 | 找出 | 查找 | 查出 | 接到 | 追踪,检测 | 检查 | 化验 | 验证 | 鉴定 | 检验 | 鉴别 | 辨别 | 测定 | 查找 | 辨认 | 试验 | 复查 | 分辨 | 研究 | 筛选 | 观察 | 搜集 | 实验 | 识别 | 查明 | 追踪 | 察看 | 查出 | 找出 | 调试 | 实地 | 会诊 | 跟踪 | 解剖 | 试用 | 改进 | 证明 | 记录 | 处理 | 研制 | 破解 | 第一手 | 接通 | 接触 | 补充 | 接到,41.9672013130974,0.9981776125240093,0.0020266546619194907,察看:1.000000 | 查出:1.000000 | 辨认:1.000000 | 会诊:1.000000 | 试用:1.000000 | 检查:1.000000 | 分辨:1.000000 | 辨别:1.000000 | 观察:1.000000 | 接通:1.000000 | 接触:1.000000 | 查明:1.000000,收集:0.015444
156,41,0.3278825329601202,0.0016728593701486889,0.5121951219512195,祝福 | 谢谢 | 祝 | 感谢 | 祝愿 | 恭喜 | 一路平安 | 朋友们 | 好运 | 开心 | 保重 | 心想事成,惊喜 | 放心 | 友人 | 团圆 | 荣幸 | 您 | 开心 | 期待,惊喜 | 放心 | 谢谢 | 喜事 | 萍水相逢 | 团圆 | 好运 | 保重 | 干杯 | 祝福 | 一路顺风 | 开心,祝福 | 谢谢 | 祝 | 感谢 | 祝愿 | 恭喜 | 一路平安 | 朋友们 | 好运 | 开心 | 保重 | 心想事成 | 哦 | 晚安 | 礼物 | 一路顺风 | 拜年 | 老朋友 | 各位 | 荣幸 | 捧场 | 干杯 | 惊喜 | 再见 | 加油 | 幸运 | 欢迎 | 期待 | 喜事 | 团圆 | 好友 | 生日 | 求婚 | 萍水相逢 | 爱心 | 友人 | 您 | 礼 | 放心 | 归来 | 定心丸,40.86217882007461,0.9960489555552706,0.003419054992785029,惊喜:1.000000 | 感谢:1.000000 | 恭喜:1.000000 | 喜事:1.000000 | 加油:1.000000 | 谢谢:1.000000 | 荣幸:1.000000 | 爱心:1.000000 | 祝:1.000000 | 朋友们:1.000000 | 干杯:1.000000 | 礼物:0.999998,祝贺:0.014096
157,90,0.2916500611096959,0.024749587975622343,0.28888888888888886,利息 | 退休金 | 学费 | 工资 | 费用 | 生活费 | 支出 | 税收 | 补助 | 缴纳 | 款项 | 经费,公职 | 票 | 奖学金 | 买卖 | 公费 | 就业 | 岗位 | 低价,高额 | 合同 | 生活费 | 关税 | 抚养费 | 债务 | 筹措 | 抵押 | 工资 | 现金 | 养老金 | 经费,利息 | 退休金 | 学费 | 工资 | 费用 | 生活费 | 支出 | 税收 | 补助 | 缴纳 | 款项 | 经费 | 补贴 | 房租 | 开支 | 贷款 | 奖金 | 报酬 | 数额 | 拨款 | 减免 | 手续费 | 抚养费 | 财政 | 交纳 | 管理费 | 支付 | 津贴 | 报销 | 薪水 | 返还 | 偿还 | 还款 | 收支 | 债务 | 预算 | 定金 | 巨额 | 资助 | 差额 | 筹措 | 高额 | 补偿 | 现金 | 纳税 | 资金 | 担保 | 筹集 | 负担 | 奖学金 | 公积金 | 征收 | 奖励 | 养老金 | 存款 | 利润 | 抵押 | 储蓄 | 费 | 关税 | 财力 | 税 | 公费 | 养老 | 援助 | 财务 | 大笔 | 兑现 | 合同 | 回报 | 承诺 | 外汇 | 活期 | 就业 | 试用期 | 公职 | 承包 | 权益 | 一揽子 | 员工 | 高价 | 私营 | 岗位 | 低价 | 合伙 | 买卖 | 购 | 权 | 单位 | 票,89.51789247406053,0.9796186010507328,0.011399233004911372,开支:1.000000 | 高价:1.000000 | 低价:1.000000 | 高额:1.000000 | 退休金:1.000000 | 大笔:1.000000 | 抚养费:1.000000 | 生活费:1.000000 | 巨额:0.999999 | 援助:0.999998 | 工资:0.999998 | 报酬:0.999997,余额:0.219943 | 信贷:0.213014 | 劳务:0.188727 | 理财:0.157215 | 投入:0.109334 | 资本:0.049650 | 税务:0.044281 | 代理人:0.044171
158,63,0.34643888782524584,0.021903621333615182,0.30158730158730157,幸亏 | 幸好 | 好像 | 碰巧 | 恰巧 | 果然 | 没想到 | 听说 | 知道 | 这会儿 | 那时候 | 居然,里面 | 告诉 | 下面 | 简直 | 上面 | 明白 | 叫 | 相信,里面 | 得知 | 发现 | 幸亏 | 以为 | 这时候 | 那会儿 | 当真 | 看样子 | 果真 | 相信 | 跟,幸亏 | 幸好 | 好像 | 碰巧 | 恰巧 | 果然 | 没想到 | 听说 | 知道 | 这会儿 | 那时候 | 居然 | 偏偏 | 竟然 | 那时 | 看样子 | 刚好 | 那会儿 | 晓得 | 可惜 | 怪不得 | 这时候 | 凑巧 | 想不到 | 要不是 | 当时 | 好在 | 正好 | 碰上 | 刚才 | 发觉 | 果真 | 据说 | 恰好 | 碰到 | 当真 | 后来 | 多亏 | 原来 | 不知 | 以为 | 不料 | 感觉 | 现在 | 遇上 | 当初 | 遇到 | 简直 | 明白 | 得知 | 发现 | 跟 | 以前 | 里面 | 相信 | 叫 | 上面 | 偶然 | 还有 | 下面 | 一模一样 | 告诉 | 过,62.973267187446446,0.9882910180885807,0.008559114156578864,得知:1.000000 | 居然:1.000000 | 发现:1.000000 | 据说:1.000000 | 听说:1.000000 | 幸亏:1.000000 | 恰巧:0.999998 | 果然:0.999997 | 多亏:0.999996 | 凑巧:0.999996 | 晓得:0.999996 | 碰巧:0.999994,说实话:0.442200 | 可是:0.046393 | 说真的:0.029866 | 本来:0.023157 | 算是:0.019635 | 好比:0.018988 | 又:0.017835 | 从没:0.017568
159,57,0.2766503920205668,0.002381636184345503,0.47368421052631576,孕育 | 造就 | 焕发 | 凝聚 | 汇聚 | 体现 | 涌现 | 创造 | 积淀 | 凸显 | 形成 | 汇集,展示 | 革新 | 发扬光大 | 打破 | 遍布 | 发掘 | 纵观 | 浓缩,伴随 | 注入 | 发掘 | 涌现 | 蕴藏 | 浓缩 | 奠定 | 开创 | 渗透 | 传承 | 凸显 | 重现,孕育 | 造就 | 焕发 | 凝聚 | 汇聚 | 体现 | 涌现 | 创造 | 积淀 | 凸显 | 形成 | 汇集 | 蕴藏 | 呈现 | 延续 | 确立 | 奠定 | 诞生 | 融入 | 展示 | 增添 | 开创 | 承载 | 再现 | 传承 | 营造 | 重现 | 聚集 | 吸引 | 壮大 | 演变 | 预示 | 折射 | 秉承 | 掀起 | 贯穿 | 带来 | 渗透 | 注入 | 崛起 | 发扬光大 | 占据 | 成为 | 伴随 | 转化 | 历经 | 浓缩 | 遍布 | 吸取 | 萌发 | 打破 | 涌入 | 发掘 | 主导 | 萌芽 | 纵观 | 革新,57.140924981499,0.9961656277645036,0.003883139945382265,孕育:1.000000 | 聚集:1.000000 | 再现:1.000000 | 焕发:1.000000 | 诞生:1.000000 | 吸引:1.000000 | 汇集:1.000000 | 蕴藏:1.000000 | 展示:1.000000 | 贯穿:1.000000 | 重现:1.000000 | 增添:1.000000,赢得:0.095643 | 扩展:0.083206 | 引入:0.029319 | 培育:0.028059 | 吸纳:0.016851 | 竞争:0.015697 | 效仿:0.013359 | 洗礼:0.013124
160,46,0.3038634920337749,0.006510447783559958,0.43478260869565216,答复 | 发言 | 回信 | 表态 | 汇报 | 宣读 | 公开信 | 意见 | 谈话 | 讲话 | 转达 | 提问,转告 | 交代 | 赞同 | 出面 | 谅解 | 解释 | 转达 | 起草,拍板 | 公开信 | 汇报 | 声明 | 座谈 | 致辞 | 检讨 | 表态 | 答复 | 议 | 来信 | 通报,答复 | 发言 | 回信 | 表态 | 汇报 | 宣读 | 公开信 | 意见 | 谈话 | 讲话 | 转达 | 提问 | 演说 | 提议 | 回应 | 转告 | 陈述 | 座谈 | 辩论 | 提出 | 发表 | 通报 | 来信 | 解释 | 赞同 | 表扬 | 答辩 | 检讨 | 致辞 | 征求 | 澄清 | 点名 | 声明 | 采纳 | 异议 | 同意 | 此事 | 出面 | 重申 | 谅解 | 交代 | 口头 | 起草 | 赞成 | 拍板 | 议,45.91728128288626,0.996055526746536,0.003024537625217939,转达:1.000000 | 转告:1.000000 | 出面:1.000000 | 宣读:1.000000 | 辩论:1.000000 | 检讨:1.000000 | 演说:1.000000 | 汇报:1.000000 | 交代:1.000000 | 表扬:1.000000 | 澄清:1.000000 | 讲话:1.000000,草案:0.038711 | 座谈会:0.012064 | 公开:0.010681
161,42,0.3101920042042906,-0.01254688143941293,0.5,加热 | 冲洗 | 干燥 | 浸泡 | 脱落 | 温度 | 愈合 | 凝固 | 溶解 | 磨损 | 清洗 | 湿度,切除 | 搅拌 | 注射 | 浸泡 | 按摩 | 斑点 | 止血 | 保暖,切除 | 磨损 | 燃烧 | 干燥 | 寿命 | 温度 | 融化 | 加热 | 破碎 | 包扎 | 残留 | 振动,加热 | 冲洗 | 干燥 | 浸泡 | 脱落 | 温度 | 愈合 | 凝固 | 溶解 | 磨损 | 清洗 | 湿度 | 搅拌 | 缝合 | 水温 | 通风 | 包扎 | 透气 | 结冰 | 密封 | 融化 | 燃烧 | 止血 | 切除 | 新陈代谢 | 生长 | 保养 | 保暖 | 注射 | 破碎 | 修补 | 残留 | 按摩 | 振动 | 发育 | 斑点 | 复原 | 分解 | 减压 | 调节 | 休眠 | 寿命,41.9952685241888,0.9989987082131477,0.0012047352412049206,包扎:1.000000 | 浸泡:1.000000 | 缝合:1.000000 | 冲洗:1.000000 | 融化:1.000000 | 减压:1.000000 | 水温:1.000000 | 保养:1.000000 | 通风:1.000000 | 保暖:0.999999 | 发育:0.999999 | 清洗:0.999998,
162,48,0.28612787903817294,-0.03097597510434801,0.7708333333333334,做生意 | 应酬 | 大款 | 请客 | 穷人 | 零花钱 | 交朋友 | 送礼 | 便饭 | 乞丐 | 私房钱 | 钱财,演戏 | 上班族 | 讨价还价 | 打仗 | 伙食 | 管教 | 理发 | 待遇,苦力 | 让座 | 私事 | 蓝领 | 演戏 | 炒股 | 单身 | 理发 | 拍戏 | 请客 | 待遇 | 零花钱,做生意 | 应酬 | 大款 | 请客 | 穷人 | 零花钱 | 交朋友 | 送礼 | 便饭 | 乞丐 | 私房钱 | 钱财 | 演戏 | 苦力 | 私事 | 富人 | 家务 | 小费 | 谋生 | 打官司 | 公事 | 走后门 | 乞讨 | 打仗 | 富翁 | 家教 | 雇 | 炒股 | 理发 | 拍戏 | 白领 | 办事 | 上班族 | 生意 | 打交道 | 跑龙套 | 富豪 | 讨价还价 | 让座 | 下海 | 单身 | 管教 | 门当户对 | 蓝领 | 跳槽 | 伙食 | 待遇 | 平日,47.99634731070553,0.9979200064593096,0.0020519811559154464,苦力:1.000000 | 小费:1.000000 | 送礼:1.000000 | 私事:1.000000 | 应酬:1.000000 | 公事:1.000000 | 私房钱:1.000000 | 家务:1.000000 | 乞丐:1.000000 | 谋生:1.000000 | 零花钱:0.999999 | 请客:0.999999,算账:0.070510
163,68,0.26629488659502076,-0.005546204577377928,0.5147058823529411,农民 | 群众 | 农村 | 山区 | 城乡 | 牧民 | 民工 | 干部 | 基层 | 乡村 | 职工 | 部队,法院 | 灾 | 联邦 | 运输 | 常年 | 受灾 | 外地 | 境内,医务 | 前线 | 物资 | 城乡 | 官兵 | 公安局 | 队伍 | 卫生 | 后勤 | 灾区 | 边远 | 边境,农民 | 群众 | 农村 | 山区 | 城乡 | 牧民 | 民工 | 干部 | 基层 | 乡村 | 职工 | 部队 | 居民 | 边远 | 官兵 | 农民工 | 渔民 | 城镇 | 工人 | 受灾 | 劳动 | 机关 | 医务 | 郊区 | 治安 | 灾区 | 修路 | 劳动力 | 耕地 | 贫困 | 边疆 | 师生 | 公安 | 救灾 | 各地 | 下乡 | 卫生 | 边境 | 物资 | 大队 | 移民 | 合作社 | 当地 | 后勤 | 人口 | 前线 | 税务 | 沿线 | 拆迁 | 纳税人 | 土地 | 千家万户 | 公安局 | 国土 | 外地 | 灾 | 运输 | 首都 | 人力 | 公益性 | 队伍 | 报社 | 境内 | 法院 | 周边 | 两岸 | 联邦 | 常年,67.86031970923153,0.9883265000253725,0.009156534350272834,修路:1.000000 | 边远:1.000000 | 常年:1.000000 | 牧民:1.000000 | 物资:0.999999 | 土地:0.999999 | 贫困:0.999997 | 工人:0.999995 | 国土:0.999995 | 农村:0.999994 | 民工:0.999991 | 渔民:0.999990,改革开放:0.201208 | 国防:0.054908 | 海关:0.052329 | 工商:0.032735 | 公共:0.032274 | 劳务:0.028643 | 邮政:0.020887 | 第一线:0.018565
164,55,0.28476539621778335,0.004159621393516766,0.43636363636363634,往返 | 乘坐 | 绕行 | 搭乘 | 抵达 | 乘车 | 到达 | 步行 | 行驶 | 途中 | 飞往 | 沿途,夜间 | 日夜 | 此处 | 停放 | 昼夜 | 遇 | 巡逻 | 附近,沿途 | 运送 | 日夜 | 途中 | 临时 | 绕行 | 入境 | 往返 | 路程 | 行程 | 避难 | 地点,往返 | 乘坐 | 绕行 | 搭乘 | 抵达 | 乘车 | 到达 | 步行 | 行驶 | 途中 | 飞往 | 沿途 | 降落 | 停泊 | 路程 | 运送 | 徒步 | 路途 | 驾车 | 返回 | 过境 | 行程 | 滞留 | 直达 | 乘 | 长途 | 进出 | 来往 | 巡逻 | 中途 | 撤离 | 目的地 | 停放 | 距 | 等候 | 距离 | 入境 | 避难 | 疏散 | 离 | 出发 | 越过 | 往来 | 夜间 | 地点 | 补给 | 附近 | 昼夜 | 汇合 | 预定 | 日夜 | 此处 | 遇 | 临时 | 其间,54.98203535491459,0.9974247167965565,0.0027135651604398786,途中:1.000000 | 驾车:1.000000 | 到达:1.000000 | 路程:1.000000 | 返回:1.000000 | 路途:1.000000 | 遇:1.000000 | 昼夜:0.999999 | 中途:0.999999 | 运送:0.999999 | 行程:0.999999 | 直达:0.999999,出境:0.032599 | 间隔:0.020542 | 独自:0.016238
165,38,0.2635725552709223,-0.02840581174223348,0.7368421052631579,证据 | 疑点 | 确凿 | 错误 | 过失 | 过错 | 证人 | 物证 | 疏忽 | 机密 | 差错 | 秘密,妥当 | 清楚 | 命令 | 书面 | 详细 | 确切 | 无效 | 匿名,情报 | 秘密 | 错误 | 疑点 | 过失 | 事后 | 可疑 | 改正 | 身份 | 无效 | 不便 | 匿名,证据 | 疑点 | 确凿 | 错误 | 过失 | 过错 | 证人 | 物证 | 疏忽 | 机密 | 差错 | 秘密 | 可疑 | 清楚 | 确切 | 嫌疑 | 漏洞 | 保密 | 情报 | 隐私 | 如实 | 妥当 | 无可奉告 | 线索 | 事后 | 补救 | 不便 | 指令 | 命令 | 指示 | 改正 | 书面 | 对方 | 身份 | 去向 | 匿名 | 无效 | 详细,38.048896832861224,0.9994560469786974,0.0007143136844693021,可疑:1.000000 | 补救:1.000000 | 命令:1.000000 | 隐私:1.000000 | 去向:1.000000 | 情报:1.000000 | 物证:1.000000 | 错误:0.999999 | 证人:0.999999 | 机密:0.999999 | 线索:0.999999 | 指令:0.999998,凶手:0.039878 | 内幕:0.015304
166,54,0.21873504005269925,-0.04859965480051996,0.9444444444444444,顶级 | 经典 | 精品 | 畅销 | 热门 | 原装 | 新款 | 性价比 | 全新 | 超级 | 冷门 | 明星,老字号 | 实用 | 附件 | 跑车 | 苹果 | 棒 | 流量 | 说明书,成功 | 重量级 | 万能 | 排行榜 | 系列 | 山寨 | 环球 | 版 | 超级 | 顶级 | 成功率 | 全新,顶级 | 经典 | 精品 | 畅销 | 热门 | 原装 | 新款 | 性价比 | 全新 | 超级 | 冷门 | 明星 | 全能 | 实用 | 山寨 | 国产 | 水货 | 系列 | 重量级 | 版 | 无敌 | 口碑 | 跑车 | 创意 | 酷 | 人气 | 家用 | 最佳 | 独家 | 排行榜 | 设计师 | 黑马 | 新手 | 二手 | 万能 | 袖珍 | 高级 | 牌 | 指南 | 成功 | 老字号 | 苹果 | 专用 | 合格 | 环球 | 说明书 | 团队 | 资讯 | 流量 | 出厂 | 棒 | 成功率 | 代号 | 附件,54.075120163751386,0.9928141998921004,0.0066379902785893225,无敌:1.000000 | 超级:1.000000 | 热门:1.000000 | 冷门:1.000000 | 袖珍:1.000000 | 万能:0.999999 | 最佳:0.999999 | 全能:0.999999 | 酷:0.999998 | 水货:0.999998 | 成功率:0.999998 | 畅销:0.999998,商城:0.163519 | 品牌:0.140526 | 家电:0.024150 | 电器:0.023577 | 车展:0.019136 | 批发:0.014413 | 头条:0.013058
167,41,0.2932691050872937,-0.010754178930538802,0.6097560975609756,写 | 学 | 读 | 唱 | 念 | 聊 | 练 | 讲 | 演 | 谈 | 考 | 教,戳 | 拍 | 唱 | 考 | 画 | 八卦 | 举 | 看,答 | 审 | 训 | 猜 | 八卦 | 曰 | 辞 | 传 | 识 | 教 | 闻 | 聊,写 | 学 | 读 | 唱 | 念 | 聊 | 练 | 讲 | 演 | 谈 | 考 | 教 | 猜 | 删 | 拍 | 辩 | 看 | 录 | 查 | 画 | 答 | 编 | 奏 | 识 | 辞 | 记 | 举 | 闻 | 搜 | 评 | 译 | 训 | 审 | 传 | 曰 | 遍 | 照 | 理 | 戳 | 赏 | 八卦,40.900456700975916,0.9972688647262581,0.0021166415038091444,写:1.000000 | 念:1.000000 | 读:1.000000 | 学:1.000000 | 教:1.000000 | 考:1.000000 | 查:1.000000 | 演:1.000000 | 聊:1.000000 | 辩:1.000000 | 训:1.000000 | 讲:1.000000,
168,33,0.39053569986457193,0.04584542237092863,0.24242424242424243,肌肉 | 颈部 | 皮肤 | 胸部 | 腹部 | 关节 | 肢体 | 身体 | 血管 | 全身 | 气管 | 心脏,站立 | 伤口 | 下坠 | 牙齿 | 浮力 | 姿势 | 身体 | 头部,心脏 | 颈部 | 气管 | 伤口 | 呼吸 | 知觉 | 嗅觉 | 站立 | 身体 | 大脑 | 下坠 | 肢体,肌肉 | 颈部 | 皮肤 | 胸部 | 腹部 | 关节 | 肢体 | 身体 | 血管 | 全身 | 气管 | 心脏 | 面部 | 呼吸 | 牙齿 | 伤口 | 动脉 | 部位 | 肌肤 | 大脑 | 神经 | 穴位 | 体温 | 头部 | 触觉 | 知觉 | 咽喉 | 嗅觉 | 姿势 | 站立 | 下坠 | 腔 | 浮力,32.9989851036522,0.9997211012208812,0.00039205720939526015,身体:1.000000 | 知觉:1.000000 | 大脑:1.000000 | 头部:1.000000 | 神经:1.000000 | 下坠:1.000000 | 肢体:1.000000 | 咽喉:1.000000 | 面部:1.000000 | 颈部:1.000000 | 肌肉:1.000000 | 伤口:1.000000,
169,26,0.30729169014202884,-0.02856275150775241,0.7307692307692307,时髦 | 气派 | 阔绰 | 讨人喜欢 | 漂亮 | 抢眼 | 显眼 | 时尚 | 豪华 | 尊贵 | 奢侈 | 与众不同,看重 | 十足 | 感兴趣 | 火暴 | 漂亮 | 喜爱 | 讨人喜欢 | 装扮,尊贵 | 时髦 | 十足 | 鹤立鸡群 | 奢侈 | 显眼 | 阔绰 | 热衷 | 火暴 | 品位 | 气派 | 看重,时髦 | 气派 | 阔绰 | 讨人喜欢 | 漂亮 | 抢眼 | 显眼 | 时尚 | 豪华 | 尊贵 | 奢侈 | 与众不同 | 新潮 | 低调 | 装扮 | 热衷 | 喜爱 | 看重 | 鹤立鸡群 | 十足 | 高调 | 逊色 | 火暴 | 标致 | 品位 | 感兴趣,26.0218231165424,0.999899149449115,0.00015004269355613372,阔绰:1.000000 | 气派:1.000000 | 豪华:1.000000 | 奢侈:1.000000 | 尊贵:1.000000 | 火暴:1.000000 | 十足:1.000000 | 热衷:1.000000 | 高调:1.000000 | 抢眼:1.000000 | 时髦:1.000000 | 喜爱:1.000000,打扮:0.017750
170,86,0.3136873391809253,0.03219100194763101,0.3488372093023256,公交车 | 出租车 | 车辆 | 公共汽车 | 电车 | 列车 | 火车 | 大巴 | 私家车 | 停车场 | 货车 | 警车,公园 | 办公 | 场馆 | 场地 | 公寓 | 住户 | 领事馆 | 小区,艘 | 码头 | 慢车 | 安检 | 市区 | 船 | 路况 | 巴士 | 出租 | 警车 | 线路 | 火车,公交车 | 出租车 | 车辆 | 公共汽车 | 电车 | 列车 | 火车 | 大巴 | 私家车 | 停车场 | 货车 | 警车 | 慢车 | 巴士 | 车站 | 车 | 乘客 | 地铁站 | 地铁 | 车道 | 缆车 | 路段 | 司机 | 停车位 | 救护车 | 停车 | 卡车 | 电梯 | 辆 | 飞机 | 自行车 | 机场 | 公车 | 车位 | 电动车 | 轿车 | 航班 | 车主 | 旅客 | 路口 | 快车 | 行人 | 摩托 | 线路 | 机动车 | 交警 | 高铁 | 隧道 | 码头 | 站台 | 出租 | 客机 | 马车 | 市区 | 轮船 | 路况 | 售票 | 加油站 | 小区 | 船 | 特快 | 天桥 | 景区 | 违章 | 吉普 | 跑道 | 渔船 | 客流 | 公园 | 直升机 | 场馆 | 安检 | 物业 | 公寓 | 住户 | 艘 | 旅行社 | 地段 | 场地 | 住宅 | 保安 | 公务 | 领事馆 | 出境 | 无线电 | 办公,86.61819212238325,0.9939246134065319,0.004947386910560952,警车:1.000000 | 摩托:1.000000 | 场地:1.000000 | 大巴:1.000000 | 电梯:1.000000 | 出租车:1.000000 | 停车位:1.000000 | 停车:0.999999 | 交警:0.999999 | 火车:0.999999 | 救护车:0.999998 | 车:0.999998,俱乐部:0.288062 | 高速公路:0.239621 | 坦克:0.090146 | 汽车:0.061179 | 公共:0.039939 | 民警:0.035640 | 航空:0.034534 | 船舶:0.031733
171,66,0.300692407085607,0.021191466172789348,0.3333333333333333,加剧 | 减弱 | 增大 | 萎缩 | 缓解 | 降低 | 加重 | 减少 | 增加 | 恶化 | 升高 | 减轻,衰竭 | 抑制 | 制约 | 复苏 | 困扰 | 发生 | 发酵 | 衰退,出现 | 萎缩 | 饱和 | 引发 | 加剧 | 遭遇 | 升温 | 波及 | 加深 | 消化 | 缩小 | 维持,加剧 | 减弱 | 增大 | 萎缩 | 缓解 | 降低 | 加重 | 减少 | 增加 | 恶化 | 升高 | 减轻 | 衰减 | 改善 | 缩小 | 显现 | 抑制 | 收缩 | 消除 | 衰退 | 导致 | 升温 | 抵消 | 造成 | 扩大 | 增多 | 影响 | 延缓 | 扭转 | 加深 | 引发 | 产生 | 出现 | 挤压 | 膨胀 | 蔓延 | 改变 | 消失 | 降温 | 释放 | 扩张 | 引起 | 波及 | 分化 | 淡化 | 制约 | 刺激 | 衰竭 | 发生 | 冲击 | 恢复 | 消化 | 保持 | 流失 | 爆发 | 复苏 | 维持 | 发酵 | 饱和 | 面临 | 存在 | 困扰 | 遭遇 | 达到 | 处于 | 处在,65.779043355443,0.9934059818517667,0.004475290765653476,升高:1.000000 | 降温:1.000000 | 刺激:1.000000 | 抑制:1.000000 | 发生:1.000000 | 困扰:1.000000 | 缓解:1.000000 | 发酵:1.000000 | 导致:0.999999 | 引发:0.999999 | 升温:0.999998 | 出现:0.999998,步入:0.046672 | 打破:0.036027 | 弥补:0.027735 | 预见:0.017681 | 延长:0.011525 | 凸显:0.011359 | 带来:0.010974
172,45,0.25008027613047823,-0.016907492269144824,0.6444444444444445,积累 | 掌握 | 弥补 | 承担 | 适应 | 满足 | 依靠 | 担负 | 解决 | 拥有 | 依赖 | 克服,坚守 | 缺失 | 消耗 | 超越 | 打磨 | 成长 | 摸索 | 权衡,消耗 | 肩负 | 沉淀 | 经受 | 占有 | 考虑 | 成长 | 超越 | 获取 | 积蓄 | 利用 | 摸索,积累 | 掌握 | 弥补 | 承担 | 适应 | 满足 | 依靠 | 担负 | 解决 | 拥有 | 依赖 | 克服 | 肩负 | 经受 | 培养 | 缺少 | 获取 | 填补 | 占有 | 分担 | 消耗 | 赋予 | 利用 | 衡量 | 提供 | 沉淀 | 把握 | 磨合 | 缺失 | 继承 | 替代 | 接纳 | 摸索 | 吸收 | 打磨 | 生存 | 权衡 | 坚守 | 考虑 | 享有 | 从事 | 超越 | 积蓄 | 成长 | 下一代,44.86490984948912,0.9956797277776233,0.003709459705837267,培养:1.000000 | 积累:1.000000 | 克服:1.000000 | 成长:1.000000 | 打磨:1.000000 | 适应:1.000000 | 沉淀:0.999999 | 磨合:0.999998 | 接纳:0.999998 | 积蓄:0.999997 | 生存:0.999996 | 依靠:0.999994,运用:0.023996
173,52,0.26346769278010485,-0.019430046774630123,0.6538461538461539,辉煌 | 光辉 | 瑰宝 | 凯歌 | 硕果 | 脊梁 | 复兴 | 光彩 | 奇迹 | 胜利 | 宝库 | 光荣,蓬勃 | 愚公移山 | 界 | 生机 | 国宝 | 纪实 | 心血 | 血脉,昌盛 | 英雄 | 贡献 | 鹏程万里 | 中华 | 长征 | 半边天 | 历程 | 里程碑 | 愚公移山 | 万古长青 | 汪洋,辉煌 | 光辉 | 瑰宝 | 凯歌 | 硕果 | 脊梁 | 复兴 | 光彩 | 奇迹 | 胜利 | 宝库 | 光荣 | 昌盛 | 传奇 | 历程 | 繁荣 | 旗帜 | 英雄 | 万古长青 | 宝藏 | 鹏程万里 | 生机 | 友谊 | 光明 | 足迹 | 事迹 | 开天辟地 | 振兴 | 荣誉 | 里程碑 | 曙光 | 蓝图 | 堡垒 | 摇篮 | 蓬勃 | 心血 | 血脉 | 功臣 | 丰收 | 长征 | 家园 | 半边天 | 中华 | 栋梁 | 贡献 | 国宝 | 愚公移山 | 风云 | 启迪 | 纪实 | 汪洋 | 界,51.97253875314134,0.9964582300330957,0.0034645657036042688,脊梁:1.000000 | 硕果:1.000000 | 传奇:1.000000 | 摇篮:1.000000 | 生机:1.000000 | 瑰宝:1.000000 | 凯歌:1.000000 | 旗帜:1.000000 | 半边天:1.000000 | 蓬勃:1.000000 | 辉煌:1.000000 | 宝库:1.000000,王国:0.037009 | 飞跃:0.033473 | 世纪:0.015367 | 改革开放:0.012058 | 成就:0.011985
174,67,0.32489609273351006,0.03443117086346613,0.2835820895522388,傍晚 | 早晨 | 夜晚 | 清晨 | 夜里 | 冬天 | 晚上 | 中午 | 时节 | 早上 | 夏天 | 下午,剧组 | 国庆 | 人数 | 段 | 人次 | 元旦 | 晚上 | 清明,下雨 | 段 | 工作日 | 季节 | 剧组 | 冬季 | 来年 | 夏天 | 节气 | 国庆 | 早晨 | 人次,傍晚 | 早晨 | 夜晚 | 清晨 | 夜里 | 冬天 | 晚上 | 中午 | 时节 | 早上 | 夏天 | 下午 | 星期天 | 秋天 | 阴天 | 腊月 | 季节 | 深夜 | 晴朗 | 下雪 | 冬季 | 晴天 | 下雨 | 夏季 | 凌晨 | 春天 | 上午 | 元旦 | 春季 | 一大早 | 天气 | 星期日 | 一早 | 秋季 | 节气 | 风和日丽 | 气温 | 农历 | 晚 | 清明 | 旺季 | 每逢 | 初一 | 零下 | 淡季 | 国庆 | 多云 | 高峰期 | 四季 | 夜 | 时段 | 黎明 | 过后 | 工作日 | 前夕 | 摄氏度 | 高峰 | 高温 | 临近 | 往年 | 期间 | 来年 | 年终 | 剧组 | 人次 | 段 | 人数,67.15209264714801,0.9986174016810797,0.0013547474865810436,夏季:1.000000 | 秋天:1.000000 | 冬天:1.000000 | 冬季:1.000000 | 春季:1.000000 | 季节:1.000000 | 秋季:1.000000 | 清晨:1.000000 | 夏天:1.000000 | 晴朗:1.000000 | 阴天:1.000000 | 节气:1.000000,半夜:0.113107 | 天:0.035878 | 星期:0.029783
175,77,0.29180097238810393,0.004957761563314526,0.4155844155844156,似乎 | 显然 | 却 | 反倒 | 仍旧 | 反而 | 不仅 | 仍然 | 却是 | 依然 | 依旧 | 不但,难怪 | 从没 | 看得出 | 当年 | 不光 | 颇 | 越发 | 注定,颇 | 从来 | 反倒 | 从此 | 恰恰相反 | 原先 | 难怪 | 并非 | 相对而言 | 之所以 | 仅仅 | 由此看来,似乎 | 显然 | 却 | 反倒 | 仍旧 | 反而 | 不仅 | 仍然 | 却是 | 依然 | 依旧 | 不但 | 同样 | 从来 | 唯独 | 并非 | 早已 | 原本 | 不光 | 看似 | 不仅仅 | 仅仅 | 向来 | 无疑 | 更是 | 早就 | 正是 | 一向 | 一直 | 可谓 | 事实上 | 尽管 | 恰恰相反 | 则 | 丝毫 | 之所以 | 曾经 | 比起 | 已经 | 本身 | 相反 | 仍 | 如今 | 起初 | 绝对 | 难怪 | 完全 | 相对而言 | 便是 | 注定 | 最初 | 原先 | 相比之下 | 越发 | 只有 | 那样 | 取而代之 | 颇 | 从未 | 正如 | 看得出 | 从此 | 自从 | 从没 | 可见 | 从前 | 由此看来 | 眼下 | 相比 | 不止 | 由此可见 | 众所周知 | 先前 | 唯一 | 后者 | 当年 | 莫过于,76.71083817266116,0.9826477674465082,0.010079159308338784,一向:1.000000 | 依旧:1.000000 | 仍旧:1.000000 | 向来:1.000000 | 曾经:1.000000 | 相反:0.999999 | 原先:0.999999 | 可谓:0.999999 | 眼下:0.999998 | 依然:0.999998 | 相对而言:0.999995 | 不仅:0.999990,其次:0.162130 | 前者:0.148527 | 如果说:0.142964 | 实际上:0.083703 | 原来:0.069907 | 再也:0.039443 | 不亚于:0.032553 | 与此同时:0.026353
176,49,0.20645793081995695,-0.03870893151153825,0.9183673469387755,移 | 验 | 试 | 登 | 合 | 采 | 裁 | 建 | 迁 | 运 | 征 | 测,勿 | 攀 | 播 | 派 | 披 | 跨 | 行 | 封,产 | 置 | 解 | 采 | 代 | 原 | 派 | 混 | 设 | 附 | 迁 | 映,移 | 验 | 试 | 登 | 合 | 采 | 裁 | 建 | 迁 | 运 | 征 | 测 | 调 | 入 | 解 | 配 | 延 | 置 | 附 | 混 | 设 | 制 | 招 | 炼 | 标 | 产 | 临 | 播 | 准 | 妥 | 攀 | 映 | 注 | 法 | 披 | 依 | 列 | 封 | 行 | 关 | 代 | 勿 | 系 | 凡 | 丙 | 同 | 跨 | 派 | 原,48.99187613539605,0.9947875264420446,0.005310537823553513,设:1.000000 | 迁:1.000000 | 登:1.000000 | 验:0.999999 | 配:0.999998 | 凡:0.999998 | 裁:0.999997 | 依:0.999997 | 制:0.999997 | 同:0.999990 | 产:0.999988 | 试:0.999988,号:0.068335 | 传:0.041081 | 六:0.038968 | 七:0.016826 | 改名:0.014987
177,39,0.343868034662724,0.026078635432615488,0.2564102564102564,描绘 | 描写 | 叙述 | 诉说 | 歌颂 | 表达 | 展现 | 烘托 | 讲述 | 勾画 | 领略 | 赞美,崇拜 | 思索 | 赞美 | 心目 | 缅怀 | 打动 | 审视 | 蕴涵,表达 | 揣摩 | 描绘 | 审视 | 烘托 | 缅怀 | 呼应 | 叙述 | 歌颂 | 衬托 | 崇拜 | 模仿,描绘 | 描写 | 叙述 | 诉说 | 歌颂 | 表达 | 展现 | 烘托 | 讲述 | 勾画 | 领略 | 赞美 | 感受 | 塑造 | 倾诉 | 欣赏 | 流露 | 领悟 | 揣摩 | 衬托 | 揭示 | 演绎 | 体会 | 描述 | 唤起 | 探求 | 思索 | 缅怀 | 倾听 | 打动 | 陶冶 | 蕴涵 | 审视 | 模仿 | 熏陶 | 形容 | 崇拜 | 呼应 | 心目,38.98827014198809,0.9991725369830943,0.0009464831491942203,歌颂:1.000000 | 描写:1.000000 | 呼应:1.000000 | 欣赏:1.000000 | 叙述:1.000000 | 烘托:1.000000 | 唤起:1.000000 | 熏陶:1.000000 | 流露:1.000000 | 描绘:1.000000 | 陶冶:1.000000 | 模仿:1.000000,领会:0.016230
178,49,0.4222857623158647,0.13794690725213268,0.061224489795918366,舞蹈 | 歌剧 | 戏剧 | 民歌 | 歌舞 | 独唱 | 诗歌 | 演唱 | 演奏 | 乐曲 | 戏曲 | 合唱,趣味 | 影片 | 幕 | 礼仪 | 改编 | 国歌 | 古典 | 民俗,民歌 | 演唱 | 散文 | 表演 | 独唱 | 诗歌 | 戏曲 | 改编 | 绘画 | 书法 | 文艺 | 幕,舞蹈 | 歌剧 | 戏剧 | 民歌 | 歌舞 | 独唱 | 诗歌 | 演唱 | 演奏 | 乐曲 | 戏曲 | 合唱 | 歌曲 | 歌唱 | 京剧 | 话剧 | 交响乐 | 伴奏 | 表演 | 杂技 | 朗诵 | 绘画 | 艺术 | 抒情 | 秧歌 | 创作 | 剧目 | 旋律 | 散文 | 国画 | 歌咏 | 美术 | 书法 | 小品 | 舞 | 文艺 | 中国画 | 歌 | 古典 | 马戏 | 民俗 | 茶道 | 鉴赏 | 影片 | 国歌 | 改编 | 趣味 | 礼仪 | 幕,49.00506715533438,0.9991439018321494,0.0009923225919787509,演奏:1.000000 | 歌唱:1.000000 | 演唱:1.000000 | 合唱:1.000000 | 歌咏:1.000000 | 乐曲:1.000000 | 歌舞:1.000000 | 独唱:1.000000 | 抒情:1.000000 | 鉴赏:1.000000 | 茶道:1.000000 | 朗诵:1.000000,纪录片:0.017990 | 连续剧:0.013392
179,47,0.2786938114509294,-0.004586273641549349,0.48936170212765956,后裔 | 祭祀 | 祖先 | 传说 | 后代 | 皇室 | 世袭 | 习俗 | 相传 | 供奉 | 姓氏 | 后人,谜 | 晚年 | 主人公 | 宫 | 陪葬 | 葬 | 孪生 | 称呼,生平 | 族 | 宫廷 | 主人公 | 遗产 | 称呼 | 家族 | 皇室 | 葬 | 供奉 | 宫 | 陪葬,后裔 | 祭祀 | 祖先 | 传说 | 后代 | 皇室 | 世袭 | 习俗 | 相传 | 供奉 | 姓氏 | 后人 | 风俗 | 祭 | 贵族 | 葬 | 宫廷 | 家族 | 血缘 | 朝代 | 来历 | 记载 | 世代 | 圣贤 | 象征 | 陪葬 | 由来 | 称呼 | 化身 | 僧人 | 生平 | 族 | 宫 | 王国 | 使者 | 遗产 | 晚年 | 掌管 | 主人公 | 公元 | 风水 | 长寿 | 乃 | 孪生 | 干戈 | 上流 | 谜,47.04663109154345,0.9983147043304277,0.0017926658747873772,供奉:1.000000 | 祭祀:1.000000 | 来历:1.000000 | 相传:1.000000 | 葬:1.000000 | 皇室:1.000000 | 习俗:1.000000 | 世袭:1.000000 | 祭:1.000000 | 记载:1.000000 | 后人:1.000000 | 世代:1.000000,帝国:0.044079 | 作者:0.022888
180,49,0.3235448613677944,-0.0002616777268521623,0.5102040816326531,工艺品 | 首饰 | 刺绣 | 瓷器 | 礼品 | 家具 | 珠宝 | 服装 | 装饰 | 图案 | 地毯 | 服饰,外衣 | 名片 | 乐器 | 地毯 | 油画 | 招牌 | 奖品 | 摆设,花卉 | 时装 | 吉祥物 | 文具 | 肖像 | 特制 | 首饰 | 服饰 | 油画 | 贝壳 | 刺绣 | 藏品,工艺品 | 首饰 | 刺绣 | 瓷器 | 礼品 | 家具 | 珠宝 | 服装 | 装饰 | 图案 | 地毯 | 服饰 | 古董 | 丝绸 | 雕塑 | 邮票 | 时装 | 文具 | 婚纱 | 藏品 | 油画 | 贺卡 | 宝石 | 年画 | 物品 | 款式 | 花卉 | 画册 | 用品 | 摆设 | 道具 | 乐器 | 肖像 | 灯笼 | 手工 | 收藏 | 鲜花 | 水晶 | 海报 | 钻石 | 吉祥物 | 贝壳 | 彩色 | 奖品 | 名片 | 花样 | 特制 | 外衣 | 招牌,48.66653249293764,0.9902743033399797,0.006205330677052065,特制:1.000000 | 刺绣:1.000000 | 道具:1.000000 | 摆设:1.000000 | 宝石:1.000000 | 招牌:1.000000 | 物品:1.000000 | 鲜花:1.000000 | 服饰:1.000000 | 丝绸:1.000000 | 装饰:0.999998 | 手工:0.999998,封面:0.069561 | 唱片:0.033062 | 老字号:0.013066 | 雕刻:0.010200
181,41,0.30168890945790366,-0.005159226919302562,0.5609756097560976,损伤 | 紊乱 | 危害 | 破裂 | 污染 | 腐烂 | 腐蚀 | 有害 | 副作用 | 堵塞 | 诱发 | 变异,衰弱 | 病毒 | 兴奋剂 | 麻痹 | 窒息 | 后遗症 | 根治 | 传染,恶性 | 变异 | 失效 | 失灵 | 有毒 | 变质 | 腐烂 | 病毒 | 紊乱 | 噪音 | 伤害 | 震动,损伤 | 紊乱 | 危害 | 破裂 | 污染 | 腐烂 | 腐蚀 | 有害 | 副作用 | 堵塞 | 诱发 | 变异 | 老化 | 伤害 | 缺陷 | 泄漏 | 恶性 | 断裂 | 传染 | 失灵 | 变质 | 后遗症 | 故障 | 有毒 | 畸形 | 失效 | 隐患 | 噪音 | 麻痹 | 失控 | 噪声 | 窒息 | 致命 | 超标 | 衰弱 | 摩擦 | 震动 | 根治 | 病毒 | 泡沫 | 兴奋剂,41.00686138165933,0.9997266294269019,0.0003746401229828334,失控:1.000000 | 老化:1.000000 | 麻痹:1.000000 | 超标:1.000000 | 后遗症:1.000000 | 有毒:1.000000 | 根治:1.000000 | 畸形:1.000000 | 泄漏:1.000000 | 变质:1.000000 | 恶性:1.000000 | 摩擦:1.000000,
182,93,0.26283587610663867,-0.013629910234168138,0.5806451612903226,专栏 | 播出 | 直播 | 频道 | 访谈 | 栏目 | 博客 | 视频 | 电视台 | 转播 | 广播 | 播放,大会 | 竞赛 | 体育 | 嘉年华 | 阅读 | 届 | 发布会 | 车展,卫视 | 编辑 | 车展 | 届 | 宣传 | 微博 | 网民 | 出版社 | 历届 | 点击率 | 嘉宾 | 公众,专栏 | 播出 | 直播 | 频道 | 访谈 | 栏目 | 博客 | 视频 | 电视台 | 转播 | 广播 | 播放 | 新闻 | 讲座 | 广告 | 媒体 | 专题 | 微博 | 卫视 | 电台 | 报刊 | 头条 | 论坛 | 投稿 | 收看 | 收听 | 演讲 | 录制 | 评论 | 改版 | 重播 | 出版 | 刊登 | 主页 | 刊物 | 晚报 | 嘉宾 | 下载 | 点击率 | 主持人 | 互动 | 原创 | 科普 | 阅读 | 评论员 | 转载 | 编辑 | 沙龙 | 帖子 | 公众 | 浏览 | 图书 | 实况 | 图片 | 放映 | 发布会 | 微信 | 评选 | 宣传 | 娱乐 | 社交 | 分享 | 少儿 | 影视 | 网友 | 策划 | 网民 | 活动 | 财经 | 音像 | 体育 | 标题 | 公益 | 主题 | 网址 | 日报 | 大会 | 嘉年华 | 车展 | 正版 | 投票 | 对话 | 征集 | 出版社 | 集邮 | 公关 | 文娱 | 竞赛 | 作者 | 历届 | 届 | 奖 | 中外,93.62091218784897,0.9892909154503076,0.00739361119530619,播放:1.000000 | 收听:1.000000 | 宣传:1.000000 | 互动:1.000000 | 科普:1.000000 | 直播:1.000000 | 媒体:0.999999 | 专栏:0.999999 | 收看:0.999998 | 专题:0.999998 | 策划:0.999997 | 播出:0.999997,大众:0.417615 | 网上:0.278608 | 传媒:0.204291 | 杂志:0.187914 | 大赛:0.079850 | 摄影:0.059528 | 版:0.059340 | 排行榜:0.052576
183,54,0.3793245727775848,0.08090229830607551,0.1111111111111111,课文 | 复习 | 口语 | 英语 | 课本 | 预习 | 背诵 | 听写 | 备课 | 作文 | 外语 | 课程,排练 | 上岗 | 工作 | 稿子 | 分组 | 培训班 | 论文 | 分数,复习 | 写作 | 排练 | 背诵 | 试卷 | 培训 | 学习 | 作文 | 培训班 | 分组 | 日语 | 练习,课文 | 复习 | 口语 | 英语 | 课本 | 预习 | 背诵 | 听写 | 备课 | 作文 | 外语 | 课程 | 讲课 | 口试 | 课 | 写作 | 教材 | 选修 | 自学 | 试卷 | 试题 | 听力 | 教学 | 练习 | 朗读 | 卷子 | 汉语 | 填空 | 听讲 | 学习 | 测验 | 必修 | 课堂 | 默读 | 功课 | 抄写 | 俄语 | 识字 | 日语 | 科目 | 大纲 | 翻译 | 普通话 | 培训 | 稿子 | 论文 | 排练 | 作业 | 分数 | 培训班 | 时事 | 上岗 | 工作 | 分组,53.48149953764268,0.9855509039042994,0.007446587720750274,默读:1.000000 | 抄写:1.000000 | 背诵:1.000000 | 听讲:1.000000 | 稿子:1.000000 | 练习:1.000000 | 写作:1.000000 | 预习:1.000000 | 朗读:1.000000 | 讲课:1.000000 | 复习:1.000000 | 学习:1.000000,讲座:0.127627 | 笔试:0.032624 | 辅导:0.025796 | 学时:0.025538 | 剧本:0.014372
184,35,0.3707509696638976,0.05477485524173471,0.2,宽阔 | 荒凉 | 僻静 | 宽敞 | 狭小 | 狭窄 | 偏僻 | 茂密 | 拥挤 | 平坦 | 辽阔 | 开阔,明亮 | 阴暗 | 寂静 | 完好 | 熙熙攘攘 | 陌生 | 破旧 | 整洁,宽阔 | 拥挤 | 狭小 | 茂密 | 陌生 | 僻静 | 相连 | 偏远 | 熙熙攘攘 | 川流不息 | 开阔 | 明亮,宽阔 | 荒凉 | 僻静 | 宽敞 | 狭小 | 狭窄 | 偏僻 | 茂密 | 拥挤 | 平坦 | 辽阔 | 开阔 | 喧闹 | 宽广 | 整洁 | 空荡荡 | 寂静 | 明亮 | 简陋 | 茂盛 | 熙熙攘攘 | 阴暗 | 破旧 | 繁华 | 稠密 | 肥沃 | 纵横交错 | 稀少 | 偏远 | 繁忙 | 川流不息 | 陌生 | 相通 | 相连 | 完好,35.01579739849895,0.9998108817848878,0.00021862532368781767,偏僻:1.000000 | 宽敞:1.000000 | 整洁:1.000000 | 僻静:1.000000 | 偏远:1.000000 | 拥挤:1.000000 | 宽阔:1.000000 | 狭小:1.000000 | 完好:1.000000 | 简陋:1.000000 | 喧闹:1.000000 | 繁忙:1.000000,遥远:0.022147
185,42,0.3397768676273433,0.02471486879338231,0.2857142857142857,盗窃 | 收买 | 抢劫 | 窃取 | 掠夺 | 倒卖 | 贩卖 | 敲诈 | 强占 | 抢夺 | 扣留 | 侵占,占领 | 拉拢 | 贿赂 | 非法 | 伪造 | 散布 | 公款 | 绑架,拉拢 | 兜售 | 绑架 | 非法 | 招揽 | 敲诈 | 伪造 | 焚烧 | 分赃 | 扣留 | 侵占 | 毁坏,盗窃 | 收买 | 抢劫 | 窃取 | 掠夺 | 倒卖 | 贩卖 | 敲诈 | 强占 | 抢夺 | 扣留 | 侵占 | 非法 | 藏匿 | 财物 | 扣押 | 走私 | 出卖 | 毁坏 | 绑架 | 伪造 | 霸占 | 烧毁 | 贿赂 | 遗弃 | 冒充 | 兜售 | 没收 | 拉拢 | 分赃 | 销毁 | 丢弃 | 雇佣 | 焚烧 | 推销 | 公款 | 占领 | 招揽 | 散布 | 动用 | 禁止 | 充当,42.04320285236223,0.9993207721843305,0.0007063187288995288,销毁:1.000000 | 兜售:1.000000 | 盗窃:1.000000 | 毁坏:1.000000 | 收买:1.000000 | 推销:1.000000 | 霸占:1.000000 | 出卖:1.000000 | 冒充:1.000000 | 贩卖:1.000000 | 强占:1.000000 | 招揽:1.000000,取缔:0.034683 | 搜查:0.015992
186,71,0.29047271377140627,-0.03365459771881936,0.7183098591549296,帅哥 | 仙女 | 猫 | 少女 | 公主 | 猩猩 | 美女 | 姐妹 | 狗 | 狮子 | 王子 | 美人,前任 | 小姐 | 同伴 | 新郎 | 兄弟 | 父子 | 娃娃 | 弟子,情侣 | 新娘 | 女 | 群 | 帅哥 | 同伴 | 鳄鱼 | 酒鬼 | 宝贝 | 姐妹 | 绰号 | 粉丝,帅哥 | 仙女 | 猫 | 少女 | 公主 | 猩猩 | 美女 | 姐妹 | 狗 | 狮子 | 王子 | 美人 | 母女 | 情人 | 怪物 | 野兽 | 情侣 | 新娘 | 猎人 | 狼 | 同伴 | 女 | 小丑 | 宝贝 | 小姐 | 父女 | 娃娃 | 神仙 | 鳄鱼 | 双胞胎 | 男 | 猎犬 | 主妇 | 王后 | 少年 | 鲨鱼 | 母子 | 新郎 | 杀手 | 女子 | 魔鬼 | 宠物 | 皇帝 | 路人 | 大象 | 水手 | 外星人 | 和尚 | 男士 | 厨师 | 男子 | 皇后 | 酒鬼 | 摄影师 | 恐龙 | 天使 | 蜜蜂 | 父子 | 弟子 | 兄弟 | 大熊猫 | 天才 | 将军 | 粉丝 | 星座 | 外号 | 绰号 | 传人 | 陨石 | 群 | 前任,71.30982752330932,0.9926835258924114,0.004484339494943954,杀手:1.000000 | 新郎:1.000000 | 外星人:1.000000 | 男士:1.000000 | 新娘:1.000000 | 宝贝:0.999999 | 传人:0.999999 | 美女:0.999998 | 猩猩:0.999998 | 美人:0.999997 | 猎人:0.999997 | 野兽:0.999997,天鹅:0.252531 | 鸟:0.100752 | 阎王:0.076750 | 夫人:0.051171 | 国王:0.050446 | 师长:0.047696 | 影星:0.046567 | 女士:0.023805
187,80,0.2741636460076903,0.0040530493464261425,0.4375,提交 | 公示 | 申请 | 审核 | 登记 | 批准 | 审批 | 办理 | 审查 | 递交 | 上报 | 申报,调查 | 开通 | 出资 | 收取 | 核对 | 全文 | 邮编 | 张贴,发放 | 公告 | 提交 | 开通 | 收取 | 交付 | 许可证 | 登录 | 报告 | 预告 | 试行 | 通告,提交 | 公示 | 申请 | 审核 | 登记 | 批准 | 审批 | 办理 | 审查 | 递交 | 上报 | 申报 | 填写 | 签署 | 受理 | 公布 | 核实 | 披露 | 出具 | 审定 | 修订 | 发布 | 公告 | 申领 | 签订 | 手续 | 查询 | 验收 | 评审 | 许可证 | 确认 | 注册 | 协议 | 许可 | 拟定 | 订立 | 发放 | 授权 | 修改 | 出示 | 颁布 | 核对 | 表决 | 委托 | 转让 | 认证 | 通知 | 编制 | 通告 | 登录 | 约定 | 公开 | 报告 | 名单 | 签约 | 交付 | 收取 | 开通 | 试行 | 张贴 | 有效期 | 编号 | 收到 | 列入 | 执行 | 接收 | 调查 | 出售 | 代理 | 期限 | 日期 | 出资 | 资料 | 预告 | 删除 | 发行 | 地址 | 邮编 | 拍卖 | 全文,80.95972240159334,0.9931739242143248,0.005584467953330981,填写:1.000000 | 开通:1.000000 | 邮编:1.000000 | 出示:0.999999 | 办理:0.999999 | 查询:0.999999 | 递交:0.999998 | 受理:0.999998 | 名单:0.999995 | 提交:0.999994 | 公示:0.999990 | 委托:0.999980,草案:0.232438 | 传真:0.139172 | 交易:0.134173 | 事项:0.134146 | 声明:0.113864 | 重组:0.098008 | 授予:0.085945 | 统计:0.071657
188,33,0.5241183886108044,0.20174556306520247,0.0,柜子 | 书桌 | 桌子 | 椅子 | 凳子 | 窗子 | 书橱 | 书柜 | 写字台 | 屋子 | 窗台 | 窗户,书包 | 地上 | 被子 | 客厅 | 栏杆 | 柱子 | 卧室 | 院子,窗子 | 窗帘 | 桌子 | 栏杆 | 书桌 | 抽屉 | 窗台 | 柜子 | 地板 | 柱子 | 床 | 被子,柜子 | 书桌 | 桌子 | 椅子 | 凳子 | 窗子 | 书橱 | 书柜 | 写字台 | 屋子 | 窗台 | 窗户 | 卧室 | 藤椅 | 沙发 | 书架 | 客厅 | 抽屉 | 墙壁 | 窗帘 | 箱子 | 帐子 | 书房 | 帘子 | 院子 | 被子 | 床 | 镜子 | 栏杆 | 地板 | 柱子 | 书包 | 地上,32.999471806862545,0.9999559177440811,0.0000756827688391432,书橱:1.000000 | 院子:1.000000 | 书架:1.000000 | 书房:1.000000 | 墙壁:1.000000 | 帘子:1.000000 | 书柜:1.000000 | 窗子:1.000000 | 镜子:1.000000 | 书桌:1.000000 | 床:1.000000 | 帐子:1.000000,
189,28,0.3033915337837949,0.012279794561882674,0.32142857142857145,昂贵 | 便宜 | 贵重 | 廉价 | 值钱 | 名贵 | 实惠 | 齐全 | 高档 | 有用 | 划算 | 贵,美观 | 划算 | 不起眼 | 笨重 | 方便 | 值钱 | 劣质 | 档次,贵 | 档次 | 值钱 | 不起眼 | 便宜 | 常见 | 美观 | 高档 | 像样 | 现成 | 简易 | 贵重,昂贵 | 便宜 | 贵重 | 廉价 | 值钱 | 名贵 | 实惠 | 齐全 | 高档 | 有用 | 划算 | 贵 | 方便 | 应有尽有 | 常见 | 简易 | 美观 | 笨重 | 现成 | 新式 | 五花八门 | 劣质 | 一应俱全 | 各式各样 | 不起眼 | 像样 | 必不可少 | 档次,27.99970155402638,0.9997886183032307,0.000293824046380433,贵重:1.000000 | 廉价:1.000000 | 一应俱全:1.000000 | 昂贵:1.000000 | 值钱:1.000000 | 便宜:1.000000 | 实惠:1.000000 | 各式各样:1.000000 | 应有尽有:1.000000 | 劣质:1.000000 | 划算:1.000000 | 齐全:1.000000,
190,52,0.3432837346629718,0.03712405489971451,0.38461538461538464,晚会 | 庆典 | 闭幕式 | 音乐会 | 开幕式 | 开幕 | 盛会 | 宴会 | 联欢 | 演唱会 | 典礼 | 集会,席 | 演出 | 比赛 | 殿堂 | 赛场 | 礼堂 | 球场 | 剧场,闭幕式 | 诞辰 | 开幕式 | 舞台 | 招待会 | 体育馆 | 展览会 | 葬礼 | 赛场 | 晚会 | 国旗 | 口号,晚会 | 庆典 | 闭幕式 | 音乐会 | 开幕式 | 开幕 | 盛会 | 宴会 | 联欢 | 演唱会 | 典礼 | 集会 | 展览会 | 招待会 | 展览 | 运动会 | 演出 | 会场 | 博览会 | 闭幕 | 葬礼 | 游行 | 画展 | 礼堂 | 婚礼 | 体育场 | 体育馆 | 盛大 | 仪式 | 比赛 | 庆祝 | 舞台 | 广场 | 剧院 | 大赛 | 奥运会 | 赛场 | 亚运会 | 狂欢节 | 纪念日 | 剧场 | 周年 | 诞辰 | 球场 | 夏令营 | 殿堂 | 助威 | 国旗 | 火炬 | 标语 | 口号 | 席,52.376815947809234,0.9965639017328685,0.003074421303014203,舞台:1.000000 | 殿堂:1.000000 | 联欢:1.000000 | 晚会:1.000000 | 游行:1.000000 | 国旗:1.000000 | 仪式:0.999999 | 盛大:0.999999 | 葬礼:0.999998 | 赛场:0.999998 | 画展:0.999998 | 口号:0.999998,大奖赛:0.476940 | 决赛:0.017059 | 半决赛:0.012933 | 世界杯:0.011996 | 田径:0.010024
191,53,0.3148287248915354,0.006700576946438481,0.4339622641509434,嘛 | 道理 | 本事 | 坏处 | 好处 | 事情 | 毛病 | 事 | 用处 | 玩意儿 | 话 | 意思,火候 | 废话 | 功效 | 分寸 | 面子 | 秘方 | 胃口 | 运气,秘方 | 呢 | 话 | 好处 | 大事 | 啦 | 点子 | 短处 | 利害 | 事 | 本钱 | 瘾,嘛 | 道理 | 本事 | 坏处 | 好处 | 事情 | 毛病 | 事 | 用处 | 玩意儿 | 话 | 意思 | 活儿 | 难处 | 窍门 | 本钱 | 心思 | 东西 | 呢 | 吧 | 坏事 | 能耐 | 罢了 | 劲头 | 秘诀 | 益处 | 废话 | 工夫 | 路子 | 门路 | 好事 | 短处 | 啦 | 脑筋 | 分寸 | 面子 | 地步 | 缘故 | 规矩 | 胃口 | 些 | 大事 | 甜头 | 而已 | 点子 | 秘方 | 俗话 | 运气 | 瘾 | 利害 | 功效 | 火候 | 药方,52.84411092568485,0.993239331087174,0.0035069950264515638,秘方:1.000000 | 火候:1.000000 | 胃口:1.000000 | 门路:1.000000 | 难处:1.000000 | 东西:1.000000 | 玩意儿:1.000000 | 药方:1.000000 | 大事:1.000000 | 事:1.000000 | 利害:1.000000 | 规矩:0.999999,诀窍:0.155825 | 偏方:0.016220
192,78,0.38097550866501134,0.04140508930718864,0.2692307692307692,肿瘤 | 炎症 | 急性 | 疾病 | 慢性 | 病症 | 治疗 | 癌症 | 糖尿病 | 高血压 | 肝脏 | 症状,人体 | 胃 | 腹泻 | 服用 | 器官 | 中毒 | 唾液 | 视力,激素 | 视力 | 肾 | 阳性 | 胚胎 | 脾 | 艾滋病 | 输血 | 分泌 | 患 | 血压 | 慢性,肿瘤 | 炎症 | 急性 | 疾病 | 慢性 | 病症 | 治疗 | 癌症 | 糖尿病 | 高血压 | 肝脏 | 症状 | 腹泻 | 发病 | 心脏病 | 血栓 | 病 | 癌 | 确诊 | 肝 | 复发 | 免疫 | 传染病 | 诊断 | 肺 | 临床 | 内科 | 脾 | 药物 | 血压 | 患有 | 激素 | 外科 | 肥胖 | 疗效 | 治愈 | 患 | 艾滋病 | 疗法 | 针灸 | 胎儿 | 儿科 | 肾 | 口腔 | 西医 | 血液 | 中医 | 胃 | 细胞 | 流感 | 感染 | 康复 | 痰 | 阳性 | 器官 | 分泌 | 生理 | 胚胎 | 麻醉 | 阴性 | 创伤 | 医学 | 唾液 | 中毒 | 体质 | 腺 | 衰老 | 遗传 | 人体 | 服用 | 视力 | 职业病 | 护理 | 输血 | 婴儿 | 晚期 | 体重 | 矫正,78.05665363612373,0.996376863348382,0.003076695483648287,中医:1.000000 | 病:1.000000 | 内科:1.000000 | 阴性:1.000000 | 疾病:1.000000 | 输血:1.000000 | 患:1.000000 | 血液:1.000000 | 阳性:1.000000 | 临床:1.000000 | 肺:1.000000 | 肿瘤:0.999999,酒精:0.213235 | 休克:0.042214 | 痴呆:0.018821 | 手术:0.014869
193,88,0.39926119208681854,0.05078240501792275,0.3181818181818182,袜子 | 衬衣 | 毛衣 | 裤子 | 拖鞋 | 大衣 | 衣服 | 衬衫 | 围巾 | 裙子 | 外套 | 鞋,垫子 | 台灯 | 枕头 | 盒子 | 电视机 | 马桶 | 衣架 | 脸盆,背包 | 裤子 | 瓶 | 罐 | 圆珠笔 | 球鞋 | 毛笔 | 笔记本 | 墨水 | 外套 | 毯子 | 背心,袜子 | 衬衣 | 毛衣 | 裤子 | 拖鞋 | 大衣 | 衣服 | 衬衫 | 围巾 | 裙子 | 外套 | 鞋 | 毛巾 | 皮鞋 | 上衣 | 领带 | 衣架 | 羽绒服 | 牛仔裤 | 短裤 | 凉鞋 | 水壶 | 毯子 | 雨衣 | 球鞋 | 杯子 | 手套 | 皮包 | 西装 | 牙刷 | 枕头 | 内衣 | 梳子 | 手帕 | 蚊帐 | 垫子 | 睡袋 | 背心 | 拉锁 | 纽扣 | 脸盆 | 铅笔 | 扇子 | 口罩 | 圆珠笔 | 高跟鞋 | 台灯 | 钢笔 | 瓶子 | 刷子 | 手表 | 项链 | 背包 | 旗袍 | 眼镜 | 马桶 | 筷子 | 火柴 | 吸管 | 礼服 | 电饭锅 | 盒子 | 灯泡 | 戒指 | 易拉罐 | 袋 | 胶带 | 笔记本 | 洗衣机 | 瓶 | 香烟 | 毛笔 | 药片 | 玩具 | 蜡烛 | 冰箱 | 墨水 | 花瓶 | 充电器 | 电视机 | 罐 | 纸 | 盒 | 微波炉 | 箱 | 硬币 | 胶水 | 彩电,88.37857714709344,0.99767742757685,0.0024525528034552864,西装:1.000000 | 衬衣:1.000000 | 裙子:1.000000 | 短裤:1.000000 | 拖鞋:1.000000 | 皮鞋:1.000000 | 牛仔裤:1.000000 | 毛衣:1.000000 | 羽绒服:1.000000 | 大衣:1.000000 | 外套:1.000000 | 衬衫:1.000000,包:0.172562 | 塑料:0.092478 | 婚纱:0.071650 | 打印机:0.068926 | 皮带:0.031267 | 剪刀:0.029991 | 显示器:0.022655 | 桶:0.014275
194,71,0.262284836430998,-0.01143294937196527,0.5774647887323944,图像 | 软件 | 智能 | 计算机 | 传输 | 系统 | 硬件 | 监控 | 联网 | 应用 | 导航 | 远程,一卡通 | 网站 | 汽车 | 专业 | 测量 | 设计 | 实验室 | 测试,单元 | 转换 | 模拟 | 联网 | 人工智能 | 汽车 | 输入 | 视觉 | 服务器 | 数据库 | 计算机 | 更新,图像 | 软件 | 智能 | 计算机 | 传输 | 系统 | 硬件 | 监控 | 联网 | 应用 | 导航 | 远程 | 自动 | 数据库 | 多媒体 | 扫描 | 模拟 | 监测 | 服务器 | 图形 | 无线 | 探测 | 移动 | 人工智能 | 三维 | 影像 | 性能 | 测量 | 模型 | 激光 | 测试 | 虚拟 | 动态 | 辅助 | 电源 | 杀毒 | 多功能 | 防盗 | 机器人 | 装置 | 引擎 | 防护 | 视觉 | 防火墙 | 功率 | 数字 | 充电 | 搜索 | 数码 | 微型 | 输入 | 在线 | 运行 | 设计 | 实验室 | 海量 | 电动 | 汽车 | 一卡通 | 操作 | 图表 | 专业 | 网站 | 双向 | 综合 | 高速 | 单元 | 更新 | 转换 | 随机 | 滚动,72.22954151882058,0.9914070860618327,0.007731513909643147,防护:0.999999 | 防盗:0.999999 | 图像:0.999998 | 辅助:0.999996 | 虚拟:0.999966 | 传输:0.999944 | 探测:0.999934 | 单元:0.999930 | 高速:0.999923 | 杀毒:0.999876 | 防火墙:0.999869 | 影像:0.999862,数据:0.399661 | 浏览器:0.294660 | 网络:0.191848 | 天线:0.128681 | 芯片:0.119751 | 同步:0.119212 | 网上:0.079608 | 运营:0.068564
195,37,0.3330847044625811,0.04638378099377566,0.16216216216216217,尽力 | 全力 | 尽快 | 设法 | 尽早 | 抓紧 | 千方百计 | 积极 | 想方设法 | 切实 | 及早 | 敦促,全体 | 搞好 | 踊跃 | 坚持 | 自发 | 全力 | 主动 | 带头,踊跃 | 及早 | 全体 | 搞好 | 遵照 | 协助 | 督促 | 敦促 | 下决心 | 急需 | 带头 | 千方百计,尽力 | 全力 | 尽快 | 设法 | 尽早 | 抓紧 | 千方百计 | 积极 | 想方设法 | 切实 | 及早 | 敦促 | 加紧 | 争取 | 协助 | 督促 | 大力 | 下决心 | 早日 | 力争 | 鼓励 | 呼吁 | 帮助 | 号召 | 动员 | 搞好 | 着手 | 本着 | 带头 | 主动 | 坚持 | 支援 | 踊跃 | 遵照 | 急需 | 自发 | 全体,37.02382886660376,0.9995459864441564,0.0006104116174521462,抓紧:1.000000 | 加紧:1.000000 | 呼吁:1.000000 | 早日:1.000000 | 争取:1.000000 | 着手:1.000000 | 踊跃:1.000000 | 协助:1.000000 | 搞好:1.000000 | 号召:1.000000 | 尽快:1.000000 | 鼓励:1.000000,力所能及:0.024026
196,78,0.23253561967037206,-0.010983622812350408,0.5512820512820513,金额 | 价格 | 美元 | 价 | 总额 | 总量 | 数量 | 销量 | 美金 | 售价 | 量 | 成交,栏 | 连续 | 券 | 上调 | 车型 | 份 | 收入 | 品种,份 | 近 | 百分比 | 货币 | 进场 | 价格 | 口径 | 收入 | 以上 | 倍 | 左右 | 短期,金额 | 价格 | 美元 | 价 | 总额 | 总量 | 数量 | 销量 | 美金 | 售价 | 量 | 成交 | 价位 | 人民币 | 汇率 | 利率 | 英镑 | 元 | 百分比 | 上限 | 总数 | 收入 | 盈利 | 余额 | 指数 | 折合 | 份额 | 定价 | 数目 | 业绩 | 比例 | 低于 | 合约 | 超过 | 值 | 扣除 | 整数 | 短期 | 房价 | 上调 | 订单 | 品种 | 基准 | 排名 | 倍 | 造价 | 小于 | 到期 | 货币 | 左右 | 股 | 剩余 | 亿 | 股市 | 数 | 以内 | 单边 | 以上 | 车型 | 单 | 上市 | 年限 | 平方 | 券 | 封顶 | 口径 | 黄金 | 进场 | 近 | 连续 | 入场 | 债 | 档 | 直线 | 零 | 表 | 份 | 栏,77.07782623719811,0.9766733602361674,0.014682066002710345,平方:1.000000 | 剩余:1.000000 | 合约:1.000000 | 券:0.999998 | 入场:0.999996 | 数目:0.999995 | 美元:0.999990 | 折合:0.999988 | 近:0.999980 | 英镑:0.999978 | 总额:0.999969 | 人民币:0.999940,期中:0.169212 | 指标:0.130960 | 差额:0.126692 | 季度:0.079242 | 发行:0.065771 | 收支:0.046065 | 上期:0.043491 | 增长:0.028461
197,56,0.23977302906567852,-0.020472395650472704,0.7321428571428571,迎来 | 开启 | 启动 | 获得 | 借助 | 推出 | 进入 | 实现 | 携手 | 加速 | 完成 | 率先,考量 | 冲刺 | 激励 | 代表 | 支持 | 率先 | 给予 | 看好,展开 | 取得 | 携手 | 实现 | 持续 | 加速 | 接力 | 通过 | 联合 | 投入 | 借助 | 作为,迎来 | 开启 | 启动 | 获得 | 借助 | 推出 | 进入 | 实现 | 携手 | 加速 | 完成 | 率先 | 取得 | 达成 | 步入 | 联手 | 展开 | 凭借 | 通过 | 快速 | 持续 | 赢得 | 促成 | 获 | 受益 | 加入 | 突破 | 得益于 | 介入 | 提速 | 同步 | 投入 | 发起 | 支持 | 尝试 | 刷新 | 共同 | 登陆 | 首批 | 选择 | 重返 | 自主 | 给予 | 联合 | 回归 | 跟上 | 看好 | 锁定 | 冲刺 | 领军 | 作为 | 接力 | 主力 | 考量 | 代表 | 激励,55.600810970804694,0.9890671616635526,0.008393510161063412,携手:1.000000 | 联手:1.000000 | 开启:1.000000 | 刷新:1.000000 | 接力:0.999999 | 看好:0.999999 | 登陆:0.999999 | 冲刺:0.999998 | 选择:0.999998 | 突破:0.999994 | 尝试:0.999992 | 迎来:0.999990,在内:0.023883 | 成为:0.023487 | 转换:0.013573 | 核心:0.011324 | 调整:0.010550
198,46,0.2753022449070407,-0.004068256124200857,0.6304347826086957,电话 | 拨打 | 打电话 | 短信 | 接听 | 电子邮件 | 邮件 | 热线 | 拨通 | 来电 | 信箱 | 留言,女士 | 车号 | 管家 | 同行 | 请 | 北京 | 告知 | 提醒,电子邮件 | 留言 | 网上 | 全程 | 告知 | 账号 | 通话 | 邮件 | 热线 | 面对面 | 请进 | 记者,电话 | 拨打 | 打电话 | 短信 | 接听 | 电子邮件 | 邮件 | 热线 | 拨通 | 来电 | 信箱 | 留言 | 投诉 | 求助 | 举报 | 询问 | 发送 | 邮箱 | 告知 | 回复 | 传真 | 通话 | 反馈 | 提醒 | 账号 | 求证 | 上门 | 信息 | 查看 | 请 | 二维码 | 提示 | 敬请 | 后台 | 现场 | 网上 | 车号 | 请进 | 记者 | 管家 | 面对面 | 全程 | 女士 | 留意 | 同行 | 北京,45.31856015321373,0.9800977299477401,0.010752074259747642,接听:1.000000 | 信箱:1.000000 | 提醒:1.000000 | 询问:1.000000 | 拨打:1.000000 | 拨通:1.000000 | 提示:1.000000 | 请进:1.000000 | 面对面:1.000000 | 管家:1.000000 | 电话:0.999999 | 热线:0.999999,在线:0.123190 | 动态:0.044055 | 微信:0.034868
199,64,0.2308292312069677,-0.03407479694794359,0.828125,方向 | 轨迹 | 位置 | 速度 | 脚步 | 姿态 | 轨道 | 纵深 | 节奏 | 阻力 | 重心 | 空隙,地形 | 台阶 | 窗口 | 处 | 脉搏 | 动静 | 视线 | 缺口,间隙 | 起跑线 | 通道 | 战场 | 速度 | 方向 | 终点 | 力量 | 风浪 | 动静 | 节奏 | 位置,方向 | 轨迹 | 位置 | 速度 | 脚步 | 姿态 | 轨道 | 纵深 | 节奏 | 阻力 | 重心 | 空隙 | 强度 | 道路 | 起点 | 通道 | 视野 | 惯性 | 台阶 | 高度 | 视线 | 队形 | 力量 | 前进 | 动作 | 横向 | 目标 | 频率 | 能量 | 脉搏 | 状态 | 间隙 | 倾斜 | 起跑线 | 范围 | 信号 | 错位 | 边界 | 极限 | 落差 | 上方 | 推移 | 终点 | 路线 | 阶段 | 概率 | 步 | 上下 | 阶梯 | 几率 | 地形 | 缺口 | 风浪 | 动静 | 交叉 | 侧 | 窗口 | 之内 | 桥梁 | 战场 | 之间 | 之下 | 天平 | 处,64.10824348235533,0.9954454100818386,0.0042561094816185256,脉搏:1.000000 | 极限:1.000000 | 脚步:1.000000 | 队形:1.000000 | 起点:1.000000 | 节奏:1.000000 | 速度:1.000000 | 动作:1.000000 | 惯性:1.000000 | 侧:1.000000 | 空隙:1.000000 | 间隙:0.999999,间:0.084788 | 主体:0.072802 | 生命线:0.063844 | 过程:0.030957 | 间隔:0.023516 | 曲线:0.012039
