community,size,mean_pair_cosine,mean_cosine_silhouette,negative_silhouette_fraction,representatives,boundary_words,deterministic_sample,all_members
0,1,,0.0,0.0,〇,〇,〇,〇
1,14,0.5804582588892292,0.31763364883770445,0.14285714285714285,四 五 六 三 七 八 九 十 二 两 第二 几,几 一 两 十 第 二 第二 九,第二 六 八 几 十 四 二 五 九 两 一 七,四 五 六 三 七 八 九 十 二 两 第二 几 第 一
2,7,0.413081461414724,0.04350806202637094,0.2857142857142857,统统 一律 一概 通通 一一 一经 凡,凡 一经 一一 通通 一律 统统 一概,凡 通通 统统 一经 一概 一律 一一,统统 一律 一概 通通 一一 一经 凡
3,40,0.40865227928807246,-0.027602503649947978,0.6,急忙 赶忙 赶紧 连忙 慌忙 立刻 赶快 立即 马上 当即 顾不得 忽然,及早 急于 及时 懒得 早日 禁不住 不由得 来不及,早日 慌忙 立刻 立即 禁不住 不禁 来不及 果断 连忙 连夜 火速 来得及,急忙 赶忙 赶紧 连忙 慌忙 立刻 赶快 立即 马上 当即 顾不得 忽然 猛然 火速 迫不及待 来不及 忍不住 突然 毫不犹豫 匆忙 匆匆 顾不上 顿时 恨不得 来得及 连滚带爬 不由得 一下子 连夜 禁不住 不禁 及早 灵机一动 果断 急于 尽快 及时 尽早 懒得 早日
4,12,0.44737565557694303,0.106200280232995,0.3333333333333333,小心 留神 当心 注意 留心 提防 警惕 留意 生怕 一不小心 关注 万一,万一 警惕 关注 一不小心 生怕 留心 留神 注意,关注 一不小心 当心 生怕 小心 万一 注意 警惕 留心 提防 留意 留神,小心 留神 当心 注意 留心 提防 警惕 留意 生怕 一不小心 关注 万一
5,4,0.42348220073619447,0.06873539059705307,0.25,一鼓作气 一口气 一举 振作,振作 一口气 一举 一鼓作气,一鼓作气 一口气 振作 一举,一鼓作气 一口气 一举 振作
6,8,0.5098657437052301,0.16087615540257671,0.125,言行 举动 一言一行 所作所为 一举一动 行为 举止 行动,行动 一举一动 举止 行为 所作所为 举动 言行 一言一行,举动 行为 举止 行动 言行 一举一动 所作所为 一言一行,言行 举动 一言一行 所作所为 一举一动 行为 举止 行动
7,6,0.48505085338474735,0.14700076474655685,0.16666666666666666,无所事事 一无所有 一事无成 无所作为 一无所知 无所谓,无所谓 一无所知 一事无成 无所作为 无所事事 一无所有,无所谓 无所作为 一无所知 无所事事 一无所有 一事无成,无所事事 一无所有 一事无成 无所作为 一无所知 无所谓
8,29,0.40198796008367865,-0.030005296612479297,0.6551724137931034,大部分 大多数 绝大多数 多数 大多 许多 大都 不少 一些 好多 部分 半数,全都 全部 半数 有的 基本上 几乎 众多 些,一般 些 不少 部分 许多 那些 或多或少 几乎 有的 大多 多数 这些,大部分 大多数 绝大多数 多数 大多 许多 大都 不少 一些 好多 部分 半数 这些 有的 那些 所有 一部分 全都 众多 少数 或多或少 基本上 个别 一般 全部 其余 普遍 几乎 些
9,3,0.5756531560162128,0.3514663478225753,0.0,一代 代 下一代,下一代 代 一代,代 下一代 一代,一代 代 下一代
10,12,0.46208530645511986,0.08056027474361692,0.08333333333333333,钟头 分钟 星期 半天 小时 钟 天 礼拜 好久 一会儿 秒 半,半 一会儿 钟 天 秒 好久 礼拜 星期,半 天 一会儿 秒 礼拜 分钟 钟 小时 好久 钟头 星期 半天,钟头 分钟 星期 半天 小时 钟 天 礼拜 好久 一会儿 秒 半
11,2,0.49243659431201126,0.21073312891533497,0.0,一体 一身,一体 一身,一身 一体,一体 一身
12,16,0.46772888360429676,0.10488272253959102,0.25,总共 共计 总计 一共 约 共 大约 合计 共有 累计 将近 至少,平均 整整 折合 近 至少 累计 将近 共有,共有 共 约 总共 总计 合计 大约 近 折合 将近 共计 整整,总共 共计 总计 一共 约 共 大约 合计 共有 累计 将近 至少 折合 平均 整整 近
13,15,0.4572100083663566,0.06391086808228735,0.2,屡次 多次 一再 频频 接连 再次 再度 屡 三番五次 曾 频繁 曾经,反复 接连 接二连三 曾经 频繁 曾 一度 再度,屡 频繁 三番五次 曾 再度 曾经 再次 多次 接二连三 反复 频频 屡次,屡次 多次 一再 频频 接连 再次 再度 屡 三番五次 曾 频繁 曾经 接二连三 一度 反复
14,11,0.46047897179455155,0.07988990025293013,0.36363636363636365,各种 各式各样 种种 诸多 一系列 多种 形形色色 五花八门 一连串 多样 一切,多样 一切 五花八门 一系列 一连串 诸多 形形色色 各式各样,一连串 种种 形形色色 多样 多种 诸多 各式各样 一系列 五花八门 各种 一切,各种 各式各样 种种 诸多 一系列 多种 形形色色 五花八门 一连串 多样 一切
15,7,0.47604479309432957,0.1365393841612436,0.14285714285714285,一瞬间 一刹那 时刻 瞬间 关头 千钧一发 日子,日子 关头 千钧一发 瞬间 时刻 一刹那 一瞬间,一瞬间 时刻 关头 瞬间 千钧一发 一刹那 日子,一瞬间 一刹那 时刻 瞬间 关头 千钧一发 日子
16,64,0.4148016732173487,-0.01742229522873699,0.609375,小声 大声 摇头 插嘴 笑 咧嘴 冷笑 嬉笑 自言自语 嚷 发愣 打岔,扭头 客气 聊天儿 问 惨白 吵架 走开 胡闹,插嘴 一声不吭 哄堂大笑 吵 吼 哭 喊 嚷 一言不发 前仰后合 自言自语 笑,小声 大声 摇头 插嘴 笑 咧嘴 冷笑 嬉笑 自言自语 嚷 发愣 打岔 哆嗦 哭 点头 扭头 说话 一声不吭 一言不发 眉开眼笑 招呼 走开 唠叨 絮叨 客气 坐下 呜咽 交头接耳 愣 发脾气 告辞 前仰后合 说道 面红耳赤 吵嘴 聊天儿 反问 亲热 哄堂大笑 七嘴八舌 开玩笑 微笑 打招呼 说 一动不动 得意扬扬 胡闹 说闲话 有口无心 吵架 半真半假 问 吵 招手 指着 发抖 通红 示意 滔滔不绝 沉默 喊 会意 吼 惨白
17,2,0.482941303987626,0.1686403075156456,0.0,过半 一半,一半 过半,过半 一半,过半 一半
18,24,0.41461548860950714,0.0160505501223922,0.4583333333333333,支票 存折 银行卡 发票 收据 挂失 汇款 账单 取款 信用卡 欠条 借条,定金 钞票 卡片 彩票 信用卡 印章 自助 磁卡,取款 卡 挂失 一卡通 彩票 取款机 印章 信用卡 欠条 付款 凭证 汇款,支票 存折 银行卡 发票 收据 挂失 汇款 账单 取款 信用卡 欠条 借条 付款 凭证 卡片 取款机 磁卡 一卡通 钞票 卡 印章 彩票 自助 定金
19,16,0.43154993741561753,0.043905005233714794,0.3125,俗语 词语 成语 句 名言 俗话 词 一句话 句子 话语 字眼 话,古人 俗话说 话 对联 成语 话语 句子 比喻,俗话说 成语 句 句子 古人 名言 俗话 俗语 词 话 话语 一句话,俗语 词语 成语 句 名言 俗话 词 一句话 句子 话语 字眼 话 比喻 对联 古人 俗话说
20,13,0.41155288158753794,0.01398787424091451,0.6153846153846154,共同 携手 联手 齐心协力 一起 一同 协同 同舟共济 一齐 联合 协作 一块儿,一齐 众志成城 协作 协同 一同 一块儿 同舟共济 联合,联手 一齐 一起 共同 同舟共济 联合 一块儿 携手 协作 协同 一同 众志成城,共同 携手 联手 齐心协力 一起 一同 协同 同舟共济 一齐 联合 协作 一块儿 众志成城
21,8,0.4949978923566945,0.20362239874631036,0.0,一向 历来 向来 多年来 一贯 长期以来 多年 历届,历届 长期以来 多年 历来 多年来 向来 一向 一贯,历来 一贯 多年来 长期以来 向来 多年 一向 历届,一向 历来 向来 多年来 一贯 长期以来 多年 历届
22,8,0.4638786773514876,0.0520829895192957,0.25,过分 盲目 过度 一味 片面 忽视 只顾 过早,片面 过早 过度 只顾 忽视 一味 盲目 过分,盲目 片面 只顾 忽视 过度 过分 一味 过早,过分 盲目 过度 一味 片面 忽视 只顾 过早
23,10,0.43442651451900227,0.04029601316094205,0.4,不得了 不像话 要命 厉害 够呛 受不了 一塌糊涂 得 得了 了不起,一塌糊涂 了不起 得了 得 不像话 受不了 够呛 厉害,不像话 不得了 厉害 得 得了 够呛 受不了 要命 一塌糊涂 了不起,不得了 不像话 要命 厉害 够呛 受不了 一塌糊涂 得 得了 了不起
24,58,0.4282318275508013,-0.00952007177721277,0.5172413793103449,晚上 早上 早晨 夜里 中午 傍晚 下午 清晨 半夜 深夜 上午 凌晨,夜班 睡 加班 吃饭 昼夜 星期日 今日 醒来,昨天 早晨 起床 彻夜 下午 通宵 凌晨 开夜车 夜 一大早 睡 睡着,晚上 早上 早晨 夜里 中午 傍晚 下午 清晨 半夜 深夜 上午 凌晨 晚饭 一早 夜晚 白天 起床 一大早 午饭 早饭 下班 星期天 睡觉 当晚 夜间 午睡 晚 醒来 黄昏 明天 前天 通宵 昨天 次日 睡 放学 星期日 晚间 夜班 从早到晚 上班 今天 当天 日夜 睡着 夜 熬夜 加班 黑夜 吃饭 开夜车 彻夜 休息 当日 明日 日 昼夜 今日
25,27,0.4419199357879926,0.051681475903763055,0.3333333333333333,常常 时常 经常 时不时 有时 偶尔 总是 有时候 不时 老是 成天 整天,都会 随时 一年到头 难免 免不了 常年 通常 一天到晚,时常 时时 通常 常 动不动 不免 往往 不时 一天到晚 总是 有时候 偶尔,常常 时常 经常 时不时 有时 偶尔 总是 有时候 不时 老是 成天 整天 时时 往往 常 一天到晚 难免 平时 免不了 不免 时而 动不动 都会 通常 一年到头 常年 随时
26,4,0.44888265097740704,0.11646130419278071,0.0,匹 骏马 马 一头,马 一头 骏马 匹,匹 骏马 马 一头,匹 骏马 马 一头
27,8,0.4151876862840843,0.042794877656900134,0.375,延续 继续 保持 维持 持续 保留 续 一如既往,续 保留 一如既往 维持 持续 保持 延续 继续,持续 续 一如既往 保留 延续 保持 维持 继续,延续 继续 保持 维持 持续 保留 续 一如既往
28,5,0.34451579400456145,-0.030279192798284605,0.6,限度 极限 程度 一定 巅峰,巅峰 一定 极限 程度 限度,程度 极限 巅峰 限度 一定,限度 极限 程度 一定 巅峰
29,128,0.44949231515341564,-0.013208078232312216,0.5546875,姑姑 舅舅 姐姐 妹妹 嫂子 爸爸 奶奶 哥哥 母亲 爸 妈妈 姥姥,姐妹 宝宝 父子 老家 保姆 师傅 战友 朋友,爱人 太太 胖子 子女 哥哥 老太太 哥 她 妈 妹 姐 姨,姑姑 舅舅 姐姐 妹妹 嫂子 爸爸 奶奶 哥哥 母亲 爸 妈妈 姥姥 闺女 父亲 爷爷 弟弟 儿子 女儿 媳妇 老婆 姥爷 爹 妈 伯母 叔叔 外婆 大姐 孙女 伯父 父母 丈夫 岳母 妻子 老公 外公 祖母 大哥 阿姨 岳父 亲戚 孩子 老太太 家人 太太 姐 继父 大爷 伯伯 长辈 孙子 老伴儿 她 女婿 娘 继母 男朋友 爱人 女朋友 姨 小孩儿 姑娘 老头儿 妹 师父 邻居 弟 丫头 老人家 老乡 亲人 两口子 朋友 老汉 儿女 大妈 大人 他 同学 女孩儿 亲生 老人 祖父 我 小伙子 母女 老师 师傅 家里 你 同事 寡妇 一家人 女人 姐妹 男人 老家 俩 徒弟 男孩儿 小偷儿 同伴 人家 她们 老王 保姆 恩人 家伙 父女 胖子 亲友 战友 全家 小朋友 老大 宝宝 小时候 老板 娶 小姐 亲朋好友 哥 情人 子女 夫人 母子 夫妇 亲属 父子
30,10,0.40205118734570106,0.03197980738854546,0.3,一路平安 一路顺风 心想事成 保佑 好运 保重 晚安 一帆风顺 再见 一路,一路 一帆风顺 晚安 再见 保重 好运 保佑 心想事成,一帆风顺 保重 一路 再见 晚安 一路平安 保佑 一路顺风 好运 心想事成,一路平安 一路顺风 心想事成 保佑 好运 保重 晚安 一帆风顺 再见 一路
31,7,0.40649316568102795,0.07804515399518767,0.14285714285714285,周边 沿线 区域 附近 一带 地段 四周,四周 地段 沿线 一带 区域 附近 周边,四周 区域 周边 地段 沿线 一带 附近,周边 沿线 区域 附近 一带 地段 四周
32,2,0.4526370090925458,0.08914576875172003,0.0,面目全非 一干二净,一干二净 面目全非,面目全非 一干二净,面目全非 一干二净
33,6,0.4949614262370678,0.18931512411437157,0.0,齐全 一应俱全 完备 设施 应有尽有 配套,配套 设施 应有尽有 完备 一应俱全 齐全,齐全 完备 配套 一应俱全 应有尽有 设施,齐全 一应俱全 完备 设施 应有尽有 配套
34,7,0.4624197582858024,0.07963991165157382,0.2857142857142857,一心一意 全心全意 一心 死心塌地 真心 痴心 真正,真正 痴心 死心塌地 真心 一心 全心全意 一心一意,真正 真心 死心塌地 痴心 一心一意 全心全意 一心,一心一意 全心全意 一心 死心塌地 真心 痴心 真正
35,5,0.4340663316400001,0.04890172161414943,0.4,僵化 一成不变 教条 过时 单一,过时 单一 一成不变 教条 僵化,僵化 一成不变 教条 单一 过时,僵化 一成不变 教条 过时 单一
36,7,0.35489525199061167,-0.030158436655470796,0.7142857142857143,资料 数据 信息 第一手 资讯 海量 一手,一手 信息 海量 数据 第一手 资讯 资料,数据 资料 第一手 资讯 海量 信息 一手,资料 数据 信息 第一手 资讯 海量 一手
37,9,0.4312194330575267,0.0040719234538789855,0.3333333333333333,本领 本事 一技之长 手艺 学问 技能 能耐 知识 有两下子,能耐 手艺 有两下子 知识 学问 技能 本事 一技之长,技能 有两下子 本事 一技之长 能耐 本领 学问 知识 手艺,本领 本事 一技之长 手艺 学问 技能 能耐 知识 有两下子
38,3,0.47511450345359546,0.14884581232713148,0.0,领导 同志 一把手,同志 一把手 领导,同志 一把手 领导,领导 同志 一把手
39,1,,0.0,0.0,一揽子,一揽子,一揽子,一揽子
40,8,0.3878099316749589,-0.0063746674969706145,0.375,多方面 方面 一方面 方方面面 层面 全方位 一面 反过来,一面 全方位 反过来 层面 方面 一方面 多方面 方方面面,一面 反过来 多方面 方面 全方位 一方面 层面 方方面面,多方面 方面 一方面 方方面面 层面 全方位 一面 反过来
41,57,0.44299170211701006,0.014273511824736964,0.42105263157894735,旁边 后边 前边 外边 那边 那儿 前面 里边 后面 上边 下边 左边,前方 上面 远处 右边 左边 郊外 城里 上头,门口 旁边 周围 一边 城里 上头 跟前 旁 左边 北边 面前 那儿,旁边 后边 前边 外边 那边 那儿 前面 里边 后面 上边 下边 左边 底下 旁 外面 外头 对面 右边 远处 门口 这边 那里 东边 上面 西边 南边 楼下 这儿 里面 里头 北边 跟前 两边 一旁 楼上 下面 里 后头 路边 隔壁 边 中间 前头 周围 身边 一边 老远 挨着 台上 这里 两侧 上头 前方 地上 城里 面前 郊外
42,28,0.44924130443032717,0.061427690623763735,0.2857142857142857,假如 如果 譬如 比如 倘若 比如说 如果说 譬如说 例如 假使 即使 如,尤其 举例 每当 犹如 像 凡是 如同 只要,譬如 如果 倘若 像 如 当 尤其 如果说 譬如说 举例 例如 每当,假如 如果 譬如 比如 倘若 比如说 如果说 譬如说 例如 假使 即使 如 好比 即便 若 正如 除非 只要 如同 一旦 比方 当 每当 像 犹如 尤其 凡是 举例
43,3,0.48653873561181754,0.17369157168287508,0.0,暂时 暂 一时,一时 暂时 暂,暂时 暂 一时,暂时 暂 一时
44,6,0.42387430727168296,0.08727282786869313,0.16666666666666666,转眼 只见 一晃 不一会儿 眼看 赫然,赫然 不一会儿 眼看 只见 一晃 转眼,赫然 不一会儿 眼看 只见 转眼 一晃,转眼 只见 一晃 不一会儿 眼看 赫然
45,19,0.43790936334290587,0.015154592684021561,0.5263157894736842,相同 相似 截然不同 不同 一模一样 有所不同 大同小异 雷同 一样 类似 差不多 不相上下,重叠 重合 类似 雷同 相等 不同寻常 不相上下 同样,重合 重叠 不同寻常 不同 一模一样 大同小异 雷同 同样 同等 有所不同 相同 类似,相同 相似 截然不同 不同 一模一样 有所不同 大同小异 雷同 一样 类似 差不多 不相上下 与众不同 同等 同样 不同寻常 相等 重合 重叠
46,4,0.463650739368582,0.11148914516474079,0.0,一概而论 见仁见智 因人而异 定论,定论 因人而异 见仁见智 一概而论,一概而论 因人而异 定论 见仁见智,一概而论 见仁见智 因人而异 定论
47,1,,0.0,0.0,一次性,一次性,一次性,一次性
48,1,,0.0,0.0,一毛不拔,一毛不拔,一毛不拔,一毛不拔
49,10,0.4175798260602984,0.02457959119419697,0.5,顶尖 顶级 一流 世界级 领军 领先 重量级 精英 先进 高手,先进 高手 领军 精英 重量级 领先 顶级 一流,顶级 顶尖 精英 先进 重量级 世界级 领军 领先 高手 一流,顶尖 顶级 一流 世界级 领军 领先 重量级 精英 先进 高手
50,10,0.49301316176055837,0.18608816483768584,0.2,略微 稍微 稍 稍稍 略 有所 较 相对 轻微 一点儿,一点儿 相对 较 轻微 有所 略 稍稍 稍微,稍 略 略微 稍微 有所 稍稍 一点儿 相对 较 轻微,略微 稍微 稍 稍稍 略 有所 较 相对 轻微 一点儿
51,7,0.4398288105236225,0.08297506895998054,0.2857142857142857,一生 终生 一辈子 终身 生涯 生平 简历,简历 生涯 生平 一辈子 终身 终生 一生,简历 一辈子 生涯 生平 终身 一生 终生,一生 终生 一辈子 终身 生涯 生平 简历
52,2,0.552211614295748,0.3270345500959462,0.0,番 一番,番 一番,番 一番,番 一番
53,1,,0.0,0.0,一目了然,一目了然,一目了然,一目了然
54,29,0.3937504570523612,-0.020781406595338548,0.5517241379310345,却 仍旧 仍然 依然 依旧 仍 却是 还是 还 虽 更是 则,便是 便 就是 则 可不是 一直 尚 是,始终 正是 仍然 则 却 又 尚 并 仍 亦 且 便,却 仍旧 仍然 依然 依旧 仍 却是 还是 还 虽 更是 则 亦 始终 而是 竟 又 既 一直 便 并非 并 就是 是 尚 便是 正是 且 可不是
55,28,0.42575057325141596,0.010210878001086143,0.5357142857142857,神情 眼神 神态 表情 神气 语气 笑容 脸色 模样 瞪 口气 眼色,姿势 模样 目光 眼 样子 目不转睛 流露 言语,流露 注视 瞪 眼 睁 皱 语气 脸色 模样 目不转睛 直视 言语,神情 眼神 神态 表情 神气 语气 笑容 脸色 模样 瞪 口气 眼色 样子 睁 眨眼 一眼 目光 笑脸 目不转睛 眼 言语 姿态 皱 注视 直视 姿势 架势 流露
56,9,0.46509057056525194,0.04664394074638699,0.3333333333333333,发愁 犯愁 伤脑筋 操心 烦恼 愁 提心吊胆 一筹莫展 麻烦,麻烦 一筹莫展 烦恼 提心吊胆 愁 伤脑筋 发愁 操心,愁 操心 犯愁 发愁 一筹莫展 提心吊胆 麻烦 伤脑筋 烦恼,发愁 犯愁 伤脑筋 操心 烦恼 愁 提心吊胆 一筹莫展 麻烦
57,3,0.47757463528738375,0.16197786513452728,0.3333333333333333,一线 第一线 线,线 第一线 一线,线 第一线 一线,一线 第一线 线
58,2,0.48287764357608565,0.13767706060544396,0.0,一致 吻合,一致 吻合,一致 吻合,一致 吻合
59,60,0.4270940513569631,0.02575795743483278,0.38333333333333336,然而 况且 事实上 但是 不过 当然 总而言之 总之 换言之 何况 也就是说 其实,所以 说到底 难怪 就是说 看来 至此 可惜 据说,说到底 看来 按说 幸好 并且 但 总之 据悉 这就是说 说实话 就是说 虽说,然而 况且 事实上 但是 不过 当然 总而言之 总之 换言之 何况 也就是说 其实 说实话 可是 因此 此外 实际上 而且 但 除此之外 总的来说 所以 由此可见 相比之下 其次 另外 按理说 这就是说 由此看来 说真的 另一方面 虽说 相对而言 就是说 与此同时 说白了 好在 据悉 看来 按说 这样一来 虽然 而 众所周知 一般来说 因为 综上所述 据说 说到底 幸好 相反 可惜 恰恰相反 难怪 尽管 说老实话 至此 同时 并且 但愿
60,5,0.37160735752921353,-0.014622404438954895,0.8,代表团 团员 团 代表 一行,团员 代表 团 一行 代表团,团 一行 代表团 团员 代表,代表团 团员 团 代表 一行
61,12,0.45944557515179296,0.10880815413741453,0.16666666666666666,路途 途中 路上 旅途 路程 旅程 中途 一路上 行程 沿途 长途 半路,半路 行程 长途 沿途 一路上 旅程 路程 路上,旅途 沿途 旅程 一路上 半路 行程 长途 路途 中途 路上 路程 途中,路途 途中 路上 旅途 路程 旅程 中途 一路上 行程 沿途 长途 半路
62,3,0.5263196538094815,0.2610770137935136,0.0,一连 连续 连,连续 连 一连,一连 连续 连,一连 连续 连
63,3,0.44810373366204176,0.16850954336410173,0.0,道 便道 一道,一道 便道 道,一道 便道 道,道 便道 一道
64,8,0.4202084012318066,0.020446489270586822,0.5,杂乱无章 乱七八糟 横七竖八 乱 空荡荡 混乱 一锅粥 孤零零,孤零零 乱 一锅粥 混乱 空荡荡 乱七八糟 横七竖八 杂乱无章,混乱 孤零零 一锅粥 乱 横七竖八 空荡荡 乱七八糟 杂乱无章,杂乱无章 乱七八糟 横七竖八 乱 空荡荡 混乱 一锅粥 孤零零
65,8,0.36144750711451906,-0.030379485132362417,0.75,长短 高低 好坏 与否 短 一长一短 取决于 长,短 取决于 高低 长 一长一短 好坏 与否 长短,长短 短 一长一短 长 好坏 与否 高低 取决于,长短 高低 好坏 与否 短 一长一短 取决于 长
66,29,0.4235617371686593,0.022879831893297082,0.41379310344827586,声音 悦耳 响声 铃声 电铃 清脆 刺耳 声 响起 音响 响 喇叭,录音 磁带 一阵 响声 刺耳 传来 门铃 耳机,响亮 响声 录音机 一阵 响 声 喇叭 门铃 洪亮 耳机 闹钟 抑扬顿挫,声音 悦耳 响声 铃声 电铃 清脆 刺耳 声 响起 音响 响 喇叭 录音机 音量 口哨 话筒 门铃 笑声 洪亮 收音机 响亮 闹钟 抑扬顿挫 耳机 传来 录音 铃 一阵 磁带
67,5,0.43978951891123436,0.07304939435596873,0.0,王 姜 丁 罗 小王,丁 小王 罗 姜 王,姜 丁 罗 王 小王,王 姜 丁 罗 小王
68,8,0.4487811451718761,0.11046090616209903,0.25,千 万 百 余 数 亿 千万 多,多 千万 亿 数 余 百 千 万,千 多 亿 万 余 百 数 千万,千 万 百 余 数 亿 千万 多
69,4,0.5388976675588592,0.19804568556146068,0.25,没想到 想不到 不料 万万,万万 不料 想不到 没想到,不料 想不到 没想到 万万,没想到 想不到 不料 万万
70,1,,0.0,0.0,万分,万分,万分,万分
71,2,0.4525973079785588,0.12818980739831293,0.0,万古长青 鹏程万里,鹏程万里 万古长青,鹏程万里 万古长青,万古长青 鹏程万里
72,1,,0.0,0.0,万无一失,万无一失,万无一失,万无一失
73,2,0.5551343701508054,0.34206929542265463,0.0,万能 全能,全能 万能,全能 万能,万能 全能
74,153,0.4262226481562012,-0.006041636874581054,0.5163398692810458,米饭 豆腐 酸奶 薯条 香肠 豆浆 卤味 薯片 果酱 橙汁 饺子 饼,莲子 啤酒 桂花 煮 碗 嫩 腥 煎,烧烤 汤圆 烤鸭 烤肉 勺 巧克力 淀粉 吃 喝 嚼 奶 饼干,米饭 豆腐 酸奶 薯条 香肠 豆浆 卤味 薯片 果酱 橙汁 饺子 饼 饼干 水果 酱 芝士 果汁 粥 海鲜 菜 红薯 牛奶 馅儿 烤肉 南瓜 包子 汁 辣椒 面条儿 西红柿 肉 佐料 面包 汤圆 茄子 好吃 罐头 馒头 调料 蜂蜜 点心 酥 吃 可口 黄瓜 醋 巧克力 香油 烤 白菜 火锅 火腿 甜 美味 酱油 红茶 小吃 柿子 煮 炖 饭 土豆 豆制品 寿司 香蕉 口感 奶茶 鲜美 咖啡 烤鸭 主食 蔬菜 番茄 红酒 麻辣 食物 蒜 砂糖 零食 碗 鸡蛋 萝卜 花生 月饼 冰棍儿 涮 虾 椰子 饮料 蘸 葱 面粉 蘑菇 西瓜 烧烤 辣 核桃 中餐 汽水 三明治 风味 粽子 茶 西餐 绿茶 拌 糖 汤 香味 口味 糖果 可乐 桂花 香料 煎 嚼 方便面 香 蛋糕 脆 喝 食用 味精 美食 早餐 烹调 莲子 盒饭 味道 奶 茶叶 晚餐 勺 热腾腾 啤酒 品尝 快餐 素食 大米 枣 豆子 食品 午餐 梨 葡萄 瓜 口香糖 嫩 腥 淀粉 餐 料理 芝麻
75,4,0.47621954643212483,0.13041080562272472,0.0,三维 平面 立体 图形,平面 图形 立体 三维,图形 立体 平面 三维,三维 平面 立体 图形
76,2,0.47352598055554385,0.17144917785350358,0.0,角 三角,角 三角,三角 角,角 三角
77,1,,0.0,0.0,上,上,上,上
78,3,0.4175642086428661,0.09201918991889557,0.0,左右 出头 上下,出头 上下 左右,上下 出头 左右,左右 出头 上下
79,16,0.4787703223911667,0.11050550608974063,0.3125,月初 月底 下旬 中旬 月份 上旬 年初 月 上个月 上周 季度 下个月,周 以来 底 初 下个月 季度 年初 上周,初 周 底 以来 年初 上周 月 月底 月初 月份 上旬 中旬,月初 月底 下旬 中旬 月份 上旬 年初 月 上个月 上周 季度 下个月 周 以来 初 底
80,25,0.46212268093351566,0.08685761707901074,0.2,出任 任命 就任 担任 任 兼任 职务 任职 现任 聘任 辞去 连任,兼 接替 人选 辞去 推选 聘任 晋升 连任,兼 任 任职 兼任 上任 当选 连任 现任 人选 提拔 晋升 就任,出任 任命 就任 担任 任 兼任 职务 任职 现任 聘任 辞去 连任 任期 当选 就职 接替 上任 提名 前任 职位 提拔 人选 推选 晋升 兼
81,24,0.45084324422503436,0.046759686197248566,0.375,上涨 攀升 回升 上升 下跌 飙升 回落 下降 涨 反弹 跌 升高,降温 萎缩 跌 水涨船高 好转 涨 增长 跳水,升 水涨船高 上升 涨 升温 上涨 上调 升高 反弹 回落 跌 回升,上涨 攀升 回升 上升 下跌 飙升 回落 下降 涨 反弹 跌 升高 高涨 增长 升温 萎缩 下调 升 缩水 上调 好转 跳水 降温 水涨船高
82,21,0.4520673353104921,0.05548088831201777,0.3333333333333333,回去 回来 过来 进去 出去 回家 进来 下楼 出来 上去 上楼 下来,顺路 在家 上去 下山 出门 上楼 出去 上来,下去 下山 顺路 去 进去 上去 来 进来 上来 上楼 出门 回家,回去 回来 过来 进去 出去 回家 进来 下楼 出来 上去 上楼 下来 去 上来 出门 下山 下去 起来 来 顺路 在家
83,8,0.39725825470540815,0.019231047900378127,0.5,出场 上场 入场 进场 下场 上台 全场 介入,介入 全场 上台 下场 出场 进场 入场 上场,下场 进场 入场 上台 上场 全场 出场 介入,出场 上场 入场 进场 下场 上台 全场 介入
84,5,0.4470558484447774,0.08894108553644513,0.4,下级 上级 上司 下属 基层,下属 基层 上司 上级 下级,下属 上司 上级 基层 下级,下级 上级 上司 下属 基层
85,50,0.42452913902366013,0.0039091666681658355,0.5,大学 高中 就读 学校 初中 入学 研究生 毕业 中学 小学 转学 本科,学堂 学院 班级 幼儿园 学生 学校 中小学 入学,工科 研究生 选修 在职 入学 开学 上学 幼儿园 年级 进修 升学 本科,大学 高中 就读 学校 初中 入学 研究生 毕业 中学 小学 转学 本科 毕业生 念书 学费 年级 学生 学业 学年 硕士 学期 退学 学位 升学 师范 上学 求学 进修 奖学金 选修 攻读 文凭 开学 学院 私立 读书 函授 学分 留学 学历 工科 班级 中小学 民办 勤工俭学 幼儿园 在职 公立 学士 学堂
86,9,0.396299606414708,0.02185311470644075,0.3333333333333333,就业 失业 下岗 求职 创业 农民工 岗位 上岗 孵化,孵化 上岗 农民工 岗位 就业 失业 下岗 创业,下岗 岗位 上岗 就业 求职 农民工 创业 孵化 失业,就业 失业 下岗 求职 创业 农民工 岗位 上岗 孵化
87,1,,0.0,0.0,上市,上市,上市,上市
88,3,0.40218226000369733,0.020193407596707517,0.3333333333333333,上帝 真理 天堂,天堂 真理 上帝,真理 上帝 天堂,上帝 真理 天堂
89,18,0.41558171842373054,0.0090284050044825,0.5,骗人 谎话 撒谎 谎言 骗子 骗 说谎 吹牛 假装 伪装 忽悠 假,骗 实话 乔装 忽悠 上当 吹牛 假 夸夸其谈,撒谎 吹牛 假 上当 胡说 乔装 骗 忽悠 谎言 谎话 伪装 骗子,骗人 谎话 撒谎 谎言 骗子 骗 说谎 吹牛 假装 伪装 忽悠 假 胡说 冒充 实话 夸夸其谈 上当 乔装
90,20,0.42189980344378325,-0.006899687783636024,0.45,审批 审核 审查 申报 申请 提交 受理 批准 上报 办理 公示 评审,登记 把关 验收 审 申请 填写 提交 评审,审 办理 登记 审定 审查 审批 审核 验收 上报 递交 提交 批准,审批 审核 审查 申报 申请 提交 受理 批准 上报 办理 公示 评审 登记 手续 审定 验收 递交 填写 审 把关
91,8,0.4217585802161374,0.0104623544042468,0.375,压制 压力 阻力 上方 支撑 施压 向上 压,压 向上 支撑 施压 上方 压力 阻力 压制,压 上方 压力 压制 施压 向上 支撑 阻力,压制 压力 阻力 上方 支撑 施压 向上 压
92,52,0.4352130008663857,0.0021910527958001486,0.4807692307692308,话剧 戏剧 电影 喜剧 电视剧 剧本 剧 歌剧 导演 剧目 演员 编剧,演戏 剧组 漫画 上映 戏 剧院 作家 剧情,演戏 演技 电视剧 剧 艺术 电影 戏 演 连续剧 改编 上映 小说,话剧 戏剧 电影 喜剧 电视剧 剧本 剧 歌剧 导演 剧目 演员 编剧 影片 戏 演出 戏曲 主演 动画片 京剧 小说 纪录片 剧情 片子 创作 作品 动画 出演 剧团 连续剧 相声 杂技 剧场 演戏 漫画 演技 演 短片 配音 艺术 科幻 文学 小品 改编 木偶 剧组 文艺 剧院 上映 散文 放映 马戏 作家
93,3,0.5354044043702277,0.2565176835660579,0.0,本期 上期 下期,下期 本期 上期,上期 本期 下期,本期 上期 下期
94,4,0.4722776957844314,0.1052409214502231,0.25,上次 下次 次 此次,次 下次 此次 上次,次 上次 此次 下次,上次 下次 次 此次
95,4,0.4450366617594377,0.07775761613519862,0.0,流 溢 涌 上流,上流 溢 流 涌,溢 流 涌 上流,流 溢 涌 上流
96,9,0.44565491212543784,0.0723415328263394,0.2222222222222222,原料 原材料 加工 成品 制品 上游 材料 下游 木材,木材 材料 加工 制品 成品 下游 上游 原料,上游 成品 加工 制品 原料 原材料 材料 木材 下游,原料 原材料 加工 成品 制品 上游 材料 下游 木材
97,15,0.44871960922570264,0.08333441879482531,0.0,展现 显现 呈现 体现 再现 浮现 凸显 重现 出现 显出 表现 涌现,重现 凸显 显出 涌现 显 演绎 上演 显现,涌现 重现 显 展现 再现 上演 浮现 凸显 体现 出现 呈现 显现,展现 显现 呈现 体现 再现 浮现 凸显 重现 出现 显出 表现 涌现 上演 演绎 显
98,23,0.4551201155548973,0.06313636460982619,0.2608695652173913,烫 开水 蒸 凉水 浸泡 冷水 热水 熬 锅 泡 加热 搅拌,烧 洗 炒 炸 冲洗 熟 烘干 搅拌,搅拌 熬 熏 熟 煲 炸 炒 烫 烧 热水 泡 沏,烫 开水 蒸 凉水 浸泡 冷水 热水 熬 锅 泡 加热 搅拌 烧 煲 熏 洗 冲洗 炸 炒 上火 烘干 沏 熟
99,5,0.4711127329710096,0.15448844299245668,0.0,白领 上班族 蓝领 单身 都市,单身 都市 蓝领 上班族 白领,单身 上班族 蓝领 都市 白领,白领 上班族 蓝领 单身 都市
100,20,0.43374382549483914,-0.0012630103403350802,0.45,迷恋 痴迷 着迷 热爱 喜欢 热衷 崇拜 喜爱 狂热 向往 沉迷 执着,上瘾 欣赏 迷信 喜爱 爱 崇尚 陶醉 迷,感兴趣 爱 热爱 崇尚 上瘾 崇拜 执着 迷信 着迷 迷恋 向往 迷,迷恋 痴迷 着迷 热爱 喜欢 热衷 崇拜 喜爱 狂热 向往 沉迷 执着 陶醉 上瘾 崇尚 迷 爱 欣赏 感兴趣 迷信
101,13,0.4146419934787907,0.008257304150385445,0.5384615384615384,天空 天上 月亮 星星 彩霞 太阳 蓝天 上空 空中 乌云 彩虹 高空,彩霞 星星 乌云 太阳 地面 高空 彩虹 空中,空中 太阳 上空 蓝天 月亮 地面 星星 天空 乌云 高空 天上 彩虹,天空 天上 月亮 星星 彩霞 太阳 蓝天 上空 空中 乌云 彩虹 高空 地面
102,2,0.5274311851515892,0.28612346704360436,0.0,上网 网上,上网 网上,网上 上网,上网 网上
103,68,0.47387983168733466,0.09586054192532777,0.2647058823529412,衬衣 衬衫 毛衣 大衣 裙子 衣服 上衣 裤子 外套 袜子 围巾 短裤,蚊帐 睡袋 被子 牙刷 绷带 丝绸 时装 首饰,眼镜 背包 背心 枕头 拖鞋 穿 婚纱 内衣 睡袋 纽扣 球鞋 毛衣,衬衣 衬衫 毛衣 大衣 裙子 衣服 上衣 裤子 外套 袜子 围巾 短裤 西装 牛仔裤 鞋 拖鞋 皮鞋 领带 羽绒服 凉鞋 内衣 背心 雨衣 球鞋 穿着 礼服 旗袍 手套 毯子 毛巾 高跟鞋 服装 皮包 帽子 被子 穿 睡袋 靴子 蚊帐 纽扣 手帕 款式 项链 拉锁 书包 口罩 枕头 服饰 婚纱 外衣 制服 地毯 背包 眼镜 水壶 首饰 发型 牙刷 皮带 辫子 绷带 装扮 保暖 兜儿 手表 打扮 时装 丝绸
104,32,0.45365849184760537,0.05333946693713489,0.25,判决 法院 诉讼 上诉 起诉 法庭 裁决 仲裁 裁定 驳回 官司 原告,控告 不服 侵权 法律 纠纷 判 司法 律师,驳回 调解 判 裁决 裁判 裁定 不服 法律 法庭 法官 审判 起诉,判决 法院 诉讼 上诉 起诉 法庭 裁决 仲裁 裁定 驳回 官司 原告 法官 被告 审判 案件 控告 索赔 纠纷 司法 赔偿 打官司 调解 判 判处 律师 裁判 提起 侵权 不服 法律 公证
105,28,0.4290868933736346,0.013121963881693916,0.39285714285714285,课 讲课 课程 上课 补习 预习 备课 课堂 补课 听讲 学习 夜校,夏令营 讲座 下课 传授 课本 培训 课堂 旷课,补习 学 课本 培训 班 课程 课堂 夏令营 功课 辅导 旷课 上课,课 讲课 课程 上课 补习 预习 备课 课堂 补课 听讲 学习 夜校 讲座 培训班 培训 自学 课本 功课 学时 辅导 必修 班 学员 学 旷课 传授 夏令营 下课
106,55,0.4134308815868469,-0.03693754538390973,0.6545454545454545,公交车 火车 公共汽车 出租车 车 电车 货车 大巴 车辆 列车 私家车 警车,骑车 搭乘 乘坐 车厢 马车 车票 车型 地铁,开车 客车 客运 乘车 出租车 追尾 电动 打车 缆车 火车 车辆 地铁,公交车 火车 公共汽车 出租车 车 电车 货车 大巴 车辆 列车 私家车 警车 客车 卡车 慢车 车上 巴士 轿车 开车 骑车 辆 司机 电动车 卧铺 驾车 车厢 乘坐 乘车 乘客 救护车 下车 摩托 自行车 车票 上车 跑车 公车 缆车 快车 车主 汽车 搭乘 追尾 马车 客运 打车 车站 车牌 地铁 吉普 驾驶 车型 电动 肇事 特快
107,5,0.3655461285522898,-0.008246949664014024,0.6,此 此处 该 上述 处,处 上述 该 此处 此,处 此 上述 该 此处,此 此处 该 上述 处
108,4,0.4407396360246274,0.07718142519995737,0.25,敲门 上门 挨家挨户 问路,问路 挨家挨户 敲门 上门,上门 敲门 挨家挨户 问路,敲门 上门 挨家挨户 问路
109,10,0.4063432138968668,0.02180819975815229,0.3,限制 局限 限定 束缚 约束 制约 拘束 限于 限 上限,限于 上限 限 束缚 拘束 制约 限定 局限,约束 上限 束缚 制约 局限 限 限定 限制 限于 拘束,限制 局限 限定 束缚 约束 制约 拘束 限于 限 上限
110,5,0.4530719124377697,0.16075488227792523,0.0,下 之下 背景 前提 条件,条件 下 前提 背景 之下,背景 下 条件 前提 之下,下 之下 背景 前提 条件
111,4,0.47802170174695485,0.14261789419057572,0.25,家乡 故乡 乡下 下乡,下乡 乡下 故乡 家乡,下乡 乡下 故乡 家乡,家乡 故乡 乡下 下乡
112,5,0.41042441709166705,0.007774054807425613,0.4,决定 下决心 拍板 下令 决策,决策 下令 拍板 下决心 决定,下令 拍板 决策 下决心 决定,决定 下决心 拍板 下令 决策
113,5,0.5303380660687562,0.23863181181698584,0.0,工夫 功夫 力气 心思 下功夫,下功夫 心思 力气 工夫 功夫,功夫 心思 下功夫 力气 工夫,工夫 功夫 力气 心思 下功夫
114,18,0.4387362029098175,0.04606190330133383,0.3888888888888889,辞职 辞退 离职 免职 解雇 开除 罢免 辞呈 撤换 解散 下台 公职,请假 倒闭 退休 辞 不辞而别 停业 公职 罢免,撤换 下台 开除 停业 罢免 请假 解散 辞退 辞职 公职 退休 辞呈,辞职 辞退 离职 免职 解雇 开除 罢免 辞呈 撤换 解散 下台 公职 辞 退休 请假 停业 倒闭 不辞而别
115,7,0.4044585010449561,0.010660056585584235,0.42857142857142855,下坠 坠 落 泻 下落 泄 落下,泄 泻 下落 落 落下 下坠 坠,下坠 坠 泄 泻 落下 落 下落,下坠 坠 落 泻 下落 泄 落下
116,11,0.4526711101100496,0.09108466343522265,0.18181818181818182,不由自主 情不自禁 下意识 自然而然 不知不觉 不约而同 不经意 不假思索 自觉 身不由己 异口同声,异口同声 自觉 不约而同 身不由己 自然而然 不假思索 不经意 不知不觉,自然而然 不经意 不由自主 不知不觉 身不由己 情不自禁 自觉 不约而同 下意识 不假思索 异口同声,不由自主 情不自禁 下意识 自然而然 不知不觉 不约而同 不经意 不假思索 自觉 身不由己 异口同声
117,4,0.44301141820908985,0.08444569216008325,0.5,出手 下手 动手 出面,出面 动手 下手 出手,出面 出手 动手 下手,出手 下手 动手 出面
118,13,0.4278138333383592,0.02243916599370875,0.46153846153846156,抽烟 打牌 酗酒 赌博 吸烟 吸毒 下棋 麻将 打架 赌 扑克 侃大山,戒烟 侃大山 赌 吸毒 扑克 下棋 酗酒 打架,抽烟 戒烟 吸毒 吸烟 侃大山 赌 打牌 麻将 打架 扑克 酗酒 下棋,抽烟 打牌 酗酒 赌博 吸烟 吸毒 下棋 麻将 打架 赌 扑克 侃大山 戒烟
119,4,0.3572098458594233,-0.05319638272695233,0.5,出山 下海 跳槽 归来,归来 跳槽 下海 出山,出山 跳槽 归来 下海,出山 下海 跳槽 归来
120,11,0.4400155318707357,-0.03306005620575463,0.36363636363636365,浏览器 网页 下载 网站 网址 浏览 主页 登录 搜索 杀毒 软件,登录 搜索 软件 杀毒 网站 主页 网页 网址,网址 登录 网站 软件 网页 浏览 浏览器 搜索 杀毒 主页 下载,浏览器 网页 下载 网站 网址 浏览 主页 登录 搜索 杀毒 软件
121,37,0.4393972391576241,0.03594288975170442,0.40540540540540543,寒冷 凉爽 炎热 气温 晴朗 阴天 潮湿 下雪 下雨 天气 湿度 暖和,冬天 晴 干旱 打雷 雨 低温 多云 暖烘烘,气候 冬天 暖烘烘 刮风 气温 潮湿 打雷 零下 晴 晴天 晴朗 温暖,寒冷 凉爽 炎热 气温 晴朗 阴天 潮湿 下雪 下雨 天气 湿度 暖和 晴天 温度 干燥 凉快 刮风 湿润 高温 零下 冬天 结冰 摄氏度 雨水 干旱 多云 水温 气候 低温 刺骨 暖烘烘 雨 打雷 晴 温暖 风和日丽 清凉
122,20,0.4570810601925476,0.06954724135273169,0.3,从未 从没 不曾 从来不 没有 没 从不 从来 不肯 未 再也 丝毫,毫不 决不 迟迟 根本 尚未 休想 没法儿 不肯,迟迟 不 不曾 未 没 再也 根本 丝毫 从未 从来 从没 没有,从未 从没 不曾 从来不 没有 没 从不 从来 不肯 未 再也 丝毫 决不 不 根本 没法儿 休想 迟迟 毫不 尚未
123,75,0.4241394437700961,-0.03751477063903146,0.6133333333333333,也许 就算 难道 反倒 也 确实 恐怕 说不定 好像 真的 的确 好歹,不仅仅 必定 照样 那 似乎 好像 仿佛 觉得,纵然 是不是 实在 偏偏 不仅 不但 就 真的 也 顶多 幸亏 简直,也许 就算 难道 反倒 也 确实 恐怕 说不定 好像 真的 的确 好歹 只不过 居然 要不然 毕竟 要是 果然 明明 倒是 没准儿 不然 是不是 要不 竟然 似乎 果真 不光 肯定 简直 或许 终究 显然 固然 反正 看样子 偏偏 哪怕 既然 起码 本来 反而 别说 纵然 仿佛 都 多半 就 顶多 莫非 实在 不仅 当真 不见得 那 未必 恰恰 不但 必定 要不是 无非 大概 觉得 要么 不一定 不如说 不仅仅 照样 幸亏 未免 才 无疑 怪不得 着实 真
124,5,0.4576283191708444,0.11958772099285468,0.0,不起眼 微不足道 无足轻重 默默无闻 不为人知,不为人知 无足轻重 默默无闻 微不足道 不起眼,不为人知 微不足道 不起眼 无足轻重 默默无闻,不起眼 微不足道 无足轻重 默默无闻 不为人知
125,23,0.44334216274232074,-0.0023693190556012054,0.43478260869565216,随后 之后 此后 其后 以后 后 后来 然后 紧接着 接着 过后 接下来,今后 于是 稍后 前后 后来 以后 日后 随即,不久 后 往后 以后 后来 然后 后续 于是 稍后 紧接着 今后 其后,随后 之后 此后 其后 以后 后 后来 然后 紧接着 接着 过后 接下来 不久 稍后 往后 随即 最后 日后 于是 后续 继而 今后 前后
126,2,0.45372622873798174,0.10899860423985315,0.0,敬而远之 不了了之,不了了之 敬而远之,不了了之 敬而远之,敬而远之 不了了之
127,5,0.5229305889931228,0.2212674701367156,0.0,予以 不予 加以 给予 酌情,给予 酌情 不予 加以 予以,酌情 不予 给予 加以 予以,予以 不予 加以 给予 酌情
128,10,0.482232757075865,0.11027764207308197,0.1,比不上 比起 逊色 相比 比 要强 要好 不亚于 不如 媲美,媲美 相比 要好 要强 不亚于 不如 比 比起,不如 媲美 比 比不上 逊色 要强 要好 相比 不亚于 比起,比不上 比起 逊色 相比 比 要强 要好 不亚于 不如 媲美
129,5,0.4406440592989679,0.07098369050390478,0.0,津津有味 起劲 不亦乐乎 头头是道 聚精会神,聚精会神 不亦乐乎 起劲 头头是道 津津有味,起劲 聚精会神 头头是道 津津有味 不亦乐乎,津津有味 起劲 不亦乐乎 头头是道 聚精会神
130,158,0.4235242712669768,-0.047804875504155055,0.7215189873417721,沮丧 羞愧 气愤 惊讶 诧异 惋惜 难过 惭愧 吃惊 茫然 伤心 心疼,着急 犹豫 忧虑 赞叹 怀念 大吃一惊 惊慌失措 头疼,惊慌失措 怜惜 佩服 疲倦 吃惊 半信半疑 由衷 慌乱 犹豫 得意 沮丧 慌张,沮丧 羞愧 气愤 惊讶 诧异 惋惜 难过 惭愧 吃惊 茫然 伤心 心疼 惊诧 伤感 悲哀 苦恼 悔恨 失望 痛心 慌张 惊慌 绝望 厌烦 愤怒 悲伤 生气 欣慰 怨恨 自责 委屈 欣喜 焦躁 害怕 不安 疑惑 怜惜 难堪 烦躁 心酸 胆怯 恐惧 焦急 痛苦 嫉妒 不解 激动 难受 叹气 感激 扫兴 难为情 畏惧 慌乱 兴奋 为难 惊奇 失落 好笑 羡慕 妒忌 后悔 无奈 高兴 困惑 忧愁 害臊 悲痛 心慌 不服气 疲倦 不耐烦 敬佩 焦虑 埋怨 愁眉苦脸 垂头丧气 不屑 疲惫 着急 自卑 苦笑 责怪 狼狈 感慨 反感 责备 泄气 无可奈何 灰心 凄凉 烦闷 震惊 轻蔑 尴尬 自豪 哭笑不得 感动 惊慌失措 得意 骄傲 纳闷儿 遗憾 迷惑不解 钦佩 感到 别扭 气馁 忧虑 哭泣 恨 歉意 庆幸 犹豫 消沉 漠然 惊叹 慌 迟疑 忧郁 好奇 畏缩 害羞 孤独 佩服 担心 过意不去 丢脸 留恋 寂寞 喜悦 孤单 恼羞成怒 恍然大悟 讨厌 发怒 感叹 不已 恐慌 同情 目瞪口呆 颤抖 窘迫 无聊 可悲 厌倦 头疼 耻辱 振奋 怨气 赞叹 丢人 半信半疑 不以为然 大吃一惊 怀念 由衷 压抑 怀疑
131,10,0.4456251623981299,0.08335789573911827,0.1,有利于 不利于 有利 不利 有助于 有益 有害 便于 有用 不便,不便 有用 便于 有害 有助于 有益 不利 有利于,不便 不利 有助于 有益 有用 不利于 有利 有害 便于 有利于,有利于 不利于 有利 不利 有助于 有益 有害 便于 有用 不便
132,9,0.4354504477771759,0.02535330319800123,0.5555555555555556,倒霉 冤枉 惨 冤 可怜 无辜 遭殃 不值 完蛋,完蛋 冤 不值 遭殃 可怜 无辜 惨 冤枉,无辜 冤 不值 惨 冤枉 可怜 完蛋 遭殃 倒霉,倒霉 冤枉 惨 冤 可怜 无辜 遭殃 不值 完蛋
133,8,0.3716876977570071,-0.029609074853119838,0.75,断断续续 不停 日复一日 没完没了 间断 翻来覆去 如一 隐约,隐约 如一 日复一日 翻来覆去 间断 不停 没完没了 断断续续,断断续续 不停 翻来覆去 日复一日 间断 隐约 如一 没完没了,断断续续 不停 日复一日 没完没了 间断 翻来覆去 如一 隐约
134,17,0.4509204630713705,0.06603907729427039,0.35294117647058826,不必 不要 不用 用不着 何必 别 免得 非得 何苦 无须 不至于 不宜,不宜 不能不 勿 不再 再 用得着 何苦 不至于,再 别 勿 不宜 不必 不再 无须 不用 免得 用不着 用得着 不要,不必 不要 不用 用不着 何必 别 免得 非得 何苦 无须 不至于 不宜 不能不 勿 再 用得着 不再
135,9,0.5472656056362732,0.26272601612326363,0.0,不许 允许 不准 严禁 禁止 擅自 准许 私自 容许,容许 私自 准许 擅自 不许 禁止 不准 严禁,私自 不准 严禁 容许 允许 不许 擅自 准许 禁止,不许 允许 不准 严禁 禁止 擅自 准许 私自 容许
136,33,0.4326620636315608,0.036021004107205205,0.3333333333333333,奇怪 怪异 古怪 奇特 奇妙 可笑 荒诞 离奇 有趣 不可思议 可怕 荒谬,惊险 好看 夸张 惊人 深奥 微妙 难看 难以置信,惊人 古怪 滑稽 怪 微妙 稀奇 新奇 吓人 搞笑 可怕 可笑 有意思,奇怪 怪异 古怪 奇特 奇妙 可笑 荒诞 离奇 有趣 不可思议 可怕 荒谬 吓人 神奇 新奇 恐怖 搞笑 稀奇 滑稽 有意思 夸张 骇人听闻 难以置信 惊险 神秘 深奥 难看 怪 莫名其妙 惊人 微妙 好看 触目惊心
137,10,0.4734680554797446,0.046974054672708314,0.2,必然 势必 必将 会 迟早 不可避免 可能 注定 将 否则,迟早 不可避免 将 否则 可能 必然 注定 会,将 会 否则 不可避免 必将 必然 势必 迟早 可能 注定,必然 势必 必将 会 迟早 不可避免 可能 注定 将 否则
138,18,0.4332152134308827,0.04393313009541957,0.4444444444444444,在乎 瞧不起 看不起 在意 嫌弃 介意 不在乎 理睬 不理 理会 怕 看得起,得罪 计较 看得起 看重 理会 怕 买不起 爱理不理,不在乎 得罪 嫌 嫌弃 爱理不理 不理 怕 计较 看得起 看不起 瞧不起 理会,在乎 瞧不起 看不起 在意 嫌弃 介意 不在乎 理睬 不理 理会 怕 看得起 计较 爱理不理 看重 嫌 得罪 买不起
139,12,0.40685182906030715,-0.030187003101991874,0.5833333333333334,衰弱 虚弱 紊乱 崩溃 脆弱 瘫痪 衰竭 不堪 空虚 低下 摇摇欲坠 衰减,衰减 摇摇欲坠 低下 衰竭 不堪 崩溃 紊乱 脆弱,不堪 虚弱 瘫痪 崩溃 紊乱 衰竭 脆弱 衰减 衰弱 空虚 摇摇欲坠 低下,衰弱 虚弱 紊乱 崩溃 脆弱 瘫痪 衰竭 不堪 空虚 低下 摇摇欲坠 衰减
140,36,0.45918175913940484,0.03860687723414208,0.3888888888888889,非常 很 十分 极为 极其 比较 相当 格外 更加 越发 多么 越来越,这么 空前 不算 显得 过于 如此 异常 十分,如此 越发 越来越 尤为 太 够 很 不够 空前 愈来愈 无比 不算,非常 很 十分 极为 极其 比较 相当 格外 更加 越发 多么 越来越 愈来愈 太 分外 挺 尤为 蛮 无比 过于 不怎么 日趋 更 不够 极度 这么 如此 够 异常 颇 显得 越 极 最 不算 空前
141,5,0.3298666268563121,-0.04417589454492897,0.8,不大 大 小 不怎么样 成问题,成问题 不怎么样 大 小 不大,大 小 不大 不怎么样 成问题,不大 大 小 不怎么样 成问题
142,56,0.43501581005643974,-0.005021579526423176,0.5714285714285714,哎 唉 哎呀 啊 呀 哈哈 嘛 嘿 哇 吧 没事儿 哼,好说 无话可说 这会儿 对不起 请坐 你们 笨蛋 完了,没关系 拜托 没意思 不要紧 笨蛋 吧 呀 咱 哎 哇 哦 哼,哎 唉 哎呀 啊 呀 哈哈 嘛 嘿 哇 吧 没事儿 哼 哦 啦 咱 再说 没错 没关系 你们 挺好 没劲 没说的 快点儿 不要紧 拜托 闹着玩儿 不行 干吗 没意思 好玩儿 瞧 咱们 没辙 谢谢 活该 不好意思 敢情 对不起 没用 废话 请坐 完了 这会儿 不敢当 好说 算了 好家伙 待会儿 玩意儿 笨蛋 喂 实话实说 恭喜 也好 无话可说 滴
143,17,0.43595785426530126,0.06329396660062932,0.4117647058823529,必须 要 需要 须 应 应当 需 务必 应该 就要 不妨 必需,急需 将要 先 不妨 首先 必要 必需 就要,必要 必需 必须 务必 先 应 不妨 需要 应该 急需 应当 须,必须 要 需要 须 应 应当 需 务必 应该 就要 不妨 必需 必要 将要 先 首先 急需
144,2,0.48329958543963847,0.1410938766421357,0.0,犹豫不决 不定,犹豫不决 不定,犹豫不决 不定,犹豫不决 不定
145,1,,0.0,0.0,不容,不容,不容,不容
146,2,0.45932245254891824,0.13862845108317606,0.0,对 不对,对 不对,对 不对,对 不对
147,1,,0.0,0.0,不平,不平,不平,不平
148,10,0.3975699280124815,-0.02081593593159354,0.5,幸运 运气 不幸 凑巧 命运 厄运 境遇 偶然 有幸 家境,有幸 家境 境遇 偶然 命运 厄运 凑巧 不幸,运气 不幸 偶然 命运 有幸 幸运 家境 厄运 境遇 凑巧,幸运 运气 不幸 凑巧 命运 厄运 境遇 偶然 有幸 家境
149,15,0.46538155852837493,0.09425046074502616,0.13333333333333333,不得不 只好 只得 宁愿 不得已 索性 宁可 干脆 不惜 被迫 情愿 毅然,不顾 被迫 情愿 巴不得 舍不得 宁可 不惜 毅然,舍不得 不得不 宁愿 不得已 不惜 只得 只好 被迫 干脆 巴不得 不顾 索性,不得不 只好 只得 宁愿 不得已 索性 宁可 干脆 不惜 被迫 情愿 毅然 舍不得 巴不得 不顾
150,4,0.40475859337260306,0.015522674953336793,0.25,有待 不得而知 未知数 值得,值得 未知数 不得而知 有待,不得而知 有待 值得 未知数,有待 不得而知 未知数 值得
151,11,0.44752836869714074,0.08491851558738236,0.09090909090909091,过失 错误 疏忽 过错 失误 错 犯 差错 误 罪 不慎,罪 不慎 差错 疏忽 错 误 错误 犯,不慎 罪 犯 疏忽 失误 错 误 错误 过错 差错 过失,过失 错误 疏忽 过错 失误 错 犯 差错 误 罪 不慎
152,26,0.4255526459246804,0.012024871629604235,0.5384615384615384,刻苦 勤奋 兢兢业业 辛勤 拼搏 艰苦奋斗 不懈 苦练 艰苦 坚持不懈 钻研 废寝忘食,专心 顽强 苦练 敬业 精益求精 持之以恒 自强不息 辛苦,专心 艰苦 废寝忘食 不懈 刻苦 敬业 顽强 辛勤 精益求精 兢兢业业 奉献 辛苦,刻苦 勤奋 兢兢业业 辛勤 拼搏 艰苦奋斗 不懈 苦练 艰苦 坚持不懈 钻研 废寝忘食 顽强 苦心 勤劳 吃苦 夜以继日 辛苦 自强不息 发愤图强 精益求精 持之以恒 敬业 奉献 风餐露宿 专心
153,5,0.3399304308757075,-0.06686733850299634,0.8,办不到 照办 办事 干事 不成,干事 不成 照办 办不到 办事,办事 不成 照办 办不到 干事,办不到 照办 办事 干事 不成
154,18,0.4481927886093279,0.07702258712685187,0.2777777777777778,逐渐 逐步 渐渐 急剧 慢慢 日益 飞速 迅速 不断 逐年 骤然 缓缓,飞速 快速 缓慢 趋于 与日俱增 慢慢 日益 缓缓,日益 徐徐 不断 渐渐 趋于 骤然 快速 逐年 推移 逐渐 逐步 飞速,逐渐 逐步 渐渐 急剧 慢慢 日益 飞速 迅速 不断 逐年 骤然 缓缓 缓慢 快速 趋于 推移 徐徐 与日俱增
155,6,0.5141915587231624,0.19334751741817877,0.0,容易 不易 轻易 轻而易举 难 不难,轻而易举 不难 难 轻易 不易 容易,轻而易举 不易 难 不难 轻易 容易,容易 不易 轻易 轻而易举 难 不难
156,7,0.49350080315005873,0.16944035080425626,0.0,萧条 衰退 不景气 低迷 复苏 低谷 没落,复苏 没落 低谷 衰退 低迷 萧条 不景气,复苏 没落 不景气 萧条 低迷 低谷 衰退,萧条 衰退 不景气 低迷 复苏 低谷 没落
157,1,,0.0,0.0,不止,不止,不止,不止
158,24,0.41028417172348264,-0.030462293034860092,0.6666666666666666,走私 诈骗 盗窃 贪污 受贿 贿赂 犯罪 倒卖 团伙 非法 假冒 毒品,贩卖 贪 盗版 团伙 盗 毒品 不正之风 公款,盗 犯罪 贪污 贿赂 团伙 分赃 财物 腐败 毒品 倒卖 贩卖 贪,走私 诈骗 盗窃 贪污 受贿 贿赂 犯罪 倒卖 团伙 非法 假冒 毒品 公款 涉嫌 腐败 盗版 回扣 贩卖 盗 财物 内幕 分赃 贪 不正之风
159,8,0.4792455719674078,0.057606119535677194,0.375,疑虑 顾虑 担忧 疑问 怨言 后顾之忧 困扰 不满,不满 疑问 困扰 怨言 后顾之忧 担忧 疑虑 顾虑,不满 困扰 怨言 后顾之忧 顾虑 担忧 疑问 疑虑,疑虑 顾虑 担忧 疑问 怨言 后顾之忧 困扰 不满
160,6,0.5183144317578162,0.202484397911581,0.0,说不上 谈不上 难说 很难说 不用说 没什么,没什么 不用说 很难说 谈不上 难说 说不上,谈不上 很难说 不用说 没什么 说不上 难说,说不上 谈不上 难说 很难说 不用说 没什么
161,27,0.48184959350587164,0.09918911640627233,0.14814814814814814,怎么 怎样 什么 究竟 呢 哪里 哪儿 谁 哪 到底 干什么 怎么样,为何 为什么 不知 有没有 多久 请问 谁 究竟,怎么 请问 到底 有没有 吗 呢 哪 哪儿 为什么 哪些 不知 干什么,怎么 怎样 什么 究竟 呢 哪里 哪儿 谁 哪 到底 干什么 怎么样 吗 怎么办 什么样 哪些 如何 多少 何时 为什么 何处 不知 有没有 多久 请问 是否 为何
162,4,0.6926665470067362,0.5165111878306266,0.0,无论 不论 不管 无论如何,无论如何 不管 不论 无论,无论 不管 无论如何 不论,无论 不论 不管 无论如何
163,2,0.47441644511692815,0.15499654160589355,0.0,不翼而飞 不见,不见 不翼而飞,不见 不翼而飞,不翼而飞 不见
164,3,0.424594999005334,0.0679351709352818,0.0,学艺 取经 不耻下问,不耻下问 学艺 取经,取经 不耻下问 学艺,学艺 取经 不耻下问
165,7,0.36553808060433424,-0.03758870995643012,0.7142857142857143,恶劣 严重 恶化 糟糕 不良 致命 分化,分化 致命 恶劣 糟糕 不良 恶化 严重,不良 致命 糟糕 恶化 恶劣 分化 严重,恶劣 严重 恶化 糟糕 不良 致命 分化
166,14,0.41269612798288985,0.034312888288577766,0.42857142857142855,欠缺 缺失 缺少 缺乏 缺 不足 薄弱 滞后 跟不上 脱节 残缺 少,残缺 跟不上 少 脱节 欠 落后 不足 滞后,少 缺 欠缺 欠 脱节 滞后 落后 跟不上 不足 薄弱 残缺 缺乏,欠缺 缺失 缺少 缺乏 缺 不足 薄弱 滞后 跟不上 脱节 残缺 少 落后 欠
167,81,0.41432591621370063,-0.0206371916159098,0.5679012345679012,炎症 急性 病症 腹泻 症状 慢性 出血 发炎 疾病 高血压 疼痛 心脏病,细胞 肠 气管 确诊 器官 腺 艾滋病 止咳,损伤 疗效 传染病 骨折 流感 气管 肿瘤 糖尿病 病 痰 癌 腹泻,炎症 急性 病症 腹泻 症状 慢性 出血 发炎 疾病 高血压 疼痛 心脏病 癌症 咳嗽 糖尿病 肿瘤 病 复发 肝脏 发病 血栓 抑郁症 发作 感冒 呕吐 肝 癌 过敏 肺 患者 患有 痴呆 患病 确诊 患 脾 抑郁 病情 血管 骨折 失眠 痰 头晕 血压 休克 胃 肥胖 发热 精神病 中毒 气管 损伤 感染 传染病 流感 肾 治愈 霍乱 心脏 切除 生病 发烧 昏迷 失明 肠 晕车 艾滋病 动脉 分泌 唾液 止血 出汗 疗效 血液 腺 传染 神经 器官 止咳 细胞 不适
168,9,0.4453646233077633,0.05630948025628595,0.4444444444444444,疏通 畅通 通畅 堵塞 不通 打通 堵 疏导 通行,通行 不通 疏导 打通 堵 通畅 畅通 堵塞,堵塞 堵 疏通 通行 打通 畅通 疏导 不通 通畅,疏通 畅通 通畅 堵塞 不通 打通 堵 疏导 通行
169,14,0.463591565611336,0.10168369976207162,0.14285714285714285,出色 优异 出众 卓越 优良 优秀 杰出 良好 过硬 高超 非凡 独特,独特 不错 良好 过硬 非凡 高超 优秀 优越,优越 优良 优秀 独特 优异 杰出 良好 出色 不错 出众 高超 卓越,出色 优异 出众 卓越 优良 优秀 杰出 良好 过硬 高超 非凡 独特 优越 不错
170,4,0.5701872469688483,0.3363762861599189,0.0,与 跟 同 与其,与其 跟 同 与,同 与 跟 与其,与 跟 同 与其
171,3,0.4659374563960914,0.10667114469012916,0.0,实事求是 与时俱进 务实,务实 实事求是 与时俱进,务实 实事求是 与时俱进,实事求是 与时俱进 务实
172,39,0.4401193969755205,0.010906601605684099,0.358974358974359,乖 乖巧 聪明 蠢 听话 调皮 贪玩儿 懂事 胆小 可爱 顽皮 老实,胖 倔强 心灵手巧 丑 偷懒 叛逆 人缘儿 懒,胆小 倔 傻 帅 乖 丑 笨 懒 懂事 偷懒 用功 顽皮,乖 乖巧 聪明 蠢 听话 调皮 贪玩儿 懂事 胆小 可爱 顽皮 老实 勤快 笨 淘气 娇气 倔 讨人喜欢 机灵 傻 倔强 娇惯 脾气 孝顺 懒 逗 人缘儿 大大咧咧 丑 好学 胖 用功 能干 叛逆 出息 偷懒 贱 帅 心灵手巧
173,68,0.41296516426899366,-0.02520763309369227,0.5294117647058824,愚蠢 自私 卑鄙 狡猾 奸诈 虚伪 凶残 粗鲁 残忍 丑陋 丑恶 贪婪,粗心 爱面子 流氓 凶猛 心肠 坏人 凶 盛气凌人,盛气凌人 猖狂 爱面子 粗暴 无能 糊涂 凶 流氓 粗鲁 虚伪 野蛮 软弱,愚蠢 自私 卑鄙 狡猾 奸诈 虚伪 凶残 粗鲁 残忍 丑陋 丑恶 贪婪 凶恶 冷漠 冷酷 可恶 傲慢 邪恶 无情无义 无知 懒惰 冷酷无情 高傲 自私自利 庸俗 暴躁 凶狠 软弱 鲁莽 无能 幼稚 固执 自以为是 可耻 猖狂 堕落 狭隘 小气 阴暗 世故 目中无人 罪恶 野蛮 顽固 粗暴 恶 拙劣 盛气凌人 残酷 损人利己 无情 污秽 渺小 爱面子 糊涂 颓废 心肠 见钱眼开 浮躁 流氓 坏人 悲惨 黑暗 凶 粗心 沽名钓誉 暴力 凶猛
174,8,0.449638126078923,0.08496160057155011,0.125,危机 风波 局势 动荡 事态 事件 丑闻 僵局,僵局 丑闻 动荡 事态 局势 风波 事件 危机,事件 事态 僵局 丑闻 危机 风波 局势 动荡,危机 风波 局势 动荡 事态 事件 丑闻 僵局
175,4,0.4465996391907474,0.11559998497089466,0.0,职业 业余 专业 职业病,专业 职业病 业余 职业,专业 职业病 业余 职业,职业 业余 专业 职业病
176,5,0.4714243731969624,0.11978978099311051,0.2,定时 按时 准时 定期 专人,专人 定期 准时 定时 按时,专人 准时 定时 定期 按时,定时 按时 准时 定期 专人
177,4,0.38073409298607724,0.02754405959867877,0.25,商标 牌 专利 王牌,王牌 专利 牌 商标,王牌 专利 牌 商标,商标 牌 专利 王牌
178,18,0.4180623558117297,0.0019217399498584814,0.5,封建 官僚 专制 贵族 官吏 腐朽 阶级 阶层 资本主义 帝国主义 统治 文人,官吏 商人 奴隶 资本主义 世袭 文人 主义 知识分子,专制 资本主义 腐朽 奴隶 商人 官僚 官吏 帝国主义 官僚主义 贵族 阶级 封建,封建 官僚 专制 贵族 官吏 腐朽 阶级 阶层 资本主义 帝国主义 统治 文人 世袭 知识分子 奴隶 官僚主义 主义 商人
179,22,0.45227907528900946,0.07323168923876142,0.22727272727272727,超市 商场 商店 药店 连锁店 书店 专卖店 便利店 店 专柜 百货 连锁,购物 柜台 邮局 商城 零售 售货员 加油站 店,邮局 加油站 网点 店 柜台 菜市场 零售 超市 商城 商场 商店 连锁店,超市 商场 商店 药店 连锁店 书店 专卖店 便利店 店 专柜 百货 连锁 报亭 菜市场 网点 零售 售货员 加油站 商城 邮局 柜台 购物
180,11,0.42750637962346355,0.04874428920542566,0.18181818181818182,教授 学者 院士 专家 博士 导师 科学家 泰斗 大师 研究所 人士,研究所 人士 博士 泰斗 大师 专家 导师 科学家,专家 科学家 研究所 博士 人士 院士 大师 导师 泰斗 教授 学者,教授 学者 院士 专家 博士 导师 科学家 泰斗 大师 研究所 人士
181,8,0.4200138651874622,0.012387298221800715,0.625,微博 博客 帖子 微信 文章 专栏 头条 官方,官方 专栏 文章 微信 帖子 头条 博客 微博,微信 博客 微博 官方 帖子 文章 头条 专栏,微博 博客 帖子 微信 文章 专栏 头条 官方
182,10,0.45011916240354205,0.09976267782778489,0.3,着眼于 注重 着重 着眼 侧重 专注 立足 重视 围绕 着手,着手 围绕 立足 着眼 重视 侧重 专注 着重,着眼于 注重 侧重 着眼 着手 着重 立足 围绕 重视 专注,着眼于 注重 着重 着眼 侧重 专注 立足 重视 围绕 着手
183,4,0.4021922557461635,0.03407233008305888,0.25,公用 公共 公益性 专用,专用 公益性 公共 公用,公益性 公共 公用 专用,公用 公共 公益性 专用
184,22,0.49212975336110576,0.10791823352680333,0.2727272727272727,赶赴 前往 赶往 奔赴 来到 抵达 赶到 起程 飞往 返回 到达 离开,重返 回到 走进 前来 专程 回国 离开 返回,飞往 返回 离开 赶到 赶往 赴 回国 回到 前来 赶赴 抵达 到达,赶赴 前往 赶往 奔赴 来到 抵达 赶到 起程 飞往 返回 到达 离开 动身 回到 赴 踏上 直奔 专程 走进 前来 重返 回国
185,13,0.4512480437772258,0.07658992199464756,0.15384615384615385,聘用 招聘 聘 聘请 雇佣 应聘 招募 招收 兼职 雇 招揽 专职,招募 专职 兼职 选拔 雇 聘请 招收 招揽,选拔 招聘 应聘 专职 雇 聘 聘请 聘用 招揽 招收 招募 雇佣,聘用 招聘 聘 聘请 雇佣 应聘 招募 招收 兼职 雇 招揽 专职 选拔
186,18,0.46312945915358256,0.09368020068546984,0.16666666666666666,著作 书籍 专著 辞典 词典 字典 名著 书 百科全书 教材 传记 回忆录,日记 笔记 手册 回忆录 名著 教材 文献 论文,词典 书 笔记 回忆录 名著 论文 著作 专著 辞典 教科书 文献 百科全书,著作 书籍 专著 辞典 词典 字典 名著 书 百科全书 教材 传记 回忆录 教科书 文献 笔记 论文 手册 日记
187,51,0.460120162015484,0.026260434972668296,0.39215686274509803,演奏 演唱 乐曲 歌曲 独唱 伴奏 合唱 歌唱 舞蹈 旋律 民歌 音乐,国歌 动听 录制 弦 鼓 排练 歌手 琴,唱片 交响乐 唱歌 乐队 唱 弦 芭蕾 诗歌 朗诵 独唱 琴 曲,演奏 演唱 乐曲 歌曲 独唱 伴奏 合唱 歌唱 舞蹈 旋律 民歌 音乐 唱 歌 交响乐 歌词 吉他 乐队 笛子 唱歌 歌声 歌舞 歌手 朗诵 乐器 小提琴 音乐会 钢琴 表演 抒情 诗歌 舞 曲 摇滚 芭蕾 跳舞 演唱会 秧歌 动听 排练 小曲 专辑 主题歌 国歌 录制 歌咏 唱片 诗 鼓 琴 弦
188,10,0.45149151290268486,0.04629529028273673,0.4,爱好 嗜好 兴趣 专长 特长 喜好 擅长 乐趣 座右铭 兴致,擅长 兴致 座右铭 乐趣 专长 特长 喜好 嗜好,乐趣 嗜好 专长 擅长 兴趣 兴致 座右铭 喜好 特长 爱好,爱好 嗜好 兴趣 专长 特长 喜好 擅长 乐趣 座右铭 兴致
189,5,0.4806052298445961,0.14449287368867,0.2,特意 特地 刻意 专门 人为,人为 刻意 专门 特地 特意,人为 专门 刻意 特地 特意,特意 特地 刻意 专门 人为
190,7,0.4507181355746037,0.05373539355637201,0.2857142857142857,议题 话题 主题 热点 题材 专题 焦点,议题 焦点 热点 专题 题材 主题 话题,热点 题材 专题 议题 焦点 话题 主题,议题 话题 主题 热点 题材 专题 焦点
191,15,0.42278146825784557,0.03747949309766898,0.4,子孙 后代 后裔 祖先 辈 祖宗 后人 传人 家族 世代 弟子 前辈,世代 子弟 前辈 族 血缘 传人 家族 辈,祖先 祖宗 子孙 子弟 弟子 族 后人 后代 世代 辈 传人 血缘,子孙 后代 后裔 祖先 辈 祖宗 后人 传人 家族 世代 弟子 前辈 血缘 子弟 族
192,7,0.4559486521570718,0.09785214017588087,0.2857142857142857,全球 世界 全世界 全国 国际 中国 环球,环球 中国 全国 全世界 国际 世界 全球,中国 全国 全球 世界 全世界 环球 国际,全球 世界 全世界 全国 国际 中国 环球
193,31,0.4529656786980566,0.08169956121607047,0.25806451612903225,决赛 冠军 亚军 比赛 半决赛 世界杯 预赛 夺冠 银牌 铜牌 奖牌 金牌,球队 爆冷门 球员 夺魁 赛场 奖杯 联赛 杯,东道主 参赛 选手 决赛 球员 奥运会 杯 赛场 联赛 球队 铜牌 入场券,决赛 冠军 亚军 比赛 半决赛 世界杯 预赛 夺冠 银牌 铜牌 奖牌 金牌 赛场 单打 参赛 联赛 选手 奥运会 大奖赛 双打 赛 亚运会 奖杯 大赛 夺魁 爆冷门 球队 东道主 杯 入场券 球员
194,2,0.4746864664301489,0.15603199155523373,0.0,时代 世纪,世纪 时代,世纪 时代,时代 世纪
195,35,0.4389386084809794,0.056958697626104636,0.34285714285714286,山岭 山坡 峡谷 山谷 丘陵 高山 山峰 雪山 沼泽 山顶 平原 沙漠,陡 荆棘 小溪 山川 地形 山 草地 山路,丘陵 湖泊 坡 山 瀑布 岩石 河流 山谷 山路 海拔 沼泽 丛林,山岭 山坡 峡谷 山谷 丘陵 高山 山峰 雪山 沼泽 山顶 平原 沙漠 悬崖 小溪 河流 湖泊 高原 草原 山 山区 山路 山冈 丛林 岩石 草地 戈壁 海拔 森林 小路 瀑布 地形 山川 坡 荆棘 陡
196,3,0.7105063583108052,0.5525076112646299,0.0,乙 甲 丙,丙 甲 乙,乙 丙 甲,乙 甲 丙
197,8,0.4305385701678331,0.021403078783838732,0.25,行业 产业 领域 业务 市场 板块 业 资本,资本 板块 领域 业务 业 市场 产业 行业,业 板块 资本 行业 业务 产业 市场 领域,行业 产业 领域 业务 市场 板块 业 资本
198,12,0.42952453764828785,0.028107834438160312,0.3333333333333333,利润 盈利 收入 产量 产值 增收 效益 业绩 收益 销量 增产 丰收,销量 收益 丰收 产值 效益 产量 收入 增收,增产 增收 收益 效益 收入 盈利 丰收 利润 产值 业绩 销量 产量,利润 盈利 收入 产量 产值 增收 效益 业绩 收益 销量 增产 丰收
199,18,0.497299393193523,0.11942347803857024,0.2222222222222222,北部 南部 东南 东部 西北 西南 西部 北 中部 南 东北 西,北方 地区 沿海 南北 境内 北 东 中部,东北 东南 境内 北 南 东 北部 东部 西部 南北 地区 沿海,北部 南部 东南 东部 西北 西南 西部 北 中部 南 东北 西 东 南北 沿海 北方 地区 境内
200,9,0.37572619704543997,-0.02292074782535468,0.5555555555555556,奔波 来回 往返 东奔西走 操劳 折腾 趟 回 着想,着想 回 操劳 折腾 趟 来回 往返 东奔西走,回 操劳 着想 东奔西走 趟 奔波 折腾 来回 往返,奔波 来回 往返 东奔西走 操劳 折腾 趟 回 着想
201,15,0.457137829068099,0.06669043348043663,0.3333333333333333,溜达 转悠 遛 玩耍 逛 散步 打盹儿 晃荡 玩儿 晒太阳 串门 东张西望,串门 呆 左顾右盼 散步 陪 东张西望 遛 玩儿,晒太阳 呆 串门 玩儿 逛 遛 陪 玩耍 转悠 左顾右盼 溜达 东张西望,溜达 转悠 遛 玩耍 逛 散步 打盹儿 晃荡 玩儿 晒太阳 串门 东张西望 呆 陪 左顾右盼
202,2,0.479602471309442,0.1257307312951035,0.0,东方 南方,东方 南方,南方 东方,东方 南方
203,5,0.41049692151145295,0.059834174814658914,0.4,物体 事物 物质 静止 东西,静止 东西 物质 物体 事物,静止 物体 事物 东西 物质,物体 事物 物质 静止 东西
204,6,0.4219174958141168,0.06612220695402682,0.3333333333333333,缕 根 束 丝 朵 杆,杆 朵 根 丝 束 缕,丝 缕 杆 束 朵 根,缕 根 束 丝 朵 杆
205,15,0.4259670596503008,0.01658186573068226,0.5333333333333333,抛弃 丢掉 丢弃 忘掉 遗忘 放弃 丢 遗弃 忽略 掉 埋没 放下,抛开 冷落 埋没 拿走 掉 放下 丢 忽略,忘掉 丢 丢弃 掉 埋没 丢掉 冷落 抛弃 抛开 放弃 遗忘 遗弃,抛弃 丢掉 丢弃 忘掉 遗忘 放弃 丢 遗弃 忽略 掉 埋没 放下 拿走 抛开 冷落
206,8,0.42782055287841797,0.04910869276481417,0.5,丧失 失去 丢失 迷失 消失 流失 迷路 剥夺,迷路 剥夺 流失 消失 丢失 迷失 失去 丧失,流失 丢失 迷路 迷失 剥夺 消失 失去 丧失,丧失 失去 丢失 迷失 消失 流失 迷路 剥夺
207,1,,0.0,0.0,两岸,两岸,两岸,两岸
208,67,0.4577376677366001,0.04629908725328622,0.3582089552238806,胳膊 手臂 脖子 手掌 嘴唇 肩膀 鼻子 脸颊 舌头 手指 腿 嘴巴,伸 伤口 关节 胡子 握 皮肤 面部 怀里,爪子 红扑扑 肚子 浑身 肢体 把手 脖子 嘴 头 伸 拳头 骨头,胳膊 手臂 脖子 手掌 嘴唇 肩膀 鼻子 脸颊 舌头 手指 腿 嘴巴 脑袋 爪子 身子 膝盖 耳朵 胸膛 喉咙 手腕 颈部 眼睛 肚子 胸部 双手 眉毛 身体 腰 腹部 头发 指头 身躯 指甲 嘴 把手 手脚 脸 脚 全身 肌肉 浑身 牙齿 头顶 骨头 用力 抚摸 怀里 伤口 嗓子 皮肤 拳头 肩 尾巴 肢体 使劲 面部 关节 手 两手 头部 红扑扑 伸 伸手 头 握 脑子 胡子
209,3,0.45653243550622125,0.15406975972078926,0.0,机动 突击 两栖,两栖 机动 突击,机动 突击 两栖,机动 突击 两栖
210,8,0.46525176126271006,0.10899283248117851,0.125,严格 严厉 严密 严肃 严谨 严 苛刻 坚决,严 坚决 严谨 苛刻 严密 严肃 严厉 严格,坚决 严密 严厉 严 严格 苛刻 严谨 严肃,严格 严厉 严密 严肃 严谨 严 苛刻 坚决
211,11,0.49996813313631033,0.11782497973821529,0.18181818181818182,紧迫 严峻 艰巨 急迫 繁重 复杂 迫切 棘手 错综复杂 尖锐 沉重,沉重 急迫 错综复杂 繁重 尖锐 棘手 迫切 严峻,严峻 紧迫 艰巨 迫切 急迫 棘手 尖锐 繁重 错综复杂 沉重 复杂,紧迫 严峻 艰巨 急迫 繁重 复杂 迫切 棘手 错综复杂 尖锐 沉重
212,17,0.44614540881967035,0.07265634336427605,0.35294117647058826,受伤 重伤 死亡 遇难 伤亡 丧生 失踪 伤 车祸 伤势 事故 伤员,伤残 伤员 死 幸存 惨重 事故 车祸 空难,幸存 事故 伤 伤残 伤员 伤势 伤亡 死 失踪 空难 死亡 受伤,受伤 重伤 死亡 遇难 伤亡 丧生 失踪 伤 车祸 伤势 事故 伤员 空难 伤残 惨重 幸存 死
213,3,0.40430793896963135,0.05848578338657039,0.3333333333333333,家 个 户,个 户 家,家 个 户,家 个 户
214,7,0.3567531445421065,-0.01685699238337302,0.42857142857142855,私人 个人 私营 私有 个体 国有 本人,本人 国有 个体 个人 私营 私有 私人,私营 本人 国有 私有 私人 个体 个人,私人 个人 私营 私有 个体 国有 本人
215,6,0.43885607804774707,0.07799727650305086,0.3333333333333333,个头儿 个儿 胆子 心眼儿 个子 胆,胆 个子 心眼儿 胆子 个儿 个头儿,胆子 心眼儿 个头儿 胆 个儿 个子,个头儿 个儿 胆子 心眼儿 个子 胆
216,10,0.482832287788086,0.11897014073028463,0.0,天性 本性 人性 感性 理智 理性 性情 本能 个性 好奇心,本性 个性 理性 本能 好奇心 性情 人性 理智,人性 本性 理智 理性 天性 个性 性情 本能 好奇心 感性,天性 本性 人性 感性 理智 理性 性情 本能 个性 好奇心
217,7,0.4000168018216778,0.048232361462899,0.2857142857142857,特例 例外 例子 先例 个案 典型 幸免,幸免 典型 个案 例外 先例 例子 特例,幸免 典型 例外 例子 个案 特例 先例,特例 例外 例子 先例 个案 典型 幸免
218,5,0.5186785208437212,0.21175131419160373,0.0,当中 中 之中 过程 其中,过程 其中 中 之中 当中,中 当中 其中 之中 过程,当中 中 之中 过程 其中
219,4,0.3547203406043673,-0.10366545497172182,0.75,家政 家务 使唤 中介,中介 使唤 家务 家政,中介 使唤 家务 家政,家政 家务 使唤 中介
220,43,0.4489473153656765,0.06372116382645346,0.20930232558139536,急诊 治疗 门诊 医院 儿科 医生 外科 就诊 病人 住院 内科 手术,麻醉 保健 口腔 救治 疗法 急救 大夫 床位,临床 看病 疗法 挂号 床位 门诊 打针 诊所 诊断 会诊 口腔 中医,急诊 治疗 门诊 医院 儿科 医生 外科 就诊 病人 住院 内科 手术 针灸 西医 打针 临床 救治 手术室 看病 急救 中医 护士 诊所 诊断 挂号 会诊 治病 输液 出院 医学 求医 康复 护理 医疗 就医 医务 病床 麻醉 疗法 口腔 大夫 床位 保健
221,5,0.4327149164026956,0.051678531408888596,0.2,中华民族 祖国 民族 中华 边疆,边疆 中华 民族 祖国 中华民族,祖国 边疆 中华 民族 中华民族,中华民族 祖国 民族 中华 边疆
222,37,0.4152492419997111,0.016821274806426444,0.4864864864864865,绘画 雕刻 国画 画 油画 雕塑 壁画 刺绣 素描 工艺品 中国画 年画,幅 镶 插图 刻 工艺 画册 技艺 手工,雕塑 技艺 雕刻 插图 工艺 瓷器 刻 幅 肖像 图画 刺绣 绣,绘画 雕刻 国画 画 油画 雕塑 壁画 刺绣 素描 工艺品 中国画 年画 图画 图案 书法 瓷器 美术 画家 雕 花纹 肖像 瓷 画册 画儿 绣 画展 装饰 镶嵌 陶瓷 插图 技艺 漆 手工 刻 镶 幅 工艺
223,9,0.4857467436163064,0.17945422673915692,0.0,小型 中型 大型 微型 巨型 轻型 重型 型 袖珍,袖珍 型 重型 轻型 微型 巨型 大型 小型,重型 型 微型 中型 大型 小型 袖珍 巨型 轻型,小型 中型 大型 微型 巨型 轻型 重型 型 袖珍
224,15,0.4355460039291966,0.020557243548284164,0.26666666666666666,国外 外国 海外 境外 内地 外地 国内 本土 海内外 外资 中外 跨国,中外 国内 大陆 跨国 海内外 本地 本土 外资,境外 海外 本土 本地 中外 海内外 国内 国外 跨国 大陆 外资 外企,国外 外国 海外 境外 内地 外地 国内 本土 海内外 外资 中外 跨国 外企 本地 大陆
225,1,,0.0,0.0,中央,中央,中央,中央
226,12,0.43633944995712876,0.03960210294853597,0.4166666666666667,礼品 奖品 礼物 送礼 红包 抽奖 喜糖 礼 中奖 话费 奖励 鲜花,鲜花 抽奖 奖励 送礼 喜糖 话费 礼 中奖,抽奖 礼 送礼 中奖 红包 礼物 礼品 奖励 奖品 话费 喜糖 鲜花,礼品 奖品 礼物 送礼 红包 抽奖 喜糖 礼 中奖 话费 奖励 鲜花
227,11,0.49942775142830054,0.1700427653570329,0.0,青少年 中学生 少年 儿童 小学生 青年 大学生 未成年人 少儿 学子 成人,学子 成人 大学生 少儿 儿童 青年 小学生 少年,未成年人 青少年 大学生 小学生 成人 学子 中学生 青年 儿童 少年 少儿,青少年 中学生 少年 儿童 小学生 青年 大学生 未成年人 少儿 学子 成人
228,11,0.4945293821217178,0.1647550405143262,0.09090909090909091,年纪 年龄 中年 岁数 年迈 年轻 岁 老年 高龄 成年 晚年,晚年 老年 成年 年龄 岁数 年迈 高龄 中年,年迈 年轻 岁 岁数 年纪 中年 晚年 成年 老年 高龄 年龄,年纪 年龄 中年 岁数 年迈 年轻 岁 老年 高龄 成年 晚年
229,1,,0.0,0.0,中庸,中庸,中庸,中庸
230,5,0.3856602699382322,0.0033995749136622676,0.6,示范 基地 枢纽 中心 试点,中心 基地 枢纽 试点 示范,中心 示范 枢纽 试点 基地,示范 基地 枢纽 中心 试点
231,1,,0.0,0.0,中性,中性,中性,中性
232,34,0.44472380515440146,0.07793493158209343,0.3235294117647059,汉语 英语 日语 俄语 法语 英文 口语 普通话 外语 语法 语言 汉字,交际 字 文字 字体 华语 语法 语音 口音,读音 词汇 字 华语 流利 语音 错别字 俄语 语言 语法 交际 口语,汉语 英语 日语 俄语 法语 英文 口语 普通话 外语 语法 语言 汉字 中文 词汇 繁体字 方言 西班牙语 阿拉伯语 文字 读音 简体字 翻译 音节 字母 字幕 流利 错别字 口音 语音 字体 外文 华语 字 交际
233,12,0.42677960892495104,0.024745606065741083,0.3333333333333333,中止 停止 暂停 终止 取消 撤销 中断 废除 解除 免除 停 停顿,免除 解除 停 停顿 废除 撤销 中断 暂停,暂停 终止 取消 停 停止 中止 中断 废除 免除 解除 撤销 停顿,中止 停止 暂停 终止 取消 撤销 中断 废除 解除 免除 停 停顿
234,8,0.45131787861212974,0.056170099522805286,0.375,初期 早期 后期 晚期 前期 中期 年代 起步,起步 年代 中期 前期 晚期 早期 后期 初期,早期 年代 晚期 后期 中期 初期 前期 起步,初期 早期 后期 晚期 前期 中期 年代 起步
235,36,0.47278112221924423,0.08618365957523061,0.3333333333333333,春节 中秋节 元宵节 除夕 清明节 元旦 圣诞节 节日 端午节 佳节 过年 假期,喜庆 周末 节假日 节气 每逢 休假 农历 团圆,拜年 清明节 周末 中秋节 新年 元宵节 团圆 暑假 暑期 清明 生日 国庆,春节 中秋节 元宵节 除夕 清明节 元旦 圣诞节 节日 端午节 佳节 过年 假期 新年 长假 国庆 过节 节假日 放假 暑假 寒假 假日 农历 腊月 清明 周末 年夜饭 团圆 暑期 拜年 休假 庙会 每逢 初一 生日 节气 喜庆
236,5,0.43068238417054816,0.034772026888206166,0.4,独立自主 独立 自立 自力更生 中立,中立 自力更生 自立 独立 独立自主,独立 独立自主 中立 自力更生 自立,独立自主 独立 自立 自力更生 中立
237,3,0.5052591420896332,0.20190924588425396,0.0,高等 初等 中等,中等 高等 初等,中等 初等 高等,高等 初等 中等
238,4,0.4900840360168865,0.12236847358785877,0.25,中级 初级 高级 资深,资深 初级 中级 高级,资深 中级 初级 高级,中级 初级 高级 资深
239,20,0.40776110344584365,-0.004054904315287515,0.55,药物 药 抗生素 中药 药片 药品 激素 疫苗 服用 处方 安眠药 剂,生理 安眠药 药材 免疫 激素 医药 剂 偏方,激素 剂 偏方 免疫 生理 药片 药物 安眠药 药材 药方 服用 药品,药物 药 抗生素 中药 药片 药品 激素 疫苗 服用 处方 安眠药 剂 药方 注射 胶囊 免疫 偏方 医药 药材 生理
240,19,0.39930931112659723,-0.05152213692410156,0.6842105263157895,坚实 深厚 雄厚 稳固 根基 底蕴 扎实 牢固 基础 坚固 积淀 丰厚,坚固 稳健 积淀 可靠 奠定 得天独厚 丰厚 根基,稳固 稳健 基础 坚固 坚实 牢 得天独厚 奠定 根基 积淀 丰厚 深厚,坚实 深厚 雄厚 稳固 根基 底蕴 扎实 牢固 基础 坚固 积淀 丰厚 悠久 奠定 底子 牢 得天独厚 可靠 稳健
241,6,0.41828798720611543,0.0559456787286311,0.3333333333333333,丰富多彩 丰富 富有 丰盛 充实 有声有色,有声有色 富有 充实 丰盛 丰富 丰富多彩,有声有色 丰盛 丰富 充实 富有 丰富多彩,丰富多彩 丰富 富有 丰盛 充实 有声有色
242,27,0.4169503262722764,0.0050939807186421195,0.48148148148148145,壮实 健壮 红润 结实 苗条 强壮 修长 身材 丰满 柔软 英俊 光滑,长相 整齐 坚硬 矮 柔软 肌肤 质地 壮,身材 长相 光滑 光泽 质地 壮 矮 红润 容颜 健壮 苗条 强壮,壮实 健壮 红润 结实 苗条 强壮 修长 身材 丰满 柔软 英俊 光滑 矮小 高大 光泽 容光焕发 坚硬 容颜 水灵灵 肌肤 滋润 长相 衰老 矮 整齐 壮 质地
243,9,0.45284029109491,0.09952541920587889,0.0,成果 成效 成就 丰硕 硕果 成绩 建树 进展 贡献,进展 贡献 丰硕 建树 硕果 成绩 成就 成效,进展 建树 丰硕 成就 成绩 成果 成效 硕果 贡献,成果 成效 成就 丰硕 硕果 成绩 建树 进展 贡献
244,5,0.3406334802916265,-0.08104438529095866,0.8,群 群体 人群 堆 串,串 堆 群体 人群 群,堆 串 群 人群 群体,群 群体 人群 堆 串
245,1,,0.0,0.0,临,临,临,临
246,1,,0.0,0.0,临时,临时,临时,临时
247,23,0.4608253283544547,0.07332489479838877,0.2608695652173913,楼房 住宅 房屋 幢 房子 居民楼 栋 别墅 公寓 临街 建筑物 写字楼,建筑 小区 大楼 大厦 四合院 住房 公寓 屋,房子 房屋 屋 幢 别墅 栋 新房 写字楼 楼房 建筑 大厦 小区,楼房 住宅 房屋 幢 房子 居民楼 栋 别墅 公寓 临街 建筑物 写字楼 新房 建筑 大楼 住户 住房 小区 四合院 屋 大厦 居住 装修
248,11,0.4242234387239487,0.025075000614515727,0.5454545454545454,来临 到来 迎来 临近 即将 前夕 降临 迎接 尾声 迎 爆发,爆发 降临 临近 迎 前夕 尾声 即将 迎接,到来 尾声 即将 迎 爆发 降临 前夕 迎接 迎来 临近 来临,来临 到来 迎来 临近 即将 前夕 降临 迎接 尾声 迎 爆发
249,2,0.4706799620606088,0.1482550604026893,0.0,丸 敷,敷 丸,丸 敷,丸 敷
250,3,0.4491419162468951,0.150105646726949,0.0,为 以 为了,为了 以 为,以 为 为了,为 以 为了
251,2,0.4636630636294765,0.20020169359253281,0.0,少量 为主,少量 为主,少量 为主,少量 为主
252,59,0.4279472179154288,-0.020298774661489955,0.5423728813559322,诚恳 谦逊 真诚 善良 和蔼 谦虚 诚实 真挚 豁达 耿直 朴实 纯朴,诚心诚意 勇敢 忠诚 虚心 好意 热心 委婉 宽容,正直 诚恳 诚挚 坦率 光明磊落 纯朴 纯洁 诚实 真挚 虚心 无私 开朗,诚恳 谦逊 真诚 善良 和蔼 谦虚 诚实 真挚 豁达 耿直 朴实 纯朴 坦诚 仁慈 温柔 友善 正直 礼貌 慈祥 坦率 诚挚 敦厚 彬彬有礼 体贴 无私 宽厚 宽容 厚道 开朗 风趣 虔诚 慷慨 勇敢 刚毅 忠贞 天真 大公无私 殷勤 敬重 忠诚 忠心 幽默 光明磊落 善意 稳重 好客 坚韧 虚心 纯洁 为人 和气 高尚 诚心诚意 亲切 大方 热心 好意 崇高 委婉
253,6,0.47307935076617924,0.18304527562404174,0.0,历时 耗时 长达 为期 时隔 漫长,漫长 时隔 耗时 为期 长达 历时,历时 长达 漫长 时隔 耗时 为期,历时 耗时 长达 为期 时隔 漫长
254,5,0.5341636768179804,0.2475125676790258,0.0,迄今 迄今为止 至今 为止 止,止 为止 至今 迄今为止 迄今,止 迄今 迄今为止 为止 至今,迄今 迄今为止 至今 为止 止
255,4,0.4480828433762734,0.14660122865743597,0.0,由此 据此 为此 从中,从中 为此 由此 据此,据此 从中 由此 为此,由此 据此 为此 从中
256,8,0.3786671139383965,-0.020412722324818392,0.625,主角 主人公 角色 扮演 人物 充当 主 诗人,诗人 充当 主 人物 扮演 角色 主人公 主角,诗人 扮演 主 角色 人物 主人公 充当 主角,主角 主人公 角色 扮演 人物 充当 主 诗人
257,4,0.3786138494154747,-0.030469760688434874,0.5,猎人 主人 主妇 巨人,巨人 主妇 主人 猎人,猎人 巨人 主人 主妇,猎人 主人 主妇 巨人
258,34,0.4260315215843897,-0.015372043073969065,0.5,主任 总经理 处长 局长 部长 秘书长 院长 总裁 董事长 总监 书记 组长,创始人 团长 班长 首席 队长 委员会 主管 董事,秘书长 董事 董事长 院长 会长 处长 司长 总监 总裁 创始人 市长 局长,主任 总经理 处长 局长 部长 秘书长 院长 总裁 董事长 总监 书记 组长 会长 秘书 所长 委员 司长 助理 校长 主席 团长 理事 经理 负责人 厂长 市长 主管 顾问 队长 董事 首席 班长 委员会 创始人
259,4,0.4324219868999572,0.06466870983127235,0.25,纽带 载体 桥梁 主体,主体 桥梁 纽带 载体,桥梁 载体 纽带 主体,纽带 载体 桥梁 主体
260,2,0.5057524950672111,0.23857801369018145,0.0,合约 主力,主力 合约,合约 主力,合约 主力
261,8,0.4744716892740185,0.0999280483788966,0.25,承办 主办 举办 筹办 办 申办 牵头 发起,发起 牵头 办 申办 筹办 举办 主办 承办,申办 牵头 办 举办 发起 承办 主办 筹办,承办 主办 举办 筹办 办 申办 牵头 发起
262,2,0.6213043533666234,0.4078180171271226,0.0,主动 被动,被动 主动,被动 主动,主动 被动
263,7,0.4431256236372671,0.1068205009182319,0.14285714285714285,操控 操纵 主宰 支配 驾驭 控制 掌管,掌管 控制 驾驭 主宰 支配 操纵 操控,支配 操纵 操控 掌管 驾驭 控制 主宰,操控 操纵 主宰 支配 驾驭 控制 掌管
264,8,0.44403652739553073,0.04946648943811038,0.375,带动 拉动 引领 驱动 主导 刺激 导向 拖累,刺激 导向 拉动 拖累 主导 引领 驱动 带动,带动 拖累 刺激 驱动 拉动 导向 主导 引领,带动 拉动 引领 驱动 主导 刺激 导向 拖累
265,7,0.42396931286927775,0.0815154504124799,0.14285714285714285,标榜 提倡 倡导 主张 所谓 号称 自称,号称 所谓 主张 自称 倡导 提倡 标榜,标榜 提倡 倡导 所谓 自称 主张 号称,标榜 提倡 倡导 主张 所谓 号称 自称
266,22,0.4071407937190872,-0.006359829025333533,0.5,愿望 想法 意图 初衷 用意 念头 心愿 本意 意思 目的 动机 心意,大意 梦想 冲动 意愿 出发点 欲望 目的 计策,宗旨 心意 心愿 冲动 用意 意图 意思 意愿 本意 计策 初衷 想法,愿望 想法 意图 初衷 用意 念头 心愿 本意 意思 目的 动机 心意 主意 意愿 欲望 出发点 野心 宗旨 梦想 冲动 计策 大意
267,5,0.3733568715527043,-0.03226796153082017,0.8,主持 宣读 主持人 解说 宣誓,宣誓 主持人 解说 宣读 主持,宣誓 宣读 主持人 主持 解说,主持 宣读 主持人 解说 宣誓
268,4,0.46616945298127277,0.13935697152055396,0.25,干涉 干预 插手 主权,主权 插手 干预 干涉,插手 干预 主权 干涉,干涉 干预 插手 主权
269,4,0.48934107458130144,0.16486181015946144,0.25,潮流 时尚 新潮 主流,主流 时尚 新潮 潮流,时尚 潮流 新潮 主流,潮流 时尚 新潮 主流
270,13,0.41756263079733813,-0.02816333180051345,0.6923076923076923,刊物 报刊 出版 杂志 报纸 出版社 报社 主编 刊登 图书 社论 音像,社论 主编 译 报社 刊登 音像 图书 报纸,图书 报刊 音像 报纸 报社 刊物 刊登 译 社论 出版 出版社 主编,刊物 报刊 出版 杂志 报纸 出版社 报社 主编 刊登 图书 社论 音像 译
271,12,0.4174839877858656,0.027890912809204024,0.3333333333333333,首要 重要 关键 重中之重 至关重要 要紧 重点 主要 当务之急 核心 无关紧要 重心,重心 无关紧要 核心 重点 至关重要 当务之急 要紧 首要,重心 重点 重中之重 至关重要 核心 关键 要紧 当务之急 无关紧要 主要 首要 重要,首要 重要 关键 重中之重 至关重要 要紧 重点 主要 当务之急 核心 无关紧要 重心
272,5,0.4837646319142137,0.14661736446782175,0.0,消极 悲观 情绪 负面 主观,悲观 主观 消极 情绪 负面,消极 主观 负面 情绪 悲观,消极 悲观 情绪 负面 主观
273,3,0.4524448791534452,0.10749913981929497,0.0,举 举手 挥,挥 举手 举,举 挥 举手,举 举手 挥
274,1,,0.0,0.0,举一反三,举一反三,举一反三,举一反三
275,4,0.5084678586272021,0.20822786052291592,0.0,史无前例 前无古人 前所未有 举世无双,举世无双 前无古人 前所未有 史无前例,前无古人 前所未有 史无前例 举世无双,史无前例 前无古人 前所未有 举世无双
276,8,0.4110847207303458,0.027006597203716273,0.375,引人注目 抢眼 显眼 瞩目 突出 明显 举世瞩目 活跃,举世瞩目 明显 活跃 突出 瞩目 显眼 抢眼 引人注目,抢眼 明显 突出 举世瞩目 显眼 瞩目 活跃 引人注目,引人注目 抢眼 显眼 瞩目 突出 明显 举世瞩目 活跃
277,12,0.5142630800615547,0.21973236917260264,0.0,有名 著名 驰名 闻名 出名 大名鼎鼎 远近闻名 举世闻名 知名 家喻户晓 耳熟能详 名副其实,知名 家喻户晓 名副其实 耳熟能详 举世闻名 出名 大名鼎鼎 远近闻名,耳熟能详 家喻户晓 知名 著名 举世闻名 名副其实 有名 出名 远近闻名 闻名 驰名 大名鼎鼎,有名 著名 驰名 闻名 出名 大名鼎鼎 远近闻名 举世闻名 知名 家喻户晓 耳熟能详 名副其实
278,4,0.4735789387829912,0.13502266805839602,0.0,投诉 举报 告状 告,告 举报 告状 投诉,投诉 告 举报 告状,投诉 举报 告状 告
279,14,0.40605779764078015,0.02939754743177705,0.5,方法 手段 措施 方式 办法 举措 途径 手法 做法 形式 方案 工具,政策 法 工具 形式 方案 举措 做法 途径,办法 法 举措 措施 做法 方式 方法 方案 形式 途径 手段 手法,方法 手段 措施 方式 办法 举措 途径 手法 做法 形式 方案 工具 政策 法
280,33,0.43846227393703635,0.020011586912471707,0.45454545454545453,大会 开幕 闭幕式 开幕式 闭幕 招待会 盛会 晚会 会议 宴会 庆典 集会,论坛 集会 届 联欢 颁奖 开会 聚会 会场,集会 招待会 颁奖 联欢 宴会 届 开会 举行 座谈会 发布会 开幕 聚会,大会 开幕 闭幕式 开幕式 闭幕 招待会 盛会 晚会 会议 宴会 庆典 集会 展览会 峰会 颁奖 举行 发布会 座谈会 典礼 博览会 隆重 追悼会 致辞 仪式 联欢 聚会 召开 会场 出席 论坛 盛大 开会 届
281,38,0.4597240413907134,0.09222185165006283,0.2631578947368421,体操 乒乓球 田径 篮球 羽毛球 网球 排球 游泳 滑冰 举重 摔跤 棒球,跑步 体育 打球 太极拳 球拍 运动 潜水 钓鱼,运动 网球 球拍 举重 武术 滑冰 潜水 游泳 健美 羽毛球 乒乓球 跳高,体操 乒乓球 田径 篮球 羽毛球 网球 排球 游泳 滑冰 举重 摔跤 棒球 台球 滑雪 跳远 跳高 武术 足球 运动员 高尔夫球 打球 健美 健身 射击 长跑 运动会 太极拳 划船 跑步 跳伞 冲浪 运动 教练 竞技 体育 球拍 钓鱼 潜水
282,5,0.44603939339143645,0.05074877088064557,0.2,矣 曰 乃 之 干戈,干戈 之 乃 曰 矣,之 乃 矣 曰 干戈,矣 曰 乃 之 干戈
283,8,0.4745237019008899,0.15092187453011677,0.25,甚至于 甚至 或者 或是 或 乃至 至于 有的是,有的是 至于 或 或是 乃至 或者 甚至 甚至于,或 乃至 甚至 有的是 或者 至于 甚至于 或是,甚至于 甚至 或者 或是 或 乃至 至于 有的是
284,7,0.4282076132365467,0.029451615752086917,0.2857142857142857,长久 永恒 永远 永久 天长地久 永不 久,长久 久 天长地久 永不 永久 永恒 永远,久 永远 天长地久 永久 永不 永恒 长久,长久 永恒 永远 永久 天长地久 永不 久
285,6,0.5085594932210554,0.15021711950896288,0.0,指教 赐教 指点 请教 久仰 过奖,请教 久仰 过奖 指点 赐教 指教,请教 久仰 指教 指点 过奖 赐教,指教 赐教 指点 请教 久仰 过奖
286,7,0.5192144049921414,0.2054371339884323,0.0,少见 罕见 难得一见 少有 难得 常见 久违,久违 常见 少见 难得 少有 罕见 难得一见,少见 难得一见 罕见 久违 常见 难得 少有,少见 罕见 难得一见 少有 难得 常见 久违
287,16,0.45133390261699163,0.035352564075594305,0.3125,担负 肩负 责任 承担 职责 重任 负有 担当 使命 义务 履行 担子,担子 任务 分担 负责 履行 负有 职责 担当,履行 使命 担负 义务 责任 任务 职责 负有 负担 分担 担子 担当,担负 肩负 责任 承担 职责 重任 负有 担当 使命 义务 履行 担子 任务 负担 分担 负责
288,21,0.44380626056745937,0.0405321498629328,0.3333333333333333,捐助 捐赠 捐款 募捐 慈善 捐献 捐 援助 救灾 资助 筹集 爱心,集资 灾区 义工 救灾 筹集 物资 支援 接济,赞助 集资 捐 捐助 捐款 捐献 资助 义工 筹集 灾区 捐赠 慈善,捐助 捐赠 捐款 募捐 慈善 捐献 捐 援助 救灾 资助 筹集 爱心 救济 公益 灾区 赞助 义工 支援 物资 接济 集资
289,2,0.4928244646509228,0.2016407291847479,0.0,唯一 之一,唯一 之一,之一 唯一,唯一 之一
290,10,0.41811368150859785,0.0860527937286846,0.2,以外 之外 外 除 除了 以内 之内 内 除外 包括,包括 以内 内 除外 除了 除 之内 之外,内 外 包括 以外 以内 除 之内 之外 除外 除了,以外 之外 外 除 除了 以内 之内 内 除外 包括
291,22,0.41207664673293704,0.007948465291345021,0.4090909090909091,原先 先前 以前 从前 以往 原来 往日 此前 之前 原本 当初 往常,原有 原 平日 往常 最初 年前 当初 起初,往日 起初 前 原 年前 往常 昔日 以往 以前 当初 从前 原来,原先 先前 以前 从前 以往 原来 往日 此前 之前 原本 当初 往常 过去 最初 昔日 年前 原有 过往 平日 起初 前 原
292,1,,0.0,0.0,之所以,之所以,之所以,之所以
293,2,0.6510992955292245,0.4536905471670545,0.0,诸如此类 之类,诸如此类 之类,诸如此类 之类,诸如此类 之类
294,3,0.5173823679700779,0.21018654752164265,0.0,之间 间 介于,介于 间 之间,间 之间 介于,之间 间 介于
295,1,,0.0,0.0,乐,乐,乐,乐
296,14,0.4073933152753453,-0.024682685344418257,0.6428571428571429,公园 广场 花园 大街 地铁站 街 大道 喷泉 园 天桥 乐园 路,园 乐园 绿地 动物园 天桥 花园 路 街,园 绿地 喷泉 花园 乐园 路 街 大道 大街 天桥 动物园 广场,公园 广场 花园 大街 地铁站 街 大道 喷泉 园 天桥 乐园 路 动物园 绿地
297,17,0.4002784784102827,-0.019360356901603426,0.5882352941176471,愿意 乐意 敢 忍心 存心 甘心 竟敢 想 打算 无意 有意 故意,舍得 岂有此理 故意 甘心 愿 敢 公然 想,忍心 无意 敢 想 愿 乐意 有意 存心 故意 肯 打算 岂有此理,愿意 乐意 敢 忍心 存心 甘心 竟敢 想 打算 无意 有意 故意 肯 公然 愿 舍得 岂有此理
298,5,0.3471888803583271,-0.0782275333620364,0.8,看好 乐观 预期 保守 看中,保守 乐观 看中 预期 看好,乐观 看好 看中 保守 预期,看好 乐观 预期 保守 看中
299,2,0.4607131111254308,0.15473627249716937,0.0,驾 乘,驾 乘,乘 驾,驾 乘
300,5,0.386418128071138,-0.005142659394303961,0.4,钻空子 可乘之机 乘人之危 走后门 钻,钻 走后门 乘人之危 可乘之机 钻空子,可乘之机 钻空子 乘人之危 走后门 钻,钻空子 可乘之机 乘人之危 走后门 钻
301,8,0.4356694268452553,0.06235382794065184,0.25,小贩 乞丐 乞讨 商贩 街头 流浪 清洁工 摊,摊 清洁工 流浪 街头 乞丐 商贩 乞讨 小贩,流浪 摊 清洁工 小贩 乞丐 乞讨 街头 商贩,小贩 乞丐 乞讨 商贩 街头 流浪 清洁工 摊
302,30,0.4331112044208958,0.04208837019030795,0.4666666666666667,劝告 劝 劝说 恳求 嘱咐 告诫 催促 叮嘱 劝阻 哀求 吩咐 说服,警告 提醒 呼吁 发誓 执意 说情 推辞 逼迫,哀求 劝 再三 请求 呼吁 答应 敦促 乞求 执意 告诉 告诫 劝阻,劝告 劝 劝说 恳求 嘱咐 告诫 催促 叮嘱 劝阻 哀求 吩咐 说服 敦促 答应 转告 再三 提醒 安慰 告诉 逼迫 告知 请求 警告 乞求 推辞 呼吁 执意 发誓 说情 鼓动
303,8,0.4843460602836824,0.11425129689401725,0.125,习俗 风俗 民俗 约定俗成 俗 习惯 礼仪 惯例,民俗 惯例 习惯 俗 礼仪 约定俗成 风俗 习俗,俗 习惯 礼仪 习俗 风俗 民俗 约定俗成 惯例,习俗 风俗 民俗 约定俗成 俗 习惯 礼仪 惯例
304,19,0.42338262971458407,0.0019630850566063874,0.42105263157894735,乡 村 镇 市区 郊区 县 村庄 城区 街道 城镇 乡村 城乡,市 县 城市 屯 乡村 区 农村 大队,区 县 屯 市 乡 城镇 村 乡村 村庄 郊区 街道 镇,乡 村 镇 市区 郊区 县 村庄 城区 街道 城镇 乡村 城乡 农村 城市 市 区 开发区 屯 大队
305,14,0.4432104017544424,0.0584455268363469,0.2857142857142857,民众 群众 老百姓 农民 人民 居民 穷人 牧民 国民 公民 平民 乡亲,公众 乡亲 穷人 大众 国民 平民 公民 牧民,穷人 乡亲 人民 群众 牧民 大众 国民 老百姓 居民 民众 农民 公众,民众 群众 老百姓 农民 人民 居民 穷人 牧民 国民 公民 平民 乡亲 大众 公众
306,18,0.448546119704002,0.058576399817142785,0.2777777777777778,背诵 抄写 朗读 默读 写作 课文 写 听写 读 书写 阅读 编写,练习 念 编写 撰写 稿子 识字 书写 温习,写作 写 念 朗读 课文 背诵 编写 默读 听写 读 温习 识字,背诵 抄写 朗读 默读 写作 课文 写 听写 读 书写 阅读 编写 温习 练习 识字 稿子 撰写 念
307,74,0.4401036100278461,0.011742756459654152,0.44594594594594594,柜子 书桌 桌子 卧室 屋子 窗子 窗台 椅子 房间 书橱 凳子 窗户,室 大厅 操场 楼 图书馆 木板 脸盆 教学楼,卫生间 寝室 脸盆 宿舍 图书馆 洗手间 阳台 抽屉 墙 室 床 办公室,柜子 书桌 桌子 卧室 屋子 窗子 窗台 椅子 房间 书橱 凳子 窗户 客厅 书柜 楼道 卫生间 写字台 阳台 墙壁 浴室 过道 书房 书架 院子 楼梯 沙发 抽屉 厨房 洗手间 教室 藤椅 寝室 窗帘 箱子 垫子 衣架 宿舍 帘子 帐子 栏杆 厕所 杯子 床 台灯 地板 木板 马桶 防盗门 脸盆 梯子 墙 病房 柱子 地下室 镜子 炉子 围墙 操场 笼子 黑板 楼 教学楼 走廊 架子 阅览室 池子 屋顶 餐桌 大厅 盖子 办公室 更衣室 图书馆 室
308,2,0.5514331749042373,0.26578379496429444,0.0,口头 书面,口头 书面,书面 口头,口头 书面
309,11,0.3983417415941145,-0.045891814665893586,0.7272727272727273,拿 抢 捞 挑 攒 弄 买 争 拼 搁 夺,夺 拼 攒 挑 争 搁 拿 买,夺 弄 争 买 搁 攒 拿 拼 抢 捞 挑,拿 抢 捞 挑 攒 弄 买 争 拼 搁 夺
310,5,0.3669229318231995,-0.014238942682141209,0.6,交易 买卖 成交 生意 关联,关联 生意 成交 买卖 交易,生意 成交 关联 交易 买卖,交易 买卖 成交 生意 关联
311,8,0.4716359539698257,0.07569102038826508,0.5,白酒 葡萄酒 酒 酿造 酒水 乳制品 茅台 发酵,酒 茅台 发酵 酒水 乳制品 葡萄酒 白酒 酿造,乳制品 酿造 酒水 酒 葡萄酒 茅台 发酵 白酒,白酒 葡萄酒 酒 酿造 酒水 乳制品 茅台 发酵
312,3,0.5096994880510957,0.2617230315144268,0.0,了 着 过,过 了 着,了 着 过,了 着 过
313,3,0.41002827630004973,0.024047821747987485,0.3333333333333333,到头来 归根到底 了却,了却 归根到底 到头来,归根到底 到头来 了却,到头来 归根到底 了却
314,1,,0.0,0.0,了结,了结,了结,了结
315,12,0.4528709218357015,0.07836946363817603,0.08333333333333333,懂 懂得 理解 领悟 领会 明白 熟悉 精通 了解 认识 掌握 熟练,认识 掌握 熟练 明白 了解 领会 精通 领悟,熟悉 懂 懂得 明白 了解 精通 理解 掌握 领会 领悟 认识 熟练,懂 懂得 理解 领悟 领会 明白 熟悉 精通 了解 认识 掌握 熟练
316,7,0.5282096729668814,0.24311523954849973,0.0,相继 纷纷 陆续 先后 竞相 争先恐后 率先,率先 先后 争先恐后 竞相 陆续 纷纷 相继,争先恐后 竞相 陆续 相继 率先 先后 纷纷,相继 纷纷 陆续 先后 竞相 争先恐后 率先
317,2,0.5674420020248463,0.3099105585389214,0.0,争气 争光,争气 争光,争气 争光,争气 争光
318,27,0.4423619548128162,0.06313538440048173,0.2962962962962963,尽力 竭力 全力 竭尽全力 千方百计 极力 想方设法 努力 全力以赴 设法 着力 力求,着力 大肆 切实 拼命 致力于 尽可能 奋力 抓紧,争分夺秒 致力于 着力 全力 大力 加紧 积极 千方百计 切实 极力 尽力 竭尽全力,尽力 竭力 全力 竭尽全力 千方百计 极力 想方设法 努力 全力以赴 设法 着力 力求 大力 力争 积极 奋力 拼命 加紧 试图 尽量 致力于 尽可能 抓紧 争取 切实 争分夺秒 大肆
319,16,0.4519801879880449,0.03700240306186427,0.375,争执 争吵 冲突 矛盾 争论 争端 激化 对立 分歧 对峙 争议 隔阂,争议 纠缠 闹 战争 隔阂 冷战 对峙 对立,对峙 激化 对立 冲突 争执 争端 冷战 闹 纠缠 隔阂 争吵 战争,争执 争吵 冲突 矛盾 争论 争端 激化 对立 分歧 对峙 争议 隔阂 战争 纠缠 冷战 闹
320,8,0.49010191462144764,0.14679721655785533,0.0,较量 角逐 争夺 交锋 激烈 竞争 比试 对弈,对弈 竞争 比试 激烈 交锋 较量 争夺 角逐,激烈 对弈 角逐 交锋 较量 竞争 争夺 比试,较量 角逐 争夺 交锋 激烈 竞争 比试 对弈
321,12,0.4616552753202872,0.05712435174408204,0.4166666666666667,事 事情 大事 私事 好事 公事 坏事 喜事 心事 件 此事 有事,此事 件 心事 有事 公事 喜事 私事 大事,事情 件 事 心事 有事 大事 好事 私事 此事 喜事 坏事 公事,事 事情 大事 私事 好事 公事 坏事 喜事 心事 件 此事 有事
322,1,,0.0,0.0,事业,事业,事业,事业
323,4,0.56189643726171,0.2813594785959846,0.0,提前 预先 事先 提早,提早 事先 预先 提前,事先 提早 提前 预先,提前 预先 事先 提早
324,1,,0.0,0.0,事务,事务,事务,事务
325,5,0.35873983251268543,-0.05800722623736885,0.8,出具 事务所 会计 财务 出示,出示 财务 出具 事务所 会计,会计 事务所 财务 出具 出示,出具 事务所 会计 财务 出示
326,1,,0.0,0.0,事后,事后,事后,事后
327,13,0.43526789549546624,0.06491158270133071,0.3076923076923077,商讨 磋商 协商 洽谈 谈判 商量 交涉 沟通 讨价还价 事宜 筹备 筹划,事宜 筹备 沟通 讨价还价 筹划 酝酿 交涉 商量,事宜 磋商 酝酿 谈判 洽谈 交涉 沟通 讨价还价 协商 商量 商讨 筹备,商讨 磋商 协商 洽谈 谈判 商量 交涉 沟通 讨价还价 事宜 筹备 筹划 酝酿
328,11,0.42913548914154687,0.05698715303636745,0.36363636363636365,看法 观点 见解 说法 结论 立场 态度 意见 理由 学说 事实,意见 学说 事实 理由 态度 立场 结论 说法,看法 事实 立场 观点 态度 说法 结论 理由 意见 见解 学说,看法 观点 见解 说法 结论 立场 态度 意见 理由 学说 事实
329,12,0.40714865991094856,0.023697387952650476,0.4166666666666667,楷模 榜样 表率 模范 典范 事迹 先锋 写照 以身作则 缩影 带头 英雄,英雄 带头 缩影 先锋 以身作则 写照 事迹 典范,带头 写照 事迹 榜样 先锋 英雄 楷模 以身作则 典范 缩影 模范 表率,楷模 榜样 表率 模范 典范 事迹 先锋 写照 以身作则 缩影 带头 英雄
330,5,0.3976720689526689,-0.023192162003458423,0.4,重大 划时代 里程碑 深远 事项,事项 深远 里程碑 划时代 重大,重大 里程碑 事项 划时代 深远,重大 划时代 里程碑 深远 事项
331,3,0.4876071102103401,0.19759592690397862,0.0,二手车 二手 瓜子,瓜子 二手 二手车,二手 二手车 瓜子,二手车 二手 瓜子
332,10,0.44312287604659123,0.06882607132360084,0.3,气体 氧气 空气 二氧化碳 液体 气泡 氧 浮力 温室 混浊,混浊 氧 温室 浮力 二氧化碳 液体 空气 气泡,气体 氧气 气泡 氧 空气 浮力 温室 液体 二氧化碳 混浊,气体 氧气 空气 二氧化碳 液体 气泡 氧 浮力 温室 混浊
333,4,0.5405824537604033,0.25971694325830486,0.0,二维码 扫 扫描 码,码 扫 扫描 二维码,二维码 码 扫 扫描,二维码 扫 扫描 码
334,5,0.42218240661331735,0.07897928212938071,0.2,到 在 至 放到 于,放到 于 至 在 到,到 在 于 放到 至,到 在 至 放到 于
335,7,0.48672117378316815,0.1403051353166088,0.14285714285714285,赔钱 亏 亏本 赚 亏损 赔 吃亏,吃亏 赔 赚 亏损 亏 亏本 赔钱,亏 赔 赚 亏本 亏损 赔钱 吃亏,赔钱 亏 亏本 赚 亏损 赔 吃亏
336,1,,0.0,0.0,云,云,云,云
337,5,0.3747176428319786,-0.025907234773688483,0.4,互信 双赢 共识 造福 互助,互助 造福 互信 双赢 共识,互助 互信 双赢 共识 造福,互信 双赢 共识 造福 互助
338,4,0.3282571620116516,-0.08049335144243269,0.5,良性 恶性 恶意 互动,互动 恶意 恶性 良性,互动 良性 恶意 恶性,良性 恶性 恶意 互动
339,6,0.50738316258897,0.19286945905235742,0.0,相互 互相 彼此 互补 相辅相成 交叉,相辅相成 交叉 互补 彼此 互相 相互,互相 彼此 交叉 相辅相成 相互 互补,相互 互相 彼此 互补 相辅相成 交叉
340,5,0.4746685372020357,0.08479232308422048,0.2,智能 人工智能 机器人 智慧 互联网,互联网 智慧 机器人 人工智能 智能,人工智能 智能 智慧 机器人 互联网,智能 人工智能 机器人 智慧 互联网
341,30,0.39791699029135497,0.006353949563691821,0.43333333333333335,会见 拜访 拜会 会面 接见 参观 交谈 视察 访问 座谈 会晤 会谈,观察 互访 访谈 对话 见面 谈话 察看 面对面,看望 参观 实地 拜会 探望 会面 会谈 会见 交谈 座谈 察看 出访,会见 拜访 拜会 会面 接见 参观 交谈 视察 访问 座谈 会晤 会谈 看望 谈话 探望 考察 来访 观摩 访谈 拜见 见面 出访 听取 实地 互访 察看 观看 对话 面对面 观察
342,27,0.46585103929674276,0.08191915507687762,0.3333333333333333,餐厅 饭店 餐馆 饭馆 旅馆 宾馆 酒楼 酒吧 旅店 酒店 舞厅 客房,厨师 五星级 游泳池 温泉 服务员 桑拿 夜市 网吧,旅馆 网吧 桑拿 饭店 旅店 五星级 食堂 电影院 游泳池 舞厅 服务员 宾馆,餐厅 饭店 餐馆 饭馆 旅馆 宾馆 酒楼 酒吧 旅店 酒店 舞厅 客房 夜总会 餐饮 用餐 就餐 食堂 网吧 电影院 住宿 五星级 服务员 游泳池 桑拿 温泉 厨师 夜市
343,25,0.44177343404015906,0.07969362061345617,0.24,白色 蓝色 黄色 红色 灰色 黑色 紫 蓝 色 颜色 黑 白,绿色 荧光 青 橘子 白 五颜六色 彩色 灰,黄色 紫 红 绿 灰 白 黑色 红色 朱红 蓝色 黄 黑,白色 蓝色 黄色 红色 灰色 黑色 紫 蓝 色 颜色 黑 白 灰 绿 红 黄 朱红 斑点 橘子 彩色 黑白 五颜六色 荧光 绿色 青
344,15,0.4358260488030821,-0.004583738526081987,0.6,河 坝 堤 湖 沟 水库 桥 堤坝 江 闸 运河 岸,江 洞 闸 沟 堤坝 岸 水库 桥,运河 坝 堤 岸 井 湖 江 泉 沟 河 洞 桥,河 坝 堤 湖 沟 水库 桥 堤坝 江 闸 运河 岸 泉 井 洞
345,5,0.456908737986199,0.12669685019490673,0.2,弥补 补救 填补 挽回 亡羊补牢,亡羊补牢 挽回 补救 填补 弥补,补救 挽回 弥补 填补 亡羊补牢,弥补 补救 填补 挽回 亡羊补牢
346,5,0.40701166438687864,0.037698818974081914,0.4,移交 交接 交付 交 过渡,交 过渡 移交 交付 交接,交 移交 交付 交接 过渡,移交 交接 交付 交 过渡
347,2,0.5207423051895262,0.21849613210911256,0.0,交代 坦白,坦白 交代,坦白 交代,交代 坦白
348,8,0.4269823153111523,0.02784234076915314,0.375,往来 来往 交往 交流 出入 联络 进出 经贸,经贸 交往 交流 联络 进出 出入 往来 来往,往来 联络 进出 经贸 交往 交流 出入 来往,往来 来往 交往 交流 出入 联络 进出 经贸
349,22,0.4444422183155135,0.02459161680369678,0.3181818181818182,情谊 感情 亲情 恩情 友情 情感 情 情怀 真情 深情 爱情 思念,友谊 怨 思念 人情 情怀 交情 牵挂 恩怨,情谊 牵挂 爱情 仇 真情 怨 情 人情 思念 交情 仇恨 缘分,情谊 感情 亲情 恩情 友情 情感 情 情怀 真情 深情 爱情 思念 恩怨 缘分 情结 交情 牵挂 仇恨 友谊 人情 怨 仇
350,5,0.43787721775454447,0.0889195929769566,0.2,转换 转变 转化 转型 交换,交换 转型 转化 转变 转换,交换 转换 转化 转变 转型,转换 转变 转化 转型 交换
351,3,0.558631134038347,0.26986509874852355,0.0,轮换 轮流 交替,交替 轮流 轮换,轮换 轮流 交替,轮换 轮流 交替
352,8,0.4632457497223267,0.08443316279573712,0.25,老朋友 好友 知己 友人 熟人 仇人 盟友 交朋友,盟友 交朋友 仇人 熟人 友人 知己 老朋友 好友,交朋友 盟友 老朋友 知己 仇人 好友 友人 熟人,老朋友 好友 知己 友人 熟人 仇人 盟友 交朋友
353,5,0.4621922463359761,0.10067939532177653,0.0,边界 边境 交界 地带 边缘,边境 边缘 地带 交界 边界,边界 边缘 边境 地带 交界,边界 边境 交界 地带 边缘
354,21,0.4122898391322537,0.0032310288489459686,0.47619047619047616,缴纳 交纳 收取 征收 缴费 减免 收费 缴 纳税 交费 税收 手续费,减免 征收 税务 付费 税 押金 付 支付,征收 付 缴费 税 缴 手续费 纳税人 缴纳 交费 付费 纳税 收取,缴纳 交纳 收取 征收 缴费 减免 收费 缴 纳税 交费 税收 手续费 管理费 支付 费 税 押金 纳税人 付 税务 付费
355,13,0.46052412924418856,0.0952332843051781,0.07692307692307693,送给 送 递给 捎 转交 交给 递 赠 寄 赠送 送到 给,献 给 赠送 转交 送到 递 赠 寄,寄 给 献 捎 送给 送到 递给 赠送 交给 送 递 赠,送给 送 递给 捎 转交 交给 递 赠 寄 赠送 送到 给 献
356,16,0.4358714101412986,0.042649234573078496,0.3125,公安 警察 交警 民警 消防 治安 公安局 巡逻 警官 执法 检察 保安,巡逻 报警 卫生 保安 防疫 公安局 警官 破案,巡逻 检察 公安局 交警 防疫 执法 保安 民警 破案 消防 治安 报警,公安 警察 交警 民警 消防 治安 公安局 巡逻 警官 执法 检察 保安 报警 破案 防疫 卫生
357,9,0.5004364160869752,0.17912241952941643,0.0,高速公路 铁路 公路 高铁 通车 隧道 高速 线路 交通,线路 交通 通车 高铁 高速 隧道 公路 铁路,高速公路 通车 隧道 交通 铁路 公路 线路 高速 高铁,高速公路 铁路 公路 高铁 通车 隧道 高速 线路 交通
358,1,,0.0,0.0,交集,交集,交集,交集
359,3,0.39174100683360497,0.023744395749903318,0.6666666666666666,产 销 产地,销 产地 产,产 销 产地,产 销 产地
360,5,0.4507092750409679,0.07062802828299788,0.0,型号 产品 规格 品种 性能,产品 性能 规格 品种 型号,性能 品种 型号 规格 产品,型号 产品 规格 品种 性能
361,6,0.4540263873026754,0.08704563725938193,0.16666666666666666,结晶 凝固 溶解 沉淀 浓缩 产物,沉淀 产物 浓缩 溶解 凝固 结晶,沉淀 溶解 产物 结晶 凝固 浓缩,结晶 凝固 溶解 沉淀 浓缩 产物
362,11,0.4201901652073275,0.015480674470965102,0.36363636363636365,造成 引发 产生 引起 诱发 形成 构成 带来 发生 致 组成,带来 致 组成 发生 引起 形成 产生 引发,引起 诱发 组成 发生 致 产生 形成 造成 引发 构成 带来,造成 引发 产生 引起 诱发 形成 构成 带来 发生 致 组成
363,18,0.44657344436331026,0.05510331216901357,0.2222222222222222,公斤 千克 斤 公顷 亩 磅 米 吨 厘米 立方米 平方米 公里,平方米 桶 立方米 毫米 寸 公顷 吨 克,克 吨 寸 尺 亩 磅 米 斤 桶 平方米 公顷 公里,公斤 千克 斤 公顷 亩 磅 米 吨 厘米 立方米 平方米 公里 毫米 尺 毫升 克 寸 桶
364,3,0.4765217341100397,0.17082107936710902,0.0,享受 享 受益,受益 享 享受,享 享受 受益,享受 享 受益
365,8,0.4871098695843103,0.11212850322599378,0.125,具有 拥有 有着 有 具备 带有 享有 还有,享有 带有 还有 有 具备 具有 有着 拥有,有 拥有 有着 还有 享有 具备 具有 带有,具有 拥有 有着 有 具备 带有 享有 还有
366,15,0.44190309541571665,0.04134530624054019,0.4,光芒 耀眼 灿烂 照耀 闪烁 光彩 光辉 明亮 绽放 辉煌 发光 阳光,阳光 亮 火花 发光 辉煌 光环 闪烁 明亮,阳光 光环 耀眼 亮 光彩 闪烁 光芒 光辉 火花 明亮 灿烂 发光,光芒 耀眼 灿烂 照耀 闪烁 光彩 光辉 明亮 绽放 辉煌 发光 阳光 亮 火花 光环
367,60,0.4237214246539971,-0.02391066120705527,0.6333333333333333,优美 艳丽 优雅 别致 精致 古朴 质朴 迷人 细腻 韵味 简洁 高雅,时髦 高贵 浓郁 线条 沉稳 简洁 新颖 精妙,情调 欢快 质朴 流畅 含蓄 优雅 诱人 简洁 俊俏 漂亮 优美 得体,优美 艳丽 优雅 别致 精致 古朴 质朴 迷人 细腻 韵味 简洁 高雅 甜美 文雅 柔和 俊俏 美妙 动人 华丽 美丽 秀丽 明媚 鲜艳 含蓄 精美 潇洒 清新 得体 流畅 秀美 醇厚 新颖 活泼 漂亮 工整 动感 晶莹 浓郁 朴素 亮丽 高贵 欢快 美观 沉稳 浪漫 酣畅 精妙 引人入胜 硬朗 逼真 生动 线条 缤纷 情调 灵巧 整洁 色彩 时髦 诱人 精彩
368,23,0.4461978802676706,0.027699805326148214,0.43478260869565216,缺点 弱点 优点 弊端 弊病 长处 短处 缺陷 毛病 特点 好处 难点,强项 疑点 难点 特点 问题 好处 症结 难处,劣势 亮点 优点 优势 症结 漏洞 弱点 问题 毛病 好处 弊端 弊病,缺点 弱点 优点 弊端 弊病 长处 短处 缺陷 毛病 特点 好处 难点 坏处 难处 劣势 症结 优势 亮点 问题 漏洞 疑点 隐患 强项
369,3,0.5201214375780244,0.22978070576919205,0.0,亮相 露面 曝光,曝光 露面 亮相,亮相 露面 曝光,亮相 露面 曝光
370,9,0.40474226148688985,0.008261025690281207,0.4444444444444444,亲密 亲近 密切 紧密 联系 关系 接触 亲 亲爱,亲爱 接触 关系 紧密 联系 亲 亲近 亲密,密切 紧密 联系 亲 关系 亲近 亲爱 亲密 接触,亲密 亲近 密切 紧密 联系 关系 接触 亲 亲爱
371,8,0.43968234418468743,0.05584994241560038,0.25,活力 生机 蓬勃 焕发 朝气蓬勃 欣欣向荣 感染力 亲和力,欣欣向荣 亲和力 感染力 蓬勃 朝气蓬勃 焕发 生机 活力,蓬勃 亲和力 朝气蓬勃 焕发 生机 感染力 活力 欣欣向荣,活力 生机 蓬勃 焕发 朝气蓬勃 欣欣向荣 感染力 亲和力
372,7,0.4471064248589026,0.09666594888956827,0.2857142857142857,亲身 亲眼 亲自 亲手 见证 耳闻目睹 领略,亲手 领略 亲自 耳闻目睹 见证 亲眼 亲身,耳闻目睹 亲身 亲自 领略 见证 亲眼 亲手,亲身 亲眼 亲自 亲手 见证 耳闻目睹 领略
373,17,0.4666750342430314,0.11378982312257177,0.17647058823529413,女生 男生 女性 女 男 男性 美女 男士 女子 少女 男女 男子,人 妇女 美人 异性 帅哥 少女 男士 美女,女 人 男 帅哥 异性 男生 美人 男性 妇女 男士 男女 男子,女生 男生 女性 女 男 男性 美女 男士 女子 少女 男女 男子 帅哥 妇女 异性 人 美人
374,5,0.33568503633472296,-0.07029526464508293,0.8,人力 人手 人事 用人 手头,手头 人力 人事 用人 人手,人手 人力 用人 人事 手头,人力 人手 人事 用人 手头
375,17,0.41313578041133425,-0.018047361851585224,0.6470588235294118,他们 大家 大伙儿 别人 我们 人们 它们 们 朋友们 诸位 您 自己,对方 各位 别人 人们 自己 它 您 诸位,朋友们 它 对方 们 您 别人 我们 他人 他们 人们 大家 大伙儿,他们 大家 大伙儿 别人 我们 人们 它们 们 朋友们 诸位 您 自己 各位 它 众人 他人 对方
376,13,0.4784666163610993,0.09307736573162403,0.23076923076923078,蛋白质 脂肪 钙 富含 营养 热量 含量 膳食 维生素 纤维 水分 人体,纤维 富含 人体 新陈代谢 营养 维生素 水分 膳食,新陈代谢 脂肪 含量 营养 人体 维生素 钙 水分 热量 富含 膳食 蛋白质,蛋白质 脂肪 钙 富含 营养 热量 含量 膳食 维生素 纤维 水分 人体 新陈代谢
377,3,0.487306029202574,0.1140585763202754,0.0,劳动力 人口 劳动,人口 劳动 劳动力,人口 劳动 劳动力,劳动力 人口 劳动
378,15,0.431626138927296,0.01328116944337254,0.4666666666666667,职员 职工 员工 工人 雇员 教师 干部 人员 民工 公务员 师生 工程师,官员 工会 干部 工程师 人员 师生 公务员 民工,人员 员工 工程师 官员 干部 公务员 师生 民工 雇主 雇员 教师 工会,职员 职工 员工 工人 雇员 教师 干部 人员 民工 公务员 师生 工程师 工会 雇主 官员
379,25,0.42713711976568464,0.010452049230365688,0.48,品德 素养 修养 人品 天赋 才华 素质 天分 气质 人格 品行 功底,品质 性格 气质 美德 功力 基本功 道德 天才,功力 功底 品德 人格 审美 才华 人品 阅历 能力 基本功 美德 素养,品德 素养 修养 人品 天赋 才华 素质 天分 气质 人格 品行 功底 教养 性格 口才 功力 智商 审美 阅历 道德 基本功 能力 品质 美德 天才
380,1,,0.0,0.0,人均,人均,人均,人均
381,8,0.3767072726618891,-0.005074911432208173,0.75,天然 先天 天生 自然 大自然 人造 人工 后天,人工 人造 后天 天生 先天 大自然 自然 天然,人工 后天 人造 天然 天生 自然 先天 大自然,天然 先天 天生 自然 大自然 人造 人工 后天
382,4,0.4151482464197773,0.08938097190063418,0.25,人才 带头人 骨干 成才,成才 骨干 人才 带头人,带头人 骨干 人才 成才,人才 带头人 骨干 成才
383,15,0.4805419379626166,0.15024855299052137,0.06666666666666667,数量 总数 总量 数目 数额 人数 比例 比重 金额 占 总额 规模,百分比 次数 量 数额 人数 规模 金额 比重,数目 占 次数 人数 总数 百分比 总额 总量 规模 量 比例 数额,数量 总数 总量 数目 数额 人数 比例 比重 金额 占 总额 规模 量 次数 百分比
384,4,0.4375979522953499,0.08390201100073852,0.0,文化 人文 文明 软实力,软实力 文明 文化 人文,人文 文明 软实力 文化,文化 人文 文明 软实力
385,9,0.46079439128299576,0.06915116559464086,0.3333333333333333,公正 公平 公道 正义 平等 人道 民主 人权 透明,透明 民主 正义 人权 人道 公道 平等 公正,平等 人权 透明 人道 公道 民主 公平 公正 正义,公正 公平 公道 正义 平等 人道 民主 人权 透明
386,11,0.41995034036462964,0.013718318069499602,0.36363636363636365,售票 退票 机票 票价 旅客 门票 客流 行李 票 安检 人次,票 人次 行李 门票 客流 售票 安检 票价,旅客 票 人次 行李 客流 退票 安检 票价 售票 门票 机票,售票 退票 机票 票价 旅客 门票 客流 行李 票 安检 人次
387,11,0.46398068515946306,0.10089623319772362,0.09090909090909091,汇率 人民币 贬值 升值 美元 外币 英镑 外汇 兑换 货币 美金,美金 货币 兑换 外汇 外币 美元 升值 英镑,汇率 货币 升值 英镑 美元 美金 贬值 外汇 外币 人民币 兑换,汇率 人民币 贬值 升值 美元 外币 英镑 外汇 兑换 货币 美金
388,15,0.4646041849699486,0.08083180359860118,0.26666666666666666,声望 声誉 名气 名声 知名度 影响力 威信 信誉 实力 口碑 地位 资历,信誉 口碑 显赫 威信 地位 名誉 人气 资历,实力 知名度 人气 显赫 资历 影响力 名誉 地位 声誉 口碑 威信 信誉,声望 声誉 名气 名声 知名度 影响力 威信 信誉 实力 口碑 地位 资历 人气 显赫 名誉
389,8,0.357520542268801,-0.02681138338913587,0.75,童年 人生 青春期 从小 长大 青春 早年 人间,人间 人生 早年 青春期 青春 长大 从小 童年,青春期 人生 童年 人间 从小 青春 早年 长大,童年 人生 青春期 从小 长大 青春 早年 人间
390,16,0.41988100236918796,-0.008823549879199491,0.6875,飞船 太空 月球 宇航员 地球 宇宙 卫星 发射 嫦娥 航天员 航天 火箭,自然界 地球 飞船 航天 人类 航天员 外星人 月球,外星人 航天 嫦娥 人类 月球 发射 自然界 航天员 宇宙 地球 飞船 火箭,飞船 太空 月球 宇航员 地球 宇宙 卫星 发射 嫦娥 航天员 航天 火箭 人类 外星人 轨道 自然界
391,26,0.4372209024198191,0.04640020517457065,0.3076923076923077,转弯 路口 车道 行驶 拐弯 车速 路段 路面 堵车 人行道 马路 刹车,方向盘 刹车 道路 人行道 立交桥 绕行 路段 急转弯,绕行 红灯 方向盘 绿灯 道路 车道 车速 超车 行人 超速 人行道 减速,转弯 路口 车道 行驶 拐弯 车速 路段 路面 堵车 人行道 马路 刹车 路况 超车 红灯 十字路口 行人 超速 倒车 急转弯 绿灯 绕行 立交桥 道路 减速 方向盘
392,33,0.4369218638763734,0.0007361583731052548,0.42424242424242425,杀害 逮捕 谋害 暗杀 被捕 抢劫 开枪 屠杀 逃走 劫持 凶手 逃跑,罪犯 同伙 扣押 哗变 报仇 斩草除根 俘虏 杀,暗杀 拘留 枪毙 谋害 殴打 杀 开枪 挟持 逃跑 逃走 斩草除根 同伙,杀害 逮捕 谋害 暗杀 被捕 抢劫 开枪 屠杀 逃走 劫持 凶手 逃跑 绑架 挟持 殴打 枪毙 人质 杀 逃亡 歹徒 扣留 俘虏 袭击 罪犯 拘留 通缉 搜查 扣押 自杀 同伙 报仇 哗变 斩草除根
393,3,0.4786310360807726,0.14028398075029078,0.0,身上 人身 手里,手里 人身 身上,人身 手里 身上,身上 人身 手里
394,9,0.4571649487642302,0.08749261575057835,0.1111111111111111,只是 仅仅 只能 只有 只 而已 仅 罢了 只管,只管 仅 罢了 仅仅 只能 只有 只 而已,只 仅 罢了 只管 只是 只有 而已 只能 仅仅,只是 仅仅 只能 只有 只 而已 仅 罢了 只管
395,5,0.3891595150042245,0.0073015119938432006,0.6,当之无愧 仅次于 并列 相提并论 公认,公认 相提并论 当之无愧 并列 仅次于,并列 公认 当之无愧 相提并论 仅次于,当之无愧 仅次于 并列 相提并论 公认
396,14,0.43565963293630655,0.08172188224696099,0.14285714285714285,今年 去年 前年 明年 年底 全年 年 来年 往年 后年 年度 同年,同期 年底 往年 后年 明年 年度 年终 同年,年 年底 年度 往年 年终 明年 同年 后年 同期 全年 去年 今年,今年 去年 前年 明年 年底 全年 年 来年 往年 后年 年度 同年 年终 同期
397,23,0.4316350033213332,0.043820315377781784,0.391304347826087,阐述 叙述 描绘 描述 讲述 概括 表述 论述 描写 解释 讲解 列举,归纳 篇幅 解读 绘声绘色 揭示 展示 形容 陈述,叙述 概括 展示 揭示 勾画 描述 讲述 讲解 论述 篇幅 绘声绘色 介绍,阐述 叙述 描绘 描述 讲述 概括 表述 论述 描写 解释 讲解 列举 揭示 勾画 表达 介绍 归纳 展示 陈述 解读 形容 绘声绘色 篇幅
398,5,0.4333549615717368,0.11543120444563822,0.0,自 从 自从 继 由,由 从 继 自从 自,从 继 由 自 自从,自 从 自从 继 由
399,3,0.3906527934950474,0.052956414145598485,0.3333333333333333,从业 从事 资格,资格 从事 从业,资格 从事 从业,从业 从事 资格
400,1,,0.0,0.0,从今以后,从今以后,从今以后,从今以后
401,2,0.4515135438746234,0.10103210709212022,0.0,从头 遍,遍 从头,从头 遍,从头 遍
402,10,0.4507101226179922,0.09823391745215047,0.2,从容 从容不迫 镇定 沉着 坦然 冷静 胸有成竹 自如 怡然自得 克制,克制 怡然自得 胸有成竹 自如 冷静 坦然 从容不迫 镇定,坦然 镇定 胸有成竹 克制 冷静 沉着 从容 怡然自得 自如 从容不迫,从容 从容不迫 镇定 沉着 坦然 冷静 胸有成竹 自如 怡然自得 克制
403,12,0.5141776333268578,0.18351267291473436,0.16666666666666666,那时 那时候 这时候 此时 这时 当时 时候 此刻 那会儿 时 当年 从此,从此 当年 时 时候 此刻 那会儿 当时 这时,时候 那时候 那会儿 时 那时 从此 这时 当年 当时 这时候 此刻 此时,那时 那时候 这时候 此时 这时 当时 时候 此刻 那会儿 时 当年 从此
404,18,0.4636592574565067,0.11943986748311725,0.2777777777777778,致使 使得 使 以致 导致 促使 迫使 从而 因而 进而 令 让,以至于 故 促成 加上 因 以免 因而 导致,因 令 使 以免 故 促使 使得 促成 迫使 加上 致使 让,致使 使得 使 以致 导致 促使 迫使 从而 因而 进而 令 让 以至于 以免 故 加上 促成 因
405,12,0.4038360236650509,0.02095161360662852,0.5,储存 贮藏 存放 保管 保存 保鲜 冷冻 保质期 常温 仓库 销毁 妥善,妥善 销毁 保质期 仓库 常温 保存 冷冻 存放,妥善 保鲜 贮藏 仓库 保管 保存 冷冻 存放 储存 销毁 常温 保质期,储存 贮藏 存放 保管 保存 保鲜 冷冻 保质期 常温 仓库 销毁 妥善
406,14,0.42540555170548255,0.04374050548568546,0.35714285714285715,细心 细致 仔细 用心 精心 认真 周密 精细 周到 耐心 慎重 好好,细 耐心 好好 别具匠心 周密 慎重 周到 用心,周密 周到 细心 细 细致 用心 慎重 耐心 别具匠心 好好 精细 认真,细心 细致 仔细 用心 精心 认真 周密 精细 周到 耐心 慎重 好好 别具匠心 细
407,15,0.4092965187562247,-0.05588927291822694,0.6,耗费 花费 消耗 节省 浪费 节约 付出 耗 投入 成本 精力 花,付出 造价 精力 浪费 能耗 心血 花 节约,耗费 付出 花费 成本 耗 花 消耗 能耗 造价 投入 心血 节省,耗费 花费 消耗 节省 浪费 节约 付出 耗 投入 成本 精力 花 能耗 心血 造价
408,11,0.45699012621234647,0.07516712135611031,0.18181818181818182,鬼 妖怪 神仙 巫婆 阎王 魔鬼 仙女 疯子 神 小丑 地狱,疯子 地狱 小丑 神 仙女 魔鬼 阎王 巫婆,疯子 神 阎王 小丑 鬼 地狱 魔鬼 巫婆 神仙 妖怪 仙女,鬼 妖怪 神仙 巫婆 阎王 魔鬼 仙女 疯子 神 小丑 地狱
409,46,0.4384529255337267,0.03466027342830403,0.32608695652173914,蛇 狗 猫 鹅 鸭子 青蛙 鸽子 公鸡 鸟 鸡 狮子 母鸡,恐龙 大雁 怪物 燕子 仙鹤 虎 猪 牛,仙鹤 兔 羊 熊 猴 猪 猫 狼 狗 牛 狮子 猩猩,蛇 狗 猫 鹅 鸭子 青蛙 鸽子 公鸡 鸟 鸡 狮子 母鸡 兔 猴 羊 鳄鱼 狼 虫子 龟 鼠 鱼 鹿 猩猩 动物 天鹅 蜜蜂 大象 蚊子 鲨鱼 野兽 猪 大雁 豹 苍蝇 燕子 仙鹤 鹰 猎犬 虎 家禽 昆虫 蛋 恐龙 怪物 熊 牛
410,2,0.5052978903123503,0.1718670759658906,0.0,代价 牺牲,代价 牺牲,代价 牺牲,代价 牺牲
411,12,0.44819063432591855,0.11264790091125032,0.08333333333333333,名字 称呼 绰号 外号 地名 名称 姓氏 命名 姓 姓名 代号 叫,姓名 叫 名称 姓氏 代号 地名 姓 命名,叫 姓 地名 姓氏 姓名 称呼 代号 命名 外号 名称 绰号 名字,名字 称呼 绰号 外号 地名 名称 姓氏 命名 姓 姓名 代号 叫
412,10,0.4180160217161559,0.06855905538276873,0.3,替换 取代 代替 替代 更换 换成 换 变换 取而代之 颠倒,颠倒 变换 取而代之 换 换成 更换 替代 代替,换 替换 替代 颠倒 更换 换成 代替 取而代之 变换 取代,替换 取代 代替 替代 更换 换成 换 变换 取而代之 颠倒
413,3,0.5248832518447845,0.21399924484251362,0.0,代理 委托 代理人,代理人 委托 代理,代理人 委托 代理,代理 委托 代理人
414,1,,0.0,0.0,代言人,代言人,代言人,代言人
415,3,0.45732678537263904,0.07551487399710985,0.6666666666666666,以下 以上 如下,如下 以上 以下,以下 以上 如下,以下 以上 如下
416,22,0.43043980510485647,0.05890875803614322,0.3181818181818182,认为 声称 表示 宣称 坚信 指出 确信 承认 深信 强调 断定 否认,以为 显示 认定 证实 承认 确认 断定 宣布,坚信 重申 以为 确信 否认 断定 宣称 确认 宣布 深信 相信 获悉,认为 声称 表示 宣称 坚信 指出 确信 承认 深信 强调 断定 否认 重申 证实 透露 相信 宣布 确认 认定 获悉 显示 以为
417,13,0.47234989044944187,0.12679594778089814,0.15384615384615385,能够 能 可以 才能 难以 无法 得以 能否 足以 可 以便 有望,即可 难以 以便 有望 无法 足以 能否 得以,可 得以 无法 以便 有望 可以 能够 能否 足以 即可 能 才能,能够 能 可以 才能 难以 无法 得以 能否 足以 可 以便 有望 即可
418,7,0.429082118634412,0.04857533536696544,0.42857142857142855,及 以及 及其 和 等 在内 其,其 等 在内 和 及其 以及 及,其 及 和 等 以及 及其 在内,及 以及 及其 和 等 在内 其
419,12,0.43020320556461267,0.038060118593492835,0.3333333333333333,观测 测量 探测 测定 仪器 监测 测 预报 天文 望远镜 气象 温度计,仪器 气象 监测 望远镜 天文 温度计 测 预报,探测 测 测量 仪器 温度计 测定 观测 天文 预报 望远镜 气象 监测,观测 测量 探测 测定 仪器 监测 测 预报 天文 望远镜 气象 温度计
420,1,,0.0,0.0,仪表,仪表,仪表,仪表
421,14,0.3778289203864542,-0.04158959392582144,0.7142857142857143,仰 站立 卧 坐 倚 跪 拄 撑 俯首 站 垂 歇,站台 窝 撑 歇 坐 垂 俯首 站立,俯首 倚 卧 坐 垂 仰 窝 站 撑 拄 歇 站立,仰 站立 卧 坐 倚 跪 拄 撑 俯首 站 垂 歇 窝 站台
422,17,0.4350493246096983,0.03658349076870748,0.35294117647058826,降价 价格 特价 打折 低价 折扣 售价 促销 价 优惠 价位 价钱,价钱 低价 促销 高价 折 性价比 价位 定价,价 优惠 涨价 折 性价比 价钱 定价 折扣 价位 降价 价格 促销,降价 价格 特价 打折 低价 折扣 售价 促销 价 优惠 价位 价钱 涨价 高价 定价 性价比 折
423,2,0.4806304568922469,0.14243404550672562,0.0,增值 价值,价值 增值,增值 价值,增值 价值
424,14,0.41732666089088527,0.01368372476218392,0.5,思维 观念 意识 思想 理念 头脑 价值观 认知 心态 思路 脑筋 作风,思路 作风 脑筋 常识 大脑 心态 认知 理念,心态 思想 思维 头脑 思路 大脑 观念 理念 意识 常识 价值观 认知,思维 观念 意识 思想 理念 头脑 价值观 认知 心态 思路 脑筋 作风 大脑 常识
425,8,0.4300860607041144,0.06391054047374777,0.125,忍饥挨饿 受苦 饥饿 吃不上 挨打 折磨 无家可归 任人宰割,挨打 无家可归 吃不上 任人宰割 折磨 受苦 饥饿 忍饥挨饿,忍饥挨饿 无家可归 折磨 吃不上 受苦 挨打 任人宰割 饥饿,忍饥挨饿 受苦 饥饿 吃不上 挨打 折磨 无家可归 任人宰割
426,6,0.4023180571687434,0.014262068699854295,0.5,别的 的 似的 的话 任何 其他,其他 任何 似的 的 的话 别的,似的 的 别的 任何 其他 的话,别的 的 似的 的话 任何 其他
427,10,0.43273012863136967,0.040434042059445445,0.5,随便 随意 随手 随心所欲 顺手 随时随地 任意 顺便 随身 自由,自由 随身 顺手 任意 顺便 随心所欲 随时随地 随意,顺手 顺便 随时随地 任意 随身 随心所欲 自由 随手 随意 随便,随便 随意 随手 随心所欲 顺手 随时随地 任意 顺便 随身 自由
428,1,,0.0,0.0,份,份,份,份
429,2,0.49308608509559526,0.17304142400220995,0.0,份额 基金,基金 份额,份额 基金,份额 基金
430,4,0.5254327538547182,0.22922806864957065,0.0,仿 模仿 仿制 效仿,仿制 效仿 模仿 仿,仿 效仿 模仿 仿制,仿 模仿 仿制 效仿
431,9,0.459102743398594,0.05030446511630986,0.3333333333333333,工厂 厂 厂家 厂商 企业 生产 车间 出厂 工业,厂商 工业 出厂 生产 企业 车间 厂家 工厂,厂 车间 企业 生产 出厂 工业 厂家 厂商 工厂,工厂 厂 厂家 厂商 企业 生产 车间 出厂 工业
432,31,0.43322427586977963,0.024111543898996994,0.45161290322580644,讹诈 恐吓 欺骗 侮辱 迫害 挑衅 诽谤 欺负 骚扰 掠夺 敲诈 煽动,吓唬 无理 歧视 背叛 掠夺 反抗 欺骗 剥削,背叛 虐待 无理 捣乱 吓唬 掠夺 敲诈 攻击 迫害 收买 勾结 欺骗,讹诈 恐吓 欺骗 侮辱 迫害 挑衅 诽谤 欺负 骚扰 掠夺 敲诈 煽动 刁难 剥削 虐待 阴谋 吓唬 侵略 报复 阻挠 压迫 捣乱 勾结 反抗 无理 背叛 歧视 企图 拉拢 收买 攻击
433,16,0.44467762559855617,0.05012881287262275,0.3125,宗教 佛教 儒学 基督教 儒家 道教 伊斯兰教 哲学 信仰 天主教 伦理 国学,政治 儒家 启蒙 茶道 国学 穆斯林 信仰 天主教,茶道 启蒙 宗教 伦理 穆斯林 天主教 哲学 国学 儒学 儒家 基督教 伊斯兰教,宗教 佛教 儒学 基督教 儒家 道教 伊斯兰教 哲学 信仰 天主教 伦理 国学 茶道 穆斯林 启蒙 政治
434,29,0.41789476942302967,-0.01059508570071272,0.5172413793103449,游玩 郊游 游览 出游 旅行 度假 避暑 旅游 爬山 野餐 野营 登山,徒步 户外 游览 出差 观光 爬山 野营 野外,旅行 登山 休闲 探亲 蜜月 野餐 野营 游玩 游 游览 旅游 探险,游玩 郊游 游览 出游 旅行 度假 避暑 旅游 爬山 野餐 野营 登山 探险 观光 野炊 徒步 休闲 疗养 游 打猎 探亲 外出 出差 户外 出行 野外 蜜月 休养 漫游
435,3,0.49127646990585044,0.1812404857595202,0.0,关机 开机 休眠,休眠 开机 关机,关机 开机 休眠,关机 开机 休眠
436,1,,0.0,0.0,优,优,优,优
437,1,,0.0,0.0,优先,优先,优先,优先
438,34,0.4427531892461378,0.01801749646885092,0.35294117647058826,增强 加强 提高 增加 提升 降低 强化 加快 扩大 增大 加深 促进,缩小 削弱 推动 完善 缩短 优化 拓展 减弱,加速 加重 增强 增多 增大 增加 优化 缓解 进一步 完善 改善 扩大,增强 加强 提高 增加 提升 降低 强化 加快 扩大 增大 加深 促进 深化 拓宽 改善 加剧 增进 减少 减轻 削弱 优化 进一步 加重 加速 推进 减弱 缓解 推动 拓展 缩小 巩固 缩短 完善 增多
439,4,0.44096724110978786,0.09157562517704747,0.0,廉价 劣质 优质 平价,平价 优质 劣质 廉价,廉价 优质 劣质 平价,廉价 劣质 优质 平价
440,1,,0.0,0.0,伙,伙,伙,伙
441,4,0.4495753967064709,0.04670527840334658,0.5,帮手 助手 伙伴 得力,得力 伙伴 助手 帮手,得力 伙伴 帮手 助手,帮手 助手 伙伴 得力
442,16,0.4572119369860268,0.03371432150072457,0.375,工资 津贴 薪水 退休金 奖金 生活费 报酬 补助 待遇 抚恤 补贴 福利,年薪 房租 伙食 补偿 补贴 报酬 补助 退休金,补偿 补助 伙食 年薪 退休金 工资 房租 奖金 薪水 待遇 津贴 补贴,工资 津贴 薪水 退休金 奖金 生活费 报酬 补助 待遇 抚恤 补贴 福利 房租 年薪 伙食 补偿
443,4,0.4214744628782672,0.028030687471781546,0.25,协会 会员 学会 俱乐部,俱乐部 会员 学会 协会,俱乐部 协会 学会 会员,协会 会员 学会 俱乐部
444,12,0.4404061976210465,0.034759658124168896,0.5,灯 电灯 灯泡 路灯 灯光 照明 开关 盏 灯笼 电线 伞 绝缘,绝缘 灯光 伞 开关 灯笼 照明 电线 盏,绝缘 伞 灯 盏 开关 照明 电灯 电线 灯泡 灯笼 路灯 灯光,灯 电灯 灯泡 路灯 灯光 照明 开关 盏 灯笼 电线 伞 绝缘
445,15,0.41936881887183997,0.028062497080751734,0.3333333333333333,壮丽 宏伟 壮观 雄伟 宏大 惊心动魄 感人 伟大 庄严 可歌可泣 扣人心弦 神圣,耸立 耐人寻味 扣人心弦 光荣 可歌可泣 惊心动魄 神圣 感人,壮观 光荣 耐人寻味 宏大 宏伟 惊心动魄 扣人心弦 伟大 耸立 壮丽 神圣 庄严,壮丽 宏伟 壮观 雄伟 宏大 惊心动魄 感人 伟大 庄严 可歌可泣 扣人心弦 神圣 耐人寻味 光荣 耸立
446,8,0.49225347138016956,0.18050049376464047,0.0,传闻 传言 传出 绯闻 消息 谣言 沸沸扬扬 传,传 沸沸扬扬 绯闻 谣言 消息 传出 传言 传闻,传 绯闻 沸沸扬扬 传出 谣言 消息 传闻 传言,传闻 传言 传出 绯闻 消息 谣言 沸沸扬扬 传
447,8,0.4959611595986261,0.11399644055892039,0.125,神话 童话 传奇 故事 传说 寓言 悲剧 奇迹,传说 奇迹 传奇 悲剧 故事 寓言 童话 神话,神话 奇迹 悲剧 故事 传奇 寓言 童话 传说,神话 童话 传奇 故事 传说 寓言 悲剧 奇迹
448,4,0.48979448227400696,0.14586834260164083,0.0,影视 娱乐 传媒 文娱,娱乐 文娱 影视 传媒,娱乐 传媒 文娱 影视,影视 娱乐 传媒 文娱
449,9,0.43870676266577324,0.08855306670245172,0.3333333333333333,传承 继承 发扬光大 发扬 弘扬 失传 祖传 遗产 秉承,祖传 秉承 遗产 失传 弘扬 发扬 继承 发扬光大,秉承 祖传 发扬 遗产 传承 发扬光大 弘扬 继承 失传,传承 继承 发扬光大 发扬 弘扬 失传 祖传 遗产 秉承
450,7,0.4318518945371425,0.04040867341783253,0.42857142857142855,宣传 推广 普及 传播 推销 科普 传达,推销 科普 传达 传播 宣传 普及 推广,普及 宣传 推广 传播 科普 推销 传达,宣传 推广 普及 传播 推销 科普 传达
451,12,0.47485167748137375,0.13599291960102686,0.08333333333333333,电话 拨打 打电话 拨通 接听 接通 来电 热线 通话 接到 传真 接,接 传真 接到 通话 接通 热线 接听 来电,通话 热线 接 拨通 传真 拨打 打电话 来电 电话 接到 接听 接通,电话 拨打 打电话 拨通 接听 接通 来电 热线 通话 接到 传真 接
452,10,0.41606574655414585,0.02024992950241849,0.5,古代 近代 古典 现代 古老 当代 西方 传统 古 朝代,朝代 传统 当代 古老 西方 古 古代 古典,古 古典 古代 现代 当代 传统 朝代 古老 西方 近代,古代 近代 古典 现代 古老 当代 西方 传统 古 朝代
453,7,0.3903891797330131,-0.03039622049722391,0.2857142857142857,传输 发送 输送 输出 输入 运送 网络,网络 运送 发送 输送 输出 传输 输入,网络 输送 输出 输入 运送 发送 传输,传输 发送 输送 输出 输入 运送 网络
454,4,0.5569111648264121,0.33979590309337304,0.0,火炬 传递 接力 棒,棒 接力 传递 火炬,棒 火炬 接力 传递,火炬 传递 接力 棒
455,19,0.4588409094607415,0.10190183217291945,0.05263157894736842,损害 妨害 扰乱 破坏 侵害 危害 妨碍 危及 阻碍 伤害 侵犯 触犯,害 违背 影响 威胁 祸害 违反 干扰 侵犯,祸害 害 伤害 扰乱 威胁 危害 危及 破坏 侵犯 妨碍 影响 侵害,损害 妨害 扰乱 破坏 侵害 危害 妨碍 危及 阻碍 伤害 侵犯 触犯 干扰 违反 威胁 违背 祸害 影响 害
456,7,0.3858120231813162,-0.0007987774436200797,0.42857142857142855,后遗症 创伤 伤痕 阴影 心病 影子 后果,影子 后果 心病 伤痕 阴影 创伤 后遗症,伤痕 心病 后遗症 后果 影子 创伤 阴影,后遗症 创伤 伤痕 阴影 心病 影子 后果
457,11,0.46278720030683623,0.0614468908001321,0.2727272727272727,虚假 伪造 弄虚作假 编造 造假 隐瞒 虚构 夸大 欺诈 误导 作弊,隐瞒 作弊 夸大 误导 欺诈 编造 虚构 弄虚作假,虚假 误导 虚构 欺诈 伪造 造假 夸大 作弊 隐瞒 弄虚作假 编造,虚假 伪造 弄虚作假 编造 造假 隐瞒 虚构 夸大 欺诈 误导 作弊
458,22,0.4460417817848074,0.04297475298770085,0.3181818181818182,推测 估算 预测 推断 测算 推算 估计 假设 猜测 判断 猜想 计算,计算 分析 预料 设想 想象 预计 统计 预言,猜想 猜测 粗略 统计 估计 判断 计算 推算 推测 推断 测算 预测,推测 估算 预测 推断 测算 推算 估计 假设 猜测 判断 猜想 计算 假定 预言 预料 设想 预计 分析 预见 想象 粗略 统计
459,5,0.3756834325877144,0.009578804277637706,0.4,伴侣 夫妻 配偶 家庭 伴,伴 家庭 夫妻 配偶 伴侣,伴 伴侣 配偶 夫妻 家庭,伴侣 夫妻 配偶 家庭 伴
460,4,0.5588417065192003,0.28297610424930775,0.0,跟随 随 追随 伴随,伴随 追随 随 跟随,追随 跟随 随 伴随,跟随 随 追随 伴随
461,1,,0.0,0.0,伸张,伸张,伸张,伸张
462,13,0.4451472408409839,0.04721886495549313,0.38461538461538464,摆动 转动 旋转 摇晃 弯曲 摇摆 跳跃 伸缩 振动 跳动 扭 摇,折叠 扭 跳跃 摇 摇摆 弯曲 跳动 伸缩,摆动 摇 扭 跳跃 伸缩 弯曲 振动 折叠 跳动 转动 旋转 摇摆,摆动 转动 旋转 摇晃 弯曲 摇摆 跳跃 伸缩 振动 跳动 扭 摇 折叠
463,20,0.43885101766600176,0.05306997134316358,0.35,照顾 爱护 关照 照料 呵护 关爱 侍候 关怀 体谅 伺候 看护 陪伴,监护 爱惜 看管 尊重 体谅 宠爱 看护 孝敬,看管 看护 爱惜 爱护 关心 关怀 关爱 关照 照料 侍候 宠爱 体谅,照顾 爱护 关照 照料 呵护 关爱 侍候 关怀 体谅 伺候 看护 陪伴 孝敬 关心 无微不至 宠爱 爱惜 尊重 看管 监护
464,10,0.46274204757945964,0.11524424214614337,0.2,偷偷 暗中 悄悄 趁机 暗地里 伺机 私下 默默 趁 小心翼翼,趁 小心翼翼 默默 私下 趁机 暗地里 偷偷 悄悄,暗中 趁机 偷偷 伺机 默默 趁 私下 暗地里 悄悄 小心翼翼,偷偷 暗中 悄悄 趁机 暗地里 伺机 私下 默默 趁 小心翼翼
465,9,0.41409142659458176,-0.006713819674824046,0.5555555555555556,笼统 抽象 简单 似是而非 模糊 纯粹 单纯 含糊 自相矛盾,自相矛盾 简单 似是而非 单纯 模糊 含糊 笼统 纯粹,自相矛盾 简单 纯粹 笼统 模糊 单纯 抽象 似是而非 含糊,笼统 抽象 简单 似是而非 模糊 纯粹 单纯 含糊 自相矛盾
466,10,0.4478013866760567,0.08272001537284707,0.2,相识 朝夕相处 相遇 相处 相伴 相依为命 萍水相逢 相约 形影不离 似曾相识,似曾相识 萍水相逢 相遇 形影不离 相约 相处 朝夕相处 相依为命,形影不离 相依为命 相遇 相识 朝夕相处 相处 相伴 相约 似曾相识 萍水相逢,相识 朝夕相处 相遇 相处 相伴 相依为命 萍水相逢 相约 形影不离 似曾相识
467,5,0.3950195389202896,0.01760755067356358,0.4,批 名 首批 位 首,首 位 名 首批 批,名 位 批 首 首批,批 名 首批 位 首
468,5,0.4619819456861567,0.10257648457270932,0.4,处于 处在 位于 属于 徘徊,属于 徘徊 位于 处在 处于,位于 属于 处于 处在 徘徊,处于 处在 位于 属于 徘徊
469,6,0.458585448643751,0.0900188135139764,0.16666666666666666,位子 座位 席位 席 就座 位置,位置 席位 席 就座 位子 座位,席 席位 就座 位子 位置 座位,位子 座位 席位 席 就座 位置
470,3,0.5320451919050279,0.24928230341082425,0.0,高 低 高昂,高昂 高 低,低 高 高昂,高 低 高昂
471,12,0.49528965650676604,0.17263582123992752,0.08333333333333333,高于 低于 小于 大于 超过 超出 远远 超越 远 超 等于 相当于,相当于 等于 远 超越 远远 超 超出 高于,相当于 超出 超过 超越 等于 大于 小于 超 远 远远 低于 高于,高于 低于 小于 大于 超过 超出 远远 超越 远 超 等于 相当于
472,2,0.46049332465513215,0.13834122279375763,0.0,值 低估,值 低估,值 低估,值 低估
473,8,0.472198012471419,0.14849868589817458,0.0,回头 抬头 低头 转身 停下 过头 站住 掉头,掉头 站住 转身 过头 停下 低头 回头 抬头,转身 停下 掉头 站住 回头 低头 过头 抬头,回头 抬头 低头 转身 停下 过头 站住 掉头
474,4,0.5564428056607621,0.305927194704312,0.0,节能 环保 节水 低碳,低碳 节水 环保 节能,环保 节能 节水 低碳,节能 环保 节水 低碳
475,9,0.41093950034020094,-0.0033879343191284706,0.5555555555555556,平淡 冷淡 清淡 谨慎 低调 淡 温和 观望 高调,温和 淡 观望 高调 谨慎 低调 冷淡 平淡,淡 清淡 冷淡 观望 温和 谨慎 高调 低调 平淡,平淡 冷淡 清淡 谨慎 低调 淡 温和 观望 高调
476,7,0.3696838501149736,-0.03323609617733001,0.7142857142857143,住址 地址 住处 地点 邮编 住 身份,身份 住 邮编 地点 住处 地址 住址,住 邮编 地址 地点 住处 住址 身份,住址 地址 住处 地点 邮编 住 身份
477,13,0.441944678036795,0.05019910459810587,0.38461538461538464,感触 感受 感觉 体会 感想 观感 同感 感 体验 印象 共鸣 好感,好感 感觉 切身 感 共鸣 体会 同感 印象,感 体验 切身 同感 好感 感触 感觉 观感 印象 体会 共鸣 感受,感触 感受 感觉 体会 感想 观感 同感 感 体验 印象 共鸣 好感 切身
478,10,0.41150467907988236,0.011707568126069313,0.6,体制 制度 机制 改革 体系 市场经济 健全 法制 模式 改革开放,市场经济 改革开放 模式 法制 体系 健全 改革 机制,机制 法制 健全 模式 制度 体系 体制 改革开放 改革 市场经济,体制 制度 机制 改革 体系 市场经济 健全 法制 模式 改革开放
479,8,0.45449575739126885,0.12798309894933463,0.125,视力 体力 体质 体能 体重 智力 体温 近视,近视 体温 智力 体能 体重 体力 体质 视力,体重 体能 体质 视力 近视 体温 体力 智力,视力 体力 体质 体能 体重 智力 体温 近视
480,15,0.417022358260162,0.004284525627403385,0.3333333333333333,检测 化验 检验 试验 测试 检查 实验 验证 样品 验 复查 实验室,核对 样品 复查 演示 体检 验 检查 测试,测试 试验 核对 验 验证 实验室 体检 检验 样品 化验 实验 复查,检测 化验 检验 试验 测试 检查 实验 验证 样品 验 复查 实验室 体检 核对 演示
481,14,0.4589996406774701,0.07921795211922611,0.14285714285714285,长度 厚度 宽度 尺寸 体积 直径 重量 形状 密度 大小 容量 强度,形状 全长 尺度 强度 容量 直径 密度 重量,密度 厚度 宽度 容量 强度 大小 体积 形状 直径 全长 尺寸 尺度,长度 厚度 宽度 尺寸 体积 直径 重量 形状 密度 大小 容量 强度 尺度 全长
482,8,0.5220754565863578,0.18808620129475856,0.125,体育场 体育馆 球场 场馆 看台 场地 礼堂 鸟巢,礼堂 场地 鸟巢 看台 场馆 球场 体育馆 体育场,看台 球场 鸟巢 体育馆 礼堂 场馆 体育场 场地,体育场 体育馆 球场 场馆 看台 场地 礼堂 鸟巢
483,2,0.5082368437356353,0.18927174308860184,0.0,面子 体面,面子 体面,面子 体面,面子 体面
484,3,0.39319215391627216,0.05848619355152326,0.6666666666666666,空间 余地 时空,余地 时空 空间,时空 余地 空间,空间 余地 时空
485,9,0.4452741555938785,0.02210353222918931,0.4444444444444444,存款 银行 理财 活期 储蓄 信贷 余额 账户 金融,金融 余额 活期 信贷 账户 银行 储蓄 理财,银行 储蓄 活期 理财 存款 余额 信贷 金融 账户,存款 银行 理财 活期 储蓄 信贷 余额 账户 金融
486,16,0.4137154756694129,-0.018294024518017135,0.5625,寺庙 宫殿 寺 皇宫 清真寺 教堂 供奉 僧人 宫 菩萨 殿堂 和尚,城墙 教堂 菩萨 佛 宫廷 殿堂 和尚 供奉,僧人 宫 寺 佛 少林寺 殿堂 皇宫 和尚 供奉 城墙 清真寺 寺庙,寺庙 宫殿 寺 皇宫 清真寺 教堂 供奉 僧人 宫 菩萨 殿堂 和尚 宫廷 佛 少林寺 城墙
487,4,0.4604629723907973,0.13040795757818724,0.0,做 作 进行 搞,搞 进行 作 做,做 作 搞 进行,做 作 进行 搞
488,1,,0.0,0.0,作业,作业,作业,作业
489,21,0.4406909760534146,0.11282422993605151,0.19047619047619047,称作 称为 当作 当成 视为 看成 列为 定为 看作 叫作 变成 变为,变 简称 改名 列入 作为 分为 成 叫作,看成 变 看作 简称 成 改为 叫作 改名 当作 当成 成为 定为,称作 称为 当作 当成 视为 看成 列为 定为 看作 叫作 变成 变为 成为 改为 作为 列入 分为 成 改名 简称 变
490,4,0.44026768865819976,0.032727593991879765,0.5,提出 发出 作出 要求,要求 发出 作出 提出,发出 要求 提出 作出,提出 发出 作出 要求
491,6,0.5515449625513232,0.2919068485625023,0.0,邀请 邀 应邀 特邀 做客 作客,应邀 特邀 作客 邀 做客 邀请,应邀 邀 邀请 做客 特邀 作客,邀请 邀 应邀 特邀 做客 作客
492,8,0.4265142014338487,0.045884641835038986,0.25,作对 较劲 抗衡 打交道 叫板 周旋 针锋相对 过不去,过不去 周旋 针锋相对 较劲 抗衡 打交道 叫板 作对,针锋相对 周旋 叫板 抗衡 过不去 打交道 作对 较劲,作对 较劲 抗衡 打交道 叫板 周旋 针锋相对 过不去
493,4,0.4724366639334709,0.1778162092887911,0.0,失效 作废 无效 过期,过期 无效 作废 失效,无效 失效 作废 过期,失效 作废 无效 过期
494,20,0.44652104944719934,0.072520636436373,0.2,军官 部队 陆军 海军 士兵 空军 军队 军人 官兵 兵 司令 将军,战士 打仗 国防 军事 兵 作战 士兵 参谋,参谋 兵 海军 空军 官兵 后勤 司令 将军 部队 军队 师长 陆军,军官 部队 陆军 海军 士兵 空军 军队 军人 官兵 兵 司令 将军 作战 军事 战士 参谋 后勤 打仗 师长 国防
495,32,0.4581944385021092,0.07948494760436206,0.21875,考试 试题 试卷 考题 高考 笔试 口试 考生 作文 考 卷子 理科,文科 及格 志愿 理科 招生 生词 大纲 测验,复习 生词 笔试 测验 口试 命题 录取 题目 试题 考生 补考 考场,考试 试题 试卷 考题 高考 笔试 口试 考生 作文 考 卷子 理科 复习 题目 面试 报考 分数 录取 考场 填空 补考 招生 文科 听力 科目 命题 题 测验 生词 大纲 及格 志愿
496,29,0.4322873090040477,0.05614521209156941,0.41379310344827586,水稻 作物 农作物 种植 小麦 肥料 棉花 庄稼 玉米 饲料 粮食 牲畜,生长 杂交 耕地 农产品 害虫 大棚 饲养 繁殖,生长 玉米 种植 粮食 耕地 奶牛 饲料 肥料 肥沃 饲养 小麦 牲畜,水稻 作物 农作物 种植 小麦 肥料 棉花 庄稼 玉米 饲料 粮食 牲畜 养殖 栽培 灌溉 饲养 农业 化肥 耕地 害虫 杂交 奶牛 水产品 农产品 繁殖 土壤 大棚 肥沃 生长
497,8,0.4295270058888051,-0.006581596163070563,0.5,用处 作用 功效 益处 意义 副作用 道理 功能,作用 道理 功能 意义 副作用 功效 益处 用处,功效 意义 功能 用处 副作用 益处 作用 道理,用处 作用 功效 益处 意义 副作用 道理 功能
498,2,0.49402747670846814,0.14894264727390555,0.0,编辑 作者,编辑 作者,编辑 作者,编辑 作者
499,11,0.4561821472659696,0.07750880842833797,0.2727272727272727,使用 运用 用 采用 利用 选用 借用 动用 滥用 常用 应用,常用 应用 动用 选用 滥用 利用 借用 用,选用 运用 用 使用 应用 利用 借用 滥用 采用 动用 常用,使用 运用 用 采用 利用 选用 借用 动用 滥用 常用 应用
500,2,0.4844657888966464,0.18983817129817288,0.0,使者 天使,使者 天使,使者 天使,使者 天使
501,1,,0.0,0.0,供,供,供,供
502,9,0.5074241405517449,0.12965828144211364,0.1111111111111111,供应 短缺 供给 供求 紧缺 供不应求 过剩 需求 缺口,需求 供给 供不应求 缺口 过剩 供应 供求 紧缺,供应 供求 供给 短缺 需求 供不应求 过剩 缺口 紧缺,供应 短缺 供给 供求 紧缺 供不应求 过剩 需求 缺口
503,8,0.4052200349770828,0.03454231572604159,0.375,暖气 通风 供暖 冷气 透气 取暖 气 密封,密封 气 透气 冷气 取暖 通风 供暖 暖气,密封 取暖 通风 气 透气 冷气 供暖 暖气,暖气 通风 供暖 冷气 透气 取暖 气 密封
504,11,0.4946266554239723,0.17441258556238104,0.18181818181818182,按照 依照 根据 依据 遵照 参照 遵循 按 依 本着 参考,参考 本着 参照 遵循 遵照 依据 依 根据,参考 依 按 参照 本着 根据 依据 依照 遵照 遵循 按照,按照 依照 根据 依据 遵照 参照 遵循 按 依 本着 参考
505,5,0.46617095341336123,0.09007970279132368,0.6,满怀 怀着 兴高采烈 依依不舍 怀抱,怀抱 依依不舍 兴高采烈 满怀 怀着,依依不舍 兴高采烈 怀着 怀抱 满怀,满怀 怀着 兴高采烈 依依不舍 怀抱
506,11,0.4603579921666249,0.16041306271034414,0.0,依靠 借助 凭借 通过 凭着 靠 凭 依托 借 透过 依赖,依赖 凭着 依托 借 透过 通过 靠 凭,借 凭 通过 借助 依赖 依靠 依托 靠 凭借 凭着 透过,依靠 借助 凭借 通过 凭着 靠 凭 依托 借 透过 依赖
507,5,0.32603472561859864,-0.07818142935662452,0.8,依次 顺序 序 分别 谱,谱 分别 序 顺序 依次,序 顺序 依次 谱 分别,依次 顺序 序 分别 谱
508,17,0.4278323847153639,0.04773583206790199,0.35294117647058826,处罚 惩处 查处 罚款 惩罚 违法 处分 追究 吊销 违规 没收 罚,威慑 依法 查处 没收 制裁 打击 追究 违章,制裁 追究 吊销 罚 惩处 罚款 惩罚 没收 依法 查处 处分 打击,处罚 惩处 查处 罚款 惩罚 违法 处分 追究 吊销 违规 没收 罚 制裁 依法 违章 打击 威慑
509,1,,0.0,0.0,侠义,侠义,侠义,侠义
510,11,0.41825218990795116,0.04590315594383401,0.2727272727272727,防御 防护 防 防卫 防范 防盗 预防 自卫 戒备 防火墙 侦察,侦察 防火墙 自卫 戒备 防盗 预防 防御 防范,防护 戒备 防盗 防火墙 防卫 防御 防 防范 自卫 预防 侦察,防御 防护 防 防卫 防范 防盗 预防 自卫 戒备 防火墙 侦察
511,2,0.5245104304228518,0.27995879422660397,0.0,端 侧,侧 端,侧 端,端 侧
512,5,0.4978548155886827,0.19920249030936887,0.0,背面 反面 侧面 正面 表面,表面 侧面 背面 正面 反面,背面 侧面 反面 表面 正面,背面 反面 侧面 正面 表面
513,12,0.44560822127372607,0.09433690042065211,0.25,霸占 强占 侵占 占领 瓜分 占据 占有 抢夺 领土 占用 入侵 垄断,垄断 入侵 领土 占用 占有 抢夺 瓜分 占领,占用 占据 占有 入侵 霸占 垄断 占领 强占 领土 瓜分 侵占 抢夺,霸占 强占 侵占 占领 瓜分 占据 占有 抢夺 领土 占用 入侵 垄断
514,12,0.46650447918652616,0.09463632881161738,0.25,便捷 方便 快捷 省钱 便利 省事 便宜 实惠 划算 高效 顺畅 实用,顺畅 实用 高效 省事 便宜 实惠 划算 省钱,实惠 顺畅 快捷 实用 省钱 省事 便利 便宜 便捷 方便 高效 划算,便捷 方便 快捷 省钱 便利 省事 便宜 实惠 划算 高效 顺畅 实用
515,19,0.446414098061802,0.03483271876945995,0.47368421052631576,信件 邮件 回信 电子邮件 短信 电报 来信 信封 便条 信箱 贺卡 公函,请柬 封 留言 信 信封 请帖 邮箱 贺卡,邮件 封 信 邮箱 请帖 请柬 电报 公开信 贺卡 回信 便条 短信,信件 邮件 回信 电子邮件 短信 电报 来信 信封 便条 信箱 贺卡 公函 请柬 请帖 公开信 留言 封 信 邮箱
516,6,0.46748912480761445,0.09184378326791953,0.16666666666666666,请客 招待 喜酒 便饭 应酬 慰劳,慰劳 招待 应酬 便饭 喜酒 请客,便饭 请客 应酬 喜酒 招待 慰劳,请客 招待 喜酒 便饭 应酬 慰劳
517,2,0.4509882807849468,0.046721519665576014,0.0,良 俊,俊 良,俊 良,良 俊
518,18,0.4157959015061604,0.005589920791277047,0.4444444444444444,消灭 歼灭 打败 摧毁 打倒 毁灭 灭 灭亡 推翻 征服 粉碎 夺取,敌人 收复 毁灭 灭绝 灭亡 压倒 俘获 驱逐,征服 灭 打败 灭亡 压倒 收复 灭绝 俘获 摧毁 推翻 毁灭 驱逐,消灭 歼灭 打败 摧毁 打倒 毁灭 灭 灭亡 推翻 征服 粉碎 夺取 收复 驱逐 压倒 敌人 俘获 灭绝
519,8,0.45024735304433033,0.09208602685976683,0.25,保卫 维护 保护 捍卫 守护 保障 护 保,保 保障 护 守护 保卫 捍卫 维护 保护,保障 保 护 守护 保护 保卫 维护 捍卫,保卫 维护 保护 捍卫 守护 保障 护 保
520,18,0.4021600362601319,-0.02195471808961391,0.6111111111111112,修理 维修 配件 零件 组装 安装 部件 改装 保养 调试 修补 设备,设备 修 保修 修复 修车 装置 修补 装备,调试 安装 修 部件 零件 配件 维修 保养 保修 修补 修车 修理,修理 维修 配件 零件 组装 安装 部件 改装 保养 调试 修补 设备 保修 修车 修复 装备 修 装置
521,10,0.46281605688666255,0.12853515090205495,0.1,泄露 机密 泄密 秘密 泄漏 窃取 保密 隐私 情报 间谍,间谍 隐私 窃取 情报 保密 泄漏 秘密 机密,机密 窃取 间谍 保密 秘密 泄露 泄漏 隐私 情报 泄密,泄露 机密 泄密 秘密 泄漏 窃取 保密 隐私 情报 间谍
522,22,0.39917688693640724,-0.016892373426363346,0.5454545454545454,阻止 阻挡 遏制 抵挡 制止 抵御 防止 抵抗 抑制 抵制 避免 阻拦,确保 挡 消除 拒绝 对抗 保证 抗拒 阻挡,牵制 保证 对抗 抑制 挡 抵御 抵制 确保 抵挡 抵抗 抵消 防止,阻止 阻挡 遏制 抵挡 制止 抵御 防止 抵抗 抑制 抵制 避免 阻拦 杜绝 抗拒 抵消 消除 对抗 牵制 拒绝 保证 确保 挡
523,2,0.6351033991030526,0.38715045827389,0.0,险 保险,保险 险,保险 险,险 保险
524,16,0.42747269314252373,0.051848669182358184,0.3125,赞同 认同 赞许 认可 赞赏 拥护 赞成 信任 信赖 好评 尊敬 同意,欢迎 反对 采纳 否决 信赖 尊敬 同意 好评,赞同 赞成 否决 同意 拥护 反对 欢迎 采纳 尊敬 赞许 赞赏 信赖,赞同 认同 赞许 认可 赞赏 拥护 赞成 信任 信赖 好评 尊敬 同意 采纳 反对 欢迎 否决
525,8,0.44997426474285457,0.11410315513730027,0.0,迹象 兆头 苗头 预兆 势头 趋势 预感 信号,信号 预感 势头 趋势 预兆 苗头 兆头 迹象,迹象 苗头 趋势 势头 预感 预兆 信号 兆头,迹象 兆头 苗头 预兆 势头 趋势 预感 信号
526,28,0.42368207135032643,0.007773022571378079,0.32142857142857145,斗志 勇气 自信心 毅力 志气 魄力 信念 自信 气魄 信心 骨气 意志,尊严 气势 坚定 坚强 自我 自尊 劲头 决心,自尊心 坚定 坚强 激情 骨气 气势 斗志 魄力 热情 积极性 意志 劲头,斗志 勇气 自信心 毅力 志气 魄力 信念 自信 气魄 信心 骨气 意志 责任感 自尊心 自尊 劲头 决心 士气 尊严 激情 精神 气势 热情 抱负 坚强 坚定 积极性 自我
527,3,0.4494715320143607,0.05942052000884943,0.3333333333333333,诚信 信用 可信,可信 诚信 信用,诚信 可信 信用,诚信 信用 可信
528,23,0.4454653155674266,0.009492850020054273,0.5652173913043478,兴建 建成 修建 建立 创建 设立 组建 建造 开办 创立 创办 开设,重建 开通 建 拆除 创办 开辟 开创 扩建,重建 开辟 开设 开通 建 组建 开办 开创 扩建 建立 兴建 建成,兴建 建成 修建 建立 创建 设立 组建 建造 开办 创立 创办 开设 成立 构建 搭建 开辟 建 建设 扩建 开通 开创 重建 拆除
529,15,0.40159198126181,0.0011928200404465556,0.3333333333333333,草案 宪法 公约 条例 修订 条约 条款 宣言 纲要 纲领 修改 刑法,改版 契约 纲要 纲领 起草 宪法 条约 修改,宣言 条约 条款 条例 起草 宪法 改版 契约 刑法 修订 草案 修改,草案 宪法 公约 条例 修订 条约 条款 宣言 纲要 纲领 修改 刑法 起草 契约 改版
530,8,0.40935334052790323,0.016348855890407833,0.375,改正 纠正 检讨 认错 矫正 修正 道歉 端正,认错 道歉 修正 矫正 检讨 端正 纠正 改正,端正 改正 矫正 纠正 检讨 修正 认错 道歉,改正 纠正 检讨 认错 矫正 修正 道歉 端正
531,6,0.3476069949890375,-0.043886037378605414,0.6666666666666666,绿化 水利 修路 园林 生态 铺路,铺路 生态 园林 修路 水利 绿化,铺路 绿化 园林 生态 修路 水利,绿化 水利 修路 园林 生态 铺路
532,3,0.41791118540646016,0.025889272780573364,0.6666666666666666,元 多元 倍,倍 多元 元,倍 元 多元,元 多元 倍
533,3,0.49120855157248594,0.20295845369155785,0.0,倒下 倒 晕倒,晕倒 倒 倒下,倒 倒下 晕倒,倒下 倒 晕倒
534,13,0.43147352696867386,-0.000923651887147659,0.46153846153846156,毁 毁坏 损坏 塌 倒塌 烧毁 淹 坏 损 垮 烂 碎,烧毁 倒塌 损失 烂 碎 垮 淹 塌,坏 垮 塌 碎 烂 损 淹 毁 毁坏 倒塌 损坏 损失,毁 毁坏 损坏 塌 倒塌 烧毁 淹 坏 损 垮 烂 碎 损失
535,8,0.38899144846577055,0.047797361290311216,0.375,排名 排行榜 排 倒数 列 垫底 排列 畅销,畅销 倒数 排列 垫底 列 排 排行榜 排名,列 排 畅销 倒数 排行榜 排列 排名 垫底,排名 排行榜 排 倒数 列 垫底 排列 畅销
536,3,0.4287699449383324,0.1098980697356972,0.0,倒计时 计时 冲刺,冲刺 计时 倒计时,倒计时 冲刺 计时,倒计时 计时 冲刺
537,16,0.4582856075393434,0.07537216784553961,0.125,议会 议员 总统 国会 大选 选举 内阁 竞选 首相 政党 选民 候选人,国会 议会 首脑 政党 元首 投票 候选人 选民,竞选 选民 选举 内阁 总理 总统 国会 大选 议员 议会 首相 候选人,议会 议员 总统 国会 大选 选举 内阁 竞选 首相 政党 选民 候选人 首脑 总理 元首 投票
538,4,0.37150527283875956,-0.04801156900452871,0.75,突破口 突破 破 借口,借口 突破 破 突破口,破 突破口 借口 突破,突破口 突破 破 借口
539,10,0.4071184986988061,0.010145603797336195,0.5,启发 启示 教训 借鉴 鼓舞 启迪 鞭策 吸取 经验 激励,激励 吸取 经验 教训 鞭策 借鉴 鼓舞 启示,启迪 激励 启发 启示 借鉴 吸取 经验 教训 鼓舞 鞭策,启发 启示 教训 借鉴 鼓舞 启迪 鞭策 吸取 经验 激励
540,7,0.39935017729246713,0.014216504857457289,0.42857142857142855,号召 提议 倡议 召集 动员 建议 征求,建议 征求 动员 召集 号召 倡议 提议,征求 建议 召集 动员 倡议 提议 号召,号召 提议 倡议 召集 动员 建议 征求
541,3,0.42268674997084804,0.046263645502711025,0.3333333333333333,债 发行 券,券 发行 债,债 券 发行,债 发行 券
542,11,0.4591675047952784,0.09229540846865135,0.0,还款 偿还 贷款 债务 违约 担保 逾期 利息 抵押 拖欠 到期,贷款 到期 拖欠 抵押 偿还 利息 担保 债务,拖欠 到期 偿还 抵押 贷款 还款 利息 债务 逾期 担保 违约,还款 偿还 贷款 债务 违约 担保 逾期 利息 抵押 拖欠 到期
543,1,,0.0,0.0,值班,值班,值班,值班
544,12,0.4427324790682194,0.0676481088674639,0.16666666666666666,珍贵 贵重 宝贵 可贵 值钱 名贵 珍惜 珍视 稀罕 珍重 昂贵 贵,昂贵 贵 宝贵 名贵 珍重 稀罕 值钱 珍惜,珍视 珍贵 珍重 宝贵 稀罕 名贵 贵 昂贵 贵重 珍惜 可贵 值钱,珍贵 贵重 宝贵 可贵 值钱 名贵 珍惜 珍视 稀罕 珍重 昂贵 贵
545,5,0.5015394241594668,0.22227158742289294,0.0,偏向 倾向 转向 靠拢 倾斜,靠拢 倾斜 转向 倾向 偏向,偏向 靠拢 倾斜 倾向 转向,偏向 倾向 转向 靠拢 倾斜
546,9,0.454020392298114,0.07954856861617977,0.1111111111111111,倾诉 诉说 心里话 发泄 心声 诉苦 宣泄 倾听 诀别,诀别 宣泄 诉苦 发泄 倾听 心声 心里话 诉说,心里话 倾诉 诀别 心声 宣泄 发泄 倾听 诉苦 诉说,倾诉 诉说 心里话 发泄 心声 诉苦 宣泄 倾听 诀别
547,7,0.3497483696582756,-0.0347375801972746,0.5714285714285714,破灭 破产 解体 破碎 倾家荡产 泡沫 财产,财产 倾家荡产 破碎 泡沫 解体 破灭 破产,解体 泡沫 财产 破碎 破灭 破产 倾家荡产,破灭 破产 解体 破碎 倾家荡产 泡沫 财产
548,9,0.4723284390885871,0.05842206004649028,0.3333333333333333,进出口 出口 贸易 进口 外贸 关税 海关 顺差 倾销,进口 顺差 贸易 海关 倾销 外贸 关税 出口,海关 倾销 进口 关税 顺差 贸易 出口 外贸 进出口,进出口 出口 贸易 进口 外贸 关税 海关 顺差 倾销
549,9,0.4455009468376789,0.014691269304296197,0.4444444444444444,强势 弱 强劲 强 弱势 强硬 强大 强烈 偏,偏 强大 强势 强硬 弱势 强劲 强烈 强,偏 弱 强 强硬 强烈 强劲 强势 强大 弱势,强势 弱 强劲 强 弱势 强硬 强大 强烈 偏
550,11,0.4237411438310935,0.026518523961756024,0.36363636363636365,贫穷 偏僻 偏远 边远 贫困 荒凉 穷 遥远 陌生 文盲 贫富,遥远 贫富 陌生 文盲 穷 荒凉 贫困 贫穷,贫困 偏僻 荒凉 穷 遥远 偏远 文盲 边远 陌生 贫穷 贫富,贫穷 偏僻 偏远 边远 贫困 荒凉 穷 遥远 陌生 文盲 贫富
551,11,0.5034850992762394,0.1828516363202843,0.0,差异 差距 差别 相差 偏差 落差 悬殊 差 反差 误差 差额,反差 落差 差额 偏差 差 误差 相差 悬殊,偏差 差 误差 落差 反差 相差 悬殊 差别 差异 差额 差距,差异 差距 差别 相差 偏差 落差 悬殊 差 反差 误差 差额
552,6,0.41664788716927287,0.024518242085775296,0.3333333333333333,误解 错觉 误会 偏见 误区 视觉,视觉 误区 偏见 误会 错觉 误解,误区 误会 偏见 错觉 视觉 误解,误解 错觉 误会 偏见 误区 视觉
553,5,0.38825725635305514,0.021142640650424056,0.4,做到 达到 实现 完成 面面俱到,面面俱到 完成 达到 实现 做到,达到 实现 完成 做到 面面俱到,做到 达到 实现 完成 面面俱到
554,12,0.4476972990867901,0.07752114375011715,0.25,幻想 虚幻 幻觉 空想 梦幻 妄想 梦 做梦 胡思乱想 异想天开 朦胧 幻影,异想天开 朦胧 幻觉 胡思乱想 幻影 梦幻 妄想 做梦,虚幻 梦 胡思乱想 空想 幻影 幻想 幻觉 朦胧 妄想 做梦 梦幻 异想天开,幻想 虚幻 幻觉 空想 梦幻 妄想 梦 做梦 胡思乱想 异想天开 朦胧 幻影
555,20,0.38738821603253565,-0.03669704418644189,0.65,挣钱 挣 干活儿 赚钱 打工 谋生 做生意 活儿 养活 忙活 发财 苦力,暴利 忙 苦力 实习 发财 过日子 致富 活儿,实习 谋生 干 忙 赚钱 做生意 干活儿 挣 活 暴利 活儿 致富,挣钱 挣 干活儿 赚钱 打工 谋生 做生意 活儿 养活 忙活 发财 苦力 干 过日子 活 忙 经商 致富 实习 暴利
556,12,0.43962968614397047,0.047483549117506456,0.3333333333333333,洗澡 打扫 干净 刷牙 清洗 清洁 消毒 做饭 理发 洁净 收拾 按摩,按摩 理发 清洁 收拾 洁净 做饭 干净 消毒,洗澡 收拾 做饭 刷牙 清洁 清洗 洁净 消毒 理发 打扫 按摩 干净,洗澡 打扫 干净 刷牙 清洗 清洁 消毒 做饭 理发 洁净 收拾 按摩
557,6,0.5288284527180765,0.20555634507333953,0.16666666666666666,停车位 停车场 车位 停车 停放 地下,地下 停放 停车 车位 停车场 停车位,停放 地下 车位 停车位 停车场 停车,停车位 停车场 车位 停车 停放 地下
558,27,0.43997442342262716,0.0029826463026645707,0.4444444444444444,船只 船 船舶 渔船 艘 轮船 船员 航行 军舰 停泊 码头 帆船,物流 港口 货物 帆船 海盗 运输 码头 水手,帆船 物流 集装箱 停泊 船舶 货物 海盗 潜艇 游船 船长 航海 码头,船只 船 船舶 渔船 艘 轮船 船员 航行 军舰 停泊 码头 帆船 航运 海运 港口 游船 集装箱 船长 潜艇 渔民 航海 货物 水手 货运 运输 海盗 物流
559,8,0.40138526287874615,0.0018205634051510066,0.5,故障 着火 熄火 失灵 停电 出事 出毛病 点火,停电 点火 失灵 出毛病 出事 着火 熄火 故障,熄火 停电 着火 出毛病 点火 出事 故障 失灵,故障 着火 熄火 失灵 停电 出事 出毛病 点火
560,2,0.5428968118481878,0.3002027870691433,0.0,停留 滞留,停留 滞留,停留 滞留,停留 滞留
561,10,0.4058620666026637,-0.008558403981658582,0.4,饮食 减肥 养生 食欲 睡眠 忌口 健康 美容 胃口 长寿,忌口 睡眠 胃口 健康 长寿 食欲 美容 减肥,食欲 睡眠 健康 胃口 饮食 美容 减肥 养生 忌口 长寿,饮食 减肥 养生 食欲 睡眠 忌口 健康 美容 胃口 长寿
562,12,0.47050252753790595,0.09013363854838059,0.25,歌星 影星 明星 巨星 艺人 偶像 球星 大腕儿 演艺圈 模特儿 名人 出道,演艺圈 出道 模特儿 偶像 名人 大腕儿 艺人 巨星,模特儿 艺人 演艺圈 球星 明星 偶像 出道 巨星 影星 大腕儿 歌星 名人,歌星 影星 明星 巨星 艺人 偶像 球星 大腕儿 演艺圈 模特儿 名人 出道
563,6,0.4317842852764491,0.05605372586552392,0.3333333333333333,偷看 偷 抄 偷窥 漏 删,删 漏 抄 偷窥 偷 偷看,偷 删 抄 漏 偷看 偷窥,偷看 偷 抄 偷窥 漏 删
564,4,0.4463860621085682,0.1430880651317445,0.0,预备 准备 储备 后备,准备 储备 后备 预备,准备 后备 储备 预备,预备 准备 储备 后备
565,7,0.4140596429071234,0.04267513098900804,0.2857142857142857,赶上 赶不上 追赶 赶 跟上 掉队 催,催 掉队 赶 跟上 追赶 赶不上 赶上,追赶 催 赶不上 跟上 赶上 掉队 赶,赶上 赶不上 追赶 赶 跟上 掉队 催
566,1,,0.0,0.0,催眠,催眠,催眠,催眠
567,2,0.4645479577731608,0.11818851297678287,0.0,傲 酷,酷 傲,傲 酷,傲 酷
568,4,0.45578703521858754,0.07888822489361834,0.25,小人 君子 圣贤 傻瓜,傻瓜 圣贤 君子 小人,傻瓜 小人 圣贤 君子,小人 君子 圣贤 傻瓜
569,2,0.4558695155987025,0.13507788906668566,0.0,现成 像样,现成 像样,现成 像样,现成 像样
570,22,0.4483672172832528,0.0039681696939476005,0.3181818181818182,疼 痒 肿 胀 咳 痛 憋 喘 闷 恶心 烦 渴,吐 咽 吓 喘 烦 渴 馋 僵,僵 吐 吓 呛 咳 咽 喘 困 烦 疼 痒 痛,疼 痒 肿 胀 咳 痛 憋 喘 闷 恶心 烦 渴 晕 瘫 馋 咽 吓 吐 呛 僵 困 麻木
571,43,0.40017637375353504,-0.029492123499574228,0.5581395348837209,安逸 安静 愉快 宁静 悠闲 安稳 舒畅 快乐 舒服 清静 开心 快活,过瘾 静 欢乐 平和 美好 僻静 美滋滋 满意,时光 爽快 悠闲 欢乐 安静 安逸 舒畅 宁静 舒服 幸福 快活 爽,安逸 安静 愉快 宁静 悠闲 安稳 舒畅 快乐 舒服 清静 开心 快活 平静 幸福 痛快 安宁 自在 无忧无虑 顺心 安心 知足 舒适 踏实 美满 欢乐 甜蜜 富足 祥和 平和 温馨 轻松 美好 爽 寂静 安定 爽快 美滋滋 放心 过瘾 时光 满意 僻静 静
572,4,0.46293937557744824,0.1187895782209891,0.0,要素 元素 因素 成分,因素 成分 元素 要素,成分 元素 因素 要素,要素 元素 因素 成分
573,3,0.4366274538554462,0.10619827641722825,0.0,领袖 元老 舵手,元老 舵手 领袖,舵手 领袖 元老,领袖 元老 舵手
574,1,,0.0,0.0,兄弟,兄弟,兄弟,兄弟
575,5,0.5057455432923449,0.19118342960971674,0.0,充电 充电器 电池 充 电,电 电池 充电器 充 充电,充 电 充电器 电池 充电,充电 充电器 电池 充 电
576,4,0.36029665241831327,-0.019514067954938083,0.5,广泛 充分 足够 广,广 足够 充分 广泛,广 足够 充分 广泛,广泛 充分 足够 广
577,5,0.45629301208793277,0.1003563396323672,0.2,充沛 旺盛 充足 饱满 旺,旺 饱满 充足 旺盛 充沛,旺 旺盛 充足 充沛 饱满,充沛 旺盛 充足 饱满 旺
578,6,0.3809840682243529,-0.040768354401249964,0.6666666666666666,充满 布满 满 十足 毫无 遍布,毫无 遍布 十足 满 充满 布满,满 遍布 充满 毫无 十足 布满,充满 布满 满 十足 毫无 遍布
579,2,0.7085879677728892,0.5517267553979763,0.0,女士 先生,先生 女士,女士 先生,女士 先生
580,2,0.4942982304957333,0.13282139840265833,0.0,光线 光,光线 光,光线 光,光线 光
581,2,0.6768213668131775,0.48048975513028136,0.0,光临 光顾,光临 光顾,光临 光顾,光临 光顾
582,3,0.5147274662685255,0.20380495256205497,0.0,曙光 光明 黎明,光明 黎明 曙光,光明 黎明 曙光,曙光 光明 黎明
583,19,0.43080253317487016,0.002473236388256212,0.5263157894736842,硬盘 电脑 显示器 屏幕 键盘 鼠标 磁盘 按键 笔记本 打印机 液晶 内存,游戏机 键 服务器 内存 打印机 液晶 触摸 按键,光盘 显示器 光碟 按键 键盘 服务器 打印机 硬盘 键 磁盘 游戏机 内存,硬盘 电脑 显示器 屏幕 键盘 鼠标 磁盘 按键 笔记本 打印机 液晶 内存 光盘 游戏机 手机 服务器 光碟 键 触摸
584,9,0.47022376906095,0.12551707221892242,0.0,通信 通讯 电信 电讯 无线 无线电 光缆 天线 移动,移动 无线电 光缆 无线 天线 通讯 电讯 电信,通信 光缆 通讯 无线 移动 电信 天线 无线电 电讯,通信 通讯 电信 电讯 无线 无线电 光缆 天线 移动
585,9,0.452450642485399,0.06178391388918136,0.2222222222222222,破除 破解 解决 克服 解开 摆脱 打破 扭转 解,解 摆脱 扭转 解开 解决 打破 克服 破解,扭转 解开 解决 克服 解 打破 破解 摆脱 破除,破除 破解 解决 克服 解开 摆脱 打破 扭转 解
586,3,0.45067010276764385,0.08022406331359587,0.0,克隆 复制 移植,复制 移植 克隆,克隆 移植 复制,克隆 复制 移植
587,1,,0.0,0.0,免,免,免,免
588,3,0.42869177338467473,0.013939956095584913,0.6666666666666666,无偿 免费 无条件,无条件 免费 无偿,无条件 无偿 免费,无偿 免费 无条件
589,3,0.5482080269484828,0.26038039405867147,0.0,承诺 诺言 兑现,兑现 诺言 承诺,诺言 承诺 兑现,承诺 诺言 兑现
590,3,0.4133530603225351,0.06371814510280174,0.0,社会主义 社会 党,社会 党 社会主义,党 社会主义 社会,社会主义 社会 党
591,18,0.38750548723683265,-0.04493568382094548,0.6666666666666666,罐 袋 瓶 箱 筐 盒 盒子 包 壶 筒 口袋 缸,钱包 窑 后备箱 兜 花瓶 箱 壶 筒,盒子 兜 包 钱包 壶 箱 筐 筒 窑 缸 罐 瓶,罐 袋 瓶 箱 筐 盒 盒子 包 壶 筒 口袋 缸 盆 后备箱 兜 花瓶 钱包 窑
592,4,0.3917745355158502,0.003699617145686309,0.75,兜售 卖 出卖 散布,散布 出卖 卖 兜售,卖 出卖 兜售 散布,兜售 卖 出卖 散布
593,5,0.5011359892932673,0.1726679195637505,0.0,进入 入 进 步入 涌入,涌入 进 步入 入 进入,涌入 入 进入 步入 进,进入 入 进 步入 涌入
594,2,0.4655209771055202,0.12911006290062976,0.0,入口 流量,流量 入口,流量 入口,入口 流量
595,17,0.4216226697301033,0.012871203124949406,0.4117647058823529,证件 护照 签证 执照 通行证 许可证 证书 驾照 入境 身份证 申领 许可,出国 申领 出境 认证 过境 身份证 证书 许可,签证 许可 入境 护照 执照 许可证 牌照 出国 出境 身份证 通行证 证书,证件 护照 签证 执照 通行证 许可证 证书 驾照 入境 身份证 申领 许可 认证 出境 牌照 过境 出国
596,3,0.47985436749101584,0.1649785971865151,0.0,出发 入手 角度,角度 出发 入手,入手 出发 角度,出发 入手 角度
597,4,0.3493094671710794,-0.01225311447027766,0.75,名单 名额 入选 清单,清单 入选 名额 名单,入选 名额 清单 名单,名单 名额 入选 清单
598,4,0.4056805133743076,0.07088293997082795,0.5,新手 入门 新人 门槛,门槛 新人 入门 新手,入门 新手 新人 门槛,新手 入门 新人 门槛
599,1,,0.0,0.0,全,全,全,全
600,2,0.5636784188864532,0.3002179398529137,0.0,全体 广大,全体 广大,全体 广大,全体 广大
601,4,0.5351513493582553,0.2182193503912568,0.25,大局 全局 顾全大局 长远,长远 顾全大局 大局 全局,长远 大局 全局 顾全大局,大局 全局 顾全大局 长远
602,3,0.3934144894527294,0.012535876189801143,0.6666666666666666,详细 具体 全文,全文 具体 详细,全文 具体 详细,详细 具体 全文
603,6,0.40809017911671613,0.019321676355762516,0.16666666666666666,新 旧 全新 崭新 老 怀旧,怀旧 旧 新 老 崭新 全新,旧 新 全新 老 崭新 怀旧,新 旧 全新 崭新 老 怀旧
604,1,,0.0,0.0,全程,全程,全程,全程
605,5,0.37065304620296036,-0.047681452317413976,0.8,完全 彻底 绝对 绝 全面,全面 绝对 绝 完全 彻底,彻底 绝 绝对 完全 全面,完全 彻底 绝对 绝 全面
606,1,,0.0,0.0,八卦,八卦,八卦,八卦
607,1,,0.0,0.0,公,公,公,公
608,11,0.48074251312478083,0.1299944059981413,0.2727272727272727,皇帝 王后 国王 皇后 公主 皇室 王子 皇上 王国 大臣 帝国,帝国 皇上 大臣 王国 皇室 王子 公主 皇后,皇室 皇帝 皇后 皇上 国王 大臣 帝国 公主 王子 王后 王国,皇帝 王后 国王 皇后 公主 皇室 王子 皇上 王国 大臣 帝国
609,4,0.5050702392229877,0.2179433663070141,0.0,廉洁 廉政 廉正 公仆,公仆 廉正 廉洁 廉政,廉政 廉洁 廉正 公仆,廉洁 廉政 廉正 公仆
610,1,,0.0,0.0,公元,公元,公元,公元
611,3,0.5272188788876034,0.256573018929714,0.0,公共场所 场所 场合,场所 公共场所 场合,公共场所 场所 场合,公共场所 场所 场合
612,2,0.5096972342278728,0.2210789856393782,0.0,公关 广告,广告 公关,广告 公关,公关 广告
613,3,0.4544529659080671,0.11976346539336091,0.0,接待 公务 接送,接送 公务 接待,接待 公务 接送,接待 公务 接送
614,4,0.4622866098471876,0.12058855823813475,0.0,公司 股份 集团 股东,股东 股份 集团 公司,股份 股东 公司 集团,公司 股份 集团 股东
615,8,0.43150763551238086,0.0654521217591089,0.25,通告 通知 通报 报告 通知书 汇报 公告 报到,报到 公告 汇报 通报 报告 通知书 通告 通知,通告 汇报 报告 报到 通知书 公告 通报 通知,通告 通知 通报 报告 通知书 汇报 公告 报到
616,25,0.46448175201043285,0.09337608301512504,0.2,墓 坟 墓地 坟墓 墓碑 公墓 葬 祭奠 纪念碑 遗物 遗体 扫墓,棺材 庙 遗体 尸体 葬礼 出土 遗址 祭,尸体 墓地 坟 墓 庙 葬礼 祭 碑 烈士 棺材 纪念馆 陪葬,墓 坟 墓地 坟墓 墓碑 公墓 葬 祭奠 纪念碑 遗物 遗体 扫墓 祭祀 葬礼 碑 庙 陪葬 烈士 纪念馆 遗址 瞻仰 祭 尸体 棺材 出土
617,19,0.42485595978676877,0.0476565996036041,0.3157894736842105,实施 制定 实行 推行 制订 出台 颁布 施行 落实 试行 开展 贯彻,搞好 落地 公布 发布 制定 制订 采取 推出,颁布 制订 实施 开展 发布 搞好 试行 落实 落地 推出 制定 采取,实施 制定 实行 推行 制订 出台 颁布 施行 落实 试行 开展 贯彻 推出 采取 发布 执行 公布 搞好 落地
618,4,0.3823002168057479,0.014996676247115598,0.5,披露 预告 公开 披,公开 披 预告 披露,披 披露 预告 公开,披露 预告 公开 披
619,6,0.40874367290233415,-0.0032397474678815727,0.5,理论 原理 公式 模型 概论 曲线,曲线 概论 模型 公式 理论 原理,曲线 模型 原理 理论 公式 概论,理论 原理 公式 模型 概论 曲线
620,5,0.4557669242525928,0.09530289343584343,0.2,养老 养老金 养老院 公积金 社区,社区 公积金 养老院 养老金 养老,公积金 养老 养老金 养老院 社区,养老 养老金 养老院 公积金 社区
621,4,0.46392058236569916,0.1015385346557367,0.25,自费 公费 报销 掏钱,掏钱 报销 公费 自费,掏钱 公费 自费 报销,自费 公费 报销 掏钱
622,2,0.47095298602165137,0.16376017904481,0.0,共享 分享,分享 共享,共享 分享,共享 分享
623,3,0.5432469760692406,0.24281527458233185,0.0,同盟 联盟 共同体,共同体 联盟 同盟,联盟 同盟 共同体,同盟 联盟 共同体
624,7,0.50095715337397,0.1717363279429702,0.0,特性 特征 特质 属性 性质 性 共性,性 性质 共性 特质 特征 属性 特性,共性 性质 性 属性 特质 特征 特性,特性 特征 特质 属性 性质 性 共性
625,1,,0.0,0.0,关,关,关,关
626,13,0.40894333671399896,-0.009918932733806738,0.6153846153846154,关上 打开 大门 推开 关掉 开启 扇 敞开 关闭 拉开 钥匙 门,开启 门 钥匙 关掉 拉开 闭 关闭 敞开,关上 关掉 开启 扇 敞开 推开 门 闭 关闭 拉开 大门 打开,关上 打开 大门 推开 关掉 开启 扇 敞开 关闭 拉开 钥匙 门 闭
627,7,0.400862955704078,0.033723436733579124,0.5714285714285714,有关 息息相关 无关 相关 挂钩 格格不入 关于,格格不入 相关 关于 挂钩 息息相关 无关 有关,关于 息息相关 无关 有关 相关 挂钩 格格不入,有关 息息相关 无关 相关 挂钩 格格不入 关于
628,1,,0.0,0.0,兴奋剂,兴奋剂,兴奋剂,兴奋剂
629,9,0.4580439294043049,0.10898562413663401,0.1111111111111111,富强 昌盛 繁荣 兴旺 富裕 振兴 复兴 发达 小康,发达 小康 富裕 复兴 振兴 兴旺 富强 繁荣,昌盛 小康 兴旺 振兴 繁荣 发达 富强 富裕 复兴,富强 昌盛 繁荣 兴旺 富裕 振兴 复兴 发达 小康
630,7,0.4186453663194798,0.022728426069374908,0.2857142857142857,崛起 兴起 诞生 壮大 发展 成长 问世,问世 发展 成长 诞生 壮大 兴起 崛起,诞生 成长 问世 发展 兴起 壮大 崛起,崛起 兴起 诞生 壮大 发展 成长 问世
631,2,0.5372455277225094,0.2566791472553877,0.0,期间 其间,期间 其间,其间 期间,期间 其间
632,3,0.45134927964706656,0.09021511973415182,0.0,勒 兹 托,兹 托 勒,兹 勒 托,勒 兹 托
633,11,0.4411018432923816,0.09414606624394396,0.2727272727272727,收养 抚养 领养 养 赡养 喂养 收留 孤儿 抚养费 宠物 驯,驯 宠物 抚养费 孤儿 收留 赡养 喂养 养,养 收留 宠物 抚养费 收养 驯 赡养 领养 抚养 喂养 孤儿,收养 抚养 领养 养 赡养 喂养 收留 孤儿 抚养费 宠物 驯
634,11,0.4505760220662195,0.06856868825296426,0.2727272727272727,塑造 造就 培育 培养 营造 打造 创造 树立 孕育 哺育 养成,哺育 创造 孕育 树立 养成 营造 培养 打造,培育 树立 打造 营造 创造 培养 哺育 养成 造就 孕育 塑造,塑造 造就 培育 培养 营造 打造 创造 树立 孕育 哺育 养成
635,3,0.43223637720317437,0.05615869082405025,0.3333333333333333,兼容 并行 兼顾,并行 兼顾 兼容,兼容 并行 兼顾,兼容 并行 兼顾
636,1,,0.0,0.0,内向,内向,内向,内向
637,4,0.4198522171265478,0.05497912726783502,0.25,存在 潜在 内在 存,内在 潜在 存 存在,存 潜在 存在 内在,存在 潜在 内在 存
638,6,0.3825552016605415,0.0008937452650744221,0.3333333333333333,外部 内部 外界 内外 外来 高层,高层 外来 外界 内部 内外 外部,内部 外部 外来 外界 内外 高层,外部 内部 外界 内外 外来 高层
639,1,,0.0,0.0,内容,内容,内容,内容
640,13,0.4327275519618946,0.04185921851848045,0.46153846153846156,心里 内心 心中 心灵 心 心目 脑海 心情 心胸 身心 眼里 心理,心理 心胸 眼前 身心 心 眼里 心情 脑海,眼里 心 心情 心理 心目 心灵 心中 眼前 内心 心胸 心里 脑海,心里 内心 心中 心灵 心 心目 脑海 心情 心胸 身心 眼里 心理 眼前
641,13,0.42481479983373616,-0.035201781391052185,0.5384615384615384,涵义 起源 渊源 由来 含义 根源 来历 内涵 发源地 来龙去脉 本质 源泉,本质 内涵 源头 发源地 根源 源泉 来历 来龙去脉,渊源 根源 涵义 源泉 源头 由来 发源地 本质 内涵 来历 含义 来龙去脉,涵义 起源 渊源 由来 含义 根源 来历 内涵 发源地 来龙去脉 本质 源泉 源头
642,3,0.6394131550132014,0.4304527966668936,0.0,内行 外行 行家,行家 外行 内行,内行 行家 外行,内行 外行 行家
643,1,,0.0,0.0,内需,内需,内需,内需
644,3,0.45271113667037405,0.07347428229857195,0.0,册 卷 页,卷 页 册,册 卷 页,册 卷 页
645,8,0.4375758621823679,0.018827289866979083,0.375,废物 废品 回收 垃圾 废 再生 报废 循环,循环 垃圾 报废 废 再生 回收 废物 废品,废 废物 再生 废品 报废 回收 循环 垃圾,废物 废品 回收 垃圾 废 再生 报废 循环
646,8,0.3452270082413208,-0.10130983016523973,0.875,跑 奔跑 奔 窜 走 赛跑 冒 竞赛,竞赛 冒 走 赛跑 奔 奔跑 窜 跑,冒 奔 竞赛 窜 跑 走 赛跑 奔跑,跑 奔跑 奔 窜 走 赛跑 冒 竞赛
647,4,0.4560201663474484,0.07875975332950369,0.0,冒昧 抱歉 孤陋寡闻 荣幸,孤陋寡闻 荣幸 抱歉 冒昧,抱歉 孤陋寡闻 荣幸 冒昧,冒昧 抱歉 孤陋寡闻 荣幸
648,7,0.3832406038052324,-0.02482082356625163,0.5714285714285714,打搅 打断 打扰 冒犯 怠慢 断 切断,断 切断 怠慢 冒犯 打扰 打搅 打断,断 切断 打扰 打断 打搅 冒犯 怠慢,打搅 打断 打扰 冒犯 怠慢 断 切断
649,4,0.3975919075612191,-0.015322039758132271,0.5,风险 危险 冒险 提示,冒险 提示 危险 风险,提示 风险 危险 冒险,风险 危险 冒险 提示
650,11,0.48628295718331954,0.11860085354575696,0.09090909090909091,单调 粗糙 枯燥 陈旧 简陋 笨重 沉闷 破旧 单薄 生硬 冗长,冗长 陈旧 生硬 笨重 单调 破旧 沉闷 简陋,粗糙 笨重 陈旧 冗长 单薄 单调 生硬 枯燥 破旧 简陋 沉闷,单调 粗糙 枯燥 陈旧 简陋 笨重 沉闷 破旧 单薄 生硬 冗长
651,6,0.45288956609280184,0.12079632745698983,0.16666666666666666,农场 牧场 合作社 庄园 果园 社,社 果园 庄园 合作社 牧场 农场,社 果园 牧场 合作社 庄园 农场,农场 牧场 合作社 庄园 果园 社
652,13,0.5376784903610138,0.2625867843671967,0.0,春季 夏季 秋季 冬季 季节 秋天 夏天 时节 春天 四季 旺季 淡季,旺季 淡季 季 时节 四季 春天 夏天 秋天,季 冬季 四季 季节 旺季 时节 淡季 春天 春季 秋天 秋季 夏天,春季 夏季 秋季 冬季 季节 秋天 夏天 时节 春天 四季 旺季 淡季 季
653,8,0.4222880637260274,0.005241272941319822,0.625,雪 冰 冰雪 霜 融化 冰山 瑞雪 雾,冰山 雾 融化 霜 瑞雪 冰雪 冰 雪,冰雪 冰 霜 雪 雾 冰山 融化 瑞雪,雪 冰 冰雪 霜 融化 冰山 瑞雪 雾
654,13,0.492154842040879,0.13092233351543184,0.23076923076923078,冰箱 洗衣机 热水器 电饭锅 微波炉 彩电 空调 电视机 家电 电器 水槽 家用,家用 炉灶 水槽 家电 电器 空调 电视机 电饭锅,热水器 微波炉 彩电 电器 洗衣机 炉灶 空调 电饭锅 冰箱 水槽 家用 家电,冰箱 洗衣机 热水器 电饭锅 微波炉 彩电 空调 电视机 家电 电器 水槽 家用 炉灶
655,6,0.46750348018365917,0.15303597510222922,0.16666666666666666,冲撞 撞击 碰撞 冲击 摩擦 冲,冲 摩擦 冲击 碰撞 冲撞 撞击,冲 撞击 冲击 冲撞 摩擦 碰撞,冲撞 撞击 碰撞 冲击 摩擦 冲
656,6,0.3570346087403921,-0.03667519344784886,0.8333333333333334,决议 表决 声明 董事会 议 郑重,议 郑重 董事会 声明 表决 决议,郑重 决议 议 声明 表决 董事会,决议 表决 声明 董事会 议 郑重
657,5,0.4656839752164846,0.12080894140050105,0.0,冷 暖 凉 冻 转,转 冻 凉 暖 冷,冷 冻 凉 暖 转,冷 暖 凉 冻 转
658,3,0.5457514051248539,0.26494491437688544,0.0,冷门 热门 黑马,黑马 热门 冷门,黑马 冷门 热门,冷门 热门 黑马
659,1,,0.0,0.0,冻结,冻结,冻结,冻结
660,6,0.392738085354913,0.03140955252845278,0.5,流向 流入 去向 动向 流动 净,净 流动 动向 去向 流入 流向,净 流动 流入 流向 去向 动向,流向 流入 去向 动向 流动 净
661,11,0.4422728716881475,0.09902706678244262,0.09090909090909091,去除 去掉 清除 除去 剔除 扫除 删除 排除 扣除 过滤 净化,净化 扫除 扣除 过滤 删除 排除 清除 剔除,排除 剔除 净化 删除 扣除 扫除 去掉 去除 清除 除去 过滤,去除 去掉 清除 除去 剔除 扫除 删除 排除 扣除 过滤 净化
662,5,0.4057694867965447,0.041079831128202446,0.2,降 减 增 调 准,准 调 增 减 降,准 减 增 降 调,降 减 增 调 准
663,12,0.44411283833867415,0.0447469767430107,0.3333333333333333,规则 规矩 准则 法规 规定 规范 纪律 遵守 原则 标准 秩序 规律,标准 规律 纪律 遵守 规矩 原则 规范 秩序,规范 法规 准则 规律 规定 规则 规矩 原则 秩序 遵守 纪律 标准,规则 规矩 准则 法规 规定 规范 纪律 遵守 原则 标准 秩序 规律
664,16,0.4324564206012615,-0.008240967339415739,0.6875,准确 确切 清晰 详尽 清楚 精确 确凿 透彻 直观 明确 真实 贴切,透彻 如实 明朗 详尽 清楚 真实 直观 贴切,客观 详尽 完整 真实 确切 确凿 明确 透彻 明朗 清晰 清楚 直观,准确 确切 清晰 详尽 清楚 精确 确凿 透彻 直观 明确 真实 贴切 完整 客观 如实 明朗
665,1,,0.0,0.0,减压,减压,减压,减压
666,3,0.5071629985969751,0.19434863814674794,0.0,凑合 勉强 凑,凑 勉强 凑合,凑 勉强 凑合,凑合 勉强 凑
667,9,0.49879521841166885,0.13521428574540872,0.1111111111111111,汇聚 聚集 汇集 集结 凝聚 集合 聚 汇合 集中,集中 汇合 聚 集合 凝聚 汇集 汇聚 集结,集中 汇集 集结 汇聚 汇合 凝聚 聚 聚集 集合,汇聚 聚集 汇集 集结 凝聚 集合 聚 汇合 集中
668,5,0.5057100966342508,0.2411773164269845,0.0,几率 成功率 概率 率 效率,效率 率 概率 成功率 几率,概率 率 效率 几率 成功率,几率 成功率 概率 率 效率
669,1,,0.0,0.0,凤凰,凤凰,凤凰,凤凰
670,1,,0.0,0.0,凯歌,凯歌,凯歌,凯歌
671,14,0.44818518380092287,0.052727366958563004,0.07142857142857142,凹 凸 弯 圆形 圆 斜 扁 翘 尖 形 拱 竖,斜 歪 翘 竖 弯 棱角 形 凸,圆形 凹 凸 圆 尖 弯 形 竖 翘 斜 扁 拱,凹 凸 弯 圆形 圆 斜 扁 翘 尖 形 拱 竖 棱角 歪
672,6,0.4203940305181435,0.06058470511321934,0.5,看出 看得出 得出 可见 看 出,出 看 可见 得出 看得出 看出,看出 出 得出 看 可见 看得出,看出 看得出 得出 可见 看 出
673,13,0.40000230778008045,-0.026773446391140796,0.46153846153846156,耍 出洋相 逞能 出丑 耍赖 出风头 搞鬼 出难题 穿小鞋 瞎 逼 泼冷水,逞能 惯 泼冷水 瞎 出风头 出难题 逼 耍赖,耍赖 瞎 惯 搞鬼 出难题 出风头 逼 逞能 泼冷水 耍 出丑 穿小鞋,耍 出洋相 逞能 出丑 耍赖 出风头 搞鬼 出难题 穿小鞋 瞎 逼 泼冷水 惯
674,14,0.41710544350297135,0.05152834853925363,0.35714285714285715,源于 来源于 得益于 基于 由于 对于 鉴于 出于 来自 针对 出自 随着,随着 来源 针对 对于 纵观 出自 出于 基于,基于 对于 得益于 纵观 出自 来自 出于 由于 源于 随着 鉴于 来源,源于 来源于 得益于 基于 由于 对于 鉴于 出于 来自 针对 出自 随着 纵观 来源
675,8,0.4946960680744024,0.11962288022286388,0.375,意料之外 出人意料 意料 意外 惊喜 意想不到 喜出望外 巧合,巧合 喜出望外 意想不到 惊喜 出人意料 意外 意料 意料之外,惊喜 出人意料 意外 意料 意料之外 巧合 意想不到 喜出望外,意料之外 出人意料 意料 意外 惊喜 意想不到 喜出望外 巧合
676,4,0.5727435931722936,0.3083122879043355,0.0,派出 派遣 派 出动,出动 派遣 派 派出,派 派遣 出动 派出,派出 派遣 派 出动
677,4,0.3757818749193633,-0.004609378372628678,0.25,引经据典 出口成章 脱口而出 引用,引用 脱口而出 引经据典 出口成章,脱口而出 引经据典 引用 出口成章,引经据典 出口成章 脱口而出 引用
678,8,0.4047956316662843,-0.025444719090410718,0.5,购买 出售 收购 销售 采购 购 转让 批发,批发 采购 转让 收购 销售 出售 购 购买,转让 采购 收购 批发 购 出售 销售 购买,购买 出售 收购 销售 采购 购 转让 批发
679,14,0.4356967257886332,0.012649861796265273,0.42857142857142855,获胜 取胜 胜出 败 失利 战胜 胜 赢 胜利 胜负 失败 出局,过关 出局 胜 胜利 胜负 失败 输 赢,获胜 取胜 失败 胜 赢 败 输 出局 战胜 胜利 胜出 失利,获胜 取胜 胜出 败 失利 战胜 胜 赢 胜利 胜负 失败 出局 输 过关
680,8,0.42281767304224316,0.06939393351730444,0.25,出生 祖籍 国籍 出身 身高 性别 土生土长 生,生 身高 性别 土生土长 国籍 出身 出生 祖籍,祖籍 生 身高 出身 国籍 土生土长 出生 性别,出生 祖籍 国籍 出身 身高 性别 土生土长 生
681,7,0.46118569374609714,0.1298317849460386,0.0,出租 租金 租赁 租 物业 房东 开发商,物业 房东 开发商 租 租金 租赁 出租,物业 租 租赁 租金 出租 开发商 房东,出租 租金 租赁 租 物业 房东 开发商
682,3,0.46007828437252324,0.09390647337672525,0.0,出资 合资 拟,拟 合资 出资,拟 合资 出资,出资 合资 拟
683,6,0.37501252460571216,-0.02565980211479597,0.8333333333333334,出走 投奔 撤离 避难 撤 各奔前程,各奔前程 撤 避难 出走 投奔 撤离,撤离 撤 各奔前程 出走 投奔 避难,出走 投奔 撤离 避难 撤 各奔前程
684,7,0.40193023018210927,0.01829371236393113,0.42857142857142855,路子 门路 出路 方针 方向 路线 甜头,甜头 方向 路线 方针 门路 出路 路子,门路 甜头 出路 方针 路子 方向 路线,路子 门路 出路 方针 方向 路线 甜头
685,9,0.427054838780448,0.004075973381911423,0.4444444444444444,锯 凿 磨 割 铲 削 切割 打磨 挖,切割 打磨 割 挖 削 凿 铲 磨,凿 削 割 磨 挖 切割 锯 铲 打磨,锯 凿 磨 割 铲 削 切割 打磨 挖
686,30,0.4581062211883739,0.03718006172026166,0.36666666666666664,棍子 钳子 剪子 叉子 梳子 剪刀 刷子 筷子 铲子 绳子 竹竿 斧子,盘子 木头 刀 橡皮 棍 石头 吸管 尺子,叉子 刀 瓶子 钉子 筷子 棍 禅杖 绳子 刷子 斧子 盘子 钳子,棍子 钳子 剪子 叉子 梳子 剪刀 刷子 筷子 铲子 绳子 竹竿 斧子 棍 木头 钉子 钩子 扇子 船桨 尺子 刀 瓶子 拐杖 禅杖 石头 吸管 橡皮 螺丝 卡子 锤子 盘子
687,8,0.39437685988359833,0.03430749452973366,0.375,分开 分离 分割 隔开 分成 隔离 分裂 分,分 分裂 隔离 分成 隔开 分割 分开 分离,分 分裂 分成 分离 分开 分割 隔离 隔开,分开 分离 分割 隔开 分成 隔离 分裂 分
688,6,0.40858484717580834,0.04010270541984857,0.3333333333333333,分寸 恰到好处 火候 恰如其分 讲究 底线,底线 讲究 恰如其分 火候 恰到好处 分寸,底线 火候 恰到好处 讲究 恰如其分 分寸,分寸 恰到好处 火候 恰如其分 讲究 底线
689,10,0.41777769521198777,0.048386492672414856,0.4,职权 权利 权力 权 行使 职能 特权 利益 权益 分工,利益 分工 职能 权益 特权 权力 权 职权,权 行使 利益 权利 权力 权益 职能 分工 职权 特权,职权 权利 权力 权 行使 职能 特权 利益 权益 分工
690,2,0.5394247851134193,0.2444703315973024,0.0,分布 分散,分散 分布,分散 分布,分布 分散
691,19,0.4342521139344804,0.03736175960780169,0.42105263157894735,结婚 订婚 离婚 求婚 恋爱 婚姻 婚礼 分手 约会 嫁 新娘 怀孕,表白 生育 成家 嫁妆 怀孕 失恋 嫁 情侣,生育 嫁 婚礼 婚姻 恋爱 新娘 约会 成家 离婚 嫁妆 新郎 怀孕,结婚 订婚 离婚 求婚 恋爱 婚姻 婚礼 分手 约会 嫁 新娘 怀孕 新郎 情侣 成家 表白 嫁妆 失恋 生育
692,7,0.39487206827350657,0.02551034596404707,0.42857142857142855,势力 派别 政权 武装 武力 种族 分支,分支 武力 种族 政权 武装 派别 势力,武装 种族 武力 势力 分支 派别 政权,势力 派别 政权 武装 武力 种族 分支
693,3,0.41067386901653746,0.03701721096531093,0.6666666666666666,鲜明 特色 分明,分明 特色 鲜明,鲜明 分明 特色,鲜明 特色 分明
694,5,0.5241871705009385,0.22534080343904833,0.0,类型 类别 种类 类 分类,类 种类 分类 类别 类型,类 种类 类型 类别 分类,类型 类别 种类 类 分类
695,3,0.41873379913963144,0.035150302126904946,0.3333333333333333,分红 现金 分配,分配 现金 分红,分配 分红 现金,分红 现金 分配
696,4,0.46438039964694183,0.1449930710036403,0.0,分组 小组 组 抽签,抽签 小组 组 分组,抽签 组 小组 分组,分组 小组 组 抽签
697,3,0.48598175062122545,0.1573071079936104,0.0,生成 合成 分解,分解 生成 合成,分解 生成 合成,生成 合成 分解
698,12,0.45784195917656717,0.0688657728873182,0.4166666666666667,辨别 分辨 区分 鉴别 辨认 识别 真假 判定 区别 混淆 鉴定 察觉,察觉 鉴定 判定 区别 混淆 区分 真假 识别,辨认 区分 区别 真假 判定 分辨 辨别 识别 鉴定 鉴别 察觉 混淆,辨别 分辨 区分 鉴别 辨认 识别 真假 判定 区别 混淆 鉴定 察觉
699,2,0.4614981584919582,0.16932838513869986,0.0,沉甸甸 分量,分量 沉甸甸,沉甸甸 分量,沉甸甸 分量
700,8,0.39575235561386773,-0.02377350472347571,0.75,剪 剃 拔 梳 切 斩 裁 插,插 裁 拔 切 斩 剃 梳 剪,切 剃 剪 斩 拔 插 梳 裁,剪 剃 拔 梳 切 斩 裁 插
701,2,0.4923912680235125,0.1580583141450707,0.0,拨 划,划 拨,划 拨,拨 划
702,8,0.46500093843822554,0.07806622320660293,0.375,界定 定义 界限 划分 界线 范畴 概念 定位,定位 范畴 界线 概念 划分 定义 界限 界定,概念 划分 界限 界线 界定 定位 定义 范畴,界定 定义 界限 划分 界线 范畴 概念 定位
703,7,0.5242552147844876,0.2486413872964968,0.0,刚好 正好 刚刚 刚 恰好 刚才 快要,刚才 快要 恰好 刚刚 刚 正好 刚好,刚 恰好 快要 刚才 刚刚 刚好 正好,刚好 正好 刚刚 刚 恰好 刚才 快要
704,6,0.40204794094898255,0.05208541299382307,0.16666666666666666,纪录 创 刷新 记录 历史 融,融 记录 历史 刷新 创 纪录,创 刷新 融 记录 纪录 历史,纪录 创 刷新 记录 历史 融
705,6,0.45648363456848917,0.1001358534074197,0.16666666666666666,设计师 设计 创意 建筑师 灵感 策划,策划 灵感 建筑师 创意 设计 设计师,策划 灵感 建筑师 创意 设计 设计师,设计师 设计 创意 建筑师 灵感 策划
706,10,0.3797698276604911,-0.018659299677529776,0.7,高科技 高新技术 新型 创新 新兴 科技 技术 现代化 服务业 多功能,多功能 服务业 新兴 科技 新型 现代化 技术 创新,高科技 新型 新兴 服务业 现代化 技术 科技 多功能 高新技术 创新,高科技 高新技术 新型 创新 新兴 科技 技术 现代化 服务业 多功能
707,3,0.43489277830031364,0.09088339480648468,0.3333333333333333,首次 初次 首创,首创 初次 首次,初次 首创 首次,首次 初次 首创
708,7,0.45165322234672717,0.1611921541983941,0.14285714285714285,大体 大致 大体上 总体 基本 初步 总,总 初步 总体 基本 大体上 大致 大体,基本 总体 总 大体上 大体 初步 大致,大体 大致 大体上 总体 基本 初步 总
709,68,0.43219218696993505,-0.02683007138679018,0.6176470588235294,踹 拽 拧 磕 摔 搓 蹦 蹬 捏 捅 砸 揍,摔倒 爬 抱 刨 揍 抓 蹲 拉,刨 刮 劈 叼 咬 啃 碰 磕 砸 砍 爬 甩,踹 拽 拧 磕 摔 搓 蹦 蹬 捏 捅 砸 揍 扔 咬 叼 踢 搂 捶 敲 揪 拎 扒 摸 抠 劈 掰 擦 扯 甩 舔 蹭 掐 抡 爬 撞 揉 抖 碰 砍 捡 掏 瞅 撕 刨 挠 溜 躺 扳 打 踩 揣 扛 晃 跳 趴 啃 刮 搀 拉 扑 蹲 滚 拦 撬 抱 踏 摔倒 抓
710,1,,0.0,0.0,利,利,利,利
711,2,0.5590330571700759,0.3042049469105388,0.0,得失 利害,利害 得失,得失 利害,得失 利害
712,6,0.38379649255468595,-0.028290322781394855,0.8333333333333334,期限 时间 日期 有效期 时间表 利率,时间表 利率 期限 有效期 时间 日期,日期 有效期 期限 利率 时间 时间表,期限 时间 日期 有效期 时间表 利率
713,3,0.46970228533695185,0.10940989623975084,0.0,费劲 利索 碍事,费劲 碍事 利索,利索 碍事 费劲,费劲 利索 碍事
714,7,0.35699513122527304,-0.03422120767915507,0.7142857142857143,结束 完毕 终结 宣告 完 告别 到位,到位 告别 完 终结 宣告 完毕 结束,到位 完 完毕 宣告 结束 告别 终结,结束 完毕 终结 宣告 完 告别 到位
715,6,0.4436266241962989,0.09192254082292389,0.16666666666666666,到处 处处 四处 遍地 无不 皆,皆 遍地 无不 四处 处处 到处,到处 皆 四处 无不 遍地 处处,到处 处处 四处 遍地 无不 皆
716,4,0.4625915719676472,0.1537293431556851,0.0,制成 特制 制 定做,定做 制 特制 制成,制 制成 定做 特制,制成 特制 制 定做
717,10,0.39375987026606313,0.010749810110501447,0.5,研制 研发 研究 攻关 开发 课题 研讨 论证 制作 制造,制作 制造 研讨 论证 课题 开发 研制 研发,制造 开发 攻关 研究 课题 研发 研制 制作 研讨 论证,研制 研发 研究 攻关 开发 课题 研讨 论证 制作 制造
718,2,0.4707573158089886,0.14667170791792933,0.0,爆 刷,爆 刷,刷 爆,爆 刷
719,3,0.3605095604706372,-0.024092967916182543,0.6666666666666666,吻 刺 拥抱,刺 拥抱 吻,刺 吻 拥抱,吻 刺 拥抱
720,2,0.4744468944070215,0.0766983739596504,0.0,刻舟求剑 朝三暮四,刻舟求剑 朝三暮四,刻舟求剑 朝三暮四,刻舟求剑 朝三暮四
721,14,0.48135709687471234,0.13344206037497677,0.07142857142857142,近来 眼下 目前 近期 当前 近日 近年来 如今 最近 当下 前不久 现在,当今 现在 近年来 近期 当前 日前 目前 如今,现在 当下 当今 当前 前不久 目前 眼下 最近 近日 近来 近期 如今,近来 眼下 目前 近期 当前 近日 近年来 如今 最近 当下 前不久 现在 日前 当今
722,2,0.6250470156443699,0.38499558390366184,0.0,后台 前台,后台 前台,后台 前台,后台 前台
723,3,0.5439977960147485,0.27561471785337094,0.0,前景 前途 展望,展望 前途 前景,展望 前景 前途,前景 前途 展望
724,3,0.4398347199240375,0.10645004432190906,0.0,前沿 尖端 超前,超前 尖端 前沿,超前 尖端 前沿,前沿 尖端 超前
725,4,0.4084258689587137,-0.013036010600603167,0.75,战场 舞台 前线 银幕,前线 银幕 舞台 战场,舞台 银幕 前线 战场,战场 舞台 前线 银幕
726,2,0.8200359094416292,0.7102575403304676,0.0,后者 前者,后者 前者,前者 后者,后者 前者
727,11,0.45178144912262524,0.05303412468458876,0.2727272727272727,搏斗 英勇 奋勇 抗争 斗争 奋斗 战斗 勇往直前 挣扎 前赴后继 斗,勇往直前 挣扎 斗 战斗 前赴后继 抗争 英勇 奋斗,斗争 前赴后继 斗 英勇 挣扎 奋勇 搏斗 奋斗 抗争 战斗 勇往直前,搏斗 英勇 奋勇 抗争 斗争 奋斗 战斗 勇往直前 挣扎 前赴后继 斗
728,12,0.43366286848479796,0.06485815995317588,0.3333333333333333,向着 朝着 沿着 向前 往 向 顺着 朝 迈进 沿 前进 面向,迈进 面向 前进 向 朝 沿 往 顺着,向 往 顺着 朝 沿 面向 向着 向前 沿着 迈进 朝着 前进,向着 朝着 沿着 向前 往 向 顺着 朝 迈进 沿 前进 面向
729,5,0.4571638654952827,0.1105429542276958,0.2,剑 弓 拳 箭 太极,太极 箭 弓 拳 剑,剑 弓 箭 拳 太极,剑 弓 拳 箭 太极
730,8,0.38447706363815737,-0.014581665221661953,0.625,拣 剥 拾 摘 取 榨 脱 淘,脱 淘 榨 摘 取 剥 拣 拾,剥 取 摘 拾 拣 淘 榨 脱,拣 剥 拾 摘 取 榨 脱 淘
731,5,0.40194690154746765,0.05228340191762206,0.4,大面积 大规模 大幅度 剧烈 局部,局部 剧烈 大幅度 大规模 大面积,大规模 大幅度 大面积 剧烈 局部,大面积 大规模 大幅度 剧烈 局部
732,7,0.4483092047471339,0.09270405862617381,0.14285714285714285,剩下 剩 留 剩余 留下 遗留 多余,遗留 多余 留 留下 剩 剩余 剩下,剩余 剩下 剩 留 多余 遗留 留下,剩下 剩 留 剩余 留下 遗留 多余
733,1,,0.0,0.0,副,副,副,副
734,5,0.40456455618166104,0.02586835607181954,0.2,正能量 力量 能量 力 励志,励志 力量 能量 力 正能量,力 励志 正能量 力量 能量,正能量 力量 能量 力 励志
735,10,0.4425531447148245,0.010817001515922593,0.4,精疲力竭 疲惫不堪 无精打采 力不从心 吃力 无力 无能为力 走投无路 动弹 心急如焚,心急如焚 吃力 动弹 无能为力 走投无路 力不从心 疲惫不堪 无力,力不从心 无力 精疲力竭 无能为力 走投无路 疲惫不堪 无精打采 动弹 心急如焚 吃力,精疲力竭 疲惫不堪 无精打采 力不从心 吃力 无力 无能为力 走投无路 动弹 心急如焚
736,9,0.4319928123980421,0.06690867630322167,0.2222222222222222,速度 步伐 进度 节奏 提速 进程 力度 幅度 时速,时速 进程 幅度 步伐 提速 节奏 力度 进度,进度 进程 速度 时速 步伐 幅度 力度 提速 节奏,速度 步伐 进度 节奏 提速 进程 力度 幅度 时速
737,1,,0.0,0.0,力所能及,力所能及,力所能及,力所能及
738,8,0.5125793084189856,0.1475531679866053,0.25,大使馆 领事 领事馆 大使 驻 外交官 外交 办事处,办事处 外交 大使 外交官 驻 领事馆 领事 大使馆,外交官 大使馆 领事馆 办事处 大使 驻 领事 外交,大使馆 领事 领事馆 大使 驻 外交官 外交 办事处
739,3,0.45532734055397156,0.12926112551697885,0.0,商务 商业 办公,办公 商业 商务,办公 商务 商业,商务 商业 办公
740,10,0.4339392313695889,0.04858043655473687,0.3,教学 学术 科研 办学 治学 学科 师资 讲学 教育 科学,教育 科学 讲学 师资 学科 科研 治学 学术,办学 教育 师资 治学 学科 学术 科研 科学 讲学 教学,教学 学术 科研 办学 治学 学科 师资 讲学 教育 科学
741,5,0.405264777530933,0.021146308522456476,0.2,立功 功臣 功劳 功 见义勇为,见义勇为 功 立功 功臣 功劳,功 功劳 立功 功臣 见义勇为,立功 功臣 功劳 功 见义勇为
742,5,0.3954207462822602,0.018050498075427048,0.2,功率 马力 动力 引擎 频率,频率 动力 引擎 马力 功率,功率 频率 马力 引擎 动力,功率 马力 动力 引擎 频率
743,4,0.5137773243100218,0.2169138301241893,0.0,添 添加 增添 加,增添 加 添加 添,加 增添 添 添加,添 添加 增添 加
744,8,0.3925176084346634,0.01089247479859347,0.375,参加 参与 投身 加入 报名 踊跃 投稿 加盟,加盟 投稿 加入 报名 投身 踊跃 参加 参与,投身 参加 参与 报名 加盟 加入 踊跃 投稿,参加 参与 投身 加入 报名 踊跃 投稿 加盟
745,7,0.44334503100817146,0.05725007406611662,0.2857142857142857,喝彩 助威 呐喊 加油 叫好 捧场 啦啦队,捧场 啦啦队 叫好 加油 助威 喝彩 呐喊,呐喊 喝彩 叫好 加油 啦啦队 助威 捧场,喝彩 助威 呐喊 加油 叫好 捧场 啦啦队
746,1,,0.0,0.0,动,动,动,动
747,3,0.4273660532073949,0.08636913425189592,0.0,动作 手势 杠铃,手势 杠铃 动作,手势 动作 杠铃,动作 手势 杠铃
748,9,0.46833386370406,0.04207736418449786,0.3333333333333333,竣工 开工 动工 施工 工程 工地 项目 封顶 开业,开业 封顶 施工 工地 项目 工程 动工 开工,工程 竣工 开业 开工 项目 施工 封顶 动工 工地,竣工 开工 动工 施工 工程 工地 项目 封顶 开业
749,11,0.37672964099657685,-0.03244537215216462,0.6363636363636364,监控 监视 跟踪 追踪 监督 监察 遥控 远程 联网 动态 监管,动态 联网 遥控 监察 追踪 监管 远程 监督,远程 追踪 监察 联网 跟踪 监视 遥控 动态 监控 监督 监管,监控 监视 跟踪 追踪 监督 监察 遥控 远程 联网 动态 监管
750,1,,0.0,0.0,动摇,动摇,动摇,动摇
751,1,,0.0,0.0,动静,动静,动静,动静
752,5,0.464276800366979,0.1048250514312861,0.2,土匪 强盗 贼 无恶不作 劫,劫 无恶不作 贼 土匪 强盗,劫 无恶不作 强盗 贼 土匪,土匪 强盗 贼 无恶不作 劫
753,5,0.3812250519996849,-0.01281316447635351,0.6,土地 承包 流转 劳务 国土,国土 劳务 流转 承包 土地,流转 劳务 国土 土地 承包,土地 承包 流转 劳务 国土
754,15,0.4341795678216717,0.05048699979160421,0.4,喧闹 熙熙攘攘 忙碌 热闹 繁忙 拥挤 忙乱 喧哗 繁华 川流不息 欢声笑语 张灯结彩,张灯结彩 紧张 劳累 商贾 川流不息 欢声笑语 忙乱 拥挤,熙熙攘攘 紧张 张灯结彩 川流不息 欢声笑语 劳累 繁华 繁忙 拥挤 喧闹 忙乱 忙碌,喧闹 熙熙攘攘 忙碌 热闹 繁忙 拥挤 忙乱 喧哗 繁华 川流不息 欢声笑语 张灯结彩 劳累 商贾 紧张
755,1,,0.0,0.0,势不可当,势不可当,势不可当,势不可当
756,5,0.5168743203688336,0.20867263570891414,0.2,勇于 敢于 善于 大胆 正视,正视 大胆 善于 勇于 敢于,善于 勇于 敢于 大胆 正视,勇于 敢于 善于 大胆 正视
757,13,0.4527060279736742,0.11724362990060432,0.15384615384615385,奖项 奖 荣誉 获奖 称号 荣获 表彰 颁发 评选 授予 勋章 头衔,颁发 评委 头衔 勋章 评选 表彰 授予 荣获,授予 勋章 颁发 奖项 奖 头衔 评委 称号 获奖 评选 表彰 荣获,奖项 奖 荣誉 获奖 称号 荣获 表彰 颁发 评选 授予 勋章 头衔 评委
758,9,0.4743654763762104,0.15569491501538643,0.2222222222222222,开采 采矿 勘探 矿 矿藏 煤矿 地质 采 开垦,开垦 采 矿 地质 煤矿 矿藏 采矿 勘探,开采 矿 开垦 地质 勘探 采矿 采 矿藏 煤矿,开采 采矿 勘探 矿 矿藏 煤矿 地质 采 开垦
759,3,0.4875060052737075,0.16327027759156995,0.0,叉 拐 勾,勾 拐 叉,勾 叉 拐,叉 拐 勾
760,5,0.519919898699814,0.2057303531635019,0.0,包含 含有 蕴涵 蕴藏 含,含有 蕴藏 蕴涵 含 包含,含有 含 蕴涵 包含 蕴藏,包含 含有 蕴涵 蕴藏 含
761,6,0.40563048399145013,0.0404109407210764,0.3333333333333333,包围 笼罩 簇拥 环绕 围 沉浸,沉浸 环绕 围 簇拥 笼罩 包围,围 笼罩 包围 簇拥 沉浸 环绕,包围 笼罩 簇拥 环绕 围 沉浸
762,10,0.4718425808487676,0.10984678142810582,0.2,容忍 原谅 忍受 饶恕 宽恕 忍耐 忍 承受 包容 放过,放过 承受 忍 包容 忍受 忍耐 宽恕 饶恕,忍 放过 忍受 包容 忍耐 宽恕 原谅 容忍 饶恕 承受,容忍 原谅 忍受 饶恕 宽恕 忍耐 忍 承受 包容 放过
763,6,0.4660035269888384,0.12367019806804812,0.16666666666666666,缝合 缝 包扎 愈合 针 焊,焊 愈合 针 包扎 缝 缝合,包扎 缝 焊 愈合 针 缝合,缝合 缝 包扎 愈合 针 焊
764,4,0.3677603162344297,-0.0009264901481339655,0.5,铺 垫 盖 包袱,盖 包袱 垫 铺,垫 盖 包袱 铺,铺 垫 盖 包袱
765,5,0.41911477076615655,0.06471420045350382,0.0,印刷 打印 包装 复印 打包,打包 包装 复印 印刷 打印,印刷 包装 打包 打印 复印,印刷 打印 包装 复印 打包
766,4,0.4821546987586285,0.19396653793774296,0.0,快递 配送 外卖 包裹,包裹 配送 外卖 快递,包裹 快递 外卖 配送,快递 配送 外卖 包裹
767,1,,0.0,0.0,化,化,化,化
768,12,0.4817691181472198,0.13977350628511384,0.16666666666666666,洗衣粉 沐浴露 肥皂 牙膏 洗涤剂 香水 纯净水 药水 矿泉水 酒精 奶粉 化妆,化妆 奶粉 酒精 药水 矿泉水 纯净水 洗涤剂 牙膏,纯净水 矿泉水 沐浴露 奶粉 牙膏 洗衣粉 肥皂 化妆 药水 酒精 香水 洗涤剂,洗衣粉 沐浴露 肥皂 牙膏 洗涤剂 香水 纯净水 药水 矿泉水 酒精 奶粉 化妆
769,5,0.36806524180714634,-0.025313966763196572,0.6,化石 标本 陨石 样本 火山,火山 样本 标本 陨石 化石,标本 化石 陨石 火山 样本,化石 标本 陨石 样本 火山
770,9,0.44141920835168463,0.09382259294320289,0.3333333333333333,纱 化纤 棉 纺织 织 尼龙 布 橡胶 染,橡胶 布 染 尼龙 织 纺织 棉 化纤,纺织 布 纱 织 染 棉 化纤 尼龙 橡胶,纱 化纤 棉 纺织 织 尼龙 布 橡胶 染
771,4,0.4474242222475508,0.06856947561928771,0.25,平息 摆平 化解 安抚,安抚 化解 摆平 平息,摆平 安抚 化解 平息,平息 摆平 化解 安抚
772,3,0.40223973398070195,-0.04403397231931244,0.6666666666666666,替身 跑龙套 化身,化身 跑龙套 替身,跑龙套 化身 替身,替身 跑龙套 化身
773,1,,0.0,0.0,化险为夷,化险为夷,化险为夷,化险为夷
774,1,,0.0,0.0,北京,北京,北京,北京
775,2,0.7238286091626878,0.5677548586265795,0.0,南极 北极,南极 北极,南极 北极,南极 北极
776,6,0.4373061701759838,0.08582996338498076,0.3333333333333333,搭配 配置 配 匹配 配备 组合,匹配 配备 组合 配置 配 搭配,组合 配置 配备 匹配 配 搭配,搭配 配置 配 匹配 配备 组合
777,1,,0.0,0.0,匿名,匿名,匿名,匿名
778,1,,0.0,0.0,千军万马,千军万马,千军万马,千军万马
779,5,0.4092258106119305,0.02725329409059397,0.6,变幻莫测 千变万化 忽高忽低 时好时坏 日新月异,时好时坏 日新月异 忽高忽低 变幻莫测 千变万化,日新月异 忽高忽低 时好时坏 变幻莫测 千变万化,变幻莫测 千变万化 忽高忽低 时好时坏 日新月异
780,4,0.43098319933949525,0.10171930699917067,0.0,家家户户 大街小巷 千家万户 角落,角落 千家万户 大街小巷 家家户户,角落 千家万户 家家户户 大街小巷,家家户户 大街小巷 千家万户 角落
781,3,0.404463094633937,-0.00347158493076914,0.6666666666666666,改造 升级 美化,美化 升级 改造,升级 美化 改造,改造 升级 美化
782,15,0.4422537759671161,0.09200103911557103,0.2,进攻 防守 犯规 得手 半场 球 得分 反击 皮球 解围 比分 禁区,攻 战术 解围 比分 对手 得手 半场 反击,禁区 得手 对手 得分 球 攻 解围 进攻 犯规 防守 反击 战术,进攻 防守 犯规 得手 半场 球 得分 反击 皮球 解围 比分 禁区 战术 对手 攻
783,25,0.4603534010685733,0.05188306282293066,0.32,海岸 海面 海滩 海域 礁石 海边 沙滩 岛屿 海滨 海湾 沿岸 大海,大海 海洋 海浪 池塘 滨海 海峡 海水 半岛,岛 海岸 海峡 海底 海域 海湾 海滨 海滩 海浪 海洋 海水 沙滩,海岸 海面 海滩 海域 礁石 海边 沙滩 岛屿 海滨 海湾 沿岸 大海 水域 海水 海洋 海浪 海底 陆地 岸上 水面 岛 半岛 海峡 池塘 滨海
784,1,,0.0,0.0,半边天,半边天,半边天,半边天
785,5,0.402298205475466,-0.0017936515330740394,0.6,半途而废 得不偿失 走弯路 碰钉子 雪上加霜,雪上加霜 得不偿失 半途而废 碰钉子 走弯路,半途而废 碰钉子 雪上加霜 得不偿失 走弯路,半途而废 得不偿失 走弯路 碰钉子 雪上加霜
786,6,0.5207109790326397,0.20930004081523734,0.0,华人 华侨 华裔 留学生 外籍 同胞,同胞 外籍 留学生 华侨 华裔 华人,留学生 华裔 华侨 华人 外籍 同胞,华人 华侨 华裔 留学生 外籍 同胞
787,13,0.3822449685771661,-0.0026758570949786953,0.5384615384615384,帮助 协助 指导 引导 鼓励 督促 帮忙 扶持 帮 支持 指引 替,指南 替 帮忙 协助 引导 支持 指引 帮,帮 替 帮助 帮忙 鼓励 支持 指南 指导 指引 协助 扶持 引导,帮助 协助 指导 引导 鼓励 督促 帮忙 扶持 帮 支持 指引 替 指南
788,16,0.4609501865060694,0.0883737483463198,0.25,协议 签署 签订 协议书 订立 合同 协定 达成 签约 签 约定 合作,框架 签字 约定 生效 合作 谅解 协定 合同,签订 协议书 签字 签 签署 签约 协议 约定 生效 谅解 订立 合作,协议 签署 签订 协议书 订立 合同 协定 达成 签约 签 约定 合作 谅解 生效 签字 框架
789,4,0.43639438733570146,0.027890931681375176,0.75,协调 统筹 调度 配合,统筹 调度 配合 协调,协调 配合 统筹 调度,协调 统筹 调度 配合
790,5,0.3585556517430807,-0.04098629536605117,0.6,单 空 逢 顺势 订单,订单 逢 顺势 空 单,单 空 顺势 逢 订单,单 空 逢 顺势 订单
791,5,0.42422625844451967,0.013393163356515896,0.4,机关 部门 行政 政府 单位,政府 单位 部门 行政 机关,机关 行政 部门 单位 政府,机关 部门 行政 政府 单位
792,1,,0.0,0.0,单元,单元,单元,单元
793,1,,0.0,0.0,单方面,单方面,单方面,单方面
794,4,0.4528117008916442,0.1111688917465165,0.0,独自 独 单独 独身,单独 独身 独 独自,独 独自 独身 单独,独自 独 单独 独身
795,5,0.3709430880154006,-0.03095344213069954,0.6,双边 多边 单边 联合国 行情,行情 联合国 双边 单边 多边,单边 行情 双边 多边 联合国,双边 多边 单边 联合国 行情
796,42,0.4336421050314798,0.010538219160460287,0.5,嘲笑 讥笑 挖苦 抨击 指责 讽刺 取笑 嘲弄 批评 骂 吹捧 调侃,讨好 揭发 质疑 笑话 宣扬 辩解 表扬 歪曲,质疑 取笑 抱怨 挖苦 揭露 夸 鄙视 讨好 吹捧 批评 卖弄 讥笑,嘲笑 讥笑 挖苦 抨击 指责 讽刺 取笑 嘲弄 批评 骂 吹捧 调侃 反驳 赞美 耻笑 夸奖 恭维 赞扬 夸耀 鄙视 谴责 质问 称赞 议论 抱怨 夸 歌颂 辩解 表扬 质疑 批判 附和 炫耀 揭露 揣测 宣扬 否定 歪曲 揭发 卖弄 笑话 讨好
797,13,0.43140072987522543,0.04160420234819703,0.3076923076923077,藏品 展览 博物馆 展出 收藏 珍藏 文物 陈列 古董 瑰宝 国宝 参展,瑰宝 车展 国宝 古董 文物 陈列 参展 收藏,珍藏 陈列 参展 瑰宝 展出 展览 国宝 收藏 博物馆 文物 车展 藏品,藏品 展览 博物馆 展出 收藏 珍藏 文物 陈列 古董 瑰宝 国宝 参展 车展
798,2,0.48409687052924055,0.10480627325958186,0.0,占卜 风水,风水 占卜,风水 占卜,占卜 风水
799,6,0.42657400712758137,0.06895255039477617,0.3333333333333333,寓意 吉祥 吉祥物 象征 如意 卡通,卡通 如意 吉祥 象征 吉祥物 寓意,寓意 如意 象征 卡通 吉祥物 吉祥,寓意 吉祥 吉祥物 象征 如意 卡通
800,18,0.4818242291882008,0.12442593228692594,0.1111111111111111,播出 节目 电视台 转播 播放 重播 收看 卫视 广播 直播 频道 播,收视率 栏目 电视 演播室 直播 播 频道 广播,收视率 重播 电视台 卫视 电台 播 收看 收听 演播室 栏目 转播 频道,播出 节目 电视台 转播 播放 重播 收看 卫视 广播 直播 频道 播 电台 电视 收听 收视率 演播室 栏目
801,2,0.5018636374686134,0.12010054356597442,0.0,印 墨,墨 印,印 墨,印 墨
802,3,0.6033002104155782,0.36437204582463806,0.0,造纸术 印刷术 发明,发明 造纸术 印刷术,印刷术 发明 造纸术,造纸术 印刷术 发明
803,8,0.48707483638460924,0.15685215787378312,0.0,表明 预示 说明 印证 证明 暗示 意味着 反映,说明 反映 证明 暗示 意味着 印证 预示 表明,暗示 反映 印证 说明 证明 预示 意味着 表明,表明 预示 说明 印证 证明 暗示 意味着 反映
804,19,0.4588315066351293,0.061777473259128864,0.2631578947368421,营救 救援 救 解救 抢救 呼救 求救 遇险 救助 拯救 搜救 紧急,挽救 危急 紧急 求助 疏散 打捞 救助 救命,抢救 挽救 营救 救 解救 疏散 危急 呼救 逃生 搜救 救援 求救,营救 救援 救 解救 抢救 呼救 求救 遇险 救助 拯救 搜救 紧急 危急 求助 救命 挽救 逃生 疏散 打捞
805,1,,0.0,0.0,即,即,即,即
806,7,0.4255166035194415,0.07321681051112262,0.14285714285714285,芽 萌发 果实 萌芽 种子 开花 卵,卵 种子 开花 萌芽 果实 芽 萌发,开花 卵 萌发 种子 果实 芽 萌芽,芽 萌发 果实 萌芽 种子 开花 卵
807,7,0.43179495257454004,0.09622125188377695,0.14285714285714285,牵涉 牵扯 涉及 波及 顾及 卷入 顾,顾 卷入 波及 顾及 涉及 牵扯 牵涉,牵涉 牵扯 波及 顾 顾及 涉及 卷入,牵涉 牵扯 涉及 波及 顾及 卷入 顾
808,3,0.4446612892945332,0.07922148912457098,0.0,卸 装 运,装 运 卸,卸 运 装,卸 装 运
809,1,,0.0,0.0,厅,厅,厅,厅
810,22,0.4402880418181511,0.044869553304106,0.2727272727272727,磨难 艰辛 风风雨雨 苦难 辛酸 酸甜苦辣 波折 经历 沧桑 艰险 曲折 风雨,曲折 历经 喜怒哀乐 苦 波折 艰难 艰险 悲欢离合,苦难 历经 历程 艰辛 艰险 艰难 挫折 岁月 波折 洗礼 曲折 酸甜苦辣,磨难 艰辛 风风雨雨 苦难 辛酸 酸甜苦辣 波折 经历 沧桑 艰险 曲折 风雨 历程 艰难 挫折 悲欢离合 历经 岁月 惨痛 苦 洗礼 喜怒哀乐
811,4,0.42576526419651284,0.010786330771582607,0.75,收缩 压缩 挤压 收敛,收敛 压缩 挤压 收缩,收缩 压缩 收敛 挤压,收缩 压缩 挤压 收敛
812,15,0.47675806941230403,0.11465193542920507,0.2,宽阔 宽广 窄 开阔 狭窄 宽 宽敞 广阔 狭小 平坦 辽阔 阔,薄 平坦 宽泛 厚 宽敞 广阔 狭小 开阔,开阔 厚 宽 窄 宽广 宽泛 宽敞 辽阔 阔 薄 宽阔 广阔,宽阔 宽广 窄 开阔 狭窄 宽 宽敞 广阔 狭小 平坦 辽阔 阔 宽泛 厚 薄
813,3,0.4142440404155385,0.024065330702765734,0.6666666666666666,原创 转载 正版,正版 转载 原创,正版 转载 原创,原创 转载 正版
814,5,0.41465186923562947,0.07909284787852242,0.0,原因 罪魁祸首 导火索 缘故 归结,导火索 归结 缘故 罪魁祸首 原因,罪魁祸首 缘故 原因 导火索 归结,原因 罪魁祸首 导火索 缘故 归结
815,3,0.48301989897463704,0.20362265494074872,0.0,就地 就近 原地,原地 就近 就地,就地 原地 就近,就地 就近 原地
816,1,,0.0,0.0,原型,原型,原型,原型
817,1,,0.0,0.0,原始,原始,原始,原始
818,5,0.45195637807601124,0.0949283687393451,0.0,原汁原味 正宗 地道 新鲜 鲜活,正宗 地道 鲜活 原汁原味 新鲜,鲜活 原汁原味 地道 新鲜 正宗,原汁原味 正宗 地道 新鲜 鲜活
819,1,,0.0,0.0,原装,原装,原装,原装
820,5,0.5219333095173894,0.24677931551426427,0.0,去世 逝世 遗愿 遗嘱 生前,生前 遗愿 遗嘱 逝世 去世,逝世 生前 遗嘱 去世 遗愿,去世 逝世 遗愿 遗嘱 生前
821,4,0.39794522642155467,-0.0037539861778179903,0.5,消遣 去处 打发 归宿,归宿 去处 打发 消遣,去处 消遣 打发 归宿,消遣 去处 打发 归宿
822,1,,0.0,0.0,参军,参军,参军,参军
823,5,0.501588448089067,0.21200628518589965,0.2,简介 概况 目录 参见 简要,简要 参见 目录 概况 简介,简介 概况 参见 目录 简要,简介 概况 目录 参见 简要
824,10,0.4348241144360025,0.050305611348828314,0.3,和睦 和平 和平共处 和谐 团结 融洽 和解 友好 缓和 大家庭,友好 大家庭 缓和 团结 融洽 和解 和平 和平共处,和平共处 和谐 和解 和睦 团结 和平 大家庭 融洽 缓和 友好,和睦 和平 和平共处 和谐 团结 融洽 和解 友好 缓和 大家庭
825,2,0.47906671750205176,0.17680962393401917,0.0,双 双重,双重 双,双 双重,双 双重
826,5,0.3929538117988761,0.01199756529289869,0.6,横向 纵深 延伸 横 双向,横 延伸 双向 纵深 横向,纵深 横向 横 双向 延伸,横向 纵深 延伸 横 双向
827,2,0.45201707513797973,0.08726628480585331,0.0,方 双方,双方 方,方 双方,方 双方
828,2,0.6679493113390017,0.4613079083911902,0.0,孪生 双胞胎,双胞胎 孪生,孪生 双胞胎,孪生 双胞胎
829,5,0.36702408382441953,-0.020814659306674456,0.6,毒 邪 逆 有毒 反,有毒 反 邪 逆 毒,反 毒 有毒 逆 邪,毒 邪 逆 有毒 反
830,11,0.38826467399550496,-0.003986857846925033,0.36363636363636365,轰动 震动 哗然 掌声 震撼 反响 经久不息 热烈 鸦雀无声 惊天动地 震,震 惊天动地 鸦雀无声 热烈 经久不息 掌声 震动 哗然,热烈 经久不息 哗然 鸦雀无声 反响 轰动 震 掌声 惊天动地 震动 震撼,轰动 震动 哗然 掌声 震撼 反响 经久不息 热烈 鸦雀无声 惊天动地 震
831,2,0.47646045500086864,0.17079172864607842,0.0,反常 极端,极端 反常,反常 极端,反常 极端
832,11,0.45849759212406654,0.10540115563857942,0.09090909090909091,回答 答复 回复 回应 提问 解答 答案 答 评论 反馈 反应,评论 反应 反馈 答 回应 答案 提问 解答,答 解答 答案 答复 反应 回应 回复 反馈 回答 提问 评论,回答 答复 回复 回应 提问 解答 答案 答 评论 反馈 反应
833,18,0.4430156037226375,0.05016556079084519,0.3888888888888889,思索 思考 琢磨 深思 反思 揣摩 审视 盘算 权衡 考量 推敲 沉思,构思 思前想后 反省 权衡 算计 推敲 反思 打量,思前想后 打量 思索 权衡 审视 沉思 揣摩 盘算 思考 推敲 反思 算计,思索 思考 琢磨 深思 反思 揣摩 审视 盘算 权衡 考量 推敲 沉思 打量 算计 考虑 反省 思前想后 构思
834,1,,0.0,0.0,发,发,发,发
835,8,0.3961267904443802,0.03389863843361634,0.5,掀起 热潮 高潮 掀 潮 序幕 挑起 发动,序幕 发动 潮 挑起 掀 高潮 热潮 掀起,热潮 掀 潮 掀起 发动 序幕 高潮 挑起,掀起 热潮 高潮 掀 潮 序幕 挑起 发动
836,2,0.48963591437161846,0.18134300184222105,0.0,起到 发挥,起到 发挥,起到 发挥,起到 发挥
837,5,0.460052381526417,0.12970944331627593,0.2,潜力 挖掘 潜能 发掘 大有可为,大有可为 潜能 潜力 发掘 挖掘,潜力 潜能 挖掘 发掘 大有可为,潜力 挖掘 潜能 发掘 大有可为
838,1,,0.0,0.0,发放,发放,发放,发放
839,4,0.37965797609386254,-0.027555499365734863,0.5,开口 口 口吃 发火,发火 口吃 口 开口,口 开口 发火 口吃,开口 口 口吃 发火
840,34,0.44653975956376585,0.007898420162488925,0.5294117647058824,看见 碰见 见到 遇见 碰到 看到 听到 遇到 听见 碰上 遇上 见过,料到 恰巧 认得 目睹 发觉 想到 记得 碰巧,得知 看到 遇上 碰见 遇到 恰巧 梦见 发现 目睹 想到 遇 听到,看见 碰见 见到 遇见 碰到 看到 听到 遇到 听见 碰上 遇上 见过 想到 想起 听说 碰巧 认出 梦见 认得 望见 知道 晓得 目睹 发觉 恰巧 发现 路过 料到 得知 结识 记得 见 见识 遇
841,16,0.41166635899091736,-0.028512025877903722,0.5625,能源 电力 天然气 发电 燃料 核能 煤炭 石油 煤 太阳能 汽油 燃油,核能 电源 电网 发电 煤 发电机 油 太阳能,核能 太阳能 煤 电力 油 电网 电源 能源 汽油 发电 发电机 燃油,能源 电力 天然气 发电 燃料 核能 煤炭 石油 煤 太阳能 汽油 燃油 发电机 电网 电源 油
842,8,0.40036751167129714,-0.0029171991155498567,0.625,胎儿 婴儿 孕妇 胚胎 发育 畸形 胎 让座,让座 畸形 胎 胚胎 发育 婴儿 孕妇 胎儿,婴儿 孕妇 胎儿 胎 发育 胚胎 畸形 让座,胎儿 婴儿 孕妇 胚胎 发育 畸形 胎 让座
843,9,0.4919566455208473,0.10789443684468741,0.1111111111111111,发言 讲话 演说 演讲 言论 言辞 辩论 表态 发表,辩论 表态 发表 言辞 言论 演讲 演说 发言,演说 演讲 言论 言辞 讲话 发表 发言 表态 辩论,发言 讲话 演说 演讲 言论 言辞 辩论 表态 发表
844,3,0.4061048283325687,0.01216446034914411,0.6666666666666666,新闻 发言人 财经,财经 发言人 新闻,财经 新闻 发言人,新闻 发言人 财经
845,1,,0.0,0.0,发起人,发起人,发起人,发起人
846,12,0.4459277141643863,0.051504270781720894,0.3333333333333333,获得 取得 获取 拿到 得到 赢得 获 收到 收获 换取 领取 索取,领取 换取 索取 收获 收到 赢得 获取 获,拿到 得到 收到 收获 获 换取 领取 获得 获取 索取 赢得 取得,获得 取得 获取 拿到 得到 赢得 获 收到 收获 换取 领取 索取
847,8,0.4658888914036309,0.1445148159156777,0.0,整治 治理 整顿 根治 取缔 清理 防治 治,治 清理 取缔 防治 根治 治理 整顿 整治,取缔 治 根治 防治 清理 治理 整治 整顿,整治 治理 整顿 根治 取缔 清理 防治 治
848,12,0.46957472861332394,0.16804905276589677,0.16666666666666666,遭受 受到 遭到 遭遇 受 备受 经受 深受 面临 受过 重创 陷入,陷入 重创 面临 经受 深受 受过 备受 受,重创 受 备受 面临 遭遇 深受 受过 经受 受到 陷入 遭到 遭受,遭受 受到 遭到 遭遇 受 备受 经受 深受 面临 受过 重创 陷入
849,4,0.4583839273686112,0.1270687155608102,0.25,受害人 受害 受骗 当事人,当事人 受骗 受害 受害人,当事人 受害人 受骗 受害,受害人 受害 受骗 当事人
850,2,0.5033101749548146,0.20814913267562202,0.0,惊 受惊,惊 受惊,惊 受惊,惊 受惊
851,19,0.46455719610799484,0.08207297437992657,0.21052631578947367,灾害 水灾 旱灾 洪水 暴雨 灾难 灾 地震 旱 海啸 涝 受灾,台风 浩劫 风沙 防汛 火灾 受灾 灾难 瘟疫,洪水 浩劫 海啸 旱灾 灾 旱 涝 台风 地震 防汛 瘟疫 风沙,灾害 水灾 旱灾 洪水 暴雨 灾难 灾 地震 旱 海啸 涝 受灾 火灾 台风 瘟疫 特大 防汛 风沙 浩劫
852,13,0.4122625773780649,0.022098696202523364,0.46153846153846156,变化 改变 变动 变革 变迁 变更 更改 改动 调整 演变 翻天覆地 波动,翻天覆地 波动 变革 颠覆 演变 改变 改动 调整,波动 改变 改动 更改 翻天覆地 颠覆 变革 变迁 调整 变更 变化 变动,变化 改变 变动 变革 变迁 变更 更改 改动 调整 演变 翻天覆地 波动 颠覆
853,5,0.4744952309110392,0.1473965203303079,0.0,变异 基因 遗传 进化 生物,生物 变异 进化 基因 遗传,进化 生物 遗传 变异 基因,变异 基因 遗传 进化 生物
854,14,0.43123796432641487,0.06069964003005065,0.2857142857142857,脱落 磨损 裂缝 腐烂 变形 断裂 裂痕 破裂 腐蚀 老化 变质 裂,腐化 裂 破裂 锈 变形 腐烂 老化 腐蚀,裂痕 裂缝 腐烂 脱落 腐化 磨损 腐蚀 断裂 锈 裂 老化 破裂,脱落 磨损 裂缝 腐烂 变形 断裂 裂痕 破裂 腐蚀 老化 变质 裂 锈 腐化
855,4,0.4251036556047654,0.07102056020892576,0.0,堆砌 填充 填 叠,填充 叠 填 堆砌,叠 填 堆砌 填充,堆砌 填充 填 叠
856,5,0.49911817917406703,0.19826612063589527,0.0,命令 指令 指示 口令 指挥,指挥 口令 指示 命令 指令,指令 口令 命令 指挥 指示,命令 指令 指示 口令 指挥
857,5,0.4609293688719399,0.12978428613935483,0.2,国旗 旗帜 国徽 锦旗 口号,口号 锦旗 旗帜 国徽 国旗,旗帜 锦旗 国徽 国旗 口号,国旗 旗帜 国徽 锦旗 口号
858,4,0.4041046164118309,0.02959625849508913,0.25,窟窿 泥潭 陷 口子,口子 陷 窟窿 泥潭,陷 口子 泥潭 窟窿,窟窿 泥潭 陷 口子
859,1,,0.0,0.0,口径,口径,口径,口径
860,14,0.4892002329721571,0.13900560214824692,0.14285714285714285,眼泪 泪水 泪 淌 鼻涕 鲜血 汗水 口水 流泪 血 流血 流淌,流淌 尿 汗 淌 流血 血 口水 流泪,流血 尿 流泪 流淌 泪水 汗 泪 淌 眼泪 血 口水 汗水,眼泪 泪水 泪 淌 鼻涕 鲜血 汗水 口水 流泪 血 流血 流淌 汗 尿
861,1,,0.0,0.0,古今中外,古今中外,古今中外,古今中外
862,11,0.5149634640630921,0.17618958179310454,0.09090909090909091,景色 风景 美景 名胜 景点 景观 景区 古迹 风光 游人 观赏,观赏 游人 风光 景点 景区 古迹 景观 名胜,游人 美景 名胜 风光 风景 景色 景观 古迹 景区 景点 观赏,景色 风景 美景 名胜 景点 景观 景区 古迹 风光 游人 观赏
863,3,0.46716719022177977,0.15082173424514347,0.0,某 另 同一,同一 另 某,另 某 同一,某 另 同一
864,3,0.4485291768067308,0.07849986582801766,0.3333333333333333,可想而知 显而易见 难以想象,难以想象 显而易见 可想而知,难以想象 可想而知 显而易见,可想而知 显而易见 难以想象
865,2,0.489669192412145,0.17174230619141034,0.0,可疑 嫌疑,可疑 嫌疑,嫌疑 可疑,可疑 嫌疑
866,15,0.4233641772711724,0.018586014445440422,0.4,恰当 合理 合适 适当 妥当 正确 合情合理 适度 可行 明智 适宜 合乎,适量 合乎 妥当 合情合理 适时 正确 得当 适度,妥当 正确 得当 适量 恰当 明智 合适 适时 合情合理 适当 适度 适宜,恰当 合理 合适 适当 妥当 正确 合情合理 适度 可行 明智 适宜 合乎 得当 适时 适量
867,5,0.44139604575199815,0.0783125031527464,0.2,巨大 可观 长足 显著 庞大,显著 长足 庞大 可观 巨大,显著 长足 庞大 巨大 可观,巨大 可观 长足 显著 庞大
868,4,0.49770684440216534,0.19213134510772156,0.0,算是 堪称 可谓 算,算 堪称 可谓 算是,算 算是 可谓 堪称,算是 堪称 可谓 算
869,3,0.44047109532897516,0.07550821452666127,0.0,台 套 部,套 部 台,台 套 部,台 套 部
870,4,0.34195729939815167,-0.08583587479461781,1.0,迈 台阶 阶梯 腾,腾 阶梯 迈 台阶,台阶 腾 迈 阶梯,迈 台阶 阶梯 腾
871,2,0.9333816871768907,0.9031854302925482,0.0,右 左,右 左,右 左,右 左
872,39,0.4542991598233314,0.020740142290280802,0.41025641025641024,柳树 桃树 松树 柏树 树木 槐树 树叶 棵 杨树 树枝 果树 叶子,玫瑰 桃花 草坪 荷花 菊花 枝 茎 植物,树荫 叶子 树木 树林 树枝 树梢 桃树 枝 桃 树 栽 株,柳树 桃树 松树 柏树 树木 槐树 树叶 棵 杨树 树枝 果树 叶子 树梢 竹子 翠绿 茂密 树林 株 树 荷花 茂盛 树荫 盛开 碧绿 奇花异草 枝 茎 禾苗 草坪 花瓣 菊花 植物 花卉 桃 牡丹 栽 梅花 桃花 玫瑰
873,1,,0.0,0.0,号,号,号,号
874,5,0.4015211301497093,0.014846552547615546,0.6,号码 账号 车号 密码 编号,编号 账号 密码 车号 号码,密码 编号 车号 号码 账号,号码 账号 车号 密码 编号
875,5,0.414863978897266,0.043192442311779926,0.6,比比皆是 寥寥无几 随处可见 司空见惯 稀少,稀少 随处可见 司空见惯 寥寥无几 比比皆是,比比皆是 稀少 寥寥无几 随处可见 司空见惯,比比皆是 寥寥无几 随处可见 司空见惯 稀少
876,4,0.4198528185870521,0.07226840896683673,0.25,生活 衣食住行 吃喝玩乐 生存,生存 吃喝玩乐 衣食住行 生活,衣食住行 生活 生存 吃喝玩乐,生活 衣食住行 吃喝玩乐 生存
877,6,0.3860149780563656,0.030813912470382898,0.5,各地 各 各个 各自 当地 地方,地方 当地 各自 各 各个 各地,各 当地 地方 各自 各个 各地,各地 各 各个 各自 当地 地方
878,1,,0.0,0.0,合,合,合,合
879,2,0.45852997647153493,0.15480733129750077,0.0,合伙 有限,合伙 有限,有限 合伙,合伙 有限
880,7,0.40392855519773374,0.01618283554957197,0.2857142857142857,并购 整合 重组 资产 合并 投资 资源,投资 资源 合并 资产 整合 重组 并购,投资 重组 资源 资产 并购 合并 整合,并购 整合 重组 资产 合并 投资 资源
881,3,0.5315089088122289,0.233266008610807,0.0,留念 合影 签名,签名 留念 合影,签名 合影 留念,留念 合影 签名
882,2,0.544106006583097,0.2734247263097073,0.0,合格 达标,达标 合格,合格 达标,合格 达标
883,2,0.48390087701431916,0.20905925631587025,0.0,正当 合法,合法 正当,合法 正当,正当 合法
884,2,0.48406133225279113,0.20752988857440174,0.0,吉利 标致,吉利 标致,标致 吉利,吉利 标致
885,17,0.42243604945320967,0.0011937332886269197,0.47058823529411764,绑 缠 拴 钉 吊 挂 绷 捆 绞 牵 夹 扎,罩 贴 牵 钩 拖 扎 夹 捆,吊 夹 缠 罩 绑 绞 绷 牵 扎 拖 拴 捆,绑 缠 拴 钉 吊 挂 绷 捆 绞 牵 夹 扎 钩 罩 悬 拖 贴
886,1,,0.0,0.0,同人,同人,同人,同人
887,1,,0.0,0.0,同步,同步,同步,同步
888,2,0.4666955873998704,0.16755376903506575,0.0,同类 同行,同行 同类,同类 同行,同类 同行
889,1,,0.0,0.0,名义,名义,名义,名义
890,8,0.45812752042007154,0.05362540841640631,0.25,钱财 钱 零花钱 金钱 私房钱 本钱 积蓄 名利,名利 积蓄 本钱 零花钱 私房钱 金钱 钱 钱财,零花钱 钱 私房钱 钱财 积蓄 本钱 金钱 名利,钱财 钱 零花钱 金钱 私房钱 本钱 积蓄 名利
891,1,,0.0,0.0,名片,名片,名片,名片
892,2,0.497048126567569,0.16486999294792204,0.0,支柱 后盾,支柱 后盾,后盾 支柱,支柱 后盾
893,10,0.4810331017880947,0.11685347740555219,0.1,退让 退缩 妥协 让步 退却 后退 屈服 投降 迁就 退,迁就 退 屈服 投降 退却 退缩 后退 妥协,妥协 屈服 投降 退 退却 退缩 迁就 让步 退让 后退,退让 退缩 妥协 让步 退却 后退 屈服 投降 迁就 退
894,4,0.45232845329086135,0.07715340376225122,0.25,导游 旅行社 小费 向导,向导 小费 旅行社 导游,小费 向导 导游 旅行社,导游 旅行社 小费 向导
895,1,,0.0,0.0,吞,吞,吞,吞
896,4,0.5418652998017972,0.21123502802043753,0.0,好听 难听 听 离谱儿,离谱儿 听 难听 好听,听 离谱儿 好听 难听,好听 难听 听 离谱儿
897,5,0.5011921656880193,0.2025528484772205,0.0,服从 听从 顺从 忠于 忠实,忠实 忠于 顺从 听从 服从,顺从 忠实 听从 忠于 服从,服从 听从 顺从 忠于 忠实
898,20,0.44436296428162514,0.04850602916498288,0.3,观众 听众 影迷 歌迷 读者 顾客 粉丝 游客 球迷 消费者 网民 用户,消费者 股民 嘉宾 市民 贵宾 网民 游客 读者,消费者 网友 嘉宾 游客 网民 读者 股民 用户 球迷 贵宾 市民 听众,观众 听众 影迷 歌迷 读者 顾客 粉丝 游客 球迷 消费者 网民 用户 市民 客人 客户 网友 来宾 股民 嘉宾 贵宾
899,8,0.46071955874020315,0.07543473529298694,0.125,告示 标语 张贴 醒目 招牌 海报 牌子 启事,标语 牌子 招牌 海报 醒目 启事 张贴 告示,启事 海报 标语 张贴 牌子 招牌 告示 醒目,告示 标语 张贴 醒目 招牌 海报 牌子 启事
900,5,0.37864671456448107,0.02892700212500952,0.4,开始 启动 正式 展开 起,展开 起 启动 正式 开始,启动 开始 展开 起 正式,开始 启动 正式 展开 起
901,3,0.43049565714757293,0.06043112786883653,0.0,吸 抛 抽,抽 抛 吸,吸 抛 抽,吸 抛 抽
902,8,0.47428713108447784,0.10716534030003358,0.25,激发 唤起 激起 调动 打动 触动 吸引 激活,吸引 激活 触动 调动 打动 激起 激发 唤起,触动 激活 激发 唤起 吸引 激起 打动 调动,激发 唤起 激起 调动 打动 触动 吸引 激活
903,3,0.5186577389900929,0.18257222001187892,0.0,吸收 吸纳 消化,消化 吸纳 吸收,吸收 吸纳 消化,吸收 吸纳 消化
904,6,0.4073653759700736,0.003645652955859837,0.5,飘 漂 浮 沉 漫 吹,沉 吹 漫 浮 漂 飘,吹 漂 漫 沉 浮 飘,飘 漂 浮 沉 漫 吹
905,2,0.4530983436441083,0.085271184220581,0.0,成员 员,成员 员,员 成员,成员 员
906,33,0.4235104149005452,-0.005804164932565875,0.45454545454545453,祝贺 庆贺 祝愿 祝福 敬意 致敬 悼念 问候 敬礼 衷心 庆祝 贺电,鼓掌 周年 敬酒 握手 祝 敬 诞辰 敬爱,欢呼 转达 祝愿 周年 衷心 祝福 祝 诞辰 祈祷 问候 敬 送别,祝贺 庆贺 祝愿 祝福 敬意 致敬 悼念 问候 敬礼 衷心 庆祝 贺电 感谢 送别 欢呼 祝 缅怀 贺信 送行 纪念 敬酒 慰问 鞠躬 干杯 敬爱 握手 祈祷 鼓掌 诞辰 纪念日 转达 敬 周年
907,1,,0.0,0.0,周期,周期,周期,周期
908,15,0.4109632160769304,0.03307743885528801,0.3333333333333333,气息 氛围 味儿 气味 弥漫 气氛 浓厚 浓重 芬芳 扑面而来 洋溢 滋味,环境 散发 洋溢 风气 滋味 弥漫 扑面而来 味儿,气味 气息 气氛 扑面而来 浓重 风气 芬芳 味儿 氛围 环境 洋溢 散发,气息 氛围 味儿 气味 弥漫 气氛 浓厚 浓重 芬芳 扑面而来 洋溢 滋味 风气 散发 环境
909,3,0.4558774137863697,0.15542834545419362,0.0,呼吸 窒息 喘息,呼吸 喘息 窒息,呼吸 窒息 喘息,呼吸 窒息 喘息
910,13,0.4914386316391686,0.1880071084263689,0.0,盼望 期盼 期望 希望 渴望 期待 盼 奢望 指望 呼唤 望 寄托,寄托 呼声 盼 呼唤 望 指望 渴望 奢望,希望 盼望 寄托 渴望 盼 望 期待 期望 期盼 呼唤 呼声 奢望,盼望 期盼 期望 希望 渴望 期待 盼 奢望 指望 呼唤 望 寄托 呼声
911,9,0.42654732091649283,0.038150197243365415,0.3333333333333333,衬托 烘托 遮盖 掩盖 掩饰 点缀 呼应 画龙点睛 推卸,画龙点睛 推卸 呼应 遮盖 掩饰 掩盖 点缀 烘托,掩饰 呼应 遮盖 烘托 点缀 推卸 画龙点睛 衬托 掩盖,衬托 烘托 遮盖 掩盖 掩饰 点缀 呼应 画龙点睛 推卸
912,1,,0.0,0.0,呼风唤雨,呼风唤雨,呼风唤雨,呼风唤雨
913,5,0.49392779189723524,0.14864632147498522,0.0,性命 生命 命 生死 生命线,生死 生命线 命 性命 生命,命 生命线 生死 生命 性命,性命 生命 命 生死 生命线
914,4,0.4231630237227277,0.027362574150635664,0.25,查询 查看 查 咨询,查 查看 咨询 查询,查询 查 查看 咨询,查询 查看 查 咨询
915,4,0.40292651033919985,0.03356756698046712,0.25,咸 酸 盐 鲜,鲜 盐 咸 酸,咸 盐 鲜 酸,咸 酸 盐 鲜
916,2,0.45241086090435967,0.10416021849408635,0.0,要害 咽喉,要害 咽喉,咽喉 要害,要害 咽喉
917,1,,0.0,0.0,品,品,品,品
918,5,0.4571682873109754,0.1434689325546089,0.0,水准 档次 水平 层次 品位,层次 品位 档次 水平 水准,品位 档次 水准 水平 层次,水准 档次 水平 层次 品位
919,4,0.3610801659463365,-0.04774404888070268,0.75,商品 品牌 老字号 大宗,大宗 老字号 品牌 商品,老字号 品牌 商品 大宗,商品 品牌 老字号 大宗
920,3,0.42811303566369147,0.05858323194212132,0.0,哄 轰 宠,宠 轰 哄,哄 宠 轰,哄 轰 宠
921,5,0.36152160260284644,-0.01414767783607745,0.6,应急 处置 处理 响应 备用,备用 响应 处置 处理 应急,响应 备用 应急 处置 处理,应急 处置 处理 响应 备用
922,2,0.47164924994665425,0.12075804033269391,0.0,暗 哑,哑 暗,哑 暗,暗 哑
923,2,0.5159226479166918,0.24100080749628644,0.0,唯独 唯,唯独 唯,唯 唯独,唯独 唯
924,6,0.4127235170324115,0.05062007555502471,0.3333333333333333,巧 妙 巧妙 善 高明 识,识 善 巧妙 高明 妙 巧,善 妙 巧 巧妙 识 高明,巧 妙 巧妙 善 高明 识
925,1,,0.0,0.0,喜洋洋,喜洋洋,喜洋洋,喜洋洋
926,20,0.445134759564795,0.04555476171202709,0.15,浇 淋 洒 粘 沾 糊 涂 掺 泼 溅 撒 抹,滑 湿 灌 渗 裹 搅 黏 喷,喷 粘 糊 灌 搅 撒 抹 掺 湿 渗 滑 溅,浇 淋 洒 粘 沾 糊 涂 掺 泼 溅 撒 抹 渗 裹 喷 黏 搅 湿 灌 滑
927,12,0.42086790391222717,0.022883429327018368,0.5,敏锐 灵敏 嗅觉 触觉 敏捷 直觉 精明 机智 灵活 敏感 知觉 足智多谋,知觉 足智多谋 机智 灵活 直觉 敏感 精明 触觉,嗅觉 触觉 直觉 灵敏 灵活 足智多谋 敏感 敏捷 精明 敏锐 知觉 机智,敏锐 灵敏 嗅觉 触觉 敏捷 直觉 精明 机智 灵活 敏感 知觉 足智多谋
928,5,0.42069964582579755,0.059769227876315646,0.4,狂欢 狂欢节 欢聚 嘉年华 团聚,团聚 嘉年华 欢聚 狂欢节 狂欢,嘉年华 欢聚 狂欢节 狂欢 团聚,狂欢 狂欢节 欢聚 嘉年华 团聚
929,8,0.4854451475028393,0.14395232375245187,0.0,用品 文具 器材 物品 玩具 家具 器械 道具,家具 道具 玩具 物品 器械 文具 用品 器材,物品 用品 玩具 器材 器械 家具 文具 道具,用品 文具 器材 物品 玩具 家具 器械 道具
930,8,0.4637701248681507,0.08842757460403156,0.125,尾气 排放 污染 噪声 噪音 超标 机动车 大气,超标 大气 机动车 污染 尾气 噪音 排放 噪声,超标 污染 噪声 尾气 噪音 大气 排放 机动车,尾气 排放 污染 噪声 噪音 超标 机动车 大气
931,2,0.5781005064941012,0.3444010678112447,0.0,囚犯 监狱,囚犯 监狱,囚犯 监狱,囚犯 监狱
932,8,0.4418486058014079,0.0374296769817405,0.375,大批 成千上万 无数 大量 成群结队 源源不断 四面八方 络绎不绝,四面八方 络绎不绝 大量 无数 源源不断 成群结队 成千上万 大批,无数 成群结队 源源不断 大批 大量 络绎不绝 成千上万 四面八方,大批 成千上万 无数 大量 成群结队 源源不断 四面八方 络绎不绝
933,18,0.4458271540675319,0.04933748297381073,0.16666666666666666,铭记 忘记 难忘 忘不了 回忆 回想 念念不忘 回味 记住 想念 记忆 惦记,回首 牢记 想念 挂念 惦记 回想 记忆犹新 往事,忘 往事 挂念 念念不忘 忘不了 回首 想念 铭记 回忆 回味 记忆 回想,铭记 忘记 难忘 忘不了 回忆 回想 念念不忘 回味 记住 想念 记忆 惦记 记忆犹新 往事 挂念 牢记 忘 回首
934,1,,0.0,0.0,回归,回归,回归,回归
935,7,0.44595179394122875,0.07734617008896379,0.14285714285714285,恩惠 报答 回馈 感恩 恩赐 回报 福气,福气 报答 回报 恩赐 感恩 回馈 恩惠,恩赐 回馈 报答 福气 回报 恩惠 感恩,恩惠 报答 回馈 感恩 恩赐 回报 福气
936,17,0.418414149814873,0.014363981554317179,0.4117647058823529,躲藏 躲 藏身 藏匿 隐藏 隐蔽 躲避 埋伏 逃 避 逃避 隐身,脱身 隐身 回避 埋 逃 埋藏 藏 逃避,埋 逃避 脱身 埋伏 回避 埋藏 逃 避 藏 躲 躲避 躲藏,躲藏 躲 藏身 藏匿 隐藏 隐蔽 躲避 埋伏 逃 避 逃避 隐身 脱身 埋藏 埋 藏 回避
937,5,0.44720237483037967,0.11824756812645339,0.0,梳理 总结 回顾 解析 整理,整理 解析 回顾 总结 梳理,总结 解析 回顾 整理 梳理,梳理 总结 回顾 解析 整理
938,3,0.5099821610164711,0.21578495664706784,0.0,团体 社团 组织,组织 社团 团体,组织 团体 社团,团体 社团 组织
939,5,0.36775885049225077,-0.021423753855877463,0.6,队伍 阵营 团队 行列 支,支 阵营 团队 行列 队伍,阵营 支 行列 队伍 团队,队伍 阵营 团队 行列 支
940,2,0.4700283911626071,0.05756139987141452,0.0,空地 园地,空地 园地,空地 园地,空地 园地
941,8,0.4911648316714116,0.132400403479485,0.125,难题 困难 难关 困境 瓶颈 障碍 挑战 难度,难度 挑战 困境 难关 障碍 瓶颈 困难 难题,挑战 困境 障碍 困难 瓶颈 难题 难关 难度,难题 困难 难关 困境 瓶颈 障碍 挑战 难度
942,1,,0.0,0.0,固定,固定,固定,固定
943,2,0.4731348910554185,0.07630255375093424,0.0,国 邻国,邻国 国,国 邻国,国 邻国
944,1,,0.0,0.0,国产,国产,国产,国产
945,1,,0.0,0.0,国家,国家,国家,国家
946,1,,0.0,0.0,国情,国情,国情,国情
947,5,0.40015461182610396,0.04374167519016905,0.2,图表 图 表 图片 缩,缩 图片 图表 表 图,图 图片 缩 表 图表,图表 图 表 图片 缩
948,21,0.4556021279348587,0.032201716676710956,0.38095238095238093,摄像 镜头 照片 拍照 相片 相机 拍摄 摄像机 影像 照相 图像 摄影,拍摄 拍 片段 视频 照 图像 录像 焦距,拍照 图像 拍摄 摄影师 摄像机 摄像 摄影 照 拍 照片 照相 录像,摄像 镜头 照片 拍照 相片 相机 拍摄 摄像机 影像 照相 图像 摄影 胶片 录像 画面 拍 摄影师 视频 焦距 照 片段
949,4,0.39382624881416,0.002561884050646987,0.5,地图 导航 指南针 图纸,图纸 导航 指南针 地图,图纸 地图 导航 指南针,地图 导航 指南针 图纸
950,4,0.500776645760396,0.1902586013400273,0.0,顺利 成功 圆满 如愿以偿,圆满 如愿以偿 成功 顺利,顺利 成功 如愿以偿 圆满,顺利 成功 圆满 如愿以偿
951,9,0.5054960870767524,0.17837530646368624,0.0,圆珠笔 钢笔 铅笔 毛笔 墨水 本子 字迹 纸 笔,笔 纸 墨水 本子 字迹 铅笔 圆珠笔 毛笔,铅笔 笔 纸 本子 墨水 圆珠笔 毛笔 钢笔 字迹,圆珠笔 钢笔 铅笔 毛笔 墨水 本子 字迹 纸 笔
952,4,0.4085550176722039,0.03785237205651788,0.5,圈 圈子 界 绕,界 绕 圈子 圈,圈 绕 界 圈子,圈 圈子 界 绕
953,7,0.4673642619379238,0.12161834102188153,0.14285714285714285,引诱 诱饵 迷惑 圈套 诱惑 陷阱 掩护,掩护 陷阱 迷惑 圈套 引诱 诱惑 诱饵,诱惑 引诱 圈套 迷惑 诱饵 掩护 陷阱,引诱 诱饵 迷惑 圈套 诱惑 陷阱 掩护
954,8,0.4792893038406402,0.08275106468103746,0.125,泥土 泥 粪 沙子 渣子 粪便 灰尘 土,土 粪便 粪 灰尘 沙子 渣子 泥土 泥,土 粪 泥 沙子 渣子 泥土 粪便 灰尘,泥土 泥 粪 沙子 渣子 粪便 灰尘 土
955,3,0.42053367904100786,0.07581209112782523,0.3333333333333333,在于 莫过于 旨在,旨在 莫过于 在于,在于 莫过于 旨在,在于 莫过于 旨在
956,6,0.46634770243241047,0.10118209218006051,0.0,当场 当众 当面 当着 在场 现场,现场 在场 当面 当众 当场 当着,当面 现场 当众 当场 当着 在场,当场 当众 当面 当着 在场 现场
957,1,,0.0,0.0,在线,在线,在线,在线
958,1,,0.0,0.0,地,地,地,地
959,15,0.4211626572696014,0.029702517540085332,0.26666666666666666,自来水 水管 水源 污水 管道 饮用水 地下水 煤气 水 饮水 燃气 水龙头,阀门 管子 流域 燃气 污水 水 煤气 地下水,水龙头 流域 污水 水 管道 饮用水 地下水 燃气 水管 管子 水源 煤气,自来水 水管 水源 污水 管道 饮用水 地下水 煤气 水 饮水 燃气 水龙头 阀门 管子 流域
960,5,0.41740563192522806,0.08864520939827465,0.0,纬度 经度 地理 地域 度,度 地域 地理 经度 纬度,度 纬度 地域 地理 经度,纬度 经度 地理 地域 度
961,15,0.44414486164140754,0.09092956666605409,0.2,状况 局面 情况 情形 景象 情景 境地 状态 形势 处境 现状 现象,场景 现状 形势 场面 现象 处境 地步 状态,境地 现状 状态 局面 地步 状况 场面 处境 景象 形势 情况 情形,状况 局面 情况 情形 景象 情景 境地 状态 形势 处境 现状 现象 场面 地步 场景
962,2,0.45703057692218785,0.09690932711593157,0.0,场 轮,场 轮,场 轮,场 轮
963,8,0.4314930997234831,0.034194193396723645,0.625,平稳 稳定 均衡 平衡 稳 有序 稳妥 均匀,有序 稳妥 均匀 稳 平衡 均衡 稳定 平稳,稳定 稳妥 平稳 稳 平衡 有序 均匀 均衡,平稳 稳定 均衡 平衡 稳 有序 稳妥 均匀
964,5,0.36388539472964204,-0.013683827238627206,0.6,屹立 鹤立鸡群 坐落 扎根 脱颖而出,扎根 脱颖而出 坐落 鹤立鸡群 屹立,坐落 屹立 扎根 脱颖而出 鹤立鸡群,屹立 鹤立鸡群 坐落 扎根 脱颖而出
965,2,0.45084624980314714,0.12420586517851659,0.0,坑 槽,槽 坑,坑 槽,坑 槽
966,7,0.4075807619162647,0.04566576253647227,0.2857142857142857,颗 片 枚 粒 块 座 大片,大片 座 粒 枚 块 片 颗,块 座 粒 片 枚 颗 大片,颗 片 枚 粒 块 座 大片
967,9,0.40864515003206275,0.02745331347549057,0.5555555555555556,等待 等候 守候 守 待 守株待兔 等到 坚守 排队,排队 坚守 守株待兔 等到 守 待 守候 等候,坚守 守 待 排队 守株待兔 等候 等到 等待 守候,等待 等候 守候 守 待 守株待兔 等到 坚守 排队
968,4,0.4946706533560657,0.20061908608159265,0.25,牢牢 紧紧 抓住 坚持,坚持 抓住 紧紧 牢牢,抓住 紧紧 坚持 牢牢,牢牢 紧紧 抓住 坚持
969,1,,0.0,0.0,坛,坛,坛,坛
970,14,0.46061266475054635,0.07377340466215418,0.2857142857142857,炸弹 子弹 炸药 导弹 枪 武器 炮 火药 弹 坦克 核武器 手枪,核武器 坦克 炮 轰炸 枪 火药 爆炸 手枪,子弹 弹 坦克 核武器 炮 枪 武器 火药 轰炸 炸药 导弹 爆炸,炸弹 子弹 炸药 导弹 枪 武器 炮 火药 弹 坦克 核武器 手枪 爆炸 轰炸
971,1,,0.0,0.0,城,城,城,城
972,1,,0.0,0.0,基准,基准,基准,基准
973,1,,0.0,0.0,堂,堂,堂,堂
974,1,,0.0,0.0,堡垒,堡垒,堡垒,堡垒
975,5,0.46261742702147135,0.10260737927092249,0.0,塑料 塑料袋 胶带 易拉罐 胶水,胶带 胶水 易拉罐 塑料 塑料袋,塑料 胶水 塑料袋 胶带 易拉罐,塑料 塑料袋 胶带 易拉罐 胶水
976,3,0.4343485349960084,0.08386620633219803,0.0,瓦 塔 格,格 塔 瓦,塔 瓦 格,瓦 塔 格
977,4,0.3976911061371864,-0.0007139013160939248,0.75,挪 抬 扶 塞,塞 抬 扶 挪,塞 扶 抬 挪,挪 抬 扶 塞
978,11,0.4133702031982914,-0.022195433903845443,0.45454545454545453,醒 醒悟 惊醒 觉醒 苏醒 清醒 酣睡 觉悟 醉 昏 境界,境界 昏 觉悟 惊醒 醉 酣睡 苏醒 醒,酣睡 昏 觉悟 醉 醒 苏醒 清醒 醒悟 觉醒 惊醒 境界,醒 醒悟 惊醒 觉醒 苏醒 清醒 酣睡 觉悟 醉 昏 境界
979,2,0.4934696940320582,0.146859520938784,0.0,壮胆 敲边鼓,壮胆 敲边鼓,壮胆 敲边鼓,壮胆 敲边鼓
980,1,,0.0,0.0,壳,壳,壳,壳
981,4,0.36267461192707745,-0.05272028435015118,0.75,复原 还原 复活 完好,复活 还原 完好 复原,完好 还原 复活 复原,复原 还原 复活 完好
982,1,,0.0,0.0,复合,复合,复合,复合
983,7,0.5542835776214773,0.24733042497982313,0.0,外形 外观 外貌 外表 造型 酷似 轮廓,酷似 轮廓 造型 外表 外貌 外观 外形,轮廓 酷似 外貌 外表 外观 造型 外形,外形 外观 外貌 外表 造型 酷似 轮廓
984,8,0.4151291930483847,0.016228878190813218,0.375,带队 率领 领队 带领 队 队员 陪同 外援,队员 外援 陪同 队 领队 带领 率领 带队,队 领队 率领 带领 带队 外援 队员 陪同,带队 率领 领队 带领 队 队员 陪同 外援
985,5,0.41151680053251527,0.03038254975572625,0.6,终于 总算 最终 多亏 结果,结果 多亏 最终 总算 终于,总算 多亏 结果 最终 终于,终于 总算 最终 多亏 结果
986,1,,0.0,0.0,多劳多得,多劳多得,多劳多得,多劳多得
987,3,0.4717589639382774,0.15861786259751484,0.0,数码 数字 多媒体,多媒体 数字 数码,数字 数码 多媒体,数码 数字 多媒体
988,1,,0.0,0.0,多心,多心,多心,多心
989,4,0.36509366492361944,-0.06126586237835403,1.0,大惊小怪 随大溜 大包大揽 小看,小看 随大溜 大包大揽 大惊小怪,小看 大包大揽 随大溜 大惊小怪,大惊小怪 随大溜 大包大揽 小看
990,4,0.41804565492526263,0.05555620679547969,0.25,天地 大地 开天辟地 天下,开天辟地 天下 大地 天地,开天辟地 大地 天地 天下,天地 大地 开天辟地 天下
991,4,0.34353474293755565,-0.04599001469997012,0.75,无形 无形中 大大 看得见,大大 看得见 无形 无形中,无形 看得见 大大 无形中,无形 无形中 大大 看得见
992,7,0.4432351306800303,0.08250105521959451,0.14285714285714285,理所当然 天经地义 心安理得 理直气壮 顺理成章 无可厚非 大模大样,大模大样 无可厚非 顺理成章 心安理得 理直气壮 理所当然 天经地义,大模大样 理直气壮 无可厚非 天经地义 心安理得 理所当然 顺理成章,理所当然 天经地义 心安理得 理直气壮 顺理成章 无可厚非 大模大样
993,6,0.48467722927894796,0.12817221863386793,0.3333333333333333,富豪 富翁 富人 大款 阔绰 财富,财富 阔绰 大款 富人 富翁 富豪,财富 大款 富翁 阔绰 富人 富豪,富豪 富翁 富人 大款 阔绰 财富
994,3,0.41540022471659505,0.05221853215603183,0.3333333333333333,野生 大熊猫 特产,特产 大熊猫 野生,野生 特产 大熊猫,野生 大熊猫 特产
995,4,0.5240631051240817,0.20166943876822357,0.25,巨额 大笔 高额 资金,资金 高额 大笔 巨额,大笔 高额 资金 巨额,巨额 大笔 高额 资金
996,2,0.48196030376613264,0.20308411893222267,0.0,天平 秤,秤 天平,秤 天平,天平 秤
997,2,0.5086722061089957,0.18802531619836454,0.0,太平 平安,平安 太平,太平 平安,太平 平安
998,6,0.3688067149324805,-0.025855779811071514,0.6666666666666666,房价 调控 物价 房地产 失业率 调节,调节 失业率 物价 房地产 房价 调控,物价 调节 房地产 失业率 调控 房价,房价 调控 物价 房地产 失业率 调节
999,3,0.4480742836399003,0.06590300804475363,0.0,膨胀 扭曲 失控,扭曲 膨胀 失控,膨胀 扭曲 失控,膨胀 扭曲 失控
1000,1,,0.0,0.0,头号,头号,头号,头号
1001,1,,0.0,0.0,奏,奏,奏,奏
1002,6,0.4151442841804434,0.049181960269386406,0.3333333333333333,奏效 见效 效果 管用 无济于事 效应,效应 无济于事 效果 管用 见效 奏效,无济于事 奏效 效应 效果 管用 见效,奏效 见效 效果 管用 无济于事 效应
1003,9,0.4393582492947503,0.017765108472911424,0.3333333333333333,契机 机遇 转折点 机会 转机 转折 时机 把握 起点,起点 把握 转折 转机 机会 转折点 时机 契机,时机 机会 把握 契机 转折点 转机 转折 机遇 起点,契机 机遇 转折点 机会 转机 转折 时机 把握 起点
1004,3,0.41668676374188734,0.05787442077844112,0.0,菜单 套餐 日历,日历 套餐 菜单,菜单 套餐 日历,菜单 套餐 日历
1005,4,0.5260852337319281,0.21777444672455937,0.0,豪华 奢侈 高档 尊贵,尊贵 高档 奢侈 豪华,豪华 尊贵 奢侈 高档,豪华 奢侈 高档 尊贵
1006,9,0.4186765681260638,0.0033485067258032988,0.4444444444444444,谜底 谜团 奥秘 真相 玄机 隐情 水落石出 宝藏 揭晓,谜团 揭晓 水落石出 宝藏 玄机 隐情 谜底 奥秘,玄机 真相 宝藏 揭晓 谜底 谜团 奥秘 隐情 水落石出,谜底 谜团 奥秘 真相 玄机 隐情 水落石出 宝藏 揭晓
1007,3,0.5098497816100216,0.18522013730072137,0.0,最好 最佳 好,好 最佳 最好,好 最好 最佳,最好 最佳 好
1008,5,0.48696482547042574,0.127078998216703,0.2,好心人 好心 路人 好人 素不相识,素不相识 好人 路人 好心人 好心,好心人 好人 好心 素不相识 路人,好心人 好心 路人 好人 素不相识
1009,4,0.605778588320126,0.35981618988638253,0.0,看上去 看起来 看似 好似,好似 看似 看上去 看起来,看起来 看似 好似 看上去,看上去 看起来 看似 好似
1010,6,0.4770254707879523,0.09528435506524542,0.3333333333333333,赞叹不已 赞不绝口 爱不释手 如醉如痴 耳目一新 恋恋不舍,恋恋不舍 耳目一新 如醉如痴 爱不释手 赞叹不已 赞不绝口,爱不释手 恋恋不舍 耳目一新 如醉如痴 赞叹不已 赞不绝口,赞叹不已 赞不绝口 爱不释手 如醉如痴 耳目一新 恋恋不舍
1011,1,,0.0,0.0,妥,妥,妥,妥
1012,2,0.4661487694102706,0.11935473593297348,0.0,威风 威力,威风 威力,威风 威力,威风 威力
1013,2,0.5007127745134667,0.19244398590432038,0.0,娃娃 宝贝,娃娃 宝贝,宝贝 娃娃,娃娃 宝贝
1014,3,0.44712423572811927,0.08746877122145963,0.3333333333333333,舆论 媒体 民意,民意 媒体 舆论,媒体 民意 舆论,舆论 媒体 民意
1015,1,,0.0,0.0,子,子,子,子
1016,3,0.3894651640559786,0.026340658805735735,0.6666666666666666,排斥 孤立 抵触,抵触 孤立 排斥,抵触 排斥 孤立,排斥 孤立 抵触
1017,1,,0.0,0.0,安,安,安,安
1018,2,0.46498139556411333,0.14354281208049335,0.0,安全 质量,安全 质量,质量 安全,安全 质量
1019,4,0.3943775864076669,0.02031724320628929,0.5,编排 编制 编 安排,安排 编 编制 编排,编 编制 编排 安排,编排 编制 编 安排
1020,13,0.4093510053869166,0.055319212427831804,0.15384615384615385,搬迁 迁移 迁 搬 搬家 移民 拆迁 安置 转移 定居 移 落户,拆 落户 转移 移民 拆迁 安置 搬 移,搬家 移 搬 拆 移民 落户 定居 迁 安置 搬迁 转移 迁移,搬迁 迁移 迁 搬 搬家 移民 拆迁 安置 转移 定居 移 落户 拆
1021,2,0.4597764596556527,0.10755885948184116,0.0,完美 理想,理想 完美,完美 理想,完美 理想
1022,5,0.3863685642988394,-0.0016378144362730856,0.6,细微 微观 宏观 细节 微弱,微弱 细节 宏观 微观 细微,微观 细微 宏观 微弱 细节,细微 微观 宏观 细节 微弱
1023,1,,0.0,0.0,宗,宗,宗,宗
1024,1,,0.0,0.0,官,官,官,官
1025,5,0.4838983810186691,0.1303528037560841,0.0,确定 拟定 定 确立 设定,定 设定 确立 拟定 确定,定 确定 确立 拟定 设定,确定 拟定 定 确立 设定
1026,1,,0.0,0.0,定向,定向,定向,定向
1027,1,,0.0,0.0,定心丸,定心丸,定心丸,定心丸
1028,2,0.45729465688629767,0.11201828050399332,0.0,零钱 宝,宝 零钱,宝 零钱,零钱 宝
1029,5,0.43686370832989674,0.09663307539378144,0.2,精华 精髓 经典 精品 宝库,宝库 精品 经典 精髓 精华,精髓 经典 宝库 精品 精华,精华 精髓 经典 精品 宝库
1030,10,0.4386123571761849,0.056694323451621106,0.3,宝石 珍珠 钻石 水晶 珠宝 贝壳 戒指 金子 玉 海藻,海藻 贝壳 玉 戒指 金子 水晶 珠宝 珍珠,玉 金子 戒指 钻石 水晶 贝壳 海藻 珠宝 宝石 珍珠,宝石 珍珠 钻石 水晶 珠宝 贝壳 戒指 金子 玉 海藻
1031,3,0.4105213347003374,0.0044694917269131424,0.6666666666666666,虚拟 模拟 实体,实体 模拟 虚拟,实体 虚拟 模拟,虚拟 模拟 实体
1032,2,0.4530879087463662,0.11343826531062604,0.0,纪实 实况,实况 纪实,实况 纪实,纪实 实况
1033,1,,0.0,0.0,实物,实物,实物,实物
1034,1,,0.0,0.0,实质,实质,实质,实质
1035,7,0.36278217083783104,-0.02691876517373332,0.5714285714285714,探索 实践 摸索 尝试 开拓 现实 实际,实际 现实 开拓 尝试 实践 摸索 探索,尝试 探索 摸索 开拓 现实 实践 实际,探索 实践 摸索 尝试 开拓 现实 实际
1036,17,0.4370019497826115,0.021314558799708967,0.35294117647058826,飞机 客机 起飞 降落 航班 飞行 直升机 飞行员 机场 登机 机舱 航空,机舱 航空 跑道 飞翔 翅膀 飞 登机 架,机场 直升机 飞行员 起飞 架 航空 航班 飞翔 飞 飞机 跑道 降落,飞机 客机 起飞 降落 航班 飞行 直升机 飞行员 机场 登机 机舱 航空 架 跑道 飞 飞翔 翅膀
1037,7,0.4260270485132834,0.07285162427030088,0.14285714285714285,捉 逮 捕 追 捕捉 追逐 宰,宰 追逐 追 捕捉 逮 捉 捕,追逐 宰 捕 捉 逮 追 捕捉,捉 逮 捕 追 捕捉 追逐 宰
1038,1,,0.0,0.0,家园,家园,家园,家园
1039,5,0.38296366411662197,-0.013003751598399806,0.4,家长 家教 管教 教 家属,家属 教 家教 管教 家长,家长 教 管教 家属 家教,家长 家教 管教 教 家属
1040,3,0.3951965090978559,0.03289856195052317,0.3333333333333333,承载 容纳 赋予,容纳 赋予 承载,赋予 容纳 承载,承载 容纳 赋予
1041,9,0.3908537462309607,-0.031494416260749794,0.6666666666666666,放松 松弛 紧缩 宽松 紧 松 松绑 麻痹 疲劳,疲劳 麻痹 宽松 紧缩 紧 松绑 松 松弛,松弛 疲劳 紧 松 宽松 放松 麻痹 松绑 紧缩,放松 松弛 紧缩 宽松 紧 松 松绑 麻痹 疲劳
1042,3,0.47885873955592895,0.1670246305888342,0.0,稠密 密集 密,密 密集 稠密,稠密 密 密集,稠密 密集 密
1043,4,0.5288351108231185,0.24618162095088397,0.0,必不可少 离不开 少不了 密不可分,密不可分 少不了 必不可少 离不开,必不可少 少不了 离不开 密不可分,必不可少 离不开 少不了 密不可分
1044,4,0.3983602317058568,0.007459666439915168,0.5,德 福 富 美,富 福 美 德,富 德 福 美,德 福 富 美
1045,8,0.4378502607120493,0.1128791793039091,0.25,应对 对待 对付 面对 看待 应付 对策 平常心,平常心 对策 对付 应付 看待 面对 应对 对待,对付 看待 对待 对策 面对 应付 应对 平常心,应对 对待 对付 面对 看待 应付 对策 平常心
1046,7,0.3862509045125979,-0.008934201091617421,0.42857142857142855,对准 瞄准 指向 矛头 盯 目标 捂,捂 目标 盯 矛头 指向 瞄准 对准,对准 盯 捂 瞄准 目标 矛头 指向,对准 瞄准 指向 矛头 盯 目标 捂
1047,1,,0.0,0.0,对外,对外,对外,对外
1048,2,0.5793634092717952,0.30419533203744964,0.0,对应 相应,对应 相应,对应 相应,对应 相应
1049,3,0.4707044654504587,0.12187654462423451,0.0,辜负 对得起 托付,托付 对得起 辜负,辜负 托付 对得起,辜负 对得起 托付
1050,2,0.635909130328618,0.42088794646909744,0.0,对比 对照,对照 对比,对比 对照,对比 对照
1051,8,0.4560087962836363,0.10981082766638255,0.0,结尾 开头 开场白 段落 开场 结局 情节 对白,结局 开场 对白 情节 段落 开场白 开头 结尾,情节 对白 开场 开头 段落 开场白 结局 结尾,结尾 开头 开场白 段落 开场 结局 情节 对白
1052,1,,0.0,0.0,对称,对称,对称,对称
1053,5,0.38047074162419414,-0.006520105288943513,0.6,扩展 扩 范围 扩张 对象,对象 扩张 范围 扩 扩展,扩 扩张 扩展 范围 对象,扩展 扩 范围 扩张 对象
1054,13,0.48561040847613596,0.11081203006541239,0.23076923076923078,寻找 寻觅 寻求 找到 找 寻 探求 搜寻 找出 查找 谋求 求,找出 搜寻 追求 查找 寻 求 谋求 探求,谋求 寻 追求 探求 找 求 寻找 寻求 找到 找出 搜寻 寻觅,寻找 寻觅 寻求 找到 找 寻 探求 搜寻 找出 查找 谋求 求 追求
1055,7,0.4891621551609034,0.15021115355122294,0.0,平常 寻常 普通人 常人 平凡 普通 常理,常理 平凡 平常 普通 普通人 常人 寻常,寻常 普通 常人 普通人 常理 平凡 平常,平常 寻常 普通人 常人 平凡 普通 常理
1056,2,0.478441484593207,0.15381722261528463,0.0,年限 寿命,寿命 年限,寿命 年限,年限 寿命
1057,3,0.4648256027470333,0.13460627858204768,0.0,封闭 封锁 开放,封锁 开放 封闭,开放 封闭 封锁,封闭 封锁 开放
1058,3,0.45036663991788356,0.09641973416838896,0.0,版 电子版 封面,电子版 封面 版,版 电子版 封面,版 电子版 封面
1059,3,0.47354780108193656,0.17216897180534038,0.0,投射 折射 射,射 折射 投射,射 折射 投射,投射 折射 射
1060,4,0.4670082000638904,0.0898600471094213,0.25,将来 未来 有朝一日 届时,有朝一日 未来 届时 将来,有朝一日 届时 将来 未来,将来 未来 有朝一日 届时
1061,3,0.46212231704842227,0.11466291159497304,0.0,棋子 棋 小卒,小卒 棋 棋子,棋 小卒 棋子,棋子 棋 小卒
1062,3,0.43551648979702534,0.05753277139737787,0.3333333333333333,尝 闻 赐,赐 闻 尝,尝 闻 赐,尝 闻 赐
1063,6,0.4107968075548526,0.03429732817911821,0.3333333333333333,放肆 放纵 尽情 自由自在 纵容 尽,尽 纵容 自由自在 放肆 尽情 放纵,尽 纵容 放肆 放纵 尽情 自由自在,放肆 放纵 尽情 自由自在 纵容 尽
1064,3,0.42082762617766867,0.06298179825420176,0.3333333333333333,尽头 终点 深处,终点 深处 尽头,尽头 深处 终点,尽头 终点 深处
1065,1,,0.0,0.0,局,局,局,局
1066,2,0.4733759374791551,0.18928746111741132,0.0,底层 层,层 底层,层 底层,底层 层
1067,5,0.4617630476502798,0.1071078529495288,0.0,迭起 此起彼伏 愈演愈烈 层出不穷 连绵,连绵 愈演愈烈 层出不穷 迭起 此起彼伏,迭起 愈演愈烈 连绵 此起彼伏 层出不穷,迭起 此起彼伏 愈演愈烈 层出不穷 连绵
1068,1,,0.0,0.0,居高临下,居高临下,居高临下,居高临下
1069,2,0.4602753541329301,0.1433507015770018,0.0,属 科,属 科,属 科,属 科
1070,3,0.4317235820509693,0.028684759227725277,0.6666666666666666,山寨 抄袭 水货,水货 抄袭 山寨,抄袭 水货 山寨,山寨 抄袭 水货
1071,1,,0.0,0.0,峰回路转,峰回路转,峰回路转,峰回路转
1072,2,0.5376567931764115,0.1758832894322319,0.0,工作 工作量,工作 工作量,工作量 工作,工作 工作量
1073,1,,0.0,0.0,工作日,工作日,工作日,工作日
1074,3,0.4666949584580686,0.12745550258658137,0.3333333333333333,工商界 文艺界 工商,工商 文艺界 工商界,工商界 工商 文艺界,工商界 文艺界 工商
1075,6,0.43154831717612957,0.07226013135136353,0.16666666666666666,步骤 流程 工序 程序 环节 步,步 工序 环节 流程 程序 步骤,流程 步骤 环节 程序 步 工序,步骤 流程 工序 程序 环节 步
1076,1,,0.0,0.0,巨头,巨头,巨头,巨头
1077,8,0.41612914907352067,0.07350407228035974,0.25,早已 已经 已 早就 正在 正 早 盘,盘 早 正 正在 早就 已经 已 早已,已经 已 盘 早 正 早已 早就 正在,早已 已经 已 早就 正在 正 早 盘
1078,5,0.4524513977100251,0.07289079489953618,0.2,结构 形态 格局 构造 布局,布局 构造 形态 格局 结构,构造 布局 形态 结构 格局,结构 形态 格局 构造 布局
1079,10,0.4233137836095169,0.05870373430890252,0.2,放置 摆放 设置 布置 摆 摆设 设 置 悬挂 放,放 布置 悬挂 摆 设 摆设 设置 置,摆放 置 摆 放 放置 设 悬挂 摆设 布置 设置,放置 摆放 设置 布置 摆 摆设 设 置 悬挂 放
1080,1,,0.0,0.0,帆,帆,帆,帆
1081,1,,0.0,0.0,帐篷,帐篷,帐篷,帐篷
1082,8,0.3903109293952726,0.014159103204436193,0.5,背着 挎 背 带 驮 携带 戴 扮,扮 驮 戴 带 携带 背 挎 背着,背着 带 扮 戴 挎 驮 背 携带,背着 挎 背 带 驮 携带 戴 扮
1083,1,,0.0,0.0,带路,带路,带路,带路
1084,5,0.39456890495454167,-0.0027325525158360007,0.4,正常 常规 日常 常态 正规,正规 日常 常态 常规 正常,常态 正规 常规 正常 日常,正常 常规 日常 常态 正规
1085,1,,0.0,0.0,幕,幕,幕,幕
1086,4,0.4366010776177474,0.0552548751154295,0.25,幕后 黑手 背后 杀手,杀手 背后 幕后 黑手,背后 杀手 幕后 黑手,幕后 黑手 背后 杀手
1087,1,,0.0,0.0,平,平,平,平
1088,4,0.38688436965408873,-0.01658154582883824,0.75,平台 渠道 通道 系统,系统 通道 渠道 平台,通道 系统 渠道 平台,平台 渠道 通道 系统
1089,3,0.428968691624188,0.0855106030872627,0.3333333333333333,平方 立方 面积,面积 立方 平方,面积 立方 平方,平方 立方 面积
1090,1,,0.0,0.0,广义,广义,广义,广义
1091,3,0.41225065219002904,0.09486463012470854,0.0,数据库 库 档案,库 档案 数据库,数据库 库 档案,数据库 库 档案
1092,1,,0.0,0.0,废墟,废墟,废墟,废墟
1093,8,0.4499494414360342,0.055463646159014134,0.25,穿过 越过 渡过 跨越 穿越 走过 度过 跨,渡过 跨越 跨 穿越 度过 走过 越过 穿过,跨越 度过 跨 越过 渡过 穿过 穿越 走过,穿过 越过 渡过 跨越 穿越 走过 度过 跨
1094,1,,0.0,0.0,延,延,延,延
1095,12,0.44478899150885537,0.025905364804667142,0.3333333333333333,推迟 拖延 耽搁 耽误 延误 延期 延缓 迟到 晚点 延长 错过 搁置,搁置 延长 错过 耽误 晚点 迟到 延期 延缓,搁置 晚点 延缓 耽搁 延期 迟到 错过 延长 延误 推迟 耽误 拖延,推迟 拖延 耽搁 耽误 延误 延期 延缓 迟到 晚点 延长 错过 搁置
1096,1,,0.0,0.0,建交,建交,建交,建交
1097,1,,0.0,0.0,开,开,开,开
1098,4,0.4353971690862772,-0.003898280485096599,0.5,机器 机械 计算机 开动,开动 计算机 机械 机器,机器 开动 计算机 机械,机器 机械 计算机 开动
1099,1,,0.0,0.0,开张,开张,开张,开张
1100,13,0.47840412100943114,0.12056946735073716,0.23076923076923078,支出 开支 经费 预算 拨款 收支 财政 开销 费用 赤字 财力 款项,筹措 财政 款项 费用 开销 赤字 财力 拨款,开销 款项 赤字 开支 经费 收支 财力 财政 支出 拨款 费用 预算,支出 开支 经费 预算 拨款 收支 财政 开销 费用 赤字 财力 款项 筹措
1101,1,,0.0,0.0,异议,异议,异议,异议
1102,3,0.40550488637389465,0.060697211175119586,0.3333333333333333,新式 式 简易,简易 式 新式,式 简易 新式,新式 式 简易
1103,1,,0.0,0.0,引,引,引,引
1104,5,0.4448268695542101,0.07730013502046723,0.0,引入 融入 引进 注入 纳入,引进 注入 纳入 融入 引入,引进 纳入 融入 引入 注入,引入 融入 引进 注入 纳入
1105,1,,0.0,0.0,张,张,张,张
1106,2,0.5096359126833356,0.2795482389145783,0.0,张扬 能人,张扬 能人,能人 张扬,张扬 能人
1107,3,0.4675925403976855,0.12504475701402493,0.3333333333333333,韧性 弹性 耐性,耐性 弹性 韧性,弹性 韧性 耐性,韧性 弹性 耐性
1108,6,0.4338349196862021,0.05401443071054184,0.3333333333333333,强迫 强制 强行 自愿 强加 自发,自发 强加 自愿 强行 强迫 强制,强制 强加 自愿 自发 强行 强迫,强迫 强制 强行 自愿 强加 自发
1109,5,0.3733569535602297,0.0045967499226832855,0.6,归属 归 母 扣 管辖,母 管辖 扣 归 归属,归 扣 母 管辖 归属,归属 归 母 扣 管辖
1110,4,0.528370671196769,0.2290983615381934,0.0,归还 退回 返还 收回,收回 返还 归还 退回,收回 退回 返还 归还,归还 退回 返还 收回
1111,1,,0.0,0.0,录,录,录,录
1112,12,0.45507604384066175,0.041262557138295734,0.25,风貌 风采 风范 风度 风情 魅力 气派 风格 风尚 面貌 形象 风流,风流 形象 风尚 魅力 风情 气派 面貌 风格,气派 风度 风尚 风流 风格 风情 风采 风范 风貌 形象 魅力 面貌,风貌 风采 风范 风度 风情 魅力 气派 风格 风尚 面貌 形象 风流
1113,1,,0.0,0.0,征,征,征,征
1114,5,0.5174566853865544,0.17985974267680316,0.2,搜集 收集 采集 征集 素材,素材 征集 采集 搜集 收集,征集 采集 素材 收集 搜集,搜集 收集 采集 征集 素材
1115,3,0.49980228989000713,0.19270222998443234,0.0,慢慢来 循序渐进 顺其自然,顺其自然 循序渐进 慢慢来,顺其自然 循序渐进 慢慢来,慢慢来 循序渐进 顺其自然
1116,12,0.45955297810197043,0.11314784425368747,0.16666666666666666,诀窍 秘诀 绝招 窍门 技巧 招数 绝技 要领 秘方 心得 要点 招,招 要点 绝技 心得 招数 技巧 要领 秘方,绝技 绝招 招 诀窍 心得 技巧 要点 窍门 秘方 招数 秘诀 要领,诀窍 秘诀 绝招 窍门 技巧 招数 绝技 要领 秘方 心得 要点 招
1117,1,,0.0,0.0,心爱,心爱,心爱,心爱
1118,1,,0.0,0.0,必,必,必,必
1119,3,0.5767154805019864,0.31318744698472406,0.0,禁忌 忌讳 忌,禁忌 忌讳 忌,禁忌 忌讳 忌,禁忌 忌讳 忌
1120,3,0.39705297015444335,0.05840390558311797,0.6666666666666666,献血 志愿者 输血,志愿者 输血 献血,献血 输血 志愿者,献血 志愿者 输血
1121,4,0.48935505846404254,0.14500237303364308,0.0,慢 快 迟 缓,缓 迟 快 慢,快 缓 慢 迟,慢 快 迟 缓
1122,7,0.5369146161546056,0.2388104578835115,0.0,示威 抗议 罢工 游行 骚乱 怠工 闹事,骚乱 闹事 怠工 游行 抗议 罢工 示威,闹事 罢工 示威 游行 抗议 骚乱 怠工,示威 抗议 罢工 游行 骚乱 怠工 闹事
1123,1,,0.0,0.0,急,急,急,急
1124,1,,0.0,0.0,总部,总部,总部,总部
1125,2,0.45219154481151747,0.07134271824748659,0.0,恢复 重新,恢复 重新,恢复 重新,恢复 重新
1126,1,,0.0,0.0,悬念,悬念,悬念,悬念
1127,1,,0.0,0.0,惯性,惯性,惯性,惯性
1128,3,0.40325789934861533,0.02702962337909198,0.6666666666666666,饶 赖 惹,赖 惹 饶,惹 饶 赖,饶 赖 惹
1129,2,0.4524925910504557,0.04174842018304106,0.0,计划 意向,计划 意向,意向 计划,计划 意向
1130,1,,0.0,0.0,愚公移山,愚公移山,愚公移山,愚公移山
1131,3,0.3771693037686183,0.02121176409746904,0.6666666666666666,成型 成熟 铸造,铸造 成熟 成型,成型 成熟 铸造,成型 成熟 铸造
1132,1,,0.0,0.0,戒,戒,戒,戒
1133,4,0.5056813077000518,0.17311554900028944,0.0,蓝图 构想 规划 战略,规划 战略 构想 蓝图,蓝图 规划 战略 构想,蓝图 构想 规划 战略
1134,1,,0.0,0.0,截,截,截,截
1135,5,0.5157224032458204,0.22244432231362263,0.0,截至 截止 直至 直到 据,据 直到 截止 直至 截至,据 截止 直至 直到 截至,截至 截止 直至 直到 据
1136,1,,0.0,0.0,戳,戳,戳,戳
1137,1,,0.0,0.0,所,所,所,所
1138,2,0.5076564987390255,0.16925228696057937,0.0,所在 所属,所在 所属,所在 所属,所在 所属
1139,4,0.42586327927595463,0.05802623594715859,0.25,自动 自行 自主 手动,自主 手动 自动 自行,自行 手动 自主 自动,自动 自行 自主 手动
1140,6,0.4603892858970703,0.11636498891294704,0.0,询问 求证 追问 核实 打听 澄清,澄清 核实 打听 追问 询问 求证,询问 追问 澄清 核实 打听 求证,询问 求证 追问 核实 打听 澄清
1141,6,0.46776675882645274,0.10843368302820121,0.16666666666666666,盛行 蔓延 流行 泛滥 流传 扩散,流传 流行 扩散 蔓延 泛滥 盛行,流行 流传 扩散 泛滥 盛行 蔓延,盛行 蔓延 流行 泛滥 流传 扩散
1142,1,,0.0,0.0,扬,扬,扬,扬
1143,3,0.3794347654887429,0.021628355886605066,0.6666666666666666,把 被 拿出,拿出 被 把,拿出 把 被,把 被 拿出
1144,2,0.4745341742021778,0.16298065195625278,0.0,把柄 靶子,把柄 靶子,把柄 靶子,把柄 靶子
1145,1,,0.0,0.0,投,投,投,投
1146,2,0.5637375616318009,0.31667757773577526,0.0,炒作 投机,炒作 投机,炒作 投机,炒作 投机
1147,3,0.5337478318522137,0.22877602842331166,0.0,日报 晚报 报,报 晚报 日报,日报 报 晚报,日报 晚报 报
1148,6,0.4090355014839365,0.038159691083302714,0.3333333333333333,采访 调查 调研 报道 问卷 记者,记者 报道 问卷 调查 调研 采访,采访 问卷 记者 报道 调查 调研,采访 调查 调研 报道 问卷 记者
1149,1,,0.0,0.0,押,押,押,押
1150,1,,0.0,0.0,担,担,担,担
1151,2,0.48436339216308133,0.17669506196936918,0.0,招标 拍卖,招标 拍卖,招标 拍卖,招标 拍卖
1152,1,,0.0,0.0,拍戏,拍戏,拍戏,拍戏
1153,7,0.43282824938487074,0.025925530290177128,0.2857142857142857,符号 记号 标示 标签 标志 括号 标题,括号 标题 标示 标签 标志 记号 符号,标志 标签 标示 标题 括号 记号 符号,符号 记号 标示 标签 标志 括号 标题
1154,2,0.46041279998210904,0.14823587969475352,0.0,括弧 省略,括弧 省略,省略 括弧,括弧 省略
1155,1,,0.0,0.0,拿手,拿手,拿手,拿手
1156,2,0.5129748897474893,0.24082935984138676,0.0,持有 持,持有 持,持有 持,持有 持
1157,2,0.45750918502586135,0.10950185715204207,0.0,持久 长效,持久 长效,持久 长效,持久 长效
1158,1,,0.0,0.0,指,指,指,指
1159,3,0.49391681922211417,0.17420921729700253,0.0,特定 特殊 指定,指定 特殊 特定,指定 特定 特殊,特定 特殊 指定
1160,4,0.49443947168078956,0.15798544938320946,0.25,旁观 袖手旁观 看热闹 指手画脚,指手画脚 看热闹 袖手旁观 旁观,旁观 看热闹 袖手旁观 指手画脚,旁观 袖手旁观 看热闹 指手画脚
1161,8,0.43766890453755514,0.05528984283580651,0.25,评判 评定 衡量 评估 评价 考核 指标 指数,指数 考核 指标 评价 评判 衡量 评定 评估,衡量 考核 评价 评估 评判 评定 指标 指数,评判 评定 衡量 评估 评价 考核 指标 指数
1162,8,0.41972275596974284,0.060422446287437884,0.375,适应 满足 迎合 顺应 适合 符合 胜任 挑剔,挑剔 胜任 符合 适合 顺应 满足 适应 迎合,顺应 满足 挑剔 适应 适合 符合 胜任 迎合,适应 满足 迎合 顺应 适合 符合 胜任 挑剔
1163,6,0.4490063484484704,0.13012963750242085,0.3333333333333333,挑选 选 筛选 选择 选项 筛,筛 选项 筛选 选择 选 挑选,选择 筛选 筛 选 挑选 选项,挑选 选 筛选 选择 选项 筛
1164,3,0.4488078060300249,0.10039698662563441,0.0,搭 挽 挤,挤 挽 搭,搭 挤 挽,搭 挽 挤
1165,3,0.45213758009238486,0.08013745766794027,0.0,挨 耳光 顿,耳光 顿 挨,挨 耳光 顿,挨 耳光 顿
1166,6,0.4556845856922651,0.0909680477467704,0.3333333333333333,猜谜 谜语 谜 猜 捉迷藏 趣味,趣味 谜 捉迷藏 猜 谜语 猜谜,谜语 猜 趣味 捉迷藏 猜谜 谜,猜谜 谜语 谜 猜 捉迷藏 趣味
1167,2,0.48421489894013037,0.17902376915492085,0.0,换位 错位,错位 换位,错位 换位,换位 错位
1168,2,0.4502313644886782,0.1086759647358255,0.0,捧 揽,揽 捧,捧 揽,捧 揽
1169,4,0.4388633551014159,0.07911577393577296,0.25,经 未经 经过 授权,授权 经过 未经 经,经 经过 未经 授权,经 未经 经过 授权
1170,3,0.41021135879931364,0.026446436997209194,0.6666666666666666,试探 探 考验,考验 探 试探,探 考验 试探,试探 探 考验
1171,11,0.4891682474118012,0.17352732217969058,0.09090909090909091,谈 谈论 谈到 谈起 聊 畅谈 讨论 讲 探讨 提到 提,提 讲 讨论 提到 探讨 聊 畅谈 谈到,谈到 畅谈 提 探讨 提到 聊 谈 讲 谈论 谈起 讨论,谈 谈论 谈到 谈起 聊 畅谈 讨论 讲 探讨 提到 提
1172,3,0.49251883119732964,0.16986042618579797,0.0,接纳 接受 接收,接纳 接收 接受,接受 接收 接纳,接纳 接受 接收
1173,3,0.4939062736739191,0.16108936611190286,0.0,接班 接班人 接手,接手 接班人 接班,接班人 接手 接班,接班 接班人 接手
1174,9,0.4577318586240639,0.08988939043416201,0.1111111111111111,贯通 相连 相通 连接 衔接 直达 纵横交错 通往 接轨,衔接 通往 接轨 直达 纵横交错 贯通 相通 连接,通往 贯通 连接 相通 直达 相连 纵横交错 衔接 接轨,贯通 相连 相通 连接 衔接 直达 纵横交错 通往 接轨
1175,10,0.4496209098577637,0.1086319180549177,0.1,靠近 离 距离 接近 距 远离 逼近 贴近 脱离 走近,脱离 走近 逼近 远离 接近 贴近 距 距离,远离 距离 离 靠近 距 脱离 逼近 贴近 接近 走近,靠近 离 距离 接近 距 远离 逼近 贴近 脱离 走近
1176,2,0.4542358734277019,0.13146133898811307,0.0,推 推荐,推 推荐,推 推荐,推 推荐
1177,5,0.3641808885251204,-0.008574733734235843,0.6,脉络 逻辑 线索 推理 脉搏,脉搏 推理 线索 逻辑 脉络,推理 线索 逻辑 脉搏 脉络,脉络 逻辑 线索 推理 脉搏
1178,1,,0.0,0.0,措手不及,措手不及,措手不及,措手不及
1179,1,,0.0,0.0,提供,提供,提供,提供
1180,2,0.45506512373656216,0.09906323413447152,0.0,提炼 炼,提炼 炼,炼 提炼,提炼 炼
1181,3,0.4550147709141032,0.09314375559278808,0.0,揭 遮 晒,晒 遮 揭,晒 揭 遮,揭 遮 晒
1182,1,,0.0,0.0,搁浅,搁浅,搁浅,搁浅
1183,1,,0.0,0.0,搜,搜,搜,搜
1184,3,0.435551182905108,0.11043661456499969,0.0,默契 磨合 搭档,搭档 磨合 默契,磨合 搭档 默契,默契 磨合 搭档
1185,1,,0.0,0.0,摇篮,摇篮,摇篮,摇篮
1186,1,,0.0,0.0,撇,撇,撇,撇
1187,2,0.4508732247179872,0.10875507283130796,0.0,操作 策略,操作 策略,操作 策略,操作 策略
1188,1,,0.0,0.0,攀,攀,攀,攀
1189,1,,0.0,0.0,收,收,收,收
1190,4,0.4387688927410622,0.10295197992020291,0.0,混 混合 改 纯,纯 改 混合 混,纯 改 混 混合,混 混合 改 纯
1191,3,0.4640752651901092,0.11094343601416363,0.0,请 敬请 改日,改日 请 敬请,改日 请 敬请,请 敬请 改日
1192,5,0.43741551476380636,0.018212835198351412,0.4,革新 改进 改良 进步 革命,革命 进步 改良 改进 革新,进步 革新 革命 改进 改良,革新 改进 改良 进步 革命
1193,4,0.4254099742942348,0.040828750038755544,0.25,死心 罢休 遂心 改邪归正,改邪归正 遂心 罢休 死心,罢休 死心 遂心 改邪归正,死心 罢休 遂心 改邪归正
1194,1,,0.0,0.0,放大,放大,放大,放大
1195,1,,0.0,0.0,放水,放水,放水,放水
1196,1,,0.0,0.0,效力,效力,效力,效力
1197,1,,0.0,0.0,教育部,教育部,教育部,教育部
1198,1,,0.0,0.0,散,散,散,散
1199,4,0.3676545823701556,-0.04750788900535373,0.75,整体 整个 整 综合,整 综合 整个 整体,整 整体 整个 综合,整体 整个 整 综合
1200,1,,0.0,0.0,整数,整数,整数,整数
1201,1,,0.0,0.0,文,文,文,文
1202,4,0.46785261658265354,0.101578928222227,0.0,文件 表格 附件 格式,格式 表格 附件 文件,附件 文件 格式 表格,文件 表格 附件 格式
1203,1,,0.0,0.0,料,料,料,料
1204,3,0.389470844231901,-0.023560119779741637,0.6666666666666666,新款 苹果 系列,苹果 系列 新款,苹果 新款 系列,新款 苹果 系列
1205,1,,0.0,0.0,新生,新生,新生,新生
1206,5,0.4074544171642381,0.053421532297727926,0.2,熏陶 潜移默化 灌输 陶冶 施加,施加 陶冶 灌输 潜移默化 熏陶,熏陶 陶冶 施加 潜移默化 灌输,熏陶 潜移默化 灌输 陶冶 施加
1207,13,0.4296908596854918,0.011658673585956061,0.38461538461538464,波涛 波浪 风浪 汹涌 暴风骤雨 波澜 暴风雨 浪 风暴 起伏 旋涡 荡漾,起伏 猛烈 风暴 荡漾 汹涌 旋涡 波澜 暴风雨,起伏 汹涌 浪 波涛 波浪 波澜 暴风雨 荡漾 暴风骤雨 风浪 风暴 旋涡,波涛 波浪 风浪 汹涌 暴风骤雨 波澜 暴风雨 浪 风暴 起伏 旋涡 荡漾 猛烈
1208,2,0.4526680871816917,0.1449180710363338,0.0,无故 无,无故 无,无故 无,无故 无
1209,1,,0.0,0.0,无可奉告,无可奉告,无可奉告,无可奉告
1210,4,0.35095417129098233,-0.0787225931342672,1.0,独一无二 无敌 超级 特有,特有 无敌 超级 独一无二,无敌 超级 独一无二 特有,独一无二 无敌 超级 特有
1211,3,0.5949135578212419,0.3615765201555882,0.0,无限 无穷 无边,无边 无限 无穷,无边 无限 无穷,无限 无穷 无边
1212,3,0.43765132654790756,0.11025145736452253,0.0,无缘 缺席 止步,止步 缺席 无缘,无缘 止步 缺席,无缘 缺席 止步
1213,2,0.6055800170873065,0.3738061662046381,0.0,议程 日程,议程 日程,日程 议程,议程 日程
1214,1,,0.0,0.0,早晚,早晚,早晚,早晚
1215,1,,0.0,0.0,旭日,旭日,旭日,旭日
1216,1,,0.0,0.0,时事,时事,时事,时事
1217,7,0.44205445274725413,0.06699656533884216,0.14285714285714285,高峰期 时期 阶段 期 高峰 时段 期中,时期 期 期中 时段 高峰 高峰期 阶段,时期 时段 高峰期 期 期中 阶段 高峰,高峰期 时期 阶段 期 高峰 时段 期中
1218,1,,0.0,0.0,星座,星座,星座,星座
1219,1,,0.0,0.0,映,映,映,映
1220,2,0.5566399611923161,0.2798228992325997,0.0,是非 非,是非 非,是非 非,是非 非
1221,4,0.42891423680017127,0.06036838831621832,0.0,顺 润 盛 景,盛 润 景 顺,盛 景 润 顺,顺 润 盛 景
1222,4,0.46897485149596013,0.1447023210590588,0.0,裸露 露 暴露 裸,暴露 裸 露 裸露,露 裸 裸露 暴露,裸露 露 暴露 裸
1223,5,0.32388057583914986,-0.059966642879076736,0.6,补充 补 补给 更新 虚,虚 补给 更新 补 补充,补充 补给 更新 虚 补,补充 补 补给 更新 虚
1224,1,,0.0,0.0,月票,月票,月票,月票
1225,1,,0.0,0.0,有人,有人,有人,有人
1226,2,0.592253820348912,0.3099225299997182,0.0,有效 有力,有力 有效,有效 有力,有效 有力
1227,4,0.437814780763343,0.06444674759678287,0.25,融合 结合 有机 渗透,渗透 有机 结合 融合,有机 渗透 融合 结合,融合 结合 有机 渗透
1228,1,,0.0,0.0,有的放矢,有的放矢,有的放矢,有的放矢
1229,4,0.37702315453990193,-0.00019658057955484164,0.75,金 银 黄金 服,服 黄金 银 金,黄金 服 金 银,金 银 黄金 服
1230,8,0.422707951520623,0.04347855414415747,0.375,运营 运作 经营 运行 运转 管理 营业 服务,服务 营业 管理 经营 运转 运行 运作 运营,运作 营业 经营 管理 服务 运转 运行 运营,运营 运作 经营 运行 运转 管理 营业 服务
1231,2,0.4885321268262597,0.21746354155379563,0.0,期末 末,期末 末,末 期末,期末 末
1232,1,,0.0,0.0,木匠,木匠,木匠,木匠
1233,1,,0.0,0.0,末日,末日,末日,末日
1234,1,,0.0,0.0,本,本,本,本
1235,2,0.5334772383282316,0.23855194883704897,0.0,本色 本分,本色 本分,本分 本色,本色 本分
1236,2,0.6002899490008009,0.38744459187221025,0.0,本身 自身,本身 自身,自身 本身,本身 自身
1237,1,,0.0,0.0,机构,机构,机构,机构
1238,1,,0.0,0.0,杂,杂,杂,杂
1239,1,,0.0,0.0,权威,权威,权威,权威
1240,5,0.44058562388043326,0.04567354832723765,0.2,条 项 篇 种 段,篇 种 段 项 条,种 篇 条 段 项,条 项 篇 种 段
1241,1,,0.0,0.0,板,板,板,板
1242,2,0.5704792542513258,0.3017587919446124,0.0,查明 查出,查出 查明,查出 查明,查明 查出
1243,1,,0.0,0.0,标,标,标,标
1244,2,0.4799780173434608,0.14866597807688334,0.0,脊梁 栋梁,脊梁 栋梁,脊梁 栋梁,脊梁 栋梁
1245,1,,0.0,0.0,栏,栏,栏,栏
1246,1,,0.0,0.0,校园,校园,校园,校园
1247,1,,0.0,0.0,样,样,样,样
1248,1,,0.0,0.0,核,核,核,核
1249,1,,0.0,0.0,核电站,核电站,核电站,核电站
1250,6,0.4521162993372566,0.12545693392767462,0.0,深刻 深深 深切 深入 根深蒂固 深入人心,深入人心 根深蒂固 深入 深切 深刻 深深,深入人心 根深蒂固 深切 深刻 深入 深深,深刻 深深 深切 深入 根深蒂固 深入人心
1251,1,,0.0,0.0,框,框,框,框
1252,1,,0.0,0.0,档,档,档,档
1253,1,,0.0,0.0,桩,桩,桩,桩
1254,1,,0.0,0.0,此致,此致,此致,此致
1255,4,0.5028590175710203,0.16218968316630109,0.25,步行 行走 走路 骑,骑 走路 行走 步行,步行 骑 行走 走路,步行 行走 走路 骑
1256,2,0.521161575312409,0.21591331391236357,0.0,残留 残,残留 残,残 残留,残留 残
1257,6,0.5226249288330238,0.22102720122052263,0.0,盲人 残疾人 聋人 残疾 轮椅 聋,聋 轮椅 残疾人 聋人 残疾 盲人,聋人 轮椅 盲人 聋 残疾人 残疾,盲人 残疾人 聋人 残疾 轮椅 聋
1258,1,,0.0,0.0,每,每,每,每
1259,1,,0.0,0.0,毛,毛,毛,毛
1260,1,,0.0,0.0,民用,民用,民用,民用
1261,1,,0.0,0.0,民间,民间,民间,民间
1262,6,0.3818040244185917,0.00972834611090217,0.5,热气球 滑梯 气球 风筝 龙舟 电梯,电梯 龙舟 风筝 气球 滑梯 热气球,气球 龙舟 滑梯 热气球 电梯 风筝,热气球 滑梯 气球 风筝 龙舟 电梯
1263,3,0.5297850598017456,0.24030667604055753,0.0,混凝土 水泥 砖,砖 水泥 混凝土,砖 混凝土 水泥,混凝土 水泥 砖
1264,1,,0.0,0.0,汇,汇,汇,汇
1265,1,,0.0,0.0,汪洋,汪洋,汪洋,汪洋
1266,1,,0.0,0.0,沙龙,沙龙,沙龙,沙龙
1267,3,0.45778190374287897,0.11099533763882923,0.0,首府 首都 河畔,首都 河畔 首府,河畔 首府 首都,首府 首都 河畔
1268,12,0.4134543042746775,-0.012139077466848704,0.4166666666666667,火 灼热 火焰 热气 沸腾 火热 火辣辣 燃烧 红火 热 火暴 烟囱,燃烧 烟囱 热 火暴 红火 热气 沸腾 火焰,烟囱 热 火 热气 红火 沸腾 火辣辣 火暴 火焰 火热 燃烧 灼热,火 灼热 火焰 热气 沸腾 火热 火辣辣 燃烧 红火 热 火暴 烟囱
1269,2,0.450331607611564,0.11804726554794784,0.0,眼红 沾光,眼红 沾光,沾光 眼红,眼红 沾光
1270,1,,0.0,0.0,注,注,注,注
1271,1,,0.0,0.0,注册,注册,注册,注册
1272,1,,0.0,0.0,洋,洋,洋,洋
1273,1,,0.0,0.0,活动,活动,活动,活动
1274,1,,0.0,0.0,流水,流水,流水,流水
1275,1,,0.0,0.0,流通,流通,流通,流通
1276,4,0.39805545574599344,0.04382284203774596,0.25,深度 深 浅 高度,高度 浅 深 深度,浅 深 深度 高度,深度 深 浅 高度
1277,4,0.48493888939169905,0.165393797714327,0.0,稠 浓 稀 糟,糟 稀 浓 稠,稀 稠 糟 浓,稠 浓 稀 糟
1278,1,,0.0,0.0,海,海,海,海
1279,1,,0.0,0.0,海绵,海绵,海绵,海绵
1280,1,,0.0,0.0,消,消,消,消
1281,1,,0.0,0.0,消费,消费,消费,消费
1282,5,0.346751304330128,-0.09471293850961464,0.8,涵盖 覆盖 贯穿 辐射 自始至终,自始至终 辐射 覆盖 涵盖 贯穿,覆盖 辐射 涵盖 自始至终 贯穿,涵盖 覆盖 贯穿 辐射 自始至终
1283,3,0.46473435382331024,0.1686254698923537,0.0,退出 淘汰 退役,退役 淘汰 退出,退出 退役 淘汰,退出 淘汰 退役
1284,1,,0.0,0.0,淡化,淡化,淡化,淡化
1285,1,,0.0,0.0,清,清,清,清
1286,1,,0.0,0.0,渡,渡,渡,渡
1287,1,,0.0,0.0,港,港,港,港
1288,2,0.46390335701482255,0.10484917466331395,0.0,社交 游戏,游戏 社交,游戏 社交,社交 游戏
1289,1,,0.0,0.0,滚动,滚动,滚动,滚动
1290,6,0.49572263839469005,0.18861562650020167,0.0,训练 演练 练 演习 锻炼 训,训 演习 锻炼 演练 练 训练,练 训 锻炼 训练 演习 演练,训练 演练 练 演习 锻炼 训
1291,4,0.4468370937040347,0.07815517144532845,0.25,马虎 潦草 粗心大意 走过场,走过场 粗心大意 潦草 马虎,马虎 潦草 走过场 粗心大意,马虎 潦草 粗心大意 走过场
1292,1,,0.0,0.0,激光,激光,激光,激光
1293,11,0.5163733128518425,0.1849734585949056,0.09090909090909091,爆竹 烟花 鞭炮 焰火 燃放 烟火 香烟 蜡烛 火柴 烟 点燃,点燃 蜡烛 燃放 火柴 香烟 烟 烟火 爆竹,烟 烟火 烟花 蜡烛 香烟 点燃 火柴 焰火 燃放 爆竹 鞭炮,爆竹 烟花 鞭炮 焰火 燃放 烟火 香烟 蜡烛 火柴 烟 点燃
1294,5,0.39905555857966507,0.023353109025070172,0.4,魂 灵魂 灵 血脉 玄,玄 血脉 灵 灵魂 魂,灵 玄 血脉 魂 灵魂,魂 灵魂 灵 血脉 玄
1295,1,,0.0,0.0,灵通,灵通,灵通,灵通
1296,4,0.458833371435824,0.1056445131021195,0.0,股票 股市 股 炒股,炒股 股 股市 股票,炒股 股票 股市 股,股票 股市 股 炒股
1297,2,0.5548808356776006,0.25304620542145567,0.0,碳 炭,炭 碳,碳 炭,碳 炭
1298,2,0.4954339104050658,0.2134197172542563,0.0,点子 点,点 点子,点 点子,点子 点
1299,2,0.48341789867798446,0.12811797772763098,0.0,点击率 票房,点击率 票房,点击率 票房,点击率 票房
1300,1,,0.0,0.0,点名,点名,点名,点名
1301,2,0.5292827163325776,0.23201604216134225,0.0,点评 评,评 点评,点评 评,点评 评
1302,1,,0.0,0.0,热带,热带,热带,热带
1303,1,,0.0,0.0,焚烧,焚烧,焚烧,焚烧
1304,1,,0.0,0.0,焦,焦,焦,焦
1305,2,0.4714798358688519,0.16085373877432022,0.0,照常 照例,照常 照例,照例 照常,照常 照例
1306,1,,0.0,0.0,爆满,爆满,爆满,爆满
1307,1,,0.0,0.0,爱国,爱国,爱国,爱国
1308,3,0.4354041667592082,0.09793738506408119,0.0,爵士 绅士 魔术,魔术 绅士 爵士,爵士 绅士 魔术,爵士 绅士 魔术
1309,3,0.429465175931123,0.017010535389730446,0.3333333333333333,秃 豁 牙,豁 秃 牙,秃 牙 豁,秃 豁 牙
1310,5,0.4800290655593093,0.10886387760653146,0.4,证据 证人 物证 辩护 答辩,答辩 辩护 物证 证人 证据,答辩 辩护 证据 证人 物证,证据 证人 物证 辩护 答辩
1311,2,0.48511221937898896,0.1674875165130956,0.0,特别 特,特 特别,特 特别,特别 特
1312,1,,0.0,0.0,状元,状元,状元,状元
1313,5,0.47523780104469004,0.11494499829902896,0.0,狂 疯狂 猛 疯 狠,猛 疯 狠 疯狂 狂,疯狂 猛 狠 狂 疯,狂 疯狂 猛 疯 狠
1314,1,,0.0,0.0,独家,独家,独家,独家
1315,1,,0.0,0.0,环,环,环,环
1316,2,0.5934710068774804,0.37903024421407555,0.0,现有 现行,现行 现有,现有 现行,现有 现行
1317,9,0.48468888858382214,0.15974546755314914,0.1111111111111111,铜 铝 铅 金属 锡 钢 非金属 铁 玻璃,玻璃 铁 钢 非金属 铅 锡 金属 铜,金属 锡 钢 铝 铜 铅 铁 玻璃 非金属,铜 铝 铅 金属 锡 钢 非金属 铁 玻璃
1318,1,,0.0,0.0,理,理,理,理
1319,4,0.5140451509178677,0.19287751557619526,0.0,用于 用来 用途 适用,适用 用途 用来 用于,用来 用于 适用 用途,用于 用来 用途 适用
1320,1,,0.0,0.0,用法,用法,用法,用法
1321,4,0.41597364530588415,0.03051072756366234,0.25,田 苗 肥 野,野 肥 苗 田,田 野 肥 苗,田 苗 肥 野
1322,1,,0.0,0.0,画蛇添足,画蛇添足,画蛇添足,画蛇添足
1323,3,0.42232900362486175,0.05042268553475727,0.6666666666666666,病毒 细菌 黑客,细菌 黑客 病毒,细菌 病毒 黑客,病毒 细菌 黑客
1324,6,0.47393957703988315,0.162017602671108,0.0,足迹 脚印 脚步 痕迹 轨迹 身影,脚步 痕迹 轨迹 身影 脚印 足迹,痕迹 脚印 脚步 足迹 轨迹 身影,足迹 脚印 脚步 痕迹 轨迹 身影
1325,4,0.4299240499960136,0.0460561386773636,0.25,粗 筋 麻 瘦,麻 瘦 筋 粗,筋 粗 瘦 麻,粗 筋 麻 瘦
1326,1,,0.0,0.0,瘾,瘾,瘾,瘾
1327,1,,0.0,0.0,登,登,登,登
1328,1,,0.0,0.0,登陆,登陆,登陆,登陆
1329,1,,0.0,0.0,白白,白白,白白,白白
1330,1,,0.0,0.0,百分点,百分点,百分点,百分点
1331,1,,0.0,0.0,百合,百合,百合,百合
1332,1,,0.0,0.0,皮,皮,皮,皮
1333,1,,0.0,0.0,目的地,目的地,目的地,目的地
1334,1,,0.0,0.0,直,直,直,直
1335,2,0.6261433469472352,0.3735925983414454,0.0,间接 直接,直接 间接,间接 直接,间接 直接
1336,1,,0.0,0.0,直线,直线,直线,直线
1337,2,0.45432739309530357,0.0769379274439698,0.0,相传 记载,相传 记载,相传 记载,相传 记载
1338,1,,0.0,0.0,省,省,省,省
1339,2,0.46317173240926435,0.12681227941148726,0.0,真空 高压,真空 高压,真空 高压,真空 高压
1340,6,0.48212614125024267,0.16720900470843736,0.0,视野 眼光 眼界 视角 视线 远见,远见 视角 视线 眼界 眼光 视野,视线 眼界 眼光 视角 视野 远见,视野 眼光 眼界 视角 视线 远见
1341,1,,0.0,0.0,着落,着落,着落,着落
1342,1,,0.0,0.0,瞒,瞒,瞒,瞒
1343,5,0.30497509454874694,-0.14187266818194683,1.0,精练 简短 通顺 精 短暂,短暂 精 通顺 简短 精练,简短 精 通顺 短暂 精练,精练 简短 通顺 精 短暂
1344,2,0.5470614456191467,0.24147697753782232,0.0,短期 长期,长期 短期,短期 长期,短期 长期
1345,2,0.6925522988771398,0.5174810949179751,0.0,软 硬,软 硬,硬 软,软 硬
1346,2,0.496287822929081,0.1813861813518141,0.0,硬件 芯片,硬件 芯片,硬件 芯片,硬件 芯片
1347,4,0.4595621582341575,0.14008900640327007,0.0,邮票 集邮 邮政 硬币,邮政 硬币 集邮 邮票,邮政 集邮 邮票 硬币,邮票 集邮 邮政 硬币
1348,3,0.564343618484941,0.2929220168107392,0.0,累积 积累 积,积 积累 累积,积 累积 积累,累积 积累 积
1349,1,,0.0,0.0,稍候,稍候,稍候,稍候
1350,2,0.4954055130681746,0.1511629920585784,0.0,草 稻草,稻草 草,草 稻草,草 稻草
1351,2,0.6182086096429444,0.3648518984166663,0.0,穴位 部位,穴位 部位,部位 穴位,穴位 部位
1352,4,0.37729089510728353,-0.035807105464473084,0.5,空儿 趁着 趁早 闲,趁早 闲 趁着 空儿,空儿 趁早 趁着 闲,空儿 趁着 趁早 闲
1353,5,0.40164432055752763,0.05418585240782888,0.4,空隙 间隔 间隙 隔 空白,空白 隔 间隙 间隔 空隙,间隔 间隙 空白 隔 空隙,空隙 间隔 间隙 隔 空白
1354,2,0.49180750939270956,0.18881005658999905,0.0,突发 突如其来,突如其来 突发,突如其来 突发,突发 突如其来
1355,1,,0.0,0.0,窗口,窗口,窗口,窗口
1356,1,,0.0,0.0,立,立,立,立
1357,2,0.6249341127647359,0.4098986553719107,0.0,节 章,章 节,章 节,节 章
1358,3,0.6188313420292544,0.3977664943810499,0.0,级别 等级 级,级 等级 级别,级 等级 级别,级别 等级 级
1359,2,0.4540279965985816,0.13731708474137,0.0,筑 造,筑 造,筑 造,筑 造
1360,1,,0.0,0.0,筹,筹,筹,筹
1361,1,,0.0,0.0,筹码,筹码,筹码,筹码
1362,2,0.6367788167046373,0.41059167607614844,0.0,精简 简化,精简 简化,简化 精简,精简 简化
1363,6,0.38605772995706905,0.015671411570099738,0.5,精打细算 算账 节俭 算盘 节衣缩食 账,节俭 账 算盘 节衣缩食 算账 精打细算,算账 账 精打细算 算盘 节衣缩食 节俭,精打细算 算账 节俭 算盘 节衣缩食 账
1364,1,,0.0,0.0,管,管,管,管
1365,1,,0.0,0.0,管家,管家,管家,管家
1366,3,0.4253696871331638,0.05131145377310097,0.0,蜜 粉 蜡,蜡 蜜 粉,粉 蜡 蜜,蜜 粉 蜡
1367,1,,0.0,0.0,系,系,系,系
1368,1,,0.0,0.0,素,素,素,素
1369,1,,0.0,0.0,紧凑,紧凑,紧凑,紧凑
1370,3,0.4610373616868801,0.1025490573249851,0.0,脏 臭 累,累 臭 脏,累 臭 脏,脏 臭 累
1371,1,,0.0,0.0,红眼,红眼,红眼,红眼
1372,1,,0.0,0.0,经济,经济,经济,经济
1373,1,,0.0,0.0,结,结,结,结
1374,1,,0.0,0.0,统一,统一,统一,统一
1375,1,,0.0,0.0,网,网,网,网
1376,1,,0.0,0.0,美中不足,美中不足,美中不足,美中不足
1377,2,0.5081048443605982,0.1875031964590373,0.0,翻番 翻,翻 翻番,翻 翻番,翻番 翻
1378,1,,0.0,0.0,者,者,者,者
1379,1,,0.0,0.0,耐,耐,耐,耐
1380,1,,0.0,0.0,联想,联想,联想,联想
1381,1,,0.0,0.0,联邦,联邦,联邦,联邦
1382,1,,0.0,0.0,腔,腔,腔,腔
1383,1,,0.0,0.0,膜,膜,膜,膜
1384,3,0.391851392360327,0.005398809474263441,0.6666666666666666,自理 食宿 自负,自负 食宿 自理,食宿 自负 自理,自理 食宿 自负
1385,1,,0.0,0.0,舱,舱,舱,舱
1386,3,0.3987425981467554,0.05208127197672057,0.6666666666666666,良心 黑心 诚意,诚意 黑心 良心,诚意 良心 黑心,良心 黑心 诚意
1387,1,,0.0,0.0,芦花,芦花,芦花,芦花
1388,1,,0.0,0.0,花样,花样,花样,花样
1389,1,,0.0,0.0,若干,若干,若干,若干
1390,1,,0.0,0.0,荒,荒,荒,荒
1391,1,,0.0,0.0,蒙,蒙,蒙,蒙
1392,1,,0.0,0.0,行,行,行,行
1393,1,,0.0,0.0,衍生,衍生,衍生,衍生
1394,1,,0.0,0.0,见外,见外,见外,见外
1395,1,,0.0,0.0,觉,觉,觉,觉
1396,1,,0.0,0.0,解剖,解剖,解剖,解剖
1397,1,,0.0,0.0,解放,解放,解放,解放
1398,1,,0.0,0.0,解脱,解脱,解脱,解脱
1399,1,,0.0,0.0,警钟,警钟,警钟,警钟
1400,1,,0.0,0.0,计,计,计,计
1401,6,0.5447818340722246,0.24663658658369383,0.0,预订 预定 订购 预约 订 预售,预售 订购 预约 订 预定 预订,订购 订 预约 预售 预定 预订,预订 预定 订购 预约 订 预售
1402,1,,0.0,0.0,认,认,认,认
1403,1,,0.0,0.0,讨,讨,讨,讨
1404,1,,0.0,0.0,记,记,记,记
1405,1,,0.0,0.0,许,许,许,许
1406,1,,0.0,0.0,证,证,证,证
1407,1,,0.0,0.0,评论员,评论员,评论员,评论员
1408,3,0.42471714480975287,0.09214618014470298,0.0,试用 试用期 试,试 试用期 试用,试 试用期 试用,试用 试用期 试
1409,1,,0.0,0.0,说干就干,说干就干,说干就干,说干就干
1410,1,,0.0,0.0,说明书,说明书,说明书,说明书
1411,1,,0.0,0.0,请进,请进,请进,请进
1412,1,,0.0,0.0,豁出去,豁出去,豁出去,豁出去
1413,1,,0.0,0.0,负,负,负,负
1414,1,,0.0,0.0,货,货,货,货
1415,1,,0.0,0.0,赎,赎,赎,赎
1416,2,0.4541743401192193,0.15631555931116378,0.0,鉴赏 赏,鉴赏 赏,鉴赏 赏,鉴赏 赏
1417,5,0.5004954680982057,0.1973669966666375,0.0,车轮 轮胎 轮子 车轴 赛车,赛车 车轴 轮子 轮胎 车轮,轮子 车轮 车轴 轮胎 赛车,车轮 轮胎 轮子 车轴 赛车
1418,2,0.7607448329989656,0.5947251884243958,0.0,输家 赢家,输家 赢家,输家 赢家,输家 赢家
1419,1,,0.0,0.0,起跑线,起跑线,起跑线,起跑线
1420,3,0.4123308072425942,0.05544768872605249,0.3333333333333333,饱 饿 足,饿 足 饱,饱 饿 足,饱 饿 足
1421,1,,0.0,0.0,身价,身价,身价,身价
1422,2,0.6167942770101075,0.40499297873550405,0.0,轻 重,轻 重,重 轻,轻 重
1423,1,,0.0,0.0,辅助,辅助,辅助,辅助
1424,1,,0.0,0.0,辩,辩,辩,辩
1425,4,0.4743004941266502,0.12391135378105311,0.25,这样 那么 那样 这,这 那样 那么 这样,那样 那么 这样 这,这样 那么 那样 这
1426,1,,0.0,0.0,远方,远方,远方,远方
1427,1,,0.0,0.0,追溯,追溯,追溯,追溯
1428,1,,0.0,0.0,透,透,透,透
1429,1,,0.0,0.0,透支,透支,透支,透支
1430,1,,0.0,0.0,通,通,通,通
1431,1,,0.0,0.0,通俗,通俗,通俗,通俗
1432,1,,0.0,0.0,通用,通用,通用,通用
1433,1,,0.0,0.0,逞强,逞强,逞强,逞强
1434,1,,0.0,0.0,部署,部署,部署,部署
1435,1,,0.0,0.0,酒鬼,酒鬼,酒鬼,酒鬼
1436,1,,0.0,0.0,释放,释放,释放,释放
1437,1,,0.0,0.0,重复,重复,重复,重复
1438,1,,0.0,0.0,金字塔,金字塔,金字塔,金字塔
1439,2,0.461841392443487,0.11007293207655135,0.0,锁 锁定,锁 锁定,锁定 锁,锁 锁定
1440,1,,0.0,0.0,长城,长城,长城,长城
1441,1,,0.0,0.0,长征,长征,长征,长征
1442,1,,0.0,0.0,门当户对,门当户对,门当户对,门当户对
1443,2,0.4684035773388766,0.16801950152391232,0.0,闪 闪电,闪 闪电,闪电 闪,闪 闪电
1444,1,,0.0,0.0,闯,闯,闯,闯
1445,3,0.44589668615200523,0.13967235285802895,0.0,阵容 队形 阵,阵容 队形 阵,阵 队形 阵容,阵容 队形 阵
1446,2,0.8785785645119271,0.7878342293822266,0.0,阴性 阳性,阴性 阳性,阳性 阴性,阴性 阳性
1447,1,,0.0,0.0,阴,阴,阴,阴
1448,4,0.47657373761615585,0.1316958116558705,0.25,附加 附带 额外 附,附 额外 附加 附带,额外 附加 附带 附,附加 附带 额外 附
1449,1,,0.0,0.0,附属,附属,附属,附属
1450,1,,0.0,0.0,院,院,院,院
1451,1,,0.0,0.0,随机,随机,随机,随机
1452,2,0.593295147337237,0.3727131194166959,0.0,隐形 隐性,隐性 隐形,隐性 隐形,隐形 隐性
1453,1,,0.0,0.0,集,集,集,集
1454,1,,0.0,0.0,集体,集体,集体,集体
1455,1,,0.0,0.0,零,零,零,零
1456,1,,0.0,0.0,露天,露天,露天,露天
1457,1,,0.0,0.0,顶,顶,顶,顶
1458,1,,0.0,0.0,领,领,领,领
1459,2,0.4760640561532846,0.13152854637631314,0.0,风 风力,风力 风,风力 风,风 风力
1460,1,,0.0,0.0,风云,风云,风云,风云
1461,1,,0.0,0.0,飞跃,飞跃,飞跃,飞跃
1462,1,,0.0,0.0,饭碗,饭碗,饭碗,饭碗
1463,1,,0.0,0.0,饱和,饱和,饱和,饱和
1464,1,,0.0,0.0,马后炮,马后炮,马后炮,马后炮
1465,1,,0.0,0.0,齐,齐,齐,齐
1466,1,,0.0,0.0,龙,龙,龙,龙
